client_ts,market_ticker,seq,price,delta,side,msg_type
1753279026811,KXMLBGAME-25JUL23ATHTEX-ATH,1,1,1000,yes,snapshot
1753279026811,KXMLBGAME-25JUL23ATHTEX-ATH,1,2,300,yes,snapshot
1753279026811,KXMLBGAME-25JUL23ATHTEX-ATH,1,4,200,yes,snapshot
1753279026811,KXMLBGAME-25JUL23ATHTEX-ATH,1,5,100,yes,snapshot
1753279026811,KXMLBGAME-25JUL23ATHTEX-ATH,1,7,100,yes,snapshot
1753279026811,KXMLBGAME-25JUL23ATHTEX-ATH,1,11,2700,yes,snapshot
1753279026811,KXMLBGAME-25JUL23ATHTEX-ATH,1,13,300,yes,snapshot
1753279026811,KXMLBGAME-25JUL23ATHTEX-ATH,1,14,100,yes,snapshot
1753279026811,KXMLBGAME-25JUL23ATHTEX-ATH,1,17,100,yes,snapshot
1753279026811,KXMLBGAME-25JUL23ATHTEX-ATH,1,18,229,yes,snapshot
1753279026811,KXMLBGAME-25JUL23ATHTEX-ATH,1,19,40000,yes,snapshot
1753279026811,KXMLBGAME-25JUL23ATHTEX-ATH,1,39,1500,yes,snapshot
1753279026811,KXMLBGAME-25JUL23ATHTEX-ATH,1,40,1812,yes,snapshot
1753279026811,KXMLBGAME-25JUL23ATHTEX-ATH,1,41,17500,yes,snapshot
1753279026811,KXMLBGAME-25JUL23ATHTEX-ATH,1,42,10649,yes,snapshot
1753279026811,KXMLBGAME-25JUL23ATHTEX-ATH,1,43,6891,yes,snapshot
1753279026811,KXMLBGAME-25JUL23ATHTEX-ATH,1,44,3500,yes,snapshot
1753279026811,KXMLBGAME-25JUL23ATHTEX-ATH,1,1,5000,no,snapshot
1753279026811,KXMLBGAME-25JUL23ATHTEX-ATH,1,2,300,no,snapshot
1753279026811,KXMLBGAME-25JUL23ATHTEX-ATH,1,4,200,no,snapshot
1753279026811,KXMLBGAME-25JUL23ATHTEX-ATH,1,11,2700,no,snapshot
1753279026811,KXMLBGAME-25JUL23ATHTEX-ATH,1,16,100,no,snapshot
1753279026811,KXMLBGAME-25JUL23ATHTEX-ATH,1,20,100,no,snapshot
1753279026811,KXMLBGAME-25JUL23ATHTEX-ATH,1,23,300,no,snapshot
1753279026811,KXMLBGAME-25JUL23ATHTEX-ATH,1,24,212,no,snapshot
1753279026811,KXMLBGAME-25JUL23ATHTEX-ATH,1,25,100,no,snapshot
1753279026811,KXMLBGAME-25JUL23ATHTEX-ATH,1,27,100,no,snapshot
1753279026811,KXMLBGAME-25JUL23ATHTEX-ATH,1,28,40000,no,snapshot
1753279026811,KXMLBGAME-25JUL23ATHTEX-ATH,1,35,54,no,snapshot
1753279026811,KXMLBGAME-25JUL23ATHTEX-ATH,1,51,1525,no,snapshot
1753279026811,KXMLBGAME-25JUL23ATHTEX-ATH,1,52,2765,no,snapshot
1753279026811,KXMLBGAME-25JUL23ATHTEX-ATH,1,53,7525,no,snapshot
1753279026811,KXMLBGAME-25JUL23ATHTEX-ATH,1,54,19641,no,snapshot
1753279026811,KXMLBGAME-25JUL23ATHTEX-ATH,1,55,10997,no,snapshot
1753279026811,KXMLBGAME-25JUL23ATHTEX-TEX,2,1,1000,yes,snapshot
1753279026811,KXMLBGAME-25JUL23ATHTEX-TEX,2,2,300,yes,snapshot
1753279026811,KXMLBGAME-25JUL23ATHTEX-TEX,2,4,200,yes,snapshot
1753279026811,KXMLBGAME-25JUL23ATHTEX-TEX,2,5,100,yes,snapshot
1753279026811,KXMLBGAME-25JUL23ATHTEX-TEX,2,7,100,yes,snapshot
1753279026811,KXMLBGAME-25JUL23ATHTEX-TEX,2,11,2700,yes,snapshot
1753279026811,KXMLBGAME-25JUL23ATHTEX-TEX,2,13,300,yes,snapshot
1753279026811,KXMLBGAME-25JUL23ATHTEX-TEX,2,14,100,yes,snapshot
1753279026811,KXMLBGAME-25JUL23ATHTEX-TEX,2,17,100,yes,snapshot
1753279026811,KXMLBGAME-25JUL23ATHTEX-TEX,2,22,229,yes,snapshot
1753279026811,KXMLBGAME-25JUL23ATHTEX-TEX,2,23,40000,yes,snapshot
1753279026811,KXMLBGAME-25JUL23ATHTEX-TEX,2,51,1500,yes,snapshot
1753279026811,KXMLBGAME-25JUL23ATHTEX-TEX,2,52,2740,yes,snapshot
1753279026811,KXMLBGAME-25JUL23ATHTEX-TEX,2,53,7500,yes,snapshot
1753279026811,KXMLBGAME-25JUL23ATHTEX-TEX,2,54,19616,yes,snapshot
1753279026811,KXMLBGAME-25JUL23ATHTEX-TEX,2,55,2607,yes,snapshot
1753279026811,KXMLBGAME-25JUL23ATHTEX-TEX,2,56,3000,yes,snapshot
1753279026811,KXMLBGAME-25JUL23ATHTEX-TEX,2,1,5000,no,snapshot
1753279026811,KXMLBGAME-25JUL23ATHTEX-TEX,2,2,300,no,snapshot
1753279026811,KXMLBGAME-25JUL23ATHTEX-TEX,2,4,200,no,snapshot
1753279026811,KXMLBGAME-25JUL23ATHTEX-TEX,2,11,2700,no,snapshot
1753279026811,KXMLBGAME-25JUL23ATHTEX-TEX,2,16,100,no,snapshot
1753279026811,KXMLBGAME-25JUL23ATHTEX-TEX,2,17,240,no,snapshot
1753279026811,KXMLBGAME-25JUL23ATHTEX-TEX,2,20,100,no,snapshot
1753279026811,KXMLBGAME-25JUL23ATHTEX-TEX,2,21,10000,no,snapshot
1753279026811,KXMLBGAME-25JUL23ATHTEX-TEX,2,23,300,no,snapshot
1753279026811,KXMLBGAME-25JUL23ATHTEX-TEX,2,25,100,no,snapshot
1753279026811,KXMLBGAME-25JUL23ATHTEX-TEX,2,27,100,no,snapshot
1753279026811,KXMLBGAME-25JUL23ATHTEX-TEX,2,28,30000,no,snapshot
1753279026811,KXMLBGAME-25JUL23ATHTEX-TEX,2,35,54,no,snapshot
1753279026811,KXMLBGAME-25JUL23ATHTEX-TEX,2,39,1500,no,snapshot
1753279026811,KXMLBGAME-25JUL23ATHTEX-TEX,2,40,1812,no,snapshot
1753279026811,KXMLBGAME-25JUL23ATHTEX-TEX,2,41,17500,no,snapshot
1753279026811,KXMLBGAME-25JUL23ATHTEX-TEX,2,42,10649,no,snapshot
1753279026811,KXMLBGAME-25JUL23ATHTEX-TEX,2,43,12122,no,snapshot
1753279026811,KXMLBGAME-25JUL23BALCLE-BAL,3,1,1000,yes,snapshot
1753279026811,KXMLBGAME-25JUL23BALCLE-BAL,3,2,300,yes,snapshot
1753279026811,KXMLBGAME-25JUL23BALCLE-BAL,3,4,200,yes,snapshot
1753279026811,KXMLBGAME-25JUL23BALCLE-BAL,3,5,100,yes,snapshot
1753279026811,KXMLBGAME-25JUL23BALCLE-BAL,3,7,100,yes,snapshot
1753279026811,KXMLBGAME-25JUL23BALCLE-BAL,3,11,2700,yes,snapshot
1753279026811,KXMLBGAME-25JUL23BALCLE-BAL,3,13,300,yes,snapshot
1753279026811,KXMLBGAME-25JUL23BALCLE-BAL,3,14,100,yes,snapshot
1753279026811,KXMLBGAME-25JUL23BALCLE-BAL,3,17,100,yes,snapshot
1753279026811,KXMLBGAME-25JUL23BALCLE-BAL,3,20,200,yes,snapshot
1753279026811,KXMLBGAME-25JUL23BALCLE-BAL,3,21,40000,yes,snapshot
1753279026811,KXMLBGAME-25JUL23BALCLE-BAL,3,41,1500,yes,snapshot
1753279026811,KXMLBGAME-25JUL23BALCLE-BAL,3,42,2798,yes,snapshot
1753279026811,KXMLBGAME-25JUL23BALCLE-BAL,3,43,7500,yes,snapshot
1753279026811,KXMLBGAME-25JUL23BALCLE-BAL,3,44,20142,yes,snapshot
1753279026811,KXMLBGAME-25JUL23BALCLE-BAL,3,45,6072,yes,snapshot
1753279026811,KXMLBGAME-25JUL23BALCLE-BAL,3,1,5000,no,snapshot
1753279026811,KXMLBGAME-25JUL23BALCLE-BAL,3,2,300,no,snapshot
1753279026811,KXMLBGAME-25JUL23BALCLE-BAL,3,4,200,no,snapshot
1753279026811,KXMLBGAME-25JUL23BALCLE-BAL,3,11,2700,no,snapshot
1753279026811,KXMLBGAME-25JUL23BALCLE-BAL,3,16,100,no,snapshot
1753279026811,KXMLBGAME-25JUL23BALCLE-BAL,3,20,100,no,snapshot
1753279026811,KXMLBGAME-25JUL23BALCLE-BAL,3,23,300,no,snapshot
1753279026811,KXMLBGAME-25JUL23BALCLE-BAL,3,25,303,no,snapshot
1753279026811,KXMLBGAME-25JUL23BALCLE-BAL,3,27,100,no,snapshot
1753279026811,KXMLBGAME-25JUL23BALCLE-BAL,3,28,40000,no,snapshot
1753279026811,KXMLBGAME-25JUL23BALCLE-BAL,3,35,54,no,snapshot
1753279026811,KXMLBGAME-25JUL23BALCLE-BAL,3,49,1500,no,snapshot
1753279026811,KXMLBGAME-25JUL23BALCLE-BAL,3,50,1750,no,snapshot
1753279026811,KXMLBGAME-25JUL23BALCLE-BAL,3,51,17500,no,snapshot
1753279026811,KXMLBGAME-25JUL23BALCLE-BAL,3,52,7620,no,snapshot
1753279026811,KXMLBGAME-25JUL23BALCLE-BAL,3,53,13704,no,snapshot
1753279026811,KXMLBGAME-25JUL23BALCLE-CLE,4,1,10000,yes,snapshot
1753279026811,KXMLBGAME-25JUL23BALCLE-CLE,4,2,3300,yes,snapshot
1753279026811,KXMLBGAME-25JUL23BALCLE-CLE,4,3,700,yes,snapshot
1753279026811,KXMLBGAME-25JUL23BALCLE-CLE,4,4,200,yes,snapshot
1753279026811,KXMLBGAME-25JUL23BALCLE-CLE,4,5,100,yes,snapshot
1753279026811,KXMLBGAME-25JUL23BALCLE-CLE,4,7,100,yes,snapshot
1753279026811,KXMLBGAME-25JUL23BALCLE-CLE,4,11,2700,yes,snapshot
1753279026811,KXMLBGAME-25JUL23BALCLE-CLE,4,14,100,yes,snapshot
1753279026811,KXMLBGAME-25JUL23BALCLE-CLE,4,17,100,yes,snapshot
1753279026811,KXMLBGAME-25JUL23BALCLE-CLE,4,18,300,yes,snapshot
1753279026811,KXMLBGAME-25JUL23BALCLE-CLE,4,22,236,yes,snapshot
1753279026811,KXMLBGAME-25JUL23BALCLE-CLE,4,23,10000,yes,snapshot
1753279026811,KXMLBGAME-25JUL23BALCLE-CLE,4,34,318,yes,snapshot
1753279026811,KXMLBGAME-25JUL23BALCLE-CLE,4,35,310,yes,snapshot
1753279026811,KXMLBGAME-25JUL23BALCLE-CLE,4,36,293,yes,snapshot
1753279026811,KXMLBGAME-25JUL23BALCLE-CLE,4,37,109,yes,snapshot
1753279026811,KXMLBGAME-25JUL23BALCLE-CLE,4,38,30084,yes,snapshot
1753279026811,KXMLBGAME-25JUL23BALCLE-CLE,4,39,76,yes,snapshot
1753279026811,KXMLBGAME-25JUL23BALCLE-CLE,4,40,67,yes,snapshot
1753279026811,KXMLBGAME-25JUL23BALCLE-CLE,4,41,42,yes,snapshot
1753279026811,KXMLBGAME-25JUL23BALCLE-CLE,4,49,1500,yes,snapshot
1753279026811,KXMLBGAME-25JUL23BALCLE-CLE,4,50,1750,yes,snapshot
1753279026811,KXMLBGAME-25JUL23BALCLE-CLE,4,51,18437,yes,snapshot
1753279026811,KXMLBGAME-25JUL23BALCLE-CLE,4,52,9457,yes,snapshot
1753279026811,KXMLBGAME-25JUL23BALCLE-CLE,4,53,8927,yes,snapshot
1753279026811,KXMLBGAME-25JUL23BALCLE-CLE,4,1,14000,no,snapshot
1753279026811,KXMLBGAME-25JUL23BALCLE-CLE,4,2,3300,no,snapshot
1753279026811,KXMLBGAME-25JUL23BALCLE-CLE,4,3,700,no,snapshot
1753279026811,KXMLBGAME-25JUL23BALCLE-CLE,4,4,200,no,snapshot
1753279026811,KXMLBGAME-25JUL23BALCLE-CLE,4,11,2700,no,snapshot
1753279026811,KXMLBGAME-25JUL23BALCLE-CLE,4,16,100,no,snapshot
1753279026811,KXMLBGAME-25JUL23BALCLE-CLE,4,18,222,no,snapshot
1753279026811,KXMLBGAME-25JUL23BALCLE-CLE,4,20,100,no,snapshot
1753279026811,KXMLBGAME-25JUL23BALCLE-CLE,4,23,300,no,snapshot
1753279026811,KXMLBGAME-25JUL23BALCLE-CLE,4,25,100,no,snapshot
1753279026811,KXMLBGAME-25JUL23BALCLE-CLE,4,26,10000,no,snapshot
1753279026811,KXMLBGAME-25JUL23BALCLE-CLE,4,27,418,no,snapshot
1753279026811,KXMLBGAME-25JUL23BALCLE-CLE,4,28,310,no,snapshot
1753279026811,KXMLBGAME-25JUL23BALCLE-CLE,4,29,293,no,snapshot
1753279026811,KXMLBGAME-25JUL23BALCLE-CLE,4,30,109,no,snapshot
1753279026811,KXMLBGAME-25JUL23BALCLE-CLE,4,31,30084,no,snapshot
1753279026811,KXMLBGAME-25JUL23BALCLE-CLE,4,32,76,no,snapshot
1753279026811,KXMLBGAME-25JUL23BALCLE-CLE,4,33,67,no,snapshot
1753279026811,KXMLBGAME-25JUL23BALCLE-CLE,4,34,42,no,snapshot
1753279026811,KXMLBGAME-25JUL23BALCLE-CLE,4,35,54,no,snapshot
1753279026811,KXMLBGAME-25JUL23BALCLE-CLE,4,41,1605,no,snapshot
1753279026811,KXMLBGAME-25JUL23BALCLE-CLE,4,42,2903,no,snapshot
1753279026811,KXMLBGAME-25JUL23BALCLE-CLE,4,43,8408,no,snapshot
1753279026811,KXMLBGAME-25JUL23BALCLE-CLE,4,44,21817,no,snapshot
1753279026811,KXMLBGAME-25JUL23BALCLE-CLE,4,45,7374,no,snapshot
1753279026811,KXMLBGAME-25JUL23BALCLE-CLE,4,46,440,no,snapshot
1753279026812,KXMLBGAME-25JUL23BOSPHI-BOS,5,1,10000,yes,snapshot
1753279026812,KXMLBGAME-25JUL23BOSPHI-BOS,5,2,3300,yes,snapshot
1753279026812,KXMLBGAME-25JUL23BOSPHI-BOS,5,3,700,yes,snapshot
1753279026812,KXMLBGAME-25JUL23BOSPHI-BOS,5,4,200,yes,snapshot
1753279026812,KXMLBGAME-25JUL23BOSPHI-BOS,5,5,100,yes,snapshot
1753279026812,KXMLBGAME-25JUL23BOSPHI-BOS,5,7,100,yes,snapshot
1753279026812,KXMLBGAME-25JUL23BOSPHI-BOS,5,11,2700,yes,snapshot
1753279026812,KXMLBGAME-25JUL23BOSPHI-BOS,5,14,400,yes,snapshot
1753279026812,KXMLBGAME-25JUL23BOSPHI-BOS,5,17,100,yes,snapshot
1753279026812,KXMLBGAME-25JUL23BOSPHI-BOS,5,19,211,yes,snapshot
1753279026812,KXMLBGAME-25JUL23BOSPHI-BOS,5,21,10283,yes,snapshot
1753279026812,KXMLBGAME-25JUL23BOSPHI-BOS,5,22,283,yes,snapshot
1753279026812,KXMLBGAME-25JUL23BOSPHI-BOS,5,23,213,yes,snapshot
1753279026812,KXMLBGAME-25JUL23BOSPHI-BOS,5,24,180,yes,snapshot
1753279026812,KXMLBGAME-25JUL23BOSPHI-BOS,5,25,149,yes,snapshot
1753279026812,KXMLBGAME-25JUL23BOSPHI-BOS,5,26,125,yes,snapshot
1753279026812,KXMLBGAME-25JUL23BOSPHI-BOS,5,27,30052,yes,snapshot
1753279026812,KXMLBGAME-25JUL23BOSPHI-BOS,5,37,1500,yes,snapshot
1753279026812,KXMLBGAME-25JUL23BOSPHI-BOS,5,38,1829,yes,snapshot
1753279026812,KXMLBGAME-25JUL23BOSPHI-BOS,5,39,17500,yes,snapshot
1753279026812,KXMLBGAME-25JUL23BOSPHI-BOS,5,40,10656,yes,snapshot
1753279026812,KXMLBGAME-25JUL23BOSPHI-BOS,5,41,7646,yes,snapshot
1753279026812,KXMLBGAME-25JUL23BOSPHI-BOS,5,1,10000,no,snapshot
1753279026812,KXMLBGAME-25JUL23BOSPHI-BOS,5,2,3300,no,snapshot
1753279026812,KXMLBGAME-25JUL23BOSPHI-BOS,5,3,2033,no,snapshot
1753279026812,KXMLBGAME-25JUL23BOSPHI-BOS,5,4,200,no,snapshot
1753279026812,KXMLBGAME-25JUL23BOSPHI-BOS,5,10,55,no,snapshot
1753279026812,KXMLBGAME-25JUL23BOSPHI-BOS,5,11,2700,no,snapshot
1753279026812,KXMLBGAME-25JUL23BOSPHI-BOS,5,16,100,no,snapshot
1753279026812,KXMLBGAME-25JUL23BOSPHI-BOS,5,20,100,no,snapshot
1753279026812,KXMLBGAME-25JUL23BOSPHI-BOS,5,23,300,no,snapshot
1753279026812,KXMLBGAME-25JUL23BOSPHI-BOS,5,24,211,no,snapshot
1753279026812,KXMLBGAME-25JUL23BOSPHI-BOS,5,25,100,no,snapshot
1753279026812,KXMLBGAME-25JUL23BOSPHI-BOS,5,27,100,no,snapshot
1753279026812,KXMLBGAME-25JUL23BOSPHI-BOS,5,28,10000,no,snapshot
1753279026812,KXMLBGAME-25JUL23BOSPHI-BOS,5,35,54,no,snapshot
1753279026812,KXMLBGAME-25JUL23BOSPHI-BOS,5,39,283,no,snapshot
1753279026812,KXMLBGAME-25JUL23BOSPHI-BOS,5,40,283,no,snapshot
1753279026812,KXMLBGAME-25JUL23BOSPHI-BOS,5,41,213,no,snapshot
1753279026812,KXMLBGAME-25JUL23BOSPHI-BOS,5,42,180,no,snapshot
1753279026812,KXMLBGAME-25JUL23BOSPHI-BOS,5,43,149,no,snapshot
1753279026812,KXMLBGAME-25JUL23BOSPHI-BOS,5,44,125,no,snapshot
1753279026812,KXMLBGAME-25JUL23BOSPHI-BOS,5,45,30052,no,snapshot
1753279026812,KXMLBGAME-25JUL23BOSPHI-BOS,5,53,1653,no,snapshot
1753279026812,KXMLBGAME-25JUL23BOSPHI-BOS,5,54,2884,no,snapshot
1753279026812,KXMLBGAME-25JUL23BOSPHI-BOS,5,55,7653,no,snapshot
1753279026812,KXMLBGAME-25JUL23BOSPHI-BOS,5,56,19765,no,snapshot
1753279026812,KXMLBGAME-25JUL23BOSPHI-BOS,5,57,7259,no,snapshot
1753279026812,KXMLBGAME-25JUL23BOSPHI-BOS,5,58,3000,no,snapshot
1753279026812,KXMLBGAME-25JUL23BOSPHI-PHI,6,1,10000,yes,snapshot
1753279026812,KXMLBGAME-25JUL23BOSPHI-PHI,6,2,3300,yes,snapshot
1753279026812,KXMLBGAME-25JUL23BOSPHI-PHI,6,3,700,yes,snapshot
1753279026812,KXMLBGAME-25JUL23BOSPHI-PHI,6,4,200,yes,snapshot
1753279026812,KXMLBGAME-25JUL23BOSPHI-PHI,6,5,100,yes,snapshot
1753279026812,KXMLBGAME-25JUL23BOSPHI-PHI,6,7,100,yes,snapshot
1753279026812,KXMLBGAME-25JUL23BOSPHI-PHI,6,11,2700,yes,snapshot
1753279026812,KXMLBGAME-25JUL23BOSPHI-PHI,6,14,100,yes,snapshot
1753279026812,KXMLBGAME-25JUL23BOSPHI-PHI,6,16,300,yes,snapshot
1753279026812,KXMLBGAME-25JUL23BOSPHI-PHI,6,17,100,yes,snapshot
1753279026812,KXMLBGAME-25JUL23BOSPHI-PHI,6,22,229,yes,snapshot
1753279026812,KXMLBGAME-25JUL23BOSPHI-PHI,6,23,10000,yes,snapshot
1753279026812,KXMLBGAME-25JUL23BOSPHI-PHI,6,39,309,yes,snapshot
1753279026812,KXMLBGAME-25JUL23BOSPHI-PHI,6,40,255,yes,snapshot
1753279026812,KXMLBGAME-25JUL23BOSPHI-PHI,6,41,199,yes,snapshot
1753279026812,KXMLBGAME-25JUL23BOSPHI-PHI,6,42,199,yes,snapshot
1753279026812,KXMLBGAME-25JUL23BOSPHI-PHI,6,43,121,yes,snapshot
1753279026812,KXMLBGAME-25JUL23BOSPHI-PHI,6,44,117,yes,snapshot
1753279026812,KXMLBGAME-25JUL23BOSPHI-PHI,6,45,30054,yes,snapshot
1753279026812,KXMLBGAME-25JUL23BOSPHI-PHI,6,46,47,yes,snapshot
1753279026812,KXMLBGAME-25JUL23BOSPHI-PHI,6,54,2731,yes,snapshot
1753279026812,KXMLBGAME-25JUL23BOSPHI-PHI,6,55,8627,yes,snapshot
1753279026812,KXMLBGAME-25JUL23BOSPHI-PHI,6,56,21400,yes,snapshot
1753279026812,KXMLBGAME-25JUL23BOSPHI-PHI,6,57,2526,yes,snapshot
1753279026812,KXMLBGAME-25JUL23BOSPHI-PHI,6,58,3826,yes,snapshot
1753279026812,KXMLBGAME-25JUL23BOSPHI-PHI,6,1,10000,no,snapshot
1753279026812,KXMLBGAME-25JUL23BOSPHI-PHI,6,2,3300,no,snapshot
1753279026812,KXMLBGAME-25JUL23BOSPHI-PHI,6,3,700,no,snapshot
1753279026812,KXMLBGAME-25JUL23BOSPHI-PHI,6,4,200,no,snapshot
1753279026812,KXMLBGAME-25JUL23BOSPHI-PHI,6,11,2700,no,snapshot
1753279026812,KXMLBGAME-25JUL23BOSPHI-PHI,6,16,100,no,snapshot
1753279026812,KXMLBGAME-25JUL23BOSPHI-PHI,6,17,237,no,snapshot
1753279026812,KXMLBGAME-25JUL23BOSPHI-PHI,6,20,100,no,snapshot
1753279026812,KXMLBGAME-25JUL23BOSPHI-PHI,6,21,10300,no,snapshot
1753279026812,KXMLBGAME-25JUL23BOSPHI-PHI,6,22,309,no,snapshot
1753279026812,KXMLBGAME-25JUL23BOSPHI-PHI,6,23,255,no,snapshot
1753279026812,KXMLBGAME-25JUL23BOSPHI-PHI,6,24,199,no,snapshot
1753279026812,KXMLBGAME-25JUL23BOSPHI-PHI,6,25,299,no,snapshot
1753279026812,KXMLBGAME-25JUL23BOSPHI-PHI,6,26,117,no,snapshot
1753279026812,KXMLBGAME-25JUL23BOSPHI-PHI,6,27,217,no,snapshot
1753279026812,KXMLBGAME-25JUL23BOSPHI-PHI,6,28,30047,no,snapshot
1753279026812,KXMLBGAME-25JUL23BOSPHI-PHI,6,29,47,no,snapshot
1753279026812,KXMLBGAME-25JUL23BOSPHI-PHI,6,35,54,no,snapshot
1753279026812,KXMLBGAME-25JUL23BOSPHI-PHI,6,37,1500,no,snapshot
1753279026812,KXMLBGAME-25JUL23BOSPHI-PHI,6,38,1829,no,snapshot
1753279026812,KXMLBGAME-25JUL23BOSPHI-PHI,6,39,18256,no,snapshot
1753279026812,KXMLBGAME-25JUL23BOSPHI-PHI,6,40,12630,no,snapshot
1753279026812,KXMLBGAME-25JUL23BOSPHI-PHI,6,41,12960,no,snapshot
1753279026812,KXMLBGAME-25JUL23CINWSH-CIN,7,1,1000,yes,snapshot
1753279026812,KXMLBGAME-25JUL23CINWSH-CIN,7,2,300,yes,snapshot
1753279026812,KXMLBGAME-25JUL23CINWSH-CIN,7,4,200,yes,snapshot
1753279026812,KXMLBGAME-25JUL23CINWSH-CIN,7,5,100,yes,snapshot
1753279026812,KXMLBGAME-25JUL23CINWSH-CIN,7,7,100,yes,snapshot
1753279026812,KXMLBGAME-25JUL23CINWSH-CIN,7,11,2700,yes,snapshot
1753279026812,KXMLBGAME-25JUL23CINWSH-CIN,7,13,300,yes,snapshot
1753279026812,KXMLBGAME-25JUL23CINWSH-CIN,7,14,100,yes,snapshot
1753279026812,KXMLBGAME-25JUL23CINWSH-CIN,7,17,100,yes,snapshot
1753279026812,KXMLBGAME-25JUL23CINWSH-CIN,7,22,231,yes,snapshot
1753279026812,KXMLBGAME-25JUL23CINWSH-CIN,7,23,40000,yes,snapshot
1753279026812,KXMLBGAME-25JUL23CINWSH-CIN,7,49,1500,yes,snapshot
1753279026812,KXMLBGAME-25JUL23CINWSH-CIN,7,50,8334,yes,snapshot
1753279026812,KXMLBGAME-25JUL23CINWSH-CIN,7,51,17500,yes,snapshot
1753279026812,KXMLBGAME-25JUL23CINWSH-CIN,7,52,12634,yes,snapshot
1753279026812,KXMLBGAME-25JUL23CINWSH-CIN,7,53,5551,yes,snapshot
1753279026812,KXMLBGAME-25JUL23CINWSH-CIN,7,1,1000,no,snapshot
1753279026812,KXMLBGAME-25JUL23CINWSH-CIN,7,2,300,no,snapshot
1753279026812,KXMLBGAME-25JUL23CINWSH-CIN,7,4,200,no,snapshot
1753279026812,KXMLBGAME-25JUL23CINWSH-CIN,7,11,2700,no,snapshot
1753279026812,KXMLBGAME-25JUL23CINWSH-CIN,7,12,333,no,snapshot
1753279026812,KXMLBGAME-25JUL23CINWSH-CIN,7,16,100,no,snapshot
1753279026812,KXMLBGAME-25JUL23CINWSH-CIN,7,17,239,no,snapshot
1753279026812,KXMLBGAME-25JUL23CINWSH-CIN,7,20,100,no,snapshot
1753279026812,KXMLBGAME-25JUL23CINWSH-CIN,7,23,300,no,snapshot
1753279026812,KXMLBGAME-25JUL23CINWSH-CIN,7,25,100,no,snapshot
1753279026812,KXMLBGAME-25JUL23CINWSH-CIN,7,26,10000,no,snapshot
1753279026812,KXMLBGAME-25JUL23CINWSH-CIN,7,27,100,no,snapshot
1753279026812,KXMLBGAME-25JUL23CINWSH-CIN,7,28,30000,no,snapshot
1753279026812,KXMLBGAME-25JUL23CINWSH-CIN,7,35,54,no,snapshot
1753279026812,KXMLBGAME-25JUL23CINWSH-CIN,7,41,1500,no,snapshot
1753279026812,KXMLBGAME-25JUL23CINWSH-CIN,7,42,1500,no,snapshot
1753279026812,KXMLBGAME-25JUL23CINWSH-CIN,7,43,13469,no,snapshot
1753279026812,KXMLBGAME-25JUL23CINWSH-CIN,7,44,8000,no,snapshot
1753279026812,KXMLBGAME-25JUL23CINWSH-CIN,7,45,25113,no,snapshot
1753279026812,KXMLBGAME-25JUL23CINWSH-CIN,7,46,1822,no,snapshot
1753279026812,KXMLBGAME-25JUL23CINWSH-WSH,8,1,1000,yes,snapshot
1753279026812,KXMLBGAME-25JUL23CINWSH-WSH,8,2,300,yes,snapshot
1753279026812,KXMLBGAME-25JUL23CINWSH-WSH,8,4,200,yes,snapshot
1753279026812,KXMLBGAME-25JUL23CINWSH-WSH,8,5,100,yes,snapshot
1753279026812,KXMLBGAME-25JUL23CINWSH-WSH,8,7,100,yes,snapshot
1753279026812,KXMLBGAME-25JUL23CINWSH-WSH,8,11,2700,yes,snapshot
1753279026812,KXMLBGAME-25JUL23CINWSH-WSH,8,13,300,yes,snapshot
1753279026812,KXMLBGAME-25JUL23CINWSH-WSH,8,14,100,yes,snapshot
1753279026812,KXMLBGAME-25JUL23CINWSH-WSH,8,17,100,yes,snapshot
1753279026812,KXMLBGAME-25JUL23CINWSH-WSH,8,18,228,yes,snapshot
1753279026812,KXMLBGAME-25JUL23CINWSH-WSH,8,19,40000,yes,snapshot
1753279026812,KXMLBGAME-25JUL23CINWSH-WSH,8,41,1500,yes,snapshot
1753279026812,KXMLBGAME-25JUL23CINWSH-WSH,8,42,1500,yes,snapshot
1753279026812,KXMLBGAME-25JUL23CINWSH-WSH,8,43,20469,yes,snapshot
1753279026812,KXMLBGAME-25JUL23CINWSH-WSH,8,44,9070,yes,snapshot
1753279026812,KXMLBGAME-25JUL23CINWSH-WSH,8,45,17683,yes,snapshot
1753279026812,KXMLBGAME-25JUL23CINWSH-WSH,8,1,5000,no,snapshot
1753279026812,KXMLBGAME-25JUL23CINWSH-WSH,8,2,400,no,snapshot
1753279026812,KXMLBGAME-25JUL23CINWSH-WSH,8,4,200,no,snapshot
1753279026812,KXMLBGAME-25JUL23CINWSH-WSH,8,11,2700,no,snapshot
1753279026812,KXMLBGAME-25JUL23CINWSH-WSH,8,16,100,no,snapshot
1753279026812,KXMLBGAME-25JUL23CINWSH-WSH,8,20,100,no,snapshot
1753279026812,KXMLBGAME-25JUL23CINWSH-WSH,8,23,300,no,snapshot
1753279026812,KXMLBGAME-25JUL23CINWSH-WSH,8,24,209,no,snapshot
1753279026812,KXMLBGAME-25JUL23CINWSH-WSH,8,25,100,no,snapshot
1753279026812,KXMLBGAME-25JUL23CINWSH-WSH,8,27,100,no,snapshot
1753279026812,KXMLBGAME-25JUL23CINWSH-WSH,8,28,40000,no,snapshot
1753279026812,KXMLBGAME-25JUL23CINWSH-WSH,8,35,54,no,snapshot
1753279026812,KXMLBGAME-25JUL23CINWSH-WSH,8,49,2408,no,snapshot
1753279026812,KXMLBGAME-25JUL23CINWSH-WSH,8,50,4242,no,snapshot
1753279026812,KXMLBGAME-25JUL23CINWSH-WSH,8,51,18859,no,snapshot
1753279026812,KXMLBGAME-25JUL23CINWSH-WSH,8,52,20203,no,snapshot
1753279026812,KXMLBGAME-25JUL23CINWSH-WSH,8,53,5401,no,snapshot
1753279026812,KXMLBGAME-25JUL23CWSTB-CWS,9,1,10000,yes,snapshot
1753279026812,KXMLBGAME-25JUL23CWSTB-CWS,9,2,3300,yes,snapshot
1753279026812,KXMLBGAME-25JUL23CWSTB-CWS,9,3,700,yes,snapshot
1753279026812,KXMLBGAME-25JUL23CWSTB-CWS,9,4,200,yes,snapshot
1753279026812,KXMLBGAME-25JUL23CWSTB-CWS,9,5,100,yes,snapshot
1753279026812,KXMLBGAME-25JUL23CWSTB-CWS,9,7,100,yes,snapshot
1753279026812,KXMLBGAME-25JUL23CWSTB-CWS,9,9,227,yes,snapshot
1753279026812,KXMLBGAME-25JUL23CWSTB-CWS,9,11,2700,yes,snapshot
1753279026812,KXMLBGAME-25JUL23CWSTB-CWS,9,13,300,yes,snapshot
1753279026812,KXMLBGAME-25JUL23CWSTB-CWS,9,14,100,yes,snapshot
1753279026812,KXMLBGAME-25JUL23CWSTB-CWS,9,15,304,yes,snapshot
1753279026812,KXMLBGAME-25JUL23CWSTB-CWS,9,16,10276,yes,snapshot
1753279026812,KXMLBGAME-25JUL23CWSTB-CWS,9,17,312,yes,snapshot
1753279026812,KXMLBGAME-25JUL23CWSTB-CWS,9,18,152,yes,snapshot
1753279026812,KXMLBGAME-25JUL23CWSTB-CWS,9,19,127,yes,snapshot
1753279026812,KXMLBGAME-25JUL23CWSTB-CWS,9,20,108,yes,snapshot
1753279026812,KXMLBGAME-25JUL23CWSTB-CWS,9,21,30089,yes,snapshot
1753279026812,KXMLBGAME-25JUL23CWSTB-CWS,9,22,32,yes,snapshot
1753279026812,KXMLBGAME-25JUL23CWSTB-CWS,9,29,431,yes,snapshot
1753279026812,KXMLBGAME-25JUL23CWSTB-CWS,9,30,1500,yes,snapshot
1753279026812,KXMLBGAME-25JUL23CWSTB-CWS,9,31,2500,yes,snapshot
1753279026812,KXMLBGAME-25JUL23CWSTB-CWS,9,32,17695,yes,snapshot
1753279026812,KXMLBGAME-25JUL23CWSTB-CWS,9,33,10500,yes,snapshot
1753279026812,KXMLBGAME-25JUL23CWSTB-CWS,9,34,4153,yes,snapshot
1753279026812,KXMLBGAME-25JUL23CWSTB-CWS,9,1,10000,no,snapshot
1753279026812,KXMLBGAME-25JUL23CWSTB-CWS,9,2,3300,no,snapshot
1753279026812,KXMLBGAME-25JUL23CWSTB-CWS,9,3,2033,no,snapshot
1753279026812,KXMLBGAME-25JUL23CWSTB-CWS,9,4,200,no,snapshot
1753279026812,KXMLBGAME-25JUL23CWSTB-CWS,9,11,2700,no,snapshot
1753279026812,KXMLBGAME-25JUL23CWSTB-CWS,9,16,100,no,snapshot
1753279026812,KXMLBGAME-25JUL23CWSTB-CWS,9,20,100,no,snapshot
1753279026812,KXMLBGAME-25JUL23CWSTB-CWS,9,23,300,no,snapshot
1753279026812,KXMLBGAME-25JUL23CWSTB-CWS,9,25,100,no,snapshot
1753279026812,KXMLBGAME-25JUL23CWSTB-CWS,9,27,100,no,snapshot
1753279026812,KXMLBGAME-25JUL23CWSTB-CWS,9,28,218,no,snapshot
1753279026812,KXMLBGAME-25JUL23CWSTB-CWS,9,35,54,no,snapshot
1753279026812,KXMLBGAME-25JUL23CWSTB-CWS,9,45,304,no,snapshot
1753279026812,KXMLBGAME-25JUL23CWSTB-CWS,9,46,10276,no,snapshot
1753279026812,KXMLBGAME-25JUL23CWSTB-CWS,9,47,212,no,snapshot
1753279026812,KXMLBGAME-25JUL23CWSTB-CWS,9,48,152,no,snapshot
1753279026812,KXMLBGAME-25JUL23CWSTB-CWS,9,49,127,no,snapshot
1753279026812,KXMLBGAME-25JUL23CWSTB-CWS,9,50,108,no,snapshot
1753279026812,KXMLBGAME-25JUL23CWSTB-CWS,9,51,30089,no,snapshot
1753279026812,KXMLBGAME-25JUL23CWSTB-CWS,9,52,32,no,snapshot
1753279026812,KXMLBGAME-25JUL23CWSTB-CWS,9,60,1500,no,snapshot
1753279026812,KXMLBGAME-25JUL23CWSTB-CWS,9,61,1705,no,snapshot
1753279026812,KXMLBGAME-25JUL23CWSTB-CWS,9,62,7500,no,snapshot
1753279026812,KXMLBGAME-25JUL23CWSTB-CWS,9,63,17500,no,snapshot
1753279026812,KXMLBGAME-25JUL23CWSTB-CWS,9,64,16248,no,snapshot
1753279026812,KXMLBGAME-25JUL23CWSTB-TB,10,1,10000,yes,snapshot
1753279026812,KXMLBGAME-25JUL23CWSTB-TB,10,2,3300,yes,snapshot
1753279026812,KXMLBGAME-25JUL23CWSTB-TB,10,3,700,yes,snapshot
1753279026812,KXMLBGAME-25JUL23CWSTB-TB,10,4,200,yes,snapshot
1753279026812,KXMLBGAME-25JUL23CWSTB-TB,10,5,100,yes,snapshot
1753279026812,KXMLBGAME-25JUL23CWSTB-TB,10,7,100,yes,snapshot
1753279026812,KXMLBGAME-25JUL23CWSTB-TB,10,11,2700,yes,snapshot
1753279026812,KXMLBGAME-25JUL23CWSTB-TB,10,14,100,yes,snapshot
1753279026812,KXMLBGAME-25JUL23CWSTB-TB,10,16,300,yes,snapshot
1753279026812,KXMLBGAME-25JUL23CWSTB-TB,10,17,100,yes,snapshot
1753279026812,KXMLBGAME-25JUL23CWSTB-TB,10,21,287,yes,snapshot
1753279026812,KXMLBGAME-25JUL23CWSTB-TB,10,46,10268,yes,snapshot
1753279026812,KXMLBGAME-25JUL23CWSTB-TB,10,47,258,yes,snapshot
1753279026812,KXMLBGAME-25JUL23CWSTB-TB,10,48,240,yes,snapshot
1753279026812,KXMLBGAME-25JUL23CWSTB-TB,10,49,139,yes,snapshot
1753279026812,KXMLBGAME-25JUL23CWSTB-TB,10,50,136,yes,snapshot
1753279026812,KXMLBGAME-25JUL23CWSTB-TB,10,51,120,yes,snapshot
1753279026812,KXMLBGAME-25JUL23CWSTB-TB,10,52,30074,yes,snapshot
1753279026812,KXMLBGAME-25JUL23CWSTB-TB,10,53,65,yes,snapshot
1753279026812,KXMLBGAME-25JUL23CWSTB-TB,10,60,1500,yes,snapshot
1753279026812,KXMLBGAME-25JUL23CWSTB-TB,10,61,1705,yes,snapshot
1753279026812,KXMLBGAME-25JUL23CWSTB-TB,10,62,7500,yes,snapshot
1753279026812,KXMLBGAME-25JUL23CWSTB-TB,10,63,17500,yes,snapshot
1753279026812,KXMLBGAME-25JUL23CWSTB-TB,10,64,10444,yes,snapshot
1753279026812,KXMLBGAME-25JUL23CWSTB-TB,10,65,317,yes,snapshot
1753279026812,KXMLBGAME-25JUL23CWSTB-TB,10,1,10000,no,snapshot
1753279026812,KXMLBGAME-25JUL23CWSTB-TB,10,2,3300,no,snapshot
1753279026812,KXMLBGAME-25JUL23CWSTB-TB,10,3,700,no,snapshot
1753279026812,KXMLBGAME-25JUL23CWSTB-TB,10,4,200,no,snapshot
1753279026812,KXMLBGAME-25JUL23CWSTB-TB,10,5,407,no,snapshot
1753279026812,KXMLBGAME-25JUL23CWSTB-TB,10,11,2700,no,snapshot
1753279026812,KXMLBGAME-25JUL23CWSTB-TB,10,12,300,no,snapshot
1753279026812,KXMLBGAME-25JUL23CWSTB-TB,10,15,268,no,snapshot
1753279026812,KXMLBGAME-25JUL23CWSTB-TB,10,16,10358,no,snapshot
1753279026812,KXMLBGAME-25JUL23CWSTB-TB,10,17,240,no,snapshot
1753279026812,KXMLBGAME-25JUL23CWSTB-TB,10,18,139,no,snapshot
1753279026812,KXMLBGAME-25JUL23CWSTB-TB,10,19,136,no,snapshot
1753279026812,KXMLBGAME-25JUL23CWSTB-TB,10,20,220,no,snapshot
1753279026812,KXMLBGAME-25JUL23CWSTB-TB,10,21,74,no,snapshot
1753279026812,KXMLBGAME-25JUL23CWSTB-TB,10,22,65,no,snapshot
1753279026812,KXMLBGAME-25JUL23CWSTB-TB,10,25,30100,no,snapshot
1753279026812,KXMLBGAME-25JUL23CWSTB-TB,10,27,100,no,snapshot
1753279026812,KXMLBGAME-25JUL23CWSTB-TB,10,29,2223,no,snapshot
1753279026812,KXMLBGAME-25JUL23CWSTB-TB,10,30,1792,no,snapshot
1753279026812,KXMLBGAME-25JUL23CWSTB-TB,10,31,2792,no,snapshot
1753279026812,KXMLBGAME-25JUL23CWSTB-TB,10,32,17987,no,snapshot
1753279026812,KXMLBGAME-25JUL23CWSTB-TB,10,33,10792,no,snapshot
1753279026812,KXMLBGAME-25JUL23CWSTB-TB,10,34,7668,no,snapshot
1753279026835,KXMLBGAME-25JUL23DETPIT-DET,11,1,1000,yes,snapshot
1753279026835,KXMLBGAME-25JUL23DETPIT-DET,11,2,300,yes,snapshot
1753279026835,KXMLBGAME-25JUL23DETPIT-DET,11,4,200,yes,snapshot
1753279026835,KXMLBGAME-25JUL23DETPIT-DET,11,5,100,yes,snapshot
1753279026835,KXMLBGAME-25JUL23DETPIT-DET,11,7,100,yes,snapshot
1753279026835,KXMLBGAME-25JUL23DETPIT-DET,11,11,2700,yes,snapshot
1753279026835,KXMLBGAME-25JUL23DETPIT-DET,11,13,300,yes,snapshot
1753279026835,KXMLBGAME-25JUL23DETPIT-DET,11,14,100,yes,snapshot
1753279026835,KXMLBGAME-25JUL23DETPIT-DET,11,17,100,yes,snapshot
1753279026835,KXMLBGAME-25JUL23DETPIT-DET,11,22,232,yes,snapshot
1753279026835,KXMLBGAME-25JUL23DETPIT-DET,11,23,40000,yes,snapshot
1753279026835,KXMLBGAME-25JUL23DETPIT-DET,11,50,1500,yes,snapshot
1753279026835,KXMLBGAME-25JUL23DETPIT-DET,11,51,1500,yes,snapshot
1753279026835,KXMLBGAME-25JUL23DETPIT-DET,11,52,13301,yes,snapshot
1753279026835,KXMLBGAME-25JUL23DETPIT-DET,11,53,7500,yes,snapshot
1753279026835,KXMLBGAME-25JUL23DETPIT-DET,11,54,11647,yes,snapshot
1753279026835,KXMLBGAME-25JUL23DETPIT-DET,11,55,2496,yes,snapshot
1753279026835,KXMLBGAME-25JUL23DETPIT-DET,11,1,1000,no,snapshot
1753279026835,KXMLBGAME-25JUL23DETPIT-DET,11,2,300,no,snapshot
1753279026835,KXMLBGAME-25JUL23DETPIT-DET,11,4,200,no,snapshot
1753279026835,KXMLBGAME-25JUL23DETPIT-DET,11,11,2700,no,snapshot
1753279026835,KXMLBGAME-25JUL23DETPIT-DET,11,16,100,no,snapshot
1753279026835,KXMLBGAME-25JUL23DETPIT-DET,11,17,237,no,snapshot
1753279026835,KXMLBGAME-25JUL23DETPIT-DET,11,20,100,no,snapshot
1753279026835,KXMLBGAME-25JUL23DETPIT-DET,11,23,300,no,snapshot
1753279026835,KXMLBGAME-25JUL23DETPIT-DET,11,24,10166,no,snapshot
1753279026835,KXMLBGAME-25JUL23DETPIT-DET,11,25,100,no,snapshot
1753279026835,KXMLBGAME-25JUL23DETPIT-DET,11,27,100,no,snapshot
1753279026835,KXMLBGAME-25JUL23DETPIT-DET,11,28,30000,no,snapshot
1753279026835,KXMLBGAME-25JUL23DETPIT-DET,11,35,54,no,snapshot
1753279026835,KXMLBGAME-25JUL23DETPIT-DET,11,39,2610,no,snapshot
1753279026835,KXMLBGAME-25JUL23DETPIT-DET,11,40,2610,no,snapshot
1753279026835,KXMLBGAME-25JUL23DETPIT-DET,11,41,9626,no,snapshot
1753279026835,KXMLBGAME-25JUL23DETPIT-DET,11,42,18610,no,snapshot
1753279026835,KXMLBGAME-25JUL23DETPIT-DET,11,43,9097,no,snapshot
1753279026835,KXMLBGAME-25JUL23DETPIT-DET,11,44,19474,no,snapshot
1753279026835,KXMLBGAME-25JUL23DETPIT-PIT,12,1,1000,yes,snapshot
1753279026835,KXMLBGAME-25JUL23DETPIT-PIT,12,2,300,yes,snapshot
1753279026835,KXMLBGAME-25JUL23DETPIT-PIT,12,4,200,yes,snapshot
1753279026835,KXMLBGAME-25JUL23DETPIT-PIT,12,5,100,yes,snapshot
1753279026835,KXMLBGAME-25JUL23DETPIT-PIT,12,7,100,yes,snapshot
1753279026835,KXMLBGAME-25JUL23DETPIT-PIT,12,11,2700,yes,snapshot
1753279026835,KXMLBGAME-25JUL23DETPIT-PIT,12,13,300,yes,snapshot
1753279026835,KXMLBGAME-25JUL23DETPIT-PIT,12,14,100,yes,snapshot
1753279026835,KXMLBGAME-25JUL23DETPIT-PIT,12,17,100,yes,snapshot
1753279026835,KXMLBGAME-25JUL23DETPIT-PIT,12,18,223,yes,snapshot
1753279026835,KXMLBGAME-25JUL23DETPIT-PIT,12,19,40000,yes,snapshot
1753279026835,KXMLBGAME-25JUL23DETPIT-PIT,12,39,1500,yes,snapshot
1753279026835,KXMLBGAME-25JUL23DETPIT-PIT,12,40,1500,yes,snapshot
1753279026835,KXMLBGAME-25JUL23DETPIT-PIT,12,41,8516,yes,snapshot
1753279026835,KXMLBGAME-25JUL23DETPIT-PIT,12,42,19058,yes,snapshot
1753279026835,KXMLBGAME-25JUL23DETPIT-PIT,12,43,10335,yes,snapshot
1753279026835,KXMLBGAME-25JUL23DETPIT-PIT,12,44,3087,yes,snapshot
1753279026835,KXMLBGAME-25JUL23DETPIT-PIT,12,1,5000,no,snapshot
1753279026835,KXMLBGAME-25JUL23DETPIT-PIT,12,2,400,no,snapshot
1753279026835,KXMLBGAME-25JUL23DETPIT-PIT,12,4,200,no,snapshot
1753279026835,KXMLBGAME-25JUL23DETPIT-PIT,12,11,2700,no,snapshot
1753279026835,KXMLBGAME-25JUL23DETPIT-PIT,12,16,100,no,snapshot
1753279026835,KXMLBGAME-25JUL23DETPIT-PIT,12,20,100,no,snapshot
1753279026835,KXMLBGAME-25JUL23DETPIT-PIT,12,23,300,no,snapshot
1753279026835,KXMLBGAME-25JUL23DETPIT-PIT,12,24,213,no,snapshot
1753279026835,KXMLBGAME-25JUL23DETPIT-PIT,12,25,100,no,snapshot
1753279026835,KXMLBGAME-25JUL23DETPIT-PIT,12,27,100,no,snapshot
1753279026835,KXMLBGAME-25JUL23DETPIT-PIT,12,28,40000,no,snapshot
1753279026835,KXMLBGAME-25JUL23DETPIT-PIT,12,35,54,no,snapshot
1753279026835,KXMLBGAME-25JUL23DETPIT-PIT,12,50,1500,no,snapshot
1753279026835,KXMLBGAME-25JUL23DETPIT-PIT,12,51,1500,no,snapshot
1753279026835,KXMLBGAME-25JUL23DETPIT-PIT,12,52,13301,no,snapshot
1753279026835,KXMLBGAME-25JUL23DETPIT-PIT,12,53,9137,no,snapshot
1753279026835,KXMLBGAME-25JUL23DETPIT-PIT,12,54,14726,no,snapshot
1753279026835,KXMLBGAME-25JUL23DETPIT-PIT,12,55,2996,no,snapshot
1753279026835,KXMLBGAME-25JUL23HOUARI-ARI,13,1,1000,yes,snapshot
1753279026835,KXMLBGAME-25JUL23HOUARI-ARI,13,2,300,yes,snapshot
1753279026835,KXMLBGAME-25JUL23HOUARI-ARI,13,4,200,yes,snapshot
1753279026835,KXMLBGAME-25JUL23HOUARI-ARI,13,5,100,yes,snapshot
1753279026835,KXMLBGAME-25JUL23HOUARI-ARI,13,7,100,yes,snapshot
1753279026835,KXMLBGAME-25JUL23HOUARI-ARI,13,11,2700,yes,snapshot
1753279026835,KXMLBGAME-25JUL23HOUARI-ARI,13,13,300,yes,snapshot
1753279026835,KXMLBGAME-25JUL23HOUARI-ARI,13,14,100,yes,snapshot
1753279026835,KXMLBGAME-25JUL23HOUARI-ARI,13,17,100,yes,snapshot
1753279026835,KXMLBGAME-25JUL23HOUARI-ARI,13,22,227,yes,snapshot
1753279026835,KXMLBGAME-25JUL23HOUARI-ARI,13,23,40000,yes,snapshot
1753279026835,KXMLBGAME-25JUL23HOUARI-ARI,13,48,1500,yes,snapshot
1753279026835,KXMLBGAME-25JUL23HOUARI-ARI,13,49,6500,yes,snapshot
1753279026835,KXMLBGAME-25JUL23HOUARI-ARI,13,50,16900,yes,snapshot
1753279026835,KXMLBGAME-25JUL23HOUARI-ARI,13,51,10435,yes,snapshot
1753279026835,KXMLBGAME-25JUL23HOUARI-ARI,13,52,2569,yes,snapshot
1753279026835,KXMLBGAME-25JUL23HOUARI-ARI,13,1,5000,no,snapshot
1753279026835,KXMLBGAME-25JUL23HOUARI-ARI,13,2,300,no,snapshot
1753279026835,KXMLBGAME-25JUL23HOUARI-ARI,13,4,200,no,snapshot
1753279026835,KXMLBGAME-25JUL23HOUARI-ARI,13,11,2700,no,snapshot
1753279026835,KXMLBGAME-25JUL23HOUARI-ARI,13,16,100,no,snapshot
1753279026835,KXMLBGAME-25JUL23HOUARI-ARI,13,17,241,no,snapshot
1753279026835,KXMLBGAME-25JUL23HOUARI-ARI,13,20,100,no,snapshot
1753279026835,KXMLBGAME-25JUL23HOUARI-ARI,13,23,300,no,snapshot
1753279026835,KXMLBGAME-25JUL23HOUARI-ARI,13,25,100,no,snapshot
1753279026835,KXMLBGAME-25JUL23HOUARI-ARI,13,27,10100,no,snapshot
1753279026835,KXMLBGAME-25JUL23HOUARI-ARI,13,28,30000,no,snapshot
1753279026835,KXMLBGAME-25JUL23HOUARI-ARI,13,35,54,no,snapshot
1753279026835,KXMLBGAME-25JUL23HOUARI-ARI,13,42,2731,no,snapshot
1753279026835,KXMLBGAME-25JUL23HOUARI-ARI,13,43,3196,no,snapshot
1753279026835,KXMLBGAME-25JUL23HOUARI-ARI,13,44,3940,no,snapshot
1753279026835,KXMLBGAME-25JUL23HOUARI-ARI,13,45,20317,no,snapshot
1753279026835,KXMLBGAME-25JUL23HOUARI-ARI,13,46,11758,no,snapshot
1753279026835,KXMLBGAME-25JUL23HOUARI-ARI,13,47,3127,no,snapshot
1753279026835,KXMLBGAME-25JUL23HOUARI-HOU,14,1,1000,yes,snapshot
1753279026835,KXMLBGAME-25JUL23HOUARI-HOU,14,2,300,yes,snapshot
1753279026835,KXMLBGAME-25JUL23HOUARI-HOU,14,4,200,yes,snapshot
1753279026835,KXMLBGAME-25JUL23HOUARI-HOU,14,5,100,yes,snapshot
1753279026835,KXMLBGAME-25JUL23HOUARI-HOU,14,7,100,yes,snapshot
1753279026835,KXMLBGAME-25JUL23HOUARI-HOU,14,11,2700,yes,snapshot
1753279026835,KXMLBGAME-25JUL23HOUARI-HOU,14,13,300,yes,snapshot
1753279026835,KXMLBGAME-25JUL23HOUARI-HOU,14,14,100,yes,snapshot
1753279026835,KXMLBGAME-25JUL23HOUARI-HOU,14,17,100,yes,snapshot
1753279026835,KXMLBGAME-25JUL23HOUARI-HOU,14,18,224,yes,snapshot
1753279026835,KXMLBGAME-25JUL23HOUARI-HOU,14,19,40000,yes,snapshot
1753279026835,KXMLBGAME-25JUL23HOUARI-HOU,14,42,1500,yes,snapshot
1753279026835,KXMLBGAME-25JUL23HOUARI-HOU,14,43,1965,yes,snapshot
1753279026835,KXMLBGAME-25JUL23HOUARI-HOU,14,44,6500,yes,snapshot
1753279026835,KXMLBGAME-25JUL23HOUARI-HOU,14,45,16722,yes,snapshot
1753279026835,KXMLBGAME-25JUL23HOUARI-HOU,14,46,6115,yes,snapshot
1753279026835,KXMLBGAME-25JUL23HOUARI-HOU,14,47,3000,yes,snapshot
1753279026835,KXMLBGAME-25JUL23HOUARI-HOU,14,1,5000,no,snapshot
1753279026835,KXMLBGAME-25JUL23HOUARI-HOU,14,2,300,no,snapshot
1753279026835,KXMLBGAME-25JUL23HOUARI-HOU,14,4,200,no,snapshot
1753279026835,KXMLBGAME-25JUL23HOUARI-HOU,14,11,2700,no,snapshot
1753279026835,KXMLBGAME-25JUL23HOUARI-HOU,14,16,100,no,snapshot
1753279026835,KXMLBGAME-25JUL23HOUARI-HOU,14,20,100,no,snapshot
1753279026835,KXMLBGAME-25JUL23HOUARI-HOU,14,23,300,no,snapshot
1753279026835,KXMLBGAME-25JUL23HOUARI-HOU,14,24,214,no,snapshot
1753279026835,KXMLBGAME-25JUL23HOUARI-HOU,14,25,100,no,snapshot
1753279026835,KXMLBGAME-25JUL23HOUARI-HOU,14,27,100,no,snapshot
1753279026835,KXMLBGAME-25JUL23HOUARI-HOU,14,28,40000,no,snapshot
1753279026835,KXMLBGAME-25JUL23HOUARI-HOU,14,35,54,no,snapshot
1753279026835,KXMLBGAME-25JUL23HOUARI-HOU,14,48,1500,no,snapshot
1753279026835,KXMLBGAME-25JUL23HOUARI-HOU,14,49,1500,no,snapshot
1753279026835,KXMLBGAME-25JUL23HOUARI-HOU,14,50,16900,no,snapshot
1753279026835,KXMLBGAME-25JUL23HOUARI-HOU,14,51,9500,no,snapshot
1753279026835,KXMLBGAME-25JUL23HOUARI-HOU,14,52,14974,no,snapshot
1753279026835,KXMLBGAME-25JUL23KCCHC-CHC,15,1,1000,yes,snapshot
1753279026835,KXMLBGAME-25JUL23KCCHC-CHC,15,2,300,yes,snapshot
1753279026835,KXMLBGAME-25JUL23KCCHC-CHC,15,4,200,yes,snapshot
1753279026835,KXMLBGAME-25JUL23KCCHC-CHC,15,5,100,yes,snapshot
1753279026835,KXMLBGAME-25JUL23KCCHC-CHC,15,7,100,yes,snapshot
1753279026835,KXMLBGAME-25JUL23KCCHC-CHC,15,11,2700,yes,snapshot
1753279026835,KXMLBGAME-25JUL23KCCHC-CHC,15,14,100,yes,snapshot
1753279026835,KXMLBGAME-25JUL23KCCHC-CHC,15,17,100,yes,snapshot
1753279026835,KXMLBGAME-25JUL23KCCHC-CHC,15,18,300,yes,snapshot
1753279026835,KXMLBGAME-25JUL23KCCHC-CHC,15,22,227,yes,snapshot
1753279026835,KXMLBGAME-25JUL23KCCHC-CHC,15,23,40000,yes,snapshot
1753279026835,KXMLBGAME-25JUL23KCCHC-CHC,15,53,1500,yes,snapshot
1753279026835,KXMLBGAME-25JUL23KCCHC-CHC,15,54,1870,yes,snapshot
1753279026835,KXMLBGAME-25JUL23KCCHC-CHC,15,55,16500,yes,snapshot
1753279026835,KXMLBGAME-25JUL23KCCHC-CHC,15,56,8696,yes,snapshot
1753279026835,KXMLBGAME-25JUL23KCCHC-CHC,15,57,17380,yes,snapshot
1753279026835,KXMLBGAME-25JUL23KCCHC-CHC,15,1,5000,no,snapshot
1753279026835,KXMLBGAME-25JUL23KCCHC-CHC,15,2,300,no,snapshot
1753279026835,KXMLBGAME-25JUL23KCCHC-CHC,15,4,200,no,snapshot
1753279026835,KXMLBGAME-25JUL23KCCHC-CHC,15,11,2700,no,snapshot
1753279026835,KXMLBGAME-25JUL23KCCHC-CHC,15,16,100,no,snapshot
1753279026835,KXMLBGAME-25JUL23KCCHC-CHC,15,17,243,no,snapshot
1753279026835,KXMLBGAME-25JUL23KCCHC-CHC,15,20,100,no,snapshot
1753279026835,KXMLBGAME-25JUL23KCCHC-CHC,15,21,10000,no,snapshot
1753279026835,KXMLBGAME-25JUL23KCCHC-CHC,15,23,300,no,snapshot
1753279026835,KXMLBGAME-25JUL23KCCHC-CHC,15,25,100,no,snapshot
1753279026835,KXMLBGAME-25JUL23KCCHC-CHC,15,27,100,no,snapshot
1753279026835,KXMLBGAME-25JUL23KCCHC-CHC,15,28,30000,no,snapshot
1753279026835,KXMLBGAME-25JUL23KCCHC-CHC,15,35,54,no,snapshot
1753279026835,KXMLBGAME-25JUL23KCCHC-CHC,15,37,1500,no,snapshot
1753279026835,KXMLBGAME-25JUL23KCCHC-CHC,15,38,1500,no,snapshot
1753279026835,KXMLBGAME-25JUL23KCCHC-CHC,15,39,17013,no,snapshot
1753279026835,KXMLBGAME-25JUL23KCCHC-CHC,15,40,7816,no,snapshot
1753279026835,KXMLBGAME-25JUL23KCCHC-CHC,15,41,10085,no,snapshot
1753279026835,KXMLBGAME-25JUL23KCCHC-CHC,15,42,87,no,snapshot
1753279026835,KXMLBGAME-25JUL23KCCHC-KC,16,1,1000,yes,snapshot
1753279026835,KXMLBGAME-25JUL23KCCHC-KC,16,2,300,yes,snapshot
1753279026835,KXMLBGAME-25JUL23KCCHC-KC,16,4,200,yes,snapshot
1753279026835,KXMLBGAME-25JUL23KCCHC-KC,16,5,100,yes,snapshot
1753279026835,KXMLBGAME-25JUL23KCCHC-KC,16,7,100,yes,snapshot
1753279026835,KXMLBGAME-25JUL23KCCHC-KC,16,11,2700,yes,snapshot
1753279026835,KXMLBGAME-25JUL23KCCHC-KC,16,13,300,yes,snapshot
1753279026835,KXMLBGAME-25JUL23KCCHC-KC,16,14,100,yes,snapshot
1753279026835,KXMLBGAME-25JUL23KCCHC-KC,16,17,100,yes,snapshot
1753279026835,KXMLBGAME-25JUL23KCCHC-KC,16,18,226,yes,snapshot
1753279026835,KXMLBGAME-25JUL23KCCHC-KC,16,19,40000,yes,snapshot
1753279026835,KXMLBGAME-25JUL23KCCHC-KC,16,37,1500,yes,snapshot
1753279026835,KXMLBGAME-25JUL23KCCHC-KC,16,38,6500,yes,snapshot
1753279026835,KXMLBGAME-25JUL23KCCHC-KC,16,39,17013,yes,snapshot
1753279026835,KXMLBGAME-25JUL23KCCHC-KC,16,40,6181,yes,snapshot
1753279026835,KXMLBGAME-25JUL23KCCHC-KC,16,41,3927,yes,snapshot
1753279026835,KXMLBGAME-25JUL23KCCHC-KC,16,1,5000,no,snapshot
1753279026835,KXMLBGAME-25JUL23KCCHC-KC,16,2,300,no,snapshot
1753279026835,KXMLBGAME-25JUL23KCCHC-KC,16,4,200,no,snapshot
1753279026835,KXMLBGAME-25JUL23KCCHC-KC,16,11,2700,no,snapshot
1753279026835,KXMLBGAME-25JUL23KCCHC-KC,16,16,100,no,snapshot
1753279026835,KXMLBGAME-25JUL23KCCHC-KC,16,20,100,no,snapshot
1753279026835,KXMLBGAME-25JUL23KCCHC-KC,16,23,300,no,snapshot
1753279026835,KXMLBGAME-25JUL23KCCHC-KC,16,24,209,no,snapshot
1753279026835,KXMLBGAME-25JUL23KCCHC-KC,16,25,100,no,snapshot
1753279026835,KXMLBGAME-25JUL23KCCHC-KC,16,27,100,no,snapshot
1753279026835,KXMLBGAME-25JUL23KCCHC-KC,16,28,40000,no,snapshot
1753279026835,KXMLBGAME-25JUL23KCCHC-KC,16,35,54,no,snapshot
1753279026835,KXMLBGAME-25JUL23KCCHC-KC,16,53,1808,no,snapshot
1753279026835,KXMLBGAME-25JUL23KCCHC-KC,16,54,2178,no,snapshot
1753279026835,KXMLBGAME-25JUL23KCCHC-KC,16,55,11808,no,snapshot
1753279026835,KXMLBGAME-25JUL23KCCHC-KC,16,56,7052,no,snapshot
1753279026835,KXMLBGAME-25JUL23KCCHC-KC,16,57,9808,no,snapshot
1753279026835,KXMLBGAME-25JUL23KCCHC-KC,16,58,787,no,snapshot
1753279026835,KXMLBGAME-25JUL23LAANYM-LAA,17,1,1000,yes,snapshot
1753279026835,KXMLBGAME-25JUL23LAANYM-LAA,17,2,300,yes,snapshot
1753279026835,KXMLBGAME-25JUL23LAANYM-LAA,17,4,200,yes,snapshot
1753279026835,KXMLBGAME-25JUL23LAANYM-LAA,17,5,100,yes,snapshot
1753279026835,KXMLBGAME-25JUL23LAANYM-LAA,17,7,100,yes,snapshot
1753279026835,KXMLBGAME-25JUL23LAANYM-LAA,17,8,254,yes,snapshot
1753279026835,KXMLBGAME-25JUL23LAANYM-LAA,17,11,2700,yes,snapshot
1753279026835,KXMLBGAME-25JUL23LAANYM-LAA,17,13,300,yes,snapshot
1753279026835,KXMLBGAME-25JUL23LAANYM-LAA,17,14,100,yes,snapshot
1753279026835,KXMLBGAME-25JUL23LAANYM-LAA,17,17,100,yes,snapshot
1753279026835,KXMLBGAME-25JUL23LAANYM-LAA,17,18,40000,yes,snapshot
1753279026835,KXMLBGAME-25JUL23LAANYM-LAA,17,33,1500,yes,snapshot
1753279026835,KXMLBGAME-25JUL23LAANYM-LAA,17,34,2088,yes,snapshot
1753279026835,KXMLBGAME-25JUL23LAANYM-LAA,17,35,17500,yes,snapshot
1753279026835,KXMLBGAME-25JUL23LAANYM-LAA,17,36,7783,yes,snapshot
1753279026835,KXMLBGAME-25JUL23LAANYM-LAA,17,37,10889,yes,snapshot
1753279026835,KXMLBGAME-25JUL23LAANYM-LAA,17,38,222,yes,snapshot
1753279026835,KXMLBGAME-25JUL23LAANYM-LAA,17,1,5000,no,snapshot
1753279026835,KXMLBGAME-25JUL23LAANYM-LAA,17,2,300,no,snapshot
1753279026835,KXMLBGAME-25JUL23LAANYM-LAA,17,4,200,no,snapshot
1753279026835,KXMLBGAME-25JUL23LAANYM-LAA,17,10,24,no,snapshot
1753279026835,KXMLBGAME-25JUL23LAANYM-LAA,17,11,2700,no,snapshot
1753279026835,KXMLBGAME-25JUL23LAANYM-LAA,17,16,100,no,snapshot
1753279026835,KXMLBGAME-25JUL23LAANYM-LAA,17,20,100,no,snapshot
1753279026835,KXMLBGAME-25JUL23LAANYM-LAA,17,23,300,no,snapshot
1753279026835,KXMLBGAME-25JUL23LAANYM-LAA,17,25,100,no,snapshot
1753279026835,KXMLBGAME-25JUL23LAANYM-LAA,17,27,100,no,snapshot
1753279026835,KXMLBGAME-25JUL23LAANYM-LAA,17,30,200,no,snapshot
1753279026835,KXMLBGAME-25JUL23LAANYM-LAA,17,31,40000,no,snapshot
1753279026835,KXMLBGAME-25JUL23LAANYM-LAA,17,35,54,no,snapshot
1753279026835,KXMLBGAME-25JUL23LAANYM-LAA,17,57,1500,no,snapshot
1753279026835,KXMLBGAME-25JUL23LAANYM-LAA,17,58,2500,no,snapshot
1753279026835,KXMLBGAME-25JUL23LAANYM-LAA,17,59,7839,no,snapshot
1753279026835,KXMLBGAME-25JUL23LAANYM-LAA,17,60,19005,no,snapshot
1753279026835,KXMLBGAME-25JUL23LAANYM-LAA,17,61,10500,no,snapshot
1753279026835,KXMLBGAME-25JUL23LAANYM-NYM,18,1,1000,yes,snapshot
1753279026835,KXMLBGAME-25JUL23LAANYM-NYM,18,2,300,yes,snapshot
1753279026835,KXMLBGAME-25JUL23LAANYM-NYM,18,4,200,yes,snapshot
1753279026835,KXMLBGAME-25JUL23LAANYM-NYM,18,5,100,yes,snapshot
1753279026835,KXMLBGAME-25JUL23LAANYM-NYM,18,7,100,yes,snapshot
1753279026835,KXMLBGAME-25JUL23LAANYM-NYM,18,11,2700,yes,snapshot
1753279026835,KXMLBGAME-25JUL23LAANYM-NYM,18,13,300,yes,snapshot
1753279026835,KXMLBGAME-25JUL23LAANYM-NYM,18,14,100,yes,snapshot
1753279026835,KXMLBGAME-25JUL23LAANYM-NYM,18,17,100,yes,snapshot
1753279026835,KXMLBGAME-25JUL23LAANYM-NYM,18,22,277,yes,snapshot
1753279026835,KXMLBGAME-25JUL23LAANYM-NYM,18,23,40000,yes,snapshot
1753279026835,KXMLBGAME-25JUL23LAANYM-NYM,18,57,1500,yes,snapshot
1753279026835,KXMLBGAME-25JUL23LAANYM-NYM,18,58,2500,yes,snapshot
1753279026835,KXMLBGAME-25JUL23LAANYM-NYM,18,59,7844,yes,snapshot
1753279026835,KXMLBGAME-25JUL23LAANYM-NYM,18,60,20975,yes,snapshot
1753279026835,KXMLBGAME-25JUL23LAANYM-NYM,18,61,8399,yes,snapshot
1753279026835,KXMLBGAME-25JUL23LAANYM-NYM,18,1,1000,no,snapshot
1753279026835,KXMLBGAME-25JUL23LAANYM-NYM,18,2,300,no,snapshot
1753279026835,KXMLBGAME-25JUL23LAANYM-NYM,18,4,200,no,snapshot
1753279026835,KXMLBGAME-25JUL23LAANYM-NYM,18,5,404,no,snapshot
1753279026835,KXMLBGAME-25JUL23LAANYM-NYM,18,11,2700,no,snapshot
1753279026835,KXMLBGAME-25JUL23LAANYM-NYM,18,16,400,no,snapshot
1753279026835,KXMLBGAME-25JUL23LAANYM-NYM,18,17,10000,no,snapshot
1753279026835,KXMLBGAME-25JUL23LAANYM-NYM,18,20,100,no,snapshot
1753279026835,KXMLBGAME-25JUL23LAANYM-NYM,18,25,100,no,snapshot
1753279026835,KXMLBGAME-25JUL23LAANYM-NYM,18,27,100,no,snapshot
1753279026835,KXMLBGAME-25JUL23LAANYM-NYM,18,28,30000,no,snapshot
1753279026835,KXMLBGAME-25JUL23LAANYM-NYM,18,33,2438,no,snapshot
1753279026835,KXMLBGAME-25JUL23LAANYM-NYM,18,34,3026,no,snapshot
1753279026835,KXMLBGAME-25JUL23LAANYM-NYM,18,35,19087,no,snapshot
1753279026835,KXMLBGAME-25JUL23LAANYM-NYM,18,36,9677,no,snapshot
1753279026835,KXMLBGAME-25JUL23LAANYM-NYM,18,37,25025,no,snapshot
1753279026836,KXMLBGAME-25JUL23MILSEA-MIL,19,1,1000,yes,snapshot
1753279026836,KXMLBGAME-25JUL23MILSEA-MIL,19,2,300,yes,snapshot
1753279026836,KXMLBGAME-25JUL23MILSEA-MIL,19,4,200,yes,snapshot
1753279026836,KXMLBGAME-25JUL23MILSEA-MIL,19,5,100,yes,snapshot
1753279026836,KXMLBGAME-25JUL23MILSEA-MIL,19,7,100,yes,snapshot
1753279026836,KXMLBGAME-25JUL23MILSEA-MIL,19,11,2700,yes,snapshot
1753279026836,KXMLBGAME-25JUL23MILSEA-MIL,19,14,400,yes,snapshot
1753279026836,KXMLBGAME-25JUL23MILSEA-MIL,19,17,100,yes,snapshot
1753279026836,KXMLBGAME-25JUL23MILSEA-MIL,19,18,231,yes,snapshot
1753279026836,KXMLBGAME-25JUL23MILSEA-MIL,19,19,40000,yes,snapshot
1753279026836,KXMLBGAME-25JUL23MILSEA-MIL,19,40,1500,yes,snapshot
1753279026836,KXMLBGAME-25JUL23MILSEA-MIL,19,41,1500,yes,snapshot
1753279026836,KXMLBGAME-25JUL23MILSEA-MIL,19,42,17976,yes,snapshot
1753279026836,KXMLBGAME-25JUL23MILSEA-MIL,19,43,7500,yes,snapshot
1753279026836,KXMLBGAME-25JUL23MILSEA-MIL,19,44,11064,yes,snapshot
1753279026836,KXMLBGAME-25JUL23MILSEA-MIL,19,1,5000,no,snapshot
1753279026836,KXMLBGAME-25JUL23MILSEA-MIL,19,2,300,no,snapshot
1753279026836,KXMLBGAME-25JUL23MILSEA-MIL,19,4,200,no,snapshot
1753279026836,KXMLBGAME-25JUL23MILSEA-MIL,19,11,2700,no,snapshot
1753279026836,KXMLBGAME-25JUL23MILSEA-MIL,19,16,100,no,snapshot
1753279026836,KXMLBGAME-25JUL23MILSEA-MIL,19,20,100,no,snapshot
1753279026836,KXMLBGAME-25JUL23MILSEA-MIL,19,23,300,no,snapshot
1753279026836,KXMLBGAME-25JUL23MILSEA-MIL,19,24,211,no,snapshot
1753279026836,KXMLBGAME-25JUL23MILSEA-MIL,19,25,100,no,snapshot
1753279026836,KXMLBGAME-25JUL23MILSEA-MIL,19,27,100,no,snapshot
1753279026836,KXMLBGAME-25JUL23MILSEA-MIL,19,28,40000,no,snapshot
1753279026836,KXMLBGAME-25JUL23MILSEA-MIL,19,35,54,no,snapshot
1753279026836,KXMLBGAME-25JUL23MILSEA-MIL,19,51,2990,no,snapshot
1753279026836,KXMLBGAME-25JUL23MILSEA-MIL,19,52,7598,no,snapshot
1753279026836,KXMLBGAME-25JUL23MILSEA-MIL,19,53,20287,no,snapshot
1753279026836,KXMLBGAME-25JUL23MILSEA-MIL,19,54,7050,no,snapshot
1753279026836,KXMLBGAME-25JUL23MILSEA-MIL,19,55,13248,no,snapshot
1753279026836,KXMLBGAME-25JUL23MILSEA-SEA,20,1,1000,yes,snapshot
1753279026836,KXMLBGAME-25JUL23MILSEA-SEA,20,2,300,yes,snapshot
1753279026836,KXMLBGAME-25JUL23MILSEA-SEA,20,4,200,yes,snapshot
1753279026836,KXMLBGAME-25JUL23MILSEA-SEA,20,5,100,yes,snapshot
1753279026836,KXMLBGAME-25JUL23MILSEA-SEA,20,7,100,yes,snapshot
1753279026836,KXMLBGAME-25JUL23MILSEA-SEA,20,11,2700,yes,snapshot
1753279026836,KXMLBGAME-25JUL23MILSEA-SEA,20,13,300,yes,snapshot
1753279026836,KXMLBGAME-25JUL23MILSEA-SEA,20,14,100,yes,snapshot
1753279026836,KXMLBGAME-25JUL23MILSEA-SEA,20,17,100,yes,snapshot
1753279026836,KXMLBGAME-25JUL23MILSEA-SEA,20,22,235,yes,snapshot
1753279026836,KXMLBGAME-25JUL23MILSEA-SEA,20,23,40000,yes,snapshot
1753279026836,KXMLBGAME-25JUL23MILSEA-SEA,20,51,2892,yes,snapshot
1753279026836,KXMLBGAME-25JUL23MILSEA-SEA,20,52,7500,yes,snapshot
1753279026836,KXMLBGAME-25JUL23MILSEA-SEA,20,53,20213,yes,snapshot
1753279026836,KXMLBGAME-25JUL23MILSEA-SEA,20,54,8582,yes,snapshot
1753279026836,KXMLBGAME-25JUL23MILSEA-SEA,20,55,799,yes,snapshot
1753279026836,KXMLBGAME-25JUL23MILSEA-SEA,20,1,1000,no,snapshot
1753279026836,KXMLBGAME-25JUL23MILSEA-SEA,20,2,300,no,snapshot
1753279026836,KXMLBGAME-25JUL23MILSEA-SEA,20,4,200,no,snapshot
1753279026836,KXMLBGAME-25JUL23MILSEA-SEA,20,11,2700,no,snapshot
1753279026836,KXMLBGAME-25JUL23MILSEA-SEA,20,12,333,no,snapshot
1753279026836,KXMLBGAME-25JUL23MILSEA-SEA,20,16,100,no,snapshot
1753279026836,KXMLBGAME-25JUL23MILSEA-SEA,20,17,238,no,snapshot
1753279026836,KXMLBGAME-25JUL23MILSEA-SEA,20,20,100,no,snapshot
1753279026836,KXMLBGAME-25JUL23MILSEA-SEA,20,21,10000,no,snapshot
1753279026836,KXMLBGAME-25JUL23MILSEA-SEA,20,23,300,no,snapshot
1753279026836,KXMLBGAME-25JUL23MILSEA-SEA,20,25,100,no,snapshot
1753279026836,KXMLBGAME-25JUL23MILSEA-SEA,20,27,100,no,snapshot
1753279026836,KXMLBGAME-25JUL23MILSEA-SEA,20,28,30000,no,snapshot
1753279026836,KXMLBGAME-25JUL23MILSEA-SEA,20,35,54,no,snapshot
1753279026836,KXMLBGAME-25JUL23MILSEA-SEA,20,40,1500,no,snapshot
1753279026836,KXMLBGAME-25JUL23MILSEA-SEA,20,41,1500,no,snapshot
1753279026836,KXMLBGAME-25JUL23MILSEA-SEA,20,42,17976,no,snapshot
1753279026836,KXMLBGAME-25JUL23MILSEA-SEA,20,43,8665,no,snapshot
1753279026836,KXMLBGAME-25JUL23MILSEA-SEA,20,44,16942,no,snapshot
1753279026836,KXMLBGAME-25JUL23MINLAD-LAD,21,1,1000,yes,snapshot
1753279026836,KXMLBGAME-25JUL23MINLAD-LAD,21,2,300,yes,snapshot
1753279026836,KXMLBGAME-25JUL23MINLAD-LAD,21,4,200,yes,snapshot
1753279026836,KXMLBGAME-25JUL23MINLAD-LAD,21,5,100,yes,snapshot
1753279026836,KXMLBGAME-25JUL23MINLAD-LAD,21,7,100,yes,snapshot
1753279026836,KXMLBGAME-25JUL23MINLAD-LAD,21,11,2700,yes,snapshot
1753279026836,KXMLBGAME-25JUL23MINLAD-LAD,21,14,100,yes,snapshot
1753279026836,KXMLBGAME-25JUL23MINLAD-LAD,21,17,100,yes,snapshot
1753279026836,KXMLBGAME-25JUL23MINLAD-LAD,21,18,300,yes,snapshot
1753279026836,KXMLBGAME-25JUL23MINLAD-LAD,21,22,274,yes,snapshot
1753279026836,KXMLBGAME-25JUL23MINLAD-LAD,21,23,40000,yes,snapshot
1753279026836,KXMLBGAME-25JUL23MINLAD-LAD,21,61,1500,yes,snapshot
1753279026836,KXMLBGAME-25JUL23MINLAD-LAD,21,62,2823,yes,snapshot
1753279026836,KXMLBGAME-25JUL23MINLAD-LAD,21,63,19521,yes,snapshot
1753279026836,KXMLBGAME-25JUL23MINLAD-LAD,21,64,11544,yes,snapshot
1753279026836,KXMLBGAME-25JUL23MINLAD-LAD,21,65,7388,yes,snapshot
1753279026836,KXMLBGAME-25JUL23MINLAD-LAD,21,1,1000,no,snapshot
1753279026836,KXMLBGAME-25JUL23MINLAD-LAD,21,2,300,no,snapshot
1753279026836,KXMLBGAME-25JUL23MINLAD-LAD,21,4,200,no,snapshot
1753279026836,KXMLBGAME-25JUL23MINLAD-LAD,21,5,407,no,snapshot
1753279026836,KXMLBGAME-25JUL23MINLAD-LAD,21,6,10000,no,snapshot
1753279026836,KXMLBGAME-25JUL23MINLAD-LAD,21,11,2700,no,snapshot
1753279026836,KXMLBGAME-25JUL23MINLAD-LAD,21,12,300,no,snapshot
1753279026836,KXMLBGAME-25JUL23MINLAD-LAD,21,16,100,no,snapshot
1753279026836,KXMLBGAME-25JUL23MINLAD-LAD,21,20,100,no,snapshot
1753279026836,KXMLBGAME-25JUL23MINLAD-LAD,21,21,30000,no,snapshot
1753279026836,KXMLBGAME-25JUL23MINLAD-LAD,21,25,100,no,snapshot
1753279026836,KXMLBGAME-25JUL23MINLAD-LAD,21,27,100,no,snapshot
1753279026836,KXMLBGAME-25JUL23MINLAD-LAD,21,29,2057,no,snapshot
1753279026836,KXMLBGAME-25JUL23MINLAD-LAD,21,30,2724,no,snapshot
1753279026836,KXMLBGAME-25JUL23MINLAD-LAD,21,31,18057,no,snapshot
1753279026836,KXMLBGAME-25JUL23MINLAD-LAD,21,32,9101,no,snapshot
1753279026836,KXMLBGAME-25JUL23MINLAD-LAD,21,33,11559,no,snapshot
1753279026836,KXMLBGAME-25JUL23MINLAD-LAD,21,34,14762,no,snapshot
1753279026836,KXMLBGAME-25JUL23MINLAD-MIN,22,1,1000,yes,snapshot
1753279026836,KXMLBGAME-25JUL23MINLAD-MIN,22,2,300,yes,snapshot
1753279026836,KXMLBGAME-25JUL23MINLAD-MIN,22,4,200,yes,snapshot
1753279026836,KXMLBGAME-25JUL23MINLAD-MIN,22,5,100,yes,snapshot
1753279026836,KXMLBGAME-25JUL23MINLAD-MIN,22,7,100,yes,snapshot
1753279026836,KXMLBGAME-25JUL23MINLAD-MIN,22,8,258,yes,snapshot
1753279026836,KXMLBGAME-25JUL23MINLAD-MIN,22,10,300,yes,snapshot
1753279026836,KXMLBGAME-25JUL23MINLAD-MIN,22,11,2700,yes,snapshot
1753279026836,KXMLBGAME-25JUL23MINLAD-MIN,22,14,100,yes,snapshot
1753279026836,KXMLBGAME-25JUL23MINLAD-MIN,22,15,10000,yes,snapshot
1753279026836,KXMLBGAME-25JUL23MINLAD-MIN,22,17,100,yes,snapshot
1753279026836,KXMLBGAME-25JUL23MINLAD-MIN,22,18,30000,yes,snapshot
1753279026836,KXMLBGAME-25JUL23MINLAD-MIN,22,30,2167,yes,snapshot
1753279026836,KXMLBGAME-25JUL23MINLAD-MIN,22,31,17500,yes,snapshot
1753279026836,KXMLBGAME-25JUL23MINLAD-MIN,22,32,7812,yes,snapshot
1753279026836,KXMLBGAME-25JUL23MINLAD-MIN,22,33,9085,yes,snapshot
1753279026836,KXMLBGAME-25JUL23MINLAD-MIN,22,34,1115,yes,snapshot
1753279026836,KXMLBGAME-25JUL23MINLAD-MIN,22,1,5000,no,snapshot
1753279026836,KXMLBGAME-25JUL23MINLAD-MIN,22,2,400,no,snapshot
1753279026836,KXMLBGAME-25JUL23MINLAD-MIN,22,4,200,no,snapshot
1753279026836,KXMLBGAME-25JUL23MINLAD-MIN,22,11,2700,no,snapshot
1753279026836,KXMLBGAME-25JUL23MINLAD-MIN,22,16,100,no,snapshot
1753279026836,KXMLBGAME-25JUL23MINLAD-MIN,22,20,100,no,snapshot
1753279026836,KXMLBGAME-25JUL23MINLAD-MIN,22,24,300,no,snapshot
1753279026836,KXMLBGAME-25JUL23MINLAD-MIN,22,25,100,no,snapshot
1753279026836,KXMLBGAME-25JUL23MINLAD-MIN,22,27,100,no,snapshot
1753279026836,KXMLBGAME-25JUL23MINLAD-MIN,22,30,209,no,snapshot
1753279026836,KXMLBGAME-25JUL23MINLAD-MIN,22,31,40000,no,snapshot
1753279026836,KXMLBGAME-25JUL23MINLAD-MIN,22,35,54,no,snapshot
1753279026836,KXMLBGAME-25JUL23MINLAD-MIN,22,61,1500,no,snapshot
1753279026836,KXMLBGAME-25JUL23MINLAD-MIN,22,62,2500,no,snapshot
1753279026836,KXMLBGAME-25JUL23MINLAD-MIN,22,63,17817,no,snapshot
1753279026836,KXMLBGAME-25JUL23MINLAD-MIN,22,64,9700,no,snapshot
1753279026836,KXMLBGAME-25JUL23MINLAD-MIN,22,65,8077,no,snapshot
1753279026836,KXMLBGAME-25JUL23NYYTOR-NYY,23,1,10000,yes,snapshot
1753279026836,KXMLBGAME-25JUL23NYYTOR-NYY,23,2,3300,yes,snapshot
1753279026836,KXMLBGAME-25JUL23NYYTOR-NYY,23,3,700,yes,snapshot
1753279026836,KXMLBGAME-25JUL23NYYTOR-NYY,23,4,200,yes,snapshot
1753279026836,KXMLBGAME-25JUL23NYYTOR-NYY,23,5,100,yes,snapshot
1753279026836,KXMLBGAME-25JUL23NYYTOR-NYY,23,7,100,yes,snapshot
1753279026836,KXMLBGAME-25JUL23NYYTOR-NYY,23,11,2700,yes,snapshot
1753279026836,KXMLBGAME-25JUL23NYYTOR-NYY,23,14,100,yes,snapshot
1753279026836,KXMLBGAME-25JUL23NYYTOR-NYY,23,16,300,yes,snapshot
1753279026836,KXMLBGAME-25JUL23NYYTOR-NYY,23,17,100,yes,snapshot
1753279026836,KXMLBGAME-25JUL23NYYTOR-NYY,23,22,234,yes,snapshot
1753279026836,KXMLBGAME-25JUL23NYYTOR-NYY,23,23,10000,yes,snapshot
1753279026836,KXMLBGAME-25JUL23NYYTOR-NYY,23,37,288,yes,snapshot
1753279026836,KXMLBGAME-25JUL23NYYTOR-NYY,23,38,278,yes,snapshot
1753279026836,KXMLBGAME-25JUL23NYYTOR-NYY,23,39,237,yes,snapshot
1753279026836,KXMLBGAME-25JUL23NYYTOR-NYY,23,40,139,yes,snapshot
1753279026836,KXMLBGAME-25JUL23NYYTOR-NYY,23,41,122,yes,snapshot
1753279026836,KXMLBGAME-25JUL23NYYTOR-NYY,23,42,116,yes,snapshot
1753279026836,KXMLBGAME-25JUL23NYYTOR-NYY,23,43,30082,yes,snapshot
1753279026836,KXMLBGAME-25JUL23NYYTOR-NYY,23,44,38,yes,snapshot
1753279026836,KXMLBGAME-25JUL23NYYTOR-NYY,23,51,1500,yes,snapshot
1753279026836,KXMLBGAME-25JUL23NYYTOR-NYY,23,52,2740,yes,snapshot
1753279026836,KXMLBGAME-25JUL23NYYTOR-NYY,23,53,7500,yes,snapshot
1753279026836,KXMLBGAME-25JUL23NYYTOR-NYY,23,54,19616,yes,snapshot
1753279026836,KXMLBGAME-25JUL23NYYTOR-NYY,23,55,2826,yes,snapshot
1753279026836,KXMLBGAME-25JUL23NYYTOR-NYY,23,56,3000,yes,snapshot
1753279026836,KXMLBGAME-25JUL23NYYTOR-NYY,23,1,10000,no,snapshot
1753279026836,KXMLBGAME-25JUL23NYYTOR-NYY,23,2,3300,no,snapshot
1753279026836,KXMLBGAME-25JUL23NYYTOR-NYY,23,3,2033,no,snapshot
1753279026836,KXMLBGAME-25JUL23NYYTOR-NYY,23,4,200,no,snapshot
1753279026836,KXMLBGAME-25JUL23NYYTOR-NYY,23,11,2700,no,snapshot
1753279026836,KXMLBGAME-25JUL23NYYTOR-NYY,23,16,100,no,snapshot
1753279026836,KXMLBGAME-25JUL23NYYTOR-NYY,23,17,235,no,snapshot
1753279026836,KXMLBGAME-25JUL23NYYTOR-NYY,23,20,100,no,snapshot
1753279026836,KXMLBGAME-25JUL23NYYTOR-NYY,23,21,10000,no,snapshot
1753279026836,KXMLBGAME-25JUL23NYYTOR-NYY,23,23,300,no,snapshot
1753279026836,KXMLBGAME-25JUL23NYYTOR-NYY,23,24,288,no,snapshot
1753279026836,KXMLBGAME-25JUL23NYYTOR-NYY,23,25,378,no,snapshot
1753279026836,KXMLBGAME-25JUL23NYYTOR-NYY,23,26,237,no,snapshot
1753279026836,KXMLBGAME-25JUL23NYYTOR-NYY,23,27,239,no,snapshot
1753279026836,KXMLBGAME-25JUL23NYYTOR-NYY,23,28,122,no,snapshot
1753279026836,KXMLBGAME-25JUL23NYYTOR-NYY,23,29,116,no,snapshot
1753279026836,KXMLBGAME-25JUL23NYYTOR-NYY,23,30,30082,no,snapshot
1753279026836,KXMLBGAME-25JUL23NYYTOR-NYY,23,31,38,no,snapshot
1753279026836,KXMLBGAME-25JUL23NYYTOR-NYY,23,35,54,no,snapshot
1753279026836,KXMLBGAME-25JUL23NYYTOR-NYY,23,39,1500,no,snapshot
1753279026836,KXMLBGAME-25JUL23NYYTOR-NYY,23,40,1812,no,snapshot
1753279026836,KXMLBGAME-25JUL23NYYTOR-NYY,23,41,17500,no,snapshot
1753279026836,KXMLBGAME-25JUL23NYYTOR-NYY,23,42,10649,no,snapshot
1753279026836,KXMLBGAME-25JUL23NYYTOR-NYY,23,43,12631,no,snapshot
1753279026836,KXMLBGAME-25JUL23NYYTOR-TOR,24,1,1000,yes,snapshot
1753279026836,KXMLBGAME-25JUL23NYYTOR-TOR,24,2,300,yes,snapshot
1753279026836,KXMLBGAME-25JUL23NYYTOR-TOR,24,4,200,yes,snapshot
1753279026836,KXMLBGAME-25JUL23NYYTOR-TOR,24,5,100,yes,snapshot
1753279026836,KXMLBGAME-25JUL23NYYTOR-TOR,24,7,100,yes,snapshot
1753279026836,KXMLBGAME-25JUL23NYYTOR-TOR,24,11,2700,yes,snapshot
1753279026836,KXMLBGAME-25JUL23NYYTOR-TOR,24,13,300,yes,snapshot
1753279026836,KXMLBGAME-25JUL23NYYTOR-TOR,24,14,100,yes,snapshot
1753279026836,KXMLBGAME-25JUL23NYYTOR-TOR,24,17,100,yes,snapshot
1753279026836,KXMLBGAME-25JUL23NYYTOR-TOR,24,18,228,yes,snapshot
1753279026836,KXMLBGAME-25JUL23NYYTOR-TOR,24,19,40000,yes,snapshot
1753279026836,KXMLBGAME-25JUL23NYYTOR-TOR,24,39,1500,yes,snapshot
1753279026836,KXMLBGAME-25JUL23NYYTOR-TOR,24,40,1812,yes,snapshot
1753279026836,KXMLBGAME-25JUL23NYYTOR-TOR,24,41,18282,yes,snapshot
1753279026836,KXMLBGAME-25JUL23NYYTOR-TOR,24,42,12175,yes,snapshot
1753279026836,KXMLBGAME-25JUL23NYYTOR-TOR,24,43,6672,yes,snapshot
1753279026836,KXMLBGAME-25JUL23NYYTOR-TOR,24,44,3500,yes,snapshot
1753279026836,KXMLBGAME-25JUL23NYYTOR-TOR,24,1,5000,no,snapshot
1753279026836,KXMLBGAME-25JUL23NYYTOR-TOR,24,2,300,no,snapshot
1753279026836,KXMLBGAME-25JUL23NYYTOR-TOR,24,4,200,no,snapshot
1753279026836,KXMLBGAME-25JUL23NYYTOR-TOR,24,11,2700,no,snapshot
1753279026836,KXMLBGAME-25JUL23NYYTOR-TOR,24,16,100,no,snapshot
1753279026836,KXMLBGAME-25JUL23NYYTOR-TOR,24,20,100,no,snapshot
1753279026836,KXMLBGAME-25JUL23NYYTOR-TOR,24,23,300,no,snapshot
1753279026836,KXMLBGAME-25JUL23NYYTOR-TOR,24,25,300,no,snapshot
1753279026836,KXMLBGAME-25JUL23NYYTOR-TOR,24,27,100,no,snapshot
1753279026836,KXMLBGAME-25JUL23NYYTOR-TOR,24,28,40000,no,snapshot
1753279026836,KXMLBGAME-25JUL23NYYTOR-TOR,24,35,54,no,snapshot
1753279026836,KXMLBGAME-25JUL23NYYTOR-TOR,24,51,2043,no,snapshot
1753279026836,KXMLBGAME-25JUL23NYYTOR-TOR,24,52,3283,no,snapshot
1753279026836,KXMLBGAME-25JUL23NYYTOR-TOR,24,53,9043,no,snapshot
1753279026836,KXMLBGAME-25JUL23NYYTOR-TOR,24,54,22011,no,snapshot
1753279026836,KXMLBGAME-25JUL23NYYTOR-TOR,24,55,21188,no,snapshot
1753279026836,KXMLBGAME-25JUL23SDMIA-MIA,25,1,1000,yes,snapshot
1753279026836,KXMLBGAME-25JUL23SDMIA-MIA,25,2,300,yes,snapshot
1753279026836,KXMLBGAME-25JUL23SDMIA-MIA,25,4,200,yes,snapshot
1753279026836,KXMLBGAME-25JUL23SDMIA-MIA,25,5,100,yes,snapshot
1753279026836,KXMLBGAME-25JUL23SDMIA-MIA,25,7,100,yes,snapshot
1753279026836,KXMLBGAME-25JUL23SDMIA-MIA,25,11,2700,yes,snapshot
1753279026836,KXMLBGAME-25JUL23SDMIA-MIA,25,13,300,yes,snapshot
1753279026836,KXMLBGAME-25JUL23SDMIA-MIA,25,14,100,yes,snapshot
1753279026836,KXMLBGAME-25JUL23SDMIA-MIA,25,17,100,yes,snapshot
1753279026836,KXMLBGAME-25JUL23SDMIA-MIA,25,18,229,yes,snapshot
1753279026836,KXMLBGAME-25JUL23SDMIA-MIA,25,19,40000,yes,snapshot
1753279026836,KXMLBGAME-25JUL23SDMIA-MIA,25,36,3658,yes,snapshot
1753279026836,KXMLBGAME-25JUL23SDMIA-MIA,25,37,4497,yes,snapshot
1753279026836,KXMLBGAME-25JUL23SDMIA-MIA,25,38,22792,yes,snapshot
1753279026836,KXMLBGAME-25JUL23SDMIA-MIA,25,39,6500,yes,snapshot
1753279026836,KXMLBGAME-25JUL23SDMIA-MIA,25,40,6977,yes,snapshot
1753279026836,KXMLBGAME-25JUL23SDMIA-MIA,25,1,5000,no,snapshot
1753279026836,KXMLBGAME-25JUL23SDMIA-MIA,25,2,400,no,snapshot
1753279026836,KXMLBGAME-25JUL23SDMIA-MIA,25,4,200,no,snapshot
1753279026836,KXMLBGAME-25JUL23SDMIA-MIA,25,11,2700,no,snapshot
1753279026836,KXMLBGAME-25JUL23SDMIA-MIA,25,16,100,no,snapshot
1753279026836,KXMLBGAME-25JUL23SDMIA-MIA,25,20,100,no,snapshot
1753279026836,KXMLBGAME-25JUL23SDMIA-MIA,25,23,300,no,snapshot
1753279026836,KXMLBGAME-25JUL23SDMIA-MIA,25,24,211,no,snapshot
1753279026836,KXMLBGAME-25JUL23SDMIA-MIA,25,25,100,no,snapshot
1753279026836,KXMLBGAME-25JUL23SDMIA-MIA,25,27,100,no,snapshot
1753279026836,KXMLBGAME-25JUL23SDMIA-MIA,25,28,40000,no,snapshot
1753279026836,KXMLBGAME-25JUL23SDMIA-MIA,25,35,54,no,snapshot
1753279026836,KXMLBGAME-25JUL23SDMIA-MIA,25,54,2572,no,snapshot
1753279026836,KXMLBGAME-25JUL23SDMIA-MIA,25,55,2572,no,snapshot
1753279026836,KXMLBGAME-25JUL23SDMIA-MIA,25,56,17572,no,snapshot
1753279026836,KXMLBGAME-25JUL23SDMIA-MIA,25,57,11216,no,snapshot
1753279026836,KXMLBGAME-25JUL23SDMIA-MIA,25,58,11205,no,snapshot
1753279026836,KXMLBGAME-25JUL23SDMIA-MIA,25,59,3353,no,snapshot
1753279026836,KXMLBGAME-25JUL23SDMIA-SD,26,1,1000,yes,snapshot
1753279026836,KXMLBGAME-25JUL23SDMIA-SD,26,2,300,yes,snapshot
1753279026836,KXMLBGAME-25JUL23SDMIA-SD,26,4,200,yes,snapshot
1753279026836,KXMLBGAME-25JUL23SDMIA-SD,26,5,100,yes,snapshot
1753279026836,KXMLBGAME-25JUL23SDMIA-SD,26,7,100,yes,snapshot
1753279026836,KXMLBGAME-25JUL23SDMIA-SD,26,11,2700,yes,snapshot
1753279026836,KXMLBGAME-25JUL23SDMIA-SD,26,13,300,yes,snapshot
1753279026836,KXMLBGAME-25JUL23SDMIA-SD,26,14,100,yes,snapshot
1753279026836,KXMLBGAME-25JUL23SDMIA-SD,26,17,100,yes,snapshot
1753279026836,KXMLBGAME-25JUL23SDMIA-SD,26,22,228,yes,snapshot
1753279026836,KXMLBGAME-25JUL23SDMIA-SD,26,23,40000,yes,snapshot
1753279026836,KXMLBGAME-25JUL23SDMIA-SD,26,54,1500,yes,snapshot
1753279026836,KXMLBGAME-25JUL23SDMIA-SD,26,55,1600,yes,snapshot
1753279026836,KXMLBGAME-25JUL23SDMIA-SD,26,56,17502,yes,snapshot
1753279026836,KXMLBGAME-25JUL23SDMIA-SD,26,57,8231,yes,snapshot
1753279026836,KXMLBGAME-25JUL23SDMIA-SD,26,58,11920,yes,snapshot
1753279026836,KXMLBGAME-25JUL23SDMIA-SD,26,1,1000,no,snapshot
1753279026836,KXMLBGAME-25JUL23SDMIA-SD,26,2,300,no,snapshot
1753279026836,KXMLBGAME-25JUL23SDMIA-SD,26,4,200,no,snapshot
1753279026836,KXMLBGAME-25JUL23SDMIA-SD,26,10,50,no,snapshot
1753279026836,KXMLBGAME-25JUL23SDMIA-SD,26,11,2700,no,snapshot
1753279026836,KXMLBGAME-25JUL23SDMIA-SD,26,16,100,no,snapshot
1753279026836,KXMLBGAME-25JUL23SDMIA-SD,26,17,242,no,snapshot
1753279026836,KXMLBGAME-25JUL23SDMIA-SD,26,20,100,no,snapshot
1753279026836,KXMLBGAME-25JUL23SDMIA-SD,26,21,10300,no,snapshot
1753279026836,KXMLBGAME-25JUL23SDMIA-SD,26,25,100,no,snapshot
1753279026836,KXMLBGAME-25JUL23SDMIA-SD,26,27,100,no,snapshot
1753279026836,KXMLBGAME-25JUL23SDMIA-SD,26,28,30000,no,snapshot
1753279026836,KXMLBGAME-25JUL23SDMIA-SD,26,35,54,no,snapshot
1753279026836,KXMLBGAME-25JUL23SDMIA-SD,26,36,2658,no,snapshot
1753279026836,KXMLBGAME-25JUL23SDMIA-SD,26,37,3063,no,snapshot
1753279026836,KXMLBGAME-25JUL23SDMIA-SD,26,38,17500,no,snapshot
1753279026836,KXMLBGAME-25JUL23SDMIA-SD,26,39,10000,no,snapshot
1753279026836,KXMLBGAME-25JUL23SDMIA-SD,26,40,7691,no,snapshot
1753279026836,KXMLBGAME-25JUL23SDMIA-SD,26,41,12256,no,snapshot
1753279026836,KXMLBGAME-25JUL23SFATL-ATL,27,1,1000,yes,snapshot
1753279026836,KXMLBGAME-25JUL23SFATL-ATL,27,2,300,yes,snapshot
1753279026836,KXMLBGAME-25JUL23SFATL-ATL,27,4,200,yes,snapshot
1753279026836,KXMLBGAME-25JUL23SFATL-ATL,27,5,100,yes,snapshot
1753279026836,KXMLBGAME-25JUL23SFATL-ATL,27,7,100,yes,snapshot
1753279026836,KXMLBGAME-25JUL23SFATL-ATL,27,11,2700,yes,snapshot
1753279026836,KXMLBGAME-25JUL23SFATL-ATL,27,13,300,yes,snapshot
1753279026836,KXMLBGAME-25JUL23SFATL-ATL,27,14,100,yes,snapshot
1753279026836,KXMLBGAME-25JUL23SFATL-ATL,27,17,100,yes,snapshot
1753279026836,KXMLBGAME-25JUL23SFATL-ATL,27,22,274,yes,snapshot
1753279026836,KXMLBGAME-25JUL23SFATL-ATL,27,23,40000,yes,snapshot
1753279026836,KXMLBGAME-25JUL23SFATL-ATL,27,56,1500,yes,snapshot
1753279026836,KXMLBGAME-25JUL23SFATL-ATL,27,57,1500,yes,snapshot
1753279026836,KXMLBGAME-25JUL23SFATL-ATL,27,58,18219,yes,snapshot
1753279026836,KXMLBGAME-25JUL23SFATL-ATL,27,59,10113,yes,snapshot
1753279026836,KXMLBGAME-25JUL23SFATL-ATL,27,60,12166,yes,snapshot
1753279026836,KXMLBGAME-25JUL23SFATL-ATL,27,1,1007,no,snapshot
1753279026836,KXMLBGAME-25JUL23SFATL-ATL,27,2,300,no,snapshot
1753279026836,KXMLBGAME-25JUL23SFATL-ATL,27,4,200,no,snapshot
1753279026836,KXMLBGAME-25JUL23SFATL-ATL,27,5,403,no,snapshot
1753279026836,KXMLBGAME-25JUL23SFATL-ATL,27,11,2700,no,snapshot
1753279026836,KXMLBGAME-25JUL23SFATL-ATL,27,16,400,no,snapshot
1753279026836,KXMLBGAME-25JUL23SFATL-ATL,27,20,10100,no,snapshot
1753279026836,KXMLBGAME-25JUL23SFATL-ATL,27,25,100,no,snapshot
1753279026836,KXMLBGAME-25JUL23SFATL-ATL,27,27,100,no,snapshot
1753279026836,KXMLBGAME-25JUL23SFATL-ATL,27,28,30000,no,snapshot
1753279026836,KXMLBGAME-25JUL23SFATL-ATL,27,34,3090,no,snapshot
1753279026836,KXMLBGAME-25JUL23SFATL-ATL,27,35,2918,no,snapshot
1753279026836,KXMLBGAME-25JUL23SFATL-ATL,27,36,8442,no,snapshot
1753279026836,KXMLBGAME-25JUL23SFATL-ATL,27,37,21834,no,snapshot
1753279026836,KXMLBGAME-25JUL23SFATL-ATL,27,38,9177,no,snapshot
1753279026836,KXMLBGAME-25JUL23SFATL-ATL,27,39,12333,no,snapshot
1753279026836,KXMLBGAME-25JUL23SFATL-SF,28,1,1000,yes,snapshot
1753279026836,KXMLBGAME-25JUL23SFATL-SF,28,2,300,yes,snapshot
1753279026836,KXMLBGAME-25JUL23SFATL-SF,28,4,200,yes,snapshot
1753279026836,KXMLBGAME-25JUL23SFATL-SF,28,5,100,yes,snapshot
1753279026836,KXMLBGAME-25JUL23SFATL-SF,28,7,100,yes,snapshot
1753279026836,KXMLBGAME-25JUL23SFATL-SF,28,9,229,yes,snapshot
1753279026836,KXMLBGAME-25JUL23SFATL-SF,28,11,2700,yes,snapshot
1753279026836,KXMLBGAME-25JUL23SFATL-SF,28,13,300,yes,snapshot
1753279026836,KXMLBGAME-25JUL23SFATL-SF,28,14,100,yes,snapshot
1753279026836,KXMLBGAME-25JUL23SFATL-SF,28,17,100,yes,snapshot
1753279026836,KXMLBGAME-25JUL23SFATL-SF,28,18,40000,yes,snapshot
1753279026836,KXMLBGAME-25JUL23SFATL-SF,28,34,1500,yes,snapshot
1753279026836,KXMLBGAME-25JUL23SFATL-SF,28,35,3691,yes,snapshot
1753279026836,KXMLBGAME-25JUL23SFATL-SF,28,36,8243,yes,snapshot
1753279026836,KXMLBGAME-25JUL23SFATL-SF,28,37,20500,yes,snapshot
1753279026836,KXMLBGAME-25JUL23SFATL-SF,28,38,6013,yes,snapshot
1753279026836,KXMLBGAME-25JUL23SFATL-SF,28,39,87,yes,snapshot
1753279026836,KXMLBGAME-25JUL23SFATL-SF,28,1,5000,no,snapshot
1753279026836,KXMLBGAME-25JUL23SFATL-SF,28,2,400,no,snapshot
1753279026836,KXMLBGAME-25JUL23SFATL-SF,28,4,200,no,snapshot
1753279026836,KXMLBGAME-25JUL23SFATL-SF,28,11,2700,no,snapshot
1753279026836,KXMLBGAME-25JUL23SFATL-SF,28,16,100,no,snapshot
1753279026836,KXMLBGAME-25JUL23SFATL-SF,28,20,100,no,snapshot
1753279026836,KXMLBGAME-25JUL23SFATL-SF,28,23,300,no,snapshot
1753279026836,KXMLBGAME-25JUL23SFATL-SF,28,25,100,no,snapshot
1753279026836,KXMLBGAME-25JUL23SFATL-SF,28,27,100,no,snapshot
1753279026836,KXMLBGAME-25JUL23SFATL-SF,28,28,219,no,snapshot
1753279026836,KXMLBGAME-25JUL23SFATL-SF,28,29,40000,no,snapshot
1753279026836,KXMLBGAME-25JUL23SFATL-SF,28,35,54,no,snapshot
1753279026836,KXMLBGAME-25JUL23SFATL-SF,28,56,1544,no,snapshot
1753279026836,KXMLBGAME-25JUL23SFATL-SF,28,57,1500,no,snapshot
1753279026836,KXMLBGAME-25JUL23SFATL-SF,28,58,18219,no,snapshot
1753279026836,KXMLBGAME-25JUL23SFATL-SF,28,59,7565,no,snapshot
1753279026836,KXMLBGAME-25JUL23SFATL-SF,28,60,11327,no,snapshot
1753279026836,KXMLBGAME-25JUL23STLCOL-COL,29,1,1000,yes,snapshot
1753279026836,KXMLBGAME-25JUL23STLCOL-COL,29,2,300,yes,snapshot
1753279026836,KXMLBGAME-25JUL23STLCOL-COL,29,4,200,yes,snapshot
1753279026836,KXMLBGAME-25JUL23STLCOL-COL,29,5,100,yes,snapshot
1753279026836,KXMLBGAME-25JUL23STLCOL-COL,29,7,100,yes,snapshot
1753279026836,KXMLBGAME-25JUL23STLCOL-COL,29,9,222,yes,snapshot
1753279026836,KXMLBGAME-25JUL23STLCOL-COL,29,11,2700,yes,snapshot
1753279026836,KXMLBGAME-25JUL23STLCOL-COL,29,13,300,yes,snapshot
1753279026836,KXMLBGAME-25JUL23STLCOL-COL,29,14,100,yes,snapshot
1753279026836,KXMLBGAME-25JUL23STLCOL-COL,29,17,100,yes,snapshot
1753279026836,KXMLBGAME-25JUL23STLCOL-COL,29,18,40000,yes,snapshot
1753279026836,KXMLBGAME-25JUL23STLCOL-COL,29,32,1500,yes,snapshot
1753279026836,KXMLBGAME-25JUL23STLCOL-COL,29,33,2106,yes,snapshot
1753279026836,KXMLBGAME-25JUL23STLCOL-COL,29,34,17500,yes,snapshot
1753279026836,KXMLBGAME-25JUL23STLCOL-COL,29,35,8804,yes,snapshot
1753279026836,KXMLBGAME-25JUL23STLCOL-COL,29,36,13384,yes,snapshot
1753279026836,KXMLBGAME-25JUL23STLCOL-COL,29,37,25,yes,snapshot
1753279026836,KXMLBGAME-25JUL23STLCOL-COL,29,1,5000,no,snapshot
1753279026836,KXMLBGAME-25JUL23STLCOL-COL,29,2,300,no,snapshot
1753279026836,KXMLBGAME-25JUL23STLCOL-COL,29,4,200,no,snapshot
1753279026836,KXMLBGAME-25JUL23STLCOL-COL,29,11,2700,no,snapshot
1753279026836,KXMLBGAME-25JUL23STLCOL-COL,29,16,100,no,snapshot
1753279026836,KXMLBGAME-25JUL23STLCOL-COL,29,20,100,no,snapshot
1753279026836,KXMLBGAME-25JUL23STLCOL-COL,29,23,300,no,snapshot
1753279026836,KXMLBGAME-25JUL23STLCOL-COL,29,25,100,no,snapshot
1753279026836,KXMLBGAME-25JUL23STLCOL-COL,29,27,100,no,snapshot
1753279026836,KXMLBGAME-25JUL23STLCOL-COL,29,28,214,no,snapshot
1753279026836,KXMLBGAME-25JUL23STLCOL-COL,29,29,40000,no,snapshot
1753279026836,KXMLBGAME-25JUL23STLCOL-COL,29,35,54,no,snapshot
1753279026836,KXMLBGAME-25JUL23STLCOL-COL,29,58,1915,no,snapshot
1753279026836,KXMLBGAME-25JUL23STLCOL-COL,29,59,3254,no,snapshot
1753279026836,KXMLBGAME-25JUL23STLCOL-COL,29,60,18715,no,snapshot
1753279026836,KXMLBGAME-25JUL23STLCOL-COL,29,61,10988,no,snapshot
1753279026836,KXMLBGAME-25JUL23STLCOL-COL,29,62,9786,no,snapshot
1753279026836,KXMLBGAME-25JUL23STLCOL-STL,30,1,1000,yes,snapshot
1753279026836,KXMLBGAME-25JUL23STLCOL-STL,30,2,300,yes,snapshot
1753279026836,KXMLBGAME-25JUL23STLCOL-STL,30,4,200,yes,snapshot
1753279026836,KXMLBGAME-25JUL23STLCOL-STL,30,5,100,yes,snapshot
1753279026836,KXMLBGAME-25JUL23STLCOL-STL,30,7,100,yes,snapshot
1753279026836,KXMLBGAME-25JUL23STLCOL-STL,30,11,2700,yes,snapshot
1753279026836,KXMLBGAME-25JUL23STLCOL-STL,30,14,100,yes,snapshot
1753279026836,KXMLBGAME-25JUL23STLCOL-STL,30,17,100,yes,snapshot
1753279026836,KXMLBGAME-25JUL23STLCOL-STL,30,18,300,yes,snapshot
1753279026836,KXMLBGAME-25JUL23STLCOL-STL,30,22,277,yes,snapshot
1753279026836,KXMLBGAME-25JUL23STLCOL-STL,30,23,40000,yes,snapshot
1753279026836,KXMLBGAME-25JUL23STLCOL-STL,30,58,1500,yes,snapshot
1753279026836,KXMLBGAME-25JUL23STLCOL-STL,30,59,2500,yes,snapshot
1753279026836,KXMLBGAME-25JUL23STLCOL-STL,30,60,17833,yes,snapshot
1753279026836,KXMLBGAME-25JUL23STLCOL-STL,30,61,9000,yes,snapshot
1753279026836,KXMLBGAME-25JUL23STLCOL-STL,30,62,6428,yes,snapshot
1753279026836,KXMLBGAME-25JUL23STLCOL-STL,30,1,1000,no,snapshot
1753279026836,KXMLBGAME-25JUL23STLCOL-STL,30,2,300,no,snapshot
1753279026836,KXMLBGAME-25JUL23STLCOL-STL,30,4,200,no,snapshot
1753279026836,KXMLBGAME-25JUL23STLCOL-STL,30,5,409,no,snapshot
1753279026836,KXMLBGAME-25JUL23STLCOL-STL,30,11,2700,no,snapshot
1753279026836,KXMLBGAME-25JUL23STLCOL-STL,30,16,400,no,snapshot
1753279026836,KXMLBGAME-25JUL23STLCOL-STL,30,17,10000,no,snapshot
1753279026836,KXMLBGAME-25JUL23STLCOL-STL,30,20,100,no,snapshot
1753279026836,KXMLBGAME-25JUL23STLCOL-STL,30,25,100,no,snapshot
1753279026836,KXMLBGAME-25JUL23STLCOL-STL,30,27,30100,no,snapshot
1753279026836,KXMLBGAME-25JUL23STLCOL-STL,30,32,1500,no,snapshot
1753279026836,KXMLBGAME-25JUL23STLCOL-STL,30,33,2106,no,snapshot
1753279026836,KXMLBGAME-25JUL23STLCOL-STL,30,34,17500,no,snapshot
1753279026836,KXMLBGAME-25JUL23STLCOL-STL,30,35,7840,no,snapshot
1753279026836,KXMLBGAME-25JUL23STLCOL-STL,30,36,22948,no,snapshot
1753279026836,KXMLBGAME-25JUL23STLCOL-STL,30,37,850,no,snapshot
1753279028454,KXMLBGAME-25JUL23CINWSH-WSH,31,52,-5587,no,delta
1753279028591,KXMLBGAME-25JUL23CINWSH-WSH,32,53,2953,no,delta
1753279028734,KXMLBGAME-25JUL23CINWSH-CIN,33,46,-470,no,delta
1753279028876,KXMLBGAME-25JUL23SDMIA-SD,34,41,-2090,no,delta
1753279028994,KXMLBGAME-25JUL23SDMIA-MIA,35,58,2070,no,delta
1753279029136,KXMLBGAME-25JUL23SFATL-ATL,36,39,530,no,delta
1753279029273,KXMLBGAME-25JUL23SFATL-SF,37,60,-520,no,delta
1753279029413,KXMLBGAME-25JUL23DETPIT-PIT,38,54,840,no,delta
1753279029513,KXMLBGAME-25JUL23DETPIT-PIT,39,39,-1500,yes,delta
1753279029553,KXMLBGAME-25JUL23DETPIT-DET,40,44,860,no,delta
1753279029591,KXMLBGAME-25JUL23DETPIT-PIT,41,44,1305,yes,delta
1753279029693,KXMLBGAME-25JUL23DETPIT-PIT,42,43,195,yes,delta
1753279029693,KXMLBGAME-25JUL23LAANYM-LAA,43,61,200,no,delta
1753279029772,KXMLBGAME-25JUL23DETPIT-DET,44,39,-2610,no,delta
1753279029834,KXMLBGAME-25JUL23HOUARI-HOU,45,52,1460,no,delta
1753279029874,KXMLBGAME-25JUL23DETPIT-DET,46,44,2610,no,delta
1753279029973,KXMLBGAME-25JUL23HOUARI-ARI,47,46,-1460,no,delta
1753279030120,KXMLBGAME-25JUL23MILSEA-MIL,48,55,-350,no,delta
1753279030253,KXMLBGAME-25JUL23MILSEA-SEA,49,44,350,no,delta
1753279030402,KXMLBGAME-25JUL23MINLAD-LAD,50,34,1070,no,delta
1753279030534,KXMLBGAME-25JUL23NYYTOR-NYY,51,43,780,no,delta
1753279030674,KXMLBGAME-25JUL23NYYTOR-TOR,52,55,-770,no,delta
1753279033732,KXMLBGAME-25JUL23SDMIA-SD,53,41,-2908,no,delta
1753279034735,KXMLBGAME-25JUL23SDMIA-SD,54,58,613,yes,delta
1753279036817,KXMLBGAME-25JUL23SDMIA-SD,55,58,-613,yes,delta
1753279039411,KXMLBGAME-25JUL23SDMIA-SD,56,58,60,yes,delta
1753279039436,KXMLBGAME-25JUL23SDMIA-SD,57,40,40,no,delta
1753279043913,KXMLBGAME-25JUL23SDMIA-SD,58,41,-5275,no,delta
1753279043913,KXMLBGAME-25JUL23SDMIA-SD,59,40,5275,no,delta
1753279044811,KXMLBGAME-25JUL23SDMIA-SD,60,40,0,no,delta
1753279047673,KXMLBGAME-25JUL23SDMIA-SD,61,58,9,yes,delta
1753279048965,KXMLBGAME-25JUL23SDMIA-MIA,62,58,-3448,no,delta
1753279049076,KXMLBGAME-25JUL23SDMIA-MIA,63,57,-1913,no,delta
1753279049196,KXMLBGAME-25JUL23SDMIA-MIA,64,59,3390,no,delta
1753279049336,KXMLBGAME-25JUL23SDMIA-MIA,65,58,1871,no,delta
1753279052093,KXMLBGAME-25JUL23MINLAD-LAD,66,65,400,yes,delta
1753279058077,KXMLBGAME-25JUL23SFATL-ATL,67,60,-1,yes,delta
1753279058077,KXMLBGAME-25JUL23SFATL-ATL,68,60,-495,yes,delta
1753279058077,KXMLBGAME-25JUL23CWSTB-CWS,69,33,-5000,yes,delta
1753279058077,KXMLBGAME-25JUL23CWSTB-CWS,70,34,-257,yes,delta
1753279058077,KXMLBGAME-25JUL23SFATL-ATL,71,60,-1922,yes,delta
1753279058077,KXMLBGAME-25JUL23CWSTB-CWS,72,62,-5000,no,delta
1753279058078,KXMLBGAME-25JUL23SFATL-ATL,73,38,-2581,no,delta
1753279058078,KXMLBGAME-25JUL23CWSTB-TB,74,34,-1,no,delta
1753279058078,KXMLBGAME-25JUL23SFATL-SF,75,37,-1457,yes,delta
1753279058078,KXMLBGAME-25JUL23CWSTB-TB,76,34,-756,no,delta
1753279058078,KXMLBGAME-25JUL23SFATL-SF,77,37,-3543,yes,delta
1753279058078,KXMLBGAME-25JUL23SFATL-SF,78,38,-2081,yes,delta
1753279058092,KXMLBGAME-25JUL23SFATL-SF,79,58,-5000,no,delta
1753279058134,KXMLBGAME-25JUL23CWSTB-CWS,80,33,4657,yes,delta
1753279058134,KXMLBGAME-25JUL23SFATL-ATL,81,60,4691,yes,delta
1753279058153,KXMLBGAME-25JUL23SFATL-ATL,82,38,308,no,delta
1753279058153,KXMLBGAME-25JUL23CWSTB-CWS,83,31,5000,yes,delta
1753279058153,KXMLBGAME-25JUL23SFATL-SF,84,35,5000,yes,delta
1753279058153,KXMLBGAME-25JUL23CWSTB-CWS,85,64,258,no,delta
1753279058173,KXMLBGAME-25JUL23CWSTB-CWS,86,65,342,no,delta
1753279058173,KXMLBGAME-25JUL23SFATL-SF,87,37,4808,yes,delta
1753279058173,KXMLBGAME-25JUL23SFATL-SF,88,60,2082,no,delta
1753279058173,KXMLBGAME-25JUL23CWSTB-TB,89,64,600,yes,delta
1753279058173,KXMLBGAME-25JUL23SFATL-SF,90,34,-1500,yes,delta
1753279058192,KXMLBGAME-25JUL23CWSTB-TB,91,34,157,no,delta
1753279058273,KXMLBGAME-25JUL23SFATL-SF,92,39,-87,yes,delta
1753279058273,KXMLBGAME-25JUL23SFATL-SF,93,61,104,no,delta
1753279058273,KXMLBGAME-25JUL23SDMIA-MIA,94,39,-5000,yes,delta
1753279058273,KXMLBGAME-25JUL23SDMIA-MIA,95,40,-3698,yes,delta
1753279058292,KXMLBGAME-25JUL23SDMIA-MIA,96,56,-637,no,delta
1753279058292,KXMLBGAME-25JUL23SDMIA-MIA,97,56,-4363,no,delta
1753279058313,KXMLBGAME-25JUL23SDMIA-SD,98,56,-3863,yes,delta
1753279058313,KXMLBGAME-25JUL23SDMIA-SD,99,56,-1137,yes,delta
1753279058332,KXMLBGAME-25JUL23SDMIA-SD,100,39,-5000,no,delta
1753279058332,KXMLBGAME-25JUL23SDMIA-SD,101,40,-40,no,delta
1753279058352,KXMLBGAME-25JUL23SDMIA-SD,102,40,-4198,no,delta
1753279058353,KXMLBGAME-25JUL23SFATL-SF,103,38,87,yes,delta
1753279058353,KXMLBGAME-25JUL23SFATL-ATL,104,59,-65,yes,delta
1753279058353,KXMLBGAME-25JUL23SFATL-ATL,105,38,87,no,delta
1753279058353,KXMLBGAME-25JUL23SFATL-ATL,106,39,-87,no,delta
1753279058353,KXMLBGAME-25JUL23SFATL-SF,107,60,87,no,delta
1753279058372,KXMLBGAME-25JUL23SFATL-SF,108,59,-65,no,delta
1753279058373,KXMLBGAME-25JUL23SFATL-ATL,109,60,87,yes,delta
1753279058373,KXMLBGAME-25JUL23SFATL-SF,110,38,75,yes,delta
1753279058394,KXMLBGAME-25JUL23SFATL-SF,111,38,568,yes,delta
1753279058437,KXMLBGAME-25JUL23SDMIA-MIA,112,39,1430,yes,delta
1753279058437,KXMLBGAME-25JUL23SDMIA-MIA,113,37,5000,yes,delta
1753279058453,KXMLBGAME-25JUL23SDMIA-MIA,114,58,3699,no,delta
1753279058453,KXMLBGAME-25JUL23SFATL-ATL,115,37,5000,no,delta
1753279058453,KXMLBGAME-25JUL23SFATL-SF,116,60,5000,no,delta
1753279058453,KXMLBGAME-25JUL23SDMIA-MIA,117,59,3569,no,delta
1753279058453,KXMLBGAME-25JUL23SFATL-SF,118,1,-4000,no,delta
1753279058473,KXMLBGAME-25JUL23SFATL-ATL,119,60,5000,yes,delta
1753279058473,KXMLBGAME-25JUL23SDMIA-SD,120,58,4139,yes,delta
1753279058552,KXMLBGAME-25JUL23SDMIA-SD,121,41,-1983,no,delta
1753279058552,KXMLBGAME-25JUL23SDMIA-SD,122,59,1086,yes,delta
1753279058552,KXMLBGAME-25JUL23SFATL-SF,123,37,5000,yes,delta
1753279058553,KXMLBGAME-25JUL23SFATL-SF,124,38,-568,yes,delta
1753279058553,KXMLBGAME-25JUL23SFATL-SF,125,1,4000,no,delta
1753279058574,KXMLBGAME-25JUL23SDMIA-SD,126,39,1930,no,delta
1753279058574,KXMLBGAME-25JUL23SDMIA-SD,127,37,5000,no,delta
1753279058593,KXMLBGAME-25JUL23SDMIA-SD,128,39,-1000,no,delta
1753279058593,KXMLBGAME-25JUL23SDMIA-SD,129,36,1000,no,delta
1753279058612,KXMLBGAME-25JUL23SDMIA-SD,130,39,-2500,no,delta
1753279058612,KXMLBGAME-25JUL23SDMIA-SD,131,38,2500,no,delta
1753279058674,KXMLBGAME-25JUL23SFATL-SF,132,34,1500,yes,delta
1753279058694,KXMLBGAME-25JUL23SDMIA-SD,133,54,-1500,yes,delta
1753279058714,KXMLBGAME-25JUL23SDMIA-SD,134,56,-1000,yes,delta
1753279058714,KXMLBGAME-25JUL23SDMIA-SD,135,59,1000,yes,delta
1753279058733,KXMLBGAME-25JUL23SDMIA-MIA,136,58,5000,no,delta
1753279058733,KXMLBGAME-25JUL23BOSPHI-BOS,137,41,-3473,yes,delta
1753279058733,KXMLBGAME-25JUL23SDMIA-SD,138,58,-2000,yes,delta
1753279058733,KXMLBGAME-25JUL23SDMIA-SD,139,59,2000,yes,delta
1753279058733,KXMLBGAME-25JUL23BOSPHI-PHI,140,41,-3973,no,delta
1753279058733,KXMLBGAME-25JUL23SDMIA-SD,141,39,5000,no,delta
1753279058752,KXMLBGAME-25JUL23SDMIA-SD,142,58,-3387,yes,delta
1753279058752,KXMLBGAME-25JUL23SDMIA-MIA,143,39,5000,yes,delta
1753279058752,KXMLBGAME-25JUL23SDMIA-SD,144,58,5000,yes,delta
1753279058794,KXMLBGAME-25JUL23BOSPHI-BOS,145,41,3049,yes,delta
1753279058794,KXMLBGAME-25JUL23SDMIA-SD,146,59,1286,yes,delta
1753279058813,KXMLBGAME-25JUL23BOSPHI-BOS,147,57,424,no,delta
1753279058813,KXMLBGAME-25JUL23BOSPHI-PHI,148,57,424,yes,delta
1753279058813,KXMLBGAME-25JUL23SDMIA-SD,149,5,800,no,delta
1753279058834,KXMLBGAME-25JUL23BOSPHI-PHI,150,41,3549,no,delta
1753279058913,KXMLBGAME-25JUL23SDMIA-SD,151,58,-9,yes,delta
1753279058913,KXMLBGAME-25JUL23SDMIA-SD,152,58,214,yes,delta
1753279059014,KXMLBGAME-25JUL23SDMIA-SD,153,40,-428,no,delta
1753279059136,KXMLBGAME-25JUL23SDMIA-SD,154,39,-1072,no,delta
1753279059237,KXMLBGAME-25JUL23SDMIA-SD,155,35,1500,no,delta
1753279059295,KXMLBGAME-25JUL23MINLAD-LAD,156,33,-1082,no,delta
1753279059314,KXMLBGAME-25JUL23MINLAD-MIN,157,32,-5000,yes,delta
1753279059314,KXMLBGAME-25JUL23MINLAD-MIN,158,33,-582,yes,delta
1753279059333,KXMLBGAME-25JUL23MINLAD-MIN,159,63,-5000,no,delta
1753279059353,KXMLBGAME-25JUL23SDMIA-MIA,160,40,-214,yes,delta
1753279059415,KXMLBGAME-25JUL23MINLAD-LAD,161,65,599,yes,delta
1753279059415,KXMLBGAME-25JUL23MINLAD-LAD,162,33,483,no,delta
1753279059435,KXMLBGAME-25JUL23MINLAD-MIN,163,32,4983,yes,delta
1753279059435,KXMLBGAME-25JUL23MINLAD-MIN,164,30,5000,yes,delta
1753279059453,KXMLBGAME-25JUL23MINLAD-MIN,165,65,583,no,delta
1753279059532,KXMLBGAME-25JUL23MINLAD-MIN,166,34,-16,yes,delta
1753279059532,KXMLBGAME-25JUL23SDMIA-MIA,167,39,-1286,yes,delta
1753279059593,KXMLBGAME-25JUL23MINLAD-MIN,168,64,4,no,delta
1753279059593,KXMLBGAME-25JUL23MINLAD-MIN,169,34,16,yes,delta
1753279059593,KXMLBGAME-25JUL23MINLAD-LAD,170,64,4,yes,delta
1753279059654,KXMLBGAME-25JUL23SDMIA-MIA,171,35,1500,yes,delta
1753279059694,KXMLBGAME-25JUL23MINLAD-MIN,172,1,-4000,no,delta
1753279059733,KXMLBGAME-25JUL23MINLAD-MIN,173,1,4000,no,delta
1753279077593,KXMLBGAME-25JUL23DETPIT-DET,174,44,-15,no,delta
1753279077894,KXMLBGAME-25JUL23DETPIT-DET,175,24,-166,no,delta
1753279077932,KXMLBGAME-25JUL23DETPIT-DET,176,29,137,no,delta
1753279077974,KXMLBGAME-25JUL23DETPIT-DET,177,24,-10000,no,delta
1753279078093,KXMLBGAME-25JUL23DETPIT-DET,178,28,-30000,no,delta
1753279078093,KXMLBGAME-25JUL23DETPIT-DET,179,21,10000,no,delta
1753279078193,KXMLBGAME-25JUL23DETPIT-DET,180,30,30000,no,delta
1753279088032,KXMLBGAME-25JUL23MILSEA-SEA,181,44,555,no,delta
1753279088091,KXMLBGAME-25JUL23MILSEA-MIL,182,44,555,yes,delta
1753279097811,KXMLBGAME-25JUL23SDMIA-SD,183,58,-359,yes,delta
1753279097811,KXMLBGAME-25JUL23SDMIA-SD,184,59,353,yes,delta
1753279108012,KXMLBGAME-25JUL23SFATL-SF,185,38,666,yes,delta
1753279111434,KXMLBGAME-25JUL23LAANYM-LAA,186,37,-1000,yes,delta
1753279111434,KXMLBGAME-25JUL23LAANYM-LAA,187,34,1000,yes,delta
1753279111434,KXMLBGAME-25JUL23LAANYM-NYM,188,37,-1000,no,delta
1753279111434,KXMLBGAME-25JUL23LAANYM-NYM,189,34,1000,no,delta
1753279111434,KXMLBGAME-25JUL23LAANYM-LAA,190,37,-3000,yes,delta
1753279111435,KXMLBGAME-25JUL23LAANYM-LAA,191,36,3000,yes,delta
1753279111435,KXMLBGAME-25JUL23LAANYM-NYM,192,37,-3000,no,delta
1753279111435,KXMLBGAME-25JUL23LAANYM-NYM,193,36,3000,no,delta
1753279111554,KXMLBGAME-25JUL23LAANYM-NYM,194,59,-1000,yes,delta
1753279111554,KXMLBGAME-25JUL23LAANYM-NYM,195,61,1000,yes,delta
1753279111554,KXMLBGAME-25JUL23LAANYM-LAA,196,59,-1000,no,delta
1753279111554,KXMLBGAME-25JUL23LAANYM-LAA,197,61,1000,no,delta
1753279111554,KXMLBGAME-25JUL23LAANYM-NYM,198,58,-1000,yes,delta
1753279111554,KXMLBGAME-25JUL23LAANYM-NYM,199,60,1000,yes,delta
1753279111554,KXMLBGAME-25JUL23LAANYM-LAA,200,58,-1000,no,delta
1753279111554,KXMLBGAME-25JUL23LAANYM-LAA,201,60,1000,no,delta
1753279111575,KXMLBGAME-25JUL23LAANYM-NYM,202,60,-1000,yes,delta
1753279111575,KXMLBGAME-25JUL23LAANYM-NYM,203,59,1000,yes,delta
1753279111575,KXMLBGAME-25JUL23LAANYM-LAA,204,60,-1000,no,delta
1753279111575,KXMLBGAME-25JUL23LAANYM-LAA,205,59,1000,no,delta
1753279111575,KXMLBGAME-25JUL23LAANYM-NYM,206,60,-1500,yes,delta
1753279111575,KXMLBGAME-25JUL23LAANYM-NYM,207,61,1500,yes,delta
1753279111575,KXMLBGAME-25JUL23LAANYM-LAA,208,60,-1500,no,delta
1753279111575,KXMLBGAME-25JUL23LAANYM-LAA,209,61,1500,no,delta
1753279113934,KXMLBGAME-25JUL23LAANYM-LAA,210,36,-278,yes,delta
1753279113934,KXMLBGAME-25JUL23LAANYM-LAA,211,35,595,yes,delta
1753279114312,KXMLBGAME-25JUL23MINLAD-LAD,212,34,-1,no,delta
1753279117873,KXMLBGAME-25JUL23SFATL-ATL,213,60,-4691,yes,delta
1753279117893,KXMLBGAME-25JUL23SFATL-ATL,214,60,-5000,yes,delta
1753279117894,KXMLBGAME-25JUL23SFATL-ATL,215,38,-308,no,delta
1753279117914,KXMLBGAME-25JUL23SFATL-ATL,216,37,-957,no,delta
1753279117914,KXMLBGAME-25JUL23SFATL-ATL,217,37,-309,no,delta
1753279117932,KXMLBGAME-25JUL23SFATL-ATL,218,37,-3734,no,delta
1753279117932,KXMLBGAME-25JUL23SFATL-ATL,219,37,-5000,no,delta
1753279117952,KXMLBGAME-25JUL23SFATL-SF,220,37,-4808,yes,delta
1753279117953,KXMLBGAME-25JUL23SFATL-SF,221,37,-5000,yes,delta
1753279117973,KXMLBGAME-25JUL23SFATL-SF,222,35,-5000,yes,delta
1753279117973,KXMLBGAME-25JUL23SFATL-SF,223,60,-5000,no,delta
1753279117993,KXMLBGAME-25JUL23SFATL-SF,224,60,-2082,no,delta
1753279117993,KXMLBGAME-25JUL23SFATL-SF,225,60,-995,no,delta
1753279118013,KXMLBGAME-25JUL23SFATL-SF,226,61,-104,no,delta
1753279118013,KXMLBGAME-25JUL23SFATL-SF,227,60,-1923,no,delta
1753279118095,KXMLBGAME-25JUL23SFATL-ATL,228,60,4911,yes,delta
1753279118095,KXMLBGAME-25JUL23SFATL-ATL,229,38,88,no,delta
1753279118112,KXMLBGAME-25JUL23SFATL-ATL,230,37,5000,no,delta
1753279118112,KXMLBGAME-25JUL23SFATL-SF,231,38,88,yes,delta
1753279118133,KXMLBGAME-25JUL23SFATL-SF,232,37,5000,yes,delta
1753279118133,KXMLBGAME-25JUL23SFATL-SF,233,34,-1500,yes,delta
1753279118133,KXMLBGAME-25JUL23SFATL-SF,234,58,5000,no,delta
1753279118153,KXMLBGAME-25JUL23SFATL-SF,235,60,4911,no,delta
1753279118193,KXMLBGAME-25JUL23SFATL-SF,236,38,-75,yes,delta
1753279118233,KXMLBGAME-25JUL23SDMIA-MIA,237,39,-5000,yes,delta
1753279118256,KXMLBGAME-25JUL23SDMIA-MIA,238,39,-1430,yes,delta
1753279118256,KXMLBGAME-25JUL23SDMIA-MIA,239,59,-3569,no,delta
1753279118273,KXMLBGAME-25JUL23SFATL-SF,240,39,932,yes,delta
1753279118273,KXMLBGAME-25JUL23SDMIA-MIA,241,58,-3699,no,delta
1753279118273,KXMLBGAME-25JUL23SDMIA-MIA,242,58,-1301,no,delta
1753279118293,KXMLBGAME-25JUL23SDMIA-MIA,243,58,-5000,no,delta
1753279118293,KXMLBGAME-25JUL23SDMIA-SD,244,59,-1086,yes,delta
1753279118313,KXMLBGAME-25JUL23SDMIA-SD,245,58,-801,yes,delta
1753279118314,KXMLBGAME-25JUL23SDMIA-SD,246,58,-60,yes,delta
1753279118334,KXMLBGAME-25JUL23SDMIA-SD,247,58,-4139,yes,delta
1753279118334,KXMLBGAME-25JUL23SDMIA-SD,248,58,-5000,yes,delta
1753279118352,KXMLBGAME-25JUL23SDMIA-SD,249,39,-5000,no,delta
1753279118352,KXMLBGAME-25JUL23SDMIA-SD,250,35,-1500,no,delta
1753279118352,KXMLBGAME-25JUL23SFATL-SF,251,38,568,yes,delta
1753279118352,KXMLBGAME-25JUL23SDMIA-SD,252,39,-1930,no,delta
1753279118414,KXMLBGAME-25JUL23SFATL-SF,253,38,-666,yes,delta
1753279118434,KXMLBGAME-25JUL23SDMIA-MIA,254,39,3987,yes,delta
1753279118434,KXMLBGAME-25JUL23SDMIA-SD,255,40,428,no,delta
1753279118434,KXMLBGAME-25JUL23SDMIA-MIA,256,58,5000,no,delta
1753279118454,KXMLBGAME-25JUL23SDMIA-MIA,257,59,1012,no,delta
1753279118454,KXMLBGAME-25JUL23SDMIA-SD,258,58,5000,yes,delta
1753279118472,KXMLBGAME-25JUL23SDMIA-SD,259,59,1011,yes,delta
1753279118472,KXMLBGAME-25JUL23SDMIA-SD,260,39,3988,no,delta
1753279118534,KXMLBGAME-25JUL23SDMIA-SD,261,39,1072,no,delta
1753279118613,KXMLBGAME-25JUL23SDMIA-MIA,262,35,-1500,yes,delta
1753279118713,KXMLBGAME-25JUL23SDMIA-MIA,263,40,214,yes,delta
1753279118794,KXMLBGAME-25JUL23SDMIA-MIA,264,39,1286,yes,delta
1753279119133,KXMLBGAME-25JUL23LAANYM-LAA,265,37,-349,yes,delta
1753279119153,KXMLBGAME-25JUL23LAANYM-LAA,266,37,-2234,yes,delta
1753279119153,KXMLBGAME-25JUL23LAANYM-NYM,267,37,-349,no,delta
1753279119173,KXMLBGAME-25JUL23LAANYM-NYM,268,37,-1,no,delta
1753279119173,KXMLBGAME-25JUL23LAANYM-NYM,269,37,-2733,no,delta
1753279119254,KXMLBGAME-25JUL23LAANYM-NYM,270,61,1074,yes,delta
1753279119273,KXMLBGAME-25JUL23LAANYM-NYM,271,37,2009,no,delta
1753279119273,KXMLBGAME-25JUL23LAANYM-LAA,272,37,1509,yes,delta
1753279119293,KXMLBGAME-25JUL23LAANYM-LAA,273,61,1074,no,delta
1753279119335,KXMLBGAME-25JUL23MINLAD-LAD,274,65,-1,yes,delta
1753279119335,KXMLBGAME-25JUL23MINLAD-LAD,275,65,-3916,yes,delta
1753279119353,KXMLBGAME-25JUL23MINLAD-LAD,276,65,-599,yes,delta
1753279119353,KXMLBGAME-25JUL23MINLAD-LAD,277,33,-483,no,delta
1753279119374,KXMLBGAME-25JUL23MINLAD-MIN,278,30,-5000,yes,delta
1753279119374,KXMLBGAME-25JUL23MINLAD-MIN,279,65,-583,no,delta
1753279119392,KXMLBGAME-25JUL23MINLAD-MIN,280,65,-4,no,delta
1753279119392,KXMLBGAME-25JUL23MINLAD-MIN,281,65,-4413,no,delta
1753279119452,KXMLBGAME-25JUL23MINLAD-LAD,282,65,4832,yes,delta
1753279119476,KXMLBGAME-25JUL23MINLAD-LAD,283,33,167,no,delta
1753279119476,KXMLBGAME-25JUL23MINLAD-MIN,284,32,17,yes,delta
1753279119492,KXMLBGAME-25JUL23MINLAD-MIN,285,65,-943,no,delta
1753279119492,KXMLBGAME-25JUL23MINLAD-MIN,286,33,167,yes,delta
1753279119492,KXMLBGAME-25JUL23MINLAD-MIN,287,63,5000,no,delta
1753279119512,KXMLBGAME-25JUL23MINLAD-MIN,288,65,4832,no,delta
1753279121233,KXMLBGAME-25JUL23MINLAD-MIN,289,64,-557,no,delta
1753279121234,KXMLBGAME-25JUL23MINLAD-MIN,290,60,1500,no,delta
1753279121234,KXMLBGAME-25JUL23MINLAD-LAD,291,65,-471,yes,delta
1753279122796,KXMLBGAME-25JUL23MINLAD-LAD,292,64,-1029,yes,delta
1753279122833,KXMLBGAME-25JUL23MINLAD-LAD,293,60,1500,yes,delta
1753279122912,KXMLBGAME-25JUL23MINLAD-MIN,294,60,-1500,no,delta
1753279123014,KXMLBGAME-25JUL23MINLAD-MIN,295,65,943,no,delta
1753279123093,KXMLBGAME-25JUL23MINLAD-MIN,296,64,557,no,delta
1753279123193,KXMLBGAME-25JUL23MINLAD-LAD,297,60,-1500,yes,delta
1753279123273,KXMLBGAME-25JUL23MINLAD-LAD,298,65,471,yes,delta
1753279123374,KXMLBGAME-25JUL23MINLAD-LAD,299,64,1029,yes,delta
1753279123895,KXMLBGAME-25JUL23CINWSH-CIN,300,46,-29,no,delta
1753279124053,KXMLBGAME-25JUL23CINWSH-CIN,301,46,10,no,delta
1753279124253,KXMLBGAME-25JUL23CINWSH-CIN,302,12,-333,no,delta
1753279124294,KXMLBGAME-25JUL23CINWSH-CIN,303,12,333,no,delta
1753279149931,KXMLBGAME-25JUL23NYYTOR-NYY,304,3,-1333,no,delta
1753279149931,KXMLBGAME-25JUL23NYYTOR-NYY,305,4,1000,no,delta
1753279155976,KXMLBGAME-25JUL23NYYTOR-NYY,306,43,-43,no,delta
1753279156132,KXMLBGAME-25JUL23NYYTOR-TOR,307,55,43,no,delta
1753279156215,KXMLBGAME-25JUL23NYYTOR-NYY,308,4,-1000,no,delta
1753279156252,KXMLBGAME-25JUL23NYYTOR-NYY,309,4,1000,no,delta
1753279156274,KXMLBGAME-25JUL23NYYTOR-TOR,310,54,43,no,delta
1753279156373,KXMLBGAME-25JUL23NYYTOR-TOR,311,53,43,no,delta
1753279156453,KXMLBGAME-25JUL23NYYTOR-TOR,312,52,43,no,delta
1753279156553,KXMLBGAME-25JUL23NYYTOR-TOR,313,51,43,no,delta
1753279158212,KXMLBGAME-25JUL23NYYTOR-TOR,314,43,-12,yes,delta
1753279158295,KXMLBGAME-25JUL23NYYTOR-TOR,315,43,-5,yes,delta
1753279158393,KXMLBGAME-25JUL23NYYTOR-TOR,316,43,-4,yes,delta
1753279158473,KXMLBGAME-25JUL23NYYTOR-NYY,317,55,22,yes,delta
1753279178034,KXMLBGAME-25JUL23SFATL-ATL,318,60,-4911,yes,delta
1753279178053,KXMLBGAME-25JUL23SFATL-SF,319,37,-5000,yes,delta
1753279178053,KXMLBGAME-25JUL23SFATL-SF,320,38,-88,yes,delta
1753279178073,KXMLBGAME-25JUL23SFATL-SF,321,58,-5000,no,delta
1753279178155,KXMLBGAME-25JUL23SFATL-ATL,322,60,4604,yes,delta
1753279178173,KXMLBGAME-25JUL23SFATL-ATL,323,38,307,no,delta
1753279178173,KXMLBGAME-25JUL23SFATL-SF,324,37,4895,yes,delta
1753279178192,KXMLBGAME-25JUL23SFATL-SF,325,35,5000,yes,delta
1753279178193,KXMLBGAME-25JUL23SFATL-SF,326,60,89,no,delta
1753279178292,KXMLBGAME-25JUL23SFATL-SF,327,39,-104,yes,delta
1753279178355,KXMLBGAME-25JUL23SDMIA-MIA,328,39,-3987,yes,delta
1753279178374,KXMLBGAME-25JUL23SDMIA-SD,329,39,-3988,no,delta
1753279178412,KXMLBGAME-25JUL23SFATL-SF,330,60,104,no,delta
1753279178412,KXMLBGAME-25JUL23SDMIA-MIA,331,39,2213,yes,delta
1753279178432,KXMLBGAME-25JUL23SDMIA-MIA,332,59,1774,no,delta
1753279178432,KXMLBGAME-25JUL23SDMIA-SD,333,59,1275,yes,delta
1753279178432,KXMLBGAME-25JUL23SFATL-SF,334,1,-4000,no,delta
1753279178432,KXMLBGAME-25JUL23SDMIA-SD,335,40,-428,no,delta
1753279178454,KXMLBGAME-25JUL23SDMIA-SD,336,39,2713,no,delta
1753279178473,KXMLBGAME-25JUL23SFATL-SF,337,1,4000,no,delta
1753279178473,KXMLBGAME-25JUL23SFATL-SF,338,39,52,yes,delta
1753279178551,KXMLBGAME-25JUL23SFATL-ATL,339,38,-104,no,delta
1753279179392,KXMLBGAME-25JUL23MINLAD-LAD,340,65,-4832,yes,delta
1753279179393,KXMLBGAME-25JUL23MINLAD-MIN,341,32,-4983,yes,delta
1753279179412,KXMLBGAME-25JUL23MINLAD-MIN,342,33,-167,yes,delta
1753279179412,KXMLBGAME-25JUL23MINLAD-MIN,343,32,-17,yes,delta
1753279179432,KXMLBGAME-25JUL23MINLAD-MIN,344,63,-5000,no,delta
1753279179493,KXMLBGAME-25JUL23MINLAD-LAD,345,65,4500,yes,delta
1753279179493,KXMLBGAME-25JUL23MINLAD-LAD,346,33,332,no,delta
1753279179513,KXMLBGAME-25JUL23MINLAD-MIN,347,32,4999,yes,delta
1753279179513,KXMLBGAME-25JUL23MINLAD-MIN,348,30,5000,yes,delta
1753279179532,KXMLBGAME-25JUL23MINLAD-MIN,349,65,168,no,delta
1753279179734,KXMLBGAME-25JUL23SDMIA-SD,350,39,-1072,no,delta
1753279179812,KXMLBGAME-25JUL23SDMIA-SD,351,35,1500,no,delta
1753279179871,KXMLBGAME-25JUL23SDMIA-MIA,352,54,-1500,no,delta
1753279179894,KXMLBGAME-25JUL23SDMIA-MIA,353,54,-1072,no,delta
1753279179954,KXMLBGAME-25JUL23SDMIA-MIA,354,59,2572,no,delta
1753279179991,KXMLBGAME-25JUL23SDMIA-MIA,355,59,2312,no,delta
1753279180033,KXMLBGAME-25JUL23SDMIA-MIA,356,40,-214,yes,delta
1753279180053,KXMLBGAME-25JUL23SFATL-ATL,357,37,-13,no,delta
1753279180133,KXMLBGAME-25JUL23SFATL-ATL,358,37,-49,no,delta
1753279180194,KXMLBGAME-25JUL23SFATL-ATL,359,37,-42,no,delta
1753279180214,KXMLBGAME-25JUL23SDMIA-SD,360,59,2312,yes,delta
1753279180274,KXMLBGAME-25JUL23SFATL-ATL,361,36,-13,no,delta
1753279180334,KXMLBGAME-25JUL23SFATL-ATL,362,36,-49,no,delta
1753279180393,KXMLBGAME-25JUL23SFATL-ATL,363,36,-42,no,delta
1753279180454,KXMLBGAME-25JUL23SFATL-ATL,364,35,-13,no,delta
1753279180533,KXMLBGAME-25JUL23SFATL-ATL,365,35,-49,no,delta
1753279180594,KXMLBGAME-25JUL23SFATL-ATL,366,35,-42,no,delta
1753279180673,KXMLBGAME-25JUL23SFATL-ATL,367,34,-104,no,delta
1753279180733,KXMLBGAME-25JUL23SFATL-ATL,368,60,52,yes,delta
1753279181334,KXMLBGAME-25JUL23SDMIA-MIA,369,39,-1286,yes,delta
1753279181392,KXMLBGAME-25JUL23SDMIA-MIA,370,35,1500,yes,delta
1753279181392,KXMLBGAME-25JUL23SDMIA-MIA,371,59,-167,no,delta
1753279181553,KXMLBGAME-25JUL23SDMIA-SD,372,59,-167,yes,delta
1753279192632,KXMLBGAME-25JUL23SDMIA-MIA,373,59,-50,no,delta
1753279192673,KXMLBGAME-25JUL23SDMIA-SD,374,59,-50,yes,delta
1753279196434,KXMLBGAME-25JUL23SFATL-SF,375,60,-1000,no,delta
1753279196434,KXMLBGAME-25JUL23SFATL-SF,376,57,1000,no,delta
1753279196434,KXMLBGAME-25JUL23SFATL-ATL,377,60,-1000,yes,delta
1753279196434,KXMLBGAME-25JUL23SFATL-ATL,378,57,1000,yes,delta
1753279196434,KXMLBGAME-25JUL23SFATL-ATL,379,60,-1500,yes,delta
1753279196434,KXMLBGAME-25JUL23SFATL-ATL,380,59,1500,yes,delta
1753279196434,KXMLBGAME-25JUL23SFATL-SF,381,60,-1500,no,delta
1753279196435,KXMLBGAME-25JUL23SFATL-SF,382,59,1500,no,delta
1753279196556,KXMLBGAME-25JUL23SFATL-ATL,383,35,-1000,no,delta
1753279196556,KXMLBGAME-25JUL23SFATL-ATL,384,38,1000,no,delta
1753279196556,KXMLBGAME-25JUL23SFATL-SF,385,35,-1000,yes,delta
1753279196556,KXMLBGAME-25JUL23SFATL-SF,386,38,1000,yes,delta
1753279196556,KXMLBGAME-25JUL23SFATL-ATL,387,37,-3000,no,delta
1753279196556,KXMLBGAME-25JUL23SFATL-ATL,388,38,3000,no,delta
1753279196556,KXMLBGAME-25JUL23SFATL-SF,389,37,-3000,yes,delta
1753279196556,KXMLBGAME-25JUL23SFATL-SF,390,38,3000,yes,delta
1753279198011,KXMLBGAME-25JUL23CINWSH-CIN,391,46,-175,no,delta
1753279198193,KXMLBGAME-25JUL23CINWSH-CIN,392,12,-333,no,delta
1753279198233,KXMLBGAME-25JUL23CINWSH-CIN,393,12,333,no,delta
1753279204335,KXMLBGAME-25JUL23SDMIA-MIA,394,59,-16,no,delta
1753279204819,KXMLBGAME-25JUL23CINWSH-CIN,395,46,-265,no,delta
1753279205228,KXMLBGAME-25JUL23SDMIA-SD,396,59,-16,yes,delta
1753279205228,KXMLBGAME-25JUL23CINWSH-CIN,397,52,1,yes,delta
1753279205413,KXMLBGAME-25JUL23CINWSH-CIN,398,46,264,no,delta
1753279206435,KXMLBGAME-25JUL23SFATL-SF,399,36,-578,yes,delta
1753279206435,KXMLBGAME-25JUL23SFATL-SF,400,37,563,yes,delta
1753279206969,KXMLBGAME-25JUL23SFATL-ATL,401,34,-1226,no,delta
1753279206969,KXMLBGAME-25JUL23SFATL-ATL,402,36,-578,no,delta
1753279206969,KXMLBGAME-25JUL23SFATL-ATL,403,37,563,no,delta
1753279207474,KXMLBGAME-25JUL23CINWSH-WSH,404,53,434,no,delta
1753279207637,KXMLBGAME-25JUL23CINWSH-CIN,405,46,-240,no,delta
1753279207836,KXMLBGAME-25JUL23SDMIA-SD,406,40,520,no,delta
1753279208183,KXMLBGAME-25JUL23SDMIA-MIA,407,58,-2127,no,delta
1753279208335,KXMLBGAME-25JUL23CINWSH-CIN,408,46,-17,no,delta
1753279208412,KXMLBGAME-25JUL23SDMIA-MIA,409,59,3630,no,delta
1753279208534,KXMLBGAME-25JUL23SFATL-ATL,410,39,-130,no,delta
1753279208831,KXMLBGAME-25JUL23CINWSH-CIN,411,12,-333,no,delta
1753279208831,KXMLBGAME-25JUL23SFATL-SF,412,60,120,no,delta
1753279209035,KXMLBGAME-25JUL23CINWSH-CIN,413,12,333,no,delta
1753279209323,KXMLBGAME-25JUL23DETPIT-PIT,414,54,40,no,delta
1753279209414,KXMLBGAME-25JUL23DETPIT-DET,415,44,-50,no,delta
1753279209635,KXMLBGAME-25JUL23LAANYM-LAA,416,61,-840,no,delta
1753279210040,KXMLBGAME-25JUL23LAANYM-NYM,417,38,579,no,delta
1753279210117,KXMLBGAME-25JUL23LAANYM-LAA,418,33,-1500,yes,delta
1753279210237,KXMLBGAME-25JUL23MILSEA-MIL,419,55,-1300,no,delta
1753279210335,KXMLBGAME-25JUL23LAANYM-LAA,420,38,1219,yes,delta
1753279210654,KXMLBGAME-25JUL23LAANYM-LAA,421,37,281,yes,delta
1753279210715,KXMLBGAME-25JUL23MILSEA-MIL,422,54,3110,no,delta
1753279210715,KXMLBGAME-25JUL23DETPIT-DET,423,44,-72,no,delta
1753279210934,KXMLBGAME-25JUL23MILSEA-SEA,424,44,2230,no,delta
1753279211313,KXMLBGAME-25JUL23DETPIT-DET,425,29,-137,no,delta
1753279211313,KXMLBGAME-25JUL23MINLAD-LAD,426,34,360,no,delta
1753279211514,KXMLBGAME-25JUL23DETPIT-DET,427,30,-30000,no,delta
1753279211614,KXMLBGAME-25JUL23BALCLE-CLE,428,46,-40,no,delta
1753279211634,KXMLBGAME-25JUL23DETPIT-DET,429,28,30000,no,delta
1753279211987,KXMLBGAME-25JUL23BALCLE-BAL,430,53,40,no,delta
1753279214034,KXMLBGAME-25JUL23SDMIA-SD,431,40,-3,no,delta
1753279214648,KXMLBGAME-25JUL23SDMIA-SD,432,5,-800,no,delta
1753279214648,KXMLBGAME-25JUL23SFATL-SF,433,37,563,yes,delta
1753279214648,KXMLBGAME-25JUL23STLCOL-STL,434,37,-23,no,delta
1753279214835,KXMLBGAME-25JUL23SDMIA-SD,435,12,333,no,delta
1753279214836,KXMLBGAME-25JUL23SFATL-ATL,436,37,563,no,delta
1753279218437,KXMLBGAME-25JUL23SFATL-SF,437,37,-563,yes,delta
1753279226397,KXMLBGAME-25JUL23SFATL-ATL,438,38,-1000,no,delta
1753279226397,KXMLBGAME-25JUL23SFATL-ATL,439,35,1000,no,delta
1753279226397,KXMLBGAME-25JUL23SFATL-SF,440,38,-1000,yes,delta
1753279226397,KXMLBGAME-25JUL23SFATL-SF,441,35,1000,yes,delta
1753279226414,KXMLBGAME-25JUL23SFATL-SF,442,38,-3000,yes,delta
1753279226414,KXMLBGAME-25JUL23SFATL-SF,443,37,3000,yes,delta
1753279226414,KXMLBGAME-25JUL23SFATL-ATL,444,38,-3000,no,delta
1753279226414,KXMLBGAME-25JUL23SFATL-ATL,445,37,3000,no,delta
1753279226513,KXMLBGAME-25JUL23SFATL-SF,446,57,-1000,no,delta
1753279226513,KXMLBGAME-25JUL23SFATL-SF,447,60,1000,no,delta
1753279226513,KXMLBGAME-25JUL23SFATL-ATL,448,57,-1000,yes,delta
1753279226513,KXMLBGAME-25JUL23SFATL-ATL,449,60,1000,yes,delta
1753279226513,KXMLBGAME-25JUL23SFATL-SF,450,59,-1500,no,delta
1753279226513,KXMLBGAME-25JUL23SFATL-SF,451,60,1500,no,delta
1753279226513,KXMLBGAME-25JUL23SFATL-ATL,452,59,-1500,yes,delta
1753279226513,KXMLBGAME-25JUL23SFATL-ATL,453,60,1500,yes,delta
1753279229086,KXMLBGAME-25JUL23SDMIA-MIA,454,59,-3390,no,delta
1753279229114,KXMLBGAME-25JUL23SDMIA-MIA,455,58,-1871,no,delta
1753279229254,KXMLBGAME-25JUL23SDMIA-MIA,456,59,2887,no,delta
1753279229394,KXMLBGAME-25JUL23SDMIA-MIA,457,58,1468,no,delta
1753279233293,KXMLBGAME-25JUL23LAANYM-LAA,458,61,-4,no,delta
1753279233494,KXMLBGAME-25JUL23LAANYM-LAA,459,1,-4000,no,delta
1753279233532,KXMLBGAME-25JUL23LAANYM-LAA,460,1,4000,no,delta
1753279233976,KXMLBGAME-25JUL23SFATL-ATL,461,35,1191,no,delta
1753279233976,KXMLBGAME-25JUL23SFATL-ATL,462,37,-563,no,delta
1753279234719,KXMLBGAME-25JUL23LAANYM-NYM,463,37,4,no,delta
1753279234719,KXMLBGAME-25JUL23LAANYM-NYM,464,36,4,no,delta
1753279234751,KXMLBGAME-25JUL23LAANYM-NYM,465,35,4,no,delta
1753279234812,KXMLBGAME-25JUL23LAANYM-NYM,466,34,4,no,delta
1753279234893,KXMLBGAME-25JUL23LAANYM-NYM,467,33,4,no,delta
1753279234954,KXMLBGAME-25JUL23LAANYM-NYM,468,61,-2,yes,delta
1753279235014,KXMLBGAME-25JUL23LAANYM-LAA,469,38,2,yes,delta
1753279235737,KXMLBGAME-25JUL23SDMIA-SD,470,59,87,yes,delta
1753279235737,KXMLBGAME-25JUL23SDMIA-MIA,471,39,65,yes,delta
1753279235737,KXMLBGAME-25JUL23SDMIA-SD,472,58,-87,yes,delta
1753279235737,KXMLBGAME-25JUL23SDMIA-MIA,473,58,-87,no,delta
1753279235737,KXMLBGAME-25JUL23SDMIA-MIA,474,40,-65,yes,delta
1753279235737,KXMLBGAME-25JUL23SDMIA-SD,475,39,65,no,delta
1753279235737,KXMLBGAME-25JUL23SDMIA-MIA,476,59,87,no,delta
1753279235737,KXMLBGAME-25JUL23SDMIA-SD,477,40,-65,no,delta
1753279235794,KXMLBGAME-25JUL23SDMIA-SD,478,58,87,yes,delta
1753279235794,KXMLBGAME-25JUL23SDMIA-SD,479,39,-65,no,delta
1753279235794,KXMLBGAME-25JUL23SDMIA-SD,480,59,-87,yes,delta
1753279235794,KXMLBGAME-25JUL23SDMIA-SD,481,40,65,no,delta
1753279235812,KXMLBGAME-25JUL23SDMIA-MIA,482,59,-87,no,delta
1753279235812,KXMLBGAME-25JUL23SDMIA-MIA,483,39,-65,yes,delta
1753279235812,KXMLBGAME-25JUL23SDMIA-MIA,484,40,65,yes,delta
1753279235832,KXMLBGAME-25JUL23SDMIA-MIA,485,58,87,no,delta
1753279235832,KXMLBGAME-25JUL23SFATL-ATL,486,35,1191,no,delta
1753279236113,KXMLBGAME-25JUL23SDMIA-SD,487,58,-87,yes,delta
1753279236113,KXMLBGAME-25JUL23SDMIA-SD,488,59,87,yes,delta
1753279236113,KXMLBGAME-25JUL23SDMIA-SD,489,40,-65,no,delta
1753279236113,KXMLBGAME-25JUL23SDMIA-SD,490,39,65,no,delta
1753279236132,KXMLBGAME-25JUL23SDMIA-MIA,491,40,-65,yes,delta
1753279236132,KXMLBGAME-25JUL23SDMIA-MIA,492,59,87,no,delta
1753279236152,KXMLBGAME-25JUL23SDMIA-MIA,493,39,65,yes,delta
1753279236152,KXMLBGAME-25JUL23SDMIA-MIA,494,58,-87,no,delta
1753279236536,KXMLBGAME-25JUL23SDMIA-SD,495,58,87,yes,delta
1753279236536,KXMLBGAME-25JUL23SDMIA-SD,496,40,65,no,delta
1753279236553,KXMLBGAME-25JUL23SDMIA-SD,497,39,-65,no,delta
1753279236553,KXMLBGAME-25JUL23SDMIA-SD,498,59,-87,yes,delta
1753279236553,KXMLBGAME-25JUL23SDMIA-MIA,499,39,-65,yes,delta
1753279236553,KXMLBGAME-25JUL23SDMIA-MIA,500,58,87,no,delta
1753279236553,KXMLBGAME-25JUL23SDMIA-MIA,501,59,-87,no,delta
1753279236572,KXMLBGAME-25JUL23SDMIA-MIA,502,40,65,yes,delta
1753279237149,KXMLBGAME-25JUL23CINWSH-CIN,503,50,-5000,yes,delta
1753279237149,KXMLBGAME-25JUL23SDMIA-SD,504,59,87,yes,delta
1753279237149,KXMLBGAME-25JUL23SDMIA-SD,505,40,-65,no,delta
1753279237149,KXMLBGAME-25JUL23SDMIA-SD,506,58,-87,yes,delta
1753279237149,KXMLBGAME-25JUL23SDMIA-MIA,507,59,87,no,delta
1753279237149,KXMLBGAME-25JUL23SDMIA-MIA,508,40,-65,yes,delta
1753279237149,KXMLBGAME-25JUL23CINWSH-CIN,509,45,-2,no,delta
1753279237149,KXMLBGAME-25JUL23SDMIA-MIA,510,58,-87,no,delta
1753279237149,KXMLBGAME-25JUL23SDMIA-MIA,511,39,65,yes,delta
1753279237149,KXMLBGAME-25JUL23CINWSH-CIN,512,45,-4998,no,delta
1753279237212,KXMLBGAME-25JUL23CINWSH-CIN,513,46,-264,no,delta
1753279237212,KXMLBGAME-25JUL23SDMIA-SD,514,39,65,no,delta
1753279237232,KXMLBGAME-25JUL23CINWSH-WSH,515,45,-4765,yes,delta
1753279237233,KXMLBGAME-25JUL23CINWSH-WSH,516,53,-208,no,delta
1753279237253,KXMLBGAME-25JUL23CINWSH-WSH,517,53,-25,no,delta
1753279237253,KXMLBGAME-25JUL23CINWSH-WSH,518,53,-1,no,delta
1753279237313,KXMLBGAME-25JUL23CINWSH-CIN,519,53,783,yes,delta
1753279237313,KXMLBGAME-25JUL23CINWSH-CIN,520,52,265,yes,delta
1753279237333,KXMLBGAME-25JUL23CINWSH-CIN,521,43,5000,no,delta
1753279237333,KXMLBGAME-25JUL23CINWSH-CIN,522,45,4216,no,delta
1753279237356,KXMLBGAME-25JUL23CINWSH-WSH,523,45,3716,yes,delta
1753279237356,KXMLBGAME-25JUL23CINWSH-WSH,524,53,1283,no,delta
1753279238335,KXMLBGAME-25JUL23SFATL-ATL,525,60,-4604,yes,delta
1753279238354,KXMLBGAME-25JUL23SFATL-SF,526,35,-5000,yes,delta
1753279238354,KXMLBGAME-25JUL23SFATL-SF,527,60,-89,no,delta
1753279238374,KXMLBGAME-25JUL23SFATL-SF,528,60,-4911,no,delta
1753279238433,KXMLBGAME-25JUL23SFATL-ATL,529,60,4057,yes,delta
1753279238433,KXMLBGAME-25JUL23SFATL-ATL,530,38,547,no,delta
1753279238452,KXMLBGAME-25JUL23SFATL-SF,531,38,942,yes,delta
1753279238453,KXMLBGAME-25JUL23SFATL-SF,532,37,105,yes,delta
1753279238472,KXMLBGAME-25JUL23SFATL-SF,533,58,5000,no,delta
1753279238472,KXMLBGAME-25JUL23SFATL-SF,534,60,4057,no,delta
1753279239531,KXMLBGAME-25JUL23SFATL-SF,535,36,1500,yes,delta
1753279239531,KXMLBGAME-25JUL23SFATL-SF,536,58,1500,no,delta
1753279239552,KXMLBGAME-25JUL23MILSEA-SEA,537,52,1500,yes,delta
1753279239552,KXMLBGAME-25JUL23LAANYM-NYM,538,59,1500,yes,delta
1753279239552,KXMLBGAME-25JUL23KCCHC-KC,539,40,1500,yes,delta
1753279239552,KXMLBGAME-25JUL23DETPIT-PIT,540,41,1500,yes,delta
1753279239552,KXMLBGAME-25JUL23LAANYM-LAA,541,35,1500,yes,delta
1753279239552,KXMLBGAME-25JUL23BOSPHI-PHI,542,56,1500,yes,delta
1753279239552,KXMLBGAME-25JUL23CINWSH-WSH,543,44,1500,yes,delta
1753279239552,KXMLBGAME-25JUL23SDMIA-SD,544,57,1500,yes,delta
1753279239552,KXMLBGAME-25JUL23SFATL-ATL,545,58,1500,yes,delta
1753279239552,KXMLBGAME-25JUL23SDMIA-MIA,546,38,1500,yes,delta
1753279239552,KXMLBGAME-25JUL23STLCOL-COL,547,34,1500,yes,delta
1753279239552,KXMLBGAME-25JUL23CWSTB-TB,548,63,1500,yes,delta
1753279239552,KXMLBGAME-25JUL23STLCOL-STL,549,60,1500,yes,delta
1753279239573,KXMLBGAME-25JUL23HOUARI-HOU,550,44,1500,yes,delta
1753279239573,KXMLBGAME-25JUL23KCCHC-KC,551,55,1500,no,delta
1753279239573,KXMLBGAME-25JUL23LAANYM-NYM,552,35,1500,no,delta
1753279239573,KXMLBGAME-25JUL23BOSPHI-PHI,553,38,1500,no,delta
1753279239573,KXMLBGAME-25JUL23LAANYM-LAA,554,59,1500,no,delta
1753279239573,KXMLBGAME-25JUL23CINWSH-WSH,555,50,1500,no,delta
1753279239573,KXMLBGAME-25JUL23DETPIT-PIT,556,53,1500,no,delta
1753279239573,KXMLBGAME-25JUL23MILSEA-SEA,557,42,1500,no,delta
1753279239573,KXMLBGAME-25JUL23SDMIA-SD,558,38,1500,no,delta
1753279239573,KXMLBGAME-25JUL23CWSTB-CWS,559,31,1500,yes,delta
1753279239573,KXMLBGAME-25JUL23ATHTEX-ATH,560,40,1500,yes,delta
1753279239573,KXMLBGAME-25JUL23DETPIT-DET,561,53,1500,yes,delta
1753279239573,KXMLBGAME-25JUL23MINLAD-MIN,562,31,1500,yes,delta
1753279239573,KXMLBGAME-25JUL23MINLAD-LAD,563,63,1500,yes,delta
1753279239573,KXMLBGAME-25JUL23CINWSH-CIN,564,50,1500,yes,delta
1753279239573,KXMLBGAME-25JUL23HOUARI-ARI,565,50,1500,yes,delta
1753279239573,KXMLBGAME-25JUL23MILSEA-MIL,566,42,1500,yes,delta
1753279239574,KXMLBGAME-25JUL23SFATL-ATL,567,36,1500,no,delta
1753279239574,KXMLBGAME-25JUL23KCCHC-CHC,568,55,1500,yes,delta
1753279239574,KXMLBGAME-25JUL23CWSTB-TB,569,31,1500,no,delta
1753279239574,KXMLBGAME-25JUL23STLCOL-COL,570,60,1500,no,delta
1753279239574,KXMLBGAME-25JUL23SDMIA-MIA,571,57,1500,no,delta
1753279239574,KXMLBGAME-25JUL23STLCOL-STL,572,34,1500,no,delta
1753279239593,KXMLBGAME-25JUL23ATHTEX-TEX,573,54,1500,yes,delta
1753279239593,KXMLBGAME-25JUL23BOSPHI-BOS,574,38,1500,yes,delta
1753279239593,KXMLBGAME-25JUL23BALCLE-BAL,575,43,1500,yes,delta
1753279239593,KXMLBGAME-25JUL23NYYTOR-TOR,576,41,1500,yes,delta
1753279239593,KXMLBGAME-25JUL23BALCLE-CLE,577,51,1500,yes,delta
1753279239593,KXMLBGAME-25JUL23ATHTEX-ATH,578,54,1500,no,delta
1753279239593,KXMLBGAME-25JUL23CWSTB-CWS,579,63,1500,no,delta
1753279239593,KXMLBGAME-25JUL23DETPIT-DET,580,41,1500,no,delta
1753279239593,KXMLBGAME-25JUL23HOUARI-HOU,581,50,1500,no,delta
1753279239594,KXMLBGAME-25JUL23NYYTOR-NYY,582,54,1500,yes,delta
1753279239594,KXMLBGAME-25JUL23MILSEA-MIL,583,52,1500,no,delta
1753279239594,KXMLBGAME-25JUL23MINLAD-MIN,584,63,1500,no,delta
1753279239594,KXMLBGAME-25JUL23CINWSH-CIN,585,44,1500,no,delta
1753279239594,KXMLBGAME-25JUL23HOUARI-ARI,586,44,1500,no,delta
1753279239594,KXMLBGAME-25JUL23KCCHC-CHC,587,40,1500,no,delta
1753279239594,KXMLBGAME-25JUL23MINLAD-LAD,588,31,1500,no,delta
1753279239614,KXMLBGAME-25JUL23BOSPHI-BOS,589,56,1500,no,delta
1753279239614,KXMLBGAME-25JUL23ATHTEX-TEX,590,40,1500,no,delta
1753279239614,KXMLBGAME-25JUL23NYYTOR-TOR,591,54,1500,no,delta
1753279239614,KXMLBGAME-25JUL23BALCLE-CLE,592,43,1500,no,delta
1753279239614,KXMLBGAME-25JUL23NYYTOR-NYY,593,41,1500,no,delta
1753279239614,KXMLBGAME-25JUL23BALCLE-BAL,594,51,1500,no,delta
1753279244071,KXMLBGAME-25JUL23SFATL-ATL,595,35,-1191,no,delta
1753279249317,KXMLBGAME-25JUL23BOSPHI-BOS,596,41,600,yes,delta
1753279250754,KXMLBGAME-25JUL23CINWSH-WSH,597,53,-40,no,delta
1753279250956,KXMLBGAME-25JUL23CINWSH-WSH,598,1,-4000,no,delta
1753279250993,KXMLBGAME-25JUL23CINWSH-WSH,599,1,4000,no,delta
1753279260854,KXMLBGAME-25JUL23BOSPHI-PHI,600,41,-1,no,delta
1753279265742,KXMLBGAME-25JUL23CINWSH-WSH,601,52,-808,no,delta
1753279265875,KXMLBGAME-25JUL23CINWSH-WSH,602,51,-412,no,delta
1753279266032,KXMLBGAME-25JUL23CINWSH-WSH,603,53,799,no,delta
1753279266174,KXMLBGAME-25JUL23CINWSH-WSH,604,52,407,no,delta
1753279275413,KXMLBGAME-25JUL23NYYTOR-NYY,605,43,-1,no,delta
1753279276232,KXMLBGAME-25JUL23NYYTOR-NYY,606,4,-1000,no,delta
1753279276433,KXMLBGAME-25JUL23NYYTOR-NYY,607,12,333,no,delta
1753279276632,KXMLBGAME-25JUL23NYYTOR-TOR,608,55,1,no,delta
1753279276933,KXMLBGAME-25JUL23NYYTOR-TOR,609,54,1,no,delta
1753279277112,KXMLBGAME-25JUL23NYYTOR-TOR,610,53,1,no,delta
1753279277239,KXMLBGAME-25JUL23NYYTOR-TOR,611,52,1,no,delta
1753279277625,KXMLBGAME-25JUL23NYYTOR-TOR,612,51,1,no,delta
1753279277635,KXMLBGAME-25JUL23NYYTOR-TOR,613,43,-1,yes,delta
1753279291613,KXMLBGAME-25JUL23SDMIA-SD,614,40,-5275,no,delta
1753279291613,KXMLBGAME-25JUL23SDMIA-SD,615,39,5275,no,delta
1753279292452,KXMLBGAME-25JUL23SDMIA-SD,616,39,0,no,delta
1753279298372,KXMLBGAME-25JUL23SFATL-ATL,617,60,-4057,yes,delta
1753279298372,KXMLBGAME-25JUL23SFATL-ATL,618,38,-547,no,delta
1753279298392,KXMLBGAME-25JUL23SFATL-ATL,619,38,-307,no,delta
1753279298392,KXMLBGAME-25JUL23SFATL-ATL,620,38,-88,no,delta
1753279298412,KXMLBGAME-25JUL23SFATL-SF,621,38,-942,yes,delta
1753279298552,KXMLBGAME-25JUL23SFATL-ATL,622,60,3751,yes,delta
1753279298552,KXMLBGAME-25JUL23SFATL-ATL,623,38,1248,no,delta
1753279298572,KXMLBGAME-25JUL23SFATL-SF,624,38,748,yes,delta
1753279298572,KXMLBGAME-25JUL23SFATL-SF,625,60,194,no,delta
1753279298595,KXMLBGAME-25JUL23SDMIA-MIA,626,59,-1774,no,delta
1753279298611,KXMLBGAME-25JUL23SDMIA-MIA,627,59,-1012,no,delta
1753279298611,KXMLBGAME-25JUL23SDMIA-SD,628,59,-1275,yes,delta
1753279298631,KXMLBGAME-25JUL23SDMIA-SD,629,59,-1011,yes,delta
1753279298672,KXMLBGAME-25JUL23SDMIA-MIA,630,39,424,yes,delta
1753279298691,KXMLBGAME-25JUL23SDMIA-MIA,631,59,2362,no,delta
1753279298692,KXMLBGAME-25JUL23SDMIA-SD,632,59,1862,yes,delta
1753279298712,KXMLBGAME-25JUL23SDMIA-SD,633,39,424,no,delta
1753279307730,KXMLBGAME-25JUL23SDMIA-MIA,634,59,-2000,no,delta
1753279307772,KXMLBGAME-25JUL23SDMIA-SD,635,59,-2000,yes,delta
1753279312714,KXMLBGAME-25JUL23SDMIA-SD,636,40,-32,no,delta
1753279312994,KXMLBGAME-25JUL23SDMIA-SD,637,12,-333,no,delta
1753279321553,KXMLBGAME-25JUL23NYYTOR-TOR,638,43,-1000,yes,delta
1753279321554,KXMLBGAME-25JUL23NYYTOR-TOR,639,40,1000,yes,delta
1753279321554,KXMLBGAME-25JUL23NYYTOR-NYY,640,43,-1000,no,delta
1753279321554,KXMLBGAME-25JUL23NYYTOR-NYY,641,40,1000,no,delta
1753279321554,KXMLBGAME-25JUL23NYYTOR-TOR,642,43,-2500,yes,delta
1753279321554,KXMLBGAME-25JUL23NYYTOR-TOR,643,42,2500,yes,delta
1753279321554,KXMLBGAME-25JUL23NYYTOR-NYY,644,43,-2500,no,delta
1753279321554,KXMLBGAME-25JUL23NYYTOR-NYY,645,42,2500,no,delta
1753279321554,KXMLBGAME-25JUL23NYYTOR-TOR,646,52,-1000,no,delta
1753279321554,KXMLBGAME-25JUL23NYYTOR-TOR,647,55,1000,no,delta
1753279321554,KXMLBGAME-25JUL23NYYTOR-NYY,648,52,-1000,yes,delta
1753279321554,KXMLBGAME-25JUL23NYYTOR-NYY,649,55,1000,yes,delta
1753279321575,KXMLBGAME-25JUL23NYYTOR-NYY,650,54,-2000,yes,delta
1753279321575,KXMLBGAME-25JUL23NYYTOR-NYY,651,55,2000,yes,delta
1753279321575,KXMLBGAME-25JUL23NYYTOR-TOR,652,54,-2000,no,delta
1753279321575,KXMLBGAME-25JUL23NYYTOR-TOR,653,55,2000,no,delta
1753279327352,KXMLBGAME-25JUL23CINWSH-CIN,654,46,-35,no,delta
1753279327552,KXMLBGAME-25JUL23CINWSH-CIN,655,12,-333,no,delta
1753279327593,KXMLBGAME-25JUL23CINWSH-CIN,656,29,137,no,delta
1753279327693,KXMLBGAME-25JUL23CINWSH-CIN,657,28,-30000,no,delta
1753279327813,KXMLBGAME-25JUL23CINWSH-CIN,658,30,30000,no,delta
1753279330234,KXMLBGAME-25JUL23CINWSH-CIN,659,45,15000,no,delta
1753279341733,KXMLBGAME-25JUL23SFATL-ATL,660,39,-31,no,delta
1753279345004,KXMLBGAME-25JUL23CINWSH-WSH,661,52,2500,no,delta
1753279348999,KXMLBGAME-25JUL23SDMIA-MIA,662,59,-2887,no,delta
1753279349073,KXMLBGAME-25JUL23SDMIA-MIA,663,58,-1468,no,delta
1753279349195,KXMLBGAME-25JUL23SDMIA-MIA,664,59,1859,no,delta
1753279349333,KXMLBGAME-25JUL23SDMIA-MIA,665,58,945,no,delta
1753279349612,KXMLBGAME-25JUL23SDMIA-MIA,666,59,-79,no,delta
1753279349612,KXMLBGAME-25JUL23SDMIA-SD,667,59,-79,yes,delta
1753279354527,KXMLBGAME-25JUL23NYYTOR-TOR,668,42,-1526,yes,delta
1753279354552,KXMLBGAME-25JUL23NYYTOR-TOR,669,41,-782,yes,delta
1753279354674,KXMLBGAME-25JUL23NYYTOR-TOR,670,41,1527,yes,delta
1753279354815,KXMLBGAME-25JUL23NYYTOR-TOR,671,40,782,yes,delta
1753279360144,KXMLBGAME-25JUL23BOSPHI-BOS,672,21,-283,yes,delta
1753279360213,KXMLBGAME-25JUL23BOSPHI-BOS,673,23,70,yes,delta
1753279360213,KXMLBGAME-25JUL23BOSPHI-BOS,674,24,33,yes,delta
1753279360232,KXMLBGAME-25JUL23BOSPHI-BOS,675,25,31,yes,delta
1753279360232,KXMLBGAME-25JUL23BOSPHI-BOS,676,21,-10000,yes,delta
1753279360233,KXMLBGAME-25JUL23BOSPHI-BOS,677,26,24,yes,delta
1753279360253,KXMLBGAME-25JUL23BOSPHI-BOS,678,27,73,yes,delta
1753279360253,KXMLBGAME-25JUL23BOSPHI-BOS,679,28,52,yes,delta
1753279360334,KXMLBGAME-25JUL23BOSPHI-BOS,680,20,10000,yes,delta
1753279360334,KXMLBGAME-25JUL23BOSPHI-BOS,681,27,-30000,yes,delta
1753279360455,KXMLBGAME-25JUL23BOSPHI-BOS,682,28,30000,yes,delta
1753279364256,KXMLBGAME-25JUL23NYYTOR-NYY,683,43,-3194,no,delta
1753279364256,KXMLBGAME-25JUL23NYYTOR-TOR,684,43,-2694,yes,delta
1753279364256,KXMLBGAME-25JUL23NYYTOR-TOR,685,55,-500,no,delta
1753279364256,KXMLBGAME-25JUL23NYYTOR-TOR,686,55,-2,no,delta
1753279364256,KXMLBGAME-25JUL23NYYTOR-TOR,687,55,-1803,no,delta
1753279364314,KXMLBGAME-25JUL23NYYTOR-TOR,688,43,296,yes,delta
1753279364314,KXMLBGAME-25JUL23NYYTOR-TOR,689,55,4703,no,delta
1753279364333,KXMLBGAME-25JUL23NYYTOR-NYY,690,55,2398,yes,delta
1753279364333,KXMLBGAME-25JUL23NYYTOR-NYY,691,43,796,no,delta
1753279367124,KXMLBGAME-25JUL23SDMIA-SD,692,38,20000,no,delta
1753279370502,KXMLBGAME-25JUL23CINWSH-WSH,693,53,-799,no,delta
1753279370813,KXMLBGAME-25JUL23CINWSH-WSH,694,52,-407,no,delta
1753279370956,KXMLBGAME-25JUL23CINWSH-WSH,695,52,808,no,delta
1753279371093,KXMLBGAME-25JUL23CINWSH-WSH,696,51,412,no,delta
1753279383290,KXMLBGAME-25JUL23SDMIA-MIA,697,58,20000,no,delta
1753279387091,KXMLBGAME-25JUL23MILSEA-MIL,698,55,-94,no,delta
1753279387214,KXMLBGAME-25JUL23NYYTOR-NYY,699,43,-668,no,delta
1753279387254,KXMLBGAME-25JUL23NYYTOR-TOR,700,55,4000,no,delta
1753279387313,KXMLBGAME-25JUL23MILSEA-MIL,701,1,-4000,no,delta
1753279387353,KXMLBGAME-25JUL23MILSEA-MIL,702,1,4000,no,delta
1753279387372,KXMLBGAME-25JUL23NYYTOR-NYY,703,43,-8,no,delta
1753279387536,KXMLBGAME-25JUL23NYYTOR-NYY,704,43,-8,no,delta
1753279387673,KXMLBGAME-25JUL23CINWSH-WSH,705,53,52,no,delta
1753279387694,KXMLBGAME-25JUL23NYYTOR-NYY,706,43,-8,no,delta
1753279387795,KXMLBGAME-25JUL23SDMIA-SD,707,40,60,no,delta
1753279387852,KXMLBGAME-25JUL23NYYTOR-NYY,708,43,-8,no,delta
1753279387913,KXMLBGAME-25JUL23SDMIA-MIA,709,59,-60,no,delta
1753279388033,KXMLBGAME-25JUL23DETPIT-PIT,710,54,190,no,delta
1753279388155,KXMLBGAME-25JUL23DETPIT-DET,711,44,-180,no,delta
1753279388273,KXMLBGAME-25JUL23LAANYM-LAA,712,61,-390,no,delta
1753279388413,KXMLBGAME-25JUL23LAANYM-NYM,713,38,400,no,delta
1753279388534,KXMLBGAME-25JUL23STLCOL-STL,714,37,110,no,delta
1753279388674,KXMLBGAME-25JUL23STLCOL-COL,715,62,-77,no,delta
1753279388797,KXMLBGAME-25JUL23MILSEA-MIL,716,54,-1230,no,delta
1753279388934,KXMLBGAME-25JUL23MILSEA-SEA,717,44,1250,no,delta
1753279389035,KXMLBGAME-25JUL23MINLAD-LAD,718,34,-280,no,delta
1753279408812,KXMLBGAME-25JUL23SFATL-SF,719,59,30000,no,delta
1753279414739,KXMLBGAME-25JUL23CINWSH-CIN,720,46,-53,no,delta
1753279415148,KXMLBGAME-25JUL23CINWSH-CIN,721,29,-137,no,delta
1753279415214,KXMLBGAME-25JUL23CINWSH-CIN,722,31,129,no,delta
1753279415233,KXMLBGAME-25JUL23CINWSH-CIN,723,30,-30000,no,delta
1753279415531,KXMLBGAME-25JUL23CINWSH-CIN,724,32,30000,no,delta
1753279418731,KXMLBGAME-25JUL23DETPIT-PIT,725,55,-17,no,delta
1753279418916,KXMLBGAME-25JUL23CINWSH-CIN,726,52,-265,yes,delta
1753279418916,KXMLBGAME-25JUL23STLCOL-STL,727,37,-61,no,delta
1753279419115,KXMLBGAME-25JUL23CINWSH-CIN,728,52,-1,yes,delta
1753279419115,KXMLBGAME-25JUL23DETPIT-DET,729,54,-5000,yes,delta
1753279419115,KXMLBGAME-25JUL23DETPIT-PIT,730,1,-4000,no,delta
1753279419333,KXMLBGAME-25JUL23CINWSH-CIN,731,53,-783,yes,delta
1753279419442,KXMLBGAME-25JUL23DETPIT-PIT,732,54,-5000,no,delta
1753279419442,KXMLBGAME-25JUL23DETPIT-PIT,733,1,4000,no,delta
1753279419443,KXMLBGAME-25JUL23SDMIA-MIA,734,39,-424,yes,delta
1753279419443,KXMLBGAME-25JUL23CINWSH-CIN,735,52,-4734,yes,delta
1753279419537,KXMLBGAME-25JUL23CINWSH-CIN,736,43,-5000,no,delta
1753279419538,KXMLBGAME-25JUL23SDMIA-MIA,737,39,-2213,yes,delta
1753279419538,KXMLBGAME-25JUL23DETPIT-DET,738,42,5000,no,delta
1753279419713,KXMLBGAME-25JUL23SDMIA-SD,739,39,-424,no,delta
1753279419713,KXMLBGAME-25JUL23CINWSH-WSH,740,53,-1283,no,delta
1753279419713,KXMLBGAME-25JUL23DETPIT-PIT,741,55,5000,no,delta
1753279419733,KXMLBGAME-25JUL23SDMIA-SD,742,39,-2713,no,delta
1753279419734,KXMLBGAME-25JUL23DETPIT-DET,743,55,5000,yes,delta
1753279419813,KXMLBGAME-25JUL23SDMIA-MIA,744,39,2213,yes,delta
1753279419813,KXMLBGAME-25JUL23CINWSH-CIN,745,50,5000,yes,delta
1753279419912,KXMLBGAME-25JUL23DETPIT-PIT,746,42,5000,yes,delta
1753279419912,KXMLBGAME-25JUL23SDMIA-MIA,747,59,424,no,delta
1753279419912,KXMLBGAME-25JUL23CINWSH-CIN,748,52,4734,yes,delta
1753279420014,KXMLBGAME-25JUL23SDMIA-SD,749,59,424,yes,delta
1753279420033,KXMLBGAME-25JUL23CINWSH-CIN,750,45,784,no,delta
1753279420111,KXMLBGAME-25JUL23SDMIA-SD,751,39,2713,no,delta
1753279420234,KXMLBGAME-25JUL23CINWSH-CIN,752,46,265,no,delta
1753279420234,KXMLBGAME-25JUL23CINWSH-WSH,753,45,1049,yes,delta
1753279420435,KXMLBGAME-25JUL23CINWSH-WSH,754,53,234,no,delta
1753279423954,KXMLBGAME-25JUL23SFATL-ATL,755,38,5000,no,delta
1753279437472,KXMLBGAME-25JUL23MINLAD-MIN,756,65,-54,no,delta
1753279437657,KXMLBGAME-25JUL23MINLAD-MIN,757,1,-4000,no,delta
1753279437692,KXMLBGAME-25JUL23MINLAD-MIN,758,1,4000,no,delta
1753279441035,KXMLBGAME-25JUL23MINLAD-MIN,759,30,-5000,yes,delta
1753279441035,KXMLBGAME-25JUL23MINLAD-MIN,760,65,-168,no,delta
1753279441052,KXMLBGAME-25JUL23MINLAD-MIN,761,65,-4832,no,delta
1753279441133,KXMLBGAME-25JUL23MINLAD-MIN,762,32,1,yes,delta
1753279441133,KXMLBGAME-25JUL23MINLAD-MIN,763,63,5000,no,delta
1753279441152,KXMLBGAME-25JUL23MINLAD-MIN,764,65,4999,no,delta
