client_ts,market_ticker,seq,price,delta,side,msg_type
1753214046224,KXMLBGAME-25JUL22ATHTEX-ATH,1,1,152961,yes,snapshot
1753214046224,KXMLBGAME-25JUL22ATHTEX-ATH,1,2,13330,yes,snapshot
1753214046224,KXMLBGAME-25JUL22ATHTEX-ATH,1,3,9947,yes,snapshot
1753214046224,KXMLBGAME-25JUL22ATHTEX-ATH,1,4,411,yes,snapshot
1753214046224,KXMLBGAME-25JUL22ATHTEX-ATH,1,5,1671,yes,snapshot
1753214046224,KXMLBGAME-25JUL22ATHTEX-ATH,1,6,584,yes,snapshot
1753214046224,KXMLBGAME-25JUL22ATHTEX-ATH,1,7,1457,yes,snapshot
1753214046224,KXMLBGAME-25JUL22ATHTEX-ATH,1,8,520,yes,snapshot
1753214046224,KXMLBGAME-25JUL22ATHTEX-ATH,1,9,487,yes,snapshot
1753214046224,KXMLBGAME-25JUL22ATHTEX-ATH,1,10,1444,yes,snapshot
1753214046224,KXMLBGAME-25JUL22ATHTEX-ATH,1,11,2700,yes,snapshot
1753214046224,KXMLBGAME-25JUL22ATHTEX-ATH,1,12,370,yes,snapshot
1753214046224,KXMLBGAME-25JUL22ATHTEX-ATH,1,13,300,yes,snapshot
1753214046224,KXMLBGAME-25JUL22ATHTEX-ATH,1,14,10100,yes,snapshot
1753214046224,KXMLBGAME-25JUL22ATHTEX-ATH,1,16,153,yes,snapshot
1753214046224,KXMLBGAME-25JUL22ATHTEX-ATH,1,17,100,yes,snapshot
1753214046224,KXMLBGAME-25JUL22ATHTEX-ATH,1,18,30000,yes,snapshot
1753214046224,KXMLBGAME-25JUL22ATHTEX-ATH,1,20,55,yes,snapshot
1753214046224,KXMLBGAME-25JUL22ATHTEX-ATH,1,24,1,yes,snapshot
1753214046224,KXMLBGAME-25JUL22ATHTEX-ATH,1,28,1500,yes,snapshot
1753214046224,KXMLBGAME-25JUL22ATHTEX-ATH,1,29,3690,yes,snapshot
1753214046224,KXMLBGAME-25JUL22ATHTEX-ATH,1,30,17500,yes,snapshot
1753214046224,KXMLBGAME-25JUL22ATHTEX-ATH,1,31,8323,yes,snapshot
1753214046224,KXMLBGAME-25JUL22ATHTEX-ATH,1,32,12438,yes,snapshot
1753214046224,KXMLBGAME-25JUL22ATHTEX-ATH,1,1,149358,no,snapshot
1753214046224,KXMLBGAME-25JUL22ATHTEX-ATH,1,2,25678,no,snapshot
1753214046224,KXMLBGAME-25JUL22ATHTEX-ATH,1,3,24053,no,snapshot
1753214046224,KXMLBGAME-25JUL22ATHTEX-ATH,1,4,8940,no,snapshot
1753214046224,KXMLBGAME-25JUL22ATHTEX-ATH,1,5,888,no,snapshot
1753214046224,KXMLBGAME-25JUL22ATHTEX-ATH,1,6,6934,no,snapshot
1753214046224,KXMLBGAME-25JUL22ATHTEX-ATH,1,7,7825,no,snapshot
1753214046224,KXMLBGAME-25JUL22ATHTEX-ATH,1,8,500,no,snapshot
1753214046224,KXMLBGAME-25JUL22ATHTEX-ATH,1,10,1198,no,snapshot
1753214046224,KXMLBGAME-25JUL22ATHTEX-ATH,1,11,4125,no,snapshot
1753214046224,KXMLBGAME-25JUL22ATHTEX-ATH,1,12,1359,no,snapshot
1753214046224,KXMLBGAME-25JUL22ATHTEX-ATH,1,13,1292,no,snapshot
1753214046224,KXMLBGAME-25JUL22ATHTEX-ATH,1,14,673,no,snapshot
1753214046224,KXMLBGAME-25JUL22ATHTEX-ATH,1,15,798,no,snapshot
1753214046224,KXMLBGAME-25JUL22ATHTEX-ATH,1,16,636,no,snapshot
1753214046224,KXMLBGAME-25JUL22ATHTEX-ATH,1,17,516,no,snapshot
1753214046224,KXMLBGAME-25JUL22ATHTEX-ATH,1,18,530,no,snapshot
1753214046224,KXMLBGAME-25JUL22ATHTEX-ATH,1,19,477,no,snapshot
1753214046224,KXMLBGAME-25JUL22ATHTEX-ATH,1,20,559,no,snapshot
1753214046224,KXMLBGAME-25JUL22ATHTEX-ATH,1,21,446,no,snapshot
1753214046224,KXMLBGAME-25JUL22ATHTEX-ATH,1,22,433,no,snapshot
1753214046224,KXMLBGAME-25JUL22ATHTEX-ATH,1,23,9,no,snapshot
1753214046224,KXMLBGAME-25JUL22ATHTEX-ATH,1,25,100,no,snapshot
1753214046224,KXMLBGAME-25JUL22ATHTEX-ATH,1,27,100,no,snapshot
1753214046224,KXMLBGAME-25JUL22ATHTEX-ATH,1,28,338,no,snapshot
1753214046224,KXMLBGAME-25JUL22ATHTEX-ATH,1,29,213,no,snapshot
1753214046224,KXMLBGAME-25JUL22ATHTEX-ATH,1,31,300,no,snapshot
1753214046224,KXMLBGAME-25JUL22ATHTEX-ATH,1,35,62,no,snapshot
1753214046224,KXMLBGAME-25JUL22ATHTEX-ATH,1,36,145,no,snapshot
1753214046224,KXMLBGAME-25JUL22ATHTEX-ATH,1,37,40000,no,snapshot
1753214046224,KXMLBGAME-25JUL22ATHTEX-ATH,1,46,65,no,snapshot
1753214046224,KXMLBGAME-25JUL22ATHTEX-ATH,1,56,1,no,snapshot
1753214046224,KXMLBGAME-25JUL22ATHTEX-ATH,1,62,2562,no,snapshot
1753214046224,KXMLBGAME-25JUL22ATHTEX-ATH,1,63,5062,no,snapshot
1753214046224,KXMLBGAME-25JUL22ATHTEX-ATH,1,64,9624,no,snapshot
1753214046224,KXMLBGAME-25JUL22ATHTEX-ATH,1,65,24662,no,snapshot
1753214046224,KXMLBGAME-25JUL22ATHTEX-ATH,1,66,13765,no,snapshot
1753214046224,KXMLBGAME-25JUL22ATHTEX-TEX,2,1,149358,yes,snapshot
1753214046224,KXMLBGAME-25JUL22ATHTEX-TEX,2,2,25678,yes,snapshot
1753214046224,KXMLBGAME-25JUL22ATHTEX-TEX,2,3,24053,yes,snapshot
1753214046224,KXMLBGAME-25JUL22ATHTEX-TEX,2,4,8940,yes,snapshot
1753214046224,KXMLBGAME-25JUL22ATHTEX-TEX,2,5,998,yes,snapshot
1753214046224,KXMLBGAME-25JUL22ATHTEX-TEX,2,6,6934,yes,snapshot
1753214046224,KXMLBGAME-25JUL22ATHTEX-TEX,2,7,7925,yes,snapshot
1753214046224,KXMLBGAME-25JUL22ATHTEX-TEX,2,10,1198,yes,snapshot
1753214046224,KXMLBGAME-25JUL22ATHTEX-TEX,2,11,4125,yes,snapshot
1753214046224,KXMLBGAME-25JUL22ATHTEX-TEX,2,12,1359,yes,snapshot
1753214046224,KXMLBGAME-25JUL22ATHTEX-TEX,2,13,1292,yes,snapshot
1753214046224,KXMLBGAME-25JUL22ATHTEX-TEX,2,14,1073,yes,snapshot
1753214046224,KXMLBGAME-25JUL22ATHTEX-TEX,2,15,798,yes,snapshot
1753214046224,KXMLBGAME-25JUL22ATHTEX-TEX,2,16,536,yes,snapshot
1753214046224,KXMLBGAME-25JUL22ATHTEX-TEX,2,17,616,yes,snapshot
1753214046224,KXMLBGAME-25JUL22ATHTEX-TEX,2,18,530,yes,snapshot
1753214046224,KXMLBGAME-25JUL22ATHTEX-TEX,2,19,477,yes,snapshot
1753214046224,KXMLBGAME-25JUL22ATHTEX-TEX,2,20,459,yes,snapshot
1753214046224,KXMLBGAME-25JUL22ATHTEX-TEX,2,21,446,yes,snapshot
1753214046224,KXMLBGAME-25JUL22ATHTEX-TEX,2,22,433,yes,snapshot
1753214046224,KXMLBGAME-25JUL22ATHTEX-TEX,2,23,9,yes,snapshot
1753214046224,KXMLBGAME-25JUL22ATHTEX-TEX,2,28,338,yes,snapshot
1753214046224,KXMLBGAME-25JUL22ATHTEX-TEX,2,29,215,yes,snapshot
1753214046224,KXMLBGAME-25JUL22ATHTEX-TEX,2,36,145,yes,snapshot
1753214046224,KXMLBGAME-25JUL22ATHTEX-TEX,2,37,40000,yes,snapshot
1753214046224,KXMLBGAME-25JUL22ATHTEX-TEX,2,46,65,yes,snapshot
1753214046224,KXMLBGAME-25JUL22ATHTEX-TEX,2,52,2,yes,snapshot
1753214046224,KXMLBGAME-25JUL22ATHTEX-TEX,2,56,1,yes,snapshot
1753214046224,KXMLBGAME-25JUL22ATHTEX-TEX,2,62,1500,yes,snapshot
1753214046224,KXMLBGAME-25JUL22ATHTEX-TEX,2,63,4317,yes,snapshot
1753214046224,KXMLBGAME-25JUL22ATHTEX-TEX,2,64,7500,yes,snapshot
1753214046224,KXMLBGAME-25JUL22ATHTEX-TEX,2,65,22500,yes,snapshot
1753214046224,KXMLBGAME-25JUL22ATHTEX-TEX,2,66,6713,yes,snapshot
1753214046224,KXMLBGAME-25JUL22ATHTEX-TEX,2,67,2548,yes,snapshot
1753214046224,KXMLBGAME-25JUL22ATHTEX-TEX,2,1,152961,no,snapshot
1753214046224,KXMLBGAME-25JUL22ATHTEX-TEX,2,2,13330,no,snapshot
1753214046224,KXMLBGAME-25JUL22ATHTEX-TEX,2,3,9947,no,snapshot
1753214046224,KXMLBGAME-25JUL22ATHTEX-TEX,2,4,411,no,snapshot
1753214046224,KXMLBGAME-25JUL22ATHTEX-TEX,2,5,1561,no,snapshot
1753214046224,KXMLBGAME-25JUL22ATHTEX-TEX,2,6,584,no,snapshot
1753214046224,KXMLBGAME-25JUL22ATHTEX-TEX,2,7,1357,no,snapshot
1753214046224,KXMLBGAME-25JUL22ATHTEX-TEX,2,8,520,no,snapshot
1753214046224,KXMLBGAME-25JUL22ATHTEX-TEX,2,9,487,no,snapshot
1753214046224,KXMLBGAME-25JUL22ATHTEX-TEX,2,10,1446,no,snapshot
1753214046224,KXMLBGAME-25JUL22ATHTEX-TEX,2,11,2700,no,snapshot
1753214046224,KXMLBGAME-25JUL22ATHTEX-TEX,2,12,670,no,snapshot
1753214046224,KXMLBGAME-25JUL22ATHTEX-TEX,2,13,10000,no,snapshot
1753214046224,KXMLBGAME-25JUL22ATHTEX-TEX,2,16,253,no,snapshot
1753214046224,KXMLBGAME-25JUL22ATHTEX-TEX,2,20,155,no,snapshot
1753214046224,KXMLBGAME-25JUL22ATHTEX-TEX,2,21,30000,no,snapshot
1753214046224,KXMLBGAME-25JUL22ATHTEX-TEX,2,24,1,no,snapshot
1753214046224,KXMLBGAME-25JUL22ATHTEX-TEX,2,25,100,no,snapshot
1753214046224,KXMLBGAME-25JUL22ATHTEX-TEX,2,27,100,no,snapshot
1753214046224,KXMLBGAME-25JUL22ATHTEX-TEX,2,28,1500,no,snapshot
1753214046224,KXMLBGAME-25JUL22ATHTEX-TEX,2,29,4440,no,snapshot
1753214046224,KXMLBGAME-25JUL22ATHTEX-TEX,2,30,18100,no,snapshot
1753214046224,KXMLBGAME-25JUL22ATHTEX-TEX,2,31,8323,no,snapshot
1753214046224,KXMLBGAME-25JUL22ATHTEX-TEX,2,32,30546,no,snapshot
1753214046224,KXMLBGAME-25JUL22BALCLE-BAL,3,1,145935,yes,snapshot
1753214046224,KXMLBGAME-25JUL22BALCLE-BAL,3,2,21370,yes,snapshot
1753214046224,KXMLBGAME-25JUL22BALCLE-BAL,3,3,13608,yes,snapshot
1753214046224,KXMLBGAME-25JUL22BALCLE-BAL,3,4,5389,yes,snapshot
1753214046224,KXMLBGAME-25JUL22BALCLE-BAL,3,5,1240,yes,snapshot
1753214046224,KXMLBGAME-25JUL22BALCLE-BAL,3,6,64,yes,snapshot
1753214046224,KXMLBGAME-25JUL22BALCLE-BAL,3,7,1502,yes,snapshot
1753214046224,KXMLBGAME-25JUL22BALCLE-BAL,3,8,614,yes,snapshot
1753214046224,KXMLBGAME-25JUL22BALCLE-BAL,3,9,568,yes,snapshot
1753214046224,KXMLBGAME-25JUL22BALCLE-BAL,3,10,1334,yes,snapshot
1753214046224,KXMLBGAME-25JUL22BALCLE-BAL,3,11,4016,yes,snapshot
1753214046224,KXMLBGAME-25JUL22BALCLE-BAL,3,12,1247,yes,snapshot
1753214046224,KXMLBGAME-25JUL22BALCLE-BAL,3,13,1176,yes,snapshot
1753214046224,KXMLBGAME-25JUL22BALCLE-BAL,3,14,400,yes,snapshot
1753214046224,KXMLBGAME-25JUL22BALCLE-BAL,3,16,388,yes,snapshot
1753214046224,KXMLBGAME-25JUL22BALCLE-BAL,3,17,100,yes,snapshot
1753214046224,KXMLBGAME-25JUL22BALCLE-BAL,3,18,222,yes,snapshot
1753214046224,KXMLBGAME-25JUL22BALCLE-BAL,3,20,168,yes,snapshot
1753214046224,KXMLBGAME-25JUL22BALCLE-BAL,3,21,40000,yes,snapshot
1753214046224,KXMLBGAME-25JUL22BALCLE-BAL,3,26,58,yes,snapshot
1753214046224,KXMLBGAME-25JUL22BALCLE-BAL,3,31,1,yes,snapshot
1753214046224,KXMLBGAME-25JUL22BALCLE-BAL,3,36,3000,yes,snapshot
1753214046224,KXMLBGAME-25JUL22BALCLE-BAL,3,37,3041,yes,snapshot
1753214046224,KXMLBGAME-25JUL22BALCLE-BAL,3,38,17763,yes,snapshot
1753214046224,KXMLBGAME-25JUL22BALCLE-BAL,3,39,50500,yes,snapshot
1753214046224,KXMLBGAME-25JUL22BALCLE-BAL,3,40,7651,yes,snapshot
1753214046224,KXMLBGAME-25JUL22BALCLE-BAL,3,1,139379,no,snapshot
1753214046224,KXMLBGAME-25JUL22BALCLE-BAL,3,2,22772,no,snapshot
1753214046224,KXMLBGAME-25JUL22BALCLE-BAL,3,3,22272,no,snapshot
1753214046224,KXMLBGAME-25JUL22BALCLE-BAL,3,4,8000,no,snapshot
1753214046224,KXMLBGAME-25JUL22BALCLE-BAL,3,5,1942,no,snapshot
1753214046224,KXMLBGAME-25JUL22BALCLE-BAL,3,6,5201,no,snapshot
1753214046224,KXMLBGAME-25JUL22BALCLE-BAL,3,7,7068,no,snapshot
1753214046224,KXMLBGAME-25JUL22BALCLE-BAL,3,9,355,no,snapshot
1753214046224,KXMLBGAME-25JUL22BALCLE-BAL,3,10,1380,no,snapshot
1753214046224,KXMLBGAME-25JUL22BALCLE-BAL,3,11,4057,no,snapshot
1753214046224,KXMLBGAME-25JUL22BALCLE-BAL,3,12,1388,no,snapshot
1753214046224,KXMLBGAME-25JUL22BALCLE-BAL,3,13,1229,no,snapshot
1753214046224,KXMLBGAME-25JUL22BALCLE-BAL,3,14,513,no,snapshot
1753214046224,KXMLBGAME-25JUL22BALCLE-BAL,3,15,739,no,snapshot
1753214046224,KXMLBGAME-25JUL22BALCLE-BAL,3,16,608,no,snapshot
1753214046224,KXMLBGAME-25JUL22BALCLE-BAL,3,17,461,no,snapshot
1753214046224,KXMLBGAME-25JUL22BALCLE-BAL,3,18,445,no,snapshot
1753214046224,KXMLBGAME-25JUL22BALCLE-BAL,3,19,427,no,snapshot
1753214046224,KXMLBGAME-25JUL22BALCLE-BAL,3,20,518,no,snapshot
1753214046224,KXMLBGAME-25JUL22BALCLE-BAL,3,21,248,no,snapshot
1753214046224,KXMLBGAME-25JUL22BALCLE-BAL,3,25,435,no,snapshot
1753214046224,KXMLBGAME-25JUL22BALCLE-BAL,3,27,100,no,snapshot
1753214046224,KXMLBGAME-25JUL22BALCLE-BAL,3,31,300,no,snapshot
1753214046224,KXMLBGAME-25JUL22BALCLE-BAL,3,32,129,no,snapshot
1753214046224,KXMLBGAME-25JUL22BALCLE-BAL,3,34,117,no,snapshot
1753214046224,KXMLBGAME-25JUL22BALCLE-BAL,3,35,40062,no,snapshot
1753214046224,KXMLBGAME-25JUL22BALCLE-BAL,3,41,58,no,snapshot
1753214046224,KXMLBGAME-25JUL22BALCLE-BAL,3,49,1,no,snapshot
1753214046224,KXMLBGAME-25JUL22BALCLE-BAL,3,55,1725,no,snapshot
1753214046224,KXMLBGAME-25JUL22BALCLE-BAL,3,56,19975,no,snapshot
1753214046224,KXMLBGAME-25JUL22BALCLE-BAL,3,57,29107,no,snapshot
1753214046224,KXMLBGAME-25JUL22BALCLE-BAL,3,58,26720,no,snapshot
1753214046224,KXMLBGAME-25JUL22BALCLE-BAL,3,59,11855,no,snapshot
1753214046224,KXMLBGAME-25JUL22BALCLE-CLE,4,1,139379,yes,snapshot
1753214046224,KXMLBGAME-25JUL22BALCLE-CLE,4,2,22772,yes,snapshot
1753214046224,KXMLBGAME-25JUL22BALCLE-CLE,4,3,22272,yes,snapshot
1753214046224,KXMLBGAME-25JUL22BALCLE-CLE,4,4,8000,yes,snapshot
1753214046224,KXMLBGAME-25JUL22BALCLE-CLE,4,5,2052,yes,snapshot
1753214046224,KXMLBGAME-25JUL22BALCLE-CLE,4,6,5201,yes,snapshot
1753214046224,KXMLBGAME-25JUL22BALCLE-CLE,4,7,7168,yes,snapshot
1753214046224,KXMLBGAME-25JUL22BALCLE-CLE,4,9,355,yes,snapshot
1753214046224,KXMLBGAME-25JUL22BALCLE-CLE,4,10,1380,yes,snapshot
1753214046224,KXMLBGAME-25JUL22BALCLE-CLE,4,11,4057,yes,snapshot
1753214046224,KXMLBGAME-25JUL22BALCLE-CLE,4,12,1388,yes,snapshot
1753214046224,KXMLBGAME-25JUL22BALCLE-CLE,4,13,1529,yes,snapshot
1753214046224,KXMLBGAME-25JUL22BALCLE-CLE,4,14,613,yes,snapshot
1753214046224,KXMLBGAME-25JUL22BALCLE-CLE,4,15,739,yes,snapshot
1753214046224,KXMLBGAME-25JUL22BALCLE-CLE,4,16,508,yes,snapshot
1753214046224,KXMLBGAME-25JUL22BALCLE-CLE,4,17,561,yes,snapshot
1753214046224,KXMLBGAME-25JUL22BALCLE-CLE,4,18,445,yes,snapshot
1753214046224,KXMLBGAME-25JUL22BALCLE-CLE,4,19,427,yes,snapshot
1753214046224,KXMLBGAME-25JUL22BALCLE-CLE,4,20,418,yes,snapshot
1753214046224,KXMLBGAME-25JUL22BALCLE-CLE,4,21,240,yes,snapshot
1753214046224,KXMLBGAME-25JUL22BALCLE-CLE,4,25,335,yes,snapshot
1753214046224,KXMLBGAME-25JUL22BALCLE-CLE,4,32,129,yes,snapshot
1753214046224,KXMLBGAME-25JUL22BALCLE-CLE,4,33,40000,yes,snapshot
1753214046224,KXMLBGAME-25JUL22BALCLE-CLE,4,41,58,yes,snapshot
1753214046224,KXMLBGAME-25JUL22BALCLE-CLE,4,49,3,yes,snapshot
1753214046224,KXMLBGAME-25JUL22BALCLE-CLE,4,55,1500,yes,snapshot
1753214046224,KXMLBGAME-25JUL22BALCLE-CLE,4,56,19357,yes,snapshot
1753214046224,KXMLBGAME-25JUL22BALCLE-CLE,4,57,9951,yes,snapshot
1753214046224,KXMLBGAME-25JUL22BALCLE-CLE,4,58,12443,yes,snapshot
1753214046224,KXMLBGAME-25JUL22BALCLE-CLE,4,59,3562,yes,snapshot
1753214046224,KXMLBGAME-25JUL22BALCLE-CLE,4,1,145935,no,snapshot
1753214046224,KXMLBGAME-25JUL22BALCLE-CLE,4,2,21370,no,snapshot
1753214046224,KXMLBGAME-25JUL22BALCLE-CLE,4,3,13608,no,snapshot
1753214046224,KXMLBGAME-25JUL22BALCLE-CLE,4,4,5389,no,snapshot
1753214046224,KXMLBGAME-25JUL22BALCLE-CLE,4,5,1130,no,snapshot
1753214046224,KXMLBGAME-25JUL22BALCLE-CLE,4,6,64,no,snapshot
1753214046224,KXMLBGAME-25JUL22BALCLE-CLE,4,7,1402,no,snapshot
1753214046224,KXMLBGAME-25JUL22BALCLE-CLE,4,8,614,no,snapshot
1753214046224,KXMLBGAME-25JUL22BALCLE-CLE,4,9,568,no,snapshot
1753214046224,KXMLBGAME-25JUL22BALCLE-CLE,4,10,1334,no,snapshot
1753214046224,KXMLBGAME-25JUL22BALCLE-CLE,4,11,4016,no,snapshot
1753214046224,KXMLBGAME-25JUL22BALCLE-CLE,4,12,1247,no,snapshot
1753214046224,KXMLBGAME-25JUL22BALCLE-CLE,4,13,1176,no,snapshot
1753214046224,KXMLBGAME-25JUL22BALCLE-CLE,4,16,488,no,snapshot
1753214046224,KXMLBGAME-25JUL22BALCLE-CLE,4,17,242,no,snapshot
1753214046224,KXMLBGAME-25JUL22BALCLE-CLE,4,20,268,no,snapshot
1753214046224,KXMLBGAME-25JUL22BALCLE-CLE,4,21,10300,no,snapshot
1753214046224,KXMLBGAME-25JUL22BALCLE-CLE,4,25,100,no,snapshot
1753214046224,KXMLBGAME-25JUL22BALCLE-CLE,4,26,59,no,snapshot
1753214046224,KXMLBGAME-25JUL22BALCLE-CLE,4,27,100,no,snapshot
1753214046224,KXMLBGAME-25JUL22BALCLE-CLE,4,28,30000,no,snapshot
1753214046224,KXMLBGAME-25JUL22BALCLE-CLE,4,31,1,no,snapshot
1753214046224,KXMLBGAME-25JUL22BALCLE-CLE,4,35,62,no,snapshot
1753214046224,KXMLBGAME-25JUL22BALCLE-CLE,4,36,1500,no,snapshot
1753214046224,KXMLBGAME-25JUL22BALCLE-CLE,4,37,5291,no,snapshot
1753214046224,KXMLBGAME-25JUL22BALCLE-CLE,4,38,19024,no,snapshot
1753214046224,KXMLBGAME-25JUL22BALCLE-CLE,4,39,60159,no,snapshot
1753214046224,KXMLBGAME-25JUL22BALCLE-CLE,4,40,14715,no,snapshot
1753214046224,KXMLBGAME-25JUL22BOSPHI-BOS,5,1,141717,yes,snapshot
1753214046224,KXMLBGAME-25JUL22BOSPHI-BOS,5,2,14609,yes,snapshot
1753214046224,KXMLBGAME-25JUL22BOSPHI-BOS,5,3,10277,yes,snapshot
1753214046224,KXMLBGAME-25JUL22BOSPHI-BOS,5,4,6301,yes,snapshot
1753214046224,KXMLBGAME-25JUL22BOSPHI-BOS,5,5,1054,yes,snapshot
1753214046224,KXMLBGAME-25JUL22BOSPHI-BOS,5,6,556,yes,snapshot
1753214046224,KXMLBGAME-25JUL22BOSPHI-BOS,5,7,1435,yes,snapshot
1753214046224,KXMLBGAME-25JUL22BOSPHI-BOS,5,8,495,yes,snapshot
1753214046224,KXMLBGAME-25JUL22BOSPHI-BOS,5,9,473,yes,snapshot
1753214046224,KXMLBGAME-25JUL22BOSPHI-BOS,5,10,1445,yes,snapshot
1753214046224,KXMLBGAME-25JUL22BOSPHI-BOS,5,11,3921,yes,snapshot
1753214046224,KXMLBGAME-25JUL22BOSPHI-BOS,5,13,652,yes,snapshot
1753214046224,KXMLBGAME-25JUL22BOSPHI-BOS,5,14,100,yes,snapshot
1753214046224,KXMLBGAME-25JUL22BOSPHI-BOS,5,15,10000,yes,snapshot
1753214046224,KXMLBGAME-25JUL22BOSPHI-BOS,5,17,247,yes,snapshot
1753214046224,KXMLBGAME-25JUL22BOSPHI-BOS,5,18,30000,yes,snapshot
1753214046224,KXMLBGAME-25JUL22BOSPHI-BOS,5,22,53,yes,snapshot
1753214046224,KXMLBGAME-25JUL22BOSPHI-BOS,5,26,1,yes,snapshot
1753214046224,KXMLBGAME-25JUL22BOSPHI-BOS,5,29,1500,yes,snapshot
1753214046224,KXMLBGAME-25JUL22BOSPHI-BOS,5,30,1500,yes,snapshot
1753214046224,KXMLBGAME-25JUL22BOSPHI-BOS,5,31,3645,yes,snapshot
1753214046224,KXMLBGAME-25JUL22BOSPHI-BOS,5,32,16500,yes,snapshot
1753214046224,KXMLBGAME-25JUL22BOSPHI-BOS,5,33,6159,yes,snapshot
1753214046224,KXMLBGAME-25JUL22BOSPHI-BOS,5,34,5453,yes,snapshot
1753214046224,KXMLBGAME-25JUL22BOSPHI-BOS,5,1,145959,no,snapshot
1753214046224,KXMLBGAME-25JUL22BOSPHI-BOS,5,2,24649,no,snapshot
1753214046224,KXMLBGAME-25JUL22BOSPHI-BOS,5,3,23261,no,snapshot
1753214046224,KXMLBGAME-25JUL22BOSPHI-BOS,5,4,8628,no,snapshot
1753214046224,KXMLBGAME-25JUL22BOSPHI-BOS,5,5,888,no,snapshot
1753214046224,KXMLBGAME-25JUL22BOSPHI-BOS,5,6,6636,no,snapshot
1753214046224,KXMLBGAME-25JUL22BOSPHI-BOS,5,7,7575,no,snapshot
1753214046224,KXMLBGAME-25JUL22BOSPHI-BOS,5,9,385,no,snapshot
1753214046224,KXMLBGAME-25JUL22BOSPHI-BOS,5,10,788,no,snapshot
1753214046224,KXMLBGAME-25JUL22BOSPHI-BOS,5,11,4103,no,snapshot
1753214046224,KXMLBGAME-25JUL22BOSPHI-BOS,5,12,1339,no,snapshot
1753214046224,KXMLBGAME-25JUL22BOSPHI-BOS,5,13,1362,no,snapshot
1753214046224,KXMLBGAME-25JUL22BOSPHI-BOS,5,14,553,no,snapshot
1753214046224,KXMLBGAME-25JUL22BOSPHI-BOS,5,15,779,no,snapshot
1753214046224,KXMLBGAME-25JUL22BOSPHI-BOS,5,16,617,no,snapshot
1753214046224,KXMLBGAME-25JUL22BOSPHI-BOS,5,17,528,no,snapshot
1753214046224,KXMLBGAME-25JUL22BOSPHI-BOS,5,18,481,no,snapshot
1753214046224,KXMLBGAME-25JUL22BOSPHI-BOS,5,19,461,no,snapshot
1753214046224,KXMLBGAME-25JUL22BOSPHI-BOS,5,20,542,no,snapshot
1753214046224,KXMLBGAME-25JUL22BOSPHI-BOS,5,21,440,no,snapshot
1753214046224,KXMLBGAME-25JUL22BOSPHI-BOS,5,25,100,no,snapshot
1753214046224,KXMLBGAME-25JUL22BOSPHI-BOS,5,27,439,no,snapshot
1753214046224,KXMLBGAME-25JUL22BOSPHI-BOS,5,28,221,no,snapshot
1753214046224,KXMLBGAME-25JUL22BOSPHI-BOS,5,31,300,no,snapshot
1753214046224,KXMLBGAME-25JUL22BOSPHI-BOS,5,35,202,no,snapshot
1753214046224,KXMLBGAME-25JUL22BOSPHI-BOS,5,36,40000,no,snapshot
1753214046224,KXMLBGAME-25JUL22BOSPHI-BOS,5,44,63,no,snapshot
1753214046224,KXMLBGAME-25JUL22BOSPHI-BOS,5,53,1,no,snapshot
1753214046224,KXMLBGAME-25JUL22BOSPHI-BOS,5,59,39,no,snapshot
1753214046224,KXMLBGAME-25JUL22BOSPHI-BOS,5,60,2287,no,snapshot
1753214046224,KXMLBGAME-25JUL22BOSPHI-BOS,5,61,5115,no,snapshot
1753214046224,KXMLBGAME-25JUL22BOSPHI-BOS,5,62,19037,no,snapshot
1753214046224,KXMLBGAME-25JUL22BOSPHI-BOS,5,63,25887,no,snapshot
1753214046224,KXMLBGAME-25JUL22BOSPHI-BOS,5,64,13258,no,snapshot
1753214046224,KXMLBGAME-25JUL22BOSPHI-BOS,5,65,73722,no,snapshot
1753214046224,KXMLBGAME-25JUL22BOSPHI-PHI,6,1,145959,yes,snapshot
1753214046224,KXMLBGAME-25JUL22BOSPHI-PHI,6,2,24649,yes,snapshot
1753214046224,KXMLBGAME-25JUL22BOSPHI-PHI,6,3,23261,yes,snapshot
1753214046224,KXMLBGAME-25JUL22BOSPHI-PHI,6,4,8628,yes,snapshot
1753214046224,KXMLBGAME-25JUL22BOSPHI-PHI,6,5,998,yes,snapshot
1753214046224,KXMLBGAME-25JUL22BOSPHI-PHI,6,6,6636,yes,snapshot
1753214046224,KXMLBGAME-25JUL22BOSPHI-PHI,6,7,7675,yes,snapshot
1753214046224,KXMLBGAME-25JUL22BOSPHI-PHI,6,9,385,yes,snapshot
1753214046224,KXMLBGAME-25JUL22BOSPHI-PHI,6,10,788,yes,snapshot
1753214046224,KXMLBGAME-25JUL22BOSPHI-PHI,6,11,4103,yes,snapshot
1753214046224,KXMLBGAME-25JUL22BOSPHI-PHI,6,12,1339,yes,snapshot
1753214046224,KXMLBGAME-25JUL22BOSPHI-PHI,6,13,1662,yes,snapshot
1753214046224,KXMLBGAME-25JUL22BOSPHI-PHI,6,14,653,yes,snapshot
1753214046224,KXMLBGAME-25JUL22BOSPHI-PHI,6,15,779,yes,snapshot
1753214046224,KXMLBGAME-25JUL22BOSPHI-PHI,6,16,517,yes,snapshot
1753214046224,KXMLBGAME-25JUL22BOSPHI-PHI,6,17,628,yes,snapshot
1753214046224,KXMLBGAME-25JUL22BOSPHI-PHI,6,18,481,yes,snapshot
1753214046224,KXMLBGAME-25JUL22BOSPHI-PHI,6,19,461,yes,snapshot
1753214046224,KXMLBGAME-25JUL22BOSPHI-PHI,6,20,442,yes,snapshot
1753214046224,KXMLBGAME-25JUL22BOSPHI-PHI,6,21,440,yes,snapshot
1753214046224,KXMLBGAME-25JUL22BOSPHI-PHI,6,27,339,yes,snapshot
1753214046224,KXMLBGAME-25JUL22BOSPHI-PHI,6,28,217,yes,snapshot
1753214046224,KXMLBGAME-25JUL22BOSPHI-PHI,6,35,140,yes,snapshot
1753214046224,KXMLBGAME-25JUL22BOSPHI-PHI,6,36,40000,yes,snapshot
1753214046224,KXMLBGAME-25JUL22BOSPHI-PHI,6,44,63,yes,snapshot
1753214046224,KXMLBGAME-25JUL22BOSPHI-PHI,6,52,2,yes,snapshot
1753214046224,KXMLBGAME-25JUL22BOSPHI-PHI,6,53,1,yes,snapshot
1753214046224,KXMLBGAME-25JUL22BOSPHI-PHI,6,60,1525,yes,snapshot
1753214046224,KXMLBGAME-25JUL22BOSPHI-PHI,6,61,4328,yes,snapshot
1753214046224,KXMLBGAME-25JUL22BOSPHI-PHI,6,62,17500,yes,snapshot
1753214046224,KXMLBGAME-25JUL22BOSPHI-PHI,6,63,12150,yes,snapshot
1753214046224,KXMLBGAME-25JUL22BOSPHI-PHI,6,64,13466,yes,snapshot
1753214046224,KXMLBGAME-25JUL22BOSPHI-PHI,6,65,2338,yes,snapshot
1753214046224,KXMLBGAME-25JUL22BOSPHI-PHI,6,1,141730,no,snapshot
1753214046224,KXMLBGAME-25JUL22BOSPHI-PHI,6,2,14609,no,snapshot
1753214046224,KXMLBGAME-25JUL22BOSPHI-PHI,6,3,10277,no,snapshot
1753214046224,KXMLBGAME-25JUL22BOSPHI-PHI,6,4,6301,no,snapshot
1753214046224,KXMLBGAME-25JUL22BOSPHI-PHI,6,5,944,no,snapshot
1753214046224,KXMLBGAME-25JUL22BOSPHI-PHI,6,6,556,no,snapshot
1753214046224,KXMLBGAME-25JUL22BOSPHI-PHI,6,7,1335,no,snapshot
1753214046224,KXMLBGAME-25JUL22BOSPHI-PHI,6,8,495,no,snapshot
1753214046224,KXMLBGAME-25JUL22BOSPHI-PHI,6,9,473,no,snapshot
1753214046224,KXMLBGAME-25JUL22BOSPHI-PHI,6,10,1448,no,snapshot
1753214046224,KXMLBGAME-25JUL22BOSPHI-PHI,6,11,3921,no,snapshot
1753214046224,KXMLBGAME-25JUL22BOSPHI-PHI,6,13,352,no,snapshot
1753214046224,KXMLBGAME-25JUL22BOSPHI-PHI,6,16,10400,no,snapshot
1753214046224,KXMLBGAME-25JUL22BOSPHI-PHI,6,17,147,no,snapshot
1753214046224,KXMLBGAME-25JUL22BOSPHI-PHI,6,20,100,no,snapshot
1753214046224,KXMLBGAME-25JUL22BOSPHI-PHI,6,22,53,no,snapshot
1753214046224,KXMLBGAME-25JUL22BOSPHI-PHI,6,25,30100,no,snapshot
1753214046224,KXMLBGAME-25JUL22BOSPHI-PHI,6,26,1,no,snapshot
1753214046224,KXMLBGAME-25JUL22BOSPHI-PHI,6,27,100,no,snapshot
1753214046224,KXMLBGAME-25JUL22BOSPHI-PHI,6,29,1500,no,snapshot
1753214046224,KXMLBGAME-25JUL22BOSPHI-PHI,6,30,1500,no,snapshot
1753214046224,KXMLBGAME-25JUL22BOSPHI-PHI,6,31,4395,no,snapshot
1753214046224,KXMLBGAME-25JUL22BOSPHI-PHI,6,32,17600,no,snapshot
1753214046224,KXMLBGAME-25JUL22BOSPHI-PHI,6,33,6709,no,snapshot
1753214046224,KXMLBGAME-25JUL22BOSPHI-PHI,6,34,31198,no,snapshot
1753214046231,KXMLBGAME-25JUL22CINWSH-CIN,7,1,148704,yes,snapshot
1753214046231,KXMLBGAME-25JUL22CINWSH-CIN,7,2,24826,yes,snapshot
1753214046231,KXMLBGAME-25JUL22CINWSH-CIN,7,3,23694,yes,snapshot
1753214046231,KXMLBGAME-25JUL22CINWSH-CIN,7,4,8947,yes,snapshot
1753214046231,KXMLBGAME-25JUL22CINWSH-CIN,7,5,1990,yes,snapshot
1753214046231,KXMLBGAME-25JUL22CINWSH-CIN,7,6,5832,yes,snapshot
1753214046231,KXMLBGAME-25JUL22CINWSH-CIN,7,7,889,yes,snapshot
1753214046231,KXMLBGAME-25JUL22CINWSH-CIN,7,8,376,yes,snapshot
1753214046231,KXMLBGAME-25JUL22CINWSH-CIN,7,10,1451,yes,snapshot
1753214046231,KXMLBGAME-25JUL22CINWSH-CIN,7,11,4216,yes,snapshot
1753214046231,KXMLBGAME-25JUL22CINWSH-CIN,7,12,1361,yes,snapshot
1753214046231,KXMLBGAME-25JUL22CINWSH-CIN,7,13,1593,yes,snapshot
1753214046231,KXMLBGAME-25JUL22CINWSH-CIN,7,14,675,yes,snapshot
1753214046231,KXMLBGAME-25JUL22CINWSH-CIN,7,15,829,yes,snapshot
1753214046231,KXMLBGAME-25JUL22CINWSH-CIN,7,16,535,yes,snapshot
1753214046231,KXMLBGAME-25JUL22CINWSH-CIN,7,17,616,yes,snapshot
1753214046231,KXMLBGAME-25JUL22CINWSH-CIN,7,18,498,yes,snapshot
1753214046231,KXMLBGAME-25JUL22CINWSH-CIN,7,19,486,yes,snapshot
1753214046231,KXMLBGAME-25JUL22CINWSH-CIN,7,21,1,yes,snapshot
1753214046231,KXMLBGAME-25JUL22CINWSH-CIN,7,24,389,yes,snapshot
1753214046231,KXMLBGAME-25JUL22CINWSH-CIN,7,25,202,yes,snapshot
1753214046231,KXMLBGAME-25JUL22CINWSH-CIN,7,31,151,yes,snapshot
1753214046231,KXMLBGAME-25JUL22CINWSH-CIN,7,32,40000,yes,snapshot
1753214046231,KXMLBGAME-25JUL22CINWSH-CIN,7,39,65,yes,snapshot
1753214046231,KXMLBGAME-25JUL22CINWSH-CIN,7,47,1,yes,snapshot
1753214046231,KXMLBGAME-25JUL22CINWSH-CIN,7,52,1500,yes,snapshot
1753214046231,KXMLBGAME-25JUL22CINWSH-CIN,7,53,19377,yes,snapshot
1753214046231,KXMLBGAME-25JUL22CINWSH-CIN,7,54,7500,yes,snapshot
1753214046231,KXMLBGAME-25JUL22CINWSH-CIN,7,55,13157,yes,snapshot
1753214046231,KXMLBGAME-25JUL22CINWSH-CIN,7,56,4027,yes,snapshot
1753214046231,KXMLBGAME-25JUL22CINWSH-CIN,7,1,146546,no,snapshot
1753214046231,KXMLBGAME-25JUL22CINWSH-CIN,7,2,19765,no,snapshot
1753214046231,KXMLBGAME-25JUL22CINWSH-CIN,7,3,12302,no,snapshot
1753214046231,KXMLBGAME-25JUL22CINWSH-CIN,7,4,5947,no,snapshot
1753214046231,KXMLBGAME-25JUL22CINWSH-CIN,7,5,6975,no,snapshot
1753214046231,KXMLBGAME-25JUL22CINWSH-CIN,7,6,302,no,snapshot
1753214046231,KXMLBGAME-25JUL22CINWSH-CIN,7,7,1397,no,snapshot
1753214046231,KXMLBGAME-25JUL22CINWSH-CIN,7,8,657,no,snapshot
1753214046231,KXMLBGAME-25JUL22CINWSH-CIN,7,9,555,no,snapshot
1753214046231,KXMLBGAME-25JUL22CINWSH-CIN,7,10,1321,no,snapshot
1753214046231,KXMLBGAME-25JUL22CINWSH-CIN,7,11,4026,no,snapshot
1753214046231,KXMLBGAME-25JUL22CINWSH-CIN,7,12,1238,no,snapshot
1753214046231,KXMLBGAME-25JUL22CINWSH-CIN,7,13,1168,no,snapshot
1753214046231,KXMLBGAME-25JUL22CINWSH-CIN,7,14,453,no,snapshot
1753214046231,KXMLBGAME-25JUL22CINWSH-CIN,7,15,244,no,snapshot
1753214046231,KXMLBGAME-25JUL22CINWSH-CIN,7,16,100,no,snapshot
1753214046231,KXMLBGAME-25JUL22CINWSH-CIN,7,17,365,no,snapshot
1753214046231,KXMLBGAME-25JUL22CINWSH-CIN,7,18,225,no,snapshot
1753214046231,KXMLBGAME-25JUL22CINWSH-CIN,7,20,100,no,snapshot
1753214046231,KXMLBGAME-25JUL22CINWSH-CIN,7,22,157,no,snapshot
1753214046231,KXMLBGAME-25JUL22CINWSH-CIN,7,23,300,no,snapshot
1753214046231,KXMLBGAME-25JUL22CINWSH-CIN,7,24,10166,no,snapshot
1753214046231,KXMLBGAME-25JUL22CINWSH-CIN,7,25,100,no,snapshot
1753214046231,KXMLBGAME-25JUL22CINWSH-CIN,7,27,100,no,snapshot
1753214046231,KXMLBGAME-25JUL22CINWSH-CIN,7,28,30054,no,snapshot
1753214046231,KXMLBGAME-25JUL22CINWSH-CIN,7,29,1,no,snapshot
1753214046231,KXMLBGAME-25JUL22CINWSH-CIN,7,34,1,no,snapshot
1753214046231,KXMLBGAME-25JUL22CINWSH-CIN,7,35,62,no,snapshot
1753214046231,KXMLBGAME-25JUL22CINWSH-CIN,7,39,3000,no,snapshot
1753214046231,KXMLBGAME-25JUL22CINWSH-CIN,7,40,3750,no,snapshot
1753214046231,KXMLBGAME-25JUL22CINWSH-CIN,7,41,18600,no,snapshot
1753214046231,KXMLBGAME-25JUL22CINWSH-CIN,7,42,21738,no,snapshot
1753214046231,KXMLBGAME-25JUL22CINWSH-CIN,7,43,11023,no,snapshot
1753214046231,KXMLBGAME-25JUL22CINWSH-WSH,8,1,146461,yes,snapshot
1753214046231,KXMLBGAME-25JUL22CINWSH-WSH,8,2,19765,yes,snapshot
1753214046231,KXMLBGAME-25JUL22CINWSH-WSH,8,3,12302,yes,snapshot
1753214046231,KXMLBGAME-25JUL22CINWSH-WSH,8,4,5947,yes,snapshot
1753214046231,KXMLBGAME-25JUL22CINWSH-WSH,8,5,7085,yes,snapshot
1753214046231,KXMLBGAME-25JUL22CINWSH-WSH,8,6,302,yes,snapshot
1753214046231,KXMLBGAME-25JUL22CINWSH-WSH,8,7,1497,yes,snapshot
1753214046231,KXMLBGAME-25JUL22CINWSH-WSH,8,8,657,yes,snapshot
1753214046231,KXMLBGAME-25JUL22CINWSH-WSH,8,9,555,yes,snapshot
1753214046231,KXMLBGAME-25JUL22CINWSH-WSH,8,10,1321,yes,snapshot
1753214046231,KXMLBGAME-25JUL22CINWSH-WSH,8,11,4026,yes,snapshot
1753214046231,KXMLBGAME-25JUL22CINWSH-WSH,8,12,1238,yes,snapshot
1753214046231,KXMLBGAME-25JUL22CINWSH-WSH,8,13,1168,yes,snapshot
1753214046231,KXMLBGAME-25JUL22CINWSH-WSH,8,14,553,yes,snapshot
1753214046231,KXMLBGAME-25JUL22CINWSH-WSH,8,15,244,yes,snapshot
1753214046231,KXMLBGAME-25JUL22CINWSH-WSH,8,16,300,yes,snapshot
1753214046231,KXMLBGAME-25JUL22CINWSH-WSH,8,17,465,yes,snapshot
1753214046231,KXMLBGAME-25JUL22CINWSH-WSH,8,19,215,yes,snapshot
1753214046231,KXMLBGAME-25JUL22CINWSH-WSH,8,22,157,yes,snapshot
1753214046231,KXMLBGAME-25JUL22CINWSH-WSH,8,23,40000,yes,snapshot
1753214046231,KXMLBGAME-25JUL22CINWSH-WSH,8,28,54,yes,snapshot
1753214046231,KXMLBGAME-25JUL22CINWSH-WSH,8,34,1,yes,snapshot
1753214046231,KXMLBGAME-25JUL22CINWSH-WSH,8,39,3000,yes,snapshot
1753214046231,KXMLBGAME-25JUL22CINWSH-WSH,8,40,8000,yes,snapshot
1753214046231,KXMLBGAME-25JUL22CINWSH-WSH,8,41,18568,yes,snapshot
1753214046231,KXMLBGAME-25JUL22CINWSH-WSH,8,42,12661,yes,snapshot
1753214046231,KXMLBGAME-25JUL22CINWSH-WSH,8,43,8473,yes,snapshot
1753214046231,KXMLBGAME-25JUL22CINWSH-WSH,8,1,148704,no,snapshot
1753214046231,KXMLBGAME-25JUL22CINWSH-WSH,8,2,24826,no,snapshot
1753214046231,KXMLBGAME-25JUL22CINWSH-WSH,8,3,23694,no,snapshot
1753214046231,KXMLBGAME-25JUL22CINWSH-WSH,8,4,8947,no,snapshot
1753214046231,KXMLBGAME-25JUL22CINWSH-WSH,8,5,1880,no,snapshot
1753214046231,KXMLBGAME-25JUL22CINWSH-WSH,8,6,5832,no,snapshot
1753214046231,KXMLBGAME-25JUL22CINWSH-WSH,8,7,789,no,snapshot
1753214046231,KXMLBGAME-25JUL22CINWSH-WSH,8,8,376,no,snapshot
1753214046231,KXMLBGAME-25JUL22CINWSH-WSH,8,10,1451,no,snapshot
1753214046231,KXMLBGAME-25JUL22CINWSH-WSH,8,11,4216,no,snapshot
1753214046231,KXMLBGAME-25JUL22CINWSH-WSH,8,12,1361,no,snapshot
1753214046231,KXMLBGAME-25JUL22CINWSH-WSH,8,13,1600,no,snapshot
1753214046231,KXMLBGAME-25JUL22CINWSH-WSH,8,14,575,no,snapshot
1753214046231,KXMLBGAME-25JUL22CINWSH-WSH,8,15,829,no,snapshot
1753214046231,KXMLBGAME-25JUL22CINWSH-WSH,8,16,635,no,snapshot
1753214046231,KXMLBGAME-25JUL22CINWSH-WSH,8,17,516,no,snapshot
1753214046231,KXMLBGAME-25JUL22CINWSH-WSH,8,18,498,no,snapshot
1753214046231,KXMLBGAME-25JUL22CINWSH-WSH,8,19,486,no,snapshot
1753214046231,KXMLBGAME-25JUL22CINWSH-WSH,8,20,100,no,snapshot
1753214046231,KXMLBGAME-25JUL22CINWSH-WSH,8,21,1,no,snapshot
1753214046231,KXMLBGAME-25JUL22CINWSH-WSH,8,24,389,no,snapshot
1753214046231,KXMLBGAME-25JUL22CINWSH-WSH,8,25,305,no,snapshot
1753214046231,KXMLBGAME-25JUL22CINWSH-WSH,8,27,100,no,snapshot
1753214046231,KXMLBGAME-25JUL22CINWSH-WSH,8,31,451,no,snapshot
1753214046231,KXMLBGAME-25JUL22CINWSH-WSH,8,32,40000,no,snapshot
1753214046231,KXMLBGAME-25JUL22CINWSH-WSH,8,35,62,no,snapshot
1753214046231,KXMLBGAME-25JUL22CINWSH-WSH,8,39,65,no,snapshot
1753214046231,KXMLBGAME-25JUL22CINWSH-WSH,8,47,1,no,snapshot
1753214046231,KXMLBGAME-25JUL22CINWSH-WSH,8,52,2054,no,snapshot
1753214046231,KXMLBGAME-25JUL22CINWSH-WSH,8,53,15681,no,snapshot
1753214046231,KXMLBGAME-25JUL22CINWSH-WSH,8,54,8654,no,snapshot
1753214046231,KXMLBGAME-25JUL22CINWSH-WSH,8,55,25781,no,snapshot
1753214046231,KXMLBGAME-25JUL22CINWSH-WSH,8,56,10007,no,snapshot
1753214046247,KXMLBGAME-25JUL22CWSTB-CWS,9,1,152961,yes,snapshot
1753214046247,KXMLBGAME-25JUL22CWSTB-CWS,9,2,13330,yes,snapshot
1753214046247,KXMLBGAME-25JUL22CWSTB-CWS,9,3,9947,yes,snapshot
1753214046247,KXMLBGAME-25JUL22CWSTB-CWS,9,4,411,yes,snapshot
1753214046247,KXMLBGAME-25JUL22CWSTB-CWS,9,5,1671,yes,snapshot
1753214046247,KXMLBGAME-25JUL22CWSTB-CWS,9,6,584,yes,snapshot
1753214046247,KXMLBGAME-25JUL22CWSTB-CWS,9,7,1457,yes,snapshot
1753214046247,KXMLBGAME-25JUL22CWSTB-CWS,9,8,520,yes,snapshot
1753214046247,KXMLBGAME-25JUL22CWSTB-CWS,9,9,487,yes,snapshot
1753214046247,KXMLBGAME-25JUL22CWSTB-CWS,9,10,1450,yes,snapshot
1753214046247,KXMLBGAME-25JUL22CWSTB-CWS,9,11,2700,yes,snapshot
1753214046247,KXMLBGAME-25JUL22CWSTB-CWS,9,12,370,yes,snapshot
1753214046247,KXMLBGAME-25JUL22CWSTB-CWS,9,13,300,yes,snapshot
1753214046247,KXMLBGAME-25JUL22CWSTB-CWS,9,14,10100,yes,snapshot
1753214046247,KXMLBGAME-25JUL22CWSTB-CWS,9,16,153,yes,snapshot
1753214046247,KXMLBGAME-25JUL22CWSTB-CWS,9,17,100,yes,snapshot
1753214046247,KXMLBGAME-25JUL22CWSTB-CWS,9,18,30000,yes,snapshot
1753214046247,KXMLBGAME-25JUL22CWSTB-CWS,9,20,55,yes,snapshot
1753214046247,KXMLBGAME-25JUL22CWSTB-CWS,9,24,1,yes,snapshot
1753214046247,KXMLBGAME-25JUL22CWSTB-CWS,9,28,1500,yes,snapshot
1753214046247,KXMLBGAME-25JUL22CWSTB-CWS,9,29,4000,yes,snapshot
1753214046247,KXMLBGAME-25JUL22CWSTB-CWS,9,30,17500,yes,snapshot
1753214046247,KXMLBGAME-25JUL22CWSTB-CWS,9,31,11000,yes,snapshot
1753214046247,KXMLBGAME-25JUL22CWSTB-CWS,9,32,4814,yes,snapshot
1753214046247,KXMLBGAME-25JUL22CWSTB-CWS,9,1,149358,no,snapshot
1753214046247,KXMLBGAME-25JUL22CWSTB-CWS,9,2,25678,no,snapshot
1753214046247,KXMLBGAME-25JUL22CWSTB-CWS,9,3,24053,no,snapshot
1753214046247,KXMLBGAME-25JUL22CWSTB-CWS,9,4,8940,no,snapshot
1753214046247,KXMLBGAME-25JUL22CWSTB-CWS,9,5,888,no,snapshot
1753214046247,KXMLBGAME-25JUL22CWSTB-CWS,9,6,6934,no,snapshot
1753214046247,KXMLBGAME-25JUL22CWSTB-CWS,9,7,7825,no,snapshot
1753214046247,KXMLBGAME-25JUL22CWSTB-CWS,9,8,500,no,snapshot
1753214046247,KXMLBGAME-25JUL22CWSTB-CWS,9,10,1198,no,snapshot
1753214046247,KXMLBGAME-25JUL22CWSTB-CWS,9,11,4125,no,snapshot
1753214046247,KXMLBGAME-25JUL22CWSTB-CWS,9,12,1359,no,snapshot
1753214046247,KXMLBGAME-25JUL22CWSTB-CWS,9,13,1292,no,snapshot
1753214046247,KXMLBGAME-25JUL22CWSTB-CWS,9,14,673,no,snapshot
1753214046247,KXMLBGAME-25JUL22CWSTB-CWS,9,15,798,no,snapshot
1753214046247,KXMLBGAME-25JUL22CWSTB-CWS,9,16,636,no,snapshot
1753214046247,KXMLBGAME-25JUL22CWSTB-CWS,9,17,516,no,snapshot
1753214046247,KXMLBGAME-25JUL22CWSTB-CWS,9,18,530,no,snapshot
1753214046247,KXMLBGAME-25JUL22CWSTB-CWS,9,19,477,no,snapshot
1753214046247,KXMLBGAME-25JUL22CWSTB-CWS,9,20,559,no,snapshot
1753214046247,KXMLBGAME-25JUL22CWSTB-CWS,9,21,446,no,snapshot
1753214046247,KXMLBGAME-25JUL22CWSTB-CWS,9,22,433,no,snapshot
1753214046247,KXMLBGAME-25JUL22CWSTB-CWS,9,23,9,no,snapshot
1753214046247,KXMLBGAME-25JUL22CWSTB-CWS,9,25,100,no,snapshot
1753214046247,KXMLBGAME-25JUL22CWSTB-CWS,9,27,100,no,snapshot
1753214046247,KXMLBGAME-25JUL22CWSTB-CWS,9,28,338,no,snapshot
1753214046247,KXMLBGAME-25JUL22CWSTB-CWS,9,29,216,no,snapshot
1753214046247,KXMLBGAME-25JUL22CWSTB-CWS,9,31,300,no,snapshot
1753214046247,KXMLBGAME-25JUL22CWSTB-CWS,9,35,62,no,snapshot
1753214046247,KXMLBGAME-25JUL22CWSTB-CWS,9,36,145,no,snapshot
1753214046247,KXMLBGAME-25JUL22CWSTB-CWS,9,37,40000,no,snapshot
1753214046247,KXMLBGAME-25JUL22CWSTB-CWS,9,46,65,no,snapshot
1753214046247,KXMLBGAME-25JUL22CWSTB-CWS,9,56,1,no,snapshot
1753214046247,KXMLBGAME-25JUL22CWSTB-CWS,9,62,2144,no,snapshot
1753214046247,KXMLBGAME-25JUL22CWSTB-CWS,9,63,2144,no,snapshot
1753214046247,KXMLBGAME-25JUL22CWSTB-CWS,9,64,11394,no,snapshot
1753214046247,KXMLBGAME-25JUL22CWSTB-CWS,9,65,19244,no,snapshot
1753214046247,KXMLBGAME-25JUL22CWSTB-CWS,9,66,13984,no,snapshot
1753214046247,KXMLBGAME-25JUL22CWSTB-TB,10,1,147314,yes,snapshot
1753214046247,KXMLBGAME-25JUL22CWSTB-TB,10,2,25140,yes,snapshot
1753214046247,KXMLBGAME-25JUL22CWSTB-TB,10,3,23645,yes,snapshot
1753214046247,KXMLBGAME-25JUL22CWSTB-TB,10,4,8767,yes,snapshot
1753214046247,KXMLBGAME-25JUL22CWSTB-TB,10,5,998,yes,snapshot
1753214046247,KXMLBGAME-25JUL22CWSTB-TB,10,6,6765,yes,snapshot
1753214046247,KXMLBGAME-25JUL22CWSTB-TB,10,7,7785,yes,snapshot
1753214046247,KXMLBGAME-25JUL22CWSTB-TB,10,10,1151,yes,snapshot
1753214046247,KXMLBGAME-25JUL22CWSTB-TB,10,11,4113,yes,snapshot
1753214046247,KXMLBGAME-25JUL22CWSTB-TB,10,12,1348,yes,snapshot
1753214046247,KXMLBGAME-25JUL22CWSTB-TB,10,13,1676,yes,snapshot
1753214046247,KXMLBGAME-25JUL22CWSTB-TB,10,14,662,yes,snapshot
1753214046247,KXMLBGAME-25JUL22CWSTB-TB,10,15,787,yes,snapshot
1753214046247,KXMLBGAME-25JUL22CWSTB-TB,10,16,525,yes,snapshot
1753214046247,KXMLBGAME-25JUL22CWSTB-TB,10,17,606,yes,snapshot
1753214046247,KXMLBGAME-25JUL22CWSTB-TB,10,18,518,yes,snapshot
1753214046247,KXMLBGAME-25JUL22CWSTB-TB,10,19,468,yes,snapshot
1753214046247,KXMLBGAME-25JUL22CWSTB-TB,10,20,450,yes,snapshot
1753214046247,KXMLBGAME-25JUL22CWSTB-TB,10,21,438,yes,snapshot
1753214046247,KXMLBGAME-25JUL22CWSTB-TB,10,22,433,yes,snapshot
1753214046247,KXMLBGAME-25JUL22CWSTB-TB,10,28,333,yes,snapshot
1753214046247,KXMLBGAME-25JUL22CWSTB-TB,10,29,212,yes,snapshot
1753214046247,KXMLBGAME-25JUL22CWSTB-TB,10,36,142,yes,snapshot
1753214046247,KXMLBGAME-25JUL22CWSTB-TB,10,37,40000,yes,snapshot
1753214046247,KXMLBGAME-25JUL22CWSTB-TB,10,46,64,yes,snapshot
1753214046247,KXMLBGAME-25JUL22CWSTB-TB,10,55,1,yes,snapshot
1753214046247,KXMLBGAME-25JUL22CWSTB-TB,10,62,1500,yes,snapshot
1753214046247,KXMLBGAME-25JUL22CWSTB-TB,10,63,1500,yes,snapshot
1753214046247,KXMLBGAME-25JUL22CWSTB-TB,10,64,9000,yes,snapshot
1753214046247,KXMLBGAME-25JUL22CWSTB-TB,10,65,17525,yes,snapshot
1753214046247,KXMLBGAME-25JUL22CWSTB-TB,10,66,13338,yes,snapshot
1753214046247,KXMLBGAME-25JUL22CWSTB-TB,10,1,152961,no,snapshot
1753214046247,KXMLBGAME-25JUL22CWSTB-TB,10,2,13330,no,snapshot
1753214046247,KXMLBGAME-25JUL22CWSTB-TB,10,3,9947,no,snapshot
1753214046247,KXMLBGAME-25JUL22CWSTB-TB,10,4,411,no,snapshot
1753214046247,KXMLBGAME-25JUL22CWSTB-TB,10,5,1561,no,snapshot
1753214046247,KXMLBGAME-25JUL22CWSTB-TB,10,6,584,no,snapshot
1753214046247,KXMLBGAME-25JUL22CWSTB-TB,10,7,1357,no,snapshot
1753214046247,KXMLBGAME-25JUL22CWSTB-TB,10,8,520,no,snapshot
1753214046247,KXMLBGAME-25JUL22CWSTB-TB,10,9,487,no,snapshot
1753214046247,KXMLBGAME-25JUL22CWSTB-TB,10,10,1444,no,snapshot
1753214046247,KXMLBGAME-25JUL22CWSTB-TB,10,11,2700,no,snapshot
1753214046247,KXMLBGAME-25JUL22CWSTB-TB,10,12,670,no,snapshot
1753214046247,KXMLBGAME-25JUL22CWSTB-TB,10,13,10000,no,snapshot
1753214046247,KXMLBGAME-25JUL22CWSTB-TB,10,16,253,no,snapshot
1753214046247,KXMLBGAME-25JUL22CWSTB-TB,10,20,155,no,snapshot
1753214046247,KXMLBGAME-25JUL22CWSTB-TB,10,21,30000,no,snapshot
1753214046247,KXMLBGAME-25JUL22CWSTB-TB,10,23,1,no,snapshot
1753214046247,KXMLBGAME-25JUL22CWSTB-TB,10,24,1,no,snapshot
1753214046247,KXMLBGAME-25JUL22CWSTB-TB,10,25,100,no,snapshot
1753214046247,KXMLBGAME-25JUL22CWSTB-TB,10,27,100,no,snapshot
1753214046247,KXMLBGAME-25JUL22CWSTB-TB,10,28,1500,no,snapshot
1753214046247,KXMLBGAME-25JUL22CWSTB-TB,10,29,4950,no,snapshot
1753214046247,KXMLBGAME-25JUL22CWSTB-TB,10,30,18100,no,snapshot
1753214046247,KXMLBGAME-25JUL22CWSTB-TB,10,31,11000,no,snapshot
1753214046247,KXMLBGAME-25JUL22CWSTB-TB,10,32,12089,no,snapshot
1753214046247,KXMLBGAME-25JUL22CWSTB-TB,10,33,4396,no,snapshot
1753214046247,KXMLBGAME-25JUL22DETPIT-DET,11,1,135857,yes,snapshot
1753214046247,KXMLBGAME-25JUL22DETPIT-DET,11,2,21716,yes,snapshot
1753214046247,KXMLBGAME-25JUL22DETPIT-DET,11,3,21382,yes,snapshot
1753214046247,KXMLBGAME-25JUL22DETPIT-DET,11,4,7751,yes,snapshot
1753214046247,KXMLBGAME-25JUL22DETPIT-DET,11,5,6948,yes,snapshot
1753214046247,KXMLBGAME-25JUL22DETPIT-DET,11,6,6294,yes,snapshot
1753214046247,KXMLBGAME-25JUL22DETPIT-DET,11,7,889,yes,snapshot
1753214046247,KXMLBGAME-25JUL22DETPIT-DET,11,8,315,yes,snapshot
1753214046247,KXMLBGAME-25JUL22DETPIT-DET,11,9,595,yes,snapshot
1753214046247,KXMLBGAME-25JUL22DETPIT-DET,11,10,1444,yes,snapshot
1753214046247,KXMLBGAME-25JUL22DETPIT-DET,11,11,4039,yes,snapshot
1753214046247,KXMLBGAME-25JUL22DETPIT-DET,11,12,1277,yes,snapshot
1753214046247,KXMLBGAME-25JUL22DETPIT-DET,11,13,1211,yes,snapshot
1753214046247,KXMLBGAME-25JUL22DETPIT-DET,11,14,623,yes,snapshot
1753214046247,KXMLBGAME-25JUL22DETPIT-DET,11,15,724,yes,snapshot
1753214046247,KXMLBGAME-25JUL22DETPIT-DET,11,16,463,yes,snapshot
1753214046247,KXMLBGAME-25JUL22DETPIT-DET,11,17,546,yes,snapshot
1753214046247,KXMLBGAME-25JUL22DETPIT-DET,11,18,738,yes,snapshot
1753214046247,KXMLBGAME-25JUL22DETPIT-DET,11,21,1,yes,snapshot
1753214046247,KXMLBGAME-25JUL22DETPIT-DET,11,22,1,yes,snapshot
1753214046247,KXMLBGAME-25JUL22DETPIT-DET,11,23,345,yes,snapshot
1753214046247,KXMLBGAME-25JUL22DETPIT-DET,11,24,208,yes,snapshot
1753214046247,KXMLBGAME-25JUL22DETPIT-DET,11,29,141,yes,snapshot
1753214046247,KXMLBGAME-25JUL22DETPIT-DET,11,30,40000,yes,snapshot
1753214046247,KXMLBGAME-25JUL22DETPIT-DET,11,37,56,yes,snapshot
1753214046247,KXMLBGAME-25JUL22DETPIT-DET,11,45,1,yes,snapshot
1753214046247,KXMLBGAME-25JUL22DETPIT-DET,11,50,3000,yes,snapshot
1753214046247,KXMLBGAME-25JUL22DETPIT-DET,11,51,2892,yes,snapshot
1753214046247,KXMLBGAME-25JUL22DETPIT-DET,11,52,17750,yes,snapshot
1753214046247,KXMLBGAME-25JUL22DETPIT-DET,11,53,10189,yes,snapshot
1753214046247,KXMLBGAME-25JUL22DETPIT-DET,11,54,27026,yes,snapshot
1753214046247,KXMLBGAME-25JUL22DETPIT-DET,11,1,149817,no,snapshot
1753214046247,KXMLBGAME-25JUL22DETPIT-DET,11,2,20445,no,snapshot
1753214046247,KXMLBGAME-25JUL22DETPIT-DET,11,3,12539,no,snapshot
1753214046247,KXMLBGAME-25JUL22DETPIT-DET,11,4,6150,no,snapshot
1753214046247,KXMLBGAME-25JUL22DETPIT-DET,11,5,7173,no,snapshot
1753214046247,KXMLBGAME-25JUL22DETPIT-DET,11,6,366,no,snapshot
1753214046247,KXMLBGAME-25JUL22DETPIT-DET,11,7,1416,no,snapshot
1753214046247,KXMLBGAME-25JUL22DETPIT-DET,11,8,594,no,snapshot
1753214046247,KXMLBGAME-25JUL22DETPIT-DET,11,9,656,no,snapshot
1753214046247,KXMLBGAME-25JUL22DETPIT-DET,11,10,1338,no,snapshot
1753214046247,KXMLBGAME-25JUL22DETPIT-DET,11,11,4015,no,snapshot
1753214046247,KXMLBGAME-25JUL22DETPIT-DET,11,12,1279,no,snapshot
1753214046247,KXMLBGAME-25JUL22DETPIT-DET,11,13,1183,no,snapshot
1753214046247,KXMLBGAME-25JUL22DETPIT-DET,11,14,470,no,snapshot
1753214046247,KXMLBGAME-25JUL22DETPIT-DET,11,15,244,no,snapshot
1753214046247,KXMLBGAME-25JUL22DETPIT-DET,11,16,100,no,snapshot
1753214046247,KXMLBGAME-25JUL22DETPIT-DET,11,18,378,no,snapshot
1753214046247,KXMLBGAME-25JUL22DETPIT-DET,11,19,211,no,snapshot
1753214046247,KXMLBGAME-25JUL22DETPIT-DET,11,20,100,no,snapshot
1753214046247,KXMLBGAME-25JUL22DETPIT-DET,11,23,456,no,snapshot
1753214046247,KXMLBGAME-25JUL22DETPIT-DET,11,25,10100,no,snapshot
1753214046247,KXMLBGAME-25JUL22DETPIT-DET,11,27,100,no,snapshot
1753214046247,KXMLBGAME-25JUL22DETPIT-DET,11,29,193,no,snapshot
1753214046247,KXMLBGAME-25JUL22DETPIT-DET,11,30,30000,no,snapshot
1753214046247,KXMLBGAME-25JUL22DETPIT-DET,11,31,1,no,snapshot
1753214046247,KXMLBGAME-25JUL22DETPIT-DET,11,35,63,no,snapshot
1753214046247,KXMLBGAME-25JUL22DETPIT-DET,11,40,1500,no,snapshot
1753214046247,KXMLBGAME-25JUL22DETPIT-DET,11,41,1500,no,snapshot
1753214046247,KXMLBGAME-25JUL22DETPIT-DET,11,42,10226,no,snapshot
1753214046247,KXMLBGAME-25JUL22DETPIT-DET,11,43,33100,no,snapshot
1753214046247,KXMLBGAME-25JUL22DETPIT-DET,11,44,14869,no,snapshot
1753214046247,KXMLBGAME-25JUL22DETPIT-DET,11,45,4072,no,snapshot
1753214046247,KXMLBGAME-25JUL22DETPIT-PIT,12,1,149817,yes,snapshot
1753214046247,KXMLBGAME-25JUL22DETPIT-PIT,12,2,20445,yes,snapshot
1753214046247,KXMLBGAME-25JUL22DETPIT-PIT,12,3,12539,yes,snapshot
1753214046247,KXMLBGAME-25JUL22DETPIT-PIT,12,4,6150,yes,snapshot
1753214046247,KXMLBGAME-25JUL22DETPIT-PIT,12,5,7283,yes,snapshot
1753214046247,KXMLBGAME-25JUL22DETPIT-PIT,12,6,366,yes,snapshot
1753214046247,KXMLBGAME-25JUL22DETPIT-PIT,12,7,1516,yes,snapshot
1753214046247,KXMLBGAME-25JUL22DETPIT-PIT,12,8,594,yes,snapshot
1753214046247,KXMLBGAME-25JUL22DETPIT-PIT,12,9,656,yes,snapshot
1753214046247,KXMLBGAME-25JUL22DETPIT-PIT,12,10,1338,yes,snapshot
1753214046247,KXMLBGAME-25JUL22DETPIT-PIT,12,11,4015,yes,snapshot
1753214046247,KXMLBGAME-25JUL22DETPIT-PIT,12,12,1279,yes,snapshot
1753214046247,KXMLBGAME-25JUL22DETPIT-PIT,12,13,1483,yes,snapshot
1753214046247,KXMLBGAME-25JUL22DETPIT-PIT,12,14,570,yes,snapshot
1753214046247,KXMLBGAME-25JUL22DETPIT-PIT,12,15,244,yes,snapshot
1753214046247,KXMLBGAME-25JUL22DETPIT-PIT,12,17,100,yes,snapshot
1753214046247,KXMLBGAME-25JUL22DETPIT-PIT,12,18,378,yes,snapshot
1753214046247,KXMLBGAME-25JUL22DETPIT-PIT,12,20,200,yes,snapshot
1753214046247,KXMLBGAME-25JUL22DETPIT-PIT,12,23,156,yes,snapshot
1753214046247,KXMLBGAME-25JUL22DETPIT-PIT,12,24,40000,yes,snapshot
1753214046247,KXMLBGAME-25JUL22DETPIT-PIT,12,29,56,yes,snapshot
1753214046247,KXMLBGAME-25JUL22DETPIT-PIT,12,35,1,yes,snapshot
1753214046247,KXMLBGAME-25JUL22DETPIT-PIT,12,40,1500,yes,snapshot
1753214046247,KXMLBGAME-25JUL22DETPIT-PIT,12,41,1500,yes,snapshot
1753214046247,KXMLBGAME-25JUL22DETPIT-PIT,12,42,9476,yes,snapshot
1753214046247,KXMLBGAME-25JUL22DETPIT-PIT,12,43,18921,yes,snapshot
1753214046247,KXMLBGAME-25JUL22DETPIT-PIT,12,44,27571,yes,snapshot
1753214046247,KXMLBGAME-25JUL22DETPIT-PIT,12,45,2943,yes,snapshot
1753214046247,KXMLBGAME-25JUL22DETPIT-PIT,12,1,135857,no,snapshot
1753214046247,KXMLBGAME-25JUL22DETPIT-PIT,12,2,21716,no,snapshot
1753214046247,KXMLBGAME-25JUL22DETPIT-PIT,12,3,21382,no,snapshot
1753214046247,KXMLBGAME-25JUL22DETPIT-PIT,12,4,7751,no,snapshot
1753214046247,KXMLBGAME-25JUL22DETPIT-PIT,12,5,6838,no,snapshot
1753214046247,KXMLBGAME-25JUL22DETPIT-PIT,12,6,6294,no,snapshot
1753214046247,KXMLBGAME-25JUL22DETPIT-PIT,12,7,789,no,snapshot
1753214046247,KXMLBGAME-25JUL22DETPIT-PIT,12,8,315,no,snapshot
1753214046247,KXMLBGAME-25JUL22DETPIT-PIT,12,9,595,no,snapshot
1753214046247,KXMLBGAME-25JUL22DETPIT-PIT,12,10,1444,no,snapshot
1753214046247,KXMLBGAME-25JUL22DETPIT-PIT,12,11,4039,no,snapshot
1753214046247,KXMLBGAME-25JUL22DETPIT-PIT,12,12,1277,no,snapshot
1753214046247,KXMLBGAME-25JUL22DETPIT-PIT,12,13,1211,no,snapshot
1753214046247,KXMLBGAME-25JUL22DETPIT-PIT,12,14,523,no,snapshot
1753214046247,KXMLBGAME-25JUL22DETPIT-PIT,12,15,724,no,snapshot
1753214046247,KXMLBGAME-25JUL22DETPIT-PIT,12,16,563,no,snapshot
1753214046247,KXMLBGAME-25JUL22DETPIT-PIT,12,17,446,no,snapshot
1753214046247,KXMLBGAME-25JUL22DETPIT-PIT,12,18,438,no,snapshot
1753214046247,KXMLBGAME-25JUL22DETPIT-PIT,12,20,100,no,snapshot
1753214046247,KXMLBGAME-25JUL22DETPIT-PIT,12,21,1,no,snapshot
1753214046247,KXMLBGAME-25JUL22DETPIT-PIT,12,22,1,no,snapshot
1753214046247,KXMLBGAME-25JUL22DETPIT-PIT,12,23,345,no,snapshot
1753214046247,KXMLBGAME-25JUL22DETPIT-PIT,12,24,212,no,snapshot
1753214046247,KXMLBGAME-25JUL22DETPIT-PIT,12,25,100,no,snapshot
1753214046247,KXMLBGAME-25JUL22DETPIT-PIT,12,27,100,no,snapshot
1753214046247,KXMLBGAME-25JUL22DETPIT-PIT,12,29,141,no,snapshot
1753214046247,KXMLBGAME-25JUL22DETPIT-PIT,12,30,10000,no,snapshot
1753214046247,KXMLBGAME-25JUL22DETPIT-PIT,12,31,300,no,snapshot
1753214046247,KXMLBGAME-25JUL22DETPIT-PIT,12,35,176,no,snapshot
1753214046247,KXMLBGAME-25JUL22DETPIT-PIT,12,36,30000,no,snapshot
1753214046247,KXMLBGAME-25JUL22DETPIT-PIT,12,37,56,no,snapshot
1753214046247,KXMLBGAME-25JUL22DETPIT-PIT,12,45,1,no,snapshot
1753214046247,KXMLBGAME-25JUL22DETPIT-PIT,12,50,3983,no,snapshot
1753214046247,KXMLBGAME-25JUL22DETPIT-PIT,12,51,4625,no,snapshot
1753214046247,KXMLBGAME-25JUL22DETPIT-PIT,12,52,19419,no,snapshot
1753214046247,KXMLBGAME-25JUL22DETPIT-PIT,12,53,11523,no,snapshot
1753214046247,KXMLBGAME-25JUL22DETPIT-PIT,12,54,41810,no,snapshot
1753214046247,KXMLBGAME-25JUL22HOUARI-ARI,13,1,153352,yes,snapshot
1753214046247,KXMLBGAME-25JUL22HOUARI-ARI,13,2,21389,yes,snapshot
1753214046247,KXMLBGAME-25JUL22HOUARI-ARI,13,3,12883,yes,snapshot
1753214046247,KXMLBGAME-25JUL22HOUARI-ARI,13,4,6431,yes,snapshot
1753214046247,KXMLBGAME-25JUL22HOUARI-ARI,13,5,7570,yes,snapshot
1753214046247,KXMLBGAME-25JUL22HOUARI-ARI,13,7,1224,yes,snapshot
1753214046247,KXMLBGAME-25JUL22HOUARI-ARI,13,8,644,yes,snapshot
1753214046247,KXMLBGAME-25JUL22HOUARI-ARI,13,9,711,yes,snapshot
1753214046247,KXMLBGAME-25JUL22HOUARI-ARI,13,10,1386,yes,snapshot
1753214046247,KXMLBGAME-25JUL22HOUARI-ARI,13,11,4063,yes,snapshot
1753214046247,KXMLBGAME-25JUL22HOUARI-ARI,13,12,1330,yes,snapshot
1753214046247,KXMLBGAME-25JUL22HOUARI-ARI,13,13,1228,yes,snapshot
1753214046247,KXMLBGAME-25JUL22HOUARI-ARI,13,14,606,yes,snapshot
1753214046247,KXMLBGAME-25JUL22HOUARI-ARI,13,15,736,yes,snapshot
1753214046247,KXMLBGAME-25JUL22HOUARI-ARI,13,17,100,yes,snapshot
1753214046247,KXMLBGAME-25JUL22HOUARI-ARI,13,18,1,yes,snapshot
1753214046247,KXMLBGAME-25JUL22HOUARI-ARI,13,19,394,yes,snapshot
1753214046247,KXMLBGAME-25JUL22HOUARI-ARI,13,20,207,yes,snapshot
1753214046247,KXMLBGAME-25JUL22HOUARI-ARI,13,24,169,yes,snapshot
1753214046247,KXMLBGAME-25JUL22HOUARI-ARI,13,25,40000,yes,snapshot
1753214046247,KXMLBGAME-25JUL22HOUARI-ARI,13,27,300,yes,snapshot
1753214046247,KXMLBGAME-25JUL22HOUARI-ARI,13,31,59,yes,snapshot
1753214046247,KXMLBGAME-25JUL22HOUARI-ARI,13,37,1,yes,snapshot
1753214046247,KXMLBGAME-25JUL22HOUARI-ARI,13,42,1500,yes,snapshot
1753214046247,KXMLBGAME-25JUL22HOUARI-ARI,13,43,1500,yes,snapshot
1753214046247,KXMLBGAME-25JUL22HOUARI-ARI,13,44,18000,yes,snapshot
1753214046247,KXMLBGAME-25JUL22HOUARI-ARI,13,45,7944,yes,snapshot
1753214046247,KXMLBGAME-25JUL22HOUARI-ARI,13,46,9442,yes,snapshot
1753214046247,KXMLBGAME-25JUL22HOUARI-ARI,13,47,6651,yes,snapshot
1753214046247,KXMLBGAME-25JUL22HOUARI-ARI,13,1,134088,no,snapshot
1753214046247,KXMLBGAME-25JUL22HOUARI-ARI,13,2,21094,no,snapshot
1753214046247,KXMLBGAME-25JUL22HOUARI-ARI,13,3,20889,no,snapshot
1753214046247,KXMLBGAME-25JUL22HOUARI-ARI,13,4,7557,no,snapshot
1753214046247,KXMLBGAME-25JUL22HOUARI-ARI,13,5,6668,no,snapshot
1753214046247,KXMLBGAME-25JUL22HOUARI-ARI,13,6,6132,no,snapshot
1753214046247,KXMLBGAME-25JUL22HOUARI-ARI,13,7,1136,no,snapshot
1753214046247,KXMLBGAME-25JUL22HOUARI-ARI,13,9,580,no,snapshot
1753214046247,KXMLBGAME-25JUL22HOUARI-ARI,13,10,1425,no,snapshot
1753214046247,KXMLBGAME-25JUL22HOUARI-ARI,13,11,4025,no,snapshot
1753214046247,KXMLBGAME-25JUL22HOUARI-ARI,13,12,1263,no,snapshot
1753214046247,KXMLBGAME-25JUL22HOUARI-ARI,13,13,1226,no,snapshot
1753214046247,KXMLBGAME-25JUL22HOUARI-ARI,13,14,483,no,snapshot
1753214046247,KXMLBGAME-25JUL22HOUARI-ARI,13,15,711,no,snapshot
1753214046247,KXMLBGAME-25JUL22HOUARI-ARI,13,16,551,no,snapshot
1753214046247,KXMLBGAME-25JUL22HOUARI-ARI,13,17,440,no,snapshot
1753214046247,KXMLBGAME-25JUL22HOUARI-ARI,13,18,1,no,snapshot
1753214046247,KXMLBGAME-25JUL22HOUARI-ARI,13,20,100,no,snapshot
1753214046247,KXMLBGAME-25JUL22HOUARI-ARI,13,21,2,no,snapshot
1753214046247,KXMLBGAME-25JUL22HOUARI-ARI,13,22,346,no,snapshot
1753214046247,KXMLBGAME-25JUL22HOUARI-ARI,13,23,219,no,snapshot
1753214046247,KXMLBGAME-25JUL22HOUARI-ARI,13,25,100,no,snapshot
1753214046247,KXMLBGAME-25JUL22HOUARI-ARI,13,27,100,no,snapshot
1753214046247,KXMLBGAME-25JUL22HOUARI-ARI,13,28,142,no,snapshot
1753214046247,KXMLBGAME-25JUL22HOUARI-ARI,13,30,133,no,snapshot
1753214046247,KXMLBGAME-25JUL22HOUARI-ARI,13,31,40000,no,snapshot
1753214046247,KXMLBGAME-25JUL22HOUARI-ARI,13,32,300,no,snapshot
1753214046247,KXMLBGAME-25JUL22HOUARI-ARI,13,35,62,no,snapshot
1753214046247,KXMLBGAME-25JUL22HOUARI-ARI,13,36,55,no,snapshot
1753214046247,KXMLBGAME-25JUL22HOUARI-ARI,13,43,1,no,snapshot
1753214046247,KXMLBGAME-25JUL22HOUARI-ARI,13,48,6291,no,snapshot
1753214046247,KXMLBGAME-25JUL22HOUARI-ARI,13,49,5049,no,snapshot
1753214046247,KXMLBGAME-25JUL22HOUARI-ARI,13,50,23076,no,snapshot
1753214046247,KXMLBGAME-25JUL22HOUARI-ARI,13,51,18718,no,snapshot
1753214046247,KXMLBGAME-25JUL22HOUARI-ARI,13,52,9086,no,snapshot
1753214046248,KXMLBGAME-25JUL22HOUARI-HOU,14,1,134088,yes,snapshot
1753214046248,KXMLBGAME-25JUL22HOUARI-HOU,14,2,21094,yes,snapshot
1753214046248,KXMLBGAME-25JUL22HOUARI-HOU,14,3,20889,yes,snapshot
1753214046248,KXMLBGAME-25JUL22HOUARI-HOU,14,4,7557,yes,snapshot
1753214046248,KXMLBGAME-25JUL22HOUARI-HOU,14,5,6778,yes,snapshot
1753214046248,KXMLBGAME-25JUL22HOUARI-HOU,14,6,6132,yes,snapshot
1753214046248,KXMLBGAME-25JUL22HOUARI-HOU,14,7,1236,yes,snapshot
1753214046248,KXMLBGAME-25JUL22HOUARI-HOU,14,9,580,yes,snapshot
1753214046248,KXMLBGAME-25JUL22HOUARI-HOU,14,10,1425,yes,snapshot
1753214046248,KXMLBGAME-25JUL22HOUARI-HOU,14,11,4025,yes,snapshot
1753214046248,KXMLBGAME-25JUL22HOUARI-HOU,14,12,1263,yes,snapshot
1753214046248,KXMLBGAME-25JUL22HOUARI-HOU,14,13,1226,yes,snapshot
1753214046248,KXMLBGAME-25JUL22HOUARI-HOU,14,14,583,yes,snapshot
1753214046248,KXMLBGAME-25JUL22HOUARI-HOU,14,15,711,yes,snapshot
1753214046248,KXMLBGAME-25JUL22HOUARI-HOU,14,16,451,yes,snapshot
1753214046248,KXMLBGAME-25JUL22HOUARI-HOU,14,17,540,yes,snapshot
1753214046248,KXMLBGAME-25JUL22HOUARI-HOU,14,18,1,yes,snapshot
1753214046248,KXMLBGAME-25JUL22HOUARI-HOU,14,21,2,yes,snapshot
1753214046248,KXMLBGAME-25JUL22HOUARI-HOU,14,22,346,yes,snapshot
1753214046248,KXMLBGAME-25JUL22HOUARI-HOU,14,24,211,yes,snapshot
1753214046248,KXMLBGAME-25JUL22HOUARI-HOU,14,28,142,yes,snapshot
1753214046248,KXMLBGAME-25JUL22HOUARI-HOU,14,29,40000,yes,snapshot
1753214046248,KXMLBGAME-25JUL22HOUARI-HOU,14,32,300,yes,snapshot
1753214046248,KXMLBGAME-25JUL22HOUARI-HOU,14,36,55,yes,snapshot
1753214046248,KXMLBGAME-25JUL22HOUARI-HOU,14,43,1,yes,snapshot
1753214046248,KXMLBGAME-25JUL22HOUARI-HOU,14,46,47,yes,snapshot
1753214046248,KXMLBGAME-25JUL22HOUARI-HOU,14,48,4020,yes,snapshot
1753214046248,KXMLBGAME-25JUL22HOUARI-HOU,14,49,2928,yes,snapshot
1753214046248,KXMLBGAME-25JUL22HOUARI-HOU,14,50,20220,yes,snapshot
1753214046248,KXMLBGAME-25JUL22HOUARI-HOU,14,51,7020,yes,snapshot
1753214046248,KXMLBGAME-25JUL22HOUARI-HOU,14,52,5067,yes,snapshot
1753214046248,KXMLBGAME-25JUL22HOUARI-HOU,14,1,153352,no,snapshot
1753214046248,KXMLBGAME-25JUL22HOUARI-HOU,14,2,21389,no,snapshot
1753214046248,KXMLBGAME-25JUL22HOUARI-HOU,14,3,12883,no,snapshot
1753214046248,KXMLBGAME-25JUL22HOUARI-HOU,14,4,6431,no,snapshot
1753214046248,KXMLBGAME-25JUL22HOUARI-HOU,14,5,7460,no,snapshot
1753214046248,KXMLBGAME-25JUL22HOUARI-HOU,14,7,1124,no,snapshot
1753214046248,KXMLBGAME-25JUL22HOUARI-HOU,14,8,644,no,snapshot
1753214046248,KXMLBGAME-25JUL22HOUARI-HOU,14,9,711,no,snapshot
1753214046248,KXMLBGAME-25JUL22HOUARI-HOU,14,10,1386,no,snapshot
1753214046248,KXMLBGAME-25JUL22HOUARI-HOU,14,11,4063,no,snapshot
1753214046248,KXMLBGAME-25JUL22HOUARI-HOU,14,12,1663,no,snapshot
1753214046248,KXMLBGAME-25JUL22HOUARI-HOU,14,13,1228,no,snapshot
1753214046248,KXMLBGAME-25JUL22HOUARI-HOU,14,14,506,no,snapshot
1753214046248,KXMLBGAME-25JUL22HOUARI-HOU,14,15,736,no,snapshot
1753214046248,KXMLBGAME-25JUL22HOUARI-HOU,14,16,100,no,snapshot
1753214046248,KXMLBGAME-25JUL22HOUARI-HOU,14,18,1,no,snapshot
1753214046248,KXMLBGAME-25JUL22HOUARI-HOU,14,19,456,no,snapshot
1753214046248,KXMLBGAME-25JUL22HOUARI-HOU,14,20,308,no,snapshot
1753214046248,KXMLBGAME-25JUL22HOUARI-HOU,14,24,169,no,snapshot
1753214046248,KXMLBGAME-25JUL22HOUARI-HOU,14,25,100,no,snapshot
1753214046248,KXMLBGAME-25JUL22HOUARI-HOU,14,27,10400,no,snapshot
1753214046248,KXMLBGAME-25JUL22HOUARI-HOU,14,28,30000,no,snapshot
1753214046248,KXMLBGAME-25JUL22HOUARI-HOU,14,31,59,no,snapshot
1753214046248,KXMLBGAME-25JUL22HOUARI-HOU,14,33,1,no,snapshot
1753214046248,KXMLBGAME-25JUL22HOUARI-HOU,14,35,62,no,snapshot
1753214046248,KXMLBGAME-25JUL22HOUARI-HOU,14,37,1,no,snapshot
1753214046248,KXMLBGAME-25JUL22HOUARI-HOU,14,42,1500,no,snapshot
1753214046248,KXMLBGAME-25JUL22HOUARI-HOU,14,43,1500,no,snapshot
1753214046248,KXMLBGAME-25JUL22HOUARI-HOU,14,44,18000,no,snapshot
1753214046248,KXMLBGAME-25JUL22HOUARI-HOU,14,45,8694,no,snapshot
1753214046248,KXMLBGAME-25JUL22HOUARI-HOU,14,46,13169,no,snapshot
1753214046248,KXMLBGAME-25JUL22HOUARI-HOU,14,47,3208,no,snapshot
1753214046248,KXMLBGAME-25JUL22KCCHC-CHC,15,1,150730,yes,snapshot
1753214046248,KXMLBGAME-25JUL22KCCHC-CHC,15,2,26039,yes,snapshot
1753214046248,KXMLBGAME-25JUL22KCCHC-CHC,15,3,24311,yes,snapshot
1753214046248,KXMLBGAME-25JUL22KCCHC-CHC,15,4,9095,yes,snapshot
1753214046248,KXMLBGAME-25JUL22KCCHC-CHC,15,5,998,yes,snapshot
1753214046248,KXMLBGAME-25JUL22KCCHC-CHC,15,6,7037,yes,snapshot
1753214046248,KXMLBGAME-25JUL22KCCHC-CHC,15,7,8050,yes,snapshot
1753214046248,KXMLBGAME-25JUL22KCCHC-CHC,15,10,1198,yes,snapshot
1753214046248,KXMLBGAME-25JUL22KCCHC-CHC,15,11,4136,yes,snapshot
1753214046248,KXMLBGAME-25JUL22KCCHC-CHC,15,12,1370,yes,snapshot
1753214046248,KXMLBGAME-25JUL22KCCHC-CHC,15,13,1302,yes,snapshot
1753214046248,KXMLBGAME-25JUL22KCCHC-CHC,15,14,783,yes,snapshot
1753214046248,KXMLBGAME-25JUL22KCCHC-CHC,15,15,1108,yes,snapshot
1753214046248,KXMLBGAME-25JUL22KCCHC-CHC,15,16,545,yes,snapshot
1753214046248,KXMLBGAME-25JUL22KCCHC-CHC,15,17,625,yes,snapshot
1753214046248,KXMLBGAME-25JUL22KCCHC-CHC,15,18,539,yes,snapshot
1753214046248,KXMLBGAME-25JUL22KCCHC-CHC,15,19,486,yes,snapshot
1753214046248,KXMLBGAME-25JUL22KCCHC-CHC,15,20,467,yes,snapshot
1753214046248,KXMLBGAME-25JUL22KCCHC-CHC,15,21,454,yes,snapshot
1753214046248,KXMLBGAME-25JUL22KCCHC-CHC,15,22,440,yes,snapshot
1753214046248,KXMLBGAME-25JUL22KCCHC-CHC,15,23,9,yes,snapshot
1753214046248,KXMLBGAME-25JUL22KCCHC-CHC,15,28,344,yes,snapshot
1753214046248,KXMLBGAME-25JUL22KCCHC-CHC,15,29,1,yes,snapshot
1753214046248,KXMLBGAME-25JUL22KCCHC-CHC,15,30,207,yes,snapshot
1753214046248,KXMLBGAME-25JUL22KCCHC-CHC,15,36,148,yes,snapshot
1753214046248,KXMLBGAME-25JUL22KCCHC-CHC,15,37,40000,yes,snapshot
1753214046248,KXMLBGAME-25JUL22KCCHC-CHC,15,46,66,yes,snapshot
1753214046248,KXMLBGAME-25JUL22KCCHC-CHC,15,56,1,yes,snapshot
1753214046248,KXMLBGAME-25JUL22KCCHC-CHC,15,58,4,yes,snapshot
1753214046248,KXMLBGAME-25JUL22KCCHC-CHC,15,64,1500,yes,snapshot
1753214046248,KXMLBGAME-25JUL22KCCHC-CHC,15,65,4308,yes,snapshot
1753214046248,KXMLBGAME-25JUL22KCCHC-CHC,15,66,17500,yes,snapshot
1753214046248,KXMLBGAME-25JUL22KCCHC-CHC,15,67,14179,yes,snapshot
1753214046248,KXMLBGAME-25JUL22KCCHC-CHC,15,68,9324,yes,snapshot
1753214046248,KXMLBGAME-25JUL22KCCHC-CHC,15,1,150064,no,snapshot
1753214046248,KXMLBGAME-25JUL22KCCHC-CHC,15,2,12712,no,snapshot
1753214046248,KXMLBGAME-25JUL22KCCHC-CHC,15,3,9701,no,snapshot
1753214046248,KXMLBGAME-25JUL22KCCHC-CHC,15,4,411,no,snapshot
1753214046248,KXMLBGAME-25JUL22KCCHC-CHC,15,5,1532,no,snapshot
1753214046248,KXMLBGAME-25JUL22KCCHC-CHC,15,6,556,no,snapshot
1753214046248,KXMLBGAME-25JUL22KCCHC-CHC,15,7,1299,no,snapshot
1753214046248,KXMLBGAME-25JUL22KCCHC-CHC,15,8,474,no,snapshot
1753214046248,KXMLBGAME-25JUL22KCCHC-CHC,15,9,453,no,snapshot
1753214046248,KXMLBGAME-25JUL22KCCHC-CHC,15,10,1981,no,snapshot
1753214046248,KXMLBGAME-25JUL22KCCHC-CHC,15,11,2700,no,snapshot
1753214046248,KXMLBGAME-25JUL22KCCHC-CHC,15,12,652,no,snapshot
1753214046248,KXMLBGAME-25JUL22KCCHC-CHC,15,13,10000,no,snapshot
1753214046248,KXMLBGAME-25JUL22KCCHC-CHC,15,15,146,no,snapshot
1753214046248,KXMLBGAME-25JUL22KCCHC-CHC,15,16,100,no,snapshot
1753214046248,KXMLBGAME-25JUL22KCCHC-CHC,15,19,52,no,snapshot
1753214046248,KXMLBGAME-25JUL22KCCHC-CHC,15,20,100,no,snapshot
1753214046248,KXMLBGAME-25JUL22KCCHC-CHC,15,21,30000,no,snapshot
1753214046248,KXMLBGAME-25JUL22KCCHC-CHC,15,23,1,no,snapshot
1753214046248,KXMLBGAME-25JUL22KCCHC-CHC,15,25,100,no,snapshot
1753214046248,KXMLBGAME-25JUL22KCCHC-CHC,15,27,4591,no,snapshot
1753214046248,KXMLBGAME-25JUL22KCCHC-CHC,15,28,8657,no,snapshot
1753214046248,KXMLBGAME-25JUL22KCCHC-CHC,15,29,18964,no,snapshot
1753214046248,KXMLBGAME-25JUL22KCCHC-CHC,15,30,18088,no,snapshot
1753214046248,KXMLBGAME-25JUL22KCCHC-CHC,15,31,18180,no,snapshot
1753214046248,KXMLBGAME-25JUL22KCCHC-KC,16,1,149994,yes,snapshot
1753214046248,KXMLBGAME-25JUL22KCCHC-KC,16,2,12712,yes,snapshot
1753214046248,KXMLBGAME-25JUL22KCCHC-KC,16,3,9701,yes,snapshot
1753214046248,KXMLBGAME-25JUL22KCCHC-KC,16,4,411,yes,snapshot
1753214046248,KXMLBGAME-25JUL22KCCHC-KC,16,5,1642,yes,snapshot
1753214046248,KXMLBGAME-25JUL22KCCHC-KC,16,6,556,yes,snapshot
1753214046248,KXMLBGAME-25JUL22KCCHC-KC,16,7,1399,yes,snapshot
1753214046248,KXMLBGAME-25JUL22KCCHC-KC,16,8,474,yes,snapshot
1753214046248,KXMLBGAME-25JUL22KCCHC-KC,16,9,453,yes,snapshot
1753214046248,KXMLBGAME-25JUL22KCCHC-KC,16,10,1723,yes,snapshot
1753214046248,KXMLBGAME-25JUL22KCCHC-KC,16,11,2700,yes,snapshot
1753214046248,KXMLBGAME-25JUL22KCCHC-KC,16,12,352,yes,snapshot
1753214046248,KXMLBGAME-25JUL22KCCHC-KC,16,13,10000,yes,snapshot
1753214046248,KXMLBGAME-25JUL22KCCHC-KC,16,14,100,yes,snapshot
1753214046248,KXMLBGAME-25JUL22KCCHC-KC,16,15,146,yes,snapshot
1753214046248,KXMLBGAME-25JUL22KCCHC-KC,16,17,100,yes,snapshot
1753214046248,KXMLBGAME-25JUL22KCCHC-KC,16,18,30000,yes,snapshot
1753214046248,KXMLBGAME-25JUL22KCCHC-KC,16,19,52,yes,snapshot
1753214046248,KXMLBGAME-25JUL22KCCHC-KC,16,23,1,yes,snapshot
1753214046248,KXMLBGAME-25JUL22KCCHC-KC,16,27,3741,yes,snapshot
1753214046248,KXMLBGAME-25JUL22KCCHC-KC,16,28,7857,yes,snapshot
1753214046248,KXMLBGAME-25JUL22KCCHC-KC,16,29,18000,yes,snapshot
1753214046248,KXMLBGAME-25JUL22KCCHC-KC,16,30,10393,yes,snapshot
1753214046248,KXMLBGAME-25JUL22KCCHC-KC,16,31,6009,yes,snapshot
1753214046248,KXMLBGAME-25JUL22KCCHC-KC,16,1,150730,no,snapshot
1753214046248,KXMLBGAME-25JUL22KCCHC-KC,16,2,26039,no,snapshot
1753214046248,KXMLBGAME-25JUL22KCCHC-KC,16,3,24311,no,snapshot
1753214046248,KXMLBGAME-25JUL22KCCHC-KC,16,4,9095,no,snapshot
1753214046248,KXMLBGAME-25JUL22KCCHC-KC,16,5,888,no,snapshot
1753214046248,KXMLBGAME-25JUL22KCCHC-KC,16,6,7037,no,snapshot
1753214046248,KXMLBGAME-25JUL22KCCHC-KC,16,7,7950,no,snapshot
1753214046248,KXMLBGAME-25JUL22KCCHC-KC,16,8,500,no,snapshot
1753214046248,KXMLBGAME-25JUL22KCCHC-KC,16,10,1198,no,snapshot
1753214046248,KXMLBGAME-25JUL22KCCHC-KC,16,11,4136,no,snapshot
1753214046248,KXMLBGAME-25JUL22KCCHC-KC,16,12,1370,no,snapshot
1753214046248,KXMLBGAME-25JUL22KCCHC-KC,16,13,1302,no,snapshot
1753214046248,KXMLBGAME-25JUL22KCCHC-KC,16,14,683,no,snapshot
1753214046248,KXMLBGAME-25JUL22KCCHC-KC,16,15,808,no,snapshot
1753214046248,KXMLBGAME-25JUL22KCCHC-KC,16,16,645,no,snapshot
1753214046248,KXMLBGAME-25JUL22KCCHC-KC,16,17,525,no,snapshot
1753214046248,KXMLBGAME-25JUL22KCCHC-KC,16,18,539,no,snapshot
1753214046248,KXMLBGAME-25JUL22KCCHC-KC,16,19,486,no,snapshot
1753214046248,KXMLBGAME-25JUL22KCCHC-KC,16,20,567,no,snapshot
1753214046248,KXMLBGAME-25JUL22KCCHC-KC,16,21,454,no,snapshot
1753214046248,KXMLBGAME-25JUL22KCCHC-KC,16,22,440,no,snapshot
1753214046248,KXMLBGAME-25JUL22KCCHC-KC,16,23,9,no,snapshot
1753214046248,KXMLBGAME-25JUL22KCCHC-KC,16,25,100,no,snapshot
1753214046248,KXMLBGAME-25JUL22KCCHC-KC,16,27,100,no,snapshot
1753214046248,KXMLBGAME-25JUL22KCCHC-KC,16,28,344,no,snapshot
1753214046248,KXMLBGAME-25JUL22KCCHC-KC,16,29,211,no,snapshot
1753214046248,KXMLBGAME-25JUL22KCCHC-KC,16,31,300,no,snapshot
1753214046248,KXMLBGAME-25JUL22KCCHC-KC,16,35,62,no,snapshot
1753214046248,KXMLBGAME-25JUL22KCCHC-KC,16,36,148,no,snapshot
1753214046248,KXMLBGAME-25JUL22KCCHC-KC,16,37,40000,no,snapshot
1753214046248,KXMLBGAME-25JUL22KCCHC-KC,16,46,66,no,snapshot
1753214046248,KXMLBGAME-25JUL22KCCHC-KC,16,56,1,no,snapshot
1753214046248,KXMLBGAME-25JUL22KCCHC-KC,16,64,1848,no,snapshot
1753214046248,KXMLBGAME-25JUL22KCCHC-KC,16,65,5156,no,snapshot
1753214046248,KXMLBGAME-25JUL22KCCHC-KC,16,66,18598,no,snapshot
1753214046248,KXMLBGAME-25JUL22KCCHC-KC,16,67,20948,no,snapshot
1753214046248,KXMLBGAME-25JUL22KCCHC-KC,16,68,10090,no,snapshot
1753214046248,KXMLBGAME-25JUL22LAANYM-LAA,17,1,144357,yes,snapshot
1753214046248,KXMLBGAME-25JUL22LAANYM-LAA,17,2,21194,yes,snapshot
1753214046248,KXMLBGAME-25JUL22LAANYM-LAA,17,3,13392,yes,snapshot
1753214046248,KXMLBGAME-25JUL22LAANYM-LAA,17,4,5650,yes,snapshot
1753214046248,KXMLBGAME-25JUL22LAANYM-LAA,17,5,998,yes,snapshot
1753214046248,KXMLBGAME-25JUL22LAANYM-LAA,17,6,60,yes,snapshot
1753214046248,KXMLBGAME-25JUL22LAANYM-LAA,17,7,1502,yes,snapshot
1753214046248,KXMLBGAME-25JUL22LAANYM-LAA,17,8,610,yes,snapshot
1753214046248,KXMLBGAME-25JUL22LAANYM-LAA,17,9,568,yes,snapshot
1753214046248,KXMLBGAME-25JUL22LAANYM-LAA,17,10,1539,yes,snapshot
1753214046248,KXMLBGAME-25JUL22LAANYM-LAA,17,11,4011,yes,snapshot
1753214046248,KXMLBGAME-25JUL22LAANYM-LAA,17,12,1247,yes,snapshot
1753214046248,KXMLBGAME-25JUL22LAANYM-LAA,17,13,777,yes,snapshot
1753214046248,KXMLBGAME-25JUL22LAANYM-LAA,17,14,100,yes,snapshot
1753214046248,KXMLBGAME-25JUL22LAANYM-LAA,17,16,388,yes,snapshot
1753214046248,KXMLBGAME-25JUL22LAANYM-LAA,17,17,100,yes,snapshot
1753214046248,KXMLBGAME-25JUL22LAANYM-LAA,17,18,10000,yes,snapshot
1753214046248,KXMLBGAME-25JUL22LAANYM-LAA,17,20,168,yes,snapshot
1753214046248,KXMLBGAME-25JUL22LAANYM-LAA,17,21,30000,yes,snapshot
1753214046248,KXMLBGAME-25JUL22LAANYM-LAA,17,26,58,yes,snapshot
1753214046248,KXMLBGAME-25JUL22LAANYM-LAA,17,31,1,yes,snapshot
1753214046248,KXMLBGAME-25JUL22LAANYM-LAA,17,35,3571,yes,snapshot
1753214046248,KXMLBGAME-25JUL22LAANYM-LAA,17,36,17500,yes,snapshot
1753214046248,KXMLBGAME-25JUL22LAANYM-LAA,17,37,8280,yes,snapshot
1753214046248,KXMLBGAME-25JUL22LAANYM-LAA,17,38,13119,yes,snapshot
1753214046248,KXMLBGAME-25JUL22LAANYM-LAA,17,39,1233,yes,snapshot
1753214046248,KXMLBGAME-25JUL22LAANYM-LAA,17,1,141125,no,snapshot
1753214046248,KXMLBGAME-25JUL22LAANYM-LAA,17,2,23268,no,snapshot
1753214046248,KXMLBGAME-25JUL22LAANYM-LAA,17,3,22654,no,snapshot
1753214046248,KXMLBGAME-25JUL22LAANYM-LAA,17,4,8170,no,snapshot
1753214046248,KXMLBGAME-25JUL22LAANYM-LAA,17,5,888,no,snapshot
1753214046248,KXMLBGAME-25JUL22LAANYM-LAA,17,6,6342,no,snapshot
1753214046248,KXMLBGAME-25JUL22LAANYM-LAA,17,7,7205,no,snapshot
1753214046248,KXMLBGAME-25JUL22LAANYM-LAA,17,8,500,no,snapshot
1753214046248,KXMLBGAME-25JUL22LAANYM-LAA,17,9,399,no,snapshot
1753214046248,KXMLBGAME-25JUL22LAANYM-LAA,17,10,1392,no,snapshot
1753214046248,KXMLBGAME-25JUL22LAANYM-LAA,17,11,4070,no,snapshot
1753214046248,KXMLBGAME-25JUL22LAANYM-LAA,17,12,1402,no,snapshot
1753214046248,KXMLBGAME-25JUL22LAANYM-LAA,17,13,1239,no,snapshot
1753214046248,KXMLBGAME-25JUL22LAANYM-LAA,17,14,523,no,snapshot
1753214046248,KXMLBGAME-25JUL22LAANYM-LAA,17,15,750,no,snapshot
1753214046248,KXMLBGAME-25JUL22LAANYM-LAA,17,16,622,no,snapshot
1753214046248,KXMLBGAME-25JUL22LAANYM-LAA,17,17,471,no,snapshot
1753214046248,KXMLBGAME-25JUL22LAANYM-LAA,17,18,454,no,snapshot
1753214046248,KXMLBGAME-25JUL22LAANYM-LAA,17,19,436,no,snapshot
1753214046248,KXMLBGAME-25JUL22LAANYM-LAA,17,20,518,no,snapshot
1753214046248,KXMLBGAME-25JUL22LAANYM-LAA,17,21,9,no,snapshot
1753214046248,KXMLBGAME-25JUL22LAANYM-LAA,17,25,442,no,snapshot
1753214046248,KXMLBGAME-25JUL22LAANYM-LAA,17,26,1,no,snapshot
1753214046248,KXMLBGAME-25JUL22LAANYM-LAA,17,27,100,no,snapshot
1753214046248,KXMLBGAME-25JUL22LAANYM-LAA,17,28,222,no,snapshot
1753214046248,KXMLBGAME-25JUL22LAANYM-LAA,17,31,300,no,snapshot
1753214046248,KXMLBGAME-25JUL22LAANYM-LAA,17,33,133,no,snapshot
1753214046248,KXMLBGAME-25JUL22LAANYM-LAA,17,34,40000,no,snapshot
1753214046248,KXMLBGAME-25JUL22LAANYM-LAA,17,35,62,no,snapshot
1753214046248,KXMLBGAME-25JUL22LAANYM-LAA,17,42,59,no,snapshot
1753214046248,KXMLBGAME-25JUL22LAANYM-LAA,17,50,1,no,snapshot
1753214046248,KXMLBGAME-25JUL22LAANYM-LAA,17,56,1500,no,snapshot
1753214046248,KXMLBGAME-25JUL22LAANYM-LAA,17,57,4351,no,snapshot
1753214046248,KXMLBGAME-25JUL22LAANYM-LAA,17,58,18250,no,snapshot
1753214046248,KXMLBGAME-25JUL22LAANYM-LAA,17,59,10279,no,snapshot
1753214046248,KXMLBGAME-25JUL22LAANYM-LAA,17,60,8267,no,snapshot
1753214046248,KXMLBGAME-25JUL22LAANYM-NYM,18,1,141125,yes,snapshot
1753214046248,KXMLBGAME-25JUL22LAANYM-NYM,18,2,23268,yes,snapshot
1753214046248,KXMLBGAME-25JUL22LAANYM-NYM,18,3,22654,yes,snapshot
1753214046248,KXMLBGAME-25JUL22LAANYM-NYM,18,4,8170,yes,snapshot
1753214046248,KXMLBGAME-25JUL22LAANYM-NYM,18,5,998,yes,snapshot
1753214046248,KXMLBGAME-25JUL22LAANYM-NYM,18,6,6342,yes,snapshot
1753214046248,KXMLBGAME-25JUL22LAANYM-NYM,18,7,7305,yes,snapshot
1753214046248,KXMLBGAME-25JUL22LAANYM-NYM,18,9,399,yes,snapshot
1753214046248,KXMLBGAME-25JUL22LAANYM-NYM,18,10,1392,yes,snapshot
1753214046248,KXMLBGAME-25JUL22LAANYM-NYM,18,11,4070,yes,snapshot
1753214046248,KXMLBGAME-25JUL22LAANYM-NYM,18,12,1402,yes,snapshot
1753214046248,KXMLBGAME-25JUL22LAANYM-NYM,18,13,1239,yes,snapshot
1753214046248,KXMLBGAME-25JUL22LAANYM-NYM,18,14,623,yes,snapshot
1753214046248,KXMLBGAME-25JUL22LAANYM-NYM,18,15,750,yes,snapshot
1753214046248,KXMLBGAME-25JUL22LAANYM-NYM,18,16,822,yes,snapshot
1753214046248,KXMLBGAME-25JUL22LAANYM-NYM,18,17,571,yes,snapshot
1753214046248,KXMLBGAME-25JUL22LAANYM-NYM,18,18,454,yes,snapshot
1753214046248,KXMLBGAME-25JUL22LAANYM-NYM,18,19,436,yes,snapshot
1753214046248,KXMLBGAME-25JUL22LAANYM-NYM,18,20,418,yes,snapshot
1753214046248,KXMLBGAME-25JUL22LAANYM-NYM,18,21,9,yes,snapshot
1753214046248,KXMLBGAME-25JUL22LAANYM-NYM,18,25,342,yes,snapshot
1753214046248,KXMLBGAME-25JUL22LAANYM-NYM,18,26,237,yes,snapshot
1753214046248,KXMLBGAME-25JUL22LAANYM-NYM,18,33,133,yes,snapshot
1753214046248,KXMLBGAME-25JUL22LAANYM-NYM,18,34,40000,yes,snapshot
1753214046248,KXMLBGAME-25JUL22LAANYM-NYM,18,42,59,yes,snapshot
1753214046248,KXMLBGAME-25JUL22LAANYM-NYM,18,50,1,yes,snapshot
1753214046248,KXMLBGAME-25JUL22LAANYM-NYM,18,56,1500,yes,snapshot
1753214046248,KXMLBGAME-25JUL22LAANYM-NYM,18,57,4351,yes,snapshot
1753214046248,KXMLBGAME-25JUL22LAANYM-NYM,18,58,17510,yes,snapshot
1753214046248,KXMLBGAME-25JUL22LAANYM-NYM,18,59,11076,yes,snapshot
1753214046248,KXMLBGAME-25JUL22LAANYM-NYM,18,60,9768,yes,snapshot
1753214046248,KXMLBGAME-25JUL22LAANYM-NYM,18,1,144357,no,snapshot
1753214046248,KXMLBGAME-25JUL22LAANYM-NYM,18,2,21194,no,snapshot
1753214046248,KXMLBGAME-25JUL22LAANYM-NYM,18,3,13392,no,snapshot
1753214046248,KXMLBGAME-25JUL22LAANYM-NYM,18,4,5650,no,snapshot
1753214046248,KXMLBGAME-25JUL22LAANYM-NYM,18,5,888,no,snapshot
1753214046248,KXMLBGAME-25JUL22LAANYM-NYM,18,6,60,no,snapshot
1753214046248,KXMLBGAME-25JUL22LAANYM-NYM,18,7,1402,no,snapshot
1753214046248,KXMLBGAME-25JUL22LAANYM-NYM,18,8,610,no,snapshot
1753214046248,KXMLBGAME-25JUL22LAANYM-NYM,18,9,568,no,snapshot
1753214046248,KXMLBGAME-25JUL22LAANYM-NYM,18,10,1542,no,snapshot
1753214046248,KXMLBGAME-25JUL22LAANYM-NYM,18,11,4011,no,snapshot
1753214046248,KXMLBGAME-25JUL22LAANYM-NYM,18,12,1247,no,snapshot
1753214046248,KXMLBGAME-25JUL22LAANYM-NYM,18,13,477,no,snapshot
1753214046248,KXMLBGAME-25JUL22LAANYM-NYM,18,16,788,no,snapshot
1753214046248,KXMLBGAME-25JUL22LAANYM-NYM,18,17,10000,no,snapshot
1753214046248,KXMLBGAME-25JUL22LAANYM-NYM,18,20,268,no,snapshot
1753214046248,KXMLBGAME-25JUL22LAANYM-NYM,18,25,101,no,snapshot
1753214046248,KXMLBGAME-25JUL22LAANYM-NYM,18,26,58,no,snapshot
1753214046248,KXMLBGAME-25JUL22LAANYM-NYM,18,27,100,no,snapshot
1753214046248,KXMLBGAME-25JUL22LAANYM-NYM,18,28,30000,no,snapshot
1753214046248,KXMLBGAME-25JUL22LAANYM-NYM,18,31,1,no,snapshot
1753214046248,KXMLBGAME-25JUL22LAANYM-NYM,18,35,5156,no,snapshot
1753214046248,KXMLBGAME-25JUL22LAANYM-NYM,18,36,18873,no,snapshot
1753214046248,KXMLBGAME-25JUL22LAANYM-NYM,18,37,10317,no,snapshot
1753214046248,KXMLBGAME-25JUL22LAANYM-NYM,18,38,41884,no,snapshot
1753214046248,KXMLBGAME-25JUL22LAANYM-NYM,18,39,4932,no,snapshot
1753214046248,KXMLBGAME-25JUL22MILSEA-MIL,19,1,153352,yes,snapshot
1753214046248,KXMLBGAME-25JUL22MILSEA-MIL,19,2,21389,yes,snapshot
1753214046248,KXMLBGAME-25JUL22MILSEA-MIL,19,3,12883,yes,snapshot
1753214046248,KXMLBGAME-25JUL22MILSEA-MIL,19,4,6431,yes,snapshot
1753214046248,KXMLBGAME-25JUL22MILSEA-MIL,19,5,7570,yes,snapshot
1753214046248,KXMLBGAME-25JUL22MILSEA-MIL,19,7,1224,yes,snapshot
1753214046248,KXMLBGAME-25JUL22MILSEA-MIL,19,8,644,yes,snapshot
1753214046248,KXMLBGAME-25JUL22MILSEA-MIL,19,9,711,yes,snapshot
1753214046248,KXMLBGAME-25JUL22MILSEA-MIL,19,10,1386,yes,snapshot
1753214046248,KXMLBGAME-25JUL22MILSEA-MIL,19,11,4063,yes,snapshot
1753214046248,KXMLBGAME-25JUL22MILSEA-MIL,19,12,1330,yes,snapshot
1753214046248,KXMLBGAME-25JUL22MILSEA-MIL,19,13,1228,yes,snapshot
1753214046248,KXMLBGAME-25JUL22MILSEA-MIL,19,14,606,yes,snapshot
1753214046248,KXMLBGAME-25JUL22MILSEA-MIL,19,15,736,yes,snapshot
1753214046248,KXMLBGAME-25JUL22MILSEA-MIL,19,17,100,yes,snapshot
1753214046248,KXMLBGAME-25JUL22MILSEA-MIL,19,18,1,yes,snapshot
1753214046248,KXMLBGAME-25JUL22MILSEA-MIL,19,19,394,yes,snapshot
1753214046248,KXMLBGAME-25JUL22MILSEA-MIL,19,20,203,yes,snapshot
1753214046248,KXMLBGAME-25JUL22MILSEA-MIL,19,24,169,yes,snapshot
1753214046248,KXMLBGAME-25JUL22MILSEA-MIL,19,25,40000,yes,snapshot
1753214046248,KXMLBGAME-25JUL22MILSEA-MIL,19,27,300,yes,snapshot
1753214046248,KXMLBGAME-25JUL22MILSEA-MIL,19,31,59,yes,snapshot
1753214046248,KXMLBGAME-25JUL22MILSEA-MIL,19,37,1,yes,snapshot
1753214046248,KXMLBGAME-25JUL22MILSEA-MIL,19,42,1500,yes,snapshot
1753214046248,KXMLBGAME-25JUL22MILSEA-MIL,19,43,4465,yes,snapshot
1753214046248,KXMLBGAME-25JUL22MILSEA-MIL,19,44,18000,yes,snapshot
1753214046248,KXMLBGAME-25JUL22MILSEA-MIL,19,45,10722,yes,snapshot
1753214046248,KXMLBGAME-25JUL22MILSEA-MIL,19,46,7321,yes,snapshot
1753214046248,KXMLBGAME-25JUL22MILSEA-MIL,19,1,134088,no,snapshot
1753214046248,KXMLBGAME-25JUL22MILSEA-MIL,19,2,21094,no,snapshot
1753214046248,KXMLBGAME-25JUL22MILSEA-MIL,19,3,20889,no,snapshot
1753214046248,KXMLBGAME-25JUL22MILSEA-MIL,19,4,7557,no,snapshot
1753214046248,KXMLBGAME-25JUL22MILSEA-MIL,19,5,6668,no,snapshot
1753214046248,KXMLBGAME-25JUL22MILSEA-MIL,19,6,6132,no,snapshot
1753214046248,KXMLBGAME-25JUL22MILSEA-MIL,19,7,1136,no,snapshot
1753214046248,KXMLBGAME-25JUL22MILSEA-MIL,19,9,580,no,snapshot
1753214046248,KXMLBGAME-25JUL22MILSEA-MIL,19,10,1425,no,snapshot
1753214046248,KXMLBGAME-25JUL22MILSEA-MIL,19,11,4025,no,snapshot
1753214046248,KXMLBGAME-25JUL22MILSEA-MIL,19,12,1596,no,snapshot
1753214046248,KXMLBGAME-25JUL22MILSEA-MIL,19,13,1226,no,snapshot
1753214046248,KXMLBGAME-25JUL22MILSEA-MIL,19,14,483,no,snapshot
1753214046248,KXMLBGAME-25JUL22MILSEA-MIL,19,15,711,no,snapshot
1753214046248,KXMLBGAME-25JUL22MILSEA-MIL,19,16,551,no,snapshot
1753214046248,KXMLBGAME-25JUL22MILSEA-MIL,19,17,440,no,snapshot
1753214046248,KXMLBGAME-25JUL22MILSEA-MIL,19,18,1,no,snapshot
1753214046248,KXMLBGAME-25JUL22MILSEA-MIL,19,20,100,no,snapshot
1753214046248,KXMLBGAME-25JUL22MILSEA-MIL,19,21,2,no,snapshot
1753214046248,KXMLBGAME-25JUL22MILSEA-MIL,19,22,346,no,snapshot
1753214046248,KXMLBGAME-25JUL22MILSEA-MIL,19,23,217,no,snapshot
1753214046248,KXMLBGAME-25JUL22MILSEA-MIL,19,25,100,no,snapshot
1753214046248,KXMLBGAME-25JUL22MILSEA-MIL,19,27,100,no,snapshot
1753214046248,KXMLBGAME-25JUL22MILSEA-MIL,19,28,142,no,snapshot
1753214046248,KXMLBGAME-25JUL22MILSEA-MIL,19,29,40000,no,snapshot
1753214046248,KXMLBGAME-25JUL22MILSEA-MIL,19,32,300,no,snapshot
1753214046248,KXMLBGAME-25JUL22MILSEA-MIL,19,35,62,no,snapshot
1753214046248,KXMLBGAME-25JUL22MILSEA-MIL,19,36,55,no,snapshot
1753214046248,KXMLBGAME-25JUL22MILSEA-MIL,19,43,1,no,snapshot
1753214046248,KXMLBGAME-25JUL22MILSEA-MIL,19,48,1500,no,snapshot
1753214046248,KXMLBGAME-25JUL22MILSEA-MIL,19,49,3000,no,snapshot
1753214046248,KXMLBGAME-25JUL22MILSEA-MIL,19,50,17900,no,snapshot
1753214046248,KXMLBGAME-25JUL22MILSEA-MIL,19,51,8250,no,snapshot
1753214046248,KXMLBGAME-25JUL22MILSEA-MIL,19,52,12727,no,snapshot
1753214046248,KXMLBGAME-25JUL22MILSEA-MIL,19,53,1880,no,snapshot
1753214046248,KXMLBGAME-25JUL22MILSEA-SEA,20,1,133332,yes,snapshot
1753214046248,KXMLBGAME-25JUL22MILSEA-SEA,20,2,21116,yes,snapshot
1753214046248,KXMLBGAME-25JUL22MILSEA-SEA,20,3,20904,yes,snapshot
1753214046248,KXMLBGAME-25JUL22MILSEA-SEA,20,4,7566,yes,snapshot
1753214046248,KXMLBGAME-25JUL22MILSEA-SEA,20,5,6785,yes,snapshot
1753214046248,KXMLBGAME-25JUL22MILSEA-SEA,20,6,6140,yes,snapshot
1753214046248,KXMLBGAME-25JUL22MILSEA-SEA,20,7,1236,yes,snapshot
1753214046248,KXMLBGAME-25JUL22MILSEA-SEA,20,9,580,yes,snapshot
1753214046248,KXMLBGAME-25JUL22MILSEA-SEA,20,10,1426,yes,snapshot
1753214046248,KXMLBGAME-25JUL22MILSEA-SEA,20,11,4025,yes,snapshot
1753214046248,KXMLBGAME-25JUL22MILSEA-SEA,20,12,1264,yes,snapshot
1753214046248,KXMLBGAME-25JUL22MILSEA-SEA,20,13,1226,yes,snapshot
1753214046248,KXMLBGAME-25JUL22MILSEA-SEA,20,14,583,yes,snapshot
1753214046248,KXMLBGAME-25JUL22MILSEA-SEA,20,15,712,yes,snapshot
1753214046248,KXMLBGAME-25JUL22MILSEA-SEA,20,16,451,yes,snapshot
1753214046248,KXMLBGAME-25JUL22MILSEA-SEA,20,17,541,yes,snapshot
1753214046248,KXMLBGAME-25JUL22MILSEA-SEA,20,18,420,yes,snapshot
1753214046248,KXMLBGAME-25JUL22MILSEA-SEA,20,21,2,yes,snapshot
1753214046248,KXMLBGAME-25JUL22MILSEA-SEA,20,22,347,yes,snapshot
1753214046248,KXMLBGAME-25JUL22MILSEA-SEA,20,23,220,yes,snapshot
1753214046248,KXMLBGAME-25JUL22MILSEA-SEA,20,29,137,yes,snapshot
1753214046248,KXMLBGAME-25JUL22MILSEA-SEA,20,30,40000,yes,snapshot
1753214046248,KXMLBGAME-25JUL22MILSEA-SEA,20,33,300,yes,snapshot
1753214046248,KXMLBGAME-25JUL22MILSEA-SEA,20,37,55,yes,snapshot
1753214046248,KXMLBGAME-25JUL22MILSEA-SEA,20,44,1,yes,snapshot
1753214046248,KXMLBGAME-25JUL22MILSEA-SEA,20,48,1500,yes,snapshot
1753214046248,KXMLBGAME-25JUL22MILSEA-SEA,20,49,3000,yes,snapshot
1753214046248,KXMLBGAME-25JUL22MILSEA-SEA,20,50,17900,yes,snapshot
1753214046248,KXMLBGAME-25JUL22MILSEA-SEA,20,51,8669,yes,snapshot
1753214046248,KXMLBGAME-25JUL22MILSEA-SEA,20,52,14139,yes,snapshot
1753214046248,KXMLBGAME-25JUL22MILSEA-SEA,20,53,9813,yes,snapshot
1753214046248,KXMLBGAME-25JUL22MILSEA-SEA,20,1,150353,no,snapshot
1753214046248,KXMLBGAME-25JUL22MILSEA-SEA,20,2,20808,no,snapshot
1753214046248,KXMLBGAME-25JUL22MILSEA-SEA,20,3,12695,no,snapshot
1753214046248,KXMLBGAME-25JUL22MILSEA-SEA,20,4,6253,no,snapshot
1753214046248,KXMLBGAME-25JUL22MILSEA-SEA,20,5,7303,no,snapshot
1753214046248,KXMLBGAME-25JUL22MILSEA-SEA,20,6,366,no,snapshot
1753214046248,KXMLBGAME-25JUL22MILSEA-SEA,20,7,789,no,snapshot
1753214046248,KXMLBGAME-25JUL22MILSEA-SEA,20,8,606,no,snapshot
1753214046248,KXMLBGAME-25JUL22MILSEA-SEA,20,9,667,no,snapshot
1753214046248,KXMLBGAME-25JUL22MILSEA-SEA,20,10,1349,no,snapshot
1753214046248,KXMLBGAME-25JUL22MILSEA-SEA,20,11,4027,no,snapshot
1753214046248,KXMLBGAME-25JUL22MILSEA-SEA,20,12,1296,no,snapshot
1753214046248,KXMLBGAME-25JUL22MILSEA-SEA,20,13,1204,no,snapshot
1753214046248,KXMLBGAME-25JUL22MILSEA-SEA,20,14,496,no,snapshot
1753214046248,KXMLBGAME-25JUL22MILSEA-SEA,20,15,715,no,snapshot
1753214046248,KXMLBGAME-25JUL22MILSEA-SEA,20,16,100,no,snapshot
1753214046248,KXMLBGAME-25JUL22MILSEA-SEA,20,18,386,no,snapshot
1753214046248,KXMLBGAME-25JUL22MILSEA-SEA,20,19,428,no,snapshot
1753214046248,KXMLBGAME-25JUL22MILSEA-SEA,20,20,100,no,snapshot
1753214046248,KXMLBGAME-25JUL22MILSEA-SEA,20,24,160,no,snapshot
1753214046248,KXMLBGAME-25JUL22MILSEA-SEA,20,25,100,no,snapshot
1753214046248,KXMLBGAME-25JUL22MILSEA-SEA,20,26,10300,no,snapshot
1753214046248,KXMLBGAME-25JUL22MILSEA-SEA,20,27,100,no,snapshot
1753214046248,KXMLBGAME-25JUL22MILSEA-SEA,20,28,30000,no,snapshot
1753214046248,KXMLBGAME-25JUL22MILSEA-SEA,20,30,57,no,snapshot
1753214046248,KXMLBGAME-25JUL22MILSEA-SEA,20,32,1,no,snapshot
1753214046248,KXMLBGAME-25JUL22MILSEA-SEA,20,35,62,no,snapshot
1753214046248,KXMLBGAME-25JUL22MILSEA-SEA,20,36,1,no,snapshot
1753214046248,KXMLBGAME-25JUL22MILSEA-SEA,20,42,3290,no,snapshot
1753214046248,KXMLBGAME-25JUL22MILSEA-SEA,20,43,6105,no,snapshot
1753214046248,KXMLBGAME-25JUL22MILSEA-SEA,20,44,20243,no,snapshot
1753214046248,KXMLBGAME-25JUL22MILSEA-SEA,20,45,14115,no,snapshot
1753214046248,KXMLBGAME-25JUL22MILSEA-SEA,20,46,11097,no,snapshot
1753214046248,KXMLBGAME-25JUL22MINLAD-LAD,21,1,149358,yes,snapshot
1753214046248,KXMLBGAME-25JUL22MINLAD-LAD,21,2,25678,yes,snapshot
1753214046248,KXMLBGAME-25JUL22MINLAD-LAD,21,3,24053,yes,snapshot
1753214046248,KXMLBGAME-25JUL22MINLAD-LAD,21,4,8940,yes,snapshot
1753214046248,KXMLBGAME-25JUL22MINLAD-LAD,21,5,998,yes,snapshot
1753214046248,KXMLBGAME-25JUL22MINLAD-LAD,21,6,6934,yes,snapshot
1753214046248,KXMLBGAME-25JUL22MINLAD-LAD,21,7,7925,yes,snapshot
1753214046248,KXMLBGAME-25JUL22MINLAD-LAD,21,10,1198,yes,snapshot
1753214046248,KXMLBGAME-25JUL22MINLAD-LAD,21,11,4125,yes,snapshot
1753214046248,KXMLBGAME-25JUL22MINLAD-LAD,21,12,1359,yes,snapshot
1753214046248,KXMLBGAME-25JUL22MINLAD-LAD,21,13,1292,yes,snapshot
1753214046248,KXMLBGAME-25JUL22MINLAD-LAD,21,14,773,yes,snapshot
1753214046248,KXMLBGAME-25JUL22MINLAD-LAD,21,15,798,yes,snapshot
1753214046248,KXMLBGAME-25JUL22MINLAD-LAD,21,16,536,yes,snapshot
1753214046248,KXMLBGAME-25JUL22MINLAD-LAD,21,17,616,yes,snapshot
1753214046248,KXMLBGAME-25JUL22MINLAD-LAD,21,18,530,yes,snapshot
1753214046248,KXMLBGAME-25JUL22MINLAD-LAD,21,19,477,yes,snapshot
1753214046248,KXMLBGAME-25JUL22MINLAD-LAD,21,20,459,yes,snapshot
1753214046248,KXMLBGAME-25JUL22MINLAD-LAD,21,21,446,yes,snapshot
1753214046248,KXMLBGAME-25JUL22MINLAD-LAD,21,22,433,yes,snapshot
1753214046248,KXMLBGAME-25JUL22MINLAD-LAD,21,23,9,yes,snapshot
1753214046248,KXMLBGAME-25JUL22MINLAD-LAD,21,28,338,yes,snapshot
1753214046248,KXMLBGAME-25JUL22MINLAD-LAD,21,29,215,yes,snapshot
1753214046248,KXMLBGAME-25JUL22MINLAD-LAD,21,33,300,yes,snapshot
1753214046248,KXMLBGAME-25JUL22MINLAD-LAD,21,36,145,yes,snapshot
1753214046248,KXMLBGAME-25JUL22MINLAD-LAD,21,37,40000,yes,snapshot
1753214046248,KXMLBGAME-25JUL22MINLAD-LAD,21,46,65,yes,snapshot
1753214046248,KXMLBGAME-25JUL22MINLAD-LAD,21,56,1,yes,snapshot
1753214046248,KXMLBGAME-25JUL22MINLAD-LAD,21,62,1500,yes,snapshot
1753214046248,KXMLBGAME-25JUL22MINLAD-LAD,21,63,4317,yes,snapshot
1753214046248,KXMLBGAME-25JUL22MINLAD-LAD,21,64,8965,yes,snapshot
1753214046248,KXMLBGAME-25JUL22MINLAD-LAD,21,65,21368,yes,snapshot
1753214046248,KXMLBGAME-25JUL22MINLAD-LAD,21,66,5534,yes,snapshot
1753214046248,KXMLBGAME-25JUL22MINLAD-LAD,21,67,2828,yes,snapshot
1753214046248,KXMLBGAME-25JUL22MINLAD-LAD,21,1,152961,no,snapshot
1753214046248,KXMLBGAME-25JUL22MINLAD-LAD,21,2,13330,no,snapshot
1753214046248,KXMLBGAME-25JUL22MINLAD-LAD,21,3,9947,no,snapshot
1753214046248,KXMLBGAME-25JUL22MINLAD-LAD,21,4,411,no,snapshot
1753214046248,KXMLBGAME-25JUL22MINLAD-LAD,21,5,1561,no,snapshot
1753214046248,KXMLBGAME-25JUL22MINLAD-LAD,21,6,584,no,snapshot
1753214046248,KXMLBGAME-25JUL22MINLAD-LAD,21,7,1357,no,snapshot
1753214046248,KXMLBGAME-25JUL22MINLAD-LAD,21,8,520,no,snapshot
1753214046248,KXMLBGAME-25JUL22MINLAD-LAD,21,9,487,no,snapshot
1753214046248,KXMLBGAME-25JUL22MINLAD-LAD,21,10,1442,no,snapshot
1753214046248,KXMLBGAME-25JUL22MINLAD-LAD,21,11,2700,no,snapshot
1753214046248,KXMLBGAME-25JUL22MINLAD-LAD,21,12,670,no,snapshot
1753214046248,KXMLBGAME-25JUL22MINLAD-LAD,21,13,10000,no,snapshot
1753214046248,KXMLBGAME-25JUL22MINLAD-LAD,21,16,253,no,snapshot
1753214046248,KXMLBGAME-25JUL22MINLAD-LAD,21,20,155,no,snapshot
1753214046248,KXMLBGAME-25JUL22MINLAD-LAD,21,21,30000,no,snapshot
1753214046248,KXMLBGAME-25JUL22MINLAD-LAD,21,24,1,no,snapshot
1753214046248,KXMLBGAME-25JUL22MINLAD-LAD,21,25,100,no,snapshot
1753214046248,KXMLBGAME-25JUL22MINLAD-LAD,21,27,1600,no,snapshot
1753214046248,KXMLBGAME-25JUL22MINLAD-LAD,21,28,1500,no,snapshot
1753214046248,KXMLBGAME-25JUL22MINLAD-LAD,21,29,4440,no,snapshot
1753214046248,KXMLBGAME-25JUL22MINLAD-LAD,21,30,18300,no,snapshot
1753214046248,KXMLBGAME-25JUL22MINLAD-LAD,21,31,7691,no,snapshot
1753214046248,KXMLBGAME-25JUL22MINLAD-LAD,21,32,31462,no,snapshot
1753214046249,KXMLBGAME-25JUL22MINLAD-MIN,22,1,152961,yes,snapshot
1753214046249,KXMLBGAME-25JUL22MINLAD-MIN,22,2,13330,yes,snapshot
1753214046249,KXMLBGAME-25JUL22MINLAD-MIN,22,3,9947,yes,snapshot
1753214046249,KXMLBGAME-25JUL22MINLAD-MIN,22,4,411,yes,snapshot
1753214046249,KXMLBGAME-25JUL22MINLAD-MIN,22,5,1671,yes,snapshot
1753214046249,KXMLBGAME-25JUL22MINLAD-MIN,22,6,584,yes,snapshot
1753214046249,KXMLBGAME-25JUL22MINLAD-MIN,22,7,1457,yes,snapshot
1753214046249,KXMLBGAME-25JUL22MINLAD-MIN,22,8,520,yes,snapshot
1753214046249,KXMLBGAME-25JUL22MINLAD-MIN,22,9,487,yes,snapshot
1753214046249,KXMLBGAME-25JUL22MINLAD-MIN,22,10,1451,yes,snapshot
1753214046249,KXMLBGAME-25JUL22MINLAD-MIN,22,11,2700,yes,snapshot
1753214046249,KXMLBGAME-25JUL22MINLAD-MIN,22,12,370,yes,snapshot
1753214046249,KXMLBGAME-25JUL22MINLAD-MIN,22,13,300,yes,snapshot
1753214046249,KXMLBGAME-25JUL22MINLAD-MIN,22,14,10100,yes,snapshot
1753214046249,KXMLBGAME-25JUL22MINLAD-MIN,22,16,153,yes,snapshot
1753214046249,KXMLBGAME-25JUL22MINLAD-MIN,22,17,100,yes,snapshot
1753214046249,KXMLBGAME-25JUL22MINLAD-MIN,22,18,30000,yes,snapshot
1753214046249,KXMLBGAME-25JUL22MINLAD-MIN,22,20,55,yes,snapshot
1753214046249,KXMLBGAME-25JUL22MINLAD-MIN,22,24,1,yes,snapshot
1753214046249,KXMLBGAME-25JUL22MINLAD-MIN,22,27,1500,yes,snapshot
1753214046249,KXMLBGAME-25JUL22MINLAD-MIN,22,28,1500,yes,snapshot
1753214046249,KXMLBGAME-25JUL22MINLAD-MIN,22,29,3690,yes,snapshot
1753214046249,KXMLBGAME-25JUL22MINLAD-MIN,22,30,17500,yes,snapshot
1753214046249,KXMLBGAME-25JUL22MINLAD-MIN,22,31,6517,yes,snapshot
1753214046249,KXMLBGAME-25JUL22MINLAD-MIN,22,32,14523,yes,snapshot
1753214046249,KXMLBGAME-25JUL22MINLAD-MIN,22,1,147314,no,snapshot
1753214046249,KXMLBGAME-25JUL22MINLAD-MIN,22,2,25140,no,snapshot
1753214046249,KXMLBGAME-25JUL22MINLAD-MIN,22,3,23645,no,snapshot
1753214046249,KXMLBGAME-25JUL22MINLAD-MIN,22,4,8767,no,snapshot
1753214046249,KXMLBGAME-25JUL22MINLAD-MIN,22,5,888,no,snapshot
1753214046249,KXMLBGAME-25JUL22MINLAD-MIN,22,6,6765,no,snapshot
1753214046249,KXMLBGAME-25JUL22MINLAD-MIN,22,7,7685,no,snapshot
1753214046249,KXMLBGAME-25JUL22MINLAD-MIN,22,10,1151,no,snapshot
1753214046249,KXMLBGAME-25JUL22MINLAD-MIN,22,11,4113,no,snapshot
1753214046249,KXMLBGAME-25JUL22MINLAD-MIN,22,12,1348,no,snapshot
1753214046249,KXMLBGAME-25JUL22MINLAD-MIN,22,13,1376,no,snapshot
1753214046249,KXMLBGAME-25JUL22MINLAD-MIN,22,14,562,no,snapshot
1753214046249,KXMLBGAME-25JUL22MINLAD-MIN,22,15,787,no,snapshot
1753214046249,KXMLBGAME-25JUL22MINLAD-MIN,22,16,625,no,snapshot
1753214046249,KXMLBGAME-25JUL22MINLAD-MIN,22,17,506,no,snapshot
1753214046249,KXMLBGAME-25JUL22MINLAD-MIN,22,18,518,no,snapshot
1753214046249,KXMLBGAME-25JUL22MINLAD-MIN,22,19,468,no,snapshot
1753214046249,KXMLBGAME-25JUL22MINLAD-MIN,22,20,550,no,snapshot
1753214046249,KXMLBGAME-25JUL22MINLAD-MIN,22,21,438,no,snapshot
1753214046249,KXMLBGAME-25JUL22MINLAD-MIN,22,22,433,no,snapshot
1753214046249,KXMLBGAME-25JUL22MINLAD-MIN,22,25,100,no,snapshot
1753214046249,KXMLBGAME-25JUL22MINLAD-MIN,22,27,100,no,snapshot
1753214046249,KXMLBGAME-25JUL22MINLAD-MIN,22,28,333,no,snapshot
1753214046249,KXMLBGAME-25JUL22MINLAD-MIN,22,29,210,no,snapshot
1753214046249,KXMLBGAME-25JUL22MINLAD-MIN,22,31,300,no,snapshot
1753214046249,KXMLBGAME-25JUL22MINLAD-MIN,22,35,62,no,snapshot
1753214046249,KXMLBGAME-25JUL22MINLAD-MIN,22,36,142,no,snapshot
1753214046249,KXMLBGAME-25JUL22MINLAD-MIN,22,40,100,no,snapshot
1753214046249,KXMLBGAME-25JUL22MINLAD-MIN,22,41,40000,no,snapshot
1753214046249,KXMLBGAME-25JUL22MINLAD-MIN,22,46,64,no,snapshot
1753214046249,KXMLBGAME-25JUL22MINLAD-MIN,22,55,1,no,snapshot
1753214046249,KXMLBGAME-25JUL22MINLAD-MIN,22,62,2612,no,snapshot
1753214046249,KXMLBGAME-25JUL22MINLAD-MIN,22,63,5429,no,snapshot
1753214046249,KXMLBGAME-25JUL22MINLAD-MIN,22,64,9362,no,snapshot
1753214046249,KXMLBGAME-25JUL22MINLAD-MIN,22,65,20712,no,snapshot
1753214046249,KXMLBGAME-25JUL22MINLAD-MIN,22,66,21150,no,snapshot
1753214046249,KXMLBGAME-25JUL22MINLAD-MIN,22,67,69165,no,snapshot
1753214046249,KXMLBGAME-25JUL22NYYTOR-NYY,23,1,150353,yes,snapshot
1753214046249,KXMLBGAME-25JUL22NYYTOR-NYY,23,2,20808,yes,snapshot
1753214046249,KXMLBGAME-25JUL22NYYTOR-NYY,23,3,12695,yes,snapshot
1753214046249,KXMLBGAME-25JUL22NYYTOR-NYY,23,4,6253,yes,snapshot
1753214046249,KXMLBGAME-25JUL22NYYTOR-NYY,23,5,7413,yes,snapshot
1753214046249,KXMLBGAME-25JUL22NYYTOR-NYY,23,6,366,yes,snapshot
1753214046249,KXMLBGAME-25JUL22NYYTOR-NYY,23,7,889,yes,snapshot
1753214046249,KXMLBGAME-25JUL22NYYTOR-NYY,23,8,606,yes,snapshot
1753214046249,KXMLBGAME-25JUL22NYYTOR-NYY,23,9,667,yes,snapshot
1753214046249,KXMLBGAME-25JUL22NYYTOR-NYY,23,10,1349,yes,snapshot
1753214046249,KXMLBGAME-25JUL22NYYTOR-NYY,23,11,4027,yes,snapshot
1753214046249,KXMLBGAME-25JUL22NYYTOR-NYY,23,12,1296,yes,snapshot
1753214046249,KXMLBGAME-25JUL22NYYTOR-NYY,23,13,1504,yes,snapshot
1753214046249,KXMLBGAME-25JUL22NYYTOR-NYY,23,14,596,yes,snapshot
1753214046249,KXMLBGAME-25JUL22NYYTOR-NYY,23,15,715,yes,snapshot
1753214046249,KXMLBGAME-25JUL22NYYTOR-NYY,23,17,100,yes,snapshot
1753214046249,KXMLBGAME-25JUL22NYYTOR-NYY,23,18,386,yes,snapshot
1753214046249,KXMLBGAME-25JUL22NYYTOR-NYY,23,20,207,yes,snapshot
1753214046249,KXMLBGAME-25JUL22NYYTOR-NYY,23,24,160,yes,snapshot
1753214046249,KXMLBGAME-25JUL22NYYTOR-NYY,23,25,40000,yes,snapshot
1753214046249,KXMLBGAME-25JUL22NYYTOR-NYY,23,30,57,yes,snapshot
1753214046249,KXMLBGAME-25JUL22NYYTOR-NYY,23,36,1,yes,snapshot
1753214046249,KXMLBGAME-25JUL22NYYTOR-NYY,23,43,3000,yes,snapshot
1753214046249,KXMLBGAME-25JUL22NYYTOR-NYY,23,44,17955,yes,snapshot
1753214046249,KXMLBGAME-25JUL22NYYTOR-NYY,23,45,28000,yes,snapshot
1753214046249,KXMLBGAME-25JUL22NYYTOR-NYY,23,46,12895,yes,snapshot
1753214046249,KXMLBGAME-25JUL22NYYTOR-NYY,23,47,1368,yes,snapshot
1753214046249,KXMLBGAME-25JUL22NYYTOR-NYY,23,1,133332,no,snapshot
1753214046249,KXMLBGAME-25JUL22NYYTOR-NYY,23,2,21116,no,snapshot
1753214046249,KXMLBGAME-25JUL22NYYTOR-NYY,23,3,20904,no,snapshot
1753214046249,KXMLBGAME-25JUL22NYYTOR-NYY,23,4,7566,no,snapshot
1753214046249,KXMLBGAME-25JUL22NYYTOR-NYY,23,5,6675,no,snapshot
1753214046249,KXMLBGAME-25JUL22NYYTOR-NYY,23,6,6140,no,snapshot
1753214046249,KXMLBGAME-25JUL22NYYTOR-NYY,23,7,1136,no,snapshot
1753214046249,KXMLBGAME-25JUL22NYYTOR-NYY,23,9,580,no,snapshot
1753214046249,KXMLBGAME-25JUL22NYYTOR-NYY,23,10,1426,no,snapshot
1753214046249,KXMLBGAME-25JUL22NYYTOR-NYY,23,11,4025,no,snapshot
1753214046249,KXMLBGAME-25JUL22NYYTOR-NYY,23,12,1264,no,snapshot
1753214046249,KXMLBGAME-25JUL22NYYTOR-NYY,23,13,1226,no,snapshot
1753214046249,KXMLBGAME-25JUL22NYYTOR-NYY,23,14,483,no,snapshot
1753214046249,KXMLBGAME-25JUL22NYYTOR-NYY,23,15,712,no,snapshot
1753214046249,KXMLBGAME-25JUL22NYYTOR-NYY,23,16,551,no,snapshot
1753214046249,KXMLBGAME-25JUL22NYYTOR-NYY,23,17,441,no,snapshot
1753214046249,KXMLBGAME-25JUL22NYYTOR-NYY,23,18,420,no,snapshot
1753214046249,KXMLBGAME-25JUL22NYYTOR-NYY,23,20,100,no,snapshot
1753214046249,KXMLBGAME-25JUL22NYYTOR-NYY,23,21,2,no,snapshot
1753214046249,KXMLBGAME-25JUL22NYYTOR-NYY,23,22,347,no,snapshot
1753214046249,KXMLBGAME-25JUL22NYYTOR-NYY,23,24,211,no,snapshot
1753214046249,KXMLBGAME-25JUL22NYYTOR-NYY,23,25,100,no,snapshot
1753214046249,KXMLBGAME-25JUL22NYYTOR-NYY,23,27,100,no,snapshot
1753214046249,KXMLBGAME-25JUL22NYYTOR-NYY,23,29,137,no,snapshot
1753214046249,KXMLBGAME-25JUL22NYYTOR-NYY,23,31,300,no,snapshot
1753214046249,KXMLBGAME-25JUL22NYYTOR-NYY,23,33,10121,no,snapshot
1753214046249,KXMLBGAME-25JUL22NYYTOR-NYY,23,34,30000,no,snapshot
1753214046249,KXMLBGAME-25JUL22NYYTOR-NYY,23,35,62,no,snapshot
1753214046249,KXMLBGAME-25JUL22NYYTOR-NYY,23,37,55,no,snapshot
1753214046249,KXMLBGAME-25JUL22NYYTOR-NYY,23,44,1,no,snapshot
1753214046249,KXMLBGAME-25JUL22NYYTOR-NYY,23,48,1500,no,snapshot
1753214046249,KXMLBGAME-25JUL22NYYTOR-NYY,23,49,4000,no,snapshot
1753214046249,KXMLBGAME-25JUL22NYYTOR-NYY,23,50,18650,no,snapshot
1753214046249,KXMLBGAME-25JUL22NYYTOR-NYY,23,51,10796,no,snapshot
1753214046249,KXMLBGAME-25JUL22NYYTOR-NYY,23,52,34014,no,snapshot
1753214046249,KXMLBGAME-25JUL22NYYTOR-TOR,24,1,134088,yes,snapshot
1753214046249,KXMLBGAME-25JUL22NYYTOR-TOR,24,2,21094,yes,snapshot
1753214046249,KXMLBGAME-25JUL22NYYTOR-TOR,24,3,20889,yes,snapshot
1753214046249,KXMLBGAME-25JUL22NYYTOR-TOR,24,4,7557,yes,snapshot
1753214046249,KXMLBGAME-25JUL22NYYTOR-TOR,24,5,6778,yes,snapshot
1753214046249,KXMLBGAME-25JUL22NYYTOR-TOR,24,6,6132,yes,snapshot
1753214046249,KXMLBGAME-25JUL22NYYTOR-TOR,24,7,1236,yes,snapshot
1753214046249,KXMLBGAME-25JUL22NYYTOR-TOR,24,9,580,yes,snapshot
1753214046249,KXMLBGAME-25JUL22NYYTOR-TOR,24,10,1425,yes,snapshot
1753214046249,KXMLBGAME-25JUL22NYYTOR-TOR,24,11,4025,yes,snapshot
1753214046249,KXMLBGAME-25JUL22NYYTOR-TOR,24,12,1263,yes,snapshot
1753214046249,KXMLBGAME-25JUL22NYYTOR-TOR,24,13,1526,yes,snapshot
1753214046249,KXMLBGAME-25JUL22NYYTOR-TOR,24,14,583,yes,snapshot
1753214046249,KXMLBGAME-25JUL22NYYTOR-TOR,24,15,711,yes,snapshot
1753214046249,KXMLBGAME-25JUL22NYYTOR-TOR,24,16,451,yes,snapshot
1753214046249,KXMLBGAME-25JUL22NYYTOR-TOR,24,17,540,yes,snapshot
1753214046249,KXMLBGAME-25JUL22NYYTOR-TOR,24,18,1,yes,snapshot
1753214046249,KXMLBGAME-25JUL22NYYTOR-TOR,24,21,2,yes,snapshot
1753214046249,KXMLBGAME-25JUL22NYYTOR-TOR,24,22,346,yes,snapshot
1753214046249,KXMLBGAME-25JUL22NYYTOR-TOR,24,23,218,yes,snapshot
1753214046249,KXMLBGAME-25JUL22NYYTOR-TOR,24,28,142,yes,snapshot
1753214046249,KXMLBGAME-25JUL22NYYTOR-TOR,24,29,40000,yes,snapshot
1753214046249,KXMLBGAME-25JUL22NYYTOR-TOR,24,36,55,yes,snapshot
1753214046249,KXMLBGAME-25JUL22NYYTOR-TOR,24,43,1,yes,snapshot
1753214046249,KXMLBGAME-25JUL22NYYTOR-TOR,24,48,1500,yes,snapshot
1753214046249,KXMLBGAME-25JUL22NYYTOR-TOR,24,49,4005,yes,snapshot
1753214046249,KXMLBGAME-25JUL22NYYTOR-TOR,24,50,17900,yes,snapshot
1753214046249,KXMLBGAME-25JUL22NYYTOR-TOR,24,51,11339,yes,snapshot
1753214046249,KXMLBGAME-25JUL22NYYTOR-TOR,24,52,22776,yes,snapshot
1753214046249,KXMLBGAME-25JUL22NYYTOR-TOR,24,1,153352,no,snapshot
1753214046249,KXMLBGAME-25JUL22NYYTOR-TOR,24,2,21389,no,snapshot
1753214046249,KXMLBGAME-25JUL22NYYTOR-TOR,24,3,12883,no,snapshot
1753214046249,KXMLBGAME-25JUL22NYYTOR-TOR,24,4,6431,no,snapshot
1753214046249,KXMLBGAME-25JUL22NYYTOR-TOR,24,5,7460,no,snapshot
1753214046249,KXMLBGAME-25JUL22NYYTOR-TOR,24,7,1124,no,snapshot
1753214046249,KXMLBGAME-25JUL22NYYTOR-TOR,24,8,644,no,snapshot
1753214046249,KXMLBGAME-25JUL22NYYTOR-TOR,24,9,711,no,snapshot
1753214046249,KXMLBGAME-25JUL22NYYTOR-TOR,24,10,1386,no,snapshot
1753214046249,KXMLBGAME-25JUL22NYYTOR-TOR,24,11,4063,no,snapshot
1753214046249,KXMLBGAME-25JUL22NYYTOR-TOR,24,12,1330,no,snapshot
1753214046249,KXMLBGAME-25JUL22NYYTOR-TOR,24,13,1228,no,snapshot
1753214046249,KXMLBGAME-25JUL22NYYTOR-TOR,24,14,506,no,snapshot
1753214046249,KXMLBGAME-25JUL22NYYTOR-TOR,24,15,736,no,snapshot
1753214046249,KXMLBGAME-25JUL22NYYTOR-TOR,24,16,100,no,snapshot
1753214046249,KXMLBGAME-25JUL22NYYTOR-TOR,24,18,1,no,snapshot
1753214046249,KXMLBGAME-25JUL22NYYTOR-TOR,24,19,394,no,snapshot
1753214046249,KXMLBGAME-25JUL22NYYTOR-TOR,24,20,305,no,snapshot
1753214046249,KXMLBGAME-25JUL22NYYTOR-TOR,24,23,300,no,snapshot
1753214046249,KXMLBGAME-25JUL22NYYTOR-TOR,24,24,169,no,snapshot
1753214046249,KXMLBGAME-25JUL22NYYTOR-TOR,24,25,100,no,snapshot
1753214046249,KXMLBGAME-25JUL22NYYTOR-TOR,24,27,10100,no,snapshot
1753214046249,KXMLBGAME-25JUL22NYYTOR-TOR,24,29,137,no,snapshot
1753214046249,KXMLBGAME-25JUL22NYYTOR-TOR,24,30,30000,no,snapshot
1753214046249,KXMLBGAME-25JUL22NYYTOR-TOR,24,31,59,no,snapshot
1753214046249,KXMLBGAME-25JUL22NYYTOR-TOR,24,32,1,no,snapshot
1753214046249,KXMLBGAME-25JUL22NYYTOR-TOR,24,35,62,no,snapshot
1753214046249,KXMLBGAME-25JUL22NYYTOR-TOR,24,37,1,no,snapshot
1753214046249,KXMLBGAME-25JUL22NYYTOR-TOR,24,43,4987,no,snapshot
1753214046249,KXMLBGAME-25JUL22NYYTOR-TOR,24,44,19792,no,snapshot
1753214046249,KXMLBGAME-25JUL22NYYTOR-TOR,24,45,38323,no,snapshot
1753214046249,KXMLBGAME-25JUL22NYYTOR-TOR,24,46,24745,no,snapshot
1753214046249,KXMLBGAME-25JUL22NYYTOR-TOR,24,47,2831,no,snapshot
1753214046249,KXMLBGAME-25JUL22SDMIA-MIA,25,1,135857,yes,snapshot
1753214046249,KXMLBGAME-25JUL22SDMIA-MIA,25,2,21716,yes,snapshot
1753214046249,KXMLBGAME-25JUL22SDMIA-MIA,25,3,21382,yes,snapshot
1753214046249,KXMLBGAME-25JUL22SDMIA-MIA,25,4,7751,yes,snapshot
1753214046249,KXMLBGAME-25JUL22SDMIA-MIA,25,5,6948,yes,snapshot
1753214046249,KXMLBGAME-25JUL22SDMIA-MIA,25,6,6294,yes,snapshot
1753214046249,KXMLBGAME-25JUL22SDMIA-MIA,25,7,889,yes,snapshot
1753214046249,KXMLBGAME-25JUL22SDMIA-MIA,25,8,315,yes,snapshot
1753214046249,KXMLBGAME-25JUL22SDMIA-MIA,25,9,595,yes,snapshot
1753214046249,KXMLBGAME-25JUL22SDMIA-MIA,25,10,1444,yes,snapshot
1753214046249,KXMLBGAME-25JUL22SDMIA-MIA,25,11,4039,yes,snapshot
1753214046249,KXMLBGAME-25JUL22SDMIA-MIA,25,12,1277,yes,snapshot
1753214046249,KXMLBGAME-25JUL22SDMIA-MIA,25,13,1511,yes,snapshot
1753214046249,KXMLBGAME-25JUL22SDMIA-MIA,25,14,623,yes,snapshot
1753214046249,KXMLBGAME-25JUL22SDMIA-MIA,25,15,724,yes,snapshot
1753214046249,KXMLBGAME-25JUL22SDMIA-MIA,25,16,463,yes,snapshot
1753214046249,KXMLBGAME-25JUL22SDMIA-MIA,25,17,546,yes,snapshot
1753214046249,KXMLBGAME-25JUL22SDMIA-MIA,25,18,438,yes,snapshot
1753214046249,KXMLBGAME-25JUL22SDMIA-MIA,25,21,1,yes,snapshot
1753214046249,KXMLBGAME-25JUL22SDMIA-MIA,25,22,1,yes,snapshot
1753214046249,KXMLBGAME-25JUL22SDMIA-MIA,25,23,345,yes,snapshot
1753214046249,KXMLBGAME-25JUL22SDMIA-MIA,25,24,217,yes,snapshot
1753214046249,KXMLBGAME-25JUL22SDMIA-MIA,25,29,141,yes,snapshot
1753214046249,KXMLBGAME-25JUL22SDMIA-MIA,25,30,40000,yes,snapshot
1753214046249,KXMLBGAME-25JUL22SDMIA-MIA,25,37,56,yes,snapshot
1753214046249,KXMLBGAME-25JUL22SDMIA-MIA,25,45,1,yes,snapshot
1753214046249,KXMLBGAME-25JUL22SDMIA-MIA,25,50,1500,yes,snapshot
1753214046249,KXMLBGAME-25JUL22SDMIA-MIA,25,51,2000,yes,snapshot
1753214046249,KXMLBGAME-25JUL22SDMIA-MIA,25,52,19000,yes,snapshot
1753214046249,KXMLBGAME-25JUL22SDMIA-MIA,25,53,9330,yes,snapshot
1753214046249,KXMLBGAME-25JUL22SDMIA-MIA,25,54,33293,yes,snapshot
1753214046249,KXMLBGAME-25JUL22SDMIA-MIA,25,1,150353,no,snapshot
1753214046249,KXMLBGAME-25JUL22SDMIA-MIA,25,2,20808,no,snapshot
1753214046249,KXMLBGAME-25JUL22SDMIA-MIA,25,3,12695,no,snapshot
1753214046249,KXMLBGAME-25JUL22SDMIA-MIA,25,4,6253,no,snapshot
1753214046249,KXMLBGAME-25JUL22SDMIA-MIA,25,5,7303,no,snapshot
1753214046249,KXMLBGAME-25JUL22SDMIA-MIA,25,6,366,no,snapshot
1753214046249,KXMLBGAME-25JUL22SDMIA-MIA,25,7,789,no,snapshot
1753214046249,KXMLBGAME-25JUL22SDMIA-MIA,25,8,606,no,snapshot
1753214046249,KXMLBGAME-25JUL22SDMIA-MIA,25,9,667,no,snapshot
1753214046249,KXMLBGAME-25JUL22SDMIA-MIA,25,10,1349,no,snapshot
1753214046249,KXMLBGAME-25JUL22SDMIA-MIA,25,11,4027,no,snapshot
1753214046249,KXMLBGAME-25JUL22SDMIA-MIA,25,12,1296,no,snapshot
1753214046249,KXMLBGAME-25JUL22SDMIA-MIA,25,13,1204,no,snapshot
1753214046249,KXMLBGAME-25JUL22SDMIA-MIA,25,14,496,no,snapshot
1753214046249,KXMLBGAME-25JUL22SDMIA-MIA,25,15,715,no,snapshot
1753214046249,KXMLBGAME-25JUL22SDMIA-MIA,25,16,100,no,snapshot
1753214046249,KXMLBGAME-25JUL22SDMIA-MIA,25,18,386,no,snapshot
1753214046249,KXMLBGAME-25JUL22SDMIA-MIA,25,19,217,no,snapshot
1753214046249,KXMLBGAME-25JUL22SDMIA-MIA,25,20,100,no,snapshot
1753214046249,KXMLBGAME-25JUL22SDMIA-MIA,25,23,300,no,snapshot
1753214046249,KXMLBGAME-25JUL22SDMIA-MIA,25,24,10160,no,snapshot
1753214046249,KXMLBGAME-25JUL22SDMIA-MIA,25,25,100,no,snapshot
1753214046249,KXMLBGAME-25JUL22SDMIA-MIA,25,27,100,no,snapshot
1753214046249,KXMLBGAME-25JUL22SDMIA-MIA,25,29,137,no,snapshot
1753214046249,KXMLBGAME-25JUL22SDMIA-MIA,25,30,30057,no,snapshot
1753214046249,KXMLBGAME-25JUL22SDMIA-MIA,25,32,1,no,snapshot
1753214046249,KXMLBGAME-25JUL22SDMIA-MIA,25,35,62,no,snapshot
1753214046249,KXMLBGAME-25JUL22SDMIA-MIA,25,36,1,no,snapshot
1753214046249,KXMLBGAME-25JUL22SDMIA-MIA,25,40,4282,no,snapshot
1753214046249,KXMLBGAME-25JUL22SDMIA-MIA,25,41,6181,no,snapshot
1753214046249,KXMLBGAME-25JUL22SDMIA-MIA,25,42,22022,no,snapshot
1753214046249,KXMLBGAME-25JUL22SDMIA-MIA,25,43,31015,no,snapshot
1753214046249,KXMLBGAME-25JUL22SDMIA-MIA,25,44,6851,no,snapshot
1753214046249,KXMLBGAME-25JUL22SDMIA-MIA,25,45,2000,no,snapshot
1753214046249,KXMLBGAME-25JUL22SDMIA-SD,26,1,150353,yes,snapshot
1753214046249,KXMLBGAME-25JUL22SDMIA-SD,26,2,20808,yes,snapshot
1753214046249,KXMLBGAME-25JUL22SDMIA-SD,26,3,12695,yes,snapshot
1753214046249,KXMLBGAME-25JUL22SDMIA-SD,26,4,6253,yes,snapshot
1753214046249,KXMLBGAME-25JUL22SDMIA-SD,26,5,7413,yes,snapshot
1753214046249,KXMLBGAME-25JUL22SDMIA-SD,26,6,366,yes,snapshot
1753214046249,KXMLBGAME-25JUL22SDMIA-SD,26,7,889,yes,snapshot
1753214046249,KXMLBGAME-25JUL22SDMIA-SD,26,8,606,yes,snapshot
1753214046249,KXMLBGAME-25JUL22SDMIA-SD,26,9,667,yes,snapshot
1753214046249,KXMLBGAME-25JUL22SDMIA-SD,26,10,1349,yes,snapshot
1753214046249,KXMLBGAME-25JUL22SDMIA-SD,26,11,4027,yes,snapshot
1753214046249,KXMLBGAME-25JUL22SDMIA-SD,26,12,1296,yes,snapshot
1753214046249,KXMLBGAME-25JUL22SDMIA-SD,26,13,1204,yes,snapshot
1753214046249,KXMLBGAME-25JUL22SDMIA-SD,26,14,896,yes,snapshot
1753214046249,KXMLBGAME-25JUL22SDMIA-SD,26,15,715,yes,snapshot
1753214046249,KXMLBGAME-25JUL22SDMIA-SD,26,17,100,yes,snapshot
1753214046249,KXMLBGAME-25JUL22SDMIA-SD,26,18,386,yes,snapshot
1753214046249,KXMLBGAME-25JUL22SDMIA-SD,26,20,207,yes,snapshot
1753214046249,KXMLBGAME-25JUL22SDMIA-SD,26,24,10160,yes,snapshot
1753214046249,KXMLBGAME-25JUL22SDMIA-SD,26,25,30000,yes,snapshot
1753214046249,KXMLBGAME-25JUL22SDMIA-SD,26,30,57,yes,snapshot
1753214046249,KXMLBGAME-25JUL22SDMIA-SD,26,36,1,yes,snapshot
1753214046249,KXMLBGAME-25JUL22SDMIA-SD,26,40,4000,yes,snapshot
1753214046249,KXMLBGAME-25JUL22SDMIA-SD,26,41,3516,yes,snapshot
1753214046249,KXMLBGAME-25JUL22SDMIA-SD,26,42,20996,yes,snapshot
1753214046249,KXMLBGAME-25JUL22SDMIA-SD,26,43,7000,yes,snapshot
1753214046249,KXMLBGAME-25JUL22SDMIA-SD,26,44,4298,yes,snapshot
1753214046249,KXMLBGAME-25JUL22SDMIA-SD,26,1,133332,no,snapshot
1753214046249,KXMLBGAME-25JUL22SDMIA-SD,26,2,21116,no,snapshot
1753214046249,KXMLBGAME-25JUL22SDMIA-SD,26,3,20904,no,snapshot
1753214046249,KXMLBGAME-25JUL22SDMIA-SD,26,4,7566,no,snapshot
1753214046249,KXMLBGAME-25JUL22SDMIA-SD,26,5,6675,no,snapshot
1753214046249,KXMLBGAME-25JUL22SDMIA-SD,26,6,6140,no,snapshot
1753214046249,KXMLBGAME-25JUL22SDMIA-SD,26,7,1136,no,snapshot
1753214046249,KXMLBGAME-25JUL22SDMIA-SD,26,9,580,no,snapshot
1753214046249,KXMLBGAME-25JUL22SDMIA-SD,26,10,1426,no,snapshot
1753214046249,KXMLBGAME-25JUL22SDMIA-SD,26,11,4025,no,snapshot
1753214046249,KXMLBGAME-25JUL22SDMIA-SD,26,12,1264,no,snapshot
1753214046249,KXMLBGAME-25JUL22SDMIA-SD,26,13,1226,no,snapshot
1753214046249,KXMLBGAME-25JUL22SDMIA-SD,26,14,483,no,snapshot
1753214046249,KXMLBGAME-25JUL22SDMIA-SD,26,15,712,no,snapshot
1753214046249,KXMLBGAME-25JUL22SDMIA-SD,26,16,551,no,snapshot
1753214046249,KXMLBGAME-25JUL22SDMIA-SD,26,17,441,no,snapshot
1753214046249,KXMLBGAME-25JUL22SDMIA-SD,26,18,420,no,snapshot
1753214046249,KXMLBGAME-25JUL22SDMIA-SD,26,20,100,no,snapshot
1753214046249,KXMLBGAME-25JUL22SDMIA-SD,26,21,2,no,snapshot
1753214046249,KXMLBGAME-25JUL22SDMIA-SD,26,22,347,no,snapshot
1753214046249,KXMLBGAME-25JUL22SDMIA-SD,26,23,226,no,snapshot
1753214046249,KXMLBGAME-25JUL22SDMIA-SD,26,25,100,no,snapshot
1753214046249,KXMLBGAME-25JUL22SDMIA-SD,26,27,100,no,snapshot
1753214046249,KXMLBGAME-25JUL22SDMIA-SD,26,29,137,no,snapshot
1753214046249,KXMLBGAME-25JUL22SDMIA-SD,26,30,10000,no,snapshot
1753214046249,KXMLBGAME-25JUL22SDMIA-SD,26,31,300,no,snapshot
1753214046249,KXMLBGAME-25JUL22SDMIA-SD,26,35,62,no,snapshot
1753214046249,KXMLBGAME-25JUL22SDMIA-SD,26,37,55,no,snapshot
1753214046249,KXMLBGAME-25JUL22SDMIA-SD,26,39,102,no,snapshot
1753214046249,KXMLBGAME-25JUL22SDMIA-SD,26,40,30000,no,snapshot
1753214046249,KXMLBGAME-25JUL22SDMIA-SD,26,44,1,no,snapshot
1753214046249,KXMLBGAME-25JUL22SDMIA-SD,26,50,1500,no,snapshot
1753214046249,KXMLBGAME-25JUL22SDMIA-SD,26,51,1500,no,snapshot
1753214046249,KXMLBGAME-25JUL22SDMIA-SD,26,52,18000,no,snapshot
1753214046249,KXMLBGAME-25JUL22SDMIA-SD,26,53,14036,no,snapshot
1753214046249,KXMLBGAME-25JUL22SDMIA-SD,26,54,38869,no,snapshot
1753214046249,KXMLBGAME-25JUL22SDMIA-SD,26,55,15712,no,snapshot
1753214046249,KXMLBGAME-25JUL22SFATL-ATL,27,1,134088,yes,snapshot
1753214046249,KXMLBGAME-25JUL22SFATL-ATL,27,2,21094,yes,snapshot
1753214046249,KXMLBGAME-25JUL22SFATL-ATL,27,3,20889,yes,snapshot
1753214046249,KXMLBGAME-25JUL22SFATL-ATL,27,4,7557,yes,snapshot
1753214046249,KXMLBGAME-25JUL22SFATL-ATL,27,5,6778,yes,snapshot
1753214046249,KXMLBGAME-25JUL22SFATL-ATL,27,6,6132,yes,snapshot
1753214046249,KXMLBGAME-25JUL22SFATL-ATL,27,7,1236,yes,snapshot
1753214046249,KXMLBGAME-25JUL22SFATL-ATL,27,9,580,yes,snapshot
1753214046249,KXMLBGAME-25JUL22SFATL-ATL,27,10,1425,yes,snapshot
1753214046249,KXMLBGAME-25JUL22SFATL-ATL,27,11,4025,yes,snapshot
1753214046249,KXMLBGAME-25JUL22SFATL-ATL,27,12,1263,yes,snapshot
1753214046249,KXMLBGAME-25JUL22SFATL-ATL,27,13,1226,yes,snapshot
1753214046249,KXMLBGAME-25JUL22SFATL-ATL,27,14,583,yes,snapshot
1753214046249,KXMLBGAME-25JUL22SFATL-ATL,27,15,711,yes,snapshot
1753214046249,KXMLBGAME-25JUL22SFATL-ATL,27,16,751,yes,snapshot
1753214046249,KXMLBGAME-25JUL22SFATL-ATL,27,17,540,yes,snapshot
1753214046249,KXMLBGAME-25JUL22SFATL-ATL,27,18,1,yes,snapshot
1753214046249,KXMLBGAME-25JUL22SFATL-ATL,27,21,2,yes,snapshot
1753214046249,KXMLBGAME-25JUL22SFATL-ATL,27,22,346,yes,snapshot
1753214046249,KXMLBGAME-25JUL22SFATL-ATL,27,23,222,yes,snapshot
1753214046249,KXMLBGAME-25JUL22SFATL-ATL,27,28,142,yes,snapshot
1753214046249,KXMLBGAME-25JUL22SFATL-ATL,27,29,40000,yes,snapshot
1753214046249,KXMLBGAME-25JUL22SFATL-ATL,27,36,55,yes,snapshot
1753214046249,KXMLBGAME-25JUL22SFATL-ATL,27,43,1,yes,snapshot
1753214046249,KXMLBGAME-25JUL22SFATL-ATL,27,46,47,yes,snapshot
1753214046249,KXMLBGAME-25JUL22SFATL-ATL,27,48,2500,yes,snapshot
1753214046249,KXMLBGAME-25JUL22SFATL-ATL,27,49,19408,yes,snapshot
1753214046249,KXMLBGAME-25JUL22SFATL-ATL,27,50,11288,yes,snapshot
1753214046249,KXMLBGAME-25JUL22SFATL-ATL,27,51,12053,yes,snapshot
1753214046249,KXMLBGAME-25JUL22SFATL-ATL,27,52,2877,yes,snapshot
1753214046249,KXMLBGAME-25JUL22SFATL-ATL,27,1,153352,no,snapshot
1753214046249,KXMLBGAME-25JUL22SFATL-ATL,27,2,21389,no,snapshot
1753214046249,KXMLBGAME-25JUL22SFATL-ATL,27,3,12883,no,snapshot
1753214046249,KXMLBGAME-25JUL22SFATL-ATL,27,4,6431,no,snapshot
1753214046249,KXMLBGAME-25JUL22SFATL-ATL,27,5,7460,no,snapshot
1753214046249,KXMLBGAME-25JUL22SFATL-ATL,27,7,1124,no,snapshot
1753214046249,KXMLBGAME-25JUL22SFATL-ATL,27,8,644,no,snapshot
1753214046249,KXMLBGAME-25JUL22SFATL-ATL,27,9,711,no,snapshot
1753214046249,KXMLBGAME-25JUL22SFATL-ATL,27,10,1386,no,snapshot
1753214046249,KXMLBGAME-25JUL22SFATL-ATL,27,11,4063,no,snapshot
1753214046249,KXMLBGAME-25JUL22SFATL-ATL,27,12,1330,no,snapshot
1753214046249,KXMLBGAME-25JUL22SFATL-ATL,27,13,1228,no,snapshot
1753214046249,KXMLBGAME-25JUL22SFATL-ATL,27,14,506,no,snapshot
1753214046249,KXMLBGAME-25JUL22SFATL-ATL,27,15,736,no,snapshot
1753214046249,KXMLBGAME-25JUL22SFATL-ATL,27,16,350,no,snapshot
1753214046249,KXMLBGAME-25JUL22SFATL-ATL,27,18,1,no,snapshot
1753214046249,KXMLBGAME-25JUL22SFATL-ATL,27,19,394,no,snapshot
1753214046249,KXMLBGAME-25JUL22SFATL-ATL,27,20,308,no,snapshot
1753214046249,KXMLBGAME-25JUL22SFATL-ATL,27,23,300,no,snapshot
1753214046249,KXMLBGAME-25JUL22SFATL-ATL,27,24,169,no,snapshot
1753214046249,KXMLBGAME-25JUL22SFATL-ATL,27,25,100,no,snapshot
1753214046249,KXMLBGAME-25JUL22SFATL-ATL,27,27,100,no,snapshot
1753214046249,KXMLBGAME-25JUL22SFATL-ATL,27,28,40000,no,snapshot
1753214046249,KXMLBGAME-25JUL22SFATL-ATL,27,31,59,no,snapshot
1753214046249,KXMLBGAME-25JUL22SFATL-ATL,27,33,1,no,snapshot
1753214046249,KXMLBGAME-25JUL22SFATL-ATL,27,35,62,no,snapshot
1753214046249,KXMLBGAME-25JUL22SFATL-ATL,27,37,1,no,snapshot
1753214046249,KXMLBGAME-25JUL22SFATL-ATL,27,43,2062,no,snapshot
1753214046249,KXMLBGAME-25JUL22SFATL-ATL,27,44,4767,no,snapshot
1753214046249,KXMLBGAME-25JUL22SFATL-ATL,27,45,18662,no,snapshot
1753214046249,KXMLBGAME-25JUL22SFATL-ATL,27,46,9870,no,snapshot
1753214046249,KXMLBGAME-25JUL22SFATL-ATL,27,47,18789,no,snapshot
1753214046249,KXMLBGAME-25JUL22SFATL-SF,28,1,158788,yes,snapshot
1753214046249,KXMLBGAME-25JUL22SFATL-SF,28,2,22814,yes,snapshot
1753214046249,KXMLBGAME-25JUL22SFATL-SF,28,3,19160,yes,snapshot
1753214046249,KXMLBGAME-25JUL22SFATL-SF,28,4,1173,yes,snapshot
1753214046249,KXMLBGAME-25JUL22SFATL-SF,28,5,6663,yes,snapshot
1753214046249,KXMLBGAME-25JUL22SFATL-SF,28,7,1224,yes,snapshot
1753214046249,KXMLBGAME-25JUL22SFATL-SF,28,8,694,yes,snapshot
1753214046249,KXMLBGAME-25JUL22SFATL-SF,28,9,759,yes,snapshot
1753214046249,KXMLBGAME-25JUL22SFATL-SF,28,10,1433,yes,snapshot
1753214046249,KXMLBGAME-25JUL22SFATL-SF,28,11,4108,yes,snapshot
1753214046249,KXMLBGAME-25JUL22SFATL-SF,28,12,1373,yes,snapshot
1753214046249,KXMLBGAME-25JUL22SFATL-SF,28,13,1276,yes,snapshot
1753214046249,KXMLBGAME-25JUL22SFATL-SF,28,14,659,yes,snapshot
1753214046249,KXMLBGAME-25JUL22SFATL-SF,28,15,791,yes,snapshot
1753214046249,KXMLBGAME-25JUL22SFATL-SF,28,16,300,yes,snapshot
1753214046249,KXMLBGAME-25JUL22SFATL-SF,28,17,100,yes,snapshot
1753214046249,KXMLBGAME-25JUL22SFATL-SF,28,18,1,yes,snapshot
1753214046249,KXMLBGAME-25JUL22SFATL-SF,28,19,425,yes,snapshot
1753214046249,KXMLBGAME-25JUL22SFATL-SF,28,20,203,yes,snapshot
1753214046249,KXMLBGAME-25JUL22SFATL-SF,28,25,176,yes,snapshot
1753214046249,KXMLBGAME-25JUL22SFATL-SF,28,26,40000,yes,snapshot
1753214046249,KXMLBGAME-25JUL22SFATL-SF,28,32,64,yes,snapshot
1753214046249,KXMLBGAME-25JUL22SFATL-SF,28,38,1,yes,snapshot
1753214046249,KXMLBGAME-25JUL22SFATL-SF,28,43,1500,yes,snapshot
1753214046249,KXMLBGAME-25JUL22SFATL-SF,28,44,3455,yes,snapshot
1753214046249,KXMLBGAME-25JUL22SFATL-SF,28,45,17500,yes,snapshot
1753214046249,KXMLBGAME-25JUL22SFATL-SF,28,46,8364,yes,snapshot
1753214046249,KXMLBGAME-25JUL22SFATL-SF,28,47,11140,yes,snapshot
1753214046249,KXMLBGAME-25JUL22SFATL-SF,28,1,134088,no,snapshot
1753214046249,KXMLBGAME-25JUL22SFATL-SF,28,2,21094,no,snapshot
1753214046249,KXMLBGAME-25JUL22SFATL-SF,28,3,20889,no,snapshot
1753214046249,KXMLBGAME-25JUL22SFATL-SF,28,4,7557,no,snapshot
1753214046249,KXMLBGAME-25JUL22SFATL-SF,28,5,6668,no,snapshot
1753214046249,KXMLBGAME-25JUL22SFATL-SF,28,6,6132,no,snapshot
1753214046249,KXMLBGAME-25JUL22SFATL-SF,28,7,1136,no,snapshot
1753214046249,KXMLBGAME-25JUL22SFATL-SF,28,9,580,no,snapshot
1753214046249,KXMLBGAME-25JUL22SFATL-SF,28,10,1425,no,snapshot
1753214046249,KXMLBGAME-25JUL22SFATL-SF,28,11,4025,no,snapshot
1753214046249,KXMLBGAME-25JUL22SFATL-SF,28,12,1263,no,snapshot
1753214046249,KXMLBGAME-25JUL22SFATL-SF,28,13,1226,no,snapshot
1753214046249,KXMLBGAME-25JUL22SFATL-SF,28,14,768,no,snapshot
1753214046249,KXMLBGAME-25JUL22SFATL-SF,28,15,711,no,snapshot
1753214046249,KXMLBGAME-25JUL22SFATL-SF,28,16,551,no,snapshot
1753214046249,KXMLBGAME-25JUL22SFATL-SF,28,17,440,no,snapshot
1753214046249,KXMLBGAME-25JUL22SFATL-SF,28,18,1,no,snapshot
1753214046249,KXMLBGAME-25JUL22SFATL-SF,28,20,100,no,snapshot
1753214046249,KXMLBGAME-25JUL22SFATL-SF,28,21,2,no,snapshot
1753214046249,KXMLBGAME-25JUL22SFATL-SF,28,22,346,no,snapshot
1753214046249,KXMLBGAME-25JUL22SFATL-SF,28,23,225,no,snapshot
1753214046249,KXMLBGAME-25JUL22SFATL-SF,28,25,100,no,snapshot
1753214046249,KXMLBGAME-25JUL22SFATL-SF,28,27,100,no,snapshot
1753214046249,KXMLBGAME-25JUL22SFATL-SF,28,28,142,no,snapshot
1753214046249,KXMLBGAME-25JUL22SFATL-SF,28,29,40000,no,snapshot
1753214046249,KXMLBGAME-25JUL22SFATL-SF,28,31,300,no,snapshot
1753214046249,KXMLBGAME-25JUL22SFATL-SF,28,35,62,no,snapshot
1753214046249,KXMLBGAME-25JUL22SFATL-SF,28,36,55,no,snapshot
1753214046249,KXMLBGAME-25JUL22SFATL-SF,28,43,1,no,snapshot
1753214046249,KXMLBGAME-25JUL22SFATL-SF,28,48,4000,no,snapshot
1753214046249,KXMLBGAME-25JUL22SFATL-SF,28,49,18658,no,snapshot
1753214046249,KXMLBGAME-25JUL22SFATL-SF,28,50,10800,no,snapshot
1753214046249,KXMLBGAME-25JUL22SFATL-SF,28,51,9965,no,snapshot
1753214046249,KXMLBGAME-25JUL22SFATL-SF,28,52,11764,no,snapshot
1753214046249,KXMLBGAME-25JUL22STLCOL-COL,29,1,145935,yes,snapshot
1753214046249,KXMLBGAME-25JUL22STLCOL-COL,29,2,21370,yes,snapshot
1753214046249,KXMLBGAME-25JUL22STLCOL-COL,29,3,13608,yes,snapshot
1753214046249,KXMLBGAME-25JUL22STLCOL-COL,29,4,5389,yes,snapshot
1753214046249,KXMLBGAME-25JUL22STLCOL-COL,29,5,1240,yes,snapshot
1753214046249,KXMLBGAME-25JUL22STLCOL-COL,29,6,64,yes,snapshot
1753214046249,KXMLBGAME-25JUL22STLCOL-COL,29,7,1502,yes,snapshot
1753214046249,KXMLBGAME-25JUL22STLCOL-COL,29,8,614,yes,snapshot
1753214046249,KXMLBGAME-25JUL22STLCOL-COL,29,9,568,yes,snapshot
1753214046249,KXMLBGAME-25JUL22STLCOL-COL,29,10,1334,yes,snapshot
1753214046249,KXMLBGAME-25JUL22STLCOL-COL,29,11,4016,yes,snapshot
1753214046249,KXMLBGAME-25JUL22STLCOL-COL,29,12,1247,yes,snapshot
1753214046249,KXMLBGAME-25JUL22STLCOL-COL,29,13,1176,yes,snapshot
1753214046249,KXMLBGAME-25JUL22STLCOL-COL,29,14,100,yes,snapshot
1753214046249,KXMLBGAME-25JUL22STLCOL-COL,29,16,688,yes,snapshot
1753214046249,KXMLBGAME-25JUL22STLCOL-COL,29,17,100,yes,snapshot
1753214046249,KXMLBGAME-25JUL22STLCOL-COL,29,18,227,yes,snapshot
1753214046249,KXMLBGAME-25JUL22STLCOL-COL,29,20,10168,yes,snapshot
1753214046249,KXMLBGAME-25JUL22STLCOL-COL,29,21,30000,yes,snapshot
1753214046249,KXMLBGAME-25JUL22STLCOL-COL,29,26,58,yes,snapshot
1753214046249,KXMLBGAME-25JUL22STLCOL-COL,29,31,1,yes,snapshot
1753214046249,KXMLBGAME-25JUL22STLCOL-COL,29,35,1500,yes,snapshot
1753214046249,KXMLBGAME-25JUL22STLCOL-COL,29,36,1500,yes,snapshot
1753214046249,KXMLBGAME-25JUL22STLCOL-COL,29,37,19000,yes,snapshot
1753214046249,KXMLBGAME-25JUL22STLCOL-COL,29,38,8026,yes,snapshot
1753214046249,KXMLBGAME-25JUL22STLCOL-COL,29,39,12331,yes,snapshot
1753214046249,KXMLBGAME-25JUL22STLCOL-COL,29,40,3481,yes,snapshot
1753214046249,KXMLBGAME-25JUL22STLCOL-COL,29,1,139379,no,snapshot
1753214046249,KXMLBGAME-25JUL22STLCOL-COL,29,2,22772,no,snapshot
1753214046249,KXMLBGAME-25JUL22STLCOL-COL,29,3,22272,no,snapshot
1753214046249,KXMLBGAME-25JUL22STLCOL-COL,29,4,8000,no,snapshot
1753214046249,KXMLBGAME-25JUL22STLCOL-COL,29,5,1942,no,snapshot
1753214046249,KXMLBGAME-25JUL22STLCOL-COL,29,6,5201,no,snapshot
1753214046249,KXMLBGAME-25JUL22STLCOL-COL,29,7,7068,no,snapshot
1753214046249,KXMLBGAME-25JUL22STLCOL-COL,29,9,355,no,snapshot
1753214046249,KXMLBGAME-25JUL22STLCOL-COL,29,10,1380,no,snapshot
1753214046249,KXMLBGAME-25JUL22STLCOL-COL,29,11,4057,no,snapshot
1753214046249,KXMLBGAME-25JUL22STLCOL-COL,29,12,1721,no,snapshot
1753214046249,KXMLBGAME-25JUL22STLCOL-COL,29,13,1229,no,snapshot
1753214046249,KXMLBGAME-25JUL22STLCOL-COL,29,14,513,no,snapshot
1753214046249,KXMLBGAME-25JUL22STLCOL-COL,29,15,739,no,snapshot
1753214046249,KXMLBGAME-25JUL22STLCOL-COL,29,16,608,no,snapshot
1753214046249,KXMLBGAME-25JUL22STLCOL-COL,29,17,461,no,snapshot
1753214046249,KXMLBGAME-25JUL22STLCOL-COL,29,18,445,no,snapshot
1753214046249,KXMLBGAME-25JUL22STLCOL-COL,29,19,427,no,snapshot
1753214046249,KXMLBGAME-25JUL22STLCOL-COL,29,20,518,no,snapshot
1753214046249,KXMLBGAME-25JUL22STLCOL-COL,29,21,247,no,snapshot
1753214046249,KXMLBGAME-25JUL22STLCOL-COL,29,25,435,no,snapshot
1753214046249,KXMLBGAME-25JUL22STLCOL-COL,29,27,100,no,snapshot
1753214046249,KXMLBGAME-25JUL22STLCOL-COL,29,32,129,no,snapshot
1753214046249,KXMLBGAME-25JUL22STLCOL-COL,29,33,40300,no,snapshot
1753214046249,KXMLBGAME-25JUL22STLCOL-COL,29,35,62,no,snapshot
1753214046249,KXMLBGAME-25JUL22STLCOL-COL,29,41,58,no,snapshot
1753214046249,KXMLBGAME-25JUL22STLCOL-COL,29,49,1,no,snapshot
1753214046249,KXMLBGAME-25JUL22STLCOL-COL,29,55,4114,no,snapshot
1753214046249,KXMLBGAME-25JUL22STLCOL-COL,29,56,6100,no,snapshot
1753214046249,KXMLBGAME-25JUL22STLCOL-COL,29,57,21649,no,snapshot
1753214046249,KXMLBGAME-25JUL22STLCOL-COL,29,58,21559,no,snapshot
1753214046249,KXMLBGAME-25JUL22STLCOL-COL,29,59,8224,no,snapshot
1753214046249,KXMLBGAME-25JUL22STLCOL-STL,30,1,141125,yes,snapshot
1753214046249,KXMLBGAME-25JUL22STLCOL-STL,30,2,23268,yes,snapshot
1753214046249,KXMLBGAME-25JUL22STLCOL-STL,30,3,22654,yes,snapshot
1753214046249,KXMLBGAME-25JUL22STLCOL-STL,30,4,8170,yes,snapshot
1753214046249,KXMLBGAME-25JUL22STLCOL-STL,30,5,998,yes,snapshot
1753214046249,KXMLBGAME-25JUL22STLCOL-STL,30,6,6342,yes,snapshot
1753214046249,KXMLBGAME-25JUL22STLCOL-STL,30,7,7305,yes,snapshot
1753214046249,KXMLBGAME-25JUL22STLCOL-STL,30,9,399,yes,snapshot
1753214046249,KXMLBGAME-25JUL22STLCOL-STL,30,10,1392,yes,snapshot
1753214046249,KXMLBGAME-25JUL22STLCOL-STL,30,11,4070,yes,snapshot
1753214046249,KXMLBGAME-25JUL22STLCOL-STL,30,12,1402,yes,snapshot
1753214046249,KXMLBGAME-25JUL22STLCOL-STL,30,13,1239,yes,snapshot
1753214046249,KXMLBGAME-25JUL22STLCOL-STL,30,14,623,yes,snapshot
1753214046249,KXMLBGAME-25JUL22STLCOL-STL,30,15,750,yes,snapshot
1753214046249,KXMLBGAME-25JUL22STLCOL-STL,30,16,522,yes,snapshot
1753214046249,KXMLBGAME-25JUL22STLCOL-STL,30,17,571,yes,snapshot
1753214046249,KXMLBGAME-25JUL22STLCOL-STL,30,18,454,yes,snapshot
1753214046249,KXMLBGAME-25JUL22STLCOL-STL,30,19,436,yes,snapshot
1753214046249,KXMLBGAME-25JUL22STLCOL-STL,30,20,418,yes,snapshot
1753214046249,KXMLBGAME-25JUL22STLCOL-STL,30,21,9,yes,snapshot
1753214046249,KXMLBGAME-25JUL22STLCOL-STL,30,22,229,yes,snapshot
1753214046249,KXMLBGAME-25JUL22STLCOL-STL,30,25,342,yes,snapshot
1753214046249,KXMLBGAME-25JUL22STLCOL-STL,30,26,1,yes,snapshot
1753214046249,KXMLBGAME-25JUL22STLCOL-STL,30,33,433,yes,snapshot
1753214046249,KXMLBGAME-25JUL22STLCOL-STL,30,34,40000,yes,snapshot
1753214046249,KXMLBGAME-25JUL22STLCOL-STL,30,35,10,yes,snapshot
1753214046249,KXMLBGAME-25JUL22STLCOL-STL,30,42,59,yes,snapshot
1753214046249,KXMLBGAME-25JUL22STLCOL-STL,30,43,10,yes,snapshot
1753214046249,KXMLBGAME-25JUL22STLCOL-STL,30,50,1,yes,snapshot
1753214046249,KXMLBGAME-25JUL22STLCOL-STL,30,53,10,yes,snapshot
1753214046249,KXMLBGAME-25JUL22STLCOL-STL,30,55,1525,yes,snapshot
1753214046249,KXMLBGAME-25JUL22STLCOL-STL,30,56,9357,yes,snapshot
1753214046249,KXMLBGAME-25JUL22STLCOL-STL,30,57,18656,yes,snapshot
1753214046249,KXMLBGAME-25JUL22STLCOL-STL,30,58,9783,yes,snapshot
1753214046249,KXMLBGAME-25JUL22STLCOL-STL,30,59,6955,yes,snapshot
1753214046249,KXMLBGAME-25JUL22STLCOL-STL,30,1,144357,no,snapshot
1753214046249,KXMLBGAME-25JUL22STLCOL-STL,30,2,21194,no,snapshot
1753214046249,KXMLBGAME-25JUL22STLCOL-STL,30,3,13392,no,snapshot
1753214046249,KXMLBGAME-25JUL22STLCOL-STL,30,4,5650,no,snapshot
1753214046249,KXMLBGAME-25JUL22STLCOL-STL,30,5,929,no,snapshot
1753214046249,KXMLBGAME-25JUL22STLCOL-STL,30,6,60,no,snapshot
1753214046249,KXMLBGAME-25JUL22STLCOL-STL,30,7,1402,no,snapshot
1753214046249,KXMLBGAME-25JUL22STLCOL-STL,30,8,610,no,snapshot
1753214046249,KXMLBGAME-25JUL22STLCOL-STL,30,9,568,no,snapshot
1753214046249,KXMLBGAME-25JUL22STLCOL-STL,30,10,1339,no,snapshot
1753214046249,KXMLBGAME-25JUL22STLCOL-STL,30,11,4011,no,snapshot
1753214046249,KXMLBGAME-25JUL22STLCOL-STL,30,12,1580,no,snapshot
1753214046249,KXMLBGAME-25JUL22STLCOL-STL,30,13,477,no,snapshot
1753214046249,KXMLBGAME-25JUL22STLCOL-STL,30,16,488,no,snapshot
1753214046249,KXMLBGAME-25JUL22STLCOL-STL,30,17,244,no,snapshot
1753214046249,KXMLBGAME-25JUL22STLCOL-STL,30,20,10268,no,snapshot
1753214046249,KXMLBGAME-25JUL22STLCOL-STL,30,21,300,no,snapshot
1753214046249,KXMLBGAME-25JUL22STLCOL-STL,30,25,100,no,snapshot
1753214046249,KXMLBGAME-25JUL22STLCOL-STL,30,26,59,no,snapshot
1753214046249,KXMLBGAME-25JUL22STLCOL-STL,30,27,100,no,snapshot
1753214046249,KXMLBGAME-25JUL22STLCOL-STL,30,28,30000,no,snapshot
1753214046249,KXMLBGAME-25JUL22STLCOL-STL,30,31,1,no,snapshot
1753214046249,KXMLBGAME-25JUL22STLCOL-STL,30,35,1562,no,snapshot
1753214046249,KXMLBGAME-25JUL22STLCOL-STL,30,36,3000,no,snapshot
1753214046249,KXMLBGAME-25JUL22STLCOL-STL,30,37,12500,no,snapshot
1753214046249,KXMLBGAME-25JUL22STLCOL-STL,30,38,8776,no,snapshot
1753214046249,KXMLBGAME-25JUL22STLCOL-STL,30,39,14943,no,snapshot
1753214046249,KXMLBGAME-25JUL22STLCOL-STL,30,40,3440,no,snapshot
1753214048329,KXMLBGAME-25JUL22BALCLE-CLE,31,40,-400,no,delta
1753214048510,KXMLBGAME-25JUL22BALCLE-BAL,32,59,400,no,delta
1753214048630,KXMLBGAME-25JUL22SDMIA-SD,33,55,900,no,delta
1753214048788,KXMLBGAME-25JUL22SDMIA-MIA,34,44,-900,no,delta
1753214048909,KXMLBGAME-25JUL22DETPIT-DET,35,45,-220,no,delta
1753214049052,KXMLBGAME-25JUL22DETPIT-PIT,36,54,230,no,delta
1753214049191,KXMLBGAME-25JUL22CINWSH-WSH,37,56,-320,no,delta
1753214049329,KXMLBGAME-25JUL22CINWSH-CIN,38,43,330,no,delta
1753214049470,KXMLBGAME-25JUL22NYYTOR-NYY,39,52,-1420,no,delta
1753214049701,KXMLBGAME-25JUL22NYYTOR-TOR,40,46,-5700,no,delta
1753214049730,KXMLBGAME-25JUL22NYYTOR-TOR,41,47,3100,no,delta
1753214049869,KXMLBGAME-25JUL22SFATL-ATL,42,47,200,no,delta
1753214050011,KXMLBGAME-25JUL22SFATL-SF,43,52,-200,no,delta
1753214050149,KXMLBGAME-25JUL22STLCOL-COL,44,58,-140,no,delta
1753214050290,KXMLBGAME-25JUL22STLCOL-STL,45,40,140,no,delta
1753214050429,KXMLBGAME-25JUL22HOUARI-ARI,46,51,-210,no,delta
1753214050572,KXMLBGAME-25JUL22HOUARI-HOU,47,47,210,no,delta
1753214050648,KXMLBGAME-25JUL22STLCOL-STL,48,39,-500,no,delta
1753214050669,KXMLBGAME-25JUL22ATHTEX-TEX,49,31,-500,no,delta
1753214050669,KXMLBGAME-25JUL22STLCOL-STL,50,40,-500,no,delta
1753214050669,KXMLBGAME-25JUL22STLCOL-STL,51,57,-500,yes,delta
1753214050669,KXMLBGAME-25JUL22ATHTEX-TEX,52,66,-500,yes,delta
1753214050690,KXMLBGAME-25JUL22STLCOL-COL,53,58,-500,no,delta
1753214050690,KXMLBGAME-25JUL22ATHTEX-TEX,54,32,-500,no,delta
1753214050690,KXMLBGAME-25JUL22STLCOL-STL,55,58,-500,yes,delta
1753214050690,KXMLBGAME-25JUL22STLCOL-COL,56,40,-500,yes,delta
1753214050711,KXMLBGAME-25JUL22BOSPHI-BOS,57,34,-500,yes,delta
1753214050711,KXMLBGAME-25JUL22ATHTEX-ATH,58,31,-500,yes,delta
1753214050711,KXMLBGAME-25JUL22STLCOL-COL,59,57,-500,no,delta
1753214050711,KXMLBGAME-25JUL22NYYTOR-TOR,60,46,-500,no,delta
1753214050711,KXMLBGAME-25JUL22BOSPHI-PHI,61,33,-500,no,delta
1753214050711,KXMLBGAME-25JUL22SDMIA-SD,62,55,-500,no,delta
1753214050711,KXMLBGAME-25JUL22BOSPHI-BOS,63,64,-500,no,delta
1753214050711,KXMLBGAME-25JUL22ATHTEX-ATH,64,32,-500,yes,delta
1753214050711,KXMLBGAME-25JUL22BOSPHI-PHI,65,64,-500,yes,delta
1753214050711,KXMLBGAME-25JUL22DETPIT-DET,66,44,-500,no,delta
1753214050711,KXMLBGAME-25JUL22NYYTOR-TOR,67,52,-500,yes,delta
1753214050711,KXMLBGAME-25JUL22SDMIA-SD,68,43,-500,yes,delta
1753214050711,KXMLBGAME-25JUL22NYYTOR-NYY,69,45,-500,yes,delta
1753214050711,KXMLBGAME-25JUL22SDMIA-MIA,70,42,-500,no,delta
1753214050729,KXMLBGAME-25JUL22HOUARI-ARI,71,51,-500,no,delta
1753214050729,KXMLBGAME-25JUL22DETPIT-DET,72,53,-500,yes,delta
1753214050729,KXMLBGAME-25JUL22ATHTEX-ATH,73,65,-500,no,delta
1753214050730,KXMLBGAME-25JUL22BOSPHI-BOS,74,63,-500,no,delta
1753214050730,KXMLBGAME-25JUL22SDMIA-SD,75,54,-500,no,delta
1753214050730,KXMLBGAME-25JUL22SDMIA-MIA,76,54,-500,yes,delta
1753214050730,KXMLBGAME-25JUL22BOSPHI-PHI,77,34,-500,no,delta
1753214050730,KXMLBGAME-25JUL22NYYTOR-TOR,78,45,-500,no,delta
1753214050730,KXMLBGAME-25JUL22NYYTOR-NYY,79,52,-500,no,delta
1753214050730,KXMLBGAME-25JUL22MINLAD-LAD,80,32,80,no,delta
1753214050730,KXMLBGAME-25JUL22SFATL-SF,81,46,-500,yes,delta
1753214050730,KXMLBGAME-25JUL22MILSEA-SEA,82,44,-500,no,delta
1753214050730,KXMLBGAME-25JUL22SFATL-ATL,83,51,-500,yes,delta
1753214050730,KXMLBGAME-25JUL22DETPIT-PIT,84,52,-250,no,delta
1753214050731,KXMLBGAME-25JUL22LAANYM-LAA,85,60,-500,no,delta
1753214050731,KXMLBGAME-25JUL22SDMIA-SD,86,42,-500,yes,delta
1753214050731,KXMLBGAME-25JUL22LAANYM-NYM,87,60,-500,yes,delta
1753214050731,KXMLBGAME-25JUL22DETPIT-DET,88,45,-500,no,delta
1753214050731,KXMLBGAME-25JUL22BOSPHI-BOS,89,33,-500,yes,delta
1753214050731,KXMLBGAME-25JUL22SFATL-SF,90,51,-500,no,delta
1753214050731,KXMLBGAME-25JUL22ATHTEX-ATH,91,66,-500,no,delta
1753214050731,KXMLBGAME-25JUL22NYYTOR-NYY,92,51,-500,no,delta
1753214050731,KXMLBGAME-25JUL22HOUARI-ARI,93,47,-500,yes,delta
1753214050731,KXMLBGAME-25JUL22SDMIA-MIA,94,43,-500,no,delta
1753214050731,KXMLBGAME-25JUL22MILSEA-MIL,95,52,-500,no,delta
1753214050750,KXMLBGAME-25JUL22CWSTB-CWS,96,32,-500,yes,delta
1753214050751,KXMLBGAME-25JUL22DETPIT-DET,97,52,-250,yes,delta
1753214050751,KXMLBGAME-25JUL22SFATL-SF,98,47,-500,yes,delta
1753214050751,KXMLBGAME-25JUL22SFATL-ATL,99,47,-500,no,delta
1753214050751,KXMLBGAME-25JUL22DETPIT-PIT,100,53,-500,no,delta
1753214050751,KXMLBGAME-25JUL22MILSEA-MIL,101,53,-500,no,delta
1753214050751,KXMLBGAME-25JUL22HOUARI-ARI,102,50,-500,no,delta
1753214050751,KXMLBGAME-25JUL22MILSEA-SEA,103,53,-500,yes,delta
1753214050751,KXMLBGAME-25JUL22NYYTOR-NYY,104,46,-500,yes,delta
1753214050751,KXMLBGAME-25JUL22LAANYM-LAA,105,38,-500,yes,delta
1753214050751,KXMLBGAME-25JUL22LAANYM-NYM,106,37,-500,no,delta
1753214050751,KXMLBGAME-25JUL22CWSTB-TB,107,32,-500,no,delta
1753214050753,KXMLBGAME-25JUL22HOUARI-HOU,108,46,-500,no,delta
1753214050753,KXMLBGAME-25JUL22SFATL-SF,109,50,-500,no,delta
1753214050753,KXMLBGAME-25JUL22SFATL-ATL,110,46,-500,no,delta
1753214050753,KXMLBGAME-25JUL22MILSEA-MIL,111,44,-500,yes,delta
1753214050753,KXMLBGAME-25JUL22CWSTB-CWS,112,31,-500,yes,delta
1753214050753,KXMLBGAME-25JUL22CWSTB-TB,113,31,-500,no,delta
1753214050753,KXMLBGAME-25JUL22DETPIT-PIT,114,45,-500,yes,delta
1753214050753,KXMLBGAME-25JUL22LAANYM-LAA,115,59,-500,no,delta
1753214050753,KXMLBGAME-25JUL22MILSEA-SEA,116,45,-500,no,delta
1753214050753,KXMLBGAME-25JUL22LAANYM-NYM,117,38,-500,no,delta
1753214050772,KXMLBGAME-25JUL22CWSTB-TB,118,66,-500,yes,delta
1753214050772,KXMLBGAME-25JUL22CWSTB-CWS,119,65,-500,no,delta
1753214050772,KXMLBGAME-25JUL22MILSEA-MIL,120,45,-500,yes,delta
1753214050772,KXMLBGAME-25JUL22LAANYM-LAA,121,37,-500,yes,delta
1753214050772,KXMLBGAME-25JUL22HOUARI-HOU,122,50,-500,yes,delta
1753214050772,KXMLBGAME-25JUL22CWSTB-CWS,123,66,-500,no,delta
1753214050772,KXMLBGAME-25JUL22HOUARI-HOU,124,47,-500,no,delta
1753214050789,KXMLBGAME-25JUL22HOUARI-HOU,125,51,-500,yes,delta
1753214050789,KXMLBGAME-25JUL22CINWSH-WSH,126,56,-500,no,delta
1753214050789,KXMLBGAME-25JUL22CINWSH-CIN,127,41,-500,no,delta
1753214050789,KXMLBGAME-25JUL22BALCLE-CLE,128,39,-500,no,delta
1753214050789,KXMLBGAME-25JUL22KCCHC-CHC,129,68,-500,yes,delta
1753214050789,KXMLBGAME-25JUL22KCCHC-KC,130,30,-500,yes,delta
1753214050789,KXMLBGAME-25JUL22KCCHC-CHC,131,29,-500,no,delta
1753214050789,KXMLBGAME-25JUL22BALCLE-CLE,132,40,-500,no,delta
1753214050789,KXMLBGAME-25JUL22CINWSH-WSH,133,42,-500,yes,delta
1753214050789,KXMLBGAME-25JUL22BALCLE-BAL,134,57,-500,no,delta
1753214050789,KXMLBGAME-25JUL22CINWSH-CIN,135,56,-500,yes,delta
1753214050808,KXMLBGAME-25JUL22KCCHC-KC,136,68,-500,no,delta
1753214050809,KXMLBGAME-25JUL22CINWSH-CIN,137,42,-500,no,delta
1753214050809,KXMLBGAME-25JUL22KCCHC-CHC,138,30,-500,no,delta
1753214050809,KXMLBGAME-25JUL22BALCLE-BAL,139,39,-500,yes,delta
1753214050809,KXMLBGAME-25JUL22BALCLE-CLE,140,58,-500,yes,delta
1753214050809,KXMLBGAME-25JUL22CINWSH-WSH,141,55,-500,no,delta
1753214050810,KXMLBGAME-25JUL22BALCLE-BAL,142,58,-500,no,delta
1753214050810,KXMLBGAME-25JUL22KCCHC-KC,143,67,-500,no,delta
1753214050810,KXMLBGAME-25JUL22CINWSH-CIN,144,55,-500,yes,delta
1753214050828,KXMLBGAME-25JUL22KCCHC-KC,145,29,-500,yes,delta
1753214050828,KXMLBGAME-25JUL22BALCLE-BAL,146,40,-500,yes,delta
1753214050849,KXMLBGAME-25JUL22MINLAD-MIN,147,66,-3910,no,delta
1753214050992,KXMLBGAME-25JUL22MINLAD-MIN,148,65,8220,no,delta
1753214055830,KXMLBGAME-25JUL22STLCOL-COL,149,58,500,no,delta
1753214055830,KXMLBGAME-25JUL22STLCOL-STL,150,40,500,no,delta
1753214055830,KXMLBGAME-25JUL22STLCOL-STL,151,58,500,yes,delta
1753214055830,KXMLBGAME-25JUL22STLCOL-STL,152,57,500,yes,delta
1753214055849,KXMLBGAME-25JUL22STLCOL-COL,153,57,500,no,delta
1753214055869,KXMLBGAME-25JUL22STLCOL-COL,154,40,500,yes,delta
1753214055869,KXMLBGAME-25JUL22STLCOL-STL,155,39,500,no,delta
1753214055870,KXMLBGAME-25JUL22BOSPHI-BOS,156,63,500,no,delta
1753214055870,KXMLBGAME-25JUL22BOSPHI-BOS,157,33,500,yes,delta
1753214055870,KXMLBGAME-25JUL22SDMIA-MIA,158,42,500,no,delta
1753214055870,KXMLBGAME-25JUL22SDMIA-SD,159,43,500,yes,delta
1753214055871,KXMLBGAME-25JUL22BOSPHI-BOS,160,64,500,no,delta
1753214055871,KXMLBGAME-25JUL22ATHTEX-TEX,161,32,500,no,delta
1753214055890,KXMLBGAME-25JUL22ATHTEX-ATH,162,65,500,no,delta
1753214055890,KXMLBGAME-25JUL22ATHTEX-ATH,163,31,500,yes,delta
1753214055890,KXMLBGAME-25JUL22DETPIT-DET,164,53,500,yes,delta
1753214055890,KXMLBGAME-25JUL22NYYTOR-NYY,165,52,500,no,delta
1753214055890,KXMLBGAME-25JUL22ATHTEX-ATH,166,66,500,no,delta
1753214055891,KXMLBGAME-25JUL22ATHTEX-ATH,167,32,500,yes,delta
1753214055891,KXMLBGAME-25JUL22BOSPHI-BOS,168,34,500,yes,delta
1753214055891,KXMLBGAME-25JUL22SDMIA-SD,169,55,500,no,delta
1753214055892,KXMLBGAME-25JUL22SDMIA-SD,170,54,500,no,delta
1753214055892,KXMLBGAME-25JUL22SDMIA-MIA,171,43,500,no,delta
1753214055892,KXMLBGAME-25JUL22SDMIA-SD,172,42,500,yes,delta
1753214055892,KXMLBGAME-25JUL22DETPIT-DET,173,45,500,no,delta
1753214055892,KXMLBGAME-25JUL22ATHTEX-TEX,174,66,500,yes,delta
1753214055892,KXMLBGAME-25JUL22ATHTEX-TEX,175,31,500,no,delta
1753214055910,KXMLBGAME-25JUL22DETPIT-DET,176,52,250,yes,delta
1753214055910,KXMLBGAME-25JUL22BOSPHI-PHI,177,33,500,no,delta
1753214055910,KXMLBGAME-25JUL22NYYTOR-NYY,178,46,500,yes,delta
1753214055910,KXMLBGAME-25JUL22BOSPHI-PHI,179,64,500,yes,delta
1753214055910,KXMLBGAME-25JUL22SFATL-SF,180,47,500,yes,delta
1753214055910,KXMLBGAME-25JUL22SFATL-ATL,181,51,500,yes,delta
1753214055910,KXMLBGAME-25JUL22MILSEA-MIL,182,45,500,yes,delta
1753214055910,KXMLBGAME-25JUL22NYYTOR-NYY,183,45,500,yes,delta
1753214055910,KXMLBGAME-25JUL22BOSPHI-PHI,184,34,500,no,delta
1753214055910,KXMLBGAME-25JUL22MILSEA-SEA,185,44,500,no,delta
1753214055910,KXMLBGAME-25JUL22NYYTOR-TOR,186,46,500,no,delta
1753214055910,KXMLBGAME-25JUL22NYYTOR-TOR,187,52,500,yes,delta
1753214055910,KXMLBGAME-25JUL22NYYTOR-NYY,188,51,500,no,delta
1753214055910,KXMLBGAME-25JUL22SFATL-SF,189,50,500,no,delta
1753214055929,KXMLBGAME-25JUL22MILSEA-MIL,190,52,500,no,delta
1753214055929,KXMLBGAME-25JUL22SFATL-SF,191,51,500,no,delta
1753214055929,KXMLBGAME-25JUL22NYYTOR-TOR,192,45,500,no,delta
1753214055929,KXMLBGAME-25JUL22DETPIT-PIT,193,53,500,no,delta
1753214055930,KXMLBGAME-25JUL22DETPIT-PIT,194,45,500,yes,delta
1753214055930,KXMLBGAME-25JUL22DETPIT-DET,195,44,500,no,delta
1753214055930,KXMLBGAME-25JUL22MILSEA-SEA,196,45,500,no,delta
1753214055948,KXMLBGAME-25JUL22MILSEA-SEA,197,53,500,yes,delta
1753214055948,KXMLBGAME-25JUL22MILSEA-MIL,198,44,500,yes,delta
1753214055948,KXMLBGAME-25JUL22MILSEA-MIL,199,53,500,no,delta
1753214055949,KXMLBGAME-25JUL22DETPIT-PIT,200,52,250,no,delta
1753214055949,KXMLBGAME-25JUL22SFATL-SF,201,46,500,yes,delta
1753214055970,KXMLBGAME-25JUL22LAANYM-LAA,202,38,500,yes,delta
1753214055970,KXMLBGAME-25JUL22SFATL-ATL,203,47,500,no,delta
1753214055970,KXMLBGAME-25JUL22LAANYM-LAA,204,37,500,yes,delta
1753214055970,KXMLBGAME-25JUL22SFATL-ATL,205,46,500,no,delta
1753214056889,KXMLBGAME-25JUL22CWSTB-CWS,206,32,500,yes,delta
1753214056889,KXMLBGAME-25JUL22LAANYM-NYM,207,38,500,no,delta
1753214056889,KXMLBGAME-25JUL22LAANYM-NYM,208,37,500,no,delta
1753214056889,KXMLBGAME-25JUL22LAANYM-LAA,209,59,500,no,delta
1753214056889,KXMLBGAME-25JUL22LAANYM-NYM,210,60,500,yes,delta
1753214056889,KXMLBGAME-25JUL22LAANYM-LAA,211,60,500,no,delta
1753214056889,KXMLBGAME-25JUL22CWSTB-CWS,212,31,500,yes,delta
1753214056890,KXMLBGAME-25JUL22CWSTB-CWS,213,66,500,no,delta
1753214056908,KXMLBGAME-25JUL22CWSTB-CWS,214,65,500,no,delta
1753214056908,KXMLBGAME-25JUL22CWSTB-TB,215,66,500,yes,delta
1753214056908,KXMLBGAME-25JUL22CWSTB-TB,216,32,500,no,delta
1753214056929,KXMLBGAME-25JUL22KCCHC-CHC,217,68,500,yes,delta
1753214056929,KXMLBGAME-25JUL22SDMIA-MIA,218,54,500,yes,delta
1753214056929,KXMLBGAME-25JUL22HOUARI-ARI,219,50,500,no,delta
1753214056929,KXMLBGAME-25JUL22HOUARI-HOU,220,51,500,yes,delta
1753214056929,KXMLBGAME-25JUL22KCCHC-KC,221,30,500,yes,delta
1753214056929,KXMLBGAME-25JUL22HOUARI-HOU,222,47,500,no,delta
1753214056929,KXMLBGAME-25JUL22HOUARI-ARI,223,47,500,yes,delta
1753214056949,KXMLBGAME-25JUL22CINWSH-CIN,224,56,500,yes,delta
1753214056949,KXMLBGAME-25JUL22BALCLE-CLE,225,39,500,no,delta
1753214056949,KXMLBGAME-25JUL22BALCLE-BAL,226,58,500,no,delta
1753214056949,KXMLBGAME-25JUL22BALCLE-CLE,227,58,500,yes,delta
1753214056949,KXMLBGAME-25JUL22KCCHC-KC,228,67,500,no,delta
1753214056949,KXMLBGAME-25JUL22KCCHC-KC,229,68,500,no,delta
1753214056949,KXMLBGAME-25JUL22HOUARI-HOU,230,46,500,no,delta
1753214056949,KXMLBGAME-25JUL22HOUARI-ARI,231,51,500,no,delta
1753214056969,KXMLBGAME-25JUL22CINWSH-WSH,232,56,500,no,delta
1753214056969,KXMLBGAME-25JUL22CINWSH-CIN,233,41,500,no,delta
1753214056969,KXMLBGAME-25JUL22CWSTB-TB,234,31,500,no,delta
1753214056969,KXMLBGAME-25JUL22CINWSH-WSH,235,55,500,no,delta
1753214056969,KXMLBGAME-25JUL22CINWSH-WSH,236,42,500,yes,delta
1753214056969,KXMLBGAME-25JUL22KCCHC-KC,237,29,500,yes,delta
1753214056970,KXMLBGAME-25JUL22HOUARI-HOU,238,50,500,yes,delta
1753214056970,KXMLBGAME-25JUL22BALCLE-BAL,239,57,500,no,delta
1753214056970,KXMLBGAME-25JUL22BALCLE-BAL,240,40,500,yes,delta
1753214056970,KXMLBGAME-25JUL22KCCHC-CHC,241,29,500,no,delta
1753214056970,KXMLBGAME-25JUL22BALCLE-CLE,242,40,500,no,delta
1753214056970,KXMLBGAME-25JUL22CINWSH-CIN,243,55,500,yes,delta
1753214056970,KXMLBGAME-25JUL22KCCHC-CHC,244,30,500,no,delta
1753214056970,KXMLBGAME-25JUL22BALCLE-BAL,245,39,500,yes,delta
1753214056970,KXMLBGAME-25JUL22CINWSH-CIN,246,42,500,no,delta
1753214065471,KXMLBGAME-25JUL22DETPIT-DET,247,45,-105,no,delta
1753214065568,KXMLBGAME-25JUL22DETPIT-DET,248,29,-137,no,delta
1753214065608,KXMLBGAME-25JUL22DETPIT-DET,249,26,153,no,delta
1753214065632,KXMLBGAME-25JUL22DETPIT-DET,250,30,-30000,no,delta
1753214065748,KXMLBGAME-25JUL22DETPIT-DET,251,28,30000,no,delta
1753214088831,KXMLBGAME-25JUL22NYYTOR-NYY,252,52,-2,no,delta
1753214089107,KXMLBGAME-25JUL22NYYTOR-NYY,253,47,1,yes,delta
1753214089229,KXMLBGAME-25JUL22NYYTOR-TOR,254,47,2,no,delta
1753214089328,KXMLBGAME-25JUL22NYYTOR-NYY,255,33,-121,no,delta
1753214089429,KXMLBGAME-25JUL22NYYTOR-TOR,256,46,2,no,delta
1753214089531,KXMLBGAME-25JUL22NYYTOR-NYY,257,33,-10000,no,delta
1753214089531,KXMLBGAME-25JUL22NYYTOR-NYY,258,28,142,no,delta
1753214089629,KXMLBGAME-25JUL22NYYTOR-TOR,259,45,2,no,delta
1753214089630,KXMLBGAME-25JUL22NYYTOR-NYY,260,34,-30000,no,delta
1753214089831,KXMLBGAME-25JUL22NYYTOR-TOR,261,44,2,no,delta
1753214089908,KXMLBGAME-25JUL22NYYTOR-NYY,262,30,30000,no,delta
1753214089908,KXMLBGAME-25JUL22NYYTOR-NYY,263,30,10000,no,delta
1753214090008,KXMLBGAME-25JUL22NYYTOR-TOR,264,43,2,no,delta
1753214090110,KXMLBGAME-25JUL22NYYTOR-TOR,265,52,-1,yes,delta
1753214103669,KXMLBGAME-25JUL22BALCLE-BAL,266,59,-11,no,delta
1753214103768,KXMLBGAME-25JUL22BALCLE-BAL,267,58,-11,no,delta
1753214103850,KXMLBGAME-25JUL22BALCLE-BAL,268,34,-117,no,delta
1753214103868,KXMLBGAME-25JUL22BALCLE-BAL,269,57,-11,no,delta
1753214103888,KXMLBGAME-25JUL22BALCLE-BAL,270,36,111,no,delta
1753214103949,KXMLBGAME-25JUL22BALCLE-BAL,271,56,-11,no,delta
1753214103989,KXMLBGAME-25JUL22BALCLE-BAL,272,35,-10000,no,delta
1753214104010,KXMLBGAME-25JUL22BALCLE-BAL,273,35,-30000,no,delta
1753214104048,KXMLBGAME-25JUL22BALCLE-BAL,274,55,-11,no,delta
1753214104109,KXMLBGAME-25JUL22BALCLE-BAL,275,37,30000,no,delta
1753214104109,KXMLBGAME-25JUL22BALCLE-BAL,276,37,10000,no,delta
1753214104130,KXMLBGAME-25JUL22BALCLE-BAL,277,40,6,yes,delta
1753214104229,KXMLBGAME-25JUL22BALCLE-CLE,278,40,11,no,delta
1753214104311,KXMLBGAME-25JUL22BALCLE-CLE,279,59,-5,yes,delta
