client_ts,market_ticker,seq,price,delta,side,msg_type
1753793660978,KXMLBGAME-25JUL29ARIDET-ARI,1,1,1000,yes,snapshot
1753793660978,KXMLBGAME-25JUL29ARIDET-ARI,1,2,300,yes,snapshot
1753793660978,KXMLBGAME-25JUL29ARIDET-ARI,1,4,200,yes,snapshot
1753793660978,KXMLBGAME-25JUL29ARIDET-ARI,1,5,100,yes,snapshot
1753793660978,KXMLBGAME-25JUL29ARIDET-ARI,1,7,100,yes,snapshot
1753793660978,KXMLBGAME-25JUL29ARIDET-ARI,1,14,100,yes,snapshot
1753793660978,KXMLBGAME-25JUL29ARIDET-ARI,1,17,100,yes,snapshot
1753793660978,KXMLBGAME-25JUL29ARIDET-ARI,1,39,1493,yes,snapshot
1753793660978,KXMLBGAME-25JUL29ARIDET-ARI,1,40,5852,yes,snapshot
1753793660978,KXMLBGAME-25JUL29ARIDET-ARI,1,41,6157,yes,snapshot
1753793660978,KXMLBGAME-25JUL29ARIDET-ARI,1,42,5525,yes,snapshot
1753793660978,KXMLBGAME-25JUL29ARIDET-ARI,1,43,852,yes,snapshot
1753793660978,KXMLBGAME-25JUL29ARIDET-ARI,1,1,1000,no,snapshot
1753793660978,KXMLBGAME-25JUL29ARIDET-ARI,1,2,2300,no,snapshot
1753793660978,KXMLBGAME-25JUL29ARIDET-ARI,1,4,200,no,snapshot
1753793660978,KXMLBGAME-25JUL29ARIDET-ARI,1,16,100,no,snapshot
1753793660978,KXMLBGAME-25JUL29ARIDET-ARI,1,20,100,no,snapshot
1753793660978,KXMLBGAME-25JUL29ARIDET-ARI,1,25,100,no,snapshot
1753793660978,KXMLBGAME-25JUL29ARIDET-ARI,1,27,100,no,snapshot
1753793660978,KXMLBGAME-25JUL29ARIDET-ARI,1,51,3000,no,snapshot
1753793660978,KXMLBGAME-25JUL29ARIDET-ARI,1,52,3000,no,snapshot
1753793660978,KXMLBGAME-25JUL29ARIDET-ARI,1,53,3472,no,snapshot
1753793660978,KXMLBGAME-25JUL29ARIDET-ARI,1,54,8231,no,snapshot
1753793660978,KXMLBGAME-25JUL29ARIDET-ARI,1,55,6296,no,snapshot
1753793660978,KXMLBGAME-25JUL29ARIDET-ARI,1,56,326,no,snapshot
1753793660978,KXMLBGAME-25JUL29ARIDET-DET,2,1,1000,yes,snapshot
1753793660978,KXMLBGAME-25JUL29ARIDET-DET,2,2,300,yes,snapshot
1753793660978,KXMLBGAME-25JUL29ARIDET-DET,2,4,200,yes,snapshot
1753793660978,KXMLBGAME-25JUL29ARIDET-DET,2,5,100,yes,snapshot
1753793660978,KXMLBGAME-25JUL29ARIDET-DET,2,7,100,yes,snapshot
1753793660978,KXMLBGAME-25JUL29ARIDET-DET,2,14,100,yes,snapshot
1753793660978,KXMLBGAME-25JUL29ARIDET-DET,2,17,100,yes,snapshot
1753793660978,KXMLBGAME-25JUL29ARIDET-DET,2,51,648,yes,snapshot
1753793660978,KXMLBGAME-25JUL29ARIDET-DET,2,52,648,yes,snapshot
1753793660978,KXMLBGAME-25JUL29ARIDET-DET,2,53,2181,yes,snapshot
1753793660978,KXMLBGAME-25JUL29ARIDET-DET,2,54,7731,yes,snapshot
1753793660978,KXMLBGAME-25JUL29ARIDET-DET,2,55,5648,yes,snapshot
1753793660978,KXMLBGAME-25JUL29ARIDET-DET,2,56,340,yes,snapshot
1753793660978,KXMLBGAME-25JUL29ARIDET-DET,2,1,1000,no,snapshot
1753793660978,KXMLBGAME-25JUL29ARIDET-DET,2,2,2300,no,snapshot
1753793660978,KXMLBGAME-25JUL29ARIDET-DET,2,4,200,no,snapshot
1753793660978,KXMLBGAME-25JUL29ARIDET-DET,2,16,100,no,snapshot
1753793660978,KXMLBGAME-25JUL29ARIDET-DET,2,20,100,no,snapshot
1753793660978,KXMLBGAME-25JUL29ARIDET-DET,2,25,100,no,snapshot
1753793660978,KXMLBGAME-25JUL29ARIDET-DET,2,27,100,no,snapshot
1753793660978,KXMLBGAME-25JUL29ARIDET-DET,2,39,3641,no,snapshot
1753793660978,KXMLBGAME-25JUL29ARIDET-DET,2,40,8770,no,snapshot
1753793660978,KXMLBGAME-25JUL29ARIDET-DET,2,41,9808,no,snapshot
1753793660978,KXMLBGAME-25JUL29ARIDET-DET,2,42,7673,no,snapshot
1753793660978,KXMLBGAME-25JUL29ARIDET-DET,2,43,1704,no,snapshot
1753793660978,KXMLBGAME-25JUL29ATLKC-ATL,3,1,10000,yes,snapshot
1753793660978,KXMLBGAME-25JUL29ATLKC-ATL,3,2,3300,yes,snapshot
1753793660978,KXMLBGAME-25JUL29ATLKC-ATL,3,3,700,yes,snapshot
1753793660978,KXMLBGAME-25JUL29ATLKC-ATL,3,4,200,yes,snapshot
1753793660978,KXMLBGAME-25JUL29ATLKC-ATL,3,5,100,yes,snapshot
1753793660978,KXMLBGAME-25JUL29ATLKC-ATL,3,7,100,yes,snapshot
1753793660978,KXMLBGAME-25JUL29ATLKC-ATL,3,14,100,yes,snapshot
1753793660978,KXMLBGAME-25JUL29ATLKC-ATL,3,17,100,yes,snapshot
1753793660978,KXMLBGAME-25JUL29ATLKC-ATL,3,27,286,yes,snapshot
1753793660978,KXMLBGAME-25JUL29ATLKC-ATL,3,28,266,yes,snapshot
1753793660978,KXMLBGAME-25JUL29ATLKC-ATL,3,29,204,yes,snapshot
1753793660978,KXMLBGAME-25JUL29ATLKC-ATL,3,30,201,yes,snapshot
1753793660978,KXMLBGAME-25JUL29ATLKC-ATL,3,31,117,yes,snapshot
1753793660978,KXMLBGAME-25JUL29ATLKC-ATL,3,32,105,yes,snapshot
1753793660978,KXMLBGAME-25JUL29ATLKC-ATL,3,33,70,yes,snapshot
1753793660978,KXMLBGAME-25JUL29ATLKC-ATL,3,34,50,yes,snapshot
1753793660978,KXMLBGAME-25JUL29ATLKC-ATL,3,42,956,yes,snapshot
1753793660978,KXMLBGAME-25JUL29ATLKC-ATL,3,43,1537,yes,snapshot
1753793660978,KXMLBGAME-25JUL29ATLKC-ATL,3,44,6240,yes,snapshot
1753793660978,KXMLBGAME-25JUL29ATLKC-ATL,3,45,5956,yes,snapshot
1753793660978,KXMLBGAME-25JUL29ATLKC-ATL,3,46,2582,yes,snapshot
1753793660978,KXMLBGAME-25JUL29ATLKC-ATL,3,1,10000,no,snapshot
1753793660978,KXMLBGAME-25JUL29ATLKC-ATL,3,2,3300,no,snapshot
1753793660978,KXMLBGAME-25JUL29ATLKC-ATL,3,3,700,no,snapshot
1753793660978,KXMLBGAME-25JUL29ATLKC-ATL,3,4,1200,no,snapshot
1753793660978,KXMLBGAME-25JUL29ATLKC-ATL,3,16,100,no,snapshot
1753793660978,KXMLBGAME-25JUL29ATLKC-ATL,3,20,100,no,snapshot
1753793660978,KXMLBGAME-25JUL29ATLKC-ATL,3,25,100,no,snapshot
1753793660978,KXMLBGAME-25JUL29ATLKC-ATL,3,27,100,no,snapshot
1753793660978,KXMLBGAME-25JUL29ATLKC-ATL,3,33,286,no,snapshot
1753793660978,KXMLBGAME-25JUL29ATLKC-ATL,3,34,266,no,snapshot
1753793660978,KXMLBGAME-25JUL29ATLKC-ATL,3,35,204,no,snapshot
1753793660978,KXMLBGAME-25JUL29ATLKC-ATL,3,36,201,no,snapshot
1753793660978,KXMLBGAME-25JUL29ATLKC-ATL,3,37,117,no,snapshot
1753793660978,KXMLBGAME-25JUL29ATLKC-ATL,3,38,105,no,snapshot
1753793660978,KXMLBGAME-25JUL29ATLKC-ATL,3,39,70,no,snapshot
1753793660978,KXMLBGAME-25JUL29ATLKC-ATL,3,40,50,no,snapshot
1753793660978,KXMLBGAME-25JUL29ATLKC-ATL,3,48,3000,no,snapshot
1753793660978,KXMLBGAME-25JUL29ATLKC-ATL,3,49,3510,no,snapshot
1753793660978,KXMLBGAME-25JUL29ATLKC-ATL,3,50,8000,no,snapshot
1753793660978,KXMLBGAME-25JUL29ATLKC-ATL,3,51,8245,no,snapshot
1753793660978,KXMLBGAME-25JUL29ATLKC-ATL,3,52,4460,no,snapshot
1753793660978,KXMLBGAME-25JUL29ATLKC-KC,4,1,10000,yes,snapshot
1753793660978,KXMLBGAME-25JUL29ATLKC-KC,4,2,3300,yes,snapshot
1753793660978,KXMLBGAME-25JUL29ATLKC-KC,4,3,700,yes,snapshot
1753793660978,KXMLBGAME-25JUL29ATLKC-KC,4,4,200,yes,snapshot
1753793660978,KXMLBGAME-25JUL29ATLKC-KC,4,5,100,yes,snapshot
1753793660978,KXMLBGAME-25JUL29ATLKC-KC,4,7,100,yes,snapshot
1753793660978,KXMLBGAME-25JUL29ATLKC-KC,4,14,100,yes,snapshot
1753793660978,KXMLBGAME-25JUL29ATLKC-KC,4,17,100,yes,snapshot
1753793660978,KXMLBGAME-25JUL29ATLKC-KC,4,34,299,yes,snapshot
1753793660978,KXMLBGAME-25JUL29ATLKC-KC,4,35,292,yes,snapshot
1753793660978,KXMLBGAME-25JUL29ATLKC-KC,4,36,278,yes,snapshot
1753793660978,KXMLBGAME-25JUL29ATLKC-KC,4,37,242,yes,snapshot
1753793660978,KXMLBGAME-25JUL29ATLKC-KC,4,38,71,yes,snapshot
1753793660978,KXMLBGAME-25JUL29ATLKC-KC,4,39,57,yes,snapshot
1753793660978,KXMLBGAME-25JUL29ATLKC-KC,4,40,51,yes,snapshot
1753793660978,KXMLBGAME-25JUL29ATLKC-KC,4,48,543,yes,snapshot
1753793660978,KXMLBGAME-25JUL29ATLKC-KC,4,49,1053,yes,snapshot
1753793660978,KXMLBGAME-25JUL29ATLKC-KC,4,50,6466,yes,snapshot
1753793660978,KXMLBGAME-25JUL29ATLKC-KC,4,51,7597,yes,snapshot
1753793660978,KXMLBGAME-25JUL29ATLKC-KC,4,52,3416,yes,snapshot
1753793660978,KXMLBGAME-25JUL29ATLKC-KC,4,53,89,yes,snapshot
1753793660978,KXMLBGAME-25JUL29ATLKC-KC,4,1,10000,no,snapshot
1753793660978,KXMLBGAME-25JUL29ATLKC-KC,4,2,5300,no,snapshot
1753793660978,KXMLBGAME-25JUL29ATLKC-KC,4,3,700,no,snapshot
1753793660978,KXMLBGAME-25JUL29ATLKC-KC,4,4,200,no,snapshot
1753793660978,KXMLBGAME-25JUL29ATLKC-KC,4,16,100,no,snapshot
1753793660978,KXMLBGAME-25JUL29ATLKC-KC,4,20,100,no,snapshot
1753793660978,KXMLBGAME-25JUL29ATLKC-KC,4,25,100,no,snapshot
1753793660978,KXMLBGAME-25JUL29ATLKC-KC,4,27,399,no,snapshot
1753793660978,KXMLBGAME-25JUL29ATLKC-KC,4,28,292,no,snapshot
1753793660978,KXMLBGAME-25JUL29ATLKC-KC,4,29,278,no,snapshot
1753793660978,KXMLBGAME-25JUL29ATLKC-KC,4,30,242,no,snapshot
1753793660978,KXMLBGAME-25JUL29ATLKC-KC,4,31,71,no,snapshot
1753793660978,KXMLBGAME-25JUL29ATLKC-KC,4,32,57,no,snapshot
1753793660978,KXMLBGAME-25JUL29ATLKC-KC,4,33,51,no,snapshot
1753793660978,KXMLBGAME-25JUL29ATLKC-KC,4,42,3000,no,snapshot
1753793660978,KXMLBGAME-25JUL29ATLKC-KC,4,43,3581,no,snapshot
1753793660978,KXMLBGAME-25JUL29ATLKC-KC,4,44,8813,no,snapshot
1753793660978,KXMLBGAME-25JUL29ATLKC-KC,4,45,9868,no,snapshot
1753793660978,KXMLBGAME-25JUL29ATLKC-KC,4,46,4039,no,snapshot
1753793660979,KXMLBGAME-25JUL29BOSMIN-BOS,5,1,1000,yes,snapshot
1753793660979,KXMLBGAME-25JUL29BOSMIN-BOS,5,2,300,yes,snapshot
1753793660979,KXMLBGAME-25JUL29BOSMIN-BOS,5,4,200,yes,snapshot
1753793660979,KXMLBGAME-25JUL29BOSMIN-BOS,5,5,100,yes,snapshot
1753793660979,KXMLBGAME-25JUL29BOSMIN-BOS,5,7,100,yes,snapshot
1753793660979,KXMLBGAME-25JUL29BOSMIN-BOS,5,14,100,yes,snapshot
1753793660979,KXMLBGAME-25JUL29BOSMIN-BOS,5,17,100,yes,snapshot
1753793660979,KXMLBGAME-25JUL29BOSMIN-BOS,5,47,742,yes,snapshot
1753793660979,KXMLBGAME-25JUL29BOSMIN-BOS,5,48,742,yes,snapshot
1753793660979,KXMLBGAME-25JUL29BOSMIN-BOS,5,49,5742,yes,snapshot
1753793660979,KXMLBGAME-25JUL29BOSMIN-BOS,5,50,5742,yes,snapshot
1753793660979,KXMLBGAME-25JUL29BOSMIN-BOS,5,51,3243,yes,snapshot
1753793660979,KXMLBGAME-25JUL29BOSMIN-BOS,5,1,1000,no,snapshot
1753793660979,KXMLBGAME-25JUL29BOSMIN-BOS,5,2,2300,no,snapshot
1753793660979,KXMLBGAME-25JUL29BOSMIN-BOS,5,4,200,no,snapshot
1753793660979,KXMLBGAME-25JUL29BOSMIN-BOS,5,16,100,no,snapshot
1753793660979,KXMLBGAME-25JUL29BOSMIN-BOS,5,20,100,no,snapshot
1753793660979,KXMLBGAME-25JUL29BOSMIN-BOS,5,25,100,no,snapshot
1753793660979,KXMLBGAME-25JUL29BOSMIN-BOS,5,27,100,no,snapshot
1753793660979,KXMLBGAME-25JUL29BOSMIN-BOS,5,43,3000,no,snapshot
1753793660979,KXMLBGAME-25JUL29BOSMIN-BOS,5,44,3000,no,snapshot
1753793660979,KXMLBGAME-25JUL29BOSMIN-BOS,5,45,8000,no,snapshot
1753793660979,KXMLBGAME-25JUL29BOSMIN-BOS,5,46,8000,no,snapshot
1753793660979,KXMLBGAME-25JUL29BOSMIN-BOS,5,47,4033,no,snapshot
1753793660979,KXMLBGAME-25JUL29BOSMIN-MIN,6,1,1000,yes,snapshot
1753793660979,KXMLBGAME-25JUL29BOSMIN-MIN,6,2,300,yes,snapshot
1753793660979,KXMLBGAME-25JUL29BOSMIN-MIN,6,4,200,yes,snapshot
1753793660979,KXMLBGAME-25JUL29BOSMIN-MIN,6,5,100,yes,snapshot
1753793660979,KXMLBGAME-25JUL29BOSMIN-MIN,6,7,100,yes,snapshot
1753793660979,KXMLBGAME-25JUL29BOSMIN-MIN,6,14,100,yes,snapshot
1753793660979,KXMLBGAME-25JUL29BOSMIN-MIN,6,17,100,yes,snapshot
1753793660979,KXMLBGAME-25JUL29BOSMIN-MIN,6,43,758,yes,snapshot
1753793660979,KXMLBGAME-25JUL29BOSMIN-MIN,6,44,758,yes,snapshot
1753793660979,KXMLBGAME-25JUL29BOSMIN-MIN,6,45,5758,yes,snapshot
1753793660979,KXMLBGAME-25JUL29BOSMIN-MIN,6,46,5758,yes,snapshot
1753793660979,KXMLBGAME-25JUL29BOSMIN-MIN,6,47,2775,yes,snapshot
1753793660979,KXMLBGAME-25JUL29BOSMIN-MIN,6,1,1000,no,snapshot
1753793660979,KXMLBGAME-25JUL29BOSMIN-MIN,6,2,2300,no,snapshot
1753793660979,KXMLBGAME-25JUL29BOSMIN-MIN,6,4,200,no,snapshot
1753793660979,KXMLBGAME-25JUL29BOSMIN-MIN,6,16,100,no,snapshot
1753793660979,KXMLBGAME-25JUL29BOSMIN-MIN,6,20,100,no,snapshot
1753793660979,KXMLBGAME-25JUL29BOSMIN-MIN,6,25,100,no,snapshot
1753793660979,KXMLBGAME-25JUL29BOSMIN-MIN,6,27,100,no,snapshot
1753793660979,KXMLBGAME-25JUL29BOSMIN-MIN,6,47,3000,no,snapshot
1753793660979,KXMLBGAME-25JUL29BOSMIN-MIN,6,48,3000,no,snapshot
1753793660979,KXMLBGAME-25JUL29BOSMIN-MIN,6,49,8000,no,snapshot
1753793660979,KXMLBGAME-25JUL29BOSMIN-MIN,6,50,8000,no,snapshot
1753793660979,KXMLBGAME-25JUL29BOSMIN-MIN,6,51,4466,no,snapshot
1753793660979,KXMLBGAME-25JUL29CHCMIL-CHC,7,1,1000,yes,snapshot
1753793660979,KXMLBGAME-25JUL29CHCMIL-CHC,7,2,300,yes,snapshot
1753793660979,KXMLBGAME-25JUL29CHCMIL-CHC,7,4,200,yes,snapshot
1753793660979,KXMLBGAME-25JUL29CHCMIL-CHC,7,5,100,yes,snapshot
1753793660979,KXMLBGAME-25JUL29CHCMIL-CHC,7,7,100,yes,snapshot
1753793660979,KXMLBGAME-25JUL29CHCMIL-CHC,7,14,100,yes,snapshot
1753793660979,KXMLBGAME-25JUL29CHCMIL-CHC,7,17,100,yes,snapshot
1753793660979,KXMLBGAME-25JUL29CHCMIL-CHC,7,44,1384,yes,snapshot
1753793660979,KXMLBGAME-25JUL29CHCMIL-CHC,7,45,816,yes,snapshot
1753793660979,KXMLBGAME-25JUL29CHCMIL-CHC,7,46,6088,yes,snapshot
1753793660979,KXMLBGAME-25JUL29CHCMIL-CHC,7,47,5816,yes,snapshot
1753793660979,KXMLBGAME-25JUL29CHCMIL-CHC,7,48,1850,yes,snapshot
1753793660979,KXMLBGAME-25JUL29CHCMIL-CHC,7,49,70,yes,snapshot
1753793660979,KXMLBGAME-25JUL29CHCMIL-CHC,7,1,1000,no,snapshot
1753793660979,KXMLBGAME-25JUL29CHCMIL-CHC,7,2,2300,no,snapshot
1753793660979,KXMLBGAME-25JUL29CHCMIL-CHC,7,4,200,no,snapshot
1753793660979,KXMLBGAME-25JUL29CHCMIL-CHC,7,16,100,no,snapshot
1753793660979,KXMLBGAME-25JUL29CHCMIL-CHC,7,20,100,no,snapshot
1753793660979,KXMLBGAME-25JUL29CHCMIL-CHC,7,25,100,no,snapshot
1753793660979,KXMLBGAME-25JUL29CHCMIL-CHC,7,27,100,no,snapshot
1753793660979,KXMLBGAME-25JUL29CHCMIL-CHC,7,46,3000,no,snapshot
1753793660979,KXMLBGAME-25JUL29CHCMIL-CHC,7,47,3532,no,snapshot
1753793660979,KXMLBGAME-25JUL29CHCMIL-CHC,7,48,8000,no,snapshot
1753793660979,KXMLBGAME-25JUL29CHCMIL-CHC,7,49,8255,no,snapshot
1753793660979,KXMLBGAME-25JUL29CHCMIL-CHC,7,50,6283,no,snapshot
1753793660979,KXMLBGAME-25JUL29CHCMIL-MIL,8,1,1000,yes,snapshot
1753793660979,KXMLBGAME-25JUL29CHCMIL-MIL,8,2,300,yes,snapshot
1753793660979,KXMLBGAME-25JUL29CHCMIL-MIL,8,4,200,yes,snapshot
1753793660979,KXMLBGAME-25JUL29CHCMIL-MIL,8,5,100,yes,snapshot
1753793660979,KXMLBGAME-25JUL29CHCMIL-MIL,8,7,100,yes,snapshot
1753793660979,KXMLBGAME-25JUL29CHCMIL-MIL,8,14,100,yes,snapshot
1753793660979,KXMLBGAME-25JUL29CHCMIL-MIL,8,17,100,yes,snapshot
1753793660979,KXMLBGAME-25JUL29CHCMIL-MIL,8,46,684,yes,snapshot
1753793660979,KXMLBGAME-25JUL29CHCMIL-MIL,8,47,1216,yes,snapshot
1753793660979,KXMLBGAME-25JUL29CHCMIL-MIL,8,48,6590,yes,snapshot
1753793660979,KXMLBGAME-25JUL29CHCMIL-MIL,8,49,7714,yes,snapshot
1753793660979,KXMLBGAME-25JUL29CHCMIL-MIL,8,50,5144,yes,snapshot
1753793660979,KXMLBGAME-25JUL29CHCMIL-MIL,8,1,1000,no,snapshot
1753793660979,KXMLBGAME-25JUL29CHCMIL-MIL,8,2,2300,no,snapshot
1753793660979,KXMLBGAME-25JUL29CHCMIL-MIL,8,4,200,no,snapshot
1753793660979,KXMLBGAME-25JUL29CHCMIL-MIL,8,16,100,no,snapshot
1753793660979,KXMLBGAME-25JUL29CHCMIL-MIL,8,20,100,no,snapshot
1753793660979,KXMLBGAME-25JUL29CHCMIL-MIL,8,25,100,no,snapshot
1753793660979,KXMLBGAME-25JUL29CHCMIL-MIL,8,27,100,no,snapshot
1753793660979,KXMLBGAME-25JUL29CHCMIL-MIL,8,44,3000,no,snapshot
1753793660979,KXMLBGAME-25JUL29CHCMIL-MIL,8,45,4400,no,snapshot
1753793660979,KXMLBGAME-25JUL29CHCMIL-MIL,8,46,9922,no,snapshot
1753793660979,KXMLBGAME-25JUL29CHCMIL-MIL,8,47,8000,no,snapshot
1753793660979,KXMLBGAME-25JUL29CHCMIL-MIL,8,48,2215,no,snapshot
1753793660979,KXMLBGAME-25JUL29COLCLE-CLE,9,1,10000,yes,snapshot
1753793660979,KXMLBGAME-25JUL29COLCLE-CLE,9,2,3300,yes,snapshot
1753793660979,KXMLBGAME-25JUL29COLCLE-CLE,9,3,700,yes,snapshot
1753793660979,KXMLBGAME-25JUL29COLCLE-CLE,9,4,200,yes,snapshot
1753793660979,KXMLBGAME-25JUL29COLCLE-CLE,9,5,100,yes,snapshot
1753793660979,KXMLBGAME-25JUL29COLCLE-CLE,9,7,100,yes,snapshot
1753793660979,KXMLBGAME-25JUL29COLCLE-CLE,9,14,100,yes,snapshot
1753793660979,KXMLBGAME-25JUL29COLCLE-CLE,9,17,100,yes,snapshot
1753793660979,KXMLBGAME-25JUL29COLCLE-CLE,9,45,312,yes,snapshot
1753793660979,KXMLBGAME-25JUL29COLCLE-CLE,9,46,284,yes,snapshot
1753793660979,KXMLBGAME-25JUL29COLCLE-CLE,9,47,256,yes,snapshot
1753793660979,KXMLBGAME-25JUL29COLCLE-CLE,9,48,144,yes,snapshot
1753793660979,KXMLBGAME-25JUL29COLCLE-CLE,9,49,116,yes,snapshot
1753793660979,KXMLBGAME-25JUL29COLCLE-CLE,9,50,116,yes,snapshot
1753793660979,KXMLBGAME-25JUL29COLCLE-CLE,9,51,71,yes,snapshot
1753793660979,KXMLBGAME-25JUL29COLCLE-CLE,9,60,460,yes,snapshot
1753793660979,KXMLBGAME-25JUL29COLCLE-CLE,9,61,870,yes,snapshot
1753793660979,KXMLBGAME-25JUL29COLCLE-CLE,9,62,6468,yes,snapshot
1753793660979,KXMLBGAME-25JUL29COLCLE-CLE,9,63,7444,yes,snapshot
1753793660979,KXMLBGAME-25JUL29COLCLE-CLE,9,64,2220,yes,snapshot
1753793660979,KXMLBGAME-25JUL29COLCLE-CLE,9,1,10000,no,snapshot
1753793660979,KXMLBGAME-25JUL29COLCLE-CLE,9,2,3300,no,snapshot
1753793660979,KXMLBGAME-25JUL29COLCLE-CLE,9,3,2033,no,snapshot
1753793660979,KXMLBGAME-25JUL29COLCLE-CLE,9,4,200,no,snapshot
1753793660979,KXMLBGAME-25JUL29COLCLE-CLE,9,15,312,no,snapshot
1753793660979,KXMLBGAME-25JUL29COLCLE-CLE,9,16,384,no,snapshot
1753793660979,KXMLBGAME-25JUL29COLCLE-CLE,9,17,256,no,snapshot
1753793660979,KXMLBGAME-25JUL29COLCLE-CLE,9,18,144,no,snapshot
1753793660979,KXMLBGAME-25JUL29COLCLE-CLE,9,19,116,no,snapshot
1753793660979,KXMLBGAME-25JUL29COLCLE-CLE,9,20,216,no,snapshot
1753793660979,KXMLBGAME-25JUL29COLCLE-CLE,9,21,71,no,snapshot
1753793660979,KXMLBGAME-25JUL29COLCLE-CLE,9,25,100,no,snapshot
1753793660979,KXMLBGAME-25JUL29COLCLE-CLE,9,27,100,no,snapshot
1753793660979,KXMLBGAME-25JUL29COLCLE-CLE,9,29,3000,no,snapshot
1753793660979,KXMLBGAME-25JUL29COLCLE-CLE,9,30,3000,no,snapshot
1753793660979,KXMLBGAME-25JUL29COLCLE-CLE,9,31,3806,no,snapshot
1753793660979,KXMLBGAME-25JUL29COLCLE-CLE,9,32,8684,no,snapshot
1753793660979,KXMLBGAME-25JUL29COLCLE-CLE,9,33,8785,no,snapshot
1753793660979,KXMLBGAME-25JUL29COLCLE-CLE,9,34,13239,no,snapshot
1753793660979,KXMLBGAME-25JUL29COLCLE-COL,10,1,1000,yes,snapshot
1753793660979,KXMLBGAME-25JUL29COLCLE-COL,10,2,300,yes,snapshot
1753793660979,KXMLBGAME-25JUL29COLCLE-COL,10,4,200,yes,snapshot
1753793660979,KXMLBGAME-25JUL29COLCLE-COL,10,5,100,yes,snapshot
1753793660979,KXMLBGAME-25JUL29COLCLE-COL,10,7,100,yes,snapshot
1753793660979,KXMLBGAME-25JUL29COLCLE-COL,10,14,100,yes,snapshot
1753793660979,KXMLBGAME-25JUL29COLCLE-COL,10,17,100,yes,snapshot
1753793660979,KXMLBGAME-25JUL29COLCLE-COL,10,30,1039,yes,snapshot
1753793660979,KXMLBGAME-25JUL29COLCLE-COL,10,31,1845,yes,snapshot
1753793660979,KXMLBGAME-25JUL29COLCLE-COL,10,32,6074,yes,snapshot
1753793660979,KXMLBGAME-25JUL29COLCLE-COL,10,33,6418,yes,snapshot
1753793660979,KXMLBGAME-25JUL29COLCLE-COL,10,34,4278,yes,snapshot
1753793660979,KXMLBGAME-25JUL29COLCLE-COL,10,1,1000,no,snapshot
1753793660979,KXMLBGAME-25JUL29COLCLE-COL,10,2,2300,no,snapshot
1753793660979,KXMLBGAME-25JUL29COLCLE-COL,10,4,200,no,snapshot
1753793660979,KXMLBGAME-25JUL29COLCLE-COL,10,16,100,no,snapshot
1753793660979,KXMLBGAME-25JUL29COLCLE-COL,10,20,100,no,snapshot
1753793660979,KXMLBGAME-25JUL29COLCLE-COL,10,25,100,no,snapshot
1753793660979,KXMLBGAME-25JUL29COLCLE-COL,10,27,100,no,snapshot
1753793660979,KXMLBGAME-25JUL29COLCLE-COL,10,60,3000,no,snapshot
1753793660979,KXMLBGAME-25JUL29COLCLE-COL,10,61,3410,no,snapshot
1753793660979,KXMLBGAME-25JUL29COLCLE-COL,10,62,8000,no,snapshot
1753793660979,KXMLBGAME-25JUL29COLCLE-COL,10,63,8397,no,snapshot
1753793660979,KXMLBGAME-25JUL29COLCLE-COL,10,64,2681,no,snapshot
1753793660979,KXMLBGAME-25JUL29LADCIN-CIN,11,1,1000,yes,snapshot
1753793660979,KXMLBGAME-25JUL29LADCIN-CIN,11,2,300,yes,snapshot
1753793660979,KXMLBGAME-25JUL29LADCIN-CIN,11,4,200,yes,snapshot
1753793660979,KXMLBGAME-25JUL29LADCIN-CIN,11,5,100,yes,snapshot
1753793660979,KXMLBGAME-25JUL29LADCIN-CIN,11,7,100,yes,snapshot
1753793660979,KXMLBGAME-25JUL29LADCIN-CIN,11,14,100,yes,snapshot
1753793660979,KXMLBGAME-25JUL29LADCIN-CIN,11,17,100,yes,snapshot
1753793660979,KXMLBGAME-25JUL29LADCIN-CIN,11,37,1047,yes,snapshot
1753793660979,KXMLBGAME-25JUL29LADCIN-CIN,11,38,5371,yes,snapshot
1753793660979,KXMLBGAME-25JUL29LADCIN-CIN,11,39,5692,yes,snapshot
1753793660979,KXMLBGAME-25JUL29LADCIN-CIN,11,40,5398,yes,snapshot
1753793660979,KXMLBGAME-25JUL29LADCIN-CIN,11,41,441,yes,snapshot
1753793660979,KXMLBGAME-25JUL29LADCIN-CIN,11,1,1000,no,snapshot
1753793660979,KXMLBGAME-25JUL29LADCIN-CIN,11,2,2300,no,snapshot
1753793660979,KXMLBGAME-25JUL29LADCIN-CIN,11,4,200,no,snapshot
1753793660979,KXMLBGAME-25JUL29LADCIN-CIN,11,16,100,no,snapshot
1753793660979,KXMLBGAME-25JUL29LADCIN-CIN,11,20,100,no,snapshot
1753793660979,KXMLBGAME-25JUL29LADCIN-CIN,11,25,100,no,snapshot
1753793660979,KXMLBGAME-25JUL29LADCIN-CIN,11,27,100,no,snapshot
1753793660979,KXMLBGAME-25JUL29LADCIN-CIN,11,54,3463,no,snapshot
1753793660979,KXMLBGAME-25JUL29LADCIN-CIN,11,55,3000,no,snapshot
1753793660979,KXMLBGAME-25JUL29LADCIN-CIN,11,56,9397,no,snapshot
1753793660979,KXMLBGAME-25JUL29LADCIN-CIN,11,57,19754,no,snapshot
1753793660979,KXMLBGAME-25JUL29LADCIN-CIN,11,58,2295,no,snapshot
1753793660979,KXMLBGAME-25JUL29LADCIN-LAD,12,1,1000,yes,snapshot
1753793660979,KXMLBGAME-25JUL29LADCIN-LAD,12,2,300,yes,snapshot
1753793660979,KXMLBGAME-25JUL29LADCIN-LAD,12,4,200,yes,snapshot
1753793660979,KXMLBGAME-25JUL29LADCIN-LAD,12,5,100,yes,snapshot
1753793660979,KXMLBGAME-25JUL29LADCIN-LAD,12,7,100,yes,snapshot
1753793660979,KXMLBGAME-25JUL29LADCIN-LAD,12,14,100,yes,snapshot
1753793660979,KXMLBGAME-25JUL29LADCIN-LAD,12,17,100,yes,snapshot
1753793660979,KXMLBGAME-25JUL29LADCIN-LAD,12,54,1592,yes,snapshot
1753793660979,KXMLBGAME-25JUL29LADCIN-LAD,12,55,6129,yes,snapshot
1753793660979,KXMLBGAME-25JUL29LADCIN-LAD,12,56,6352,yes,snapshot
1753793660979,KXMLBGAME-25JUL29LADCIN-LAD,12,57,5666,yes,snapshot
1753793660979,KXMLBGAME-25JUL29LADCIN-LAD,12,58,1139,yes,snapshot
1753793660979,KXMLBGAME-25JUL29LADCIN-LAD,12,1,1000,no,snapshot
1753793660979,KXMLBGAME-25JUL29LADCIN-LAD,12,2,2300,no,snapshot
1753793660979,KXMLBGAME-25JUL29LADCIN-LAD,12,4,200,no,snapshot
1753793660979,KXMLBGAME-25JUL29LADCIN-LAD,12,16,100,no,snapshot
1753793660979,KXMLBGAME-25JUL29LADCIN-LAD,12,20,100,no,snapshot
1753793660979,KXMLBGAME-25JUL29LADCIN-LAD,12,25,100,no,snapshot
1753793660979,KXMLBGAME-25JUL29LADCIN-LAD,12,27,100,no,snapshot
1753793660979,KXMLBGAME-25JUL29LADCIN-LAD,12,36,3000,no,snapshot
1753793660979,KXMLBGAME-25JUL29LADCIN-LAD,12,37,3676,no,snapshot
1753793660979,KXMLBGAME-25JUL29LADCIN-LAD,12,38,3000,no,snapshot
1753793660979,KXMLBGAME-25JUL29LADCIN-LAD,12,39,8321,no,snapshot
1753793660979,KXMLBGAME-25JUL29LADCIN-LAD,12,40,5742,no,snapshot
1753793660979,KXMLBGAME-25JUL29LADCIN-LAD,12,41,462,no,snapshot
1753793660979,KXMLBGAME-25JUL29MIASTL-MIA,13,1,1000,yes,snapshot
1753793660979,KXMLBGAME-25JUL29MIASTL-MIA,13,2,300,yes,snapshot
1753793660979,KXMLBGAME-25JUL29MIASTL-MIA,13,4,200,yes,snapshot
1753793660979,KXMLBGAME-25JUL29MIASTL-MIA,13,5,100,yes,snapshot
1753793660979,KXMLBGAME-25JUL29MIASTL-MIA,13,7,100,yes,snapshot
1753793660979,KXMLBGAME-25JUL29MIASTL-MIA,13,14,100,yes,snapshot
1753793660979,KXMLBGAME-25JUL29MIASTL-MIA,13,17,100,yes,snapshot
1753793660979,KXMLBGAME-25JUL29MIASTL-MIA,13,35,782,yes,snapshot
1753793660979,KXMLBGAME-25JUL29MIASTL-MIA,13,36,1476,yes,snapshot
1753793660979,KXMLBGAME-25JUL29MIASTL-MIA,13,37,6120,yes,snapshot
1753793660979,KXMLBGAME-25JUL29MIASTL-MIA,13,38,5833,yes,snapshot
1753793660979,KXMLBGAME-25JUL29MIASTL-MIA,13,39,3010,yes,snapshot
1753793660979,KXMLBGAME-25JUL29MIASTL-MIA,13,1,1000,no,snapshot
1753793660979,KXMLBGAME-25JUL29MIASTL-MIA,13,2,2300,no,snapshot
1753793660979,KXMLBGAME-25JUL29MIASTL-MIA,13,4,200,no,snapshot
1753793660979,KXMLBGAME-25JUL29MIASTL-MIA,13,16,100,no,snapshot
1753793660979,KXMLBGAME-25JUL29MIASTL-MIA,13,20,100,no,snapshot
1753793660979,KXMLBGAME-25JUL29MIASTL-MIA,13,25,100,no,snapshot
1753793660979,KXMLBGAME-25JUL29MIASTL-MIA,13,27,100,no,snapshot
1753793660979,KXMLBGAME-25JUL29MIASTL-MIA,13,55,3000,no,snapshot
1753793660979,KXMLBGAME-25JUL29MIASTL-MIA,13,56,3446,no,snapshot
1753793660979,KXMLBGAME-25JUL29MIASTL-MIA,13,57,8000,no,snapshot
1753793660979,KXMLBGAME-25JUL29MIASTL-MIA,13,58,8216,no,snapshot
1753793660979,KXMLBGAME-25JUL29MIASTL-MIA,13,59,4207,no,snapshot
1753793660979,KXMLBGAME-25JUL29MIASTL-STL,14,1,1000,yes,snapshot
1753793660979,KXMLBGAME-25JUL29MIASTL-STL,14,2,300,yes,snapshot
1753793660979,KXMLBGAME-25JUL29MIASTL-STL,14,4,200,yes,snapshot
1753793660979,KXMLBGAME-25JUL29MIASTL-STL,14,5,100,yes,snapshot
1753793660979,KXMLBGAME-25JUL29MIASTL-STL,14,7,100,yes,snapshot
1753793660979,KXMLBGAME-25JUL29MIASTL-STL,14,14,100,yes,snapshot
1753793660979,KXMLBGAME-25JUL29MIASTL-STL,14,17,100,yes,snapshot
1753793660979,KXMLBGAME-25JUL29MIASTL-STL,14,55,718,yes,snapshot
1753793660979,KXMLBGAME-25JUL29MIASTL-STL,14,56,1164,yes,snapshot
1753793660979,KXMLBGAME-25JUL29MIASTL-STL,14,57,6814,yes,snapshot
1753793660979,KXMLBGAME-25JUL29MIASTL-STL,14,58,7658,yes,snapshot
1753793660979,KXMLBGAME-25JUL29MIASTL-STL,14,59,2989,yes,snapshot
1753793660979,KXMLBGAME-25JUL29MIASTL-STL,14,60,200,yes,snapshot
1753793660979,KXMLBGAME-25JUL29MIASTL-STL,14,1,1000,no,snapshot
1753793660979,KXMLBGAME-25JUL29MIASTL-STL,14,2,2300,no,snapshot
1753793660979,KXMLBGAME-25JUL29MIASTL-STL,14,4,200,no,snapshot
1753793660979,KXMLBGAME-25JUL29MIASTL-STL,14,16,100,no,snapshot
1753793660979,KXMLBGAME-25JUL29MIASTL-STL,14,20,100,no,snapshot
1753793660979,KXMLBGAME-25JUL29MIASTL-STL,14,25,100,no,snapshot
1753793660979,KXMLBGAME-25JUL29MIASTL-STL,14,27,100,no,snapshot
1753793660979,KXMLBGAME-25JUL29MIASTL-STL,14,35,3000,no,snapshot
1753793660979,KXMLBGAME-25JUL29MIASTL-STL,14,36,3694,no,snapshot
1753793660979,KXMLBGAME-25JUL29MIASTL-STL,14,37,8724,no,snapshot
1753793660979,KXMLBGAME-25JUL29MIASTL-STL,14,38,9738,no,snapshot
1753793660979,KXMLBGAME-25JUL29MIASTL-STL,14,39,4292,no,snapshot
1753793660979,KXMLBGAME-25JUL29NYMSD-NYM,15,1,1000,yes,snapshot
1753793660979,KXMLBGAME-25JUL29NYMSD-NYM,15,2,300,yes,snapshot
1753793660979,KXMLBGAME-25JUL29NYMSD-NYM,15,4,200,yes,snapshot
1753793660979,KXMLBGAME-25JUL29NYMSD-NYM,15,5,100,yes,snapshot
1753793660979,KXMLBGAME-25JUL29NYMSD-NYM,15,7,100,yes,snapshot
1753793660979,KXMLBGAME-25JUL29NYMSD-NYM,15,14,100,yes,snapshot
1753793660979,KXMLBGAME-25JUL29NYMSD-NYM,15,17,100,yes,snapshot
1753793660979,KXMLBGAME-25JUL29NYMSD-NYM,15,48,682,yes,snapshot
1753793660979,KXMLBGAME-25JUL29NYMSD-NYM,15,49,1192,yes,snapshot
1753793660979,KXMLBGAME-25JUL29NYMSD-NYM,15,50,5682,yes,snapshot
1753793660979,KXMLBGAME-25JUL29NYMSD-NYM,15,51,5927,yes,snapshot
1753793660979,KXMLBGAME-25JUL29NYMSD-NYM,15,52,4837,yes,snapshot
1753793660979,KXMLBGAME-25JUL29NYMSD-NYM,15,1,1000,no,snapshot
1753793660979,KXMLBGAME-25JUL29NYMSD-NYM,15,2,2300,no,snapshot
1753793660979,KXMLBGAME-25JUL29NYMSD-NYM,15,4,200,no,snapshot
1753793660979,KXMLBGAME-25JUL29NYMSD-NYM,15,16,100,no,snapshot
1753793660979,KXMLBGAME-25JUL29NYMSD-NYM,15,20,100,no,snapshot
1753793660979,KXMLBGAME-25JUL29NYMSD-NYM,15,25,100,no,snapshot
1753793660979,KXMLBGAME-25JUL29NYMSD-NYM,15,27,100,no,snapshot
1753793660979,KXMLBGAME-25JUL29NYMSD-NYM,15,42,3595,no,snapshot
1753793660979,KXMLBGAME-25JUL29NYMSD-NYM,15,43,3000,no,snapshot
1753793660979,KXMLBGAME-25JUL29NYMSD-NYM,15,44,8284,no,snapshot
1753793660979,KXMLBGAME-25JUL29NYMSD-NYM,15,45,8000,no,snapshot
1753793660979,KXMLBGAME-25JUL29NYMSD-NYM,15,46,2479,no,snapshot
1753793660979,KXMLBGAME-25JUL29NYMSD-SD,16,1,1000,yes,snapshot
1753793660979,KXMLBGAME-25JUL29NYMSD-SD,16,2,300,yes,snapshot
1753793660979,KXMLBGAME-25JUL29NYMSD-SD,16,4,200,yes,snapshot
1753793660979,KXMLBGAME-25JUL29NYMSD-SD,16,5,100,yes,snapshot
1753793660979,KXMLBGAME-25JUL29NYMSD-SD,16,7,100,yes,snapshot
1753793660979,KXMLBGAME-25JUL29NYMSD-SD,16,14,100,yes,snapshot
1753793660979,KXMLBGAME-25JUL29NYMSD-SD,16,17,100,yes,snapshot
1753793660979,KXMLBGAME-25JUL29NYMSD-SD,16,42,1412,yes,snapshot
1753793660979,KXMLBGAME-25JUL29NYMSD-SD,16,43,1642,yes,snapshot
1753793660979,KXMLBGAME-25JUL29NYMSD-SD,16,44,7713,yes,snapshot
1753793660979,KXMLBGAME-25JUL29NYMSD-SD,16,45,5849,yes,snapshot
1753793660979,KXMLBGAME-25JUL29NYMSD-SD,16,46,1161,yes,snapshot
1753793660979,KXMLBGAME-25JUL29NYMSD-SD,16,1,1000,no,snapshot
1753793660979,KXMLBGAME-25JUL29NYMSD-SD,16,2,2300,no,snapshot
1753793660979,KXMLBGAME-25JUL29NYMSD-SD,16,4,200,no,snapshot
1753793660979,KXMLBGAME-25JUL29NYMSD-SD,16,16,100,no,snapshot
1753793660979,KXMLBGAME-25JUL29NYMSD-SD,16,20,100,no,snapshot
1753793660979,KXMLBGAME-25JUL29NYMSD-SD,16,25,100,no,snapshot
1753793660979,KXMLBGAME-25JUL29NYMSD-SD,16,27,100,no,snapshot
1753793660979,KXMLBGAME-25JUL29NYMSD-SD,16,48,3000,no,snapshot
1753793660979,KXMLBGAME-25JUL29NYMSD-SD,16,49,3510,no,snapshot
1753793660979,KXMLBGAME-25JUL29NYMSD-SD,16,50,8931,no,snapshot
1753793660979,KXMLBGAME-25JUL29NYMSD-SD,16,51,10070,no,snapshot
1753793660979,KXMLBGAME-25JUL29NYMSD-SD,16,52,6020,no,snapshot
1753793660979,KXMLBGAME-25JUL29PHICWS-CWS,17,1,10000,yes,snapshot
1753793660979,KXMLBGAME-25JUL29PHICWS-CWS,17,2,3300,yes,snapshot
1753793660979,KXMLBGAME-25JUL29PHICWS-CWS,17,3,700,yes,snapshot
1753793660979,KXMLBGAME-25JUL29PHICWS-CWS,17,4,200,yes,snapshot
1753793660979,KXMLBGAME-25JUL29PHICWS-CWS,17,5,100,yes,snapshot
1753793660979,KXMLBGAME-25JUL29PHICWS-CWS,17,7,100,yes,snapshot
1753793660979,KXMLBGAME-25JUL29PHICWS-CWS,17,14,100,yes,snapshot
1753793660979,KXMLBGAME-25JUL29PHICWS-CWS,17,17,380,yes,snapshot
1753793660979,KXMLBGAME-25JUL29PHICWS-CWS,17,18,251,yes,snapshot
1753793660979,KXMLBGAME-25JUL29PHICWS-CWS,17,19,158,yes,snapshot
1753793660979,KXMLBGAME-25JUL29PHICWS-CWS,17,20,154,yes,snapshot
1753793660979,KXMLBGAME-25JUL29PHICWS-CWS,17,21,133,yes,snapshot
1753793660979,KXMLBGAME-25JUL29PHICWS-CWS,17,22,133,yes,snapshot
1753793660979,KXMLBGAME-25JUL29PHICWS-CWS,17,23,94,yes,snapshot
1753793660979,KXMLBGAME-25JUL29PHICWS-CWS,17,24,69,yes,snapshot
1753793660979,KXMLBGAME-25JUL29PHICWS-CWS,17,32,1797,yes,snapshot
1753793660979,KXMLBGAME-25JUL29PHICWS-CWS,17,33,6016,yes,snapshot
1753793660979,KXMLBGAME-25JUL29PHICWS-CWS,17,34,6384,yes,snapshot
1753793660979,KXMLBGAME-25JUL29PHICWS-CWS,17,35,11036,yes,snapshot
1753793660979,KXMLBGAME-25JUL29PHICWS-CWS,17,36,1016,yes,snapshot
1753793660979,KXMLBGAME-25JUL29PHICWS-CWS,17,1,10000,no,snapshot
1753793660979,KXMLBGAME-25JUL29PHICWS-CWS,17,2,3300,no,snapshot
1753793660979,KXMLBGAME-25JUL29PHICWS-CWS,17,3,700,no,snapshot
1753793660979,KXMLBGAME-25JUL29PHICWS-CWS,17,4,1200,no,snapshot
1753793660979,KXMLBGAME-25JUL29PHICWS-CWS,17,16,100,no,snapshot
1753793660979,KXMLBGAME-25JUL29PHICWS-CWS,17,20,100,no,snapshot
1753793660979,KXMLBGAME-25JUL29PHICWS-CWS,17,25,100,no,snapshot
1753793660979,KXMLBGAME-25JUL29PHICWS-CWS,17,27,100,no,snapshot
1753793660979,KXMLBGAME-25JUL29PHICWS-CWS,17,44,280,no,snapshot
1753793660979,KXMLBGAME-25JUL29PHICWS-CWS,17,45,251,no,snapshot
1753793660979,KXMLBGAME-25JUL29PHICWS-CWS,17,46,162,no,snapshot
1753793660979,KXMLBGAME-25JUL29PHICWS-CWS,17,47,158,no,snapshot
1753793660979,KXMLBGAME-25JUL29PHICWS-CWS,17,48,154,no,snapshot
1753793660979,KXMLBGAME-25JUL29PHICWS-CWS,17,49,133,no,snapshot
1753793660979,KXMLBGAME-25JUL29PHICWS-CWS,17,50,94,no,snapshot
1753793660979,KXMLBGAME-25JUL29PHICWS-CWS,17,51,69,no,snapshot
1753793660979,KXMLBGAME-25JUL29PHICWS-CWS,17,59,3000,no,snapshot
1753793660979,KXMLBGAME-25JUL29PHICWS-CWS,17,60,3417,no,snapshot
1753793660979,KXMLBGAME-25JUL29PHICWS-CWS,17,61,8205,no,snapshot
1753793660979,KXMLBGAME-25JUL29PHICWS-CWS,17,62,13000,no,snapshot
1753793660979,KXMLBGAME-25JUL29PHICWS-CWS,17,63,1392,no,snapshot
1753793660979,KXMLBGAME-25JUL29PHICWS-PHI,18,1,1000,yes,snapshot
1753793660979,KXMLBGAME-25JUL29PHICWS-PHI,18,2,300,yes,snapshot
1753793660979,KXMLBGAME-25JUL29PHICWS-PHI,18,4,200,yes,snapshot
1753793660979,KXMLBGAME-25JUL29PHICWS-PHI,18,5,100,yes,snapshot
1753793660979,KXMLBGAME-25JUL29PHICWS-PHI,18,7,100,yes,snapshot
1753793660979,KXMLBGAME-25JUL29PHICWS-PHI,18,14,100,yes,snapshot
1753793660979,KXMLBGAME-25JUL29PHICWS-PHI,18,17,100,yes,snapshot
1753793660979,KXMLBGAME-25JUL29PHICWS-PHI,18,59,488,yes,snapshot
1753793660979,KXMLBGAME-25JUL29PHICWS-PHI,18,60,5905,yes,snapshot
1753793660979,KXMLBGAME-25JUL29PHICWS-PHI,18,61,5693,yes,snapshot
1753793660979,KXMLBGAME-25JUL29PHICWS-PHI,18,62,10414,yes,snapshot
1753793660979,KXMLBGAME-25JUL29PHICWS-PHI,18,63,488,yes,snapshot
1753793660979,KXMLBGAME-25JUL29PHICWS-PHI,18,1,5000,no,snapshot
1753793660979,KXMLBGAME-25JUL29PHICWS-PHI,18,2,300,no,snapshot
1753793660979,KXMLBGAME-25JUL29PHICWS-PHI,18,4,200,no,snapshot
1753793660979,KXMLBGAME-25JUL29PHICWS-PHI,18,16,100,no,snapshot
1753793660979,KXMLBGAME-25JUL29PHICWS-PHI,18,20,100,no,snapshot
1753793660979,KXMLBGAME-25JUL29PHICWS-PHI,18,25,100,no,snapshot
1753793660979,KXMLBGAME-25JUL29PHICWS-PHI,18,27,100,no,snapshot
1753793660979,KXMLBGAME-25JUL29PHICWS-PHI,18,32,3781,no,snapshot
1753793660979,KXMLBGAME-25JUL29PHICWS-PHI,18,33,3000,no,snapshot
1753793660979,KXMLBGAME-25JUL29PHICWS-PHI,18,34,8368,no,snapshot
1753793660979,KXMLBGAME-25JUL29PHICWS-PHI,18,35,13400,no,snapshot
1753793660979,KXMLBGAME-25JUL29PHICWS-PHI,18,36,2023,no,snapshot
1753793661002,KXMLBGAME-25JUL29PITSF-PIT,19,1,10000,yes,snapshot
1753793661002,KXMLBGAME-25JUL29PITSF-PIT,19,2,3300,yes,snapshot
1753793661002,KXMLBGAME-25JUL29PITSF-PIT,19,3,700,yes,snapshot
1753793661002,KXMLBGAME-25JUL29PITSF-PIT,19,4,200,yes,snapshot
1753793661002,KXMLBGAME-25JUL29PITSF-PIT,19,5,100,yes,snapshot
1753793661002,KXMLBGAME-25JUL29PITSF-PIT,19,7,100,yes,snapshot
1753793661002,KXMLBGAME-25JUL29PITSF-PIT,19,14,100,yes,snapshot
1753793661002,KXMLBGAME-25JUL29PITSF-PIT,19,17,100,yes,snapshot
1753793661002,KXMLBGAME-25JUL29PITSF-PIT,19,19,322,yes,snapshot
1753793661002,KXMLBGAME-25JUL29PITSF-PIT,19,20,242,yes,snapshot
1753793661002,KXMLBGAME-25JUL29PITSF-PIT,19,21,185,yes,snapshot
1753793661002,KXMLBGAME-25JUL29PITSF-PIT,19,22,168,yes,snapshot
1753793661002,KXMLBGAME-25JUL29PITSF-PIT,19,23,151,yes,snapshot
1753793661002,KXMLBGAME-25JUL29PITSF-PIT,19,24,121,yes,snapshot
1753793661002,KXMLBGAME-25JUL29PITSF-PIT,19,25,61,yes,snapshot
1753793661002,KXMLBGAME-25JUL29PITSF-PIT,19,26,51,yes,snapshot
1753793661002,KXMLBGAME-25JUL29PITSF-PIT,19,34,921,yes,snapshot
1753793661002,KXMLBGAME-25JUL29PITSF-PIT,19,35,1635,yes,snapshot
1753793661002,KXMLBGAME-25JUL29PITSF-PIT,19,36,6268,yes,snapshot
1753793661002,KXMLBGAME-25JUL29PITSF-PIT,19,37,5921,yes,snapshot
1753793661002,KXMLBGAME-25JUL29PITSF-PIT,19,38,2732,yes,snapshot
1753793661002,KXMLBGAME-25JUL29PITSF-PIT,19,1,10000,no,snapshot
1753793661002,KXMLBGAME-25JUL29PITSF-PIT,19,2,3300,no,snapshot
1753793661002,KXMLBGAME-25JUL29PITSF-PIT,19,3,700,no,snapshot
1753793661002,KXMLBGAME-25JUL29PITSF-PIT,19,4,1200,no,snapshot
1753793661002,KXMLBGAME-25JUL29PITSF-PIT,19,16,100,no,snapshot
1753793661002,KXMLBGAME-25JUL29PITSF-PIT,19,20,100,no,snapshot
1753793661002,KXMLBGAME-25JUL29PITSF-PIT,19,25,100,no,snapshot
1753793661002,KXMLBGAME-25JUL29PITSF-PIT,19,27,100,no,snapshot
1753793661002,KXMLBGAME-25JUL29PITSF-PIT,19,41,322,no,snapshot
1753793661002,KXMLBGAME-25JUL29PITSF-PIT,19,42,242,no,snapshot
1753793661002,KXMLBGAME-25JUL29PITSF-PIT,19,43,185,no,snapshot
1753793661002,KXMLBGAME-25JUL29PITSF-PIT,19,44,151,no,snapshot
1753793661002,KXMLBGAME-25JUL29PITSF-PIT,19,45,151,no,snapshot
1753793661002,KXMLBGAME-25JUL29PITSF-PIT,19,46,121,no,snapshot
1753793661002,KXMLBGAME-25JUL29PITSF-PIT,19,47,51,no,snapshot
1753793661002,KXMLBGAME-25JUL29PITSF-PIT,19,48,51,no,snapshot
1753793661002,KXMLBGAME-25JUL29PITSF-PIT,19,56,3000,no,snapshot
1753793661002,KXMLBGAME-25JUL29PITSF-PIT,19,57,3000,no,snapshot
1753793661002,KXMLBGAME-25JUL29PITSF-PIT,19,58,8431,no,snapshot
1753793661002,KXMLBGAME-25JUL29PITSF-PIT,19,59,8212,no,snapshot
1753793661002,KXMLBGAME-25JUL29PITSF-PIT,19,60,14346,no,snapshot
1753793661002,KXMLBGAME-25JUL29PITSF-SF,20,1,1000,yes,snapshot
1753793661002,KXMLBGAME-25JUL29PITSF-SF,20,2,300,yes,snapshot
1753793661002,KXMLBGAME-25JUL29PITSF-SF,20,4,200,yes,snapshot
1753793661002,KXMLBGAME-25JUL29PITSF-SF,20,5,100,yes,snapshot
1753793661002,KXMLBGAME-25JUL29PITSF-SF,20,7,100,yes,snapshot
1753793661002,KXMLBGAME-25JUL29PITSF-SF,20,14,100,yes,snapshot
1753793661002,KXMLBGAME-25JUL29PITSF-SF,20,17,100,yes,snapshot
1753793661002,KXMLBGAME-25JUL29PITSF-SF,20,56,579,yes,snapshot
1753793661002,KXMLBGAME-25JUL29PITSF-SF,20,57,579,yes,snapshot
1753793661002,KXMLBGAME-25JUL29PITSF-SF,20,58,7385,yes,snapshot
1753793661002,KXMLBGAME-25JUL29PITSF-SF,20,59,7486,yes,snapshot
1753793661002,KXMLBGAME-25JUL29PITSF-SF,20,60,3267,yes,snapshot
1753793661002,KXMLBGAME-25JUL29PITSF-SF,20,1,1000,no,snapshot
1753793661002,KXMLBGAME-25JUL29PITSF-SF,20,2,2300,no,snapshot
1753793661002,KXMLBGAME-25JUL29PITSF-SF,20,4,200,no,snapshot
1753793661002,KXMLBGAME-25JUL29PITSF-SF,20,16,100,no,snapshot
1753793661002,KXMLBGAME-25JUL29PITSF-SF,20,20,100,no,snapshot
1753793661002,KXMLBGAME-25JUL29PITSF-SF,20,25,100,no,snapshot
1753793661002,KXMLBGAME-25JUL29PITSF-SF,20,27,100,no,snapshot
1753793661002,KXMLBGAME-25JUL29PITSF-SF,20,34,3000,no,snapshot
1753793661002,KXMLBGAME-25JUL29PITSF-SF,20,35,4066,no,snapshot
1753793661002,KXMLBGAME-25JUL29PITSF-SF,20,36,9032,no,snapshot
1753793661002,KXMLBGAME-25JUL29PITSF-SF,20,37,8000,no,snapshot
1753793661002,KXMLBGAME-25JUL29PITSF-SF,20,38,4153,no,snapshot
1753793661002,KXMLBGAME-25JUL29SEAATH-ATH,21,1,1000,yes,snapshot
1753793661002,KXMLBGAME-25JUL29SEAATH-ATH,21,2,300,yes,snapshot
1753793661002,KXMLBGAME-25JUL29SEAATH-ATH,21,4,200,yes,snapshot
1753793661002,KXMLBGAME-25JUL29SEAATH-ATH,21,5,100,yes,snapshot
1753793661002,KXMLBGAME-25JUL29SEAATH-ATH,21,7,100,yes,snapshot
1753793661002,KXMLBGAME-25JUL29SEAATH-ATH,21,14,100,yes,snapshot
1753793661002,KXMLBGAME-25JUL29SEAATH-ATH,21,17,100,yes,snapshot
1753793661002,KXMLBGAME-25JUL29SEAATH-ATH,21,44,740,yes,snapshot
1753793661002,KXMLBGAME-25JUL29SEAATH-ATH,21,45,1296,yes,snapshot
1753793661002,KXMLBGAME-25JUL29SEAATH-ATH,21,46,5740,yes,snapshot
1753793661002,KXMLBGAME-25JUL29SEAATH-ATH,21,47,6006,yes,snapshot
1753793661002,KXMLBGAME-25JUL29SEAATH-ATH,21,48,3291,yes,snapshot
1753793661002,KXMLBGAME-25JUL29SEAATH-ATH,21,1,1000,no,snapshot
1753793661002,KXMLBGAME-25JUL29SEAATH-ATH,21,2,2300,no,snapshot
1753793661002,KXMLBGAME-25JUL29SEAATH-ATH,21,4,200,no,snapshot
1753793661002,KXMLBGAME-25JUL29SEAATH-ATH,21,16,100,no,snapshot
1753793661002,KXMLBGAME-25JUL29SEAATH-ATH,21,20,100,no,snapshot
1753793661002,KXMLBGAME-25JUL29SEAATH-ATH,21,25,100,no,snapshot
1753793661002,KXMLBGAME-25JUL29SEAATH-ATH,21,27,100,no,snapshot
1753793661002,KXMLBGAME-25JUL29SEAATH-ATH,21,46,3000,no,snapshot
1753793661002,KXMLBGAME-25JUL29SEAATH-ATH,21,47,3532,no,snapshot
1753793661002,KXMLBGAME-25JUL29SEAATH-ATH,21,48,8000,no,snapshot
1753793661002,KXMLBGAME-25JUL29SEAATH-ATH,21,49,8255,no,snapshot
1753793661002,KXMLBGAME-25JUL29SEAATH-ATH,21,50,4038,no,snapshot
1753793661002,KXMLBGAME-25JUL29SEAATH-SEA,22,1,1000,yes,snapshot
1753793661002,KXMLBGAME-25JUL29SEAATH-SEA,22,2,300,yes,snapshot
1753793661002,KXMLBGAME-25JUL29SEAATH-SEA,22,4,200,yes,snapshot
1753793661002,KXMLBGAME-25JUL29SEAATH-SEA,22,5,100,yes,snapshot
1753793661002,KXMLBGAME-25JUL29SEAATH-SEA,22,7,100,yes,snapshot
1753793661002,KXMLBGAME-25JUL29SEAATH-SEA,22,14,100,yes,snapshot
1753793661002,KXMLBGAME-25JUL29SEAATH-SEA,22,17,100,yes,snapshot
1753793661002,KXMLBGAME-25JUL29SEAATH-SEA,22,46,759,yes,snapshot
1753793661002,KXMLBGAME-25JUL29SEAATH-SEA,22,47,1291,yes,snapshot
1753793661002,KXMLBGAME-25JUL29SEAATH-SEA,22,48,6019,yes,snapshot
1753793661002,KXMLBGAME-25JUL29SEAATH-SEA,22,49,5759,yes,snapshot
1753793661002,KXMLBGAME-25JUL29SEAATH-SEA,22,50,2778,yes,snapshot
1753793661002,KXMLBGAME-25JUL29SEAATH-SEA,22,1,1000,no,snapshot
1753793661002,KXMLBGAME-25JUL29SEAATH-SEA,22,2,2300,no,snapshot
1753793661002,KXMLBGAME-25JUL29SEAATH-SEA,22,4,200,no,snapshot
1753793661002,KXMLBGAME-25JUL29SEAATH-SEA,22,16,100,no,snapshot
1753793661002,KXMLBGAME-25JUL29SEAATH-SEA,22,20,100,no,snapshot
1753793661002,KXMLBGAME-25JUL29SEAATH-SEA,22,25,100,no,snapshot
1753793661002,KXMLBGAME-25JUL29SEAATH-SEA,22,27,100,no,snapshot
1753793661002,KXMLBGAME-25JUL29SEAATH-SEA,22,44,3000,no,snapshot
1753793661002,KXMLBGAME-25JUL29SEAATH-SEA,22,45,3556,no,snapshot
1753793661002,KXMLBGAME-25JUL29SEAATH-SEA,22,46,8000,no,snapshot
1753793661002,KXMLBGAME-25JUL29SEAATH-SEA,22,47,8266,no,snapshot
1753793661002,KXMLBGAME-25JUL29SEAATH-SEA,22,48,4461,no,snapshot
1753793661002,KXMLBGAME-25JUL29TBNYY-NYY,23,1,1000,yes,snapshot
1753793661002,KXMLBGAME-25JUL29TBNYY-NYY,23,2,300,yes,snapshot
1753793661002,KXMLBGAME-25JUL29TBNYY-NYY,23,4,200,yes,snapshot
1753793661002,KXMLBGAME-25JUL29TBNYY-NYY,23,5,100,yes,snapshot
1753793661002,KXMLBGAME-25JUL29TBNYY-NYY,23,7,100,yes,snapshot
1753793661002,KXMLBGAME-25JUL29TBNYY-NYY,23,14,100,yes,snapshot
1753793661002,KXMLBGAME-25JUL29TBNYY-NYY,23,17,100,yes,snapshot
1753793661002,KXMLBGAME-25JUL29TBNYY-NYY,23,58,595,yes,snapshot
1753793661002,KXMLBGAME-25JUL29TBNYY-NYY,23,59,1019,yes,snapshot
1753793661002,KXMLBGAME-25JUL29TBNYY-NYY,23,60,6427,yes,snapshot
1753793661002,KXMLBGAME-25JUL29TBNYY-NYY,23,61,7227,yes,snapshot
1753793661002,KXMLBGAME-25JUL29TBNYY-NYY,23,62,4953,yes,snapshot
1753793661002,KXMLBGAME-25JUL29TBNYY-NYY,23,1,1000,no,snapshot
1753793661002,KXMLBGAME-25JUL29TBNYY-NYY,23,2,2300,no,snapshot
1753793661002,KXMLBGAME-25JUL29TBNYY-NYY,23,4,200,no,snapshot
1753793661002,KXMLBGAME-25JUL29TBNYY-NYY,23,16,100,no,snapshot
1753793661002,KXMLBGAME-25JUL29TBNYY-NYY,23,20,100,no,snapshot
1753793661002,KXMLBGAME-25JUL29TBNYY-NYY,23,25,100,no,snapshot
1753793661002,KXMLBGAME-25JUL29TBNYY-NYY,23,27,100,no,snapshot
1753793661002,KXMLBGAME-25JUL29TBNYY-NYY,23,32,3000,no,snapshot
1753793661002,KXMLBGAME-25JUL29TBNYY-NYY,23,33,4457,no,snapshot
1753793661002,KXMLBGAME-25JUL29TBNYY-NYY,23,34,9725,no,snapshot
1753793661002,KXMLBGAME-25JUL29TBNYY-NYY,23,35,8000,no,snapshot
1753793661002,KXMLBGAME-25JUL29TBNYY-NYY,23,36,2470,no,snapshot
1753793661002,KXMLBGAME-25JUL29TBNYY-TB,24,1,1000,yes,snapshot
1753793661002,KXMLBGAME-25JUL29TBNYY-TB,24,2,300,yes,snapshot
1753793661002,KXMLBGAME-25JUL29TBNYY-TB,24,4,200,yes,snapshot
1753793661002,KXMLBGAME-25JUL29TBNYY-TB,24,5,100,yes,snapshot
1753793661002,KXMLBGAME-25JUL29TBNYY-TB,24,7,100,yes,snapshot
1753793661002,KXMLBGAME-25JUL29TBNYY-TB,24,14,100,yes,snapshot
1753793661002,KXMLBGAME-25JUL29TBNYY-TB,24,17,100,yes,snapshot
1753793661002,KXMLBGAME-25JUL29TBNYY-TB,24,32,1685,yes,snapshot
1753793661002,KXMLBGAME-25JUL29TBNYY-TB,24,33,904,yes,snapshot
1753793661002,KXMLBGAME-25JUL29TBNYY-TB,24,34,6272,yes,snapshot
1753793661002,KXMLBGAME-25JUL29TBNYY-TB,24,35,5904,yes,snapshot
1753793661002,KXMLBGAME-25JUL29TBNYY-TB,24,36,1065,yes,snapshot
1753793661002,KXMLBGAME-25JUL29TBNYY-TB,24,37,80,yes,snapshot
1753793661002,KXMLBGAME-25JUL29TBNYY-TB,24,1,1000,no,snapshot
1753793661002,KXMLBGAME-25JUL29TBNYY-TB,24,2,2300,no,snapshot
1753793661002,KXMLBGAME-25JUL29TBNYY-TB,24,4,200,no,snapshot
1753793661002,KXMLBGAME-25JUL29TBNYY-TB,24,16,100,no,snapshot
1753793661002,KXMLBGAME-25JUL29TBNYY-TB,24,20,100,no,snapshot
1753793661002,KXMLBGAME-25JUL29TBNYY-TB,24,25,100,no,snapshot
1753793661002,KXMLBGAME-25JUL29TBNYY-TB,24,27,100,no,snapshot
1753793661002,KXMLBGAME-25JUL29TBNYY-TB,24,58,3000,no,snapshot
1753793661002,KXMLBGAME-25JUL29TBNYY-TB,24,59,3424,no,snapshot
1753793661002,KXMLBGAME-25JUL29TBNYY-TB,24,60,8000,no,snapshot
1753793661002,KXMLBGAME-25JUL29TBNYY-TB,24,61,8205,no,snapshot
1753793661002,KXMLBGAME-25JUL29TBNYY-TB,24,62,6029,no,snapshot
1753793661002,KXMLBGAME-25JUL29TEXLAA-LAA,25,1,10000,yes,snapshot
1753793661002,KXMLBGAME-25JUL29TEXLAA-LAA,25,2,3300,yes,snapshot
1753793661002,KXMLBGAME-25JUL29TEXLAA-LAA,25,3,700,yes,snapshot
1753793661002,KXMLBGAME-25JUL29TEXLAA-LAA,25,4,200,yes,snapshot
1753793661002,KXMLBGAME-25JUL29TEXLAA-LAA,25,5,100,yes,snapshot
1753793661002,KXMLBGAME-25JUL29TEXLAA-LAA,25,7,100,yes,snapshot
1753793661002,KXMLBGAME-25JUL29TEXLAA-LAA,25,14,100,yes,snapshot
1753793661002,KXMLBGAME-25JUL29TEXLAA-LAA,25,17,100,yes,snapshot
1753793661002,KXMLBGAME-25JUL29TEXLAA-LAA,25,34,284,yes,snapshot
1753793661002,KXMLBGAME-25JUL29TEXLAA-LAA,25,35,278,yes,snapshot
1753793661002,KXMLBGAME-25JUL29TEXLAA-LAA,25,36,239,yes,snapshot
1753793661002,KXMLBGAME-25JUL29TEXLAA-LAA,25,37,188,yes,snapshot
1753793661002,KXMLBGAME-25JUL29TEXLAA-LAA,25,38,112,yes,snapshot
1753793661002,KXMLBGAME-25JUL29TEXLAA-LAA,25,39,103,yes,snapshot
1753793661002,KXMLBGAME-25JUL29TEXLAA-LAA,25,40,49,yes,snapshot
1753793661002,KXMLBGAME-25JUL29TEXLAA-LAA,25,41,46,yes,snapshot
1753793661002,KXMLBGAME-25JUL29TEXLAA-LAA,25,48,813,yes,snapshot
1753793661002,KXMLBGAME-25JUL29TEXLAA-LAA,25,49,1323,yes,snapshot
1753793661002,KXMLBGAME-25JUL29TEXLAA-LAA,25,50,6736,yes,snapshot
1753793661002,KXMLBGAME-25JUL29TEXLAA-LAA,25,51,7868,yes,snapshot
1753793661002,KXMLBGAME-25JUL29TEXLAA-LAA,25,52,1505,yes,snapshot
1753793661002,KXMLBGAME-25JUL29TEXLAA-LAA,25,53,250,yes,snapshot
1753793661002,KXMLBGAME-25JUL29TEXLAA-LAA,25,1,10000,no,snapshot
1753793661002,KXMLBGAME-25JUL29TEXLAA-LAA,25,2,3300,no,snapshot
1753793661002,KXMLBGAME-25JUL29TEXLAA-LAA,25,3,2033,no,snapshot
1753793661002,KXMLBGAME-25JUL29TEXLAA-LAA,25,4,200,no,snapshot
1753793661002,KXMLBGAME-25JUL29TEXLAA-LAA,25,16,100,no,snapshot
1753793661002,KXMLBGAME-25JUL29TEXLAA-LAA,25,20,100,no,snapshot
1753793661002,KXMLBGAME-25JUL29TEXLAA-LAA,25,25,100,no,snapshot
1753793661002,KXMLBGAME-25JUL29TEXLAA-LAA,25,27,384,no,snapshot
1753793661002,KXMLBGAME-25JUL29TEXLAA-LAA,25,28,278,no,snapshot
1753793661002,KXMLBGAME-25JUL29TEXLAA-LAA,25,29,239,no,snapshot
1753793661002,KXMLBGAME-25JUL29TEXLAA-LAA,25,30,188,no,snapshot
1753793661002,KXMLBGAME-25JUL29TEXLAA-LAA,25,31,112,no,snapshot
1753793661002,KXMLBGAME-25JUL29TEXLAA-LAA,25,32,103,no,snapshot
1753793661002,KXMLBGAME-25JUL29TEXLAA-LAA,25,33,49,no,snapshot
1753793661002,KXMLBGAME-25JUL29TEXLAA-LAA,25,34,46,no,snapshot
1753793661002,KXMLBGAME-25JUL29TEXLAA-LAA,25,42,3000,no,snapshot
1753793661002,KXMLBGAME-25JUL29TEXLAA-LAA,25,43,3000,no,snapshot
1753793661002,KXMLBGAME-25JUL29TEXLAA-LAA,25,44,9388,no,snapshot
1753793661002,KXMLBGAME-25JUL29TEXLAA-LAA,25,45,9882,no,snapshot
1753793661002,KXMLBGAME-25JUL29TEXLAA-LAA,25,46,5724,no,snapshot
1753793661002,KXMLBGAME-25JUL29TEXLAA-TEX,26,1,1000,yes,snapshot
1753793661002,KXMLBGAME-25JUL29TEXLAA-TEX,26,2,300,yes,snapshot
1753793661002,KXMLBGAME-25JUL29TEXLAA-TEX,26,4,200,yes,snapshot
1753793661002,KXMLBGAME-25JUL29TEXLAA-TEX,26,5,100,yes,snapshot
1753793661002,KXMLBGAME-25JUL29TEXLAA-TEX,26,7,100,yes,snapshot
1753793661002,KXMLBGAME-25JUL29TEXLAA-TEX,26,14,100,yes,snapshot
1753793661002,KXMLBGAME-25JUL29TEXLAA-TEX,26,17,100,yes,snapshot
1753793661002,KXMLBGAME-25JUL29TEXLAA-TEX,26,42,686,yes,snapshot
1753793661002,KXMLBGAME-25JUL29TEXLAA-TEX,26,43,686,yes,snapshot
1753793661002,KXMLBGAME-25JUL29TEXLAA-TEX,26,44,6254,yes,snapshot
1753793661002,KXMLBGAME-25JUL29TEXLAA-TEX,26,45,5964,yes,snapshot
1753793661002,KXMLBGAME-25JUL29TEXLAA-TEX,26,46,4537,yes,snapshot
1753793661002,KXMLBGAME-25JUL29TEXLAA-TEX,26,1,1000,no,snapshot
1753793661002,KXMLBGAME-25JUL29TEXLAA-TEX,26,2,2300,no,snapshot
1753793661002,KXMLBGAME-25JUL29TEXLAA-TEX,26,4,200,no,snapshot
1753793661002,KXMLBGAME-25JUL29TEXLAA-TEX,26,16,100,no,snapshot
1753793661002,KXMLBGAME-25JUL29TEXLAA-TEX,26,20,100,no,snapshot
1753793661002,KXMLBGAME-25JUL29TEXLAA-TEX,26,25,100,no,snapshot
1753793661002,KXMLBGAME-25JUL29TEXLAA-TEX,26,27,100,no,snapshot
1753793661002,KXMLBGAME-25JUL29TEXLAA-TEX,26,48,3000,no,snapshot
1753793661002,KXMLBGAME-25JUL29TEXLAA-TEX,26,49,3510,no,snapshot
1753793661002,KXMLBGAME-25JUL29TEXLAA-TEX,26,50,8000,no,snapshot
1753793661002,KXMLBGAME-25JUL29TEXLAA-TEX,26,51,8245,no,snapshot
1753793661002,KXMLBGAME-25JUL29TEXLAA-TEX,26,52,2775,no,snapshot
1753793661002,KXMLBGAME-25JUL29TEXLAA-TEX,26,53,215,no,snapshot
1753793661002,KXMLBGAME-25JUL29TORBALG1-BAL,27,1,1000,yes,snapshot
1753793661002,KXMLBGAME-25JUL29TORBALG1-BAL,27,2,300,yes,snapshot
1753793661002,KXMLBGAME-25JUL29TORBALG1-BAL,27,4,200,yes,snapshot
1753793661002,KXMLBGAME-25JUL29TORBALG1-BAL,27,5,100,yes,snapshot
1753793661002,KXMLBGAME-25JUL29TORBALG1-BAL,27,7,100,yes,snapshot
1753793661002,KXMLBGAME-25JUL29TORBALG1-BAL,27,14,100,yes,snapshot
1753793661002,KXMLBGAME-25JUL29TORBALG1-BAL,27,17,100,yes,snapshot
1753793661002,KXMLBGAME-25JUL29TORBALG1-BAL,27,49,750,yes,snapshot
1753793661002,KXMLBGAME-25JUL29TORBALG1-BAL,27,50,750,yes,snapshot
1753793661002,KXMLBGAME-25JUL29TORBALG1-BAL,27,51,750,yes,snapshot
1753793661002,KXMLBGAME-25JUL29TORBALG1-BAL,27,52,10750,yes,snapshot
1753793661002,KXMLBGAME-25JUL29TORBALG1-BAL,27,53,750,yes,snapshot
1753793661002,KXMLBGAME-25JUL29TORBALG1-BAL,27,54,141,yes,snapshot
1753793661002,KXMLBGAME-25JUL29TORBALG1-BAL,27,1,1000,no,snapshot
1753793661002,KXMLBGAME-25JUL29TORBALG1-BAL,27,2,2300,no,snapshot
1753793661002,KXMLBGAME-25JUL29TORBALG1-BAL,27,4,200,no,snapshot
1753793661002,KXMLBGAME-25JUL29TORBALG1-BAL,27,16,100,no,snapshot
1753793661002,KXMLBGAME-25JUL29TORBALG1-BAL,27,20,100,no,snapshot
1753793661002,KXMLBGAME-25JUL29TORBALG1-BAL,27,25,100,no,snapshot
1753793661002,KXMLBGAME-25JUL29TORBALG1-BAL,27,27,100,no,snapshot
1753793661002,KXMLBGAME-25JUL29TORBALG1-BAL,27,39,3000,no,snapshot
1753793661002,KXMLBGAME-25JUL29TORBALG1-BAL,27,40,3000,no,snapshot
1753793661002,KXMLBGAME-25JUL29TORBALG1-BAL,27,41,3000,no,snapshot
1753793661002,KXMLBGAME-25JUL29TORBALG1-BAL,27,42,8000,no,snapshot
1753793661002,KXMLBGAME-25JUL29TORBALG1-BAL,27,43,6500,no,snapshot
1753793661002,KXMLBGAME-25JUL29TORBALG1-BAL,27,44,4649,no,snapshot
1753793661002,KXMLBGAME-25JUL29TORBALG1-BAL,27,45,5208,no,snapshot
1753793661002,KXMLBGAME-25JUL29TORBALG1-TOR,28,1,1000,yes,snapshot
1753793661002,KXMLBGAME-25JUL29TORBALG1-TOR,28,2,300,yes,snapshot
1753793661002,KXMLBGAME-25JUL29TORBALG1-TOR,28,4,200,yes,snapshot
1753793661002,KXMLBGAME-25JUL29TORBALG1-TOR,28,5,100,yes,snapshot
1753793661002,KXMLBGAME-25JUL29TORBALG1-TOR,28,7,100,yes,snapshot
1753793661002,KXMLBGAME-25JUL29TORBALG1-TOR,28,14,100,yes,snapshot
1753793661002,KXMLBGAME-25JUL29TORBALG1-TOR,28,17,100,yes,snapshot
1753793661002,KXMLBGAME-25JUL29TORBALG1-TOR,28,39,750,yes,snapshot
1753793661002,KXMLBGAME-25JUL29TORBALG1-TOR,28,40,750,yes,snapshot
1753793661002,KXMLBGAME-25JUL29TORBALG1-TOR,28,41,750,yes,snapshot
1753793661002,KXMLBGAME-25JUL29TORBALG1-TOR,28,42,5750,yes,snapshot
1753793661002,KXMLBGAME-25JUL29TORBALG1-TOR,28,43,5750,yes,snapshot
1753793661002,KXMLBGAME-25JUL29TORBALG1-TOR,28,44,4191,yes,snapshot
1753793661002,KXMLBGAME-25JUL29TORBALG1-TOR,28,45,5280,yes,snapshot
1753793661002,KXMLBGAME-25JUL29TORBALG1-TOR,28,1,1000,no,snapshot
1753793661002,KXMLBGAME-25JUL29TORBALG1-TOR,28,2,2300,no,snapshot
1753793661002,KXMLBGAME-25JUL29TORBALG1-TOR,28,4,200,no,snapshot
1753793661002,KXMLBGAME-25JUL29TORBALG1-TOR,28,16,100,no,snapshot
1753793661002,KXMLBGAME-25JUL29TORBALG1-TOR,28,20,100,no,snapshot
1753793661002,KXMLBGAME-25JUL29TORBALG1-TOR,28,25,100,no,snapshot
1753793661002,KXMLBGAME-25JUL29TORBALG1-TOR,28,27,100,no,snapshot
1753793661002,KXMLBGAME-25JUL29TORBALG1-TOR,28,49,3000,no,snapshot
1753793661002,KXMLBGAME-25JUL29TORBALG1-TOR,28,50,3000,no,snapshot
1753793661002,KXMLBGAME-25JUL29TORBALG1-TOR,28,51,3000,no,snapshot
1753793661002,KXMLBGAME-25JUL29TORBALG1-TOR,28,52,13000,no,snapshot
1753793661002,KXMLBGAME-25JUL29TORBALG1-TOR,28,53,1500,no,snapshot
1753793661002,KXMLBGAME-25JUL29TORBALG2-BAL,29,1,1000,yes,snapshot
1753793661002,KXMLBGAME-25JUL29TORBALG2-BAL,29,2,300,yes,snapshot
1753793661002,KXMLBGAME-25JUL29TORBALG2-BAL,29,4,200,yes,snapshot
1753793661002,KXMLBGAME-25JUL29TORBALG2-BAL,29,5,100,yes,snapshot
1753793661002,KXMLBGAME-25JUL29TORBALG2-BAL,29,7,100,yes,snapshot
1753793661002,KXMLBGAME-25JUL29TORBALG2-BAL,29,14,100,yes,snapshot
1753793661002,KXMLBGAME-25JUL29TORBALG2-BAL,29,17,100,yes,snapshot
1753793661002,KXMLBGAME-25JUL29TORBALG2-BAL,29,43,750,yes,snapshot
1753793661002,KXMLBGAME-25JUL29TORBALG2-BAL,29,44,750,yes,snapshot
1753793661002,KXMLBGAME-25JUL29TORBALG2-BAL,29,45,5750,yes,snapshot
1753793661002,KXMLBGAME-25JUL29TORBALG2-BAL,29,46,5750,yes,snapshot
1753793661002,KXMLBGAME-25JUL29TORBALG2-BAL,29,47,5051,yes,snapshot
1753793661002,KXMLBGAME-25JUL29TORBALG2-BAL,29,1,1000,no,snapshot
1753793661002,KXMLBGAME-25JUL29TORBALG2-BAL,29,2,2300,no,snapshot
1753793661002,KXMLBGAME-25JUL29TORBALG2-BAL,29,4,200,no,snapshot
1753793661002,KXMLBGAME-25JUL29TORBALG2-BAL,29,16,100,no,snapshot
1753793661002,KXMLBGAME-25JUL29TORBALG2-BAL,29,20,100,no,snapshot
1753793661002,KXMLBGAME-25JUL29TORBALG2-BAL,29,25,100,no,snapshot
1753793661002,KXMLBGAME-25JUL29TORBALG2-BAL,29,27,100,no,snapshot
1753793661002,KXMLBGAME-25JUL29TORBALG2-BAL,29,46,3000,no,snapshot
1753793661002,KXMLBGAME-25JUL29TORBALG2-BAL,29,47,3000,no,snapshot
1753793661002,KXMLBGAME-25JUL29TORBALG2-BAL,29,48,3000,no,snapshot
1753793661002,KXMLBGAME-25JUL29TORBALG2-BAL,29,49,8000,no,snapshot
1753793661002,KXMLBGAME-25JUL29TORBALG2-BAL,29,50,6500,no,snapshot
1753793661002,KXMLBGAME-25JUL29TORBALG2-BAL,29,51,698,no,snapshot
1753793661002,KXMLBGAME-25JUL29TORBALG2-BAL,29,52,109,no,snapshot
1753793661003,KXMLBGAME-25JUL29TORBALG2-TOR,30,1,1000,yes,snapshot
1753793661003,KXMLBGAME-25JUL29TORBALG2-TOR,30,2,300,yes,snapshot
1753793661003,KXMLBGAME-25JUL29TORBALG2-TOR,30,4,200,yes,snapshot
1753793661003,KXMLBGAME-25JUL29TORBALG2-TOR,30,5,100,yes,snapshot
1753793661003,KXMLBGAME-25JUL29TORBALG2-TOR,30,7,100,yes,snapshot
1753793661003,KXMLBGAME-25JUL29TORBALG2-TOR,30,14,100,yes,snapshot
1753793661003,KXMLBGAME-25JUL29TORBALG2-TOR,30,17,100,yes,snapshot
1753793661003,KXMLBGAME-25JUL29TORBALG2-TOR,30,46,750,yes,snapshot
1753793661003,KXMLBGAME-25JUL29TORBALG2-TOR,30,47,750,yes,snapshot
1753793661003,KXMLBGAME-25JUL29TORBALG2-TOR,30,48,750,yes,snapshot
1753793661003,KXMLBGAME-25JUL29TORBALG2-TOR,30,49,5750,yes,snapshot
1753793661003,KXMLBGAME-25JUL29TORBALG2-TOR,30,50,5750,yes,snapshot
1753793661003,KXMLBGAME-25JUL29TORBALG2-TOR,30,51,219,yes,snapshot
1753793661003,KXMLBGAME-25JUL29TORBALG2-TOR,30,52,250,yes,snapshot
1753793661003,KXMLBGAME-25JUL29TORBALG2-TOR,30,1,1000,no,snapshot
1753793661003,KXMLBGAME-25JUL29TORBALG2-TOR,30,2,2300,no,snapshot
1753793661003,KXMLBGAME-25JUL29TORBALG2-TOR,30,4,200,no,snapshot
1753793661003,KXMLBGAME-25JUL29TORBALG2-TOR,30,16,100,no,snapshot
1753793661003,KXMLBGAME-25JUL29TORBALG2-TOR,30,20,100,no,snapshot
1753793661003,KXMLBGAME-25JUL29TORBALG2-TOR,30,25,100,no,snapshot
1753793661003,KXMLBGAME-25JUL29TORBALG2-TOR,30,27,100,no,snapshot
1753793661003,KXMLBGAME-25JUL29TORBALG2-TOR,30,43,3000,no,snapshot
1753793661003,KXMLBGAME-25JUL29TORBALG2-TOR,30,44,3000,no,snapshot
1753793661003,KXMLBGAME-25JUL29TORBALG2-TOR,30,45,8000,no,snapshot
1753793661003,KXMLBGAME-25JUL29TORBALG2-TOR,30,46,8000,no,snapshot
1753793661003,KXMLBGAME-25JUL29TORBALG2-TOR,30,47,6301,no,snapshot
1753793661003,KXMLBGAME-25JUL29WSHHOU-HOU,31,1,1000,yes,snapshot
1753793661003,KXMLBGAME-25JUL29WSHHOU-HOU,31,2,300,yes,snapshot
1753793661003,KXMLBGAME-25JUL29WSHHOU-HOU,31,4,200,yes,snapshot
1753793661003,KXMLBGAME-25JUL29WSHHOU-HOU,31,5,100,yes,snapshot
1753793661003,KXMLBGAME-25JUL29WSHHOU-HOU,31,7,100,yes,snapshot
1753793661003,KXMLBGAME-25JUL29WSHHOU-HOU,31,14,100,yes,snapshot
1753793661003,KXMLBGAME-25JUL29WSHHOU-HOU,31,17,100,yes,snapshot
1753793661003,KXMLBGAME-25JUL29WSHHOU-HOU,31,51,819,yes,snapshot
1753793661003,KXMLBGAME-25JUL29WSHHOU-HOU,31,52,819,yes,snapshot
1753793661003,KXMLBGAME-25JUL29WSHHOU-HOU,31,53,7080,yes,snapshot
1753793661003,KXMLBGAME-25JUL29WSHHOU-HOU,31,54,7599,yes,snapshot
1753793661003,KXMLBGAME-25JUL29WSHHOU-HOU,31,55,1774,yes,snapshot
1753793661003,KXMLBGAME-25JUL29WSHHOU-HOU,31,1,1000,no,snapshot
1753793661003,KXMLBGAME-25JUL29WSHHOU-HOU,31,2,2300,no,snapshot
1753793661003,KXMLBGAME-25JUL29WSHHOU-HOU,31,4,200,no,snapshot
1753793661003,KXMLBGAME-25JUL29WSHHOU-HOU,31,16,100,no,snapshot
1753793661003,KXMLBGAME-25JUL29WSHHOU-HOU,31,20,100,no,snapshot
1753793661003,KXMLBGAME-25JUL29WSHHOU-HOU,31,25,100,no,snapshot
1753793661003,KXMLBGAME-25JUL29WSHHOU-HOU,31,27,100,no,snapshot
1753793661003,KXMLBGAME-25JUL29WSHHOU-HOU,31,39,3000,no,snapshot
1753793661003,KXMLBGAME-25JUL29WSHHOU-HOU,31,40,3625,no,snapshot
1753793661003,KXMLBGAME-25JUL29WSHHOU-HOU,31,41,8785,no,snapshot
1753793661003,KXMLBGAME-25JUL29WSHHOU-HOU,31,42,9831,no,snapshot
1753793661003,KXMLBGAME-25JUL29WSHHOU-HOU,31,43,5406,no,snapshot
1753793661003,KXMLBGAME-25JUL29WSHHOU-WSH,32,1,1000,yes,snapshot
1753793661003,KXMLBGAME-25JUL29WSHHOU-WSH,32,2,300,yes,snapshot
1753793661003,KXMLBGAME-25JUL29WSHHOU-WSH,32,4,200,yes,snapshot
1753793661003,KXMLBGAME-25JUL29WSHHOU-WSH,32,5,100,yes,snapshot
1753793661003,KXMLBGAME-25JUL29WSHHOU-WSH,32,7,100,yes,snapshot
1753793661003,KXMLBGAME-25JUL29WSHHOU-WSH,32,14,100,yes,snapshot
1753793661003,KXMLBGAME-25JUL29WSHHOU-WSH,32,17,100,yes,snapshot
1753793661003,KXMLBGAME-25JUL29WSHHOU-WSH,32,39,681,yes,snapshot
1753793661003,KXMLBGAME-25JUL29WSHHOU-WSH,32,40,1306,yes,snapshot
1753793661003,KXMLBGAME-25JUL29WSHHOU-WSH,32,41,5681,yes,snapshot
1753793661003,KXMLBGAME-25JUL29WSHHOU-WSH,32,42,5979,yes,snapshot
1753793661003,KXMLBGAME-25JUL29WSHHOU-WSH,32,43,4298,yes,snapshot
1753793661003,KXMLBGAME-25JUL29WSHHOU-WSH,32,1,1000,no,snapshot
1753793661003,KXMLBGAME-25JUL29WSHHOU-WSH,32,2,2300,no,snapshot
1753793661003,KXMLBGAME-25JUL29WSHHOU-WSH,32,4,200,no,snapshot
1753793661003,KXMLBGAME-25JUL29WSHHOU-WSH,32,16,100,no,snapshot
1753793661003,KXMLBGAME-25JUL29WSHHOU-WSH,32,20,100,no,snapshot
1753793661003,KXMLBGAME-25JUL29WSHHOU-WSH,32,25,100,no,snapshot
1753793661003,KXMLBGAME-25JUL29WSHHOU-WSH,32,27,100,no,snapshot
1753793661003,KXMLBGAME-25JUL29WSHHOU-WSH,32,51,3000,no,snapshot
1753793661003,KXMLBGAME-25JUL29WSHHOU-WSH,32,52,3000,no,snapshot
1753793661003,KXMLBGAME-25JUL29WSHHOU-WSH,32,53,8236,no,snapshot
1753793661003,KXMLBGAME-25JUL29WSHHOU-WSH,32,54,8231,no,snapshot
1753793661003,KXMLBGAME-25JUL29WSHHOU-WSH,32,55,3093,no,snapshot
1753793661003,KXMLBGAME-25JUL29PHICWS-CWS,33,63,10,no,delta
1753793661047,KXMLBGAME-25JUL29PHICWS-CWS,34,36,-5,yes,delta
1753793661107,KXMLBGAME-25JUL29PHICWS-CWS,35,35,-5,yes,delta
1753793661166,KXMLBGAME-25JUL29PHICWS-CWS,36,34,-5,yes,delta
1753793661226,KXMLBGAME-25JUL29PHICWS-CWS,37,33,-5,yes,delta
1753793661283,KXMLBGAME-25JUL29PHICWS-CWS,38,32,-5,yes,delta
1753793661351,KXMLBGAME-25JUL29PHICWS-PHI,39,63,-483,yes,delta
1753793661351,KXMLBGAME-25JUL29PHICWS-PHI,40,63,-5,yes,delta
1753793661414,KXMLBGAME-25JUL29PHICWS-PHI,41,58,488,yes,delta
1753793661476,KXMLBGAME-25JUL29PHICWS-CWS,42,63,-967,no,delta
1753793661476,KXMLBGAME-25JUL29PHICWS-CWS,43,63,-10,no,delta
1753793662395,KXMLBGAME-25JUL29TORBALG1-TOR,44,53,-99,no,delta
1753793662395,KXMLBGAME-25JUL29TORBALG1-TOR,45,43,49,yes,delta
1753793662434,KXMLBGAME-25JUL29TORBALG1-TOR,46,42,49,yes,delta
1753793662497,KXMLBGAME-25JUL29TORBALG1-TOR,47,41,49,yes,delta
1753793662513,KXMLBGAME-25JUL29TORBALG1-TOR,48,2,-2000,no,delta
1753793662543,KXMLBGAME-25JUL29TORBALG1-TOR,49,2,2000,no,delta
1753793662560,KXMLBGAME-25JUL29TORBALG1-TOR,50,40,49,yes,delta
1753793662608,KXMLBGAME-25JUL29COLCLE-CLE,51,34,-10000,no,delta
1753793662621,KXMLBGAME-25JUL29TORBALG1-TOR,52,39,49,yes,delta
1753793662679,KXMLBGAME-25JUL29TORBALG1-BAL,53,43,99,no,delta
1753793662741,KXMLBGAME-25JUL29TORBALG1-BAL,54,53,-50,yes,delta
1753793662768,KXMLBGAME-25JUL29PHICWS-CWS,55,62,-1712,no,delta
1753793662794,KXMLBGAME-25JUL29TORBALG1-BAL,56,52,-50,yes,delta
1753793662823,KXMLBGAME-25JUL29PHICWS-CWS,57,62,-311,no,delta
1753793662861,KXMLBGAME-25JUL29TORBALG1-BAL,58,51,-50,yes,delta
1753793662886,KXMLBGAME-25JUL29PHICWS-CWS,59,58,3000,no,delta
1753793662921,KXMLBGAME-25JUL29TORBALG1-BAL,60,50,-50,yes,delta
1753793662983,KXMLBGAME-25JUL29TORBALG1-BAL,61,49,-50,yes,delta
1753793665671,KXMLBGAME-25JUL29ARIDET-ARI,62,56,-21,no,delta
1753793665895,KXMLBGAME-25JUL29ARIDET-ARI,63,2,-2000,no,delta
1753793665916,KXMLBGAME-25JUL29ARIDET-ARI,64,2,2000,no,delta
1753793667412,KXMLBGAME-25JUL29ARIDET-DET,65,56,-268,yes,delta
1753793667412,KXMLBGAME-25JUL29ARIDET-DET,66,56,-58,yes,delta
1753793667439,KXMLBGAME-25JUL29ARIDET-ARI,67,42,21,yes,delta
1753793667444,KXMLBGAME-25JUL29ARIDET-DET,68,56,305,yes,delta
1753793667444,KXMLBGAME-25JUL29ARIDET-DET,69,42,21,no,delta
1753793668231,KXMLBGAME-25JUL29COLCLE-CLE,70,34,10000,no,delta
1753793673658,KXMLBGAME-25JUL29CHCMIL-CHC,71,48,-1,yes,delta
1753793673658,KXMLBGAME-25JUL29CHCMIL-CHC,72,48,-83,yes,delta
1753793673658,KXMLBGAME-25JUL29CHCMIL-CHC,73,48,83,yes,delta
1753793673658,KXMLBGAME-25JUL29CHCMIL-CHC,74,50,1,no,delta
1753793676935,KXMLBGAME-25JUL29TORBALG1-TOR,75,53,-20,no,delta
1753793676941,KXMLBGAME-25JUL29TORBALG1-TOR,76,43,10,yes,delta
1753793677001,KXMLBGAME-25JUL29TORBALG1-TOR,77,42,10,yes,delta
1753793677023,KXMLBGAME-25JUL29TORBALG1-TOR,78,2,-2000,no,delta
1753793677056,KXMLBGAME-25JUL29TORBALG1-TOR,79,2,2000,no,delta
1753793677056,KXMLBGAME-25JUL29TORBALG1-TOR,80,41,10,yes,delta
1753793677116,KXMLBGAME-25JUL29TORBALG1-TOR,81,40,10,yes,delta
1753793677177,KXMLBGAME-25JUL29TORBALG1-TOR,82,39,10,yes,delta
1753793677240,KXMLBGAME-25JUL29TORBALG1-BAL,83,43,20,no,delta
1753793677301,KXMLBGAME-25JUL29TORBALG1-BAL,84,53,-10,yes,delta
1753793677362,KXMLBGAME-25JUL29TORBALG1-BAL,85,52,-10,yes,delta
1753793677424,KXMLBGAME-25JUL29TORBALG1-BAL,86,51,-10,yes,delta
1753793677481,KXMLBGAME-25JUL29TORBALG1-BAL,87,50,-10,yes,delta
1753793677542,KXMLBGAME-25JUL29TORBALG1-BAL,88,49,-10,yes,delta
1753793678062,KXMLBGAME-25JUL29TORBALG1-TOR,89,10,99,no,delta
1753793681016,KXMLBGAME-25JUL29ARIDET-ARI,90,56,-6,no,delta
1753793681042,KXMLBGAME-25JUL29TORBALG1-TOR,91,53,-20,no,delta
1753793681111,KXMLBGAME-25JUL29TORBALG1-TOR,92,43,10,yes,delta
1753793681168,KXMLBGAME-25JUL29TORBALG1-TOR,93,42,10,yes,delta
1753793681215,KXMLBGAME-25JUL29ARIDET-ARI,94,2,-2000,no,delta
1753793681234,KXMLBGAME-25JUL29TORBALG1-TOR,95,41,10,yes,delta
1753793681243,KXMLBGAME-25JUL29ARIDET-ARI,96,2,2000,no,delta
1753793681294,KXMLBGAME-25JUL29TORBALG1-TOR,97,40,10,yes,delta
1753793681354,KXMLBGAME-25JUL29TORBALG1-TOR,98,39,10,yes,delta
1753793681414,KXMLBGAME-25JUL29TORBALG1-BAL,99,43,20,no,delta
1753793681470,KXMLBGAME-25JUL29TORBALG1-BAL,100,53,-10,yes,delta
1753793681527,KXMLBGAME-25JUL29TORBALG1-BAL,101,52,-10,yes,delta
1753793681587,KXMLBGAME-25JUL29TORBALG1-BAL,102,51,-10,yes,delta
1753793681646,KXMLBGAME-25JUL29TORBALG1-BAL,103,50,-10,yes,delta
1753793681707,KXMLBGAME-25JUL29TORBALG1-BAL,104,49,-10,yes,delta
1753793684718,KXMLBGAME-25JUL29TORBALG1-BAL,105,54,-141,yes,delta
1753793684718,KXMLBGAME-25JUL29TORBALG1-BAL,106,52,-5000,yes,delta
1753793684718,KXMLBGAME-25JUL29TORBALG1-BAL,107,52,-5000,yes,delta
1753793684718,KXMLBGAME-25JUL29TORBALG1-BAL,108,45,-5000,no,delta
1753793684718,KXMLBGAME-25JUL29TORBALG1-BAL,109,42,-5000,no,delta
1753793684718,KXMLBGAME-25JUL29TORBALG1-TOR,110,45,-5000,yes,delta
1753793684718,KXMLBGAME-25JUL29TORBALG1-TOR,111,42,-5000,yes,delta
1753793684718,KXMLBGAME-25JUL29TORBALG1-TOR,112,52,-5000,no,delta
1753793684718,KXMLBGAME-25JUL29TORBALG1-TOR,113,52,-5000,no,delta
1753793684759,KXMLBGAME-25JUL29TORBALG1-BAL,114,52,5000,yes,delta
1753793684759,KXMLBGAME-25JUL29TORBALG1-BAL,115,51,5000,yes,delta
1753793684764,KXMLBGAME-25JUL29TORBALG1-BAL,116,53,2443,yes,delta
1753793684764,KXMLBGAME-25JUL29TORBALG1-BAL,117,44,351,no,delta
1753793684770,KXMLBGAME-25JUL29TORBALG1-BAL,118,45,2556,no,delta
1753793684770,KXMLBGAME-25JUL29TORBALG1-TOR,119,44,851,yes,delta
1753793684770,KXMLBGAME-25JUL29TORBALG1-TOR,120,45,2556,yes,delta
1753793684778,KXMLBGAME-25JUL29TORBALG1-TOR,121,53,2443,no,delta
1753793684778,KXMLBGAME-25JUL29TORBALG1-TOR,122,51,5000,no,delta
1753793684778,KXMLBGAME-25JUL29TORBALG1-TOR,123,52,5000,no,delta
1753793684838,KXMLBGAME-25JUL29TORBALG1-TOR,124,53,-1361,no,delta
1753793684896,KXMLBGAME-25JUL29TORBALG1-TOR,125,52,-1639,no,delta
1753793684955,KXMLBGAME-25JUL29TORBALG1-TOR,126,48,3000,no,delta
1753793685017,KXMLBGAME-25JUL29TORBALG1-BAL,127,53,-680,yes,delta
1753793685074,KXMLBGAME-25JUL29TORBALG1-BAL,128,48,680,yes,delta
1753793685139,KXMLBGAME-25JUL29TORBALG1-TOR,129,48,-3000,no,delta
1753793685198,KXMLBGAME-25JUL29TORBALG1-TOR,130,53,1361,no,delta
1753793685263,KXMLBGAME-25JUL29TORBALG1-TOR,131,52,1639,no,delta
1753793685330,KXMLBGAME-25JUL29TORBALG1-BAL,132,48,-680,yes,delta
1753793685389,KXMLBGAME-25JUL29TORBALG1-BAL,133,53,680,yes,delta
1753793685452,KXMLBGAME-25JUL29TORBALG1-TOR,134,53,-1361,no,delta
1753793688097,KXMLBGAME-25JUL29TORBALG1-TOR,135,52,-1639,no,delta
1753793688106,KXMLBGAME-25JUL29TORBALG1-TOR,136,48,3000,no,delta
1753793688168,KXMLBGAME-25JUL29TORBALG1-BAL,137,53,-680,yes,delta
1753793688231,KXMLBGAME-25JUL29TORBALG1-BAL,138,48,680,yes,delta
1753793688291,KXMLBGAME-25JUL29TORBALG1-TOR,139,48,-3000,no,delta
1753793688353,KXMLBGAME-25JUL29TORBALG1-TOR,140,53,1361,no,delta
1753793688413,KXMLBGAME-25JUL29TORBALG1-TOR,141,52,1639,no,delta
1753793688474,KXMLBGAME-25JUL29TORBALG1-BAL,142,48,-680,yes,delta
1753793688537,KXMLBGAME-25JUL29TORBALG1-BAL,143,53,680,yes,delta
1753793688596,KXMLBGAME-25JUL29TORBALG1-TOR,144,53,-1361,no,delta
1753793688656,KXMLBGAME-25JUL29TORBALG1-TOR,145,52,-1639,no,delta
1753793688718,KXMLBGAME-25JUL29TORBALG1-TOR,146,48,3000,no,delta
1753793688777,KXMLBGAME-25JUL29TORBALG1-BAL,147,53,-680,yes,delta
1753793688837,KXMLBGAME-25JUL29TORBALG1-BAL,148,48,680,yes,delta
1753793688901,KXMLBGAME-25JUL29TORBALG1-TOR,149,48,-3000,no,delta
1753793688962,KXMLBGAME-25JUL29TORBALG1-TOR,150,53,1361,no,delta
1753793689017,KXMLBGAME-25JUL29TORBALG1-TOR,151,52,1639,no,delta
1753793689079,KXMLBGAME-25JUL29TORBALG1-BAL,152,48,-680,yes,delta
1753793689108,KXMLBGAME-25JUL29COLCLE-CLE,153,64,-1760,yes,delta
1753793689108,KXMLBGAME-25JUL29COLCLE-COL,154,34,-3239,yes,delta
1753793689133,KXMLBGAME-25JUL29TORBALG1-BAL,155,53,680,yes,delta
1753793689133,KXMLBGAME-25JUL29COLCLE-CLE,156,64,1435,yes,delta
1753793689139,KXMLBGAME-25JUL29COLCLE-CLE,157,34,325,no,delta
1753793689139,KXMLBGAME-25JUL29COLCLE-COL,158,34,3064,yes,delta
1753793689143,KXMLBGAME-25JUL29COLCLE-COL,159,64,175,no,delta
1753793689181,KXMLBGAME-25JUL29COLCLE-COL,160,64,-921,no,delta
1753793689200,KXMLBGAME-25JUL29TORBALG1-TOR,161,53,-1361,no,delta
1753793689239,KXMLBGAME-25JUL29COLCLE-COL,162,63,-2079,no,delta
1753793689278,KXMLBGAME-25JUL29TORBALG1-TOR,163,52,-1639,no,delta
1753793689298,KXMLBGAME-25JUL29COLCLE-COL,164,59,3000,no,delta
1753793689321,KXMLBGAME-25JUL29TORBALG1-TOR,165,48,3000,no,delta
1753793689377,KXMLBGAME-25JUL29COLCLE-CLE,166,64,-460,yes,delta
1753793689382,KXMLBGAME-25JUL29TORBALG1-BAL,167,53,-680,yes,delta
1753793689423,KXMLBGAME-25JUL29COLCLE-CLE,168,59,460,yes,delta
1753793689433,KXMLBGAME-25JUL29TORBALG1-BAL,169,48,680,yes,delta
1753793689477,KXMLBGAME-25JUL29COLCLE-COL,170,59,-3000,no,delta
1753793689495,KXMLBGAME-25JUL29TORBALG1-TOR,171,48,-3000,no,delta
1753793689536,KXMLBGAME-25JUL29COLCLE-COL,172,64,921,no,delta
1753793689552,KXMLBGAME-25JUL29TORBALG1-TOR,173,53,1361,no,delta
1753793689594,KXMLBGAME-25JUL29COLCLE-COL,174,63,2079,no,delta
1753793689614,KXMLBGAME-25JUL29TORBALG1-TOR,175,52,1639,no,delta
1753793689654,KXMLBGAME-25JUL29COLCLE-CLE,176,59,-460,yes,delta
1753793689676,KXMLBGAME-25JUL29TORBALG1-BAL,177,48,-680,yes,delta
1753793689714,KXMLBGAME-25JUL29COLCLE-CLE,178,64,460,yes,delta
1753793689737,KXMLBGAME-25JUL29TORBALG1-BAL,179,53,680,yes,delta
1753793689775,KXMLBGAME-25JUL29COLCLE-COL,180,64,-921,no,delta
1753793689801,KXMLBGAME-25JUL29TORBALG1-TOR,181,53,-1361,no,delta
1753793689858,KXMLBGAME-25JUL29TORBALG1-TOR,182,52,-1639,no,delta
1753793689918,KXMLBGAME-25JUL29TORBALG1-TOR,183,48,3000,no,delta
1753793689980,KXMLBGAME-25JUL29TORBALG1-BAL,184,53,-680,yes,delta
1753793690048,KXMLBGAME-25JUL29TORBALG1-BAL,185,48,680,yes,delta
1753793690103,KXMLBGAME-25JUL29TORBALG1-TOR,186,48,-3000,no,delta
1753793690164,KXMLBGAME-25JUL29TORBALG1-TOR,187,53,1361,no,delta
1753793690237,KXMLBGAME-25JUL29TORBALG1-TOR,188,52,1639,no,delta
1753793690295,KXMLBGAME-25JUL29TORBALG1-BAL,189,48,-680,yes,delta
1753793690351,KXMLBGAME-25JUL29TORBALG1-BAL,190,53,680,yes,delta
1753793690412,KXMLBGAME-25JUL29TORBALG1-TOR,191,53,-1361,no,delta
1753793690471,KXMLBGAME-25JUL29TORBALG1-TOR,192,52,-1639,no,delta
1753793690535,KXMLBGAME-25JUL29TORBALG1-TOR,193,48,3000,no,delta
1753793690601,KXMLBGAME-25JUL29TORBALG1-BAL,194,53,-680,yes,delta
1753793690655,KXMLBGAME-25JUL29TORBALG1-BAL,195,48,680,yes,delta
1753793690723,KXMLBGAME-25JUL29TORBALG1-TOR,196,48,-3000,no,delta
1753793690780,KXMLBGAME-25JUL29TORBALG1-TOR,197,53,1361,no,delta
1753793690847,KXMLBGAME-25JUL29TORBALG1-TOR,198,52,1639,no,delta
1753793690912,KXMLBGAME-25JUL29TORBALG1-BAL,199,48,-680,yes,delta
1753793690986,KXMLBGAME-25JUL29TORBALG1-BAL,200,53,680,yes,delta
1753793691047,KXMLBGAME-25JUL29TORBALG1-TOR,201,53,-1361,no,delta
1753793691108,KXMLBGAME-25JUL29TORBALG1-TOR,202,52,-1639,no,delta
1753793691160,KXMLBGAME-25JUL29TORBALG1-TOR,203,48,3000,no,delta
1753793691224,KXMLBGAME-25JUL29TORBALG1-BAL,204,53,-680,yes,delta
1753793691287,KXMLBGAME-25JUL29TORBALG1-BAL,205,48,680,yes,delta
1753793691298,KXMLBGAME-25JUL29COLCLE-COL,206,63,-2079,no,delta
1753793691348,KXMLBGAME-25JUL29TORBALG1-TOR,207,48,-3000,no,delta
1753793691354,KXMLBGAME-25JUL29COLCLE-COL,208,59,3000,no,delta
1753793691411,KXMLBGAME-25JUL29TORBALG1-TOR,209,53,1361,no,delta
1753793691419,KXMLBGAME-25JUL29COLCLE-CLE,210,64,-460,yes,delta
1753793691478,KXMLBGAME-25JUL29TORBALG1-TOR,211,52,1639,no,delta
1753793691483,KXMLBGAME-25JUL29COLCLE-CLE,212,59,460,yes,delta
1753793691534,KXMLBGAME-25JUL29TORBALG1-BAL,213,48,-680,yes,delta
1753793691539,KXMLBGAME-25JUL29COLCLE-COL,214,59,-3000,no,delta
1753793691595,KXMLBGAME-25JUL29TORBALG1-BAL,215,53,680,yes,delta
1753793691595,KXMLBGAME-25JUL29COLCLE-COL,216,64,921,no,delta
1753793691656,KXMLBGAME-25JUL29COLCLE-COL,217,63,2079,no,delta
1753793691656,KXMLBGAME-25JUL29TORBALG1-TOR,218,53,-1361,no,delta
1753793691714,KXMLBGAME-25JUL29TORBALG1-TOR,219,52,-1639,no,delta
1753793691722,KXMLBGAME-25JUL29COLCLE-CLE,220,59,-460,yes,delta
1753793691773,KXMLBGAME-25JUL29TORBALG1-TOR,221,48,3000,no,delta
1753793691777,KXMLBGAME-25JUL29COLCLE-CLE,222,64,460,yes,delta
1753793691830,KXMLBGAME-25JUL29TORBALG1-BAL,223,53,-680,yes,delta
1753793691830,KXMLBGAME-25JUL29COLCLE-COL,224,64,-921,no,delta
1753793691878,KXMLBGAME-25JUL29PITSF-PIT,225,60,-1,no,delta
1753793691887,KXMLBGAME-25JUL29TORBALG1-BAL,226,48,680,yes,delta
1753793691887,KXMLBGAME-25JUL29COLCLE-COL,227,63,-2079,no,delta
1753793691946,KXMLBGAME-25JUL29TORBALG1-TOR,228,48,-3000,no,delta
1753793691956,KXMLBGAME-25JUL29PITSF-SF,229,38,1,no,delta
1753793691956,KXMLBGAME-25JUL29COLCLE-COL,230,59,3000,no,delta
1753793692005,KXMLBGAME-25JUL29TORBALG1-TOR,231,53,1361,no,delta
1753793692017,KXMLBGAME-25JUL29COLCLE-CLE,232,64,-460,yes,delta
1753793692017,KXMLBGAME-25JUL29PITSF-SF,233,60,-1,yes,delta
1753793692058,KXMLBGAME-25JUL29TORBALG1-TOR,234,52,1639,no,delta
1753793692073,KXMLBGAME-25JUL29PITSF-SF,235,59,-1,yes,delta
1753793692073,KXMLBGAME-25JUL29COLCLE-CLE,236,59,460,yes,delta
1753793692080,KXMLBGAME-25JUL29PITSF-PIT,237,4,-1000,no,delta
1753793692117,KXMLBGAME-25JUL29PITSF-PIT,238,4,1000,no,delta
1753793692130,KXMLBGAME-25JUL29PITSF-SF,239,58,-1,yes,delta
1753793692137,KXMLBGAME-25JUL29COLCLE-COL,240,59,-3000,no,delta
1753793692137,KXMLBGAME-25JUL29TORBALG1-BAL,241,48,-680,yes,delta
1753793692199,KXMLBGAME-25JUL29TORBALG1-BAL,242,53,680,yes,delta
1753793692207,KXMLBGAME-25JUL29COLCLE-COL,243,64,921,no,delta
1753793692207,KXMLBGAME-25JUL29PITSF-SF,244,57,-1,yes,delta
1753793692260,KXMLBGAME-25JUL29TORBALG1-TOR,245,53,-1361,no,delta
1753793692264,KXMLBGAME-25JUL29PITSF-SF,246,56,-1,yes,delta
1753793692264,KXMLBGAME-25JUL29COLCLE-COL,247,63,2079,no,delta
1753793692315,KXMLBGAME-25JUL29TORBALG1-TOR,248,52,-1639,no,delta
1753793692324,KXMLBGAME-25JUL29COLCLE-CLE,249,59,-460,yes,delta
1753793692373,KXMLBGAME-25JUL29TORBALG1-TOR,250,48,3000,no,delta
1753793692386,KXMLBGAME-25JUL29COLCLE-CLE,251,64,460,yes,delta
1753793692436,KXMLBGAME-25JUL29TORBALG1-BAL,252,53,-680,yes,delta
1753793692442,KXMLBGAME-25JUL29COLCLE-COL,253,64,-921,no,delta
1753793692493,KXMLBGAME-25JUL29TORBALG1-BAL,254,48,680,yes,delta
1753793692507,KXMLBGAME-25JUL29COLCLE-COL,255,63,-2079,no,delta
1753793692557,KXMLBGAME-25JUL29TORBALG1-TOR,256,48,-3000,no,delta
1753793692568,KXMLBGAME-25JUL29COLCLE-COL,257,59,3000,no,delta
1753793692612,KXMLBGAME-25JUL29TORBALG1-TOR,258,53,1361,no,delta
1753793692626,KXMLBGAME-25JUL29COLCLE-CLE,259,64,-460,yes,delta
1753793692675,KXMLBGAME-25JUL29TORBALG1-TOR,260,52,1639,no,delta
1753793692685,KXMLBGAME-25JUL29COLCLE-CLE,261,59,460,yes,delta
1753793692737,KXMLBGAME-25JUL29TORBALG1-BAL,262,48,-680,yes,delta
1753793692745,KXMLBGAME-25JUL29COLCLE-COL,263,59,-3000,no,delta
1753793692794,KXMLBGAME-25JUL29TORBALG1-BAL,264,53,680,yes,delta
1753793692803,KXMLBGAME-25JUL29COLCLE-COL,265,64,921,no,delta
1753793692861,KXMLBGAME-25JUL29TORBALG1-TOR,266,53,-1361,no,delta
1753793692868,KXMLBGAME-25JUL29COLCLE-COL,267,63,2079,no,delta
1753793692918,KXMLBGAME-25JUL29TORBALG1-TOR,268,52,-1639,no,delta
1753793692928,KXMLBGAME-25JUL29COLCLE-CLE,269,59,-460,yes,delta
1753793692987,KXMLBGAME-25JUL29COLCLE-CLE,270,64,460,yes,delta
1753793692988,KXMLBGAME-25JUL29TORBALG1-TOR,271,48,3000,no,delta
1753793693047,KXMLBGAME-25JUL29TORBALG1-BAL,272,53,-680,yes,delta
1753793693047,KXMLBGAME-25JUL29COLCLE-COL,273,64,-921,no,delta
1753793693104,KXMLBGAME-25JUL29COLCLE-COL,274,63,-2079,no,delta
1753793693104,KXMLBGAME-25JUL29TORBALG1-BAL,275,48,680,yes,delta
1753793693161,KXMLBGAME-25JUL29COLCLE-COL,276,59,3000,no,delta
1753793693166,KXMLBGAME-25JUL29TORBALG1-TOR,277,48,-3000,no,delta
1753793693220,KXMLBGAME-25JUL29COLCLE-CLE,278,64,-460,yes,delta
1753793693220,KXMLBGAME-25JUL29TORBALG1-TOR,279,53,1361,no,delta
1753793693283,KXMLBGAME-25JUL29COLCLE-CLE,280,59,460,yes,delta
1753793693283,KXMLBGAME-25JUL29TORBALG1-TOR,281,52,1639,no,delta
1753793693342,KXMLBGAME-25JUL29COLCLE-COL,282,59,-3000,no,delta
1753793693342,KXMLBGAME-25JUL29TORBALG1-BAL,283,48,-680,yes,delta
1753793693398,KXMLBGAME-25JUL29COLCLE-COL,284,64,921,no,delta
1753793693403,KXMLBGAME-25JUL29TORBALG1-BAL,285,53,680,yes,delta
1753793693464,KXMLBGAME-25JUL29TORBALG1-TOR,286,53,-1361,no,delta
1753793693464,KXMLBGAME-25JUL29COLCLE-COL,287,63,2079,no,delta
1753793693520,KXMLBGAME-25JUL29COLCLE-CLE,288,59,-460,yes,delta
1753793693521,KXMLBGAME-25JUL29TORBALG1-TOR,289,52,-1639,no,delta
1753793693582,KXMLBGAME-25JUL29TORBALG1-TOR,290,48,3000,no,delta
1753793693582,KXMLBGAME-25JUL29COLCLE-CLE,291,64,460,yes,delta
1753793693642,KXMLBGAME-25JUL29TORBALG1-BAL,292,53,-680,yes,delta
1753793693646,KXMLBGAME-25JUL29COLCLE-COL,293,64,-921,no,delta
1753793693705,KXMLBGAME-25JUL29TORBALG1-BAL,294,48,680,yes,delta
1753793693705,KXMLBGAME-25JUL29COLCLE-COL,295,63,-2079,no,delta
1753793693761,KXMLBGAME-25JUL29COLCLE-COL,296,59,3000,no,delta
1753793693761,KXMLBGAME-25JUL29TORBALG1-TOR,297,48,-3000,no,delta
1753793693823,KXMLBGAME-25JUL29COLCLE-CLE,298,64,-460,yes,delta
1753793693824,KXMLBGAME-25JUL29TORBALG1-TOR,299,53,1361,no,delta
1753793693883,KXMLBGAME-25JUL29COLCLE-CLE,300,59,460,yes,delta
1753793693883,KXMLBGAME-25JUL29TORBALG1-TOR,301,52,1639,no,delta
1753793693944,KXMLBGAME-25JUL29COLCLE-COL,302,59,-3000,no,delta
1753793693944,KXMLBGAME-25JUL29TORBALG1-BAL,303,48,-680,yes,delta
1753793693998,KXMLBGAME-25JUL29COLCLE-COL,304,64,921,no,delta
1753793694004,KXMLBGAME-25JUL29TORBALG1-BAL,305,53,680,yes,delta
1753793694061,KXMLBGAME-25JUL29COLCLE-COL,306,63,2079,no,delta
1753793694061,KXMLBGAME-25JUL29TORBALG1-TOR,307,53,-1361,no,delta
1753793694120,KXMLBGAME-25JUL29TORBALG1-TOR,308,52,-1639,no,delta
1753793694120,KXMLBGAME-25JUL29COLCLE-CLE,309,59,-460,yes,delta
1753793694175,KXMLBGAME-25JUL29TORBALG1-TOR,310,48,3000,no,delta
1753793694181,KXMLBGAME-25JUL29COLCLE-CLE,311,64,460,yes,delta
1753793694238,KXMLBGAME-25JUL29TORBALG1-BAL,312,53,-680,yes,delta
1753793694238,KXMLBGAME-25JUL29COLCLE-COL,313,64,-921,no,delta
1753793694298,KXMLBGAME-25JUL29TORBALG1-BAL,314,48,680,yes,delta
1753793694298,KXMLBGAME-25JUL29COLCLE-COL,315,63,-2079,no,delta
1753793694359,KXMLBGAME-25JUL29COLCLE-COL,316,59,3000,no,delta
1753793694359,KXMLBGAME-25JUL29TORBALG1-TOR,317,48,-3000,no,delta
1753793694417,KXMLBGAME-25JUL29TORBALG1-TOR,318,53,1361,no,delta
1753793694417,KXMLBGAME-25JUL29COLCLE-CLE,319,64,-460,yes,delta
1753793694479,KXMLBGAME-25JUL29TORBALG1-TOR,320,52,1639,no,delta
1753793694479,KXMLBGAME-25JUL29COLCLE-CLE,321,59,460,yes,delta
1753793694538,KXMLBGAME-25JUL29TORBALG1-BAL,322,48,-680,yes,delta
1753793694538,KXMLBGAME-25JUL29COLCLE-COL,323,59,-3000,no,delta
1753793694604,KXMLBGAME-25JUL29COLCLE-COL,324,64,921,no,delta
1753793694604,KXMLBGAME-25JUL29TORBALG1-BAL,325,53,680,yes,delta
1753793694658,KXMLBGAME-25JUL29COLCLE-COL,326,63,2079,no,delta
1753793694662,KXMLBGAME-25JUL29TORBALG1-TOR,327,53,-1361,no,delta
1753793694724,KXMLBGAME-25JUL29COLCLE-CLE,328,59,-460,yes,delta
1753793694724,KXMLBGAME-25JUL29TORBALG1-TOR,329,52,-1639,no,delta
1753793694781,KXMLBGAME-25JUL29COLCLE-CLE,330,64,460,yes,delta
1753793694781,KXMLBGAME-25JUL29TORBALG1-TOR,331,48,3000,no,delta
1753793694842,KXMLBGAME-25JUL29TORBALG1-BAL,332,53,-680,yes,delta
1753793694842,KXMLBGAME-25JUL29COLCLE-COL,333,64,-921,no,delta
1753793694901,KXMLBGAME-25JUL29COLCLE-COL,334,63,-2079,no,delta
1753793694901,KXMLBGAME-25JUL29TORBALG1-BAL,335,48,680,yes,delta
1753793694963,KXMLBGAME-25JUL29COLCLE-COL,336,59,3000,no,delta
1753793694963,KXMLBGAME-25JUL29TORBALG1-TOR,337,48,-3000,no,delta
1753793695016,KXMLBGAME-25JUL29TORBALG1-TOR,338,53,1361,no,delta
1753793695022,KXMLBGAME-25JUL29COLCLE-CLE,339,64,-460,yes,delta
1753793695076,KXMLBGAME-25JUL29TORBALG1-TOR,340,52,1639,no,delta
1753793695109,KXMLBGAME-25JUL29COLCLE-CLE,341,59,460,yes,delta
1753793695133,KXMLBGAME-25JUL29TORBALG1-BAL,342,48,-680,yes,delta
1753793695172,KXMLBGAME-25JUL29COLCLE-COL,343,59,-3000,no,delta
1753793695187,KXMLBGAME-25JUL29TORBALG1-BAL,344,53,680,yes,delta
1753793695229,KXMLBGAME-25JUL29COLCLE-COL,345,64,921,no,delta
1753793695243,KXMLBGAME-25JUL29TORBALG1-TOR,346,53,-1361,no,delta
1753793695283,KXMLBGAME-25JUL29COLCLE-COL,347,63,2079,no,delta
1753793695303,KXMLBGAME-25JUL29TORBALG1-TOR,348,52,-1639,no,delta
1753793695345,KXMLBGAME-25JUL29COLCLE-CLE,349,59,-460,yes,delta
1753793695359,KXMLBGAME-25JUL29TORBALG1-TOR,350,48,3000,no,delta
1753793695402,KXMLBGAME-25JUL29COLCLE-CLE,351,64,460,yes,delta
1753793695416,KXMLBGAME-25JUL29TORBALG1-BAL,352,53,-680,yes,delta
1753793695463,KXMLBGAME-25JUL29COLCLE-COL,353,64,-921,no,delta
1753793695471,KXMLBGAME-25JUL29TORBALG1-BAL,354,48,680,yes,delta
1753793695521,KXMLBGAME-25JUL29COLCLE-COL,355,63,-2079,no,delta
1753793695536,KXMLBGAME-25JUL29TORBALG1-TOR,356,48,-3000,no,delta
1753793695566,KXMLBGAME-25JUL29PHICWS-CWS,357,35,-4573,yes,delta
1753793695566,KXMLBGAME-25JUL29PHICWS-CWS,358,35,-1,yes,delta
1753793695570,KXMLBGAME-25JUL29PHICWS-CWS,359,35,-5000,yes,delta
1753793695570,KXMLBGAME-25JUL29PHICWS-CWS,360,63,-425,no,delta
1753793695570,KXMLBGAME-25JUL29PHICWS-CWS,361,62,-5000,no,delta
1753793695577,KXMLBGAME-25JUL29PHICWS-CWS,362,62,-5000,no,delta
1753793695577,KXMLBGAME-25JUL29COLCLE-COL,363,59,3000,no,delta
1753793695577,KXMLBGAME-25JUL29PHICWS-PHI,364,62,-4926,yes,delta
1753793695583,KXMLBGAME-25JUL29PHICWS-PHI,365,60,-5000,yes,delta
1753793695583,KXMLBGAME-25JUL29PHICWS-PHI,366,62,-5000,yes,delta
1753793695589,KXMLBGAME-25JUL29PHICWS-PHI,367,35,-5000,no,delta
1753793695589,KXMLBGAME-25JUL29PHICWS-PHI,368,35,-599,no,delta
1753793695589,KXMLBGAME-25JUL29PHICWS-PHI,369,35,-4401,no,delta
1753793695596,KXMLBGAME-25JUL29TORBALG1-TOR,370,53,1361,no,delta
1753793695642,KXMLBGAME-25JUL29COLCLE-CLE,371,64,-460,yes,delta
1753793695649,KXMLBGAME-25JUL29PHICWS-CWS,372,35,4683,yes,delta
1753793695649,KXMLBGAME-25JUL29PHICWS-CWS,373,62,5000,no,delta
1753793695649,KXMLBGAME-25JUL29PHICWS-CWS,374,63,316,no,delta
1753793695649,KXMLBGAME-25JUL29PHICWS-PHI,375,63,316,yes,delta
1753793695656,KXMLBGAME-25JUL29PHICWS-PHI,376,62,5000,yes,delta
1753793695656,KXMLBGAME-25JUL29TORBALG1-TOR,377,52,1639,no,delta
1753793695656,KXMLBGAME-25JUL29PHICWS-PHI,378,33,5000,no,delta
1753793695664,KXMLBGAME-25JUL29PHICWS-PHI,379,35,4683,no,delta
1753793695703,KXMLBGAME-25JUL29COLCLE-CLE,380,59,460,yes,delta
1753793695721,KXMLBGAME-25JUL29TORBALG1-BAL,381,48,-680,yes,delta
1753793695759,KXMLBGAME-25JUL29COLCLE-COL,382,59,-3000,no,delta
1753793695786,KXMLBGAME-25JUL29TORBALG1-BAL,383,53,680,yes,delta
1753793695824,KXMLBGAME-25JUL29COLCLE-COL,384,64,921,no,delta
1753793695847,KXMLBGAME-25JUL29TORBALG1-TOR,385,53,-1361,no,delta
1753793695883,KXMLBGAME-25JUL29COLCLE-COL,386,63,2079,no,delta
1753793695903,KXMLBGAME-25JUL29TORBALG1-TOR,387,52,-1639,no,delta
1753793695947,KXMLBGAME-25JUL29COLCLE-CLE,388,59,-460,yes,delta
1753793695959,KXMLBGAME-25JUL29TORBALG1-TOR,389,48,3000,no,delta
1753793696008,KXMLBGAME-25JUL29COLCLE-CLE,390,64,460,yes,delta
1753793696019,KXMLBGAME-25JUL29TORBALG1-BAL,391,53,-680,yes,delta
1753793696070,KXMLBGAME-25JUL29COLCLE-COL,392,64,-921,no,delta
1753793696079,KXMLBGAME-25JUL29TORBALG1-BAL,393,48,680,yes,delta
1753793696126,KXMLBGAME-25JUL29COLCLE-COL,394,63,-2079,no,delta
1753793696158,KXMLBGAME-25JUL29TORBALG1-TOR,395,48,-3000,no,delta
1753793696188,KXMLBGAME-25JUL29COLCLE-COL,396,59,3000,no,delta
1753793696192,KXMLBGAME-25JUL29TORBALG1-TOR,397,53,1361,no,delta
1753793696250,KXMLBGAME-25JUL29COLCLE-CLE,398,64,-460,yes,delta
1753793696253,KXMLBGAME-25JUL29TORBALG1-TOR,399,52,1639,no,delta
1753793696306,KXMLBGAME-25JUL29COLCLE-CLE,400,59,460,yes,delta
1753793696316,KXMLBGAME-25JUL29TORBALG1-BAL,401,48,-680,yes,delta
1753793696381,KXMLBGAME-25JUL29COLCLE-COL,402,59,-3000,no,delta
1753793696383,KXMLBGAME-25JUL29TORBALG1-BAL,403,53,680,yes,delta
1753793696424,KXMLBGAME-25JUL29COLCLE-COL,404,64,921,no,delta
1753793696444,KXMLBGAME-25JUL29TORBALG1-TOR,405,53,-1361,no,delta
1753793696480,KXMLBGAME-25JUL29COLCLE-COL,406,63,2079,no,delta
1753793696498,KXMLBGAME-25JUL29TORBALG1-TOR,407,52,-1639,no,delta
1753793696540,KXMLBGAME-25JUL29COLCLE-CLE,408,59,-460,yes,delta
1753793696556,KXMLBGAME-25JUL29TORBALG1-TOR,409,48,3000,no,delta
1753793696597,KXMLBGAME-25JUL29COLCLE-CLE,410,64,460,yes,delta
1753793696617,KXMLBGAME-25JUL29TORBALG1-BAL,411,53,-680,yes,delta
1753793696657,KXMLBGAME-25JUL29COLCLE-COL,412,64,-921,no,delta
1753793696679,KXMLBGAME-25JUL29TORBALG1-BAL,413,48,680,yes,delta
1753793696724,KXMLBGAME-25JUL29COLCLE-COL,414,63,-2079,no,delta
1753793696739,KXMLBGAME-25JUL29TORBALG1-TOR,415,48,-3000,no,delta
1753793696782,KXMLBGAME-25JUL29COLCLE-COL,416,59,3000,no,delta
1753793696807,KXMLBGAME-25JUL29TORBALG1-TOR,417,53,1361,no,delta
1753793696844,KXMLBGAME-25JUL29COLCLE-CLE,418,64,-460,yes,delta
1753793696867,KXMLBGAME-25JUL29TORBALG1-TOR,419,52,1639,no,delta
1753793696901,KXMLBGAME-25JUL29COLCLE-CLE,420,59,460,yes,delta
1753793696926,KXMLBGAME-25JUL29TORBALG1-BAL,421,48,-680,yes,delta
1753793696964,KXMLBGAME-25JUL29COLCLE-COL,422,59,-3000,no,delta
1753793697022,KXMLBGAME-25JUL29COLCLE-COL,423,64,921,no,delta
1753793697082,KXMLBGAME-25JUL29COLCLE-COL,424,63,2079,no,delta
1753793697141,KXMLBGAME-25JUL29COLCLE-CLE,425,59,-460,yes,delta
1753793697207,KXMLBGAME-25JUL29COLCLE-CLE,426,64,460,yes,delta
1753793697270,KXMLBGAME-25JUL29COLCLE-COL,427,64,-921,no,delta
1753793697329,KXMLBGAME-25JUL29COLCLE-COL,428,63,-2079,no,delta
1753793697390,KXMLBGAME-25JUL29COLCLE-COL,429,59,3000,no,delta
1753793697452,KXMLBGAME-25JUL29COLCLE-CLE,430,64,-460,yes,delta
1753793697510,KXMLBGAME-25JUL29COLCLE-CLE,431,59,460,yes,delta
1753793697576,KXMLBGAME-25JUL29COLCLE-COL,432,59,-3000,no,delta
1753793697631,KXMLBGAME-25JUL29COLCLE-COL,433,64,921,no,delta
1753793697696,KXMLBGAME-25JUL29COLCLE-COL,434,63,2079,no,delta
1753793697755,KXMLBGAME-25JUL29COLCLE-CLE,435,59,-460,yes,delta
1753793697827,KXMLBGAME-25JUL29COLCLE-CLE,436,64,460,yes,delta
1753793697890,KXMLBGAME-25JUL29COLCLE-COL,437,64,-921,no,delta
1753793697949,KXMLBGAME-25JUL29COLCLE-COL,438,63,-2079,no,delta
1753793698007,KXMLBGAME-25JUL29COLCLE-COL,439,59,3000,no,delta
1753793698070,KXMLBGAME-25JUL29COLCLE-CLE,440,64,-460,yes,delta
1753793698129,KXMLBGAME-25JUL29COLCLE-CLE,441,59,460,yes,delta
1753793698192,KXMLBGAME-25JUL29COLCLE-COL,442,59,-3000,no,delta
1753793698252,KXMLBGAME-25JUL29COLCLE-COL,443,64,921,no,delta
1753793698306,KXMLBGAME-25JUL29COLCLE-COL,444,63,2079,no,delta
1753793698372,KXMLBGAME-25JUL29COLCLE-CLE,445,59,-460,yes,delta
1753793698433,KXMLBGAME-25JUL29COLCLE-CLE,446,64,460,yes,delta
1753793698497,KXMLBGAME-25JUL29COLCLE-COL,447,64,-921,no,delta
1753793698557,KXMLBGAME-25JUL29COLCLE-COL,448,63,-2079,no,delta
1753793698619,KXMLBGAME-25JUL29COLCLE-COL,449,59,3000,no,delta
1753793698679,KXMLBGAME-25JUL29COLCLE-CLE,450,64,-460,yes,delta
1753793698740,KXMLBGAME-25JUL29COLCLE-CLE,451,59,460,yes,delta
1753793698803,KXMLBGAME-25JUL29COLCLE-COL,452,59,-3000,no,delta
1753793698861,KXMLBGAME-25JUL29COLCLE-COL,453,64,921,no,delta
1753793698922,KXMLBGAME-25JUL29COLCLE-COL,454,63,2079,no,delta
1753793698984,KXMLBGAME-25JUL29COLCLE-CLE,455,59,-460,yes,delta
1753793699040,KXMLBGAME-25JUL29COLCLE-CLE,456,64,460,yes,delta
1753793699106,KXMLBGAME-25JUL29COLCLE-COL,457,64,-921,no,delta
1753793699133,KXMLBGAME-25JUL29TORBALG1-BAL,458,53,680,yes,delta
1753793699161,KXMLBGAME-25JUL29COLCLE-COL,459,63,-2079,no,delta
1753793699222,KXMLBGAME-25JUL29COLCLE-COL,460,59,3000,no,delta
1753793699288,KXMLBGAME-25JUL29COLCLE-CLE,461,64,-460,yes,delta
1753793699352,KXMLBGAME-25JUL29COLCLE-CLE,462,59,460,yes,delta
1753793699411,KXMLBGAME-25JUL29COLCLE-COL,463,59,-3000,no,delta
1753793699468,KXMLBGAME-25JUL29COLCLE-COL,464,64,921,no,delta
1753793699530,KXMLBGAME-25JUL29COLCLE-COL,465,63,2079,no,delta
1753793699587,KXMLBGAME-25JUL29COLCLE-CLE,466,59,-460,yes,delta
1753793699649,KXMLBGAME-25JUL29COLCLE-CLE,467,64,460,yes,delta
1753793699715,KXMLBGAME-25JUL29COLCLE-COL,468,64,-921,no,delta
1753793699773,KXMLBGAME-25JUL29COLCLE-COL,469,63,-2079,no,delta
1753793699832,KXMLBGAME-25JUL29COLCLE-COL,470,59,3000,no,delta
1753793699889,KXMLBGAME-25JUL29COLCLE-CLE,471,64,-460,yes,delta
1753793699950,KXMLBGAME-25JUL29COLCLE-CLE,472,59,460,yes,delta
1753793700007,KXMLBGAME-25JUL29COLCLE-COL,473,59,-3000,no,delta
1753793700071,KXMLBGAME-25JUL29COLCLE-COL,474,64,921,no,delta
1753793700136,KXMLBGAME-25JUL29COLCLE-COL,475,63,2079,no,delta
1753793700191,KXMLBGAME-25JUL29COLCLE-CLE,476,59,-460,yes,delta
1753793700253,KXMLBGAME-25JUL29COLCLE-CLE,477,64,460,yes,delta
1753793700328,KXMLBGAME-25JUL29COLCLE-COL,478,64,-921,no,delta
1753793700389,KXMLBGAME-25JUL29COLCLE-COL,479,63,-2079,no,delta
1753793700450,KXMLBGAME-25JUL29COLCLE-COL,480,59,3000,no,delta
1753793700513,KXMLBGAME-25JUL29COLCLE-CLE,481,64,-460,yes,delta
1753793700572,KXMLBGAME-25JUL29COLCLE-CLE,482,59,460,yes,delta
1753793700632,KXMLBGAME-25JUL29COLCLE-COL,483,59,-3000,no,delta
1753793700694,KXMLBGAME-25JUL29COLCLE-COL,484,64,921,no,delta
1753793700749,KXMLBGAME-25JUL29COLCLE-COL,485,63,2079,no,delta
1753793700815,KXMLBGAME-25JUL29COLCLE-CLE,486,59,-460,yes,delta
1753793700876,KXMLBGAME-25JUL29COLCLE-CLE,487,64,460,yes,delta
1753793700930,KXMLBGAME-25JUL29COLCLE-COL,488,64,-921,no,delta
1753793700998,KXMLBGAME-25JUL29COLCLE-COL,489,63,-2079,no,delta
1753793701058,KXMLBGAME-25JUL29COLCLE-COL,490,59,3000,no,delta
1753793701127,KXMLBGAME-25JUL29COLCLE-CLE,491,64,-460,yes,delta
1753793701194,KXMLBGAME-25JUL29COLCLE-CLE,492,59,460,yes,delta
1753793701254,KXMLBGAME-25JUL29COLCLE-COL,493,59,-3000,no,delta
1753793701313,KXMLBGAME-25JUL29COLCLE-COL,494,64,921,no,delta
1753793701372,KXMLBGAME-25JUL29COLCLE-COL,495,63,2079,no,delta
1753793701431,KXMLBGAME-25JUL29COLCLE-CLE,496,59,-460,yes,delta
1753793701490,KXMLBGAME-25JUL29COLCLE-CLE,497,64,460,yes,delta
1753793701552,KXMLBGAME-25JUL29COLCLE-COL,498,64,-921,no,delta
1753793701610,KXMLBGAME-25JUL29COLCLE-COL,499,63,-2079,no,delta
1753793701670,KXMLBGAME-25JUL29COLCLE-COL,500,59,3000,no,delta
1753793701731,KXMLBGAME-25JUL29COLCLE-CLE,501,64,-460,yes,delta
1753793701794,KXMLBGAME-25JUL29COLCLE-CLE,502,59,460,yes,delta
1753793701851,KXMLBGAME-25JUL29COLCLE-COL,503,59,-3000,no,delta
1753793701909,KXMLBGAME-25JUL29COLCLE-COL,504,64,921,no,delta
1753793701967,KXMLBGAME-25JUL29COLCLE-COL,505,63,2079,no,delta
1753793702030,KXMLBGAME-25JUL29COLCLE-CLE,506,59,-460,yes,delta
1753793702091,KXMLBGAME-25JUL29COLCLE-CLE,507,64,460,yes,delta
1753793702152,KXMLBGAME-25JUL29COLCLE-COL,508,64,-921,no,delta
1753793702217,KXMLBGAME-25JUL29COLCLE-COL,509,63,-2079,no,delta
1753793702277,KXMLBGAME-25JUL29COLCLE-COL,510,59,3000,no,delta
1753793702340,KXMLBGAME-25JUL29COLCLE-CLE,511,64,-460,yes,delta
1753793702403,KXMLBGAME-25JUL29COLCLE-CLE,512,59,460,yes,delta
1753793702465,KXMLBGAME-25JUL29COLCLE-COL,513,59,-3000,no,delta
1753793702525,KXMLBGAME-25JUL29COLCLE-COL,514,64,921,no,delta
1753793702587,KXMLBGAME-25JUL29COLCLE-COL,515,63,2079,no,delta
1753793702646,KXMLBGAME-25JUL29COLCLE-CLE,516,59,-460,yes,delta
1753793702706,KXMLBGAME-25JUL29COLCLE-CLE,517,64,460,yes,delta
1753793702768,KXMLBGAME-25JUL29COLCLE-COL,518,64,-921,no,delta
1753793702829,KXMLBGAME-25JUL29COLCLE-COL,519,63,-2079,no,delta
1753793702895,KXMLBGAME-25JUL29COLCLE-COL,520,59,3000,no,delta
1753793702947,KXMLBGAME-25JUL29COLCLE-CLE,521,64,-460,yes,delta
1753793703008,KXMLBGAME-25JUL29COLCLE-CLE,522,59,460,yes,delta
1753793703072,KXMLBGAME-25JUL29COLCLE-COL,523,59,-3000,no,delta
1753793703133,KXMLBGAME-25JUL29COLCLE-COL,524,64,921,no,delta
1753793703192,KXMLBGAME-25JUL29COLCLE-COL,525,63,2079,no,delta
1753793703249,KXMLBGAME-25JUL29COLCLE-CLE,526,59,-460,yes,delta
1753793703309,KXMLBGAME-25JUL29COLCLE-CLE,527,64,460,yes,delta
1753793703378,KXMLBGAME-25JUL29COLCLE-COL,528,64,-921,no,delta
1753793703437,KXMLBGAME-25JUL29COLCLE-COL,529,63,-2079,no,delta
1753793703495,KXMLBGAME-25JUL29COLCLE-COL,530,59,3000,no,delta
1753793703556,KXMLBGAME-25JUL29COLCLE-CLE,531,64,-460,yes,delta
1753793703618,KXMLBGAME-25JUL29COLCLE-CLE,532,59,460,yes,delta
1753793703676,KXMLBGAME-25JUL29COLCLE-COL,533,59,-3000,no,delta
1753793703737,KXMLBGAME-25JUL29COLCLE-COL,534,64,921,no,delta
1753793703793,KXMLBGAME-25JUL29COLCLE-COL,535,63,2079,no,delta
1753793703857,KXMLBGAME-25JUL29COLCLE-CLE,536,59,-460,yes,delta
1753793703914,KXMLBGAME-25JUL29COLCLE-CLE,537,64,460,yes,delta
1753793703982,KXMLBGAME-25JUL29COLCLE-COL,538,64,-921,no,delta
1753793704036,KXMLBGAME-25JUL29COLCLE-COL,539,63,-2079,no,delta
1753793704088,KXMLBGAME-25JUL29COLCLE-COL,540,59,3000,no,delta
1753793704152,KXMLBGAME-25JUL29COLCLE-CLE,541,64,-460,yes,delta
1753793704208,KXMLBGAME-25JUL29COLCLE-CLE,542,59,460,yes,delta
1753793704273,KXMLBGAME-25JUL29COLCLE-COL,543,59,-3000,no,delta
1753793704340,KXMLBGAME-25JUL29COLCLE-COL,544,64,921,no,delta
1753793704392,KXMLBGAME-25JUL29COLCLE-COL,545,63,2079,no,delta
1753793704454,KXMLBGAME-25JUL29COLCLE-CLE,546,59,-460,yes,delta
1753793704513,KXMLBGAME-25JUL29COLCLE-CLE,547,64,460,yes,delta
1753793704576,KXMLBGAME-25JUL29COLCLE-COL,548,64,-921,no,delta
1753793704637,KXMLBGAME-25JUL29COLCLE-COL,549,63,-2079,no,delta
1753793704698,KXMLBGAME-25JUL29COLCLE-COL,550,59,3000,no,delta
1753793704757,KXMLBGAME-25JUL29COLCLE-CLE,551,64,-460,yes,delta
1753793704820,KXMLBGAME-25JUL29COLCLE-CLE,552,59,460,yes,delta
1753793704879,KXMLBGAME-25JUL29COLCLE-COL,553,59,-3000,no,delta
1753793704937,KXMLBGAME-25JUL29COLCLE-COL,554,64,921,no,delta
1753793704996,KXMLBGAME-25JUL29COLCLE-COL,555,63,2079,no,delta
1753793705059,KXMLBGAME-25JUL29COLCLE-CLE,556,59,-460,yes,delta
1753793705112,KXMLBGAME-25JUL29COLCLE-CLE,557,64,460,yes,delta
1753793705183,KXMLBGAME-25JUL29COLCLE-COL,558,64,-921,no,delta
1753793705245,KXMLBGAME-25JUL29COLCLE-COL,559,63,-2079,no,delta
1753793705304,KXMLBGAME-25JUL29COLCLE-COL,560,59,3000,no,delta
1753793705367,KXMLBGAME-25JUL29COLCLE-CLE,561,64,-460,yes,delta
1753793705432,KXMLBGAME-25JUL29COLCLE-CLE,562,59,460,yes,delta
1753793705495,KXMLBGAME-25JUL29COLCLE-COL,563,59,-3000,no,delta
1753793705552,KXMLBGAME-25JUL29COLCLE-COL,564,64,921,no,delta
1753793705607,KXMLBGAME-25JUL29COLCLE-COL,565,63,2079,no,delta
1753793705676,KXMLBGAME-25JUL29COLCLE-CLE,566,59,-460,yes,delta
1753793705738,KXMLBGAME-25JUL29COLCLE-CLE,567,64,460,yes,delta
1753793705805,KXMLBGAME-25JUL29COLCLE-COL,568,64,-921,no,delta
1753793705863,KXMLBGAME-25JUL29COLCLE-COL,569,63,-2079,no,delta
1753793705923,KXMLBGAME-25JUL29COLCLE-COL,570,59,3000,no,delta
1753793705984,KXMLBGAME-25JUL29COLCLE-CLE,571,64,-460,yes,delta
1753793706056,KXMLBGAME-25JUL29COLCLE-CLE,572,59,460,yes,delta
1753793706117,KXMLBGAME-25JUL29COLCLE-COL,573,59,-3000,no,delta
1753793706179,KXMLBGAME-25JUL29COLCLE-COL,574,64,921,no,delta
1753793706237,KXMLBGAME-25JUL29COLCLE-COL,575,63,2079,no,delta
1753793706304,KXMLBGAME-25JUL29COLCLE-CLE,576,59,-460,yes,delta
1753793706365,KXMLBGAME-25JUL29COLCLE-CLE,577,64,460,yes,delta
1753793706429,KXMLBGAME-25JUL29COLCLE-COL,578,64,-921,no,delta
1753793706484,KXMLBGAME-25JUL29COLCLE-COL,579,63,-2079,no,delta
1753793706548,KXMLBGAME-25JUL29COLCLE-COL,580,59,3000,no,delta
1753793706608,KXMLBGAME-25JUL29COLCLE-CLE,581,64,-460,yes,delta
1753793706669,KXMLBGAME-25JUL29COLCLE-CLE,582,59,460,yes,delta
1753793706736,KXMLBGAME-25JUL29COLCLE-COL,583,59,-3000,no,delta
1753793706797,KXMLBGAME-25JUL29COLCLE-COL,584,64,921,no,delta
1753793706858,KXMLBGAME-25JUL29COLCLE-COL,585,63,2079,no,delta
1753793706925,KXMLBGAME-25JUL29COLCLE-CLE,586,59,-460,yes,delta
1753793706981,KXMLBGAME-25JUL29COLCLE-CLE,587,64,460,yes,delta
1753793707048,KXMLBGAME-25JUL29COLCLE-COL,588,64,-921,no,delta
1753793707106,KXMLBGAME-25JUL29COLCLE-COL,589,63,-2079,no,delta
1753793707156,KXMLBGAME-25JUL29COLCLE-COL,590,59,3000,no,delta
1753793707218,KXMLBGAME-25JUL29COLCLE-CLE,591,64,-460,yes,delta
1753793707284,KXMLBGAME-25JUL29COLCLE-CLE,592,59,460,yes,delta
1753793707350,KXMLBGAME-25JUL29COLCLE-COL,593,59,-3000,no,delta
1753793707415,KXMLBGAME-25JUL29COLCLE-COL,594,64,921,no,delta
1753793707472,KXMLBGAME-25JUL29COLCLE-COL,595,63,2079,no,delta
1753793707536,KXMLBGAME-25JUL29COLCLE-CLE,596,59,-460,yes,delta
1753793707593,KXMLBGAME-25JUL29COLCLE-CLE,597,64,460,yes,delta
1753793707653,KXMLBGAME-25JUL29COLCLE-COL,598,64,-921,no,delta
1753793707711,KXMLBGAME-25JUL29COLCLE-COL,599,63,-2079,no,delta
1753793707770,KXMLBGAME-25JUL29COLCLE-COL,600,59,3000,no,delta
1753793707831,KXMLBGAME-25JUL29COLCLE-CLE,601,64,-460,yes,delta
1753793707890,KXMLBGAME-25JUL29COLCLE-CLE,602,59,460,yes,delta
1753793707954,KXMLBGAME-25JUL29COLCLE-COL,603,59,-3000,no,delta
1753793708014,KXMLBGAME-25JUL29COLCLE-COL,604,64,921,no,delta
1753793708068,KXMLBGAME-25JUL29COLCLE-COL,605,63,2079,no,delta
1753793708132,KXMLBGAME-25JUL29COLCLE-CLE,606,59,-460,yes,delta
1753793708192,KXMLBGAME-25JUL29COLCLE-CLE,607,64,460,yes,delta
1753793708254,KXMLBGAME-25JUL29COLCLE-COL,608,64,-921,no,delta
1753793708312,KXMLBGAME-25JUL29COLCLE-COL,609,63,-2079,no,delta
1753793708368,KXMLBGAME-25JUL29COLCLE-COL,610,59,3000,no,delta
1753793708432,KXMLBGAME-25JUL29COLCLE-CLE,611,64,-460,yes,delta
1753793708493,KXMLBGAME-25JUL29COLCLE-CLE,612,59,460,yes,delta
1753793708555,KXMLBGAME-25JUL29COLCLE-COL,613,59,-3000,no,delta
1753793708613,KXMLBGAME-25JUL29COLCLE-COL,614,64,921,no,delta
1753793708673,KXMLBGAME-25JUL29COLCLE-COL,615,63,2079,no,delta
1753793708736,KXMLBGAME-25JUL29COLCLE-CLE,616,59,-460,yes,delta
1753793708795,KXMLBGAME-25JUL29COLCLE-CLE,617,64,460,yes,delta
1753793708861,KXMLBGAME-25JUL29COLCLE-COL,618,64,-921,no,delta
1753793708919,KXMLBGAME-25JUL29COLCLE-COL,619,63,-2079,no,delta
1753793708985,KXMLBGAME-25JUL29COLCLE-COL,620,59,3000,no,delta
1753793709046,KXMLBGAME-25JUL29COLCLE-CLE,621,64,-460,yes,delta
1753793709106,KXMLBGAME-25JUL29COLCLE-CLE,622,59,460,yes,delta
1753793709165,KXMLBGAME-25JUL29COLCLE-COL,623,59,-3000,no,delta
1753793709230,KXMLBGAME-25JUL29COLCLE-COL,624,64,921,no,delta
1753793709284,KXMLBGAME-25JUL29COLCLE-COL,625,63,2079,no,delta
1753793709354,KXMLBGAME-25JUL29COLCLE-CLE,626,59,-460,yes,delta
1753793709415,KXMLBGAME-25JUL29COLCLE-CLE,627,64,460,yes,delta
1753793709479,KXMLBGAME-25JUL29COLCLE-COL,628,64,-921,no,delta
1753793709535,KXMLBGAME-25JUL29COLCLE-COL,629,63,-2079,no,delta
1753793709591,KXMLBGAME-25JUL29COLCLE-COL,630,59,3000,no,delta
1753793709653,KXMLBGAME-25JUL29COLCLE-CLE,631,64,-460,yes,delta
1753793709720,KXMLBGAME-25JUL29COLCLE-CLE,632,59,460,yes,delta
1753793709783,KXMLBGAME-25JUL29COLCLE-COL,633,59,-3000,no,delta
1753793709837,KXMLBGAME-25JUL29COLCLE-COL,634,64,921,no,delta
1753793709900,KXMLBGAME-25JUL29COLCLE-COL,635,63,2079,no,delta
1753793709960,KXMLBGAME-25JUL29COLCLE-CLE,636,59,-460,yes,delta
1753793710020,KXMLBGAME-25JUL29COLCLE-CLE,637,64,460,yes,delta
1753793710083,KXMLBGAME-25JUL29COLCLE-COL,638,64,-921,no,delta
1753793710143,KXMLBGAME-25JUL29COLCLE-COL,639,63,-2079,no,delta
1753793710203,KXMLBGAME-25JUL29COLCLE-COL,640,59,3000,no,delta
1753793710267,KXMLBGAME-25JUL29COLCLE-CLE,641,64,-460,yes,delta
1753793710327,KXMLBGAME-25JUL29COLCLE-CLE,642,59,460,yes,delta
1753793710388,KXMLBGAME-25JUL29COLCLE-COL,643,59,-3000,no,delta
1753793710455,KXMLBGAME-25JUL29COLCLE-COL,644,64,921,no,delta
1753793710516,KXMLBGAME-25JUL29COLCLE-COL,645,63,2079,no,delta
1753793710575,KXMLBGAME-25JUL29COLCLE-CLE,646,59,-460,yes,delta
1753793710635,KXMLBGAME-25JUL29COLCLE-CLE,647,64,460,yes,delta
1753793710702,KXMLBGAME-25JUL29COLCLE-COL,648,64,-921,no,delta
1753793710759,KXMLBGAME-25JUL29COLCLE-COL,649,63,-2079,no,delta
1753793710820,KXMLBGAME-25JUL29COLCLE-COL,650,59,3000,no,delta
1753793710882,KXMLBGAME-25JUL29COLCLE-CLE,651,64,-460,yes,delta
1753793710944,KXMLBGAME-25JUL29COLCLE-CLE,652,59,460,yes,delta
1753793711002,KXMLBGAME-25JUL29COLCLE-COL,653,59,-3000,no,delta
1753793711065,KXMLBGAME-25JUL29COLCLE-COL,654,64,921,no,delta
1753793711122,KXMLBGAME-25JUL29COLCLE-COL,655,63,2079,no,delta
1753793711184,KXMLBGAME-25JUL29COLCLE-CLE,656,59,-460,yes,delta
1753793711237,KXMLBGAME-25JUL29COLCLE-CLE,657,64,460,yes,delta
1753793711305,KXMLBGAME-25JUL29COLCLE-COL,658,64,-921,no,delta
1753793711363,KXMLBGAME-25JUL29COLCLE-COL,659,63,-2079,no,delta
1753793711426,KXMLBGAME-25JUL29COLCLE-COL,660,59,3000,no,delta
1753793711487,KXMLBGAME-25JUL29COLCLE-CLE,661,64,-460,yes,delta
1753793711547,KXMLBGAME-25JUL29COLCLE-CLE,662,59,460,yes,delta
1753793711609,KXMLBGAME-25JUL29COLCLE-COL,663,59,-3000,no,delta
1753793711668,KXMLBGAME-25JUL29COLCLE-COL,664,64,921,no,delta
1753793711725,KXMLBGAME-25JUL29COLCLE-COL,665,63,2079,no,delta
1753793711787,KXMLBGAME-25JUL29COLCLE-CLE,666,59,-460,yes,delta
1753793711840,KXMLBGAME-25JUL29COLCLE-CLE,667,64,460,yes,delta
1753793711899,KXMLBGAME-25JUL29COLCLE-COL,668,64,-921,no,delta
1753793711957,KXMLBGAME-25JUL29COLCLE-COL,669,63,-2079,no,delta
1753793712021,KXMLBGAME-25JUL29COLCLE-COL,670,59,3000,no,delta
1753793712082,KXMLBGAME-25JUL29COLCLE-CLE,671,64,-460,yes,delta
1753793712146,KXMLBGAME-25JUL29COLCLE-CLE,672,59,460,yes,delta
1753793712211,KXMLBGAME-25JUL29COLCLE-COL,673,59,-3000,no,delta
1753793712273,KXMLBGAME-25JUL29COLCLE-COL,674,64,921,no,delta
1753793712334,KXMLBGAME-25JUL29COLCLE-COL,675,63,2079,no,delta
1753793712391,KXMLBGAME-25JUL29COLCLE-CLE,676,59,-460,yes,delta
1753793712449,KXMLBGAME-25JUL29COLCLE-CLE,677,64,460,yes,delta
1753793712510,KXMLBGAME-25JUL29COLCLE-COL,678,64,-921,no,delta
1753793712573,KXMLBGAME-25JUL29COLCLE-COL,679,63,-2079,no,delta
1753793712634,KXMLBGAME-25JUL29COLCLE-COL,680,59,3000,no,delta
1753793712690,KXMLBGAME-25JUL29COLCLE-CLE,681,64,-460,yes,delta
1753793712749,KXMLBGAME-25JUL29COLCLE-CLE,682,59,460,yes,delta
1753793712814,KXMLBGAME-25JUL29COLCLE-COL,683,59,-3000,no,delta
1753793712874,KXMLBGAME-25JUL29COLCLE-COL,684,64,921,no,delta
1753793712934,KXMLBGAME-25JUL29COLCLE-COL,685,63,2079,no,delta
1753793713002,KXMLBGAME-25JUL29COLCLE-CLE,686,59,-460,yes,delta
1753793713059,KXMLBGAME-25JUL29COLCLE-CLE,687,64,460,yes,delta
1753793713800,KXMLBGAME-25JUL29TEXLAA-LAA,688,46,-5,no,delta
1753793713916,KXMLBGAME-25JUL29TEXLAA-LAA,689,3,-1333,no,delta
1753793713939,KXMLBGAME-25JUL29TEXLAA-LAA,690,3,1333,no,delta
1753793714414,KXMLBGAME-25JUL29TEXLAA-TEX,691,52,5,no,delta
1753793714414,KXMLBGAME-25JUL29TEXLAA-TEX,692,46,-2,yes,delta
1753793714477,KXMLBGAME-25JUL29TEXLAA-TEX,693,45,-2,yes,delta
1753793714538,KXMLBGAME-25JUL29TEXLAA-TEX,694,44,-2,yes,delta
1753793714594,KXMLBGAME-25JUL29TEXLAA-TEX,695,43,-2,yes,delta
1753793714660,KXMLBGAME-25JUL29TEXLAA-TEX,696,42,-2,yes,delta
1753793714721,KXMLBGAME-25JUL29TEXLAA-LAA,697,52,3,yes,delta
1753793714783,KXMLBGAME-25JUL29TEXLAA-LAA,698,51,3,yes,delta
1753793714840,KXMLBGAME-25JUL29TEXLAA-LAA,699,50,3,yes,delta
1753793714901,KXMLBGAME-25JUL29TEXLAA-LAA,700,49,3,yes,delta
1753793714964,KXMLBGAME-25JUL29TEXLAA-LAA,701,48,3,yes,delta
1753793727316,KXMLBGAME-25JUL29ARIDET-DET,702,56,-305,yes,delta
1753793727316,KXMLBGAME-25JUL29ARIDET-ARI,703,42,6,yes,delta
1753793727316,KXMLBGAME-25JUL29ARIDET-DET,704,56,299,yes,delta
1753793727316,KXMLBGAME-25JUL29ARIDET-DET,705,42,6,no,delta
1753793730623,KXMLBGAME-25JUL29TORBALG1-BAL,706,45,-17,no,delta
1753793730902,KXMLBGAME-25JUL29TORBALG1-BAL,707,2,-2000,no,delta
1753793730932,KXMLBGAME-25JUL29TORBALG1-BAL,708,2,2000,no,delta
1753793732334,KXMLBGAME-25JUL29TORBALG1-BAL,709,53,-2443,yes,delta
1753793732334,KXMLBGAME-25JUL29TORBALG1-TOR,710,45,-2556,yes,delta
1753793732380,KXMLBGAME-25JUL29TORBALG1-BAL,711,53,2418,yes,delta
1753793732380,KXMLBGAME-25JUL29TORBALG1-BAL,712,45,25,no,delta
1753793732380,KXMLBGAME-25JUL29TORBALG1-TOR,713,45,2531,yes,delta
1753793732380,KXMLBGAME-25JUL29TORBALG1-TOR,714,53,-1361,no,delta
1753793732380,KXMLBGAME-25JUL29TORBALG1-TOR,715,53,25,no,delta
1753793732404,KXMLBGAME-25JUL29TORBALG1-TOR,716,52,-1639,no,delta
1753793732461,KXMLBGAME-25JUL29TORBALG1-TOR,717,48,3000,no,delta
1753793732522,KXMLBGAME-25JUL29TORBALG1-BAL,718,53,-680,yes,delta
1753793732579,KXMLBGAME-25JUL29TORBALG1-BAL,719,48,680,yes,delta
1753793732643,KXMLBGAME-25JUL29TORBALG1-TOR,720,48,-3000,no,delta
1753793732694,KXMLBGAME-25JUL29TORBALG1-TOR,721,53,1361,no,delta
1753793732762,KXMLBGAME-25JUL29TORBALG1-TOR,722,52,1639,no,delta
1753793732803,KXMLBGAME-25JUL29SEAATH-ATH,723,50,-9,no,delta
1753793732821,KXMLBGAME-25JUL29TORBALG1-BAL,724,48,-680,yes,delta
1753793732866,KXMLBGAME-25JUL29SEAATH-SEA,725,48,9,no,delta
1753793732881,KXMLBGAME-25JUL29TORBALG1-BAL,726,53,680,yes,delta
1753793732924,KXMLBGAME-25JUL29SEAATH-SEA,727,50,-4,yes,delta
1753793732946,KXMLBGAME-25JUL29TORBALG1-TOR,728,53,-1361,no,delta
1753793732983,KXMLBGAME-25JUL29SEAATH-SEA,729,49,-4,yes,delta
1753793732997,KXMLBGAME-25JUL29SEAATH-ATH,730,2,-2000,no,delta
1753793733005,KXMLBGAME-25JUL29TORBALG1-TOR,731,52,-1639,no,delta
1753793733044,KXMLBGAME-25JUL29SEAATH-ATH,732,2,2000,no,delta
1753793733051,KXMLBGAME-25JUL29SEAATH-SEA,733,48,-4,yes,delta
1753793733064,KXMLBGAME-25JUL29TORBALG1-TOR,734,48,3000,no,delta
1753793733110,KXMLBGAME-25JUL29SEAATH-SEA,735,47,-4,yes,delta
1753793733126,KXMLBGAME-25JUL29TORBALG1-BAL,736,53,-680,yes,delta
1753793733166,KXMLBGAME-25JUL29SEAATH-SEA,737,46,-4,yes,delta
1753793733176,KXMLBGAME-25JUL29TORBALG1-BAL,738,48,680,yes,delta
1753793733230,KXMLBGAME-25JUL29SEAATH-ATH,739,48,5,yes,delta
1753793733238,KXMLBGAME-25JUL29TORBALG1-TOR,740,48,-3000,no,delta
1753793733293,KXMLBGAME-25JUL29SEAATH-ATH,741,47,5,yes,delta
1753793733293,KXMLBGAME-25JUL29TORBALG1-TOR,742,53,1361,no,delta
1753793733356,KXMLBGAME-25JUL29SEAATH-ATH,743,46,5,yes,delta
1753793733356,KXMLBGAME-25JUL29TORBALG1-TOR,744,52,1639,no,delta
1753793733417,KXMLBGAME-25JUL29SEAATH-ATH,745,45,5,yes,delta
1753793733417,KXMLBGAME-25JUL29TORBALG1-BAL,746,48,-680,yes,delta
1753793733479,KXMLBGAME-25JUL29TORBALG1-BAL,747,53,680,yes,delta
1753793733479,KXMLBGAME-25JUL29SEAATH-ATH,748,44,5,yes,delta
1753793733534,KXMLBGAME-25JUL29TORBALG1-TOR,749,53,-1361,no,delta
1753793733601,KXMLBGAME-25JUL29TORBALG1-TOR,750,52,-1639,no,delta
1753793733657,KXMLBGAME-25JUL29TORBALG1-TOR,751,48,3000,no,delta
1753793733722,KXMLBGAME-25JUL29TORBALG1-BAL,752,53,-680,yes,delta
1753793733780,KXMLBGAME-25JUL29TORBALG1-BAL,753,48,680,yes,delta
1753793733840,KXMLBGAME-25JUL29TORBALG1-TOR,754,48,-3000,no,delta
1753793733902,KXMLBGAME-25JUL29TORBALG1-TOR,755,53,1361,no,delta
1753793733957,KXMLBGAME-25JUL29TORBALG1-TOR,756,52,1639,no,delta
1753793734014,KXMLBGAME-25JUL29TORBALG1-BAL,757,48,-680,yes,delta
1753793734075,KXMLBGAME-25JUL29TORBALG1-BAL,758,53,680,yes,delta
1753793734139,KXMLBGAME-25JUL29TORBALG1-TOR,759,53,-1361,no,delta
1753793734195,KXMLBGAME-25JUL29TORBALG1-TOR,760,52,-1639,no,delta
1753793734251,KXMLBGAME-25JUL29TORBALG1-TOR,761,48,3000,no,delta
1753793734315,KXMLBGAME-25JUL29TORBALG1-BAL,762,53,-680,yes,delta
1753793734373,KXMLBGAME-25JUL29TORBALG1-BAL,763,48,680,yes,delta
1753793734437,KXMLBGAME-25JUL29TORBALG1-TOR,764,48,-3000,no,delta
1753793734495,KXMLBGAME-25JUL29TORBALG1-TOR,765,53,1361,no,delta
1753793734551,KXMLBGAME-25JUL29TORBALG1-TOR,766,52,1639,no,delta
1753793734612,KXMLBGAME-25JUL29TORBALG1-BAL,767,48,-680,yes,delta
1753793734670,KXMLBGAME-25JUL29TORBALG1-BAL,768,53,680,yes,delta
1753793734730,KXMLBGAME-25JUL29TORBALG1-TOR,769,53,-1361,no,delta
1753793734787,KXMLBGAME-25JUL29TORBALG1-TOR,770,52,-1639,no,delta
1753793734842,KXMLBGAME-25JUL29TORBALG1-TOR,771,48,3000,no,delta
1753793734907,KXMLBGAME-25JUL29TORBALG1-BAL,772,53,-680,yes,delta
1753793734967,KXMLBGAME-25JUL29TORBALG1-BAL,773,48,680,yes,delta
1753793735030,KXMLBGAME-25JUL29TORBALG1-TOR,774,48,-3000,no,delta
1753793735088,KXMLBGAME-25JUL29TORBALG1-TOR,775,53,1361,no,delta
1753793735146,KXMLBGAME-25JUL29TORBALG1-TOR,776,52,1639,no,delta
1753793735206,KXMLBGAME-25JUL29TORBALG1-BAL,777,48,-680,yes,delta
1753793735268,KXMLBGAME-25JUL29TORBALG1-BAL,778,53,680,yes,delta
1753793735332,KXMLBGAME-25JUL29TORBALG1-TOR,779,53,-1361,no,delta
1753793735386,KXMLBGAME-25JUL29TORBALG1-TOR,780,52,-1639,no,delta
1753793735446,KXMLBGAME-25JUL29TORBALG1-TOR,781,48,3000,no,delta
1753793735506,KXMLBGAME-25JUL29TORBALG1-BAL,782,53,-680,yes,delta
1753793735563,KXMLBGAME-25JUL29TORBALG1-BAL,783,48,680,yes,delta
1753793735620,KXMLBGAME-25JUL29TORBALG1-TOR,784,48,-3000,no,delta
1753793735676,KXMLBGAME-25JUL29TORBALG1-TOR,785,53,1361,no,delta
1753793735741,KXMLBGAME-25JUL29TORBALG1-TOR,786,52,1639,no,delta
1753793735796,KXMLBGAME-25JUL29TORBALG1-BAL,787,48,-680,yes,delta
1753793735853,KXMLBGAME-25JUL29TORBALG1-BAL,788,53,680,yes,delta
1753793735913,KXMLBGAME-25JUL29TORBALG1-TOR,789,53,-1361,no,delta
1753793735972,KXMLBGAME-25JUL29TORBALG1-TOR,790,52,-1639,no,delta
1753793736034,KXMLBGAME-25JUL29TORBALG1-TOR,791,48,3000,no,delta
1753793736093,KXMLBGAME-25JUL29TORBALG1-BAL,792,53,-680,yes,delta
1753793736152,KXMLBGAME-25JUL29TORBALG1-BAL,793,48,680,yes,delta
1753793736216,KXMLBGAME-25JUL29TORBALG1-TOR,794,48,-3000,no,delta
1753793736274,KXMLBGAME-25JUL29TORBALG1-TOR,795,53,1361,no,delta
1753793736336,KXMLBGAME-25JUL29TORBALG1-TOR,796,52,1639,no,delta
1753793736394,KXMLBGAME-25JUL29TORBALG1-BAL,797,48,-680,yes,delta
1753793736453,KXMLBGAME-25JUL29TORBALG1-BAL,798,53,680,yes,delta
1753793736515,KXMLBGAME-25JUL29TORBALG1-TOR,799,53,-1361,no,delta
1753793736572,KXMLBGAME-25JUL29TORBALG1-TOR,800,52,-1639,no,delta
1753793736634,KXMLBGAME-25JUL29TORBALG1-TOR,801,48,3000,no,delta
1753793736694,KXMLBGAME-25JUL29TORBALG1-BAL,802,53,-680,yes,delta
1753793736748,KXMLBGAME-25JUL29TORBALG1-BAL,803,48,680,yes,delta
1753793736809,KXMLBGAME-25JUL29TORBALG1-TOR,804,48,-3000,no,delta
1753793736869,KXMLBGAME-25JUL29TORBALG1-TOR,805,53,1361,no,delta
1753793736927,KXMLBGAME-25JUL29TORBALG1-TOR,806,52,1639,no,delta
1753793736984,KXMLBGAME-25JUL29TORBALG1-BAL,807,48,-680,yes,delta
1753793737049,KXMLBGAME-25JUL29TORBALG1-BAL,808,53,680,yes,delta
1753793744929,KXMLBGAME-25JUL29TORBALG1-TOR,809,45,-2531,yes,delta
1753793744930,KXMLBGAME-25JUL29TORBALG1-BAL,810,53,-2418,yes,delta
1753793744980,KXMLBGAME-25JUL29TORBALG1-BAL,811,53,2173,yes,delta
1753793744980,KXMLBGAME-25JUL29TORBALG1-BAL,812,45,245,no,delta
1753793744985,KXMLBGAME-25JUL29TORBALG1-TOR,813,45,2326,yes,delta
1753793744985,KXMLBGAME-25JUL29TORBALG1-TOR,814,53,205,no,delta
1753793755780,KXMLBGAME-25JUL29PHICWS-CWS,815,35,-4683,yes,delta
1753793755780,KXMLBGAME-25JUL29PHICWS-PHI,816,63,-316,yes,delta
1753793755826,KXMLBGAME-25JUL29PHICWS-PHI,817,62,-5000,yes,delta
1753793755826,KXMLBGAME-25JUL29PHICWS-PHI,818,33,-5000,no,delta
1753793755826,KXMLBGAME-25JUL29PHICWS-PHI,819,60,5000,yes,delta
1753793755826,KXMLBGAME-25JUL29PHICWS-PHI,820,62,4999,yes,delta
1753793755826,KXMLBGAME-25JUL29PHICWS-PHI,821,35,317,no,delta
1753793755826,KXMLBGAME-25JUL29PHICWS-CWS,822,35,4500,yes,delta
1753793755826,KXMLBGAME-25JUL29PHICWS-CWS,823,63,183,no,delta
1753793761826,KXMLBGAME-25JUL29CHCMIL-MIL,824,48,-33,no,delta
1753793762000,KXMLBGAME-25JUL29CHCMIL-MIL,825,2,-2000,no,delta
1753793762025,KXMLBGAME-25JUL29CHCMIL-MIL,826,2,2000,no,delta
1753793762747,KXMLBGAME-25JUL29CHCMIL-MIL,827,50,16,yes,delta
1753793762747,KXMLBGAME-25JUL29CHCMIL-MIL,828,49,16,yes,delta
1753793762752,KXMLBGAME-25JUL29CHCMIL-MIL,829,48,16,yes,delta
1753793762812,KXMLBGAME-25JUL29CHCMIL-MIL,830,47,16,yes,delta
1753793762871,KXMLBGAME-25JUL29CHCMIL-MIL,831,46,16,yes,delta
1753793762934,KXMLBGAME-25JUL29CHCMIL-CHC,832,50,33,no,delta
1753793762994,KXMLBGAME-25JUL29CHCMIL-CHC,833,48,-17,yes,delta
1753793763049,KXMLBGAME-25JUL29CHCMIL-CHC,834,47,-17,yes,delta
1753793763110,KXMLBGAME-25JUL29CHCMIL-CHC,835,46,-17,yes,delta
1753793763167,KXMLBGAME-25JUL29CHCMIL-CHC,836,45,-17,yes,delta
1753793763224,KXMLBGAME-25JUL29CHCMIL-CHC,837,44,-17,yes,delta
1753793767253,KXMLBGAME-25JUL29TORBALG1-BAL,838,45,-191,no,delta
1753793767299,KXMLBGAME-25JUL29TORBALG1-BAL,839,45,-293,no,delta
1753793767299,KXMLBGAME-25JUL29TORBALG1-BAL,840,44,5000,no,delta
1753793767299,KXMLBGAME-25JUL29TORBALG1-TOR,841,53,5000,no,delta
1753793767304,KXMLBGAME-25JUL29TORBALG1-BAL,842,53,5000,yes,delta
1753793767304,KXMLBGAME-25JUL29TORBALG1-TOR,843,44,5000,yes,delta
1753793767371,KXMLBGAME-25JUL29TORBALG1-BAL,844,2,-2000,no,delta
1753793767402,KXMLBGAME-25JUL29TORBALG1-BAL,845,2,2000,no,delta
1753793787352,KXMLBGAME-25JUL29ARIDET-ARI,846,42,-6,yes,delta
1753793787359,KXMLBGAME-25JUL29ARIDET-ARI,847,42,-4673,yes,delta
1753793787359,KXMLBGAME-25JUL29ARIDET-ARI,848,42,-21,yes,delta
1753793787359,KXMLBGAME-25JUL29ARIDET-DET,849,56,-299,yes,delta
1753793787365,KXMLBGAME-25JUL29ARIDET-DET,850,42,-6,no,delta
1753793787365,KXMLBGAME-25JUL29ARIDET-DET,851,42,-21,no,delta
1753793787371,KXMLBGAME-25JUL29ARIDET-DET,852,42,-4673,no,delta
1753793787433,KXMLBGAME-25JUL29ARIDET-ARI,853,42,4483,yes,delta
1753793787433,KXMLBGAME-25JUL29ARIDET-ARI,854,56,217,no,delta
1753793787438,KXMLBGAME-25JUL29ARIDET-DET,855,56,16,yes,delta
1753793787438,KXMLBGAME-25JUL29ARIDET-DET,856,42,4983,no,delta
1753793805114,KXMLBGAME-25JUL29TORBALG1-BAL,857,53,-2173,yes,delta
1753793805122,KXMLBGAME-25JUL29TORBALG1-BAL,858,53,-5000,yes,delta
1753793805122,KXMLBGAME-25JUL29TORBALG1-BAL,859,45,-245,no,delta
1753793805123,KXMLBGAME-25JUL29TORBALG1-BAL,860,45,-25,no,delta
1753793805127,KXMLBGAME-25JUL29TORBALG1-BAL,861,44,-4376,no,delta
1753793805127,KXMLBGAME-25JUL29TORBALG1-BAL,862,44,-273,no,delta
1753793805127,KXMLBGAME-25JUL29TORBALG1-BAL,863,44,-5000,no,delta
1753793805138,KXMLBGAME-25JUL29TORBALG1-BAL,864,44,-351,no,delta
1753793805138,KXMLBGAME-25JUL29TORBALG1-BAL,865,45,-2263,no,delta
1753793805138,KXMLBGAME-25JUL29TORBALG1-TOR,866,44,-5000,yes,delta
1753793805139,KXMLBGAME-25JUL29TORBALG1-TOR,867,44,-4149,yes,delta
1753793805139,KXMLBGAME-25JUL29TORBALG1-TOR,868,44,-851,yes,delta
1753793805139,KXMLBGAME-25JUL29TORBALG1-TOR,869,45,-2326,yes,delta
1753793805139,KXMLBGAME-25JUL29TORBALG1-TOR,870,53,-5000,no,delta
1753793805149,KXMLBGAME-25JUL29TORBALG1-TOR,871,53,-205,no,delta
1753793805149,KXMLBGAME-25JUL29TORBALG1-TOR,872,53,-2443,no,delta
1753793805149,KXMLBGAME-25JUL29TORBALG1-TOR,873,53,-25,no,delta
1753793805190,KXMLBGAME-25JUL29TORBALG1-TOR,874,39,-750,yes,delta
1753793805190,KXMLBGAME-25JUL29TORBALG1-TOR,875,39,-49,yes,delta
1753793805195,KXMLBGAME-25JUL29TORBALG1-TOR,876,39,-10,yes,delta
1753793805195,KXMLBGAME-25JUL29TORBALG1-TOR,877,39,-10,yes,delta
1753793805236,KXMLBGAME-25JUL29TORBALG1-BAL,878,53,2736,yes,delta
1753793805236,KXMLBGAME-25JUL29TORBALG1-BAL,879,44,5000,no,delta
1753793805236,KXMLBGAME-25JUL29TORBALG1-BAL,880,45,2263,no,delta
1753793805241,KXMLBGAME-25JUL29TORBALG1-TOR,881,44,5000,yes,delta
1753793805241,KXMLBGAME-25JUL29TORBALG1-TOR,882,45,2263,yes,delta
1753793805241,KXMLBGAME-25JUL29TORBALG1-TOR,883,53,2736,no,delta
1753793805257,KXMLBGAME-25JUL29TORBALG1-TOR,884,44,819,yes,delta
1753793805320,KXMLBGAME-25JUL29TORBALG1-BAL,885,39,-3000,no,delta
1753793805379,KXMLBGAME-25JUL29TORBALG1-BAL,886,44,1639,no,delta
1753793805438,KXMLBGAME-25JUL29TORBALG1-BAL,887,43,1361,no,delta
1753793807708,KXMLBGAME-25JUL29TBNYY-NYY,888,36,-344,no,delta
1753793807708,KXMLBGAME-25JUL29TBNYY-NYY,889,36,-317,no,delta
1753793807708,KXMLBGAME-25JUL29TBNYY-NYY,890,36,-1517,no,delta
1753793807708,KXMLBGAME-25JUL29TBNYY-NYY,891,36,-108,no,delta
1753793807775,KXMLBGAME-25JUL29TBNYY-TB,892,62,1517,no,delta
1753793807948,KXMLBGAME-25JUL29TBNYY-NYY,893,2,-2000,no,delta
1753793807976,KXMLBGAME-25JUL29TBNYY-NYY,894,2,2000,no,delta
1753793809265,KXMLBGAME-25JUL29TBNYY-TB,895,36,-12,yes,delta
1753793809329,KXMLBGAME-25JUL29TBNYY-TB,896,36,-8,yes,delta
1753793809387,KXMLBGAME-25JUL29TBNYY-TB,897,36,-126,yes,delta
1753793809442,KXMLBGAME-25JUL29TBNYY-TB,898,36,-612,yes,delta
1753793809497,KXMLBGAME-25JUL29TBNYY-TB,899,35,-12,yes,delta
1753793809560,KXMLBGAME-25JUL29TBNYY-TB,900,35,-8,yes,delta
1753793809620,KXMLBGAME-25JUL29TBNYY-TB,901,35,-126,yes,delta
1753793809699,KXMLBGAME-25JUL29TBNYY-TB,902,35,-2,yes,delta
1753793809732,KXMLBGAME-25JUL29TBNYY-TB,903,35,-6,yes,delta
1753793809787,KXMLBGAME-25JUL29TBNYY-TB,904,35,-604,yes,delta
1753793809849,KXMLBGAME-25JUL29TBNYY-TB,905,34,-12,yes,delta
1753793809910,KXMLBGAME-25JUL29TBNYY-TB,906,34,-8,yes,delta
1753793809968,KXMLBGAME-25JUL29TBNYY-TB,907,34,-126,yes,delta
1753793810024,KXMLBGAME-25JUL29TBNYY-TB,908,34,-2,yes,delta
1753793810082,KXMLBGAME-25JUL29TBNYY-TB,909,34,-6,yes,delta
1753793810139,KXMLBGAME-25JUL29TBNYY-TB,910,34,-604,yes,delta
1753793810196,KXMLBGAME-25JUL29TBNYY-TB,911,33,-12,yes,delta
1753793810253,KXMLBGAME-25JUL29TBNYY-TB,912,33,-8,yes,delta
1753793810311,KXMLBGAME-25JUL29TBNYY-TB,913,33,-126,yes,delta
1753793810372,KXMLBGAME-25JUL29TBNYY-TB,914,33,-2,yes,delta
1753793810433,KXMLBGAME-25JUL29TBNYY-TB,915,33,-6,yes,delta
1753793810494,KXMLBGAME-25JUL29TBNYY-TB,916,33,-604,yes,delta
1753793810553,KXMLBGAME-25JUL29TBNYY-TB,917,32,-12,yes,delta
1753793810614,KXMLBGAME-25JUL29TBNYY-TB,918,32,-8,yes,delta
1753793810672,KXMLBGAME-25JUL29TBNYY-TB,919,32,-126,yes,delta
1753793810735,KXMLBGAME-25JUL29TBNYY-TB,920,32,-2,yes,delta
1753793810796,KXMLBGAME-25JUL29TBNYY-TB,921,32,-6,yes,delta
1753793810852,KXMLBGAME-25JUL29TBNYY-TB,922,32,-604,yes,delta
1753793811090,KXMLBGAME-25JUL29TBNYY-NYY,923,36,-144,no,delta
1753793811090,KXMLBGAME-25JUL29TBNYY-NYY,924,36,-15,no,delta
1753793811090,KXMLBGAME-25JUL29TBNYY-NYY,925,36,-25,no,delta
1753793811145,KXMLBGAME-25JUL29TBNYY-NYY,926,35,-1483,no,delta
1753793811210,KXMLBGAME-25JUL29TBNYY-NYY,927,35,-17,no,delta
1753793811272,KXMLBGAME-25JUL29TBNYY-NYY,928,35,-1208,no,delta
1753793811332,KXMLBGAME-25JUL29TBNYY-NYY,929,31,3000,no,delta
1753793811391,KXMLBGAME-25JUL29TBNYY-NYY,930,58,-595,yes,delta
1753793811453,KXMLBGAME-25JUL29TBNYY-NYY,931,63,1354,yes,delta
1753793811511,KXMLBGAME-25JUL29TBNYY-NYY,932,62,759,yes,delta
1753793811566,KXMLBGAME-25JUL29TBNYY-NYY,933,61,759,yes,delta
1753793811634,KXMLBGAME-25JUL29TBNYY-NYY,934,60,759,yes,delta
1753793811696,KXMLBGAME-25JUL29TBNYY-NYY,935,59,759,yes,delta
1753793812377,KXMLBGAME-25JUL29TBNYY-TB,936,62,108,no,delta
1753793812441,KXMLBGAME-25JUL29TBNYY-TB,937,36,-54,yes,delta
1753793812499,KXMLBGAME-25JUL29TBNYY-TB,938,35,-54,yes,delta
1753793812555,KXMLBGAME-25JUL29TBNYY-TB,939,34,-54,yes,delta
1753793812617,KXMLBGAME-25JUL29TBNYY-TB,940,33,-54,yes,delta
1753793812672,KXMLBGAME-25JUL29TBNYY-TB,941,32,-54,yes,delta
1753793812735,KXMLBGAME-25JUL29TBNYY-NYY,942,35,-108,no,delta
1753793812795,KXMLBGAME-25JUL29TBNYY-NYY,943,63,54,yes,delta
1753793812851,KXMLBGAME-25JUL29TBNYY-NYY,944,62,54,yes,delta
1753793812908,KXMLBGAME-25JUL29TBNYY-NYY,945,61,54,yes,delta
1753793812978,KXMLBGAME-25JUL29TBNYY-NYY,946,60,54,yes,delta
1753793813034,KXMLBGAME-25JUL29TBNYY-NYY,947,59,54,yes,delta
1753793859227,KXMLBGAME-25JUL29TBNYY-NYY,948,60,-5000,yes,delta
1753793859227,KXMLBGAME-25JUL29TBNYY-NYY,949,35,-5000,no,delta
1753793859233,KXMLBGAME-25JUL29TBNYY-TB,950,35,-5000,yes,delta
1753793859234,KXMLBGAME-25JUL29TBNYY-TB,951,36,-161,yes,delta
1753793859234,KXMLBGAME-25JUL29TBNYY-TB,952,60,-5000,no,delta
1753793859375,KXMLBGAME-25JUL29TBNYY-NYY,953,62,662,yes,delta
1753793859381,KXMLBGAME-25JUL29TBNYY-NYY,954,63,316,yes,delta
1753793859381,KXMLBGAME-25JUL29TBNYY-NYY,955,35,4683,no,delta
1753793859381,KXMLBGAME-25JUL29TBNYY-NYY,956,33,5000,no,delta
1753793859381,KXMLBGAME-25JUL29TBNYY-TB,957,35,4683,yes,delta
1753793859389,KXMLBGAME-25JUL29TBNYY-TB,958,33,5000,yes,delta
1753793859389,KXMLBGAME-25JUL29TBNYY-TB,959,62,162,no,delta
1753793859389,KXMLBGAME-25JUL29TBNYY-TB,960,37,-80,yes,delta
1753793859389,KXMLBGAME-25JUL29TBNYY-TB,961,63,236,no,delta
1753793859492,KXMLBGAME-25JUL29TBNYY-TB,962,58,-3000,no,delta
1753793859592,KXMLBGAME-25JUL29TBNYY-TB,963,2,-2000,no,delta
1753793859592,KXMLBGAME-25JUL29TBNYY-TB,964,63,2816,no,delta
1753793859626,KXMLBGAME-25JUL29TBNYY-TB,965,2,2000,no,delta
1753793859699,KXMLBGAME-25JUL29TBNYY-TB,966,62,184,no,delta
1753793865148,KXMLBGAME-25JUL29TORBALG1-BAL,967,53,-2736,yes,delta
1753793865148,KXMLBGAME-25JUL29TORBALG1-TOR,968,45,-2263,yes,delta
1753793865230,KXMLBGAME-25JUL29TORBALG1-BAL,969,53,2466,yes,delta
1753793865230,KXMLBGAME-25JUL29TORBALG1-BAL,970,45,270,no,delta
1753793865235,KXMLBGAME-25JUL29TORBALG1-TOR,971,45,2033,yes,delta
1753793865235,KXMLBGAME-25JUL29TORBALG1-TOR,972,53,230,no,delta
1753793865253,KXMLBGAME-25JUL29TORBALG1-TOR,973,44,-819,yes,delta
1753793865354,KXMLBGAME-25JUL29TORBALG1-TOR,974,39,819,yes,delta
1753793865459,KXMLBGAME-25JUL29TORBALG1-BAL,975,44,-1639,no,delta
1753793866915,KXMLBGAME-25JUL29TORBALG1-BAL,976,43,-1361,no,delta
1753793867021,KXMLBGAME-25JUL29TORBALG1-BAL,977,39,3000,no,delta
1753793869760,KXMLBGAME-25JUL29COLCLE-CLE,978,34,-325,no,delta
1753793869761,KXMLBGAME-25JUL29COLCLE-CLE,979,34,-3239,no,delta
1753793869761,KXMLBGAME-25JUL29COLCLE-COL,980,34,-3064,yes,delta
1753793869813,KXMLBGAME-25JUL29COLCLE-CLE,981,64,282,yes,delta
1753793869813,KXMLBGAME-25JUL29COLCLE-CLE,982,34,3282,no,delta
1753793869813,KXMLBGAME-25JUL29COLCLE-COL,983,34,2782,yes,delta
1753793869813,KXMLBGAME-25JUL29COLCLE-COL,984,64,282,no,delta
1753793870603,KXMLBGAME-25JUL29COLCLE-CLE,985,29,-3000,no,delta
1753793870705,KXMLBGAME-25JUL29COLCLE-CLE,986,34,2079,no,delta
1753793870803,KXMLBGAME-25JUL29COLCLE-CLE,987,33,921,no,delta
1753793886732,KXMLBGAME-25JUL29SEAATH-SEA,988,48,-178,no,delta
1753793886944,KXMLBGAME-25JUL29SEAATH-SEA,989,2,-2000,no,delta
1753793886981,KXMLBGAME-25JUL29SEAATH-SEA,990,2,2000,no,delta
1753793887998,KXMLBGAME-25JUL29SEAATH-SEA,991,50,89,yes,delta
1753793888096,KXMLBGAME-25JUL29SEAATH-SEA,992,49,89,yes,delta
1753793888208,KXMLBGAME-25JUL29SEAATH-SEA,993,48,89,yes,delta
1753793888305,KXMLBGAME-25JUL29SEAATH-SEA,994,47,89,yes,delta
1753793888414,KXMLBGAME-25JUL29SEAATH-SEA,995,46,89,yes,delta
1753793888519,KXMLBGAME-25JUL29SEAATH-ATH,996,50,178,no,delta
1753793888626,KXMLBGAME-25JUL29SEAATH-ATH,997,48,-5,yes,delta
1753793888729,KXMLBGAME-25JUL29SEAATH-ATH,998,48,-9,yes,delta
1753793888831,KXMLBGAME-25JUL29SEAATH-ATH,999,48,-8,yes,delta
1753793888934,KXMLBGAME-25JUL29SEAATH-ATH,1000,48,-67,yes,delta
1753793889007,KXMLBGAME-25JUL29SEAATH-SEA,1001,48,-254,no,delta
1753793889007,KXMLBGAME-25JUL29SEAATH-SEA,1002,48,-2726,no,delta
1753793889041,KXMLBGAME-25JUL29SEAATH-ATH,1003,47,-5,yes,delta
1753793889091,KXMLBGAME-25JUL29SEAATH-SEA,1004,50,2,yes,delta
1753793889091,KXMLBGAME-25JUL29SEAATH-SEA,1005,48,2978,no,delta
1753793889142,KXMLBGAME-25JUL29SEAATH-ATH,1006,47,-9,yes,delta
1753793889242,KXMLBGAME-25JUL29SEAATH-ATH,1007,47,-8,yes,delta
1753793889346,KXMLBGAME-25JUL29SEAATH-ATH,1008,47,-67,yes,delta
1753793889451,KXMLBGAME-25JUL29SEAATH-ATH,1009,46,-5,yes,delta
1753793889559,KXMLBGAME-25JUL29SEAATH-ATH,1010,46,-9,yes,delta
1753793889664,KXMLBGAME-25JUL29SEAATH-ATH,1011,46,-8,yes,delta
1753793889761,KXMLBGAME-25JUL29SEAATH-ATH,1012,46,-67,yes,delta
1753793889865,KXMLBGAME-25JUL29SEAATH-ATH,1013,45,-5,yes,delta
1753793889967,KXMLBGAME-25JUL29SEAATH-ATH,1014,45,-9,yes,delta
1753793890073,KXMLBGAME-25JUL29SEAATH-ATH,1015,45,-8,yes,delta
1753793890179,KXMLBGAME-25JUL29SEAATH-ATH,1016,45,-67,yes,delta
1753793890280,KXMLBGAME-25JUL29SEAATH-ATH,1017,44,-5,yes,delta
1753793890383,KXMLBGAME-25JUL29SEAATH-ATH,1018,44,-9,yes,delta
1753793890485,KXMLBGAME-25JUL29SEAATH-ATH,1019,44,-8,yes,delta
1753793890581,KXMLBGAME-25JUL29SEAATH-ATH,1020,44,-67,yes,delta
1753793894973,KXMLBGAME-25JUL29BOSMIN-MIN,1021,46,1613,yes,delta
1753793895103,KXMLBGAME-25JUL29BOSMIN-MIN,1022,45,824,yes,delta
1753793895436,KXMLBGAME-25JUL29BOSMIN-MIN,1023,50,1780,no,delta
1753793895775,KXMLBGAME-25JUL29BOSMIN-MIN,1024,49,908,no,delta
1753793902485,KXMLBGAME-25JUL29TORBALG1-TOR,1025,53,-10,no,delta
1753793902582,KXMLBGAME-25JUL29TORBALG1-TOR,1026,43,5,yes,delta
1753793902672,KXMLBGAME-25JUL29TORBALG1-TOR,1027,2,-2000,no,delta
1753793902690,KXMLBGAME-25JUL29TORBALG1-TOR,1028,42,5,yes,delta
1753793902695,KXMLBGAME-25JUL29TORBALG1-TOR,1029,2,2000,no,delta
1753793902792,KXMLBGAME-25JUL29TORBALG1-TOR,1030,41,5,yes,delta
1753793902896,KXMLBGAME-25JUL29TORBALG1-TOR,1031,40,5,yes,delta
1753793903001,KXMLBGAME-25JUL29TORBALG1-TOR,1032,39,5,yes,delta
1753793903107,KXMLBGAME-25JUL29TORBALG1-BAL,1033,43,10,no,delta
1753793903212,KXMLBGAME-25JUL29TORBALG1-BAL,1034,53,-5,yes,delta
1753793903315,KXMLBGAME-25JUL29TORBALG1-BAL,1035,52,-5,yes,delta
1753793903420,KXMLBGAME-25JUL29TORBALG1-BAL,1036,51,-5,yes,delta
1753793903524,KXMLBGAME-25JUL29TORBALG1-BAL,1037,50,-5,yes,delta
1753793903636,KXMLBGAME-25JUL29TORBALG1-BAL,1038,49,-5,yes,delta
1753793919398,KXMLBGAME-25JUL29TBNYY-NYY,1039,63,-316,yes,delta
1753793919443,KXMLBGAME-25JUL29TBNYY-NYY,1040,63,236,yes,delta
1753793919443,KXMLBGAME-25JUL29TBNYY-NYY,1041,35,80,no,delta
1753793919444,KXMLBGAME-25JUL29TBNYY-TB,1042,35,80,yes,delta
1753793935590,KXMLBGAME-25JUL29ATLKC-KC,1043,46,-3,no,delta
1753793935847,KXMLBGAME-25JUL29ATLKC-KC,1044,2,-2000,no,delta
1753793935875,KXMLBGAME-25JUL29ATLKC-KC,1045,3,1333,no,delta
1753793936846,KXMLBGAME-25JUL29ATLKC-ATL,1046,52,3,no,delta
1753793936944,KXMLBGAME-25JUL29ATLKC-ATL,1047,46,-1,yes,delta
1753793937053,KXMLBGAME-25JUL29ATLKC-ATL,1048,45,-1,yes,delta
1753793937158,KXMLBGAME-25JUL29ATLKC-ATL,1049,44,-1,yes,delta
1753793937257,KXMLBGAME-25JUL29ATLKC-ATL,1050,43,-1,yes,delta
1753793937362,KXMLBGAME-25JUL29ATLKC-ATL,1051,42,-1,yes,delta
1753793937464,KXMLBGAME-25JUL29ATLKC-KC,1052,52,2,yes,delta
1753793937563,KXMLBGAME-25JUL29ATLKC-KC,1053,51,2,yes,delta
1753793937669,KXMLBGAME-25JUL29ATLKC-KC,1054,50,2,yes,delta
1753793937768,KXMLBGAME-25JUL29ATLKC-KC,1055,49,2,yes,delta
1753793937877,KXMLBGAME-25JUL29ATLKC-KC,1056,48,2,yes,delta
1753793939364,KXMLBGAME-25JUL29SEAATH-SEA,1057,50,-2,yes,delta
1753793939364,KXMLBGAME-25JUL29SEAATH-SEA,1058,50,-2019,yes,delta
1753793939445,KXMLBGAME-25JUL29SEAATH-SEA,1059,50,2019,yes,delta
1753793939451,KXMLBGAME-25JUL29SEAATH-SEA,1060,48,2,no,delta
1753793942145,KXMLBGAME-25JUL29COLCLE-COL,1061,64,-5,no,delta
1753793942324,KXMLBGAME-25JUL29COLCLE-CLE,1062,34,5000,no,delta
1753793942324,KXMLBGAME-25JUL29COLCLE-COL,1063,63,5000,no,delta
1753793942330,KXMLBGAME-25JUL29COLCLE-CLE,1064,63,5000,yes,delta
1753793942330,KXMLBGAME-25JUL29COLCLE-COL,1065,34,5000,yes,delta
1753793942330,KXMLBGAME-25JUL29COLCLE-COL,1066,2,-2000,no,delta
1753793942363,KXMLBGAME-25JUL29COLCLE-COL,1067,2,2000,no,delta
1753793942425,KXMLBGAME-25JUL29COLCLE-COL,1068,64,-921,no,delta
1753793943944,KXMLBGAME-25JUL29COLCLE-COL,1069,63,-2079,no,delta
1753793944008,KXMLBGAME-25JUL29COLCLE-COL,1070,59,3000,no,delta
1753793944070,KXMLBGAME-25JUL29COLCLE-CLE,1071,64,-460,yes,delta
1753793944131,KXMLBGAME-25JUL29COLCLE-CLE,1072,59,460,yes,delta
1753793966837,KXMLBGAME-25JUL29TBNYY-TB,1073,36,80,yes,delta
1753793966903,KXMLBGAME-25JUL29TBNYY-TB,1074,36,-92,yes,delta
1753793966964,KXMLBGAME-25JUL29TBNYY-TB,1075,31,92,yes,delta
1753793979815,KXMLBGAME-25JUL29TBNYY-TB,1076,35,-80,yes,delta
1753793979826,KXMLBGAME-25JUL29TBNYY-TB,1077,35,-4683,yes,delta
1753793979826,KXMLBGAME-25JUL29TBNYY-NYY,1078,62,-662,yes,delta
1753793979829,KXMLBGAME-25JUL29TBNYY-NYY,1079,62,-4338,yes,delta
1753793979829,KXMLBGAME-25JUL29TBNYY-NYY,1080,63,-236,yes,delta
1753793979829,KXMLBGAME-25JUL29TBNYY-NYY,1081,33,-5000,no,delta
1753793979922,KXMLBGAME-25JUL29TBNYY-NYY,1082,60,5000,yes,delta
1753793979922,KXMLBGAME-25JUL29TBNYY-NYY,1083,62,4919,yes,delta
1753793979922,KXMLBGAME-25JUL29TBNYY-NYY,1084,35,237,no,delta
1753793979930,KXMLBGAME-25JUL29TBNYY-NYY,1085,36,80,no,delta
1753793979930,KXMLBGAME-25JUL29TBNYY-TB,1086,35,4580,yes,delta
1753793979930,KXMLBGAME-25JUL29TBNYY-TB,1087,63,183,no,delta
1753793980795,KXMLBGAME-25JUL29TORBALG1-TOR,1088,53,-6,no,delta
1753793980862,KXMLBGAME-25JUL29TORBALG1-TOR,1089,43,3,yes,delta
1753793980920,KXMLBGAME-25JUL29TORBALG1-TOR,1090,2,-2000,no,delta
1753793980925,KXMLBGAME-25JUL29TORBALG1-TOR,1091,42,3,yes,delta
1753793980979,KXMLBGAME-25JUL29TORBALG1-TOR,1092,2,2000,no,delta
1753793980979,KXMLBGAME-25JUL29TORBALG1-TOR,1093,41,3,yes,delta
1753793981038,KXMLBGAME-25JUL29TORBALG1-TOR,1094,40,3,yes,delta
1753793981097,KXMLBGAME-25JUL29TORBALG1-TOR,1095,39,3,yes,delta
1753793981160,KXMLBGAME-25JUL29TORBALG1-BAL,1096,43,6,no,delta
1753793981217,KXMLBGAME-25JUL29TORBALG1-BAL,1097,53,-3,yes,delta
1753793981279,KXMLBGAME-25JUL29TORBALG1-BAL,1098,52,-3,yes,delta
1753793981333,KXMLBGAME-25JUL29TORBALG1-BAL,1099,51,-3,yes,delta
1753793981395,KXMLBGAME-25JUL29TORBALG1-BAL,1100,50,-3,yes,delta
1753793981455,KXMLBGAME-25JUL29TORBALG1-BAL,1101,49,-3,yes,delta
1753793990688,KXMLBGAME-25JUL29COLCLE-CLE,1102,63,-5000,yes,delta
1753793990688,KXMLBGAME-25JUL29COLCLE-CLE,1103,63,-5000,yes,delta
1753793990688,KXMLBGAME-25JUL29COLCLE-CLE,1104,34,-5000,no,delta
1753793990688,KXMLBGAME-25JUL29COLCLE-CLE,1105,34,-3282,no,delta
1753793990693,KXMLBGAME-25JUL29COLCLE-COL,1106,34,-2782,yes,delta
1753793990693,KXMLBGAME-25JUL29COLCLE-COL,1107,34,-5000,yes,delta
1753793990698,KXMLBGAME-25JUL29COLCLE-COL,1108,64,-282,no,delta
1753793990699,KXMLBGAME-25JUL29COLCLE-COL,1109,64,-175,no,delta
1753793990703,KXMLBGAME-25JUL29COLCLE-COL,1110,63,-5000,no,delta
1753793990710,KXMLBGAME-25JUL29COLCLE-COL,1111,63,-5000,no,delta
1753793990710,KXMLBGAME-25JUL29COLCLE-COL,1112,64,-1755,no,delta
1753793990752,KXMLBGAME-25JUL29COLCLE-COL,1113,59,-3000,no,delta
1753793990776,KXMLBGAME-25JUL29COLCLE-COL,1114,34,2963,yes,delta
1753793990776,KXMLBGAME-25JUL29COLCLE-COL,1115,64,2036,no,delta
1753793990776,KXMLBGAME-25JUL29COLCLE-COL,1116,63,5000,no,delta
1753793990777,KXMLBGAME-25JUL29COLCLE-CLE,1117,63,5000,yes,delta
1753793990777,KXMLBGAME-25JUL29COLCLE-CLE,1118,64,319,yes,delta
1753793990777,KXMLBGAME-25JUL29COLCLE-CLE,1119,34,2963,no,delta
1753793990812,KXMLBGAME-25JUL29COLCLE-COL,1120,64,921,no,delta
1753793990878,KXMLBGAME-25JUL29COLCLE-COL,1121,63,2079,no,delta
1753793990929,KXMLBGAME-25JUL29COLCLE-CLE,1122,59,-460,yes,delta
1753793990990,KXMLBGAME-25JUL29COLCLE-CLE,1123,64,460,yes,delta
1753794015992,KXMLBGAME-25JUL29TORBALG2-TOR,1124,47,12770,no,delta
1753794016101,KXMLBGAME-25JUL29TORBALG2-BAL,1125,49,4560,no,delta
1753794016220,KXMLBGAME-25JUL29TORBALG1-BAL,1126,45,13330,no,delta
1753794016286,KXMLBGAME-25JUL29TORBALG1-TOR,1127,53,-1345,no,delta
1753794016335,KXMLBGAME-25JUL29TORBALG1-TOR,1128,49,5440,no,delta
1753794016448,KXMLBGAME-25JUL29COLCLE-CLE,1129,34,3250,no,delta
1753794016562,KXMLBGAME-25JUL29COLCLE-COL,1130,65,2290,no,delta
1753794016678,KXMLBGAME-25JUL29ARIDET-DET,1131,43,3830,no,delta
1753794016792,KXMLBGAME-25JUL29ARIDET-ARI,1132,55,6310,no,delta
1753794016927,KXMLBGAME-25JUL29TBNYY-TB,1133,62,5830,no,delta
1753794017044,KXMLBGAME-25JUL29TBNYY-NYY,1134,36,4890,no,delta
1753794017112,KXMLBGAME-25JUL29TBNYY-TB,1135,31,-92,yes,delta
1753794017156,KXMLBGAME-25JUL29LADCIN-LAD,1136,41,5370,no,delta
1753794017172,KXMLBGAME-25JUL29TBNYY-TB,1137,36,92,yes,delta
1753794017271,KXMLBGAME-25JUL29LADCIN-CIN,1138,57,4900,no,delta
1753794017387,KXMLBGAME-25JUL29BOSMIN-BOS,1139,47,2130,no,delta
1753794017500,KXMLBGAME-25JUL29BOSMIN-MIN,1140,52,2880,no,delta
1753794017616,KXMLBGAME-25JUL29ATLKC-KC,1141,45,5440,no,delta
1753794017731,KXMLBGAME-25JUL29ATLKC-ATL,1142,53,4630,no,delta
1753794017840,KXMLBGAME-25JUL29PHICWS-PHI,1143,36,4650,no,delta
1753794017868,KXMLBGAME-25JUL29LADCIN-LAD,1144,58,-1129,yes,delta
1753794017930,KXMLBGAME-25JUL29LADCIN-LAD,1145,53,1129,yes,delta
1753794017950,KXMLBGAME-25JUL29PHICWS-CWS,1146,62,6060,no,delta
1753794017988,KXMLBGAME-25JUL29LADCIN-CIN,1147,58,-2258,no,delta
1753794018037,KXMLBGAME-25JUL29LADCIN-CIN,1148,57,-742,no,delta
1753794018064,KXMLBGAME-25JUL29CHCMIL-MIL,1149,48,5140,no,delta
1753794018183,KXMLBGAME-25JUL29LADCIN-CIN,1150,53,3000,no,delta
1753794018183,KXMLBGAME-25JUL29CHCMIL-CHC,1151,50,4870,no,delta
1753794018302,KXMLBGAME-25JUL29MIASTL-STL,1152,39,7250,no,delta
1753794018412,KXMLBGAME-25JUL29MIASTL-MIA,1153,59,3210,no,delta
1753794018518,KXMLBGAME-25JUL29WSHHOU-WSH,1154,55,3390,no,delta
1753794018631,KXMLBGAME-25JUL29WSHHOU-HOU,1155,44,1670,no,delta
1753794018747,KXMLBGAME-25JUL29TEXLAA-TEX,1156,51,4630,no,delta
1753794018862,KXMLBGAME-25JUL29TEXLAA-LAA,1157,46,10440,no,delta
1753794018975,KXMLBGAME-25JUL29NYMSD-SD,1158,53,3580,no,delta
1753794019092,KXMLBGAME-25JUL29NYMSD-NYM,1159,46,1440,no,delta
1753794019200,KXMLBGAME-25JUL29PITSF-SF,1160,38,2760,no,delta
1753794019217,KXMLBGAME-25JUL29TORBALG1-TOR,1161,52,-1639,no,delta
1753794019277,KXMLBGAME-25JUL29TORBALG1-TOR,1162,52,-16,no,delta
1753794019315,KXMLBGAME-25JUL29PITSF-PIT,1163,61,2520,no,delta
1753794019332,KXMLBGAME-25JUL29TORBALG1-TOR,1164,48,3000,no,delta
1753794019378,KXMLBGAME-25JUL29NYMSD-SD,1165,48,-3000,no,delta
1753794019393,KXMLBGAME-25JUL29TORBALG1-BAL,1166,53,-672,yes,delta
1753794019430,KXMLBGAME-25JUL29SEAATH-SEA,1167,48,3840,no,delta
1753794019430,KXMLBGAME-25JUL29NYMSD-SD,1168,53,1365,no,delta
1753794019452,KXMLBGAME-25JUL29TORBALG1-BAL,1169,48,672,yes,delta
1753794019490,KXMLBGAME-25JUL29NYMSD-SD,1170,52,1635,no,delta
1753794019543,KXMLBGAME-25JUL29SEAATH-ATH,1171,50,6160,no,delta
1753794022138,KXMLBGAME-25JUL29ARIDET-ARI,1172,42,298,yes,delta
1753794022138,KXMLBGAME-25JUL29ARIDET-ARI,1173,41,-305,yes,delta
1753794022138,KXMLBGAME-25JUL29ARIDET-ARI,1174,39,-641,yes,delta
1753794022240,KXMLBGAME-25JUL29ARIDET-ARI,1175,40,625,yes,delta
1753794022349,KXMLBGAME-25JUL29ARIDET-DET,1176,42,298,no,delta
1753794022349,KXMLBGAME-25JUL29ARIDET-DET,1177,39,-641,no,delta
1753794022349,KXMLBGAME-25JUL29ARIDET-DET,1178,41,-305,no,delta
1753794022451,KXMLBGAME-25JUL29ARIDET-DET,1179,40,625,no,delta
1753794022806,KXMLBGAME-25JUL29ARIDET-ARI,1180,42,298,yes,delta
1753794022912,KXMLBGAME-25JUL29ARIDET-ARI,1181,40,625,yes,delta
1753794023027,KXMLBGAME-25JUL29ARIDET-DET,1182,42,298,no,delta
1753794023129,KXMLBGAME-25JUL29ARIDET-DET,1183,40,625,no,delta
1753794028254,KXMLBGAME-25JUL29ARIDET-ARI,1184,40,-5000,yes,delta
1753794028254,KXMLBGAME-25JUL29ARIDET-ARI,1185,55,-5000,no,delta
1753794028261,KXMLBGAME-25JUL29ARIDET-ARI,1186,56,-217,no,delta
1753794028261,KXMLBGAME-25JUL29ARIDET-ARI,1187,56,-299,no,delta
1753794028267,KXMLBGAME-25JUL29ARIDET-DET,1188,55,-5000,yes,delta
1753794028267,KXMLBGAME-25JUL29ARIDET-DET,1189,56,-16,yes,delta
1753794028267,KXMLBGAME-25JUL29ARIDET-DET,1190,40,-5000,no,delta
1753794028345,KXMLBGAME-25JUL29ARIDET-ARI,1191,43,3780,yes,delta
1753794028345,KXMLBGAME-25JUL29ARIDET-ARI,1192,42,517,yes,delta
1753794028352,KXMLBGAME-25JUL29ARIDET-ARI,1193,55,1219,no,delta
1753794028352,KXMLBGAME-25JUL29ARIDET-ARI,1194,53,5000,no,delta
1753794028352,KXMLBGAME-25JUL29ARIDET-DET,1195,55,719,yes,delta
1753794028360,KXMLBGAME-25JUL29ARIDET-DET,1196,53,5000,yes,delta
1753794028360,KXMLBGAME-25JUL29ARIDET-DET,1197,42,17,no,delta
1753794028360,KXMLBGAME-25JUL29ARIDET-DET,1198,43,4280,no,delta
1753794032946,KXMLBGAME-25JUL29ARIDET-DET,1199,41,-1503,no,delta
1753794033284,KXMLBGAME-25JUL29ARIDET-DET,1200,40,-770,no,delta
1753794033636,KXMLBGAME-25JUL29ARIDET-DET,1201,42,1533,no,delta
1753794033775,KXMLBGAME-25JUL29ARIDET-DET,1202,41,785,no,delta
1753794050874,KXMLBGAME-25JUL29COLCLE-COL,1203,34,-2963,yes,delta
1753794050875,KXMLBGAME-25JUL29COLCLE-CLE,1204,64,-319,yes,delta
1753794050882,KXMLBGAME-25JUL29COLCLE-CLE,1205,64,-1435,yes,delta
1753794050882,KXMLBGAME-25JUL29COLCLE-CLE,1206,64,-282,yes,delta
1753794050972,KXMLBGAME-25JUL29COLCLE-CLE,1207,64,1712,yes,delta
1753794050978,KXMLBGAME-25JUL29COLCLE-CLE,1208,34,324,no,delta
1753794050978,KXMLBGAME-25JUL29COLCLE-COL,1209,34,2787,yes,delta
1753794050984,KXMLBGAME-25JUL29COLCLE-COL,1210,64,176,no,delta
1753794053544,KXMLBGAME-25JUL29ARIDET-ARI,1211,40,-625,yes,delta
1753794053557,KXMLBGAME-25JUL29ARIDET-ARI,1212,42,-298,yes,delta
1753794053624,KXMLBGAME-25JUL29ARIDET-DET,1213,42,-298,no,delta
1753794053624,KXMLBGAME-25JUL29ARIDET-DET,1214,40,-625,no,delta
1753794065720,KXMLBGAME-25JUL29NYMSD-NYM,1215,46,-5,no,delta
1753794065907,KXMLBGAME-25JUL29NYMSD-NYM,1216,45,5000,no,delta
1753794065914,KXMLBGAME-25JUL29NYMSD-SD,1217,52,5000,no,delta
1753794065914,KXMLBGAME-25JUL29NYMSD-NYM,1218,52,5000,yes,delta
1753794065914,KXMLBGAME-25JUL29NYMSD-SD,1219,45,5000,yes,delta
1753794066006,KXMLBGAME-25JUL29NYMSD-NYM,1220,2,-2000,no,delta
1753794066032,KXMLBGAME-25JUL29NYMSD-NYM,1221,2,2000,no,delta
1753794081705,KXMLBGAME-25JUL29NYMSD-NYM,1222,52,-4155,yes,delta
1753794081705,KXMLBGAME-25JUL29NYMSD-NYM,1223,52,-5000,yes,delta
1753794081711,KXMLBGAME-25JUL29NYMSD-NYM,1224,46,-839,no,delta
1753794081711,KXMLBGAME-25JUL29NYMSD-NYM,1225,45,-5000,no,delta
1753794081711,KXMLBGAME-25JUL29NYMSD-NYM,1226,45,-5000,no,delta
1753794081716,KXMLBGAME-25JUL29NYMSD-SD,1227,45,-5000,yes,delta
1753794081716,KXMLBGAME-25JUL29NYMSD-SD,1228,45,-5000,yes,delta
1753794081721,KXMLBGAME-25JUL29NYMSD-SD,1229,52,-5000,no,delta
1753794081721,KXMLBGAME-25JUL29NYMSD-SD,1230,52,-1,no,delta
1753794081723,KXMLBGAME-25JUL29NYMSD-SD,1231,52,-4654,no,delta
1753794081801,KXMLBGAME-25JUL29NYMSD-NYM,1232,52,4427,yes,delta
1753794081801,KXMLBGAME-25JUL29NYMSD-NYM,1233,46,572,no,delta
1753794081809,KXMLBGAME-25JUL29NYMSD-NYM,1234,45,5000,no,delta
1753794081809,KXMLBGAME-25JUL29NYMSD-SD,1235,45,5000,yes,delta
1753794081809,KXMLBGAME-25JUL29NYMSD-SD,1236,46,228,yes,delta
1753794081817,KXMLBGAME-25JUL29NYMSD-SD,1237,52,4427,no,delta
1753794102008,KXMLBGAME-25JUL29TORBALG1-TOR,1238,53,-63,no,delta
1753794102160,KXMLBGAME-25JUL29TORBALG1-TOR,1239,2,-2000,no,delta
1753794102194,KXMLBGAME-25JUL29TORBALG1-TOR,1240,2,2000,no,delta
1753794106436,KXMLBGAME-25JUL29TORBALG1-BAL,1241,45,-270,no,delta
1753794106436,KXMLBGAME-25JUL29TORBALG1-BAL,1242,45,-2263,no,delta
1753794106436,KXMLBGAME-25JUL29TORBALG1-TOR,1243,53,-230,no,delta
1753794106444,KXMLBGAME-25JUL29TORBALG1-TOR,1244,53,-2673,no,delta
1753794106486,KXMLBGAME-25JUL29TORBALG1-BAL,1245,53,207,yes,delta
1753794106486,KXMLBGAME-25JUL29TORBALG1-BAL,1246,45,2326,no,delta
1753794106486,KXMLBGAME-25JUL29TORBALG1-TOR,1247,45,293,yes,delta
1753794106492,KXMLBGAME-25JUL29TORBALG1-TOR,1248,53,2673,no,delta
1753794108097,KXMLBGAME-25JUL29TORBALG1-TOR,1249,53,-2673,no,delta
1753794108097,KXMLBGAME-25JUL29TORBALG1-BAL,1250,53,-207,yes,delta
1753794108097,KXMLBGAME-25JUL29TORBALG1-BAL,1251,53,-2466,yes,delta
1753794108177,KXMLBGAME-25JUL29TORBALG1-BAL,1252,53,2560,yes,delta
1753794108177,KXMLBGAME-25JUL29TORBALG1-BAL,1253,45,113,no,delta
1753794108177,KXMLBGAME-25JUL29TORBALG1-TOR,1254,45,63,yes,delta
1753794108183,KXMLBGAME-25JUL29TORBALG1-TOR,1255,53,2610,no,delta
1753794121445,KXMLBGAME-25JUL29PITSF-PIT,1256,61,-49,no,delta
1753794121695,KXMLBGAME-25JUL29PITSF-PIT,1257,4,-1000,no,delta
1753794121727,KXMLBGAME-25JUL29PITSF-PIT,1258,4,1000,no,delta
1753794123792,KXMLBGAME-25JUL29PITSF-PIT,1259,41,-80,no,delta
1753794123800,KXMLBGAME-25JUL29PITSF-PIT,1260,41,-57,no,delta
1753794123800,KXMLBGAME-25JUL29PITSF-PIT,1261,41,-185,no,delta
1753794123985,KXMLBGAME-25JUL29PITSF-PIT,1262,42,80,no,delta
1753794123985,KXMLBGAME-25JUL29PITSF-PIT,1263,43,57,no,delta
1753794123992,KXMLBGAME-25JUL29PITSF-PIT,1264,44,34,no,delta
1753794123992,KXMLBGAME-25JUL29PITSF-PIT,1265,46,30,no,delta
1753794123997,KXMLBGAME-25JUL29PITSF-PIT,1266,47,70,no,delta
1753794123998,KXMLBGAME-25JUL29PITSF-PIT,1267,49,51,no,delta
1753794142098,KXMLBGAME-25JUL29NYMSD-NYM,1268,52,-4427,yes,delta
1753794142104,KXMLBGAME-25JUL29NYMSD-SD,1269,46,-228,yes,delta
1753794142105,KXMLBGAME-25JUL29NYMSD-SD,1270,46,-344,yes,delta
1753794142167,KXMLBGAME-25JUL29NYMSD-NYM,1271,52,4160,yes,delta
1753794142174,KXMLBGAME-25JUL29NYMSD-NYM,1272,46,267,no,delta
1753794142174,KXMLBGAME-25JUL29NYMSD-SD,1273,46,339,yes,delta
1753794142181,KXMLBGAME-25JUL29NYMSD-SD,1274,52,233,no,delta
1753794152680,KXMLBGAME-25JUL29BOSMIN-BOS,1275,47,-5,no,delta
1753794152746,KXMLBGAME-25JUL29BOSMIN-BOS,1276,51,2,yes,delta
1753794152805,KXMLBGAME-25JUL29BOSMIN-BOS,1277,50,2,yes,delta
1753794152859,KXMLBGAME-25JUL29BOSMIN-BOS,1278,49,2,yes,delta
1753794152877,KXMLBGAME-25JUL29BOSMIN-BOS,1279,2,-2000,no,delta
1753794152906,KXMLBGAME-25JUL29BOSMIN-BOS,1280,2,2000,no,delta
1753794152919,KXMLBGAME-25JUL29BOSMIN-BOS,1281,48,2,yes,delta
1753794152981,KXMLBGAME-25JUL29BOSMIN-BOS,1282,47,2,yes,delta
1753794153041,KXMLBGAME-25JUL29BOSMIN-MIN,1283,51,5,no,delta
1753794153099,KXMLBGAME-25JUL29BOSMIN-MIN,1284,47,-3,yes,delta
1753794153157,KXMLBGAME-25JUL29BOSMIN-MIN,1285,46,-3,yes,delta
1753794153217,KXMLBGAME-25JUL29BOSMIN-MIN,1286,45,-3,yes,delta
1753794153270,KXMLBGAME-25JUL29BOSMIN-MIN,1287,44,-3,yes,delta
1753794153328,KXMLBGAME-25JUL29BOSMIN-MIN,1288,43,-3,yes,delta
1753794153791,KXMLBGAME-25JUL29TORBALG1-TOR,1289,53,-180,no,delta
1753794153990,KXMLBGAME-25JUL29TORBALG1-BAL,1290,45,5000,no,delta
1753794153998,KXMLBGAME-25JUL29TORBALG1-TOR,1291,52,5000,no,delta
1753794153998,KXMLBGAME-25JUL29TORBALG1-BAL,1292,52,5000,yes,delta
1753794153998,KXMLBGAME-25JUL29TORBALG1-TOR,1293,45,5000,yes,delta
1753794154035,KXMLBGAME-25JUL29TORBALG1-TOR,1294,2,-2000,no,delta
1753794154069,KXMLBGAME-25JUL29TORBALG1-TOR,1295,2,2000,no,delta
1753794166856,KXMLBGAME-25JUL29TORBALG1-BAL,1296,53,-2560,yes,delta
1753794166856,KXMLBGAME-25JUL29TORBALG1-BAL,1297,52,-5000,yes,delta
1753794166862,KXMLBGAME-25JUL29TORBALG1-BAL,1298,52,-5000,yes,delta
1753794166862,KXMLBGAME-25JUL29TORBALG1-BAL,1299,45,-5000,no,delta
1753794166862,KXMLBGAME-25JUL29TORBALG1-BAL,1300,45,-113,no,delta
1753794166869,KXMLBGAME-25JUL29TORBALG1-BAL,1301,45,-2326,no,delta
1753794166869,KXMLBGAME-25JUL29TORBALG1-TOR,1302,45,-2033,yes,delta
1753794166875,KXMLBGAME-25JUL29TORBALG1-TOR,1303,45,-293,yes,delta
1753794166875,KXMLBGAME-25JUL29TORBALG1-TOR,1304,45,-5000,yes,delta
1753794166880,KXMLBGAME-25JUL29TORBALG1-TOR,1305,45,-63,yes,delta
1753794166880,KXMLBGAME-25JUL29TORBALG1-TOR,1306,52,-5000,no,delta
1753794166887,KXMLBGAME-25JUL29TORBALG1-TOR,1307,52,-5000,no,delta
1753794166972,KXMLBGAME-25JUL29TORBALG1-BAL,1308,52,5000,yes,delta
1753794166972,KXMLBGAME-25JUL29TORBALG1-BAL,1309,53,2493,yes,delta
1753794166977,KXMLBGAME-25JUL29TORBALG1-BAL,1310,45,2506,no,delta
1753794166977,KXMLBGAME-25JUL29TORBALG1-TOR,1311,45,2506,yes,delta
1753794166977,KXMLBGAME-25JUL29TORBALG1-TOR,1312,52,5000,no,delta
1753794166985,KXMLBGAME-25JUL29TORBALG1-TOR,1313,53,63,no,delta
