client_ts,market_ticker,seq,price,delta,side,msg_type
1753708935264,KXMLBGAME-25JUL28ARIDET-ARI,1,1,10000,yes,snapshot
1753708935264,KXMLBGAME-25JUL28ARIDET-ARI,1,2,3300,yes,snapshot
1753708935264,KXMLBGAME-25JUL28ARIDET-ARI,1,3,700,yes,snapshot
1753708935264,KXMLBGAME-25JUL28ARIDET-ARI,1,4,200,yes,snapshot
1753708935264,KXMLBGAME-25JUL28ARIDET-ARI,1,5,100,yes,snapshot
1753708935264,KXMLBGAME-25JUL28ARIDET-ARI,1,7,100,yes,snapshot
1753708935264,KXMLBGAME-25JUL28ARIDET-ARI,1,14,100,yes,snapshot
1753708935264,KXMLBGAME-25JUL28ARIDET-ARI,1,17,100,yes,snapshot
1753708935264,KXMLBGAME-25JUL28ARIDET-ARI,1,18,224,yes,snapshot
1753708935264,KXMLBGAME-25JUL28ARIDET-ARI,1,25,324,yes,snapshot
1753708935264,KXMLBGAME-25JUL28ARIDET-ARI,1,26,284,yes,snapshot
1753708935264,KXMLBGAME-25JUL28ARIDET-ARI,1,27,216,yes,snapshot
1753708935264,KXMLBGAME-25JUL28ARIDET-ARI,1,28,124,yes,snapshot
1753708935264,KXMLBGAME-25JUL28ARIDET-ARI,1,29,124,yes,snapshot
1753708935264,KXMLBGAME-25JUL28ARIDET-ARI,1,30,96,yes,snapshot
1753708935264,KXMLBGAME-25JUL28ARIDET-ARI,1,31,76,yes,snapshot
1753708935264,KXMLBGAME-25JUL28ARIDET-ARI,1,32,56,yes,snapshot
1753708935264,KXMLBGAME-25JUL28ARIDET-ARI,1,41,610,yes,snapshot
1753708935264,KXMLBGAME-25JUL28ARIDET-ARI,1,42,6000,yes,snapshot
1753708935264,KXMLBGAME-25JUL28ARIDET-ARI,1,43,6291,yes,snapshot
1753708935264,KXMLBGAME-25JUL28ARIDET-ARI,1,44,6452,yes,snapshot
1753708935264,KXMLBGAME-25JUL28ARIDET-ARI,1,1,10000,no,snapshot
1753708935264,KXMLBGAME-25JUL28ARIDET-ARI,1,2,5300,no,snapshot
1753708935264,KXMLBGAME-25JUL28ARIDET-ARI,1,3,700,no,snapshot
1753708935264,KXMLBGAME-25JUL28ARIDET-ARI,1,4,200,no,snapshot
1753708935264,KXMLBGAME-25JUL28ARIDET-ARI,1,16,100,no,snapshot
1753708935264,KXMLBGAME-25JUL28ARIDET-ARI,1,20,100,no,snapshot
1753708935264,KXMLBGAME-25JUL28ARIDET-ARI,1,21,238,no,snapshot
1753708935264,KXMLBGAME-25JUL28ARIDET-ARI,1,25,100,no,snapshot
1753708935264,KXMLBGAME-25JUL28ARIDET-ARI,1,27,100,no,snapshot
1753708935264,KXMLBGAME-25JUL28ARIDET-ARI,1,35,324,no,snapshot
1753708935264,KXMLBGAME-25JUL28ARIDET-ARI,1,36,314,no,snapshot
1753708935264,KXMLBGAME-25JUL28ARIDET-ARI,1,37,216,no,snapshot
1753708935264,KXMLBGAME-25JUL28ARIDET-ARI,1,38,124,no,snapshot
1753708935264,KXMLBGAME-25JUL28ARIDET-ARI,1,39,124,no,snapshot
1753708935264,KXMLBGAME-25JUL28ARIDET-ARI,1,40,96,no,snapshot
1753708935264,KXMLBGAME-25JUL28ARIDET-ARI,1,41,76,no,snapshot
1753708935264,KXMLBGAME-25JUL28ARIDET-ARI,1,42,56,no,snapshot
1753708935264,KXMLBGAME-25JUL28ARIDET-ARI,1,50,3000,no,snapshot
1753708935264,KXMLBGAME-25JUL28ARIDET-ARI,1,51,4490,no,snapshot
1753708935264,KXMLBGAME-25JUL28ARIDET-ARI,1,52,9000,no,snapshot
1753708935264,KXMLBGAME-25JUL28ARIDET-ARI,1,53,17390,no,snapshot
1753708935264,KXMLBGAME-25JUL28ARIDET-ARI,1,54,5047,no,snapshot
1753708935264,KXMLBGAME-25JUL28ARIDET-DET,2,1,1000,yes,snapshot
1753708935264,KXMLBGAME-25JUL28ARIDET-DET,2,2,300,yes,snapshot
1753708935264,KXMLBGAME-25JUL28ARIDET-DET,2,4,200,yes,snapshot
1753708935264,KXMLBGAME-25JUL28ARIDET-DET,2,5,100,yes,snapshot
1753708935264,KXMLBGAME-25JUL28ARIDET-DET,2,7,100,yes,snapshot
1753708935264,KXMLBGAME-25JUL28ARIDET-DET,2,14,100,yes,snapshot
1753708935264,KXMLBGAME-25JUL28ARIDET-DET,2,17,100,yes,snapshot
1753708935264,KXMLBGAME-25JUL28ARIDET-DET,2,18,286,yes,snapshot
1753708935264,KXMLBGAME-25JUL28ARIDET-DET,2,50,2000,yes,snapshot
1753708935264,KXMLBGAME-25JUL28ARIDET-DET,2,51,2500,yes,snapshot
1753708935264,KXMLBGAME-25JUL28ARIDET-DET,2,52,7500,yes,snapshot
1753708935264,KXMLBGAME-25JUL28ARIDET-DET,2,53,9736,yes,snapshot
1753708935264,KXMLBGAME-25JUL28ARIDET-DET,2,54,3047,yes,snapshot
1753708935264,KXMLBGAME-25JUL28ARIDET-DET,2,1,1000,no,snapshot
1753708935264,KXMLBGAME-25JUL28ARIDET-DET,2,2,2300,no,snapshot
1753708935264,KXMLBGAME-25JUL28ARIDET-DET,2,4,200,no,snapshot
1753708935264,KXMLBGAME-25JUL28ARIDET-DET,2,16,100,no,snapshot
1753708935264,KXMLBGAME-25JUL28ARIDET-DET,2,17,236,no,snapshot
1753708935264,KXMLBGAME-25JUL28ARIDET-DET,2,20,100,no,snapshot
1753708935264,KXMLBGAME-25JUL28ARIDET-DET,2,25,100,no,snapshot
1753708935264,KXMLBGAME-25JUL28ARIDET-DET,2,27,100,no,snapshot
1753708935264,KXMLBGAME-25JUL28ARIDET-DET,2,36,30,no,snapshot
1753708935264,KXMLBGAME-25JUL28ARIDET-DET,2,40,3000,no,snapshot
1753708935264,KXMLBGAME-25JUL28ARIDET-DET,2,41,3610,no,snapshot
1753708935264,KXMLBGAME-25JUL28ARIDET-DET,2,42,9000,no,snapshot
1753708935264,KXMLBGAME-25JUL28ARIDET-DET,2,43,9291,no,snapshot
1753708935264,KXMLBGAME-25JUL28ARIDET-DET,2,44,14476,no,snapshot
1753708935264,KXMLBGAME-25JUL28ARIDET-DET,2,45,3906,no,snapshot
1753708935264,KXMLBGAME-25JUL28ATLKC-ATL,3,1,1000,yes,snapshot
1753708935264,KXMLBGAME-25JUL28ATLKC-ATL,3,2,300,yes,snapshot
1753708935264,KXMLBGAME-25JUL28ATLKC-ATL,3,4,200,yes,snapshot
1753708935264,KXMLBGAME-25JUL28ATLKC-ATL,3,5,100,yes,snapshot
1753708935264,KXMLBGAME-25JUL28ATLKC-ATL,3,7,100,yes,snapshot
1753708935264,KXMLBGAME-25JUL28ATLKC-ATL,3,14,100,yes,snapshot
1753708935264,KXMLBGAME-25JUL28ATLKC-ATL,3,17,100,yes,snapshot
1753708935264,KXMLBGAME-25JUL28ATLKC-ATL,3,18,277,yes,snapshot
1753708935264,KXMLBGAME-25JUL28ATLKC-ATL,3,55,647,yes,snapshot
1753708935264,KXMLBGAME-25JUL28ATLKC-ATL,3,56,1093,yes,snapshot
1753708935264,KXMLBGAME-25JUL28ATLKC-ATL,3,57,6647,yes,snapshot
1753708935264,KXMLBGAME-25JUL28ATLKC-ATL,3,58,6647,yes,snapshot
1753708935264,KXMLBGAME-25JUL28ATLKC-ATL,3,59,8729,yes,snapshot
1753708935264,KXMLBGAME-25JUL28ATLKC-ATL,3,1,5000,no,snapshot
1753708935264,KXMLBGAME-25JUL28ATLKC-ATL,3,2,300,no,snapshot
1753708935264,KXMLBGAME-25JUL28ATLKC-ATL,3,4,200,no,snapshot
1753708935264,KXMLBGAME-25JUL28ATLKC-ATL,3,16,100,no,snapshot
1753708935264,KXMLBGAME-25JUL28ATLKC-ATL,3,17,236,no,snapshot
1753708935264,KXMLBGAME-25JUL28ATLKC-ATL,3,20,100,no,snapshot
1753708935264,KXMLBGAME-25JUL28ATLKC-ATL,3,25,100,no,snapshot
1753708935264,KXMLBGAME-25JUL28ATLKC-ATL,3,27,100,no,snapshot
1753708935264,KXMLBGAME-25JUL28ATLKC-ATL,3,35,3714,no,snapshot
1753708935264,KXMLBGAME-25JUL28ATLKC-ATL,3,36,4030,no,snapshot
1753708935264,KXMLBGAME-25JUL28ATLKC-ATL,3,37,9338,no,snapshot
1753708935264,KXMLBGAME-25JUL28ATLKC-ATL,3,38,11500,no,snapshot
1753708935264,KXMLBGAME-25JUL28ATLKC-ATL,3,39,7134,no,snapshot
1753708935264,KXMLBGAME-25JUL28ATLKC-KC,4,1,10000,yes,snapshot
1753708935264,KXMLBGAME-25JUL28ATLKC-KC,4,2,3300,yes,snapshot
1753708935264,KXMLBGAME-25JUL28ATLKC-KC,4,3,700,yes,snapshot
1753708935264,KXMLBGAME-25JUL28ATLKC-KC,4,4,200,yes,snapshot
1753708935264,KXMLBGAME-25JUL28ATLKC-KC,4,5,100,yes,snapshot
1753708935264,KXMLBGAME-25JUL28ATLKC-KC,4,7,100,yes,snapshot
1753708935264,KXMLBGAME-25JUL28ATLKC-KC,4,14,100,yes,snapshot
1753708935264,KXMLBGAME-25JUL28ATLKC-KC,4,17,100,yes,snapshot
1753708935264,KXMLBGAME-25JUL28ATLKC-KC,4,18,223,yes,snapshot
1753708935264,KXMLBGAME-25JUL28ATLKC-KC,4,20,318,yes,snapshot
1753708935264,KXMLBGAME-25JUL28ATLKC-KC,4,21,308,yes,snapshot
1753708935264,KXMLBGAME-25JUL28ATLKC-KC,4,22,230,yes,snapshot
1753708935264,KXMLBGAME-25JUL28ATLKC-KC,4,23,194,yes,snapshot
1753708935264,KXMLBGAME-25JUL28ATLKC-KC,4,24,115,yes,snapshot
1753708935264,KXMLBGAME-25JUL28ATLKC-KC,4,25,86,yes,snapshot
1753708935264,KXMLBGAME-25JUL28ATLKC-KC,4,26,36,yes,snapshot
1753708935264,KXMLBGAME-25JUL28ATLKC-KC,4,27,14,yes,snapshot
1753708935264,KXMLBGAME-25JUL28ATLKC-KC,4,35,1566,yes,snapshot
1753708935264,KXMLBGAME-25JUL28ATLKC-KC,4,36,6852,yes,snapshot
1753708935264,KXMLBGAME-25JUL28ATLKC-KC,4,37,7190,yes,snapshot
1753708935264,KXMLBGAME-25JUL28ATLKC-KC,4,38,8981,yes,snapshot
1753708935264,KXMLBGAME-25JUL28ATLKC-KC,4,39,852,yes,snapshot
1753708935264,KXMLBGAME-25JUL28ATLKC-KC,4,1,10000,no,snapshot
1753708935264,KXMLBGAME-25JUL28ATLKC-KC,4,2,5300,no,snapshot
1753708935264,KXMLBGAME-25JUL28ATLKC-KC,4,3,700,no,snapshot
1753708935264,KXMLBGAME-25JUL28ATLKC-KC,4,4,200,no,snapshot
1753708935264,KXMLBGAME-25JUL28ATLKC-KC,4,16,100,no,snapshot
1753708935264,KXMLBGAME-25JUL28ATLKC-KC,4,20,100,no,snapshot
1753708935264,KXMLBGAME-25JUL28ATLKC-KC,4,21,238,no,snapshot
1753708935264,KXMLBGAME-25JUL28ATLKC-KC,4,25,100,no,snapshot
1753708935264,KXMLBGAME-25JUL28ATLKC-KC,4,27,100,no,snapshot
1753708935264,KXMLBGAME-25JUL28ATLKC-KC,4,36,30,no,snapshot
1753708935264,KXMLBGAME-25JUL28ATLKC-KC,4,41,318,no,snapshot
1753708935264,KXMLBGAME-25JUL28ATLKC-KC,4,42,308,no,snapshot
1753708935264,KXMLBGAME-25JUL28ATLKC-KC,4,43,230,no,snapshot
1753708935264,KXMLBGAME-25JUL28ATLKC-KC,4,44,194,no,snapshot
1753708935264,KXMLBGAME-25JUL28ATLKC-KC,4,45,115,no,snapshot
1753708935264,KXMLBGAME-25JUL28ATLKC-KC,4,46,86,no,snapshot
1753708935264,KXMLBGAME-25JUL28ATLKC-KC,4,47,36,no,snapshot
1753708935264,KXMLBGAME-25JUL28ATLKC-KC,4,55,3000,no,snapshot
1753708935264,KXMLBGAME-25JUL28ATLKC-KC,4,56,3446,no,snapshot
1753708935264,KXMLBGAME-25JUL28ATLKC-KC,4,57,4000,no,snapshot
1753708935264,KXMLBGAME-25JUL28ATLKC-KC,4,58,9000,no,snapshot
1753708935264,KXMLBGAME-25JUL28ATLKC-KC,4,59,14637,no,snapshot
1753708935264,KXMLBGAME-25JUL28ATLKC-KC,4,60,10370,no,snapshot
1753708935264,KXMLBGAME-25JUL28BOSMIN-BOS,5,1,10000,yes,snapshot
1753708935264,KXMLBGAME-25JUL28BOSMIN-BOS,5,2,3300,yes,snapshot
1753708935264,KXMLBGAME-25JUL28BOSMIN-BOS,5,3,700,yes,snapshot
1753708935264,KXMLBGAME-25JUL28BOSMIN-BOS,5,4,200,yes,snapshot
1753708935264,KXMLBGAME-25JUL28BOSMIN-BOS,5,5,100,yes,snapshot
1753708935264,KXMLBGAME-25JUL28BOSMIN-BOS,5,7,100,yes,snapshot
1753708935264,KXMLBGAME-25JUL28BOSMIN-BOS,5,14,100,yes,snapshot
1753708935264,KXMLBGAME-25JUL28BOSMIN-BOS,5,17,100,yes,snapshot
1753708935264,KXMLBGAME-25JUL28BOSMIN-BOS,5,18,229,yes,snapshot
1753708935264,KXMLBGAME-25JUL28BOSMIN-BOS,5,29,312,yes,snapshot
1753708935264,KXMLBGAME-25JUL28BOSMIN-BOS,5,30,296,yes,snapshot
1753708935264,KXMLBGAME-25JUL28BOSMIN-BOS,5,31,216,yes,snapshot
1753708935264,KXMLBGAME-25JUL28BOSMIN-BOS,5,32,200,yes,snapshot
1753708935264,KXMLBGAME-25JUL28BOSMIN-BOS,5,33,136,yes,snapshot
1753708935264,KXMLBGAME-25JUL28BOSMIN-BOS,5,34,80,yes,snapshot
1753708935264,KXMLBGAME-25JUL28BOSMIN-BOS,5,35,40,yes,snapshot
1753708935264,KXMLBGAME-25JUL28BOSMIN-BOS,5,44,745,yes,snapshot
1753708935264,KXMLBGAME-25JUL28BOSMIN-BOS,5,45,2301,yes,snapshot
1753708935264,KXMLBGAME-25JUL28BOSMIN-BOS,5,46,6745,yes,snapshot
1753708935264,KXMLBGAME-25JUL28BOSMIN-BOS,5,47,9511,yes,snapshot
1753708935264,KXMLBGAME-25JUL28BOSMIN-BOS,5,48,2625,yes,snapshot
1753708935264,KXMLBGAME-25JUL28BOSMIN-BOS,5,1,10000,no,snapshot
1753708935264,KXMLBGAME-25JUL28BOSMIN-BOS,5,2,5300,no,snapshot
1753708935264,KXMLBGAME-25JUL28BOSMIN-BOS,5,3,700,no,snapshot
1753708935264,KXMLBGAME-25JUL28BOSMIN-BOS,5,4,200,no,snapshot
1753708935264,KXMLBGAME-25JUL28BOSMIN-BOS,5,16,100,no,snapshot
1753708935264,KXMLBGAME-25JUL28BOSMIN-BOS,5,20,100,no,snapshot
1753708935264,KXMLBGAME-25JUL28BOSMIN-BOS,5,21,238,no,snapshot
1753708935264,KXMLBGAME-25JUL28BOSMIN-BOS,5,25,100,no,snapshot
1753708935264,KXMLBGAME-25JUL28BOSMIN-BOS,5,27,100,no,snapshot
1753708935264,KXMLBGAME-25JUL28BOSMIN-BOS,5,31,312,no,snapshot
1753708935264,KXMLBGAME-25JUL28BOSMIN-BOS,5,32,296,no,snapshot
1753708935264,KXMLBGAME-25JUL28BOSMIN-BOS,5,33,216,no,snapshot
1753708935264,KXMLBGAME-25JUL28BOSMIN-BOS,5,34,200,no,snapshot
1753708935264,KXMLBGAME-25JUL28BOSMIN-BOS,5,35,136,no,snapshot
1753708935264,KXMLBGAME-25JUL28BOSMIN-BOS,5,36,110,no,snapshot
1753708935264,KXMLBGAME-25JUL28BOSMIN-BOS,5,37,40,no,snapshot
1753708935264,KXMLBGAME-25JUL28BOSMIN-BOS,5,46,3000,no,snapshot
1753708935264,KXMLBGAME-25JUL28BOSMIN-BOS,5,47,3532,no,snapshot
1753708935264,KXMLBGAME-25JUL28BOSMIN-BOS,5,48,9000,no,snapshot
1753708935264,KXMLBGAME-25JUL28BOSMIN-BOS,5,49,9255,no,snapshot
1753708935264,KXMLBGAME-25JUL28BOSMIN-BOS,5,50,10780,no,snapshot
1753708935264,KXMLBGAME-25JUL28BOSMIN-MIN,6,1,1000,yes,snapshot
1753708935264,KXMLBGAME-25JUL28BOSMIN-MIN,6,2,300,yes,snapshot
1753708935264,KXMLBGAME-25JUL28BOSMIN-MIN,6,4,200,yes,snapshot
1753708935264,KXMLBGAME-25JUL28BOSMIN-MIN,6,5,100,yes,snapshot
1753708935264,KXMLBGAME-25JUL28BOSMIN-MIN,6,7,100,yes,snapshot
1753708935264,KXMLBGAME-25JUL28BOSMIN-MIN,6,14,100,yes,snapshot
1753708935264,KXMLBGAME-25JUL28BOSMIN-MIN,6,17,100,yes,snapshot
1753708935264,KXMLBGAME-25JUL28BOSMIN-MIN,6,18,286,yes,snapshot
1753708935264,KXMLBGAME-25JUL28BOSMIN-MIN,6,46,754,yes,snapshot
1753708935264,KXMLBGAME-25JUL28BOSMIN-MIN,6,47,1286,yes,snapshot
1753708935264,KXMLBGAME-25JUL28BOSMIN-MIN,6,48,6754,yes,snapshot
1753708935264,KXMLBGAME-25JUL28BOSMIN-MIN,6,49,7009,yes,snapshot
1753708935264,KXMLBGAME-25JUL28BOSMIN-MIN,6,50,6373,yes,snapshot
1753708935264,KXMLBGAME-25JUL28BOSMIN-MIN,6,1,1000,no,snapshot
1753708935264,KXMLBGAME-25JUL28BOSMIN-MIN,6,2,2300,no,snapshot
1753708935264,KXMLBGAME-25JUL28BOSMIN-MIN,6,4,200,no,snapshot
1753708935264,KXMLBGAME-25JUL28BOSMIN-MIN,6,16,100,no,snapshot
1753708935264,KXMLBGAME-25JUL28BOSMIN-MIN,6,17,236,no,snapshot
1753708935264,KXMLBGAME-25JUL28BOSMIN-MIN,6,20,100,no,snapshot
1753708935264,KXMLBGAME-25JUL28BOSMIN-MIN,6,25,100,no,snapshot
1753708935264,KXMLBGAME-25JUL28BOSMIN-MIN,6,27,100,no,snapshot
1753708935264,KXMLBGAME-25JUL28BOSMIN-MIN,6,36,30,no,snapshot
1753708935264,KXMLBGAME-25JUL28BOSMIN-MIN,6,44,3000,no,snapshot
1753708935264,KXMLBGAME-25JUL28BOSMIN-MIN,6,45,4556,no,snapshot
1753708935264,KXMLBGAME-25JUL28BOSMIN-MIN,6,46,9000,no,snapshot
1753708935264,KXMLBGAME-25JUL28BOSMIN-MIN,6,47,11766,no,snapshot
1753708935264,KXMLBGAME-25JUL28BOSMIN-MIN,6,48,3871,no,snapshot
1753708935264,KXMLBGAME-25JUL28BOSMIN-MIN,6,49,1690,no,snapshot
1753708935264,KXMLBGAME-25JUL28CHCMIL-CHC,7,1,10000,yes,snapshot
1753708935264,KXMLBGAME-25JUL28CHCMIL-CHC,7,2,3300,yes,snapshot
1753708935264,KXMLBGAME-25JUL28CHCMIL-CHC,7,3,700,yes,snapshot
1753708935264,KXMLBGAME-25JUL28CHCMIL-CHC,7,4,200,yes,snapshot
1753708935264,KXMLBGAME-25JUL28CHCMIL-CHC,7,5,100,yes,snapshot
1753708935264,KXMLBGAME-25JUL28CHCMIL-CHC,7,7,100,yes,snapshot
1753708935264,KXMLBGAME-25JUL28CHCMIL-CHC,7,14,100,yes,snapshot
1753708935264,KXMLBGAME-25JUL28CHCMIL-CHC,7,17,100,yes,snapshot
1753708935264,KXMLBGAME-25JUL28CHCMIL-CHC,7,18,280,yes,snapshot
1753708935264,KXMLBGAME-25JUL28CHCMIL-CHC,7,32,319,yes,snapshot
1753708935264,KXMLBGAME-25JUL28CHCMIL-CHC,7,33,301,yes,snapshot
1753708935264,KXMLBGAME-25JUL28CHCMIL-CHC,7,34,297,yes,snapshot
1753708935264,KXMLBGAME-25JUL28CHCMIL-CHC,7,35,177,yes,snapshot
1753708935264,KXMLBGAME-25JUL28CHCMIL-CHC,7,36,124,yes,snapshot
1753708935264,KXMLBGAME-25JUL28CHCMIL-CHC,7,37,76,yes,snapshot
1753708935264,KXMLBGAME-25JUL28CHCMIL-CHC,7,47,1179,yes,snapshot
1753708935264,KXMLBGAME-25JUL28CHCMIL-CHC,7,48,2700,yes,snapshot
1753708935264,KXMLBGAME-25JUL28CHCMIL-CHC,7,49,7179,yes,snapshot
1753708935264,KXMLBGAME-25JUL28CHCMIL-CHC,7,50,9429,yes,snapshot
1753708935264,KXMLBGAME-25JUL28CHCMIL-CHC,7,51,2115,yes,snapshot
1753708935264,KXMLBGAME-25JUL28CHCMIL-CHC,7,1,10000,no,snapshot
1753708935264,KXMLBGAME-25JUL28CHCMIL-CHC,7,2,3300,no,snapshot
1753708935264,KXMLBGAME-25JUL28CHCMIL-CHC,7,3,2033,no,snapshot
1753708935264,KXMLBGAME-25JUL28CHCMIL-CHC,7,4,200,no,snapshot
1753708935264,KXMLBGAME-25JUL28CHCMIL-CHC,7,16,100,no,snapshot
1753708935264,KXMLBGAME-25JUL28CHCMIL-CHC,7,17,235,no,snapshot
1753708935264,KXMLBGAME-25JUL28CHCMIL-CHC,7,20,100,no,snapshot
1753708935264,KXMLBGAME-25JUL28CHCMIL-CHC,7,25,100,no,snapshot
1753708935264,KXMLBGAME-25JUL28CHCMIL-CHC,7,27,100,no,snapshot
1753708935264,KXMLBGAME-25JUL28CHCMIL-CHC,7,29,319,no,snapshot
1753708935264,KXMLBGAME-25JUL28CHCMIL-CHC,7,30,301,no,snapshot
1753708935264,KXMLBGAME-25JUL28CHCMIL-CHC,7,31,297,no,snapshot
1753708935264,KXMLBGAME-25JUL28CHCMIL-CHC,7,32,177,no,snapshot
1753708935264,KXMLBGAME-25JUL28CHCMIL-CHC,7,33,124,no,snapshot
1753708935264,KXMLBGAME-25JUL28CHCMIL-CHC,7,34,76,no,snapshot
1753708935264,KXMLBGAME-25JUL28CHCMIL-CHC,7,36,30,no,snapshot
1753708935264,KXMLBGAME-25JUL28CHCMIL-CHC,7,43,3000,no,snapshot
1753708935264,KXMLBGAME-25JUL28CHCMIL-CHC,7,44,3000,no,snapshot
1753708935264,KXMLBGAME-25JUL28CHCMIL-CHC,7,45,9556,no,snapshot
1753708935264,KXMLBGAME-25JUL28CHCMIL-CHC,7,46,9272,no,snapshot
1753708935264,KXMLBGAME-25JUL28CHCMIL-CHC,7,47,8205,no,snapshot
1753708935264,KXMLBGAME-25JUL28CHCMIL-CHC,7,48,2170,no,snapshot
1753708935264,KXMLBGAME-25JUL28CHCMIL-MIL,8,1,10000,yes,snapshot
1753708935264,KXMLBGAME-25JUL28CHCMIL-MIL,8,2,3300,yes,snapshot
1753708935264,KXMLBGAME-25JUL28CHCMIL-MIL,8,3,700,yes,snapshot
1753708935264,KXMLBGAME-25JUL28CHCMIL-MIL,8,4,200,yes,snapshot
1753708935264,KXMLBGAME-25JUL28CHCMIL-MIL,8,5,100,yes,snapshot
1753708935264,KXMLBGAME-25JUL28CHCMIL-MIL,8,7,100,yes,snapshot
1753708935264,KXMLBGAME-25JUL28CHCMIL-MIL,8,14,100,yes,snapshot
1753708935264,KXMLBGAME-25JUL28CHCMIL-MIL,8,17,100,yes,snapshot
1753708935264,KXMLBGAME-25JUL28CHCMIL-MIL,8,18,228,yes,snapshot
1753708935264,KXMLBGAME-25JUL28CHCMIL-MIL,8,28,389,yes,snapshot
1753708935264,KXMLBGAME-25JUL28CHCMIL-MIL,8,29,302,yes,snapshot
1753708935264,KXMLBGAME-25JUL28CHCMIL-MIL,8,30,267,yes,snapshot
1753708935264,KXMLBGAME-25JUL28CHCMIL-MIL,8,31,171,yes,snapshot
1753708935264,KXMLBGAME-25JUL28CHCMIL-MIL,8,32,114,yes,snapshot
1753708935264,KXMLBGAME-25JUL28CHCMIL-MIL,8,33,40,yes,snapshot
1753708935264,KXMLBGAME-25JUL28CHCMIL-MIL,8,34,18,yes,snapshot
1753708935264,KXMLBGAME-25JUL28CHCMIL-MIL,8,43,321,yes,snapshot
1753708935264,KXMLBGAME-25JUL28CHCMIL-MIL,8,44,321,yes,snapshot
1753708935264,KXMLBGAME-25JUL28CHCMIL-MIL,8,45,6877,yes,snapshot
1753708935264,KXMLBGAME-25JUL28CHCMIL-MIL,8,46,6593,yes,snapshot
1753708935264,KXMLBGAME-25JUL28CHCMIL-MIL,8,47,7384,yes,snapshot
1753708935264,KXMLBGAME-25JUL28CHCMIL-MIL,8,1,10000,no,snapshot
1753708935264,KXMLBGAME-25JUL28CHCMIL-MIL,8,2,3300,no,snapshot
1753708935264,KXMLBGAME-25JUL28CHCMIL-MIL,8,3,2033,no,snapshot
1753708935264,KXMLBGAME-25JUL28CHCMIL-MIL,8,4,200,no,snapshot
1753708935264,KXMLBGAME-25JUL28CHCMIL-MIL,8,16,100,no,snapshot
1753708935264,KXMLBGAME-25JUL28CHCMIL-MIL,8,20,100,no,snapshot
1753708935264,KXMLBGAME-25JUL28CHCMIL-MIL,8,21,245,no,snapshot
1753708935264,KXMLBGAME-25JUL28CHCMIL-MIL,8,25,100,no,snapshot
1753708935264,KXMLBGAME-25JUL28CHCMIL-MIL,8,27,100,no,snapshot
1753708935264,KXMLBGAME-25JUL28CHCMIL-MIL,8,32,389,no,snapshot
1753708935264,KXMLBGAME-25JUL28CHCMIL-MIL,8,33,302,no,snapshot
1753708935264,KXMLBGAME-25JUL28CHCMIL-MIL,8,34,267,no,snapshot
1753708935264,KXMLBGAME-25JUL28CHCMIL-MIL,8,35,171,no,snapshot
1753708935264,KXMLBGAME-25JUL28CHCMIL-MIL,8,36,144,no,snapshot
1753708935264,KXMLBGAME-25JUL28CHCMIL-MIL,8,37,40,no,snapshot
1753708935264,KXMLBGAME-25JUL28CHCMIL-MIL,8,47,3000,no,snapshot
1753708935264,KXMLBGAME-25JUL28CHCMIL-MIL,8,48,4521,no,snapshot
1753708935264,KXMLBGAME-25JUL28CHCMIL-MIL,8,49,9000,no,snapshot
1753708935264,KXMLBGAME-25JUL28CHCMIL-MIL,8,50,11250,no,snapshot
1753708935264,KXMLBGAME-25JUL28CHCMIL-MIL,8,51,6417,no,snapshot
1753708935264,KXMLBGAME-25JUL28COLCLE-CLE,9,1,10000,yes,snapshot
1753708935264,KXMLBGAME-25JUL28COLCLE-CLE,9,2,3300,yes,snapshot
1753708935264,KXMLBGAME-25JUL28COLCLE-CLE,9,3,700,yes,snapshot
1753708935264,KXMLBGAME-25JUL28COLCLE-CLE,9,4,200,yes,snapshot
1753708935264,KXMLBGAME-25JUL28COLCLE-CLE,9,5,100,yes,snapshot
1753708935264,KXMLBGAME-25JUL28COLCLE-CLE,9,7,100,yes,snapshot
1753708935264,KXMLBGAME-25JUL28COLCLE-CLE,9,14,100,yes,snapshot
1753708935264,KXMLBGAME-25JUL28COLCLE-CLE,9,17,100,yes,snapshot
1753708935264,KXMLBGAME-25JUL28COLCLE-CLE,9,18,337,yes,snapshot
1753708935264,KXMLBGAME-25JUL28COLCLE-CLE,9,37,75,yes,snapshot
1753708935264,KXMLBGAME-25JUL28COLCLE-CLE,9,48,289,yes,snapshot
1753708935264,KXMLBGAME-25JUL28COLCLE-CLE,9,49,214,yes,snapshot
1753708935264,KXMLBGAME-25JUL28COLCLE-CLE,9,50,211,yes,snapshot
1753708935264,KXMLBGAME-25JUL28COLCLE-CLE,9,51,207,yes,snapshot
1753708935264,KXMLBGAME-25JUL28COLCLE-CLE,9,52,129,yes,snapshot
1753708935264,KXMLBGAME-25JUL28COLCLE-CLE,9,53,122,yes,snapshot
1753708935264,KXMLBGAME-25JUL28COLCLE-CLE,9,54,93,yes,snapshot
1753708935264,KXMLBGAME-25JUL28COLCLE-CLE,9,55,36,yes,snapshot
1753708935264,KXMLBGAME-25JUL28COLCLE-CLE,9,64,1425,yes,snapshot
1753708935264,KXMLBGAME-25JUL28COLCLE-CLE,9,65,7034,yes,snapshot
1753708935264,KXMLBGAME-25JUL28COLCLE-CLE,9,66,7034,yes,snapshot
1753708935264,KXMLBGAME-25JUL28COLCLE-CLE,9,67,6319,yes,snapshot
1753708935264,KXMLBGAME-25JUL28COLCLE-CLE,9,68,1034,yes,snapshot
1753708935264,KXMLBGAME-25JUL28COLCLE-CLE,9,1,10000,no,snapshot
1753708935264,KXMLBGAME-25JUL28COLCLE-CLE,9,2,3300,no,snapshot
1753708935264,KXMLBGAME-25JUL28COLCLE-CLE,9,3,2033,no,snapshot
1753708935264,KXMLBGAME-25JUL28COLCLE-CLE,9,4,200,no,snapshot
1753708935264,KXMLBGAME-25JUL28COLCLE-CLE,9,5,403,no,snapshot
1753708935264,KXMLBGAME-25JUL28COLCLE-CLE,9,12,289,no,snapshot
1753708935264,KXMLBGAME-25JUL28COLCLE-CLE,9,13,214,no,snapshot
1753708935264,KXMLBGAME-25JUL28COLCLE-CLE,9,14,211,no,snapshot
1753708935264,KXMLBGAME-25JUL28COLCLE-CLE,9,15,207,no,snapshot
1753708935264,KXMLBGAME-25JUL28COLCLE-CLE,9,16,229,no,snapshot
1753708935264,KXMLBGAME-25JUL28COLCLE-CLE,9,17,122,no,snapshot
1753708935264,KXMLBGAME-25JUL28COLCLE-CLE,9,18,93,no,snapshot
1753708935264,KXMLBGAME-25JUL28COLCLE-CLE,9,19,36,no,snapshot
1753708935264,KXMLBGAME-25JUL28COLCLE-CLE,9,20,100,no,snapshot
1753708935264,KXMLBGAME-25JUL28COLCLE-CLE,9,25,100,no,snapshot
1753708935264,KXMLBGAME-25JUL28COLCLE-CLE,9,27,4026,no,snapshot
1753708935264,KXMLBGAME-25JUL28COLCLE-CLE,9,28,4000,no,snapshot
1753708935264,KXMLBGAME-25JUL28COLCLE-CLE,9,29,9431,no,snapshot
1753708935264,KXMLBGAME-25JUL28COLCLE-CLE,9,30,12000,no,snapshot
1753708935264,KXMLBGAME-25JUL28COLCLE-CLE,9,31,16603,no,snapshot
1753708935264,KXMLBGAME-25JUL28COLCLE-COL,10,1,10000,yes,snapshot
1753708935264,KXMLBGAME-25JUL28COLCLE-COL,10,2,3300,yes,snapshot
1753708935264,KXMLBGAME-25JUL28COLCLE-COL,10,3,700,yes,snapshot
1753708935264,KXMLBGAME-25JUL28COLCLE-COL,10,4,200,yes,snapshot
1753708935264,KXMLBGAME-25JUL28COLCLE-COL,10,5,100,yes,snapshot
1753708935264,KXMLBGAME-25JUL28COLCLE-COL,10,7,100,yes,snapshot
1753708935264,KXMLBGAME-25JUL28COLCLE-COL,10,8,252,yes,snapshot
1753708935264,KXMLBGAME-25JUL28COLCLE-COL,10,12,245,yes,snapshot
1753708935264,KXMLBGAME-25JUL28COLCLE-COL,10,13,219,yes,snapshot
1753708935264,KXMLBGAME-25JUL28COLCLE-COL,10,14,305,yes,snapshot
1753708935264,KXMLBGAME-25JUL28COLCLE-COL,10,15,179,yes,snapshot
1753708935264,KXMLBGAME-25JUL28COLCLE-COL,10,16,166,yes,snapshot
1753708935264,KXMLBGAME-25JUL28COLCLE-COL,10,17,239,yes,snapshot
1753708935264,KXMLBGAME-25JUL28COLCLE-COL,10,18,73,yes,snapshot
1753708935264,KXMLBGAME-25JUL28COLCLE-COL,10,19,73,yes,snapshot
1753708935264,KXMLBGAME-25JUL28COLCLE-COL,10,27,1392,yes,snapshot
1753708935264,KXMLBGAME-25JUL28COLCLE-COL,10,28,1466,yes,snapshot
1753708935264,KXMLBGAME-25JUL28COLCLE-COL,10,29,6897,yes,snapshot
1753708935264,KXMLBGAME-25JUL28COLCLE-COL,10,30,9466,yes,snapshot
1753708935264,KXMLBGAME-25JUL28COLCLE-COL,10,31,2367,yes,snapshot
1753708935264,KXMLBGAME-25JUL28COLCLE-COL,10,1,10000,no,snapshot
1753708935264,KXMLBGAME-25JUL28COLCLE-COL,10,2,5300,no,snapshot
1753708935264,KXMLBGAME-25JUL28COLCLE-COL,10,3,700,no,snapshot
1753708935264,KXMLBGAME-25JUL28COLCLE-COL,10,4,200,no,snapshot
1753708935264,KXMLBGAME-25JUL28COLCLE-COL,10,16,100,no,snapshot
1753708935264,KXMLBGAME-25JUL28COLCLE-COL,10,20,100,no,snapshot
1753708935264,KXMLBGAME-25JUL28COLCLE-COL,10,25,100,no,snapshot
1753708935264,KXMLBGAME-25JUL28COLCLE-COL,10,27,100,no,snapshot
1753708935264,KXMLBGAME-25JUL28COLCLE-COL,10,28,219,no,snapshot
1753708935264,KXMLBGAME-25JUL28COLCLE-COL,10,36,30,no,snapshot
1753708935264,KXMLBGAME-25JUL28COLCLE-COL,10,48,245,no,snapshot
1753708935264,KXMLBGAME-25JUL28COLCLE-COL,10,49,219,no,snapshot
1753708935264,KXMLBGAME-25JUL28COLCLE-COL,10,50,205,no,snapshot
1753708935264,KXMLBGAME-25JUL28COLCLE-COL,10,51,179,no,snapshot
1753708935264,KXMLBGAME-25JUL28COLCLE-COL,10,52,166,no,snapshot
1753708935264,KXMLBGAME-25JUL28COLCLE-COL,10,53,139,no,snapshot
1753708935264,KXMLBGAME-25JUL28COLCLE-COL,10,54,73,no,snapshot
1753708935264,KXMLBGAME-25JUL28COLCLE-COL,10,55,73,no,snapshot
1753708935264,KXMLBGAME-25JUL28COLCLE-COL,10,64,3391,no,snapshot
1753708935264,KXMLBGAME-25JUL28COLCLE-COL,10,65,9000,no,snapshot
1753708935264,KXMLBGAME-25JUL28COLCLE-COL,10,66,9000,no,snapshot
1753708935264,KXMLBGAME-25JUL28COLCLE-COL,10,67,8785,no,snapshot
1753708935264,KXMLBGAME-25JUL28COLCLE-COL,10,68,4598,no,snapshot
1753708935264,KXMLBGAME-25JUL28LADCIN-CIN,11,1,1000,yes,snapshot
1753708935264,KXMLBGAME-25JUL28LADCIN-CIN,11,2,300,yes,snapshot
1753708935264,KXMLBGAME-25JUL28LADCIN-CIN,11,4,200,yes,snapshot
1753708935264,KXMLBGAME-25JUL28LADCIN-CIN,11,5,100,yes,snapshot
1753708935264,KXMLBGAME-25JUL28LADCIN-CIN,11,7,100,yes,snapshot
1753708935264,KXMLBGAME-25JUL28LADCIN-CIN,11,14,100,yes,snapshot
1753708935264,KXMLBGAME-25JUL28LADCIN-CIN,11,17,100,yes,snapshot
1753708935264,KXMLBGAME-25JUL28LADCIN-CIN,11,18,225,yes,snapshot
1753708935264,KXMLBGAME-25JUL28LADCIN-CIN,11,36,344,yes,snapshot
1753708935264,KXMLBGAME-25JUL28LADCIN-CIN,11,37,1020,yes,snapshot
1753708935264,KXMLBGAME-25JUL28LADCIN-CIN,11,38,6344,yes,snapshot
1753708935264,KXMLBGAME-25JUL28LADCIN-CIN,11,39,6344,yes,snapshot
1753708935264,KXMLBGAME-25JUL28LADCIN-CIN,11,40,9040,yes,snapshot
1753708935264,KXMLBGAME-25JUL28LADCIN-CIN,11,1,1000,no,snapshot
1753708935264,KXMLBGAME-25JUL28LADCIN-CIN,11,2,2300,no,snapshot
1753708935264,KXMLBGAME-25JUL28LADCIN-CIN,11,4,200,no,snapshot
1753708935264,KXMLBGAME-25JUL28LADCIN-CIN,11,16,100,no,snapshot
1753708935264,KXMLBGAME-25JUL28LADCIN-CIN,11,20,100,no,snapshot
1753708935264,KXMLBGAME-25JUL28LADCIN-CIN,11,21,241,no,snapshot
1753708935264,KXMLBGAME-25JUL28LADCIN-CIN,11,25,100,no,snapshot
1753708935264,KXMLBGAME-25JUL28LADCIN-CIN,11,27,100,no,snapshot
1753708935264,KXMLBGAME-25JUL28LADCIN-CIN,11,36,30,no,snapshot
1753708935264,KXMLBGAME-25JUL28LADCIN-CIN,11,54,3463,no,snapshot
1753708935264,KXMLBGAME-25JUL28LADCIN-CIN,11,55,4000,no,snapshot
1753708935264,KXMLBGAME-25JUL28LADCIN-CIN,11,56,9000,no,snapshot
1753708935264,KXMLBGAME-25JUL28LADCIN-CIN,11,57,11219,no,snapshot
1753708935264,KXMLBGAME-25JUL28LADCIN-CIN,11,58,8646,no,snapshot
1753708935265,KXMLBGAME-25JUL28LADCIN-LAD,12,1,10000,yes,snapshot
1753708935265,KXMLBGAME-25JUL28LADCIN-LAD,12,2,3300,yes,snapshot
1753708935265,KXMLBGAME-25JUL28LADCIN-LAD,12,3,700,yes,snapshot
1753708935265,KXMLBGAME-25JUL28LADCIN-LAD,12,4,200,yes,snapshot
1753708935265,KXMLBGAME-25JUL28LADCIN-LAD,12,5,100,yes,snapshot
1753708935265,KXMLBGAME-25JUL28LADCIN-LAD,12,7,100,yes,snapshot
1753708935265,KXMLBGAME-25JUL28LADCIN-LAD,12,14,100,yes,snapshot
1753708935265,KXMLBGAME-25JUL28LADCIN-LAD,12,17,100,yes,snapshot
1753708935265,KXMLBGAME-25JUL28LADCIN-LAD,12,18,286,yes,snapshot
1753708935265,KXMLBGAME-25JUL28LADCIN-LAD,12,37,50,yes,snapshot
1753708935265,KXMLBGAME-25JUL28LADCIN-LAD,12,39,378,yes,snapshot
1753708935265,KXMLBGAME-25JUL28LADCIN-LAD,12,40,354,yes,snapshot
1753708935265,KXMLBGAME-25JUL28LADCIN-LAD,12,41,220,yes,snapshot
1753708935265,KXMLBGAME-25JUL28LADCIN-LAD,12,42,183,yes,snapshot
1753708935265,KXMLBGAME-25JUL28LADCIN-LAD,12,43,126,yes,snapshot
1753708935265,KXMLBGAME-25JUL28LADCIN-LAD,12,44,37,yes,snapshot
1753708935265,KXMLBGAME-25JUL28LADCIN-LAD,12,54,1618,yes,snapshot
1753708935265,KXMLBGAME-25JUL28LADCIN-LAD,12,55,7155,yes,snapshot
1753708935265,KXMLBGAME-25JUL28LADCIN-LAD,12,56,7155,yes,snapshot
1753708935265,KXMLBGAME-25JUL28LADCIN-LAD,12,57,8989,yes,snapshot
1753708935265,KXMLBGAME-25JUL28LADCIN-LAD,12,58,1155,yes,snapshot
1753708935265,KXMLBGAME-25JUL28LADCIN-LAD,12,1,10000,no,snapshot
1753708935265,KXMLBGAME-25JUL28LADCIN-LAD,12,2,3300,no,snapshot
1753708935265,KXMLBGAME-25JUL28LADCIN-LAD,12,3,2033,no,snapshot
1753708935265,KXMLBGAME-25JUL28LADCIN-LAD,12,4,200,no,snapshot
1753708935265,KXMLBGAME-25JUL28LADCIN-LAD,12,16,100,no,snapshot
1753708935265,KXMLBGAME-25JUL28LADCIN-LAD,12,17,238,no,snapshot
1753708935265,KXMLBGAME-25JUL28LADCIN-LAD,12,20,100,no,snapshot
1753708935265,KXMLBGAME-25JUL28LADCIN-LAD,12,22,378,no,snapshot
1753708935265,KXMLBGAME-25JUL28LADCIN-LAD,12,23,354,no,snapshot
1753708935265,KXMLBGAME-25JUL28LADCIN-LAD,12,24,220,no,snapshot
1753708935265,KXMLBGAME-25JUL28LADCIN-LAD,12,25,283,no,snapshot
1753708935265,KXMLBGAME-25JUL28LADCIN-LAD,12,26,126,no,snapshot
1753708935265,KXMLBGAME-25JUL28LADCIN-LAD,12,27,137,no,snapshot
1753708935265,KXMLBGAME-25JUL28LADCIN-LAD,12,36,3030,no,snapshot
1753708935265,KXMLBGAME-25JUL28LADCIN-LAD,12,37,3676,no,snapshot
1753708935265,KXMLBGAME-25JUL28LADCIN-LAD,12,38,4000,no,snapshot
1753708935265,KXMLBGAME-25JUL28LADCIN-LAD,12,39,9000,no,snapshot
1753708935265,KXMLBGAME-25JUL28LADCIN-LAD,12,40,13601,no,snapshot
1753708935265,KXMLBGAME-25JUL28LADCIN-LAD,12,41,384,no,snapshot
1753708935265,KXMLBGAME-25JUL28MIASTL-MIA,13,1,10000,yes,snapshot
1753708935265,KXMLBGAME-25JUL28MIASTL-MIA,13,2,3300,yes,snapshot
1753708935265,KXMLBGAME-25JUL28MIASTL-MIA,13,3,700,yes,snapshot
1753708935265,KXMLBGAME-25JUL28MIASTL-MIA,13,4,200,yes,snapshot
1753708935265,KXMLBGAME-25JUL28MIASTL-MIA,13,5,100,yes,snapshot
1753708935265,KXMLBGAME-25JUL28MIASTL-MIA,13,7,100,yes,snapshot
1753708935265,KXMLBGAME-25JUL28MIASTL-MIA,13,14,100,yes,snapshot
1753708935265,KXMLBGAME-25JUL28MIASTL-MIA,13,17,100,yes,snapshot
1753708935265,KXMLBGAME-25JUL28MIASTL-MIA,13,18,222,yes,snapshot
1753708935265,KXMLBGAME-25JUL28MIASTL-MIA,13,27,236,yes,snapshot
1753708935265,KXMLBGAME-25JUL28MIASTL-MIA,13,28,229,yes,snapshot
1753708935265,KXMLBGAME-25JUL28MIASTL-MIA,13,29,219,yes,snapshot
1753708935265,KXMLBGAME-25JUL28MIASTL-MIA,13,30,198,yes,snapshot
1753708935265,KXMLBGAME-25JUL28MIASTL-MIA,13,31,167,yes,snapshot
1753708935265,KXMLBGAME-25JUL28MIASTL-MIA,13,32,93,yes,snapshot
1753708935265,KXMLBGAME-25JUL28MIASTL-MIA,13,33,79,yes,snapshot
1753708935265,KXMLBGAME-25JUL28MIASTL-MIA,13,34,79,yes,snapshot
1753708935265,KXMLBGAME-25JUL28MIASTL-MIA,13,43,1431,yes,snapshot
1753708935265,KXMLBGAME-25JUL28MIASTL-MIA,13,44,6850,yes,snapshot
1753708935265,KXMLBGAME-25JUL28MIASTL-MIA,13,45,7128,yes,snapshot
1753708935265,KXMLBGAME-25JUL28MIASTL-MIA,13,46,8203,yes,snapshot
1753708935265,KXMLBGAME-25JUL28MIASTL-MIA,13,47,850,yes,snapshot
1753708935265,KXMLBGAME-25JUL28MIASTL-MIA,13,1,10000,no,snapshot
1753708935265,KXMLBGAME-25JUL28MIASTL-MIA,13,2,3300,no,snapshot
1753708935265,KXMLBGAME-25JUL28MIASTL-MIA,13,3,2033,no,snapshot
1753708935265,KXMLBGAME-25JUL28MIASTL-MIA,13,4,200,no,snapshot
1753708935265,KXMLBGAME-25JUL28MIASTL-MIA,13,16,100,no,snapshot
1753708935265,KXMLBGAME-25JUL28MIASTL-MIA,13,20,100,no,snapshot
1753708935265,KXMLBGAME-25JUL28MIASTL-MIA,13,21,244,no,snapshot
1753708935265,KXMLBGAME-25JUL28MIASTL-MIA,13,25,100,no,snapshot
1753708935265,KXMLBGAME-25JUL28MIASTL-MIA,13,27,100,no,snapshot
1753708935265,KXMLBGAME-25JUL28MIASTL-MIA,13,33,236,no,snapshot
1753708935265,KXMLBGAME-25JUL28MIASTL-MIA,13,34,229,no,snapshot
1753708935265,KXMLBGAME-25JUL28MIASTL-MIA,13,35,219,no,snapshot
1753708935265,KXMLBGAME-25JUL28MIASTL-MIA,13,36,228,no,snapshot
1753708935265,KXMLBGAME-25JUL28MIASTL-MIA,13,37,167,no,snapshot
1753708935265,KXMLBGAME-25JUL28MIASTL-MIA,13,38,93,no,snapshot
1753708935265,KXMLBGAME-25JUL28MIASTL-MIA,13,39,79,no,snapshot
1753708935265,KXMLBGAME-25JUL28MIASTL-MIA,13,40,79,no,snapshot
1753708935265,KXMLBGAME-25JUL28MIASTL-MIA,13,47,3000,no,snapshot
1753708935265,KXMLBGAME-25JUL28MIASTL-MIA,13,48,3000,no,snapshot
1753708935265,KXMLBGAME-25JUL28MIASTL-MIA,13,49,4510,no,snapshot
1753708935265,KXMLBGAME-25JUL28MIASTL-MIA,13,50,9000,no,snapshot
1753708935265,KXMLBGAME-25JUL28MIASTL-MIA,13,51,14764,no,snapshot
1753708935265,KXMLBGAME-25JUL28MIASTL-MIA,13,52,1146,no,snapshot
1753708935265,KXMLBGAME-25JUL28MIASTL-STL,14,1,10000,yes,snapshot
1753708935265,KXMLBGAME-25JUL28MIASTL-STL,14,2,3300,yes,snapshot
1753708935265,KXMLBGAME-25JUL28MIASTL-STL,14,3,700,yes,snapshot
1753708935265,KXMLBGAME-25JUL28MIASTL-STL,14,4,200,yes,snapshot
1753708935265,KXMLBGAME-25JUL28MIASTL-STL,14,5,100,yes,snapshot
1753708935265,KXMLBGAME-25JUL28MIASTL-STL,14,7,100,yes,snapshot
1753708935265,KXMLBGAME-25JUL28MIASTL-STL,14,14,100,yes,snapshot
1753708935265,KXMLBGAME-25JUL28MIASTL-STL,14,17,100,yes,snapshot
1753708935265,KXMLBGAME-25JUL28MIASTL-STL,14,18,281,yes,snapshot
1753708935265,KXMLBGAME-25JUL28MIASTL-STL,14,33,312,yes,snapshot
1753708935265,KXMLBGAME-25JUL28MIASTL-STL,14,34,218,yes,snapshot
1753708935265,KXMLBGAME-25JUL28MIASTL-STL,14,35,208,yes,snapshot
1753708935265,KXMLBGAME-25JUL28MIASTL-STL,14,36,185,yes,snapshot
1753708935265,KXMLBGAME-25JUL28MIASTL-STL,14,37,164,yes,snapshot
1753708935265,KXMLBGAME-25JUL28MIASTL-STL,14,38,98,yes,snapshot
1753708935265,KXMLBGAME-25JUL28MIASTL-STL,14,39,94,yes,snapshot
1753708935265,KXMLBGAME-25JUL28MIASTL-STL,14,40,72,yes,snapshot
1753708935265,KXMLBGAME-25JUL28MIASTL-STL,14,47,649,yes,snapshot
1753708935265,KXMLBGAME-25JUL28MIASTL-STL,14,48,649,yes,snapshot
1753708935265,KXMLBGAME-25JUL28MIASTL-STL,14,49,2159,yes,snapshot
1753708935265,KXMLBGAME-25JUL28MIASTL-STL,14,50,6649,yes,snapshot
1753708935265,KXMLBGAME-25JUL28MIASTL-STL,14,51,8894,yes,snapshot
1753708935265,KXMLBGAME-25JUL28MIASTL-STL,14,52,680,yes,snapshot
1753708935265,KXMLBGAME-25JUL28MIASTL-STL,14,1,10000,no,snapshot
1753708935265,KXMLBGAME-25JUL28MIASTL-STL,14,2,5300,no,snapshot
1753708935265,KXMLBGAME-25JUL28MIASTL-STL,14,3,700,no,snapshot
1753708935265,KXMLBGAME-25JUL28MIASTL-STL,14,4,200,no,snapshot
1753708935265,KXMLBGAME-25JUL28MIASTL-STL,14,16,100,no,snapshot
1753708935265,KXMLBGAME-25JUL28MIASTL-STL,14,17,235,no,snapshot
1753708935265,KXMLBGAME-25JUL28MIASTL-STL,14,20,100,no,snapshot
1753708935265,KXMLBGAME-25JUL28MIASTL-STL,14,25,100,no,snapshot
1753708935265,KXMLBGAME-25JUL28MIASTL-STL,14,27,100,no,snapshot
1753708935265,KXMLBGAME-25JUL28MIASTL-STL,14,28,312,no,snapshot
1753708935265,KXMLBGAME-25JUL28MIASTL-STL,14,29,218,no,snapshot
1753708935265,KXMLBGAME-25JUL28MIASTL-STL,14,30,208,no,snapshot
1753708935265,KXMLBGAME-25JUL28MIASTL-STL,14,31,185,no,snapshot
1753708935265,KXMLBGAME-25JUL28MIASTL-STL,14,32,114,no,snapshot
1753708935265,KXMLBGAME-25JUL28MIASTL-STL,14,33,98,no,snapshot
1753708935265,KXMLBGAME-25JUL28MIASTL-STL,14,34,94,no,snapshot
1753708935265,KXMLBGAME-25JUL28MIASTL-STL,14,35,72,no,snapshot
1753708935265,KXMLBGAME-25JUL28MIASTL-STL,14,36,30,no,snapshot
1753708935265,KXMLBGAME-25JUL28MIASTL-STL,14,43,3581,no,snapshot
1753708935265,KXMLBGAME-25JUL28MIASTL-STL,14,44,9000,no,snapshot
1753708935265,KXMLBGAME-25JUL28MIASTL-STL,14,45,9278,no,snapshot
1753708935265,KXMLBGAME-25JUL28MIASTL-STL,14,46,10722,no,snapshot
1753708935265,KXMLBGAME-25JUL28MIASTL-STL,14,47,16501,no,snapshot
1753708935265,KXMLBGAME-25JUL28NYMSD-NYM,15,1,10000,yes,snapshot
1753708935265,KXMLBGAME-25JUL28NYMSD-NYM,15,2,3300,yes,snapshot
1753708935265,KXMLBGAME-25JUL28NYMSD-NYM,15,3,700,yes,snapshot
1753708935265,KXMLBGAME-25JUL28NYMSD-NYM,15,4,200,yes,snapshot
1753708935265,KXMLBGAME-25JUL28NYMSD-NYM,15,5,100,yes,snapshot
1753708935265,KXMLBGAME-25JUL28NYMSD-NYM,15,7,100,yes,snapshot
1753708935265,KXMLBGAME-25JUL28NYMSD-NYM,15,14,100,yes,snapshot
1753708935265,KXMLBGAME-25JUL28NYMSD-NYM,15,17,100,yes,snapshot
1753708935265,KXMLBGAME-25JUL28NYMSD-NYM,15,18,227,yes,snapshot
1753708935265,KXMLBGAME-25JUL28NYMSD-NYM,15,25,100,yes,snapshot
1753708935265,KXMLBGAME-25JUL28NYMSD-NYM,15,27,310,yes,snapshot
1753708935265,KXMLBGAME-25JUL28NYMSD-NYM,15,28,282,yes,snapshot
1753708935265,KXMLBGAME-25JUL28NYMSD-NYM,15,29,174,yes,snapshot
1753708935265,KXMLBGAME-25JUL28NYMSD-NYM,15,30,137,yes,snapshot
1753708935265,KXMLBGAME-25JUL28NYMSD-NYM,15,31,123,yes,snapshot
1753708935265,KXMLBGAME-25JUL28NYMSD-NYM,15,32,113,yes,snapshot
1753708935265,KXMLBGAME-25JUL28NYMSD-NYM,15,33,99,yes,snapshot
1753708935265,KXMLBGAME-25JUL28NYMSD-NYM,15,34,62,yes,snapshot
1753708935265,KXMLBGAME-25JUL28NYMSD-NYM,15,37,50,yes,snapshot
1753708935265,KXMLBGAME-25JUL28NYMSD-NYM,15,42,1401,yes,snapshot
1753708935265,KXMLBGAME-25JUL28NYMSD-NYM,15,43,6806,yes,snapshot
1753708935265,KXMLBGAME-25JUL28NYMSD-NYM,15,44,7090,yes,snapshot
1753708935265,KXMLBGAME-25JUL28NYMSD-NYM,15,45,7177,yes,snapshot
1753708935265,KXMLBGAME-25JUL28NYMSD-NYM,15,46,806,yes,snapshot
1753708935265,KXMLBGAME-25JUL28NYMSD-NYM,15,1,10000,no,snapshot
1753708935265,KXMLBGAME-25JUL28NYMSD-NYM,15,2,3300,no,snapshot
1753708935265,KXMLBGAME-25JUL28NYMSD-NYM,15,3,2033,no,snapshot
1753708935265,KXMLBGAME-25JUL28NYMSD-NYM,15,4,200,no,snapshot
1753708935265,KXMLBGAME-25JUL28NYMSD-NYM,15,16,100,no,snapshot
1753708935265,KXMLBGAME-25JUL28NYMSD-NYM,15,20,100,no,snapshot
1753708935265,KXMLBGAME-25JUL28NYMSD-NYM,15,21,240,no,snapshot
1753708935265,KXMLBGAME-25JUL28NYMSD-NYM,15,25,100,no,snapshot
1753708935265,KXMLBGAME-25JUL28NYMSD-NYM,15,27,100,no,snapshot
1753708935265,KXMLBGAME-25JUL28NYMSD-NYM,15,34,310,no,snapshot
1753708935265,KXMLBGAME-25JUL28NYMSD-NYM,15,35,282,no,snapshot
1753708935265,KXMLBGAME-25JUL28NYMSD-NYM,15,36,204,no,snapshot
1753708935265,KXMLBGAME-25JUL28NYMSD-NYM,15,37,137,no,snapshot
1753708935265,KXMLBGAME-25JUL28NYMSD-NYM,15,38,123,no,snapshot
1753708935265,KXMLBGAME-25JUL28NYMSD-NYM,15,39,113,no,snapshot
1753708935265,KXMLBGAME-25JUL28NYMSD-NYM,15,40,99,no,snapshot
1753708935265,KXMLBGAME-25JUL28NYMSD-NYM,15,41,62,no,snapshot
1753708935265,KXMLBGAME-25JUL28NYMSD-NYM,15,49,3000,no,snapshot
1753708935265,KXMLBGAME-25JUL28NYMSD-NYM,15,50,4500,no,snapshot
1753708935265,KXMLBGAME-25JUL28NYMSD-NYM,15,51,9000,no,snapshot
1753708935265,KXMLBGAME-25JUL28NYMSD-NYM,15,52,11039,no,snapshot
1753708935265,KXMLBGAME-25JUL28NYMSD-NYM,15,53,8346,no,snapshot
1753708935265,KXMLBGAME-25JUL28NYMSD-SD,16,1,1000,yes,snapshot
1753708935265,KXMLBGAME-25JUL28NYMSD-SD,16,2,300,yes,snapshot
1753708935265,KXMLBGAME-25JUL28NYMSD-SD,16,4,200,yes,snapshot
1753708935265,KXMLBGAME-25JUL28NYMSD-SD,16,5,100,yes,snapshot
1753708935265,KXMLBGAME-25JUL28NYMSD-SD,16,7,100,yes,snapshot
1753708935265,KXMLBGAME-25JUL28NYMSD-SD,16,14,100,yes,snapshot
1753708935265,KXMLBGAME-25JUL28NYMSD-SD,16,17,100,yes,snapshot
1753708935265,KXMLBGAME-25JUL28NYMSD-SD,16,18,286,yes,snapshot
1753708935265,KXMLBGAME-25JUL28NYMSD-SD,16,49,694,yes,snapshot
1753708935265,KXMLBGAME-25JUL28NYMSD-SD,16,50,2194,yes,snapshot
1753708935265,KXMLBGAME-25JUL28NYMSD-SD,16,51,6694,yes,snapshot
1753708935265,KXMLBGAME-25JUL28NYMSD-SD,16,52,8934,yes,snapshot
1753708935265,KXMLBGAME-25JUL28NYMSD-SD,16,53,2322,yes,snapshot
1753708935265,KXMLBGAME-25JUL28NYMSD-SD,16,1,1000,no,snapshot
1753708935265,KXMLBGAME-25JUL28NYMSD-SD,16,2,2300,no,snapshot
1753708935265,KXMLBGAME-25JUL28NYMSD-SD,16,4,200,no,snapshot
1753708935265,KXMLBGAME-25JUL28NYMSD-SD,16,16,100,no,snapshot
1753708935265,KXMLBGAME-25JUL28NYMSD-SD,16,17,236,no,snapshot
1753708935265,KXMLBGAME-25JUL28NYMSD-SD,16,20,100,no,snapshot
1753708935265,KXMLBGAME-25JUL28NYMSD-SD,16,25,100,no,snapshot
1753708935265,KXMLBGAME-25JUL28NYMSD-SD,16,27,100,no,snapshot
1753708935265,KXMLBGAME-25JUL28NYMSD-SD,16,36,30,no,snapshot
1753708935265,KXMLBGAME-25JUL28NYMSD-SD,16,42,3595,no,snapshot
1753708935265,KXMLBGAME-25JUL28NYMSD-SD,16,43,9000,no,snapshot
1753708935265,KXMLBGAME-25JUL28NYMSD-SD,16,44,9284,no,snapshot
1753708935265,KXMLBGAME-25JUL28NYMSD-SD,16,45,15111,no,snapshot
1753708935265,KXMLBGAME-25JUL28NYMSD-SD,16,46,1612,no,snapshot
1753708935265,KXMLBGAME-25JUL28PHICWS-CWS,17,1,10000,yes,snapshot
1753708935265,KXMLBGAME-25JUL28PHICWS-CWS,17,2,3300,yes,snapshot
1753708935265,KXMLBGAME-25JUL28PHICWS-CWS,17,3,700,yes,snapshot
1753708935265,KXMLBGAME-25JUL28PHICWS-CWS,17,4,200,yes,snapshot
1753708935265,KXMLBGAME-25JUL28PHICWS-CWS,17,5,100,yes,snapshot
1753708935265,KXMLBGAME-25JUL28PHICWS-CWS,17,7,100,yes,snapshot
1753708935265,KXMLBGAME-25JUL28PHICWS-CWS,17,8,257,yes,snapshot
1753708935265,KXMLBGAME-25JUL28PHICWS-CWS,17,14,454,yes,snapshot
1753708935265,KXMLBGAME-25JUL28PHICWS-CWS,17,15,305,yes,snapshot
1753708935265,KXMLBGAME-25JUL28PHICWS-CWS,17,16,175,yes,snapshot
1753708935265,KXMLBGAME-25JUL28PHICWS-CWS,17,17,269,yes,snapshot
1753708935265,KXMLBGAME-25JUL28PHICWS-CWS,17,18,158,yes,snapshot
1753708935265,KXMLBGAME-25JUL28PHICWS-CWS,17,19,109,yes,snapshot
1753708935265,KXMLBGAME-25JUL28PHICWS-CWS,17,29,1441,yes,snapshot
1753708935265,KXMLBGAME-25JUL28PHICWS-CWS,17,30,629,yes,snapshot
1753708935265,KXMLBGAME-25JUL28PHICWS-CWS,17,31,6982,yes,snapshot
1753708935265,KXMLBGAME-25JUL28PHICWS-CWS,17,32,6579,yes,snapshot
1753708935265,KXMLBGAME-25JUL28PHICWS-CWS,17,33,6516,yes,snapshot
1753708935265,KXMLBGAME-25JUL28PHICWS-CWS,17,1,10000,no,snapshot
1753708935265,KXMLBGAME-25JUL28PHICWS-CWS,17,2,5300,no,snapshot
1753708935265,KXMLBGAME-25JUL28PHICWS-CWS,17,3,700,no,snapshot
1753708935265,KXMLBGAME-25JUL28PHICWS-CWS,17,4,200,no,snapshot
1753708935265,KXMLBGAME-25JUL28PHICWS-CWS,17,16,100,no,snapshot
1753708935265,KXMLBGAME-25JUL28PHICWS-CWS,17,20,100,no,snapshot
1753708935265,KXMLBGAME-25JUL28PHICWS-CWS,17,25,100,no,snapshot
1753708935265,KXMLBGAME-25JUL28PHICWS-CWS,17,27,100,no,snapshot
1753708935265,KXMLBGAME-25JUL28PHICWS-CWS,17,28,217,no,snapshot
1753708935265,KXMLBGAME-25JUL28PHICWS-CWS,17,36,30,no,snapshot
1753708935265,KXMLBGAME-25JUL28PHICWS-CWS,17,47,354,no,snapshot
1753708935265,KXMLBGAME-25JUL28PHICWS-CWS,17,48,305,no,snapshot
1753708935265,KXMLBGAME-25JUL28PHICWS-CWS,17,49,175,no,snapshot
1753708935265,KXMLBGAME-25JUL28PHICWS-CWS,17,50,169,no,snapshot
1753708935265,KXMLBGAME-25JUL28PHICWS-CWS,17,51,158,no,snapshot
1753708935265,KXMLBGAME-25JUL28PHICWS-CWS,17,52,109,no,snapshot
1753708935265,KXMLBGAME-25JUL28PHICWS-CWS,17,62,4403,no,snapshot
1753708935265,KXMLBGAME-25JUL28PHICWS-CWS,17,63,9000,no,snapshot
1753708935265,KXMLBGAME-25JUL28PHICWS-CWS,17,64,10500,no,snapshot
1753708935265,KXMLBGAME-25JUL28PHICWS-CWS,17,65,6136,no,snapshot
1753708935265,KXMLBGAME-25JUL28PHICWS-CWS,17,66,5022,no,snapshot
1753708935265,KXMLBGAME-25JUL28PHICWS-PHI,18,1,10000,yes,snapshot
1753708935265,KXMLBGAME-25JUL28PHICWS-PHI,18,2,3300,yes,snapshot
1753708935265,KXMLBGAME-25JUL28PHICWS-PHI,18,3,700,yes,snapshot
1753708935265,KXMLBGAME-25JUL28PHICWS-PHI,18,4,200,yes,snapshot
1753708935265,KXMLBGAME-25JUL28PHICWS-PHI,18,5,100,yes,snapshot
1753708935265,KXMLBGAME-25JUL28PHICWS-PHI,18,7,100,yes,snapshot
1753708935265,KXMLBGAME-25JUL28PHICWS-PHI,18,14,100,yes,snapshot
1753708935265,KXMLBGAME-25JUL28PHICWS-PHI,18,17,100,yes,snapshot
1753708935265,KXMLBGAME-25JUL28PHICWS-PHI,18,18,337,yes,snapshot
1753708935265,KXMLBGAME-25JUL28PHICWS-PHI,18,47,237,yes,snapshot
1753708935265,KXMLBGAME-25JUL28PHICWS-PHI,18,48,228,yes,snapshot
1753708935265,KXMLBGAME-25JUL28PHICWS-PHI,18,49,207,yes,snapshot
1753708935265,KXMLBGAME-25JUL28PHICWS-PHI,18,50,146,yes,snapshot
1753708935265,KXMLBGAME-25JUL28PHICWS-PHI,18,51,137,yes,snapshot
1753708935265,KXMLBGAME-25JUL28PHICWS-PHI,18,52,134,yes,snapshot
1753708935265,KXMLBGAME-25JUL28PHICWS-PHI,18,53,122,yes,snapshot
1753708935265,KXMLBGAME-25JUL28PHICWS-PHI,18,54,89,yes,snapshot
1753708935265,KXMLBGAME-25JUL28PHICWS-PHI,18,62,2324,yes,snapshot
1753708935265,KXMLBGAME-25JUL28PHICWS-PHI,18,63,6921,yes,snapshot
1753708935265,KXMLBGAME-25JUL28PHICWS-PHI,18,64,8421,yes,snapshot
1753708935265,KXMLBGAME-25JUL28PHICWS-PHI,18,65,3675,yes,snapshot
1753708935265,KXMLBGAME-25JUL28PHICWS-PHI,18,66,921,yes,snapshot
1753708935265,KXMLBGAME-25JUL28PHICWS-PHI,18,1,10000,no,snapshot
1753708935265,KXMLBGAME-25JUL28PHICWS-PHI,18,2,3300,no,snapshot
1753708935265,KXMLBGAME-25JUL28PHICWS-PHI,18,3,2033,no,snapshot
1753708935265,KXMLBGAME-25JUL28PHICWS-PHI,18,4,200,no,snapshot
1753708935265,KXMLBGAME-25JUL28PHICWS-PHI,18,5,406,no,snapshot
1753708935265,KXMLBGAME-25JUL28PHICWS-PHI,18,14,237,no,snapshot
1753708935265,KXMLBGAME-25JUL28PHICWS-PHI,18,15,228,no,snapshot
1753708935265,KXMLBGAME-25JUL28PHICWS-PHI,18,16,307,no,snapshot
1753708935265,KXMLBGAME-25JUL28PHICWS-PHI,18,17,146,no,snapshot
1753708935265,KXMLBGAME-25JUL28PHICWS-PHI,18,18,137,no,snapshot
1753708935265,KXMLBGAME-25JUL28PHICWS-PHI,18,19,134,no,snapshot
1753708935265,KXMLBGAME-25JUL28PHICWS-PHI,18,20,222,no,snapshot
1753708935265,KXMLBGAME-25JUL28PHICWS-PHI,18,21,89,no,snapshot
1753708935265,KXMLBGAME-25JUL28PHICWS-PHI,18,25,100,no,snapshot
1753708935265,KXMLBGAME-25JUL28PHICWS-PHI,18,27,100,no,snapshot
1753708935265,KXMLBGAME-25JUL28PHICWS-PHI,18,29,3862,no,snapshot
1753708935265,KXMLBGAME-25JUL28PHICWS-PHI,18,30,3000,no,snapshot
1753708935265,KXMLBGAME-25JUL28PHICWS-PHI,18,31,9403,no,snapshot
1753708935265,KXMLBGAME-25JUL28PHICWS-PHI,18,32,9000,no,snapshot
1753708935265,KXMLBGAME-25JUL28PHICWS-PHI,18,33,10025,no,snapshot
1753708935265,KXMLBGAME-25JUL28PITSF-PIT,19,1,1000,yes,snapshot
1753708935265,KXMLBGAME-25JUL28PITSF-PIT,19,2,300,yes,snapshot
1753708935265,KXMLBGAME-25JUL28PITSF-PIT,19,4,200,yes,snapshot
1753708935265,KXMLBGAME-25JUL28PITSF-PIT,19,5,100,yes,snapshot
1753708935265,KXMLBGAME-25JUL28PITSF-PIT,19,7,100,yes,snapshot
1753708935265,KXMLBGAME-25JUL28PITSF-PIT,19,14,100,yes,snapshot
1753708935265,KXMLBGAME-25JUL28PITSF-PIT,19,17,100,yes,snapshot
1753708935265,KXMLBGAME-25JUL28PITSF-PIT,19,18,231,yes,snapshot
1753708935265,KXMLBGAME-25JUL28PITSF-PIT,19,40,706,yes,snapshot
1753708935265,KXMLBGAME-25JUL28PITSF-PIT,19,41,1316,yes,snapshot
1753708935265,KXMLBGAME-25JUL28PITSF-PIT,19,42,6706,yes,snapshot
1753708935265,KXMLBGAME-25JUL28PITSF-PIT,19,43,6997,yes,snapshot
1753708935265,KXMLBGAME-25JUL28PITSF-PIT,19,44,6514,yes,snapshot
1753708935265,KXMLBGAME-25JUL28PITSF-PIT,19,1,1000,no,snapshot
1753708935265,KXMLBGAME-25JUL28PITSF-PIT,19,2,2300,no,snapshot
1753708935265,KXMLBGAME-25JUL28PITSF-PIT,19,4,200,no,snapshot
1753708935265,KXMLBGAME-25JUL28PITSF-PIT,19,16,100,no,snapshot
1753708935265,KXMLBGAME-25JUL28PITSF-PIT,19,20,100,no,snapshot
1753708935265,KXMLBGAME-25JUL28PITSF-PIT,19,21,246,no,snapshot
1753708935265,KXMLBGAME-25JUL28PITSF-PIT,19,25,100,no,snapshot
1753708935265,KXMLBGAME-25JUL28PITSF-PIT,19,27,100,no,snapshot
1753708935265,KXMLBGAME-25JUL28PITSF-PIT,19,36,30,no,snapshot
1753708935265,KXMLBGAME-25JUL28PITSF-PIT,19,50,3000,no,snapshot
1753708935265,KXMLBGAME-25JUL28PITSF-PIT,19,51,4490,no,snapshot
1753708935265,KXMLBGAME-25JUL28PITSF-PIT,19,52,9000,no,snapshot
1753708935265,KXMLBGAME-25JUL28PITSF-PIT,19,53,11236,no,snapshot
1753708935265,KXMLBGAME-25JUL28PITSF-PIT,19,54,14509,no,snapshot
1753708935265,KXMLBGAME-25JUL28PITSF-SF,20,1,10000,yes,snapshot
1753708935265,KXMLBGAME-25JUL28PITSF-SF,20,2,3300,yes,snapshot
1753708935265,KXMLBGAME-25JUL28PITSF-SF,20,3,700,yes,snapshot
1753708935265,KXMLBGAME-25JUL28PITSF-SF,20,4,200,yes,snapshot
1753708935265,KXMLBGAME-25JUL28PITSF-SF,20,5,100,yes,snapshot
1753708935265,KXMLBGAME-25JUL28PITSF-SF,20,7,100,yes,snapshot
1753708935265,KXMLBGAME-25JUL28PITSF-SF,20,14,100,yes,snapshot
1753708935265,KXMLBGAME-25JUL28PITSF-SF,20,17,100,yes,snapshot
1753708935265,KXMLBGAME-25JUL28PITSF-SF,20,18,277,yes,snapshot
1753708935265,KXMLBGAME-25JUL28PITSF-SF,20,35,348,yes,snapshot
1753708935265,KXMLBGAME-25JUL28PITSF-SF,20,36,324,yes,snapshot
1753708935265,KXMLBGAME-25JUL28PITSF-SF,20,37,314,yes,snapshot
1753708935265,KXMLBGAME-25JUL28PITSF-SF,20,38,155,yes,snapshot
1753708935265,KXMLBGAME-25JUL28PITSF-SF,20,39,95,yes,snapshot
1753708935265,KXMLBGAME-25JUL28PITSF-SF,20,40,53,yes,snapshot
1753708935265,KXMLBGAME-25JUL28PITSF-SF,20,41,36,yes,snapshot
1753708935265,KXMLBGAME-25JUL28PITSF-SF,20,42,25,yes,snapshot
1753708935265,KXMLBGAME-25JUL28PITSF-SF,20,50,794,yes,snapshot
1753708935265,KXMLBGAME-25JUL28PITSF-SF,20,51,2284,yes,snapshot
1753708935265,KXMLBGAME-25JUL28PITSF-SF,20,52,6794,yes,snapshot
1753708935265,KXMLBGAME-25JUL28PITSF-SF,20,53,9030,yes,snapshot
1753708935265,KXMLBGAME-25JUL28PITSF-SF,20,54,3486,yes,snapshot
1753708935265,KXMLBGAME-25JUL28PITSF-SF,20,1,10000,no,snapshot
1753708935265,KXMLBGAME-25JUL28PITSF-SF,20,2,5300,no,snapshot
1753708935265,KXMLBGAME-25JUL28PITSF-SF,20,3,700,no,snapshot
1753708935265,KXMLBGAME-25JUL28PITSF-SF,20,4,200,no,snapshot
1753708935265,KXMLBGAME-25JUL28PITSF-SF,20,16,100,no,snapshot
1753708935265,KXMLBGAME-25JUL28PITSF-SF,20,17,239,no,snapshot
1753708935265,KXMLBGAME-25JUL28PITSF-SF,20,20,100,no,snapshot
1753708935265,KXMLBGAME-25JUL28PITSF-SF,20,25,448,no,snapshot
1753708935265,KXMLBGAME-25JUL28PITSF-SF,20,26,324,no,snapshot
1753708935265,KXMLBGAME-25JUL28PITSF-SF,20,27,364,no,snapshot
1753708935265,KXMLBGAME-25JUL28PITSF-SF,20,28,155,no,snapshot
1753708935265,KXMLBGAME-25JUL28PITSF-SF,20,29,95,no,snapshot
1753708935265,KXMLBGAME-25JUL28PITSF-SF,20,30,53,no,snapshot
1753708935265,KXMLBGAME-25JUL28PITSF-SF,20,31,36,no,snapshot
1753708935265,KXMLBGAME-25JUL28PITSF-SF,20,32,25,no,snapshot
1753708935265,KXMLBGAME-25JUL28PITSF-SF,20,36,30,no,snapshot
1753708935265,KXMLBGAME-25JUL28PITSF-SF,20,40,3000,no,snapshot
1753708935265,KXMLBGAME-25JUL28PITSF-SF,20,41,3610,no,snapshot
1753708935265,KXMLBGAME-25JUL28PITSF-SF,20,42,9000,no,snapshot
1753708935265,KXMLBGAME-25JUL28PITSF-SF,20,43,9291,no,snapshot
1753708935265,KXMLBGAME-25JUL28PITSF-SF,20,44,11429,no,snapshot
1753708935286,KXMLBGAME-25JUL28SEAATH-ATH,21,1,10000,yes,snapshot
1753708935286,KXMLBGAME-25JUL28SEAATH-ATH,21,2,3300,yes,snapshot
1753708935286,KXMLBGAME-25JUL28SEAATH-ATH,21,3,700,yes,snapshot
1753708935286,KXMLBGAME-25JUL28SEAATH-ATH,21,4,200,yes,snapshot
1753708935286,KXMLBGAME-25JUL28SEAATH-ATH,21,5,100,yes,snapshot
1753708935286,KXMLBGAME-25JUL28SEAATH-ATH,21,7,100,yes,snapshot
1753708935286,KXMLBGAME-25JUL28SEAATH-ATH,21,14,100,yes,snapshot
1753708935286,KXMLBGAME-25JUL28SEAATH-ATH,21,17,100,yes,snapshot
1753708935286,KXMLBGAME-25JUL28SEAATH-ATH,21,18,222,yes,snapshot
1753708935286,KXMLBGAME-25JUL28SEAATH-ATH,21,28,276,yes,snapshot
1753708935286,KXMLBGAME-25JUL28SEAATH-ATH,21,29,276,yes,snapshot
1753708935286,KXMLBGAME-25JUL28SEAATH-ATH,21,30,195,yes,snapshot
1753708935286,KXMLBGAME-25JUL28SEAATH-ATH,21,31,183,yes,snapshot
1753708935286,KXMLBGAME-25JUL28SEAATH-ATH,21,32,183,yes,snapshot
1753708935286,KXMLBGAME-25JUL28SEAATH-ATH,21,33,69,yes,snapshot
1753708935286,KXMLBGAME-25JUL28SEAATH-ATH,21,34,69,yes,snapshot
1753708935286,KXMLBGAME-25JUL28SEAATH-ATH,21,43,1041,yes,snapshot
1753708935286,KXMLBGAME-25JUL28SEAATH-ATH,21,44,7609,yes,snapshot
1753708935286,KXMLBGAME-25JUL28SEAATH-ATH,21,45,7319,yes,snapshot
1753708935286,KXMLBGAME-25JUL28SEAATH-ATH,21,46,6550,yes,snapshot
1753708935286,KXMLBGAME-25JUL28SEAATH-ATH,21,47,3541,yes,snapshot
1753708935286,KXMLBGAME-25JUL28SEAATH-ATH,21,1,10000,no,snapshot
1753708935286,KXMLBGAME-25JUL28SEAATH-ATH,21,2,3300,no,snapshot
1753708935286,KXMLBGAME-25JUL28SEAATH-ATH,21,3,2033,no,snapshot
1753708935286,KXMLBGAME-25JUL28SEAATH-ATH,21,4,200,no,snapshot
1753708935286,KXMLBGAME-25JUL28SEAATH-ATH,21,16,100,no,snapshot
1753708935286,KXMLBGAME-25JUL28SEAATH-ATH,21,20,100,no,snapshot
1753708935286,KXMLBGAME-25JUL28SEAATH-ATH,21,21,242,no,snapshot
1753708935286,KXMLBGAME-25JUL28SEAATH-ATH,21,25,100,no,snapshot
1753708935286,KXMLBGAME-25JUL28SEAATH-ATH,21,27,100,no,snapshot
1753708935286,KXMLBGAME-25JUL28SEAATH-ATH,21,33,291,no,snapshot
1753708935286,KXMLBGAME-25JUL28SEAATH-ATH,21,34,276,no,snapshot
1753708935286,KXMLBGAME-25JUL28SEAATH-ATH,21,35,208,no,snapshot
1753708935286,KXMLBGAME-25JUL28SEAATH-ATH,21,36,225,no,snapshot
1753708935286,KXMLBGAME-25JUL28SEAATH-ATH,21,37,183,no,snapshot
1753708935286,KXMLBGAME-25JUL28SEAATH-ATH,21,38,75,no,snapshot
1753708935286,KXMLBGAME-25JUL28SEAATH-ATH,21,39,69,no,snapshot
1753708935286,KXMLBGAME-25JUL28SEAATH-ATH,21,40,4,no,snapshot
1753708935286,KXMLBGAME-25JUL28SEAATH-ATH,21,48,3000,no,snapshot
1753708935286,KXMLBGAME-25JUL28SEAATH-ATH,21,49,4510,no,snapshot
1753708935286,KXMLBGAME-25JUL28SEAATH-ATH,21,50,9000,no,snapshot
1753708935286,KXMLBGAME-25JUL28SEAATH-ATH,21,51,16663,no,snapshot
1753708935286,KXMLBGAME-25JUL28SEAATH-ATH,21,52,3908,no,snapshot
1753708935286,KXMLBGAME-25JUL28SEAATH-SEA,22,1,10000,yes,snapshot
1753708935286,KXMLBGAME-25JUL28SEAATH-SEA,22,2,3300,yes,snapshot
1753708935286,KXMLBGAME-25JUL28SEAATH-SEA,22,3,700,yes,snapshot
1753708935286,KXMLBGAME-25JUL28SEAATH-SEA,22,4,200,yes,snapshot
1753708935286,KXMLBGAME-25JUL28SEAATH-SEA,22,5,100,yes,snapshot
1753708935286,KXMLBGAME-25JUL28SEAATH-SEA,22,7,100,yes,snapshot
1753708935286,KXMLBGAME-25JUL28SEAATH-SEA,22,14,100,yes,snapshot
1753708935286,KXMLBGAME-25JUL28SEAATH-SEA,22,17,100,yes,snapshot
1753708935286,KXMLBGAME-25JUL28SEAATH-SEA,22,18,286,yes,snapshot
1753708935286,KXMLBGAME-25JUL28SEAATH-SEA,22,33,297,yes,snapshot
1753708935286,KXMLBGAME-25JUL28SEAATH-SEA,22,34,264,yes,snapshot
1753708935286,KXMLBGAME-25JUL28SEAATH-SEA,22,35,164,yes,snapshot
1753708935286,KXMLBGAME-25JUL28SEAATH-SEA,22,36,155,yes,snapshot
1753708935286,KXMLBGAME-25JUL28SEAATH-SEA,22,37,155,yes,snapshot
1753708935286,KXMLBGAME-25JUL28SEAATH-SEA,22,38,134,yes,snapshot
1753708935286,KXMLBGAME-25JUL28SEAATH-SEA,22,39,116,yes,snapshot
1753708935286,KXMLBGAME-25JUL28SEAATH-SEA,22,48,459,yes,snapshot
1753708935286,KXMLBGAME-25JUL28SEAATH-SEA,22,49,1969,yes,snapshot
1753708935286,KXMLBGAME-25JUL28SEAATH-SEA,22,50,6459,yes,snapshot
1753708935286,KXMLBGAME-25JUL28SEAATH-SEA,22,51,8704,yes,snapshot
1753708935286,KXMLBGAME-25JUL28SEAATH-SEA,22,52,2949,yes,snapshot
1753708935286,KXMLBGAME-25JUL28SEAATH-SEA,22,1,10000,no,snapshot
1753708935286,KXMLBGAME-25JUL28SEAATH-SEA,22,2,5300,no,snapshot
1753708935286,KXMLBGAME-25JUL28SEAATH-SEA,22,3,700,no,snapshot
1753708935286,KXMLBGAME-25JUL28SEAATH-SEA,22,4,200,no,snapshot
1753708935286,KXMLBGAME-25JUL28SEAATH-SEA,22,16,100,no,snapshot
1753708935286,KXMLBGAME-25JUL28SEAATH-SEA,22,17,239,no,snapshot
1753708935286,KXMLBGAME-25JUL28SEAATH-SEA,22,20,100,no,snapshot
1753708935286,KXMLBGAME-25JUL28SEAATH-SEA,22,25,100,no,snapshot
1753708935286,KXMLBGAME-25JUL28SEAATH-SEA,22,27,100,no,snapshot
1753708935286,KXMLBGAME-25JUL28SEAATH-SEA,22,28,297,no,snapshot
1753708935286,KXMLBGAME-25JUL28SEAATH-SEA,22,29,264,no,snapshot
1753708935286,KXMLBGAME-25JUL28SEAATH-SEA,22,30,164,no,snapshot
1753708935286,KXMLBGAME-25JUL28SEAATH-SEA,22,31,155,no,snapshot
1753708935286,KXMLBGAME-25JUL28SEAATH-SEA,22,32,155,no,snapshot
1753708935286,KXMLBGAME-25JUL28SEAATH-SEA,22,33,134,no,snapshot
1753708935286,KXMLBGAME-25JUL28SEAATH-SEA,22,34,116,no,snapshot
1753708935286,KXMLBGAME-25JUL28SEAATH-SEA,22,36,30,no,snapshot
1753708935286,KXMLBGAME-25JUL28SEAATH-SEA,22,43,3000,no,snapshot
1753708935286,KXMLBGAME-25JUL28SEAATH-SEA,22,44,9568,no,snapshot
1753708935286,KXMLBGAME-25JUL28SEAATH-SEA,22,45,9278,no,snapshot
1753708935286,KXMLBGAME-25JUL28SEAATH-SEA,22,46,9009,no,snapshot
1753708935286,KXMLBGAME-25JUL28SEAATH-SEA,22,47,6684,no,snapshot
1753708935286,KXMLBGAME-25JUL28TBNYY-NYY,23,1,10000,yes,snapshot
1753708935286,KXMLBGAME-25JUL28TBNYY-NYY,23,2,3300,yes,snapshot
1753708935286,KXMLBGAME-25JUL28TBNYY-NYY,23,3,700,yes,snapshot
1753708935286,KXMLBGAME-25JUL28TBNYY-NYY,23,4,200,yes,snapshot
1753708935286,KXMLBGAME-25JUL28TBNYY-NYY,23,5,100,yes,snapshot
1753708935286,KXMLBGAME-25JUL28TBNYY-NYY,23,7,100,yes,snapshot
1753708935286,KXMLBGAME-25JUL28TBNYY-NYY,23,14,100,yes,snapshot
1753708935286,KXMLBGAME-25JUL28TBNYY-NYY,23,17,100,yes,snapshot
1753708935286,KXMLBGAME-25JUL28TBNYY-NYY,23,18,283,yes,snapshot
1753708935286,KXMLBGAME-25JUL28TBNYY-NYY,23,35,312,yes,snapshot
1753708935286,KXMLBGAME-25JUL28TBNYY-NYY,23,36,193,yes,snapshot
1753708935286,KXMLBGAME-25JUL28TBNYY-NYY,23,37,184,yes,snapshot
1753708935286,KXMLBGAME-25JUL28TBNYY-NYY,23,38,184,yes,snapshot
1753708935286,KXMLBGAME-25JUL28TBNYY-NYY,23,39,184,yes,snapshot
1753708935286,KXMLBGAME-25JUL28TBNYY-NYY,23,40,97,yes,snapshot
1753708935286,KXMLBGAME-25JUL28TBNYY-NYY,23,41,58,yes,snapshot
1753708935286,KXMLBGAME-25JUL28TBNYY-NYY,23,42,58,yes,snapshot
1753708935286,KXMLBGAME-25JUL28TBNYY-NYY,23,50,955,yes,snapshot
1753708935286,KXMLBGAME-25JUL28TBNYY-NYY,23,51,7445,yes,snapshot
1753708935286,KXMLBGAME-25JUL28TBNYY-NYY,23,52,6955,yes,snapshot
1753708935286,KXMLBGAME-25JUL28TBNYY-NYY,23,53,8704,yes,snapshot
1753708935286,KXMLBGAME-25JUL28TBNYY-NYY,23,54,955,yes,snapshot
1753708935286,KXMLBGAME-25JUL28TBNYY-NYY,23,1,10000,no,snapshot
1753708935286,KXMLBGAME-25JUL28TBNYY-NYY,23,2,3300,no,snapshot
1753708935286,KXMLBGAME-25JUL28TBNYY-NYY,23,3,2033,no,snapshot
1753708935286,KXMLBGAME-25JUL28TBNYY-NYY,23,4,200,no,snapshot
1753708935286,KXMLBGAME-25JUL28TBNYY-NYY,23,16,100,no,snapshot
1753708935286,KXMLBGAME-25JUL28TBNYY-NYY,23,17,240,no,snapshot
1753708935286,KXMLBGAME-25JUL28TBNYY-NYY,23,20,100,no,snapshot
1753708935286,KXMLBGAME-25JUL28TBNYY-NYY,23,25,100,no,snapshot
1753708935286,KXMLBGAME-25JUL28TBNYY-NYY,23,26,312,no,snapshot
1753708935286,KXMLBGAME-25JUL28TBNYY-NYY,23,27,293,no,snapshot
1753708935286,KXMLBGAME-25JUL28TBNYY-NYY,23,28,184,no,snapshot
1753708935286,KXMLBGAME-25JUL28TBNYY-NYY,23,29,184,no,snapshot
1753708935286,KXMLBGAME-25JUL28TBNYY-NYY,23,30,184,no,snapshot
1753708935286,KXMLBGAME-25JUL28TBNYY-NYY,23,31,97,no,snapshot
1753708935286,KXMLBGAME-25JUL28TBNYY-NYY,23,32,58,no,snapshot
1753708935286,KXMLBGAME-25JUL28TBNYY-NYY,23,33,58,no,snapshot
1753708935286,KXMLBGAME-25JUL28TBNYY-NYY,23,36,30,no,snapshot
1753708935286,KXMLBGAME-25JUL28TBNYY-NYY,23,40,3000,no,snapshot
1753708935286,KXMLBGAME-25JUL28TBNYY-NYY,23,41,3610,no,snapshot
1753708935286,KXMLBGAME-25JUL28TBNYY-NYY,23,42,4000,no,snapshot
1753708935286,KXMLBGAME-25JUL28TBNYY-NYY,23,43,9291,no,snapshot
1753708935286,KXMLBGAME-25JUL28TBNYY-NYY,23,44,9590,no,snapshot
1753708935286,KXMLBGAME-25JUL28TBNYY-NYY,23,45,486,no,snapshot
1753708935287,KXMLBGAME-25JUL28TBNYY-TB,24,1,1000,yes,snapshot
1753708935287,KXMLBGAME-25JUL28TBNYY-TB,24,2,300,yes,snapshot
1753708935287,KXMLBGAME-25JUL28TBNYY-TB,24,4,200,yes,snapshot
1753708935287,KXMLBGAME-25JUL28TBNYY-TB,24,5,100,yes,snapshot
1753708935287,KXMLBGAME-25JUL28TBNYY-TB,24,7,100,yes,snapshot
1753708935287,KXMLBGAME-25JUL28TBNYY-TB,24,14,100,yes,snapshot
1753708935287,KXMLBGAME-25JUL28TBNYY-TB,24,17,100,yes,snapshot
1753708935287,KXMLBGAME-25JUL28TBNYY-TB,24,18,228,yes,snapshot
1753708935287,KXMLBGAME-25JUL28TBNYY-TB,24,40,545,yes,snapshot
1753708935287,KXMLBGAME-25JUL28TBNYY-TB,24,41,1155,yes,snapshot
1753708935287,KXMLBGAME-25JUL28TBNYY-TB,24,42,6545,yes,snapshot
1753708935287,KXMLBGAME-25JUL28TBNYY-TB,24,43,6836,yes,snapshot
1753708935287,KXMLBGAME-25JUL28TBNYY-TB,24,44,9031,yes,snapshot
1753708935287,KXMLBGAME-25JUL28TBNYY-TB,24,1,1000,no,snapshot
1753708935287,KXMLBGAME-25JUL28TBNYY-TB,24,2,2300,no,snapshot
1753708935287,KXMLBGAME-25JUL28TBNYY-TB,24,4,200,no,snapshot
1753708935287,KXMLBGAME-25JUL28TBNYY-TB,24,16,100,no,snapshot
1753708935287,KXMLBGAME-25JUL28TBNYY-TB,24,20,100,no,snapshot
1753708935287,KXMLBGAME-25JUL28TBNYY-TB,24,21,245,no,snapshot
1753708935287,KXMLBGAME-25JUL28TBNYY-TB,24,25,100,no,snapshot
1753708935287,KXMLBGAME-25JUL28TBNYY-TB,24,27,100,no,snapshot
1753708935287,KXMLBGAME-25JUL28TBNYY-TB,24,36,30,no,snapshot
1753708935287,KXMLBGAME-25JUL28TBNYY-TB,24,50,3000,no,snapshot
1753708935287,KXMLBGAME-25JUL28TBNYY-TB,24,51,4490,no,snapshot
1753708935287,KXMLBGAME-25JUL28TBNYY-TB,24,52,9000,no,snapshot
1753708935287,KXMLBGAME-25JUL28TBNYY-TB,24,53,11236,no,snapshot
1753708935287,KXMLBGAME-25JUL28TBNYY-TB,24,54,7863,no,snapshot
1753708935287,KXMLBGAME-25JUL28TEXLAA-LAA,25,1,1000,yes,snapshot
1753708935287,KXMLBGAME-25JUL28TEXLAA-LAA,25,2,300,yes,snapshot
1753708935287,KXMLBGAME-25JUL28TEXLAA-LAA,25,4,200,yes,snapshot
1753708935287,KXMLBGAME-25JUL28TEXLAA-LAA,25,5,100,yes,snapshot
1753708935287,KXMLBGAME-25JUL28TEXLAA-LAA,25,7,100,yes,snapshot
1753708935287,KXMLBGAME-25JUL28TEXLAA-LAA,25,8,251,yes,snapshot
1753708935287,KXMLBGAME-25JUL28TEXLAA-LAA,25,14,100,yes,snapshot
1753708935287,KXMLBGAME-25JUL28TEXLAA-LAA,25,17,100,yes,snapshot
1753708935287,KXMLBGAME-25JUL28TEXLAA-LAA,25,31,1193,yes,snapshot
1753708935287,KXMLBGAME-25JUL28TEXLAA-LAA,25,32,585,yes,snapshot
1753708935287,KXMLBGAME-25JUL28TEXLAA-LAA,25,33,6766,yes,snapshot
1753708935287,KXMLBGAME-25JUL28TEXLAA-LAA,25,34,6387,yes,snapshot
1753708935287,KXMLBGAME-25JUL28TEXLAA-LAA,25,35,6407,yes,snapshot
1753708935287,KXMLBGAME-25JUL28TEXLAA-LAA,25,1,1000,no,snapshot
1753708935287,KXMLBGAME-25JUL28TEXLAA-LAA,25,2,2300,no,snapshot
1753708935287,KXMLBGAME-25JUL28TEXLAA-LAA,25,4,200,no,snapshot
1753708935287,KXMLBGAME-25JUL28TEXLAA-LAA,25,16,100,no,snapshot
1753708935287,KXMLBGAME-25JUL28TEXLAA-LAA,25,20,100,no,snapshot
1753708935287,KXMLBGAME-25JUL28TEXLAA-LAA,25,25,100,no,snapshot
1753708935287,KXMLBGAME-25JUL28TEXLAA-LAA,25,27,100,no,snapshot
1753708935287,KXMLBGAME-25JUL28TEXLAA-LAA,25,28,221,no,snapshot
1753708935287,KXMLBGAME-25JUL28TEXLAA-LAA,25,36,30,no,snapshot
1753708935287,KXMLBGAME-25JUL28TEXLAA-LAA,25,59,3000,no,snapshot
1753708935287,KXMLBGAME-25JUL28TEXLAA-LAA,25,60,3417,no,snapshot
1753708935287,KXMLBGAME-25JUL28TEXLAA-LAA,25,61,9000,no,snapshot
1753708935287,KXMLBGAME-25JUL28TEXLAA-LAA,25,62,9000,no,snapshot
1753708935287,KXMLBGAME-25JUL28TEXLAA-LAA,25,63,14890,no,snapshot
1753708935287,KXMLBGAME-25JUL28TEXLAA-TEX,26,1,10000,yes,snapshot
1753708935287,KXMLBGAME-25JUL28TEXLAA-TEX,26,2,3300,yes,snapshot
1753708935287,KXMLBGAME-25JUL28TEXLAA-TEX,26,3,700,yes,snapshot
1753708935287,KXMLBGAME-25JUL28TEXLAA-TEX,26,4,200,yes,snapshot
1753708935287,KXMLBGAME-25JUL28TEXLAA-TEX,26,5,100,yes,snapshot
1753708935287,KXMLBGAME-25JUL28TEXLAA-TEX,26,7,100,yes,snapshot
1753708935287,KXMLBGAME-25JUL28TEXLAA-TEX,26,14,100,yes,snapshot
1753708935287,KXMLBGAME-25JUL28TEXLAA-TEX,26,17,100,yes,snapshot
1753708935287,KXMLBGAME-25JUL28TEXLAA-TEX,26,18,334,yes,snapshot
1753708935287,KXMLBGAME-25JUL28TEXLAA-TEX,26,44,325,yes,snapshot
1753708935287,KXMLBGAME-25JUL28TEXLAA-TEX,26,45,294,yes,snapshot
1753708935287,KXMLBGAME-25JUL28TEXLAA-TEX,26,46,193,yes,snapshot
1753708935287,KXMLBGAME-25JUL28TEXLAA-TEX,26,47,175,yes,snapshot
1753708935287,KXMLBGAME-25JUL28TEXLAA-TEX,26,48,105,yes,snapshot
1753708935287,KXMLBGAME-25JUL28TEXLAA-TEX,26,49,77,yes,snapshot
1753708935287,KXMLBGAME-25JUL28TEXLAA-TEX,26,50,74,yes,snapshot
1753708935287,KXMLBGAME-25JUL28TEXLAA-TEX,26,51,56,yes,snapshot
1753708935287,KXMLBGAME-25JUL28TEXLAA-TEX,26,59,1113,yes,snapshot
1753708935287,KXMLBGAME-25JUL28TEXLAA-TEX,26,60,1530,yes,snapshot
1753708935287,KXMLBGAME-25JUL28TEXLAA-TEX,26,61,7113,yes,snapshot
1753708935287,KXMLBGAME-25JUL28TEXLAA-TEX,26,62,7113,yes,snapshot
1753708935287,KXMLBGAME-25JUL28TEXLAA-TEX,26,63,6290,yes,snapshot
1753708935287,KXMLBGAME-25JUL28TEXLAA-TEX,26,1,10000,no,snapshot
1753708935287,KXMLBGAME-25JUL28TEXLAA-TEX,26,2,3300,no,snapshot
1753708935287,KXMLBGAME-25JUL28TEXLAA-TEX,26,3,2033,no,snapshot
1753708935287,KXMLBGAME-25JUL28TEXLAA-TEX,26,4,200,no,snapshot
1753708935287,KXMLBGAME-25JUL28TEXLAA-TEX,26,5,407,no,snapshot
1753708935287,KXMLBGAME-25JUL28TEXLAA-TEX,26,16,425,no,snapshot
1753708935287,KXMLBGAME-25JUL28TEXLAA-TEX,26,17,294,no,snapshot
1753708935287,KXMLBGAME-25JUL28TEXLAA-TEX,26,18,193,no,snapshot
1753708935287,KXMLBGAME-25JUL28TEXLAA-TEX,26,19,175,no,snapshot
1753708935287,KXMLBGAME-25JUL28TEXLAA-TEX,26,20,205,no,snapshot
1753708935287,KXMLBGAME-25JUL28TEXLAA-TEX,26,21,77,no,snapshot
1753708935287,KXMLBGAME-25JUL28TEXLAA-TEX,26,22,74,no,snapshot
1753708935287,KXMLBGAME-25JUL28TEXLAA-TEX,26,23,56,no,snapshot
1753708935287,KXMLBGAME-25JUL28TEXLAA-TEX,26,25,100,no,snapshot
1753708935287,KXMLBGAME-25JUL28TEXLAA-TEX,26,27,100,no,snapshot
1753708935287,KXMLBGAME-25JUL28TEXLAA-TEX,26,31,3806,no,snapshot
1753708935287,KXMLBGAME-25JUL28TEXLAA-TEX,26,32,3000,no,snapshot
1753708935287,KXMLBGAME-25JUL28TEXLAA-TEX,26,33,9379,no,snapshot
1753708935287,KXMLBGAME-25JUL28TEXLAA-TEX,26,34,9000,no,snapshot
1753708935287,KXMLBGAME-25JUL28TEXLAA-TEX,26,35,21117,no,snapshot
1753708935287,KXMLBGAME-25JUL28TORBAL-BAL,27,1,10000,yes,snapshot
1753708935287,KXMLBGAME-25JUL28TORBAL-BAL,27,2,3300,yes,snapshot
1753708935287,KXMLBGAME-25JUL28TORBAL-BAL,27,3,700,yes,snapshot
1753708935287,KXMLBGAME-25JUL28TORBAL-BAL,27,4,200,yes,snapshot
1753708935287,KXMLBGAME-25JUL28TORBAL-BAL,27,5,100,yes,snapshot
1753708935287,KXMLBGAME-25JUL28TORBAL-BAL,27,7,100,yes,snapshot
1753708935287,KXMLBGAME-25JUL28TORBAL-BAL,27,14,100,yes,snapshot
1753708935287,KXMLBGAME-25JUL28TORBAL-BAL,27,17,100,yes,snapshot
1753708935287,KXMLBGAME-25JUL28TORBAL-BAL,27,18,224,yes,snapshot
1753708935287,KXMLBGAME-25JUL28TORBAL-BAL,27,29,316,yes,snapshot
1753708935287,KXMLBGAME-25JUL28TORBAL-BAL,27,30,257,yes,snapshot
1753708935287,KXMLBGAME-25JUL28TORBAL-BAL,27,31,238,yes,snapshot
1753708935287,KXMLBGAME-25JUL28TORBAL-BAL,27,32,199,yes,snapshot
1753708935287,KXMLBGAME-25JUL28TORBAL-BAL,27,33,130,yes,snapshot
1753708935287,KXMLBGAME-25JUL28TORBAL-BAL,27,34,72,yes,snapshot
1753708935287,KXMLBGAME-25JUL28TORBAL-BAL,27,35,52,yes,snapshot
1753708935287,KXMLBGAME-25JUL28TORBAL-BAL,27,36,36,yes,snapshot
1753708935287,KXMLBGAME-25JUL28TORBAL-BAL,27,46,6543,yes,snapshot
1753708935287,KXMLBGAME-25JUL28TORBAL-BAL,27,47,6000,yes,snapshot
1753708935287,KXMLBGAME-25JUL28TORBAL-BAL,27,48,8261,yes,snapshot
1753708935287,KXMLBGAME-25JUL28TORBAL-BAL,27,1,10000,no,snapshot
1753708935287,KXMLBGAME-25JUL28TORBAL-BAL,27,2,5300,no,snapshot
1753708935287,KXMLBGAME-25JUL28TORBAL-BAL,27,3,700,no,snapshot
1753708935287,KXMLBGAME-25JUL28TORBAL-BAL,27,4,200,no,snapshot
1753708935287,KXMLBGAME-25JUL28TORBAL-BAL,27,16,100,no,snapshot
1753708935287,KXMLBGAME-25JUL28TORBAL-BAL,27,20,100,no,snapshot
1753708935287,KXMLBGAME-25JUL28TORBAL-BAL,27,21,245,no,snapshot
1753708935287,KXMLBGAME-25JUL28TORBAL-BAL,27,25,100,no,snapshot
1753708935287,KXMLBGAME-25JUL28TORBAL-BAL,27,27,100,no,snapshot
1753708935287,KXMLBGAME-25JUL28TORBAL-BAL,27,31,316,no,snapshot
1753708935287,KXMLBGAME-25JUL28TORBAL-BAL,27,32,238,no,snapshot
1753708935287,KXMLBGAME-25JUL28TORBAL-BAL,27,33,238,no,snapshot
1753708935287,KXMLBGAME-25JUL28TORBAL-BAL,27,34,199,no,snapshot
1753708935287,KXMLBGAME-25JUL28TORBAL-BAL,27,35,130,no,snapshot
1753708935287,KXMLBGAME-25JUL28TORBAL-BAL,27,36,82,no,snapshot
1753708935287,KXMLBGAME-25JUL28TORBAL-BAL,27,37,36,no,snapshot
1753708935287,KXMLBGAME-25JUL28TORBAL-BAL,27,38,36,no,snapshot
1753708935287,KXMLBGAME-25JUL28TORBAL-BAL,27,45,3000,no,snapshot
1753708935287,KXMLBGAME-25JUL28TORBAL-BAL,27,46,3000,no,snapshot
1753708935287,KXMLBGAME-25JUL28TORBAL-BAL,27,47,4532,no,snapshot
1753708935287,KXMLBGAME-25JUL28TORBAL-BAL,27,48,9260,no,snapshot
1753708935287,KXMLBGAME-25JUL28TORBAL-BAL,27,49,16861,no,snapshot
1753708935287,KXMLBGAME-25JUL28TORBAL-BAL,27,50,498,no,snapshot
1753708935287,KXMLBGAME-25JUL28TORBAL-TOR,28,1,10000,yes,snapshot
1753708935287,KXMLBGAME-25JUL28TORBAL-TOR,28,2,3300,yes,snapshot
1753708935287,KXMLBGAME-25JUL28TORBAL-TOR,28,3,700,yes,snapshot
1753708935287,KXMLBGAME-25JUL28TORBAL-TOR,28,4,200,yes,snapshot
1753708935287,KXMLBGAME-25JUL28TORBAL-TOR,28,5,100,yes,snapshot
1753708935287,KXMLBGAME-25JUL28TORBAL-TOR,28,7,100,yes,snapshot
1753708935287,KXMLBGAME-25JUL28TORBAL-TOR,28,14,100,yes,snapshot
1753708935287,KXMLBGAME-25JUL28TORBAL-TOR,28,17,100,yes,snapshot
1753708935287,KXMLBGAME-25JUL28TORBAL-TOR,28,18,285,yes,snapshot
1753708935287,KXMLBGAME-25JUL28TORBAL-TOR,28,30,345,yes,snapshot
1753708935287,KXMLBGAME-25JUL28TORBAL-TOR,28,31,334,yes,snapshot
1753708935287,KXMLBGAME-25JUL28TORBAL-TOR,28,32,239,yes,snapshot
1753708935287,KXMLBGAME-25JUL28TORBAL-TOR,28,33,209,yes,snapshot
1753708935287,KXMLBGAME-25JUL28TORBAL-TOR,28,34,72,yes,snapshot
1753708935287,KXMLBGAME-25JUL28TORBAL-TOR,28,35,42,yes,snapshot
1753708935287,KXMLBGAME-25JUL28TORBAL-TOR,28,36,35,yes,snapshot
1753708935287,KXMLBGAME-25JUL28TORBAL-TOR,28,37,73,yes,snapshot
1753708935287,KXMLBGAME-25JUL28TORBAL-TOR,28,45,1500,yes,snapshot
1753708935287,KXMLBGAME-25JUL28TORBAL-TOR,28,46,2043,yes,snapshot
1753708935287,KXMLBGAME-25JUL28TORBAL-TOR,28,47,7500,yes,snapshot
1753708935287,KXMLBGAME-25JUL28TORBAL-TOR,28,48,7760,yes,snapshot
1753708935287,KXMLBGAME-25JUL28TORBAL-TOR,28,49,9498,yes,snapshot
1753708935287,KXMLBGAME-25JUL28TORBAL-TOR,28,1,10000,no,snapshot
1753708935287,KXMLBGAME-25JUL28TORBAL-TOR,28,2,3300,no,snapshot
1753708935287,KXMLBGAME-25JUL28TORBAL-TOR,28,3,2033,no,snapshot
1753708935287,KXMLBGAME-25JUL28TORBAL-TOR,28,4,200,no,snapshot
1753708935287,KXMLBGAME-25JUL28TORBAL-TOR,28,16,100,no,snapshot
1753708935287,KXMLBGAME-25JUL28TORBAL-TOR,28,17,240,no,snapshot
1753708935287,KXMLBGAME-25JUL28TORBAL-TOR,28,20,100,no,snapshot
1753708935287,KXMLBGAME-25JUL28TORBAL-TOR,28,25,100,no,snapshot
1753708935287,KXMLBGAME-25JUL28TORBAL-TOR,28,27,100,no,snapshot
1753708935287,KXMLBGAME-25JUL28TORBAL-TOR,28,30,345,no,snapshot
1753708935287,KXMLBGAME-25JUL28TORBAL-TOR,28,31,334,no,snapshot
1753708935287,KXMLBGAME-25JUL28TORBAL-TOR,28,32,239,no,snapshot
1753708935287,KXMLBGAME-25JUL28TORBAL-TOR,28,33,209,no,snapshot
1753708935287,KXMLBGAME-25JUL28TORBAL-TOR,28,34,72,no,snapshot
1753708935287,KXMLBGAME-25JUL28TORBAL-TOR,28,35,42,no,snapshot
1753708935287,KXMLBGAME-25JUL28TORBAL-TOR,28,36,65,no,snapshot
1753708935287,KXMLBGAME-25JUL28TORBAL-TOR,28,45,10974,no,snapshot
1753708935287,KXMLBGAME-25JUL28TORBAL-TOR,28,46,4543,no,snapshot
1753708935287,KXMLBGAME-25JUL28TORBAL-TOR,28,47,9000,no,snapshot
1753708935287,KXMLBGAME-25JUL28TORBAL-TOR,28,48,11760,no,snapshot
1753708935287,KXMLBGAME-25JUL28TORBAL-TOR,28,49,4132,no,snapshot
1753708935287,KXMLBGAME-25JUL28WSHHOU-HOU,29,1,10000,yes,snapshot
1753708935287,KXMLBGAME-25JUL28WSHHOU-HOU,29,2,3300,yes,snapshot
1753708935287,KXMLBGAME-25JUL28WSHHOU-HOU,29,3,700,yes,snapshot
1753708935287,KXMLBGAME-25JUL28WSHHOU-HOU,29,4,200,yes,snapshot
1753708935287,KXMLBGAME-25JUL28WSHHOU-HOU,29,5,100,yes,snapshot
1753708935287,KXMLBGAME-25JUL28WSHHOU-HOU,29,7,100,yes,snapshot
1753708935287,KXMLBGAME-25JUL28WSHHOU-HOU,29,14,100,yes,snapshot
1753708935287,KXMLBGAME-25JUL28WSHHOU-HOU,29,17,100,yes,snapshot
1753708935287,KXMLBGAME-25JUL28WSHHOU-HOU,29,18,337,yes,snapshot
1753708935287,KXMLBGAME-25JUL28WSHHOU-HOU,29,48,239,yes,snapshot
1753708935287,KXMLBGAME-25JUL28WSHHOU-HOU,29,49,201,yes,snapshot
1753708935287,KXMLBGAME-25JUL28WSHHOU-HOU,29,50,196,yes,snapshot
1753708935287,KXMLBGAME-25JUL28WSHHOU-HOU,29,51,183,yes,snapshot
1753708935287,KXMLBGAME-25JUL28WSHHOU-HOU,29,52,177,yes,snapshot
1753708935287,KXMLBGAME-25JUL28WSHHOU-HOU,29,53,121,yes,snapshot
1753708935287,KXMLBGAME-25JUL28WSHHOU-HOU,29,54,100,yes,snapshot
1753708935287,KXMLBGAME-25JUL28WSHHOU-HOU,29,55,84,yes,snapshot
1753708935287,KXMLBGAME-25JUL28WSHHOU-HOU,29,63,1059,yes,snapshot
1753708935287,KXMLBGAME-25JUL28WSHHOU-HOU,29,64,6662,yes,snapshot
1753708935287,KXMLBGAME-25JUL28WSHHOU-HOU,29,65,6662,yes,snapshot
1753708935287,KXMLBGAME-25JUL28WSHHOU-HOU,29,66,7201,yes,snapshot
1753708935287,KXMLBGAME-25JUL28WSHHOU-HOU,29,67,662,yes,snapshot
1753708935287,KXMLBGAME-25JUL28WSHHOU-HOU,29,1,10000,no,snapshot
1753708935287,KXMLBGAME-25JUL28WSHHOU-HOU,29,2,3300,no,snapshot
1753708935287,KXMLBGAME-25JUL28WSHHOU-HOU,29,3,2033,no,snapshot
1753708935287,KXMLBGAME-25JUL28WSHHOU-HOU,29,4,200,no,snapshot
1753708935287,KXMLBGAME-25JUL28WSHHOU-HOU,29,5,409,no,snapshot
1753708935287,KXMLBGAME-25JUL28WSHHOU-HOU,29,13,239,no,snapshot
1753708935287,KXMLBGAME-25JUL28WSHHOU-HOU,29,14,201,no,snapshot
1753708935287,KXMLBGAME-25JUL28WSHHOU-HOU,29,15,196,no,snapshot
1753708935287,KXMLBGAME-25JUL28WSHHOU-HOU,29,16,283,no,snapshot
1753708935287,KXMLBGAME-25JUL28WSHHOU-HOU,29,17,177,no,snapshot
1753708935287,KXMLBGAME-25JUL28WSHHOU-HOU,29,18,121,no,snapshot
1753708935287,KXMLBGAME-25JUL28WSHHOU-HOU,29,19,100,no,snapshot
1753708935287,KXMLBGAME-25JUL28WSHHOU-HOU,29,20,184,no,snapshot
1753708935287,KXMLBGAME-25JUL28WSHHOU-HOU,29,25,100,no,snapshot
1753708935287,KXMLBGAME-25JUL28WSHHOU-HOU,29,27,100,no,snapshot
1753708935287,KXMLBGAME-25JUL28WSHHOU-HOU,29,28,3893,no,snapshot
1753708935287,KXMLBGAME-25JUL28WSHHOU-HOU,29,29,4000,no,snapshot
1753708935287,KXMLBGAME-25JUL28WSHHOU-HOU,29,30,9417,no,snapshot
1753708935287,KXMLBGAME-25JUL28WSHHOU-HOU,29,31,22000,no,snapshot
1753708935287,KXMLBGAME-25JUL28WSHHOU-HOU,29,32,6764,no,snapshot
1753708935287,KXMLBGAME-25JUL28WSHHOU-WSH,30,1,10000,yes,snapshot
1753708935287,KXMLBGAME-25JUL28WSHHOU-WSH,30,2,3300,yes,snapshot
1753708935287,KXMLBGAME-25JUL28WSHHOU-WSH,30,3,700,yes,snapshot
1753708935287,KXMLBGAME-25JUL28WSHHOU-WSH,30,4,200,yes,snapshot
1753708935287,KXMLBGAME-25JUL28WSHHOU-WSH,30,5,100,yes,snapshot
1753708935287,KXMLBGAME-25JUL28WSHHOU-WSH,30,7,100,yes,snapshot
1753708935287,KXMLBGAME-25JUL28WSHHOU-WSH,30,8,258,yes,snapshot
1753708935287,KXMLBGAME-25JUL28WSHHOU-WSH,30,13,224,yes,snapshot
1753708935287,KXMLBGAME-25JUL28WSHHOU-WSH,30,14,300,yes,snapshot
1753708935287,KXMLBGAME-25JUL28WSHHOU-WSH,30,15,197,yes,snapshot
1753708935287,KXMLBGAME-25JUL28WSHHOU-WSH,30,16,186,yes,snapshot
1753708935287,KXMLBGAME-25JUL28WSHHOU-WSH,30,17,267,yes,snapshot
1753708935287,KXMLBGAME-25JUL28WSHHOU-WSH,30,18,167,yes,snapshot
1753708935287,KXMLBGAME-25JUL28WSHHOU-WSH,30,19,82,yes,snapshot
1753708935287,KXMLBGAME-25JUL28WSHHOU-WSH,30,20,77,yes,snapshot
1753708935287,KXMLBGAME-25JUL28WSHHOU-WSH,30,27,926,yes,snapshot
1753708935287,KXMLBGAME-25JUL28WSHHOU-WSH,30,28,837,yes,snapshot
1753708935287,KXMLBGAME-25JUL28WSHHOU-WSH,30,29,1837,yes,snapshot
1753708935287,KXMLBGAME-25JUL28WSHHOU-WSH,30,30,7254,yes,snapshot
1753708935287,KXMLBGAME-25JUL28WSHHOU-WSH,30,31,9837,yes,snapshot
1753708935287,KXMLBGAME-25JUL28WSHHOU-WSH,30,32,1486,yes,snapshot
1753708935287,KXMLBGAME-25JUL28WSHHOU-WSH,30,1,10000,no,snapshot
1753708935287,KXMLBGAME-25JUL28WSHHOU-WSH,30,2,3300,no,snapshot
1753708935287,KXMLBGAME-25JUL28WSHHOU-WSH,30,3,700,no,snapshot
1753708935287,KXMLBGAME-25JUL28WSHHOU-WSH,30,4,1200,no,snapshot
1753708935287,KXMLBGAME-25JUL28WSHHOU-WSH,30,16,100,no,snapshot
1753708935287,KXMLBGAME-25JUL28WSHHOU-WSH,30,20,100,no,snapshot
1753708935287,KXMLBGAME-25JUL28WSHHOU-WSH,30,25,100,no,snapshot
1753708935287,KXMLBGAME-25JUL28WSHHOU-WSH,30,27,100,no,snapshot
1753708935287,KXMLBGAME-25JUL28WSHHOU-WSH,30,28,221,no,snapshot
1753708935287,KXMLBGAME-25JUL28WSHHOU-WSH,30,36,30,no,snapshot
1753708935287,KXMLBGAME-25JUL28WSHHOU-WSH,30,48,224,no,snapshot
1753708935287,KXMLBGAME-25JUL28WSHHOU-WSH,30,49,200,no,snapshot
1753708935287,KXMLBGAME-25JUL28WSHHOU-WSH,30,50,197,no,snapshot
1753708935287,KXMLBGAME-25JUL28WSHHOU-WSH,30,51,186,no,snapshot
1753708935287,KXMLBGAME-25JUL28WSHHOU-WSH,30,52,167,no,snapshot
1753708935287,KXMLBGAME-25JUL28WSHHOU-WSH,30,53,167,no,snapshot
1753708935287,KXMLBGAME-25JUL28WSHHOU-WSH,30,54,82,no,snapshot
1753708935287,KXMLBGAME-25JUL28WSHHOU-WSH,30,55,77,no,snapshot
1753708935287,KXMLBGAME-25JUL28WSHHOU-WSH,30,62,3000,no,snapshot
1753708935287,KXMLBGAME-25JUL28WSHHOU-WSH,30,63,3397,no,snapshot
1753708935287,KXMLBGAME-25JUL28WSHHOU-WSH,30,64,9000,no,snapshot
1753708935287,KXMLBGAME-25JUL28WSHHOU-WSH,30,65,9000,no,snapshot
1753708935287,KXMLBGAME-25JUL28WSHHOU-WSH,30,66,15700,no,snapshot
1753708937820,KXMLBGAME-25JUL28BOSMIN-MIN,31,2,-2000,no,delta
1753708937820,KXMLBGAME-25JUL28BOSMIN-MIN,32,2,2000,no,delta
1753708938639,KXMLBGAME-25JUL28TBNYY-NYY,33,53,-4513,yes,delta
1753708938639,KXMLBGAME-25JUL28TBNYY-TB,34,42,-5000,yes,delta
1753708938639,KXMLBGAME-25JUL28TBNYY-TB,35,53,-214,no,delta
1753708938639,KXMLBGAME-25JUL28TBNYY-TB,36,53,-4786,no,delta
1753708938639,KXMLBGAME-25JUL28TBNYY-TB,37,54,-13,no,delta
1753708938738,KXMLBGAME-25JUL28TBNYY-NYY,38,53,3464,yes,delta
1753708938738,KXMLBGAME-25JUL28TBNYY-NYY,39,45,1049,no,delta
1753708938754,KXMLBGAME-25JUL28TBNYY-TB,40,45,1035,yes,delta
1753708938754,KXMLBGAME-25JUL28TBNYY-TB,41,44,14,yes,delta
1753708938775,KXMLBGAME-25JUL28TBNYY-TB,42,51,5000,no,delta
1753708938776,KXMLBGAME-25JUL28TBNYY-TB,43,53,3964,no,delta
1753708938854,KXMLBGAME-25JUL28TBNYY-TB,44,40,-545,yes,delta
1753708938920,KXMLBGAME-25JUL28TBNYY-TB,45,45,545,yes,delta
1753708938995,KXMLBGAME-25JUL28TBNYY-NYY,46,40,-3000,no,delta
1753708939056,KXMLBGAME-25JUL28TBNYY-NYY,47,45,1090,no,delta
1753708939136,KXMLBGAME-25JUL28TBNYY-NYY,48,44,1910,no,delta
1753708959858,KXMLBGAME-25JUL28ATLKC-ATL,49,17,-236,no,delta
1753708959916,KXMLBGAME-25JUL28ATLKC-ATL,50,18,-277,yes,delta
1753708960099,KXMLBGAME-25JUL28ATLKC-ATL,51,18,286,yes,delta
1753708960157,KXMLBGAME-25JUL28ATLKC-ATL,52,5,402,no,delta
1753708960278,KXMLBGAME-25JUL28ATLKC-KC,53,21,-238,no,delta
1753708960314,KXMLBGAME-25JUL28ATLKC-KC,54,18,-223,yes,delta
1753708960498,KXMLBGAME-25JUL28ATLKC-KC,55,8,251,yes,delta
1753708960554,KXMLBGAME-25JUL28ATLKC-KC,56,28,216,no,delta
1753708960679,KXMLBGAME-25JUL28CHCMIL-MIL,57,21,-245,no,delta
1753708960817,KXMLBGAME-25JUL28CHCMIL-MIL,58,18,-228,yes,delta
1753708960958,KXMLBGAME-25JUL28CHCMIL-MIL,59,19,217,yes,delta
1753708961016,KXMLBGAME-25JUL28CHCMIL-MIL,60,21,244,no,delta
1753708961141,KXMLBGAME-25JUL28CHCMIL-CHC,61,17,-235,no,delta
1753708961175,KXMLBGAME-25JUL28CHCMIL-CHC,62,18,-280,yes,delta
1753708961357,KXMLBGAME-25JUL28CHCMIL-CHC,63,18,280,yes,delta
1753708961415,KXMLBGAME-25JUL28CHCMIL-CHC,64,17,236,no,delta
1753708961537,KXMLBGAME-25JUL28PITSF-PIT,65,21,-246,no,delta
1753708961597,KXMLBGAME-25JUL28PITSF-PIT,66,18,-231,yes,delta
1753708961777,KXMLBGAME-25JUL28PITSF-PIT,67,19,213,yes,delta
1753708961877,KXMLBGAME-25JUL28PITSF-PIT,68,21,241,no,delta
1753708961936,KXMLBGAME-25JUL28PITSF-SF,69,17,-239,no,delta
1753708961994,KXMLBGAME-25JUL28PITSF-SF,70,18,-277,yes,delta
1753708962178,KXMLBGAME-25JUL28PITSF-SF,71,19,269,yes,delta
1753708962235,KXMLBGAME-25JUL28PITSF-SF,72,17,242,no,delta
1753708962357,KXMLBGAME-25JUL28SEAATH-SEA,73,17,-239,no,delta
1753708962415,KXMLBGAME-25JUL28SEAATH-SEA,74,18,-286,yes,delta
1753708962578,KXMLBGAME-25JUL28SEAATH-SEA,75,19,264,yes,delta
1753708962635,KXMLBGAME-25JUL28SEAATH-SEA,76,17,237,no,delta
1753708962758,KXMLBGAME-25JUL28SEAATH-ATH,77,21,-242,no,delta
1753708962816,KXMLBGAME-25JUL28SEAATH-ATH,78,18,-222,yes,delta
1753708962998,KXMLBGAME-25JUL28SEAATH-ATH,79,18,230,yes,delta
1753708963057,KXMLBGAME-25JUL28SEAATH-ATH,80,21,244,no,delta
1753708963178,KXMLBGAME-25JUL28LADCIN-LAD,81,17,-238,no,delta
1753708963236,KXMLBGAME-25JUL28LADCIN-LAD,82,18,-286,yes,delta
1753708963400,KXMLBGAME-25JUL28LADCIN-LAD,83,18,283,yes,delta
1753708963455,KXMLBGAME-25JUL28LADCIN-LAD,84,17,235,no,delta
1753708963578,KXMLBGAME-25JUL28LADCIN-CIN,85,21,-241,no,delta
1753708963655,KXMLBGAME-25JUL28LADCIN-CIN,86,18,-225,yes,delta
1753708963820,KXMLBGAME-25JUL28LADCIN-CIN,87,19,217,yes,delta
1753708963875,KXMLBGAME-25JUL28LADCIN-CIN,88,21,242,no,delta
1753708963997,KXMLBGAME-25JUL28TEXLAA-TEX,89,5,-407,no,delta
1753708964036,KXMLBGAME-25JUL28TEXLAA-TEX,90,18,-334,yes,delta
1753708964216,KXMLBGAME-25JUL28TEXLAA-TEX,91,19,321,yes,delta
1753708964275,KXMLBGAME-25JUL28TEXLAA-TEX,92,5,400,no,delta
1753708964396,KXMLBGAME-25JUL28TEXLAA-LAA,93,28,-221,no,delta
1753708964456,KXMLBGAME-25JUL28TEXLAA-LAA,94,8,-251,yes,delta
1753708964618,KXMLBGAME-25JUL28TEXLAA-LAA,95,9,226,yes,delta
1753708964674,KXMLBGAME-25JUL28TEXLAA-LAA,96,28,216,no,delta
1753708964795,KXMLBGAME-25JUL28NYMSD-NYM,97,21,-240,no,delta
1753708964855,KXMLBGAME-25JUL28NYMSD-NYM,98,18,-227,yes,delta
1753708965038,KXMLBGAME-25JUL28NYMSD-NYM,99,18,225,yes,delta
1753708965153,KXMLBGAME-25JUL28NYMSD-NYM,100,21,245,no,delta
1753708965195,KXMLBGAME-25JUL28NYMSD-SD,101,17,-236,no,delta
1753708965256,KXMLBGAME-25JUL28NYMSD-SD,102,18,-286,yes,delta
1753708965437,KXMLBGAME-25JUL28NYMSD-SD,103,18,280,yes,delta
1753708965496,KXMLBGAME-25JUL28NYMSD-SD,104,17,243,no,delta
1753708965614,KXMLBGAME-25JUL28ARIDET-DET,105,17,-236,no,delta
1753708965674,KXMLBGAME-25JUL28ARIDET-DET,106,18,-286,yes,delta
1753708965838,KXMLBGAME-25JUL28ARIDET-DET,107,19,270,yes,delta
1753708965894,KXMLBGAME-25JUL28ARIDET-DET,108,17,237,no,delta
1753708966039,KXMLBGAME-25JUL28ARIDET-ARI,109,21,-238,no,delta
1753708966076,KXMLBGAME-25JUL28ARIDET-ARI,110,18,-224,yes,delta
1753708966259,KXMLBGAME-25JUL28ARIDET-ARI,111,18,229,yes,delta
1753708966316,KXMLBGAME-25JUL28ARIDET-ARI,112,21,240,no,delta
1753708966446,KXMLBGAME-25JUL28MIASTL-MIA,113,21,-244,no,delta
1753708966496,KXMLBGAME-25JUL28MIASTL-MIA,114,18,-222,yes,delta
1753708966679,KXMLBGAME-25JUL28MIASTL-MIA,115,18,231,yes,delta
1753708966735,KXMLBGAME-25JUL28MIASTL-MIA,116,21,247,no,delta
1753708966837,KXMLBGAME-25JUL28MIASTL-STL,117,17,-235,no,delta
1753708966896,KXMLBGAME-25JUL28MIASTL-STL,118,18,-281,yes,delta
1753708967079,KXMLBGAME-25JUL28MIASTL-STL,119,18,286,yes,delta
1753708967134,KXMLBGAME-25JUL28MIASTL-STL,120,17,239,no,delta
1753708967257,KXMLBGAME-25JUL28TORBAL-TOR,121,17,-240,no,delta
1753708967302,KXMLBGAME-25JUL28TORBAL-TOR,122,18,-285,yes,delta
1753708967479,KXMLBGAME-25JUL28TORBAL-TOR,123,18,229,yes,delta
1753708967534,KXMLBGAME-25JUL28TORBAL-TOR,124,17,237,no,delta
1753708967658,KXMLBGAME-25JUL28TORBAL-BAL,125,21,-245,no,delta
1753708967714,KXMLBGAME-25JUL28TORBAL-BAL,126,18,-224,yes,delta
1753708967899,KXMLBGAME-25JUL28TORBAL-BAL,127,18,229,yes,delta
1753708967935,KXMLBGAME-25JUL28TORBAL-BAL,128,21,245,no,delta
1753708968057,KXMLBGAME-25JUL28TBNYY-TB,129,21,-245,no,delta
1753708968119,KXMLBGAME-25JUL28TBNYY-TB,130,18,-228,yes,delta
1753708968297,KXMLBGAME-25JUL28TBNYY-TB,131,19,216,yes,delta
1753708968356,KXMLBGAME-25JUL28TBNYY-TB,132,21,247,no,delta
1753708968478,KXMLBGAME-25JUL28TBNYY-NYY,133,17,-240,no,delta
1753708968535,KXMLBGAME-25JUL28TBNYY-NYY,134,18,-283,yes,delta
1753708968697,KXMLBGAME-25JUL28TBNYY-NYY,135,18,286,yes,delta
1753708968754,KXMLBGAME-25JUL28TBNYY-NYY,136,17,236,no,delta
1753708968877,KXMLBGAME-25JUL28PHICWS-PHI,137,5,-406,no,delta
1753708968934,KXMLBGAME-25JUL28PHICWS-PHI,138,18,-337,yes,delta
1753708969117,KXMLBGAME-25JUL28PHICWS-PHI,139,18,340,yes,delta
1753708969249,KXMLBGAME-25JUL28PHICWS-PHI,140,5,400,no,delta
1753708969294,KXMLBGAME-25JUL28PHICWS-CWS,141,28,-217,no,delta
1753708969354,KXMLBGAME-25JUL28PHICWS-CWS,142,8,-257,yes,delta
1753708969517,KXMLBGAME-25JUL28PHICWS-CWS,143,8,256,yes,delta
1753708969597,KXMLBGAME-25JUL28PHICWS-CWS,144,28,216,no,delta
1753708969697,KXMLBGAME-25JUL28COLCLE-COL,145,28,-219,no,delta
1753708969756,KXMLBGAME-25JUL28COLCLE-COL,146,8,-252,yes,delta
1753708969938,KXMLBGAME-25JUL28COLCLE-COL,147,8,254,yes,delta
1753708969996,KXMLBGAME-25JUL28COLCLE-COL,148,28,216,no,delta
1753708970117,KXMLBGAME-25JUL28COLCLE-CLE,149,5,-403,no,delta
1753708970135,KXMLBGAME-25JUL28WSHHOU-HOU,150,32,-7,no,delta
1753708970156,KXMLBGAME-25JUL28COLCLE-CLE,151,18,-337,yes,delta
1753708970235,KXMLBGAME-25JUL28WSHHOU-WSH,152,66,7,no,delta
1753708970339,KXMLBGAME-25JUL28COLCLE-CLE,153,18,335,yes,delta
1753708970396,KXMLBGAME-25JUL28COLCLE-CLE,154,5,400,no,delta
1753708970396,KXMLBGAME-25JUL28WSHHOU-HOU,155,3,-1333,no,delta
1753708970436,KXMLBGAME-25JUL28WSHHOU-HOU,156,3,1333,no,delta
1753708970514,KXMLBGAME-25JUL28WSHHOU-WSH,157,28,-221,no,delta
1753708970577,KXMLBGAME-25JUL28WSHHOU-WSH,158,8,-258,yes,delta
1753708970757,KXMLBGAME-25JUL28WSHHOU-WSH,159,9,227,yes,delta
1753708970816,KXMLBGAME-25JUL28WSHHOU-WSH,160,28,219,no,delta
1753708970979,KXMLBGAME-25JUL28WSHHOU-HOU,161,5,-409,no,delta
1753708971014,KXMLBGAME-25JUL28WSHHOU-HOU,162,18,-337,yes,delta
1753708971218,KXMLBGAME-25JUL28WSHHOU-HOU,163,18,334,yes,delta
1753708971255,KXMLBGAME-25JUL28WSHHOU-HOU,164,5,409,no,delta
1753708971419,KXMLBGAME-25JUL28BOSMIN-BOS,165,21,-238,no,delta
1753708971611,KXMLBGAME-25JUL28BOSMIN-BOS,166,18,-229,yes,delta
1753708972021,KXMLBGAME-25JUL28BOSMIN-BOS,167,18,225,yes,delta
1753708972022,KXMLBGAME-25JUL28WSHHOU-WSH,168,32,-1,yes,delta
1753708972056,KXMLBGAME-25JUL28BOSMIN-BOS,169,21,247,no,delta
1753708972136,KXMLBGAME-25JUL28WSHHOU-WSH,170,32,-2,yes,delta
1753708972217,KXMLBGAME-25JUL28BOSMIN-MIN,171,17,-236,no,delta
1753708972337,KXMLBGAME-25JUL28BOSMIN-MIN,172,18,-286,yes,delta
1753708972337,KXMLBGAME-25JUL28WSHHOU-WSH,173,31,-1,yes,delta
1753708972436,KXMLBGAME-25JUL28WSHHOU-WSH,174,31,-2,yes,delta
1753708972540,KXMLBGAME-25JUL28BOSMIN-MIN,175,18,277,yes,delta
1753708972540,KXMLBGAME-25JUL28WSHHOU-WSH,176,30,-1,yes,delta
1753708972718,KXMLBGAME-25JUL28BOSMIN-MIN,177,17,241,no,delta
1753708972734,KXMLBGAME-25JUL28WSHHOU-WSH,178,30,-2,yes,delta
1753708972939,KXMLBGAME-25JUL28WSHHOU-WSH,179,29,-1,yes,delta
1753708973250,KXMLBGAME-25JUL28WSHHOU-WSH,180,29,-2,yes,delta
1753708973315,KXMLBGAME-25JUL28WSHHOU-WSH,181,28,-1,yes,delta
1753708973438,KXMLBGAME-25JUL28WSHHOU-WSH,182,28,-2,yes,delta
1753708973638,KXMLBGAME-25JUL28WSHHOU-HOU,183,67,4,yes,delta
1753708973818,KXMLBGAME-25JUL28WSHHOU-HOU,184,66,4,yes,delta
1753708974171,KXMLBGAME-25JUL28WSHHOU-HOU,185,65,4,yes,delta
1753708974339,KXMLBGAME-25JUL28WSHHOU-HOU,186,64,4,yes,delta
1753708974538,KXMLBGAME-25JUL28WSHHOU-HOU,187,63,4,yes,delta
1753708981442,KXMLBGAME-25JUL28TORBAL-TOR,188,49,-1,no,delta
1753708981442,KXMLBGAME-25JUL28TORBAL-TOR,189,49,-203,no,delta
1753708981536,KXMLBGAME-25JUL28TORBAL-TOR,190,3,-1333,no,delta
1753708981575,KXMLBGAME-25JUL28TORBAL-TOR,191,3,1333,no,delta
1753708995261,KXMLBGAME-25JUL28SEAATH-SEA,192,47,-9,no,delta
1753708995334,KXMLBGAME-25JUL28SEAATH-SEA,193,52,4,yes,delta
1753708995415,KXMLBGAME-25JUL28SEAATH-SEA,194,51,4,yes,delta
1753708995476,KXMLBGAME-25JUL28SEAATH-SEA,195,50,4,yes,delta
1753708995494,KXMLBGAME-25JUL28SEAATH-SEA,196,2,-2000,no,delta
1753708995534,KXMLBGAME-25JUL28SEAATH-SEA,197,3,1333,no,delta
1753708995534,KXMLBGAME-25JUL28SEAATH-SEA,198,49,4,yes,delta
1753708995614,KXMLBGAME-25JUL28SEAATH-SEA,199,48,4,yes,delta
1753708995676,KXMLBGAME-25JUL28SEAATH-ATH,200,52,9,no,delta
1753708995754,KXMLBGAME-25JUL28SEAATH-ATH,201,47,-5,yes,delta
1753708995813,KXMLBGAME-25JUL28SEAATH-ATH,202,46,-5,yes,delta
1753708995874,KXMLBGAME-25JUL28SEAATH-ATH,203,45,-5,yes,delta
1753708995916,KXMLBGAME-25JUL28SEAATH-ATH,204,44,-5,yes,delta
1753708995994,KXMLBGAME-25JUL28SEAATH-ATH,205,43,-5,yes,delta
1753708999796,KXMLBGAME-25JUL28WSHHOU-HOU,206,32,-1149,no,delta
1753708999796,KXMLBGAME-25JUL28WSHHOU-WSH,207,32,-649,yes,delta
1753708999815,KXMLBGAME-25JUL28WSHHOU-WSH,208,66,-300,no,delta
1753708999815,KXMLBGAME-25JUL28WSHHOU-WSH,209,66,-1,no,delta
1753708999835,KXMLBGAME-25JUL28WSHHOU-WSH,210,66,-4049,no,delta
1753708999895,KXMLBGAME-25JUL28WSHHOU-HOU,211,66,524,yes,delta
1753708999895,KXMLBGAME-25JUL28WSHHOU-HOU,212,32,625,no,delta
1753708999914,KXMLBGAME-25JUL28WSHHOU-WSH,213,32,125,yes,delta
1753708999914,KXMLBGAME-25JUL28WSHHOU-WSH,214,66,4874,no,delta
1753709002215,KXMLBGAME-25JUL28TORBAL-BAL,215,50,-498,no,delta
1753709002234,KXMLBGAME-25JUL28TORBAL-TOR,216,47,-5000,yes,delta
1753709002234,KXMLBGAME-25JUL28TORBAL-TOR,217,48,-1370,no,delta
1753709002256,KXMLBGAME-25JUL28TORBAL-TOR,218,48,-3630,no,delta
1753709002336,KXMLBGAME-25JUL28TORBAL-BAL,219,48,247,yes,delta
1753709002355,KXMLBGAME-25JUL28TORBAL-BAL,220,50,251,no,delta
1753709002355,KXMLBGAME-25JUL28TORBAL-TOR,221,50,251,yes,delta
1753709002375,KXMLBGAME-25JUL28TORBAL-TOR,222,49,2,yes,delta
1753709002375,KXMLBGAME-25JUL28TORBAL-TOR,223,46,5000,no,delta
1753709002394,KXMLBGAME-25JUL28TORBAL-TOR,224,48,4748,no,delta
1753709002637,KXMLBGAME-25JUL28TORBAL-TOR,225,48,-3000,no,delta
1753709002715,KXMLBGAME-25JUL28TORBAL-TOR,226,44,3000,no,delta
1753709002774,KXMLBGAME-25JUL28TORBAL-TOR,227,44,-3000,no,delta
1753709002856,KXMLBGAME-25JUL28TORBAL-TOR,228,48,3000,no,delta
1753709004277,KXMLBGAME-25JUL28NYMSD-NYM,229,53,-1,no,delta
1753709004277,KXMLBGAME-25JUL28NYMSD-NYM,230,53,-2127,no,delta
1753709004277,KXMLBGAME-25JUL28NYMSD-SD,231,53,-1628,yes,delta
1753709004279,KXMLBGAME-25JUL28NYMSD-NYM,232,45,499,yes,delta
1753709004279,KXMLBGAME-25JUL28NYMSD-NYM,233,53,1629,no,delta
1753709004295,KXMLBGAME-25JUL28NYMSD-SD,234,53,1129,yes,delta
1753709004315,KXMLBGAME-25JUL28NYMSD-SD,235,45,499,no,delta
1753709006394,KXMLBGAME-25JUL28WSHHOU-HOU,236,31,-1000,no,delta
1753709006394,KXMLBGAME-25JUL28WSHHOU-HOU,237,28,1000,no,delta
1753709006394,KXMLBGAME-25JUL28WSHHOU-WSH,238,31,-1000,yes,delta
1753709006394,KXMLBGAME-25JUL28WSHHOU-WSH,239,28,1000,yes,delta
1753709006394,KXMLBGAME-25JUL28WSHHOU-WSH,240,31,-3000,yes,delta
1753709006394,KXMLBGAME-25JUL28WSHHOU-WSH,241,30,3000,yes,delta
1753709006394,KXMLBGAME-25JUL28WSHHOU-HOU,242,31,-3000,no,delta
1753709006394,KXMLBGAME-25JUL28WSHHOU-HOU,243,30,3000,no,delta
1753709006454,KXMLBGAME-25JUL28WSHHOU-WSH,244,64,-1000,no,delta
1753709006454,KXMLBGAME-25JUL28WSHHOU-WSH,245,67,1000,no,delta
1753709006454,KXMLBGAME-25JUL28WSHHOU-HOU,246,64,-1000,yes,delta
1753709006454,KXMLBGAME-25JUL28WSHHOU-HOU,247,67,1000,yes,delta
1753709006482,KXMLBGAME-25JUL28WSHHOU-WSH,248,66,-1500,no,delta
1753709006482,KXMLBGAME-25JUL28WSHHOU-WSH,249,67,1500,no,delta
1753709006482,KXMLBGAME-25JUL28WSHHOU-HOU,250,66,-1500,yes,delta
1753709006482,KXMLBGAME-25JUL28WSHHOU-HOU,251,67,1500,yes,delta
1753709006571,KXMLBGAME-25JUL28WSHHOU-HOU,252,67,-611,yes,delta
1753709006571,KXMLBGAME-25JUL28WSHHOU-HOU,253,67,-7,yes,delta
1753709006571,KXMLBGAME-25JUL28WSHHOU-HOU,254,67,-1,yes,delta
1753709006575,KXMLBGAME-25JUL28WSHHOU-HOU,255,67,-32,yes,delta
1753709006596,KXMLBGAME-25JUL28WSHHOU-HOU,256,67,-8,yes,delta
1753709006596,KXMLBGAME-25JUL28WSHHOU-HOU,257,67,-3,yes,delta
1753709006614,KXMLBGAME-25JUL28WSHHOU-WSH,258,32,16,yes,delta
1753709006614,KXMLBGAME-25JUL28WSHHOU-HOU,259,67,-4,yes,delta
1753709006675,KXMLBGAME-25JUL28WSHHOU-HOU,260,62,666,yes,delta
1753709006755,KXMLBGAME-25JUL28WSHHOU-WSH,261,62,-3000,no,delta
1753709006814,KXMLBGAME-25JUL28WSHHOU-WSH,262,67,1332,no,delta
1753709006895,KXMLBGAME-25JUL28WSHHOU-WSH,263,66,1668,no,delta
1753709006954,KXMLBGAME-25JUL28WSHHOU-HOU,264,62,-666,yes,delta
1753709007035,KXMLBGAME-25JUL28WSHHOU-HOU,265,67,666,yes,delta
1753709009576,KXMLBGAME-25JUL28WSHHOU-WSH,266,30,-417,yes,delta
1753709009576,KXMLBGAME-25JUL28WSHHOU-WSH,267,28,446,yes,delta
1753709009635,KXMLBGAME-25JUL28WSHHOU-WSH,268,63,-397,no,delta
1753709009636,KXMLBGAME-25JUL28WSHHOU-WSH,269,66,-189,no,delta
1753709009737,KXMLBGAME-25JUL28WSHHOU-WSH,270,64,391,no,delta
1753709009737,KXMLBGAME-25JUL28WSHHOU-WSH,271,67,187,no,delta
1753709009816,KXMLBGAME-25JUL28WSHHOU-HOU,272,63,-397,yes,delta
1753709009816,KXMLBGAME-25JUL28WSHHOU-HOU,273,66,-189,yes,delta
1753709009915,KXMLBGAME-25JUL28WSHHOU-HOU,274,67,187,yes,delta
1753709009933,KXMLBGAME-25JUL28WSHHOU-HOU,275,64,391,yes,delta
1753709009995,KXMLBGAME-25JUL28WSHHOU-HOU,276,28,-893,no,delta
1753709009995,KXMLBGAME-25JUL28WSHHOU-HOU,277,30,-417,no,delta
1753709010094,KXMLBGAME-25JUL28WSHHOU-HOU,278,28,446,no,delta
1753709010094,KXMLBGAME-25JUL28WSHHOU-HOU,279,26,962,no,delta
1753709010196,KXMLBGAME-25JUL28WSHHOU-HOU,280,32,-16,no,delta
1753709010376,KXMLBGAME-25JUL28WSHHOU-WSH,281,32,-16,yes,delta
1753709010474,KXMLBGAME-25JUL28WSHHOU-WSH,282,32,-750,yes,delta
1753709010495,KXMLBGAME-25JUL28WSHHOU-WSH,283,32,-84,yes,delta
1753709010534,KXMLBGAME-25JUL28WSHHOU-WSH,284,30,-1000,yes,delta
1753709010534,KXMLBGAME-25JUL28WSHHOU-WSH,285,27,1000,yes,delta
1753709010534,KXMLBGAME-25JUL28WSHHOU-WSH,286,30,-3000,yes,delta
1753709010534,KXMLBGAME-25JUL28WSHHOU-WSH,287,29,3000,yes,delta
1753709010555,KXMLBGAME-25JUL28WSHHOU-WSH,288,27,834,yes,delta
1753709010635,KXMLBGAME-25JUL28WSHHOU-HOU,289,32,-1421,no,delta
1753709010638,KXMLBGAME-25JUL28WSHHOU-HOU,290,32,-217,no,delta
1753709010714,KXMLBGAME-25JUL28WSHHOU-WSH,291,32,-125,yes,delta
1753709010714,KXMLBGAME-25JUL28WSHHOU-WSH,292,65,-1000,no,delta
1753709010714,KXMLBGAME-25JUL28WSHHOU-WSH,293,68,875,no,delta
1753709010714,KXMLBGAME-25JUL28WSHHOU-HOU,294,32,-30,no,delta
1753709010716,KXMLBGAME-25JUL28WSHHOU-WSH,295,67,-1500,no,delta
1753709010716,KXMLBGAME-25JUL28WSHHOU-WSH,296,68,1500,no,delta
1753709010794,KXMLBGAME-25JUL28WSHHOU-HOU,297,31,-1332,no,delta
1753709010814,KXMLBGAME-25JUL28WSHHOU-WSH,298,31,1788,yes,delta
1753709010856,KXMLBGAME-25JUL28WSHHOU-WSH,299,4,-1000,no,delta
1753709010874,KXMLBGAME-25JUL28WSHHOU-HOU,300,27,3000,no,delta
1753709010915,KXMLBGAME-25JUL28WSHHOU-WSH,301,4,1000,no,delta
1753709011751,KXMLBGAME-25JUL28WSHHOU-HOU,302,67,187,yes,delta
1753709011775,KXMLBGAME-25JUL28WSHHOU-HOU,303,64,391,yes,delta
1753709011954,KXMLBGAME-25JUL28WSHHOU-HOU,304,26,962,no,delta
1753709012058,KXMLBGAME-25JUL28WSHHOU-HOU,305,28,446,no,delta
1753709012234,KXMLBGAME-25JUL28WSHHOU-WSH,306,13,-24,yes,delta
1753709012514,KXMLBGAME-25JUL28WSHHOU-WSH,307,14,-3,yes,delta
1753709012714,KXMLBGAME-25JUL28PHICWS-PHI,308,33,-14,no,delta
1753709012814,KXMLBGAME-25JUL28WSHHOU-WSH,309,15,-11,yes,delta
1753709012976,KXMLBGAME-25JUL28PHICWS-PHI,310,3,-1333,no,delta
1753709013035,KXMLBGAME-25JUL28PHICWS-PHI,311,3,1333,no,delta
1753709013114,KXMLBGAME-25JUL28WSHHOU-WSH,312,16,-19,yes,delta
1753709013338,KXMLBGAME-25JUL28WSHHOU-WSH,313,18,-85,yes,delta
1753709013635,KXMLBGAME-25JUL28PHICWS-PHI,314,66,7,yes,delta
1753709013696,KXMLBGAME-25JUL28WSHHOU-WSH,315,19,-5,yes,delta
1753709013696,KXMLBGAME-25JUL28PHICWS-PHI,316,65,7,yes,delta
1753709013775,KXMLBGAME-25JUL28PHICWS-PHI,317,64,7,yes,delta
1753709013835,KXMLBGAME-25JUL28PHICWS-PHI,318,63,7,yes,delta
1753709013915,KXMLBGAME-25JUL28PHICWS-PHI,319,62,7,yes,delta
1753709013915,KXMLBGAME-25JUL28WSHHOU-WSH,320,20,-77,yes,delta
1753709014014,KXMLBGAME-25JUL28PHICWS-CWS,321,66,14,no,delta
1753709014075,KXMLBGAME-25JUL28PHICWS-CWS,322,33,-7,yes,delta
1753709014155,KXMLBGAME-25JUL28PHICWS-CWS,323,32,-7,yes,delta
1753709014215,KXMLBGAME-25JUL28WSHHOU-WSH,324,48,-224,no,delta
1753709014215,KXMLBGAME-25JUL28PHICWS-CWS,325,31,-7,yes,delta
1753709014275,KXMLBGAME-25JUL28PHICWS-CWS,326,30,-7,yes,delta
1753709014354,KXMLBGAME-25JUL28PHICWS-CWS,327,29,-7,yes,delta
1753709014397,KXMLBGAME-25JUL28WSHHOU-WSH,328,12,224,yes,delta
1753709014416,KXMLBGAME-25JUL28WSHHOU-WSH,329,49,24,no,delta
1753709014416,KXMLBGAME-25JUL28WSHHOU-WSH,330,54,85,no,delta
1753709014436,KXMLBGAME-25JUL28WSHHOU-WSH,331,56,77,no,delta
1753709016475,KXMLBGAME-25JUL28WSHHOU-WSH,332,27,-1000,yes,delta
1753709016475,KXMLBGAME-25JUL28WSHHOU-WSH,333,30,1000,yes,delta
1753709016475,KXMLBGAME-25JUL28WSHHOU-WSH,334,29,-3000,yes,delta
1753709016475,KXMLBGAME-25JUL28WSHHOU-WSH,335,30,3000,yes,delta
1753709016495,KXMLBGAME-25JUL28WSHHOU-HOU,336,64,-391,yes,delta
1753709016515,KXMLBGAME-25JUL28WSHHOU-HOU,337,67,-187,yes,delta
1753709016515,KXMLBGAME-25JUL28WSHHOU-HOU,338,28,-446,no,delta
1753709016536,KXMLBGAME-25JUL28WSHHOU-HOU,339,26,-962,no,delta
1753709031477,KXMLBGAME-25JUL28TEXLAA-LAA,340,63,-12,no,delta
1753709031575,KXMLBGAME-25JUL28TEXLAA-TEX,341,35,12,no,delta
1753709031657,KXMLBGAME-25JUL28TEXLAA-TEX,342,63,-6,yes,delta
1753709031697,KXMLBGAME-25JUL28TEXLAA-LAA,343,2,-2000,no,delta
1753709031714,KXMLBGAME-25JUL28TEXLAA-TEX,344,62,-6,yes,delta
1753709031735,KXMLBGAME-25JUL28TEXLAA-LAA,345,2,2000,no,delta
1753709031775,KXMLBGAME-25JUL28NYMSD-SD,346,46,-16,no,delta
1753709031775,KXMLBGAME-25JUL28TEXLAA-TEX,347,61,-6,yes,delta
1753709031835,KXMLBGAME-25JUL28TEXLAA-TEX,348,60,-6,yes,delta
1753709031876,KXMLBGAME-25JUL28NYMSD-NYM,349,53,16,no,delta
1753709031915,KXMLBGAME-25JUL28TEXLAA-TEX,350,59,-6,yes,delta
1753709031955,KXMLBGAME-25JUL28NYMSD-NYM,351,46,-806,yes,delta
1753709031974,KXMLBGAME-25JUL28TEXLAA-LAA,352,35,6,yes,delta
1753709031996,KXMLBGAME-25JUL28NYMSD-SD,353,2,-2000,no,delta
1753709032017,KXMLBGAME-25JUL28NYMSD-NYM,354,45,-8,yes,delta
1753709032035,KXMLBGAME-25JUL28NYMSD-SD,355,2,2000,no,delta
1753709032035,KXMLBGAME-25JUL28TEXLAA-LAA,356,34,6,yes,delta
1753709032096,KXMLBGAME-25JUL28NYMSD-NYM,357,44,-8,yes,delta
1753709032096,KXMLBGAME-25JUL28TEXLAA-LAA,358,33,6,yes,delta
1753709032154,KXMLBGAME-25JUL28NYMSD-NYM,359,43,-8,yes,delta
1753709032175,KXMLBGAME-25JUL28TEXLAA-LAA,360,32,6,yes,delta
1753709032235,KXMLBGAME-25JUL28NYMSD-NYM,361,42,-8,yes,delta
1753709032235,KXMLBGAME-25JUL28TEXLAA-LAA,362,31,6,yes,delta
1753709032294,KXMLBGAME-25JUL28NYMSD-NYM,363,41,798,yes,delta
1753709032356,KXMLBGAME-25JUL28NYMSD-SD,364,46,-1596,no,delta
1753709033877,KXMLBGAME-25JUL28NYMSD-SD,365,45,-1388,no,delta
1753709034014,KXMLBGAME-25JUL28NYMSD-SD,366,45,-16,no,delta
1753709034075,KXMLBGAME-25JUL28NYMSD-SD,367,41,3000,no,delta
1753709034135,KXMLBGAME-25JUL28NYMSD-SD,368,53,8,yes,delta
1753709034216,KXMLBGAME-25JUL28NYMSD-SD,369,52,8,yes,delta
1753709034274,KXMLBGAME-25JUL28NYMSD-SD,370,51,8,yes,delta
1753709034337,KXMLBGAME-25JUL28NYMSD-SD,371,50,8,yes,delta
1753709034415,KXMLBGAME-25JUL28NYMSD-SD,372,49,8,yes,delta
1753709034475,KXMLBGAME-25JUL28NYMSD-NYM,373,41,-798,yes,delta
1753709034554,KXMLBGAME-25JUL28NYMSD-NYM,374,46,798,yes,delta
1753709034614,KXMLBGAME-25JUL28NYMSD-SD,375,41,-3000,no,delta
1753709034697,KXMLBGAME-25JUL28NYMSD-SD,376,46,1596,no,delta
1753709034755,KXMLBGAME-25JUL28NYMSD-SD,377,45,1404,no,delta
1753709040335,KXMLBGAME-25JUL28WSHHOU-WSH,378,27,-926,yes,delta
1753709040354,KXMLBGAME-25JUL28WSHHOU-WSH,379,26,962,yes,delta
1753709040414,KXMLBGAME-25JUL28WSHHOU-WSH,380,67,-187,no,delta
1753709040517,KXMLBGAME-25JUL28WSHHOU-WSH,381,68,184,no,delta
1753709040914,KXMLBGAME-25JUL28WSHHOU-WSH,382,31,-1788,yes,delta
1753709041455,KXMLBGAME-25JUL28WSHHOU-WSH,383,30,-1000,yes,delta
1753709041455,KXMLBGAME-25JUL28WSHHOU-WSH,384,27,1000,yes,delta
1753709041474,KXMLBGAME-25JUL28WSHHOU-WSH,385,30,-3000,yes,delta
1753709041474,KXMLBGAME-25JUL28WSHHOU-WSH,386,29,3000,yes,delta
1753709042393,KXMLBGAME-25JUL28WSHHOU-HOU,387,67,14,yes,delta
1753709043495,KXMLBGAME-25JUL28WSHHOU-HOU,388,67,56,yes,delta
1753709046616,KXMLBGAME-25JUL28WSHHOU-HOU,389,67,5,yes,delta
1753709046898,KXMLBGAME-25JUL28WSHHOU-WSH,390,28,-446,yes,delta
1753709046898,KXMLBGAME-25JUL28WSHHOU-WSH,391,27,463,yes,delta
1753709046898,KXMLBGAME-25JUL28WSHHOU-WSH,392,26,-962,yes,delta
1753709047014,KXMLBGAME-25JUL28WSHHOU-WSH,393,25,1000,yes,delta
1753709047100,KXMLBGAME-25JUL28WSHHOU-WSH,394,64,-391,no,delta
1753709047194,KXMLBGAME-25JUL28WSHHOU-WSH,395,65,385,no,delta
1753709047255,KXMLBGAME-25JUL28WSHHOU-HOU,396,64,-391,yes,delta
1753709047356,KXMLBGAME-25JUL28WSHHOU-HOU,397,65,385,yes,delta
1753709047435,KXMLBGAME-25JUL28WSHHOU-HOU,398,28,-446,no,delta
1753709047435,KXMLBGAME-25JUL28WSHHOU-HOU,399,26,-962,no,delta
1753709047536,KXMLBGAME-25JUL28WSHHOU-HOU,400,25,1000,no,delta
1753709049075,KXMLBGAME-25JUL28TORBAL-BAL,401,49,203,no,delta
1753709049235,KXMLBGAME-25JUL28ARIDET-DET,402,45,-290,no,delta
1753709049376,KXMLBGAME-25JUL28ARIDET-ARI,403,53,-6154,no,delta
1753709049535,KXMLBGAME-25JUL28ARIDET-ARI,404,54,1424,no,delta
1753709049675,KXMLBGAME-25JUL28LADCIN-LAD,405,40,420,no,delta
1753709049835,KXMLBGAME-25JUL28LADCIN-CIN,406,58,-410,no,delta
1753709049976,KXMLBGAME-25JUL28CHCMIL-CHC,407,48,-530,no,delta
1753709049995,KXMLBGAME-25JUL28WSHHOU-HOU,408,67,-5,yes,delta
1753709050135,KXMLBGAME-25JUL28CHCMIL-MIL,409,51,737,no,delta
1753709050155,KXMLBGAME-25JUL28WSHHOU-HOU,410,67,-9,yes,delta
1753709050276,KXMLBGAME-25JUL28ATLKC-ATL,411,39,-1430,no,delta
1753709050419,KXMLBGAME-25JUL28ATLKC-KC,412,59,1400,no,delta
1753709050575,KXMLBGAME-25JUL28WSHHOU-WSH,413,66,-7336,no,delta
1753709050735,KXMLBGAME-25JUL28WSHHOU-WSH,414,67,2796,no,delta
1753709050876,KXMLBGAME-25JUL28WSHHOU-HOU,415,32,-1020,no,delta
1753709051036,KXMLBGAME-25JUL28TEXLAA-TEX,416,35,30,no,delta
1753709051075,KXMLBGAME-25JUL28WSHHOU-HOU,417,67,-47,yes,delta
1753709051194,KXMLBGAME-25JUL28TEXLAA-LAA,418,63,-20,no,delta
1753709051235,KXMLBGAME-25JUL28WSHHOU-HOU,419,67,-9,yes,delta
1753709051456,KXMLBGAME-25JUL28TORBAL-TOR,420,49,-1000,yes,delta
1753709051456,KXMLBGAME-25JUL28TORBAL-TOR,421,46,1000,yes,delta
1753709051456,KXMLBGAME-25JUL28TORBAL-BAL,422,49,-982,no,delta
1753709051456,KXMLBGAME-25JUL28TORBAL-BAL,423,46,1000,no,delta
1753709051476,KXMLBGAME-25JUL28TORBAL-BAL,424,49,-2000,no,delta
1753709051476,KXMLBGAME-25JUL28TORBAL-BAL,425,48,2000,no,delta
1753709051476,KXMLBGAME-25JUL28TORBAL-TOR,426,49,-2000,yes,delta
1753709051476,KXMLBGAME-25JUL28TORBAL-TOR,427,48,2000,yes,delta
1753709051576,KXMLBGAME-25JUL28TORBAL-BAL,428,46,-1000,yes,delta
1753709051576,KXMLBGAME-25JUL28TORBAL-BAL,429,49,1000,yes,delta
1753709051576,KXMLBGAME-25JUL28TORBAL-TOR,430,48,-1000,no,delta
1753709051576,KXMLBGAME-25JUL28TORBAL-TOR,431,49,1000,no,delta
1753709051596,KXMLBGAME-25JUL28TORBAL-TOR,432,47,-1000,no,delta
1753709051596,KXMLBGAME-25JUL28TORBAL-TOR,433,48,1000,no,delta
1753709051596,KXMLBGAME-25JUL28TORBAL-BAL,434,48,-2500,yes,delta
1753709051596,KXMLBGAME-25JUL28TORBAL-BAL,435,49,2500,yes,delta
1753709051596,KXMLBGAME-25JUL28TORBAL-TOR,436,46,-1000,no,delta
1753709051596,KXMLBGAME-25JUL28TORBAL-TOR,437,47,1000,no,delta
1753709051616,KXMLBGAME-25JUL28TORBAL-TOR,438,48,-2500,no,delta
1753709051616,KXMLBGAME-25JUL28TORBAL-TOR,439,49,2500,no,delta
1753709054399,KXMLBGAME-25JUL28WSHHOU-HOU,440,67,-5,yes,delta
1753709056855,KXMLBGAME-25JUL28TORBAL-BAL,441,46,543,no,delta
1753709056855,KXMLBGAME-25JUL28TORBAL-BAL,442,47,-532,no,delta
1753709057014,KXMLBGAME-25JUL28WSHHOU-HOU,443,25,-1000,no,delta
1753709057034,KXMLBGAME-25JUL28WSHHOU-HOU,444,27,463,no,delta
1753709057114,KXMLBGAME-25JUL28WSHHOU-HOU,445,25,1000,no,delta
1753709057195,KXMLBGAME-25JUL28WSHHOU-HOU,446,67,368,yes,delta
1753709059596,KXMLBGAME-25JUL28WSHHOU-HOU,447,64,-1000,yes,delta
1753709059596,KXMLBGAME-25JUL28WSHHOU-WSH,448,64,-1000,no,delta
1753709059596,KXMLBGAME-25JUL28WSHHOU-WSH,449,31,-5000,yes,delta
1753709059596,KXMLBGAME-25JUL28WSHHOU-WSH,450,64,-4000,no,delta
1753709059596,KXMLBGAME-25JUL28WSHHOU-HOU,451,65,-1000,yes,delta
1753709059597,KXMLBGAME-25JUL28WSHHOU-HOU,452,30,-1000,no,delta
1753709059597,KXMLBGAME-25JUL28WSHHOU-HOU,453,64,-4000,yes,delta
1753709059597,KXMLBGAME-25JUL28WSHHOU-HOU,454,31,-5000,no,delta
1753709059597,KXMLBGAME-25JUL28WSHHOU-HOU,455,30,-4000,no,delta
1753709059597,KXMLBGAME-25JUL28WSHHOU-HOU,456,32,-625,no,delta
1753709059597,KXMLBGAME-25JUL28WSHHOU-WSH,457,66,-4874,no,delta
1753709059597,KXMLBGAME-25JUL28WSHHOU-HOU,458,65,-4000,yes,delta
1753709059597,KXMLBGAME-25JUL28WSHHOU-HOU,459,66,-3550,yes,delta
1753709059597,KXMLBGAME-25JUL28WSHHOU-WSH,460,65,-4000,no,delta
1753709059597,KXMLBGAME-25JUL28WSHHOU-HOU,461,66,-524,yes,delta
1753709059597,KXMLBGAME-25JUL28WSHHOU-WSH,462,30,-1000,yes,delta
1753709059597,KXMLBGAME-25JUL28WSHHOU-WSH,463,65,-1000,no,delta
1753709059597,KXMLBGAME-25JUL28WSHHOU-HOU,464,66,-300,yes,delta
1753709059597,KXMLBGAME-25JUL28WSHHOU-WSH,465,30,-4000,yes,delta
1753709059695,KXMLBGAME-25JUL28WSHHOU-HOU,466,31,-1500,no,delta
1753709059716,KXMLBGAME-25JUL28WSHHOU-HOU,467,31,-168,no,delta
1753709059776,KXMLBGAME-25JUL28WSHHOU-HOU,468,30,-1332,no,delta
1753709059856,KXMLBGAME-25JUL28WSHHOU-HOU,469,26,3000,no,delta
1753709060136,KXMLBGAME-25JUL28WSHHOU-WSH,470,27,5000,yes,delta
1753709060155,KXMLBGAME-25JUL28WSHHOU-WSH,471,28,5000,yes,delta
1753709060155,KXMLBGAME-25JUL28WSHHOU-WSH,472,29,262,yes,delta
1753709060235,KXMLBGAME-25JUL28WSHHOU-WSH,473,31,-750,yes,delta
1753709060235,KXMLBGAME-25JUL28WSHHOU-WSH,474,31,-84,yes,delta
1753709060235,KXMLBGAME-25JUL28WSHHOU-WSH,475,69,3903,no,delta
1753709060256,KXMLBGAME-25JUL28WSHHOU-WSH,476,67,5000,no,delta
1753709060256,KXMLBGAME-25JUL28WSHHOU-WSH,477,68,5000,no,delta
1753709060274,KXMLBGAME-25JUL28WSHHOU-HOU,478,67,5000,yes,delta
1753709060356,KXMLBGAME-25JUL28WSHHOU-HOU,479,32,-2904,no,delta
1753709060356,KXMLBGAME-25JUL28WSHHOU-HOU,480,68,2096,yes,delta
1753709060356,KXMLBGAME-25JUL28WSHHOU-HOU,481,68,-2096,yes,delta
1753709060356,KXMLBGAME-25JUL28WSHHOU-WSH,482,68,-5000,no,delta
1753709060356,KXMLBGAME-25JUL28WSHHOU-HOU,483,67,-5000,yes,delta
1753709060356,KXMLBGAME-25JUL28WSHHOU-WSH,484,27,-5000,yes,delta
1753709060356,KXMLBGAME-25JUL28WSHHOU-WSH,485,28,-5000,yes,delta
1753709060356,KXMLBGAME-25JUL28WSHHOU-WSH,486,29,-262,yes,delta
1753709060356,KXMLBGAME-25JUL28WSHHOU-WSH,487,69,-3903,no,delta
1753709060356,KXMLBGAME-25JUL28WSHHOU-WSH,488,67,-5000,no,delta
1753709060356,KXMLBGAME-25JUL28WSHHOU-WSH,489,29,-1000,yes,delta
1753709060356,KXMLBGAME-25JUL28WSHHOU-WSH,490,26,1000,yes,delta
1753709060356,KXMLBGAME-25JUL28WSHHOU-WSH,491,30,4000,yes,delta
1753709060356,KXMLBGAME-25JUL28WSHHOU-WSH,492,63,-3000,no,delta
1753709060356,KXMLBGAME-25JUL28WSHHOU-WSH,493,29,-3000,yes,delta
1753709060356,KXMLBGAME-25JUL28WSHHOU-WSH,494,28,3000,yes,delta
1753709060396,KXMLBGAME-25JUL28WSHHOU-WSH,495,66,-1000,no,delta
1753709060396,KXMLBGAME-25JUL28WSHHOU-WSH,496,69,1000,no,delta
1753709060434,KXMLBGAME-25JUL28WSHHOU-WSH,497,68,-1500,no,delta
1753709060434,KXMLBGAME-25JUL28WSHHOU-WSH,498,69,1500,no,delta
1753709060434,KXMLBGAME-25JUL28WSHHOU-HOU,499,30,-1000,no,delta
1753709060434,KXMLBGAME-25JUL28WSHHOU-HOU,500,27,1000,no,delta
1753709060515,KXMLBGAME-25JUL28WSHHOU-WSH,501,68,2082,no,delta
1753709060516,KXMLBGAME-25JUL28WSHHOU-HOU,502,30,-3000,no,delta
1753709060516,KXMLBGAME-25JUL28WSHHOU-HOU,503,29,3000,no,delta
1753709060516,KXMLBGAME-25JUL28WSHHOU-HOU,504,67,-368,yes,delta
1753709060555,KXMLBGAME-25JUL28WSHHOU-HOU,505,28,5000,no,delta
1753709060555,KXMLBGAME-25JUL28WSHHOU-WSH,506,4,-1000,no,delta
1753709060634,KXMLBGAME-25JUL28WSHHOU-HOU,507,65,-1000,yes,delta
1753709060634,KXMLBGAME-25JUL28WSHHOU-HOU,508,68,1000,yes,delta
1753709060715,KXMLBGAME-25JUL28WSHHOU-WSH,509,67,1668,no,delta
1753709060715,KXMLBGAME-25JUL28WSHHOU-WSH,510,30,-4000,yes,delta
1753709060715,KXMLBGAME-25JUL28WSHHOU-WSH,511,69,5000,no,delta
1753709060715,KXMLBGAME-25JUL28WSHHOU-HOU,512,67,-1500,yes,delta
1753709060715,KXMLBGAME-25JUL28WSHHOU-HOU,513,68,1500,yes,delta
1753709060716,KXMLBGAME-25JUL28WSHHOU-WSH,514,4,1000,no,delta
1753709060837,KXMLBGAME-25JUL28WSHHOU-WSH,515,28,5000,yes,delta
1753709060837,KXMLBGAME-25JUL28WSHHOU-WSH,516,30,4000,yes,delta
1753709060837,KXMLBGAME-25JUL28WSHHOU-HOU,517,3,-1333,no,delta
1753709061015,KXMLBGAME-25JUL28WSHHOU-HOU,518,3,1333,no,delta
1753709061015,KXMLBGAME-25JUL28WSHHOU-HOU,519,28,-5000,no,delta
1753709061135,KXMLBGAME-25JUL28WSHHOU-WSH,520,69,-5000,no,delta
1753709061135,KXMLBGAME-25JUL28WSHHOU-WSH,521,28,-5000,yes,delta
1753709061417,KXMLBGAME-25JUL28WSHHOU-HOU,522,29,5000,no,delta
1753709061436,KXMLBGAME-25JUL28WSHHOU-WSH,523,68,5000,no,delta
1753709061515,KXMLBGAME-25JUL28WSHHOU-HOU,524,68,5000,yes,delta
1753709061615,KXMLBGAME-25JUL28WSHHOU-WSH,525,29,5000,yes,delta
1753709062115,KXMLBGAME-25JUL28WSHHOU-WSH,526,12,-24,yes,delta
1753709062436,KXMLBGAME-25JUL28WSHHOU-WSH,527,13,-3,yes,delta
1753709062513,KXMLBGAME-25JUL28WSHHOU-WSH,528,30,-84,yes,delta
1753709062616,KXMLBGAME-25JUL28WSHHOU-WSH,529,30,-291,yes,delta
1753709062735,KXMLBGAME-25JUL28WSHHOU-WSH,530,29,-84,yes,delta
1753709062834,KXMLBGAME-25JUL28WSHHOU-WSH,531,29,-291,yes,delta
1753709062914,KXMLBGAME-25JUL28WSHHOU-WSH,532,14,-11,yes,delta
1753709063015,KXMLBGAME-25JUL28WSHHOU-WSH,533,28,-84,yes,delta
1753709063215,KXMLBGAME-25JUL28WSHHOU-WSH,534,28,-291,yes,delta
1753709063235,KXMLBGAME-25JUL28TORBAL-BAL,535,48,-946,yes,delta
1753709063235,KXMLBGAME-25JUL28TORBAL-BAL,536,46,-5000,yes,delta
1753709063314,KXMLBGAME-25JUL28TORBAL-BAL,537,48,-3555,yes,delta
1753709063314,KXMLBGAME-25JUL28WSHHOU-WSH,538,27,-375,yes,delta
1753709063314,KXMLBGAME-25JUL28WSHHOU-WSH,539,15,-19,yes,delta
1753709063334,KXMLBGAME-25JUL28TORBAL-BAL,540,48,-247,yes,delta
1753709063334,KXMLBGAME-25JUL28TORBAL-BAL,541,49,-639,no,delta
1753709063514,KXMLBGAME-25JUL28WSHHOU-WSH,542,26,459,yes,delta
1753709063515,KXMLBGAME-25JUL28TORBAL-BAL,543,49,-4361,no,delta
1753709063535,KXMLBGAME-25JUL28TORBAL-BAL,544,50,-251,no,delta
1753709063614,KXMLBGAME-25JUL28TORBAL-TOR,545,49,-2,yes,delta
1753709063614,KXMLBGAME-25JUL28TORBAL-TOR,546,49,-4998,yes,delta
1753709063637,KXMLBGAME-25JUL28WSHHOU-WSH,547,17,-85,yes,delta
1753709063713,KXMLBGAME-25JUL28TORBAL-TOR,548,50,-251,yes,delta
1753709063813,KXMLBGAME-25JUL28TORBAL-TOR,549,46,-5000,no,delta
1753709063917,KXMLBGAME-25JUL28WSHHOU-HOU,550,30,-168,no,delta
1753709063935,KXMLBGAME-25JUL28WSHHOU-WSH,551,18,-5,yes,delta
1753709063935,KXMLBGAME-25JUL28TORBAL-BAL,552,49,699,yes,delta
1753709064035,KXMLBGAME-25JUL28WSHHOU-HOU,553,30,-582,no,delta
1753709064035,KXMLBGAME-25JUL28TORBAL-BAL,554,48,5000,yes,delta
1753709064136,KXMLBGAME-25JUL28TORBAL-BAL,555,47,5000,no,delta
1753709064235,KXMLBGAME-25JUL28WSHHOU-WSH,556,19,-77,yes,delta
1753709064235,KXMLBGAME-25JUL28WSHHOU-HOU,557,63,-641,yes,delta
1753709064235,KXMLBGAME-25JUL28TORBAL-BAL,558,49,4300,no,delta
1753709064235,KXMLBGAME-25JUL28WSHHOU-HOU,559,63,-7,yes,delta
1753709064489,KXMLBGAME-25JUL28WSHHOU-HOU,560,63,-1,yes,delta
1753709064489,KXMLBGAME-25JUL28TORBAL-TOR,561,47,5000,yes,delta
1753709064489,KXMLBGAME-25JUL28WSHHOU-WSH,562,49,-24,no,delta
1753709064489,KXMLBGAME-25JUL28TORBAL-TOR,563,49,3800,yes,delta
1753709064489,KXMLBGAME-25JUL28WSHHOU-HOU,564,63,-2,yes,delta
1753709064489,KXMLBGAME-25JUL28WSHHOU-WSH,565,49,-200,no,delta
1753709064489,KXMLBGAME-25JUL28TORBAL-TOR,566,48,252,no,delta
1753709064489,KXMLBGAME-25JUL28WSHHOU-HOU,567,63,-8,yes,delta
1753709064614,KXMLBGAME-25JUL28TORBAL-TOR,568,49,1199,no,delta
1753709064614,KXMLBGAME-25JUL28WSHHOU-HOU,569,63,-3,yes,delta
1753709064718,KXMLBGAME-25JUL28WSHHOU-WSH,570,11,224,yes,delta
1753709064718,KXMLBGAME-25JUL28WSHHOU-HOU,571,63,-4,yes,delta
1753709064734,KXMLBGAME-25JUL28WSHHOU-WSH,572,50,27,no,delta
1753709064837,KXMLBGAME-25JUL28WSHHOU-WSH,573,52,30,no,delta
1753709064837,KXMLBGAME-25JUL28WSHHOU-HOU,574,68,1041,yes,delta
1753709064837,KXMLBGAME-25JUL28WSHHOU-WSH,575,55,90,no,delta
1753709064916,KXMLBGAME-25JUL28WSHHOU-HOU,576,67,375,yes,delta
1753709064934,KXMLBGAME-25JUL28WSHHOU-WSH,577,57,77,no,delta
1753709065015,KXMLBGAME-25JUL28WSHHOU-HOU,578,66,375,yes,delta
1753709065115,KXMLBGAME-25JUL28WSHHOU-HOU,579,65,375,yes,delta
1753709065315,KXMLBGAME-25JUL28WSHHOU-HOU,580,64,375,yes,delta
1753709065439,KXMLBGAME-25JUL28WSHHOU-WSH,581,68,84,no,delta
1753709065635,KXMLBGAME-25JUL28WSHHOU-WSH,582,30,-42,yes,delta
1753709065935,KXMLBGAME-25JUL28WSHHOU-WSH,583,29,-42,yes,delta
1753709066318,KXMLBGAME-25JUL28WSHHOU-WSH,584,28,-42,yes,delta
1753709066374,KXMLBGAME-25JUL28WSHHOU-WSH,585,27,-42,yes,delta
1753709066435,KXMLBGAME-25JUL28WSHHOU-WSH,586,26,-42,yes,delta
1753709066497,KXMLBGAME-25JUL28WSHHOU-HOU,587,13,-38,no,delta
1753709066497,KXMLBGAME-25JUL28WSHHOU-HOU,588,30,-84,no,delta
1753709066575,KXMLBGAME-25JUL28WSHHOU-HOU,589,68,42,yes,delta
1753709066656,KXMLBGAME-25JUL28WSHHOU-HOU,590,67,42,yes,delta
1753709066716,KXMLBGAME-25JUL28WSHHOU-HOU,591,66,42,yes,delta
1753709066734,KXMLBGAME-25JUL28WSHHOU-HOU,592,14,-5,no,delta
1753709066795,KXMLBGAME-25JUL28WSHHOU-HOU,593,65,42,yes,delta
1753709066854,KXMLBGAME-25JUL28WSHHOU-HOU,594,64,42,yes,delta
1753709066995,KXMLBGAME-25JUL28WSHHOU-HOU,595,15,-13,no,delta
1753709067316,KXMLBGAME-25JUL28WSHHOU-HOU,596,16,-6,no,delta
1753709067694,KXMLBGAME-25JUL28WSHHOU-HOU,597,17,-56,no,delta
1753709068073,KXMLBGAME-25JUL28WSHHOU-HOU,598,18,-21,no,delta
1753709068318,KXMLBGAME-25JUL28WSHHOU-HOU,599,19,-16,no,delta
1753709068595,KXMLBGAME-25JUL28WSHHOU-HOU,600,20,-84,no,delta
1753709068818,KXMLBGAME-25JUL28WSHHOU-HOU,601,48,-239,yes,delta
1753709068916,KXMLBGAME-25JUL28WSHHOU-HOU,602,12,239,no,delta
1753709068934,KXMLBGAME-25JUL28WSHHOU-HOU,603,49,38,yes,delta
1753709068934,KXMLBGAME-25JUL28WSHHOU-HOU,604,53,56,yes,delta
1753709068954,KXMLBGAME-25JUL28WSHHOU-HOU,605,56,84,yes,delta
1753709077757,KXMLBGAME-25JUL28WSHHOU-HOU,606,67,-187,yes,delta
1753709077774,KXMLBGAME-25JUL28WSHHOU-HOU,607,68,184,yes,delta
1753709077876,KXMLBGAME-25JUL28WSHHOU-WSH,608,69,181,no,delta
1753709077876,KXMLBGAME-25JUL28WSHHOU-WSH,609,68,-184,no,delta
1753709084974,KXMLBGAME-25JUL28WSHHOU-WSH,610,30,-1280,yes,delta
1753709090415,KXMLBGAME-25JUL28WSHHOU-HOU,611,68,7,yes,delta
1753709090415,KXMLBGAME-25JUL28WSHHOU-WSH,612,30,-2720,yes,delta
1753709093574,KXMLBGAME-25JUL28WSHHOU-HOU,613,31,-10000,no,delta
1753709093635,KXMLBGAME-25JUL28WSHHOU-HOU,614,29,-1000,no,delta
1753709093635,KXMLBGAME-25JUL28WSHHOU-HOU,615,26,1000,no,delta
1753709093635,KXMLBGAME-25JUL28WSHHOU-HOU,616,29,-3000,no,delta
1753709093635,KXMLBGAME-25JUL28WSHHOU-HOU,617,28,3000,no,delta
1753709093734,KXMLBGAME-25JUL28WSHHOU-HOU,618,68,-7,yes,delta
1753709093757,KXMLBGAME-25JUL28WSHHOU-HOU,619,66,-1000,yes,delta
1753709093757,KXMLBGAME-25JUL28WSHHOU-HOU,620,69,1000,yes,delta
1753709093757,KXMLBGAME-25JUL28WSHHOU-HOU,621,68,-1500,yes,delta
1753709093757,KXMLBGAME-25JUL28WSHHOU-HOU,622,69,1500,yes,delta
1753709093896,KXMLBGAME-25JUL28WSHHOU-HOU,623,64,-641,yes,delta
1753709093915,KXMLBGAME-25JUL28WSHHOU-HOU,624,64,-7,yes,delta
1753709093915,KXMLBGAME-25JUL28WSHHOU-HOU,625,64,-1,yes,delta
1753709093934,KXMLBGAME-25JUL28WSHHOU-HOU,626,64,-2,yes,delta
1753709093934,KXMLBGAME-25JUL28WSHHOU-HOU,627,64,-8,yes,delta
1753709093954,KXMLBGAME-25JUL28WSHHOU-HOU,628,64,-3,yes,delta
1753709093954,KXMLBGAME-25JUL28WSHHOU-HOU,629,64,-4,yes,delta
1753709093974,KXMLBGAME-25JUL28WSHHOU-HOU,630,64,-375,yes,delta
1753709093974,KXMLBGAME-25JUL28WSHHOU-HOU,631,64,-42,yes,delta
1753709094093,KXMLBGAME-25JUL28WSHHOU-HOU,632,69,1083,yes,delta
1753709094195,KXMLBGAME-25JUL28WSHHOU-WSH,633,30,-417,yes,delta
1753709094254,KXMLBGAME-25JUL28WSHHOU-WSH,634,25,417,yes,delta
1753709094336,KXMLBGAME-25JUL28WSHHOU-HOU,635,30,-834,no,delta
1753709094415,KXMLBGAME-25JUL28WSHHOU-HOU,636,29,-1500,no,delta
1753709094476,KXMLBGAME-25JUL28WSHHOU-HOU,637,29,-666,no,delta
1753709094535,KXMLBGAME-25JUL28WSHHOU-HOU,638,25,3000,no,delta
1753709109494,KXMLBGAME-25JUL28WSHHOU-HOU,639,30,11,no,delta
1753709109616,KXMLBGAME-25JUL28WSHHOU-WSH,640,30,11,yes,delta
1753709119575,KXMLBGAME-25JUL28WSHHOU-HOU,641,30,11,no,delta
1753709119636,KXMLBGAME-25JUL28WSHHOU-WSH,642,30,11,yes,delta
1753709120318,KXMLBGAME-25JUL28WSHHOU-WSH,643,29,-5000,yes,delta
1753709120318,KXMLBGAME-25JUL28WSHHOU-HOU,644,29,-5000,no,delta
1753709120396,KXMLBGAME-25JUL28WSHHOU-HOU,645,67,5000,yes,delta
1753709120396,KXMLBGAME-25JUL28WSHHOU-HOU,646,69,998,yes,delta
1753709120415,KXMLBGAME-25JUL28WSHHOU-HOU,647,27,5000,no,delta
1753709120415,KXMLBGAME-25JUL28WSHHOU-HOU,648,28,5000,no,delta
1753709120436,KXMLBGAME-25JUL28WSHHOU-HOU,649,29,4001,no,delta
1753709120436,KXMLBGAME-25JUL28WSHHOU-WSH,650,27,5000,yes,delta
1753709120455,KXMLBGAME-25JUL28WSHHOU-WSH,651,28,5000,yes,delta
1753709120455,KXMLBGAME-25JUL28WSHHOU-WSH,652,29,4001,yes,delta
1753709120475,KXMLBGAME-25JUL28WSHHOU-WSH,653,69,998,no,delta
1753709120475,KXMLBGAME-25JUL28WSHHOU-WSH,654,67,5000,no,delta
1753709120956,KXMLBGAME-25JUL28WSHHOU-HOU,655,30,-11,no,delta
1753709121115,KXMLBGAME-25JUL28WSHHOU-WSH,656,30,-11,yes,delta
1753709124033,KXMLBGAME-25JUL28NYMSD-NYM,657,53,-2,no,delta
1753709124136,KXMLBGAME-25JUL28NYMSD-NYM,658,46,1,yes,delta
1753709124214,KXMLBGAME-25JUL28NYMSD-NYM,659,45,1,yes,delta
1753709124294,KXMLBGAME-25JUL28NYMSD-NYM,660,44,1,yes,delta
1753709124315,KXMLBGAME-25JUL28NYMSD-NYM,661,3,-1333,no,delta
1753709124356,KXMLBGAME-25JUL28NYMSD-NYM,662,3,1333,no,delta
1753709124375,KXMLBGAME-25JUL28NYMSD-NYM,663,43,1,yes,delta
1753709124434,KXMLBGAME-25JUL28NYMSD-NYM,664,42,1,yes,delta
1753709124497,KXMLBGAME-25JUL28NYMSD-SD,665,46,2,no,delta
1753709124575,KXMLBGAME-25JUL28NYMSD-SD,666,53,-1,yes,delta
1753709124654,KXMLBGAME-25JUL28NYMSD-SD,667,52,-1,yes,delta
1753709124714,KXMLBGAME-25JUL28NYMSD-SD,668,51,-1,yes,delta
1753709124774,KXMLBGAME-25JUL28NYMSD-SD,669,50,-1,yes,delta
1753709124856,KXMLBGAME-25JUL28NYMSD-SD,670,49,-1,yes,delta
1753709125596,KXMLBGAME-25JUL28WSHHOU-HOU,671,30,-11,no,delta
1753709125755,KXMLBGAME-25JUL28WSHHOU-WSH,672,30,-11,yes,delta
1753709137695,KXMLBGAME-25JUL28WSHHOU-HOU,673,68,-184,yes,delta
1753709137715,KXMLBGAME-25JUL28WSHHOU-HOU,674,69,181,yes,delta
1753709180358,KXMLBGAME-25JUL28WSHHOU-HOU,675,69,-998,yes,delta
1753709180375,KXMLBGAME-25JUL28WSHHOU-WSH,676,29,-4001,yes,delta
1753709180455,KXMLBGAME-25JUL28WSHHOU-HOU,677,69,650,yes,delta
1753709180455,KXMLBGAME-25JUL28WSHHOU-HOU,678,29,348,no,delta
1753709180474,KXMLBGAME-25JUL28WSHHOU-WSH,679,29,3849,yes,delta
1753709180474,KXMLBGAME-25JUL28WSHHOU-WSH,680,69,152,no,delta
1753709190838,KXMLBGAME-25JUL28TORBAL-TOR,681,49,-18,no,delta
1753709191635,KXMLBGAME-25JUL28TORBAL-TOR,682,3,-1333,no,delta
1753709191817,KXMLBGAME-25JUL28TORBAL-TOR,683,3,1333,no,delta
1753709226115,KXMLBGAME-25JUL28SEAATH-ATH,684,52,-2,no,delta
1753709226439,KXMLBGAME-25JUL28SEAATH-ATH,685,3,-1333,no,delta
1753709226455,KXMLBGAME-25JUL28SEAATH-ATH,686,3,1333,no,delta
1753709227357,KXMLBGAME-25JUL28TORBAL-BAL,687,49,318,no,delta
1753709227476,KXMLBGAME-25JUL28TORBAL-TOR,688,49,-300,no,delta
1753709227595,KXMLBGAME-25JUL28ATLKC-ATL,689,39,-1290,no,delta
1753709227716,KXMLBGAME-25JUL28ATLKC-KC,690,59,-6530,no,delta
1753709227835,KXMLBGAME-25JUL28ATLKC-KC,691,60,2650,no,delta
1753709227954,KXMLBGAME-25JUL28MIASTL-MIA,692,51,-310,no,delta
1753709228078,KXMLBGAME-25JUL28MIASTL-STL,693,47,310,no,delta
1753709228176,KXMLBGAME-25JUL28WSHHOU-WSH,694,67,-2796,no,delta
1753709228297,KXMLBGAME-25JUL28WSHHOU-WSH,695,69,8620,no,delta
1753709228417,KXMLBGAME-25JUL28WSHHOU-HOU,696,29,3300,no,delta
1753709228517,KXMLBGAME-25JUL28SEAATH-ATH,697,51,570,no,delta
1753709228658,KXMLBGAME-25JUL28SEAATH-SEA,698,47,-570,no,delta
1753709238636,KXMLBGAME-25JUL28TORBAL-BAL,699,2,-2000,no,delta
1753709238839,KXMLBGAME-25JUL28TORBAL-BAL,700,3,1333,no,delta
1753709244095,KXMLBGAME-25JUL28SEAATH-ATH,701,52,-234,no,delta
1753709244114,KXMLBGAME-25JUL28SEAATH-ATH,702,52,-1,no,delta
1753709244114,KXMLBGAME-25JUL28SEAATH-ATH,703,52,-2753,no,delta
1753709244135,KXMLBGAME-25JUL28SEAATH-SEA,704,46,-266,no,delta
1753709244135,KXMLBGAME-25JUL28SEAATH-SEA,705,46,-10,no,delta
1753709244135,KXMLBGAME-25JUL28SEAATH-SEA,706,46,-2233,no,delta
1753709244216,KXMLBGAME-25JUL28SEAATH-SEA,707,52,-459,yes,delta
1753709244216,KXMLBGAME-25JUL28SEAATH-SEA,708,52,-4,yes,delta
1753709244235,KXMLBGAME-25JUL28SEAATH-ATH,709,46,237,yes,delta
1753709244254,KXMLBGAME-25JUL28SEAATH-ATH,710,52,2753,no,delta
1753709244254,KXMLBGAME-25JUL28SEAATH-SEA,711,52,264,yes,delta
1753709244274,KXMLBGAME-25JUL28SEAATH-SEA,712,46,2245,no,delta
1753709244295,KXMLBGAME-25JUL28SEAATH-SEA,713,47,463,yes,delta
1753709244356,KXMLBGAME-25JUL28SEAATH-ATH,714,52,-918,no,delta
1753709244375,KXMLBGAME-25JUL28SEAATH-ATH,715,52,-9,no,delta
1753709244434,KXMLBGAME-25JUL28SEAATH-ATH,716,51,-2073,no,delta
1753709244517,KXMLBGAME-25JUL28SEAATH-ATH,717,47,3000,no,delta
1753709244517,KXMLBGAME-25JUL28PITSF-PIT,718,54,-2691,no,delta
1753709244517,KXMLBGAME-25JUL28PITSF-SF,719,54,-2692,yes,delta
1753709244574,KXMLBGAME-25JUL28SEAATH-SEA,720,47,-463,yes,delta
1753709244574,KXMLBGAME-25JUL28PITSF-SF,721,54,2166,yes,delta
1753709244594,KXMLBGAME-25JUL28PITSF-SF,722,44,526,no,delta
1753709244594,KXMLBGAME-25JUL28PITSF-PIT,723,44,525,yes,delta
1753709244615,KXMLBGAME-25JUL28PITSF-PIT,724,54,2166,no,delta
1753709244635,KXMLBGAME-25JUL28SEAATH-SEA,725,52,463,yes,delta
1753709244714,KXMLBGAME-25JUL28SEAATH-ATH,726,47,-3000,no,delta
1753709244774,KXMLBGAME-25JUL28SEAATH-ATH,727,52,927,no,delta
1753709244837,KXMLBGAME-25JUL28SEAATH-ATH,728,51,2073,no,delta
1753709259460,KXMLBGAME-25JUL28COLCLE-COL,729,2,-2000,no,delta
1753709259500,KXMLBGAME-25JUL28COLCLE-COL,730,4,1000,no,delta
1753709264256,KXMLBGAME-25JUL28TORBAL-TOR,731,49,-100,no,delta
1753709264474,KXMLBGAME-25JUL28TORBAL-TOR,732,3,-1333,no,delta
1753709264514,KXMLBGAME-25JUL28TORBAL-TOR,733,3,1333,no,delta
1753709267454,KXMLBGAME-25JUL28TORBAL-TOR,734,49,-1199,no,delta
1753709267615,KXMLBGAME-25JUL28TORBAL-TOR,735,49,1,yes,delta
1753709267615,KXMLBGAME-25JUL28TORBAL-TOR,736,49,1198,no,delta
