client_ts,server_ts,market_ticker,yes_price,no_price,count,taker_side
1753231530872,1753231530,KXMLBGAME-25JUL22STLCOL-STL,55,45,38,yes
1753231532652,1753231532,KXMLBGAME-25JUL22CWSTB-CWS,11,89,17,yes
1753231534111,1753231533,KXMLBGAME-25JUL22ATHTEX-ATH,54,46,87,no
1753231534111,1753231533,KXMLBGAME-25JUL22ATHTEX-ATH,53,47,500,no
1753231534111,1753231533,KXMLBGAME-25JUL22ATHTEX-ATH,53,47,83,no
1753231536310,1753231536,KXMLBGAME-25JUL22CINWSH-WSH,99,1,89,no
1753231540570,1753231540,KXMLBGAME-25JUL22DETPIT-PIT,96,4,106,no
1753231542492,1753231542,KXMLBGAME-25JUL22CINWSH-WSH,99,1,100,no
1753231543572,1753231543,KXMLBGAME-25JUL22STLCOL-STL,55,45,46,yes
1753231543572,1753231543,KXMLBGAME-25JUL22STLCOL-STL,56,44,65,yes
1753231543572,1753231543,KXMLBGAME-25JUL22STLCOL-STL,57,43,225,yes
1753231547670,1753231547,KXMLBGAME-25JUL22CWSTB-CWS,11,89,55,yes
1753231547670,1753231547,KXMLBGAME-25JUL22CWSTB-CWS,11,89,52,yes
1753231547670,1753231547,KXMLBGAME-25JUL22CWSTB-CWS,11,89,21,yes
1753231548642,1753231548,KXMLBGAME-25JUL22KCCHC-KC,15,85,300,yes
1753231548642,1753231548,KXMLBGAME-25JUL22KCCHC-KC,15,85,200,yes
1753231548642,1753231548,KXMLBGAME-25JUL22KCCHC-KC,15,85,300,yes
1753231548642,1753231548,KXMLBGAME-25JUL22KCCHC-KC,16,84,955,yes
1753231549910,1753231549,KXMLBGAME-25JUL22ATHTEX-ATH,54,46,84,no
1753231549910,1753231549,KXMLBGAME-25JUL22ATHTEX-ATH,53,47,217,no
1753231552537,1753231551,KXMLBGAME-25JUL22SDMIA-MIA,93,7,46,yes
1753231552537,1753231551,KXMLBGAME-25JUL22SDMIA-MIA,93,7,221,yes
1753231552713,1753231552,KXMLBGAME-25JUL22ATHTEX-TEX,46,54,5,yes
1753231553670,1753231553,KXMLBGAME-25JUL22MINLAD-LAD,66,34,7,yes
1753231554929,1753231554,KXMLBGAME-25JUL22SFATL-ATL,7,93,15,no
1753231562991,1753231562,KXMLBGAME-25JUL22SFATL-ATL,6,94,300,no
1753231566990,1753231566,KXMLBGAME-25JUL22NYYTOR-NYY,78,22,150,yes
1753231566990,1753231566,KXMLBGAME-25JUL22NYYTOR-NYY,78,22,102,yes
1753231570334,1753231570,KXMLBGAME-25JUL22NYYTOR-TOR,22,78,82,no
1753231570334,1753231570,KXMLBGAME-25JUL22NYYTOR-TOR,22,78,250,no
1753231570334,1753231570,KXMLBGAME-25JUL22NYYTOR-TOR,22,78,300,no
1753231570334,1753231570,KXMLBGAME-25JUL22NYYTOR-TOR,21,79,600,no
1753231570334,1753231570,KXMLBGAME-25JUL22NYYTOR-TOR,21,79,1745,no
1753231571384,1753231571,KXMLBGAME-25JUL22ATHTEX-TEX,46,54,1,yes
1753231581711,1753231581,KXMLBGAME-25JUL22SDMIA-SD,7,93,72,no
1753231581711,1753231581,KXMLBGAME-25JUL22SDMIA-SD,7,93,2184,no
1753231581850,1753231581,KXMLBGAME-25JUL22NYYTOR-NYY,78,22,7,yes
1753231582132,1753231582,KXMLBGAME-25JUL22ATHTEX-TEX,46,54,1,yes
1753231585634,1753231585,KXMLBGAME-25JUL22STLCOL-COL,46,54,17,yes
1753231587255,1753231587,KXMLBGAME-25JUL22SDMIA-SD,9,91,5,yes
1753231592711,1753231592,KXMLBGAME-25JUL22SFATL-ATL,5,95,82,no
1753231592711,1753231592,KXMLBGAME-25JUL22SFATL-ATL,5,95,10,no
1753231597652,1753231597,KXMLBGAME-25JUL22ATHTEX-TEX,46,54,56,yes
1753231597652,1753231597,KXMLBGAME-25JUL22ATHTEX-TEX,46,54,4,yes
1753231597652,1753231597,KXMLBGAME-25JUL22ATHTEX-TEX,46,54,1,yes
1753231597652,1753231597,KXMLBGAME-25JUL22ATHTEX-TEX,47,53,600,yes
1753231597652,1753231597,KXMLBGAME-25JUL22ATHTEX-TEX,47,53,500,yes
1753231597652,1753231597,KXMLBGAME-25JUL22ATHTEX-TEX,47,53,300,yes
1753231597652,1753231597,KXMLBGAME-25JUL22ATHTEX-TEX,47,53,591,yes
1753231597811,1753231597,KXMLBGAME-25JUL22ATHTEX-TEX,46,54,4,yes
1753231597811,1753231597,KXMLBGAME-25JUL22ATHTEX-TEX,46,54,4,yes
1753231597811,1753231597,KXMLBGAME-25JUL22ATHTEX-TEX,47,53,46,yes
1753231597811,1753231597,KXMLBGAME-25JUL22ATHTEX-TEX,47,53,300,yes
1753231599832,1753231599,KXMLBGAME-25JUL22MINLAD-LAD,66,34,3,yes
1753231600609,1753231600,KXMLBGAME-25JUL22NYYTOR-NYY,77,23,1162,no
1753231600690,1753231600,KXMLBGAME-25JUL22NYYTOR-TOR,23,77,515,yes
1753231607389,1753231607,KXMLBGAME-25JUL22SDMIA-SD,9,91,8,yes
1753231608889,1753231608,KXMLBGAME-25JUL22BALCLE-CLE,94,6,167,no
1753231616291,1753231616,KXMLBGAME-25JUL22ATHTEX-TEX,48,52,100,yes
1753231618372,1753231618,KXMLBGAME-25JUL22NYYTOR-NYY,77,23,1,no
1753231621372,1753231621,KXMLBGAME-25JUL22STLCOL-STL,55,45,48,yes
1753231627851,1753231627,KXMLBGAME-25JUL22MINLAD-LAD,65,35,19,no
1753231629732,1753231629,KXMLBGAME-25JUL22ATHTEX-TEX,48,52,100,yes
1753231629912,1753231629,KXMLBGAME-25JUL22KCCHC-CHC,87,13,200,yes
1753231629912,1753231629,KXMLBGAME-25JUL22KCCHC-CHC,87,13,27,yes
1753231630251,1753231630,KXMLBGAME-25JUL22DETPIT-DET,2,98,23,yes
1753231630788,1753231630,KXMLBGAME-25JUL22LAANYM-NYM,77,23,400,yes
1753231630788,1753231630,KXMLBGAME-25JUL22LAANYM-NYM,77,23,1165,yes
1753231630892,1753231630,KXMLBGAME-25JUL22STLCOL-COL,45,55,300,no
1753231630970,1753231630,KXMLBGAME-25JUL22STLCOL-STL,55,45,252,yes
1753231633691,1753231633,KXMLBGAME-25JUL22MINLAD-LAD,65,35,15,yes
1753231639770,1753231639,KXMLBGAME-25JUL22CINWSH-WSH,98,2,518,no
1753231646713,1753231646,KXMLBGAME-25JUL22LAANYM-NYM,80,20,1,yes
1753231650230,1753231650,KXMLBGAME-25JUL22BOSPHI-PHI,95,5,200,no
1753231650231,1753231650,KXMLBGAME-25JUL22BOSPHI-PHI,95,5,159,no
1753231652211,1753231652,KXMLBGAME-25JUL22ATHTEX-ATH,53,47,2,yes
1753231653111,1753231653,KXMLBGAME-25JUL22ATHTEX-ATH,54,46,32,no
1753231653653,1753231653,KXMLBGAME-25JUL22STLCOL-STL,56,44,86,yes
1753231656912,1753231656,KXMLBGAME-25JUL22BALCLE-CLE,95,5,2,yes
1753231657561,1753231656,KXMLBGAME-25JUL22KCCHC-KC,12,88,15,no
1753231657631,1753231657,KXMLBGAME-25JUL22ATHTEX-TEX,48,52,24,yes
1753231657631,1753231657,KXMLBGAME-25JUL22ATHTEX-TEX,49,51,54,yes
1753231658313,1753231658,KXMLBGAME-25JUL22SFATL-ATL,7,93,100,yes
1753231665913,1753231665,KXMLBGAME-25JUL22NYYTOR-NYY,78,22,6,yes
1753231666231,1753231666,KXMLBGAME-25JUL22HOUARI-HOU,53,47,36,yes
1753231672372,1753231672,KXMLBGAME-25JUL22SFATL-ATL,7,93,198,yes
1753231674309,1753231674,KXMLBGAME-25JUL22KCCHC-KC,15,85,300,yes
1753231674309,1753231674,KXMLBGAME-25JUL22KCCHC-KC,15,85,200,yes
1753231674309,1753231674,KXMLBGAME-25JUL22KCCHC-KC,15,85,129,yes
1753231676928,1753231676,KXMLBGAME-25JUL22DETPIT-DET,1,99,35,no
1753231678469,1753231678,KXMLBGAME-25JUL22DETPIT-DET,1,99,2,no
1753231680632,1753231680,KXMLBGAME-25JUL22KCCHC-CHC,87,13,273,yes
1753231680632,1753231680,KXMLBGAME-25JUL22KCCHC-CHC,87,13,11,yes
1753231681471,1753231681,KXMLBGAME-25JUL22LAANYM-NYM,77,23,25,yes
1753231682794,1753231682,KXMLBGAME-25JUL22CINWSH-WSH,98,2,167,no
1753231682794,1753231682,KXMLBGAME-25JUL22CINWSH-WSH,97,3,300,no
1753231682794,1753231682,KXMLBGAME-25JUL22CINWSH-WSH,96,4,188,no
1753231687330,1753231687,KXMLBGAME-25JUL22NYYTOR-NYY,78,22,294,yes
1753231687330,1753231687,KXMLBGAME-25JUL22NYYTOR-NYY,78,22,1,yes
1753231687330,1753231687,KXMLBGAME-25JUL22NYYTOR-NYY,78,22,60,yes
1753231687330,1753231687,KXMLBGAME-25JUL22NYYTOR-NYY,78,22,250,yes
1753231687330,1753231687,KXMLBGAME-25JUL22NYYTOR-NYY,78,22,2395,yes
1753231688551,1753231688,KXMLBGAME-25JUL22LAANYM-LAA,24,76,11,yes
1753231688551,1753231688,KXMLBGAME-25JUL22LAANYM-LAA,26,74,8,yes
1753231689862,1753231689,KXMLBGAME-25JUL22DETPIT-DET,3,97,156,yes
1753231691472,1753231691,KXMLBGAME-25JUL22DETPIT-DET,1,99,25,no
1753231691691,1753231691,KXMLBGAME-25JUL22LAANYM-LAA,24,76,2,no
1753231691691,1753231691,KXMLBGAME-25JUL22LAANYM-LAA,23,77,34,no
1753231693070,1753231693,KXMLBGAME-25JUL22NYYTOR-NYY,78,22,45,yes
1753231693070,1753231693,KXMLBGAME-25JUL22NYYTOR-NYY,78,22,155,yes
1753231693991,1753231693,KXMLBGAME-25JUL22SDMIA-MIA,95,5,10,yes
1753231694631,1753231694,KXMLBGAME-25JUL22BALCLE-BAL,7,93,1,yes
1753231695910,1753231695,KXMLBGAME-25JUL22SDMIA-SD,5,95,25,no
1753231697251,1753231697,KXMLBGAME-25JUL22BALCLE-BAL,7,93,8,yes
1753231698551,1753231698,KXMLBGAME-25JUL22SDMIA-SD,7,93,20,yes
1753231699233,1753231699,KXMLBGAME-25JUL22LAANYM-LAA,26,74,3,yes
1753231703030,1753231702,KXMLBGAME-25JUL22BALCLE-CLE,95,5,2,yes
1753231706191,1753231706,KXMLBGAME-25JUL22SDMIA-SD,5,95,20,no
1753231712596,1753231712,KXMLBGAME-25JUL22BALCLE-BAL,6,94,15,yes
1753231712596,1753231712,KXMLBGAME-25JUL22BALCLE-BAL,16,84,5,yes
1753231713449,1753231713,KXMLBGAME-25JUL22SFATL-ATL,6,94,8,yes
1753231713631,1753231713,KXMLBGAME-25JUL22LAANYM-LAA,23,77,300,no
1753231713631,1753231713,KXMLBGAME-25JUL22LAANYM-LAA,23,77,56,no
1753231714590,1753231714,KXMLBGAME-25JUL22BALCLE-CLE,96,4,10,yes
1753231715510,1753231715,KXMLBGAME-25JUL22STLCOL-STL,57,43,2000,yes
1753231715511,1753231715,KXMLBGAME-25JUL22STLCOL-STL,57,43,600,yes
1753231715511,1753231715,KXMLBGAME-25JUL22STLCOL-STL,57,43,300,yes
1753231715511,1753231715,KXMLBGAME-25JUL22STLCOL-STL,58,42,200,yes
1753231715511,1753231715,KXMLBGAME-25JUL22STLCOL-STL,58,42,297,yes
1753231715729,1753231715,KXMLBGAME-25JUL22STLCOL-COL,43,57,600,no
1753231717789,1753231717,KXMLBGAME-25JUL22ATHTEX-TEX,49,51,6,yes
1753231721391,1753231721,KXMLBGAME-25JUL22BALCLE-BAL,8,92,11,no
1753231725571,1753231725,KXMLBGAME-25JUL22SDMIA-SD,5,95,55,no
1753231725571,1753231725,KXMLBGAME-25JUL22SDMIA-SD,5,95,10,no
1753231725571,1753231725,KXMLBGAME-25JUL22SDMIA-SD,5,95,300,no
1753231725571,1753231725,KXMLBGAME-25JUL22SDMIA-SD,4,96,200,no
1753231725571,1753231725,KXMLBGAME-25JUL22SDMIA-SD,4,96,600,no
1753231725571,1753231725,KXMLBGAME-25JUL22SDMIA-SD,4,96,35,no
1753231725571,1753231725,KXMLBGAME-25JUL22SDMIA-SD,4,96,5,no
1753231725571,1753231725,KXMLBGAME-25JUL22SDMIA-SD,4,96,59,no
1753231726371,1753231726,KXMLBGAME-25JUL22NYYTOR-TOR,23,77,4,yes
1753231726889,1753231726,KXMLBGAME-25JUL22LAANYM-NYM,74,26,244,no
1753231730750,1753231730,KXMLBGAME-25JUL22SFATL-ATL,6,94,8,yes
1753231736771,1753231736,KXMLBGAME-25JUL22BALCLE-BAL,7,93,8,no
1753231738510,1753231738,KXMLBGAME-25JUL22BOSPHI-BOS,6,94,50,yes
1753231744791,1753231744,KXMLBGAME-25JUL22SDMIA-SD,5,95,119,no
1753231747150,1753231747,KXMLBGAME-25JUL22MILSEA-MIL,46,54,514,yes
1753231751291,1753231751,KXMLBGAME-25JUL22HOUARI-HOU,53,47,91,yes
1753231751591,1753231751,KXMLBGAME-25JUL22HOUARI-HOU,53,47,9,yes
1753231752719,1753231752,KXMLBGAME-25JUL22SDMIA-SD,5,95,181,no
1753231752719,1753231752,KXMLBGAME-25JUL22SDMIA-SD,4,96,24,no
1753231752869,1753231752,KXMLBGAME-25JUL22SDMIA-MIA,93,7,5,no
1753231752869,1753231752,KXMLBGAME-25JUL22SDMIA-MIA,93,7,7,no
1753231756829,1753231756,KXMLBGAME-25JUL22BOSPHI-BOS,5,95,18,yes
1753231758312,1753231758,KXMLBGAME-25JUL22SFATL-ATL,6,94,20,yes
1753231758532,1753231758,KXMLBGAME-25JUL22STLCOL-COL,42,58,1048,yes
1753231758532,1753231758,KXMLBGAME-25JUL22STLCOL-COL,43,57,87,yes
1753231759232,1753231759,KXMLBGAME-25JUL22STLCOL-STL,55,45,87,no
1753231759332,1753231759,KXMLBGAME-25JUL22HOUARI-HOU,53,47,10,yes
1753231760109,1753231759,KXMLBGAME-25JUL22SFATL-SF,96,4,200,yes
1753231760109,1753231759,KXMLBGAME-25JUL22SFATL-SF,96,4,1,yes
1753231760109,1753231759,KXMLBGAME-25JUL22SFATL-ATL,4,96,200,no
1753231762510,1753231762,KXMLBGAME-25JUL22DETPIT-DET,3,97,31,yes
1753231762831,1753231762,KXMLBGAME-25JUL22KCCHC-KC,15,85,61,yes
1753231764053,1753231763,KXMLBGAME-25JUL22SDMIA-SD,4,96,14,no
1753231765430,1753231765,KXMLBGAME-25JUL22NYYTOR-NYY,77,23,1044,yes
1753231766810,1753231766,KXMLBGAME-25JUL22CWSTB-CWS,11,89,9,yes
1753231767329,1753231767,KXMLBGAME-25JUL22NYYTOR-NYY,77,23,127,yes
1753231770749,1753231770,KXMLBGAME-25JUL22NYYTOR-NYY,76,24,1,no
1753231771831,1753231771,KXMLBGAME-25JUL22SDMIA-SD,4,96,73,no
1753231772692,1753231772,KXMLBGAME-25JUL22KCCHC-KC,15,85,300,yes
1753231772692,1753231772,KXMLBGAME-25JUL22KCCHC-KC,15,85,200,yes
1753231772692,1753231772,KXMLBGAME-25JUL22KCCHC-KC,15,85,129,yes
1753231773452,1753231773,KXMLBGAME-25JUL22STLCOL-STL,54,46,10,no
1753231773452,1753231773,KXMLBGAME-25JUL22STLCOL-COL,50,50,10,no
1753231775709,1753231775,KXMLBGAME-25JUL22STLCOL-STL,53,47,10,no
1753231775809,1753231775,KXMLBGAME-25JUL22LAANYM-LAA,26,74,3,yes
1753231776191,1753231776,KXMLBGAME-25JUL22BALCLE-CLE,93,7,5,no
1753231776230,1753231776,KXMLBGAME-25JUL22BALCLE-CLE,93,7,195,no
1753231776230,1753231776,KXMLBGAME-25JUL22BALCLE-CLE,92,8,130,no
1753231777189,1753231777,KXMLBGAME-25JUL22LAANYM-LAA,26,74,20,yes
1753231779559,1753231779,KXMLBGAME-25JUL22LAANYM-LAA,26,74,53,yes
1753231787410,1753231787,KXMLBGAME-25JUL22BALCLE-BAL,15,85,8,yes
1753231787729,1753231787,KXMLBGAME-25JUL22MINLAD-LAD,65,35,150,yes
1753231790530,1753231790,KXMLBGAME-25JUL22KCCHC-KC,15,85,6,yes
1753231791051,1753231791,KXMLBGAME-25JUL22BALCLE-BAL,13,87,8,no
1753231792150,1753231792,KXMLBGAME-25JUL22STLCOL-STL,49,51,9,yes
1753231792328,1753231792,KXMLBGAME-25JUL22SDMIA-MIA,95,5,1,yes
1753231798110,1753231798,KXMLBGAME-25JUL22STLCOL-STL,49,51,5,yes
1753231799589,1753231799,KXMLBGAME-25JUL22SFATL-SF,97,3,87,yes
1753231799589,1753231799,KXMLBGAME-25JUL22SFATL-SF,98,2,300,yes
1753231799589,1753231799,KXMLBGAME-25JUL22SFATL-SF,98,2,110,yes
1753231799589,1753231799,KXMLBGAME-25JUL22SFATL-SF,99,1,1000,yes
1753231799589,1753231799,KXMLBGAME-25JUL22SFATL-SF,99,1,111,yes
1753231800372,1753231800,KXMLBGAME-25JUL22LAANYM-LAA,26,74,280,yes
1753231801290,1753231801,KXMLBGAME-25JUL22SDMIA-MIA,96,4,5,yes
1753231803530,1753231803,KXMLBGAME-25JUL22STLCOL-COL,52,48,16,yes
1753231804270,1753231804,KXMLBGAME-25JUL22BALCLE-BAL,14,86,25,no
1753231804831,1753231804,KXMLBGAME-25JUL22ATHTEX-TEX,46,54,10,yes
1753231805230,1753231805,KXMLBGAME-25JUL22MINLAD-LAD,65,35,150,yes
1753231817531,1753231817,KXMLBGAME-25JUL22DETPIT-DET,2,98,100,no
1753231817531,1753231817,KXMLBGAME-25JUL22DETPIT-DET,1,99,175,no
1753231820349,1753231820,KXMLBGAME-25JUL22LAANYM-LAA,26,74,5,yes
1753231824570,1753231824,KXMLBGAME-25JUL22BALCLE-CLE,87,13,2,yes
1753231826350,1753231826,KXMLBGAME-25JUL22SDMIA-SD,5,95,32,no
1753231827129,1753231827,KXMLBGAME-25JUL22NYYTOR-NYY,76,24,129,yes
1753231827670,1753231827,KXMLBGAME-25JUL22DETPIT-DET,3,97,275,yes
1753231827670,1753231827,KXMLBGAME-25JUL22DETPIT-DET,3,97,62,yes
1753231827670,1753231827,KXMLBGAME-25JUL22DETPIT-DET,3,97,300,yes
1753231827670,1753231827,KXMLBGAME-25JUL22DETPIT-DET,5,95,2,yes
1753231827670,1753231827,KXMLBGAME-25JUL22DETPIT-DET,5,95,111,yes
1753231833512,1753231833,KXMLBGAME-25JUL22DETPIT-PIT,97,3,86,no
1753231840730,1753231840,KXMLBGAME-25JUL22SDMIA-SD,5,95,111,no
1753231840730,1753231840,KXMLBGAME-25JUL22BOSPHI-BOS,3,97,242,no
1753231844070,1753231844,KXMLBGAME-25JUL22KCCHC-KC,16,84,5,yes
1753231847590,1753231847,KXMLBGAME-25JUL22DETPIT-PIT,98,2,111,yes
1753231847590,1753231847,KXMLBGAME-25JUL22DETPIT-PIT,99,1,49,yes
1753231847590,1753231847,KXMLBGAME-25JUL22DETPIT-PIT,99,1,283,yes
1753231847590,1753231847,KXMLBGAME-25JUL22DETPIT-PIT,99,1,87,yes
1753231848389,1753231848,KXMLBGAME-25JUL22BALCLE-BAL,13,87,26,no
1753231851351,1753231851,KXMLBGAME-25JUL22BALCLE-BAL,14,86,8,yes
1753231852890,1753231852,KXMLBGAME-25JUL22STLCOL-COL,52,48,7,no
1753231853530,1753231853,KXMLBGAME-25JUL22NYYTOR-NYY,75,25,7,yes
1753231856231,1753231855,KXMLBGAME-25JUL22LAANYM-LAA,25,75,300,yes
1753231856231,1753231855,KXMLBGAME-25JUL22LAANYM-LAA,26,74,77,yes
1753231856410,1753231856,KXMLBGAME-25JUL22SFATL-SF,97,3,86,yes
1753231856410,1753231856,KXMLBGAME-25JUL22SFATL-SF,98,2,16,yes
1753231856980,1753231856,KXMLBGAME-25JUL22BALCLE-BAL,13,87,23,no
1753231857516,1753231857,KXMLBGAME-25JUL22STLCOL-COL,52,48,293,no
1753231857516,1753231857,KXMLBGAME-25JUL22STLCOL-COL,52,48,87,no
1753231859031,1753231858,KXMLBGAME-25JUL22DETPIT-DET,3,97,9,yes
1753231860433,1753231860,KXMLBGAME-25JUL22SDMIA-SD,4,96,31,no
1753231864531,1753231864,KXMLBGAME-25JUL22NYYTOR-TOR,28,72,5,yes
1753231865335,1753231865,KXMLBGAME-25JUL22STLCOL-STL,53,47,179,yes
1753231865610,1753231865,KXMLBGAME-25JUL22BALCLE-BAL,14,86,34,yes
1753231866503,1753231865,KXMLBGAME-25JUL22BALCLE-CLE,87,13,6,yes
1753231866630,1753231866,KXMLBGAME-25JUL22STLCOL-STL,53,47,10,yes
1753231867250,1753231867,KXMLBGAME-25JUL22SDMIA-SD,6,94,87,yes
1753231867250,1753231867,KXMLBGAME-25JUL22SDMIA-SD,7,93,5,yes
1753231868153,1753231868,KXMLBGAME-25JUL22STLCOL-COL,49,51,197,yes
1753231868350,1753231868,KXMLBGAME-25JUL22ATHTEX-TEX,48,52,3,yes
1753231873371,1753231873,KXMLBGAME-25JUL22NYYTOR-NYY,75,25,262,yes
1753231881351,1753231881,KXMLBGAME-25JUL22SDMIA-MIA,96,4,193,yes
1753231881351,1753231881,KXMLBGAME-25JUL22SDMIA-MIA,96,4,300,yes
1753231881351,1753231881,KXMLBGAME-25JUL22SDMIA-MIA,96,4,2500,yes
1753231881351,1753231881,KXMLBGAME-25JUL22SDMIA-MIA,97,3,600,yes
1753231881351,1753231881,KXMLBGAME-25JUL22SDMIA-MIA,97,3,95,yes
1753231887311,1753231887,KXMLBGAME-25JUL22BALCLE-BAL,14,86,121,yes
1753231888072,1753231888,KXMLBGAME-25JUL22STLCOL-STL,53,47,65,yes
1753231888072,1753231888,KXMLBGAME-25JUL22STLCOL-STL,53,47,117,yes
1753231890352,1753231890,KXMLBGAME-25JUL22SDMIA-SD,4,96,55,no
1753231890352,1753231890,KXMLBGAME-25JUL22SDMIA-SD,4,96,338,no
1753231890472,1753231890,KXMLBGAME-25JUL22STLCOL-STL,53,47,1,yes
1753231890634,1753231890,KXMLBGAME-25JUL22NYYTOR-TOR,25,75,34,no
1753231890749,1753231890,KXMLBGAME-25JUL22NYYTOR-NYY,75,25,34,yes
1753231890969,1753231890,KXMLBGAME-25JUL22LAANYM-LAA,25,75,2,yes
1753231894211,1753231894,KXMLBGAME-25JUL22SDMIA-SD,4,96,361,no
1753231894930,1753231894,KXMLBGAME-25JUL22NYYTOR-TOR,25,75,190,yes
1753231901130,1753231901,KXMLBGAME-25JUL22ATHTEX-TEX,49,51,9,yes
1753231904803,1753231904,KXMLBGAME-25JUL22KCCHC-CHC,84,16,389,yes
1753231904803,1753231904,KXMLBGAME-25JUL22KCCHC-CHC,84,16,129,yes
1753231904803,1753231904,KXMLBGAME-25JUL22KCCHC-CHC,85,15,69,yes
1753231904971,1753231904,KXMLBGAME-25JUL22MILSEA-MIL,46,54,4,yes
1753231907510,1753231907,KXMLBGAME-25JUL22SDMIA-MIA,96,4,300,yes
1753231907510,1753231907,KXMLBGAME-25JUL22SDMIA-MIA,96,4,219,yes
1753231908712,1753231908,KXMLBGAME-25JUL22LAANYM-NYM,75,25,25,no
1753231910678,1753231910,KXMLBGAME-25JUL22SDMIA-MIA,96,4,579,yes
1753231913711,1753231913,KXMLBGAME-25JUL22DETPIT-DET,2,98,2,no
1753231913851,1753231913,KXMLBGAME-25JUL22DETPIT-DET,2,98,93,yes
1753231914929,1753231914,KXMLBGAME-25JUL22CWSTB-TB,90,10,108,yes
1753231914929,1753231914,KXMLBGAME-25JUL22CWSTB-TB,90,10,2,yes
1753231914969,1753231914,KXMLBGAME-25JUL22CINWSH-WSH,99,1,100,no
1753231915168,1753231915,KXMLBGAME-25JUL22SFATL-SF,93,7,10,no
1753231916951,1753231916,KXMLBGAME-25JUL22SDMIA-MIA,96,4,1299,yes
1753231917710,1753231917,KXMLBGAME-25JUL22SDMIA-MIA,96,4,2,yes
1753231919132,1753231919,KXMLBGAME-25JUL22KCCHC-KC,17,83,5,yes
1753231919631,1753231919,KXMLBGAME-25JUL22BALCLE-BAL,14,86,13,yes
1753231919790,1753231919,KXMLBGAME-25JUL22NYYTOR-NYY,76,24,110,yes
1753231920532,1753231920,KXMLBGAME-25JUL22BALCLE-BAL,12,88,8,no
1753231921271,1753231921,KXMLBGAME-25JUL22BALCLE-BAL,14,86,14,yes
1753231921990,1753231921,KXMLBGAME-25JUL22SFATL-SF,95,5,83,yes
1753231922951,1753231922,KXMLBGAME-25JUL22DETPIT-PIT,97,3,300,no
1753231926130,1753231926,KXMLBGAME-25JUL22STLCOL-STL,53,47,53,yes
1753231926391,1753231926,KXMLBGAME-25JUL22SDMIA-SD,4,96,45,no
1753231927170,1753231927,KXMLBGAME-25JUL22KCCHC-KC,17,83,27,yes
1753231928752,1753231928,KXMLBGAME-25JUL22MINLAD-LAD,65,35,666,yes
1753231928752,1753231928,KXMLBGAME-25JUL22MINLAD-LAD,65,35,84,yes
1753231930232,1753231930,KXMLBGAME-25JUL22LAANYM-NYM,77,23,1,yes
1753231933891,1753231933,KXMLBGAME-25JUL22DETPIT-DET,1,99,17,no
1753231935229,1753231935,KXMLBGAME-25JUL22SFATL-SF,96,4,300,yes
1753231935230,1753231935,KXMLBGAME-25JUL22SFATL-SF,96,4,63,yes
1753231935230,1753231935,KXMLBGAME-25JUL22SFATL-SF,97,3,154,yes
1753231938969,1753231938,KXMLBGAME-25JUL22NYYTOR-NYY,75,25,13,yes
1753231939390,1753231939,KXMLBGAME-25JUL22LAANYM-LAA,25,75,380,yes
1753231942810,1753231942,KXMLBGAME-25JUL22SFATL-SF,96,4,47,yes
1753231942810,1753231942,KXMLBGAME-25JUL22SFATL-SF,96,4,53,yes
1753231945629,1753231945,KXMLBGAME-25JUL22LAANYM-LAA,22,78,87,no
1753231945629,1753231945,KXMLBGAME-25JUL22LAANYM-LAA,22,78,300,no
1753231945751,1753231945,KXMLBGAME-25JUL22LAANYM-NYM,78,22,87,yes
1753231946671,1753231946,KXMLBGAME-25JUL22SDMIA-SD,4,96,8,no
1753231948770,1753231948,KXMLBGAME-25JUL22NYYTOR-NYY,75,25,13,yes
1753231949309,1753231949,KXMLBGAME-25JUL22STLCOL-STL,53,47,274,yes
1753231950011,1753231949,KXMLBGAME-25JUL22SDMIA-MIA,96,4,10,yes
1753231950211,1753231950,KXMLBGAME-25JUL22DETPIT-PIT,97,3,100,yes
1753231953509,1753231953,KXMLBGAME-25JUL22NYYTOR-NYY,75,25,6,yes
1753231954908,1753231954,KXMLBGAME-25JUL22HOUARI-ARI,48,52,10,yes
1753231956830,1753231956,KXMLBGAME-25JUL22SFATL-SF,96,4,247,yes
1753231956830,1753231956,KXMLBGAME-25JUL22SFATL-SF,96,4,12,yes
1753231957030,1753231956,KXMLBGAME-25JUL22SDMIA-SD,4,96,36,no
1753231958611,1753231958,KXMLBGAME-25JUL22NYYTOR-NYY,75,25,31,yes
1753231959829,1753231959,KXMLBGAME-25JUL22BALCLE-CLE,85,15,300,no
1753231960308,1753231960,KXMLBGAME-25JUL22LAANYM-NYM,78,22,50,no
1753231961831,1753231961,KXMLBGAME-25JUL22KCCHC-KC,16,84,50,no
1753231961831,1753231961,KXMLBGAME-25JUL22BALCLE-BAL,13,87,5,yes
1753231961831,1753231961,KXMLBGAME-25JUL22BALCLE-BAL,14,86,22,yes
1753231967249,1753231967,KXMLBGAME-25JUL22BOSPHI-BOS,3,97,78,no
1753231970250,1753231970,KXMLBGAME-25JUL22SFATL-ATL,4,96,45,no
1753231971250,1753231971,KXMLBGAME-25JUL22DETPIT-DET,2,98,233,yes
1753231972411,1753231972,KXMLBGAME-25JUL22DETPIT-PIT,98,2,432,no
1753231974129,1753231974,KXMLBGAME-25JUL22LAANYM-NYM,79,21,11,yes
1753231974950,1753231974,KXMLBGAME-25JUL22ATHTEX-TEX,49,51,600,yes
1753231974950,1753231974,KXMLBGAME-25JUL22ATHTEX-TEX,49,51,400,yes
1753231975470,1753231975,KXMLBGAME-25JUL22NYYTOR-TOR,25,75,600,no
1753231975470,1753231975,KXMLBGAME-25JUL22NYYTOR-TOR,25,75,300,no
1753231975470,1753231975,KXMLBGAME-25JUL22NYYTOR-TOR,25,75,2000,no
1753231975569,1753231975,KXMLBGAME-25JUL22NYYTOR-NYY,75,25,600,yes
1753231978009,1753231977,KXMLBGAME-25JUL22NYYTOR-NYY,75,25,87,no
1753231978130,1753231978,KXMLBGAME-25JUL22NYYTOR-TOR,25,75,87,yes
1753231979690,1753231979,KXMLBGAME-25JUL22DETPIT-PIT,98,2,506,no
1753231984649,1753231984,KXMLBGAME-25JUL22LAANYM-LAA,22,78,43,yes
1753231986331,1753231986,KXMLBGAME-25JUL22STLCOL-STL,53,47,182,yes
1753231987329,1753231987,KXMLBGAME-25JUL22BALCLE-CLE,87,13,75,no
1753231988169,1753231988,KXMLBGAME-25JUL22BALCLE-CLE,90,10,11,yes
1753231989471,1753231989,KXMLBGAME-25JUL22NYYTOR-NYY,75,25,100,yes
1753231990789,1753231990,KXMLBGAME-25JUL22SDMIA-MIA,95,5,5,no
1753231990789,1753231990,KXMLBGAME-25JUL22SDMIA-MIA,94,6,24,no
1753231991208,1753231991,KXMLBGAME-25JUL22STLCOL-STL,54,46,70,yes
1753231992069,1753231992,KXMLBGAME-25JUL22STLCOL-STL,52,48,46,yes
1753231993930,1753231993,KXMLBGAME-25JUL22LAANYM-LAA,22,78,107,yes
1753231997251,1753231997,KXMLBGAME-25JUL22SFATL-ATL,6,94,62,yes
1753232000950,1753232000,KXMLBGAME-25JUL22STLCOL-COL,48,52,201,yes
1753232001970,1753232001,KXMLBGAME-25JUL22ATHTEX-TEX,49,51,98,yes
1753232002709,1753232002,KXMLBGAME-25JUL22KCCHC-CHC,87,13,25,yes
1753232002709,1753232002,KXMLBGAME-25JUL22KCCHC-CHC,87,13,18,yes
1753232009631,1753232009,KXMLBGAME-25JUL22BALCLE-BAL,12,88,47,yes
1753232010268,1753232010,KXMLBGAME-25JUL22CWSTB-CWS,13,87,300,yes
1753232010269,1753232010,KXMLBGAME-25JUL22CWSTB-CWS,13,87,3256,yes
1753232011072,1753232011,KXMLBGAME-25JUL22ATHTEX-TEX,49,51,63,yes
1753232011569,1753232011,KXMLBGAME-25JUL22SDMIA-SD,4,96,51,no
1753232012450,1753232012,KXMLBGAME-25JUL22SDMIA-SD,6,94,15,yes
1753232015149,1753232015,KXMLBGAME-25JUL22BALCLE-CLE,87,13,82,no
1753232023350,1753232023,KXMLBGAME-25JUL22SFATL-SF,96,4,20,yes
1753232023810,1753232023,KXMLBGAME-25JUL22HOUARI-HOU,53,47,1279,yes
1753232024692,1753232024,KXMLBGAME-25JUL22NYYTOR-NYY,75,25,2,no
1753232024692,1753232024,KXMLBGAME-25JUL22NYYTOR-NYY,75,25,1,no
1753232024692,1753232024,KXMLBGAME-25JUL22NYYTOR-NYY,74,26,20,no
1753232030590,1753232030,KXMLBGAME-25JUL22NYYTOR-NYY,78,22,1,yes
1753232030590,1753232030,KXMLBGAME-25JUL22NYYTOR-NYY,78,22,3,yes
1753232030590,1753232030,KXMLBGAME-25JUL22NYYTOR-NYY,83,17,9,yes
1753232032850,1753232032,KXMLBGAME-25JUL22BALCLE-CLE,87,13,38,no
1753232033110,1753232033,KXMLBGAME-25JUL22DETPIT-DET,1,99,3,no
1753232038332,1753232038,KXMLBGAME-25JUL22DETPIT-DET,2,98,9,yes
1753232040469,1753232040,KXMLBGAME-25JUL22NYYTOR-TOR,31,69,2000,no
1753232040469,1753232040,KXMLBGAME-25JUL22NYYTOR-TOR,31,69,600,no
1753232040469,1753232040,KXMLBGAME-25JUL22NYYTOR-TOR,31,69,300,no
1753232041691,1753232041,KXMLBGAME-25JUL22LAANYM-LAA,22,78,21,yes
1753232044832,1753232044,KXMLBGAME-25JUL22NYYTOR-NYY,69,31,28,yes
1753232046130,1753232045,KXMLBGAME-25JUL22BOSPHI-PHI,95,5,2500,no
1753232046130,1753232045,KXMLBGAME-25JUL22BOSPHI-PHI,94,6,300,no
1753232046130,1753232045,KXMLBGAME-25JUL22BOSPHI-PHI,93,7,87,no
1753232046710,1753232046,KXMLBGAME-25JUL22BOSPHI-BOS,6,94,55,yes
1753232046710,1753232046,KXMLBGAME-25JUL22BOSPHI-BOS,7,93,55,yes
1753232046710,1753232046,KXMLBGAME-25JUL22BOSPHI-BOS,7,93,600,yes
1753232046832,1753232046,KXMLBGAME-25JUL22STLCOL-STL,65,35,52,yes
1753232046832,1753232046,KXMLBGAME-25JUL22STLCOL-STL,65,35,10,yes
1753232046832,1753232046,KXMLBGAME-25JUL22STLCOL-STL,73,27,18,yes
1753232049830,1753232049,KXMLBGAME-25JUL22LAANYM-LAA,21,79,62,no
1753232050232,1753232050,KXMLBGAME-25JUL22BALCLE-CLE,87,13,38,no
1753232052910,1753232052,KXMLBGAME-25JUL22BALCLE-BAL,13,87,14,yes
1753232056418,1753232056,KXMLBGAME-25JUL22BALCLE-BAL,12,88,105,yes
1753232056418,1753232056,KXMLBGAME-25JUL22BALCLE-BAL,13,87,68,yes
1753232056418,1753232056,KXMLBGAME-25JUL22BALCLE-BAL,13,87,300,yes
1753232056418,1753232056,KXMLBGAME-25JUL22BALCLE-BAL,13,87,260,yes
1753232057610,1753232057,KXMLBGAME-25JUL22BOSPHI-BOS,8,92,89,yes
1753232057610,1753232057,KXMLBGAME-25JUL22BOSPHI-BOS,8,92,16,yes
1753232058249,1753232058,KXMLBGAME-25JUL22STLCOL-STL,51,49,47,yes
1753232059412,1753232059,KXMLBGAME-25JUL22BOSPHI-BOS,7,93,79,no
1753232059412,1753232059,KXMLBGAME-25JUL22BOSPHI-BOS,6,94,194,no
1753232061989,1753232061,KXMLBGAME-25JUL22NYYTOR-NYY,67,33,28,no
1753232064830,1753232064,KXMLBGAME-25JUL22NYYTOR-NYY,68,32,2,yes
1753232066331,1753232066,KXMLBGAME-25JUL22STLCOL-STL,51,49,94,yes
1753232066509,1753232066,KXMLBGAME-25JUL22BOSPHI-BOS,8,92,1,yes
1753232069401,1753232069,KXMLBGAME-25JUL22CINWSH-WSH,99,1,23,no
1753232075309,1753232075,KXMLBGAME-25JUL22BALCLE-CLE,87,13,8,no
1753232075890,1753232075,KXMLBGAME-25JUL22DETPIT-DET,1,99,368,no
1753232075891,1753232075,KXMLBGAME-25JUL22DETPIT-DET,1,99,565,no
1753232077646,1753232077,KXMLBGAME-25JUL22BALCLE-CLE,90,10,1,yes
1753232077650,1753232077,KXMLBGAME-25JUL22MILSEA-MIL,46,54,6,yes
1753232080490,1753232080,KXMLBGAME-25JUL22BALCLE-CLE,87,13,28,no
1753232083850,1753232083,KXMLBGAME-25JUL22CINWSH-WSH,99,1,108,no
1753232087012,1753232086,KXMLBGAME-25JUL22MILSEA-MIL,46,54,26,yes
1753232088132,1753232088,KXMLBGAME-25JUL22DETPIT-DET,1,99,2807,no
1753232088530,1753232088,KXMLBGAME-25JUL22BALCLE-BAL,13,87,7,yes
1753232090591,1753232090,KXMLBGAME-25JUL22CWSTB-TB,88,12,20,no
1753232090591,1753232090,KXMLBGAME-25JUL22CWSTB-TB,86,14,39,no
1753232090591,1753232090,KXMLBGAME-25JUL22CWSTB-TB,86,14,240,no
1753232090611,1753232090,KXMLBGAME-25JUL22CWSTB-CWS,14,86,39,yes
1753232090611,1753232090,KXMLBGAME-25JUL22CWSTB-CWS,14,86,275,yes
1753232090710,1753232090,KXMLBGAME-25JUL22CWSTB-TB,86,14,29,no
1753232093911,1753232093,KXMLBGAME-25JUL22SFATL-SF,95,5,1,no
1753232098031,1753232097,KXMLBGAME-25JUL22SDMIA-SD,7,93,40,yes
1753232099270,1753232099,KXMLBGAME-25JUL22CWSTB-CWS,34,66,6,yes
1753232099270,1753232099,KXMLBGAME-25JUL22CWSTB-CWS,39,61,99,yes
1753232099270,1753232099,KXMLBGAME-25JUL22CWSTB-CWS,48,52,33,yes
1753232099270,1753232099,KXMLBGAME-25JUL22CWSTB-CWS,60,40,1,yes
1753232099270,1753232099,KXMLBGAME-25JUL22CWSTB-CWS,63,37,108,yes
1753232099270,1753232099,KXMLBGAME-25JUL22CWSTB-CWS,64,36,28,yes
1753232100850,1753232100,KXMLBGAME-25JUL22DETPIT-DET,1,99,17,no
1753232103671,1753232103,KXMLBGAME-25JUL22NYYTOR-NYY,71,29,1,yes
1753232112372,1753232112,KXMLBGAME-25JUL22NYYTOR-NYY,71,29,12,yes
1753232114672,1753232114,KXMLBGAME-25JUL22NYYTOR-NYY,71,29,250,yes
1753232115731,1753232115,KXMLBGAME-25JUL22LAANYM-NYM,79,21,300,no
1753232115731,1753232115,KXMLBGAME-25JUL22LAANYM-NYM,79,21,87,no
1753232117431,1753232117,KXMLBGAME-25JUL22ATHTEX-ATH,49,51,197,yes
1753232119650,1753232119,KXMLBGAME-25JUL22LAANYM-LAA,21,79,22,yes
1753232121802,1753232121,KXMLBGAME-25JUL22ATHTEX-ATH,49,51,69,yes
1753232121802,1753232121,KXMLBGAME-25JUL22ATHTEX-ATH,50,50,28,yes
1753232134372,1753232134,KXMLBGAME-25JUL22SDMIA-MIA,96,4,10,yes
1753232138111,1753232138,KXMLBGAME-25JUL22DETPIT-PIT,99,1,17,yes
1753232139771,1753232139,KXMLBGAME-25JUL22LAANYM-LAA,22,78,87,yes
1753232139771,1753232139,KXMLBGAME-25JUL22LAANYM-LAA,22,78,63,yes
1753232146051,1753232146,KXMLBGAME-25JUL22NYYTOR-NYY,73,27,8,yes
1753232146151,1753232146,KXMLBGAME-25JUL22CINWSH-CIN,1,99,93,yes
1753232146850,1753232146,KXMLBGAME-25JUL22LAANYM-LAA,22,78,3,yes
1753232154131,1753232154,KXMLBGAME-25JUL22CWSTB-CWS,22,78,43,yes
1753232154509,1753232154,KXMLBGAME-25JUL22CWSTB-CWS,22,78,108,yes
1753232159411,1753232159,KXMLBGAME-25JUL22NYYTOR-NYY,68,32,87,no
1753232160330,1753232160,KXMLBGAME-25JUL22CWSTB-TB,79,21,87,yes
1753232160950,1753232160,KXMLBGAME-25JUL22LAANYM-LAA,20,80,1,no
1753232161431,1753232160,KXMLBGAME-25JUL22CWSTB-TB,80,20,300,yes
1753232161432,1753232160,KXMLBGAME-25JUL22CWSTB-TB,80,20,87,yes
1753232162330,1753232162,KXMLBGAME-25JUL22MILSEA-MIL,46,54,20,yes
1753232167931,1753232167,KXMLBGAME-25JUL22DETPIT-DET,2,98,233,yes
1753232170112,1753232170,KXMLBGAME-25JUL22BOSPHI-BOS,7,93,40,yes
1753232170332,1753232170,KXMLBGAME-25JUL22NYYTOR-NYY,65,35,5,no
1753232173071,1753232173,KXMLBGAME-25JUL22KCCHC-KC,18,82,48,yes
1753232174111,1753232173,KXMLBGAME-25JUL22NYYTOR-NYY,53,47,300,yes
1753232174550,1753232174,KXMLBGAME-25JUL22CWSTB-TB,80,20,2,no
1753232174908,1753232174,KXMLBGAME-25JUL22NYYTOR-NYY,53,47,8,no
1753232175671,1753232175,KXMLBGAME-25JUL22STLCOL-COL,52,48,15,yes
1753232176929,1753232176,KXMLBGAME-25JUL22BOSPHI-BOS,6,94,59,no
1753232177054,1753232177,KXMLBGAME-25JUL22BOSPHI-BOS,6,94,3,no
1753232179170,1753232179,KXMLBGAME-25JUL22SDMIA-SD,5,95,12,yes
1753232179170,1753232179,KXMLBGAME-25JUL22SDMIA-SD,6,94,2,yes
1753232181451,1753232181,KXMLBGAME-25JUL22BOSPHI-BOS,8,92,11,yes
1753232183190,1753232183,KXMLBGAME-25JUL22NYYTOR-TOR,47,53,10,yes
1753232186610,1753232186,KXMLBGAME-25JUL22MILSEA-MIL,46,54,20,yes
1753232186970,1753232186,KXMLBGAME-25JUL22NYYTOR-NYY,53,47,300,yes
1753232186970,1753232186,KXMLBGAME-25JUL22NYYTOR-NYY,54,46,64,yes
1753232191470,1753232191,KXMLBGAME-25JUL22SDMIA-MIA,94,6,136,no
1753232198149,1753232198,KXMLBGAME-25JUL22BALCLE-BAL,8,92,12,yes
1753232201550,1753232201,KXMLBGAME-25JUL22NYYTOR-NYY,52,48,300,yes
1753232202012,1753232201,KXMLBGAME-25JUL22NYYTOR-NYY,53,47,18,yes
1753232205011,1753232204,KXMLBGAME-25JUL22NYYTOR-NYY,50,50,20,no
1753232205116,1753232205,KXMLBGAME-25JUL22NYYTOR-NYY,53,47,13,yes
1753232205450,1753232205,KXMLBGAME-25JUL22NYYTOR-TOR,48,52,300,no
1753232205450,1753232205,KXMLBGAME-25JUL22NYYTOR-TOR,47,53,78,no
1753232205570,1753232205,KXMLBGAME-25JUL22NYYTOR-NYY,53,47,49,yes
1753232205570,1753232205,KXMLBGAME-25JUL22NYYTOR-NYY,53,47,14,yes
1753232205570,1753232205,KXMLBGAME-25JUL22NYYTOR-NYY,53,47,5,yes
1753232205570,1753232205,KXMLBGAME-25JUL22NYYTOR-NYY,53,47,10,yes
1753232205570,1753232205,KXMLBGAME-25JUL22NYYTOR-NYY,54,46,600,yes
1753232205570,1753232205,KXMLBGAME-25JUL22SDMIA-SD,6,94,46,yes
1753232205890,1753232205,KXMLBGAME-25JUL22CWSTB-CWS,18,82,192,yes
1753232205890,1753232205,KXMLBGAME-25JUL22CWSTB-CWS,19,81,316,yes
1753232206489,1753232206,KXMLBGAME-25JUL22NYYTOR-TOR,46,54,41,yes
1753232209071,1753232209,KXMLBGAME-25JUL22SDMIA-SD,6,94,15,yes
1753232210067,1753232209,KXMLBGAME-25JUL22MILSEA-MIL,46,54,41,yes
1753232210471,1753232210,KXMLBGAME-25JUL22NYYTOR-NYY,55,45,8,yes
1753232210930,1753232210,KXMLBGAME-25JUL22SFATL-SF,96,4,20,yes
1753232212510,1753232212,KXMLBGAME-25JUL22BOSPHI-BOS,6,94,17,yes
1753232213550,1753232213,KXMLBGAME-25JUL22NYYTOR-NYY,55,45,1,yes
1753232213811,1753232213,KXMLBGAME-25JUL22LAANYM-LAA,22,78,1,yes
1753232221219,1753232221,KXMLBGAME-25JUL22NYYTOR-NYY,60,40,36,yes
1753232221219,1753232221,KXMLBGAME-25JUL22NYYTOR-NYY,61,39,176,yes
1753232222770,1753232222,KXMLBGAME-25JUL22ATHTEX-TEX,70,30,1,yes
1753232222770,1753232222,KXMLBGAME-25JUL22ATHTEX-TEX,73,27,10,yes
1753232225311,1753232225,KXMLBGAME-25JUL22BOSPHI-BOS,5,95,20,no
1753232226810,1753232226,KXMLBGAME-25JUL22BOSPHI-PHI,94,6,222,no
1753232229230,1753232229,KXMLBGAME-25JUL22NYYTOR-NYY,59,41,27,yes
1753232229230,1753232229,KXMLBGAME-25JUL22NYYTOR-NYY,60,40,600,yes
1753232229230,1753232229,KXMLBGAME-25JUL22NYYTOR-NYY,60,40,300,yes
1753232230035,1753232229,KXMLBGAME-25JUL22NYYTOR-TOR,41,59,22,yes
1753232230269,1753232230,KXMLBGAME-25JUL22DETPIT-DET,2,98,75,yes
1753232230490,1753232230,KXMLBGAME-25JUL22LAANYM-LAA,22,78,3,yes
1753232230589,1753232230,KXMLBGAME-25JUL22BALCLE-CLE,92,8,47,no
1753232235629,1753232235,KXMLBGAME-25JUL22LAANYM-LAA,20,80,9,no
1753232235729,1753232235,KXMLBGAME-25JUL22LAANYM-NYM,80,20,99,yes
1753232236611,1753232236,KXMLBGAME-25JUL22NYYTOR-TOR,43,57,10,yes
1753232236731,1753232236,KXMLBGAME-25JUL22BALCLE-CLE,92,8,22,no
1753232239650,1753232239,KXMLBGAME-25JUL22LAANYM-NYM,81,19,500,no
1753232240350,1753232240,KXMLBGAME-25JUL22HOUARI-ARI,48,52,1,yes
1753232241853,1753232241,KXMLBGAME-25JUL22LAANYM-LAA,18,82,4,no
1753232244573,1753232244,KXMLBGAME-25JUL22CINWSH-CIN,1,99,23,yes
1753232245592,1753232245,KXMLBGAME-25JUL22DETPIT-DET,2,98,236,yes
1753232247211,1753232247,KXMLBGAME-25JUL22NYYTOR-NYY,60,40,10,yes
1753232247510,1753232247,KXMLBGAME-25JUL22LAANYM-LAA,20,80,4,yes
1753232247974,1753232247,KXMLBGAME-25JUL22LAANYM-NYM,82,18,500,yes
1753232247974,1753232247,KXMLBGAME-25JUL22LAANYM-NYM,82,18,750,yes
1753232247974,1753232247,KXMLBGAME-25JUL22LAANYM-NYM,82,18,500,yes
1753232247974,1753232247,KXMLBGAME-25JUL22LAANYM-NYM,83,17,87,yes
1753232247974,1753232247,KXMLBGAME-25JUL22LAANYM-NYM,83,17,300,yes
1753232247974,1753232247,KXMLBGAME-25JUL22LAANYM-NYM,84,16,100,yes
1753232247974,1753232247,KXMLBGAME-25JUL22LAANYM-NYM,84,16,200,yes
1753232247975,1753232247,KXMLBGAME-25JUL22LAANYM-NYM,84,16,300,yes
1753232247975,1753232247,KXMLBGAME-25JUL22LAANYM-NYM,84,16,190,yes
1753232250612,1753232250,KXMLBGAME-25JUL22STLCOL-STL,46,54,206,yes
1753232252671,1753232252,KXMLBGAME-25JUL22SDMIA-SD,6,94,6,yes
1753232254390,1753232254,KXMLBGAME-25JUL22CWSTB-CWS,18,82,21,yes
1753232256170,1753232256,KXMLBGAME-25JUL22SDMIA-SD,6,94,31,yes
1753232256311,1753232256,KXMLBGAME-25JUL22DETPIT-DET,2,98,119,yes
1753232256311,1753232256,KXMLBGAME-25JUL22DETPIT-DET,2,98,1050,yes
1753232265812,1753232265,KXMLBGAME-25JUL22HOUARI-HOU,53,47,45,yes
1753232266050,1753232266,KXMLBGAME-25JUL22LAANYM-NYM,83,17,5,yes
1753232271012,1753232270,KXMLBGAME-25JUL22BALCLE-BAL,8,92,2,yes
1753232271012,1753232270,KXMLBGAME-25JUL22BALCLE-BAL,8,92,9,yes
1753232271031,1753232270,KXMLBGAME-25JUL22LAANYM-LAA,19,81,99,yes
1753232272932,1753232272,KXMLBGAME-25JUL22ATHTEX-ATH,34,66,17,no
1753232274229,1753232274,KXMLBGAME-25JUL22NYYTOR-NYY,59,41,10,yes
1753232275531,1753232274,KXMLBGAME-25JUL22BALCLE-BAL,8,92,291,yes
1753232275531,1753232274,KXMLBGAME-25JUL22BALCLE-BAL,9,91,62,yes
1753232275531,1753232274,KXMLBGAME-25JUL22BALCLE-BAL,9,91,399,yes
1753232279930,1753232279,KXMLBGAME-25JUL22KCCHC-CHC,85,15,11,yes
1753232281032,1753232280,KXMLBGAME-25JUL22STLCOL-STL,46,54,20,yes
1753232283130,1753232283,KXMLBGAME-25JUL22NYYTOR-NYY,60,40,243,yes
1753232286309,1753232286,KXMLBGAME-25JUL22SFATL-ATL,4,96,27,no
1753232290889,1753232290,KXMLBGAME-25JUL22CWSTB-TB,86,14,5,yes
1753232291369,1753232291,KXMLBGAME-25JUL22BALCLE-BAL,8,92,11,yes
1753232294670,1753232294,KXMLBGAME-25JUL22STLCOL-STL,46,54,22,yes
1753232296210,1753232296,KXMLBGAME-25JUL22HOUARI-HOU,53,47,45,yes
1753232297070,1753232296,KXMLBGAME-25JUL22ATHTEX-ATH,34,66,8,no
1753232298758,1753232298,KXMLBGAME-25JUL22CINWSH-WSH,99,1,245,no
1753232300849,1753232300,KXMLBGAME-25JUL22BOSPHI-BOS,4,96,23,yes
1753232304790,1753232304,KXMLBGAME-25JUL22SDMIA-SD,6,94,15,yes
1753232305688,1753232305,KXMLBGAME-25JUL22CWSTB-CWS,14,86,70,no
1753232305830,1753232305,KXMLBGAME-25JUL22MILSEA-MIL,46,54,104,yes
1753232306651,1753232306,KXMLBGAME-25JUL22DETPIT-PIT,99,1,63,yes
1753232308851,1753232308,KXMLBGAME-25JUL22DETPIT-PIT,99,1,10,yes
1753232314531,1753232314,KXMLBGAME-25JUL22NYYTOR-NYY,60,40,4,yes
1753232315250,1753232315,KXMLBGAME-25JUL22LAANYM-LAA,19,81,61,no
1753232315970,1753232315,KXMLBGAME-25JUL22HOUARI-ARI,48,52,10,yes
1753232316409,1753232316,KXMLBGAME-25JUL22NYYTOR-NYY,61,39,15,yes
1753232323391,1753232323,KXMLBGAME-25JUL22LAANYM-LAA,19,81,1,no
1753232324889,1753232324,KXMLBGAME-25JUL22NYYTOR-NYY,61,39,285,yes
1753232326210,1753232326,KXMLBGAME-25JUL22STLCOL-STL,46,54,2,yes
1753232327028,1753232326,KXMLBGAME-25JUL22CWSTB-CWS,17,83,56,yes
1753232327512,1753232327,KXMLBGAME-25JUL22NYYTOR-NYY,62,38,600,yes
1753232327512,1753232327,KXMLBGAME-25JUL22NYYTOR-NYY,62,38,111,yes
1753232329131,1753232329,KXMLBGAME-25JUL22STLCOL-COL,55,45,87,yes
1753232329131,1753232329,KXMLBGAME-25JUL22STLCOL-COL,55,45,126,yes
1753232331050,1753232331,KXMLBGAME-25JUL22MILSEA-MIL,46,54,52,yes
1753232333370,1753232333,KXMLBGAME-25JUL22LAANYM-LAA,19,81,500,no
1753232333748,1753232333,KXMLBGAME-25JUL22MINLAD-MIN,36,64,13,yes
1753232333990,1753232333,KXMLBGAME-25JUL22ATHTEX-TEX,65,35,6,yes
1753232337930,1753232337,KXMLBGAME-25JUL22DETPIT-DET,2,98,11,yes
1753232343012,1753232342,KXMLBGAME-25JUL22SFATL-SF,96,4,15,no
1753232343012,1753232342,KXMLBGAME-25JUL22SFATL-SF,95,5,87,no
1753232343012,1753232342,KXMLBGAME-25JUL22SFATL-SF,94,6,5,no
1753232343012,1753232342,KXMLBGAME-25JUL22SFATL-SF,94,6,886,no
1753232345331,1753232345,KXMLBGAME-25JUL22STLCOL-STL,46,54,1,yes
1753232348409,1753232348,KXMLBGAME-25JUL22NYYTOR-NYY,61,39,239,yes
1753232349590,1753232349,KXMLBGAME-25JUL22BALCLE-CLE,93,7,34,yes
1753232351071,1753232351,KXMLBGAME-25JUL22LAANYM-NYM,81,19,1000,no
1753232353269,1753232353,KXMLBGAME-25JUL22LAANYM-NYM,83,17,333,yes
1753232354949,1753232354,KXMLBGAME-25JUL22LAANYM-LAA,20,80,47,yes
1753232356030,1753232355,KXMLBGAME-25JUL22LAANYM-LAA,21,79,500,yes
1753232356031,1753232355,KXMLBGAME-25JUL22LAANYM-NYM,78,22,300,no
1753232356031,1753232355,KXMLBGAME-25JUL22LAANYM-NYM,78,22,200,no
1753232356972,1753232356,KXMLBGAME-25JUL22KCCHC-CHC,85,15,258,no
1753232359051,1753232359,KXMLBGAME-25JUL22MILSEA-MIL,46,54,54,yes
1753232361171,1753232361,KXMLBGAME-25JUL22DETPIT-PIT,99,1,10,yes
1753232361971,1753232361,KXMLBGAME-25JUL22NYYTOR-NYY,61,39,79,yes
1753232363030,1753232362,KXMLBGAME-25JUL22HOUARI-HOU,53,47,93,yes
1753232364891,1753232364,KXMLBGAME-25JUL22NYYTOR-NYY,58,42,18,no
1753232365688,1753232365,KXMLBGAME-25JUL22CWSTB-CWS,17,83,27,yes
1753232369210,1753232369,KXMLBGAME-25JUL22DETPIT-PIT,99,1,10,no
1753232369210,1753232369,KXMLBGAME-25JUL22DETPIT-PIT,98,2,31,no
1753232374733,1753232374,KXMLBGAME-25JUL22LAANYM-NYM,78,22,1,yes
1753232375451,1753232375,KXMLBGAME-25JUL22NYYTOR-TOR,38,62,2,yes
1753232376730,1753232376,KXMLBGAME-25JUL22CWSTB-CWS,17,83,27,yes
1753232377631,1753232377,KXMLBGAME-25JUL22SDMIA-SD,3,97,31,yes
1753232378809,1753232378,KXMLBGAME-25JUL22CWSTB-CWS,17,83,11,yes
1753232379128,1753232379,KXMLBGAME-25JUL22KCCHC-CHC,87,13,25,yes
1753232380531,1753232380,KXMLBGAME-25JUL22NYYTOR-TOR,38,62,23,yes
1753232380829,1753232380,KXMLBGAME-25JUL22ATHTEX-TEX,61,39,87,no
1753232380908,1753232380,KXMLBGAME-25JUL22ATHTEX-ATH,39,61,87,yes
1753232383029,1753232382,KXMLBGAME-25JUL22CWSTB-TB,86,14,1,yes
1753232389209,1753232389,KXMLBGAME-25JUL22NYYTOR-NYY,57,43,5,no
1753232389350,1753232389,KXMLBGAME-25JUL22NYYTOR-NYY,57,43,8,yes
1753232389771,1753232389,KXMLBGAME-25JUL22STLCOL-STL,47,53,101,yes
1753232390769,1753232390,KXMLBGAME-25JUL22STLCOL-STL,46,54,50,no
1753232391229,1753232391,KXMLBGAME-25JUL22KCCHC-CHC,87,13,1,yes
1753232394369,1753232394,KXMLBGAME-25JUL22NYYTOR-TOR,50,50,4,yes
1753232396011,1753232395,KXMLBGAME-25JUL22STLCOL-STL,45,55,5,no
1753232396389,1753232396,KXMLBGAME-25JUL22SDMIA-MIA,97,3,1,no
1753232399089,1753232399,KXMLBGAME-25JUL22LAANYM-LAA,28,72,46,yes
1753232406430,1753232406,KXMLBGAME-25JUL22SDMIA-SD,3,97,6,yes
1753232411609,1753232411,KXMLBGAME-25JUL22LAANYM-LAA,25,75,8,yes
1753232416805,1753232416,KXMLBGAME-25JUL22NYYTOR-NYY,42,58,6,yes
1753232417832,1753232417,KXMLBGAME-25JUL22BALCLE-CLE,92,8,40,no
1753232418349,1753232418,KXMLBGAME-25JUL22SDMIA-SD,2,98,59,no
1753232419210,1753232419,KXMLBGAME-25JUL22ATHTEX-TEX,61,39,71,yes
1753232420850,1753232420,KXMLBGAME-25JUL22NYYTOR-NYY,42,58,11,yes
1753232421629,1753232421,KXMLBGAME-25JUL22STLCOL-COL,55,45,2,yes
1753232422649,1753232422,KXMLBGAME-25JUL22BOSPHI-BOS,5,95,2,yes
1753232422871,1753232422,KXMLBGAME-25JUL22NYYTOR-NYY,42,58,114,yes
1753232424530,1753232424,KXMLBGAME-25JUL22SDMIA-SD,2,98,56,no
1753232424951,1753232424,KXMLBGAME-25JUL22NYYTOR-NYY,42,58,11,yes
1753232425770,1753232425,KXMLBGAME-25JUL22NYYTOR-NYY,42,58,13,yes
1753232431030,1753232430,KXMLBGAME-25JUL22STLCOL-STL,46,54,52,yes
1753232431371,1753232431,KXMLBGAME-25JUL22NYYTOR-NYY,42,58,11,yes
1753232432172,1753232432,KXMLBGAME-25JUL22BOSPHI-PHI,97,3,65,yes
1753232432270,1753232432,KXMLBGAME-25JUL22BALCLE-BAL,9,91,10,yes
1753232432431,1753232432,KXMLBGAME-25JUL22NYYTOR-TOR,58,42,20,no
1753232433111,1753232433,KXMLBGAME-25JUL22KCCHC-CHC,84,16,7,no
1753232434451,1753232434,KXMLBGAME-25JUL22SDMIA-SD,3,97,6,yes
1753232435829,1753232435,KXMLBGAME-25JUL22BOSPHI-BOS,5,95,14,yes
1753232440810,1753232440,KXMLBGAME-25JUL22SDMIA-MIA,97,3,51,no
1753232443509,1753232443,KXMLBGAME-25JUL22NYYTOR-NYY,42,58,20,yes
1753232444132,1753232444,KXMLBGAME-25JUL22SDMIA-SD,2,98,27,no
1753232444309,1753232444,KXMLBGAME-25JUL22LAANYM-LAA,24,76,5,yes
1753232446929,1753232446,KXMLBGAME-25JUL22BALCLE-CLE,91,9,27,no
1753232448009,1753232447,KXMLBGAME-25JUL22SDMIA-SD,4,96,46,yes
1753232450008,1753232449,KXMLBGAME-25JUL22NYYTOR-NYY,41,59,8,no
1753232451750,1753232451,KXMLBGAME-25JUL22NYYTOR-NYY,42,58,5,yes
1753232451810,1753232451,KXMLBGAME-25JUL22NYYTOR-NYY,42,58,91,yes
1753232453211,1753232453,KXMLBGAME-25JUL22DETPIT-PIT,98,2,130,no
1753232453811,1753232453,KXMLBGAME-25JUL22BOSPHI-BOS,3,97,87,yes
1753232453811,1753232453,KXMLBGAME-25JUL22BOSPHI-BOS,4,96,164,yes
1753232454171,1753232454,KXMLBGAME-25JUL22STLCOL-STL,46,54,2,yes
1753232456891,1753232456,KXMLBGAME-25JUL22NYYTOR-NYY,42,58,6,yes
1753232457374,1753232457,KXMLBGAME-25JUL22NYYTOR-NYY,42,58,5,yes
1753232459715,1753232459,KXMLBGAME-25JUL22SDMIA-MIA,98,2,20,yes
1753232460810,1753232460,KXMLBGAME-25JUL22CWSTB-CWS,17,83,5,yes
1753232462173,1753232462,KXMLBGAME-25JUL22STLCOL-STL,46,54,115,yes
1753232464849,1753232464,KXMLBGAME-25JUL22SFATL-ATL,3,97,6,no
1753232465151,1753232465,KXMLBGAME-25JUL22SDMIA-SD,2,98,22,no
1753232465530,1753232465,KXMLBGAME-25JUL22NYYTOR-NYY,41,59,79,no
1753232465530,1753232465,KXMLBGAME-25JUL22NYYTOR-NYY,41,59,8,no
1753232465530,1753232465,KXMLBGAME-25JUL22NYYTOR-NYY,40,60,49,no
1753232465929,1753232465,KXMLBGAME-25JUL22DETPIT-DET,1,99,11,no
1753232467329,1753232467,KXMLBGAME-25JUL22SFATL-SF,97,3,300,yes
1753232467329,1753232467,KXMLBGAME-25JUL22SFATL-SF,98,2,32,yes
1753232467329,1753232467,KXMLBGAME-25JUL22SFATL-SF,98,2,22,yes
1753232467329,1753232467,KXMLBGAME-25JUL22SFATL-SF,98,2,156,yes
1753232467549,1753232467,KXMLBGAME-25JUL22LAANYM-NYM,77,23,63,yes
1753232467828,1753232467,KXMLBGAME-25JUL22ATHTEX-TEX,62,38,59,yes
1753232467828,1753232467,KXMLBGAME-25JUL22ATHTEX-TEX,62,38,98,yes
1753232469071,1753232469,KXMLBGAME-25JUL22NYYTOR-NYY,42,58,14,no
1753232469449,1753232469,KXMLBGAME-25JUL22BALCLE-CLE,94,6,52,yes
1753232470430,1753232470,KXMLBGAME-25JUL22NYYTOR-NYY,42,58,23,no
1753232470668,1753232470,KXMLBGAME-25JUL22STLCOL-COL,55,45,695,yes
1753232472633,1753232472,KXMLBGAME-25JUL22LAANYM-LAA,22,78,8,no
1753232474670,1753232474,KXMLBGAME-25JUL22STLCOL-STL,43,57,10,no
1753232475149,1753232475,KXMLBGAME-25JUL22BALCLE-CLE,92,8,7,no
1753232477052,1753232477,KXMLBGAME-25JUL22NYYTOR-NYY,43,57,55,yes
1753232481270,1753232481,KXMLBGAME-25JUL22NYYTOR-TOR,59,41,6,yes
1753232481870,1753232481,KXMLBGAME-25JUL22SDMIA-MIA,97,3,32,no
1753232482629,1753232482,KXMLBGAME-25JUL22SDMIA-SD,4,96,1,yes
1753232483130,1753232483,KXMLBGAME-25JUL22KCCHC-KC,15,85,125,yes
1753232483369,1753232483,KXMLBGAME-25JUL22ATHTEX-TEX,59,41,46,no
1753232485154,1753232485,KXMLBGAME-25JUL22SDMIA-MIA,97,3,68,no
1753232485154,1753232485,KXMLBGAME-25JUL22SDMIA-MIA,97,3,117,no
1753232487628,1753232487,KXMLBGAME-25JUL22BALCLE-CLE,92,8,91,no
1753232489250,1753232489,KXMLBGAME-25JUL22CWSTB-CWS,18,82,15,yes
1753232489811,1753232489,KXMLBGAME-25JUL22KCCHC-CHC,85,15,1,no
1753232490290,1753232490,KXMLBGAME-25JUL22NYYTOR-NYY,43,57,6,yes
1753232492810,1753232492,KXMLBGAME-25JUL22BALCLE-CLE,94,6,1,yes
1753232493133,1753232493,KXMLBGAME-25JUL22BALCLE-BAL,8,92,58,yes
1753232493134,1753232493,KXMLBGAME-25JUL22LAANYM-LAA,23,77,20,yes
1753232493613,1753232493,KXMLBGAME-25JUL22NYYTOR-NYY,43,57,5,no
1753232495138,1753232495,KXMLBGAME-25JUL22NYYTOR-NYY,43,57,21,yes
1753232496112,1753232496,KXMLBGAME-25JUL22STLCOL-COL,59,41,500,yes
1753232496112,1753232496,KXMLBGAME-25JUL22STLCOL-COL,59,41,500,yes
1753232498232,1753232498,KXMLBGAME-25JUL22LAANYM-LAA,22,78,49,no
1753232499031,1753232498,KXMLBGAME-25JUL22SDMIA-SD,2,98,136,no
1753232499031,1753232498,KXMLBGAME-25JUL22SDMIA-SD,1,99,479,no
1753232499509,1753232499,KXMLBGAME-25JUL22DETPIT-PIT,99,1,20,yes
1753232500628,1753232500,KXMLBGAME-25JUL22NYYTOR-NYY,43,57,1,yes
1753232501485,1753232501,KXMLBGAME-25JUL22NYYTOR-TOR,58,42,20,yes
1753232503145,1753232502,KXMLBGAME-25JUL22HOUARI-HOU,53,47,18,yes
1753232503931,1753232503,KXMLBGAME-25JUL22SFATL-SF,97,3,102,yes
1753232508732,1753232508,KXMLBGAME-25JUL22BOSPHI-BOS,2,98,300,no
1753232508732,1753232508,KXMLBGAME-25JUL22BOSPHI-BOS,1,99,453,no
1753232509530,1753232509,KXMLBGAME-25JUL22LAANYM-LAA,22,78,16,no
1753232513212,1753232513,KXMLBGAME-25JUL22NYYTOR-TOR,58,42,5,no
1753232518450,1753232518,KXMLBGAME-25JUL22NYYTOR-NYY,41,59,87,no
1753232518450,1753232518,KXMLBGAME-25JUL22NYYTOR-NYY,40,60,114,no
1753232522114,1753232522,KXMLBGAME-25JUL22SDMIA-SD,1,99,31,no
1753232522490,1753232522,KXMLBGAME-25JUL22CWSTB-CWS,18,82,10,yes
1753232525011,1753232524,KXMLBGAME-25JUL22CWSTB-CWS,18,82,26,yes
1753232525809,1753232525,KXMLBGAME-25JUL22CWSTB-CWS,18,82,2,yes
1753232526191,1753232526,KXMLBGAME-25JUL22SDMIA-MIA,98,2,280,yes
1753232526191,1753232526,KXMLBGAME-25JUL22SDMIA-MIA,98,2,100,yes
1753232527312,1753232527,KXMLBGAME-25JUL22DETPIT-PIT,98,2,17,no
1753232532949,1753232532,KXMLBGAME-25JUL22BALCLE-BAL,6,94,2,no
1753232532949,1753232532,KXMLBGAME-25JUL22BALCLE-BAL,6,94,32,no
1753232535530,1753232535,KXMLBGAME-25JUL22DETPIT-PIT,99,1,100,yes
1753232536189,1753232536,KXMLBGAME-25JUL22NYYTOR-TOR,59,41,9,yes
1753232536611,1753232536,KXMLBGAME-25JUL22NYYTOR-NYY,43,57,300,yes
1753232536611,1753232536,KXMLBGAME-25JUL22NYYTOR-NYY,43,57,259,yes
1753232536931,1753232536,KXMLBGAME-25JUL22CWSTB-CWS,19,81,29,yes
1753232545489,1753232545,KXMLBGAME-25JUL22BOSPHI-BOS,1,99,139,no
1753232547851,1753232547,KXMLBGAME-25JUL22SDMIA-MIA,99,1,20,yes
1753232551810,1753232551,KXMLBGAME-25JUL22MINLAD-LAD,65,35,9,yes
1753232554108,1753232554,KXMLBGAME-25JUL22KCCHC-KC,16,84,58,yes
1753232555431,1753232555,KXMLBGAME-25JUL22NYYTOR-NYY,41,59,234,yes
1753232559430,1753232559,KXMLBGAME-25JUL22LAANYM-LAA,22,78,4,yes
1753232560990,1753232560,KXMLBGAME-25JUL22HOUARI-HOU,53,47,36,yes
1753232563751,1753232563,KXMLBGAME-25JUL22SDMIA-MIA,99,1,100,yes
1753232564449,1753232564,KXMLBGAME-25JUL22NYYTOR-NYY,42,58,500,yes
1753232564571,1753232564,KXMLBGAME-25JUL22NYYTOR-TOR,58,42,4,no
1753232564571,1753232564,KXMLBGAME-25JUL22NYYTOR-TOR,58,42,53,no
1753232564610,1753232564,KXMLBGAME-25JUL22BALCLE-BAL,10,90,28,yes
1753232564950,1753232564,KXMLBGAME-25JUL22NYYTOR-TOR,58,42,3947,no
1753232564950,1753232564,KXMLBGAME-25JUL22NYYTOR-TOR,58,42,1053,no
1753232570430,1753232570,KXMLBGAME-25JUL22NYYTOR-TOR,54,46,30,no
1753232570430,1753232570,KXMLBGAME-25JUL22NYYTOR-TOR,54,46,300,no
1753232571829,1753232571,KXMLBGAME-25JUL22BALCLE-BAL,7,93,67,yes
1753232577329,1753232577,KXMLBGAME-25JUL22LAANYM-NYM,78,22,27,yes
1753232577452,1753232577,KXMLBGAME-25JUL22CWSTB-CWS,17,83,10,no
1753232577751,1753232577,KXMLBGAME-25JUL22ATHTEX-ATH,38,62,197,no
1753232583990,1753232583,KXMLBGAME-25JUL22NYYTOR-NYY,46,54,11,no
1753232586634,1753232586,KXMLBGAME-25JUL22CWSTB-CWS,20,80,10,yes
1753232590133,1753232590,KXMLBGAME-25JUL22STLCOL-STL,47,53,2,yes
1753232590231,1753232590,KXMLBGAME-25JUL22LAANYM-LAA,22,78,21,yes
1753232590231,1753232590,KXMLBGAME-25JUL22LAANYM-LAA,22,78,17,yes
1753232592638,1753232592,KXMLBGAME-25JUL22DETPIT-DET,2,98,11,yes
1753232592710,1753232592,KXMLBGAME-25JUL22BALCLE-BAL,6,94,234,yes
1753232594209,1753232594,KXMLBGAME-25JUL22SFATL-SF,96,4,10,yes
1753232600631,1753232600,KXMLBGAME-25JUL22NYYTOR-TOR,52,48,300,no
1753232602108,1753232602,KXMLBGAME-25JUL22ATHTEX-TEX,62,38,15,yes
1753232602350,1753232602,KXMLBGAME-25JUL22BALCLE-BAL,10,90,18,yes
1753232607770,1753232607,KXMLBGAME-25JUL22NYYTOR-NYY,48,52,10,no
1753232608512,1753232608,KXMLBGAME-25JUL22NYYTOR-NYY,49,51,50,yes
1753232609172,1753232609,KXMLBGAME-25JUL22NYYTOR-NYY,49,51,1,yes
1753232611133,1753232610,KXMLBGAME-25JUL22NYYTOR-NYY,48,52,26,no
1753232614847,1753232614,KXMLBGAME-25JUL22ATHTEX-ATH,40,60,95,yes
1753232620211,1753232620,KXMLBGAME-25JUL22MINLAD-MIN,36,64,4,yes
1753232623551,1753232623,KXMLBGAME-25JUL22ATHTEX-ATH,40,60,2,yes
1753232624431,1753232624,KXMLBGAME-25JUL22BALCLE-BAL,5,95,13,no
1753232624675,1753232624,KXMLBGAME-25JUL22BALCLE-BAL,5,95,17,no
1753232625647,1753232625,KXMLBGAME-25JUL22NYYTOR-TOR,52,48,9,yes
1753232629471,1753232629,KXMLBGAME-25JUL22KCCHC-KC,15,85,6,yes
1753232629471,1753232629,KXMLBGAME-25JUL22NYYTOR-NYY,49,51,1,yes
1753232630690,1753232630,KXMLBGAME-25JUL22DETPIT-PIT,98,2,117,no
1753232630829,1753232630,KXMLBGAME-25JUL22DETPIT-PIT,98,2,194,no
1753232633150,1753232633,KXMLBGAME-25JUL22STLCOL-STL,47,53,20,yes
1753232633792,1753232633,KXMLBGAME-25JUL22BOSPHI-BOS,2,98,87,yes
1753232633792,1753232633,KXMLBGAME-25JUL22BOSPHI-BOS,3,97,300,yes
1753232633792,1753232633,KXMLBGAME-25JUL22BOSPHI-BOS,4,96,55,yes
1753232633792,1753232633,KXMLBGAME-25JUL22BOSPHI-BOS,4,96,97,yes
1753232633811,1753232633,KXMLBGAME-25JUL22ATHTEX-ATH,40,60,1199,yes
1753232635189,1753232635,KXMLBGAME-25JUL22LAANYM-LAA,22,78,560,yes
1753232635713,1753232635,KXMLBGAME-25JUL22MILSEA-MIL,46,54,513,yes
1753232636149,1753232636,KXMLBGAME-25JUL22NYYTOR-NYY,48,52,8,no
1753232636750,1753232636,KXMLBGAME-25JUL22NYYTOR-NYY,47,53,8,yes
1753232637232,1753232637,KXMLBGAME-25JUL22NYYTOR-NYY,47,53,292,yes
1753232637232,1753232637,KXMLBGAME-25JUL22NYYTOR-NYY,48,52,69,yes
1753232643570,1753232643,KXMLBGAME-25JUL22SDMIA-SD,3,97,1,no
1753232645710,1753232645,KXMLBGAME-25JUL22ATHTEX-ATH,40,60,239,yes
1753232646190,1753232646,KXMLBGAME-25JUL22DETPIT-PIT,99,1,86,yes
1753232648809,1753232648,KXMLBGAME-25JUL22SDMIA-SD,4,96,8,yes
1753232653551,1753232653,KXMLBGAME-25JUL22SDMIA-SD,4,96,231,yes
1753232654092,1753232654,KXMLBGAME-25JUL22STLCOL-STL,43,57,22,yes
1753232654790,1753232654,KXMLBGAME-25JUL22DETPIT-DET,2,98,46,yes
1753232656071,1753232656,KXMLBGAME-25JUL22STLCOL-STL,42,58,2,yes
1753232656730,1753232656,KXMLBGAME-25JUL22DETPIT-DET,2,98,19,yes
1753232658370,1753232658,KXMLBGAME-25JUL22NYYTOR-NYY,49,51,10,yes
1753232668472,1753232668,KXMLBGAME-25JUL22KCCHC-KC,14,86,60,yes
1753232668790,1753232668,KXMLBGAME-25JUL22SDMIA-SD,4,96,73,no
1753232668790,1753232668,KXMLBGAME-25JUL22SDMIA-SD,4,96,60,no
1753232670570,1753232670,KXMLBGAME-25JUL22CWSTB-TB,82,18,1,yes
1753232673892,1753232673,KXMLBGAME-25JUL22KCCHC-KC,14,86,27,yes
1753232673892,1753232673,KXMLBGAME-25JUL22KCCHC-KC,14,86,52,yes
1753232673892,1753232673,KXMLBGAME-25JUL22KCCHC-KC,15,85,52,yes
1753232677530,1753232677,KXMLBGAME-25JUL22CWSTB-TB,80,20,5,no
1753232677530,1753232677,KXMLBGAME-25JUL22CWSTB-TB,80,20,95,no
1753232680531,1753232680,KXMLBGAME-25JUL22SDMIA-SD,7,93,4,yes
1753232680531,1753232680,KXMLBGAME-25JUL22SDMIA-SD,7,93,6,yes
1753232681351,1753232681,KXMLBGAME-25JUL22NYYTOR-TOR,55,45,88,yes
1753232685810,1753232685,KXMLBGAME-25JUL22KCCHC-KC,15,85,188,yes
1753232685871,1753232685,KXMLBGAME-25JUL22BOSPHI-BOS,3,97,12,yes
1753232688111,1753232687,KXMLBGAME-25JUL22NYYTOR-NYY,48,52,10,yes
1753232691311,1753232691,KXMLBGAME-25JUL22SDMIA-MIA,96,4,300,yes
1753232691311,1753232691,KXMLBGAME-25JUL22SDMIA-MIA,96,4,55,yes
1753232691311,1753232691,KXMLBGAME-25JUL22SDMIA-MIA,97,3,600,yes
1753232691311,1753232691,KXMLBGAME-25JUL22SDMIA-MIA,97,3,200,yes
1753232691311,1753232691,KXMLBGAME-25JUL22SDMIA-MIA,97,3,300,yes
1753232691311,1753232691,KXMLBGAME-25JUL22SDMIA-MIA,97,3,2000,yes
1753232691311,1753232691,KXMLBGAME-25JUL22SDMIA-MIA,97,3,600,yes
1753232691312,1753232691,KXMLBGAME-25JUL22SDMIA-MIA,98,2,62,yes
1753232691667,1753232691,KXMLBGAME-25JUL22ATHTEX-ATH,41,59,11,yes
1753232695436,1753232695,KXMLBGAME-25JUL22STLCOL-STL,43,57,11,yes
1753232697231,1753232696,KXMLBGAME-25JUL22LAANYM-LAA,23,77,300,yes
1753232697231,1753232696,KXMLBGAME-25JUL22LAANYM-LAA,24,76,83,yes
1753232698910,1753232698,KXMLBGAME-25JUL22NYYTOR-NYY,48,52,26,yes
1753232699071,1753232698,KXMLBGAME-25JUL22LAANYM-NYM,75,25,500,no
1753232699410,1753232699,KXMLBGAME-25JUL22BALCLE-BAL,5,95,187,yes
1753232699530,1753232699,KXMLBGAME-25JUL22HOUARI-HOU,53,47,50,yes
1753232706053,1753232706,KXMLBGAME-25JUL22MILSEA-MIL,46,54,10,yes
1753232708992,1753232708,KXMLBGAME-25JUL22MINLAD-LAD,65,35,1,yes
1753232711930,1753232711,KXMLBGAME-25JUL22BALCLE-CLE,97,3,87,yes
1753232711930,1753232711,KXMLBGAME-25JUL22BALCLE-CLE,97,3,15,yes
1753232712970,1753232712,KXMLBGAME-25JUL22NYYTOR-TOR,53,47,1941,yes
1753232713050,1753232712,KXMLBGAME-25JUL22NYYTOR-TOR,53,47,1851,yes
1753232713130,1753232713,KXMLBGAME-25JUL22NYYTOR-NYY,47,53,1941,no
1753232713190,1753232713,KXMLBGAME-25JUL22NYYTOR-NYY,47,53,1851,no
1753232713570,1753232713,KXMLBGAME-25JUL22NYYTOR-NYY,48,52,30,yes
1753232715630,1753232715,KXMLBGAME-25JUL22NYYTOR-NYY,46,54,139,no
1753232715630,1753232715,KXMLBGAME-25JUL22NYYTOR-NYY,45,55,300,no
1753232715903,1753232715,KXMLBGAME-25JUL22SDMIA-MIA,94,6,4,no
1753232715903,1753232715,KXMLBGAME-25JUL22SDMIA-MIA,94,6,200,no
1753232715991,1753232715,KXMLBGAME-25JUL22SDMIA-SD,7,93,300,yes
1753232716231,1753232716,KXMLBGAME-25JUL22SDMIA-MIA,92,8,1,no
1753232716231,1753232716,KXMLBGAME-25JUL22SDMIA-SD,8,92,600,yes
1753232717970,1753232717,KXMLBGAME-25JUL22DETPIT-DET,2,98,46,yes
1753232719051,1753232719,KXMLBGAME-25JUL22NYYTOR-NYY,44,56,6,no
1753232719709,1753232719,KXMLBGAME-25JUL22NYYTOR-TOR,56,44,8,yes
1753232720110,1753232720,KXMLBGAME-25JUL22BOSPHI-PHI,98,2,20,yes
1753232720291,1753232720,KXMLBGAME-25JUL22SDMIA-SD,13,87,300,yes
1753232720849,1753232720,KXMLBGAME-25JUL22STLCOL-STL,42,58,159,no
1753232722271,1753232722,KXMLBGAME-25JUL22BALCLE-BAL,5,95,37,yes
1753232725449,1753232725,KXMLBGAME-25JUL22BALCLE-BAL,3,97,275,no
1753232725450,1753232725,KXMLBGAME-25JUL22BALCLE-BAL,3,97,87,no
1753232725450,1753232725,KXMLBGAME-25JUL22BALCLE-BAL,3,97,371,no
1753232725651,1753232725,KXMLBGAME-25JUL22NYYTOR-TOR,56,44,25,yes
1753232726089,1753232725,KXMLBGAME-25JUL22NYYTOR-NYY,45,55,2,yes
1753232727331,1753232727,KXMLBGAME-25JUL22SDMIA-SD,14,86,3,yes
1753232727510,1753232727,KXMLBGAME-25JUL22SDMIA-SD,14,86,84,yes
1753232727510,1753232727,KXMLBGAME-25JUL22SDMIA-SD,14,86,3,yes
1753232727731,1753232727,KXMLBGAME-25JUL22NYYTOR-TOR,56,44,4,yes
1753232730032,1753232729,KXMLBGAME-25JUL22DETPIT-DET,2,98,46,yes
1753232731952,1753232731,KXMLBGAME-25JUL22ATHTEX-ATH,48,52,2,yes
1753232733511,1753232733,KXMLBGAME-25JUL22KCCHC-CHC,85,15,14,no
1753232734351,1753232734,KXMLBGAME-25JUL22CWSTB-CWS,20,80,94,yes
1753232735853,1753232735,KXMLBGAME-25JUL22SDMIA-SD,12,88,130,no
1753232738890,1753232738,KXMLBGAME-25JUL22BALCLE-CLE,97,3,50,yes
1753232739911,1753232739,KXMLBGAME-25JUL22BOSPHI-BOS,3,97,62,yes
1753232740190,1753232740,KXMLBGAME-25JUL22SDMIA-MIA,87,13,52,yes
1753232743331,1753232743,KXMLBGAME-25JUL22LAANYM-LAA,25,75,3,yes
1753232745512,1753232745,KXMLBGAME-25JUL22NYYTOR-TOR,57,43,34,yes
1753232746871,1753232746,KXMLBGAME-25JUL22NYYTOR-TOR,57,43,8,yes
1753232749691,1753232749,KXMLBGAME-25JUL22BOSPHI-BOS,3,97,9,yes
1753232749691,1753232749,KXMLBGAME-25JUL22BOSPHI-BOS,3,97,300,yes
1753232749691,1753232749,KXMLBGAME-25JUL22BOSPHI-BOS,3,97,9,yes
1753232749691,1753232749,KXMLBGAME-25JUL22BOSPHI-BOS,3,97,47,yes
1753232749691,1753232749,KXMLBGAME-25JUL22BOSPHI-BOS,4,96,77,yes
1753232750610,1753232750,KXMLBGAME-25JUL22STLCOL-COL,56,44,300,no
1753232750610,1753232750,KXMLBGAME-25JUL22STLCOL-COL,55,45,70,no
1753232750690,1753232750,KXMLBGAME-25JUL22STLCOL-STL,44,56,165,yes
1753232750690,1753232750,KXMLBGAME-25JUL22STLCOL-STL,45,55,220,yes
1753232750690,1753232750,KXMLBGAME-25JUL22STLCOL-STL,45,55,70,yes
1753232753250,1753232753,KXMLBGAME-25JUL22SDMIA-MIA,85,15,300,no
1753232755031,1753232754,KXMLBGAME-25JUL22BALCLE-CLE,95,5,11,no
1753232756592,1753232756,KXMLBGAME-25JUL22SDMIA-MIA,85,15,582,yes
1753232756811,1753232756,KXMLBGAME-25JUL22STLCOL-STL,47,53,205,yes
1753232758710,1753232758,KXMLBGAME-25JUL22SDMIA-MIA,86,14,28,yes
1753232760231,1753232760,KXMLBGAME-25JUL22SDMIA-SD,15,85,61,yes
1753232761150,1753232761,KXMLBGAME-25JUL22MINLAD-LAD,65,35,15,yes
1753232761890,1753232761,KXMLBGAME-25JUL22SDMIA-MIA,86,14,1,yes
1753232764051,1753232764,KXMLBGAME-25JUL22STLCOL-STL,47,53,295,yes
1753232764052,1753232764,KXMLBGAME-25JUL22STLCOL-STL,47,53,115,yes
1753232765751,1753232765,KXMLBGAME-25JUL22HOUARI-HOU,52,48,101,no
1753232766170,1753232766,KXMLBGAME-25JUL22SDMIA-MIA,87,13,5,yes
1753232772689,1753232772,KXMLBGAME-25JUL22NYYTOR-NYY,45,55,21,yes
1753232773773,1753232773,KXMLBGAME-25JUL22SDMIA-SD,14,86,33,yes
1753232775951,1753232775,KXMLBGAME-25JUL22MINLAD-MIN,36,64,26,yes
1753232776690,1753232776,KXMLBGAME-25JUL22SDMIA-MIA,86,14,1,no
1753232777971,1753232777,KXMLBGAME-25JUL22BALCLE-BAL,5,95,1,yes
1753232779010,1753232778,KXMLBGAME-25JUL22KCCHC-KC,15,85,50,yes
1753232782202,1753232782,KXMLBGAME-25JUL22BALCLE-CLE,97,3,5,yes
1753232782891,1753232782,KXMLBGAME-25JUL22MILSEA-MIL,46,54,523,yes
1753232785391,1753232785,KXMLBGAME-25JUL22SDMIA-MIA,86,14,1,yes
1753232785610,1753232785,KXMLBGAME-25JUL22MINLAD-LAD,65,35,22,yes
1753232790252,1753232790,KXMLBGAME-25JUL22DETPIT-PIT,98,2,1,no
1753232790252,1753232790,KXMLBGAME-25JUL22DETPIT-PIT,98,2,1000,no
1753232790252,1753232790,KXMLBGAME-25JUL22DETPIT-PIT,97,3,195,no
1753232791053,1753232791,KXMLBGAME-25JUL22MILSEA-MIL,46,54,4,yes
1753232792069,1753232791,KXMLBGAME-25JUL22NYYTOR-NYY,45,55,21,yes
1753232796711,1753232796,KXMLBGAME-25JUL22NYYTOR-NYY,45,55,1370,yes
1753232800031,1753232799,KXMLBGAME-25JUL22SDMIA-SD,17,83,100,yes
1753232800433,1753232800,KXMLBGAME-25JUL22LAANYM-LAA,26,74,60,yes
1753232802549,1753232802,KXMLBGAME-25JUL22MILSEA-MIL,46,54,10,yes
1753232803211,1753232803,KXMLBGAME-25JUL22BALCLE-BAL,5,95,37,yes
1753232805005,1753232804,KXMLBGAME-25JUL22HOUARI-HOU,53,47,319,yes
1753232808450,1753232808,KXMLBGAME-25JUL22NYYTOR-NYY,45,55,117,yes
1753232810289,1753232810,KXMLBGAME-25JUL22STLCOL-COL,55,45,300,yes
1753232810289,1753232810,KXMLBGAME-25JUL22STLCOL-COL,55,45,140,yes
1753232810850,1753232810,KXMLBGAME-25JUL22SDMIA-MIA,83,17,23,yes
1753232812090,1753232812,KXMLBGAME-25JUL22CWSTB-CWS,20,80,206,yes
1753232812090,1753232812,KXMLBGAME-25JUL22CWSTB-CWS,20,80,44,yes
1753232812090,1753232812,KXMLBGAME-25JUL22CWSTB-CWS,21,79,110,yes
1753232812210,1753232812,KXMLBGAME-25JUL22CWSTB-TB,79,21,33,no
1753232815632,1753232815,KXMLBGAME-25JUL22KCCHC-CHC,87,13,8,yes
1753232817210,1753232817,KXMLBGAME-25JUL22SDMIA-MIA,30,70,1,no
1753232817210,1753232817,KXMLBGAME-25JUL22SDMIA-MIA,27,73,2,no
1753232817273,1753232817,KXMLBGAME-25JUL22MINLAD-LAD,65,35,513,yes
1753232818711,1753232818,KXMLBGAME-25JUL22SDMIA-MIA,83,17,5,yes
1753232818713,1753232818,KXMLBGAME-25JUL22SDMIA-MIA,83,17,73,yes
1753232820232,1753232820,KXMLBGAME-25JUL22ATHTEX-ATH,52,48,1,yes
1753232820670,1753232820,KXMLBGAME-25JUL22BALCLE-BAL,5,95,10,yes
1753232822102,1753232821,KXMLBGAME-25JUL22LAANYM-LAA,25,75,86,no
1753232822770,1753232822,KXMLBGAME-25JUL22BOSPHI-PHI,97,3,5,yes
1753232824370,1753232824,KXMLBGAME-25JUL22NYYTOR-TOR,56,44,17,yes
1753232826231,1753232826,KXMLBGAME-25JUL22NYYTOR-TOR,56,44,69,yes
1753232832171,1753232832,KXMLBGAME-25JUL22SDMIA-MIA,68,32,107,yes
1753232835829,1753232835,KXMLBGAME-25JUL22SDMIA-SD,34,66,11,yes
1753232835930,1753232835,KXMLBGAME-25JUL22SDMIA-SD,31,69,31,no
1753232839823,1753232839,KXMLBGAME-25JUL22BOSPHI-BOS,4,96,10,yes
1753232840411,1753232840,KXMLBGAME-25JUL22SDMIA-SD,34,66,212,yes
1753232841530,1753232841,KXMLBGAME-25JUL22SDMIA-MIA,68,32,29,yes
1753232844032,1753232843,KXMLBGAME-25JUL22SFATL-SF,98,2,5,yes
1753232846489,1753232846,KXMLBGAME-25JUL22NYYTOR-TOR,59,41,16,yes
1753232847331,1753232847,KXMLBGAME-25JUL22NYYTOR-NYY,43,57,56,yes
1753232847331,1753232847,KXMLBGAME-25JUL22NYYTOR-NYY,44,56,2,yes
1753232849170,1753232849,KXMLBGAME-25JUL22ATHTEX-TEX,66,34,47,yes
1753232849170,1753232849,KXMLBGAME-25JUL22ATHTEX-TEX,67,33,245,yes
1753232850931,1753232850,KXMLBGAME-25JUL22NYYTOR-NYY,43,57,11,yes
1753232851612,1753232851,KXMLBGAME-25JUL22LAANYM-LAA,26,74,3,yes
1753232853851,1753232853,KXMLBGAME-25JUL22HOUARI-ARI,48,52,10,yes
1753232855373,1753232855,KXMLBGAME-25JUL22LAANYM-LAA,25,75,1,no
1753232855373,1753232855,KXMLBGAME-25JUL22LAANYM-LAA,25,75,86,no
1753232855373,1753232855,KXMLBGAME-25JUL22LAANYM-LAA,25,75,83,no
1753232856070,1753232856,KXMLBGAME-25JUL22SDMIA-SD,36,64,26,yes
1753232863351,1753232863,KXMLBGAME-25JUL22STLCOL-COL,65,35,52,yes
1753232863351,1753232863,KXMLBGAME-25JUL22STLCOL-COL,65,35,10,yes
1753232863351,1753232863,KXMLBGAME-25JUL22STLCOL-COL,65,35,100,yes
1753232863511,1753232863,KXMLBGAME-25JUL22MILSEA-MIL,46,54,10,yes
1753232868729,1753232868,KXMLBGAME-25JUL22STLCOL-STL,35,65,10,no
1753232868729,1753232868,KXMLBGAME-25JUL22STLCOL-COL,69,31,10,no
1753232869910,1753232869,KXMLBGAME-25JUL22BALCLE-BAL,5,95,9,yes
1753232874843,1753232874,KXMLBGAME-25JUL22CWSTB-CWS,20,80,14,yes
1753232875391,1753232875,KXMLBGAME-25JUL22NYYTOR-NYY,43,57,10,yes
1753232875790,1753232875,KXMLBGAME-25JUL22SDMIA-SD,33,67,20,yes
1753232880291,1753232880,KXMLBGAME-25JUL22STLCOL-STL,29,71,1,yes
1753232880389,1753232880,KXMLBGAME-25JUL22BALCLE-CLE,97,3,2,yes
1753232880391,1753232880,KXMLBGAME-25JUL22STLCOL-STL,29,71,34,yes
1753232880710,1753232880,KXMLBGAME-25JUL22SDMIA-SD,45,55,21,yes
1753232886150,1753232886,KXMLBGAME-25JUL22KCCHC-KC,14,86,42,yes
1753232886490,1753232886,KXMLBGAME-25JUL22KCCHC-CHC,87,13,193,yes
1753232887109,1753232887,KXMLBGAME-25JUL22STLCOL-STL,29,71,1,yes
1753232887210,1753232887,KXMLBGAME-25JUL22STLCOL-STL,29,71,1,yes
1753232895830,1753232895,KXMLBGAME-25JUL22STLCOL-STL,28,72,87,no
1753232895830,1753232895,KXMLBGAME-25JUL22STLCOL-STL,28,72,118,no
1753232897611,1753232897,KXMLBGAME-25JUL22NYYTOR-NYY,42,58,11,yes
1753232898731,1753232898,KXMLBGAME-25JUL22SDMIA-SD,19,81,8,no
1753232903613,1753232903,KXMLBGAME-25JUL22MILSEA-MIL,46,54,125,yes
1753232904131,1753232904,KXMLBGAME-25JUL22SFATL-SF,97,3,87,no
1753232904131,1753232904,KXMLBGAME-25JUL22SFATL-SF,97,3,536,no
1753232911332,1753232911,KXMLBGAME-25JUL22NYYTOR-TOR,60,40,37,yes
1753232911409,1753232911,KXMLBGAME-25JUL22SDMIA-SD,20,80,87,yes
1753232911409,1753232911,KXMLBGAME-25JUL22SDMIA-SD,20,80,149,yes
1753232911529,1753232911,KXMLBGAME-25JUL22STLCOL-STL,30,70,300,yes
1753232911529,1753232911,KXMLBGAME-25JUL22STLCOL-STL,30,70,17,yes
1753232915411,1753232915,KXMLBGAME-25JUL22BALCLE-CLE,95,5,16,no
1753232917510,1753232917,KXMLBGAME-25JUL22CWSTB-CWS,20,80,100,yes
1753232921549,1753232921,KXMLBGAME-25JUL22BOSPHI-BOS,4,96,20,yes
1753232922091,1753232922,KXMLBGAME-25JUL22HOUARI-ARI,48,52,1379,yes
1753232922091,1753232922,KXMLBGAME-25JUL22HOUARI-ARI,48,52,21,yes
1753232923509,1753232923,KXMLBGAME-25JUL22STLCOL-STL,29,71,43,no
1753232924511,1753232924,KXMLBGAME-25JUL22NYYTOR-NYY,41,59,7,yes
1753232924570,1753232924,KXMLBGAME-25JUL22BOSPHI-PHI,96,4,117,no
1753232925071,1753232925,KXMLBGAME-25JUL22SDMIA-SD,18,82,38,no
1753232925190,1753232925,KXMLBGAME-25JUL22NYYTOR-TOR,59,41,29,no
1753232926430,1753232926,KXMLBGAME-25JUL22BOSPHI-PHI,96,4,109,no
1753232928531,1753232928,KXMLBGAME-25JUL22STLCOL-STL,30,70,5,yes
1753232928834,1753232928,KXMLBGAME-25JUL22STLCOL-STL,30,70,295,yes
1753232928834,1753232928,KXMLBGAME-25JUL22STLCOL-STL,31,69,50,yes
1753232928834,1753232928,KXMLBGAME-25JUL22STLCOL-STL,32,68,271,yes
1753232931510,1753232931,KXMLBGAME-25JUL22STLCOL-COL,71,29,5,yes
1753232931751,1753232931,KXMLBGAME-25JUL22NYYTOR-TOR,60,40,9,yes
1753232931751,1753232931,KXMLBGAME-25JUL22NYYTOR-TOR,60,40,801,yes
1753232932430,1753232932,KXMLBGAME-25JUL22LAANYM-NYM,75,25,393,yes
1753232932792,1753232932,KXMLBGAME-25JUL22MINLAD-LAD,65,35,37,yes
1753232934050,1753232934,KXMLBGAME-25JUL22STLCOL-STL,31,69,8,yes
1753232934770,1753232934,KXMLBGAME-25JUL22MILSEA-MIL,45,55,33,no
1753232935710,1753232935,KXMLBGAME-25JUL22NYYTOR-TOR,60,40,214,yes
1753232937172,1753232937,KXMLBGAME-25JUL22BALCLE-BAL,5,95,19,yes
1753232937172,1753232937,KXMLBGAME-25JUL22BALCLE-BAL,6,94,7,yes
1753232937389,1753232937,KXMLBGAME-25JUL22NYYTOR-NYY,41,59,22,yes
1753232938072,1753232938,KXMLBGAME-25JUL22SDMIA-SD,19,81,109,yes
1753232938190,1753232938,KXMLBGAME-25JUL22BALCLE-BAL,5,95,18,yes
1753232942410,1753232942,KXMLBGAME-25JUL22HOUARI-ARI,49,51,269,yes
1753232943851,1753232943,KXMLBGAME-25JUL22CWSTB-CWS,19,81,150,no
1753232945311,1753232945,KXMLBGAME-25JUL22CWSTB-TB,87,13,87,yes
1753232945411,1753232945,KXMLBGAME-25JUL22SDMIA-SD,18,82,262,no
1753232945411,1753232945,KXMLBGAME-25JUL22SDMIA-SD,17,83,84,no
1753232945411,1753232945,KXMLBGAME-25JUL22SDMIA-SD,17,83,654,no
1753232945650,1753232945,KXMLBGAME-25JUL22CWSTB-TB,88,12,300,yes
1753232946691,1753232946,KXMLBGAME-25JUL22LAANYM-LAA,24,76,37,no
1753232946930,1753232946,KXMLBGAME-25JUL22LAANYM-LAA,25,75,149,yes
1753232947411,1753232947,KXMLBGAME-25JUL22SDMIA-SD,19,81,4,yes
1753232950930,1753232950,KXMLBGAME-25JUL22SDMIA-MIA,84,16,6,yes
1753232953391,1753232953,KXMLBGAME-25JUL22MILSEA-MIL,46,54,10,yes
1753232958391,1753232958,KXMLBGAME-25JUL22NYYTOR-NYY,38,62,8,no
1753232958671,1753232958,KXMLBGAME-25JUL22STLCOL-STL,31,69,1,yes
1753232959131,1753232959,KXMLBGAME-25JUL22BALCLE-CLE,96,4,20,yes
1753232966149,1753232966,KXMLBGAME-25JUL22STLCOL-STL,23,77,70,no
1753232969432,1753232969,KXMLBGAME-25JUL22SDMIA-SD,15,85,5,yes
1753232969471,1753232969,KXMLBGAME-25JUL22BALCLE-BAL,5,95,28,yes
1753232971070,1753232971,KXMLBGAME-25JUL22LAANYM-NYM,74,26,22,no
1753232971351,1753232971,KXMLBGAME-25JUL22SDMIA-SD,14,86,13,yes
1753232973031,1753232972,KXMLBGAME-25JUL22ATHTEX-TEX,61,39,87,no
1753232973031,1753232972,KXMLBGAME-25JUL22ATHTEX-TEX,60,40,58,no
1753232973851,1753232973,KXMLBGAME-25JUL22SDMIA-SD,10,90,300,yes
1753232974751,1753232974,KXMLBGAME-25JUL22STLCOL-STL,32,68,31,no
1753232975152,1753232975,KXMLBGAME-25JUL22NYYTOR-NYY,41,59,161,yes
1753232978370,1753232978,KXMLBGAME-25JUL22STLCOL-STL,34,66,5,yes
1753232979050,1753232978,KXMLBGAME-25JUL22ATHTEX-TEX,62,38,2734,yes
1753232979891,1753232979,KXMLBGAME-25JUL22CWSTB-CWS,11,89,85,yes
1753232980350,1753232980,KXMLBGAME-25JUL22NYYTOR-TOR,59,41,18,no
1753232980451,1753232980,KXMLBGAME-25JUL22STLCOL-STL,32,68,176,no
1753232980749,1753232980,KXMLBGAME-25JUL22LAANYM-LAA,26,74,123,yes
1753232980749,1753232980,KXMLBGAME-25JUL22LAANYM-LAA,26,74,499,yes
1753232980749,1753232980,KXMLBGAME-25JUL22STLCOL-STL,34,66,56,yes
1753232980829,1753232980,KXMLBGAME-25JUL22ATHTEX-ATH,39,61,60,no
1753232981711,1753232981,KXMLBGAME-25JUL22NYYTOR-NYY,41,59,7,yes
1753232983029,1753232982,KXMLBGAME-25JUL22BALCLE-BAL,4,96,89,no
1753232984311,1753232984,KXMLBGAME-25JUL22SDMIA-SD,9,91,20,yes
1753232985210,1753232985,KXMLBGAME-25JUL22DETPIT-PIT,99,1,13,no
1753232985390,1753232985,KXMLBGAME-25JUL22NYYTOR-TOR,60,40,162,yes
1753232987530,1753232987,KXMLBGAME-25JUL22SDMIA-SD,10,90,92,yes
1753232989231,1753232989,KXMLBGAME-25JUL22SDMIA-MIA,92,8,500,yes
1753232989231,1753232989,KXMLBGAME-25JUL22SDMIA-MIA,92,8,580,yes
1753232992565,1753232992,KXMLBGAME-25JUL22MILSEA-MIL,46,54,4,yes
1753232993437,1753232993,KXMLBGAME-25JUL22SDMIA-SD,10,90,94,yes
1753232993437,1753232993,KXMLBGAME-25JUL22LAANYM-NYM,73,27,500,yes
1753232996229,1753232995,KXMLBGAME-25JUL22LAANYM-LAA,25,75,100,no
1753232996530,1753232996,KXMLBGAME-25JUL22LAANYM-NYM,76,24,68,yes
1753232997052,1753232996,KXMLBGAME-25JUL22LAANYM-NYM,77,23,500,yes
1753232997052,1753232996,KXMLBGAME-25JUL22LAANYM-NYM,77,23,300,yes
1753232997610,1753232997,KXMLBGAME-25JUL22BOSPHI-PHI,97,3,72,yes
1753232997810,1753232997,KXMLBGAME-25JUL22SFATL-SF,97,3,308,no
1753232998410,1753232998,KXMLBGAME-25JUL22SDMIA-SD,10,90,18,yes
1753233000633,1753233000,KXMLBGAME-25JUL22BALCLE-CLE,95,5,273,no
1753233000633,1753233000,KXMLBGAME-25JUL22BALCLE-CLE,94,6,87,no
1753233000750,1753233000,KXMLBGAME-25JUL22BALCLE-BAL,6,94,87,yes
1753233000750,1753233000,KXMLBGAME-25JUL22BALCLE-BAL,6,94,55,yes
1753233002075,1753233002,KXMLBGAME-25JUL22LAANYM-LAA,23,77,33,yes
1753233003688,1753233003,KXMLBGAME-25JUL22KCCHC-CHC,88,12,28,yes
1753233003688,1753233003,KXMLBGAME-25JUL22BALCLE-BAL,8,92,55,yes
1753233005591,1753233005,KXMLBGAME-25JUL22SDMIA-MIA,91,9,100,yes
1753233009470,1753233009,KXMLBGAME-25JUL22SDMIA-MIA,91,9,10,yes
1753233010692,1753233010,KXMLBGAME-25JUL22SDMIA-SD,10,90,5,yes
1753233014050,1753233014,KXMLBGAME-25JUL22NYYTOR-NYY,40,60,23,yes
1753233018831,1753233018,KXMLBGAME-25JUL22SFATL-ATL,3,97,10,yes
1753233019836,1753233019,KXMLBGAME-25JUL22NYYTOR-NYY,37,63,87,no
1753233019837,1753233019,KXMLBGAME-25JUL22NYYTOR-NYY,37,63,413,no
1753233021450,1753233021,KXMLBGAME-25JUL22BALCLE-BAL,5,95,87,no
1753233021450,1753233021,KXMLBGAME-25JUL22BALCLE-BAL,4,96,83,no
1753233028391,1753233028,KXMLBGAME-25JUL22ATHTEX-ATH,35,65,5,yes
1753233029471,1753233029,KXMLBGAME-25JUL22DETPIT-PIT,99,1,800,no
1753233032731,1753233032,KXMLBGAME-25JUL22KCCHC-KC,15,85,125,yes
1753233032770,1753233032,KXMLBGAME-25JUL22SFATL-SF,98,2,87,no
1753233032890,1753233032,KXMLBGAME-25JUL22MILSEA-MIL,46,54,104,yes
1753233033331,1753233033,KXMLBGAME-25JUL22SDMIA-SD,10,90,71,yes
1753233034091,1753233034,KXMLBGAME-25JUL22DETPIT-DET,3,97,33,yes
1753233034631,1753233034,KXMLBGAME-25JUL22SDMIA-SD,9,91,53,no
1753233035606,1753233035,KXMLBGAME-25JUL22CWSTB-TB,89,11,30,no
1753233036030,1753233035,KXMLBGAME-25JUL22SFATL-SF,97,3,20,no
1753233036391,1753233036,KXMLBGAME-25JUL22SDMIA-SD,9,91,26,no
1753233042130,1753233042,KXMLBGAME-25JUL22NYYTOR-NYY,44,56,29,yes
1753233042131,1753233042,KXMLBGAME-25JUL22NYYTOR-NYY,45,55,500,yes
1753233042131,1753233042,KXMLBGAME-25JUL22NYYTOR-NYY,50,50,204,yes
1753233042131,1753233042,KXMLBGAME-25JUL22NYYTOR-NYY,55,45,10,yes
1753233042131,1753233042,KXMLBGAME-25JUL22NYYTOR-NYY,55,45,249,yes
1753233042591,1753233042,KXMLBGAME-25JUL22NYYTOR-TOR,64,36,30,yes
1753233050551,1753233050,KXMLBGAME-25JUL22KCCHC-KC,15,85,76,yes
1753233050551,1753233050,KXMLBGAME-25JUL22KCCHC-KC,15,85,43,yes
1753233050551,1753233050,KXMLBGAME-25JUL22NYYTOR-NYY,29,71,4,yes
1753233050631,1753233050,KXMLBGAME-25JUL22NYYTOR-NYY,29,71,34,yes
1753233053048,1753233052,KXMLBGAME-25JUL22NYYTOR-NYY,27,73,30,no
1753233053251,1753233053,KXMLBGAME-25JUL22LAANYM-NYM,79,21,68,yes
1753233056509,1753233056,KXMLBGAME-25JUL22NYYTOR-NYY,29,71,72,yes
1753233060609,1753233060,KXMLBGAME-25JUL22BOSPHI-BOS,3,97,110,yes
1753233061569,1753233061,KXMLBGAME-25JUL22NYYTOR-NYY,29,71,32,yes
1753233062748,1753233062,KXMLBGAME-25JUL22NYYTOR-TOR,72,28,29,yes
1753233063290,1753233063,KXMLBGAME-25JUL22HOUARI-HOU,53,47,925,yes
1753233066450,1753233066,KXMLBGAME-25JUL22MILSEA-MIL,46,54,735,yes
1753233067090,1753233067,KXMLBGAME-25JUL22BOSPHI-BOS,1,99,408,no
1753233067090,1753233067,KXMLBGAME-25JUL22BOSPHI-BOS,1,99,9,no
1753233069450,1753233069,KXMLBGAME-25JUL22STLCOL-COL,68,32,18,yes
1753233071131,1753233071,KXMLBGAME-25JUL22SDMIA-MIA,93,7,1,yes
1753233071131,1753233071,KXMLBGAME-25JUL22SDMIA-MIA,93,7,4,yes
1753233071131,1753233071,KXMLBGAME-25JUL22SDMIA-MIA,99,1,880,yes
1753233071190,1753233071,KXMLBGAME-25JUL22SDMIA-SD,6,94,4,no
1753233071190,1753233071,KXMLBGAME-25JUL22SDMIA-MIA,99,1,4,no
1753233073450,1753233073,KXMLBGAME-25JUL22SDMIA-SD,1,99,490,no
1753233074369,1753233074,KXMLBGAME-25JUL22SFATL-ATL,2,98,36,no
1753233075768,1753233075,KXMLBGAME-25JUL22DETPIT-DET,3,97,25,yes
1753233075768,1753233075,KXMLBGAME-25JUL22DETPIT-DET,3,97,300,yes
1753233077512,1753233077,KXMLBGAME-25JUL22BALCLE-BAL,6,94,13,yes
1753233077830,1753233077,KXMLBGAME-25JUL22NYYTOR-TOR,72,28,19,yes
1753233077990,1753233077,KXMLBGAME-25JUL22STLCOL-COL,68,32,282,yes
1753233077990,1753233077,KXMLBGAME-25JUL22STLCOL-COL,69,31,87,yes
1753233077990,1753233077,KXMLBGAME-25JUL22STLCOL-COL,69,31,300,yes
1753233077990,1753233077,KXMLBGAME-25JUL22STLCOL-COL,69,31,44,yes
1753233078431,1753233078,KXMLBGAME-25JUL22SDMIA-MIA,99,1,134,no
1753233082071,1753233082,KXMLBGAME-25JUL22NYYTOR-NYY,29,71,158,yes
1753233082072,1753233082,KXMLBGAME-25JUL22NYYTOR-NYY,29,71,58,yes
1753233082072,1753233082,KXMLBGAME-25JUL22NYYTOR-NYY,30,70,600,yes
1753233082072,1753233082,KXMLBGAME-25JUL22NYYTOR-NYY,31,69,500,yes
1753233082072,1753233082,KXMLBGAME-25JUL22NYYTOR-NYY,31,69,255,yes
1753233082409,1753233082,KXMLBGAME-25JUL22NYYTOR-TOR,72,28,238,yes
1753233085310,1753233085,KXMLBGAME-25JUL22DETPIT-DET,5,95,93,yes
1753233086431,1753233086,KXMLBGAME-25JUL22MILSEA-SEA,55,45,663,no
1753233089090,1753233089,KXMLBGAME-25JUL22LAANYM-LAA,23,77,12,yes
1753233092751,1753233092,KXMLBGAME-25JUL22BOSPHI-PHI,96,4,60,no
1753233095632,1753233095,KXMLBGAME-25JUL22NYYTOR-NYY,30,70,15,yes
1753233097951,1753233097,KXMLBGAME-25JUL22LAANYM-LAA,20,80,20,no
1753233102109,1753233101,KXMLBGAME-25JUL22MILSEA-MIL,46,54,48,yes
1753233102310,1753233102,KXMLBGAME-25JUL22CWSTB-CWS,8,92,27,no
1753233104809,1753233104,KXMLBGAME-25JUL22ATHTEX-ATH,34,66,28,yes
1753233110410,1753233110,KXMLBGAME-25JUL22CWSTB-CWS,8,92,48,no
1753233110731,1753233110,KXMLBGAME-25JUL22NYYTOR-NYY,31,69,13,yes
1753233110909,1753233110,KXMLBGAME-25JUL22STLCOL-STL,33,67,10,yes
1753233110909,1753233110,KXMLBGAME-25JUL22STLCOL-STL,33,67,2,yes
1753233111010,1753233110,KXMLBGAME-25JUL22NYYTOR-NYY,31,69,64,yes
1753233112070,1753233112,KXMLBGAME-25JUL22SDMIA-MIA,99,1,132,no
1753233115871,1753233115,KXMLBGAME-25JUL22SFATL-SF,97,3,122,no
1753233116630,1753233116,KXMLBGAME-25JUL22STLCOL-COL,69,31,72,yes
1753233117350,1753233117,KXMLBGAME-25JUL22LAANYM-LAA,23,77,20,yes
1753233117468,1753233117,KXMLBGAME-25JUL22CWSTB-CWS,8,92,51,no
1753233122250,1753233122,KXMLBGAME-25JUL22LAANYM-NYM,79,21,6,yes
1753233125650,1753233125,KXMLBGAME-25JUL22STLCOL-STL,31,69,3,no
1753233126391,1753233126,KXMLBGAME-25JUL22ATHTEX-TEX,66,34,16,yes
1753233128310,1753233128,KXMLBGAME-25JUL22KCCHC-KC,16,84,13,yes
1753233128710,1753233128,KXMLBGAME-25JUL22KCCHC-CHC,86,14,25,yes
1753233130636,1753233130,KXMLBGAME-25JUL22SDMIA-SD,1,99,112,yes
1753233131091,1753233131,KXMLBGAME-25JUL22DETPIT-DET,5,95,9,yes
1753233132073,1753233132,KXMLBGAME-25JUL22SDMIA-SD,1,99,18,yes
1753233132949,1753233132,KXMLBGAME-25JUL22NYYTOR-NYY,28,72,39,no
1753233133809,1753233133,KXMLBGAME-25JUL22DETPIT-PIT,97,3,102,yes
1753233137011,1753233136,KXMLBGAME-25JUL22NYYTOR-NYY,31,69,15,yes
1753233137311,1753233137,KXMLBGAME-25JUL22DETPIT-DET,5,95,183,yes
1753233137751,1753233137,KXMLBGAME-25JUL22BALCLE-CLE,96,4,20,yes
1753233138935,1753233138,KXMLBGAME-25JUL22CWSTB-CWS,9,91,208,yes
1753233141351,1753233141,KXMLBGAME-25JUL22KCCHC-KC,16,84,20,yes
1753233143571,1753233143,KXMLBGAME-25JUL22CWSTB-TB,92,8,30,yes
1753233143692,1753233143,KXMLBGAME-25JUL22STLCOL-STL,30,70,7,yes
1753233145670,1753233145,KXMLBGAME-25JUL22NYYTOR-NYY,30,70,15,yes
1753233146411,1753233146,KXMLBGAME-25JUL22DETPIT-DET,4,96,200,yes
1753233146411,1753233146,KXMLBGAME-25JUL22DETPIT-DET,5,95,15,yes
1753233146411,1753233146,KXMLBGAME-25JUL22DETPIT-DET,5,95,68,yes
1753233146411,1753233146,KXMLBGAME-25JUL22DETPIT-DET,6,94,600,yes
1753233146411,1753233146,KXMLBGAME-25JUL22DETPIT-DET,6,94,200,yes
1753233146411,1753233146,KXMLBGAME-25JUL22DETPIT-DET,6,94,885,yes
1753233147016,1753233146,KXMLBGAME-25JUL22DETPIT-PIT,96,4,50,no
1753233147911,1753233147,KXMLBGAME-25JUL22NYYTOR-NYY,30,70,3,yes
1753233148930,1753233148,KXMLBGAME-25JUL22DETPIT-DET,5,95,51,yes
1753233148930,1753233148,KXMLBGAME-25JUL22DETPIT-DET,6,94,66,yes
1753233149450,1753233149,KXMLBGAME-25JUL22DETPIT-PIT,96,4,150,yes
1753233151032,1753233150,KXMLBGAME-25JUL22NYYTOR-NYY,28,72,4,no
1753233152069,1753233152,KXMLBGAME-25JUL22STLCOL-COL,73,27,67,yes
1753233156271,1753233156,KXMLBGAME-25JUL22HOUARI-HOU,53,47,182,yes
1753233165469,1753233165,KXMLBGAME-25JUL22ATHTEX-TEX,63,37,87,no
1753233166451,1753233166,KXMLBGAME-25JUL22NYYTOR-TOR,70,30,10,yes
1753233171491,1753233171,KXMLBGAME-25JUL22NYYTOR-NYY,30,70,15,yes
1753233172789,1753233172,KXMLBGAME-25JUL22STLCOL-STL,26,74,4,no
1753233174249,1753233174,KXMLBGAME-25JUL22MILSEA-SEA,55,45,176,yes
1753233178210,1753233178,KXMLBGAME-25JUL22STLCOL-STL,28,72,17,yes
1753233180690,1753233180,KXMLBGAME-25JUL22BALCLE-CLE,97,3,165,yes
1753233181314,1753233181,KXMLBGAME-25JUL22NYYTOR-NYY,30,70,183,yes
1753233183269,1753233183,KXMLBGAME-25JUL22DETPIT-DET,2,98,249,no
1753233183877,1753233183,KXMLBGAME-25JUL22SDMIA-MIA,99,1,1005,no
1753233185510,1753233185,KXMLBGAME-25JUL22STLCOL-COL,73,27,33,yes
1753233185510,1753233185,KXMLBGAME-25JUL22STLCOL-COL,73,27,772,yes
1753233190371,1753233190,KXMLBGAME-25JUL22NYYTOR-TOR,69,31,300,no
1753233190371,1753233190,KXMLBGAME-25JUL22NYYTOR-TOR,69,31,38,no
1753233193270,1753233193,KXMLBGAME-25JUL22SDMIA-MIA,99,1,176,no
1753233195072,1753233195,KXMLBGAME-25JUL22NYYTOR-NYY,30,70,156,yes
1753233198292,1753233198,KXMLBGAME-25JUL22CWSTB-CWS,8,92,11,yes
1753233200269,1753233200,KXMLBGAME-25JUL22SFATL-ATL,2,98,264,no
1753233200611,1753233200,KXMLBGAME-25JUL22STLCOL-STL,28,72,271,yes
1753233200611,1753233200,KXMLBGAME-25JUL22STLCOL-STL,28,72,44,yes
1753233208332,1753233208,KXMLBGAME-25JUL22BALCLE-BAL,5,95,10,yes
1753233208369,1753233208,KXMLBGAME-25JUL22MILSEA-MIL,46,54,167,yes
1753233213790,1753233213,KXMLBGAME-25JUL22BOSPHI-PHI,98,2,200,yes
1753233213932,1753233213,KXMLBGAME-25JUL22SFATL-SF,98,2,213,yes
1753233219130,1753233218,KXMLBGAME-25JUL22CWSTB-CWS,7,93,30,no
1753233221631,1753233221,KXMLBGAME-25JUL22NYYTOR-NYY,31,69,30,yes
1753233221631,1753233221,KXMLBGAME-25JUL22NYYTOR-NYY,31,69,197,yes
1753233222312,1753233222,KXMLBGAME-25JUL22SDMIA-MIA,99,1,97,no
1753233222970,1753233222,KXMLBGAME-25JUL22STLCOL-STL,30,70,15,yes
1753233223591,1753233223,KXMLBGAME-25JUL22BALCLE-CLE,97,3,36,yes
1753233223749,1753233223,KXMLBGAME-25JUL22ATHTEX-ATH,40,60,11,yes
1753233224151,1753233224,KXMLBGAME-25JUL22CWSTB-CWS,8,92,10,yes
1753233224151,1753233224,KXMLBGAME-25JUL22CWSTB-CWS,9,91,1,yes
1753233225789,1753233225,KXMLBGAME-25JUL22STLCOL-STL,30,70,64,yes
1753233225789,1753233225,KXMLBGAME-25JUL22STLCOL-STL,30,70,11,yes
1753233225789,1753233225,KXMLBGAME-25JUL22STLCOL-STL,31,69,300,yes
1753233225789,1753233225,KXMLBGAME-25JUL22STLCOL-STL,32,68,300,yes
1753233225789,1753233225,KXMLBGAME-25JUL22STLCOL-STL,32,68,200,yes
1753233225789,1753233225,KXMLBGAME-25JUL22STLCOL-STL,32,68,600,yes
1753233227591,1753233227,KXMLBGAME-25JUL22NYYTOR-NYY,31,69,153,yes
1753233233652,1753233233,KXMLBGAME-25JUL22BOSPHI-PHI,98,2,5,yes
1753233236624,1753233236,KXMLBGAME-25JUL22NYYTOR-NYY,31,69,23,yes
1753233236624,1753233236,KXMLBGAME-25JUL22NYYTOR-NYY,32,68,235,yes
1753233238190,1753233238,KXMLBGAME-25JUL22HOUARI-ARI,49,51,1,yes
1753233239969,1753233239,KXMLBGAME-25JUL22STLCOL-STL,33,67,28,yes
1753233244691,1753233244,KXMLBGAME-25JUL22MILSEA-MIL,46,54,523,yes
1753233248492,1753233248,KXMLBGAME-25JUL22KCCHC-KC,15,85,1,yes
1753233248752,1753233248,KXMLBGAME-25JUL22MILSEA-MIL,46,54,3,yes
1753233249132,1753233249,KXMLBGAME-25JUL22NYYTOR-NYY,31,69,15,yes
1753233251571,1753233251,KXMLBGAME-25JUL22NYYTOR-NYY,31,69,285,yes
1753233251571,1753233251,KXMLBGAME-25JUL22NYYTOR-NYY,32,68,55,yes
1753233255469,1753233255,KXMLBGAME-25JUL22KCCHC-KC,15,85,24,yes
1753233256111,1753233256,KXMLBGAME-25JUL22NYYTOR-TOR,66,34,30,no
1753233259132,1753233259,KXMLBGAME-25JUL22ATHTEX-ATH,41,59,87,yes
1753233259132,1753233259,KXMLBGAME-25JUL22ATHTEX-ATH,42,58,300,yes
1753233259132,1753233259,KXMLBGAME-25JUL22ATHTEX-ATH,43,57,200,yes
1753233259132,1753233259,KXMLBGAME-25JUL22ATHTEX-ATH,43,57,191,yes
1753233260170,1753233260,KXMLBGAME-25JUL22NYYTOR-NYY,49,51,25,yes
1753233266649,1753233266,KXMLBGAME-25JUL22LAANYM-NYM,75,25,524,yes
1753233269086,1753233268,KXMLBGAME-25JUL22DETPIT-PIT,99,1,25,yes
1753233269163,1753233269,KXMLBGAME-25JUL22STLCOL-STL,31,69,87,no
1753233269163,1753233269,KXMLBGAME-25JUL22STLCOL-STL,30,70,28,no
1753233275490,1753233275,KXMLBGAME-25JUL22LAANYM-NYM,75,25,300,yes
1753233275790,1753233275,KXMLBGAME-25JUL22LAANYM-NYM,77,23,100,yes
1753233275790,1753233275,KXMLBGAME-25JUL22LAANYM-NYM,77,23,65,yes
1753233277311,1753233277,KXMLBGAME-25JUL22BOSPHI-BOS,4,96,23,yes
1753233277969,1753233277,KXMLBGAME-25JUL22KCCHC-KC,16,84,5,yes
1753233279371,1753233279,KXMLBGAME-25JUL22CWSTB-TB,92,8,50,yes
1753233279611,1753233279,KXMLBGAME-25JUL22CWSTB-TB,92,8,19,yes
1753233280508,1753233280,KXMLBGAME-25JUL22LAANYM-NYM,78,22,30,yes
1753233286652,1753233286,KXMLBGAME-25JUL22LAANYM-LAA,22,78,43,yes
1753233289391,1753233289,KXMLBGAME-25JUL22KCCHC-KC,13,87,300,no
1753233289391,1753233289,KXMLBGAME-25JUL22KCCHC-KC,13,87,35,no
1753233290090,1753233289,KXMLBGAME-25JUL22NYYTOR-NYY,37,63,88,yes
1753233290709,1753233290,KXMLBGAME-25JUL22KCCHC-CHC,84,16,300,no
1753233290709,1753233290,KXMLBGAME-25JUL22KCCHC-CHC,82,18,100,no
1753233290709,1753233290,KXMLBGAME-25JUL22KCCHC-CHC,82,18,30,no
1753233290788,1753233290,KXMLBGAME-25JUL22KCCHC-KC,16,84,29,yes
1753233290788,1753233290,KXMLBGAME-25JUL22KCCHC-KC,16,84,50,yes
1753233290788,1753233290,KXMLBGAME-25JUL22KCCHC-KC,16,84,68,yes
1753233290789,1753233290,KXMLBGAME-25JUL22KCCHC-KC,17,83,55,yes
1753233290789,1753233290,KXMLBGAME-25JUL22KCCHC-KC,18,82,30,yes
1753233290868,1753233290,KXMLBGAME-25JUL22KCCHC-CHC,81,19,5,yes
1753233290950,1753233290,KXMLBGAME-25JUL22KCCHC-CHC,81,19,5,yes
1753233290952,1753233290,KXMLBGAME-25JUL22KCCHC-CHC,80,20,5,no
1753233290970,1753233290,KXMLBGAME-25JUL22KCCHC-CHC,80,20,5,no
1753233292751,1753233292,KXMLBGAME-25JUL22BOSPHI-PHI,98,2,75,yes
1753233292751,1753233292,KXMLBGAME-25JUL22BOSPHI-PHI,99,1,127,yes
1753233293449,1753233293,KXMLBGAME-25JUL22CWSTB-CWS,8,92,58,yes
1753233296132,1753233296,KXMLBGAME-25JUL22KCCHC-KC,20,80,110,yes
1753233296132,1753233296,KXMLBGAME-25JUL22KCCHC-KC,20,80,55,yes
1753233298578,1753233298,KXMLBGAME-25JUL22LAANYM-NYM,80,20,1,yes
1753233298692,1753233298,KXMLBGAME-25JUL22DETPIT-PIT,97,3,55,no
1753233299511,1753233299,KXMLBGAME-25JUL22BOSPHI-PHI,98,2,48,no
1753233299511,1753233299,KXMLBGAME-25JUL22BOSPHI-PHI,98,2,300,no
1753233299511,1753233299,KXMLBGAME-25JUL22BOSPHI-PHI,98,2,75,no
1753233305540,1753233305,KXMLBGAME-25JUL22BALCLE-BAL,3,97,275,no
1753233306814,1753233306,KXMLBGAME-25JUL22BOSPHI-PHI,98,2,2077,yes
1753233306814,1753233306,KXMLBGAME-25JUL22BOSPHI-PHI,99,1,873,yes
1753233306814,1753233306,KXMLBGAME-25JUL22BOSPHI-PHI,99,1,13,yes
1753233306814,1753233306,KXMLBGAME-25JUL22BOSPHI-PHI,99,1,1525,yes
1753233306814,1753233306,KXMLBGAME-25JUL22BOSPHI-PHI,99,1,151,yes
1753233306814,1753233306,KXMLBGAME-25JUL22BOSPHI-PHI,99,1,172,yes
1753233306814,1753233306,KXMLBGAME-25JUL22BOSPHI-PHI,99,1,200,yes
1753233308181,1753233307,KXMLBGAME-25JUL22STLCOL-COL,68,32,20,yes
1753233309312,1753233309,KXMLBGAME-25JUL22HOUARI-ARI,49,51,163,yes
1753233309412,1753233309,KXMLBGAME-25JUL22BALCLE-CLE,98,2,122,yes
1753233311110,1753233310,KXMLBGAME-25JUL22CWSTB-TB,93,7,12,yes
1753233312130,1753233311,KXMLBGAME-25JUL22STLCOL-STL,32,68,63,no
1753233313110,1753233312,KXMLBGAME-25JUL22BALCLE-BAL,2,98,178,no
1753233313741,1753233313,KXMLBGAME-25JUL22CWSTB-CWS,8,92,15,yes
1753233314654,1753233314,KXMLBGAME-25JUL22HOUARI-HOU,53,47,2,yes
1753233314714,1753233314,KXMLBGAME-25JUL22STLCOL-STL,33,67,50,yes
1753233316873,1753233316,KXMLBGAME-25JUL22STLCOL-STL,33,67,10,yes
1753233318470,1753233318,KXMLBGAME-25JUL22KCCHC-KC,19,81,31,yes
1753233318550,1753233318,KXMLBGAME-25JUL22ATHTEX-TEX,59,41,32,yes
1753233320750,1753233320,KXMLBGAME-25JUL22LAANYM-LAA,21,79,87,yes
1753233320750,1753233320,KXMLBGAME-25JUL22LAANYM-LAA,22,78,347,yes
1753233322290,1753233322,KXMLBGAME-25JUL22ATHTEX-TEX,59,41,168,yes
1753233322290,1753233322,KXMLBGAME-25JUL22ATHTEX-TEX,61,39,1,yes
1753233325511,1753233325,KXMLBGAME-25JUL22ATHTEX-TEX,59,41,71,no
1753233333611,1753233333,KXMLBGAME-25JUL22STLCOL-STL,33,67,570,no
1753233333632,1753233333,KXMLBGAME-25JUL22STLCOL-COL,71,29,570,no
1753233334772,1753233334,KXMLBGAME-25JUL22NYYTOR-TOR,64,36,51,yes
1753233335190,1753233335,KXMLBGAME-25JUL22BALCLE-BAL,3,97,525,yes
1753233335190,1753233335,KXMLBGAME-25JUL22BALCLE-BAL,3,97,77,yes
1753233335190,1753233335,KXMLBGAME-25JUL22BALCLE-BAL,3,97,300,yes
1753233337290,1753233337,KXMLBGAME-25JUL22STLCOL-COL,74,26,1,yes
1753233338772,1753233338,KXMLBGAME-25JUL22BALCLE-BAL,3,97,5,yes
1753233339289,1753233339,KXMLBGAME-25JUL22STLCOL-STL,28,72,17,yes
1753233343935,1753233343,KXMLBGAME-25JUL22STLCOL-STL,27,73,50,yes
1753233345270,1753233345,KXMLBGAME-25JUL22DETPIT-PIT,99,1,10,yes
1753233347230,1753233347,KXMLBGAME-25JUL22STLCOL-STL,26,74,1,yes
1753233348771,1753233348,KXMLBGAME-25JUL22MILSEA-MIL,46,54,40,yes
1753233348931,1753233348,KXMLBGAME-25JUL22STLCOL-STL,26,74,1,yes
1753233350289,1753233350,KXMLBGAME-25JUL22NYYTOR-TOR,64,36,22,yes
1753233350471,1753233350,KXMLBGAME-25JUL22MILSEA-MIL,46,54,73,yes
1753233350651,1753233350,KXMLBGAME-25JUL22BOSPHI-BOS,1,99,9,yes
1753233354210,1753233354,KXMLBGAME-25JUL22HOUARI-HOU,53,47,73,yes
1753233356970,1753233356,KXMLBGAME-25JUL22SFATL-ATL,1,99,1000,no
1753233360850,1753233360,KXMLBGAME-25JUL22NYYTOR-NYY,38,62,8,yes
1753233361072,1753233361,KXMLBGAME-25JUL22MILSEA-MIL,46,54,52,yes
1753233361851,1753233361,KXMLBGAME-25JUL22NYYTOR-NYY,38,62,63,yes
1753233361871,1753233361,KXMLBGAME-25JUL22STLCOL-STL,26,74,50,yes
1753233363511,1753233363,KXMLBGAME-25JUL22DETPIT-DET,3,97,156,yes
1753233364291,1753233364,KXMLBGAME-25JUL22SDMIA-MIA,99,1,267,no
1753233365350,1753233365,KXMLBGAME-25JUL22SFATL-SF,98,2,801,no
1753233365350,1753233365,KXMLBGAME-25JUL22SFATL-SF,98,2,300,no
1753233365350,1753233365,KXMLBGAME-25JUL22SFATL-SF,97,3,105,no
1753233366191,1753233366,KXMLBGAME-25JUL22SFATL-SF,99,1,1,yes
1753233366851,1753233366,KXMLBGAME-25JUL22HOUARI-HOU,53,47,37,yes
1753233368712,1753233368,KXMLBGAME-25JUL22NYYTOR-TOR,63,37,38,yes
1753233370735,1753233370,KXMLBGAME-25JUL22LAANYM-LAA,22,78,8,yes
1753233371931,1753233371,KXMLBGAME-25JUL22LAANYM-LAA,22,78,43,yes
1753233375750,1753233375,KXMLBGAME-25JUL22ATHTEX-ATH,43,57,5,yes
1753233375829,1753233375,KXMLBGAME-25JUL22STLCOL-STL,24,76,164,no
1753233376311,1753233376,KXMLBGAME-25JUL22KCCHC-KC,18,82,30,no
1753233377425,1753233377,KXMLBGAME-25JUL22KCCHC-KC,18,82,300,yes
1753233377425,1753233377,KXMLBGAME-25JUL22KCCHC-KC,19,81,198,yes
1753233377425,1753233377,KXMLBGAME-25JUL22NYYTOR-NYY,38,62,12,yes
1753233379774,1753233379,KXMLBGAME-25JUL22SFATL-SF,99,1,201,no
1753233380287,1753233380,KXMLBGAME-25JUL22NYYTOR-NYY,38,62,75,yes
1753233383729,1753233383,KXMLBGAME-25JUL22BALCLE-CLE,98,2,178,yes
1753233385130,1753233385,KXMLBGAME-25JUL22DETPIT-DET,3,97,2,yes
1753233385310,1753233385,KXMLBGAME-25JUL22SFATL-SF,99,1,60,no
1753233391116,1753233391,KXMLBGAME-25JUL22MINLAD-LAD,65,35,319,yes
1753233391116,1753233391,KXMLBGAME-25JUL22MINLAD-LAD,65,35,1000,yes
1753233391116,1753233391,KXMLBGAME-25JUL22MINLAD-LAD,65,35,1685,yes
1753233392611,1753233392,KXMLBGAME-25JUL22BOSPHI-PHI,99,1,375,no
1753233393210,1753233393,KXMLBGAME-25JUL22SFATL-SF,99,1,40,no
1753233395911,1753233395,KXMLBGAME-25JUL22SDMIA-MIA,99,1,316,no
1753233396730,1753233396,KXMLBGAME-25JUL22DETPIT-DET,1,99,4,no
1753233397229,1753233396,KXMLBGAME-25JUL22LAANYM-LAA,19,81,119,no
1753233397332,1753233397,KXMLBGAME-25JUL22NYYTOR-NYY,38,62,25,yes
1753233400417,1753233400,KXMLBGAME-25JUL22HOUARI-HOU,53,47,37,yes
1753233401130,1753233400,KXMLBGAME-25JUL22NYYTOR-NYY,38,62,188,yes
1753233401130,1753233400,KXMLBGAME-25JUL22NYYTOR-NYY,39,61,539,yes
1753233401233,1753233401,KXMLBGAME-25JUL22LAANYM-LAA,22,78,249,yes
1753233401233,1753233401,KXMLBGAME-25JUL22LAANYM-LAA,22,78,74,yes
1753233402674,1753233402,KXMLBGAME-25JUL22MILSEA-MIL,46,54,205,yes
1753233402674,1753233402,KXMLBGAME-25JUL22MILSEA-MIL,46,54,31,yes
1753233402674,1753233402,KXMLBGAME-25JUL22MILSEA-MIL,46,54,4,yes
1753233402674,1753233402,KXMLBGAME-25JUL22MILSEA-MIL,46,54,6,yes
1753233402674,1753233402,KXMLBGAME-25JUL22MILSEA-MIL,46,54,2,yes
1753233402674,1753233402,KXMLBGAME-25JUL22MILSEA-MIL,46,54,19,yes
1753233402674,1753233402,KXMLBGAME-25JUL22MILSEA-MIL,46,54,3,yes
1753233402674,1753233402,KXMLBGAME-25JUL22MILSEA-MIL,46,54,1824,yes
1753233403571,1753233403,KXMLBGAME-25JUL22DETPIT-PIT,97,3,279,no
1753233404562,1753233404,KXMLBGAME-25JUL22BALCLE-CLE,98,2,56,no
1753233404562,1753233404,KXMLBGAME-25JUL22BALCLE-CLE,97,3,103,no
1753233406150,1753233406,KXMLBGAME-25JUL22KCCHC-KC,16,84,87,no
1753233406150,1753233406,KXMLBGAME-25JUL22KCCHC-KC,16,84,101,no
1753233411804,1753233411,KXMLBGAME-25JUL22HOUARI-HOU,53,47,18,yes
1753233422631,1753233422,KXMLBGAME-25JUL22NYYTOR-NYY,38,62,5,yes
1753233424330,1753233424,KXMLBGAME-25JUL22DETPIT-DET,3,97,300,yes
1753233424330,1753233424,KXMLBGAME-25JUL22DETPIT-DET,4,96,14,yes
1753233424570,1753233424,KXMLBGAME-25JUL22CWSTB-CWS,9,91,261,yes
1753233427932,1753233427,KXMLBGAME-25JUL22NYYTOR-NYY,38,62,5,yes
1753233428311,1753233428,KXMLBGAME-25JUL22LAANYM-NYM,81,19,3666,yes
1753233428311,1753233428,KXMLBGAME-25JUL22LAANYM-NYM,81,19,1070,yes
1753233433111,1753233433,KXMLBGAME-25JUL22SDMIA-MIA,99,1,192,no
1753233433261,1753233433,KXMLBGAME-25JUL22LAANYM-NYM,81,19,1,yes
1753233433972,1753233433,KXMLBGAME-25JUL22MINLAD-LAD,65,35,1,yes
1753233435089,1753233434,KXMLBGAME-25JUL22NYYTOR-NYY,38,62,290,yes
1753233435089,1753233434,KXMLBGAME-25JUL22NYYTOR-NYY,39,61,24,yes
1753233437350,1753233437,KXMLBGAME-25JUL22BOSPHI-PHI,99,1,155,no
1753233445791,1753233445,KXMLBGAME-25JUL22DETPIT-DET,4,96,43,yes
1753233445791,1753233445,KXMLBGAME-25JUL22DETPIT-DET,4,96,74,yes
1753233445809,1753233445,KXMLBGAME-25JUL22KCCHC-KC,18,82,131,yes
1753233446650,1753233446,KXMLBGAME-25JUL22BALCLE-BAL,2,98,122,no
1753233446650,1753233446,KXMLBGAME-25JUL22BALCLE-BAL,1,99,122,no
1753233450116,1753233450,KXMLBGAME-25JUL22NYYTOR-NYY,38,62,5,yes
1753233452075,1753233451,KXMLBGAME-25JUL22DETPIT-DET,4,96,226,yes
1753233452075,1753233451,KXMLBGAME-25JUL22DETPIT-DET,4,96,32,yes
1753233452075,1753233451,KXMLBGAME-25JUL22DETPIT-DET,5,95,300,yes
1753233452075,1753233451,KXMLBGAME-25JUL22DETPIT-DET,5,95,200,yes
1753233452075,1753233451,KXMLBGAME-25JUL22DETPIT-DET,6,94,200,yes
1753233452075,1753233451,KXMLBGAME-25JUL22DETPIT-DET,6,94,255,yes
1753233452075,1753233451,KXMLBGAME-25JUL22DETPIT-DET,7,93,600,yes
1753233452075,1753233451,KXMLBGAME-25JUL22DETPIT-DET,8,92,99,yes
1753233452171,1753233452,KXMLBGAME-25JUL22MILSEA-MIL,46,54,21,yes
1753233452838,1753233452,KXMLBGAME-25JUL22NYYTOR-NYY,38,62,50,yes
1753233453010,1753233452,KXMLBGAME-25JUL22STLCOL-STL,26,74,248,yes
1753233453010,1753233452,KXMLBGAME-25JUL22STLCOL-STL,27,73,28,yes
1753233453010,1753233452,KXMLBGAME-25JUL22STLCOL-STL,27,73,37,yes
1753233453011,1753233452,KXMLBGAME-25JUL22STLCOL-STL,28,72,5,yes
1753233457022,1753233456,KXMLBGAME-25JUL22NYYTOR-NYY,38,62,75,yes
1753233460570,1753233460,KXMLBGAME-25JUL22ATHTEX-TEX,59,41,87,yes
1753233460570,1753233460,KXMLBGAME-25JUL22ATHTEX-TEX,60,40,300,yes
1753233460570,1753233460,KXMLBGAME-25JUL22ATHTEX-TEX,60,40,100,yes
1753233460629,1753233460,KXMLBGAME-25JUL22KCCHC-KC,18,82,30,yes
1753233467250,1753233467,KXMLBGAME-25JUL22ATHTEX-ATH,43,57,3,yes
1753233468572,1753233468,KXMLBGAME-25JUL22MINLAD-MIN,36,64,13,yes
1753233470411,1753233470,KXMLBGAME-25JUL22DETPIT-PIT,97,3,6,no
1753233470569,1753233470,KXMLBGAME-25JUL22KCCHC-CHC,80,20,28,no
1753233470774,1753233470,KXMLBGAME-25JUL22NYYTOR-NYY,38,62,25,yes
1753233473652,1753233473,KXMLBGAME-25JUL22BALCLE-CLE,97,3,134,no
1753233477468,1753233477,KXMLBGAME-25JUL22DETPIT-PIT,98,2,217,yes
1753233482631,1753233482,KXMLBGAME-25JUL22KCCHC-KC,23,77,144,yes
1753233489111,1753233489,KXMLBGAME-25JUL22CWSTB-CWS,9,91,10,yes
1753233493331,1753233493,KXMLBGAME-25JUL22ATHTEX-ATH,43,57,4,yes
1753233493390,1753233493,KXMLBGAME-25JUL22ATHTEX-TEX,59,41,105,yes
1753233502431,1753233502,KXMLBGAME-25JUL22BALCLE-BAL,3,97,42,yes
1753233502431,1753233502,KXMLBGAME-25JUL22BALCLE-BAL,3,97,300,yes
1753233502431,1753233502,KXMLBGAME-25JUL22BALCLE-BAL,3,97,300,yes
1753233502431,1753233502,KXMLBGAME-25JUL22BALCLE-BAL,4,96,103,yes
1753233503014,1753233502,KXMLBGAME-25JUL22ATHTEX-ATH,42,58,11,yes
1753233505431,1753233504,KXMLBGAME-25JUL22NYYTOR-NYY,40,60,314,no
1753233505832,1753233505,KXMLBGAME-25JUL22SFATL-SF,99,1,60,no
1753233512701,1753233512,KXMLBGAME-25JUL22SDMIA-MIA,99,1,101,no
1753233514290,1753233514,KXMLBGAME-25JUL22KCCHC-CHC,80,20,2,yes
1753233516077,1753233516,KXMLBGAME-25JUL22MINLAD-MIN,36,64,5,yes
1753233518509,1753233518,KXMLBGAME-25JUL22MILSEA-MIL,46,54,42,yes
1753233523549,1753233523,KXMLBGAME-25JUL22NYYTOR-NYY,43,57,48,yes
1753233524931,1753233524,KXMLBGAME-25JUL22HOUARI-HOU,52,48,163,yes
1753233525212,1753233525,KXMLBGAME-25JUL22KCCHC-KC,23,77,9,yes
1753233525511,1753233525,KXMLBGAME-25JUL22STLCOL-STL,25,75,50,no
1753233525511,1753233525,KXMLBGAME-25JUL22STLCOL-STL,25,75,87,no
1753233525611,1753233525,KXMLBGAME-25JUL22STLCOL-COL,75,25,100,yes
1753233525611,1753233525,KXMLBGAME-25JUL22STLCOL-COL,75,25,87,yes
1753233525770,1753233525,KXMLBGAME-25JUL22ATHTEX-ATH,40,60,87,no
1753233526830,1753233526,KXMLBGAME-25JUL22CWSTB-CWS,7,93,2,yes
1753233530030,1753233529,KXMLBGAME-25JUL22NYYTOR-NYY,43,57,11,yes
1753233530669,1753233530,KXMLBGAME-25JUL22LAANYM-LAA,17,83,100,no
1753233530949,1753233530,KXMLBGAME-25JUL22CWSTB-TB,94,6,2,yes
1753233532150,1753233532,KXMLBGAME-25JUL22CWSTB-CWS,7,93,61,yes
1753233532150,1753233532,KXMLBGAME-25JUL22CWSTB-CWS,7,93,2,yes
1753233532150,1753233532,KXMLBGAME-25JUL22CWSTB-CWS,8,92,250,yes
1753233532271,1753233532,KXMLBGAME-25JUL22STLCOL-STL,24,76,300,yes
1753233532271,1753233532,KXMLBGAME-25JUL22STLCOL-STL,25,75,80,yes
1753233533196,1753233533,KXMLBGAME-25JUL22KCCHC-KC,23,77,5,yes
1753233534113,1753233534,KXMLBGAME-25JUL22SDMIA-MIA,99,1,107,no
1753233534353,1753233534,KXMLBGAME-25JUL22LAANYM-LAA,17,83,300,no
1753233534353,1753233534,KXMLBGAME-25JUL22LAANYM-LAA,17,83,81,no
1753233534470,1753233534,KXMLBGAME-25JUL22LAANYM-NYM,83,17,81,yes
1753233539051,1753233539,KXMLBGAME-25JUL22KCCHC-CHC,77,23,12,no
1753233539413,1753233539,KXMLBGAME-25JUL22NYYTOR-NYY,43,57,73,yes
1753233540090,1753233539,KXMLBGAME-25JUL22NYYTOR-NYY,43,57,111,yes
1753233541185,1753233541,KXMLBGAME-25JUL22NYYTOR-NYY,43,57,478,yes
1753233542188,1753233542,KXMLBGAME-25JUL22MILSEA-MIL,46,54,32,yes
1753233545230,1753233545,KXMLBGAME-25JUL22BALCLE-CLE,99,1,10,yes
1753233546511,1753233546,KXMLBGAME-25JUL22ATHTEX-TEX,62,38,500,yes
1753233546650,1753233546,KXMLBGAME-25JUL22NYYTOR-TOR,57,43,53,no
1753233547992,1753233547,KXMLBGAME-25JUL22NYYTOR-NYY,43,57,11,yes
1753233548053,1753233548,KXMLBGAME-25JUL22BALCLE-CLE,97,3,79,no
1753233548289,1753233548,KXMLBGAME-25JUL22NYYTOR-NYY,43,57,20,yes
1753233549970,1753233549,KXMLBGAME-25JUL22CWSTB-CWS,8,92,47,yes
1753233549970,1753233549,KXMLBGAME-25JUL22CWSTB-CWS,9,91,146,yes
1753233552590,1753233552,KXMLBGAME-25JUL22NYYTOR-NYY,43,57,122,yes
1753233559891,1753233559,KXMLBGAME-25JUL22BALCLE-BAL,3,97,156,yes
1753233560370,1753233560,KXMLBGAME-25JUL22KCCHC-KC,23,77,300,yes
1753233560370,1753233560,KXMLBGAME-25JUL22KCCHC-KC,24,76,1690,yes
1753233561130,1753233561,KXMLBGAME-25JUL22LAANYM-LAA,16,84,87,yes
1753233561130,1753233561,KXMLBGAME-25JUL22LAANYM-LAA,17,83,196,yes
1753233561731,1753233561,KXMLBGAME-25JUL22NYYTOR-TOR,57,43,9,no
1753233561751,1753233561,KXMLBGAME-25JUL22MILSEA-SEA,55,45,103,yes
1753233562091,1753233562,KXMLBGAME-25JUL22HOUARI-ARI,49,51,39,yes
1753233565448,1753233565,KXMLBGAME-25JUL22KCCHC-CHC,79,21,31,yes
1753233565849,1753233565,KXMLBGAME-25JUL22KCCHC-KC,23,77,74,yes
1753233570973,1753233570,KXMLBGAME-25JUL22LAANYM-NYM,84,16,13,no
1753233571730,1753233571,KXMLBGAME-25JUL22LAANYM-NYM,84,16,6,no
1753233577690,1753233577,KXMLBGAME-25JUL22SFATL-SF,99,1,387,no
1753233582092,1753233582,KXMLBGAME-25JUL22MILSEA-MIL,46,54,17,yes
1753233583350,1753233583,KXMLBGAME-25JUL22DETPIT-DET,4,96,16,yes
1753233584126,1753233584,KXMLBGAME-25JUL22NYYTOR-NYY,44,56,218,yes
1753233588491,1753233588,KXMLBGAME-25JUL22MINLAD-LAD,65,35,7,yes
1753233590489,1753233590,KXMLBGAME-25JUL22KCCHC-CHC,74,26,300,no
1753233590489,1753233590,KXMLBGAME-25JUL22KCCHC-CHC,73,27,500,no
1753233590590,1753233590,KXMLBGAME-25JUL22KCCHC-KC,27,73,500,yes
1753233591970,1753233591,KXMLBGAME-25JUL22NYYTOR-TOR,58,42,87,yes
1753233591970,1753233591,KXMLBGAME-25JUL22NYYTOR-TOR,58,42,5,yes
1753233594250,1753233594,KXMLBGAME-25JUL22NYYTOR-NYY,43,57,4,yes
1753233597270,1753233597,KXMLBGAME-25JUL22NYYTOR-TOR,58,42,8,yes
1753233600011,1753233599,KXMLBGAME-25JUL22CWSTB-TB,92,8,35,no
1753233600011,1753233599,KXMLBGAME-25JUL22CWSTB-TB,91,9,300,no
1753233600011,1753233599,KXMLBGAME-25JUL22CWSTB-CWS,9,91,35,yes
1753233600131,1753233600,KXMLBGAME-25JUL22CWSTB-TB,91,9,18,no
1753233600131,1753233600,KXMLBGAME-25JUL22CWSTB-CWS,9,91,18,yes
1753233600251,1753233600,KXMLBGAME-25JUL22CWSTB-TB,91,9,9,no
1753233600270,1753233600,KXMLBGAME-25JUL22CWSTB-CWS,9,91,9,yes
1753233600571,1753233600,KXMLBGAME-25JUL22CWSTB-TB,91,9,4,no
1753233600651,1753233600,KXMLBGAME-25JUL22CWSTB-CWS,9,91,4,yes
1753233601290,1753233601,KXMLBGAME-25JUL22NYYTOR-TOR,58,42,2000,yes
1753233602732,1753233602,KXMLBGAME-25JUL22NYYTOR-NYY,43,57,42,yes
1753233603389,1753233603,KXMLBGAME-25JUL22CWSTB-CWS,9,91,369,no
1753233603910,1753233603,KXMLBGAME-25JUL22KCCHC-CHC,75,25,87,yes
1753233603910,1753233603,KXMLBGAME-25JUL22KCCHC-CHC,75,25,300,yes
1753233608230,1753233608,KXMLBGAME-25JUL22STLCOL-COL,76,24,12,yes
1753233610732,1753233610,KXMLBGAME-25JUL22NYYTOR-NYY,44,56,100,yes
1753233613731,1753233613,KXMLBGAME-25JUL22LAANYM-LAA,16,84,87,yes
1753233613731,1753233613,KXMLBGAME-25JUL22LAANYM-LAA,17,83,104,yes
1753233613731,1753233613,KXMLBGAME-25JUL22LAANYM-LAA,17,83,286,yes
1753233616631,1753233616,KXMLBGAME-25JUL22MILSEA-SEA,55,45,5,yes
1753233618391,1753233618,KXMLBGAME-25JUL22NYYTOR-NYY,44,56,200,yes
1753233618391,1753233618,KXMLBGAME-25JUL22NYYTOR-NYY,45,55,446,yes
1753233619791,1753233619,KXMLBGAME-25JUL22LAANYM-LAA,17,83,555,yes
1753233620451,1753233620,KXMLBGAME-25JUL22STLCOL-STL,35,65,13,yes
1753233623350,1753233623,KXMLBGAME-25JUL22CWSTB-CWS,11,89,20,no
1753233623913,1753233623,KXMLBGAME-25JUL22BOSPHI-PHI,99,1,95,no
1753233623913,1753233623,KXMLBGAME-25JUL22BOSPHI-PHI,99,1,70,no
1753233626631,1753233626,KXMLBGAME-25JUL22STLCOL-STL,28,72,5,yes
1753233627010,1753233626,KXMLBGAME-25JUL22KCCHC-KC,28,72,10,yes
1753233630052,1753233630,KXMLBGAME-25JUL22STLCOL-STL,27,73,7,yes
1753233631882,1753233631,KXMLBGAME-25JUL22NYYTOR-NYY,45,55,210,yes
1753233634031,1753233633,KXMLBGAME-25JUL22NYYTOR-TOR,58,42,188,yes
1753233635290,1753233635,KXMLBGAME-25JUL22LAANYM-LAA,17,83,277,yes
1753233636070,1753233636,KXMLBGAME-25JUL22CWSTB-CWS,11,89,2,yes
1753233636070,1753233636,KXMLBGAME-25JUL22CWSTB-CWS,12,88,2,yes
1753233638150,1753233638,KXMLBGAME-25JUL22STLCOL-STL,27,73,8,yes
1753233638730,1753233638,KXMLBGAME-25JUL22BALCLE-CLE,97,3,32,no
1753233638730,1753233638,KXMLBGAME-25JUL22BALCLE-CLE,97,3,48,no
1753233642751,1753233642,KXMLBGAME-25JUL22CWSTB-CWS,11,89,2,yes
1753233642751,1753233642,KXMLBGAME-25JUL22CWSTB-CWS,12,88,3,yes
1753233646992,1753233646,KXMLBGAME-25JUL22HOUARI-HOU,52,48,93,yes
1753233647710,1753233647,KXMLBGAME-25JUL22KCCHC-KC,25,75,46,no
1753233651370,1753233651,KXMLBGAME-25JUL22KCCHC-CHC,76,24,51,yes
1753233654890,1753233654,KXMLBGAME-25JUL22KCCHC-KC,28,72,17,yes
1753233655991,1753233655,KXMLBGAME-25JUL22NYYTOR-TOR,50,50,123,no
1753233658029,1753233657,KXMLBGAME-25JUL22ATHTEX-ATH,38,62,25,yes
1753233658870,1753233658,KXMLBGAME-25JUL22BALCLE-BAL,3,97,5,yes
1753233659313,1753233659,KXMLBGAME-25JUL22HOUARI-HOU,52,48,75,yes
1753233661892,1753233661,KXMLBGAME-25JUL22KCCHC-KC,27,73,10,yes
1753233665511,1753233665,KXMLBGAME-25JUL22LAANYM-LAA,17,83,16,yes
1753233665910,1753233665,KXMLBGAME-25JUL22SDMIA-MIA,99,1,1,no
1753233670390,1753233670,KXMLBGAME-25JUL22KCCHC-CHC,75,25,147,no
1753233670490,1753233670,KXMLBGAME-25JUL22CWSTB-TB,89,11,137,no
1753233670490,1753233670,KXMLBGAME-25JUL22CWSTB-TB,89,11,300,no
1753233672268,1753233672,KXMLBGAME-25JUL22KCCHC-KC,26,74,51,no
1753233672390,1753233672,KXMLBGAME-25JUL22KCCHC-CHC,74,26,13,yes
1753233672549,1753233672,KXMLBGAME-25JUL22NYYTOR-NYY,51,49,37,yes
1753233672992,1753233672,KXMLBGAME-25JUL22SDMIA-MIA,99,1,386,no
1753233674392,1753233674,KXMLBGAME-25JUL22ATHTEX-TEX,63,37,1,yes
1753233674691,1753233674,KXMLBGAME-25JUL22ATHTEX-TEX,63,37,51,yes
1753233675390,1753233675,KXMLBGAME-25JUL22LAANYM-LAA,17,83,12,yes
1753233677218,1753233677,KXMLBGAME-25JUL22KCCHC-KC,26,74,5,no
1753233677729,1753233677,KXMLBGAME-25JUL22KCCHC-CHC,74,26,118,yes
1753233679570,1753233679,KXMLBGAME-25JUL22NYYTOR-NYY,51,49,25,yes
1753233680130,1753233680,KXMLBGAME-25JUL22LAANYM-NYM,85,15,18,yes
1753233682450,1753233682,KXMLBGAME-25JUL22MILSEA-MIL,46,54,209,yes
1753233685070,1753233685,KXMLBGAME-25JUL22NYYTOR-TOR,51,49,70,yes
1753233690012,1753233689,KXMLBGAME-25JUL22DETPIT-DET,5,95,20,yes
1753233690012,1753233689,KXMLBGAME-25JUL22DETPIT-DET,6,94,61,yes
1753233691830,1753233691,KXMLBGAME-25JUL22NYYTOR-NYY,53,47,1,yes
1753233693713,1753233693,KXMLBGAME-25JUL22STLCOL-STL,24,76,19,yes
1753233693818,1753233693,KXMLBGAME-25JUL22ATHTEX-TEX,61,39,87,no
1753233693818,1753233693,KXMLBGAME-25JUL22ATHTEX-TEX,61,39,300,no
1753233694669,1753233694,KXMLBGAME-25JUL22NYYTOR-NYY,53,47,5,yes
1753233694972,1753233694,KXMLBGAME-25JUL22ATHTEX-TEX,61,39,39,yes
1753233695891,1753233695,KXMLBGAME-25JUL22NYYTOR-TOR,51,49,17,yes
1753233695891,1753233695,KXMLBGAME-25JUL22NYYTOR-TOR,51,49,45,yes
1753233695930,1753233695,KXMLBGAME-25JUL22CWSTB-CWS,14,86,6,yes
1753233698177,1753233698,KXMLBGAME-25JUL22DETPIT-PIT,98,2,8,yes
1753233699628,1753233699,KXMLBGAME-25JUL22KCCHC-KC,26,74,1990,no
1753233703613,1753233703,KXMLBGAME-25JUL22SDMIA-MIA,99,1,16,no
1753233705710,1753233705,KXMLBGAME-25JUL22STLCOL-STL,23,77,61,no
1753233710233,1753233710,KXMLBGAME-25JUL22KCCHC-KC,27,73,52,yes
1753233710330,1753233710,KXMLBGAME-25JUL22NYYTOR-NYY,53,47,36,yes
1753233713705,1753233713,KXMLBGAME-25JUL22CWSTB-CWS,11,89,87,no
1753233713705,1753233713,KXMLBGAME-25JUL22CWSTB-CWS,10,90,1,no
1753233715533,1753233715,KXMLBGAME-25JUL22KCCHC-KC,27,73,35,yes
1753233715533,1753233715,KXMLBGAME-25JUL22KCCHC-KC,27,73,50,yes
1753233715533,1753233715,KXMLBGAME-25JUL22KCCHC-KC,28,72,300,yes
1753233717492,1753233717,KXMLBGAME-25JUL22KCCHC-KC,28,72,615,no
1753233717531,1753233717,KXMLBGAME-25JUL22BOSPHI-BOS,1,99,561,yes
1753233718409,1753233718,KXMLBGAME-25JUL22KCCHC-KC,27,73,25,no
1753233722549,1753233722,KXMLBGAME-25JUL22NYYTOR-NYY,53,47,182,yes
1753233723450,1753233723,KXMLBGAME-25JUL22KCCHC-KC,34,66,6,yes
1753233723451,1753233723,KXMLBGAME-25JUL22KCCHC-KC,73,27,100,yes
1753233723451,1753233723,KXMLBGAME-25JUL22KCCHC-KC,75,25,100,yes
1753233723451,1753233723,KXMLBGAME-25JUL22KCCHC-KC,77,23,1,yes
1753233723451,1753233723,KXMLBGAME-25JUL22KCCHC-KC,79,21,1,yes
1753233723451,1753233723,KXMLBGAME-25JUL22KCCHC-KC,80,20,100,yes
1753233723451,1753233723,KXMLBGAME-25JUL22KCCHC-KC,82,18,1,yes
1753233723451,1753233723,KXMLBGAME-25JUL22KCCHC-KC,84,16,100,yes
1753233723451,1753233723,KXMLBGAME-25JUL22KCCHC-KC,85,15,244,yes
1753233723452,1753233723,KXMLBGAME-25JUL22KCCHC-KC,86,14,285,yes
1753233723452,1753233723,KXMLBGAME-25JUL22KCCHC-KC,87,13,252,yes
1753233724472,1753233724,KXMLBGAME-25JUL22NYYTOR-NYY,53,47,182,yes
1753233725492,1753233725,KXMLBGAME-25JUL22ATHTEX-TEX,61,39,75,no
1753233725670,1753233725,KXMLBGAME-25JUL22ATHTEX-TEX,61,39,425,yes
1753233728967,1753233728,KXMLBGAME-25JUL22NYYTOR-TOR,50,50,34,no
1753233731572,1753233731,KXMLBGAME-25JUL22DETPIT-PIT,97,3,174,no
1753233732351,1753233732,KXMLBGAME-25JUL22MINLAD-LAD,65,35,147,yes
1753233740810,1753233740,KXMLBGAME-25JUL22BALCLE-BAL,3,97,15,yes
1753233744689,1753233744,KXMLBGAME-25JUL22ATHTEX-TEX,62,38,500,yes
1753233744689,1753233744,KXMLBGAME-25JUL22ATHTEX-TEX,62,38,500,yes
1753233744891,1753233744,KXMLBGAME-25JUL22STLCOL-COL,79,21,1,yes
1753233744891,1753233744,KXMLBGAME-25JUL22STLCOL-COL,80,20,100,yes
1753233744952,1753233744,KXMLBGAME-25JUL22STLCOL-STL,23,77,39,no
1753233744952,1753233744,KXMLBGAME-25JUL22STLCOL-STL,21,79,1,no
1753233745070,1753233744,KXMLBGAME-25JUL22STLCOL-STL,18,82,1,no
1753233745070,1753233744,KXMLBGAME-25JUL22STLCOL-STL,17,83,100,no
1753233745569,1753233745,KXMLBGAME-25JUL22STLCOL-COL,82,18,1,yes
1753233747289,1753233747,KXMLBGAME-25JUL22LAANYM-NYM,84,16,25,no
1753233751291,1753233751,KXMLBGAME-25JUL22DETPIT-DET,3,97,59,no
1753233751850,1753233751,KXMLBGAME-25JUL22STLCOL-COL,84,16,100,yes
1753233751850,1753233751,KXMLBGAME-25JUL22STLCOL-COL,85,15,244,yes
1753233753273,1753233753,KXMLBGAME-25JUL22KCCHC-CHC,88,12,30,yes
1753233753273,1753233753,KXMLBGAME-25JUL22KCCHC-CHC,90,10,80,yes
1753233755570,1753233755,KXMLBGAME-25JUL22BALCLE-BAL,3,97,31,yes
1753233756717,1753233756,KXMLBGAME-25JUL22DETPIT-DET,6,94,17,yes
1753233756717,1753233756,KXMLBGAME-25JUL22DETPIT-DET,7,93,55,yes
1753233756717,1753233756,KXMLBGAME-25JUL22DETPIT-DET,7,93,64,yes
1753233757249,1753233757,KXMLBGAME-25JUL22LAANYM-LAA,15,85,14,no
1753233758429,1753233758,KXMLBGAME-25JUL22CWSTB-CWS,12,88,62,yes
1753233760229,1753233760,KXMLBGAME-25JUL22STLCOL-STL,15,85,4,no
1753233760314,1753233760,KXMLBGAME-25JUL22STLCOL-STL,15,85,240,no
1753233760609,1753233760,KXMLBGAME-25JUL22STLCOL-STL,14,86,100,no
1753233760609,1753233760,KXMLBGAME-25JUL22STLCOL-STL,13,87,699,no
1753233760609,1753233760,KXMLBGAME-25JUL22STLCOL-STL,12,88,748,no
1753233760773,1753233760,KXMLBGAME-25JUL22STLCOL-COL,87,13,699,yes
1753233760773,1753233760,KXMLBGAME-25JUL22STLCOL-COL,88,12,748,yes
1753233762489,1753233762,KXMLBGAME-25JUL22STLCOL-COL,89,11,788,yes
1753233764848,1753233764,KXMLBGAME-25JUL22KCCHC-KC,21,79,54,no
1753233764848,1753233764,KXMLBGAME-25JUL22KCCHC-KC,21,79,100,no
1753233766309,1753233766,KXMLBGAME-25JUL22STLCOL-STL,11,89,433,no
1753233767408,1753233767,KXMLBGAME-25JUL22STLCOL-STL,11,89,355,no
1753233771211,1753233771,KXMLBGAME-25JUL22DETPIT-DET,3,97,110,no
1753233772510,1753233772,KXMLBGAME-25JUL22LAANYM-NYM,85,15,300,yes
1753233774271,1753233774,KXMLBGAME-25JUL22CWSTB-CWS,11,89,5,no
1753233774711,1753233774,KXMLBGAME-25JUL22MILSEA-SEA,54,46,210,no
1753233775650,1753233775,KXMLBGAME-25JUL22DETPIT-PIT,96,4,10,yes
1753233777669,1753233777,KXMLBGAME-25JUL22CWSTB-TB,89,11,55,yes
1753233777971,1753233777,KXMLBGAME-25JUL22HOUARI-ARI,49,51,394,yes
1753233780415,1753233780,KXMLBGAME-25JUL22LAANYM-LAA,14,86,100,no
1753233780529,1753233780,KXMLBGAME-25JUL22LAANYM-NYM,85,15,300,yes
1753233780529,1753233780,KXMLBGAME-25JUL22LAANYM-NYM,86,14,87,yes
1753233781869,1753233781,KXMLBGAME-25JUL22MILSEA-MIL,46,54,43,yes
1753233784830,1753233784,KXMLBGAME-25JUL22STLCOL-COL,90,10,30,yes
1753233788229,1753233788,KXMLBGAME-25JUL22LAANYM-NYM,86,14,300,no
1753233790290,1753233790,KXMLBGAME-25JUL22NYYTOR-NYY,53,47,32,yes
1753233790311,1753233790,KXMLBGAME-25JUL22STLCOL-COL,90,10,122,yes
1753233792389,1753233792,KXMLBGAME-25JUL22CWSTB-CWS,12,88,5,yes
1753233794850,1753233794,KXMLBGAME-25JUL22MILSEA-SEA,55,45,28,yes
1753233795490,1753233795,KXMLBGAME-25JUL22NYYTOR-NYY,51,49,20,no
1753233796590,1753233796,KXMLBGAME-25JUL22BOSPHI-PHI,99,1,12,no
1753233797510,1753233797,KXMLBGAME-25JUL22STLCOL-COL,90,10,22,yes
1753233800091,1753233800,KXMLBGAME-25JUL22NYYTOR-NYY,49,51,20,no
1753233805530,1753233805,KXMLBGAME-25JUL22DETPIT-DET,3,97,1,no
1753233808330,1753233807,KXMLBGAME-25JUL22LAANYM-LAA,15,85,62,yes
1753233808612,1753233808,KXMLBGAME-25JUL22KCCHC-KC,20,80,61,yes
1753233809430,1753233809,KXMLBGAME-25JUL22STLCOL-STL,11,89,5,yes
1753233810230,1753233810,KXMLBGAME-25JUL22NYYTOR-NYY,51,49,51,yes
1753233811033,1753233810,KXMLBGAME-25JUL22ATHTEX-TEX,63,37,50,yes
1753233811033,1753233810,KXMLBGAME-25JUL22ATHTEX-TEX,63,37,87,yes
1753233811530,1753233811,KXMLBGAME-25JUL22KCCHC-KC,13,87,285,no
1753233812424,1753233811,KXMLBGAME-25JUL22NYYTOR-TOR,51,49,432,yes
1753233812424,1753233811,KXMLBGAME-25JUL22NYYTOR-TOR,51,49,2901,yes
1753233812830,1753233812,KXMLBGAME-25JUL22NYYTOR-TOR,51,49,394,yes
1753233812830,1753233812,KXMLBGAME-25JUL22NYYTOR-TOR,51,49,32,yes
1753233814210,1753233814,KXMLBGAME-25JUL22KCCHC-KC,13,87,168,yes
1753233814315,1753233814,KXMLBGAME-25JUL22KCCHC-CHC,88,12,5,yes
1753233816030,1753233815,KXMLBGAME-25JUL22LAANYM-NYM,88,12,1,yes
1753233820411,1753233819,KXMLBGAME-25JUL22KCCHC-KC,13,87,132,yes
1753233820411,1753233819,KXMLBGAME-25JUL22KCCHC-KC,14,86,551,yes
1753233822411,1753233822,KXMLBGAME-25JUL22LAANYM-LAA,15,85,10,yes
1753233823330,1753233823,KXMLBGAME-25JUL22KCCHC-KC,13,87,168,yes
1753233824589,1753233824,KXMLBGAME-25JUL22KCCHC-CHC,86,14,136,no
1753233826490,1753233826,KXMLBGAME-25JUL22NYYTOR-TOR,52,48,300,yes
1753233826490,1753233826,KXMLBGAME-25JUL22NYYTOR-TOR,53,47,10,yes
1753233826570,1753233826,KXMLBGAME-25JUL22KCCHC-CHC,88,12,82,yes
1753233826570,1753233826,KXMLBGAME-25JUL22KCCHC-CHC,88,12,341,yes
1753233826570,1753233826,KXMLBGAME-25JUL22KCCHC-KC,12,88,87,no
1753233827411,1753233827,KXMLBGAME-25JUL22KCCHC-CHC,88,12,299,yes
1753233828130,1753233828,KXMLBGAME-25JUL22KCCHC-KC,13,87,72,yes
1753233831870,1753233831,KXMLBGAME-25JUL22KCCHC-CHC,89,11,3,yes
1753233832712,1753233832,KXMLBGAME-25JUL22STLCOL-STL,9,91,10,no
1753233833749,1753233833,KXMLBGAME-25JUL22NYYTOR-NYY,50,50,3,yes
1753233836559,1753233836,KXMLBGAME-25JUL22KCCHC-KC,14,86,168,yes
1753233838930,1753233838,KXMLBGAME-25JUL22NYYTOR-NYY,50,50,193,yes
1753233839169,1753233839,KXMLBGAME-25JUL22STLCOL-COL,90,10,20,yes
1753233839249,1753233839,KXMLBGAME-25JUL22CWSTB-TB,90,10,1,yes
1753233839990,1753233839,KXMLBGAME-25JUL22BALCLE-BAL,1,99,11,no
1753233841553,1753233841,KXMLBGAME-25JUL22STLCOL-STL,11,89,100,no
1753233842870,1753233842,KXMLBGAME-25JUL22NYYTOR-NYY,49,51,87,no
1753233843470,1753233843,KXMLBGAME-25JUL22KCCHC-KC,13,87,57,yes
1753233843649,1753233843,KXMLBGAME-25JUL22MINLAD-LAD,65,35,45,yes
1753233845429,1753233845,KXMLBGAME-25JUL22NYYTOR-NYY,49,51,300,no
1753233845429,1753233845,KXMLBGAME-25JUL22NYYTOR-NYY,48,52,600,no
1753233845429,1753233845,KXMLBGAME-25JUL22NYYTOR-NYY,48,52,2000,no
1753233845429,1753233845,KXMLBGAME-25JUL22NYYTOR-NYY,48,52,84,no
1753233845528,1753233845,KXMLBGAME-25JUL22NYYTOR-TOR,52,48,84,yes
1753233847809,1753233847,KXMLBGAME-25JUL22DETPIT-PIT,96,4,25,yes
1753233848570,1753233848,KXMLBGAME-25JUL22MINLAD-LAD,64,36,266,no
1753233849770,1753233849,KXMLBGAME-25JUL22NYYTOR-NYY,47,53,99,yes
1753233850729,1753233850,KXMLBGAME-25JUL22LAANYM-LAA,12,88,500,no
1753233850729,1753233850,KXMLBGAME-25JUL22LAANYM-LAA,12,88,300,no
1753233854210,1753233854,KXMLBGAME-25JUL22STLCOL-STL,12,88,78,yes
1753233855052,1753233854,KXMLBGAME-25JUL22BOSPHI-PHI,99,1,22,no
1753233856172,1753233856,KXMLBGAME-25JUL22KCCHC-CHC,87,13,31,no
1753233856610,1753233856,KXMLBGAME-25JUL22NYYTOR-TOR,54,46,17,yes
1753233856951,1753233856,KXMLBGAME-25JUL22CWSTB-CWS,11,89,9,yes
1753233857511,1753233857,KXMLBGAME-25JUL22HOUARI-HOU,52,48,55,yes
1753233857988,1753233857,KXMLBGAME-25JUL22NYYTOR-NYY,45,55,73,no
1753233858232,1753233858,KXMLBGAME-25JUL22ATHTEX-TEX,66,34,60,yes
1753233860971,1753233860,KXMLBGAME-25JUL22KCCHC-CHC,87,13,5,no
1753233862082,1753233862,KXMLBGAME-25JUL22LAANYM-NYM,91,9,5,yes
1753233863451,1753233863,KXMLBGAME-25JUL22STLCOL-COL,89,11,1,yes
1753233867270,1753233867,KXMLBGAME-25JUL22STLCOL-STL,12,88,2,yes
1753233868070,1753233868,KXMLBGAME-25JUL22LAANYM-NYM,89,11,65,no
1753233870091,1753233870,KXMLBGAME-25JUL22KCCHC-CHC,87,13,15,no
1753233872494,1753233872,KXMLBGAME-25JUL22MILSEA-SEA,55,45,334,yes
1753233874651,1753233874,KXMLBGAME-25JUL22NYYTOR-NYY,46,54,87,yes
1753233874651,1753233874,KXMLBGAME-25JUL22NYYTOR-NYY,47,53,119,yes
1753233878630,1753233878,KXMLBGAME-25JUL22MINLAD-MIN,35,65,300,no
1753233880807,1753233880,KXMLBGAME-25JUL22BALCLE-CLE,97,3,31,no
1753233882112,1753233882,KXMLBGAME-25JUL22CWSTB-TB,88,12,87,yes
1753233882112,1753233882,KXMLBGAME-25JUL22CWSTB-TB,89,11,25,yes
1753233886210,1753233886,KXMLBGAME-25JUL22NYYTOR-TOR,55,45,87,yes
1753233886210,1753233886,KXMLBGAME-25JUL22NYYTOR-TOR,55,45,103,yes
1753233887176,1753233887,KXMLBGAME-25JUL22BALCLE-BAL,3,97,5,yes
1753233888713,1753233888,KXMLBGAME-25JUL22KCCHC-KC,13,87,7,yes
1753233888812,1753233888,KXMLBGAME-25JUL22DETPIT-PIT,96,4,8,yes
1753233888872,1753233888,KXMLBGAME-25JUL22STLCOL-STL,10,90,21,no
1753233888931,1753233888,KXMLBGAME-25JUL22DETPIT-PIT,95,5,18,no
1753233893009,1753233892,KXMLBGAME-25JUL22MILSEA-MIL,46,54,52,yes
1753233897009,1753233896,KXMLBGAME-25JUL22CWSTB-CWS,11,89,78,yes
1753233897009,1753233896,KXMLBGAME-25JUL22CWSTB-CWS,11,89,21,yes
1753233898649,1753233898,KXMLBGAME-25JUL22MINLAD-LAD,65,35,750,yes
1753233901183,1753233901,KXMLBGAME-25JUL22NYYTOR-TOR,56,44,67,yes
1753233901569,1753233901,KXMLBGAME-25JUL22NYYTOR-NYY,46,54,20,yes
1753233902750,1753233902,KXMLBGAME-25JUL22STLCOL-STL,10,90,79,no
1753233902750,1753233902,KXMLBGAME-25JUL22STLCOL-STL,10,90,648,no
1753233903751,1753233903,KXMLBGAME-25JUL22BALCLE-BAL,1,99,752,no
1753233903970,1753233903,KXMLBGAME-25JUL22NYYTOR-TOR,56,44,17,yes
1753233904112,1753233904,KXMLBGAME-25JUL22ATHTEX-TEX,65,35,220,yes
1753233904450,1753233904,KXMLBGAME-25JUL22ATHTEX-ATH,36,64,26,yes
1753233905631,1753233905,KXMLBGAME-25JUL22MILSEA-MIL,46,54,62,yes
1753233910114,1753233910,KXMLBGAME-25JUL22CWSTB-CWS,11,89,17,yes
1753233918248,1753233918,KXMLBGAME-25JUL22STLCOL-STL,10,90,237,no
1753233919209,1753233919,KXMLBGAME-25JUL22NYYTOR-TOR,56,44,5,yes
1753233929126,1753233928,KXMLBGAME-25JUL22KCCHC-CHC,89,11,5,yes
1753233929210,1753233929,KXMLBGAME-25JUL22STLCOL-COL,88,12,67,no
1753233930129,1753233929,KXMLBGAME-25JUL22STLCOL-STL,10,90,81,no
1753233930311,1753233930,KXMLBGAME-25JUL22ATHTEX-ATH,36,64,48,yes
1753233931017,1753233930,KXMLBGAME-25JUL22MINLAD-MIN,36,64,68,yes
1753233937872,1753233937,KXMLBGAME-25JUL22CWSTB-TB,90,10,87,yes
1753233937872,1753233937,KXMLBGAME-25JUL22CWSTB-TB,90,10,600,yes
1753233937872,1753233937,KXMLBGAME-25JUL22CWSTB-TB,91,9,500,yes
1753233937872,1753233937,KXMLBGAME-25JUL22CWSTB-TB,91,9,133,yes
1753233938888,1753233938,KXMLBGAME-25JUL22MILSEA-MIL,46,54,438,yes
1753233938889,1753233938,KXMLBGAME-25JUL22MILSEA-MIL,46,54,85,yes
1753233939550,1753233939,KXMLBGAME-25JUL22NYYTOR-TOR,58,42,83,yes
1753233940049,1753233939,KXMLBGAME-25JUL22BALCLE-BAL,1,99,13,no
1753233940408,1753233940,KXMLBGAME-25JUL22HOUARI-HOU,52,48,55,yes
1753233941970,1753233941,KXMLBGAME-25JUL22NYYTOR-NYY,43,57,87,yes
1753233941970,1753233941,KXMLBGAME-25JUL22NYYTOR-NYY,44,56,131,yes
1753233946749,1753233946,KXMLBGAME-25JUL22STLCOL-COL,89,11,1,yes
1753233947788,1753233947,KXMLBGAME-25JUL22NYYTOR-TOR,58,42,38,yes
1753233948130,1753233948,KXMLBGAME-25JUL22DETPIT-DET,3,97,50,no
1753233948670,1753233948,KXMLBGAME-25JUL22ATHTEX-ATH,36,64,12,yes
1753233950591,1753233950,KXMLBGAME-25JUL22DETPIT-DET,6,94,4,yes
1753233952468,1753233952,KXMLBGAME-25JUL22NYYTOR-TOR,58,42,13,yes
1753233955051,1753233955,KXMLBGAME-25JUL22BOSPHI-BOS,1,99,1008,yes
1753233955072,1753233955,KXMLBGAME-25JUL22NYYTOR-NYY,44,56,65,yes
1753233955130,1753233955,KXMLBGAME-25JUL22MILSEA-SEA,55,45,44,yes
1753233957670,1753233957,KXMLBGAME-25JUL22LAANYM-LAA,12,88,9,yes
1753233963931,1753233963,KXMLBGAME-25JUL22NYYTOR-NYY,42,58,419,no
1753233964430,1753233964,KXMLBGAME-25JUL22BALCLE-BAL,1,99,5,no
1753233965709,1753233965,KXMLBGAME-25JUL22KCCHC-KC,11,89,17,no
1753233965749,1753233965,KXMLBGAME-25JUL22MINLAD-LAD,65,35,15,yes
1753233971170,1753233971,KXMLBGAME-25JUL22NYYTOR-TOR,56,44,43,yes
1753233973807,1753233973,KXMLBGAME-25JUL22NYYTOR-TOR,56,44,8,yes
1753233973828,1753233973,KXMLBGAME-25JUL22MILSEA-MIL,46,54,52,yes
1753233974524,1753233974,KXMLBGAME-25JUL22NYYTOR-NYY,44,56,83,yes
1753233974524,1753233974,KXMLBGAME-25JUL22NYYTOR-NYY,45,55,2,yes
1753233974951,1753233974,KXMLBGAME-25JUL22MINLAD-LAD,65,35,72,yes
1753233974951,1753233974,KXMLBGAME-25JUL22MINLAD-LAD,65,35,72,yes
1753233975251,1753233975,KXMLBGAME-25JUL22KCCHC-KC,13,87,15,yes
1753233977391,1753233977,KXMLBGAME-25JUL22NYYTOR-NYY,43,57,1,no
1753233977410,1753233977,KXMLBGAME-25JUL22LAANYM-LAA,10,90,12,no
1753233978452,1753233978,KXMLBGAME-25JUL22NYYTOR-TOR,56,44,2,no
1753233978931,1753233978,KXMLBGAME-25JUL22BALCLE-BAL,1,99,97,no
1753233978931,1753233978,KXMLBGAME-25JUL22BALCLE-BAL,1,99,87,no
1753233979009,1753233978,KXMLBGAME-25JUL22NYYTOR-TOR,57,43,106,yes
1753233979790,1753233979,KXMLBGAME-25JUL22DETPIT-DET,6,94,3,yes
1753233983090,1753233983,KXMLBGAME-25JUL22NYYTOR-NYY,44,56,4,yes
1753233984669,1753233984,KXMLBGAME-25JUL22STLCOL-STL,13,87,36,yes
1753233986511,1753233986,KXMLBGAME-25JUL22NYYTOR-TOR,57,43,85,yes
1753233987152,1753233987,KXMLBGAME-25JUL22NYYTOR-NYY,44,56,43,yes
1753233987458,1753233987,KXMLBGAME-25JUL22CWSTB-CWS,10,90,87,no
1753233988451,1753233988,KXMLBGAME-25JUL22NYYTOR-TOR,57,43,192,yes
1753233990371,1753233990,KXMLBGAME-25JUL22MILSEA-MIL,46,54,62,yes
1753233991651,1753233991,KXMLBGAME-25JUL22DETPIT-PIT,96,4,85,yes
1753233995470,1753233995,KXMLBGAME-25JUL22NYYTOR-NYY,43,57,50,yes
1753233995470,1753233995,KXMLBGAME-25JUL22NYYTOR-NYY,44,56,257,yes
1753233997451,1753233997,KXMLBGAME-25JUL22KCCHC-CHC,87,13,101,no
1753233998788,1753233998,KXMLBGAME-25JUL22MINLAD-MIN,35,65,325,no
1753233999209,1753233999,KXMLBGAME-25JUL22NYYTOR-TOR,58,42,1,yes
1753233999849,1753233999,KXMLBGAME-25JUL22NYYTOR-NYY,43,57,38,yes
1753233999850,1753233999,KXMLBGAME-25JUL22NYYTOR-NYY,44,56,181,yes
1753234000749,1753234000,KXMLBGAME-25JUL22KCCHC-CHC,89,11,111,yes
1753234000749,1753234000,KXMLBGAME-25JUL22BALCLE-CLE,99,1,990,yes
1753234000749,1753234000,KXMLBGAME-25JUL22BALCLE-CLE,99,1,142,yes
1753234003050,1753234003,KXMLBGAME-25JUL22CWSTB-CWS,7,93,9,yes
1753234004331,1753234004,KXMLBGAME-25JUL22DETPIT-PIT,96,4,10,yes
1753234005372,1753234005,KXMLBGAME-25JUL22NYYTOR-NYY,43,57,1,yes
1753234005929,1753234005,KXMLBGAME-25JUL22DETPIT-PIT,96,4,1,yes
1753234006610,1753234006,KXMLBGAME-25JUL22BOSPHI-BOS,1,99,93,yes
1753234008431,1753234008,KXMLBGAME-25JUL22DETPIT-PIT,96,4,112,yes
1753234008431,1753234008,KXMLBGAME-25JUL22DETPIT-PIT,96,4,147,yes
1753234010831,1753234010,KXMLBGAME-25JUL22NYYTOR-TOR,58,42,10,no
1753234015091,1753234015,KXMLBGAME-25JUL22CWSTB-TB,96,4,200,yes
1753234015091,1753234015,KXMLBGAME-25JUL22CWSTB-TB,96,4,7,yes
1753234016949,1753234016,KXMLBGAME-25JUL22KCCHC-CHC,89,11,25,yes
1753234017031,1753234016,KXMLBGAME-25JUL22ATHTEX-TEX,62,38,73,yes
1753234018590,1753234018,KXMLBGAME-25JUL22LAANYM-NYM,91,9,86,yes
1753234018590,1753234018,KXMLBGAME-25JUL22LAANYM-NYM,91,9,26,yes
1753234019530,1753234019,KXMLBGAME-25JUL22DETPIT-PIT,96,4,259,yes
1753234020250,1753234020,KXMLBGAME-25JUL22DETPIT-PIT,96,4,103,yes
1753234021113,1753234021,KXMLBGAME-25JUL22NYYTOR-NYY,42,58,10,yes
1753234021674,1753234021,KXMLBGAME-25JUL22BALCLE-CLE,99,1,54,no
1753234021852,1753234021,KXMLBGAME-25JUL22NYYTOR-NYY,42,58,13,yes
1753234021852,1753234021,KXMLBGAME-25JUL22NYYTOR-NYY,42,58,10,yes
1753234021852,1753234021,KXMLBGAME-25JUL22NYYTOR-NYY,43,57,19,yes
1753234021852,1753234021,KXMLBGAME-25JUL22NYYTOR-NYY,43,57,9,yes
1753234024289,1753234024,KXMLBGAME-25JUL22LAANYM-NYM,88,12,87,no
1753234024289,1753234024,KXMLBGAME-25JUL22LAANYM-NYM,88,12,300,no
1753234024289,1753234024,KXMLBGAME-25JUL22LAANYM-NYM,88,12,1347,no
1753234024351,1753234024,KXMLBGAME-25JUL22LAANYM-NYM,88,12,1522,no
1753234024450,1753234024,KXMLBGAME-25JUL22LAANYM-LAA,12,88,87,yes
1753234024450,1753234024,KXMLBGAME-25JUL22LAANYM-LAA,12,88,1435,yes
1753234026191,1753234026,KXMLBGAME-25JUL22CWSTB-CWS,5,95,297,yes
1753234028109,1753234027,KXMLBGAME-25JUL22MILSEA-MIL,46,54,16,yes
1753234030029,1753234029,KXMLBGAME-25JUL22NYYTOR-TOR,59,41,2458,yes
1753234030588,1753234030,KXMLBGAME-25JUL22NYYTOR-NYY,40,60,87,no
1753234030769,1753234030,KXMLBGAME-25JUL22NYYTOR-NYY,40,60,13,no
1753234030769,1753234030,KXMLBGAME-25JUL22NYYTOR-NYY,40,60,300,no
1753234031450,1753234031,KXMLBGAME-25JUL22ATHTEX-ATH,40,60,2,yes
1753234037398,1753234037,KXMLBGAME-25JUL22ATHTEX-ATH,40,60,8,yes
1753234037952,1753234037,KXMLBGAME-25JUL22BOSPHI-PHI,99,1,65,no
1753234039479,1753234039,KXMLBGAME-25JUL22DETPIT-DET,6,94,275,yes
1753234039479,1753234039,KXMLBGAME-25JUL22DETPIT-DET,7,93,119,yes
1753234039479,1753234039,KXMLBGAME-25JUL22DETPIT-DET,7,93,12,yes
1753234039479,1753234039,KXMLBGAME-25JUL22DETPIT-DET,7,93,600,yes
1753234039479,1753234039,KXMLBGAME-25JUL22DETPIT-DET,8,92,663,yes
1753234041890,1753234041,KXMLBGAME-25JUL22CWSTB-CWS,5,95,3,yes
1753234042209,1753234042,KXMLBGAME-25JUL22DETPIT-PIT,96,4,66,yes
1753234042391,1753234042,KXMLBGAME-25JUL22NYYTOR-TOR,63,37,43,yes
1753234042751,1753234042,KXMLBGAME-25JUL22CWSTB-CWS,5,95,18,yes
1753234043529,1753234043,KXMLBGAME-25JUL22CWSTB-TB,98,2,300,yes
1753234043529,1753234043,KXMLBGAME-25JUL22CWSTB-TB,98,2,300,yes
1753234044791,1753234044,KXMLBGAME-25JUL22LAANYM-LAA,15,85,62,yes
1753234045701,1753234045,KXMLBGAME-25JUL22CWSTB-CWS,5,95,18,yes
1753234047529,1753234047,KXMLBGAME-25JUL22KCCHC-KC,13,87,145,yes
1753234048009,1753234047,KXMLBGAME-25JUL22DETPIT-PIT,98,2,87,yes
1753234048009,1753234047,KXMLBGAME-25JUL22DETPIT-PIT,99,1,194,yes
1753234051830,1753234051,KXMLBGAME-25JUL22NYYTOR-TOR,63,37,15,yes
1753234053134,1753234053,KXMLBGAME-25JUL22LAANYM-LAA,15,85,4,yes
1753234053134,1753234053,KXMLBGAME-25JUL22LAANYM-LAA,15,85,1,yes
1753234055421,1753234055,KXMLBGAME-25JUL22LAANYM-LAA,14,86,13,yes
1753234055832,1753234055,KXMLBGAME-25JUL22DETPIT-PIT,98,2,87,yes
1753234055832,1753234055,KXMLBGAME-25JUL22DETPIT-PIT,99,1,249,yes
1753234060729,1753234060,KXMLBGAME-25JUL22NYYTOR-NYY,37,63,30,no
1753234063411,1753234063,KXMLBGAME-25JUL22KCCHC-KC,13,87,7,yes
1753234064391,1753234064,KXMLBGAME-25JUL22ATHTEX-ATH,39,61,239,no
1753234064908,1753234064,KXMLBGAME-25JUL22KCCHC-CHC,89,11,111,yes
1753234065153,1753234065,KXMLBGAME-25JUL22HOUARI-HOU,52,48,12,yes
1753234065270,1753234065,KXMLBGAME-25JUL22DETPIT-DET,4,96,5,no
1753234065270,1753234065,KXMLBGAME-25JUL22DETPIT-DET,4,96,5,no
1753234065270,1753234065,KXMLBGAME-25JUL22DETPIT-PIT,97,3,5,no
1753234065270,1753234065,KXMLBGAME-25JUL22DETPIT-PIT,97,3,5,no
1753234065291,1753234065,KXMLBGAME-25JUL22DETPIT-PIT,97,3,300,no
1753234065291,1753234065,KXMLBGAME-25JUL22DETPIT-DET,4,96,290,no
1753234065531,1753234065,KXMLBGAME-25JUL22CWSTB-CWS,4,96,58,no
1753234065651,1753234065,KXMLBGAME-25JUL22STLCOL-COL,88,12,300,yes
1753234065791,1753234065,KXMLBGAME-25JUL22BALCLE-CLE,99,1,946,no
1753234065829,1753234065,KXMLBGAME-25JUL22DETPIT-DET,4,96,10,yes
1753234065951,1753234065,KXMLBGAME-25JUL22DETPIT-PIT,97,3,500,no
1753234066110,1753234066,KXMLBGAME-25JUL22DETPIT-PIT,97,3,190,no
1753234066110,1753234066,KXMLBGAME-25JUL22DETPIT-DET,4,96,87,no
1753234067011,1753234066,KXMLBGAME-25JUL22ATHTEX-TEX,69,31,87,yes
1753234067032,1753234066,KXMLBGAME-25JUL22ATHTEX-ATH,31,69,87,no
1753234067131,1753234067,KXMLBGAME-25JUL22ATHTEX-TEX,69,31,53,yes
1753234067150,1753234067,KXMLBGAME-25JUL22ATHTEX-ATH,31,69,53,no
1753234067170,1753234067,KXMLBGAME-25JUL22DETPIT-PIT,96,4,483,no
1753234067232,1753234067,KXMLBGAME-25JUL22NYYTOR-NYY,39,61,24,yes
1753234067252,1753234067,KXMLBGAME-25JUL22ATHTEX-TEX,69,31,40,yes
1753234067269,1753234067,KXMLBGAME-25JUL22ATHTEX-ATH,31,69,27,no
1753234067291,1753234067,KXMLBGAME-25JUL22CWSTB-TB,98,2,4,yes
1753234067370,1753234067,KXMLBGAME-25JUL22ATHTEX-TEX,69,31,10,yes
1753234067807,1753234067,KXMLBGAME-25JUL22DETPIT-DET,5,95,300,no
1753234067831,1753234067,KXMLBGAME-25JUL22DETPIT-PIT,96,4,300,no
1753234068153,1753234068,KXMLBGAME-25JUL22DETPIT-PIT,96,4,482,no
1753234068470,1753234068,KXMLBGAME-25JUL22CWSTB-CWS,5,95,4,yes
1753234068991,1753234068,KXMLBGAME-25JUL22DETPIT-PIT,96,4,464,no
1753234069550,1753234069,KXMLBGAME-25JUL22NYYTOR-NYY,37,63,234,no
1753234069630,1753234069,KXMLBGAME-25JUL22STLCOL-STL,13,87,5,yes
1753234069930,1753234069,KXMLBGAME-25JUL22DETPIT-PIT,96,4,305,no
1753234070792,1753234070,KXMLBGAME-25JUL22MILSEA-MIL,46,54,251,yes
1753234070810,1753234070,KXMLBGAME-25JUL22MILSEA-SEA,55,45,141,yes
1753234071609,1753234071,KXMLBGAME-25JUL22NYYTOR-TOR,63,37,29,yes
1753234071609,1753234071,KXMLBGAME-25JUL22NYYTOR-TOR,63,37,125,yes
1753234072569,1753234072,KXMLBGAME-25JUL22NYYTOR-NYY,37,63,73,no
1753234075112,1753234075,KXMLBGAME-25JUL22DETPIT-PIT,96,4,5,yes
1753234075571,1753234075,KXMLBGAME-25JUL22NYYTOR-NYY,39,61,22,yes
1753234076349,1753234076,KXMLBGAME-25JUL22CWSTB-TB,95,5,1,no
1753234077571,1753234077,KXMLBGAME-25JUL22CWSTB-CWS,4,96,12,no
1753234077889,1753234077,KXMLBGAME-25JUL22NYYTOR-NYY,37,63,3,no
1753234082091,1753234082,KXMLBGAME-25JUL22ATHTEX-TEX,73,27,90,yes
1753234084792,1753234084,KXMLBGAME-25JUL22ATHTEX-TEX,75,25,100,yes
1753234084792,1753234084,KXMLBGAME-25JUL22ATHTEX-TEX,77,23,16,yes
1753234084810,1753234084,KXMLBGAME-25JUL22ATHTEX-TEX,77,23,3,yes
1753234087270,1753234087,KXMLBGAME-25JUL22DETPIT-PIT,96,4,5,yes
1753234087650,1753234087,KXMLBGAME-25JUL22STLCOL-STL,13,87,5,yes
1753234087849,1753234087,KXMLBGAME-25JUL22STLCOL-STL,13,87,3,yes
1753234090770,1753234090,KXMLBGAME-25JUL22DETPIT-PIT,96,4,10,yes
1753234091090,1753234090,KXMLBGAME-25JUL22ATHTEX-ATH,21,79,87,yes
1753234091090,1753234090,KXMLBGAME-25JUL22ATHTEX-ATH,22,78,4000,yes
1753234091090,1753234090,KXMLBGAME-25JUL22ATHTEX-ATH,22,78,226,yes
1753234091270,1753234091,KXMLBGAME-25JUL22ATHTEX-ATH,21,79,34,yes
1753234091869,1753234091,KXMLBGAME-25JUL22STLCOL-COL,89,11,10,yes
1753234092890,1753234092,KXMLBGAME-25JUL22KCCHC-KC,13,87,59,yes
1753234094742,1753234094,KXMLBGAME-25JUL22NYYTOR-NYY,37,63,30,no
1753234097710,1753234097,KXMLBGAME-25JUL22DETPIT-PIT,96,4,86,yes
1753234099889,1753234099,KXMLBGAME-25JUL22STLCOL-STL,11,89,50,no
1753234099969,1753234099,KXMLBGAME-25JUL22NYYTOR-NYY,37,63,69,no
1753234100941,1753234100,KXMLBGAME-25JUL22KCCHC-CHC,89,11,5,yes
1753234101810,1753234101,KXMLBGAME-25JUL22ATHTEX-TEX,80,20,30,yes
1753234103071,1753234103,KXMLBGAME-25JUL22CWSTB-CWS,4,96,14,no
1753234103749,1753234103,KXMLBGAME-25JUL22CWSTB-TB,99,1,1000,yes
1753234103749,1753234103,KXMLBGAME-25JUL22CWSTB-TB,99,1,244,yes
1753234103749,1753234103,KXMLBGAME-25JUL22HOUARI-HOU,52,48,336,yes
1753234103749,1753234103,KXMLBGAME-25JUL22CWSTB-TB,99,1,93,no
1753234103749,1753234103,KXMLBGAME-25JUL22CWSTB-CWS,4,96,93,no
1753234104569,1753234104,KXMLBGAME-25JUL22CWSTB-CWS,3,97,500,no
1753234104569,1753234104,KXMLBGAME-25JUL22CWSTB-TB,99,1,500,no
1753234104610,1753234104,KXMLBGAME-25JUL22DETPIT-PIT,96,4,194,yes
1753234104610,1753234104,KXMLBGAME-25JUL22DETPIT-PIT,96,4,87,yes
1753234104650,1753234104,KXMLBGAME-25JUL22LAANYM-LAA,14,86,336,yes
1753234104888,1753234104,KXMLBGAME-25JUL22NYYTOR-TOR,63,37,108,yes
1753234105093,1753234104,KXMLBGAME-25JUL22CWSTB-CWS,2,98,300,no
1753234105093,1753234104,KXMLBGAME-25JUL22CWSTB-CWS,1,99,1000,no
1753234105093,1753234105,KXMLBGAME-25JUL22CWSTB-TB,99,1,300,no
1753234106649,1753234106,KXMLBGAME-25JUL22DETPIT-DET,7,93,13,yes
1753234107231,1753234107,KXMLBGAME-25JUL22NYYTOR-NYY,39,61,24,yes
1753234107589,1753234107,KXMLBGAME-25JUL22ATHTEX-ATH,20,80,5,no
1753234109070,1753234109,KXMLBGAME-25JUL22DETPIT-DET,4,96,78,no
1753234109070,1753234109,KXMLBGAME-25JUL22DETPIT-DET,4,96,3,no
1753234109070,1753234109,KXMLBGAME-25JUL22DETPIT-DET,4,96,42,no
1753234109272,1753234109,KXMLBGAME-25JUL22STLCOL-COL,91,9,52,yes
1753234109272,1753234109,KXMLBGAME-25JUL22STLCOL-COL,91,9,18,yes
1753234109771,1753234109,KXMLBGAME-25JUL22NYYTOR-NYY,39,61,24,yes
1753234110231,1753234110,KXMLBGAME-25JUL22DETPIT-PIT,96,4,11,yes
1753234111263,1753234111,KXMLBGAME-25JUL22MILSEA-MIL,46,54,213,yes
1753234111263,1753234111,KXMLBGAME-25JUL22MILSEA-MIL,46,54,69,yes
1753234112150,1753234112,KXMLBGAME-25JUL22NYYTOR-TOR,63,37,23,yes
1753234112290,1753234112,KXMLBGAME-25JUL22NYYTOR-TOR,63,37,20,yes
1753234112290,1753234112,KXMLBGAME-25JUL22NYYTOR-TOR,63,37,3,yes
1753234116388,1753234116,KXMLBGAME-25JUL22KCCHC-KC,13,87,108,yes
1753234119933,1753234119,KXMLBGAME-25JUL22NYYTOR-TOR,61,39,9,no
1753234122693,1753234122,KXMLBGAME-25JUL22DETPIT-PIT,96,4,54,yes
1753234123933,1753234123,KXMLBGAME-25JUL22DETPIT-DET,7,93,13,yes
1753234124430,1753234124,KXMLBGAME-25JUL22NYYTOR-NYY,39,61,2,yes
1753234125751,1753234125,KXMLBGAME-25JUL22NYYTOR-TOR,63,37,2,yes
1753234125973,1753234125,KXMLBGAME-25JUL22NYYTOR-NYY,37,63,36,no
1753234130510,1753234130,KXMLBGAME-25JUL22NYYTOR-NYY,39,61,204,yes
1753234130510,1753234130,KXMLBGAME-25JUL22NYYTOR-NYY,39,61,41,yes
1753234131570,1753234131,KXMLBGAME-25JUL22DETPIT-PIT,96,4,45,yes
1753234134053,1753234133,KXMLBGAME-25JUL22NYYTOR-NYY,36,64,21,no
1753234135210,1753234135,KXMLBGAME-25JUL22ATHTEX-ATH,17,83,16,no
1753234135591,1753234135,KXMLBGAME-25JUL22KCCHC-KC,13,87,738,yes
1753234135591,1753234135,KXMLBGAME-25JUL22KCCHC-KC,15,85,19,yes
1753234135591,1753234135,KXMLBGAME-25JUL22KCCHC-KC,15,85,17,yes
1753234135591,1753234135,KXMLBGAME-25JUL22KCCHC-KC,15,85,500,yes
1753234135591,1753234135,KXMLBGAME-25JUL22KCCHC-KC,15,85,87,yes
1753234135591,1753234135,KXMLBGAME-25JUL22KCCHC-KC,15,85,200,yes
1753234135591,1753234135,KXMLBGAME-25JUL22KCCHC-KC,15,85,109,yes
1753234135929,1753234135,KXMLBGAME-25JUL22HOUARI-ARI,48,52,1047,no
1753234136010,1753234135,KXMLBGAME-25JUL22HOUARI-HOU,52,48,547,yes
1753234136332,1753234136,KXMLBGAME-25JUL22DETPIT-DET,7,93,46,yes
1753234137012,1753234136,KXMLBGAME-25JUL22LAANYM-NYM,87,13,113,yes
1753234138462,1753234138,KXMLBGAME-25JUL22NYYTOR-TOR,60,40,23,no
1753234140491,1753234140,KXMLBGAME-25JUL22LAANYM-NYM,85,15,50,no
1753234140570,1753234140,KXMLBGAME-25JUL22LAANYM-LAA,15,85,50,yes
1753234142214,1753234142,KXMLBGAME-25JUL22STLCOL-STL,8,92,8,no
1753234142810,1753234142,KXMLBGAME-25JUL22HOUARI-HOU,52,48,200,yes
1753234145425,1753234145,KXMLBGAME-25JUL22NYYTOR-NYY,36,64,324,no
1753234145990,1753234145,KXMLBGAME-25JUL22DETPIT-PIT,96,4,54,yes
1753234147249,1753234147,KXMLBGAME-25JUL22NYYTOR-TOR,64,36,10,yes
1753234148071,1753234148,KXMLBGAME-25JUL22HOUARI-HOU,52,48,5,yes
1753234148391,1753234148,KXMLBGAME-25JUL22LAANYM-LAA,16,84,25,yes
1753234148391,1753234148,KXMLBGAME-25JUL22LAANYM-LAA,17,83,1,yes
1753234152211,1753234152,KXMLBGAME-25JUL22STLCOL-COL,91,9,242,yes
1753234153649,1753234153,KXMLBGAME-25JUL22LAANYM-LAA,15,85,5,no
1753234153810,1753234153,KXMLBGAME-25JUL22MILSEA-MIL,46,54,35,yes
1753234158230,1753234158,KXMLBGAME-25JUL22KCCHC-KC,14,86,6,yes
1753234158530,1753234158,KXMLBGAME-25JUL22DETPIT-DET,8,92,58,yes
1753234160388,1753234160,KXMLBGAME-25JUL22STLCOL-STL,10,90,73,yes
1753234161390,1753234161,KXMLBGAME-25JUL22LAANYM-LAA,17,83,27,yes
1753234164682,1753234164,KXMLBGAME-25JUL22NYYTOR-NYY,36,64,252,no
1753234166534,1753234166,KXMLBGAME-25JUL22KCCHC-KC,15,85,6,yes
1753234167710,1753234167,KXMLBGAME-25JUL22LAANYM-LAA,16,84,59,yes
1753234169110,1753234168,KXMLBGAME-25JUL22ATHTEX-TEX,80,20,61,yes
1753234173238,1753234173,KXMLBGAME-25JUL22DETPIT-DET,3,97,80,no
1753234173238,1753234173,KXMLBGAME-25JUL22DETPIT-DET,2,98,76,no
1753234173238,1753234173,KXMLBGAME-25JUL22DETPIT-DET,1,99,17,no
1753234173239,1753234173,KXMLBGAME-25JUL22HOUARI-HOU,52,48,37,yes
1753234173831,1753234173,KXMLBGAME-25JUL22NYYTOR-NYY,38,62,78,yes
1753234175517,1753234175,KXMLBGAME-25JUL22NYYTOR-NYY,38,62,138,yes
1753234181710,1753234181,KXMLBGAME-25JUL22DETPIT-DET,5,95,87,yes
1753234181710,1753234181,KXMLBGAME-25JUL22DETPIT-DET,6,94,21,yes
1753234182711,1753234182,KXMLBGAME-25JUL22HOUARI-HOU,52,48,100,yes
1753234184990,1753234184,KXMLBGAME-25JUL22DETPIT-DET,5,95,18,yes
1753234185392,1753234185,KXMLBGAME-25JUL22KCCHC-KC,15,85,62,yes
1753234185451,1753234185,KXMLBGAME-25JUL22LAANYM-LAA,13,87,20,yes
1753234186610,1753234186,KXMLBGAME-25JUL22BALCLE-BAL,1,99,93,yes
1753234189130,1753234189,KXMLBGAME-25JUL22LAANYM-NYM,89,11,111,yes
1753234189190,1753234189,KXMLBGAME-25JUL22LAANYM-NYM,89,11,167,yes
1753234189210,1753234189,KXMLBGAME-25JUL22DETPIT-PIT,97,3,87,yes
1753234189210,1753234189,KXMLBGAME-25JUL22DETPIT-PIT,97,3,10,yes
1753234189210,1753234189,KXMLBGAME-25JUL22DETPIT-PIT,98,2,57,yes
1753234189210,1753234189,KXMLBGAME-25JUL22DETPIT-PIT,98,2,22,yes
1753234189210,1753234189,KXMLBGAME-25JUL22DETPIT-PIT,98,2,4,yes
1753234189210,1753234189,KXMLBGAME-25JUL22DETPIT-PIT,99,1,276,yes
1753234189749,1753234189,KXMLBGAME-25JUL22MINLAD-LAD,65,35,9,yes
1753234190550,1753234190,KXMLBGAME-25JUL22LAANYM-NYM,88,12,500,no
1753234190629,1753234190,KXMLBGAME-25JUL22LAANYM-LAA,13,87,1654,yes
1753234190629,1753234190,KXMLBGAME-25JUL22LAANYM-LAA,13,87,1679,yes
1753234190728,1753234190,KXMLBGAME-25JUL22LAANYM-LAA,13,87,1015,yes
1753234190951,1753234190,KXMLBGAME-25JUL22STLCOL-STL,12,88,15,yes
1753234192970,1753234192,KXMLBGAME-25JUL22MILSEA-MIL,46,54,41,yes
1753234196029,1753234195,KXMLBGAME-25JUL22NYYTOR-NYY,35,65,98,no
1753234197469,1753234197,KXMLBGAME-25JUL22SFATL-SF,99,1,1292,no
1753234198328,1753234198,KXMLBGAME-25JUL22CWSTB-CWS,1,99,93,yes
1753234199595,1753234199,KXMLBGAME-25JUL22DETPIT-PIT,96,4,5,no
1753234199595,1753234199,KXMLBGAME-25JUL22DETPIT-PIT,96,4,5,no
1753234199595,1753234199,KXMLBGAME-25JUL22DETPIT-DET,5,95,5,no
1753234199595,1753234199,KXMLBGAME-25JUL22DETPIT-DET,5,95,5,no
1753234199633,1753234199,KXMLBGAME-25JUL22DETPIT-PIT,96,4,90,no
1753234199633,1753234199,KXMLBGAME-25JUL22DETPIT-PIT,96,4,33,no
1753234199633,1753234199,KXMLBGAME-25JUL22DETPIT-DET,6,94,133,no
1753234199650,1753234199,KXMLBGAME-25JUL22DETPIT-PIT,95,5,82,no
1753234201491,1753234201,KXMLBGAME-25JUL22ATHTEX-TEX,79,21,10,yes
1753234203871,1753234203,KXMLBGAME-25JUL22STLCOL-COL,89,11,11,yes
1753234205490,1753234205,KXMLBGAME-25JUL22DETPIT-DET,8,92,3,yes
1753234205913,1753234205,KXMLBGAME-25JUL22NYYTOR-TOR,64,36,20,yes
1753234206351,1753234206,KXMLBGAME-25JUL22NYYTOR-NYY,35,65,131,yes
1753234207370,1753234207,KXMLBGAME-25JUL22ATHTEX-TEX,79,21,10,yes
1753234208196,1753234208,KXMLBGAME-25JUL22LAANYM-NYM,88,12,87,yes
1753234208196,1753234208,KXMLBGAME-25JUL22LAANYM-NYM,89,11,200,yes
1753234208196,1753234208,KXMLBGAME-25JUL22LAANYM-NYM,89,11,300,yes
1753234208196,1753234208,KXMLBGAME-25JUL22LAANYM-NYM,89,11,300,yes
1753234208196,1753234208,KXMLBGAME-25JUL22LAANYM-NYM,89,11,614,yes
1753234209932,1753234209,KXMLBGAME-25JUL22LAANYM-LAA,13,87,87,yes
1753234213070,1753234213,KXMLBGAME-25JUL22DETPIT-DET,7,93,40,no
1753234213131,1753234213,KXMLBGAME-25JUL22DETPIT-DET,7,93,88,no
1753234216532,1753234216,KXMLBGAME-25JUL22LAANYM-LAA,14,86,67,yes
1753234217510,1753234217,KXMLBGAME-25JUL22MINLAD-LAD,65,35,30,yes
1753234218250,1753234218,KXMLBGAME-25JUL22LAANYM-LAA,14,86,26,yes
1753234219449,1753234219,KXMLBGAME-25JUL22STLCOL-COL,89,11,223,yes
1753234220230,1753234220,KXMLBGAME-25JUL22ATHTEX-ATH,22,78,43,yes
1753234221290,1753234221,KXMLBGAME-25JUL22NYYTOR-NYY,35,65,3,yes
1753234224072,1753234224,KXMLBGAME-25JUL22LAANYM-LAA,14,86,20,yes
1753234224072,1753234224,KXMLBGAME-25JUL22LAANYM-LAA,14,86,40,yes
1753234225709,1753234225,KXMLBGAME-25JUL22ATHTEX-TEX,79,21,66,yes
1753234229832,1753234229,KXMLBGAME-25JUL22ATHTEX-ATH,21,79,87,yes
1753234229832,1753234229,KXMLBGAME-25JUL22ATHTEX-ATH,22,78,455,yes
1753234230010,1753234229,KXMLBGAME-25JUL22NYYTOR-NYY,36,64,132,yes
1753234231647,1753234231,KXMLBGAME-25JUL22NYYTOR-NYY,36,64,58,yes
1753234232610,1753234232,KXMLBGAME-25JUL22ATHTEX-ATH,22,78,45,yes
1753234232610,1753234232,KXMLBGAME-25JUL22ATHTEX-ATH,22,78,87,yes
1753234232610,1753234232,KXMLBGAME-25JUL22ATHTEX-ATH,23,77,79,yes
1753234234652,1753234234,KXMLBGAME-25JUL22MILSEA-MIL,46,54,5,yes
1753234236353,1753234236,KXMLBGAME-25JUL22LAANYM-LAA,14,86,260,yes
1753234237011,1753234236,KXMLBGAME-25JUL22DETPIT-DET,8,92,117,yes
1753234237031,1753234236,KXMLBGAME-25JUL22DETPIT-PIT,94,6,10,yes
1753234237469,1753234237,KXMLBGAME-25JUL22NYYTOR-TOR,64,36,300,no
1753234237469,1753234237,KXMLBGAME-25JUL22NYYTOR-TOR,63,37,2566,no
1753234239270,1753234239,KXMLBGAME-25JUL22DETPIT-PIT,95,5,20,yes
1753234241089,1753234241,KXMLBGAME-25JUL22NYYTOR-NYY,38,62,51,yes
1753234242531,1753234242,KXMLBGAME-25JUL22DETPIT-DET,8,92,197,yes
1753234242531,1753234242,KXMLBGAME-25JUL22DETPIT-DET,8,92,120,yes
1753234243591,1753234243,KXMLBGAME-25JUL22MILSEA-MIL,46,54,16,yes
1753234244011,1753234243,KXMLBGAME-25JUL22NYYTOR-NYY,37,63,258,yes
1753234244031,1753234243,KXMLBGAME-25JUL22BALCLE-BAL,1,99,1907,yes
1753234244031,1753234243,KXMLBGAME-25JUL22BALCLE-BAL,1,99,4877,yes
1753234245170,1753234245,KXMLBGAME-25JUL22HOUARI-ARI,49,51,9,yes
1753234245389,1753234245,KXMLBGAME-25JUL22LAANYM-LAA,17,83,6,yes
1753234250169,1753234250,KXMLBGAME-25JUL22NYYTOR-NYY,38,62,206,yes
1753234251249,1753234251,KXMLBGAME-25JUL22LAANYM-LAA,17,83,105,yes
1753234254389,1753234254,KXMLBGAME-25JUL22STLCOL-COL,86,14,115,yes
1753234255549,1753234255,KXMLBGAME-25JUL22NYYTOR-TOR,63,37,51,yes
1753234255549,1753234255,KXMLBGAME-25JUL22NYYTOR-TOR,64,36,49,yes
1753234259588,1753234259,KXMLBGAME-25JUL22LAANYM-LAA,17,83,111,yes
1753234262091,1753234262,KXMLBGAME-25JUL22DETPIT-PIT,93,7,359,no
1753234267588,1753234267,KXMLBGAME-25JUL22STLCOL-STL,14,86,81,no
1753234267891,1753234267,KXMLBGAME-25JUL22NYYTOR-TOR,64,36,10,yes
1753234268050,1753234268,KXMLBGAME-25JUL22NYYTOR-NYY,38,62,63,yes
1753234268990,1753234268,KXMLBGAME-25JUL22NYYTOR-NYY,38,62,67,yes
1753234270050,1753234269,KXMLBGAME-25JUL22LAANYM-NYM,84,16,30,no
1753234270050,1753234269,KXMLBGAME-25JUL22LAANYM-NYM,83,17,2488,no
1753234270150,1753234270,KXMLBGAME-25JUL22LAANYM-LAA,17,83,1257,yes
1753234270451,1753234270,KXMLBGAME-25JUL22ATHTEX-TEX,79,21,434,no
1753234272908,1753234272,KXMLBGAME-25JUL22STLCOL-COL,85,15,8,yes
1753234272908,1753234272,KXMLBGAME-25JUL22STLCOL-COL,86,14,10,yes
1753234273832,1753234273,KXMLBGAME-25JUL22NYYTOR-TOR,62,38,300,no
1753234273832,1753234273,KXMLBGAME-25JUL22NYYTOR-TOR,61,39,20,no
1753234275429,1753234275,KXMLBGAME-25JUL22NYYTOR-TOR,64,36,3,yes
1753234277631,1753234277,KXMLBGAME-25JUL22DETPIT-DET,6,94,78,yes
1753234281412,1753234281,KXMLBGAME-25JUL22LAANYM-NYM,81,19,60,yes
1753234281450,1753234281,KXMLBGAME-25JUL22NYYTOR-NYY,39,61,55,yes
1753234281450,1753234281,KXMLBGAME-25JUL22NYYTOR-NYY,39,61,436,yes
1753234283510,1753234283,KXMLBGAME-25JUL22DETPIT-PIT,96,4,10,yes
1753234286831,1753234286,KXMLBGAME-25JUL22LAANYM-LAA,20,80,37,yes
1753234292731,1753234292,KXMLBGAME-25JUL22DETPIT-PIT,96,4,10,no
1753234293035,1753234292,KXMLBGAME-25JUL22MILSEA-MIL,46,54,157,yes
1753234293311,1753234293,KXMLBGAME-25JUL22ATHTEX-TEX,78,22,26,yes
1753234295529,1753234295,KXMLBGAME-25JUL22DETPIT-PIT,96,4,50,no
1753234296131,1753234296,KXMLBGAME-25JUL22KCCHC-CHC,86,14,57,yes
1753234299537,1753234299,KXMLBGAME-25JUL22STLCOL-COL,91,9,1,yes
1753234299537,1753234299,KXMLBGAME-25JUL22STLCOL-COL,95,5,2,yes
1753234299789,1753234299,KXMLBGAME-25JUL22DETPIT-DET,6,94,200,yes
1753234299789,1753234299,KXMLBGAME-25JUL22DETPIT-DET,6,94,300,yes
1753234299789,1753234299,KXMLBGAME-25JUL22DETPIT-DET,7,93,200,yes
1753234300511,1753234300,KXMLBGAME-25JUL22NYYTOR-NYY,38,62,126,yes
1753234300589,1753234300,KXMLBGAME-25JUL22NYYTOR-NYY,38,62,15,yes
1753234301130,1753234301,KXMLBGAME-25JUL22BALCLE-CLE,99,1,325,no
1753234305670,1753234305,KXMLBGAME-25JUL22DETPIT-DET,6,94,15,yes
1753234307050,1753234307,KXMLBGAME-25JUL22NYYTOR-NYY,38,62,159,yes
1753234307050,1753234307,KXMLBGAME-25JUL22NYYTOR-NYY,39,61,42,yes
1753234307050,1753234307,KXMLBGAME-25JUL22NYYTOR-NYY,39,61,235,yes
1753234311171,1753234311,KXMLBGAME-25JUL22NYYTOR-NYY,38,62,10,yes
1753234311902,1753234311,KXMLBGAME-25JUL22LAANYM-LAA,19,81,159,no
1753234316849,1753234316,KXMLBGAME-25JUL22DETPIT-DET,5,95,9,yes
1753234318171,1753234318,KXMLBGAME-25JUL22STLCOL-STL,15,85,37,yes
1753234318631,1753234318,KXMLBGAME-25JUL22LAANYM-LAA,20,80,14,yes
1753234322585,1753234322,KXMLBGAME-25JUL22NYYTOR-NYY,38,62,12,yes
1753234322729,1753234322,KXMLBGAME-25JUL22NYYTOR-NYY,36,64,12,no
1753234322948,1753234322,KXMLBGAME-25JUL22BALCLE-CLE,99,1,25,no
1753234323915,1753234323,KXMLBGAME-25JUL22NYYTOR-TOR,64,36,15,yes
1753234326551,1753234326,KXMLBGAME-25JUL22LAANYM-LAA,20,80,94,yes
1753234329271,1753234329,KXMLBGAME-25JUL22LAANYM-LAA,20,80,100,yes
1753234330391,1753234330,KXMLBGAME-25JUL22LAANYM-LAA,20,80,16,yes
1753234330449,1753234330,KXMLBGAME-25JUL22NYYTOR-NYY,38,62,12,yes
1753234333310,1753234333,KXMLBGAME-25JUL22NYYTOR-NYY,38,62,266,yes
1753234333310,1753234333,KXMLBGAME-25JUL22NYYTOR-NYY,39,61,31,yes
1753234333310,1753234333,KXMLBGAME-25JUL22NYYTOR-NYY,40,60,200,yes
1753234333310,1753234333,KXMLBGAME-25JUL22NYYTOR-NYY,40,60,300,yes
1753234333310,1753234333,KXMLBGAME-25JUL22NYYTOR-NYY,40,60,416,yes
1753234333530,1753234333,KXMLBGAME-25JUL22KCCHC-KC,15,85,3,yes
1753234336690,1753234336,KXMLBGAME-25JUL22NYYTOR-NYY,39,61,23,yes
1753234336690,1753234336,KXMLBGAME-25JUL22NYYTOR-NYY,39,61,300,yes
1753234337193,1753234337,KXMLBGAME-25JUL22MINLAD-MIN,36,64,99,yes
1753234338710,1753234338,KXMLBGAME-25JUL22NYYTOR-TOR,64,36,50,yes
1753234339151,1753234339,KXMLBGAME-25JUL22ATHTEX-TEX,77,23,12,yes
1753234339850,1753234339,KXMLBGAME-25JUL22NYYTOR-NYY,39,61,30,yes
1753234339850,1753234339,KXMLBGAME-25JUL22NYYTOR-NYY,40,60,300,yes
1753234339970,1753234339,KXMLBGAME-25JUL22NYYTOR-NYY,39,61,23,yes
1753234340070,1753234340,KXMLBGAME-25JUL22NYYTOR-TOR,58,42,12,no
1753234340070,1753234340,KXMLBGAME-25JUL22NYYTOR-TOR,58,42,5,no
1753234340591,1753234340,KXMLBGAME-25JUL22ATHTEX-ATH,23,77,87,no
1753234342131,1753234342,KXMLBGAME-25JUL22ATHTEX-TEX,77,23,55,yes
1753234342131,1753234342,KXMLBGAME-25JUL22ATHTEX-TEX,77,23,12,yes
1753234342290,1753234342,KXMLBGAME-25JUL22STLCOL-COL,87,13,85,yes
1753234342290,1753234342,KXMLBGAME-25JUL22DETPIT-DET,4,96,87,yes
1753234342290,1753234342,KXMLBGAME-25JUL22DETPIT-DET,5,95,24,yes
1753234342290,1753234342,KXMLBGAME-25JUL22SFATL-SF,99,1,198,no
1753234345210,1753234345,KXMLBGAME-25JUL22LAANYM-NYM,80,20,102,yes
1753234345650,1753234345,KXMLBGAME-25JUL22NYYTOR-NYY,42,58,147,no
1753234346450,1753234346,KXMLBGAME-25JUL22NYYTOR-NYY,43,57,78,yes
1753234348594,1753234348,KXMLBGAME-25JUL22DETPIT-PIT,98,2,100,yes
1753234348594,1753234348,KXMLBGAME-25JUL22DETPIT-PIT,99,1,1824,yes
1753234348594,1753234348,KXMLBGAME-25JUL22DETPIT-DET,1,99,479,no
1753234349371,1753234349,KXMLBGAME-25JUL22LAANYM-LAA,20,80,94,yes
1753234352587,1753234352,KXMLBGAME-25JUL22NYYTOR-NYY,44,56,80,yes
1753234354208,1753234354,KXMLBGAME-25JUL22DETPIT-PIT,99,1,217,no
1753234358110,1753234357,KXMLBGAME-25JUL22NYYTOR-NYY,44,56,220,yes
1753234358110,1753234357,KXMLBGAME-25JUL22NYYTOR-NYY,45,55,62,yes
1753234365892,1753234365,KXMLBGAME-25JUL22NYYTOR-NYY,43,57,300,yes
1753234365892,1753234365,KXMLBGAME-25JUL22NYYTOR-NYY,44,56,144,yes
1753234365991,1753234365,KXMLBGAME-25JUL22MINLAD-LAD,65,35,225,yes
1753234367026,1753234366,KXMLBGAME-25JUL22KCCHC-CHC,90,10,476,yes
1753234367026,1753234366,KXMLBGAME-25JUL22KCCHC-CHC,90,10,1,yes
1753234371272,1753234371,KXMLBGAME-25JUL22MILSEA-MIL,46,54,1,yes
1753234372668,1753234372,KXMLBGAME-25JUL22KCCHC-CHC,91,9,30,yes
1753234372668,1753234372,KXMLBGAME-25JUL22KCCHC-CHC,95,5,23,yes
1753234375389,1753234375,KXMLBGAME-25JUL22NYYTOR-NYY,43,57,11,yes
1753234376749,1753234376,KXMLBGAME-25JUL22STLCOL-STL,12,88,8,no
1753234381875,1753234381,KXMLBGAME-25JUL22STLCOL-COL,88,12,104,yes
1753234389036,1753234388,KXMLBGAME-25JUL22LAANYM-NYM,80,20,198,yes
1753234389036,1753234388,KXMLBGAME-25JUL22LAANYM-NYM,81,19,275,yes
1753234390069,1753234389,KXMLBGAME-25JUL22DETPIT-PIT,99,1,6,no
1753234390295,1753234390,KXMLBGAME-25JUL22NYYTOR-NYY,41,59,87,no
1753234390295,1753234390,KXMLBGAME-25JUL22NYYTOR-NYY,41,59,171,no
1753234390311,1753234390,KXMLBGAME-25JUL22STLCOL-STL,15,85,300,yes
1753234390311,1753234390,KXMLBGAME-25JUL22STLCOL-STL,16,84,400,yes
1753234392111,1753234392,KXMLBGAME-25JUL22LAANYM-NYM,80,20,98,yes
1753234394070,1753234394,KXMLBGAME-25JUL22MILSEA-MIL,46,54,201,yes
1753234394408,1753234394,KXMLBGAME-25JUL22DETPIT-PIT,99,1,104,no
1753234397110,1753234396,KXMLBGAME-25JUL22KCCHC-CHC,92,8,21,yes
1753234397131,1753234397,KXMLBGAME-25JUL22ATHTEX-TEX,78,22,300,yes
1753234397131,1753234397,KXMLBGAME-25JUL22ATHTEX-TEX,78,22,50,yes
1753234397131,1753234397,KXMLBGAME-25JUL22ATHTEX-TEX,78,22,331,yes
1753234397131,1753234397,KXMLBGAME-25JUL22ATHTEX-TEX,79,21,600,yes
1753234397131,1753234397,KXMLBGAME-25JUL22ATHTEX-TEX,79,21,500,yes
1753234397131,1753234397,KXMLBGAME-25JUL22ATHTEX-TEX,79,21,279,yes
1753234399169,1753234399,KXMLBGAME-25JUL22LAANYM-LAA,21,79,83,yes
1753234400588,1753234400,KXMLBGAME-25JUL22STLCOL-COL,85,15,5,yes
1753234402989,1753234402,KXMLBGAME-25JUL22NYYTOR-NYY,42,58,11,yes
1753234404844,1753234404,KXMLBGAME-25JUL22CWSTB-TB,99,1,7,no
1753234405314,1753234405,KXMLBGAME-25JUL22NYYTOR-NYY,42,58,114,yes
1753234405971,1753234405,KXMLBGAME-25JUL22KCCHC-CHC,91,9,143,yes
1753234405971,1753234405,KXMLBGAME-25JUL22KCCHC-CHC,91,9,109,yes
1753234405971,1753234405,KXMLBGAME-25JUL22KCCHC-KC,9,91,30,no
1753234407611,1753234407,KXMLBGAME-25JUL22LAANYM-NYM,80,20,24,yes
1753234409870,1753234409,KXMLBGAME-25JUL22KCCHC-KC,7,93,17,no
1753234411877,1753234411,KXMLBGAME-25JUL22NYYTOR-NYY,42,58,351,yes
1753234411877,1753234411,KXMLBGAME-25JUL22NYYTOR-NYY,43,57,289,yes
1753234411877,1753234411,KXMLBGAME-25JUL22NYYTOR-NYY,43,57,35,yes
1753234411877,1753234411,KXMLBGAME-25JUL22NYYTOR-TOR,59,41,4,yes
1753234413291,1753234413,KXMLBGAME-25JUL22BALCLE-CLE,99,1,84,no
1753234414448,1753234414,KXMLBGAME-25JUL22STLCOL-COL,82,18,30,yes
1753234418910,1753234418,KXMLBGAME-25JUL22HOUARI-ARI,49,51,203,yes
1753234420117,1753234420,KXMLBGAME-25JUL22LAANYM-LAA,21,79,44,yes
1753234421855,1753234421,KXMLBGAME-25JUL22LAANYM-NYM,80,20,276,yes
1753234421855,1753234421,KXMLBGAME-25JUL22LAANYM-NYM,81,19,97,yes
1753234421870,1753234421,KXMLBGAME-25JUL22NYYTOR-NYY,42,58,35,yes
1753234421870,1753234421,KXMLBGAME-25JUL22NYYTOR-NYY,42,58,262,yes
1753234423833,1753234423,KXMLBGAME-25JUL22DETPIT-DET,1,99,72,yes
1753234425591,1753234425,KXMLBGAME-25JUL22MILSEA-SEA,55,45,122,yes
1753234426509,1753234426,KXMLBGAME-25JUL22LAANYM-NYM,80,20,300,yes
1753234427512,1753234427,KXMLBGAME-25JUL22NYYTOR-NYY,42,58,58,yes
1753234431250,1753234431,KXMLBGAME-25JUL22MILSEA-MIL,46,54,44,yes
1753234431250,1753234431,KXMLBGAME-25JUL22MILSEA-MIL,47,53,938,yes
1753234432350,1753234432,KXMLBGAME-25JUL22STLCOL-COL,82,18,6,yes
1753234433029,1753234432,KXMLBGAME-25JUL22DETPIT-PIT,99,1,100,no
1753234434193,1753234434,KXMLBGAME-25JUL22NYYTOR-NYY,42,58,80,yes
1753234434349,1753234434,KXMLBGAME-25JUL22NYYTOR-TOR,61,39,3,yes
1753234435008,1753234434,KXMLBGAME-25JUL22BOSPHI-PHI,99,1,37,no
1753234435811,1753234435,KXMLBGAME-25JUL22NYYTOR-NYY,42,58,19,yes
1753234437392,1753234437,KXMLBGAME-25JUL22KCCHC-KC,7,93,42,no
1753234437392,1753234437,KXMLBGAME-25JUL22STLCOL-COL,83,17,5,yes
1753234441411,1753234441,KXMLBGAME-25JUL22LAANYM-NYM,81,19,87,yes
1753234441411,1753234441,KXMLBGAME-25JUL22LAANYM-NYM,81,19,300,yes
1753234441412,1753234441,KXMLBGAME-25JUL22LAANYM-LAA,19,81,87,no
1753234443409,1753234443,KXMLBGAME-25JUL22LAANYM-LAA,19,81,249,yes
1753234445562,1753234445,KXMLBGAME-25JUL22LAANYM-LAA,19,81,49,yes
1753234446088,1753234445,KXMLBGAME-25JUL22DETPIT-DET,1,99,935,yes
1753234448833,1753234448,KXMLBGAME-25JUL22LAANYM-LAA,19,81,97,yes
1753234451090,1753234450,KXMLBGAME-25JUL22NYYTOR-NYY,43,57,27,yes
1753234451090,1753234450,KXMLBGAME-25JUL22NYYTOR-NYY,43,57,643,yes
1753234453369,1753234453,KXMLBGAME-25JUL22BOSPHI-BOS,1,99,128,yes
1753234453509,1753234453,KXMLBGAME-25JUL22NYYTOR-NYY,43,57,17,yes
1753234455991,1753234455,KXMLBGAME-25JUL22LAANYM-LAA,19,81,13,yes
1753234456952,1753234456,KXMLBGAME-25JUL22ATHTEX-ATH,24,76,15,yes
1753234458010,1753234457,KXMLBGAME-25JUL22HOUARI-HOU,52,48,60,yes
1753234458010,1753234457,KXMLBGAME-25JUL22HOUARI-HOU,52,48,126,yes
1753234459607,1753234459,KXMLBGAME-25JUL22LAANYM-NYM,82,18,6,yes
1753234460169,1753234460,KXMLBGAME-25JUL22MILSEA-MIL,47,53,62,yes
1753234460169,1753234460,KXMLBGAME-25JUL22MILSEA-MIL,47,53,151,yes
1753234460670,1753234460,KXMLBGAME-25JUL22LAANYM-LAA,19,81,3,yes
1753234462391,1753234462,KXMLBGAME-25JUL22LAANYM-NYM,82,18,6,yes
1753234470469,1753234470,KXMLBGAME-25JUL22LAANYM-LAA,17,83,2000,no
1753234470469,1753234470,KXMLBGAME-25JUL22LAANYM-LAA,17,83,600,no
1753234470469,1753234470,KXMLBGAME-25JUL22LAANYM-LAA,17,83,300,no
1753234471770,1753234471,KXMLBGAME-25JUL22NYYTOR-TOR,59,41,90,yes
1753234472670,1753234472,KXMLBGAME-25JUL22STLCOL-COL,79,21,6,yes
1753234472850,1753234472,KXMLBGAME-25JUL22STLCOL-COL,79,21,2,yes
1753234472989,1753234472,KXMLBGAME-25JUL22LAANYM-LAA,17,83,27,yes
1753234473348,1753234473,KXMLBGAME-25JUL22NYYTOR-NYY,44,56,21,yes
1753234473369,1753234473,KXMLBGAME-25JUL22MINLAD-LAD,65,35,7,yes
1753234477770,1753234477,KXMLBGAME-25JUL22STLCOL-STL,24,76,50,yes
1753234477931,1753234477,KXMLBGAME-25JUL22ATHTEX-ATH,21,79,225,yes
1753234478472,1753234478,KXMLBGAME-25JUL22BOSPHI-PHI,99,1,114,no
1753234478832,1753234478,KXMLBGAME-25JUL22STLCOL-COL,79,21,1,yes
1753234481687,1753234481,KXMLBGAME-25JUL22NYYTOR-NYY,44,56,1,yes
1753234483911,1753234483,KXMLBGAME-25JUL22LAANYM-NYM,86,14,14,yes
1753234484128,1753234484,KXMLBGAME-25JUL22STLCOL-STL,24,76,390,yes
1753234485733,1753234485,KXMLBGAME-25JUL22SFATL-SF,99,1,2167,no
1753234486118,1753234485,KXMLBGAME-25JUL22NYYTOR-NYY,44,56,10,yes
1753234486549,1753234486,KXMLBGAME-25JUL22STLCOL-COL,79,21,6,yes
1753234487270,1753234487,KXMLBGAME-25JUL22LAANYM-NYM,86,14,2,yes
1753234490673,1753234490,KXMLBGAME-25JUL22MILSEA-SEA,55,45,384,yes
1753234490673,1753234490,KXMLBGAME-25JUL22MILSEA-SEA,55,45,87,yes
1753234490673,1753234490,KXMLBGAME-25JUL22MILSEA-SEA,55,45,3000,yes
1753234490673,1753234490,KXMLBGAME-25JUL22MILSEA-SEA,55,45,2061,yes
1753234490673,1753234490,KXMLBGAME-25JUL22MILSEA-SEA,56,44,504,yes
1753234490673,1753234490,KXMLBGAME-25JUL22MILSEA-SEA,56,44,2500,yes
1753234490673,1753234490,KXMLBGAME-25JUL22MILSEA-SEA,56,44,15000,yes
1753234490673,1753234490,KXMLBGAME-25JUL22MILSEA-SEA,56,44,4119,yes
1753234490673,1753234490,KXMLBGAME-25JUL22MILSEA-SEA,56,44,200,yes
1753234490673,1753234490,KXMLBGAME-25JUL22MILSEA-SEA,56,44,300,yes
1753234490673,1753234490,KXMLBGAME-25JUL22MILSEA-SEA,56,44,4522,yes
1753234490673,1753234490,KXMLBGAME-25JUL22MILSEA-SEA,56,44,500,yes
1753234490673,1753234490,KXMLBGAME-25JUL22MILSEA-SEA,56,44,884,yes
1753234490891,1753234490,KXMLBGAME-25JUL22ATHTEX-ATH,22,78,27,yes
1753234491711,1753234491,KXMLBGAME-25JUL22STLCOL-COL,79,21,1,yes
1753234496590,1753234496,KXMLBGAME-25JUL22LAANYM-LAA,15,85,380,no
1753234496830,1753234496,KXMLBGAME-25JUL22HOUARI-HOU,51,49,113,no
1753234497371,1753234497,KXMLBGAME-25JUL22STLCOL-COL,79,21,7,yes
1753234498230,1753234498,KXMLBGAME-25JUL22NYYTOR-NYY,44,56,8,yes
1753234498549,1753234498,KXMLBGAME-25JUL22LAANYM-LAA,17,83,55,yes
1753234499469,1753234499,KXMLBGAME-25JUL22STLCOL-COL,79,21,64,yes
1753234499469,1753234499,KXMLBGAME-25JUL22STLCOL-COL,79,21,6,yes
1753234499469,1753234499,KXMLBGAME-25JUL22STLCOL-COL,79,21,2,yes
1753234499469,1753234499,KXMLBGAME-25JUL22STLCOL-COL,79,21,1,yes
1753234499470,1753234499,KXMLBGAME-25JUL22STLCOL-COL,79,21,6,yes
1753234499470,1753234499,KXMLBGAME-25JUL22STLCOL-COL,79,21,1,yes
1753234499470,1753234499,KXMLBGAME-25JUL22STLCOL-COL,79,21,7,yes
1753234499470,1753234499,KXMLBGAME-25JUL22STLCOL-COL,80,20,49,yes
1753234500332,1753234500,KXMLBGAME-25JUL22KCCHC-CHC,93,7,524,yes
1753234501150,1753234501,KXMLBGAME-25JUL22ATHTEX-TEX,80,20,1,yes
1753234502129,1753234502,KXMLBGAME-25JUL22ATHTEX-TEX,80,20,8,yes
1753234503531,1753234503,KXMLBGAME-25JUL22MINLAD-LAD,65,35,15,yes
1753234503770,1753234503,KXMLBGAME-25JUL22KCCHC-CHC,93,7,159,yes
1753234503790,1753234503,KXMLBGAME-25JUL22ATHTEX-ATH,21,79,87,yes
1753234503790,1753234503,KXMLBGAME-25JUL22ATHTEX-ATH,22,78,3,yes
1753234504111,1753234504,KXMLBGAME-25JUL22MILSEA-MIL,46,54,67,yes
1753234506889,1753234506,KXMLBGAME-25JUL22ATHTEX-TEX,83,17,250,yes
1753234512750,1753234512,KXMLBGAME-25JUL22KCCHC-CHC,90,10,69,no
1753234512750,1753234512,KXMLBGAME-25JUL22KCCHC-CHC,90,10,300,no
1753234512750,1753234512,KXMLBGAME-25JUL22KCCHC-CHC,90,10,1526,no
1753234513210,1753234513,KXMLBGAME-25JUL22ATHTEX-TEX,84,16,100,yes
1753234513210,1753234513,KXMLBGAME-25JUL22ATHTEX-TEX,84,16,29,yes
1753234513772,1753234513,KXMLBGAME-25JUL22NYYTOR-TOR,58,42,33,yes
1753234515730,1753234515,KXMLBGAME-25JUL22NYYTOR-NYY,44,56,10,yes
1753234516715,1753234516,KXMLBGAME-25JUL22DETPIT-PIT,99,1,54,no
1753234516810,1753234516,KXMLBGAME-25JUL22BALCLE-CLE,99,1,34,no
1753234517051,1753234517,KXMLBGAME-25JUL22NYYTOR-TOR,58,42,43,yes
1753234517070,1753234517,KXMLBGAME-25JUL22LAANYM-NYM,85,15,235,yes
1753234517130,1753234517,KXMLBGAME-25JUL22LAANYM-NYM,85,15,82,yes
1753234517130,1753234517,KXMLBGAME-25JUL22LAANYM-NYM,85,15,44,yes
1753234518098,1753234517,KXMLBGAME-25JUL22CWSTB-TB,99,1,28,no
1753234518590,1753234518,KXMLBGAME-25JUL22STLCOL-COL,79,21,1,yes
1753234522055,1753234521,KXMLBGAME-25JUL22KCCHC-KC,9,91,200,yes
1753234524950,1753234524,KXMLBGAME-25JUL22LAANYM-LAA,17,83,55,yes
1753234525638,1753234525,KXMLBGAME-25JUL22STLCOL-COL,79,21,84,yes
1753234525638,1753234525,KXMLBGAME-25JUL22STLCOL-COL,79,21,1,yes
1753234525638,1753234525,KXMLBGAME-25JUL22STLCOL-COL,80,20,551,yes
1753234525638,1753234525,KXMLBGAME-25JUL22STLCOL-COL,80,20,385,yes
1753234528716,1753234528,KXMLBGAME-25JUL22NYYTOR-NYY,44,56,4,yes
1753234530150,1753234530,KXMLBGAME-25JUL22BALCLE-CLE,99,1,47,no
1753234531291,1753234531,KXMLBGAME-25JUL22STLCOL-STL,23,77,20,yes
1753234532097,1753234531,KXMLBGAME-25JUL22NYYTOR-NYY,44,56,214,yes
1753234532310,1753234532,KXMLBGAME-25JUL22NYYTOR-NYY,44,56,77,yes
1753234534530,1753234534,KXMLBGAME-25JUL22MILSEA-MIL,45,55,44,no
1753234534530,1753234534,KXMLBGAME-25JUL22MILSEA-MIL,45,55,8,no
1753234534530,1753234534,KXMLBGAME-25JUL22MILSEA-MIL,45,55,650,no
1753234534530,1753234534,KXMLBGAME-25JUL22MILSEA-MIL,45,55,87,no
1753234534609,1753234534,KXMLBGAME-25JUL22MILSEA-SEA,55,45,87,yes
1753234534772,1753234534,KXMLBGAME-25JUL22STLCOL-COL,80,20,115,yes
1753234534772,1753234534,KXMLBGAME-25JUL22STLCOL-COL,80,20,64,yes
1753234534772,1753234534,KXMLBGAME-25JUL22STLCOL-COL,81,19,5,yes
1753234535430,1753234535,KXMLBGAME-25JUL22KCCHC-KC,9,91,104,yes
1753234537232,1753234537,KXMLBGAME-25JUL22HOUARI-HOU,52,48,27,yes
1753234538069,1753234538,KXMLBGAME-25JUL22BALCLE-CLE,99,1,52,no
1753234542817,1753234542,KXMLBGAME-25JUL22STLCOL-COL,81,19,80,yes
1753234544368,1753234544,KXMLBGAME-25JUL22NYYTOR-TOR,59,41,2558,yes
1753234544470,1753234544,KXMLBGAME-25JUL22NYYTOR-NYY,41,59,1409,no
1753234544471,1753234544,KXMLBGAME-25JUL22NYYTOR-TOR,58,42,8,yes
1753234544531,1753234544,KXMLBGAME-25JUL22NYYTOR-TOR,58,42,79,yes
1753234544531,1753234544,KXMLBGAME-25JUL22NYYTOR-NYY,42,58,87,no
1753234544592,1753234544,KXMLBGAME-25JUL22NYYTOR-TOR,58,42,8,yes
1753234545192,1753234545,KXMLBGAME-25JUL22ATHTEX-TEX,84,16,16,yes
1753234545192,1753234545,KXMLBGAME-25JUL22ATHTEX-TEX,84,16,21,yes
1753234545192,1753234545,KXMLBGAME-25JUL22ATHTEX-TEX,84,16,22,yes
1753234545192,1753234545,KXMLBGAME-25JUL22ATHTEX-TEX,84,16,37,yes
1753234545192,1753234545,KXMLBGAME-25JUL22LAANYM-LAA,16,84,100,yes
1753234545212,1753234545,KXMLBGAME-25JUL22BALCLE-CLE,99,1,8,no
1753234545293,1753234545,KXMLBGAME-25JUL22KCCHC-KC,9,91,31,yes
1753234545670,1753234545,KXMLBGAME-25JUL22NYYTOR-NYY,41,59,300,no
1753234545670,1753234545,KXMLBGAME-25JUL22NYYTOR-NYY,41,59,87,no
1753234545750,1753234545,KXMLBGAME-25JUL22NYYTOR-TOR,59,41,87,yes
1753234548728,1753234548,KXMLBGAME-25JUL22NYYTOR-NYY,38,62,61,yes
1753234549150,1753234549,KXMLBGAME-25JUL22NYYTOR-NYY,38,62,209,yes
1753234550950,1753234550,KXMLBGAME-25JUL22KCCHC-KC,9,91,165,yes
1753234550950,1753234550,KXMLBGAME-25JUL22KCCHC-KC,10,90,100,yes
1753234550950,1753234550,KXMLBGAME-25JUL22KCCHC-KC,10,90,600,yes
1753234550950,1753234550,KXMLBGAME-25JUL22KCCHC-KC,10,90,92,yes
1753234555731,1753234555,KXMLBGAME-25JUL22DETPIT-PIT,99,1,7,no
1753234555733,1753234555,KXMLBGAME-25JUL22LAANYM-LAA,16,84,29,yes
1753234557331,1753234557,KXMLBGAME-25JUL22NYYTOR-TOR,62,38,157,yes
1753234557798,1753234557,KXMLBGAME-25JUL22MILSEA-MIL,45,55,200,yes
1753234557798,1753234557,KXMLBGAME-25JUL22MILSEA-MIL,45,55,232,yes
1753234562406,1753234562,KXMLBGAME-25JUL22KCCHC-KC,7,93,16,no
1753234562953,1753234562,KXMLBGAME-25JUL22KCCHC-CHC,93,7,230,yes
1753234563810,1753234563,KXMLBGAME-25JUL22NYYTOR-NYY,39,61,87,yes
1753234563810,1753234563,KXMLBGAME-25JUL22NYYTOR-NYY,40,60,600,yes
1753234563810,1753234563,KXMLBGAME-25JUL22NYYTOR-NYY,41,59,300,yes
1753234563810,1753234563,KXMLBGAME-25JUL22NYYTOR-NYY,41,59,85,yes
1753234563871,1753234563,KXMLBGAME-25JUL22LAANYM-LAA,16,84,59,yes
1753234564072,1753234564,KXMLBGAME-25JUL22STLCOL-STL,18,82,87,yes
1753234564072,1753234564,KXMLBGAME-25JUL22STLCOL-STL,18,82,300,yes
1753234564072,1753234564,KXMLBGAME-25JUL22STLCOL-STL,19,81,131,yes
1753234565069,1753234564,KXMLBGAME-25JUL22KCCHC-KC,7,93,25,no
1753234565069,1753234564,KXMLBGAME-25JUL22KCCHC-KC,7,93,82,no
1753234565677,1753234565,KXMLBGAME-25JUL22LAANYM-NYM,86,14,138,yes
1753234567833,1753234567,KXMLBGAME-25JUL22NYYTOR-TOR,62,38,12,yes
1753234569312,1753234569,KXMLBGAME-25JUL22KCCHC-KC,9,91,15,yes
1753234570691,1753234570,KXMLBGAME-25JUL22NYYTOR-TOR,61,39,86,yes
1753234571149,1753234571,KXMLBGAME-25JUL22DETPIT-PIT,99,1,281,no
1753234571455,1753234571,KXMLBGAME-25JUL22STLCOL-STL,18,82,20,yes
1753234572211,1753234572,KXMLBGAME-25JUL22NYYTOR-NYY,40,60,20,yes
1753234572211,1753234572,KXMLBGAME-25JUL22NYYTOR-TOR,62,38,471,yes
1753234573091,1753234573,KXMLBGAME-25JUL22ATHTEX-TEX,85,15,8,yes
1753234575230,1753234575,KXMLBGAME-25JUL22ATHTEX-ATH,18,82,5,yes
1753234576846,1753234576,KXMLBGAME-25JUL22KCCHC-CHC,93,7,107,yes
1753234577459,1753234577,KXMLBGAME-25JUL22STLCOL-STL,18,82,36,yes
1753234577555,1753234577,KXMLBGAME-25JUL22MILSEA-MIL,45,55,68,yes
1753234577555,1753234577,KXMLBGAME-25JUL22MILSEA-MIL,45,55,32,yes
1753234579143,1753234579,KXMLBGAME-25JUL22NYYTOR-NYY,40,60,49,yes
1753234579650,1753234579,KXMLBGAME-25JUL22KCCHC-KC,10,90,9,yes
1753234584013,1753234583,KXMLBGAME-25JUL22MILSEA-MIL,45,55,42,yes
1753234585171,1753234585,KXMLBGAME-25JUL22NYYTOR-TOR,62,38,3,yes
1753234585450,1753234585,KXMLBGAME-25JUL22ATHTEX-TEX,85,15,29,yes
1753234585819,1753234585,KXMLBGAME-25JUL22STLCOL-COL,85,15,6,yes
1753234586370,1753234586,KXMLBGAME-25JUL22NYYTOR-NYY,40,60,30,yes
1753234587291,1753234587,KXMLBGAME-25JUL22STLCOL-STL,18,82,20,yes
1753234587469,1753234587,KXMLBGAME-25JUL22MILSEA-MIL,45,55,53,yes
1753234589212,1753234589,KXMLBGAME-25JUL22ATHTEX-ATH,18,82,10,yes
1753234589631,1753234589,KXMLBGAME-25JUL22STLCOL-STL,18,82,89,yes
1753234589985,1753234589,KXMLBGAME-25JUL22SFATL-SF,99,1,20,no
1753234592631,1753234592,KXMLBGAME-25JUL22ATHTEX-ATH,17,83,19,no
1753234594091,1753234594,KXMLBGAME-25JUL22KCCHC-CHC,94,6,2,yes
1753234594734,1753234594,KXMLBGAME-25JUL22LAANYM-LAA,16,84,35,yes
1753234596489,1753234596,KXMLBGAME-25JUL22LAANYM-LAA,16,84,11,yes
1753234596731,1753234596,KXMLBGAME-25JUL22NYYTOR-TOR,61,39,20,yes
1753234599470,1753234599,KXMLBGAME-25JUL22NYYTOR-TOR,58,42,63,no
1753234599730,1753234599,KXMLBGAME-25JUL22NYYTOR-NYY,43,57,300,yes
1753234599852,1753234599,KXMLBGAME-25JUL22NYYTOR-NYY,42,58,47,yes
1753234601370,1753234601,KXMLBGAME-25JUL22ATHTEX-ATH,20,80,23,yes
1753234601370,1753234601,KXMLBGAME-25JUL22STLCOL-COL,82,18,300,no
1753234602232,1753234602,KXMLBGAME-25JUL22NYYTOR-TOR,56,44,36,no
1753234602331,1753234602,KXMLBGAME-25JUL22NYYTOR-TOR,55,45,27,no
1753234603770,1753234603,KXMLBGAME-25JUL22LAANYM-NYM,85,15,38,no
1753234603892,1753234603,KXMLBGAME-25JUL22NYYTOR-TOR,61,39,10,yes
1753234604532,1753234604,KXMLBGAME-25JUL22NYYTOR-TOR,57,43,20,no
1753234604811,1753234604,KXMLBGAME-25JUL22STLCOL-COL,82,18,2,yes
1753234604892,1753234604,KXMLBGAME-25JUL22SFATL-SF,99,1,39,no
1753234604951,1753234604,KXMLBGAME-25JUL22STLCOL-STL,19,81,5,yes
1753234605750,1753234605,KXMLBGAME-25JUL22NYYTOR-TOR,56,44,15,no
1753234605976,1753234605,KXMLBGAME-25JUL22NYYTOR-TOR,56,44,100,yes
1753234606911,1753234606,KXMLBGAME-25JUL22KCCHC-KC,8,92,17,yes
1753234607371,1753234607,KXMLBGAME-25JUL22STLCOL-COL,82,18,28,yes
1753234607589,1753234607,KXMLBGAME-25JUL22MILSEA-MIL,45,55,145,yes
1753234608575,1753234608,KXMLBGAME-25JUL22KCCHC-KC,8,92,11,yes
1753234608750,1753234608,KXMLBGAME-25JUL22KCCHC-CHC,92,8,17,no
1753234610330,1753234610,KXMLBGAME-25JUL22CWSTB-TB,99,1,21,no
1753234610330,1753234610,KXMLBGAME-25JUL22STLCOL-COL,82,18,1,yes
1753234610972,1753234610,KXMLBGAME-25JUL22NYYTOR-TOR,57,43,104,yes
1753234611630,1753234611,KXMLBGAME-25JUL22LAANYM-NYM,86,14,116,yes
1753234612817,1753234612,KXMLBGAME-25JUL22NYYTOR-TOR,57,43,11,yes
1753234613250,1753234613,KXMLBGAME-25JUL22HOUARI-HOU,52,48,18,yes
1753234614070,1753234613,KXMLBGAME-25JUL22NYYTOR-NYY,45,55,30,yes
1753234614151,1753234614,KXMLBGAME-25JUL22STLCOL-COL,82,18,30,yes
1753234618033,1753234617,KXMLBGAME-25JUL22STLCOL-STL,18,82,26,yes
1753234618790,1753234618,KXMLBGAME-25JUL22STLCOL-COL,82,18,62,yes
1753234619429,1753234619,KXMLBGAME-25JUL22NYYTOR-NYY,43,57,87,no
1753234619429,1753234619,KXMLBGAME-25JUL22NYYTOR-NYY,42,58,119,no
1753234619793,1753234619,KXMLBGAME-25JUL22HOUARI-ARI,49,51,7,yes
1753234621211,1753234621,KXMLBGAME-25JUL22LAANYM-NYM,86,14,23,yes
1753234621331,1753234621,KXMLBGAME-25JUL22NYYTOR-TOR,57,43,76,yes
1753234621331,1753234621,KXMLBGAME-25JUL22NYYTOR-TOR,57,43,11,yes
1753234621331,1753234621,KXMLBGAME-25JUL22NYYTOR-TOR,57,43,168,yes
1753234621351,1753234621,KXMLBGAME-25JUL22NYYTOR-TOR,57,43,340,yes
1753234623092,1753234623,KXMLBGAME-25JUL22MINLAD-MIN,36,64,2010,yes
1753234624911,1753234624,KXMLBGAME-25JUL22NYYTOR-NYY,45,55,14,yes
1753234625052,1753234624,KXMLBGAME-25JUL22LAANYM-LAA,14,86,50,no
1753234625745,1753234625,KXMLBGAME-25JUL22LAANYM-LAA,14,86,250,no
1753234625745,1753234625,KXMLBGAME-25JUL22LAANYM-LAA,14,86,62,no
1753234625818,1753234625,KXMLBGAME-25JUL22NYYTOR-TOR,57,43,851,yes
1753234626490,1753234626,KXMLBGAME-25JUL22LAANYM-LAA,13,87,62,yes
1753234628171,1753234628,KXMLBGAME-25JUL22NYYTOR-TOR,57,43,17,yes
1753234630209,1753234630,KXMLBGAME-25JUL22HOUARI-HOU,52,48,223,yes
1753234630209,1753234630,KXMLBGAME-25JUL22HOUARI-HOU,52,48,383,yes
1753234630369,1753234630,KXMLBGAME-25JUL22NYYTOR-TOR,55,45,101,no
1753234632630,1753234632,KXMLBGAME-25JUL22NYYTOR-NYY,45,55,21,yes
1753234634269,1753234634,KXMLBGAME-25JUL22NYYTOR-NYY,45,55,10,yes
1753234634803,1753234634,KXMLBGAME-25JUL22LAANYM-LAA,14,86,13,yes
1753234635710,1753234635,KXMLBGAME-25JUL22HOUARI-HOU,52,48,20,yes
1753234638312,1753234638,KXMLBGAME-25JUL22NYYTOR-TOR,57,43,214,yes
1753234640453,1753234640,KXMLBGAME-25JUL22HOUARI-HOU,52,48,9,yes
1753234642123,1753234642,KXMLBGAME-25JUL22KCCHC-KC,8,92,82,yes
1753234642690,1753234642,KXMLBGAME-25JUL22NYYTOR-TOR,57,43,10,yes
1753234644851,1753234644,KXMLBGAME-25JUL22KCCHC-CHC,94,6,8,yes
1753234645470,1753234645,KXMLBGAME-25JUL22ATHTEX-TEX,80,20,87,no
1753234645470,1753234645,KXMLBGAME-25JUL22ATHTEX-TEX,79,21,300,no
1753234646691,1753234646,KXMLBGAME-25JUL22STLCOL-COL,85,15,594,yes
1753234646691,1753234646,KXMLBGAME-25JUL22STLCOL-COL,85,15,500,yes
1753234646692,1753234646,KXMLBGAME-25JUL22STLCOL-COL,85,15,300,yes
1753234646692,1753234646,KXMLBGAME-25JUL22STLCOL-COL,85,15,55,yes
1753234646729,1753234646,KXMLBGAME-25JUL22HOUARI-HOU,52,48,18,yes
1753234647651,1753234647,KXMLBGAME-25JUL22NYYTOR-TOR,57,43,17,yes
1753234648329,1753234648,KXMLBGAME-25JUL22DETPIT-PIT,99,1,26,no
1753234653332,1753234653,KXMLBGAME-25JUL22HOUARI-HOU,52,48,46,yes
1753234654169,1753234654,KXMLBGAME-25JUL22NYYTOR-TOR,57,43,42,yes
1753234654199,1753234654,KXMLBGAME-25JUL22KCCHC-CHC,92,8,57,no
1753234655211,1753234655,KXMLBGAME-25JUL22KCCHC-KC,8,92,11,yes
1753234656510,1753234656,KXMLBGAME-25JUL22STLCOL-STL,18,82,262,yes
1753234660828,1753234660,KXMLBGAME-25JUL22MILSEA-MIL,45,55,32,yes
1753234661550,1753234661,KXMLBGAME-25JUL22MILSEA-MIL,45,55,111,yes
1753234663390,1753234663,KXMLBGAME-25JUL22NYYTOR-NYY,45,55,21,yes
1753234663410,1753234663,KXMLBGAME-25JUL22HOUARI-HOU,52,48,1,yes
1753234664500,1753234664,KXMLBGAME-25JUL22NYYTOR-NYY,45,55,579,yes
1753234664500,1753234664,KXMLBGAME-25JUL22NYYTOR-NYY,45,55,57,yes
1753234664500,1753234664,KXMLBGAME-25JUL22NYYTOR-NYY,46,54,610,yes
1753234666071,1753234666,KXMLBGAME-25JUL22BALCLE-CLE,99,1,95,no
1753234666132,1753234666,KXMLBGAME-25JUL22NYYTOR-TOR,56,44,8,yes
1753234668112,1753234668,KXMLBGAME-25JUL22LAANYM-LAA,13,87,36,yes
1753234668571,1753234668,KXMLBGAME-25JUL22NYYTOR-TOR,56,44,8,yes
1753234670192,1753234670,KXMLBGAME-25JUL22NYYTOR-NYY,46,54,140,yes
1753234670192,1753234670,KXMLBGAME-25JUL22NYYTOR-NYY,46,54,43,yes
1753234670192,1753234670,KXMLBGAME-25JUL22NYYTOR-NYY,47,53,25,yes
1753234672749,1753234672,KXMLBGAME-25JUL22MILSEA-MIL,45,55,1,yes
1753234673331,1753234673,KXMLBGAME-25JUL22LAANYM-LAA,13,87,72,yes
1753234678371,1753234678,KXMLBGAME-25JUL22NYYTOR-TOR,55,45,17,yes
1753234680753,1753234680,KXMLBGAME-25JUL22MILSEA-SEA,56,44,6,yes
1753234680850,1753234680,KXMLBGAME-25JUL22NYYTOR-TOR,55,45,211,yes
1753234680972,1753234680,KXMLBGAME-25JUL22NYYTOR-NYY,46,54,10,yes
1753234681011,1753234680,KXMLBGAME-25JUL22LAANYM-LAA,13,87,72,yes
1753234683771,1753234683,KXMLBGAME-25JUL22NYYTOR-NYY,47,53,4,yes
1753234684751,1753234684,KXMLBGAME-25JUL22NYYTOR-NYY,47,53,258,yes
1753234687371,1753234687,KXMLBGAME-25JUL22MILSEA-MIL,45,55,106,yes
1753234689051,1753234689,KXMLBGAME-25JUL22MINLAD-LAD,65,35,22,yes
1753234689712,1753234689,KXMLBGAME-25JUL22KCCHC-CHC,95,5,104,yes
1753234691550,1753234691,KXMLBGAME-25JUL22STLCOL-COL,85,15,71,yes
1753234694051,1753234694,KXMLBGAME-25JUL22NYYTOR-NYY,47,53,10,yes
1753234694430,1753234694,KXMLBGAME-25JUL22KCCHC-CHC,95,5,4,yes
1753234697030,1753234696,KXMLBGAME-25JUL22STLCOL-COL,84,16,40,yes
1753234697110,1753234697,KXMLBGAME-25JUL22MINLAD-LAD,65,35,76,yes
1753234698012,1753234697,KXMLBGAME-25JUL22SFATL-ATL,1,99,10,yes
1753234698630,1753234698,KXMLBGAME-25JUL22MILSEA-MIL,45,55,320,yes
1753234700110,1753234699,KXMLBGAME-25JUL22MILSEA-MIL,45,55,53,yes
1753234700211,1753234700,KXMLBGAME-25JUL22NYYTOR-TOR,54,46,165,yes
1753234701554,1753234701,KXMLBGAME-25JUL22STLCOL-COL,84,16,117,yes
1753234701719,1753234701,KXMLBGAME-25JUL22NYYTOR-TOR,54,46,46,yes
1753234701851,1753234701,KXMLBGAME-25JUL22NYYTOR-TOR,54,46,46,yes
1753234703030,1753234702,KXMLBGAME-25JUL22NYYTOR-NYY,47,53,30,yes
1753234705211,1753234705,KXMLBGAME-25JUL22LAANYM-NYM,88,12,1000,yes
1753234705908,1753234705,KXMLBGAME-25JUL22NYYTOR-NYY,47,53,203,yes
1753234706169,1753234706,KXMLBGAME-25JUL22LAANYM-LAA,12,88,599,no
1753234706612,1753234706,KXMLBGAME-25JUL22HOUARI-HOU,52,48,27,yes
1753234708748,1753234708,KXMLBGAME-25JUL22LAANYM-LAA,12,88,182,no
1753234709041,1753234708,KXMLBGAME-25JUL22BOSPHI-PHI,99,1,36,no
1753234709670,1753234709,KXMLBGAME-25JUL22MILSEA-MIL,45,55,46,yes
1753234710129,1753234710,KXMLBGAME-25JUL22STLCOL-COL,85,15,1,yes
1753234711371,1753234711,KXMLBGAME-25JUL22MINLAD-LAD,65,35,15,yes
1753234712194,1753234712,KXMLBGAME-25JUL22ATHTEX-TEX,78,22,109,yes
1753234712452,1753234712,KXMLBGAME-25JUL22ATHTEX-TEX,78,22,126,yes
1753234713150,1753234713,KXMLBGAME-25JUL22LAANYM-LAA,12,88,127,no
1753234713631,1753234713,KXMLBGAME-25JUL22ATHTEX-ATH,25,75,87,yes
1753234713631,1753234713,KXMLBGAME-25JUL22ATHTEX-ATH,26,74,99,yes
1753234713751,1753234713,KXMLBGAME-25JUL22NYYTOR-NYY,47,53,8,yes
1753234715669,1753234715,KXMLBGAME-25JUL22STLCOL-COL,84,16,13,yes
1753234718151,1753234718,KXMLBGAME-25JUL22LAANYM-LAA,13,87,9,yes
1753234720071,1753234720,KXMLBGAME-25JUL22KCCHC-KC,5,95,100,no
1753234720071,1753234720,KXMLBGAME-25JUL22KCCHC-KC,5,95,10,no
1753234720430,1753234720,KXMLBGAME-25JUL22NYYTOR-TOR,54,46,43,yes
1753234720430,1753234720,KXMLBGAME-25JUL22NYYTOR-TOR,54,46,1,yes
1753234720486,1753234720,KXMLBGAME-25JUL22MILSEA-SEA,56,44,649,yes
1753234720828,1753234720,KXMLBGAME-25JUL22LAANYM-LAA,12,88,10,no
1753234722390,1753234722,KXMLBGAME-25JUL22ATHTEX-TEX,77,23,300,yes
1753234727150,1753234727,KXMLBGAME-25JUL22STLCOL-COL,82,18,87,no
1753234728911,1753234728,KXMLBGAME-25JUL22ATHTEX-TEX,78,22,5,yes
1753234730510,1753234730,KXMLBGAME-25JUL22ATHTEX-TEX,78,22,63,yes
1753234730570,1753234730,KXMLBGAME-25JUL22NYYTOR-NYY,47,53,205,yes
1753234731110,1753234731,KXMLBGAME-25JUL22BOSPHI-PHI,99,1,464,no
1753234731110,1753234731,KXMLBGAME-25JUL22BOSPHI-PHI,97,3,300,no
1753234731110,1753234731,KXMLBGAME-25JUL22BOSPHI-PHI,65,35,7,no
1753234731110,1753234731,KXMLBGAME-25JUL22BOSPHI-PHI,63,37,1,no
1753234731110,1753234731,KXMLBGAME-25JUL22BOSPHI-PHI,60,40,25,no
1753234731110,1753234731,KXMLBGAME-25JUL22BOSPHI-PHI,21,79,1,no
1753234731110,1753234731,KXMLBGAME-25JUL22BOSPHI-PHI,21,79,222,no
1753234731110,1753234731,KXMLBGAME-25JUL22BOSPHI-PHI,18,82,666,no
1753234731110,1753234731,KXMLBGAME-25JUL22BOSPHI-PHI,17,83,100,no
1753234731110,1753234731,KXMLBGAME-25JUL22BOSPHI-PHI,15,85,283,no
1753234731851,1753234731,KXMLBGAME-25JUL22NYYTOR-NYY,47,53,116,yes
1753234733650,1753234733,KXMLBGAME-25JUL22HOUARI-HOU,52,48,66,yes
1753234734952,1753234734,KXMLBGAME-25JUL22NYYTOR-TOR,54,46,179,yes
1753234740508,1753234740,KXMLBGAME-25JUL22HOUARI-HOU,52,48,121,yes
1753234740649,1753234740,KXMLBGAME-25JUL22MILSEA-MIL,45,55,19,yes
1753234742089,1753234742,KXMLBGAME-25JUL22ATHTEX-ATH,25,75,11,yes
1753234742630,1753234742,KXMLBGAME-25JUL22LAANYM-NYM,88,12,15,yes
1753234743030,1753234742,KXMLBGAME-25JUL22LAANYM-LAA,13,87,108,yes
1753234743189,1753234743,KXMLBGAME-25JUL22LAANYM-NYM,88,12,219,yes
1753234745409,1753234745,KXMLBGAME-25JUL22STLCOL-COL,82,18,12,yes
1753234749051,1753234748,KXMLBGAME-25JUL22LAANYM-LAA,13,87,36,yes
1753234749151,1753234749,KXMLBGAME-25JUL22NYYTOR-NYY,47,53,26,yes
1753234751029,1753234750,KXMLBGAME-25JUL22LAANYM-NYM,89,11,39,yes
1753234754051,1753234754,KXMLBGAME-25JUL22LAANYM-LAA,13,87,10,yes
1753234754817,1753234754,KXMLBGAME-25JUL22ATHTEX-ATH,24,76,7,no
1753234755370,1753234755,KXMLBGAME-25JUL22LAANYM-LAA,13,87,36,yes
1753234756865,1753234756,KXMLBGAME-25JUL22MILSEA-MIL,45,55,2431,yes
1753234756865,1753234756,KXMLBGAME-25JUL22MILSEA-MIL,45,55,25,yes
1753234756865,1753234756,KXMLBGAME-25JUL22MILSEA-MIL,45,55,195,yes
1753234756865,1753234756,KXMLBGAME-25JUL22MILSEA-MIL,46,54,1594,yes
1753234758251,1753234758,KXMLBGAME-25JUL22LAANYM-LAA,12,88,67,no
1753234759171,1753234759,KXMLBGAME-25JUL22ATHTEX-TEX,76,24,41,yes
1753234761010,1753234760,KXMLBGAME-25JUL22STLCOL-STL,18,82,525,yes
1753234761570,1753234761,KXMLBGAME-25JUL22NYYTOR-TOR,54,46,8,yes
1753234764611,1753234764,KXMLBGAME-25JUL22NYYTOR-NYY,47,53,22,yes
1753234765350,1753234765,KXMLBGAME-25JUL22HOUARI-HOU,52,48,364,yes
1753234766091,1753234766,KXMLBGAME-25JUL22LAANYM-LAA,13,87,1,yes
1753234766170,1753234766,KXMLBGAME-25JUL22NYYTOR-TOR,54,46,5,yes
1753234768171,1753234768,KXMLBGAME-25JUL22NYYTOR-TOR,54,46,53,yes
1753234769045,1753234768,KXMLBGAME-25JUL22ATHTEX-TEX,78,22,94,yes
1753234769211,1753234769,KXMLBGAME-25JUL22LAANYM-LAA,13,87,14,yes
1753234769686,1753234769,KXMLBGAME-25JUL22LAANYM-LAA,13,87,7,yes
1753234771333,1753234771,KXMLBGAME-25JUL22STLCOL-STL,18,82,52,yes
1753234774145,1753234773,KXMLBGAME-25JUL22ATHTEX-ATH,24,76,396,yes
1753234777210,1753234777,KXMLBGAME-25JUL22LAANYM-NYM,89,11,300,yes
1753234777230,1753234777,KXMLBGAME-25JUL22LAANYM-LAA,10,90,65,no
1753234780191,1753234780,KXMLBGAME-25JUL22LAANYM-NYM,89,11,300,yes
1753234780230,1753234780,KXMLBGAME-25JUL22LAANYM-LAA,10,90,49,no
1753234780409,1753234780,KXMLBGAME-25JUL22ATHTEX-ATH,22,78,300,no
1753234780470,1753234780,KXMLBGAME-25JUL22STLCOL-COL,82,18,120,yes
1753234781369,1753234781,KXMLBGAME-25JUL22NYYTOR-NYY,46,54,3,no
1753234781369,1753234781,KXMLBGAME-25JUL22NYYTOR-NYY,44,56,300,no
1753234781369,1753234781,KXMLBGAME-25JUL22NYYTOR-NYY,43,57,35,no
1753234781369,1753234781,KXMLBGAME-25JUL22NYYTOR-NYY,43,57,87,no
1753234781770,1753234781,KXMLBGAME-25JUL22ATHTEX-ATH,22,78,43,yes
1753234782669,1753234782,KXMLBGAME-25JUL22ATHTEX-ATH,22,78,4,yes
1753234784289,1753234784,KXMLBGAME-25JUL22KCCHC-KC,7,93,54,yes
1753234784289,1753234784,KXMLBGAME-25JUL22KCCHC-KC,7,93,13,yes
1753234785910,1753234785,KXMLBGAME-25JUL22MILSEA-MIL,45,55,213,yes
1753234789019,1753234788,KXMLBGAME-25JUL22NYYTOR-TOR,55,45,11,yes
1753234790044,1753234789,KXMLBGAME-25JUL22KCCHC-KC,7,93,26,yes
1753234790329,1753234790,KXMLBGAME-25JUL22NYYTOR-TOR,55,45,1167,yes
1753234790710,1753234790,KXMLBGAME-25JUL22LAANYM-NYM,89,11,87,no
1753234790710,1753234790,KXMLBGAME-25JUL22LAANYM-NYM,89,11,71,no
1753234791989,1753234791,KXMLBGAME-25JUL22ATHTEX-ATH,22,78,13,yes
1753234792352,1753234792,KXMLBGAME-25JUL22KCCHC-KC,7,93,40,yes
1753234792789,1753234792,KXMLBGAME-25JUL22STLCOL-COL,82,18,125,yes
1753234794130,1753234794,KXMLBGAME-25JUL22NYYTOR-TOR,57,43,167,yes
1753234796312,1753234796,KXMLBGAME-25JUL22SFATL-SF,99,1,50,no
1753234796606,1753234796,KXMLBGAME-25JUL22LAANYM-NYM,91,9,21,yes
1753234796792,1753234796,KXMLBGAME-25JUL22STLCOL-COL,82,18,154,yes
1753234796849,1753234796,KXMLBGAME-25JUL22LAANYM-NYM,91,9,2,yes
1753234796910,1753234796,KXMLBGAME-25JUL22STLCOL-COL,82,18,2,yes
1753234797531,1753234797,KXMLBGAME-25JUL22NYYTOR-NYY,45,55,52,yes
1753234797531,1753234797,KXMLBGAME-25JUL22NYYTOR-NYY,46,54,1,yes
1753234797671,1753234797,KXMLBGAME-25JUL22NYYTOR-NYY,45,55,39,yes
1753234797671,1753234797,KXMLBGAME-25JUL22NYYTOR-NYY,46,54,14,yes
1753234800091,1753234800,KXMLBGAME-25JUL22NYYTOR-TOR,57,43,8,yes
1753234801171,1753234801,KXMLBGAME-25JUL22LAANYM-NYM,91,9,106,yes
1753234803174,1753234803,KXMLBGAME-25JUL22MILSEA-MIL,45,55,82,yes
1753234805350,1753234805,KXMLBGAME-25JUL22NYYTOR-TOR,57,43,125,yes
1753234805350,1753234805,KXMLBGAME-25JUL22NYYTOR-TOR,57,43,200,yes
1753234805350,1753234805,KXMLBGAME-25JUL22NYYTOR-TOR,57,43,148,yes
1753234805516,1753234805,KXMLBGAME-25JUL22ATHTEX-ATH,17,83,65,no
1753234806750,1753234806,KXMLBGAME-25JUL22NYYTOR-TOR,57,43,8,yes
1753234806951,1753234806,KXMLBGAME-25JUL22LAANYM-LAA,9,91,3,yes
1753234808170,1753234808,KXMLBGAME-25JUL22MINLAD-LAD,65,35,148,yes
1753234808930,1753234808,KXMLBGAME-25JUL22NYYTOR-TOR,57,43,17,yes
1753234813110,1753234813,KXMLBGAME-25JUL22STLCOL-STL,15,85,18,yes
1753234813674,1753234813,KXMLBGAME-25JUL22LAANYM-NYM,89,11,32,no
1753234817486,1753234817,KXMLBGAME-25JUL22HOUARI-HOU,52,48,16,yes
1753234820044,1753234819,KXMLBGAME-25JUL22MINLAD-LAD,65,35,100,yes
1753234823836,1753234823,KXMLBGAME-25JUL22ATHTEX-ATH,18,82,26,yes
1753234825389,1753234825,KXMLBGAME-25JUL22ATHTEX-ATH,18,82,2,yes
1753234826689,1753234826,KXMLBGAME-25JUL22NYYTOR-TOR,56,44,25,yes
1753234826989,1753234826,KXMLBGAME-25JUL22MILSEA-MIL,45,55,21,yes
1753234827350,1753234827,KXMLBGAME-25JUL22STLCOL-COL,86,14,13,yes
1753234828551,1753234828,KXMLBGAME-25JUL22KCCHC-KC,6,94,1,no
1753234830032,1753234829,KXMLBGAME-25JUL22KCCHC-KC,7,93,134,yes
1753234833929,1753234833,KXMLBGAME-25JUL22ATHTEX-ATH,18,82,52,yes
1753234837310,1753234837,KXMLBGAME-25JUL22MINLAD-MIN,36,64,21,yes
1753234838471,1753234838,KXMLBGAME-25JUL22NYYTOR-NYY,45,55,53,yes
1753234838471,1753234838,KXMLBGAME-25JUL22MINLAD-LAD,65,35,300,yes
1753234839950,1753234839,KXMLBGAME-25JUL22NYYTOR-TOR,57,43,25,yes
1753234840270,1753234840,KXMLBGAME-25JUL22NYYTOR-TOR,57,43,62,yes
1753234840270,1753234840,KXMLBGAME-25JUL22NYYTOR-TOR,57,43,38,yes
1753234841151,1753234841,KXMLBGAME-25JUL22ATHTEX-ATH,18,82,7,yes
1753234841151,1753234841,KXMLBGAME-25JUL22ATHTEX-ATH,18,82,8,yes
1753234845332,1753234845,KXMLBGAME-25JUL22ATHTEX-ATH,18,82,18,yes
1753234845332,1753234845,KXMLBGAME-25JUL22ATHTEX-ATH,18,82,2,yes
1753234845332,1753234845,KXMLBGAME-25JUL22ATHTEX-ATH,18,82,52,yes
1753234845332,1753234845,KXMLBGAME-25JUL22ATHTEX-ATH,18,82,11,yes
1753234845332,1753234845,KXMLBGAME-25JUL22ATHTEX-ATH,19,81,170,yes
1753234847412,1753234847,KXMLBGAME-25JUL22NYYTOR-TOR,57,43,17,yes
1753234850371,1753234850,KXMLBGAME-25JUL22HOUARI-HOU,52,48,15,yes
1753234851609,1753234851,KXMLBGAME-25JUL22MILSEA-SEA,56,44,8,yes
1753234855350,1753234855,KXMLBGAME-25JUL22NYYTOR-NYY,48,52,10,yes
1753234855472,1753234855,KXMLBGAME-25JUL22LAANYM-LAA,9,91,5,yes
1753234855953,1753234855,KXMLBGAME-25JUL22HOUARI-HOU,52,48,5,yes
1753234856789,1753234856,KXMLBGAME-25JUL22STLCOL-STL,14,86,55,no
1753234857650,1753234857,KXMLBGAME-25JUL22MILSEA-MIL,46,54,5,yes
1753234858410,1753234858,KXMLBGAME-25JUL22ATHTEX-ATH,16,84,225,no
1753234858668,1753234858,KXMLBGAME-25JUL22NYYTOR-NYY,48,52,300,yes
1753234858668,1753234858,KXMLBGAME-25JUL22NYYTOR-NYY,48,52,600,yes
1753234860034,1753234859,KXMLBGAME-25JUL22KCCHC-KC,7,93,120,yes
1753234860971,1753234860,KXMLBGAME-25JUL22NYYTOR-TOR,52,48,37,yes
1753234862271,1753234862,KXMLBGAME-25JUL22HOUARI-HOU,52,48,46,yes
1753234866651,1753234866,KXMLBGAME-25JUL22NYYTOR-NYY,49,51,3,yes
1753234872700,1753234872,KXMLBGAME-25JUL22STLCOL-COL,85,15,36,yes
1753234876212,1753234876,KXMLBGAME-25JUL22ATHTEX-ATH,16,84,253,no
1753234877891,1753234877,KXMLBGAME-25JUL22MILSEA-MIL,46,54,16,yes
1753234883169,1753234883,KXMLBGAME-25JUL22MILSEA-SEA,56,44,34,yes
1753234883271,1753234883,KXMLBGAME-25JUL22MILSEA-MIL,46,54,104,yes
1753234883291,1753234883,KXMLBGAME-25JUL22NYYTOR-NYY,49,51,300,yes
1753234883291,1753234883,KXMLBGAME-25JUL22NYYTOR-NYY,49,51,188,yes
1753234884790,1753234884,KXMLBGAME-25JUL22KCCHC-KC,7,93,180,yes
1753234884790,1753234884,KXMLBGAME-25JUL22KCCHC-KC,7,93,491,yes
1753234885450,1753234885,KXMLBGAME-25JUL22MILSEA-MIL,46,54,116,yes
1753234889270,1753234889,KXMLBGAME-25JUL22HOUARI-HOU,52,48,55,yes
1753234889910,1753234889,KXMLBGAME-25JUL22NYYTOR-NYY,49,51,11,yes
1753234889910,1753234889,KXMLBGAME-25JUL22NYYTOR-NYY,49,51,1,yes
1753234892514,1753234892,KXMLBGAME-25JUL22KCCHC-KC,4,96,151,no
1753234893406,1753234893,KXMLBGAME-25JUL22MILSEA-MIL,46,54,146,yes
1753234894431,1753234894,KXMLBGAME-25JUL22NYYTOR-NYY,49,51,147,yes
1753234895950,1753234895,KXMLBGAME-25JUL22STLCOL-STL,15,85,18,yes
1753234896471,1753234896,KXMLBGAME-25JUL22MILSEA-SEA,56,44,519,yes
1753234896651,1753234896,KXMLBGAME-25JUL22NYYTOR-TOR,53,47,18,yes
1753234897631,1753234897,KXMLBGAME-25JUL22MILSEA-MIL,45,55,55,yes
1753234899816,1753234899,KXMLBGAME-25JUL22LAANYM-LAA,9,91,20,yes
1753234901010,1753234900,KXMLBGAME-25JUL22HOUARI-HOU,54,46,179,yes
1753234901390,1753234901,KXMLBGAME-25JUL22NYYTOR-TOR,53,47,9,yes
1753234902010,1753234901,KXMLBGAME-25JUL22HOUARI-HOU,54,46,35,yes
1753234902531,1753234902,KXMLBGAME-25JUL22ATHTEX-TEX,83,17,119,yes
1753234903708,1753234903,KXMLBGAME-25JUL22NYYTOR-TOR,53,47,47,yes
1753234904409,1753234904,KXMLBGAME-25JUL22NYYTOR-TOR,51,49,18,no
1753234906178,1753234906,KXMLBGAME-25JUL22LAANYM-LAA,8,92,58,no
1753234906178,1753234906,KXMLBGAME-25JUL22LAANYM-LAA,8,92,47,no
1753234908051,1753234908,KXMLBGAME-25JUL22BOSPHI-PHI,38,62,12,no
1753234908551,1753234908,KXMLBGAME-25JUL22MILSEA-MIL,46,54,41,yes
1753234911590,1753234911,KXMLBGAME-25JUL22STLCOL-COL,85,15,41,yes
1753234913871,1753234913,KXMLBGAME-25JUL22ATHTEX-ATH,18,82,200,yes
1753234913871,1753234913,KXMLBGAME-25JUL22ATHTEX-ATH,19,81,308,yes
1753234916332,1753234916,KXMLBGAME-25JUL22NYYTOR-NYY,49,51,25,yes
1753234916332,1753234916,KXMLBGAME-25JUL22NYYTOR-NYY,49,51,70,yes
1753234917070,1753234916,KXMLBGAME-25JUL22NYYTOR-NYY,47,53,29,no
1753234921116,1753234921,KXMLBGAME-25JUL22MILSEA-MIL,46,54,53,yes
1753234921510,1753234921,KXMLBGAME-25JUL22NYYTOR-TOR,53,47,1,yes
1753234922652,1753234922,KXMLBGAME-25JUL22NYYTOR-NYY,49,51,228,yes
1753234923730,1753234923,KXMLBGAME-25JUL22ATHTEX-ATH,19,81,10,yes
1753234924630,1753234924,KXMLBGAME-25JUL22HOUARI-HOU,52,48,28,yes
1753234925519,1753234925,KXMLBGAME-25JUL22MILSEA-MIL,45,55,66,no
1753234927567,1753234927,KXMLBGAME-25JUL22NYYTOR-NYY,50,50,9,yes
1753234927829,1753234927,KXMLBGAME-25JUL22STLCOL-STL,15,85,18,yes
1753234927829,1753234927,KXMLBGAME-25JUL22STLCOL-STL,15,85,13,yes
1753234928328,1753234928,KXMLBGAME-25JUL22NYYTOR-NYY,50,50,2,yes
1753234928789,1753234928,KXMLBGAME-25JUL22NYYTOR-TOR,50,50,22,no
1753234929669,1753234929,KXMLBGAME-25JUL22NYYTOR-TOR,53,47,20,yes
1753234930149,1753234930,KXMLBGAME-25JUL22NYYTOR-NYY,47,53,19,no
1753234931611,1753234931,KXMLBGAME-25JUL22NYYTOR-NYY,49,51,19,yes
1753234934735,1753234934,KXMLBGAME-25JUL22NYYTOR-NYY,47,53,34,no
1753234939529,1753234939,KXMLBGAME-25JUL22LAANYM-LAA,9,91,5,yes
1753234939971,1753234939,KXMLBGAME-25JUL22HOUARI-HOU,52,48,2972,yes
1753234939971,1753234939,KXMLBGAME-25JUL22HOUARI-HOU,52,48,500,yes
1753234939971,1753234939,KXMLBGAME-25JUL22HOUARI-HOU,53,47,1068,yes
1753234940129,1753234940,KXMLBGAME-25JUL22NYYTOR-TOR,53,47,73,yes
1753234940295,1753234940,KXMLBGAME-25JUL22NYYTOR-NYY,49,51,18,yes
1753234941072,1753234941,KXMLBGAME-25JUL22ATHTEX-ATH,16,84,5,no
1753234941072,1753234941,KXMLBGAME-25JUL22ATHTEX-ATH,15,85,74,no
1753234941072,1753234941,KXMLBGAME-25JUL22ATHTEX-ATH,15,85,1,no
1753234941072,1753234941,KXMLBGAME-25JUL22ATHTEX-ATH,15,85,12,no
1753234941328,1753234941,KXMLBGAME-25JUL22NYYTOR-TOR,53,47,354,yes
1753234941810,1753234941,KXMLBGAME-25JUL22NYYTOR-NYY,49,51,21,yes
1753234942031,1753234941,KXMLBGAME-25JUL22NYYTOR-TOR,51,49,271,no
1753234942130,1753234942,KXMLBGAME-25JUL22ATHTEX-TEX,85,15,74,yes
1753234942130,1753234942,KXMLBGAME-25JUL22ATHTEX-TEX,85,15,1,yes
1753234942130,1753234942,KXMLBGAME-25JUL22ATHTEX-TEX,85,15,12,yes
1753234944529,1753234944,KXMLBGAME-25JUL22NYYTOR-NYY,50,50,6,yes
1753234945530,1753234945,KXMLBGAME-25JUL22MINLAD-LAD,65,35,30,yes
1753234946270,1753234946,KXMLBGAME-25JUL22ATHTEX-ATH,16,84,5,yes
1753234949014,1753234948,KXMLBGAME-25JUL22NYYTOR-NYY,50,50,50,yes
1753234949670,1753234949,KXMLBGAME-25JUL22MINLAD-MIN,36,64,35,yes
1753234952289,1753234952,KXMLBGAME-25JUL22BOSPHI-BOS,1,99,935,yes
1753234953328,1753234953,KXMLBGAME-25JUL22NYYTOR-TOR,53,47,28,yes
1753234956649,1753234956,KXMLBGAME-25JUL22SFATL-SF,99,1,30,no
1753234958902,1753234958,KXMLBGAME-25JUL22LAANYM-LAA,9,91,52,yes
1753234961950,1753234961,KXMLBGAME-25JUL22HOUARI-ARI,49,51,98,yes
1753234962010,1753234961,KXMLBGAME-25JUL22NYYTOR-TOR,54,46,96,yes
1753234965710,1753234965,KXMLBGAME-25JUL22HOUARI-HOU,51,49,3000,no
1753234965831,1753234965,KXMLBGAME-25JUL22KCCHC-KC,6,94,100,no
1753234967272,1753234967,KXMLBGAME-25JUL22NYYTOR-TOR,54,46,65,yes
1753234968791,1753234968,KXMLBGAME-25JUL22NYYTOR-TOR,54,46,39,yes
1753234968791,1753234968,KXMLBGAME-25JUL22NYYTOR-TOR,54,46,32,yes
1753234970451,1753234970,KXMLBGAME-25JUL22MILSEA-MIL,45,55,53,yes
1753234971243,1753234971,KXMLBGAME-25JUL22ATHTEX-TEX,84,16,300,no
1753234971256,1753234971,KXMLBGAME-25JUL22HOUARI-HOU,51,49,100,yes
1753234971256,1753234971,KXMLBGAME-25JUL22HOUARI-HOU,51,49,68,yes
1753234971256,1753234971,KXMLBGAME-25JUL22HOUARI-HOU,51,49,27,yes
1753234973253,1753234973,KXMLBGAME-25JUL22LAANYM-LAA,10,90,188,yes
1753234974070,1753234974,KXMLBGAME-25JUL22NYYTOR-TOR,54,46,44,yes
1753234974789,1753234974,KXMLBGAME-25JUL22NYYTOR-NYY,49,51,78,yes
1753234975811,1753234975,KXMLBGAME-25JUL22NYYTOR-NYY,49,51,222,yes
1753234975811,1753234975,KXMLBGAME-25JUL22NYYTOR-NYY,49,51,96,yes
1753234975811,1753234975,KXMLBGAME-25JUL22NYYTOR-NYY,49,51,18,yes
1753234978211,1753234978,KXMLBGAME-25JUL22LAANYM-LAA,10,90,47,yes
1753234978768,1753234978,KXMLBGAME-25JUL22KCCHC-KC,7,93,67,yes
1753234980072,1753234980,KXMLBGAME-25JUL22BOSPHI-BOS,1,99,187,yes
1753234980451,1753234980,KXMLBGAME-25JUL22NYYTOR-TOR,54,46,35,yes
1753234983780,1753234983,KXMLBGAME-25JUL22NYYTOR-NYY,49,51,47,yes
1753234983780,1753234983,KXMLBGAME-25JUL22NYYTOR-NYY,49,51,39,yes
1753234983780,1753234983,KXMLBGAME-25JUL22NYYTOR-NYY,49,51,111,yes
1753234984330,1753234984,KXMLBGAME-25JUL22STLCOL-COL,85,15,232,yes
1753234984712,1753234984,KXMLBGAME-25JUL22STLCOL-STL,18,82,51,yes
1753234985113,1753234985,KXMLBGAME-25JUL22LAANYM-LAA,10,90,940,yes
1753234986190,1753234986,KXMLBGAME-25JUL22HOUARI-HOU,51,49,187,yes
1753234986190,1753234986,KXMLBGAME-25JUL22LAANYM-LAA,10,90,10,yes
1753234988430,1753234988,KXMLBGAME-25JUL22HOUARI-ARI,51,49,81,yes
1753234988430,1753234988,KXMLBGAME-25JUL22HOUARI-ARI,52,48,13,yes
1753234990072,1753234990,KXMLBGAME-25JUL22LAANYM-LAA,10,90,37,yes
1753234990571,1753234990,KXMLBGAME-25JUL22MILSEA-MIL,44,56,200,no
1753234990571,1753234990,KXMLBGAME-25JUL22MILSEA-MIL,44,56,3000,no
1753234992071,1753234992,KXMLBGAME-25JUL22NYYTOR-TOR,54,46,143,yes
1753234992749,1753234992,KXMLBGAME-25JUL22STLCOL-STL,18,82,9,yes
1753234992849,1753234992,KXMLBGAME-25JUL22NYYTOR-TOR,54,46,46,yes
1753234992849,1753234992,KXMLBGAME-25JUL22NYYTOR-TOR,54,46,300,yes
1753234992849,1753234992,KXMLBGAME-25JUL22NYYTOR-TOR,54,46,87,yes
1753234992849,1753234992,KXMLBGAME-25JUL22NYYTOR-TOR,54,46,105,yes
1753234993751,1753234993,KXMLBGAME-25JUL22LAANYM-LAA,10,90,552,yes
1753234993751,1753234993,KXMLBGAME-25JUL22LAANYM-LAA,11,89,200,yes
1753234993751,1753234993,KXMLBGAME-25JUL22LAANYM-LAA,11,89,87,yes
1753234993751,1753234993,KXMLBGAME-25JUL22LAANYM-LAA,11,89,66,yes
1753234993752,1753234993,KXMLBGAME-25JUL22STLCOL-COL,82,18,136,no
1753234994271,1753234994,KXMLBGAME-25JUL22LAANYM-NYM,92,8,12,yes
1753234994490,1753234994,KXMLBGAME-25JUL22NYYTOR-TOR,54,46,141,yes
1753234995349,1753234995,KXMLBGAME-25JUL22MILSEA-MIL,43,57,500,yes
1753234995349,1753234995,KXMLBGAME-25JUL22MILSEA-MIL,43,57,300,yes
1753234996588,1753234996,KXMLBGAME-25JUL22HOUARI-ARI,52,48,40,yes
1753234997402,1753234997,KXMLBGAME-25JUL22STLCOL-STL,18,82,53,yes
1753234997794,1753234997,KXMLBGAME-25JUL22HOUARI-HOU,51,49,37,yes
1753234998095,1753234998,KXMLBGAME-25JUL22MILSEA-MIL,44,56,87,yes
1753234998095,1753234998,KXMLBGAME-25JUL22MILSEA-MIL,44,56,105,yes
1753234998799,1753234998,KXMLBGAME-25JUL22LAANYM-LAA,11,89,46,yes
1753235001191,1753235001,KXMLBGAME-25JUL22NYYTOR-NYY,47,53,53,yes
1753235004171,1753235004,KXMLBGAME-25JUL22LAANYM-LAA,11,89,188,yes
1753235004171,1753235004,KXMLBGAME-25JUL22LAANYM-LAA,11,89,667,yes
1753235006892,1753235006,KXMLBGAME-25JUL22LAANYM-LAA,11,89,73,yes
1753235008152,1753235008,KXMLBGAME-25JUL22NYYTOR-NYY,48,52,82,yes
1753235008152,1753235008,KXMLBGAME-25JUL22NYYTOR-NYY,48,52,300,yes
1753235008152,1753235008,KXMLBGAME-25JUL22NYYTOR-NYY,49,51,189,yes
1753235008152,1753235008,KXMLBGAME-25JUL22NYYTOR-NYY,49,51,421,yes
1753235010390,1753235010,KXMLBGAME-25JUL22STLCOL-STL,16,84,430,yes
1753235010929,1753235010,KXMLBGAME-25JUL22LAANYM-LAA,11,89,50,yes
1753235011012,1753235010,KXMLBGAME-25JUL22ATHTEX-TEX,84,16,11,yes
1753235011268,1753235011,KXMLBGAME-25JUL22ATHTEX-TEX,84,16,11,yes
1753235013049,1753235012,KXMLBGAME-25JUL22STLCOL-COL,84,16,36,yes
1753235013369,1753235013,KXMLBGAME-25JUL22LAANYM-LAA,11,89,8,yes
1753235014691,1753235014,KXMLBGAME-25JUL22NYYTOR-NYY,48,52,44,yes
1753235015388,1753235015,KXMLBGAME-25JUL22MILSEA-MIL,44,56,495,yes
1753235015388,1753235015,KXMLBGAME-25JUL22MILSEA-MIL,44,56,500,yes
1753235015388,1753235015,KXMLBGAME-25JUL22MILSEA-MIL,44,56,300,yes
1753235015388,1753235015,KXMLBGAME-25JUL22MILSEA-MIL,45,55,1942,yes
1753235016758,1753235016,KXMLBGAME-25JUL22LAANYM-LAA,11,89,42,yes
1753235018913,1753235018,KXMLBGAME-25JUL22LAANYM-LAA,10,90,10,no
1753235019570,1753235019,KXMLBGAME-25JUL22MILSEA-MIL,44,56,5,yes
1753235021671,1753235021,KXMLBGAME-25JUL22MILSEA-MIL,44,56,19,yes
1753235028230,1753235028,KXMLBGAME-25JUL22LAANYM-NYM,91,9,200,yes
1753235028230,1753235028,KXMLBGAME-25JUL22LAANYM-NYM,92,8,18,yes
1753235028230,1753235028,KXMLBGAME-25JUL22LAANYM-NYM,92,8,41,yes
1753235029890,1753235029,KXMLBGAME-25JUL22MILSEA-MIL,44,56,10,yes
1753235031703,1753235031,KXMLBGAME-25JUL22STLCOL-COL,84,16,3,yes
1753235032912,1753235032,KXMLBGAME-25JUL22MINLAD-LAD,65,35,309,yes
1753235032912,1753235032,KXMLBGAME-25JUL22MINLAD-LAD,65,35,479,yes
1753235032912,1753235032,KXMLBGAME-25JUL22MINLAD-LAD,65,35,500,yes
1753235032912,1753235032,KXMLBGAME-25JUL22MINLAD-LAD,65,35,500,yes
1753235032912,1753235032,KXMLBGAME-25JUL22MINLAD-LAD,65,35,3000,yes
1753235032912,1753235032,KXMLBGAME-25JUL22MINLAD-LAD,66,34,200,yes
1753235032912,1753235032,KXMLBGAME-25JUL22MINLAD-LAD,66,34,7453,yes
1753235034549,1753235034,KXMLBGAME-25JUL22NYYTOR-TOR,55,45,31,yes
1753235035071,1753235035,KXMLBGAME-25JUL22MILSEA-MIL,43,57,11,yes
1753235037429,1753235037,KXMLBGAME-25JUL22MINLAD-LAD,66,34,14,yes
1753235039729,1753235039,KXMLBGAME-25JUL22NYYTOR-NYY,47,53,50,yes
1753235039729,1753235039,KXMLBGAME-25JUL22NYYTOR-NYY,47,53,1,yes
1753235041923,1753235041,KXMLBGAME-25JUL22HOUARI-HOU,51,49,40,yes
1753235043087,1753235042,KXMLBGAME-25JUL22MILSEA-SEA,58,42,30,yes
1753235045669,1753235045,KXMLBGAME-25JUL22NYYTOR-NYY,45,55,227,no
1753235046889,1753235046,KXMLBGAME-25JUL22MILSEA-SEA,58,42,83,yes
1753235046931,1753235046,KXMLBGAME-25JUL22HOUARI-HOU,51,49,142,yes
1753235048410,1753235048,KXMLBGAME-25JUL22KCCHC-CHC,93,7,300,no
1753235048410,1753235048,KXMLBGAME-25JUL22KCCHC-CHC,92,8,738,no
1753235048549,1753235048,KXMLBGAME-25JUL22NYYTOR-TOR,55,45,35,yes
1753235050470,1753235050,KXMLBGAME-25JUL22ATHTEX-ATH,17,83,300,yes
1753235052790,1753235052,KXMLBGAME-25JUL22NYYTOR-NYY,45,55,2439,no
1753235052790,1753235052,KXMLBGAME-25JUL22NYYTOR-NYY,45,55,226,no
1753235052790,1753235052,KXMLBGAME-25JUL22LAANYM-LAA,8,92,80,no
1753235052871,1753235052,KXMLBGAME-25JUL22NYYTOR-NYY,45,55,2440,no
1753235052871,1753235052,KXMLBGAME-25JUL22NYYTOR-NYY,45,55,300,no
1753235052871,1753235052,KXMLBGAME-25JUL22NYYTOR-NYY,44,56,41,no
1753235052913,1753235052,KXMLBGAME-25JUL22NYYTOR-TOR,56,44,87,yes
1753235053890,1753235053,KXMLBGAME-25JUL22HOUARI-HOU,51,49,118,yes
1753235053890,1753235053,KXMLBGAME-25JUL22HOUARI-HOU,51,49,51,yes
1753235053890,1753235053,KXMLBGAME-25JUL22HOUARI-HOU,51,49,212,yes
1753235055530,1753235055,KXMLBGAME-25JUL22LAANYM-LAA,11,89,42,yes
1753235056870,1753235056,KXMLBGAME-25JUL22MILSEA-MIL,45,55,213,yes
1753235057811,1753235057,KXMLBGAME-25JUL22MILSEA-SEA,58,42,75,yes
1753235058748,1753235058,KXMLBGAME-25JUL22KCCHC-KC,7,93,67,yes
1753235058810,1753235058,KXMLBGAME-25JUL22NYYTOR-TOR,59,41,30,yes
1753235058810,1753235058,KXMLBGAME-25JUL22NYYTOR-TOR,59,41,5,yes
1753235059183,1753235059,KXMLBGAME-25JUL22KCCHC-KC,7,93,134,yes
1753235059511,1753235059,KXMLBGAME-25JUL22NYYTOR-TOR,59,41,65,yes
1753235060331,1753235060,KXMLBGAME-25JUL22MILSEA-MIL,45,55,32,yes
1753235063053,1753235063,KXMLBGAME-25JUL22KCCHC-KC,6,94,87,no
1753235063053,1753235063,KXMLBGAME-25JUL22KCCHC-CHC,94,6,87,yes
1753235067645,1753235067,KXMLBGAME-25JUL22ATHTEX-ATH,18,82,4,yes
1753235068313,1753235068,KXMLBGAME-25JUL22ATHTEX-ATH,18,82,21,yes
1753235076190,1753235076,KXMLBGAME-25JUL22NYYTOR-TOR,58,42,41,yes
1753235080349,1753235080,KXMLBGAME-25JUL22HOUARI-HOU,51,49,18,yes
1753235081950,1753235081,KXMLBGAME-25JUL22ATHTEX-ATH,18,82,26,yes
1753235082829,1753235082,KXMLBGAME-25JUL22MILSEA-SEA,58,42,16,yes
1753235083010,1753235082,KXMLBGAME-25JUL22KCCHC-KC,8,92,117,yes
1753235083149,1753235083,KXMLBGAME-25JUL22NYYTOR-TOR,58,42,16,yes
1753235084410,1753235084,KXMLBGAME-25JUL22MILSEA-MIL,44,56,300,yes
1753235084410,1753235084,KXMLBGAME-25JUL22MILSEA-MIL,45,55,59,yes
1753235085509,1753235085,KXMLBGAME-25JUL22STLCOL-STL,18,82,10,yes
1753235085509,1753235085,KXMLBGAME-25JUL22STLCOL-STL,18,82,220,yes
1753235085509,1753235085,KXMLBGAME-25JUL22STLCOL-STL,18,82,300,yes
1753235085909,1753235085,KXMLBGAME-25JUL22NYYTOR-NYY,44,56,300,yes
1753235085909,1753235085,KXMLBGAME-25JUL22NYYTOR-NYY,45,55,70,yes
1753235087031,1753235086,KXMLBGAME-25JUL22HOUARI-ARI,52,48,93,yes
1753235087629,1753235087,KXMLBGAME-25JUL22NYYTOR-NYY,45,55,12,no
1753235088471,1753235088,KXMLBGAME-25JUL22NYYTOR-NYY,54,46,36,yes
1753235088472,1753235088,KXMLBGAME-25JUL22NYYTOR-NYY,55,45,275,yes
1753235088550,1753235088,KXMLBGAME-25JUL22NYYTOR-TOR,50,50,36,no
1753235089890,1753235089,KXMLBGAME-25JUL22NYYTOR-TOR,50,50,8,no
1753235089890,1753235089,KXMLBGAME-25JUL22NYYTOR-TOR,49,51,30,no
1753235089890,1753235089,KXMLBGAME-25JUL22NYYTOR-TOR,35,65,10,no
1753235089968,1753235089,KXMLBGAME-25JUL22NYYTOR-NYY,58,42,34,yes
1753235089968,1753235089,KXMLBGAME-25JUL22NYYTOR-NYY,59,41,333,yes
1753235089968,1753235089,KXMLBGAME-25JUL22NYYTOR-NYY,60,40,55,yes
1753235090109,1753235090,KXMLBGAME-25JUL22NYYTOR-TOR,22,78,34,no
1753235090370,1753235090,KXMLBGAME-25JUL22NYYTOR-NYY,45,55,5,no
1753235090428,1753235090,KXMLBGAME-25JUL22NYYTOR-NYY,69,31,275,yes
1753235091470,1753235091,KXMLBGAME-25JUL22NYYTOR-NYY,69,31,502,yes
1753235092270,1753235092,KXMLBGAME-25JUL22NYYTOR-NYY,77,23,18,no
1753235095490,1753235095,KXMLBGAME-25JUL22MILSEA-MIL,43,57,134,yes
1753235096432,1753235096,KXMLBGAME-25JUL22NYYTOR-NYY,70,30,13,no
1753235098850,1753235098,KXMLBGAME-25JUL22NYYTOR-NYY,84,16,37,yes
1753235100412,1753235100,KXMLBGAME-25JUL22MILSEA-MIL,44,56,109,yes
1753235101451,1753235101,KXMLBGAME-25JUL22NYYTOR-NYY,70,30,10,no
1753235103130,1753235103,KXMLBGAME-25JUL22NYYTOR-NYY,70,30,114,no
1753235103351,1753235103,KXMLBGAME-25JUL22NYYTOR-TOR,14,86,16,no
1753235103993,1753235103,KXMLBGAME-25JUL22STLCOL-COL,82,18,87,yes
1753235103993,1753235103,KXMLBGAME-25JUL22STLCOL-COL,82,18,300,yes
1753235105011,1753235104,KXMLBGAME-25JUL22KCCHC-KC,6,94,461,no
1753235105011,1753235104,KXMLBGAME-25JUL22KCCHC-CHC,94,6,482,yes
1753235105830,1753235105,KXMLBGAME-25JUL22MILSEA-MIL,44,56,26,yes
1753235105871,1753235105,KXMLBGAME-25JUL22KCCHC-KC,6,94,463,no
1753235106051,1753235106,KXMLBGAME-25JUL22KCCHC-CHC,94,6,475,yes
1753235106116,1753235106,KXMLBGAME-25JUL22NYYTOR-NYY,83,17,4,no
1753235106410,1753235106,KXMLBGAME-25JUL22NYYTOR-NYY,84,16,2,yes
1753235106770,1753235106,KXMLBGAME-25JUL22KCCHC-KC,6,94,465,no
1753235106811,1753235106,KXMLBGAME-25JUL22KCCHC-CHC,94,6,438,yes
1753235107583,1753235107,KXMLBGAME-25JUL22NYYTOR-NYY,83,17,12,no
1753235107583,1753235107,KXMLBGAME-25JUL22NYYTOR-NYY,83,17,67,no
1753235107651,1753235107,KXMLBGAME-25JUL22KCCHC-CHC,94,6,461,yes
1753235107651,1753235107,KXMLBGAME-25JUL22KCCHC-KC,6,94,410,no
1753235108990,1753235108,KXMLBGAME-25JUL22BOSPHI-BOS,1,99,467,yes
1753235110550,1753235110,KXMLBGAME-25JUL22NYYTOR-NYY,78,22,95,no
1753235111731,1753235111,KXMLBGAME-25JUL22LAANYM-LAA,9,91,410,yes
1753235115850,1753235115,KXMLBGAME-25JUL22NYYTOR-NYY,83,17,23,yes
1753235117771,1753235117,KXMLBGAME-25JUL22NYYTOR-TOR,19,81,39,yes
1753235118449,1753235118,KXMLBGAME-25JUL22NYYTOR-TOR,17,83,20,no
1753235120610,1753235120,KXMLBGAME-25JUL22NYYTOR-NYY,81,19,114,no
1753235122488,1753235122,KXMLBGAME-25JUL22NYYTOR-TOR,19,81,124,yes
1753235122530,1753235122,KXMLBGAME-25JUL22NYYTOR-NYY,80,20,87,no
1753235122530,1753235122,KXMLBGAME-25JUL22NYYTOR-NYY,77,23,323,no
1753235122530,1753235122,KXMLBGAME-25JUL22NYYTOR-TOR,19,81,20,yes
1753235122651,1753235122,KXMLBGAME-25JUL22LAANYM-LAA,9,91,22,yes
1753235122669,1753235122,KXMLBGAME-25JUL22NYYTOR-TOR,19,81,7,yes
1753235123210,1753235123,KXMLBGAME-25JUL22NYYTOR-TOR,19,81,49,yes
1753235123250,1753235123,KXMLBGAME-25JUL22NYYTOR-TOR,19,81,5,yes
1753235123791,1753235123,KXMLBGAME-25JUL22NYYTOR-TOR,17,83,41,no
1753235123791,1753235123,KXMLBGAME-25JUL22NYYTOR-TOR,17,83,22,no
1753235123791,1753235123,KXMLBGAME-25JUL22NYYTOR-TOR,16,84,192,no
1753235123911,1753235123,KXMLBGAME-25JUL22STLCOL-STL,21,79,80,yes
1753235123911,1753235123,KXMLBGAME-25JUL22STLCOL-STL,21,79,32,yes
1753235124550,1753235124,KXMLBGAME-25JUL22HOUARI-HOU,50,50,100,no
1753235124550,1753235124,KXMLBGAME-25JUL22HOUARI-HOU,50,50,500,no
1753235125611,1753235125,KXMLBGAME-25JUL22HOUARI-HOU,49,51,94,yes
1753235126811,1753235126,KXMLBGAME-25JUL22NYYTOR-NYY,83,17,13,yes
1753235126811,1753235126,KXMLBGAME-25JUL22NYYTOR-NYY,83,17,4,yes
1753235126829,1753235126,KXMLBGAME-25JUL22NYYTOR-TOR,19,81,94,yes
1753235127230,1753235127,KXMLBGAME-25JUL22HOUARI-HOU,49,51,157,yes
1753235131991,1753235131,KXMLBGAME-25JUL22MINLAD-LAD,64,36,109,no
1753235131991,1753235131,KXMLBGAME-25JUL22MINLAD-LAD,64,36,11,no
1753235132211,1753235132,KXMLBGAME-25JUL22NYYTOR-NYY,81,19,9,no
1753235132751,1753235132,KXMLBGAME-25JUL22NYYTOR-NYY,83,17,5,yes
1753235133758,1753235133,KXMLBGAME-25JUL22KCCHC-KC,7,93,67,yes
1753235134330,1753235134,KXMLBGAME-25JUL22MILSEA-SEA,60,40,129,yes
1753235134930,1753235134,KXMLBGAME-25JUL22NYYTOR-NYY,81,19,41,no
1753235136610,1753235136,KXMLBGAME-25JUL22KCCHC-CHC,95,5,408,yes
1753235137573,1753235137,KXMLBGAME-25JUL22MILSEA-MIL,43,57,3,yes
1753235137769,1753235137,KXMLBGAME-25JUL22NYYTOR-NYY,81,19,92,no
1753235138611,1753235138,KXMLBGAME-25JUL22NYYTOR-TOR,19,81,2,yes
1753235139591,1753235139,KXMLBGAME-25JUL22NYYTOR-NYY,84,16,59,yes
1753235139591,1753235139,KXMLBGAME-25JUL22NYYTOR-NYY,84,16,300,yes
1753235139591,1753235139,KXMLBGAME-25JUL22NYYTOR-NYY,84,16,42,yes
1753235139591,1753235139,KXMLBGAME-25JUL22NYYTOR-NYY,89,11,134,yes
1753235140269,1753235140,KXMLBGAME-25JUL22NYYTOR-TOR,18,82,52,yes
1753235140991,1753235140,KXMLBGAME-25JUL22NYYTOR-NYY,81,19,49,no
1753235143150,1753235143,KXMLBGAME-25JUL22NYYTOR-NYY,84,16,110,yes
1753235143390,1753235143,KXMLBGAME-25JUL22NYYTOR-NYY,84,16,52,yes
1753235145970,1753235145,KXMLBGAME-25JUL22NYYTOR-TOR,17,83,50,no
1753235145970,1753235145,KXMLBGAME-25JUL22NYYTOR-TOR,17,83,423,no
1753235151825,1753235151,KXMLBGAME-25JUL22ATHTEX-ATH,17,83,249,yes
1753235151825,1753235151,KXMLBGAME-25JUL22ATHTEX-ATH,17,83,300,yes
1753235151825,1753235151,KXMLBGAME-25JUL22ATHTEX-ATH,18,82,600,yes
1753235151825,1753235151,KXMLBGAME-25JUL22ATHTEX-ATH,18,82,63,yes
1753235152532,1753235152,KXMLBGAME-25JUL22LAANYM-NYM,90,10,29,no
1753235153351,1753235153,KXMLBGAME-25JUL22LAANYM-LAA,10,90,8,yes
1753235153476,1753235153,KXMLBGAME-25JUL22NYYTOR-NYY,84,16,117,yes
1753235153550,1753235153,KXMLBGAME-25JUL22ATHTEX-ATH,16,84,2,no
1753235154750,1753235154,KXMLBGAME-25JUL22MILSEA-MIL,43,57,254,yes
1753235155516,1753235155,KXMLBGAME-25JUL22NYYTOR-TOR,18,82,2346,yes
1753235155517,1753235155,KXMLBGAME-25JUL22NYYTOR-TOR,18,82,806,yes
1753235155651,1753235155,KXMLBGAME-25JUL22ATHTEX-ATH,18,82,47,yes
1753235157670,1753235157,KXMLBGAME-25JUL22NYYTOR-TOR,16,84,8,no
1753235159150,1753235159,KXMLBGAME-25JUL22NYYTOR-NYY,84,16,11,yes
1753235159471,1753235159,KXMLBGAME-25JUL22NYYTOR-NYY,84,16,20,yes
1753235159471,1753235159,KXMLBGAME-25JUL22NYYTOR-NYY,84,16,5,yes
1753235160119,1753235160,KXMLBGAME-25JUL22NYYTOR-TOR,18,82,26,yes
1753235160731,1753235160,KXMLBGAME-25JUL22MINLAD-MIN,36,64,7,yes
1753235161192,1753235161,KXMLBGAME-25JUL22NYYTOR-TOR,17,83,124,yes
1753235161430,1753235161,KXMLBGAME-25JUL22NYYTOR-NYY,84,16,117,yes
1753235161956,1753235161,KXMLBGAME-25JUL22NYYTOR-NYY,84,16,58,yes
1753235162214,1753235162,KXMLBGAME-25JUL22NYYTOR-TOR,17,83,124,yes
1753235162250,1753235162,KXMLBGAME-25JUL22NYYTOR-TOR,15,85,3,no
1753235163030,1753235162,KXMLBGAME-25JUL22STLCOL-STL,21,79,168,yes
1753235163030,1753235162,KXMLBGAME-25JUL22STLCOL-STL,21,79,57,yes
1753235163089,1753235163,KXMLBGAME-25JUL22NYYTOR-TOR,17,83,1241,yes
1753235163271,1753235163,KXMLBGAME-25JUL22NYYTOR-NYY,81,19,21,no
1753235163272,1753235163,KXMLBGAME-25JUL22NYYTOR-TOR,17,83,42,yes
1753235163292,1753235163,KXMLBGAME-25JUL22NYYTOR-TOR,15,85,297,no
1753235163292,1753235163,KXMLBGAME-25JUL22NYYTOR-TOR,15,85,24,no
1753235163292,1753235163,KXMLBGAME-25JUL22NYYTOR-TOR,14,86,84,no
1753235163292,1753235163,KXMLBGAME-25JUL22NYYTOR-TOR,10,90,97,no
1753235165171,1753235165,KXMLBGAME-25JUL22NYYTOR-NYY,81,19,70,no
1753235165530,1753235165,KXMLBGAME-25JUL22KCCHC-KC,7,93,233,yes
1753235165530,1753235165,KXMLBGAME-25JUL22KCCHC-KC,8,92,84,yes
1753235165530,1753235165,KXMLBGAME-25JUL22KCCHC-KC,8,92,5,yes
1753235167891,1753235167,KXMLBGAME-25JUL22NYYTOR-NYY,85,15,9,yes
1753235168813,1753235168,KXMLBGAME-25JUL22NYYTOR-TOR,17,83,10,no
1753235169629,1753235169,KXMLBGAME-25JUL22NYYTOR-TOR,17,83,138,no
1753235172291,1753235172,KXMLBGAME-25JUL22MILSEA-MIL,43,57,46,yes
1753235172291,1753235172,KXMLBGAME-25JUL22MILSEA-MIL,43,57,63,yes
1753235173351,1753235173,KXMLBGAME-25JUL22NYYTOR-NYY,85,15,116,yes
1753235173929,1753235173,KXMLBGAME-25JUL22SFATL-SF,99,1,9,no
1753235174990,1753235174,KXMLBGAME-25JUL22NYYTOR-TOR,19,81,24,yes
1753235175471,1753235175,KXMLBGAME-25JUL22NYYTOR-NYY,84,16,1,yes
1753235176129,1753235176,KXMLBGAME-25JUL22KCCHC-KC,7,93,67,yes
1753235176811,1753235176,KXMLBGAME-25JUL22NYYTOR-TOR,17,83,209,no
1753235176992,1753235176,KXMLBGAME-25JUL22BOSPHI-PHI,99,1,300,yes
1753235177751,1753235177,KXMLBGAME-25JUL22LAANYM-LAA,9,91,20,yes
1753235180490,1753235180,KXMLBGAME-25JUL22MINLAD-LAD,64,36,58,no
1753235183528,1753235183,KXMLBGAME-25JUL22KCCHC-CHC,95,5,18,yes
1753235183969,1753235183,KXMLBGAME-25JUL22LAANYM-LAA,7,93,73,no
1753235184191,1753235184,KXMLBGAME-25JUL22NYYTOR-TOR,19,81,124,yes
1753235184592,1753235184,KXMLBGAME-25JUL22HOUARI-HOU,50,50,93,yes
1753235184592,1753235184,KXMLBGAME-25JUL22HOUARI-HOU,50,50,39,yes
1753235184592,1753235184,KXMLBGAME-25JUL22HOUARI-HOU,50,50,275,yes
1753235186352,1753235186,KXMLBGAME-25JUL22KCCHC-KC,7,93,134,yes
1753235186790,1753235186,KXMLBGAME-25JUL22BOSPHI-PHI,99,1,3700,yes
1753235188792,1753235188,KXMLBGAME-25JUL22NYYTOR-TOR,17,83,44,no
1753235192690,1753235192,KXMLBGAME-25JUL22NYYTOR-NYY,81,19,159,no
1753235193569,1753235193,KXMLBGAME-25JUL22LAANYM-LAA,9,91,52,yes
1753235194229,1753235194,KXMLBGAME-25JUL22MILSEA-MIL,43,57,2,yes
1753235194970,1753235194,KXMLBGAME-25JUL22NYYTOR-TOR,17,83,116,no
1753235195572,1753235195,KXMLBGAME-25JUL22NYYTOR-NYY,84,16,299,yes
1753235196111,1753235196,KXMLBGAME-25JUL22ATHTEX-ATH,18,82,10,yes
1753235200532,1753235200,KXMLBGAME-25JUL22NYYTOR-NYY,84,16,7,no
1753235201900,1753235201,KXMLBGAME-25JUL22NYYTOR-TOR,17,83,137,no
1753235201993,1753235201,KXMLBGAME-25JUL22NYYTOR-NYY,85,15,57,yes
1753235202349,1753235202,KXMLBGAME-25JUL22MILSEA-MIL,43,57,64,yes
1753235202349,1753235202,KXMLBGAME-25JUL22MILSEA-MIL,43,57,159,yes
1753235202796,1753235202,KXMLBGAME-25JUL22NYYTOR-NYY,84,16,10,no
1753235211331,1753235211,KXMLBGAME-25JUL22NYYTOR-NYY,84,16,110,no
1753235214544,1753235214,KXMLBGAME-25JUL22NYYTOR-NYY,85,15,9,yes
1753235214953,1753235214,KXMLBGAME-25JUL22MILSEA-MIL,43,57,42,yes
1753235215251,1753235215,KXMLBGAME-25JUL22NYYTOR-NYY,84,16,460,no
1753235215491,1753235215,KXMLBGAME-25JUL22NYYTOR-NYY,84,16,114,no
1753235216410,1753235216,KXMLBGAME-25JUL22NYYTOR-NYY,83,17,18,yes
1753235216410,1753235216,KXMLBGAME-25JUL22NYYTOR-NYY,84,16,58,yes
1753235216709,1753235216,KXMLBGAME-25JUL22STLCOL-STL,19,81,50,no
1753235218173,1753235218,KXMLBGAME-25JUL22MILSEA-MIL,43,57,22,yes
1753235218830,1753235218,KXMLBGAME-25JUL22MILSEA-MIL,43,57,77,yes
1753235218830,1753235218,KXMLBGAME-25JUL22MILSEA-MIL,43,57,87,yes
1753235218830,1753235218,KXMLBGAME-25JUL22MILSEA-MIL,43,57,28,yes
1753235218951,1753235218,KXMLBGAME-25JUL22NYYTOR-NYY,83,17,13,yes
1753235218951,1753235218,KXMLBGAME-25JUL22NYYTOR-NYY,84,16,374,yes
1753235218971,1753235218,KXMLBGAME-25JUL22NYYTOR-TOR,18,82,238,no
1753235220492,1753235220,KXMLBGAME-25JUL22NYYTOR-NYY,83,17,10,yes
1753235220492,1753235220,KXMLBGAME-25JUL22NYYTOR-NYY,84,16,107,yes
1753235220512,1753235220,KXMLBGAME-25JUL22KCCHC-KC,7,93,13,yes
1753235221470,1753235221,KXMLBGAME-25JUL22LAANYM-NYM,95,5,81,yes
1753235221470,1753235221,KXMLBGAME-25JUL22LAANYM-NYM,96,4,19,yes
1753235223950,1753235223,KXMLBGAME-25JUL22MINLAD-MIN,36,64,7,yes
1753235224590,1753235224,KXMLBGAME-25JUL22LAANYM-NYM,95,5,1,yes
1753235228330,1753235228,KXMLBGAME-25JUL22NYYTOR-TOR,18,82,50,no
1753235228891,1753235228,KXMLBGAME-25JUL22LAANYM-LAA,11,89,8,yes
1753235229831,1753235229,KXMLBGAME-25JUL22NYYTOR-NYY,80,20,32,no
1753235231270,1753235231,KXMLBGAME-25JUL22HOUARI-HOU,50,50,5,yes
1753235232530,1753235232,KXMLBGAME-25JUL22NYYTOR-TOR,20,80,4,yes
1753235232590,1753235232,KXMLBGAME-25JUL22MINLAD-LAD,66,34,293,yes
1753235232632,1753235232,KXMLBGAME-25JUL22LAANYM-LAA,11,89,87,yes
1753235232632,1753235232,KXMLBGAME-25JUL22LAANYM-LAA,11,89,100,yes
1753235232632,1753235232,KXMLBGAME-25JUL22LAANYM-LAA,12,88,500,yes
1753235232632,1753235232,KXMLBGAME-25JUL22LAANYM-LAA,12,88,300,yes
1753235232632,1753235232,KXMLBGAME-25JUL22LAANYM-LAA,12,88,200,yes
1753235232632,1753235232,KXMLBGAME-25JUL22LAANYM-LAA,13,87,200,yes
1753235232632,1753235232,KXMLBGAME-25JUL22LAANYM-LAA,13,87,167,yes
1753235234390,1753235234,KXMLBGAME-25JUL22NYYTOR-TOR,20,80,33,yes
1753235235232,1753235235,KXMLBGAME-25JUL22KCCHC-CHC,94,6,52,yes
1753235235290,1753235235,KXMLBGAME-25JUL22ATHTEX-TEX,84,16,73,no
1753235237591,1753235237,KXMLBGAME-25JUL22BOSPHI-BOS,1,99,467,yes
1753235239112,1753235239,KXMLBGAME-25JUL22MILSEA-MIL,42,58,10,no
1753235239112,1753235239,KXMLBGAME-25JUL22MILSEA-MIL,42,58,10,no
1753235239550,1753235239,KXMLBGAME-25JUL22KCCHC-KC,7,93,13,yes
1753235239932,1753235239,KXMLBGAME-25JUL22LAANYM-LAA,11,89,25,yes
1753235240131,1753235240,KXMLBGAME-25JUL22NYYTOR-NYY,80,20,55,no
1753235240131,1753235240,KXMLBGAME-25JUL22NYYTOR-NYY,80,20,47,no
1753235241149,1753235241,KXMLBGAME-25JUL22KCCHC-CHC,94,6,14,yes
1753235241799,1753235241,KXMLBGAME-25JUL22ATHTEX-ATH,16,84,29,yes
1753235242769,1753235242,KXMLBGAME-25JUL22NYYTOR-NYY,83,17,20,yes
1753235244410,1753235244,KXMLBGAME-25JUL22ATHTEX-TEX,85,15,2,yes
1753235244671,1753235244,KXMLBGAME-25JUL22HOUARI-HOU,49,51,53,yes
1753235244930,1753235244,KXMLBGAME-25JUL22MILSEA-MIL,42,58,11,yes
1753235245033,1753235244,KXMLBGAME-25JUL22HOUARI-HOU,49,51,197,yes
1753235245210,1753235245,KXMLBGAME-25JUL22NYYTOR-NYY,80,20,106,no
1753235246370,1753235246,KXMLBGAME-25JUL22NYYTOR-NYY,83,17,17,yes
1753235248572,1753235248,KXMLBGAME-25JUL22LAANYM-LAA,12,88,78,yes
1753235250410,1753235250,KXMLBGAME-25JUL22STLCOL-COL,83,17,73,yes
1753235250410,1753235250,KXMLBGAME-25JUL22STLCOL-COL,83,17,46,yes
1753235250410,1753235250,KXMLBGAME-25JUL22NYYTOR-NYY,81,19,121,yes
1753235254332,1753235254,KXMLBGAME-25JUL22NYYTOR-TOR,22,78,88,yes
1753235257829,1753235257,KXMLBGAME-25JUL22STLCOL-COL,83,17,29,yes
1753235258313,1753235258,KXMLBGAME-25JUL22NYYTOR-TOR,22,78,87,yes
1753235258430,1753235258,KXMLBGAME-25JUL22MILSEA-MIL,42,58,269,yes
1753235258430,1753235258,KXMLBGAME-25JUL22MILSEA-MIL,43,57,352,yes
1753235259030,1753235258,KXMLBGAME-25JUL22NYYTOR-TOR,23,77,600,yes
1753235259030,1753235258,KXMLBGAME-25JUL22NYYTOR-TOR,23,77,10,yes
1753235261031,1753235260,KXMLBGAME-25JUL22MINLAD-LAD,66,34,369,yes
1753235261050,1753235261,KXMLBGAME-25JUL22LAANYM-NYM,90,10,21,no
1753235261050,1753235261,KXMLBGAME-25JUL22LAANYM-NYM,89,11,26,no
1753235261130,1753235261,KXMLBGAME-25JUL22NYYTOR-NYY,81,19,103,yes
1753235262011,1753235261,KXMLBGAME-25JUL22LAANYM-NYM,90,10,90,yes
1753235263851,1753235263,KXMLBGAME-25JUL22LAANYM-NYM,90,10,310,yes
1753235266098,1753235266,KXMLBGAME-25JUL22NYYTOR-TOR,23,77,1,yes
1753235267211,1753235267,KXMLBGAME-25JUL22NYYTOR-TOR,23,77,76,yes
1753235267211,1753235267,KXMLBGAME-25JUL22NYYTOR-TOR,23,77,7,yes
1753235267471,1753235267,KXMLBGAME-25JUL22KCCHC-KC,7,93,8,yes
1753235272009,1753235271,KXMLBGAME-25JUL22NYYTOR-TOR,23,77,3,yes
1753235272009,1753235271,KXMLBGAME-25JUL22NYYTOR-TOR,23,77,13,yes
1753235273730,1753235273,KXMLBGAME-25JUL22NYYTOR-NYY,80,20,38,yes
1753235273990,1753235273,KXMLBGAME-25JUL22NYYTOR-NYY,80,20,30,yes
1753235276140,1753235276,KXMLBGAME-25JUL22MINLAD-LAD,66,34,82,yes
1753235276388,1753235276,KXMLBGAME-25JUL22STLCOL-COL,82,18,101,no
1753235276852,1753235276,KXMLBGAME-25JUL22NYYTOR-NYY,81,19,23,yes
1753235277072,1753235277,KXMLBGAME-25JUL22NYYTOR-NYY,81,19,177,yes
1753235277072,1753235277,KXMLBGAME-25JUL22NYYTOR-NYY,81,19,432,yes
1753235277490,1753235277,KXMLBGAME-25JUL22MILSEA-MIL,42,58,80,yes
1753235277530,1753235277,KXMLBGAME-25JUL22KCCHC-KC,7,93,134,yes
1753235283609,1753235283,KXMLBGAME-25JUL22KCCHC-CHC,94,6,24,yes
1753235283970,1753235283,KXMLBGAME-25JUL22LAANYM-LAA,12,88,7,yes
1753235286950,1753235286,KXMLBGAME-25JUL22MILSEA-MIL,42,58,34,yes
1753235287950,1753235287,KXMLBGAME-25JUL22ATHTEX-ATH,16,84,271,yes
1753235287950,1753235287,KXMLBGAME-25JUL22ATHTEX-ATH,17,83,600,yes
1753235287950,1753235287,KXMLBGAME-25JUL22ATHTEX-ATH,17,83,250,yes
1753235287950,1753235287,KXMLBGAME-25JUL22ATHTEX-ATH,18,82,6,yes
1753235288249,1753235288,KXMLBGAME-25JUL22KCCHC-CHC,92,8,153,no
1753235289830,1753235289,KXMLBGAME-25JUL22LAANYM-LAA,11,89,85,yes
1753235289830,1753235289,KXMLBGAME-25JUL22LAANYM-LAA,12,88,7,yes
1753235290490,1753235290,KXMLBGAME-25JUL22STLCOL-COL,82,18,1,yes
1753235292051,1753235291,KXMLBGAME-25JUL22MILSEA-MIL,42,58,186,yes
1753235292051,1753235291,KXMLBGAME-25JUL22MILSEA-MIL,43,57,41,yes
1753235293311,1753235293,KXMLBGAME-25JUL22LAANYM-NYM,91,9,3,yes
1753235293531,1753235293,KXMLBGAME-25JUL22MILSEA-MIL,42,58,114,yes
1753235294351,1753235294,KXMLBGAME-25JUL22NYYTOR-NYY,81,19,7,yes
1753235294429,1753235294,KXMLBGAME-25JUL22KCCHC-KC,8,92,117,yes
1753235294730,1753235294,KXMLBGAME-25JUL22NYYTOR-TOR,21,79,300,yes
1753235294730,1753235294,KXMLBGAME-25JUL22NYYTOR-TOR,21,79,200,yes
1753235294730,1753235294,KXMLBGAME-25JUL22NYYTOR-TOR,22,78,413,yes
1753235297430,1753235297,KXMLBGAME-25JUL22NYYTOR-NYY,81,19,17,yes
1753235301130,1753235301,KXMLBGAME-25JUL22KCCHC-KC,6,94,15,yes
1753235301638,1753235301,KXMLBGAME-25JUL22NYYTOR-TOR,21,79,22,yes
1753235305270,1753235305,KXMLBGAME-25JUL22NYYTOR-TOR,20,80,13,yes
1753235306251,1753235306,KXMLBGAME-25JUL22NYYTOR-NYY,81,19,20,yes
1753235306392,1753235306,KXMLBGAME-25JUL22NYYTOR-TOR,19,81,5,no
1753235306392,1753235306,KXMLBGAME-25JUL22NYYTOR-TOR,18,82,58,no
1753235306392,1753235306,KXMLBGAME-25JUL22NYYTOR-TOR,17,83,151,no
1753235306872,1753235306,KXMLBGAME-25JUL22ATHTEX-TEX,85,15,61,yes
1753235306872,1753235306,KXMLBGAME-25JUL22ATHTEX-TEX,85,15,6,yes
1753235306972,1753235306,KXMLBGAME-25JUL22NYYTOR-TOR,20,80,170,yes
1753235308291,1753235308,KXMLBGAME-25JUL22NYYTOR-TOR,18,82,17,no
1753235308692,1753235308,KXMLBGAME-25JUL22HOUARI-HOU,49,51,61,yes
1753235308850,1753235308,KXMLBGAME-25JUL22BOSPHI-PHI,99,1,64,no
1753235309631,1753235309,KXMLBGAME-25JUL22NYYTOR-TOR,21,79,112,yes
1753235310291,1753235310,KXMLBGAME-25JUL22HOUARI-HOU,48,52,500,no
1753235310351,1753235310,KXMLBGAME-25JUL22KCCHC-CHC,94,6,13,yes
1753235310891,1753235310,KXMLBGAME-25JUL22KCCHC-KC,6,94,14,yes
1753235311530,1753235311,KXMLBGAME-25JUL22NYYTOR-NYY,81,19,24,yes
1753235312170,1753235312,KXMLBGAME-25JUL22NYYTOR-NYY,81,19,31,yes
1753235312170,1753235312,KXMLBGAME-25JUL22NYYTOR-NYY,82,18,59,yes
1753235312824,1753235312,KXMLBGAME-25JUL22MILSEA-MIL,42,58,8,yes
1753235312891,1753235312,KXMLBGAME-25JUL22KCCHC-KC,6,94,15,yes
1753235314072,1753235314,KXMLBGAME-25JUL22LAANYM-NYM,93,7,100,yes
1753235314072,1753235314,KXMLBGAME-25JUL22LAANYM-NYM,93,7,6,yes
1753235317009,1753235316,KXMLBGAME-25JUL22LAANYM-LAA,9,91,8,yes
1753235317610,1753235317,KXMLBGAME-25JUL22MILSEA-SEA,60,40,8,yes
1753235318636,1753235318,KXMLBGAME-25JUL22NYYTOR-NYY,83,17,35,yes
1753235319557,1753235319,KXMLBGAME-25JUL22NYYTOR-NYY,83,17,66,yes
1753235319610,1753235319,KXMLBGAME-25JUL22HOUARI-HOU,47,53,112,yes
1753235319972,1753235319,KXMLBGAME-25JUL22STLCOL-COL,81,19,1,yes
1753235321913,1753235321,KXMLBGAME-25JUL22STLCOL-STL,19,81,36,no
1753235322290,1753235322,KXMLBGAME-25JUL22ATHTEX-TEX,85,15,50,no
1753235322510,1753235322,KXMLBGAME-25JUL22NYYTOR-NYY,83,17,199,yes
1753235322510,1753235322,KXMLBGAME-25JUL22NYYTOR-NYY,83,17,143,yes
1753235322610,1753235322,KXMLBGAME-25JUL22NYYTOR-TOR,19,81,49,yes
1753235323859,1753235323,KXMLBGAME-25JUL22NYYTOR-NYY,83,17,42,yes
1753235324311,1753235324,KXMLBGAME-25JUL22LAANYM-LAA,9,91,188,yes
1753235324372,1753235324,KXMLBGAME-25JUL22NYYTOR-NYY,83,17,15,yes
1753235324372,1753235324,KXMLBGAME-25JUL22NYYTOR-NYY,83,17,20,yes
1753235324491,1753235324,KXMLBGAME-25JUL22NYYTOR-NYY,83,17,19,yes
1753235324491,1753235324,KXMLBGAME-25JUL22NYYTOR-NYY,83,17,3,yes
1753235324550,1753235324,KXMLBGAME-25JUL22ATHTEX-TEX,85,15,3,no
1753235327892,1753235327,KXMLBGAME-25JUL22KCCHC-KC,6,94,94,yes
1753235329792,1753235329,KXMLBGAME-25JUL22MILSEA-SEA,60,40,243,yes
1753235330568,1753235330,KXMLBGAME-25JUL22STLCOL-STL,19,81,14,no
1753235331372,1753235331,KXMLBGAME-25JUL22NYYTOR-NYY,83,17,119,yes
1753235333331,1753235333,KXMLBGAME-25JUL22MILSEA-MIL,42,58,178,yes
1753235333331,1753235333,KXMLBGAME-25JUL22MILSEA-MIL,42,58,23,yes
1753235336761,1753235336,KXMLBGAME-25JUL22ATHTEX-ATH,16,84,14,yes
1753235337511,1753235337,KXMLBGAME-25JUL22NYYTOR-TOR,19,81,60,yes
1753235337951,1753235337,KXMLBGAME-25JUL22STLCOL-STL,18,82,300,yes
1753235337951,1753235337,KXMLBGAME-25JUL22STLCOL-STL,18,82,1013,yes
1753235339452,1753235339,KXMLBGAME-25JUL22ATHTEX-ATH,16,84,19,yes
1753235340430,1753235340,KXMLBGAME-25JUL22MILSEA-MIL,42,58,477,yes
1753235340430,1753235340,KXMLBGAME-25JUL22MILSEA-MIL,42,58,500,yes
1753235340430,1753235340,KXMLBGAME-25JUL22MILSEA-MIL,42,58,123,yes
1753235340650,1753235340,KXMLBGAME-25JUL22MINLAD-LAD,66,34,36,yes
1753235341610,1753235341,KXMLBGAME-25JUL22STLCOL-COL,84,16,12,yes
1753235345682,1753235345,KXMLBGAME-25JUL22HOUARI-HOU,47,53,188,yes
1753235345682,1753235345,KXMLBGAME-25JUL22HOUARI-HOU,48,52,37,yes
1753235345711,1753235345,KXMLBGAME-25JUL22LAANYM-LAA,10,90,100,yes
1753235345711,1753235345,KXMLBGAME-25JUL22LAANYM-LAA,10,90,300,yes
1753235345711,1753235345,KXMLBGAME-25JUL22LAANYM-LAA,11,89,200,yes
1753235345711,1753235345,KXMLBGAME-25JUL22LAANYM-LAA,11,89,291,yes
1753235347751,1753235347,KXMLBGAME-25JUL22KCCHC-CHC,94,6,211,yes
1753235348971,1753235348,KXMLBGAME-25JUL22NYYTOR-TOR,19,81,54,yes
1753235349311,1753235349,KXMLBGAME-25JUL22LAANYM-LAA,10,90,9,yes
1753235353170,1753235353,KXMLBGAME-25JUL22STLCOL-COL,84,16,35,yes
1753235353591,1753235353,KXMLBGAME-25JUL22NYYTOR-NYY,84,16,115,yes
1753235354970,1753235354,KXMLBGAME-25JUL22ATHTEX-ATH,16,84,2,yes
1753235355429,1753235355,KXMLBGAME-25JUL22STLCOL-STL,18,82,43,yes
1753235356013,1753235355,KXMLBGAME-25JUL22KCCHC-CHC,94,6,7,yes
1753235357869,1753235357,KXMLBGAME-25JUL22LAANYM-LAA,10,90,291,yes
1753235357869,1753235357,KXMLBGAME-25JUL22LAANYM-LAA,11,89,590,yes
1753235358330,1753235358,KXMLBGAME-25JUL22NYYTOR-TOR,19,81,124,yes
1753235360006,1753235359,KXMLBGAME-25JUL22MILSEA-MIL,42,58,177,yes
1753235360006,1753235359,KXMLBGAME-25JUL22MILSEA-MIL,42,58,51,yes
1753235363487,1753235363,KXMLBGAME-25JUL22MILSEA-MIL,42,58,35,yes
1753235363791,1753235363,KXMLBGAME-25JUL22KCCHC-CHC,94,6,31,yes
1753235364409,1753235364,KXMLBGAME-25JUL22NYYTOR-NYY,81,19,12,no
1753235367276,1753235367,KXMLBGAME-25JUL22MILSEA-MIL,42,58,100,yes
1753235367591,1753235367,KXMLBGAME-25JUL22KCCHC-KC,7,93,1,yes
1753235367591,1753235367,KXMLBGAME-25JUL22SFATL-ATL,1,99,192,yes
1753235367690,1753235367,KXMLBGAME-25JUL22KCCHC-KC,7,93,99,yes
1753235367690,1753235367,KXMLBGAME-25JUL22KCCHC-KC,7,93,108,yes
1753235367770,1753235367,KXMLBGAME-25JUL22STLCOL-STL,18,82,169,yes
1753235367770,1753235367,KXMLBGAME-25JUL22MINLAD-MIN,36,64,212,yes
1753235368570,1753235368,KXMLBGAME-25JUL22NYYTOR-TOR,19,81,13,yes
1753235368570,1753235368,KXMLBGAME-25JUL22NYYTOR-TOR,19,81,13,yes
1753235370951,1753235370,KXMLBGAME-25JUL22NYYTOR-NYY,81,19,55,no
1753235370991,1753235370,KXMLBGAME-25JUL22LAANYM-NYM,95,5,52,yes
1753235371610,1753235371,KXMLBGAME-25JUL22STLCOL-COL,84,16,41,yes
1753235372331,1753235372,KXMLBGAME-25JUL22LAANYM-NYM,91,9,1,yes
1753235372415,1753235372,KXMLBGAME-25JUL22HOUARI-HOU,47,53,133,yes
1753235372510,1753235372,KXMLBGAME-25JUL22HOUARI-HOU,47,53,145,yes
1753235374831,1753235374,KXMLBGAME-25JUL22ATHTEX-ATH,16,84,11,yes
1753235375872,1753235375,KXMLBGAME-25JUL22LAANYM-LAA,11,89,5,yes
1753235377551,1753235377,KXMLBGAME-25JUL22NYYTOR-TOR,19,81,74,yes
1753235377551,1753235377,KXMLBGAME-25JUL22NYYTOR-TOR,19,81,259,yes
1753235377551,1753235377,KXMLBGAME-25JUL22NYYTOR-TOR,19,81,422,yes
1753235377551,1753235377,KXMLBGAME-25JUL22NYYTOR-TOR,19,81,13,yes
1753235377551,1753235377,KXMLBGAME-25JUL22NYYTOR-TOR,20,80,453,yes
1753235377630,1753235377,KXMLBGAME-25JUL22KCCHC-CHC,94,6,18,yes
1753235378432,1753235378,KXMLBGAME-25JUL22HOUARI-HOU,47,53,22,yes
1753235378432,1753235378,KXMLBGAME-25JUL22HOUARI-HOU,48,52,78,yes
1753235378870,1753235378,KXMLBGAME-25JUL22ATHTEX-ATH,16,84,254,yes
1753235378870,1753235378,KXMLBGAME-25JUL22ATHTEX-ATH,16,84,300,yes
1753235378870,1753235378,KXMLBGAME-25JUL22ATHTEX-ATH,17,83,34,yes
1753235380076,1753235379,KXMLBGAME-25JUL22ATHTEX-TEX,86,14,27,yes
1753235380872,1753235380,KXMLBGAME-25JUL22NYYTOR-NYY,81,19,245,no
1753235382751,1753235382,KXMLBGAME-25JUL22HOUARI-HOU,47,53,102,yes
1753235384309,1753235384,KXMLBGAME-25JUL22NYYTOR-TOR,20,80,9,yes
1753235387532,1753235387,KXMLBGAME-25JUL22LAANYM-LAA,11,89,85,yes
1753235387697,1753235387,KXMLBGAME-25JUL22NYYTOR-NYY,83,17,55,yes
1753235387697,1753235387,KXMLBGAME-25JUL22NYYTOR-NYY,84,16,659,yes
1753235387697,1753235387,KXMLBGAME-25JUL22NYYTOR-NYY,84,16,38,yes
1753235388490,1753235388,KXMLBGAME-25JUL22ATHTEX-ATH,16,84,59,yes
1753235390009,1753235389,KXMLBGAME-25JUL22STLCOL-COL,84,16,7,yes
1753235390549,1753235390,KXMLBGAME-25JUL22ATHTEX-TEX,85,15,3000,no
1753235390891,1753235390,KXMLBGAME-25JUL22LAANYM-LAA,11,89,210,yes
1753235390891,1753235390,KXMLBGAME-25JUL22LAANYM-LAA,12,88,500,yes
1753235390891,1753235390,KXMLBGAME-25JUL22LAANYM-LAA,12,88,288,yes
1753235392630,1753235392,KXMLBGAME-25JUL22NYYTOR-TOR,19,81,249,yes
1753235392822,1753235392,KXMLBGAME-25JUL22NYYTOR-TOR,20,80,4,yes
1753235393209,1753235393,KXMLBGAME-25JUL22LAANYM-LAA,12,88,196,yes
1753235393910,1753235393,KXMLBGAME-25JUL22LAANYM-LAA,11,89,200,yes
1753235395390,1753235395,KXMLBGAME-25JUL22NYYTOR-TOR,18,82,5,no
1753235395390,1753235395,KXMLBGAME-25JUL22NYYTOR-TOR,17,83,9,no
1753235396170,1753235396,KXMLBGAME-25JUL22MILSEA-MIL,42,58,200,yes
1753235396170,1753235396,KXMLBGAME-25JUL22MILSEA-MIL,43,57,80,yes
1753235396170,1753235396,KXMLBGAME-25JUL22MILSEA-MIL,43,57,174,yes
1753235397091,1753235397,KXMLBGAME-25JUL22NYYTOR-NYY,84,16,11,yes
1753235397317,1753235397,KXMLBGAME-25JUL22STLCOL-STL,18,82,87,yes
1753235397317,1753235397,KXMLBGAME-25JUL22STLCOL-STL,18,82,175,yes
1753235398070,1753235398,KXMLBGAME-25JUL22LAANYM-LAA,12,88,181,yes
1753235398114,1753235398,KXMLBGAME-25JUL22MILSEA-MIL,42,58,6,yes
1753235399532,1753235399,KXMLBGAME-25JUL22MILSEA-MIL,42,58,294,yes
1753235399532,1753235399,KXMLBGAME-25JUL22MILSEA-MIL,43,57,26,yes
1753235399532,1753235399,KXMLBGAME-25JUL22MILSEA-MIL,43,57,6,yes
1753235400374,1753235400,KXMLBGAME-25JUL22NYYTOR-NYY,81,19,4,no
1753235400374,1753235400,KXMLBGAME-25JUL22LAANYM-NYM,90,10,17,yes
1753235401753,1753235401,KXMLBGAME-25JUL22LAANYM-LAA,11,89,23,yes
1753235401991,1753235401,KXMLBGAME-25JUL22ATHTEX-TEX,85,15,81,yes
1753235402432,1753235402,KXMLBGAME-25JUL22ATHTEX-TEX,85,15,5,yes
1753235402729,1753235402,KXMLBGAME-25JUL22NYYTOR-NYY,83,17,59,yes
1753235402729,1753235402,KXMLBGAME-25JUL22KCCHC-CHC,96,4,200,yes
1753235402729,1753235402,KXMLBGAME-25JUL22KCCHC-CHC,96,4,117,yes
1753235402729,1753235402,KXMLBGAME-25JUL22KCCHC-CHC,97,3,11,yes
1753235404429,1753235404,KXMLBGAME-25JUL22ATHTEX-TEX,85,15,58,yes
1753235406810,1753235406,KXMLBGAME-25JUL22NYYTOR-NYY,81,19,296,no
1753235406810,1753235406,KXMLBGAME-25JUL22NYYTOR-NYY,80,20,260,no
1753235406810,1753235406,KXMLBGAME-25JUL22ATHTEX-ATH,16,84,118,yes
1753235408193,1753235408,KXMLBGAME-25JUL22KCCHC-CHC,97,3,20,yes
1753235408591,1753235408,KXMLBGAME-25JUL22NYYTOR-TOR,19,81,49,yes
1753235411971,1753235411,KXMLBGAME-25JUL22MILSEA-MIL,42,58,4,yes
1753235412470,1753235412,KXMLBGAME-25JUL22MILSEA-SEA,59,41,107,yes
1753235412991,1753235412,KXMLBGAME-25JUL22MILSEA-MIL,41,59,42,no
1753235414350,1753235414,KXMLBGAME-25JUL22MILSEA-MIL,42,58,10,yes
1753235415851,1753235415,KXMLBGAME-25JUL22LAANYM-LAA,12,88,39,yes
1753235416410,1753235416,KXMLBGAME-25JUL22LAANYM-LAA,12,88,60,yes
1753235416410,1753235416,KXMLBGAME-25JUL22LAANYM-LAA,12,88,136,yes
1753235416719,1753235416,KXMLBGAME-25JUL22ATHTEX-ATH,16,84,59,yes
1753235419272,1753235419,KXMLBGAME-25JUL22NYYTOR-NYY,83,17,69,yes
1753235423129,1753235423,KXMLBGAME-25JUL22NYYTOR-NYY,83,17,72,yes
1753235423129,1753235423,KXMLBGAME-25JUL22NYYTOR-NYY,83,17,55,yes
1753235423129,1753235423,KXMLBGAME-25JUL22NYYTOR-NYY,83,17,51,yes
1753235423834,1753235423,KXMLBGAME-25JUL22STLCOL-COL,86,14,25,yes
1753235424200,1753235424,KXMLBGAME-25JUL22MILSEA-MIL,42,58,116,yes
1753235425829,1753235425,KXMLBGAME-25JUL22STLCOL-STL,15,85,62,yes
1753235426270,1753235426,KXMLBGAME-25JUL22NYYTOR-NYY,83,17,35,yes
1753235426449,1753235426,KXMLBGAME-25JUL22MINLAD-LAD,66,34,73,yes
1753235428390,1753235428,KXMLBGAME-25JUL22NYYTOR-TOR,19,81,10,yes
1753235428390,1753235428,KXMLBGAME-25JUL22NYYTOR-TOR,19,81,69,yes
1753235428390,1753235428,KXMLBGAME-25JUL22NYYTOR-TOR,19,81,11,yes
1753235429490,1753235429,KXMLBGAME-25JUL22NYYTOR-TOR,18,82,5,no
1753235431931,1753235431,KXMLBGAME-25JUL22NYYTOR-TOR,18,82,257,yes
1753235433870,1753235433,KXMLBGAME-25JUL22NYYTOR-NYY,84,16,11,yes
1753235434491,1753235434,KXMLBGAME-25JUL22NYYTOR-NYY,83,17,100,no
1753235434491,1753235434,KXMLBGAME-25JUL22NYYTOR-NYY,82,18,11,no
1753235436212,1753235436,KXMLBGAME-25JUL22NYYTOR-TOR,18,82,87,yes
1753235436212,1753235436,KXMLBGAME-25JUL22NYYTOR-TOR,19,81,61,yes
1753235436212,1753235436,KXMLBGAME-25JUL22NYYTOR-TOR,19,81,51,yes
1753235436212,1753235436,KXMLBGAME-25JUL22NYYTOR-TOR,19,81,1,yes
1753235436610,1753235436,KXMLBGAME-25JUL22MILSEA-MIL,42,58,170,yes
1753235436610,1753235436,KXMLBGAME-25JUL22MILSEA-MIL,43,57,60,yes
1753235436610,1753235436,KXMLBGAME-25JUL22MILSEA-MIL,43,57,382,yes
1753235436650,1753235436,KXMLBGAME-25JUL22LAANYM-NYM,89,11,24,no
1753235437290,1753235437,KXMLBGAME-25JUL22STLCOL-COL,86,14,50,yes
1753235438931,1753235438,KXMLBGAME-25JUL22NYYTOR-NYY,84,16,8,yes
1753235439032,1753235438,KXMLBGAME-25JUL22MILSEA-MIL,42,58,29,yes
1753235439190,1753235439,KXMLBGAME-25JUL22NYYTOR-NYY,84,16,23,yes
1753235439694,1753235439,KXMLBGAME-25JUL22HOUARI-HOU,49,51,9,yes
1753235440829,1753235440,KXMLBGAME-25JUL22KCCHC-KC,4,96,49,no
1753235440829,1753235440,KXMLBGAME-25JUL22KCCHC-KC,4,96,87,no
1753235440829,1753235440,KXMLBGAME-25JUL22KCCHC-KC,3,97,300,no
1753235440829,1753235440,KXMLBGAME-25JUL22KCCHC-KC,3,97,100,no
1753235440829,1753235440,KXMLBGAME-25JUL22KCCHC-KC,3,97,445,no
1753235442031,1753235441,KXMLBGAME-25JUL22NYYTOR-NYY,81,19,15,no
1753235442091,1753235442,KXMLBGAME-25JUL22ATHTEX-TEX,84,16,300,no
1753235444630,1753235444,KXMLBGAME-25JUL22LAANYM-LAA,14,86,55,yes
1753235444630,1753235444,KXMLBGAME-25JUL22LAANYM-LAA,14,86,79,yes
1753235444630,1753235444,KXMLBGAME-25JUL22LAANYM-LAA,15,85,1,yes
1753235444870,1753235444,KXMLBGAME-25JUL22ATHTEX-TEX,84,16,300,no
1753235446609,1753235446,KXMLBGAME-25JUL22STLCOL-COL,86,14,1,yes
1753235447871,1753235447,KXMLBGAME-25JUL22ATHTEX-TEX,85,15,23,yes
1753235448090,1753235448,KXMLBGAME-25JUL22ATHTEX-TEX,84,16,300,no
1753235448189,1753235448,KXMLBGAME-25JUL22STLCOL-COL,86,14,27,yes
1753235448189,1753235448,KXMLBGAME-25JUL22STLCOL-COL,87,13,87,yes
1753235448189,1753235448,KXMLBGAME-25JUL22STLCOL-COL,88,12,300,yes
1753235448189,1753235448,KXMLBGAME-25JUL22STLCOL-COL,88,12,200,yes
1753235448189,1753235448,KXMLBGAME-25JUL22STLCOL-COL,88,12,300,yes
1753235448189,1753235448,KXMLBGAME-25JUL22STLCOL-COL,88,12,214,yes
1753235448210,1753235448,KXMLBGAME-25JUL22NYYTOR-TOR,18,82,34,yes
1753235448210,1753235448,KXMLBGAME-25JUL22NYYTOR-TOR,18,82,11,yes
1753235448533,1753235448,KXMLBGAME-25JUL22KCCHC-CHC,97,3,6,yes
1753235449232,1753235449,KXMLBGAME-25JUL22STLCOL-COL,87,13,70,yes
1753235453050,1753235453,KXMLBGAME-25JUL22NYYTOR-NYY,83,17,7,yes
1753235453271,1753235453,KXMLBGAME-25JUL22ATHTEX-TEX,84,16,300,no
1753235453830,1753235453,KXMLBGAME-25JUL22NYYTOR-NYY,83,17,51,yes
1753235453830,1753235453,KXMLBGAME-25JUL22NYYTOR-NYY,83,17,38,yes
1753235454430,1753235454,KXMLBGAME-25JUL22KCCHC-KC,3,97,187,no
1753235454651,1753235454,KXMLBGAME-25JUL22MILSEA-MIL,43,57,9,yes
1753235455630,1753235455,KXMLBGAME-25JUL22NYYTOR-TOR,18,82,45,no
1753235457410,1753235457,KXMLBGAME-25JUL22MILSEA-MIL,43,57,2,yes
1753235458212,1753235458,KXMLBGAME-25JUL22LAANYM-NYM,88,12,8,yes
1753235459190,1753235459,KXMLBGAME-25JUL22NYYTOR-NYY,83,17,55,yes
1753235459511,1753235459,KXMLBGAME-25JUL22LAANYM-LAA,14,86,33,yes
1753235462232,1753235462,KXMLBGAME-25JUL22ATHTEX-ATH,14,86,100,no
1753235462990,1753235462,KXMLBGAME-25JUL22ATHTEX-ATH,12,88,33,no
1753235463715,1753235463,KXMLBGAME-25JUL22HOUARI-HOU,51,49,5,yes
1753235464288,1753235464,KXMLBGAME-25JUL22MILSEA-SEA,58,42,33,yes
1753235464450,1753235464,KXMLBGAME-25JUL22LAANYM-NYM,88,12,1,yes
1753235465127,1753235465,KXMLBGAME-25JUL22ATHTEX-TEX,90,10,1,yes
1753235466809,1753235466,KXMLBGAME-25JUL22NYYTOR-TOR,18,82,87,yes
1753235466810,1753235466,KXMLBGAME-25JUL22NYYTOR-TOR,19,81,17,yes
1753235467390,1753235467,KXMLBGAME-25JUL22HOUARI-HOU,51,49,58,yes
1753235467930,1753235467,KXMLBGAME-25JUL22LAANYM-LAA,14,86,6,yes
1753235471928,1753235471,KXMLBGAME-25JUL22MILSEA-MIL,43,57,289,yes
1753235471928,1753235471,KXMLBGAME-25JUL22MILSEA-MIL,44,56,45,yes
1753235471928,1753235471,KXMLBGAME-25JUL22MILSEA-MIL,45,55,171,yes
1753235472409,1753235472,KXMLBGAME-25JUL22NYYTOR-NYY,85,15,40,yes
1753235474182,1753235474,KXMLBGAME-25JUL22HOUARI-ARI,51,49,87,yes
1753235474182,1753235474,KXMLBGAME-25JUL22HOUARI-ARI,52,48,33,yes
1753235476310,1753235476,KXMLBGAME-25JUL22NYYTOR-TOR,17,83,27,yes
1753235476771,1753235476,KXMLBGAME-25JUL22LAANYM-NYM,88,12,77,yes
1753235477070,1753235476,KXMLBGAME-25JUL22NYYTOR-NYY,85,15,25,yes
1753235477070,1753235476,KXMLBGAME-25JUL22NYYTOR-NYY,86,14,9,yes
1753235480729,1753235480,KXMLBGAME-25JUL22STLCOL-COL,87,13,170,yes
1753235480910,1753235480,KXMLBGAME-25JUL22NYYTOR-NYY,83,17,6,no
1753235481251,1753235481,KXMLBGAME-25JUL22LAANYM-LAA,13,87,300,yes
1753235481251,1753235481,KXMLBGAME-25JUL22LAANYM-LAA,14,86,51,yes
1753235483290,1753235483,KXMLBGAME-25JUL22NYYTOR-NYY,83,17,17,no
1753235484651,1753235484,KXMLBGAME-25JUL22NYYTOR-TOR,15,85,17,no
1753235486612,1753235486,KXMLBGAME-25JUL22STLCOL-STL,14,86,33,yes
1753235487591,1753235487,KXMLBGAME-25JUL22KCCHC-KC,6,94,85,yes
1753235487591,1753235487,KXMLBGAME-25JUL22KCCHC-KC,6,94,71,yes
1753235490331,1753235490,KXMLBGAME-25JUL22NYYTOR-TOR,17,83,27,yes
1753235493690,1753235493,KXMLBGAME-25JUL22STLCOL-STL,13,87,24,no
1753235494471,1753235494,KXMLBGAME-25JUL22NYYTOR-NYY,87,13,69,yes
1753235495690,1753235495,KXMLBGAME-25JUL22NYYTOR-TOR,18,82,87,yes
1753235495690,1753235495,KXMLBGAME-25JUL22NYYTOR-TOR,23,77,300,yes
1753235495716,1753235495,KXMLBGAME-25JUL22NYYTOR-NYY,82,18,87,no
1753235496609,1753235496,KXMLBGAME-25JUL22MILSEA-MIL,42,58,11,yes
1753235498371,1753235498,KXMLBGAME-25JUL22NYYTOR-TOR,23,77,300,yes
1753235498371,1753235498,KXMLBGAME-25JUL22HOUARI-ARI,52,48,18,yes
1753235500491,1753235500,KXMLBGAME-25JUL22NYYTOR-TOR,24,76,30,yes
1753235500770,1753235500,KXMLBGAME-25JUL22HOUARI-HOU,50,50,38,yes
1753235501712,1753235501,KXMLBGAME-25JUL22LAANYM-NYM,88,12,4,yes
1753235504870,1753235504,KXMLBGAME-25JUL22KCCHC-KC,6,94,78,yes
1753235505329,1753235505,KXMLBGAME-25JUL22NYYTOR-NYY,74,26,765,yes
1753235511051,1753235510,KXMLBGAME-25JUL22MILSEA-MIL,42,58,300,yes
1753235511051,1753235510,KXMLBGAME-25JUL22MILSEA-MIL,43,57,100,yes
1753235512729,1753235512,KXMLBGAME-25JUL22NYYTOR-NYY,74,26,20,yes
1753235513811,1753235513,KXMLBGAME-25JUL22LAANYM-LAA,13,87,300,yes
1753235513811,1753235513,KXMLBGAME-25JUL22LAANYM-LAA,14,86,192,yes
1753235513811,1753235513,KXMLBGAME-25JUL22NYYTOR-TOR,26,74,54,no
1753235517090,1753235517,KXMLBGAME-25JUL22LAANYM-LAA,13,87,72,yes
1753235519590,1753235519,KXMLBGAME-25JUL22STLCOL-STL,12,88,17,no
1753235522652,1753235522,KXMLBGAME-25JUL22NYYTOR-NYY,74,26,8,yes
1753235522729,1753235522,KXMLBGAME-25JUL22NYYTOR-NYY,74,26,2,yes
1753235524209,1753235524,KXMLBGAME-25JUL22NYYTOR-TOR,29,71,16,yes
1753235526770,1753235526,KXMLBGAME-25JUL22NYYTOR-TOR,29,71,32,yes
1753235528150,1753235528,KXMLBGAME-25JUL22ATHTEX-ATH,7,93,100,no
1753235528865,1753235528,KXMLBGAME-25JUL22NYYTOR-NYY,74,26,5,yes
1753235529209,1753235529,KXMLBGAME-25JUL22NYYTOR-NYY,74,26,33,yes
1753235530145,1753235530,KXMLBGAME-25JUL22NYYTOR-NYY,74,26,33,yes
1753235531008,1753235530,KXMLBGAME-25JUL22NYYTOR-NYY,74,26,222,yes
1753235531092,1753235530,KXMLBGAME-25JUL22KCCHC-CHC,97,3,189,yes
1753235531669,1753235531,KXMLBGAME-25JUL22NYYTOR-TOR,29,71,16,yes
1753235532411,1753235532,KXMLBGAME-25JUL22NYYTOR-NYY,71,29,28,no
1753235534350,1753235534,KXMLBGAME-25JUL22MILSEA-MIL,44,56,4,yes
1753235535192,1753235535,KXMLBGAME-25JUL22HOUARI-HOU,52,48,213,yes
1753235535769,1753235535,KXMLBGAME-25JUL22NYYTOR-TOR,27,73,10,yes
1753235536951,1753235536,KXMLBGAME-25JUL22STLCOL-STL,13,87,100,yes
1753235537773,1753235537,KXMLBGAME-25JUL22NYYTOR-NYY,73,27,10,no
1753235538711,1753235538,KXMLBGAME-25JUL22HOUARI-HOU,52,48,87,yes
1753235538711,1753235538,KXMLBGAME-25JUL22HOUARI-HOU,52,48,29,yes
1753235538711,1753235538,KXMLBGAME-25JUL22HOUARI-HOU,52,48,200,yes
1753235538711,1753235538,KXMLBGAME-25JUL22HOUARI-HOU,53,47,237,yes
1753235539271,1753235539,KXMLBGAME-25JUL22NYYTOR-NYY,73,27,49,no
1753235542230,1753235542,KXMLBGAME-25JUL22NYYTOR-TOR,27,73,211,yes
1753235542849,1753235542,KXMLBGAME-25JUL22MILSEA-SEA,56,44,45,no
1753235542849,1753235542,KXMLBGAME-25JUL22MILSEA-SEA,56,44,131,no
1753235543714,1753235543,KXMLBGAME-25JUL22MINLAD-MIN,36,64,55,yes
1753235544072,1753235544,KXMLBGAME-25JUL22HOUARI-HOU,49,51,87,no
1753235544072,1753235544,KXMLBGAME-25JUL22HOUARI-HOU,49,51,60,no
1753235544072,1753235544,KXMLBGAME-25JUL22HOUARI-HOU,47,53,5,no
1753235544751,1753235544,KXMLBGAME-25JUL22HOUARI-HOU,43,57,40,no
1753235546073,1753235546,KXMLBGAME-25JUL22NYYTOR-NYY,76,24,100,yes
1753235547810,1753235547,KXMLBGAME-25JUL22NYYTOR-NYY,76,24,134,yes
1753235548970,1753235548,KXMLBGAME-25JUL22ATHTEX-ATH,6,94,5,no
1753235548970,1753235548,KXMLBGAME-25JUL22ATHTEX-ATH,5,95,100,no
1753235548970,1753235548,KXMLBGAME-25JUL22ATHTEX-ATH,5,95,10,no
1753235548970,1753235548,KXMLBGAME-25JUL22ATHTEX-ATH,4,96,200,no
1753235551017,1753235550,KXMLBGAME-25JUL22NYYTOR-TOR,27,73,34,yes
1753235551990,1753235551,KXMLBGAME-25JUL22NYYTOR-NYY,76,24,19,yes
1753235554729,1753235554,KXMLBGAME-25JUL22HOUARI-HOU,46,54,523,yes
1753235556690,1753235556,KXMLBGAME-25JUL22NYYTOR-NYY,76,24,3,yes
1753235558990,1753235558,KXMLBGAME-25JUL22ATHTEX-TEX,95,5,4,yes
1753235558990,1753235558,KXMLBGAME-25JUL22ATHTEX-TEX,96,4,200,yes
1753235558990,1753235558,KXMLBGAME-25JUL22ATHTEX-TEX,98,2,54,yes
1753235560353,1753235560,KXMLBGAME-25JUL22NYYTOR-TOR,26,74,6,yes
1753235560630,1753235560,KXMLBGAME-25JUL22NYYTOR-TOR,25,75,100,yes
1753235562408,1753235562,KXMLBGAME-25JUL22NYYTOR-TOR,25,75,44,yes
1753235563251,1753235563,KXMLBGAME-25JUL22ATHTEX-TEX,98,2,101,yes
1753235563251,1753235563,KXMLBGAME-25JUL22HOUARI-HOU,46,54,6,yes
1753235564909,1753235564,KXMLBGAME-25JUL22NYYTOR-TOR,25,75,190,yes
1753235564930,1753235564,KXMLBGAME-25JUL22NYYTOR-TOR,22,78,141,no
1753235566609,1753235566,KXMLBGAME-25JUL22NYYTOR-NYY,76,24,28,no
1753235566609,1753235566,KXMLBGAME-25JUL22NYYTOR-NYY,75,25,300,no
1753235566609,1753235566,KXMLBGAME-25JUL22NYYTOR-NYY,74,26,49,no
1753235567471,1753235567,KXMLBGAME-25JUL22HOUARI-HOU,46,54,20,yes
1753235568951,1753235568,KXMLBGAME-25JUL22NYYTOR-NYY,75,25,10,yes
1753235568971,1753235568,KXMLBGAME-25JUL22NYYTOR-TOR,26,74,182,yes
1753235569051,1753235569,KXMLBGAME-25JUL22NYYTOR-TOR,22,78,159,no
1753235569051,1753235569,KXMLBGAME-25JUL22NYYTOR-TOR,21,79,9,no
1753235569825,1753235569,KXMLBGAME-25JUL22NYYTOR-NYY,75,25,290,no
1753235569825,1753235569,KXMLBGAME-25JUL22NYYTOR-NYY,74,26,975,no
1753235570229,1753235570,KXMLBGAME-25JUL22STLCOL-COL,88,12,9,yes
1753235570330,1753235570,KXMLBGAME-25JUL22ATHTEX-ATH,8,92,2,yes
1753235570808,1753235570,KXMLBGAME-25JUL22NYYTOR-NYY,78,22,300,yes
1753235570808,1753235570,KXMLBGAME-25JUL22NYYTOR-NYY,78,22,330,yes
1753235572609,1753235572,KXMLBGAME-25JUL22NYYTOR-NYY,78,22,41,yes
1753235572870,1753235572,KXMLBGAME-25JUL22ATHTEX-ATH,2,98,29,no
1753235574532,1753235574,KXMLBGAME-25JUL22NYYTOR-TOR,22,78,192,no
1753235576148,1753235576,KXMLBGAME-25JUL22KCCHC-KC,6,94,151,yes
1753235576148,1753235576,KXMLBGAME-25JUL22KCCHC-KC,7,93,205,yes
1753235578391,1753235578,KXMLBGAME-25JUL22NYYTOR-NYY,75,25,242,no
1753235579731,1753235579,KXMLBGAME-25JUL22NYYTOR-TOR,25,75,190,yes
1753235581651,1753235581,KXMLBGAME-25JUL22ATHTEX-TEX,98,2,100,yes
1753235584090,1753235584,KXMLBGAME-25JUL22NYYTOR-TOR,25,75,372,yes
1753235588950,1753235588,KXMLBGAME-25JUL22NYYTOR-NYY,77,23,51,yes
1753235593350,1753235593,KXMLBGAME-25JUL22ATHTEX-ATH,2,98,271,no
1753235593351,1753235593,KXMLBGAME-25JUL22ATHTEX-ATH,1,99,5,no
1753235594031,1753235593,KXMLBGAME-25JUL22NYYTOR-NYY,76,24,8,yes
1753235594209,1753235594,KXMLBGAME-25JUL22NYYTOR-NYY,74,26,764,no
1753235594688,1753235594,KXMLBGAME-25JUL22ATHTEX-TEX,98,2,45,yes
1753235594688,1753235594,KXMLBGAME-25JUL22ATHTEX-TEX,98,2,217,yes
1753235595839,1753235595,KXMLBGAME-25JUL22LAANYM-NYM,88,12,184,yes
1753235595839,1753235595,KXMLBGAME-25JUL22LAANYM-NYM,88,12,16,yes
1753235596349,1753235596,KXMLBGAME-25JUL22KCCHC-KC,6,94,15,yes
1753235598530,1753235598,KXMLBGAME-25JUL22SFATL-SF,99,1,21,no
1753235598793,1753235598,KXMLBGAME-25JUL22NYYTOR-NYY,76,24,19,yes
1753235599649,1753235599,KXMLBGAME-25JUL22HOUARI-HOU,46,54,100,yes
1753235600340,1753235600,KXMLBGAME-25JUL22NYYTOR-TOR,25,75,3,yes
1753235600387,1753235600,KXMLBGAME-25JUL22HOUARI-ARI,54,46,5,yes
1753235600568,1753235600,KXMLBGAME-25JUL22NYYTOR-NYY,74,26,129,no
1753235601230,1753235601,KXMLBGAME-25JUL22NYYTOR-NYY,76,24,45,yes
1753235602850,1753235602,KXMLBGAME-25JUL22HOUARI-HOU,46,54,41,yes
1753235602870,1753235602,KXMLBGAME-25JUL22HOUARI-ARI,54,46,4,yes
1753235607170,1753235607,KXMLBGAME-25JUL22NYYTOR-NYY,76,24,59,yes
1753235609870,1753235609,KXMLBGAME-25JUL22LAANYM-LAA,13,87,710,yes
1753235610415,1753235610,KXMLBGAME-25JUL22NYYTOR-NYY,76,24,119,yes
1753235610415,1753235610,KXMLBGAME-25JUL22NYYTOR-NYY,77,23,124,yes
1753235612271,1753235612,KXMLBGAME-25JUL22MILSEA-MIL,45,55,500,yes
1753235612271,1753235612,KXMLBGAME-25JUL22MILSEA-MIL,46,54,34,yes
1753235614983,1753235614,KXMLBGAME-25JUL22NYYTOR-TOR,25,75,19,yes
1753235615350,1753235615,KXMLBGAME-25JUL22NYYTOR-TOR,25,75,3,yes
1753235616690,1753235616,KXMLBGAME-25JUL22LAANYM-NYM,89,11,87,yes
1753235616690,1753235616,KXMLBGAME-25JUL22LAANYM-NYM,89,11,183,yes
1753235616690,1753235616,KXMLBGAME-25JUL22LAANYM-NYM,89,11,600,yes
1753235616690,1753235616,KXMLBGAME-25JUL22LAANYM-NYM,90,10,21,yes
1753235617270,1753235617,KXMLBGAME-25JUL22NYYTOR-TOR,25,75,66,yes
1753235617270,1753235617,KXMLBGAME-25JUL22NYYTOR-TOR,25,75,67,yes
1753235618309,1753235618,KXMLBGAME-25JUL22NYYTOR-TOR,23,77,300,no
1753235618309,1753235618,KXMLBGAME-25JUL22NYYTOR-TOR,22,78,2000,no
1753235618309,1753235618,KXMLBGAME-25JUL22NYYTOR-TOR,22,78,1489,no
1753235618390,1753235618,KXMLBGAME-25JUL22NYYTOR-TOR,22,78,511,no
1753235618471,1753235618,KXMLBGAME-25JUL22NYYTOR-NYY,79,21,600,yes
1753235621191,1753235621,KXMLBGAME-25JUL22NYYTOR-TOR,17,83,91,yes
1753235621970,1753235621,KXMLBGAME-25JUL22ATHTEX-TEX,98,2,110,no
1753235622348,1753235622,KXMLBGAME-25JUL22HOUARI-HOU,47,53,10,yes
1753235622650,1753235622,KXMLBGAME-25JUL22KCCHC-KC,6,94,15,yes
1753235622810,1753235622,KXMLBGAME-25JUL22NYYTOR-NYY,83,17,440,no
1753235622889,1753235622,KXMLBGAME-25JUL22NYYTOR-TOR,17,83,409,yes
1753235623648,1753235623,KXMLBGAME-25JUL22NYYTOR-NYY,83,17,466,no
1753235623729,1753235623,KXMLBGAME-25JUL22NYYTOR-TOR,17,83,428,yes
1753235623810,1753235623,KXMLBGAME-25JUL22NYYTOR-NYY,83,17,80,no
1753235624252,1753235624,KXMLBGAME-25JUL22ATHTEX-TEX,98,2,73,no
1753235625371,1753235625,KXMLBGAME-25JUL22NYYTOR-NYY,84,16,58,yes
1753235625371,1753235625,KXMLBGAME-25JUL22LAANYM-NYM,87,13,74,no
1753235626529,1753235626,KXMLBGAME-25JUL22ATHTEX-TEX,97,3,169,no
1753235626931,1753235626,KXMLBGAME-25JUL22ATHTEX-TEX,98,2,110,yes
1753235627611,1753235627,KXMLBGAME-25JUL22MILSEA-SEA,55,45,21,yes
1753235628730,1753235628,KXMLBGAME-25JUL22NYYTOR-TOR,18,82,131,yes
1753235630770,1753235630,KXMLBGAME-25JUL22NYYTOR-TOR,18,82,262,yes
1753235632231,1753235632,KXMLBGAME-25JUL22LAANYM-NYM,94,6,49,yes
1753235632337,1753235632,KXMLBGAME-25JUL22LAANYM-LAA,11,89,49,no
1753235633250,1753235633,KXMLBGAME-25JUL22LAANYM-NYM,85,15,12,no
1753235633250,1753235633,KXMLBGAME-25JUL22LAANYM-NYM,85,15,30,no
1753235633250,1753235633,KXMLBGAME-25JUL22LAANYM-NYM,85,15,59,no
1753235633251,1753235633,KXMLBGAME-25JUL22LAANYM-LAA,15,85,59,yes
1753235635291,1753235635,KXMLBGAME-25JUL22STLCOL-COL,88,12,48,yes
1753235635291,1753235635,KXMLBGAME-25JUL22STLCOL-COL,89,11,64,yes
1753235635650,1753235635,KXMLBGAME-25JUL22ATHTEX-TEX,98,2,2060,no
1753235639231,1753235639,KXMLBGAME-25JUL22NYYTOR-NYY,83,17,1,yes
1753235639831,1753235639,KXMLBGAME-25JUL22NYYTOR-NYY,83,17,299,yes
1753235639831,1753235639,KXMLBGAME-25JUL22NYYTOR-NYY,84,16,600,yes
1753235639831,1753235639,KXMLBGAME-25JUL22NYYTOR-NYY,84,16,2000,yes
1753235639831,1753235639,KXMLBGAME-25JUL22NYYTOR-NYY,84,16,865,yes
1753235640153,1753235640,KXMLBGAME-25JUL22MILSEA-MIL,46,54,266,yes
1753235640153,1753235640,KXMLBGAME-25JUL22MILSEA-MIL,46,54,500,yes
1753235640153,1753235640,KXMLBGAME-25JUL22MILSEA-MIL,47,53,687,yes
1753235640953,1753235640,KXMLBGAME-25JUL22HOUARI-ARI,55,45,26,yes
1753235642390,1753235642,KXMLBGAME-25JUL22ATHTEX-TEX,99,1,1000,yes
1753235642390,1753235642,KXMLBGAME-25JUL22ATHTEX-TEX,99,1,18,yes
1753235642649,1753235642,KXMLBGAME-25JUL22NYYTOR-TOR,18,82,525,yes
1753235644249,1753235644,KXMLBGAME-25JUL22MILSEA-MIL,46,54,67,yes
1753235644610,1753235644,KXMLBGAME-25JUL22NYYTOR-TOR,18,82,500,yes
1753235644689,1753235644,KXMLBGAME-25JUL22NYYTOR-NYY,83,17,238,yes
1753235647256,1753235647,KXMLBGAME-25JUL22NYYTOR-TOR,17,83,35,yes
1753235647256,1753235647,KXMLBGAME-25JUL22HOUARI-HOU,46,54,500,yes
1753235647256,1753235647,KXMLBGAME-25JUL22HOUARI-HOU,47,53,100,yes
1753235647256,1753235647,KXMLBGAME-25JUL22HOUARI-HOU,47,53,202,yes
1753235647314,1753235647,KXMLBGAME-25JUL22LAANYM-NYM,79,21,62,yes
1753235648250,1753235648,KXMLBGAME-25JUL22LAANYM-LAA,22,78,21,yes
1753235650510,1753235650,KXMLBGAME-25JUL22NYYTOR-TOR,16,84,22,no
1753235650748,1753235650,KXMLBGAME-25JUL22NYYTOR-NYY,83,17,675,no
1753235652750,1753235652,KXMLBGAME-25JUL22LAANYM-LAA,22,78,4,yes
1753235652972,1753235652,KXMLBGAME-25JUL22MILSEA-MIL,45,55,200,yes
1753235653751,1753235653,KXMLBGAME-25JUL22KCCHC-CHC,97,3,200,yes
1753235653751,1753235653,KXMLBGAME-25JUL22KCCHC-CHC,97,3,57,yes
1753235654431,1753235654,KXMLBGAME-25JUL22LAANYM-LAA,22,78,151,yes
1753235655990,1753235655,KXMLBGAME-25JUL22LAANYM-NYM,79,21,61,yes
1753235656511,1753235656,KXMLBGAME-25JUL22NYYTOR-NYY,83,17,300,yes
1753235656511,1753235656,KXMLBGAME-25JUL22NYYTOR-NYY,84,16,174,yes
1753235659229,1753235659,KXMLBGAME-25JUL22NYYTOR-TOR,18,82,26,yes
1753235659389,1753235659,KXMLBGAME-25JUL22STLCOL-COL,88,12,1,yes
1753235660347,1753235660,KXMLBGAME-25JUL22HOUARI-ARI,54,46,300,yes
1753235660347,1753235660,KXMLBGAME-25JUL22HOUARI-ARI,54,46,238,yes
1753235660490,1753235660,KXMLBGAME-25JUL22NYYTOR-TOR,16,84,245,no
1753235662110,1753235662,KXMLBGAME-25JUL22NYYTOR-NYY,83,17,66,yes
1753235662702,1753235662,KXMLBGAME-25JUL22NYYTOR-NYY,83,17,52,yes
1753235664444,1753235664,KXMLBGAME-25JUL22NYYTOR-TOR,16,84,340,no
1753235664871,1753235664,KXMLBGAME-25JUL22HOUARI-ARI,54,46,264,yes
1753235664872,1753235664,KXMLBGAME-25JUL22HOUARI-ARI,54,46,30,yes
1753235665129,1753235665,KXMLBGAME-25JUL22ATHTEX-ATH,1,99,29,no
1753235667710,1753235667,KXMLBGAME-25JUL22NYYTOR-NYY,83,17,113,yes
1753235667949,1753235667,KXMLBGAME-25JUL22KCCHC-KC,6,94,92,yes
1753235670889,1753235670,KXMLBGAME-25JUL22NYYTOR-NYY,84,16,144,yes
1753235670930,1753235670,KXMLBGAME-25JUL22LAANYM-LAA,21,79,67,yes
1753235671090,1753235671,KXMLBGAME-25JUL22ATHTEX-ATH,2,98,4,yes
1753235673188,1753235673,KXMLBGAME-25JUL22NYYTOR-NYY,82,18,5,no
1753235675195,1753235675,KXMLBGAME-25JUL22HOUARI-ARI,54,46,170,yes
1753235675195,1753235675,KXMLBGAME-25JUL22HOUARI-ARI,56,44,9,yes
1753235676849,1753235676,KXMLBGAME-25JUL22NYYTOR-TOR,18,82,1576,yes
1753235677450,1753235677,KXMLBGAME-25JUL22NYYTOR-NYY,84,16,147,yes
1753235677688,1753235677,KXMLBGAME-25JUL22NYYTOR-TOR,18,82,5,yes
1753235680809,1753235680,KXMLBGAME-25JUL22ATHTEX-ATH,1,99,211,no
1753235681771,1753235681,KXMLBGAME-25JUL22HOUARI-HOU,46,54,23,yes
1753235684108,1753235684,KXMLBGAME-25JUL22BOSPHI-PHI,99,1,105,no
1753235686010,1753235685,KXMLBGAME-25JUL22NYYTOR-NYY,83,17,11,yes
1753235686529,1753235686,KXMLBGAME-25JUL22NYYTOR-NYY,83,17,1,yes
1753235690255,1753235690,KXMLBGAME-25JUL22NYYTOR-NYY,83,17,238,yes
1753235690992,1753235690,KXMLBGAME-25JUL22LAANYM-LAA,21,79,31,yes
1753235691673,1753235691,KXMLBGAME-25JUL22LAANYM-LAA,20,80,92,no
1753235692312,1753235692,KXMLBGAME-25JUL22STLCOL-STL,13,87,36,no
1753235692450,1753235692,KXMLBGAME-25JUL22KCCHC-CHC,97,3,10,yes
1753235692710,1753235692,KXMLBGAME-25JUL22LAANYM-LAA,21,79,100,yes
1753235694209,1753235694,KXMLBGAME-25JUL22LAANYM-LAA,20,80,62,no
1753235696470,1753235696,KXMLBGAME-25JUL22NYYTOR-NYY,83,17,15,yes
1753235698231,1753235698,KXMLBGAME-25JUL22LAANYM-LAA,21,79,228,yes
1753235698369,1753235698,KXMLBGAME-25JUL22HOUARI-HOU,46,54,77,yes
1753235698389,1753235698,KXMLBGAME-25JUL22MILSEA-MIL,45,55,21,yes
1753235699129,1753235699,KXMLBGAME-25JUL22NYYTOR-TOR,19,81,1,yes
1753235702869,1753235702,KXMLBGAME-25JUL22NYYTOR-TOR,16,84,62,no
1753235704511,1753235704,KXMLBGAME-25JUL22NYYTOR-NYY,83,17,238,yes
1753235705391,1753235705,KXMLBGAME-25JUL22STLCOL-COL,87,13,500,yes
1753235705391,1753235705,KXMLBGAME-25JUL22STLCOL-COL,87,13,500,yes
1753235706570,1753235706,KXMLBGAME-25JUL22NYYTOR-NYY,81,19,809,no
1753235709870,1753235709,KXMLBGAME-25JUL22NYYTOR-NYY,83,17,71,yes
1753235711792,1753235711,KXMLBGAME-25JUL22HOUARI-ARI,64,36,12,yes
1753235711872,1753235711,KXMLBGAME-25JUL22HOUARI-HOU,40,60,12,no
1753235712750,1753235712,KXMLBGAME-25JUL22ATHTEX-ATH,1,99,59,no
1753235713250,1753235713,KXMLBGAME-25JUL22LAANYM-LAA,20,80,4,yes
1753235713431,1753235713,KXMLBGAME-25JUL22LAANYM-LAA,18,82,32,no
1753235713950,1753235713,KXMLBGAME-25JUL22STLCOL-STL,14,86,20,yes
1753235715131,1753235715,KXMLBGAME-25JUL22HOUARI-HOU,63,37,1,no
1753235715131,1753235715,KXMLBGAME-25JUL22HOUARI-ARI,49,51,1,no
1753235715131,1753235715,KXMLBGAME-25JUL22HOUARI-ARI,49,51,1,no
1753235715131,1753235715,KXMLBGAME-25JUL22HOUARI-HOU,63,37,1,no
1753235715131,1753235715,KXMLBGAME-25JUL22HOUARI-ARI,49,51,2,no
1753235715149,1753235715,KXMLBGAME-25JUL22HOUARI-HOU,63,37,1,yes
1753235715333,1753235715,KXMLBGAME-25JUL22HOUARI-ARI,49,51,1,no
1753235716550,1753235716,KXMLBGAME-25JUL22NYYTOR-NYY,83,17,124,yes
1753235716650,1753235716,KXMLBGAME-25JUL22LAANYM-LAA,18,82,52,no
1753235717650,1753235717,KXMLBGAME-25JUL22MINLAD-LAD,66,34,103,yes
1753235718348,1753235718,KXMLBGAME-25JUL22MINLAD-LAD,66,34,124,yes
1753235721829,1753235721,KXMLBGAME-25JUL22ATHTEX-TEX,97,3,124,no
1753235723369,1753235723,KXMLBGAME-25JUL22ATHTEX-TEX,99,1,252,yes
1753235729671,1753235729,KXMLBGAME-25JUL22LAANYM-NYM,82,18,100,yes
1753235729671,1753235729,KXMLBGAME-25JUL22LAANYM-NYM,83,17,300,yes
1753235732910,1753235732,KXMLBGAME-25JUL22ATHTEX-TEX,97,3,51,no
1753235734111,1753235734,KXMLBGAME-25JUL22LAANYM-LAA,12,88,101,yes
1753235734111,1753235734,KXMLBGAME-25JUL22LAANYM-LAA,15,85,10,yes
1753235734133,1753235734,KXMLBGAME-25JUL22LAANYM-NYM,85,15,10,no
1753235734610,1753235734,KXMLBGAME-25JUL22LAANYM-NYM,86,14,55,yes
1753235737731,1753235737,KXMLBGAME-25JUL22NYYTOR-TOR,20,80,23,yes
1753235739503,1753235739,KXMLBGAME-25JUL22NYYTOR-NYY,83,17,29,yes
1753235739712,1753235739,KXMLBGAME-25JUL22NYYTOR-TOR,20,80,277,yes
1753235739712,1753235739,KXMLBGAME-25JUL22NYYTOR-TOR,20,80,196,yes
1753235739733,1753235739,KXMLBGAME-25JUL22NYYTOR-NYY,83,17,166,yes
1753235741110,1753235741,KXMLBGAME-25JUL22HOUARI-ARI,53,47,9,yes
1753235741552,1753235741,KXMLBGAME-25JUL22LAANYM-NYM,87,13,100,yes
1753235741552,1753235741,KXMLBGAME-25JUL22LAANYM-NYM,89,11,16,yes
1753235741951,1753235741,KXMLBGAME-25JUL22MILSEA-MIL,45,55,4,yes
1753235745889,1753235745,KXMLBGAME-25JUL22NYYTOR-NYY,83,17,119,yes
1753235746093,1753235746,KXMLBGAME-25JUL22LAANYM-NYM,88,12,394,yes
1753235748309,1753235748,KXMLBGAME-25JUL22BOSPHI-PHI,99,1,300,no
1753235749450,1753235749,KXMLBGAME-25JUL22NYYTOR-NYY,83,17,10,yes
1753235750575,1753235750,KXMLBGAME-25JUL22MILSEA-SEA,56,44,86,yes
1753235751289,1753235751,KXMLBGAME-25JUL22ATHTEX-ATH,2,98,4,yes
1753235752292,1753235752,KXMLBGAME-25JUL22MILSEA-SEA,56,44,157,yes
1753235752292,1753235752,KXMLBGAME-25JUL22MILSEA-SEA,57,43,186,yes
1753235755450,1753235755,KXMLBGAME-25JUL22MILSEA-MIL,45,55,10,yes
1753235756431,1753235756,KXMLBGAME-25JUL22LAANYM-LAA,12,88,8,no
1753235756640,1753235756,KXMLBGAME-25JUL22LAANYM-NYM,88,12,50,yes
1753235757690,1753235757,KXMLBGAME-25JUL22LAANYM-NYM,88,12,13,yes
1753235760531,1753235760,KXMLBGAME-25JUL22ATHTEX-TEX,99,1,40,yes
1753235760710,1753235760,KXMLBGAME-25JUL22MILSEA-SEA,57,43,100,yes
1753235761071,1753235761,KXMLBGAME-25JUL22KCCHC-CHC,97,3,20,yes
1753235761571,1753235761,KXMLBGAME-25JUL22NYYTOR-TOR,22,78,42,yes
1753235762931,1753235762,KXMLBGAME-25JUL22NYYTOR-NYY,81,19,121,yes
1753235762971,1753235762,KXMLBGAME-25JUL22NYYTOR-NYY,76,24,100,no
1753235764710,1753235764,KXMLBGAME-25JUL22ATHTEX-TEX,97,3,47,no
1753235769713,1753235769,KXMLBGAME-25JUL22NYYTOR-NYY,81,19,179,yes
1753235770191,1753235770,KXMLBGAME-25JUL22NYYTOR-NYY,81,19,5,no
1753235774691,1753235774,KXMLBGAME-25JUL22LAANYM-LAA,14,86,300,yes
1753235774691,1753235774,KXMLBGAME-25JUL22LAANYM-LAA,14,86,14,yes
1753235775210,1753235775,KXMLBGAME-25JUL22STLCOL-STL,14,86,6,yes
1753235781112,1753235781,KXMLBGAME-25JUL22LAANYM-NYM,88,12,29,yes
1753235784373,1753235784,KXMLBGAME-25JUL22MILSEA-MIL,45,55,21,yes
1753235786530,1753235786,KXMLBGAME-25JUL22ATHTEX-ATH,1,99,696,no
1753235786731,1753235786,KXMLBGAME-25JUL22NYYTOR-NYY,82,18,855,yes
1753235786731,1753235786,KXMLBGAME-25JUL22NYYTOR-NYY,82,18,228,yes
1753235788532,1753235788,KXMLBGAME-25JUL22LAANYM-LAA,11,89,38,no
1753235788532,1753235788,KXMLBGAME-25JUL22LAANYM-LAA,9,91,500,no
1753235788532,1753235788,KXMLBGAME-25JUL22LAANYM-LAA,9,91,300,no
1753235788532,1753235788,KXMLBGAME-25JUL22LAANYM-LAA,8,92,422,no
1753235789090,1753235788,KXMLBGAME-25JUL22STLCOL-COL,87,13,202,yes
1753235789994,1753235789,KXMLBGAME-25JUL22LAANYM-LAA,13,87,36,yes
1753235790651,1753235790,KXMLBGAME-25JUL22NYYTOR-NYY,82,18,91,yes
1753235790893,1753235790,KXMLBGAME-25JUL22NYYTOR-TOR,19,81,300,yes
1753235790893,1753235790,KXMLBGAME-25JUL22NYYTOR-TOR,20,80,188,yes
1753235793290,1753235793,KXMLBGAME-25JUL22HOUARI-HOU,49,51,300,yes
1753235795311,1753235795,KXMLBGAME-25JUL22NYYTOR-NYY,82,18,12,yes
1753235795368,1753235795,KXMLBGAME-25JUL22NYYTOR-NYY,82,18,30,yes
1753235796478,1753235796,KXMLBGAME-25JUL22LAANYM-NYM,89,11,12,yes
1753235798691,1753235798,KXMLBGAME-25JUL22MILSEA-SEA,57,43,10,yes
1753235798691,1753235798,KXMLBGAME-25JUL22MILSEA-SEA,58,42,88,yes
1753235798929,1753235798,KXMLBGAME-25JUL22NYYTOR-NYY,82,18,1326,yes
1753235799311,1753235799,KXMLBGAME-25JUL22LAANYM-NYM,89,11,223,yes
1753235800054,1753235800,KXMLBGAME-25JUL22NYYTOR-TOR,19,81,49,yes
1753235800553,1753235800,KXMLBGAME-25JUL22LAANYM-LAA,13,87,181,yes
1753235803532,1753235803,KXMLBGAME-25JUL22HOUARI-HOU,55,45,10,yes
1753235804393,1753235804,KXMLBGAME-25JUL22NYYTOR-TOR,19,81,251,yes
1753235804393,1753235804,KXMLBGAME-25JUL22NYYTOR-TOR,20,80,412,yes
1753235804393,1753235804,KXMLBGAME-25JUL22NYYTOR-TOR,20,80,509,yes
1753235806110,1753235806,KXMLBGAME-25JUL22MILSEA-SEA,57,43,136,yes
1753235806601,1753235806,KXMLBGAME-25JUL22MINLAD-LAD,66,34,7,yes
1753235806891,1753235806,KXMLBGAME-25JUL22LAANYM-LAA,13,87,203,yes
1753235807730,1753235807,KXMLBGAME-25JUL22LAANYM-NYM,89,11,20,yes
1753235809730,1753235809,KXMLBGAME-25JUL22HOUARI-HOU,52,48,34,yes
1753235811071,1753235811,KXMLBGAME-25JUL22HOUARI-HOU,50,50,182,no
1753235811812,1753235811,KXMLBGAME-25JUL22NYYTOR-NYY,87,13,22,yes
1753235817070,1753235817,KXMLBGAME-25JUL22STLCOL-STL,14,86,33,yes
1753235819376,1753235819,KXMLBGAME-25JUL22LAANYM-NYM,96,4,172,yes
1753235820311,1753235820,KXMLBGAME-25JUL22NYYTOR-NYY,87,13,17,yes
1753235823069,1753235822,KXMLBGAME-25JUL22NYYTOR-TOR,16,84,5,yes
1753235825610,1753235825,KXMLBGAME-25JUL22ATHTEX-TEX,97,3,729,no
1753235826634,1753235826,KXMLBGAME-25JUL22LAANYM-LAA,7,93,27,no
1753235828474,1753235828,KXMLBGAME-25JUL22LAANYM-NYM,94,6,33,yes
1753235828970,1753235828,KXMLBGAME-25JUL22MINLAD-LAD,66,34,18,yes
1753235829511,1753235829,KXMLBGAME-25JUL22NYYTOR-NYY,87,13,261,yes
1753235829511,1753235829,KXMLBGAME-25JUL22NYYTOR-NYY,87,13,139,yes
1753235829532,1753235829,KXMLBGAME-25JUL22NYYTOR-NYY,87,13,56,yes
1753235831630,1753235831,KXMLBGAME-25JUL22NYYTOR-NYY,87,13,5,yes
1753235831630,1753235831,KXMLBGAME-25JUL22NYYTOR-NYY,87,13,48,yes
1753235834633,1753235834,KXMLBGAME-25JUL22MINLAD-LAD,66,34,295,yes
1753235835090,1753235834,KXMLBGAME-25JUL22NYYTOR-TOR,16,84,88,yes
1753235838251,1753235838,KXMLBGAME-25JUL22NYYTOR-TOR,16,84,590,yes
1753235838470,1753235838,KXMLBGAME-25JUL22LAANYM-NYM,94,6,20,yes
1753235838470,1753235838,KXMLBGAME-25JUL22LAANYM-NYM,94,6,57,yes
1753235838470,1753235838,KXMLBGAME-25JUL22LAANYM-NYM,95,5,600,yes
1753235838470,1753235838,KXMLBGAME-25JUL22LAANYM-NYM,96,4,9,yes
1753235838470,1753235838,KXMLBGAME-25JUL22LAANYM-NYM,96,4,100,yes
1753235846071,1753235846,KXMLBGAME-25JUL22NYYTOR-NYY,87,13,43,yes
1753235849751,1753235849,KXMLBGAME-25JUL22NYYTOR-NYY,87,13,209,yes
1753235849751,1753235849,KXMLBGAME-25JUL22NYYTOR-NYY,87,13,300,yes
1753235849751,1753235849,KXMLBGAME-25JUL22NYYTOR-NYY,87,13,200,yes
1753235849751,1753235849,KXMLBGAME-25JUL22NYYTOR-NYY,88,12,200,yes
1753235849751,1753235849,KXMLBGAME-25JUL22NYYTOR-NYY,88,12,300,yes
1753235849751,1753235849,KXMLBGAME-25JUL22NYYTOR-NYY,88,12,1053,yes
1753235851355,1753235851,KXMLBGAME-25JUL22NYYTOR-NYY,84,16,69,no
1753235851454,1753235851,KXMLBGAME-25JUL22HOUARI-HOU,52,48,9,yes
1753235853012,1753235852,KXMLBGAME-25JUL22SFATL-SF,99,1,8,no
1753235854310,1753235854,KXMLBGAME-25JUL22NYYTOR-NYY,87,13,45,yes
1753235855115,1753235855,KXMLBGAME-25JUL22HOUARI-HOU,52,48,457,yes
1753235855115,1753235855,KXMLBGAME-25JUL22HOUARI-HOU,52,48,752,yes
1753235855790,1753235855,KXMLBGAME-25JUL22NYYTOR-NYY,87,13,52,yes
1753235858150,1753235858,KXMLBGAME-25JUL22NYYTOR-NYY,87,13,86,yes
1753235858231,1753235858,KXMLBGAME-25JUL22NYYTOR-TOR,16,84,5,yes
1753235858671,1753235858,KXMLBGAME-25JUL22NYYTOR-NYY,84,16,25,no
1753235867632,1753235867,KXMLBGAME-25JUL22KCCHC-KC,3,97,87,no
1753235868191,1753235868,KXMLBGAME-25JUL22KCCHC-KC,3,97,40,yes
1753235869138,1753235868,KXMLBGAME-25JUL22NYYTOR-NYY,84,16,206,no
1753235869138,1753235868,KXMLBGAME-25JUL22NYYTOR-NYY,83,17,2000,no
1753235869138,1753235868,KXMLBGAME-25JUL22NYYTOR-NYY,83,17,220,no
1753235869490,1753235869,KXMLBGAME-25JUL22HOUARI-HOU,52,48,74,yes
1753235871610,1753235871,KXMLBGAME-25JUL22MILSEA-MIL,45,55,10,yes
1753235872250,1753235872,KXMLBGAME-25JUL22MINLAD-LAD,65,35,2,no
1753235876190,1753235876,KXMLBGAME-25JUL22LAANYM-NYM,87,13,113,yes
1753235881632,1753235881,KXMLBGAME-25JUL22HOUARI-HOU,52,48,279,yes
1753235881693,1753235881,KXMLBGAME-25JUL22NYYTOR-TOR,18,82,600,yes
1753235881693,1753235881,KXMLBGAME-25JUL22NYYTOR-TOR,18,82,1083,yes
1753235881693,1753235881,KXMLBGAME-25JUL22NYYTOR-TOR,19,81,200,yes
1753235881693,1753235881,KXMLBGAME-25JUL22NYYTOR-TOR,19,81,600,yes
1753235881693,1753235881,KXMLBGAME-25JUL22NYYTOR-TOR,19,81,300,yes
1753235881693,1753235881,KXMLBGAME-25JUL22NYYTOR-TOR,19,81,300,yes
1753235881693,1753235881,KXMLBGAME-25JUL22NYYTOR-TOR,20,80,200,yes
1753235881693,1753235881,KXMLBGAME-25JUL22NYYTOR-TOR,20,80,300,yes
1753235881693,1753235881,KXMLBGAME-25JUL22NYYTOR-TOR,20,80,750,yes
1753235881693,1753235881,KXMLBGAME-25JUL22NYYTOR-TOR,20,80,2000,yes
1753235881693,1753235881,KXMLBGAME-25JUL22NYYTOR-TOR,20,80,294,yes
1753235881693,1753235881,KXMLBGAME-25JUL22LAANYM-NYM,87,13,113,yes
1753235883211,1753235883,KXMLBGAME-25JUL22LAANYM-LAA,12,88,13,no
1753235883891,1753235883,KXMLBGAME-25JUL22HOUARI-ARI,51,49,28,yes
1753235884132,1753235884,KXMLBGAME-25JUL22LAANYM-LAA,12,88,36,no
1753235885232,1753235885,KXMLBGAME-25JUL22HOUARI-HOU,52,48,40,yes
1753235886131,1753235886,KXMLBGAME-25JUL22NYYTOR-NYY,84,16,13,yes
1753235886511,1753235886,KXMLBGAME-25JUL22MINLAD-LAD,65,35,25,yes
1753235887270,1753235887,KXMLBGAME-25JUL22NYYTOR-NYY,84,16,5,yes
1753235899150,1753235899,KXMLBGAME-25JUL22MILSEA-MIL,45,55,68,yes
1753235899731,1753235899,KXMLBGAME-25JUL22LAANYM-LAA,15,85,62,yes
1753235902115,1753235901,KXMLBGAME-25JUL22KCCHC-CHC,98,2,300,yes
1753235902115,1753235901,KXMLBGAME-25JUL22KCCHC-CHC,98,2,2000,yes
1753235902115,1753235901,KXMLBGAME-25JUL22KCCHC-CHC,99,1,1000,yes
1753235902115,1753235901,KXMLBGAME-25JUL22KCCHC-CHC,99,1,1012,yes
1753235902631,1753235902,KXMLBGAME-25JUL22MINLAD-LAD,65,35,60,yes
1753235903050,1753235903,KXMLBGAME-25JUL22MILSEA-SEA,56,44,8,yes
1753235904690,1753235904,KXMLBGAME-25JUL22LAANYM-LAA,15,85,34,yes
1753235907349,1753235907,KXMLBGAME-25JUL22LAANYM-NYM,87,13,4,yes
1753235907490,1753235907,KXMLBGAME-25JUL22MINLAD-LAD,65,35,4204,yes
1753235910372,1753235910,KXMLBGAME-25JUL22NYYTOR-NYY,88,12,61,yes
1753235910372,1753235910,KXMLBGAME-25JUL22NYYTOR-NYY,90,10,609,yes
1753235910372,1753235910,KXMLBGAME-25JUL22NYYTOR-TOR,15,85,13,no
1753235910372,1753235910,KXMLBGAME-25JUL22NYYTOR-TOR,15,85,65,no
1753235910470,1753235910,KXMLBGAME-25JUL22NYYTOR-TOR,7,93,61,no
1753235911771,1753235911,KXMLBGAME-25JUL22MINLAD-LAD,65,35,15,yes
1753235912909,1753235912,KXMLBGAME-25JUL22NYYTOR-TOR,10,90,3,yes
1753235915290,1753235915,KXMLBGAME-25JUL22LAANYM-LAA,15,85,32,yes
1753235915829,1753235915,KXMLBGAME-25JUL22HOUARI-HOU,52,48,193,yes
1753235916972,1753235916,KXMLBGAME-25JUL22NYYTOR-NYY,94,6,400,yes
1753235916972,1753235916,KXMLBGAME-25JUL22NYYTOR-NYY,94,6,600,yes
1753235916972,1753235916,KXMLBGAME-25JUL22NYYTOR-NYY,94,6,300,yes
1753235916972,1753235916,KXMLBGAME-25JUL22NYYTOR-NYY,95,5,382,yes
1753235917991,1753235917,KXMLBGAME-25JUL22HOUARI-HOU,52,48,18,yes
1753235918249,1753235918,KXMLBGAME-25JUL22MILSEA-MIL,45,55,57,yes
1753235918431,1753235918,KXMLBGAME-25JUL22MILSEA-MIL,45,55,20,yes
1753235920035,1753235919,KXMLBGAME-25JUL22MINLAD-LAD,65,35,750,yes
1753235922011,1753235921,KXMLBGAME-25JUL22NYYTOR-NYY,91,9,300,no
1753235922011,1753235921,KXMLBGAME-25JUL22NYYTOR-NYY,90,10,412,no
1753235922034,1753235921,KXMLBGAME-25JUL22MINLAD-LAD,65,35,17,yes
1753235924710,1753235924,KXMLBGAME-25JUL22KCCHC-CHC,98,2,2,yes
1753235930276,1753235930,KXMLBGAME-25JUL22LAANYM-NYM,87,13,227,yes
1753235932550,1753235932,KXMLBGAME-25JUL22HOUARI-HOU,51,49,37,no
1753235932831,1753235932,KXMLBGAME-25JUL22NYYTOR-NYY,94,6,2,yes
1753235933070,1753235933,KXMLBGAME-25JUL22LAANYM-LAA,15,85,2,yes
1753235934590,1753235934,KXMLBGAME-25JUL22NYYTOR-TOR,10,90,9,yes
1753235934750,1753235934,KXMLBGAME-25JUL22MINLAD-LAD,65,35,147,yes
1753235936829,1753235936,KXMLBGAME-25JUL22NYYTOR-NYY,94,6,40,yes
1753235937750,1753235937,KXMLBGAME-25JUL22MINLAD-LAD,65,35,15,yes
1753235938390,1753235938,KXMLBGAME-25JUL22NYYTOR-TOR,10,90,94,yes
1753235939810,1753235939,KXMLBGAME-25JUL22STLCOL-STL,12,88,3,no
1753235939810,1753235939,KXMLBGAME-25JUL22STLCOL-STL,12,88,38,no
1753235940011,1753235939,KXMLBGAME-25JUL22STLCOL-STL,12,88,19,no
1753235940373,1753235940,KXMLBGAME-25JUL22HOUARI-HOU,51,49,13,no
1753235941790,1753235941,KXMLBGAME-25JUL22NYYTOR-NYY,94,6,170,yes
1753235941853,1753235941,KXMLBGAME-25JUL22MINLAD-LAD,65,35,75,yes
1753235945550,1753235945,KXMLBGAME-25JUL22STLCOL-STL,10,90,50,no
1753235947831,1753235947,KXMLBGAME-25JUL22LAANYM-LAA,14,86,33,yes
1753235948268,1753235948,KXMLBGAME-25JUL22NYYTOR-TOR,7,93,10,no
1753235948268,1753235948,KXMLBGAME-25JUL22NYYTOR-NYY,94,6,10,no
1753235949528,1753235949,KXMLBGAME-25JUL22NYYTOR-NYY,95,5,300,yes
1753235949528,1753235949,KXMLBGAME-25JUL22NYYTOR-NYY,95,5,600,yes
1753235949528,1753235949,KXMLBGAME-25JUL22NYYTOR-NYY,96,4,200,yes
1753235949528,1753235949,KXMLBGAME-25JUL22NYYTOR-NYY,96,4,600,yes
1753235949528,1753235949,KXMLBGAME-25JUL22NYYTOR-NYY,96,4,2000,yes
1753235949528,1753235949,KXMLBGAME-25JUL22NYYTOR-NYY,97,3,750,yes
1753235949528,1753235949,KXMLBGAME-25JUL22NYYTOR-NYY,97,3,200,yes
1753235949528,1753235949,KXMLBGAME-25JUL22NYYTOR-NYY,97,3,60,yes
1753235951489,1753235951,KXMLBGAME-25JUL22LAANYM-NYM,86,14,106,no
1753235951832,1753235951,KXMLBGAME-25JUL22NYYTOR-TOR,7,93,29,no
1753235951832,1753235951,KXMLBGAME-25JUL22NYYTOR-TOR,5,95,46,no
1753235951911,1753235951,KXMLBGAME-25JUL22NYYTOR-TOR,8,92,100,yes
1753235953171,1753235953,KXMLBGAME-25JUL22NYYTOR-TOR,8,92,58,yes
1753235953529,1753235953,KXMLBGAME-25JUL22MILSEA-MIL,45,55,130,yes
1753235955752,1753235955,KXMLBGAME-25JUL22NYYTOR-TOR,5,95,54,no
1753235955752,1753235955,KXMLBGAME-25JUL22NYYTOR-TOR,5,95,157,no
1753235957991,1753235957,KXMLBGAME-25JUL22NYYTOR-NYY,89,11,91,no
1753235958389,1753235958,KXMLBGAME-25JUL22NYYTOR-NYY,95,5,16,yes
1753235958492,1753235958,KXMLBGAME-25JUL22MILSEA-MIL,45,55,213,yes
1753235958590,1753235958,KXMLBGAME-25JUL22NYYTOR-TOR,8,92,11,yes
1753235958952,1753235958,KXMLBGAME-25JUL22STLCOL-COL,93,7,20,yes
1753235959648,1753235959,KXMLBGAME-25JUL22NYYTOR-TOR,5,95,5,no
1753235960703,1753235960,KXMLBGAME-25JUL22NYYTOR-TOR,5,95,88,no
1753235960932,1753235960,KXMLBGAME-25JUL22MILSEA-MIL,45,55,22,yes
1753235963030,1753235962,KXMLBGAME-25JUL22NYYTOR-NYY,96,4,600,yes
1753235963030,1753235962,KXMLBGAME-25JUL22NYYTOR-NYY,96,4,179,yes
1753235965349,1753235965,KXMLBGAME-25JUL22LAANYM-LAA,11,89,228,no
1753235965871,1753235965,KXMLBGAME-25JUL22NYYTOR-TOR,4,96,47,no
1753235966211,1753235966,KXMLBGAME-25JUL22NYYTOR-TOR,4,96,40,no
1753235968370,1753235968,KXMLBGAME-25JUL22NYYTOR-TOR,8,92,50,yes
1753235968610,1753235968,KXMLBGAME-25JUL22STLCOL-STL,9,91,49,yes
1753235969118,1753235969,KXMLBGAME-25JUL22NYYTOR-TOR,4,96,25,no
1753235969145,1753235969,KXMLBGAME-25JUL22LAANYM-LAA,11,89,20,no
1753235969753,1753235969,KXMLBGAME-25JUL22STLCOL-STL,7,93,100,no
1753235969753,1753235969,KXMLBGAME-25JUL22STLCOL-STL,7,93,3297,no
1753235969884,1753235969,KXMLBGAME-25JUL22KCCHC-CHC,98,2,1,yes
1753235970512,1753235970,KXMLBGAME-25JUL22MILSEA-MIL,45,55,8,yes
1753235973490,1753235973,KXMLBGAME-25JUL22MILSEA-MIL,45,55,21,yes
1753235975330,1753235975,KXMLBGAME-25JUL22NYYTOR-TOR,4,96,15,no
1753235975330,1753235975,KXMLBGAME-25JUL22NYYTOR-NYY,92,8,53,no
1753235975508,1753235975,KXMLBGAME-25JUL22NYYTOR-NYY,92,8,15,no
1753235976590,1753235976,KXMLBGAME-25JUL22MILSEA-MIL,45,55,96,yes
1753235977751,1753235977,KXMLBGAME-25JUL22STLCOL-STL,7,93,40,no
1753235978710,1753235978,KXMLBGAME-25JUL22STLCOL-COL,93,7,600,yes
1753235978710,1753235978,KXMLBGAME-25JUL22STLCOL-COL,93,7,136,yes
1753235979750,1753235979,KXMLBGAME-25JUL22MILSEA-MIL,45,55,42,yes
1753235981168,1753235981,KXMLBGAME-25JUL22NYYTOR-NYY,97,3,3,yes
1753235981810,1753235981,KXMLBGAME-25JUL22LAANYM-LAA,20,80,23,yes
1753235983171,1753235983,KXMLBGAME-25JUL22HOUARI-HOU,50,50,14,yes
1753235983270,1753235983,KXMLBGAME-25JUL22LAANYM-NYM,98,2,300,yes
1753235983270,1753235983,KXMLBGAME-25JUL22LAANYM-NYM,99,1,1000,yes
1753235983270,1753235983,KXMLBGAME-25JUL22LAANYM-NYM,99,1,111,yes
1753235983329,1753235983,KXMLBGAME-25JUL22LAANYM-LAA,5,95,100,no
1753235983329,1753235983,KXMLBGAME-25JUL22LAANYM-NYM,99,1,100,no
1753235984035,1753235983,KXMLBGAME-25JUL22LAANYM-LAA,4,96,200,no
1753235984035,1753235983,KXMLBGAME-25JUL22LAANYM-LAA,2,98,300,no
1753235984035,1753235983,KXMLBGAME-25JUL22LAANYM-NYM,99,1,500,no
1753235984254,1753235984,KXMLBGAME-25JUL22LAANYM-LAA,1,99,1000,no
1753235985189,1753235985,KXMLBGAME-25JUL22KCCHC-KC,2,98,73,no
1753235986751,1753235986,KXMLBGAME-25JUL22MILSEA-MIL,45,55,10,yes
1753235986751,1753235986,KXMLBGAME-25JUL22MILSEA-MIL,45,55,1,yes
1753235990950,1753235990,KXMLBGAME-25JUL22MILSEA-MIL,45,55,61,yes
1753235991509,1753235991,KXMLBGAME-25JUL22NYYTOR-TOR,6,94,300,yes
1753235991509,1753235991,KXMLBGAME-25JUL22NYYTOR-TOR,6,94,60,yes
1753235991509,1753235991,KXMLBGAME-25JUL22NYYTOR-TOR,6,94,379,yes
1753235991509,1753235991,KXMLBGAME-25JUL22NYYTOR-TOR,7,93,36,yes
1753235992130,1753235992,KXMLBGAME-25JUL22MILSEA-SEA,57,43,17,yes
1753235992569,1753235992,KXMLBGAME-25JUL22STLCOL-COL,90,10,125,no
1753235993247,1753235993,KXMLBGAME-25JUL22KCCHC-KC,3,97,4,yes
1753235993247,1753235993,KXMLBGAME-25JUL22KCCHC-KC,4,96,35,yes
1753235993529,1753235993,KXMLBGAME-25JUL22STLCOL-COL,92,8,108,yes
1753235994891,1753235994,KXMLBGAME-25JUL22LAANYM-LAA,1,99,187,yes
1753235995250,1753235995,KXMLBGAME-25JUL22NYYTOR-TOR,6,94,1,yes
1753235995450,1753235995,KXMLBGAME-25JUL22NYYTOR-TOR,4,96,73,no
1753235995589,1753235995,KXMLBGAME-25JUL22NYYTOR-NYY,94,6,50,no
1753235998030,1753235997,KXMLBGAME-25JUL22LAANYM-LAA,1,99,46,yes
1753235999268,1753235999,KXMLBGAME-25JUL22MILSEA-MIL,46,54,209,yes
1753236000989,1753236000,KXMLBGAME-25JUL22NYYTOR-NYY,97,3,102,yes
1753236001111,1753236001,KXMLBGAME-25JUL22MILSEA-MIL,45,55,8,yes
1753236001270,1753236001,KXMLBGAME-25JUL22NYYTOR-NYY,97,3,50,yes
1753236002031,1753236001,KXMLBGAME-25JUL22STLCOL-COL,92,8,10,no
1753236007813,1753236007,KXMLBGAME-25JUL22NYYTOR-TOR,3,97,300,no
1753236007813,1753236007,KXMLBGAME-25JUL22NYYTOR-NYY,97,3,500,yes
1753236008310,1753236008,KXMLBGAME-25JUL22NYYTOR-NYY,98,2,250,yes
1753236008951,1753236008,KXMLBGAME-25JUL22NYYTOR-NYY,98,2,50,yes
1753236008951,1753236008,KXMLBGAME-25JUL22NYYTOR-NYY,98,2,2000,yes
1753236008951,1753236008,KXMLBGAME-25JUL22NYYTOR-NYY,98,2,600,yes
1753236008951,1753236008,KXMLBGAME-25JUL22NYYTOR-NYY,99,1,1000,yes
1753236008951,1753236008,KXMLBGAME-25JUL22NYYTOR-NYY,99,1,10,yes
1753236008951,1753236008,KXMLBGAME-25JUL22NYYTOR-NYY,99,1,121,yes
1753236009010,1753236008,KXMLBGAME-25JUL22NYYTOR-TOR,2,98,300,no
1753236009010,1753236008,KXMLBGAME-25JUL22NYYTOR-TOR,1,99,1000,no
1753236009069,1753236008,KXMLBGAME-25JUL22NYYTOR-NYY,99,1,300,no
1753236010911,1753236010,KXMLBGAME-25JUL22MILSEA-MIL,45,55,1,yes
1753236012051,1753236012,KXMLBGAME-25JUL22LAANYM-NYM,99,1,172,no
1753236012130,1753236012,KXMLBGAME-25JUL22LAANYM-NYM,99,1,988,no
1753236012251,1753236012,KXMLBGAME-25JUL22LAANYM-NYM,99,1,32,no
1753236013091,1753236013,KXMLBGAME-25JUL22MILSEA-MIL,45,55,33,yes
1753236013091,1753236013,KXMLBGAME-25JUL22MILSEA-MIL,46,54,91,yes
1753236013091,1753236013,KXMLBGAME-25JUL22MILSEA-MIL,46,54,33,yes
1753236014353,1753236014,KXMLBGAME-25JUL22NYYTOR-NYY,99,1,50,no
1753236017210,1753236017,KXMLBGAME-25JUL22NYYTOR-NYY,99,1,97,no
1753236018048,1753236017,KXMLBGAME-25JUL22NYYTOR-NYY,99,1,251,no
1753236019430,1753236019,KXMLBGAME-25JUL22LAANYM-LAA,1,99,467,yes
1753236019770,1753236019,KXMLBGAME-25JUL22MILSEA-MIL,46,54,62,yes
1753236020289,1753236020,KXMLBGAME-25JUL22NYYTOR-NYY,99,1,15,no
1753236020630,1753236020,KXMLBGAME-25JUL22MILSEA-MIL,44,56,20,no
1753236020630,1753236020,KXMLBGAME-25JUL22MILSEA-MIL,44,56,15,no
1753236020630,1753236020,KXMLBGAME-25JUL22MILSEA-MIL,44,56,10,no
1753236020749,1753236020,KXMLBGAME-25JUL22MILSEA-SEA,57,43,10,yes
1753236021570,1753236021,KXMLBGAME-25JUL22LAANYM-NYM,99,1,333,no
1753236024009,1753236023,KXMLBGAME-25JUL22NYYTOR-TOR,1,99,93,yes
1753236024408,1753236024,KXMLBGAME-25JUL22NYYTOR-NYY,99,1,66,no
1753236025089,1753236024,KXMLBGAME-25JUL22MILSEA-MIL,43,57,1,yes
1753236025990,1753236025,KXMLBGAME-25JUL22MILSEA-MIL,43,57,1,yes
1753236026071,1753236025,KXMLBGAME-25JUL22MILSEA-MIL,43,57,1,yes
1753236026071,1753236026,KXMLBGAME-25JUL22LAANYM-LAA,1,99,18,yes
1753236026148,1753236026,KXMLBGAME-25JUL22MILSEA-MIL,43,57,1,yes
1753236026525,1753236026,KXMLBGAME-25JUL22MILSEA-MIL,43,57,507,yes
1753236026810,1753236026,KXMLBGAME-25JUL22ATHTEX-TEX,99,1,20,no
1753236026810,1753236026,KXMLBGAME-25JUL22ATHTEX-TEX,99,1,144,no
1753236027448,1753236027,KXMLBGAME-25JUL22NYYTOR-NYY,99,1,91,no
1753236030909,1753236030,KXMLBGAME-25JUL22NYYTOR-TOR,1,99,467,yes
1753236031109,1753236030,KXMLBGAME-25JUL22HOUARI-HOU,49,51,62,yes
1753236031208,1753236031,KXMLBGAME-25JUL22NYYTOR-NYY,99,1,51,no
1753236031450,1753236031,KXMLBGAME-25JUL22KCCHC-KC,3,97,96,yes
1753236031829,1753236031,KXMLBGAME-25JUL22NYYTOR-TOR,1,99,46,yes
1753236031912,1753236031,KXMLBGAME-25JUL22LAANYM-NYM,99,1,102,no
1753236032730,1753236032,KXMLBGAME-25JUL22MILSEA-MIL,44,56,1,yes
1753236032831,1753236032,KXMLBGAME-25JUL22MILSEA-MIL,44,56,1,yes
1753236032831,1753236032,KXMLBGAME-25JUL22LAANYM-LAA,1,99,9,yes
1753236033050,1753236033,KXMLBGAME-25JUL22MINLAD-MIN,36,64,66,yes
1753236034009,1753236033,KXMLBGAME-25JUL22NYYTOR-NYY,99,1,608,no
1753236034069,1753236033,KXMLBGAME-25JUL22NYYTOR-NYY,99,1,116,no
1753236035249,1753236035,KXMLBGAME-25JUL22NYYTOR-NYY,99,1,131,no
1753236037312,1753236037,KXMLBGAME-25JUL22KCCHC-KC,3,97,204,yes
1753236037312,1753236037,KXMLBGAME-25JUL22KCCHC-KC,4,96,432,yes
1753236042271,1753236042,KXMLBGAME-25JUL22MILSEA-SEA,58,42,62,yes
1753236042271,1753236042,KXMLBGAME-25JUL22MILSEA-SEA,59,41,87,yes
1753236042271,1753236042,KXMLBGAME-25JUL22MILSEA-SEA,59,41,59,yes
1753236042469,1753236042,KXMLBGAME-25JUL22NYYTOR-NYY,99,1,1246,no
1753236042590,1753236042,KXMLBGAME-25JUL22NYYTOR-NYY,99,1,15,no
1753236046352,1753236046,KXMLBGAME-25JUL22STLCOL-COL,92,8,1,yes
1753236050186,1753236050,KXMLBGAME-25JUL22MINLAD-LAD,65,35,30,yes
1753236051109,1753236051,KXMLBGAME-25JUL22NYYTOR-NYY,99,1,111,no
1753236051169,1753236051,KXMLBGAME-25JUL22NYYTOR-NYY,99,1,117,no
1753236052552,1753236052,KXMLBGAME-25JUL22LAANYM-LAA,1,99,93,yes
1753236054210,1753236054,KXMLBGAME-25JUL22STLCOL-STL,7,93,16,no
1753236054250,1753236054,KXMLBGAME-25JUL22LAANYM-LAA,1,99,467,yes
1753236054970,1753236054,KXMLBGAME-25JUL22KCCHC-KC,3,97,4,yes
1753236056591,1753236056,KXMLBGAME-25JUL22LAANYM-NYM,99,1,219,no
1753236056991,1753236056,KXMLBGAME-25JUL22STLCOL-STL,8,92,27,no
1753236057691,1753236057,KXMLBGAME-25JUL22HOUARI-ARI,53,47,300,yes
1753236057691,1753236057,KXMLBGAME-25JUL22HOUARI-ARI,54,46,122,yes
1753236057749,1753236057,KXMLBGAME-25JUL22KCCHC-KC,3,97,156,yes
1753236057888,1753236057,KXMLBGAME-25JUL22ATHTEX-TEX,99,1,28,no
1753236057951,1753236057,KXMLBGAME-25JUL22STLCOL-COL,92,8,216,yes
1753236057990,1753236057,KXMLBGAME-25JUL22MILSEA-MIL,42,58,11,yes
1753236058290,1753236058,KXMLBGAME-25JUL22NYYTOR-NYY,99,1,17,no
1753236060715,1753236060,KXMLBGAME-25JUL22NYYTOR-TOR,1,99,93,yes
1753236062811,1753236062,KXMLBGAME-25JUL22HOUARI-HOU,51,49,28,yes
1753236063730,1753236063,KXMLBGAME-25JUL22LAANYM-NYM,99,1,46,no
1753236064552,1753236064,KXMLBGAME-25JUL22STLCOL-COL,92,8,1,yes
1753236068811,1753236068,KXMLBGAME-25JUL22LAANYM-NYM,99,1,14,no
1753236069637,1753236069,KXMLBGAME-25JUL22KCCHC-KC,2,98,227,no
1753236069637,1753236069,KXMLBGAME-25JUL22KCCHC-KC,2,98,4,no
1753236070730,1753236070,KXMLBGAME-25JUL22LAANYM-NYM,99,1,43,no
1753236072612,1753236072,KXMLBGAME-25JUL22HOUARI-HOU,51,49,122,yes
1753236072612,1753236072,KXMLBGAME-25JUL22HOUARI-HOU,52,48,500,yes
1753236072612,1753236072,KXMLBGAME-25JUL22HOUARI-HOU,53,47,304,yes
1753236075329,1753236075,KXMLBGAME-25JUL22NYYTOR-NYY,99,1,1044,no
1753236075489,1753236075,KXMLBGAME-25JUL22MILSEA-MIL,42,58,114,yes
1753236076588,1753236076,KXMLBGAME-25JUL22MINLAD-LAD,65,35,174,yes
1753236076710,1753236076,KXMLBGAME-25JUL22HOUARI-HOU,53,47,196,yes
1753236076710,1753236076,KXMLBGAME-25JUL22HOUARI-HOU,53,47,600,yes
1753236076710,1753236076,KXMLBGAME-25JUL22HOUARI-HOU,53,47,100,yes
1753236076710,1753236076,KXMLBGAME-25JUL22HOUARI-HOU,53,47,300,yes
1753236076710,1753236076,KXMLBGAME-25JUL22HOUARI-HOU,54,46,750,yes
1753236076710,1753236076,KXMLBGAME-25JUL22HOUARI-HOU,60,40,259,yes
1753236077869,1753236077,KXMLBGAME-25JUL22NYYTOR-NYY,99,1,14,no
1753236078349,1753236078,KXMLBGAME-25JUL22STLCOL-COL,92,8,216,yes
1753236080168,1753236080,KXMLBGAME-25JUL22NYYTOR-NYY,99,1,22,no
1753236080868,1753236080,KXMLBGAME-25JUL22STLCOL-COL,92,8,1,yes
1753236082136,1753236082,KXMLBGAME-25JUL22MINLAD-LAD,65,35,294,yes
1753236082810,1753236082,KXMLBGAME-25JUL22HOUARI-HOU,52,48,7,yes
1753236083954,1753236083,KXMLBGAME-25JUL22NYYTOR-NYY,99,1,1962,no
1753236084100,1753236084,KXMLBGAME-25JUL22NYYTOR-NYY,99,1,66,no
1753236085421,1753236085,KXMLBGAME-25JUL22STLCOL-COL,92,8,166,yes
1753236085421,1753236085,KXMLBGAME-25JUL22STLCOL-COL,92,8,6,yes
1753236086691,1753236086,KXMLBGAME-25JUL22STLCOL-STL,9,91,100,yes
1753236086870,1753236086,KXMLBGAME-25JUL22STLCOL-COL,92,8,1,yes
1753236086893,1753236086,KXMLBGAME-25JUL22MILSEA-MIL,43,57,200,yes
1753236086893,1753236086,KXMLBGAME-25JUL22MILSEA-MIL,43,57,300,yes
1753236086893,1753236086,KXMLBGAME-25JUL22MILSEA-MIL,44,56,57,yes
1753236090568,1753236090,KXMLBGAME-25JUL22NYYTOR-NYY,99,1,752,no
1753236092428,1753236092,KXMLBGAME-25JUL22NYYTOR-TOR,1,99,93,yes
1753236095081,1753236095,KXMLBGAME-25JUL22STLCOL-COL,92,8,293,yes
1753236095081,1753236095,KXMLBGAME-25JUL22STLCOL-COL,92,8,31,yes
1753236096089,1753236096,KXMLBGAME-25JUL22MILSEA-MIL,42,58,75,yes
1753236099652,1753236099,KXMLBGAME-25JUL22MINLAD-LAD,65,35,34,yes
1753236100229,1753236100,KXMLBGAME-25JUL22NYYTOR-NYY,99,1,147,no
1753236102069,1753236101,KXMLBGAME-25JUL22HOUARI-HOU,51,49,189,yes
1753236102333,1753236102,KXMLBGAME-25JUL22MILSEA-MIL,42,58,58,yes
1753236102749,1753236102,KXMLBGAME-25JUL22STLCOL-COL,92,8,71,yes
1753236103593,1753236103,KXMLBGAME-25JUL22ATHTEX-TEX,99,1,487,no
1753236105510,1753236105,KXMLBGAME-25JUL22MILSEA-SEA,59,41,24,yes
1753236105729,1753236105,KXMLBGAME-25JUL22NYYTOR-NYY,99,1,24,no
1753236105988,1753236105,KXMLBGAME-25JUL22MILSEA-SEA,59,41,164,yes
1753236109066,1753236109,KXMLBGAME-25JUL22MILSEA-SEA,59,41,118,yes
1753236109066,1753236109,KXMLBGAME-25JUL22MILSEA-SEA,59,41,41,yes
1753236109574,1753236109,KXMLBGAME-25JUL22STLCOL-COL,92,8,103,yes
1753236113982,1753236113,KXMLBGAME-25JUL22MILSEA-MIL,42,58,175,yes
1753236114430,1753236114,KXMLBGAME-25JUL22STLCOL-COL,92,8,234,yes
1753236115006,1753236114,KXMLBGAME-25JUL22MILSEA-MIL,42,58,22,yes
1753236117411,1753236117,KXMLBGAME-25JUL22BOSPHI-PHI,99,1,525,no
1753236117609,1753236117,KXMLBGAME-25JUL22NYYTOR-NYY,99,1,20,no
1753236117909,1753236117,KXMLBGAME-25JUL22NYYTOR-NYY,99,1,21,no
1753236118794,1753236118,KXMLBGAME-25JUL22MILSEA-MIL,42,58,34,yes
1753236121969,1753236121,KXMLBGAME-25JUL22NYYTOR-NYY,99,1,22,no
1753236123209,1753236123,KXMLBGAME-25JUL22NYYTOR-NYY,99,1,14,no
1753236123704,1753236123,KXMLBGAME-25JUL22NYYTOR-NYY,99,1,59,no
1753236123749,1753236123,KXMLBGAME-25JUL22MINLAD-LAD,65,35,52,yes
1753236124009,1753236123,KXMLBGAME-25JUL22NYYTOR-NYY,99,1,51,no
1753236124111,1753236124,KXMLBGAME-25JUL22MINLAD-MIN,36,64,93,yes
1753236124250,1753236124,KXMLBGAME-25JUL22HOUARI-HOU,51,49,94,yes
1753236124250,1753236124,KXMLBGAME-25JUL22STLCOL-COL,92,8,61,yes
1753236124250,1753236124,KXMLBGAME-25JUL22STLCOL-COL,92,8,47,yes
1753236125748,1753236125,KXMLBGAME-25JUL22NYYTOR-NYY,99,1,212,no
1753236125912,1753236125,KXMLBGAME-25JUL22KCCHC-CHC,98,2,10,yes
1753236126670,1753236126,KXMLBGAME-25JUL22STLCOL-COL,92,8,253,yes
1753236126670,1753236126,KXMLBGAME-25JUL22STLCOL-COL,92,8,287,yes
1753236127795,1753236127,KXMLBGAME-25JUL22MINLAD-MIN,36,64,484,yes
1753236127795,1753236127,KXMLBGAME-25JUL22MINLAD-MIN,36,64,87,yes
1753236127795,1753236127,KXMLBGAME-25JUL22MINLAD-MIN,36,64,3000,yes
1753236127795,1753236127,KXMLBGAME-25JUL22MINLAD-MIN,36,64,200,yes
1753236127795,1753236127,KXMLBGAME-25JUL22MINLAD-MIN,36,64,63,yes
1753236127795,1753236127,KXMLBGAME-25JUL22MINLAD-MIN,36,64,347,yes
1753236129469,1753236129,KXMLBGAME-25JUL22HOUARI-HOU,51,49,37,yes
1753236129857,1753236129,KXMLBGAME-25JUL22STLCOL-COL,91,9,100,no
1753236130671,1753236130,KXMLBGAME-25JUL22MILSEA-SEA,58,42,500,no
1753236130671,1753236130,KXMLBGAME-25JUL22MILSEA-SEA,58,42,10,no
1753236130850,1753236130,KXMLBGAME-25JUL22MILSEA-MIL,42,58,136,yes
1753236132890,1753236132,KXMLBGAME-25JUL22KCCHC-CHC,98,2,5,yes
1753236134149,1753236134,KXMLBGAME-25JUL22STLCOL-STL,9,91,99,yes
1753236134149,1753236134,KXMLBGAME-25JUL22STLCOL-STL,10,90,3,yes
1753236135071,1753236135,KXMLBGAME-25JUL22LAANYM-LAA,1,99,1028,yes
1753236135608,1753236135,KXMLBGAME-25JUL22LAANYM-NYM,99,1,1040,no
1753236135608,1753236135,KXMLBGAME-25JUL22LAANYM-NYM,99,1,1887,no
1753236136730,1753236136,KXMLBGAME-25JUL22MINLAD-LAD,65,35,150,yes
1753236137790,1753236137,KXMLBGAME-25JUL22MILSEA-MIL,43,57,11,yes
1753236139070,1753236138,KXMLBGAME-25JUL22MILSEA-MIL,43,57,489,yes
1753236139070,1753236138,KXMLBGAME-25JUL22MILSEA-MIL,43,57,11,yes
1753236139709,1753236139,KXMLBGAME-25JUL22MILSEA-MIL,43,57,111,yes
1753236140410,1753236140,KXMLBGAME-25JUL22NYYTOR-NYY,99,1,182,no
1753236141057,1753236141,KXMLBGAME-25JUL22STLCOL-STL,10,90,197,yes
1753236141057,1753236141,KXMLBGAME-25JUL22STLCOL-STL,11,89,200,yes
1753236141057,1753236141,KXMLBGAME-25JUL22STLCOL-STL,11,89,77,yes
1753236141396,1753236141,KXMLBGAME-25JUL22STLCOL-COL,92,8,151,yes
1753236141938,1753236141,KXMLBGAME-25JUL22MILSEA-MIL,43,57,33,yes
1753236143170,1753236143,KXMLBGAME-25JUL22STLCOL-COL,92,8,62,yes
1753236143170,1753236143,KXMLBGAME-25JUL22STLCOL-COL,92,8,46,yes
1753236143310,1753236143,KXMLBGAME-25JUL22MILSEA-MIL,43,57,11,yes
1753236143650,1753236143,KXMLBGAME-25JUL22MINLAD-LAD,65,35,65,yes
1753236143802,1753236143,KXMLBGAME-25JUL22MILSEA-MIL,43,57,223,yes
1753236144703,1753236144,KXMLBGAME-25JUL22STLCOL-STL,11,89,85,yes
1753236145849,1753236145,KXMLBGAME-25JUL22MILSEA-SEA,58,42,28,yes
1753236146237,1753236146,KXMLBGAME-25JUL22KCCHC-CHC,98,2,54,yes
1753236148172,1753236148,KXMLBGAME-25JUL22MILSEA-MIL,43,57,11,yes
1753236148289,1753236148,KXMLBGAME-25JUL22LAANYM-NYM,99,1,61,no
1753236149719,1753236149,KXMLBGAME-25JUL22STLCOL-COL,92,8,63,yes
1753236150908,1753236150,KXMLBGAME-25JUL22NYYTOR-NYY,99,1,1159,no
1753236151131,1753236151,KXMLBGAME-25JUL22MILSEA-MIL,43,57,200,yes
1753236151131,1753236151,KXMLBGAME-25JUL22MILSEA-MIL,44,56,241,yes
1753236151189,1753236151,KXMLBGAME-25JUL22NYYTOR-NYY,99,1,436,no
1753236151329,1753236151,KXMLBGAME-25JUL22STLCOL-STL,8,92,16,no
1753236151971,1753236151,KXMLBGAME-25JUL22STLCOL-COL,92,8,108,yes
1753236152133,1753236152,KXMLBGAME-25JUL22STLCOL-COL,92,8,83,yes
1753236152133,1753236152,KXMLBGAME-25JUL22STLCOL-COL,92,8,25,yes
1753236153171,1753236153,KXMLBGAME-25JUL22KCCHC-KC,2,98,61,no
1753236154490,1753236154,KXMLBGAME-25JUL22KCCHC-KC,2,98,89,no
1753236154490,1753236154,KXMLBGAME-25JUL22KCCHC-KC,1,99,67,no
1753236156429,1753236156,KXMLBGAME-25JUL22MILSEA-SEA,58,42,95,yes
1753236159114,1753236159,KXMLBGAME-25JUL22KCCHC-CHC,98,2,50,yes
1753236161495,1753236161,KXMLBGAME-25JUL22MILSEA-MIL,44,56,111,yes
1753236162050,1753236161,KXMLBGAME-25JUL22MILSEA-MIL,42,58,3150,no
1753236162553,1753236162,KXMLBGAME-25JUL22KCCHC-KC,3,97,1,yes
1753236162553,1753236162,KXMLBGAME-25JUL22KCCHC-KC,3,97,99,yes
1753236163352,1753236163,KXMLBGAME-25JUL22NYYTOR-NYY,99,1,64,no
1753236164112,1753236164,KXMLBGAME-25JUL22STLCOL-COL,92,8,108,yes
1753236164569,1753236164,KXMLBGAME-25JUL22KCCHC-CHC,98,2,20,yes
1753236165628,1753236165,KXMLBGAME-25JUL22NYYTOR-NYY,99,1,170,no
1753236165628,1753236165,KXMLBGAME-25JUL22HOUARI-HOU,62,38,15,yes
1753236165710,1753236165,KXMLBGAME-25JUL22HOUARI-ARI,48,52,15,no
1753236167130,1753236167,KXMLBGAME-25JUL22KCCHC-CHC,97,3,4,no
1753236167130,1753236167,KXMLBGAME-25JUL22KCCHC-CHC,97,3,119,no
1753236167951,1753236167,KXMLBGAME-25JUL22MILSEA-MIL,44,56,65,yes
1753236168589,1753236168,KXMLBGAME-25JUL22NYYTOR-NYY,99,1,21,no
1753236169310,1753236169,KXMLBGAME-25JUL22KCCHC-CHC,98,2,2,yes
1753236171009,1753236170,KXMLBGAME-25JUL22STLCOL-STL,11,89,85,yes
1753236172574,1753236172,KXMLBGAME-25JUL22HOUARI-HOU,48,52,402,yes
1753236173489,1753236173,KXMLBGAME-25JUL22MINLAD-LAD,65,35,100,yes
1753236173611,1753236173,KXMLBGAME-25JUL22STLCOL-COL,92,8,1,yes
1753236175170,1753236175,KXMLBGAME-25JUL22MILSEA-MIL,44,56,50,yes
1753236175411,1753236175,KXMLBGAME-25JUL22KCCHC-CHC,98,2,9,yes
1753236175850,1753236175,KXMLBGAME-25JUL22HOUARI-HOU,48,52,2,yes
1753236176809,1753236176,KXMLBGAME-25JUL22MILSEA-MIL,44,56,283,yes
1753236176809,1753236176,KXMLBGAME-25JUL22MILSEA-MIL,44,56,300,yes
1753236176809,1753236176,KXMLBGAME-25JUL22MILSEA-MIL,44,56,241,yes
1753236183910,1753236183,KXMLBGAME-25JUL22HOUARI-HOU,47,53,28,yes
1753236184130,1753236184,KXMLBGAME-25JUL22MILSEA-MIL,43,57,55,yes
1753236184736,1753236184,KXMLBGAME-25JUL22MINLAD-LAD,65,35,526,yes
1753236185151,1753236185,KXMLBGAME-25JUL22MINLAD-LAD,65,35,150,yes
1753236188031,1753236187,KXMLBGAME-25JUL22STLCOL-COL,92,8,51,yes
1753236188271,1753236188,KXMLBGAME-25JUL22HOUARI-HOU,47,53,447,yes
1753236189656,1753236189,KXMLBGAME-25JUL22NYYTOR-NYY,99,1,72,no
1753236189850,1753236189,KXMLBGAME-25JUL22HOUARI-ARI,54,46,300,yes
1753236189850,1753236189,KXMLBGAME-25JUL22HOUARI-ARI,55,45,145,yes
1753236190974,1753236190,KXMLBGAME-25JUL22MINLAD-MIN,35,65,5,no
1753236191211,1753236191,KXMLBGAME-25JUL22MINLAD-LAD,65,35,22,yes
1753236193546,1753236193,KXMLBGAME-25JUL22MILSEA-MIL,43,57,44,yes
1753236195595,1753236195,KXMLBGAME-25JUL22HOUARI-HOU,47,53,25,yes
1753236195595,1753236195,KXMLBGAME-25JUL22HOUARI-HOU,47,53,3,yes
1753236196130,1753236196,KXMLBGAME-25JUL22NYYTOR-NYY,99,1,95,no
1753236197643,1753236197,KXMLBGAME-25JUL22MILSEA-SEA,57,43,159,yes
1753236197643,1753236197,KXMLBGAME-25JUL22MILSEA-SEA,58,42,2000,yes
1753236197643,1753236197,KXMLBGAME-25JUL22MILSEA-SEA,59,41,300,yes
1753236197643,1753236197,KXMLBGAME-25JUL22MILSEA-SEA,59,41,10,yes
1753236197643,1753236197,KXMLBGAME-25JUL22MILSEA-SEA,59,41,200,yes
1753236197643,1753236197,KXMLBGAME-25JUL22MILSEA-SEA,59,41,300,yes
1753236197643,1753236197,KXMLBGAME-25JUL22MILSEA-SEA,59,41,363,yes
1753236197671,1753236197,KXMLBGAME-25JUL22KCCHC-KC,3,97,2,yes
1753236197671,1753236197,KXMLBGAME-25JUL22KCCHC-KC,3,97,1,yes
1753236197671,1753236197,KXMLBGAME-25JUL22KCCHC-KC,3,97,497,yes
1753236198872,1753236198,KXMLBGAME-25JUL22ATHTEX-TEX,86,14,7,no
1753236199690,1753236199,KXMLBGAME-25JUL22KCCHC-CHC,98,2,3,yes
1753236200424,1753236200,KXMLBGAME-25JUL22NYYTOR-NYY,99,1,35,no
1753236204436,1753236204,KXMLBGAME-25JUL22HOUARI-HOU,47,53,135,yes
1753236204436,1753236204,KXMLBGAME-25JUL22HOUARI-HOU,48,52,175,yes
1753236205236,1753236205,KXMLBGAME-25JUL22NYYTOR-NYY,99,1,212,no
1753236205289,1753236205,KXMLBGAME-25JUL22NYYTOR-NYY,99,1,15,no
1753236205574,1753236205,KXMLBGAME-25JUL22MILSEA-MIL,43,57,195,yes
1753236208150,1753236208,KXMLBGAME-25JUL22KCCHC-KC,3,97,104,yes
1753236210871,1753236210,KXMLBGAME-25JUL22MILSEA-MIL,43,57,56,yes
1753236211252,1753236211,KXMLBGAME-25JUL22MILSEA-MIL,43,57,49,yes
1753236211252,1753236211,KXMLBGAME-25JUL22MILSEA-MIL,43,57,18,yes
1753236211550,1753236211,KXMLBGAME-25JUL22MILSEA-MIL,43,57,6,yes
1753236212853,1753236212,KXMLBGAME-25JUL22STLCOL-COL,91,9,350,no
1753236212853,1753236212,KXMLBGAME-25JUL22STLCOL-COL,91,9,150,no
1753236213031,1753236212,KXMLBGAME-25JUL22STLCOL-COL,92,8,215,yes
1753236213031,1753236212,KXMLBGAME-25JUL22STLCOL-COL,92,8,300,yes
1753236213031,1753236212,KXMLBGAME-25JUL22STLCOL-COL,92,8,580,yes
1753236213788,1753236213,KXMLBGAME-25JUL22NYYTOR-NYY,99,1,886,no
1753236217735,1753236217,KXMLBGAME-25JUL22MILSEA-SEA,59,41,8,yes
1753236218090,1753236218,KXMLBGAME-25JUL22KCCHC-CHC,97,3,32,no
1753236219091,1753236219,KXMLBGAME-25JUL22HOUARI-HOU,48,52,20,yes
1753236219750,1753236219,KXMLBGAME-25JUL22STLCOL-COL,92,8,1,yes
1753236227237,1753236227,KXMLBGAME-25JUL22NYYTOR-NYY,99,1,1213,no
1753236227237,1753236227,KXMLBGAME-25JUL22MILSEA-MIL,42,58,5,no
1753236227237,1753236227,KXMLBGAME-25JUL22MILSEA-MIL,42,58,100,no
1753236227237,1753236227,KXMLBGAME-25JUL22MILSEA-MIL,41,59,71,no
1753236227530,1753236227,KXMLBGAME-25JUL22MILSEA-MIL,49,51,114,yes
1753236227530,1753236227,KXMLBGAME-25JUL22MILSEA-MIL,51,49,19,yes
1753236227611,1753236227,KXMLBGAME-25JUL22MILSEA-SEA,57,43,100,no
1753236227611,1753236227,KXMLBGAME-25JUL22MILSEA-SEA,54,46,14,no
1753236228451,1753236228,KXMLBGAME-25JUL22MILSEA-MIL,41,59,16,no
1753236228451,1753236228,KXMLBGAME-25JUL22MILSEA-MIL,41,59,150,no
1753236229470,1753236229,KXMLBGAME-25JUL22STLCOL-COL,91,9,50,no
1753236229470,1753236229,KXMLBGAME-25JUL22STLCOL-COL,91,9,50,no
1753236230668,1753236230,KXMLBGAME-25JUL22MILSEA-MIL,40,60,275,no
1753236230668,1753236230,KXMLBGAME-25JUL22MILSEA-MIL,40,60,300,no
1753236230749,1753236230,KXMLBGAME-25JUL22KCCHC-KC,2,98,140,yes
1753236231330,1753236231,KXMLBGAME-25JUL22MILSEA-MIL,38,62,168,yes
1753236233149,1753236233,KXMLBGAME-25JUL22MILSEA-MIL,37,63,258,yes
1753236233170,1753236233,KXMLBGAME-25JUL22MILSEA-MIL,37,63,25,yes
1753236234034,1753236233,KXMLBGAME-25JUL22MILSEA-MIL,37,63,317,yes
1753236234034,1753236233,KXMLBGAME-25JUL22MILSEA-MIL,37,63,125,yes
1753236234750,1753236234,KXMLBGAME-25JUL22HOUARI-HOU,48,52,41,yes
1753236235551,1753236235,KXMLBGAME-25JUL22STLCOL-COL,91,9,109,yes
1753236235690,1753236235,KXMLBGAME-25JUL22STLCOL-COL,91,9,109,yes
1753236235833,1753236235,KXMLBGAME-25JUL22HOUARI-HOU,48,52,40,yes
1753236238210,1753236238,KXMLBGAME-25JUL22HOUARI-ARI,54,46,41,yes
1753236239691,1753236239,KXMLBGAME-25JUL22HOUARI-ARI,54,46,259,yes
1753236239691,1753236239,KXMLBGAME-25JUL22HOUARI-ARI,55,45,2000,yes
1753236239691,1753236239,KXMLBGAME-25JUL22HOUARI-ARI,55,45,200,yes
1753236239691,1753236239,KXMLBGAME-25JUL22HOUARI-ARI,55,45,300,yes
1753236239691,1753236239,KXMLBGAME-25JUL22HOUARI-ARI,56,44,200,yes
1753236239691,1753236239,KXMLBGAME-25JUL22HOUARI-ARI,56,44,300,yes
1753236239691,1753236239,KXMLBGAME-25JUL22HOUARI-ARI,56,44,600,yes
1753236239691,1753236239,KXMLBGAME-25JUL22HOUARI-ARI,56,44,1211,yes
1753236240369,1753236240,KXMLBGAME-25JUL22HOUARI-HOU,47,53,50,yes
1753236242390,1753236242,KXMLBGAME-25JUL22KCCHC-KC,2,98,400,yes
1753236246631,1753236246,KXMLBGAME-25JUL22HOUARI-HOU,47,53,512,yes
1753236247291,1753236247,KXMLBGAME-25JUL22KCCHC-CHC,99,1,5,yes
1753236248990,1753236248,KXMLBGAME-25JUL22STLCOL-STL,11,89,10,no
1753236249730,1753236249,KXMLBGAME-25JUL22HOUARI-HOU,47,53,38,yes
1753236249730,1753236249,KXMLBGAME-25JUL22HOUARI-HOU,47,53,400,yes
1753236249730,1753236249,KXMLBGAME-25JUL22HOUARI-HOU,48,52,324,yes
1753236249731,1753236249,KXMLBGAME-25JUL22HOUARI-HOU,48,52,500,yes
1753236249731,1753236249,KXMLBGAME-25JUL22HOUARI-HOU,48,52,200,yes
1753236249731,1753236249,KXMLBGAME-25JUL22HOUARI-HOU,48,52,300,yes
1753236249731,1753236249,KXMLBGAME-25JUL22HOUARI-HOU,48,52,256,yes
1753236250312,1753236250,KXMLBGAME-25JUL22MILSEA-MIL,38,62,73,yes
1753236250991,1753236250,KXMLBGAME-25JUL22STLCOL-COL,89,11,68,yes
1753236252273,1753236252,KXMLBGAME-25JUL22HOUARI-HOU,47,53,20,yes
1753236252375,1753236252,KXMLBGAME-25JUL22STLCOL-COL,88,12,17,yes
1753236252809,1753236252,KXMLBGAME-25JUL22MILSEA-MIL,38,62,5,yes
1753236252908,1753236252,KXMLBGAME-25JUL22NYYTOR-NYY,99,1,276,no
1753236254571,1753236254,KXMLBGAME-25JUL22MINLAD-LAD,65,35,976,yes
1753236254952,1753236254,KXMLBGAME-25JUL22HOUARI-HOU,47,53,20,yes
1753236255168,1753236255,KXMLBGAME-25JUL22HOUARI-HOU,47,53,30,yes
1753236255530,1753236255,KXMLBGAME-25JUL22STLCOL-COL,88,12,112,yes
1753236255630,1753236255,KXMLBGAME-25JUL22STLCOL-COL,88,12,112,yes
1753236255870,1753236255,KXMLBGAME-25JUL22KCCHC-KC,2,98,46,yes
1753236256651,1753236256,KXMLBGAME-25JUL22STLCOL-STL,12,88,34,no
1753236259448,1753236259,KXMLBGAME-25JUL22NYYTOR-NYY,99,1,1,no
1753236260209,1753236260,KXMLBGAME-25JUL22KCCHC-KC,2,98,1,yes
1753236264352,1753236264,KXMLBGAME-25JUL22NYYTOR-NYY,99,1,38,no
1753236269110,1753236269,KXMLBGAME-25JUL22HOUARI-HOU,47,53,30,yes
1753236269913,1753236269,KXMLBGAME-25JUL22MILSEA-SEA,65,35,30,yes
1753236270232,1753236270,KXMLBGAME-25JUL22MILSEA-MIL,38,62,5,yes
1753236270270,1753236270,KXMLBGAME-25JUL22MILSEA-MIL,38,62,174,yes
1753236271770,1753236271,KXMLBGAME-25JUL22STLCOL-COL,88,12,59,yes
1753236271770,1753236271,KXMLBGAME-25JUL22STLCOL-COL,89,11,8,yes
1753236272311,1753236272,KXMLBGAME-25JUL22MILSEA-SEA,64,36,15,yes
1753236273522,1753236273,KXMLBGAME-25JUL22STLCOL-COL,88,12,112,yes
1753236275211,1753236275,KXMLBGAME-25JUL22MILSEA-MIL,38,62,43,yes
1753236275211,1753236275,KXMLBGAME-25JUL22MILSEA-MIL,39,61,19,yes
1753236275839,1753236275,KXMLBGAME-25JUL22MILSEA-SEA,62,38,8,no
1753236275981,1753236275,KXMLBGAME-25JUL22NYYTOR-NYY,99,1,711,no
1753236276671,1753236276,KXMLBGAME-25JUL22MILSEA-SEA,64,36,678,yes
1753236277528,1753236277,KXMLBGAME-25JUL22MILSEA-SEA,64,36,24,yes
1753236280090,1753236280,KXMLBGAME-25JUL22HOUARI-ARI,54,46,300,yes
1753236280090,1753236280,KXMLBGAME-25JUL22HOUARI-ARI,54,46,146,yes
1753236281919,1753236281,KXMLBGAME-25JUL22HOUARI-HOU,47,53,10,yes
1753236282738,1753236282,KXMLBGAME-25JUL22NYYTOR-NYY,99,1,65,no
1753236282931,1753236282,KXMLBGAME-25JUL22KCCHC-KC,1,99,31,no
1753236284479,1753236284,KXMLBGAME-25JUL22KCCHC-KC,2,98,113,yes
1753236284479,1753236284,KXMLBGAME-25JUL22KCCHC-KC,2,98,300,yes
1753236284479,1753236284,KXMLBGAME-25JUL22KCCHC-KC,2,98,54,yes
1753236285349,1753236285,KXMLBGAME-25JUL22STLCOL-COL,93,7,48,yes
1753236286030,1753236285,KXMLBGAME-25JUL22MILSEA-MIL,38,62,38,yes
1753236287408,1753236287,KXMLBGAME-25JUL22NYYTOR-NYY,99,1,26,no
1753236288889,1753236288,KXMLBGAME-25JUL22MILSEA-MIL,38,62,25,yes
1753236288970,1753236288,KXMLBGAME-25JUL22HOUARI-HOU,48,52,44,yes
1753236288970,1753236288,KXMLBGAME-25JUL22HOUARI-HOU,48,52,36,yes
1753236289013,1753236288,KXMLBGAME-25JUL22STLCOL-COL,87,13,86,no
1753236289013,1753236288,KXMLBGAME-25JUL22STLCOL-COL,86,14,35,no
1753236290310,1753236290,KXMLBGAME-25JUL22STLCOL-COL,85,15,300,no
1753236290310,1753236290,KXMLBGAME-25JUL22STLCOL-COL,85,15,30,no
1753236290531,1753236290,KXMLBGAME-25JUL22STLCOL-COL,84,16,87,no
1753236290628,1753236290,KXMLBGAME-25JUL22STLCOL-STL,15,85,30,yes
1753236290628,1753236290,KXMLBGAME-25JUL22STLCOL-STL,16,84,87,yes
1753236291688,1753236291,KXMLBGAME-25JUL22NYYTOR-TOR,1,99,93,yes
1753236293359,1753236293,KXMLBGAME-25JUL22KCCHC-CHC,99,1,141,yes
1753236293359,1753236293,KXMLBGAME-25JUL22KCCHC-CHC,99,1,4,yes
1753236294009,1753236293,KXMLBGAME-25JUL22MILSEA-SEA,65,35,10,yes
1753236295229,1753236295,KXMLBGAME-25JUL22MINLAD-LAD,65,35,7,yes
1753236295250,1753236295,KXMLBGAME-25JUL22MILSEA-MIL,38,62,25,yes
1753236295429,1753236295,KXMLBGAME-25JUL22HOUARI-HOU,48,52,100,yes
1753236295510,1753236295,KXMLBGAME-25JUL22STLCOL-COL,82,18,10,yes
1753236295949,1753236295,KXMLBGAME-25JUL22STLCOL-COL,82,18,45,yes
1753236296767,1753236296,KXMLBGAME-25JUL22MILSEA-SEA,65,35,12,yes
1753236296767,1753236296,KXMLBGAME-25JUL22MILSEA-SEA,65,35,10,yes
1753236296767,1753236296,KXMLBGAME-25JUL22MILSEA-SEA,65,35,20,yes
1753236298071,1753236298,KXMLBGAME-25JUL22STLCOL-COL,82,18,36,yes
1753236300473,1753236300,KXMLBGAME-25JUL22MINLAD-LAD,65,35,45,yes
1753236301984,1753236301,KXMLBGAME-25JUL22NYYTOR-TOR,1,99,1000,yes
1753236302809,1753236302,KXMLBGAME-25JUL22MILSEA-MIL,38,62,13,yes
1753236304510,1753236304,KXMLBGAME-25JUL22NYYTOR-NYY,99,1,144,no
1753236307457,1753236307,KXMLBGAME-25JUL22STLCOL-COL,82,18,509,yes
1753236307457,1753236307,KXMLBGAME-25JUL22STLCOL-COL,82,18,93,yes
1753236307650,1753236307,KXMLBGAME-25JUL22HOUARI-ARI,54,46,1,yes
1753236307670,1753236307,KXMLBGAME-25JUL22HOUARI-HOU,48,52,20,yes
1753236308050,1753236308,KXMLBGAME-25JUL22ATHTEX-TEX,96,4,17,no
1753236312025,1753236311,KXMLBGAME-25JUL22MINLAD-MIN,36,64,417,yes
1753236315631,1753236315,KXMLBGAME-25JUL22MILSEA-MIL,39,61,60,yes
1753236316712,1753236316,KXMLBGAME-25JUL22MILSEA-MIL,39,61,9,yes
1753236317452,1753236317,KXMLBGAME-25JUL22MILSEA-MIL,37,63,102,no
1753236317569,1753236317,KXMLBGAME-25JUL22NYYTOR-NYY,99,1,28,no
1753236319630,1753236319,KXMLBGAME-25JUL22STLCOL-COL,82,18,120,yes
1753236320518,1753236320,KXMLBGAME-25JUL22MILSEA-SEA,63,37,7,yes
1753236320890,1753236320,KXMLBGAME-25JUL22KCCHC-CHC,99,1,92,no
1753236322531,1753236322,KXMLBGAME-25JUL22KCCHC-CHC,99,1,8,no
1753236323889,1753236323,KXMLBGAME-25JUL22KCCHC-KC,2,98,140,yes
1753236324391,1753236324,KXMLBGAME-25JUL22KCCHC-KC,2,98,70,yes
1753236324589,1753236324,KXMLBGAME-25JUL22KCCHC-KC,2,98,109,yes
1753236324589,1753236324,KXMLBGAME-25JUL22KCCHC-KC,2,98,165,yes
1753236325210,1753236325,KXMLBGAME-25JUL22MILSEA-SEA,63,37,15,yes
1753236325370,1753236325,KXMLBGAME-25JUL22MILSEA-SEA,63,37,16,yes
1753236325588,1753236325,KXMLBGAME-25JUL22STLCOL-STL,19,81,4333,yes
1753236325588,1753236325,KXMLBGAME-25JUL22STLCOL-STL,19,81,473,yes
1753236325630,1753236325,KXMLBGAME-25JUL22STLCOL-COL,82,18,287,yes
1753236325630,1753236325,KXMLBGAME-25JUL22STLCOL-COL,82,18,300,yes
1753236325630,1753236325,KXMLBGAME-25JUL22STLCOL-COL,83,17,610,yes
1753236329029,1753236328,KXMLBGAME-25JUL22MILSEA-SEA,64,36,152,yes
1753236330369,1753236330,KXMLBGAME-25JUL22STLCOL-COL,82,18,24,yes
1753236331108,1753236331,KXMLBGAME-25JUL22NYYTOR-NYY,99,1,8,no
1753236335065,1753236334,KXMLBGAME-25JUL22HOUARI-HOU,47,53,31,yes
1753236335113,1753236335,KXMLBGAME-25JUL22STLCOL-COL,82,18,6,yes
1753236336491,1753236336,KXMLBGAME-25JUL22KCCHC-KC,2,98,88,yes
1753236337072,1753236337,KXMLBGAME-25JUL22HOUARI-HOU,47,53,60,yes
1753236337072,1753236337,KXMLBGAME-25JUL22HOUARI-HOU,47,53,145,yes
1753236338070,1753236338,KXMLBGAME-25JUL22MILSEA-MIL,39,61,69,yes
1753236339090,1753236338,KXMLBGAME-25JUL22STLCOL-STL,19,81,121,yes
1753236339090,1753236338,KXMLBGAME-25JUL22STLCOL-STL,20,80,26,yes
1753236339312,1753236339,KXMLBGAME-25JUL22STLCOL-COL,82,18,120,yes
1753236339451,1753236339,KXMLBGAME-25JUL22STLCOL-COL,82,18,102,yes
1753236341213,1753236341,KXMLBGAME-25JUL22STLCOL-COL,82,18,48,yes
1753236341213,1753236341,KXMLBGAME-25JUL22STLCOL-COL,83,17,140,yes
1753236341213,1753236341,KXMLBGAME-25JUL22STLCOL-COL,83,17,169,yes
1753236341351,1753236341,KXMLBGAME-25JUL22STLCOL-COL,83,17,331,yes
1753236341351,1753236341,KXMLBGAME-25JUL22STLCOL-COL,83,17,26,yes
1753236341630,1753236341,KXMLBGAME-25JUL22STLCOL-STL,20,80,1875,yes
1753236342032,1753236341,KXMLBGAME-25JUL22MINLAD-LAD,65,35,73,yes
1753236342815,1753236342,KXMLBGAME-25JUL22NYYTOR-NYY,99,1,432,no
1753236343051,1753236343,KXMLBGAME-25JUL22STLCOL-COL,82,18,5,yes
1753236343309,1753236343,KXMLBGAME-25JUL22MILSEA-SEA,64,36,15,yes
1753236345290,1753236345,KXMLBGAME-25JUL22MILSEA-MIL,39,61,2,yes
1753236345790,1753236345,KXMLBGAME-25JUL22MILSEA-MIL,39,61,229,yes
1753236345790,1753236345,KXMLBGAME-25JUL22MILSEA-MIL,40,60,50,yes
1753236345989,1753236345,KXMLBGAME-25JUL22MILSEA-MIL,39,61,19,yes
1753236346932,1753236346,KXMLBGAME-25JUL22HOUARI-HOU,48,52,50,yes
1753236348170,1753236348,KXMLBGAME-25JUL22HOUARI-ARI,54,46,8,yes
1753236349569,1753236349,KXMLBGAME-25JUL22STLCOL-COL,82,18,182,yes
1753236349649,1753236349,KXMLBGAME-25JUL22KCCHC-KC,2,98,273,yes
1753236349649,1753236349,KXMLBGAME-25JUL22KCCHC-KC,2,98,7,yes
1753236351093,1753236350,KXMLBGAME-25JUL22NYYTOR-NYY,99,1,134,no
1753236351961,1753236351,KXMLBGAME-25JUL22MILSEA-MIL,39,61,14,yes
1753236352110,1753236352,KXMLBGAME-25JUL22STLCOL-COL,82,18,113,yes
1753236352110,1753236352,KXMLBGAME-25JUL22STLCOL-COL,83,17,7,yes
1753236352591,1753236352,KXMLBGAME-25JUL22MILSEA-MIL,39,61,12,yes
1753236356530,1753236356,KXMLBGAME-25JUL22MILSEA-MIL,39,61,12,yes
1753236358093,1753236358,KXMLBGAME-25JUL22HOUARI-HOU,48,52,94,yes
1753236358093,1753236358,KXMLBGAME-25JUL22HOUARI-HOU,48,52,153,yes
1753236362714,1753236362,KXMLBGAME-25JUL22MILSEA-MIL,39,61,243,yes
1753236362714,1753236362,KXMLBGAME-25JUL22MILSEA-MIL,40,60,2,yes
1753236362770,1753236362,KXMLBGAME-25JUL22STLCOL-COL,82,18,5,yes
1753236362951,1753236362,KXMLBGAME-25JUL22STLCOL-COL,82,18,295,yes
1753236362951,1753236362,KXMLBGAME-25JUL22STLCOL-COL,82,18,500,yes
1753236362951,1753236362,KXMLBGAME-25JUL22STLCOL-COL,83,17,369,yes
1753236364291,1753236364,KXMLBGAME-25JUL22ATHTEX-TEX,96,4,96,no
1753236364659,1753236364,KXMLBGAME-25JUL22STLCOL-COL,82,18,300,yes
1753236364659,1753236364,KXMLBGAME-25JUL22STLCOL-COL,83,17,198,yes
1753236364659,1753236364,KXMLBGAME-25JUL22STLCOL-COL,83,17,15,yes
1753236366049,1753236365,KXMLBGAME-25JUL22MILSEA-SEA,64,36,609,yes
1753236367410,1753236367,KXMLBGAME-25JUL22MILSEA-MIL,39,61,61,yes
1753236368070,1753236367,KXMLBGAME-25JUL22STLCOL-COL,82,18,300,yes
1753236368070,1753236367,KXMLBGAME-25JUL22STLCOL-COL,83,17,700,yes
1753236370052,1753236369,KXMLBGAME-25JUL22STLCOL-COL,83,17,59,yes
1753236370052,1753236370,KXMLBGAME-25JUL22MILSEA-MIL,39,61,12,yes
1753236370971,1753236370,KXMLBGAME-25JUL22KCCHC-KC,2,98,467,yes
1753236371231,1753236371,KXMLBGAME-25JUL22NYYTOR-NYY,99,1,6,no
1753236371749,1753236371,KXMLBGAME-25JUL22MILSEA-MIL,39,61,12,yes
1753236372394,1753236372,KXMLBGAME-25JUL22MILSEA-MIL,39,61,122,yes
1753236372950,1753236372,KXMLBGAME-25JUL22MILSEA-MIL,39,61,33,yes
1753236373671,1753236373,KXMLBGAME-25JUL22STLCOL-COL,82,18,6,yes
1753236374052,1753236373,KXMLBGAME-25JUL22STLCOL-COL,82,18,93,yes
1753236374090,1753236374,KXMLBGAME-25JUL22HOUARI-HOU,47,53,205,yes
1753236375130,1753236375,KXMLBGAME-25JUL22STLCOL-STL,20,80,14,yes
1753236375888,1753236375,KXMLBGAME-25JUL22MILSEA-MIL,39,61,35,yes
1753236376049,1753236376,KXMLBGAME-25JUL22STLCOL-COL,82,18,2,yes
1753236376411,1753236376,KXMLBGAME-25JUL22STLCOL-COL,82,18,199,yes
1753236376411,1753236376,KXMLBGAME-25JUL22STLCOL-COL,83,17,279,yes
1753236377460,1753236377,KXMLBGAME-25JUL22MILSEA-SEA,64,36,7,yes
1753236377769,1753236377,KXMLBGAME-25JUL22MINLAD-LAD,65,35,46,yes
1753236377969,1753236377,KXMLBGAME-25JUL22MINLAD-LAD,65,35,7,yes
1753236378313,1753236378,KXMLBGAME-25JUL22STLCOL-COL,83,17,17,yes
1753236379231,1753236379,KXMLBGAME-25JUL22MILSEA-SEA,64,36,19,yes
1753236379530,1753236379,KXMLBGAME-25JUL22STLCOL-STL,20,80,47,yes
1753236380289,1753236380,KXMLBGAME-25JUL22MINLAD-MIN,36,64,21,yes
1753236380700,1753236380,KXMLBGAME-25JUL22HOUARI-HOU,47,53,95,yes
1753236380707,1753236380,KXMLBGAME-25JUL22HOUARI-HOU,48,52,309,yes
1753236381211,1753236381,KXMLBGAME-25JUL22STLCOL-COL,83,17,297,yes
1753236382971,1753236382,KXMLBGAME-25JUL22MILSEA-MIL,38,62,300,yes
1753236382971,1753236382,KXMLBGAME-25JUL22MILSEA-MIL,39,61,27,yes
1753236383410,1753236383,KXMLBGAME-25JUL22MILSEA-MIL,38,62,126,yes
1753236384053,1753236383,KXMLBGAME-25JUL22STLCOL-COL,83,17,2,yes
1753236385273,1753236385,KXMLBGAME-25JUL22STLCOL-COL,83,17,59,yes
1753236385752,1753236385,KXMLBGAME-25JUL22STLCOL-COL,83,17,1,yes
1753236386169,1753236386,KXMLBGAME-25JUL22MILSEA-MIL,38,62,7,yes
1753236386911,1753236386,KXMLBGAME-25JUL22MILSEA-MIL,38,62,49,yes
1753236388351,1753236388,KXMLBGAME-25JUL22HOUARI-HOU,47,53,51,yes
1753236388611,1753236388,KXMLBGAME-25JUL22MILSEA-MIL,38,62,25,yes
1753236390581,1753236390,KXMLBGAME-25JUL22MINLAD-LAD,65,35,21,yes
1753236390830,1753236390,KXMLBGAME-25JUL22MINLAD-LAD,64,36,5,no
1753236391012,1753236390,KXMLBGAME-25JUL22MILSEA-MIL,38,62,219,yes
1753236391012,1753236390,KXMLBGAME-25JUL22MILSEA-MIL,39,61,32,yes
1753236394833,1753236394,KXMLBGAME-25JUL22MILSEA-MIL,39,61,24,yes
1753236395210,1753236395,KXMLBGAME-25JUL22MINLAD-LAD,65,35,225,yes
1753236399131,1753236399,KXMLBGAME-25JUL22STLCOL-COL,83,17,89,yes
1753236400283,1753236400,KXMLBGAME-25JUL22MILSEA-MIL,39,61,52,yes
1753236401523,1753236401,KXMLBGAME-25JUL22KCCHC-KC,1,99,150,no
1753236404129,1753236404,KXMLBGAME-25JUL22HOUARI-HOU,47,53,20,yes
1753236405179,1753236405,KXMLBGAME-25JUL22HOUARI-HOU,47,53,10,yes
1753236407492,1753236407,KXMLBGAME-25JUL22MILSEA-MIL,39,61,224,yes
1753236407492,1753236407,KXMLBGAME-25JUL22MILSEA-MIL,40,60,441,yes
1753236409510,1753236409,KXMLBGAME-25JUL22STLCOL-STL,19,81,49,yes
1753236410570,1753236410,KXMLBGAME-25JUL22MILSEA-MIL,39,61,14,yes
1753236410975,1753236410,KXMLBGAME-25JUL22HOUARI-HOU,47,53,92,yes
1753236411510,1753236411,KXMLBGAME-25JUL22HOUARI-ARI,55,45,10,yes
1753236412229,1753236412,KXMLBGAME-25JUL22NYYTOR-NYY,99,1,22,no
1753236412589,1753236412,KXMLBGAME-25JUL22NYYTOR-NYY,99,1,258,no
1753236412769,1753236412,KXMLBGAME-25JUL22HOUARI-HOU,47,53,18,yes
1753236415690,1753236415,KXMLBGAME-25JUL22HOUARI-HOU,47,53,190,yes
1753236415690,1753236415,KXMLBGAME-25JUL22HOUARI-HOU,48,52,316,yes
1753236415770,1753236415,KXMLBGAME-25JUL22STLCOL-COL,83,17,503,yes
1753236417251,1753236417,KXMLBGAME-25JUL22MILSEA-MIL,39,61,24,yes
1753236419340,1753236419,KXMLBGAME-25JUL22ATHTEX-ATH,3,97,10,yes
1753236419340,1753236419,KXMLBGAME-25JUL22ATHTEX-ATH,3,97,300,yes
1753236421872,1753236421,KXMLBGAME-25JUL22HOUARI-HOU,47,53,16,yes
1753236422269,1753236422,KXMLBGAME-25JUL22MILSEA-SEA,64,36,152,yes
1753236422270,1753236422,KXMLBGAME-25JUL22MILSEA-SEA,61,39,300,no
1753236423068,1753236422,KXMLBGAME-25JUL22MILSEA-MIL,40,60,500,yes
1753236424248,1753236424,KXMLBGAME-25JUL22KCCHC-KC,2,98,233,yes
1753236425869,1753236425,KXMLBGAME-25JUL22MILSEA-SEA,60,40,600,no
1753236425869,1753236425,KXMLBGAME-25JUL22MILSEA-SEA,60,40,2000,no
1753236427749,1753236427,KXMLBGAME-25JUL22HOUARI-ARI,53,47,300,no
1753236429132,1753236429,KXMLBGAME-25JUL22STLCOL-COL,93,7,200,yes
1753236429132,1753236429,KXMLBGAME-25JUL22STLCOL-COL,94,6,200,yes
1753236429132,1753236429,KXMLBGAME-25JUL22STLCOL-COL,95,5,74,yes
1753236433689,1753236433,KXMLBGAME-25JUL22MILSEA-MIL,42,58,228,yes
1753236436889,1753236436,KXMLBGAME-25JUL22MILSEA-SEA,61,39,31,yes
1753236437011,1753236436,KXMLBGAME-25JUL22MILSEA-MIL,42,58,37,yes
1753236437773,1753236437,KXMLBGAME-25JUL22HOUARI-HOU,49,51,49,yes
1753236440012,1753236439,KXMLBGAME-25JUL22KCCHC-KC,1,99,39,no
1753236441766,1753236441,KXMLBGAME-25JUL22NYYTOR-NYY,99,1,9,no
1753236442451,1753236442,KXMLBGAME-25JUL22STLCOL-COL,87,13,113,yes
1753236442810,1753236442,KXMLBGAME-25JUL22NYYTOR-NYY,99,1,2,no
1753236443770,1753236443,KXMLBGAME-25JUL22STLCOL-STL,14,86,74,yes
1753236445532,1753236445,KXMLBGAME-25JUL22STLCOL-STL,14,86,168,yes
1753236446130,1753236446,KXMLBGAME-25JUL22MILSEA-MIL,42,58,11,yes
1753236446391,1753236446,KXMLBGAME-25JUL22HOUARI-HOU,49,51,19,yes
1753236447650,1753236447,KXMLBGAME-25JUL22MILSEA-MIL,42,58,80,yes
1753236447814,1753236447,KXMLBGAME-25JUL22MILSEA-MIL,42,58,80,yes
1753236451811,1753236451,KXMLBGAME-25JUL22HOUARI-HOU,49,51,67,yes
1753236453076,1753236453,KXMLBGAME-25JUL22HOUARI-HOU,49,51,19,yes
1753236459130,1753236459,KXMLBGAME-25JUL22HOUARI-HOU,49,51,39,yes
1753236460611,1753236460,KXMLBGAME-25JUL22STLCOL-STL,14,86,158,yes
1753236460611,1753236460,KXMLBGAME-25JUL22STLCOL-STL,15,85,167,yes
1753236461749,1753236461,KXMLBGAME-25JUL22STLCOL-COL,87,13,5,yes
1753236461770,1753236461,KXMLBGAME-25JUL22HOUARI-HOU,49,51,175,yes
1753236461771,1753236461,KXMLBGAME-25JUL22HOUARI-HOU,50,50,129,yes
1753236462034,1753236461,KXMLBGAME-25JUL22STLCOL-STL,15,85,31,yes
1753236462909,1753236462,KXMLBGAME-25JUL22MINLAD-MIN,36,64,200,yes
1753236462990,1753236462,KXMLBGAME-25JUL22MILSEA-SEA,60,40,162,yes
1753236464192,1753236464,KXMLBGAME-25JUL22MILSEA-MIL,42,58,40,yes
1753236464650,1753236464,KXMLBGAME-25JUL22HOUARI-ARI,52,48,9,yes
1753236465010,1753236464,KXMLBGAME-25JUL22KCCHC-KC,1,99,4,no
1753236465871,1753236465,KXMLBGAME-25JUL22HOUARI-ARI,52,48,37,yes
1753236466849,1753236466,KXMLBGAME-25JUL22MILSEA-SEA,58,42,300,no
1753236466849,1753236466,KXMLBGAME-25JUL22MILSEA-SEA,57,43,142,no
1753236467674,1753236467,KXMLBGAME-25JUL22MILSEA-MIL,42,58,50,yes
1753236468796,1753236468,KXMLBGAME-25JUL22MILSEA-MIL,42,58,228,yes
1753236469869,1753236469,KXMLBGAME-25JUL22STLCOL-STL,13,87,5,no
1753236470910,1753236470,KXMLBGAME-25JUL22MILSEA-MIL,42,58,34,yes
1753236474171,1753236474,KXMLBGAME-25JUL22MILSEA-MIL,42,58,34,yes
1753236476770,1753236476,KXMLBGAME-25JUL22STLCOL-COL,87,13,1,yes
1753236476970,1753236476,KXMLBGAME-25JUL22STLCOL-COL,87,13,227,yes
1753236477709,1753236477,KXMLBGAME-25JUL22MINLAD-LAD,65,35,1,yes
1753236478431,1753236478,KXMLBGAME-25JUL22MILSEA-MIL,42,58,11,yes
1753236479256,1753236479,KXMLBGAME-25JUL22HOUARI-HOU,49,51,300,yes
1753236479256,1753236479,KXMLBGAME-25JUL22HOUARI-HOU,50,50,500,yes
1753236479256,1753236479,KXMLBGAME-25JUL22HOUARI-HOU,50,50,171,yes
1753236479370,1753236479,KXMLBGAME-25JUL22STLCOL-STL,13,87,2,no
1753236482070,1753236482,KXMLBGAME-25JUL22STLCOL-STL,15,85,100,yes
1753236482310,1753236482,KXMLBGAME-25JUL22STLCOL-COL,87,13,1472,yes
1753236482969,1753236482,KXMLBGAME-25JUL22STLCOL-COL,87,13,11,yes
1753236483028,1753236482,KXMLBGAME-25JUL22STLCOL-COL,87,13,53,yes
1753236485192,1753236485,KXMLBGAME-25JUL22KCCHC-KC,2,98,233,yes
1753236487249,1753236487,KXMLBGAME-25JUL22MILSEA-MIL,42,58,11,yes
1753236487490,1753236487,KXMLBGAME-25JUL22HOUARI-ARI,52,48,21,yes
1753236489532,1753236489,KXMLBGAME-25JUL22MILSEA-SEA,59,41,16,yes
1753236492690,1753236492,KXMLBGAME-25JUL22STLCOL-STL,15,85,2,yes
1753236492690,1753236492,KXMLBGAME-25JUL22STLCOL-STL,15,85,500,yes
1753236492690,1753236492,KXMLBGAME-25JUL22STLCOL-STL,15,85,3,yes
1753236492690,1753236492,KXMLBGAME-25JUL22STLCOL-STL,16,84,4333,yes
1753236492690,1753236492,KXMLBGAME-25JUL22STLCOL-STL,16,84,4333,yes
1753236492690,1753236492,KXMLBGAME-25JUL22STLCOL-STL,16,84,600,yes
1753236492690,1753236492,KXMLBGAME-25JUL22STLCOL-STL,16,84,1180,yes
1753236493070,1753236493,KXMLBGAME-25JUL22MINLAD-LAD,65,35,17,yes
1753236498889,1753236498,KXMLBGAME-25JUL22MILSEA-MIL,42,58,30,yes
1753236500768,1753236500,KXMLBGAME-25JUL22MILSEA-MIL,42,58,62,yes
1753236500768,1753236500,KXMLBGAME-25JUL22MILSEA-MIL,42,58,300,yes
1753236500768,1753236500,KXMLBGAME-25JUL22MILSEA-MIL,43,57,300,yes
1753236504942,1753236504,KXMLBGAME-25JUL22ATHTEX-TEX,99,1,100,no
1753236504942,1753236504,KXMLBGAME-25JUL22ATHTEX-ATH,2,98,100,no
1753236506951,1753236506,KXMLBGAME-25JUL22KCCHC-KC,1,99,709,no
1753236506951,1753236506,KXMLBGAME-25JUL22KCCHC-KC,1,99,1,no
1753236506951,1753236506,KXMLBGAME-25JUL22KCCHC-KC,1,99,1,no
1753236506951,1753236506,KXMLBGAME-25JUL22KCCHC-KC,1,99,3,no
1753236511190,1753236511,KXMLBGAME-25JUL22MILSEA-MIL,45,55,7,yes
1753236515189,1753236515,KXMLBGAME-25JUL22STLCOL-COL,86,14,50,yes
1753236515309,1753236515,KXMLBGAME-25JUL22MINLAD-LAD,64,36,82,no
1753236515309,1753236515,KXMLBGAME-25JUL22MINLAD-LAD,64,36,1265,no
1753236516826,1753236516,KXMLBGAME-25JUL22MILSEA-MIL,45,55,2,yes
1753236518770,1753236518,KXMLBGAME-25JUL22ATHTEX-TEX,99,1,100,no
1753236518770,1753236518,KXMLBGAME-25JUL22ATHTEX-ATH,2,98,100,no
1753236518891,1753236518,KXMLBGAME-25JUL22ATHTEX-TEX,99,1,91,no
1753236520474,1753236520,KXMLBGAME-25JUL22HOUARI-HOU,46,54,1,yes
1753236523312,1753236523,KXMLBGAME-25JUL22MILSEA-MIL,45,55,117,yes
1753236523711,1753236523,KXMLBGAME-25JUL22STLCOL-COL,86,14,57,yes
1753236524973,1753236524,KXMLBGAME-25JUL22MINLAD-LAD,64,36,325,yes
1753236525150,1753236525,KXMLBGAME-25JUL22MINLAD-LAD,64,36,22,yes
1753236532145,1753236532,KXMLBGAME-25JUL22ATHTEX-ATH,2,98,100,no
1753236532145,1753236532,KXMLBGAME-25JUL22ATHTEX-TEX,99,1,100,no
1753236541134,1753236541,KXMLBGAME-25JUL22MILSEA-MIL,46,54,300,yes
1753236541134,1753236541,KXMLBGAME-25JUL22MILSEA-MIL,46,54,14,yes
1753236542631,1753236542,KXMLBGAME-25JUL22STLCOL-COL,86,14,115,yes
1753236542631,1753236542,KXMLBGAME-25JUL22HOUARI-HOU,46,54,209,yes
1753236544931,1753236544,KXMLBGAME-25JUL22ATHTEX-ATH,2,98,100,no
1753236544998,1753236544,KXMLBGAME-25JUL22ATHTEX-TEX,99,1,100,no
1753236551739,1753236551,KXMLBGAME-25JUL22MINLAD-LAD,64,36,39,yes
1753236552230,1753236552,KXMLBGAME-25JUL22MINLAD-MIN,37,63,12,yes
1753236552730,1753236552,KXMLBGAME-25JUL22STLCOL-COL,86,14,1,yes
1753236553970,1753236553,KXMLBGAME-25JUL22MINLAD-MIN,37,63,12,yes
1753236555049,1753236555,KXMLBGAME-25JUL22MILSEA-MIL,46,54,11,yes
1753236557990,1753236557,KXMLBGAME-25JUL22KCCHC-KC,2,98,60,yes
1753236557990,1753236557,KXMLBGAME-25JUL22KCCHC-KC,2,98,3,yes
1753236557990,1753236557,KXMLBGAME-25JUL22KCCHC-KC,2,98,170,yes
1753236558010,1753236557,KXMLBGAME-25JUL22MILSEA-MIL,46,54,167,yes
1753236558010,1753236557,KXMLBGAME-25JUL22ATHTEX-TEX,99,1,100,no
1753236558011,1753236557,KXMLBGAME-25JUL22ATHTEX-ATH,2,98,100,no
1753236559311,1753236559,KXMLBGAME-25JUL22STLCOL-STL,15,85,31,yes
1753236560629,1753236560,KXMLBGAME-25JUL22HOUARI-HOU,46,54,91,yes
1753236560629,1753236560,KXMLBGAME-25JUL22HOUARI-HOU,46,54,66,yes
1753236566309,1753236566,KXMLBGAME-25JUL22STLCOL-COL,86,14,37,yes
1753236567149,1753236567,KXMLBGAME-25JUL22MILSEA-MIL,46,54,122,yes
1753236567149,1753236567,KXMLBGAME-25JUL22MILSEA-MIL,46,54,600,yes
1753236567149,1753236567,KXMLBGAME-25JUL22MILSEA-MIL,47,53,200,yes
1753236567149,1753236567,KXMLBGAME-25JUL22MILSEA-MIL,47,53,750,yes
1753236567149,1753236567,KXMLBGAME-25JUL22MILSEA-MIL,48,52,200,yes
1753236567149,1753236567,KXMLBGAME-25JUL22MILSEA-MIL,48,52,300,yes
1753236567149,1753236567,KXMLBGAME-25JUL22MILSEA-MIL,48,52,600,yes
1753236567149,1753236567,KXMLBGAME-25JUL22MILSEA-MIL,48,52,2983,yes
1753236570889,1753236570,KXMLBGAME-25JUL22ATHTEX-TEX,99,1,100,no
1753236570890,1753236570,KXMLBGAME-25JUL22ATHTEX-ATH,2,98,100,no
1753236571048,1753236571,KXMLBGAME-25JUL22MINLAD-LAD,64,36,110,yes
1753236572327,1753236572,KXMLBGAME-25JUL22ATHTEX-ATH,1,99,200,no
1753236573031,1753236572,KXMLBGAME-25JUL22HOUARI-HOU,46,54,213,yes
1753236575332,1753236575,KXMLBGAME-25JUL22HOUARI-HOU,46,54,221,yes
1753236575332,1753236575,KXMLBGAME-25JUL22HOUARI-HOU,46,54,69,yes
1753236575430,1753236575,KXMLBGAME-25JUL22MILSEA-MIL,47,53,205,yes
1753236577170,1753236577,KXMLBGAME-25JUL22MILSEA-MIL,46,54,19,yes
1753236579130,1753236579,KXMLBGAME-25JUL22MILSEA-MIL,46,54,209,yes
1753236580350,1753236580,KXMLBGAME-25JUL22STLCOL-COL,86,14,100,yes
1753236581749,1753236581,KXMLBGAME-25JUL22HOUARI-ARI,56,44,100,yes
1753236584849,1753236584,KXMLBGAME-25JUL22MINLAD-LAD,64,36,326,yes
1753236586151,1753236586,KXMLBGAME-25JUL22HOUARI-HOU,46,54,16,yes
1753236587175,1753236586,KXMLBGAME-25JUL22STLCOL-COL,86,14,35,yes
1753236587687,1753236587,KXMLBGAME-25JUL22ATHTEX-TEX,99,1,27,no
1753236587711,1753236587,KXMLBGAME-25JUL22MINLAD-LAD,64,36,146,yes
1753236589011,1753236588,KXMLBGAME-25JUL22MILSEA-SEA,55,45,103,yes
1753236589390,1753236589,KXMLBGAME-25JUL22STLCOL-STL,14,86,79,no
1753236591886,1753236591,KXMLBGAME-25JUL22MILSEA-SEA,55,45,88,yes
1753236593050,1753236593,KXMLBGAME-25JUL22MINLAD-LAD,64,36,19,yes
1753236593991,1753236593,KXMLBGAME-25JUL22KCCHC-KC,2,98,23,yes
1753236595672,1753236595,KXMLBGAME-25JUL22STLCOL-COL,86,14,201,yes
1753236598229,1753236598,KXMLBGAME-25JUL22MILSEA-MIL,47,53,300,yes
1753236598229,1753236598,KXMLBGAME-25JUL22MILSEA-MIL,48,52,711,yes
1753236598869,1753236598,KXMLBGAME-25JUL22MINLAD-LAD,64,36,324,yes
1753236602228,1753236602,KXMLBGAME-25JUL22HOUARI-ARI,57,43,51,yes
1753236603250,1753236603,KXMLBGAME-25JUL22HOUARI-HOU,46,54,20,yes
1753236603990,1753236603,KXMLBGAME-25JUL22MILSEA-MIL,46,54,6,yes
1753236604789,1753236604,KXMLBGAME-25JUL22STLCOL-STL,13,87,31,no
1753236605230,1753236605,KXMLBGAME-25JUL22HOUARI-HOU,46,54,20,yes
1753236607030,1753236606,KXMLBGAME-25JUL22STLCOL-COL,87,13,29,yes
1753236609751,1753236609,KXMLBGAME-25JUL22MILSEA-MIL,46,54,2,yes
1753236629223,1753236629,KXMLBGAME-25JUL22HOUARI-ARI,64,36,3,yes
1753236629272,1753236629,KXMLBGAME-25JUL22HOUARI-HOU,45,55,3,no
1753236630529,1753236630,KXMLBGAME-25JUL22STLCOL-STL,13,87,3,no
1753236630830,1753236630,KXMLBGAME-25JUL22MINLAD-LAD,64,36,22,yes
1753236632110,1753236632,KXMLBGAME-25JUL22MILSEA-SEA,55,45,8,yes
1753236632570,1753236632,KXMLBGAME-25JUL22STLCOL-STL,10,90,128,yes
1753236635690,1753236635,KXMLBGAME-25JUL22STLCOL-COL,91,9,16,yes
1753236637271,1753236637,KXMLBGAME-25JUL22HOUARI-HOU,50,50,50,yes
1753236640608,1753236640,KXMLBGAME-25JUL22STLCOL-COL,91,9,3525,yes
1753236641650,1753236641,KXMLBGAME-25JUL22MINLAD-LAD,64,36,38,yes
1753236642189,1753236642,KXMLBGAME-25JUL22MILSEA-SEA,55,45,201,yes
1753236642189,1753236642,KXMLBGAME-25JUL22MILSEA-SEA,55,45,63,yes
1753236644410,1753236644,KXMLBGAME-25JUL22STLCOL-COL,91,9,129,yes
1753236644551,1753236644,KXMLBGAME-25JUL22STLCOL-COL,91,9,663,yes
1753236644551,1753236644,KXMLBGAME-25JUL22STLCOL-COL,91,9,2613,yes
1753236644749,1753236644,KXMLBGAME-25JUL22MINLAD-LAD,64,36,50,yes
1753236648789,1753236648,KXMLBGAME-25JUL22KCCHC-CHC,99,1,55,no
1753236648951,1753236648,KXMLBGAME-25JUL22MILSEA-MIL,45,55,31,yes
1753236653011,1753236652,KXMLBGAME-25JUL22MINLAD-LAD,64,36,307,yes
1753236653251,1753236653,KXMLBGAME-25JUL22STLCOL-STL,8,92,39,no
1753236656193,1753236656,KXMLBGAME-25JUL22MILSEA-MIL,45,55,42,yes
1753236659830,1753236659,KXMLBGAME-25JUL22STLCOL-STL,10,90,188,yes
1753236660816,1753236660,KXMLBGAME-25JUL22MILSEA-SEA,54,46,11,no
1753236660816,1753236660,KXMLBGAME-25JUL22MILSEA-SEA,54,46,300,no
1753236660816,1753236660,KXMLBGAME-25JUL22MILSEA-SEA,53,47,4689,no
1753236663465,1753236663,KXMLBGAME-25JUL22STLCOL-COL,92,8,101,yes
1753236664711,1753236664,KXMLBGAME-25JUL22MILSEA-SEA,54,46,300,no
1753236666169,1753236665,KXMLBGAME-25JUL22STLCOL-COL,92,8,109,yes
1753236667790,1753236667,KXMLBGAME-25JUL22ATHTEX-TEX,99,1,28,no
1753236670111,1753236669,KXMLBGAME-25JUL22MILSEA-MIL,48,52,20,yes
1753236670249,1753236670,KXMLBGAME-25JUL22HOUARI-HOU,52,48,50,yes
1753236674790,1753236674,KXMLBGAME-25JUL22MINLAD-MIN,36,64,5,yes
1753236675010,1753236674,KXMLBGAME-25JUL22MINLAD-LAD,64,36,38,yes
1753236675071,1753236675,KXMLBGAME-25JUL22MINLAD-LAD,64,36,152,yes
1753236677790,1753236677,KXMLBGAME-25JUL22MINLAD-MIN,36,64,50,yes
1753236677790,1753236677,KXMLBGAME-25JUL22MINLAD-MIN,36,64,3,yes
1753236677914,1753236677,KXMLBGAME-25JUL22STLCOL-COL,92,8,1,yes
1753236680397,1753236680,KXMLBGAME-25JUL22KCCHC-CHC,99,1,230,no
1753236682492,1753236682,KXMLBGAME-25JUL22MILSEA-MIL,49,51,49,yes
1753236689932,1753236689,KXMLBGAME-25JUL22STLCOL-COL,93,7,62,yes
1753236690648,1753236690,KXMLBGAME-25JUL22HOUARI-ARI,49,51,50,no
1753236691031,1753236690,KXMLBGAME-25JUL22MILSEA-SEA,54,46,136,yes
1753236691170,1753236691,KXMLBGAME-25JUL22MINLAD-LAD,64,36,37,yes
1753236692389,1753236692,KXMLBGAME-25JUL22HOUARI-HOU,54,46,44,yes
1753236692570,1753236692,KXMLBGAME-25JUL22MINLAD-LAD,64,36,74,yes
1753236694691,1753236694,KXMLBGAME-25JUL22MINLAD-LAD,64,36,76,yes
1753236696610,1753236696,KXMLBGAME-25JUL22HOUARI-HOU,53,47,12,yes
1753236701030,1753236700,KXMLBGAME-25JUL22STLCOL-STL,10,90,150,yes
1753236701450,1753236701,KXMLBGAME-25JUL22MILSEA-MIL,48,52,52,yes
1753236702650,1753236702,KXMLBGAME-25JUL22STLCOL-STL,9,91,20,no
1753236704322,1753236704,KXMLBGAME-25JUL22HOUARI-HOU,53,47,45,yes
1753236705251,1753236705,KXMLBGAME-25JUL22HOUARI-ARI,49,51,19,yes
1753236706071,1753236705,KXMLBGAME-25JUL22STLCOL-COL,93,7,2,yes
1753236709452,1753236709,KXMLBGAME-25JUL22ATHTEX-TEX,99,1,455,no
1753236709452,1753236709,KXMLBGAME-25JUL22MINLAD-LAD,64,36,15,yes
1753236709511,1753236709,KXMLBGAME-25JUL22ATHTEX-ATH,1,99,200,yes
1753236709511,1753236709,KXMLBGAME-25JUL22ATHTEX-ATH,2,98,320,yes
1753236711810,1753236711,KXMLBGAME-25JUL22HOUARI-HOU,53,47,9,yes
1753236722550,1753236722,KXMLBGAME-25JUL22HOUARI-ARI,49,51,9,yes
1753236724912,1753236724,KXMLBGAME-25JUL22HOUARI-HOU,53,47,18,yes
1753236725689,1753236725,KXMLBGAME-25JUL22STLCOL-STL,9,91,62,yes
1753236725690,1753236725,KXMLBGAME-25JUL22STLCOL-STL,9,91,146,yes
1753236726371,1753236726,KXMLBGAME-25JUL22STLCOL-STL,8,92,461,no
1753236726850,1753236726,KXMLBGAME-25JUL22MILSEA-MIL,48,52,30,yes
1753236727170,1753236727,KXMLBGAME-25JUL22KCCHC-KC,1,99,3,no
1753236731209,1753236731,KXMLBGAME-25JUL22STLCOL-COL,93,7,53,yes
1753236739752,1753236739,KXMLBGAME-25JUL22MILSEA-MIL,48,52,118,yes
1753236739752,1753236739,KXMLBGAME-25JUL22MILSEA-MIL,49,51,32,yes
1753236740931,1753236740,KXMLBGAME-25JUL22MINLAD-LAD,64,36,275,yes
1753236741150,1753236741,KXMLBGAME-25JUL22STLCOL-COL,93,7,141,yes
1753236744045,1753236743,KXMLBGAME-25JUL22HOUARI-ARI,49,51,48,yes
1753236746730,1753236746,KXMLBGAME-25JUL22MILSEA-SEA,54,46,107,yes
1753236754752,1753236754,KXMLBGAME-25JUL22HOUARI-HOU,52,48,186,yes
1753236756253,1753236756,KXMLBGAME-25JUL22HOUARI-ARI,48,52,10,no
1753236756390,1753236756,KXMLBGAME-25JUL22STLCOL-COL,93,7,15,yes
1753236757709,1753236757,KXMLBGAME-25JUL22MILSEA-MIL,48,52,200,yes
1753236759751,1753236759,KXMLBGAME-25JUL22MINLAD-LAD,64,36,99,yes
1753236760710,1753236760,KXMLBGAME-25JUL22MILSEA-MIL,46,54,195,no
1753236766489,1753236766,KXMLBGAME-25JUL22STLCOL-COL,93,7,6,yes
1753236766870,1753236766,KXMLBGAME-25JUL22MINLAD-LAD,64,36,97,yes
1753236766870,1753236766,KXMLBGAME-25JUL22MINLAD-LAD,65,35,39,yes
1753236768410,1753236768,KXMLBGAME-25JUL22STLCOL-COL,93,7,13,yes
1753236774489,1753236774,KXMLBGAME-25JUL22KCCHC-KC,1,99,35,yes
1753236774770,1753236774,KXMLBGAME-25JUL22HOUARI-HOU,52,48,102,yes
1753236776511,1753236776,KXMLBGAME-25JUL22ATHTEX-ATH,2,98,18,yes
1753236778767,1753236778,KXMLBGAME-25JUL22MINLAD-MIN,36,64,2,yes
1753236778767,1753236778,KXMLBGAME-25JUL22MINLAD-MIN,36,64,53,yes
1753236778767,1753236778,KXMLBGAME-25JUL22MINLAD-MIN,37,63,306,yes
1753236782194,1753236782,KXMLBGAME-25JUL22KCCHC-KC,1,99,467,yes
1753236783309,1753236783,KXMLBGAME-25JUL22STLCOL-COL,92,8,1176,yes
1753236783950,1753236783,KXMLBGAME-25JUL22HOUARI-HOU,53,47,416,yes
1753236783950,1753236783,KXMLBGAME-25JUL22HOUARI-HOU,54,46,1349,yes
1753236784889,1753236784,KXMLBGAME-25JUL22ATHTEX-TEX,98,2,64,no
1753236785131,1753236785,KXMLBGAME-25JUL22STLCOL-COL,90,10,100,no
1753236785131,1753236785,KXMLBGAME-25JUL22STLCOL-COL,89,11,1064,no
1753236785132,1753236785,KXMLBGAME-25JUL22MILSEA-MIL,48,52,200,yes
1753236785132,1753236785,KXMLBGAME-25JUL22MILSEA-MIL,48,52,237,yes
1753236785728,1753236785,KXMLBGAME-25JUL22MINLAD-MIN,35,65,15,no
1753236785841,1753236785,KXMLBGAME-25JUL22MILSEA-SEA,54,46,10,yes
1753236786612,1753236786,KXMLBGAME-25JUL22HOUARI-ARI,48,52,4,no
1753236786612,1753236786,KXMLBGAME-25JUL22HOUARI-ARI,48,52,5,no
1753236789030,1753236788,KXMLBGAME-25JUL22MINLAD-MIN,35,65,2434,yes
1753236789710,1753236789,KXMLBGAME-25JUL22MILSEA-MIL,49,51,30,yes
1753236791090,1753236791,KXMLBGAME-25JUL22KCCHC-KC,1,99,2495,yes
1753236791090,1753236791,KXMLBGAME-25JUL22KCCHC-KC,2,98,1095,yes
1753236793230,1753236793,KXMLBGAME-25JUL22MINLAD-LAD,66,34,76,yes
1753236793230,1753236793,KXMLBGAME-25JUL22MINLAD-LAD,67,33,5,yes
1753236795231,1753236795,KXMLBGAME-25JUL22ATHTEX-TEX,98,2,94,no
1753236798838,1753236798,KXMLBGAME-25JUL22MINLAD-LAD,67,33,91,yes
1753236801909,1753236801,KXMLBGAME-25JUL22KCCHC-CHC,99,1,7,no
1753236804149,1753236804,KXMLBGAME-25JUL22ATHTEX-ATH,2,98,935,yes
1753236806513,1753236806,KXMLBGAME-25JUL22STLCOL-COL,93,7,5,no
1753236808071,1753236807,KXMLBGAME-25JUL22MILSEA-MIL,45,55,6,no
1753236808429,1753236808,KXMLBGAME-25JUL22MILSEA-SEA,54,46,20,yes
1753236808770,1753236808,KXMLBGAME-25JUL22MILSEA-SEA,54,46,17,yes
1753236812457,1753236812,KXMLBGAME-25JUL22HOUARI-ARI,48,52,10,yes
1753236812871,1753236812,KXMLBGAME-25JUL22STLCOL-COL,95,5,12,yes
1753236812871,1753236812,KXMLBGAME-25JUL22STLCOL-COL,96,4,88,yes
1753236814095,1753236814,KXMLBGAME-25JUL22STLCOL-COL,96,4,112,yes
1753236814095,1753236814,KXMLBGAME-25JUL22STLCOL-COL,97,3,146,yes
1753236814789,1753236814,KXMLBGAME-25JUL22MINLAD-LAD,68,32,54,yes
1753236819829,1753236819,KXMLBGAME-25JUL22MINLAD-MIN,35,65,2,yes
1753236820090,1753236820,KXMLBGAME-25JUL22STLCOL-STL,5,95,47,no
1753236820991,1753236820,KXMLBGAME-25JUL22MILSEA-SEA,54,46,1,yes
1753236825559,1753236825,KXMLBGAME-25JUL22MINLAD-LAD,68,32,2,yes
1753236825809,1753236825,KXMLBGAME-25JUL22MILSEA-MIL,47,53,41,yes
1753236826411,1753236826,KXMLBGAME-25JUL22HOUARI-HOU,53,47,137,yes
1753236828050,1753236828,KXMLBGAME-25JUL22STLCOL-COL,97,3,154,yes
1753236828050,1753236828,KXMLBGAME-25JUL22STLCOL-COL,97,3,200,yes
1753236828050,1753236828,KXMLBGAME-25JUL22STLCOL-COL,97,3,150,yes
1753236831599,1753236831,KXMLBGAME-25JUL22MINLAD-MIN,35,65,27,yes
1753236831871,1753236831,KXMLBGAME-25JUL22MILSEA-MIL,47,53,20,yes
1753236834771,1753236834,KXMLBGAME-25JUL22MILSEA-SEA,54,46,44,yes
1753236836231,1753236836,KXMLBGAME-25JUL22MINLAD-LAD,66,34,600,yes
1753236836231,1753236836,KXMLBGAME-25JUL22MINLAD-LAD,66,34,500,yes
1753236836231,1753236836,KXMLBGAME-25JUL22MINLAD-LAD,67,33,339,yes
1753236836311,1753236836,KXMLBGAME-25JUL22MILSEA-SEA,54,46,35,yes
1753236837468,1753236837,KXMLBGAME-25JUL22HOUARI-HOU,53,47,2,yes
1753236845849,1753236845,KXMLBGAME-25JUL22MINLAD-LAD,67,33,29,yes
1753236846250,1753236846,KXMLBGAME-25JUL22HOUARI-ARI,49,51,260,yes
1753236846250,1753236846,KXMLBGAME-25JUL22HOUARI-ARI,50,50,5000,yes
1753236846250,1753236846,KXMLBGAME-25JUL22HOUARI-ARI,50,50,2474,yes
1753236851164,1753236851,KXMLBGAME-25JUL22MINLAD-MIN,35,65,5,yes
1753236856809,1753236856,KXMLBGAME-25JUL22HOUARI-HOU,51,49,600,yes
1753236856809,1753236856,KXMLBGAME-25JUL22HOUARI-HOU,52,48,62,yes
1753236860190,1753236860,KXMLBGAME-25JUL22MILSEA-SEA,57,43,42,yes
1753236863428,1753236863,KXMLBGAME-25JUL22STLCOL-COL,93,7,495,no
1753236863428,1753236863,KXMLBGAME-25JUL22STLCOL-COL,93,7,681,no
1753236863708,1753236863,KXMLBGAME-25JUL22MINLAD-LAD,67,33,116,yes
1753236866709,1753236866,KXMLBGAME-25JUL22HOUARI-HOU,52,48,465,yes
1753236868989,1753236868,KXMLBGAME-25JUL22STLCOL-COL,96,4,17,yes
1753236873749,1753236873,KXMLBGAME-25JUL22HOUARI-HOU,52,48,5,yes
1753236875638,1753236875,KXMLBGAME-25JUL22MINLAD-MIN,34,66,76,no
1753236877990,1753236877,KXMLBGAME-25JUL22MILSEA-MIL,47,53,10,yes
1753236878391,1753236878,KXMLBGAME-25JUL22STLCOL-STL,5,95,30,no
1753236884090,1753236883,KXMLBGAME-25JUL22STLCOL-COL,96,4,259,yes
1753236884854,1753236884,KXMLBGAME-25JUL22MINLAD-LAD,68,32,359,yes
1753236885371,1753236885,KXMLBGAME-25JUL22MINLAD-MIN,34,66,22,yes
1753236885371,1753236885,KXMLBGAME-25JUL22MINLAD-MIN,36,64,200,yes
1753236885371,1753236885,KXMLBGAME-25JUL22MINLAD-MIN,36,64,300,yes
1753236885371,1753236885,KXMLBGAME-25JUL22MINLAD-MIN,36,64,500,yes
1753236885371,1753236885,KXMLBGAME-25JUL22MINLAD-MIN,36,64,55,yes
1753236885371,1753236885,KXMLBGAME-25JUL22MINLAD-MIN,37,63,200,yes
1753236885371,1753236885,KXMLBGAME-25JUL22MINLAD-MIN,37,63,300,yes
1753236885371,1753236885,KXMLBGAME-25JUL22MINLAD-MIN,37,63,600,yes
1753236885371,1753236885,KXMLBGAME-25JUL22MINLAD-MIN,37,63,441,yes
1753236885809,1753236885,KXMLBGAME-25JUL22HOUARI-HOU,50,50,6,no
1753236889169,1753236889,KXMLBGAME-25JUL22STLCOL-STL,6,94,156,yes
1753236891494,1753236891,KXMLBGAME-25JUL22MILSEA-MIL,47,53,13,yes
1753236892302,1753236892,KXMLBGAME-25JUL22HOUARI-ARI,53,47,45,yes
1753236893229,1753236893,KXMLBGAME-25JUL22MINLAD-LAD,67,33,291,yes
1753236893428,1753236893,KXMLBGAME-25JUL22STLCOL-COL,96,4,103,yes
1753236894029,1753236893,KXMLBGAME-25JUL22STLCOL-COL,96,4,498,yes
1753236894129,1753236894,KXMLBGAME-25JUL22KCCHC-CHC,99,1,72,no
1753236899550,1753236899,KXMLBGAME-25JUL22STLCOL-STL,5,95,23,no
1753236899550,1753236899,KXMLBGAME-25JUL22STLCOL-STL,5,95,10,no
1753236899989,1753236899,KXMLBGAME-25JUL22MILSEA-MIL,47,53,8,yes
1753236905090,1753236905,KXMLBGAME-25JUL22STLCOL-STL,5,95,56,yes
1753236908713,1753236908,KXMLBGAME-25JUL22MILSEA-SEA,55,45,5,yes
1753236912671,1753236912,KXMLBGAME-25JUL22HOUARI-HOU,49,51,1,yes
1753236922026,1753236921,KXMLBGAME-25JUL22MINLAD-LAD,66,34,44,yes
1753236925267,1753236925,KXMLBGAME-25JUL22MILSEA-MIL,46,54,9,yes
1753236925913,1753236925,KXMLBGAME-25JUL22MINLAD-LAD,66,34,44,yes
1753236927547,1753236927,KXMLBGAME-25JUL22MILSEA-MIL,46,54,2094,yes
1753236930192,1753236930,KXMLBGAME-25JUL22MILSEA-SEA,55,45,25,yes
1753236939054,1753236938,KXMLBGAME-25JUL22HOUARI-ARI,52,48,46,yes
1753236942650,1753236942,KXMLBGAME-25JUL22MINLAD-LAD,67,33,109,yes
1753236942650,1753236942,KXMLBGAME-25JUL22MINLAD-LAD,67,33,197,yes
1753236943573,1753236943,KXMLBGAME-25JUL22MILSEA-MIL,46,54,104,yes
1753236944031,1753236943,KXMLBGAME-25JUL22MINLAD-MIN,35,65,27,yes
1753236944855,1753236944,KXMLBGAME-25JUL22STLCOL-COL,95,5,10,yes
1753236945141,1753236945,KXMLBGAME-25JUL22MINLAD-LAD,67,33,7,yes
1753236945690,1753236945,KXMLBGAME-25JUL22MINLAD-LAD,67,33,4,yes
1753236946392,1753236946,KXMLBGAME-25JUL22KCCHC-CHC,99,1,1,no
1753236946809,1753236946,KXMLBGAME-25JUL22MINLAD-MIN,35,65,5,yes
1753236956070,1753236956,KXMLBGAME-25JUL22MILSEA-SEA,55,45,100,yes
1753236958349,1753236958,KXMLBGAME-25JUL22HOUARI-HOU,48,52,44,yes
1753236958349,1753236958,KXMLBGAME-25JUL22HOUARI-HOU,49,51,55,yes
1753236959505,1753236959,KXMLBGAME-25JUL22ATHTEX-TEX,98,2,57,no
1753236962189,1753236962,KXMLBGAME-25JUL22MILSEA-MIL,47,53,147,yes
1753236963890,1753236963,KXMLBGAME-25JUL22STLCOL-COL,95,5,1,yes
1753236964623,1753236964,KXMLBGAME-25JUL22MINLAD-LAD,67,33,36,yes
1753236966775,1753236966,KXMLBGAME-25JUL22MILSEA-MIL,47,53,20,yes
1753236967492,1753236967,KXMLBGAME-25JUL22MILSEA-SEA,55,45,91,yes
1753236969689,1753236969,KXMLBGAME-25JUL22STLCOL-COL,95,5,24,yes
1753236969689,1753236969,KXMLBGAME-25JUL22STLCOL-COL,96,4,183,yes
1753236972071,1753236971,KXMLBGAME-25JUL22STLCOL-COL,94,6,50,no
1753236972071,1753236971,KXMLBGAME-25JUL22STLCOL-COL,94,6,10,no
1753236972071,1753236971,KXMLBGAME-25JUL22STLCOL-COL,93,7,55,no
1753236973635,1753236973,KXMLBGAME-25JUL22HOUARI-HOU,49,51,39,yes
1753236975390,1753236975,KXMLBGAME-25JUL22MINLAD-LAD,67,33,36,yes
1753236978448,1753236978,KXMLBGAME-25JUL22MINLAD-MIN,35,65,1,yes
1753236988792,1753236988,KXMLBGAME-25JUL22MINLAD-LAD,67,33,1,yes
1753236991328,1753236991,KXMLBGAME-25JUL22MINLAD-MIN,35,65,40,yes
1753236992574,1753236992,KXMLBGAME-25JUL22HOUARI-HOU,48,52,10,yes
1753237000849,1753237000,KXMLBGAME-25JUL22MINLAD-LAD,68,32,5,yes
1753237002153,1753237002,KXMLBGAME-25JUL22MILSEA-MIL,47,53,30,yes
1753237003838,1753237003,KXMLBGAME-25JUL22MINLAD-LAD,68,32,35,yes
1753237005749,1753237005,KXMLBGAME-25JUL22HOUARI-HOU,49,51,19,yes
1753237008032,1753237007,KXMLBGAME-25JUL22STLCOL-STL,6,94,125,yes
1753237009270,1753237009,KXMLBGAME-25JUL22STLCOL-COL,95,5,367,yes
1753237009591,1753237009,KXMLBGAME-25JUL22STLCOL-COL,95,5,2,yes
1753237011290,1753237011,KXMLBGAME-25JUL22HOUARI-HOU,48,52,9,yes
1753237012230,1753237012,KXMLBGAME-25JUL22STLCOL-COL,95,5,51,yes
1753237012670,1753237012,KXMLBGAME-25JUL22MINLAD-LAD,68,32,35,yes
1753237017490,1753237017,KXMLBGAME-25JUL22HOUARI-HOU,47,53,50,yes
1753237019282,1753237019,KXMLBGAME-25JUL22MILSEA-SEA,55,45,5,yes
1753237020668,1753237020,KXMLBGAME-25JUL22MILSEA-SEA,55,45,625,yes
1753237020668,1753237020,KXMLBGAME-25JUL22MILSEA-SEA,55,45,94,yes
1753237022751,1753237022,KXMLBGAME-25JUL22STLCOL-COL,95,5,180,yes
1753237022751,1753237022,KXMLBGAME-25JUL22STLCOL-COL,95,5,82,yes
1753237023290,1753237023,KXMLBGAME-25JUL22HOUARI-HOU,47,53,51,yes
1753237027989,1753237027,KXMLBGAME-25JUL22MILSEA-MIL,45,55,124,yes
1753237029643,1753237029,KXMLBGAME-25JUL22STLCOL-COL,96,4,81,yes
1753237030509,1753237030,KXMLBGAME-25JUL22MILSEA-MIL,45,55,579,yes
1753237031389,1753237031,KXMLBGAME-25JUL22MILSEA-SEA,58,42,33,yes
1753237032541,1753237032,KXMLBGAME-25JUL22MILSEA-MIL,45,55,53,yes
1753237032848,1753237032,KXMLBGAME-25JUL22MILSEA-MIL,45,55,72,yes
1753237032949,1753237032,KXMLBGAME-25JUL22MINLAD-MIN,34,66,25,yes
1753237033491,1753237033,KXMLBGAME-25JUL22HOUARI-HOU,47,53,5,yes
1753237036229,1753237036,KXMLBGAME-25JUL22MILSEA-MIL,46,54,10,yes
1753237039290,1753237039,KXMLBGAME-25JUL22HOUARI-ARI,55,45,17,yes
1753237047430,1753237047,KXMLBGAME-25JUL22MILSEA-SEA,58,42,36,yes
1753237048550,1753237048,KXMLBGAME-25JUL22MILSEA-SEA,58,42,70,yes
1753237049329,1753237049,KXMLBGAME-25JUL22HOUARI-HOU,47,53,394,yes
1753237049329,1753237049,KXMLBGAME-25JUL22HOUARI-HOU,47,53,108,yes
1753237053612,1753237053,KXMLBGAME-25JUL22MINLAD-LAD,68,32,21,yes
1753237056629,1753237056,KXMLBGAME-25JUL22STLCOL-STL,6,94,23,yes
1753237059130,1753237059,KXMLBGAME-25JUL22MILSEA-MIL,44,56,18,yes
1753237070404,1753237070,KXMLBGAME-25JUL22MILSEA-MIL,45,55,200,yes
1753237070404,1753237070,KXMLBGAME-25JUL22MILSEA-MIL,45,55,20,yes
1753237070404,1753237070,KXMLBGAME-25JUL22MILSEA-MIL,45,55,300,yes
1753237070404,1753237070,KXMLBGAME-25JUL22MILSEA-MIL,45,55,42,yes
1753237070710,1753237070,KXMLBGAME-25JUL22HOUARI-ARI,54,46,19,yes
1753237070710,1753237070,KXMLBGAME-25JUL22HOUARI-ARI,54,46,110,yes
1753237070710,1753237070,KXMLBGAME-25JUL22HOUARI-ARI,55,45,236,yes
1753237074172,1753237074,KXMLBGAME-25JUL22HOUARI-HOU,48,52,154,yes
1753237076492,1753237076,KXMLBGAME-25JUL22MILSEA-SEA,57,43,200,yes
1753237079006,1753237078,KXMLBGAME-25JUL22HOUARI-HOU,48,52,37,yes
1753237079006,1753237078,KXMLBGAME-25JUL22HOUARI-HOU,48,52,64,yes
1753237079006,1753237078,KXMLBGAME-25JUL22MILSEA-SEA,57,43,17,yes
1753237079873,1753237079,KXMLBGAME-25JUL22MINLAD-LAD,68,32,10,yes
1753237082385,1753237082,KXMLBGAME-25JUL22MINLAD-LAD,68,32,43,yes
1753237083889,1753237083,KXMLBGAME-25JUL22STLCOL-COL,95,5,26,yes
1753237085091,1753237085,KXMLBGAME-25JUL22MINLAD-LAD,68,32,85,yes
1753237085092,1753237085,KXMLBGAME-25JUL22MINLAD-LAD,68,32,25,yes
1753237085092,1753237085,KXMLBGAME-25JUL22MINLAD-LAD,69,31,600,yes
1753237085092,1753237085,KXMLBGAME-25JUL22MINLAD-LAD,69,31,254,yes
1753237087150,1753237087,KXMLBGAME-25JUL22MILSEA-SEA,58,42,5,yes
1753237088071,1753237088,KXMLBGAME-25JUL22STLCOL-STL,6,94,52,yes
1753237088071,1753237088,KXMLBGAME-25JUL22STLCOL-STL,6,94,88,yes
1753237088071,1753237088,KXMLBGAME-25JUL22STLCOL-STL,6,94,81,yes
1753237088071,1753237088,KXMLBGAME-25JUL22STLCOL-STL,8,92,200,yes
1753237088071,1753237088,KXMLBGAME-25JUL22STLCOL-STL,8,92,221,yes
1753237088488,1753237088,KXMLBGAME-25JUL22MILSEA-MIL,44,56,4,yes
1753237091396,1753237091,KXMLBGAME-25JUL22MILSEA-SEA,58,42,78,yes
1753237091396,1753237091,KXMLBGAME-25JUL22MILSEA-SEA,58,42,192,yes
1753237091692,1753237091,KXMLBGAME-25JUL22HOUARI-HOU,47,53,410,yes
1753237094233,1753237094,KXMLBGAME-25JUL22MINLAD-LAD,69,31,26,yes
1753237094550,1753237094,KXMLBGAME-25JUL22MINLAD-MIN,34,66,11,yes
1753237098430,1753237098,KXMLBGAME-25JUL22MILSEA-MIL,44,56,54,yes
1753237098974,1753237098,KXMLBGAME-25JUL22STLCOL-STL,8,92,58,yes
1753237101836,1753237101,KXMLBGAME-25JUL22HOUARI-HOU,47,53,90,yes
1753237101836,1753237101,KXMLBGAME-25JUL22HOUARI-HOU,48,52,32,yes
1753237107110,1753237107,KXMLBGAME-25JUL22STLCOL-COL,95,5,100,yes
1753237107671,1753237107,KXMLBGAME-25JUL22STLCOL-COL,95,5,34,yes
1753237110289,1753237110,KXMLBGAME-25JUL22MILSEA-SEA,58,42,8,yes
1753237110289,1753237110,KXMLBGAME-25JUL22MILSEA-SEA,59,41,25,yes
1753237110490,1753237110,KXMLBGAME-25JUL22MINLAD-MIN,34,66,5,yes
1753237112795,1753237112,KXMLBGAME-25JUL22STLCOL-COL,95,5,4,yes
1753237113515,1753237113,KXMLBGAME-25JUL22MINLAD-MIN,34,66,159,yes
1753237113515,1753237113,KXMLBGAME-25JUL22MINLAD-MIN,34,66,71,yes
1753237113732,1753237113,KXMLBGAME-25JUL22STLCOL-COL,95,5,209,yes
1753237122628,1753237122,KXMLBGAME-25JUL22STLCOL-STL,8,92,21,yes
1753237122628,1753237122,KXMLBGAME-25JUL22STLCOL-STL,8,92,2,yes
1753237123671,1753237123,KXMLBGAME-25JUL22STLCOL-COL,95,5,127,yes
1753237124429,1753237124,KXMLBGAME-25JUL22MILSEA-SEA,59,41,32,yes
1753237125595,1753237125,KXMLBGAME-25JUL22MILSEA-MIL,43,57,52,no
1753237125770,1753237125,KXMLBGAME-25JUL22HOUARI-HOU,47,53,6,yes
1753237132489,1753237132,KXMLBGAME-25JUL22MILSEA-SEA,59,41,65,yes
1753237132790,1753237132,KXMLBGAME-25JUL22MINLAD-MIN,34,66,5,yes
1753237133348,1753237133,KXMLBGAME-25JUL22MILSEA-MIL,44,56,32,yes
1753237133689,1753237133,KXMLBGAME-25JUL22STLCOL-COL,94,6,5,no
1753237134248,1753237134,KXMLBGAME-25JUL22MINLAD-MIN,34,66,140,yes
1753237135909,1753237135,KXMLBGAME-25JUL22MINLAD-LAD,69,31,7,yes
1753237139750,1753237139,KXMLBGAME-25JUL22MILSEA-MIL,44,56,10,yes
1753237140169,1753237140,KXMLBGAME-25JUL22STLCOL-STL,8,92,117,yes
1753237140849,1753237140,KXMLBGAME-25JUL22MILSEA-MIL,44,56,273,yes
1753237142971,1753237142,KXMLBGAME-25JUL22HOUARI-HOU,46,54,10,yes
1753237145464,1753237145,KXMLBGAME-25JUL22MILSEA-SEA,59,41,3,yes
1753237145709,1753237145,KXMLBGAME-25JUL22STLCOL-COL,94,6,9,yes
1753237146733,1753237146,KXMLBGAME-25JUL22STLCOL-COL,94,6,264,yes
1753237147132,1753237147,KXMLBGAME-25JUL22STLCOL-COL,94,6,22,yes
1753237147132,1753237147,KXMLBGAME-25JUL22STLCOL-COL,94,6,22,yes
1753237148929,1753237148,KXMLBGAME-25JUL22MILSEA-SEA,59,41,164,yes
1753237151731,1753237151,KXMLBGAME-25JUL22MILSEA-MIL,44,56,27,yes
1753237153669,1753237153,KXMLBGAME-25JUL22STLCOL-COL,94,6,42,yes
1753237156994,1753237156,KXMLBGAME-25JUL22STLCOL-COL,94,6,136,yes
1753237156994,1753237156,KXMLBGAME-25JUL22STLCOL-COL,95,5,300,yes
1753237156994,1753237156,KXMLBGAME-25JUL22STLCOL-COL,95,5,500,yes
1753237156994,1753237156,KXMLBGAME-25JUL22STLCOL-COL,95,5,200,yes
1753237156994,1753237156,KXMLBGAME-25JUL22STLCOL-COL,95,5,5,yes
1753237156994,1753237156,KXMLBGAME-25JUL22STLCOL-COL,96,4,119,yes
1753237156994,1753237156,KXMLBGAME-25JUL22STLCOL-COL,96,4,300,yes
1753237156994,1753237156,KXMLBGAME-25JUL22STLCOL-COL,96,4,1762,yes
1753237157690,1753237157,KXMLBGAME-25JUL22STLCOL-STL,6,94,50,no
1753237157690,1753237157,KXMLBGAME-25JUL22STLCOL-STL,5,95,274,no
1753237158510,1753237158,KXMLBGAME-25JUL22MILSEA-MIL,44,56,218,yes
1753237161690,1753237161,KXMLBGAME-25JUL22MINLAD-LAD,68,32,14,yes
1753237162829,1753237162,KXMLBGAME-25JUL22STLCOL-COL,96,4,52,yes
1753237164090,1753237163,KXMLBGAME-25JUL22MILSEA-SEA,59,41,247,yes
1753237166281,1753237166,KXMLBGAME-25JUL22KCCHC-KC,1,99,93,yes
1753237170053,1753237169,KXMLBGAME-25JUL22MILSEA-SEA,57,43,223,no
1753237178230,1753237178,KXMLBGAME-25JUL22MILSEA-SEA,59,41,90,yes
1753237179931,1753237179,KXMLBGAME-25JUL22MINLAD-LAD,68,32,47,yes
1753237181917,1753237181,KXMLBGAME-25JUL22MINLAD-LAD,67,33,10,no
1753237184051,1753237183,KXMLBGAME-25JUL22MILSEA-MIL,44,56,10,yes
1753237186350,1753237186,KXMLBGAME-25JUL22STLCOL-COL,96,4,9,yes
1753237189412,1753237189,KXMLBGAME-25JUL22HOUARI-HOU,48,52,140,yes
1753237189412,1753237189,KXMLBGAME-25JUL22STLCOL-COL,96,4,207,yes
1753237190520,1753237190,KXMLBGAME-25JUL22MILSEA-MIL,44,56,2038,yes
1753237193329,1753237193,KXMLBGAME-25JUL22MINLAD-LAD,66,34,147,yes
1753237195831,1753237195,KXMLBGAME-25JUL22STLCOL-COL,96,4,15,yes
1753237197790,1753237197,KXMLBGAME-25JUL22MINLAD-MIN,36,64,300,yes
1753237197790,1753237197,KXMLBGAME-25JUL22MINLAD-MIN,36,64,231,yes
1753237197790,1753237197,KXMLBGAME-25JUL22HOUARI-HOU,48,52,14,yes
1753237199744,1753237199,KXMLBGAME-25JUL22ATHTEX-TEX,99,1,71,no
1753237200994,1753237200,KXMLBGAME-25JUL22MILSEA-MIL,44,56,30,yes
1753237200994,1753237200,KXMLBGAME-25JUL22MILSEA-MIL,44,56,2,yes
1753237201989,1753237201,KXMLBGAME-25JUL22HOUARI-HOU,48,52,154,yes
1753237202030,1753237201,KXMLBGAME-25JUL22KCCHC-KC,1,99,2,yes
1753237203525,1753237203,KXMLBGAME-25JUL22MINLAD-LAD,66,34,69,yes
1753237203525,1753237203,KXMLBGAME-25JUL22MINLAD-LAD,66,34,128,yes
1753237203525,1753237203,KXMLBGAME-25JUL22MINLAD-LAD,66,34,88,yes
1753237204392,1753237204,KXMLBGAME-25JUL22MINLAD-MIN,36,64,22,yes
1753237204529,1753237204,KXMLBGAME-25JUL22HOUARI-HOU,48,52,20,yes
1753237206031,1753237205,KXMLBGAME-25JUL22STLCOL-STL,6,94,300,yes
1753237206031,1753237205,KXMLBGAME-25JUL22STLCOL-STL,6,94,319,yes
1753237206031,1753237205,KXMLBGAME-25JUL22STLCOL-STL,6,94,300,yes
1753237206031,1753237205,KXMLBGAME-25JUL22STLCOL-STL,7,93,300,yes
1753237206031,1753237205,KXMLBGAME-25JUL22STLCOL-STL,7,93,200,yes
1753237206031,1753237205,KXMLBGAME-25JUL22STLCOL-STL,7,93,52,yes
1753237207089,1753237207,KXMLBGAME-25JUL22STLCOL-COL,96,4,311,yes
1753237211929,1753237211,KXMLBGAME-25JUL22STLCOL-COL,95,5,300,yes
1753237211930,1753237211,KXMLBGAME-25JUL22STLCOL-COL,95,5,152,yes
1753237212769,1753237212,KXMLBGAME-25JUL22STLCOL-COL,95,5,48,yes
1753237213268,1753237213,KXMLBGAME-25JUL22MINLAD-LAD,67,33,6,yes
1753237216833,1753237216,KXMLBGAME-25JUL22MINLAD-LAD,67,33,45,yes
1753237217312,1753237217,KXMLBGAME-25JUL22STLCOL-COL,96,4,31,yes
1753237221547,1753237221,KXMLBGAME-25JUL22MINLAD-MIN,36,64,7,yes
1753237221749,1753237221,KXMLBGAME-25JUL22MILSEA-SEA,58,42,164,yes
1753237222150,1753237222,KXMLBGAME-25JUL22MILSEA-MIL,44,56,54,yes
1753237223090,1753237223,KXMLBGAME-25JUL22STLCOL-COL,96,4,14,yes
1753237225310,1753237225,KXMLBGAME-25JUL22MINLAD-LAD,66,34,22,yes
1753237227048,1753237227,KXMLBGAME-25JUL22MILSEA-MIL,44,56,15,yes
1753237227848,1753237227,KXMLBGAME-25JUL22MILSEA-MIL,44,56,149,yes
1753237227849,1753237227,KXMLBGAME-25JUL22MILSEA-MIL,45,55,100,yes
1753237227849,1753237227,KXMLBGAME-25JUL22MILSEA-MIL,45,55,289,yes
1753237228510,1753237228,KXMLBGAME-25JUL22MINLAD-MIN,36,64,53,yes
1753237230152,1753237230,KXMLBGAME-25JUL22ATHTEX-TEX,99,1,59,no
1753237230152,1753237230,KXMLBGAME-25JUL22ATHTEX-TEX,99,1,120,no
1753237233170,1753237233,KXMLBGAME-25JUL22STLCOL-STL,6,94,100,yes
1753237233210,1753237233,KXMLBGAME-25JUL22STLCOL-COL,96,4,5,yes
1753237233980,1753237233,KXMLBGAME-25JUL22MINLAD-LAD,66,34,118,yes
1753237235475,1753237235,KXMLBGAME-25JUL22MILSEA-MIL,44,56,8,yes
1753237237070,1753237237,KXMLBGAME-25JUL22HOUARI-ARI,54,46,179,yes
1753237237389,1753237237,KXMLBGAME-25JUL22MILSEA-MIL,44,56,65,yes
1753237237389,1753237237,KXMLBGAME-25JUL22MILSEA-MIL,45,55,1631,yes
1753237238910,1753237238,KXMLBGAME-25JUL22STLCOL-STL,6,94,156,yes
1753237242031,1753237241,KXMLBGAME-25JUL22MINLAD-MIN,36,64,53,yes
1753237242770,1753237242,KXMLBGAME-25JUL22HOUARI-HOU,51,49,189,yes
1753237244013,1753237243,KXMLBGAME-25JUL22STLCOL-COL,96,4,352,yes
1753237245854,1753237245,KXMLBGAME-25JUL22MINLAD-MIN,36,64,13,yes
1753237247889,1753237247,KXMLBGAME-25JUL22MILSEA-MIL,45,55,5,yes
1753237250049,1753237249,KXMLBGAME-25JUL22MILSEA-SEA,57,43,20,yes
1753237250430,1753237250,KXMLBGAME-25JUL22MINLAD-LAD,66,34,36,yes
1753237251911,1753237251,KXMLBGAME-25JUL22MINLAD-LAD,65,35,375,no
1753237253188,1753237253,KXMLBGAME-25JUL22MILSEA-MIL,45,55,13,yes
1753237254128,1753237254,KXMLBGAME-25JUL22HOUARI-HOU,49,51,13,yes
1753237255730,1753237255,KXMLBGAME-25JUL22HOUARI-ARI,53,47,12,yes
1753237255730,1753237255,KXMLBGAME-25JUL22HOUARI-ARI,53,47,64,yes
1753237256271,1753237256,KXMLBGAME-25JUL22HOUARI-HOU,49,51,19,yes
1753237257029,1753237256,KXMLBGAME-25JUL22HOUARI-HOU,49,51,268,yes
1753237257029,1753237256,KXMLBGAME-25JUL22HOUARI-HOU,50,50,27,yes
1753237269190,1753237269,KXMLBGAME-25JUL22HOUARI-HOU,49,51,300,yes
1753237269190,1753237269,KXMLBGAME-25JUL22HOUARI-HOU,49,51,200,yes
1753237269190,1753237269,KXMLBGAME-25JUL22HOUARI-HOU,50,50,200,yes
1753237269190,1753237269,KXMLBGAME-25JUL22HOUARI-HOU,50,50,300,yes
1753237269190,1753237269,KXMLBGAME-25JUL22HOUARI-HOU,50,50,942,yes
1753237271109,1753237270,KXMLBGAME-25JUL22HOUARI-HOU,50,50,9,yes
1753237271812,1753237271,KXMLBGAME-25JUL22MINLAD-MIN,37,63,22,yes
1753237272390,1753237272,KXMLBGAME-25JUL22MINLAD-LAD,64,36,30,yes
1753237272469,1753237272,KXMLBGAME-25JUL22MILSEA-MIL,45,55,282,yes
1753237272469,1753237272,KXMLBGAME-25JUL22MILSEA-MIL,46,54,247,yes
1753237280447,1753237280,KXMLBGAME-25JUL22MILSEA-SEA,56,44,300,no
1753237281062,1753237281,KXMLBGAME-25JUL22MINLAD-LAD,65,35,119,yes
1753237281062,1753237281,KXMLBGAME-25JUL22MINLAD-LAD,65,35,181,yes
1753237281790,1753237281,KXMLBGAME-25JUL22KCCHC-KC,1,99,93,yes
1753237285789,1753237285,KXMLBGAME-25JUL22STLCOL-COL,94,6,5,no
1753237285789,1753237285,KXMLBGAME-25JUL22STLCOL-COL,94,6,50,no
1753237285789,1753237285,KXMLBGAME-25JUL22STLCOL-COL,94,6,419,no
1753237289431,1753237289,KXMLBGAME-25JUL22STLCOL-COL,96,4,1,yes
1753237292390,1753237292,KXMLBGAME-25JUL22MILSEA-SEA,57,43,34,yes
1753237294129,1753237294,KXMLBGAME-25JUL22STLCOL-STL,4,96,35,no
1753237294689,1753237294,KXMLBGAME-25JUL22STLCOL-COL,95,5,200,yes
1753237297912,1753237297,KXMLBGAME-25JUL22MILSEA-SEA,57,43,5,yes
1753237298072,1753237298,KXMLBGAME-25JUL22STLCOL-STL,6,94,5,yes
1753237298072,1753237298,KXMLBGAME-25JUL22STLCOL-STL,6,94,275,yes
1753237303673,1753237303,KXMLBGAME-25JUL22MILSEA-SEA,57,43,50,yes
1753237303673,1753237303,KXMLBGAME-25JUL22MILSEA-SEA,57,43,35,yes
1753237304990,1753237304,KXMLBGAME-25JUL22MILSEA-SEA,57,43,17,yes
1753237305828,1753237305,KXMLBGAME-25JUL22MINLAD-LAD,64,36,39,yes
1753237308111,1753237308,KXMLBGAME-25JUL22STLCOL-STL,8,92,58,yes
1753237309714,1753237309,KXMLBGAME-25JUL22MINLAD-LAD,64,36,23,yes
1753237312710,1753237312,KXMLBGAME-25JUL22MILSEA-MIL,44,56,10,yes
1753237313450,1753237313,KXMLBGAME-25JUL22STLCOL-COL,95,5,500,yes
1753237313450,1753237313,KXMLBGAME-25JUL22STLCOL-COL,95,5,600,yes
1753237313450,1753237313,KXMLBGAME-25JUL22STLCOL-COL,96,4,555,yes
1753237315911,1753237315,KXMLBGAME-25JUL22HOUARI-HOU,49,51,50,yes
1753237316308,1753237316,KXMLBGAME-25JUL22MINLAD-MIN,37,63,56,yes
1753237323413,1753237323,KXMLBGAME-25JUL22MINLAD-LAD,64,36,53,yes
1753237323413,1753237323,KXMLBGAME-25JUL22MINLAD-LAD,64,36,33,yes
1753237327868,1753237327,KXMLBGAME-25JUL22HOUARI-HOU,49,51,300,yes
1753237327868,1753237327,KXMLBGAME-25JUL22HOUARI-HOU,50,50,300,yes
1753237327868,1753237327,KXMLBGAME-25JUL22HOUARI-HOU,50,50,200,yes
1753237327868,1753237327,KXMLBGAME-25JUL22HOUARI-HOU,50,50,1139,yes
1753237328209,1753237328,KXMLBGAME-25JUL22MILSEA-MIL,44,56,1,yes
1753237339609,1753237339,KXMLBGAME-25JUL22MILSEA-SEA,56,44,17,no
1753237344030,1753237343,KXMLBGAME-25JUL22MILSEA-MIL,43,57,25,no
1753237346812,1753237346,KXMLBGAME-25JUL22MILSEA-MIL,44,56,41,yes
1753237346812,1753237346,KXMLBGAME-25JUL22MILSEA-MIL,44,56,46,yes
1753237348052,1753237347,KXMLBGAME-25JUL22HOUARI-HOU,49,51,90,yes
1753237349389,1753237349,KXMLBGAME-25JUL22MILSEA-MIL,44,56,10,yes
1753237350572,1753237350,KXMLBGAME-25JUL22MILSEA-MIL,44,56,109,yes
1753237355910,1753237355,KXMLBGAME-25JUL22MILSEA-MIL,44,56,43,yes
1753237358489,1753237358,KXMLBGAME-25JUL22MILSEA-MIL,45,55,106,yes
1753237359490,1753237359,KXMLBGAME-25JUL22HOUARI-HOU,48,52,245,yes
1753237362329,1753237362,KXMLBGAME-25JUL22MILSEA-SEA,58,42,41,yes
1753237362409,1753237362,KXMLBGAME-25JUL22HOUARI-HOU,49,51,947,yes
1753237365112,1753237365,KXMLBGAME-25JUL22MINLAD-MIN,37,63,7,yes
1753237368509,1753237368,KXMLBGAME-25JUL22MILSEA-SEA,58,42,6,yes
1753237368571,1753237368,KXMLBGAME-25JUL22MINLAD-LAD,64,36,30,yes
1753237370011,1753237369,KXMLBGAME-25JUL22MINLAD-LAD,64,36,30,yes
1753237370092,1753237370,KXMLBGAME-25JUL22ATHTEX-ATH,1,99,187,yes
1753237371916,1753237371,KXMLBGAME-25JUL22MINLAD-LAD,64,36,30,yes
1753237372569,1753237372,KXMLBGAME-25JUL22STLCOL-COL,96,4,449,yes
1753237372569,1753237372,KXMLBGAME-25JUL22STLCOL-COL,96,4,5,yes
1753237372569,1753237372,KXMLBGAME-25JUL22STLCOL-COL,96,4,300,yes
1753237372569,1753237372,KXMLBGAME-25JUL22STLCOL-COL,96,4,3156,yes
1753237374271,1753237374,KXMLBGAME-25JUL22STLCOL-COL,96,4,1,yes
1753237376889,1753237376,KXMLBGAME-25JUL22MINLAD-LAD,64,36,15,yes
1753237379050,1753237378,KXMLBGAME-25JUL22MILSEA-SEA,58,42,8,yes
1753237383789,1753237383,KXMLBGAME-25JUL22MILSEA-MIL,45,55,23,yes
1753237384329,1753237384,KXMLBGAME-25JUL22MINLAD-LAD,64,36,47,yes
1753237384329,1753237384,KXMLBGAME-25JUL22MINLAD-LAD,64,36,16,yes
1753237384329,1753237384,KXMLBGAME-25JUL22MINLAD-LAD,65,35,29,yes
1753237385130,1753237385,KXMLBGAME-25JUL22MILSEA-SEA,57,43,30,no
1753237387728,1753237387,KXMLBGAME-25JUL22MINLAD-MIN,37,63,98,yes
1753237394912,1753237394,KXMLBGAME-25JUL22STLCOL-STL,10,90,20,yes
1753237395672,1753237395,KXMLBGAME-25JUL22STLCOL-COL,92,8,4,no
1753237395672,1753237395,KXMLBGAME-25JUL22STLCOL-COL,92,8,100,no
1753237395672,1753237395,KXMLBGAME-25JUL22STLCOL-COL,90,10,50,no
1753237395672,1753237395,KXMLBGAME-25JUL22STLCOL-COL,90,10,110,no
1753237397671,1753237397,KXMLBGAME-25JUL22MILSEA-MIL,48,52,30,yes
1753237397671,1753237397,KXMLBGAME-25JUL22MILSEA-MIL,49,51,71,yes
1753237399630,1753237399,KXMLBGAME-25JUL22MILSEA-SEA,55,45,28,no
1753237399630,1753237399,KXMLBGAME-25JUL22MILSEA-SEA,55,45,300,no
1753237400669,1753237400,KXMLBGAME-25JUL22MILSEA-SEA,54,46,69,no
1753237403490,1753237403,KXMLBGAME-25JUL22KCCHC-KC,1,99,33,yes
1753237406711,1753237406,KXMLBGAME-25JUL22STLCOL-COL,90,10,275,yes
1753237411289,1753237411,KXMLBGAME-25JUL22MINLAD-MIN,37,63,96,yes
1753237411889,1753237411,KXMLBGAME-25JUL22MINLAD-LAD,64,36,50,yes
1753237416512,1753237416,KXMLBGAME-25JUL22STLCOL-COL,90,10,123,yes
1753237418991,1753237418,KXMLBGAME-25JUL22STLCOL-COL,90,10,1,yes
1753237420050,1753237420,KXMLBGAME-25JUL22HOUARI-ARI,49,51,1,yes
1753237421029,1753237420,KXMLBGAME-25JUL22HOUARI-ARI,49,51,98,yes
1753237421742,1753237421,KXMLBGAME-25JUL22HOUARI-HOU,53,47,40,yes
1753237423692,1753237423,KXMLBGAME-25JUL22MINLAD-LAD,64,36,250,yes
1753237423692,1753237423,KXMLBGAME-25JUL22MINLAD-LAD,65,35,200,yes
1753237423692,1753237423,KXMLBGAME-25JUL22MINLAD-LAD,65,35,600,yes
1753237423692,1753237423,KXMLBGAME-25JUL22MINLAD-LAD,65,35,500,yes
1753237423692,1753237423,KXMLBGAME-25JUL22MINLAD-LAD,65,35,300,yes
1753237423692,1753237423,KXMLBGAME-25JUL22MINLAD-LAD,65,35,600,yes
1753237423692,1753237423,KXMLBGAME-25JUL22MINLAD-LAD,65,35,457,yes
1753237423971,1753237423,KXMLBGAME-25JUL22MILSEA-MIL,48,52,10,yes
1753237426751,1753237426,KXMLBGAME-25JUL22STLCOL-COL,90,10,49,yes
1753237426871,1753237426,KXMLBGAME-25JUL22MILSEA-SEA,54,46,36,yes
1753237427171,1753237427,KXMLBGAME-25JUL22STLCOL-STL,12,88,21,yes
1753237427550,1753237427,KXMLBGAME-25JUL22STLCOL-COL,90,10,1,yes
1753237428071,1753237428,KXMLBGAME-25JUL22HOUARI-HOU,53,47,18,yes
1753237428471,1753237428,KXMLBGAME-25JUL22MINLAD-LAD,64,36,1,yes
1753237430911,1753237430,KXMLBGAME-25JUL22HOUARI-ARI,49,51,100,yes
1753237431771,1753237431,KXMLBGAME-25JUL22MINLAD-LAD,64,36,57,yes
1753237432150,1753237432,KXMLBGAME-25JUL22HOUARI-HOU,53,47,91,yes
1753237432232,1753237432,KXMLBGAME-25JUL22MILSEA-MIL,48,52,100,yes
1753237433151,1753237433,KXMLBGAME-25JUL22STLCOL-STL,9,91,134,no
1753237436052,1753237436,KXMLBGAME-25JUL22MILSEA-MIL,48,52,90,yes
1753237436052,1753237436,KXMLBGAME-25JUL22MILSEA-MIL,48,52,111,yes
1753237437853,1753237437,KXMLBGAME-25JUL22MILSEA-MIL,48,52,20,yes
1753237439210,1753237439,KXMLBGAME-25JUL22STLCOL-COL,91,9,98,yes
1753237440910,1753237440,KXMLBGAME-25JUL22STLCOL-COL,90,10,32,yes
1753237444290,1753237444,KXMLBGAME-25JUL22STLCOL-COL,90,10,300,yes
1753237448432,1753237448,KXMLBGAME-25JUL22MILSEA-MIL,48,52,10,yes
1753237449771,1753237449,KXMLBGAME-25JUL22STLCOL-STL,12,88,28,yes
1753237449771,1753237449,KXMLBGAME-25JUL22STLCOL-STL,12,88,98,yes
1753237449771,1753237449,KXMLBGAME-25JUL22STLCOL-STL,13,87,608,yes
1753237450872,1753237450,KXMLBGAME-25JUL22MINLAD-LAD,64,36,15,yes
1753237451072,1753237451,KXMLBGAME-25JUL22MINLAD-MIN,37,63,21,yes
1753237451072,1753237451,KXMLBGAME-25JUL22MINLAD-MIN,37,63,300,yes
1753237451072,1753237451,KXMLBGAME-25JUL22MINLAD-MIN,37,63,67,yes
1753237456709,1753237456,KXMLBGAME-25JUL22MILSEA-SEA,54,46,35,yes
1753237456709,1753237456,KXMLBGAME-25JUL22MILSEA-SEA,54,46,54,yes
1753237460040,1753237459,KXMLBGAME-25JUL22MILSEA-MIL,48,52,170,yes
1753237460040,1753237459,KXMLBGAME-25JUL22MILSEA-MIL,48,52,20,yes
1753237466370,1753237466,KXMLBGAME-25JUL22HOUARI-HOU,53,47,182,yes
1753237470484,1753237470,KXMLBGAME-25JUL22HOUARI-HOU,53,47,18,yes
1753237471291,1753237471,KXMLBGAME-25JUL22MILSEA-MIL,48,52,40,yes
1753237473760,1753237473,KXMLBGAME-25JUL22STLCOL-COL,89,11,1,no
1753237473760,1753237473,KXMLBGAME-25JUL22STLCOL-STL,11,89,17,yes
1753237474268,1753237474,KXMLBGAME-25JUL22STLCOL-COL,90,10,415,yes
1753237477531,1753237477,KXMLBGAME-25JUL22MILSEA-SEA,53,47,7,yes
1753237478031,1753237477,KXMLBGAME-25JUL22MILSEA-MIL,48,52,14,yes
1753237480909,1753237480,KXMLBGAME-25JUL22MILSEA-MIL,48,52,10,yes
1753237484001,1753237483,KXMLBGAME-25JUL22STLCOL-STL,11,89,283,yes
1753237484001,1753237483,KXMLBGAME-25JUL22STLCOL-STL,12,88,1310,yes
1753237485024,1753237484,KXMLBGAME-25JUL22MILSEA-SEA,53,47,18,yes
1753237489431,1753237489,KXMLBGAME-25JUL22MINLAD-LAD,64,36,152,yes
1753237491391,1753237491,KXMLBGAME-25JUL22MINLAD-MIN,37,63,10,yes
1753237493230,1753237493,KXMLBGAME-25JUL22MILSEA-MIL,48,52,108,yes
1753237495431,1753237495,KXMLBGAME-25JUL22MINLAD-LAD,64,36,7,yes
1753237495848,1753237495,KXMLBGAME-25JUL22STLCOL-COL,90,10,500,yes
1753237495848,1753237495,KXMLBGAME-25JUL22STLCOL-COL,91,9,200,yes
1753237495848,1753237495,KXMLBGAME-25JUL22STLCOL-COL,91,9,294,yes
1753237505769,1753237505,KXMLBGAME-25JUL22MINLAD-LAD,64,36,10,yes
1753237506631,1753237506,KXMLBGAME-25JUL22STLCOL-COL,89,11,90,yes
1753237506631,1753237506,KXMLBGAME-25JUL22STLCOL-STL,12,88,78,yes
1753237508469,1753237508,KXMLBGAME-25JUL22STLCOL-COL,89,11,1558,yes
1753237510611,1753237510,KXMLBGAME-25JUL22HOUARI-HOU,53,47,17,yes
1753237520411,1753237520,KXMLBGAME-25JUL22STLCOL-COL,88,12,5,no
1753237520411,1753237520,KXMLBGAME-25JUL22STLCOL-COL,88,12,350,no
1753237520500,1753237520,KXMLBGAME-25JUL22STLCOL-STL,12,88,201,yes
1753237522149,1753237522,KXMLBGAME-25JUL22MILSEA-MIL,49,51,2,yes
1753237525731,1753237525,KXMLBGAME-25JUL22STLCOL-COL,86,14,24,yes
1753237525929,1753237525,KXMLBGAME-25JUL22MINLAD-LAD,64,36,58,yes
1753237525929,1753237525,KXMLBGAME-25JUL22MINLAD-LAD,65,35,17,yes
1753237528830,1753237528,KXMLBGAME-25JUL22MINLAD-MIN,37,63,50,yes
1753237530969,1753237530,KXMLBGAME-25JUL22MINLAD-MIN,37,63,10,yes
1753237531890,1753237531,KXMLBGAME-25JUL22STLCOL-STL,16,84,230,yes
1753237536770,1753237536,KXMLBGAME-25JUL22MINLAD-MIN,37,63,12,yes
1753237541971,1753237541,KXMLBGAME-25JUL22STLCOL-STL,17,83,3,yes
1753237541971,1753237541,KXMLBGAME-25JUL22STLCOL-STL,17,83,80,yes
1753237548391,1753237548,KXMLBGAME-25JUL22MILSEA-SEA,54,46,8,yes
1753237552848,1753237552,KXMLBGAME-25JUL22MILSEA-SEA,54,46,41,yes
1753237553369,1753237553,KXMLBGAME-25JUL22KCCHC-CHC,99,1,25,no
1753237556669,1753237556,KXMLBGAME-25JUL22STLCOL-STL,16,84,10,no
1753237557568,1753237557,KXMLBGAME-25JUL22MINLAD-LAD,64,36,4,yes
1753237557829,1753237557,KXMLBGAME-25JUL22STLCOL-STL,17,83,55,yes
1753237560568,1753237560,KXMLBGAME-25JUL22MILSEA-SEA,54,46,143,yes
1753237562911,1753237562,KXMLBGAME-25JUL22STLCOL-COL,86,14,200,yes
1753237562911,1753237562,KXMLBGAME-25JUL22STLCOL-COL,87,13,29,yes
1753237563450,1753237563,KXMLBGAME-25JUL22STLCOL-STL,16,84,15,no
1753237566892,1753237566,KXMLBGAME-25JUL22STLCOL-COL,87,13,1,yes
1753237567310,1753237567,KXMLBGAME-25JUL22MINLAD-LAD,63,37,20,no
1753237567310,1753237567,KXMLBGAME-25JUL22MINLAD-LAD,63,37,5,no
1753237569348,1753237569,KXMLBGAME-25JUL22STLCOL-COL,87,13,270,yes
1753237569348,1753237569,KXMLBGAME-25JUL22STLCOL-COL,87,13,197,yes
1753237571188,1753237571,KXMLBGAME-25JUL22STLCOL-STL,13,87,114,no
1753237571451,1753237571,KXMLBGAME-25JUL22STLCOL-COL,87,13,3,yes
1753237571451,1753237571,KXMLBGAME-25JUL22STLCOL-COL,87,13,100,yes
1753237573850,1753237573,KXMLBGAME-25JUL22KCCHC-KC,1,99,935,yes
1753237578572,1753237578,KXMLBGAME-25JUL22MINLAD-MIN,37,63,38,yes
1753237578590,1753237578,KXMLBGAME-25JUL22MILSEA-MIL,48,52,100,yes
1753237578792,1753237578,KXMLBGAME-25JUL22STLCOL-COL,87,13,113,yes
1753237579150,1753237579,KXMLBGAME-25JUL22STLCOL-STL,16,84,16,yes
1753237580359,1753237580,KXMLBGAME-25JUL22HOUARI-ARI,48,52,50,no
1753237580359,1753237580,KXMLBGAME-25JUL22HOUARI-ARI,47,53,12,no
1753237582101,1753237581,KXMLBGAME-25JUL22STLCOL-STL,16,84,29,yes
1753237585431,1753237585,KXMLBGAME-25JUL22MILSEA-SEA,53,47,50,yes
1753237586032,1753237585,KXMLBGAME-25JUL22STLCOL-COL,87,13,28,yes
1753237590710,1753237590,KXMLBGAME-25JUL22HOUARI-HOU,57,43,600,yes
1753237590710,1753237590,KXMLBGAME-25JUL22HOUARI-HOU,57,43,251,yes
1753237593210,1753237593,KXMLBGAME-25JUL22STLCOL-STL,15,85,26,yes
1753237593210,1753237593,KXMLBGAME-25JUL22STLCOL-STL,15,85,241,yes
1753237593210,1753237593,KXMLBGAME-25JUL22STLCOL-STL,15,85,47,yes
1753237597200,1753237597,KXMLBGAME-25JUL22MILSEA-MIL,47,53,61,yes
1753237597889,1753237597,KXMLBGAME-25JUL22HOUARI-ARI,43,57,446,no
1753237597929,1753237597,KXMLBGAME-25JUL22MILSEA-SEA,54,46,300,yes
1753237597929,1753237597,KXMLBGAME-25JUL22MILSEA-SEA,54,46,199,yes
1753237601155,1753237601,KXMLBGAME-25JUL22MILSEA-MIL,46,54,15,no
1753237602789,1753237602,KXMLBGAME-25JUL22KCCHC-KC,1,99,56,yes
1753237602789,1753237602,KXMLBGAME-25JUL22KCCHC-KC,1,99,4,yes
1753237603634,1753237603,KXMLBGAME-25JUL22MILSEA-MIL,46,54,7,yes
1753237604031,1753237603,KXMLBGAME-25JUL22MILSEA-SEA,55,45,8,yes
1753237606630,1753237606,KXMLBGAME-25JUL22HOUARI-HOU,56,44,71,yes
1753237607691,1753237607,KXMLBGAME-25JUL22STLCOL-COL,87,13,17,yes
1753237607750,1753237607,KXMLBGAME-25JUL22STLCOL-COL,87,13,1,yes
1753237610949,1753237610,KXMLBGAME-25JUL22MINLAD-LAD,59,41,26,yes
1753237611030,1753237610,KXMLBGAME-25JUL22STLCOL-COL,87,13,41,yes
1753237611030,1753237610,KXMLBGAME-25JUL22STLCOL-COL,87,13,72,yes
1753237611868,1753237611,KXMLBGAME-25JUL22HOUARI-ARI,44,56,24,yes
1753237612250,1753237612,KXMLBGAME-25JUL22STLCOL-COL,87,13,423,yes
1753237614073,1753237614,KXMLBGAME-25JUL22STLCOL-COL,87,13,5,yes
1753237614073,1753237614,KXMLBGAME-25JUL22STLCOL-COL,87,13,200,yes
1753237614073,1753237614,KXMLBGAME-25JUL22STLCOL-COL,87,13,300,yes
1753237614073,1753237614,KXMLBGAME-25JUL22STLCOL-COL,87,13,15,yes
1753237614073,1753237614,KXMLBGAME-25JUL22STLCOL-COL,87,13,300,yes
1753237614074,1753237614,KXMLBGAME-25JUL22STLCOL-COL,88,12,300,yes
1753237614074,1753237614,KXMLBGAME-25JUL22STLCOL-COL,88,12,600,yes
1753237614074,1753237614,KXMLBGAME-25JUL22STLCOL-COL,88,12,129,yes
1753237614597,1753237614,KXMLBGAME-25JUL22HOUARI-HOU,58,42,33,yes
1753237618965,1753237618,KXMLBGAME-25JUL22STLCOL-STL,15,85,62,yes
1753237623989,1753237623,KXMLBGAME-25JUL22STLCOL-COL,88,12,33,yes
1753237624910,1753237624,KXMLBGAME-25JUL22STLCOL-COL,87,13,500,yes
1753237624910,1753237624,KXMLBGAME-25JUL22STLCOL-COL,88,12,200,yes
1753237624910,1753237624,KXMLBGAME-25JUL22STLCOL-COL,88,12,300,yes
1753237624910,1753237624,KXMLBGAME-25JUL22STLCOL-COL,88,12,500,yes
1753237624910,1753237624,KXMLBGAME-25JUL22STLCOL-COL,88,12,500,yes
1753237624910,1753237624,KXMLBGAME-25JUL22STLCOL-COL,89,11,253,yes
1753237627031,1753237626,KXMLBGAME-25JUL22HOUARI-HOU,57,43,8,yes
1753237630229,1753237630,KXMLBGAME-25JUL22STLCOL-COL,88,12,3,yes
1753237630449,1753237630,KXMLBGAME-25JUL22STLCOL-COL,88,12,198,yes
1753237631134,1753237631,KXMLBGAME-25JUL22STLCOL-COL,89,11,1,yes
1753237634939,1753237634,KXMLBGAME-25JUL22STLCOL-COL,89,11,111,yes
1753237638091,1753237638,KXMLBGAME-25JUL22MINLAD-LAD,61,39,159,yes
1753237643669,1753237643,KXMLBGAME-25JUL22STLCOL-COL,88,12,202,yes
1753237645251,1753237645,KXMLBGAME-25JUL22MINLAD-LAD,61,39,7,yes
1753237645338,1753237645,KXMLBGAME-25JUL22MINLAD-LAD,61,39,50,yes
1753237645338,1753237645,KXMLBGAME-25JUL22MINLAD-LAD,61,39,15,yes
1753237647631,1753237647,KXMLBGAME-25JUL22MINLAD-LAD,61,39,79,yes
1753237648968,1753237648,KXMLBGAME-25JUL22HOUARI-HOU,62,38,600,yes
1753237648968,1753237648,KXMLBGAME-25JUL22HOUARI-HOU,62,38,500,yes
1753237648968,1753237648,KXMLBGAME-25JUL22HOUARI-HOU,63,37,1,yes
1753237648968,1753237648,KXMLBGAME-25JUL22HOUARI-HOU,63,37,23,yes
1753237654811,1753237654,KXMLBGAME-25JUL22MILSEA-MIL,45,55,250,no
1753237654811,1753237654,KXMLBGAME-25JUL22MILSEA-MIL,45,55,100,no
1753237656872,1753237656,KXMLBGAME-25JUL22MILSEA-SEA,57,43,170,yes
1753237666291,1753237666,KXMLBGAME-25JUL22HOUARI-ARI,37,63,51,no
1753237667697,1753237667,KXMLBGAME-25JUL22MINLAD-LAD,60,40,81,yes
1753237670430,1753237670,KXMLBGAME-25JUL22HOUARI-HOU,63,37,500,yes
1753237670430,1753237670,KXMLBGAME-25JUL22HOUARI-HOU,64,36,94,yes
1753237672871,1753237672,KXMLBGAME-25JUL22KCCHC-KC,1,99,280,yes
1753237673089,1753237673,KXMLBGAME-25JUL22STLCOL-COL,88,12,300,yes
1753237673089,1753237673,KXMLBGAME-25JUL22STLCOL-COL,89,11,385,yes
1753237673089,1753237673,KXMLBGAME-25JUL22STLCOL-COL,89,11,200,yes
1753237673089,1753237673,KXMLBGAME-25JUL22STLCOL-COL,89,11,233,yes
1753237677371,1753237677,KXMLBGAME-25JUL22MILSEA-MIL,44,56,22,no
1753237677835,1753237677,KXMLBGAME-25JUL22MILSEA-MIL,43,57,35,no
1753237678946,1753237678,KXMLBGAME-25JUL22MILSEA-SEA,57,43,63,yes
1753237681790,1753237681,KXMLBGAME-25JUL22HOUARI-HOU,64,36,7,yes
1753237683089,1753237683,KXMLBGAME-25JUL22MINLAD-LAD,61,39,36,yes
1753237692950,1753237692,KXMLBGAME-25JUL22STLCOL-STL,11,89,145,yes
1753237694233,1753237694,KXMLBGAME-25JUL22HOUARI-HOU,62,38,64,yes
1753237696551,1753237696,KXMLBGAME-25JUL22HOUARI-HOU,59,41,300,no
1753237696551,1753237696,KXMLBGAME-25JUL22HOUARI-HOU,59,41,500,no
1753237697450,1753237697,KXMLBGAME-25JUL22STLCOL-COL,89,11,4,no
1753237699651,1753237699,KXMLBGAME-25JUL22MINLAD-LAD,61,39,164,yes
1753237699651,1753237699,KXMLBGAME-25JUL22MINLAD-LAD,61,39,300,yes
1753237699651,1753237699,KXMLBGAME-25JUL22MINLAD-LAD,61,39,300,yes
1753237699651,1753237699,KXMLBGAME-25JUL22MINLAD-LAD,62,38,33,yes
1753237700672,1753237700,KXMLBGAME-25JUL22HOUARI-HOU,59,41,10,yes
1753237701430,1753237701,KXMLBGAME-25JUL22HOUARI-HOU,59,41,10,yes
1753237702969,1753237702,KXMLBGAME-25JUL22HOUARI-HOU,59,41,82,yes
1753237703957,1753237703,KXMLBGAME-25JUL22MILSEA-SEA,57,43,17,yes
1753237704981,1753237704,KXMLBGAME-25JUL22STLCOL-COL,92,8,300,yes
1753237704982,1753237704,KXMLBGAME-25JUL22STLCOL-COL,93,7,4,yes
1753237704982,1753237704,KXMLBGAME-25JUL22STLCOL-COL,93,7,500,yes
1753237704982,1753237704,KXMLBGAME-25JUL22STLCOL-COL,93,7,600,yes
1753237704982,1753237704,KXMLBGAME-25JUL22STLCOL-COL,93,7,2000,yes
1753237704982,1753237704,KXMLBGAME-25JUL22STLCOL-COL,93,7,600,yes
1753237704982,1753237704,KXMLBGAME-25JUL22STLCOL-COL,94,6,772,yes
1753237704982,1753237704,KXMLBGAME-25JUL22STLCOL-COL,94,6,500,yes
1753237704982,1753237704,KXMLBGAME-25JUL22STLCOL-COL,94,6,750,yes
1753237704982,1753237704,KXMLBGAME-25JUL22STLCOL-COL,94,6,300,yes
1753237704982,1753237704,KXMLBGAME-25JUL22STLCOL-COL,95,5,248,yes
1753237706169,1753237706,KXMLBGAME-25JUL22HOUARI-ARI,40,60,59,yes
1753237707449,1753237707,KXMLBGAME-25JUL22MINLAD-LAD,61,39,38,yes
1753237707711,1753237707,KXMLBGAME-25JUL22HOUARI-HOU,59,41,164,yes
1753237712010,1753237711,KXMLBGAME-25JUL22HOUARI-HOU,59,41,300,no
1753237712010,1753237711,KXMLBGAME-25JUL22HOUARI-HOU,58,42,100,no
1753237712010,1753237711,KXMLBGAME-25JUL22HOUARI-HOU,58,42,476,no
1753237714270,1753237714,KXMLBGAME-25JUL22MILSEA-SEA,57,43,17,yes
1753237716011,1753237715,KXMLBGAME-25JUL22MINLAD-LAD,61,39,79,yes
1753237724490,1753237724,KXMLBGAME-25JUL22HOUARI-HOU,62,38,21,yes
1753237729467,1753237729,KXMLBGAME-25JUL22MILSEA-MIL,44,56,85,yes
1753237730647,1753237730,KXMLBGAME-25JUL22HOUARI-ARI,39,61,245,yes
1753237734230,1753237734,KXMLBGAME-25JUL22STLCOL-COL,93,7,107,yes
1753237736197,1753237736,KXMLBGAME-25JUL22STLCOL-STL,7,93,32,no
1753237740488,1753237740,KXMLBGAME-25JUL22MINLAD-LAD,59,41,25,no
1753237740909,1753237740,KXMLBGAME-25JUL22STLCOL-COL,93,7,60,yes
1753237757513,1753237757,KXMLBGAME-25JUL22MINLAD-LAD,58,42,133,yes
1753237760450,1753237760,KXMLBGAME-25JUL22MILSEA-MIL,44,56,1,yes
1753237764783,1753237764,KXMLBGAME-25JUL22STLCOL-COL,95,5,104,yes
1753237768009,1753237767,KXMLBGAME-25JUL22MINLAD-LAD,59,41,16,yes
1753237769555,1753237769,KXMLBGAME-25JUL22MINLAD-LAD,59,41,166,yes
1753237770892,1753237770,KXMLBGAME-25JUL22MILSEA-MIL,44,56,6,yes
1753237777211,1753237777,KXMLBGAME-25JUL22STLCOL-COL,96,4,103,yes
1753237779352,1753237779,KXMLBGAME-25JUL22MINLAD-MIN,43,57,234,yes
1753237781059,1753237780,KXMLBGAME-25JUL22MINLAD-MIN,43,57,4,yes
1753237782570,1753237782,KXMLBGAME-25JUL22MINLAD-LAD,59,41,82,yes
1753237782650,1753237782,KXMLBGAME-25JUL22MILSEA-SEA,57,43,75,yes
1753237782650,1753237782,KXMLBGAME-25JUL22MILSEA-SEA,58,42,435,yes
1753237786432,1753237786,KXMLBGAME-25JUL22HOUARI-ARI,38,62,2,no
1753237789564,1753237789,KXMLBGAME-25JUL22HOUARI-HOU,63,37,12,yes
1753237792172,1753237792,KXMLBGAME-25JUL22HOUARI-HOU,60,40,600,no
1753237792172,1753237792,KXMLBGAME-25JUL22HOUARI-HOU,60,40,300,no
1753237795914,1753237795,KXMLBGAME-25JUL22MILSEA-MIL,44,56,2,yes
1753237796937,1753237796,KXMLBGAME-25JUL22HOUARI-HOU,65,35,52,yes
1753237796937,1753237796,KXMLBGAME-25JUL22HOUARI-HOU,65,35,10,yes
1753237796937,1753237796,KXMLBGAME-25JUL22HOUARI-HOU,67,33,1,yes
1753237796937,1753237796,KXMLBGAME-25JUL22HOUARI-HOU,69,31,10,yes
1753237796937,1753237796,KXMLBGAME-25JUL22HOUARI-HOU,73,27,100,yes
1753237796937,1753237796,KXMLBGAME-25JUL22HOUARI-HOU,75,25,100,yes
1753237796937,1753237796,KXMLBGAME-25JUL22HOUARI-HOU,75,25,2,yes
1753237797148,1753237797,KXMLBGAME-25JUL22MILSEA-MIL,43,57,188,no
1753237797148,1753237797,KXMLBGAME-25JUL22MILSEA-MIL,43,57,10,no
1753237797148,1753237797,KXMLBGAME-25JUL22MILSEA-MIL,41,59,11,no
1753237801111,1753237801,KXMLBGAME-25JUL22STLCOL-STL,5,95,5,no
1753237801488,1753237801,KXMLBGAME-25JUL22KCCHC-KC,1,99,1565,yes
1753237802753,1753237802,KXMLBGAME-25JUL22HOUARI-HOU,58,42,16,yes
1753237803168,1753237803,KXMLBGAME-25JUL22HOUARI-HOU,57,43,58,yes
1753237804511,1753237804,KXMLBGAME-25JUL22MILSEA-MIL,43,57,111,yes
1753237809049,1753237809,KXMLBGAME-25JUL22STLCOL-STL,5,95,6,yes
1753237810769,1753237810,KXMLBGAME-25JUL22MILSEA-MIL,43,57,111,yes
1753237811887,1753237811,KXMLBGAME-25JUL22MINLAD-LAD,58,42,16,yes
1753237815595,1753237815,KXMLBGAME-25JUL22MINLAD-MIN,43,57,95,yes
1753237815595,1753237815,KXMLBGAME-25JUL22MINLAD-MIN,43,57,189,yes
1753237817315,1753237817,KXMLBGAME-25JUL22HOUARI-HOU,57,43,80,yes
1753237817315,1753237817,KXMLBGAME-25JUL22HOUARI-HOU,57,43,5,yes
1753237817872,1753237817,KXMLBGAME-25JUL22MILSEA-MIL,44,56,43,yes
1753237818051,1753237818,KXMLBGAME-25JUL22HOUARI-ARI,44,56,10,yes
1753237818329,1753237818,KXMLBGAME-25JUL22STLCOL-COL,96,4,100,yes
1753237821719,1753237821,KXMLBGAME-25JUL22HOUARI-HOU,57,43,255,yes
1753237823110,1753237823,KXMLBGAME-25JUL22MINLAD-MIN,43,57,53,yes
1753237823110,1753237823,KXMLBGAME-25JUL22MINLAD-MIN,44,56,894,yes
1753237823249,1753237823,KXMLBGAME-25JUL22MINLAD-MIN,44,56,24,yes
1753237823270,1753237823,KXMLBGAME-25JUL22HOUARI-HOU,57,43,170,yes
1753237823428,1753237823,KXMLBGAME-25JUL22MINLAD-LAD,56,44,947,no
1753237823629,1753237823,KXMLBGAME-25JUL22STLCOL-STL,5,95,100,yes
1753237825670,1753237825,KXMLBGAME-25JUL22MINLAD-LAD,56,44,300,no
1753237825670,1753237825,KXMLBGAME-25JUL22MINLAD-LAD,56,44,20,no
1753237825670,1753237825,KXMLBGAME-25JUL22MINLAD-LAD,55,45,100,no
1753237825670,1753237825,KXMLBGAME-25JUL22MINLAD-LAD,55,45,250,no
1753237825749,1753237825,KXMLBGAME-25JUL22MINLAD-MIN,44,56,300,yes
1753237825749,1753237825,KXMLBGAME-25JUL22MINLAD-MIN,44,56,200,yes
1753237825749,1753237825,KXMLBGAME-25JUL22MINLAD-MIN,45,55,250,yes
1753237825749,1753237825,KXMLBGAME-25JUL22MINLAD-MIN,45,55,300,yes
1753237825749,1753237825,KXMLBGAME-25JUL22MINLAD-MIN,45,55,200,yes
1753237825749,1753237825,KXMLBGAME-25JUL22MINLAD-MIN,46,54,600,yes
1753237825749,1753237825,KXMLBGAME-25JUL22MINLAD-MIN,46,54,300,yes
1753237825749,1753237825,KXMLBGAME-25JUL22MINLAD-MIN,46,54,55,yes
1753237827209,1753237827,KXMLBGAME-25JUL22HOUARI-HOU,57,43,70,yes
1753237827209,1753237827,KXMLBGAME-25JUL22HOUARI-HOU,58,42,14,yes
1753237827409,1753237827,KXMLBGAME-25JUL22MINLAD-MIN,47,53,55,yes
1753237829790,1753237829,KXMLBGAME-25JUL22HOUARI-HOU,57,43,30,yes
1753237830889,1753237830,KXMLBGAME-25JUL22STLCOL-STL,5,95,1101,yes
1753237830889,1753237830,KXMLBGAME-25JUL22STLCOL-STL,5,95,774,yes
1753237832590,1753237832,KXMLBGAME-25JUL22HOUARI-HOU,57,43,10,yes
1753237838110,1753237838,KXMLBGAME-25JUL22STLCOL-STL,5,95,1,yes
1753237838923,1753237838,KXMLBGAME-25JUL22MINLAD-MIN,49,51,171,yes
1753237850532,1753237850,KXMLBGAME-25JUL22KCCHC-KC,1,99,187,yes
1753237853848,1753237853,KXMLBGAME-25JUL22KCCHC-KC,1,99,93,yes
1753237855030,1753237854,KXMLBGAME-25JUL22MILSEA-SEA,60,40,2,yes
1753237856573,1753237856,KXMLBGAME-25JUL22HOUARI-HOU,58,42,334,yes
1753237858089,1753237858,KXMLBGAME-25JUL22STLCOL-STL,5,95,50,yes
1753237858890,1753237858,KXMLBGAME-25JUL22STLCOL-COL,96,4,131,yes
1753237861589,1753237861,KXMLBGAME-25JUL22STLCOL-STL,5,95,21,yes
1753237861589,1753237861,KXMLBGAME-25JUL22STLCOL-STL,6,94,155,yes
1753237866131,1753237866,KXMLBGAME-25JUL22MILSEA-MIL,42,58,32,yes
1753237869253,1753237869,KXMLBGAME-25JUL22MINLAD-LAD,51,49,189,yes
1753237873350,1753237873,KXMLBGAME-25JUL22KCCHC-CHC,99,1,2,no
1753237873350,1753237873,KXMLBGAME-25JUL22KCCHC-CHC,99,1,32,no
1753237875774,1753237875,KXMLBGAME-25JUL22MINLAD-LAD,51,49,98,yes
1753237877117,1753237877,KXMLBGAME-25JUL22MINLAD-LAD,51,49,6,yes
1753237879188,1753237879,KXMLBGAME-25JUL22HOUARI-HOU,58,42,83,yes
1753237891788,1753237891,KXMLBGAME-25JUL22MINLAD-MIN,49,51,98,yes
1753237896983,1753237896,KXMLBGAME-25JUL22KCCHC-KC,1,99,280,yes
1753237899850,1753237899,KXMLBGAME-25JUL22HOUARI-HOU,58,42,394,yes
1753237899850,1753237899,KXMLBGAME-25JUL22HOUARI-HOU,59,41,600,yes
1753237899850,1753237899,KXMLBGAME-25JUL22HOUARI-HOU,59,41,300,yes
1753237899850,1753237899,KXMLBGAME-25JUL22HOUARI-HOU,60,40,750,yes
1753237899850,1753237899,KXMLBGAME-25JUL22HOUARI-HOU,60,40,300,yes
1753237899850,1753237899,KXMLBGAME-25JUL22HOUARI-HOU,61,39,113,yes
1753237902310,1753237902,KXMLBGAME-25JUL22MILSEA-MIL,42,58,2,yes
1753237902950,1753237902,KXMLBGAME-25JUL22MINLAD-LAD,53,47,219,yes
1753237906329,1753237906,KXMLBGAME-25JUL22HOUARI-HOU,59,41,64,yes
1753237906629,1753237906,KXMLBGAME-25JUL22HOUARI-HOU,59,41,162,yes
1753237909211,1753237909,KXMLBGAME-25JUL22MILSEA-MIL,42,58,25,yes
1753237909334,1753237909,KXMLBGAME-25JUL22HOUARI-HOU,59,41,18,yes
1753237910127,1753237910,KXMLBGAME-25JUL22MILSEA-SEA,60,40,8,yes
1753237911609,1753237911,KXMLBGAME-25JUL22MILSEA-MIL,42,58,6,yes
1753237912310,1753237912,KXMLBGAME-25JUL22MINLAD-LAD,53,47,36,yes
1753237914210,1753237914,KXMLBGAME-25JUL22HOUARI-HOU,60,40,1,yes
1753237916311,1753237916,KXMLBGAME-25JUL22HOUARI-HOU,60,40,64,yes
1753237917272,1753237917,KXMLBGAME-25JUL22HOUARI-HOU,60,40,39,yes
1753237922430,1753237922,KXMLBGAME-25JUL22STLCOL-STL,5,95,30,yes
1753237922630,1753237922,KXMLBGAME-25JUL22MINLAD-LAD,54,46,44,yes
1753237922649,1753237922,KXMLBGAME-25JUL22STLCOL-COL,96,4,207,yes
1753237922970,1753237922,KXMLBGAME-25JUL22STLCOL-COL,95,5,63,no
1753237925589,1753237925,KXMLBGAME-25JUL22HOUARI-ARI,42,58,733,yes
1753237925589,1753237925,KXMLBGAME-25JUL22HOUARI-ARI,42,58,1306,yes
1753237929688,1753237929,KXMLBGAME-25JUL22HOUARI-HOU,59,41,8,yes
1753237934830,1753237934,KXMLBGAME-25JUL22STLCOL-COL,95,5,30,no
1753237934830,1753237934,KXMLBGAME-25JUL22STLCOL-COL,95,5,37,no
1753237934830,1753237934,KXMLBGAME-25JUL22STLCOL-COL,95,5,2,no
1753237934830,1753237934,KXMLBGAME-25JUL22STLCOL-COL,95,5,500,no
1753237934830,1753237934,KXMLBGAME-25JUL22STLCOL-COL,95,5,4,no
1753237934830,1753237934,KXMLBGAME-25JUL22STLCOL-COL,94,6,1082,no
1753237936350,1753237936,KXMLBGAME-25JUL22HOUARI-HOU,59,41,31,yes
1753237939210,1753237939,KXMLBGAME-25JUL22MINLAD-LAD,54,46,19,yes
1753237940111,1753237940,KXMLBGAME-25JUL22MILSEA-MIL,40,60,250,no
1753237940111,1753237940,KXMLBGAME-25JUL22MILSEA-MIL,40,60,10,no
1753237944601,1753237944,KXMLBGAME-25JUL22HOUARI-HOU,59,41,3,yes
1753237954689,1753237954,KXMLBGAME-25JUL22MINLAD-MIN,48,52,10,yes
1753237955129,1753237955,KXMLBGAME-25JUL22STLCOL-COL,96,4,127,yes
1753237956551,1753237956,KXMLBGAME-25JUL22MINLAD-LAD,54,46,179,yes
1753237958013,1753237957,KXMLBGAME-25JUL22STLCOL-COL,96,4,51,yes
1753237961803,1753237961,KXMLBGAME-25JUL22MILSEA-MIL,39,61,122,yes
1753237965770,1753237965,KXMLBGAME-25JUL22MINLAD-MIN,49,51,300,yes
1753237965770,1753237965,KXMLBGAME-25JUL22MINLAD-MIN,49,51,200,yes
1753237965770,1753237965,KXMLBGAME-25JUL22MINLAD-MIN,49,51,300,yes
1753237972990,1753237972,KXMLBGAME-25JUL22STLCOL-COL,93,7,300,no
1753237972990,1753237972,KXMLBGAME-25JUL22STLCOL-COL,93,7,123,no
1753237973784,1753237973,KXMLBGAME-25JUL22MILSEA-SEA,63,37,54,yes
1753237980771,1753237980,KXMLBGAME-25JUL22MINLAD-LAD,52,48,9,yes
1753237981651,1753237981,KXMLBGAME-25JUL22MILSEA-MIL,39,61,245,yes
1753237983109,1753237983,KXMLBGAME-25JUL22STLCOL-STL,5,95,375,yes
1753237990305,1753237990,KXMLBGAME-25JUL22STLCOL-COL,96,4,10,yes
1753237994449,1753237994,KXMLBGAME-25JUL22MILSEA-SEA,64,36,6,yes
1753238002069,1753238002,KXMLBGAME-25JUL22MILSEA-MIL,38,62,25,yes
1753238004171,1753238004,KXMLBGAME-25JUL22HOUARI-HOU,75,25,103,yes
1753238004310,1753238004,KXMLBGAME-25JUL22MILSEA-MIL,38,62,26,yes
1753238006252,1753238006,KXMLBGAME-25JUL22MILSEA-SEA,64,36,9,yes
1753238007350,1753238007,KXMLBGAME-25JUL22MINLAD-LAD,51,49,11,yes
1753238007930,1753238007,KXMLBGAME-25JUL22MINLAD-LAD,51,49,1,yes
1753238009710,1753238009,KXMLBGAME-25JUL22MINLAD-MIN,51,49,300,yes
1753238009710,1753238009,KXMLBGAME-25JUL22MINLAD-MIN,51,49,173,yes
1753238010151,1753238010,KXMLBGAME-25JUL22STLCOL-STL,5,95,28,yes
1753238011032,1753238010,KXMLBGAME-25JUL22MILSEA-SEA,63,37,1,yes
1753238016996,1753238016,KXMLBGAME-25JUL22MILSEA-MIL,37,63,300,no
1753238016996,1753238016,KXMLBGAME-25JUL22MILSEA-MIL,36,64,14,no
1753238017051,1753238016,KXMLBGAME-25JUL22MILSEA-MIL,39,61,15,yes
1753238017051,1753238016,KXMLBGAME-25JUL22MILSEA-MIL,40,60,225,yes
1753238017503,1753238017,KXMLBGAME-25JUL22MILSEA-SEA,60,40,1,no
1753238017503,1753238017,KXMLBGAME-25JUL22HOUARI-HOU,75,25,45,yes
1753238020649,1753238020,KXMLBGAME-25JUL22MINLAD-MIN,51,49,200,yes
1753238022789,1753238022,KXMLBGAME-25JUL22MINLAD-MIN,51,49,127,yes
1753238022789,1753238022,KXMLBGAME-25JUL22MINLAD-MIN,51,49,62,yes
1753238031742,1753238031,KXMLBGAME-25JUL22MILSEA-MIL,41,59,23,yes
1753238032990,1753238032,KXMLBGAME-25JUL22STLCOL-COL,96,4,17,yes
1753238033311,1753238033,KXMLBGAME-25JUL22MINLAD-MIN,57,43,50,no
1753238033332,1753238033,KXMLBGAME-25JUL22MINLAD-MIN,51,49,140,no
1753238035390,1753238035,KXMLBGAME-25JUL22MINLAD-MIN,64,36,12,yes
1753238035770,1753238035,KXMLBGAME-25JUL22MILSEA-SEA,62,38,150,yes
1753238043311,1753238043,KXMLBGAME-25JUL22MINLAD-LAD,55,45,34,yes
1753238044909,1753238044,KXMLBGAME-25JUL22MILSEA-MIL,41,59,11,yes
1753238047289,1753238047,KXMLBGAME-25JUL22MINLAD-LAD,52,48,35,no
1753238048209,1753238048,KXMLBGAME-25JUL22MINLAD-MIN,48,52,140,yes
1753238049910,1753238049,KXMLBGAME-25JUL22MINLAD-LAD,52,48,147,no
1753238050114,1753238050,KXMLBGAME-25JUL22STLCOL-COL,93,7,52,no
1753238050115,1753238050,KXMLBGAME-25JUL22STLCOL-COL,93,7,68,no
1753238054890,1753238054,KXMLBGAME-25JUL22HOUARI-HOU,63,37,68,yes
1753238060430,1753238060,KXMLBGAME-25JUL22HOUARI-HOU,55,45,32,yes
1753238068211,1753238068,KXMLBGAME-25JUL22MINLAD-MIN,48,52,70,yes
1753238069071,1753238069,KXMLBGAME-25JUL22STLCOL-STL,4,96,94,no
1753238070330,1753238070,KXMLBGAME-25JUL22HOUARI-HOU,58,42,63,yes
1753238075031,1753238074,KXMLBGAME-25JUL22KCCHC-KC,1,99,591,yes
1753238075031,1753238074,KXMLBGAME-25JUL22KCCHC-KC,1,99,157,yes
1753238075629,1753238075,KXMLBGAME-25JUL22MILSEA-SEA,59,41,100,no
1753238075750,1753238075,KXMLBGAME-25JUL22MILSEA-MIL,41,59,100,yes
1753238085068,1753238085,KXMLBGAME-25JUL22STLCOL-COL,96,4,1,yes
1753238085910,1753238085,KXMLBGAME-25JUL22MINLAD-LAD,54,46,3,yes
1753238090408,1753238090,KXMLBGAME-25JUL22MINLAD-LAD,54,46,592,yes
1753238090408,1753238090,KXMLBGAME-25JUL22MINLAD-LAD,54,46,408,yes
1753238090408,1753238090,KXMLBGAME-25JUL22MINLAD-LAD,54,46,300,yes
1753238095188,1753238095,KXMLBGAME-25JUL22MINLAD-LAD,57,43,300,yes
1753238095188,1753238095,KXMLBGAME-25JUL22MINLAD-LAD,58,42,391,yes
1753238097849,1753238097,KXMLBGAME-25JUL22MILSEA-MIL,43,57,22,yes
1753238101171,1753238101,KXMLBGAME-25JUL22MINLAD-LAD,57,43,221,yes
1753238103971,1753238103,KXMLBGAME-25JUL22MILSEA-SEA,57,43,37,no
1753238106528,1753238106,KXMLBGAME-25JUL22HOUARI-HOU,54,46,1794,yes
1753238108130,1753238108,KXMLBGAME-25JUL22STLCOL-STL,5,95,18,yes
1753238109874,1753238109,KXMLBGAME-25JUL22STLCOL-STL,5,95,49,yes
1753238109874,1753238109,KXMLBGAME-25JUL22STLCOL-STL,5,95,4,yes
1753238110012,1753238109,KXMLBGAME-25JUL22MILSEA-MIL,43,57,11,yes
1753238110012,1753238109,KXMLBGAME-25JUL22MINLAD-LAD,57,43,50,yes
1753238110468,1753238110,KXMLBGAME-25JUL22MINLAD-MIN,44,56,300,no
1753238111708,1753238111,KXMLBGAME-25JUL22STLCOL-COL,96,4,149,yes
1753238111708,1753238111,KXMLBGAME-25JUL22STLCOL-COL,96,4,300,yes
1753238111708,1753238111,KXMLBGAME-25JUL22STLCOL-COL,96,4,4,yes
1753238111708,1753238111,KXMLBGAME-25JUL22STLCOL-COL,96,4,66,yes
1753238115088,1753238114,KXMLBGAME-25JUL22MINLAD-MIN,44,56,54,yes
1753238125132,1753238124,KXMLBGAME-25JUL22MINLAD-MIN,45,55,213,yes
1753238129291,1753238129,KXMLBGAME-25JUL22STLCOL-COL,96,4,5,yes
1753238131249,1753238131,KXMLBGAME-25JUL22MILSEA-MIL,43,57,360,yes
1753238131249,1753238131,KXMLBGAME-25JUL22MILSEA-MIL,44,56,76,yes
1753238132294,1753238132,KXMLBGAME-25JUL22MINLAD-MIN,44,56,1,yes
1753238132294,1753238132,KXMLBGAME-25JUL22MINLAD-MIN,45,55,999,yes
1753238133427,1753238133,KXMLBGAME-25JUL22MINLAD-MIN,45,55,1604,yes
1753238134034,1753238133,KXMLBGAME-25JUL22MINLAD-LAD,58,42,1,yes
1753238134034,1753238133,KXMLBGAME-25JUL22MINLAD-LAD,58,42,15,yes
1753238135270,1753238135,KXMLBGAME-25JUL22MINLAD-MIN,45,55,1,yes
1753238135330,1753238135,KXMLBGAME-25JUL22MINLAD-LAD,56,44,1,no
1753238135350,1753238135,KXMLBGAME-25JUL22MINLAD-MIN,52,48,1,no
1753238136171,1753238136,KXMLBGAME-25JUL22MINLAD-LAD,55,45,1,no
1753238136171,1753238136,KXMLBGAME-25JUL22MINLAD-MIN,52,48,1,no
1753238137150,1753238137,KXMLBGAME-25JUL22HOUARI-HOU,56,44,17,yes
1753238138731,1753238138,KXMLBGAME-25JUL22HOUARI-ARI,46,54,115,yes
1753238141489,1753238141,KXMLBGAME-25JUL22MINLAD-LAD,72,28,100,yes
1753238143229,1753238143,KXMLBGAME-25JUL22MILSEA-SEA,58,42,13,yes
1753238144511,1753238144,KXMLBGAME-25JUL22HOUARI-HOU,56,44,62,yes
1753238148669,1753238148,KXMLBGAME-25JUL22HOUARI-HOU,56,44,43,yes
1753238152750,1753238152,KXMLBGAME-25JUL22MINLAD-LAD,47,53,82,yes
1753238153250,1753238153,KXMLBGAME-25JUL22MINLAD-LAD,47,53,20,yes
1753238155389,1753238155,KXMLBGAME-25JUL22MILSEA-SEA,56,44,300,no
1753238157348,1753238157,KXMLBGAME-25JUL22MINLAD-LAD,47,53,205,yes
1753238161411,1753238161,KXMLBGAME-25JUL22MINLAD-LAD,47,53,102,yes
1753238161450,1753238161,KXMLBGAME-25JUL22STLCOL-STL,7,93,16,yes
1753238166350,1753238166,KXMLBGAME-25JUL22MINLAD-LAD,55,45,47,yes
1753238173310,1753238173,KXMLBGAME-25JUL22MINLAD-LAD,47,53,22,yes
1753238180530,1753238180,KXMLBGAME-25JUL22MINLAD-LAD,47,53,141,yes
1753238182731,1753238182,KXMLBGAME-25JUL22MINLAD-LAD,44,56,10,no
1753238184530,1753238184,KXMLBGAME-25JUL22MILSEA-SEA,56,44,55,yes
1753238185149,1753238185,KXMLBGAME-25JUL22MINLAD-LAD,47,53,20,yes
1753238187709,1753238187,KXMLBGAME-25JUL22STLCOL-STL,7,93,131,yes
1753238191389,1753238191,KXMLBGAME-25JUL22STLCOL-STL,7,93,14,yes
1753238192494,1753238192,KXMLBGAME-25JUL22MINLAD-LAD,47,53,117,yes
1753238192494,1753238192,KXMLBGAME-25JUL22MINLAD-LAD,47,53,106,yes
1753238193049,1753238192,KXMLBGAME-25JUL22HOUARI-ARI,47,53,6,yes
1753238194553,1753238194,KXMLBGAME-25JUL22MINLAD-LAD,47,53,10,yes
1753238196649,1753238196,KXMLBGAME-25JUL22MINLAD-MIN,55,45,3,yes
1753238196649,1753238196,KXMLBGAME-25JUL22MINLAD-MIN,56,44,170,yes
1753238198029,1753238197,KXMLBGAME-25JUL22HOUARI-HOU,57,43,3,yes
1753238198249,1753238198,KXMLBGAME-25JUL22MINLAD-LAD,47,53,50,yes
1753238200229,1753238200,KXMLBGAME-25JUL22MINLAD-LAD,47,53,4,yes
1753238201429,1753238201,KXMLBGAME-25JUL22STLCOL-COL,93,7,232,no
1753238201429,1753238201,KXMLBGAME-25JUL22STLCOL-COL,92,8,2,no
1753238204811,1753238204,KXMLBGAME-25JUL22MINLAD-LAD,47,53,238,yes
1753238205070,1753238205,KXMLBGAME-25JUL22STLCOL-STL,7,93,40,yes
1753238208872,1753238208,KXMLBGAME-25JUL22MINLAD-LAD,47,53,61,yes
1753238211609,1753238211,KXMLBGAME-25JUL22MINLAD-LAD,47,53,131,yes
1753238211609,1753238211,KXMLBGAME-25JUL22MINLAD-LAD,47,53,74,yes
1753238213848,1753238213,KXMLBGAME-25JUL22HOUARI-ARI,38,62,115,no
1753238217255,1753238217,KXMLBGAME-25JUL22MINLAD-LAD,47,53,24,yes
1753238221872,1753238221,KXMLBGAME-25JUL22MILSEA-MIL,47,53,47,yes
1753238225410,1753238225,KXMLBGAME-25JUL22HOUARI-HOU,50,50,1,no
1753238225528,1753238225,KXMLBGAME-25JUL22MINLAD-LAD,44,56,16,no
1753238226632,1753238226,KXMLBGAME-25JUL22MILSEA-SEA,56,44,8,yes
1753238231051,1753238231,KXMLBGAME-25JUL22MILSEA-MIL,47,53,41,yes
1753238232633,1753238232,KXMLBGAME-25JUL22HOUARI-HOU,49,51,15,yes
1753238233010,1753238232,KXMLBGAME-25JUL22MILSEA-MIL,47,53,1,yes
1753238233111,1753238233,KXMLBGAME-25JUL22HOUARI-HOU,49,51,197,yes
1753238234386,1753238234,KXMLBGAME-25JUL22STLCOL-STL,7,93,13,yes
1753238234469,1753238234,KXMLBGAME-25JUL22MINLAD-LAD,46,54,41,yes
1753238237608,1753238237,KXMLBGAME-25JUL22MINLAD-MIN,56,44,12,yes
1753238242688,1753238242,KXMLBGAME-25JUL22MINLAD-MIN,56,44,375,yes
1753238246930,1753238246,KXMLBGAME-25JUL22MINLAD-LAD,44,56,26,no
1753238251596,1753238251,KXMLBGAME-25JUL22MINLAD-MIN,56,44,140,yes
1753238251729,1753238251,KXMLBGAME-25JUL22MINLAD-LAD,46,54,25,yes
1753238252722,1753238252,KXMLBGAME-25JUL22MILSEA-MIL,47,53,10,yes
1753238253830,1753238253,KXMLBGAME-25JUL22STLCOL-COL,95,5,10,yes
1753238257353,1753238257,KXMLBGAME-25JUL22MILSEA-MIL,47,53,86,yes
1753238258449,1753238258,KXMLBGAME-25JUL22STLCOL-COL,95,5,1,yes
1753238261491,1753238261,KXMLBGAME-25JUL22MINLAD-LAD,47,53,300,yes
1753238261491,1753238261,KXMLBGAME-25JUL22MINLAD-LAD,48,52,45,yes
1753238263052,1753238263,KXMLBGAME-25JUL22HOUARI-HOU,46,54,209,yes
1753238266328,1753238266,KXMLBGAME-25JUL22HOUARI-HOU,46,54,20,yes
1753238269410,1753238269,KXMLBGAME-25JUL22MINLAD-LAD,46,54,1,yes
1753238269410,1753238269,KXMLBGAME-25JUL22MINLAD-LAD,47,53,5,yes
1753238278389,1753238278,KXMLBGAME-25JUL22MINLAD-LAD,47,53,1,yes
1753238278389,1753238278,KXMLBGAME-25JUL22MINLAD-LAD,48,52,7,yes
1753238281691,1753238281,KXMLBGAME-25JUL22HOUARI-HOU,46,54,10,yes
1753238284057,1753238283,KXMLBGAME-25JUL22MINLAD-LAD,48,52,1,yes
1753238284192,1753238284,KXMLBGAME-25JUL22MINLAD-MIN,55,45,70,yes
1753238284250,1753238284,KXMLBGAME-25JUL22HOUARI-HOU,46,54,104,yes
1753238284634,1753238284,KXMLBGAME-25JUL22STLCOL-COL,95,5,19,yes
1753238285172,1753238285,KXMLBGAME-25JUL22MINLAD-LAD,48,52,40,yes
1753238285860,1753238285,KXMLBGAME-25JUL22MINLAD-MIN,55,45,88,yes
1753238287030,1753238286,KXMLBGAME-25JUL22MINLAD-MIN,55,45,21,yes
1753238289550,1753238289,KXMLBGAME-25JUL22STLCOL-COL,95,5,22,yes
1753238292046,1753238291,KXMLBGAME-25JUL22MINLAD-LAD,48,52,90,yes
1753238294591,1753238294,KXMLBGAME-25JUL22MINLAD-LAD,48,52,20,yes
1753238294610,1753238294,KXMLBGAME-25JUL22HOUARI-ARI,55,45,16,yes
1753238294610,1753238294,KXMLBGAME-25JUL22HOUARI-ARI,55,45,36,yes
1753238296670,1753238296,KXMLBGAME-25JUL22MINLAD-LAD,47,53,20,yes
1753238298749,1753238298,KXMLBGAME-25JUL22KCCHC-CHC,99,1,68,no
1753238300646,1753238300,KXMLBGAME-25JUL22MINLAD-LAD,46,54,205,yes
1753238301875,1753238301,KXMLBGAME-25JUL22STLCOL-COL,95,5,1,yes
1753238305869,1753238305,KXMLBGAME-25JUL22HOUARI-HOU,47,53,5,yes
1753238306230,1753238306,KXMLBGAME-25JUL22STLCOL-STL,7,93,6,yes
1753238307450,1753238307,KXMLBGAME-25JUL22STLCOL-COL,96,4,15,yes
1753238308249,1753238308,KXMLBGAME-25JUL22MINLAD-LAD,47,53,51,yes
1753238311700,1753238311,KXMLBGAME-25JUL22HOUARI-ARI,54,46,300,yes
1753238311745,1753238311,KXMLBGAME-25JUL22HOUARI-ARI,55,45,316,yes
1753238311745,1753238311,KXMLBGAME-25JUL22HOUARI-ARI,55,45,600,yes
1753238311745,1753238311,KXMLBGAME-25JUL22HOUARI-ARI,56,44,200,yes
1753238311745,1753238311,KXMLBGAME-25JUL22HOUARI-ARI,56,44,600,yes
1753238311745,1753238311,KXMLBGAME-25JUL22HOUARI-ARI,56,44,2000,yes
1753238311745,1753238311,KXMLBGAME-25JUL22HOUARI-ARI,57,43,200,yes
1753238311745,1753238311,KXMLBGAME-25JUL22HOUARI-ARI,57,43,135,yes
1753238312072,1753238312,KXMLBGAME-25JUL22STLCOL-STL,5,95,178,no
1753238316350,1753238316,KXMLBGAME-25JUL22MINLAD-MIN,53,47,300,no
1753238317368,1753238317,KXMLBGAME-25JUL22MILSEA-MIL,47,53,55,yes
1753238317368,1753238317,KXMLBGAME-25JUL22MILSEA-MIL,47,53,950,yes
1753238318630,1753238318,KXMLBGAME-25JUL22MINLAD-MIN,53,47,18,yes
1753238320531,1753238320,KXMLBGAME-25JUL22MINLAD-MIN,53,47,250,yes
1753238320751,1753238320,KXMLBGAME-25JUL22STLCOL-COL,96,4,485,yes
1753238320751,1753238320,KXMLBGAME-25JUL22STLCOL-COL,96,4,600,yes
1753238320751,1753238320,KXMLBGAME-25JUL22STLCOL-COL,96,4,300,yes
1753238320751,1753238320,KXMLBGAME-25JUL22STLCOL-COL,97,3,200,yes
1753238320751,1753238320,KXMLBGAME-25JUL22STLCOL-COL,97,3,300,yes
1753238320751,1753238320,KXMLBGAME-25JUL22STLCOL-COL,97,3,185,yes
1753238321071,1753238321,KXMLBGAME-25JUL22HOUARI-ARI,53,47,100,no
1753238322929,1753238322,KXMLBGAME-25JUL22HOUARI-HOU,46,54,104,yes
1753238324050,1753238324,KXMLBGAME-25JUL22MINLAD-LAD,50,50,96,yes
1753238326571,1753238326,KXMLBGAME-25JUL22MILSEA-MIL,44,56,500,no
1753238326951,1753238326,KXMLBGAME-25JUL22HOUARI-ARI,54,46,300,yes
1753238327588,1753238327,KXMLBGAME-25JUL22MINLAD-LAD,50,50,18,yes
1753238328630,1753238328,KXMLBGAME-25JUL22MILSEA-MIL,44,56,21,yes
1753238330009,1753238329,KXMLBGAME-25JUL22MINLAD-LAD,50,50,582,yes
1753238330009,1753238329,KXMLBGAME-25JUL22MINLAD-LAD,50,50,618,yes
1753238332211,1753238332,KXMLBGAME-25JUL22MINLAD-LAD,50,50,244,yes
1753238332330,1753238332,KXMLBGAME-25JUL22MILSEA-MIL,45,55,53,yes
1753238333392,1753238333,KXMLBGAME-25JUL22STLCOL-COL,96,4,1,yes
1753238341135,1753238341,KXMLBGAME-25JUL22HOUARI-ARI,54,46,294,no
1753238341891,1753238341,KXMLBGAME-25JUL22MILSEA-MIL,44,56,21,yes
1753238346670,1753238346,KXMLBGAME-25JUL22MINLAD-LAD,50,50,250,yes
1753238352768,1753238352,KXMLBGAME-25JUL22MINLAD-MIN,49,51,13,no
1753238353689,1753238353,KXMLBGAME-25JUL22MINLAD-LAD,51,49,189,yes
1753238358969,1753238358,KXMLBGAME-25JUL22MINLAD-LAD,50,50,150,yes
1753238359949,1753238359,KXMLBGAME-25JUL22MILSEA-SEA,59,41,2,yes
1753238362799,1753238362,KXMLBGAME-25JUL22MINLAD-LAD,51,49,93,yes
1753238366836,1753238366,KXMLBGAME-25JUL22MINLAD-LAD,50,50,15,yes
1753238367513,1753238367,KXMLBGAME-25JUL22STLCOL-STL,6,94,13,yes
1753238368449,1753238368,KXMLBGAME-25JUL22HOUARI-ARI,55,45,3,yes
1753238368951,1753238368,KXMLBGAME-25JUL22HOUARI-HOU,46,54,31,yes
1753238368951,1753238368,KXMLBGAME-25JUL22HOUARI-HOU,46,54,10,yes
1753238372123,1753238372,KXMLBGAME-25JUL22STLCOL-COL,96,4,31,yes
1753238376489,1753238376,KXMLBGAME-25JUL22MINLAD-LAD,50,50,30,yes
1753238382928,1753238382,KXMLBGAME-25JUL22MINLAD-MIN,51,49,568,yes
1753238387271,1753238387,KXMLBGAME-25JUL22MILSEA-MIL,43,57,261,yes
1753238391870,1753238391,KXMLBGAME-25JUL22STLCOL-COL,95,5,274,yes
1753238394809,1753238394,KXMLBGAME-25JUL22HOUARI-HOU,46,54,48,yes
1753238395550,1753238395,KXMLBGAME-25JUL22MINLAD-LAD,51,49,18,yes
1753238402969,1753238402,KXMLBGAME-25JUL22MILSEA-MIL,43,57,1,yes
1753238405410,1753238405,KXMLBGAME-25JUL22MINLAD-LAD,51,49,100,yes
1753238407991,1753238407,KXMLBGAME-25JUL22MINLAD-LAD,51,49,284,yes
1753238408109,1753238408,KXMLBGAME-25JUL22MINLAD-LAD,51,49,75,yes
1753238409549,1753238409,KXMLBGAME-25JUL22STLCOL-STL,6,94,156,yes
1753238412630,1753238412,KXMLBGAME-25JUL22MILSEA-MIL,43,57,223,yes
1753238413490,1753238413,KXMLBGAME-25JUL22STLCOL-COL,95,5,104,yes
1753238416510,1753238416,KXMLBGAME-25JUL22HOUARI-HOU,46,54,60,yes
1753238424949,1753238424,KXMLBGAME-25JUL22MILSEA-MIL,43,57,22,yes
1753238427451,1753238427,KXMLBGAME-25JUL22MINLAD-MIN,54,46,9,yes
1753238427490,1753238427,KXMLBGAME-25JUL22MINLAD-LAD,50,50,9,no
1753238427510,1753238427,KXMLBGAME-25JUL22MINLAD-MIN,55,45,36,no
1753238427510,1753238427,KXMLBGAME-25JUL22MINLAD-LAD,50,50,11,no
1753238427510,1753238427,KXMLBGAME-25JUL22MINLAD-LAD,50,50,25,no
1753238428989,1753238428,KXMLBGAME-25JUL22MINLAD-LAD,50,50,75,no
1753238428989,1753238428,KXMLBGAME-25JUL22MINLAD-LAD,50,50,500,no
1753238428989,1753238428,KXMLBGAME-25JUL22MINLAD-LAD,46,54,25,no
1753238429048,1753238428,KXMLBGAME-25JUL22MINLAD-MIN,55,45,575,no
1753238431129,1753238431,KXMLBGAME-25JUL22MINLAD-MIN,65,35,52,yes
1753238431129,1753238431,KXMLBGAME-25JUL22MINLAD-MIN,65,35,10,yes
1753238436412,1753238436,KXMLBGAME-25JUL22MINLAD-LAD,29,71,15,yes
1753238436471,1753238436,KXMLBGAME-25JUL22MINLAD-LAD,29,71,34,yes
1753238439969,1753238439,KXMLBGAME-25JUL22MINLAD-LAD,30,70,31,yes
1753238441169,1753238441,KXMLBGAME-25JUL22MINLAD-MIN,70,30,93,no
1753238442711,1753238442,KXMLBGAME-25JUL22MINLAD-LAD,30,70,31,yes
1753238443328,1753238443,KXMLBGAME-25JUL22MINLAD-LAD,30,70,79,yes
1753238446612,1753238446,KXMLBGAME-25JUL22STLCOL-COL,97,3,10,yes
1753238446612,1753238446,KXMLBGAME-25JUL22STLCOL-COL,97,3,98,yes
1753238450468,1753238450,KXMLBGAME-25JUL22STLCOL-STL,5,95,169,no
1753238450468,1753238450,KXMLBGAME-25JUL22STLCOL-STL,5,95,300,no
1753238451129,1753238451,KXMLBGAME-25JUL22MINLAD-MIN,71,29,10,no
1753238452009,1753238451,KXMLBGAME-25JUL22HOUARI-ARI,53,47,49,no
1753238452308,1753238452,KXMLBGAME-25JUL22MINLAD-MIN,71,29,50,no
1753238452588,1753238452,KXMLBGAME-25JUL22MINLAD-LAD,29,71,504,yes
1753238456231,1753238456,KXMLBGAME-25JUL22STLCOL-STL,4,96,71,no
1753238456231,1753238456,KXMLBGAME-25JUL22STLCOL-STL,4,96,100,no
1753238456231,1753238456,KXMLBGAME-25JUL22STLCOL-STL,4,96,4,no
1753238456231,1753238456,KXMLBGAME-25JUL22STLCOL-STL,4,96,10,no
1753238456570,1753238456,KXMLBGAME-25JUL22MINLAD-LAD,26,74,10,no
1753238456971,1753238456,KXMLBGAME-25JUL22STLCOL-COL,97,3,300,yes
1753238456971,1753238456,KXMLBGAME-25JUL22STLCOL-COL,98,2,300,yes
1753238456971,1753238456,KXMLBGAME-25JUL22STLCOL-COL,98,2,500,yes
1753238456971,1753238456,KXMLBGAME-25JUL22STLCOL-COL,98,2,600,yes
1753238456971,1753238456,KXMLBGAME-25JUL22STLCOL-COL,98,2,600,yes
1753238456972,1753238456,KXMLBGAME-25JUL22STLCOL-COL,98,2,2000,yes
1753238456972,1753238456,KXMLBGAME-25JUL22STLCOL-COL,98,2,200,yes
1753238456972,1753238456,KXMLBGAME-25JUL22STLCOL-COL,98,2,299,yes
1753238459469,1753238459,KXMLBGAME-25JUL22MINLAD-LAD,26,74,306,no
1753238459939,1753238459,KXMLBGAME-25JUL22MINLAD-LAD,29,71,32,yes
1753238464273,1753238464,KXMLBGAME-25JUL22MINLAD-LAD,29,71,64,yes
1753238464273,1753238464,KXMLBGAME-25JUL22MINLAD-LAD,29,71,182,yes
1753238464290,1753238464,KXMLBGAME-25JUL22MINLAD-MIN,71,29,14,no
1753238466638,1753238466,KXMLBGAME-25JUL22MINLAD-MIN,72,28,2,yes
1753238467800,1753238467,KXMLBGAME-25JUL22MINLAD-LAD,27,73,200,no
1753238467800,1753238467,KXMLBGAME-25JUL22MINLAD-LAD,27,73,304,no
1753238469402,1753238469,KXMLBGAME-25JUL22MINLAD-LAD,30,70,98,yes
1753238470910,1753238470,KXMLBGAME-25JUL22MILSEA-SEA,60,40,40,yes
1753238473091,1753238473,KXMLBGAME-25JUL22MINLAD-LAD,30,70,3,yes
1753238476031,1753238475,KXMLBGAME-25JUL22MINLAD-LAD,39,61,412,yes
1753238476728,1753238476,KXMLBGAME-25JUL22STLCOL-STL,3,97,20,no
1753238476728,1753238476,KXMLBGAME-25JUL22STLCOL-STL,2,98,45,no
1753238480848,1753238480,KXMLBGAME-25JUL22MINLAD-LAD,50,50,9,yes
1753238482150,1753238482,KXMLBGAME-25JUL22MINLAD-MIN,72,28,43,yes
1753238482150,1753238482,KXMLBGAME-25JUL22MINLAD-MIN,72,28,100,yes
1753238482150,1753238482,KXMLBGAME-25JUL22MINLAD-MIN,73,27,100,yes
1753238482150,1753238482,KXMLBGAME-25JUL22MINLAD-MIN,75,25,100,yes
1753238482151,1753238482,KXMLBGAME-25JUL22MINLAD-MIN,75,25,123,yes
1753238482589,1753238482,KXMLBGAME-25JUL22STLCOL-STL,9,91,61,yes
1753238482688,1753238482,KXMLBGAME-25JUL22MINLAD-LAD,50,50,10,yes
1753238486648,1753238486,KXMLBGAME-25JUL22MILSEA-SEA,60,40,8,yes
1753238487110,1753238487,KXMLBGAME-25JUL22MINLAD-LAD,29,71,6,yes
1753238487430,1753238487,KXMLBGAME-25JUL22MINLAD-LAD,29,71,12,yes
1753238488293,1753238488,KXMLBGAME-25JUL22MINLAD-LAD,29,71,16,yes
1753238488370,1753238488,KXMLBGAME-25JUL22STLCOL-COL,99,1,775,yes
1753238488551,1753238488,KXMLBGAME-25JUL22MINLAD-LAD,28,72,200,no
1753238488551,1753238488,KXMLBGAME-25JUL22MINLAD-LAD,28,72,25,no
1753238490389,1753238490,KXMLBGAME-25JUL22MILSEA-SEA,59,41,60,no
1753238491911,1753238491,KXMLBGAME-25JUL22STLCOL-STL,4,96,599,yes
1753238491911,1753238491,KXMLBGAME-25JUL22STLCOL-STL,4,96,103,yes
1753238492449,1753238492,KXMLBGAME-25JUL22MINLAD-MIN,75,25,26,yes
1753238492829,1753238492,KXMLBGAME-25JUL22STLCOL-COL,99,1,25,yes
1753238493051,1753238493,KXMLBGAME-25JUL22MINLAD-MIN,75,25,51,yes
1753238493051,1753238493,KXMLBGAME-25JUL22MINLAD-MIN,75,25,14,yes
1753238493570,1753238493,KXMLBGAME-25JUL22HOUARI-HOU,47,53,100,yes
1753238493570,1753238493,KXMLBGAME-25JUL22HOUARI-HOU,47,53,187,yes
1753238494929,1753238494,KXMLBGAME-25JUL22MINLAD-LAD,28,72,170,yes
1753238496535,1753238496,KXMLBGAME-25JUL22MILSEA-SEA,59,41,126,yes
1753238496869,1753238496,KXMLBGAME-25JUL22MINLAD-MIN,75,25,13,yes
1753238499108,1753238499,KXMLBGAME-25JUL22MINLAD-LAD,28,72,71,yes
1753238501830,1753238501,KXMLBGAME-25JUL22MINLAD-LAD,29,71,65,yes
1753238501990,1753238501,KXMLBGAME-25JUL22MINLAD-LAD,29,71,63,yes
1753238502392,1753238502,KXMLBGAME-25JUL22MINLAD-MIN,75,25,26,yes
1753238504130,1753238504,KXMLBGAME-25JUL22HOUARI-HOU,46,54,50,no
1753238504131,1753238504,KXMLBGAME-25JUL22HOUARI-HOU,45,55,5,no
1753238504131,1753238504,KXMLBGAME-25JUL22HOUARI-HOU,43,57,295,no
1753238504291,1753238504,KXMLBGAME-25JUL22HOUARI-ARI,56,44,300,yes
1753238504291,1753238504,KXMLBGAME-25JUL22HOUARI-ARI,56,44,200,yes
1753238504291,1753238504,KXMLBGAME-25JUL22HOUARI-ARI,57,43,231,yes
1753238504471,1753238504,KXMLBGAME-25JUL22MILSEA-MIL,43,57,200,yes
1753238504471,1753238504,KXMLBGAME-25JUL22MILSEA-MIL,43,57,23,yes
1753238505649,1753238505,KXMLBGAME-25JUL22HOUARI-ARI,57,43,69,yes
1753238505649,1753238505,KXMLBGAME-25JUL22HOUARI-ARI,57,43,200,yes
1753238505649,1753238505,KXMLBGAME-25JUL22HOUARI-ARI,57,43,600,yes
1753238510508,1753238510,KXMLBGAME-25JUL22HOUARI-ARI,60,40,16,yes
1753238516814,1753238516,KXMLBGAME-25JUL22MINLAD-MIN,73,27,112,yes
1753238517352,1753238517,KXMLBGAME-25JUL22MINLAD-MIN,73,27,134,yes
1753238519369,1753238519,KXMLBGAME-25JUL22MILSEA-MIL,42,58,7,yes
1753238523171,1753238523,KXMLBGAME-25JUL22MINLAD-MIN,73,27,265,yes
1753238524111,1753238524,KXMLBGAME-25JUL22MINLAD-LAD,30,70,95,yes
1753238524329,1753238524,KXMLBGAME-25JUL22MINLAD-LAD,30,70,31,yes
1753238524828,1753238524,KXMLBGAME-25JUL22STLCOL-STL,2,98,255,no
1753238526511,1753238526,KXMLBGAME-25JUL22MINLAD-LAD,30,70,15,yes
1753238527069,1753238527,KXMLBGAME-25JUL22MINLAD-LAD,30,70,59,yes
1753238527069,1753238527,KXMLBGAME-25JUL22MINLAD-LAD,30,70,91,yes
1753238527188,1753238527,KXMLBGAME-25JUL22MINLAD-LAD,26,74,29,no
1753238527431,1753238527,KXMLBGAME-25JUL22MINLAD-MIN,73,27,4,yes
1753238534371,1753238534,KXMLBGAME-25JUL22MINLAD-LAD,29,71,63,yes
1753238536789,1753238536,KXMLBGAME-25JUL22MINLAD-LAD,29,71,150,yes
1753238538151,1753238538,KXMLBGAME-25JUL22MINLAD-LAD,30,70,41,yes
1753238539412,1753238539,KXMLBGAME-25JUL22STLCOL-STL,3,97,297,yes
1753238539412,1753238539,KXMLBGAME-25JUL22STLCOL-STL,3,97,300,yes
1753238539412,1753238539,KXMLBGAME-25JUL22STLCOL-STL,4,96,11,yes
1753238541072,1753238541,KXMLBGAME-25JUL22MINLAD-LAD,30,70,219,yes
1753238542107,1753238542,KXMLBGAME-25JUL22MINLAD-LAD,30,70,9,yes
1753238545592,1753238545,KXMLBGAME-25JUL22STLCOL-STL,3,97,12,yes
1753238547191,1753238547,KXMLBGAME-25JUL22MINLAD-MIN,73,27,53,yes
1753238551110,1753238551,KXMLBGAME-25JUL22MINLAD-LAD,29,71,95,yes
1753238551270,1753238551,KXMLBGAME-25JUL22MINLAD-LAD,29,71,101,yes
1753238553830,1753238553,KXMLBGAME-25JUL22MILSEA-SEA,60,40,200,yes
1753238554629,1753238554,KXMLBGAME-25JUL22MILSEA-MIL,42,58,45,yes
1753238554809,1753238554,KXMLBGAME-25JUL22STLCOL-COL,98,2,11,yes
1753238556569,1753238556,KXMLBGAME-25JUL22MINLAD-LAD,26,74,96,no
1753238556949,1753238556,KXMLBGAME-25JUL22STLCOL-COL,98,2,17,no
1753238557429,1753238557,KXMLBGAME-25JUL22MILSEA-SEA,58,42,60,no
1753238558408,1753238558,KXMLBGAME-25JUL22MILSEA-MIL,42,58,98,yes
1753238558630,1753238558,KXMLBGAME-25JUL22MILSEA-SEA,60,40,140,no
1753238558630,1753238558,KXMLBGAME-25JUL22MILSEA-SEA,60,40,60,no
1753238559469,1753238559,KXMLBGAME-25JUL22STLCOL-COL,98,2,736,no
1753238561468,1753238561,KXMLBGAME-25JUL22HOUARI-ARI,57,43,17,yes
1753238562431,1753238562,KXMLBGAME-25JUL22MINLAD-LAD,30,70,36,no
1753238564969,1753238564,KXMLBGAME-25JUL22HOUARI-HOU,44,56,43,yes
1753238566630,1753238566,KXMLBGAME-25JUL22STLCOL-COL,99,1,200,yes
1753238566630,1753238566,KXMLBGAME-25JUL22STLCOL-COL,99,1,60,yes
1753238567351,1753238567,KXMLBGAME-25JUL22STLCOL-STL,3,97,15,yes
1753238568313,1753238568,KXMLBGAME-25JUL22MINLAD-MIN,69,31,91,yes
1753238568313,1753238568,KXMLBGAME-25JUL22MINLAD-MIN,69,31,143,yes
1753238568313,1753238568,KXMLBGAME-25JUL22MINLAD-MIN,70,30,118,yes
1753238568750,1753238568,KXMLBGAME-25JUL22MINLAD-LAD,33,67,144,yes
1753238569770,1753238569,KXMLBGAME-25JUL22MINLAD-LAD,33,67,95,yes
1753238570990,1753238570,KXMLBGAME-25JUL22MILSEA-MIL,47,53,60,yes
1753238570990,1753238570,KXMLBGAME-25JUL22MILSEA-MIL,47,53,22,yes
1753238575889,1753238575,KXMLBGAME-25JUL22MINLAD-MIN,70,30,158,yes
1753238576071,1753238576,KXMLBGAME-25JUL22MINLAD-MIN,70,30,158,yes
1753238576388,1753238576,KXMLBGAME-25JUL22MINLAD-LAD,33,67,208,yes
1753238578808,1753238578,KXMLBGAME-25JUL22MINLAD-LAD,33,67,144,yes
1753238579688,1753238579,KXMLBGAME-25JUL22MINLAD-LAD,33,67,289,yes
1753238581151,1753238581,KXMLBGAME-25JUL22HOUARI-ARI,56,44,8,yes
1753238581428,1753238581,KXMLBGAME-25JUL22MINLAD-LAD,33,67,1,yes
1753238582309,1753238582,KXMLBGAME-25JUL22MINLAD-LAD,33,67,250,yes
1753238582760,1753238582,KXMLBGAME-25JUL22STLCOL-COL,98,2,71,no
1753238584210,1753238584,KXMLBGAME-25JUL22MINLAD-LAD,33,67,50,yes
1753238585288,1753238585,KXMLBGAME-25JUL22MINLAD-LAD,33,67,113,yes
1753238587448,1753238587,KXMLBGAME-25JUL22MINLAD-LAD,33,67,283,yes
1753238587951,1753238587,KXMLBGAME-25JUL22MINLAD-MIN,70,30,66,yes
1753238587951,1753238587,KXMLBGAME-25JUL22MINLAD-MIN,70,30,283,yes
1753238589749,1753238589,KXMLBGAME-25JUL22MINLAD-LAD,33,67,57,yes
1753238590271,1753238590,KXMLBGAME-25JUL22MILSEA-SEA,56,44,9,yes
1753238591464,1753238591,KXMLBGAME-25JUL22HOUARI-HOU,44,56,54,yes
1753238597278,1753238597,KXMLBGAME-25JUL22MINLAD-LAD,33,67,15,yes
1753238603309,1753238603,KXMLBGAME-25JUL22MINLAD-LAD,33,67,72,yes
1753238603709,1753238603,KXMLBGAME-25JUL22MINLAD-LAD,33,67,23,yes
1753238608489,1753238608,KXMLBGAME-25JUL22MINLAD-MIN,70,30,2013,yes
1753238611030,1753238610,KXMLBGAME-25JUL22MINLAD-LAD,33,67,28,yes
1753238611739,1753238611,KXMLBGAME-25JUL22MILSEA-MIL,48,52,100,yes
1753238612190,1753238612,KXMLBGAME-25JUL22MILSEA-MIL,48,52,50,yes
1753238613679,1753238613,KXMLBGAME-25JUL22MINLAD-MIN,67,33,10,no
1753238615170,1753238615,KXMLBGAME-25JUL22MINLAD-LAD,33,67,57,yes
1753238615469,1753238615,KXMLBGAME-25JUL22MINLAD-LAD,33,67,237,yes
1753238615610,1753238615,KXMLBGAME-25JUL22MINLAD-LAD,33,67,2,yes
1753238616553,1753238616,KXMLBGAME-25JUL22HOUARI-HOU,47,53,20,yes
1753238616609,1753238616,KXMLBGAME-25JUL22MINLAD-MIN,70,30,81,yes
1753238617789,1753238617,KXMLBGAME-25JUL22MINLAD-LAD,33,67,5,yes
1753238622990,1753238622,KXMLBGAME-25JUL22MINLAD-MIN,70,30,16,yes
1753238623750,1753238623,KXMLBGAME-25JUL22MILSEA-SEA,56,44,17,yes
1753238625331,1753238625,KXMLBGAME-25JUL22MILSEA-MIL,48,52,20,yes
1753238626930,1753238626,KXMLBGAME-25JUL22MINLAD-MIN,70,30,69,yes
1753238627230,1753238627,KXMLBGAME-25JUL22MINLAD-MIN,70,30,96,yes
1753238634169,1753238634,KXMLBGAME-25JUL22STLCOL-STL,3,97,7,yes
1753238636211,1753238636,KXMLBGAME-25JUL22MINLAD-LAD,33,67,14,yes
1753238637189,1753238637,KXMLBGAME-25JUL22MINLAD-LAD,33,67,289,yes
1753238637353,1753238637,KXMLBGAME-25JUL22MINLAD-MIN,67,33,19,no
1753238638671,1753238638,KXMLBGAME-25JUL22MINLAD-LAD,33,67,28,yes
1753238641849,1753238641,KXMLBGAME-25JUL22MINLAD-MIN,68,32,2,yes
1753238644951,1753238644,KXMLBGAME-25JUL22MINLAD-MIN,67,33,193,no
1753238650089,1753238649,KXMLBGAME-25JUL22STLCOL-COL,98,2,2364,yes
1753238656391,1753238656,KXMLBGAME-25JUL22MINLAD-LAD,33,67,5,yes
1753238658844,1753238658,KXMLBGAME-25JUL22MINLAD-LAD,33,67,71,yes
1753238660370,1753238660,KXMLBGAME-25JUL22STLCOL-COL,98,2,101,yes
1753238665469,1753238665,KXMLBGAME-25JUL22STLCOL-STL,5,95,14,yes
1753238668668,1753238668,KXMLBGAME-25JUL22MINLAD-MIN,68,32,7,yes
1753238668671,1753238668,KXMLBGAME-25JUL22MINLAD-LAD,33,67,28,yes
1753238670188,1753238670,KXMLBGAME-25JUL22MINLAD-LAD,33,67,8,yes
1753238673331,1753238673,KXMLBGAME-25JUL22MILSEA-MIL,48,52,116,yes
1753238674492,1753238674,KXMLBGAME-25JUL22HOUARI-HOU,52,48,580,yes
1753238681884,1753238681,KXMLBGAME-25JUL22MINLAD-LAD,33,67,289,yes
1753238684342,1753238684,KXMLBGAME-25JUL22MINLAD-MIN,68,32,1,yes
1753238685691,1753238685,KXMLBGAME-25JUL22MILSEA-MIL,44,56,32,no
1753238687229,1753238687,KXMLBGAME-25JUL22MINLAD-MIN,67,33,151,no
1753238687370,1753238687,KXMLBGAME-25JUL22STLCOL-COL,98,2,101,yes
1753238691009,1753238690,KXMLBGAME-25JUL22HOUARI-HOU,53,47,142,yes
1753238695189,1753238695,KXMLBGAME-25JUL22HOUARI-HOU,53,47,250,yes
1753238697190,1753238697,KXMLBGAME-25JUL22HOUARI-HOU,53,47,3,yes
1753238697190,1753238697,KXMLBGAME-25JUL22HOUARI-HOU,54,46,14,yes
1753238699804,1753238699,KXMLBGAME-25JUL22STLCOL-STL,2,98,138,no
1753238703050,1753238703,KXMLBGAME-25JUL22MINLAD-LAD,34,66,11,yes
1753238704617,1753238704,KXMLBGAME-25JUL22MILSEA-MIL,47,53,1,yes
1753238705232,1753238705,KXMLBGAME-25JUL22HOUARI-HOU,54,46,1,yes
1753238705489,1753238705,KXMLBGAME-25JUL22MINLAD-LAD,34,66,179,yes
1753238713350,1753238713,KXMLBGAME-25JUL22MILSEA-MIL,47,53,20,yes
1753238716145,1753238715,KXMLBGAME-25JUL22MILSEA-MIL,46,54,209,no
1753238717791,1753238717,KXMLBGAME-25JUL22MILSEA-MIL,47,53,20,yes
1753238722208,1753238722,KXMLBGAME-25JUL22MILSEA-SEA,54,46,897,yes
1753238722650,1753238722,KXMLBGAME-25JUL22STLCOL-COL,98,2,2,yes
1753238723031,1753238722,KXMLBGAME-25JUL22STLCOL-COL,96,4,24,no
1753238727673,1753238727,KXMLBGAME-25JUL22MINLAD-LAD,33,67,25,no
1753238729705,1753238729,KXMLBGAME-25JUL22MINLAD-MIN,67,33,90,no
1753238731909,1753238731,KXMLBGAME-25JUL22HOUARI-HOU,54,46,500,yes
1753238731910,1753238731,KXMLBGAME-25JUL22HOUARI-HOU,55,45,219,yes
1753238732352,1753238732,KXMLBGAME-25JUL22MINLAD-LAD,33,67,86,yes
1753238734722,1753238734,KXMLBGAME-25JUL22MINLAD-MIN,68,32,10,yes
1753238739509,1753238739,KXMLBGAME-25JUL22HOUARI-HOU,55,45,352,yes
1753238741891,1753238741,KXMLBGAME-25JUL22STLCOL-COL,95,5,59,no
1753238742790,1753238742,KXMLBGAME-25JUL22HOUARI-HOU,55,45,9,yes
1753238744371,1753238744,KXMLBGAME-25JUL22MINLAD-LAD,33,67,231,yes
1753238745874,1753238745,KXMLBGAME-25JUL22MILSEA-MIL,47,53,129,yes
1753238747308,1753238747,KXMLBGAME-25JUL22MINLAD-LAD,34,66,56,yes
1753238751011,1753238750,KXMLBGAME-25JUL22MINLAD-LAD,34,66,28,yes
1753238756208,1753238756,KXMLBGAME-25JUL22MINLAD-LAD,37,63,7,yes
1753238759503,1753238759,KXMLBGAME-25JUL22MINLAD-LAD,34,66,293,no
1753238759503,1753238759,KXMLBGAME-25JUL22MINLAD-LAD,37,63,51,yes
1753238759503,1753238759,KXMLBGAME-25JUL22HOUARI-HOU,52,48,64,no
1753238763332,1753238763,KXMLBGAME-25JUL22MINLAD-LAD,37,63,442,yes
1753238763332,1753238763,KXMLBGAME-25JUL22MINLAD-LAD,37,63,113,yes
1753238765829,1753238765,KXMLBGAME-25JUL22STLCOL-STL,5,95,200,yes
1753238767082,1753238766,KXMLBGAME-25JUL22STLCOL-COL,96,4,200,no
1753238767082,1753238766,KXMLBGAME-25JUL22STLCOL-COL,95,5,214,no
1753238769509,1753238769,KXMLBGAME-25JUL22STLCOL-STL,7,93,55,yes
1753238771071,1753238771,KXMLBGAME-25JUL22MINLAD-MIN,63,37,500,no
1753238772430,1753238772,KXMLBGAME-25JUL22MINLAD-MIN,65,35,48,yes
1753238774045,1753238773,KXMLBGAME-25JUL22MINLAD-LAD,37,63,25,yes
1753238774970,1753238774,KXMLBGAME-25JUL22MILSEA-SEA,56,44,8,yes
1753238776330,1753238776,KXMLBGAME-25JUL22MILSEA-MIL,46,54,300,yes
1753238776330,1753238776,KXMLBGAME-25JUL22MILSEA-MIL,47,53,500,yes
1753238776330,1753238776,KXMLBGAME-25JUL22MILSEA-MIL,48,52,416,yes
1753238777268,1753238777,KXMLBGAME-25JUL22MINLAD-MIN,65,35,3,yes
1753238781309,1753238781,KXMLBGAME-25JUL22MINLAD-MIN,65,35,60,yes
1753238782748,1753238782,KXMLBGAME-25JUL22MINLAD-MIN,65,35,50,yes
1753238782930,1753238782,KXMLBGAME-25JUL22MINLAD-LAD,35,65,73,no
1753238783629,1753238783,KXMLBGAME-25JUL22MINLAD-LAD,37,63,50,yes
1753238787792,1753238787,KXMLBGAME-25JUL22HOUARI-HOU,53,47,36,yes
1753238789868,1753238789,KXMLBGAME-25JUL22STLCOL-COL,94,6,1,yes
1753238790368,1753238790,KXMLBGAME-25JUL22MINLAD-MIN,64,36,1104,no
1753238790469,1753238790,KXMLBGAME-25JUL22MILSEA-SEA,49,51,300,no
1753238797079,1753238796,KXMLBGAME-25JUL22HOUARI-ARI,49,51,5,yes
1753238802615,1753238802,KXMLBGAME-25JUL22MILSEA-SEA,50,50,100,yes
1753238802615,1753238802,KXMLBGAME-25JUL22MILSEA-SEA,51,49,300,yes
1753238802615,1753238802,KXMLBGAME-25JUL22MILSEA-SEA,51,49,200,yes
1753238802615,1753238802,KXMLBGAME-25JUL22MILSEA-SEA,52,48,500,yes
1753238802615,1753238802,KXMLBGAME-25JUL22MILSEA-SEA,52,48,300,yes
1753238802615,1753238802,KXMLBGAME-25JUL22MILSEA-SEA,52,48,200,yes
1753238802615,1753238802,KXMLBGAME-25JUL22MILSEA-SEA,53,47,600,yes
1753238802615,1753238802,KXMLBGAME-25JUL22MILSEA-SEA,53,47,500,yes
1753238802615,1753238802,KXMLBGAME-25JUL22MILSEA-SEA,53,47,600,yes
1753238802615,1753238802,KXMLBGAME-25JUL22MILSEA-SEA,53,47,2000,yes
1753238802615,1753238802,KXMLBGAME-25JUL22MILSEA-SEA,53,47,300,yes
1753238802615,1753238802,KXMLBGAME-25JUL22MILSEA-SEA,54,46,750,yes
1753238802615,1753238802,KXMLBGAME-25JUL22MILSEA-SEA,61,39,300,yes
1753238802615,1753238802,KXMLBGAME-25JUL22MILSEA-SEA,64,36,3000,yes
1753238802615,1753238802,KXMLBGAME-25JUL22MILSEA-SEA,65,35,234,yes
1753238802615,1753238802,KXMLBGAME-25JUL22MILSEA-SEA,68,32,1,yes
1753238802615,1753238802,KXMLBGAME-25JUL22MILSEA-SEA,70,30,329,yes
1753238802615,1753238802,KXMLBGAME-25JUL22MILSEA-SEA,73,27,100,yes
1753238802615,1753238802,KXMLBGAME-25JUL22MILSEA-SEA,74,26,188,yes
1753238805932,1753238805,KXMLBGAME-25JUL22MILSEA-MIL,51,49,180,yes
1753238807018,1753238806,KXMLBGAME-25JUL22STLCOL-STL,8,92,115,yes
1753238807018,1753238806,KXMLBGAME-25JUL22MILSEA-MIL,51,49,120,yes
1753238807018,1753238806,KXMLBGAME-25JUL22MILSEA-MIL,51,49,600,yes
1753238807018,1753238806,KXMLBGAME-25JUL22MILSEA-MIL,51,49,227,yes
1753238807787,1753238807,KXMLBGAME-25JUL22MILSEA-MIL,51,49,18,yes
1753238810597,1753238810,KXMLBGAME-25JUL22MILSEA-MIL,50,50,73,no
1753238812138,1753238811,KXMLBGAME-25JUL22HOUARI-HOU,54,46,5,yes
1753238813800,1753238813,KXMLBGAME-25JUL22HOUARI-ARI,48,52,300,yes
1753238814609,1753238814,KXMLBGAME-25JUL22MILSEA-MIL,51,49,44,yes
1753238821068,1753238821,KXMLBGAME-25JUL22MILSEA-MIL,51,49,119,yes
1753238821068,1753238821,KXMLBGAME-25JUL22MILSEA-MIL,51,49,354,yes
1753238825146,1753238825,KXMLBGAME-25JUL22MINLAD-LAD,36,64,27,yes
1753238831729,1753238831,KXMLBGAME-25JUL22MILSEA-SEA,52,48,133,yes
1753238832491,1753238832,KXMLBGAME-25JUL22MINLAD-MIN,65,35,15,yes
1753238842368,1753238842,KXMLBGAME-25JUL22STLCOL-COL,94,6,1217,yes
1753238842448,1753238842,KXMLBGAME-25JUL22STLCOL-STL,6,94,1217,no
1753238843521,1753238843,KXMLBGAME-25JUL22MILSEA-MIL,50,50,42,yes
1753238845930,1753238845,KXMLBGAME-25JUL22MILSEA-MIL,50,50,9,yes
1753238848008,1753238847,KXMLBGAME-25JUL22HOUARI-HOU,51,49,75,yes
1753238850269,1753238850,KXMLBGAME-25JUL22MINLAD-LAD,37,63,50,yes
1753238853429,1753238853,KXMLBGAME-25JUL22HOUARI-HOU,51,49,20,yes
1753238854952,1753238854,KXMLBGAME-25JUL22STLCOL-COL,96,4,300,yes
1753238854952,1753238854,KXMLBGAME-25JUL22STLCOL-COL,97,3,456,yes
1753238855329,1753238855,KXMLBGAME-25JUL22MINLAD-MIN,65,35,7,yes
1753238857469,1753238857,KXMLBGAME-25JUL22STLCOL-COL,96,4,300,yes
1753238859227,1753238859,KXMLBGAME-25JUL22MINLAD-LAD,37,63,25,yes
1753238859369,1753238859,KXMLBGAME-25JUL22STLCOL-STL,7,93,13,yes
1753238860411,1753238860,KXMLBGAME-25JUL22MILSEA-MIL,49,51,300,yes
1753238860411,1753238860,KXMLBGAME-25JUL22MILSEA-MIL,50,50,82,yes
1753238860411,1753238860,KXMLBGAME-25JUL22MILSEA-MIL,51,49,300,yes
1753238860411,1753238860,KXMLBGAME-25JUL22MILSEA-MIL,51,49,200,yes
1753238861711,1753238861,KXMLBGAME-25JUL22HOUARI-ARI,50,50,1,yes
1753238862391,1753238862,KXMLBGAME-25JUL22STLCOL-COL,96,4,300,yes
1753238863489,1753238863,KXMLBGAME-25JUL22MINLAD-LAD,37,63,24,yes
1753238866669,1753238866,KXMLBGAME-25JUL22MINLAD-LAD,37,63,75,yes
1753238867330,1753238867,KXMLBGAME-25JUL22STLCOL-COL,96,4,300,yes
1753238867371,1753238867,KXMLBGAME-25JUL22MILSEA-MIL,51,49,47,yes
1753238867489,1753238867,KXMLBGAME-25JUL22MINLAD-MIN,65,35,5,yes
1753238871469,1753238871,KXMLBGAME-25JUL22STLCOL-COL,96,4,460,yes
1753238872389,1753238872,KXMLBGAME-25JUL22STLCOL-COL,96,4,416,yes
1753238873265,1753238873,KXMLBGAME-25JUL22STLCOL-COL,96,4,460,yes
1753238874069,1753238874,KXMLBGAME-25JUL22STLCOL-COL,96,4,491,yes
1753238875011,1753238874,KXMLBGAME-25JUL22STLCOL-COL,96,4,151,yes
1753238875011,1753238874,KXMLBGAME-25JUL22STLCOL-COL,96,4,298,yes
1753238877088,1753238876,KXMLBGAME-25JUL22MINLAD-LAD,37,63,51,yes
1753238882389,1753238882,KXMLBGAME-25JUL22MINLAD-LAD,37,63,480,yes
1753238885712,1753238885,KXMLBGAME-25JUL22STLCOL-COL,97,3,5,yes
1753238885712,1753238885,KXMLBGAME-25JUL22STLCOL-COL,97,3,20,yes
1753238887972,1753238887,KXMLBGAME-25JUL22MILSEA-MIL,50,50,10,yes
1753238891806,1753238891,KXMLBGAME-25JUL22STLCOL-COL,97,3,580,yes
1753238891806,1753238891,KXMLBGAME-25JUL22STLCOL-COL,98,2,36,yes
1753238892850,1753238892,KXMLBGAME-25JUL22MINLAD-MIN,64,36,20,yes
1753238892850,1753238892,KXMLBGAME-25JUL22MINLAD-MIN,65,35,205,yes
1753238899551,1753238899,KXMLBGAME-25JUL22STLCOL-COL,95,5,39,no
1753238899551,1753238899,KXMLBGAME-25JUL22STLCOL-COL,95,5,50,no
1753238899551,1753238899,KXMLBGAME-25JUL22STLCOL-COL,95,5,1500,no
1753238899551,1753238899,KXMLBGAME-25JUL22STLCOL-COL,95,5,200,no
1753238899551,1753238899,KXMLBGAME-25JUL22STLCOL-COL,95,5,200,no
1753238899551,1753238899,KXMLBGAME-25JUL22STLCOL-COL,92,8,20,no
1753238899551,1753238899,KXMLBGAME-25JUL22STLCOL-COL,92,8,150,no
1753238899551,1753238899,KXMLBGAME-25JUL22STLCOL-COL,92,8,94,no
1753238901349,1753238901,KXMLBGAME-25JUL22MILSEA-MIL,50,50,195,yes
1753238903771,1753238903,KXMLBGAME-25JUL22HOUARI-HOU,52,48,9,yes
1753238909930,1753238909,KXMLBGAME-25JUL22MINLAD-MIN,65,35,37,yes
1753238910331,1753238910,KXMLBGAME-25JUL22MINLAD-LAD,38,62,75,yes
1753238910688,1753238910,KXMLBGAME-25JUL22MINLAD-MIN,62,38,102,no
1753238910688,1753238910,KXMLBGAME-25JUL22MINLAD-MIN,61,39,1,no
1753238910790,1753238910,KXMLBGAME-25JUL22MINLAD-LAD,38,62,125,yes
1753238910790,1753238910,KXMLBGAME-25JUL22MINLAD-LAD,38,62,300,yes
1753238910790,1753238910,KXMLBGAME-25JUL22MINLAD-LAD,39,61,1,yes
1753238910790,1753238910,KXMLBGAME-25JUL22MINLAD-LAD,39,61,200,yes
1753238910790,1753238910,KXMLBGAME-25JUL22MINLAD-LAD,39,61,300,yes
1753238910790,1753238910,KXMLBGAME-25JUL22MINLAD-LAD,39,61,300,yes
1753238913893,1753238913,KXMLBGAME-25JUL22MINLAD-MIN,61,39,23,yes
1753238916009,1753238915,KXMLBGAME-25JUL22MINLAD-MIN,66,34,1,yes
1753238916009,1753238915,KXMLBGAME-25JUL22MINLAD-MIN,66,34,13,yes
1753238916851,1753238916,KXMLBGAME-25JUL22MINLAD-MIN,60,40,1,no
1753238916851,1753238916,KXMLBGAME-25JUL22MINLAD-LAD,40,60,1,yes
1753238919750,1753238919,KXMLBGAME-25JUL22MINLAD-LAD,44,56,10,yes
1753238920491,1753238920,KXMLBGAME-25JUL22STLCOL-STL,3,97,16,no
1753238928512,1753238928,KXMLBGAME-25JUL22MINLAD-LAD,44,56,290,yes
1753238928512,1753238928,KXMLBGAME-25JUL22MINLAD-LAD,45,55,135,yes
1753238928570,1753238928,KXMLBGAME-25JUL22MINLAD-MIN,58,42,16,yes
1753238929509,1753238929,KXMLBGAME-25JUL22STLCOL-COL,96,4,10,yes
1753238930069,1753238930,KXMLBGAME-25JUL22MINLAD-LAD,45,55,70,yes
1753238930728,1753238930,KXMLBGAME-25JUL22HOUARI-ARI,48,52,10,no
1753238930827,1753238930,KXMLBGAME-25JUL22HOUARI-HOU,52,48,291,yes
1753238931909,1753238931,KXMLBGAME-25JUL22MINLAD-LAD,44,56,8,yes
1753238932110,1753238931,KXMLBGAME-25JUL22HOUARI-ARI,48,52,356,yes
1753238933149,1753238933,KXMLBGAME-25JUL22MINLAD-MIN,58,42,167,yes
1753238935467,1753238935,KXMLBGAME-25JUL22MILSEA-SEA,46,54,500,no
1753238935548,1753238935,KXMLBGAME-25JUL22MILSEA-MIL,54,46,500,yes
1753238940449,1753238940,KXMLBGAME-25JUL22MILSEA-SEA,47,53,39,yes
1753238945388,1753238945,KXMLBGAME-25JUL22MINLAD-LAD,41,59,300,no
1753238945388,1753238945,KXMLBGAME-25JUL22MINLAD-LAD,41,59,750,no
1753238945469,1753238945,KXMLBGAME-25JUL22MINLAD-MIN,57,43,3,yes
1753238945469,1753238945,KXMLBGAME-25JUL22MINLAD-MIN,58,42,217,yes
1753238945469,1753238945,KXMLBGAME-25JUL22MINLAD-MIN,58,42,600,yes
1753238947149,1753238947,KXMLBGAME-25JUL22MILSEA-MIL,54,46,89,yes
1753238948050,1753238947,KXMLBGAME-25JUL22MINLAD-LAD,42,58,22,yes
1753238948371,1753238948,KXMLBGAME-25JUL22MILSEA-MIL,54,46,3,yes
1753238954782,1753238954,KXMLBGAME-25JUL22MILSEA-MIL,54,46,89,yes
1753238954789,1753238954,KXMLBGAME-25JUL22MINLAD-MIN,60,40,27,yes
1753238963230,1753238963,KXMLBGAME-25JUL22MINLAD-MIN,48,52,1,no
1753238963999,1753238963,KXMLBGAME-25JUL22MILSEA-MIL,59,41,30,yes
1753238963999,1753238963,KXMLBGAME-25JUL22MILSEA-MIL,60,40,34,yes
1753238963999,1753238963,KXMLBGAME-25JUL22MILSEA-MIL,61,39,176,yes
1753238972128,1753238972,KXMLBGAME-25JUL22MINLAD-LAD,32,68,10,yes
1753238975751,1753238975,KXMLBGAME-25JUL22MILSEA-MIL,50,50,94,yes
1753238978791,1753238978,KXMLBGAME-25JUL22STLCOL-COL,96,4,16,yes
1753238982694,1753238982,KXMLBGAME-25JUL22HOUARI-ARI,47,53,51,yes
1753238983010,1753238982,KXMLBGAME-25JUL22MINLAD-LAD,32,68,149,yes
1753238983709,1753238983,KXMLBGAME-25JUL22MILSEA-MIL,50,50,1,yes
1753238994650,1753238994,KXMLBGAME-25JUL22STLCOL-STL,6,94,40,yes
1753238994849,1753238994,KXMLBGAME-25JUL22MINLAD-LAD,32,68,151,yes
1753238994849,1753238994,KXMLBGAME-25JUL22MINLAD-LAD,32,68,500,yes
1753238994849,1753238994,KXMLBGAME-25JUL22MINLAD-LAD,32,68,526,yes
1753238997490,1753238997,KXMLBGAME-25JUL22STLCOL-COL,96,4,4,yes
1753238998170,1753238998,KXMLBGAME-25JUL22MINLAD-LAD,32,68,29,yes
1753238998249,1753238998,KXMLBGAME-25JUL22MILSEA-MIL,50,50,98,yes
1753238999507,1753238999,KXMLBGAME-25JUL22HOUARI-ARI,47,53,1,yes
1753239000869,1753239000,KXMLBGAME-25JUL22MILSEA-SEA,52,48,5,yes
1753239002529,1753239002,KXMLBGAME-25JUL22MILSEA-MIL,50,50,38,yes
1753239004856,1753239004,KXMLBGAME-25JUL22MINLAD-LAD,32,68,1,yes
1753239005362,1753239005,KXMLBGAME-25JUL22MILSEA-MIL,50,50,9,yes
1753239007048,1753239007,KXMLBGAME-25JUL22MILSEA-MIL,50,50,28,yes
1753239007787,1753239007,KXMLBGAME-25JUL22MILSEA-MIL,50,50,32,yes
1753239007787,1753239007,KXMLBGAME-25JUL22MILSEA-MIL,50,50,24,yes
1753239008649,1753239008,KXMLBGAME-25JUL22STLCOL-STL,6,94,15,yes
1753239009351,1753239009,KXMLBGAME-25JUL22MINLAD-LAD,32,68,17,yes
1753239009651,1753239009,KXMLBGAME-25JUL22MINLAD-LAD,32,68,27,yes
1753239009651,1753239009,KXMLBGAME-25JUL22MINLAD-LAD,33,67,236,yes
1753239011409,1753239011,KXMLBGAME-25JUL22STLCOL-COL,94,6,59,no
1753239017051,1753239017,KXMLBGAME-25JUL22STLCOL-COL,96,4,54,yes
1753239019751,1753239019,KXMLBGAME-25JUL22HOUARI-HOU,54,46,89,yes
1753239020119,1753239020,KXMLBGAME-25JUL22MILSEA-MIL,49,51,10,no
1753239022408,1753239022,KXMLBGAME-25JUL22MINLAD-LAD,32,68,149,yes
1753239024902,1753239024,KXMLBGAME-25JUL22MINLAD-LAD,29,71,15,no
1753239025633,1753239025,KXMLBGAME-25JUL22MINLAD-LAD,32,68,14,yes
1753239029389,1753239029,KXMLBGAME-25JUL22MILSEA-MIL,49,51,39,yes
1753239031031,1753239030,KXMLBGAME-25JUL22MILSEA-MIL,49,51,251,yes
1753239031031,1753239030,KXMLBGAME-25JUL22MILSEA-MIL,50,50,93,yes
1753239031931,1753239031,KXMLBGAME-25JUL22MINLAD-LAD,32,68,14,yes
1753239035950,1753239035,KXMLBGAME-25JUL22MINLAD-MIN,70,30,30,yes
1753239037073,1753239037,KXMLBGAME-25JUL22STLCOL-COL,96,4,10,yes
1753239037912,1753239037,KXMLBGAME-25JUL22MINLAD-LAD,32,68,44,yes
1753239045749,1753239045,KXMLBGAME-25JUL22MINLAD-MIN,68,32,10,no
1753239048850,1753239048,KXMLBGAME-25JUL22STLCOL-COL,96,4,6,yes
1753239058169,1753239058,KXMLBGAME-25JUL22MINLAD-LAD,30,70,20,no
1753239058810,1753239058,KXMLBGAME-25JUL22STLCOL-COL,95,5,70,no
1753239061991,1753239061,KXMLBGAME-25JUL22STLCOL-STL,5,95,187,yes
1753239072570,1753239072,KXMLBGAME-25JUL22MILSEA-SEA,52,48,8,no
1753239072948,1753239072,KXMLBGAME-25JUL22MINLAD-LAD,31,69,61,yes
1753239075030,1753239074,KXMLBGAME-25JUL22HOUARI-ARI,41,59,3,yes
1753239076010,1753239075,KXMLBGAME-25JUL22MINLAD-MIN,70,30,8,yes
1753239078211,1753239078,KXMLBGAME-25JUL22MINLAD-MIN,70,30,92,yes
1753239081810,1753239081,KXMLBGAME-25JUL22STLCOL-COL,96,4,571,yes
1753239082669,1753239082,KXMLBGAME-25JUL22MINLAD-MIN,70,30,839,yes
1753239090731,1753239090,KXMLBGAME-25JUL22MILSEA-MIL,44,56,744,no
1753239094428,1753239094,KXMLBGAME-25JUL22STLCOL-STL,5,95,75,yes
1753239095549,1753239095,KXMLBGAME-25JUL22MILSEA-MIL,44,56,256,no
1753239095649,1753239095,KXMLBGAME-25JUL22MILSEA-SEA,58,42,400,yes
1753239095829,1753239095,KXMLBGAME-25JUL22HOUARI-HOU,59,41,7,yes
1753239095870,1753239095,KXMLBGAME-25JUL22HOUARI-ARI,42,58,7,yes
1753239098769,1753239098,KXMLBGAME-25JUL22MINLAD-MIN,70,30,20,yes
1753239100494,1753239100,KXMLBGAME-25JUL22MINLAD-LAD,31,69,76,yes
1753239105191,1753239105,KXMLBGAME-25JUL22MINLAD-MIN,70,30,4,yes
1753239106969,1753239106,KXMLBGAME-25JUL22MINLAD-MIN,70,30,53,yes
1753239109150,1753239109,KXMLBGAME-25JUL22MINLAD-MIN,70,30,94,yes
1753239109150,1753239109,KXMLBGAME-25JUL22MINLAD-MIN,72,28,200,yes
1753239109151,1753239109,KXMLBGAME-25JUL22MINLAD-MIN,72,28,300,yes
1753239109151,1753239109,KXMLBGAME-25JUL22MINLAD-MIN,72,28,300,yes
1753239109151,1753239109,KXMLBGAME-25JUL22MINLAD-MIN,72,28,10,yes
1753239109151,1753239109,KXMLBGAME-25JUL22MINLAD-MIN,73,27,56,yes
1753239111330,1753239111,KXMLBGAME-25JUL22HOUARI-ARI,42,58,9,yes
1753239112069,1753239112,KXMLBGAME-25JUL22MILSEA-MIL,43,57,111,yes
1753239112189,1753239112,KXMLBGAME-25JUL22MILSEA-SEA,60,40,79,yes
1753239113968,1753239113,KXMLBGAME-25JUL22MINLAD-MIN,72,28,74,yes
1753239113991,1753239113,KXMLBGAME-25JUL22HOUARI-HOU,59,41,7,yes
1753239115810,1753239115,KXMLBGAME-25JUL22MILSEA-MIL,43,57,8,yes
1753239121350,1753239121,KXMLBGAME-25JUL22STLCOL-STL,5,95,9,yes
1753239122308,1753239122,KXMLBGAME-25JUL22MILSEA-MIL,40,60,5,no
1753239122308,1753239122,KXMLBGAME-25JUL22MILSEA-MIL,38,62,51,no
1753239123588,1753239123,KXMLBGAME-25JUL22STLCOL-COL,96,4,56,yes
1753239126929,1753239126,KXMLBGAME-25JUL22STLCOL-COL,96,4,81,yes
1753239136248,1753239136,KXMLBGAME-25JUL22MINLAD-LAD,31,69,76,yes
1753239139690,1753239139,KXMLBGAME-25JUL22MINLAD-LAD,30,70,30,no
1753239139690,1753239139,KXMLBGAME-25JUL22MINLAD-LAD,29,71,20,no
1753239139690,1753239139,KXMLBGAME-25JUL22MINLAD-LAD,29,71,1,no
1753239139869,1753239139,KXMLBGAME-25JUL22MINLAD-LAD,29,71,10,no
1753239140528,1753239140,KXMLBGAME-25JUL22HOUARI-HOU,55,45,22,yes
1753239145408,1753239145,KXMLBGAME-25JUL22MINLAD-LAD,28,72,1,no
1753239145488,1753239145,KXMLBGAME-25JUL22MINLAD-MIN,72,28,1,yes
1753239153150,1753239153,KXMLBGAME-25JUL22MILSEA-SEA,60,40,32,yes
1753239155431,1753239155,KXMLBGAME-25JUL22MINLAD-LAD,27,73,44,yes
1753239165171,1753239165,KXMLBGAME-25JUL22HOUARI-ARI,47,53,42,yes
1753239166347,1753239166,KXMLBGAME-25JUL22HOUARI-HOU,55,45,264,yes
1753239166727,1753239166,KXMLBGAME-25JUL22STLCOL-STL,5,95,93,yes
1753239170710,1753239170,KXMLBGAME-25JUL22MINLAD-LAD,29,71,16,yes
1753239172149,1753239172,KXMLBGAME-25JUL22MILSEA-MIL,41,59,300,yes
1753239172149,1753239172,KXMLBGAME-25JUL22MILSEA-MIL,42,58,600,yes
1753239172149,1753239172,KXMLBGAME-25JUL22MILSEA-MIL,42,58,200,yes
1753239172149,1753239172,KXMLBGAME-25JUL22MILSEA-MIL,42,58,50,yes
1753239173289,1753239173,KXMLBGAME-25JUL22MINLAD-LAD,28,72,3,yes
1753239176091,1753239176,KXMLBGAME-25JUL22MINLAD-LAD,28,72,17,yes
1753239178028,1753239177,KXMLBGAME-25JUL22MILSEA-SEA,60,40,3,yes
1753239178491,1753239178,KXMLBGAME-25JUL22STLCOL-COL,96,4,270,yes
1753239188249,1753239188,KXMLBGAME-25JUL22MILSEA-MIL,42,58,9,yes
1753239190910,1753239190,KXMLBGAME-25JUL22MILSEA-SEA,60,40,30,yes
1753239201201,1753239201,KXMLBGAME-25JUL22MILSEA-MIL,42,58,291,yes
1753239201201,1753239201,KXMLBGAME-25JUL22MILSEA-MIL,43,57,300,yes
1753239201201,1753239201,KXMLBGAME-25JUL22MILSEA-MIL,43,57,19,yes
1753239202869,1753239202,KXMLBGAME-25JUL22HOUARI-ARI,64,36,15,yes
1753239202950,1753239202,KXMLBGAME-25JUL22HOUARI-HOU,41,59,15,no
1753239203968,1753239203,KXMLBGAME-25JUL22STLCOL-STL,6,94,328,yes
1753239205408,1753239205,KXMLBGAME-25JUL22STLCOL-COL,96,4,422,yes
1753239205409,1753239205,KXMLBGAME-25JUL22STLCOL-COL,96,4,13,yes
1753239209714,1753239209,KXMLBGAME-25JUL22HOUARI-HOU,60,40,7,yes
1753239211130,1753239211,KXMLBGAME-25JUL22MINLAD-LAD,27,73,35,yes
1753239212070,1753239212,KXMLBGAME-25JUL22MINLAD-LAD,27,73,3,yes
1753239216791,1753239216,KXMLBGAME-25JUL22HOUARI-HOU,47,53,51,yes
1753239224390,1753239224,KXMLBGAME-25JUL22MINLAD-MIN,74,26,132,yes
1753239227970,1753239227,KXMLBGAME-25JUL22MINLAD-LAD,26,74,4,no
1753239227970,1753239227,KXMLBGAME-25JUL22MINLAD-LAD,26,74,71,no
1753239228390,1753239228,KXMLBGAME-25JUL22STLCOL-STL,4,96,50,no
1753239228691,1753239228,KXMLBGAME-25JUL22STLCOL-STL,4,96,50,no
1753239228691,1753239228,KXMLBGAME-25JUL22STLCOL-STL,2,98,4,no
1753239230270,1753239230,KXMLBGAME-25JUL22STLCOL-STL,6,94,107,yes
1753239231878,1753239231,KXMLBGAME-25JUL22MINLAD-LAD,27,73,12,yes
1753239242371,1753239242,KXMLBGAME-25JUL22HOUARI-HOU,47,53,201,yes
1753239245497,1753239245,KXMLBGAME-25JUL22MINLAD-MIN,74,26,300,yes
1753239245497,1753239245,KXMLBGAME-25JUL22MINLAD-MIN,74,26,19,yes
1753239245497,1753239245,KXMLBGAME-25JUL22MINLAD-MIN,75,25,600,yes
1753239245497,1753239245,KXMLBGAME-25JUL22MINLAD-MIN,75,25,408,yes
1753239248510,1753239248,KXMLBGAME-25JUL22MILSEA-MIL,42,58,22,yes
1753239249608,1753239249,KXMLBGAME-25JUL22MILSEA-MIL,40,60,10,no
1753239250991,1753239250,KXMLBGAME-25JUL22MINLAD-LAD,27,73,35,yes
1753239257190,1753239257,KXMLBGAME-25JUL22STLCOL-STL,5,95,187,yes
1753239258509,1753239258,KXMLBGAME-25JUL22MINLAD-LAD,27,73,88,yes
1753239259089,1753239259,KXMLBGAME-25JUL22MINLAD-LAD,27,73,32,yes
1753239259089,1753239259,KXMLBGAME-25JUL22MINLAD-LAD,27,73,73,yes
1753239259732,1753239259,KXMLBGAME-25JUL22MINLAD-LAD,27,73,88,yes
1753239261409,1753239261,KXMLBGAME-25JUL22MINLAD-MIN,74,26,13,yes
1753239262470,1753239262,KXMLBGAME-25JUL22MINLAD-MIN,73,27,26,yes
1753239265144,1753239265,KXMLBGAME-25JUL22HOUARI-ARI,53,47,10,no
1753239265789,1753239265,KXMLBGAME-25JUL22STLCOL-STL,6,94,78,yes
1753239271330,1753239271,KXMLBGAME-25JUL22STLCOL-STL,2,98,162,no
1753239271650,1753239271,KXMLBGAME-25JUL22MINLAD-LAD,27,73,103,yes
1753239271650,1753239271,KXMLBGAME-25JUL22MINLAD-LAD,27,73,17,yes
1753239271650,1753239271,KXMLBGAME-25JUL22MINLAD-LAD,27,73,10,yes
1753239272411,1753239272,KXMLBGAME-25JUL22MINLAD-MIN,73,27,2,yes
1753239273750,1753239273,KXMLBGAME-25JUL22MINLAD-LAD,28,72,34,yes
1753239278570,1753239278,KXMLBGAME-25JUL22MINLAD-LAD,28,72,216,yes
1753239278570,1753239278,KXMLBGAME-25JUL22MINLAD-LAD,28,72,358,yes
1753239281610,1753239281,KXMLBGAME-25JUL22MILSEA-MIL,45,55,10,yes
1753239284615,1753239284,KXMLBGAME-25JUL22STLCOL-COL,96,4,78,yes
1753239285509,1753239285,KXMLBGAME-25JUL22MINLAD-LAD,27,73,620,no
1753239291689,1753239291,KXMLBGAME-25JUL22MINLAD-MIN,74,26,66,yes
1753239295471,1753239295,KXMLBGAME-25JUL22MILSEA-MIL,44,56,10,yes
1753239297190,1753239297,KXMLBGAME-25JUL22MILSEA-MIL,44,56,18,yes
1753239306412,1753239306,KXMLBGAME-25JUL22MINLAD-MIN,74,26,19,yes
1753239309351,1753239309,KXMLBGAME-25JUL22MINLAD-LAD,26,74,50,no
1753239309351,1753239309,KXMLBGAME-25JUL22MINLAD-LAD,26,74,99,no
1753239316750,1753239316,KXMLBGAME-25JUL22STLCOL-COL,98,2,6,yes
1753239317691,1753239317,KXMLBGAME-25JUL22MILSEA-MIL,44,56,50,yes
1753239324128,1753239324,KXMLBGAME-25JUL22STLCOL-STL,5,95,5,yes
1753239326589,1753239326,KXMLBGAME-25JUL22STLCOL-STL,5,95,9,yes
1753239326871,1753239326,KXMLBGAME-25JUL22STLCOL-STL,2,98,338,no
1753239326871,1753239326,KXMLBGAME-25JUL22STLCOL-STL,1,99,1000,no
1753239326871,1753239326,KXMLBGAME-25JUL22STLCOL-STL,1,99,36,no
1753239327622,1753239327,KXMLBGAME-25JUL22MILSEA-MIL,45,55,21,yes
1753239333972,1753239333,KXMLBGAME-25JUL22MINLAD-LAD,27,73,5,yes
1753239334248,1753239334,KXMLBGAME-25JUL22MILSEA-MIL,45,55,279,yes
1753239334248,1753239334,KXMLBGAME-25JUL22MILSEA-MIL,46,54,145,yes
1753239340116,1753239340,KXMLBGAME-25JUL22MINLAD-MIN,74,26,19,yes
1753239345510,1753239345,KXMLBGAME-25JUL22MINLAD-LAD,26,74,201,no
1753239345510,1753239345,KXMLBGAME-25JUL22MINLAD-LAD,26,74,12,no
1753239345510,1753239345,KXMLBGAME-25JUL22MINLAD-LAD,26,74,50,no
1753239345588,1753239345,KXMLBGAME-25JUL22MINLAD-MIN,74,26,136,yes
1753239346550,1753239346,KXMLBGAME-25JUL22STLCOL-COL,98,2,110,yes
1753239364151,1753239364,KXMLBGAME-25JUL22MINLAD-MIN,76,24,32,yes
1753239366945,1753239366,KXMLBGAME-25JUL22HOUARI-HOU,47,53,2,yes
1753239367349,1753239367,KXMLBGAME-25JUL22MINLAD-LAD,26,74,100,yes
1753239372781,1753239372,KXMLBGAME-25JUL22MILSEA-MIL,43,57,8,no
1753239377452,1753239377,KXMLBGAME-25JUL22HOUARI-HOU,47,53,300,yes
1753239377452,1753239377,KXMLBGAME-25JUL22HOUARI-HOU,48,52,7,yes
1753239381349,1753239381,KXMLBGAME-25JUL22STLCOL-STL,3,97,116,yes
1753239381349,1753239381,KXMLBGAME-25JUL22STLCOL-STL,3,97,8,yes
1753239387688,1753239387,KXMLBGAME-25JUL22MINLAD-LAD,26,74,91,yes
1753239389780,1753239389,KXMLBGAME-25JUL22MINLAD-LAD,26,74,36,yes
1753239392050,1753239392,KXMLBGAME-25JUL22STLCOL-COL,98,2,8,yes
1753239395690,1753239395,KXMLBGAME-25JUL22STLCOL-STL,2,98,93,yes
1753239398709,1753239398,KXMLBGAME-25JUL22HOUARI-ARI,55,45,47,yes
1753239399370,1753239399,KXMLBGAME-25JUL22MINLAD-LAD,25,75,10,no
1753239399370,1753239399,KXMLBGAME-25JUL22MINLAD-LAD,25,75,60,no
1753239401146,1753239401,KXMLBGAME-25JUL22STLCOL-COL,98,2,111,yes
1753239404889,1753239404,KXMLBGAME-25JUL22STLCOL-STL,3,97,36,yes
1753239408010,1753239407,KXMLBGAME-25JUL22MINLAD-MIN,76,24,175,yes
1753239409010,1753239408,KXMLBGAME-25JUL22MINLAD-MIN,76,24,6,yes
1753239410989,1753239410,KXMLBGAME-25JUL22STLCOL-STL,3,97,156,yes
1753239413031,1753239412,KXMLBGAME-25JUL22MILSEA-SEA,54,46,305,yes
1753239416267,1753239416,KXMLBGAME-25JUL22MILSEA-SEA,54,46,30,yes
1753239416349,1753239416,KXMLBGAME-25JUL22STLCOL-STL,3,97,286,yes
1753239416349,1753239416,KXMLBGAME-25JUL22STLCOL-STL,4,96,19,yes
1753239416789,1753239416,KXMLBGAME-25JUL22STLCOL-COL,98,2,19,no
1753239417149,1753239417,KXMLBGAME-25JUL22STLCOL-COL,99,1,2,yes
1753239417451,1753239417,KXMLBGAME-25JUL22MINLAD-MIN,76,24,87,yes
1753239417451,1753239417,KXMLBGAME-25JUL22MINLAD-MIN,76,24,200,yes
1753239417451,1753239417,KXMLBGAME-25JUL22MINLAD-MIN,76,24,500,yes
1753239417451,1753239417,KXMLBGAME-25JUL22MINLAD-MIN,77,23,300,yes
1753239417451,1753239417,KXMLBGAME-25JUL22MINLAD-MIN,77,23,200,yes
1753239417451,1753239417,KXMLBGAME-25JUL22MINLAD-MIN,77,23,600,yes
1753239417451,1753239417,KXMLBGAME-25JUL22MINLAD-MIN,77,23,2279,yes
1753239419649,1753239419,KXMLBGAME-25JUL22MILSEA-MIL,48,52,20,yes
1753239420470,1753239420,KXMLBGAME-25JUL22MINLAD-LAD,27,73,35,yes
1753239422869,1753239422,KXMLBGAME-25JUL22MINLAD-MIN,76,24,300,yes
1753239422869,1753239422,KXMLBGAME-25JUL22MINLAD-MIN,77,23,470,yes
1753239423777,1753239423,KXMLBGAME-25JUL22MINLAD-LAD,27,73,50,yes
1753239424699,1753239424,KXMLBGAME-25JUL22HOUARI-HOU,45,55,50,no
1753239424930,1753239424,KXMLBGAME-25JUL22MINLAD-LAD,27,73,121,yes
1753239426644,1753239426,KXMLBGAME-25JUL22STLCOL-STL,4,96,117,yes
1753239426808,1753239426,KXMLBGAME-25JUL22STLCOL-COL,98,2,70,no
1753239429403,1753239429,KXMLBGAME-25JUL22MILSEA-SEA,54,46,3,yes
1753239431148,1753239431,KXMLBGAME-25JUL22HOUARI-HOU,40,60,695,no
1753239433611,1753239433,KXMLBGAME-25JUL22MINLAD-LAD,27,73,18,yes
1753239433611,1753239433,KXMLBGAME-25JUL22MINLAD-LAD,27,73,2,yes
1753239435349,1753239435,KXMLBGAME-25JUL22HOUARI-HOU,40,60,93,no
1753239436331,1753239436,KXMLBGAME-25JUL22MINLAD-LAD,26,74,50,no
1753239436331,1753239436,KXMLBGAME-25JUL22MINLAD-LAD,26,74,18,no
1753239440429,1753239440,KXMLBGAME-25JUL22MINLAD-LAD,25,75,40,no
1753239440429,1753239440,KXMLBGAME-25JUL22MINLAD-LAD,25,75,200,no
1753239440429,1753239440,KXMLBGAME-25JUL22MINLAD-LAD,25,75,30,no
1753239440429,1753239440,KXMLBGAME-25JUL22MINLAD-LAD,25,75,1000,no
1753239440429,1753239440,KXMLBGAME-25JUL22MINLAD-LAD,25,75,300,no
1753239440430,1753239440,KXMLBGAME-25JUL22MINLAD-LAD,24,76,50,no
1753239441810,1753239441,KXMLBGAME-25JUL22STLCOL-STL,4,96,23,yes
1753239444031,1753239443,KXMLBGAME-25JUL22STLCOL-COL,98,2,1,yes
1753239448549,1753239448,KXMLBGAME-25JUL22STLCOL-STL,4,96,117,yes
1753239452331,1753239452,KXMLBGAME-25JUL22MILSEA-MIL,48,52,20,yes
1753239452412,1753239452,KXMLBGAME-25JUL22HOUARI-HOU,39,61,20,no
1753239458730,1753239458,KXMLBGAME-25JUL22MILSEA-MIL,48,52,203,yes
1753239459870,1753239459,KXMLBGAME-25JUL22MILSEA-MIL,48,52,4,yes
1753239461411,1753239461,KXMLBGAME-25JUL22HOUARI-HOU,47,53,55,yes
1753239461411,1753239461,KXMLBGAME-25JUL22HOUARI-HOU,48,52,22,yes
1753239463730,1753239463,KXMLBGAME-25JUL22HOUARI-HOU,79,21,9,yes
1753239463731,1753239463,KXMLBGAME-25JUL22HOUARI-HOU,80,20,12,yes
1753239464635,1753239464,KXMLBGAME-25JUL22STLCOL-COL,99,1,53,yes
1753239466209,1753239466,KXMLBGAME-25JUL22HOUARI-ARI,65,35,52,yes
1753239466209,1753239466,KXMLBGAME-25JUL22HOUARI-ARI,65,35,10,yes
1753239466209,1753239466,KXMLBGAME-25JUL22HOUARI-ARI,65,35,100,yes
1753239468935,1753239468,KXMLBGAME-25JUL22HOUARI-HOU,80,20,49,yes
1753239469470,1753239469,KXMLBGAME-25JUL22STLCOL-STL,5,95,18,yes
1753239472449,1753239472,KXMLBGAME-25JUL22MILSEA-MIL,48,52,10,yes
1753239476030,1753239475,KXMLBGAME-25JUL22HOUARI-HOU,39,61,30,no
1753239476030,1753239475,KXMLBGAME-25JUL22HOUARI-HOU,39,61,17,no
1753239476110,1753239476,KXMLBGAME-25JUL22HOUARI-HOU,39,61,83,no
1753239483732,1753239483,KXMLBGAME-25JUL22HOUARI-HOU,32,68,289,yes
1753239483952,1753239483,KXMLBGAME-25JUL22STLCOL-COL,96,4,22,no
1753239483952,1753239483,KXMLBGAME-25JUL22STLCOL-COL,96,4,46,no
1753239483952,1753239483,KXMLBGAME-25JUL22STLCOL-COL,95,5,500,no
1753239483952,1753239483,KXMLBGAME-25JUL22STLCOL-COL,95,5,32,no
1753239489429,1753239489,KXMLBGAME-25JUL22HOUARI-ARI,72,28,100,yes
1753239489429,1753239489,KXMLBGAME-25JUL22HOUARI-ARI,73,27,50,yes
1753239490171,1753239490,KXMLBGAME-25JUL22MINLAD-LAD,24,76,2,yes
1753239493610,1753239493,KXMLBGAME-25JUL22HOUARI-ARI,73,27,1,yes
1753239495489,1753239495,KXMLBGAME-25JUL22HOUARI-HOU,32,68,14,yes
1753239501111,1753239501,KXMLBGAME-25JUL22STLCOL-STL,4,96,23,yes
1753239501609,1753239501,KXMLBGAME-25JUL22MILSEA-MIL,48,52,50,yes
1753239503430,1753239503,KXMLBGAME-25JUL22STLCOL-STL,4,96,252,yes
1753239503430,1753239503,KXMLBGAME-25JUL22STLCOL-STL,4,96,23,yes
1753239503430,1753239503,KXMLBGAME-25JUL22STLCOL-STL,5,95,56,yes
1753239503509,1753239503,KXMLBGAME-25JUL22MINLAD-LAD,24,76,39,yes
1753239504269,1753239504,KXMLBGAME-25JUL22MILSEA-MIL,46,54,4,no
1753239507369,1753239507,KXMLBGAME-25JUL22MINLAD-LAD,23,77,75,no
1753239507369,1753239507,KXMLBGAME-25JUL22MINLAD-LAD,23,77,294,no
1753239509897,1753239509,KXMLBGAME-25JUL22MINLAD-MIN,77,23,1,yes
1753239509989,1753239509,KXMLBGAME-25JUL22STLCOL-STL,4,96,46,yes
1753239511870,1753239511,KXMLBGAME-25JUL22STLCOL-COL,96,4,131,no
1753239511870,1753239511,KXMLBGAME-25JUL22STLCOL-COL,95,5,168,no
1753239511870,1753239511,KXMLBGAME-25JUL22STLCOL-COL,95,5,119,no
1753239511870,1753239511,KXMLBGAME-25JUL22STLCOL-COL,94,6,140,no
1753239515291,1753239515,KXMLBGAME-25JUL22STLCOL-STL,4,96,23,yes
1753239515350,1753239515,KXMLBGAME-25JUL22HOUARI-HOU,29,71,133,no
1753239515350,1753239515,KXMLBGAME-25JUL22HOUARI-HOU,28,72,100,no
1753239515350,1753239515,KXMLBGAME-25JUL22HOUARI-HOU,28,72,300,no
1753239515350,1753239515,KXMLBGAME-25JUL22HOUARI-HOU,27,73,186,no
1753239523271,1753239523,KXMLBGAME-25JUL22MINLAD-MIN,76,24,74,no
1753239524631,1753239524,KXMLBGAME-25JUL22STLCOL-STL,4,96,32,yes
1753239524632,1753239524,KXMLBGAME-25JUL22STLCOL-STL,4,96,14,yes
1753239525791,1753239525,KXMLBGAME-25JUL22HOUARI-HOU,31,69,50,yes
1753239534031,1753239533,KXMLBGAME-25JUL22STLCOL-COL,97,3,64,yes
1753239534090,1753239534,KXMLBGAME-25JUL22HOUARI-HOU,31,69,15,yes
1753239536810,1753239536,KXMLBGAME-25JUL22HOUARI-ARI,72,28,300,yes
1753239536810,1753239536,KXMLBGAME-25JUL22HOUARI-ARI,73,27,49,yes
1753239536810,1753239536,KXMLBGAME-25JUL22HOUARI-ARI,73,27,19,yes
1753239538009,1753239537,KXMLBGAME-25JUL22STLCOL-COL,97,3,122,yes
1753239538009,1753239537,KXMLBGAME-25JUL22STLCOL-COL,99,1,183,yes
1753239541331,1753239541,KXMLBGAME-25JUL22MINLAD-MIN,76,24,1,yes
1753239541590,1753239541,KXMLBGAME-25JUL22HOUARI-ARI,71,29,162,yes
1753239541590,1753239541,KXMLBGAME-25JUL22HOUARI-ARI,73,27,178,yes
1753239542114,1753239542,KXMLBGAME-25JUL22HOUARI-HOU,31,69,30,yes
1753239545768,1753239545,KXMLBGAME-25JUL22HOUARI-HOU,31,69,205,yes
1753239545768,1753239545,KXMLBGAME-25JUL22HOUARI-HOU,31,69,564,yes
1753239549429,1753239549,KXMLBGAME-25JUL22HOUARI-ARI,73,27,3,yes
1753239549429,1753239549,KXMLBGAME-25JUL22HOUARI-ARI,73,27,265,yes
1753239551427,1753239551,KXMLBGAME-25JUL22STLCOL-STL,4,96,31,yes
1753239560380,1753239560,KXMLBGAME-25JUL22HOUARI-HOU,72,28,50,yes
1753239560789,1753239560,KXMLBGAME-25JUL22HOUARI-HOU,72,28,50,yes
1753239560789,1753239560,KXMLBGAME-25JUL22HOUARI-HOU,79,21,1,yes
1753239560789,1753239560,KXMLBGAME-25JUL22HOUARI-HOU,80,20,39,yes
1753239560789,1753239560,KXMLBGAME-25JUL22HOUARI-HOU,81,19,99,yes
1753239560789,1753239560,KXMLBGAME-25JUL22HOUARI-HOU,82,18,1,yes
1753239560789,1753239560,KXMLBGAME-25JUL22HOUARI-HOU,82,18,85,yes
1753239561089,1753239561,KXMLBGAME-25JUL22HOUARI-HOU,79,21,1,yes
1753239561089,1753239561,KXMLBGAME-25JUL22HOUARI-HOU,82,18,14,yes
1753239561089,1753239561,KXMLBGAME-25JUL22HOUARI-HOU,83,17,3,yes
1753239562531,1753239562,KXMLBGAME-25JUL22MILSEA-SEA,54,46,3,yes
1753239562628,1753239562,KXMLBGAME-25JUL22MILSEA-MIL,48,52,6,yes
1753239567790,1753239567,KXMLBGAME-25JUL22HOUARI-HOU,30,70,34,no
1753239567790,1753239567,KXMLBGAME-25JUL22HOUARI-HOU,30,70,100,no
1753239567790,1753239567,KXMLBGAME-25JUL22HOUARI-ARI,74,26,10,yes
1753239567831,1753239567,KXMLBGAME-25JUL22HOUARI-ARI,73,27,134,no
1753239567990,1753239567,KXMLBGAME-25JUL22HOUARI-HOU,17,83,10,no
1753239568849,1753239568,KXMLBGAME-25JUL22STLCOL-COL,97,3,50,no
1753239568849,1753239568,KXMLBGAME-25JUL22STLCOL-COL,96,4,50,no
1753239569368,1753239569,KXMLBGAME-25JUL22HOUARI-ARI,75,25,13,yes
1753239572369,1753239572,KXMLBGAME-25JUL22HOUARI-ARI,73,27,166,no
1753239572369,1753239572,KXMLBGAME-25JUL22HOUARI-ARI,70,30,20,no
1753239578709,1753239578,KXMLBGAME-25JUL22STLCOL-COL,99,1,10,yes
1753239579513,1753239579,KXMLBGAME-25JUL22HOUARI-HOU,26,74,3308,no
1753239581688,1753239581,KXMLBGAME-25JUL22MINLAD-LAD,25,75,95,yes
1753239582128,1753239582,KXMLBGAME-25JUL22HOUARI-HOU,29,71,201,yes
1753239583971,1753239583,KXMLBGAME-25JUL22HOUARI-ARI,72,28,13,no
1753239584368,1753239584,KXMLBGAME-25JUL22HOUARI-ARI,74,26,10,yes
1753239586349,1753239586,KXMLBGAME-25JUL22MINLAD-LAD,26,74,36,yes
1753239588888,1753239588,KXMLBGAME-25JUL22STLCOL-STL,4,96,327,yes
1753239590488,1753239590,KXMLBGAME-25JUL22STLCOL-STL,4,96,459,yes
1753239593368,1753239593,KXMLBGAME-25JUL22MINLAD-MIN,73,27,38,no
1753239597033,1753239596,KXMLBGAME-25JUL22MILSEA-SEA,52,48,3,no
1753239599270,1753239599,KXMLBGAME-25JUL22HOUARI-ARI,73,27,2,no
1753239602710,1753239602,KXMLBGAME-25JUL22MILSEA-MIL,48,52,6,yes
1753239602830,1753239602,KXMLBGAME-25JUL22HOUARI-ARI,74,26,66,yes
1753239621769,1753239621,KXMLBGAME-25JUL22MINLAD-LAD,26,74,9,yes
1753239621789,1753239621,KXMLBGAME-25JUL22STLCOL-STL,5,95,37,yes
1753239625138,1753239625,KXMLBGAME-25JUL22HOUARI-HOU,27,73,300,yes
1753239625139,1753239625,KXMLBGAME-25JUL22HOUARI-HOU,28,72,50,yes
1753239637470,1753239637,KXMLBGAME-25JUL22MILSEA-SEA,53,47,9,yes
1753239637470,1753239637,KXMLBGAME-25JUL22MILSEA-SEA,53,47,270,yes
1753239637470,1753239637,KXMLBGAME-25JUL22MILSEA-SEA,53,47,83,yes
1753239637470,1753239637,KXMLBGAME-25JUL22MILSEA-SEA,54,46,182,yes
1753239640047,1753239639,KXMLBGAME-25JUL22STLCOL-STL,5,95,75,yes
1753239646372,1753239646,KXMLBGAME-25JUL22MILSEA-SEA,54,46,2784,yes
1753239648546,1753239648,KXMLBGAME-25JUL22MILSEA-MIL,48,52,10,yes
1753239653450,1753239653,KXMLBGAME-25JUL22MILSEA-MIL,46,54,10,yes
1753239653748,1753239653,KXMLBGAME-25JUL22HOUARI-ARI,74,26,1,yes
1753239654388,1753239654,KXMLBGAME-25JUL22MINLAD-LAD,26,74,85,yes
1753239654388,1753239654,KXMLBGAME-25JUL22MINLAD-LAD,26,74,280,yes
1753239654710,1753239654,KXMLBGAME-25JUL22STLCOL-COL,99,1,256,yes
1753239654710,1753239654,KXMLBGAME-25JUL22STLCOL-COL,99,1,78,yes
1753239654710,1753239654,KXMLBGAME-25JUL22STLCOL-COL,99,1,46,yes
1753239664389,1753239664,KXMLBGAME-25JUL22HOUARI-HOU,28,72,112,yes
1753239664509,1753239664,KXMLBGAME-25JUL22MINLAD-LAD,26,74,120,yes
1753239664509,1753239664,KXMLBGAME-25JUL22MINLAD-LAD,27,73,227,yes
1753239664509,1753239664,KXMLBGAME-25JUL22MINLAD-LAD,27,73,9,yes
1753239671569,1753239671,KXMLBGAME-25JUL22HOUARI-HOU,28,72,85,yes
1753239671569,1753239671,KXMLBGAME-25JUL22HOUARI-HOU,28,72,300,yes
1753239671569,1753239671,KXMLBGAME-25JUL22HOUARI-HOU,29,71,200,yes
1753239671569,1753239671,KXMLBGAME-25JUL22HOUARI-HOU,29,71,300,yes
1753239671569,1753239671,KXMLBGAME-25JUL22HOUARI-HOU,30,70,134,yes
1753239671569,1753239671,KXMLBGAME-25JUL22HOUARI-HOU,30,70,200,yes
1753239671569,1753239671,KXMLBGAME-25JUL22HOUARI-HOU,30,70,300,yes
1753239671569,1753239671,KXMLBGAME-25JUL22HOUARI-HOU,30,70,1178,yes
1753239672714,1753239672,KXMLBGAME-25JUL22HOUARI-HOU,26,74,523,no
1753239675449,1753239675,KXMLBGAME-25JUL22MINLAD-LAD,27,73,35,yes
1753239675449,1753239675,KXMLBGAME-25JUL22HOUARI-HOU,28,72,170,yes
1753239677117,1753239676,KXMLBGAME-25JUL22HOUARI-HOU,28,72,11,yes
1753239677229,1753239677,KXMLBGAME-25JUL22MILSEA-MIL,44,56,72,yes
1753239678090,1753239678,KXMLBGAME-25JUL22HOUARI-HOU,26,74,205,no
1753239683429,1753239683,KXMLBGAME-25JUL22MINLAD-LAD,28,72,34,yes
1753239690351,1753239690,KXMLBGAME-25JUL22MINLAD-MIN,74,26,300,yes
1753239690351,1753239690,KXMLBGAME-25JUL22MINLAD-MIN,75,25,162,yes
1753239691369,1753239691,KXMLBGAME-25JUL22MILSEA-MIL,44,56,4,yes
1753239692332,1753239692,KXMLBGAME-25JUL22STLCOL-STL,2,98,93,yes
1753239692512,1753239692,KXMLBGAME-25JUL22MINLAD-LAD,28,72,100,yes
1753239694929,1753239694,KXMLBGAME-25JUL22MILSEA-MIL,44,56,32,yes
1753239695689,1753239695,KXMLBGAME-25JUL22MILSEA-SEA,59,41,8,yes
1753239696752,1753239696,KXMLBGAME-25JUL22MILSEA-MIL,44,56,192,yes
1753239696752,1753239696,KXMLBGAME-25JUL22MILSEA-MIL,45,55,120,yes
1753239708190,1753239708,KXMLBGAME-25JUL22HOUARI-HOU,31,69,14,yes
1753239710388,1753239710,KXMLBGAME-25JUL22STLCOL-COL,99,1,2000,no
1753239710388,1753239710,KXMLBGAME-25JUL22STLCOL-COL,99,1,539,no
1753239713727,1753239713,KXMLBGAME-25JUL22STLCOL-COL,99,1,35,no
1753239720513,1753239720,KXMLBGAME-25JUL22HOUARI-ARI,69,31,117,yes
1753239721854,1753239721,KXMLBGAME-25JUL22HOUARI-HOU,31,69,46,yes
1753239722870,1753239722,KXMLBGAME-25JUL22STLCOL-COL,99,1,151,no
1753239723599,1753239723,KXMLBGAME-25JUL22MINLAD-LAD,28,72,34,yes
1753239727208,1753239727,KXMLBGAME-25JUL22MINLAD-LAD,28,72,128,yes
1753239727208,1753239727,KXMLBGAME-25JUL22MINLAD-LAD,29,71,126,yes
1753239728089,1753239728,KXMLBGAME-25JUL22MINLAD-LAD,26,74,5,no
1753239729030,1753239728,KXMLBGAME-25JUL22MINLAD-LAD,29,71,300,yes
1753239729030,1753239728,KXMLBGAME-25JUL22MINLAD-LAD,30,70,200,yes
1753239729030,1753239728,KXMLBGAME-25JUL22MINLAD-LAD,30,70,142,yes
1753239729709,1753239729,KXMLBGAME-25JUL22HOUARI-HOU,31,69,3,yes
1753239735690,1753239735,KXMLBGAME-25JUL22MINLAD-MIN,73,27,13,yes
1753239739888,1753239739,KXMLBGAME-25JUL22MINLAD-MIN,73,27,2,yes
1753239742069,1753239742,KXMLBGAME-25JUL22MINLAD-MIN,71,29,88,no
1753239742770,1753239742,KXMLBGAME-25JUL22HOUARI-ARI,71,29,69,yes
1753239743774,1753239743,KXMLBGAME-25JUL22MINLAD-LAD,29,71,16,yes
1753239744030,1753239743,KXMLBGAME-25JUL22HOUARI-HOU,28,72,91,no
1753239753350,1753239753,KXMLBGAME-25JUL22STLCOL-COL,99,1,103,no
1753239754528,1753239754,KXMLBGAME-25JUL22MILSEA-SEA,58,42,8,yes
1753239755312,1753239755,KXMLBGAME-25JUL22MILSEA-MIL,43,57,325,no
1753239756167,1753239756,KXMLBGAME-25JUL22HOUARI-HOU,37,63,12,yes
1753239761012,1753239760,KXMLBGAME-25JUL22MINLAD-MIN,72,28,20,yes
1753239761107,1753239760,KXMLBGAME-25JUL22MILSEA-MIL,43,57,1028,yes
1753239767639,1753239767,KXMLBGAME-25JUL22HOUARI-ARI,66,34,7,yes
1753239767829,1753239767,KXMLBGAME-25JUL22HOUARI-HOU,33,67,62,no
1753239772468,1753239772,KXMLBGAME-25JUL22MILSEA-MIL,43,57,11,yes
1753239776032,1753239775,KXMLBGAME-25JUL22STLCOL-COL,99,1,201,no
1753239779007,1753239778,KXMLBGAME-25JUL22HOUARI-HOU,36,64,15,yes
1753239780712,1753239780,KXMLBGAME-25JUL22MINLAD-LAD,30,70,15,yes
1753239783370,1753239783,KXMLBGAME-25JUL22MINLAD-LAD,29,71,50,yes
1753239792171,1753239792,KXMLBGAME-25JUL22MINLAD-LAD,31,69,3,yes
1753239793847,1753239793,KXMLBGAME-25JUL22HOUARI-ARI,65,35,600,yes
1753239793847,1753239793,KXMLBGAME-25JUL22HOUARI-ARI,65,35,41,yes
1753239795349,1753239795,KXMLBGAME-25JUL22HOUARI-ARI,65,35,259,yes
1753239795349,1753239795,KXMLBGAME-25JUL22HOUARI-ARI,65,35,531,yes
1753239795350,1753239795,KXMLBGAME-25JUL22HOUARI-ARI,65,35,600,yes
1753239795350,1753239795,KXMLBGAME-25JUL22HOUARI-ARI,66,34,397,yes
1753239798508,1753239798,KXMLBGAME-25JUL22HOUARI-HOU,35,65,50,yes
1753239801010,1753239800,KXMLBGAME-25JUL22MINLAD-MIN,72,28,2,yes
1753239803600,1753239803,KXMLBGAME-25JUL22HOUARI-ARI,64,36,2,no
1753239804810,1753239804,KXMLBGAME-25JUL22MINLAD-MIN,72,28,8,yes
1753239806430,1753239806,KXMLBGAME-25JUL22STLCOL-STL,2,98,100,yes
1753239807548,1753239807,KXMLBGAME-25JUL22HOUARI-HOU,36,64,66,yes
1753239808600,1753239808,KXMLBGAME-25JUL22MINLAD-LAD,30,70,6,yes
1753239810070,1753239810,KXMLBGAME-25JUL22MILSEA-SEA,59,41,8,yes
1753239811648,1753239811,KXMLBGAME-25JUL22MINLAD-MIN,69,31,66,no
1753239812051,1753239812,KXMLBGAME-25JUL22HOUARI-HOU,36,64,12,yes
1753239813129,1753239813,KXMLBGAME-25JUL22HOUARI-HOU,36,64,664,yes
1753239816211,1753239816,KXMLBGAME-25JUL22MINLAD-LAD,31,69,6,yes
1753239826851,1753239826,KXMLBGAME-25JUL22MILSEA-MIL,42,58,300,yes
1753239826851,1753239826,KXMLBGAME-25JUL22MILSEA-MIL,43,57,185,yes
1753239830308,1753239830,KXMLBGAME-25JUL22MINLAD-LAD,31,69,21,yes
1753239830308,1753239830,KXMLBGAME-25JUL22MINLAD-LAD,31,69,9,yes
1753239835969,1753239835,KXMLBGAME-25JUL22STLCOL-COL,99,1,151,yes
1753239836267,1753239836,KXMLBGAME-25JUL22MINLAD-MIN,71,29,41,yes
1753239836671,1753239836,KXMLBGAME-25JUL22MINLAD-LAD,31,69,30,yes
1753239836812,1753239836,KXMLBGAME-25JUL22MINLAD-MIN,71,29,20,yes
1753239837131,1753239837,KXMLBGAME-25JUL22HOUARI-HOU,36,64,26,yes
1753239843929,1753239843,KXMLBGAME-25JUL22HOUARI-ARI,67,33,167,yes
1753239845053,1753239844,KXMLBGAME-25JUL22MINLAD-LAD,31,69,10,yes
1753239848790,1753239848,KXMLBGAME-25JUL22HOUARI-ARI,64,36,12,no
1753239849031,1753239848,KXMLBGAME-25JUL22HOUARI-HOU,36,64,53,yes
1753239851210,1753239851,KXMLBGAME-25JUL22HOUARI-ARI,66,34,22,yes
1753239853656,1753239853,KXMLBGAME-25JUL22HOUARI-HOU,36,64,104,yes
1753239855449,1753239855,KXMLBGAME-25JUL22HOUARI-HOU,36,64,17,yes
1753239855449,1753239855,KXMLBGAME-25JUL22HOUARI-HOU,36,64,248,yes
1753239856752,1753239856,KXMLBGAME-25JUL22MINLAD-LAD,31,69,151,yes
1753239856752,1753239856,KXMLBGAME-25JUL22MINLAD-LAD,31,69,156,yes
1753239856889,1753239856,KXMLBGAME-25JUL22MINLAD-LAD,31,69,144,yes
1753239856889,1753239856,KXMLBGAME-25JUL22MINLAD-LAD,31,69,163,yes
1753239858776,1753239858,KXMLBGAME-25JUL22HOUARI-HOU,36,64,26,yes
1753239859109,1753239859,KXMLBGAME-25JUL22HOUARI-ARI,66,34,133,yes
1753239859276,1753239859,KXMLBGAME-25JUL22MILSEA-SEA,59,41,104,yes
1753239859276,1753239859,KXMLBGAME-25JUL22MILSEA-SEA,59,41,177,yes
1753239859276,1753239859,KXMLBGAME-25JUL22MILSEA-SEA,60,40,200,yes
1753239859276,1753239859,KXMLBGAME-25JUL22MILSEA-SEA,61,39,33,yes
1753239859752,1753239859,KXMLBGAME-25JUL22MINLAD-MIN,69,31,84,no
1753239859752,1753239859,KXMLBGAME-25JUL22MINLAD-MIN,69,31,500,no
1753239859752,1753239859,KXMLBGAME-25JUL22MINLAD-MIN,69,31,255,no
1753239861054,1753239861,KXMLBGAME-25JUL22MINLAD-LAD,31,69,30,yes
1753239871069,1753239871,KXMLBGAME-25JUL22STLCOL-STL,2,98,11,yes
1753239872910,1753239872,KXMLBGAME-25JUL22MINLAD-LAD,31,69,61,yes
1753239875672,1753239875,KXMLBGAME-25JUL22STLCOL-STL,2,98,421,yes
1753239880391,1753239880,KXMLBGAME-25JUL22STLCOL-COL,99,1,110,yes
1753239897351,1753239897,KXMLBGAME-25JUL22MILSEA-MIL,40,60,30,no
1753239897351,1753239897,KXMLBGAME-25JUL22MILSEA-MIL,39,61,10,no
1753239897351,1753239897,KXMLBGAME-25JUL22MILSEA-MIL,38,62,5,no
1753239898948,1753239898,KXMLBGAME-25JUL22STLCOL-STL,2,98,93,yes
1753239902914,1753239902,KXMLBGAME-25JUL22MILSEA-MIL,40,60,11,yes
1753239903729,1753239903,KXMLBGAME-25JUL22MINLAD-LAD,31,69,15,yes
1753239907110,1753239907,KXMLBGAME-25JUL22STLCOL-STL,2,98,47,yes
1753239920429,1753239920,KXMLBGAME-25JUL22MINLAD-MIN,71,29,11,yes
1753239920429,1753239920,KXMLBGAME-25JUL22MINLAD-MIN,71,29,12,yes
1753239920429,1753239920,KXMLBGAME-25JUL22MINLAD-MIN,71,29,127,yes
1753239920429,1753239920,KXMLBGAME-25JUL22MINLAD-MIN,71,29,361,yes
1753239920429,1753239920,KXMLBGAME-25JUL22MINLAD-MIN,71,29,300,yes
1753239920429,1753239920,KXMLBGAME-25JUL22MINLAD-MIN,71,29,151,yes
1753239924330,1753239924,KXMLBGAME-25JUL22MINLAD-LAD,30,70,47,yes
1753239926070,1753239926,KXMLBGAME-25JUL22HOUARI-HOU,32,68,33,yes
1753239930770,1753239930,KXMLBGAME-25JUL22MILSEA-MIL,39,61,120,yes
1753239935109,1753239935,KXMLBGAME-25JUL22MINLAD-MIN,72,28,136,yes
1753239937629,1753239937,KXMLBGAME-25JUL22STLCOL-STL,1,99,46,no
1753239941029,1753239940,KXMLBGAME-25JUL22MINLAD-LAD,30,70,31,yes
1753239941631,1753239941,KXMLBGAME-25JUL22STLCOL-COL,99,1,252,yes
1753239941912,1753239941,KXMLBGAME-25JUL22MILSEA-MIL,39,61,180,yes
1753239941912,1753239941,KXMLBGAME-25JUL22MILSEA-MIL,40,60,233,yes
1753239941912,1753239941,KXMLBGAME-25JUL22MILSEA-MIL,41,59,186,yes
1753239947450,1753239947,KXMLBGAME-25JUL22STLCOL-STL,2,98,36,yes
1753239948470,1753239948,KXMLBGAME-25JUL22MINLAD-MIN,72,28,1,yes
1753239950231,1753239950,KXMLBGAME-25JUL22MINLAD-MIN,72,28,1,yes
1753239950550,1753239950,KXMLBGAME-25JUL22MINLAD-MIN,70,30,8,no
1753239955711,1753239955,KXMLBGAME-25JUL22MILSEA-SEA,60,40,8,yes
1753239958590,1753239958,KXMLBGAME-25JUL22STLCOL-STL,2,98,199,yes
1753239958590,1753239958,KXMLBGAME-25JUL22STLCOL-STL,3,97,23,yes
1753239962471,1753239962,KXMLBGAME-25JUL22STLCOL-STL,3,97,31,yes
1753239962965,1753239962,KXMLBGAME-25JUL22HOUARI-ARI,68,32,28,yes
1753239970610,1753239970,KXMLBGAME-25JUL22MINLAD-MIN,68,32,8,yes
1753239971370,1753239971,KXMLBGAME-25JUL22STLCOL-STL,1,99,38,no
1753239972748,1753239972,KXMLBGAME-25JUL22MINLAD-LAD,33,67,19,yes
1753239973470,1753239973,KXMLBGAME-25JUL22STLCOL-STL,3,97,4,yes
1753239974530,1753239974,KXMLBGAME-25JUL22STLCOL-STL,1,99,16,no
1753239975249,1753239975,KXMLBGAME-25JUL22MILSEA-SEA,59,41,300,no
1753239975249,1753239975,KXMLBGAME-25JUL22MILSEA-SEA,59,41,87,no
1753239975249,1753239975,KXMLBGAME-25JUL22MILSEA-SEA,58,42,100,no
1753239975249,1753239975,KXMLBGAME-25JUL22MILSEA-SEA,57,43,191,no
1753239975434,1753239975,KXMLBGAME-25JUL22HOUARI-HOU,32,68,80,no
1753239975529,1753239975,KXMLBGAME-25JUL22HOUARI-ARI,68,32,59,yes
1753239975529,1753239975,KXMLBGAME-25JUL22HOUARI-ARI,68,32,21,yes
1753239977368,1753239977,KXMLBGAME-25JUL22MINLAD-LAD,34,66,14,yes
1753239980629,1753239980,KXMLBGAME-25JUL22MILSEA-SEA,60,40,16,yes
1753239989930,1753239989,KXMLBGAME-25JUL22MILSEA-MIL,41,59,30,yes
1753239992550,1753239992,KXMLBGAME-25JUL22HOUARI-HOU,31,69,37,no
1753239996490,1753239996,KXMLBGAME-25JUL22HOUARI-ARI,67,33,100,no
1753239998011,1753239997,KXMLBGAME-25JUL22STLCOL-COL,99,1,11,no
1753239998089,1753239998,KXMLBGAME-25JUL22HOUARI-ARI,69,31,31,yes
1753239998089,1753239998,KXMLBGAME-25JUL22HOUARI-ARI,70,30,19,yes
1753239998549,1753239998,KXMLBGAME-25JUL22HOUARI-HOU,33,67,100,yes
1753240007268,1753240007,KXMLBGAME-25JUL22STLCOL-STL,1,99,280,yes
1753240008210,1753240008,KXMLBGAME-25JUL22MINLAD-MIN,68,32,11,yes
1753240009918,1753240009,KXMLBGAME-25JUL22MILSEA-MIL,39,61,150,no
1753240009918,1753240009,KXMLBGAME-25JUL22MILSEA-MIL,39,61,384,no
1753240009918,1753240009,KXMLBGAME-25JUL22STLCOL-COL,99,1,503,no
1753240010292,1753240010,KXMLBGAME-25JUL22HOUARI-HOU,37,63,64,yes
1753240016572,1753240016,KXMLBGAME-25JUL22MILSEA-MIL,41,59,7,yes
1753240017194,1753240017,KXMLBGAME-25JUL22MINLAD-MIN,68,32,21,yes
1753240018110,1753240018,KXMLBGAME-25JUL22MINLAD-LAD,33,67,1,no
1753240018110,1753240018,KXMLBGAME-25JUL22MINLAD-LAD,33,67,300,no
1753240018110,1753240018,KXMLBGAME-25JUL22MINLAD-LAD,32,68,77,no
1753240018110,1753240018,KXMLBGAME-25JUL22MINLAD-MIN,68,32,47,yes
1753240018110,1753240018,KXMLBGAME-25JUL22MINLAD-MIN,68,32,6,yes
1753240018110,1753240018,KXMLBGAME-25JUL22MINLAD-MIN,68,32,8,yes
1753240018110,1753240018,KXMLBGAME-25JUL22MINLAD-MIN,68,32,16,yes
1753240021169,1753240021,KXMLBGAME-25JUL22STLCOL-COL,99,1,440,no
1753240024889,1753240024,KXMLBGAME-25JUL22MINLAD-MIN,75,25,19,yes
1753240027449,1753240027,KXMLBGAME-25JUL22HOUARI-ARI,66,34,23,yes
1753240027449,1753240027,KXMLBGAME-25JUL22HOUARI-ARI,66,34,80,yes
1753240028089,1753240028,KXMLBGAME-25JUL22HOUARI-ARI,66,34,25,yes
1753240035038,1753240034,KXMLBGAME-25JUL22MINLAD-MIN,76,24,450,yes
1753240038693,1753240038,KXMLBGAME-25JUL22MILSEA-MIL,42,58,44,yes
1753240041150,1753240041,KXMLBGAME-25JUL22MINLAD-LAD,25,75,76,yes
1753240045250,1753240045,KXMLBGAME-25JUL22MINLAD-MIN,78,22,30,yes
1753240045250,1753240045,KXMLBGAME-25JUL22MINLAD-MIN,78,22,500,yes
1753240045250,1753240045,KXMLBGAME-25JUL22MINLAD-MIN,78,22,39,yes
1753240045250,1753240045,KXMLBGAME-25JUL22MINLAD-MIN,78,22,59,yes
1753240046849,1753240046,KXMLBGAME-25JUL22MINLAD-MIN,78,22,17,yes
1753240050789,1753240050,KXMLBGAME-25JUL22STLCOL-COL,99,1,64,no
1753240052149,1753240052,KXMLBGAME-25JUL22MILSEA-MIL,45,55,4,yes
1753240052912,1753240052,KXMLBGAME-25JUL22MILSEA-SEA,58,42,16,yes
1753240053371,1753240053,KXMLBGAME-25JUL22HOUARI-ARI,69,31,17,yes
1753240053490,1753240053,KXMLBGAME-25JUL22HOUARI-ARI,69,31,13,yes
1753240056268,1753240056,KXMLBGAME-25JUL22MINLAD-LAD,25,75,7,yes
1753240060150,1753240060,KXMLBGAME-25JUL22HOUARI-ARI,70,30,10,yes
1753240060150,1753240060,KXMLBGAME-25JUL22HOUARI-ARI,71,29,300,yes
1753240060150,1753240060,KXMLBGAME-25JUL22HOUARI-ARI,72,28,300,yes
1753240060171,1753240060,KXMLBGAME-25JUL22HOUARI-HOU,30,70,10,no
1753240060175,1753240060,KXMLBGAME-25JUL22HOUARI-HOU,28,72,300,no
1753240060190,1753240060,KXMLBGAME-25JUL22MINLAD-MIN,77,23,1,yes
1753240063950,1753240063,KXMLBGAME-25JUL22HOUARI-HOU,26,74,600,no
1753240063950,1753240063,KXMLBGAME-25JUL22HOUARI-HOU,26,74,300,no
1753240064029,1753240063,KXMLBGAME-25JUL22HOUARI-ARI,74,26,600,yes
1753240065522,1753240065,KXMLBGAME-25JUL22MILSEA-SEA,55,45,30,no
1753240065993,1753240065,KXMLBGAME-25JUL22MILSEA-SEA,55,45,35,no
1753240065993,1753240065,KXMLBGAME-25JUL22MILSEA-SEA,55,45,3154,no
1753240066327,1753240066,KXMLBGAME-25JUL22MINLAD-MIN,77,23,18,yes
1753240066327,1753240066,KXMLBGAME-25JUL22MINLAD-MIN,78,22,106,yes
1753240067448,1753240067,KXMLBGAME-25JUL22MINLAD-LAD,25,75,11,yes
1753240068090,1753240068,KXMLBGAME-25JUL22HOUARI-ARI,73,27,9,no
1753240072142,1753240072,KXMLBGAME-25JUL22HOUARI-ARI,74,26,64,yes
1753240072142,1753240072,KXMLBGAME-25JUL22HOUARI-ARI,74,26,36,yes
1753240076470,1753240076,KXMLBGAME-25JUL22MINLAD-LAD,26,74,87,yes
1753240076478,1753240076,KXMLBGAME-25JUL22MINLAD-LAD,26,74,4,yes
1753240081733,1753240081,KXMLBGAME-25JUL22HOUARI-HOU,26,74,54,yes
1753240082798,1753240082,KXMLBGAME-25JUL22MINLAD-LAD,26,74,32,yes
1753240087210,1753240087,KXMLBGAME-25JUL22STLCOL-STL,1,99,93,yes
1753240089591,1753240089,KXMLBGAME-25JUL22MINLAD-LAD,26,74,30,yes
1753240090210,1753240090,KXMLBGAME-25JUL22MINLAD-LAD,26,74,36,yes
1753240097870,1753240097,KXMLBGAME-25JUL22MILSEA-MIL,46,54,40,yes
1753240098227,1753240098,KXMLBGAME-25JUL22STLCOL-COL,99,1,201,no
1753240099924,1753240099,KXMLBGAME-25JUL22MILSEA-MIL,46,54,12,yes
1753240105050,1753240104,KXMLBGAME-25JUL22MINLAD-LAD,26,74,365,yes
1753240109145,1753240108,KXMLBGAME-25JUL22HOUARI-ARI,74,26,13,yes
1753240109389,1753240109,KXMLBGAME-25JUL22HOUARI-HOU,27,73,11,yes
1753240111910,1753240111,KXMLBGAME-25JUL22MINLAD-LAD,26,74,36,yes
1753240117312,1753240117,KXMLBGAME-25JUL22MILSEA-MIL,46,54,104,yes
1753240122912,1753240122,KXMLBGAME-25JUL22MILSEA-MIL,43,57,10,no
1753240126948,1753240126,KXMLBGAME-25JUL22MINLAD-LAD,27,73,352,yes
1753240130850,1753240130,KXMLBGAME-25JUL22HOUARI-ARI,74,26,13,yes
1753240132367,1753240132,KXMLBGAME-25JUL22HOUARI-HOU,27,73,70,yes
1753240132567,1753240132,KXMLBGAME-25JUL22MINLAD-LAD,27,73,56,yes
1753240140413,1753240140,KXMLBGAME-25JUL22HOUARI-HOU,25,75,61,no
1753240140849,1753240140,KXMLBGAME-25JUL22MINLAD-LAD,25,75,50,no
1753240140849,1753240140,KXMLBGAME-25JUL22MINLAD-LAD,25,75,13,no
1753240140849,1753240140,KXMLBGAME-25JUL22MINLAD-LAD,24,76,50,no
1753240140849,1753240140,KXMLBGAME-25JUL22MINLAD-LAD,24,76,3,no
1753240142149,1753240142,KXMLBGAME-25JUL22MILSEA-SEA,57,43,248,yes
1753240145090,1753240145,KXMLBGAME-25JUL22MILSEA-SEA,57,43,36,yes
1753240149288,1753240149,KXMLBGAME-25JUL22MINLAD-LAD,27,73,4592,yes
1753240149288,1753240149,KXMLBGAME-25JUL22MINLAD-LAD,27,73,933,yes
1753240153030,1753240152,KXMLBGAME-25JUL22MINLAD-LAD,27,73,176,yes
1753240156228,1753240156,KXMLBGAME-25JUL22MINLAD-MIN,75,25,40,yes
1753240162795,1753240162,KXMLBGAME-25JUL22HOUARI-HOU,27,73,17,yes
1753240163718,1753240163,KXMLBGAME-25JUL22MILSEA-MIL,46,54,41,yes
1753240168070,1753240168,KXMLBGAME-25JUL22HOUARI-HOU,27,73,17,yes
1753240169991,1753240169,KXMLBGAME-25JUL22HOUARI-ARI,74,26,96,yes
1753240169991,1753240169,KXMLBGAME-25JUL22HOUARI-ARI,75,25,87,yes
1753240169991,1753240169,KXMLBGAME-25JUL22HOUARI-ARI,75,25,2,yes
1753240169991,1753240169,KXMLBGAME-25JUL22HOUARI-ARI,75,25,12,yes
1753240170070,1753240170,KXMLBGAME-25JUL22HOUARI-HOU,27,73,60,yes
1753240170070,1753240170,KXMLBGAME-25JUL22HOUARI-HOU,28,72,87,yes
1753240170070,1753240170,KXMLBGAME-25JUL22HOUARI-HOU,28,72,195,yes
1753240174728,1753240174,KXMLBGAME-25JUL22MINLAD-MIN,75,25,13,yes
1753240179053,1753240178,KXMLBGAME-25JUL22HOUARI-ARI,75,25,131,yes
1753240182465,1753240182,KXMLBGAME-25JUL22MILSEA-MIL,46,54,103,yes
1753240182465,1753240182,KXMLBGAME-25JUL22MILSEA-MIL,46,54,49,yes
1753240182465,1753240182,KXMLBGAME-25JUL22MILSEA-MIL,46,54,78,yes
1753240184409,1753240184,KXMLBGAME-25JUL22HOUARI-HOU,27,73,352,yes
1753240187073,1753240186,KXMLBGAME-25JUL22MILSEA-MIL,46,54,3,yes
1753240187992,1753240187,KXMLBGAME-25JUL22HOUARI-HOU,27,73,14,yes
1753240191768,1753240191,KXMLBGAME-25JUL22MILSEA-MIL,46,54,3919,yes
1753240191768,1753240191,KXMLBGAME-25JUL22MILSEA-MIL,46,54,3081,yes
1753240194128,1753240194,KXMLBGAME-25JUL22STLCOL-COL,99,1,50,no
1753240196902,1753240196,KXMLBGAME-25JUL22STLCOL-COL,99,1,62,no
1753240197730,1753240197,KXMLBGAME-25JUL22MINLAD-LAD,27,73,114,yes
1753240205509,1753240205,KXMLBGAME-25JUL22MILSEA-MIL,45,55,11,yes
1753240205730,1753240205,KXMLBGAME-25JUL22MILSEA-SEA,55,45,2245,yes
1753240207710,1753240207,KXMLBGAME-25JUL22MINLAD-LAD,27,73,28,yes
1753240210248,1753240210,KXMLBGAME-25JUL22HOUARI-HOU,27,73,352,yes
1753240211449,1753240211,KXMLBGAME-25JUL22MINLAD-LAD,27,73,35,yes
1753240216929,1753240216,KXMLBGAME-25JUL22HOUARI-HOU,27,73,17,yes
1753240226329,1753240226,KXMLBGAME-25JUL22STLCOL-STL,1,99,20,yes
1753240231313,1753240231,KXMLBGAME-25JUL22MINLAD-MIN,76,24,64,yes
1753240240370,1753240240,KXMLBGAME-25JUL22MINLAD-LAD,25,75,50,yes
1753240254791,1753240254,KXMLBGAME-25JUL22MINLAD-LAD,25,75,50,yes
1753240258928,1753240258,KXMLBGAME-25JUL22MINLAD-MIN,76,24,4,yes
1753240264148,1753240264,KXMLBGAME-25JUL22MINLAD-MIN,76,24,71,yes
1753240264229,1753240264,KXMLBGAME-25JUL22HOUARI-HOU,30,70,87,yes
1753240264229,1753240264,KXMLBGAME-25JUL22HOUARI-HOU,30,70,40,yes
1753240282993,1753240282,KXMLBGAME-25JUL22MINLAD-MIN,78,22,6,yes
1753240287067,1753240286,KXMLBGAME-25JUL22HOUARI-HOU,29,71,6,yes
1753240289165,1753240289,KXMLBGAME-25JUL22MILSEA-MIL,45,55,15,yes
1753240289165,1753240289,KXMLBGAME-25JUL22MILSEA-MIL,46,54,27,yes
1753240295309,1753240295,KXMLBGAME-25JUL22STLCOL-COL,99,1,22,no
1753240301809,1753240301,KXMLBGAME-25JUL22MILSEA-MIL,46,54,10,yes
1753240303700,1753240303,KXMLBGAME-25JUL22MILSEA-SEA,55,45,19,yes
1753240303700,1753240303,KXMLBGAME-25JUL22MINLAD-LAD,23,77,81,yes
1753240305369,1753240305,KXMLBGAME-25JUL22STLCOL-STL,1,99,93,yes
1753240305509,1753240305,KXMLBGAME-25JUL22MILSEA-SEA,54,46,37,no
1753240305509,1753240305,KXMLBGAME-25JUL22MILSEA-SEA,54,46,300,no
1753240305608,1753240305,KXMLBGAME-25JUL22MILSEA-MIL,46,54,37,yes
1753240313309,1753240313,KXMLBGAME-25JUL22MINLAD-LAD,23,77,41,yes
1753240314449,1753240314,KXMLBGAME-25JUL22MINLAD-LAD,23,77,41,yes
1753240315970,1753240315,KXMLBGAME-25JUL22HOUARI-HOU,27,73,70,yes
1753240316649,1753240316,KXMLBGAME-25JUL22MILSEA-MIL,47,53,30,yes
1753240317449,1753240317,KXMLBGAME-25JUL22MINLAD-LAD,23,77,137,yes
1753240317449,1753240317,KXMLBGAME-25JUL22MINLAD-LAD,23,77,64,yes
1753240317449,1753240317,KXMLBGAME-25JUL22MINLAD-LAD,24,76,87,yes
1753240317449,1753240317,KXMLBGAME-25JUL22MINLAD-LAD,24,76,115,yes
1753240318209,1753240318,KXMLBGAME-25JUL22MILSEA-SEA,54,46,34,yes
1753240320707,1753240320,KXMLBGAME-25JUL22MINLAD-MIN,78,22,2,yes
1753240323189,1753240323,KXMLBGAME-25JUL22HOUARI-HOU,28,72,87,yes
1753240323189,1753240323,KXMLBGAME-25JUL22HOUARI-HOU,28,72,377,yes
1753240324904,1753240324,KXMLBGAME-25JUL22MILSEA-SEA,54,46,7,yes
1753240324904,1753240324,KXMLBGAME-25JUL22HOUARI-HOU,28,72,50,yes
1753240333111,1753240333,KXMLBGAME-25JUL22HOUARI-HOU,28,72,51,yes
1753240344270,1753240344,KXMLBGAME-25JUL22STLCOL-COL,99,1,1,no
1753240350448,1753240350,KXMLBGAME-25JUL22HOUARI-HOU,27,73,50,no
1753240353227,1753240353,KXMLBGAME-25JUL22HOUARI-HOU,27,73,52,yes
1753240355068,1753240354,KXMLBGAME-25JUL22HOUARI-HOU,27,73,100,yes
1753240355522,1753240355,KXMLBGAME-25JUL22HOUARI-HOU,27,73,24,yes
1753240357311,1753240357,KXMLBGAME-25JUL22MILSEA-MIL,48,52,34,yes
1753240359651,1753240359,KXMLBGAME-25JUL22STLCOL-COL,99,1,28,no
1753240361229,1753240361,KXMLBGAME-25JUL22MINLAD-LAD,22,78,30,no
1753240361229,1753240361,KXMLBGAME-25JUL22MINLAD-LAD,22,78,195,no
1753240361309,1753240361,KXMLBGAME-25JUL22HOUARI-HOU,27,73,17,yes
1753240363888,1753240363,KXMLBGAME-25JUL22MINLAD-LAD,24,76,197,yes
1753240365689,1753240365,KXMLBGAME-25JUL22STLCOL-COL,99,1,513,no
1753240375189,1753240375,KXMLBGAME-25JUL22MILSEA-MIL,48,52,201,yes
1753240375350,1753240375,KXMLBGAME-25JUL22MILSEA-SEA,53,47,182,yes
1753240376951,1753240376,KXMLBGAME-25JUL22MINLAD-LAD,24,76,58,yes
1753240390130,1753240390,KXMLBGAME-25JUL22MINLAD-LAD,24,76,4,yes
1753240392491,1753240392,KXMLBGAME-25JUL22MINLAD-LAD,24,76,39,yes
1753240395559,1753240395,KXMLBGAME-25JUL22HOUARI-ARI,74,26,26,yes
1753240400429,1753240400,KXMLBGAME-25JUL22HOUARI-ARI,73,27,20,no
1753240402769,1753240402,KXMLBGAME-25JUL22HOUARI-HOU,29,71,3,yes
1753240406410,1753240406,KXMLBGAME-25JUL22MINLAD-MIN,77,23,127,yes
1753240411170,1753240411,KXMLBGAME-25JUL22STLCOL-COL,99,1,1105,no
1753240411170,1753240411,KXMLBGAME-25JUL22STLCOL-COL,99,1,92,no
1753240416629,1753240416,KXMLBGAME-25JUL22MINLAD-MIN,77,23,5,yes
1753240416890,1753240416,KXMLBGAME-25JUL22MILSEA-SEA,51,49,94,yes
1753240416890,1753240416,KXMLBGAME-25JUL22MILSEA-SEA,53,47,87,yes
1753240416890,1753240416,KXMLBGAME-25JUL22MILSEA-SEA,63,37,300,yes
1753240420169,1753240420,KXMLBGAME-25JUL22MILSEA-MIL,39,61,275,no
1753240420170,1753240420,KXMLBGAME-25JUL22MILSEA-MIL,38,62,21,no
1753240420712,1753240420,KXMLBGAME-25JUL22MILSEA-MIL,41,59,165,no
1753240420808,1753240420,KXMLBGAME-25JUL22HOUARI-HOU,30,70,63,yes
1753240425248,1753240425,KXMLBGAME-25JUL22MILSEA-SEA,69,31,200,yes
1753240425548,1753240425,KXMLBGAME-25JUL22MILSEA-MIL,19,81,50,no
1753240427848,1753240427,KXMLBGAME-25JUL22MILSEA-MIL,30,70,34,no
1753240427849,1753240427,KXMLBGAME-25JUL22MILSEA-MIL,19,81,100,no
1753240427849,1753240427,KXMLBGAME-25JUL22MILSEA-MIL,18,82,1,no
1753240427849,1753240427,KXMLBGAME-25JUL22MILSEA-MIL,17,83,100,no
1753240427849,1753240427,KXMLBGAME-25JUL22MILSEA-MIL,15,85,40,no
1753240428627,1753240428,KXMLBGAME-25JUL22HOUARI-HOU,31,69,30,yes
1753240428709,1753240428,KXMLBGAME-25JUL22STLCOL-COL,99,1,1908,no
1753240428709,1753240428,KXMLBGAME-25JUL22STLCOL-COL,99,1,1036,no
1753240430148,1753240430,KXMLBGAME-25JUL22MINLAD-LAD,23,77,50,no
1753240433870,1753240433,KXMLBGAME-25JUL22MINLAD-MIN,78,22,2,yes
1753240435470,1753240435,KXMLBGAME-25JUL22MILSEA-SEA,75,25,100,yes
1753240437430,1753240437,KXMLBGAME-25JUL22MILSEA-SEA,75,25,61,no
1753240444629,1753240444,KXMLBGAME-25JUL22MILSEA-MIL,23,77,1,no
1753240446609,1753240446,KXMLBGAME-25JUL22MILSEA-MIL,26,74,3,yes
1753240446889,1753240446,KXMLBGAME-25JUL22MILSEA-SEA,74,26,66,no
1753240450368,1753240450,KXMLBGAME-25JUL22MINLAD-MIN,76,24,1,no
1753240451983,1753240451,KXMLBGAME-25JUL22MILSEA-MIL,26,74,7,yes
1753240452440,1753240452,KXMLBGAME-25JUL22MINLAD-MIN,78,22,3,yes
1753240455329,1753240455,KXMLBGAME-25JUL22HOUARI-HOU,29,71,3,no
1753240455330,1753240455,KXMLBGAME-25JUL22MILSEA-SEA,76,24,25,yes
1753240456350,1753240456,KXMLBGAME-25JUL22MILSEA-MIL,24,76,100,no
1753240457151,1753240457,KXMLBGAME-25JUL22MILSEA-MIL,24,76,192,no
1753240457350,1753240457,KXMLBGAME-25JUL22MILSEA-SEA,74,26,6,no
1753240461101,1753240461,KXMLBGAME-25JUL22MINLAD-LAD,22,78,1,no
1753240465751,1753240465,KXMLBGAME-25JUL22MINLAD-LAD,24,76,300,yes
1753240465751,1753240465,KXMLBGAME-25JUL22MINLAD-LAD,25,75,91,yes
1753240469371,1753240469,KXMLBGAME-25JUL22MILSEA-SEA,75,25,13,yes
1753240471637,1753240471,KXMLBGAME-25JUL22MILSEA-SEA,75,25,1,yes
1753240472332,1753240472,KXMLBGAME-25JUL22MINLAD-LAD,24,76,138,yes
1753240475570,1753240475,KXMLBGAME-25JUL22MILSEA-MIL,24,76,1,no
1753240475570,1753240475,KXMLBGAME-25JUL22MILSEA-MIL,23,77,81,no
1753240480012,1753240479,KXMLBGAME-25JUL22MILSEA-MIL,27,73,17,yes
1753240488330,1753240488,KXMLBGAME-25JUL22MILSEA-MIL,25,75,78,no
1753240489144,1753240489,KXMLBGAME-25JUL22HOUARI-ARI,70,30,81,yes
1753240489144,1753240489,KXMLBGAME-25JUL22HOUARI-ARI,71,29,86,yes
1753240489144,1753240489,KXMLBGAME-25JUL22HOUARI-ARI,72,28,500,yes
1753240489144,1753240489,KXMLBGAME-25JUL22HOUARI-ARI,72,28,27,yes
1753240492650,1753240492,KXMLBGAME-25JUL22HOUARI-ARI,71,29,6,yes
1753240493410,1753240493,KXMLBGAME-25JUL22MILSEA-SEA,75,25,21,yes
1753240493410,1753240493,KXMLBGAME-25JUL22MILSEA-SEA,75,25,8,yes
1753240496731,1753240496,KXMLBGAME-25JUL22MINLAD-LAD,24,76,1,yes
1753240498368,1753240498,KXMLBGAME-25JUL22MILSEA-MIL,24,76,1,no
1753240499087,1753240499,KXMLBGAME-25JUL22HOUARI-HOU,32,68,97,yes
1753240499115,1753240499,KXMLBGAME-25JUL22MILSEA-MIL,26,74,100,yes
1753240499115,1753240499,KXMLBGAME-25JUL22MILSEA-MIL,26,74,300,yes
1753240499115,1753240499,KXMLBGAME-25JUL22MILSEA-MIL,27,73,9,yes
1753240500172,1753240500,KXMLBGAME-25JUL22MILSEA-MIL,24,76,86,no
1753240500172,1753240500,KXMLBGAME-25JUL22MILSEA-MIL,24,76,1,no
1753240500172,1753240500,KXMLBGAME-25JUL22MILSEA-MIL,23,77,58,no
1753240501988,1753240501,KXMLBGAME-25JUL22MILSEA-MIL,24,76,87,no
1753240501988,1753240501,KXMLBGAME-25JUL22MILSEA-MIL,23,77,442,no
1753240501988,1753240501,KXMLBGAME-25JUL22MILSEA-MIL,23,77,136,no
1753240504230,1753240504,KXMLBGAME-25JUL22MILSEA-MIL,26,74,3,yes
1753240504370,1753240504,KXMLBGAME-25JUL22MINLAD-LAD,24,76,79,yes
1753240505333,1753240505,KXMLBGAME-25JUL22MILSEA-SEA,75,25,9,yes
1753240507330,1753240507,KXMLBGAME-25JUL22MILSEA-SEA,75,25,36,yes
1753240511777,1753240511,KXMLBGAME-25JUL22MILSEA-SEA,75,25,131,yes
1753240512706,1753240512,KXMLBGAME-25JUL22MINLAD-LAD,24,76,77,yes
1753240512890,1753240512,KXMLBGAME-25JUL22MILSEA-MIL,26,74,109,yes
1753240517851,1753240517,KXMLBGAME-25JUL22MILSEA-MIL,24,76,8,no
1753240517851,1753240517,KXMLBGAME-25JUL22MILSEA-MIL,24,76,61,no
1753240520670,1753240520,KXMLBGAME-25JUL22STLCOL-COL,99,1,18,no
1753240520830,1753240520,KXMLBGAME-25JUL22MILSEA-MIL,26,74,10,yes
1753240527470,1753240527,KXMLBGAME-25JUL22MILSEA-SEA,75,25,65,yes
1753240536976,1753240536,KXMLBGAME-25JUL22MILSEA-MIL,26,74,71,yes
1753240548149,1753240548,KXMLBGAME-25JUL22MILSEA-SEA,75,25,1,yes
1753240548890,1753240548,KXMLBGAME-25JUL22HOUARI-ARI,70,30,139,yes
1753240550249,1753240550,KXMLBGAME-25JUL22STLCOL-STL,1,99,374,yes
1753240550890,1753240550,KXMLBGAME-25JUL22MILSEA-MIL,26,74,107,yes
1753240551210,1753240551,KXMLBGAME-25JUL22HOUARI-ARI,70,30,3,yes
1753240556732,1753240556,KXMLBGAME-25JUL22STLCOL-COL,99,1,85,no
1753240568228,1753240568,KXMLBGAME-25JUL22MILSEA-MIL,24,76,10,no
1753240568228,1753240568,KXMLBGAME-25JUL22MILSEA-MIL,23,77,106,no
1753240574146,1753240573,KXMLBGAME-25JUL22MILSEA-SEA,75,25,190,yes
1753240574153,1753240573,KXMLBGAME-25JUL22MILSEA-SEA,75,25,1,yes
1753240579169,1753240579,KXMLBGAME-25JUL22MILSEA-SEA,75,25,2,yes
1753240579779,1753240579,KXMLBGAME-25JUL22MILSEA-MIL,25,75,24,yes
1753240579779,1753240579,KXMLBGAME-25JUL22MILSEA-MIL,26,74,300,yes
1753240579779,1753240579,KXMLBGAME-25JUL22MILSEA-MIL,27,73,76,yes
1753240585230,1753240585,KXMLBGAME-25JUL22MILSEA-SEA,74,26,3,no
1753240589916,1753240589,KXMLBGAME-25JUL22MILSEA-SEA,76,24,158,yes
1753240589916,1753240589,KXMLBGAME-25JUL22MILSEA-SEA,77,23,610,yes
1753240592508,1753240592,KXMLBGAME-25JUL22MILSEA-SEA,77,23,1,yes
1753240594049,1753240593,KXMLBGAME-25JUL22MILSEA-MIL,26,74,91,yes
1753240596790,1753240596,KXMLBGAME-25JUL22HOUARI-HOU,31,69,138,yes
1753240597890,1753240597,KXMLBGAME-25JUL22MILSEA-MIL,26,74,3,yes
1753240600210,1753240600,KXMLBGAME-25JUL22MILSEA-SEA,74,26,1,no
1753240600851,1753240600,KXMLBGAME-25JUL22MILSEA-MIL,26,74,18,yes
1753240601789,1753240601,KXMLBGAME-25JUL22MILSEA-MIL,26,74,188,yes
1753240601789,1753240601,KXMLBGAME-25JUL22MILSEA-MIL,27,73,171,yes
1753240602252,1753240602,KXMLBGAME-25JUL22MINLAD-MIN,77,23,1,yes
1753240609289,1753240609,KXMLBGAME-25JUL22MILSEA-MIL,26,74,300,yes
1753240609289,1753240609,KXMLBGAME-25JUL22MILSEA-MIL,27,73,591,yes
1753240613408,1753240613,KXMLBGAME-25JUL22MILSEA-MIL,26,74,21,yes
1753240615773,1753240615,KXMLBGAME-25JUL22HOUARI-HOU,31,69,76,yes
1753240625170,1753240625,KXMLBGAME-25JUL22HOUARI-ARI,70,30,158,yes
1753240625369,1753240625,KXMLBGAME-25JUL22HOUARI-HOU,30,70,300,no
1753240628291,1753240628,KXMLBGAME-25JUL22MILSEA-MIL,26,74,4,yes
1753240629790,1753240629,KXMLBGAME-25JUL22MINLAD-LAD,23,77,79,no
1753240635310,1753240635,KXMLBGAME-25JUL22HOUARI-ARI,71,29,13,yes
1753240646270,1753240646,KXMLBGAME-25JUL22MILSEA-SEA,75,25,87,yes
1753240646270,1753240646,KXMLBGAME-25JUL22MILSEA-SEA,76,24,43,yes
1753240653811,1753240653,KXMLBGAME-25JUL22MINLAD-MIN,78,22,2,yes
1753240664054,1753240663,KXMLBGAME-25JUL22MILSEA-SEA,75,25,39,yes
1753240665228,1753240665,KXMLBGAME-25JUL22MINLAD-MIN,76,24,300,no
1753240665228,1753240665,KXMLBGAME-25JUL22MINLAD-MIN,76,24,500,no
1753240665309,1753240665,KXMLBGAME-25JUL22MINLAD-LAD,24,76,200,yes
1753240665309,1753240665,KXMLBGAME-25JUL22MINLAD-LAD,24,76,300,yes
1753240665309,1753240665,KXMLBGAME-25JUL22MINLAD-LAD,24,76,500,yes
1753240665309,1753240665,KXMLBGAME-25JUL22MINLAD-LAD,24,76,600,yes
1753240666749,1753240666,KXMLBGAME-25JUL22MILSEA-SEA,75,25,65,yes
1753240671831,1753240671,KXMLBGAME-25JUL22MILSEA-MIL,27,73,35,yes
1753240673568,1753240673,KXMLBGAME-25JUL22HOUARI-ARI,70,30,69,yes
1753240676349,1753240676,KXMLBGAME-25JUL22HOUARI-ARI,68,32,3,no
1753240679849,1753240679,KXMLBGAME-25JUL22MILSEA-MIL,25,75,50,no
1753240680319,1753240680,KXMLBGAME-25JUL22MILSEA-SEA,75,25,36,yes
1753240682930,1753240682,KXMLBGAME-25JUL22HOUARI-ARI,68,32,81,yes
1753240685110,1753240685,KXMLBGAME-25JUL22STLCOL-COL,99,1,207,no
1753240686390,1753240686,KXMLBGAME-25JUL22HOUARI-HOU,34,66,79,yes
1753240690211,1753240690,KXMLBGAME-25JUL22MINLAD-MIN,78,22,78,yes
1753240690211,1753240690,KXMLBGAME-25JUL22MINLAD-MIN,78,22,2,yes
1753240690211,1753240690,KXMLBGAME-25JUL22MINLAD-MIN,78,22,172,yes
1753240692522,1753240692,KXMLBGAME-25JUL22MILSEA-SEA,76,24,35,yes
1753240692522,1753240692,KXMLBGAME-25JUL22MILSEA-SEA,76,24,116,yes
1753240700170,1753240700,KXMLBGAME-25JUL22HOUARI-ARI,68,32,216,yes
1753240700170,1753240700,KXMLBGAME-25JUL22HOUARI-ARI,68,32,60,yes
1753240700170,1753240700,KXMLBGAME-25JUL22HOUARI-ARI,72,28,600,yes
1753240700170,1753240700,KXMLBGAME-25JUL22HOUARI-ARI,72,28,82,yes
1753240700190,1753240700,KXMLBGAME-25JUL22HOUARI-HOU,32,68,60,no
1753240700250,1753240700,KXMLBGAME-25JUL22HOUARI-ARI,71,29,45,yes
1753240700250,1753240700,KXMLBGAME-25JUL22HOUARI-ARI,72,28,45,yes
1753240700250,1753240700,KXMLBGAME-25JUL22HOUARI-ARI,73,27,300,yes
1753240700250,1753240700,KXMLBGAME-25JUL22HOUARI-ARI,73,27,181,yes
1753240700628,1753240700,KXMLBGAME-25JUL22HOUARI-ARI,72,28,7,yes
1753240700628,1753240700,KXMLBGAME-25JUL22HOUARI-ARI,73,27,19,yes
1753240700628,1753240700,KXMLBGAME-25JUL22HOUARI-ARI,73,27,600,yes
1753240700709,1753240700,KXMLBGAME-25JUL22HOUARI-HOU,27,73,200,yes
1753240701950,1753240701,KXMLBGAME-25JUL22MILSEA-MIL,26,74,365,yes
1753240704508,1753240704,KXMLBGAME-25JUL22MILSEA-MIL,24,76,203,no
1753240705489,1753240705,KXMLBGAME-25JUL22MINLAD-MIN,77,23,500,no
1753240705589,1753240705,KXMLBGAME-25JUL22MINLAD-LAD,22,78,300,yes
1753240705589,1753240705,KXMLBGAME-25JUL22MINLAD-LAD,23,77,500,yes
1753240705589,1753240705,KXMLBGAME-25JUL22MINLAD-LAD,23,77,600,yes
1753240706629,1753240706,KXMLBGAME-25JUL22MILSEA-MIL,26,74,33,yes
1753240710149,1753240710,KXMLBGAME-25JUL22MILSEA-MIL,24,76,97,no
1753240710149,1753240710,KXMLBGAME-25JUL22MILSEA-MIL,23,77,5,no
1753240710149,1753240710,KXMLBGAME-25JUL22MILSEA-MIL,23,77,448,no
1753240711411,1753240711,KXMLBGAME-25JUL22MINLAD-LAD,23,77,78,yes
1753240712030,1753240711,KXMLBGAME-25JUL22HOUARI-HOU,26,74,50,no
1753240712030,1753240711,KXMLBGAME-25JUL22HOUARI-HOU,26,74,100,no
1753240712030,1753240711,KXMLBGAME-25JUL22HOUARI-HOU,26,74,50,no
1753240714845,1753240714,KXMLBGAME-25JUL22MILSEA-SEA,76,24,33,yes
1753240715664,1753240715,KXMLBGAME-25JUL22MINLAD-LAD,23,77,222,yes
1753240720150,1753240720,KXMLBGAME-25JUL22MILSEA-SEA,76,24,151,yes
1753240720171,1753240720,KXMLBGAME-25JUL22MILSEA-MIL,24,76,300,no
1753240720190,1753240720,KXMLBGAME-25JUL22MILSEA-MIL,23,77,73,no
1753240720190,1753240720,KXMLBGAME-25JUL22MILSEA-MIL,23,77,468,no
1753240720369,1753240720,KXMLBGAME-25JUL22MILSEA-SEA,76,24,300,yes
1753240720369,1753240720,KXMLBGAME-25JUL22MILSEA-SEA,77,23,55,yes
1753240725689,1753240725,KXMLBGAME-25JUL22MILSEA-SEA,78,22,41,yes
1753240727709,1753240727,KXMLBGAME-25JUL22MILSEA-MIL,23,77,20,yes
1753240728771,1753240728,KXMLBGAME-25JUL22MINLAD-MIN,78,22,1,yes
1753240729688,1753240729,KXMLBGAME-25JUL22MINLAD-MIN,78,22,127,yes
1753240729688,1753240729,KXMLBGAME-25JUL22MINLAD-MIN,78,22,188,yes
1753240729811,1753240729,KXMLBGAME-25JUL22HOUARI-ARI,74,26,172,yes
1753240730467,1753240730,KXMLBGAME-25JUL22MILSEA-MIL,21,79,30,no
1753240731352,1753240731,KXMLBGAME-25JUL22HOUARI-HOU,27,73,17,yes
1753240732765,1753240732,KXMLBGAME-25JUL22MILSEA-MIL,23,77,41,yes
1753240736591,1753240736,KXMLBGAME-25JUL22HOUARI-ARI,75,25,1,yes
1753240738849,1753240738,KXMLBGAME-25JUL22MILSEA-MIL,20,80,130,no
1753240743309,1753240743,KXMLBGAME-25JUL22MILSEA-SEA,77,23,20,no
1753240745649,1753240745,KXMLBGAME-25JUL22MINLAD-MIN,77,23,12,yes
1753240747210,1753240747,KXMLBGAME-25JUL22MINLAD-LAD,24,76,300,yes
1753240747210,1753240747,KXMLBGAME-25JUL22MINLAD-LAD,25,75,200,yes
1753240747210,1753240747,KXMLBGAME-25JUL22MINLAD-LAD,25,75,79,yes
1753240749053,1753240748,KXMLBGAME-25JUL22HOUARI-HOU,25,75,300,no
1753240749053,1753240748,KXMLBGAME-25JUL22HOUARI-HOU,24,76,5,no
1753240749053,1753240748,KXMLBGAME-25JUL22HOUARI-HOU,24,76,142,no
1753240749370,1753240749,KXMLBGAME-25JUL22MINLAD-MIN,77,23,127,yes
1753240752189,1753240752,KXMLBGAME-25JUL22MILSEA-SEA,79,21,300,yes
1753240755868,1753240755,KXMLBGAME-25JUL22MINLAD-LAD,24,76,197,yes
1753240757788,1753240757,KXMLBGAME-25JUL22MINLAD-MIN,77,23,73,yes
1753240757788,1753240757,KXMLBGAME-25JUL22MINLAD-MIN,78,22,60,yes
1753240757788,1753240757,KXMLBGAME-25JUL22MINLAD-MIN,78,22,4685,yes
1753240761642,1753240761,KXMLBGAME-25JUL22MILSEA-SEA,80,20,100,yes
1753240761642,1753240761,KXMLBGAME-25JUL22MILSEA-SEA,80,20,300,yes
1753240761642,1753240761,KXMLBGAME-25JUL22MILSEA-SEA,80,20,51,yes
1753240761642,1753240761,KXMLBGAME-25JUL22MILSEA-SEA,81,19,163,yes
1753240766169,1753240766,KXMLBGAME-25JUL22MINLAD-LAD,25,75,129,yes
1753240768410,1753240768,KXMLBGAME-25JUL22MILSEA-MIL,23,77,26,yes
1753240768410,1753240768,KXMLBGAME-25JUL22MILSEA-MIL,23,77,20,yes
1753240768410,1753240768,KXMLBGAME-25JUL22MILSEA-MIL,23,77,41,yes
1753240768410,1753240768,KXMLBGAME-25JUL22MILSEA-MIL,23,77,139,yes
1753240779910,1753240779,KXMLBGAME-25JUL22HOUARI-ARI,76,24,4,yes
1753240779910,1753240779,KXMLBGAME-25JUL22HOUARI-ARI,76,24,15,yes
1753240782449,1753240782,KXMLBGAME-25JUL22MILSEA-MIL,23,77,87,yes
1753240782449,1753240782,KXMLBGAME-25JUL22MILSEA-MIL,23,77,200,yes
1753240782449,1753240782,KXMLBGAME-25JUL22MILSEA-MIL,23,77,300,yes
1753240782449,1753240782,KXMLBGAME-25JUL22MILSEA-MIL,24,76,300,yes
1753240782449,1753240782,KXMLBGAME-25JUL22MILSEA-MIL,24,76,126,yes
1753240783654,1753240783,KXMLBGAME-25JUL22HOUARI-HOU,24,76,1,no
1753240785170,1753240785,KXMLBGAME-25JUL22MINLAD-LAD,28,72,10,yes
1753240795025,1753240794,KXMLBGAME-25JUL22MILSEA-SEA,79,21,300,yes
1753240795025,1753240794,KXMLBGAME-25JUL22MILSEA-SEA,79,21,139,yes
1753240795025,1753240794,KXMLBGAME-25JUL22MILSEA-SEA,79,21,111,yes
1753240799508,1753240799,KXMLBGAME-25JUL22MILSEA-SEA,76,24,10,yes
1753240799869,1753240799,KXMLBGAME-25JUL22MINLAD-LAD,23,77,17,no
1753240800490,1753240800,KXMLBGAME-25JUL22HOUARI-ARI,73,27,8,no
1753240800588,1753240800,KXMLBGAME-25JUL22HOUARI-HOU,27,73,1,yes
1753240800588,1753240800,KXMLBGAME-25JUL22HOUARI-HOU,29,71,87,yes
1753240800588,1753240800,KXMLBGAME-25JUL22HOUARI-HOU,30,70,200,yes
1753240803229,1753240803,KXMLBGAME-25JUL22MILSEA-SEA,76,24,79,yes
1753240803229,1753240803,KXMLBGAME-25JUL22MILSEA-SEA,76,24,384,yes
1753240806167,1753240806,KXMLBGAME-25JUL22MINLAD-LAD,26,74,10,yes
1753240806693,1753240806,KXMLBGAME-25JUL22HOUARI-HOU,31,69,9,yes
1753240807349,1753240807,KXMLBGAME-25JUL22MILSEA-MIL,27,73,176,yes
1753240808469,1753240808,KXMLBGAME-25JUL22MILSEA-MIL,25,75,14,no
1753240808569,1753240808,KXMLBGAME-25JUL22HOUARI-ARI,69,31,22,yes
1753240808607,1753240808,KXMLBGAME-25JUL22MILSEA-MIL,25,75,286,no
1753240808607,1753240808,KXMLBGAME-25JUL22MILSEA-MIL,25,75,41,no
1753240812529,1753240812,KXMLBGAME-25JUL22MINLAD-LAD,26,74,50,yes
1753240813758,1753240813,KXMLBGAME-25JUL22MINLAD-LAD,26,74,914,yes
1753240813952,1753240813,KXMLBGAME-25JUL22HOUARI-ARI,69,31,3,yes
1753240813952,1753240813,KXMLBGAME-25JUL22HOUARI-ARI,69,31,16,yes
1753240813952,1753240813,KXMLBGAME-25JUL22HOUARI-ARI,70,30,65,yes
1753240817041,1753240816,KXMLBGAME-25JUL22MINLAD-MIN,77,23,250,yes
1753240817041,1753240816,KXMLBGAME-25JUL22MINLAD-MIN,77,23,37,yes
1753240829431,1753240829,KXMLBGAME-25JUL22MILSEA-MIL,27,73,70,yes
1753240829431,1753240829,KXMLBGAME-25JUL22MILSEA-MIL,28,72,28,yes
1753240831009,1753240830,KXMLBGAME-25JUL22HOUARI-ARI,70,30,14,yes
1753240831009,1753240830,KXMLBGAME-25JUL22HOUARI-ARI,70,30,27,yes
1753240832570,1753240832,KXMLBGAME-25JUL22MILSEA-MIL,28,72,2,yes
1753240832570,1753240832,KXMLBGAME-25JUL22MILSEA-MIL,28,72,200,yes
1753240832570,1753240832,KXMLBGAME-25JUL22MILSEA-MIL,28,72,185,yes
1753240835710,1753240835,KXMLBGAME-25JUL22HOUARI-ARI,70,30,273,yes
1753240835710,1753240835,KXMLBGAME-25JUL22HOUARI-ARI,70,30,2000,yes
1753240835710,1753240835,KXMLBGAME-25JUL22HOUARI-ARI,70,30,525,yes
1753240841924,1753240841,KXMLBGAME-25JUL22HOUARI-HOU,31,69,153,yes
1753240842909,1753240842,KXMLBGAME-25JUL22MILSEA-MIL,28,72,69,yes
1753240843647,1753240843,KXMLBGAME-25JUL22MILSEA-MIL,28,72,46,yes
1753240843647,1753240843,KXMLBGAME-25JUL22MILSEA-MIL,28,72,59,yes
1753240843729,1753240843,KXMLBGAME-25JUL22MILSEA-SEA,76,24,32,yes
1753240849870,1753240849,KXMLBGAME-25JUL22HOUARI-ARI,70,30,75,yes
1753240849870,1753240849,KXMLBGAME-25JUL22HOUARI-ARI,70,30,11,yes
1753240849870,1753240849,KXMLBGAME-25JUL22HOUARI-ARI,70,30,265,yes
1753240855209,1753240855,KXMLBGAME-25JUL22MINLAD-LAD,26,74,113,yes
1753240855589,1753240855,KXMLBGAME-25JUL22MILSEA-MIL,27,73,10,yes
1753240860731,1753240860,KXMLBGAME-25JUL22MILSEA-SEA,76,24,15,yes
1753240863633,1753240863,KXMLBGAME-25JUL22HOUARI-HOU,31,69,121,yes
1753240863633,1753240863,KXMLBGAME-25JUL22HOUARI-HOU,33,67,30,yes
1753240897050,1753240897,KXMLBGAME-25JUL22MILSEA-SEA,75,25,30,no
1753240899610,1753240899,KXMLBGAME-25JUL22MILSEA-MIL,27,73,20,yes
1753240899930,1753240899,KXMLBGAME-25JUL22MILSEA-MIL,23,77,40,no
1753240910729,1753240910,KXMLBGAME-25JUL22MINLAD-LAD,25,75,11,no
1753240911727,1753240911,KXMLBGAME-25JUL22MINLAD-MIN,77,23,19,yes
1753240918550,1753240918,KXMLBGAME-25JUL22MILSEA-MIL,23,77,10,no
1753240920329,1753240920,KXMLBGAME-25JUL22HOUARI-ARI,68,32,8,yes
1753240922308,1753240922,KXMLBGAME-25JUL22MINLAD-LAD,26,74,50,yes
1753240924809,1753240924,KXMLBGAME-25JUL22HOUARI-HOU,32,68,14,yes
1753240934769,1753240934,KXMLBGAME-25JUL22MILSEA-SEA,75,25,1,no
1753240946649,1753240946,KXMLBGAME-25JUL22MINLAD-MIN,77,23,36,yes
1753240946649,1753240946,KXMLBGAME-25JUL22MINLAD-MIN,77,23,155,yes
1753240950672,1753240950,KXMLBGAME-25JUL22MINLAD-LAD,26,74,25,yes
1753240954008,1753240953,KXMLBGAME-25JUL22MINLAD-LAD,26,74,10,yes
1753240963672,1753240963,KXMLBGAME-25JUL22HOUARI-ARI,70,30,30,yes
1753240963672,1753240963,KXMLBGAME-25JUL22HOUARI-ARI,70,30,6,yes
1753240963672,1753240963,KXMLBGAME-25JUL22HOUARI-ARI,71,29,12,yes
1753240968009,1753240967,KXMLBGAME-25JUL22MILSEA-SEA,75,25,131,yes
1753240970390,1753240970,KXMLBGAME-25JUL22MINLAD-MIN,75,25,38,no
1753240974349,1753240974,KXMLBGAME-25JUL22MILSEA-MIL,25,75,13,no
1753240974991,1753240974,KXMLBGAME-25JUL22MILSEA-SEA,75,25,31,yes
1753240977169,1753240977,KXMLBGAME-25JUL22MILSEA-SEA,74,26,10,no
1753240980671,1753240980,KXMLBGAME-25JUL22MINLAD-LAD,27,73,87,yes
1753240980671,1753240980,KXMLBGAME-25JUL22MINLAD-LAD,27,73,163,yes
1753240990488,1753240990,KXMLBGAME-25JUL22MINLAD-MIN,73,27,87,no
1753240990608,1753240990,KXMLBGAME-25JUL22MINLAD-LAD,27,73,87,yes
1753240991809,1753240991,KXMLBGAME-25JUL22MINLAD-LAD,28,72,20,yes
1753240991809,1753240991,KXMLBGAME-25JUL22MINLAD-MIN,72,28,30,no
1753241002370,1753241002,KXMLBGAME-25JUL22MINLAD-MIN,72,28,32,yes
1753241008548,1753241008,KXMLBGAME-25JUL22MILSEA-MIL,29,71,30,no
1753241014145,1753241014,KXMLBGAME-25JUL22MINLAD-MIN,72,28,55,yes
1753241014145,1753241014,KXMLBGAME-25JUL22MINLAD-MIN,72,28,29,yes
1753241014145,1753241014,KXMLBGAME-25JUL22MINLAD-MIN,73,27,200,yes
1753241014145,1753241014,KXMLBGAME-25JUL22MINLAD-MIN,74,26,118,yes
1753241014467,1753241014,KXMLBGAME-25JUL22MILSEA-MIL,29,71,7,no
1753241014468,1753241014,KXMLBGAME-25JUL22MILSEA-MIL,29,71,22,no
1753241014468,1753241014,KXMLBGAME-25JUL22MILSEA-MIL,28,72,5,no
1753241017370,1753241017,KXMLBGAME-25JUL22MILSEA-SEA,68,32,1,yes
1753241028229,1753241028,KXMLBGAME-25JUL22HOUARI-ARI,71,29,27,yes
1753241032272,1753241032,KXMLBGAME-25JUL22HOUARI-HOU,31,69,87,yes
1753241032272,1753241032,KXMLBGAME-25JUL22HOUARI-HOU,32,68,5,yes
1753241033067,1753241033,KXMLBGAME-25JUL22MILSEA-MIL,43,57,2,yes
1753241040387,1753241040,KXMLBGAME-25JUL22MINLAD-LAD,29,71,155,yes
1753241040387,1753241040,KXMLBGAME-25JUL22MINLAD-LAD,29,71,300,yes
1753241040387,1753241040,KXMLBGAME-25JUL22MINLAD-LAD,29,71,118,yes
1753241040387,1753241040,KXMLBGAME-25JUL22MINLAD-LAD,29,71,200,yes
1753241045172,1753241045,KXMLBGAME-25JUL22MILSEA-MIL,40,60,4,yes
1753241048310,1753241048,KXMLBGAME-25JUL22HOUARI-HOU,30,70,8,yes
1753241053134,1753241053,KXMLBGAME-25JUL22MINLAD-LAD,31,69,300,yes
1753241053134,1753241053,KXMLBGAME-25JUL22MINLAD-LAD,31,69,200,yes
1753241053134,1753241053,KXMLBGAME-25JUL22MINLAD-LAD,31,69,423,yes
1753241056713,1753241056,KXMLBGAME-25JUL22MINLAD-MIN,70,30,14,yes
1753241057558,1753241057,KXMLBGAME-25JUL22MINLAD-LAD,31,69,3,yes
1753241058329,1753241058,KXMLBGAME-25JUL22MILSEA-MIL,34,66,20,yes
1753241065628,1753241065,KXMLBGAME-25JUL22MILSEA-SEA,68,32,20,yes
1753241069331,1753241069,KXMLBGAME-25JUL22MILSEA-MIL,34,66,67,yes
1753241069331,1753241069,KXMLBGAME-25JUL22MILSEA-MIL,34,66,20,yes
1753241069331,1753241069,KXMLBGAME-25JUL22MILSEA-MIL,35,65,52,yes
1753241071031,1753241070,KXMLBGAME-25JUL22MILSEA-SEA,67,33,58,no
1753241071031,1753241070,KXMLBGAME-25JUL22MILSEA-SEA,65,35,101,no
1753241071989,1753241071,KXMLBGAME-25JUL22MINLAD-MIN,69,31,59,yes
1753241071989,1753241071,KXMLBGAME-25JUL22MINLAD-MIN,69,31,11,yes
1753241074681,1753241074,KXMLBGAME-25JUL22HOUARI-HOU,29,71,24,no
1753241079870,1753241079,KXMLBGAME-25JUL22MINLAD-MIN,68,32,87,no
1753241080189,1753241080,KXMLBGAME-25JUL22MILSEA-SEA,68,32,35,yes
1753241080470,1753241080,KXMLBGAME-25JUL22MINLAD-LAD,32,68,87,yes
1753241085570,1753241085,KXMLBGAME-25JUL22MINLAD-MIN,65,35,87,yes
1753241086771,1753241086,KXMLBGAME-25JUL22MILSEA-SEA,66,34,29,yes
1753241087391,1753241087,KXMLBGAME-25JUL22MILSEA-MIL,35,65,136,yes
1753241087730,1753241087,KXMLBGAME-25JUL22MILSEA-SEA,66,34,20,yes
1753241087810,1753241087,KXMLBGAME-25JUL22MINLAD-MIN,64,36,32,no
1753241091915,1753241091,KXMLBGAME-25JUL22MILSEA-SEA,66,34,1,yes
1753241091915,1753241091,KXMLBGAME-25JUL22MILSEA-SEA,66,34,9,yes
1753241097231,1753241097,KXMLBGAME-25JUL22MILSEA-MIL,34,66,35,no
1753241097231,1753241097,KXMLBGAME-25JUL22MILSEA-MIL,33,67,76,no
1753241100213,1753241100,KXMLBGAME-25JUL22HOUARI-ARI,72,28,10,yes
1753241100213,1753241100,KXMLBGAME-25JUL22HOUARI-ARI,73,27,51,yes
1753241101773,1753241101,KXMLBGAME-25JUL22MILSEA-SEA,67,33,741,yes
1753241101773,1753241101,KXMLBGAME-25JUL22MILSEA-SEA,67,33,702,yes
1753241105610,1753241105,KXMLBGAME-25JUL22MINLAD-MIN,65,35,76,yes
1753241105908,1753241105,KXMLBGAME-25JUL22MINLAD-MIN,64,36,15,no
1753241106091,1753241106,KXMLBGAME-25JUL22MINLAD-MIN,65,35,30,yes
1753241106631,1753241106,KXMLBGAME-25JUL22HOUARI-HOU,30,70,3,yes
1753241106689,1753241106,KXMLBGAME-25JUL22MINLAD-MIN,64,36,285,no
1753241106689,1753241106,KXMLBGAME-25JUL22MINLAD-MIN,64,36,90,no
1753241111431,1753241111,KXMLBGAME-25JUL22MINLAD-LAD,37,63,15,yes
1753241111911,1753241111,KXMLBGAME-25JUL22MINLAD-LAD,37,63,585,yes
1753241111911,1753241111,KXMLBGAME-25JUL22MINLAD-LAD,37,63,75,yes
1753241116563,1753241116,KXMLBGAME-25JUL22MILSEA-SEA,69,31,180,yes
1753241117310,1753241117,KXMLBGAME-25JUL22MINLAD-MIN,65,35,183,yes
1753241117310,1753241117,KXMLBGAME-25JUL22MINLAD-MIN,65,35,113,yes
1753241117310,1753241117,KXMLBGAME-25JUL22MINLAD-MIN,65,35,4,yes
1753241117788,1753241117,KXMLBGAME-25JUL22HOUARI-HOU,29,71,76,no
1753241117788,1753241117,KXMLBGAME-25JUL22HOUARI-HOU,28,72,50,no
1753241117788,1753241117,KXMLBGAME-25JUL22HOUARI-HOU,27,73,100,no
1753241117788,1753241117,KXMLBGAME-25JUL22HOUARI-HOU,27,73,300,no
1753241120330,1753241120,KXMLBGAME-25JUL22MINLAD-LAD,37,63,258,yes
1753241120429,1753241120,KXMLBGAME-25JUL22HOUARI-ARI,73,27,50,yes
1753241121610,1753241121,KXMLBGAME-25JUL22HOUARI-ARI,72,28,27,yes
1753241123928,1753241123,KXMLBGAME-25JUL22MILSEA-MIL,31,69,5,yes
1753241124570,1753241124,KXMLBGAME-25JUL22MINLAD-LAD,37,63,12,yes
1753241125109,1753241125,KXMLBGAME-25JUL22MINLAD-LAD,37,63,168,yes
1753241129939,1753241129,KXMLBGAME-25JUL22MILSEA-MIL,31,69,153,yes
1753241130330,1753241130,KXMLBGAME-25JUL22MILSEA-SEA,71,29,276,yes
1753241131510,1753241131,KXMLBGAME-25JUL22HOUARI-HOU,26,74,1,yes
1753241135509,1753241135,KXMLBGAME-25JUL22MINLAD-MIN,65,35,62,yes
1753241135509,1753241135,KXMLBGAME-25JUL22MINLAD-MIN,65,35,3,yes
1753241135509,1753241135,KXMLBGAME-25JUL22MINLAD-MIN,66,34,226,yes
1753241136110,1753241136,KXMLBGAME-25JUL22MILSEA-SEA,72,28,64,yes
1753241136838,1753241136,KXMLBGAME-25JUL22MINLAD-LAD,37,63,50,yes
1753241141091,1753241141,KXMLBGAME-25JUL22HOUARI-HOU,26,74,153,yes
1753241144621,1753241144,KXMLBGAME-25JUL22HOUARI-HOU,24,76,20,no
1753241147190,1753241147,KXMLBGAME-25JUL22MILSEA-MIL,30,70,4,no
1753241149391,1753241149,KXMLBGAME-25JUL22MILSEA-SEA,71,29,276,yes
1753241150071,1753241150,KXMLBGAME-25JUL22MINLAD-LAD,36,64,1,yes
1753241150231,1753241150,KXMLBGAME-25JUL22MINLAD-LAD,35,65,11,no
1753241152413,1753241152,KXMLBGAME-25JUL22MILSEA-MIL,31,69,6,yes
1753241153332,1753241153,KXMLBGAME-25JUL22MILSEA-SEA,72,28,16,yes
1753241154831,1753241154,KXMLBGAME-25JUL22MINLAD-MIN,66,34,42,yes
1753241159750,1753241159,KXMLBGAME-25JUL22MINLAD-LAD,37,63,64,yes
1753241161511,1753241161,KXMLBGAME-25JUL22MILSEA-MIL,31,69,30,yes
1753241162569,1753241162,KXMLBGAME-25JUL22MINLAD-LAD,36,64,1,yes
1753241164889,1753241164,KXMLBGAME-25JUL22HOUARI-HOU,23,77,58,no
1753241165470,1753241165,KXMLBGAME-25JUL22HOUARI-HOU,26,74,51,yes
1753241166850,1753241166,KXMLBGAME-25JUL22MILSEA-MIL,32,68,298,yes
1753241167757,1753241167,KXMLBGAME-25JUL22HOUARI-HOU,23,77,79,no
1753241167757,1753241167,KXMLBGAME-25JUL22MILSEA-SEA,68,32,53,no
1753241169710,1753241169,KXMLBGAME-25JUL22MINLAD-MIN,65,35,6,yes
1753241177551,1753241177,KXMLBGAME-25JUL22MINLAD-LAD,37,63,300,yes
1753241177688,1753241177,KXMLBGAME-25JUL22MINLAD-LAD,37,63,31,no
1753241178068,1753241178,KXMLBGAME-25JUL22MILSEA-MIL,32,68,10,yes
1753241178748,1753241178,KXMLBGAME-25JUL22MILSEA-MIL,32,68,50,yes
1753241183943,1753241183,KXMLBGAME-25JUL22MILSEA-MIL,32,68,150,yes
1753241186530,1753241186,KXMLBGAME-25JUL22MINLAD-LAD,38,62,63,yes
1753241199170,1753241199,KXMLBGAME-25JUL22HOUARI-ARI,77,23,5,yes
1753241200490,1753241200,KXMLBGAME-25JUL22MINLAD-LAD,37,63,1169,no
1753241200490,1753241200,KXMLBGAME-25JUL22MINLAD-LAD,36,64,488,no
1753241202132,1753241202,KXMLBGAME-25JUL22MILSEA-MIL,32,68,101,yes
1753241203331,1753241203,KXMLBGAME-25JUL22MILSEA-MIL,32,68,399,yes
1753241203331,1753241203,KXMLBGAME-25JUL22MILSEA-MIL,33,67,87,yes
1753241203331,1753241203,KXMLBGAME-25JUL22MILSEA-MIL,33,67,300,yes
1753241203331,1753241203,KXMLBGAME-25JUL22MILSEA-MIL,33,67,200,yes
1753241203331,1753241203,KXMLBGAME-25JUL22MILSEA-MIL,33,67,240,yes
1753241203491,1753241203,KXMLBGAME-25JUL22MILSEA-MIL,33,67,360,yes
1753241203491,1753241203,KXMLBGAME-25JUL22MILSEA-MIL,33,67,500,yes
1753241203491,1753241203,KXMLBGAME-25JUL22MILSEA-MIL,33,67,300,yes
1753241203491,1753241203,KXMLBGAME-25JUL22MILSEA-MIL,33,67,200,yes
1753241203491,1753241203,KXMLBGAME-25JUL22MILSEA-MIL,33,67,87,yes
1753241203491,1753241203,KXMLBGAME-25JUL22MILSEA-MIL,34,66,200,yes
1753241203491,1753241203,KXMLBGAME-25JUL22MILSEA-MIL,34,66,64,yes
1753241203669,1753241203,KXMLBGAME-25JUL22MILSEA-SEA,68,32,355,no
1753241203830,1753241203,KXMLBGAME-25JUL22MILSEA-SEA,68,32,145,no
1753241203830,1753241203,KXMLBGAME-25JUL22MILSEA-SEA,66,34,847,no
1753241207410,1753241207,KXMLBGAME-25JUL22MILSEA-MIL,33,67,72,yes
1753241210567,1753241210,KXMLBGAME-25JUL22MINLAD-MIN,67,33,45,yes
1753241210567,1753241210,KXMLBGAME-25JUL22MINLAD-MIN,68,32,1,yes
1753241210567,1753241210,KXMLBGAME-25JUL22MINLAD-MIN,68,32,140,yes
1753241215829,1753241215,KXMLBGAME-25JUL22MINLAD-LAD,35,65,300,yes
1753241215829,1753241215,KXMLBGAME-25JUL22MINLAD-LAD,36,64,354,yes
1753241215829,1753241215,KXMLBGAME-25JUL22MINLAD-LAD,37,63,1,yes
1753241215829,1753241215,KXMLBGAME-25JUL22MINLAD-LAD,37,63,87,yes
1753241215829,1753241215,KXMLBGAME-25JUL22MINLAD-LAD,38,62,1,yes
1753241218964,1753241218,KXMLBGAME-25JUL22MINLAD-LAD,39,61,111,no
1753241218964,1753241218,KXMLBGAME-25JUL22HOUARI-HOU,25,75,100,yes
1753241219212,1753241219,KXMLBGAME-25JUL22MINLAD-MIN,63,37,1,no
1753241219212,1753241219,KXMLBGAME-25JUL22MINLAD-MIN,62,38,1,no
1753241219212,1753241219,KXMLBGAME-25JUL22MINLAD-MIN,61,39,1,no
1753241219468,1753241219,KXMLBGAME-25JUL22MINLAD-LAD,46,54,91,yes
1753241219468,1753241219,KXMLBGAME-25JUL22MINLAD-LAD,46,54,87,yes
1753241219468,1753241219,KXMLBGAME-25JUL22MINLAD-LAD,47,53,300,yes
1753241219468,1753241219,KXMLBGAME-25JUL22MINLAD-LAD,50,50,556,yes
1753241219490,1753241219,KXMLBGAME-25JUL22MINLAD-MIN,54,46,87,no
1753241219490,1753241219,KXMLBGAME-25JUL22MINLAD-MIN,53,47,300,no
1753241219612,1753241219,KXMLBGAME-25JUL22MINLAD-MIN,54,46,75,no
1753241223810,1753241223,KXMLBGAME-25JUL22MILSEA-MIL,32,68,500,yes
1753241223810,1753241223,KXMLBGAME-25JUL22MILSEA-MIL,33,67,228,yes
1753241223810,1753241223,KXMLBGAME-25JUL22MILSEA-MIL,33,67,500,yes
1753241223810,1753241223,KXMLBGAME-25JUL22MILSEA-MIL,33,67,600,yes
1753241223810,1753241223,KXMLBGAME-25JUL22MILSEA-MIL,34,66,87,yes
1753241223810,1753241223,KXMLBGAME-25JUL22MILSEA-MIL,34,66,200,yes
1753241223810,1753241223,KXMLBGAME-25JUL22MILSEA-MIL,34,66,355,yes
1753241225089,1753241224,KXMLBGAME-25JUL22MINLAD-MIN,49,51,9,yes
1753241225609,1753241225,KXMLBGAME-25JUL22MINLAD-LAD,51,49,14,no
1753241226068,1753241225,KXMLBGAME-25JUL22MINLAD-MIN,49,51,1468,yes
1753241226469,1753241226,KXMLBGAME-25JUL22MINLAD-LAD,60,40,7,yes
1753241227141,1753241227,KXMLBGAME-25JUL22MILSEA-MIL,31,69,87,no
1753241227489,1753241227,KXMLBGAME-25JUL22MILSEA-SEA,69,31,141,yes
1753241227710,1753241227,KXMLBGAME-25JUL22MILSEA-MIL,31,69,20,yes
1753241227710,1753241227,KXMLBGAME-25JUL22MILSEA-MIL,33,67,124,yes
1753241227970,1753241227,KXMLBGAME-25JUL22MINLAD-LAD,60,40,7,yes
1753241228030,1753241227,KXMLBGAME-25JUL22MINLAD-MIN,44,56,1,no
1753241228030,1753241227,KXMLBGAME-25JUL22MINLAD-LAD,65,35,1,no
1753241228850,1753241228,KXMLBGAME-25JUL22MINLAD-MIN,43,57,1,no
1753241228850,1753241228,KXMLBGAME-25JUL22MINLAD-LAD,65,35,1,no
1753241229550,1753241229,KXMLBGAME-25JUL22MINLAD-LAD,65,35,1,no
1753241229690,1753241229,KXMLBGAME-25JUL22HOUARI-ARI,75,25,11,yes
1753241229711,1753241229,KXMLBGAME-25JUL22MINLAD-MIN,39,61,1,no
1753241232851,1753241232,KXMLBGAME-25JUL22MILSEA-MIL,33,67,144,yes
1753241234636,1753241234,KXMLBGAME-25JUL22MINLAD-MIN,71,29,29,yes
1753241235470,1753241235,KXMLBGAME-25JUL22MINLAD-MIN,38,62,1,no
1753241235470,1753241235,KXMLBGAME-25JUL22MINLAD-LAD,67,33,1,no
1753241236390,1753241236,KXMLBGAME-25JUL22MILSEA-MIL,34,66,14,yes
1753241240209,1753241240,KXMLBGAME-25JUL22MINLAD-LAD,66,34,1,no
1753241240451,1753241240,KXMLBGAME-25JUL22MINLAD-LAD,61,39,87,no
1753241240528,1753241240,KXMLBGAME-25JUL22MINLAD-MIN,38,62,10,yes
1753241244269,1753241244,KXMLBGAME-25JUL22MINLAD-LAD,60,40,35,no
1753241244970,1753241244,KXMLBGAME-25JUL22MILSEA-MIL,34,66,736,yes
1753241244970,1753241244,KXMLBGAME-25JUL22MILSEA-MIL,34,66,64,yes
1753241245328,1753241245,KXMLBGAME-25JUL22HOUARI-HOU,27,73,87,yes
1753241245328,1753241245,KXMLBGAME-25JUL22HOUARI-HOU,27,73,167,yes
1753241246908,1753241246,KXMLBGAME-25JUL22MINLAD-MIN,37,63,6,no
1753241247290,1753241247,KXMLBGAME-25JUL22MINLAD-LAD,63,37,7,yes
1753241250528,1753241250,KXMLBGAME-25JUL22MINLAD-MIN,37,63,287,no
1753241251191,1753241251,KXMLBGAME-25JUL22MINLAD-LAD,60,40,1,no
1753241253672,1753241253,KXMLBGAME-25JUL22HOUARI-HOU,29,71,22,yes
1753241253991,1753241253,KXMLBGAME-25JUL22MINLAD-LAD,62,38,462,yes
1753241253991,1753241253,KXMLBGAME-25JUL22MINLAD-LAD,62,38,561,yes
1753241255316,1753241255,KXMLBGAME-25JUL22MILSEA-MIL,34,66,28,yes
1753241258830,1753241258,KXMLBGAME-25JUL22MINLAD-LAD,62,38,62,yes
1753241259530,1753241259,KXMLBGAME-25JUL22MILSEA-MIL,34,66,108,yes
1753241259530,1753241259,KXMLBGAME-25JUL22MILSEA-MIL,34,66,82,yes
1753241259530,1753241259,KXMLBGAME-25JUL22MILSEA-MIL,34,66,5,yes
1753241259530,1753241259,KXMLBGAME-25JUL22MILSEA-MIL,34,66,300,yes
1753241259530,1753241259,KXMLBGAME-25JUL22MILSEA-MIL,34,66,300,yes
1753241259530,1753241259,KXMLBGAME-25JUL22MILSEA-MIL,34,66,600,yes
1753241259530,1753241259,KXMLBGAME-25JUL22MILSEA-MIL,35,65,10,yes
1753241262950,1753241262,KXMLBGAME-25JUL22MILSEA-MIL,34,66,2,yes
1753241267330,1753241267,KXMLBGAME-25JUL22MINLAD-MIN,37,63,1,no
1753241269208,1753241269,KXMLBGAME-25JUL22MINLAD-LAD,61,39,100,yes
1753241269208,1753241269,KXMLBGAME-25JUL22MINLAD-LAD,62,38,58,yes
1753241271269,1753241271,KXMLBGAME-25JUL22MILSEA-MIL,34,66,82,yes
1753241271269,1753241271,KXMLBGAME-25JUL22MILSEA-MIL,34,66,118,yes
1753241274391,1753241274,KXMLBGAME-25JUL22MILSEA-MIL,34,66,300,yes
1753241274391,1753241274,KXMLBGAME-25JUL22MILSEA-MIL,35,65,500,yes
1753241274391,1753241274,KXMLBGAME-25JUL22MILSEA-MIL,35,65,600,yes
1753241274391,1753241274,KXMLBGAME-25JUL22MILSEA-MIL,36,64,441,yes
1753241276809,1753241276,KXMLBGAME-25JUL22MILSEA-MIL,36,64,59,yes
1753241276809,1753241276,KXMLBGAME-25JUL22MILSEA-MIL,37,63,206,yes
1753241278788,1753241278,KXMLBGAME-25JUL22HOUARI-ARI,73,27,42,yes
1753241278788,1753241278,KXMLBGAME-25JUL22HOUARI-ARI,73,27,300,yes
1753241278788,1753241278,KXMLBGAME-25JUL22HOUARI-ARI,73,27,61,yes
1753241278808,1753241278,KXMLBGAME-25JUL22HOUARI-HOU,29,71,32,yes
1753241280370,1753241280,KXMLBGAME-25JUL22HOUARI-HOU,29,71,16,yes
1753241281651,1753241281,KXMLBGAME-25JUL22MINLAD-LAD,61,39,308,yes
1753241283209,1753241283,KXMLBGAME-25JUL22MINLAD-LAD,61,39,15,yes
1753241283249,1753241283,KXMLBGAME-25JUL22MINLAD-LAD,61,39,50,yes
1753241286449,1753241286,KXMLBGAME-25JUL22MINLAD-MIN,39,61,466,no
1753241288110,1753241288,KXMLBGAME-25JUL22MILSEA-MIL,37,63,51,yes
1753241289288,1753241289,KXMLBGAME-25JUL22MILSEA-SEA,66,34,87,yes
1753241289288,1753241289,KXMLBGAME-25JUL22MILSEA-SEA,66,34,300,yes
1753241289288,1753241289,KXMLBGAME-25JUL22MILSEA-SEA,67,33,3666,yes
1753241289288,1753241289,KXMLBGAME-25JUL22MILSEA-SEA,67,33,62,yes
1753241289347,1753241289,KXMLBGAME-25JUL22MILSEA-SEA,67,33,3604,yes
1753241289347,1753241289,KXMLBGAME-25JUL22MILSEA-SEA,67,33,18,yes
1753241289372,1753241289,KXMLBGAME-25JUL22MILSEA-MIL,36,64,87,no
1753241289451,1753241289,KXMLBGAME-25JUL22MILSEA-SEA,66,34,87,yes
1753241289529,1753241289,KXMLBGAME-25JUL22MILSEA-MIL,34,66,87,no
1753241290009,1753241289,KXMLBGAME-25JUL22HOUARI-ARI,72,28,4,yes
1753241293329,1753241293,KXMLBGAME-25JUL22HOUARI-HOU,28,72,1,yes
1753241293789,1753241293,KXMLBGAME-25JUL22MINLAD-LAD,61,39,31,yes
1753241299929,1753241299,KXMLBGAME-25JUL22MILSEA-SEA,74,26,100,yes
1753241299929,1753241299,KXMLBGAME-25JUL22MILSEA-SEA,74,26,33,yes
1753241299929,1753241299,KXMLBGAME-25JUL22MILSEA-SEA,75,25,50,yes
1753241300030,1753241299,KXMLBGAME-25JUL22MINLAD-LAD,61,39,31,yes
1753241300130,1753241300,KXMLBGAME-25JUL22MILSEA-MIL,30,70,33,no
1753241300189,1753241300,KXMLBGAME-25JUL22MILSEA-MIL,30,70,13,no
1753241300428,1753241300,KXMLBGAME-25JUL22MILSEA-MIL,25,75,10,no
1753241300649,1753241300,KXMLBGAME-25JUL22MINLAD-LAD,61,39,65,yes
1753241300649,1753241300,KXMLBGAME-25JUL22MINLAD-LAD,61,39,88,yes
1753241301530,1753241301,KXMLBGAME-25JUL22HOUARI-ARI,72,28,20,yes
1753241303429,1753241303,KXMLBGAME-25JUL22MINLAD-MIN,40,60,23,yes
1753241305088,1753241305,KXMLBGAME-25JUL22MILSEA-MIL,25,75,3,yes
1753241305749,1753241305,KXMLBGAME-25JUL22HOUARI-HOU,28,72,6,yes
1753241307889,1753241307,KXMLBGAME-25JUL22MINLAD-LAD,61,39,1,yes
1753241308470,1753241308,KXMLBGAME-25JUL22MINLAD-MIN,40,60,16,yes
1753241309270,1753241309,KXMLBGAME-25JUL22MILSEA-MIL,25,75,84,yes
1753241309270,1753241309,KXMLBGAME-25JUL22MILSEA-MIL,25,75,3,yes
1753241309270,1753241309,KXMLBGAME-25JUL22MILSEA-MIL,26,74,25,yes
1753241311248,1753241311,KXMLBGAME-25JUL22MINLAD-MIN,39,61,34,no
1753241311248,1753241311,KXMLBGAME-25JUL22MINLAD-MIN,39,61,500,no
1753241311248,1753241311,KXMLBGAME-25JUL22MINLAD-MIN,38,62,175,no
1753241311410,1753241311,KXMLBGAME-25JUL22HOUARI-HOU,28,72,35,yes
1753241311410,1753241311,KXMLBGAME-25JUL22MINLAD-MIN,38,62,125,no
1753241311410,1753241311,KXMLBGAME-25JUL22MINLAD-MIN,35,65,1,no
1753241311410,1753241311,KXMLBGAME-25JUL22MINLAD-MIN,35,65,87,no
1753241311410,1753241311,KXMLBGAME-25JUL22MINLAD-MIN,34,66,418,no
1753241311589,1753241311,KXMLBGAME-25JUL22MINLAD-LAD,61,39,411,yes
1753241311589,1753241311,KXMLBGAME-25JUL22MINLAD-LAD,61,39,251,yes
1753241311628,1753241311,KXMLBGAME-25JUL22MINLAD-LAD,61,39,47,yes
1753241311748,1753241311,KXMLBGAME-25JUL22MINLAD-LAD,61,39,452,yes
1753241311748,1753241311,KXMLBGAME-25JUL22MINLAD-LAD,61,39,356,yes
1753241311748,1753241311,KXMLBGAME-25JUL22MINLAD-LAD,62,38,45,yes
1753241311748,1753241311,KXMLBGAME-25JUL22MINLAD-LAD,62,38,94,yes
1753241313031,1753241312,KXMLBGAME-25JUL22HOUARI-HOU,28,72,55,yes
1753241316670,1753241316,KXMLBGAME-25JUL22MILSEA-SEA,76,24,300,yes
1753241316670,1753241316,KXMLBGAME-25JUL22MILSEA-SEA,76,24,3945,no
1753241320530,1753241320,KXMLBGAME-25JUL22MILSEA-MIL,22,78,4,no
1753241322949,1753241322,KXMLBGAME-25JUL22MILSEA-MIL,25,75,1,yes
1753241323311,1753241323,KXMLBGAME-25JUL22MINLAD-LAD,61,39,287,yes
1753241326871,1753241326,KXMLBGAME-25JUL22HOUARI-HOU,28,72,53,yes
1753241326871,1753241326,KXMLBGAME-25JUL22HOUARI-HOU,29,71,87,yes
1753241326871,1753241326,KXMLBGAME-25JUL22HOUARI-HOU,29,71,190,yes
1753241328248,1753241328,KXMLBGAME-25JUL22MILSEA-SEA,75,25,22,no
1753241336511,1753241336,KXMLBGAME-25JUL22MILSEA-MIL,25,75,86,yes
1753241336511,1753241336,KXMLBGAME-25JUL22MILSEA-MIL,25,75,1,yes
1753241336511,1753241336,KXMLBGAME-25JUL22MILSEA-MIL,26,74,500,yes
1753241336511,1753241336,KXMLBGAME-25JUL22MILSEA-MIL,27,73,300,yes
1753241336511,1753241336,KXMLBGAME-25JUL22MILSEA-MIL,27,73,45,yes
1753241336511,1753241336,KXMLBGAME-25JUL22MILSEA-MIL,27,73,300,yes
1753241336511,1753241336,KXMLBGAME-25JUL22MILSEA-MIL,28,72,600,yes
1753241336511,1753241336,KXMLBGAME-25JUL22MILSEA-MIL,28,72,189,yes
1753241337550,1753241337,KXMLBGAME-25JUL22MINLAD-LAD,61,39,279,yes
1753241341570,1753241341,KXMLBGAME-25JUL22MILSEA-MIL,26,74,87,yes
1753241341570,1753241341,KXMLBGAME-25JUL22MILSEA-MIL,27,73,300,yes
1753241341570,1753241341,KXMLBGAME-25JUL22MILSEA-MIL,28,72,3,yes
1753241344389,1753241344,KXMLBGAME-25JUL22MINLAD-LAD,61,39,288,yes
1753241344389,1753241344,KXMLBGAME-25JUL22MINLAD-LAD,62,38,71,yes
1753241353591,1753241353,KXMLBGAME-25JUL22HOUARI-ARI,72,28,11,yes
1753241355630,1753241355,KXMLBGAME-25JUL22MILSEA-SEA,76,24,19,yes
1753241356570,1753241356,KXMLBGAME-25JUL22MILSEA-MIL,26,74,54,yes
1753241358009,1753241357,KXMLBGAME-25JUL22HOUARI-HOU,23,77,1,no
1753241358009,1753241357,KXMLBGAME-25JUL22HOUARI-HOU,23,77,19,no
1753241358130,1753241358,KXMLBGAME-25JUL22HOUARI-ARI,78,22,49,yes
1753241358209,1753241358,KXMLBGAME-25JUL22MINLAD-LAD,60,40,10,yes
1753241359248,1753241359,KXMLBGAME-25JUL22HOUARI-ARI,80,20,3,yes
1753241360010,1753241359,KXMLBGAME-25JUL22MILSEA-SEA,76,24,32,yes
1753241361170,1753241361,KXMLBGAME-25JUL22MILSEA-SEA,75,25,1256,yes
1753241361170,1753241361,KXMLBGAME-25JUL22MILSEA-SEA,75,25,4622,yes
1753241361429,1753241361,KXMLBGAME-25JUL22MILSEA-SEA,76,24,12,yes
1753241361708,1753241361,KXMLBGAME-25JUL22MINLAD-LAD,60,40,4,yes
1753241365108,1753241365,KXMLBGAME-25JUL22MILSEA-MIL,26,74,5,yes
1753241365407,1753241365,KXMLBGAME-25JUL22MILSEA-MIL,24,76,47,no
1753241372409,1753241372,KXMLBGAME-25JUL22HOUARI-HOU,18,82,162,no
1753241372455,1753241372,KXMLBGAME-25JUL22MINLAD-LAD,60,40,321,yes
1753241372455,1753241372,KXMLBGAME-25JUL22MINLAD-LAD,62,38,216,yes
1753241373169,1753241373,KXMLBGAME-25JUL22MILSEA-MIL,26,74,3,yes
1753241377390,1753241377,KXMLBGAME-25JUL22MINLAD-LAD,62,38,4,yes
1753241377549,1753241377,KXMLBGAME-25JUL22MILSEA-MIL,24,76,5,no
1753241377967,1753241377,KXMLBGAME-25JUL22MILSEA-MIL,24,76,50,no
1753241379689,1753241379,KXMLBGAME-25JUL22MILSEA-SEA,74,26,305,no
1753241380468,1753241380,KXMLBGAME-25JUL22MILSEA-MIL,25,75,87,no
1753241380468,1753241380,KXMLBGAME-25JUL22MILSEA-MIL,24,76,300,no
1753241380629,1753241380,KXMLBGAME-25JUL22MILSEA-SEA,76,24,87,yes
1753241381249,1753241381,KXMLBGAME-25JUL22HOUARI-ARI,80,20,12,yes
1753241381591,1753241381,KXMLBGAME-25JUL22MILSEA-MIL,23,77,283,no
1753241382748,1753241382,KXMLBGAME-25JUL22HOUARI-ARI,79,21,9,no
1753241382928,1753241382,KXMLBGAME-25JUL22MILSEA-MIL,24,76,79,yes
1753241384888,1753241384,KXMLBGAME-25JUL22HOUARI-HOU,20,80,87,yes
1753241384888,1753241384,KXMLBGAME-25JUL22HOUARI-HOU,21,79,1045,yes
1753241386868,1753241386,KXMLBGAME-25JUL22MINLAD-LAD,62,38,10,yes
1753241392169,1753241392,KXMLBGAME-25JUL22HOUARI-ARI,80,20,85,yes
1753241392169,1753241392,KXMLBGAME-25JUL22HOUARI-ARI,80,20,11,yes
1753241392635,1753241392,KXMLBGAME-25JUL22HOUARI-HOU,20,80,4,yes
1753241392923,1753241392,KXMLBGAME-25JUL22MINLAD-LAD,62,38,46,yes
1753241393346,1753241393,KXMLBGAME-25JUL22MINLAD-MIN,40,60,48,yes
1753241393346,1753241393,KXMLBGAME-25JUL22MINLAD-MIN,40,60,12,yes
1753241397170,1753241397,KXMLBGAME-25JUL22MINLAD-LAD,62,38,106,yes
1753241397890,1753241397,KXMLBGAME-25JUL22MINLAD-LAD,62,38,134,yes
1753241397890,1753241397,KXMLBGAME-25JUL22MINLAD-LAD,62,38,100,yes
1753241397890,1753241397,KXMLBGAME-25JUL22MINLAD-LAD,62,38,300,yes
1753241397890,1753241397,KXMLBGAME-25JUL22MINLAD-LAD,62,38,600,yes
1753241397890,1753241397,KXMLBGAME-25JUL22MINLAD-LAD,63,37,300,yes
1753241397890,1753241397,KXMLBGAME-25JUL22MINLAD-LAD,63,37,200,yes
1753241397890,1753241397,KXMLBGAME-25JUL22MINLAD-LAD,63,37,750,yes
1753241397890,1753241397,KXMLBGAME-25JUL22MINLAD-LAD,64,36,74,yes
1753241397890,1753241397,KXMLBGAME-25JUL22MINLAD-LAD,64,36,200,yes
1753241397890,1753241397,KXMLBGAME-25JUL22MINLAD-LAD,64,36,442,yes
1753241403531,1753241403,KXMLBGAME-25JUL22MINLAD-LAD,60,40,85,no
1753241403531,1753241403,KXMLBGAME-25JUL22MINLAD-LAD,60,40,2,no
1753241403531,1753241403,KXMLBGAME-25JUL22MINLAD-LAD,59,41,1,no
1753241403531,1753241403,KXMLBGAME-25JUL22MINLAD-LAD,59,41,117,no
1753241405609,1753241405,KXMLBGAME-25JUL22MINLAD-LAD,60,40,3,no
1753241406188,1753241406,KXMLBGAME-25JUL22HOUARI-HOU,18,82,30,no
1753241410150,1753241410,KXMLBGAME-25JUL22MILSEA-MIL,25,75,150,no
1753241411869,1753241411,KXMLBGAME-25JUL22HOUARI-HOU,20,80,14,yes
1753241413113,1753241413,KXMLBGAME-25JUL22MINLAD-LAD,62,38,39,yes
1753241414790,1753241414,KXMLBGAME-25JUL22HOUARI-ARI,81,19,1,yes
1753241414790,1753241414,KXMLBGAME-25JUL22HOUARI-ARI,82,18,35,yes
1753241415228,1753241415,KXMLBGAME-25JUL22MILSEA-SEA,82,18,1,yes
1753241415228,1753241415,KXMLBGAME-25JUL22MILSEA-SEA,83,17,1,yes
1753241415228,1753241415,KXMLBGAME-25JUL22MILSEA-SEA,84,16,100,yes
1753241419590,1753241419,KXMLBGAME-25JUL22MILSEA-MIL,18,82,300,no
1753241420388,1753241420,KXMLBGAME-25JUL22MILSEA-MIL,17,83,30,no
1753241420388,1753241420,KXMLBGAME-25JUL22MILSEA-MIL,16,84,3000,no
1753241429329,1753241429,KXMLBGAME-25JUL22MINLAD-MIN,39,61,49,yes
1753241432208,1753241432,KXMLBGAME-25JUL22MILSEA-MIL,18,82,52,yes
1753241438448,1753241438,KXMLBGAME-25JUL22HOUARI-HOU,20,80,2,yes
1753241439050,1753241439,KXMLBGAME-25JUL22HOUARI-HOU,20,80,66,yes
1753241439110,1753241439,KXMLBGAME-25JUL22HOUARI-HOU,20,80,1,yes
1753241439110,1753241439,KXMLBGAME-25JUL22HOUARI-HOU,20,80,3,yes
1753241443149,1753241443,KXMLBGAME-25JUL22HOUARI-HOU,20,80,1,yes
1753241443490,1753241443,KXMLBGAME-25JUL22MILSEA-MIL,18,82,42,yes
1753241444413,1753241444,KXMLBGAME-25JUL22MILSEA-MIL,18,82,206,yes
1753241444413,1753241444,KXMLBGAME-25JUL22MILSEA-MIL,18,82,299,yes
1753241444413,1753241444,KXMLBGAME-25JUL22MILSEA-MIL,18,82,87,yes
1753241444413,1753241444,KXMLBGAME-25JUL22MILSEA-MIL,19,81,300,yes
1753241444413,1753241444,KXMLBGAME-25JUL22MILSEA-MIL,19,81,363,yes
1753241447409,1753241447,KXMLBGAME-25JUL22MILSEA-MIL,15,85,20,no
1753241447767,1753241447,KXMLBGAME-25JUL22MINLAD-MIN,37,63,53,no
1753241450329,1753241450,KXMLBGAME-25JUL22MINLAD-LAD,60,40,300,no
1753241450329,1753241450,KXMLBGAME-25JUL22MINLAD-LAD,60,40,69,no
1753241450409,1753241450,KXMLBGAME-25JUL22MINLAD-MIN,40,60,69,yes
1753241450790,1753241450,KXMLBGAME-25JUL22HOUARI-ARI,82,18,30,yes
1753241450930,1753241450,KXMLBGAME-25JUL22MILSEA-SEA,84,16,92,yes
1753241454130,1753241454,KXMLBGAME-25JUL22HOUARI-ARI,81,19,10,no
1753241454749,1753241454,KXMLBGAME-25JUL22MILSEA-MIL,15,85,183,no
1753241454992,1753241454,KXMLBGAME-25JUL22MILSEA-MIL,15,85,6,no
1753241455169,1753241455,KXMLBGAME-25JUL22HOUARI-HOU,20,80,14,yes
1753241455169,1753241455,KXMLBGAME-25JUL22HOUARI-HOU,20,80,33,yes
1753241464249,1753241464,KXMLBGAME-25JUL22MILSEA-SEA,84,16,9,yes
1753241465511,1753241465,KXMLBGAME-25JUL22MILSEA-SEA,84,16,202,yes
1753241465511,1753241465,KXMLBGAME-25JUL22MILSEA-SEA,84,16,34,yes
1753241467587,1753241467,KXMLBGAME-25JUL22HOUARI-HOU,20,80,267,yes
1753241467587,1753241467,KXMLBGAME-25JUL22HOUARI-HOU,20,80,2,yes
1753241467587,1753241467,KXMLBGAME-25JUL22HOUARI-HOU,20,80,66,yes
1753241467587,1753241467,KXMLBGAME-25JUL22HOUARI-HOU,20,80,4,yes
1753241467587,1753241467,KXMLBGAME-25JUL22HOUARI-HOU,20,80,1,yes
1753241467587,1753241467,KXMLBGAME-25JUL22HOUARI-HOU,20,80,14,yes
1753241467587,1753241467,KXMLBGAME-25JUL22HOUARI-HOU,21,79,113,yes
1753241476328,1753241476,KXMLBGAME-25JUL22MILSEA-MIL,17,83,555,yes
1753241485288,1753241485,KXMLBGAME-25JUL22MINLAD-LAD,58,42,30,no
1753241485389,1753241485,KXMLBGAME-25JUL22MINLAD-MIN,42,58,694,yes
1753241485389,1753241485,KXMLBGAME-25JUL22MINLAD-MIN,42,58,400,yes
1753241486630,1753241486,KXMLBGAME-25JUL22HOUARI-ARI,82,18,535,yes
1753241487663,1753241487,KXMLBGAME-25JUL22MINLAD-LAD,59,41,601,yes
1753241489603,1753241489,KXMLBGAME-25JUL22MILSEA-MIL,17,83,55,yes
1753241492274,1753241492,KXMLBGAME-25JUL22MILSEA-MIL,16,84,101,no
1753241492990,1753241492,KXMLBGAME-25JUL22HOUARI-ARI,83,17,11,yes
1753241497698,1753241497,KXMLBGAME-25JUL22HOUARI-HOU,20,80,300,yes
1753241497698,1753241497,KXMLBGAME-25JUL22HOUARI-HOU,20,80,159,yes
1753241501388,1753241501,KXMLBGAME-25JUL22HOUARI-ARI,83,17,190,yes
1753241501828,1753241501,KXMLBGAME-25JUL22HOUARI-HOU,20,80,41,yes
1753241501828,1753241501,KXMLBGAME-25JUL22HOUARI-HOU,20,80,193,yes
1753241502970,1753241502,KXMLBGAME-25JUL22MINLAD-MIN,43,57,30,yes
1753241502970,1753241502,KXMLBGAME-25JUL22MINLAD-MIN,43,57,300,yes
1753241502970,1753241502,KXMLBGAME-25JUL22MINLAD-MIN,44,56,35,yes
1753241502970,1753241502,KXMLBGAME-25JUL22MINLAD-MIN,45,55,184,yes
1753241503193,1753241503,KXMLBGAME-25JUL22MILSEA-SEA,84,16,117,yes
1753241503250,1753241503,KXMLBGAME-25JUL22MILSEA-MIL,18,82,52,yes
1753241507728,1753241507,KXMLBGAME-25JUL22MINLAD-MIN,43,57,11,yes
1753241519949,1753241519,KXMLBGAME-25JUL22MILSEA-MIL,18,82,15,yes
1753241523498,1753241523,KXMLBGAME-25JUL22MILSEA-SEA,82,18,7,no
1753241526869,1753241526,KXMLBGAME-25JUL22MINLAD-LAD,56,44,1,yes
1753241528208,1753241528,KXMLBGAME-25JUL22MILSEA-MIL,18,82,525,yes
1753241529770,1753241529,KXMLBGAME-25JUL22MINLAD-LAD,57,43,173,yes
1753241530692,1753241530,KXMLBGAME-25JUL22HOUARI-HOU,21,79,13,yes
1753241538750,1753241538,KXMLBGAME-25JUL22MINLAD-LAD,57,43,85,yes
1753241539478,1753241539,KXMLBGAME-25JUL22HOUARI-ARI,82,18,18,yes
1753241539478,1753241539,KXMLBGAME-25JUL22MILSEA-SEA,84,16,10,yes
1753241543430,1753241543,KXMLBGAME-25JUL22MINLAD-MIN,45,55,500,yes
1753241543430,1753241543,KXMLBGAME-25JUL22MINLAD-MIN,45,55,300,yes
1753241543430,1753241543,KXMLBGAME-25JUL22MINLAD-MIN,46,54,26,yes
1753241543431,1753241543,KXMLBGAME-25JUL22MINLAD-MIN,46,54,600,yes
1753241543431,1753241543,KXMLBGAME-25JUL22MINLAD-MIN,46,54,500,yes
1753241543431,1753241543,KXMLBGAME-25JUL22MINLAD-MIN,46,54,717,yes
1753241545690,1753241545,KXMLBGAME-25JUL22MINLAD-LAD,57,43,98,yes
1753241545690,1753241545,KXMLBGAME-25JUL22MINLAD-LAD,58,42,238,yes
1753241546309,1753241546,KXMLBGAME-25JUL22HOUARI-HOU,21,79,4,yes
1753241547209,1753241547,KXMLBGAME-25JUL22MILSEA-SEA,82,18,7,no
1753241549002,1753241548,KXMLBGAME-25JUL22MINLAD-MIN,45,55,4,yes
1753241550789,1753241550,KXMLBGAME-25JUL22HOUARI-HOU,19,81,100,no
1753241553331,1753241553,KXMLBGAME-25JUL22MILSEA-SEA,82,18,44,no
1753241556371,1753241556,KXMLBGAME-25JUL22HOUARI-HOU,18,82,68,yes
1753241556371,1753241556,KXMLBGAME-25JUL22HOUARI-HOU,19,81,30,yes
1753241559050,1753241558,KXMLBGAME-25JUL22HOUARI-HOU,19,81,70,yes
1753241559050,1753241558,KXMLBGAME-25JUL22HOUARI-HOU,19,81,130,yes
1753241562687,1753241562,KXMLBGAME-25JUL22MINLAD-LAD,57,43,2,yes
1753241566211,1753241566,KXMLBGAME-25JUL22MINLAD-MIN,45,55,25,yes
1753241572930,1753241572,KXMLBGAME-25JUL22MILSEA-MIL,17,83,10,no
1753241573265,1753241573,KXMLBGAME-25JUL22MINLAD-LAD,55,45,300,no
1753241573265,1753241573,KXMLBGAME-25JUL22MINLAD-LAD,54,46,360,no
1753241577428,1753241577,KXMLBGAME-25JUL22MINLAD-LAD,55,45,12,no
1753241583613,1753241583,KXMLBGAME-25JUL22MINLAD-LAD,55,45,288,no
1753241583613,1753241583,KXMLBGAME-25JUL22MINLAD-LAD,54,46,184,no
1753241585591,1753241585,KXMLBGAME-25JUL22MILSEA-MIL,18,82,10,yes
1753241587068,1753241586,KXMLBGAME-25JUL22MINLAD-LAD,57,43,1703,yes
1753241590409,1753241590,KXMLBGAME-25JUL22MINLAD-LAD,57,43,34,yes
1753241590789,1753241590,KXMLBGAME-25JUL22MINLAD-MIN,46,54,12,yes
1753241590949,1753241590,KXMLBGAME-25JUL22MILSEA-MIL,17,83,38,no
1753241591850,1753241591,KXMLBGAME-25JUL22MINLAD-MIN,45,55,252,yes
1753241592169,1753241592,KXMLBGAME-25JUL22MINLAD-MIN,43,57,417,no
1753241595328,1753241595,KXMLBGAME-25JUL22HOUARI-HOU,17,83,62,no
1753241596789,1753241596,KXMLBGAME-25JUL22MILSEA-MIL,19,81,14,yes
1753241597069,1753241596,KXMLBGAME-25JUL22HOUARI-HOU,19,81,99,yes
1753241606009,1753241605,KXMLBGAME-25JUL22MINLAD-LAD,57,43,17,yes
1753241612572,1753241612,KXMLBGAME-25JUL22MILSEA-MIL,18,82,5,yes
1753241622170,1753241622,KXMLBGAME-25JUL22HOUARI-ARI,83,17,5,yes
1753241622170,1753241622,KXMLBGAME-25JUL22HOUARI-ARI,84,16,100,yes
1753241622191,1753241622,KXMLBGAME-25JUL22HOUARI-HOU,17,83,28,no
1753241622789,1753241622,KXMLBGAME-25JUL22MILSEA-MIL,16,84,16,no
1753241622789,1753241622,KXMLBGAME-25JUL22MILSEA-MIL,16,84,57,no
1753241625170,1753241625,KXMLBGAME-25JUL22MINLAD-LAD,55,45,300,yes
1753241625170,1753241625,KXMLBGAME-25JUL22MINLAD-LAD,56,44,30,yes
1753241628070,1753241628,KXMLBGAME-25JUL22HOUARI-HOU,15,85,6,yes
1753241628470,1753241628,KXMLBGAME-25JUL22MILSEA-SEA,84,16,6,yes
1753241632791,1753241632,KXMLBGAME-25JUL22MINLAD-LAD,56,44,57,yes
1753241632791,1753241632,KXMLBGAME-25JUL22MINLAD-LAD,56,44,12,yes
1753241633611,1753241633,KXMLBGAME-25JUL22HOUARI-HOU,15,85,6,yes
1753241635330,1753241635,KXMLBGAME-25JUL22HOUARI-HOU,15,85,39,yes
1753241635330,1753241635,KXMLBGAME-25JUL22HOUARI-HOU,15,85,5,yes
1753241635330,1753241635,KXMLBGAME-25JUL22HOUARI-HOU,15,85,176,yes
1753241638371,1753241638,KXMLBGAME-25JUL22MILSEA-SEA,81,19,10,no
1753241641649,1753241641,KXMLBGAME-25JUL22HOUARI-HOU,15,85,124,yes
1753241641650,1753241641,KXMLBGAME-25JUL22HOUARI-HOU,15,85,190,yes
1753241642493,1753241642,KXMLBGAME-25JUL22MILSEA-MIL,18,82,87,no
1753241646048,1753241646,KXMLBGAME-25JUL22HOUARI-HOU,15,85,4,yes
1753241646048,1753241646,KXMLBGAME-25JUL22HOUARI-HOU,15,85,1,yes
1753241647050,1753241647,KXMLBGAME-25JUL22MILSEA-MIL,20,80,14,yes
1753241647613,1753241647,KXMLBGAME-25JUL22HOUARI-HOU,14,86,100,no
1753241647613,1753241647,KXMLBGAME-25JUL22HOUARI-HOU,13,87,29,no
1753241647613,1753241647,KXMLBGAME-25JUL22HOUARI-HOU,12,88,91,no
1753241648708,1753241648,KXMLBGAME-25JUL22MILSEA-MIL,18,82,80,no
1753241648708,1753241648,KXMLBGAME-25JUL22MILSEA-MIL,17,83,70,no
1753241654064,1753241653,KXMLBGAME-25JUL22HOUARI-HOU,15,85,32,yes
1753241654065,1753241653,KXMLBGAME-25JUL22HOUARI-HOU,15,85,4,yes
1753241654065,1753241653,KXMLBGAME-25JUL22HOUARI-HOU,16,84,55,yes
1753241659145,1753241658,KXMLBGAME-25JUL22MILSEA-MIL,20,80,1,yes
1753241660849,1753241660,KXMLBGAME-25JUL22HOUARI-HOU,13,87,8,no
1753241663949,1753241663,KXMLBGAME-25JUL22HOUARI-HOU,15,85,150,yes
1753241668473,1753241668,KXMLBGAME-25JUL22HOUARI-HOU,14,86,20,yes
1753241669828,1753241669,KXMLBGAME-25JUL22MINLAD-LAD,56,44,18,yes
1753241669828,1753241669,KXMLBGAME-25JUL22MINLAD-LAD,56,44,8,yes
1753241671411,1753241671,KXMLBGAME-25JUL22MINLAD-LAD,56,44,13,yes
1753241677002,1753241676,KXMLBGAME-25JUL22HOUARI-HOU,15,85,6,yes
1753241683652,1753241683,KXMLBGAME-25JUL22HOUARI-HOU,13,87,213,no
1753241689287,1753241689,KXMLBGAME-25JUL22MILSEA-SEA,82,18,12,yes
1753241690109,1753241689,KXMLBGAME-25JUL22HOUARI-HOU,13,87,182,no
1753241692850,1753241692,KXMLBGAME-25JUL22MINLAD-MIN,44,56,87,no
1753241692850,1753241692,KXMLBGAME-25JUL22MINLAD-MIN,43,57,386,no
1753241695431,1753241695,KXMLBGAME-25JUL22MILSEA-MIL,18,82,57,no
1753241695431,1753241695,KXMLBGAME-25JUL22MILSEA-MIL,18,82,25,no
1753241698152,1753241698,KXMLBGAME-25JUL22MILSEA-SEA,82,18,2,yes
1753241700971,1753241700,KXMLBGAME-25JUL22MINLAD-LAD,56,44,34,yes
1753241702831,1753241702,KXMLBGAME-25JUL22MILSEA-MIL,20,80,454,yes
1753241715070,1753241715,KXMLBGAME-25JUL22MINLAD-LAD,56,44,155,yes
1753241719703,1753241719,KXMLBGAME-25JUL22MINLAD-LAD,56,44,45,yes
1753241721745,1753241721,KXMLBGAME-25JUL22HOUARI-ARI,87,13,1,yes
1753241722171,1753241722,KXMLBGAME-25JUL22MINLAD-LAD,56,44,346,yes
1753241727582,1753241727,KXMLBGAME-25JUL22MINLAD-LAD,54,46,1,no
1753241727870,1753241727,KXMLBGAME-25JUL22MINLAD-LAD,56,44,19,yes
1753241729329,1753241729,KXMLBGAME-25JUL22MINLAD-LAD,56,44,25,yes
1753241732230,1753241732,KXMLBGAME-25JUL22MILSEA-SEA,82,18,43,yes
1753241732230,1753241732,KXMLBGAME-25JUL22MILSEA-SEA,83,17,76,yes
1753241737726,1753241737,KXMLBGAME-25JUL22MINLAD-LAD,56,44,86,yes
1753241738768,1753241738,KXMLBGAME-25JUL22HOUARI-HOU,15,85,31,yes
1753241738951,1753241738,KXMLBGAME-25JUL22MILSEA-SEA,82,18,24,yes
1753241746551,1753241746,KXMLBGAME-25JUL22HOUARI-ARI,87,13,4,yes
1753241746551,1753241746,KXMLBGAME-25JUL22HOUARI-ARI,87,13,7,yes
1753241750449,1753241750,KXMLBGAME-25JUL22MINLAD-LAD,56,44,121,yes
1753241751364,1753241751,KXMLBGAME-25JUL22MINLAD-LAD,56,44,53,yes
1753241753630,1753241753,KXMLBGAME-25JUL22MINLAD-MIN,45,55,73,yes
1753241753630,1753241753,KXMLBGAME-25JUL22MINLAD-MIN,46,54,138,yes
1753241754509,1753241754,KXMLBGAME-25JUL22HOUARI-HOU,13,87,50,no
1753241754651,1753241754,KXMLBGAME-25JUL22HOUARI-HOU,14,86,121,yes
1753241755448,1753241755,KXMLBGAME-25JUL22MINLAD-LAD,56,44,116,yes
1753241756830,1753241756,KXMLBGAME-25JUL22MILSEA-MIL,20,80,94,yes
1753241758950,1753241758,KXMLBGAME-25JUL22MINLAD-MIN,44,56,2,yes
1753241762507,1753241762,KXMLBGAME-25JUL22MINLAD-LAD,59,41,18,yes
1753241767620,1753241767,KXMLBGAME-25JUL22HOUARI-ARI,87,13,27,yes
1753241780250,1753241780,KXMLBGAME-25JUL22MINLAD-LAD,59,41,57,yes
1753241782782,1753241782,KXMLBGAME-25JUL22HOUARI-HOU,12,88,19,no
1753241782990,1753241782,KXMLBGAME-25JUL22MINLAD-MIN,42,58,1,no
1753241782990,1753241782,KXMLBGAME-25JUL22MINLAD-MIN,42,58,13,no
1753241785729,1753241785,KXMLBGAME-25JUL22HOUARI-ARI,87,13,14,yes
1753241787948,1753241787,KXMLBGAME-25JUL22MILSEA-SEA,82,18,32,yes
1753241787948,1753241787,KXMLBGAME-25JUL22MILSEA-SEA,82,18,58,yes
1753241788550,1753241788,KXMLBGAME-25JUL22MINLAD-LAD,58,42,20,yes
1753241788908,1753241788,KXMLBGAME-25JUL22MILSEA-MIL,21,79,94,yes
1753241792069,1753241791,KXMLBGAME-25JUL22MILSEA-MIL,21,79,87,yes
1753241792069,1753241791,KXMLBGAME-25JUL22MILSEA-MIL,21,79,471,yes
1753241792069,1753241791,KXMLBGAME-25JUL22MILSEA-MIL,22,78,200,yes
1753241792069,1753241791,KXMLBGAME-25JUL22MILSEA-MIL,22,78,300,yes
1753241792069,1753241791,KXMLBGAME-25JUL22MILSEA-MIL,22,78,1121,yes
1753241795929,1753241795,KXMLBGAME-25JUL22MINLAD-MIN,42,58,4,no
1753241798350,1753241798,KXMLBGAME-25JUL22HOUARI-HOU,13,87,45,yes
1753241798910,1753241798,KXMLBGAME-25JUL22MINLAD-LAD,59,41,10,yes
1753241800748,1753241800,KXMLBGAME-25JUL22HOUARI-HOU,12,88,512,no
1753241801629,1753241801,KXMLBGAME-25JUL22MINLAD-LAD,59,41,77,yes
1753241801629,1753241801,KXMLBGAME-25JUL22MINLAD-LAD,59,41,10,yes
1753241801629,1753241801,KXMLBGAME-25JUL22MINLAD-LAD,60,40,1506,yes
1753241805249,1753241805,KXMLBGAME-25JUL22HOUARI-HOU,12,88,41,no
1753241805249,1753241805,KXMLBGAME-25JUL22MINLAD-LAD,58,42,83,no
1753241806349,1753241806,KXMLBGAME-25JUL22MILSEA-MIL,22,78,431,yes
1753241806428,1753241806,KXMLBGAME-25JUL22MILSEA-MIL,22,78,43,yes
1753241811329,1753241811,KXMLBGAME-25JUL22HOUARI-HOU,12,88,89,no
1753241812669,1753241812,KXMLBGAME-25JUL22MILSEA-MIL,22,78,1,yes
1753241815210,1753241815,KXMLBGAME-25JUL22MILSEA-SEA,82,18,3,yes
1753241820397,1753241820,KXMLBGAME-25JUL22MILSEA-MIL,19,81,300,no
1753241820397,1753241820,KXMLBGAME-25JUL22MILSEA-MIL,19,81,751,no
1753241825129,1753241825,KXMLBGAME-25JUL22MILSEA-MIL,21,79,86,yes
1753241825288,1753241825,KXMLBGAME-25JUL22MILSEA-SEA,81,19,100,no
1753241829830,1753241829,KXMLBGAME-25JUL22MINLAD-MIN,41,59,1,yes
1753241832753,1753241832,KXMLBGAME-25JUL22MILSEA-MIL,22,78,8,yes
1753241834801,1753241834,KXMLBGAME-25JUL22MILSEA-SEA,81,19,146,yes
1753241841988,1753241841,KXMLBGAME-25JUL22HOUARI-HOU,13,87,6,no
1753241842550,1753241842,KXMLBGAME-25JUL22MINLAD-LAD,62,38,3,yes
1753241843101,1753241843,KXMLBGAME-25JUL22MILSEA-MIL,20,80,52,no
1753241843288,1753241843,KXMLBGAME-25JUL22MINLAD-LAD,62,38,65,yes
1753241843288,1753241843,KXMLBGAME-25JUL22MINLAD-LAD,62,38,13,yes
1753241845042,1753241844,KXMLBGAME-25JUL22MILSEA-MIL,22,78,217,yes
1753241847704,1753241847,KXMLBGAME-25JUL22MILSEA-MIL,22,78,22,yes
1753241849789,1753241849,KXMLBGAME-25JUL22MINLAD-LAD,62,38,7,yes
1753241853637,1753241853,KXMLBGAME-25JUL22HOUARI-ARI,86,14,58,no
1753241854227,1753241854,KXMLBGAME-25JUL22MINLAD-LAD,62,38,70,yes
1753241858229,1753241858,KXMLBGAME-25JUL22MINLAD-LAD,62,38,16,yes
1753241860990,1753241860,KXMLBGAME-25JUL22MINLAD-LAD,61,39,10,yes
1753241863230,1753241863,KXMLBGAME-25JUL22HOUARI-ARI,81,19,90,no
1753241864832,1753241864,KXMLBGAME-25JUL22MINLAD-LAD,61,39,76,yes
1753241868590,1753241868,KXMLBGAME-25JUL22MINLAD-MIN,39,61,4,no
1753241872133,1753241872,KXMLBGAME-25JUL22HOUARI-HOU,20,80,27,yes
1753241872133,1753241872,KXMLBGAME-25JUL22HOUARI-HOU,20,80,66,yes
1753241875769,1753241875,KXMLBGAME-25JUL22MINLAD-MIN,39,61,92,no
1753241876290,1753241876,KXMLBGAME-25JUL22HOUARI-HOU,20,80,222,yes
1753241883647,1753241883,KXMLBGAME-25JUL22MINLAD-LAD,61,39,159,yes
1753241884348,1753241884,KXMLBGAME-25JUL22MILSEA-MIL,22,78,1,yes
1753241886928,1753241886,KXMLBGAME-25JUL22HOUARI-HOU,20,80,5,yes
1753241894399,1753241894,KXMLBGAME-25JUL22MINLAD-LAD,61,39,300,yes
1753241894399,1753241894,KXMLBGAME-25JUL22MINLAD-LAD,62,38,130,yes
1753241896911,1753241896,KXMLBGAME-25JUL22MILSEA-SEA,80,20,184,yes
1753241898569,1753241898,KXMLBGAME-25JUL22HOUARI-HOU,20,80,50,yes
1753241902992,1753241902,KXMLBGAME-25JUL22MINLAD-LAD,61,39,45,yes
1753241906289,1753241906,KXMLBGAME-25JUL22MINLAD-MIN,39,61,300,no
1753241907430,1753241907,KXMLBGAME-25JUL22MILSEA-SEA,83,17,100,yes
1753241907430,1753241907,KXMLBGAME-25JUL22MILSEA-SEA,84,16,154,yes
1753241907430,1753241907,KXMLBGAME-25JUL22MILSEA-SEA,85,15,87,yes
1753241909349,1753241909,KXMLBGAME-25JUL22MILSEA-SEA,84,16,8,yes
1753241909368,1753241909,KXMLBGAME-25JUL22MILSEA-MIL,20,80,8,no
1753241921230,1753241921,KXMLBGAME-25JUL22MINLAD-LAD,63,37,7,yes
1753241930546,1753241930,KXMLBGAME-25JUL22HOUARI-HOU,24,76,31,yes
1753241930546,1753241930,KXMLBGAME-25JUL22HOUARI-HOU,25,75,5,yes
1753241930546,1753241930,KXMLBGAME-25JUL22HOUARI-HOU,34,66,5,yes
1753241934028,1753241933,KXMLBGAME-25JUL22MILSEA-MIL,22,78,21,yes
1753241936685,1753241936,KXMLBGAME-25JUL22MILSEA-MIL,22,78,64,yes
1753241940889,1753241940,KXMLBGAME-25JUL22MILSEA-MIL,23,77,162,yes
1753241951490,1753241951,KXMLBGAME-25JUL22MILSEA-MIL,23,77,20,yes
1753241953352,1753241953,KXMLBGAME-25JUL22MILSEA-MIL,22,78,412,yes
1753241953870,1753241953,KXMLBGAME-25JUL22MINLAD-LAD,63,37,104,yes
1753241958129,1753241958,KXMLBGAME-25JUL22HOUARI-HOU,29,71,1,yes
1753241961330,1753241961,KXMLBGAME-25JUL22MINLAD-LAD,63,37,241,yes
1753241961330,1753241961,KXMLBGAME-25JUL22MINLAD-LAD,63,37,68,yes
1753241967529,1753241967,KXMLBGAME-25JUL22MINLAD-MIN,37,63,265,no
1753241969146,1753241969,KXMLBGAME-25JUL22MINLAD-LAD,63,37,77,yes
1753241975399,1753241975,KXMLBGAME-25JUL22MINLAD-LAD,63,37,54,yes
1753241975789,1753241975,KXMLBGAME-25JUL22MINLAD-LAD,63,37,1,yes
1753241975789,1753241975,KXMLBGAME-25JUL22MINLAD-LAD,63,37,153,yes
1753241983692,1753241983,KXMLBGAME-25JUL22HOUARI-HOU,22,78,17,yes
1753241986710,1753241986,KXMLBGAME-25JUL22MILSEA-MIL,20,80,38,no
1753241989119,1753241989,KXMLBGAME-25JUL22MINLAD-MIN,38,62,2,no
1753241989309,1753241989,KXMLBGAME-25JUL22MILSEA-SEA,80,20,123,yes
1753241995012,1753241994,KXMLBGAME-25JUL22MINLAD-LAD,62,38,32,yes
1753241995528,1753241995,KXMLBGAME-25JUL22HOUARI-HOU,20,80,20,yes
1753241998540,1753241998,KXMLBGAME-25JUL22MINLAD-MIN,38,62,50,no
1753242005769,1753242005,KXMLBGAME-25JUL22MINLAD-MIN,38,62,248,no
1753242005769,1753242005,KXMLBGAME-25JUL22MINLAD-MIN,37,63,23,no
1753242010729,1753242010,KXMLBGAME-25JUL22HOUARI-HOU,22,78,3,yes
1753242010729,1753242010,KXMLBGAME-25JUL22HOUARI-HOU,25,75,20,yes
1753242010729,1753242010,KXMLBGAME-25JUL22HOUARI-HOU,26,74,20,yes
1753242010729,1753242010,KXMLBGAME-25JUL22HOUARI-HOU,27,73,29,yes
1753242013333,1753242013,KXMLBGAME-25JUL22HOUARI-HOU,26,74,10,yes
1753242021028,1753242020,KXMLBGAME-25JUL22MILSEA-MIL,21,79,12,yes
1753242021028,1753242020,KXMLBGAME-25JUL22MILSEA-MIL,22,78,3,yes
1753242022109,1753242022,KXMLBGAME-25JUL22MINLAD-LAD,62,38,15,yes
1753242022109,1753242022,KXMLBGAME-25JUL22MINLAD-LAD,62,38,285,yes
1753242031249,1753242031,KXMLBGAME-25JUL22MILSEA-SEA,80,20,82,yes
1753242039311,1753242039,KXMLBGAME-25JUL22HOUARI-HOU,21,79,10,yes
1753242039389,1753242039,KXMLBGAME-25JUL22MINLAD-LAD,62,38,15,yes
1753242040509,1753242040,KXMLBGAME-25JUL22MINLAD-LAD,60,40,45,no
1753242045109,1753242045,KXMLBGAME-25JUL22HOUARI-HOU,20,80,25,yes
1753242045109,1753242045,KXMLBGAME-25JUL22HOUARI-HOU,21,79,4,yes
1753242049170,1753242049,KXMLBGAME-25JUL22HOUARI-HOU,21,79,94,yes
1753242052308,1753242052,KXMLBGAME-25JUL22MINLAD-MIN,39,61,207,yes
1753242052308,1753242052,KXMLBGAME-25JUL22MINLAD-MIN,39,61,87,yes
1753242052631,1753242052,KXMLBGAME-25JUL22HOUARI-HOU,21,79,121,yes
1753242054229,1753242054,KXMLBGAME-25JUL22HOUARI-HOU,19,81,25,no
1753242057067,1753242057,KXMLBGAME-25JUL22HOUARI-HOU,21,79,10,yes
1753242061990,1753242061,KXMLBGAME-25JUL22MINLAD-LAD,61,39,245,yes
1753242062670,1753242062,KXMLBGAME-25JUL22MINLAD-MIN,37,63,63,no
1753242062670,1753242062,KXMLBGAME-25JUL22MINLAD-MIN,36,64,55,no
1753242062670,1753242062,KXMLBGAME-25JUL22MINLAD-MIN,36,64,84,no
1753242062670,1753242062,KXMLBGAME-25JUL22MINLAD-MIN,35,65,600,no
1753242062670,1753242062,KXMLBGAME-25JUL22MINLAD-MIN,35,65,55,no
1753242062670,1753242062,KXMLBGAME-25JUL22MINLAD-MIN,35,65,1013,no
1753242066650,1753242066,KXMLBGAME-25JUL22MINLAD-MIN,40,60,20,yes
1753242066650,1753242066,KXMLBGAME-25JUL22MINLAD-MIN,40,60,3,yes
1753242068768,1753242068,KXMLBGAME-25JUL22HOUARI-HOU,20,80,295,no
1753242070692,1753242070,KXMLBGAME-25JUL22HOUARI-ARI,79,21,108,yes
1753242070692,1753242070,KXMLBGAME-25JUL22HOUARI-ARI,79,21,128,yes
1753242073189,1753242073,KXMLBGAME-25JUL22MINLAD-LAD,60,40,87,no
1753242080112,1753242080,KXMLBGAME-25JUL22MILSEA-SEA,81,19,46,yes
1753242080112,1753242080,KXMLBGAME-25JUL22MILSEA-SEA,81,19,300,yes
1753242080131,1753242080,KXMLBGAME-25JUL22MILSEA-MIL,20,80,2,no
1753242080452,1753242080,KXMLBGAME-25JUL22MILSEA-SEA,81,19,34,yes
1753242080452,1753242080,KXMLBGAME-25JUL22MILSEA-SEA,82,18,116,yes
1753242080452,1753242080,KXMLBGAME-25JUL22MILSEA-SEA,82,18,301,yes
1753242080452,1753242080,KXMLBGAME-25JUL22MILSEA-SEA,82,18,600,yes
1753242084549,1753242084,KXMLBGAME-25JUL22MILSEA-MIL,15,85,55,no
1753242086172,1753242086,KXMLBGAME-25JUL22MINLAD-LAD,60,40,13,yes
1753242086172,1753242086,KXMLBGAME-25JUL22MINLAD-LAD,61,39,60,yes
1753242087291,1753242087,KXMLBGAME-25JUL22MILSEA-MIL,18,82,68,yes
1753242089850,1753242089,KXMLBGAME-25JUL22MILSEA-SEA,85,15,13,yes
1753242089850,1753242089,KXMLBGAME-25JUL22MILSEA-SEA,85,15,32,yes
1753242090127,1753242090,KXMLBGAME-25JUL22HOUARI-HOU,20,80,664,no
1753242097136,1753242097,KXMLBGAME-25JUL22MILSEA-SEA,82,18,17,no
1753242105037,1753242104,KXMLBGAME-25JUL22HOUARI-ARI,81,19,87,yes
1753242105037,1753242104,KXMLBGAME-25JUL22HOUARI-ARI,81,19,34,yes
1753242105708,1753242105,KXMLBGAME-25JUL22MINLAD-LAD,62,38,200,yes
1753242105708,1753242105,KXMLBGAME-25JUL22MINLAD-LAD,62,38,300,yes
1753242105708,1753242105,KXMLBGAME-25JUL22MINLAD-LAD,62,38,170,yes
1753242106710,1753242106,KXMLBGAME-25JUL22MILSEA-MIL,15,85,245,no
1753242106710,1753242106,KXMLBGAME-25JUL22MILSEA-MIL,15,85,26,no
1753242106710,1753242106,KXMLBGAME-25JUL22MILSEA-MIL,14,86,79,no
1753242109747,1753242109,KXMLBGAME-25JUL22HOUARI-HOU,19,81,43,no
1753242111272,1753242111,KXMLBGAME-25JUL22MILSEA-SEA,85,15,19,yes
1753242111272,1753242111,KXMLBGAME-25JUL22MILSEA-SEA,85,15,200,yes
1753242111272,1753242111,KXMLBGAME-25JUL22MILSEA-SEA,85,15,300,yes
1753242111272,1753242111,KXMLBGAME-25JUL22MILSEA-SEA,86,14,209,yes
1753242111378,1753242111,KXMLBGAME-25JUL22MINLAD-LAD,59,41,87,no
1753242111378,1753242111,KXMLBGAME-25JUL22MINLAD-LAD,59,41,187,no
1753242114311,1753242114,KXMLBGAME-25JUL22MILSEA-MIL,15,85,10,no
1753242120669,1753242120,KXMLBGAME-25JUL22HOUARI-ARI,80,20,300,no
1753242120670,1753242120,KXMLBGAME-25JUL22HOUARI-ARI,79,21,64,no
1753242120768,1753242120,KXMLBGAME-25JUL22HOUARI-HOU,21,79,600,yes
1753242122871,1753242122,KXMLBGAME-25JUL22MINLAD-MIN,40,60,19,yes
1753242122871,1753242122,KXMLBGAME-25JUL22MINLAD-MIN,41,59,67,yes
1753242122871,1753242122,KXMLBGAME-25JUL22MINLAD-MIN,43,57,200,yes
1753242122871,1753242122,KXMLBGAME-25JUL22MINLAD-MIN,43,57,162,yes
1753242126467,1753242126,KXMLBGAME-25JUL22MILSEA-SEA,85,15,12,yes
1753242126467,1753242126,KXMLBGAME-25JUL22MILSEA-SEA,85,15,53,yes
1753242131652,1753242131,KXMLBGAME-25JUL22MINLAD-LAD,60,40,8,yes
1753242135892,1753242135,KXMLBGAME-25JUL22MINLAD-LAD,60,40,32,yes
1753242149790,1753242149,KXMLBGAME-25JUL22MILSEA-MIL,15,85,20,no
1753242150209,1753242150,KXMLBGAME-25JUL22MILSEA-MIL,14,86,21,no
1753242152346,1753242152,KXMLBGAME-25JUL22HOUARI-HOU,26,74,10,yes
1753242153190,1753242153,KXMLBGAME-25JUL22MINLAD-LAD,60,40,40,yes
1753242158790,1753242158,KXMLBGAME-25JUL22HOUARI-HOU,25,75,19,yes
1753242159924,1753242159,KXMLBGAME-25JUL22HOUARI-HOU,24,76,35,no
1753242160469,1753242160,KXMLBGAME-25JUL22HOUARI-HOU,24,76,15,no
1753242165751,1753242165,KXMLBGAME-25JUL22HOUARI-HOU,24,76,100,yes
1753242167396,1753242167,KXMLBGAME-25JUL22MILSEA-SEA,88,12,300,yes
1753242167396,1753242167,KXMLBGAME-25JUL22MILSEA-SEA,88,12,200,yes
1753242167396,1753242167,KXMLBGAME-25JUL22MILSEA-SEA,88,12,3000,yes
1753242167396,1753242167,KXMLBGAME-25JUL22MILSEA-SEA,88,12,907,yes
1753242167410,1753242167,KXMLBGAME-25JUL22MILSEA-SEA,88,12,1,yes
1753242171529,1753242171,KXMLBGAME-25JUL22HOUARI-HOU,23,77,100,no
1753242180148,1753242180,KXMLBGAME-25JUL22MINLAD-LAD,57,43,73,yes
1753242191289,1753242191,KXMLBGAME-25JUL22HOUARI-HOU,24,76,300,no
1753242191289,1753242191,KXMLBGAME-25JUL22HOUARI-HOU,24,76,87,no
1753242194945,1753242194,KXMLBGAME-25JUL22HOUARI-ARI,76,24,1669,no
1753242195828,1753242195,KXMLBGAME-25JUL22MINLAD-MIN,43,57,138,yes
1753242195828,1753242195,KXMLBGAME-25JUL22MINLAD-MIN,44,56,411,yes
1753242208729,1753242208,KXMLBGAME-25JUL22MILSEA-MIL,14,86,229,yes
1753242214810,1753242214,KXMLBGAME-25JUL22HOUARI-ARI,76,24,31,yes
1753242217816,1753242217,KXMLBGAME-25JUL22MINLAD-LAD,57,43,10,yes
1753242220348,1753242220,KXMLBGAME-25JUL22MINLAD-MIN,45,55,10,yes
1753242221669,1753242221,KXMLBGAME-25JUL22MINLAD-LAD,55,45,30,no
1753242221669,1753242221,KXMLBGAME-25JUL22MINLAD-LAD,55,45,20,no
1753242224149,1753242224,KXMLBGAME-25JUL22MINLAD-LAD,57,43,85,yes
1753242227809,1753242227,KXMLBGAME-25JUL22MINLAD-LAD,57,43,100,yes
1753242240001,1753242239,KXMLBGAME-25JUL22MILSEA-SEA,86,14,1,yes
1753242240001,1753242239,KXMLBGAME-25JUL22MILSEA-SEA,87,13,27,yes
1753242243069,1753242243,KXMLBGAME-25JUL22HOUARI-HOU,26,74,100,yes
1753242243069,1753242243,KXMLBGAME-25JUL22HOUARI-HOU,26,74,82,yes
1753242243291,1753242243,KXMLBGAME-25JUL22MILSEA-SEA,87,13,17,yes
1753242244170,1753242244,KXMLBGAME-25JUL22MINLAD-LAD,56,44,10,yes
1753242244170,1753242244,KXMLBGAME-25JUL22MINLAD-LAD,57,43,32,yes
1753242244170,1753242244,KXMLBGAME-25JUL22MINLAD-LAD,57,43,203,yes
1753242245468,1753242245,KXMLBGAME-25JUL22MILSEA-MIL,14,86,121,yes
1753242246090,1753242246,KXMLBGAME-25JUL22MINLAD-LAD,57,43,20,yes
1753242250509,1753242250,KXMLBGAME-25JUL22MILSEA-MIL,13,87,300,no
1753242250509,1753242250,KXMLBGAME-25JUL22MILSEA-MIL,12,88,100,no
1753242250509,1753242250,KXMLBGAME-25JUL22MILSEA-MIL,12,88,600,no
1753242250509,1753242250,KXMLBGAME-25JUL22MILSEA-MIL,12,88,9,no
1753242250509,1753242250,KXMLBGAME-25JUL22MILSEA-MIL,12,88,144,no
1753242253269,1753242253,KXMLBGAME-25JUL22MILSEA-SEA,88,12,72,yes
1753242254953,1753242254,KXMLBGAME-25JUL22HOUARI-ARI,76,24,33,yes
1753242259144,1753242259,KXMLBGAME-25JUL22HOUARI-ARI,76,24,54,yes
1753242259144,1753242259,KXMLBGAME-25JUL22HOUARI-ARI,76,24,33,yes
1753242259144,1753242259,KXMLBGAME-25JUL22HOUARI-ARI,77,23,113,yes
1753242263050,1753242263,KXMLBGAME-25JUL22HOUARI-ARI,77,23,487,yes
1753242263051,1753242263,KXMLBGAME-25JUL22HOUARI-ARI,77,23,200,yes
1753242263051,1753242263,KXMLBGAME-25JUL22HOUARI-ARI,77,23,300,yes
1753242263051,1753242263,KXMLBGAME-25JUL22HOUARI-ARI,77,23,87,yes
1753242263051,1753242263,KXMLBGAME-25JUL22HOUARI-ARI,77,23,300,yes
1753242263051,1753242263,KXMLBGAME-25JUL22HOUARI-ARI,78,22,200,yes
1753242263051,1753242263,KXMLBGAME-25JUL22HOUARI-ARI,78,22,300,yes
1753242263051,1753242263,KXMLBGAME-25JUL22HOUARI-ARI,78,22,36,yes
1753242268250,1753242268,KXMLBGAME-25JUL22MILSEA-MIL,13,87,300,no
1753242268250,1753242268,KXMLBGAME-25JUL22MILSEA-MIL,13,87,7,no
1753242268250,1753242268,KXMLBGAME-25JUL22MILSEA-MIL,13,87,600,no
1753242268250,1753242268,KXMLBGAME-25JUL22MILSEA-MIL,12,88,243,no
1753242269691,1753242269,KXMLBGAME-25JUL22HOUARI-HOU,25,75,10,yes
1753242274108,1753242274,KXMLBGAME-25JUL22MILSEA-SEA,87,13,5,yes
1753242274108,1753242274,KXMLBGAME-25JUL22MILSEA-SEA,87,13,108,yes
1753242280368,1753242280,KXMLBGAME-25JUL22MILSEA-MIL,14,86,50,yes
1753242280368,1753242280,KXMLBGAME-25JUL22MILSEA-MIL,14,86,809,yes
1753242281228,1753242281,KXMLBGAME-25JUL22MILSEA-SEA,86,14,1727,yes
1753242281672,1753242281,KXMLBGAME-25JUL22MILSEA-SEA,85,15,100,no
1753242281809,1753242281,KXMLBGAME-25JUL22MILSEA-SEA,85,15,87,no
1753242284955,1753242284,KXMLBGAME-25JUL22MILSEA-MIL,15,85,43,no
1753242289310,1753242289,KXMLBGAME-25JUL22MINLAD-LAD,56,44,259,yes
1753242290909,1753242290,KXMLBGAME-25JUL22MILSEA-MIL,15,85,6,no
1753242291890,1753242291,KXMLBGAME-25JUL22HOUARI-ARI,77,23,2,yes
1753242293091,1753242293,KXMLBGAME-25JUL22HOUARI-HOU,23,77,79,no
1753242298676,1753242298,KXMLBGAME-25JUL22MINLAD-LAD,56,44,1,yes
1753242301309,1753242301,KXMLBGAME-25JUL22MINLAD-MIN,43,57,230,no
1753242310268,1753242310,KXMLBGAME-25JUL22MILSEA-MIL,18,82,15,yes
1753242311269,1753242311,KXMLBGAME-25JUL22MILSEA-MIL,15,85,14,no
1753242314848,1753242314,KXMLBGAME-25JUL22HOUARI-HOU,23,77,21,no
1753242317211,1753242317,KXMLBGAME-25JUL22MILSEA-MIL,18,82,105,yes
1753242319669,1753242319,KXMLBGAME-25JUL22HOUARI-HOU,21,79,13,yes
1753242319969,1753242319,KXMLBGAME-25JUL22MINLAD-MIN,45,55,57,yes
1753242319969,1753242319,KXMLBGAME-25JUL22MINLAD-MIN,46,54,48,yes
1753242322370,1753242322,KXMLBGAME-25JUL22HOUARI-ARI,82,18,65,yes
1753242322370,1753242322,KXMLBGAME-25JUL22HOUARI-ARI,82,18,250,yes
1753242328680,1753242328,KXMLBGAME-25JUL22MILSEA-SEA,85,15,120,yes
1753242328680,1753242328,KXMLBGAME-25JUL22MILSEA-SEA,85,15,112,yes
1753242328680,1753242328,KXMLBGAME-25JUL22MINLAD-LAD,58,42,48,yes
1753242328680,1753242328,KXMLBGAME-25JUL22MINLAD-LAD,65,35,15,yes
1753242330152,1753242330,KXMLBGAME-25JUL22MINLAD-LAD,56,44,8,yes
1753242330670,1753242330,KXMLBGAME-25JUL22HOUARI-HOU,17,83,83,no
1753242331648,1753242331,KXMLBGAME-25JUL22MINLAD-MIN,47,53,2,yes
1753242339090,1753242339,KXMLBGAME-25JUL22MINLAD-LAD,54,46,10,no
1753242340369,1753242340,KXMLBGAME-25JUL22MINLAD-LAD,54,46,176,yes
1753242340951,1753242340,KXMLBGAME-25JUL22MILSEA-SEA,85,15,20,yes
1753242343229,1753242343,KXMLBGAME-25JUL22HOUARI-HOU,19,81,29,yes
1753242346610,1753242346,KXMLBGAME-25JUL22HOUARI-HOU,17,83,20,no
1753242351751,1753242351,KXMLBGAME-25JUL22MILSEA-MIL,14,86,34,no
1753242354792,1753242354,KXMLBGAME-25JUL22MILSEA-MIL,14,86,25,no
1753242356164,1753242356,KXMLBGAME-25JUL22MILSEA-MIL,16,84,87,yes
1753242356164,1753242356,KXMLBGAME-25JUL22MILSEA-MIL,17,83,243,yes
1753242356164,1753242356,KXMLBGAME-25JUL22MILSEA-MIL,17,83,36,yes
1753242377931,1753242377,KXMLBGAME-25JUL22HOUARI-HOU,15,85,44,no
1753242377931,1753242377,KXMLBGAME-25JUL22HOUARI-HOU,15,85,500,no
1753242377931,1753242377,KXMLBGAME-25JUL22HOUARI-HOU,15,85,38,no
1753242378370,1753242378,KXMLBGAME-25JUL22HOUARI-HOU,17,83,11,yes
1753242379710,1753242379,KXMLBGAME-25JUL22MINLAD-LAD,53,47,182,yes
1753242382271,1753242382,KXMLBGAME-25JUL22HOUARI-HOU,17,83,11,yes
1753242383829,1753242383,KXMLBGAME-25JUL22MINLAD-MIN,47,53,2,no
1753242384429,1753242384,KXMLBGAME-25JUL22MINLAD-LAD,53,47,87,yes
1753242384429,1753242384,KXMLBGAME-25JUL22MINLAD-LAD,54,46,175,yes
1753242394170,1753242394,KXMLBGAME-25JUL22MINLAD-LAD,54,46,1,yes
1753242395891,1753242395,KXMLBGAME-25JUL22MINLAD-LAD,54,46,48,yes
1753242395909,1753242395,KXMLBGAME-25JUL22MILSEA-SEA,85,15,29,yes
1753242411932,1753242411,KXMLBGAME-25JUL22MILSEA-SEA,85,15,251,yes
1753242411932,1753242411,KXMLBGAME-25JUL22MILSEA-SEA,85,15,36,yes
1753242420021,1753242419,KXMLBGAME-25JUL22MILSEA-SEA,86,14,230,yes
1753242422549,1753242422,KXMLBGAME-25JUL22MINLAD-MIN,48,52,88,yes
1753242429390,1753242429,KXMLBGAME-25JUL22MINLAD-LAD,55,45,35,yes
1753242432617,1753242432,KXMLBGAME-25JUL22HOUARI-HOU,16,84,33,no
1753242432617,1753242432,KXMLBGAME-25JUL22HOUARI-HOU,16,84,120,no
1753242435449,1753242435,KXMLBGAME-25JUL22HOUARI-HOU,17,83,55,yes
1753242436791,1753242436,KXMLBGAME-25JUL22MINLAD-LAD,55,45,52,yes
1753242436791,1753242436,KXMLBGAME-25JUL22MINLAD-LAD,55,45,35,yes
1753242436791,1753242436,KXMLBGAME-25JUL22MINLAD-LAD,56,44,1,yes
1753242441526,1753242441,KXMLBGAME-25JUL22MINLAD-LAD,56,44,43,yes
1753242447669,1753242447,KXMLBGAME-25JUL22MILSEA-MIL,16,84,87,yes
1753242447669,1753242447,KXMLBGAME-25JUL22MILSEA-MIL,17,83,12,yes
1753242451663,1753242451,KXMLBGAME-25JUL22HOUARI-HOU,17,83,5,yes
1753242466470,1753242466,KXMLBGAME-25JUL22HOUARI-HOU,17,83,60,yes
1753242468471,1753242468,KXMLBGAME-25JUL22HOUARI-HOU,17,83,240,yes
1753242468509,1753242468,KXMLBGAME-25JUL22HOUARI-ARI,82,18,500,no
1753242477652,1753242477,KXMLBGAME-25JUL22MILSEA-SEA,86,14,115,yes
1753242482250,1753242482,KXMLBGAME-25JUL22MILSEA-SEA,85,15,13,no
1753242484849,1753242484,KXMLBGAME-25JUL22HOUARI-HOU,17,83,25,no
1753242484849,1753242484,KXMLBGAME-25JUL22HOUARI-HOU,17,83,66,no
1753242486390,1753242486,KXMLBGAME-25JUL22HOUARI-HOU,18,82,579,yes
1753242486390,1753242486,KXMLBGAME-25JUL22HOUARI-HOU,18,82,266,yes
1753242488390,1753242488,KXMLBGAME-25JUL22HOUARI-HOU,19,81,87,yes
1753242488830,1753242488,KXMLBGAME-25JUL22HOUARI-ARI,81,19,12,yes
1753242491689,1753242491,KXMLBGAME-25JUL22HOUARI-ARI,76,24,143,yes
1753242501209,1753242501,KXMLBGAME-25JUL22MINLAD-LAD,56,44,64,yes
1753242502069,1753242502,KXMLBGAME-25JUL22HOUARI-HOU,23,77,40,no
1753242502069,1753242502,KXMLBGAME-25JUL22HOUARI-HOU,23,77,139,no
1753242502229,1753242502,KXMLBGAME-25JUL22MILSEA-MIL,17,83,10,yes
1753242504110,1753242504,KXMLBGAME-25JUL22MINLAD-LAD,56,44,25,yes
1753242514111,1753242514,KXMLBGAME-25JUL22HOUARI-HOU,26,74,100,yes
1753242514111,1753242514,KXMLBGAME-25JUL22HOUARI-HOU,26,74,300,yes
1753242514111,1753242514,KXMLBGAME-25JUL22HOUARI-HOU,26,74,87,yes
1753242515691,1753242515,KXMLBGAME-25JUL22HOUARI-ARI,74,26,100,no
1753242517348,1753242517,KXMLBGAME-25JUL22MILSEA-MIL,16,84,11,yes
1753242522449,1753242522,KXMLBGAME-25JUL22MILSEA-SEA,85,15,12,yes
1753242522449,1753242522,KXMLBGAME-25JUL22MILSEA-SEA,85,15,3,yes
1753242523290,1753242523,KXMLBGAME-25JUL22HOUARI-HOU,43,57,70,yes
1753242524309,1753242524,KXMLBGAME-25JUL22MINLAD-LAD,54,46,35,yes
1753242525348,1753242525,KXMLBGAME-25JUL22MINLAD-MIN,46,54,10,yes
1753242527389,1753242527,KXMLBGAME-25JUL22HOUARI-HOU,61,39,8,no
1753242529608,1753242529,KXMLBGAME-25JUL22MILSEA-SEA,84,16,180,no
1753242531168,1753242531,KXMLBGAME-25JUL22HOUARI-HOU,61,39,146,no
1753242531207,1753242531,KXMLBGAME-25JUL22HOUARI-HOU,61,39,2018,no
1753242532288,1753242532,KXMLBGAME-25JUL22HOUARI-HOU,77,23,74,yes
1753242532288,1753242532,KXMLBGAME-25JUL22HOUARI-HOU,77,23,100,yes
1753242532350,1753242532,KXMLBGAME-25JUL22HOUARI-HOU,77,23,101,no
1753242532350,1753242532,KXMLBGAME-25JUL22HOUARI-ARI,27,73,1,no
1753242532350,1753242532,KXMLBGAME-25JUL22HOUARI-ARI,27,73,100,no
1753242532369,1753242532,KXMLBGAME-25JUL22HOUARI-ARI,18,82,10,no
1753242532369,1753242532,KXMLBGAME-25JUL22HOUARI-ARI,17,83,64,no
1753242532488,1753242532,KXMLBGAME-25JUL22HOUARI-ARI,30,70,34,no
1753242532488,1753242532,KXMLBGAME-25JUL22HOUARI-ARI,17,83,36,no
1753242532488,1753242532,KXMLBGAME-25JUL22HOUARI-ARI,15,85,10,no
1753242532488,1753242532,KXMLBGAME-25JUL22HOUARI-ARI,14,86,100,no
1753242532488,1753242532,KXMLBGAME-25JUL22HOUARI-ARI,9,91,87,no
1753242532488,1753242532,KXMLBGAME-25JUL22HOUARI-ARI,8,92,48,no
1753242532656,1753242532,KXMLBGAME-25JUL22HOUARI-HOU,77,23,16,no
1753242533379,1753242533,KXMLBGAME-25JUL22MILSEA-SEA,85,15,7,yes
1753242533379,1753242533,KXMLBGAME-25JUL22MILSEA-SEA,86,14,8,yes
1753242539969,1753242539,KXMLBGAME-25JUL22HOUARI-ARI,30,70,1,yes
1753242542549,1753242542,KXMLBGAME-25JUL22HOUARI-HOU,77,23,600,no
1753242542549,1753242542,KXMLBGAME-25JUL22HOUARI-HOU,77,23,500,no
1753242543830,1753242543,KXMLBGAME-25JUL22MILSEA-MIL,13,87,205,no
1753242544031,1753242543,KXMLBGAME-25JUL22HOUARI-HOU,77,23,600,no
1753242544130,1753242544,KXMLBGAME-25JUL22MINLAD-LAD,51,49,39,yes
1753242545389,1753242545,KXMLBGAME-25JUL22HOUARI-HOU,78,22,58,yes
1753242545549,1753242545,KXMLBGAME-25JUL22HOUARI-HOU,77,23,600,no
1753242546050,1753242546,KXMLBGAME-25JUL22MILSEA-MIL,15,85,62,yes
1753242549866,1753242549,KXMLBGAME-25JUL22HOUARI-HOU,76,24,5,yes
1753242550191,1753242550,KXMLBGAME-25JUL22HOUARI-HOU,73,27,28,no
1753242555095,1753242555,KXMLBGAME-25JUL22MILSEA-SEA,87,13,300,yes
1753242555095,1753242555,KXMLBGAME-25JUL22MILSEA-MIL,13,87,38,no
1753242556109,1753242556,KXMLBGAME-25JUL22HOUARI-HOU,73,27,5,no
1753242556690,1753242556,KXMLBGAME-25JUL22HOUARI-ARI,27,73,70,yes
1753242557149,1753242557,KXMLBGAME-25JUL22HOUARI-HOU,73,27,267,no
1753242557149,1753242557,KXMLBGAME-25JUL22HOUARI-HOU,72,28,74,no
1753242557149,1753242557,KXMLBGAME-25JUL22HOUARI-HOU,71,29,165,no
1753242557769,1753242557,KXMLBGAME-25JUL22HOUARI-HOU,74,26,5,no
1753242557849,1753242557,KXMLBGAME-25JUL22MILSEA-SEA,87,13,80,yes
1753242560648,1753242560,KXMLBGAME-25JUL22MINLAD-MIN,49,51,473,yes
1753242560809,1753242560,KXMLBGAME-25JUL22MILSEA-SEA,89,11,100,yes
1753242563709,1753242563,KXMLBGAME-25JUL22HOUARI-ARI,27,73,176,yes
1753242564713,1753242564,KXMLBGAME-25JUL22HOUARI-HOU,75,25,70,yes
1753242564713,1753242564,KXMLBGAME-25JUL22HOUARI-HOU,75,25,87,yes
1753242564713,1753242564,KXMLBGAME-25JUL22HOUARI-HOU,75,25,487,yes
1753242564713,1753242564,KXMLBGAME-25JUL22HOUARI-HOU,76,24,295,yes
1753242564713,1753242564,KXMLBGAME-25JUL22HOUARI-HOU,77,23,600,yes
1753242564713,1753242564,KXMLBGAME-25JUL22HOUARI-HOU,77,23,2000,yes
1753242564713,1753242564,KXMLBGAME-25JUL22HOUARI-HOU,77,23,991,yes
1753242564713,1753242564,KXMLBGAME-25JUL22HOUARI-HOU,77,23,200,yes
1753242564713,1753242564,KXMLBGAME-25JUL22HOUARI-HOU,77,23,300,yes
1753242565313,1753242565,KXMLBGAME-25JUL22MINLAD-LAD,51,49,545,no
1753242565314,1753242565,KXMLBGAME-25JUL22HOUARI-ARI,27,73,17,yes
1753242567729,1753242567,KXMLBGAME-25JUL22HOUARI-HOU,76,24,14,yes
1753242568348,1753242568,KXMLBGAME-25JUL22HOUARI-ARI,27,73,17,yes
1753242569130,1753242569,KXMLBGAME-25JUL22HOUARI-HOU,76,24,2,yes
1753242569789,1753242569,KXMLBGAME-25JUL22MINLAD-LAD,52,48,49,yes
1753242569789,1753242569,KXMLBGAME-25JUL22MINLAD-LAD,53,47,65,yes
1753242571678,1753242571,KXMLBGAME-25JUL22HOUARI-ARI,24,76,133,no
1753242572531,1753242572,KXMLBGAME-25JUL22HOUARI-HOU,76,24,71,yes
1753242572531,1753242572,KXMLBGAME-25JUL22HOUARI-HOU,76,24,13,yes
1753242573771,1753242573,KXMLBGAME-25JUL22MILSEA-MIL,9,91,26,no
1753242573848,1753242573,KXMLBGAME-25JUL22HOUARI-HOU,76,24,129,yes
1753242574251,1753242574,KXMLBGAME-25JUL22MINLAD-LAD,53,47,5,yes
1753242574251,1753242574,KXMLBGAME-25JUL22MINLAD-LAD,53,47,31,yes
1753242575270,1753242575,KXMLBGAME-25JUL22HOUARI-HOU,76,24,15,yes
1753242577150,1753242577,KXMLBGAME-25JUL22HOUARI-ARI,24,76,1,no
1753242577609,1753242577,KXMLBGAME-25JUL22HOUARI-ARI,25,75,2,no
1753242577730,1753242577,KXMLBGAME-25JUL22HOUARI-HOU,76,24,25,yes
1753242578468,1753242578,KXMLBGAME-25JUL22MINLAD-MIN,49,51,394,yes
1753242578608,1753242578,KXMLBGAME-25JUL22MILSEA-SEA,91,9,5,yes
1753242580470,1753242580,KXMLBGAME-25JUL22MINLAD-LAD,53,47,269,yes
1753242580470,1753242580,KXMLBGAME-25JUL22MINLAD-LAD,53,47,49,yes
1753242580470,1753242580,KXMLBGAME-25JUL22MINLAD-LAD,53,47,4,yes
1753242580470,1753242580,KXMLBGAME-25JUL22MINLAD-LAD,53,47,87,yes
1753242581910,1753242581,KXMLBGAME-25JUL22HOUARI-ARI,25,75,3,no
1753242581910,1753242581,KXMLBGAME-25JUL22HOUARI-ARI,24,76,47,no
1753242582009,1753242581,KXMLBGAME-25JUL22MINLAD-LAD,53,47,36,yes
1753242586789,1753242586,KXMLBGAME-25JUL22HOUARI-HOU,76,24,25,yes
1753242589369,1753242589,KXMLBGAME-25JUL22MILSEA-SEA,90,10,87,no
1753242593574,1753242593,KXMLBGAME-25JUL22HOUARI-ARI,24,76,11,no
1753242595808,1753242595,KXMLBGAME-25JUL22MILSEA-MIL,11,89,87,yes
1753242595808,1753242595,KXMLBGAME-25JUL22MILSEA-MIL,12,88,309,yes
1753242596169,1753242596,KXMLBGAME-25JUL22HOUARI-HOU,75,25,60,yes
1753242599530,1753242599,KXMLBGAME-25JUL22HOUARI-HOU,76,24,29,no
1753242599830,1753242599,KXMLBGAME-25JUL22HOUARI-ARI,24,76,1,no
1753242601448,1753242601,KXMLBGAME-25JUL22HOUARI-ARI,24,76,36,no
1753242602149,1753242602,KXMLBGAME-25JUL22MINLAD-MIN,68,32,33,yes
1753242604392,1753242604,KXMLBGAME-25JUL22HOUARI-HOU,77,23,31,yes
1753242607619,1753242607,KXMLBGAME-25JUL22MINLAD-MIN,61,39,14,yes
1753242607619,1753242607,KXMLBGAME-25JUL22MINLAD-MIN,61,39,199,yes
1753242607652,1753242607,KXMLBGAME-25JUL22MINLAD-LAD,50,50,50,no
1753242607750,1753242607,KXMLBGAME-25JUL22MINLAD-LAD,26,74,10,no
1753242607750,1753242607,KXMLBGAME-25JUL22MINLAD-LAD,25,75,4,no
1753242608351,1753242608,KXMLBGAME-25JUL22HOUARI-HOU,77,23,12,yes
1753242608491,1753242608,KXMLBGAME-25JUL22MILSEA-SEA,90,10,18,yes
1753242608509,1753242608,KXMLBGAME-25JUL22HOUARI-HOU,77,23,319,yes
1753242608830,1753242608,KXMLBGAME-25JUL22MILSEA-MIL,11,89,5,yes
1753242610930,1753242610,KXMLBGAME-25JUL22MILSEA-MIL,9,91,56,no
1753242612012,1753242611,KXMLBGAME-25JUL22MILSEA-MIL,11,89,1,yes
1753242612631,1753242612,KXMLBGAME-25JUL22HOUARI-HOU,77,23,1,yes
1753242613729,1753242613,KXMLBGAME-25JUL22MINLAD-LAD,38,62,24,yes
1753242615528,1753242615,KXMLBGAME-25JUL22MILSEA-MIL,9,91,422,no
1753242619509,1753242619,KXMLBGAME-25JUL22MILSEA-MIL,11,89,8,yes
1753242620869,1753242620,KXMLBGAME-25JUL22HOUARI-ARI,23,77,69,no
1753242621903,1753242621,KXMLBGAME-25JUL22HOUARI-ARI,24,76,87,yes
1753242621904,1753242621,KXMLBGAME-25JUL22HOUARI-ARI,25,75,200,yes
1753242621904,1753242621,KXMLBGAME-25JUL22HOUARI-ARI,25,75,96,yes
1753242622489,1753242622,KXMLBGAME-25JUL22MINLAD-LAD,36,64,2,yes
1753242623429,1753242623,KXMLBGAME-25JUL22HOUARI-ARI,23,77,143,no
1753242623850,1753242623,KXMLBGAME-25JUL22HOUARI-HOU,76,24,11,yes
1753242625023,1753242624,KXMLBGAME-25JUL22MINLAD-MIN,66,34,300,yes
1753242625023,1753242624,KXMLBGAME-25JUL22MINLAD-MIN,67,33,96,yes
1753242627149,1753242627,KXMLBGAME-25JUL22HOUARI-HOU,75,25,121,no
1753242627368,1753242627,KXMLBGAME-25JUL22MILSEA-SEA,89,11,68,no
1753242627368,1753242627,KXMLBGAME-25JUL22MILSEA-SEA,88,12,73,no
1753242627590,1753242627,KXMLBGAME-25JUL22HOUARI-HOU,76,24,302,yes
1753242628569,1753242628,KXMLBGAME-25JUL22MINLAD-LAD,36,64,10,yes
1753242628631,1753242628,KXMLBGAME-25JUL22MILSEA-SEA,90,10,5,yes
1753242629327,1753242629,KXMLBGAME-25JUL22HOUARI-HOU,76,24,64,yes
1753242630790,1753242630,KXMLBGAME-25JUL22HOUARI-HOU,76,24,55,yes
1753242632890,1753242632,KXMLBGAME-25JUL22MILSEA-SEA,90,10,22,yes
1753242633790,1753242633,KXMLBGAME-25JUL22HOUARI-HOU,76,24,68,yes
1753242633790,1753242633,KXMLBGAME-25JUL22HOUARI-HOU,77,23,60,yes
1753242634527,1753242634,KXMLBGAME-25JUL22MILSEA-MIL,12,88,196,yes
1753242635988,1753242635,KXMLBGAME-25JUL22MILSEA-SEA,88,12,146,no
1753242636770,1753242636,KXMLBGAME-25JUL22HOUARI-HOU,77,23,40,yes
1753242636770,1753242636,KXMLBGAME-25JUL22HOUARI-HOU,77,23,87,yes
1753242637329,1753242637,KXMLBGAME-25JUL22HOUARI-HOU,77,23,99,yes
1753242638750,1753242638,KXMLBGAME-25JUL22MINLAD-LAD,33,67,54,no
1753242639170,1753242639,KXMLBGAME-25JUL22MINLAD-LAD,33,67,44,no
1753242641730,1753242641,KXMLBGAME-25JUL22MINLAD-LAD,35,65,221,yes
1753242641730,1753242641,KXMLBGAME-25JUL22MINLAD-LAD,35,65,23,yes
1753242642228,1753242642,KXMLBGAME-25JUL22HOUARI-HOU,77,23,13,yes
1753242644852,1753242644,KXMLBGAME-25JUL22HOUARI-ARI,23,77,288,no
1753242644852,1753242644,KXMLBGAME-25JUL22HOUARI-ARI,22,78,80,no
1753242645509,1753242645,KXMLBGAME-25JUL22HOUARI-HOU,75,25,55,no
1753242646191,1753242646,KXMLBGAME-25JUL22MINLAD-LAD,36,64,39,yes
1753242646191,1753242646,KXMLBGAME-25JUL22MINLAD-LAD,37,63,91,yes
1753242647351,1753242647,KXMLBGAME-25JUL22HOUARI-HOU,77,23,169,yes
1753242649433,1753242649,KXMLBGAME-25JUL22HOUARI-ARI,25,75,60,yes
1753242650388,1753242650,KXMLBGAME-25JUL22MINLAD-LAD,35,65,40,yes
1753242652677,1753242652,KXMLBGAME-25JUL22MINLAD-LAD,34,66,50,no
1753242652890,1753242652,KXMLBGAME-25JUL22MILSEA-MIL,12,88,149,yes
1753242653390,1753242653,KXMLBGAME-25JUL22MILSEA-SEA,90,10,148,yes
1753242655488,1753242655,KXMLBGAME-25JUL22MILSEA-MIL,12,88,77,yes
1753242655869,1753242655,KXMLBGAME-25JUL22MINLAD-LAD,35,65,342,yes
1753242657429,1753242657,KXMLBGAME-25JUL22HOUARI-HOU,77,23,132,yes
1753242657429,1753242657,KXMLBGAME-25JUL22HOUARI-HOU,77,23,30,yes
1753242659796,1753242659,KXMLBGAME-25JUL22MINLAD-MIN,66,34,12,yes
1753242661088,1753242661,KXMLBGAME-25JUL22HOUARI-HOU,76,24,10,yes
1753242663269,1753242663,KXMLBGAME-25JUL22MINLAD-MIN,66,34,147,yes
1753242664964,1753242664,KXMLBGAME-25JUL22HOUARI-HOU,77,23,12,yes
1753242666188,1753242666,KXMLBGAME-25JUL22MINLAD-LAD,37,63,12,yes
1753242667627,1753242667,KXMLBGAME-25JUL22HOUARI-HOU,76,24,6,yes
1753242669981,1753242669,KXMLBGAME-25JUL22MINLAD-LAD,35,65,6,yes
1753242670489,1753242670,KXMLBGAME-25JUL22MINLAD-MIN,65,35,1,yes
1753242672970,1753242672,KXMLBGAME-25JUL22MINLAD-LAD,35,65,2,yes
1753242674269,1753242674,KXMLBGAME-25JUL22MINLAD-LAD,35,65,27,yes
1753242674688,1753242674,KXMLBGAME-25JUL22MINLAD-MIN,65,35,178,yes
1753242676749,1753242676,KXMLBGAME-25JUL22MILSEA-MIL,12,88,784,yes
1753242677129,1753242677,KXMLBGAME-25JUL22HOUARI-HOU,75,25,124,no
1753242677129,1753242677,KXMLBGAME-25JUL22HOUARI-HOU,75,25,87,no
1753242677129,1753242677,KXMLBGAME-25JUL22HOUARI-HOU,74,26,3968,no
1753242678528,1753242678,KXMLBGAME-25JUL22MINLAD-MIN,65,35,121,yes
1753242678528,1753242678,KXMLBGAME-25JUL22MINLAD-MIN,66,34,330,yes
1753242678749,1753242678,KXMLBGAME-25JUL22HOUARI-HOU,76,24,4,yes
1753242678749,1753242678,KXMLBGAME-25JUL22HOUARI-HOU,76,24,254,yes
1753242682508,1753242682,KXMLBGAME-25JUL22MINLAD-MIN,65,35,300,yes
1753242682508,1753242682,KXMLBGAME-25JUL22MINLAD-MIN,66,34,4003,yes
1753242682508,1753242682,KXMLBGAME-25JUL22MINLAD-MIN,66,34,141,yes
1753242684050,1753242684,KXMLBGAME-25JUL22HOUARI-ARI,25,75,300,yes
1753242684050,1753242684,KXMLBGAME-25JUL22HOUARI-HOU,75,25,20,no
1753242688809,1753242688,KXMLBGAME-25JUL22HOUARI-HOU,76,24,107,yes
1753242689769,1753242689,KXMLBGAME-25JUL22MILSEA-MIL,12,88,3,yes
1753242689869,1753242689,KXMLBGAME-25JUL22HOUARI-HOU,76,24,45,yes
1753242690490,1753242690,KXMLBGAME-25JUL22MINLAD-MIN,65,35,20,yes
1753242690490,1753242690,KXMLBGAME-25JUL22MINLAD-MIN,66,34,300,yes
1753242690490,1753242690,KXMLBGAME-25JUL22MINLAD-MIN,67,33,48,yes
1753242691471,1753242691,KXMLBGAME-25JUL22HOUARI-ARI,28,72,34,yes
1753242691810,1753242691,KXMLBGAME-25JUL22MINLAD-LAD,35,65,5,yes
1753242692009,1753242691,KXMLBGAME-25JUL22MINLAD-LAD,34,66,15,no
1753242692073,1753242692,KXMLBGAME-25JUL22MILSEA-MIL,10,90,17,no
1753242693071,1753242693,KXMLBGAME-25JUL22MINLAD-MIN,66,34,300,yes
1753242695370,1753242695,KXMLBGAME-25JUL22HOUARI-ARI,26,74,24,no
1753242698470,1753242698,KXMLBGAME-25JUL22MILSEA-MIL,10,90,283,no
1753242698470,1753242698,KXMLBGAME-25JUL22MILSEA-MIL,10,90,10,no
1753242698910,1753242698,KXMLBGAME-25JUL22MINLAD-MIN,67,33,28,yes
1753242698990,1753242698,KXMLBGAME-25JUL22MINLAD-LAD,35,65,5,yes
1753242699069,1753242699,KXMLBGAME-25JUL22MINLAD-LAD,35,65,177,yes
1753242700310,1753242700,KXMLBGAME-25JUL22MINLAD-LAD,34,66,73,no
1753242701130,1753242701,KXMLBGAME-25JUL22MINLAD-LAD,34,66,6,no
1753242703311,1753242703,KXMLBGAME-25JUL22HOUARI-ARI,26,74,200,no
1753242704428,1753242704,KXMLBGAME-25JUL22HOUARI-ARI,26,74,81,no
1753242710749,1753242710,KXMLBGAME-25JUL22MINLAD-LAD,34,66,168,yes
1753242712230,1753242712,KXMLBGAME-25JUL22MINLAD-MIN,66,34,1,no
1753242713588,1753242713,KXMLBGAME-25JUL22MINLAD-LAD,32,68,300,no
1753242713588,1753242713,KXMLBGAME-25JUL22MINLAD-LAD,32,68,26,no
1753242713588,1753242713,KXMLBGAME-25JUL22MINLAD-LAD,31,69,4,no
1753242718733,1753242718,KXMLBGAME-25JUL22MILSEA-MIL,10,90,134,no
1753242718792,1753242718,KXMLBGAME-25JUL22MINLAD-LAD,32,68,190,no
1753242718792,1753242718,KXMLBGAME-25JUL22MINLAD-LAD,32,68,54,no
1753242720013,1753242719,KXMLBGAME-25JUL22MINLAD-LAD,34,66,179,yes
1753242720789,1753242720,KXMLBGAME-25JUL22MINLAD-MIN,68,32,359,yes
1753242721209,1753242721,KXMLBGAME-25JUL22HOUARI-HOU,75,25,26,yes
1753242721409,1753242721,KXMLBGAME-25JUL22MINLAD-LAD,32,68,40,no
1753242725370,1753242725,KXMLBGAME-25JUL22MINLAD-LAD,32,68,206,no
1753242725370,1753242725,KXMLBGAME-25JUL22MINLAD-LAD,31,69,38,no
1753242727019,1753242726,KXMLBGAME-25JUL22HOUARI-HOU,75,25,4,yes
1753242727019,1753242726,KXMLBGAME-25JUL22HOUARI-HOU,75,25,127,yes
1753242727735,1753242727,KXMLBGAME-25JUL22MINLAD-MIN,68,32,417,yes
1753242727830,1753242727,KXMLBGAME-25JUL22MINLAD-MIN,69,31,150,yes
1753242727830,1753242727,KXMLBGAME-25JUL22MINLAD-MIN,69,31,87,yes
1753242728170,1753242728,KXMLBGAME-25JUL22HOUARI-HOU,74,26,281,no
1753242729044,1753242728,KXMLBGAME-25JUL22MINLAD-LAD,33,67,21,yes
1753242735009,1753242734,KXMLBGAME-25JUL22MINLAD-LAD,31,69,239,yes
1753242735427,1753242735,KXMLBGAME-25JUL22MINLAD-MIN,71,29,30,yes
1753242737832,1753242737,KXMLBGAME-25JUL22MINLAD-MIN,71,29,57,yes
1753242737832,1753242737,KXMLBGAME-25JUL22MINLAD-MIN,71,29,111,yes
1753242737988,1753242737,KXMLBGAME-25JUL22MILSEA-MIL,9,91,312,no
1753242738248,1753242738,KXMLBGAME-25JUL22MINLAD-LAD,29,71,64,no
1753242739717,1753242739,KXMLBGAME-25JUL22MILSEA-MIL,12,88,51,yes
1753242739717,1753242739,KXMLBGAME-25JUL22MILSEA-MIL,12,88,105,yes
1753242740030,1753242739,KXMLBGAME-25JUL22HOUARI-HOU,75,25,1,yes
1753242742585,1753242742,KXMLBGAME-25JUL22HOUARI-HOU,75,25,97,yes
1753242742608,1753242742,KXMLBGAME-25JUL22MINLAD-LAD,32,68,59,yes
1753242742949,1753242742,KXMLBGAME-25JUL22MINLAD-LAD,31,69,29,yes
1753242744110,1753242744,KXMLBGAME-25JUL22MILSEA-SEA,88,12,30,no
1753242744251,1753242744,KXMLBGAME-25JUL22MINLAD-LAD,32,68,2,yes
1753242744289,1753242744,KXMLBGAME-25JUL22MILSEA-SEA,90,10,1,yes
1753242745409,1753242745,KXMLBGAME-25JUL22MILSEA-MIL,9,91,15,no
1753242745669,1753242745,KXMLBGAME-25JUL22HOUARI-HOU,74,26,1,no
1753242745669,1753242745,KXMLBGAME-25JUL22HOUARI-HOU,73,27,10,no
1753242746368,1753242746,KXMLBGAME-25JUL22MILSEA-SEA,90,10,22,yes
1753242751449,1753242751,KXMLBGAME-25JUL22MILSEA-SEA,88,12,5,no
1753242752313,1753242752,KXMLBGAME-25JUL22HOUARI-ARI,27,73,88,yes
1753242752628,1753242752,KXMLBGAME-25JUL22MINLAD-LAD,32,68,9,yes
1753242752628,1753242752,KXMLBGAME-25JUL22MINLAD-LAD,32,68,8,yes
1753242752628,1753242752,KXMLBGAME-25JUL22MINLAD-LAD,32,68,9,yes
1753242752628,1753242752,KXMLBGAME-25JUL22MINLAD-LAD,32,68,49,yes
1753242752628,1753242752,KXMLBGAME-25JUL22MINLAD-LAD,32,68,223,yes
1753242753490,1753242753,KXMLBGAME-25JUL22HOUARI-HOU,73,27,19,no
1753242753970,1753242753,KXMLBGAME-25JUL22HOUARI-HOU,75,25,6,yes
1753242754990,1753242754,KXMLBGAME-25JUL22MINLAD-MIN,71,29,5,yes
1753242755591,1753242755,KXMLBGAME-25JUL22HOUARI-HOU,73,27,149,no
1753242757349,1753242757,KXMLBGAME-25JUL22MINLAD-LAD,32,68,2,yes
1753242757350,1753242757,KXMLBGAME-25JUL22MINLAD-LAD,32,68,56,yes
1753242757350,1753242757,KXMLBGAME-25JUL22MINLAD-LAD,32,68,1,yes
1753242757869,1753242757,KXMLBGAME-25JUL22HOUARI-ARI,26,74,17,no
1753242759685,1753242759,KXMLBGAME-25JUL22MINLAD-LAD,32,68,2,yes
1753242759873,1753242759,KXMLBGAME-25JUL22MINLAD-LAD,32,68,232,yes
1753242761351,1753242761,KXMLBGAME-25JUL22MINLAD-MIN,71,29,1,yes
1753242762110,1753242762,KXMLBGAME-25JUL22HOUARI-ARI,26,74,403,no
1753242762409,1753242762,KXMLBGAME-25JUL22HOUARI-HOU,74,26,3,yes
1753242762930,1753242762,KXMLBGAME-25JUL22MINLAD-LAD,29,71,60,no
1753242763329,1753242763,KXMLBGAME-25JUL22MILSEA-MIL,13,87,14,yes
1753242763950,1753242763,KXMLBGAME-25JUL22HOUARI-ARI,26,74,24,no
1753242764109,1753242764,KXMLBGAME-25JUL22MILSEA-MIL,13,87,72,yes
1753242765409,1753242765,KXMLBGAME-25JUL22MINLAD-MIN,71,29,81,yes
1753242765409,1753242765,KXMLBGAME-25JUL22MINLAD-MIN,71,29,29,yes
1753242767029,1753242766,KXMLBGAME-25JUL22MILSEA-SEA,90,10,2,yes
1753242767090,1753242767,KXMLBGAME-25JUL22MINLAD-LAD,30,70,53,yes
1753242767489,1753242767,KXMLBGAME-25JUL22MINLAD-MIN,71,29,12,yes
1753242767734,1753242767,KXMLBGAME-25JUL22MINLAD-MIN,71,29,6,yes
1753242769590,1753242769,KXMLBGAME-25JUL22MINLAD-MIN,71,29,69,yes
1753242769730,1753242769,KXMLBGAME-25JUL22MINLAD-MIN,71,29,1,yes
1753242771949,1753242771,KXMLBGAME-25JUL22MINLAD-MIN,71,29,183,yes
1753242771950,1753242771,KXMLBGAME-25JUL22MINLAD-MIN,71,29,600,yes
1753242771950,1753242771,KXMLBGAME-25JUL22MINLAD-MIN,72,28,500,yes
1753242771950,1753242771,KXMLBGAME-25JUL22MINLAD-MIN,72,28,200,yes
1753242771950,1753242771,KXMLBGAME-25JUL22MINLAD-MIN,72,28,87,yes
1753242771950,1753242771,KXMLBGAME-25JUL22MINLAD-MIN,72,28,1,yes
1753242771950,1753242771,KXMLBGAME-25JUL22MINLAD-MIN,72,28,1501,yes
1753242772209,1753242772,KXMLBGAME-25JUL22HOUARI-HOU,73,27,214,no
1753242777149,1753242777,KXMLBGAME-25JUL22MINLAD-MIN,71,29,138,yes
1753242777550,1753242777,KXMLBGAME-25JUL22HOUARI-HOU,75,25,26,yes
1753242777550,1753242777,KXMLBGAME-25JUL22MINLAD-MIN,71,29,1,yes
1753242779650,1753242779,KXMLBGAME-25JUL22MILSEA-MIL,13,87,21,yes
1753242782749,1753242782,KXMLBGAME-25JUL22MINLAD-LAD,29,71,100,no
1753242784229,1753242784,KXMLBGAME-25JUL22MINLAD-LAD,30,70,15,yes
1753242791290,1753242791,KXMLBGAME-25JUL22MINLAD-MIN,69,31,37,no
1753242791888,1753242791,KXMLBGAME-25JUL22HOUARI-HOU,75,25,393,yes
1753242797675,1753242797,KXMLBGAME-25JUL22MINLAD-LAD,30,70,32,yes
1753242797675,1753242797,KXMLBGAME-25JUL22MINLAD-LAD,30,70,31,yes
1753242801271,1753242801,KXMLBGAME-25JUL22MINLAD-MIN,68,32,87,no
1753242801271,1753242801,KXMLBGAME-25JUL22MINLAD-MIN,67,33,300,no
1753242801271,1753242801,KXMLBGAME-25JUL22MINLAD-MIN,67,33,241,no
1753242803628,1753242803,KXMLBGAME-25JUL22MINLAD-LAD,30,70,9,yes
1753242803810,1753242803,KXMLBGAME-25JUL22HOUARI-ARI,22,78,5,no
1753242803810,1753242803,KXMLBGAME-25JUL22HOUARI-ARI,19,81,87,no
1753242803810,1753242803,KXMLBGAME-25JUL22HOUARI-ARI,18,82,29,no
1753242804950,1753242804,KXMLBGAME-25JUL22HOUARI-HOU,73,27,608,no
1753242804950,1753242804,KXMLBGAME-25JUL22HOUARI-HOU,72,28,2089,no
1753242806870,1753242806,KXMLBGAME-25JUL22MINLAD-MIN,68,32,10,no
1753242807008,1753242806,KXMLBGAME-25JUL22HOUARI-HOU,76,24,32,yes
1753242807731,1753242807,KXMLBGAME-25JUL22MINLAD-LAD,30,70,160,yes
1753242807731,1753242807,KXMLBGAME-25JUL22MINLAD-LAD,32,68,88,yes
1753242809089,1753242809,KXMLBGAME-25JUL22HOUARI-ARI,27,73,17,yes
1753242809745,1753242809,KXMLBGAME-25JUL22MINLAD-MIN,70,30,300,yes
1753242809745,1753242809,KXMLBGAME-25JUL22MINLAD-MIN,71,29,49,yes
1753242811148,1753242811,KXMLBGAME-25JUL22MINLAD-LAD,29,71,440,no
1753242812630,1753242812,KXMLBGAME-25JUL22HOUARI-HOU,76,24,12,yes
1753242812868,1753242812,KXMLBGAME-25JUL22MINLAD-LAD,29,71,291,no
1753242813269,1753242813,KXMLBGAME-25JUL22MILSEA-MIL,11,89,10,no
1753242813269,1753242813,KXMLBGAME-25JUL22MILSEA-MIL,10,90,20,no
1753242813269,1753242813,KXMLBGAME-25JUL22MILSEA-MIL,10,90,81,no
1753242818430,1753242818,KXMLBGAME-25JUL22MINLAD-MIN,70,30,300,yes
1753242818431,1753242818,KXMLBGAME-25JUL22MINLAD-MIN,71,29,35,yes
1753242821349,1753242821,KXMLBGAME-25JUL22MINLAD-LAD,31,69,12,yes
1753242824608,1753242824,KXMLBGAME-25JUL22MINLAD-MIN,69,31,60,no
1753242827288,1753242827,KXMLBGAME-25JUL22MINLAD-LAD,31,69,67,yes
1753242827310,1753242827,KXMLBGAME-25JUL22HOUARI-HOU,28,72,4,no
1753242828489,1753242828,KXMLBGAME-25JUL22HOUARI-HOU,70,30,4,no
1753242828869,1753242828,KXMLBGAME-25JUL22MINLAD-LAD,31,69,90,yes
1753242829227,1753242829,KXMLBGAME-25JUL22MILSEA-MIL,13,87,38,yes
1753242829227,1753242829,KXMLBGAME-25JUL22MILSEA-MIL,13,87,70,yes
1753242829310,1753242829,KXMLBGAME-25JUL22MILSEA-MIL,13,87,36,yes
1753242830508,1753242830,KXMLBGAME-25JUL22MILSEA-MIL,13,87,145,yes
1753242831114,1753242830,KXMLBGAME-25JUL22MILSEA-MIL,13,87,145,yes
1753242832792,1753242832,KXMLBGAME-25JUL22MINLAD-LAD,30,70,15,no
1753242832792,1753242832,KXMLBGAME-25JUL22MINLAD-LAD,27,73,85,no
1753242832928,1753242832,KXMLBGAME-25JUL22HOUARI-HOU,73,27,134,yes
1753242837129,1753242837,KXMLBGAME-25JUL22HOUARI-HOU,73,27,134,yes
1753242839045,1753242838,KXMLBGAME-25JUL22HOUARI-HOU,73,27,332,yes
1753242839045,1753242838,KXMLBGAME-25JUL22HOUARI-HOU,73,27,4,yes
1753242839968,1753242839,KXMLBGAME-25JUL22MINLAD-MIN,71,29,53,yes
1753242839968,1753242839,KXMLBGAME-25JUL22MINLAD-MIN,72,28,81,yes
1753242841507,1753242841,KXMLBGAME-25JUL22MILSEA-SEA,89,11,9,yes
1753242843448,1753242843,KXMLBGAME-25JUL22HOUARI-HOU,73,27,4,yes
1753242843508,1753242843,KXMLBGAME-25JUL22MINLAD-LAD,30,70,47,yes
1753242844576,1753242844,KXMLBGAME-25JUL22HOUARI-HOU,71,29,10,no
1753242845271,1753242845,KXMLBGAME-25JUL22HOUARI-HOU,73,27,492,yes
1753242845271,1753242845,KXMLBGAME-25JUL22HOUARI-HOU,73,27,62,yes
1753242847171,1753242847,KXMLBGAME-25JUL22MINLAD-LAD,30,70,3,yes
1753242847171,1753242847,KXMLBGAME-25JUL22MINLAD-LAD,30,70,16,yes
1753242848571,1753242848,KXMLBGAME-25JUL22HOUARI-HOU,73,27,268,yes
1753242848890,1753242848,KXMLBGAME-25JUL22MILSEA-MIL,12,88,28,yes
1753242848890,1753242848,KXMLBGAME-25JUL22MILSEA-MIL,13,87,10,yes
1753242848890,1753242848,KXMLBGAME-25JUL22HOUARI-HOU,73,27,134,yes
1753242850171,1753242850,KXMLBGAME-25JUL22MINLAD-LAD,30,70,20,yes
1753242850171,1753242850,KXMLBGAME-25JUL22MINLAD-LAD,30,70,14,yes
1753242850171,1753242850,KXMLBGAME-25JUL22MINLAD-LAD,31,69,16,yes
1753242853690,1753242853,KXMLBGAME-25JUL22HOUARI-ARI,28,72,7,yes
1753242855148,1753242855,KXMLBGAME-25JUL22MINLAD-LAD,28,72,262,no
1753242856330,1753242856,KXMLBGAME-25JUL22MINLAD-LAD,31,69,15,yes
1753242863367,1753242863,KXMLBGAME-25JUL22MINLAD-LAD,26,74,15,no
1753242863368,1753242863,KXMLBGAME-25JUL22MINLAD-LAD,26,74,485,no
1753242865550,1753242865,KXMLBGAME-25JUL22HOUARI-HOU,74,26,53,yes
1753242867450,1753242867,KXMLBGAME-25JUL22HOUARI-HOU,74,26,247,yes
1753242867450,1753242867,KXMLBGAME-25JUL22HOUARI-HOU,74,26,18,yes
1753242870586,1753242870,KXMLBGAME-25JUL22MINLAD-MIN,75,25,300,yes
1753242870586,1753242870,KXMLBGAME-25JUL22MINLAD-MIN,75,25,87,yes
1753242870586,1753242870,KXMLBGAME-25JUL22MINLAD-MIN,76,24,126,yes
1753242870586,1753242870,KXMLBGAME-25JUL22MINLAD-MIN,76,24,200,yes
1753242870586,1753242870,KXMLBGAME-25JUL22MINLAD-MIN,76,24,600,yes
1753242870586,1753242870,KXMLBGAME-25JUL22MINLAD-MIN,76,24,300,yes
1753242870586,1753242870,KXMLBGAME-25JUL22MINLAD-MIN,77,23,200,yes
1753242870586,1753242870,KXMLBGAME-25JUL22MINLAD-MIN,77,23,300,yes
1753242870586,1753242870,KXMLBGAME-25JUL22MINLAD-MIN,79,21,331,yes
1753242871969,1753242871,KXMLBGAME-25JUL22MILSEA-MIL,12,88,21,yes
1753242871969,1753242871,KXMLBGAME-25JUL22MILSEA-MIL,13,87,300,yes
1753242871969,1753242871,KXMLBGAME-25JUL22MILSEA-MIL,14,86,30,yes
1753242871969,1753242871,KXMLBGAME-25JUL22MILSEA-MIL,14,86,1020,yes
1753242874852,1753242874,KXMLBGAME-25JUL22MINLAD-MIN,75,25,45,yes
1753242874988,1753242874,KXMLBGAME-25JUL22MINLAD-LAD,25,75,12,no
1753242876150,1753242876,KXMLBGAME-25JUL22MINLAD-MIN,75,25,255,yes
1753242876269,1753242876,KXMLBGAME-25JUL22HOUARI-ARI,28,72,17,yes
1753242876369,1753242876,KXMLBGAME-25JUL22MINLAD-MIN,75,25,2323,no
1753242876390,1753242876,KXMLBGAME-25JUL22MINLAD-MIN,75,25,2233,no
1753242877589,1753242877,KXMLBGAME-25JUL22MILSEA-MIL,12,88,16,yes
1753242877589,1753242877,KXMLBGAME-25JUL22MILSEA-MIL,13,87,300,yes
1753242877589,1753242877,KXMLBGAME-25JUL22MILSEA-MIL,14,86,206,yes
1753242877808,1753242877,KXMLBGAME-25JUL22MILSEA-MIL,13,87,12,yes
1753242877808,1753242877,KXMLBGAME-25JUL22MILSEA-MIL,14,86,662,yes
1753242878270,1753242878,KXMLBGAME-25JUL22MINLAD-MIN,75,25,189,no
1753242881591,1753242881,KXMLBGAME-25JUL22HOUARI-ARI,28,72,85,yes
1753242886310,1753242886,KXMLBGAME-25JUL22MINLAD-LAD,22,78,73,yes
1753242886389,1753242886,KXMLBGAME-25JUL22HOUARI-HOU,74,26,331,yes
1753242886791,1753242886,KXMLBGAME-25JUL22MINLAD-MIN,80,20,100,yes
1753242890890,1753242890,KXMLBGAME-25JUL22MINLAD-LAD,21,79,78,no
1753242892769,1753242892,KXMLBGAME-25JUL22MINLAD-MIN,81,19,22,yes
1753242892769,1753242892,KXMLBGAME-25JUL22MINLAD-MIN,82,18,167,yes
1753242893171,1753242893,KXMLBGAME-25JUL22MINLAD-MIN,81,19,2,yes
1753242893231,1753242893,KXMLBGAME-25JUL22MINLAD-MIN,80,20,79,yes
1753242893910,1753242893,KXMLBGAME-25JUL22HOUARI-HOU,73,27,21,yes
1753242894669,1753242894,KXMLBGAME-25JUL22MINLAD-MIN,80,20,83,yes
1753242896070,1753242896,KXMLBGAME-25JUL22MINLAD-LAD,22,78,35,yes
1753242897830,1753242897,KXMLBGAME-25JUL22MINLAD-MIN,79,21,15,yes
1753242898350,1753242898,KXMLBGAME-25JUL22MINLAD-MIN,79,21,7,yes
1753242899551,1753242899,KXMLBGAME-25JUL22HOUARI-HOU,71,29,15,no
1753242901750,1753242901,KXMLBGAME-25JUL22MINLAD-LAD,22,78,170,yes
1753242902910,1753242902,KXMLBGAME-25JUL22MINLAD-LAD,20,80,18,no
1753242905094,1753242905,KXMLBGAME-25JUL22MINLAD-MIN,79,21,300,yes
1753242905094,1753242905,KXMLBGAME-25JUL22MINLAD-MIN,80,20,87,yes
1753242905094,1753242905,KXMLBGAME-25JUL22MINLAD-MIN,82,18,433,yes
1753242905094,1753242905,KXMLBGAME-25JUL22MINLAD-MIN,83,17,500,yes
1753242905094,1753242905,KXMLBGAME-25JUL22MINLAD-MIN,83,17,394,yes
1753242907138,1753242907,KXMLBGAME-25JUL22HOUARI-HOU,72,28,5,yes
1753242910391,1753242910,KXMLBGAME-25JUL22MINLAD-LAD,21,79,45,yes
1753242910771,1753242910,KXMLBGAME-25JUL22MINLAD-LAD,20,80,15,no
1753242913369,1753242913,KXMLBGAME-25JUL22MINLAD-LAD,20,80,44,no
1753242913450,1753242913,KXMLBGAME-25JUL22MINLAD-MIN,80,20,123,yes
1753242916469,1753242916,KXMLBGAME-25JUL22MINLAD-LAD,20,80,670,no
1753242917074,1753242917,KXMLBGAME-25JUL22MINLAD-MIN,80,20,6,yes
1753242917190,1753242917,KXMLBGAME-25JUL22MILSEA-MIL,11,89,10,no
1753242918290,1753242918,KXMLBGAME-25JUL22MINLAD-LAD,21,79,225,yes
1753242919050,1753242919,KXMLBGAME-25JUL22MINLAD-LAD,20,80,60,no
1753242921471,1753242921,KXMLBGAME-25JUL22MINLAD-LAD,21,79,4,yes
1753242921770,1753242921,KXMLBGAME-25JUL22MILSEA-MIL,12,88,9,yes
1753242922070,1753242922,KXMLBGAME-25JUL22MINLAD-MIN,80,20,61,yes
1753242922690,1753242922,KXMLBGAME-25JUL22MILSEA-MIL,13,87,26,yes
1753242923349,1753242923,KXMLBGAME-25JUL22MINLAD-MIN,80,20,30,yes
1753242924857,1753242924,KXMLBGAME-25JUL22MILSEA-SEA,90,10,110,yes
1753242925912,1753242925,KXMLBGAME-25JUL22HOUARI-HOU,72,28,295,yes
1753242925912,1753242925,KXMLBGAME-25JUL22HOUARI-HOU,73,27,71,yes
1753242928190,1753242928,KXMLBGAME-25JUL22MINLAD-MIN,80,20,120,yes
1753242928769,1753242928,KXMLBGAME-25JUL22MINLAD-LAD,20,80,170,no
1753242929231,1753242929,KXMLBGAME-25JUL22MINLAD-MIN,81,19,49,yes
1753242930190,1753242930,KXMLBGAME-25JUL22MILSEA-MIL,12,88,31,no
1753242931031,1753242930,KXMLBGAME-25JUL22MILSEA-SEA,88,12,32,no
1753242931090,1753242931,KXMLBGAME-25JUL22MILSEA-MIL,10,90,10,no
1753242931090,1753242931,KXMLBGAME-25JUL22MILSEA-MIL,10,90,3,no
1753242931290,1753242931,KXMLBGAME-25JUL22MINLAD-LAD,21,79,902,yes
1753242932737,1753242932,KXMLBGAME-25JUL22MINLAD-LAD,21,79,667,yes
1753242934073,1753242933,KXMLBGAME-25JUL22MINLAD-LAD,21,79,3,yes
1753242934892,1753242934,KXMLBGAME-25JUL22MINLAD-LAD,21,79,22,yes
1753242934949,1753242934,KXMLBGAME-25JUL22MINLAD-MIN,80,20,300,yes
1753242934949,1753242934,KXMLBGAME-25JUL22MINLAD-MIN,81,19,87,yes
1753242934949,1753242934,KXMLBGAME-25JUL22MINLAD-MIN,82,18,84,yes
1753242935667,1753242935,KXMLBGAME-25JUL22MINLAD-LAD,21,79,18,yes
1753242938131,1753242938,KXMLBGAME-25JUL22MINLAD-LAD,21,79,67,yes
1753242940689,1753242940,KXMLBGAME-25JUL22MILSEA-SEA,89,11,12,yes
1753242940931,1753242940,KXMLBGAME-25JUL22MILSEA-MIL,12,88,7,yes
1753242940931,1753242940,KXMLBGAME-25JUL22MILSEA-MIL,13,87,274,yes
1753242940931,1753242940,KXMLBGAME-25JUL22MILSEA-MIL,14,86,200,yes
1753242940931,1753242940,KXMLBGAME-25JUL22MILSEA-MIL,14,86,213,yes
1753242944518,1753242944,KXMLBGAME-25JUL22MILSEA-SEA,89,11,13,yes
1753242946489,1753242946,KXMLBGAME-25JUL22HOUARI-ARI,28,72,13,yes
1753242946829,1753242946,KXMLBGAME-25JUL22MILSEA-SEA,89,11,10,yes
1753242950691,1753242950,KXMLBGAME-25JUL22MINLAD-MIN,80,20,300,yes
1753242950691,1753242950,KXMLBGAME-25JUL22MINLAD-MIN,81,19,8,yes
1753242953170,1753242953,KXMLBGAME-25JUL22MINLAD-MIN,81,19,25,yes
1753242954169,1753242954,KXMLBGAME-25JUL22HOUARI-ARI,28,72,85,yes
1753242958209,1753242958,KXMLBGAME-25JUL22MINLAD-LAD,21,79,225,yes
1753242959367,1753242959,KXMLBGAME-25JUL22HOUARI-HOU,72,28,68,yes
1753242961410,1753242961,KXMLBGAME-25JUL22MILSEA-MIL,12,88,5,yes
1753242961410,1753242961,KXMLBGAME-25JUL22MILSEA-MIL,13,87,300,yes
1753242961410,1753242961,KXMLBGAME-25JUL22MILSEA-MIL,14,86,87,yes
1753242961410,1753242961,KXMLBGAME-25JUL22MILSEA-MIL,14,86,600,yes
1753242961410,1753242961,KXMLBGAME-25JUL22MILSEA-MIL,14,86,377,yes
1753242961649,1753242961,KXMLBGAME-25JUL22MILSEA-MIL,10,90,6,no
1753242961689,1753242961,KXMLBGAME-25JUL22MINLAD-LAD,21,79,224,yes
1753242964311,1753242964,KXMLBGAME-25JUL22HOUARI-ARI,27,73,300,no
1753242964311,1753242964,KXMLBGAME-25JUL22HOUARI-ARI,27,73,56,no
1753242966841,1753242966,KXMLBGAME-25JUL22HOUARI-HOU,71,29,50,no
1753242968651,1753242968,KXMLBGAME-25JUL22MINLAD-LAD,21,79,151,yes
1753242968651,1753242968,KXMLBGAME-25JUL22MINLAD-LAD,21,79,114,yes
1753242970691,1753242970,KXMLBGAME-25JUL22MINLAD-LAD,21,79,9,yes
1753242973805,1753242973,KXMLBGAME-25JUL22MINLAD-LAD,21,79,145,yes
1753242976810,1753242976,KXMLBGAME-25JUL22MINLAD-MIN,81,19,10,no
1753242982170,1753242982,KXMLBGAME-25JUL22HOUARI-ARI,28,72,20,yes
1753242983912,1753242983,KXMLBGAME-25JUL22MILSEA-SEA,89,11,15,yes
1753242984411,1753242984,KXMLBGAME-25JUL22MILSEA-MIL,12,88,4,yes
1753242984412,1753242984,KXMLBGAME-25JUL22MILSEA-MIL,12,88,100,yes
1753242984412,1753242984,KXMLBGAME-25JUL22MILSEA-MIL,13,87,300,yes
1753242984412,1753242984,KXMLBGAME-25JUL22MILSEA-MIL,14,86,200,yes
1753242984412,1753242984,KXMLBGAME-25JUL22MILSEA-MIL,14,86,105,yes
1753242988851,1753242988,KXMLBGAME-25JUL22HOUARI-HOU,73,27,1528,yes
1753242989369,1753242989,KXMLBGAME-25JUL22MILSEA-MIL,12,88,3,yes
1753242989369,1753242989,KXMLBGAME-25JUL22MILSEA-MIL,13,87,5,yes
1753242989409,1753242989,KXMLBGAME-25JUL22HOUARI-ARI,28,72,17,yes
1753242989750,1753242989,KXMLBGAME-25JUL22MINLAD-LAD,21,79,63,yes
1753242989750,1753242989,KXMLBGAME-25JUL22MINLAD-LAD,21,79,45,yes
1753242990689,1753242990,KXMLBGAME-25JUL22MINLAD-MIN,81,19,1,yes
1753242990689,1753242990,KXMLBGAME-25JUL22MINLAD-MIN,82,18,179,yes
1753242994592,1753242994,KXMLBGAME-25JUL22MINLAD-LAD,20,80,23,no
1753242994592,1753242994,KXMLBGAME-25JUL22MINLAD-LAD,18,82,88,no
1753242997870,1753242997,KXMLBGAME-25JUL22MILSEA-SEA,89,11,1,yes
1753242999070,1753242999,KXMLBGAME-25JUL22MINLAD-MIN,81,19,76,yes
1753242999070,1753242999,KXMLBGAME-25JUL22MINLAD-MIN,81,19,300,yes
1753243001271,1753243001,KXMLBGAME-25JUL22MINLAD-LAD,18,82,189,no
1753243005828,1753243005,KXMLBGAME-25JUL22MILSEA-MIL,11,89,2,yes
1753243005828,1753243005,KXMLBGAME-25JUL22MILSEA-MIL,12,88,45,yes
1753243007291,1753243007,KXMLBGAME-25JUL22HOUARI-ARI,23,77,80,yes
1753243008928,1753243008,KXMLBGAME-25JUL22MINLAD-MIN,82,18,421,yes
1753243008928,1753243008,KXMLBGAME-25JUL22MINLAD-MIN,82,18,57,yes
1753243008928,1753243008,KXMLBGAME-25JUL22MINLAD-MIN,82,18,300,yes
1753243008928,1753243008,KXMLBGAME-25JUL22MINLAD-MIN,83,17,500,yes
1753243008928,1753243008,KXMLBGAME-25JUL22MINLAD-MIN,83,17,32,yes
1753243011709,1753243011,KXMLBGAME-25JUL22MINLAD-LAD,20,80,4,yes
1753243012951,1753243012,KXMLBGAME-25JUL22MINLAD-LAD,20,80,23,yes
1753243013095,1753243013,KXMLBGAME-25JUL22MILSEA-SEA,89,11,331,yes
1753243013095,1753243013,KXMLBGAME-25JUL22MILSEA-SEA,89,11,109,yes
1753243013095,1753243013,KXMLBGAME-25JUL22MILSEA-SEA,89,11,18,yes
1753243013751,1753243013,KXMLBGAME-25JUL22MINLAD-LAD,20,80,100,yes
1753243013851,1753243013,KXMLBGAME-25JUL22MILSEA-SEA,89,11,182,yes
1753243013851,1753243013,KXMLBGAME-25JUL22MILSEA-SEA,89,11,213,yes
1753243013851,1753243013,KXMLBGAME-25JUL22MILSEA-SEA,89,11,37,yes
1753243014712,1753243014,KXMLBGAME-25JUL22MILSEA-SEA,89,11,50,yes
1753243014712,1753243014,KXMLBGAME-25JUL22MILSEA-SEA,89,11,200,yes
1753243014712,1753243014,KXMLBGAME-25JUL22MILSEA-SEA,89,11,105,yes
1753243016269,1753243016,KXMLBGAME-25JUL22MINLAD-MIN,81,19,12,no
1753243017511,1753243017,KXMLBGAME-25JUL22HOUARI-HOU,80,20,500,yes
1753243017511,1753243017,KXMLBGAME-25JUL22HOUARI-HOU,80,20,12,yes
1753243017670,1753243017,KXMLBGAME-25JUL22HOUARI-HOU,80,20,1,yes
1753243017790,1753243017,KXMLBGAME-25JUL22MINLAD-LAD,20,80,6,yes
1753243022650,1753243022,KXMLBGAME-25JUL22MINLAD-MIN,82,18,48,yes
1753243025211,1753243025,KXMLBGAME-25JUL22MINLAD-MIN,81,19,112,no
1753243025211,1753243025,KXMLBGAME-25JUL22MINLAD-MIN,79,21,331,no
1753243025211,1753243025,KXMLBGAME-25JUL22MINLAD-MIN,79,21,87,no
1753243025211,1753243025,KXMLBGAME-25JUL22MINLAD-MIN,76,24,334,no
1753243026644,1753243026,KXMLBGAME-25JUL22MINLAD-LAD,19,81,19,yes
1753243027909,1753243027,KXMLBGAME-25JUL22HOUARI-HOU,79,21,274,yes
1753243029190,1753243029,KXMLBGAME-25JUL22MINLAD-LAD,19,81,50,yes
1753243029870,1753243029,KXMLBGAME-25JUL22MILSEA-MIL,11,89,2,yes
1753243029870,1753243029,KXMLBGAME-25JUL22MILSEA-MIL,12,88,5,yes
1753243033512,1753243033,KXMLBGAME-25JUL22MINLAD-LAD,19,81,99,yes
1753243033830,1753243033,KXMLBGAME-25JUL22MINLAD-LAD,19,81,24,yes
1753243034511,1753243034,KXMLBGAME-25JUL22HOUARI-HOU,79,21,24,yes
1753243034690,1753243034,KXMLBGAME-25JUL22MINLAD-LAD,19,81,249,yes
1753243043614,1753243043,KXMLBGAME-25JUL22HOUARI-HOU,78,22,101,yes
1753243045170,1753243045,KXMLBGAME-25JUL22MILSEA-MIL,12,88,1,yes
1753243045170,1753243045,KXMLBGAME-25JUL22MILSEA-MIL,13,87,35,yes
1753243046470,1753243046,KXMLBGAME-25JUL22MINLAD-LAD,19,81,100,yes
1753243046530,1753243046,KXMLBGAME-25JUL22MINLAD-LAD,19,81,24,yes
1753243048011,1753243047,KXMLBGAME-25JUL22HOUARI-HOU,77,23,10,no
1753243050293,1753243050,KXMLBGAME-25JUL22MILSEA-MIL,12,88,1,yes
1753243052799,1753243052,KXMLBGAME-25JUL22MILSEA-MIL,12,88,2,no
1753243055008,1753243054,KXMLBGAME-25JUL22MINLAD-MIN,81,19,8,yes
1753243058709,1753243058,KXMLBGAME-25JUL22HOUARI-ARI,21,79,11,no
1753243059189,1753243059,KXMLBGAME-25JUL22MILSEA-MIL,11,89,1,yes
1753243059189,1753243059,KXMLBGAME-25JUL22MILSEA-MIL,12,88,38,yes
1753243060249,1753243060,KXMLBGAME-25JUL22HOUARI-HOU,78,22,4,no
1753243060530,1753243060,KXMLBGAME-25JUL22MINLAD-MIN,81,19,177,yes
1753243060930,1753243060,KXMLBGAME-25JUL22MILSEA-MIL,12,88,262,yes
1753243060930,1753243060,KXMLBGAME-25JUL22MILSEA-MIL,13,87,1208,yes
1753243061570,1753243061,KXMLBGAME-25JUL22MINLAD-LAD,19,81,5,yes
1753243062330,1753243062,KXMLBGAME-25JUL22MINLAD-MIN,79,21,21,no
1753243064190,1753243064,KXMLBGAME-25JUL22MINLAD-MIN,81,19,60,yes
1753243064512,1753243064,KXMLBGAME-25JUL22MILSEA-MIL,12,88,2,yes
1753243065630,1753243065,KXMLBGAME-25JUL22MINLAD-LAD,19,81,150,yes
1753243067630,1753243067,KXMLBGAME-25JUL22MINLAD-MIN,81,19,60,yes
1753243069407,1753243069,KXMLBGAME-25JUL22HOUARI-HOU,79,21,10,yes
1753243069407,1753243069,KXMLBGAME-25JUL22HOUARI-HOU,79,21,2,yes
1753243070431,1753243070,KXMLBGAME-25JUL22HOUARI-ARI,22,78,10,yes
1753243070431,1753243070,KXMLBGAME-25JUL22HOUARI-ARI,22,78,52,yes
1753243071050,1753243071,KXMLBGAME-25JUL22HOUARI-HOU,78,22,10,no
1753243072030,1753243071,KXMLBGAME-25JUL22MINLAD-LAD,19,81,24,yes
1753243072509,1753243072,KXMLBGAME-25JUL22HOUARI-ARI,22,78,21,yes
1753243075269,1753243075,KXMLBGAME-25JUL22MINLAD-LAD,19,81,2,yes
1753243076432,1753243076,KXMLBGAME-25JUL22MINLAD-LAD,19,81,74,yes
1753243078311,1753243078,KXMLBGAME-25JUL22MINLAD-MIN,81,19,182,yes
1753243078971,1753243078,KXMLBGAME-25JUL22MINLAD-LAD,19,81,66,yes
1753243078971,1753243078,KXMLBGAME-25JUL22MINLAD-LAD,19,81,466,yes
1753243082629,1753243082,KXMLBGAME-25JUL22MILSEA-MIL,14,86,33,yes
1753243083530,1753243083,KXMLBGAME-25JUL22MINLAD-LAD,18,82,5,no
1753243086958,1753243086,KXMLBGAME-25JUL22MINLAD-LAD,19,81,99,yes
1753243087151,1753243087,KXMLBGAME-25JUL22HOUARI-ARI,24,76,32,yes
1753243087151,1753243087,KXMLBGAME-25JUL22HOUARI-ARI,24,76,66,yes
1753243087750,1753243087,KXMLBGAME-25JUL22MILSEA-MIL,15,85,18,yes
1753243089029,1753243088,KXMLBGAME-25JUL22MILSEA-SEA,89,11,1,yes
1753243090610,1753243090,KXMLBGAME-25JUL22MILSEA-MIL,15,85,12,yes
1753243090971,1753243090,KXMLBGAME-25JUL22MINLAD-LAD,19,81,4,yes
1753243094740,1753243094,KXMLBGAME-25JUL22HOUARI-HOU,76,24,2,yes
1753243097469,1753243097,KXMLBGAME-25JUL22MILSEA-MIL,15,85,125,yes
1753243098869,1753243098,KXMLBGAME-25JUL22HOUARI-ARI,24,76,31,yes
1753243098890,1753243098,KXMLBGAME-25JUL22MILSEA-MIL,14,86,2,yes
1753243102611,1753243102,KXMLBGAME-25JUL22HOUARI-ARI,23,77,100,no
1753243104414,1753243104,KXMLBGAME-25JUL22MINLAD-LAD,19,81,4,yes
1753243104728,1753243104,KXMLBGAME-25JUL22MINLAD-MIN,83,17,100,yes
1753243108150,1753243108,KXMLBGAME-25JUL22MILSEA-MIL,13,87,7,yes
1753243111288,1753243111,KXMLBGAME-25JUL22HOUARI-HOU,76,24,298,yes
1753243112929,1753243112,KXMLBGAME-25JUL22MINLAD-LAD,17,83,100,no
1753243112929,1753243112,KXMLBGAME-25JUL22MINLAD-LAD,17,83,8,no
1753243113730,1753243113,KXMLBGAME-25JUL22MINLAD-MIN,83,17,47,yes
1753243113730,1753243113,KXMLBGAME-25JUL22MINLAD-MIN,84,16,71,yes
1753243113829,1753243113,KXMLBGAME-25JUL22MILSEA-MIL,13,87,180,yes
1753243117210,1753243117,KXMLBGAME-25JUL22MINLAD-LAD,17,83,29,no
1753243117210,1753243117,KXMLBGAME-25JUL22MINLAD-LAD,17,83,6,no
1753243117210,1753243117,KXMLBGAME-25JUL22MINLAD-LAD,16,84,144,no
1753243118169,1753243118,KXMLBGAME-25JUL22MILSEA-SEA,88,12,23,no
1753243122652,1753243122,KXMLBGAME-25JUL22MINLAD-LAD,18,82,10,yes
1753243122991,1753243122,KXMLBGAME-25JUL22HOUARI-HOU,78,22,2,yes
1753243123450,1753243123,KXMLBGAME-25JUL22MINLAD-LAD,18,82,394,yes
1753243123802,1753243123,KXMLBGAME-25JUL22MINLAD-MIN,81,19,30,no
1753243124011,1753243123,KXMLBGAME-25JUL22MILSEA-SEA,89,11,18,yes
1753243124011,1753243123,KXMLBGAME-25JUL22MILSEA-SEA,89,11,12,yes
1753243124011,1753243123,KXMLBGAME-25JUL22MILSEA-SEA,89,11,30,yes
1753243124310,1753243124,KXMLBGAME-25JUL22MINLAD-MIN,83,17,26,yes
1753243124310,1753243124,KXMLBGAME-25JUL22MINLAD-MIN,84,16,29,yes
1753243124310,1753243124,KXMLBGAME-25JUL22MINLAD-MIN,84,16,300,yes
1753243124310,1753243124,KXMLBGAME-25JUL22MINLAD-MIN,85,15,15,yes
1753243124310,1753243124,KXMLBGAME-25JUL22MINLAD-MIN,85,15,1,yes
1753243124310,1753243124,KXMLBGAME-25JUL22MINLAD-MIN,85,15,500,yes
1753243124310,1753243124,KXMLBGAME-25JUL22MINLAD-MIN,85,15,41,yes
1753243124770,1753243124,KXMLBGAME-25JUL22MINLAD-LAD,16,84,20,no
1753243124770,1753243124,KXMLBGAME-25JUL22MINLAD-LAD,15,85,99,no
1753243126290,1753243126,KXMLBGAME-25JUL22MILSEA-SEA,89,11,1,yes
1753243130068,1753243129,KXMLBGAME-25JUL22MINLAD-LAD,18,82,3,yes
1753243135751,1753243135,KXMLBGAME-25JUL22MILSEA-MIL,10,90,41,no
1753243136029,1753243135,KXMLBGAME-25JUL22MINLAD-LAD,18,82,63,yes
1753243141055,1753243141,KXMLBGAME-25JUL22HOUARI-ARI,25,75,39,yes
1753243143269,1753243143,KXMLBGAME-25JUL22HOUARI-ARI,23,77,30,no
1753243143370,1753243143,KXMLBGAME-25JUL22MINLAD-LAD,18,82,52,yes
1753243146529,1753243146,KXMLBGAME-25JUL22MINLAD-MIN,83,17,15,yes
1753243146529,1753243146,KXMLBGAME-25JUL22MINLAD-MIN,83,17,65,yes
1753243148449,1753243148,KXMLBGAME-25JUL22HOUARI-ARI,21,79,10,no
1753243148949,1753243148,KXMLBGAME-25JUL22MINLAD-LAD,18,82,100,yes
1753243153349,1753243153,KXMLBGAME-25JUL22MINLAD-MIN,83,17,235,yes
1753243153349,1753243153,KXMLBGAME-25JUL22MINLAD-MIN,83,17,122,yes
1753243154489,1753243154,KXMLBGAME-25JUL22HOUARI-HOU,84,16,84,yes
1753243157271,1753243157,KXMLBGAME-25JUL22HOUARI-HOU,84,16,5,yes
1753243159310,1753243159,KXMLBGAME-25JUL22HOUARI-HOU,84,16,11,yes
1753243159310,1753243159,KXMLBGAME-25JUL22HOUARI-HOU,85,15,8,yes
1753243161649,1753243161,KXMLBGAME-25JUL22MINLAD-LAD,15,85,29,no
1753243161788,1753243161,KXMLBGAME-25JUL22MINLAD-MIN,83,17,1,yes
1753243162070,1753243162,KXMLBGAME-25JUL22MILSEA-SEA,88,12,45,no
1753243162070,1753243162,KXMLBGAME-25JUL22MILSEA-SEA,88,12,5,no
1753243162848,1753243162,KXMLBGAME-25JUL22HOUARI-HOU,85,15,72,yes
1753243162848,1753243162,KXMLBGAME-25JUL22HOUARI-HOU,85,15,5,yes
1753243163049,1753243162,KXMLBGAME-25JUL22MINLAD-MIN,94,6,104,yes
1753243163110,1753243163,KXMLBGAME-25JUL22MINLAD-LAD,15,85,72,no
1753243163110,1753243163,KXMLBGAME-25JUL22MINLAD-LAD,14,86,32,no
1753243164951,1753243164,KXMLBGAME-25JUL22HOUARI-ARI,18,82,89,yes
1753243165508,1753243165,KXMLBGAME-25JUL22MINLAD-LAD,14,86,68,no
1753243167102,1753243167,KXMLBGAME-25JUL22HOUARI-HOU,84,16,13,yes
1753243169489,1753243169,KXMLBGAME-25JUL22MINLAD-LAD,12,88,21,yes
1753243171690,1753243171,KXMLBGAME-25JUL22MINLAD-LAD,12,88,78,yes
1753243172609,1753243172,KXMLBGAME-25JUL22HOUARI-HOU,83,17,12,no
1753243175390,1753243175,KXMLBGAME-25JUL22MINLAD-LAD,13,87,65,yes
1753243176650,1753243176,KXMLBGAME-25JUL22MILSEA-SEA,89,11,1,yes
1753243179030,1753243178,KXMLBGAME-25JUL22MINLAD-LAD,11,89,3,yes
1753243180369,1753243180,KXMLBGAME-25JUL22MILSEA-MIL,12,88,300,yes
1753243180369,1753243180,KXMLBGAME-25JUL22MILSEA-MIL,13,87,413,yes
1753243180369,1753243180,KXMLBGAME-25JUL22MILSEA-MIL,13,87,34,yes
1753243185489,1753243185,KXMLBGAME-25JUL22MINLAD-LAD,11,89,128,yes
1753243186770,1753243186,KXMLBGAME-25JUL22MILSEA-SEA,87,13,11,no
1753243186770,1753243186,KXMLBGAME-25JUL22MILSEA-SEA,86,14,23,no
1753243190090,1753243190,KXMLBGAME-25JUL22MILSEA-MIL,12,88,52,yes
1753243193449,1753243193,KXMLBGAME-25JUL22HOUARI-ARI,18,82,5,yes
1753243194770,1753243194,KXMLBGAME-25JUL22MINLAD-LAD,11,89,4,yes
1753243195870,1753243195,KXMLBGAME-25JUL22MINLAD-MIN,90,10,110,yes
1753243196109,1753243196,KXMLBGAME-25JUL22MILSEA-SEA,89,11,16,yes
1753243198529,1753243198,KXMLBGAME-25JUL22HOUARI-HOU,84,16,87,yes
1753243198695,1753243198,KXMLBGAME-25JUL22MINLAD-LAD,11,89,727,yes
1753243198909,1753243198,KXMLBGAME-25JUL22HOUARI-HOU,83,17,44,no
1753243198909,1753243198,KXMLBGAME-25JUL22HOUARI-HOU,82,18,300,no
1753243198909,1753243198,KXMLBGAME-25JUL22HOUARI-HOU,81,19,210,no
1753243200890,1753243200,KXMLBGAME-25JUL22HOUARI-ARI,18,82,9,yes
1753243201110,1753243201,KXMLBGAME-25JUL22MILSEA-MIL,12,88,20,yes
1753243201309,1753243201,KXMLBGAME-25JUL22MINLAD-LAD,11,89,19,yes
1753243203350,1753243203,KXMLBGAME-25JUL22HOUARI-HOU,84,16,86,yes
1753243203350,1753243203,KXMLBGAME-25JUL22HOUARI-HOU,85,15,273,yes
1753243203389,1753243203,KXMLBGAME-25JUL22MILSEA-SEA,89,11,14,yes
1753243204091,1753243204,KXMLBGAME-25JUL22MINLAD-MIN,90,10,88,yes
1753243204513,1753243204,KXMLBGAME-25JUL22MINLAD-LAD,10,90,200,no
1753243206148,1753243206,KXMLBGAME-25JUL22MINLAD-MIN,87,13,30,no
1753243208429,1753243208,KXMLBGAME-25JUL22MILSEA-MIL,12,88,98,yes
1753243208688,1753243208,KXMLBGAME-25JUL22MINLAD-MIN,91,9,34,yes
1753243209289,1753243209,KXMLBGAME-25JUL22MINLAD-LAD,9,91,30,no
1753243209908,1753243209,KXMLBGAME-25JUL22HOUARI-HOU,85,15,65,yes
1753243209908,1753243209,KXMLBGAME-25JUL22HOUARI-HOU,85,15,4,yes
1753243210590,1753243210,KXMLBGAME-25JUL22MINLAD-MIN,87,13,134,no
1753243213149,1753243213,KXMLBGAME-25JUL22MINLAD-MIN,90,10,300,yes
1753243213149,1753243213,KXMLBGAME-25JUL22MINLAD-MIN,91,9,700,yes
1753243213468,1753243213,KXMLBGAME-25JUL22MILSEA-MIL,12,88,130,yes
1753243213468,1753243213,KXMLBGAME-25JUL22MILSEA-MIL,13,87,200,yes
1753243213468,1753243213,KXMLBGAME-25JUL22MILSEA-MIL,13,87,8,yes
1753243213468,1753243213,KXMLBGAME-25JUL22MILSEA-MIL,13,87,34,yes
1753243215069,1753243215,KXMLBGAME-25JUL22MINLAD-LAD,11,89,42,yes
1753243216650,1753243216,KXMLBGAME-25JUL22MINLAD-LAD,11,89,4,yes
1753243216730,1753243216,KXMLBGAME-25JUL22HOUARI-HOU,84,16,78,yes
1753243217271,1753243217,KXMLBGAME-25JUL22MINLAD-MIN,90,10,110,yes
1753243217390,1753243217,KXMLBGAME-25JUL22MILSEA-SEA,89,11,57,yes
1753243219009,1753243218,KXMLBGAME-25JUL22MINLAD-LAD,9,91,307,no
1753243219291,1753243219,KXMLBGAME-25JUL22MILSEA-MIL,12,88,39,yes
1753243227171,1753243227,KXMLBGAME-25JUL22MILSEA-MIL,12,88,261,yes
1753243227171,1753243227,KXMLBGAME-25JUL22MILSEA-MIL,13,87,566,yes
1753243227171,1753243227,KXMLBGAME-25JUL22MILSEA-MIL,13,87,200,yes
1753243227171,1753243227,KXMLBGAME-25JUL22MILSEA-MIL,13,87,6,yes
1753243227171,1753243227,KXMLBGAME-25JUL22MILSEA-MIL,13,87,2000,yes
1753243227171,1753243227,KXMLBGAME-25JUL22MILSEA-MIL,14,86,200,yes
1753243227171,1753243227,KXMLBGAME-25JUL22MILSEA-MIL,14,86,300,yes
1753243227171,1753243227,KXMLBGAME-25JUL22MILSEA-MIL,14,86,275,yes
1753243227171,1753243227,KXMLBGAME-25JUL22MILSEA-MIL,14,86,275,yes
1753243227171,1753243227,KXMLBGAME-25JUL22MILSEA-MIL,15,85,179,yes
1753243227248,1753243227,KXMLBGAME-25JUL22MINLAD-MIN,90,10,5,yes
1753243229397,1753243229,KXMLBGAME-25JUL22HOUARI-ARI,15,85,22,no
1753243230008,1753243229,KXMLBGAME-25JUL22MINLAD-LAD,12,88,392,yes
1753243230230,1753243230,KXMLBGAME-25JUL22MINLAD-LAD,12,88,78,yes
1753243231851,1753243231,KXMLBGAME-25JUL22MINLAD-LAD,12,88,13,yes
1753243231851,1753243231,KXMLBGAME-25JUL22MINLAD-LAD,12,88,1,yes
1753243231851,1753243231,KXMLBGAME-25JUL22MINLAD-LAD,13,87,10,yes
1753243231935,1753243231,KXMLBGAME-25JUL22MILSEA-SEA,89,11,43,yes
1753243232532,1753243232,KXMLBGAME-25JUL22MILSEA-SEA,89,11,44,yes
1753243232532,1753243232,KXMLBGAME-25JUL22MILSEA-SEA,89,11,43,yes
1753243232532,1753243232,KXMLBGAME-25JUL22MILSEA-SEA,90,10,42,yes
1753243232532,1753243232,KXMLBGAME-25JUL22MILSEA-MIL,14,86,37,yes
1753243233327,1753243233,KXMLBGAME-25JUL22MINLAD-LAD,13,87,188,yes
1753243236828,1753243236,KXMLBGAME-25JUL22HOUARI-HOU,85,15,100,yes
1753243236828,1753243236,KXMLBGAME-25JUL22HOUARI-HOU,85,15,49,yes
1753243236929,1753243236,KXMLBGAME-25JUL22HOUARI-ARI,12,88,36,no
1753243236953,1753243236,KXMLBGAME-25JUL22HOUARI-HOU,85,15,36,yes
1753243238008,1753243237,KXMLBGAME-25JUL22MILSEA-SEA,88,12,142,yes
1753243239569,1753243239,KXMLBGAME-25JUL22HOUARI-ARI,12,88,267,yes
1753243240549,1753243240,KXMLBGAME-25JUL22MILSEA-SEA,88,12,11,yes
1753243241969,1753243241,KXMLBGAME-25JUL22MINLAD-LAD,11,89,11,no
1753243241969,1753243241,KXMLBGAME-25JUL22MINLAD-LAD,10,90,39,no
1753243242009,1753243241,KXMLBGAME-25JUL22MILSEA-SEA,88,12,453,yes
1753243242009,1753243241,KXMLBGAME-25JUL22MILSEA-SEA,88,12,194,yes
1753243242789,1753243242,KXMLBGAME-25JUL22HOUARI-ARI,16,84,53,yes
1753243247892,1753243247,KXMLBGAME-25JUL22MINLAD-MIN,90,10,1,yes
1753243247892,1753243247,KXMLBGAME-25JUL22MINLAD-MIN,90,10,8,yes
1753243247892,1753243247,KXMLBGAME-25JUL22MINLAD-MIN,90,10,600,yes
1753243247892,1753243247,KXMLBGAME-25JUL22MINLAD-MIN,90,10,300,yes
1753243247892,1753243247,KXMLBGAME-25JUL22MINLAD-MIN,90,10,841,yes
1753243248030,1753243247,KXMLBGAME-25JUL22MINLAD-MIN,90,10,6,yes
1753243248030,1753243247,KXMLBGAME-25JUL22MINLAD-MIN,90,10,16,yes
1753243248368,1753243248,KXMLBGAME-25JUL22HOUARI-HOU,88,12,16,yes
1753243248967,1753243248,KXMLBGAME-25JUL22MINLAD-LAD,10,90,5,no
1753243248967,1753243248,KXMLBGAME-25JUL22MINLAD-LAD,10,90,10,no
1753243250610,1753243250,KXMLBGAME-25JUL22HOUARI-HOU,88,12,276,yes
1753243250790,1753243250,KXMLBGAME-25JUL22HOUARI-HOU,86,14,17,no
1753243254895,1753243254,KXMLBGAME-25JUL22MINLAD-LAD,10,90,298,no
1753243256091,1753243256,KXMLBGAME-25JUL22HOUARI-HOU,88,12,28,yes
1753243257192,1753243257,KXMLBGAME-25JUL22MILSEA-SEA,89,11,27,yes
1753243260869,1753243260,KXMLBGAME-25JUL22MINLAD-MIN,90,10,3,yes
1753243260869,1753243260,KXMLBGAME-25JUL22MINLAD-MIN,90,10,81,yes
1753243261289,1753243261,KXMLBGAME-25JUL22MILSEA-MIL,11,89,20,no
1753243263189,1753243263,KXMLBGAME-25JUL22MILSEA-MIL,14,86,37,yes
1753243263189,1753243263,KXMLBGAME-25JUL22MILSEA-MIL,15,85,277,yes
1753243269743,1753243269,KXMLBGAME-25JUL22MILSEA-SEA,88,12,258,yes
1753243269743,1753243269,KXMLBGAME-25JUL22MILSEA-SEA,89,11,100,yes
1753243269743,1753243269,KXMLBGAME-25JUL22MILSEA-SEA,89,11,300,yes
1753243269743,1753243269,KXMLBGAME-25JUL22MILSEA-SEA,89,11,200,yes
1753243269743,1753243269,KXMLBGAME-25JUL22MILSEA-SEA,90,10,510,yes
1753243271587,1753243271,KXMLBGAME-25JUL22MILSEA-SEA,89,11,49,yes
1753243280181,1753243280,KXMLBGAME-25JUL22MILSEA-SEA,90,10,49,yes
1753243285098,1753243285,KXMLBGAME-25JUL22MILSEA-SEA,89,11,87,yes
1753243285098,1753243285,KXMLBGAME-25JUL22MILSEA-SEA,90,10,399,yes
1753243286849,1753243286,KXMLBGAME-25JUL22MINLAD-LAD,10,90,3,no
1753243286849,1753243286,KXMLBGAME-25JUL22MINLAD-LAD,10,90,181,no
1753243289529,1753243289,KXMLBGAME-25JUL22MINLAD-LAD,10,90,15,no
1753243289588,1753243289,KXMLBGAME-25JUL22MINLAD-LAD,10,90,15,no
1753243290830,1753243290,KXMLBGAME-25JUL22HOUARI-ARI,16,84,87,yes
1753243290830,1753243290,KXMLBGAME-25JUL22HOUARI-ARI,17,83,473,yes
1753243292748,1753243292,KXMLBGAME-25JUL22MILSEA-SEA,86,14,87,yes
1753243292748,1753243292,KXMLBGAME-25JUL22MILSEA-SEA,87,13,213,yes
1753243294169,1753243294,KXMLBGAME-25JUL22MINLAD-MIN,87,13,2444,no
1753243295133,1753243295,KXMLBGAME-25JUL22MINLAD-LAD,10,90,247,no
1753243300551,1753243300,KXMLBGAME-25JUL22HOUARI-ARI,16,84,87,yes
1753243300551,1753243300,KXMLBGAME-25JUL22HOUARI-ARI,17,83,127,yes
1753243300551,1753243300,KXMLBGAME-25JUL22HOUARI-ARI,17,83,346,yes
1753243302351,1753243302,KXMLBGAME-25JUL22HOUARI-HOU,85,15,51,no
1753243302929,1753243302,KXMLBGAME-25JUL22MILSEA-MIL,14,86,71,yes
1753243302930,1753243302,KXMLBGAME-25JUL22MILSEA-MIL,15,85,300,yes
1753243302930,1753243302,KXMLBGAME-25JUL22MILSEA-MIL,16,84,236,yes
1753243306805,1753243306,KXMLBGAME-25JUL22MILSEA-MIL,16,84,5,yes
1753243307324,1753243307,KXMLBGAME-25JUL22MILSEA-SEA,89,11,600,yes
1753243307324,1753243307,KXMLBGAME-25JUL22MILSEA-SEA,89,11,303,yes
1753243308449,1753243308,KXMLBGAME-25JUL22MILSEA-SEA,89,11,55,yes
1753243310090,1753243310,KXMLBGAME-25JUL22HOUARI-ARI,16,84,87,yes
1753243310090,1753243310,KXMLBGAME-25JUL22HOUARI-ARI,17,83,154,yes
1753243310090,1753243310,KXMLBGAME-25JUL22HOUARI-ARI,17,83,200,yes
1753243310090,1753243310,KXMLBGAME-25JUL22HOUARI-ARI,17,83,119,yes
1753243310968,1753243310,KXMLBGAME-25JUL22MINLAD-MIN,90,10,22,yes
1753243312805,1753243312,KXMLBGAME-25JUL22MILSEA-SEA,89,11,3,yes
1753243314309,1753243314,KXMLBGAME-25JUL22MINLAD-LAD,10,90,300,no
1753243317350,1753243317,KXMLBGAME-25JUL22HOUARI-HOU,84,16,1,no
1753243317350,1753243317,KXMLBGAME-25JUL22HOUARI-HOU,84,16,208,no
1753243318793,1753243318,KXMLBGAME-25JUL22HOUARI-ARI,16,84,74,yes
1753243318793,1753243318,KXMLBGAME-25JUL22HOUARI-ARI,16,84,300,yes
1753243318793,1753243318,KXMLBGAME-25JUL22HOUARI-ARI,16,84,200,yes
1753243318793,1753243318,KXMLBGAME-25JUL22HOUARI-ARI,17,83,15,yes
1753243320570,1753243320,KXMLBGAME-25JUL22MINLAD-MIN,90,10,25,yes
1753243322684,1753243322,KXMLBGAME-25JUL22MILSEA-MIL,14,86,53,yes
1753243322684,1753243322,KXMLBGAME-25JUL22MILSEA-MIL,15,85,13,yes
1753243322684,1753243322,KXMLBGAME-25JUL22MILSEA-MIL,15,85,526,yes
1753243325141,1753243325,KXMLBGAME-25JUL22MINLAD-MIN,88,12,3,no
1753243325511,1753243325,KXMLBGAME-25JUL22HOUARI-HOU,87,13,185,yes
1753243325511,1753243325,KXMLBGAME-25JUL22HOUARI-HOU,87,13,200,yes
1753243325511,1753243325,KXMLBGAME-25JUL22HOUARI-HOU,87,13,119,yes
1753243325511,1753243325,KXMLBGAME-25JUL22HOUARI-HOU,87,13,87,yes
1753243325511,1753243325,KXMLBGAME-25JUL22HOUARI-HOU,87,13,200,yes
1753243325511,1753243325,KXMLBGAME-25JUL22HOUARI-HOU,87,13,315,yes
1753243325511,1753243325,KXMLBGAME-25JUL22HOUARI-HOU,89,11,600,yes
1753243325511,1753243325,KXMLBGAME-25JUL22HOUARI-HOU,89,11,300,yes
1753243325511,1753243325,KXMLBGAME-25JUL22HOUARI-HOU,89,11,200,yes
1753243325511,1753243325,KXMLBGAME-25JUL22HOUARI-HOU,90,10,199,yes
1753243326131,1753243326,KXMLBGAME-25JUL22HOUARI-HOU,84,16,13,no
1753243329647,1753243329,KXMLBGAME-25JUL22HOUARI-ARI,14,86,300,yes
1753243329647,1753243329,KXMLBGAME-25JUL22HOUARI-ARI,14,86,200,yes
1753243329647,1753243329,KXMLBGAME-25JUL22HOUARI-ARI,15,85,152,yes
1753243332370,1753243332,KXMLBGAME-25JUL22MILSEA-MIL,15,85,474,yes
1753243332370,1753243332,KXMLBGAME-25JUL22MILSEA-MIL,15,85,40,yes
1753243332370,1753243332,KXMLBGAME-25JUL22MILSEA-MIL,17,83,200,yes
1753243332370,1753243332,KXMLBGAME-25JUL22MILSEA-MIL,17,83,286,yes
1753243332871,1753243332,KXMLBGAME-25JUL22MILSEA-MIL,17,83,14,yes
1753243332871,1753243332,KXMLBGAME-25JUL22MILSEA-MIL,17,83,30,yes
1753243332871,1753243332,KXMLBGAME-25JUL22MILSEA-MIL,18,82,200,yes
1753243332871,1753243332,KXMLBGAME-25JUL22MILSEA-MIL,18,82,300,yes
1753243334111,1753243334,KXMLBGAME-25JUL22MILSEA-MIL,19,81,422,no
1753243335110,1753243335,KXMLBGAME-25JUL22MINLAD-MIN,91,9,5,yes
1753243335812,1753243335,KXMLBGAME-25JUL22MILSEA-MIL,19,81,448,no
1753243337630,1753243337,KXMLBGAME-25JUL22MINLAD-MIN,88,12,84,no
1753243337631,1753243337,KXMLBGAME-25JUL22MINLAD-MIN,88,12,3,no
1753243337631,1753243337,KXMLBGAME-25JUL22MILSEA-MIL,19,81,86,no
1753243337631,1753243337,KXMLBGAME-25JUL22MILSEA-MIL,17,83,87,no
1753243337631,1753243337,KXMLBGAME-25JUL22MILSEA-MIL,16,84,10,no
1753243337669,1753243337,KXMLBGAME-25JUL22MILSEA-SEA,80,20,42,yes
1753243339372,1753243339,KXMLBGAME-25JUL22HOUARI-ARI,16,84,300,yes
1753243339372,1753243339,KXMLBGAME-25JUL22HOUARI-ARI,16,84,55,yes
1753243339372,1753243339,KXMLBGAME-25JUL22HOUARI-ARI,16,84,200,yes
1753243339372,1753243339,KXMLBGAME-25JUL22HOUARI-ARI,16,84,22,yes
1753243339372,1753243339,KXMLBGAME-25JUL22HOUARI-ARI,17,83,12,yes
1753243340428,1753243340,KXMLBGAME-25JUL22MINLAD-LAD,12,88,1,yes
1753243340428,1753243340,KXMLBGAME-25JUL22MINLAD-LAD,12,88,1,yes
1753243343990,1753243343,KXMLBGAME-25JUL22HOUARI-HOU,89,11,87,yes
1753243343990,1753243343,KXMLBGAME-25JUL22HOUARI-HOU,90,10,24,yes
1753243345870,1753243345,KXMLBGAME-25JUL22MILSEA-MIL,26,74,44,yes
1753243345870,1753243345,KXMLBGAME-25JUL22MILSEA-MIL,27,73,78,yes
1753243346468,1753243346,KXMLBGAME-25JUL22MILSEA-SEA,77,23,16,yes
1753243347249,1753243347,KXMLBGAME-25JUL22MINLAD-MIN,86,14,24,yes
1753243347249,1753243347,KXMLBGAME-25JUL22MINLAD-MIN,87,13,830,yes
1753243350308,1753243350,KXMLBGAME-25JUL22MILSEA-MIL,28,72,3,yes
1753243354308,1753243354,KXMLBGAME-25JUL22MINLAD-LAD,14,86,18,no
1753243354308,1753243354,KXMLBGAME-25JUL22MINLAD-LAD,13,87,4,no
1753243355129,1753243355,KXMLBGAME-25JUL22MILSEA-SEA,76,24,51,yes
1753243355708,1753243355,KXMLBGAME-25JUL22MILSEA-SEA,76,24,404,yes
1753243356575,1753243356,KXMLBGAME-25JUL22MILSEA-SEA,76,24,145,yes
1753243356575,1753243356,KXMLBGAME-25JUL22MILSEA-SEA,76,24,293,yes
1753243357501,1753243357,KXMLBGAME-25JUL22MILSEA-SEA,76,24,49,yes
1753243361108,1753243361,KXMLBGAME-25JUL22MINLAD-MIN,86,14,14,yes
1753243366851,1753243366,KXMLBGAME-25JUL22HOUARI-ARI,16,84,58,yes
1753243366851,1753243366,KXMLBGAME-25JUL22HOUARI-ARI,16,84,21,yes
1753243366851,1753243366,KXMLBGAME-25JUL22HOUARI-ARI,16,84,200,yes
1753243366851,1753243366,KXMLBGAME-25JUL22HOUARI-ARI,16,84,300,yes
1753243366851,1753243366,KXMLBGAME-25JUL22HOUARI-ARI,17,83,10,yes
1753243368412,1753243368,KXMLBGAME-25JUL22MINLAD-LAD,14,86,10,no
1753243368412,1753243368,KXMLBGAME-25JUL22MINLAD-LAD,13,87,4329,no
1753243368412,1753243368,KXMLBGAME-25JUL22MINLAD-LAD,13,87,4333,no
1753243368412,1753243368,KXMLBGAME-25JUL22MINLAD-LAD,13,87,4,no
1753243368412,1753243368,KXMLBGAME-25JUL22MINLAD-LAD,10,90,242,no
1753243368412,1753243368,KXMLBGAME-25JUL22MINLAD-LAD,8,92,300,no
1753243368412,1753243368,KXMLBGAME-25JUL22MINLAD-LAD,7,93,100,no
1753243368412,1753243368,KXMLBGAME-25JUL22MINLAD-LAD,5,95,100,no
1753243368412,1753243368,KXMLBGAME-25JUL22MINLAD-LAD,5,95,10,no
1753243368412,1753243368,KXMLBGAME-25JUL22MINLAD-LAD,4,96,200,no
1753243368412,1753243368,KXMLBGAME-25JUL22MINLAD-LAD,2,98,300,no
1753243368412,1753243368,KXMLBGAME-25JUL22MINLAD-LAD,2,98,100,no
1753243368412,1753243368,KXMLBGAME-25JUL22MINLAD-LAD,1,99,1000,no
1753243368412,1753243368,KXMLBGAME-25JUL22MINLAD-LAD,1,99,1235,no
1753243369871,1753243369,KXMLBGAME-25JUL22MILSEA-MIL,23,77,32,yes
1753243369871,1753243369,KXMLBGAME-25JUL22MILSEA-MIL,24,76,8,yes
1753243370631,1753243370,KXMLBGAME-25JUL22MILSEA-SEA,80,20,26,yes
1753243370792,1753243370,KXMLBGAME-25JUL22MILSEA-SEA,80,20,11,yes
1753243371329,1753243371,KXMLBGAME-25JUL22MINLAD-LAD,14,86,33,yes
1753243376229,1753243376,KXMLBGAME-25JUL22MINLAD-LAD,14,86,168,yes
1753243377648,1753243377,KXMLBGAME-25JUL22MILSEA-SEA,80,20,135,yes
1753243381070,1753243381,KXMLBGAME-25JUL22HOUARI-HOU,84,16,50,no
1753243382469,1753243382,KXMLBGAME-25JUL22MILSEA-SEA,80,20,80,yes
1753243386770,1753243386,KXMLBGAME-25JUL22HOUARI-HOU,87,13,87,yes
1753243386770,1753243386,KXMLBGAME-25JUL22HOUARI-HOU,88,12,552,yes
1753243386770,1753243386,KXMLBGAME-25JUL22HOUARI-HOU,88,12,612,yes
1753243386770,1753243386,KXMLBGAME-25JUL22HOUARI-HOU,88,12,476,yes
1753243386770,1753243386,KXMLBGAME-25JUL22HOUARI-HOU,89,11,200,yes
1753243386771,1753243386,KXMLBGAME-25JUL22HOUARI-HOU,89,11,300,yes
1753243386771,1753243386,KXMLBGAME-25JUL22HOUARI-HOU,89,11,22,yes
1753243387089,1753243387,KXMLBGAME-25JUL22MILSEA-MIL,23,77,5,yes
1753243389709,1753243389,KXMLBGAME-25JUL22MILSEA-SEA,79,21,2,yes
1753243389809,1753243389,KXMLBGAME-25JUL22MILSEA-MIL,23,77,1,yes
1753243391909,1753243391,KXMLBGAME-25JUL22MINLAD-LAD,15,85,394,no
1753243391951,1753243391,KXMLBGAME-25JUL22MINLAD-MIN,87,13,36,no
1753243391951,1753243391,KXMLBGAME-25JUL22MINLAD-LAD,15,85,36,no
1753243392352,1753243392,KXMLBGAME-25JUL22MILSEA-SEA,79,21,85,yes
1753243392352,1753243392,KXMLBGAME-25JUL22MILSEA-SEA,79,21,2,yes
1753243392352,1753243392,KXMLBGAME-25JUL22MILSEA-SEA,80,20,37,yes
1753243392869,1753243392,KXMLBGAME-25JUL22MILSEA-MIL,23,77,13,yes
1753243393090,1753243393,KXMLBGAME-25JUL22MILSEA-MIL,23,77,412,yes
1753243393109,1753243393,KXMLBGAME-25JUL22MILSEA-SEA,77,23,5,no
1753243393110,1753243393,KXMLBGAME-25JUL22MILSEA-SEA,76,24,8,no
1753243398710,1753243398,KXMLBGAME-25JUL22HOUARI-ARI,13,87,1,yes
1753243404769,1753243404,KXMLBGAME-25JUL22MILSEA-MIL,19,81,72,no
1753243405190,1753243405,KXMLBGAME-25JUL22MILSEA-MIL,22,78,80,yes
1753243405190,1753243405,KXMLBGAME-25JUL22MILSEA-MIL,22,78,172,yes
1753243405190,1753243405,KXMLBGAME-25JUL22MILSEA-MIL,23,77,366,yes
1753243405729,1753243405,KXMLBGAME-25JUL22MINLAD-LAD,16,84,25,yes
1753243405789,1753243405,KXMLBGAME-25JUL22MINLAD-LAD,16,84,94,yes
1753243405810,1753243405,KXMLBGAME-25JUL22MINLAD-MIN,85,15,8,yes
1753243406529,1753243406,KXMLBGAME-25JUL22MILSEA-SEA,80,20,400,yes
1753243406910,1753243406,KXMLBGAME-25JUL22MILSEA-MIL,19,81,37,no
1753243409009,1753243408,KXMLBGAME-25JUL22MINLAD-MIN,85,15,242,no
1753243410428,1753243410,KXMLBGAME-25JUL22HOUARI-HOU,87,13,150,yes
1753243410768,1753243410,KXMLBGAME-25JUL22MILSEA-SEA,80,20,123,yes
1753243413070,1753243413,KXMLBGAME-25JUL22MILSEA-SEA,80,20,100,yes
1753243414014,1753243413,KXMLBGAME-25JUL22MILSEA-MIL,19,81,160,no
1753243417329,1753243417,KXMLBGAME-25JUL22HOUARI-HOU,87,13,30,yes
1753243417410,1753243417,KXMLBGAME-25JUL22MILSEA-MIL,23,77,28,yes
1753243418710,1753243418,KXMLBGAME-25JUL22HOUARI-ARI,15,85,199,yes
1753243418710,1753243418,KXMLBGAME-25JUL22HOUARI-ARI,15,85,300,yes
1753243418710,1753243418,KXMLBGAME-25JUL22HOUARI-ARI,16,84,122,yes
1753243419189,1753243419,KXMLBGAME-25JUL22HOUARI-HOU,87,13,420,yes
1753243419189,1753243419,KXMLBGAME-25JUL22HOUARI-HOU,87,13,87,yes
1753243420490,1753243420,KXMLBGAME-25JUL22MILSEA-MIL,23,77,247,yes
1753243421669,1753243421,KXMLBGAME-25JUL22MILSEA-SEA,80,20,124,yes
1753243423209,1753243423,KXMLBGAME-25JUL22MILSEA-MIL,22,78,21,yes
1753243424869,1753243424,KXMLBGAME-25JUL22MINLAD-LAD,16,84,59,yes
1753243425230,1753243425,KXMLBGAME-25JUL22MILSEA-SEA,80,20,216,yes
1753243425909,1753243425,KXMLBGAME-25JUL22MINLAD-LAD,16,84,1,yes
1753243426050,1753243426,KXMLBGAME-25JUL22MILSEA-MIL,19,81,462,no
1753243426931,1753243426,KXMLBGAME-25JUL22MILSEA-MIL,20,80,41,yes
1753243426931,1753243426,KXMLBGAME-25JUL22MILSEA-MIL,21,79,165,yes
1753243426970,1753243426,KXMLBGAME-25JUL22MILSEA-MIL,19,81,269,no
1753243429033,1753243428,KXMLBGAME-25JUL22MINLAD-MIN,85,15,6,yes
1753243429033,1753243428,KXMLBGAME-25JUL22MINLAD-MIN,86,14,17,yes
1753243429393,1753243429,KXMLBGAME-25JUL22MILSEA-MIL,21,79,13,yes
1753243429948,1753243429,KXMLBGAME-25JUL22MILSEA-MIL,21,79,221,yes
1753243430251,1753243430,KXMLBGAME-25JUL22MINLAD-LAD,16,84,41,yes
1753243430251,1753243430,KXMLBGAME-25JUL22MINLAD-LAD,17,83,2,yes
1753243430251,1753243430,KXMLBGAME-25JUL22MINLAD-LAD,17,83,237,yes
1753243430370,1753243430,KXMLBGAME-25JUL22MINLAD-MIN,83,17,27,no
1753243432145,1753243432,KXMLBGAME-25JUL22MINLAD-MIN,83,17,119,no
1753243433829,1753243433,KXMLBGAME-25JUL22HOUARI-ARI,16,84,78,yes
1753243433829,1753243433,KXMLBGAME-25JUL22HOUARI-ARI,16,84,69,yes
1753243433829,1753243433,KXMLBGAME-25JUL22HOUARI-ARI,16,84,18,yes
1753243433829,1753243433,KXMLBGAME-25JUL22HOUARI-ARI,16,84,300,yes
1753243433829,1753243433,KXMLBGAME-25JUL22HOUARI-ARI,17,83,200,yes
1753243433829,1753243433,KXMLBGAME-25JUL22HOUARI-ARI,17,83,195,yes
1753243436389,1753243436,KXMLBGAME-25JUL22MILSEA-MIL,21,79,22,yes
1753243437951,1753243437,KXMLBGAME-25JUL22MINLAD-MIN,85,15,4,yes
1753243437951,1753243437,KXMLBGAME-25JUL22MINLAD-MIN,86,14,74,yes
1753243438868,1753243438,KXMLBGAME-25JUL22MINLAD-LAD,18,82,2,yes
1753243438868,1753243438,KXMLBGAME-25JUL22MINLAD-LAD,19,81,97,yes
1753243439750,1753243439,KXMLBGAME-25JUL22MINLAD-MIN,85,15,3,yes
1753243439750,1753243439,KXMLBGAME-25JUL22MINLAD-MIN,86,14,23,yes
1753243446888,1753243446,KXMLBGAME-25JUL22MINLAD-MIN,85,15,3,yes
1753243446888,1753243446,KXMLBGAME-25JUL22MINLAD-MIN,86,14,76,yes
1753243448209,1753243448,KXMLBGAME-25JUL22MILSEA-MIL,20,80,5,yes
1753243449670,1753243449,KXMLBGAME-25JUL22MILSEA-SEA,84,16,87,yes
1753243449670,1753243449,KXMLBGAME-25JUL22MILSEA-SEA,85,15,8,yes
1753243450211,1753243450,KXMLBGAME-25JUL22MILSEA-SEA,84,16,87,yes
1753243450251,1753243450,KXMLBGAME-25JUL22MILSEA-MIL,16,84,30,no
1753243450410,1753243450,KXMLBGAME-25JUL22MINLAD-LAD,18,82,2,yes
1753243450410,1753243450,KXMLBGAME-25JUL22MINLAD-LAD,19,81,22,yes
1753243452270,1753243452,KXMLBGAME-25JUL22MINLAD-MIN,79,21,6,no
1753243456033,1753243455,KXMLBGAME-25JUL22HOUARI-HOU,86,14,5,yes
1753243457148,1753243457,KXMLBGAME-25JUL22MINLAD-LAD,18,82,2,yes
1753243457148,1753243457,KXMLBGAME-25JUL22MINLAD-LAD,19,81,97,yes
1753243457470,1753243457,KXMLBGAME-25JUL22MILSEA-MIL,21,79,123,yes
1753243461628,1753243461,KXMLBGAME-25JUL22MILSEA-SEA,84,16,600,yes
1753243467811,1753243467,KXMLBGAME-25JUL22MILSEA-MIL,18,82,74,yes
1753243467811,1753243467,KXMLBGAME-25JUL22MILSEA-MIL,19,81,4,yes
1753243468010,1753243467,KXMLBGAME-25JUL22MINLAD-MIN,85,15,2,yes
1753243468010,1753243467,KXMLBGAME-25JUL22MINLAD-MIN,85,15,1,yes
1753243468010,1753243467,KXMLBGAME-25JUL22MINLAD-MIN,86,14,61,yes
1753243468370,1753243468,KXMLBGAME-25JUL22MINLAD-MIN,85,15,3,yes
1753243468370,1753243468,KXMLBGAME-25JUL22MINLAD-MIN,86,14,92,yes
1753243468950,1753243468,KXMLBGAME-25JUL22MILSEA-SEA,85,15,116,yes
1753243471490,1753243471,KXMLBGAME-25JUL22HOUARI-HOU,86,14,115,yes
1753243473010,1753243472,KXMLBGAME-25JUL22MINLAD-LAD,17,83,92,yes
1753243473971,1753243473,KXMLBGAME-25JUL22MILSEA-MIL,16,84,30,no
1753243473971,1753243473,KXMLBGAME-25JUL22MILSEA-MIL,15,85,217,no
1753243479389,1753243479,KXMLBGAME-25JUL22MILSEA-SEA,85,15,17,yes
1753243479791,1753243479,KXMLBGAME-25JUL22MILSEA-MIL,19,81,49,yes
1753243481910,1753243481,KXMLBGAME-25JUL22HOUARI-ARI,17,83,69,yes
1753243481910,1753243481,KXMLBGAME-25JUL22HOUARI-ARI,18,82,200,yes
1753243481910,1753243481,KXMLBGAME-25JUL22HOUARI-ARI,18,82,260,yes
1753243483069,1753243483,KXMLBGAME-25JUL22MINLAD-LAD,17,83,3,no
1753243483329,1753243483,KXMLBGAME-25JUL22MINLAD-MIN,85,15,2,yes
1753243483329,1753243483,KXMLBGAME-25JUL22MINLAD-MIN,85,15,18,yes
1753243485679,1753243485,KXMLBGAME-25JUL22MINLAD-MIN,85,15,11,yes
1753243486529,1753243486,KXMLBGAME-25JUL22MINLAD-LAD,18,82,2,yes
1753243486529,1753243486,KXMLBGAME-25JUL22MINLAD-LAD,18,82,48,yes
1753243486912,1753243486,KXMLBGAME-25JUL22MILSEA-MIL,20,80,1,yes
1753243487243,1753243487,KXMLBGAME-25JUL22MINLAD-MIN,85,15,23,yes
1753243488549,1753243488,KXMLBGAME-25JUL22HOUARI-HOU,83,17,52,no
1753243488549,1753243488,KXMLBGAME-25JUL22HOUARI-HOU,82,18,170,no
1753243490678,1753243490,KXMLBGAME-25JUL22MINLAD-LAD,19,81,41,yes
1753243491850,1753243491,KXMLBGAME-25JUL22HOUARI-HOU,85,15,55,yes
1753243494828,1753243494,KXMLBGAME-25JUL22MILSEA-MIL,18,82,50,no
1753243494828,1753243494,KXMLBGAME-25JUL22MILSEA-MIL,17,83,87,no
1753243494828,1753243494,KXMLBGAME-25JUL22MILSEA-MIL,16,84,30,no
1753243496390,1753243496,KXMLBGAME-25JUL22HOUARI-ARI,18,82,39,yes
1753243496390,1753243496,KXMLBGAME-25JUL22HOUARI-ARI,19,81,200,yes
1753243496390,1753243496,KXMLBGAME-25JUL22HOUARI-ARI,19,81,261,yes
1753243499633,1753243499,KXMLBGAME-25JUL22HOUARI-HOU,85,15,45,yes
1753243501368,1753243501,KXMLBGAME-25JUL22MINLAD-MIN,85,15,291,yes
1753243503168,1753243503,KXMLBGAME-25JUL22MILSEA-MIL,18,82,65,yes
1753243503168,1753243503,KXMLBGAME-25JUL22MILSEA-MIL,19,81,200,yes
1753243503168,1753243503,KXMLBGAME-25JUL22MILSEA-MIL,19,81,280,yes
1753243505349,1753243505,KXMLBGAME-25JUL22HOUARI-HOU,82,18,5,no
1753243508110,1753243508,KXMLBGAME-25JUL22MILSEA-MIL,19,81,6,yes
1753243508746,1753243508,KXMLBGAME-25JUL22MILSEA-SEA,85,15,87,yes
1753243508746,1753243508,KXMLBGAME-25JUL22MILSEA-SEA,85,15,193,yes
1753243508746,1753243508,KXMLBGAME-25JUL22MILSEA-SEA,85,15,68,yes
1753243517148,1753243517,KXMLBGAME-25JUL22MILSEA-MIL,18,82,5,yes
1753243517547,1753243517,KXMLBGAME-25JUL22MINLAD-MIN,85,15,116,yes
1753243518987,1753243518,KXMLBGAME-25JUL22MILSEA-MIL,18,82,4,yes
1753243522008,1753243521,KXMLBGAME-25JUL22MILSEA-MIL,17,83,1,yes
1753243522008,1753243521,KXMLBGAME-25JUL22MILSEA-MIL,18,82,4,yes
1753243524050,1753243524,KXMLBGAME-25JUL22MILSEA-SEA,85,15,53,yes
1753243526174,1753243526,KXMLBGAME-25JUL22MINLAD-LAD,18,82,1,yes
1753243529835,1753243529,KXMLBGAME-25JUL22MILSEA-MIL,18,82,8,yes
1753243533233,1753243533,KXMLBGAME-25JUL22MINLAD-LAD,19,81,87,yes
1753243533233,1753243533,KXMLBGAME-25JUL22MINLAD-LAD,19,81,2,yes
1753243533410,1753243533,KXMLBGAME-25JUL22MINLAD-LAD,19,81,500,no
1753243535351,1753243535,KXMLBGAME-25JUL22MINLAD-LAD,19,81,34,no
1753243535448,1753243535,KXMLBGAME-25JUL22MINLAD-LAD,19,81,377,no
1753243535448,1753243535,KXMLBGAME-25JUL22MINLAD-LAD,17,83,305,no
1753243535448,1753243535,KXMLBGAME-25JUL22MINLAD-LAD,16,84,2,no
1753243535528,1753243535,KXMLBGAME-25JUL22MINLAD-MIN,84,16,200,yes
1753243537788,1753243537,KXMLBGAME-25JUL22MINLAD-LAD,16,84,88,yes
1753243543659,1753243543,KXMLBGAME-25JUL22MINLAD-MIN,85,15,35,yes
1753243543659,1753243543,KXMLBGAME-25JUL22MINLAD-MIN,86,14,253,yes
1753243544708,1753243544,KXMLBGAME-25JUL22MINLAD-LAD,16,84,29,yes
1753243545889,1753243545,KXMLBGAME-25JUL22MINLAD-MIN,86,14,26,yes
1753243545889,1753243545,KXMLBGAME-25JUL22MINLAD-MIN,87,13,88,yes
1753243546451,1753243546,KXMLBGAME-25JUL22MILSEA-SEA,85,15,87,yes
1753243546451,1753243546,KXMLBGAME-25JUL22MILSEA-SEA,85,15,29,yes
1753243550211,1753243550,KXMLBGAME-25JUL22MINLAD-LAD,17,83,11,yes
1753243554209,1753243554,KXMLBGAME-25JUL22MILSEA-MIL,20,80,87,yes
1753243554209,1753243554,KXMLBGAME-25JUL22MILSEA-MIL,20,80,7,yes
1753243555209,1753243555,KXMLBGAME-25JUL22MILSEA-MIL,20,80,16,yes
1753243555209,1753243555,KXMLBGAME-25JUL22MILSEA-MIL,20,80,66,yes
1753243557291,1753243557,KXMLBGAME-25JUL22MILSEA-MIL,20,80,18,no
1753243558718,1753243558,KXMLBGAME-25JUL22MINLAD-MIN,84,16,2,yes
1753243558718,1753243558,KXMLBGAME-25JUL22MINLAD-MIN,85,15,20,yes
1753243558718,1753243558,KXMLBGAME-25JUL22MINLAD-MIN,86,14,93,yes
1753243559845,1753243559,KXMLBGAME-25JUL22MILSEA-SEA,84,16,28,yes
1753243561629,1753243561,KXMLBGAME-25JUL22MILSEA-SEA,84,16,572,yes
1753243561629,1753243561,KXMLBGAME-25JUL22MILSEA-SEA,84,16,300,yes
1753243561629,1753243561,KXMLBGAME-25JUL22MILSEA-SEA,84,16,200,yes
1753243561629,1753243561,KXMLBGAME-25JUL22MILSEA-SEA,85,15,82,yes
1753243561710,1753243561,KXMLBGAME-25JUL22HOUARI-ARI,17,83,5,yes
1753243564111,1753243564,KXMLBGAME-25JUL22HOUARI-ARI,8,92,69,no
1753243570310,1753243570,KXMLBGAME-25JUL22MINLAD-LAD,20,80,2,yes
1753243572788,1753243572,KXMLBGAME-25JUL22MINLAD-LAD,20,80,15,no
1753243572788,1753243572,KXMLBGAME-25JUL22MINLAD-LAD,19,81,500,no
1753243572788,1753243572,KXMLBGAME-25JUL22MINLAD-LAD,18,82,293,no
1753243572929,1753243572,KXMLBGAME-25JUL22MINLAD-LAD,20,80,11,no
1753243573802,1753243573,KXMLBGAME-25JUL22HOUARI-ARI,16,84,17,yes
1753243576129,1753243576,KXMLBGAME-25JUL22MINLAD-LAD,20,80,271,yes
1753243579569,1753243579,KXMLBGAME-25JUL22MINLAD-LAD,21,79,14,yes
1753243579569,1753243579,KXMLBGAME-25JUL22MINLAD-LAD,21,79,108,yes
1753243581849,1753243581,KXMLBGAME-25JUL22MINLAD-LAD,21,79,50,yes
1753243584771,1753243584,KXMLBGAME-25JUL22HOUARI-ARI,16,84,27,yes
1753243584771,1753243584,KXMLBGAME-25JUL22HOUARI-ARI,16,84,300,yes
1753243584771,1753243584,KXMLBGAME-25JUL22HOUARI-ARI,16,84,200,yes
1753243584771,1753243584,KXMLBGAME-25JUL22HOUARI-ARI,16,84,12,yes
1753243584771,1753243584,KXMLBGAME-25JUL22HOUARI-ARI,17,83,48,yes
1753243586551,1753243586,KXMLBGAME-25JUL22HOUARI-HOU,87,13,87,yes
1753243586551,1753243586,KXMLBGAME-25JUL22HOUARI-HOU,88,12,26,yes
1753243586709,1753243586,KXMLBGAME-25JUL22MILSEA-MIL,16,84,282,yes
1753243586709,1753243586,KXMLBGAME-25JUL22MILSEA-MIL,16,84,13,yes
1753243586829,1753243586,KXMLBGAME-25JUL22MINLAD-MIN,79,21,929,no
1753243593390,1753243593,KXMLBGAME-25JUL22MILSEA-MIL,15,85,5,no
1753243593391,1753243593,KXMLBGAME-25JUL22MILSEA-MIL,13,87,87,no
1753243593391,1753243593,KXMLBGAME-25JUL22MILSEA-MIL,12,88,82,no
1753243600070,1753243600,KXMLBGAME-25JUL22MINLAD-MIN,80,20,8,yes
1753243600070,1753243600,KXMLBGAME-25JUL22MINLAD-MIN,81,19,89,yes
1753243602412,1753243602,KXMLBGAME-25JUL22HOUARI-ARI,16,84,30,yes
1753243602412,1753243602,KXMLBGAME-25JUL22HOUARI-ARI,16,84,21,yes
1753243602412,1753243602,KXMLBGAME-25JUL22HOUARI-ARI,17,83,200,yes
1753243602412,1753243602,KXMLBGAME-25JUL22HOUARI-ARI,17,83,307,yes
1753243602569,1753243602,KXMLBGAME-25JUL22MINLAD-MIN,78,22,168,no
1753243604571,1753243604,KXMLBGAME-25JUL22HOUARI-HOU,85,15,97,no
1753243604988,1753243604,KXMLBGAME-25JUL22HOUARI-ARI,16,84,11,yes
1753243606068,1753243606,KXMLBGAME-25JUL22MINLAD-LAD,20,80,6,no
1753243606068,1753243606,KXMLBGAME-25JUL22MINLAD-LAD,19,81,33,no
1753243613190,1753243613,KXMLBGAME-25JUL22MINLAD-MIN,80,20,5,yes
1753243613190,1753243613,KXMLBGAME-25JUL22MINLAD-MIN,81,19,4,yes
1753243613190,1753243613,KXMLBGAME-25JUL22HOUARI-ARI,17,83,36,yes
1753243613190,1753243613,KXMLBGAME-25JUL22HOUARI-ARI,18,82,300,yes
1753243613190,1753243613,KXMLBGAME-25JUL22HOUARI-ARI,18,82,191,yes
1753243617510,1753243617,KXMLBGAME-25JUL22MINLAD-LAD,20,80,33,yes
1753243618031,1753243617,KXMLBGAME-25JUL22MILSEA-MIL,15,85,72,no
1753243618171,1753243618,KXMLBGAME-25JUL22MILSEA-SEA,85,15,115,yes
1753243618731,1753243618,KXMLBGAME-25JUL22MINLAD-LAD,20,80,94,yes
1753243620231,1753243620,KXMLBGAME-25JUL22MILSEA-MIL,17,83,283,yes
1753243620271,1753243620,KXMLBGAME-25JUL22MILSEA-MIL,18,82,71,yes
1753243620271,1753243620,KXMLBGAME-25JUL22MILSEA-MIL,18,82,16,yes
1753243620271,1753243620,KXMLBGAME-25JUL22MILSEA-MIL,19,81,200,yes
1753243620271,1753243620,KXMLBGAME-25JUL22MILSEA-MIL,19,81,300,yes
1753243620271,1753243620,KXMLBGAME-25JUL22MILSEA-MIL,20,80,200,yes
1753243620271,1753243620,KXMLBGAME-25JUL22MILSEA-MIL,20,80,213,yes
1753243620388,1753243620,KXMLBGAME-25JUL22MILSEA-SEA,81,19,50,no
1753243622308,1753243622,KXMLBGAME-25JUL22MINLAD-MIN,80,20,280,no
1753243622956,1753243622,KXMLBGAME-25JUL22MILSEA-SEA,80,20,87,yes
1753243625209,1753243625,KXMLBGAME-25JUL22HOUARI-ARI,17,83,200,yes
1753243625209,1753243625,KXMLBGAME-25JUL22HOUARI-ARI,17,83,27,yes
1753243625209,1753243625,KXMLBGAME-25JUL22HOUARI-ARI,18,82,500,yes
1753243625209,1753243625,KXMLBGAME-25JUL22HOUARI-ARI,18,82,73,yes
1753243625290,1753243625,KXMLBGAME-25JUL22HOUARI-HOU,86,14,200,no
1753243627688,1753243627,KXMLBGAME-25JUL22MILSEA-MIL,23,77,82,yes
1753243628736,1753243628,KXMLBGAME-25JUL22HOUARI-ARI,8,92,15,no
1753243628736,1753243628,KXMLBGAME-25JUL22HOUARI-ARI,8,92,3,no
1753243628736,1753243628,KXMLBGAME-25JUL22HOUARI-ARI,8,92,69,no
1753243628736,1753243628,KXMLBGAME-25JUL22HOUARI-ARI,7,93,100,no
1753243628736,1753243628,KXMLBGAME-25JUL22HOUARI-ARI,7,93,80,no
1753243628736,1753243628,KXMLBGAME-25JUL22HOUARI-ARI,5,95,1,no
1753243628928,1753243628,KXMLBGAME-25JUL22MILSEA-MIL,22,78,12,yes
1753243629231,1753243629,KXMLBGAME-25JUL22MILSEA-SEA,79,21,6,yes
1753243631730,1753243631,KXMLBGAME-25JUL22MILSEA-SEA,75,25,67,no
1753243631730,1753243631,KXMLBGAME-25JUL22MILSEA-SEA,74,26,62,no
1753243632907,1753243632,KXMLBGAME-25JUL22MINLAD-LAD,21,79,2,yes
1753243632907,1753243632,KXMLBGAME-25JUL22MINLAD-LAD,21,79,200,yes
1753243632907,1753243632,KXMLBGAME-25JUL22MINLAD-LAD,21,79,249,yes
1753243634510,1753243634,KXMLBGAME-25JUL22MILSEA-MIL,20,80,55,no
1753243640770,1753243640,KXMLBGAME-25JUL22MILSEA-SEA,78,22,30,yes
1753243641330,1753243641,KXMLBGAME-25JUL22HOUARI-ARI,17,83,42,yes
1753243641330,1753243641,KXMLBGAME-25JUL22HOUARI-ARI,18,82,18,yes
1753243645550,1753243645,KXMLBGAME-25JUL22MINLAD-LAD,16,84,4,no
1753243645648,1753243645,KXMLBGAME-25JUL22MINLAD-MIN,84,16,4,yes
1753243645648,1753243645,KXMLBGAME-25JUL22MINLAD-MIN,84,16,2,yes
1753243648933,1753243648,KXMLBGAME-25JUL22MILSEA-MIL,22,78,8,yes
1753243648933,1753243648,KXMLBGAME-25JUL22MILSEA-MIL,22,78,13,yes
1753243649069,1753243649,KXMLBGAME-25JUL22MILSEA-MIL,21,79,5,yes
1753243649069,1753243649,KXMLBGAME-25JUL22MILSEA-MIL,22,78,210,yes
1753243649254,1753243649,KXMLBGAME-25JUL22MINLAD-MIN,84,16,13,no
1753243649549,1753243649,KXMLBGAME-25JUL22MINLAD-LAD,16,84,13,yes
1753243650589,1753243650,KXMLBGAME-25JUL22MILSEA-MIL,20,80,53,no
1753243651628,1753243651,KXMLBGAME-25JUL22MINLAD-MIN,84,16,1000,no
1753243652868,1753243652,KXMLBGAME-25JUL22MILSEA-SEA,78,22,1,yes
1753243652930,1753243652,KXMLBGAME-25JUL22MILSEA-SEA,78,22,200,yes
1753243654728,1753243654,KXMLBGAME-25JUL22MINLAD-MIN,84,16,2000,no
1753243655091,1753243655,KXMLBGAME-25JUL22MILSEA-MIL,22,78,11,yes
1753243655091,1753243655,KXMLBGAME-25JUL22MILSEA-MIL,23,77,10,yes
1753243657570,1753243657,KXMLBGAME-25JUL22MILSEA-SEA,75,25,50,no
1753243657570,1753243657,KXMLBGAME-25JUL22MILSEA-SEA,74,26,83,no
1753243657950,1753243657,KXMLBGAME-25JUL22MILSEA-MIL,20,80,392,no
1753243657950,1753243657,KXMLBGAME-25JUL22MILSEA-MIL,20,80,87,no
1753243657950,1753243657,KXMLBGAME-25JUL22MILSEA-MIL,19,81,500,no
1753243657950,1753243657,KXMLBGAME-25JUL22MILSEA-MIL,17,83,237,no
1753243663810,1753243663,KXMLBGAME-25JUL22MINLAD-MIN,84,16,2,yes
1753243663810,1753243663,KXMLBGAME-25JUL22MINLAD-MIN,85,15,11,yes
1753243664769,1753243664,KXMLBGAME-25JUL22MILSEA-MIL,23,77,8,yes
1753243664849,1753243664,KXMLBGAME-25JUL22MILSEA-MIL,23,77,8,yes
1753243667012,1753243666,KXMLBGAME-25JUL22HOUARI-ARI,18,82,10,yes
1753243667012,1753243666,KXMLBGAME-25JUL22HOUARI-ARI,18,82,10,yes
1753243667088,1753243667,KXMLBGAME-25JUL22HOUARI-HOU,85,15,10,no
1753243667591,1753243667,KXMLBGAME-25JUL22HOUARI-HOU,86,14,34,yes
1753243667751,1753243667,KXMLBGAME-25JUL22MILSEA-MIL,22,78,5,yes
1753243667751,1753243667,KXMLBGAME-25JUL22MILSEA-MIL,23,77,77,yes
1753243672530,1753243672,KXMLBGAME-25JUL22MINLAD-LAD,17,83,13,yes
1753243673805,1753243673,KXMLBGAME-25JUL22MILSEA-MIL,23,77,12,yes
1753243675133,1753243675,KXMLBGAME-25JUL22MILSEA-MIL,23,77,83,yes
1753243680270,1753243680,KXMLBGAME-25JUL22MILSEA-MIL,23,77,115,yes
1753243680350,1753243680,KXMLBGAME-25JUL22HOUARI-HOU,86,14,10,yes
1753243680350,1753243680,KXMLBGAME-25JUL22HOUARI-HOU,90,10,59,yes
1753243680350,1753243680,KXMLBGAME-25JUL22HOUARI-HOU,95,5,111,yes
1753243680350,1753243680,KXMLBGAME-25JUL22HOUARI-HOU,96,4,200,yes
1753243680350,1753243680,KXMLBGAME-25JUL22HOUARI-HOU,97,3,40,yes
1753243680829,1753243680,KXMLBGAME-25JUL22MINLAD-MIN,83,17,7,no
1753243681230,1753243681,KXMLBGAME-25JUL22MILSEA-MIL,23,77,33,yes
1753243681230,1753243681,KXMLBGAME-25JUL22MILSEA-MIL,24,76,60,yes
1753243681230,1753243681,KXMLBGAME-25JUL22MILSEA-MIL,25,75,196,yes
1753243683352,1753243683,KXMLBGAME-25JUL22MILSEA-MIL,16,84,42,no
1753243685080,1753243684,KXMLBGAME-25JUL22HOUARI-HOU,85,15,5,no
1753243689792,1753243689,KXMLBGAME-25JUL22MILSEA-MIL,24,76,45,yes
1753243689792,1753243689,KXMLBGAME-25JUL22MILSEA-MIL,24,76,14,yes
1753243691392,1753243691,KXMLBGAME-25JUL22MILSEA-SEA,77,23,10,no
1753243691392,1753243691,KXMLBGAME-25JUL22MILSEA-SEA,76,24,30,no
1753243691650,1753243691,KXMLBGAME-25JUL22MILSEA-SEA,78,22,12,yes
1753243691936,1753243691,KXMLBGAME-25JUL22MINLAD-LAD,14,86,2,no
1753243694930,1753243694,KXMLBGAME-25JUL22HOUARI-ARI,17,83,555,yes
1753243704410,1753243704,KXMLBGAME-25JUL22MILSEA-SEA,77,23,5,yes
1753243704507,1753243704,KXMLBGAME-25JUL22MILSEA-MIL,24,76,100,yes
1753243706888,1753243706,KXMLBGAME-25JUL22HOUARI-ARI,17,83,40,yes
1753243706888,1753243706,KXMLBGAME-25JUL22HOUARI-ARI,18,82,500,yes
1753243706888,1753243706,KXMLBGAME-25JUL22HOUARI-ARI,18,82,250,yes
1753243708351,1753243708,KXMLBGAME-25JUL22MILSEA-MIL,24,76,7,yes
1753243709830,1753243709,KXMLBGAME-25JUL22MILSEA-SEA,77,23,348,yes
1753243709830,1753243709,KXMLBGAME-25JUL22MILSEA-SEA,77,23,513,yes
1753243710150,1753243710,KXMLBGAME-25JUL22MINLAD-MIN,86,14,5,yes
1753243710150,1753243710,KXMLBGAME-25JUL22MINLAD-MIN,86,14,46,yes
1753243714328,1753243714,KXMLBGAME-25JUL22HOUARI-ARI,17,83,30,yes
1753243714328,1753243714,KXMLBGAME-25JUL22HOUARI-ARI,18,82,76,yes
1753243714669,1753243714,KXMLBGAME-25JUL22HOUARI-HOU,86,14,10,yes
1753243715228,1753243715,KXMLBGAME-25JUL22HOUARI-HOU,86,14,57,yes
1753243717089,1753243717,KXMLBGAME-25JUL22HOUARI-HOU,87,13,107,yes
1753243721890,1753243721,KXMLBGAME-25JUL22HOUARI-HOU,87,13,22,yes
1753243723679,1753243723,KXMLBGAME-25JUL22MILSEA-SEA,80,20,25,yes
1753243725470,1753243725,KXMLBGAME-25JUL22MINLAD-MIN,86,14,143,yes
1753243725470,1753243725,KXMLBGAME-25JUL22MINLAD-MIN,86,14,249,yes
1753243725470,1753243725,KXMLBGAME-25JUL22MINLAD-MIN,86,14,5,yes
1753243725589,1753243725,KXMLBGAME-25JUL22MILSEA-MIL,22,78,63,yes
1753243725750,1753243725,KXMLBGAME-25JUL22MILSEA-SEA,81,19,292,yes
1753243726376,1753243726,KXMLBGAME-25JUL22MILSEA-MIL,22,78,50,yes
1753243728470,1753243728,KXMLBGAME-25JUL22MINLAD-MIN,87,13,15,yes
1753243728470,1753243728,KXMLBGAME-25JUL22MINLAD-MIN,88,12,2,yes
1753243728470,1753243728,KXMLBGAME-25JUL22MINLAD-MIN,89,11,300,yes
1753243728470,1753243728,KXMLBGAME-25JUL22MINLAD-MIN,89,11,200,yes
1753243728470,1753243728,KXMLBGAME-25JUL22MINLAD-MIN,90,10,40,yes
1753243730029,1753243729,KXMLBGAME-25JUL22HOUARI-HOU,85,15,20,no
1753243730568,1753243730,KXMLBGAME-25JUL22MILSEA-MIL,22,78,21,yes
1753243733408,1753243733,KXMLBGAME-25JUL22MINLAD-MIN,89,11,111,yes
1753243735509,1753243735,KXMLBGAME-25JUL22MILSEA-SEA,81,19,60,yes
1753243736769,1753243736,KXMLBGAME-25JUL22MINLAD-LAD,13,87,36,yes
1753243741309,1753243741,KXMLBGAME-25JUL22MILSEA-SEA,81,19,60,yes
1753243741670,1753243741,KXMLBGAME-25JUL22MINLAD-LAD,12,88,13,no
1753243742050,1753243742,KXMLBGAME-25JUL22HOUARI-HOU,87,13,11,yes
1753243742649,1753243742,KXMLBGAME-25JUL22MILSEA-SEA,81,19,11,yes
1753243743288,1753243743,KXMLBGAME-25JUL22MINLAD-MIN,88,12,78,yes
1753243745009,1753243744,KXMLBGAME-25JUL22MILSEA-MIL,19,81,39,no
1753243745892,1753243745,KXMLBGAME-25JUL22MILSEA-MIL,22,78,271,yes
1753243745892,1753243745,KXMLBGAME-25JUL22MILSEA-MIL,22,78,64,yes
1753243745893,1753243745,KXMLBGAME-25JUL22MILSEA-MIL,23,77,200,yes
1753243745893,1753243745,KXMLBGAME-25JUL22MILSEA-MIL,23,77,300,yes
1753243745893,1753243745,KXMLBGAME-25JUL22MILSEA-MIL,24,76,4,yes
1753243747929,1753243747,KXMLBGAME-25JUL22MINLAD-LAD,13,87,275,yes
1753243752271,1753243752,KXMLBGAME-25JUL22MINLAD-MIN,86,14,26,no
1753243754050,1753243754,KXMLBGAME-25JUL22MINLAD-LAD,12,88,85,no
1753243762930,1753243762,KXMLBGAME-25JUL22MILSEA-SEA,81,19,204,yes
1753243762931,1753243762,KXMLBGAME-25JUL22MILSEA-SEA,81,19,294,yes
1753243765089,1753243765,KXMLBGAME-25JUL22HOUARI-HOU,86,14,1656,yes
1753243765089,1753243765,KXMLBGAME-25JUL22HOUARI-HOU,86,14,1031,yes
1753243765710,1753243765,KXMLBGAME-25JUL22MILSEA-SEA,81,19,6,yes
1753243765711,1753243765,KXMLBGAME-25JUL22MILSEA-SEA,82,18,54,yes
1753243767129,1753243767,KXMLBGAME-25JUL22MILSEA-SEA,79,21,48,no
1753243767130,1753243767,KXMLBGAME-25JUL22MILSEA-SEA,78,22,500,no
1753243767130,1753243767,KXMLBGAME-25JUL22MILSEA-SEA,78,22,1217,no
1753243767909,1753243767,KXMLBGAME-25JUL22MILSEA-MIL,20,80,9,yes
1753243770389,1753243770,KXMLBGAME-25JUL22MINLAD-MIN,86,14,34,no
1753243770389,1753243770,KXMLBGAME-25JUL22MINLAD-MIN,85,15,4,no
1753243773688,1753243773,KXMLBGAME-25JUL22MINLAD-MIN,85,15,10,yes
1753243773689,1753243773,KXMLBGAME-25JUL22MINLAD-MIN,86,14,500,yes
1753243773689,1753243773,KXMLBGAME-25JUL22MINLAD-MIN,86,14,247,yes
1753243778190,1753243778,KXMLBGAME-25JUL22MINLAD-LAD,15,85,90,no
1753243781127,1753243781,KXMLBGAME-25JUL22MILSEA-MIL,21,79,22,yes
1753243782011,1753243781,KXMLBGAME-25JUL22HOUARI-ARI,16,84,200,yes
1753243782011,1753243781,KXMLBGAME-25JUL22HOUARI-ARI,16,84,39,yes
1753243782011,1753243781,KXMLBGAME-25JUL22HOUARI-ARI,17,83,200,yes
1753243782011,1753243781,KXMLBGAME-25JUL22HOUARI-ARI,17,83,300,yes
1753243782011,1753243781,KXMLBGAME-25JUL22HOUARI-ARI,18,82,339,yes
1753243788591,1753243788,KXMLBGAME-25JUL22HOUARI-HOU,87,13,56,yes
1753243790848,1753243790,KXMLBGAME-25JUL22MILSEA-SEA,83,17,5,yes
1753243792603,1753243792,KXMLBGAME-25JUL22HOUARI-ARI,17,83,29,yes
1753243792603,1753243792,KXMLBGAME-25JUL22HOUARI-ARI,18,82,261,yes
1753243792603,1753243792,KXMLBGAME-25JUL22HOUARI-ARI,18,82,300,yes
1753243792603,1753243792,KXMLBGAME-25JUL22HOUARI-ARI,19,81,413,yes
1753243794190,1753243794,KXMLBGAME-25JUL22MINLAD-LAD,16,84,4,yes
1753243794190,1753243794,KXMLBGAME-25JUL22MINLAD-LAD,17,83,1,yes
1753243804787,1753243804,KXMLBGAME-25JUL22MINLAD-LAD,21,79,5,yes
1753243804787,1753243804,KXMLBGAME-25JUL22MINLAD-MIN,77,23,13,no
1753243806836,1753243806,KXMLBGAME-25JUL22MILSEA-MIL,17,83,87,no
1753243806836,1753243806,KXMLBGAME-25JUL22MILSEA-MIL,16,84,58,no
1753243806836,1753243806,KXMLBGAME-25JUL22MILSEA-MIL,16,84,447,no
1753243807449,1753243807,KXMLBGAME-25JUL22MINLAD-LAD,29,71,40,yes
1753243807489,1753243807,KXMLBGAME-25JUL22MILSEA-MIL,20,80,57,yes
1753243807489,1753243807,KXMLBGAME-25JUL22MILSEA-MIL,21,79,9,yes
1753243807848,1753243807,KXMLBGAME-25JUL22MILSEA-SEA,83,17,13,yes
1753243810390,1753243810,KXMLBGAME-25JUL22MINLAD-LAD,34,66,41,no
1753243810568,1753243810,KXMLBGAME-25JUL22MINLAD-MIN,63,37,500,yes
1753243810647,1753243810,KXMLBGAME-25JUL22HOUARI-HOU,85,15,400,yes
1753243810647,1753243810,KXMLBGAME-25JUL22HOUARI-HOU,85,15,323,yes
1753243811512,1753243811,KXMLBGAME-25JUL22HOUARI-HOU,85,15,277,yes
1753243818530,1753243818,KXMLBGAME-25JUL22MILSEA-MIL,20,80,4,yes
1753243819123,1753243819,KXMLBGAME-25JUL22HOUARI-ARI,17,83,1,yes
1753243821751,1753243821,KXMLBGAME-25JUL22MILSEA-MIL,20,80,14,yes
1753243826392,1753243826,KXMLBGAME-25JUL22HOUARI-HOU,86,14,200,yes
1753243826970,1753243826,KXMLBGAME-25JUL22MINLAD-MIN,65,35,8,yes
1753243826970,1753243826,KXMLBGAME-25JUL22MINLAD-MIN,65,35,12,yes
1753243832592,1753243832,KXMLBGAME-25JUL22MILSEA-SEA,82,18,14,yes
1753243835502,1753243835,KXMLBGAME-25JUL22MINLAD-LAD,37,63,5,yes
1753243835502,1753243835,KXMLBGAME-25JUL22MINLAD-LAD,37,63,46,yes
1753243835648,1753243835,KXMLBGAME-25JUL22MINLAD-LAD,35,65,6,no
1753243835648,1753243835,KXMLBGAME-25JUL22MINLAD-LAD,35,65,34,no
1753243836909,1753243836,KXMLBGAME-25JUL22MINLAD-LAD,37,63,129,yes
1753243838890,1753243838,KXMLBGAME-25JUL22MINLAD-MIN,65,35,75,yes
1753243838931,1753243838,KXMLBGAME-25JUL22MILSEA-MIL,19,81,87,no
1753243838931,1753243838,KXMLBGAME-25JUL22MILSEA-MIL,18,82,435,no
1753243843251,1753243843,KXMLBGAME-25JUL22HOUARI-ARI,14,86,25,no
1753243843251,1753243843,KXMLBGAME-25JUL22HOUARI-ARI,13,87,55,no
1753243843793,1753243843,KXMLBGAME-25JUL22MILSEA-MIL,18,82,40,no
1753243844530,1753243844,KXMLBGAME-25JUL22MINLAD-LAD,37,63,25,yes
1753243844530,1753243844,KXMLBGAME-25JUL22MINLAD-LAD,37,63,39,yes
1753243847075,1753243847,KXMLBGAME-25JUL22MINLAD-LAD,36,64,18,no
1753243848819,1753243848,KXMLBGAME-25JUL22MILSEA-SEA,81,19,141,yes
1753243849649,1753243849,KXMLBGAME-25JUL22MINLAD-LAD,37,63,4,yes
1753243849649,1753243849,KXMLBGAME-25JUL22MINLAD-LAD,37,63,5,yes
1753243849649,1753243849,KXMLBGAME-25JUL22MINLAD-LAD,37,63,1,yes
1753243849649,1753243849,KXMLBGAME-25JUL22MINLAD-LAD,38,62,2,yes
1753243853029,1753243852,KXMLBGAME-25JUL22MILSEA-MIL,17,83,87,no
1753243853094,1753243853,KXMLBGAME-25JUL22MILSEA-SEA,82,18,87,yes
1753243855409,1753243855,KXMLBGAME-25JUL22HOUARI-HOU,88,12,56,yes
1753243855891,1753243855,KXMLBGAME-25JUL22MILSEA-MIL,13,87,68,yes
1753243856450,1753243856,KXMLBGAME-25JUL22MINLAD-LAD,37,63,5,yes
1753243856450,1753243856,KXMLBGAME-25JUL22MINLAD-LAD,37,63,20,yes
1753243858542,1753243858,KXMLBGAME-25JUL22MILSEA-MIL,14,86,13,yes
1753243858850,1753243858,KXMLBGAME-25JUL22MILSEA-SEA,86,14,13,no
1753243859248,1753243859,KXMLBGAME-25JUL22HOUARI-ARI,15,85,200,yes
1753243859248,1753243859,KXMLBGAME-25JUL22HOUARI-ARI,16,84,22,yes
1753243859249,1753243859,KXMLBGAME-25JUL22HOUARI-ARI,16,84,14,yes
1753243859249,1753243859,KXMLBGAME-25JUL22HOUARI-ARI,17,83,345,yes
1753243859878,1753243859,KXMLBGAME-25JUL22MINLAD-LAD,37,63,26,yes
1753243860411,1753243860,KXMLBGAME-25JUL22HOUARI-HOU,88,12,19,yes
1753243862688,1753243862,KXMLBGAME-25JUL22MILSEA-SEA,90,10,1000,yes
1753243862688,1753243862,KXMLBGAME-25JUL22MILSEA-SEA,90,10,103,yes
1753243862688,1753243862,KXMLBGAME-25JUL22HOUARI-ARI,16,84,27,yes
1753243862688,1753243862,KXMLBGAME-25JUL22HOUARI-ARI,16,84,5,yes
1753243862688,1753243862,KXMLBGAME-25JUL22HOUARI-ARI,17,83,29,yes
1753243863230,1753243863,KXMLBGAME-25JUL22MINLAD-LAD,37,63,5,yes
1753243863230,1753243863,KXMLBGAME-25JUL22MINLAD-LAD,38,62,7,yes
1753243864189,1753243864,KXMLBGAME-25JUL22MILSEA-SEA,90,10,7,yes
1753243865251,1753243865,KXMLBGAME-25JUL22MINLAD-LAD,37,63,5,yes
1753243865251,1753243865,KXMLBGAME-25JUL22MINLAD-LAD,38,62,20,yes
1753243867972,1753243867,KXMLBGAME-25JUL22HOUARI-HOU,87,13,3,yes
1753243869914,1753243869,KXMLBGAME-25JUL22MILSEA-MIL,11,89,15,yes
1753243872054,1753243871,KXMLBGAME-25JUL22MINLAD-LAD,34,66,5,yes
1753243872869,1753243872,KXMLBGAME-25JUL22MINLAD-LAD,34,66,5,yes
1753243873530,1753243873,KXMLBGAME-25JUL22HOUARI-ARI,16,84,13,yes
1753243874089,1753243874,KXMLBGAME-25JUL22MINLAD-LAD,36,64,66,yes
1753243877255,1753243877,KXMLBGAME-25JUL22MILSEA-MIL,10,90,1,no
1753243877255,1753243877,KXMLBGAME-25JUL22MILSEA-MIL,8,92,12,no
1753243877691,1753243877,KXMLBGAME-25JUL22MINLAD-LAD,36,64,26,yes
1753243877710,1753243877,KXMLBGAME-25JUL22MILSEA-SEA,90,10,13,yes
1753243879250,1753243879,KXMLBGAME-25JUL22MILSEA-SEA,90,10,51,yes
1753243879250,1753243879,KXMLBGAME-25JUL22MILSEA-SEA,91,9,58,yes
1753243882068,1753243882,KXMLBGAME-25JUL22MILSEA-SEA,91,9,109,yes
1753243882601,1753243882,KXMLBGAME-25JUL22MILSEA-MIL,11,89,11,yes
1753243883689,1753243883,KXMLBGAME-25JUL22MINLAD-LAD,36,64,460,yes
1753243884550,1753243884,KXMLBGAME-25JUL22MINLAD-LAD,36,64,248,yes
1753243887249,1753243887,KXMLBGAME-25JUL22HOUARI-HOU,85,15,29,yes
1753243887249,1753243887,KXMLBGAME-25JUL22HOUARI-HOU,87,13,28,yes
1753243887652,1753243887,KXMLBGAME-25JUL22MINLAD-MIN,62,38,3,no
1753243887653,1753243887,KXMLBGAME-25JUL22MINLAD-MIN,60,40,80,no
1753243891971,1753243891,KXMLBGAME-25JUL22HOUARI-ARI,17,83,27,yes
1753243891971,1753243891,KXMLBGAME-25JUL22HOUARI-ARI,18,82,200,yes
1753243891971,1753243891,KXMLBGAME-25JUL22HOUARI-ARI,18,82,37,yes
1753243892809,1753243892,KXMLBGAME-25JUL22MILSEA-MIL,7,93,21,no
1753243894750,1753243894,KXMLBGAME-25JUL22MINLAD-LAD,40,60,59,yes
1753243895471,1753243895,KXMLBGAME-25JUL22MINLAD-MIN,63,37,15,yes
1753243896089,1753243895,KXMLBGAME-25JUL22MINLAD-LAD,38,62,187,yes
1753243896611,1753243896,KXMLBGAME-25JUL22MINLAD-LAD,38,62,359,yes
1753243897070,1753243897,KXMLBGAME-25JUL22MILSEA-MIL,10,90,11,yes
1753243898269,1753243898,KXMLBGAME-25JUL22MINLAD-LAD,38,62,123,yes
1753243900730,1753243900,KXMLBGAME-25JUL22MILSEA-SEA,93,7,600,yes
1753243900730,1753243900,KXMLBGAME-25JUL22MILSEA-SEA,93,7,27,yes
1753243901288,1753243901,KXMLBGAME-25JUL22MINLAD-LAD,38,62,63,yes
1753243902491,1753243902,KXMLBGAME-25JUL22MILSEA-SEA,93,7,5,yes
1753243903949,1753243903,KXMLBGAME-25JUL22MINLAD-LAD,38,62,156,yes
1753243903949,1753243903,KXMLBGAME-25JUL22MILSEA-SEA,89,11,11,no
1753243904171,1753243904,KXMLBGAME-25JUL22HOUARI-HOU,85,15,17,yes
1753243906489,1753243906,KXMLBGAME-25JUL22MINLAD-LAD,39,61,119,yes
1753243907151,1753243907,KXMLBGAME-25JUL22MILSEA-SEA,89,11,76,no
1753243907151,1753243907,KXMLBGAME-25JUL22MILSEA-SEA,89,11,9,no
1753243910068,1753243909,KXMLBGAME-25JUL22MINLAD-LAD,39,61,36,yes
1753243910168,1753243910,KXMLBGAME-25JUL22MINLAD-MIN,63,37,42,yes
1753243910168,1753243910,KXMLBGAME-25JUL22MINLAD-MIN,64,36,4,yes
1753243913010,1753243912,KXMLBGAME-25JUL22MILSEA-MIL,10,90,17,yes
1753243914909,1753243914,KXMLBGAME-25JUL22MILSEA-MIL,9,91,9,yes
1753243915150,1753243915,KXMLBGAME-25JUL22HOUARI-HOU,85,15,29,yes
1753243917270,1753243917,KXMLBGAME-25JUL22MILSEA-SEA,94,6,3,yes
1753243917429,1753243917,KXMLBGAME-25JUL22MILSEA-SEA,90,10,42,no
1753243917671,1753243917,KXMLBGAME-25JUL22MINLAD-LAD,39,61,10,yes
1753243919848,1753243919,KXMLBGAME-25JUL22MINLAD-LAD,39,61,151,yes
1753243923777,1753243923,KXMLBGAME-25JUL22MINLAD-LAD,39,61,61,yes
1753243924229,1753243924,KXMLBGAME-25JUL22MINLAD-LAD,37,63,32,no
1753243924229,1753243924,KXMLBGAME-25JUL22MINLAD-LAD,36,64,248,no
1753243924649,1753243924,KXMLBGAME-25JUL22MILSEA-SEA,90,10,25,no
1753243925630,1753243925,KXMLBGAME-25JUL22MILSEA-SEA,94,6,83,yes
1753243925630,1753243925,KXMLBGAME-25JUL22MILSEA-SEA,94,6,2,yes
1753243925630,1753243925,KXMLBGAME-25JUL22MILSEA-SEA,95,5,107,yes
1753243929549,1753243929,KXMLBGAME-25JUL22MILSEA-MIL,9,91,13,yes
1753243930209,1753243930,KXMLBGAME-25JUL22MILSEA-SEA,94,6,21,yes
1753243931972,1753243931,KXMLBGAME-25JUL22MILSEA-MIL,7,93,2,no
1753243932393,1753243932,KXMLBGAME-25JUL22MINLAD-LAD,39,61,24,yes
1753243933090,1753243933,KXMLBGAME-25JUL22HOUARI-HOU,86,14,100,yes
1753243933908,1753243933,KXMLBGAME-25JUL22MILSEA-MIL,7,93,77,no
1753243937629,1753243937,KXMLBGAME-25JUL22MINLAD-MIN,65,35,1,yes
1753243938810,1753243938,KXMLBGAME-25JUL22HOUARI-HOU,87,13,87,yes
1753243938810,1753243938,KXMLBGAME-25JUL22HOUARI-HOU,88,12,26,yes
1753243939649,1753243939,KXMLBGAME-25JUL22MILSEA-MIL,8,92,3,yes
1753243941910,1753243941,KXMLBGAME-25JUL22MILSEA-SEA,96,4,200,yes
1753243941910,1753243941,KXMLBGAME-25JUL22MILSEA-SEA,96,4,300,yes
1753243941910,1753243941,KXMLBGAME-25JUL22MILSEA-SEA,96,4,59,yes
1753243941910,1753243941,KXMLBGAME-25JUL22MILSEA-SEA,96,4,600,yes
1753243941911,1753243941,KXMLBGAME-25JUL22MILSEA-SEA,96,4,1,yes
1753243941911,1753243941,KXMLBGAME-25JUL22MILSEA-SEA,97,3,200,yes
1753243941911,1753243941,KXMLBGAME-25JUL22MILSEA-SEA,97,3,300,yes
1753243941911,1753243941,KXMLBGAME-25JUL22MILSEA-SEA,97,3,500,yes
1753243941911,1753243941,KXMLBGAME-25JUL22MILSEA-SEA,97,3,750,yes
1753243941911,1753243941,KXMLBGAME-25JUL22MILSEA-SEA,98,2,300,yes
1753243941911,1753243941,KXMLBGAME-25JUL22MILSEA-SEA,98,2,200,yes
1753243941911,1753243941,KXMLBGAME-25JUL22MILSEA-SEA,98,2,500,yes
1753243941911,1753243941,KXMLBGAME-25JUL22MILSEA-SEA,99,1,1000,yes
1753243941911,1753243941,KXMLBGAME-25JUL22MILSEA-SEA,99,1,13,yes
1753243942350,1753243942,KXMLBGAME-25JUL22HOUARI-HOU,88,12,112,yes
1753243943450,1753243943,KXMLBGAME-25JUL22MILSEA-SEA,92,8,87,no
1753243943450,1753243943,KXMLBGAME-25JUL22MILSEA-SEA,91,9,56,no
1753243944391,1753243944,KXMLBGAME-25JUL22MINLAD-MIN,64,36,5,yes
1753243944549,1753243944,KXMLBGAME-25JUL22MILSEA-MIL,7,93,53,yes
1753243945290,1753243945,KXMLBGAME-25JUL22MINLAD-LAD,35,65,15,no
1753243945290,1753243945,KXMLBGAME-25JUL22MINLAD-LAD,35,65,1,no
1753243945409,1753243945,KXMLBGAME-25JUL22MINLAD-LAD,34,66,1,no
1753243948329,1753243948,KXMLBGAME-25JUL22MILSEA-MIL,5,95,5,no
1753243948859,1753243948,KXMLBGAME-25JUL22MINLAD-LAD,31,69,418,yes
1753243948889,1753243948,KXMLBGAME-25JUL22MINLAD-MIN,69,31,411,no
1753243949428,1753243949,KXMLBGAME-25JUL22HOUARI-HOU,84,16,1,no
1753243949428,1753243949,KXMLBGAME-25JUL22HOUARI-HOU,84,16,117,no
1753243949780,1753243949,KXMLBGAME-25JUL22MILSEA-MIL,5,95,95,no
1753243949780,1753243949,KXMLBGAME-25JUL22MILSEA-MIL,4,96,120,no
1753243953874,1753243953,KXMLBGAME-25JUL22HOUARI-HOU,88,12,16,yes
1753243953874,1753243953,KXMLBGAME-25JUL22HOUARI-HOU,88,12,6,yes
1753243956331,1753243956,KXMLBGAME-25JUL22MILSEA-MIL,5,95,800,yes
1753243957128,1753243957,KXMLBGAME-25JUL22MILSEA-SEA,98,2,5,yes
1753243961972,1753243961,KXMLBGAME-25JUL22MILSEA-SEA,94,6,510,yes
1753243962050,1753243962,KXMLBGAME-25JUL22MILSEA-MIL,7,93,400,yes
1753243962050,1753243962,KXMLBGAME-25JUL22MILSEA-MIL,7,93,600,yes
1753243963569,1753243963,KXMLBGAME-25JUL22MINLAD-LAD,34,66,281,yes
1753243963848,1753243963,KXMLBGAME-25JUL22MILSEA-SEA,94,6,10,yes
1753243964370,1753243964,KXMLBGAME-25JUL22MINLAD-LAD,34,66,2,yes
1753243965790,1753243965,KXMLBGAME-25JUL22MINLAD-LAD,34,66,28,yes
1753243967931,1753243967,KXMLBGAME-25JUL22MINLAD-LAD,34,66,9,yes
1753243967931,1753243967,KXMLBGAME-25JUL22MILSEA-MIL,5,95,39,no
1753243968250,1753243968,KXMLBGAME-25JUL22MILSEA-SEA,94,6,80,yes
1753243968250,1753243968,KXMLBGAME-25JUL22MILSEA-SEA,95,5,78,yes
1753243968250,1753243968,KXMLBGAME-25JUL22MILSEA-SEA,95,5,136,yes
1753243969110,1753243969,KXMLBGAME-25JUL22MINLAD-LAD,34,66,50,yes
1753243970410,1753243970,KXMLBGAME-25JUL22MILSEA-MIL,8,92,23,yes
1753243971568,1753243971,KXMLBGAME-25JUL22HOUARI-HOU,90,10,87,yes
1753243971568,1753243971,KXMLBGAME-25JUL22HOUARI-HOU,90,10,31,yes
1753243971568,1753243971,KXMLBGAME-25JUL22HOUARI-HOU,91,9,300,yes
1753243971568,1753243971,KXMLBGAME-25JUL22HOUARI-HOU,91,9,200,yes
1753243972732,1753243972,KXMLBGAME-25JUL22HOUARI-HOU,91,9,182,no
1753243973809,1753243973,KXMLBGAME-25JUL22MINLAD-LAD,31,69,24,no
1753243973809,1753243973,KXMLBGAME-25JUL22MINLAD-LAD,30,70,70,no
1753243973830,1753243973,KXMLBGAME-25JUL22MILSEA-SEA,95,5,10,yes
1753243976712,1753243976,KXMLBGAME-25JUL22MINLAD-LAD,34,66,130,yes
1753243976712,1753243976,KXMLBGAME-25JUL22MINLAD-LAD,34,66,8,yes
1753243978550,1753243978,KXMLBGAME-25JUL22HOUARI-HOU,82,18,39,no
1753243981930,1753243981,KXMLBGAME-25JUL22MILSEA-SEA,99,1,109,yes
1753243981989,1753243981,KXMLBGAME-25JUL22MILSEA-MIL,4,96,80,no
1753243981989,1753243981,KXMLBGAME-25JUL22MILSEA-MIL,2,98,300,no
1753243981989,1753243981,KXMLBGAME-25JUL22MILSEA-MIL,1,99,1000,no
1753243981989,1753243981,KXMLBGAME-25JUL22MILSEA-MIL,1,99,3228,no
1753243982048,1753243981,KXMLBGAME-25JUL22MILSEA-SEA,99,1,80,no
1753243982129,1753243982,KXMLBGAME-25JUL22MILSEA-SEA,99,1,380,no
1753243983389,1753243983,KXMLBGAME-25JUL22HOUARI-ARI,12,88,39,yes
1753243984029,1753243983,KXMLBGAME-25JUL22MINLAD-LAD,34,66,11,yes
1753243984667,1753243984,KXMLBGAME-25JUL22MILSEA-MIL,1,99,478,yes
1753243987228,1753243987,KXMLBGAME-25JUL22MILSEA-MIL,1,99,93,yes
1753243990288,1753243990,KXMLBGAME-25JUL22MILSEA-SEA,99,1,232,no
1753243990469,1753243990,KXMLBGAME-25JUL22MILSEA-SEA,99,1,14,no
1753243990629,1753243990,KXMLBGAME-25JUL22MILSEA-SEA,99,1,536,no
1753243991610,1753243991,KXMLBGAME-25JUL22MINLAD-LAD,34,66,14,yes
1753243991767,1753243991,KXMLBGAME-25JUL22MILSEA-MIL,1,99,187,yes
1753243992111,1753243992,KXMLBGAME-25JUL22HOUARI-HOU,97,3,20,yes
1753243993089,1753243992,KXMLBGAME-25JUL22MILSEA-MIL,1,99,935,yes
1753243993730,1753243993,KXMLBGAME-25JUL22MILSEA-SEA,99,1,27,no
1753243995789,1753243995,KXMLBGAME-25JUL22MILSEA-MIL,1,99,187,yes
1753243996691,1753243996,KXMLBGAME-25JUL22MINLAD-LAD,34,66,81,yes
1753244001171,1753244001,KXMLBGAME-25JUL22HOUARI-HOU,96,4,207,yes
1753244001730,1753244001,KXMLBGAME-25JUL22MINLAD-MIN,67,33,15,no
1753244001730,1753244001,KXMLBGAME-25JUL22MINLAD-MIN,67,33,1,no
1753244001730,1753244001,KXMLBGAME-25JUL22MINLAD-MIN,66,34,59,no
1753244002229,1753244002,KXMLBGAME-25JUL22MILSEA-SEA,99,1,152,no
1753244002229,1753244002,KXMLBGAME-25JUL22MINLAD-MIN,68,32,15,yes
1753244002728,1753244002,KXMLBGAME-25JUL22MILSEA-MIL,1,99,1870,yes
1753244004776,1753244004,KXMLBGAME-25JUL22MILSEA-SEA,99,1,51,no
1753244005508,1753244005,KXMLBGAME-25JUL22MINLAD-MIN,68,32,10,yes
1753244005508,1753244005,KXMLBGAME-25JUL22MINLAD-MIN,68,32,5,yes
1753244005688,1753244005,KXMLBGAME-25JUL22MILSEA-SEA,99,1,15,no
1753244006101,1753244005,KXMLBGAME-25JUL22HOUARI-HOU,83,17,5,no
1753244006409,1753244006,KXMLBGAME-25JUL22MILSEA-SEA,99,1,10,no
1753244008948,1753244008,KXMLBGAME-25JUL22MILSEA-MIL,1,99,93,yes
1753244011729,1753244011,KXMLBGAME-25JUL22MINLAD-LAD,33,67,70,yes
1753244013110,1753244012,KXMLBGAME-25JUL22MINLAD-LAD,33,67,14,yes
1753244014271,1753244014,KXMLBGAME-25JUL22HOUARI-ARI,15,85,31,yes
1753244014451,1753244014,KXMLBGAME-25JUL22HOUARI-HOU,96,4,56,yes
1753244015118,1753244014,KXMLBGAME-25JUL22MINLAD-LAD,33,67,72,yes
1753244016431,1753244016,KXMLBGAME-25JUL22HOUARI-ARI,5,95,99,no
1753244016431,1753244016,KXMLBGAME-25JUL22HOUARI-ARI,4,96,200,no
1753244016431,1753244016,KXMLBGAME-25JUL22HOUARI-ARI,2,98,105,no
1753244016751,1753244016,KXMLBGAME-25JUL22MINLAD-LAD,33,67,6,yes
1753244021774,1753244021,KXMLBGAME-25JUL22MINLAD-LAD,33,67,563,yes
1753244021830,1753244021,KXMLBGAME-25JUL22HOUARI-HOU,96,4,103,yes
1753244025252,1753244025,KXMLBGAME-25JUL22HOUARI-HOU,96,4,434,yes
1753244025252,1753244025,KXMLBGAME-25JUL22HOUARI-HOU,98,2,300,yes
1753244025252,1753244025,KXMLBGAME-25JUL22HOUARI-HOU,98,2,8,yes
1753244029151,1753244029,KXMLBGAME-25JUL22HOUARI-ARI,2,98,135,no
1753244031700,1753244031,KXMLBGAME-25JUL22MINLAD-MIN,68,32,8,yes
1753244031700,1753244031,KXMLBGAME-25JUL22MINLAD-MIN,68,32,6,yes
1753244034052,1753244033,KXMLBGAME-25JUL22HOUARI-HOU,98,2,192,yes
1753244034052,1753244033,KXMLBGAME-25JUL22HOUARI-HOU,99,1,185,yes
1753244034111,1753244033,KXMLBGAME-25JUL22MINLAD-LAD,33,67,14,yes
1753244034850,1753244034,KXMLBGAME-25JUL22MINLAD-LAD,33,67,153,yes
1753244036469,1753244036,KXMLBGAME-25JUL22MILSEA-MIL,1,99,93,yes
1753244037730,1753244037,KXMLBGAME-25JUL22HOUARI-ARI,2,98,1,no
1753244040055,1753244039,KXMLBGAME-25JUL22MINLAD-LAD,33,67,289,yes
1753244043409,1753244043,KXMLBGAME-25JUL22HOUARI-HOU,99,1,20,yes
1753244046869,1753244046,KXMLBGAME-25JUL22MILSEA-SEA,99,1,100,no
1753244047784,1753244047,KXMLBGAME-25JUL22MINLAD-LAD,33,67,1,yes
1753244048170,1753244048,KXMLBGAME-25JUL22MINLAD-LAD,33,67,380,yes
1753244049010,1753244048,KXMLBGAME-25JUL22MINLAD-LAD,33,67,72,yes
1753244051778,1753244051,KXMLBGAME-25JUL22MILSEA-MIL,1,99,187,yes
1753244051970,1753244051,KXMLBGAME-25JUL22MILSEA-SEA,99,1,35,no
1753244054645,1753244054,KXMLBGAME-25JUL22MINLAD-LAD,33,67,78,yes
1753244054729,1753244054,KXMLBGAME-25JUL22MINLAD-LAD,33,67,15,yes
1753244056078,1753244055,KXMLBGAME-25JUL22MINLAD-LAD,33,67,28,yes
1753244058432,1753244058,KXMLBGAME-25JUL22HOUARI-ARI,13,87,1,yes
1753244058528,1753244058,KXMLBGAME-25JUL22HOUARI-HOU,95,5,1,no
1753244059349,1753244059,KXMLBGAME-25JUL22MINLAD-MIN,68,32,30,yes
1753244059989,1753244059,KXMLBGAME-25JUL22MINLAD-LAD,31,69,18,no
1753244059989,1753244059,KXMLBGAME-25JUL22MINLAD-LAD,30,70,430,no
1753244059989,1753244059,KXMLBGAME-25JUL22MINLAD-LAD,30,70,219,no
1753244060569,1753244060,KXMLBGAME-25JUL22MINLAD-LAD,33,67,14,yes
1753244060910,1753244060,KXMLBGAME-25JUL22MINLAD-MIN,68,32,14,yes
1753244062989,1753244062,KXMLBGAME-25JUL22MINLAD-MIN,68,32,31,yes
1753244062989,1753244062,KXMLBGAME-25JUL22MINLAD-MIN,69,31,13,yes
1753244062989,1753244062,KXMLBGAME-25JUL22MINLAD-MIN,70,30,200,yes
1753244062989,1753244062,KXMLBGAME-25JUL22MINLAD-MIN,71,29,312,yes
1753244064987,1753244064,KXMLBGAME-25JUL22MILSEA-SEA,99,1,498,no
1753244066454,1753244066,KXMLBGAME-25JUL22HOUARI-ARI,13,87,7,yes
1753244066529,1753244066,KXMLBGAME-25JUL22HOUARI-HOU,95,5,7,no
1753244067789,1753244067,KXMLBGAME-25JUL22HOUARI-HOU,93,7,200,no
1753244067789,1753244067,KXMLBGAME-25JUL22HOUARI-HOU,92,8,22,no
1753244069697,1753244069,KXMLBGAME-25JUL22MINLAD-MIN,67,33,134,no
1753244069908,1753244069,KXMLBGAME-25JUL22MINLAD-LAD,32,68,23,yes
1753244069970,1753244069,KXMLBGAME-25JUL22MINLAD-LAD,32,68,29,yes
1753244070213,1753244070,KXMLBGAME-25JUL22MINLAD-MIN,67,33,7,no
1753244070428,1753244070,KXMLBGAME-25JUL22MILSEA-SEA,99,1,164,no
1753244071912,1753244071,KXMLBGAME-25JUL22MINLAD-LAD,32,68,148,yes
1753244071912,1753244071,KXMLBGAME-25JUL22MINLAD-LAD,33,67,2231,yes
1753244071912,1753244071,KXMLBGAME-25JUL22MINLAD-LAD,33,67,519,yes
1753244073330,1753244073,KXMLBGAME-25JUL22MINLAD-LAD,31,69,10,no
1753244073330,1753244073,KXMLBGAME-25JUL22MINLAD-LAD,30,70,14,no
1753244075249,1753244075,KXMLBGAME-25JUL22MINLAD-LAD,33,67,144,yes
1753244075270,1753244075,KXMLBGAME-25JUL22HOUARI-HOU,93,7,115,no
1753244075671,1753244075,KXMLBGAME-25JUL22HOUARI-HOU,93,7,85,no
1753244075671,1753244075,KXMLBGAME-25JUL22HOUARI-HOU,92,8,19,no
1753244076588,1753244076,KXMLBGAME-25JUL22MILSEA-MIL,1,99,935,yes
1753244078450,1753244078,KXMLBGAME-25JUL22HOUARI-HOU,92,8,16,no
1753244078751,1753244078,KXMLBGAME-25JUL22HOUARI-ARI,2,98,7,no
1753244083609,1753244083,KXMLBGAME-25JUL22HOUARI-HOU,97,3,87,yes
1753244083609,1753244083,KXMLBGAME-25JUL22HOUARI-HOU,98,2,15,yes
1753244083829,1753244083,KXMLBGAME-25JUL22MILSEA-SEA,99,1,70,no
1753244084830,1753244084,KXMLBGAME-25JUL22HOUARI-ARI,13,87,77,yes
1753244084830,1753244084,KXMLBGAME-25JUL22HOUARI-ARI,14,86,64,yes
1753244084830,1753244084,KXMLBGAME-25JUL22HOUARI-ARI,14,86,22,yes
1753244084830,1753244084,KXMLBGAME-25JUL22HOUARI-ARI,14,86,100,yes
1753244084950,1753244084,KXMLBGAME-25JUL22HOUARI-HOU,90,10,77,no
1753244085989,1753244085,KXMLBGAME-25JUL22MINLAD-MIN,68,32,5,yes
1753244085989,1753244085,KXMLBGAME-25JUL22MINLAD-MIN,70,30,8,yes
1753244085989,1753244085,KXMLBGAME-25JUL22MINLAD-MIN,70,30,57,yes
1753244088630,1753244088,KXMLBGAME-25JUL22MILSEA-SEA,99,1,116,no
1753244089310,1753244089,KXMLBGAME-25JUL22HOUARI-ARI,2,98,17,no
1753244089371,1753244089,KXMLBGAME-25JUL22MINLAD-LAD,34,66,300,yes
1753244089371,1753244089,KXMLBGAME-25JUL22MINLAD-LAD,34,66,200,yes
1753244089371,1753244089,KXMLBGAME-25JUL22MINLAD-LAD,34,66,87,yes
1753244089371,1753244089,KXMLBGAME-25JUL22MINLAD-LAD,34,66,396,yes
1753244091042,1753244090,KXMLBGAME-25JUL22MINLAD-LAD,34,66,4,yes
1753244091369,1753244091,KXMLBGAME-25JUL22MINLAD-LAD,30,70,3,no
1753244091531,1753244091,KXMLBGAME-25JUL22MINLAD-LAD,34,66,42,yes
1753244092269,1753244092,KXMLBGAME-25JUL22MINLAD-LAD,34,66,58,yes
1753244092269,1753244092,KXMLBGAME-25JUL22MINLAD-LAD,34,66,53,yes
1753244093250,1753244093,KXMLBGAME-25JUL22MINLAD-MIN,68,32,5,yes
1753244093250,1753244093,KXMLBGAME-25JUL22MINLAD-MIN,69,31,87,yes
1753244093250,1753244093,KXMLBGAME-25JUL22MINLAD-MIN,69,31,200,yes
1753244093250,1753244093,KXMLBGAME-25JUL22MINLAD-MIN,69,31,300,yes
1753244093250,1753244093,KXMLBGAME-25JUL22MINLAD-MIN,69,31,27,yes
1753244093250,1753244093,KXMLBGAME-25JUL22MINLAD-MIN,70,30,200,yes
1753244093250,1753244093,KXMLBGAME-25JUL22MINLAD-MIN,71,29,152,yes
1753244097110,1753244097,KXMLBGAME-25JUL22MINLAD-MIN,69,31,11,yes
1753244099469,1753244099,KXMLBGAME-25JUL22MINLAD-LAD,33,67,10,yes
1753244099649,1753244099,KXMLBGAME-25JUL22HOUARI-ARI,2,98,35,no
1753244099649,1753244099,KXMLBGAME-25JUL22HOUARI-ARI,2,98,23,no
1753244100470,1753244100,KXMLBGAME-25JUL22MINLAD-LAD,33,67,17,yes
1753244101770,1753244101,KXMLBGAME-25JUL22MINLAD-LAD,33,67,28,yes
1753244103168,1753244103,KXMLBGAME-25JUL22MINLAD-LAD,33,67,244,yes
1753244103168,1753244103,KXMLBGAME-25JUL22MINLAD-LAD,34,66,147,yes
1753244103168,1753244103,KXMLBGAME-25JUL22MINLAD-LAD,34,66,39,yes
1753244105889,1753244105,KXMLBGAME-25JUL22MINLAD-LAD,33,67,284,yes
1753244105949,1753244105,KXMLBGAME-25JUL22MINLAD-LAD,33,67,37,yes
1753244107369,1753244107,KXMLBGAME-25JUL22MINLAD-LAD,33,67,31,yes
1753244107768,1753244107,KXMLBGAME-25JUL22MINLAD-LAD,33,67,361,yes
1753244108069,1753244107,KXMLBGAME-25JUL22MINLAD-LAD,33,67,11,yes
1753244108090,1753244108,KXMLBGAME-25JUL22HOUARI-HOU,95,5,1072,yes
1753244108270,1753244108,KXMLBGAME-25JUL22MILSEA-MIL,1,99,81,yes
1753244109531,1753244109,KXMLBGAME-25JUL22MINLAD-MIN,68,32,5,yes
1753244109531,1753244109,KXMLBGAME-25JUL22MINLAD-MIN,69,31,6,yes
1753244109531,1753244109,KXMLBGAME-25JUL22MINLAD-MIN,69,31,3,yes
1753244111589,1753244111,KXMLBGAME-25JUL22HOUARI-HOU,95,5,1,yes
1753244113011,1753244112,KXMLBGAME-25JUL22HOUARI-HOU,95,5,516,yes
1753244113449,1753244113,KXMLBGAME-25JUL22MILSEA-SEA,99,1,1368,no
1753244114510,1753244114,KXMLBGAME-25JUL22HOUARI-HOU,95,5,4,yes
1753244116953,1753244116,KXMLBGAME-25JUL22HOUARI-ARI,5,95,46,yes
1753244117448,1753244117,KXMLBGAME-25JUL22MINLAD-MIN,68,32,143,yes
1753244121268,1753244121,KXMLBGAME-25JUL22MINLAD-LAD,34,66,28,yes
1753244121571,1753244121,KXMLBGAME-25JUL22HOUARI-ARI,5,95,5,yes
1753244125789,1753244125,KXMLBGAME-25JUL22MINLAD-LAD,34,66,70,yes
1753244126211,1753244126,KXMLBGAME-25JUL22HOUARI-HOU,92,8,1,yes
1753244127036,1753244126,KXMLBGAME-25JUL22HOUARI-HOU,91,9,1,yes
1753244130128,1753244130,KXMLBGAME-25JUL22MINLAD-LAD,34,66,224,yes
1753244130813,1753244130,KXMLBGAME-25JUL22HOUARI-ARI,2,98,6,no
1753244132509,1753244132,KXMLBGAME-25JUL22MINLAD-LAD,34,66,1,yes
1753244134005,1753244133,KXMLBGAME-25JUL22MINLAD-LAD,34,66,421,yes
1753244135610,1753244135,KXMLBGAME-25JUL22MINLAD-LAD,34,66,20,yes
1753244135610,1753244135,KXMLBGAME-25JUL22HOUARI-HOU,91,9,70,no
1753244135610,1753244135,KXMLBGAME-25JUL22HOUARI-HOU,91,9,2,no
1753244135610,1753244135,KXMLBGAME-25JUL22HOUARI-HOU,90,10,181,no
1753244135669,1753244135,KXMLBGAME-25JUL22MILSEA-SEA,99,1,276,no
1753244137771,1753244137,KXMLBGAME-25JUL22MINLAD-MIN,67,33,10,no
1753244139632,1753244139,KXMLBGAME-25JUL22MINLAD-MIN,66,34,4,yes
1753244139632,1753244139,KXMLBGAME-25JUL22MINLAD-MIN,66,34,29,yes
1753244139890,1753244139,KXMLBGAME-25JUL22HOUARI-HOU,96,4,10,yes
1753244146010,1753244145,KXMLBGAME-25JUL22HOUARI-ARI,5,95,131,yes
1753244148450,1753244148,KXMLBGAME-25JUL22HOUARI-ARI,5,95,1,yes
1753244149270,1753244149,KXMLBGAME-25JUL22MINLAD-MIN,66,34,15,yes
1753244149270,1753244149,KXMLBGAME-25JUL22MINLAD-MIN,67,33,259,yes
1753244152451,1753244152,KXMLBGAME-25JUL22HOUARI-ARI,5,95,186,yes
1753244152930,1753244152,KXMLBGAME-25JUL22HOUARI-ARI,3,97,20,no
1753244153329,1753244153,KXMLBGAME-25JUL22MINLAD-MIN,66,34,11,yes
1753244154989,1753244154,KXMLBGAME-25JUL22MINLAD-LAD,37,63,30,yes
1753244154989,1753244154,KXMLBGAME-25JUL22MINLAD-LAD,37,63,87,yes
1753244154989,1753244154,KXMLBGAME-25JUL22MINLAD-LAD,38,62,600,yes
1753244154989,1753244154,KXMLBGAME-25JUL22MINLAD-LAD,38,62,17,yes
1753244156549,1753244156,KXMLBGAME-25JUL22HOUARI-HOU,96,4,87,yes
1753244156549,1753244156,KXMLBGAME-25JUL22HOUARI-HOU,97,3,73,yes
1753244156549,1753244156,KXMLBGAME-25JUL22HOUARI-HOU,97,3,474,yes
1753244159870,1753244159,KXMLBGAME-25JUL22HOUARI-HOU,96,4,87,yes
1753244159870,1753244159,KXMLBGAME-25JUL22HOUARI-HOU,97,3,15,yes
1753244162612,1753244162,KXMLBGAME-25JUL22MINLAD-MIN,66,34,7,no
1753244162612,1753244162,KXMLBGAME-25JUL22MINLAD-MIN,66,34,5,no
1753244162612,1753244162,KXMLBGAME-25JUL22MINLAD-MIN,62,38,13,no
1753244162612,1753244162,KXMLBGAME-25JUL22MINLAD-LAD,38,62,88,yes
1753244165891,1753244165,KXMLBGAME-25JUL22MINLAD-LAD,37,63,100,yes
1753244167248,1753244167,KXMLBGAME-25JUL22MINLAD-LAD,37,63,51,yes
1753244169057,1753244168,KXMLBGAME-25JUL22MINLAD-LAD,37,63,336,yes
1753244169632,1753244169,KXMLBGAME-25JUL22HOUARI-HOU,90,10,27,no
1753244173432,1753244173,KXMLBGAME-25JUL22HOUARI-HOU,96,4,600,yes
1753244173432,1753244173,KXMLBGAME-25JUL22HOUARI-HOU,96,4,75,yes
1753244173432,1753244173,KXMLBGAME-25JUL22HOUARI-HOU,96,4,6,yes
1753244173432,1753244173,KXMLBGAME-25JUL22HOUARI-HOU,97,3,750,yes
1753244173432,1753244173,KXMLBGAME-25JUL22HOUARI-HOU,98,2,627,yes
1753244175232,1753244175,KXMLBGAME-25JUL22HOUARI-ARI,6,94,7,yes
1753244177969,1753244177,KXMLBGAME-25JUL22MINLAD-LAD,37,63,200,yes
1753244177969,1753244177,KXMLBGAME-25JUL22MINLAD-LAD,37,63,600,yes
1753244177969,1753244177,KXMLBGAME-25JUL22MINLAD-LAD,37,63,315,yes
1753244178067,1753244178,KXMLBGAME-25JUL22MINLAD-LAD,37,63,42,yes
1753244178390,1753244178,KXMLBGAME-25JUL22HOUARI-ARI,6,94,46,yes
1753244179390,1753244179,KXMLBGAME-25JUL22MILSEA-SEA,99,1,43,no
1753244180211,1753244180,KXMLBGAME-25JUL22MINLAD-LAD,37,63,38,yes
1753244181610,1753244181,KXMLBGAME-25JUL22MINLAD-LAD,37,63,300,yes
1753244181610,1753244181,KXMLBGAME-25JUL22MINLAD-LAD,37,63,200,yes
1753244183466,1753244183,KXMLBGAME-25JUL22HOUARI-ARI,6,94,82,yes
1753244186710,1753244186,KXMLBGAME-25JUL22HOUARI-HOU,97,3,61,yes
1753244188209,1753244188,KXMLBGAME-25JUL22MINLAD-MIN,66,34,5,yes
1753244188209,1753244188,KXMLBGAME-25JUL22MINLAD-MIN,66,34,30,yes
1753244188209,1753244188,KXMLBGAME-25JUL22MINLAD-MIN,66,34,48,yes
1753244188590,1753244188,KXMLBGAME-25JUL22HOUARI-HOU,97,3,600,no
1753244188810,1753244188,KXMLBGAME-25JUL22HOUARI-ARI,5,95,21,yes
1753244189310,1753244189,KXMLBGAME-25JUL22HOUARI-HOU,97,3,445,no
1753244189591,1753244189,KXMLBGAME-25JUL22HOUARI-HOU,97,3,13,no
1753244190070,1753244189,KXMLBGAME-25JUL22MINLAD-LAD,37,63,25,yes
1753244190151,1753244190,KXMLBGAME-25JUL22HOUARI-HOU,97,3,457,no
1753244190328,1753244190,KXMLBGAME-25JUL22HOUARI-HOU,97,3,600,no
1753244191013,1753244190,KXMLBGAME-25JUL22HOUARI-HOU,97,3,441,no
1753244191490,1753244191,KXMLBGAME-25JUL22MINLAD-MIN,66,34,4,yes
1753244191870,1753244191,KXMLBGAME-25JUL22HOUARI-HOU,97,3,383,no
1753244192013,1753244191,KXMLBGAME-25JUL22MILSEA-SEA,99,1,2,no
1753244192532,1753244192,KXMLBGAME-25JUL22MINLAD-LAD,37,63,12,yes
1753244194428,1753244194,KXMLBGAME-25JUL22HOUARI-ARI,4,96,117,yes
1753244197136,1753244197,KXMLBGAME-25JUL22HOUARI-HOU,90,10,87,no
1753244197136,1753244197,KXMLBGAME-25JUL22HOUARI-HOU,90,10,10,no
1753244198289,1753244198,KXMLBGAME-25JUL22MINLAD-LAD,37,63,10,yes
1753244201788,1753244201,KXMLBGAME-25JUL22MINLAD-MIN,66,34,194,yes
1753244203730,1753244203,KXMLBGAME-25JUL22HOUARI-ARI,4,96,83,yes
1753244203730,1753244203,KXMLBGAME-25JUL22HOUARI-ARI,4,96,10,yes
1753244204368,1753244204,KXMLBGAME-25JUL22MINLAD-LAD,38,62,126,yes
1753244204770,1753244204,KXMLBGAME-25JUL22MINLAD-LAD,38,62,14,yes
1753244205010,1753244204,KXMLBGAME-25JUL22MINLAD-LAD,38,62,60,yes
1753244205010,1753244204,KXMLBGAME-25JUL22MINLAD-LAD,38,62,66,yes
1753244211420,1753244211,KXMLBGAME-25JUL22HOUARI-HOU,95,5,20,yes
1753244213653,1753244213,KXMLBGAME-25JUL22MINLAD-LAD,38,62,50,yes
1753244213701,1753244213,KXMLBGAME-25JUL22MINLAD-LAD,38,62,50,yes
1753244214351,1753244214,KXMLBGAME-25JUL22HOUARI-HOU,95,5,50,yes
1753244215107,1753244215,KXMLBGAME-25JUL22HOUARI-HOU,95,5,209,yes
1753244215990,1753244215,KXMLBGAME-25JUL22MINLAD-MIN,66,34,5,yes
1753244215990,1753244215,KXMLBGAME-25JUL22MINLAD-MIN,66,34,23,yes
1753244215990,1753244215,KXMLBGAME-25JUL22MINLAD-MIN,66,34,119,yes
1753244215990,1753244215,KXMLBGAME-25JUL22HOUARI-HOU,95,5,2,yes
1753244217750,1753244217,KXMLBGAME-25JUL22HOUARI-ARI,6,94,33,yes
1753244217750,1753244217,KXMLBGAME-25JUL22HOUARI-ARI,6,94,129,yes
1753244217750,1753244217,KXMLBGAME-25JUL22HOUARI-ARI,7,93,87,yes
1753244217751,1753244217,KXMLBGAME-25JUL22HOUARI-ARI,7,93,1115,yes
1753244218589,1753244218,KXMLBGAME-25JUL22MINLAD-MIN,65,35,300,yes
1753244219107,1753244219,KXMLBGAME-25JUL22HOUARI-HOU,95,5,13,yes
1753244219228,1753244219,KXMLBGAME-25JUL22MINLAD-MIN,63,37,971,no
1753244220688,1753244220,KXMLBGAME-25JUL22HOUARI-HOU,95,5,290,yes
1753244220968,1753244220,KXMLBGAME-25JUL22MINLAD-MIN,65,35,27,yes
1753244223606,1753244223,KXMLBGAME-25JUL22MINLAD-MIN,65,35,36,yes
1753244223708,1753244223,KXMLBGAME-25JUL22HOUARI-HOU,95,5,314,yes
1753244224390,1753244224,KXMLBGAME-25JUL22HOUARI-ARI,7,93,6,yes
1753244225347,1753244225,KXMLBGAME-25JUL22MINLAD-LAD,38,62,25,yes
1753244228969,1753244228,KXMLBGAME-25JUL22MINLAD-LAD,38,62,62,yes
1753244228969,1753244228,KXMLBGAME-25JUL22MINLAD-LAD,38,62,64,yes
1753244229148,1753244229,KXMLBGAME-25JUL22MILSEA-SEA,99,1,191,no
1753244231050,1753244231,KXMLBGAME-25JUL22MINLAD-LAD,38,62,42,yes
1753244233169,1753244233,KXMLBGAME-25JUL22MINLAD-MIN,65,35,5,yes
1753244233870,1753244233,KXMLBGAME-25JUL22HOUARI-HOU,95,5,10,yes
1753244234030,1753244233,KXMLBGAME-25JUL22HOUARI-HOU,92,8,10,no
1753244234031,1753244233,KXMLBGAME-25JUL22HOUARI-HOU,92,8,410,no
1753244237569,1753244237,KXMLBGAME-25JUL22MINLAD-LAD,38,62,25,yes
1753244237569,1753244237,KXMLBGAME-25JUL22MINLAD-LAD,38,62,25,yes
1753244237629,1753244237,KXMLBGAME-25JUL22HOUARI-ARI,5,95,26,no
1753244238008,1753244237,KXMLBGAME-25JUL22MINLAD-LAD,38,62,37,yes
1753244238008,1753244237,KXMLBGAME-25JUL22MINLAD-LAD,38,62,211,yes
1753244241526,1753244241,KXMLBGAME-25JUL22HOUARI-ARI,8,92,59,yes
1753244242590,1753244242,KXMLBGAME-25JUL22HOUARI-HOU,95,5,32,yes
1753244244312,1753244244,KXMLBGAME-25JUL22MINLAD-LAD,39,61,49,yes
1753244247568,1753244247,KXMLBGAME-25JUL22MINLAD-MIN,64,36,7,yes
1753244247649,1753244247,KXMLBGAME-25JUL22MINLAD-MIN,64,36,38,yes
1753244248129,1753244248,KXMLBGAME-25JUL22HOUARI-HOU,95,5,1,yes
1753244248429,1753244248,KXMLBGAME-25JUL22HOUARI-HOU,95,5,104,yes
1753244249130,1753244249,KXMLBGAME-25JUL22MINLAD-LAD,39,61,10,yes
1753244250151,1753244250,KXMLBGAME-25JUL22MINLAD-LAD,39,61,49,yes
1753244250388,1753244250,KXMLBGAME-25JUL22MINLAD-LAD,39,61,3,yes
1753244255043,1753244254,KXMLBGAME-25JUL22HOUARI-ARI,6,94,80,no
1753244255951,1753244255,KXMLBGAME-25JUL22HOUARI-HOU,92,8,10,no
1753244258648,1753244258,KXMLBGAME-25JUL22HOUARI-ARI,8,92,24,yes
1753244258648,1753244258,KXMLBGAME-25JUL22HOUARI-ARI,8,92,42,yes
1753244258648,1753244258,KXMLBGAME-25JUL22HOUARI-ARI,9,91,45,yes
1753244259291,1753244259,KXMLBGAME-25JUL22MINLAD-LAD,39,61,240,yes
1753244262006,1753244261,KXMLBGAME-25JUL22MINLAD-LAD,39,61,2,yes
1753244271632,1753244271,KXMLBGAME-25JUL22MINLAD-LAD,39,61,147,yes
1753244271632,1753244271,KXMLBGAME-25JUL22MINLAD-LAD,39,61,98,yes
1753244271850,1753244271,KXMLBGAME-25JUL22HOUARI-HOU,95,5,26,yes
1753244274601,1753244274,KXMLBGAME-25JUL22MINLAD-MIN,63,37,10,yes
1753244274671,1753244274,KXMLBGAME-25JUL22MINLAD-MIN,63,37,30,yes
1753244274729,1753244274,KXMLBGAME-25JUL22HOUARI-HOU,95,5,174,yes
1753244274730,1753244274,KXMLBGAME-25JUL22HOUARI-HOU,95,5,87,yes
1753244274730,1753244274,KXMLBGAME-25JUL22HOUARI-HOU,95,5,300,yes
1753244274730,1753244274,KXMLBGAME-25JUL22HOUARI-HOU,96,4,41,yes
1753244275211,1753244275,KXMLBGAME-25JUL22MINLAD-MIN,63,37,397,yes
1753244275391,1753244275,KXMLBGAME-25JUL22MINLAD-MIN,63,37,29,yes
1753244275391,1753244275,KXMLBGAME-25JUL22MINLAD-MIN,63,37,69,yes
1753244275391,1753244275,KXMLBGAME-25JUL22MINLAD-MIN,64,36,200,yes
1753244275391,1753244275,KXMLBGAME-25JUL22MINLAD-MIN,64,36,300,yes
1753244275910,1753244275,KXMLBGAME-25JUL22HOUARI-HOU,95,5,46,yes
1753244279517,1753244279,KXMLBGAME-25JUL22MINLAD-LAD,37,63,77,yes
1753244283507,1753244283,KXMLBGAME-25JUL22HOUARI-ARI,8,92,50,yes
1753244283507,1753244283,KXMLBGAME-25JUL22HOUARI-ARI,8,92,26,yes
1753244283507,1753244283,KXMLBGAME-25JUL22HOUARI-ARI,8,92,74,yes
1753244285570,1753244285,KXMLBGAME-25JUL22HOUARI-ARI,8,92,58,yes
1753244286729,1753244286,KXMLBGAME-25JUL22HOUARI-HOU,95,5,20,yes
1753244286851,1753244286,KXMLBGAME-25JUL22HOUARI-ARI,7,93,261,yes
1753244286851,1753244286,KXMLBGAME-25JUL22HOUARI-ARI,7,93,300,yes
1753244286851,1753244286,KXMLBGAME-25JUL22HOUARI-ARI,8,92,196,yes
1753244289611,1753244289,KXMLBGAME-25JUL22HOUARI-HOU,92,8,59,no
1753244289611,1753244289,KXMLBGAME-25JUL22HOUARI-HOU,92,8,500,no
1753244289611,1753244289,KXMLBGAME-25JUL22HOUARI-HOU,91,9,100,no
1753244289611,1753244289,KXMLBGAME-25JUL22HOUARI-HOU,90,10,100,no
1753244289611,1753244289,KXMLBGAME-25JUL22HOUARI-HOU,90,10,368,no
1753244294231,1753244294,KXMLBGAME-25JUL22HOUARI-ARI,7,93,20,yes
1753244294231,1753244294,KXMLBGAME-25JUL22HOUARI-ARI,8,92,11,yes
1753244296144,1753244296,KXMLBGAME-25JUL22HOUARI-ARI,8,92,161,yes
1753244296144,1753244296,KXMLBGAME-25JUL22HOUARI-ARI,8,92,21,yes
1753244296144,1753244296,KXMLBGAME-25JUL22HOUARI-ARI,8,92,23,yes
1753244296144,1753244296,KXMLBGAME-25JUL22HOUARI-ARI,9,91,862,yes
1753244296370,1753244296,KXMLBGAME-25JUL22MINLAD-MIN,66,34,5,yes
1753244296370,1753244296,KXMLBGAME-25JUL22MINLAD-MIN,66,34,46,yes
1753244296370,1753244296,KXMLBGAME-25JUL22MINLAD-MIN,66,34,14,yes
1753244296370,1753244296,KXMLBGAME-25JUL22MINLAD-MIN,67,33,132,yes
1753244302569,1753244302,KXMLBGAME-25JUL22HOUARI-HOU,94,6,87,yes
1753244307569,1753244307,KXMLBGAME-25JUL22MINLAD-MIN,66,34,5,yes
1753244310214,1753244310,KXMLBGAME-25JUL22MINLAD-LAD,33,67,43,yes
1753244313408,1753244313,KXMLBGAME-25JUL22HOUARI-HOU,94,6,13,yes
1753244313408,1753244313,KXMLBGAME-25JUL22HOUARI-HOU,95,5,87,yes
1753244313408,1753244313,KXMLBGAME-25JUL22HOUARI-HOU,96,4,200,yes
1753244313408,1753244313,KXMLBGAME-25JUL22HOUARI-HOU,96,4,300,yes
1753244313408,1753244313,KXMLBGAME-25JUL22HOUARI-HOU,97,3,300,yes
1753244313409,1753244313,KXMLBGAME-25JUL22HOUARI-HOU,97,3,176,yes
1753244328771,1753244328,KXMLBGAME-25JUL22MINLAD-LAD,33,67,150,yes
1753244330190,1753244330,KXMLBGAME-25JUL22MINLAD-LAD,33,67,81,yes
1753244338370,1753244338,KXMLBGAME-25JUL22HOUARI-ARI,10,90,5,yes
1753244339250,1753244339,KXMLBGAME-25JUL22HOUARI-ARI,10,90,348,yes
1753244339551,1753244339,KXMLBGAME-25JUL22HOUARI-ARI,10,90,247,yes
1753244339551,1753244339,KXMLBGAME-25JUL22HOUARI-ARI,10,90,250,yes
1753244344309,1753244344,KXMLBGAME-25JUL22HOUARI-ARI,12,88,33,yes
1753244347188,1753244347,KXMLBGAME-25JUL22HOUARI-HOU,87,13,56,yes
1753244349170,1753244349,KXMLBGAME-25JUL22MILSEA-SEA,99,1,25,no
1753244349410,1753244349,KXMLBGAME-25JUL22HOUARI-ARI,12,88,23,yes
1753244351389,1753244351,KXMLBGAME-25JUL22HOUARI-HOU,87,13,31,yes
1753244351389,1753244351,KXMLBGAME-25JUL22HOUARI-HOU,87,13,56,yes
1753244351389,1753244351,KXMLBGAME-25JUL22HOUARI-HOU,88,12,590,yes
1753244355929,1753244355,KXMLBGAME-25JUL22MILSEA-SEA,99,1,184,no
1753244357511,1753244357,KXMLBGAME-25JUL22HOUARI-HOU,88,12,84,yes
1753244357511,1753244357,KXMLBGAME-25JUL22HOUARI-HOU,89,11,387,yes
1753244357771,1753244357,KXMLBGAME-25JUL22MILSEA-SEA,99,1,208,no
1753244357851,1753244357,KXMLBGAME-25JUL22HOUARI-HOU,85,15,11,no
1753244358329,1753244358,KXMLBGAME-25JUL22HOUARI-HOU,88,12,63,yes
1753244358329,1753244358,KXMLBGAME-25JUL22HOUARI-HOU,89,11,213,yes
1753244358329,1753244358,KXMLBGAME-25JUL22HOUARI-HOU,90,10,750,yes
1753244358329,1753244358,KXMLBGAME-25JUL22HOUARI-HOU,91,9,200,yes
1753244358329,1753244358,KXMLBGAME-25JUL22HOUARI-HOU,91,9,300,yes
1753244365679,1753244365,KXMLBGAME-25JUL22HOUARI-ARI,11,89,8,yes
1753244366009,1753244365,KXMLBGAME-25JUL22MINLAD-LAD,32,68,33,yes
1753244367479,1753244367,KXMLBGAME-25JUL22HOUARI-ARI,11,89,17,yes
1753244371869,1753244371,KXMLBGAME-25JUL22MINLAD-LAD,31,69,1,no
1753244372110,1753244372,KXMLBGAME-25JUL22HOUARI-HOU,89,11,111,yes
1753244372871,1753244372,KXMLBGAME-25JUL22HOUARI-ARI,11,89,431,yes
1753244373132,1753244373,KXMLBGAME-25JUL22HOUARI-HOU,89,11,111,yes
1753244373251,1753244373,KXMLBGAME-25JUL22MINLAD-LAD,32,68,77,yes
1753244373726,1753244373,KXMLBGAME-25JUL22HOUARI-ARI,11,89,64,yes
1753244373726,1753244373,KXMLBGAME-25JUL22HOUARI-ARI,11,89,402,yes
1753244374641,1753244374,KXMLBGAME-25JUL22HOUARI-ARI,11,89,426,yes
1753244375466,1753244375,KXMLBGAME-25JUL22HOUARI-HOU,89,11,55,yes
1753244375550,1753244375,KXMLBGAME-25JUL22HOUARI-ARI,11,89,72,yes
1753244377610,1753244377,KXMLBGAME-25JUL22MINLAD-LAD,32,68,217,yes
1753244377611,1753244377,KXMLBGAME-25JUL22MINLAD-LAD,32,68,26,yes
1753244377611,1753244377,KXMLBGAME-25JUL22MINLAD-LAD,32,68,52,yes
1753244379829,1753244379,KXMLBGAME-25JUL22MINLAD-MIN,70,30,97,yes
1753244386590,1753244386,KXMLBGAME-25JUL22MINLAD-MIN,71,29,96,yes
1753244392952,1753244392,KXMLBGAME-25JUL22HOUARI-HOU,82,18,61,no
1753244392952,1753244392,KXMLBGAME-25JUL22HOUARI-HOU,82,18,87,no
1753244392952,1753244392,KXMLBGAME-25JUL22HOUARI-HOU,81,19,61,no
1753244398472,1753244398,KXMLBGAME-25JUL22HOUARI-ARI,7,93,28,no
1753244398870,1753244398,KXMLBGAME-25JUL22HOUARI-HOU,95,5,62,yes
1753244398870,1753244398,KXMLBGAME-25JUL22HOUARI-HOU,96,4,300,yes
1753244398870,1753244398,KXMLBGAME-25JUL22HOUARI-HOU,98,2,38,yes
1753244399614,1753244399,KXMLBGAME-25JUL22HOUARI-HOU,96,4,46,yes
1753244399690,1753244399,KXMLBGAME-25JUL22HOUARI-ARI,7,93,19,no
1753244399690,1753244399,KXMLBGAME-25JUL22HOUARI-ARI,7,93,6,no
1753244399690,1753244399,KXMLBGAME-25JUL22HOUARI-ARI,7,93,21,no
1753244400909,1753244400,KXMLBGAME-25JUL22MINLAD-LAD,32,68,294,yes
1753244405670,1753244405,KXMLBGAME-25JUL22MINLAD-LAD,31,69,25,no
1753244407211,1753244407,KXMLBGAME-25JUL22HOUARI-ARI,13,87,1,no
1753244407711,1753244407,KXMLBGAME-25JUL22MINLAD-LAD,31,69,3,yes
1753244410889,1753244410,KXMLBGAME-25JUL22HOUARI-HOU,77,23,55,no
1753244410889,1753244410,KXMLBGAME-25JUL22HOUARI-HOU,77,23,220,no
1753244410889,1753244410,KXMLBGAME-25JUL22HOUARI-HOU,76,24,25,no
1753244412790,1753244412,KXMLBGAME-25JUL22MILSEA-SEA,99,1,49,no
1753244416631,1753244416,KXMLBGAME-25JUL22HOUARI-HOU,72,28,12,yes
1753244417590,1753244417,KXMLBGAME-25JUL22HOUARI-ARI,28,72,56,no
1753244417590,1753244417,KXMLBGAME-25JUL22HOUARI-ARI,24,76,35,no
1753244417590,1753244417,KXMLBGAME-25JUL22HOUARI-ARI,23,77,26,no
1753244423490,1753244423,KXMLBGAME-25JUL22HOUARI-ARI,30,70,16,yes
1753244425910,1753244425,KXMLBGAME-25JUL22HOUARI-ARI,30,70,78,yes
1753244426830,1753244426,KXMLBGAME-25JUL22HOUARI-HOU,73,27,94,yes
1753244429739,1753244429,KXMLBGAME-25JUL22MINLAD-LAD,31,69,46,yes
1753244445211,1753244445,KXMLBGAME-25JUL22MINLAD-MIN,71,29,2,yes
1753244447044,1753244446,KXMLBGAME-25JUL22MINLAD-LAD,31,69,53,yes
1753244447389,1753244447,KXMLBGAME-25JUL22HOUARI-HOU,71,29,64,yes
1753244448683,1753244448,KXMLBGAME-25JUL22HOUARI-HOU,69,31,46,no
1753244449911,1753244449,KXMLBGAME-25JUL22HOUARI-ARI,32,68,14,yes
1753244451169,1753244451,KXMLBGAME-25JUL22HOUARI-ARI,32,68,15,yes
1753244451310,1753244451,KXMLBGAME-25JUL22HOUARI-HOU,69,31,1,no
1753244452450,1753244452,KXMLBGAME-25JUL22MINLAD-LAD,31,69,61,yes
1753244452871,1753244452,KXMLBGAME-25JUL22HOUARI-HOU,71,29,69,yes
1753244453000,1753244452,KXMLBGAME-25JUL22HOUARI-ARI,32,68,2,yes
1753244457990,1753244457,KXMLBGAME-25JUL22HOUARI-HOU,67,33,7,yes
1753244459742,1753244459,KXMLBGAME-25JUL22HOUARI-HOU,67,33,437,yes
1753244460460,1753244460,KXMLBGAME-25JUL22MILSEA-SEA,99,1,8,no
1753244461429,1753244461,KXMLBGAME-25JUL22HOUARI-HOU,66,34,10,yes
1753244467115,1753244466,KXMLBGAME-25JUL22MINLAD-LAD,31,69,46,yes
1753244467429,1753244467,KXMLBGAME-25JUL22HOUARI-HOU,25,75,25,no
1753244467429,1753244467,KXMLBGAME-25JUL22HOUARI-HOU,16,84,140,no
1753244469391,1753244469,KXMLBGAME-25JUL22HOUARI-HOU,66,34,90,yes
1753244469391,1753244469,KXMLBGAME-25JUL22HOUARI-HOU,69,31,622,yes
1753244471471,1753244471,KXMLBGAME-25JUL22MINLAD-LAD,30,70,25,no
1753244471750,1753244471,KXMLBGAME-25JUL22MINLAD-MIN,71,29,115,yes
1753244471750,1753244471,KXMLBGAME-25JUL22MINLAD-MIN,72,28,22,yes
1753244472089,1753244471,KXMLBGAME-25JUL22MINLAD-LAD,31,69,369,yes
1753244476229,1753244476,KXMLBGAME-25JUL22HOUARI-HOU,54,46,1,yes
1753244478870,1753244478,KXMLBGAME-25JUL22MINLAD-LAD,31,69,6,yes
1753244478890,1753244478,KXMLBGAME-25JUL22HOUARI-ARI,52,48,50,yes
1753244479171,1753244479,KXMLBGAME-25JUL22HOUARI-HOU,54,46,60,yes
1753244481657,1753244481,KXMLBGAME-25JUL22MINLAD-LAD,31,69,6,yes
1753244481788,1753244481,KXMLBGAME-25JUL22MILSEA-SEA,99,1,292,no
1753244483130,1753244483,KXMLBGAME-25JUL22HOUARI-HOU,54,46,48,yes
1753244483468,1753244483,KXMLBGAME-25JUL22HOUARI-HOU,54,46,89,yes
1753244484751,1753244484,KXMLBGAME-25JUL22MINLAD-LAD,30,70,225,no
1753244484771,1753244484,KXMLBGAME-25JUL22MINLAD-LAD,30,70,153,no
1753244486930,1753244486,KXMLBGAME-25JUL22HOUARI-ARI,52,48,14,yes
1753244487049,1753244487,KXMLBGAME-25JUL22HOUARI-HOU,54,46,10,yes
1753244488311,1753244488,KXMLBGAME-25JUL22HOUARI-HOU,51,49,10,no
1753244488850,1753244488,KXMLBGAME-25JUL22MINLAD-LAD,30,70,597,no
1753244489729,1753244489,KXMLBGAME-25JUL22MILSEA-SEA,99,1,28,no
1753244498131,1753244497,KXMLBGAME-25JUL22MINLAD-MIN,73,27,388,yes
1753244498650,1753244498,KXMLBGAME-25JUL22HOUARI-ARI,52,48,27,yes
1753244499252,1753244499,KXMLBGAME-25JUL22HOUARI-ARI,52,48,19,yes
1753244501373,1753244501,KXMLBGAME-25JUL22HOUARI-HOU,54,46,17,yes
1753244506391,1753244506,KXMLBGAME-25JUL22MINLAD-LAD,28,72,17,yes
1753244507249,1753244507,KXMLBGAME-25JUL22HOUARI-ARI,52,48,10,yes
1753244507851,1753244507,KXMLBGAME-25JUL22HOUARI-HOU,49,51,73,no
1753244507851,1753244507,KXMLBGAME-25JUL22HOUARI-HOU,48,52,1929,no
1753244508550,1753244508,KXMLBGAME-25JUL22HOUARI-HOU,47,53,1,no
1753244509503,1753244509,KXMLBGAME-25JUL22MILSEA-SEA,99,1,192,no
1753244511270,1753244511,KXMLBGAME-25JUL22HOUARI-HOU,48,52,10,yes
1753244511650,1753244511,KXMLBGAME-25JUL22HOUARI-HOU,48,52,292,yes
1753244512089,1753244512,KXMLBGAME-25JUL22HOUARI-HOU,48,52,996,yes
1753244512509,1753244512,KXMLBGAME-25JUL22MINLAD-MIN,73,27,87,no
1753244512509,1753244512,KXMLBGAME-25JUL22MINLAD-MIN,72,28,113,no
1753244512571,1753244512,KXMLBGAME-25JUL22HOUARI-ARI,52,48,13,yes
1753244512571,1753244512,KXMLBGAME-25JUL22HOUARI-ARI,52,48,20,yes
1753244512571,1753244512,KXMLBGAME-25JUL22HOUARI-ARI,52,48,14,yes
1753244512571,1753244512,KXMLBGAME-25JUL22HOUARI-ARI,52,48,8,yes
1753244512571,1753244512,KXMLBGAME-25JUL22HOUARI-ARI,53,47,219,yes
1753244512970,1753244512,KXMLBGAME-25JUL22HOUARI-ARI,52,48,41,yes
1753244512970,1753244512,KXMLBGAME-25JUL22HOUARI-ARI,53,47,325,yes
1753244513153,1753244513,KXMLBGAME-25JUL22HOUARI-HOU,49,51,1,no
1753244515552,1753244515,KXMLBGAME-25JUL22HOUARI-HOU,49,51,30,no
1753244515552,1753244515,KXMLBGAME-25JUL22HOUARI-HOU,48,52,933,no
1753244515552,1753244515,KXMLBGAME-25JUL22HOUARI-HOU,47,53,499,no
1753244515552,1753244515,KXMLBGAME-25JUL22HOUARI-HOU,46,54,110,no
1753244516710,1753244516,KXMLBGAME-25JUL22MINLAD-LAD,28,72,33,yes
1753244516729,1753244516,KXMLBGAME-25JUL22HOUARI-HOU,54,46,10,yes
1753244517409,1753244517,KXMLBGAME-25JUL22HOUARI-ARI,52,48,1,yes
1753244519751,1753244519,KXMLBGAME-25JUL22HOUARI-ARI,52,48,22,yes
1753244519751,1753244519,KXMLBGAME-25JUL22HOUARI-ARI,52,48,1,yes
1753244519751,1753244519,KXMLBGAME-25JUL22HOUARI-ARI,53,47,56,yes
1753244519751,1753244519,KXMLBGAME-25JUL22HOUARI-ARI,53,47,104,yes
1753244520336,1753244520,KXMLBGAME-25JUL22HOUARI-HOU,49,51,444,yes
1753244520429,1753244520,KXMLBGAME-25JUL22HOUARI-HOU,48,52,314,no
1753244521632,1753244521,KXMLBGAME-25JUL22HOUARI-HOU,48,52,54,no
1753244525483,1753244525,KXMLBGAME-25JUL22MINLAD-LAD,27,73,14,no
1753244525483,1753244525,KXMLBGAME-25JUL22MINLAD-LAD,26,74,154,no
1753244526604,1753244526,KXMLBGAME-25JUL22HOUARI-HOU,49,51,185,yes
1753244526991,1753244526,KXMLBGAME-25JUL22HOUARI-ARI,52,48,17,yes
1753244526991,1753244526,KXMLBGAME-25JUL22HOUARI-ARI,53,47,286,yes
1753244527350,1753244527,KXMLBGAME-25JUL22HOUARI-HOU,49,51,19,yes
1753244527810,1753244527,KXMLBGAME-25JUL22HOUARI-HOU,49,51,68,yes
1753244528132,1753244528,KXMLBGAME-25JUL22HOUARI-ARI,53,47,18,yes
1753244529110,1753244529,KXMLBGAME-25JUL22HOUARI-HOU,49,51,9,yes
1753244530270,1753244530,KXMLBGAME-25JUL22HOUARI-ARI,53,47,18,yes
1753244532549,1753244532,KXMLBGAME-25JUL22HOUARI-ARI,53,47,9,yes
1753244533670,1753244533,KXMLBGAME-25JUL22HOUARI-HOU,49,51,198,yes
1753244534051,1753244534,KXMLBGAME-25JUL22HOUARI-HOU,48,52,13,no
1753244534051,1753244534,KXMLBGAME-25JUL22HOUARI-HOU,47,53,260,no
1753244534171,1753244534,KXMLBGAME-25JUL22HOUARI-HOU,49,51,9,yes
1753244534668,1753244534,KXMLBGAME-25JUL22MINLAD-LAD,28,72,82,yes
1753244534668,1753244534,KXMLBGAME-25JUL22MINLAD-LAD,29,71,85,yes
1753244536451,1753244536,KXMLBGAME-25JUL22HOUARI-HOU,49,51,3940,yes
1753244536732,1753244536,KXMLBGAME-25JUL22HOUARI-HOU,49,51,87,yes
1753244539668,1753244539,KXMLBGAME-25JUL22HOUARI-ARI,54,46,9,yes
1753244539668,1753244539,KXMLBGAME-25JUL22HOUARI-ARI,55,45,49,yes
1753244540112,1753244540,KXMLBGAME-25JUL22HOUARI-ARI,45,55,22,no
1753244541288,1753244541,KXMLBGAME-25JUL22HOUARI-HOU,49,51,1949,yes
1753244541348,1753244541,KXMLBGAME-25JUL22HOUARI-ARI,53,47,2900,no
1753244545290,1753244545,KXMLBGAME-25JUL22HOUARI-HOU,51,49,49,yes
1753244545589,1753244545,KXMLBGAME-25JUL22MINLAD-LAD,25,75,50,no
1753244545669,1753244545,KXMLBGAME-25JUL22MINLAD-MIN,75,25,200,yes
1753244545669,1753244545,KXMLBGAME-25JUL22MINLAD-MIN,75,25,87,yes
1753244545669,1753244545,KXMLBGAME-25JUL22MINLAD-MIN,75,25,500,yes
1753244545669,1753244545,KXMLBGAME-25JUL22MINLAD-MIN,75,25,300,yes
1753244545771,1753244545,KXMLBGAME-25JUL22HOUARI-ARI,49,51,17,yes
1753244546368,1753244546,KXMLBGAME-25JUL22MINLAD-LAD,26,74,1,yes
1753244546790,1753244546,KXMLBGAME-25JUL22MINLAD-MIN,72,28,87,yes
1753244546790,1753244546,KXMLBGAME-25JUL22MINLAD-MIN,73,27,2769,yes
1753244546848,1753244546,KXMLBGAME-25JUL22MINLAD-MIN,73,27,897,yes
1753244547810,1753244547,KXMLBGAME-25JUL22HOUARI-HOU,54,46,13,yes
1753244548970,1753244548,KXMLBGAME-25JUL22HOUARI-ARI,49,51,50,yes
1753244550151,1753244550,KXMLBGAME-25JUL22HOUARI-HOU,55,45,87,yes
1753244550151,1753244550,KXMLBGAME-25JUL22HOUARI-HOU,56,44,200,yes
1753244550151,1753244550,KXMLBGAME-25JUL22HOUARI-HOU,56,44,300,yes
1753244550151,1753244550,KXMLBGAME-25JUL22HOUARI-HOU,56,44,500,yes
1753244550151,1753244550,KXMLBGAME-25JUL22HOUARI-HOU,57,43,500,yes
1753244550151,1753244550,KXMLBGAME-25JUL22HOUARI-HOU,57,43,200,yes
1753244550151,1753244550,KXMLBGAME-25JUL22HOUARI-HOU,57,43,300,yes
1753244550151,1753244550,KXMLBGAME-25JUL22HOUARI-HOU,57,43,600,yes
1753244550151,1753244550,KXMLBGAME-25JUL22HOUARI-HOU,58,42,701,yes
1753244551330,1753244551,KXMLBGAME-25JUL22HOUARI-ARI,45,55,76,no
1753244551631,1753244551,KXMLBGAME-25JUL22HOUARI-HOU,55,45,50,yes
1753244555584,1753244555,KXMLBGAME-25JUL22HOUARI-HOU,55,45,86,yes
1753244555590,1753244555,KXMLBGAME-25JUL22HOUARI-HOU,55,45,17,yes
1753244556698,1753244556,KXMLBGAME-25JUL22HOUARI-HOU,55,45,17,yes
1753244557632,1753244557,KXMLBGAME-25JUL22HOUARI-HOU,55,45,176,yes
1753244558990,1753244558,KXMLBGAME-25JUL22HOUARI-HOU,55,45,176,yes
1753244560910,1753244560,KXMLBGAME-25JUL22HOUARI-ARI,49,51,45,yes
1753244560910,1753244560,KXMLBGAME-25JUL22HOUARI-ARI,49,51,33,yes
1753244561911,1753244561,KXMLBGAME-25JUL22MINLAD-LAD,24,76,79,yes
1753244563530,1753244563,KXMLBGAME-25JUL22HOUARI-ARI,49,51,296,yes
1753244568271,1753244568,KXMLBGAME-25JUL22MINLAD-MIN,78,22,126,yes
1753244570022,1753244569,KXMLBGAME-25JUL22HOUARI-HOU,55,45,158,yes
1753244570031,1753244569,KXMLBGAME-25JUL22HOUARI-HOU,55,45,5,yes
1753244570289,1753244570,KXMLBGAME-25JUL22HOUARI-HOU,53,47,89,no
1753244571001,1753244570,KXMLBGAME-25JUL22HOUARI-ARI,46,54,85,yes
1753244574451,1753244574,KXMLBGAME-25JUL22HOUARI-ARI,45,55,2,no
1753244574451,1753244574,KXMLBGAME-25JUL22HOUARI-ARI,37,63,87,no
1753244574451,1753244574,KXMLBGAME-25JUL22HOUARI-ARI,36,64,88,no
1753244575222,1753244575,KXMLBGAME-25JUL22HOUARI-ARI,46,54,56,yes
1753244577395,1753244577,KXMLBGAME-25JUL22MINLAD-MIN,78,22,25,yes
1753244579653,1753244579,KXMLBGAME-25JUL22MINLAD-MIN,77,23,631,yes
1753244580314,1753244580,KXMLBGAME-25JUL22HOUARI-ARI,46,54,459,yes
1753244580314,1753244580,KXMLBGAME-25JUL22HOUARI-ARI,47,53,63,yes
1753244581411,1753244581,KXMLBGAME-25JUL22HOUARI-HOU,54,46,36,no
1753244584191,1753244584,KXMLBGAME-25JUL22HOUARI-HOU,60,40,16,yes
1753244584450,1753244584,KXMLBGAME-25JUL22MINLAD-LAD,24,76,4,yes
1753244584590,1753244584,KXMLBGAME-25JUL22MINLAD-LAD,24,76,4,yes
1753244584590,1753244584,KXMLBGAME-25JUL22MINLAD-LAD,24,76,15,yes
1753244590291,1753244590,KXMLBGAME-25JUL22HOUARI-HOU,61,39,87,yes
1753244590291,1753244590,KXMLBGAME-25JUL22HOUARI-HOU,62,38,275,yes
1753244590291,1753244590,KXMLBGAME-25JUL22HOUARI-HOU,63,37,200,yes
1753244590291,1753244590,KXMLBGAME-25JUL22HOUARI-HOU,64,36,300,yes
1753244590291,1753244590,KXMLBGAME-25JUL22HOUARI-HOU,64,36,300,yes
1753244590292,1753244590,KXMLBGAME-25JUL22HOUARI-HOU,64,36,200,yes
1753244590292,1753244590,KXMLBGAME-25JUL22HOUARI-HOU,65,35,300,yes
1753244590292,1753244590,KXMLBGAME-25JUL22HOUARI-HOU,69,31,1338,yes
1753244590292,1753244590,KXMLBGAME-25JUL22HOUARI-HOU,69,31,3000,yes
1753244590311,1753244590,KXMLBGAME-25JUL22HOUARI-HOU,69,31,362,yes
1753244590311,1753244590,KXMLBGAME-25JUL22HOUARI-HOU,69,31,2208,yes
1753244590311,1753244590,KXMLBGAME-25JUL22HOUARI-ARI,37,63,87,no
1753244590311,1753244590,KXMLBGAME-25JUL22HOUARI-ARI,36,64,212,no
1753244590471,1753244590,KXMLBGAME-25JUL22HOUARI-HOU,68,32,200,yes
1753244590471,1753244590,KXMLBGAME-25JUL22HOUARI-HOU,69,31,200,yes
1753244591910,1753244591,KXMLBGAME-25JUL22HOUARI-ARI,34,66,11,yes
1753244592453,1753244592,KXMLBGAME-25JUL22HOUARI-HOU,74,26,1,yes
1753244594911,1753244594,KXMLBGAME-25JUL22HOUARI-ARI,21,79,111,no
1753244595269,1753244595,KXMLBGAME-25JUL22HOUARI-HOU,76,24,276,yes
1753244595390,1753244595,KXMLBGAME-25JUL22MINLAD-LAD,24,76,79,yes
1753244595390,1753244595,KXMLBGAME-25JUL22MINLAD-LAD,25,75,15,yes
1753244595430,1753244595,KXMLBGAME-25JUL22HOUARI-HOU,76,24,24,yes
1753244595430,1753244595,KXMLBGAME-25JUL22HOUARI-HOU,76,24,25,yes
1753244596388,1753244596,KXMLBGAME-25JUL22MINLAD-LAD,24,76,10,yes
1753244597008,1753244596,KXMLBGAME-25JUL22HOUARI-ARI,32,68,14,yes
1753244598250,1753244598,KXMLBGAME-25JUL22HOUARI-HOU,76,24,50,no
1753244598271,1753244598,KXMLBGAME-25JUL22HOUARI-ARI,29,71,50,no
1753244598490,1753244598,KXMLBGAME-25JUL22HOUARI-HOU,65,35,50,no
1753244598850,1753244598,KXMLBGAME-25JUL22MINLAD-MIN,77,23,1000,yes
1753244599968,1753244599,KXMLBGAME-25JUL22MINLAD-MIN,77,23,200,yes
1753244600370,1753244600,KXMLBGAME-25JUL22HOUARI-HOU,66,34,50,no
1753244600650,1753244600,KXMLBGAME-25JUL22HOUARI-HOU,66,34,10,no
1753244601030,1753244600,KXMLBGAME-25JUL22MINLAD-MIN,77,23,10,yes
1753244601250,1753244601,KXMLBGAME-25JUL22HOUARI-HOU,66,34,27,no
1753244601250,1753244601,KXMLBGAME-25JUL22HOUARI-HOU,66,34,23,no
1753244601689,1753244601,KXMLBGAME-25JUL22HOUARI-HOU,71,29,13,yes
1753244602269,1753244602,KXMLBGAME-25JUL22HOUARI-HOU,71,29,35,yes
1753244604845,1753244604,KXMLBGAME-25JUL22HOUARI-ARI,29,71,17,no
1753244604845,1753244604,KXMLBGAME-25JUL22HOUARI-ARI,26,74,29,no
1753244605172,1753244605,KXMLBGAME-25JUL22HOUARI-HOU,66,34,3,no
1753244606687,1753244606,KXMLBGAME-25JUL22HOUARI-HOU,71,29,16,yes
1753244606729,1753244606,KXMLBGAME-25JUL22HOUARI-HOU,66,34,9,no
1753244608291,1753244608,KXMLBGAME-25JUL22MINLAD-LAD,24,76,19,yes
1753244610310,1753244610,KXMLBGAME-25JUL22HOUARI-HOU,71,29,3,yes
1753244610310,1753244610,KXMLBGAME-25JUL22HOUARI-HOU,71,29,84,yes
1753244610310,1753244610,KXMLBGAME-25JUL22HOUARI-HOU,71,29,3,yes
1753244610469,1753244610,KXMLBGAME-25JUL22HOUARI-ARI,30,70,79,yes
1753244611349,1753244611,KXMLBGAME-25JUL22HOUARI-HOU,72,28,95,yes
1753244611868,1753244611,KXMLBGAME-25JUL22HOUARI-HOU,72,28,108,yes
1753244613950,1753244613,KXMLBGAME-25JUL22MINLAD-LAD,25,75,11,yes
1753244614879,1753244614,KXMLBGAME-25JUL22MINLAD-LAD,21,79,87,no
1753244614879,1753244614,KXMLBGAME-25JUL22MINLAD-LAD,20,80,1,no
1753244614879,1753244614,KXMLBGAME-25JUL22MINLAD-LAD,20,80,292,no
1753244615386,1753244615,KXMLBGAME-25JUL22MINLAD-LAD,21,79,1,no
1753244615730,1753244615,KXMLBGAME-25JUL22HOUARI-HOU,71,29,496,no
1753244619794,1753244619,KXMLBGAME-25JUL22HOUARI-HOU,73,27,147,yes
1753244619869,1753244619,KXMLBGAME-25JUL22HOUARI-HOU,73,27,6,yes
1753244620789,1753244620,KXMLBGAME-25JUL22HOUARI-ARI,24,76,73,no
1753244620789,1753244620,KXMLBGAME-25JUL22HOUARI-ARI,23,77,1003,no
1753244621470,1753244621,KXMLBGAME-25JUL22HOUARI-HOU,73,27,1,yes
1753244623583,1753244623,KXMLBGAME-25JUL22HOUARI-HOU,73,27,26,yes
1753244625048,1753244625,KXMLBGAME-25JUL22HOUARI-HOU,73,27,50,yes
1753244625428,1753244625,KXMLBGAME-25JUL22HOUARI-ARI,28,72,247,yes
1753244628805,1753244628,KXMLBGAME-25JUL22HOUARI-HOU,73,27,33,yes
1753244629208,1753244629,KXMLBGAME-25JUL22MINLAD-MIN,77,23,1,yes
1753244630444,1753244630,KXMLBGAME-25JUL22HOUARI-HOU,72,28,600,yes
1753244636793,1753244636,KXMLBGAME-25JUL22MINLAD-LAD,24,76,74,yes
1753244636793,1753244636,KXMLBGAME-25JUL22MINLAD-LAD,25,75,166,yes
1753244638644,1753244638,KXMLBGAME-25JUL22MINLAD-LAD,21,79,87,no
1753244638644,1753244638,KXMLBGAME-25JUL22MINLAD-LAD,20,80,69,no
1753244638644,1753244638,KXMLBGAME-25JUL22HOUARI-HOU,76,24,18,yes
1753244639010,1753244638,KXMLBGAME-25JUL22HOUARI-ARI,46,54,45,yes
1753244639010,1753244638,KXMLBGAME-25JUL22HOUARI-ARI,94,6,3,yes
1753244641036,1753244640,KXMLBGAME-25JUL22MINLAD-LAD,24,76,77,yes
1753244641769,1753244641,KXMLBGAME-25JUL22MINLAD-LAD,25,75,19,yes
1753244641912,1753244641,KXMLBGAME-25JUL22MINLAD-MIN,77,23,191,yes
1753244643490,1753244643,KXMLBGAME-25JUL22HOUARI-HOU,76,24,32,yes
1753244644679,1753244644,KXMLBGAME-25JUL22HOUARI-HOU,97,3,777,yes
1753244644679,1753244644,KXMLBGAME-25JUL22HOUARI-HOU,97,3,100,no
1753244644679,1753244644,KXMLBGAME-25JUL22HOUARI-ARI,6,94,100,no
1753244645232,1753244645,KXMLBGAME-25JUL22HOUARI-HOU,97,3,1,no
1753244645470,1753244645,KXMLBGAME-25JUL22HOUARI-HOU,97,3,100,no
1753244645470,1753244645,KXMLBGAME-25JUL22HOUARI-ARI,5,95,100,no
1753244647949,1753244647,KXMLBGAME-25JUL22HOUARI-HOU,97,3,274,no
1753244648089,1753244648,KXMLBGAME-25JUL22MINLAD-MIN,76,24,25,yes
1753244648565,1753244648,KXMLBGAME-25JUL22HOUARI-HOU,99,1,795,yes
1753244648565,1753244648,KXMLBGAME-25JUL22HOUARI-HOU,99,1,112,yes
1753244650170,1753244650,KXMLBGAME-25JUL22HOUARI-HOU,97,3,46,no
1753244650350,1753244650,KXMLBGAME-25JUL22HOUARI-HOU,97,3,87,no
1753244653830,1753244653,KXMLBGAME-25JUL22HOUARI-HOU,97,3,197,no
1753244654031,1753244653,KXMLBGAME-25JUL22HOUARI-HOU,97,3,10,no
1753244655328,1753244655,KXMLBGAME-25JUL22HOUARI-HOU,97,3,13,no
1753244656510,1753244656,KXMLBGAME-25JUL22HOUARI-HOU,99,1,110,no
1753244656510,1753244656,KXMLBGAME-25JUL22HOUARI-ARI,3,97,10,no
1753244656510,1753244656,KXMLBGAME-25JUL22HOUARI-ARI,3,97,100,no
1753244656510,1753244656,KXMLBGAME-25JUL22HOUARI-ARI,1,99,1000,no
1753244656789,1753244656,KXMLBGAME-25JUL22HOUARI-ARI,1,99,3,yes
1753244657774,1753244657,KXMLBGAME-25JUL22HOUARI-HOU,99,1,55,no
1753244658109,1753244658,KXMLBGAME-25JUL22HOUARI-HOU,99,1,19,no
1753244658230,1753244658,KXMLBGAME-25JUL22HOUARI-HOU,99,1,217,no
1753244658700,1753244658,KXMLBGAME-25JUL22HOUARI-HOU,99,1,742,no
1753244658867,1753244658,KXMLBGAME-25JUL22HOUARI-HOU,99,1,26,no
1753244659232,1753244659,KXMLBGAME-25JUL22HOUARI-ARI,1,99,20,yes
1753244659651,1753244659,KXMLBGAME-25JUL22MINLAD-LAD,25,75,11,yes
1753244660515,1753244660,KXMLBGAME-25JUL22HOUARI-HOU,99,1,176,no
1753244660709,1753244660,KXMLBGAME-25JUL22HOUARI-HOU,99,1,86,no
1753244660931,1753244660,KXMLBGAME-25JUL22HOUARI-HOU,99,1,37,no
1753244661290,1753244661,KXMLBGAME-25JUL22HOUARI-HOU,99,1,2405,no
1753244661881,1753244661,KXMLBGAME-25JUL22HOUARI-HOU,99,1,464,no
1753244662070,1753244662,KXMLBGAME-25JUL22HOUARI-HOU,99,1,69,no
1753244662796,1753244662,KXMLBGAME-25JUL22HOUARI-HOU,99,1,554,no
1753244663409,1753244663,KXMLBGAME-25JUL22HOUARI-HOU,99,1,40,no
1753244663409,1753244663,KXMLBGAME-25JUL22HOUARI-HOU,99,1,32,no
1753244663891,1753244663,KXMLBGAME-25JUL22HOUARI-HOU,99,1,1,no
1753244663891,1753244663,KXMLBGAME-25JUL22HOUARI-HOU,99,1,299,no
1753244664250,1753244664,KXMLBGAME-25JUL22HOUARI-HOU,99,1,35,no
1753244666228,1753244666,KXMLBGAME-25JUL22MINLAD-MIN,76,24,6,yes
1753244667069,1753244667,KXMLBGAME-25JUL22HOUARI-ARI,1,99,93,yes
1753244668742,1753244668,KXMLBGAME-25JUL22HOUARI-ARI,1,99,8883,yes
1753244668742,1753244668,KXMLBGAME-25JUL22HOUARI-ARI,1,99,468,yes
1753244669050,1753244669,KXMLBGAME-25JUL22HOUARI-ARI,1,99,467,yes
1753244671702,1753244671,KXMLBGAME-25JUL22HOUARI-HOU,99,1,16,no
1753244674075,1753244674,KXMLBGAME-25JUL22MINLAD-LAD,24,76,51,yes
1753244676850,1753244676,KXMLBGAME-25JUL22HOUARI-HOU,99,1,35,no
1753244677190,1753244677,KXMLBGAME-25JUL22HOUARI-HOU,99,1,400,no
1753244678711,1753244678,KXMLBGAME-25JUL22HOUARI-ARI,1,99,935,yes
1753244679411,1753244679,KXMLBGAME-25JUL22HOUARI-HOU,99,1,205,no
1753244679612,1753244679,KXMLBGAME-25JUL22HOUARI-ARI,1,99,93,yes
1753244680109,1753244680,KXMLBGAME-25JUL22HOUARI-HOU,99,1,10,no
1753244680388,1753244680,KXMLBGAME-25JUL22MINLAD-LAD,25,75,373,yes
1753244684010,1753244683,KXMLBGAME-25JUL22HOUARI-HOU,99,1,129,no
1753244685530,1753244685,KXMLBGAME-25JUL22HOUARI-ARI,1,99,43,yes
1753244685813,1753244685,KXMLBGAME-25JUL22HOUARI-HOU,99,1,19,no
1753244690494,1753244690,KXMLBGAME-25JUL22MINLAD-LAD,21,79,22,no
1753244692551,1753244692,KXMLBGAME-25JUL22MINLAD-LAD,25,75,1,yes
1753244695331,1753244695,KXMLBGAME-25JUL22MINLAD-LAD,25,75,126,yes
1753244695331,1753244695,KXMLBGAME-25JUL22MINLAD-LAD,25,75,45,yes
1753244695331,1753244695,KXMLBGAME-25JUL22MINLAD-LAD,25,75,6,yes
1753244695331,1753244695,KXMLBGAME-25JUL22MINLAD-LAD,26,74,585,yes
1753244696902,1753244696,KXMLBGAME-25JUL22MINLAD-MIN,76,24,50,yes
1753244697128,1753244697,KXMLBGAME-25JUL22HOUARI-HOU,99,1,1146,no
1753244697426,1753244697,KXMLBGAME-25JUL22HOUARI-HOU,99,1,13,no
1753244698269,1753244698,KXMLBGAME-25JUL22HOUARI-HOU,99,1,200,no
1753244698809,1753244698,KXMLBGAME-25JUL22HOUARI-HOU,99,1,62,no
1753244705688,1753244705,KXMLBGAME-25JUL22MINLAD-LAD,25,75,38,yes
1753244705688,1753244705,KXMLBGAME-25JUL22MINLAD-LAD,26,74,15,yes
1753244705688,1753244705,KXMLBGAME-25JUL22MINLAD-LAD,26,74,58,yes
1753244705890,1753244705,KXMLBGAME-25JUL22MINLAD-MIN,76,24,65,yes
1753244706389,1753244706,KXMLBGAME-25JUL22MINLAD-LAD,21,79,44,no
1753244708230,1753244708,KXMLBGAME-25JUL22MINLAD-MIN,76,24,165,yes
1753244708988,1753244708,KXMLBGAME-25JUL22HOUARI-HOU,99,1,1072,no
1753244709010,1753244708,KXMLBGAME-25JUL22HOUARI-HOU,99,1,516,no
1753244711648,1753244711,KXMLBGAME-25JUL22HOUARI-HOU,99,1,91,no
1753244712830,1753244712,KXMLBGAME-25JUL22MINLAD-MIN,76,24,79,yes
1753244712870,1753244712,KXMLBGAME-25JUL22MINLAD-LAD,25,75,40,yes
1753244712870,1753244712,KXMLBGAME-25JUL22MINLAD-LAD,26,74,52,yes
1753244714210,1753244714,KXMLBGAME-25JUL22MINLAD-MIN,76,24,28,yes
1753244715150,1753244715,KXMLBGAME-25JUL22MINLAD-MIN,76,24,25,yes
1753244725429,1753244725,KXMLBGAME-25JUL22MINLAD-LAD,24,76,10,no
1753244725531,1753244725,KXMLBGAME-25JUL22MINLAD-MIN,76,24,29,yes
1753244725532,1753244725,KXMLBGAME-25JUL22MINLAD-MIN,76,24,597,yes
1753244725532,1753244725,KXMLBGAME-25JUL22MINLAD-MIN,76,24,58,yes
1753244725532,1753244725,KXMLBGAME-25JUL22MINLAD-MIN,76,24,52,yes
1753244725809,1753244725,KXMLBGAME-25JUL22MINLAD-LAD,24,76,3,yes
1753244736590,1753244736,KXMLBGAME-25JUL22MINLAD-MIN,76,24,31,no
1753244737531,1753244737,KXMLBGAME-25JUL22HOUARI-HOU,99,1,113,no
1753244737851,1753244737,KXMLBGAME-25JUL22MINLAD-LAD,24,76,47,yes
1753244738248,1753244738,KXMLBGAME-25JUL22MINLAD-LAD,24,76,791,yes
1753244745435,1753244745,KXMLBGAME-25JUL22MINLAD-LAD,24,76,39,yes
1753244745809,1753244745,KXMLBGAME-25JUL22MINLAD-MIN,79,21,62,yes
1753244747277,1753244747,KXMLBGAME-25JUL22HOUARI-HOU,99,1,319,no
1753244747370,1753244747,KXMLBGAME-25JUL22MINLAD-LAD,24,76,59,yes
1753244748469,1753244748,KXMLBGAME-25JUL22MINLAD-LAD,24,76,59,yes
1753244749470,1753244749,KXMLBGAME-25JUL22HOUARI-HOU,99,1,201,no
1753244753939,1753244753,KXMLBGAME-25JUL22HOUARI-HOU,99,1,4540,no
1753244754252,1753244754,KXMLBGAME-25JUL22HOUARI-HOU,99,1,158,no
1753244760189,1753244760,KXMLBGAME-25JUL22MINLAD-MIN,80,20,6,yes
1753244760272,1753244760,KXMLBGAME-25JUL22MINLAD-LAD,24,76,6,no
1753244761914,1753244761,KXMLBGAME-25JUL22MINLAD-LAD,29,71,30,yes
1753244761914,1753244761,KXMLBGAME-25JUL22MINLAD-LAD,30,70,5,yes
1753244761914,1753244761,KXMLBGAME-25JUL22MINLAD-LAD,30,70,50,yes
1753244761914,1753244761,KXMLBGAME-25JUL22MINLAD-LAD,45,55,26,yes
1753244761914,1753244761,KXMLBGAME-25JUL22MINLAD-LAD,55,45,1,yes
1753244761914,1753244761,KXMLBGAME-25JUL22MINLAD-LAD,56,44,18,yes
1753244762170,1753244762,KXMLBGAME-25JUL22MINLAD-LAD,24,76,644,no
1753244762872,1753244762,KXMLBGAME-25JUL22MINLAD-MIN,81,19,13,yes
1753244762872,1753244762,KXMLBGAME-25JUL22MINLAD-MIN,82,18,1,yes
1753244762872,1753244762,KXMLBGAME-25JUL22MINLAD-MIN,82,18,4,yes
1753244762872,1753244762,KXMLBGAME-25JUL22MINLAD-MIN,85,15,5,yes
1753244762872,1753244762,KXMLBGAME-25JUL22MINLAD-MIN,88,12,88,yes
1753244762911,1753244762,KXMLBGAME-25JUL22MINLAD-LAD,22,78,10,no
1753244764790,1753244764,KXMLBGAME-25JUL22MINLAD-MIN,87,13,28,yes
1753244764830,1753244764,KXMLBGAME-25JUL22MINLAD-LAD,19,81,4,no
1753244764830,1753244764,KXMLBGAME-25JUL22MINLAD-LAD,18,82,24,no
1753244765032,1753244764,KXMLBGAME-25JUL22MINLAD-LAD,18,82,6,no
1753244765450,1753244765,KXMLBGAME-25JUL22HOUARI-HOU,99,1,88,no
1753244765450,1753244765,KXMLBGAME-25JUL22HOUARI-HOU,99,1,111,no
1753244767030,1753244766,KXMLBGAME-25JUL22MINLAD-LAD,1,99,79,no
1753244767868,1753244767,KXMLBGAME-25JUL22MINLAD-MIN,88,12,912,yes
1753244773129,1753244773,KXMLBGAME-25JUL22MINLAD-MIN,90,10,278,yes
1753244774112,1753244774,KXMLBGAME-25JUL22MINLAD-MIN,90,10,5,yes
1753244775532,1753244775,KXMLBGAME-25JUL22MINLAD-MIN,90,10,717,yes
1753244778150,1753244778,KXMLBGAME-25JUL22MINLAD-LAD,7,93,1,no
1753244779028,1753244778,KXMLBGAME-25JUL22MINLAD-MIN,94,6,28,yes
1753244779028,1753244778,KXMLBGAME-25JUL22MINLAD-MIN,94,6,16,yes
1753244779028,1753244778,KXMLBGAME-25JUL22MINLAD-MIN,94,6,419,yes
1753244779739,1753244779,KXMLBGAME-25JUL22MINLAD-MIN,94,6,14,yes
1753244779791,1753244779,KXMLBGAME-25JUL22MINLAD-MIN,94,6,211,yes
1753244780750,1753244780,KXMLBGAME-25JUL22MINLAD-MIN,92,8,95,no
1753244784149,1753244784,KXMLBGAME-25JUL22MINLAD-LAD,8,92,23,yes
1753244785576,1753244785,KXMLBGAME-25JUL22MINLAD-LAD,8,92,58,yes
1753244786669,1753244786,KXMLBGAME-25JUL22MINLAD-LAD,8,92,5,yes
1753244787727,1753244787,KXMLBGAME-25JUL22MINLAD-LAD,8,92,234,yes
1753244788630,1753244788,KXMLBGAME-25JUL22MINLAD-LAD,8,92,258,yes
1753244788630,1753244788,KXMLBGAME-25JUL22MINLAD-MIN,95,5,1,yes
1753244788870,1753244788,KXMLBGAME-25JUL22MINLAD-LAD,5,95,221,no
1753244789049,1753244788,KXMLBGAME-25JUL22MINLAD-LAD,8,92,176,yes
1753244791701,1753244791,KXMLBGAME-25JUL22MINLAD-LAD,8,92,11,yes
1753244792212,1753244792,KXMLBGAME-25JUL22MINLAD-LAD,8,92,5,yes
1753244793070,1753244792,KXMLBGAME-25JUL22MINLAD-LAD,8,92,1,yes
1753244795992,1753244795,KXMLBGAME-25JUL22MINLAD-MIN,95,5,1,yes
1753244796744,1753244796,KXMLBGAME-25JUL22MINLAD-LAD,8,92,1174,yes
1753244797451,1753244797,KXMLBGAME-25JUL22MINLAD-LAD,8,92,45,yes
1753244797451,1753244797,KXMLBGAME-25JUL22MINLAD-LAD,8,92,13,yes
1753244799707,1753244799,KXMLBGAME-25JUL22MINLAD-LAD,8,92,1,yes
1753244800410,1753244800,KXMLBGAME-25JUL22MINLAD-MIN,94,6,279,yes
1753244801269,1753244801,KXMLBGAME-25JUL22MINLAD-LAD,8,92,33,yes
1753244801269,1753244801,KXMLBGAME-25JUL22MINLAD-LAD,8,92,1,yes
1753244801269,1753244801,KXMLBGAME-25JUL22MINLAD-LAD,9,91,300,yes
1753244801269,1753244801,KXMLBGAME-25JUL22MINLAD-LAD,9,91,714,yes
1753244802311,1753244802,KXMLBGAME-25JUL22MINLAD-LAD,8,92,11,yes
1753244803349,1753244803,KXMLBGAME-25JUL22HOUARI-HOU,99,1,10,no
1753244804231,1753244804,KXMLBGAME-25JUL22MINLAD-LAD,8,92,14,yes
1753244804231,1753244804,KXMLBGAME-25JUL22MINLAD-LAD,8,92,8,yes
1753244804231,1753244804,KXMLBGAME-25JUL22MINLAD-LAD,8,92,36,yes
1753244804531,1753244804,KXMLBGAME-25JUL22MINLAD-MIN,93,7,13,yes
1753244805430,1753244805,KXMLBGAME-25JUL22MINLAD-MIN,93,7,287,yes
1753244805430,1753244805,KXMLBGAME-25JUL22MINLAD-MIN,95,5,88,yes
1753244805430,1753244805,KXMLBGAME-25JUL22MINLAD-MIN,95,5,1327,yes
1753244805550,1753244805,KXMLBGAME-25JUL22MINLAD-LAD,8,92,117,yes
1753244806529,1753244806,KXMLBGAME-25JUL22MINLAD-LAD,5,95,62,no
1753244807033,1753244806,KXMLBGAME-25JUL22MINLAD-LAD,7,93,17,yes
1753244807033,1753244806,KXMLBGAME-25JUL22MINLAD-LAD,8,92,219,yes
1753244808724,1753244808,KXMLBGAME-25JUL22MINLAD-LAD,7,93,1,yes
1753244810261,1753244810,KXMLBGAME-25JUL22MINLAD-LAD,7,93,12,yes
1753244810261,1753244810,KXMLBGAME-25JUL22MINLAD-LAD,8,92,36,yes
1753244812001,1753244811,KXMLBGAME-25JUL22MINLAD-LAD,8,92,58,yes
1753244812289,1753244812,KXMLBGAME-25JUL22MINLAD-LAD,5,95,430,no
1753244812929,1753244812,KXMLBGAME-25JUL22MINLAD-LAD,8,92,23,yes
1753244813326,1753244813,KXMLBGAME-25JUL22MINLAD-LAD,8,92,5,yes
1753244814552,1753244814,KXMLBGAME-25JUL22MINLAD-LAD,8,92,6,yes
1753244814552,1753244814,KXMLBGAME-25JUL22MINLAD-LAD,8,92,4,yes
1753244815210,1753244815,KXMLBGAME-25JUL22MINLAD-LAD,8,92,264,yes
1753244817351,1753244817,KXMLBGAME-25JUL22MINLAD-MIN,92,8,100,no
1753244818829,1753244818,KXMLBGAME-25JUL22MINLAD-LAD,7,93,40,yes
1753244820312,1753244820,KXMLBGAME-25JUL22MINLAD-LAD,7,93,239,yes
1753244820312,1753244820,KXMLBGAME-25JUL22MINLAD-LAD,7,93,500,yes
1753244820312,1753244820,KXMLBGAME-25JUL22MINLAD-LAD,7,93,465,yes
1753244820931,1753244820,KXMLBGAME-25JUL22MINLAD-LAD,5,95,125,no
1753244820931,1753244820,KXMLBGAME-25JUL22MINLAD-LAD,7,93,35,yes
1753244820932,1753244820,KXMLBGAME-25JUL22MINLAD-LAD,8,92,9,yes
1753244820932,1753244820,KXMLBGAME-25JUL22MINLAD-LAD,8,92,312,yes
1753244821210,1753244821,KXMLBGAME-25JUL22MINLAD-MIN,93,7,84,no
1753244822548,1753244822,KXMLBGAME-25JUL22MINLAD-LAD,5,95,6,no
1753244825730,1753244825,KXMLBGAME-25JUL22MINLAD-LAD,8,92,164,yes
1753244829130,1753244829,KXMLBGAME-25JUL22MINLAD-LAD,7,93,50,no
1753244829130,1753244829,KXMLBGAME-25JUL22MINLAD-LAD,5,95,117,no
1753244832686,1753244832,KXMLBGAME-25JUL22MINLAD-MIN,94,6,259,yes
1753244832772,1753244832,KXMLBGAME-25JUL22MINLAD-MIN,94,6,220,yes
1753244834222,1753244834,KXMLBGAME-25JUL22MINLAD-LAD,8,92,58,yes
1753244834609,1753244834,KXMLBGAME-25JUL22MINLAD-LAD,8,92,66,yes
1753244834609,1753244834,KXMLBGAME-25JUL22MINLAD-LAD,8,92,164,yes
1753244835390,1753244835,KXMLBGAME-25JUL22MINLAD-LAD,8,92,23,yes
1753244836230,1753244836,KXMLBGAME-25JUL22MINLAD-MIN,93,7,27,no
1753244837074,1753244837,KXMLBGAME-25JUL22MINLAD-MIN,93,7,10,no
1753244838190,1753244838,KXMLBGAME-25JUL22MINLAD-LAD,7,93,409,no
1753244839035,1753244838,KXMLBGAME-25JUL22MINLAD-LAD,7,93,91,no
1753244839854,1753244839,KXMLBGAME-25JUL22MINLAD-MIN,94,6,423,yes
1753244840671,1753244840,KXMLBGAME-25JUL22MINLAD-MIN,94,6,430,yes
1753244841509,1753244841,KXMLBGAME-25JUL22MINLAD-MIN,94,6,488,yes
1753244842145,1753244842,KXMLBGAME-25JUL22MINLAD-LAD,8,92,1,yes
1753244842270,1753244842,KXMLBGAME-25JUL22MINLAD-MIN,94,6,174,yes
1753244842369,1753244842,KXMLBGAME-25JUL22MINLAD-MIN,94,6,412,yes
1753244842990,1753244842,KXMLBGAME-25JUL22MINLAD-LAD,8,92,6,yes
1753244842990,1753244842,KXMLBGAME-25JUL22MINLAD-LAD,8,92,1,yes
1753244842990,1753244842,KXMLBGAME-25JUL22MINLAD-LAD,9,91,98,yes
1753244843252,1753244843,KXMLBGAME-25JUL22MINLAD-LAD,6,94,30,no
1753244843252,1753244843,KXMLBGAME-25JUL22MINLAD-MIN,94,6,73,yes
1753244843549,1753244843,KXMLBGAME-25JUL22MINLAD-LAD,5,95,164,no
1753244843771,1753244843,KXMLBGAME-25JUL22MINLAD-MIN,95,5,2339,yes
1753244843771,1753244843,KXMLBGAME-25JUL22MINLAD-MIN,95,5,3666,yes
1753244843771,1753244843,KXMLBGAME-25JUL22MINLAD-MIN,95,5,1327,yes
1753244843771,1753244843,KXMLBGAME-25JUL22MINLAD-MIN,95,5,279,yes
1753244843809,1753244843,KXMLBGAME-25JUL22MINLAD-LAD,8,92,5,yes
1753244843809,1753244843,KXMLBGAME-25JUL22MINLAD-LAD,8,92,229,yes
1753244844269,1753244844,KXMLBGAME-25JUL22MINLAD-MIN,95,5,154,yes
1753244844498,1753244844,KXMLBGAME-25JUL22MINLAD-LAD,7,93,176,yes
1753244848249,1753244848,KXMLBGAME-25JUL22MINLAD-LAD,5,95,200,no
1753244848249,1753244848,KXMLBGAME-25JUL22MINLAD-LAD,5,95,40,no
1753244848249,1753244848,KXMLBGAME-25JUL22MINLAD-LAD,5,95,39,no
1753244851624,1753244851,KXMLBGAME-25JUL22MINLAD-MIN,93,7,1714,no
1753244852950,1753244852,KXMLBGAME-25JUL22MINLAD-LAD,5,95,58,no
1753244853190,1753244853,KXMLBGAME-25JUL22MINLAD-LAD,5,95,29,no
1753244853190,1753244853,KXMLBGAME-25JUL22MINLAD-LAD,5,95,20,no
1753244855410,1753244855,KXMLBGAME-25JUL22MINLAD-LAD,6,94,14,yes
1753244855410,1753244855,KXMLBGAME-25JUL22MINLAD-LAD,7,93,54,yes
1753244855600,1753244855,KXMLBGAME-25JUL22MINLAD-MIN,96,4,200,yes
1753244855600,1753244855,KXMLBGAME-25JUL22MINLAD-MIN,96,4,59,yes
1753244856150,1753244856,KXMLBGAME-25JUL22MINLAD-LAD,4,96,296,no
1753244857057,1753244856,KXMLBGAME-25JUL22MINLAD-MIN,96,4,2126,yes
1753244857110,1753244856,KXMLBGAME-25JUL22MINLAD-LAD,7,93,13,yes
1753244858689,1753244858,KXMLBGAME-25JUL22MINLAD-LAD,4,96,23,no
1753244862610,1753244862,KXMLBGAME-25JUL22MINLAD-MIN,94,6,1,no
1753244866331,1753244866,KXMLBGAME-25JUL22MINLAD-LAD,6,94,31,yes
1753244867869,1753244867,KXMLBGAME-25JUL22MINLAD-MIN,94,6,111,no
1753244868450,1753244868,KXMLBGAME-25JUL22MINLAD-MIN,94,6,412,no
1753244869729,1753244869,KXMLBGAME-25JUL22MINLAD-MIN,95,5,417,yes
1753244870190,1753244870,KXMLBGAME-25JUL22MINLAD-LAD,4,96,50,no
1753244870190,1753244870,KXMLBGAME-25JUL22MINLAD-LAD,3,97,42,no
1753244873853,1753244873,KXMLBGAME-25JUL22MINLAD-MIN,95,5,5,yes
1753244873853,1753244873,KXMLBGAME-25JUL22MINLAD-MIN,95,5,87,yes
1753244873853,1753244873,KXMLBGAME-25JUL22MINLAD-MIN,96,4,80,yes
1753244873952,1753244873,KXMLBGAME-25JUL22MINLAD-LAD,6,94,1,yes
1753244874072,1753244874,KXMLBGAME-25JUL22MINLAD-MIN,95,5,42,yes
1753244875233,1753244875,KXMLBGAME-25JUL22MINLAD-LAD,6,94,9,yes
1753244875233,1753244875,KXMLBGAME-25JUL22MINLAD-LAD,6,94,5,yes
1753244875233,1753244875,KXMLBGAME-25JUL22MINLAD-LAD,7,93,122,yes
1753244877799,1753244877,KXMLBGAME-25JUL22MINLAD-MIN,90,10,5,no
1753244878829,1753244878,KXMLBGAME-25JUL22MINLAD-LAD,7,93,5,yes
1753244879192,1753244879,KXMLBGAME-25JUL22MINLAD-MIN,95,5,45,yes
1753244879192,1753244879,KXMLBGAME-25JUL22MINLAD-MIN,95,5,42,yes
1753244879192,1753244879,KXMLBGAME-25JUL22MINLAD-MIN,95,5,5,yes
1753244879192,1753244879,KXMLBGAME-25JUL22MINLAD-MIN,96,4,12,yes
1753244879311,1753244879,KXMLBGAME-25JUL22MINLAD-LAD,4,96,29,no
1753244882970,1753244882,KXMLBGAME-25JUL22MINLAD-LAD,7,93,3,yes
1753244884313,1753244884,KXMLBGAME-25JUL22HOUARI-HOU,99,1,87,no
1753244884705,1753244884,KXMLBGAME-25JUL22MINLAD-MIN,95,5,74,yes
1753244884705,1753244884,KXMLBGAME-25JUL22MINLAD-MIN,96,4,186,yes
1753244885132,1753244885,KXMLBGAME-25JUL22MINLAD-LAD,7,93,2,yes
1753244885132,1753244885,KXMLBGAME-25JUL22MINLAD-LAD,7,93,3,yes
1753244885132,1753244885,KXMLBGAME-25JUL22MINLAD-LAD,7,93,1,yes
1753244885132,1753244885,KXMLBGAME-25JUL22MINLAD-LAD,8,92,3,yes
1753244885991,1753244885,KXMLBGAME-25JUL22MINLAD-MIN,96,4,103,yes
1753244886191,1753244886,KXMLBGAME-25JUL22HOUARI-HOU,99,1,17,no
1753244886542,1753244886,KXMLBGAME-25JUL22MINLAD-LAD,4,96,33,no
1753244886549,1753244886,KXMLBGAME-25JUL22MINLAD-LAD,4,96,22,no
1753244886549,1753244886,KXMLBGAME-25JUL22MINLAD-LAD,3,97,8,no
1753244886549,1753244886,KXMLBGAME-25JUL22MINLAD-LAD,3,97,73,no
1753244887191,1753244887,KXMLBGAME-25JUL22MINLAD-LAD,7,93,5,yes
1753244887191,1753244887,KXMLBGAME-25JUL22MINLAD-LAD,8,92,54,yes
1753244887470,1753244887,KXMLBGAME-25JUL22MINLAD-LAD,7,93,5,yes
1753244887470,1753244887,KXMLBGAME-25JUL22MINLAD-LAD,8,92,19,yes
1753244888369,1753244888,KXMLBGAME-25JUL22MINLAD-LAD,7,93,5,yes
1753244888369,1753244888,KXMLBGAME-25JUL22MINLAD-LAD,8,92,52,yes
1753244888369,1753244888,KXMLBGAME-25JUL22MINLAD-LAD,8,92,60,yes
1753244889331,1753244889,KXMLBGAME-25JUL22HOUARI-HOU,99,1,75,no
1753244890870,1753244890,KXMLBGAME-25JUL22MINLAD-LAD,4,96,3,no
1753244893410,1753244893,KXMLBGAME-25JUL22HOUARI-HOU,99,1,1450,no
1753244893731,1753244893,KXMLBGAME-25JUL22MINLAD-LAD,7,93,5,yes
1753244893731,1753244893,KXMLBGAME-25JUL22MINLAD-LAD,8,92,27,yes
1753244893731,1753244893,KXMLBGAME-25JUL22MINLAD-LAD,8,92,60,yes
1753244893731,1753244893,KXMLBGAME-25JUL22MINLAD-LAD,9,91,12,yes
1753244894913,1753244894,KXMLBGAME-25JUL22MINLAD-MIN,95,5,78,yes
1753244894913,1753244894,KXMLBGAME-25JUL22MINLAD-MIN,95,5,479,yes
1753244894913,1753244894,KXMLBGAME-25JUL22MINLAD-MIN,96,4,619,yes
1753244894913,1753244894,KXMLBGAME-25JUL22MINLAD-MIN,96,4,200,yes
1753244894913,1753244894,KXMLBGAME-25JUL22MINLAD-MIN,96,4,300,yes
1753244894913,1753244894,KXMLBGAME-25JUL22MINLAD-MIN,97,3,5,yes
1753244894913,1753244894,KXMLBGAME-25JUL22MINLAD-MIN,97,3,200,yes
1753244894913,1753244894,KXMLBGAME-25JUL22MINLAD-MIN,97,3,300,yes
1753244894913,1753244894,KXMLBGAME-25JUL22MINLAD-MIN,98,2,22,yes
1753244897655,1753244897,KXMLBGAME-25JUL22HOUARI-HOU,99,1,20,no
1753244898092,1753244898,KXMLBGAME-25JUL22MINLAD-LAD,8,92,23,yes
1753244901302,1753244901,KXMLBGAME-25JUL22MINLAD-LAD,7,93,134,yes
1753244902114,1753244902,KXMLBGAME-25JUL22MINLAD-LAD,7,93,66,yes
1753244902114,1753244902,KXMLBGAME-25JUL22MINLAD-LAD,7,93,68,yes
1753244904531,1753244904,KXMLBGAME-25JUL22MINLAD-MIN,91,9,30,no
1753244905092,1753244905,KXMLBGAME-25JUL22MINLAD-MIN,95,5,169,yes
1753244905431,1753244905,KXMLBGAME-25JUL22MINLAD-MIN,95,5,52,yes
1753244906268,1753244906,KXMLBGAME-25JUL22MINLAD-LAD,5,95,32,no
1753244906349,1753244906,KXMLBGAME-25JUL22MINLAD-LAD,7,93,10,yes
1753244906926,1753244906,KXMLBGAME-25JUL22MINLAD-LAD,7,93,40,yes
1753244907092,1753244907,KXMLBGAME-25JUL22MINLAD-MIN,95,5,91,yes
1753244907745,1753244907,KXMLBGAME-25JUL22MINLAD-LAD,7,93,2,yes
1753244910031,1753244909,KXMLBGAME-25JUL22MINLAD-LAD,7,93,377,yes
1753244910031,1753244909,KXMLBGAME-25JUL22MINLAD-LAD,7,93,532,yes
1753244910031,1753244909,KXMLBGAME-25JUL22MINLAD-LAD,8,92,427,yes
1753244910031,1753244909,KXMLBGAME-25JUL22MINLAD-LAD,9,91,87,yes
1753244910031,1753244909,KXMLBGAME-25JUL22MINLAD-LAD,9,91,200,yes
1753244910031,1753244909,KXMLBGAME-25JUL22MINLAD-LAD,10,90,200,yes
1753244910031,1753244909,KXMLBGAME-25JUL22MINLAD-LAD,11,89,403,yes
1753244911350,1753244911,KXMLBGAME-25JUL22MINLAD-LAD,6,94,5,no
1753244915870,1753244915,KXMLBGAME-25JUL22MINLAD-LAD,6,94,75,no
1753244915870,1753244915,KXMLBGAME-25JUL22MINLAD-LAD,6,94,4,no
1753244915870,1753244915,KXMLBGAME-25JUL22MINLAD-LAD,5,95,458,no
1753244917332,1753244917,KXMLBGAME-25JUL22HOUARI-HOU,99,1,85,no
1753244917711,1753244917,KXMLBGAME-25JUL22MINLAD-MIN,93,7,400,yes
1753244917711,1753244917,KXMLBGAME-25JUL22MINLAD-MIN,95,5,130,yes
1753244922533,1753244922,KXMLBGAME-25JUL22MINLAD-MIN,95,5,58,yes
1753244922533,1753244922,KXMLBGAME-25JUL22MINLAD-MIN,95,5,44,yes
1753244925971,1753244925,KXMLBGAME-25JUL22MINLAD-MIN,91,9,87,no
1753244925971,1753244925,KXMLBGAME-25JUL22MINLAD-MIN,90,10,384,no
1753244927851,1753244927,KXMLBGAME-25JUL22MINLAD-MIN,94,6,70,yes
1753244927851,1753244927,KXMLBGAME-25JUL22MINLAD-MIN,95,5,109,yes
1753244932430,1753244932,KXMLBGAME-25JUL22MINLAD-MIN,95,5,29,yes
1753244933450,1753244933,KXMLBGAME-25JUL22MINLAD-LAD,11,89,87,yes
1753244933450,1753244933,KXMLBGAME-25JUL22MINLAD-LAD,12,88,200,yes
1753244933450,1753244933,KXMLBGAME-25JUL22MINLAD-LAD,12,88,112,yes
1753244934089,1753244934,KXMLBGAME-25JUL22MINLAD-LAD,11,89,1,yes
1753244934231,1753244934,KXMLBGAME-25JUL22MINLAD-MIN,91,9,62,no
1753244941870,1753244941,KXMLBGAME-25JUL22MINLAD-LAD,10,90,85,yes
1753244941870,1753244941,KXMLBGAME-25JUL22MINLAD-LAD,10,90,200,yes
1753244941870,1753244941,KXMLBGAME-25JUL22MINLAD-LAD,11,89,200,yes
1753244941870,1753244941,KXMLBGAME-25JUL22MINLAD-LAD,11,89,6,yes
1753244943271,1753244943,KXMLBGAME-25JUL22MINLAD-LAD,5,95,1,no
1753244945853,1753244945,KXMLBGAME-25JUL22MINLAD-MIN,93,7,300,yes
1753244945853,1753244945,KXMLBGAME-25JUL22MINLAD-MIN,93,7,87,yes
1753244945853,1753244945,KXMLBGAME-25JUL22MINLAD-MIN,95,5,341,yes
1753244945853,1753244945,KXMLBGAME-25JUL22MINLAD-MIN,95,5,308,yes
1753244945853,1753244945,KXMLBGAME-25JUL22MINLAD-MIN,95,5,5,yes
1753244945853,1753244945,KXMLBGAME-25JUL22MINLAD-MIN,96,4,600,yes
1753244945853,1753244945,KXMLBGAME-25JUL22MINLAD-MIN,96,4,500,yes
1753244945853,1753244945,KXMLBGAME-25JUL22MINLAD-MIN,96,4,51,yes
1753244945854,1753244945,KXMLBGAME-25JUL22MINLAD-MIN,97,3,294,yes
1753244950410,1753244950,KXMLBGAME-25JUL22MINLAD-MIN,96,4,87,yes
1753244950410,1753244950,KXMLBGAME-25JUL22MINLAD-MIN,97,3,201,yes
1753244952700,1753244952,KXMLBGAME-25JUL22MINLAD-LAD,5,95,7,no
1753244958573,1753244958,KXMLBGAME-25JUL22MINLAD-LAD,8,92,52,yes
1753244958851,1753244958,KXMLBGAME-25JUL22MINLAD-LAD,8,92,52,yes
1753244961830,1753244961,KXMLBGAME-25JUL22MINLAD-LAD,8,92,105,yes
1753244964010,1753244963,KXMLBGAME-25JUL22MINLAD-MIN,93,7,5,yes
1753244964010,1753244963,KXMLBGAME-25JUL22MINLAD-MIN,94,6,164,yes
1753244966729,1753244966,KXMLBGAME-25JUL22MINLAD-MIN,93,7,5,yes
1753244966729,1753244966,KXMLBGAME-25JUL22MINLAD-MIN,93,7,436,yes
1753244966729,1753244966,KXMLBGAME-25JUL22MINLAD-MIN,93,7,118,yes
1753244966774,1753244966,KXMLBGAME-25JUL22MINLAD-MIN,94,6,67,yes
1753244966774,1753244966,KXMLBGAME-25JUL22MINLAD-MIN,94,6,30,yes
1753244966775,1753244966,KXMLBGAME-25JUL22MINLAD-MIN,95,5,200,yes
1753244966775,1753244966,KXMLBGAME-25JUL22MINLAD-MIN,95,5,300,yes
1753244966775,1753244966,KXMLBGAME-25JUL22MINLAD-MIN,96,4,300,yes
1753244966775,1753244966,KXMLBGAME-25JUL22MINLAD-MIN,96,4,200,yes
1753244966775,1753244966,KXMLBGAME-25JUL22MINLAD-MIN,97,3,255,yes
1753244966775,1753244966,KXMLBGAME-25JUL22MINLAD-MIN,98,2,183,yes
1753244966912,1753244966,KXMLBGAME-25JUL22MINLAD-LAD,8,92,1,yes
1753244970850,1753244970,KXMLBGAME-25JUL22MINLAD-MIN,91,9,87,no
1753244970850,1753244970,KXMLBGAME-25JUL22MINLAD-MIN,90,10,354,no
1753244971932,1753244971,KXMLBGAME-25JUL22MINLAD-LAD,8,92,269,yes
1753244971932,1753244971,KXMLBGAME-25JUL22MINLAD-LAD,8,92,318,yes
1753244974505,1753244974,KXMLBGAME-25JUL22MINLAD-LAD,8,92,82,yes
1753244976129,1753244976,KXMLBGAME-25JUL22MINLAD-LAD,8,92,5,yes
1753244980993,1753244980,KXMLBGAME-25JUL22MINLAD-MIN,91,9,50,yes
1753244980993,1753244980,KXMLBGAME-25JUL22MINLAD-MIN,93,7,5,yes
1753244980993,1753244980,KXMLBGAME-25JUL22MINLAD-MIN,94,6,25,yes
1753244981270,1753244981,KXMLBGAME-25JUL22MINLAD-LAD,7,93,134,yes
1753244985489,1753244985,KXMLBGAME-25JUL22MINLAD-MIN,94,6,47,yes
1753244985489,1753244985,KXMLBGAME-25JUL22MINLAD-MIN,94,6,8,yes
1753244985729,1753244985,KXMLBGAME-25JUL22MINLAD-MIN,90,10,146,no
1753244985729,1753244985,KXMLBGAME-25JUL22MINLAD-MIN,89,11,80,no
1753244987270,1753244987,KXMLBGAME-25JUL22MINLAD-LAD,5,95,1,no
1753244990850,1753244990,KXMLBGAME-25JUL22MINLAD-LAD,7,93,6,yes
1753244991928,1753244991,KXMLBGAME-25JUL22MINLAD-MIN,94,6,72,yes
1753244991928,1753244991,KXMLBGAME-25JUL22MINLAD-MIN,95,5,7,yes
1753245002892,1753245002,KXMLBGAME-25JUL22MINLAD-MIN,91,9,87,no
1753245002892,1753245002,KXMLBGAME-25JUL22MINLAD-MIN,90,10,10,no
1753245002892,1753245002,KXMLBGAME-25JUL22MINLAD-MIN,90,10,149,no
1753245003372,1753245003,KXMLBGAME-25JUL22MINLAD-LAD,7,93,134,yes
1753245004389,1753245004,KXMLBGAME-25JUL22MINLAD-MIN,91,9,54,no
1753245004411,1753245004,KXMLBGAME-25JUL22MINLAD-LAD,7,93,134,yes
1753245006769,1753245006,KXMLBGAME-25JUL22MINLAD-LAD,7,93,150,yes
1753245009429,1753245009,KXMLBGAME-25JUL22MINLAD-LAD,7,93,1,yes
1753245011452,1753245011,KXMLBGAME-25JUL22MINLAD-LAD,7,93,36,yes
1753245011452,1753245011,KXMLBGAME-25JUL22MINLAD-LAD,8,92,479,yes
1753245011452,1753245011,KXMLBGAME-25JUL22MINLAD-LAD,8,92,200,yes
1753245011452,1753245011,KXMLBGAME-25JUL22MINLAD-LAD,9,91,300,yes
1753245011452,1753245011,KXMLBGAME-25JUL22MINLAD-LAD,9,91,200,yes
1753245011453,1753245011,KXMLBGAME-25JUL22MINLAD-LAD,9,91,500,yes
1753245011453,1753245011,KXMLBGAME-25JUL22MINLAD-LAD,10,90,85,yes
1753245011453,1753245011,KXMLBGAME-25JUL22MINLAD-LAD,10,90,500,yes
1753245011453,1753245011,KXMLBGAME-25JUL22MINLAD-LAD,10,90,296,yes
1753245013350,1753245013,KXMLBGAME-25JUL22HOUARI-HOU,99,1,9,no
1753245014510,1753245014,KXMLBGAME-25JUL22HOUARI-HOU,99,1,20,no
1753245017451,1753245017,KXMLBGAME-25JUL22MINLAD-MIN,93,7,87,yes
1753245017451,1753245017,KXMLBGAME-25JUL22MINLAD-MIN,94,6,337,yes
1753245019649,1753245019,KXMLBGAME-25JUL22MINLAD-LAD,8,92,104,yes
1753245019733,1753245019,KXMLBGAME-25JUL22MINLAD-MIN,94,6,63,yes
1753245019733,1753245019,KXMLBGAME-25JUL22MINLAD-MIN,94,6,300,yes
1753245019733,1753245019,KXMLBGAME-25JUL22MINLAD-MIN,94,6,87,yes
1753245019733,1753245019,KXMLBGAME-25JUL22MINLAD-MIN,95,5,200,yes
1753245019733,1753245019,KXMLBGAME-25JUL22MINLAD-MIN,95,5,300,yes
1753245019733,1753245019,KXMLBGAME-25JUL22MINLAD-MIN,95,5,275,yes
1753245019734,1753245019,KXMLBGAME-25JUL22MINLAD-MIN,96,4,200,yes
1753245019734,1753245019,KXMLBGAME-25JUL22MINLAD-MIN,96,4,300,yes
1753245019734,1753245019,KXMLBGAME-25JUL22MINLAD-MIN,96,4,156,yes
1753245024794,1753245024,KXMLBGAME-25JUL22MINLAD-MIN,94,6,67,yes
1753245024794,1753245024,KXMLBGAME-25JUL22MINLAD-MIN,94,6,479,yes
1753245024794,1753245024,KXMLBGAME-25JUL22MINLAD-MIN,95,5,200,yes
1753245024794,1753245024,KXMLBGAME-25JUL22MINLAD-MIN,95,5,203,yes
1753245027771,1753245027,KXMLBGAME-25JUL22MINLAD-LAD,7,93,136,yes
1753245030251,1753245030,KXMLBGAME-25JUL22MINLAD-LAD,7,93,264,yes
1753245030251,1753245030,KXMLBGAME-25JUL22MINLAD-LAD,7,93,406,yes
1753245030572,1753245030,KXMLBGAME-25JUL22MINLAD-LAD,7,93,134,yes
1753245030850,1753245030,KXMLBGAME-25JUL22HOUARI-HOU,99,1,31,no
1753245031991,1753245031,KXMLBGAME-25JUL22MINLAD-MIN,95,5,104,yes
1753245034452,1753245034,KXMLBGAME-25JUL22MINLAD-LAD,7,93,26,yes
1753245036171,1753245036,KXMLBGAME-25JUL22MINLAD-LAD,7,93,34,yes
1753245036171,1753245036,KXMLBGAME-25JUL22MINLAD-LAD,7,93,100,yes
1753245036650,1753245036,KXMLBGAME-25JUL22MINLAD-LAD,7,93,67,yes
1753245037733,1753245037,KXMLBGAME-25JUL22MINLAD-LAD,7,93,33,yes
1753245037733,1753245037,KXMLBGAME-25JUL22MINLAD-LAD,8,92,396,yes
1753245037733,1753245037,KXMLBGAME-25JUL22MINLAD-LAD,8,92,200,yes
1753245037733,1753245037,KXMLBGAME-25JUL22MINLAD-LAD,9,91,200,yes
1753245037733,1753245037,KXMLBGAME-25JUL22MINLAD-LAD,9,91,300,yes
1753245037734,1753245037,KXMLBGAME-25JUL22MINLAD-LAD,9,91,87,yes
1753245037734,1753245037,KXMLBGAME-25JUL22MINLAD-LAD,10,90,300,yes
1753245037734,1753245037,KXMLBGAME-25JUL22MINLAD-LAD,10,90,150,yes
1753245037734,1753245037,KXMLBGAME-25JUL22MINLAD-LAD,17,83,1,yes
1753245037734,1753245037,KXMLBGAME-25JUL22MINLAD-LAD,18,82,1,yes
1753245037734,1753245037,KXMLBGAME-25JUL22MINLAD-LAD,19,81,1705,yes
1753245042472,1753245042,KXMLBGAME-25JUL22MINLAD-LAD,9,91,62,yes
1753245044645,1753245044,KXMLBGAME-25JUL22MINLAD-LAD,9,91,5,yes
1753245045150,1753245045,KXMLBGAME-25JUL22MINLAD-LAD,9,91,82,yes
1753245045150,1753245045,KXMLBGAME-25JUL22MINLAD-LAD,9,91,5,yes
1753245045150,1753245045,KXMLBGAME-25JUL22MINLAD-LAD,10,90,15,yes
1753245048291,1753245048,KXMLBGAME-25JUL22MINLAD-MIN,93,7,190,yes
1753245049312,1753245049,KXMLBGAME-25JUL22MINLAD-LAD,10,90,185,yes
1753245049312,1753245049,KXMLBGAME-25JUL22MINLAD-LAD,10,90,225,yes
1753245051012,1753245050,KXMLBGAME-25JUL22MINLAD-LAD,8,92,35,yes
1753245054151,1753245054,KXMLBGAME-25JUL22MINLAD-MIN,93,7,110,yes
1753245056012,1753245055,KXMLBGAME-25JUL22MINLAD-MIN,93,7,1,yes
1753245057552,1753245057,KXMLBGAME-25JUL22MINLAD-MIN,92,8,13,no
1753245064911,1753245064,KXMLBGAME-25JUL22MINLAD-LAD,8,92,11,yes
1753245066729,1753245066,KXMLBGAME-25JUL22MINLAD-LAD,8,92,17,yes
1753245067389,1753245067,KXMLBGAME-25JUL22MINLAD-LAD,8,92,117,yes
1753245068012,1753245067,KXMLBGAME-25JUL22MINLAD-MIN,93,7,5,yes
1753245069329,1753245069,KXMLBGAME-25JUL22MINLAD-LAD,7,93,1,yes
1753245069329,1753245069,KXMLBGAME-25JUL22MINLAD-LAD,8,92,116,yes
1753245074050,1753245074,KXMLBGAME-25JUL22MINLAD-MIN,93,7,9,yes
1753245081889,1753245081,KXMLBGAME-25JUL22MINLAD-LAD,8,92,387,yes
1753245085971,1753245085,KXMLBGAME-25JUL22HOUARI-HOU,99,1,36,no
1753245089814,1753245089,KXMLBGAME-25JUL22MINLAD-LAD,8,92,1,yes
1753245091512,1753245091,KXMLBGAME-25JUL22MINLAD-LAD,8,92,1726,yes
1753245091788,1753245091,KXMLBGAME-25JUL22HOUARI-HOU,99,1,114,no
1753245094833,1753245094,KXMLBGAME-25JUL22MINLAD-LAD,9,91,200,yes
1753245094833,1753245094,KXMLBGAME-25JUL22MINLAD-LAD,9,91,300,yes
1753245094833,1753245094,KXMLBGAME-25JUL22MINLAD-LAD,9,91,79,yes
1753245094833,1753245094,KXMLBGAME-25JUL22MINLAD-LAD,9,91,705,yes
1753245095769,1753245095,KXMLBGAME-25JUL22MINLAD-LAD,9,91,104,yes
1753245096010,1753245095,KXMLBGAME-25JUL22MINLAD-LAD,9,91,29,yes
1753245096070,1753245096,KXMLBGAME-25JUL22MINLAD-MIN,93,7,13,yes
1753245096609,1753245096,KXMLBGAME-25JUL22MINLAD-MIN,93,7,107,yes
1753245101010,1753245100,KXMLBGAME-25JUL22MINLAD-LAD,9,91,1,yes
1753245105850,1753245105,KXMLBGAME-25JUL22MINLAD-LAD,9,91,2494,yes
1753245105850,1753245105,KXMLBGAME-25JUL22MINLAD-LAD,9,91,581,yes
1753245105889,1753245105,KXMLBGAME-25JUL22MINLAD-MIN,93,7,27,yes
1753245105889,1753245105,KXMLBGAME-25JUL22MINLAD-MIN,93,7,15,yes
1753245105889,1753245105,KXMLBGAME-25JUL22MINLAD-MIN,93,7,77,yes
1753245107990,1753245107,KXMLBGAME-25JUL22MINLAD-MIN,93,7,128,yes
1753245109831,1753245109,KXMLBGAME-25JUL22MINLAD-MIN,92,8,58,yes
1753245110431,1753245110,KXMLBGAME-25JUL22MINLAD-MIN,90,10,812,no
1753245122788,1753245122,KXMLBGAME-25JUL22MINLAD-LAD,11,89,87,no
1753245122788,1753245122,KXMLBGAME-25JUL22MINLAD-LAD,10,90,269,no
1753245124011,1753245123,KXMLBGAME-25JUL22MINLAD-LAD,13,87,600,yes
1753245124938,1753245124,KXMLBGAME-25JUL22MINLAD-MIN,90,10,105,yes
1753245125511,1753245125,KXMLBGAME-25JUL22MINLAD-MIN,90,10,564,yes
1753245126112,1753245126,KXMLBGAME-25JUL22MINLAD-MIN,90,10,66,yes
1753245128990,1753245128,KXMLBGAME-25JUL22MINLAD-MIN,90,10,242,yes
1753245130154,1753245129,KXMLBGAME-25JUL22MINLAD-LAD,13,87,7,yes
1753245135390,1753245135,KXMLBGAME-25JUL22MINLAD-LAD,10,90,15,no
1753245138762,1753245138,KXMLBGAME-25JUL22MINLAD-LAD,13,87,123,yes
1753245142911,1753245142,KXMLBGAME-25JUL22MINLAD-MIN,89,11,111,yes
1753245149207,1753245149,KXMLBGAME-25JUL22MINLAD-MIN,89,11,274,yes
1753245149207,1753245149,KXMLBGAME-25JUL22MINLAD-MIN,89,11,395,yes
1753245150539,1753245150,KXMLBGAME-25JUL22MINLAD-MIN,89,11,5,yes
1753245151353,1753245151,KXMLBGAME-25JUL22MINLAD-LAD,13,87,21,yes
1753245151511,1753245151,KXMLBGAME-25JUL22MINLAD-MIN,89,11,11,yes
1753245152610,1753245152,KXMLBGAME-25JUL22MINLAD-LAD,13,87,7,yes
1753245152751,1753245152,KXMLBGAME-25JUL22MINLAD-MIN,89,11,31,yes
1753245163373,1753245163,KXMLBGAME-25JUL22MINLAD-MIN,89,11,47,yes
1753245164464,1753245164,KXMLBGAME-25JUL22MINLAD-LAD,13,87,25,yes
1753245165990,1753245165,KXMLBGAME-25JUL22MINLAD-LAD,13,87,145,yes
1753245169994,1753245169,KXMLBGAME-25JUL22MINLAD-LAD,13,87,18,yes
1753245170930,1753245170,KXMLBGAME-25JUL22MINLAD-LAD,13,87,72,yes
1753245173051,1753245173,KXMLBGAME-25JUL22MINLAD-MIN,89,11,6,yes
1753245173885,1753245173,KXMLBGAME-25JUL22MINLAD-MIN,89,11,20,yes
1753245173885,1753245173,KXMLBGAME-25JUL22MINLAD-MIN,89,11,150,yes
1753245175392,1753245175,KXMLBGAME-25JUL22MINLAD-LAD,13,87,15,yes
1753245180371,1753245180,KXMLBGAME-25JUL22MINLAD-LAD,13,87,100,no
1753245181831,1753245181,KXMLBGAME-25JUL22MINLAD-MIN,91,9,15,yes
1753245181831,1753245181,KXMLBGAME-25JUL22MINLAD-MIN,91,9,6,yes
1753245182180,1753245182,KXMLBGAME-25JUL22MINLAD-LAD,11,89,500,no
1753245183790,1753245183,KXMLBGAME-25JUL22MINLAD-MIN,91,9,104,yes
1753245186370,1753245186,KXMLBGAME-25JUL22MINLAD-LAD,10,90,329,yes
1753245189389,1753245189,KXMLBGAME-25JUL22MINLAD-MIN,91,9,4,yes
1753245189551,1753245189,KXMLBGAME-25JUL22MINLAD-LAD,10,90,9,yes
1753245189551,1753245189,KXMLBGAME-25JUL22MINLAD-MIN,91,9,74,yes
1753245203873,1753245203,KXMLBGAME-25JUL22MINLAD-MIN,92,8,67,yes
1753245203873,1753245203,KXMLBGAME-25JUL22MINLAD-MIN,93,7,87,yes
1753245205251,1753245205,KXMLBGAME-25JUL22MINLAD-LAD,10,90,24,yes
1753245207467,1753245207,KXMLBGAME-25JUL22MINLAD-LAD,10,90,940,yes
1753245207690,1753245207,KXMLBGAME-25JUL22MINLAD-LAD,7,93,42,no
1753245207812,1753245207,KXMLBGAME-25JUL22MINLAD-MIN,93,7,79,yes
1753245212811,1753245212,KXMLBGAME-25JUL22MINLAD-MIN,93,7,16,yes
1753245214130,1753245214,KXMLBGAME-25JUL22MINLAD-MIN,93,7,38,yes
1753245214130,1753245214,KXMLBGAME-25JUL22MINLAD-MIN,93,7,122,yes
1753245214510,1753245214,KXMLBGAME-25JUL22HOUARI-HOU,99,1,78,no
1753245223631,1753245223,KXMLBGAME-25JUL22MINLAD-MIN,93,7,631,yes
1753245223929,1753245223,KXMLBGAME-25JUL22MINLAD-LAD,10,90,47,yes
1753245226572,1753245226,KXMLBGAME-25JUL22HOUARI-HOU,99,1,85,no
1753245228250,1753245228,KXMLBGAME-25JUL22MINLAD-MIN,95,5,96,yes
1753245228250,1753245228,KXMLBGAME-25JUL22MINLAD-MIN,95,5,2,yes
1753245228250,1753245228,KXMLBGAME-25JUL22MINLAD-MIN,95,5,2,yes
1753245235690,1753245235,KXMLBGAME-25JUL22MINLAD-LAD,6,94,1,no
1753245240691,1753245240,KXMLBGAME-25JUL22MINLAD-MIN,94,6,85,yes
1753245240692,1753245240,KXMLBGAME-25JUL22MINLAD-MIN,95,5,198,yes
1753245240692,1753245240,KXMLBGAME-25JUL22MINLAD-MIN,95,5,300,yes
1753245240692,1753245240,KXMLBGAME-25JUL22MINLAD-MIN,96,4,300,yes
1753245240692,1753245240,KXMLBGAME-25JUL22MINLAD-MIN,96,4,200,yes
1753245240692,1753245240,KXMLBGAME-25JUL22MINLAD-MIN,96,4,500,yes
1753245240692,1753245240,KXMLBGAME-25JUL22MINLAD-MIN,97,3,500,yes
1753245240692,1753245240,KXMLBGAME-25JUL22MINLAD-MIN,97,3,600,yes
1753245240692,1753245240,KXMLBGAME-25JUL22MINLAD-MIN,98,2,95,yes
1753245240692,1753245240,KXMLBGAME-25JUL22MINLAD-MIN,98,2,2286,yes
1753245245511,1753245245,KXMLBGAME-25JUL22MINLAD-LAD,8,92,11,yes
1753245249231,1753245249,KXMLBGAME-25JUL22MINLAD-LAD,8,92,14,yes
1753245258290,1753245258,KXMLBGAME-25JUL22MINLAD-MIN,93,7,1070,yes
1753245258770,1753245258,KXMLBGAME-25JUL22MINLAD-LAD,9,91,52,yes
1753245267310,1753245267,KXMLBGAME-25JUL22MINLAD-LAD,9,91,35,yes
1753245267310,1753245267,KXMLBGAME-25JUL22MINLAD-LAD,9,91,375,yes
1753245267310,1753245267,KXMLBGAME-25JUL22MINLAD-LAD,9,91,600,yes
1753245267310,1753245267,KXMLBGAME-25JUL22MINLAD-LAD,9,91,34,yes
1753245269152,1753245269,KXMLBGAME-25JUL22MINLAD-MIN,91,9,80,no
1753245269152,1753245269,KXMLBGAME-25JUL22MINLAD-MIN,90,10,67,no
1753245279046,1753245278,KXMLBGAME-25JUL22MINLAD-LAD,9,91,60,yes
1753245279046,1753245278,KXMLBGAME-25JUL22MINLAD-LAD,9,91,500,yes
1753245279046,1753245278,KXMLBGAME-25JUL22MINLAD-LAD,10,90,20,yes
1753245279046,1753245278,KXMLBGAME-25JUL22MINLAD-LAD,10,90,416,yes
1753245291129,1753245291,KXMLBGAME-25JUL22MINLAD-LAD,6,94,119,no
1753245291130,1753245291,KXMLBGAME-25JUL22MINLAD-LAD,6,94,302,no
1753245291851,1753245291,KXMLBGAME-25JUL22MINLAD-LAD,10,90,184,yes
1753245293830,1753245293,KXMLBGAME-25JUL22MINLAD-LAD,10,90,17,yes
1753245293912,1753245293,KXMLBGAME-25JUL22MINLAD-LAD,10,90,470,yes
1753245301270,1753245301,KXMLBGAME-25JUL22MINLAD-MIN,93,7,25,yes
1753245301350,1753245301,KXMLBGAME-25JUL22MINLAD-MIN,93,7,79,yes
1753245304392,1753245304,KXMLBGAME-25JUL22MINLAD-LAD,9,91,7,yes
1753245307913,1753245307,KXMLBGAME-25JUL22MINLAD-MIN,93,7,100,yes
1753245309049,1753245308,KXMLBGAME-25JUL22MINLAD-LAD,9,91,1,yes
1753245312638,1753245312,KXMLBGAME-25JUL22MINLAD-MIN,93,7,26,yes
1753245313952,1753245313,KXMLBGAME-25JUL22MINLAD-LAD,9,91,41,yes
1753245313952,1753245313,KXMLBGAME-25JUL22MINLAD-LAD,10,90,903,yes
1753245314590,1753245314,KXMLBGAME-25JUL22MINLAD-LAD,7,93,11,no
1753245317849,1753245317,KXMLBGAME-25JUL22MINLAD-LAD,9,91,11,yes
1753245317850,1753245317,KXMLBGAME-25JUL22MINLAD-LAD,10,90,1343,yes
1753245317850,1753245317,KXMLBGAME-25JUL22MINLAD-LAD,10,90,340,yes
1753245319596,1753245319,KXMLBGAME-25JUL22MINLAD-LAD,7,93,77,no
1753245320319,1753245320,KXMLBGAME-25JUL22MINLAD-LAD,10,90,1,yes
1753245321649,1753245321,KXMLBGAME-25JUL22MINLAD-MIN,92,8,2,yes
1753245322351,1753245322,KXMLBGAME-25JUL22MINLAD-MIN,92,8,2,yes
1753245326551,1753245326,KXMLBGAME-25JUL22MINLAD-MIN,92,8,2,yes
1753245327486,1753245327,KXMLBGAME-25JUL22MINLAD-MIN,92,8,2,yes
1753245328252,1753245328,KXMLBGAME-25JUL22MINLAD-MIN,92,8,2,yes
1753245330069,1753245330,KXMLBGAME-25JUL22MINLAD-LAD,9,91,1,yes
1753245330069,1753245330,KXMLBGAME-25JUL22MINLAD-LAD,10,90,4,yes
1753245332712,1753245332,KXMLBGAME-25JUL22MINLAD-LAD,7,93,1,no
1753245334757,1753245334,KXMLBGAME-25JUL22MINLAD-LAD,10,90,40,yes
1753245334757,1753245334,KXMLBGAME-25JUL22MINLAD-LAD,10,90,2,yes
1753245335671,1753245335,KXMLBGAME-25JUL22MINLAD-MIN,92,8,2,yes
1753245336471,1753245336,KXMLBGAME-25JUL22MINLAD-MIN,92,8,2,yes
1753245343231,1753245343,KXMLBGAME-25JUL22MINLAD-MIN,93,7,49,yes
1753245343231,1753245343,KXMLBGAME-25JUL22MINLAD-MIN,93,7,2,yes
1753245344052,1753245344,KXMLBGAME-25JUL22MINLAD-MIN,93,7,2,yes
1753245344052,1753245344,KXMLBGAME-25JUL22MINLAD-MIN,94,6,87,yes
1753245344450,1753245344,KXMLBGAME-25JUL22MINLAD-MIN,94,6,52,yes
1753245351070,1753245351,KXMLBGAME-25JUL22MINLAD-LAD,7,93,13,yes
1753245352490,1753245352,KXMLBGAME-25JUL22MINLAD-MIN,95,5,2,yes
1753245353230,1753245353,KXMLBGAME-25JUL22MINLAD-LAD,5,95,75,no
1753245355750,1753245355,KXMLBGAME-25JUL22MINLAD-LAD,7,93,56,yes
1753245355750,1753245355,KXMLBGAME-25JUL22MINLAD-LAD,7,93,9,yes
1753245355750,1753245355,KXMLBGAME-25JUL22MINLAD-LAD,8,92,1,yes
1753245361409,1753245361,KXMLBGAME-25JUL22MINLAD-LAD,8,92,130,yes
1753245361409,1753245361,KXMLBGAME-25JUL22MINLAD-LAD,8,92,93,yes
1753245363509,1753245363,KXMLBGAME-25JUL22MINLAD-LAD,7,93,2,yes
1753245363510,1753245363,KXMLBGAME-25JUL22MINLAD-LAD,8,92,56,yes
1753245369676,1753245369,KXMLBGAME-25JUL22MINLAD-MIN,95,5,472,yes
1753245369676,1753245369,KXMLBGAME-25JUL22MINLAD-LAD,5,95,435,no
1753245370453,1753245370,KXMLBGAME-25JUL22MINLAD-MIN,95,5,488,yes
1753245370531,1753245370,KXMLBGAME-25JUL22MINLAD-LAD,5,95,403,no
1753245371232,1753245371,KXMLBGAME-25JUL22MINLAD-MIN,95,5,2,yes
1753245371232,1753245371,KXMLBGAME-25JUL22MINLAD-MIN,95,5,300,yes
1753245371616,1753245371,KXMLBGAME-25JUL22MINLAD-LAD,7,93,2,yes
1753245371616,1753245371,KXMLBGAME-25JUL22MINLAD-LAD,8,92,1466,yes
1753245374770,1753245374,KXMLBGAME-25JUL22MINLAD-MIN,95,5,464,yes
1753245374829,1753245374,KXMLBGAME-25JUL22MINLAD-LAD,5,95,445,no
1753245375410,1753245375,KXMLBGAME-25JUL22MINLAD-LAD,7,93,67,yes
1753245382711,1753245382,KXMLBGAME-25JUL22MINLAD-LAD,6,94,2,yes
1753245382711,1753245382,KXMLBGAME-25JUL22MINLAD-LAD,7,93,233,yes
1753245382711,1753245382,KXMLBGAME-25JUL22MINLAD-LAD,8,92,1414,yes
1753245385143,1753245385,KXMLBGAME-25JUL22MINLAD-MIN,95,5,104,yes
1753245390689,1753245390,KXMLBGAME-25JUL22MINLAD-LAD,7,93,2,yes
1753245390689,1753245390,KXMLBGAME-25JUL22MINLAD-LAD,8,92,596,yes
1753245396052,1753245395,KXMLBGAME-25JUL22MINLAD-LAD,5,95,3333,no
1753245396052,1753245395,KXMLBGAME-25JUL22MINLAD-LAD,5,95,1137,no
1753245398726,1753245398,KXMLBGAME-25JUL22MINLAD-MIN,93,7,129,no
1753245398727,1753245398,KXMLBGAME-25JUL22MINLAD-MIN,93,7,21,no
1753245400191,1753245400,KXMLBGAME-25JUL22MINLAD-LAD,4,96,189,no
1753245404492,1753245404,KXMLBGAME-25JUL22MINLAD-LAD,6,94,1,yes
1753245404492,1753245404,KXMLBGAME-25JUL22MINLAD-LAD,7,93,1675,yes
1753245404492,1753245404,KXMLBGAME-25JUL22MINLAD-LAD,7,93,10,yes
1753245407359,1753245407,KXMLBGAME-25JUL22MINLAD-LAD,6,94,1,yes
1753245407359,1753245407,KXMLBGAME-25JUL22MINLAD-LAD,7,93,656,yes
1753245408992,1753245408,KXMLBGAME-25JUL22MINLAD-LAD,6,94,1,yes
1753245408992,1753245408,KXMLBGAME-25JUL22MINLAD-LAD,7,93,26,yes
1753245410680,1753245410,KXMLBGAME-25JUL22MINLAD-LAD,4,96,61,no
1753245410680,1753245410,KXMLBGAME-25JUL22MINLAD-LAD,4,96,87,no
1753245410680,1753245410,KXMLBGAME-25JUL22MINLAD-LAD,4,96,2760,no
1753245418931,1753245418,KXMLBGAME-25JUL22MINLAD-LAD,7,93,2641,yes
1753245418931,1753245418,KXMLBGAME-25JUL22MINLAD-LAD,7,93,49,yes
1753245418931,1753245418,KXMLBGAME-25JUL22MINLAD-LAD,7,93,1675,yes
1753245418931,1753245418,KXMLBGAME-25JUL22MINLAD-LAD,7,93,1658,yes
1753245418931,1753245418,KXMLBGAME-25JUL22MINLAD-LAD,7,93,12,yes
1753245428660,1753245428,KXMLBGAME-25JUL22MINLAD-LAD,7,93,22,yes
1753245428660,1753245428,KXMLBGAME-25JUL22MINLAD-LAD,7,93,37,yes
1753245428660,1753245428,KXMLBGAME-25JUL22MINLAD-LAD,8,92,64,yes
1753245436751,1753245436,KXMLBGAME-25JUL22MINLAD-MIN,95,5,100,yes
1753245438899,1753245438,KXMLBGAME-25JUL22MINLAD-MIN,95,5,2,yes
1753245440537,1753245440,KXMLBGAME-25JUL22MINLAD-MIN,95,5,1661,yes
1753245461211,1753245461,KXMLBGAME-25JUL22MINLAD-LAD,7,93,44,yes
1753245461211,1753245461,KXMLBGAME-25JUL22MINLAD-LAD,8,92,20,yes
1753245461531,1753245461,KXMLBGAME-25JUL22MINLAD-LAD,8,92,200,yes
1753245464872,1753245464,KXMLBGAME-25JUL22MINLAD-LAD,8,92,1,yes
1753245467776,1753245467,KXMLBGAME-25JUL22MINLAD-MIN,95,5,1,yes
1753245471463,1753245471,KXMLBGAME-25JUL22MINLAD-MIN,95,5,839,yes
1753245478071,1753245477,KXMLBGAME-25JUL22MINLAD-LAD,5,95,1,yes
1753245478071,1753245477,KXMLBGAME-25JUL22MINLAD-LAD,8,92,128,yes
1753245484145,1753245483,KXMLBGAME-25JUL22MINLAD-LAD,8,92,4,yes
1753245488852,1753245488,KXMLBGAME-25JUL22MINLAD-MIN,95,5,129,yes
1753245495913,1753245495,KXMLBGAME-25JUL22MINLAD-MIN,96,4,46,yes
1753245500291,1753245500,KXMLBGAME-25JUL22MINLAD-MIN,95,5,110,no
1753245500291,1753245500,KXMLBGAME-25JUL22MINLAD-MIN,95,5,275,no
1753245507507,1753245507,KXMLBGAME-25JUL22MINLAD-LAD,7,93,2,yes
1753245509412,1753245509,KXMLBGAME-25JUL22MINLAD-LAD,7,93,1,yes
1753245510831,1753245510,KXMLBGAME-25JUL22MINLAD-LAD,7,93,41,yes
1753245510831,1753245510,KXMLBGAME-25JUL22MINLAD-LAD,7,93,2,yes
1753245510831,1753245510,KXMLBGAME-25JUL22MINLAD-LAD,7,93,1,yes
1753245510831,1753245510,KXMLBGAME-25JUL22MINLAD-LAD,8,92,125,yes
1753245518752,1753245518,KXMLBGAME-25JUL22MINLAD-LAD,8,92,33,yes
1753245518752,1753245518,KXMLBGAME-25JUL22MINLAD-LAD,9,91,22,yes
1753245519687,1753245519,KXMLBGAME-25JUL22MINLAD-MIN,95,5,20,yes
1753245533416,1753245533,KXMLBGAME-25JUL22MINLAD-MIN,94,6,2,yes
1753245537054,1753245536,KXMLBGAME-25JUL22MINLAD-MIN,96,4,80,yes
1753245542528,1753245542,KXMLBGAME-25JUL22MINLAD-LAD,5,95,287,no
1753245547330,1753245547,KXMLBGAME-25JUL22MINLAD-LAD,7,93,44,yes
1753245547330,1753245547,KXMLBGAME-25JUL22MINLAD-LAD,8,92,79,yes
1753245552250,1753245552,KXMLBGAME-25JUL22MINLAD-LAD,7,93,134,yes
1753245552768,1753245552,KXMLBGAME-25JUL22MINLAD-LAD,5,95,13,no
1753245553753,1753245553,KXMLBGAME-25JUL22MINLAD-MIN,95,5,97,no
1753245569767,1753245569,KXMLBGAME-25JUL22MINLAD-LAD,7,93,13,yes
1753245573965,1753245573,KXMLBGAME-25JUL22MINLAD-LAD,7,93,13,yes
1753245574477,1753245574,KXMLBGAME-25JUL22MINLAD-MIN,95,5,178,no
1753245574477,1753245574,KXMLBGAME-25JUL22MINLAD-MIN,95,5,4,no
1753245574477,1753245574,KXMLBGAME-25JUL22MINLAD-MIN,95,5,97,no
1753245574477,1753245574,KXMLBGAME-25JUL22MINLAD-MIN,94,6,498,no
1753245574477,1753245574,KXMLBGAME-25JUL22MINLAD-MIN,94,6,533,no
1753245578092,1753245578,KXMLBGAME-25JUL22MINLAD-LAD,5,95,9,no
1753245579802,1753245579,KXMLBGAME-25JUL22MINLAD-LAD,5,95,24,no
1753245584615,1753245584,KXMLBGAME-25JUL22MINLAD-MIN,95,5,13,yes
1753245588493,1753245588,KXMLBGAME-25JUL22MINLAD-MIN,95,5,66,yes
1753245588493,1753245588,KXMLBGAME-25JUL22MINLAD-MIN,96,4,87,yes
1753245588493,1753245588,KXMLBGAME-25JUL22MINLAD-MIN,97,3,10,yes
1753245588493,1753245588,KXMLBGAME-25JUL22MINLAD-MIN,97,3,200,yes
1753245588493,1753245588,KXMLBGAME-25JUL22MINLAD-MIN,97,3,300,yes
1753245588493,1753245588,KXMLBGAME-25JUL22MINLAD-MIN,97,3,59,yes
1753245591191,1753245591,KXMLBGAME-25JUL22MINLAD-MIN,95,5,275,no
1753245591191,1753245591,KXMLBGAME-25JUL22MINLAD-MIN,94,6,281,no
1753245591251,1753245591,KXMLBGAME-25JUL22MINLAD-LAD,5,95,15,no
1753245597890,1753245597,KXMLBGAME-25JUL22MINLAD-LAD,6,94,1000,yes
1753245597890,1753245597,KXMLBGAME-25JUL22MINLAD-LAD,6,94,55,yes
1753245597890,1753245597,KXMLBGAME-25JUL22MINLAD-LAD,6,94,300,yes
1753245597890,1753245597,KXMLBGAME-25JUL22MINLAD-LAD,6,94,200,yes
1753245597890,1753245597,KXMLBGAME-25JUL22MINLAD-LAD,6,94,8,yes
1753245598715,1753245598,KXMLBGAME-25JUL22MINLAD-LAD,6,94,312,yes
1753245602271,1753245602,KXMLBGAME-25JUL22MINLAD-LAD,5,95,234,no
1753245604071,1753245604,KXMLBGAME-25JUL22MINLAD-LAD,6,94,31,yes
1753245606472,1753245606,KXMLBGAME-25JUL22MINLAD-MIN,96,4,87,yes
1753245606472,1753245606,KXMLBGAME-25JUL22MINLAD-MIN,96,4,200,yes
1753245606472,1753245606,KXMLBGAME-25JUL22MINLAD-MIN,97,3,24,yes
1753245609493,1753245609,KXMLBGAME-25JUL22MINLAD-MIN,96,4,200,yes
1753245609493,1753245609,KXMLBGAME-25JUL22MINLAD-MIN,97,3,396,yes
1753245609493,1753245609,KXMLBGAME-25JUL22MINLAD-MIN,97,3,200,yes
1753245609493,1753245609,KXMLBGAME-25JUL22MINLAD-MIN,97,3,300,yes
1753245609493,1753245609,KXMLBGAME-25JUL22MINLAD-MIN,97,3,2714,yes
1753245609493,1753245609,KXMLBGAME-25JUL22MINLAD-MIN,97,3,87,yes
1753245609493,1753245609,KXMLBGAME-25JUL22MINLAD-MIN,98,2,217,yes
1753245613251,1753245613,KXMLBGAME-25JUL22MINLAD-LAD,5,95,18,no
1753245620950,1753245620,KXMLBGAME-25JUL22MINLAD-LAD,6,94,15,yes
1753245622233,1753245622,KXMLBGAME-25JUL22MINLAD-LAD,6,94,634,yes
1753245622233,1753245622,KXMLBGAME-25JUL22MINLAD-LAD,6,94,41,yes
1753245622233,1753245622,KXMLBGAME-25JUL22MINLAD-LAD,6,94,22,yes
1753245622233,1753245622,KXMLBGAME-25JUL22MINLAD-LAD,6,94,200,yes
1753245622233,1753245622,KXMLBGAME-25JUL22MINLAD-LAD,6,94,22,yes
1753245622233,1753245622,KXMLBGAME-25JUL22MINLAD-LAD,6,94,400,yes
1753245622233,1753245622,KXMLBGAME-25JUL22MINLAD-LAD,6,94,300,yes
1753245622233,1753245622,KXMLBGAME-25JUL22MINLAD-LAD,6,94,83,yes
1753245622233,1753245622,KXMLBGAME-25JUL22MINLAD-LAD,7,93,574,yes
1753245622233,1753245622,KXMLBGAME-25JUL22MINLAD-LAD,7,93,200,yes
1753245622233,1753245622,KXMLBGAME-25JUL22MINLAD-LAD,7,93,1000,yes
1753245622233,1753245622,KXMLBGAME-25JUL22MINLAD-LAD,8,92,121,yes
1753245622233,1753245622,KXMLBGAME-25JUL22MINLAD-LAD,8,92,300,yes
1753245622233,1753245622,KXMLBGAME-25JUL22MINLAD-LAD,8,92,750,yes
1753245622233,1753245622,KXMLBGAME-25JUL22MINLAD-LAD,9,91,300,yes
1753245622233,1753245622,KXMLBGAME-25JUL22MINLAD-LAD,10,90,20,yes
1753245622233,1753245622,KXMLBGAME-25JUL22MINLAD-LAD,11,89,30,yes
1753245622233,1753245622,KXMLBGAME-25JUL22MINLAD-LAD,16,84,202,yes
1753245622233,1753245622,KXMLBGAME-25JUL22MINLAD-LAD,20,80,1295,yes
1753245622233,1753245622,KXMLBGAME-25JUL22MINLAD-LAD,21,79,396,yes
1753245622233,1753245622,KXMLBGAME-25JUL22MINLAD-LAD,23,77,20,yes
1753245622233,1753245622,KXMLBGAME-25JUL22MINLAD-LAD,26,74,968,yes
1753245622233,1753245622,KXMLBGAME-25JUL22MINLAD-LAD,36,64,1222,yes
1753245624031,1753245623,KXMLBGAME-25JUL22MINLAD-MIN,95,5,275,no
1753245624111,1753245624,KXMLBGAME-25JUL22MINLAD-LAD,5,95,144,no
1753245627332,1753245627,KXMLBGAME-25JUL22MINLAD-MIN,95,5,46,yes
1753245627332,1753245627,KXMLBGAME-25JUL22MINLAD-MIN,95,5,14,yes
1753245627632,1753245627,KXMLBGAME-25JUL22MINLAD-LAD,5,95,35,no
1753245627993,1753245627,KXMLBGAME-25JUL22MINLAD-MIN,95,5,20,yes
1753245639598,1753245639,KXMLBGAME-25JUL22MINLAD-MIN,95,5,69,yes
1753245643871,1753245643,KXMLBGAME-25JUL22MINLAD-MIN,95,5,497,yes
1753245643871,1753245643,KXMLBGAME-25JUL22MINLAD-MIN,95,5,4,yes
1753245643950,1753245643,KXMLBGAME-25JUL22MINLAD-LAD,6,94,15,yes
1753245650460,1753245650,KXMLBGAME-25JUL22MINLAD-LAD,6,94,49,yes
1753245650460,1753245650,KXMLBGAME-25JUL22MINLAD-LAD,6,94,11,yes
1753245650460,1753245650,KXMLBGAME-25JUL22MINLAD-LAD,7,93,26,yes
1753245651102,1753245651,KXMLBGAME-25JUL22MINLAD-MIN,95,5,26,no
1753245653113,1753245653,KXMLBGAME-25JUL22MINLAD-LAD,5,95,134,no
1753245659463,1753245659,KXMLBGAME-25JUL22MINLAD-MIN,95,5,39,no
1753245659463,1753245659,KXMLBGAME-25JUL22MINLAD-MIN,94,6,45,no
1753245659463,1753245659,KXMLBGAME-25JUL22MINLAD-MIN,94,6,164,no
1753245662612,1753245662,KXMLBGAME-25JUL22MINLAD-LAD,7,93,400,yes
1753245662612,1753245662,KXMLBGAME-25JUL22MINLAD-LAD,7,93,34,yes
1753245662612,1753245662,KXMLBGAME-25JUL22MINLAD-LAD,8,92,300,yes
1753245662613,1753245662,KXMLBGAME-25JUL22MINLAD-LAD,8,92,200,yes
1753245662613,1753245662,KXMLBGAME-25JUL22MINLAD-LAD,9,91,261,yes
1753245665972,1753245665,KXMLBGAME-25JUL22MINLAD-LAD,6,94,1,no
1753245665972,1753245665,KXMLBGAME-25JUL22MINLAD-LAD,5,95,168,no
1753245671371,1753245671,KXMLBGAME-25JUL22MINLAD-LAD,10,90,1,yes
1753245677452,1753245677,KXMLBGAME-25JUL22MINLAD-MIN,94,6,1,yes
1753245678516,1753245678,KXMLBGAME-25JUL22MINLAD-MIN,94,6,105,yes
1753245695311,1753245695,KXMLBGAME-25JUL22MINLAD-LAD,5,95,21,no
1753245702053,1753245701,KXMLBGAME-25JUL22MINLAD-LAD,5,95,245,no
1753245706732,1753245706,KXMLBGAME-25JUL22MINLAD-MIN,93,7,31,yes
1753245713532,1753245713,KXMLBGAME-25JUL22MINLAD-MIN,93,7,32,yes
1753245722351,1753245722,KXMLBGAME-25JUL22MINLAD-MIN,93,7,137,yes
1753245722351,1753245722,KXMLBGAME-25JUL22MINLAD-MIN,93,7,104,yes
1753245725314,1753245725,KXMLBGAME-25JUL22MINLAD-LAD,5,95,6,no
1753245726251,1753245726,KXMLBGAME-25JUL22MINLAD-MIN,93,7,107,yes
1753245728591,1753245728,KXMLBGAME-25JUL22MINLAD-MIN,93,7,244,yes
1753245728893,1753245728,KXMLBGAME-25JUL22MINLAD-MIN,94,6,1,yes
1753245728894,1753245728,KXMLBGAME-25JUL22MINLAD-MIN,95,5,274,yes
1753245729512,1753245729,KXMLBGAME-25JUL22MINLAD-MIN,95,5,205,yes
1753245729512,1753245729,KXMLBGAME-25JUL22MINLAD-MIN,95,5,88,yes
1753245731452,1753245731,KXMLBGAME-25JUL22MINLAD-MIN,97,3,62,yes
1753245736578,1753245736,KXMLBGAME-25JUL22MINLAD-MIN,96,4,300,yes
1753245736578,1753245736,KXMLBGAME-25JUL22MINLAD-MIN,97,3,103,yes
1753245750053,1753245749,KXMLBGAME-25JUL22MINLAD-LAD,5,95,48,no
1753245763013,1753245762,KXMLBGAME-25JUL22MINLAD-LAD,7,93,40,yes
1753245765413,1753245765,KXMLBGAME-25JUL22MINLAD-MIN,93,7,16,no
1753245766811,1753245766,KXMLBGAME-25JUL22MINLAD-MIN,95,5,200,yes
1753245766811,1753245766,KXMLBGAME-25JUL22MINLAD-MIN,95,5,300,yes
1753245766811,1753245766,KXMLBGAME-25JUL22MINLAD-MIN,96,4,67,yes
1753245770268,1753245770,KXMLBGAME-25JUL22MINLAD-LAD,5,95,159,no
1753245773647,1753245773,KXMLBGAME-25JUL22MINLAD-LAD,7,93,40,yes
1753245773647,1753245773,KXMLBGAME-25JUL22MINLAD-LAD,7,93,30,yes
1753245773647,1753245773,KXMLBGAME-25JUL22MINLAD-LAD,8,92,56,yes
1753245773851,1753245773,KXMLBGAME-25JUL22MINLAD-LAD,5,95,38,no
1753245777313,1753245777,KXMLBGAME-25JUL22MINLAD-LAD,7,93,4,yes
1753245788773,1753245788,KXMLBGAME-25JUL22MINLAD-MIN,96,4,43,yes
1753245793354,1753245793,KXMLBGAME-25JUL22MINLAD-LAD,7,93,9,yes
1753245796585,1753245796,KXMLBGAME-25JUL22MINLAD-MIN,96,4,44,yes
1753245796585,1753245796,KXMLBGAME-25JUL22MINLAD-MIN,96,4,43,yes
1753245796585,1753245796,KXMLBGAME-25JUL22MINLAD-MIN,97,3,16,yes
1753245798838,1753245798,KXMLBGAME-25JUL22MINLAD-MIN,95,5,1,yes
1753245798838,1753245798,KXMLBGAME-25JUL22MINLAD-MIN,97,3,463,yes
1753245798838,1753245798,KXMLBGAME-25JUL22MINLAD-MIN,97,3,87,yes
1753245798838,1753245798,KXMLBGAME-25JUL22MINLAD-MIN,98,2,133,yes
1753245800545,1753245800,KXMLBGAME-25JUL22MINLAD-LAD,6,94,74,yes
1753245800545,1753245800,KXMLBGAME-25JUL22MINLAD-LAD,7,93,70,yes
1753245800750,1753245800,KXMLBGAME-25JUL22MINLAD-MIN,95,5,1,yes
1753245803548,1753245803,KXMLBGAME-25JUL22MINLAD-LAD,5,95,15,no
1753245805513,1753245805,KXMLBGAME-25JUL22MINLAD-LAD,6,94,16,yes
1753245821351,1753245821,KXMLBGAME-25JUL22MINLAD-LAD,5,95,1,no
1753245824848,1753245824,KXMLBGAME-25JUL22MINLAD-MIN,95,5,200,yes
1753245824848,1753245824,KXMLBGAME-25JUL22MINLAD-MIN,96,4,1,yes
1753245824848,1753245824,KXMLBGAME-25JUL22MINLAD-MIN,96,4,26,yes
1753245827101,1753245827,KXMLBGAME-25JUL22MINLAD-LAD,7,93,67,yes
1753245828943,1753245828,KXMLBGAME-25JUL22MINLAD-MIN,95,5,41,yes
1753245833551,1753245833,KXMLBGAME-25JUL22MINLAD-LAD,7,93,1,yes
1753245833551,1753245833,KXMLBGAME-25JUL22MINLAD-LAD,7,93,50,yes
1753245833551,1753245833,KXMLBGAME-25JUL22MINLAD-LAD,7,93,50,yes
1753245836996,1753245836,KXMLBGAME-25JUL22MINLAD-LAD,7,93,134,yes
1753245842768,1753245842,KXMLBGAME-25JUL22MINLAD-LAD,6,94,25,no
1753245842768,1753245842,KXMLBGAME-25JUL22MINLAD-LAD,5,95,68,no
1753245846911,1753245846,KXMLBGAME-25JUL22MINLAD-LAD,7,93,40,yes
1753245858537,1753245858,KXMLBGAME-25JUL22MINLAD-LAD,5,95,35,no
1753245870006,1753245869,KXMLBGAME-25JUL22MINLAD-MIN,94,6,13,no
1753245870179,1753245870,KXMLBGAME-25JUL22MINLAD-LAD,7,93,199,yes
1753245870179,1753245870,KXMLBGAME-25JUL22MINLAD-LAD,7,93,1,yes
1753245870179,1753245870,KXMLBGAME-25JUL22MINLAD-LAD,7,93,479,yes
1753245870179,1753245870,KXMLBGAME-25JUL22MINLAD-LAD,7,93,418,yes
1753245870179,1753245870,KXMLBGAME-25JUL22MINLAD-LAD,7,93,667,yes
1753245870179,1753245870,KXMLBGAME-25JUL22MINLAD-LAD,8,92,111,yes
1753245875223,1753245875,KXMLBGAME-25JUL22MINLAD-LAD,5,95,4,no
1753245890351,1753245890,KXMLBGAME-25JUL22MINLAD-MIN,96,4,1,yes
1753245890351,1753245890,KXMLBGAME-25JUL22MINLAD-MIN,96,4,87,yes
1753245890351,1753245890,KXMLBGAME-25JUL22MINLAD-MIN,97,3,300,yes
1753245895412,1753245895,KXMLBGAME-25JUL22MINLAD-LAD,7,93,1,yes
1753245895412,1753245895,KXMLBGAME-25JUL22MINLAD-LAD,7,93,133,yes
1753245899212,1753245899,KXMLBGAME-25JUL22MINLAD-LAD,7,93,47,yes
1753245909526,1753245909,KXMLBGAME-25JUL22MINLAD-MIN,96,4,1,yes
1753245909526,1753245909,KXMLBGAME-25JUL22MINLAD-MIN,96,4,200,yes
1753245909526,1753245909,KXMLBGAME-25JUL22MINLAD-MIN,96,4,619,yes
1753245919143,1753245919,KXMLBGAME-25JUL22MINLAD-LAD,6,94,60,yes
1753245919143,1753245919,KXMLBGAME-25JUL22MINLAD-LAD,7,93,283,yes
1753245923233,1753245923,KXMLBGAME-25JUL22MINLAD-LAD,5,95,1,no
1753245923330,1753245923,KXMLBGAME-25JUL22MINLAD-LAD,6,94,7,yes
1753245923591,1753245923,KXMLBGAME-25JUL22MINLAD-MIN,96,4,17,yes
1753245925099,1753245924,KXMLBGAME-25JUL22MINLAD-MIN,96,4,10,yes
1753245925605,1753245925,KXMLBGAME-25JUL22MINLAD-LAD,6,94,78,yes
1753245928886,1753245928,KXMLBGAME-25JUL22MINLAD-LAD,6,94,18,yes
1753245932163,1753245932,KXMLBGAME-25JUL22MINLAD-LAD,6,94,97,yes
1753245932163,1753245932,KXMLBGAME-25JUL22MINLAD-LAD,7,93,92,yes
1753245932163,1753245932,KXMLBGAME-25JUL22MINLAD-LAD,7,93,479,yes
1753245932163,1753245932,KXMLBGAME-25JUL22MINLAD-LAD,7,93,1,yes
1753245932163,1753245932,KXMLBGAME-25JUL22MINLAD-LAD,7,93,1155,yes
1753245932271,1753245932,KXMLBGAME-25JUL22MINLAD-MIN,96,4,6,yes
1753245933274,1753245933,KXMLBGAME-25JUL22MINLAD-LAD,5,95,32,no
1753245935440,1753245935,KXMLBGAME-25JUL22MINLAD-MIN,96,4,16,yes
1753245942010,1753245941,KXMLBGAME-25JUL22MINLAD-LAD,7,93,670,yes
1753245950752,1753245950,KXMLBGAME-25JUL22MINLAD-MIN,95,5,46,no
1753245958114,1753245957,KXMLBGAME-25JUL22MINLAD-MIN,95,5,133,yes
1753245958114,1753245957,KXMLBGAME-25JUL22MINLAD-MIN,96,4,413,yes
1753245963031,1753245962,KXMLBGAME-25JUL22MINLAD-LAD,7,93,45,yes
1753245963031,1753245962,KXMLBGAME-25JUL22MINLAD-LAD,7,93,1,yes
1753245963031,1753245962,KXMLBGAME-25JUL22MINLAD-LAD,7,93,557,yes
1753245968177,1753245968,KXMLBGAME-25JUL22MINLAD-LAD,7,93,2,yes
1753245969333,1753245969,KXMLBGAME-25JUL22MINLAD-LAD,7,93,107,yes
1753245969333,1753245969,KXMLBGAME-25JUL22MINLAD-LAD,7,93,278,yes
1753245975270,1753245975,KXMLBGAME-25JUL22MINLAD-LAD,7,93,17,yes
1753245991791,1753245991,KXMLBGAME-25JUL22MINLAD-MIN,96,4,168,yes
1753245996676,1753245996,KXMLBGAME-25JUL22MINLAD-LAD,6,94,15,yes
1753245998492,1753245998,KXMLBGAME-25JUL22MINLAD-MIN,96,4,1,yes
1753245998492,1753245998,KXMLBGAME-25JUL22MINLAD-MIN,96,4,200,yes
1753245998492,1753245998,KXMLBGAME-25JUL22MINLAD-MIN,96,4,300,yes
1753245998492,1753245998,KXMLBGAME-25JUL22MINLAD-MIN,97,3,200,yes
1753245998492,1753245998,KXMLBGAME-25JUL22MINLAD-MIN,97,3,1,yes
1753246002798,1753246002,KXMLBGAME-25JUL22MINLAD-MIN,95,5,53,no
1753246003073,1753246003,KXMLBGAME-25JUL22MINLAD-MIN,96,4,52,yes
1753246003674,1753246003,KXMLBGAME-25JUL22MINLAD-LAD,6,94,13,yes
1753246007735,1753246007,KXMLBGAME-25JUL22MINLAD-LAD,6,94,6,yes
1753246007735,1753246007,KXMLBGAME-25JUL22MINLAD-LAD,6,94,11,yes
1753246007735,1753246007,KXMLBGAME-25JUL22MINLAD-LAD,6,94,301,yes
1753246007735,1753246007,KXMLBGAME-25JUL22MINLAD-LAD,6,94,400,yes
1753246007735,1753246007,KXMLBGAME-25JUL22MINLAD-LAD,6,94,16,yes
1753246014903,1753246014,KXMLBGAME-25JUL22MINLAD-LAD,6,94,15,yes
1753246017291,1753246017,KXMLBGAME-25JUL22MINLAD-MIN,96,4,55,yes
1753246024974,1753246024,KXMLBGAME-25JUL22MINLAD-MIN,95,5,1,yes
1753246034251,1753246034,KXMLBGAME-25JUL22MINLAD-MIN,95,5,1,yes
1753246034712,1753246034,KXMLBGAME-25JUL22MINLAD-LAD,5,95,13,no
1753246036919,1753246036,KXMLBGAME-25JUL22MINLAD-MIN,95,5,1,yes
1753246036920,1753246036,KXMLBGAME-25JUL22MINLAD-MIN,96,4,134,yes
1753246044599,1753246044,KXMLBGAME-25JUL22MINLAD-MIN,95,5,1,yes
1753246044599,1753246044,KXMLBGAME-25JUL22MINLAD-MIN,96,4,11,yes
1753246044599,1753246044,KXMLBGAME-25JUL22MINLAD-MIN,96,4,43,yes
1753246062797,1753246062,KXMLBGAME-25JUL22MINLAD-MIN,95,5,50,yes
1753246064772,1753246064,KXMLBGAME-25JUL22MINLAD-LAD,6,94,1,yes
1753246064772,1753246064,KXMLBGAME-25JUL22MINLAD-LAD,7,93,1234,yes
1753246064772,1753246064,KXMLBGAME-25JUL22MINLAD-LAD,7,93,23,yes
1753246064772,1753246064,KXMLBGAME-25JUL22MINLAD-LAD,7,93,83,yes
1753246067742,1753246067,KXMLBGAME-25JUL22MINLAD-MIN,95,5,43,yes
1753246073571,1753246073,KXMLBGAME-25JUL22MINLAD-MIN,95,5,500,yes
1753246075390,1753246075,KXMLBGAME-25JUL22MINLAD-MIN,94,6,275,no
1753246075470,1753246075,KXMLBGAME-25JUL22MINLAD-LAD,6,94,1,yes
1753246075470,1753246075,KXMLBGAME-25JUL22MINLAD-LAD,6,94,1,yes
1753246075714,1753246075,KXMLBGAME-25JUL22MINLAD-MIN,93,7,15,yes
1753246087149,1753246087,KXMLBGAME-25JUL22MINLAD-LAD,7,93,2,yes
1753246087149,1753246087,KXMLBGAME-25JUL22MINLAD-LAD,8,92,14,yes
1753246087149,1753246087,KXMLBGAME-25JUL22MINLAD-LAD,8,92,7,yes
1753246087471,1753246087,KXMLBGAME-25JUL22MINLAD-MIN,93,7,1,yes
1753246088515,1753246088,KXMLBGAME-25JUL22MINLAD-MIN,93,7,86,yes
1753246088515,1753246088,KXMLBGAME-25JUL22MINLAD-MIN,93,7,254,yes
1753246093253,1753246093,KXMLBGAME-25JUL22MINLAD-LAD,7,93,2,yes
1753246093254,1753246093,KXMLBGAME-25JUL22MINLAD-LAD,8,92,11,yes
1753246094162,1753246094,KXMLBGAME-25JUL22MINLAD-MIN,93,7,41,yes
1753246094162,1753246094,KXMLBGAME-25JUL22MINLAD-MIN,94,6,244,yes
1753246101092,1753246101,KXMLBGAME-25JUL22MINLAD-MIN,94,6,120,yes
1753246105233,1753246105,KXMLBGAME-25JUL22MINLAD-LAD,7,93,4,yes
1753246105233,1753246105,KXMLBGAME-25JUL22MINLAD-LAD,8,92,20,yes
1753246106273,1753246106,KXMLBGAME-25JUL22MINLAD-MIN,94,6,10,yes
1753246109931,1753246109,KXMLBGAME-25JUL22MINLAD-LAD,8,92,3,yes
1753246118973,1753246118,KXMLBGAME-25JUL22MINLAD-LAD,8,92,9,yes
1753246118973,1753246118,KXMLBGAME-25JUL22MINLAD-LAD,8,92,14,yes
1753246135531,1753246135,KXMLBGAME-25JUL22MINLAD-LAD,8,92,50,yes
1753246141053,1753246141,KXMLBGAME-25JUL22MINLAD-MIN,94,6,112,yes
1753246141173,1753246141,KXMLBGAME-25JUL22MINLAD-LAD,8,92,11,yes
1753246143973,1753246143,KXMLBGAME-25JUL22MINLAD-LAD,6,94,1,no
1753246147513,1753246147,KXMLBGAME-25JUL22MINLAD-MIN,93,7,307,yes
1753246153431,1753246153,KXMLBGAME-25JUL22MINLAD-MIN,92,8,100,no
1753246153431,1753246153,KXMLBGAME-25JUL22MINLAD-MIN,92,8,4,no
1753246153431,1753246153,KXMLBGAME-25JUL22MINLAD-MIN,91,9,39,no
1753246153431,1753246153,KXMLBGAME-25JUL22MINLAD-MIN,90,10,310,no
1753246153612,1753246153,KXMLBGAME-25JUL22MINLAD-MIN,90,10,424,no
1753246153671,1753246153,KXMLBGAME-25JUL22MINLAD-LAD,9,91,42,yes
1753246153671,1753246153,KXMLBGAME-25JUL22MINLAD-LAD,9,91,349,yes
1753246156072,1753246156,KXMLBGAME-25JUL22MINLAD-LAD,9,91,1,yes
1753246159192,1753246159,KXMLBGAME-25JUL22MINLAD-LAD,9,91,205,yes
1753246159192,1753246159,KXMLBGAME-25JUL22MINLAD-LAD,10,90,200,yes
1753246159192,1753246159,KXMLBGAME-25JUL22MINLAD-LAD,10,90,150,yes
1753246165191,1753246165,KXMLBGAME-25JUL22MINLAD-MIN,92,8,60,yes
1753246166031,1753246165,KXMLBGAME-25JUL22MINLAD-MIN,92,8,140,yes
1753246166031,1753246165,KXMLBGAME-25JUL22MINLAD-MIN,93,7,657,yes
1753246170753,1753246170,KXMLBGAME-25JUL22MINLAD-MIN,92,8,12,yes
1753246170933,1753246170,KXMLBGAME-25JUL22MINLAD-LAD,9,91,29,yes
1753246170933,1753246170,KXMLBGAME-25JUL22MINLAD-LAD,10,90,20,yes
1753246177693,1753246177,KXMLBGAME-25JUL22MINLAD-MIN,92,8,28,yes
1753246178214,1753246178,KXMLBGAME-25JUL22MINLAD-MIN,92,8,9,yes
1753246178727,1753246178,KXMLBGAME-25JUL22MINLAD-LAD,9,91,20,yes
1753246178951,1753246178,KXMLBGAME-25JUL22MINLAD-MIN,92,8,199,yes
1753246188194,1753246188,KXMLBGAME-25JUL22MINLAD-LAD,9,91,1,yes
1753246201574,1753246201,KXMLBGAME-25JUL22MINLAD-LAD,9,91,1,yes
1753246201574,1753246201,KXMLBGAME-25JUL22MINLAD-LAD,9,91,15,yes
1753246201574,1753246201,KXMLBGAME-25JUL22MINLAD-LAD,9,91,1,yes
1753246201574,1753246201,KXMLBGAME-25JUL22MINLAD-LAD,9,91,35,yes
1753246203374,1753246203,KXMLBGAME-25JUL22MINLAD-LAD,9,91,20,yes
1753246205433,1753246205,KXMLBGAME-25JUL22MINLAD-MIN,93,7,2,yes
1753246205433,1753246205,KXMLBGAME-25JUL22MINLAD-MIN,93,7,30,yes
1753246207353,1753246207,KXMLBGAME-25JUL22MINLAD-LAD,10,90,12,yes
1753246207353,1753246207,KXMLBGAME-25JUL22MINLAD-LAD,10,90,8,yes
1753246207353,1753246207,KXMLBGAME-25JUL22MINLAD-LAD,11,89,20,yes
1753246207353,1753246207,KXMLBGAME-25JUL22MINLAD-LAD,11,89,500,yes
1753246207353,1753246207,KXMLBGAME-25JUL22MINLAD-LAD,11,89,200,yes
1753246207353,1753246207,KXMLBGAME-25JUL22MINLAD-LAD,11,89,300,yes
1753246207353,1753246207,KXMLBGAME-25JUL22MINLAD-LAD,11,89,1167,yes
1753246209472,1753246209,KXMLBGAME-25JUL22MINLAD-MIN,92,8,1,yes
1753246211719,1753246211,KXMLBGAME-25JUL22MINLAD-MIN,92,8,82,yes
1753246213052,1753246212,KXMLBGAME-25JUL22MINLAD-MIN,91,9,200,yes
1753246213052,1753246212,KXMLBGAME-25JUL22MINLAD-MIN,92,8,448,yes
1753246218784,1753246218,KXMLBGAME-25JUL22MINLAD-MIN,90,10,250,no
1753246218784,1753246218,KXMLBGAME-25JUL22MINLAD-MIN,90,10,12,no
1753246218784,1753246218,KXMLBGAME-25JUL22MINLAD-MIN,90,10,3,no
1753246221438,1753246221,KXMLBGAME-25JUL22MINLAD-MIN,91,9,1,yes
1753246222144,1753246221,KXMLBGAME-25JUL22MINLAD-MIN,91,9,299,yes
1753246222144,1753246221,KXMLBGAME-25JUL22MINLAD-MIN,93,7,57,yes
1753246222144,1753246221,KXMLBGAME-25JUL22MINLAD-MIN,93,7,30,yes
1753246222144,1753246221,KXMLBGAME-25JUL22MINLAD-MIN,93,7,200,yes
1753246222144,1753246221,KXMLBGAME-25JUL22MINLAD-MIN,93,7,300,yes
1753246222144,1753246221,KXMLBGAME-25JUL22MINLAD-MIN,93,7,2666,yes
1753246222144,1753246221,KXMLBGAME-25JUL22MINLAD-MIN,93,7,1162,yes
1753246226412,1753246226,KXMLBGAME-25JUL22MINLAD-MIN,94,6,2,yes
1753246226412,1753246226,KXMLBGAME-25JUL22MINLAD-MIN,94,6,148,yes
1753246227487,1753246227,KXMLBGAME-25JUL22MINLAD-MIN,94,6,52,yes
1753246227487,1753246227,KXMLBGAME-25JUL22MINLAD-MIN,94,6,212,yes
1753246236792,1753246236,KXMLBGAME-25JUL22MINLAD-LAD,7,93,67,yes
1753246236792,1753246236,KXMLBGAME-25JUL22MINLAD-MIN,97,3,52,yes
1753246243632,1753246243,KXMLBGAME-25JUL22MINLAD-MIN,90,10,4,no
1753246243632,1753246243,KXMLBGAME-25JUL22MINLAD-MIN,90,10,100,no
1753246243968,1753246243,KXMLBGAME-25JUL22MINLAD-LAD,6,94,1,no
1753246243969,1753246243,KXMLBGAME-25JUL22MINLAD-LAD,5,95,1,no
1753246243969,1753246243,KXMLBGAME-25JUL22MINLAD-LAD,5,95,2,no
1753246243969,1753246243,KXMLBGAME-25JUL22MINLAD-LAD,4,96,27,no
1753246256312,1753246256,KXMLBGAME-25JUL22MINLAD-MIN,88,12,177,no
1753246292926,1753246292,KXMLBGAME-25JUL22MINLAD-LAD,3,97,1,no
1753246309311,1753246309,KXMLBGAME-25JUL22MINLAD-LAD,5,95,1,yes
1753246309311,1753246309,KXMLBGAME-25JUL22MINLAD-LAD,12,88,7,yes
1753246322106,1753246322,KXMLBGAME-25JUL22MINLAD-MIN,97,3,257,yes
1753246334175,1753246334,KXMLBGAME-25JUL22MINLAD-LAD,4,96,8,no
1753246336853,1753246336,KXMLBGAME-25JUL22MINLAD-MIN,97,3,4,yes
1753246336853,1753246336,KXMLBGAME-25JUL22MINLAD-MIN,97,3,354,yes
1753246354292,1753246354,KXMLBGAME-25JUL22MINLAD-LAD,4,96,17,no
1753246354292,1753246354,KXMLBGAME-25JUL22MINLAD-LAD,3,97,14,no
1753246354292,1753246354,KXMLBGAME-25JUL22MINLAD-LAD,2,98,161,no
1753246360432,1753246360,KXMLBGAME-25JUL22MINLAD-LAD,5,95,1,yes
1753246360432,1753246360,KXMLBGAME-25JUL22MINLAD-LAD,5,95,200,yes
1753246372431,1753246372,KXMLBGAME-25JUL22MINLAD-MIN,94,6,5,yes
1753246389131,1753246389,KXMLBGAME-25JUL22MINLAD-MIN,94,6,68,yes
1753246395771,1753246395,KXMLBGAME-25JUL22MINLAD-LAD,8,92,5,yes
1753246395951,1753246395,KXMLBGAME-25JUL22MINLAD-MIN,94,6,201,yes
1753246413960,1753246413,KXMLBGAME-25JUL22MINLAD-MIN,94,6,57,yes
1753246418562,1753246418,KXMLBGAME-25JUL22MINLAD-MIN,94,6,201,yes
1753246420191,1753246420,KXMLBGAME-25JUL22MINLAD-MIN,94,6,193,yes
1753246422012,1753246421,KXMLBGAME-25JUL22MINLAD-MIN,94,6,20,yes
1753246430140,1753246429,KXMLBGAME-25JUL22MINLAD-MIN,93,7,150,yes
1753246430140,1753246429,KXMLBGAME-25JUL22MINLAD-MIN,94,6,87,yes
1753246430140,1753246429,KXMLBGAME-25JUL22MINLAD-MIN,95,5,432,yes
1753246442120,1753246441,KXMLBGAME-25JUL22MINLAD-LAD,8,92,106,yes
1753246443313,1753246443,KXMLBGAME-25JUL22MINLAD-MIN,94,6,87,yes
1753246443313,1753246443,KXMLBGAME-25JUL22MINLAD-MIN,94,6,18,yes
1753246454817,1753246454,KXMLBGAME-25JUL22MINLAD-LAD,7,93,512,yes
1753246454818,1753246454,KXMLBGAME-25JUL22MINLAD-LAD,7,93,158,yes
1753246467314,1753246467,KXMLBGAME-25JUL22MINLAD-LAD,5,95,1,yes
1753246467314,1753246467,KXMLBGAME-25JUL22MINLAD-LAD,7,93,227,yes
1753246467314,1753246467,KXMLBGAME-25JUL22MINLAD-LAD,7,93,76,yes
1753246467314,1753246467,KXMLBGAME-25JUL22MINLAD-LAD,7,93,2,yes
1753246467314,1753246467,KXMLBGAME-25JUL22MINLAD-LAD,8,92,139,yes
1753246467314,1753246467,KXMLBGAME-25JUL22MINLAD-LAD,12,88,19,yes
1753246467314,1753246467,KXMLBGAME-25JUL22MINLAD-LAD,12,88,300,yes
1753246467314,1753246467,KXMLBGAME-25JUL22MINLAD-LAD,12,88,193,yes
1753246479496,1753246479,KXMLBGAME-25JUL22MINLAD-LAD,9,91,5,yes
1753246488711,1753246488,KXMLBGAME-25JUL22MINLAD-LAD,8,92,1,yes
1753246494358,1753246494,KXMLBGAME-25JUL22MINLAD-LAD,8,92,55,yes
1753246494358,1753246494,KXMLBGAME-25JUL22MINLAD-LAD,8,92,1,yes
1753246494358,1753246494,KXMLBGAME-25JUL22MINLAD-LAD,9,91,994,yes
1753246494613,1753246494,KXMLBGAME-25JUL22MINLAD-LAD,8,92,56,yes
1753246494613,1753246494,KXMLBGAME-25JUL22MINLAD-LAD,9,91,12,yes
1753246497053,1753246496,KXMLBGAME-25JUL22MINLAD-MIN,93,7,34,yes
1753246500134,1753246500,KXMLBGAME-25JUL22MINLAD-LAD,8,92,28,yes
1753246504686,1753246504,KXMLBGAME-25JUL22MINLAD-LAD,6,94,1048,no
1753246505301,1753246505,KXMLBGAME-25JUL22MINLAD-MIN,93,7,159,yes
1753246505301,1753246505,KXMLBGAME-25JUL22MINLAD-MIN,93,7,141,yes
1753246509431,1753246509,KXMLBGAME-25JUL22MINLAD-LAD,8,92,21,yes
1753246509431,1753246509,KXMLBGAME-25JUL22MINLAD-LAD,9,91,85,yes
1753246514108,1753246513,KXMLBGAME-25JUL22MINLAD-MIN,93,7,159,yes
1753246514108,1753246513,KXMLBGAME-25JUL22MINLAD-MIN,94,6,107,yes
1753246531925,1753246531,KXMLBGAME-25JUL22MINLAD-MIN,93,7,275,yes
1753246532094,1753246532,KXMLBGAME-25JUL22MINLAD-MIN,93,7,208,yes
1753246540732,1753246540,KXMLBGAME-25JUL22MINLAD-MIN,95,5,87,yes
1753246540732,1753246540,KXMLBGAME-25JUL22MINLAD-MIN,95,5,213,yes
1753246542932,1753246542,KXMLBGAME-25JUL22MINLAD-MIN,95,5,94,yes
1753246543695,1753246543,KXMLBGAME-25JUL22MINLAD-LAD,7,93,5,no
1753246543695,1753246543,KXMLBGAME-25JUL22MINLAD-LAD,6,94,8,no
1753246549611,1753246549,KXMLBGAME-25JUL22MINLAD-MIN,95,5,16,yes
1753246557013,1753246556,KXMLBGAME-25JUL22MINLAD-LAD,7,93,1,yes
1753246584969,1753246584,KXMLBGAME-25JUL22MINLAD-LAD,7,93,4,yes
1753246587312,1753246587,KXMLBGAME-25JUL22MINLAD-MIN,95,5,50,yes
1753246589987,1753246589,KXMLBGAME-25JUL22MINLAD-LAD,6,94,2,no
1753246589987,1753246589,KXMLBGAME-25JUL22MINLAD-LAD,5,95,73,no
1753246598671,1753246598,KXMLBGAME-25JUL22MINLAD-MIN,95,5,49,yes
1753246599121,1753246598,KXMLBGAME-25JUL22MINLAD-LAD,5,95,1,no
1753246607293,1753246607,KXMLBGAME-25JUL22MINLAD-LAD,7,93,102,yes
1753246607293,1753246607,KXMLBGAME-25JUL22MINLAD-LAD,7,93,1,yes
1753246607293,1753246607,KXMLBGAME-25JUL22MINLAD-LAD,8,92,16,yes
1753246607293,1753246607,KXMLBGAME-25JUL22MINLAD-LAD,8,92,21,yes
1753246607293,1753246607,KXMLBGAME-25JUL22MINLAD-LAD,9,91,398,yes
1753246615934,1753246615,KXMLBGAME-25JUL22MINLAD-LAD,8,92,28,yes
1753246615934,1753246615,KXMLBGAME-25JUL22MINLAD-LAD,8,92,56,yes
1753246616172,1753246616,KXMLBGAME-25JUL22MINLAD-LAD,8,92,23,yes
1753246616172,1753246616,KXMLBGAME-25JUL22MINLAD-LAD,8,92,21,yes
1753246616172,1753246616,KXMLBGAME-25JUL22MINLAD-LAD,9,91,40,yes
1753246616610,1753246616,KXMLBGAME-25JUL22MINLAD-LAD,8,92,10,yes
1753246620632,1753246620,KXMLBGAME-25JUL22MINLAD-MIN,94,6,5,yes
1753246642773,1753246642,KXMLBGAME-25JUL22MINLAD-LAD,6,94,1,no
1753246642773,1753246642,KXMLBGAME-25JUL22MINLAD-LAD,5,95,22,no
1753246649251,1753246649,KXMLBGAME-25JUL22MINLAD-MIN,94,6,36,yes
1753246655011,1753246654,KXMLBGAME-25JUL22MINLAD-MIN,93,7,3,no
1753246655812,1753246655,KXMLBGAME-25JUL22MINLAD-MIN,92,8,43,no
1753246664894,1753246664,KXMLBGAME-25JUL22MINLAD-LAD,8,92,312,no
1753246666889,1753246666,KXMLBGAME-25JUL22MINLAD-MIN,92,8,87,yes
1753246666889,1753246666,KXMLBGAME-25JUL22MINLAD-MIN,92,8,200,yes
1753246666889,1753246666,KXMLBGAME-25JUL22MINLAD-MIN,92,8,300,yes
1753246666889,1753246666,KXMLBGAME-25JUL22MINLAD-MIN,92,8,79,yes
1753246666889,1753246666,KXMLBGAME-25JUL22MINLAD-MIN,93,7,249,yes
1753246672352,1753246672,KXMLBGAME-25JUL22MINLAD-LAD,9,91,74,no
1753246682571,1753246682,KXMLBGAME-25JUL22MINLAD-MIN,91,9,59,yes
1753246682571,1753246682,KXMLBGAME-25JUL22MINLAD-MIN,92,8,70,yes
1753246685353,1753246685,KXMLBGAME-25JUL22MINLAD-LAD,8,92,4,no
1753246690251,1753246690,KXMLBGAME-25JUL22MINLAD-LAD,8,92,5,no
1753246695216,1753246695,KXMLBGAME-25JUL22MINLAD-LAD,9,91,5,yes
1753246695216,1753246695,KXMLBGAME-25JUL22MINLAD-LAD,10,90,8,yes
1753246697200,1753246697,KXMLBGAME-25JUL22MINLAD-LAD,10,90,18,yes
1753246702373,1753246702,KXMLBGAME-25JUL22MINLAD-LAD,10,90,1,yes
1753246706532,1753246706,KXMLBGAME-25JUL22MINLAD-LAD,9,91,20,no
1753246708034,1753246707,KXMLBGAME-25JUL22MINLAD-MIN,91,9,150,yes
1753246715632,1753246715,KXMLBGAME-25JUL22MINLAD-LAD,12,88,200,yes
1753246715632,1753246715,KXMLBGAME-25JUL22MINLAD-LAD,12,88,273,yes
1753246715632,1753246715,KXMLBGAME-25JUL22MINLAD-LAD,13,87,53,yes
1753246715632,1753246715,KXMLBGAME-25JUL22MINLAD-LAD,13,87,200,yes
1753246715632,1753246715,KXMLBGAME-25JUL22MINLAD-LAD,13,87,35,yes
1753246720139,1753246720,KXMLBGAME-25JUL22MINLAD-LAD,13,87,7,yes
1753246723927,1753246723,KXMLBGAME-25JUL22MINLAD-MIN,88,12,1,no
1753246724643,1753246724,KXMLBGAME-25JUL22MINLAD-LAD,13,87,1,yes
1753246737293,1753246737,KXMLBGAME-25JUL22MINLAD-MIN,93,7,275,yes
1753246737293,1753246737,KXMLBGAME-25JUL22MINLAD-MIN,94,6,3,yes
1753246737532,1753246737,KXMLBGAME-25JUL22MINLAD-MIN,95,5,39,no
1753246737532,1753246737,KXMLBGAME-25JUL22MINLAD-MIN,94,6,40,no
1753246738633,1753246738,KXMLBGAME-25JUL22MINLAD-MIN,95,5,1,no
1753246738692,1753246738,KXMLBGAME-25JUL22MINLAD-LAD,5,95,19,yes
1753246741131,1753246741,KXMLBGAME-25JUL22MINLAD-LAD,5,95,10,yes
1753246741131,1753246741,KXMLBGAME-25JUL22MINLAD-LAD,5,95,15,yes
1753246741131,1753246741,KXMLBGAME-25JUL22MINLAD-LAD,5,95,1,yes
1753246741131,1753246741,KXMLBGAME-25JUL22MINLAD-LAD,6,94,24,yes
1753246743212,1753246743,KXMLBGAME-25JUL22MINLAD-LAD,6,94,109,yes
1753246744414,1753246744,KXMLBGAME-25JUL22MINLAD-LAD,6,94,367,yes
1753246744414,1753246744,KXMLBGAME-25JUL22MINLAD-LAD,6,94,18,yes
1753246744414,1753246744,KXMLBGAME-25JUL22MINLAD-LAD,7,93,323,yes
1753246747852,1753246747,KXMLBGAME-25JUL22MINLAD-LAD,5,95,93,yes
1753246750811,1753246750,KXMLBGAME-25JUL22MINLAD-LAD,5,95,10,yes
1753246764151,1753246764,KXMLBGAME-25JUL22MINLAD-LAD,6,94,14,yes
1753246764151,1753246764,KXMLBGAME-25JUL22MINLAD-LAD,6,94,80,yes
1753246765668,1753246765,KXMLBGAME-25JUL22MINLAD-LAD,6,94,156,yes
1753246766201,1753246766,KXMLBGAME-25JUL22MINLAD-MIN,95,5,250,yes
1753246766201,1753246766,KXMLBGAME-25JUL22MINLAD-MIN,95,5,275,yes
1753246766201,1753246766,KXMLBGAME-25JUL22MINLAD-MIN,96,4,200,yes
1753246766201,1753246766,KXMLBGAME-25JUL22MINLAD-MIN,96,4,35,yes
1753246771092,1753246771,KXMLBGAME-25JUL22MINLAD-LAD,5,95,1,yes
1753246771092,1753246771,KXMLBGAME-25JUL22MINLAD-LAD,5,95,79,yes
1753246771092,1753246771,KXMLBGAME-25JUL22MINLAD-LAD,6,94,89,yes
1753246772813,1753246772,KXMLBGAME-25JUL22MINLAD-LAD,6,94,15,yes
1753246775229,1753246775,KXMLBGAME-25JUL22MINLAD-MIN,94,6,50,no
1753246781674,1753246781,KXMLBGAME-25JUL22MINLAD-LAD,6,94,10,yes
1753246781674,1753246781,KXMLBGAME-25JUL22MINLAD-LAD,6,94,500,yes
1753246781674,1753246781,KXMLBGAME-25JUL22MINLAD-LAD,7,93,300,yes
1753246781674,1753246781,KXMLBGAME-25JUL22MINLAD-LAD,7,93,200,yes
1753246781674,1753246781,KXMLBGAME-25JUL22MINLAD-LAD,7,93,403,yes
1753246790589,1753246790,KXMLBGAME-25JUL22MINLAD-LAD,6,94,8,yes
1753246790589,1753246790,KXMLBGAME-25JUL22MINLAD-LAD,7,93,6,yes
1753246799601,1753246799,KXMLBGAME-25JUL22MINLAD-MIN,94,6,87,no
1753246803851,1753246803,KXMLBGAME-25JUL22MINLAD-MIN,95,5,100,yes
1753246805052,1753246804,KXMLBGAME-25JUL22MINLAD-MIN,94,6,9,yes
1753246805540,1753246805,KXMLBGAME-25JUL22MINLAD-MIN,94,6,40,yes
1753246805540,1753246805,KXMLBGAME-25JUL22MINLAD-LAD,5,95,10,yes
1753246811353,1753246811,KXMLBGAME-25JUL22MINLAD-LAD,5,95,10,yes
1753246816292,1753246816,KXMLBGAME-25JUL22MINLAD-MIN,93,7,275,yes
1753246816313,1753246816,KXMLBGAME-25JUL22MINLAD-MIN,94,6,1,yes
1753246838813,1753246838,KXMLBGAME-25JUL22MINLAD-MIN,97,3,450,yes
1753246838813,1753246838,KXMLBGAME-25JUL22MINLAD-MIN,97,3,56,yes
1753246840049,1753246839,KXMLBGAME-25JUL22MINLAD-LAD,4,96,1,no
1753246840049,1753246839,KXMLBGAME-25JUL22MINLAD-LAD,4,96,1,no
1753246840049,1753246839,KXMLBGAME-25JUL22MINLAD-LAD,4,96,1,no
1753246840432,1753246840,KXMLBGAME-25JUL22MINLAD-MIN,97,3,423,yes
1753246840432,1753246840,KXMLBGAME-25JUL22MINLAD-MIN,97,3,100,yes
1753246840432,1753246840,KXMLBGAME-25JUL22MINLAD-MIN,97,3,583,yes
1753246840432,1753246840,KXMLBGAME-25JUL22MINLAD-MIN,98,2,650,yes
1753246840432,1753246840,KXMLBGAME-25JUL22MINLAD-MIN,98,2,1000,yes
1753246840432,1753246840,KXMLBGAME-25JUL22MINLAD-MIN,98,2,87,yes
1753246840432,1753246840,KXMLBGAME-25JUL22MINLAD-MIN,98,2,224,yes
1753246842801,1753246842,KXMLBGAME-25JUL22MINLAD-MIN,94,6,5,no
1753246845754,1753246845,KXMLBGAME-25JUL22MINLAD-LAD,4,96,22,yes
1753246845754,1753246845,KXMLBGAME-25JUL22MINLAD-LAD,4,96,26,yes
1753246845754,1753246845,KXMLBGAME-25JUL22MINLAD-LAD,5,95,1,yes
1753246845754,1753246845,KXMLBGAME-25JUL22MINLAD-LAD,5,95,54,yes
1753246848514,1753246848,KXMLBGAME-25JUL22MINLAD-MIN,95,5,3,no
1753246854590,1753246854,KXMLBGAME-25JUL22MINLAD-LAD,3,97,100,no
1753246854590,1753246854,KXMLBGAME-25JUL22MINLAD-LAD,2,98,68,no
1753246855614,1753246855,KXMLBGAME-25JUL22MINLAD-MIN,97,3,15,no
1753246856126,1753246856,KXMLBGAME-25JUL22MINLAD-MIN,96,4,55,no
1753246857217,1753246857,KXMLBGAME-25JUL22MINLAD-LAD,2,98,7,no
1753246866565,1753246866,KXMLBGAME-25JUL22MINLAD-MIN,98,2,11,yes
1753246870532,1753246870,KXMLBGAME-25JUL22MINLAD-LAD,2,98,8,no
1753246871093,1753246871,KXMLBGAME-25JUL22MINLAD-LAD,3,97,15,yes
1753246871093,1753246871,KXMLBGAME-25JUL22MINLAD-LAD,3,97,3,yes
1753246871093,1753246871,KXMLBGAME-25JUL22MINLAD-LAD,4,96,150,yes
1753246871513,1753246871,KXMLBGAME-25JUL22MINLAD-MIN,96,4,12,no
1753246871514,1753246871,KXMLBGAME-25JUL22MINLAD-MIN,95,5,3,no
1753246875394,1753246875,KXMLBGAME-25JUL22MINLAD-LAD,2,98,585,no
1753246875734,1753246875,KXMLBGAME-25JUL22MINLAD-LAD,2,98,1341,no
1753246876914,1753246876,KXMLBGAME-25JUL22MINLAD-LAD,4,96,10,yes
1753246886846,1753246886,KXMLBGAME-25JUL22MINLAD-MIN,98,2,1,yes
1753246889293,1753246889,KXMLBGAME-25JUL22MINLAD-LAD,2,98,50,no
1753246895783,1753246895,KXMLBGAME-25JUL22MINLAD-LAD,4,96,234,yes
1753246898352,1753246898,KXMLBGAME-25JUL22MINLAD-LAD,4,96,24,yes
1753246905354,1753246905,KXMLBGAME-25JUL22MINLAD-MIN,98,2,123,yes
1753246918714,1753246918,KXMLBGAME-25JUL22MINLAD-MIN,98,2,5,yes
1753246922687,1753246922,KXMLBGAME-25JUL22MINLAD-LAD,4,96,976,yes
1753246922687,1753246922,KXMLBGAME-25JUL22MINLAD-LAD,4,96,9,yes
1753246922687,1753246922,KXMLBGAME-25JUL22MINLAD-LAD,4,96,479,yes
1753246922687,1753246922,KXMLBGAME-25JUL22MINLAD-LAD,4,96,597,yes
1753246924453,1753246924,KXMLBGAME-25JUL22MINLAD-LAD,2,98,94,no
1753246928626,1753246928,KXMLBGAME-25JUL22MINLAD-MIN,98,2,57,yes
1753246936504,1753246936,KXMLBGAME-25JUL22MINLAD-LAD,4,96,2342,yes
1753246939144,1753246939,KXMLBGAME-25JUL22MINLAD-LAD,4,96,46,yes
1753246945671,1753246945,KXMLBGAME-25JUL22MINLAD-LAD,3,97,1,yes
1753246958572,1753246958,KXMLBGAME-25JUL22MINLAD-LAD,2,98,92,no
1753246958573,1753246958,KXMLBGAME-25JUL22MINLAD-LAD,2,98,14,no
1753246960251,1753246960,KXMLBGAME-25JUL22MINLAD-LAD,3,97,9,yes
1753246960251,1753246960,KXMLBGAME-25JUL22MINLAD-LAD,3,97,41,yes
1753246965813,1753246965,KXMLBGAME-25JUL22MINLAD-LAD,2,98,201,no
1753246981976,1753246981,KXMLBGAME-25JUL22MINLAD-MIN,98,2,130,yes
1753246987583,1753246987,KXMLBGAME-25JUL22MINLAD-LAD,3,97,4,yes
1753246991176,1753246991,KXMLBGAME-25JUL22MINLAD-MIN,97,3,2,no
1753246991176,1753246991,KXMLBGAME-25JUL22MINLAD-MIN,97,3,1,no
1753246991176,1753246991,KXMLBGAME-25JUL22MINLAD-MIN,96,4,6,no
1753246991176,1753246991,KXMLBGAME-25JUL22MINLAD-MIN,96,4,599,no
1753246991176,1753246991,KXMLBGAME-25JUL22MINLAD-MIN,95,5,197,no
1753246991176,1753246991,KXMLBGAME-25JUL22MINLAD-MIN,94,6,19,no
1753246993555,1753246993,KXMLBGAME-25JUL22MINLAD-LAD,3,97,156,yes
1753247036231,1753247036,KXMLBGAME-25JUL22MINLAD-MIN,98,2,26,yes
1753247053759,1753247053,KXMLBGAME-25JUL22MINLAD-MIN,98,2,25,yes
1753247058675,1753247058,KXMLBGAME-25JUL22MINLAD-MIN,98,2,20,yes
1753247062873,1753247062,KXMLBGAME-25JUL22MINLAD-LAD,2,98,46,no
1753247084685,1753247084,KXMLBGAME-25JUL22MINLAD-MIN,98,2,3,yes
1753247084685,1753247084,KXMLBGAME-25JUL22MINLAD-MIN,99,1,1000,yes
1753247084685,1753247084,KXMLBGAME-25JUL22MINLAD-MIN,99,1,45,yes
1753247089632,1753247089,KXMLBGAME-25JUL22MINLAD-MIN,99,1,18,yes
1753247089632,1753247089,KXMLBGAME-25JUL22MINLAD-MIN,99,1,82,yes
1753247100659,1753247100,KXMLBGAME-25JUL22MINLAD-LAD,2,98,134,no
1753247109047,1753247108,KXMLBGAME-25JUL22MINLAD-LAD,3,97,344,yes
1753247134963,1753247134,KXMLBGAME-25JUL22MINLAD-LAD,2,98,18,no
1753247146797,1753247146,KXMLBGAME-25JUL22MINLAD-LAD,2,98,405,no
1753247151552,1753247151,KXMLBGAME-25JUL22MINLAD-LAD,2,98,14,no
1753247155492,1753247155,KXMLBGAME-25JUL22MINLAD-LAD,3,97,446,yes
1753247155875,1753247155,KXMLBGAME-25JUL22MINLAD-LAD,2,98,1046,no
1753247167855,1753247167,KXMLBGAME-25JUL22MINLAD-LAD,2,98,76,no
1753247209102,1753247208,KXMLBGAME-25JUL22MINLAD-MIN,98,2,114,no
1753247219745,1753247219,KXMLBGAME-25JUL22MINLAD-MIN,99,1,418,yes
1753247219745,1753247219,KXMLBGAME-25JUL22MINLAD-MIN,99,1,87,yes
1753247219745,1753247219,KXMLBGAME-25JUL22MINLAD-MIN,99,1,173,yes
1753247219745,1753247219,KXMLBGAME-25JUL22MINLAD-MIN,99,1,2764,yes
1753247224213,1753247224,KXMLBGAME-25JUL22MINLAD-MIN,98,2,86,no
1753247224213,1753247224,KXMLBGAME-25JUL22MINLAD-MIN,97,3,11,no
1753247224213,1753247224,KXMLBGAME-25JUL22MINLAD-MIN,97,3,177,no
1753247228274,1753247228,KXMLBGAME-25JUL22MINLAD-LAD,2,98,2345,no
1753247248574,1753247248,KXMLBGAME-25JUL22MINLAD-LAD,3,97,9,yes
1753247248574,1753247248,KXMLBGAME-25JUL22MINLAD-LAD,3,97,8,yes
1753247248574,1753247248,KXMLBGAME-25JUL22MINLAD-LAD,3,97,65,yes
1753247253537,1753247253,KXMLBGAME-25JUL22MINLAD-MIN,99,1,1,yes
1753247255333,1753247255,KXMLBGAME-25JUL22MINLAD-LAD,2,98,149,no
1753247264091,1753247263,KXMLBGAME-25JUL22MINLAD-LAD,2,98,153,no
1753247277473,1753247277,KXMLBGAME-25JUL22MINLAD-MIN,99,1,140,yes
1753247282422,1753247282,KXMLBGAME-25JUL22MINLAD-LAD,2,98,2993,no
1753247282422,1753247282,KXMLBGAME-25JUL22MINLAD-LAD,2,98,3,no
1753247282422,1753247282,KXMLBGAME-25JUL22MINLAD-LAD,2,98,100,no
1753247296014,1753247295,KXMLBGAME-25JUL22MINLAD-LAD,1,99,385,no
1753247296254,1753247296,KXMLBGAME-25JUL22MINLAD-MIN,99,1,3,yes
1753247299518,1753247299,KXMLBGAME-25JUL22MINLAD-MIN,99,1,2,yes
1753247300213,1753247300,KXMLBGAME-25JUL22MINLAD-MIN,99,1,55,yes
1753247322995,1753247322,KXMLBGAME-25JUL22MINLAD-MIN,99,1,36,no
1753247335670,1753247335,KXMLBGAME-25JUL22MINLAD-LAD,2,98,302,yes
1753247335670,1753247335,KXMLBGAME-25JUL22MINLAD-LAD,2,98,1335,yes
1753247339553,1753247339,KXMLBGAME-25JUL22MINLAD-LAD,2,98,46,yes
1753247424396,1753247424,KXMLBGAME-25JUL22MINLAD-MIN,99,1,964,no
1753247424396,1753247424,KXMLBGAME-25JUL22MINLAD-MIN,99,1,1,no
1753247424396,1753247424,KXMLBGAME-25JUL22MINLAD-MIN,99,1,1288,no
1753247424396,1753247424,KXMLBGAME-25JUL22MINLAD-MIN,98,2,2000,no
1753247424396,1753247424,KXMLBGAME-25JUL22MINLAD-MIN,98,2,191,no
1753247437853,1753247437,KXMLBGAME-25JUL22MINLAD-MIN,99,1,2000,yes
1753247452935,1753247452,KXMLBGAME-25JUL22MINLAD-MIN,99,1,97,no
1753247452935,1753247452,KXMLBGAME-25JUL22MINLAD-MIN,99,1,3,no
1753247460315,1753247460,KXMLBGAME-25JUL22MINLAD-LAD,1,99,93,yes
1753247471862,1753247471,KXMLBGAME-25JUL22MINLAD-MIN,99,1,34,no
1753247471862,1753247471,KXMLBGAME-25JUL22MINLAD-MIN,99,1,137,no
1753247476573,1753247476,KXMLBGAME-25JUL22MINLAD-MIN,99,1,863,no
1753247476573,1753247476,KXMLBGAME-25JUL22MINLAD-MIN,99,1,137,no
1753247514132,1753247514,KXMLBGAME-25JUL22MINLAD-LAD,1,99,674,yes
1753247514132,1753247514,KXMLBGAME-25JUL22MINLAD-LAD,1,99,1196,yes
1753247553784,1753247553,KXMLBGAME-25JUL22MINLAD-MIN,99,1,839,no
1753247583192,1753247583,KXMLBGAME-25JUL22MINLAD-MIN,99,1,49,no
1753247583192,1753247583,KXMLBGAME-25JUL22MINLAD-MIN,98,2,11,no
1753247609174,1753247609,KXMLBGAME-25JUL22MINLAD-LAD,1,99,93,yes
1753247609694,1753247609,KXMLBGAME-25JUL22MINLAD-LAD,1,99,362,yes
1753247609694,1753247609,KXMLBGAME-25JUL22MINLAD-LAD,1,99,1,yes
1753247609694,1753247609,KXMLBGAME-25JUL22MINLAD-LAD,1,99,334,yes
1753247609694,1753247609,KXMLBGAME-25JUL22MINLAD-LAD,1,99,1000,yes
1753247630276,1753247630,KXMLBGAME-25JUL22MINLAD-LAD,2,98,23,yes
1753247637751,1753247637,KXMLBGAME-25JUL22MINLAD-LAD,1,99,1759,no
1753247652054,1753247651,KXMLBGAME-25JUL22MINLAD-MIN,99,1,14,yes
1753247691914,1753247691,KXMLBGAME-25JUL22MINLAD-MIN,98,2,50,no
1753247691914,1753247691,KXMLBGAME-25JUL22MINLAD-MIN,98,2,4,no
1753247691914,1753247691,KXMLBGAME-25JUL22MINLAD-MIN,98,2,10,no
1753247691914,1753247691,KXMLBGAME-25JUL22MINLAD-MIN,98,2,101,no
1753247708893,1753247708,KXMLBGAME-25JUL22MINLAD-MIN,99,1,163,yes
1753247721594,1753247721,KXMLBGAME-25JUL22MINLAD-LAD,2,98,233,yes
1753247723558,1753247723,KXMLBGAME-25JUL22MINLAD-LAD,2,98,233,yes
1753247790935,1753247790,KXMLBGAME-25JUL22MINLAD-MIN,99,1,284,yes
1753247790935,1753247790,KXMLBGAME-25JUL22MINLAD-MIN,99,1,927,yes
1753247831903,1753247831,KXMLBGAME-25JUL22MINLAD-MIN,99,1,73,yes
1753247831903,1753247831,KXMLBGAME-25JUL22MINLAD-MIN,99,1,27,yes
1753247839214,1753247839,KXMLBGAME-25JUL22MINLAD-LAD,2,98,24,yes
1753247849926,1753247849,KXMLBGAME-25JUL22MINLAD-MIN,99,1,2,yes
1753247852915,1753247852,KXMLBGAME-25JUL22MINLAD-MIN,99,1,338,yes
1753247853817,1753247853,KXMLBGAME-25JUL22MINLAD-LAD,1,99,427,no
1753247858295,1753247858,KXMLBGAME-25JUL22MINLAD-LAD,1,99,44,no
1753247908233,1753247908,KXMLBGAME-25JUL22MINLAD-LAD,2,98,233,yes
1753248035095,1753248035,KXMLBGAME-25JUL22MINLAD-LAD,1,99,46,yes
1753248077053,1753248076,KXMLBGAME-25JUL22MINLAD-MIN,99,1,1000,no
1753248109819,1753248109,KXMLBGAME-25JUL22MINLAD-MIN,99,1,70,no
1753248112934,1753248112,KXMLBGAME-25JUL22MINLAD-MIN,99,1,980,no
1753248112934,1753248112,KXMLBGAME-25JUL22MINLAD-MIN,99,1,1020,no
1753248128526,1753248128,KXMLBGAME-25JUL22MINLAD-MIN,98,2,19,no
1753248128596,1753248128,KXMLBGAME-25JUL22MINLAD-LAD,1,99,467,yes
1753248146985,1753248146,KXMLBGAME-25JUL22MINLAD-LAD,1,99,18,yes
1753248146985,1753248146,KXMLBGAME-25JUL22MINLAD-LAD,1,99,1,yes
1753248146985,1753248146,KXMLBGAME-25JUL22MINLAD-LAD,1,99,81,yes
1753248160678,1753248160,KXMLBGAME-25JUL22MINLAD-MIN,99,1,79,no
1753248165314,1753248165,KXMLBGAME-25JUL22MINLAD-MIN,99,1,1861,no
1753248166496,1753248166,KXMLBGAME-25JUL22MINLAD-LAD,1,99,1870,yes
1753248181116,1753248181,KXMLBGAME-25JUL22MINLAD-LAD,1,99,49,yes
1753248181174,1753248181,KXMLBGAME-25JUL22MINLAD-LAD,2,98,243,yes
1753248181174,1753248181,KXMLBGAME-25JUL22MINLAD-LAD,2,98,4,yes
1753248181174,1753248181,KXMLBGAME-25JUL22MINLAD-LAD,3,97,300,yes
1753248182319,1753248182,KXMLBGAME-25JUL22MINLAD-MIN,99,1,60,no
1753248182319,1753248182,KXMLBGAME-25JUL22MINLAD-MIN,99,1,489,no
1753248183650,1753248183,KXMLBGAME-25JUL22MINLAD-LAD,4,96,1,yes
1753248189794,1753248189,KXMLBGAME-25JUL22MINLAD-LAD,2,98,1000,yes
1753248189833,1753248189,KXMLBGAME-25JUL22MINLAD-LAD,2,98,39,yes
1753248200335,1753248200,KXMLBGAME-25JUL22MINLAD-MIN,99,1,39,no
1753248204744,1753248204,KXMLBGAME-25JUL22MINLAD-MIN,99,1,300,no
1753248216930,1753248216,KXMLBGAME-25JUL22MINLAD-MIN,99,1,111,no
1753248232209,1753248232,KXMLBGAME-25JUL22MINLAD-MIN,99,1,424,no
1753248232354,1753248232,KXMLBGAME-25JUL22MINLAD-LAD,1,99,446,yes
1753248236176,1753248236,KXMLBGAME-25JUL22MINLAD-LAD,1,99,93,yes
1753248272975,1753248272,KXMLBGAME-25JUL22MINLAD-LAD,1,99,4675,yes
1753248502674,1753248502,KXMLBGAME-25JUL22MINLAD-MIN,99,1,77,no
