client_ts,server_ts,market_ticker,yes_price,no_price,count,taker_side
1753279033732,1753279033,KXMLBGAME-25JUL23SDMIA-SD,59,41,2908,yes
1753279058273,1753279058,KXMLBGAME-25JUL23SFATL-SF,39,61,87,no
1753279058552,1753279058,KXMLBGAME-25JUL23SDMIA-SD,59,41,1983,yes
1753279059532,1753279059,KXMLBGAME-25JUL23MINLAD-MIN,34,66,16,no
1753279077593,1753279077,KXMLBGAME-25JUL23DETPIT-DET,56,44,15,yes
1753279114312,1753279114,KXMLBGAME-25JUL23MINLAD-LAD,66,34,1,yes
1753279123895,1753279123,KXMLBGAME-25JUL23CINWSH-CIN,54,46,29,yes
1753279155976,1753279155,KXMLBGAME-25JUL23NYYTOR-NYY,57,43,43,yes
1753279178292,1753279178,KXMLBGAME-25JUL23SFATL-SF,39,61,104,no
1753279198011,1753279197,KXMLBGAME-25JUL23CINWSH-CIN,54,46,175,yes
1753279208335,1753279208,KXMLBGAME-25JUL23CINWSH-CIN,54,46,17,yes
1753279210715,1753279210,KXMLBGAME-25JUL23DETPIT-DET,56,44,72,yes
1753279214034,1753279213,KXMLBGAME-25JUL23SDMIA-SD,60,40,3,yes
1753279214648,1753279214,KXMLBGAME-25JUL23STLCOL-STL,63,37,23,yes
1753279233293,1753279233,KXMLBGAME-25JUL23LAANYM-LAA,39,61,4,yes
1753279250754,1753279250,KXMLBGAME-25JUL23CINWSH-WSH,47,53,40,yes
1753279260854,1753279260,KXMLBGAME-25JUL23BOSPHI-PHI,59,41,1,yes
1753279275413,1753279275,KXMLBGAME-25JUL23NYYTOR-NYY,57,43,1,yes
1753279312714,1753279312,KXMLBGAME-25JUL23SDMIA-SD,60,40,32,yes
1753279327352,1753279327,KXMLBGAME-25JUL23CINWSH-CIN,54,46,35,yes
1753279341733,1753279341,KXMLBGAME-25JUL23SFATL-ATL,61,39,31,yes
1753279387091,1753279386,KXMLBGAME-25JUL23MILSEA-MIL,45,55,94,yes
1753279414739,1753279414,KXMLBGAME-25JUL23CINWSH-CIN,54,46,53,yes
1753279418732,1753279418,KXMLBGAME-25JUL23DETPIT-PIT,45,55,17,yes
1753279418916,1753279418,KXMLBGAME-25JUL23STLCOL-STL,63,37,61,yes
1753279437472,1753279437,KXMLBGAME-25JUL23MINLAD-MIN,35,65,54,yes
1753279450050,1753279449,KXMLBGAME-25JUL23DETPIT-PIT,45,55,331,yes
1753279484352,1753279484,KXMLBGAME-25JUL23SDMIA-MIA,41,59,40,yes
1753279489534,1753279489,KXMLBGAME-25JUL23SDMIA-SD,59,41,87,no
1753279513674,1753279513,KXMLBGAME-25JUL23CINWSH-CIN,54,46,25,yes
1753279526313,1753279526,KXMLBGAME-25JUL23SDMIA-SD,58,42,3000,no
1753279526313,1753279526,KXMLBGAME-25JUL23SDMIA-SD,58,42,1286,no
1753279526313,1753279526,KXMLBGAME-25JUL23SDMIA-SD,58,42,87,no
1753279526313,1753279526,KXMLBGAME-25JUL23SDMIA-SD,58,42,627,no
1753279533007,1753279532,KXMLBGAME-25JUL23SFATL-ATL,61,39,25,yes
1753279535758,1753279535,KXMLBGAME-25JUL23CINWSH-CIN,54,46,503,yes
1753279535758,1753279535,KXMLBGAME-25JUL23CINWSH-CIN,54,46,10,yes
1753279535758,1753279535,KXMLBGAME-25JUL23CINWSH-CIN,54,46,10,yes
1753279535758,1753279535,KXMLBGAME-25JUL23CINWSH-CIN,54,46,265,yes
1753279535758,1753279535,KXMLBGAME-25JUL23CINWSH-CIN,55,45,238,yes
1753279535758,1753279535,KXMLBGAME-25JUL23CINWSH-CIN,55,45,41,yes
1753279535758,1753279535,KXMLBGAME-25JUL23CINWSH-CIN,55,45,313,yes
1753279535758,1753279535,KXMLBGAME-25JUL23CINWSH-CIN,55,45,242,yes
1753279539392,1753279539,KXMLBGAME-25JUL23SDMIA-MIA,41,59,3570,yes
1753279541894,1753279541,KXMLBGAME-25JUL23SFATL-ATL,61,39,40,yes
1753279547973,1753279547,KXMLBGAME-25JUL23CINWSH-CIN,55,45,35,yes
1753279567617,1753279567,KXMLBGAME-25JUL23BALCLE-BAL,47,53,20,yes
1753279573734,1753279573,KXMLBGAME-25JUL23LAANYM-NYM,62,38,23,yes
1753279579911,1753279579,KXMLBGAME-25JUL23HOUARI-ARI,53,47,548,yes
1753279589230,1753279589,KXMLBGAME-25JUL23BOSPHI-PHI,59,41,31,yes
1753279590771,1753279590,KXMLBGAME-25JUL23BALCLE-BAL,45,55,20,no
1753279594764,1753279594,KXMLBGAME-25JUL23DETPIT-DET,56,44,25,yes
1753279599575,1753279599,KXMLBGAME-25JUL23SDMIA-MIA,42,58,1244,yes
1753279599934,1753279599,KXMLBGAME-25JUL23DETPIT-PIT,45,55,40,yes
1753279602849,1753279602,KXMLBGAME-25JUL23DETPIT-PIT,45,55,80,yes
1753279607048,1753279606,KXMLBGAME-25JUL23KCCHC-CHC,58,42,33,yes
1753279630702,1753279630,KXMLBGAME-25JUL23CINWSH-WSH,47,53,2,yes
1753279647804,1753279647,KXMLBGAME-25JUL23SFATL-SF,40,60,47,yes
1753279655395,1753279655,KXMLBGAME-25JUL23SFATL-ATL,61,39,2,yes
1753279662958,1753279662,KXMLBGAME-25JUL23DETPIT-DET,56,44,19,yes
1753279667316,1753279667,KXMLBGAME-25JUL23LAANYM-LAA,39,61,40,yes
1753279671247,1753279671,KXMLBGAME-25JUL23CINWSH-CIN,55,45,35,yes
1753279673301,1753279673,KXMLBGAME-25JUL23CINWSH-CIN,55,45,5,yes
1753279679240,1753279679,KXMLBGAME-25JUL23SDMIA-SD,58,42,5,yes
1753279693433,1753279693,KXMLBGAME-25JUL23HOUARI-ARI,53,47,7,yes
1753279695873,1753279695,KXMLBGAME-25JUL23MINLAD-LAD,66,34,4,yes
1753279713743,1753279713,KXMLBGAME-25JUL23KCCHC-KC,42,58,40,yes
1753279723494,1753279723,KXMLBGAME-25JUL23KCCHC-CHC,58,42,54,yes
1753279723494,1753279723,KXMLBGAME-25JUL23KCCHC-CHC,58,42,17,yes
1753279808294,1753279808,KXMLBGAME-25JUL23NYYTOR-NYY,57,43,17,yes
1753279826675,1753279826,KXMLBGAME-25JUL23CINWSH-CIN,55,45,17,yes
1753279830757,1753279830,KXMLBGAME-25JUL23STLCOL-STL,63,37,40,yes
1753279831872,1753279831,KXMLBGAME-25JUL23DETPIT-DET,56,44,34,yes
1753279832095,1753279832,KXMLBGAME-25JUL23DETPIT-DET,56,44,25,yes
1753279838781,1753279838,KXMLBGAME-25JUL23CINWSH-WSH,47,53,16,yes
1753279848172,1753279847,KXMLBGAME-25JUL23BOSPHI-BOS,42,58,22,yes
1753279850659,1753279850,KXMLBGAME-25JUL23SDMIA-MIA,43,57,11,yes
1753279855717,1753279855,KXMLBGAME-25JUL23CINWSH-WSH,47,53,4,yes
1753279865743,1753279865,KXMLBGAME-25JUL23SDMIA-SD,58,42,16,yes
1753279866223,1753279866,KXMLBGAME-25JUL23MINLAD-LAD,66,34,14,yes
1753279880449,1753279880,KXMLBGAME-25JUL23MILSEA-MIL,45,55,17,yes
1753279887995,1753279887,KXMLBGAME-25JUL23SDMIA-MIA,43,57,4,yes
1753279901962,1753279901,KXMLBGAME-25JUL23SFATL-SF,40,60,26,yes
1753279902780,1753279902,KXMLBGAME-25JUL23SFATL-SF,40,60,19,yes
1753279903893,1753279903,KXMLBGAME-25JUL23LAANYM-NYM,62,38,15,yes
1753279907696,1753279907,KXMLBGAME-25JUL23CINWSH-CIN,55,45,26,yes
1753279935512,1753279935,KXMLBGAME-25JUL23STLCOL-COL,38,62,3,yes
1753279955473,1753279955,KXMLBGAME-25JUL23HOUARI-HOU,47,53,2,yes
1753279956336,1753279956,KXMLBGAME-25JUL23SDMIA-SD,58,42,25,yes
1753279956336,1753279956,KXMLBGAME-25JUL23SDMIA-SD,58,42,58,yes
1753279962493,1753279962,KXMLBGAME-25JUL23BOSPHI-BOS,42,58,272,yes
1753279962633,1753279962,KXMLBGAME-25JUL23BOSPHI-PHI,58,42,772,no
1753279975076,1753279974,KXMLBGAME-25JUL23MILSEA-MIL,45,55,3,yes
1753279975273,1753279975,KXMLBGAME-25JUL23SFATL-ATL,61,39,79,yes
1753279976920,1753279976,KXMLBGAME-25JUL23LAANYM-LAA,39,61,24,yes
1753279999959,1753279999,KXMLBGAME-25JUL23BALCLE-CLE,54,46,1,yes
1753280006026,1753280005,KXMLBGAME-25JUL23CINWSH-CIN,55,45,8,yes
1753280010711,1753280010,KXMLBGAME-25JUL23CINWSH-CIN,55,45,8,yes
1753280023112,1753280023,KXMLBGAME-25JUL23BOSPHI-BOS,43,57,2,yes
1753280026196,1753280026,KXMLBGAME-25JUL23CINWSH-CIN,55,45,115,yes
1753280041033,1753280040,KXMLBGAME-25JUL23CWSTB-CWS,35,65,4,yes
1753280051569,1753280051,KXMLBGAME-25JUL23DETPIT-DET,56,44,17,yes
1753280070853,1753280070,KXMLBGAME-25JUL23CINWSH-WSH,47,53,10,yes
1753280072056,1753280072,KXMLBGAME-25JUL23ATHTEX-ATH,45,55,3,yes
1753280080015,1753280079,KXMLBGAME-25JUL23ATHTEX-TEX,57,43,27,yes
1753280162059,1753280161,KXMLBGAME-25JUL23MILSEA-MIL,45,55,10,yes
1753280188993,1753280188,KXMLBGAME-25JUL23SDMIA-SD,58,42,13,yes
1753280189155,1753280189,KXMLBGAME-25JUL23SDMIA-SD,58,42,8,yes
1753280206116,1753280205,KXMLBGAME-25JUL23SFATL-ATL,61,39,7,yes
1753280245534,1753280245,KXMLBGAME-25JUL23SDMIA-SD,58,42,117,yes
1753280285913,1753280285,KXMLBGAME-25JUL23CINWSH-CIN,55,45,215,yes
1753280289612,1753280289,KXMLBGAME-25JUL23MILSEA-MIL,45,55,17,yes
1753280294259,1753280293,KXMLBGAME-25JUL23DETPIT-PIT,45,55,10,yes
1753280308588,1753280308,KXMLBGAME-25JUL23MINLAD-LAD,66,34,29,yes
1753280318829,1753280318,KXMLBGAME-25JUL23LAANYM-NYM,62,38,5,yes
1753280349964,1753280349,KXMLBGAME-25JUL23CINWSH-CIN,55,45,43,yes
1753280351234,1753280351,KXMLBGAME-25JUL23KCCHC-CHC,59,41,18,yes
1753280386735,1753280386,KXMLBGAME-25JUL23CWSTB-TB,66,34,25,yes
1753280405261,1753280405,KXMLBGAME-25JUL23ATHTEX-ATH,45,55,25,yes
1753280413658,1753280413,KXMLBGAME-25JUL23DETPIT-DET,56,44,36,yes
1753280425394,1753280425,KXMLBGAME-25JUL23SFATL-SF,40,60,176,yes
1753280454721,1753280454,KXMLBGAME-25JUL23BALCLE-BAL,47,53,5,yes
1753280475513,1753280475,KXMLBGAME-25JUL23STLCOL-COL,38,62,5,yes
1753280476036,1753280475,KXMLBGAME-25JUL23CINWSH-WSH,47,53,30,yes
1753280509474,1753280509,KXMLBGAME-25JUL23MILSEA-MIL,45,55,32,yes
1753280511450,1753280511,KXMLBGAME-25JUL23KCCHC-KC,42,58,5,yes
1753280514517,1753280514,KXMLBGAME-25JUL23SFATL-SF,40,60,47,yes
1753280525684,1753280525,KXMLBGAME-25JUL23SFATL-ATL,61,39,1,yes
1753280539918,1753280539,KXMLBGAME-25JUL23BOSPHI-PHI,58,42,25,yes
1753280566514,1753280566,KXMLBGAME-25JUL23CINWSH-WSH,47,53,6,yes
1753280591624,1753280591,KXMLBGAME-25JUL23BOSPHI-PHI,58,42,3,yes
1753280613355,1753280613,KXMLBGAME-25JUL23SDMIA-SD,58,42,6,yes
1753280614151,1753280614,KXMLBGAME-25JUL23CINWSH-CIN,55,45,17,yes
1753280630133,1753280629,KXMLBGAME-25JUL23DETPIT-DET,55,45,17,yes
1753280646191,1753280646,KXMLBGAME-25JUL23MINLAD-LAD,66,34,5,yes
1753280646855,1753280646,KXMLBGAME-25JUL23CINWSH-CIN,55,45,44,yes
1753280700380,1753280700,KXMLBGAME-25JUL23KCCHC-CHC,59,41,33,yes
1753280712566,1753280712,KXMLBGAME-25JUL23MILSEA-MIL,45,55,10,yes
1753280798064,1753280798,KXMLBGAME-25JUL23STLCOL-COL,38,62,12,yes
1753280822441,1753280822,KXMLBGAME-25JUL23NYYTOR-TOR,45,55,214,yes
1753280827050,1753280826,KXMLBGAME-25JUL23SDMIA-SD,58,42,26,yes
1753280854697,1753280853,KXMLBGAME-25JUL23SDMIA-SD,58,42,204,yes
1753280854697,1753280853,KXMLBGAME-25JUL23SDMIA-SD,58,42,1,yes
1753280854697,1753280853,KXMLBGAME-25JUL23SDMIA-SD,58,42,500,yes
1753280857968,1753280857,KXMLBGAME-25JUL23SDMIA-SD,59,41,32,yes
1753280868931,1753280868,KXMLBGAME-25JUL23SFATL-ATL,61,39,31,yes
1753280892475,1753280892,KXMLBGAME-25JUL23DETPIT-DET,55,45,35,yes
1753280897598,1753280897,KXMLBGAME-25JUL23LAANYM-LAA,39,61,12,yes
1753280908491,1753280908,KXMLBGAME-25JUL23KCCHC-KC,42,58,11,yes
1753280914602,1753280914,KXMLBGAME-25JUL23CINWSH-WSH,47,53,41,yes
1753280920793,1753280920,KXMLBGAME-25JUL23STLCOL-STL,63,37,15,yes
1753280926939,1753280926,KXMLBGAME-25JUL23CINWSH-CIN,55,45,1,yes
1753280944913,1753280944,KXMLBGAME-25JUL23NYYTOR-NYY,57,43,8,yes
1753280964778,1753280964,KXMLBGAME-25JUL23SFATL-SF,40,60,1199,yes
1753280983934,1753280983,KXMLBGAME-25JUL23MINLAD-LAD,66,34,699,yes
1753280984051,1753280983,KXMLBGAME-25JUL23MINLAD-MIN,34,66,71,no
1753280984052,1753280983,KXMLBGAME-25JUL23MINLAD-MIN,34,66,1028,no
1753280984052,1753280983,KXMLBGAME-25JUL23MINLAD-MIN,34,66,16,no
1753280990754,1753280990,KXMLBGAME-25JUL23HOUARI-HOU,47,53,102,yes
1753281026321,1753281026,KXMLBGAME-25JUL23LAANYM-NYM,62,38,157,yes
1753281033512,1753281033,KXMLBGAME-25JUL23STLCOL-COL,38,62,5,yes
1753281068932,1753281068,KXMLBGAME-25JUL23CINWSH-WSH,47,53,41,yes
1753281073732,1753281073,KXMLBGAME-25JUL23NYYTOR-NYY,57,43,85,yes
1753281102814,1753281102,KXMLBGAME-25JUL23SFATL-SF,41,59,175,yes
1753281118316,1753281118,KXMLBGAME-25JUL23LAANYM-LAA,39,61,19,yes
1753281150814,1753281150,KXMLBGAME-25JUL23KCCHC-CHC,59,41,90,yes
1753281209633,1753281209,KXMLBGAME-25JUL23KCCHC-CHC,59,41,32,yes
1753281209675,1753281209,KXMLBGAME-25JUL23SDMIA-MIA,43,57,11,yes
1753281216076,1753281216,KXMLBGAME-25JUL23SDMIA-SD,59,41,87,yes
1753281216076,1753281216,KXMLBGAME-25JUL23SDMIA-SD,59,41,43,yes
1753281217810,1753281217,KXMLBGAME-25JUL23MINLAD-LAD,66,34,73,yes
1753281221906,1753281221,KXMLBGAME-25JUL23SDMIA-SD,59,41,36,yes
1753281223950,1753281223,KXMLBGAME-25JUL23SFATL-ATL,60,40,50,no
1753281236589,1753281236,KXMLBGAME-25JUL23MILSEA-MIL,45,55,800,yes
1753281249451,1753281249,KXMLBGAME-25JUL23STLCOL-STL,63,37,77,yes
1753281317855,1753281317,KXMLBGAME-25JUL23SFATL-SF,41,59,4,yes
1753281345054,1753281344,KXMLBGAME-25JUL23CINWSH-CIN,55,45,82,yes
1753281361314,1753281361,KXMLBGAME-25JUL23SFATL-SF,41,59,44,yes
1753281372691,1753281372,KXMLBGAME-25JUL23DETPIT-PIT,45,55,40,yes
1753281377146,1753281377,KXMLBGAME-25JUL23SDMIA-SD,59,41,90,yes
1753281387388,1753281387,KXMLBGAME-25JUL23SDMIA-MIA,43,57,42,yes
1753281397733,1753281397,KXMLBGAME-25JUL23BOSPHI-BOS,43,57,42,yes
1753281408166,1753281407,KXMLBGAME-25JUL23HOUARI-ARI,53,47,27,yes
1753281409498,1753281409,KXMLBGAME-25JUL23STLCOL-COL,38,62,47,yes
1753281438310,1753281438,KXMLBGAME-25JUL23KCCHC-KC,42,58,43,yes
1753281446873,1753281446,KXMLBGAME-25JUL23MILSEA-MIL,46,54,39,yes
1753281459579,1753281459,KXMLBGAME-25JUL23LAANYM-LAA,39,61,46,yes
1753281470132,1753281470,KXMLBGAME-25JUL23CWSTB-CWS,35,65,51,yes
1753281470232,1753281470,KXMLBGAME-25JUL23DETPIT-DET,55,45,35,yes
1753281471246,1753281471,KXMLBGAME-25JUL23CWSTB-TB,65,35,10,no
1753281473602,1753281473,KXMLBGAME-25JUL23MINLAD-LAD,65,35,10,no
1753281475354,1753281475,KXMLBGAME-25JUL23CINWSH-CIN,55,45,128,yes
1753281493149,1753281493,KXMLBGAME-25JUL23STLCOL-STL,63,37,15,yes
1753281515954,1753281515,KXMLBGAME-25JUL23MINLAD-MIN,35,65,51,yes
1753281521092,1753281521,KXMLBGAME-25JUL23SFATL-SF,41,59,23,yes
1753281552554,1753281552,KXMLBGAME-25JUL23KCCHC-CHC,59,41,40,yes
1753281595534,1753281595,KXMLBGAME-25JUL23SDMIA-MIA,43,57,11,yes
1753281607333,1753281607,KXMLBGAME-25JUL23MILSEA-SEA,55,45,82,yes
1753281621371,1753281621,KXMLBGAME-25JUL23SDMIA-MIA,42,58,167,no
1753281634413,1753281634,KXMLBGAME-25JUL23NYYTOR-TOR,45,55,21,yes
1753281640212,1753281640,KXMLBGAME-25JUL23SFATL-ATL,59,41,234,no
1753281644535,1753281644,KXMLBGAME-25JUL23SDMIA-SD,58,42,56,yes
1753281661102,1753281661,KXMLBGAME-25JUL23KCCHC-CHC,59,41,57,yes
1753281671559,1753281671,KXMLBGAME-25JUL23CINWSH-WSH,46,54,20,yes
1753281683628,1753281683,KXMLBGAME-25JUL23SFATL-ATL,60,40,11,yes
1753281683815,1753281683,KXMLBGAME-25JUL23SDMIA-SD,58,42,131,yes
1753281691897,1753281691,KXMLBGAME-25JUL23DETPIT-PIT,45,55,214,yes
1753281697816,1753281697,KXMLBGAME-25JUL23SDMIA-SD,58,42,100,yes
1753281709432,1753281709,KXMLBGAME-25JUL23CINWSH-WSH,46,54,10,yes
1753281711255,1753281711,KXMLBGAME-25JUL23SFATL-SF,41,59,7,yes
1753281729992,1753281729,KXMLBGAME-25JUL23CINWSH-CIN,55,45,17,yes
1753281740754,1753281740,KXMLBGAME-25JUL23SDMIA-SD,58,42,16,yes
1753281742716,1753281742,KXMLBGAME-25JUL23BALCLE-BAL,47,53,10,yes
1753281749633,1753281749,KXMLBGAME-25JUL23SFATL-ATL,60,40,16,yes
1753281776508,1753281776,KXMLBGAME-25JUL23MINLAD-LAD,66,34,14,yes
1753281779413,1753281779,KXMLBGAME-25JUL23CINWSH-WSH,46,54,31,yes
1753281798831,1753281798,KXMLBGAME-25JUL23SDMIA-SD,58,42,33,yes
1753281799135,1753281799,KXMLBGAME-25JUL23CINWSH-WSH,46,54,20,yes
1753281800060,1753281799,KXMLBGAME-25JUL23DETPIT-DET,55,45,1,yes
1753281808192,1753281808,KXMLBGAME-25JUL23SFATL-SF,41,59,35,yes
1753281819312,1753281819,KXMLBGAME-25JUL23DETPIT-DET,55,45,35,yes
1753281821667,1753281821,KXMLBGAME-25JUL23LAANYM-NYM,61,39,246,no
1753281821974,1753281821,KXMLBGAME-25JUL23NYYTOR-NYY,57,43,1,yes
1753281828233,1753281828,KXMLBGAME-25JUL23LAANYM-NYM,62,38,31,yes
1753281829314,1753281829,KXMLBGAME-25JUL23SFATL-SF,41,59,119,yes
1753281832151,1753281832,KXMLBGAME-25JUL23DETPIT-DET,55,45,21,yes
1753281838870,1753281838,KXMLBGAME-25JUL23KCCHC-KC,42,58,34,yes
1753281844707,1753281844,KXMLBGAME-25JUL23CWSTB-TB,66,34,10,yes
1753281847574,1753281847,KXMLBGAME-25JUL23STLCOL-STL,63,37,30,yes
1753281855892,1753281855,KXMLBGAME-25JUL23STLCOL-COL,37,63,25,no
1753281856551,1753281856,KXMLBGAME-25JUL23MILSEA-MIL,46,54,31,yes
1753281865532,1753281865,KXMLBGAME-25JUL23HOUARI-HOU,47,53,41,yes
1753281867671,1753281867,KXMLBGAME-25JUL23DETPIT-DET,55,45,278,yes
1753281875510,1753281875,KXMLBGAME-25JUL23MINLAD-LAD,66,34,29,yes
1753281880809,1753281880,KXMLBGAME-25JUL23SDMIA-SD,58,42,41,yes
1753281888125,1753281888,KXMLBGAME-25JUL23BALCLE-BAL,47,53,30,yes
1753281895752,1753281895,KXMLBGAME-25JUL23CINWSH-CIN,55,45,17,yes
1753281896419,1753281896,KXMLBGAME-25JUL23BOSPHI-BOS,43,57,33,yes
1753281905737,1753281905,KXMLBGAME-25JUL23NYYTOR-TOR,45,55,32,yes
1753281910433,1753281910,KXMLBGAME-25JUL23BOSPHI-PHI,58,42,50,yes
1753281915392,1753281915,KXMLBGAME-25JUL23CWSTB-TB,66,34,29,yes
1753281931232,1753281931,KXMLBGAME-25JUL23ATHTEX-ATH,45,55,32,yes
1753281931555,1753281931,KXMLBGAME-25JUL23SFATL-SF,41,59,11,yes
1753281959191,1753281958,KXMLBGAME-25JUL23CINWSH-CIN,55,45,8,yes
1753281980973,1753281980,KXMLBGAME-25JUL23MILSEA-MIL,45,55,22,yes
1753281981617,1753281981,KXMLBGAME-25JUL23DETPIT-DET,56,44,173,yes
1753281982415,1753281982,KXMLBGAME-25JUL23CINWSH-CIN,55,45,12,yes
1753281983870,1753281983,KXMLBGAME-25JUL23CINWSH-CIN,55,45,35,yes
1753282003234,1753282003,KXMLBGAME-25JUL23SDMIA-SD,57,43,34,yes
1753282029438,1753282029,KXMLBGAME-25JUL23NYYTOR-NYY,57,43,5,yes
1753282030741,1753282030,KXMLBGAME-25JUL23SFATL-ATL,60,40,5,yes
1753282037323,1753282037,KXMLBGAME-25JUL23CWSTB-TB,66,34,147,yes
1753282037323,1753282037,KXMLBGAME-25JUL23SDMIA-SD,57,43,5,yes
1753282049809,1753282049,KXMLBGAME-25JUL23SDMIA-SD,57,43,51,yes
1753282059544,1753282059,KXMLBGAME-25JUL23STLCOL-STL,63,37,30,yes
1753282072306,1753282072,KXMLBGAME-25JUL23CINWSH-CIN,55,45,44,yes
1753282087593,1753282087,KXMLBGAME-25JUL23SDMIA-MIA,44,56,6,yes
1753282101835,1753282101,KXMLBGAME-25JUL23MINLAD-LAD,66,34,295,yes
1753282102218,1753282102,KXMLBGAME-25JUL23MINLAD-LAD,66,34,36,yes
1753282105853,1753282105,KXMLBGAME-25JUL23SDMIA-MIA,44,56,39,yes
1753282105853,1753282105,KXMLBGAME-25JUL23SDMIA-MIA,44,56,48,yes
1753282155613,1753282155,KXMLBGAME-25JUL23LAANYM-NYM,62,38,14,yes
1753282158155,1753282158,KXMLBGAME-25JUL23CINWSH-CIN,55,45,26,yes
1753282175996,1753282175,KXMLBGAME-25JUL23SDMIA-SD,58,42,25,yes
1753282177810,1753282177,KXMLBGAME-25JUL23CINWSH-CIN,55,45,103,yes
1753282179214,1753282179,KXMLBGAME-25JUL23CINWSH-CIN,55,45,70,yes
1753282195437,1753282195,KXMLBGAME-25JUL23SFATL-ATL,60,40,4,yes
1753282214476,1753282214,KXMLBGAME-25JUL23SFATL-SF,41,59,117,yes
1753282215934,1753282215,KXMLBGAME-25JUL23SDMIA-SD,58,42,8,yes
1753282243050,1753282242,KXMLBGAME-25JUL23CWSTB-CWS,35,65,54,yes
1753282250214,1753282250,KXMLBGAME-25JUL23LAANYM-NYM,62,38,15,yes
1753282257653,1753282257,KXMLBGAME-25JUL23CINWSH-WSH,46,54,104,yes
1753282257653,1753282257,KXMLBGAME-25JUL23CINWSH-WSH,46,54,10,yes
1753282257653,1753282257,KXMLBGAME-25JUL23CINWSH-WSH,47,53,19,yes
1753282258492,1753282258,KXMLBGAME-25JUL23BALCLE-BAL,47,53,41,yes
1753282263753,1753282263,KXMLBGAME-25JUL23HOUARI-HOU,47,53,205,yes
1753282268212,1753282268,KXMLBGAME-25JUL23MINLAD-LAD,66,34,2,yes
1753282273766,1753282273,KXMLBGAME-25JUL23CINWSH-CIN,55,45,79,yes
1753282273766,1753282273,KXMLBGAME-25JUL23CINWSH-CIN,55,45,62,yes
1753282277861,1753282277,KXMLBGAME-25JUL23SDMIA-SD,58,42,1674,yes
1753282278913,1753282278,KXMLBGAME-25JUL23DETPIT-PIT,45,55,42,yes
1753282296195,1753282296,KXMLBGAME-25JUL23SFATL-SF,41,59,46,yes
1753282303752,1753282303,KXMLBGAME-25JUL23LAANYM-NYM,62,38,9,yes
1753282319027,1753282318,KXMLBGAME-25JUL23CINWSH-WSH,46,54,41,yes
1753282321311,1753282321,KXMLBGAME-25JUL23DETPIT-DET,56,44,1385,yes
1753282323840,1753282323,KXMLBGAME-25JUL23CINWSH-WSH,46,54,20,yes
1753282347695,1753282347,KXMLBGAME-25JUL23DETPIT-DET,56,44,25,yes
1753282358758,1753282358,KXMLBGAME-25JUL23CINWSH-CIN,55,45,141,yes
1753282362240,1753282362,KXMLBGAME-25JUL23SFATL-SF,41,59,7,yes
1753282363564,1753282363,KXMLBGAME-25JUL23MILSEA-MIL,45,55,42,yes
1753282384973,1753282384,KXMLBGAME-25JUL23SDMIA-MIA,43,57,44,yes
1753282386806,1753282386,KXMLBGAME-25JUL23DETPIT-DET,56,44,34,yes
1753282395677,1753282395,KXMLBGAME-25JUL23CINWSH-WSH,46,54,104,yes
1753282403815,1753282403,KXMLBGAME-25JUL23MILSEA-MIL,45,55,42,yes
1753282408935,1753282408,KXMLBGAME-25JUL23CINWSH-WSH,46,54,41,yes
1753282462900,1753282462,KXMLBGAME-25JUL23STLCOL-STL,63,37,15,yes
1753282484916,1753282484,KXMLBGAME-25JUL23ATHTEX-TEX,57,43,18,yes
1753282486592,1753282486,KXMLBGAME-25JUL23NYYTOR-TOR,45,55,2,yes
1753282501601,1753282501,KXMLBGAME-25JUL23SDMIA-SD,58,42,75,yes
1753282501601,1753282501,KXMLBGAME-25JUL23SDMIA-SD,58,42,87,yes
1753282501601,1753282501,KXMLBGAME-25JUL23SDMIA-SD,58,42,11,yes
1753282501601,1753282501,KXMLBGAME-25JUL23SDMIA-SD,58,42,6,yes
1753282501601,1753282501,KXMLBGAME-25JUL23SDMIA-SD,58,42,39,yes
1753282501601,1753282501,KXMLBGAME-25JUL23SDMIA-SD,58,42,48,yes
1753282501601,1753282501,KXMLBGAME-25JUL23SDMIA-SD,58,42,256,yes
1753282533374,1753282533,KXMLBGAME-25JUL23BOSPHI-PHI,58,42,16,yes
1753282533612,1753282533,KXMLBGAME-25JUL23BOSPHI-PHI,58,42,1,yes
1753282559976,1753282559,KXMLBGAME-25JUL23DETPIT-PIT,45,55,2700,yes
1753282577194,1753282577,KXMLBGAME-25JUL23DETPIT-DET,55,45,72,yes
1753282586292,1753282586,KXMLBGAME-25JUL23LAANYM-NYM,62,38,1060,yes
1753282587412,1753282587,KXMLBGAME-25JUL23DETPIT-PIT,45,55,25,yes
1753282587412,1753282587,KXMLBGAME-25JUL23DETPIT-PIT,45,55,3,yes
1753282587412,1753282587,KXMLBGAME-25JUL23DETPIT-PIT,45,55,42,yes
1753282612100,1753282611,KXMLBGAME-25JUL23NYYTOR-TOR,45,55,300,yes
1753282616992,1753282616,KXMLBGAME-25JUL23CINWSH-CIN,55,45,10,yes
1753282620495,1753282620,KXMLBGAME-25JUL23CINWSH-WSH,46,54,20,yes
1753282624530,1753282624,KXMLBGAME-25JUL23DETPIT-DET,55,45,5,yes
1753282637331,1753282636,KXMLBGAME-25JUL23KCCHC-CHC,58,42,238,yes
1753282638005,1753282637,KXMLBGAME-25JUL23KCCHC-CHC,60,40,27,yes
1753282638005,1753282637,KXMLBGAME-25JUL23KCCHC-CHC,60,40,1165,yes
1753282638005,1753282637,KXMLBGAME-25JUL23KCCHC-CHC,60,40,1918,yes
1753282687413,1753282687,KXMLBGAME-25JUL23DETPIT-PIT,45,55,2,yes
1753282687413,1753282687,KXMLBGAME-25JUL23DETPIT-PIT,45,55,218,yes
1753282695171,1753282695,KXMLBGAME-25JUL23KCCHC-CHC,60,40,5000,yes
1753282710505,1753282710,KXMLBGAME-25JUL23STLCOL-STL,63,37,1,yes
1753282713477,1753282713,KXMLBGAME-25JUL23DETPIT-DET,55,45,88,yes
1753282721359,1753282721,KXMLBGAME-25JUL23DETPIT-DET,55,45,88,yes
1753282746071,1753282746,KXMLBGAME-25JUL23KCCHC-KC,39,61,27,yes
1753282750031,1753282749,KXMLBGAME-25JUL23MILSEA-MIL,46,54,41,yes
1753282754639,1753282754,KXMLBGAME-25JUL23DETPIT-PIT,46,54,390,yes
1753282754639,1753282754,KXMLBGAME-25JUL23DETPIT-PIT,46,54,66,yes
1753282754639,1753282754,KXMLBGAME-25JUL23DETPIT-PIT,46,54,3272,yes
1753282754639,1753282754,KXMLBGAME-25JUL23DETPIT-PIT,46,54,1302,yes
1753282754640,1753282754,KXMLBGAME-25JUL23DETPIT-PIT,46,54,3000,yes
1753282754640,1753282754,KXMLBGAME-25JUL23DETPIT-PIT,46,54,72,yes
1753282754640,1753282754,KXMLBGAME-25JUL23DETPIT-PIT,46,54,5,yes
1753282754640,1753282754,KXMLBGAME-25JUL23DETPIT-PIT,46,54,500,yes
1753282754640,1753282754,KXMLBGAME-25JUL23DETPIT-PIT,46,54,4780,yes
1753282754640,1753282754,KXMLBGAME-25JUL23DETPIT-PIT,46,54,88,yes
1753282754640,1753282754,KXMLBGAME-25JUL23DETPIT-PIT,46,54,24,yes
1753282754640,1753282754,KXMLBGAME-25JUL23DETPIT-PIT,46,54,88,yes
1753282754640,1753282754,KXMLBGAME-25JUL23DETPIT-PIT,46,54,3963,yes
1753282754951,1753282754,KXMLBGAME-25JUL23DETPIT-PIT,45,55,2,no
1753282755211,1753282755,KXMLBGAME-25JUL23KCCHC-CHC,60,40,468,yes
1753282765312,1753282765,KXMLBGAME-25JUL23MILSEA-MIL,46,54,23,yes
1753282770132,1753282770,KXMLBGAME-25JUL23ATHTEX-TEX,57,43,21,yes
1753282804918,1753282804,KXMLBGAME-25JUL23KCCHC-CHC,60,40,281,yes
1753282817815,1753282817,KXMLBGAME-25JUL23DETPIT-PIT,46,54,3,yes
1753282825575,1753282825,KXMLBGAME-25JUL23SDMIA-SD,58,42,92,yes
1753282829692,1753282829,KXMLBGAME-25JUL23SFATL-SF,41,59,172,yes
1753282829692,1753282829,KXMLBGAME-25JUL23SFATL-SF,41,59,87,yes
1753282855094,1753282854,KXMLBGAME-25JUL23CINWSH-CIN,55,45,10,yes
1753282891114,1753282891,KXMLBGAME-25JUL23SDMIA-SD,58,42,65,yes
1753282891114,1753282891,KXMLBGAME-25JUL23SDMIA-SD,58,42,18,yes
1753282902233,1753282902,KXMLBGAME-25JUL23SFATL-ATL,60,40,81,yes
1753282905373,1753282905,KXMLBGAME-25JUL23MILSEA-MIL,46,54,4,yes
1753282913463,1753282913,KXMLBGAME-25JUL23SDMIA-SD,58,42,83,yes
1753282914691,1753282914,KXMLBGAME-25JUL23CINWSH-CIN,55,45,308,yes
1753282917219,1753282917,KXMLBGAME-25JUL23LAANYM-LAA,39,61,122,yes
1753282930666,1753282930,KXMLBGAME-25JUL23KCCHC-CHC,60,40,81,yes
1753282942749,1753282942,KXMLBGAME-25JUL23SFATL-ATL,60,40,81,yes
1753282959646,1753282959,KXMLBGAME-25JUL23SDMIA-MIA,43,57,167,yes
1753282975155,1753282975,KXMLBGAME-25JUL23MILSEA-MIL,46,54,62,yes
1753282987072,1753282987,KXMLBGAME-25JUL23CINWSH-WSH,46,54,10,yes
1753283001828,1753283001,KXMLBGAME-25JUL23CINWSH-CIN,55,45,8,yes
1753283007234,1753283007,KXMLBGAME-25JUL23SDMIA-MIA,43,57,11,yes
1753283040529,1753283040,KXMLBGAME-25JUL23CINWSH-CIN,55,45,125,yes
1753283076177,1753283076,KXMLBGAME-25JUL23CINWSH-CIN,55,45,86,yes
1753283105157,1753283105,KXMLBGAME-25JUL23DETPIT-DET,55,45,176,yes
1753283109656,1753283109,KXMLBGAME-25JUL23LAANYM-NYM,62,38,47,yes
1753283129153,1753283129,KXMLBGAME-25JUL23NYYTOR-NYY,57,43,112,yes
1753283151851,1753283151,KXMLBGAME-25JUL23KCCHC-CHC,61,39,47,yes
1753283172420,1753283172,KXMLBGAME-25JUL23SDMIA-SD,58,42,33,yes
1753283189391,1753283189,KXMLBGAME-25JUL23DETPIT-PIT,46,54,2,yes
1753283193124,1753283192,KXMLBGAME-25JUL23BOSPHI-BOS,43,57,21,yes
1753283208678,1753283208,KXMLBGAME-25JUL23SDMIA-SD,58,42,16,yes
1753283235913,1753283235,KXMLBGAME-25JUL23SDMIA-SD,58,42,50,yes
1753283235913,1753283235,KXMLBGAME-25JUL23DETPIT-PIT,46,54,75,yes
1753283240911,1753283240,KXMLBGAME-25JUL23KCCHC-CHC,61,39,255,no
1753283250812,1753283250,KXMLBGAME-25JUL23SDMIA-MIA,43,57,447,yes
1753283253945,1753283253,KXMLBGAME-25JUL23CINWSH-WSH,46,54,58,yes
1753283261314,1753283261,KXMLBGAME-25JUL23MILSEA-MIL,46,54,10,yes
1753283290143,1753283290,KXMLBGAME-25JUL23CINWSH-WSH,46,54,102,yes
1753283294086,1753283293,KXMLBGAME-25JUL23BOSPHI-BOS,43,57,11,yes
1753283298332,1753283297,KXMLBGAME-25JUL23HOUARI-ARI,53,47,129,yes
1753283298332,1753283297,KXMLBGAME-25JUL23HOUARI-ARI,54,46,759,yes
1753283298694,1753283298,KXMLBGAME-25JUL23SFATL-SF,41,59,22,yes
1753283298694,1753283298,KXMLBGAME-25JUL23MINLAD-MIN,35,65,13,yes
1753283313235,1753283313,KXMLBGAME-25JUL23CINWSH-CIN,55,45,44,yes
1753283314976,1753283314,KXMLBGAME-25JUL23BALCLE-CLE,54,46,10,yes
1753283331763,1753283331,KXMLBGAME-25JUL23DETPIT-DET,55,45,44,yes
1753283334432,1753283334,KXMLBGAME-25JUL23CINWSH-CIN,55,45,1,yes
1753283358411,1753283358,KXMLBGAME-25JUL23NYYTOR-TOR,44,56,202,no
1753283363514,1753283363,KXMLBGAME-25JUL23MILSEA-MIL,46,54,52,yes
1753283364435,1753283364,KXMLBGAME-25JUL23SFATL-ATL,60,40,703,yes
1753283364435,1753283364,KXMLBGAME-25JUL23SFATL-ATL,60,40,302,yes
1753283371700,1753283371,KXMLBGAME-25JUL23CWSTB-CWS,35,65,5,yes
1753283381126,1753283380,KXMLBGAME-25JUL23LAANYM-NYM,62,38,109,yes
1753283381235,1753283381,KXMLBGAME-25JUL23SDMIA-SD,58,42,41,yes
1753283389728,1753283389,KXMLBGAME-25JUL23NYYTOR-NYY,57,43,17,yes
1753283411133,1753283411,KXMLBGAME-25JUL23DETPIT-PIT,46,54,146,yes
1753283411674,1753283411,KXMLBGAME-25JUL23MILSEA-MIL,46,54,52,yes
1753283419335,1753283419,KXMLBGAME-25JUL23SFATL-SF,41,59,4,yes
1753283420811,1753283420,KXMLBGAME-25JUL23HOUARI-ARI,54,46,21,yes
1753283427532,1753283427,KXMLBGAME-25JUL23KCCHC-KC,39,61,5,yes
1753283430587,1753283430,KXMLBGAME-25JUL23SDMIA-SD,58,42,41,yes
1753283437616,1753283437,KXMLBGAME-25JUL23MINLAD-MIN,34,66,140,yes
1753283467134,1753283467,KXMLBGAME-25JUL23CINWSH-WSH,46,54,73,yes
1753283469089,1753283468,KXMLBGAME-25JUL23CINWSH-WSH,46,54,5,yes
1753283471133,1753283471,KXMLBGAME-25JUL23SFATL-SF,41,59,49,yes
1753283479412,1753283479,KXMLBGAME-25JUL23ATHTEX-TEX,57,43,182,yes
1753283488394,1753283488,KXMLBGAME-25JUL23SFATL-SF,41,59,100,yes
1753283497593,1753283497,KXMLBGAME-25JUL23CINWSH-WSH,46,54,104,yes
1753283501959,1753283501,KXMLBGAME-25JUL23SFATL-SF,41,59,46,yes
1753283507694,1753283507,KXMLBGAME-25JUL23HOUARI-ARI,54,46,89,yes
1753283515373,1753283515,KXMLBGAME-25JUL23HOUARI-HOU,47,53,100,yes
1753283522232,1753283522,KXMLBGAME-25JUL23MILSEA-MIL,46,54,912,yes
1753283522232,1753283522,KXMLBGAME-25JUL23MILSEA-MIL,46,54,13,yes
1753283522232,1753283522,KXMLBGAME-25JUL23MILSEA-MIL,46,54,87,yes
1753283522232,1753283522,KXMLBGAME-25JUL23MILSEA-MIL,46,54,8,yes
1753283522232,1753283522,KXMLBGAME-25JUL23MILSEA-MIL,46,54,27,yes
1753283528516,1753283528,KXMLBGAME-25JUL23CINWSH-CIN,55,45,705,yes
1753283528714,1753283528,KXMLBGAME-25JUL23DETPIT-DET,55,45,2,yes
1753283532812,1753283532,KXMLBGAME-25JUL23BALCLE-BAL,47,53,100,yes
1753283534318,1753283534,KXMLBGAME-25JUL23DETPIT-PIT,46,54,20,yes
1753283550395,1753283550,KXMLBGAME-25JUL23SFATL-ATL,60,40,16,yes
1753283568232,1753283568,KXMLBGAME-25JUL23HOUARI-HOU,47,53,106,yes
1753283573839,1753283573,KXMLBGAME-25JUL23HOUARI-HOU,47,53,71,yes
1753283577832,1753283577,KXMLBGAME-25JUL23MINLAD-LAD,66,34,168,yes
1753283579431,1753283579,KXMLBGAME-25JUL23SFATL-ATL,60,40,233,yes
1753283588688,1753283588,KXMLBGAME-25JUL23SDMIA-SD,58,42,17,yes
1753283598632,1753283598,KXMLBGAME-25JUL23MINLAD-MIN,34,66,100,yes
1753283607615,1753283607,KXMLBGAME-25JUL23LAANYM-NYM,62,38,61,yes
1753283610295,1753283610,KXMLBGAME-25JUL23SDMIA-MIA,43,57,107,yes
1753283615834,1753283615,KXMLBGAME-25JUL23SDMIA-SD,58,42,11,yes
1753283635420,1753283635,KXMLBGAME-25JUL23DETPIT-DET,55,45,176,yes
1753283637532,1753283637,KXMLBGAME-25JUL23MINLAD-LAD,66,34,2,yes
1753283640405,1753283640,KXMLBGAME-25JUL23SDMIA-MIA,43,57,2,yes
1753283646154,1753283646,KXMLBGAME-25JUL23CINWSH-CIN,55,45,18,yes
1753283655561,1753283655,KXMLBGAME-25JUL23CINWSH-WSH,46,54,2,yes
1753283671057,1753283670,KXMLBGAME-25JUL23BOSPHI-BOS,43,57,2,yes
1753283677232,1753283677,KXMLBGAME-25JUL23NYYTOR-TOR,45,55,2,yes
1753283685052,1753283684,KXMLBGAME-25JUL23CINWSH-WSH,46,54,102,yes
1753283692732,1753283692,KXMLBGAME-25JUL23SFATL-ATL,60,40,17,yes
1753283700715,1753283700,KXMLBGAME-25JUL23DETPIT-DET,55,45,12,yes
1753283701948,1753283701,KXMLBGAME-25JUL23ATHTEX-ATH,45,55,2,yes
1753283707984,1753283707,KXMLBGAME-25JUL23CINWSH-CIN,55,45,2,yes
1753283713826,1753283713,KXMLBGAME-25JUL23SDMIA-SD,58,42,418,yes
1753283718812,1753283718,KXMLBGAME-25JUL23MINLAD-LAD,66,34,61,yes
1753283746372,1753283746,KXMLBGAME-25JUL23CINWSH-WSH,46,54,16,yes
1753283750851,1753283750,KXMLBGAME-25JUL23SFATL-ATL,60,40,121,yes
1753283754275,1753283754,KXMLBGAME-25JUL23CINWSH-CIN,55,45,110,yes
1753283755752,1753283755,KXMLBGAME-25JUL23SDMIA-MIA,43,57,22,yes
1753283768918,1753283768,KXMLBGAME-25JUL23LAANYM-NYM,62,38,15,yes
1753283778813,1753283778,KXMLBGAME-25JUL23MINLAD-LAD,66,34,332,yes
1753283780750,1753283780,KXMLBGAME-25JUL23STLCOL-STL,64,36,19,yes
1753283792470,1753283792,KXMLBGAME-25JUL23MILSEA-SEA,55,45,44,yes
1753283793832,1753283793,KXMLBGAME-25JUL23DETPIT-DET,55,45,88,yes
1753283812848,1753283812,KXMLBGAME-25JUL23NYYTOR-NYY,57,43,17,yes
1753283815415,1753283815,KXMLBGAME-25JUL23CINWSH-CIN,55,45,352,yes
1753283824773,1753283824,KXMLBGAME-25JUL23CWSTB-TB,66,34,17,yes
1753283836807,1753283836,KXMLBGAME-25JUL23ATHTEX-ATH,45,55,27,yes
1753283855931,1753283855,KXMLBGAME-25JUL23DETPIT-DET,55,45,10,yes
1753283865974,1753283865,KXMLBGAME-25JUL23NYYTOR-NYY,57,43,22,yes
1753283873769,1753283873,KXMLBGAME-25JUL23NYYTOR-NYY,57,43,10,yes
1753283878692,1753283878,KXMLBGAME-25JUL23SDMIA-SD,58,42,48,yes
1753283884016,1753283883,KXMLBGAME-25JUL23STLCOL-STL,64,36,5,yes
1753283895819,1753283895,KXMLBGAME-25JUL23MINLAD-LAD,66,34,14,yes
1753283906647,1753283906,KXMLBGAME-25JUL23CINWSH-CIN,55,45,108,yes
1753283939722,1753283939,KXMLBGAME-25JUL23LAANYM-NYM,62,38,345,yes
1753283940234,1753283940,KXMLBGAME-25JUL23CINWSH-WSH,46,54,14,yes
1753283946890,1753283946,KXMLBGAME-25JUL23CINWSH-WSH,46,54,60,yes
1753283967634,1753283967,KXMLBGAME-25JUL23LAANYM-NYM,62,38,15,yes
1753283978944,1753283978,KXMLBGAME-25JUL23CINWSH-CIN,55,45,10,yes
1753283978944,1753283978,KXMLBGAME-25JUL23CINWSH-CIN,55,45,125,yes
1753284029073,1753284029,KXMLBGAME-25JUL23KCCHC-CHC,62,38,54,yes
1753284034395,1753284034,KXMLBGAME-25JUL23CINWSH-CIN,55,45,17,yes
1753284039051,1753284038,KXMLBGAME-25JUL23CINWSH-WSH,46,54,4,yes
1753284062193,1753284061,KXMLBGAME-25JUL23SFATL-ATL,60,40,16,yes
1753284068731,1753284068,KXMLBGAME-25JUL23CINWSH-WSH,46,54,4,yes
1753284073335,1753284073,KXMLBGAME-25JUL23SDMIA-SD,58,42,16,yes
1753284084472,1753284084,KXMLBGAME-25JUL23SDMIA-SD,58,42,58,yes
1753284089738,1753284089,KXMLBGAME-25JUL23DETPIT-DET,55,45,7,yes
1753284096177,1753284096,KXMLBGAME-25JUL23ATHTEX-TEX,57,43,17,yes
1753284098955,1753284098,KXMLBGAME-25JUL23STLCOL-STL,64,36,22,yes
1753284124392,1753284124,KXMLBGAME-25JUL23NYYTOR-TOR,45,55,21,yes
1753284136533,1753284136,KXMLBGAME-25JUL23SFATL-ATL,60,40,16,yes
1753284148435,1753284148,KXMLBGAME-25JUL23CINWSH-CIN,55,45,44,yes
1753284182514,1753284182,KXMLBGAME-25JUL23DETPIT-DET,55,45,19,yes
1753284182514,1753284182,KXMLBGAME-25JUL23DETPIT-DET,56,44,661,yes
1753284199415,1753284199,KXMLBGAME-25JUL23CINWSH-WSH,46,54,52,yes
1753284207734,1753284207,KXMLBGAME-25JUL23SFATL-SF,41,59,468,yes
1753284219276,1753284218,KXMLBGAME-25JUL23SFATL-ATL,60,40,486,yes
1753284224396,1753284224,KXMLBGAME-25JUL23MINLAD-LAD,66,34,31,yes
1753284254297,1753284254,KXMLBGAME-25JUL23NYYTOR-NYY,57,43,42,yes
1753284261293,1753284261,KXMLBGAME-25JUL23CWSTB-TB,66,34,17,yes
1753284261652,1753284261,KXMLBGAME-25JUL23CINWSH-CIN,55,45,8,yes
1753284297273,1753284297,KXMLBGAME-25JUL23CINWSH-CIN,54,46,1500,no
1753284297273,1753284297,KXMLBGAME-25JUL23CINWSH-CIN,54,46,10,no
1753284297273,1753284297,KXMLBGAME-25JUL23CINWSH-CIN,54,46,112,no
1753284305810,1753284305,KXMLBGAME-25JUL23SFATL-ATL,60,40,704,yes
1753284314816,1753284314,KXMLBGAME-25JUL23MILSEA-MIL,46,54,104,yes
1753284325292,1753284325,KXMLBGAME-25JUL23SFATL-ATL,60,40,33,yes
1753284369275,1753284369,KXMLBGAME-25JUL23CINWSH-CIN,55,45,45,yes
1753284376768,1753284376,KXMLBGAME-25JUL23SFATL-ATL,60,40,40,yes
1753284380655,1753284380,KXMLBGAME-25JUL23DETPIT-DET,55,45,11,yes
1753284386033,1753284385,KXMLBGAME-25JUL23CWSTB-CWS,35,65,27,yes
1753284389057,1753284388,KXMLBGAME-25JUL23DETPIT-DET,55,45,8,yes
1753284389057,1753284388,KXMLBGAME-25JUL23DETPIT-DET,56,44,35,yes
1753284392749,1753284392,KXMLBGAME-25JUL23MINLAD-LAD,66,34,29,yes
1753284412292,1753284412,KXMLBGAME-25JUL23CINWSH-CIN,55,45,26,yes
1753284414862,1753284414,KXMLBGAME-25JUL23CINWSH-CIN,55,45,8,yes
1753284425377,1753284425,KXMLBGAME-25JUL23SDMIA-SD,58,42,8,yes
1753284427866,1753284427,KXMLBGAME-25JUL23CINWSH-WSH,45,55,25,no
1753284427866,1753284427,KXMLBGAME-25JUL23CINWSH-WSH,45,55,10,no
1753284427866,1753284427,KXMLBGAME-25JUL23CINWSH-WSH,45,55,25,no
1753284435136,1753284435,KXMLBGAME-25JUL23CINWSH-CIN,55,45,176,yes
1753284436034,1753284435,KXMLBGAME-25JUL23SFATL-ATL,60,40,8,yes
1753284449592,1753284449,KXMLBGAME-25JUL23BALCLE-CLE,55,45,193,yes
1753284466354,1753284466,KXMLBGAME-25JUL23SFATL-SF,41,59,35,yes
1753284509684,1753284509,KXMLBGAME-25JUL23CINWSH-WSH,46,54,104,yes
1753284512961,1753284512,KXMLBGAME-25JUL23KCCHC-CHC,62,38,139,yes
1753284518273,1753284518,KXMLBGAME-25JUL23CINWSH-CIN,55,45,17,yes
1753284525454,1753284525,KXMLBGAME-25JUL23SDMIA-MIA,43,57,111,yes
1753284530370,1753284530,KXMLBGAME-25JUL23CINWSH-CIN,55,45,1,yes
1753284543132,1753284543,KXMLBGAME-25JUL23MINLAD-LAD,66,34,5,yes
1753284546492,1753284546,KXMLBGAME-25JUL23DETPIT-DET,55,45,253,yes
1753284548192,1753284548,KXMLBGAME-25JUL23SDMIA-SD,58,42,25,yes
1753284550494,1753284550,KXMLBGAME-25JUL23KCCHC-CHC,62,38,260,yes
1753284552077,1753284551,KXMLBGAME-25JUL23CINWSH-CIN,55,45,17,yes
1753284570810,1753284570,KXMLBGAME-25JUL23KCCHC-KC,39,61,103,yes
1753284571739,1753284571,KXMLBGAME-25JUL23CINWSH-WSH,46,54,510,yes
1753284572832,1753284572,KXMLBGAME-25JUL23SFATL-ATL,60,40,19,yes
1753284583823,1753284583,KXMLBGAME-25JUL23CINWSH-CIN,55,45,156,yes
1753284583823,1753284583,KXMLBGAME-25JUL23CINWSH-CIN,56,44,15,yes
1753284584011,1753284583,KXMLBGAME-25JUL23DETPIT-DET,56,44,156,yes
1753284594874,1753284594,KXMLBGAME-25JUL23DETPIT-DET,56,44,51,yes
1753284615752,1753284615,KXMLBGAME-25JUL23MILSEA-SEA,55,45,116,yes
1753284622165,1753284622,KXMLBGAME-25JUL23MINLAD-LAD,66,34,44,yes
1753284630210,1753284630,KXMLBGAME-25JUL23MILSEA-MIL,46,54,42,yes
1753284633589,1753284633,KXMLBGAME-25JUL23SFATL-ATL,60,40,1374,yes
1753284634512,1753284634,KXMLBGAME-25JUL23DETPIT-DET,55,45,28,yes
1753284644136,1753284644,KXMLBGAME-25JUL23SFATL-ATL,60,40,4,yes
1753284645365,1753284645,KXMLBGAME-25JUL23DETPIT-DET,55,45,8,yes
1753284650383,1753284650,KXMLBGAME-25JUL23KCCHC-CHC,62,38,31,yes
1753284653967,1753284653,KXMLBGAME-25JUL23LAANYM-NYM,62,38,7,yes
1753284666154,1753284666,KXMLBGAME-25JUL23MINLAD-LAD,66,34,73,yes
1753284668450,1753284668,KXMLBGAME-25JUL23SFATL-SF,41,59,234,yes
1753284675615,1753284675,KXMLBGAME-25JUL23CINWSH-CIN,56,44,350,yes
1753284683271,1753284683,KXMLBGAME-25JUL23LAANYM-NYM,62,38,79,yes
1753284685755,1753284685,KXMLBGAME-25JUL23HOUARI-HOU,47,53,41,yes
1753284689197,1753284689,KXMLBGAME-25JUL23CINWSH-CIN,56,44,1,yes
1753284699331,1753284699,KXMLBGAME-25JUL23SFATL-SF,41,59,5,yes
1753284699472,1753284699,KXMLBGAME-25JUL23DETPIT-PIT,46,54,201,yes
1753284710213,1753284710,KXMLBGAME-25JUL23SDMIA-SD,58,42,1,yes
1753284721961,1753284721,KXMLBGAME-25JUL23SDMIA-SD,58,42,13,yes
1753284729334,1753284729,KXMLBGAME-25JUL23DETPIT-DET,55,45,345,yes
1753284733131,1753284733,KXMLBGAME-25JUL23HOUARI-HOU,47,53,27,yes
1753284733410,1753284733,KXMLBGAME-25JUL23NYYTOR-TOR,45,55,10,yes
1753284733834,1753284733,KXMLBGAME-25JUL23CINWSH-WSH,46,54,20,yes
1753284740292,1753284740,KXMLBGAME-25JUL23HOUARI-HOU,47,53,82,yes
1753284743173,1753284743,KXMLBGAME-25JUL23SFATL-ATL,60,40,14,yes
1753284747952,1753284747,KXMLBGAME-25JUL23CINWSH-CIN,56,44,34,yes
1753284748950,1753284748,KXMLBGAME-25JUL23SFATL-ATL,60,40,11,yes
1753284755241,1753284755,KXMLBGAME-25JUL23SFATL-SF,41,59,2,yes
1753284758723,1753284758,KXMLBGAME-25JUL23CINWSH-CIN,56,44,16,yes
1753284760566,1753284760,KXMLBGAME-25JUL23SDMIA-MIA,43,57,44,yes
1753284768144,1753284768,KXMLBGAME-25JUL23CINWSH-CIN,56,44,584,yes
1753284768144,1753284768,KXMLBGAME-25JUL23CINWSH-CIN,56,44,1706,yes
1753284768455,1753284768,KXMLBGAME-25JUL23DETPIT-DET,55,45,1,yes
1753284773366,1753284773,KXMLBGAME-25JUL23MILSEA-MIL,46,54,10,yes
1753284775211,1753284775,KXMLBGAME-25JUL23SDMIA-SD,58,42,83,yes
1753284775503,1753284775,KXMLBGAME-25JUL23DETPIT-DET,55,45,15,yes
1753284778794,1753284778,KXMLBGAME-25JUL23SFATL-ATL,60,40,486,yes
1753284786474,1753284786,KXMLBGAME-25JUL23KCCHC-CHC,62,38,300,yes
1753284795051,1753284795,KXMLBGAME-25JUL23SDMIA-SD,58,42,2679,yes
1753284802574,1753284802,KXMLBGAME-25JUL23LAANYM-NYM,62,38,369,yes
1753284804804,1753284804,KXMLBGAME-25JUL23LAANYM-LAA,38,62,87,yes
1753284804804,1753284804,KXMLBGAME-25JUL23LAANYM-LAA,39,61,99,yes
1753284820932,1753284820,KXMLBGAME-25JUL23BALCLE-BAL,46,54,10,yes
1753284824568,1753284824,KXMLBGAME-25JUL23CINWSH-WSH,46,54,185,yes
1753284831572,1753284831,KXMLBGAME-25JUL23CINWSH-WSH,46,54,10,yes
1753284833578,1753284833,KXMLBGAME-25JUL23MINLAD-LAD,66,34,16,yes
1753284846175,1753284846,KXMLBGAME-25JUL23MINLAD-LAD,66,34,50,yes
1753284848733,1753284848,KXMLBGAME-25JUL23HOUARI-HOU,47,53,102,yes
1753284865015,1753284864,KXMLBGAME-25JUL23ATHTEX-ATH,45,55,10,yes
1753284867269,1753284867,KXMLBGAME-25JUL23LAANYM-NYM,62,38,157,yes
1753284873209,1753284873,KXMLBGAME-25JUL23ATHTEX-TEX,57,43,51,yes
1753284891574,1753284891,KXMLBGAME-25JUL23SDMIA-SD,58,42,87,yes
1753284891755,1753284891,KXMLBGAME-25JUL23ATHTEX-TEX,57,43,8,yes
1753284918059,1753284917,KXMLBGAME-25JUL23DETPIT-DET,56,44,75,yes
1753284927612,1753284927,KXMLBGAME-25JUL23SFATL-SF,41,59,7,yes
1753284935972,1753284935,KXMLBGAME-25JUL23CINWSH-WSH,46,54,10,yes
1753284942421,1753284942,KXMLBGAME-25JUL23CINWSH-CIN,56,44,25,yes
1753284956254,1753284956,KXMLBGAME-25JUL23STLCOL-STL,64,36,218,yes
1753284962603,1753284962,KXMLBGAME-25JUL23SDMIA-SD,58,42,41,yes
1753284975955,1753284975,KXMLBGAME-25JUL23LAANYM-LAA,39,61,2,yes
1753284979089,1753284978,KXMLBGAME-25JUL23DETPIT-DET,56,44,43,yes
1753284995811,1753284995,KXMLBGAME-25JUL23LAANYM-LAA,39,61,2,yes
1753285004178,1753285004,KXMLBGAME-25JUL23SDMIA-SD,58,42,43,yes
1753285007853,1753285007,KXMLBGAME-25JUL23KCCHC-KC,39,61,2,yes
1753285009912,1753285009,KXMLBGAME-25JUL23SFATL-ATL,60,40,1538,yes
1753285009912,1753285009,KXMLBGAME-25JUL23SFATL-ATL,60,40,50,yes
1753285014252,1753285014,KXMLBGAME-25JUL23SDMIA-SD,58,42,33,yes
1753285020254,1753285020,KXMLBGAME-25JUL23STLCOL-STL,63,37,1,yes
1753285025831,1753285025,KXMLBGAME-25JUL23NYYTOR-TOR,45,55,32,yes
1753285032512,1753285032,KXMLBGAME-25JUL23MILSEA-MIL,46,54,2,yes
1753285033464,1753285033,KXMLBGAME-25JUL23CINWSH-WSH,46,54,62,yes
1753285036354,1753285036,KXMLBGAME-25JUL23DETPIT-DET,56,44,44,yes
1753285045356,1753285045,KXMLBGAME-25JUL23HOUARI-HOU,47,53,2,yes
1753285046880,1753285046,KXMLBGAME-25JUL23DETPIT-DET,56,44,3,yes
1753285049740,1753285049,KXMLBGAME-25JUL23DETPIT-DET,56,44,25,yes
1753285057412,1753285057,KXMLBGAME-25JUL23MINLAD-MIN,34,66,2,yes
1753285062511,1753285062,KXMLBGAME-25JUL23DETPIT-DET,56,44,8,yes
1753285069433,1753285069,KXMLBGAME-25JUL23BALCLE-BAL,46,54,2,yes
1753285070328,1753285070,KXMLBGAME-25JUL23KCCHC-CHC,62,38,3,yes
1753285079515,1753285079,KXMLBGAME-25JUL23BOSPHI-BOS,43,57,33,yes
1753285091374,1753285091,KXMLBGAME-25JUL23STLCOL-COL,37,63,11,yes
1753285092913,1753285092,KXMLBGAME-25JUL23DETPIT-DET,56,44,25,yes
1753285094495,1753285094,KXMLBGAME-25JUL23CINWSH-CIN,56,44,10,yes
1753285097514,1753285097,KXMLBGAME-25JUL23NYYTOR-NYY,57,43,5,yes
1753285099331,1753285099,KXMLBGAME-25JUL23SDMIA-SD,58,42,116,yes
1753285099331,1753285099,KXMLBGAME-25JUL23SDMIA-SD,58,42,52,yes
1753285100332,1753285100,KXMLBGAME-25JUL23LAANYM-NYM,62,38,31,yes
1753285107295,1753285107,KXMLBGAME-25JUL23CINWSH-CIN,56,44,25,yes
1753285114973,1753285114,KXMLBGAME-25JUL23SFATL-ATL,60,40,8,yes
1753285117492,1753285117,KXMLBGAME-25JUL23BOSPHI-BOS,43,57,2,yes
1753285128932,1753285128,KXMLBGAME-25JUL23KCCHC-CHC,62,38,153,yes
1753285129851,1753285129,KXMLBGAME-25JUL23DETPIT-PIT,46,54,10,yes
1753285139231,1753285139,KXMLBGAME-25JUL23CINWSH-CIN,56,44,13,yes
1753285147231,1753285146,KXMLBGAME-25JUL23SDMIA-SD,58,42,51,yes
1753285149371,1753285149,KXMLBGAME-25JUL23SDMIA-SD,58,42,167,yes
1753285156154,1753285156,KXMLBGAME-25JUL23SFATL-SF,41,59,38,yes
1753285161371,1753285161,KXMLBGAME-25JUL23SDMIA-SD,58,42,300,yes
1753285165810,1753285165,KXMLBGAME-25JUL23SDMIA-SD,58,42,83,yes
1753285165832,1753285165,KXMLBGAME-25JUL23SDMIA-MIA,43,57,223,yes
1753285187270,1753285187,KXMLBGAME-25JUL23CINWSH-CIN,56,44,17,yes
1753285189332,1753285189,KXMLBGAME-25JUL23LAANYM-NYM,62,38,9,yes
1753285190790,1753285190,KXMLBGAME-25JUL23DETPIT-PIT,46,54,104,yes
1753285204064,1753285203,KXMLBGAME-25JUL23STLCOL-COL,37,63,129,yes
1753285208877,1753285208,KXMLBGAME-25JUL23NYYTOR-NYY,57,43,1,yes
1753285211744,1753285211,KXMLBGAME-25JUL23CINWSH-CIN,56,44,24,yes
1753285212853,1753285212,KXMLBGAME-25JUL23CINWSH-CIN,56,44,68,yes
1753285220451,1753285220,KXMLBGAME-25JUL23CWSTB-CWS,35,65,2,yes
1753285221234,1753285221,KXMLBGAME-25JUL23CINWSH-CIN,54,46,24,no
1753285223892,1753285223,KXMLBGAME-25JUL23BALCLE-CLE,55,45,352,yes
1753285232433,1753285232,KXMLBGAME-25JUL23ATHTEX-ATH,45,55,2,yes
1753285235435,1753285235,KXMLBGAME-25JUL23BOSPHI-PHI,58,42,10,yes
1753285239733,1753285239,KXMLBGAME-25JUL23SDMIA-SD,58,42,21,yes
1753285254592,1753285254,KXMLBGAME-25JUL23MINLAD-LAD,66,34,65,yes
1753285256590,1753285256,KXMLBGAME-25JUL23SDMIA-SD,58,42,45,yes
1753285277876,1753285277,KXMLBGAME-25JUL23CINWSH-CIN,56,44,519,yes
1753285280692,1753285280,KXMLBGAME-25JUL23CINWSH-WSH,46,54,314,yes
1753285293874,1753285293,KXMLBGAME-25JUL23SDMIA-MIA,43,57,335,yes
1753285304929,1753285304,KXMLBGAME-25JUL23SFATL-SF,41,59,314,yes
1753285304929,1753285304,KXMLBGAME-25JUL23SFATL-SF,41,59,37,yes
1753285309494,1753285309,KXMLBGAME-25JUL23CINWSH-CIN,55,45,19,yes
1753285320933,1753285320,KXMLBGAME-25JUL23DETPIT-PIT,46,54,314,yes
1753285330715,1753285330,KXMLBGAME-25JUL23SFATL-SF,41,59,23,yes
1753285331962,1753285331,KXMLBGAME-25JUL23LAANYM-LAA,39,61,368,yes
1753285336670,1753285336,KXMLBGAME-25JUL23NYYTOR-NYY,57,43,76,yes
1753285342354,1753285342,KXMLBGAME-25JUL23KCCHC-KC,39,61,368,yes
1753285354393,1753285354,KXMLBGAME-25JUL23STLCOL-COL,37,63,35,yes
1753285354394,1753285354,KXMLBGAME-25JUL23STLCOL-COL,38,62,344,yes
1753285368929,1753285368,KXMLBGAME-25JUL23MILSEA-MIL,46,54,149,yes
1753285368929,1753285368,KXMLBGAME-25JUL23MILSEA-MIL,46,54,17,yes
1753285368929,1753285368,KXMLBGAME-25JUL23MILSEA-MIL,46,54,148,yes
1753285377772,1753285377,KXMLBGAME-25JUL23SDMIA-SD,58,42,35,yes
1753285379675,1753285379,KXMLBGAME-25JUL23HOUARI-HOU,47,53,307,yes
1753285381314,1753285381,KXMLBGAME-25JUL23CINWSH-CIN,54,46,13,no
1753285387274,1753285387,KXMLBGAME-25JUL23DETPIT-DET,56,44,12,yes
1753285400832,1753285400,KXMLBGAME-25JUL23SFATL-ATL,60,40,64,yes
1753285402107,1753285402,KXMLBGAME-25JUL23CINWSH-CIN,55,45,8,yes
1753285410754,1753285410,KXMLBGAME-25JUL23SFATL-SF,41,59,35,yes
1753285413576,1753285413,KXMLBGAME-25JUL23SFATL-ATL,60,40,354,yes
1753285420129,1753285419,KXMLBGAME-25JUL23CINWSH-CIN,55,45,17,yes
1753285421974,1753285421,KXMLBGAME-25JUL23SDMIA-SD,58,42,8,yes
1753285442760,1753285442,KXMLBGAME-25JUL23CINWSH-CIN,55,45,232,yes
1753285446338,1753285446,KXMLBGAME-25JUL23CINWSH-CIN,55,45,70,yes
1753285455973,1753285455,KXMLBGAME-25JUL23SFATL-ATL,60,40,1,yes
1753285459810,1753285459,KXMLBGAME-25JUL23SDMIA-SD,58,42,137,yes
1753285459810,1753285459,KXMLBGAME-25JUL23SDMIA-SD,58,42,112,yes
1753285465833,1753285465,KXMLBGAME-25JUL23LAANYM-LAA,39,61,12,yes
1753285477294,1753285477,KXMLBGAME-25JUL23SFATL-ATL,60,40,261,yes
1753285480932,1753285480,KXMLBGAME-25JUL23KCCHC-CHC,62,38,70,yes
1753285483925,1753285483,KXMLBGAME-25JUL23HOUARI-HOU,47,53,205,yes
1753285489865,1753285489,KXMLBGAME-25JUL23DETPIT-DET,56,44,237,yes
1753285491491,1753285491,KXMLBGAME-25JUL23DETPIT-DET,56,44,8,yes
1753285497237,1753285497,KXMLBGAME-25JUL23SDMIA-MIA,43,57,6,yes
1753285499593,1753285499,KXMLBGAME-25JUL23SDMIA-SD,58,42,8,yes
1753285512033,1753285511,KXMLBGAME-25JUL23KCCHC-CHC,62,38,19,yes
1753285516014,1753285515,KXMLBGAME-25JUL23CINWSH-WSH,46,54,146,yes
1753285517233,1753285517,KXMLBGAME-25JUL23CINWSH-CIN,55,45,26,yes
1753285519437,1753285519,KXMLBGAME-25JUL23ATHTEX-TEX,57,43,17,yes
1753285525706,1753285525,KXMLBGAME-25JUL23DETPIT-DET,56,44,4,yes
1753285526164,1753285526,KXMLBGAME-25JUL23MILSEA-MIL,46,54,2,yes
1753285528213,1753285528,KXMLBGAME-25JUL23SDMIA-SD,59,41,24,yes
1753285531633,1753285531,KXMLBGAME-25JUL23KCCHC-CHC,62,38,1077,yes
1753285534630,1753285534,KXMLBGAME-25JUL23KCCHC-CHC,61,39,6,no
1753285539292,1753285539,KXMLBGAME-25JUL23KCCHC-CHC,62,38,94,yes
1753285541783,1753285541,KXMLBGAME-25JUL23SDMIA-SD,59,41,1,yes
1753285552873,1753285552,KXMLBGAME-25JUL23STLCOL-STL,63,37,7,yes
1753285557333,1753285557,KXMLBGAME-25JUL23CINWSH-CIN,55,45,19,yes
1753285559053,1753285558,KXMLBGAME-25JUL23BOSPHI-BOS,43,57,94,yes
1753285565492,1753285565,KXMLBGAME-25JUL23CINWSH-CIN,55,45,5,yes
1753285569122,1753285569,KXMLBGAME-25JUL23MILSEA-MIL,46,54,12,yes
1753285574652,1753285574,KXMLBGAME-25JUL23SFATL-ATL,60,40,24,yes
1753285578232,1753285578,KXMLBGAME-25JUL23LAANYM-NYM,62,38,873,yes
1753285580513,1753285580,KXMLBGAME-25JUL23KCCHC-CHC,62,38,15,yes
1753285589092,1753285588,KXMLBGAME-25JUL23CINWSH-CIN,55,45,176,yes
1753285589631,1753285589,KXMLBGAME-25JUL23LAANYM-NYM,62,38,12,yes
1753285593153,1753285593,KXMLBGAME-25JUL23DETPIT-DET,56,44,76,yes
1753285597593,1753285597,KXMLBGAME-25JUL23MINLAD-LAD,66,34,15,yes
1753285605573,1753285605,KXMLBGAME-25JUL23NYYTOR-NYY,57,43,33,yes
1753285608035,1753285607,KXMLBGAME-25JUL23CINWSH-CIN,55,45,28,yes
1753285611675,1753285611,KXMLBGAME-25JUL23HOUARI-ARI,54,46,78,yes
1753285621750,1753285621,KXMLBGAME-25JUL23SDMIA-SD,59,41,90,yes
1753285632304,1753285632,KXMLBGAME-25JUL23MINLAD-LAD,66,34,15,yes
1753285635478,1753285635,KXMLBGAME-25JUL23MILSEA-MIL,46,54,90,yes
1753285636334,1753285636,KXMLBGAME-25JUL23ATHTEX-TEX,57,43,340,yes
1753285651811,1753285651,KXMLBGAME-25JUL23MILSEA-MIL,46,54,235,yes
1753285657793,1753285657,KXMLBGAME-25JUL23SFATL-ATL,60,40,16,yes
1753285671933,1753285671,KXMLBGAME-25JUL23CWSTB-CWS,35,65,62,yes
1753285671933,1753285671,KXMLBGAME-25JUL23CWSTB-CWS,35,65,19,yes
1753285673610,1753285673,KXMLBGAME-25JUL23MINLAD-LAD,66,34,14,yes
1753285683095,1753285683,KXMLBGAME-25JUL23STLCOL-STL,63,37,10,yes
1753285684938,1753285684,KXMLBGAME-25JUL23CINWSH-WSH,46,54,31,yes
1753285687911,1753285687,KXMLBGAME-25JUL23SDMIA-SD,59,41,164,yes
1753285690375,1753285690,KXMLBGAME-25JUL23MINLAD-LAD,66,34,432,yes
1753285694564,1753285694,KXMLBGAME-25JUL23BOSPHI-BOS,43,57,67,yes
1753285701647,1753285701,KXMLBGAME-25JUL23SFATL-SF,41,59,36,yes
1753285717373,1753285717,KXMLBGAME-25JUL23MINLAD-LAD,66,34,44,yes
1753285721488,1753285721,KXMLBGAME-25JUL23CINWSH-WSH,46,54,4,yes
1753285721633,1753285721,KXMLBGAME-25JUL23DETPIT-DET,56,44,12,yes
1753285722519,1753285722,KXMLBGAME-25JUL23SDMIA-MIA,43,57,11,yes
1753285730452,1753285730,KXMLBGAME-25JUL23HOUARI-HOU,47,53,20,yes
1753285731610,1753285731,KXMLBGAME-25JUL23SDMIA-MIA,43,57,4,yes
1753285735723,1753285735,KXMLBGAME-25JUL23LAANYM-LAA,39,61,22,yes
1753285744740,1753285744,KXMLBGAME-25JUL23SFATL-SF,41,59,4,yes
1753285746782,1753285746,KXMLBGAME-25JUL23CINWSH-WSH,46,54,50,yes
1753285751334,1753285751,KXMLBGAME-25JUL23SFATL-SF,41,59,23,yes
1753285751715,1753285751,KXMLBGAME-25JUL23NYYTOR-NYY,57,43,51,yes
1753285754058,1753285753,KXMLBGAME-25JUL23SFATL-ATL,60,40,648,yes
1753285754837,1753285754,KXMLBGAME-25JUL23DETPIT-PIT,46,54,4,yes
1753285775659,1753285775,KXMLBGAME-25JUL23MILSEA-SEA,55,45,52,yes
1753285779966,1753285779,KXMLBGAME-25JUL23MILSEA-MIL,46,54,4,yes
1753285793154,1753285793,KXMLBGAME-25JUL23HOUARI-HOU,47,53,4,yes
1753285800971,1753285800,KXMLBGAME-25JUL23KCCHC-KC,40,60,71,yes
1753285801436,1753285801,KXMLBGAME-25JUL23KCCHC-KC,40,60,170,yes
1753285806412,1753285806,KXMLBGAME-25JUL23BALCLE-BAL,46,54,4,yes
1753285814783,1753285814,KXMLBGAME-25JUL23CINWSH-WSH,46,54,202,yes
1753285815031,1753285814,KXMLBGAME-25JUL23KCCHC-KC,40,60,196,yes
1753285815053,1753285814,KXMLBGAME-25JUL23MINLAD-MIN,34,66,159,yes
1753285815114,1753285815,KXMLBGAME-25JUL23KCCHC-KC,40,60,62,yes
1753285815114,1753285815,KXMLBGAME-25JUL23KCCHC-KC,40,60,146,yes
1753285815132,1753285815,KXMLBGAME-25JUL23NYYTOR-NYY,57,43,39,yes
1753285815132,1753285815,KXMLBGAME-25JUL23NYYTOR-NYY,57,43,6,yes
1753285815134,1753285815,KXMLBGAME-25JUL23NYYTOR-NYY,57,43,1,yes
1753285815134,1753285815,KXMLBGAME-25JUL23NYYTOR-NYY,57,43,186,yes
1753285816294,1753285816,KXMLBGAME-25JUL23MINLAD-LAD,66,34,72,yes
1753285820853,1753285820,KXMLBGAME-25JUL23NYYTOR-TOR,45,55,2,yes
1753285823871,1753285823,KXMLBGAME-25JUL23BALCLE-CLE,55,45,8,yes
1753285829933,1753285829,KXMLBGAME-25JUL23ATHTEX-ATH,45,55,4,yes
1753285831533,1753285831,KXMLBGAME-25JUL23CINWSH-WSH,46,54,520,yes
1753285831533,1753285831,KXMLBGAME-25JUL23CINWSH-WSH,46,54,87,yes
1753285831534,1753285831,KXMLBGAME-25JUL23CINWSH-WSH,46,54,10,yes
1753285831534,1753285831,KXMLBGAME-25JUL23CINWSH-WSH,46,54,1687,yes
1753285843045,1753285842,KXMLBGAME-25JUL23SDMIA-SD,59,41,164,yes
1753285845021,1753285844,KXMLBGAME-25JUL23NYYTOR-TOR,45,55,4,yes
1753285845854,1753285845,KXMLBGAME-25JUL23LAANYM-NYM,62,38,4,yes
1753285850353,1753285850,KXMLBGAME-25JUL23CINWSH-CIN,55,45,10,yes
1753285850353,1753285850,KXMLBGAME-25JUL23CINWSH-CIN,55,45,9,yes
1753285853899,1753285853,KXMLBGAME-25JUL23KCCHC-KC,40,60,24,yes
1753285874453,1753285874,KXMLBGAME-25JUL23MILSEA-MIL,46,54,20,yes
1753285878783,1753285878,KXMLBGAME-25JUL23HOUARI-HOU,47,53,61,yes
1753285887794,1753285887,KXMLBGAME-25JUL23KCCHC-CHC,62,38,15,yes
1753285888818,1753285888,KXMLBGAME-25JUL23SFATL-ATL,60,40,14,yes
1753285901516,1753285901,KXMLBGAME-25JUL23MINLAD-LAD,66,34,14,yes
1753285913034,1753285912,KXMLBGAME-25JUL23CINWSH-WSH,46,54,21,yes
1753285913120,1753285913,KXMLBGAME-25JUL23DETPIT-PIT,46,54,10,yes
1753285915436,1753285914,KXMLBGAME-25JUL23CINWSH-WSH,46,54,62,yes
1753285916574,1753285916,KXMLBGAME-25JUL23CINWSH-CIN,55,45,44,yes
1753285927612,1753285927,KXMLBGAME-25JUL23SDMIA-SD,59,41,41,yes
1753285937652,1753285937,KXMLBGAME-25JUL23DETPIT-DET,56,44,34,yes
1753285939252,1753285939,KXMLBGAME-25JUL23CINWSH-CIN,55,45,12,yes
1753285939395,1753285939,KXMLBGAME-25JUL23KCCHC-CHC,62,38,15,yes
1753285946469,1753285946,KXMLBGAME-25JUL23CINWSH-CIN,55,45,46,yes
1753285950851,1753285950,KXMLBGAME-25JUL23CINWSH-WSH,46,54,24,yes
1753285961255,1753285961,KXMLBGAME-25JUL23MILSEA-MIL,46,54,54,yes
1753285968054,1753285968,KXMLBGAME-25JUL23SDMIA-SD,59,41,495,yes
1753285971313,1753285971,KXMLBGAME-25JUL23NYYTOR-TOR,45,55,64,yes
1753285971313,1753285971,KXMLBGAME-25JUL23CWSTB-TB,66,34,14,yes
1753285979749,1753285979,KXMLBGAME-25JUL23CINWSH-WSH,46,54,20,yes
1753285997493,1753285997,KXMLBGAME-25JUL23SFATL-ATL,60,40,19,yes
1753286001971,1753286001,KXMLBGAME-25JUL23SDMIA-SD,59,41,16,yes
1753286009958,1753286009,KXMLBGAME-25JUL23SDMIA-SD,59,41,25,yes
1753286012005,1753286011,KXMLBGAME-25JUL23CINWSH-WSH,46,54,21,yes
1753286015385,1753286015,KXMLBGAME-25JUL23SDMIA-MIA,43,57,11,yes
1753286023065,1753286022,KXMLBGAME-25JUL23BOSPHI-BOS,43,57,4,yes
1753286032771,1753286032,KXMLBGAME-25JUL23SFATL-ATL,60,40,16,yes
1753286033305,1753286033,KXMLBGAME-25JUL23MILSEA-MIL,46,54,21,yes
1753286042009,1753286041,KXMLBGAME-25JUL23SFATL-SF,41,59,2,yes
1753286060912,1753286060,KXMLBGAME-25JUL23SDMIA-MIA,43,57,66,yes
1753286063455,1753286063,KXMLBGAME-25JUL23ATHTEX-TEX,57,43,8,yes
1753286071316,1753286071,KXMLBGAME-25JUL23SFATL-SF,41,59,25,yes
1753286073644,1753286073,KXMLBGAME-25JUL23DETPIT-PIT,46,54,63,yes
1753286096276,1753286096,KXMLBGAME-25JUL23CINWSH-CIN,55,45,2,yes
1753286100835,1753286100,KXMLBGAME-25JUL23CINWSH-CIN,55,45,33,yes
1753286106931,1753286106,KXMLBGAME-25JUL23KCCHC-KC,40,60,11,yes
1753286108452,1753286108,KXMLBGAME-25JUL23BOSPHI-PHI,58,42,8,yes
1753286111949,1753286111,KXMLBGAME-25JUL23HOUARI-HOU,47,53,205,yes
1753286114291,1753286114,KXMLBGAME-25JUL23KCCHC-CHC,61,39,644,no
1753286114291,1753286114,KXMLBGAME-25JUL23KCCHC-CHC,60,40,87,no
1753286114292,1753286114,KXMLBGAME-25JUL23KCCHC-CHC,60,40,500,no
1753286114292,1753286114,KXMLBGAME-25JUL23KCCHC-CHC,60,40,347,no
1753286114292,1753286114,KXMLBGAME-25JUL23KCCHC-CHC,60,40,613,no
1753286114392,1753286114,KXMLBGAME-25JUL23KCCHC-KC,40,60,2191,yes
1753286115093,1753286114,KXMLBGAME-25JUL23CINWSH-CIN,54,46,351,no
1753286115093,1753286114,KXMLBGAME-25JUL23CINWSH-CIN,54,46,200,no
1753286115093,1753286114,KXMLBGAME-25JUL23CINWSH-CIN,54,46,250,no
1753286115093,1753286114,KXMLBGAME-25JUL23CINWSH-CIN,54,46,87,no
1753286115093,1753286114,KXMLBGAME-25JUL23CINWSH-CIN,54,46,92,no
1753286115192,1753286115,KXMLBGAME-25JUL23CINWSH-WSH,46,54,87,yes
1753286118431,1753286118,KXMLBGAME-25JUL23MILSEA-MIL,46,54,125,yes
1753286119936,1753286119,KXMLBGAME-25JUL23CINWSH-WSH,47,53,50,yes
1753286121371,1753286121,KXMLBGAME-25JUL23HOUARI-HOU,47,53,7,yes
1753286124193,1753286124,KXMLBGAME-25JUL23SDMIA-SD,59,41,21,yes
1753286130381,1753286130,KXMLBGAME-25JUL23DETPIT-DET,56,44,433,yes
1753286140934,1753286140,KXMLBGAME-25JUL23DETPIT-DET,56,44,51,yes
1753286144205,1753286143,KXMLBGAME-25JUL23CINWSH-CIN,55,45,52,yes
1753286145833,1753286145,KXMLBGAME-25JUL23CINWSH-WSH,47,53,2,yes
1753286146113,1753286145,KXMLBGAME-25JUL23SFATL-SF,41,59,2,yes
1753286146412,1753286146,KXMLBGAME-25JUL23LAANYM-NYM,62,38,377,yes
1753286153407,1753286153,KXMLBGAME-25JUL23CINWSH-CIN,55,45,25,yes
1753286183314,1753286183,KXMLBGAME-25JUL23CINWSH-CIN,55,45,173,yes
1753286189364,1753286189,KXMLBGAME-25JUL23SFATL-ATL,60,40,2,yes
1753286197044,1753286196,KXMLBGAME-25JUL23CINWSH-WSH,47,53,30,yes
1753286200435,1753286200,KXMLBGAME-25JUL23LAANYM-LAA,39,61,2,yes
1753286201214,1753286201,KXMLBGAME-25JUL23STLCOL-STL,63,37,2,yes
1753286208536,1753286208,KXMLBGAME-25JUL23LAANYM-NYM,62,38,1,yes
1753286217813,1753286217,KXMLBGAME-25JUL23MINLAD-LAD,66,34,2,yes
1753286224078,1753286223,KXMLBGAME-25JUL23CINWSH-CIN,55,45,86,yes
1753286224692,1753286224,KXMLBGAME-25JUL23STLCOL-STL,63,37,3,yes
1753286231758,1753286231,KXMLBGAME-25JUL23STLCOL-STL,63,37,4,yes
1753286235034,1753286234,KXMLBGAME-25JUL23CINWSH-CIN,54,46,181,no
1753286235092,1753286235,KXMLBGAME-25JUL23SFATL-ATL,60,40,12,yes
1753286236735,1753286236,KXMLBGAME-25JUL23CINWSH-CIN,54,46,377,no
1753286236735,1753286236,KXMLBGAME-25JUL23CINWSH-CIN,54,46,10,no
1753286242920,1753286242,KXMLBGAME-25JUL23LAANYM-LAA,39,61,95,yes
1753286250190,1753286250,KXMLBGAME-25JUL23CINWSH-CIN,54,46,87,yes
1753286254955,1753286254,KXMLBGAME-25JUL23MINLAD-MIN,35,65,72,yes
1753286261674,1753286261,KXMLBGAME-25JUL23BALCLE-CLE,55,45,237,yes
1753286263752,1753286263,KXMLBGAME-25JUL23CINWSH-WSH,47,53,683,yes
1753286264158,1753286264,KXMLBGAME-25JUL23SFATL-ATL,60,40,1,yes
1753286275037,1753286274,KXMLBGAME-25JUL23SDMIA-MIA,43,57,11,yes
1753286278654,1753286278,KXMLBGAME-25JUL23SFATL-SF,41,59,96,yes
1753286287253,1753286287,KXMLBGAME-25JUL23HOUARI-HOU,47,53,28,yes
1753286287455,1753286287,KXMLBGAME-25JUL23CINWSH-CIN,54,46,28,yes
1753286297234,1753286297,KXMLBGAME-25JUL23CINWSH-CIN,54,46,50,yes
1753286307125,1753286306,KXMLBGAME-25JUL23DETPIT-PIT,46,54,1,yes
1753286311630,1753286311,KXMLBGAME-25JUL23CWSTB-TB,66,34,8,yes
1753286321133,1753286321,KXMLBGAME-25JUL23SDMIA-MIA,43,57,315,yes
1753286322280,1753286322,KXMLBGAME-25JUL23CINWSH-CIN,54,46,8,yes
1753286328494,1753286328,KXMLBGAME-25JUL23MINLAD-LAD,66,34,7,yes
1753286336913,1753286336,KXMLBGAME-25JUL23MILSEA-MIL,46,54,10,yes
1753286342453,1753286342,KXMLBGAME-25JUL23BOSPHI-BOS,43,57,102,yes
1753286356612,1753286356,KXMLBGAME-25JUL23NYYTOR-NYY,57,43,41,yes
1753286358016,1753286357,KXMLBGAME-25JUL23LAANYM-NYM,62,38,62,yes
1753286370210,1753286370,KXMLBGAME-25JUL23SFATL-ATL,60,40,27,yes
1753286379563,1753286379,KXMLBGAME-25JUL23SFATL-SF,41,59,23,yes
1753286392119,1753286392,KXMLBGAME-25JUL23SFATL-SF,41,59,12,yes
1753286403216,1753286403,KXMLBGAME-25JUL23SDMIA-SD,59,41,8,yes
1753286408701,1753286408,KXMLBGAME-25JUL23SDMIA-MIA,43,57,55,yes
1753286411881,1753286411,KXMLBGAME-25JUL23CINWSH-WSH,47,53,10,yes
1753286420773,1753286420,KXMLBGAME-25JUL23SFATL-ATL,60,40,8,yes
1753286423042,1753286422,KXMLBGAME-25JUL23DETPIT-PIT,46,54,52,yes
1753286424454,1753286424,KXMLBGAME-25JUL23CINWSH-WSH,47,53,40,yes
1753286424454,1753286424,KXMLBGAME-25JUL23CINWSH-WSH,47,53,10,yes
1753286424454,1753286424,KXMLBGAME-25JUL23CINWSH-WSH,47,53,1318,yes
1753286441718,1753286441,KXMLBGAME-25JUL23LAANYM-NYM,63,37,23,yes
1753286441837,1753286441,KXMLBGAME-25JUL23SFATL-SF,41,59,58,yes
1753286448436,1753286448,KXMLBGAME-25JUL23SFATL-ATL,60,40,48,yes
1753286450076,1753286450,KXMLBGAME-25JUL23CINWSH-CIN,54,46,88,yes
1753286453253,1753286453,KXMLBGAME-25JUL23CINWSH-WSH,47,53,45,yes
1753286460009,1753286459,KXMLBGAME-25JUL23MINLAD-LAD,66,34,36,yes
1753286463915,1753286463,KXMLBGAME-25JUL23CINWSH-CIN,54,46,10,yes
1753286469021,1753286468,KXMLBGAME-25JUL23SFATL-SF,41,59,4,yes
1753286469021,1753286468,KXMLBGAME-25JUL23CINWSH-WSH,47,53,4,yes
1753286471175,1753286471,KXMLBGAME-25JUL23LAANYM-LAA,39,61,49,yes
1753286472092,1753286471,KXMLBGAME-25JUL23CINWSH-CIN,54,46,44,yes
1753286473552,1753286473,KXMLBGAME-25JUL23SDMIA-SD,59,41,8,yes
1753286478191,1753286478,KXMLBGAME-25JUL23DETPIT-DET,56,44,34,yes
1753286480935,1753286480,KXMLBGAME-25JUL23SDMIA-MIA,43,57,4,yes
1753286482495,1753286482,KXMLBGAME-25JUL23SDMIA-MIA,43,57,4,yes
1753286484482,1753286484,KXMLBGAME-25JUL23CINWSH-CIN,54,46,48,yes
1753286484773,1753286484,KXMLBGAME-25JUL23SFATL-ATL,60,40,40,yes
1753286487043,1753286486,KXMLBGAME-25JUL23HOUARI-HOU,47,53,201,yes
1753286487351,1753286487,KXMLBGAME-25JUL23CINWSH-CIN,54,46,9,yes
1753286495835,1753286495,KXMLBGAME-25JUL23CINWSH-CIN,54,46,3,yes
1753286500140,1753286499,KXMLBGAME-25JUL23SDMIA-SD,59,41,70,yes
1753286502734,1753286502,KXMLBGAME-25JUL23CINWSH-WSH,47,53,410,yes
1753286516573,1753286516,KXMLBGAME-25JUL23SDMIA-MIA,43,57,111,yes
1753286518415,1753286518,KXMLBGAME-25JUL23DETPIT-DET,56,44,3,yes
1753286519299,1753286519,KXMLBGAME-25JUL23SFATL-SF,41,59,42,yes
1753286529551,1753286529,KXMLBGAME-25JUL23ATHTEX-ATH,45,55,1,yes
1753286530792,1753286530,KXMLBGAME-25JUL23SDMIA-SD,59,41,494,yes
1753286531155,1753286531,KXMLBGAME-25JUL23CWSTB-CWS,35,65,1,yes
1753286532304,1753286532,KXMLBGAME-25JUL23CINWSH-CIN,54,46,448,yes
1753286532615,1753286532,KXMLBGAME-25JUL23NYYTOR-TOR,45,55,1,yes
1753286534109,1753286534,KXMLBGAME-25JUL23MINLAD-MIN,35,65,1,yes
1753286534594,1753286534,KXMLBGAME-25JUL23SDMIA-SD,58,42,1500,no
1753286540291,1753286540,KXMLBGAME-25JUL23HOUARI-ARI,54,46,28,yes
1753286543194,1753286543,KXMLBGAME-25JUL23SDMIA-SD,58,42,66,yes
1753286547912,1753286547,KXMLBGAME-25JUL23DETPIT-DET,56,44,355,yes
1753286552392,1753286552,KXMLBGAME-25JUL23SFATL-ATL,60,40,97,yes
1753286553501,1753286553,KXMLBGAME-25JUL23CWSTB-CWS,35,65,42,yes
1753286564815,1753286564,KXMLBGAME-25JUL23DETPIT-DET,56,44,27,yes
1753286576541,1753286576,KXMLBGAME-25JUL23CWSTB-CWS,35,65,27,yes
1753286583095,1753286582,KXMLBGAME-25JUL23LAANYM-NYM,62,38,63,yes
1753286583095,1753286582,KXMLBGAME-25JUL23LAANYM-NYM,63,37,224,yes
1753286589913,1753286589,KXMLBGAME-25JUL23CINWSH-CIN,54,46,23,yes
1753286600032,1753286599,KXMLBGAME-25JUL23CINWSH-CIN,54,46,2415,yes
1753286600032,1753286599,KXMLBGAME-25JUL23CINWSH-CIN,54,46,87,yes
1753286600032,1753286599,KXMLBGAME-25JUL23CINWSH-CIN,54,46,10,yes
1753286600032,1753286599,KXMLBGAME-25JUL23CINWSH-CIN,54,46,182,yes
1753286605813,1753286605,KXMLBGAME-25JUL23CINWSH-CIN,54,46,18,yes
1753286608075,1753286608,KXMLBGAME-25JUL23CINWSH-CIN,54,46,2,yes
1753286611972,1753286611,KXMLBGAME-25JUL23CINWSH-CIN,54,46,226,yes
1753286617813,1753286617,KXMLBGAME-25JUL23CINWSH-CIN,54,46,1083,yes
1753286623495,1753286623,KXMLBGAME-25JUL23SFATL-ATL,60,40,27,yes
1753286626391,1753286626,KXMLBGAME-25JUL23SFATL-ATL,60,40,124,yes
1753286632413,1753286632,KXMLBGAME-25JUL23CINWSH-CIN,54,46,71,yes
1753286638422,1753286638,KXMLBGAME-25JUL23MILSEA-SEA,55,45,10,yes
1753286638422,1753286638,KXMLBGAME-25JUL23MILSEA-SEA,55,45,34,yes
1753286656373,1753286656,KXMLBGAME-25JUL23KCCHC-CHC,61,39,28,yes
1753286658396,1753286658,KXMLBGAME-25JUL23HOUARI-ARI,54,46,44,yes
1753286665174,1753286665,KXMLBGAME-25JUL23CINWSH-CIN,54,46,897,yes
1753286668314,1753286668,KXMLBGAME-25JUL23CINWSH-WSH,47,53,2020,yes
1753286670544,1753286670,KXMLBGAME-25JUL23SFATL-ATL,60,40,64,yes
1753286671856,1753286671,KXMLBGAME-25JUL23CINWSH-WSH,47,53,10,yes
1753286677610,1753286677,KXMLBGAME-25JUL23CINWSH-WSH,47,53,49,yes
1753286677610,1753286677,KXMLBGAME-25JUL23CINWSH-WSH,47,53,7,yes
1753286677610,1753286677,KXMLBGAME-25JUL23CINWSH-WSH,48,52,9,yes
1753286681794,1753286681,KXMLBGAME-25JUL23SDMIA-SD,58,42,25,yes
1753286686654,1753286686,KXMLBGAME-25JUL23STLCOL-STL,63,37,30,yes
1753286698417,1753286698,KXMLBGAME-25JUL23SDMIA-MIA,43,57,17,yes
1753286699217,1753286698,KXMLBGAME-25JUL23CINWSH-WSH,47,53,12,yes
1753286699639,1753286699,KXMLBGAME-25JUL23LAANYM-NYM,63,37,30,yes
1753286706911,1753286706,KXMLBGAME-25JUL23CINWSH-WSH,47,53,82,yes
1753286714577,1753286714,KXMLBGAME-25JUL23LAANYM-NYM,63,37,92,yes
1753286720235,1753286720,KXMLBGAME-25JUL23CINWSH-WSH,47,53,51,yes
1753286721015,1753286720,KXMLBGAME-25JUL23SFATL-SF,41,59,18,yes
1753286721072,1753286721,KXMLBGAME-25JUL23KCCHC-CHC,61,39,79,yes
1753286723377,1753286723,KXMLBGAME-25JUL23CINWSH-CIN,55,45,26,yes
1753286724872,1753286724,KXMLBGAME-25JUL23DETPIT-DET,56,44,53,yes
1753286724872,1753286724,KXMLBGAME-25JUL23DETPIT-DET,56,44,16,yes
1753286726411,1753286726,KXMLBGAME-25JUL23MINLAD-LAD,66,34,32,yes
1753286727173,1753286727,KXMLBGAME-25JUL23SDMIA-MIA,43,57,44,yes
1753286733592,1753286733,KXMLBGAME-25JUL23DETPIT-PIT,46,54,31,yes
1753286736114,1753286736,KXMLBGAME-25JUL23DETPIT-PIT,46,54,8,yes
1753286758834,1753286758,KXMLBGAME-25JUL23SDMIA-SD,58,42,83,yes
1753286764754,1753286764,KXMLBGAME-25JUL23CWSTB-TB,66,34,32,yes
1753286771277,1753286771,KXMLBGAME-25JUL23CINWSH-CIN,54,46,90,yes
1753286773143,1753286773,KXMLBGAME-25JUL23SFATL-ATL,60,40,129,yes
1753286775491,1753286775,KXMLBGAME-25JUL23SDMIA-SD,58,42,326,yes
1753286776837,1753286776,KXMLBGAME-25JUL23ATHTEX-TEX,57,43,25,yes
1753286777273,1753286777,KXMLBGAME-25JUL23HOUARI-HOU,47,53,82,yes
1753286796373,1753286796,KXMLBGAME-25JUL23CINWSH-WSH,48,52,10,yes
1753286797413,1753286797,KXMLBGAME-25JUL23CINWSH-CIN,53,47,750,no
1753286797413,1753286797,KXMLBGAME-25JUL23CINWSH-CIN,53,47,10,no
1753286797413,1753286797,KXMLBGAME-25JUL23CINWSH-CIN,53,47,10,no
1753286802129,1753286802,KXMLBGAME-25JUL23CINWSH-WSH,49,51,9,yes
1753286806338,1753286806,KXMLBGAME-25JUL23SFATL-SF,41,59,234,yes
1753286809034,1753286808,KXMLBGAME-25JUL23LAANYM-NYM,63,37,21,yes
1753286818231,1753286817,KXMLBGAME-25JUL23SFATL-SF,41,59,2766,yes
1753286818231,1753286817,KXMLBGAME-25JUL23SFATL-SF,41,59,496,yes
1753286818231,1753286817,KXMLBGAME-25JUL23SFATL-SF,42,58,281,yes
1753286818231,1753286817,KXMLBGAME-25JUL23SFATL-SF,42,58,800,yes
1753286818231,1753286817,KXMLBGAME-25JUL23SFATL-SF,42,58,217,yes
1753286822633,1753286822,KXMLBGAME-25JUL23SDMIA-MIA,43,57,11,yes
1753286823393,1753286823,KXMLBGAME-25JUL23SDMIA-SD,58,42,83,yes
1753286828959,1753286828,KXMLBGAME-25JUL23SDMIA-SD,58,42,8,yes
1753286834693,1753286834,KXMLBGAME-25JUL23CINWSH-CIN,52,48,87,yes
1753286834693,1753286834,KXMLBGAME-25JUL23CINWSH-CIN,53,47,15,yes
1753286835324,1753286835,KXMLBGAME-25JUL23CINWSH-WSH,49,51,4,yes
1753286835793,1753286835,KXMLBGAME-25JUL23NYYTOR-NYY,57,43,6,yes
1753286839602,1753286839,KXMLBGAME-25JUL23DETPIT-PIT,46,54,11,yes
1753286842276,1753286842,KXMLBGAME-25JUL23CINWSH-CIN,52,48,26,yes
1753286842995,1753286842,KXMLBGAME-25JUL23SFATL-ATL,60,40,8,yes
1753286844456,1753286844,KXMLBGAME-25JUL23DETPIT-PIT,46,54,52,yes
1753286847084,1753286847,KXMLBGAME-25JUL23CINWSH-CIN,52,48,61,yes
1753286847084,1753286847,KXMLBGAME-25JUL23CINWSH-CIN,52,48,4,yes
1753286858394,1753286858,KXMLBGAME-25JUL23SFATL-SF,41,59,234,yes
1753286862314,1753286862,KXMLBGAME-25JUL23CINWSH-WSH,48,52,300,no
1753286862314,1753286862,KXMLBGAME-25JUL23CINWSH-WSH,48,52,87,no
1753286862435,1753286862,KXMLBGAME-25JUL23CINWSH-CIN,52,48,300,yes
1753286862435,1753286862,KXMLBGAME-25JUL23CINWSH-CIN,52,48,87,yes
1753286875234,1753286875,KXMLBGAME-25JUL23DETPIT-DET,56,44,8,yes
1753286889312,1753286889,KXMLBGAME-25JUL23CINWSH-WSH,48,52,10,yes
1753286892652,1753286892,KXMLBGAME-25JUL23LAANYM-LAA,39,61,61,yes
1753286894188,1753286894,KXMLBGAME-25JUL23SDMIA-SD,58,42,490,yes
1753286895536,1753286895,KXMLBGAME-25JUL23CINWSH-WSH,48,52,290,yes
1753286895536,1753286895,KXMLBGAME-25JUL23CINWSH-WSH,49,51,26,yes
1753286895536,1753286895,KXMLBGAME-25JUL23CINWSH-WSH,49,51,87,yes
1753286895652,1753286895,KXMLBGAME-25JUL23CINWSH-CIN,52,48,300,no
1753286895652,1753286895,KXMLBGAME-25JUL23CINWSH-CIN,52,48,25,no
1753286896812,1753286896,KXMLBGAME-25JUL23SFATL-ATL,60,40,175,yes
1753286896812,1753286896,KXMLBGAME-25JUL23CINWSH-CIN,51,49,8,yes
1753286901892,1753286901,KXMLBGAME-25JUL23SDMIA-SD,58,42,83,yes
1753286912916,1753286912,KXMLBGAME-25JUL23CINWSH-CIN,49,51,9,yes
1753286917872,1753286917,KXMLBGAME-25JUL23LAANYM-LAA,39,61,4,yes
1753286923093,1753286923,KXMLBGAME-25JUL23CINWSH-CIN,49,51,20,yes
1753286927713,1753286927,KXMLBGAME-25JUL23CINWSH-CIN,47,53,19,yes
1753286927995,1753286927,KXMLBGAME-25JUL23MINLAD-LAD,66,34,73,yes
1753286928713,1753286928,KXMLBGAME-25JUL23KCCHC-CHC,61,39,62,yes
1753286930056,1753286929,KXMLBGAME-25JUL23SFATL-SF,42,58,61,yes
1753286935873,1753286935,KXMLBGAME-25JUL23CINWSH-WSH,54,46,88,yes
1753286936814,1753286936,KXMLBGAME-25JUL23SFATL-SF,42,58,23,yes
1753286937811,1753286937,KXMLBGAME-25JUL23SDMIA-MIA,43,57,76,yes
1753286937811,1753286937,KXMLBGAME-25JUL23SDMIA-MIA,43,57,11,yes
1753286937971,1753286937,KXMLBGAME-25JUL23SDMIA-SD,57,43,285,no
1753286937971,1753286937,KXMLBGAME-25JUL23SDMIA-SD,57,43,500,no
1753286937971,1753286937,KXMLBGAME-25JUL23SDMIA-SD,57,43,87,no
1753286938572,1753286938,KXMLBGAME-25JUL23CINWSH-CIN,48,52,17,yes
1753286940316,1753286940,KXMLBGAME-25JUL23CINWSH-WSH,54,46,8,yes
1753286940473,1753286940,KXMLBGAME-25JUL23STLCOL-COL,38,62,5,yes
1753286943453,1753286943,KXMLBGAME-25JUL23CINWSH-CIN,48,52,57,yes
1753286943453,1753286943,KXMLBGAME-25JUL23CINWSH-CIN,49,51,119,yes
1753286946073,1753286946,KXMLBGAME-25JUL23SFATL-SF,42,58,18,yes
1753286952965,1753286952,KXMLBGAME-25JUL23SFATL-ATL,60,40,24,yes
1753286961212,1753286961,KXMLBGAME-25JUL23CINWSH-CIN,46,54,192,no
1753286961631,1753286961,KXMLBGAME-25JUL23CINWSH-CIN,48,52,160,yes
1753286967271,1753286967,KXMLBGAME-25JUL23CINWSH-WSH,52,48,300,no
1753286971356,1753286971,KXMLBGAME-25JUL23ATHTEX-ATH,45,55,2,yes
1753286974315,1753286974,KXMLBGAME-25JUL23CINWSH-CIN,49,51,43,yes
1753286974315,1753286974,KXMLBGAME-25JUL23CINWSH-CIN,49,51,154,yes
1753286979561,1753286979,KXMLBGAME-25JUL23KCCHC-CHC,61,39,17,yes
1753286980314,1753286980,KXMLBGAME-25JUL23CINWSH-CIN,49,51,78,yes
1753286986453,1753286986,KXMLBGAME-25JUL23CWSTB-CWS,35,65,2,yes
1753286988375,1753286988,KXMLBGAME-25JUL23CINWSH-CIN,49,51,32,yes
1753286988375,1753286988,KXMLBGAME-25JUL23CINWSH-CIN,50,50,600,yes
1753286988375,1753286988,KXMLBGAME-25JUL23CINWSH-CIN,50,50,500,yes
1753286988375,1753286988,KXMLBGAME-25JUL23CINWSH-CIN,50,50,28,yes
1753286994030,1753286993,KXMLBGAME-25JUL23NYYTOR-TOR,45,55,106,yes
1753286998435,1753286998,KXMLBGAME-25JUL23MILSEA-MIL,46,54,52,yes
1753286998873,1753286998,KXMLBGAME-25JUL23NYYTOR-TOR,45,55,2,yes
1753287000293,1753287000,KXMLBGAME-25JUL23SFATL-SF,42,58,45,yes
1753287001602,1753287001,KXMLBGAME-25JUL23LAANYM-NYM,63,37,15,yes
1753287001955,1753287001,KXMLBGAME-25JUL23SDMIA-SD,58,42,33,yes
1753287004556,1753287004,KXMLBGAME-25JUL23CINWSH-CIN,49,51,24,yes
1753287004557,1753287004,KXMLBGAME-25JUL23CINWSH-CIN,50,50,169,yes
1753287015874,1753287015,KXMLBGAME-25JUL23CINWSH-CIN,49,51,18,yes
1753287015874,1753287015,KXMLBGAME-25JUL23CINWSH-CIN,50,50,194,yes
1753287016432,1753287016,KXMLBGAME-25JUL23KCCHC-CHC,61,39,15,yes
1753287016864,1753287016,KXMLBGAME-25JUL23SFATL-SF,42,58,7,yes
1753287023133,1753287023,KXMLBGAME-25JUL23DETPIT-DET,56,44,86,yes
1753287024435,1753287024,KXMLBGAME-25JUL23BALCLE-BAL,46,54,2,yes
1753287026792,1753287026,KXMLBGAME-25JUL23KCCHC-CHC,60,40,58,no
1753287031096,1753287030,KXMLBGAME-25JUL23DETPIT-DET,56,44,98,yes
1753287033439,1753287033,KXMLBGAME-25JUL23CINWSH-CIN,49,51,14,yes
1753287033439,1753287033,KXMLBGAME-25JUL23CINWSH-CIN,50,50,3,yes
1753287038912,1753287038,KXMLBGAME-25JUL23SDMIA-SD,56,44,2,no
1753287038912,1753287038,KXMLBGAME-25JUL23SDMIA-SD,56,44,300,no
1753287038912,1753287038,KXMLBGAME-25JUL23SDMIA-SD,56,44,79,no
1753287046472,1753287046,KXMLBGAME-25JUL23SDMIA-SD,56,44,58,yes
1753287053295,1753287053,KXMLBGAME-25JUL23BOSPHI-PHI,58,42,83,yes
1753287060953,1753287060,KXMLBGAME-25JUL23MILSEA-MIL,46,54,500,yes
1753287067234,1753287067,KXMLBGAME-25JUL23SFATL-ATL,60,40,81,yes
1753287067356,1753287067,KXMLBGAME-25JUL23DETPIT-PIT,46,54,20,yes
1753287073474,1753287073,KXMLBGAME-25JUL23CINWSH-CIN,50,50,96,yes
1753287073613,1753287073,KXMLBGAME-25JUL23MILSEA-MIL,46,54,23,yes
1753287076143,1753287076,KXMLBGAME-25JUL23CINWSH-WSH,52,48,93,yes
1753287078012,1753287077,KXMLBGAME-25JUL23SDMIA-SD,56,44,8,yes
1753287083543,1753287083,KXMLBGAME-25JUL23SDMIA-SD,55,45,59,no
1753287084435,1753287084,KXMLBGAME-25JUL23CINWSH-CIN,50,50,204,yes
1753287084435,1753287084,KXMLBGAME-25JUL23CINWSH-CIN,51,49,2000,yes
1753287084435,1753287084,KXMLBGAME-25JUL23CINWSH-CIN,51,49,600,yes
1753287084435,1753287084,KXMLBGAME-25JUL23CINWSH-CIN,51,49,10,yes
1753287084435,1753287084,KXMLBGAME-25JUL23CINWSH-CIN,51,49,500,yes
1753287084435,1753287084,KXMLBGAME-25JUL23CINWSH-CIN,52,48,300,yes
1753287084435,1753287084,KXMLBGAME-25JUL23CINWSH-CIN,52,48,172,yes
1753287091235,1753287091,KXMLBGAME-25JUL23SDMIA-SD,55,45,176,yes
1753287097132,1753287097,KXMLBGAME-25JUL23HOUARI-HOU,47,53,4,yes
1753287105894,1753287105,KXMLBGAME-25JUL23SFATL-SF,42,58,18,yes
1753287106630,1753287106,KXMLBGAME-25JUL23SDMIA-SD,56,44,174,yes
1753287108615,1753287108,KXMLBGAME-25JUL23CINWSH-CIN,52,48,8,yes
1753287108615,1753287108,KXMLBGAME-25JUL23CINWSH-CIN,53,47,12,yes
1753287109337,1753287109,KXMLBGAME-25JUL23KCCHC-KC,39,61,1144,no
1753287117620,1753287117,KXMLBGAME-25JUL23DETPIT-DET,56,44,303,yes
1753287117751,1753287117,KXMLBGAME-25JUL23SDMIA-SD,56,44,138,yes
1753287118855,1753287118,KXMLBGAME-25JUL23SDMIA-SD,56,44,29,yes
1753287129956,1753287129,KXMLBGAME-25JUL23STLCOL-COL,38,62,5,yes
1753287135631,1753287135,KXMLBGAME-25JUL23CINWSH-WSH,49,51,172,yes
1753287135631,1753287135,KXMLBGAME-25JUL23CINWSH-WSH,49,51,300,yes
1753287135631,1753287135,KXMLBGAME-25JUL23CINWSH-WSH,50,50,300,yes
1753287135631,1753287135,KXMLBGAME-25JUL23CINWSH-WSH,50,50,200,yes
1753287135631,1753287135,KXMLBGAME-25JUL23CINWSH-WSH,50,50,28,yes
1753287142353,1753287142,KXMLBGAME-25JUL23BOSPHI-PHI,58,42,16,yes
1753287142595,1753287142,KXMLBGAME-25JUL23CINWSH-WSH,51,49,9,yes
1753287149336,1753287149,KXMLBGAME-25JUL23SDMIA-SD,57,43,85,yes
1753287150033,1753287149,KXMLBGAME-25JUL23SFATL-SF,42,58,11,yes
1753287153533,1753287153,KXMLBGAME-25JUL23CINWSH-CIN,49,51,6,yes
1753287153533,1753287153,KXMLBGAME-25JUL23CINWSH-CIN,50,50,119,yes
1753287163233,1753287162,KXMLBGAME-25JUL23SDMIA-MIA,46,54,300,yes
1753287163337,1753287163,KXMLBGAME-25JUL23NYYTOR-TOR,45,55,10,yes
1753287165448,1753287165,KXMLBGAME-25JUL23SDMIA-SD,55,45,2,yes
1753287174052,1753287173,KXMLBGAME-25JUL23SDMIA-SD,54,46,179,yes
1753287180252,1753287180,KXMLBGAME-25JUL23LAANYM-LAA,39,61,24,yes
1753287201372,1753287201,KXMLBGAME-25JUL23SDMIA-MIA,47,53,76,yes
1753287217133,1753287217,KXMLBGAME-25JUL23HOUARI-HOU,47,53,51,yes
1753287231811,1753287231,KXMLBGAME-25JUL23SFATL-ATL,60,40,5,yes
1753287242863,1753287242,KXMLBGAME-25JUL23SDMIA-SD,54,46,71,yes
1753287256713,1753287256,KXMLBGAME-25JUL23BALCLE-CLE,55,45,19,yes
1753287257071,1753287257,KXMLBGAME-25JUL23SDMIA-SD,54,46,50,yes
1753287257071,1753287257,KXMLBGAME-25JUL23SDMIA-SD,55,45,300,yes
1753287257071,1753287257,KXMLBGAME-25JUL23SDMIA-SD,55,45,42,yes
1753287262210,1753287262,KXMLBGAME-25JUL23BALCLE-BAL,46,54,2,yes
1753287275792,1753287275,KXMLBGAME-25JUL23ATHTEX-TEX,57,43,18,yes
1753287278112,1753287278,KXMLBGAME-25JUL23DETPIT-PIT,45,55,19,no
1753287285293,1753287285,KXMLBGAME-25JUL23DETPIT-DET,56,44,138,yes
1753287287411,1753287287,KXMLBGAME-25JUL23SDMIA-MIA,48,52,300,yes
1753287287411,1753287287,KXMLBGAME-25JUL23SDMIA-MIA,48,52,51,yes
1753287287411,1753287287,KXMLBGAME-25JUL23SDMIA-MIA,48,52,44,yes
1753287300637,1753287300,KXMLBGAME-25JUL23CINWSH-WSH,50,50,50,no
1753287300637,1753287300,KXMLBGAME-25JUL23CINWSH-WSH,50,50,260,no
1753287307931,1753287307,KXMLBGAME-25JUL23CINWSH-WSH,52,48,4,yes
1753287313252,1753287313,KXMLBGAME-25JUL23SFATL-ATL,60,40,87,yes
1753287313252,1753287313,KXMLBGAME-25JUL23SFATL-ATL,60,40,75,yes
1753287313252,1753287313,KXMLBGAME-25JUL23SFATL-ATL,60,40,81,yes
1753287320772,1753287320,KXMLBGAME-25JUL23DETPIT-DET,55,45,10,no
1753287322175,1753287322,KXMLBGAME-25JUL23CINWSH-CIN,52,48,1,yes
1753287337530,1753287337,KXMLBGAME-25JUL23CINWSH-CIN,52,48,300,yes
1753287338556,1753287338,KXMLBGAME-25JUL23CINWSH-CIN,53,47,9,yes
1753287341193,1753287341,KXMLBGAME-25JUL23MINLAD-LAD,65,35,14,no
1753287344734,1753287344,KXMLBGAME-25JUL23CINWSH-CIN,53,47,27,yes
1753287348492,1753287348,KXMLBGAME-25JUL23SFATL-ATL,60,40,162,yes
1753287362214,1753287362,KXMLBGAME-25JUL23SFATL-SF,41,59,70,yes
1753287365535,1753287365,KXMLBGAME-25JUL23SFATL-SF,41,59,11,yes
1753287369532,1753287369,KXMLBGAME-25JUL23DETPIT-PIT,45,55,1,yes
1753287369532,1753287369,KXMLBGAME-25JUL23DETPIT-PIT,45,55,2,yes
1753287370138,1753287369,KXMLBGAME-25JUL23SDMIA-SD,52,48,3,yes
1753287370312,1753287370,KXMLBGAME-25JUL23CINWSH-CIN,53,47,164,yes
1753287370312,1753287370,KXMLBGAME-25JUL23CINWSH-CIN,53,47,91,yes
1753287378875,1753287378,KXMLBGAME-25JUL23SDMIA-SD,52,48,372,yes
1753287378896,1753287378,KXMLBGAME-25JUL23DETPIT-DET,56,44,5,yes
1753287381376,1753287381,KXMLBGAME-25JUL23CINWSH-WSH,47,53,10,yes
1753287384435,1753287384,KXMLBGAME-25JUL23SFATL-ATL,61,39,3,yes
1753287388681,1753287388,KXMLBGAME-25JUL23CINWSH-CIN,53,47,209,yes
1753287388681,1753287388,KXMLBGAME-25JUL23CINWSH-CIN,54,46,200,yes
1753287388681,1753287388,KXMLBGAME-25JUL23CINWSH-CIN,54,46,300,yes
1753287388681,1753287388,KXMLBGAME-25JUL23CINWSH-CIN,55,45,300,yes
1753287388682,1753287388,KXMLBGAME-25JUL23CINWSH-CIN,55,45,200,yes
1753287388682,1753287388,KXMLBGAME-25JUL23CINWSH-CIN,55,45,300,yes
1753287388682,1753287388,KXMLBGAME-25JUL23CINWSH-CIN,56,44,500,yes
1753287388682,1753287388,KXMLBGAME-25JUL23CINWSH-CIN,56,44,5,yes
1753287388682,1753287388,KXMLBGAME-25JUL23CINWSH-CIN,56,44,3,yes
1753287388682,1753287388,KXMLBGAME-25JUL23CINWSH-CIN,57,43,500,yes
1753287388682,1753287388,KXMLBGAME-25JUL23CINWSH-CIN,57,43,283,yes
1753287396253,1753287396,KXMLBGAME-25JUL23SDMIA-SD,51,49,47,yes
1753287396471,1753287396,KXMLBGAME-25JUL23SDMIA-SD,51,49,18,yes
1753287407657,1753287407,KXMLBGAME-25JUL23HOUARI-HOU,47,53,102,yes
1753287408957,1753287408,KXMLBGAME-25JUL23DETPIT-PIT,45,55,4,yes
1753287412512,1753287412,KXMLBGAME-25JUL23CINWSH-WSH,47,53,34,yes
1753287413952,1753287413,KXMLBGAME-25JUL23SFATL-SF,41,59,11,yes
1753287415100,1753287414,KXMLBGAME-25JUL23DETPIT-DET,56,44,4,yes
1753287416432,1753287416,KXMLBGAME-25JUL23CINWSH-WSH,47,53,98,yes
1753287428414,1753287428,KXMLBGAME-25JUL23NYYTOR-TOR,45,55,342,yes
1753287428414,1753287428,KXMLBGAME-25JUL23NYYTOR-TOR,45,55,941,yes
1753287435273,1753287435,KXMLBGAME-25JUL23DETPIT-PIT,45,55,11,yes
1753287436213,1753287436,KXMLBGAME-25JUL23SDMIA-SD,51,49,189,yes
1753287444633,1753287444,KXMLBGAME-25JUL23LAANYM-NYM,62,38,3,yes
1753287445935,1753287445,KXMLBGAME-25JUL23CINWSH-WSH,46,54,10,no
1753287445935,1753287445,KXMLBGAME-25JUL23CINWSH-WSH,46,54,19,no
1753287445935,1753287445,KXMLBGAME-25JUL23CINWSH-WSH,45,55,64,no
1753287448893,1753287448,KXMLBGAME-25JUL23CINWSH-WSH,47,53,16,yes
1753287450419,1753287450,KXMLBGAME-25JUL23CINWSH-CIN,55,45,232,yes
1753287454535,1753287453,KXMLBGAME-25JUL23SFATL-ATL,60,40,3000,yes
1753287457553,1753287457,KXMLBGAME-25JUL23KCCHC-CHC,61,39,3,yes
1753287459854,1753287459,KXMLBGAME-25JUL23SDMIA-SD,51,49,46,yes
1753287459854,1753287459,KXMLBGAME-25JUL23SDMIA-SD,52,48,47,yes
1753287460236,1753287460,KXMLBGAME-25JUL23DETPIT-DET,56,44,34,yes
1753287460554,1753287460,KXMLBGAME-25JUL23SDMIA-MIA,51,49,36,yes
1753287468173,1753287468,KXMLBGAME-25JUL23MILSEA-MIL,46,54,104,yes
1753287469066,1753287468,KXMLBGAME-25JUL23CINWSH-CIN,55,45,35,yes
1753287477155,1753287477,KXMLBGAME-25JUL23STLCOL-STL,63,37,3,yes
1753287479057,1753287479,KXMLBGAME-25JUL23CINWSH-WSH,47,53,20,yes
1753287484377,1753287484,KXMLBGAME-25JUL23CINWSH-CIN,54,46,89,yes
1753287490336,1753287490,KXMLBGAME-25JUL23SDMIA-MIA,51,49,186,yes
1753287508334,1753287508,KXMLBGAME-25JUL23KCCHC-CHC,61,39,31,yes
1753287511133,1753287510,KXMLBGAME-25JUL23SFATL-ATL,62,38,78,yes
1753287520334,1753287520,KXMLBGAME-25JUL23STLCOL-STL,63,37,23,yes
1753287522915,1753287522,KXMLBGAME-25JUL23CINWSH-CIN,54,46,89,yes
1753287527991,1753287527,KXMLBGAME-25JUL23SFATL-ATL,62,38,88,yes
1753287529171,1753287529,KXMLBGAME-25JUL23CINWSH-CIN,54,46,897,yes
1753287529194,1753287529,KXMLBGAME-25JUL23SFATL-SF,40,60,49,yes
1753287532154,1753287532,KXMLBGAME-25JUL23SDMIA-SD,51,49,179,yes
1753287534954,1753287534,KXMLBGAME-25JUL23SFATL-SF,40,60,251,yes
1753287534954,1753287534,KXMLBGAME-25JUL23SFATL-SF,40,60,86,yes
1753287534954,1753287534,KXMLBGAME-25JUL23SFATL-SF,41,59,663,yes
1753287534974,1753287534,KXMLBGAME-25JUL23KCCHC-CHC,61,39,7,yes
1753287552452,1753287552,KXMLBGAME-25JUL23CINWSH-CIN,53,47,87,no
1753287552552,1753287552,KXMLBGAME-25JUL23CINWSH-WSH,47,53,87,yes
1753287552572,1753287552,KXMLBGAME-25JUL23CWSTB-TB,66,34,5,yes
1753287553242,1753287553,KXMLBGAME-25JUL23CINWSH-CIN,52,48,300,no
1753287553242,1753287553,KXMLBGAME-25JUL23CINWSH-CIN,52,48,87,no
1753287553293,1753287553,KXMLBGAME-25JUL23CINWSH-WSH,48,52,87,yes
1753287554573,1753287554,KXMLBGAME-25JUL23BOSPHI-BOS,43,57,16,yes
1753287556912,1753287556,KXMLBGAME-25JUL23SDMIA-SD,49,51,50,yes
1753287561225,1753287561,KXMLBGAME-25JUL23LAANYM-LAA,39,61,504,yes
1753287562145,1753287561,KXMLBGAME-25JUL23SFATL-ATL,60,40,40,yes
1753287565017,1753287564,KXMLBGAME-25JUL23SFATL-SF,42,58,1,yes
1753287573719,1753287573,KXMLBGAME-25JUL23SDMIA-MIA,54,46,41,yes
1753287580068,1753287579,KXMLBGAME-25JUL23SDMIA-SD,47,53,71,yes
1753287587913,1753287587,KXMLBGAME-25JUL23SDMIA-SD,47,53,61,yes
1753287590103,1753287589,KXMLBGAME-25JUL23CINWSH-CIN,52,48,300,yes
1753287590103,1753287589,KXMLBGAME-25JUL23CINWSH-CIN,53,47,3358,yes
1753287593038,1753287592,KXMLBGAME-25JUL23MINLAD-MIN,35,65,2,yes
1753287594237,1753287594,KXMLBGAME-25JUL23KCCHC-CHC,61,39,12,yes
1753287597634,1753287597,KXMLBGAME-25JUL23CINWSH-CIN,52,48,78,yes
1753287598774,1753287598,KXMLBGAME-25JUL23SDMIA-MIA,54,46,35,yes
1753287604030,1753287603,KXMLBGAME-25JUL23SFATL-ATL,60,40,372,yes
1753287605752,1753287605,KXMLBGAME-25JUL23SDMIA-MIA,54,46,33,yes
1753287625355,1753287625,KXMLBGAME-25JUL23CINWSH-WSH,50,50,23,yes
1753287627273,1753287627,KXMLBGAME-25JUL23LAANYM-NYM,62,38,73,yes
1753287627273,1753287627,KXMLBGAME-25JUL23LAANYM-NYM,62,38,430,yes
1753287628557,1753287628,KXMLBGAME-25JUL23CINWSH-CIN,51,49,45,yes
1753287630395,1753287630,KXMLBGAME-25JUL23SDMIA-SD,48,52,20,yes
1753287631984,1753287631,KXMLBGAME-25JUL23SDMIA-MIA,53,47,45,yes
1753287634316,1753287634,KXMLBGAME-25JUL23SDMIA-SD,48,52,20,yes
1753287641951,1753287641,KXMLBGAME-25JUL23SDMIA-SD,48,52,231,yes
1753287655853,1753287655,KXMLBGAME-25JUL23CINWSH-WSH,50,50,14,yes
1753287662912,1753287662,KXMLBGAME-25JUL23SDMIA-SD,47,53,205,yes
1753287663073,1753287663,KXMLBGAME-25JUL23KCCHC-KC,40,60,67,yes
1753287663912,1753287663,KXMLBGAME-25JUL23LAANYM-LAA,39,61,1,yes
1753287665915,1753287665,KXMLBGAME-25JUL23SFATL-ATL,62,38,215,yes
1753287666714,1753287666,KXMLBGAME-25JUL23SFATL-ATL,62,38,30,yes
1753287676144,1753287675,KXMLBGAME-25JUL23SFATL-ATL,63,37,23,yes
1753287682173,1753287682,KXMLBGAME-25JUL23CINWSH-WSH,50,50,500,yes
1753287683635,1753287683,KXMLBGAME-25JUL23SDMIA-SD,47,53,29,yes
1753287686565,1753287686,KXMLBGAME-25JUL23MINLAD-MIN,35,65,1,yes
1753287689739,1753287689,KXMLBGAME-25JUL23CWSTB-CWS,35,65,14,yes
1753287697952,1753287697,KXMLBGAME-25JUL23SDMIA-SD,46,54,104,yes
1753287699553,1753287699,KXMLBGAME-25JUL23CWSTB-TB,66,34,2,yes
1753287705634,1753287705,KXMLBGAME-25JUL23MINLAD-LAD,66,34,29,yes
1753287713189,1753287713,KXMLBGAME-25JUL23LAANYM-LAA,39,61,14,yes
1753287714010,1753287713,KXMLBGAME-25JUL23CINWSH-WSH,50,50,57,yes
1753287724672,1753287724,KXMLBGAME-25JUL23ATHTEX-TEX,56,44,102,no
1753287739892,1753287739,KXMLBGAME-25JUL23SDMIA-SD,45,55,34,no
1753287742394,1753287742,KXMLBGAME-25JUL23SDMIA-SD,44,56,165,no
1753287742394,1753287742,KXMLBGAME-25JUL23SDMIA-SD,44,56,25,no
1753287742394,1753287742,KXMLBGAME-25JUL23SDMIA-SD,44,56,110,no
1753287742473,1753287742,KXMLBGAME-25JUL23SDMIA-MIA,56,44,25,yes
1753287742473,1753287742,KXMLBGAME-25JUL23SDMIA-MIA,57,43,300,yes
1753287742473,1753287742,KXMLBGAME-25JUL23SDMIA-MIA,58,42,200,yes
1753287742473,1753287742,KXMLBGAME-25JUL23SDMIA-MIA,58,42,300,yes
1753287744136,1753287744,KXMLBGAME-25JUL23SFATL-SF,40,60,235,yes
1753287746916,1753287746,KXMLBGAME-25JUL23SFATL-ATL,62,38,300,yes
1753287746916,1753287746,KXMLBGAME-25JUL23SFATL-ATL,62,38,14,yes
1753287747338,1753287747,KXMLBGAME-25JUL23SDMIA-SD,42,58,97,yes
1753287757057,1753287756,KXMLBGAME-25JUL23CINWSH-CIN,49,51,87,yes
1753287757058,1753287756,KXMLBGAME-25JUL23CINWSH-CIN,50,50,11,yes
1753287772069,1753287771,KXMLBGAME-25JUL23DETPIT-DET,56,44,415,yes
1753287778556,1753287778,KXMLBGAME-25JUL23SFATL-SF,41,59,58,yes
1753287780898,1753287780,KXMLBGAME-25JUL23CINWSH-CIN,50,50,19,yes
1753287783192,1753287783,KXMLBGAME-25JUL23SDMIA-SD,41,59,11,yes
1753287784761,1753287784,KXMLBGAME-25JUL23CINWSH-WSH,50,50,96,yes
1753287784994,1753287784,KXMLBGAME-25JUL23DETPIT-PIT,45,55,4,yes
1753287787020,1753287786,KXMLBGAME-25JUL23SDMIA-SD,41,59,23,yes
1753287796093,1753287796,KXMLBGAME-25JUL23SDMIA-SD,42,58,45,yes
1753287799716,1753287799,KXMLBGAME-25JUL23SDMIA-SD,42,58,255,yes
1753287799716,1753287799,KXMLBGAME-25JUL23SDMIA-SD,42,58,191,yes
1753287802553,1753287802,KXMLBGAME-25JUL23SDMIA-SD,42,58,109,yes
1753287802553,1753287802,KXMLBGAME-25JUL23SDMIA-SD,42,58,166,yes
1753287802553,1753287802,KXMLBGAME-25JUL23SDMIA-SD,42,58,225,yes
1753287803915,1753287803,KXMLBGAME-25JUL23SFATL-SF,41,59,234,yes
1753287807694,1753287807,KXMLBGAME-25JUL23CINWSH-WSH,50,50,9,yes
1753287808627,1753287808,KXMLBGAME-25JUL23SDMIA-MIA,58,42,83,yes
1753287817234,1753287817,KXMLBGAME-25JUL23SDMIA-SD,43,57,300,yes
1753287817234,1753287817,KXMLBGAME-25JUL23SDMIA-SD,44,56,87,yes
1753287817234,1753287817,KXMLBGAME-25JUL23SDMIA-SD,44,56,600,yes
1753287817235,1753287817,KXMLBGAME-25JUL23SDMIA-SD,45,55,200,yes
1753287817235,1753287817,KXMLBGAME-25JUL23SDMIA-SD,45,55,300,yes
1753287817252,1753287817,KXMLBGAME-25JUL23SDMIA-MIA,57,43,300,no
1753287817392,1753287817,KXMLBGAME-25JUL23SDMIA-MIA,55,45,87,no
1753287817670,1753287817,KXMLBGAME-25JUL23SDMIA-SD,45,55,87,yes
1753287822789,1753287822,KXMLBGAME-25JUL23CINWSH-WSH,50,50,301,yes
1753287827993,1753287827,KXMLBGAME-25JUL23MILSEA-MIL,46,54,104,yes
1753287827993,1753287827,KXMLBGAME-25JUL23SDMIA-MIA,54,46,12,yes
1753287829934,1753287829,KXMLBGAME-25JUL23CINWSH-CIN,50,50,96,yes
1753287836553,1753287836,KXMLBGAME-25JUL23SFATL-SF,40,60,8,yes
1753287836553,1753287836,KXMLBGAME-25JUL23SFATL-SF,41,59,83,yes
1753287849212,1753287849,KXMLBGAME-25JUL23SFATL-ATL,61,39,23,yes
1753287849334,1753287849,KXMLBGAME-25JUL23SDMIA-MIA,54,46,55,yes
1753287860544,1753287859,KXMLBGAME-25JUL23CINWSH-CIN,50,50,174,yes
1753287860544,1753287859,KXMLBGAME-25JUL23CINWSH-CIN,50,50,85,yes
1753287860544,1753287859,KXMLBGAME-25JUL23CINWSH-CIN,51,49,74,yes
1753287862314,1753287862,KXMLBGAME-25JUL23CINWSH-WSH,51,49,47,yes
1753287863891,1753287863,KXMLBGAME-25JUL23STLCOL-COL,38,62,24,yes
1753287864452,1753287864,KXMLBGAME-25JUL23CINWSH-WSH,51,49,18,yes
1753287864651,1753287864,KXMLBGAME-25JUL23KCCHC-CHC,61,39,119,yes
1753287867534,1753287867,KXMLBGAME-25JUL23SDMIA-SD,48,52,300,yes
1753287867534,1753287867,KXMLBGAME-25JUL23SDMIA-SD,49,51,87,yes
1753287867534,1753287867,KXMLBGAME-25JUL23SDMIA-SD,50,50,14,yes
1753287873651,1753287873,KXMLBGAME-25JUL23MINLAD-LAD,66,34,147,yes
1753287882048,1753287881,KXMLBGAME-25JUL23SDMIA-MIA,53,47,107,yes
1753287888396,1753287888,KXMLBGAME-25JUL23MILSEA-MIL,46,54,20,yes
1753287899046,1753287898,KXMLBGAME-25JUL23SDMIA-SD,49,51,100,yes
1753287900815,1753287900,KXMLBGAME-25JUL23BALCLE-CLE,55,45,176,yes
1753287904374,1753287904,KXMLBGAME-25JUL23LAANYM-NYM,62,38,573,yes
1753287905952,1753287905,KXMLBGAME-25JUL23SFATL-SF,42,58,65,yes
1753287905952,1753287905,KXMLBGAME-25JUL23SFATL-SF,42,58,163,yes
1753287906733,1753287906,KXMLBGAME-25JUL23SDMIA-MIA,52,48,18,yes
1753287910681,1753287910,KXMLBGAME-25JUL23SDMIA-SD,49,51,200,yes
1753287910681,1753287910,KXMLBGAME-25JUL23SDMIA-SD,50,50,5000,yes
1753287910681,1753287910,KXMLBGAME-25JUL23SDMIA-SD,50,50,300,yes
1753287910681,1753287910,KXMLBGAME-25JUL23SDMIA-SD,50,50,200,yes
1753287914509,1753287914,KXMLBGAME-25JUL23SFATL-ATL,60,40,105,yes
1753287921292,1753287921,KXMLBGAME-25JUL23SDMIA-MIA,49,51,197,yes
1753287925056,1753287924,KXMLBGAME-25JUL23SFATL-SF,42,58,34,yes
1753287926592,1753287926,KXMLBGAME-25JUL23SDMIA-MIA,49,51,2,yes
1753287930074,1753287929,KXMLBGAME-25JUL23SFATL-ATL,60,40,162,yes
1753287932293,1753287932,KXMLBGAME-25JUL23NYYTOR-TOR,45,55,17,yes
1753287932293,1753287932,KXMLBGAME-25JUL23NYYTOR-TOR,45,55,36,yes
1753287934784,1753287934,KXMLBGAME-25JUL23SFATL-ATL,60,40,243,yes
1753287939212,1753287939,KXMLBGAME-25JUL23HOUARI-HOU,47,53,10,yes
1753287941013,1753287940,KXMLBGAME-25JUL23CINWSH-CIN,52,48,93,yes
1753287942714,1753287942,KXMLBGAME-25JUL23CINWSH-CIN,52,48,207,yes
1753287942714,1753287942,KXMLBGAME-25JUL23CINWSH-CIN,53,47,140,yes
1753287945831,1753287945,KXMLBGAME-25JUL23CINWSH-CIN,52,48,1,no
1753287951785,1753287951,KXMLBGAME-25JUL23CWSTB-CWS,35,65,13,yes
1753287953625,1753287953,KXMLBGAME-25JUL23HOUARI-HOU,47,53,20,yes
1753287956494,1753287956,KXMLBGAME-25JUL23CINWSH-WSH,48,52,286,yes
1753287956494,1753287956,KXMLBGAME-25JUL23CINWSH-WSH,48,52,535,yes
1753287956494,1753287956,KXMLBGAME-25JUL23CINWSH-WSH,48,52,87,yes
1753287956494,1753287956,KXMLBGAME-25JUL23CINWSH-WSH,49,51,288,yes
1753287973312,1753287973,KXMLBGAME-25JUL23CINWSH-WSH,49,51,94,yes
1753287975335,1753287975,KXMLBGAME-25JUL23CINWSH-WSH,49,51,3,yes
1753287976316,1753287976,KXMLBGAME-25JUL23DETPIT-PIT,45,55,10,yes
1753287976437,1753287976,KXMLBGAME-25JUL23CINWSH-CIN,53,47,27,yes
1753287976495,1753287976,KXMLBGAME-25JUL23CINWSH-CIN,53,47,18,yes
1753287985353,1753287985,KXMLBGAME-25JUL23CINWSH-CIN,53,47,9,yes
1753287988539,1753287988,KXMLBGAME-25JUL23DETPIT-DET,56,44,221,yes
1753287989135,1753287989,KXMLBGAME-25JUL23SDMIA-SD,51,49,300,yes
1753287989135,1753287989,KXMLBGAME-25JUL23SDMIA-SD,52,48,265,yes
1753287994256,1753287994,KXMLBGAME-25JUL23SDMIA-SD,52,48,59,yes
1753287996225,1753287996,KXMLBGAME-25JUL23SFATL-SF,41,59,7,yes
1753288002433,1753288002,KXMLBGAME-25JUL23SFATL-ATL,60,40,16,yes
1753288004632,1753288004,KXMLBGAME-25JUL23SDMIA-SD,52,48,1000,no
1753288007451,1753288007,KXMLBGAME-25JUL23SFATL-ATL,60,40,1,yes
1753288013453,1753288013,KXMLBGAME-25JUL23HOUARI-HOU,47,53,205,yes
1753288014294,1753288014,KXMLBGAME-25JUL23SFATL-SF,41,59,70,yes
1753288015714,1753288015,KXMLBGAME-25JUL23CINWSH-CIN,54,46,18,yes
1753288015834,1753288015,KXMLBGAME-25JUL23CINWSH-CIN,54,46,80,yes
1753288015834,1753288015,KXMLBGAME-25JUL23CINWSH-CIN,54,46,99,yes
1753288021694,1753288021,KXMLBGAME-25JUL23CINWSH-WSH,48,52,87,yes
1753288021694,1753288021,KXMLBGAME-25JUL23CINWSH-WSH,49,51,77,yes
1753288021814,1753288021,KXMLBGAME-25JUL23MINLAD-LAD,66,34,23,yes
1753288025273,1753288025,KXMLBGAME-25JUL23SDMIA-SD,40,60,300,yes
1753288025273,1753288025,KXMLBGAME-25JUL23SDMIA-SD,41,59,72,yes
1753288027758,1753288027,KXMLBGAME-25JUL23DETPIT-PIT,45,55,32,yes
1753288028973,1753288028,KXMLBGAME-25JUL23SDMIA-SD,40,60,11,yes
1753288036983,1753288036,KXMLBGAME-25JUL23DETPIT-PIT,45,55,21,yes
1753288039712,1753288039,KXMLBGAME-25JUL23CINWSH-CIN,54,46,3,yes
1753288046401,1753288046,KXMLBGAME-25JUL23HOUARI-HOU,47,53,30,yes
1753288047116,1753288047,KXMLBGAME-25JUL23SFATL-SF,43,57,116,yes
1753288047553,1753288047,KXMLBGAME-25JUL23CINWSH-CIN,54,46,198,yes
1753288047553,1753288047,KXMLBGAME-25JUL23CINWSH-CIN,54,46,110,yes
1753288047553,1753288047,KXMLBGAME-25JUL23CINWSH-CIN,54,46,77,yes
1753288047553,1753288047,KXMLBGAME-25JUL23CINWSH-CIN,55,45,200,yes
1753288047553,1753288047,KXMLBGAME-25JUL23CINWSH-CIN,55,45,35,yes
1753288048575,1753288048,KXMLBGAME-25JUL23KCCHC-KC,40,60,11,yes
1753288060814,1753288060,KXMLBGAME-25JUL23LAANYM-NYM,62,38,15,yes
1753288065413,1753288065,KXMLBGAME-25JUL23SDMIA-SD,41,59,16,yes
1753288066094,1753288065,KXMLBGAME-25JUL23SDMIA-SD,39,61,58,no
1753288071034,1753288070,KXMLBGAME-25JUL23CINWSH-CIN,54,46,17,yes
1753288072451,1753288072,KXMLBGAME-25JUL23CINWSH-CIN,53,47,871,no
1753288075512,1753288075,KXMLBGAME-25JUL23NYYTOR-NYY,57,43,17,yes
1753288080233,1753288080,KXMLBGAME-25JUL23SDMIA-SD,41,59,234,yes
1753288081693,1753288081,KXMLBGAME-25JUL23SDMIA-SD,39,61,100,no
1753288082212,1753288082,KXMLBGAME-25JUL23SDMIA-MIA,60,40,1,yes
1753288082435,1753288082,KXMLBGAME-25JUL23SFATL-SF,43,57,11,yes
1753288082534,1753288082,KXMLBGAME-25JUL23SFATL-SF,43,57,873,yes
1753288083133,1753288083,KXMLBGAME-25JUL23SDMIA-SD,42,58,22,yes
1753288083692,1753288083,KXMLBGAME-25JUL23SDMIA-MIA,60,40,21,yes
1753288087054,1753288086,KXMLBGAME-25JUL23SFATL-ATL,57,43,340,yes
1753288088233,1753288088,KXMLBGAME-25JUL23CINWSH-WSH,49,51,102,yes
1753288088613,1753288088,KXMLBGAME-25JUL23BALCLE-CLE,55,45,26,yes
1753288088735,1753288088,KXMLBGAME-25JUL23SFATL-SF,44,56,44,yes
1753288088735,1753288088,KXMLBGAME-25JUL23SFATL-SF,45,55,170,yes
1753288090896,1753288090,KXMLBGAME-25JUL23SDMIA-MIA,60,40,6,yes
1753288093232,1753288093,KXMLBGAME-25JUL23CWSTB-CWS,35,65,27,yes
1753288093394,1753288093,KXMLBGAME-25JUL23SDMIA-SD,42,58,11,yes
1753288093473,1753288093,KXMLBGAME-25JUL23MILSEA-MIL,46,54,6,yes
1753288094052,1753288094,KXMLBGAME-25JUL23DETPIT-DET,56,44,19,yes
1753288096147,1753288095,KXMLBGAME-25JUL23SDMIA-SD,40,60,299,yes
1753288096833,1753288096,KXMLBGAME-25JUL23SDMIA-MIA,60,40,35,yes
1753288101112,1753288101,KXMLBGAME-25JUL23CINWSH-CIN,53,47,182,yes
1753288107533,1753288107,KXMLBGAME-25JUL23SFATL-ATL,56,44,433,yes
1753288109713,1753288109,KXMLBGAME-25JUL23SDMIA-SD,40,60,100,yes
1753288110993,1753288110,KXMLBGAME-25JUL23ATHTEX-ATH,45,55,6,yes
1753288114773,1753288114,KXMLBGAME-25JUL23SDMIA-SD,40,60,48,yes
1753288116275,1753288116,KXMLBGAME-25JUL23SDMIA-MIA,60,40,162,yes
1753288118954,1753288118,KXMLBGAME-25JUL23SFATL-SF,46,54,41,yes
1753288119995,1753288119,KXMLBGAME-25JUL23SDMIA-SD,40,60,152,yes
1753288119995,1753288119,KXMLBGAME-25JUL23SDMIA-SD,41,59,71,yes
1753288119995,1753288119,KXMLBGAME-25JUL23SDMIA-SD,41,59,14,yes
1753288121238,1753288121,KXMLBGAME-25JUL23SFATL-SF,46,54,8,yes
1753288121238,1753288121,KXMLBGAME-25JUL23SFATL-SF,46,54,1,yes
1753288121238,1753288121,KXMLBGAME-25JUL23SFATL-SF,46,54,1,yes
1753288122532,1753288122,KXMLBGAME-25JUL23SFATL-ATL,55,45,176,yes
1753288123753,1753288123,KXMLBGAME-25JUL23SFATL-SF,46,54,20,yes
1753288127195,1753288127,KXMLBGAME-25JUL23CINWSH-WSH,47,53,6,yes
1753288127973,1753288127,KXMLBGAME-25JUL23SDMIA-MIA,61,39,23,yes
1753288128213,1753288128,KXMLBGAME-25JUL23STLCOL-COL,38,62,25,yes
1753288129254,1753288129,KXMLBGAME-25JUL23SDMIA-MIA,61,39,31,yes
1753288131572,1753288131,KXMLBGAME-25JUL23KCCHC-KC,40,60,95,yes
1753288134978,1753288134,KXMLBGAME-25JUL23SDMIA-SD,41,59,23,yes
1753288135135,1753288135,KXMLBGAME-25JUL23SDMIA-MIA,60,40,8,yes
1753288135494,1753288135,KXMLBGAME-25JUL23DETPIT-DET,56,44,1122,yes
1753288136075,1753288136,KXMLBGAME-25JUL23CINWSH-WSH,47,53,10,yes
1753288137692,1753288137,KXMLBGAME-25JUL23SDMIA-MIA,60,40,19,yes
1753288138291,1753288138,KXMLBGAME-25JUL23SDMIA-MIA,60,40,3,yes
1753288139170,1753288139,KXMLBGAME-25JUL23SFATL-SF,46,54,104,yes
1753288140093,1753288140,KXMLBGAME-25JUL23DETPIT-PIT,45,55,10,yes
1753288142333,1753288142,KXMLBGAME-25JUL23SDMIA-MIA,60,40,105,yes
1753288145974,1753288145,KXMLBGAME-25JUL23CWSTB-CWS,35,65,15,yes
1753288147675,1753288147,KXMLBGAME-25JUL23BALCLE-BAL,46,54,6,yes
1753288147834,1753288147,KXMLBGAME-25JUL23LAANYM-NYM,62,38,1,yes
1753288153134,1753288153,KXMLBGAME-25JUL23DETPIT-DET,56,44,4,yes
1753288154233,1753288154,KXMLBGAME-25JUL23DETPIT-DET,56,44,83,yes
1753288154233,1753288154,KXMLBGAME-25JUL23DETPIT-DET,56,44,90,yes
1753288155172,1753288155,KXMLBGAME-25JUL23DETPIT-DET,56,44,19,yes
1753288160974,1753288160,KXMLBGAME-25JUL23MILSEA-MIL,46,54,167,yes
1753288165151,1753288165,KXMLBGAME-25JUL23MINLAD-MIN,34,66,16,no
1753288169696,1753288169,KXMLBGAME-25JUL23CINWSH-CIN,54,46,17,yes
1753288170092,1753288170,KXMLBGAME-25JUL23SDMIA-MIA,61,39,83,yes
1753288170092,1753288170,KXMLBGAME-25JUL23SDMIA-MIA,61,39,76,yes
1753288171114,1753288171,KXMLBGAME-25JUL23MINLAD-LAD,66,34,73,yes
1753288171412,1753288171,KXMLBGAME-25JUL23STLCOL-STL,63,37,30,yes
1753288175913,1753288175,KXMLBGAME-25JUL23SFATL-ATL,55,45,1,yes
1753288175913,1753288175,KXMLBGAME-25JUL23SFATL-ATL,56,44,1,yes
1753288175913,1753288175,KXMLBGAME-25JUL23SFATL-SF,45,55,1,no
1753288175913,1753288175,KXMLBGAME-25JUL23SFATL-SF,44,56,1,no
1753288177780,1753288177,KXMLBGAME-25JUL23ATHTEX-ATH,45,55,21,yes
1753288180372,1753288180,KXMLBGAME-25JUL23DETPIT-DET,56,44,87,yes
1753288180492,1753288180,KXMLBGAME-25JUL23HOUARI-ARI,54,46,143,yes
1753288181775,1753288181,KXMLBGAME-25JUL23SFATL-ATL,62,38,18,yes
1753288181853,1753288181,KXMLBGAME-25JUL23CINWSH-CIN,54,46,70,yes
1753288181853,1753288181,KXMLBGAME-25JUL23CINWSH-CIN,54,46,17,yes
1753288181853,1753288181,KXMLBGAME-25JUL23CINWSH-CIN,55,45,500,yes
1753288181853,1753288181,KXMLBGAME-25JUL23CINWSH-CIN,55,45,295,yes
1753288183112,1753288182,KXMLBGAME-25JUL23SFATL-SF,40,60,117,yes
1753288183133,1753288183,KXMLBGAME-25JUL23SDMIA-MIA,61,39,2,yes
1753288183933,1753288183,KXMLBGAME-25JUL23LAANYM-NYM,62,38,235,yes
1753288190333,1753288190,KXMLBGAME-25JUL23CINWSH-WSH,47,53,51,yes
1753288190533,1753288190,KXMLBGAME-25JUL23SFATL-SF,39,61,245,yes
1753288192624,1753288192,KXMLBGAME-25JUL23CWSTB-CWS,35,65,14,yes
1753288196075,1753288196,KXMLBGAME-25JUL23STLCOL-STL,63,37,1,yes
1753288197442,1753288197,KXMLBGAME-25JUL23KCCHC-KC,40,60,120,yes
1753288198093,1753288198,KXMLBGAME-25JUL23LAANYM-NYM,62,38,15,yes
1753288198213,1753288198,KXMLBGAME-25JUL23SDMIA-MIA,60,40,16,yes
1753288198292,1753288198,KXMLBGAME-25JUL23KCCHC-CHC,61,39,239,yes
1753288199053,1753288199,KXMLBGAME-25JUL23SDMIA-MIA,60,40,8,yes
1753288200206,1753288200,KXMLBGAME-25JUL23KCCHC-CHC,61,39,16,yes
1753288203414,1753288203,KXMLBGAME-25JUL23NYYTOR-TOR,45,55,4,yes
1753288203833,1753288203,KXMLBGAME-25JUL23LAANYM-NYM,62,38,249,yes
1753288203833,1753288203,KXMLBGAME-25JUL23LAANYM-NYM,62,38,41,yes
1753288207234,1753288207,KXMLBGAME-25JUL23DETPIT-DET,56,44,38,yes
1753288211881,1753288211,KXMLBGAME-25JUL23SFATL-ATL,62,38,2,yes
1753288213417,1753288213,KXMLBGAME-25JUL23BOSPHI-BOS,43,57,22,yes
1753288213453,1753288213,KXMLBGAME-25JUL23SFATL-ATL,62,38,337,yes
1753288219075,1753288219,KXMLBGAME-25JUL23STLCOL-STL,63,37,232,yes
1753288219436,1753288219,KXMLBGAME-25JUL23ATHTEX-TEX,57,43,17,yes
1753288226421,1753288226,KXMLBGAME-25JUL23MINLAD-LAD,66,34,1,yes
1753288226472,1753288226,KXMLBGAME-25JUL23SFATL-SF,39,61,55,yes
1753288226472,1753288226,KXMLBGAME-25JUL23SFATL-SF,40,60,36,yes
1753288226472,1753288226,KXMLBGAME-25JUL23SFATL-SF,41,59,600,yes
1753288226472,1753288226,KXMLBGAME-25JUL23SFATL-SF,41,59,1654,yes
1753288229473,1753288229,KXMLBGAME-25JUL23LAANYM-LAA,38,62,17,no
1753288240514,1753288240,KXMLBGAME-25JUL23STLCOL-STL,63,37,15,yes
1753288241215,1753288241,KXMLBGAME-25JUL23DETPIT-DET,56,44,2546,yes
1753288248913,1753288248,KXMLBGAME-25JUL23SDMIA-SD,46,54,616,yes
1753288253473,1753288253,KXMLBGAME-25JUL23SFATL-SF,40,60,27,yes
1753288253473,1753288253,KXMLBGAME-25JUL23SFATL-SF,40,60,300,yes
1753288253473,1753288253,KXMLBGAME-25JUL23SFATL-SF,41,59,254,yes
1753288254497,1753288254,KXMLBGAME-25JUL23SDMIA-MIA,55,45,18,yes
1753288255975,1753288255,KXMLBGAME-25JUL23CINWSH-WSH,47,53,164,no
1753288257672,1753288257,KXMLBGAME-25JUL23CINWSH-CIN,53,47,89,yes
1753288257872,1753288257,KXMLBGAME-25JUL23SDMIA-SD,46,54,20,yes
1753288258071,1753288258,KXMLBGAME-25JUL23SDMIA-SD,46,54,20,yes
1753288262576,1753288262,KXMLBGAME-25JUL23SFATL-ATL,62,38,39,yes
1753288263252,1753288263,KXMLBGAME-25JUL23ATHTEX-TEX,57,43,17,yes
1753288264473,1753288264,KXMLBGAME-25JUL23SDMIA-MIA,55,45,17,yes
1753288264872,1753288264,KXMLBGAME-25JUL23CINWSH-CIN,53,47,9,yes
1753288273534,1753288273,KXMLBGAME-25JUL23CWSTB-TB,66,34,1,yes
1753288281923,1753288281,KXMLBGAME-25JUL23SDMIA-MIA,55,45,17,yes
1753288282742,1753288282,KXMLBGAME-25JUL23SDMIA-SD,46,54,10,yes
1753288285212,1753288285,KXMLBGAME-25JUL23SFATL-SF,40,60,21,yes
1753288285212,1753288285,KXMLBGAME-25JUL23SFATL-SF,40,60,26,yes
1753288285434,1753288285,KXMLBGAME-25JUL23LAANYM-LAA,38,62,100,yes
1753288286111,1753288285,KXMLBGAME-25JUL23CINWSH-WSH,48,52,10,yes
1753288286326,1753288286,KXMLBGAME-25JUL23CINWSH-CIN,53,47,52,yes
1753288288677,1753288288,KXMLBGAME-25JUL23SDMIA-SD,46,54,31,yes
1753288290033,1753288289,KXMLBGAME-25JUL23LAANYM-NYM,62,38,30,yes
1753288295854,1753288295,KXMLBGAME-25JUL23SFATL-SF,40,60,23,yes
1753288296873,1753288296,KXMLBGAME-25JUL23DETPIT-DET,56,44,72,yes
1753288313360,1753288313,KXMLBGAME-25JUL23DETPIT-DET,56,44,17,yes
1753288316252,1753288316,KXMLBGAME-25JUL23KCCHC-CHC,61,39,30,yes
1753288316852,1753288316,KXMLBGAME-25JUL23KCCHC-KC,40,60,95,yes
1753288323211,1753288323,KXMLBGAME-25JUL23CINWSH-WSH,48,52,1929,yes
1753288323374,1753288323,KXMLBGAME-25JUL23CINWSH-WSH,48,52,3061,yes
1753288327435,1753288327,KXMLBGAME-25JUL23CINWSH-WSH,49,51,31,yes
1753288332455,1753288332,KXMLBGAME-25JUL23ATHTEX-ATH,45,55,85,yes
1753288332734,1753288332,KXMLBGAME-25JUL23LAANYM-NYM,62,38,15,yes
1753288337391,1753288337,KXMLBGAME-25JUL23KCCHC-CHC,61,39,2,yes
1753288339779,1753288339,KXMLBGAME-25JUL23CINWSH-WSH,48,52,3,no
1753288340873,1753288340,KXMLBGAME-25JUL23MILSEA-MIL,46,54,209,yes
1753288341104,1753288341,KXMLBGAME-25JUL23NYYTOR-TOR,45,55,85,yes
1753288346333,1753288346,KXMLBGAME-25JUL23STLCOL-STL,63,37,30,yes
1753288346471,1753288346,KXMLBGAME-25JUL23KCCHC-KC,40,60,23,yes
1753288351953,1753288351,KXMLBGAME-25JUL23STLCOL-STL,63,37,15,yes
1753288355734,1753288355,KXMLBGAME-25JUL23CINWSH-CIN,52,48,500,no
1753288355914,1753288355,KXMLBGAME-25JUL23SFATL-SF,40,60,15,yes
1753288355914,1753288355,KXMLBGAME-25JUL23SFATL-SF,41,59,300,yes
1753288355914,1753288355,KXMLBGAME-25JUL23SFATL-SF,41,59,270,yes
1753288363330,1753288363,KXMLBGAME-25JUL23MILSEA-MIL,46,54,20,yes
1753288363940,1753288363,KXMLBGAME-25JUL23MILSEA-MIL,46,54,209,yes
1753288363940,1753288363,KXMLBGAME-25JUL23HOUARI-HOU,47,53,16,yes
1753288366452,1753288366,KXMLBGAME-25JUL23SFATL-ATL,62,38,4,yes
1753288366513,1753288366,KXMLBGAME-25JUL23MILSEA-MIL,46,54,30,yes
1753288366592,1753288366,KXMLBGAME-25JUL23ATHTEX-ATH,45,55,42,yes
1753288367273,1753288367,KXMLBGAME-25JUL23SDMIA-SD,45,55,600,yes
1753288367273,1753288367,KXMLBGAME-25JUL23SDMIA-SD,45,55,429,yes
1753288368033,1753288367,KXMLBGAME-25JUL23CINWSH-CIN,53,47,18,yes
1753288369973,1753288369,KXMLBGAME-25JUL23SDMIA-MIA,56,44,44,yes
1753288370272,1753288370,KXMLBGAME-25JUL23CINWSH-CIN,52,48,4500,no
1753288377015,1753288376,KXMLBGAME-25JUL23HOUARI-ARI,54,46,17,yes
1753288377274,1753288377,KXMLBGAME-25JUL23SDMIA-SD,45,55,104,yes
1753288379774,1753288379,KXMLBGAME-25JUL23DETPIT-DET,56,44,866,yes
1753288380653,1753288380,KXMLBGAME-25JUL23SFATL-SF,40,60,2,yes
1753288381212,1753288381,KXMLBGAME-25JUL23SFATL-ATL,62,38,37,yes
1753288391214,1753288391,KXMLBGAME-25JUL23ATHTEX-ATH,45,55,21,yes
1753288391933,1753288391,KXMLBGAME-25JUL23BALCLE-CLE,55,45,17,yes
1753288393833,1753288393,KXMLBGAME-25JUL23SDMIA-SD,46,54,600,yes
1753288393834,1753288393,KXMLBGAME-25JUL23SDMIA-SD,46,54,300,yes
1753288393834,1753288393,KXMLBGAME-25JUL23SDMIA-SD,47,53,53,yes
1753288393834,1753288393,KXMLBGAME-25JUL23SDMIA-SD,47,53,91,yes
1753288395877,1753288395,KXMLBGAME-25JUL23KCCHC-KC,40,60,47,yes
1753288401914,1753288401,KXMLBGAME-25JUL23MINLAD-LAD,66,34,14,yes
1753288402033,1753288401,KXMLBGAME-25JUL23SDMIA-SD,45,55,600,yes
1753288402033,1753288401,KXMLBGAME-25JUL23SDMIA-SD,45,55,256,yes
1753288411041,1753288410,KXMLBGAME-25JUL23LAANYM-LAA,38,62,50,yes
1753288412614,1753288412,KXMLBGAME-25JUL23SDMIA-SD,45,55,534,yes
1753288412713,1753288412,KXMLBGAME-25JUL23HOUARI-HOU,47,53,1,yes
1753288416232,1753288416,KXMLBGAME-25JUL23LAANYM-LAA,38,62,25,yes
1753288416395,1753288416,KXMLBGAME-25JUL23NYYTOR-NYY,57,43,17,yes
1753288417955,1753288417,KXMLBGAME-25JUL23LAANYM-NYM,62,38,1,yes
1753288419613,1753288419,KXMLBGAME-25JUL23CINWSH-CIN,51,49,9,yes
1753288420055,1753288419,KXMLBGAME-25JUL23SDMIA-SD,45,55,106,yes
1753288424874,1753288424,KXMLBGAME-25JUL23SDMIA-SD,46,54,209,yes
1753288428035,1753288427,KXMLBGAME-25JUL23SDMIA-SD,45,55,600,yes
1753288428035,1753288427,KXMLBGAME-25JUL23SDMIA-SD,45,55,384,yes
1753288430773,1753288430,KXMLBGAME-25JUL23SDMIA-SD,44,56,219,yes
1753288435723,1753288435,KXMLBGAME-25JUL23SFATL-SF,40,60,10,yes
1753288435723,1753288435,KXMLBGAME-25JUL23SFATL-SF,40,60,1,yes
1753288435723,1753288435,KXMLBGAME-25JUL23SFATL-SF,40,60,228,yes
1753288436095,1753288436,KXMLBGAME-25JUL23HOUARI-HOU,47,53,10,yes
1753288439154,1753288439,KXMLBGAME-25JUL23CINWSH-WSH,50,50,9,yes
1753288439375,1753288439,KXMLBGAME-25JUL23CINWSH-WSH,50,50,26,yes
1753288443752,1753288443,KXMLBGAME-25JUL23LAANYM-LAA,38,62,50,yes
1753288444012,1753288443,KXMLBGAME-25JUL23CINWSH-WSH,51,49,200,yes
1753288444012,1753288443,KXMLBGAME-25JUL23CINWSH-WSH,51,49,300,yes
1753288444012,1753288443,KXMLBGAME-25JUL23CINWSH-WSH,52,48,87,yes
1753288444012,1753288443,KXMLBGAME-25JUL23CINWSH-WSH,52,48,300,yes
1753288444012,1753288443,KXMLBGAME-25JUL23CINWSH-WSH,52,48,52,yes
1753288446194,1753288446,KXMLBGAME-25JUL23MINLAD-MIN,34,66,1,yes
1753288447171,1753288447,KXMLBGAME-25JUL23SDMIA-MIA,56,44,17,yes
1753288448734,1753288448,KXMLBGAME-25JUL23SFATL-SF,40,60,8,yes
1753288448734,1753288448,KXMLBGAME-25JUL23SFATL-SF,41,59,200,yes
1753288448734,1753288448,KXMLBGAME-25JUL23SFATL-SF,41,59,26,yes
1753288451371,1753288451,KXMLBGAME-25JUL23DETPIT-PIT,45,55,53,yes
1753288452215,1753288452,KXMLBGAME-25JUL23SDMIA-MIA,56,44,5,yes
1753288453213,1753288453,KXMLBGAME-25JUL23KCCHC-KC,40,60,34,yes
1753288458212,1753288458,KXMLBGAME-25JUL23SDMIA-SD,46,54,32,yes
1753288463235,1753288463,KXMLBGAME-25JUL23MINLAD-LAD,66,34,10,yes
1753288463291,1753288463,KXMLBGAME-25JUL23LAANYM-NYM,62,38,157,yes
1753288463786,1753288463,KXMLBGAME-25JUL23KCCHC-CHC,61,39,15,yes
1753288463871,1753288463,KXMLBGAME-25JUL23LAANYM-LAA,38,62,63,yes
1753288467802,1753288467,KXMLBGAME-25JUL23SDMIA-SD,43,57,103,yes
1753288469655,1753288469,KXMLBGAME-25JUL23SDMIA-SD,41,59,45,yes
1753288475594,1753288475,KXMLBGAME-25JUL23SDMIA-MIA,59,41,22,yes
1753288476633,1753288476,KXMLBGAME-25JUL23HOUARI-ARI,54,46,44,yes
1753288479974,1753288479,KXMLBGAME-25JUL23BALCLE-CLE,55,45,10,yes
1753288482677,1753288482,KXMLBGAME-25JUL23BALCLE-BAL,46,54,1,yes
1753288486615,1753288486,KXMLBGAME-25JUL23KCCHC-KC,40,60,23,yes
1753288488214,1753288488,KXMLBGAME-25JUL23KCCHC-KC,40,60,47,yes
1753288490034,1753288489,KXMLBGAME-25JUL23KCCHC-CHC,61,39,2,yes
1753288495121,1753288495,KXMLBGAME-25JUL23SFATL-ATL,60,40,10,yes
1753288496535,1753288496,KXMLBGAME-25JUL23BOSPHI-PHI,58,42,10,yes
1753288497312,1753288497,KXMLBGAME-25JUL23SDMIA-MIA,59,41,8,yes
1753288499012,1753288498,KXMLBGAME-25JUL23SFATL-SF,42,58,9,yes
1753288501493,1753288501,KXMLBGAME-25JUL23SDMIA-SD,43,57,224,yes
1753288509457,1753288509,KXMLBGAME-25JUL23KCCHC-KC,40,60,23,yes
1753288512324,1753288512,KXMLBGAME-25JUL23KCCHC-KC,40,60,107,yes
1753288512324,1753288512,KXMLBGAME-25JUL23NYYTOR-NYY,57,43,10,yes
1753288516618,1753288516,KXMLBGAME-25JUL23SFATL-SF,42,58,1,yes
1753288519755,1753288519,KXMLBGAME-25JUL23SFATL-SF,42,58,6,yes
1753288519755,1753288519,KXMLBGAME-25JUL23SFATL-SF,43,57,300,yes
1753288519755,1753288519,KXMLBGAME-25JUL23SFATL-SF,43,57,200,yes
1753288519755,1753288519,KXMLBGAME-25JUL23SFATL-SF,43,57,500,yes
1753288519755,1753288519,KXMLBGAME-25JUL23SFATL-SF,43,57,300,yes
1753288519755,1753288519,KXMLBGAME-25JUL23SFATL-SF,44,56,100,yes
1753288519755,1753288519,KXMLBGAME-25JUL23SFATL-SF,44,56,200,yes
1753288519755,1753288519,KXMLBGAME-25JUL23SFATL-SF,44,56,300,yes
1753288519755,1753288519,KXMLBGAME-25JUL23SFATL-SF,44,56,309,yes
1753288524094,1753288524,KXMLBGAME-25JUL23DETPIT-PIT,45,55,21,yes
1753288524173,1753288524,KXMLBGAME-25JUL23LAANYM-LAA,38,62,25,yes
1753288533794,1753288533,KXMLBGAME-25JUL23SDMIA-MIA,58,42,128,yes
1753288535673,1753288535,KXMLBGAME-25JUL23ATHTEX-ATH,45,55,42,yes
1753288536713,1753288536,KXMLBGAME-25JUL23SDMIA-MIA,58,42,167,yes
1753288539051,1753288538,KXMLBGAME-25JUL23CWSTB-TB,66,34,10,yes
1753288546275,1753288546,KXMLBGAME-25JUL23CINWSH-WSH,51,49,11,yes
1753288547012,1753288546,KXMLBGAME-25JUL23ATHTEX-ATH,45,55,21,yes
1753288547274,1753288547,KXMLBGAME-25JUL23CINWSH-CIN,52,48,76,yes
1753288547274,1753288547,KXMLBGAME-25JUL23CINWSH-CIN,52,48,11,yes
1753288547274,1753288547,KXMLBGAME-25JUL23CINWSH-CIN,52,48,600,yes
1753288547274,1753288547,KXMLBGAME-25JUL23CINWSH-CIN,52,48,252,yes
1753288547274,1753288547,KXMLBGAME-25JUL23CINWSH-CIN,52,48,61,yes
1753288553113,1753288553,KXMLBGAME-25JUL23CINWSH-CIN,52,48,93,yes
1753288554244,1753288554,KXMLBGAME-25JUL23LAANYM-LAA,38,62,25,yes
1753288557534,1753288557,KXMLBGAME-25JUL23CINWSH-CIN,54,46,405,yes
1753288559121,1753288558,KXMLBGAME-25JUL23CINWSH-WSH,48,52,87,yes
1753288559121,1753288558,KXMLBGAME-25JUL23CINWSH-WSH,49,51,80,yes
1753288559121,1753288558,KXMLBGAME-25JUL23CINWSH-WSH,49,51,600,yes
1753288559121,1753288558,KXMLBGAME-25JUL23CINWSH-WSH,49,51,22,yes
1753288564114,1753288564,KXMLBGAME-25JUL23ATHTEX-ATH,45,55,4,yes
1753288572874,1753288572,KXMLBGAME-25JUL23KCCHC-KC,40,60,23,yes
1753288574632,1753288574,KXMLBGAME-25JUL23SDMIA-MIA,61,39,37,yes
1753288585216,1753288585,KXMLBGAME-25JUL23SFATL-SF,43,57,5,yes
1753288585216,1753288585,KXMLBGAME-25JUL23SFATL-SF,43,57,106,yes
1753288590236,1753288590,KXMLBGAME-25JUL23ATHTEX-ATH,45,55,21,yes
1753288591338,1753288591,KXMLBGAME-25JUL23DETPIT-DET,56,44,25,yes
1753288592443,1753288592,KXMLBGAME-25JUL23CINWSH-CIN,55,45,26,yes
1753288600594,1753288600,KXMLBGAME-25JUL23CINWSH-CIN,55,45,50,yes
1753288600594,1753288600,KXMLBGAME-25JUL23CINWSH-CIN,55,45,11,yes
1753288600594,1753288600,KXMLBGAME-25JUL23CINWSH-CIN,55,45,39,yes
1753288601093,1753288601,KXMLBGAME-25JUL23SDMIA-SD,41,59,585,yes
1753288601914,1753288601,KXMLBGAME-25JUL23SFATL-ATL,59,41,32,yes
1753288602414,1753288602,KXMLBGAME-25JUL23SFATL-ATL,59,41,18,yes
1753288602493,1753288602,KXMLBGAME-25JUL23CINWSH-CIN,55,45,200,yes
1753288611534,1753288611,KXMLBGAME-25JUL23SDMIA-MIA,61,39,87,yes
1753288611534,1753288611,KXMLBGAME-25JUL23SDMIA-MIA,61,39,72,yes
1753288612433,1753288612,KXMLBGAME-25JUL23MILSEA-MIL,46,54,60,yes
1753288612695,1753288612,KXMLBGAME-25JUL23MILSEA-MIL,46,54,20,yes
1753288614053,1753288614,KXMLBGAME-25JUL23CINWSH-WSH,48,52,50,yes
1753288615373,1753288615,KXMLBGAME-25JUL23SFATL-ATL,59,41,778,yes
1753288615373,1753288615,KXMLBGAME-25JUL23SFATL-ATL,59,41,590,yes
1753288618855,1753288618,KXMLBGAME-25JUL23CINWSH-WSH,47,53,9,yes
1753288623073,1753288623,KXMLBGAME-25JUL23LAANYM-NYM,62,38,47,yes
1753288629266,1753288629,KXMLBGAME-25JUL23DETPIT-DET,56,44,25,yes
1753288630455,1753288630,KXMLBGAME-25JUL23SFATL-ATL,63,37,300,yes
1753288630455,1753288630,KXMLBGAME-25JUL23SFATL-ATL,64,36,100,yes
1753288630455,1753288630,KXMLBGAME-25JUL23SFATL-ATL,64,36,250,yes
1753288632493,1753288632,KXMLBGAME-25JUL23SFATL-ATL,62,38,7,yes
1753288633437,1753288633,KXMLBGAME-25JUL23SFATL-SF,39,61,245,yes
1753288637872,1753288637,KXMLBGAME-25JUL23SFATL-ATL,62,38,31,yes
1753288646537,1753288646,KXMLBGAME-25JUL23SFATL-ATL,62,38,262,yes
1753288646537,1753288646,KXMLBGAME-25JUL23SFATL-ATL,63,37,128,yes
1753288646594,1753288646,KXMLBGAME-25JUL23CINWSH-CIN,56,44,8,yes
1753288648824,1753288648,KXMLBGAME-25JUL23KCCHC-CHC,61,39,62,yes
1753288656335,1753288655,KXMLBGAME-25JUL23DETPIT-DET,56,44,87,yes
1753288656335,1753288655,KXMLBGAME-25JUL23DETPIT-DET,56,44,17,yes
1753288656934,1753288656,KXMLBGAME-25JUL23SFATL-SF,39,61,5,yes
1753288656934,1753288656,KXMLBGAME-25JUL23SFATL-SF,39,61,117,yes
1753288657733,1753288657,KXMLBGAME-25JUL23DETPIT-DET,56,44,173,yes
1753288659679,1753288659,KXMLBGAME-25JUL23SDMIA-SD,38,62,40,yes
1753288661938,1753288661,KXMLBGAME-25JUL23SDMIA-SD,38,62,7,yes
1753288668837,1753288668,KXMLBGAME-25JUL23CINWSH-CIN,55,45,1,yes
1753288670712,1753288670,KXMLBGAME-25JUL23BOSPHI-BOS,43,57,22,yes
1753288676268,1753288676,KXMLBGAME-25JUL23SDMIA-SD,38,62,26,yes
1753288681733,1753288681,KXMLBGAME-25JUL23SDMIA-MIA,62,38,1,yes
1753288683374,1753288683,KXMLBGAME-25JUL23DETPIT-PIT,45,55,11,yes
1753288684593,1753288684,KXMLBGAME-25JUL23DETPIT-PIT,45,55,1853,yes
1753288687214,1753288687,KXMLBGAME-25JUL23LAANYM-LAA,38,62,25,yes
1753288688893,1753288688,KXMLBGAME-25JUL23LAANYM-LAA,38,62,630,yes
1753288689834,1753288689,KXMLBGAME-25JUL23SFATL-ATL,62,38,7,yes
1753288690672,1753288690,KXMLBGAME-25JUL23DETPIT-PIT,46,54,118,yes
1753288692992,1753288692,KXMLBGAME-25JUL23MILSEA-MIL,46,54,36,yes
1753288693672,1753288693,KXMLBGAME-25JUL23SFATL-ATL,62,38,293,yes
1753288693672,1753288693,KXMLBGAME-25JUL23SFATL-ATL,63,37,265,yes
1753288695214,1753288695,KXMLBGAME-25JUL23LAANYM-LAA,39,61,221,yes
1753288701135,1753288701,KXMLBGAME-25JUL23SFATL-SF,40,60,1,yes
1753288701273,1753288701,KXMLBGAME-25JUL23CINWSH-CIN,50,50,7,yes
1753288702333,1753288702,KXMLBGAME-25JUL23CINWSH-CIN,50,50,69,yes
1753288702333,1753288702,KXMLBGAME-25JUL23CINWSH-CIN,50,50,61,yes
1753288709541,1753288709,KXMLBGAME-25JUL23CINWSH-CIN,50,50,28,yes
1753288713293,1753288713,KXMLBGAME-25JUL23DETPIT-DET,55,45,1,yes
1753288715692,1753288715,KXMLBGAME-25JUL23KCCHC-KC,40,60,215,yes
1753288719836,1753288719,KXMLBGAME-25JUL23CINWSH-CIN,50,50,211,yes
1753288719836,1753288719,KXMLBGAME-25JUL23CINWSH-CIN,50,50,6,yes
1753288719836,1753288719,KXMLBGAME-25JUL23CINWSH-CIN,50,50,51,yes
1753288719836,1753288719,KXMLBGAME-25JUL23CINWSH-CIN,51,49,21,yes
1753288728434,1753288728,KXMLBGAME-25JUL23CINWSH-CIN,50,50,43,yes
1753288728434,1753288728,KXMLBGAME-25JUL23CINWSH-CIN,50,50,5,yes
1753288737274,1753288737,KXMLBGAME-25JUL23CINWSH-WSH,53,47,45,yes
1753288738630,1753288738,KXMLBGAME-25JUL23CINWSH-CIN,50,50,19,yes
1753288742494,1753288742,KXMLBGAME-25JUL23DETPIT-PIT,46,54,10,yes
1753288742551,1753288742,KXMLBGAME-25JUL23DETPIT-DET,55,45,176,yes
1753288744274,1753288744,KXMLBGAME-25JUL23ATHTEX-ATH,45,55,192,yes
1753288764033,1753288763,KXMLBGAME-25JUL23SFATL-SF,43,57,11,yes
1753288764033,1753288763,KXMLBGAME-25JUL23SFATL-SF,44,56,22,yes
1753288765234,1753288765,KXMLBGAME-25JUL23DETPIT-DET,55,45,155,yes
1753288765272,1753288765,KXMLBGAME-25JUL23HOUARI-HOU,47,53,45,yes
1753288771332,1753288771,KXMLBGAME-25JUL23CINWSH-CIN,50,50,47,yes
1753288772258,1753288772,KXMLBGAME-25JUL23DETPIT-DET,55,45,82,yes
1753288773035,1753288772,KXMLBGAME-25JUL23SDMIA-SD,39,61,122,yes
1753288775032,1753288774,KXMLBGAME-25JUL23DETPIT-PIT,46,54,3561,yes
1753288780272,1753288780,KXMLBGAME-25JUL23DETPIT-PIT,47,53,1,yes
1753288780375,1753288780,KXMLBGAME-25JUL23DETPIT-PIT,47,53,2999,no
1753288780854,1753288780,KXMLBGAME-25JUL23KCCHC-CHC,61,39,31,yes
1753288781945,1753288781,KXMLBGAME-25JUL23CWSTB-TB,66,34,62,yes
1753288783874,1753288783,KXMLBGAME-25JUL23SFATL-ATL,58,42,252,yes
1753288783974,1753288783,KXMLBGAME-25JUL23DETPIT-DET,55,45,100,yes
1753288785654,1753288785,KXMLBGAME-25JUL23DETPIT-DET,54,46,91,no
1753288785654,1753288785,KXMLBGAME-25JUL23DETPIT-DET,54,46,200,no
1753288794643,1753288794,KXMLBGAME-25JUL23SDMIA-SD,40,60,239,yes
1753288798115,1753288798,KXMLBGAME-25JUL23SFATL-SF,44,56,10,yes
1753288800652,1753288800,KXMLBGAME-25JUL23SFATL-SF,44,56,60,yes
1753288800652,1753288800,KXMLBGAME-25JUL23SFATL-SF,44,56,3,yes
1753288800652,1753288800,KXMLBGAME-25JUL23SFATL-SF,45,55,148,yes
1753288802134,1753288802,KXMLBGAME-25JUL23DETPIT-PIT,47,53,20,yes
1753288816037,1753288815,KXMLBGAME-25JUL23SDMIA-MIA,61,39,61,yes
1753288816037,1753288815,KXMLBGAME-25JUL23SDMIA-MIA,61,39,563,yes
1753288816037,1753288815,KXMLBGAME-25JUL23SDMIA-MIA,62,38,87,yes
1753288816037,1753288815,KXMLBGAME-25JUL23SDMIA-MIA,62,38,300,yes
1753288816037,1753288815,KXMLBGAME-25JUL23SDMIA-MIA,62,38,86,yes
1753288819339,1753288819,KXMLBGAME-25JUL23SDMIA-SD,40,60,71,yes
1753288832395,1753288832,KXMLBGAME-25JUL23SFATL-SF,43,57,3,yes
1753288832395,1753288832,KXMLBGAME-25JUL23SFATL-SF,43,57,100,yes
1753288832395,1753288832,KXMLBGAME-25JUL23SFATL-SF,44,56,114,yes
1753288833573,1753288833,KXMLBGAME-25JUL23SDMIA-SD,40,60,119,yes
1753288834573,1753288834,KXMLBGAME-25JUL23SFATL-ATL,59,41,24,yes
1753288836524,1753288836,KXMLBGAME-25JUL23DETPIT-PIT,47,53,11,yes
1753288843252,1753288843,KXMLBGAME-25JUL23SDMIA-SD,40,60,47,yes
1753288847632,1753288847,KXMLBGAME-25JUL23SDMIA-MIA,61,39,15,yes
1753288857154,1753288857,KXMLBGAME-25JUL23SDMIA-MIA,62,38,80,yes
1753288857154,1753288857,KXMLBGAME-25JUL23SDMIA-MIA,62,38,227,yes
1753288864795,1753288864,KXMLBGAME-25JUL23MINLAD-LAD,66,34,147,yes
1753288867141,1753288867,KXMLBGAME-25JUL23CINWSH-WSH,50,50,9,yes
1753288871648,1753288871,KXMLBGAME-25JUL23SDMIA-SD,40,60,11,yes
1753288890335,1753288890,KXMLBGAME-25JUL23SDMIA-SD,40,60,52,yes
1753288890335,1753288890,KXMLBGAME-25JUL23SDMIA-SD,40,60,29,yes
1753288890513,1753288890,KXMLBGAME-25JUL23SFATL-ATL,59,41,114,yes
1753288890513,1753288890,KXMLBGAME-25JUL23SFATL-ATL,59,41,300,yes
1753288890513,1753288890,KXMLBGAME-25JUL23SFATL-ATL,60,40,300,yes
1753288890513,1753288890,KXMLBGAME-25JUL23SFATL-ATL,60,40,200,yes
1753288890513,1753288890,KXMLBGAME-25JUL23SFATL-ATL,61,39,200,yes
1753288890513,1753288890,KXMLBGAME-25JUL23SFATL-ATL,61,39,269,yes
1753288891231,1753288890,KXMLBGAME-25JUL23SFATL-ATL,59,41,2,no
1753288911613,1753288911,KXMLBGAME-25JUL23LAANYM-LAA,37,63,19,no
1753288916153,1753288916,KXMLBGAME-25JUL23DETPIT-PIT,47,53,1845,yes
1753288920374,1753288920,KXMLBGAME-25JUL23CINWSH-CIN,53,47,98,yes
1753288923310,1753288923,KXMLBGAME-25JUL23DETPIT-PIT,48,52,1,yes
1753288923310,1753288923,KXMLBGAME-25JUL23DETPIT-PIT,48,52,9,yes
1753288924433,1753288924,KXMLBGAME-25JUL23SDMIA-SD,40,60,57,yes
1753288924433,1753288924,KXMLBGAME-25JUL23SDMIA-SD,40,60,300,yes
1753288924433,1753288924,KXMLBGAME-25JUL23SDMIA-SD,41,59,119,yes
1753288930011,1753288929,KXMLBGAME-25JUL23SFATL-ATL,60,40,16,yes
1753288932066,1753288931,KXMLBGAME-25JUL23KCCHC-CHC,61,39,7,yes
1753288933555,1753288933,KXMLBGAME-25JUL23BOSPHI-BOS,44,56,4,yes
1753288943273,1753288943,KXMLBGAME-25JUL23STLCOL-STL,63,37,7,yes
1753288945734,1753288945,KXMLBGAME-25JUL23SFATL-SF,41,59,8,yes
1753288951634,1753288951,KXMLBGAME-25JUL23SDMIA-SD,41,59,5,yes
1753288952555,1753288952,KXMLBGAME-25JUL23SDMIA-MIA,60,40,59,yes
1753288958894,1753288958,KXMLBGAME-25JUL23DETPIT-DET,52,48,1,no
1753288980493,1753288980,KXMLBGAME-25JUL23CINWSH-CIN,52,48,1,yes
1753288984153,1753288984,KXMLBGAME-25JUL23SFATL-SF,41,59,392,yes
1753288984153,1753288984,KXMLBGAME-25JUL23SFATL-SF,41,59,193,yes
1753288986636,1753288986,KXMLBGAME-25JUL23SDMIA-SD,43,57,11,yes
1753289003950,1753289003,KXMLBGAME-25JUL23ATHTEX-TEX,57,43,3,yes
1753289004191,1753289004,KXMLBGAME-25JUL23DETPIT-PIT,48,52,4,yes
1753289004753,1753289004,KXMLBGAME-25JUL23DETPIT-DET,53,47,50,yes
1753289013473,1753289013,KXMLBGAME-25JUL23KCCHC-CHC,61,39,10,yes
1753289013635,1753289013,KXMLBGAME-25JUL23SDMIA-SD,43,57,68,yes
1753289026015,1753289025,KXMLBGAME-25JUL23CINWSH-WSH,47,53,2,yes
1753289029337,1753289029,KXMLBGAME-25JUL23DETPIT-DET,53,47,100,yes
1753289044234,1753289044,KXMLBGAME-25JUL23CINWSH-WSH,47,53,49,yes
1753289048014,1753289047,KXMLBGAME-25JUL23SFATL-ATL,62,38,4,yes
1753289051512,1753289051,KXMLBGAME-25JUL23CINWSH-WSH,47,53,11,yes
1753289052898,1753289052,KXMLBGAME-25JUL23LAANYM-NYM,62,38,148,yes
1753289052898,1753289052,KXMLBGAME-25JUL23LAANYM-NYM,62,38,389,yes
1753289052898,1753289052,KXMLBGAME-25JUL23LAANYM-NYM,62,38,132,yes
1753289052898,1753289052,KXMLBGAME-25JUL23LAANYM-NYM,63,37,2144,yes
1753289056731,1753289056,KXMLBGAME-25JUL23LAANYM-NYM,62,38,15,no
1753289059433,1753289059,KXMLBGAME-25JUL23SDMIA-MIA,58,42,11,yes
1753289059433,1753289059,KXMLBGAME-25JUL23SDMIA-MIA,59,41,71,yes
1753289064571,1753289064,KXMLBGAME-25JUL23LAANYM-LAA,38,62,40,yes
1753289069112,1753289069,KXMLBGAME-25JUL23SFATL-ATL,62,38,6,yes
1753289076533,1753289076,KXMLBGAME-25JUL23SDMIA-MIA,59,41,5,yes
1753289077454,1753289077,KXMLBGAME-25JUL23KCCHC-KC,40,60,38,yes
1753289090231,1753289090,KXMLBGAME-25JUL23LAANYM-NYM,62,38,152,no
1753289092332,1753289092,KXMLBGAME-25JUL23SDMIA-SD,42,58,228,yes
1753289093051,1753289092,KXMLBGAME-25JUL23ATHTEX-TEX,56,44,999,no
1753289095831,1753289095,KXMLBGAME-25JUL23MILSEA-MIL,46,54,50,yes
1753289097473,1753289097,KXMLBGAME-25JUL23CINWSH-CIN,54,46,1,no
1753289100154,1753289100,KXMLBGAME-25JUL23SFATL-ATL,64,36,74,yes
1753289102033,1753289101,KXMLBGAME-25JUL23ATHTEX-ATH,45,55,34,yes
1753289105932,1753289105,KXMLBGAME-25JUL23DETPIT-DET,52,48,300,yes
1753289105932,1753289105,KXMLBGAME-25JUL23DETPIT-DET,53,47,60,yes
1753289109513,1753289109,KXMLBGAME-25JUL23SDMIA-MIA,60,40,16,yes
1753289110414,1753289110,KXMLBGAME-25JUL23SDMIA-MIA,60,40,8,yes
1753289111313,1753289111,KXMLBGAME-25JUL23LAANYM-LAA,38,62,63,yes
1753289112435,1753289112,KXMLBGAME-25JUL23SDMIA-SD,41,59,100,no
1753289121873,1753289121,KXMLBGAME-25JUL23SFATL-ATL,63,37,15,yes
1753289122272,1753289122,KXMLBGAME-25JUL23SDMIA-MIA,62,38,157,yes
1753289126774,1753289126,KXMLBGAME-25JUL23KCCHC-KC,40,60,59,yes
1753289128112,1753289128,KXMLBGAME-25JUL23MILSEA-MIL,46,54,50,yes
1753289141536,1753289141,KXMLBGAME-25JUL23SFATL-ATL,63,37,72,yes
1753289141536,1753289141,KXMLBGAME-25JUL23SFATL-ATL,63,37,13,yes
1753289144733,1753289144,KXMLBGAME-25JUL23CINWSH-CIN,56,44,1,yes
1753289144733,1753289144,KXMLBGAME-25JUL23CINWSH-CIN,56,44,85,yes
1753289147150,1753289147,KXMLBGAME-25JUL23SFATL-SF,39,61,100,no
1753289150813,1753289150,KXMLBGAME-25JUL23SFATL-SF,35,65,55,no
1753289167076,1753289167,KXMLBGAME-25JUL23ATHTEX-ATH,45,55,53,yes
1753289167334,1753289167,KXMLBGAME-25JUL23CINWSH-WSH,44,56,2000,no
1753289175314,1753289175,KXMLBGAME-25JUL23DETPIT-PIT,58,42,87,yes
1753289175314,1753289175,KXMLBGAME-25JUL23DETPIT-PIT,59,41,44,yes
1753289178115,1753289178,KXMLBGAME-25JUL23CINWSH-WSH,43,57,11,yes
1753289179393,1753289179,KXMLBGAME-25JUL23SFATL-ATL,62,38,15,yes
1753289180284,1753289180,KXMLBGAME-25JUL23HOUARI-HOU,47,53,8,yes
1753289201333,1753289201,KXMLBGAME-25JUL23SFATL-SF,39,61,46,yes
1753289201333,1753289201,KXMLBGAME-25JUL23SFATL-SF,40,60,22,yes
1753289204217,1753289204,KXMLBGAME-25JUL23SDMIA-SD,37,63,6,yes
1753289212137,1753289211,KXMLBGAME-25JUL23CINWSH-WSH,43,57,11,yes
1753289218140,1753289217,KXMLBGAME-25JUL23ATHTEX-TEX,56,44,1,no
1753289223435,1753289223,KXMLBGAME-25JUL23SDMIA-SD,37,63,103,yes
1753289234659,1753289234,KXMLBGAME-25JUL23DETPIT-DET,45,55,21,yes
1753289235157,1753289235,KXMLBGAME-25JUL23LAANYM-NYM,63,37,773,yes
1753289237991,1753289237,KXMLBGAME-25JUL23LAANYM-NYM,62,38,14,no
1753289241016,1753289240,KXMLBGAME-25JUL23SFATL-SF,40,60,259,yes
1753289242732,1753289242,KXMLBGAME-25JUL23CINWSH-WSH,42,58,300,no
1753289243031,1753289242,KXMLBGAME-25JUL23SFATL-ATL,63,37,300,yes
1753289243031,1753289242,KXMLBGAME-25JUL23SFATL-ATL,63,37,1247,yes
1753289250019,1753289249,KXMLBGAME-25JUL23SFATL-SF,40,60,12,yes
1753289251916,1753289251,KXMLBGAME-25JUL23CINWSH-CIN,59,41,212,yes
1753289254013,1753289253,KXMLBGAME-25JUL23SFATL-ATL,63,37,20,yes
1753289258515,1753289258,KXMLBGAME-25JUL23CINWSH-CIN,59,41,58,yes
1753289260856,1753289260,KXMLBGAME-25JUL23DETPIT-PIT,58,42,71,yes
1753289260856,1753289260,KXMLBGAME-25JUL23DETPIT-PIT,59,41,94,yes
1753289263713,1753289263,KXMLBGAME-25JUL23SFATL-ATL,61,39,1,no
1753289263713,1753289263,KXMLBGAME-25JUL23SFATL-ATL,60,40,1,no
1753289263733,1753289263,KXMLBGAME-25JUL23SFATL-SF,39,61,1,yes
1753289265293,1753289265,KXMLBGAME-25JUL23LAANYM-LAA,39,61,245,yes
1753289266013,1753289265,KXMLBGAME-25JUL23KCCHC-CHC,61,39,797,yes
1753289266814,1753289266,KXMLBGAME-25JUL23CINWSH-CIN,59,41,16,yes
1753289269413,1753289269,KXMLBGAME-25JUL23DETPIT-DET,43,57,22,yes
1753289270090,1753289269,KXMLBGAME-25JUL23HOUARI-HOU,47,53,22,yes
1753289270772,1753289270,KXMLBGAME-25JUL23SFATL-ATL,57,43,1,yes
1753289270993,1753289270,KXMLBGAME-25JUL23DETPIT-DET,43,57,220,yes
1753289274551,1753289274,KXMLBGAME-25JUL23CINWSH-WSH,42,58,11,yes
1753289282554,1753289282,KXMLBGAME-25JUL23DETPIT-DET,43,57,300,yes
1753289282955,1753289282,KXMLBGAME-25JUL23CINWSH-CIN,59,41,164,yes
1753289284731,1753289284,KXMLBGAME-25JUL23CINWSH-CIN,58,42,1,yes
1753289292618,1753289292,KXMLBGAME-25JUL23DETPIT-DET,44,56,21,yes
1753289297834,1753289297,KXMLBGAME-25JUL23CINWSH-CIN,58,42,12,yes
1753289299732,1753289299,KXMLBGAME-25JUL23MILSEA-MIL,46,54,31,yes
1753289303774,1753289303,KXMLBGAME-25JUL23CINWSH-WSH,43,57,11,yes
1753289306552,1753289306,KXMLBGAME-25JUL23CINWSH-CIN,57,43,3,no
1753289307354,1753289307,KXMLBGAME-25JUL23DETPIT-PIT,57,43,51,yes
1753289312032,1753289311,KXMLBGAME-25JUL23CINWSH-WSH,44,56,273,yes
1753289313432,1753289313,KXMLBGAME-25JUL23SDMIA-SD,36,64,20,yes
1753289317140,1753289317,KXMLBGAME-25JUL23MINLAD-LAD,66,34,281,no
1753289320834,1753289320,KXMLBGAME-25JUL23SFATL-SF,45,55,83,yes
1753289320834,1753289320,KXMLBGAME-25JUL23SFATL-SF,45,55,100,yes
1753289320834,1753289320,KXMLBGAME-25JUL23SFATL-SF,46,54,26,yes
1753289324157,1753289323,KXMLBGAME-25JUL23LAANYM-LAA,39,61,2,yes
1753289324157,1753289323,KXMLBGAME-25JUL23LAANYM-LAA,39,61,65,yes
1753289324157,1753289323,KXMLBGAME-25JUL23LAANYM-LAA,39,61,512,yes
1753289324157,1753289323,KXMLBGAME-25JUL23LAANYM-LAA,39,61,5,yes
1753289324157,1753289323,KXMLBGAME-25JUL23LAANYM-LAA,39,61,500,yes
1753289324157,1753289323,KXMLBGAME-25JUL23LAANYM-LAA,39,61,3000,yes
1753289324157,1753289323,KXMLBGAME-25JUL23LAANYM-LAA,39,61,320,yes
1753289324157,1753289323,KXMLBGAME-25JUL23LAANYM-LAA,39,61,25,yes
1753289324157,1753289323,KXMLBGAME-25JUL23LAANYM-LAA,40,60,477,yes
1753289324514,1753289324,KXMLBGAME-25JUL23CINWSH-WSH,48,52,70,yes
1753289328435,1753289328,KXMLBGAME-25JUL23SDMIA-MIA,64,36,7,yes
1753289329193,1753289329,KXMLBGAME-25JUL23LAANYM-NYM,63,37,100,yes
1753289332273,1753289332,KXMLBGAME-25JUL23CINWSH-WSH,48,52,30,yes
1753289332273,1753289332,KXMLBGAME-25JUL23CINWSH-WSH,48,52,87,yes
1753289332273,1753289332,KXMLBGAME-25JUL23CINWSH-WSH,49,51,82,yes
1753289334909,1753289334,KXMLBGAME-25JUL23SDMIA-MIA,64,36,381,yes
1753289334909,1753289334,KXMLBGAME-25JUL23KCCHC-CHC,61,39,1,yes
1753289337094,1753289337,KXMLBGAME-25JUL23DETPIT-DET,44,56,21,yes
1753289337345,1753289337,KXMLBGAME-25JUL23CINWSH-WSH,46,54,300,no
1753289342593,1753289342,KXMLBGAME-25JUL23DETPIT-PIT,57,43,2,yes
1753289342593,1753289342,KXMLBGAME-25JUL23DETPIT-PIT,57,43,6,yes
1753289348392,1753289348,KXMLBGAME-25JUL23CINWSH-CIN,55,45,17,yes
1753289351112,1753289351,KXMLBGAME-25JUL23KCCHC-KC,40,60,1047,yes
1753289351112,1753289351,KXMLBGAME-25JUL23KCCHC-KC,40,60,347,yes
1753289351112,1753289351,KXMLBGAME-25JUL23KCCHC-KC,40,60,1055,yes
1753289351112,1753289351,KXMLBGAME-25JUL23KCCHC-KC,40,60,275,yes
1753289351112,1753289351,KXMLBGAME-25JUL23KCCHC-KC,40,60,2074,yes
1753289355873,1753289355,KXMLBGAME-25JUL23ATHTEX-TEX,57,43,17,yes
1753289357172,1753289357,KXMLBGAME-25JUL23DETPIT-PIT,55,45,300,no
1753289357172,1753289357,KXMLBGAME-25JUL23DETPIT-PIT,55,45,25,no
1753289357252,1753289357,KXMLBGAME-25JUL23DETPIT-DET,44,56,52,yes
1753289361636,1753289361,KXMLBGAME-25JUL23CINWSH-CIN,55,45,583,yes
1753289361636,1753289361,KXMLBGAME-25JUL23CINWSH-CIN,55,45,111,yes
1753289367984,1753289367,KXMLBGAME-25JUL23SFATL-ATL,56,44,17,yes
1753289368313,1753289368,KXMLBGAME-25JUL23DETPIT-DET,45,55,300,yes
1753289368313,1753289368,KXMLBGAME-25JUL23DETPIT-DET,46,54,125,yes
1753289372434,1753289372,KXMLBGAME-25JUL23HOUARI-HOU,47,53,41,yes
1753289373015,1753289372,KXMLBGAME-25JUL23ATHTEX-ATH,45,55,831,yes
1753289373015,1753289372,KXMLBGAME-25JUL23ATHTEX-ATH,45,55,17,yes
1753289373015,1753289372,KXMLBGAME-25JUL23ATHTEX-ATH,45,55,17,yes
1753289373015,1753289372,KXMLBGAME-25JUL23ATHTEX-ATH,45,55,10,yes
1753289373015,1753289372,KXMLBGAME-25JUL23ATHTEX-ATH,45,55,27,yes
1753289373015,1753289372,KXMLBGAME-25JUL23ATHTEX-ATH,45,55,18,yes
1753289373015,1753289372,KXMLBGAME-25JUL23ATHTEX-ATH,45,55,502,yes
1753289373015,1753289372,KXMLBGAME-25JUL23ATHTEX-ATH,45,55,21,yes
1753289373015,1753289372,KXMLBGAME-25JUL23ATHTEX-ATH,45,55,182,yes
1753289373015,1753289372,KXMLBGAME-25JUL23ATHTEX-ATH,45,55,17,yes
1753289373015,1753289372,KXMLBGAME-25JUL23ATHTEX-ATH,45,55,51,yes
1753289373015,1753289372,KXMLBGAME-25JUL23ATHTEX-ATH,45,55,8,yes
1753289373015,1753289372,KXMLBGAME-25JUL23ATHTEX-ATH,45,55,17,yes
1753289373015,1753289372,KXMLBGAME-25JUL23ATHTEX-ATH,45,55,340,yes
1753289373015,1753289372,KXMLBGAME-25JUL23ATHTEX-ATH,45,55,8,yes
1753289373015,1753289372,KXMLBGAME-25JUL23ATHTEX-ATH,45,55,25,yes
1753289373015,1753289372,KXMLBGAME-25JUL23ATHTEX-ATH,45,55,18,yes
1753289373015,1753289372,KXMLBGAME-25JUL23ATHTEX-ATH,45,55,17,yes
1753289373015,1753289372,KXMLBGAME-25JUL23ATHTEX-ATH,45,55,17,yes
1753289373015,1753289372,KXMLBGAME-25JUL23ATHTEX-ATH,45,55,3,yes
1753289373015,1753289372,KXMLBGAME-25JUL23ATHTEX-ATH,45,55,2133,yes
1753289375594,1753289375,KXMLBGAME-25JUL23SFATL-SF,46,54,73,yes
1753289387273,1753289387,KXMLBGAME-25JUL23CINWSH-CIN,55,45,300,yes
1753289398393,1753289398,KXMLBGAME-25JUL23CINWSH-WSH,47,53,87,yes
1753289398393,1753289398,KXMLBGAME-25JUL23CINWSH-WSH,47,53,7,yes
1753289399257,1753289399,KXMLBGAME-25JUL23DETPIT-DET,45,55,53,yes
1753289419375,1753289419,KXMLBGAME-25JUL23LAANYM-LAA,39,61,7,yes
1753289426513,1753289426,KXMLBGAME-25JUL23HOUARI-HOU,46,54,19,no
1753289426513,1753289426,KXMLBGAME-25JUL23HOUARI-HOU,46,54,3,no
1753289427353,1753289427,KXMLBGAME-25JUL23SFATL-SF,44,56,300,no
1753289427433,1753289427,KXMLBGAME-25JUL23SDMIA-MIA,64,36,300,no
1753289427433,1753289427,KXMLBGAME-25JUL23SDMIA-MIA,64,36,4,no
1753289427511,1753289427,KXMLBGAME-25JUL23SFATL-ATL,56,44,300,yes
1753289427653,1753289427,KXMLBGAME-25JUL23CINWSH-CIN,57,43,500,yes
1753289432093,1753289431,KXMLBGAME-25JUL23DETPIT-PIT,56,44,34,yes
1753289432253,1753289432,KXMLBGAME-25JUL23CINWSH-WSH,43,57,22,yes
1753289433932,1753289433,KXMLBGAME-25JUL23DETPIT-DET,45,55,75,yes
1753289434474,1753289434,KXMLBGAME-25JUL23BOSPHI-PHI,58,42,8,yes
1753289440912,1753289440,KXMLBGAME-25JUL23HOUARI-ARI,54,46,24,yes
1753289443213,1753289442,KXMLBGAME-25JUL23SFATL-SF,43,57,300,no
1753289443334,1753289443,KXMLBGAME-25JUL23CINWSH-WSH,43,57,12,yes
1753289445016,1753289444,KXMLBGAME-25JUL23DETPIT-DET,44,56,218,yes
1753289452623,1753289452,KXMLBGAME-25JUL23CINWSH-CIN,59,41,16,yes
1753289456734,1753289456,KXMLBGAME-25JUL23SDMIA-SD,37,63,48,yes
1753289456734,1753289456,KXMLBGAME-25JUL23SDMIA-SD,37,63,87,yes
1753289456734,1753289456,KXMLBGAME-25JUL23SDMIA-SD,37,63,118,yes
1753289464532,1753289464,KXMLBGAME-25JUL23CINWSH-WSH,43,57,11,yes
1753289471354,1753289471,KXMLBGAME-25JUL23CINWSH-WSH,41,59,300,no
1753289471354,1753289471,KXMLBGAME-25JUL23CINWSH-WSH,40,60,2700,no
1753289474534,1753289474,KXMLBGAME-25JUL23MINLAD-MIN,35,65,2,yes
1753289479754,1753289479,KXMLBGAME-25JUL23CINWSH-CIN,65,35,7,yes
1753289482972,1753289482,KXMLBGAME-25JUL23SDMIA-SD,37,63,78,yes
1753289487753,1753289487,KXMLBGAME-25JUL23CINWSH-CIN,65,35,47,yes
1753289487753,1753289487,KXMLBGAME-25JUL23CINWSH-CIN,65,35,10,yes
1753289492992,1753289492,KXMLBGAME-25JUL23NYYTOR-TOR,45,55,1,yes
1753289501213,1753289501,KXMLBGAME-25JUL23CINWSH-WSH,33,67,29,yes
1753289503312,1753289503,KXMLBGAME-25JUL23DETPIT-DET,44,56,4,yes
1753289507469,1753289507,KXMLBGAME-25JUL23CINWSH-CIN,69,31,300,yes
1753289507469,1753289507,KXMLBGAME-25JUL23CINWSH-CIN,69,31,409,yes
1753289507775,1753289507,KXMLBGAME-25JUL23CINWSH-WSH,33,67,303,yes
1753289508192,1753289508,KXMLBGAME-25JUL23SDMIA-MIA,65,35,45,yes
1753289508494,1753289508,KXMLBGAME-25JUL23NYYTOR-TOR,45,55,25,yes
1753289508714,1753289508,KXMLBGAME-25JUL23SFATL-SF,42,58,52,yes
1753289509190,1753289509,KXMLBGAME-25JUL23LAANYM-NYM,62,38,24,yes
1753289509190,1753289509,KXMLBGAME-25JUL23LAANYM-NYM,62,38,24,yes
1753289509191,1753289509,KXMLBGAME-25JUL23LAANYM-NYM,62,38,109,yes
1753289511812,1753289511,KXMLBGAME-25JUL23SDMIA-MIA,65,35,9,yes
1753289511813,1753289511,KXMLBGAME-25JUL23SDMIA-MIA,65,35,10,yes
1753289511813,1753289511,KXMLBGAME-25JUL23SDMIA-MIA,65,35,2,yes
1753289519736,1753289519,KXMLBGAME-25JUL23CINWSH-WSH,33,67,144,yes
1753289520647,1753289520,KXMLBGAME-25JUL23CINWSH-CIN,69,31,28,yes
1753289526933,1753289526,KXMLBGAME-25JUL23CINWSH-WSH,32,68,2020,no
1753289527113,1753289527,KXMLBGAME-25JUL23LAANYM-NYM,62,38,41,yes
1753289528734,1753289528,KXMLBGAME-25JUL23SDMIA-SD,35,65,2,yes
1753289529615,1753289529,KXMLBGAME-25JUL23DETPIT-DET,42,58,32,yes
1753289531236,1753289530,KXMLBGAME-25JUL23BOSPHI-BOS,44,56,1,yes
1753289538616,1753289538,KXMLBGAME-25JUL23KCCHC-KC,40,60,239,yes
1753289541235,1753289541,KXMLBGAME-25JUL23LAANYM-LAA,39,61,46,yes
1753289541235,1753289541,KXMLBGAME-25JUL23LAANYM-LAA,39,61,54,yes
1753289547533,1753289547,KXMLBGAME-25JUL23SDMIA-MIA,66,34,2,yes
1753289549034,1753289548,KXMLBGAME-25JUL23SDMIA-SD,33,67,87,no
1753289550894,1753289550,KXMLBGAME-25JUL23KCCHC-KC,40,60,100,yes
1753289552203,1753289552,KXMLBGAME-25JUL23SFATL-SF,42,58,114,yes
1753289552791,1753289552,KXMLBGAME-25JUL23CINWSH-WSH,33,67,61,yes
1753289552791,1753289552,KXMLBGAME-25JUL23CINWSH-WSH,34,66,160,yes
1753289553372,1753289553,KXMLBGAME-25JUL23CINWSH-CIN,68,32,300,yes
1753289553372,1753289553,KXMLBGAME-25JUL23CINWSH-CIN,69,31,500,yes
1753289553372,1753289553,KXMLBGAME-25JUL23CINWSH-CIN,69,31,600,yes
1753289553373,1753289553,KXMLBGAME-25JUL23CINWSH-CIN,69,31,300,yes
1753289553373,1753289553,KXMLBGAME-25JUL23CINWSH-CIN,69,31,200,yes
1753289553373,1753289553,KXMLBGAME-25JUL23CINWSH-CIN,70,30,228,yes
1753289554143,1753289554,KXMLBGAME-25JUL23SDMIA-SD,34,66,79,yes
1753289556613,1753289556,KXMLBGAME-25JUL23CINWSH-WSH,33,67,1,yes
1753289556832,1753289556,KXMLBGAME-25JUL23MILSEA-MIL,46,54,1,yes
1753289561294,1753289561,KXMLBGAME-25JUL23CINWSH-CIN,69,31,300,yes
1753289561294,1753289561,KXMLBGAME-25JUL23CINWSH-CIN,70,30,87,yes
1753289561294,1753289561,KXMLBGAME-25JUL23CINWSH-CIN,70,30,113,yes
1753289562273,1753289562,KXMLBGAME-25JUL23CINWSH-WSH,33,67,2,yes
1753289566733,1753289566,KXMLBGAME-25JUL23CINWSH-WSH,31,69,300,yes
1753289566733,1753289566,KXMLBGAME-25JUL23CINWSH-WSH,31,69,200,yes
1753289567456,1753289567,KXMLBGAME-25JUL23CINWSH-WSH,30,70,100,no
1753289567456,1753289567,KXMLBGAME-25JUL23CINWSH-WSH,30,70,2000,no
1753289567456,1753289567,KXMLBGAME-25JUL23CINWSH-WSH,30,70,600,no
1753289567456,1753289567,KXMLBGAME-25JUL23CINWSH-WSH,30,70,980,no
1753289567553,1753289567,KXMLBGAME-25JUL23CINWSH-CIN,69,31,300,yes
1753289567554,1753289567,KXMLBGAME-25JUL23CINWSH-CIN,70,30,100,yes
1753289567633,1753289567,KXMLBGAME-25JUL23CINWSH-WSH,30,70,34,yes
1753289575914,1753289575,KXMLBGAME-25JUL23SFATL-SF,42,58,1,yes
1753289577600,1753289577,KXMLBGAME-25JUL23ATHTEX-ATH,45,55,213,yes
1753289577935,1753289577,KXMLBGAME-25JUL23SDMIA-SD,33,67,300,yes
1753289582054,1753289582,KXMLBGAME-25JUL23CWSTB-TB,66,34,147,yes
1753289587033,1753289586,KXMLBGAME-25JUL23DETPIT-DET,42,58,11,yes
1753289589013,1753289588,KXMLBGAME-25JUL23DETPIT-DET,42,58,1,yes
1753289590392,1753289590,KXMLBGAME-25JUL23LAANYM-LAA,39,61,44,yes
1753289591525,1753289591,KXMLBGAME-25JUL23CINWSH-WSH,30,70,67,yes
1753289591525,1753289591,KXMLBGAME-25JUL23CINWSH-WSH,30,70,33,yes
1753289594253,1753289594,KXMLBGAME-25JUL23CINWSH-WSH,30,70,15,yes
1753289597252,1753289597,KXMLBGAME-25JUL23HOUARI-HOU,47,53,6,yes
1753289600052,1753289599,KXMLBGAME-25JUL23STLCOL-COL,38,62,100,yes
1753289601013,1753289600,KXMLBGAME-25JUL23SDMIA-SD,34,66,87,yes
1753289601014,1753289600,KXMLBGAME-25JUL23SDMIA-SD,35,65,44,yes
1753289601832,1753289601,KXMLBGAME-25JUL23CINWSH-CIN,70,30,26,no
1753289602232,1753289602,KXMLBGAME-25JUL23SFATL-ATL,60,40,1,yes
1753289602232,1753289602,KXMLBGAME-25JUL23SFATL-ATL,60,40,299,yes
1753289605549,1753289605,KXMLBGAME-25JUL23KCCHC-KC,40,60,43,yes
1753289608153,1753289608,KXMLBGAME-25JUL23KCCHC-CHC,61,39,15,yes
1753289610054,1753289609,KXMLBGAME-25JUL23CINWSH-WSH,30,70,252,yes
1753289610054,1753289609,KXMLBGAME-25JUL23CINWSH-WSH,30,70,43,yes
1753289610054,1753289609,KXMLBGAME-25JUL23CINWSH-WSH,31,69,22,yes
1753289617336,1753289617,KXMLBGAME-25JUL23LAANYM-NYM,62,38,157,yes
1753289619652,1753289619,KXMLBGAME-25JUL23DETPIT-DET,42,58,34,yes
1753289624090,1753289623,KXMLBGAME-25JUL23CINWSH-WSH,30,70,47,yes
1753289625318,1753289625,KXMLBGAME-25JUL23CINWSH-CIN,71,29,27,yes
1753289629234,1753289629,KXMLBGAME-25JUL23SDMIA-MIA,66,34,14,yes
1753289631179,1753289630,KXMLBGAME-25JUL23CINWSH-WSH,30,70,6,yes
1753289633113,1753289632,KXMLBGAME-25JUL23CINWSH-WSH,28,72,133,no
1753289638233,1753289638,KXMLBGAME-25JUL23DETPIT-PIT,61,39,9,yes
1753289639392,1753289639,KXMLBGAME-25JUL23SDMIA-SD,37,63,4,yes
1753289639392,1753289639,KXMLBGAME-25JUL23SDMIA-SD,37,63,73,yes
1753289639953,1753289639,KXMLBGAME-25JUL23SFATL-ATL,61,39,1,yes
1753289639954,1753289639,KXMLBGAME-25JUL23SFATL-ATL,62,38,1,yes
1753289639954,1753289639,KXMLBGAME-25JUL23SFATL-ATL,64,36,74,yes
1753289641434,1753289641,KXMLBGAME-25JUL23DETPIT-DET,42,58,254,yes
1753289641434,1753289641,KXMLBGAME-25JUL23DETPIT-DET,43,57,87,yes
1753289644057,1753289643,KXMLBGAME-25JUL23SDMIA-SD,36,64,14,yes
1753289644057,1753289643,KXMLBGAME-25JUL23SDMIA-SD,37,63,227,yes
1753289644057,1753289643,KXMLBGAME-25JUL23SDMIA-SD,37,63,559,yes
1753289646052,1753289646,KXMLBGAME-25JUL23SDMIA-MIA,66,34,51,yes
1753289651732,1753289651,KXMLBGAME-25JUL23DETPIT-DET,45,55,659,no
1753289662334,1753289662,KXMLBGAME-25JUL23DETPIT-DET,41,59,2,yes
1753289662715,1753289662,KXMLBGAME-25JUL23HOUARI-HOU,47,53,30,yes
1753289664174,1753289664,KXMLBGAME-25JUL23LAANYM-LAA,39,61,14,yes
1753289672422,1753289672,KXMLBGAME-25JUL23SFATL-ATL,61,39,17,yes
1753289672554,1753289672,KXMLBGAME-25JUL23CINWSH-CIN,71,29,12,yes
1753289673958,1753289673,KXMLBGAME-25JUL23CINWSH-WSH,65,35,37,yes
1753289675187,1753289674,KXMLBGAME-25JUL23SFATL-SF,40,60,1,yes
1753289675187,1753289674,KXMLBGAME-25JUL23SFATL-SF,40,60,1,yes
1753289678255,1753289678,KXMLBGAME-25JUL23DETPIT-DET,40,60,300,yes
1753289678255,1753289678,KXMLBGAME-25JUL23DETPIT-DET,41,59,200,yes
1753289678812,1753289678,KXMLBGAME-25JUL23SDMIA-MIA,65,35,7,yes
1753289681335,1753289681,KXMLBGAME-25JUL23MINLAD-MIN,34,66,14,yes
1753289685453,1753289685,KXMLBGAME-25JUL23CINWSH-WSH,34,66,11,yes
1753289686135,1753289686,KXMLBGAME-25JUL23CINWSH-WSH,34,66,28,yes
1753289687172,1753289687,KXMLBGAME-25JUL23DETPIT-DET,41,59,100,no
1753289688573,1753289688,KXMLBGAME-25JUL23SFATL-ATL,61,39,583,yes
1753289688573,1753289688,KXMLBGAME-25JUL23SFATL-ATL,61,39,17,yes
1753289693212,1753289693,KXMLBGAME-25JUL23MILSEA-MIL,46,54,1600,yes
1753289693351,1753289693,KXMLBGAME-25JUL23MILSEA-SEA,54,46,100,no
1753289693593,1753289693,KXMLBGAME-25JUL23LAANYM-NYM,62,38,15,yes
1753289695573,1753289695,KXMLBGAME-25JUL23SDMIA-SD,37,63,13,yes
1753289699772,1753289699,KXMLBGAME-25JUL23CINWSH-CIN,69,31,14,yes
1753289701412,1753289701,KXMLBGAME-25JUL23DETPIT-PIT,62,38,392,yes
1753289702593,1753289702,KXMLBGAME-25JUL23LAANYM-NYM,62,38,500,yes
1753289703752,1753289703,KXMLBGAME-25JUL23SDMIA-MIA,64,36,500,yes
1753289703752,1753289703,KXMLBGAME-25JUL23SDMIA-MIA,64,36,15,yes
1753289703857,1753289703,KXMLBGAME-25JUL23CINWSH-CIN,69,31,73,yes
1753289703857,1753289703,KXMLBGAME-25JUL23CINWSH-CIN,69,31,300,yes
1753289703857,1753289703,KXMLBGAME-25JUL23CINWSH-CIN,69,31,83,yes
1753289709353,1753289709,KXMLBGAME-25JUL23CINWSH-WSH,33,67,20,yes
1753289711413,1753289711,KXMLBGAME-25JUL23CWSTB-CWS,35,65,5,yes
1753289713075,1753289712,KXMLBGAME-25JUL23MINLAD-MIN,34,66,16,yes
1753289714196,1753289713,KXMLBGAME-25JUL23CINWSH-WSH,33,67,28,yes
1753289714714,1753289714,KXMLBGAME-25JUL23CINWSH-WSH,32,68,57,no
1753289724636,1753289724,KXMLBGAME-25JUL23KCCHC-KC,40,60,4,yes
1753289725417,1753289725,KXMLBGAME-25JUL23CINWSH-CIN,71,29,600,no
1753289726032,1753289725,KXMLBGAME-25JUL23DETPIT-DET,40,60,16,yes
1753289731313,1753289731,KXMLBGAME-25JUL23SDMIA-SD,38,62,12,yes
1753289732392,1753289732,KXMLBGAME-25JUL23CINWSH-CIN,64,36,42,no
1753289732472,1753289732,KXMLBGAME-25JUL23CINWSH-WSH,35,65,300,yes
1753289744152,1753289744,KXMLBGAME-25JUL23CINWSH-WSH,38,62,12,yes
1753289745934,1753289745,KXMLBGAME-25JUL23DETPIT-DET,39,61,12,yes
1753289747614,1753289747,KXMLBGAME-25JUL23CINWSH-WSH,38,62,12,yes
1753289752514,1753289752,KXMLBGAME-25JUL23CINWSH-WSH,37,63,18,no
1753289752675,1753289752,KXMLBGAME-25JUL23SFATL-ATL,61,39,79,yes
1753289753011,1753289752,KXMLBGAME-25JUL23SFATL-ATL,61,39,122,yes
1753289753396,1753289753,KXMLBGAME-25JUL23MILSEA-MIL,46,54,134,yes
1753289755853,1753289755,KXMLBGAME-25JUL23CINWSH-WSH,38,62,300,yes
1753289755853,1753289755,KXMLBGAME-25JUL23CINWSH-WSH,38,62,200,yes
1753289755914,1753289755,KXMLBGAME-25JUL23DETPIT-DET,38,62,300,yes
1753289755914,1753289755,KXMLBGAME-25JUL23DETPIT-DET,39,61,322,yes
1753289756698,1753289756,KXMLBGAME-25JUL23DETPIT-DET,39,61,13,yes
1753289760589,1753289760,KXMLBGAME-25JUL23SFATL-SF,40,60,11,yes
1753289760589,1753289760,KXMLBGAME-25JUL23CINWSH-WSH,38,62,63,yes
1753289774354,1753289774,KXMLBGAME-25JUL23SFATL-SF,40,60,96,yes
1753289781683,1753289781,KXMLBGAME-25JUL23MILSEA-MIL,46,54,4,yes
1753289781973,1753289781,KXMLBGAME-25JUL23CINWSH-WSH,38,62,5,yes
1753289782598,1753289782,KXMLBGAME-25JUL23CINWSH-WSH,38,62,332,yes
1753289782598,1753289782,KXMLBGAME-25JUL23CINWSH-WSH,38,62,167,yes
1753289783213,1753289783,KXMLBGAME-25JUL23SDMIA-SD,38,62,5,yes
1753289792172,1753289792,KXMLBGAME-25JUL23DETPIT-DET,38,62,300,yes
1753289792973,1753289792,KXMLBGAME-25JUL23SDMIA-SD,38,62,7,yes
1753289795313,1753289795,KXMLBGAME-25JUL23SFATL-SF,40,60,1,yes
1753289795313,1753289795,KXMLBGAME-25JUL23SFATL-SF,41,59,1,yes
1753289795313,1753289795,KXMLBGAME-25JUL23SFATL-SF,42,58,1,yes
1753289795313,1753289795,KXMLBGAME-25JUL23SFATL-SF,42,58,19,yes
1753289797714,1753289797,KXMLBGAME-25JUL23LAANYM-NYM,62,38,15,yes
1753289799636,1753289799,KXMLBGAME-25JUL23DETPIT-DET,39,61,14,yes
1753289801033,1753289800,KXMLBGAME-25JUL23SDMIA-SD,38,62,504,yes
1753289802071,1753289802,KXMLBGAME-25JUL23SDMIA-SD,38,62,247,yes
1753289803802,1753289803,KXMLBGAME-25JUL23DETPIT-DET,39,61,7,yes
1753289806532,1753289806,KXMLBGAME-25JUL23CINWSH-CIN,63,37,232,yes
1753289808213,1753289808,KXMLBGAME-25JUL23DETPIT-DET,39,61,12,yes
1753289809931,1753289809,KXMLBGAME-25JUL23CINWSH-CIN,63,37,27,yes
1753289813326,1753289813,KXMLBGAME-25JUL23DETPIT-DET,39,61,243,yes
1753289815112,1753289815,KXMLBGAME-25JUL23DETPIT-DET,39,61,100,yes
1753289815832,1753289815,KXMLBGAME-25JUL23CINWSH-WSH,38,62,50,yes
1753289815935,1753289815,KXMLBGAME-25JUL23DETPIT-DET,39,61,68,yes
1753289818413,1753289818,KXMLBGAME-25JUL23LAANYM-LAA,39,61,5,yes
1753289818413,1753289818,KXMLBGAME-25JUL23LAANYM-LAA,39,61,4,yes
1753289819772,1753289819,KXMLBGAME-25JUL23SFATL-SF,42,58,4,yes
1753289821173,1753289821,KXMLBGAME-25JUL23SDMIA-SD,38,62,300,yes
1753289821173,1753289821,KXMLBGAME-25JUL23SDMIA-SD,38,62,461,yes
1753289831236,1753289831,KXMLBGAME-25JUL23DETPIT-DET,39,61,221,yes
1753289831237,1753289831,KXMLBGAME-25JUL23DETPIT-DET,39,61,20,yes
1753289832313,1753289832,KXMLBGAME-25JUL23CINWSH-CIN,63,37,1,yes
1753289839212,1753289839,KXMLBGAME-25JUL23CINWSH-CIN,63,37,472,yes
1753289839212,1753289839,KXMLBGAME-25JUL23CINWSH-CIN,63,37,91,yes
1753289847336,1753289847,KXMLBGAME-25JUL23CINWSH-WSH,38,62,83,yes
1753289847336,1753289847,KXMLBGAME-25JUL23CINWSH-WSH,38,62,83,yes
1753289849054,1753289848,KXMLBGAME-25JUL23CINWSH-CIN,62,38,40,yes
1753289850852,1753289850,KXMLBGAME-25JUL23SDMIA-SD,36,64,79,no
1753289859231,1753289859,KXMLBGAME-25JUL23CINWSH-CIN,62,38,15,yes
1753289866631,1753289866,KXMLBGAME-25JUL23SDMIA-SD,36,64,300,yes
1753289867373,1753289867,KXMLBGAME-25JUL23SDMIA-SD,37,63,77,yes
1753289867373,1753289867,KXMLBGAME-25JUL23SDMIA-SD,37,63,600,yes
1753289867373,1753289867,KXMLBGAME-25JUL23SDMIA-SD,38,62,200,yes
1753289867373,1753289867,KXMLBGAME-25JUL23SDMIA-SD,38,62,300,yes
1753289867595,1753289867,KXMLBGAME-25JUL23SDMIA-SD,38,62,45,no
1753289873855,1753289873,KXMLBGAME-25JUL23STLCOL-STL,63,37,16,yes
1753289874312,1753289874,KXMLBGAME-25JUL23SDMIA-MIA,62,38,26,yes
1753289880853,1753289880,KXMLBGAME-25JUL23DETPIT-PIT,64,36,15,yes
1753289882453,1753289882,KXMLBGAME-25JUL23SDMIA-SD,40,60,239,yes
1753289886793,1753289886,KXMLBGAME-25JUL23SDMIA-MIA,61,39,23,yes
1753289889454,1753289889,KXMLBGAME-25JUL23DETPIT-DET,35,65,300,yes
1753289893334,1753289892,KXMLBGAME-25JUL23CINWSH-CIN,59,41,26,no
1753289894017,1753289893,KXMLBGAME-25JUL23CINWSH-CIN,59,41,14,yes
1753289894529,1753289893,KXMLBGAME-25JUL23CINWSH-WSH,41,59,26,yes
1753289901831,1753289901,KXMLBGAME-25JUL23DETPIT-DET,35,65,60,yes
1753289903235,1753289903,KXMLBGAME-25JUL23DETPIT-DET,35,65,240,yes
1753289903235,1753289903,KXMLBGAME-25JUL23DETPIT-DET,36,64,87,yes
1753289903235,1753289903,KXMLBGAME-25JUL23DETPIT-DET,37,63,500,yes
1753289903235,1753289903,KXMLBGAME-25JUL23DETPIT-DET,37,63,223,yes
1753289908793,1753289908,KXMLBGAME-25JUL23SDMIA-MIA,61,39,14,yes
1753289916713,1753289916,KXMLBGAME-25JUL23SDMIA-SD,40,60,119,yes
1753289918434,1753289918,KXMLBGAME-25JUL23SFATL-SF,40,60,239,yes
1753289922492,1753289922,KXMLBGAME-25JUL23KCCHC-KC,40,60,14,yes
1753289922853,1753289922,KXMLBGAME-25JUL23SDMIA-SD,40,60,71,yes
1753289925753,1753289925,KXMLBGAME-25JUL23SDMIA-SD,40,60,5,yes
1753289930432,1753289930,KXMLBGAME-25JUL23DETPIT-DET,35,65,13,yes
1753289930794,1753289930,KXMLBGAME-25JUL23SDMIA-SD,40,60,16,yes
1753289932088,1753289932,KXMLBGAME-25JUL23DETPIT-DET,35,65,95,yes
1753289932692,1753289932,KXMLBGAME-25JUL23LAANYM-NYM,61,39,144,no
1753289937230,1753289937,KXMLBGAME-25JUL23DETPIT-PIT,65,35,54,yes
1753289937230,1753289937,KXMLBGAME-25JUL23DETPIT-PIT,65,35,10,yes
1753289937230,1753289937,KXMLBGAME-25JUL23DETPIT-PIT,66,34,200,yes
1753289937230,1753289937,KXMLBGAME-25JUL23DETPIT-PIT,66,34,340,yes
1753289942754,1753289942,KXMLBGAME-25JUL23ATHTEX-ATH,45,55,13,yes
1753289943172,1753289943,KXMLBGAME-25JUL23CINWSH-WSH,39,61,13,yes
1753289943172,1753289943,KXMLBGAME-25JUL23CINWSH-WSH,39,61,22,yes
1753289943214,1753289943,KXMLBGAME-25JUL23SDMIA-SD,42,58,225,yes
1753289944936,1753289944,KXMLBGAME-25JUL23SDMIA-SD,42,58,416,yes
1753289949819,1753289949,KXMLBGAME-25JUL23SFATL-SF,39,61,24,yes
1753289953973,1753289953,KXMLBGAME-25JUL23SFATL-ATL,61,39,600,yes
1753289953973,1753289953,KXMLBGAME-25JUL23SFATL-ATL,62,38,110,yes
1753289958393,1753289958,KXMLBGAME-25JUL23LAANYM-LAA,39,61,15,yes
1753289960372,1753289960,KXMLBGAME-25JUL23DETPIT-PIT,67,33,4,yes
1753289962296,1753289962,KXMLBGAME-25JUL23CINWSH-WSH,36,64,66,yes
1753289962992,1753289962,KXMLBGAME-25JUL23DETPIT-DET,35,65,163,yes
1753289964613,1753289964,KXMLBGAME-25JUL23MINLAD-LAD,67,33,59,yes
1753289969053,1753289969,KXMLBGAME-25JUL23SDMIA-MIA,60,40,14,yes
1753289969154,1753289969,KXMLBGAME-25JUL23CINWSH-WSH,36,64,63,yes
1753289974874,1753289974,KXMLBGAME-25JUL23DETPIT-PIT,66,34,725,yes
1753289976553,1753289976,KXMLBGAME-25JUL23SDMIA-SD,41,59,35,yes
1753289977781,1753289977,KXMLBGAME-25JUL23SDMIA-MIA,61,39,3,yes
1753289983816,1753289983,KXMLBGAME-25JUL23SFATL-SF,41,59,55,yes
1753289988837,1753289988,KXMLBGAME-25JUL23SDMIA-SD,40,60,143,yes
1753289998453,1753289998,KXMLBGAME-25JUL23SDMIA-MIA,62,38,31,yes
1753290004133,1753290003,KXMLBGAME-25JUL23MILSEA-MIL,46,54,10,yes
1753290004716,1753290004,KXMLBGAME-25JUL23SDMIA-SD,39,61,12,yes
1753290005134,1753290005,KXMLBGAME-25JUL23SDMIA-SD,39,61,288,yes
1753290005134,1753290005,KXMLBGAME-25JUL23SDMIA-SD,40,60,189,yes
1753290005236,1753290005,KXMLBGAME-25JUL23SDMIA-MIA,62,38,269,yes
1753290005236,1753290005,KXMLBGAME-25JUL23SDMIA-MIA,62,38,120,yes
1753290005236,1753290005,KXMLBGAME-25JUL23SDMIA-MIA,63,37,200,yes
1753290005236,1753290005,KXMLBGAME-25JUL23SDMIA-MIA,63,37,300,yes
1753290005236,1753290005,KXMLBGAME-25JUL23SDMIA-MIA,63,37,87,yes
1753290005236,1753290005,KXMLBGAME-25JUL23SDMIA-MIA,63,37,577,yes
1753290016614,1753290016,KXMLBGAME-25JUL23CINWSH-WSH,36,64,2,yes
1753290017514,1753290017,KXMLBGAME-25JUL23CINWSH-CIN,64,36,5,no
1753290020633,1753290020,KXMLBGAME-25JUL23LAANYM-LAA,39,61,360,yes
1753290022754,1753290022,KXMLBGAME-25JUL23CINWSH-CIN,67,33,36,yes
1753290023113,1753290023,KXMLBGAME-25JUL23SDMIA-SD,37,63,5,no
1753290024942,1753290024,KXMLBGAME-25JUL23SDMIA-SD,38,62,300,yes
1753290027612,1753290027,KXMLBGAME-25JUL23SDMIA-SD,38,62,8,no
1753290028914,1753290028,KXMLBGAME-25JUL23SDMIA-SD,38,62,2,yes
1753290030619,1753290030,KXMLBGAME-25JUL23SFATL-ATL,59,41,39,yes
1753290032155,1753290032,KXMLBGAME-25JUL23CINWSH-CIN,63,37,87,yes
1753290032155,1753290032,KXMLBGAME-25JUL23CINWSH-CIN,64,36,46,yes
1753290035733,1753290035,KXMLBGAME-25JUL23DETPIT-DET,34,66,70,yes
1753290038734,1753290038,KXMLBGAME-25JUL23DETPIT-DET,34,66,2,yes
1753290045092,1753290045,KXMLBGAME-25JUL23LAANYM-LAA,40,60,959,yes
1753290045234,1753290045,KXMLBGAME-25JUL23CINWSH-CIN,63,37,38,yes
1753290047334,1753290047,KXMLBGAME-25JUL23SDMIA-MIA,61,39,300,no
1753290047334,1753290047,KXMLBGAME-25JUL23SDMIA-MIA,60,40,80,no
1753290047334,1753290047,KXMLBGAME-25JUL23SDMIA-MIA,60,40,1,no
1753290047453,1753290047,KXMLBGAME-25JUL23SDMIA-SD,40,60,81,yes
1753290047453,1753290047,KXMLBGAME-25JUL23SDMIA-SD,40,60,200,yes
1753290047453,1753290047,KXMLBGAME-25JUL23SDMIA-SD,40,60,300,yes
1753290047453,1753290047,KXMLBGAME-25JUL23SDMIA-SD,40,60,600,yes
1753290049393,1753290049,KXMLBGAME-25JUL23SFATL-SF,42,58,300,yes
1753290049393,1753290049,KXMLBGAME-25JUL23SFATL-SF,43,57,154,yes
1753290052352,1753290052,KXMLBGAME-25JUL23LAANYM-LAA,40,60,587,yes
1753290053311,1753290053,KXMLBGAME-25JUL23HOUARI-HOU,47,53,51,yes
1753290053311,1753290053,KXMLBGAME-25JUL23DETPIT-DET,34,66,11,yes
1753290054479,1753290054,KXMLBGAME-25JUL23SFATL-SF,42,58,13,yes
1753290055171,1753290055,KXMLBGAME-25JUL23HOUARI-ARI,54,46,89,yes
1753290062512,1753290062,KXMLBGAME-25JUL23CINWSH-CIN,62,38,2,no
1753290062610,1753290062,KXMLBGAME-25JUL23CINWSH-WSH,39,61,300,yes
1753290062610,1753290062,KXMLBGAME-25JUL23CINWSH-WSH,39,61,36,yes
1753290063092,1753290063,KXMLBGAME-25JUL23LAANYM-LAA,40,60,2352,yes
1753290064734,1753290064,KXMLBGAME-25JUL23KCCHC-KC,40,60,959,yes
1753290069237,1753290069,KXMLBGAME-25JUL23DETPIT-DET,31,69,78,no
1753290069237,1753290069,KXMLBGAME-25JUL23DETPIT-DET,31,69,9,no
1753290070712,1753290070,KXMLBGAME-25JUL23SDMIA-SD,41,59,2,yes
1753290070735,1753290070,KXMLBGAME-25JUL23CINWSH-CIN,62,38,87,yes
1753290070735,1753290070,KXMLBGAME-25JUL23CINWSH-CIN,63,37,24,yes
1753290077536,1753290077,KXMLBGAME-25JUL23SDMIA-SD,41,59,2,yes
1753290078613,1753290077,KXMLBGAME-25JUL23CINWSH-CIN,62,38,38,yes
1753290079835,1753290079,KXMLBGAME-25JUL23SFATL-ATL,60,40,87,yes
1753290079835,1753290079,KXMLBGAME-25JUL23SFATL-ATL,60,40,221,yes
1753290080750,1753290080,KXMLBGAME-25JUL23SFATL-ATL,60,40,239,yes
1753290080834,1753290080,KXMLBGAME-25JUL23ATHTEX-TEX,57,43,1,yes
1753290081293,1753290081,KXMLBGAME-25JUL23DETPIT-DET,31,69,6,yes
1753290081394,1753290081,KXMLBGAME-25JUL23SFATL-ATL,60,40,1,yes
1753290087452,1753290087,KXMLBGAME-25JUL23CINWSH-CIN,64,36,300,yes
1753290087452,1753290087,KXMLBGAME-25JUL23CINWSH-CIN,64,36,200,yes
1753290087452,1753290087,KXMLBGAME-25JUL23CINWSH-CIN,64,36,87,yes
1753290087452,1753290087,KXMLBGAME-25JUL23CINWSH-CIN,64,36,500,yes
1753290087452,1753290087,KXMLBGAME-25JUL23CINWSH-CIN,64,36,300,yes
1753290087452,1753290087,KXMLBGAME-25JUL23CINWSH-CIN,65,35,200,yes
1753290087452,1753290087,KXMLBGAME-25JUL23CINWSH-CIN,65,35,300,yes
1753290087452,1753290087,KXMLBGAME-25JUL23CINWSH-CIN,65,35,394,yes
1753290089935,1753290089,KXMLBGAME-25JUL23ATHTEX-ATH,45,55,4,yes
1753290089935,1753290089,KXMLBGAME-25JUL23ATHTEX-ATH,45,55,851,yes
1753290092594,1753290092,KXMLBGAME-25JUL23MILSEA-MIL,46,54,52,yes
1753290096913,1753290096,KXMLBGAME-25JUL23CINWSH-CIN,64,36,300,yes
1753290096914,1753290096,KXMLBGAME-25JUL23CINWSH-CIN,65,35,79,yes
1753290097511,1753290097,KXMLBGAME-25JUL23SFATL-ATL,60,40,5,no
1753290097612,1753290097,KXMLBGAME-25JUL23CINWSH-WSH,37,63,87,yes
1753290098433,1753290098,KXMLBGAME-25JUL23SDMIA-SD,41,59,93,yes
1753290099952,1753290099,KXMLBGAME-25JUL23BOSPHI-PHI,57,43,1,yes
1753290101583,1753290101,KXMLBGAME-25JUL23DETPIT-PIT,71,29,138,yes
1753290101895,1753290101,KXMLBGAME-25JUL23DETPIT-DET,31,69,15,yes
1753290103292,1753290103,KXMLBGAME-25JUL23BALCLE-CLE,55,45,31,yes
1753290106652,1753290106,KXMLBGAME-25JUL23NYYTOR-TOR,45,55,53,yes
1753290111596,1753290111,KXMLBGAME-25JUL23LAANYM-LAA,40,60,480,yes
1753290117556,1753290117,KXMLBGAME-25JUL23DETPIT-DET,31,69,6,yes
1753290119196,1753290119,KXMLBGAME-25JUL23SDMIA-MIA,60,40,16,yes
1753290121055,1753290121,KXMLBGAME-25JUL23SDMIA-SD,41,59,11,yes
1753290122272,1753290122,KXMLBGAME-25JUL23CINWSH-CIN,62,38,71,no
1753290122273,1753290122,KXMLBGAME-25JUL23CINWSH-CIN,62,38,300,no
1753290122432,1753290122,KXMLBGAME-25JUL23CINWSH-WSH,38,62,71,yes
1753290122432,1753290122,KXMLBGAME-25JUL23CINWSH-WSH,38,62,400,yes
1753290122432,1753290122,KXMLBGAME-25JUL23CINWSH-WSH,38,62,600,yes
1753290125545,1753290125,KXMLBGAME-25JUL23SFATL-ATL,58,42,100,yes
1753290129641,1753290129,KXMLBGAME-25JUL23CINWSH-CIN,62,38,75,yes
1753290131689,1753290131,KXMLBGAME-25JUL23SDMIA-SD,41,59,4,yes
1753290134155,1753290134,KXMLBGAME-25JUL23SFATL-SF,42,58,468,no
1753290134454,1753290134,KXMLBGAME-25JUL23DETPIT-PIT,71,29,27,yes
1753290135753,1753290135,KXMLBGAME-25JUL23CINWSH-WSH,39,61,11,yes
1753290142705,1753290142,KXMLBGAME-25JUL23DETPIT-DET,38,62,5,yes
1753290144134,1753290144,KXMLBGAME-25JUL23CINWSH-WSH,39,61,289,yes
1753290144134,1753290144,KXMLBGAME-25JUL23CINWSH-WSH,39,61,36,yes
1753290144134,1753290144,KXMLBGAME-25JUL23CINWSH-WSH,41,59,46,yes
1753290147811,1753290147,KXMLBGAME-25JUL23SFATL-SF,45,55,53,yes
1753290148612,1753290148,KXMLBGAME-25JUL23LAANYM-LAA,38,62,24,no
1753290149532,1753290149,KXMLBGAME-25JUL23CINWSH-WSH,35,65,2,no
1753290151037,1753290150,KXMLBGAME-25JUL23BALCLE-CLE,55,45,1,yes
1753290154729,1753290154,KXMLBGAME-25JUL23SDMIA-SD,41,59,126,yes
1753290155314,1753290155,KXMLBGAME-25JUL23CINWSH-CIN,65,35,15,yes
1753290165395,1753290165,KXMLBGAME-25JUL23SDMIA-SD,41,59,58,yes
1753290167624,1753290167,KXMLBGAME-25JUL23SFATL-SF,45,55,105,yes
1753290168514,1753290168,KXMLBGAME-25JUL23CINWSH-CIN,65,35,31,yes
1753290168514,1753290168,KXMLBGAME-25JUL23CINWSH-CIN,67,33,87,yes
1753290168514,1753290168,KXMLBGAME-25JUL23CINWSH-CIN,67,33,320,yes
1753290169075,1753290169,KXMLBGAME-25JUL23CINWSH-CIN,66,34,75,no
1753290171304,1753290171,KXMLBGAME-25JUL23DETPIT-DET,33,67,28,yes
1753290171973,1753290171,KXMLBGAME-25JUL23CINWSH-WSH,34,66,14,yes
1753290173366,1753290173,KXMLBGAME-25JUL23SDMIA-SD,41,59,2,yes
1753290175293,1753290175,KXMLBGAME-25JUL23CINWSH-WSH,34,66,286,yes
1753290178853,1753290178,KXMLBGAME-25JUL23DETPIT-DET,31,69,17,no
1753290180751,1753290180,KXMLBGAME-25JUL23CINWSH-CIN,65,35,52,yes
1753290183811,1753290183,KXMLBGAME-25JUL23ATHTEX-TEX,57,43,2,yes
1753290196012,1753290195,KXMLBGAME-25JUL23DETPIT-DET,33,67,24,yes
1753290196452,1753290196,KXMLBGAME-25JUL23SFATL-SF,45,55,142,yes
1753290196452,1753290196,KXMLBGAME-25JUL23SFATL-SF,46,54,70,yes
1753290198312,1753290198,KXMLBGAME-25JUL23LAANYM-LAA,40,60,4,yes
1753290198792,1753290198,KXMLBGAME-25JUL23CINWSH-WSH,35,65,40,yes
1753290200573,1753290200,KXMLBGAME-25JUL23SFATL-SF,45,55,47,yes
1753290209609,1753290209,KXMLBGAME-25JUL23KCCHC-KC,40,60,4,yes
1753290219572,1753290219,KXMLBGAME-25JUL23ATHTEX-ATH,45,55,4,yes
1753290226755,1753290226,KXMLBGAME-25JUL23SFATL-SF,45,55,10,yes
1753290228153,1753290228,KXMLBGAME-25JUL23DETPIT-PIT,70,30,20,yes
1753290230301,1753290230,KXMLBGAME-25JUL23MINLAD-LAD,67,33,1,yes
1753290231602,1753290231,KXMLBGAME-25JUL23HOUARI-HOU,46,54,729,no
1753290231602,1753290231,KXMLBGAME-25JUL23HOUARI-HOU,46,54,3,no
1753290232074,1753290232,KXMLBGAME-25JUL23CINWSH-WSH,34,66,14,yes
1753290232913,1753290232,KXMLBGAME-25JUL23DETPIT-DET,33,67,36,yes
1753290233113,1753290233,KXMLBGAME-25JUL23SDMIA-SD,38,62,247,yes
1753290242589,1753290242,KXMLBGAME-25JUL23MINLAD-LAD,67,33,1,yes
1753290245235,1753290245,KXMLBGAME-25JUL23CINWSH-CIN,67,33,7,yes
1753290246533,1753290246,KXMLBGAME-25JUL23LAANYM-NYM,62,38,23,yes
1753290250135,1753290249,KXMLBGAME-25JUL23KCCHC-CHC,61,39,303,yes
1753290251233,1753290251,KXMLBGAME-25JUL23SDMIA-MIA,63,37,9,yes
1753290252731,1753290252,KXMLBGAME-25JUL23SFATL-ATL,57,43,50,no
1753290253311,1753290252,KXMLBGAME-25JUL23CINWSH-CIN,66,34,300,no
1753290253311,1753290252,KXMLBGAME-25JUL23CINWSH-CIN,66,34,38,no
1753290253956,1753290253,KXMLBGAME-25JUL23CINWSH-WSH,34,66,38,yes
1753290256531,1753290256,KXMLBGAME-25JUL23DETPIT-PIT,70,30,20,yes
1753290257274,1753290257,KXMLBGAME-25JUL23DETPIT-DET,32,68,5,yes
1753290257952,1753290257,KXMLBGAME-25JUL23SFATL-ATL,50,50,7,no
1753290258075,1753290257,KXMLBGAME-25JUL23SFATL-SF,50,50,2,yes
1753290260071,1753290260,KXMLBGAME-25JUL23DETPIT-DET,31,69,122,yes
1753290262831,1753290262,KXMLBGAME-25JUL23CINWSH-CIN,66,34,2,yes
1753290262831,1753290262,KXMLBGAME-25JUL23HOUARI-HOU,46,54,20,yes
1753290263114,1753290263,KXMLBGAME-25JUL23SFATL-SF,51,49,22,yes
1753290265117,1753290265,KXMLBGAME-25JUL23SFATL-SF,51,49,32,yes
1753290265117,1753290265,KXMLBGAME-25JUL23SFATL-SF,52,48,390,yes
1753290268726,1753290268,KXMLBGAME-25JUL23SDMIA-MIA,64,36,15,yes
1753290270544,1753290270,KXMLBGAME-25JUL23DETPIT-DET,31,69,6,yes
1753290273591,1753290273,KXMLBGAME-25JUL23CINWSH-CIN,66,34,23,yes
1753290274174,1753290274,KXMLBGAME-25JUL23CINWSH-WSH,35,65,19,yes
1753290274174,1753290274,KXMLBGAME-25JUL23CINWSH-WSH,36,64,5,yes
1753290284304,1753290284,KXMLBGAME-25JUL23DETPIT-PIT,70,30,69,yes
1753290284353,1753290284,KXMLBGAME-25JUL23SDMIA-SD,37,63,90,yes
1753290287733,1753290287,KXMLBGAME-25JUL23CINWSH-WSH,35,65,8,yes
1753290288431,1753290288,KXMLBGAME-25JUL23SFATL-SF,52,48,186,yes
1753290288811,1753290288,KXMLBGAME-25JUL23SFATL-SF,51,49,212,no
1753290291273,1753290291,KXMLBGAME-25JUL23SFATL-SF,52,48,114,yes
1753290291273,1753290291,KXMLBGAME-25JUL23SFATL-SF,53,47,56,yes
1753290291273,1753290291,KXMLBGAME-25JUL23SFATL-SF,53,47,279,yes
1753290297194,1753290297,KXMLBGAME-25JUL23CINWSH-WSH,35,65,7,yes
1753290297194,1753290297,KXMLBGAME-25JUL23CINWSH-WSH,35,65,6,yes
1753290297194,1753290297,KXMLBGAME-25JUL23CINWSH-WSH,36,64,1,yes
1753290298051,1753290297,KXMLBGAME-25JUL23CINWSH-CIN,66,34,2,yes
1753290298333,1753290298,KXMLBGAME-25JUL23LAANYM-LAA,39,61,49,yes
1753290298892,1753290298,KXMLBGAME-25JUL23SFATL-ATL,49,51,17,yes
1753290300893,1753290300,KXMLBGAME-25JUL23CINWSH-CIN,66,34,1,yes
1753290303894,1753290303,KXMLBGAME-25JUL23DETPIT-PIT,70,30,365,yes
1753290304894,1753290304,KXMLBGAME-25JUL23DETPIT-PIT,70,30,69,yes
1753290305413,1753290305,KXMLBGAME-25JUL23LAANYM-LAA,40,60,3,yes
1753290307435,1753290307,KXMLBGAME-25JUL23SFATL-SF,52,48,300,yes
1753290308731,1753290308,KXMLBGAME-25JUL23CINWSH-CIN,66,34,8,yes
1753290311352,1753290311,KXMLBGAME-25JUL23DETPIT-DET,32,68,1,yes
1753290315294,1753290315,KXMLBGAME-25JUL23DETPIT-DET,30,70,20,no
1753290315633,1753290315,KXMLBGAME-25JUL23DETPIT-DET,30,70,34,no
1753290318673,1753290318,KXMLBGAME-25JUL23SFATL-SF,53,47,109,yes
1753290323341,1753290323,KXMLBGAME-25JUL23SDMIA-SD,41,59,2,yes
1753290336413,1753290336,KXMLBGAME-25JUL23DETPIT-DET,30,70,15,yes
1753290340234,1753290340,KXMLBGAME-25JUL23DETPIT-PIT,72,28,136,yes
1753290342135,1753290342,KXMLBGAME-25JUL23DETPIT-DET,27,73,218,no
1753290344154,1753290344,KXMLBGAME-25JUL23LAANYM-LAA,40,60,100,yes
1753290345296,1753290345,KXMLBGAME-25JUL23DETPIT-DET,30,70,12,yes
1753290345992,1753290345,KXMLBGAME-25JUL23KCCHC-CHC,61,39,159,yes
1753290349473,1753290349,KXMLBGAME-25JUL23SFATL-SF,54,46,35,yes
1753290354771,1753290354,KXMLBGAME-25JUL23HOUARI-ARI,54,46,1687,yes
1753290356255,1753290356,KXMLBGAME-25JUL23LAANYM-LAA,40,60,47,yes
1753290356354,1753290356,KXMLBGAME-25JUL23CINWSH-CIN,69,31,70,yes
1753290356432,1753290356,KXMLBGAME-25JUL23SFATL-SF,54,46,179,yes
1753290359493,1753290359,KXMLBGAME-25JUL23CINWSH-CIN,69,31,130,yes
1753290359493,1753290359,KXMLBGAME-25JUL23CINWSH-CIN,69,31,160,yes
1753290366234,1753290366,KXMLBGAME-25JUL23SDMIA-MIA,60,40,40,yes
1753290369130,1753290369,KXMLBGAME-25JUL23KCCHC-KC,40,60,100,yes
1753290370314,1753290370,KXMLBGAME-25JUL23CINWSH-WSH,33,67,1,yes
1753290371030,1753290370,KXMLBGAME-25JUL23CINWSH-CIN,69,31,28,yes
1753290371172,1753290371,KXMLBGAME-25JUL23BOSPHI-BOS,44,56,21,yes
1753290372233,1753290372,KXMLBGAME-25JUL23DETPIT-PIT,72,28,213,yes
1753290374513,1753290374,KXMLBGAME-25JUL23ATHTEX-ATH,45,55,1,yes
1753290374513,1753290374,KXMLBGAME-25JUL23ATHTEX-ATH,45,55,41,yes
1753290374613,1753290374,KXMLBGAME-25JUL23SFATL-SF,52,48,9,yes
1753290376973,1753290376,KXMLBGAME-25JUL23CWSTB-CWS,35,65,14,yes
1753290379093,1753290379,KXMLBGAME-25JUL23CINWSH-CIN,69,31,35,yes
1753290380673,1753290380,KXMLBGAME-25JUL23LAANYM-LAA,40,60,11,yes
1753290383973,1753290383,KXMLBGAME-25JUL23CINWSH-CIN,69,31,2,yes
1753290386574,1753290386,KXMLBGAME-25JUL23LAANYM-LAA,40,60,479,yes
1753290386660,1753290386,KXMLBGAME-25JUL23ATHTEX-ATH,45,55,100,yes
1753290386954,1753290386,KXMLBGAME-25JUL23SDMIA-SD,43,57,1,yes
1753290392974,1753290392,KXMLBGAME-25JUL23CWSTB-CWS,35,65,13,yes
1753290396292,1753290396,KXMLBGAME-25JUL23SFATL-ATL,49,51,11,yes
1753290397132,1753290397,KXMLBGAME-25JUL23SDMIA-MIA,60,40,131,yes
1753290400733,1753290400,KXMLBGAME-25JUL23CINWSH-WSH,32,68,14,yes
1753290402314,1753290402,KXMLBGAME-25JUL23SFATL-ATL,49,51,248,yes
1753290402314,1753290402,KXMLBGAME-25JUL23SFATL-ATL,50,50,87,yes
1753290402314,1753290402,KXMLBGAME-25JUL23SFATL-ATL,50,50,114,yes
1753290402514,1753290402,KXMLBGAME-25JUL23KCCHC-KC,40,60,47,yes
1753290407152,1753290407,KXMLBGAME-25JUL23DETPIT-PIT,71,29,13,yes
1753290413086,1753290412,KXMLBGAME-25JUL23SFATL-ATL,51,49,300,yes
1753290413086,1753290412,KXMLBGAME-25JUL23SFATL-ATL,51,49,87,yes
1753290414008,1753290413,KXMLBGAME-25JUL23SDMIA-MIA,60,40,1,yes
1753290414932,1753290414,KXMLBGAME-25JUL23HOUARI-ARI,54,46,274,yes
1753290416533,1753290416,KXMLBGAME-25JUL23SFATL-SF,52,48,13,yes
1753290418149,1753290417,KXMLBGAME-25JUL23SFATL-SF,49,51,300,no
1753290418935,1753290418,KXMLBGAME-25JUL23SDMIA-MIA,60,40,8,yes
1753290419134,1753290419,KXMLBGAME-25JUL23CINWSH-WSH,32,68,15,yes
1753290422735,1753290422,KXMLBGAME-25JUL23DETPIT-PIT,68,32,300,no
1753290422735,1753290422,KXMLBGAME-25JUL23DETPIT-PIT,68,32,84,no
1753290422913,1753290422,KXMLBGAME-25JUL23DETPIT-DET,32,68,84,yes
1753290422935,1753290422,KXMLBGAME-25JUL23DETPIT-DET,33,67,63,yes
1753290425013,1753290424,KXMLBGAME-25JUL23DETPIT-PIT,66,34,140,no
1753290425917,1753290425,KXMLBGAME-25JUL23SDMIA-SD,42,58,300,yes
1753290425917,1753290425,KXMLBGAME-25JUL23SDMIA-SD,43,57,99,yes
1753290425917,1753290425,KXMLBGAME-25JUL23SDMIA-SD,44,56,600,yes
1753290425917,1753290425,KXMLBGAME-25JUL23SDMIA-SD,44,56,250,yes
1753290425917,1753290425,KXMLBGAME-25JUL23SDMIA-SD,44,56,500,yes
1753290425917,1753290425,KXMLBGAME-25JUL23SDMIA-SD,44,56,453,yes
1753290425917,1753290425,KXMLBGAME-25JUL23SFATL-SF,48,52,86,yes
1753290425917,1753290425,KXMLBGAME-25JUL23SFATL-SF,48,52,300,yes
1753290425917,1753290425,KXMLBGAME-25JUL23SFATL-SF,49,51,16,yes
1753290427827,1753290427,KXMLBGAME-25JUL23DETPIT-PIT,67,33,27,no
1753290429431,1753290429,KXMLBGAME-25JUL23SFATL-SF,48,52,6,yes
1753290432352,1753290432,KXMLBGAME-25JUL23DETPIT-PIT,64,36,3,yes
1753290434993,1753290434,KXMLBGAME-25JUL23SDMIA-MIA,60,40,78,yes
1753290434993,1753290434,KXMLBGAME-25JUL23SDMIA-MIA,60,40,1,yes
1753290434993,1753290434,KXMLBGAME-25JUL23SDMIA-MIA,60,40,8,yes
1753290434993,1753290434,KXMLBGAME-25JUL23SDMIA-MIA,60,40,75,yes
1753290436034,1753290435,KXMLBGAME-25JUL23CINWSH-CIN,68,32,300,yes
1753290436893,1753290436,KXMLBGAME-25JUL23SFATL-SF,48,52,58,yes
1753290436893,1753290436,KXMLBGAME-25JUL23SFATL-SF,48,52,300,yes
1753290436893,1753290436,KXMLBGAME-25JUL23SFATL-SF,48,52,5,yes
1753290439634,1753290439,KXMLBGAME-25JUL23SDMIA-SD,43,57,210,yes
1753290441474,1753290441,KXMLBGAME-25JUL23CINWSH-CIN,69,31,425,yes
1753290444830,1753290444,KXMLBGAME-25JUL23KCCHC-KC,40,60,7,yes
1753290446575,1753290446,KXMLBGAME-25JUL23DETPIT-PIT,65,35,87,yes
1753290446575,1753290446,KXMLBGAME-25JUL23DETPIT-PIT,66,34,62,yes
1753290448397,1753290448,KXMLBGAME-25JUL23DETPIT-PIT,65,35,1,yes
1753290448734,1753290448,KXMLBGAME-25JUL23DETPIT-DET,37,63,12,yes
1753290453233,1753290453,KXMLBGAME-25JUL23HOUARI-ARI,54,46,19,yes
1753290453833,1753290453,KXMLBGAME-25JUL23DETPIT-DET,36,64,23,yes
1753290455296,1753290455,KXMLBGAME-25JUL23SDMIA-SD,43,57,300,yes
1753290455296,1753290455,KXMLBGAME-25JUL23SDMIA-SD,44,56,600,yes
1753290455296,1753290455,KXMLBGAME-25JUL23SDMIA-SD,44,56,200,yes
1753290461523,1753290461,KXMLBGAME-25JUL23STLCOL-COL,38,62,5,yes
1753290463877,1753290463,KXMLBGAME-25JUL23CINWSH-CIN,69,31,28,yes
1753290465136,1753290465,KXMLBGAME-25JUL23SDMIA-MIA,60,40,13,yes
1753290466393,1753290466,KXMLBGAME-25JUL23SFATL-ATL,55,45,17,yes
1753290471871,1753290471,KXMLBGAME-25JUL23SFATL-SF,47,53,102,yes
1753290472273,1753290472,KXMLBGAME-25JUL23CINWSH-CIN,68,32,200,no
1753290472273,1753290472,KXMLBGAME-25JUL23CINWSH-CIN,67,33,9,no
1753290474276,1753290474,KXMLBGAME-25JUL23CINWSH-WSH,35,65,1,yes
1753290475833,1753290475,KXMLBGAME-25JUL23CINWSH-CIN,67,33,1,yes
1753290476473,1753290476,KXMLBGAME-25JUL23SDMIA-SD,44,56,300,yes
1753290476473,1753290476,KXMLBGAME-25JUL23SDMIA-SD,45,55,56,yes
1753290476473,1753290476,KXMLBGAME-25JUL23SDMIA-SD,45,55,1,yes
1753290476473,1753290476,KXMLBGAME-25JUL23SDMIA-SD,45,55,2,yes
1753290476473,1753290476,KXMLBGAME-25JUL23SDMIA-SD,45,55,21,yes
1753290476473,1753290476,KXMLBGAME-25JUL23SDMIA-SD,45,55,4,yes
1753290480159,1753290480,KXMLBGAME-25JUL23DETPIT-PIT,72,28,100,yes
1753290480159,1753290480,KXMLBGAME-25JUL23DETPIT-PIT,73,27,100,yes
1753290480159,1753290480,KXMLBGAME-25JUL23DETPIT-PIT,75,25,100,yes
1753290481453,1753290481,KXMLBGAME-25JUL23SFATL-SF,59,41,142,yes
1753290482154,1753290482,KXMLBGAME-25JUL23DETPIT-DET,21,79,1,no
1753290482154,1753290482,KXMLBGAME-25JUL23DETPIT-DET,21,79,77,no
1753290482553,1753290482,KXMLBGAME-25JUL23DETPIT-DET,21,79,23,no
1753290483026,1753290482,KXMLBGAME-25JUL23KCCHC-CHC,61,39,159,yes
1753290483132,1753290483,KXMLBGAME-25JUL23DETPIT-PIT,79,21,1,yes
1753290484179,1753290484,KXMLBGAME-25JUL23SFATL-SF,60,40,7,yes
1753290484179,1753290484,KXMLBGAME-25JUL23SFATL-SF,65,35,54,yes
1753290484179,1753290484,KXMLBGAME-25JUL23SFATL-SF,65,35,10,yes
1753290484179,1753290484,KXMLBGAME-25JUL23SFATL-SF,73,27,71,yes
1753290484716,1753290484,KXMLBGAME-25JUL23MINLAD-LAD,67,33,4,yes
1753290488992,1753290488,KXMLBGAME-25JUL23SDMIA-SD,50,50,1,yes
1753290489893,1753290489,KXMLBGAME-25JUL23HOUARI-ARI,54,46,20,yes
1753290489893,1753290489,KXMLBGAME-25JUL23HOUARI-ARI,54,46,1107,yes
1753290489992,1753290489,KXMLBGAME-25JUL23SDMIA-SD,49,51,1,yes
1753290494173,1753290494,KXMLBGAME-25JUL23DETPIT-PIT,76,24,58,yes
1753290494173,1753290494,KXMLBGAME-25JUL23DETPIT-PIT,76,24,100,yes
1753290494173,1753290494,KXMLBGAME-25JUL23DETPIT-PIT,80,20,100,yes
1753290494173,1753290494,KXMLBGAME-25JUL23DETPIT-PIT,82,18,1,yes
1753290494173,1753290494,KXMLBGAME-25JUL23DETPIT-PIT,84,16,100,yes
1753290494173,1753290494,KXMLBGAME-25JUL23DETPIT-PIT,85,15,244,yes
1753290495152,1753290495,KXMLBGAME-25JUL23DETPIT-DET,18,82,1,no
1753290495152,1753290495,KXMLBGAME-25JUL23DETPIT-DET,18,82,5,no
1753290495950,1753290495,KXMLBGAME-25JUL23CINWSH-CIN,67,33,29,yes
1753290496952,1753290496,KXMLBGAME-25JUL23DETPIT-DET,18,82,95,no
1753290496952,1753290496,KXMLBGAME-25JUL23DETPIT-DET,17,83,100,no
1753290497132,1753290497,KXMLBGAME-25JUL23DETPIT-DET,15,85,244,no
1753290497377,1753290497,KXMLBGAME-25JUL23DETPIT-DET,14,86,100,no
1753290497377,1753290497,KXMLBGAME-25JUL23DETPIT-DET,13,87,699,no
1753290497377,1753290497,KXMLBGAME-25JUL23DETPIT-DET,12,88,748,no
1753290497772,1753290497,KXMLBGAME-25JUL23DETPIT-PIT,87,13,699,yes
1753290497772,1753290497,KXMLBGAME-25JUL23DETPIT-PIT,88,12,748,yes
1753290501092,1753290500,KXMLBGAME-25JUL23DETPIT-DET,11,89,439,no
1753290501152,1753290501,KXMLBGAME-25JUL23DETPIT-PIT,89,11,491,yes
1753290501970,1753290501,KXMLBGAME-25JUL23DETPIT-DET,11,89,349,no
1753290501970,1753290501,KXMLBGAME-25JUL23DETPIT-PIT,89,11,297,yes
1753290502856,1753290502,KXMLBGAME-25JUL23SDMIA-MIA,45,55,14,no
1753290505312,1753290505,KXMLBGAME-25JUL23CINWSH-CIN,65,35,7,no
1753290505312,1753290505,KXMLBGAME-25JUL23CINWSH-CIN,64,36,38,no
1753290511534,1753290511,KXMLBGAME-25JUL23DETPIT-DET,12,88,1,yes
1753290519554,1753290519,KXMLBGAME-25JUL23SDMIA-SD,55,45,50,yes
1753290519751,1753290519,KXMLBGAME-25JUL23DETPIT-PIT,90,10,22,yes
1753290520535,1753290520,KXMLBGAME-25JUL23DETPIT-DET,11,89,171,yes
1753290520703,1753290520,KXMLBGAME-25JUL23DETPIT-PIT,90,10,55,yes
1753290522474,1753290522,KXMLBGAME-25JUL23SFATL-ATL,58,42,32,yes
1753290522474,1753290522,KXMLBGAME-25JUL23LAANYM-LAA,40,60,1055,yes
1753290522537,1753290522,KXMLBGAME-25JUL23SDMIA-MIA,45,55,35,no
1753290524752,1753290524,KXMLBGAME-25JUL23DETPIT-PIT,90,10,7,yes
1753290524752,1753290524,KXMLBGAME-25JUL23DETPIT-PIT,90,10,14,yes
1753290524974,1753290524,KXMLBGAME-25JUL23DETPIT-PIT,90,10,73,yes
1753290524974,1753290524,KXMLBGAME-25JUL23DETPIT-PIT,90,10,14,yes
1753290524974,1753290524,KXMLBGAME-25JUL23DETPIT-PIT,91,9,23,yes
1753290526754,1753290526,KXMLBGAME-25JUL23SDMIA-MIA,45,55,128,no
1753290529436,1753290529,KXMLBGAME-25JUL23CINWSH-CIN,65,35,15,yes
1753290530273,1753290530,KXMLBGAME-25JUL23DETPIT-PIT,88,12,300,no
1753290530273,1753290530,KXMLBGAME-25JUL23DETPIT-PIT,88,12,5,no
1753290530273,1753290530,KXMLBGAME-25JUL23DETPIT-PIT,88,12,299,no
1753290531413,1753290531,KXMLBGAME-25JUL23DETPIT-PIT,88,12,21,no
1753290534273,1753290534,KXMLBGAME-25JUL23SDMIA-SD,54,46,8,yes
1753290538314,1753290538,KXMLBGAME-25JUL23SFATL-SF,43,57,43,yes
1753290540165,1753290540,KXMLBGAME-25JUL23CINWSH-WSH,36,64,13,yes
1753290540751,1753290540,KXMLBGAME-25JUL23SFATL-SF,43,57,447,yes
1753290545353,1753290545,KXMLBGAME-25JUL23CINWSH-CIN,65,35,10,yes
1753290545353,1753290545,KXMLBGAME-25JUL23CINWSH-CIN,66,34,100,yes
1753290545353,1753290545,KXMLBGAME-25JUL23CINWSH-CIN,67,33,87,yes
1753290545353,1753290545,KXMLBGAME-25JUL23CINWSH-CIN,67,33,574,yes
1753290550134,1753290550,KXMLBGAME-25JUL23SDMIA-SD,54,46,99,yes
1753290551133,1753290551,KXMLBGAME-25JUL23LAANYM-LAA,40,60,2500,yes
1753290552293,1753290552,KXMLBGAME-25JUL23KCCHC-CHC,61,39,248,yes
1753290555337,1753290555,KXMLBGAME-25JUL23SFATL-SF,44,56,21,yes
1753290555693,1753290555,KXMLBGAME-25JUL23DETPIT-DET,11,89,25,yes
1753290556452,1753290556,KXMLBGAME-25JUL23SFATL-SF,44,56,2,yes
1753290556673,1753290556,KXMLBGAME-25JUL23DETPIT-PIT,90,10,55,yes
1753290558593,1753290558,KXMLBGAME-25JUL23MINLAD-LAD,67,33,8,yes
1753290558654,1753290558,KXMLBGAME-25JUL23LAANYM-LAA,40,60,44,yes
1753290559152,1753290559,KXMLBGAME-25JUL23DETPIT-PIT,90,10,11,yes
1753290560235,1753290560,KXMLBGAME-25JUL23DETPIT-PIT,90,10,5,yes
1753290561598,1753290561,KXMLBGAME-25JUL23CINWSH-CIN,66,34,91,yes
1753290561812,1753290561,KXMLBGAME-25JUL23SFATL-ATL,58,42,11,yes
1753290562294,1753290562,KXMLBGAME-25JUL23SDMIA-SD,54,46,179,yes
1753290570996,1753290570,KXMLBGAME-25JUL23SDMIA-SD,54,46,98,yes
1753290570996,1753290570,KXMLBGAME-25JUL23SDMIA-SD,54,46,300,yes
1753290570996,1753290570,KXMLBGAME-25JUL23SDMIA-SD,55,45,49,yes
1753290573036,1753290572,KXMLBGAME-25JUL23CINWSH-CIN,66,34,1,yes
1753290574373,1753290574,KXMLBGAME-25JUL23ATHTEX-ATH,45,55,2200,yes
1753290574773,1753290574,KXMLBGAME-25JUL23DETPIT-DET,12,88,392,yes
1753290576074,1753290576,KXMLBGAME-25JUL23CINWSH-WSH,35,65,68,yes
1753290579154,1753290579,KXMLBGAME-25JUL23DETPIT-PIT,90,10,3,yes
1753290581014,1753290580,KXMLBGAME-25JUL23DETPIT-DET,10,90,6,no
1753290586054,1753290586,KXMLBGAME-25JUL23LAANYM-LAA,40,60,360,yes
1753290586193,1753290586,KXMLBGAME-25JUL23LAANYM-LAA,40,60,360,yes
1753290593493,1753290593,KXMLBGAME-25JUL23DETPIT-PIT,90,10,55,yes
1753290595436,1753290595,KXMLBGAME-25JUL23DETPIT-DET,11,89,5,yes
1753290595436,1753290595,KXMLBGAME-25JUL23DETPIT-DET,11,89,37,yes
1753290597173,1753290597,KXMLBGAME-25JUL23DETPIT-PIT,90,10,26,yes
1753290598072,1753290598,KXMLBGAME-25JUL23DETPIT-PIT,90,10,2,yes
1753290598072,1753290598,KXMLBGAME-25JUL23DETPIT-PIT,90,10,2,yes
1753290600493,1753290600,KXMLBGAME-25JUL23SDMIA-MIA,44,56,3,no
1753290600493,1753290600,KXMLBGAME-25JUL23SDMIA-MIA,43,57,23,no
1753290603347,1753290602,KXMLBGAME-25JUL23SDMIA-SD,57,43,170,yes
1753290606728,1753290605,KXMLBGAME-25JUL23SDMIA-SD,57,43,87,yes
1753290606736,1753290606,KXMLBGAME-25JUL23KCCHC-KC,40,60,2500,yes
1753290607833,1753290607,KXMLBGAME-25JUL23KCCHC-CHC,61,39,7,yes
1753290611112,1753290610,KXMLBGAME-25JUL23MINLAD-LAD,67,33,356,yes
1753290611434,1753290611,KXMLBGAME-25JUL23CINWSH-WSH,35,65,28,yes
1753290614303,1753290614,KXMLBGAME-25JUL23DETPIT-DET,10,90,11,no
1753290616693,1753290616,KXMLBGAME-25JUL23SDMIA-MIA,45,55,87,yes
1753290616693,1753290616,KXMLBGAME-25JUL23SDMIA-MIA,46,54,3,yes
1753290616693,1753290616,KXMLBGAME-25JUL23SDMIA-MIA,46,54,300,yes
1753290626313,1753290626,KXMLBGAME-25JUL23DETPIT-DET,11,89,63,yes
1753290626313,1753290626,KXMLBGAME-25JUL23DETPIT-DET,12,88,20,yes
1753290627032,1753290626,KXMLBGAME-25JUL23SDMIA-SD,57,43,39,yes
1753290628935,1753290628,KXMLBGAME-25JUL23MINLAD-LAD,67,33,29,yes
1753290630294,1753290630,KXMLBGAME-25JUL23SDMIA-SD,50,50,87,no
1753290630414,1753290630,KXMLBGAME-25JUL23SDMIA-MIA,49,51,87,yes
1753290630414,1753290630,KXMLBGAME-25JUL23SDMIA-MIA,50,50,639,yes
1753290632055,1753290631,KXMLBGAME-25JUL23DETPIT-PIT,90,10,2,yes
1753290634752,1753290634,KXMLBGAME-25JUL23SFATL-ATL,61,39,159,yes
1753290635432,1753290635,KXMLBGAME-25JUL23CINWSH-CIN,65,35,100,no
1753290635432,1753290635,KXMLBGAME-25JUL23CINWSH-CIN,64,36,300,no
1753290635432,1753290635,KXMLBGAME-25JUL23CINWSH-CIN,64,36,27,no
1753290635532,1753290635,KXMLBGAME-25JUL23CINWSH-WSH,35,65,91,yes
1753290635532,1753290635,KXMLBGAME-25JUL23CINWSH-WSH,35,65,223,yes
1753290635532,1753290635,KXMLBGAME-25JUL23CINWSH-WSH,36,64,27,yes
1753290635532,1753290635,KXMLBGAME-25JUL23CINWSH-WSH,36,64,200,yes
1753290635532,1753290635,KXMLBGAME-25JUL23CINWSH-WSH,36,64,300,yes
1753290640093,1753290639,KXMLBGAME-25JUL23DETPIT-PIT,90,10,40,yes
1753290640093,1753290639,KXMLBGAME-25JUL23DETPIT-PIT,90,10,17,yes
1753290640093,1753290639,KXMLBGAME-25JUL23DETPIT-PIT,90,10,3,yes
1753290640093,1753290639,KXMLBGAME-25JUL23DETPIT-PIT,90,10,2,yes
1753290640093,1753290639,KXMLBGAME-25JUL23DETPIT-PIT,91,9,4,yes
1753290643995,1753290643,KXMLBGAME-25JUL23CINWSH-WSH,37,63,12,yes
1753290644573,1753290644,KXMLBGAME-25JUL23HOUARI-HOU,46,54,10,yes
1753290647731,1753290647,KXMLBGAME-25JUL23SDMIA-SD,48,52,52,yes
1753290648053,1753290648,KXMLBGAME-25JUL23MILSEA-MIL,47,53,20,yes
1753290651255,1753290651,KXMLBGAME-25JUL23SDMIA-MIA,54,46,75,yes
1753290651594,1753290651,KXMLBGAME-25JUL23DETPIT-DET,12,88,280,yes
1753290651595,1753290651,KXMLBGAME-25JUL23DETPIT-DET,13,87,1314,yes
1753290656333,1753290656,KXMLBGAME-25JUL23DETPIT-PIT,90,10,2427,yes
1753290657173,1753290657,KXMLBGAME-25JUL23SDMIA-SD,48,52,50,yes
1753290657694,1753290657,KXMLBGAME-25JUL23CINWSH-WSH,37,63,1,yes
1753290657694,1753290657,KXMLBGAME-25JUL23CINWSH-WSH,37,63,9,yes
1753290657694,1753290657,KXMLBGAME-25JUL23CINWSH-WSH,38,62,40,yes
1753290658672,1753290658,KXMLBGAME-25JUL23CINWSH-WSH,37,63,8,yes
1753290658672,1753290658,KXMLBGAME-25JUL23CINWSH-WSH,38,62,4,yes
1753290659034,1753290658,KXMLBGAME-25JUL23SDMIA-MIA,52,48,52,no
1753290660594,1753290660,KXMLBGAME-25JUL23LAANYM-LAA,40,60,239,yes
1753290660613,1753290660,KXMLBGAME-25JUL23ATHTEX-TEX,56,44,5,yes
1753290660654,1753290660,KXMLBGAME-25JUL23CINWSH-WSH,37,63,36,yes
1753290660654,1753290660,KXMLBGAME-25JUL23CINWSH-CIN,64,36,200,yes
1753290660654,1753290660,KXMLBGAME-25JUL23CINWSH-CIN,65,35,298,yes
1753290660654,1753290660,KXMLBGAME-25JUL23CINWSH-CIN,66,34,55,yes
1753290663074,1753290663,KXMLBGAME-25JUL23SDMIA-SD,48,52,40,yes
1753290663232,1753290663,KXMLBGAME-25JUL23SFATL-SF,40,60,47,yes
1753290669454,1753290669,KXMLBGAME-25JUL23SDMIA-SD,49,51,87,yes
1753290669454,1753290669,KXMLBGAME-25JUL23SDMIA-SD,49,51,72,yes
1753290670315,1753290670,KXMLBGAME-25JUL23CINWSH-CIN,66,34,8,yes
1753290670372,1753290670,KXMLBGAME-25JUL23SDMIA-SD,49,51,87,yes
1753290670372,1753290670,KXMLBGAME-25JUL23SDMIA-SD,49,51,11,yes
1753290672055,1753290671,KXMLBGAME-25JUL23DETPIT-DET,9,91,300,no
1753290672055,1753290671,KXMLBGAME-25JUL23DETPIT-DET,9,91,46,no
1753290672055,1753290671,KXMLBGAME-25JUL23DETPIT-DET,9,91,46,no
1753290674052,1753290674,KXMLBGAME-25JUL23CINWSH-WSH,37,63,5,yes
1753290674453,1753290674,KXMLBGAME-25JUL23DETPIT-PIT,91,9,600,yes
1753290674453,1753290674,KXMLBGAME-25JUL23DETPIT-PIT,91,9,300,yes
1753290674453,1753290674,KXMLBGAME-25JUL23DETPIT-PIT,91,9,200,yes
1753290674453,1753290674,KXMLBGAME-25JUL23DETPIT-PIT,91,9,35,yes
1753290674453,1753290674,KXMLBGAME-25JUL23DETPIT-PIT,91,9,2201,yes
1753290675892,1753290675,KXMLBGAME-25JUL23SFATL-ATL,61,39,84,yes
1753290677933,1753290677,KXMLBGAME-25JUL23CINWSH-CIN,66,34,20,yes
1753290677933,1753290677,KXMLBGAME-25JUL23CINWSH-CIN,66,34,39,yes
1753290682232,1753290681,KXMLBGAME-25JUL23DETPIT-PIT,91,9,62,yes
1753290682232,1753290682,KXMLBGAME-25JUL23LAANYM-LAA,40,60,2,yes
1753290682412,1753290682,KXMLBGAME-25JUL23CINWSH-CIN,66,34,48,yes
1753290682412,1753290682,KXMLBGAME-25JUL23CINWSH-CIN,66,34,99,yes
1753290683330,1753290683,KXMLBGAME-25JUL23SFATL-SF,38,62,70,no
1753290686936,1753290686,KXMLBGAME-25JUL23LAANYM-LAA,38,62,87,no
1753290687826,1753290686,KXMLBGAME-25JUL23DETPIT-PIT,91,9,1092,yes
1753290691233,1753290690,KXMLBGAME-25JUL23LAANYM-NYM,62,38,1400,yes
1753290691857,1753290691,KXMLBGAME-25JUL23ATHTEX-ATH,45,55,2,yes
1753290692012,1753290691,KXMLBGAME-25JUL23CINWSH-CIN,66,34,147,yes
1753290693150,1753290692,KXMLBGAME-25JUL23BOSPHI-BOS,44,56,16,yes
1753290695912,1753290695,KXMLBGAME-25JUL23DETPIT-DET,11,89,42,yes
1753290696432,1753290696,KXMLBGAME-25JUL23CINWSH-CIN,66,34,4,yes
1753290696832,1753290696,KXMLBGAME-25JUL23LAANYM-NYM,64,36,30,yes
1753290698373,1753290698,KXMLBGAME-25JUL23SDMIA-SD,48,52,2,yes
1753290698976,1753290698,KXMLBGAME-25JUL23ATHTEX-ATH,45,55,611,yes
1753290702072,1753290702,KXMLBGAME-25JUL23DETPIT-PIT,91,9,30,yes
1753290702413,1753290702,KXMLBGAME-25JUL23CINWSH-WSH,37,63,5,yes
1753290702973,1753290702,KXMLBGAME-25JUL23SDMIA-MIA,52,48,19,no
1753290705591,1753290705,KXMLBGAME-25JUL23SFATL-SF,40,60,42,yes
1753290706144,1753290706,KXMLBGAME-25JUL23KCCHC-KC,40,60,2,yes
1753290708692,1753290708,KXMLBGAME-25JUL23SFATL-SF,41,59,45,yes
1753290710332,1753290710,KXMLBGAME-25JUL23LAANYM-NYM,64,36,57,yes
1753290710332,1753290710,KXMLBGAME-25JUL23LAANYM-NYM,64,36,30,yes
1753290710332,1753290710,KXMLBGAME-25JUL23LAANYM-NYM,65,35,54,yes
1753290710332,1753290710,KXMLBGAME-25JUL23LAANYM-NYM,65,35,10,yes
1753290710332,1753290710,KXMLBGAME-25JUL23LAANYM-NYM,65,35,52,yes
1753290713018,1753290712,KXMLBGAME-25JUL23CINWSH-CIN,66,34,111,yes
1753290714656,1753290714,KXMLBGAME-25JUL23DETPIT-PIT,91,9,109,yes
1753290715154,1753290715,KXMLBGAME-25JUL23SFATL-ATL,62,38,23,yes
1753290719469,1753290719,KXMLBGAME-25JUL23SFATL-SF,41,59,234,yes
1753290722267,1753290722,KXMLBGAME-25JUL23SDMIA-SD,48,52,1017,yes
1753290722293,1753290722,KXMLBGAME-25JUL23DETPIT-PIT,91,9,65,yes
1753290722693,1753290722,KXMLBGAME-25JUL23DETPIT-DET,9,91,19,no
1753290725306,1753290725,KXMLBGAME-25JUL23CINWSH-CIN,65,35,9,yes
1753290726512,1753290726,KXMLBGAME-25JUL23CINWSH-CIN,65,35,200,yes
1753290726512,1753290726,KXMLBGAME-25JUL23CINWSH-CIN,65,35,300,yes
1753290726512,1753290726,KXMLBGAME-25JUL23CINWSH-CIN,65,35,213,yes
1753290726632,1753290726,KXMLBGAME-25JUL23CINWSH-WSH,37,63,50,yes
1753290727516,1753290727,KXMLBGAME-25JUL23SDMIA-SD,48,52,1800,yes
1753290727516,1753290727,KXMLBGAME-25JUL23SDMIA-SD,48,52,300,yes
1753290727516,1753290727,KXMLBGAME-25JUL23SDMIA-SD,49,51,258,yes
1753290733931,1753290733,KXMLBGAME-25JUL23LAANYM-NYM,65,35,52,yes
1753290734274,1753290734,KXMLBGAME-25JUL23DETPIT-PIT,90,10,20,yes
1753290735444,1753290735,KXMLBGAME-25JUL23LAANYM-NYM,65,35,7,yes
1753290737594,1753290737,KXMLBGAME-25JUL23LAANYM-NYM,65,35,37,yes
1753290738180,1753290738,KXMLBGAME-25JUL23CINWSH-CIN,65,35,23,yes
1753290738233,1753290738,KXMLBGAME-25JUL23LAANYM-LAA,37,63,362,yes
1753290739637,1753290739,KXMLBGAME-25JUL23SFATL-SF,41,59,32,yes
1753290739637,1753290739,KXMLBGAME-25JUL23SFATL-SF,41,59,108,yes
1753290741054,1753290741,KXMLBGAME-25JUL23DETPIT-PIT,90,10,33,yes
1753290742133,1753290742,KXMLBGAME-25JUL23DETPIT-PIT,90,10,55,yes
1753290743533,1753290743,KXMLBGAME-25JUL23CINWSH-CIN,65,35,150,yes
1753290752132,1753290752,KXMLBGAME-25JUL23NYYTOR-TOR,45,55,12,yes
1753290753353,1753290753,KXMLBGAME-25JUL23DETPIT-DET,11,89,100,yes
1753290753433,1753290753,KXMLBGAME-25JUL23LAANYM-NYM,64,36,5,no
1753290755016,1753290754,KXMLBGAME-25JUL23CINWSH-CIN,65,35,150,yes
1753290757143,1753290756,KXMLBGAME-25JUL23SFATL-SF,41,59,7,yes
1753290759534,1753290759,KXMLBGAME-25JUL23DETPIT-PIT,91,9,27,yes
1753290761011,1753290760,KXMLBGAME-25JUL23SDMIA-MIA,53,47,9,yes
1753290762153,1753290761,KXMLBGAME-25JUL23DETPIT-DET,11,89,3,yes
1753290762236,1753290762,KXMLBGAME-25JUL23LAANYM-NYM,65,35,15,yes
1753290768237,1753290768,KXMLBGAME-25JUL23CINWSH-WSH,37,63,127,yes
1753290769653,1753290769,KXMLBGAME-25JUL23SFATL-ATL,63,37,16,yes
1753290769934,1753290769,KXMLBGAME-25JUL23SDMIA-SD,48,52,300,yes
1753290769934,1753290769,KXMLBGAME-25JUL23SDMIA-SD,49,51,198,yes
1753290771338,1753290771,KXMLBGAME-25JUL23CINWSH-CIN,65,35,52,yes
1753290772652,1753290772,KXMLBGAME-25JUL23DETPIT-DET,9,91,10,yes
1753290774695,1753290774,KXMLBGAME-25JUL23KCCHC-KC,40,60,688,yes
1753290775471,1753290775,KXMLBGAME-25JUL23CINWSH-CIN,65,35,2,yes
1753290775493,1753290775,KXMLBGAME-25JUL23CWSTB-TB,66,34,6,yes
1753290775735,1753290775,KXMLBGAME-25JUL23DETPIT-PIT,91,9,87,no
1753290775735,1753290775,KXMLBGAME-25JUL23DETPIT-PIT,90,10,136,no
1753290779152,1753290779,KXMLBGAME-25JUL23SDMIA-MIA,53,47,9,yes
1753290779636,1753290779,KXMLBGAME-25JUL23LAANYM-LAA,36,64,53,yes
1753290780295,1753290780,KXMLBGAME-25JUL23LAANYM-LAA,36,64,1,yes
1753290782958,1753290782,KXMLBGAME-25JUL23DETPIT-PIT,93,7,5000,yes
1753290782958,1753290782,KXMLBGAME-25JUL23DETPIT-PIT,93,7,500,yes
1753290782958,1753290782,KXMLBGAME-25JUL23DETPIT-PIT,93,7,600,yes
1753290782958,1753290782,KXMLBGAME-25JUL23DETPIT-PIT,93,7,300,yes
1753290782958,1753290782,KXMLBGAME-25JUL23DETPIT-PIT,94,6,26,yes
1753290782958,1753290782,KXMLBGAME-25JUL23DETPIT-PIT,94,6,500,yes
1753290782958,1753290782,KXMLBGAME-25JUL23DETPIT-PIT,94,6,750,yes
1753290782958,1753290782,KXMLBGAME-25JUL23DETPIT-PIT,94,6,3,yes
1753290782958,1753290782,KXMLBGAME-25JUL23DETPIT-PIT,94,6,21,yes
1753290782958,1753290782,KXMLBGAME-25JUL23DETPIT-PIT,94,6,600,yes
1753290782958,1753290782,KXMLBGAME-25JUL23DETPIT-PIT,94,6,2000,yes
1753290782958,1753290782,KXMLBGAME-25JUL23DETPIT-PIT,95,5,185,yes
1753290783153,1753290783,KXMLBGAME-25JUL23SDMIA-MIA,53,47,28,yes
1753290784492,1753290784,KXMLBGAME-25JUL23CINWSH-WSH,36,64,3,yes
1753290785415,1753290785,KXMLBGAME-25JUL23DETPIT-DET,9,91,10,yes
1753290788871,1753290788,KXMLBGAME-25JUL23DETPIT-DET,9,91,10,yes
1753290795038,1753290794,KXMLBGAME-25JUL23SDMIA-SD,55,45,3,yes
1753290795038,1753290794,KXMLBGAME-25JUL23SDMIA-SD,56,44,83,yes
1753290795193,1753290795,KXMLBGAME-25JUL23SDMIA-MIA,50,50,3,no
1753290795652,1753290795,KXMLBGAME-25JUL23KCCHC-KC,40,60,336,yes
1753290799594,1753290799,KXMLBGAME-25JUL23STLCOL-STL,63,37,15,yes
1753290800393,1753290800,KXMLBGAME-25JUL23LAANYM-NYM,64,36,5,no
1753290801093,1753290801,KXMLBGAME-25JUL23DETPIT-DET,8,92,84,yes
1753290801802,1753290801,KXMLBGAME-25JUL23DETPIT-PIT,93,7,10,yes
1753290804795,1753290804,KXMLBGAME-25JUL23CINWSH-CIN,66,34,39,yes
1753290810504,1753290810,KXMLBGAME-25JUL23SDMIA-SD,51,49,73,yes
1753290810504,1753290810,KXMLBGAME-25JUL23SDMIA-SD,52,48,112,yes
1753290811934,1753290811,KXMLBGAME-25JUL23CINWSH-WSH,35,65,40,yes
1753290813732,1753290813,KXMLBGAME-25JUL23SDMIA-SD,51,49,18,yes
1753290820072,1753290820,KXMLBGAME-25JUL23SDMIA-SD,51,49,17,yes
1753290820892,1753290820,KXMLBGAME-25JUL23SFATL-SF,41,59,23,yes
1753290821954,1753290821,KXMLBGAME-25JUL23CINWSH-CIN,66,34,38,yes
1753290829431,1753290829,KXMLBGAME-25JUL23NYYTOR-NYY,57,43,43,yes
1753290829431,1753290829,KXMLBGAME-25JUL23NYYTOR-NYY,57,43,10,yes
1753290829431,1753290829,KXMLBGAME-25JUL23NYYTOR-NYY,57,43,10,yes
1753290829431,1753290829,KXMLBGAME-25JUL23NYYTOR-NYY,57,43,22,yes
1753290830181,1753290830,KXMLBGAME-25JUL23CINWSH-CIN,65,35,300,no
1753290830194,1753290830,KXMLBGAME-25JUL23DETPIT-PIT,93,7,119,yes
1753290832492,1753290832,KXMLBGAME-25JUL23LAANYM-NYM,66,34,4,yes
1753290832570,1753290832,KXMLBGAME-25JUL23CINWSH-CIN,65,35,45,yes
1753290835314,1753290835,KXMLBGAME-25JUL23SDMIA-SD,51,49,20,yes
1753290835314,1753290835,KXMLBGAME-25JUL23SDMIA-SD,51,49,13,yes
1753290835314,1753290835,KXMLBGAME-25JUL23SDMIA-SD,51,49,13,yes
1753290835314,1753290835,KXMLBGAME-25JUL23SDMIA-SD,52,48,188,yes
1753290835314,1753290835,KXMLBGAME-25JUL23SDMIA-SD,52,48,200,yes
1753290835314,1753290835,KXMLBGAME-25JUL23SDMIA-SD,52,48,31,yes
1753290836851,1753290836,KXMLBGAME-25JUL23LAANYM-LAA,36,64,764,yes
1753290837112,1753290837,KXMLBGAME-25JUL23DETPIT-PIT,93,7,120,yes
1753290841015,1753290840,KXMLBGAME-25JUL23CINWSH-CIN,65,35,150,yes
1753290841230,1753290841,KXMLBGAME-25JUL23SFATL-SF,40,60,200,yes
1753290841230,1753290841,KXMLBGAME-25JUL23SFATL-SF,40,60,189,yes
1753290841837,1753290841,KXMLBGAME-25JUL23ATHTEX-ATH,45,55,299,yes
1753290844212,1753290844,KXMLBGAME-25JUL23SDMIA-SD,52,48,93,yes
1753290844603,1753290844,KXMLBGAME-25JUL23DETPIT-PIT,94,6,24,yes
1753290846176,1753290846,KXMLBGAME-25JUL23DETPIT-PIT,93,7,105,yes
1753290854133,1753290854,KXMLBGAME-25JUL23SDMIA-SD,51,49,45,yes
1753290854433,1753290854,KXMLBGAME-25JUL23CINWSH-CIN,66,34,73,yes
1753290855410,1753290855,KXMLBGAME-25JUL23SDMIA-SD,51,49,246,yes
1753290856433,1753290856,KXMLBGAME-25JUL23SFATL-ATL,63,37,3,yes
1753290857398,1753290856,KXMLBGAME-25JUL23SFATL-SF,40,60,31,yes
1753290859295,1753290859,KXMLBGAME-25JUL23CINWSH-WSH,34,66,140,yes
1753290862005,1753290861,KXMLBGAME-25JUL23CINWSH-WSH,33,67,500,no
1753290862005,1753290861,KXMLBGAME-25JUL23CINWSH-WSH,32,68,100,no
1753290862005,1753290861,KXMLBGAME-25JUL23CINWSH-WSH,32,68,87,no
1753290862005,1753290861,KXMLBGAME-25JUL23CINWSH-WSH,31,69,509,no
1753290862005,1753290861,KXMLBGAME-25JUL23LAANYM-LAA,36,64,120,yes
1753290862633,1753290862,KXMLBGAME-25JUL23LAANYM-LAA,33,67,15,no
1753290864273,1753290864,KXMLBGAME-25JUL23DETPIT-DET,7,93,49,no
1753290865083,1753290864,KXMLBGAME-25JUL23CINWSH-CIN,67,33,145,yes
1753290866072,1753290865,KXMLBGAME-25JUL23SFATL-SF,40,60,239,yes
1753290872313,1753290872,KXMLBGAME-25JUL23DETPIT-DET,8,92,27,yes
1753290874433,1753290874,KXMLBGAME-25JUL23LAANYM-NYM,67,33,100,yes
1753290874433,1753290874,KXMLBGAME-25JUL23LAANYM-NYM,68,32,424,yes
1753290875313,1753290875,KXMLBGAME-25JUL23SFATL-ATL,62,38,87,yes
1753290875314,1753290875,KXMLBGAME-25JUL23SFATL-SF,38,62,87,no
1753290875452,1753290875,KXMLBGAME-25JUL23SFATL-SF,37,63,300,no
1753290875452,1753290875,KXMLBGAME-25JUL23SFATL-SF,37,63,87,no
1753290875553,1753290875,KXMLBGAME-25JUL23SFATL-ATL,63,37,87,yes
1753290879392,1753290879,KXMLBGAME-25JUL23LAANYM-LAA,34,66,133,yes
1753290883822,1753290883,KXMLBGAME-25JUL23DETPIT-PIT,93,7,9,yes
1753290884153,1753290884,KXMLBGAME-25JUL23LAANYM-LAA,33,67,80,no
1753290884153,1753290884,KXMLBGAME-25JUL23LAANYM-LAA,33,67,5,no
1753290884153,1753290884,KXMLBGAME-25JUL23LAANYM-LAA,32,68,502,no
1753290884950,1753290884,KXMLBGAME-25JUL23CINWSH-CIN,68,32,28,yes
1753290886830,1753290886,KXMLBGAME-25JUL23CINWSH-WSH,32,68,15,no
1753290887253,1753290887,KXMLBGAME-25JUL23LAANYM-LAA,34,66,20,yes
1753290889654,1753290889,KXMLBGAME-25JUL23SFATL-ATL,65,35,15,yes
1753290891233,1753290891,KXMLBGAME-25JUL23SDMIA-SD,50,50,34,yes
1753290891233,1753290891,KXMLBGAME-25JUL23SDMIA-SD,50,50,300,yes
1753290891233,1753290891,KXMLBGAME-25JUL23SDMIA-SD,52,48,143,yes
1753290892934,1753290892,KXMLBGAME-25JUL23SFATL-ATL,65,35,14,yes
1753290895055,1753290895,KXMLBGAME-25JUL23DETPIT-PIT,94,6,300,yes
1753290895055,1753290895,KXMLBGAME-25JUL23DETPIT-PIT,95,5,30,yes
1753290895055,1753290895,KXMLBGAME-25JUL23DETPIT-PIT,95,5,38,yes
1753290895055,1753290895,KXMLBGAME-25JUL23DETPIT-PIT,96,4,200,yes
1753290895055,1753290895,KXMLBGAME-25JUL23DETPIT-PIT,96,4,217,yes
1753290898833,1753290898,KXMLBGAME-25JUL23LAANYM-NYM,67,33,59,yes
1753290900513,1753290900,KXMLBGAME-25JUL23SFATL-SF,36,64,20,yes
1753290906412,1753290906,KXMLBGAME-25JUL23LAANYM-LAA,34,66,224,yes
1753290909013,1753290908,KXMLBGAME-25JUL23SDMIA-SD,50,50,9,yes
1753290909152,1753290909,KXMLBGAME-25JUL23HOUARI-HOU,45,55,4,yes
1753290909893,1753290909,KXMLBGAME-25JUL23BALCLE-CLE,55,45,25,yes
1753290911592,1753290911,KXMLBGAME-25JUL23MINLAD-LAD,67,33,5,yes
1753290912251,1753290912,KXMLBGAME-25JUL23SDMIA-MIA,50,50,1,no
1753290912251,1753290912,KXMLBGAME-25JUL23SDMIA-MIA,50,50,1,no
1753290912650,1753290912,KXMLBGAME-25JUL23DETPIT-DET,8,92,1000,yes
1753290913193,1753290913,KXMLBGAME-25JUL23CINWSH-CIN,69,31,300,yes
1753290913193,1753290913,KXMLBGAME-25JUL23CINWSH-CIN,69,31,87,yes
1753290913193,1753290913,KXMLBGAME-25JUL23CINWSH-CIN,70,30,300,yes
1753290913193,1753290913,KXMLBGAME-25JUL23CINWSH-CIN,70,30,200,yes
1753290913193,1753290913,KXMLBGAME-25JUL23CINWSH-CIN,70,30,1217,yes
1753290915992,1753290915,KXMLBGAME-25JUL23KCCHC-KC,40,60,20,yes
1753290921815,1753290921,KXMLBGAME-25JUL23CINWSH-WSH,30,70,63,no
1753290922111,1753290922,KXMLBGAME-25JUL23CINWSH-CIN,70,30,40,yes
1753290922111,1753290922,KXMLBGAME-25JUL23CINWSH-CIN,70,30,309,yes
1753290938212,1753290938,KXMLBGAME-25JUL23SDMIA-SD,54,46,32,yes
1753290938710,1753290938,KXMLBGAME-25JUL23DETPIT-DET,8,92,29,yes
1753290939713,1753290939,KXMLBGAME-25JUL23STLCOL-COL,38,62,20,yes
1753290941533,1753290941,KXMLBGAME-25JUL23DETPIT-DET,7,93,15,no
1753290942611,1753290942,KXMLBGAME-25JUL23DETPIT-DET,8,92,403,yes
1753290944513,1753290944,KXMLBGAME-25JUL23CINWSH-CIN,70,30,19,yes
1753290948793,1753290948,KXMLBGAME-25JUL23STLCOL-STL,63,37,6,yes
1753290949152,1753290949,KXMLBGAME-25JUL23DETPIT-PIT,94,6,63,yes
1753290951173,1753290951,KXMLBGAME-25JUL23KCCHC-KC,40,60,110,yes
1753290951635,1753290951,KXMLBGAME-25JUL23CINWSH-CIN,70,30,80,yes
1753290951635,1753290951,KXMLBGAME-25JUL23CINWSH-CIN,72,28,41,yes
1753290952453,1753290952,KXMLBGAME-25JUL23KCCHC-CHC,61,39,4,yes
1753290955833,1753290955,KXMLBGAME-25JUL23DETPIT-PIT,94,6,120,yes
1753290957577,1753290957,KXMLBGAME-25JUL23CINWSH-CIN,70,30,13,yes
1753290959833,1753290959,KXMLBGAME-25JUL23SFATL-ATL,61,39,87,yes
1753290959834,1753290959,KXMLBGAME-25JUL23SFATL-ATL,61,39,72,yes
1753290962273,1753290962,KXMLBGAME-25JUL23DETPIT-PIT,94,6,211,yes
1753290963353,1753290963,KXMLBGAME-25JUL23CINWSH-WSH,30,70,88,no
1753290970154,1753290970,KXMLBGAME-25JUL23LAANYM-NYM,66,34,147,yes
1753290973652,1753290973,KXMLBGAME-25JUL23SDMIA-MIA,45,55,176,no
1753290978492,1753290978,KXMLBGAME-25JUL23MILSEA-SEA,53,47,548,yes
1753290979816,1753290979,KXMLBGAME-25JUL23KCCHC-CHC,61,39,159,yes
1753290986872,1753290986,KXMLBGAME-25JUL23KCCHC-CHC,61,39,159,yes
1753290989314,1753290989,KXMLBGAME-25JUL23SDMIA-MIA,46,54,104,yes
1753290992376,1753290992,KXMLBGAME-25JUL23SFATL-SF,38,62,12,yes
1753290997347,1753290997,KXMLBGAME-25JUL23SDMIA-SD,54,46,179,yes
1753291000132,1753291000,KXMLBGAME-25JUL23SFATL-SF,40,60,43,yes
1753291003514,1753291003,KXMLBGAME-25JUL23SDMIA-MIA,46,54,25,yes
1753291008992,1753291008,KXMLBGAME-25JUL23SFATL-SF,40,60,59,yes
1753291009669,1753291009,KXMLBGAME-25JUL23CINWSH-WSH,30,70,6,yes
1753291009911,1753291009,KXMLBGAME-25JUL23SFATL-SF,40,60,239,yes
1753291011433,1753291011,KXMLBGAME-25JUL23DETPIT-DET,7,93,3,no
1753291011734,1753291011,KXMLBGAME-25JUL23CINWSH-CIN,71,29,196,yes
1753291014015,1753291013,KXMLBGAME-25JUL23NYYTOR-TOR,45,55,20,yes
1753291021333,1753291020,KXMLBGAME-25JUL23SFATL-ATL,61,39,300,yes
1753291027632,1753291027,KXMLBGAME-25JUL23SDMIA-SD,52,48,18,yes
1753291028014,1753291027,KXMLBGAME-25JUL23DETPIT-DET,8,92,35,yes
1753291035233,1753291035,KXMLBGAME-25JUL23LAANYM-NYM,67,33,37,yes
1753291038812,1753291038,KXMLBGAME-25JUL23CWSTB-CWS,35,65,20,yes
1753291039953,1753291039,KXMLBGAME-25JUL23ATHTEX-ATH,45,55,100,yes
1753291042834,1753291042,KXMLBGAME-25JUL23SDMIA-SD,51,49,300,yes
1753291042834,1753291042,KXMLBGAME-25JUL23SDMIA-SD,52,48,3,yes
1753291044489,1753291044,KXMLBGAME-25JUL23CINWSH-CIN,71,29,34,yes
1753291051736,1753291051,KXMLBGAME-25JUL23SDMIA-SD,51,49,189,yes
1753291053232,1753291053,KXMLBGAME-25JUL23KCCHC-CHC,61,39,1000,yes
1753291054114,1753291054,KXMLBGAME-25JUL23LAANYM-NYM,70,30,616,no
1753291054934,1753291054,KXMLBGAME-25JUL23SDMIA-MIA,49,51,157,no
1753291061572,1753291061,KXMLBGAME-25JUL23STLCOL-STL,63,37,3,yes
1753291068594,1753291068,KXMLBGAME-25JUL23SDMIA-MIA,50,50,69,yes
1753291068594,1753291068,KXMLBGAME-25JUL23SDMIA-MIA,50,50,124,yes
1753291069992,1753291069,KXMLBGAME-25JUL23HOUARI-ARI,55,45,5,yes
1753291072356,1753291072,KXMLBGAME-25JUL23SDMIA-SD,52,48,186,yes
1753291074734,1753291074,KXMLBGAME-25JUL23SDMIA-SD,52,48,50,yes
1753291074734,1753291074,KXMLBGAME-25JUL23SDMIA-SD,52,48,24,yes
1753291074734,1753291074,KXMLBGAME-25JUL23SDMIA-SD,52,48,19,yes
1753291075112,1753291074,KXMLBGAME-25JUL23DETPIT-DET,7,93,33,no
1753291077335,1753291077,KXMLBGAME-25JUL23LAANYM-NYM,73,27,100,yes
1753291077335,1753291077,KXMLBGAME-25JUL23LAANYM-NYM,75,25,100,yes
1753291077335,1753291077,KXMLBGAME-25JUL23LAANYM-NYM,75,25,130,yes
1753291079414,1753291079,KXMLBGAME-25JUL23MINLAD-LAD,67,33,13,yes
1753291083434,1753291083,KXMLBGAME-25JUL23CINWSH-CIN,71,29,270,yes
1753291083434,1753291083,KXMLBGAME-25JUL23CINWSH-CIN,71,29,737,yes
1753291084475,1753291084,KXMLBGAME-25JUL23CINWSH-CIN,71,29,40,yes
1753291087471,1753291087,KXMLBGAME-25JUL23DETPIT-DET,6,94,78,yes
1753291088174,1753291088,KXMLBGAME-25JUL23CINWSH-WSH,30,70,3,yes
1753291088595,1753291088,KXMLBGAME-25JUL23CINWSH-CIN,71,29,13,yes
1753291089376,1753291089,KXMLBGAME-25JUL23SDMIA-MIA,48,52,1,no
1753291095256,1753291095,KXMLBGAME-25JUL23DETPIT-PIT,96,4,2,yes
1753291095693,1753291095,KXMLBGAME-25JUL23DETPIT-DET,7,93,200,yes
1753291095693,1753291095,KXMLBGAME-25JUL23DETPIT-DET,7,93,87,yes
1753291095693,1753291095,KXMLBGAME-25JUL23DETPIT-DET,7,93,213,yes
1753291100271,1753291100,KXMLBGAME-25JUL23DETPIT-DET,6,94,50,no
1753291104700,1753291104,KXMLBGAME-25JUL23CINWSH-CIN,71,29,24,yes
1753291109308,1753291109,KXMLBGAME-25JUL23LAANYM-LAA,27,73,35,yes
1753291109434,1753291109,KXMLBGAME-25JUL23LAANYM-LAA,27,73,34,yes
1753291110230,1753291109,KXMLBGAME-25JUL23DETPIT-DET,6,94,31,yes
1753291113814,1753291113,KXMLBGAME-25JUL23DETPIT-DET,6,94,120,yes
1753291118653,1753291118,KXMLBGAME-25JUL23BOSPHI-PHI,57,43,170,yes
1753291124976,1753291124,KXMLBGAME-25JUL23BOSPHI-PHI,57,43,1,yes
1753291124976,1753291124,KXMLBGAME-25JUL23LAANYM-NYM,75,25,13,yes
1753291127414,1753291127,KXMLBGAME-25JUL23CINWSH-CIN,70,30,500,yes
1753291127414,1753291127,KXMLBGAME-25JUL23CINWSH-CIN,71,29,500,yes
1753291127415,1753291127,KXMLBGAME-25JUL23CINWSH-CIN,71,29,387,yes
1753291128174,1753291128,KXMLBGAME-25JUL23CINWSH-CIN,71,29,13,yes
1753291133393,1753291133,KXMLBGAME-25JUL23CINWSH-CIN,71,29,69,yes
1753291136533,1753291136,KXMLBGAME-25JUL23CINWSH-WSH,30,70,9,yes
1753291141055,1753291141,KXMLBGAME-25JUL23SFATL-ATL,55,45,1,yes
1753291144336,1753291144,KXMLBGAME-25JUL23DETPIT-DET,7,93,87,yes
1753291144336,1753291144,KXMLBGAME-25JUL23DETPIT-DET,7,93,43,yes
1753291148535,1753291148,KXMLBGAME-25JUL23LAANYM-NYM,71,29,87,no
1753291148536,1753291148,KXMLBGAME-25JUL23LAANYM-NYM,70,30,529,no
1753291148612,1753291148,KXMLBGAME-25JUL23LAANYM-NYM,74,26,398,yes
1753291150333,1753291150,KXMLBGAME-25JUL23LAANYM-NYM,73,27,9,yes
1753291154094,1753291154,KXMLBGAME-25JUL23SFATL-SF,46,54,20,yes
1753291155639,1753291155,KXMLBGAME-25JUL23DETPIT-PIT,94,6,84,yes
1753291157153,1753291157,KXMLBGAME-25JUL23LAANYM-LAA,28,72,3,no
1753291160174,1753291160,KXMLBGAME-25JUL23LAANYM-LAA,30,70,100,yes
1753291161217,1753291161,KXMLBGAME-25JUL23CINWSH-CIN,72,28,1362,yes
1753291164073,1753291164,KXMLBGAME-25JUL23LAANYM-LAA,30,70,160,yes
1753291167353,1753291167,KXMLBGAME-25JUL23SFATL-ATL,55,45,8,yes
1753291170517,1753291170,KXMLBGAME-25JUL23CINWSH-WSH,29,71,2,no
1753291171568,1753291171,KXMLBGAME-25JUL23CINWSH-CIN,71,29,2,yes
1753291172914,1753291172,KXMLBGAME-25JUL23LAANYM-LAA,30,70,3,yes
1753291176312,1753291176,KXMLBGAME-25JUL23CINWSH-CIN,71,29,116,yes
1753291179555,1753291179,KXMLBGAME-25JUL23SFATL-ATL,55,45,176,yes
1753291185534,1753291185,KXMLBGAME-25JUL23CINWSH-CIN,70,30,1,yes
1753291187554,1753291187,KXMLBGAME-25JUL23SFATL-SF,46,54,67,yes
1753291187554,1753291187,KXMLBGAME-25JUL23SFATL-SF,46,54,16,yes
1753291189397,1753291189,KXMLBGAME-25JUL23LAANYM-LAA,31,69,73,yes
1753291189397,1753291189,KXMLBGAME-25JUL23LAANYM-LAA,31,69,80,yes
1753291190514,1753291190,KXMLBGAME-25JUL23DETPIT-PIT,94,6,116,yes
1753291190514,1753291190,KXMLBGAME-25JUL23DETPIT-PIT,94,6,256,yes
1753291190514,1753291190,KXMLBGAME-25JUL23DETPIT-PIT,95,5,300,yes
1753291190514,1753291190,KXMLBGAME-25JUL23DETPIT-PIT,96,4,50,yes
1753291190514,1753291190,KXMLBGAME-25JUL23DETPIT-PIT,96,4,119,yes
1753291191127,1753291191,KXMLBGAME-25JUL23LAANYM-NYM,72,28,87,yes
1753291191127,1753291191,KXMLBGAME-25JUL23LAANYM-NYM,72,28,100,yes
1753291191127,1753291191,KXMLBGAME-25JUL23LAANYM-NYM,72,28,300,yes
1753291191127,1753291191,KXMLBGAME-25JUL23LAANYM-NYM,73,27,600,yes
1753291191127,1753291191,KXMLBGAME-25JUL23LAANYM-NYM,73,27,263,yes
1753291195554,1753291195,KXMLBGAME-25JUL23CINWSH-CIN,70,30,15,yes
1753291197491,1753291197,KXMLBGAME-25JUL23HOUARI-ARI,55,45,266,no
1753291199596,1753291199,KXMLBGAME-25JUL23LAANYM-LAA,30,70,317,yes
1753291201073,1753291200,KXMLBGAME-25JUL23MINLAD-MIN,34,66,11,yes
1753291205053,1753291204,KXMLBGAME-25JUL23DETPIT-PIT,95,5,52,yes
1753291207372,1753291207,KXMLBGAME-25JUL23CINWSH-CIN,70,30,16,yes
1753291207775,1753291207,KXMLBGAME-25JUL23CINWSH-WSH,32,68,44,yes
1753291208555,1753291208,KXMLBGAME-25JUL23CINWSH-CIN,70,30,69,yes
1753291213892,1753291213,KXMLBGAME-25JUL23MILSEA-SEA,53,47,10,yes
1753291218394,1753291218,KXMLBGAME-25JUL23SFATL-ATL,54,46,5,yes
1753291221932,1753291221,KXMLBGAME-25JUL23CINWSH-CIN,70,30,100,yes
1753291221932,1753291221,KXMLBGAME-25JUL23CINWSH-CIN,70,30,39,yes
1753291224853,1753291224,KXMLBGAME-25JUL23DETPIT-DET,7,93,40,yes
1753291226594,1753291226,KXMLBGAME-25JUL23LAANYM-NYM,71,29,87,yes
1753291226594,1753291226,KXMLBGAME-25JUL23LAANYM-NYM,72,28,300,yes
1753291226594,1753291226,KXMLBGAME-25JUL23LAANYM-NYM,72,28,100,yes
1753291226594,1753291226,KXMLBGAME-25JUL23LAANYM-NYM,73,27,174,yes
1753291230233,1753291230,KXMLBGAME-25JUL23LAANYM-NYM,72,28,20,yes
1753291233573,1753291233,KXMLBGAME-25JUL23CINWSH-CIN,69,31,27,yes
1753291239596,1753291239,KXMLBGAME-25JUL23CINWSH-WSH,32,68,15,yes
1753291240532,1753291240,KXMLBGAME-25JUL23LAANYM-NYM,72,28,6,yes
1753291243774,1753291243,KXMLBGAME-25JUL23DETPIT-DET,7,93,1341,yes
1753291246012,1753291245,KXMLBGAME-25JUL23DETPIT-DET,7,93,1,yes
1753291246878,1753291246,KXMLBGAME-25JUL23SDMIA-MIA,41,59,5,yes
1753291250915,1753291250,KXMLBGAME-25JUL23LAANYM-NYM,71,29,1,yes
1753291253431,1753291253,KXMLBGAME-25JUL23MINLAD-MIN,34,66,15,yes
1753291260492,1753291260,KXMLBGAME-25JUL23DETPIT-DET,6,94,50,no
1753291262435,1753291262,KXMLBGAME-25JUL23DETPIT-PIT,98,2,300,yes
1753291262435,1753291262,KXMLBGAME-25JUL23DETPIT-PIT,98,2,100,yes
1753291262435,1753291262,KXMLBGAME-25JUL23DETPIT-PIT,99,1,55,yes
1753291263533,1753291263,KXMLBGAME-25JUL23KCCHC-KC,40,60,11,yes
1753291266732,1753291266,KXMLBGAME-25JUL23CINWSH-CIN,69,31,48,yes
1753291269514,1753291269,KXMLBGAME-25JUL23LAANYM-NYM,70,30,27,yes
1753291271133,1753291270,KXMLBGAME-25JUL23SDMIA-MIA,39,61,1,no
1753291271133,1753291270,KXMLBGAME-25JUL23SDMIA-MIA,39,61,7,no
1753291272136,1753291271,KXMLBGAME-25JUL23LAANYM-LAA,31,69,46,yes
1753291274788,1753291274,KXMLBGAME-25JUL23DETPIT-DET,5,95,100,no
1753291274788,1753291274,KXMLBGAME-25JUL23DETPIT-DET,5,95,10,no
1753291274788,1753291274,KXMLBGAME-25JUL23DETPIT-DET,4,96,200,no
1753291274788,1753291274,KXMLBGAME-25JUL23LAANYM-LAA,31,69,46,yes
1753291284394,1753291284,KXMLBGAME-25JUL23KCCHC-CHC,61,39,3,yes
1753291284833,1753291284,KXMLBGAME-25JUL23ATHTEX-TEX,56,44,10,yes
1753291288854,1753291288,KXMLBGAME-25JUL23DETPIT-DET,4,96,82,no
1753291289434,1753291289,KXMLBGAME-25JUL23BALCLE-CLE,55,45,8,yes
1753291291511,1753291291,KXMLBGAME-25JUL23SFATL-SF,45,55,100,yes
1753291291511,1753291291,KXMLBGAME-25JUL23SFATL-SF,45,55,6,yes
1753291293434,1753291293,KXMLBGAME-25JUL23CINWSH-WSH,29,71,87,no
1753291294412,1753291294,KXMLBGAME-25JUL23CINWSH-WSH,29,71,328,yes
1753291297555,1753291297,KXMLBGAME-25JUL23SFATL-SF,45,55,4,yes
1753291298456,1753291298,KXMLBGAME-25JUL23CINWSH-CIN,72,28,24,yes
1753291303231,1753291303,KXMLBGAME-25JUL23DETPIT-DET,4,96,167,no
1753291304592,1753291304,KXMLBGAME-25JUL23CINWSH-CIN,72,28,136,yes
1753291306132,1753291306,KXMLBGAME-25JUL23SDMIA-SD,55,45,176,yes
1753291310791,1753291310,KXMLBGAME-25JUL23SDMIA-SD,55,45,1196,yes
1753291310832,1753291310,KXMLBGAME-25JUL23CINWSH-CIN,70,30,96,no
1753291311635,1753291311,KXMLBGAME-25JUL23DETPIT-PIT,96,4,103,yes
1753291313412,1753291313,KXMLBGAME-25JUL23SDMIA-SD,55,45,3,yes
1753291314192,1753291314,KXMLBGAME-25JUL23CINWSH-CIN,72,28,47,yes
1753291316010,1753291315,KXMLBGAME-25JUL23SDMIA-SD,55,45,5,yes
1753291317872,1753291317,KXMLBGAME-25JUL23SFATL-SF,47,53,20,yes
1753291320049,1753291319,KXMLBGAME-25JUL23MILSEA-SEA,53,47,45,yes
1753291320049,1753291319,KXMLBGAME-25JUL23CINWSH-CIN,72,28,20,yes
1753291320653,1753291320,KXMLBGAME-25JUL23DETPIT-DET,5,95,9,yes
1753291326313,1753291326,KXMLBGAME-25JUL23SDMIA-SD,56,44,18,yes
1753291326313,1753291326,KXMLBGAME-25JUL23SDMIA-SD,56,44,300,yes
1753291326313,1753291326,KXMLBGAME-25JUL23SDMIA-SD,56,44,300,yes
1753291326313,1753291326,KXMLBGAME-25JUL23SDMIA-SD,56,44,74,yes
1753291327794,1753291327,KXMLBGAME-25JUL23CINWSH-WSH,29,71,164,yes
1753291328552,1753291328,KXMLBGAME-25JUL23SDMIA-SD,56,44,20,yes
1753291335936,1753291335,KXMLBGAME-25JUL23CINWSH-CIN,72,28,8,yes
1753291341233,1753291341,KXMLBGAME-25JUL23MINLAD-LAD,67,33,36,yes
1753291341735,1753291341,KXMLBGAME-25JUL23SDMIA-MIA,46,54,300,yes
1753291341735,1753291341,KXMLBGAME-25JUL23SDMIA-MIA,47,53,87,yes
1753291342534,1753291342,KXMLBGAME-25JUL23MILSEA-SEA,53,47,9,yes
1753291342812,1753291342,KXMLBGAME-25JUL23SDMIA-SD,56,44,8,yes
1753291345212,1753291345,KXMLBGAME-25JUL23SDMIA-MIA,48,52,1,yes
1753291345213,1753291345,KXMLBGAME-25JUL23SDMIA-MIA,49,51,6,yes
1753291345213,1753291345,KXMLBGAME-25JUL23SDMIA-MIA,49,51,87,yes
1753291345213,1753291345,KXMLBGAME-25JUL23SDMIA-MIA,50,50,300,yes
1753291346116,1753291345,KXMLBGAME-25JUL23SDMIA-SD,48,52,55,no
1753291346981,1753291346,KXMLBGAME-25JUL23SDMIA-MIA,51,49,87,yes
1753291346981,1753291346,KXMLBGAME-25JUL23SDMIA-MIA,52,48,600,yes
1753291346981,1753291346,KXMLBGAME-25JUL23SDMIA-MIA,52,48,2000,yes
1753291349736,1753291349,KXMLBGAME-25JUL23SDMIA-SD,48,52,18,yes
1753291350433,1753291350,KXMLBGAME-25JUL23LAANYM-LAA,31,69,45,yes
1753291351042,1753291350,KXMLBGAME-25JUL23CINWSH-CIN,72,28,68,yes
1753291351914,1753291351,KXMLBGAME-25JUL23SDMIA-MIA,52,48,300,yes
1753291351914,1753291351,KXMLBGAME-25JUL23SDMIA-MIA,52,48,1236,yes
1753291351914,1753291351,KXMLBGAME-25JUL23SDMIA-MIA,52,48,87,yes
1753291351914,1753291351,KXMLBGAME-25JUL23SDMIA-MIA,52,48,600,yes
1753291351914,1753291351,KXMLBGAME-25JUL23SDMIA-MIA,52,48,2000,yes
1753291352016,1753291351,KXMLBGAME-25JUL23CINWSH-CIN,72,28,5,yes
1753291354413,1753291354,KXMLBGAME-25JUL23SDMIA-SD,46,54,500,no
1753291355593,1753291355,KXMLBGAME-25JUL23DETPIT-DET,5,95,37,yes
1753291356614,1753291356,KXMLBGAME-25JUL23SDMIA-SD,46,54,523,yes
1753291357654,1753291357,KXMLBGAME-25JUL23SDMIA-SD,46,54,140,yes
1753291357755,1753291357,KXMLBGAME-25JUL23SFATL-ATL,54,46,500,no
1753291360094,1753291360,KXMLBGAME-25JUL23SDMIA-MIA,54,46,5,yes
1753291360375,1753291360,KXMLBGAME-25JUL23LAANYM-NYM,72,28,136,yes
1753291365114,1753291365,KXMLBGAME-25JUL23SDMIA-SD,46,54,209,yes
1753291366774,1753291366,KXMLBGAME-25JUL23SDMIA-MIA,54,46,60,yes
1753291369673,1753291369,KXMLBGAME-25JUL23DETPIT-PIT,96,4,103,yes
1753291372786,1753291372,KXMLBGAME-25JUL23DETPIT-PIT,96,4,36,yes
1753291373810,1753291373,KXMLBGAME-25JUL23MILSEA-SEA,53,47,9,yes
1753291375331,1753291375,KXMLBGAME-25JUL23SDMIA-SD,47,53,201,yes
1753291379442,1753291379,KXMLBGAME-25JUL23SFATL-SF,50,50,500,yes
1753291379442,1753291379,KXMLBGAME-25JUL23SFATL-SF,51,49,300,yes
1753291379442,1753291379,KXMLBGAME-25JUL23SFATL-SF,51,49,157,yes
1753291381034,1753291380,KXMLBGAME-25JUL23DETPIT-DET,5,95,60,yes
1753291388774,1753291388,KXMLBGAME-25JUL23SDMIA-SD,48,52,300,yes
1753291388774,1753291388,KXMLBGAME-25JUL23SDMIA-SD,48,52,3000,yes
1753291388774,1753291388,KXMLBGAME-25JUL23SDMIA-SD,48,52,300,yes
1753291388774,1753291388,KXMLBGAME-25JUL23SDMIA-SD,48,52,72,yes
1753291388774,1753291388,KXMLBGAME-25JUL23SDMIA-SD,48,52,200,yes
1753291388774,1753291388,KXMLBGAME-25JUL23SDMIA-SD,49,51,300,yes
1753291388774,1753291388,KXMLBGAME-25JUL23SDMIA-SD,49,51,200,yes
1753291388774,1753291388,KXMLBGAME-25JUL23SDMIA-SD,50,50,500,yes
1753291388774,1753291388,KXMLBGAME-25JUL23SDMIA-SD,50,50,118,yes
1753291389915,1753291389,KXMLBGAME-25JUL23SFATL-ATL,51,49,5,yes
1753291390733,1753291390,KXMLBGAME-25JUL23LAANYM-NYM,71,29,34,yes
1753291391754,1753291391,KXMLBGAME-25JUL23CINWSH-CIN,72,28,238,yes
1753291392715,1753291392,KXMLBGAME-25JUL23SDMIA-MIA,54,46,448,yes
1753291395812,1753291395,KXMLBGAME-25JUL23SDMIA-MIA,54,46,3,yes
1753291398080,1753291398,KXMLBGAME-25JUL23SDMIA-SD,48,52,201,yes
1753291399272,1753291399,KXMLBGAME-25JUL23CINWSH-CIN,71,29,500,yes
1753291399272,1753291399,KXMLBGAME-25JUL23CINWSH-CIN,71,29,190,yes
1753291401213,1753291401,KXMLBGAME-25JUL23CINWSH-CIN,70,30,16,no
1753291405515,1753291405,KXMLBGAME-25JUL23CINWSH-WSH,30,70,16,yes
1753291406706,1753291406,KXMLBGAME-25JUL23SFATL-ATL,52,48,87,yes
1753291406706,1753291406,KXMLBGAME-25JUL23SFATL-ATL,52,48,6,yes
1753291407499,1753291407,KXMLBGAME-25JUL23DETPIT-PIT,95,5,2,no
1753291408251,1753291408,KXMLBGAME-25JUL23SDMIA-MIA,54,46,17,yes
1753291413411,1753291413,KXMLBGAME-25JUL23DETPIT-DET,4,96,50,no
1753291413411,1753291413,KXMLBGAME-25JUL23DETPIT-DET,4,96,300,no
1753291413411,1753291413,KXMLBGAME-25JUL23DETPIT-DET,3,97,59,no
1753291413411,1753291413,KXMLBGAME-25JUL23DETPIT-DET,3,97,213,no
1753291414315,1753291414,KXMLBGAME-25JUL23HOUARI-HOU,45,55,76,yes
1753291416435,1753291415,KXMLBGAME-25JUL23LAANYM-NYM,68,32,87,no
1753291416636,1753291416,KXMLBGAME-25JUL23CINWSH-CIN,70,30,84,no
1753291416834,1753291416,KXMLBGAME-25JUL23DETPIT-DET,6,94,781,yes
1753291417842,1753291417,KXMLBGAME-25JUL23CINWSH-WSH,30,70,900,yes
1753291417842,1753291417,KXMLBGAME-25JUL23CINWSH-WSH,30,70,257,yes
1753291418337,1753291418,KXMLBGAME-25JUL23DETPIT-DET,6,94,15,yes
1753291418337,1753291418,KXMLBGAME-25JUL23LAANYM-NYM,68,32,143,yes
1753291421214,1753291420,KXMLBGAME-25JUL23CINWSH-WSH,31,69,300,yes
1753291421214,1753291420,KXMLBGAME-25JUL23CINWSH-WSH,31,69,84,yes
1753291422552,1753291421,KXMLBGAME-25JUL23CINWSH-CIN,69,31,204,yes
1753291425715,1753291425,KXMLBGAME-25JUL23SDMIA-SD,48,52,300,yes
1753291425715,1753291425,KXMLBGAME-25JUL23SDMIA-SD,49,51,200,yes
1753291425715,1753291425,KXMLBGAME-25JUL23SDMIA-SD,49,51,90,yes
1753291426135,1753291426,KXMLBGAME-25JUL23CINWSH-WSH,33,67,14,yes
1753291428352,1753291428,KXMLBGAME-25JUL23LAANYM-NYM,68,32,28,yes
1753291429855,1753291429,KXMLBGAME-25JUL23SFATL-ATL,49,51,19,yes
1753291433635,1753291433,KXMLBGAME-25JUL23CINWSH-CIN,68,32,172,yes
1753291440754,1753291440,KXMLBGAME-25JUL23SFATL-SF,52,48,46,yes
1753291445183,1753291445,KXMLBGAME-25JUL23CINWSH-WSH,33,67,49,yes
1753291445183,1753291445,KXMLBGAME-25JUL23CINWSH-WSH,33,67,11,yes
1753291445183,1753291445,KXMLBGAME-25JUL23CINWSH-WSH,34,66,82,yes
1753291445812,1753291445,KXMLBGAME-25JUL23LAANYM-LAA,33,67,14,yes
1753291446433,1753291446,KXMLBGAME-25JUL23CINWSH-WSH,33,67,15,yes
1753291452192,1753291452,KXMLBGAME-25JUL23CINWSH-WSH,33,67,2,yes
1753291456993,1753291456,KXMLBGAME-25JUL23LAANYM-LAA,33,67,20,yes
1753291457113,1753291457,KXMLBGAME-25JUL23CINWSH-CIN,68,32,146,yes
1753291457272,1753291457,KXMLBGAME-25JUL23LAANYM-NYM,67,33,2,yes
1753291458370,1753291458,KXMLBGAME-25JUL23CINWSH-WSH,33,67,14,yes
1753291460354,1753291460,KXMLBGAME-25JUL23CINWSH-CIN,68,32,35,yes
1753291462511,1753291462,KXMLBGAME-25JUL23LAANYM-LAA,35,65,100,yes
1753291462511,1753291462,KXMLBGAME-25JUL23LAANYM-LAA,35,65,300,yes
1753291462511,1753291462,KXMLBGAME-25JUL23LAANYM-LAA,35,65,87,yes
1753291462511,1753291462,KXMLBGAME-25JUL23LAANYM-LAA,35,65,332,yes
1753291462595,1753291462,KXMLBGAME-25JUL23CINWSH-WSH,33,67,1,yes
1753291466455,1753291466,KXMLBGAME-25JUL23ATHTEX-TEX,56,44,220,yes
1753291466575,1753291466,KXMLBGAME-25JUL23SFATL-ATL,50,50,41,yes
1753291466575,1753291466,KXMLBGAME-25JUL23SFATL-ATL,51,49,300,yes
1753291466575,1753291466,KXMLBGAME-25JUL23SFATL-ATL,51,49,71,yes
1753291466575,1753291466,KXMLBGAME-25JUL23SFATL-ATL,52,48,200,yes
1753291466575,1753291466,KXMLBGAME-25JUL23SFATL-ATL,52,48,300,yes
1753291466575,1753291466,KXMLBGAME-25JUL23SFATL-ATL,52,48,26,yes
1753291474653,1753291474,KXMLBGAME-25JUL23SDMIA-MIA,54,46,35,yes
1753291474752,1753291474,KXMLBGAME-25JUL23DETPIT-PIT,94,6,14,no
1753291477292,1753291477,KXMLBGAME-25JUL23KCCHC-CHC,61,39,9,yes
1753291477781,1753291477,KXMLBGAME-25JUL23CINWSH-WSH,33,67,14,yes
1753291478572,1753291478,KXMLBGAME-25JUL23SDMIA-SD,47,53,410,yes
1753291479488,1753291479,KXMLBGAME-25JUL23SDMIA-SD,47,53,2051,yes
1753291481130,1753291481,KXMLBGAME-25JUL23DETPIT-DET,6,94,15,yes
1753291488601,1753291488,KXMLBGAME-25JUL23CINWSH-CIN,68,32,14,yes
1753291495394,1753291495,KXMLBGAME-25JUL23LAANYM-LAA,37,63,300,yes
1753291495394,1753291495,KXMLBGAME-25JUL23LAANYM-LAA,37,63,217,yes
1753291497100,1753291496,KXMLBGAME-25JUL23SFATL-ATL,50,50,38,yes
1753291497100,1753291496,KXMLBGAME-25JUL23DETPIT-DET,5,95,300,no
1753291502734,1753291501,KXMLBGAME-25JUL23SFATL-ATL,48,52,87,no
1753291502734,1753291501,KXMLBGAME-25JUL23SFATL-ATL,48,52,89,no
1753291505242,1753291505,KXMLBGAME-25JUL23DETPIT-PIT,96,4,100,yes
1753291505242,1753291505,KXMLBGAME-25JUL23DETPIT-PIT,96,4,600,yes
1753291505242,1753291505,KXMLBGAME-25JUL23DETPIT-PIT,96,4,2000,yes
1753291505242,1753291505,KXMLBGAME-25JUL23DETPIT-PIT,97,3,4104,yes
1753291511846,1753291511,KXMLBGAME-25JUL23KCCHC-KC,40,60,11,yes
1753291513952,1753291513,KXMLBGAME-25JUL23CINWSH-CIN,73,27,29,yes
1753291519153,1753291519,KXMLBGAME-25JUL23SFATL-ATL,51,49,300,yes
1753291519153,1753291519,KXMLBGAME-25JUL23SFATL-ATL,51,49,75,yes
1753291519193,1753291519,KXMLBGAME-25JUL23SFATL-SF,49,51,75,no
1753291519592,1753291519,KXMLBGAME-25JUL23SFATL-SF,48,52,100,no
1753291519592,1753291519,KXMLBGAME-25JUL23SFATL-SF,48,52,100,no
1753291519671,1753291519,KXMLBGAME-25JUL23SFATL-SF,48,52,300,no
1753291520492,1753291520,KXMLBGAME-25JUL23SFATL-ATL,52,48,100,yes
1753291521898,1753291521,KXMLBGAME-25JUL23SDMIA-MIA,54,46,8,yes
1753291524101,1753291523,KXMLBGAME-25JUL23SFATL-SF,47,53,20,yes
1753291524374,1753291524,KXMLBGAME-25JUL23SFATL-SF,46,54,87,yes
1753291527755,1753291527,KXMLBGAME-25JUL23LAANYM-LAA,36,64,300,yes
1753291531933,1753291531,KXMLBGAME-25JUL23SDMIA-MIA,54,46,87,yes
1753291531933,1753291531,KXMLBGAME-25JUL23SDMIA-MIA,54,46,690,yes
1753291533273,1753291533,KXMLBGAME-25JUL23SDMIA-MIA,55,45,300,yes
1753291533273,1753291533,KXMLBGAME-25JUL23SDMIA-MIA,55,45,87,yes
1753291540994,1753291540,KXMLBGAME-25JUL23LAANYM-NYM,66,34,14,yes
1753291542033,1753291541,KXMLBGAME-25JUL23HOUARI-HOU,45,55,32,yes
1753291545536,1753291545,KXMLBGAME-25JUL23DETPIT-PIT,95,5,31,yes
1753291545693,1753291545,KXMLBGAME-25JUL23SFATL-ATL,55,45,29,yes
1753291550054,1753291550,KXMLBGAME-25JUL23SFATL-ATL,55,45,271,yes
1753291550054,1753291550,KXMLBGAME-25JUL23SFATL-ATL,56,44,500,yes
1753291550054,1753291550,KXMLBGAME-25JUL23SFATL-ATL,56,44,99,yes
1753291553435,1753291553,KXMLBGAME-25JUL23CINWSH-CIN,73,27,17,yes
1753291556493,1753291556,KXMLBGAME-25JUL23LAANYM-LAA,36,64,300,yes
1753291556493,1753291556,KXMLBGAME-25JUL23LAANYM-LAA,36,64,300,yes
1753291556493,1753291556,KXMLBGAME-25JUL23LAANYM-LAA,37,63,68,yes
1753291556493,1753291556,KXMLBGAME-25JUL23LAANYM-LAA,37,63,2332,yes
1753291559033,1753291558,KXMLBGAME-25JUL23LAANYM-LAA,36,64,300,yes
1753291559033,1753291558,KXMLBGAME-25JUL23LAANYM-LAA,36,64,300,yes
1753291559033,1753291558,KXMLBGAME-25JUL23LAANYM-LAA,37,63,2668,yes
1753291559033,1753291558,KXMLBGAME-25JUL23LAANYM-LAA,37,63,300,yes
1753291559033,1753291558,KXMLBGAME-25JUL23LAANYM-LAA,37,63,200,yes
1753291559033,1753291558,KXMLBGAME-25JUL23LAANYM-LAA,37,63,51,yes
1753291559033,1753291558,KXMLBGAME-25JUL23LAANYM-LAA,37,63,1068,yes
1753291559193,1753291559,KXMLBGAME-25JUL23LAANYM-LAA,37,63,300,yes
1753291559193,1753291559,KXMLBGAME-25JUL23LAANYM-LAA,37,63,38,yes
1753291560592,1753291560,KXMLBGAME-25JUL23LAANYM-NYM,62,38,100,no
1753291560692,1753291560,KXMLBGAME-25JUL23LAANYM-LAA,38,62,100,yes
1753291562812,1753291562,KXMLBGAME-25JUL23LAANYM-LAA,39,61,9,no
1753291564313,1753291564,KXMLBGAME-25JUL23CINWSH-CIN,73,27,40,yes
1753291566734,1753291566,KXMLBGAME-25JUL23SDMIA-SD,43,57,22,yes
1753291577587,1753291577,KXMLBGAME-25JUL23CINWSH-CIN,73,27,13,yes
1753291578017,1753291577,KXMLBGAME-25JUL23DETPIT-PIT,94,6,87,no
1753291578017,1753291577,KXMLBGAME-25JUL23DETPIT-PIT,94,6,125,no
1753291578194,1753291578,KXMLBGAME-25JUL23SDMIA-SD,44,56,74,yes
1753291585317,1753291585,KXMLBGAME-25JUL23DETPIT-PIT,96,4,25,yes
1753291589813,1753291589,KXMLBGAME-25JUL23CINWSH-CIN,70,30,279,yes
1753291595934,1753291595,KXMLBGAME-25JUL23KCCHC-KC,40,60,16,yes
1753291596011,1753291595,KXMLBGAME-25JUL23LAANYM-LAA,41,59,117,yes
1753291599013,1753291598,KXMLBGAME-25JUL23SDMIA-SD,43,57,111,yes
1753291602453,1753291602,KXMLBGAME-25JUL23LAANYM-NYM,60,40,162,yes
1753291605773,1753291605,KXMLBGAME-25JUL23KCCHC-CHC,61,39,47,yes
1753291610934,1753291610,KXMLBGAME-25JUL23LAANYM-LAA,40,60,3000,no
1753291612115,1753291612,KXMLBGAME-25JUL23LAANYM-NYM,59,41,87,yes
1753291614135,1753291614,KXMLBGAME-25JUL23ATHTEX-ATH,45,55,14,yes
1753291623048,1753291622,KXMLBGAME-25JUL23SDMIA-MIA,54,46,1,yes
1753291633555,1753291633,KXMLBGAME-25JUL23LAANYM-LAA,39,61,24,yes
1753291634930,1753291634,KXMLBGAME-25JUL23LAANYM-NYM,62,38,38,yes
1753291634931,1753291634,KXMLBGAME-25JUL23LAANYM-NYM,62,38,9,yes
1753291635275,1753291635,KXMLBGAME-25JUL23CINWSH-WSH,32,68,67,yes
1753291637454,1753291637,KXMLBGAME-25JUL23LAANYM-NYM,62,38,314,yes
1753291639813,1753291639,KXMLBGAME-25JUL23DETPIT-PIT,97,3,5,yes
1753291640392,1753291640,KXMLBGAME-25JUL23CINWSH-WSH,32,68,74,yes
1753291641997,1753291641,KXMLBGAME-25JUL23KCCHC-KC,40,60,119,yes
1753291648055,1753291647,KXMLBGAME-25JUL23LAANYM-NYM,62,38,1163,yes
1753291648055,1753291647,KXMLBGAME-25JUL23LAANYM-NYM,62,38,87,yes
1753291648055,1753291647,KXMLBGAME-25JUL23LAANYM-NYM,63,37,200,yes
1753291648055,1753291647,KXMLBGAME-25JUL23LAANYM-NYM,63,37,3311,yes
1753291648374,1753291648,KXMLBGAME-25JUL23LAANYM-NYM,63,37,1689,yes
1753291648374,1753291648,KXMLBGAME-25JUL23LAANYM-NYM,63,37,200,yes
1753291648374,1753291648,KXMLBGAME-25JUL23LAANYM-NYM,63,37,87,yes
1753291648374,1753291648,KXMLBGAME-25JUL23LAANYM-NYM,63,37,2785,yes
1753291648434,1753291648,KXMLBGAME-25JUL23LAANYM-LAA,37,63,87,no
1753291650554,1753291650,KXMLBGAME-25JUL23LAANYM-LAA,36,64,100,no
1753291650554,1753291650,KXMLBGAME-25JUL23LAANYM-LAA,36,64,300,no
1753291650554,1753291650,KXMLBGAME-25JUL23LAANYM-LAA,36,64,58,no
1753291650631,1753291650,KXMLBGAME-25JUL23LAANYM-NYM,64,36,100,yes
1753291650631,1753291650,KXMLBGAME-25JUL23LAANYM-NYM,64,36,58,yes
1753291650632,1753291650,KXMLBGAME-25JUL23SDMIA-MIA,53,47,45,yes
1753291651133,1753291651,KXMLBGAME-25JUL23SFATL-SF,46,54,82,yes
1753291659192,1753291659,KXMLBGAME-25JUL23LAANYM-LAA,34,66,140,yes
1753291668853,1753291668,KXMLBGAME-25JUL23CINWSH-CIN,70,30,1,yes
1753291670613,1753291670,KXMLBGAME-25JUL23SDMIA-MIA,53,47,365,yes
1753291672533,1753291672,KXMLBGAME-25JUL23SDMIA-SD,48,52,87,yes
1753291672533,1753291672,KXMLBGAME-25JUL23SDMIA-SD,49,51,13,yes
1753291673493,1753291673,KXMLBGAME-25JUL23SFATL-SF,44,56,300,no
1753291674937,1753291674,KXMLBGAME-25JUL23CINWSH-CIN,70,30,6,yes
1753291677019,1753291676,KXMLBGAME-25JUL23DETPIT-DET,6,94,156,yes
1753291679933,1753291679,KXMLBGAME-25JUL23DETPIT-PIT,94,6,53,no
1753291684084,1753291683,KXMLBGAME-25JUL23ATHTEX-ATH,45,55,10,yes
1753291687233,1753291687,KXMLBGAME-25JUL23CWSTB-CWS,35,65,68,yes
1753291687233,1753291687,KXMLBGAME-25JUL23SFATL-ATL,60,40,4,yes
1753291687418,1753291687,KXMLBGAME-25JUL23SDMIA-SD,48,52,20,yes
1753291689013,1753291688,KXMLBGAME-25JUL23SDMIA-SD,48,52,52,yes
1753291689013,1753291688,KXMLBGAME-25JUL23SDMIA-SD,48,52,15,yes
1753291689013,1753291688,KXMLBGAME-25JUL23SDMIA-SD,49,51,131,yes
1753291691756,1753291691,KXMLBGAME-25JUL23SFATL-ATL,60,40,8,yes
1753291694254,1753291694,KXMLBGAME-25JUL23DETPIT-DET,6,94,229,yes
1753291697712,1753291697,KXMLBGAME-25JUL23LAANYM-LAA,33,67,2,yes
1753291697872,1753291697,KXMLBGAME-25JUL23SFATL-ATL,60,40,11,yes
1753291710535,1753291710,KXMLBGAME-25JUL23LAANYM-LAA,33,67,28,yes
1753291711892,1753291711,KXMLBGAME-25JUL23DETPIT-DET,5,95,42,yes
1753291714906,1753291714,KXMLBGAME-25JUL23SFATL-ATL,58,42,19,no
1753291722874,1753291722,KXMLBGAME-25JUL23CINWSH-WSH,30,70,1,yes
1753291727652,1753291727,KXMLBGAME-25JUL23LAANYM-NYM,75,25,6,yes
1753291730173,1753291730,KXMLBGAME-25JUL23DETPIT-DET,3,97,66,no
1753291730173,1753291730,KXMLBGAME-25JUL23DETPIT-DET,3,97,300,no
1753291730632,1753291730,KXMLBGAME-25JUL23CINWSH-CIN,72,28,300,yes
1753291730632,1753291730,KXMLBGAME-25JUL23CINWSH-CIN,72,28,108,yes
1753291740493,1753291740,KXMLBGAME-25JUL23HOUARI-ARI,56,44,1,yes
1753291742556,1753291742,KXMLBGAME-25JUL23KCCHC-KC,40,60,46,yes
1753291742556,1753291742,KXMLBGAME-25JUL23KCCHC-KC,40,60,83,yes
1753291742556,1753291742,KXMLBGAME-25JUL23KCCHC-KC,40,60,121,yes
1753291747614,1753291747,KXMLBGAME-25JUL23STLCOL-STL,63,37,11,yes
1753291748155,1753291748,KXMLBGAME-25JUL23SFATL-SF,42,58,11,yes
1753291749156,1753291749,KXMLBGAME-25JUL23SFATL-SF,42,58,22,yes
1753291749212,1753291749,KXMLBGAME-25JUL23CINWSH-CIN,69,31,41,no
1753291752331,1753291752,KXMLBGAME-25JUL23DETPIT-DET,3,97,74,yes
1753291754151,1753291754,KXMLBGAME-25JUL23CINWSH-CIN,68,32,1,yes
1753291755353,1753291755,KXMLBGAME-25JUL23CINWSH-WSH,31,69,300,yes
1753291755353,1753291755,KXMLBGAME-25JUL23CINWSH-WSH,31,69,30,yes
1753291756973,1753291756,KXMLBGAME-25JUL23DETPIT-DET,3,97,170,no
1753291757676,1753291757,KXMLBGAME-25JUL23CINWSH-WSH,35,65,27,yes
1753291765193,1753291765,KXMLBGAME-25JUL23NYYTOR-NYY,57,43,3,yes
1753291765194,1753291765,KXMLBGAME-25JUL23NYYTOR-NYY,57,43,203,yes
1753291767635,1753291767,KXMLBGAME-25JUL23LAANYM-NYM,71,29,20,yes
1753291768145,1753291767,KXMLBGAME-25JUL23SDMIA-SD,49,51,98,yes
1753291770203,1753291769,KXMLBGAME-25JUL23SDMIA-SD,49,51,9,yes
1753291770813,1753291770,KXMLBGAME-25JUL23DETPIT-DET,5,95,187,yes
1753291772968,1753291772,KXMLBGAME-25JUL23SFATL-ATL,60,40,19,yes
1753291775813,1753291775,KXMLBGAME-25JUL23LAANYM-NYM,71,29,280,yes
1753291775813,1753291775,KXMLBGAME-25JUL23LAANYM-NYM,72,28,132,yes
1753291779014,1753291778,KXMLBGAME-25JUL23KCCHC-KC,40,60,95,yes
1753291779931,1753291779,KXMLBGAME-25JUL23MILSEA-SEA,53,47,9,yes
1753291782798,1753291782,KXMLBGAME-25JUL23SDMIA-MIA,53,47,10,yes
1753291785051,1753291784,KXMLBGAME-25JUL23CINWSH-WSH,33,67,20,no
1753291785235,1753291785,KXMLBGAME-25JUL23CINWSH-WSH,35,65,81,yes
1753291785355,1753291785,KXMLBGAME-25JUL23LAANYM-LAA,30,70,31,yes
1753291790653,1753291790,KXMLBGAME-25JUL23LAANYM-LAA,30,70,3,yes
1753291792613,1753291792,KXMLBGAME-25JUL23SDMIA-SD,47,53,20,yes
1753291795674,1753291795,KXMLBGAME-25JUL23DETPIT-PIT,96,4,300,yes
1753291795933,1753291795,KXMLBGAME-25JUL23KCCHC-KC,40,60,11,yes
1753291803176,1753291803,KXMLBGAME-25JUL23LAANYM-NYM,71,29,138,yes
1753291807683,1753291807,KXMLBGAME-25JUL23CINWSH-WSH,35,65,3,yes
1753291808339,1753291808,KXMLBGAME-25JUL23CINWSH-CIN,67,33,1,yes
1753291822574,1753291822,KXMLBGAME-25JUL23SDMIA-SD,48,52,53,yes
1753291822574,1753291822,KXMLBGAME-25JUL23SDMIA-SD,48,52,148,yes
1753291822752,1753291822,KXMLBGAME-25JUL23LAANYM-LAA,32,68,74,yes
1753291823213,1753291823,KXMLBGAME-25JUL23CINWSH-CIN,67,33,36,yes
1753291823634,1753291823,KXMLBGAME-25JUL23CINWSH-CIN,67,33,4,yes
1753291827652,1753291827,KXMLBGAME-25JUL23CINWSH-CIN,64,36,100,no
1753291830652,1753291830,KXMLBGAME-25JUL23CINWSH-CIN,67,33,41,yes
1753291836867,1753291836,KXMLBGAME-25JUL23CINWSH-CIN,67,33,212,yes
1753291837854,1753291837,KXMLBGAME-25JUL23CINWSH-CIN,67,33,16,yes
1753291840452,1753291840,KXMLBGAME-25JUL23HOUARI-HOU,45,55,10,yes
1753291842293,1753291842,KXMLBGAME-25JUL23SDMIA-MIA,54,46,269,yes
1753291842892,1753291842,KXMLBGAME-25JUL23DETPIT-DET,4,96,351,yes
1753291844555,1753291844,KXMLBGAME-25JUL23LAANYM-NYM,71,29,1,yes
1753291847106,1753291846,KXMLBGAME-25JUL23SDMIA-SD,48,52,40,yes
1753291852021,1753291851,KXMLBGAME-25JUL23SDMIA-MIA,62,38,87,yes
1753291852021,1753291851,KXMLBGAME-25JUL23SDMIA-MIA,63,37,300,yes
1753291852036,1753291851,KXMLBGAME-25JUL23SDMIA-SD,39,61,1,no
1753291852036,1753291851,KXMLBGAME-25JUL23SDMIA-SD,38,62,4,no
1753291852036,1753291851,KXMLBGAME-25JUL23SDMIA-SD,38,62,87,no
1753291852036,1753291851,KXMLBGAME-25JUL23SDMIA-SD,37,63,300,no
1753291852416,1753291852,KXMLBGAME-25JUL23SDMIA-SD,38,62,87,no
1753291852837,1753291852,KXMLBGAME-25JUL23LAANYM-LAA,31,69,109,yes
1753291852837,1753291852,KXMLBGAME-25JUL23LAANYM-LAA,31,69,87,yes
1753291853743,1753291853,KXMLBGAME-25JUL23CINWSH-WSH,35,65,1,yes
1753291854237,1753291854,KXMLBGAME-25JUL23SFATL-SF,46,54,72,yes
1753291856322,1753291856,KXMLBGAME-25JUL23LAANYM-LAA,31,69,61,yes
1753291869394,1753291869,KXMLBGAME-25JUL23SDMIA-MIA,72,28,100,yes
1753291869394,1753291869,KXMLBGAME-25JUL23SDMIA-MIA,73,27,100,yes
1753291869394,1753291869,KXMLBGAME-25JUL23SDMIA-MIA,75,25,100,yes
1753291869473,1753291869,KXMLBGAME-25JUL23STLCOL-COL,38,62,63,yes
1753291873433,1753291873,KXMLBGAME-25JUL23CINWSH-CIN,67,33,364,yes
1753291873931,1753291873,KXMLBGAME-25JUL23LAANYM-LAA,32,68,87,yes
1753291873931,1753291873,KXMLBGAME-25JUL23LAANYM-LAA,33,67,783,yes
1753291878031,1753291877,KXMLBGAME-25JUL23SFATL-ATL,57,43,255,yes
1753291880574,1753291880,KXMLBGAME-25JUL23LAANYM-NYM,70,30,4,yes
1753291884016,1753291883,KXMLBGAME-25JUL23SDMIA-SD,20,80,16,yes
1753291884104,1753291884,KXMLBGAME-25JUL23SDMIA-SD,20,80,34,yes
1753291885771,1753291885,KXMLBGAME-25JUL23SDMIA-MIA,79,21,8,no
1753291892995,1753291892,KXMLBGAME-25JUL23SDMIA-MIA,79,21,104,no
1753291894593,1753291894,KXMLBGAME-25JUL23CINWSH-CIN,64,36,170,no
1753291899193,1753291899,KXMLBGAME-25JUL23LAANYM-LAA,32,68,50,yes
1753291900893,1753291900,KXMLBGAME-25JUL23SDMIA-SD,20,80,237,yes
1753291902033,1753291901,KXMLBGAME-25JUL23KCCHC-CHC,61,39,31,yes
1753291902811,1753291902,KXMLBGAME-25JUL23SFATL-SF,46,54,31,yes
1753291904375,1753291904,KXMLBGAME-25JUL23MILSEA-SEA,53,47,9,yes
1753291904972,1753291904,KXMLBGAME-25JUL23DETPIT-DET,4,96,100,no
1753291906631,1753291906,KXMLBGAME-25JUL23SDMIA-MIA,79,21,17,no
1753291907194,1753291907,KXMLBGAME-25JUL23STLCOL-COL,38,62,1,yes
1753291909071,1753291908,KXMLBGAME-25JUL23LAANYM-LAA,33,67,264,yes
1753291915593,1753291915,KXMLBGAME-25JUL23BOSPHI-PHI,57,43,255,yes
1753291916134,1753291916,KXMLBGAME-25JUL23CINWSH-WSH,35,65,2,yes
1753291916134,1753291916,KXMLBGAME-25JUL23CINWSH-WSH,35,65,11,yes
1753291916236,1753291916,KXMLBGAME-25JUL23SDMIA-MIA,80,20,6,yes
1753291918096,1753291917,KXMLBGAME-25JUL23LAANYM-LAA,33,67,57,yes
1753291918695,1753291918,KXMLBGAME-25JUL23SFATL-ATL,54,46,179,yes
1753291919773,1753291919,KXMLBGAME-25JUL23SDMIA-SD,20,80,500,no
1753291919773,1753291919,KXMLBGAME-25JUL23SDMIA-SD,19,81,149,no
1753291922273,1753291922,KXMLBGAME-25JUL23DETPIT-PIT,98,2,2,yes
1753291922513,1753291922,KXMLBGAME-25JUL23SFATL-ATL,54,46,35,yes
1753291922615,1753291922,KXMLBGAME-25JUL23LAANYM-NYM,68,32,20,no
1753291924134,1753291924,KXMLBGAME-25JUL23SDMIA-MIA,80,20,24,yes
1753291926832,1753291926,KXMLBGAME-25JUL23LAANYM-LAA,34,66,140,yes
1753291929493,1753291929,KXMLBGAME-25JUL23LAANYM-NYM,68,32,34,yes
1753291929533,1753291929,KXMLBGAME-25JUL23DETPIT-DET,5,95,87,yes
1753291929533,1753291929,KXMLBGAME-25JUL23DETPIT-DET,5,95,6,yes
1753291937838,1753291937,KXMLBGAME-25JUL23KCCHC-CHC,61,39,15,yes
1753291940087,1753291939,KXMLBGAME-25JUL23SFATL-ATL,54,46,8,yes
1753291941244,1753291941,KXMLBGAME-25JUL23SDMIA-SD,20,80,47,yes
1753291944237,1753291944,KXMLBGAME-25JUL23CINWSH-CIN,66,34,9,yes
1753291946034,1753291945,KXMLBGAME-25JUL23SDMIA-MIA,79,21,246,yes
1753291946332,1753291946,KXMLBGAME-25JUL23LAANYM-LAA,36,64,39,yes
1753291946934,1753291946,KXMLBGAME-25JUL23HOUARI-ARI,56,44,8,yes
1753291947934,1753291947,KXMLBGAME-25JUL23DETPIT-PIT,97,3,1010,yes
1753291948414,1753291948,KXMLBGAME-25JUL23LAANYM-LAA,36,64,13,yes
1753291949675,1753291949,KXMLBGAME-25JUL23SDMIA-SD,22,78,12,yes
1753291950794,1753291950,KXMLBGAME-25JUL23LAANYM-LAA,36,64,300,no
1753291951073,1753291950,KXMLBGAME-25JUL23LAANYM-LAA,34,66,84,no
1753291951073,1753291950,KXMLBGAME-25JUL23LAANYM-LAA,34,66,300,no
1753291951491,1753291951,KXMLBGAME-25JUL23SDMIA-MIA,78,22,100,no
1753291952795,1753291952,KXMLBGAME-25JUL23SFATL-SF,48,52,50,yes
1753291954514,1753291954,KXMLBGAME-25JUL23SDMIA-MIA,79,21,39,yes
1753291955854,1753291955,KXMLBGAME-25JUL23CINWSH-CIN,66,34,7,yes
1753291957192,1753291957,KXMLBGAME-25JUL23CINWSH-CIN,66,34,15,yes
1753291958432,1753291958,KXMLBGAME-25JUL23LAANYM-LAA,33,67,289,yes
1753291960073,1753291959,KXMLBGAME-25JUL23SDMIA-SD,22,78,4,yes
1753291960154,1753291960,KXMLBGAME-25JUL23SDMIA-MIA,79,21,12,yes
1753291960978,1753291960,KXMLBGAME-25JUL23CINWSH-CIN,66,34,147,yes
1753291961113,1753291961,KXMLBGAME-25JUL23DETPIT-PIT,97,3,10,yes
1753291966096,1753291966,KXMLBGAME-25JUL23LAANYM-NYM,68,32,300,yes
1753291966096,1753291966,KXMLBGAME-25JUL23LAANYM-NYM,69,31,100,yes
1753291966096,1753291966,KXMLBGAME-25JUL23LAANYM-NYM,69,31,63,yes
1753291966096,1753291966,KXMLBGAME-25JUL23LAANYM-LAA,31,69,100,no
1753291966096,1753291966,KXMLBGAME-25JUL23LAANYM-LAA,31,69,63,no
1753291967013,1753291966,KXMLBGAME-25JUL23KCCHC-KC,40,60,21,yes
1753291971620,1753291971,KXMLBGAME-25JUL23SDMIA-SD,22,78,21,yes
1753291972814,1753291972,KXMLBGAME-25JUL23DETPIT-PIT,97,3,12,yes
1753291974254,1753291974,KXMLBGAME-25JUL23SDMIA-SD,20,80,9,no
1753291975112,1753291974,KXMLBGAME-25JUL23LAANYM-NYM,74,26,661,no
1753291978291,1753291978,KXMLBGAME-25JUL23KCCHC-KC,40,60,11,yes
1753291985953,1753291985,KXMLBGAME-25JUL23CINWSH-WSH,33,67,300,no
1753291985953,1753291985,KXMLBGAME-25JUL23CINWSH-WSH,33,67,87,no
1753291986075,1753291985,KXMLBGAME-25JUL23CINWSH-CIN,67,33,87,yes
1753291986075,1753291985,KXMLBGAME-25JUL23CINWSH-CIN,67,33,300,yes
1753291992831,1753291992,KXMLBGAME-25JUL23SDMIA-MIA,79,21,8,yes
1753291994573,1753291994,KXMLBGAME-25JUL23SDMIA-MIA,79,21,5,yes
1753291994634,1753291994,KXMLBGAME-25JUL23CINWSH-WSH,32,68,5,yes
1753291995952,1753291995,KXMLBGAME-25JUL23DETPIT-PIT,97,3,1078,yes
1753291999672,1753291999,KXMLBGAME-25JUL23SDMIA-MIA,78,22,30,no
1753292005252,1753292005,KXMLBGAME-25JUL23ATHTEX-ATH,45,55,10,yes
1753292005696,1753292005,KXMLBGAME-25JUL23SDMIA-MIA,79,21,178,yes
1753292007670,1753292007,KXMLBGAME-25JUL23SDMIA-MIA,79,21,124,yes
1753292009032,1753292008,KXMLBGAME-25JUL23CINWSH-WSH,31,69,107,yes
1753292010054,1753292010,KXMLBGAME-25JUL23SFATL-ATL,54,46,44,yes
1753292013303,1753292013,KXMLBGAME-25JUL23SDMIA-MIA,79,21,6,yes
1753292014315,1753292014,KXMLBGAME-25JUL23SDMIA-MIA,79,21,18,yes
1753292016538,1753292016,KXMLBGAME-25JUL23SFATL-SF,50,50,21,yes
1753292017917,1753292017,KXMLBGAME-25JUL23MILSEA-SEA,54,46,44,yes
1753292022718,1753292022,KXMLBGAME-25JUL23DETPIT-DET,4,96,229,yes
1753292023032,1753292022,KXMLBGAME-25JUL23SDMIA-SD,22,78,107,yes
1753292023732,1753292023,KXMLBGAME-25JUL23SDMIA-MIA,80,20,48,yes
1753292031055,1753292030,KXMLBGAME-25JUL23MINLAD-MIN,34,66,8,yes
1753292031993,1753292031,KXMLBGAME-25JUL23SDMIA-MIA,80,20,22,yes
1753292031993,1753292031,KXMLBGAME-25JUL23SDMIA-MIA,81,19,14,yes
1753292033932,1753292033,KXMLBGAME-25JUL23SDMIA-SD,21,79,1,yes
1753292035572,1753292035,KXMLBGAME-25JUL23DETPIT-DET,4,96,2,yes
1753292036354,1753292036,KXMLBGAME-25JUL23SDMIA-SD,21,79,225,yes
1753292039216,1753292039,KXMLBGAME-25JUL23SDMIA-SD,20,80,5,yes
1753292044940,1753292044,KXMLBGAME-25JUL23SDMIA-MIA,81,19,6,yes
1753292047914,1753292047,KXMLBGAME-25JUL23CINWSH-WSH,28,72,47,yes
1753292052031,1753292051,KXMLBGAME-25JUL23STLCOL-STL,63,37,78,yes
1753292054160,1753292054,KXMLBGAME-25JUL23SFATL-SF,49,51,492,yes
1753292058274,1753292058,KXMLBGAME-25JUL23SFATL-ATL,53,47,45,yes
1753292058535,1753292058,KXMLBGAME-25JUL23LAANYM-LAA,26,74,18,yes
1753292060935,1753292060,KXMLBGAME-25JUL23SDMIA-SD,20,80,23,yes
1753292068804,1753292068,KXMLBGAME-25JUL23LAANYM-LAA,26,74,10,yes
1753292073235,1753292073,KXMLBGAME-25JUL23SFATL-ATL,51,49,7,no
1753292076586,1753292076,KXMLBGAME-25JUL23SDMIA-MIA,81,19,60,yes
1753292079335,1753292079,KXMLBGAME-25JUL23SFATL-SF,49,51,3,yes
1753292081172,1753292081,KXMLBGAME-25JUL23SDMIA-SD,19,81,20,no
1753292088633,1753292088,KXMLBGAME-25JUL23CWSTB-CWS,35,65,3,yes
1753292090615,1753292090,KXMLBGAME-25JUL23CINWSH-CIN,73,27,1,yes
1753292090615,1753292090,KXMLBGAME-25JUL23CINWSH-CIN,74,26,87,yes
1753292090615,1753292090,KXMLBGAME-25JUL23CINWSH-CIN,75,25,100,yes
1753292090615,1753292090,KXMLBGAME-25JUL23CINWSH-CIN,75,25,100,yes
1753292090615,1753292090,KXMLBGAME-25JUL23CINWSH-CIN,75,25,300,yes
1753292090615,1753292090,KXMLBGAME-25JUL23CINWSH-CIN,75,25,200,yes
1753292090615,1753292090,KXMLBGAME-25JUL23CINWSH-CIN,75,25,600,yes
1753292090615,1753292090,KXMLBGAME-25JUL23CINWSH-CIN,76,24,251,yes
1753292090615,1753292090,KXMLBGAME-25JUL23CINWSH-CIN,76,24,300,yes
1753292090615,1753292090,KXMLBGAME-25JUL23CINWSH-CIN,76,24,200,yes
1753292090615,1753292090,KXMLBGAME-25JUL23CINWSH-CIN,76,24,300,yes
1753292090615,1753292090,KXMLBGAME-25JUL23CINWSH-CIN,76,24,750,yes
1753292090615,1753292090,KXMLBGAME-25JUL23CINWSH-CIN,79,21,28,yes
1753292090615,1753292090,KXMLBGAME-25JUL23CINWSH-CIN,80,20,10,yes
1753292091236,1753292091,KXMLBGAME-25JUL23LAANYM-NYM,75,25,7,yes
1753292095018,1753292094,KXMLBGAME-25JUL23KCCHC-CHC,61,39,27,yes
1753292095018,1753292094,KXMLBGAME-25JUL23KCCHC-CHC,61,39,134,yes
1753292097640,1753292097,KXMLBGAME-25JUL23SDMIA-SD,20,80,14,yes
1753292098837,1753292098,KXMLBGAME-25JUL23ATHTEX-ATH,45,55,4,yes
1753292103108,1753292102,KXMLBGAME-25JUL23CINWSH-WSH,26,74,5,yes
1753292106180,1753292106,KXMLBGAME-25JUL23SDMIA-MIA,81,19,24,yes
1753292106316,1753292106,KXMLBGAME-25JUL23SDMIA-MIA,81,19,304,yes
1753292106473,1753292106,KXMLBGAME-25JUL23SFATL-ATL,54,46,21,yes
1753292112255,1753292112,KXMLBGAME-25JUL23ATHTEX-TEX,56,44,43,yes
1753292112534,1753292112,KXMLBGAME-25JUL23LAANYM-LAA,25,75,76,yes
1753292112595,1753292112,KXMLBGAME-25JUL23CINWSH-WSH,26,74,10,yes
1753292116112,1753292115,KXMLBGAME-25JUL23LAANYM-NYM,75,25,45,yes
1753292116112,1753292115,KXMLBGAME-25JUL23LAANYM-NYM,75,25,626,yes
1753292118496,1753292118,KXMLBGAME-25JUL23MILSEA-MIL,47,53,4,yes
1753292118533,1753292118,KXMLBGAME-25JUL23SDMIA-MIA,81,19,31,yes
1753292119493,1753292119,KXMLBGAME-25JUL23SDMIA-SD,20,80,75,yes
1753292123653,1753292123,KXMLBGAME-25JUL23CINWSH-WSH,26,74,2,yes
1753292123893,1753292123,KXMLBGAME-25JUL23CINWSH-WSH,24,76,8,no
1753292125093,1753292125,KXMLBGAME-25JUL23SDMIA-SD,20,80,18,yes
1753292128713,1753292128,KXMLBGAME-25JUL23LAANYM-LAA,25,75,5,yes
1753292130095,1753292130,KXMLBGAME-25JUL23DETPIT-PIT,96,4,28,no
1753292134333,1753292134,KXMLBGAME-25JUL23SDMIA-SD,20,80,1,yes
1753292134893,1753292134,KXMLBGAME-25JUL23SDMIA-MIA,81,19,18,yes
1753292135154,1753292135,KXMLBGAME-25JUL23STLCOL-STL,63,37,25,yes
1753292139274,1753292139,KXMLBGAME-25JUL23SFATL-ATL,54,46,87,yes
1753292139274,1753292139,KXMLBGAME-25JUL23SFATL-ATL,54,46,2,yes
1753292142853,1753292142,KXMLBGAME-25JUL23KCCHC-KC,40,60,47,yes
1753292144073,1753292144,KXMLBGAME-25JUL23DETPIT-DET,4,96,11,yes
1753292147494,1753292147,KXMLBGAME-25JUL23SDMIA-MIA,81,19,18,yes
1753292149434,1753292149,KXMLBGAME-25JUL23DETPIT-DET,4,96,1,yes
1753292150954,1753292150,KXMLBGAME-25JUL23LAANYM-NYM,76,24,12,yes
1753292151574,1753292151,KXMLBGAME-25JUL23SFATL-SF,47,53,59,no
1753292152113,1753292152,KXMLBGAME-25JUL23CINWSH-CIN,75,25,256,yes
1753292152394,1753292152,KXMLBGAME-25JUL23SFATL-SF,50,50,1,yes
1753292152394,1753292152,KXMLBGAME-25JUL23SFATL-SF,50,50,8,yes
1753292152552,1753292152,KXMLBGAME-25JUL23SFATL-ATL,53,47,36,yes
1753292153655,1753292153,KXMLBGAME-25JUL23STLCOL-STL,63,37,42,yes
1753292155019,1753292154,KXMLBGAME-25JUL23LAANYM-LAA,23,77,103,yes
1753292155558,1753292155,KXMLBGAME-25JUL23MILSEA-SEA,54,46,25,yes
1753292157074,1753292157,KXMLBGAME-25JUL23DETPIT-PIT,96,4,20,no
1753292157276,1753292157,KXMLBGAME-25JUL23LAANYM-LAA,23,77,87,yes
1753292157276,1753292157,KXMLBGAME-25JUL23LAANYM-LAA,23,77,13,yes
1753292157730,1753292157,KXMLBGAME-25JUL23SDMIA-SD,21,79,45,yes
1753292159293,1753292159,KXMLBGAME-25JUL23SDMIA-MIA,81,19,24,yes
1753292161514,1753292161,KXMLBGAME-25JUL23ATHTEX-ATH,45,55,42,yes
1753292161614,1753292161,KXMLBGAME-25JUL23DETPIT-PIT,97,3,4,yes
1753292163157,1753292163,KXMLBGAME-25JUL23LAANYM-LAA,24,76,19,yes
1753292163353,1753292163,KXMLBGAME-25JUL23KCCHC-CHC,61,39,1,yes
1753292164533,1753292164,KXMLBGAME-25JUL23SDMIA-SD,21,79,4395,yes
1753292164533,1753292164,KXMLBGAME-25JUL23SDMIA-SD,21,79,117,yes
1753292167333,1753292167,KXMLBGAME-25JUL23CINWSH-CIN,74,26,19,no
1753292173013,1753292172,KXMLBGAME-25JUL23SDMIA-MIA,80,20,1,yes
1753292173835,1753292173,KXMLBGAME-25JUL23SDMIA-MIA,80,20,3,yes
1753292173835,1753292173,KXMLBGAME-25JUL23SDMIA-MIA,80,20,6,yes
1753292174584,1753292174,KXMLBGAME-25JUL23CINWSH-WSH,26,74,383,yes
1753292174584,1753292174,KXMLBGAME-25JUL23CINWSH-WSH,26,74,300,yes
1753292174584,1753292174,KXMLBGAME-25JUL23CINWSH-WSH,26,74,600,yes
1753292174584,1753292174,KXMLBGAME-25JUL23CINWSH-WSH,27,73,600,yes
1753292174584,1753292174,KXMLBGAME-25JUL23CINWSH-WSH,27,73,87,yes
1753292174584,1753292174,KXMLBGAME-25JUL23CINWSH-WSH,27,73,200,yes
1753292174584,1753292174,KXMLBGAME-25JUL23CINWSH-WSH,27,73,300,yes
1753292174584,1753292174,KXMLBGAME-25JUL23CINWSH-WSH,27,73,1100,yes
1753292175134,1753292175,KXMLBGAME-25JUL23CINWSH-WSH,25,75,10,no
1753292180753,1753292180,KXMLBGAME-25JUL23LAANYM-LAA,23,77,50,yes
1753292183573,1753292183,KXMLBGAME-25JUL23DETPIT-DET,3,97,11,no
1753292184095,1753292184,KXMLBGAME-25JUL23CINWSH-WSH,26,74,15,yes
1753292186474,1753292186,KXMLBGAME-25JUL23SDMIA-SD,21,79,300,yes
1753292186474,1753292186,KXMLBGAME-25JUL23SDMIA-SD,21,79,602,yes
1753292194633,1753292194,KXMLBGAME-25JUL23KCCHC-CHC,61,39,7,yes
1753292196972,1753292196,KXMLBGAME-25JUL23SDMIA-MIA,80,20,83,yes
1753292204831,1753292204,KXMLBGAME-25JUL23SDMIA-MIA,81,19,87,yes
1753292204831,1753292204,KXMLBGAME-25JUL23SDMIA-MIA,81,19,278,yes
1753292204854,1753292204,KXMLBGAME-25JUL23DETPIT-DET,3,97,289,no
1753292204854,1753292204,KXMLBGAME-25JUL23DETPIT-DET,3,97,72,no
1753292204854,1753292204,KXMLBGAME-25JUL23DETPIT-DET,2,98,219,no
1753292206193,1753292206,KXMLBGAME-25JUL23LAANYM-NYM,79,21,12,yes
1753292212534,1753292212,KXMLBGAME-25JUL23SDMIA-MIA,80,20,61,yes
1753292212676,1753292212,KXMLBGAME-25JUL23DETPIT-DET,4,96,23,yes
1753292214473,1753292214,KXMLBGAME-25JUL23SDMIA-MIA,80,20,123,yes
1753292216455,1753292216,KXMLBGAME-25JUL23LAANYM-NYM,79,21,100,yes
1753292217374,1753292217,KXMLBGAME-25JUL23SDMIA-SD,20,80,176,no
1753292218633,1753292218,KXMLBGAME-25JUL23SDMIA-SD,22,78,58,yes
1753292224735,1753292224,KXMLBGAME-25JUL23KCCHC-KC,40,60,2399,yes
1753292227474,1753292227,KXMLBGAME-25JUL23SDMIA-MIA,79,21,11,yes
1753292227933,1753292227,KXMLBGAME-25JUL23CINWSH-CIN,75,25,131,yes
1753292228356,1753292228,KXMLBGAME-25JUL23DETPIT-PIT,97,3,545,yes
1753292229753,1753292229,KXMLBGAME-25JUL23DETPIT-PIT,96,4,1781,no
1753292245638,1753292245,KXMLBGAME-25JUL23DETPIT-PIT,97,3,4,yes
1753292245638,1753292245,KXMLBGAME-25JUL23DETPIT-PIT,97,3,26,yes
1753292257819,1753292257,KXMLBGAME-25JUL23DETPIT-DET,4,96,27,yes
1753292258493,1753292258,KXMLBGAME-25JUL23CINWSH-CIN,76,24,63,yes
1753292259172,1753292259,KXMLBGAME-25JUL23ATHTEX-TEX,56,44,1,yes
1753292268533,1753292268,KXMLBGAME-25JUL23LAANYM-NYM,79,21,300,yes
1753292268533,1753292268,KXMLBGAME-25JUL23LAANYM-NYM,79,21,600,yes
1753292268533,1753292268,KXMLBGAME-25JUL23LAANYM-NYM,79,21,74,yes
1753292272990,1753292272,KXMLBGAME-25JUL23MILSEA-MIL,47,53,20,yes
1753292273340,1753292273,KXMLBGAME-25JUL23SDMIA-MIA,79,21,12,yes
1753292274088,1753292274,KXMLBGAME-25JUL23SFATL-ATL,57,43,82,yes
1753292274088,1753292274,KXMLBGAME-25JUL23SFATL-ATL,58,42,86,yes
1753292279074,1753292279,KXMLBGAME-25JUL23KCCHC-CHC,61,39,239,yes
1753292284133,1753292284,KXMLBGAME-25JUL23DETPIT-PIT,96,4,63,no
1753292285454,1753292285,KXMLBGAME-25JUL23CINWSH-CIN,74,26,69,yes
1753292285454,1753292285,KXMLBGAME-25JUL23CINWSH-CIN,74,26,62,yes
1753292290334,1753292290,KXMLBGAME-25JUL23SDMIA-MIA,79,21,24,yes
1753292290754,1753292290,KXMLBGAME-25JUL23CINWSH-CIN,74,26,66,yes
1753292290774,1753292290,KXMLBGAME-25JUL23SFATL-SF,45,55,10,yes
1753292293733,1753292293,KXMLBGAME-25JUL23KCCHC-KC,40,60,50,yes
1753292296996,1753292296,KXMLBGAME-25JUL23SDMIA-MIA,79,21,76,yes
1753292298252,1753292298,KXMLBGAME-25JUL23SFATL-ATL,56,44,17,yes
1753292299054,1753292298,KXMLBGAME-25JUL23DETPIT-DET,3,97,51,no
1753292303613,1753292303,KXMLBGAME-25JUL23SFATL-SF,45,55,290,yes
1753292303614,1753292303,KXMLBGAME-25JUL23SFATL-SF,46,54,87,yes
1753292303614,1753292303,KXMLBGAME-25JUL23SFATL-SF,47,53,300,yes
1753292303614,1753292303,KXMLBGAME-25JUL23SFATL-SF,47,53,200,yes
1753292303614,1753292303,KXMLBGAME-25JUL23SFATL-SF,47,53,600,yes
1753292303614,1753292303,KXMLBGAME-25JUL23SFATL-SF,47,53,588,yes
1753292304414,1753292304,KXMLBGAME-25JUL23SDMIA-MIA,79,21,17,yes
1753292305075,1753292305,KXMLBGAME-25JUL23SDMIA-SD,22,78,100,yes
1753292306092,1753292306,KXMLBGAME-25JUL23CINWSH-CIN,73,27,109,no
1753292310213,1753292310,KXMLBGAME-25JUL23SFATL-SF,45,55,1,yes
1753292310932,1753292310,KXMLBGAME-25JUL23SFATL-SF,45,55,299,yes
1753292313493,1753292313,KXMLBGAME-25JUL23SDMIA-MIA,79,21,124,yes
1753292316092,1753292316,KXMLBGAME-25JUL23SDMIA-SD,21,79,16,no
1753292322491,1753292322,KXMLBGAME-25JUL23LAANYM-LAA,23,77,8,yes
1753292330534,1753292329,KXMLBGAME-25JUL23SFATL-SF,50,50,11,yes
1753292330535,1753292329,KXMLBGAME-25JUL23SFATL-SF,73,27,29,yes
1753292330535,1753292329,KXMLBGAME-25JUL23SFATL-SF,75,25,100,yes
1753292330535,1753292329,KXMLBGAME-25JUL23SFATL-SF,79,21,1,yes
1753292330535,1753292329,KXMLBGAME-25JUL23SFATL-SF,80,20,100,yes
1753292330535,1753292329,KXMLBGAME-25JUL23SFATL-SF,82,18,1,yes
1753292330535,1753292329,KXMLBGAME-25JUL23SFATL-SF,84,16,100,yes
1753292330535,1753292329,KXMLBGAME-25JUL23SFATL-SF,85,15,244,yes
1753292330535,1753292329,KXMLBGAME-25JUL23SFATL-SF,86,14,285,yes
1753292330535,1753292329,KXMLBGAME-25JUL23SFATL-SF,87,13,699,yes
1753292331132,1753292330,KXMLBGAME-25JUL23LAANYM-LAA,23,77,41,yes
1753292333432,1753292333,KXMLBGAME-25JUL23ATHTEX-ATH,45,55,18,yes
1753292336535,1753292336,KXMLBGAME-25JUL23SFATL-SF,87,13,4,yes
1753292336833,1753292336,KXMLBGAME-25JUL23SFATL-ATL,44,56,4,no
1753292339634,1753292339,KXMLBGAME-25JUL23STLCOL-STL,63,37,46,yes
1753292339973,1753292339,KXMLBGAME-25JUL23LAANYM-NYM,79,21,300,yes
1753292339973,1753292339,KXMLBGAME-25JUL23LAANYM-NYM,80,20,100,yes
1753292339974,1753292339,KXMLBGAME-25JUL23LAANYM-NYM,80,20,600,yes
1753292339974,1753292339,KXMLBGAME-25JUL23LAANYM-NYM,80,20,2000,yes
1753292339974,1753292339,KXMLBGAME-25JUL23LAANYM-NYM,81,19,3000,yes
1753292341814,1753292341,KXMLBGAME-25JUL23SDMIA-MIA,79,21,62,yes
1753292344613,1753292344,KXMLBGAME-25JUL23MILSEA-MIL,47,53,6,yes
1753292347374,1753292347,KXMLBGAME-25JUL23SDMIA-MIA,79,21,62,yes
1753292349293,1753292349,KXMLBGAME-25JUL23SDMIA-MIA,78,22,4,no
1753292349733,1753292349,KXMLBGAME-25JUL23SFATL-ATL,44,56,28,no
1753292349733,1753292349,KXMLBGAME-25JUL23SFATL-SF,60,40,28,no
1753292351213,1753292351,KXMLBGAME-25JUL23SFATL-ATL,36,64,74,no
1753292359233,1753292359,KXMLBGAME-25JUL23CINWSH-CIN,73,27,9,yes
1753292361431,1753292361,KXMLBGAME-25JUL23SFATL-SF,61,39,363,no
1753292363176,1753292363,KXMLBGAME-25JUL23SDMIA-SD,21,79,9,no
1753292363176,1753292363,KXMLBGAME-25JUL23SDMIA-SD,21,79,75,no
1753292363176,1753292363,KXMLBGAME-25JUL23SDMIA-SD,20,80,2274,no
1753292366554,1753292366,KXMLBGAME-25JUL23LAANYM-LAA,20,80,38,yes
1753292369759,1753292369,KXMLBGAME-25JUL23SFATL-ATL,39,61,2459,yes
1753292374193,1753292374,KXMLBGAME-25JUL23LAANYM-LAA,20,80,262,yes
1753292374193,1753292374,KXMLBGAME-25JUL23LAANYM-LAA,20,80,87,yes
1753292374193,1753292374,KXMLBGAME-25JUL23LAANYM-LAA,21,79,118,yes
1753292374953,1753292374,KXMLBGAME-25JUL23SFATL-ATL,39,61,131,yes
1753292375675,1753292375,KXMLBGAME-25JUL23CINWSH-WSH,26,74,25,yes
1753292380115,1753292380,KXMLBGAME-25JUL23KCCHC-KC,40,60,12,yes
1753292380652,1753292380,KXMLBGAME-25JUL23CINWSH-CIN,76,24,578,yes
1753292380954,1753292380,KXMLBGAME-25JUL23SDMIA-SD,20,80,100,no
1753292384214,1753292384,KXMLBGAME-25JUL23KCCHC-KC,40,60,20,yes
1753292384673,1753292384,KXMLBGAME-25JUL23CINWSH-CIN,76,24,22,yes
1753292384673,1753292384,KXMLBGAME-25JUL23CINWSH-CIN,76,24,42,yes
1753292387514,1753292387,KXMLBGAME-25JUL23SDMIA-MIA,81,19,6,yes
1753292388193,1753292388,KXMLBGAME-25JUL23CINWSH-CIN,74,26,64,no
1753292388193,1753292388,KXMLBGAME-25JUL23CINWSH-CIN,73,27,129,no
1753292389632,1753292389,KXMLBGAME-25JUL23CINWSH-CIN,76,24,11,yes
1753292389872,1753292389,KXMLBGAME-25JUL23DETPIT-PIT,97,3,133,yes
1753292390492,1753292390,KXMLBGAME-25JUL23CINWSH-WSH,24,76,5,no
1753292392193,1753292392,KXMLBGAME-25JUL23LAANYM-LAA,20,80,23,yes
1753292393874,1753292393,KXMLBGAME-25JUL23LAANYM-LAA,17,83,46,no
1753292394334,1753292394,KXMLBGAME-25JUL23LAANYM-LAA,20,80,23,yes
1753292394516,1753292394,KXMLBGAME-25JUL23SFATL-ATL,37,63,32,no
1753292398252,1753292398,KXMLBGAME-25JUL23SFATL-SF,63,37,77,yes
1753292398253,1753292398,KXMLBGAME-25JUL23HOUARI-HOU,45,55,62,yes
1753292402917,1753292402,KXMLBGAME-25JUL23SDMIA-SD,20,80,87,yes
1753292402917,1753292402,KXMLBGAME-25JUL23SDMIA-SD,20,80,113,yes
1753292404034,1753292403,KXMLBGAME-25JUL23SFATL-ATL,38,62,63,yes
1753292405534,1753292405,KXMLBGAME-25JUL23LAANYM-NYM,83,17,59,yes
1753292410233,1753292410,KXMLBGAME-25JUL23KCCHC-KC,40,60,23,yes
1753292410334,1753292410,KXMLBGAME-25JUL23BOSPHI-BOS,44,56,1,yes
1753292414237,1753292414,KXMLBGAME-25JUL23DETPIT-DET,3,97,8,no
1753292414635,1753292414,KXMLBGAME-25JUL23SDMIA-SD,17,83,21,no
1753292416532,1753292416,KXMLBGAME-25JUL23LAANYM-LAA,19,81,74,yes
1753292418573,1753292418,KXMLBGAME-25JUL23DETPIT-DET,4,96,46,yes
1753292420032,1753292419,KXMLBGAME-25JUL23SDMIA-SD,17,83,79,no
1753292420032,1753292419,KXMLBGAME-25JUL23SDMIA-SD,17,83,14,no
1753292420892,1753292420,KXMLBGAME-25JUL23DETPIT-PIT,97,3,5,yes
1753292422874,1753292422,KXMLBGAME-25JUL23SDMIA-SD,19,81,50,yes
1753292424536,1753292424,KXMLBGAME-25JUL23LAANYM-LAA,19,81,24,yes
1753292432198,1753292432,KXMLBGAME-25JUL23KCCHC-CHC,61,39,1119,yes
1753292432199,1753292432,KXMLBGAME-25JUL23KCCHC-CHC,62,38,255,yes
1753292432199,1753292432,KXMLBGAME-25JUL23KCCHC-CHC,62,38,613,yes
1753292432199,1753292432,KXMLBGAME-25JUL23KCCHC-CHC,62,38,87,yes
1753292432199,1753292432,KXMLBGAME-25JUL23KCCHC-CHC,62,38,58,yes
1753292432199,1753292432,KXMLBGAME-25JUL23KCCHC-CHC,62,38,67,yes
1753292432199,1753292432,KXMLBGAME-25JUL23KCCHC-CHC,62,38,11,yes
1753292432199,1753292432,KXMLBGAME-25JUL23KCCHC-CHC,62,38,95,yes
1753292432199,1753292432,KXMLBGAME-25JUL23KCCHC-CHC,62,38,20,yes
1753292432199,1753292432,KXMLBGAME-25JUL23KCCHC-CHC,62,38,1400,yes
1753292432199,1753292432,KXMLBGAME-25JUL23KCCHC-CHC,62,38,5592,yes
1753292432199,1753292432,KXMLBGAME-25JUL23KCCHC-CHC,62,38,2555,yes
1753292432199,1753292432,KXMLBGAME-25JUL23KCCHC-CHC,62,38,1112,yes
1753292432199,1753292432,KXMLBGAME-25JUL23KCCHC-CHC,63,37,12252,yes
1753292432199,1753292432,KXMLBGAME-25JUL23KCCHC-CHC,63,37,2750,yes
1753292432199,1753292432,KXMLBGAME-25JUL23KCCHC-CHC,63,37,5000,yes
1753292432199,1753292432,KXMLBGAME-25JUL23KCCHC-CHC,63,37,200,yes
1753292432199,1753292432,KXMLBGAME-25JUL23KCCHC-CHC,63,37,3000,yes
1753292432199,1753292432,KXMLBGAME-25JUL23KCCHC-CHC,63,37,500,yes
1753292432199,1753292432,KXMLBGAME-25JUL23KCCHC-CHC,64,36,578,yes
1753292432199,1753292432,KXMLBGAME-25JUL23KCCHC-CHC,64,36,1413,yes
1753292432199,1753292432,KXMLBGAME-25JUL23KCCHC-CHC,64,36,1500,yes
1753292432199,1753292432,KXMLBGAME-25JUL23KCCHC-CHC,64,36,5000,yes
1753292432199,1753292432,KXMLBGAME-25JUL23KCCHC-CHC,64,36,500,yes
1753292432199,1753292432,KXMLBGAME-25JUL23KCCHC-CHC,64,36,200,yes
1753292432199,1753292432,KXMLBGAME-25JUL23KCCHC-CHC,65,35,54,yes
1753292432199,1753292432,KXMLBGAME-25JUL23KCCHC-CHC,65,35,10,yes
1753292432199,1753292432,KXMLBGAME-25JUL23KCCHC-CHC,65,35,600,yes
1753292432199,1753292432,KXMLBGAME-25JUL23KCCHC-CHC,65,35,347,yes
1753292432199,1753292432,KXMLBGAME-25JUL23KCCHC-CHC,65,35,5592,yes
1753292432573,1753292432,KXMLBGAME-25JUL23STLCOL-STL,63,37,33,yes
1753292432632,1753292432,KXMLBGAME-25JUL23KCCHC-KC,39,61,17,no
1753292434414,1753292434,KXMLBGAME-25JUL23SDMIA-MIA,81,19,14,yes
1753292436074,1753292436,KXMLBGAME-25JUL23LAANYM-NYM,82,18,77,yes
1753292436074,1753292436,KXMLBGAME-25JUL23LAANYM-NYM,82,18,163,yes
1753292436453,1753292436,KXMLBGAME-25JUL23BOSPHI-PHI,57,43,13,yes
1753292438393,1753292438,KXMLBGAME-25JUL23LAANYM-NYM,80,20,5000,no
1753292438393,1753292438,KXMLBGAME-25JUL23LAANYM-NYM,80,20,300,no
1753292438393,1753292438,KXMLBGAME-25JUL23LAANYM-NYM,79,21,87,no
1753292438393,1753292438,KXMLBGAME-25JUL23LAANYM-NYM,79,21,100,no
1753292441073,1753292441,KXMLBGAME-25JUL23LAANYM-NYM,75,25,443,yes
1753292441593,1753292441,KXMLBGAME-25JUL23LAANYM-LAA,22,78,10,yes
1753292442616,1753292442,KXMLBGAME-25JUL23HOUARI-HOU,45,55,270,yes
1753292443534,1753292443,KXMLBGAME-25JUL23LAANYM-LAA,44,56,2,yes
1753292444820,1753292444,KXMLBGAME-25JUL23SDMIA-MIA,81,19,71,yes
1753292444820,1753292444,KXMLBGAME-25JUL23SDMIA-MIA,81,19,148,yes
1753292444993,1753292444,KXMLBGAME-25JUL23LAANYM-NYM,75,25,70,yes
1753292445792,1753292445,KXMLBGAME-25JUL23DETPIT-PIT,97,3,136,yes
1753292445792,1753292445,KXMLBGAME-25JUL23DETPIT-PIT,97,3,18,yes
1753292454516,1753292454,KXMLBGAME-25JUL23CINWSH-CIN,76,24,43,yes
1753292455257,1753292455,KXMLBGAME-25JUL23ATHTEX-ATH,45,55,21,yes
1753292461431,1753292461,KXMLBGAME-25JUL23KCCHC-CHC,63,37,87,yes
1753292461592,1753292461,KXMLBGAME-25JUL23KCCHC-KC,38,62,87,no
1753292461592,1753292461,KXMLBGAME-25JUL23KCCHC-KC,37,63,218,no
1753292461593,1753292461,KXMLBGAME-25JUL23CINWSH-WSH,24,76,4,no
1753292462153,1753292462,KXMLBGAME-25JUL23DETPIT-DET,4,96,46,yes
1753292468212,1753292468,KXMLBGAME-25JUL23LAANYM-NYM,75,25,5,yes
1753292471353,1753292471,KXMLBGAME-25JUL23LAANYM-LAA,26,74,91,yes
1753292471833,1753292471,KXMLBGAME-25JUL23SFATL-SF,65,35,150,yes
1753292474172,1753292474,KXMLBGAME-25JUL23SDMIA-MIA,82,18,24,yes
1753292474472,1753292474,KXMLBGAME-25JUL23LAANYM-LAA,26,74,36,yes
1753292475641,1753292475,KXMLBGAME-25JUL23SDMIA-MIA,82,18,6,yes
1753292476153,1753292476,KXMLBGAME-25JUL23SDMIA-MIA,82,18,696,yes
1753292478874,1753292478,KXMLBGAME-25JUL23SDMIA-SD,17,83,71,no
1753292478991,1753292478,KXMLBGAME-25JUL23LAANYM-NYM,76,24,79,yes
1753292478991,1753292478,KXMLBGAME-25JUL23LAANYM-NYM,76,24,50,yes
1753292481314,1753292481,KXMLBGAME-25JUL23CINWSH-WSH,26,74,36,yes
1753292482336,1753292482,KXMLBGAME-25JUL23ATHTEX-ATH,45,55,55,yes
1753292485114,1753292484,KXMLBGAME-25JUL23DETPIT-DET,4,96,2,yes
1753292491234,1753292491,KXMLBGAME-25JUL23SFATL-SF,65,35,15,yes
1753292497573,1753292497,KXMLBGAME-25JUL23DETPIT-DET,4,96,1171,yes
1753292506834,1753292506,KXMLBGAME-25JUL23HOUARI-HOU,45,55,320,yes
1753292515413,1753292515,KXMLBGAME-25JUL23CINWSH-CIN,76,24,1,yes
1753292523734,1753292523,KXMLBGAME-25JUL23CINWSH-CIN,76,24,1,yes
1753292527560,1753292527,KXMLBGAME-25JUL23LAANYM-LAA,29,71,8,yes
1753292531053,1753292530,KXMLBGAME-25JUL23SDMIA-MIA,84,16,100,yes
1753292531053,1753292530,KXMLBGAME-25JUL23SDMIA-MIA,84,16,87,yes
1753292531053,1753292530,KXMLBGAME-25JUL23SDMIA-MIA,85,15,300,yes
1753292531053,1753292530,KXMLBGAME-25JUL23SDMIA-MIA,85,15,200,yes
1753292531053,1753292530,KXMLBGAME-25JUL23SDMIA-MIA,85,15,1177,yes
1753292539514,1753292539,KXMLBGAME-25JUL23SFATL-ATL,33,67,50,no
1753292540552,1753292540,KXMLBGAME-25JUL23SDMIA-SD,17,83,129,no
1753292540552,1753292540,KXMLBGAME-25JUL23SDMIA-SD,15,85,3,no
1753292540552,1753292540,KXMLBGAME-25JUL23SDMIA-SD,15,85,403,no
1753292542453,1753292542,KXMLBGAME-25JUL23CINWSH-WSH,26,74,54,yes
1753292544155,1753292544,KXMLBGAME-25JUL23SDMIA-SD,17,83,22,yes
1753292546153,1753292546,KXMLBGAME-25JUL23CINWSH-CIN,76,24,53,yes
1753292550151,1753292550,KXMLBGAME-25JUL23SDMIA-MIA,85,15,4,yes
1753292553613,1753292553,KXMLBGAME-25JUL23LAANYM-LAA,29,71,258,yes
1753292557372,1753292557,KXMLBGAME-25JUL23SFATL-ATL,17,83,100,no
1753292557452,1753292557,KXMLBGAME-25JUL23SFATL-ATL,23,77,34,yes
1753292559612,1753292559,KXMLBGAME-25JUL23CINWSH-CIN,77,23,191,yes
1753292559873,1753292559,KXMLBGAME-25JUL23SFATL-SF,83,17,25,no
1753292567113,1753292566,KXMLBGAME-25JUL23CINWSH-WSH,25,75,57,yes
1753292568174,1753292568,KXMLBGAME-25JUL23SDMIA-MIA,85,15,228,no
1753292570053,1753292569,KXMLBGAME-25JUL23SDMIA-SD,14,86,100,no
1753292570053,1753292569,KXMLBGAME-25JUL23SDMIA-SD,14,86,395,no
1753292570213,1753292570,KXMLBGAME-25JUL23SFATL-SF,83,17,275,no
1753292570213,1753292570,KXMLBGAME-25JUL23SFATL-SF,82,18,75,no
1753292570213,1753292570,KXMLBGAME-25JUL23SFATL-SF,82,18,600,no
1753292570213,1753292570,KXMLBGAME-25JUL23SFATL-SF,82,18,7,no
1753292571632,1753292571,KXMLBGAME-25JUL23SDMIA-SD,16,84,100,yes
1753292572398,1753292572,KXMLBGAME-25JUL23SFATL-ATL,15,85,239,no
1753292574560,1753292574,KXMLBGAME-25JUL23SFATL-ATL,17,83,27,yes
1753292578014,1753292577,KXMLBGAME-25JUL23SFATL-ATL,15,85,87,no
1753292578014,1753292577,KXMLBGAME-25JUL23SFATL-ATL,14,86,100,no
1753292578014,1753292577,KXMLBGAME-25JUL23SFATL-ATL,14,86,300,no
1753292578014,1753292577,KXMLBGAME-25JUL23SFATL-ATL,14,86,161,no
1753292582111,1753292581,KXMLBGAME-25JUL23SDMIA-MIA,86,14,345,yes
1753292584733,1753292583,KXMLBGAME-25JUL23KCCHC-KC,37,63,96,no
1753292585515,1753292585,KXMLBGAME-25JUL23SDMIA-SD,15,85,75,yes
1753292589073,1753292589,KXMLBGAME-25JUL23CINWSH-CIN,76,24,1,yes
1753292589211,1753292589,KXMLBGAME-25JUL23SFATL-SF,86,14,230,yes
1753292589613,1753292589,KXMLBGAME-25JUL23SFATL-ATL,14,86,495,no
1753292590192,1753292590,KXMLBGAME-25JUL23CINWSH-CIN,76,24,44,yes
1753292595451,1753292595,KXMLBGAME-25JUL23SFATL-ATL,14,86,1588,no
1753292595476,1753292595,KXMLBGAME-25JUL23SFATL-ATL,16,84,12,yes
1753292595554,1753292595,KXMLBGAME-25JUL23CINWSH-WSH,26,74,146,yes
1753292595554,1753292595,KXMLBGAME-25JUL23CINWSH-WSH,26,74,36,yes
1753292601092,1753292600,KXMLBGAME-25JUL23SFATL-SF,86,14,87,yes
1753292601092,1753292600,KXMLBGAME-25JUL23SFATL-SF,86,14,300,yes
1753292601093,1753292600,KXMLBGAME-25JUL23SFATL-SF,86,14,500,yes
1753292601093,1753292600,KXMLBGAME-25JUL23SFATL-SF,87,13,100,yes
1753292601093,1753292600,KXMLBGAME-25JUL23SFATL-SF,87,13,161,yes
1753292601093,1753292601,KXMLBGAME-25JUL23STLCOL-COL,38,62,12,yes
1753292602393,1753292602,KXMLBGAME-25JUL23MINLAD-LAD,67,33,7,yes
1753292602692,1753292602,KXMLBGAME-25JUL23SFATL-ATL,14,86,15,no
1753292604836,1753292604,KXMLBGAME-25JUL23DETPIT-PIT,97,3,257,yes
1753292606932,1753292606,KXMLBGAME-25JUL23SFATL-SF,86,14,57,yes
1753292607114,1753292607,KXMLBGAME-25JUL23CINWSH-CIN,75,25,32,yes
1753292610413,1753292610,KXMLBGAME-25JUL23NYYTOR-TOR,45,55,85,yes
1753292611675,1753292611,KXMLBGAME-25JUL23DETPIT-PIT,97,3,20,yes
1753292611974,1753292611,KXMLBGAME-25JUL23SFATL-SF,86,14,115,yes
1753292614053,1753292614,KXMLBGAME-25JUL23SFATL-ATL,10,90,75,no
1753292614053,1753292614,KXMLBGAME-25JUL23SFATL-ATL,9,91,262,no
1753292615614,1753292615,KXMLBGAME-25JUL23CINWSH-CIN,74,26,185,no
1753292617377,1753292617,KXMLBGAME-25JUL23DETPIT-DET,3,97,15,no
1753292619391,1753292619,KXMLBGAME-25JUL23SFATL-SF,83,17,87,no
1753292619391,1753292619,KXMLBGAME-25JUL23SFATL-SF,82,18,494,no
1753292623553,1753292623,KXMLBGAME-25JUL23SFATL-ATL,15,85,23,no
1753292626036,1753292625,KXMLBGAME-25JUL23SFATL-SF,85,15,116,yes
1753292630167,1753292630,KXMLBGAME-25JUL23SDMIA-SD,15,85,100,yes
1753292634952,1753292634,KXMLBGAME-25JUL23SFATL-ATL,17,83,198,yes
1753292634952,1753292634,KXMLBGAME-25JUL23SFATL-ATL,17,83,223,yes
1753292634952,1753292634,KXMLBGAME-25JUL23SFATL-ATL,18,82,127,yes
1753292637912,1753292637,KXMLBGAME-25JUL23SFATL-ATL,15,85,157,no
1753292638652,1753292638,KXMLBGAME-25JUL23MINLAD-MIN,34,66,140,yes
1753292641633,1753292641,KXMLBGAME-25JUL23SDMIA-MIA,86,14,115,yes
1753292645113,1753292644,KXMLBGAME-25JUL23CINWSH-CIN,75,25,1310,yes
1753292645113,1753292645,KXMLBGAME-25JUL23SDMIA-SD,15,85,25,yes
1753292645113,1753292645,KXMLBGAME-25JUL23SDMIA-SD,15,85,278,yes
1753292645113,1753292645,KXMLBGAME-25JUL23SDMIA-SD,16,84,200,yes
1753292645113,1753292645,KXMLBGAME-25JUL23SDMIA-SD,17,83,600,yes
1753292645113,1753292645,KXMLBGAME-25JUL23SDMIA-SD,17,83,300,yes
1753292645113,1753292645,KXMLBGAME-25JUL23SDMIA-SD,17,83,1423,yes
1753292648037,1753292647,KXMLBGAME-25JUL23SFATL-SF,85,15,26,yes
1753292648612,1753292648,KXMLBGAME-25JUL23SFATL-SF,83,17,11,no
1753292649131,1753292648,KXMLBGAME-25JUL23BALCLE-CLE,55,45,5,yes
1753292649734,1753292649,KXMLBGAME-25JUL23LAANYM-NYM,72,28,16,yes
1753292657164,1753292657,KXMLBGAME-25JUL23DETPIT-PIT,97,3,634,yes
1753292658502,1753292658,KXMLBGAME-25JUL23STLCOL-STL,63,37,1547,yes
1753292663095,1753292663,KXMLBGAME-25JUL23CINWSH-CIN,74,26,6,yes
1753292667274,1753292667,KXMLBGAME-25JUL23CINWSH-CIN,73,27,26,no
1753292674455,1753292674,KXMLBGAME-25JUL23SFATL-SF,84,16,500,yes
1753292675633,1753292675,KXMLBGAME-25JUL23SDMIA-SD,14,86,31,no
1753292677710,1753292677,KXMLBGAME-25JUL23SFATL-ATL,18,82,26,yes
1753292680375,1753292680,KXMLBGAME-25JUL23LAANYM-NYM,73,27,72,yes
1753292686714,1753292686,KXMLBGAME-25JUL23SFATL-ATL,16,84,40,no
1753292687976,1753292687,KXMLBGAME-25JUL23KCCHC-CHC,63,37,5,yes
1753292688276,1753292688,KXMLBGAME-25JUL23SFATL-ATL,16,84,157,no
1753292688793,1753292688,KXMLBGAME-25JUL23LAANYM-LAA,28,72,10,yes
1753292688793,1753292688,KXMLBGAME-25JUL23LAANYM-LAA,29,71,300,yes
1753292688793,1753292688,KXMLBGAME-25JUL23LAANYM-LAA,29,71,380,yes
1753292694369,1753292694,KXMLBGAME-25JUL23SFATL-SF,84,16,389,no
1753292699573,1753292699,KXMLBGAME-25JUL23SFATL-SF,85,15,34,yes
1753292699915,1753292699,KXMLBGAME-25JUL23HOUARI-HOU,45,55,64,yes
1753292708940,1753292708,KXMLBGAME-25JUL23ATHTEX-TEX,56,44,5,yes
1753292710932,1753292710,KXMLBGAME-25JUL23SFATL-SF,85,15,40,yes
1753292713114,1753292712,KXMLBGAME-25JUL23SDMIA-SD,14,86,265,no
1753292713934,1753292713,KXMLBGAME-25JUL23SFATL-ATL,16,84,36,no
1753292715337,1753292715,KXMLBGAME-25JUL23SFATL-SF,84,16,50,no
1753292722312,1753292722,KXMLBGAME-25JUL23CINWSH-WSH,27,73,13,yes
1753292726693,1753292726,KXMLBGAME-25JUL23CINWSH-WSH,27,73,287,yes
1753292727434,1753292727,KXMLBGAME-25JUL23KCCHC-CHC,63,37,30,yes
1753292728075,1753292728,KXMLBGAME-25JUL23SDMIA-SD,13,87,81,no
1753292728754,1753292728,KXMLBGAME-25JUL23SFATL-ATL,16,84,62,no
1753292730813,1753292730,KXMLBGAME-25JUL23DETPIT-PIT,97,3,2,yes
1753292732336,1753292732,KXMLBGAME-25JUL23SFATL-SF,84,16,1061,no
1753292732337,1753292732,KXMLBGAME-25JUL23SFATL-SF,83,17,19,no
1753292732337,1753292732,KXMLBGAME-25JUL23SFATL-SF,82,18,490,no
1753292740675,1753292740,KXMLBGAME-25JUL23CINWSH-CIN,73,27,12,yes
1753292742353,1753292742,KXMLBGAME-25JUL23SDMIA-SD,14,86,93,no
1753292745552,1753292745,KXMLBGAME-25JUL23STLCOL-STL,63,37,30,yes
1753292748815,1753292748,KXMLBGAME-25JUL23LAANYM-LAA,28,72,34,yes
1753292751315,1753292751,KXMLBGAME-25JUL23SFATL-ATL,17,83,50,no
1753292752613,1753292752,KXMLBGAME-25JUL23SFATL-ATL,17,83,200,yes
1753292758975,1753292758,KXMLBGAME-25JUL23SFATL-SF,82,18,186,no
1753292759796,1753292759,KXMLBGAME-25JUL23SFATL-SF,82,18,31,no
1753292760272,1753292760,KXMLBGAME-25JUL23SFATL-SF,82,18,100,no
1753292762292,1753292762,KXMLBGAME-25JUL23LAANYM-LAA,27,73,300,yes
1753292762292,1753292762,KXMLBGAME-25JUL23LAANYM-LAA,28,72,50,yes
1753292766272,1753292766,KXMLBGAME-25JUL23SFATL-SF,82,18,68,no
1753292767075,1753292766,KXMLBGAME-25JUL23KCCHC-KC,38,62,22,yes
1753292767952,1753292767,KXMLBGAME-25JUL23CINWSH-CIN,74,26,129,yes
1753292767952,1753292767,KXMLBGAME-25JUL23CINWSH-CIN,75,25,300,yes
1753292767952,1753292767,KXMLBGAME-25JUL23CINWSH-CIN,76,24,1481,yes
1753292768113,1753292768,KXMLBGAME-25JUL23CINWSH-WSH,25,75,205,no
1753292773813,1753292773,KXMLBGAME-25JUL23SFATL-ATL,15,85,663,no
1753292777008,1753292776,KXMLBGAME-25JUL23SFATL-ATL,15,85,186,no
1753292781733,1753292781,KXMLBGAME-25JUL23SDMIA-SD,17,83,27,yes
1753292783574,1753292783,KXMLBGAME-25JUL23HOUARI-ARI,56,44,5,yes
1753292785411,1753292785,KXMLBGAME-25JUL23SDMIA-MIA,86,14,40,yes
1753292786733,1753292786,KXMLBGAME-25JUL23SDMIA-MIA,85,15,16,no
1753292790933,1753292790,KXMLBGAME-25JUL23SDMIA-SD,14,86,1600,no
1753292791113,1753292790,KXMLBGAME-25JUL23CINWSH-WSH,31,69,15,yes
1753292796612,1753292795,KXMLBGAME-25JUL23SDMIA-MIA,86,14,115,yes
1753292797434,1753292796,KXMLBGAME-25JUL23SDMIA-SD,15,85,300,no
1753292797434,1753292796,KXMLBGAME-25JUL23SDMIA-SD,14,86,732,no
1753292798414,1753292798,KXMLBGAME-25JUL23LAANYM-NYM,75,25,9,yes
1753292802134,1753292802,KXMLBGAME-25JUL23LAANYM-LAA,27,73,50,yes
1753292802974,1753292802,KXMLBGAME-25JUL23CINWSH-CIN,71,29,600,yes
1753292802974,1753292802,KXMLBGAME-25JUL23CINWSH-CIN,72,28,53,yes
1753292806531,1753292806,KXMLBGAME-25JUL23SDMIA-MIA,86,14,135,yes
1753292809091,1753292808,KXMLBGAME-25JUL23SDMIA-SD,17,83,27,yes
1753292811214,1753292811,KXMLBGAME-25JUL23MINLAD-LAD,67,33,46,yes
1753292811732,1753292811,KXMLBGAME-25JUL23SFATL-SF,85,15,116,yes
1753292813813,1753292813,KXMLBGAME-25JUL23CINWSH-CIN,71,29,517,yes
1753292817354,1753292817,KXMLBGAME-25JUL23SFATL-ATL,18,82,100,yes
1753292817733,1753292817,KXMLBGAME-25JUL23CINWSH-WSH,31,69,92,yes
1753292818193,1753292818,KXMLBGAME-25JUL23CINWSH-WSH,31,69,52,yes
1753292821152,1753292821,KXMLBGAME-25JUL23HOUARI-HOU,45,55,1,yes
1753292823855,1753292823,KXMLBGAME-25JUL23CINWSH-WSH,29,71,2000,no
1753292823855,1753292823,KXMLBGAME-25JUL23CINWSH-WSH,28,72,1310,no
1753292825172,1753292825,KXMLBGAME-25JUL23SFATL-SF,85,15,47,yes
1753292827134,1753292827,KXMLBGAME-25JUL23CINWSH-WSH,31,69,61,yes
1753292827953,1753292827,KXMLBGAME-25JUL23DETPIT-PIT,97,3,43,yes
1753292828313,1753292828,KXMLBGAME-25JUL23SFATL-ATL,15,85,17,no
1753292828553,1753292828,KXMLBGAME-25JUL23CINWSH-WSH,28,72,1,no
1753292830513,1753292830,KXMLBGAME-25JUL23SDMIA-SD,17,83,14,yes
1753292830812,1753292830,KXMLBGAME-25JUL23SFATL-ATL,15,85,300,no
1753292835153,1753292835,KXMLBGAME-25JUL23SFATL-ATL,15,85,78,no
1753292836134,1753292836,KXMLBGAME-25JUL23KCCHC-CHC,63,37,12,yes
1753292836134,1753292836,KXMLBGAME-25JUL23KCCHC-CHC,63,37,50,yes
1753292838154,1753292838,KXMLBGAME-25JUL23LAANYM-NYM,76,24,16,yes
1753292838814,1753292838,KXMLBGAME-25JUL23MILSEA-SEA,54,46,8,yes
1753292839312,1753292839,KXMLBGAME-25JUL23DETPIT-DET,4,96,23,yes
1753292839772,1753292839,KXMLBGAME-25JUL23KCCHC-CHC,63,37,4,yes
1753292841554,1753292841,KXMLBGAME-25JUL23SDMIA-SD,17,83,5,yes
1753292843713,1753292843,KXMLBGAME-25JUL23SDMIA-SD,17,83,45,yes
1753292845914,1753292845,KXMLBGAME-25JUL23DETPIT-DET,2,98,81,no
1753292845914,1753292845,KXMLBGAME-25JUL23DETPIT-DET,2,98,300,no
1753292845914,1753292845,KXMLBGAME-25JUL23DETPIT-DET,1,99,299,no
1753292846215,1753292846,KXMLBGAME-25JUL23SDMIA-SD,17,83,27,yes
1753292848633,1753292848,KXMLBGAME-25JUL23CINWSH-CIN,70,30,275,yes
1753292848893,1753292848,KXMLBGAME-25JUL23CINWSH-WSH,31,69,29,yes
1753292849533,1753292849,KXMLBGAME-25JUL23SDMIA-SD,17,83,38,yes
1753292851134,1753292851,KXMLBGAME-25JUL23DETPIT-PIT,97,3,100,yes
1753292858494,1753292858,KXMLBGAME-25JUL23SFATL-SF,80,20,36,yes
1753292858792,1753292858,KXMLBGAME-25JUL23SDMIA-MIA,85,15,256,no
1753292858792,1753292858,KXMLBGAME-25JUL23KCCHC-CHC,63,37,500,yes
1753292859733,1753292859,KXMLBGAME-25JUL23SDMIA-SD,17,83,11,yes
1753292861253,1753292861,KXMLBGAME-25JUL23SFATL-SF,80,20,18,yes
1753292863831,1753292863,KXMLBGAME-25JUL23SFATL-SF,80,20,24,yes
1753292863831,1753292863,KXMLBGAME-25JUL23SFATL-SF,80,20,99,yes
1753292864354,1753292864,KXMLBGAME-25JUL23CINWSH-CIN,70,30,475,yes
1753292873449,1753292873,KXMLBGAME-25JUL23DETPIT-DET,2,98,300,no
1753292873449,1753292873,KXMLBGAME-25JUL23DETPIT-DET,1,99,51,no
1753292873636,1753292873,KXMLBGAME-25JUL23KCCHC-CHC,63,37,2,yes
1753292874013,1753292873,KXMLBGAME-25JUL23SFATL-SF,80,20,14,yes
1753292874132,1753292874,KXMLBGAME-25JUL23LAANYM-NYM,76,24,6,yes
1753292875236,1753292875,KXMLBGAME-25JUL23LAANYM-LAA,26,74,18,yes
1753292877053,1753292876,KXMLBGAME-25JUL23SDMIA-SD,16,84,1,no
1753292877416,1753292877,KXMLBGAME-25JUL23CINWSH-CIN,70,30,13,yes
1753292879311,1753292879,KXMLBGAME-25JUL23CINWSH-CIN,70,30,9,yes
1753292885217,1753292885,KXMLBGAME-25JUL23CINWSH-CIN,69,31,12,no
1753292891752,1753292891,KXMLBGAME-25JUL23CINWSH-WSH,31,69,30,yes
1753292894564,1753292894,KXMLBGAME-25JUL23CINWSH-CIN,69,31,288,no
1753292896056,1753292896,KXMLBGAME-25JUL23CINWSH-CIN,71,29,87,yes
1753292896056,1753292896,KXMLBGAME-25JUL23CINWSH-CIN,71,29,600,yes
1753292896056,1753292896,KXMLBGAME-25JUL23CINWSH-CIN,71,29,698,yes
1753292899234,1753292899,KXMLBGAME-25JUL23LAANYM-LAA,24,76,87,yes
1753292899234,1753292899,KXMLBGAME-25JUL23LAANYM-LAA,26,74,1913,yes
1753292899733,1753292899,KXMLBGAME-25JUL23CINWSH-CIN,71,29,828,yes
1753292901732,1753292901,KXMLBGAME-25JUL23MILSEA-SEA,54,46,5,yes
1753292903273,1753292903,KXMLBGAME-25JUL23LAANYM-NYM,75,25,100,no
1753292903273,1753292903,KXMLBGAME-25JUL23LAANYM-LAA,30,70,100,no
1753292903634,1753292903,KXMLBGAME-25JUL23SDMIA-MIA,84,16,54,yes
1753292905114,1753292905,KXMLBGAME-25JUL23CINWSH-CIN,71,29,4,yes
1753292907354,1753292907,KXMLBGAME-25JUL23SDMIA-SD,18,82,94,yes
1753292908036,1753292907,KXMLBGAME-25JUL23KCCHC-KC,38,62,12,yes
1753292910834,1753292910,KXMLBGAME-25JUL23SFATL-ATL,21,79,23,no
1753292914713,1753292914,KXMLBGAME-25JUL23KCCHC-KC,38,62,189,yes
1753292914753,1753292914,KXMLBGAME-25JUL23LAANYM-NYM,74,26,26,yes
1753292914831,1753292914,KXMLBGAME-25JUL23LAANYM-LAA,30,70,26,no
1753292915214,1753292915,KXMLBGAME-25JUL23SFATL-ATL,21,79,35,no
1753292915214,1753292915,KXMLBGAME-25JUL23SFATL-ATL,21,79,18,no
1753292915214,1753292915,KXMLBGAME-25JUL23SFATL-ATL,20,80,300,no
1753292915214,1753292915,KXMLBGAME-25JUL23SFATL-ATL,19,81,100,no
1753292915214,1753292915,KXMLBGAME-25JUL23SFATL-ATL,19,81,931,no
1753292916215,1753292916,KXMLBGAME-25JUL23SDMIA-MIA,84,16,3,yes
1753292918514,1753292918,KXMLBGAME-25JUL23SFATL-SF,80,20,1,yes
1753292919452,1753292919,KXMLBGAME-25JUL23SFATL-SF,80,20,6,yes
1753292926373,1753292926,KXMLBGAME-25JUL23SDMIA-SD,19,81,200,yes
1753292926373,1753292926,KXMLBGAME-25JUL23SDMIA-SD,19,81,288,yes
1753292927953,1753292927,KXMLBGAME-25JUL23ATHTEX-ATH,45,55,10,yes
1753292930505,1753292930,KXMLBGAME-25JUL23SFATL-SF,80,20,32,yes
1753292930505,1753292930,KXMLBGAME-25JUL23SFATL-SF,80,20,1,yes
1753292930505,1753292930,KXMLBGAME-25JUL23SFATL-SF,80,20,5,yes
1753292935376,1753292935,KXMLBGAME-25JUL23CINWSH-CIN,75,25,13,yes
1753292939773,1753292939,KXMLBGAME-25JUL23CINWSH-CIN,73,27,24,no
1753292942194,1753292942,KXMLBGAME-25JUL23CINWSH-CIN,75,25,74,yes
1753292942194,1753292942,KXMLBGAME-25JUL23CINWSH-CIN,75,25,4,yes
1753292949312,1753292949,KXMLBGAME-25JUL23SFATL-SF,80,20,25,yes
1753292950874,1753292950,KXMLBGAME-25JUL23CINWSH-CIN,75,25,131,yes
1753292953815,1753292953,KXMLBGAME-25JUL23HOUARI-ARI,56,44,170,yes
1753292954733,1753292954,KXMLBGAME-25JUL23LAANYM-LAA,36,64,47,yes
1753292955113,1753292954,KXMLBGAME-25JUL23LAANYM-LAA,36,64,132,yes
1753292960735,1753292960,KXMLBGAME-25JUL23LAANYM-LAA,36,64,47,yes
1753292961833,1753292961,KXMLBGAME-25JUL23CINWSH-CIN,76,24,49,yes
1753292963111,1753292962,KXMLBGAME-25JUL23SDMIA-MIA,83,17,35,yes
1753292964934,1753292964,KXMLBGAME-25JUL23LAANYM-LAA,37,63,77,yes
1753292964934,1753292964,KXMLBGAME-25JUL23LAANYM-LAA,37,63,414,yes
1753292965513,1753292965,KXMLBGAME-25JUL23LAANYM-LAA,37,63,129,yes
1753292969094,1753292969,KXMLBGAME-25JUL23SFATL-SF,80,20,61,yes
1753292973773,1753292973,KXMLBGAME-25JUL23LAANYM-LAA,37,63,100,yes
1753292977595,1753292977,KXMLBGAME-25JUL23CINWSH-CIN,78,22,31,yes
1753292980873,1753292980,KXMLBGAME-25JUL23SFATL-ATL,21,79,59,yes
1753292980934,1753292980,KXMLBGAME-25JUL23SDMIA-MIA,82,18,65,yes
1753292980934,1753292980,KXMLBGAME-25JUL23SDMIA-MIA,82,18,277,yes
1753292982313,1753292982,KXMLBGAME-25JUL23SFATL-SF,80,20,34,yes
1753292985391,1753292985,KXMLBGAME-25JUL23CINWSH-WSH,23,77,206,yes
1753292987753,1753292987,KXMLBGAME-25JUL23HOUARI-ARI,56,44,80,yes
1753292987753,1753292987,KXMLBGAME-25JUL23HOUARI-ARI,56,44,5,yes
1753292988731,1753292988,KXMLBGAME-25JUL23CINWSH-CIN,77,23,5,no
1753292989414,1753292989,KXMLBGAME-25JUL23SFATL-ATL,21,79,23,yes
1753292989493,1753292989,KXMLBGAME-25JUL23LAANYM-LAA,36,64,50,yes
1753292990734,1753292990,KXMLBGAME-25JUL23LAANYM-LAA,36,64,66,yes
1753292990753,1753292990,KXMLBGAME-25JUL23SFATL-SF,78,22,161,no
1753292995955,1753292995,KXMLBGAME-25JUL23SFATL-SF,77,23,18,yes
1753292996533,1753292996,KXMLBGAME-25JUL23CINWSH-CIN,79,21,42,yes
1753293001933,1753293001,KXMLBGAME-25JUL23LAANYM-LAA,36,64,184,yes
1753293001933,1753293001,KXMLBGAME-25JUL23LAANYM-LAA,37,63,57,yes
1753293001933,1753293001,KXMLBGAME-25JUL23LAANYM-LAA,37,63,183,yes
1753293002894,1753293002,KXMLBGAME-25JUL23KCCHC-KC,38,62,12,yes
1753293003392,1753293003,KXMLBGAME-25JUL23SFATL-ATL,22,78,24,no
1753293003394,1753293003,KXMLBGAME-25JUL23SFATL-SF,78,22,24,yes
1753293003492,1753293003,KXMLBGAME-25JUL23SFATL-SF,78,22,12,yes
1753293003515,1753293003,KXMLBGAME-25JUL23SFATL-ATL,22,78,12,no
1753293003634,1753293003,KXMLBGAME-25JUL23SFATL-ATL,22,78,6,no
1753293003634,1753293003,KXMLBGAME-25JUL23SFATL-SF,78,22,6,yes
1753293003733,1753293003,KXMLBGAME-25JUL23SFATL-ATL,22,78,3,no
1753293003753,1753293003,KXMLBGAME-25JUL23SFATL-SF,78,22,3,yes
1753293003854,1753293003,KXMLBGAME-25JUL23SFATL-ATL,22,78,1,no
1753293003854,1753293003,KXMLBGAME-25JUL23SFATL-SF,78,22,1,yes
1753293003995,1753293003,KXMLBGAME-25JUL23SFATL-SF,78,22,1,yes
1753293003995,1753293003,KXMLBGAME-25JUL23SFATL-ATL,22,78,1,no
1753293004334,1753293004,KXMLBGAME-25JUL23HOUARI-HOU,45,55,6,yes
1753293004394,1753293004,KXMLBGAME-25JUL23CINWSH-WSH,24,76,1,yes
1753293004834,1753293004,KXMLBGAME-25JUL23CINWSH-WSH,21,79,63,no
1753293006435,1753293006,KXMLBGAME-25JUL23SDMIA-MIA,82,18,14,yes
1753293006435,1753293006,KXMLBGAME-25JUL23SDMIA-MIA,82,18,588,yes
1753293006435,1753293006,KXMLBGAME-25JUL23SDMIA-MIA,84,16,200,yes
1753293006435,1753293006,KXMLBGAME-25JUL23SDMIA-MIA,84,16,300,yes
1753293006435,1753293006,KXMLBGAME-25JUL23SDMIA-MIA,84,16,600,yes
1753293006435,1753293006,KXMLBGAME-25JUL23SDMIA-MIA,84,16,77,yes
1753293006536,1753293006,KXMLBGAME-25JUL23SFATL-ATL,21,79,300,no
1753293006536,1753293006,KXMLBGAME-25JUL23SFATL-ATL,20,80,40,no
1753293008153,1753293008,KXMLBGAME-25JUL23KCCHC-KC,38,62,63,yes
1753293009475,1753293009,KXMLBGAME-25JUL23SFATL-SF,76,24,22,no
1753293010832,1753293010,KXMLBGAME-25JUL23CINWSH-WSH,21,79,300,no
1753293010832,1753293010,KXMLBGAME-25JUL23CINWSH-WSH,21,79,55,no
1753293010932,1753293010,KXMLBGAME-25JUL23CINWSH-CIN,79,21,23,yes
1753293010932,1753293010,KXMLBGAME-25JUL23CINWSH-CIN,79,21,32,yes
1753293011433,1753293011,KXMLBGAME-25JUL23LAANYM-LAA,37,63,12,yes
1753293014272,1753293014,KXMLBGAME-25JUL23STLCOL-COL,38,62,12,yes
1753293015293,1753293015,KXMLBGAME-25JUL23SDMIA-MIA,84,16,423,yes
1753293016314,1753293016,KXMLBGAME-25JUL23SDMIA-MIA,84,16,500,no
1753293016475,1753293016,KXMLBGAME-25JUL23CINWSH-WSH,20,80,87,yes
1753293016475,1753293016,KXMLBGAME-25JUL23CINWSH-WSH,21,79,100,yes
1753293016475,1753293016,KXMLBGAME-25JUL23CINWSH-WSH,21,79,42,yes
1753293019934,1753293019,KXMLBGAME-25JUL23SFATL-SF,89,11,3,yes
1753293020215,1753293020,KXMLBGAME-25JUL23CINWSH-CIN,80,20,1,yes
1753293020993,1753293020,KXMLBGAME-25JUL23CINWSH-CIN,80,20,6,yes
1753293021366,1753293021,KXMLBGAME-25JUL23DETPIT-DET,4,96,250,yes
1753293022332,1753293022,KXMLBGAME-25JUL23KCCHC-CHC,63,37,1,yes
1753293024471,1753293024,KXMLBGAME-25JUL23STLCOL-STL,63,37,705,yes
1753293025012,1753293024,KXMLBGAME-25JUL23SDMIA-SD,18,82,87,yes
1753293025012,1753293024,KXMLBGAME-25JUL23SDMIA-SD,18,82,270,yes
1753293026072,1753293026,KXMLBGAME-25JUL23MILSEA-SEA,54,46,1,yes
1753293027394,1753293027,KXMLBGAME-25JUL23DETPIT-PIT,97,3,411,yes
1753293028835,1753293028,KXMLBGAME-25JUL23CINWSH-WSH,20,80,7,yes
1753293032813,1753293032,KXMLBGAME-25JUL23SFATL-SF,82,18,36,yes
1753293034711,1753293034,KXMLBGAME-25JUL23CINWSH-CIN,79,21,5,no
1753293034912,1753293034,KXMLBGAME-25JUL23KCCHC-KC,38,62,102,yes
1753293034912,1753293034,KXMLBGAME-25JUL23KCCHC-KC,38,62,24,yes
1753293036491,1753293036,KXMLBGAME-25JUL23LAANYM-LAA,35,65,14,yes
1753293040236,1753293040,KXMLBGAME-25JUL23BOSPHI-BOS,44,56,21,yes
1753293042013,1753293041,KXMLBGAME-25JUL23SDMIA-SD,17,83,168,yes
1753293044415,1753293044,KXMLBGAME-25JUL23SDMIA-MIA,85,15,23,yes
1753293047039,1753293046,KXMLBGAME-25JUL23CINWSH-WSH,20,80,47,yes
1753293052321,1753293052,KXMLBGAME-25JUL23ATHTEX-ATH,45,55,106,yes
1753293055312,1753293055,KXMLBGAME-25JUL23SDMIA-MIA,84,16,71,yes
1753293055312,1753293055,KXMLBGAME-25JUL23SDMIA-MIA,84,16,71,yes
1753293057482,1753293057,KXMLBGAME-25JUL23CINWSH-CIN,80,20,61,yes
1753293061791,1753293061,KXMLBGAME-25JUL23CINWSH-WSH,21,79,27,yes
1753293062162,1753293062,KXMLBGAME-25JUL23SDMIA-MIA,83,17,600,yes
1753293062162,1753293062,KXMLBGAME-25JUL23SDMIA-MIA,83,17,200,yes
1753293062913,1753293062,KXMLBGAME-25JUL23DETPIT-DET,3,97,5,no
1753293063192,1753293063,KXMLBGAME-25JUL23DETPIT-DET,4,96,195,yes
1753293063593,1753293063,KXMLBGAME-25JUL23SFATL-SF,85,15,22,no
1753293064391,1753293064,KXMLBGAME-25JUL23SDMIA-MIA,83,17,23,yes
1753293065134,1753293065,KXMLBGAME-25JUL23SFATL-ATL,16,84,57,yes
1753293066651,1753293066,KXMLBGAME-25JUL23ATHTEX-ATH,45,55,53,yes
1753293067173,1753293067,KXMLBGAME-25JUL23CINWSH-CIN,79,21,135,no
1753293068034,1753293067,KXMLBGAME-25JUL23SDMIA-MIA,83,17,2,yes
1753293074583,1753293074,KXMLBGAME-25JUL23SFATL-SF,86,14,56,yes
1753293074583,1753293074,KXMLBGAME-25JUL23SFATL-SF,87,13,58,yes
1753293075812,1753293075,KXMLBGAME-25JUL23SFATL-SF,85,15,8,yes
1753293082214,1753293082,KXMLBGAME-25JUL23CINWSH-CIN,80,20,22,yes
1753293082214,1753293082,KXMLBGAME-25JUL23CINWSH-CIN,80,20,76,yes
1753293084516,1753293084,KXMLBGAME-25JUL23SFATL-SF,85,15,5,yes
1753293090935,1753293090,KXMLBGAME-25JUL23SDMIA-MIA,85,15,232,yes
1753293092233,1753293091,KXMLBGAME-25JUL23SFATL-SF,86,14,28,yes
1753293094834,1753293094,KXMLBGAME-25JUL23CINWSH-CIN,80,20,1,yes
1753293095236,1753293095,KXMLBGAME-25JUL23LAANYM-LAA,35,65,5,yes
1753293095512,1753293095,KXMLBGAME-25JUL23CINWSH-CIN,79,21,160,no
1753293097234,1753293097,KXMLBGAME-25JUL23CINWSH-CIN,80,20,137,yes
1753293097234,1753293097,KXMLBGAME-25JUL23CINWSH-CIN,81,19,393,yes
1753293099634,1753293099,KXMLBGAME-25JUL23SFATL-SF,85,15,58,yes
1753293099917,1753293099,KXMLBGAME-25JUL23SDMIA-MIA,84,16,117,yes
1753293103535,1753293103,KXMLBGAME-25JUL23CINWSH-WSH,21,79,231,yes
1753293103535,1753293103,KXMLBGAME-25JUL23CINWSH-WSH,21,79,87,yes
1753293103535,1753293103,KXMLBGAME-25JUL23CINWSH-WSH,21,79,584,yes
1753293104933,1753293104,KXMLBGAME-25JUL23DETPIT-PIT,97,3,173,yes
1753293108774,1753293108,KXMLBGAME-25JUL23SDMIA-SD,15,85,11,no
1753293108935,1753293108,KXMLBGAME-25JUL23SDMIA-SD,17,83,32,yes
1753293108935,1753293108,KXMLBGAME-25JUL23SDMIA-SD,17,83,67,yes
1753293109593,1753293109,KXMLBGAME-25JUL23SDMIA-MIA,84,16,100,yes
1753293110353,1753293110,KXMLBGAME-25JUL23STLCOL-COL,38,62,100,yes
1753293110894,1753293110,KXMLBGAME-25JUL23LAANYM-NYM,66,34,7,yes
1753293110952,1753293110,KXMLBGAME-25JUL23LAANYM-LAA,35,65,13,yes
1753293114622,1753293114,KXMLBGAME-25JUL23KCCHC-KC,38,62,5,yes
1753293117695,1753293117,KXMLBGAME-25JUL23DETPIT-PIT,96,4,24,no
1753293117915,1753293117,KXMLBGAME-25JUL23CINWSH-WSH,21,79,27,yes
1753293120552,1753293120,KXMLBGAME-25JUL23DETPIT-PIT,96,4,15,no
1753293124213,1753293124,KXMLBGAME-25JUL23LAANYM-NYM,66,34,2,yes
1753293126672,1753293126,KXMLBGAME-25JUL23DETPIT-PIT,97,3,5,yes
1753293131752,1753293131,KXMLBGAME-25JUL23SFATL-SF,85,15,58,yes
1753293132173,1753293132,KXMLBGAME-25JUL23CINWSH-WSH,21,79,45,yes
1753293133793,1753293133,KXMLBGAME-25JUL23KCCHC-CHC,63,37,1258,yes
1753293134375,1753293134,KXMLBGAME-25JUL23CINWSH-CIN,81,19,18,yes
1753293141592,1753293141,KXMLBGAME-25JUL23CINWSH-CIN,81,19,55,yes
1753293141653,1753293141,KXMLBGAME-25JUL23DETPIT-PIT,96,4,411,no
1753293144272,1753293144,KXMLBGAME-25JUL23SFATL-ATL,17,83,50,no
1753293144513,1753293144,KXMLBGAME-25JUL23CINWSH-CIN,81,19,10,yes
1753293145573,1753293145,KXMLBGAME-25JUL23SFATL-SF,84,16,4,yes
1753293146672,1753293146,KXMLBGAME-25JUL23CINWSH-CIN,81,19,87,yes
1753293146672,1753293146,KXMLBGAME-25JUL23CINWSH-CIN,82,18,34,yes
1753293148153,1753293148,KXMLBGAME-25JUL23CINWSH-CIN,81,19,5,yes
1753293149253,1753293149,KXMLBGAME-25JUL23SDMIA-SD,17,83,22,yes
1753293149997,1753293149,KXMLBGAME-25JUL23CINWSH-CIN,81,19,17,yes
1753293151514,1753293151,KXMLBGAME-25JUL23LAANYM-LAA,34,66,41,yes
1753293155213,1753293155,KXMLBGAME-25JUL23CINWSH-CIN,81,19,14,yes
1753293155393,1753293155,KXMLBGAME-25JUL23LAANYM-NYM,67,33,22,yes
1753293156496,1753293156,KXMLBGAME-25JUL23SDMIA-MIA,84,16,5,yes
1753293161373,1753293161,KXMLBGAME-25JUL23MINLAD-LAD,67,33,464,yes
1753293161373,1753293161,KXMLBGAME-25JUL23MINLAD-LAD,67,33,21,yes
1753293163832,1753293163,KXMLBGAME-25JUL23CINWSH-CIN,81,19,52,yes
1753293166813,1753293166,KXMLBGAME-25JUL23SFATL-SF,85,15,232,yes
1753293169418,1753293169,KXMLBGAME-25JUL23LAANYM-NYM,67,33,29,yes
1753293172068,1753293171,KXMLBGAME-25JUL23LAANYM-LAA,34,66,259,yes
1753293173133,1753293172,KXMLBGAME-25JUL23CINWSH-CIN,78,22,9,no
1753293176717,1753293176,KXMLBGAME-25JUL23SDMIA-MIA,84,16,35,yes
1753293179953,1753293179,KXMLBGAME-25JUL23HOUARI-HOU,45,55,4,yes
1753293181015,1753293180,KXMLBGAME-25JUL23LAANYM-LAA,34,66,8,yes
1753293181038,1753293180,KXMLBGAME-25JUL23LAANYM-NYM,66,34,87,yes
1753293181039,1753293180,KXMLBGAME-25JUL23LAANYM-NYM,67,33,1,yes
1753293181314,1753293181,KXMLBGAME-25JUL23DETPIT-DET,4,96,24,yes
1753293181835,1753293181,KXMLBGAME-25JUL23CINWSH-CIN,79,21,1,yes
1753293182435,1753293181,KXMLBGAME-25JUL23SFATL-ATL,18,82,87,yes
1753293182435,1753293181,KXMLBGAME-25JUL23SFATL-ATL,19,81,61,yes
1753293183637,1753293183,KXMLBGAME-25JUL23CINWSH-CIN,79,21,6,yes
1753293184232,1753293184,KXMLBGAME-25JUL23SDMIA-MIA,84,16,155,yes
1753293185871,1753293185,KXMLBGAME-25JUL23LAANYM-LAA,34,66,292,yes
1753293185871,1753293185,KXMLBGAME-25JUL23LAANYM-LAA,34,66,600,yes
1753293185871,1753293185,KXMLBGAME-25JUL23LAANYM-LAA,34,66,2000,yes
1753293195134,1753293195,KXMLBGAME-25JUL23DETPIT-PIT,97,3,10,yes
1753293195693,1753293195,KXMLBGAME-25JUL23CINWSH-WSH,21,79,34,yes
1753293196332,1753293196,KXMLBGAME-25JUL23CINWSH-CIN,80,20,308,yes
1753293199193,1753293199,KXMLBGAME-25JUL23MINLAD-LAD,67,33,40,yes
1753293200853,1753293200,KXMLBGAME-25JUL23SFATL-SF,84,16,1,yes
1753293204427,1753293204,KXMLBGAME-25JUL23LAANYM-NYM,67,33,100,yes
1753293204427,1753293204,KXMLBGAME-25JUL23DETPIT-PIT,96,4,10,no
1753293205613,1753293205,KXMLBGAME-25JUL23CINWSH-WSH,23,77,8,yes
1753293208774,1753293208,KXMLBGAME-25JUL23CINWSH-CIN,78,22,2,yes
1753293213312,1753293213,KXMLBGAME-25JUL23CINWSH-CIN,78,22,19,yes
1753293217452,1753293217,KXMLBGAME-25JUL23SFATL-ATL,17,83,5,yes
1753293219554,1753293219,KXMLBGAME-25JUL23LAANYM-NYM,68,32,14,yes
1753293220273,1753293220,KXMLBGAME-25JUL23CINWSH-WSH,21,79,65,no
1753293221750,1753293221,KXMLBGAME-25JUL23SFATL-SF,83,17,10,no
1753293224213,1753293224,KXMLBGAME-25JUL23SDMIA-MIA,85,15,53,yes
1753293224213,1753293224,KXMLBGAME-25JUL23SDMIA-MIA,85,15,300,yes
1753293224853,1753293224,KXMLBGAME-25JUL23LAANYM-NYM,67,33,28,yes
1753293232732,1753293232,KXMLBGAME-25JUL23CINWSH-CIN,78,22,69,yes
1753293239572,1753293239,KXMLBGAME-25JUL23CINWSH-CIN,77,23,63,yes
1753293240376,1753293240,KXMLBGAME-25JUL23CINWSH-CIN,78,22,11,yes
1753293240853,1753293240,KXMLBGAME-25JUL23LAANYM-LAA,33,67,100,no
1753293240932,1753293240,KXMLBGAME-25JUL23LAANYM-NYM,67,33,70,yes
1753293241033,1753293240,KXMLBGAME-25JUL23SFATL-ATL,15,85,300,no
1753293241033,1753293240,KXMLBGAME-25JUL23SFATL-ATL,14,86,27,no
1753293241034,1753293240,KXMLBGAME-25JUL23MILSEA-MIL,47,53,20,yes
1753293241132,1753293241,KXMLBGAME-25JUL23SFATL-SF,86,14,27,yes
1753293241132,1753293241,KXMLBGAME-25JUL23SFATL-SF,86,14,600,yes
1753293241711,1753293241,KXMLBGAME-25JUL23SFATL-ATL,13,87,228,yes
1753293244671,1753293244,KXMLBGAME-25JUL23SFATL-ATL,13,87,228,yes
1753293247613,1753293247,KXMLBGAME-25JUL23CINWSH-WSH,24,76,3,yes
1753293250252,1753293250,KXMLBGAME-25JUL23SDMIA-SD,14,86,110,yes
1753293259732,1753293259,KXMLBGAME-25JUL23NYYTOR-TOR,45,55,325,yes
1753293263033,1753293262,KXMLBGAME-25JUL23SDMIA-MIA,86,14,30,yes
1753293263717,1753293263,KXMLBGAME-25JUL23STLCOL-COL,38,62,10,yes
1753293276172,1753293276,KXMLBGAME-25JUL23CINWSH-WSH,24,76,1,yes
1753293277533,1753293277,KXMLBGAME-25JUL23CINWSH-WSH,24,76,7,yes
1753293277653,1753293277,KXMLBGAME-25JUL23SDMIA-MIA,88,12,9,yes
1753293278132,1753293278,KXMLBGAME-25JUL23LAANYM-NYM,70,30,87,yes
1753293278132,1753293278,KXMLBGAME-25JUL23LAANYM-LAA,30,70,25,no
1753293278232,1753293278,KXMLBGAME-25JUL23LAANYM-NYM,70,30,87,yes
1753293278333,1753293278,KXMLBGAME-25JUL23LAANYM-LAA,30,70,66,no
1753293278792,1753293278,KXMLBGAME-25JUL23LAANYM-LAA,30,70,49,no
1753293278792,1753293278,KXMLBGAME-25JUL23LAANYM-NYM,70,30,49,yes
1753293278914,1753293278,KXMLBGAME-25JUL23LAANYM-LAA,30,70,25,no
1753293285110,1753293285,KXMLBGAME-25JUL23CINWSH-CIN,78,22,12,yes
1753293285473,1753293285,KXMLBGAME-25JUL23SFATL-SF,88,12,20,no
1753293288673,1753293288,KXMLBGAME-25JUL23CINWSH-CIN,78,22,126,yes
1753293290433,1753293290,KXMLBGAME-25JUL23SDMIA-MIA,88,12,557,yes
1753293294733,1753293294,KXMLBGAME-25JUL23SDMIA-MIA,88,12,5,yes
1753293297713,1753293297,KXMLBGAME-25JUL23CINWSH-CIN,78,22,252,yes
1753293302733,1753293302,KXMLBGAME-25JUL23SDMIA-SD,8,92,26,no
1753293308034,1753293307,KXMLBGAME-25JUL23CINWSH-CIN,78,22,126,yes
1753293314174,1753293314,KXMLBGAME-25JUL23SDMIA-MIA,83,17,300,no
1753293315233,1753293315,KXMLBGAME-25JUL23DETPIT-PIT,97,3,102,yes
1753293318573,1753293318,KXMLBGAME-25JUL23SFATL-ATL,10,90,165,no
1753293322135,1753293322,KXMLBGAME-25JUL23LAANYM-NYM,75,25,5,yes
1753293325213,1753293325,KXMLBGAME-25JUL23SDMIA-MIA,82,18,1,yes
1753293327309,1753293327,KXMLBGAME-25JUL23LAANYM-LAA,26,74,18,yes
1753293329373,1753293329,KXMLBGAME-25JUL23SDMIA-MIA,82,18,301,yes
1753293329456,1753293329,KXMLBGAME-25JUL23SFATL-SF,88,12,67,no
1753293329456,1753293329,KXMLBGAME-25JUL23SFATL-SF,88,12,20,no
1753293329456,1753293329,KXMLBGAME-25JUL23SFATL-SF,87,13,18,no
1753293331490,1753293331,KXMLBGAME-25JUL23SDMIA-MIA,82,18,60,yes
1753293331533,1753293331,KXMLBGAME-25JUL23LAANYM-LAA,26,74,100,yes
1753293331533,1753293331,KXMLBGAME-25JUL23LAANYM-NYM,74,26,100,no
1753293333657,1753293333,KXMLBGAME-25JUL23SFATL-ATL,12,88,33,yes
1753293336421,1753293336,KXMLBGAME-25JUL23CINWSH-CIN,78,22,73,yes
1753293336421,1753293336,KXMLBGAME-25JUL23CINWSH-CIN,78,22,67,yes
1753293336421,1753293336,KXMLBGAME-25JUL23CINWSH-CIN,79,21,40,yes
1753293339673,1753293339,KXMLBGAME-25JUL23CINWSH-CIN,79,21,124,yes
1753293340792,1753293340,KXMLBGAME-25JUL23LAANYM-LAA,27,73,20,yes
1753293341092,1753293341,KXMLBGAME-25JUL23CINWSH-CIN,79,21,24,yes
1753293346552,1753293346,KXMLBGAME-25JUL23HOUARI-HOU,45,55,11,yes
1753293347032,1753293346,KXMLBGAME-25JUL23CINWSH-WSH,23,77,300,yes
1753293347032,1753293346,KXMLBGAME-25JUL23CINWSH-WSH,24,76,820,yes
1753293348015,1753293347,KXMLBGAME-25JUL23LAANYM-LAA,27,73,3,yes
1753293348734,1753293348,KXMLBGAME-25JUL23DETPIT-DET,3,97,300,yes
1753293352913,1753293352,KXMLBGAME-25JUL23SFATL-SF,90,10,55,yes
1753293355094,1753293355,KXMLBGAME-25JUL23BALCLE-CLE,55,45,333,yes
1753293357516,1753293357,KXMLBGAME-25JUL23SFATL-ATL,11,89,87,yes
1753293357516,1753293357,KXMLBGAME-25JUL23SFATL-ATL,12,88,77,yes
1753293358832,1753293358,KXMLBGAME-25JUL23SFATL-SF,90,10,100,yes
1753293359434,1753293359,KXMLBGAME-25JUL23SDMIA-MIA,82,18,12,yes
1753293360614,1753293360,KXMLBGAME-25JUL23CINWSH-WSH,23,77,25,yes
1753293362314,1753293362,KXMLBGAME-25JUL23CINWSH-CIN,79,21,26,yes
1753293362534,1753293362,KXMLBGAME-25JUL23CINWSH-CIN,79,21,28,yes
1753293364534,1753293363,KXMLBGAME-25JUL23SDMIA-MIA,82,18,28,yes
1753293364534,1753293363,KXMLBGAME-25JUL23SDMIA-MIA,82,18,600,yes
1753293364534,1753293363,KXMLBGAME-25JUL23SDMIA-MIA,82,18,9,yes
1753293364534,1753293363,KXMLBGAME-25JUL23SDMIA-MIA,83,17,300,yes
1753293364534,1753293363,KXMLBGAME-25JUL23SDMIA-MIA,83,17,3666,yes
1753293364534,1753293363,KXMLBGAME-25JUL23SDMIA-MIA,83,17,750,yes
1753293364534,1753293363,KXMLBGAME-25JUL23SDMIA-MIA,83,17,500,yes
1753293364534,1753293363,KXMLBGAME-25JUL23SDMIA-MIA,83,17,300,yes
1753293364534,1753293363,KXMLBGAME-25JUL23SDMIA-MIA,83,17,200,yes
1753293364534,1753293363,KXMLBGAME-25JUL23SDMIA-MIA,84,16,600,yes
1753293364534,1753293363,KXMLBGAME-25JUL23SDMIA-MIA,84,16,200,yes
1753293364534,1753293363,KXMLBGAME-25JUL23SDMIA-MIA,84,16,300,yes
1753293364535,1753293363,KXMLBGAME-25JUL23SDMIA-MIA,84,16,500,yes
1753293364535,1753293363,KXMLBGAME-25JUL23SDMIA-MIA,84,16,2000,yes
1753293364535,1753293363,KXMLBGAME-25JUL23SDMIA-MIA,85,15,250,yes
1753293364535,1753293363,KXMLBGAME-25JUL23SDMIA-MIA,88,12,300,yes
1753293364535,1753293363,KXMLBGAME-25JUL23SDMIA-MIA,95,5,2235,yes
1753293365335,1753293365,KXMLBGAME-25JUL23HOUARI-HOU,45,55,25,yes
1753293372791,1753293372,KXMLBGAME-25JUL23DETPIT-PIT,97,3,51,yes
1753293375452,1753293375,KXMLBGAME-25JUL23LAANYM-LAA,27,73,277,yes
1753293375453,1753293375,KXMLBGAME-25JUL23LAANYM-LAA,28,72,300,yes
1753293375453,1753293375,KXMLBGAME-25JUL23LAANYM-LAA,28,72,87,yes
1753293375453,1753293375,KXMLBGAME-25JUL23LAANYM-LAA,28,72,600,yes
1753293375453,1753293375,KXMLBGAME-25JUL23LAANYM-LAA,28,72,10,yes
1753293375453,1753293375,KXMLBGAME-25JUL23LAANYM-LAA,28,72,775,yes
1753293377954,1753293377,KXMLBGAME-25JUL23CINWSH-CIN,77,23,12,yes
1753293380552,1753293380,KXMLBGAME-25JUL23SFATL-SF,88,12,234,no
1753293382073,1753293382,KXMLBGAME-25JUL23LAANYM-LAA,26,74,100,no
1753293382073,1753293382,KXMLBGAME-25JUL23LAANYM-LAA,26,74,40,no
1753293382073,1753293382,KXMLBGAME-25JUL23LAANYM-LAA,25,75,300,no
1753293382073,1753293382,KXMLBGAME-25JUL23LAANYM-LAA,24,76,190,no
1753293383154,1753293383,KXMLBGAME-25JUL23CINWSH-WSH,24,76,10,yes
1753293387724,1753293387,KXMLBGAME-25JUL23CINWSH-CIN,77,23,25,yes
1753293388334,1753293388,KXMLBGAME-25JUL23SDMIA-MIA,86,14,345,yes
1753293389031,1753293388,KXMLBGAME-25JUL23SFATL-SF,90,10,6,yes
1753293389950,1753293389,KXMLBGAME-25JUL23SDMIA-SD,15,85,18,yes
1753293390773,1753293390,KXMLBGAME-25JUL23SDMIA-SD,14,86,40,no
1753293391594,1753293391,KXMLBGAME-25JUL23LAANYM-LAA,28,72,17,yes
1753293392712,1753293392,KXMLBGAME-25JUL23SDMIA-MIA,86,14,155,yes
1753293392712,1753293392,KXMLBGAME-25JUL23SDMIA-MIA,86,14,45,yes
1753293398237,1753293398,KXMLBGAME-25JUL23SFATL-ATL,11,89,14,no
1753293399534,1753293399,KXMLBGAME-25JUL23SDMIA-MIA,86,14,1,yes
1753293400232,1753293400,KXMLBGAME-25JUL23SDMIA-SD,15,85,190,yes
1753293401491,1753293401,KXMLBGAME-25JUL23KCCHC-KC,38,62,1366,yes
1753293402915,1753293402,KXMLBGAME-25JUL23CINWSH-WSH,17,83,96,no
1753293403632,1753293403,KXMLBGAME-25JUL23SDMIA-SD,15,85,1,yes
1753293405114,1753293404,KXMLBGAME-25JUL23KCCHC-KC,37,63,5,no
1753293411820,1753293411,KXMLBGAME-25JUL23SFATL-SF,90,10,11,yes
1753293413257,1753293413,KXMLBGAME-25JUL23SFATL-ATL,12,88,78,yes
1753293414913,1753293414,KXMLBGAME-25JUL23SFATL-SF,90,10,56,yes
1753293416154,1753293416,KXMLBGAME-25JUL23DETPIT-DET,2,98,87,yes
1753293417075,1753293417,KXMLBGAME-25JUL23SDMIA-MIA,86,14,90,yes
1753293418491,1753293418,KXMLBGAME-25JUL23CINWSH-WSH,21,79,22,yes
1753293422953,1753293422,KXMLBGAME-25JUL23MINLAD-MIN,34,66,84,yes
1753293423673,1753293423,KXMLBGAME-25JUL23LAANYM-LAA,19,81,1,yes
1753293424215,1753293424,KXMLBGAME-25JUL23LAANYM-LAA,19,81,124,yes
1753293425534,1753293425,KXMLBGAME-25JUL23CINWSH-CIN,80,20,123,yes
1753293429374,1753293429,KXMLBGAME-25JUL23SDMIA-MIA,86,14,403,yes
1753293438513,1753293438,KXMLBGAME-25JUL23SFATL-SF,89,11,30,yes
1753293441231,1753293441,KXMLBGAME-25JUL23SFATL-ATL,11,89,17,no
1753293442630,1753293442,KXMLBGAME-25JUL23LAANYM-LAA,19,81,24,yes
1753293444034,1753293443,KXMLBGAME-25JUL23SFATL-SF,89,11,390,yes
1753293450013,1753293449,KXMLBGAME-25JUL23KCCHC-CHC,63,37,30,yes
1753293451052,1753293451,KXMLBGAME-25JUL23CINWSH-WSH,18,82,109,no
1753293459113,1753293459,KXMLBGAME-25JUL23CINWSH-CIN,80,20,50,yes
1753293460354,1753293460,KXMLBGAME-25JUL23LAANYM-LAA,17,83,18,no
1753293462681,1753293462,KXMLBGAME-25JUL23LAANYM-NYM,82,18,180,yes
1753293463333,1753293463,KXMLBGAME-25JUL23LAANYM-LAA,19,81,30,yes
1753293465512,1753293465,KXMLBGAME-25JUL23LAANYM-NYM,82,18,60,yes
1753293466094,1753293466,KXMLBGAME-25JUL23SDMIA-MIA,84,16,27,yes
1753293466094,1753293466,KXMLBGAME-25JUL23SDMIA-MIA,85,15,500,yes
1753293466094,1753293466,KXMLBGAME-25JUL23SDMIA-MIA,86,14,154,yes
1753293470951,1753293470,KXMLBGAME-25JUL23STLCOL-COL,38,62,421,yes
1753293477222,1753293477,KXMLBGAME-25JUL23SFATL-ATL,10,90,154,no
1753293478374,1753293478,KXMLBGAME-25JUL23KCCHC-CHC,63,37,4,yes
1753293480733,1753293480,KXMLBGAME-25JUL23CINWSH-CIN,81,19,4,yes
1753293481353,1753293481,KXMLBGAME-25JUL23SDMIA-MIA,85,15,21,yes
1753293481353,1753293481,KXMLBGAME-25JUL23SDMIA-MIA,86,14,2,yes
1753293481653,1753293481,KXMLBGAME-25JUL23LAANYM-NYM,81,19,300,no
1753293481653,1753293481,KXMLBGAME-25JUL23LAANYM-NYM,81,19,87,no
1753293481653,1753293481,KXMLBGAME-25JUL23LAANYM-NYM,80,20,44,no
1753293481653,1753293481,KXMLBGAME-25JUL23LAANYM-NYM,80,20,133,no
1753293481673,1753293481,KXMLBGAME-25JUL23LAANYM-LAA,19,81,87,yes
1753293481773,1753293481,KXMLBGAME-25JUL23LAANYM-NYM,81,19,87,no
1753293486835,1753293486,KXMLBGAME-25JUL23SDMIA-SD,16,84,1,yes
1753293487457,1753293487,KXMLBGAME-25JUL23CINWSH-CIN,81,19,6,yes
1753293488032,1753293487,KXMLBGAME-25JUL23LAANYM-LAA,20,80,1250,yes
1753293490591,1753293490,KXMLBGAME-25JUL23LAANYM-LAA,20,80,500,yes
1753293490693,1753293490,KXMLBGAME-25JUL23LAANYM-NYM,80,20,500,no
1753293491373,1753293491,KXMLBGAME-25JUL23KCCHC-CHC,62,38,2,no
1753293491814,1753293491,KXMLBGAME-25JUL23CINWSH-WSH,21,79,100,yes
1753293492892,1753293492,KXMLBGAME-25JUL23CINWSH-CIN,79,21,17,no
1753293493814,1753293493,KXMLBGAME-25JUL23STLCOL-COL,38,62,194,yes
1753293495215,1753293495,KXMLBGAME-25JUL23LAANYM-LAA,20,80,3250,yes
1753293495312,1753293495,KXMLBGAME-25JUL23SDMIA-MIA,87,13,18,yes
1753293497853,1753293497,KXMLBGAME-25JUL23SFATL-SF,89,11,281,yes
1753293498313,1753293498,KXMLBGAME-25JUL23SDMIA-SD,13,87,170,no
1753293499772,1753293499,KXMLBGAME-25JUL23LAANYM-LAA,22,78,87,yes
1753293499773,1753293499,KXMLBGAME-25JUL23LAANYM-LAA,22,78,41,yes
1753293500155,1753293500,KXMLBGAME-25JUL23LAANYM-LAA,22,78,34,yes
1753293501498,1753293501,KXMLBGAME-25JUL23SFATL-ATL,13,87,26,yes
1753293503453,1753293503,KXMLBGAME-25JUL23DETPIT-DET,4,96,234,yes
1753293505144,1753293505,KXMLBGAME-25JUL23SFATL-ATL,11,89,105,no
1753293506705,1753293506,KXMLBGAME-25JUL23CINWSH-CIN,80,20,4,no
1753293510894,1753293510,KXMLBGAME-25JUL23LAANYM-LAA,22,78,12,yes
1753293510894,1753293510,KXMLBGAME-25JUL23LAANYM-LAA,23,77,29,yes
1753293511112,1753293511,KXMLBGAME-25JUL23SFATL-ATL,11,89,15,no
1753293512552,1753293512,KXMLBGAME-25JUL23SFATL-SF,88,12,22,yes
1753293513553,1753293513,KXMLBGAME-25JUL23MILSEA-SEA,54,46,4,yes
1753293513553,1753293513,KXMLBGAME-25JUL23MILSEA-SEA,54,46,35,yes
1753293515332,1753293515,KXMLBGAME-25JUL23CINWSH-WSH,21,79,9,yes
1753293515972,1753293515,KXMLBGAME-25JUL23LAANYM-LAA,23,77,45,yes
1753293520231,1753293519,KXMLBGAME-25JUL23SDMIA-SD,15,85,31,yes
1753293520413,1753293520,KXMLBGAME-25JUL23SFATL-ATL,7,93,4,no
1753293527834,1753293527,KXMLBGAME-25JUL23DETPIT-PIT,96,4,31,no
1753293528211,1753293528,KXMLBGAME-25JUL23SDMIA-MIA,87,13,17,yes
1753293530111,1753293529,KXMLBGAME-25JUL23DETPIT-PIT,97,3,49,yes
1753293533413,1753293533,KXMLBGAME-25JUL23SDMIA-MIA,87,13,30,yes
1753293533632,1753293533,KXMLBGAME-25JUL23CINWSH-CIN,82,18,56,yes
1753293533733,1753293533,KXMLBGAME-25JUL23SFATL-ATL,9,91,8,no
1753293533752,1753293533,KXMLBGAME-25JUL23CINWSH-CIN,82,18,42,yes
1753293533853,1753293533,KXMLBGAME-25JUL23CINWSH-CIN,82,18,300,yes
1753293533913,1753293533,KXMLBGAME-25JUL23CINWSH-WSH,18,82,32,no
1753293533933,1753293533,KXMLBGAME-25JUL23CINWSH-CIN,82,18,32,yes
1753293536593,1753293536,KXMLBGAME-25JUL23CINWSH-CIN,82,18,16,yes
1753293538073,1753293538,KXMLBGAME-25JUL23CINWSH-WSH,17,83,4,no
1753293538273,1753293538,KXMLBGAME-25JUL23LAANYM-LAA,22,78,215,yes
1753293538273,1753293538,KXMLBGAME-25JUL23CINWSH-CIN,84,16,100,yes
1753293539451,1753293539,KXMLBGAME-25JUL23CINWSH-CIN,84,16,25,yes
1753293540772,1753293540,KXMLBGAME-25JUL23SFATL-SF,88,12,84,no
1753293540772,1753293540,KXMLBGAME-25JUL23SFATL-SF,88,12,168,no
1753293540991,1753293540,KXMLBGAME-25JUL23CINWSH-WSH,14,86,10,no
1753293541512,1753293541,KXMLBGAME-25JUL23MINLAD-MIN,34,66,1,yes
1753293542273,1753293542,KXMLBGAME-25JUL23LAANYM-NYM,79,21,64,yes
1753293550811,1753293550,KXMLBGAME-25JUL23LAANYM-NYM,79,21,23,yes
1753293550811,1753293550,KXMLBGAME-25JUL23LAANYM-NYM,79,21,63,yes
1753293550811,1753293550,KXMLBGAME-25JUL23LAANYM-NYM,80,20,223,yes
1753293550872,1753293550,KXMLBGAME-25JUL23SDMIA-MIA,87,13,15,yes
1753293550872,1753293550,KXMLBGAME-25JUL23SDMIA-SD,13,87,15,no
1753293550872,1753293550,KXMLBGAME-25JUL23SDMIA-SD,12,88,250,no
1753293550972,1753293550,KXMLBGAME-25JUL23SDMIA-MIA,87,13,8,yes
1753293550972,1753293550,KXMLBGAME-25JUL23SDMIA-MIA,88,12,779,yes
1753293554512,1753293554,KXMLBGAME-25JUL23SFATL-ATL,11,89,65,yes
1753293554512,1753293554,KXMLBGAME-25JUL23SFATL-ATL,12,88,22,yes
1753293555872,1753293555,KXMLBGAME-25JUL23SDMIA-MIA,90,10,2,yes
1753293555872,1753293555,KXMLBGAME-25JUL23SDMIA-MIA,90,10,600,yes
1753293555872,1753293555,KXMLBGAME-25JUL23SDMIA-MIA,90,10,300,yes
1753293557231,1753293557,KXMLBGAME-25JUL23LAANYM-NYM,80,20,300,yes
1753293557231,1753293557,KXMLBGAME-25JUL23LAANYM-NYM,80,20,64,yes
1753293563652,1753293563,KXMLBGAME-25JUL23LAANYM-NYM,84,16,100,yes
1753293563673,1753293563,KXMLBGAME-25JUL23LAANYM-LAA,17,83,36,no
1753293563673,1753293563,KXMLBGAME-25JUL23LAANYM-LAA,17,83,50,no
1753293563673,1753293563,KXMLBGAME-25JUL23LAANYM-LAA,14,86,100,no
1753293564113,1753293564,KXMLBGAME-25JUL23DETPIT-PIT,97,3,1,yes
1753293565754,1753293565,KXMLBGAME-25JUL23CWSTB-TB,66,34,147,yes
1753293566693,1753293566,KXMLBGAME-25JUL23CINWSH-CIN,87,13,17,yes
1753293567674,1753293567,KXMLBGAME-25JUL23CINWSH-CIN,87,13,3,yes
1753293568373,1753293568,KXMLBGAME-25JUL23CINWSH-WSH,15,85,7,yes
1753293571449,1753293571,KXMLBGAME-25JUL23LAANYM-LAA,7,93,47,no
1753293574653,1753293574,KXMLBGAME-25JUL23CINWSH-CIN,86,14,6,no
1753293578011,1753293577,KXMLBGAME-25JUL23CINWSH-CIN,87,13,199,yes
1753293582132,1753293582,KXMLBGAME-25JUL23LAANYM-LAA,7,93,53,no
1753293582132,1753293582,KXMLBGAME-25JUL23LAANYM-LAA,5,95,100,no
1753293582132,1753293582,KXMLBGAME-25JUL23LAANYM-LAA,5,95,71,no
1753293582691,1753293582,KXMLBGAME-25JUL23SFATL-SF,88,12,215,no
1753293583372,1753293583,KXMLBGAME-25JUL23LAANYM-LAA,5,95,10,no
1753293583372,1753293583,KXMLBGAME-25JUL23LAANYM-LAA,5,95,122,no
1753293584594,1753293584,KXMLBGAME-25JUL23LAANYM-LAA,7,93,2,yes
1753293585392,1753293585,KXMLBGAME-25JUL23LAANYM-LAA,5,95,24,no
1753293586430,1753293586,KXMLBGAME-25JUL23LAANYM-LAA,8,92,129,yes
1753293587495,1753293587,KXMLBGAME-25JUL23STLCOL-COL,38,62,25,yes
1753293589092,1753293589,KXMLBGAME-25JUL23SDMIA-SD,10,90,87,yes
1753293589092,1753293589,KXMLBGAME-25JUL23SDMIA-SD,10,90,28,yes
1753293590512,1753293590,KXMLBGAME-25JUL23CINWSH-CIN,86,14,11,no
1753293595396,1753293595,KXMLBGAME-25JUL23SFATL-SF,88,12,119,no
1753293595652,1753293595,KXMLBGAME-25JUL23SDMIA-MIA,90,10,87,no
1753293595652,1753293595,KXMLBGAME-25JUL23SDMIA-MIA,89,11,24,no
1753293597850,1753293597,KXMLBGAME-25JUL23KCCHC-CHC,63,37,18,yes
1753293597992,1753293597,KXMLBGAME-25JUL23SDMIA-MIA,91,9,13,yes
1753293600514,1753293600,KXMLBGAME-25JUL23SFATL-ATL,12,88,109,yes
1753293601553,1753293601,KXMLBGAME-25JUL23DETPIT-DET,3,97,156,yes
1753293602174,1753293602,KXMLBGAME-25JUL23CINWSH-WSH,15,85,31,yes
1753293603113,1753293603,KXMLBGAME-25JUL23CINWSH-CIN,86,14,34,yes
1753293604232,1753293604,KXMLBGAME-25JUL23LAANYM-LAA,5,95,27,no
1753293606672,1753293606,KXMLBGAME-25JUL23LAANYM-LAA,8,92,8,yes
1753293610834,1753293610,KXMLBGAME-25JUL23SDMIA-SD,8,92,1,no
1753293612013,1753293611,KXMLBGAME-25JUL23LAANYM-LAA,8,92,50,yes
1753293612173,1753293612,KXMLBGAME-25JUL23CINWSH-CIN,86,14,22,yes
1753293612173,1753293612,KXMLBGAME-25JUL23CINWSH-CIN,86,14,90,yes
1753293612700,1753293612,KXMLBGAME-25JUL23SFATL-ATL,10,90,16,no
1753293613072,1753293612,KXMLBGAME-25JUL23CINWSH-WSH,15,85,40,yes
1753293613354,1753293613,KXMLBGAME-25JUL23SDMIA-SD,8,92,299,no
1753293613354,1753293613,KXMLBGAME-25JUL23SDMIA-SD,8,92,500,no
1753293613354,1753293613,KXMLBGAME-25JUL23SDMIA-SD,7,93,100,no
1753293613354,1753293613,KXMLBGAME-25JUL23SDMIA-SD,7,93,122,no
1753293625053,1753293625,KXMLBGAME-25JUL23CINWSH-CIN,86,14,13,yes
1753293632372,1753293632,KXMLBGAME-25JUL23SFATL-SF,89,11,11,no
1753293637933,1753293637,KXMLBGAME-25JUL23SDMIA-SD,10,90,17,yes
1753293638611,1753293638,KXMLBGAME-25JUL23CINWSH-CIN,86,14,100,yes
1753293638611,1753293638,KXMLBGAME-25JUL23CINWSH-CIN,86,14,15,yes
1753293640633,1753293640,KXMLBGAME-25JUL23SDMIA-MIA,91,9,436,yes
1753293642806,1753293642,KXMLBGAME-25JUL23KCCHC-KC,38,62,1,yes
1753293644750,1753293644,KXMLBGAME-25JUL23CINWSH-WSH,15,85,314,yes
1753293647134,1753293647,KXMLBGAME-25JUL23SFATL-ATL,11,89,100,yes
1753293648912,1753293648,KXMLBGAME-25JUL23SFATL-ATL,11,89,20,yes
1753293651033,1753293650,KXMLBGAME-25JUL23LAANYM-NYM,93,7,286,yes
1753293651834,1753293651,KXMLBGAME-25JUL23CINWSH-CIN,86,14,11,yes
1753293652440,1753293651,KXMLBGAME-25JUL23LAANYM-LAA,7,93,87,yes
1753293652514,1753293652,KXMLBGAME-25JUL23CINWSH-CIN,86,14,115,yes
1753293652514,1753293652,KXMLBGAME-25JUL23CINWSH-WSH,14,86,28,no
1753293654413,1753293654,KXMLBGAME-25JUL23DETPIT-PIT,96,4,26,no
1753293654490,1753293654,KXMLBGAME-25JUL23KCCHC-KC,38,62,371,yes
1753293655254,1753293655,KXMLBGAME-25JUL23LAANYM-LAA,7,93,13,no
1753293656425,1753293656,KXMLBGAME-25JUL23CINWSH-CIN,85,15,3000,no
1753293656425,1753293656,KXMLBGAME-25JUL23CINWSH-CIN,85,15,87,no
1753293656425,1753293656,KXMLBGAME-25JUL23CINWSH-CIN,82,18,140,no
1753293658535,1753293658,KXMLBGAME-25JUL23LAANYM-NYM,92,8,157,no
1753293664234,1753293664,KXMLBGAME-25JUL23SDMIA-MIA,91,9,109,yes
1753293667770,1753293667,KXMLBGAME-25JUL23LAANYM-NYM,94,6,100,yes
1753293667770,1753293667,KXMLBGAME-25JUL23LAANYM-NYM,95,5,80,yes
1753293668809,1753293668,KXMLBGAME-25JUL23LAANYM-LAA,8,92,11,yes
1753293670257,1753293670,KXMLBGAME-25JUL23CINWSH-CIN,86,14,159,yes
1753293670257,1753293670,KXMLBGAME-25JUL23CINWSH-CIN,87,13,600,yes
1753293670257,1753293670,KXMLBGAME-25JUL23CINWSH-CIN,87,13,2000,yes
1753293670257,1753293670,KXMLBGAME-25JUL23CINWSH-CIN,87,13,600,yes
1753293670257,1753293670,KXMLBGAME-25JUL23CINWSH-CIN,87,13,2411,yes
1753293673152,1753293673,KXMLBGAME-25JUL23CINWSH-CIN,86,14,300,yes
1753293673152,1753293673,KXMLBGAME-25JUL23CINWSH-CIN,87,13,200,yes
1753293673152,1753293673,KXMLBGAME-25JUL23CINWSH-CIN,87,13,600,yes
1753293673152,1753293673,KXMLBGAME-25JUL23CINWSH-CIN,87,13,711,yes
1753293675256,1753293675,KXMLBGAME-25JUL23LAANYM-LAA,8,92,20,yes
1753293679612,1753293679,KXMLBGAME-25JUL23SDMIA-MIA,91,9,63,yes
1753293679893,1753293679,KXMLBGAME-25JUL23SDMIA-MIA,91,9,10,yes
1753293680293,1753293680,KXMLBGAME-25JUL23BOSPHI-BOS,44,56,21,yes
1753293680413,1753293680,KXMLBGAME-25JUL23KCCHC-CHC,63,37,22,yes
1753293680413,1753293680,KXMLBGAME-25JUL23KCCHC-CHC,63,37,10,yes
1753293680653,1753293680,KXMLBGAME-25JUL23SDMIA-SD,10,90,56,yes
1753293682633,1753293682,KXMLBGAME-25JUL23CINWSH-CIN,86,14,111,yes
1753293683193,1753293683,KXMLBGAME-25JUL23SFATL-SF,89,11,4,no
1753293683361,1753293683,KXMLBGAME-25JUL23SFATL-ATL,11,89,880,yes
1753293684156,1753293684,KXMLBGAME-25JUL23CINWSH-WSH,14,86,14,no
1753293685913,1753293685,KXMLBGAME-25JUL23SDMIA-SD,8,92,100,no
1753293686994,1753293686,KXMLBGAME-25JUL23CINWSH-WSH,14,86,48,no
1753293686994,1753293686,KXMLBGAME-25JUL23CINWSH-WSH,14,86,300,no
1753293686994,1753293686,KXMLBGAME-25JUL23CINWSH-WSH,13,87,441,no
1753293687933,1753293687,KXMLBGAME-25JUL23SFATL-SF,90,10,27,yes
1753293691996,1753293691,KXMLBGAME-25JUL23SDMIA-SD,8,92,13,no
1753293692755,1753293692,KXMLBGAME-25JUL23SDMIA-MIA,89,11,4,no
1753293692976,1753293692,KXMLBGAME-25JUL23SDMIA-SD,10,90,710,yes
1753293692976,1753293692,KXMLBGAME-25JUL23SDMIA-SD,11,89,209,yes
1753293695513,1753293695,KXMLBGAME-25JUL23MILSEA-SEA,54,46,30,yes
1753293697934,1753293697,KXMLBGAME-25JUL23SFATL-ATL,11,89,87,no
1753293697934,1753293697,KXMLBGAME-25JUL23SFATL-ATL,10,90,303,no
1753293699132,1753293699,KXMLBGAME-25JUL23CINWSH-CIN,85,15,518,yes
1753293702152,1753293702,KXMLBGAME-25JUL23LAANYM-LAA,8,92,23,yes
1753293704236,1753293704,KXMLBGAME-25JUL23DETPIT-PIT,97,3,12,yes
1753293705852,1753293705,KXMLBGAME-25JUL23SFATL-SF,89,11,985,no
1753293707272,1753293707,KXMLBGAME-25JUL23LAANYM-LAA,8,92,5,yes
1753293708035,1753293707,KXMLBGAME-25JUL23CINWSH-WSH,16,84,87,yes
1753293708035,1753293707,KXMLBGAME-25JUL23CINWSH-WSH,16,84,60,yes
1753293709932,1753293709,KXMLBGAME-25JUL23SDMIA-SD,11,89,5,yes
1753293713871,1753293713,KXMLBGAME-25JUL23CINWSH-WSH,16,84,30,yes
1753293714480,1753293714,KXMLBGAME-25JUL23SFATL-ATL,11,89,83,no
1753293714480,1753293714,KXMLBGAME-25JUL23SFATL-ATL,11,89,17,no
1753293717637,1753293717,KXMLBGAME-25JUL23CINWSH-CIN,86,14,300,yes
1753293717637,1753293717,KXMLBGAME-25JUL23CINWSH-CIN,87,13,2000,yes
1753293717637,1753293717,KXMLBGAME-25JUL23CINWSH-CIN,87,13,600,yes
1753293717637,1753293717,KXMLBGAME-25JUL23CINWSH-CIN,87,13,3000,yes
1753293717637,1753293717,KXMLBGAME-25JUL23CINWSH-CIN,87,13,59,yes
1753293717692,1753293717,KXMLBGAME-25JUL23CINWSH-WSH,13,87,41,no
1753293717712,1753293717,KXMLBGAME-25JUL23CINWSH-CIN,92,8,41,no
1753293720015,1753293719,KXMLBGAME-25JUL23CINWSH-CIN,89,11,4,no
1753293720015,1753293719,KXMLBGAME-25JUL23CINWSH-WSH,13,87,4,no
1753293722984,1753293722,KXMLBGAME-25JUL23SFATL-SF,89,11,63,yes
1753293722984,1753293722,KXMLBGAME-25JUL23SFATL-SF,89,11,15,yes
1753293723016,1753293722,KXMLBGAME-25JUL23KCCHC-CHC,63,37,38,yes
1753293725129,1753293724,KXMLBGAME-25JUL23LAANYM-LAA,8,92,1,yes
1753293733472,1753293733,KXMLBGAME-25JUL23CINWSH-CIN,96,4,155,yes
1753293733992,1753293733,KXMLBGAME-25JUL23SFATL-SF,89,11,221,yes
1753293737853,1753293737,KXMLBGAME-25JUL23LAANYM-NYM,91,9,16,no
1753293740870,1753293740,KXMLBGAME-25JUL23CINWSH-WSH,7,93,100,no
1753293742020,1753293741,KXMLBGAME-25JUL23MILSEA-MIL,47,53,36,yes
1753293742634,1753293742,KXMLBGAME-25JUL23CINWSH-WSH,6,94,1563,yes
1753293748692,1753293748,KXMLBGAME-25JUL23SDMIA-SD,10,90,18,yes
1753293752053,1753293752,KXMLBGAME-25JUL23CINWSH-WSH,5,95,9,no
1753293755556,1753293755,KXMLBGAME-25JUL23CINWSH-WSH,5,95,91,no
1753293755556,1753293755,KXMLBGAME-25JUL23CINWSH-WSH,5,95,10,no
1753293755556,1753293755,KXMLBGAME-25JUL23CINWSH-WSH,4,96,200,no
1753293755556,1753293755,KXMLBGAME-25JUL23CINWSH-WSH,4,96,209,no
1753293758934,1753293758,KXMLBGAME-25JUL23DETPIT-DET,2,98,87,yes
1753293758935,1753293758,KXMLBGAME-25JUL23DETPIT-DET,3,97,35,yes
1753293759830,1753293759,KXMLBGAME-25JUL23SDMIA-SD,11,89,42,yes
1753293760051,1753293759,KXMLBGAME-25JUL23SDMIA-SD,8,92,250,no
1753293760051,1753293759,KXMLBGAME-25JUL23SDMIA-SD,8,92,160,no
1753293760791,1753293760,KXMLBGAME-25JUL23LAANYM-LAA,6,94,424,no
1753293762552,1753293762,KXMLBGAME-25JUL23CINWSH-WSH,4,96,65,no
1753293762892,1753293762,KXMLBGAME-25JUL23SDMIA-MIA,91,9,50,yes
1753293763514,1753293763,KXMLBGAME-25JUL23CINWSH-WSH,4,96,206,no
1753293765052,1753293764,KXMLBGAME-25JUL23CINWSH-WSH,6,94,31,yes
1753293769231,1753293769,KXMLBGAME-25JUL23CINWSH-CIN,94,6,3,no
1753293769653,1753293769,KXMLBGAME-25JUL23SDMIA-MIA,91,9,9,yes
1753293769653,1753293769,KXMLBGAME-25JUL23SDMIA-MIA,92,8,44,yes
1753293772375,1753293772,KXMLBGAME-25JUL23SDMIA-MIA,92,8,18,yes
1753293774591,1753293774,KXMLBGAME-25JUL23LAANYM-LAA,7,93,70,no
1753293774591,1753293774,KXMLBGAME-25JUL23LAANYM-LAA,6,94,58,no
1753293776672,1753293776,KXMLBGAME-25JUL23DETPIT-PIT,97,3,112,yes
1753293776852,1753293776,KXMLBGAME-25JUL23CINWSH-CIN,95,5,4,yes
1753293785695,1753293785,KXMLBGAME-25JUL23STLCOL-STL,63,37,113,yes
1753293791292,1753293791,KXMLBGAME-25JUL23CINWSH-WSH,4,96,12,no
1753293791439,1753293791,KXMLBGAME-25JUL23CINWSH-WSH,5,95,18,yes
1753293793071,1753293793,KXMLBGAME-25JUL23KCCHC-CHC,63,37,37,yes
1753293793071,1753293793,KXMLBGAME-25JUL23KCCHC-CHC,63,37,233,yes
1753293794431,1753293794,KXMLBGAME-25JUL23SDMIA-SD,11,89,21,yes
1753293794812,1753293794,KXMLBGAME-25JUL23CINWSH-CIN,95,5,89,no
1753293795011,1753293794,KXMLBGAME-25JUL23DETPIT-DET,1,99,35,no
1753293798658,1753293798,KXMLBGAME-25JUL23SDMIA-MIA,90,10,49,yes
1753293798658,1753293798,KXMLBGAME-25JUL23SDMIA-MIA,91,9,224,yes
1753293799032,1753293798,KXMLBGAME-25JUL23BOSPHI-PHI,57,43,34,yes
1753293800913,1753293800,KXMLBGAME-25JUL23CINWSH-CIN,95,5,49,no
1753293802453,1753293802,KXMLBGAME-25JUL23CINWSH-CIN,95,5,350,no
1753293803568,1753293803,KXMLBGAME-25JUL23SDMIA-SD,11,89,203,yes
1753293804772,1753293804,KXMLBGAME-25JUL23KCCHC-CHC,63,37,154,yes
1753293807157,1753293807,KXMLBGAME-25JUL23CINWSH-WSH,4,96,3,no
1753293808591,1753293807,KXMLBGAME-25JUL23SDMIA-SD,12,88,281,yes
1753293809214,1753293808,KXMLBGAME-25JUL23SFATL-ATL,12,88,87,yes
1753293809214,1753293808,KXMLBGAME-25JUL23SFATL-ATL,13,87,93,yes
1753293809733,1753293809,KXMLBGAME-25JUL23SDMIA-SD,12,88,7,yes
1753293810836,1753293810,KXMLBGAME-25JUL23CINWSH-CIN,96,4,45,yes
1753293810836,1753293810,KXMLBGAME-25JUL23CINWSH-CIN,98,2,57,yes
1753293812614,1753293812,KXMLBGAME-25JUL23KCCHC-CHC,63,37,309,yes
1753293812731,1753293812,KXMLBGAME-25JUL23MILSEA-SEA,54,46,35,yes
1753293813514,1753293813,KXMLBGAME-25JUL23SFATL-ATL,12,88,78,yes
1753293816734,1753293816,KXMLBGAME-25JUL23CINWSH-WSH,5,95,85,no
1753293817333,1753293816,KXMLBGAME-25JUL23SDMIA-SD,12,88,40,yes
1753293818812,1753293818,KXMLBGAME-25JUL23CINWSH-CIN,95,5,8,no
1753293818812,1753293818,KXMLBGAME-25JUL23CINWSH-CIN,95,5,23,no
1753293819332,1753293818,KXMLBGAME-25JUL23SDMIA-SD,12,88,8,yes
1753293821218,1753293821,KXMLBGAME-25JUL23KCCHC-CHC,63,37,141,yes
1753293822134,1753293821,KXMLBGAME-25JUL23SDMIA-SD,12,88,5,yes
1753293823073,1753293823,KXMLBGAME-25JUL23SDMIA-MIA,91,9,22,yes
1753293823574,1753293823,KXMLBGAME-25JUL23KCCHC-CHC,63,37,93,yes
1753293825653,1753293825,KXMLBGAME-25JUL23CINWSH-CIN,95,5,31,no
1753293826876,1753293826,KXMLBGAME-25JUL23DETPIT-DET,2,98,46,yes
1753293829233,1753293829,KXMLBGAME-25JUL23BALCLE-CLE,55,45,35,yes
1753293832173,1753293832,KXMLBGAME-25JUL23SFATL-SF,89,11,11,yes
1753293833493,1753293833,KXMLBGAME-25JUL23CINWSH-CIN,97,3,102,yes
1753293834199,1753293834,KXMLBGAME-25JUL23CINWSH-WSH,2,98,15,no
1753293834493,1753293834,KXMLBGAME-25JUL23KCCHC-CHC,63,37,15,yes
1753293835010,1753293834,KXMLBGAME-25JUL23STLCOL-COL,38,62,1,yes
1753293836734,1753293836,KXMLBGAME-25JUL23SDMIA-MIA,90,10,7,yes
1753293837513,1753293837,KXMLBGAME-25JUL23CINWSH-WSH,4,96,92,yes
1753293840315,1753293840,KXMLBGAME-25JUL23KCCHC-CHC,63,37,15,yes
1753293840613,1753293840,KXMLBGAME-25JUL23SDMIA-SD,11,89,162,yes
1753293841072,1753293841,KXMLBGAME-25JUL23KCCHC-CHC,63,37,96,yes
1753293841212,1753293841,KXMLBGAME-25JUL23MILSEA-MIL,47,53,104,yes
1753293841332,1753293841,KXMLBGAME-25JUL23SDMIA-SD,11,89,42,yes
1753293845553,1753293845,KXMLBGAME-25JUL23CINWSH-CIN,95,5,1,no
1753293845553,1753293845,KXMLBGAME-25JUL23CINWSH-CIN,95,5,150,no
1753293846911,1753293846,KXMLBGAME-25JUL23MINLAD-MIN,34,66,57,yes
1753293847561,1753293847,KXMLBGAME-25JUL23SFATL-SF,90,10,55,yes
1753293850153,1753293850,KXMLBGAME-25JUL23LAANYM-NYM,94,6,52,yes
1753293850153,1753293850,KXMLBGAME-25JUL23LAANYM-NYM,94,6,53,yes
1753293852727,1753293852,KXMLBGAME-25JUL23SFATL-SF,90,10,32,yes
1753293852727,1753293852,KXMLBGAME-25JUL23SFATL-SF,90,10,23,yes
1753293852727,1753293852,KXMLBGAME-25JUL23SDMIA-SD,11,89,5,no
1753293853093,1753293853,KXMLBGAME-25JUL23KCCHC-CHC,63,37,7,yes
1753293853162,1753293853,KXMLBGAME-25JUL23NYYTOR-NYY,57,43,2,yes
1753293853392,1753293853,KXMLBGAME-25JUL23LAANYM-LAA,8,92,58,yes
1753293853491,1753293853,KXMLBGAME-25JUL23SFATL-SF,90,10,33,yes
1753293856778,1753293856,KXMLBGAME-25JUL23MILSEA-MIL,47,53,41,yes
1753293857743,1753293857,KXMLBGAME-25JUL23CINWSH-CIN,95,5,524,yes
1753293859791,1753293859,KXMLBGAME-25JUL23KCCHC-CHC,63,37,5000,yes
1753293859791,1753293859,KXMLBGAME-25JUL23CINWSH-CIN,95,5,262,yes
1753293860708,1753293860,KXMLBGAME-25JUL23CINWSH-WSH,4,96,8,no
1753293863534,1753293863,KXMLBGAME-25JUL23KCCHC-CHC,63,37,82,yes
1753293869914,1753293869,KXMLBGAME-25JUL23CINWSH-WSH,4,96,5,no
1753293870772,1753293870,KXMLBGAME-25JUL23SDMIA-MIA,90,10,220,yes
1753293871377,1753293871,KXMLBGAME-25JUL23CINWSH-CIN,95,5,293,yes
1753293873104,1753293873,KXMLBGAME-25JUL23CINWSH-CIN,95,5,5,yes
1753293874844,1753293874,KXMLBGAME-25JUL23CINWSH-CIN,94,6,98,no
1753293874913,1753293874,KXMLBGAME-25JUL23DETPIT-PIT,98,2,19,yes
1753293877097,1753293876,KXMLBGAME-25JUL23MILSEA-MIL,47,53,12,yes
1753293880718,1753293880,KXMLBGAME-25JUL23CINWSH-CIN,95,5,5,yes
1753293882111,1753293881,KXMLBGAME-25JUL23SFATL-ATL,13,87,50,yes
1753293882837,1753293882,KXMLBGAME-25JUL23MILSEA-SEA,54,46,17,yes
1753293889312,1753293889,KXMLBGAME-25JUL23LAANYM-NYM,94,6,20,yes
1753293890716,1753293889,KXMLBGAME-25JUL23CINWSH-CIN,94,6,1083,no
1753293893413,1753293893,KXMLBGAME-25JUL23STLCOL-STL,63,37,1,yes
1753293894411,1753293894,KXMLBGAME-25JUL23SFATL-SF,90,10,5,yes
1753293895317,1753293895,KXMLBGAME-25JUL23CINWSH-CIN,94,6,131,no
1753293896654,1753293896,KXMLBGAME-25JUL23SDMIA-MIA,90,10,13,yes
1753293898413,1753293898,KXMLBGAME-25JUL23STLCOL-STL,63,37,30,yes
1753293899534,1753293899,KXMLBGAME-25JUL23MILSEA-MIL,47,53,20,yes
1753293900595,1753293900,KXMLBGAME-25JUL23DETPIT-PIT,99,1,5,yes
1753293902596,1753293902,KXMLBGAME-25JUL23CINWSH-CIN,94,6,323,no
1753293903005,1753293902,KXMLBGAME-25JUL23SFATL-SF,90,10,220,yes
1753293906179,1753293906,KXMLBGAME-25JUL23SDMIA-MIA,90,10,208,yes
1753293907131,1753293907,KXMLBGAME-25JUL23SDMIA-MIA,90,10,22,yes
1753293909148,1753293909,KXMLBGAME-25JUL23LAANYM-NYM,94,6,20,yes
1753293909614,1753293909,KXMLBGAME-25JUL23CINWSH-CIN,95,5,1743,yes
1753293910191,1753293910,KXMLBGAME-25JUL23SFATL-SF,90,10,1081,yes
1753293910834,1753293910,KXMLBGAME-25JUL23STLCOL-STL,63,37,47,yes
1753293911332,1753293911,KXMLBGAME-25JUL23CINWSH-WSH,6,94,31,yes
1753293915089,1753293915,KXMLBGAME-25JUL23LAANYM-NYM,94,6,2,yes
1753293916572,1753293916,KXMLBGAME-25JUL23SDMIA-SD,12,88,300,yes
1753293916572,1753293916,KXMLBGAME-25JUL23SDMIA-SD,13,87,85,yes
1753293918833,1753293918,KXMLBGAME-25JUL23SDMIA-MIA,90,10,88,yes
1753293919712,1753293919,KXMLBGAME-25JUL23KCCHC-CHC,63,37,688,yes
1753293919830,1753293919,KXMLBGAME-25JUL23KCCHC-KC,37,63,500,no
1753293921792,1753293921,KXMLBGAME-25JUL23KCCHC-KC,37,63,107,yes
1753293922053,1753293922,KXMLBGAME-25JUL23KCCHC-CHC,63,37,69,yes
1753293922172,1753293922,KXMLBGAME-25JUL23CINWSH-CIN,95,5,1258,yes
1753293923752,1753293923,KXMLBGAME-25JUL23CINWSH-CIN,95,5,3,yes
1753293924510,1753293924,KXMLBGAME-25JUL23HOUARI-ARI,56,44,34,yes
1753293925912,1753293925,KXMLBGAME-25JUL23SFATL-SF,88,12,91,no
1753293928013,1753293927,KXMLBGAME-25JUL23NYYTOR-NYY,57,43,9,yes
1753293928013,1753293927,KXMLBGAME-25JUL23NYYTOR-NYY,57,43,6,yes
1753293928832,1753293928,KXMLBGAME-25JUL23SFATL-SF,90,10,2,yes
1753293931873,1753293931,KXMLBGAME-25JUL23SFATL-SF,90,10,5,yes
1753293932731,1753293932,KXMLBGAME-25JUL23KCCHC-KC,37,63,80,yes
1753293932731,1753293932,KXMLBGAME-25JUL23KCCHC-KC,37,63,2313,yes
1753293933011,1753293932,KXMLBGAME-25JUL23DETPIT-PIT,99,1,13,yes
1753293934851,1753293934,KXMLBGAME-25JUL23SFATL-ATL,12,88,219,yes
1753293940015,1753293939,KXMLBGAME-25JUL23SFATL-SF,90,10,55,yes
1753293941153,1753293941,KXMLBGAME-25JUL23KCCHC-CHC,63,37,7,yes
1753293941836,1753293941,KXMLBGAME-25JUL23ATHTEX-ATH,45,55,42,yes
1753293942942,1753293942,KXMLBGAME-25JUL23KCCHC-KC,38,62,1003,yes
1753293943193,1753293943,KXMLBGAME-25JUL23SDMIA-SD,12,88,62,yes
1753293943715,1753293943,KXMLBGAME-25JUL23KCCHC-KC,38,62,997,yes
1753293943715,1753293943,KXMLBGAME-25JUL23KCCHC-KC,38,62,87,yes
1753293943715,1753293943,KXMLBGAME-25JUL23KCCHC-KC,38,62,1416,yes
1753293945513,1753293945,KXMLBGAME-25JUL23CINWSH-WSH,4,96,3,no
1753293946815,1753293946,KXMLBGAME-25JUL23KCCHC-KC,38,62,504,yes
1753293953899,1753293953,KXMLBGAME-25JUL23KCCHC-KC,38,62,2,yes
1753293954533,1753293954,KXMLBGAME-25JUL23SDMIA-SD,12,88,102,yes
1753293954534,1753293954,KXMLBGAME-25JUL23MINLAD-LAD,67,33,47,yes
1753293954931,1753293954,KXMLBGAME-25JUL23CINWSH-CIN,95,5,56,yes
1753293956632,1753293956,KXMLBGAME-25JUL23CINWSH-CIN,95,5,74,yes
1753293961837,1753293961,KXMLBGAME-25JUL23SDMIA-SD,12,88,43,yes
1753293962213,1753293962,KXMLBGAME-25JUL23SDMIA-SD,9,91,16,no
1753293967512,1753293966,KXMLBGAME-25JUL23SFATL-SF,90,10,438,yes
1753293967512,1753293966,KXMLBGAME-25JUL23SFATL-SF,91,9,66,yes
1753293967512,1753293966,KXMLBGAME-25JUL23SFATL-SF,91,9,4333,yes
1753293967512,1753293966,KXMLBGAME-25JUL23SFATL-SF,91,9,200,yes
1753293967512,1753293966,KXMLBGAME-25JUL23SFATL-SF,91,9,186,yes
1753293967750,1753293967,KXMLBGAME-25JUL23CINWSH-CIN,94,6,125,no
1753293968433,1753293968,KXMLBGAME-25JUL23LAANYM-NYM,94,6,4,yes
1753293969276,1753293969,KXMLBGAME-25JUL23KCCHC-CHC,63,37,309,yes
1753293970332,1753293970,KXMLBGAME-25JUL23SDMIA-SD,12,88,78,yes
1753293971992,1753293971,KXMLBGAME-25JUL23CINWSH-CIN,94,6,52,no
1753293974534,1753293974,KXMLBGAME-25JUL23SFATL-SF,90,10,5,no
1753293974534,1753293974,KXMLBGAME-25JUL23SFATL-SF,88,12,8,no
1753293978851,1753293978,KXMLBGAME-25JUL23HOUARI-HOU,45,55,53,yes
1753293983831,1753293983,KXMLBGAME-25JUL23BOSPHI-PHI,57,43,68,yes
1753293984973,1753293984,KXMLBGAME-25JUL23LAANYM-NYM,93,7,2,no
1753293986132,1753293986,KXMLBGAME-25JUL23KCCHC-CHC,63,37,309,yes
1753293986813,1753293986,KXMLBGAME-25JUL23KCCHC-CHC,63,37,152,yes
1753293988174,1753293988,KXMLBGAME-25JUL23CINWSH-CIN,94,6,1,no
1753293989311,1753293989,KXMLBGAME-25JUL23CINWSH-CIN,94,6,36,no
1753293989311,1753293989,KXMLBGAME-25JUL23CINWSH-CIN,94,6,2000,no
1753293989311,1753293989,KXMLBGAME-25JUL23CINWSH-CIN,93,7,87,no
1753293989312,1753293989,KXMLBGAME-25JUL23CINWSH-CIN,93,7,300,no
1753293989312,1753293989,KXMLBGAME-25JUL23CINWSH-CIN,93,7,1363,no
1753293991552,1753293991,KXMLBGAME-25JUL23LAANYM-LAA,6,94,215,no
1753293992873,1753293992,KXMLBGAME-25JUL23SDMIA-SD,10,90,86,no
1753293995677,1753293995,KXMLBGAME-25JUL23SFATL-ATL,7,93,16,no
1753293998210,1753293998,KXMLBGAME-25JUL23CINWSH-WSH,4,96,102,no
1753293998531,1753293998,KXMLBGAME-25JUL23MILSEA-SEA,54,46,35,yes
1753294001451,1753294001,KXMLBGAME-25JUL23CINWSH-CIN,95,5,5,yes
1753294002453,1753294002,KXMLBGAME-25JUL23SDMIA-SD,11,89,3,yes
1753294002453,1753294002,KXMLBGAME-25JUL23SDMIA-SD,12,88,15,yes
1753294002453,1753294002,KXMLBGAME-25JUL23SDMIA-SD,12,88,5,yes
1753294003053,1753294003,KXMLBGAME-25JUL23CINWSH-WSH,37,63,5,yes
1753294004191,1753294004,KXMLBGAME-25JUL23KCCHC-KC,38,62,126,yes
1753294009414,1753294009,KXMLBGAME-25JUL23CINWSH-CIN,94,6,109,yes
1753294010791,1753294010,KXMLBGAME-25JUL23CINWSH-CIN,94,6,386,yes
1753294011833,1753294011,KXMLBGAME-25JUL23CINWSH-CIN,96,4,150,yes
1753294011833,1753294011,KXMLBGAME-25JUL23CINWSH-CIN,96,4,343,yes
1753294011833,1753294011,KXMLBGAME-25JUL23CINWSH-WSH,4,96,456,no
1753294012672,1753294012,KXMLBGAME-25JUL23CINWSH-WSH,4,96,465,no
1753294012672,1753294012,KXMLBGAME-25JUL23CINWSH-CIN,96,4,466,yes
1753294013594,1753294013,KXMLBGAME-25JUL23CINWSH-CIN,96,4,490,yes
1753294013594,1753294013,KXMLBGAME-25JUL23CINWSH-WSH,4,96,439,no
1753294014452,1753294014,KXMLBGAME-25JUL23CINWSH-WSH,4,96,416,no
1753294014452,1753294014,KXMLBGAME-25JUL23CINWSH-CIN,96,4,225,yes
1753294014992,1753294014,KXMLBGAME-25JUL23KCCHC-CHC,63,37,1160,yes
1753294015294,1753294015,KXMLBGAME-25JUL23CINWSH-WSH,4,96,475,no
1753294016175,1753294016,KXMLBGAME-25JUL23CINWSH-WSH,4,96,249,no
1753294017793,1753294017,KXMLBGAME-25JUL23CINWSH-WSH,5,95,87,yes
1753294017793,1753294017,KXMLBGAME-25JUL23CINWSH-WSH,5,95,44,yes
1753294019772,1753294019,KXMLBGAME-25JUL23MILSEA-MIL,47,53,4,yes
1753294023573,1753294023,KXMLBGAME-25JUL23SFATL-ATL,7,93,80,no
1753294023573,1753294023,KXMLBGAME-25JUL23SFATL-ATL,5,95,100,no
1753294023573,1753294023,KXMLBGAME-25JUL23SFATL-ATL,5,95,10,no
1753294025133,1753294025,KXMLBGAME-25JUL23SFATL-ATL,4,96,148,no
1753294027533,1753294027,KXMLBGAME-25JUL23SFATL-ATL,4,96,52,no
1753294027533,1753294027,KXMLBGAME-25JUL23SFATL-ATL,2,98,300,no
1753294027533,1753294027,KXMLBGAME-25JUL23SFATL-ATL,2,98,97,no
1753294028812,1753294028,KXMLBGAME-25JUL23SFATL-SF,95,5,221,no
1753294029509,1753294029,KXMLBGAME-25JUL23SFATL-SF,96,4,155,yes
1753294031473,1753294031,KXMLBGAME-25JUL23SDMIA-MIA,90,10,55,yes
1753294033871,1753294033,KXMLBGAME-25JUL23NYYTOR-NYY,57,43,15,yes
1753294033871,1753294033,KXMLBGAME-25JUL23NYYTOR-NYY,57,43,20,yes
1753294036752,1753294036,KXMLBGAME-25JUL23HOUARI-HOU,45,55,8,yes
1753294036973,1753294036,KXMLBGAME-25JUL23CINWSH-CIN,97,3,2,yes
1753294042412,1753294042,KXMLBGAME-25JUL23SFATL-SF,96,4,45,yes
1753294042412,1753294042,KXMLBGAME-25JUL23SFATL-SF,96,4,30,yes
1753294042412,1753294042,KXMLBGAME-25JUL23SFATL-SF,98,2,140,yes
1753294044473,1753294044,KXMLBGAME-25JUL23HOUARI-HOU,45,55,444,yes
1753294046511,1753294046,KXMLBGAME-25JUL23DETPIT-DET,2,98,273,no
1753294046833,1753294046,KXMLBGAME-25JUL23SFATL-SF,98,2,101,yes
1753294049636,1753294049,KXMLBGAME-25JUL23SDMIA-MIA,90,10,30,yes
1753294049636,1753294049,KXMLBGAME-25JUL23SDMIA-MIA,90,10,33,yes
1753294049636,1753294049,KXMLBGAME-25JUL23SDMIA-MIA,90,10,47,yes
1753294052112,1753294051,KXMLBGAME-25JUL23LAANYM-NYM,92,8,98,no
1753294055038,1753294054,KXMLBGAME-25JUL23ATHTEX-TEX,56,44,31,yes
1753294057933,1753294057,KXMLBGAME-25JUL23CINWSH-CIN,95,5,40,no
1753294059931,1753294059,KXMLBGAME-25JUL23SFATL-SF,97,3,87,no
1753294059931,1753294059,KXMLBGAME-25JUL23SFATL-SF,96,4,122,no
1753294072873,1753294072,KXMLBGAME-25JUL23CINWSH-CIN,95,5,10,no
1753294073814,1753294073,KXMLBGAME-25JUL23LAANYM-LAA,6,94,1,no
1753294076393,1753294076,KXMLBGAME-25JUL23SDMIA-MIA,89,11,1,no
1753294076393,1753294076,KXMLBGAME-25JUL23SDMIA-MIA,89,11,3,no
1753294076393,1753294076,KXMLBGAME-25JUL23SDMIA-MIA,88,12,41,no
1753294082510,1753294082,KXMLBGAME-25JUL23LAANYM-NYM,94,6,105,yes
1753294082571,1753294082,KXMLBGAME-25JUL23STLCOL-STL,63,37,1547,yes
1753294090275,1753294090,KXMLBGAME-25JUL23MINLAD-LAD,67,33,72,yes
1753294096253,1753294096,KXMLBGAME-25JUL23CINWSH-CIN,97,3,1,yes
1753294096814,1753294096,KXMLBGAME-25JUL23KCCHC-KC,38,62,25,yes
1753294098291,1753294098,KXMLBGAME-25JUL23CINWSH-CIN,95,5,120,no
1753294100414,1753294100,KXMLBGAME-25JUL23SFATL-SF,97,3,27,no
1753294100515,1753294100,KXMLBGAME-25JUL23SDMIA-SD,12,88,1000,yes
1753294100612,1753294100,KXMLBGAME-25JUL23SDMIA-MIA,90,10,1,yes
1753294100612,1753294100,KXMLBGAME-25JUL23SDMIA-MIA,91,9,190,yes
1753294102473,1753294102,KXMLBGAME-25JUL23SDMIA-SD,12,88,78,yes
1753294104792,1753294104,KXMLBGAME-25JUL23SDMIA-MIA,88,12,78,yes
1753294105782,1753294105,KXMLBGAME-25JUL23CINWSH-CIN,97,3,75,yes
1753294105782,1753294105,KXMLBGAME-25JUL23CINWSH-CIN,97,3,2,yes
1753294105782,1753294105,KXMLBGAME-25JUL23CINWSH-CIN,98,2,18,yes
1753294106134,1753294106,KXMLBGAME-25JUL23SFATL-ATL,2,98,159,no
1753294107053,1753294107,KXMLBGAME-25JUL23CINWSH-WSH,4,96,34,no
1753294107734,1753294107,KXMLBGAME-25JUL23SDMIA-MIA,88,12,24,yes
1753294107995,1753294107,KXMLBGAME-25JUL23CINWSH-WSH,4,96,442,no
1753294108524,1753294108,KXMLBGAME-25JUL23SFATL-ATL,2,98,11,no
1753294112292,1753294112,KXMLBGAME-25JUL23CINWSH-WSH,4,96,24,no
1753294112716,1753294112,KXMLBGAME-25JUL23CWSTB-TB,66,34,73,yes
1753294124653,1753294124,KXMLBGAME-25JUL23CINWSH-WSH,3,97,7,no
1753294125971,1753294125,KXMLBGAME-25JUL23SDMIA-SD,12,88,8,no
1753294128054,1753294128,KXMLBGAME-25JUL23CINWSH-CIN,95,5,121,no
1753294129174,1753294129,KXMLBGAME-25JUL23SFATL-ATL,2,98,33,no
1753294129174,1753294129,KXMLBGAME-25JUL23SFATL-ATL,1,99,48,no
1753294132973,1753294132,KXMLBGAME-25JUL23CINWSH-WSH,8,92,11,yes
1753294137297,1753294137,KXMLBGAME-25JUL23LAANYM-LAA,8,92,234,yes
1753294141414,1753294141,KXMLBGAME-25JUL23SDMIA-SD,14,86,38,yes
1753294144833,1753294144,KXMLBGAME-25JUL23SDMIA-MIA,88,12,25,yes
1753294149753,1753294149,KXMLBGAME-25JUL23SFATL-SF,97,3,20,no
1753294149972,1753294149,KXMLBGAME-25JUL23CINWSH-CIN,95,5,19,yes
1753294150792,1753294150,KXMLBGAME-25JUL23SDMIA-SD,13,87,300,yes
1753294150792,1753294150,KXMLBGAME-25JUL23SDMIA-SD,13,87,100,yes
1753294152862,1753294152,KXMLBGAME-25JUL23LAANYM-NYM,94,6,27,yes
1753294154672,1753294154,KXMLBGAME-25JUL23SDMIA-MIA,89,11,18,yes
1753294159052,1753294159,KXMLBGAME-25JUL23SDMIA-MIA,89,11,1,yes
1753294159052,1753294159,KXMLBGAME-25JUL23SDMIA-MIA,89,11,13,yes
1753294159052,1753294159,KXMLBGAME-25JUL23SDMIA-MIA,90,10,51,yes
1753294161204,1753294161,KXMLBGAME-25JUL23KCCHC-CHC,63,37,15,yes
1753294162412,1753294162,KXMLBGAME-25JUL23SDMIA-MIA,89,11,11,yes
1753294162412,1753294162,KXMLBGAME-25JUL23SDMIA-MIA,90,10,44,yes
1753294165493,1753294165,KXMLBGAME-25JUL23MILSEA-MIL,47,53,39,yes
1753294168814,1753294168,KXMLBGAME-25JUL23SFATL-SF,98,2,59,yes
1753294168814,1753294168,KXMLBGAME-25JUL23SFATL-SF,98,2,18,yes
1753294168814,1753294168,KXMLBGAME-25JUL23SFATL-SF,98,2,228,yes
1753294169692,1753294169,KXMLBGAME-25JUL23HOUARI-HOU,45,55,2,yes
1753294171393,1753294171,KXMLBGAME-25JUL23CINWSH-CIN,94,6,50,no
1753294171510,1753294171,KXMLBGAME-25JUL23SDMIA-SD,12,88,7,yes
1753294172515,1753294172,KXMLBGAME-25JUL23KCCHC-KC,38,62,52,yes
1753294174612,1753294174,KXMLBGAME-25JUL23HOUARI-HOU,45,55,8,yes
1753294177171,1753294177,KXMLBGAME-25JUL23DETPIT-PIT,99,1,927,yes
1753294177172,1753294177,KXMLBGAME-25JUL23DETPIT-PIT,99,1,82,yes
1753294182173,1753294182,KXMLBGAME-25JUL23KCCHC-KC,38,62,126,yes
1753294183731,1753294183,KXMLBGAME-25JUL23SFATL-SF,97,3,24,no
1753294184915,1753294184,KXMLBGAME-25JUL23CINWSH-CIN,94,6,48,no
1753294190333,1753294190,KXMLBGAME-25JUL23STLCOL-COL,38,62,31,yes
1753294190333,1753294190,KXMLBGAME-25JUL23STLCOL-COL,38,62,7,yes
1753294190333,1753294190,KXMLBGAME-25JUL23STLCOL-COL,38,62,88,yes
1753294190433,1753294190,KXMLBGAME-25JUL23LAANYM-LAA,8,92,117,yes
1753294193550,1753294193,KXMLBGAME-25JUL23CINWSH-WSH,8,92,58,yes
1753294193691,1753294193,KXMLBGAME-25JUL23CINWSH-WSH,8,92,58,yes
1753294193913,1753294193,KXMLBGAME-25JUL23CINWSH-CIN,95,5,281,yes
1753294193913,1753294193,KXMLBGAME-25JUL23CINWSH-CIN,95,5,56,yes
1753294193914,1753294193,KXMLBGAME-25JUL23CINWSH-CIN,95,5,11,yes
1753294193914,1753294193,KXMLBGAME-25JUL23CINWSH-CIN,98,2,69,yes
1753294195153,1753294195,KXMLBGAME-25JUL23SDMIA-MIA,89,11,8,yes
1753294195153,1753294195,KXMLBGAME-25JUL23SDMIA-MIA,90,10,19,yes
1753294197434,1753294197,KXMLBGAME-25JUL23NYYTOR-NYY,57,43,4,yes
1753294197912,1753294197,KXMLBGAME-25JUL23SDMIA-MIA,89,11,6,yes
1753294197912,1753294197,KXMLBGAME-25JUL23SDMIA-MIA,90,10,537,yes
1753294197912,1753294197,KXMLBGAME-25JUL23SDMIA-MIA,90,10,500,yes
1753294197912,1753294197,KXMLBGAME-25JUL23SDMIA-MIA,90,10,1384,yes
1753294198513,1753294198,KXMLBGAME-25JUL23CINWSH-WSH,4,96,30,no
1753294198572,1753294198,KXMLBGAME-25JUL23HOUARI-HOU,45,55,1,yes
1753294200313,1753294200,KXMLBGAME-25JUL23STLCOL-COL,38,62,64,yes
1753294200313,1753294200,KXMLBGAME-25JUL23STLCOL-COL,38,62,19,yes
1753294200772,1753294200,KXMLBGAME-25JUL23KCCHC-KC,38,62,25,yes
1753294202833,1753294202,KXMLBGAME-25JUL23MINLAD-MIN,34,66,140,yes
1753294209791,1753294209,KXMLBGAME-25JUL23KCCHC-KC,38,62,2500,yes
1753294211055,1753294210,KXMLBGAME-25JUL23SDMIA-MIA,89,11,4,yes
1753294211055,1753294210,KXMLBGAME-25JUL23SDMIA-MIA,90,10,327,yes
1753294215073,1753294215,KXMLBGAME-25JUL23KCCHC-CHC,63,37,51,yes
1753294218413,1753294218,KXMLBGAME-25JUL23SDMIA-SD,12,88,293,yes
1753294218413,1753294218,KXMLBGAME-25JUL23SDMIA-SD,12,88,276,yes
1753294218512,1753294218,KXMLBGAME-25JUL23LAANYM-NYM,94,6,232,yes
1753294220352,1753294220,KXMLBGAME-25JUL23KCCHC-KC,38,62,87,yes
1753294220352,1753294220,KXMLBGAME-25JUL23KCCHC-KC,38,62,2413,yes
1753294225072,1753294225,KXMLBGAME-25JUL23CINWSH-CIN,95,5,56,yes
1753294229432,1753294229,KXMLBGAME-25JUL23KCCHC-KC,38,62,2095,yes
1753294232033,1753294231,KXMLBGAME-25JUL23SDMIA-MIA,89,11,3,yes
1753294232033,1753294231,KXMLBGAME-25JUL23SDMIA-MIA,90,10,2,yes
1753294232033,1753294231,KXMLBGAME-25JUL23SDMIA-MIA,90,10,47,yes
1753294235037,1753294234,KXMLBGAME-25JUL23BOSPHI-BOS,44,56,77,yes
1753294236133,1753294236,KXMLBGAME-25JUL23SDMIA-MIA,89,11,3,yes
1753294236133,1753294236,KXMLBGAME-25JUL23SDMIA-MIA,90,10,272,yes
1753294236445,1753294236,KXMLBGAME-25JUL23SFATL-ATL,3,97,1,yes
1753294236446,1753294236,KXMLBGAME-25JUL23SFATL-ATL,2,98,11,no
1753294238312,1753294238,KXMLBGAME-25JUL23CINWSH-CIN,94,6,2,no
1753294238312,1753294238,KXMLBGAME-25JUL23CINWSH-CIN,92,8,41,no
1753294240717,1753294239,KXMLBGAME-25JUL23LAANYM-NYM,94,6,87,no
1753294240717,1753294239,KXMLBGAME-25JUL23LAANYM-NYM,94,6,290,no
1753294241018,1753294240,KXMLBGAME-25JUL23KCCHC-CHC,63,37,77,yes
1753294241832,1753294241,KXMLBGAME-25JUL23KCCHC-KC,38,62,2,yes
1753294242735,1753294242,KXMLBGAME-25JUL23SDMIA-MIA,89,11,2,yes
1753294245633,1753294245,KXMLBGAME-25JUL23SDMIA-MIA,89,11,1,yes
1753294245633,1753294245,KXMLBGAME-25JUL23SDMIA-MIA,90,10,109,yes
1753294246712,1753294246,KXMLBGAME-25JUL23CINWSH-WSH,4,96,14,no
1753294251873,1753294251,KXMLBGAME-25JUL23SFATL-ATL,2,98,164,no
1753294252206,1753294252,KXMLBGAME-25JUL23MILSEA-MIL,47,53,43,yes
1753294252514,1753294252,KXMLBGAME-25JUL23SFATL-SF,97,3,49,no
1753294255272,1753294255,KXMLBGAME-25JUL23SDMIA-MIA,88,12,1,no
1753294255272,1753294255,KXMLBGAME-25JUL23SDMIA-MIA,87,13,35,no
1753294255272,1753294255,KXMLBGAME-25JUL23SDMIA-MIA,87,13,1,no
1753294255292,1753294255,KXMLBGAME-25JUL23SDMIA-SD,13,87,7,yes
1753294255814,1753294255,KXMLBGAME-25JUL23CINWSH-WSH,4,96,31,no
1753294255814,1753294255,KXMLBGAME-25JUL23CINWSH-WSH,3,97,10,no
1753294257133,1753294257,KXMLBGAME-25JUL23SDMIA-MIA,86,14,30,no
1753294258233,1753294258,KXMLBGAME-25JUL23SDMIA-SD,20,80,44,yes
1753294258811,1753294258,KXMLBGAME-25JUL23ATHTEX-TEX,56,44,9,yes
1753294261592,1753294261,KXMLBGAME-25JUL23CINWSH-CIN,96,4,24,yes
1753294261592,1753294261,KXMLBGAME-25JUL23CINWSH-CIN,97,3,90,yes
1753294262740,1753294262,KXMLBGAME-25JUL23LAANYM-LAA,6,94,50,yes
1753294263996,1753294263,KXMLBGAME-25JUL23STLCOL-STL,63,37,15,yes
1753294266313,1753294266,KXMLBGAME-25JUL23SDMIA-SD,21,79,1,no
1753294266334,1753294266,KXMLBGAME-25JUL23SDMIA-SD,21,79,38,yes
1753294267353,1753294267,KXMLBGAME-25JUL23HOUARI-HOU,45,55,64,yes
1753294271315,1753294271,KXMLBGAME-25JUL23SDMIA-SD,21,79,1,no
1753294271315,1753294271,KXMLBGAME-25JUL23SDMIA-SD,20,80,114,no
1753294275772,1753294275,KXMLBGAME-25JUL23SDMIA-MIA,79,21,1,yes
1753294275772,1753294275,KXMLBGAME-25JUL23SDMIA-MIA,80,20,11,yes
1753294277814,1753294277,KXMLBGAME-25JUL23SDMIA-MIA,80,20,92,yes
1753294279172,1753294279,KXMLBGAME-25JUL23SDMIA-MIA,80,20,397,yes
1753294279172,1753294279,KXMLBGAME-25JUL23SDMIA-MIA,81,19,200,yes
1753294279172,1753294279,KXMLBGAME-25JUL23SDMIA-MIA,81,19,33,yes
1753294280935,1753294280,KXMLBGAME-25JUL23LAANYM-NYM,95,5,4,yes
1753294280935,1753294280,KXMLBGAME-25JUL23LAANYM-NYM,96,4,111,yes
1753294285802,1753294285,KXMLBGAME-25JUL23CINWSH-CIN,97,3,100,yes
1753294287333,1753294287,KXMLBGAME-25JUL23SDMIA-MIA,81,19,119,yes
1753294291453,1753294291,KXMLBGAME-25JUL23KCCHC-CHC,63,37,100,yes
1753294292511,1753294292,KXMLBGAME-25JUL23SDMIA-SD,21,79,41,yes
1753294292872,1753294292,KXMLBGAME-25JUL23SDMIA-MIA,81,19,32,yes
1753294300392,1753294300,KXMLBGAME-25JUL23NYYTOR-TOR,45,55,215,yes
1753294300472,1753294300,KXMLBGAME-25JUL23SDMIA-MIA,79,21,124,yes
1753294302153,1753294302,KXMLBGAME-25JUL23CINWSH-WSH,3,97,590,no
1753294302153,1753294302,KXMLBGAME-25JUL23CINWSH-WSH,3,97,261,no
1753294303454,1753294303,KXMLBGAME-25JUL23KCCHC-KC,38,62,69,yes
1753294304612,1753294304,KXMLBGAME-25JUL23BOSPHI-BOS,43,57,55,no
1753294304973,1753294304,KXMLBGAME-25JUL23SDMIA-SD,20,80,11,no
1753294310712,1753294310,KXMLBGAME-25JUL23SDMIA-SD,22,78,6,yes
1753294311070,1753294311,KXMLBGAME-25JUL23SFATL-SF,98,2,105,yes
1753294311851,1753294311,KXMLBGAME-25JUL23SDMIA-SD,22,78,43,yes
1753294312832,1753294312,KXMLBGAME-25JUL23SDMIA-MIA,79,21,11,yes
1753294315233,1753294315,KXMLBGAME-25JUL23MILSEA-MIL,47,53,41,yes
1753294316735,1753294316,KXMLBGAME-25JUL23KCCHC-CHC,63,37,12,yes
1753294321101,1753294320,KXMLBGAME-25JUL23SDMIA-MIA,79,21,125,yes
1753294322332,1753294322,KXMLBGAME-25JUL23SDMIA-MIA,79,21,29,yes
1753294323353,1753294323,KXMLBGAME-25JUL23CINWSH-CIN,95,5,262,yes
1753294324311,1753294324,KXMLBGAME-25JUL23SDMIA-MIA,79,21,27,yes
1753294324332,1753294324,KXMLBGAME-25JUL23SDMIA-MIA,79,21,148,yes
1753294327115,1753294327,KXMLBGAME-25JUL23MINLAD-LAD,67,33,20,yes
1753294332252,1753294332,KXMLBGAME-25JUL23CINWSH-CIN,97,3,5,yes
1753294332576,1753294332,KXMLBGAME-25JUL23CINWSH-CIN,94,6,26,no
1753294335772,1753294335,KXMLBGAME-25JUL23ATHTEX-TEX,56,44,17,yes
1753294337695,1753294337,KXMLBGAME-25JUL23SDMIA-SD,20,80,47,yes
1753294339960,1753294339,KXMLBGAME-25JUL23SDMIA-SD,20,80,40,yes
1753294339960,1753294339,KXMLBGAME-25JUL23SDMIA-SD,20,80,8,yes
1753294340665,1753294340,KXMLBGAME-25JUL23LAANYM-NYM,94,6,1512,no
1753294342773,1753294342,KXMLBGAME-25JUL23CINWSH-CIN,94,6,86,no
1753294345933,1753294345,KXMLBGAME-25JUL23CINWSH-WSH,6,94,78,yes
1753294346572,1753294346,KXMLBGAME-25JUL23SDMIA-MIA,81,19,6,yes
1753294347817,1753294347,KXMLBGAME-25JUL23SDMIA-MIA,81,19,6,yes
1753294353892,1753294353,KXMLBGAME-25JUL23KCCHC-CHC,63,37,3,yes
1753294354571,1753294354,KXMLBGAME-25JUL23DETPIT-DET,2,98,727,no
1753294354571,1753294354,KXMLBGAME-25JUL23DETPIT-DET,2,98,1000,no
1753294355834,1753294355,KXMLBGAME-25JUL23CINWSH-WSH,7,93,300,yes
1753294355834,1753294355,KXMLBGAME-25JUL23CINWSH-WSH,8,92,324,yes
1753294356572,1753294356,KXMLBGAME-25JUL23SDMIA-MIA,81,19,2,yes
1753294356615,1753294356,KXMLBGAME-25JUL23LAANYM-NYM,94,6,20,no
1753294357051,1753294356,KXMLBGAME-25JUL23LAANYM-LAA,6,94,78,yes
1753294357556,1753294357,KXMLBGAME-25JUL23SDMIA-MIA,81,19,37,yes
1753294357952,1753294357,KXMLBGAME-25JUL23SDMIA-MIA,81,19,14,yes
1753294362067,1753294361,KXMLBGAME-25JUL23SDMIA-MIA,81,19,11,yes
1753294362113,1753294362,KXMLBGAME-25JUL23CINWSH-WSH,4,96,68,no
1753294362575,1753294362,KXMLBGAME-25JUL23SDMIA-MIA,81,19,436,yes
1753294362575,1753294362,KXMLBGAME-25JUL23SDMIA-MIA,82,18,600,yes
1753294362575,1753294362,KXMLBGAME-25JUL23SDMIA-MIA,82,18,500,yes
1753294362575,1753294362,KXMLBGAME-25JUL23SDMIA-MIA,82,18,275,yes
1753294364195,1753294364,KXMLBGAME-25JUL23KCCHC-CHC,63,37,37,yes
1753294366694,1753294366,KXMLBGAME-25JUL23KCCHC-CHC,63,37,32,yes
1753294372392,1753294372,KXMLBGAME-25JUL23MINLAD-LAD,67,33,43,yes
1753294372654,1753294372,KXMLBGAME-25JUL23SDMIA-SD,20,80,1,yes
1753294372654,1753294372,KXMLBGAME-25JUL23SDMIA-SD,20,80,87,yes
1753294372654,1753294372,KXMLBGAME-25JUL23SDMIA-SD,20,80,141,yes
1753294374092,1753294374,KXMLBGAME-25JUL23MILSEA-MIL,47,53,820,yes
1753294374495,1753294374,KXMLBGAME-25JUL23DETPIT-PIT,99,1,5,yes
1753294378377,1753294378,KXMLBGAME-25JUL23CINWSH-WSH,2,98,71,no
1753294378394,1753294378,KXMLBGAME-25JUL23SDMIA-SD,20,80,2,yes
1753294379752,1753294379,KXMLBGAME-25JUL23SDMIA-MIA,81,19,9,yes
1753294379973,1753294379,KXMLBGAME-25JUL23SDMIA-MIA,80,20,87,no
1753294379973,1753294379,KXMLBGAME-25JUL23SDMIA-SD,20,80,85,yes
1753294379973,1753294379,KXMLBGAME-25JUL23SDMIA-SD,20,80,2,yes
1753294380012,1753294379,KXMLBGAME-25JUL23SFATL-SF,97,3,1297,no
1753294382272,1753294382,KXMLBGAME-25JUL23SFATL-SF,97,3,22,no
1753294389215,1753294389,KXMLBGAME-25JUL23SFATL-ATL,3,97,1500,yes
1753294389215,1753294389,KXMLBGAME-25JUL23SFATL-ATL,3,97,72,yes
1753294389215,1753294389,KXMLBGAME-25JUL23SFATL-ATL,4,96,300,yes
1753294389215,1753294389,KXMLBGAME-25JUL23SFATL-ATL,5,95,200,yes
1753294389215,1753294389,KXMLBGAME-25JUL23SFATL-ATL,32,68,58,yes
1753294389215,1753294389,KXMLBGAME-25JUL23SFATL-ATL,33,67,19,yes
1753294389453,1753294389,KXMLBGAME-25JUL23NYYTOR-NYY,57,43,8,yes
1753294389453,1753294389,KXMLBGAME-25JUL23NYYTOR-NYY,57,43,2,yes
1753294389453,1753294389,KXMLBGAME-25JUL23NYYTOR-NYY,57,43,24,yes
1753294394932,1753294394,KXMLBGAME-25JUL23CINWSH-WSH,4,96,2,yes
1753294395833,1753294395,KXMLBGAME-25JUL23SFATL-SF,99,1,10,yes
1753294396632,1753294396,KXMLBGAME-25JUL23SDMIA-SD,21,79,86,yes
1753294396632,1753294396,KXMLBGAME-25JUL23SDMIA-SD,21,79,285,yes
1753294396632,1753294396,KXMLBGAME-25JUL23SDMIA-SD,22,78,723,yes
1753294402711,1753294402,KXMLBGAME-25JUL23SDMIA-MIA,80,20,451,yes
1753294403234,1753294403,KXMLBGAME-25JUL23MILSEA-MIL,47,53,1,yes
1753294405130,1753294404,KXMLBGAME-25JUL23LAANYM-LAA,6,94,20,yes
1753294405130,1753294404,KXMLBGAME-25JUL23LAANYM-LAA,7,93,300,yes
1753294405130,1753294404,KXMLBGAME-25JUL23LAANYM-LAA,7,93,300,yes
1753294405130,1753294404,KXMLBGAME-25JUL23LAANYM-LAA,7,93,200,yes
1753294405130,1753294404,KXMLBGAME-25JUL23LAANYM-LAA,7,93,87,yes
1753294405130,1753294404,KXMLBGAME-25JUL23LAANYM-LAA,7,93,267,yes
1753294408412,1753294408,KXMLBGAME-25JUL23SDMIA-SD,21,79,50,yes
1753294408968,1753294408,KXMLBGAME-25JUL23CINWSH-CIN,96,4,87,no
1753294408968,1753294408,KXMLBGAME-25JUL23CINWSH-CIN,95,5,300,no
1753294408968,1753294408,KXMLBGAME-25JUL23CINWSH-CIN,95,5,1894,no
1753294412072,1753294412,KXMLBGAME-25JUL23SDMIA-MIA,80,20,243,yes
1753294412513,1753294412,KXMLBGAME-25JUL23LAANYM-LAA,7,93,67,yes
1753294412772,1753294412,KXMLBGAME-25JUL23BOSPHI-BOS,44,56,3,yes
1753294413166,1753294413,KXMLBGAME-25JUL23SDMIA-MIA,81,19,14,yes
1753294413935,1753294413,KXMLBGAME-25JUL23HOUARI-HOU,45,55,214,yes
1753294414131,1753294414,KXMLBGAME-25JUL23SFATL-ATL,3,97,156,yes
1753294414374,1753294414,KXMLBGAME-25JUL23SFATL-ATL,3,97,44,yes
1753294418355,1753294418,KXMLBGAME-25JUL23STLCOL-STL,63,37,3,yes
1753294420593,1753294420,KXMLBGAME-25JUL23KCCHC-CHC,62,38,35,yes
1753294429233,1753294429,KXMLBGAME-25JUL23STLCOL-STL,63,37,275,yes
1753294433639,1753294433,KXMLBGAME-25JUL23SDMIA-MIA,81,19,210,yes
1753294435131,1753294435,KXMLBGAME-25JUL23LAANYM-LAA,5,95,100,no
1753294437090,1753294436,KXMLBGAME-25JUL23KCCHC-KC,38,62,11,no
1753294437111,1753294437,KXMLBGAME-25JUL23SFATL-ATL,3,97,14,no
1753294437111,1753294437,KXMLBGAME-25JUL23SFATL-ATL,2,98,17,no
1753294443162,1753294443,KXMLBGAME-25JUL23CINWSH-CIN,97,3,36,yes
1753294443162,1753294443,KXMLBGAME-25JUL23CINWSH-CIN,98,2,156,yes
1753294443162,1753294443,KXMLBGAME-25JUL23CINWSH-CIN,98,2,12,yes
1753294448472,1753294448,KXMLBGAME-25JUL23SDMIA-SD,19,81,5,no
1753294448634,1753294448,KXMLBGAME-25JUL23NYYTOR-NYY,57,43,16,yes
1753294457232,1753294457,KXMLBGAME-25JUL23SDMIA-MIA,81,19,6,yes
1753294462672,1753294462,KXMLBGAME-25JUL23SDMIA-MIA,81,19,100,yes
1753294464693,1753294464,KXMLBGAME-25JUL23SDMIA-MIA,81,19,73,yes
1753294465192,1753294465,KXMLBGAME-25JUL23KCCHC-CHC,62,38,12,yes
1753294467952,1753294467,KXMLBGAME-25JUL23CINWSH-CIN,97,3,87,no
1753294467952,1753294467,KXMLBGAME-25JUL23CINWSH-CIN,96,4,25,no
1753294468132,1753294468,KXMLBGAME-25JUL23LAANYM-LAA,4,96,200,no
1753294468153,1753294468,KXMLBGAME-25JUL23LAANYM-NYM,96,4,89,yes
1753294468153,1753294468,KXMLBGAME-25JUL23LAANYM-NYM,96,4,300,yes
1753294468153,1753294468,KXMLBGAME-25JUL23LAANYM-NYM,96,4,45,yes
1753294468554,1753294468,KXMLBGAME-25JUL23CINWSH-CIN,97,3,59,no
1753294469175,1753294469,KXMLBGAME-25JUL23LAANYM-NYM,96,4,155,yes
1753294469295,1753294469,KXMLBGAME-25JUL23STLCOL-STL,63,37,17,yes
1753294469295,1753294469,KXMLBGAME-25JUL23STLCOL-STL,63,37,173,yes
1753294470053,1753294470,KXMLBGAME-25JUL23HOUARI-ARI,56,44,26,yes
1753294470053,1753294470,KXMLBGAME-25JUL23HOUARI-ARI,56,44,26,yes
1753294470053,1753294470,KXMLBGAME-25JUL23HOUARI-ARI,56,44,248,yes
1753294470740,1753294470,KXMLBGAME-25JUL23DETPIT-PIT,99,1,628,yes
1753294473992,1753294473,KXMLBGAME-25JUL23KCCHC-KC,39,61,12,yes
1753294476673,1753294476,KXMLBGAME-25JUL23SDMIA-MIA,81,19,280,yes
1753294477191,1753294477,KXMLBGAME-25JUL23MILSEA-SEA,54,46,90,yes
1753294479932,1753294479,KXMLBGAME-25JUL23SDMIA-SD,21,79,15,yes
1753294479932,1753294479,KXMLBGAME-25JUL23SDMIA-SD,21,79,37,yes
1753294482296,1753294482,KXMLBGAME-25JUL23SFATL-SF,97,3,109,no
1753294484912,1753294484,KXMLBGAME-25JUL23CINWSH-WSH,3,97,1,yes
1753294485911,1753294485,KXMLBGAME-25JUL23CINWSH-CIN,98,2,78,no
1753294485911,1753294485,KXMLBGAME-25JUL23CINWSH-CIN,97,3,300,no
1753294485911,1753294485,KXMLBGAME-25JUL23CINWSH-CIN,96,4,139,no
1753294486833,1753294486,KXMLBGAME-25JUL23BOSPHI-BOS,43,57,68,no
1753294490581,1753294490,KXMLBGAME-25JUL23KCCHC-KC,39,61,1,yes
1753294491143,1753294491,KXMLBGAME-25JUL23KCCHC-CHC,62,38,471,yes
1753294492133,1753294492,KXMLBGAME-25JUL23CINWSH-WSH,2,98,11,no
1753294492763,1753294492,KXMLBGAME-25JUL23SDMIA-SD,21,79,48,no
1753294492763,1753294492,KXMLBGAME-25JUL23SDMIA-SD,21,79,200,no
1753294492911,1753294492,KXMLBGAME-25JUL23CINWSH-CIN,96,4,136,no
1753294492911,1753294492,KXMLBGAME-25JUL23CINWSH-CIN,96,4,59,no
1753294492911,1753294492,KXMLBGAME-25JUL23CINWSH-CIN,95,5,500,no
1753294492911,1753294492,KXMLBGAME-25JUL23CINWSH-CIN,95,5,600,no
1753294492911,1753294492,KXMLBGAME-25JUL23CINWSH-CIN,94,6,92,no
1753294497553,1753294497,KXMLBGAME-25JUL23CINWSH-CIN,97,3,44,no
1753294497553,1753294497,KXMLBGAME-25JUL23CINWSH-CIN,96,4,9,no
1753294497655,1753294497,KXMLBGAME-25JUL23CINWSH-CIN,99,1,5,yes
1753294497934,1753294497,KXMLBGAME-25JUL23CINWSH-WSH,2,98,61,no
1753294502057,1753294501,KXMLBGAME-25JUL23SDMIA-MIA,84,16,11,yes
1753294504993,1753294504,KXMLBGAME-25JUL23CINWSH-CIN,99,1,1,yes
1753294505353,1753294505,KXMLBGAME-25JUL23CINWSH-WSH,3,97,33,yes
1753294505353,1753294505,KXMLBGAME-25JUL23CINWSH-WSH,4,96,92,yes
1753294506973,1753294506,KXMLBGAME-25JUL23CINWSH-WSH,2,98,55,no
1753294507032,1753294506,KXMLBGAME-25JUL23KCCHC-CHC,62,38,9,yes
1753294509232,1753294509,KXMLBGAME-25JUL23SDMIA-MIA,84,16,19,yes
1753294509232,1753294509,KXMLBGAME-25JUL23SDMIA-MIA,84,16,66,yes
1753294513773,1753294513,KXMLBGAME-25JUL23SDMIA-SD,19,81,300,yes
1753294513773,1753294513,KXMLBGAME-25JUL23SDMIA-SD,20,80,500,yes
1753294513773,1753294513,KXMLBGAME-25JUL23SDMIA-SD,20,80,161,yes
1753294516072,1753294516,KXMLBGAME-25JUL23SDMIA-SD,20,80,439,yes
1753294516072,1753294516,KXMLBGAME-25JUL23SDMIA-SD,20,80,162,yes
1753294517613,1753294517,KXMLBGAME-25JUL23SDMIA-MIA,83,17,128,yes
1753294519852,1753294519,KXMLBGAME-25JUL23SDMIA-SD,19,81,24,yes
1753294520214,1753294520,KXMLBGAME-25JUL23SDMIA-SD,19,81,9,yes
1753294520314,1753294520,KXMLBGAME-25JUL23SDMIA-SD,19,81,263,yes
1753294520411,1753294520,KXMLBGAME-25JUL23SDMIA-SD,16,84,8,no
1753294520952,1753294520,KXMLBGAME-25JUL23SDMIA-MIA,83,17,59,yes
1753294523143,1753294523,KXMLBGAME-25JUL23STLCOL-COL,38,62,10,yes
1753294526211,1753294526,KXMLBGAME-25JUL23KCCHC-KC,39,61,245,yes
1753294532973,1753294532,KXMLBGAME-25JUL23ATHTEX-TEX,56,44,38,yes
1753294534272,1753294534,KXMLBGAME-25JUL23MILSEA-SEA,54,46,19,yes
1753294534455,1753294534,KXMLBGAME-25JUL23CINWSH-CIN,96,4,19,no
1753294537711,1753294537,KXMLBGAME-25JUL23CINWSH-CIN,98,2,87,yes
1753294537711,1753294537,KXMLBGAME-25JUL23CINWSH-CIN,98,2,87,yes
1753294538708,1753294538,KXMLBGAME-25JUL23SDMIA-SD,16,84,21,no
1753294544953,1753294544,KXMLBGAME-25JUL23KCCHC-CHC,62,38,14,yes
1753294545910,1753294545,KXMLBGAME-25JUL23SDMIA-MIA,83,17,61,yes
1753294553112,1753294553,KXMLBGAME-25JUL23SDMIA-MIA,84,16,29,yes
1753294556852,1753294556,KXMLBGAME-25JUL23SDMIA-SD,17,83,112,yes
1753294558669,1753294558,KXMLBGAME-25JUL23STLCOL-STL,63,37,28,yes
1753294560873,1753294560,KXMLBGAME-25JUL23CINWSH-CIN,98,2,44,no
1753294561871,1753294561,KXMLBGAME-25JUL23LAANYM-LAA,7,93,53,yes
1753294565493,1753294565,KXMLBGAME-25JUL23CINWSH-WSH,3,97,14,yes
1753294565812,1753294565,KXMLBGAME-25JUL23SFATL-SF,99,1,7,yes
1753294573116,1753294572,KXMLBGAME-25JUL23DETPIT-DET,3,97,700,yes
1753294573116,1753294572,KXMLBGAME-25JUL23DETPIT-DET,4,96,1027,yes
1753294575212,1753294575,KXMLBGAME-25JUL23SDMIA-SD,30,70,3,yes
1753294577013,1753294576,KXMLBGAME-25JUL23KCCHC-CHC,62,38,67,yes
1753294577825,1753294576,KXMLBGAME-25JUL23SDMIA-SD,24,76,15,yes
1753294578116,1753294577,KXMLBGAME-25JUL23SDMIA-MIA,78,22,1031,yes
1753294578318,1753294578,KXMLBGAME-25JUL23MILSEA-MIL,47,53,14,yes
1753294580415,1753294580,KXMLBGAME-25JUL23KCCHC-KC,39,61,9,yes
1753294580416,1753294580,KXMLBGAME-25JUL23SFATL-SF,97,3,31,no
1753294581415,1753294581,KXMLBGAME-25JUL23SDMIA-MIA,77,23,12,yes
1753294587493,1753294587,KXMLBGAME-25JUL23SDMIA-MIA,77,23,383,yes
1753294590933,1753294590,KXMLBGAME-25JUL23SFATL-ATL,3,97,65,yes
1753294591028,1753294590,KXMLBGAME-25JUL23SDMIA-SD,24,76,100,yes
1753294599472,1753294599,KXMLBGAME-25JUL23SDMIA-SD,24,76,3,yes
1753294601919,1753294601,KXMLBGAME-25JUL23SDMIA-SD,24,76,3,no
1753294602872,1753294602,KXMLBGAME-25JUL23SDMIA-MIA,77,23,87,yes
1753294602872,1753294602,KXMLBGAME-25JUL23SDMIA-MIA,77,23,300,yes
1753294602873,1753294602,KXMLBGAME-25JUL23SDMIA-MIA,77,23,500,yes
1753294602873,1753294602,KXMLBGAME-25JUL23SDMIA-MIA,77,23,500,yes
1753294602873,1753294602,KXMLBGAME-25JUL23SDMIA-MIA,77,23,750,yes
1753294602873,1753294602,KXMLBGAME-25JUL23SDMIA-MIA,78,22,265,yes
1753294606795,1753294606,KXMLBGAME-25JUL23CINWSH-WSH,2,98,1,no
1753294607161,1753294607,KXMLBGAME-25JUL23SDMIA-MIA,77,23,31,yes
1753294608234,1753294608,KXMLBGAME-25JUL23LAANYM-LAA,6,94,45,yes
1753294611279,1753294611,KXMLBGAME-25JUL23DETPIT-DET,2,98,87,no
1753294612230,1753294612,KXMLBGAME-25JUL23CINWSH-CIN,97,3,8,no
1753294614232,1753294614,KXMLBGAME-25JUL23SDMIA-MIA,77,23,50,yes
1753294614555,1753294614,KXMLBGAME-25JUL23MILSEA-MIL,47,53,21,yes
1753294617448,1753294617,KXMLBGAME-25JUL23SDMIA-MIA,77,23,6,yes
1753294617448,1753294617,KXMLBGAME-25JUL23SDMIA-MIA,77,23,57,yes
1753294619492,1753294619,KXMLBGAME-25JUL23DETPIT-DET,2,98,87,no
1753294624272,1753294624,KXMLBGAME-25JUL23CINWSH-WSH,3,97,1560,yes
1753294625911,1753294625,KXMLBGAME-25JUL23SDMIA-MIA,77,23,1,yes
1753294625912,1753294625,KXMLBGAME-25JUL23DETPIT-DET,2,98,65,no
1753294628274,1753294628,KXMLBGAME-25JUL23SDMIA-SD,27,73,71,yes
1753294632133,1753294632,KXMLBGAME-25JUL23SDMIA-SD,27,73,28,yes
1753294632376,1753294632,KXMLBGAME-25JUL23DETPIT-DET,2,98,49,no
1753294633193,1753294633,KXMLBGAME-25JUL23SDMIA-MIA,77,23,2,yes
1753294636532,1753294636,KXMLBGAME-25JUL23CINWSH-CIN,97,3,52,no
1753294638336,1753294638,KXMLBGAME-25JUL23SDMIA-MIA,77,23,127,yes
1753294643158,1753294643,KXMLBGAME-25JUL23MILSEA-SEA,54,46,16,yes
1753294645790,1753294645,KXMLBGAME-25JUL23MILSEA-MIL,47,53,8,yes
1753294647087,1753294647,KXMLBGAME-25JUL23MILSEA-MIL,47,53,205,yes
1753294649113,1753294649,KXMLBGAME-25JUL23MILSEA-SEA,53,47,8,no
1753294649374,1753294649,KXMLBGAME-25JUL23LAANYM-LAA,7,93,40,yes
1753294650773,1753294650,KXMLBGAME-25JUL23SDMIA-MIA,77,23,6,yes
1753294655745,1753294655,KXMLBGAME-25JUL23LAANYM-NYM,95,5,39,yes
1753294660193,1753294660,KXMLBGAME-25JUL23SDMIA-MIA,76,24,30,no
1753294660193,1753294660,KXMLBGAME-25JUL23SDMIA-MIA,76,24,1,no
1753294660572,1753294660,KXMLBGAME-25JUL23SFATL-ATL,1,99,8,no
1753294660851,1753294660,KXMLBGAME-25JUL23SDMIA-SD,25,75,87,no
1753294660931,1753294660,KXMLBGAME-25JUL23SDMIA-MIA,74,26,300,yes
1753294660931,1753294660,KXMLBGAME-25JUL23SDMIA-MIA,75,25,87,yes
1753294662411,1753294662,KXMLBGAME-25JUL23SDMIA-MIA,76,24,25,yes
1753294664456,1753294664,KXMLBGAME-25JUL23KCCHC-KC,39,61,240,yes
1753294666850,1753294666,KXMLBGAME-25JUL23HOUARI-HOU,45,55,215,yes
1753294667011,1753294666,KXMLBGAME-25JUL23SFATL-SF,99,1,983,yes
1753294669171,1753294669,KXMLBGAME-25JUL23SFATL-SF,97,3,23,no
1753294671436,1753294671,KXMLBGAME-25JUL23SDMIA-SD,27,73,87,yes
1753294671436,1753294671,KXMLBGAME-25JUL23SDMIA-SD,28,72,200,yes
1753294671436,1753294671,KXMLBGAME-25JUL23SDMIA-SD,29,71,54,yes
1753294672015,1753294671,KXMLBGAME-25JUL23SDMIA-MIA,75,25,300,yes
1753294675111,1753294675,KXMLBGAME-25JUL23SDMIA-MIA,75,25,200,no
1753294677113,1753294676,KXMLBGAME-25JUL23CINWSH-CIN,97,3,17,no
1753294678010,1753294677,KXMLBGAME-25JUL23STLCOL-STL,63,37,76,yes
1753294681032,1753294680,KXMLBGAME-25JUL23SDMIA-SD,28,72,87,yes
1753294681032,1753294680,KXMLBGAME-25JUL23SDMIA-SD,29,71,146,yes
1753294681032,1753294680,KXMLBGAME-25JUL23SDMIA-SD,29,71,98,yes
1753294682933,1753294682,KXMLBGAME-25JUL23KCCHC-CHC,62,38,157,yes
1753294683131,1753294682,KXMLBGAME-25JUL23SDMIA-MIA,74,26,300,yes
1753294684629,1753294684,KXMLBGAME-25JUL23STLCOL-STL,63,37,18,yes
1753294687131,1753294687,KXMLBGAME-25JUL23SDMIA-SD,28,72,1,yes
1753294693128,1753294692,KXMLBGAME-25JUL23SDMIA-MIA,74,26,26,yes
1753294693877,1753294693,KXMLBGAME-25JUL23SDMIA-SD,28,72,27,yes
1753294697593,1753294697,KXMLBGAME-25JUL23LAANYM-LAA,6,94,100,yes
1753294697593,1753294697,KXMLBGAME-25JUL23LAANYM-LAA,7,93,1255,yes
1753294698014,1753294697,KXMLBGAME-25JUL23SDMIA-MIA,74,26,132,yes
1753294699373,1753294699,KXMLBGAME-25JUL23SDMIA-SD,29,71,3,yes
1753294703911,1753294703,KXMLBGAME-25JUL23MILSEA-MIL,47,53,13,yes
1753294703952,1753294703,KXMLBGAME-25JUL23SDMIA-MIA,74,26,1,yes
1753294704152,1753294704,KXMLBGAME-25JUL23SDMIA-SD,29,71,65,yes
1753294707414,1753294707,KXMLBGAME-25JUL23DETPIT-DET,1,99,303,no
1753294711813,1753294711,KXMLBGAME-25JUL23SFATL-ATL,3,97,235,yes
1753294711813,1753294711,KXMLBGAME-25JUL23SFATL-ATL,3,97,54,yes
1753294711813,1753294711,KXMLBGAME-25JUL23SFATL-ATL,4,96,200,yes
1753294711813,1753294711,KXMLBGAME-25JUL23SFATL-ATL,4,96,300,yes
1753294711813,1753294711,KXMLBGAME-25JUL23SFATL-ATL,5,95,200,yes
1753294711813,1753294711,KXMLBGAME-25JUL23SFATL-ATL,5,95,163,yes
1753294712988,1753294712,KXMLBGAME-25JUL23LAANYM-LAA,6,94,100,yes
1753294712988,1753294712,KXMLBGAME-25JUL23LAANYM-LAA,7,93,1255,yes
1753294713113,1753294713,KXMLBGAME-25JUL23LAANYM-LAA,4,96,245,no
1753294714914,1753294714,KXMLBGAME-25JUL23SDMIA-MIA,74,26,20,yes
1753294715015,1753294714,KXMLBGAME-25JUL23SFATL-ATL,1,99,14,no
1753294718673,1753294718,KXMLBGAME-25JUL23KCCHC-KC,38,62,610,no
1753294721253,1753294721,KXMLBGAME-25JUL23NYYTOR-NYY,57,43,170,yes
1753294721383,1753294721,KXMLBGAME-25JUL23SDMIA-SD,29,71,134,yes
1753294721383,1753294721,KXMLBGAME-25JUL23SDMIA-SD,29,71,30,yes
1753294725133,1753294725,KXMLBGAME-25JUL23SDMIA-MIA,74,26,121,yes
1753294725134,1753294725,KXMLBGAME-25JUL23SDMIA-MIA,74,26,11,yes
1753294726472,1753294726,KXMLBGAME-25JUL23MINLAD-LAD,67,33,39,yes
1753294727336,1753294727,KXMLBGAME-25JUL23SDMIA-SD,26,74,1,no
1753294727372,1753294727,KXMLBGAME-25JUL23SFATL-SF,97,3,18,no
1753294727372,1753294727,KXMLBGAME-25JUL23SFATL-SF,97,3,202,no
1753294730193,1753294730,KXMLBGAME-25JUL23SDMIA-MIA,74,26,26,yes
1753294731917,1753294731,KXMLBGAME-25JUL23SDMIA-SD,26,74,250,no
1753294732091,1753294732,KXMLBGAME-25JUL23SDMIA-MIA,74,26,250,yes
1753294732592,1753294732,KXMLBGAME-25JUL23KCCHC-KC,39,61,87,yes
1753294732592,1753294732,KXMLBGAME-25JUL23KCCHC-KC,39,61,3000,yes
1753294732592,1753294732,KXMLBGAME-25JUL23KCCHC-KC,40,60,586,yes
1753294732871,1753294732,KXMLBGAME-25JUL23SDMIA-SD,29,71,36,yes
1753294733474,1753294733,KXMLBGAME-25JUL23CINWSH-CIN,99,1,5,yes
1753294735692,1753294735,KXMLBGAME-25JUL23SDMIA-MIA,74,26,113,yes
1753294735692,1753294735,KXMLBGAME-25JUL23SDMIA-MIA,74,26,74,yes
1753294735692,1753294735,KXMLBGAME-25JUL23SDMIA-MIA,74,26,36,yes
1753294735692,1753294735,KXMLBGAME-25JUL23SDMIA-MIA,74,26,87,yes
1753294736230,1753294736,KXMLBGAME-25JUL23ATHTEX-TEX,56,44,16,yes
1753294736553,1753294736,KXMLBGAME-25JUL23CINWSH-CIN,97,3,43,no
1753294736672,1753294736,KXMLBGAME-25JUL23MILSEA-MIL,47,53,7,yes
1753294737172,1753294737,KXMLBGAME-25JUL23CINWSH-WSH,2,98,86,no
1753294737172,1753294737,KXMLBGAME-25JUL23CINWSH-WSH,2,98,100,no
1753294737172,1753294737,KXMLBGAME-25JUL23CINWSH-WSH,1,99,16,no
1753294737773,1753294737,KXMLBGAME-25JUL23SDMIA-SD,26,74,381,yes
1753294738391,1753294738,KXMLBGAME-25JUL23SFATL-SF,97,3,20,yes
1753294739754,1753294739,KXMLBGAME-25JUL23SDMIA-MIA,74,26,12,no
1753294742955,1753294742,KXMLBGAME-25JUL23SDMIA-MIA,74,26,2,yes
1753294743134,1753294743,KXMLBGAME-25JUL23SDMIA-MIA,74,26,65,yes
1753294746936,1753294746,KXMLBGAME-25JUL23NYYTOR-NYY,57,43,34,yes
1753294747853,1753294747,KXMLBGAME-25JUL23CINWSH-CIN,99,1,989,yes
1753294747853,1753294747,KXMLBGAME-25JUL23CINWSH-CIN,99,1,2000,yes
1753294747853,1753294747,KXMLBGAME-25JUL23CINWSH-CIN,99,1,137,yes
1753294747932,1753294747,KXMLBGAME-25JUL23SDMIA-SD,29,71,77,yes
1753294747932,1753294747,KXMLBGAME-25JUL23SDMIA-SD,29,71,2,yes
1753294750971,1753294750,KXMLBGAME-25JUL23MILSEA-SEA,54,46,23,yes
1753294751770,1753294751,KXMLBGAME-25JUL23SDMIA-SD,27,73,266,no
1753294752432,1753294752,KXMLBGAME-25JUL23SDMIA-SD,29,71,3,yes
1753294754671,1753294754,KXMLBGAME-25JUL23LAANYM-LAA,7,93,3,yes
1753294755333,1753294755,KXMLBGAME-25JUL23CINWSH-CIN,99,1,109,no
1753294755771,1753294755,KXMLBGAME-25JUL23SDMIA-SD,25,75,300,no
1753294756252,1753294756,KXMLBGAME-25JUL23SDMIA-SD,25,75,14,yes
1753294761613,1753294761,KXMLBGAME-25JUL23CINWSH-WSH,1,99,15,no
1753294762803,1753294762,KXMLBGAME-25JUL23SDMIA-MIA,75,25,300,yes
1753294762803,1753294762,KXMLBGAME-25JUL23SDMIA-MIA,76,24,87,yes
1753294762803,1753294762,KXMLBGAME-25JUL23SDMIA-MIA,76,24,1,yes
1753294764313,1753294764,KXMLBGAME-25JUL23SFATL-SF,96,4,1,yes
1753294764433,1753294764,KXMLBGAME-25JUL23BALCLE-CLE,55,45,17,yes
1753294764433,1753294764,KXMLBGAME-25JUL23BALCLE-CLE,55,45,102,yes
1753294764433,1753294764,KXMLBGAME-25JUL23BALCLE-CLE,55,45,10,yes
1753294764433,1753294764,KXMLBGAME-25JUL23BALCLE-CLE,55,45,5,yes
1753294764433,1753294764,KXMLBGAME-25JUL23BALCLE-CLE,55,45,43,yes
1753294767732,1753294767,KXMLBGAME-25JUL23SDMIA-MIA,76,24,129,yes
1753294769011,1753294768,KXMLBGAME-25JUL23SDMIA-SD,24,76,14,no
1753294769733,1753294769,KXMLBGAME-25JUL23SDMIA-MIA,76,24,129,yes
1753294773031,1753294772,KXMLBGAME-25JUL23MILSEA-SEA,54,46,17,yes
1753294773731,1753294773,KXMLBGAME-25JUL23SDMIA-SD,27,73,76,yes
1753294774471,1753294774,KXMLBGAME-25JUL23SDMIA-SD,27,73,2,yes
1753294774471,1753294774,KXMLBGAME-25JUL23SDMIA-SD,27,73,12,yes
1753294778813,1753294778,KXMLBGAME-25JUL23KCCHC-CHC,62,38,5,yes
1753294779893,1753294779,KXMLBGAME-25JUL23LAANYM-NYM,97,3,17,yes
1753294782253,1753294782,KXMLBGAME-25JUL23KCCHC-CHC,62,38,550,yes
1753294786693,1753294786,KXMLBGAME-25JUL23SFATL-SF,96,4,379,yes
1753294786693,1753294786,KXMLBGAME-25JUL23SFATL-SF,96,4,463,yes
1753294786693,1753294786,KXMLBGAME-25JUL23SFATL-SF,97,3,200,yes
1753294786693,1753294786,KXMLBGAME-25JUL23SFATL-SF,98,2,200,yes
1753294786693,1753294786,KXMLBGAME-25JUL23SFATL-SF,98,2,300,yes
1753294786693,1753294786,KXMLBGAME-25JUL23SFATL-SF,99,1,87,yes
1753294786693,1753294786,KXMLBGAME-25JUL23SFATL-SF,99,1,220,yes
1753294789272,1753294789,KXMLBGAME-25JUL23SDMIA-MIA,80,20,12,yes
1753294789272,1753294789,KXMLBGAME-25JUL23SDMIA-MIA,81,19,164,yes
1753294791971,1753294791,KXMLBGAME-25JUL23KCCHC-CHC,62,38,1571,yes
1753294793133,1753294793,KXMLBGAME-25JUL23KCCHC-CHC,62,38,615,yes
1753294794433,1753294794,KXMLBGAME-25JUL23SFATL-ATL,1,99,8,no
1753294796072,1753294796,KXMLBGAME-25JUL23SDMIA-MIA,81,19,136,yes
1753294796072,1753294796,KXMLBGAME-25JUL23SDMIA-MIA,82,18,87,yes
1753294796072,1753294796,KXMLBGAME-25JUL23SDMIA-MIA,82,18,7,yes
1753294797608,1753294797,KXMLBGAME-25JUL23MILSEA-MIL,47,53,102,yes
1753294797893,1753294797,KXMLBGAME-25JUL23ATHTEX-TEX,56,44,173,yes
1753294798194,1753294798,KXMLBGAME-25JUL23SDMIA-MIA,81,19,100,no
1753294803195,1753294803,KXMLBGAME-25JUL23CINWSH-CIN,99,1,337,no
1753294805274,1753294805,KXMLBGAME-25JUL23SDMIA-SD,19,81,164,no
1753294807351,1753294807,KXMLBGAME-25JUL23CINWSH-CIN,99,1,428,no
1753294807351,1753294807,KXMLBGAME-25JUL23CINWSH-CIN,98,2,281,no
1753294814071,1753294814,KXMLBGAME-25JUL23CINWSH-WSH,1,99,969,no
1753294814354,1753294814,KXMLBGAME-25JUL23CINWSH-CIN,98,2,719,no
1753294814354,1753294814,KXMLBGAME-25JUL23CINWSH-CIN,98,2,338,no
1753294817051,1753294817,KXMLBGAME-25JUL23STLCOL-STL,63,37,23,yes
1753294820614,1753294820,KXMLBGAME-25JUL23DETPIT-PIT,99,1,2523,yes
1753294820614,1753294820,KXMLBGAME-25JUL23SDMIA-MIA,75,25,70,yes
1753294820832,1753294820,KXMLBGAME-25JUL23SDMIA-SD,25,75,300,no
1753294820832,1753294820,KXMLBGAME-25JUL23SDMIA-SD,24,76,500,no
1753294820832,1753294820,KXMLBGAME-25JUL23SDMIA-SD,24,76,600,no
1753294820832,1753294820,KXMLBGAME-25JUL23SDMIA-SD,23,77,500,no
1753294820913,1753294820,KXMLBGAME-25JUL23SDMIA-MIA,76,24,600,yes
1753294820913,1753294820,KXMLBGAME-25JUL23SDMIA-MIA,76,24,500,yes
1753294820913,1753294820,KXMLBGAME-25JUL23SDMIA-MIA,76,24,600,yes
1753294820913,1753294820,KXMLBGAME-25JUL23SDMIA-MIA,76,24,1300,yes
1753294821432,1753294821,KXMLBGAME-25JUL23DETPIT-PIT,99,1,40,yes
1753294823093,1753294823,KXMLBGAME-25JUL23KCCHC-CHC,62,38,78,yes
1753294823233,1753294823,KXMLBGAME-25JUL23SDMIA-SD,27,73,87,yes
1753294823233,1753294823,KXMLBGAME-25JUL23SDMIA-SD,28,72,45,yes
1753294823834,1753294823,KXMLBGAME-25JUL23SDMIA-MIA,73,27,18,no
1753294823917,1753294823,KXMLBGAME-25JUL23CINWSH-CIN,99,1,1000,yes
1753294827013,1753294826,KXMLBGAME-25JUL23CINWSH-CIN,99,1,130,no
1753294828091,1753294828,KXMLBGAME-25JUL23SFATL-SF,97,3,52,no
1753294828994,1753294828,KXMLBGAME-25JUL23KCCHC-KC,39,61,49,yes
1753294829032,1753294828,KXMLBGAME-25JUL23KCCHC-CHC,62,38,30,yes
1753294833672,1753294833,KXMLBGAME-25JUL23SDMIA-MIA,75,25,26,yes
1753294833774,1753294833,KXMLBGAME-25JUL23SDMIA-SD,25,75,31,no
1753294835753,1753294835,KXMLBGAME-25JUL23CINWSH-CIN,99,1,200,no
1753294835913,1753294835,KXMLBGAME-25JUL23LAANYM-LAA,5,95,412,yes
1753294837172,1753294837,KXMLBGAME-25JUL23SFATL-SF,94,6,38,no
1753294837572,1753294837,KXMLBGAME-25JUL23SDMIA-SD,25,75,11,no
1753294839792,1753294839,KXMLBGAME-25JUL23CINWSH-CIN,99,1,93,no
1753294842993,1753294842,KXMLBGAME-25JUL23KCCHC-CHC,62,38,21,yes
1753294843420,1753294843,KXMLBGAME-25JUL23SDMIA-MIA,75,25,141,yes
1753294844333,1753294844,KXMLBGAME-25JUL23KCCHC-CHC,62,38,15,yes
1753294847853,1753294847,KXMLBGAME-25JUL23STLCOL-COL,38,62,25,yes
1753294848415,1753294848,KXMLBGAME-25JUL23MILSEA-MIL,47,53,205,yes
1753294848855,1753294848,KXMLBGAME-25JUL23SDMIA-MIA,76,24,46,yes
1753294855015,1753294854,KXMLBGAME-25JUL23KCCHC-CHC,62,38,157,yes
1753294858338,1753294858,KXMLBGAME-25JUL23SDMIA-MIA,74,26,28,no
1753294859534,1753294859,KXMLBGAME-25JUL23KCCHC-KC,45,55,17,yes
1753294861032,1753294860,KXMLBGAME-25JUL23SDMIA-MIA,76,24,30,yes
1753294861032,1753294860,KXMLBGAME-25JUL23LAANYM-NYM,95,5,200,no
1753294861032,1753294860,KXMLBGAME-25JUL23LAANYM-NYM,92,8,11,no
1753294861032,1753294860,KXMLBGAME-25JUL23LAANYM-NYM,92,8,63,no
1753294868433,1753294868,KXMLBGAME-25JUL23SDMIA-MIA,76,24,59,yes
1753294871633,1753294871,KXMLBGAME-25JUL23KCCHC-CHC,58,42,16,yes
1753294881092,1753294881,KXMLBGAME-25JUL23CINWSH-CIN,99,1,577,no
1753294881093,1753294881,KXMLBGAME-25JUL23CINWSH-CIN,99,1,583,no
1753294882171,1753294882,KXMLBGAME-25JUL23LAANYM-LAA,5,95,100,yes
1753294882171,1753294882,KXMLBGAME-25JUL23LAANYM-LAA,5,95,200,yes
1753294882171,1753294882,KXMLBGAME-25JUL23LAANYM-LAA,6,94,531,yes
1753294888653,1753294888,KXMLBGAME-25JUL23KCCHC-KC,44,56,3,yes
1753294889171,1753294889,KXMLBGAME-25JUL23SDMIA-SD,25,75,760,yes
1753294890452,1753294890,KXMLBGAME-25JUL23KCCHC-CHC,57,43,96,no
1753294891213,1753294891,KXMLBGAME-25JUL23SDMIA-SD,24,76,125,no
1753294892094,1753294892,KXMLBGAME-25JUL23CINWSH-CIN,99,1,199,no
1753294895172,1753294895,KXMLBGAME-25JUL23CINWSH-CIN,99,1,771,no
1753294895732,1753294895,KXMLBGAME-25JUL23KCCHC-CHC,62,38,7,yes
1753294901480,1753294901,KXMLBGAME-25JUL23SDMIA-SD,27,73,69,yes
1753294901480,1753294901,KXMLBGAME-25JUL23SDMIA-SD,28,72,93,yes
1753294901533,1753294901,KXMLBGAME-25JUL23SDMIA-SD,24,76,300,no
1753294901533,1753294901,KXMLBGAME-25JUL23SDMIA-SD,23,77,87,no
1753294901533,1753294901,KXMLBGAME-25JUL23SDMIA-SD,21,79,182,no
1753294905771,1753294905,KXMLBGAME-25JUL23SDMIA-SD,27,73,17,yes
1753294906873,1753294906,KXMLBGAME-25JUL23HOUARI-ARI,56,44,39,yes
1753294906873,1753294906,KXMLBGAME-25JUL23HOUARI-ARI,57,43,472,yes
1753294909517,1753294909,KXMLBGAME-25JUL23SDMIA-MIA,75,25,69,yes
1753294910290,1753294910,KXMLBGAME-25JUL23LAANYM-NYM,94,6,37,no
1753294911272,1753294911,KXMLBGAME-25JUL23KCCHC-CHC,58,42,33,yes
1753294911873,1753294911,KXMLBGAME-25JUL23CINWSH-CIN,99,1,93,no
1753294912151,1753294912,KXMLBGAME-25JUL23MILSEA-MIL,47,53,2,yes
1753294914928,1753294914,KXMLBGAME-25JUL23SDMIA-MIA,74,26,87,yes
1753294914928,1753294914,KXMLBGAME-25JUL23SDMIA-MIA,74,26,300,yes
1753294915032,1753294914,KXMLBGAME-25JUL23MILSEA-SEA,54,46,3,yes
1753294918610,1753294918,KXMLBGAME-25JUL23CINWSH-CIN,99,1,141,no
1753294920492,1753294920,KXMLBGAME-25JUL23SDMIA-MIA,75,25,1,yes
1753294920633,1753294920,KXMLBGAME-25JUL23KCCHC-CHC,58,42,16,yes
1753294925132,1753294925,KXMLBGAME-25JUL23KCCHC-CHC,58,42,875,yes
1753294925731,1753294925,KXMLBGAME-25JUL23SDMIA-SD,26,74,68,yes
1753294932055,1753294932,KXMLBGAME-25JUL23SDMIA-MIA,75,25,300,yes
1753294932055,1753294932,KXMLBGAME-25JUL23SDMIA-MIA,76,24,84,yes
1753294932055,1753294932,KXMLBGAME-25JUL23SDMIA-MIA,77,23,200,yes
1753294932055,1753294932,KXMLBGAME-25JUL23SDMIA-MIA,77,23,399,yes
1753294932091,1753294932,KXMLBGAME-25JUL23CINWSH-CIN,99,1,100,no
1753294932111,1753294932,KXMLBGAME-25JUL23DETPIT-PIT,98,2,17,no
1753294935355,1753294935,KXMLBGAME-25JUL23KCCHC-KC,45,55,26,yes
1753294935355,1753294935,KXMLBGAME-25JUL23KCCHC-KC,65,35,54,yes
1753294935355,1753294935,KXMLBGAME-25JUL23KCCHC-KC,65,35,10,yes
1753294935355,1753294935,KXMLBGAME-25JUL23KCCHC-KC,73,27,10,yes
1753294935812,1753294935,KXMLBGAME-25JUL23KCCHC-CHC,57,43,804,no
1753294936613,1753294936,KXMLBGAME-25JUL23STLCOL-STL,63,37,6,yes
1753294949091,1753294949,KXMLBGAME-25JUL23DETPIT-PIT,99,1,583,yes
1753294951414,1753294951,KXMLBGAME-25JUL23CINWSH-CIN,99,1,438,no
1753294955314,1753294955,KXMLBGAME-25JUL23KCCHC-CHC,51,49,5,no
1753294955534,1753294955,KXMLBGAME-25JUL23KCCHC-KC,54,46,5,no
1753294957111,1753294956,KXMLBGAME-25JUL23LAANYM-NYM,97,3,221,yes
1753294958141,1753294957,KXMLBGAME-25JUL23KCCHC-KC,55,45,119,no
1753294958141,1753294957,KXMLBGAME-25JUL23SDMIA-SD,27,73,87,yes
1753294958141,1753294957,KXMLBGAME-25JUL23SDMIA-SD,27,73,265,yes
1753294962711,1753294962,KXMLBGAME-25JUL23KCCHC-KC,56,44,34,yes
1753294962954,1753294962,KXMLBGAME-25JUL23SDMIA-SD,26,74,3,yes
1753294963212,1753294962,KXMLBGAME-25JUL23MINLAD-MIN,34,66,1,yes
1753294964592,1753294964,KXMLBGAME-25JUL23MINLAD-LAD,67,33,4,yes
1753294964592,1753294964,KXMLBGAME-25JUL23STLCOL-STL,63,37,22,yes
1753294964592,1753294964,KXMLBGAME-25JUL23KCCHC-CHC,46,54,209,yes
1753294966353,1753294966,KXMLBGAME-25JUL23KCCHC-KC,56,44,100,yes
1753294970872,1753294970,KXMLBGAME-25JUL23SDMIA-MIA,75,25,39,yes
1753294970893,1753294970,KXMLBGAME-25JUL23LAANYM-LAA,3,97,41,no
1753294971855,1753294971,KXMLBGAME-25JUL23MILSEA-SEA,54,46,21,yes
1753294976652,1753294976,KXMLBGAME-25JUL23KCCHC-KC,56,44,1,yes
1753294978052,1753294978,KXMLBGAME-25JUL23KCCHC-KC,56,44,669,yes
1753294978052,1753294978,KXMLBGAME-25JUL23KCCHC-KC,56,44,2795,yes
1753294979672,1753294979,KXMLBGAME-25JUL23SDMIA-MIA,75,25,26,yes
1753294981894,1753294981,KXMLBGAME-25JUL23KCCHC-KC,56,44,60,yes
1753294982856,1753294982,KXMLBGAME-25JUL23SDMIA-SD,26,74,179,yes
1753294985034,1753294984,KXMLBGAME-25JUL23KCCHC-KC,56,44,346,yes
1753294986512,1753294986,KXMLBGAME-25JUL23SDMIA-SD,25,75,300,no
1753294986512,1753294986,KXMLBGAME-25JUL23SDMIA-SD,24,76,84,no
1753294986512,1753294986,KXMLBGAME-25JUL23SDMIA-SD,21,79,600,no
1753294986512,1753294986,KXMLBGAME-25JUL23SDMIA-SD,21,79,13,no
1753294986614,1753294986,KXMLBGAME-25JUL23KCCHC-CHC,44,56,67,no
1753294987295,1753294987,KXMLBGAME-25JUL23SDMIA-SD,26,74,18,yes
1753294987295,1753294987,KXMLBGAME-25JUL23SDMIA-SD,27,73,87,yes
1753294987295,1753294987,KXMLBGAME-25JUL23SDMIA-SD,27,73,66,yes
1753294987874,1753294987,KXMLBGAME-25JUL23KCCHC-KC,54,46,1,no
1753294988473,1753294988,KXMLBGAME-25JUL23HOUARI-HOU,44,56,100,no
1753294989373,1753294989,KXMLBGAME-25JUL23KCCHC-KC,56,44,347,yes
1753294989671,1753294989,KXMLBGAME-25JUL23MILSEA-MIL,47,53,63,yes
1753294993396,1753294993,KXMLBGAME-25JUL23CWSTB-TB,66,34,4,yes
1753294994574,1753294994,KXMLBGAME-25JUL23KCCHC-KC,57,43,76,yes
1753294994574,1753294994,KXMLBGAME-25JUL23KCCHC-KC,58,42,89,yes
1753294995373,1753294995,KXMLBGAME-25JUL23KCCHC-CHC,44,56,6,yes
1753294997854,1753294997,KXMLBGAME-25JUL23KCCHC-KC,59,41,164,yes
1753294998692,1753294998,KXMLBGAME-25JUL23KCCHC-KC,59,41,47,yes
1753295000135,1753295000,KXMLBGAME-25JUL23SDMIA-MIA,74,26,14,no
1753295001451,1753295001,KXMLBGAME-25JUL23CWSTB-CWS,35,65,11,yes
1753295001614,1753295001,KXMLBGAME-25JUL23KCCHC-CHC,43,57,6,yes
1753295002490,1753295002,KXMLBGAME-25JUL23SDMIA-SD,25,75,228,no
1753295003712,1753295003,KXMLBGAME-25JUL23SDMIA-SD,27,73,174,yes
1753295006913,1753295006,KXMLBGAME-25JUL23KCCHC-KC,59,41,16,yes
1753295008111,1753295008,KXMLBGAME-25JUL23HOUARI-HOU,43,57,150,no
1753295009391,1753295009,KXMLBGAME-25JUL23KCCHC-KC,59,41,49,yes
1753295009472,1753295009,KXMLBGAME-25JUL23SDMIA-SD,27,73,7,yes
1753295013190,1753295013,KXMLBGAME-25JUL23SDMIA-SD,27,73,7,yes
1753295013976,1753295013,KXMLBGAME-25JUL23MILSEA-SEA,54,46,18,yes
1753295016252,1753295016,KXMLBGAME-25JUL23CINWSH-CIN,99,1,74,no
1753295017491,1753295017,KXMLBGAME-25JUL23LAANYM-LAA,5,95,281,yes
1753295018015,1753295017,KXMLBGAME-25JUL23SDMIA-SD,27,73,70,yes
1753295025032,1753295024,KXMLBGAME-25JUL23KCCHC-KC,59,41,457,yes
1753295027213,1753295027,KXMLBGAME-25JUL23KCCHC-KC,59,41,32,yes
1753295028772,1753295028,KXMLBGAME-25JUL23KCCHC-KC,59,41,823,yes
1753295029152,1753295029,KXMLBGAME-25JUL23SDMIA-SD,27,73,10,yes
1753295029954,1753295029,KXMLBGAME-25JUL23SDMIA-MIA,75,25,219,yes
1753295030193,1753295030,KXMLBGAME-25JUL23CINWSH-CIN,99,1,1601,no
1753295030193,1753295030,KXMLBGAME-25JUL23CINWSH-CIN,99,1,2750,no
1753295030193,1753295030,KXMLBGAME-25JUL23CINWSH-CIN,99,1,8,no
1753295030193,1753295030,KXMLBGAME-25JUL23CINWSH-CIN,99,1,198,no
1753295032534,1753295032,KXMLBGAME-25JUL23LAANYM-NYM,98,2,74,yes
1753295036512,1753295036,KXMLBGAME-25JUL23KCCHC-KC,58,42,2,no
1753295039132,1753295039,KXMLBGAME-25JUL23SDMIA-SD,27,73,7,yes
1753295039132,1753295039,KXMLBGAME-25JUL23SDMIA-SD,27,73,70,yes
1753295040294,1753295040,KXMLBGAME-25JUL23HOUARI-ARI,57,43,422,yes
1753295040653,1753295040,KXMLBGAME-25JUL23KCCHC-KC,59,41,49,yes
1753295041493,1753295041,KXMLBGAME-25JUL23KCCHC-KC,59,41,47,yes
1753295042490,1753295042,KXMLBGAME-25JUL23SFATL-ATL,1,99,19,no
1753295043812,1753295043,KXMLBGAME-25JUL23KCCHC-CHC,42,58,87,yes
1753295045832,1753295045,KXMLBGAME-25JUL23SDMIA-MIA,78,22,60,yes
1753295045832,1753295045,KXMLBGAME-25JUL23SDMIA-SD,26,74,20,no
1753295045853,1753295045,KXMLBGAME-25JUL23SFATL-ATL,1,99,903,no
1753295047351,1753295047,KXMLBGAME-25JUL23SDMIA-SD,22,78,50,yes
1753295048553,1753295048,KXMLBGAME-25JUL23KCCHC-KC,60,40,48,yes
1753295049673,1753295049,KXMLBGAME-25JUL23SDMIA-MIA,88,12,1,yes
1753295049673,1753295049,KXMLBGAME-25JUL23SDMIA-MIA,91,9,64,yes
1753295050071,1753295049,KXMLBGAME-25JUL23KCCHC-KC,59,41,3000,yes
1753295050071,1753295049,KXMLBGAME-25JUL23KCCHC-KC,60,40,4356,yes
1753295051252,1753295051,KXMLBGAME-25JUL23KCCHC-KC,57,43,11,no
1753295055771,1753295055,KXMLBGAME-25JUL23SDMIA-MIA,88,12,39,yes
1753295056012,1753295055,KXMLBGAME-25JUL23SDMIA-MIA,88,12,48,yes
1753295056012,1753295055,KXMLBGAME-25JUL23SDMIA-MIA,88,12,13,yes
1753295058112,1753295057,KXMLBGAME-25JUL23KCCHC-KC,59,41,84,yes
1753295060542,1753295060,KXMLBGAME-25JUL23SDMIA-SD,14,86,300,yes
1753295060542,1753295060,KXMLBGAME-25JUL23SDMIA-SD,15,85,500,yes
1753295060542,1753295060,KXMLBGAME-25JUL23SDMIA-SD,15,85,67,yes
1753295060542,1753295060,KXMLBGAME-25JUL23SDMIA-SD,15,85,417,yes
1753295063411,1753295063,KXMLBGAME-25JUL23KCCHC-CHC,43,57,161,yes
1753295064945,1753295064,KXMLBGAME-25JUL23ATHTEX-ATH,45,55,64,yes
1753295065713,1753295065,KXMLBGAME-25JUL23NYYTOR-TOR,45,55,64,yes
1753295066236,1753295066,KXMLBGAME-25JUL23SDMIA-SD,12,88,4,no
1753295066236,1753295066,KXMLBGAME-25JUL23SDMIA-SD,12,88,6,no
1753295066532,1753295066,KXMLBGAME-25JUL23SDMIA-MIA,88,12,10,yes
1753295067607,1753295066,KXMLBGAME-25JUL23KCCHC-CHC,42,58,35,no
1753295071347,1753295071,KXMLBGAME-25JUL23SDMIA-MIA,85,15,128,no
1753295071814,1753295071,KXMLBGAME-25JUL23SDMIA-SD,11,89,7,no
1753295072513,1753295072,KXMLBGAME-25JUL23CWSTB-TB,66,34,109,yes
1753295075690,1753295075,KXMLBGAME-25JUL23SDMIA-MIA,88,12,11,yes
1753295079831,1753295079,KXMLBGAME-25JUL23KCCHC-KC,61,39,24,yes
1753295085516,1753295085,KXMLBGAME-25JUL23SDMIA-MIA,88,12,5,yes
1753295085516,1753295085,KXMLBGAME-25JUL23SDMIA-MIA,89,11,6,yes
1753295085516,1753295085,KXMLBGAME-25JUL23DETPIT-PIT,99,1,2,yes
1753295085812,1753295085,KXMLBGAME-25JUL23SDMIA-SD,14,86,13,yes
1753295089652,1753295089,KXMLBGAME-25JUL23SDMIA-MIA,89,11,294,yes
1753295089652,1753295089,KXMLBGAME-25JUL23SDMIA-MIA,89,11,87,yes
1753295089652,1753295089,KXMLBGAME-25JUL23SDMIA-MIA,89,11,36,yes
1753295092474,1753295092,KXMLBGAME-25JUL23KCCHC-KC,60,40,16,yes
1753295094375,1753295094,KXMLBGAME-25JUL23KCCHC-KC,60,40,64,yes
1753295095412,1753295095,KXMLBGAME-25JUL23SDMIA-MIA,89,11,22,yes
1753295095633,1753295095,KXMLBGAME-25JUL23STLCOL-COL,38,62,52,yes
1753295095633,1753295095,KXMLBGAME-25JUL23STLCOL-COL,38,62,74,yes
1753295096099,1753295096,KXMLBGAME-25JUL23CINWSH-CIN,99,1,405,no
1753295103952,1753295103,KXMLBGAME-25JUL23KCCHC-KC,73,27,90,yes
1753295103952,1753295103,KXMLBGAME-25JUL23KCCHC-KC,75,25,100,yes
1753295103952,1753295103,KXMLBGAME-25JUL23KCCHC-KC,79,21,1,yes
1753295103952,1753295103,KXMLBGAME-25JUL23KCCHC-KC,80,20,100,yes
1753295103952,1753295103,KXMLBGAME-25JUL23KCCHC-KC,80,20,20,yes
1753295103952,1753295103,KXMLBGAME-25JUL23KCCHC-KC,82,18,1,yes
1753295103952,1753295103,KXMLBGAME-25JUL23KCCHC-KC,84,16,9,yes
1753295107972,1753295107,KXMLBGAME-25JUL23HOUARI-HOU,44,56,43,yes
1753295110152,1753295110,KXMLBGAME-25JUL23SDMIA-MIA,86,14,243,no
1753295112033,1753295111,KXMLBGAME-25JUL23SDMIA-MIA,89,11,55,yes
1753295112114,1753295112,KXMLBGAME-25JUL23SDMIA-MIA,89,11,55,yes
1753295114609,1753295114,KXMLBGAME-25JUL23CINWSH-CIN,99,1,13,no
1753295116814,1753295116,KXMLBGAME-25JUL23SDMIA-SD,14,86,33,yes
1753295117573,1753295117,KXMLBGAME-25JUL23MINLAD-LAD,67,33,324,yes
1753295121952,1753295121,KXMLBGAME-25JUL23SDMIA-SD,14,86,29,yes
1753295122274,1753295122,KXMLBGAME-25JUL23KCCHC-CHC,46,54,16,yes
1753295126488,1753295126,KXMLBGAME-25JUL23SDMIA-MIA,86,14,6,no
1753295130315,1753295130,KXMLBGAME-25JUL23SDMIA-MIA,88,12,33,yes
1753295130315,1753295130,KXMLBGAME-25JUL23SDMIA-MIA,88,12,29,yes
1753295130315,1753295130,KXMLBGAME-25JUL23SDMIA-MIA,89,11,368,yes
1753295130315,1753295130,KXMLBGAME-25JUL23SDMIA-MIA,89,11,600,yes
1753295130315,1753295130,KXMLBGAME-25JUL23SDMIA-MIA,89,11,489,yes
1753295131131,1753295131,KXMLBGAME-25JUL23SDMIA-SD,14,86,20,yes
1753295135895,1753295135,KXMLBGAME-25JUL23KCCHC-CHC,46,54,1885,yes
1753295137649,1753295137,KXMLBGAME-25JUL23SDMIA-SD,14,86,118,yes
1753295137649,1753295137,KXMLBGAME-25JUL23SDMIA-SD,14,86,14,yes
1753295139732,1753295139,KXMLBGAME-25JUL23SDMIA-SD,14,86,87,yes
1753295139732,1753295139,KXMLBGAME-25JUL23SDMIA-SD,14,86,300,yes
1753295139732,1753295139,KXMLBGAME-25JUL23SDMIA-SD,14,86,200,yes
1753295139732,1753295139,KXMLBGAME-25JUL23SDMIA-SD,14,86,86,yes
1753295139773,1753295139,KXMLBGAME-25JUL23MILSEA-MIL,47,53,230,yes
1753295139833,1753295139,KXMLBGAME-25JUL23KCCHC-KC,56,44,200,yes
1753295140619,1753295140,KXMLBGAME-25JUL23DETPIT-PIT,99,1,252,yes
1753295141472,1753295141,KXMLBGAME-25JUL23KCCHC-KC,56,44,500,yes
1753295141532,1753295141,KXMLBGAME-25JUL23DETPIT-PIT,98,2,13,no
1753295142892,1753295142,KXMLBGAME-25JUL23HOUARI-ARI,57,43,8,yes
1753295147635,1753295147,KXMLBGAME-25JUL23KCCHC-KC,56,44,25,yes
1753295148035,1753295147,KXMLBGAME-25JUL23SDMIA-MIA,88,12,20,yes
1753295148035,1753295147,KXMLBGAME-25JUL23SDMIA-MIA,88,12,118,yes
1753295148035,1753295147,KXMLBGAME-25JUL23SDMIA-MIA,88,12,85,yes
1753295155832,1753295155,KXMLBGAME-25JUL23LAANYM-LAA,4,96,44,yes
1753295157052,1753295156,KXMLBGAME-25JUL23SDMIA-SD,14,86,73,yes
1753295158113,1753295158,KXMLBGAME-25JUL23SDMIA-SD,14,86,33,yes
1753295159133,1753295159,KXMLBGAME-25JUL23KCCHC-KC,54,46,53,yes
1753295159461,1753295159,KXMLBGAME-25JUL23SDMIA-MIA,88,12,112,yes
1753295162154,1753295162,KXMLBGAME-25JUL23LAANYM-NYM,97,3,2,no
1753295162635,1753295162,KXMLBGAME-25JUL23KCCHC-KC,52,48,5,yes
1753295163734,1753295163,KXMLBGAME-25JUL23SDMIA-SD,12,88,20,no
1753295165412,1753295165,KXMLBGAME-25JUL23LAANYM-NYM,97,3,98,yes
1753295165412,1753295165,KXMLBGAME-25JUL23LAANYM-NYM,98,2,157,yes
1753295167111,1753295167,KXMLBGAME-25JUL23MILSEA-SEA,54,46,195,yes
1753295169333,1753295169,KXMLBGAME-25JUL23KCCHC-KC,52,48,186,yes
1753295169592,1753295169,KXMLBGAME-25JUL23KCCHC-KC,52,48,9,yes
1753295169754,1753295169,KXMLBGAME-25JUL23SDMIA-SD,11,89,73,no
1753295169754,1753295169,KXMLBGAME-25JUL23SDMIA-SD,11,89,421,no
1753295171513,1753295171,KXMLBGAME-25JUL23BOSPHI-BOS,44,56,10,yes
1753295182795,1753295182,KXMLBGAME-25JUL23MINLAD-MIN,34,66,5,yes
1753295183912,1753295183,KXMLBGAME-25JUL23LAANYM-LAA,2,98,61,no
1753295185336,1753295185,KXMLBGAME-25JUL23KCCHC-KC,55,45,440,yes
1753295185832,1753295185,KXMLBGAME-25JUL23CINWSH-CIN,99,1,9,no
1753295187454,1753295187,KXMLBGAME-25JUL23SDMIA-SD,14,86,673,yes
1753295187514,1753295187,KXMLBGAME-25JUL23DETPIT-DET,2,98,140,yes
1753295188692,1753295188,KXMLBGAME-25JUL23SDMIA-MIA,86,14,210,no
1753295190294,1753295190,KXMLBGAME-25JUL23KCCHC-CHC,48,52,16,yes
1753295190411,1753295190,KXMLBGAME-25JUL23SDMIA-SD,13,87,911,no
1753295191394,1753295191,KXMLBGAME-25JUL23SFATL-SF,99,1,235,no
1753295193113,1753295193,KXMLBGAME-25JUL23DETPIT-PIT,99,1,7,yes
1753295196872,1753295196,KXMLBGAME-25JUL23SDMIA-SD,14,86,168,yes
1753295200633,1753295200,KXMLBGAME-25JUL23KCCHC-CHC,48,52,18,yes
1753295202060,1753295201,KXMLBGAME-25JUL23SDMIA-SD,12,88,83,no
1753295203036,1753295202,KXMLBGAME-25JUL23KCCHC-CHC,48,52,20,yes
1753295205937,1753295205,KXMLBGAME-25JUL23LAANYM-NYM,98,2,3,yes
1753295206614,1753295206,KXMLBGAME-25JUL23MINLAD-LAD,67,33,61,yes
1753295209752,1753295209,KXMLBGAME-25JUL23KCCHC-KC,55,45,17,yes
1753295213350,1753295213,KXMLBGAME-25JUL23KCCHC-KC,55,45,43,yes
1753295213350,1753295213,KXMLBGAME-25JUL23KCCHC-KC,55,45,1,yes
1753295219717,1753295219,KXMLBGAME-25JUL23SFATL-ATL,1,99,280,yes
1753295221811,1753295221,KXMLBGAME-25JUL23KCCHC-KC,55,45,176,yes
1753295222011,1753295221,KXMLBGAME-25JUL23SDMIA-MIA,87,13,39,yes
1753295222935,1753295222,KXMLBGAME-25JUL23KCCHC-CHC,48,52,33,yes
1753295222935,1753295222,KXMLBGAME-25JUL23KCCHC-CHC,48,52,369,yes
1753295222953,1753295222,KXMLBGAME-25JUL23KCCHC-KC,55,45,44,yes
1753295223213,1753295223,KXMLBGAME-25JUL23SDMIA-MIA,87,13,36,yes
1753295225591,1753295225,KXMLBGAME-25JUL23DETPIT-DET,2,98,46,yes
1753295228474,1753295228,KXMLBGAME-25JUL23BALCLE-CLE,55,45,44,yes
1753295232030,1753295231,KXMLBGAME-25JUL23KCCHC-CHC,48,52,200,yes
1753295232495,1753295232,KXMLBGAME-25JUL23CINWSH-CIN,99,1,203,no
1753295240071,1753295240,KXMLBGAME-25JUL23KCCHC-KC,55,45,77,yes
1753295244776,1753295244,KXMLBGAME-25JUL23KCCHC-KC,55,45,176,yes
1753295247432,1753295247,KXMLBGAME-25JUL23KCCHC-CHC,48,52,3,yes
1753295249363,1753295249,KXMLBGAME-25JUL23SDMIA-SD,13,87,87,yes
1753295249363,1753295249,KXMLBGAME-25JUL23SDMIA-SD,14,86,50,yes
1753295250138,1753295250,KXMLBGAME-25JUL23NYYTOR-TOR,45,55,10,yes
1753295250913,1753295250,KXMLBGAME-25JUL23KCCHC-CHC,46,54,24,no
1753295255836,1753295255,KXMLBGAME-25JUL23KCCHC-KC,55,45,411,yes
1753295261873,1753295261,KXMLBGAME-25JUL23MILSEA-MIL,47,53,10,yes
1753295267453,1753295267,KXMLBGAME-25JUL23SDMIA-MIA,88,12,34,yes
1753295267801,1753295267,KXMLBGAME-25JUL23SDMIA-SD,12,88,78,yes
1753295267852,1753295267,KXMLBGAME-25JUL23KCCHC-KC,55,45,35,yes
1753295268209,1753295268,KXMLBGAME-25JUL23SDMIA-SD,11,89,6,no
1753295271234,1753295271,KXMLBGAME-25JUL23KCCHC-KC,55,45,132,yes
1753295272710,1753295272,KXMLBGAME-25JUL23KCCHC-CHC,48,52,197,yes
1753295272710,1753295272,KXMLBGAME-25JUL23KCCHC-CHC,48,52,36,yes
1753295280370,1753295280,KXMLBGAME-25JUL23SDMIA-MIA,89,11,26,yes
1753295280370,1753295280,KXMLBGAME-25JUL23SDMIA-MIA,89,11,113,yes
1753295283060,1753295282,KXMLBGAME-25JUL23SDMIA-MIA,89,11,5,yes
1753295284072,1753295284,KXMLBGAME-25JUL23STLCOL-COL,38,62,1,yes
1753295288895,1753295288,KXMLBGAME-25JUL23KCCHC-CHC,48,52,201,yes
1753295289771,1753295289,KXMLBGAME-25JUL23BALCLE-CLE,55,45,19,yes
1753295291151,1753295291,KXMLBGAME-25JUL23STLCOL-STL,63,37,116,yes
1753295292493,1753295292,KXMLBGAME-25JUL23SDMIA-SD,13,87,14,yes
1753295292911,1753295292,KXMLBGAME-25JUL23SDMIA-MIA,89,11,273,yes
1753295296715,1753295296,KXMLBGAME-25JUL23MINLAD-LAD,67,33,195,yes
1753295300293,1753295300,KXMLBGAME-25JUL23SDMIA-SD,13,87,2,yes
1753295302451,1753295302,KXMLBGAME-25JUL23SDMIA-MIA,87,13,72,no
1753295302451,1753295302,KXMLBGAME-25JUL23SDMIA-MIA,87,13,57,no
1753295304254,1753295304,KXMLBGAME-25JUL23KCCHC-KC,54,46,8,yes
1753295306816,1753295306,KXMLBGAME-25JUL23KCCHC-KC,54,46,192,yes
1753295306816,1753295306,KXMLBGAME-25JUL23KCCHC-KC,55,45,742,yes
1753295312017,1753295311,KXMLBGAME-25JUL23HOUARI-ARI,57,43,97,yes
1753295312017,1753295311,KXMLBGAME-25JUL23HOUARI-ARI,57,43,73,yes
1753295312017,1753295311,KXMLBGAME-25JUL23LAANYM-LAA,2,98,55,no
1753295315110,1753295315,KXMLBGAME-25JUL23SDMIA-MIA,87,13,223,no
1753295318536,1753295318,KXMLBGAME-25JUL23HOUARI-ARI,57,43,51,yes
1753295324942,1753295324,KXMLBGAME-25JUL23CINWSH-CIN,99,1,347,no
1753295325276,1753295325,KXMLBGAME-25JUL23SDMIA-SD,13,87,300,yes
1753295325276,1753295325,KXMLBGAME-25JUL23SDMIA-SD,14,86,500,yes
1753295325276,1753295325,KXMLBGAME-25JUL23SDMIA-SD,14,86,300,yes
1753295325276,1753295325,KXMLBGAME-25JUL23SDMIA-SD,14,86,200,yes
1753295325276,1753295325,KXMLBGAME-25JUL23SDMIA-SD,14,86,47,yes
1753295326691,1753295326,KXMLBGAME-25JUL23KCCHC-KC,54,46,500,yes
1753295326691,1753295326,KXMLBGAME-25JUL23KCCHC-KC,55,45,81,yes
1753295326691,1753295326,KXMLBGAME-25JUL23KCCHC-KC,55,45,16,yes
1753295328627,1753295328,KXMLBGAME-25JUL23SDMIA-MIA,88,12,200,yes
1753295328627,1753295328,KXMLBGAME-25JUL23SDMIA-MIA,88,12,237,yes
1753295329550,1753295329,KXMLBGAME-25JUL23SDMIA-MIA,88,12,63,yes
1753295331031,1753295330,KXMLBGAME-25JUL23KCCHC-KC,55,45,17,yes
1753295331730,1753295331,KXMLBGAME-25JUL23SDMIA-MIA,89,11,4,yes
1753295332394,1753295332,KXMLBGAME-25JUL23STLCOL-COL,38,62,5,yes
1753295332912,1753295332,KXMLBGAME-25JUL23MILSEA-SEA,54,46,37,yes
1753295341091,1753295341,KXMLBGAME-25JUL23SDMIA-SD,13,87,72,yes
1753295344853,1753295344,KXMLBGAME-25JUL23LAANYM-LAA,2,98,184,no
1753295344853,1753295344,KXMLBGAME-25JUL23LAANYM-LAA,2,98,5,no
1753295344853,1753295344,KXMLBGAME-25JUL23LAANYM-LAA,2,98,69,no
1753295346011,1753295345,KXMLBGAME-25JUL23KCCHC-CHC,46,54,276,no
1753295349332,1753295349,KXMLBGAME-25JUL23LAANYM-LAA,2,98,3,no
1753295353331,1753295352,KXMLBGAME-25JUL23KCCHC-CHC,46,54,209,yes
1753295355831,1753295355,KXMLBGAME-25JUL23KCCHC-CHC,46,54,2,yes
1753295356111,1753295355,KXMLBGAME-25JUL23KCCHC-KC,56,44,173,yes
1753295359230,1753295358,KXMLBGAME-25JUL23SDMIA-MIA,89,11,26,yes
1753295360365,1753295359,KXMLBGAME-25JUL23KCCHC-KC,56,44,127,yes
1753295360365,1753295359,KXMLBGAME-25JUL23KCCHC-KC,57,43,215,yes
1753295360534,1753295360,KXMLBGAME-25JUL23SFATL-ATL,1,99,93,yes
1753295360833,1753295360,KXMLBGAME-25JUL23SDMIA-SD,13,87,181,yes
1753295361612,1753295361,KXMLBGAME-25JUL23DETPIT-PIT,98,2,11,no
1753295365712,1753295365,KXMLBGAME-25JUL23KCCHC-KC,56,44,173,yes
1753295365772,1753295365,KXMLBGAME-25JUL23KCCHC-CHC,44,56,154,no
1753295370013,1753295369,KXMLBGAME-25JUL23LAANYM-NYM,98,2,5,yes
1753295371693,1753295371,KXMLBGAME-25JUL23LAANYM-LAA,4,96,43,yes
1753295371693,1753295371,KXMLBGAME-25JUL23LAANYM-LAA,4,96,44,yes
1753295371693,1753295371,KXMLBGAME-25JUL23LAANYM-LAA,4,96,615,yes
1753295373171,1753295372,KXMLBGAME-25JUL23SDMIA-MIA,89,11,5,yes
1753295374871,1753295374,KXMLBGAME-25JUL23KCCHC-KC,56,44,8,yes
1753295376070,1753295375,KXMLBGAME-25JUL23SDMIA-MIA,89,11,273,yes
1753295378252,1753295378,KXMLBGAME-25JUL23SDMIA-SD,12,88,16,yes
1753295379092,1753295379,KXMLBGAME-25JUL23SDMIA-SD,12,88,39,yes
1753295380552,1753295380,KXMLBGAME-25JUL23KCCHC-KC,55,45,19,yes
1753295380712,1753295380,KXMLBGAME-25JUL23KCCHC-CHC,46,54,3000,yes
1753295380789,1753295380,KXMLBGAME-25JUL23KCCHC-CHC,46,54,1736,yes
1753295380871,1753295380,KXMLBGAME-25JUL23KCCHC-CHC,46,54,53,yes
1753295380871,1753295380,KXMLBGAME-25JUL23KCCHC-CHC,46,54,87,yes
1753295380871,1753295380,KXMLBGAME-25JUL23KCCHC-CHC,46,54,1736,yes
1753295380970,1753295380,KXMLBGAME-25JUL23KCCHC-CHC,47,53,578,yes
1753295380991,1753295380,KXMLBGAME-25JUL23KCCHC-KC,54,46,87,no
1753295381072,1753295380,KXMLBGAME-25JUL23KCCHC-CHC,46,54,87,yes
1753295381072,1753295380,KXMLBGAME-25JUL23KCCHC-CHC,47,53,4422,yes
1753295381073,1753295381,KXMLBGAME-25JUL23KCCHC-KC,53,47,70,no
1753295381354,1753295381,KXMLBGAME-25JUL23KCCHC-CHC,48,52,300,yes
1753295385492,1753295385,KXMLBGAME-25JUL23KCCHC-CHC,48,52,300,yes
1753295388531,1753295388,KXMLBGAME-25JUL23KCCHC-KC,52,48,87,yes
1753295388531,1753295388,KXMLBGAME-25JUL23KCCHC-KC,52,48,6,yes
1753295392773,1753295392,KXMLBGAME-25JUL23MILSEA-MIL,47,53,4,yes
1753295393453,1753295393,KXMLBGAME-25JUL23KCCHC-KC,52,48,294,yes
1753295393453,1753295393,KXMLBGAME-25JUL23KCCHC-KC,53,47,87,yes
1753295393453,1753295393,KXMLBGAME-25JUL23KCCHC-KC,53,47,600,yes
1753295393453,1753295393,KXMLBGAME-25JUL23KCCHC-KC,53,47,200,yes
1753295393453,1753295393,KXMLBGAME-25JUL23KCCHC-KC,54,46,600,yes
1753295393453,1753295393,KXMLBGAME-25JUL23KCCHC-KC,54,46,447,yes
1753295396933,1753295396,KXMLBGAME-25JUL23SDMIA-MIA,89,11,111,yes
1753295397372,1753295397,KXMLBGAME-25JUL23SDMIA-MIA,88,12,186,no
1753295397390,1753295397,KXMLBGAME-25JUL23SFATL-SF,99,1,49,no
1753295401853,1753295401,KXMLBGAME-25JUL23DETPIT-PIT,99,1,10,yes
1753295403071,1753295402,KXMLBGAME-25JUL23KCCHC-CHC,50,50,200,yes
1753295403071,1753295402,KXMLBGAME-25JUL23KCCHC-CHC,51,49,300,yes
1753295403071,1753295402,KXMLBGAME-25JUL23KCCHC-CHC,52,48,257,yes
1753295404073,1753295404,KXMLBGAME-25JUL23STLCOL-COL,38,62,252,yes
1753295406315,1753295406,KXMLBGAME-25JUL23CINWSH-CIN,99,1,171,no
1753295406651,1753295406,KXMLBGAME-25JUL23KCCHC-CHC,51,49,300,yes
1753295406652,1753295406,KXMLBGAME-25JUL23KCCHC-CHC,52,48,1,yes
1753295407454,1753295407,KXMLBGAME-25JUL23SDMIA-SD,12,88,227,yes
1753295411231,1753295411,KXMLBGAME-25JUL23SDMIA-SD,12,88,392,yes
1753295411832,1753295411,KXMLBGAME-25JUL23SDMIA-MIA,88,12,31,no
1753295413034,1753295412,KXMLBGAME-25JUL23CINWSH-CIN,99,1,46,no
1753295413091,1753295413,KXMLBGAME-25JUL23SDMIA-SD,13,87,14,yes
1753295415192,1753295415,KXMLBGAME-25JUL23CINWSH-CIN,99,1,18,no
1753295417272,1753295417,KXMLBGAME-25JUL23DETPIT-DET,2,98,5,yes
1753295420554,1753295420,KXMLBGAME-25JUL23KCCHC-CHC,49,51,47,no
1753295420954,1753295420,KXMLBGAME-25JUL23KCCHC-KC,51,49,87,yes
1753295420954,1753295420,KXMLBGAME-25JUL23KCCHC-KC,51,49,7,yes
1753295425972,1753295425,KXMLBGAME-25JUL23KCCHC-KC,50,50,67,yes
1753295425972,1753295425,KXMLBGAME-25JUL23KCCHC-KC,51,49,25,yes
1753295439528,1753295439,KXMLBGAME-25JUL23KCCHC-KC,50,50,48,yes
1753295439612,1753295439,KXMLBGAME-25JUL23LAANYM-NYM,98,2,61,yes
1753295439612,1753295439,KXMLBGAME-25JUL23LAANYM-NYM,98,2,63,yes
1753295439613,1753295439,KXMLBGAME-25JUL23LAANYM-NYM,98,2,300,yes
1753295439613,1753295439,KXMLBGAME-25JUL23LAANYM-NYM,99,1,1000,yes
1753295439613,1753295439,KXMLBGAME-25JUL23LAANYM-NYM,99,1,145,yes
1753295439613,1753295439,KXMLBGAME-25JUL23LAANYM-NYM,99,1,3182,yes
1753295440113,1753295440,KXMLBGAME-25JUL23KCCHC-CHC,52,48,186,yes
1753295441933,1753295441,KXMLBGAME-25JUL23CINWSH-CIN,99,1,17,no
1753295449832,1753295449,KXMLBGAME-25JUL23KCCHC-CHC,52,48,80,yes
1753295454069,1753295453,KXMLBGAME-25JUL23SFATL-ATL,1,99,93,yes
1753295456095,1753295456,KXMLBGAME-25JUL23LAANYM-LAA,4,96,23,yes
1753295457374,1753295457,KXMLBGAME-25JUL23KCCHC-KC,50,50,48,yes
1753295458211,1753295458,KXMLBGAME-25JUL23SDMIA-MIA,89,11,10,yes
1753295458880,1753295458,KXMLBGAME-25JUL23HOUARI-ARI,56,44,31,yes
1753295464615,1753295464,KXMLBGAME-25JUL23KCCHC-KC,50,50,33,yes
1753295466073,1753295466,KXMLBGAME-25JUL23KCCHC-KC,50,50,65,yes
1753295466751,1753295466,KXMLBGAME-25JUL23STLCOL-STL,63,37,143,yes
1753295472502,1753295472,KXMLBGAME-25JUL23KCCHC-CHC,52,48,33,yes
1753295477632,1753295477,KXMLBGAME-25JUL23MILSEA-MIL,47,53,51,yes
1753295478852,1753295478,KXMLBGAME-25JUL23MILSEA-MIL,47,53,102,yes
1753295481035,1753295480,KXMLBGAME-25JUL23KCCHC-KC,52,48,50,yes
1753295481453,1753295481,KXMLBGAME-25JUL23KCCHC-CHC,51,49,5,yes
1753295486355,1753295486,KXMLBGAME-25JUL23KCCHC-KC,51,49,1,yes
1753295487873,1753295487,KXMLBGAME-25JUL23CINWSH-CIN,99,1,18,no
1753295495872,1753295495,KXMLBGAME-25JUL23KCCHC-CHC,48,52,191,yes
1753295501312,1753295501,KXMLBGAME-25JUL23LAANYM-LAA,4,96,23,yes
1753295501691,1753295501,KXMLBGAME-25JUL23CINWSH-CIN,99,1,256,no
1753295503891,1753295503,KXMLBGAME-25JUL23SDMIA-MIA,88,12,87,yes
1753295503891,1753295503,KXMLBGAME-25JUL23SDMIA-MIA,89,11,2237,yes
1753295503891,1753295503,KXMLBGAME-25JUL23SDMIA-MIA,89,11,4,yes
1753295503891,1753295503,KXMLBGAME-25JUL23SDMIA-MIA,89,11,300,yes
1753295503891,1753295503,KXMLBGAME-25JUL23SDMIA-MIA,89,11,200,yes
1753295503891,1753295503,KXMLBGAME-25JUL23SDMIA-MIA,89,11,193,yes
1753295504352,1753295504,KXMLBGAME-25JUL23SDMIA-MIA,88,12,2,yes
1753295507394,1753295507,KXMLBGAME-25JUL23KCCHC-KC,55,45,5,yes
1753295511817,1753295511,KXMLBGAME-25JUL23DETPIT-DET,1,99,140,no
1753295512743,1753295512,KXMLBGAME-25JUL23CINWSH-CIN,99,1,86,no
1753295514433,1753295513,KXMLBGAME-25JUL23SDMIA-SD,14,86,200,yes
1753295514813,1753295514,KXMLBGAME-25JUL23LAANYM-LAA,4,96,585,yes
1753295515833,1753295515,KXMLBGAME-25JUL23SDMIA-SD,13,87,194,no
1753295516734,1753295516,KXMLBGAME-25JUL23SFATL-ATL,1,99,93,yes
1753295536752,1753295536,KXMLBGAME-25JUL23SDMIA-MIA,88,12,100,yes
1753295541013,1753295540,KXMLBGAME-25JUL23SDMIA-MIA,88,12,1,yes
1753295542329,1753295542,KXMLBGAME-25JUL23SDMIA-SD,13,87,21,yes
1753295543463,1753295543,KXMLBGAME-25JUL23CINWSH-CIN,99,1,12,no
1753295549611,1753295549,KXMLBGAME-25JUL23KCCHC-KC,55,45,46,yes
1753295549611,1753295549,KXMLBGAME-25JUL23KCCHC-KC,56,44,150,yes
1753295550972,1753295550,KXMLBGAME-25JUL23NYYTOR-TOR,45,55,8,yes
1753295551732,1753295551,KXMLBGAME-25JUL23DETPIT-PIT,99,1,28,yes
1753295552577,1753295552,KXMLBGAME-25JUL23KCCHC-KC,56,44,15,yes
1753295553331,1753295553,KXMLBGAME-25JUL23SDMIA-SD,13,87,228,yes
1753295555548,1753295555,KXMLBGAME-25JUL23KCCHC-CHC,46,54,5,yes
1753295556293,1753295556,KXMLBGAME-25JUL23SDMIA-SD,13,87,228,yes
1753295557250,1753295557,KXMLBGAME-25JUL23SDMIA-SD,13,87,228,yes
1753295557372,1753295557,KXMLBGAME-25JUL23SDMIA-MIA,87,13,500,no
1753295557412,1753295557,KXMLBGAME-25JUL23SDMIA-SD,13,87,101,yes
1753295557671,1753295557,KXMLBGAME-25JUL23SDMIA-MIA,87,13,20,no
1753295558170,1753295558,KXMLBGAME-25JUL23SDMIA-MIA,87,13,300,no
1753295559392,1753295559,KXMLBGAME-25JUL23SDMIA-MIA,87,13,180,no
1753295560356,1753295560,KXMLBGAME-25JUL23KCCHC-KC,56,44,12,yes
1753295562592,1753295562,KXMLBGAME-25JUL23STLCOL-STL,63,37,15,yes
1753295564612,1753295564,KXMLBGAME-25JUL23KCCHC-KC,58,42,176,yes
1753295564612,1753295564,KXMLBGAME-25JUL23KCCHC-KC,59,41,200,yes
1753295564612,1753295564,KXMLBGAME-25JUL23KCCHC-KC,59,41,285,yes
1753295572407,1753295572,KXMLBGAME-25JUL23KCCHC-CHC,42,58,5,no
1753295575105,1753295574,KXMLBGAME-25JUL23HOUARI-HOU,45,55,21,yes
1753295577552,1753295577,KXMLBGAME-25JUL23KCCHC-CHC,41,59,500,no
1753295577552,1753295577,KXMLBGAME-25JUL23KCCHC-CHC,41,59,99,no
1753295583351,1753295583,KXMLBGAME-25JUL23KCCHC-CHC,42,58,270,yes
1753295584552,1753295584,KXMLBGAME-25JUL23DETPIT-PIT,99,1,807,yes
1753295585831,1753295585,KXMLBGAME-25JUL23STLCOL-STL,63,37,15,yes
1753295589032,1753295588,KXMLBGAME-25JUL23STLCOL-STL,63,37,30,yes
1753295591893,1753295591,KXMLBGAME-25JUL23SDMIA-SD,14,86,80,yes
1753295593618,1753295593,KXMLBGAME-25JUL23HOUARI-HOU,45,55,500,yes
1753295594674,1753295594,KXMLBGAME-25JUL23SDMIA-MIA,87,13,87,yes
1753295594674,1753295594,KXMLBGAME-25JUL23SDMIA-MIA,87,13,26,yes
1753295595655,1753295595,KXMLBGAME-25JUL23KCCHC-KC,58,42,17,yes
1753295596653,1753295596,KXMLBGAME-25JUL23MINLAD-LAD,67,33,14,yes
1753295597121,1753295596,KXMLBGAME-25JUL23KCCHC-CHC,42,58,400,yes
1753295597121,1753295596,KXMLBGAME-25JUL23KCCHC-CHC,42,58,300,yes
1753295603033,1753295602,KXMLBGAME-25JUL23ATHTEX-TEX,56,44,17,yes
1753295603931,1753295603,KXMLBGAME-25JUL23SDMIA-MIA,87,13,1,yes
1753295610411,1753295609,KXMLBGAME-25JUL23SDMIA-SD,14,86,6,yes
1753295611212,1753295610,KXMLBGAME-25JUL23SDMIA-MIA,86,14,63,no
1753295611513,1753295611,KXMLBGAME-25JUL23SDMIA-MIA,87,13,170,yes
1753295613834,1753295613,KXMLBGAME-25JUL23ATHTEX-TEX,56,44,5,yes
1753295615314,1753295615,KXMLBGAME-25JUL23DETPIT-PIT,99,1,14,yes
1753295616354,1753295616,KXMLBGAME-25JUL23SDMIA-MIA,87,13,429,yes
1753295616354,1753295616,KXMLBGAME-25JUL23SDMIA-MIA,87,13,1223,yes
1753295616932,1753295616,KXMLBGAME-25JUL23DETPIT-DET,1,99,172,no
1753295617534,1753295617,KXMLBGAME-25JUL23SDMIA-SD,14,86,5,yes
1753295618393,1753295618,KXMLBGAME-25JUL23SDMIA-SD,14,86,100,yes
1753295619512,1753295619,KXMLBGAME-25JUL23LAANYM-NYM,99,1,158,yes
1753295622172,1753295622,KXMLBGAME-25JUL23KCCHC-KC,63,37,35,yes
1753295622172,1753295622,KXMLBGAME-25JUL23KCCHC-KC,63,37,8,yes
1753295624133,1753295624,KXMLBGAME-25JUL23KCCHC-CHC,39,61,122,yes
1753295624471,1753295624,KXMLBGAME-25JUL23KCCHC-KC,63,37,30,yes
1753295624633,1753295624,KXMLBGAME-25JUL23SDMIA-MIA,87,13,1,yes
1753295625791,1753295625,KXMLBGAME-25JUL23SDMIA-SD,14,86,13,yes
1753295626372,1753295626,KXMLBGAME-25JUL23SDMIA-SD,14,86,67,yes
1753295630653,1753295630,KXMLBGAME-25JUL23DETPIT-PIT,99,1,19,yes
1753295630653,1753295630,KXMLBGAME-25JUL23DETPIT-PIT,99,1,25,yes
1753295630653,1753295630,KXMLBGAME-25JUL23DETPIT-PIT,99,1,19,yes
1753295631902,1753295631,KXMLBGAME-25JUL23SDMIA-SD,14,86,67,yes
1753295632132,1753295632,KXMLBGAME-25JUL23SDMIA-SD,14,86,1421,yes
1753295632552,1753295632,KXMLBGAME-25JUL23KCCHC-CHC,40,60,16,yes
1753295632751,1753295632,KXMLBGAME-25JUL23SDMIA-MIA,87,13,112,yes
1753295636652,1753295636,KXMLBGAME-25JUL23STLCOL-STL,63,37,70,yes
1753295645552,1753295645,KXMLBGAME-25JUL23KCCHC-KC,63,37,123,yes
1753295646691,1753295646,KXMLBGAME-25JUL23SDMIA-SD,14,86,80,yes
1753295647432,1753295647,KXMLBGAME-25JUL23SDMIA-MIA,87,13,5,yes
1753295648374,1753295648,KXMLBGAME-25JUL23KCCHC-KC,63,37,339,yes
1753295648374,1753295648,KXMLBGAME-25JUL23KCCHC-KC,63,37,26,yes
1753295648374,1753295648,KXMLBGAME-25JUL23KCCHC-KC,64,36,300,yes
1753295648374,1753295648,KXMLBGAME-25JUL23KCCHC-KC,64,36,500,yes
1753295648374,1753295648,KXMLBGAME-25JUL23KCCHC-KC,64,36,59,yes
1753295651930,1753295651,KXMLBGAME-25JUL23SDMIA-SD,14,86,128,yes
1753295653192,1753295653,KXMLBGAME-25JUL23SFATL-SF,99,1,96,no
1753295655135,1753295655,KXMLBGAME-25JUL23LAANYM-NYM,97,3,5,no
1753295655135,1753295655,KXMLBGAME-25JUL23LAANYM-NYM,97,3,42,no
1753295656894,1753295656,KXMLBGAME-25JUL23SDMIA-MIA,87,13,182,yes
1753295656894,1753295656,KXMLBGAME-25JUL23SDMIA-MIA,87,13,3,yes
1753295663313,1753295663,KXMLBGAME-25JUL23STLCOL-COL,38,62,4,yes
1753295663313,1753295663,KXMLBGAME-25JUL23STLCOL-COL,38,62,33,yes
1753295666193,1753295666,KXMLBGAME-25JUL23SDMIA-SD,14,86,6,yes
1753295668552,1753295668,KXMLBGAME-25JUL23SDMIA-SD,14,86,33,yes
1753295670113,1753295670,KXMLBGAME-25JUL23KCCHC-CHC,39,61,12,yes
1753295673922,1753295673,KXMLBGAME-25JUL23SDMIA-MIA,87,13,73,yes
1753295673922,1753295673,KXMLBGAME-25JUL23SDMIA-MIA,87,13,38,yes
1753295676990,1753295676,KXMLBGAME-25JUL23SDMIA-SD,14,86,33,yes
1753295679792,1753295679,KXMLBGAME-25JUL23SDMIA-MIA,87,13,22,yes
1753295683912,1753295683,KXMLBGAME-25JUL23STLCOL-STL,63,37,234,yes
1753295683912,1753295683,KXMLBGAME-25JUL23STLCOL-STL,64,36,59,yes
1753295683912,1753295683,KXMLBGAME-25JUL23STLCOL-STL,64,36,69,yes
1753295684033,1753295683,KXMLBGAME-25JUL23MINLAD-LAD,67,33,40,yes
1753295685012,1753295684,KXMLBGAME-25JUL23SFATL-SF,99,1,11,no
1753295688111,1753295687,KXMLBGAME-25JUL23STLCOL-STL,62,38,70,no
1753295689033,1753295688,KXMLBGAME-25JUL23LAANYM-NYM,98,2,20,yes
1753295696132,1753295695,KXMLBGAME-25JUL23SDMIA-SD,14,86,6,yes
1753295696448,1753295696,KXMLBGAME-25JUL23SDMIA-MIA,87,13,22,yes
1753295703052,1753295702,KXMLBGAME-25JUL23SDMIA-SD,14,86,86,yes
1753295711335,1753295711,KXMLBGAME-25JUL23STLCOL-STL,64,36,75,yes
1753295714054,1753295714,KXMLBGAME-25JUL23HOUARI-HOU,45,55,11,yes
1753295714275,1753295714,KXMLBGAME-25JUL23KCCHC-KC,63,37,20,yes
1753295714275,1753295714,KXMLBGAME-25JUL23KCCHC-KC,63,37,10,yes
1753295716532,1753295716,KXMLBGAME-25JUL23MILSEA-MIL,47,53,22,yes
1753295717372,1753295717,KXMLBGAME-25JUL23LAANYM-LAA,3,97,98,yes
1753295717571,1753295717,KXMLBGAME-25JUL23HOUARI-HOU,45,55,10,yes
1753295720871,1753295720,KXMLBGAME-25JUL23SDMIA-SD,11,89,500,no
1753295721154,1753295721,KXMLBGAME-25JUL23SDMIA-MIA,90,10,200,yes
1753295721154,1753295721,KXMLBGAME-25JUL23SDMIA-MIA,90,10,300,yes
1753295722272,1753295722,KXMLBGAME-25JUL23SDMIA-SD,11,89,444,no
1753295722371,1753295722,KXMLBGAME-25JUL23LAANYM-LAA,3,97,156,yes
1753295723110,1753295722,KXMLBGAME-25JUL23SDMIA-SD,11,89,433,no
1753295723950,1753295723,KXMLBGAME-25JUL23SDMIA-SD,11,89,499,no
1753295724233,1753295724,KXMLBGAME-25JUL23SDMIA-SD,11,89,790,no
1753295724612,1753295724,KXMLBGAME-25JUL23HOUARI-ARI,56,44,52,yes
1753295725673,1753295725,KXMLBGAME-25JUL23KCCHC-CHC,39,61,73,yes
1753295730973,1753295730,KXMLBGAME-25JUL23SDMIA-SD,10,90,18,yes
1753295732055,1753295732,KXMLBGAME-25JUL23SDMIA-SD,10,90,112,yes
1753295733519,1753295733,KXMLBGAME-25JUL23SDMIA-SD,10,90,170,yes
1753295733519,1753295733,KXMLBGAME-25JUL23SDMIA-SD,10,90,87,yes
1753295733519,1753295733,KXMLBGAME-25JUL23SDMIA-SD,11,89,621,yes
1753295734113,1753295734,KXMLBGAME-25JUL23MILSEA-MIL,47,53,30,yes
1753295734914,1753295734,KXMLBGAME-25JUL23SDMIA-MIA,91,9,27,yes
1753295738355,1753295738,KXMLBGAME-25JUL23SDMIA-SD,10,90,87,yes
1753295738355,1753295738,KXMLBGAME-25JUL23SDMIA-SD,10,90,300,yes
1753295738355,1753295738,KXMLBGAME-25JUL23SDMIA-SD,11,89,503,yes
1753295738631,1753295738,KXMLBGAME-25JUL23KCCHC-CHC,39,61,4,yes
1753295741129,1753295740,KXMLBGAME-25JUL23KCCHC-CHC,39,61,26,yes
1753295743043,1753295742,KXMLBGAME-25JUL23CINWSH-CIN,99,1,13,no
1753295745090,1753295744,KXMLBGAME-25JUL23SDMIA-SD,10,90,5,yes
1753295748033,1753295747,KXMLBGAME-25JUL23KCCHC-KC,63,37,7,yes
1753295748453,1753295748,KXMLBGAME-25JUL23MILSEA-MIL,47,53,4,yes
1753295748994,1753295748,KXMLBGAME-25JUL23SDMIA-SD,10,90,69,yes
1753295748994,1753295748,KXMLBGAME-25JUL23SDMIA-SD,10,90,25,yes
1753295749652,1753295749,KXMLBGAME-25JUL23SDMIA-MIA,91,9,3,yes
1753295750592,1753295750,KXMLBGAME-25JUL23LAANYM-NYM,98,2,122,yes
1753295752045,1753295752,KXMLBGAME-25JUL23KCCHC-KC,63,37,15,yes
1753295752045,1753295752,KXMLBGAME-25JUL23KCCHC-KC,63,37,166,yes
1753295755435,1753295755,KXMLBGAME-25JUL23SDMIA-SD,10,90,9,yes
1753295757536,1753295757,KXMLBGAME-25JUL23SDMIA-MIA,92,8,41,yes
1753295757753,1753295757,KXMLBGAME-25JUL23MILSEA-MIL,47,53,20,yes
1753295762806,1753295762,KXMLBGAME-25JUL23SDMIA-MIA,93,7,16,yes
1753295766435,1753295766,KXMLBGAME-25JUL23SDMIA-SD,10,90,266,yes
1753295766435,1753295766,KXMLBGAME-25JUL23SDMIA-SD,10,90,400,yes
1753295766435,1753295766,KXMLBGAME-25JUL23SDMIA-SD,10,90,600,yes
1753295766435,1753295766,KXMLBGAME-25JUL23SDMIA-SD,11,89,600,yes
1753295766435,1753295766,KXMLBGAME-25JUL23SDMIA-SD,11,89,55,yes
1753295766435,1753295766,KXMLBGAME-25JUL23SDMIA-SD,11,89,10,yes
1753295766435,1753295766,KXMLBGAME-25JUL23SDMIA-SD,11,89,200,yes
1753295766435,1753295766,KXMLBGAME-25JUL23SDMIA-SD,11,89,122,yes
1753295766533,1753295766,KXMLBGAME-25JUL23KCCHC-CHC,40,60,25,yes
1753295775714,1753295775,KXMLBGAME-25JUL23LAANYM-NYM,97,3,1,no
1753295777334,1753295777,KXMLBGAME-25JUL23SFATL-ATL,1,99,467,yes
1753295777632,1753295777,KXMLBGAME-25JUL23SDMIA-SD,10,90,32,no
1753295779133,1753295779,KXMLBGAME-25JUL23KCCHC-KC,60,40,300,no
1753295779133,1753295779,KXMLBGAME-25JUL23KCCHC-KC,60,40,87,no
1753295779773,1753295779,KXMLBGAME-25JUL23KCCHC-CHC,41,59,87,yes
1753295785129,1753295785,KXMLBGAME-25JUL23SDMIA-MIA,90,10,19,yes
1753295786735,1753295786,KXMLBGAME-25JUL23SDMIA-MIA,90,10,181,yes
1753295786735,1753295786,KXMLBGAME-25JUL23SDMIA-MIA,90,10,122,yes
1753295791833,1753295791,KXMLBGAME-25JUL23KCCHC-CHC,42,58,87,yes
1753295791833,1753295791,KXMLBGAME-25JUL23KCCHC-CHC,42,58,256,yes
1753295793251,1753295793,KXMLBGAME-25JUL23MINLAD-MIN,34,66,5,yes
1753295794452,1753295794,KXMLBGAME-25JUL23SDMIA-MIA,90,10,69,no
1753295794814,1753295794,KXMLBGAME-25JUL23KCCHC-CHC,42,58,16,yes
1753295795571,1753295795,KXMLBGAME-25JUL23KCCHC-CHC,41,59,913,no
1753295795571,1753295795,KXMLBGAME-25JUL23KCCHC-CHC,41,59,2500,no
1753295795571,1753295795,KXMLBGAME-25JUL23KCCHC-CHC,40,60,1000,no
1753295795731,1753295795,KXMLBGAME-25JUL23KCCHC-KC,59,41,613,yes
1753295795731,1753295795,KXMLBGAME-25JUL23KCCHC-KC,59,41,2500,yes
1753295795731,1753295795,KXMLBGAME-25JUL23KCCHC-KC,60,40,1000,yes
1753295801912,1753295801,KXMLBGAME-25JUL23SDMIA-SD,11,89,8,yes
1753295806335,1753295806,KXMLBGAME-25JUL23BALCLE-BAL,46,54,3,yes
1753295811804,1753295811,KXMLBGAME-25JUL23KCCHC-KC,60,40,5,yes
1753295812131,1753295812,KXMLBGAME-25JUL23KCCHC-KC,60,40,7,yes
1753295824112,1753295824,KXMLBGAME-25JUL23KCCHC-KC,59,41,100,yes
1753295824112,1753295824,KXMLBGAME-25JUL23KCCHC-KC,60,40,63,yes
1753295825065,1753295824,KXMLBGAME-25JUL23LAANYM-LAA,3,97,156,yes
1753295826193,1753295826,KXMLBGAME-25JUL23DETPIT-DET,1,99,467,yes
1753295829133,1753295829,KXMLBGAME-25JUL23SDMIA-SD,12,88,25,yes
1753295835556,1753295835,KXMLBGAME-25JUL23SDMIA-SD,10,90,6,yes
1753295835712,1753295835,KXMLBGAME-25JUL23SDMIA-SD,9,91,300,no
1753295835712,1753295835,KXMLBGAME-25JUL23SDMIA-SD,9,91,87,no
1753295835714,1753295835,KXMLBGAME-25JUL23SDMIA-MIA,91,9,87,yes
1753295835714,1753295835,KXMLBGAME-25JUL23SDMIA-MIA,92,8,25,yes
1753295836435,1753295836,KXMLBGAME-25JUL23SDMIA-MIA,92,8,84,yes
1753295836790,1753295836,KXMLBGAME-25JUL23SDMIA-MIA,93,7,500,yes
1753295840573,1753295840,KXMLBGAME-25JUL23SDMIA-MIA,95,5,3,yes
1753295840638,1753295840,KXMLBGAME-25JUL23SDMIA-SD,5,95,100,no
1753295840638,1753295840,KXMLBGAME-25JUL23SDMIA-SD,5,95,10,no
1753295846533,1753295846,KXMLBGAME-25JUL23KCCHC-CHC,42,58,100,yes
1753295846533,1753295846,KXMLBGAME-25JUL23KCCHC-KC,58,42,100,no
1753295848273,1753295848,KXMLBGAME-25JUL23SDMIA-SD,5,95,37,yes
1753295849753,1753295849,KXMLBGAME-25JUL23STLCOL-STL,64,36,75,yes
1753295850332,1753295850,KXMLBGAME-25JUL23SDMIA-MIA,96,4,200,yes
1753295850332,1753295850,KXMLBGAME-25JUL23SDMIA-MIA,96,4,59,yes
1753295851752,1753295851,KXMLBGAME-25JUL23KCCHC-KC,60,40,15,yes
1753295858337,1753295858,KXMLBGAME-25JUL23SDMIA-SD,5,95,50,yes
1753295858337,1753295858,KXMLBGAME-25JUL23SDMIA-SD,5,95,37,yes
1753295858337,1753295858,KXMLBGAME-25JUL23SDMIA-SD,5,95,83,yes
1753295870636,1753295870,KXMLBGAME-25JUL23SDMIA-MIA,95,5,84,no
1753295870654,1753295870,KXMLBGAME-25JUL23LAANYM-LAA,3,97,157,yes
1753295870654,1753295870,KXMLBGAME-25JUL23KCCHC-KC,58,42,100,no
1753295871147,1753295870,KXMLBGAME-25JUL23SDMIA-MIA,95,5,216,no
1753295871147,1753295870,KXMLBGAME-25JUL23SDMIA-MIA,95,5,81,no
1753295871147,1753295870,KXMLBGAME-25JUL23SDMIA-MIA,93,7,120,no
1753295871147,1753295870,KXMLBGAME-25JUL23SDMIA-SD,4,96,200,no
1753295871147,1753295870,KXMLBGAME-25JUL23BALCLE-CLE,55,45,88,yes
1753295872732,1753295872,KXMLBGAME-25JUL23KCCHC-CHC,42,58,1,yes
1753295874435,1753295874,KXMLBGAME-25JUL23SDMIA-MIA,95,5,21,no
1753295881112,1753295881,KXMLBGAME-25JUL23SDMIA-MIA,96,4,46,yes
1753295881413,1753295881,KXMLBGAME-25JUL23MINLAD-LAD,67,33,72,yes
1753295883191,1753295883,KXMLBGAME-25JUL23HOUARI-ARI,56,44,45,yes
1753295883830,1753295883,KXMLBGAME-25JUL23KCCHC-CHC,42,58,62,yes
1753295883830,1753295883,KXMLBGAME-25JUL23KCCHC-CHC,42,58,300,yes
1753295884071,1753295884,KXMLBGAME-25JUL23SDMIA-SD,4,96,117,yes
1753295885011,1753295884,KXMLBGAME-25JUL23KCCHC-KC,58,42,131,yes
1753295885612,1753295885,KXMLBGAME-25JUL23STLCOL-STL,64,36,39,yes
1753295885652,1753295885,KXMLBGAME-25JUL23SFATL-SF,99,1,35,no
1753295886931,1753295886,KXMLBGAME-25JUL23SDMIA-MIA,96,4,370,yes
1753295887615,1753295887,KXMLBGAME-25JUL23SDMIA-SD,2,98,300,no
1753295887615,1753295887,KXMLBGAME-25JUL23SDMIA-SD,2,98,99,no
1753295889293,1753295889,KXMLBGAME-25JUL23SDMIA-MIA,96,4,456,yes
1753295890092,1753295890,KXMLBGAME-25JUL23SDMIA-MIA,96,4,440,yes
1753295890933,1753295890,KXMLBGAME-25JUL23SDMIA-MIA,96,4,459,yes
1753295891131,1753295891,KXMLBGAME-25JUL23SDMIA-SD,2,98,1,no
1753295891132,1753295891,KXMLBGAME-25JUL23SDMIA-SD,1,99,1000,no
1753295891132,1753295891,KXMLBGAME-25JUL23SDMIA-SD,1,99,99,no
1753295891732,1753295891,KXMLBGAME-25JUL23SDMIA-MIA,96,4,48,yes
1753295891812,1753295891,KXMLBGAME-25JUL23SDMIA-MIA,96,4,122,yes
1753295892872,1753295892,KXMLBGAME-25JUL23KCCHC-KC,58,42,16,yes
1753295898472,1753295898,KXMLBGAME-25JUL23SDMIA-MIA,97,3,2,yes
1753295901711,1753295901,KXMLBGAME-25JUL23SDMIA-SD,5,95,3,yes
1753295904630,1753295904,KXMLBGAME-25JUL23KCCHC-CHC,43,57,3,yes
1753295904713,1753295904,KXMLBGAME-25JUL23SDMIA-MIA,97,3,198,yes
1753295904713,1753295904,KXMLBGAME-25JUL23SDMIA-MIA,97,3,59,yes
1753295910034,1753295909,KXMLBGAME-25JUL23KCCHC-KC,58,42,66,yes
1753295910932,1753295910,KXMLBGAME-25JUL23SFATL-SF,99,1,4560,no
1753295913027,1753295912,KXMLBGAME-25JUL23STLCOL-STL,64,36,2,yes
1753295913133,1753295913,KXMLBGAME-25JUL23SDMIA-MIA,98,2,101,yes
1753295915472,1753295915,KXMLBGAME-25JUL23SDMIA-SD,2,98,83,no
1753295920475,1753295920,KXMLBGAME-25JUL23SDMIA-SD,4,96,9,yes
1753295936712,1753295936,KXMLBGAME-25JUL23MINLAD-LAD,67,33,7,yes
1753295940591,1753295940,KXMLBGAME-25JUL23SDMIA-MIA,98,2,122,yes
1753295941250,1753295941,KXMLBGAME-25JUL23KCCHC-CHC,43,57,223,yes
1753295941551,1753295941,KXMLBGAME-25JUL23BALCLE-BAL,45,55,61,no
1753295941551,1753295941,KXMLBGAME-25JUL23BALCLE-BAL,45,55,19,no
1753295941551,1753295941,KXMLBGAME-25JUL23BALCLE-BAL,45,55,29,no
1753295941551,1753295941,KXMLBGAME-25JUL23BALCLE-BAL,45,55,67,no
1753295941932,1753295941,KXMLBGAME-25JUL23SDMIA-MIA,98,2,3,yes
1753295949910,1753295949,KXMLBGAME-25JUL23SDMIA-MIA,98,2,74,yes
1753295949910,1753295949,KXMLBGAME-25JUL23SDMIA-MIA,99,1,1000,yes
1753295949910,1753295949,KXMLBGAME-25JUL23SDMIA-MIA,99,1,100,yes
1753295949910,1753295949,KXMLBGAME-25JUL23SDMIA-MIA,99,1,69,yes
1753295957434,1753295957,KXMLBGAME-25JUL23SDMIA-SD,2,98,17,no
1753295959332,1753295958,KXMLBGAME-25JUL23SDMIA-MIA,99,1,42,yes
1753295959332,1753295958,KXMLBGAME-25JUL23SDMIA-MIA,99,1,150,yes
1753295959332,1753295958,KXMLBGAME-25JUL23SDMIA-MIA,99,1,35,yes
1753295959332,1753295958,KXMLBGAME-25JUL23SDMIA-MIA,99,1,273,yes
1753295959332,1753295958,KXMLBGAME-25JUL23SDMIA-MIA,99,1,148,yes
1753295962112,1753295961,KXMLBGAME-25JUL23BALCLE-CLE,55,45,20,yes
1753295962433,1753295962,KXMLBGAME-25JUL23KCCHC-KC,59,41,32,yes
1753295963933,1753295963,KXMLBGAME-25JUL23KCCHC-KC,59,41,164,yes
1753295964436,1753295964,KXMLBGAME-25JUL23KCCHC-KC,59,41,32,yes
1753295965612,1753295965,KXMLBGAME-25JUL23NYYTOR-TOR,45,55,8,yes
1753295965851,1753295965,KXMLBGAME-25JUL23BOSPHI-PHI,56,44,2,no
1753295965851,1753295965,KXMLBGAME-25JUL23BOSPHI-PHI,56,44,216,no
1753295967550,1753295967,KXMLBGAME-25JUL23SDMIA-MIA,99,1,26,no
1753295970675,1753295970,KXMLBGAME-25JUL23STLCOL-COL,38,62,12,yes
1753295974711,1753295974,KXMLBGAME-25JUL23LAANYM-NYM,98,2,276,yes
1753295975733,1753295975,KXMLBGAME-25JUL23LAANYM-LAA,3,97,3,yes
1753295977831,1753295977,KXMLBGAME-25JUL23SDMIA-MIA,99,1,85,no
1753295981491,1753295981,KXMLBGAME-25JUL23KCCHC-KC,59,41,272,yes
1753295981491,1753295981,KXMLBGAME-25JUL23KCCHC-KC,60,40,500,yes
1753295981491,1753295981,KXMLBGAME-25JUL23KCCHC-KC,60,40,85,yes
1753295981491,1753295981,KXMLBGAME-25JUL23KCCHC-KC,60,40,282,yes
1753295982051,1753295981,KXMLBGAME-25JUL23SDMIA-SD,1,99,935,yes
1753295982762,1753295982,KXMLBGAME-25JUL23SDMIA-MIA,99,1,41,no
1753295990715,1753295990,KXMLBGAME-25JUL23STLCOL-COL,38,62,37,yes
1753295994027,1753295993,KXMLBGAME-25JUL23STLCOL-STL,64,36,1,yes
1753295994069,1753295994,KXMLBGAME-25JUL23STLCOL-COL,38,62,1008,yes
1753295994393,1753295994,KXMLBGAME-25JUL23KCCHC-CHC,42,58,161,yes
1753295995252,1753295995,KXMLBGAME-25JUL23LAANYM-NYM,99,1,50,yes
1753296000355,1753296000,KXMLBGAME-25JUL23KCCHC-CHC,42,58,139,yes
1753296000355,1753296000,KXMLBGAME-25JUL23KCCHC-CHC,43,57,87,yes
1753296000550,1753296000,KXMLBGAME-25JUL23SDMIA-SD,1,99,467,yes
1753296008014,1753296007,KXMLBGAME-25JUL23STLCOL-STL,64,36,7,yes
1753296008811,1753296008,KXMLBGAME-25JUL23KCCHC-CHC,42,58,17,yes
1753296011435,1753296011,KXMLBGAME-25JUL23KCCHC-CHC,42,58,22,yes
1753296011731,1753296011,KXMLBGAME-25JUL23STLCOL-STL,64,36,30,yes
1753296012072,1753296012,KXMLBGAME-25JUL23LAANYM-LAA,3,97,468,yes
1753296013892,1753296013,KXMLBGAME-25JUL23MINLAD-MIN,34,66,37,yes
1753296017834,1753296017,KXMLBGAME-25JUL23SDMIA-MIA,99,1,5,no
1753296018189,1753296018,KXMLBGAME-25JUL23SDMIA-MIA,99,1,176,no
1753296019952,1753296019,KXMLBGAME-25JUL23KCCHC-KC,77,23,107,yes
1753296020311,1753296020,KXMLBGAME-25JUL23KCCHC-CHC,41,59,107,no
1753296023312,1753296023,KXMLBGAME-25JUL23SFATL-SF,99,1,14,no
1753296023312,1753296023,KXMLBGAME-25JUL23SFATL-SF,99,1,1115,no
1753296024032,1753296023,KXMLBGAME-25JUL23KCCHC-KC,57,43,40,no
1753296024073,1753296024,KXMLBGAME-25JUL23KCCHC-CHC,43,57,100,yes
1753296025332,1753296025,KXMLBGAME-25JUL23STLCOL-STL,64,36,914,yes
1753296026072,1753296026,KXMLBGAME-25JUL23LAANYM-LAA,3,97,33,yes
1753296032734,1753296032,KXMLBGAME-25JUL23LAANYM-LAA,3,97,3,yes
1753296035089,1753296034,KXMLBGAME-25JUL23SDMIA-MIA,99,1,12,no
1753296035892,1753296035,KXMLBGAME-25JUL23KCCHC-KC,57,43,86,yes
1753296035892,1753296035,KXMLBGAME-25JUL23KCCHC-KC,58,42,34,yes
1753296040132,1753296040,KXMLBGAME-25JUL23STLCOL-STL,64,36,458,yes
1753296042083,1753296042,KXMLBGAME-25JUL23KCCHC-CHC,45,55,32,yes
1753296042953,1753296042,KXMLBGAME-25JUL23LAANYM-NYM,98,2,31,no
1753296044636,1753296044,KXMLBGAME-25JUL23KCCHC-KC,57,43,100,yes
1753296044636,1753296044,KXMLBGAME-25JUL23KCCHC-KC,58,42,2,yes
1753296048013,1753296047,KXMLBGAME-25JUL23SDMIA-MIA,99,1,983,no
1753296054137,1753296054,KXMLBGAME-25JUL23KCCHC-CHC,45,55,23,yes
1753296057631,1753296057,KXMLBGAME-25JUL23SDMIA-MIA,99,1,31,no
1753296061072,1753296061,KXMLBGAME-25JUL23MILSEA-SEA,54,46,16,yes
1753296062672,1753296062,KXMLBGAME-25JUL23SDMIA-MIA,99,1,115,no
1753296065693,1753296065,KXMLBGAME-25JUL23CWSTB-CWS,35,65,136,yes
1753296066873,1753296066,KXMLBGAME-25JUL23KCCHC-KC,58,42,464,yes
1753296066873,1753296066,KXMLBGAME-25JUL23KCCHC-KC,58,42,300,yes
1753296066873,1753296066,KXMLBGAME-25JUL23KCCHC-KC,58,42,64,yes
1753296066873,1753296066,KXMLBGAME-25JUL23KCCHC-KC,59,41,174,yes
1753296074295,1753296074,KXMLBGAME-25JUL23KCCHC-KC,58,42,48,yes
1753296074295,1753296074,KXMLBGAME-25JUL23KCCHC-KC,58,42,35,yes
1753296075254,1753296075,KXMLBGAME-25JUL23KCCHC-KC,58,42,50,yes
1753296076671,1753296076,KXMLBGAME-25JUL23LAANYM-NYM,99,1,982,yes
1753296077394,1753296077,KXMLBGAME-25JUL23KCCHC-KC,57,43,8,yes
1753296078932,1753296078,KXMLBGAME-25JUL23KCCHC-KC,56,44,5,no
1753296083115,1753296083,KXMLBGAME-25JUL23DETPIT-PIT,99,1,45,no
1753296086656,1753296086,KXMLBGAME-25JUL23KCCHC-CHC,45,55,18,yes
1753296086673,1753296086,KXMLBGAME-25JUL23STLCOL-STL,64,36,95,yes
1753296094593,1753296094,KXMLBGAME-25JUL23LAANYM-LAA,2,98,160,no
1753296095451,1753296095,KXMLBGAME-25JUL23SFATL-ATL,1,99,935,yes
1753296095551,1753296095,KXMLBGAME-25JUL23KCCHC-CHC,45,55,21,yes
1753296097042,1753296096,KXMLBGAME-25JUL23KCCHC-KC,56,44,60,no
1753296102435,1753296102,KXMLBGAME-25JUL23KCCHC-CHC,45,55,76,yes
1753296102997,1753296102,KXMLBGAME-25JUL23BALCLE-CLE,55,45,10,yes
1753296103572,1753296103,KXMLBGAME-25JUL23SFATL-ATL,1,99,39,yes
1753296103572,1753296103,KXMLBGAME-25JUL23SFATL-ATL,1,99,1831,yes
1753296104414,1753296104,KXMLBGAME-25JUL23KCCHC-KC,56,44,86,yes
1753296107179,1753296107,KXMLBGAME-25JUL23HOUARI-HOU,45,55,100,yes
1753296107531,1753296107,KXMLBGAME-25JUL23MILSEA-MIL,47,53,41,yes
1753296108271,1753296108,KXMLBGAME-25JUL23LAANYM-NYM,99,1,15,yes
1753296116513,1753296116,KXMLBGAME-25JUL23SFATL-SF,99,1,189,no
1753296117373,1753296117,KXMLBGAME-25JUL23KCCHC-KC,56,44,54,yes
1753296117373,1753296117,KXMLBGAME-25JUL23KCCHC-KC,58,42,215,yes
1753296117373,1753296117,KXMLBGAME-25JUL23KCCHC-KC,58,42,200,yes
1753296117373,1753296117,KXMLBGAME-25JUL23KCCHC-KC,58,42,100,yes
1753296117373,1753296117,KXMLBGAME-25JUL23KCCHC-KC,58,42,412,yes
1753296117393,1753296117,KXMLBGAME-25JUL23LAANYM-NYM,98,2,19,no
1753296118037,1753296117,KXMLBGAME-25JUL23KCCHC-CHC,44,56,200,yes
1753296118037,1753296117,KXMLBGAME-25JUL23KCCHC-CHC,45,55,330,yes
1753296118037,1753296117,KXMLBGAME-25JUL23KCCHC-CHC,45,55,300,yes
1753296118037,1753296117,KXMLBGAME-25JUL23KCCHC-CHC,45,55,87,yes
1753296118037,1753296117,KXMLBGAME-25JUL23KCCHC-CHC,46,54,500,yes
1753296118037,1753296117,KXMLBGAME-25JUL23KCCHC-CHC,46,54,169,yes
1753296121151,1753296121,KXMLBGAME-25JUL23SFATL-SF,99,1,47,no
1753296121312,1753296121,KXMLBGAME-25JUL23STLCOL-COL,38,62,37,yes
1753296122238,1753296122,KXMLBGAME-25JUL23KCCHC-KC,58,42,88,yes
1753296122238,1753296122,KXMLBGAME-25JUL23KCCHC-KC,58,42,7,yes
1753296123171,1753296123,KXMLBGAME-25JUL23KCCHC-KC,58,42,193,yes
1753296123171,1753296123,KXMLBGAME-25JUL23KCCHC-KC,58,42,38,yes
1753296123691,1753296123,KXMLBGAME-25JUL23LAANYM-LAA,3,97,1000,yes
1753296123691,1753296123,KXMLBGAME-25JUL23LAANYM-LAA,4,96,1592,yes
1753296126605,1753296126,KXMLBGAME-25JUL23KCCHC-KC,58,42,15,yes
1753296146511,1753296146,KXMLBGAME-25JUL23MINLAD-LAD,66,34,8,yes
1753296149830,1753296149,KXMLBGAME-25JUL23STLCOL-COL,37,63,993,no
1753296150122,1753296149,KXMLBGAME-25JUL23KCCHC-KC,55,45,21,no
1753296152945,1753296152,KXMLBGAME-25JUL23KCCHC-CHC,44,56,7,yes
1753296153132,1753296152,KXMLBGAME-25JUL23KCCHC-KC,58,42,1,yes
1753296154614,1753296154,KXMLBGAME-25JUL23KCCHC-CHC,44,56,193,yes
1753296154614,1753296154,KXMLBGAME-25JUL23KCCHC-CHC,44,56,207,yes
1753296156631,1753296156,KXMLBGAME-25JUL23SDMIA-MIA,99,1,1097,no
1753296161351,1753296161,KXMLBGAME-25JUL23MILSEA-MIL,46,54,87,no
1753296161351,1753296161,KXMLBGAME-25JUL23MILSEA-MIL,46,54,143,no
1753296163374,1753296163,KXMLBGAME-25JUL23BOSPHI-BOS,44,56,43,yes
1753296163513,1753296163,KXMLBGAME-25JUL23KCCHC-KC,58,42,167,yes
1753296168073,1753296168,KXMLBGAME-25JUL23KCCHC-KC,57,43,170,yes
1753296168351,1753296168,KXMLBGAME-25JUL23KCCHC-KC,57,43,25,yes
1753296171331,1753296171,KXMLBGAME-25JUL23KCCHC-CHC,45,55,42,yes
1753296172717,1753296172,KXMLBGAME-25JUL23KCCHC-KC,57,43,105,yes
1753296172717,1753296172,KXMLBGAME-25JUL23KCCHC-KC,58,42,33,yes
1753296172717,1753296172,KXMLBGAME-25JUL23KCCHC-KC,58,42,34,yes
1753296178554,1753296178,KXMLBGAME-25JUL23KCCHC-KC,57,43,83,yes
1753296180814,1753296180,KXMLBGAME-25JUL23SFATL-SF,99,1,96,no
1753296182334,1753296182,KXMLBGAME-25JUL23SDMIA-MIA,99,1,14,no
1753296187821,1753296187,KXMLBGAME-25JUL23KCCHC-KC,56,44,87,no
1753296191231,1753296191,KXMLBGAME-25JUL23MILSEA-MIL,47,53,20,yes
1753296192152,1753296192,KXMLBGAME-25JUL23KCCHC-KC,55,45,479,no
1753296192152,1753296192,KXMLBGAME-25JUL23KCCHC-KC,55,45,87,no
1753296193600,1753296193,KXMLBGAME-25JUL23MINLAD-MIN,35,65,40,yes
1753296193713,1753296193,KXMLBGAME-25JUL23LAANYM-NYM,97,3,15,no
1753296197212,1753296197,KXMLBGAME-25JUL23KCCHC-KC,55,45,87,yes
1753296197212,1753296197,KXMLBGAME-25JUL23KCCHC-KC,55,45,10,yes
1753296197212,1753296197,KXMLBGAME-25JUL23KCCHC-KC,55,45,500,yes
1753296197212,1753296197,KXMLBGAME-25JUL23KCCHC-KC,55,45,300,yes
1753296197212,1753296197,KXMLBGAME-25JUL23KCCHC-KC,56,44,90,yes
1753296197695,1753296197,KXMLBGAME-25JUL23KCCHC-KC,54,46,23,no
1753296203026,1753296202,KXMLBGAME-25JUL23KCCHC-KC,55,45,1,yes
1753296204091,1753296204,KXMLBGAME-25JUL23MILSEA-MIL,47,53,30,yes
1753296204460,1753296204,KXMLBGAME-25JUL23HOUARI-ARI,56,44,38,yes
1753296204632,1753296204,KXMLBGAME-25JUL23SDMIA-MIA,99,1,112,no
1753296205369,1753296205,KXMLBGAME-25JUL23LAANYM-NYM,98,2,101,yes
1753296210706,1753296210,KXMLBGAME-25JUL23KCCHC-KC,54,46,63,no
1753296215007,1753296214,KXMLBGAME-25JUL23SDMIA-MIA,99,1,129,no
1753296216055,1753296216,KXMLBGAME-25JUL23KCCHC-CHC,47,53,51,yes
1753296216214,1753296216,KXMLBGAME-25JUL23LAANYM-NYM,98,2,190,yes
1753296217455,1753296217,KXMLBGAME-25JUL23SDMIA-MIA,99,1,29,no
1753296221433,1753296221,KXMLBGAME-25JUL23KCCHC-KC,55,45,51,yes
1753296221458,1753296221,KXMLBGAME-25JUL23KCCHC-KC,55,45,14,yes
1753296221458,1753296221,KXMLBGAME-25JUL23KCCHC-KC,55,45,276,yes
1753296222995,1753296222,KXMLBGAME-25JUL23CWSTB-CWS,35,65,28,yes
1753296226194,1753296226,KXMLBGAME-25JUL23LAANYM-NYM,99,1,10,yes
1753296226610,1753296226,KXMLBGAME-25JUL23LAANYM-NYM,99,1,1,yes
1753296228729,1753296228,KXMLBGAME-25JUL23LAANYM-LAA,3,97,3,yes
1753296230310,1753296230,KXMLBGAME-25JUL23KCCHC-KC,55,45,88,yes
1753296230532,1753296230,KXMLBGAME-25JUL23KCCHC-KC,55,45,8,yes
1753296230629,1753296230,KXMLBGAME-25JUL23KCCHC-KC,54,46,414,no
1753296231630,1753296231,KXMLBGAME-25JUL23KCCHC-KC,55,45,10,yes
1753296232112,1753296231,KXMLBGAME-25JUL23KCCHC-KC,51,49,87,no
1753296232233,1753296232,KXMLBGAME-25JUL23KCCHC-CHC,48,52,300,yes
1753296232233,1753296232,KXMLBGAME-25JUL23KCCHC-CHC,50,50,600,yes
1753296232233,1753296232,KXMLBGAME-25JUL23KCCHC-CHC,51,49,734,yes
1753296233435,1753296232,KXMLBGAME-25JUL23KCCHC-KC,50,50,50,yes
1753296234312,1753296234,KXMLBGAME-25JUL23KCCHC-CHC,51,49,23,yes
1753296234312,1753296234,KXMLBGAME-25JUL23KCCHC-CHC,51,49,77,yes
1753296236511,1753296236,KXMLBGAME-25JUL23KCCHC-KC,48,52,185,yes
1753296249154,1753296249,KXMLBGAME-25JUL23HOUARI-HOU,45,55,148,yes
1753296249612,1753296249,KXMLBGAME-25JUL23MILSEA-SEA,54,46,123,yes
1753296250449,1753296250,KXMLBGAME-25JUL23SDMIA-MIA,99,1,25,no
1753296255573,1753296255,KXMLBGAME-25JUL23SFATL-ATL,1,99,190,yes
1753296261193,1753296261,KXMLBGAME-25JUL23LAANYM-NYM,99,1,112,yes
1753296261591,1753296261,KXMLBGAME-25JUL23KCCHC-CHC,54,46,35,yes
1753296262355,1753296262,KXMLBGAME-25JUL23KCCHC-KC,48,52,315,yes
1753296262356,1753296262,KXMLBGAME-25JUL23KCCHC-KC,48,52,86,yes
1753296262356,1753296262,KXMLBGAME-25JUL23KCCHC-KC,48,52,300,yes
1753296262356,1753296262,KXMLBGAME-25JUL23KCCHC-KC,49,51,298,yes
1753296265536,1753296265,KXMLBGAME-25JUL23KCCHC-CHC,54,46,313,yes
1753296268972,1753296268,KXMLBGAME-25JUL23MILSEA-MIL,46,54,10,no
1753296274813,1753296274,KXMLBGAME-25JUL23KCCHC-CHC,54,46,89,yes
1753296275133,1753296275,KXMLBGAME-25JUL23MINLAD-LAD,66,34,57,yes
1753296277530,1753296277,KXMLBGAME-25JUL23KCCHC-CHC,54,46,174,yes
1753296278852,1753296278,KXMLBGAME-25JUL23LAANYM-LAA,3,97,62,yes
1753296281632,1753296281,KXMLBGAME-25JUL23KCCHC-CHC,55,45,6,yes
1753296282191,1753296282,KXMLBGAME-25JUL23KCCHC-KC,46,54,1,yes
1753296283617,1753296283,KXMLBGAME-25JUL23KCCHC-CHC,55,45,100,yes
1753296283617,1753296283,KXMLBGAME-25JUL23KCCHC-CHC,56,44,74,yes
1753296284774,1753296284,KXMLBGAME-25JUL23KCCHC-CHC,56,44,174,yes
1753296285671,1753296285,KXMLBGAME-25JUL23HOUARI-HOU,45,55,213,yes
1753296287850,1753296287,KXMLBGAME-25JUL23KCCHC-KC,46,54,6,yes
1753296292729,1753296292,KXMLBGAME-25JUL23KCCHC-KC,46,54,41,yes
1753296293052,1753296293,KXMLBGAME-25JUL23KCCHC-CHC,55,45,100,yes
1753296293052,1753296293,KXMLBGAME-25JUL23KCCHC-CHC,56,44,18,yes
1753296295054,1753296295,KXMLBGAME-25JUL23KCCHC-CHC,56,44,8,yes
1753296295494,1753296295,KXMLBGAME-25JUL23KCCHC-KC,46,54,6,yes
1753296298150,1753296298,KXMLBGAME-25JUL23LAANYM-LAA,1,99,5,no
1753296298331,1753296298,KXMLBGAME-25JUL23KCCHC-KC,46,54,1,yes
1753296304710,1753296304,KXMLBGAME-25JUL23STLCOL-COL,38,62,252,yes
1753296309012,1753296308,KXMLBGAME-25JUL23LAANYM-NYM,99,1,252,yes
1753296309911,1753296309,KXMLBGAME-25JUL23SDMIA-MIA,99,1,36,no
1753296312811,1753296312,KXMLBGAME-25JUL23KCCHC-CHC,54,46,176,yes
1753296315233,1753296315,KXMLBGAME-25JUL23KCCHC-CHC,54,46,14,yes
1753296316211,1753296316,KXMLBGAME-25JUL23MILSEA-SEA,54,46,179,yes
1753296318638,1753296318,KXMLBGAME-25JUL23KCCHC-CHC,56,44,69,yes
1753296320211,1753296319,KXMLBGAME-25JUL23SDMIA-MIA,99,1,46,no
1753296320232,1753296320,KXMLBGAME-25JUL23KCCHC-KC,47,53,83,yes
1753296320232,1753296320,KXMLBGAME-25JUL23KCCHC-KC,48,52,273,yes
1753296325435,1753296325,KXMLBGAME-25JUL23STLCOL-STL,64,36,87,yes
1753296325435,1753296325,KXMLBGAME-25JUL23STLCOL-STL,64,36,211,yes
1753296328754,1753296328,KXMLBGAME-25JUL23KCCHC-KC,47,53,61,yes
1753296330354,1753296330,KXMLBGAME-25JUL23KCCHC-CHC,55,45,17,yes
1753296331954,1753296331,KXMLBGAME-25JUL23KCCHC-CHC,55,45,283,yes
1753296331954,1753296331,KXMLBGAME-25JUL23KCCHC-CHC,56,44,415,yes
1753296333053,1753296332,KXMLBGAME-25JUL23SDMIA-MIA,99,1,447,no
1753296335673,1753296335,KXMLBGAME-25JUL23KCCHC-KC,45,55,20,no
1753296335673,1753296335,KXMLBGAME-25JUL23KCCHC-KC,45,55,300,no
1753296336132,1753296336,KXMLBGAME-25JUL23HOUARI-ARI,56,44,173,yes
1753296340454,1753296340,KXMLBGAME-25JUL23SDMIA-MIA,99,1,141,no
1753296343213,1753296343,KXMLBGAME-25JUL23KCCHC-KC,43,57,65,no
1753296344749,1753296344,KXMLBGAME-25JUL23KCCHC-KC,44,56,636,yes
1753296346092,1753296346,KXMLBGAME-25JUL23STLCOL-STL,64,36,15,yes
1753296348291,1753296348,KXMLBGAME-25JUL23KCCHC-KC,45,55,10,yes
1753296349375,1753296349,KXMLBGAME-25JUL23KCCHC-KC,45,55,21,yes
1753296353254,1753296353,KXMLBGAME-25JUL23MINLAD-LAD,66,34,369,yes
1753296354013,1753296353,KXMLBGAME-25JUL23STLCOL-COL,38,62,1,yes
1753296357071,1753296357,KXMLBGAME-25JUL23HOUARI-HOU,45,55,13,yes
1753296359494,1753296359,KXMLBGAME-25JUL23KCCHC-KC,45,55,517,yes
1753296363773,1753296363,KXMLBGAME-25JUL23KCCHC-KC,44,56,300,no
1753296363773,1753296363,KXMLBGAME-25JUL23KCCHC-KC,43,57,87,no
1753296363773,1753296363,KXMLBGAME-25JUL23KCCHC-KC,43,57,120,no
1753296366693,1753296366,KXMLBGAME-25JUL23KCCHC-KC,46,54,479,yes
1753296366971,1753296366,KXMLBGAME-25JUL23LAANYM-LAA,3,97,93,yes
1753296366971,1753296366,KXMLBGAME-25JUL23MINLAD-LAD,66,34,347,yes
1753296367613,1753296367,KXMLBGAME-25JUL23KCCHC-KC,46,54,104,yes
1753296367851,1753296367,KXMLBGAME-25JUL23KCCHC-KC,46,54,485,yes
1753296368373,1753296368,KXMLBGAME-25JUL23KCCHC-KC,46,54,205,yes
1753296370612,1753296370,KXMLBGAME-25JUL23KCCHC-KC,46,54,2,yes
1753296379171,1753296379,KXMLBGAME-25JUL23NYYTOR-NYY,57,43,56,yes
1753296379171,1753296379,KXMLBGAME-25JUL23NYYTOR-NYY,57,43,2,yes
1753296379171,1753296379,KXMLBGAME-25JUL23NYYTOR-NYY,57,43,6,yes
1753296382692,1753296382,KXMLBGAME-25JUL23KCCHC-CHC,64,36,87,yes
1753296382692,1753296382,KXMLBGAME-25JUL23KCCHC-CHC,64,36,300,yes
1753296382692,1753296382,KXMLBGAME-25JUL23KCCHC-CHC,65,35,140,yes
1753296382732,1753296382,KXMLBGAME-25JUL23KCCHC-KC,43,57,140,no
1753296384612,1753296384,KXMLBGAME-25JUL23STLCOL-STL,64,36,22,yes
1753296386650,1753296386,KXMLBGAME-25JUL23KCCHC-CHC,56,44,39,yes
1753296391231,1753296391,KXMLBGAME-25JUL23KCCHC-KC,46,54,41,yes
1753296392356,1753296392,KXMLBGAME-25JUL23BOSPHI-PHI,57,43,83,yes
1753296392570,1753296392,KXMLBGAME-25JUL23KCCHC-CHC,55,45,100,no
1753296394354,1753296394,KXMLBGAME-25JUL23KCCHC-KC,46,54,50,yes
1753296394633,1753296394,KXMLBGAME-25JUL23KCCHC-CHC,57,43,10,yes
1753296400792,1753296400,KXMLBGAME-25JUL23MINLAD-MIN,35,65,19,yes
1753296401612,1753296401,KXMLBGAME-25JUL23KCCHC-CHC,63,37,30,yes
1753296403312,1753296403,KXMLBGAME-25JUL23KCCHC-KC,52,48,87,yes
1753296403312,1753296403,KXMLBGAME-25JUL23KCCHC-KC,53,47,300,yes
1753296403391,1753296403,KXMLBGAME-25JUL23MINLAD-LAD,66,34,31,yes
1753296404757,1753296404,KXMLBGAME-25JUL23KCCHC-CHC,48,52,80,no
1753296407112,1753296406,KXMLBGAME-25JUL23KCCHC-CHC,47,53,300,no
1753296407112,1753296406,KXMLBGAME-25JUL23KCCHC-CHC,47,53,60,no
1753296409732,1753296409,KXMLBGAME-25JUL23KCCHC-CHC,42,58,87,yes
1753296409732,1753296409,KXMLBGAME-25JUL23KCCHC-CHC,45,55,436,yes
1753296412315,1753296412,KXMLBGAME-25JUL23KCCHC-CHC,42,58,87,yes
1753296412315,1753296412,KXMLBGAME-25JUL23KCCHC-CHC,45,55,164,yes
1753296412315,1753296412,KXMLBGAME-25JUL23KCCHC-CHC,45,55,247,yes
1753296414014,1753296413,KXMLBGAME-25JUL23KCCHC-KC,59,41,16,yes
1753296415135,1753296415,KXMLBGAME-25JUL23KCCHC-CHC,43,57,86,yes
1753296415135,1753296415,KXMLBGAME-25JUL23KCCHC-CHC,43,57,300,yes
1753296415135,1753296415,KXMLBGAME-25JUL23KCCHC-CHC,45,55,600,yes
1753296415135,1753296415,KXMLBGAME-25JUL23KCCHC-CHC,46,54,14,yes
1753296416413,1753296416,KXMLBGAME-25JUL23CWSTB-CWS,35,65,100,yes
1753296417034,1753296416,KXMLBGAME-25JUL23KCCHC-KC,59,41,16,yes
1753296419194,1753296419,KXMLBGAME-25JUL23KCCHC-CHC,43,57,108,yes
1753296420574,1753296420,KXMLBGAME-25JUL23KCCHC-CHC,43,57,172,yes
1753296427771,1753296427,KXMLBGAME-25JUL23KCCHC-CHC,44,56,65,yes
1753296427771,1753296427,KXMLBGAME-25JUL23KCCHC-CHC,45,55,257,yes
1753296427992,1753296427,KXMLBGAME-25JUL23KCCHC-CHC,44,56,21,yes
1753296429613,1753296429,KXMLBGAME-25JUL23SDMIA-MIA,99,1,185,no
1753296429733,1753296429,KXMLBGAME-25JUL23STLCOL-COL,38,62,100,yes
1753296432532,1753296432,KXMLBGAME-25JUL23MINLAD-LAD,66,34,29,yes
1753296438754,1753296438,KXMLBGAME-25JUL23MILSEA-MIL,47,53,1800,yes
1753296438754,1753296438,KXMLBGAME-25JUL23MILSEA-MIL,47,53,1400,yes
1753296438754,1753296438,KXMLBGAME-25JUL23MILSEA-MIL,47,53,1335,yes
1753296438754,1753296438,KXMLBGAME-25JUL23MILSEA-MIL,47,53,2900,yes
1753296438754,1753296438,KXMLBGAME-25JUL23MILSEA-MIL,47,53,87,yes
1753296438754,1753296438,KXMLBGAME-25JUL23MILSEA-MIL,47,53,1707,yes
1753296439396,1753296439,KXMLBGAME-25JUL23KCCHC-KC,58,42,25,yes
1753296439552,1753296439,KXMLBGAME-25JUL23KCCHC-CHC,44,56,126,yes
1753296440698,1753296440,KXMLBGAME-25JUL23KCCHC-KC,58,42,1,yes
1753296443463,1753296443,KXMLBGAME-25JUL23DETPIT-DET,1,99,93,yes
1753296446194,1753296446,KXMLBGAME-25JUL23KCCHC-KC,58,42,74,yes
1753296446194,1753296446,KXMLBGAME-25JUL23KCCHC-KC,59,41,9,yes
1753296447354,1753296447,KXMLBGAME-25JUL23KCCHC-CHC,43,57,275,yes
1753296451932,1753296451,KXMLBGAME-25JUL23KCCHC-KC,59,41,24,yes
1753296453451,1753296453,KXMLBGAME-25JUL23KCCHC-KC,59,41,23,yes
1753296459972,1753296459,KXMLBGAME-25JUL23KCCHC-CHC,43,57,60,yes
1753296460693,1753296460,KXMLBGAME-25JUL23STLCOL-STL,64,36,168,yes
1753296461611,1753296461,KXMLBGAME-25JUL23KCCHC-CHC,43,57,240,yes
1753296461611,1753296461,KXMLBGAME-25JUL23KCCHC-CHC,44,56,45,yes
1753296461611,1753296461,KXMLBGAME-25JUL23KCCHC-CHC,44,56,6,yes
1753296461611,1753296461,KXMLBGAME-25JUL23KCCHC-CHC,44,56,6,yes
1753296461611,1753296461,KXMLBGAME-25JUL23KCCHC-CHC,44,56,5000,yes
1753296461611,1753296461,KXMLBGAME-25JUL23KCCHC-KC,58,42,750,no
1753296461611,1753296461,KXMLBGAME-25JUL23KCCHC-KC,56,44,45,no
1753296461611,1753296461,KXMLBGAME-25JUL23KCCHC-KC,56,44,6,no
1753296461611,1753296461,KXMLBGAME-25JUL23KCCHC-KC,56,44,6,no
1753296461993,1753296461,KXMLBGAME-25JUL23STLCOL-STL,64,36,76,yes
1753296462314,1753296462,KXMLBGAME-25JUL23STLCOL-COL,38,62,126,yes
1753296463093,1753296463,KXMLBGAME-25JUL23MINLAD-LAD,66,34,295,yes
1753296465493,1753296465,KXMLBGAME-25JUL23HOUARI-HOU,45,55,85,yes
1753296466410,1753296466,KXMLBGAME-25JUL23MILSEA-MIL,47,53,41,yes
1753296472274,1753296472,KXMLBGAME-25JUL23LAANYM-LAA,3,97,397,yes
1753296472274,1753296472,KXMLBGAME-25JUL23LAANYM-LAA,3,97,232,yes
1753296472274,1753296472,KXMLBGAME-25JUL23LAANYM-LAA,3,97,138,yes
1753296472451,1753296472,KXMLBGAME-25JUL23SFATL-SF,99,1,82,no
1753296476174,1753296476,KXMLBGAME-25JUL23SDMIA-MIA,99,1,1519,no
1753296478795,1753296478,KXMLBGAME-25JUL23NYYTOR-NYY,57,43,15,yes
1753296478795,1753296478,KXMLBGAME-25JUL23NYYTOR-NYY,57,43,10,yes
1753296478795,1753296478,KXMLBGAME-25JUL23NYYTOR-NYY,57,43,32,yes
1753296478795,1753296478,KXMLBGAME-25JUL23NYYTOR-NYY,57,43,2,yes
1753296478795,1753296478,KXMLBGAME-25JUL23NYYTOR-NYY,57,43,4,yes
1753296478795,1753296478,KXMLBGAME-25JUL23NYYTOR-NYY,57,43,64,yes
1753296478795,1753296478,KXMLBGAME-25JUL23NYYTOR-NYY,57,43,1,yes
1753296478795,1753296478,KXMLBGAME-25JUL23NYYTOR-NYY,57,43,42,yes
1753296480391,1753296480,KXMLBGAME-25JUL23SDMIA-MIA,99,1,36,no
1753296484527,1753296483,KXMLBGAME-25JUL23KCCHC-KC,49,51,300,yes
1753296484527,1753296483,KXMLBGAME-25JUL23KCCHC-KC,49,51,507,yes
1753296484914,1753296484,KXMLBGAME-25JUL23KCCHC-CHC,51,49,2043,no
1753296484914,1753296484,KXMLBGAME-25JUL23KCCHC-CHC,51,49,3254,no
1753296485543,1753296484,KXMLBGAME-25JUL23KCCHC-KC,49,51,19,yes
1753296488113,1753296487,KXMLBGAME-25JUL23KCCHC-KC,49,51,19,yes
1753296489012,1753296488,KXMLBGAME-25JUL23KCCHC-KC,49,51,19,yes
1753296490831,1753296490,KXMLBGAME-25JUL23KCCHC-KC,49,51,19,yes
1753296492412,1753296491,KXMLBGAME-25JUL23KCCHC-KC,49,51,9,yes
1753296493743,1753296492,KXMLBGAME-25JUL23MILSEA-MIL,47,53,6,yes
1753296495612,1753296495,KXMLBGAME-25JUL23HOUARI-ARI,56,44,81,yes
1753296501712,1753296501,KXMLBGAME-25JUL23KCCHC-KC,49,51,19,yes
1753296506273,1753296506,KXMLBGAME-25JUL23KCCHC-KC,49,51,34,yes
1753296510271,1753296510,KXMLBGAME-25JUL23KCCHC-KC,49,51,315,yes
1753296510975,1753296510,KXMLBGAME-25JUL23KCCHC-CHC,54,46,199,yes
1753296513514,1753296513,KXMLBGAME-25JUL23HOUARI-ARI,56,44,245,yes
1753296516533,1753296516,KXMLBGAME-25JUL23KCCHC-CHC,54,46,8,yes
1753296517871,1753296517,KXMLBGAME-25JUL23KCCHC-CHC,51,49,21,no
1753296518913,1753296518,KXMLBGAME-25JUL23NYYTOR-TOR,45,55,14,yes
1753296524372,1753296524,KXMLBGAME-25JUL23MILSEA-SEA,54,46,179,yes
1753296525353,1753296525,KXMLBGAME-25JUL23NYYTOR-NYY,57,43,22,yes
1753296525512,1753296525,KXMLBGAME-25JUL23SFATL-SF,99,1,457,no
1753296526711,1753296526,KXMLBGAME-25JUL23KCCHC-KC,49,51,21,yes
1753296530753,1753296530,KXMLBGAME-25JUL23KCCHC-KC,46,54,25,no
1753296534413,1753296534,KXMLBGAME-25JUL23MINLAD-LAD,67,33,14,yes
1753296538375,1753296538,KXMLBGAME-25JUL23SDMIA-MIA,99,1,223,no
1753296538514,1753296538,KXMLBGAME-25JUL23DETPIT-DET,1,99,280,yes
1753296541632,1753296541,KXMLBGAME-25JUL23KCCHC-CHC,53,47,500,yes
1753296541632,1753296541,KXMLBGAME-25JUL23KCCHC-CHC,53,47,600,yes
1753296541632,1753296541,KXMLBGAME-25JUL23KCCHC-CHC,54,46,3628,yes
1753296544994,1753296544,KXMLBGAME-25JUL23KCCHC-KC,47,53,21,no
1753296548635,1753296548,KXMLBGAME-25JUL23HOUARI-HOU,45,55,106,yes
1753296550975,1753296550,KXMLBGAME-25JUL23STLCOL-STL,64,36,15,yes
1753296552418,1753296552,KXMLBGAME-25JUL23KCCHC-KC,48,52,10,yes
1753296562313,1753296562,KXMLBGAME-25JUL23KCCHC-KC,48,52,201,yes
1753296565581,1753296565,KXMLBGAME-25JUL23KCCHC-KC,49,51,1984,yes
1753296567310,1753296567,KXMLBGAME-25JUL23STLCOL-STL,64,36,53,yes
1753296576913,1753296576,KXMLBGAME-25JUL23KCCHC-KC,50,50,87,yes
1753296576913,1753296576,KXMLBGAME-25JUL23KCCHC-KC,50,50,200,yes
1753296576913,1753296576,KXMLBGAME-25JUL23KCCHC-KC,50,50,300,yes
1753296576913,1753296576,KXMLBGAME-25JUL23KCCHC-KC,50,50,379,yes
1753296578514,1753296578,KXMLBGAME-25JUL23KCCHC-CHC,53,47,7,yes
1753296578840,1753296578,KXMLBGAME-25JUL23KCCHC-CHC,53,47,293,yes
1753296578840,1753296578,KXMLBGAME-25JUL23KCCHC-CHC,53,47,500,yes
1753296578840,1753296578,KXMLBGAME-25JUL23KCCHC-CHC,53,47,303,yes
1753296578840,1753296578,KXMLBGAME-25JUL23KCCHC-CHC,53,47,13,yes
1753296582319,1753296581,KXMLBGAME-25JUL23SDMIA-MIA,99,1,29,no
1753296583614,1753296582,KXMLBGAME-25JUL23KCCHC-KC,50,50,386,yes
1753296585632,1753296584,KXMLBGAME-25JUL23MILSEA-MIL,47,53,444,yes
1753296585632,1753296584,KXMLBGAME-25JUL23MILSEA-MIL,47,53,26,yes
1753296585632,1753296584,KXMLBGAME-25JUL23MILSEA-MIL,47,53,63,yes
1753296585981,1753296585,KXMLBGAME-25JUL23KCCHC-KC,50,50,157,yes
1753296589971,1753296589,KXMLBGAME-25JUL23MILSEA-MIL,47,53,2,yes
1753296591103,1753296591,KXMLBGAME-25JUL23STLCOL-STL,64,36,304,yes
1753296591176,1753296591,KXMLBGAME-25JUL23SFATL-SF,99,1,104,no
1753296595714,1753296595,KXMLBGAME-25JUL23KCCHC-KC,50,50,65,yes
1753296596952,1753296596,KXMLBGAME-25JUL23KCCHC-KC,50,50,170,yes
1753296597493,1753296597,KXMLBGAME-25JUL23STLCOL-STL,64,36,242,yes
1753296599514,1753296599,KXMLBGAME-25JUL23KCCHC-CHC,53,47,50,yes
1753296599514,1753296599,KXMLBGAME-25JUL23KCCHC-CHC,53,47,132,yes
1753296601392,1753296601,KXMLBGAME-25JUL23KCCHC-KC,50,50,100,yes
1753296602952,1753296602,KXMLBGAME-25JUL23KCCHC-CHC,53,47,168,yes
1753296602952,1753296602,KXMLBGAME-25JUL23KCCHC-CHC,53,47,500,yes
1753296602952,1753296602,KXMLBGAME-25JUL23KCCHC-CHC,53,47,245,yes
1753296607211,1753296607,KXMLBGAME-25JUL23SDMIA-MIA,99,1,37,no
1753296608475,1753296608,KXMLBGAME-25JUL23MINLAD-LAD,67,33,145,yes
1753296609913,1753296609,KXMLBGAME-25JUL23HOUARI-HOU,45,55,1069,yes
1753296610032,1753296609,KXMLBGAME-25JUL23MILSEA-MIL,47,53,142,yes
1753296610032,1753296609,KXMLBGAME-25JUL23MILSEA-MIL,48,52,1,yes
1753296611573,1753296611,KXMLBGAME-25JUL23HOUARI-HOU,45,55,213,yes
1753296611733,1753296611,KXMLBGAME-25JUL23MILSEA-MIL,48,52,103,yes
1753296613536,1753296613,KXMLBGAME-25JUL23SFATL-SF,99,1,252,no
1753296614314,1753296614,KXMLBGAME-25JUL23KCCHC-CHC,53,47,10,yes
1753296627581,1753296627,KXMLBGAME-25JUL23MINLAD-LAD,67,33,1,yes
1753296631419,1753296631,KXMLBGAME-25JUL23SFATL-ATL,1,99,1,yes
1753296632412,1753296632,KXMLBGAME-25JUL23SFATL-SF,99,1,447,no
1753296633234,1753296633,KXMLBGAME-25JUL23NYYTOR-NYY,57,43,25,yes
1753296638694,1753296638,KXMLBGAME-25JUL23KCCHC-KC,49,51,300,yes
1753296638694,1753296638,KXMLBGAME-25JUL23KCCHC-KC,50,50,87,yes
1753296641552,1753296641,KXMLBGAME-25JUL23KCCHC-KC,50,50,113,no
1753296641751,1753296641,KXMLBGAME-25JUL23KCCHC-CHC,51,49,13,no
1753296643213,1753296643,KXMLBGAME-25JUL23HOUARI-HOU,45,55,6,yes
1753296643315,1753296643,KXMLBGAME-25JUL23LAANYM-LAA,2,98,1122,yes
1753296646271,1753296646,KXMLBGAME-25JUL23KCCHC-KC,49,51,98,yes
1753296647275,1753296647,KXMLBGAME-25JUL23MILSEA-MIL,48,52,50,yes
1753296647755,1753296647,KXMLBGAME-25JUL23MILSEA-MIL,48,52,10,yes
1753296648172,1753296648,KXMLBGAME-25JUL23KCCHC-KC,49,51,37,yes
1753296650518,1753296650,KXMLBGAME-25JUL23KCCHC-CHC,52,48,31,yes
1753296650518,1753296650,KXMLBGAME-25JUL23KCCHC-CHC,52,48,2,yes
1753296655334,1753296655,KXMLBGAME-25JUL23MINLAD-LAD,67,33,36,yes
1753296656731,1753296656,KXMLBGAME-25JUL23KCCHC-CHC,50,50,11,yes
1753296656936,1753296656,KXMLBGAME-25JUL23KCCHC-KC,52,48,12,yes
1753296657578,1753296657,KXMLBGAME-25JUL23KCCHC-KC,52,48,18,yes
1753296659631,1753296659,KXMLBGAME-25JUL23NYYTOR-NYY,57,43,17,yes
1753296659631,1753296659,KXMLBGAME-25JUL23NYYTOR-NYY,57,43,1,yes
1753296665161,1753296665,KXMLBGAME-25JUL23KCCHC-KC,51,49,100,yes
1753296667594,1753296667,KXMLBGAME-25JUL23LAANYM-NYM,98,2,7,no
1753296669092,1753296669,KXMLBGAME-25JUL23KCCHC-KC,51,49,9,yes
1753296670588,1753296670,KXMLBGAME-25JUL23MILSEA-MIL,48,52,20,yes
1753296673514,1753296673,KXMLBGAME-25JUL23STLCOL-STL,64,36,4,yes
1753296674139,1753296673,KXMLBGAME-25JUL23KCCHC-CHC,50,50,618,yes
1753296675492,1753296675,KXMLBGAME-25JUL23HOUARI-ARI,56,44,17,yes
1753296675974,1753296675,KXMLBGAME-25JUL23KCCHC-KC,51,49,473,yes
1753296679053,1753296678,KXMLBGAME-25JUL23SDMIA-MIA,99,1,158,no
1753296679793,1753296679,KXMLBGAME-25JUL23BOSPHI-BOS,44,56,27,yes
1753296688578,1753296688,KXMLBGAME-25JUL23MILSEA-MIL,47,53,20,yes
1753296690995,1753296690,KXMLBGAME-25JUL23STLCOL-STL,64,36,20,yes
1753296691033,1753296690,KXMLBGAME-25JUL23KCCHC-KC,51,49,27,yes
1753296691033,1753296690,KXMLBGAME-25JUL23KCCHC-KC,51,49,10,yes
1753296694893,1753296694,KXMLBGAME-25JUL23SFATL-ATL,1,99,44,yes
1753296702973,1753296702,KXMLBGAME-25JUL23STLCOL-STL,64,36,30,yes
1753296704815,1753296704,KXMLBGAME-25JUL23ATHTEX-ATH,45,55,213,yes
1753296705073,1753296704,KXMLBGAME-25JUL23SDMIA-MIA,99,1,1480,no
1753296708495,1753296708,KXMLBGAME-25JUL23STLCOL-STL,64,36,5,yes
1753296710013,1753296709,KXMLBGAME-25JUL23KCCHC-CHC,50,50,6,yes
1753296710934,1753296710,KXMLBGAME-25JUL23ATHTEX-ATH,45,55,106,yes
1753296712012,1753296711,KXMLBGAME-25JUL23LAANYM-LAA,3,97,62,yes
1753296717590,1753296717,KXMLBGAME-25JUL23KCCHC-CHC,50,50,77,yes
1753296718932,1753296718,KXMLBGAME-25JUL23BALCLE-BAL,46,54,418,yes
1753296721573,1753296721,KXMLBGAME-25JUL23KCCHC-KC,51,49,437,yes
1753296722707,1753296722,KXMLBGAME-25JUL23KCCHC-KC,50,50,21,no
1753296722733,1753296722,KXMLBGAME-25JUL23KCCHC-CHC,50,50,38,yes
1753296727374,1753296727,KXMLBGAME-25JUL23HOUARI-HOU,45,55,320,yes
1753296727896,1753296727,KXMLBGAME-25JUL23CWSTB-TB,66,34,295,yes
1753296732615,1753296732,KXMLBGAME-25JUL23KCCHC-KC,51,49,53,yes
1753296732615,1753296732,KXMLBGAME-25JUL23KCCHC-KC,51,49,87,yes
1753296732615,1753296732,KXMLBGAME-25JUL23KCCHC-KC,52,48,141,yes
1753296734232,1753296734,KXMLBGAME-25JUL23LAANYM-LAA,3,97,14,yes
1753296734912,1753296734,KXMLBGAME-25JUL23LAANYM-NYM,98,2,1,no
1753296735754,1753296735,KXMLBGAME-25JUL23MILSEA-MIL,47,53,30,yes
1753296738834,1753296738,KXMLBGAME-25JUL23KCCHC-CHC,50,50,179,yes
1753296738835,1753296738,KXMLBGAME-25JUL23KCCHC-CHC,50,50,200,yes
1753296740831,1753296740,KXMLBGAME-25JUL23KCCHC-KC,51,49,5,yes
1753296743011,1753296742,KXMLBGAME-25JUL23HOUARI-HOU,45,55,42,yes
1753296743011,1753296742,KXMLBGAME-25JUL23KCCHC-KC,51,49,70,yes
1753296743491,1753296743,KXMLBGAME-25JUL23KCCHC-KC,51,49,186,yes
1753296744932,1753296744,KXMLBGAME-25JUL23BOSPHI-BOS,44,56,109,yes
1753296746094,1753296746,KXMLBGAME-25JUL23MILSEA-MIL,47,53,450,yes
1753296746094,1753296746,KXMLBGAME-25JUL23MILSEA-MIL,48,52,2920,yes
1753296746094,1753296746,KXMLBGAME-25JUL23MILSEA-MIL,48,52,600,yes
1753296746094,1753296746,KXMLBGAME-25JUL23MILSEA-MIL,48,52,400,yes
1753296746094,1753296746,KXMLBGAME-25JUL23MILSEA-MIL,48,52,1669,yes
1753296747151,1753296747,KXMLBGAME-25JUL23KCCHC-CHC,51,49,37,yes
1753296748171,1753296748,KXMLBGAME-25JUL23KCCHC-CHC,51,49,28,yes
1753296751433,1753296751,KXMLBGAME-25JUL23KCCHC-CHC,51,49,189,yes
1753296752816,1753296752,KXMLBGAME-25JUL23STLCOL-COL,38,62,5,yes
1753296753272,1753296753,KXMLBGAME-25JUL23STLCOL-COL,38,62,5,yes
1753296753632,1753296753,KXMLBGAME-25JUL23KCCHC-CHC,51,49,568,yes
1753296753691,1753296753,KXMLBGAME-25JUL23KCCHC-CHC,51,49,18,yes
1753296754932,1753296754,KXMLBGAME-25JUL23KCCHC-CHC,51,49,13,yes
1753296757417,1753296757,KXMLBGAME-25JUL23STLCOL-STL,64,36,235,yes
1753296757417,1753296757,KXMLBGAME-25JUL23STLCOL-STL,64,36,88,yes
1753296757699,1753296757,KXMLBGAME-25JUL23BALCLE-CLE,55,45,352,yes
1753296759811,1753296759,KXMLBGAME-25JUL23KCCHC-CHC,51,49,37,yes
1753296761953,1753296761,KXMLBGAME-25JUL23STLCOL-STL,64,36,110,yes
1753296764735,1753296764,KXMLBGAME-25JUL23KCCHC-KC,51,49,1,yes
1753296769230,1753296769,KXMLBGAME-25JUL23KCCHC-CHC,51,49,20,yes
1753296770591,1753296770,KXMLBGAME-25JUL23KCCHC-CHC,51,49,47,yes
1753296771552,1753296771,KXMLBGAME-25JUL23LAANYM-NYM,99,1,12,yes
1753296774052,1753296773,KXMLBGAME-25JUL23MILSEA-MIL,47,53,378,yes
1753296774729,1753296774,KXMLBGAME-25JUL23STLCOL-STL,64,36,1000,yes
1753296775574,1753296775,KXMLBGAME-25JUL23KCCHC-KC,49,51,37,no
1753296775910,1753296775,KXMLBGAME-25JUL23MILSEA-MIL,47,53,122,yes
1753296775911,1753296775,KXMLBGAME-25JUL23MILSEA-MIL,47,53,34,yes
1753296775911,1753296775,KXMLBGAME-25JUL23MILSEA-MIL,48,52,48,yes
1753296776235,1753296776,KXMLBGAME-25JUL23HOUARI-HOU,45,55,31,yes
1753296777770,1753296777,KXMLBGAME-25JUL23DETPIT-PIT,99,1,20,no
1753296781592,1753296781,KXMLBGAME-25JUL23LAANYM-NYM,99,1,147,yes
1753296783093,1753296783,KXMLBGAME-25JUL23KCCHC-CHC,50,50,18,no
1753296788416,1753296788,KXMLBGAME-25JUL23KCCHC-CHC,51,49,11,yes
1753296788452,1753296788,KXMLBGAME-25JUL23MINLAD-LAD,66,34,20,yes
1753296792473,1753296792,KXMLBGAME-25JUL23MINLAD-LAD,66,34,147,yes
1753296793319,1753296793,KXMLBGAME-25JUL23KCCHC-CHC,51,49,289,yes
1753296793319,1753296793,KXMLBGAME-25JUL23KCCHC-CHC,52,48,64,yes
1753296793319,1753296793,KXMLBGAME-25JUL23KCCHC-CHC,52,48,22,yes
1753296793319,1753296793,KXMLBGAME-25JUL23KCCHC-CHC,52,48,783,yes
1753296794773,1753296794,KXMLBGAME-25JUL23LAANYM-LAA,3,97,33,yes
1753296796194,1753296796,KXMLBGAME-25JUL23STLCOL-STL,64,36,152,yes
1753296797313,1753296797,KXMLBGAME-25JUL23STLCOL-STL,64,36,15,yes
1753296799152,1753296799,KXMLBGAME-25JUL23KCCHC-CHC,51,49,45,yes
1753296799934,1753296799,KXMLBGAME-25JUL23STLCOL-STL,62,38,95,no
1753296801452,1753296801,KXMLBGAME-25JUL23KCCHC-KC,51,49,2,yes
1753296801705,1753296801,KXMLBGAME-25JUL23KCCHC-CHC,51,49,255,yes
1753296801705,1753296801,KXMLBGAME-25JUL23KCCHC-CHC,52,48,121,yes
1753296803606,1753296803,KXMLBGAME-25JUL23SFATL-SF,99,1,9,no
1753296809736,1753296809,KXMLBGAME-25JUL23KCCHC-CHC,51,49,206,yes
1753296812014,1753296811,KXMLBGAME-25JUL23KCCHC-CHC,51,49,109,yes
1753296822132,1753296822,KXMLBGAME-25JUL23STLCOL-STL,64,36,15,yes
1753296822960,1753296822,KXMLBGAME-25JUL23KCCHC-KC,52,48,26,yes
1753296824133,1753296824,KXMLBGAME-25JUL23KCCHC-KC,50,50,100,no
1753296824713,1753296824,KXMLBGAME-25JUL23LAANYM-NYM,98,2,12,no
1753296824713,1753296824,KXMLBGAME-25JUL23LAANYM-NYM,98,2,20,no
1753296824713,1753296824,KXMLBGAME-25JUL23LAANYM-NYM,98,2,100,no
1753296824713,1753296824,KXMLBGAME-25JUL23LAANYM-NYM,98,2,20,no
1753296824713,1753296824,KXMLBGAME-25JUL23LAANYM-NYM,98,2,4,no
1753296825112,1753296824,KXMLBGAME-25JUL23LAANYM-NYM,97,3,5,no
1753296825112,1753296824,KXMLBGAME-25JUL23LAANYM-NYM,97,3,7,no
1753296833712,1753296833,KXMLBGAME-25JUL23KCCHC-CHC,52,48,17,yes
1753296837705,1753296837,KXMLBGAME-25JUL23KCCHC-KC,49,51,38,yes
1753296837705,1753296837,KXMLBGAME-25JUL23MILSEA-MIL,48,52,4,yes
1753296837892,1753296837,KXMLBGAME-25JUL23KCCHC-KC,49,51,49,yes
1753296837892,1753296837,KXMLBGAME-25JUL23KCCHC-KC,49,51,38,yes
1753296837892,1753296837,KXMLBGAME-25JUL23KCCHC-KC,50,50,142,yes
1753296839573,1753296839,KXMLBGAME-25JUL23KCCHC-KC,49,51,72,yes
1753296839573,1753296839,KXMLBGAME-25JUL23KCCHC-KC,50,50,71,yes
1753296850035,1753296849,KXMLBGAME-25JUL23LAANYM-NYM,97,3,35,no
1753296850996,1753296850,KXMLBGAME-25JUL23MINLAD-LAD,66,34,66,yes
1753296854090,1753296853,KXMLBGAME-25JUL23MILSEA-MIL,48,52,35,yes
1753296863408,1753296863,KXMLBGAME-25JUL23BALCLE-CLE,55,45,80,yes
1753296869973,1753296869,KXMLBGAME-25JUL23DETPIT-PIT,99,1,81,no
1753296871611,1753296871,KXMLBGAME-25JUL23MILSEA-SEA,54,46,1000,yes
1753296875893,1753296875,KXMLBGAME-25JUL23LAANYM-NYM,98,2,72,yes
1753296880393,1753296880,KXMLBGAME-25JUL23KCCHC-CHC,52,48,200,yes
1753296882762,1753296882,KXMLBGAME-25JUL23KCCHC-KC,51,49,40,yes
1753296885073,1753296885,KXMLBGAME-25JUL23KCCHC-CHC,52,48,40,yes
1753296885073,1753296885,KXMLBGAME-25JUL23KCCHC-CHC,53,47,5,yes
1753296887212,1753296887,KXMLBGAME-25JUL23MINLAD-LAD,66,34,73,yes
1753296889254,1753296889,KXMLBGAME-25JUL23KCCHC-CHC,53,47,87,yes
1753296889254,1753296889,KXMLBGAME-25JUL23KCCHC-CHC,53,47,68,yes
1753296891613,1753296891,KXMLBGAME-25JUL23HOUARI-ARI,56,44,600,yes
1753296904053,1753296904,KXMLBGAME-25JUL23LAANYM-NYM,98,2,108,yes
1753296904882,1753296904,KXMLBGAME-25JUL23LAANYM-NYM,98,2,264,yes
1753296904882,1753296904,KXMLBGAME-25JUL23LAANYM-NYM,98,2,87,yes
1753296904882,1753296904,KXMLBGAME-25JUL23LAANYM-NYM,98,2,158,yes
1753296906234,1753296906,KXMLBGAME-25JUL23MINLAD-MIN,35,65,30,yes
1753296912313,1753296912,KXMLBGAME-25JUL23KCCHC-CHC,53,47,50,yes
1753296915312,1753296915,KXMLBGAME-25JUL23HOUARI-HOU,45,55,38,yes
1753296916634,1753296916,KXMLBGAME-25JUL23SFATL-SF,99,1,18,no
1753296918534,1753296918,KXMLBGAME-25JUL23LAANYM-NYM,98,2,142,yes
1753296918534,1753296918,KXMLBGAME-25JUL23LAANYM-NYM,98,2,87,yes
1753296918534,1753296918,KXMLBGAME-25JUL23LAANYM-NYM,98,2,600,yes
1753296918534,1753296918,KXMLBGAME-25JUL23LAANYM-NYM,99,1,79,yes
1753296918534,1753296918,KXMLBGAME-25JUL23LAANYM-NYM,99,1,276,yes
1753296918534,1753296918,KXMLBGAME-25JUL23LAANYM-NYM,99,1,100,yes
1753296918534,1753296918,KXMLBGAME-25JUL23LAANYM-NYM,99,1,3,yes
1753296922250,1753296922,KXMLBGAME-25JUL23KCCHC-CHC,53,47,37,yes
1753296922251,1753296922,KXMLBGAME-25JUL23KCCHC-CHC,53,47,30,yes
1753296924004,1753296923,KXMLBGAME-25JUL23LAANYM-LAA,3,97,253,yes
1753296924004,1753296923,KXMLBGAME-25JUL23LAANYM-LAA,3,97,671,yes
1753296925653,1753296925,KXMLBGAME-25JUL23LAANYM-NYM,97,3,2000,no
1753296925653,1753296925,KXMLBGAME-25JUL23LAANYM-NYM,97,3,2,no
1753296925653,1753296925,KXMLBGAME-25JUL23LAANYM-NYM,95,5,200,no
1753296925772,1753296925,KXMLBGAME-25JUL23LAANYM-LAA,3,97,207,yes
1753296925772,1753296925,KXMLBGAME-25JUL23LAANYM-LAA,3,97,4,yes
1753296925772,1753296925,KXMLBGAME-25JUL23LAANYM-LAA,3,97,300,yes
1753296925772,1753296925,KXMLBGAME-25JUL23LAANYM-LAA,4,96,1408,yes
1753296925772,1753296925,KXMLBGAME-25JUL23LAANYM-LAA,5,95,55,yes
1753296932032,1753296931,KXMLBGAME-25JUL23MINLAD-LAD,66,34,2176,yes
1753296932471,1753296932,KXMLBGAME-25JUL23MINLAD-MIN,34,66,49,yes
1753296935791,1753296935,KXMLBGAME-25JUL23HOUARI-ARI,56,44,43,yes
1753296940434,1753296940,KXMLBGAME-25JUL23BOSPHI-BOS,44,56,40,yes
1753296941316,1753296941,KXMLBGAME-25JUL23LAANYM-NYM,96,4,72,yes
1753296941316,1753296941,KXMLBGAME-25JUL23LAANYM-NYM,97,3,600,yes
1753296941316,1753296941,KXMLBGAME-25JUL23LAANYM-NYM,97,3,49,yes
1753296946234,1753296946,KXMLBGAME-25JUL23MILSEA-MIL,47,53,41,yes
1753296946333,1753296946,KXMLBGAME-25JUL23LAANYM-NYM,96,4,54,yes
1753296946333,1753296946,KXMLBGAME-25JUL23LAANYM-NYM,97,3,5,yes
1753296947473,1753296947,KXMLBGAME-25JUL23MINLAD-LAD,66,34,4,yes
1753296947595,1753296947,KXMLBGAME-25JUL23KCCHC-KC,51,49,500,no
1753296947595,1753296947,KXMLBGAME-25JUL23KCCHC-KC,51,49,300,no
1753296947595,1753296947,KXMLBGAME-25JUL23KCCHC-KC,50,50,100,no
1753296947595,1753296947,KXMLBGAME-25JUL23KCCHC-KC,50,50,500,no
1753296947671,1753296947,KXMLBGAME-25JUL23KCCHC-CHC,50,50,100,yes
1753296947671,1753296947,KXMLBGAME-25JUL23KCCHC-CHC,50,50,750,yes
1753296947671,1753296947,KXMLBGAME-25JUL23KCCHC-CHC,50,50,500,yes
1753296947671,1753296947,KXMLBGAME-25JUL23KCCHC-CHC,50,50,500,yes
1753296952474,1753296952,KXMLBGAME-25JUL23KCCHC-CHC,50,50,270,no
1753296953555,1753296953,KXMLBGAME-25JUL23NYYTOR-TOR,45,55,32,yes
1753296954647,1753296954,KXMLBGAME-25JUL23STLCOL-COL,38,62,25,yes
1753296955315,1753296955,KXMLBGAME-25JUL23KCCHC-KC,50,50,2,no
1753296956153,1753296956,KXMLBGAME-25JUL23MINLAD-LAD,66,34,2,yes
1753296958129,1753296958,KXMLBGAME-25JUL23LAANYM-NYM,96,4,30,yes
1753296960933,1753296960,KXMLBGAME-25JUL23LAANYM-NYM,96,4,11,yes
1753296960933,1753296960,KXMLBGAME-25JUL23LAANYM-NYM,96,4,22,yes
1753296960933,1753296960,KXMLBGAME-25JUL23LAANYM-NYM,97,3,67,yes
1753296964275,1753296964,KXMLBGAME-25JUL23STLCOL-COL,38,62,300,yes
1753296971693,1753296971,KXMLBGAME-25JUL23MILSEA-SEA,54,46,22,yes
1753296974415,1753296974,KXMLBGAME-25JUL23MILSEA-SEA,54,46,9,yes
1753296978253,1753296978,KXMLBGAME-25JUL23KCCHC-KC,53,47,91,yes
1753296978452,1753296978,KXMLBGAME-25JUL23LAANYM-LAA,5,95,20,yes
1753296981732,1753296981,KXMLBGAME-25JUL23KCCHC-KC,53,47,69,yes
1753296985153,1753296985,KXMLBGAME-25JUL23KCCHC-KC,53,47,36,yes
1753296985674,1753296985,KXMLBGAME-25JUL23LAANYM-LAA,5,95,20,yes
1753296988747,1753296988,KXMLBGAME-25JUL23KCCHC-CHC,49,51,386,yes
1753296992531,1753296992,KXMLBGAME-25JUL23MINLAD-LAD,66,34,287,yes
1753296992954,1753296992,KXMLBGAME-25JUL23MILSEA-SEA,54,46,107,yes
1753296993113,1753296993,KXMLBGAME-25JUL23MILSEA-SEA,54,46,448,yes
1753296994498,1753296994,KXMLBGAME-25JUL23NYYTOR-NYY,57,43,1,yes
1753296994498,1753296994,KXMLBGAME-25JUL23NYYTOR-NYY,57,43,7,yes
1753296996432,1753296996,KXMLBGAME-25JUL23KCCHC-CHC,49,51,129,yes
1753296996512,1753296996,KXMLBGAME-25JUL23LAANYM-NYM,95,5,300,yes
1753296996512,1753296996,KXMLBGAME-25JUL23LAANYM-NYM,96,4,25,yes
1753296996512,1753296996,KXMLBGAME-25JUL23LAANYM-NYM,96,4,600,yes
1753296996512,1753296996,KXMLBGAME-25JUL23LAANYM-NYM,96,4,116,yes
1753296998273,1753296998,KXMLBGAME-25JUL23KCCHC-CHC,49,51,471,yes
1753296998273,1753296998,KXMLBGAME-25JUL23KCCHC-CHC,49,51,495,yes
1753297003412,1753297002,KXMLBGAME-25JUL23LAANYM-LAA,5,95,27,yes
1753297003412,1753297002,KXMLBGAME-25JUL23LAANYM-LAA,5,95,50,yes
1753297003412,1753297002,KXMLBGAME-25JUL23LAANYM-LAA,7,93,213,yes
1753297010433,1753297010,KXMLBGAME-25JUL23LAANYM-NYM,96,4,13,yes
1753297010832,1753297010,KXMLBGAME-25JUL23KCCHC-KC,52,48,87,yes
1753297010832,1753297010,KXMLBGAME-25JUL23KCCHC-KC,53,47,53,yes
1753297014154,1753297014,KXMLBGAME-25JUL23DETPIT-PIT,99,1,5,no
1753297023691,1753297023,KXMLBGAME-25JUL23MILSEA-SEA,54,46,17,yes
1753297024213,1753297024,KXMLBGAME-25JUL23LAANYM-NYM,95,5,300,yes
1753297024213,1753297024,KXMLBGAME-25JUL23LAANYM-NYM,96,4,761,yes
1753297024997,1753297024,KXMLBGAME-25JUL23KCCHC-CHC,49,51,39,yes
1753297026733,1753297026,KXMLBGAME-25JUL23KCCHC-CHC,49,51,461,yes
1753297026733,1753297026,KXMLBGAME-25JUL23KCCHC-CHC,49,51,411,yes
1753297028504,1753297028,KXMLBGAME-25JUL23KCCHC-KC,53,47,45,yes
1753297033906,1753297033,KXMLBGAME-25JUL23KCCHC-KC,53,47,6,yes
1753297033906,1753297033,KXMLBGAME-25JUL23KCCHC-KC,53,47,205,yes
1753297038972,1753297038,KXMLBGAME-25JUL23LAANYM-LAA,7,93,67,yes
1753297040812,1753297040,KXMLBGAME-25JUL23KCCHC-CHC,50,50,19,yes
1753297041790,1753297041,KXMLBGAME-25JUL23KCCHC-KC,53,47,10,yes
1753297041910,1753297041,KXMLBGAME-25JUL23SFATL-SF,99,1,12,no
1753297044760,1753297044,KXMLBGAME-25JUL23LAANYM-NYM,94,6,13,no
1753297044773,1753297044,KXMLBGAME-25JUL23BOSPHI-BOS,44,56,10,yes
1753297051317,1753297051,KXMLBGAME-25JUL23ATHTEX-ATH,45,55,42,yes
1753297052192,1753297052,KXMLBGAME-25JUL23KCCHC-CHC,50,50,527,yes
1753297052773,1753297052,KXMLBGAME-25JUL23HOUARI-HOU,45,55,21,yes
1753297059156,1753297059,KXMLBGAME-25JUL23STLCOL-COL,38,62,252,yes
1753297065852,1753297065,KXMLBGAME-25JUL23KCCHC-KC,53,47,274,yes
1753297067589,1753297067,KXMLBGAME-25JUL23LAANYM-NYM,96,4,4,yes
1753297079895,1753297079,KXMLBGAME-25JUL23KCCHC-CHC,49,51,87,yes
1753297079895,1753297079,KXMLBGAME-25JUL23KCCHC-CHC,49,51,31,yes
1753297081113,1753297081,KXMLBGAME-25JUL23STLCOL-COL,38,62,12,yes
1753297081575,1753297081,KXMLBGAME-25JUL23LAANYM-LAA,7,93,87,yes
1753297081575,1753297081,KXMLBGAME-25JUL23LAANYM-LAA,8,92,1531,yes
1753297081575,1753297081,KXMLBGAME-25JUL23LAANYM-LAA,8,92,5,yes
1753297085732,1753297085,KXMLBGAME-25JUL23LAANYM-NYM,94,6,27,no
1753297085732,1753297085,KXMLBGAME-25JUL23LAANYM-NYM,94,6,1,no
1753297085732,1753297085,KXMLBGAME-25JUL23LAANYM-NYM,94,6,200,no
1753297088373,1753297088,KXMLBGAME-25JUL23KCCHC-CHC,49,51,19,yes
1753297092833,1753297092,KXMLBGAME-25JUL23LAANYM-LAA,6,94,118,yes
1753297095155,1753297095,KXMLBGAME-25JUL23MINLAD-LAD,67,33,7,yes
1753297097293,1753297097,KXMLBGAME-25JUL23KCCHC-KC,53,47,10,yes
1753297100274,1753297100,KXMLBGAME-25JUL23KCCHC-KC,54,46,100,yes
1753297100274,1753297100,KXMLBGAME-25JUL23KCCHC-KC,56,44,473,yes
1753297100274,1753297100,KXMLBGAME-25JUL23KCCHC-CHC,48,52,2000,no
1753297100274,1753297100,KXMLBGAME-25JUL23KCCHC-CHC,46,54,100,no
1753297101253,1753297101,KXMLBGAME-25JUL23LAANYM-LAA,5,95,100,no
1753297106633,1753297106,KXMLBGAME-25JUL23KCCHC-CHC,41,59,393,no
1753297107533,1753297107,KXMLBGAME-25JUL23LAANYM-LAA,6,94,78,yes
1753297108913,1753297108,KXMLBGAME-25JUL23KCCHC-KC,60,40,15,yes
1753297116634,1753297116,KXMLBGAME-25JUL23STLCOL-STL,64,36,7,yes
1753297117114,1753297117,KXMLBGAME-25JUL23HOUARI-HOU,45,55,534,yes
1753297120275,1753297120,KXMLBGAME-25JUL23KCCHC-CHC,70,30,19,yes
1753297120359,1753297120,KXMLBGAME-25JUL23KCCHC-KC,48,52,19,no
1753297121822,1753297121,KXMLBGAME-25JUL23KCCHC-KC,65,35,15,yes
1753297125012,1753297124,KXMLBGAME-25JUL23KCCHC-KC,58,42,11,yes
1753297128153,1753297128,KXMLBGAME-25JUL23KCCHC-KC,67,33,300,no
1753297128153,1753297128,KXMLBGAME-25JUL23KCCHC-KC,66,34,70,no
1753297128153,1753297128,KXMLBGAME-25JUL23KCCHC-CHC,34,66,70,yes
1753297128153,1753297128,KXMLBGAME-25JUL23KCCHC-CHC,35,65,600,yes
1753297128153,1753297128,KXMLBGAME-25JUL23KCCHC-CHC,35,65,500,yes
1753297131152,1753297131,KXMLBGAME-25JUL23KCCHC-KC,67,33,203,no
1753297131152,1753297131,KXMLBGAME-25JUL23KCCHC-CHC,34,66,35,yes
1753297131152,1753297131,KXMLBGAME-25JUL23KCCHC-CHC,35,65,895,yes
1753297131597,1753297131,KXMLBGAME-25JUL23SFATL-SF,99,1,2000,no
1753297133815,1753297133,KXMLBGAME-25JUL23KCCHC-KC,69,31,354,yes
1753297134612,1753297134,KXMLBGAME-25JUL23KCCHC-KC,69,31,14,yes
1753297135751,1753297135,KXMLBGAME-25JUL23KCCHC-CHC,33,67,28,yes
1753297136133,1753297136,KXMLBGAME-25JUL23KCCHC-KC,68,32,15,no
1753297139685,1753297139,KXMLBGAME-25JUL23KCCHC-KC,69,31,21,yes
1753297143112,1753297143,KXMLBGAME-25JUL23HOUARI-HOU,45,55,519,yes
1753297143112,1753297143,KXMLBGAME-25JUL23HOUARI-HOU,45,55,300,yes
1753297144600,1753297144,KXMLBGAME-25JUL23KCCHC-KC,66,34,107,no
1753297146408,1753297146,KXMLBGAME-25JUL23KCCHC-KC,67,33,7,yes
1753297149196,1753297149,KXMLBGAME-25JUL23KCCHC-KC,67,33,62,yes
1753297149273,1753297149,KXMLBGAME-25JUL23KCCHC-KC,67,33,18,yes
1753297149273,1753297149,KXMLBGAME-25JUL23KCCHC-KC,67,33,7,yes
1753297149273,1753297149,KXMLBGAME-25JUL23KCCHC-KC,67,33,33,yes
1753297149273,1753297149,KXMLBGAME-25JUL23KCCHC-KC,67,33,62,yes
1753297149273,1753297149,KXMLBGAME-25JUL23KCCHC-KC,68,32,398,yes
1753297149273,1753297149,KXMLBGAME-25JUL23KCCHC-KC,69,31,58,yes
1753297149673,1753297149,KXMLBGAME-25JUL23KCCHC-CHC,32,68,87,no
1753297149673,1753297149,KXMLBGAME-25JUL23KCCHC-CHC,31,69,119,no
1753297151413,1753297151,KXMLBGAME-25JUL23KCCHC-KC,68,32,87,yes
1753297151413,1753297151,KXMLBGAME-25JUL23KCCHC-KC,69,31,36,yes
1753297154431,1753297154,KXMLBGAME-25JUL23KCCHC-CHC,34,66,300,yes
1753297156615,1753297156,KXMLBGAME-25JUL23LAANYM-NYM,96,4,228,yes
1753297157693,1753297157,KXMLBGAME-25JUL23KCCHC-KC,69,31,66,yes
1753297157693,1753297157,KXMLBGAME-25JUL23KCCHC-KC,69,31,300,yes
1753297157693,1753297157,KXMLBGAME-25JUL23KCCHC-KC,69,31,343,yes
1753297158476,1753297158,KXMLBGAME-25JUL23KCCHC-KC,69,31,93,yes
1753297158732,1753297158,KXMLBGAME-25JUL23KCCHC-KC,69,31,50,yes
1753297158851,1753297158,KXMLBGAME-25JUL23KCCHC-CHC,31,69,49,no
1753297158851,1753297158,KXMLBGAME-25JUL23KCCHC-CHC,31,69,500,no
1753297158851,1753297158,KXMLBGAME-25JUL23KCCHC-CHC,30,70,501,no
1753297160953,1753297160,KXMLBGAME-25JUL23KCCHC-CHC,34,66,281,yes
1753297161893,1753297161,KXMLBGAME-25JUL23KCCHC-KC,69,31,141,yes
1753297162373,1753297162,KXMLBGAME-25JUL23KCCHC-KC,69,31,14,yes
1753297162725,1753297162,KXMLBGAME-25JUL23KCCHC-KC,69,31,26,yes
1753297163035,1753297162,KXMLBGAME-25JUL23KCCHC-KC,69,31,86,yes
1753297164115,1753297164,KXMLBGAME-25JUL23SFATL-ATL,1,99,93,yes
1753297164135,1753297164,KXMLBGAME-25JUL23STLCOL-STL,64,36,121,yes
1753297164711,1753297164,KXMLBGAME-25JUL23KCCHC-KC,70,30,137,yes
1753297166352,1753297166,KXMLBGAME-25JUL23NYYTOR-TOR,45,55,1,yes
1753297167538,1753297167,KXMLBGAME-25JUL23KCCHC-KC,70,30,20,yes
1753297167552,1753297167,KXMLBGAME-25JUL23KCCHC-CHC,30,70,99,no
1753297167552,1753297167,KXMLBGAME-25JUL23KCCHC-CHC,30,70,58,no
1753297168190,1753297168,KXMLBGAME-25JUL23LAANYM-LAA,4,96,100,no
1753297168931,1753297168,KXMLBGAME-25JUL23KCCHC-KC,70,30,150,yes
1753297170743,1753297170,KXMLBGAME-25JUL23KCCHC-KC,70,30,69,yes
1753297171093,1753297171,KXMLBGAME-25JUL23STLCOL-STL,64,36,15,yes
1753297171256,1753297171,KXMLBGAME-25JUL23ATHTEX-ATH,45,55,427,yes
1753297171631,1753297171,KXMLBGAME-25JUL23KCCHC-KC,70,30,25,yes
1753297172410,1753297172,KXMLBGAME-25JUL23MILSEA-MIL,47,53,44,yes
1753297173853,1753297173,KXMLBGAME-25JUL23KCCHC-CHC,31,69,300,yes
1753297173853,1753297173,KXMLBGAME-25JUL23KCCHC-CHC,32,68,31,yes
1753297177633,1753297177,KXMLBGAME-25JUL23ATHTEX-ATH,45,55,556,yes
1753297179853,1753297179,KXMLBGAME-25JUL23LAANYM-NYM,96,4,40,yes
1753297179853,1753297179,KXMLBGAME-25JUL23LAANYM-NYM,96,4,300,yes
1753297180412,1753297180,KXMLBGAME-25JUL23DETPIT-DET,1,99,93,yes
1753297183876,1753297183,KXMLBGAME-25JUL23LAANYM-NYM,97,3,1,yes
1753297183876,1753297183,KXMLBGAME-25JUL23LAANYM-NYM,97,3,1,yes
1753297191172,1753297191,KXMLBGAME-25JUL23KCCHC-KC,73,27,13,yes
1753297192293,1753297192,KXMLBGAME-25JUL23KCCHC-CHC,34,66,300,yes
1753297192293,1753297192,KXMLBGAME-25JUL23KCCHC-CHC,34,66,87,yes
1753297192293,1753297192,KXMLBGAME-25JUL23KCCHC-CHC,36,64,139,yes
1753297193993,1753297193,KXMLBGAME-25JUL23KCCHC-KC,71,29,59,yes
1753297193994,1753297193,KXMLBGAME-25JUL23KCCHC-KC,71,29,139,yes
1753297193994,1753297193,KXMLBGAME-25JUL23KCCHC-KC,72,28,211,yes
1753297195634,1753297195,KXMLBGAME-25JUL23KCCHC-CHC,31,69,44,no
1753297195634,1753297195,KXMLBGAME-25JUL23KCCHC-CHC,30,70,34,no
1753297195634,1753297195,KXMLBGAME-25JUL23KCCHC-CHC,30,70,98,no
1753297198771,1753297198,KXMLBGAME-25JUL23LAANYM-LAA,5,95,300,no
1753297198771,1753297198,KXMLBGAME-25JUL23LAANYM-NYM,96,4,300,no
1753297202114,1753297202,KXMLBGAME-25JUL23KCCHC-KC,70,30,27,yes
1753297202532,1753297202,KXMLBGAME-25JUL23STLCOL-STL,64,36,15,yes
1753297203233,1753297203,KXMLBGAME-25JUL23LAANYM-LAA,5,95,300,no
1753297203234,1753297203,KXMLBGAME-25JUL23LAANYM-NYM,96,4,300,no
1753297206752,1753297206,KXMLBGAME-25JUL23LAANYM-LAA,7,93,13,yes
1753297207112,1753297207,KXMLBGAME-25JUL23LAANYM-NYM,96,4,2,no
1753297207681,1753297207,KXMLBGAME-25JUL23LAANYM-NYM,96,4,13,no
1753297208093,1753297208,KXMLBGAME-25JUL23LAANYM-LAA,5,95,300,no
1753297208112,1753297208,KXMLBGAME-25JUL23LAANYM-NYM,96,4,300,no
1753297208313,1753297208,KXMLBGAME-25JUL23LAANYM-NYM,96,4,895,no
1753297208352,1753297208,KXMLBGAME-25JUL23LAANYM-NYM,97,3,110,yes
1753297209275,1753297209,KXMLBGAME-25JUL23KCCHC-CHC,33,67,101,yes
1753297211213,1753297211,KXMLBGAME-25JUL23KCCHC-CHC,33,67,199,yes
1753297211213,1753297211,KXMLBGAME-25JUL23KCCHC-CHC,33,67,90,yes
1753297212152,1753297212,KXMLBGAME-25JUL23KCCHC-CHC,30,70,8,no
1753297212794,1753297212,KXMLBGAME-25JUL23KCCHC-CHC,33,67,31,yes
1753297213152,1753297213,KXMLBGAME-25JUL23LAANYM-NYM,95,5,12,yes
1753297213357,1753297213,KXMLBGAME-25JUL23KCCHC-KC,68,32,279,yes
1753297213395,1753297213,KXMLBGAME-25JUL23MILSEA-SEA,54,46,8,yes
1753297215996,1753297215,KXMLBGAME-25JUL23KCCHC-KC,68,32,2,yes
1753297217473,1753297217,KXMLBGAME-25JUL23LAANYM-LAA,7,93,23,yes
1753297217973,1753297217,KXMLBGAME-25JUL23KCCHC-KC,68,32,143,yes
1753297218972,1753297218,KXMLBGAME-25JUL23KCCHC-KC,68,32,74,yes
1753297218972,1753297218,KXMLBGAME-25JUL23KCCHC-KC,68,32,281,yes
1753297218972,1753297218,KXMLBGAME-25JUL23KCCHC-KC,69,31,19,yes
1753297227819,1753297227,KXMLBGAME-25JUL23LAANYM-NYM,96,4,1,yes
1753297228979,1753297228,KXMLBGAME-25JUL23KCCHC-CHC,33,67,50,yes
1753297229190,1753297229,KXMLBGAME-25JUL23BALCLE-CLE,55,45,17,yes
1753297230853,1753297230,KXMLBGAME-25JUL23LAANYM-NYM,96,4,15,yes
1753297232553,1753297232,KXMLBGAME-25JUL23STLCOL-STL,63,37,152,yes
1753297233953,1753297233,KXMLBGAME-25JUL23KCCHC-KC,69,31,1,yes
1753297237375,1753297237,KXMLBGAME-25JUL23KCCHC-KC,69,31,200,yes
1753297239153,1753297239,KXMLBGAME-25JUL23KCCHC-KC,69,31,91,yes
1753297239628,1753297239,KXMLBGAME-25JUL23LAANYM-NYM,94,6,1,no
1753297239628,1753297239,KXMLBGAME-25JUL23LAANYM-NYM,94,6,653,no
1753297242312,1753297242,KXMLBGAME-25JUL23LAANYM-LAA,6,94,3666,yes
1753297242312,1753297242,KXMLBGAME-25JUL23LAANYM-LAA,7,93,5,yes
1753297242312,1753297242,KXMLBGAME-25JUL23LAANYM-LAA,7,93,87,yes
1753297242312,1753297242,KXMLBGAME-25JUL23LAANYM-LAA,7,93,300,yes
1753297242312,1753297242,KXMLBGAME-25JUL23LAANYM-LAA,9,91,600,yes
1753297244173,1753297244,KXMLBGAME-25JUL23LAANYM-LAA,9,91,12,no
1753297244971,1753297244,KXMLBGAME-25JUL23LAANYM-LAA,9,91,330,no
1753297244993,1753297244,KXMLBGAME-25JUL23LAANYM-NYM,94,6,41,no
1753297244993,1753297244,KXMLBGAME-25JUL23LAANYM-NYM,92,8,289,no
1753297245278,1753297245,KXMLBGAME-25JUL23KCCHC-KC,69,31,141,yes
1753297245594,1753297245,KXMLBGAME-25JUL23LAANYM-LAA,7,93,5,no
1753297245594,1753297245,KXMLBGAME-25JUL23LAANYM-LAA,3,97,325,no
1753297245594,1753297245,KXMLBGAME-25JUL23KCCHC-KC,69,31,4,yes
1753297247104,1753297246,KXMLBGAME-25JUL23NYYTOR-NYY,57,43,3,yes
1753297247104,1753297246,KXMLBGAME-25JUL23NYYTOR-NYY,57,43,5,yes
1753297247232,1753297247,KXMLBGAME-25JUL23MILSEA-MIL,47,53,682,yes
1753297247232,1753297247,KXMLBGAME-25JUL23MILSEA-MIL,47,53,323,yes
1753297247594,1753297247,KXMLBGAME-25JUL23BOSPHI-PHI,57,43,17,yes
1753297251753,1753297251,KXMLBGAME-25JUL23LAANYM-NYM,94,6,20,no
1753297255212,1753297255,KXMLBGAME-25JUL23STLCOL-STL,63,37,15,yes
1753297255854,1753297255,KXMLBGAME-25JUL23LAANYM-NYM,92,8,161,no
1753297255970,1753297255,KXMLBGAME-25JUL23LAANYM-LAA,8,92,5,yes
1753297259134,1753297259,KXMLBGAME-25JUL23KCCHC-KC,70,30,68,yes
1753297261193,1753297261,KXMLBGAME-25JUL23NYYTOR-NYY,57,43,17,yes
1753297262374,1753297262,KXMLBGAME-25JUL23KCCHC-KC,70,30,69,yes
1753297263780,1753297263,KXMLBGAME-25JUL23STLCOL-COL,38,62,7,yes
1753297264972,1753297264,KXMLBGAME-25JUL23LAANYM-NYM,92,8,300,yes
1753297264972,1753297264,KXMLBGAME-25JUL23LAANYM-NYM,92,8,3,yes
1753297264972,1753297264,KXMLBGAME-25JUL23LAANYM-NYM,92,8,74,yes
1753297264972,1753297264,KXMLBGAME-25JUL23LAANYM-NYM,93,7,691,yes
1753297266852,1753297266,KXMLBGAME-25JUL23KCCHC-KC,70,30,136,yes
1753297266852,1753297266,KXMLBGAME-25JUL23KCCHC-KC,70,30,500,yes
1753297266853,1753297266,KXMLBGAME-25JUL23KCCHC-KC,71,29,200,yes
1753297268234,1753297268,KXMLBGAME-25JUL23CWSTB-CWS,35,65,1,yes
1753297268433,1753297268,KXMLBGAME-25JUL23SFATL-SF,99,1,215,no
1753297269195,1753297269,KXMLBGAME-25JUL23LAANYM-NYM,92,8,20,yes
1753297270412,1753297270,KXMLBGAME-25JUL23KCCHC-KC,70,30,27,yes
1753297276072,1753297276,KXMLBGAME-25JUL23LAANYM-LAA,10,90,10,yes
1753297276072,1753297276,KXMLBGAME-25JUL23LAANYM-LAA,10,90,2,yes
1753297276773,1753297276,KXMLBGAME-25JUL23KCCHC-KC,69,31,33,yes
1753297276773,1753297276,KXMLBGAME-25JUL23KCCHC-KC,70,30,106,yes
1753297278131,1753297278,KXMLBGAME-25JUL23KCCHC-KC,67,33,11,yes
1753297278154,1753297278,KXMLBGAME-25JUL23LAANYM-NYM,92,8,35,yes
1753297278154,1753297278,KXMLBGAME-25JUL23LAANYM-NYM,92,8,234,yes
1753297278613,1753297278,KXMLBGAME-25JUL23HOUARI-HOU,45,55,6,yes
1753297282372,1753297282,KXMLBGAME-25JUL23BALCLE-CLE,55,45,1,yes
1753297282653,1753297282,KXMLBGAME-25JUL23ATHTEX-TEX,56,44,17,yes
1753297283372,1753297283,KXMLBGAME-25JUL23KCCHC-KC,67,33,8,yes
1753297283392,1753297283,KXMLBGAME-25JUL23KCCHC-KC,67,33,2,yes
1753297283432,1753297283,KXMLBGAME-25JUL23KCCHC-KC,67,33,21,yes
1753297285213,1753297285,KXMLBGAME-25JUL23KCCHC-KC,67,33,36,yes
1753297285915,1753297285,KXMLBGAME-25JUL23SFATL-ATL,1,99,28,yes
1753297286552,1753297286,KXMLBGAME-25JUL23LAANYM-NYM,93,7,6,yes
1753297287254,1753297287,KXMLBGAME-25JUL23KCCHC-KC,67,33,422,yes
1753297287254,1753297287,KXMLBGAME-25JUL23KCCHC-KC,68,32,65,yes
1753297292356,1753297292,KXMLBGAME-25JUL23KCCHC-KC,67,33,107,yes
1753297293168,1753297293,KXMLBGAME-25JUL23LAANYM-NYM,92,8,300,yes
1753297293168,1753297293,KXMLBGAME-25JUL23LAANYM-NYM,93,7,24,yes
1753297295593,1753297295,KXMLBGAME-25JUL23NYYTOR-TOR,45,55,209,yes
1753297302082,1753297302,KXMLBGAME-25JUL23LAANYM-NYM,92,8,69,yes
1753297303731,1753297303,KXMLBGAME-25JUL23KCCHC-CHC,33,67,10,yes
1753297303731,1753297303,KXMLBGAME-25JUL23KCCHC-CHC,34,66,4,yes
1753297304925,1753297304,KXMLBGAME-25JUL23LAANYM-NYM,92,8,59,yes
1753297306051,1753297305,KXMLBGAME-25JUL23HOUARI-ARI,56,44,17,yes
1753297307217,1753297307,KXMLBGAME-25JUL23KCCHC-CHC,32,68,150,no
1753297307217,1753297307,KXMLBGAME-25JUL23KCCHC-CHC,32,68,32,no
1753297307412,1753297307,KXMLBGAME-25JUL23KCCHC-KC,68,32,28,yes
1753297310412,1753297310,KXMLBGAME-25JUL23KCCHC-KC,68,32,21,yes
1753297310932,1753297310,KXMLBGAME-25JUL23KCCHC-CHC,34,66,5,yes
1753297311834,1753297311,KXMLBGAME-25JUL23LAANYM-NYM,92,8,141,yes
1753297312251,1753297312,KXMLBGAME-25JUL23KCCHC-CHC,33,67,8,yes
1753297313173,1753297313,KXMLBGAME-25JUL23KCCHC-KC,68,32,2,yes
1753297313354,1753297313,KXMLBGAME-25JUL23KCCHC-KC,68,32,28,yes
1753297316714,1753297316,KXMLBGAME-25JUL23KCCHC-CHC,32,68,60,no
1753297316714,1753297316,KXMLBGAME-25JUL23KCCHC-CHC,31,69,253,no
1753297318253,1753297318,KXMLBGAME-25JUL23LAANYM-NYM,93,7,52,yes
1753297319634,1753297319,KXMLBGAME-25JUL23STLCOL-STL,63,37,128,yes
1753297319634,1753297319,KXMLBGAME-25JUL23STLCOL-STL,64,36,178,yes
1753297319653,1753297319,KXMLBGAME-25JUL23KCCHC-KC,68,32,20,no
1753297320814,1753297320,KXMLBGAME-25JUL23LAANYM-NYM,93,7,1070,yes
1753297321632,1753297321,KXMLBGAME-25JUL23KCCHC-KC,68,32,20,yes
1753297322193,1753297322,KXMLBGAME-25JUL23KCCHC-KC,68,32,31,yes
1753297326033,1753297325,KXMLBGAME-25JUL23KCCHC-KC,68,32,71,yes
1753297326153,1753297326,KXMLBGAME-25JUL23MINLAD-LAD,67,33,61,yes
1753297326251,1753297326,KXMLBGAME-25JUL23KCCHC-CHC,33,67,79,yes
1753297326251,1753297326,KXMLBGAME-25JUL23KCCHC-CHC,33,67,8,yes
1753297326251,1753297326,KXMLBGAME-25JUL23KCCHC-CHC,34,66,291,yes
1753297326251,1753297326,KXMLBGAME-25JUL23KCCHC-CHC,34,66,1030,yes
1753297326671,1753297326,KXMLBGAME-25JUL23KCCHC-KC,68,32,1,yes
1753297326911,1753297326,KXMLBGAME-25JUL23LAANYM-LAA,9,91,5,yes
1753297326911,1753297326,KXMLBGAME-25JUL23LAANYM-LAA,10,90,8,yes
1753297327352,1753297327,KXMLBGAME-25JUL23KCCHC-CHC,33,67,87,yes
1753297327352,1753297327,KXMLBGAME-25JUL23KCCHC-CHC,34,66,42,yes
1753297327412,1753297327,KXMLBGAME-25JUL23MILSEA-SEA,53,47,26,yes
1753297328771,1753297328,KXMLBGAME-25JUL23LAANYM-NYM,92,8,23,yes
1753297329791,1753297329,KXMLBGAME-25JUL23LAANYM-NYM,92,8,107,yes
1753297331831,1753297331,KXMLBGAME-25JUL23STLCOL-STL,64,36,33,yes
1753297332051,1753297332,KXMLBGAME-25JUL23STLCOL-STL,64,36,38,yes
1753297333596,1753297333,KXMLBGAME-25JUL23KCCHC-KC,68,32,14,yes
1753297334014,1753297333,KXMLBGAME-25JUL23KCCHC-KC,68,32,19,yes
1753297335673,1753297335,KXMLBGAME-25JUL23LAANYM-LAA,10,90,47,yes
1753297342916,1753297342,KXMLBGAME-25JUL23MINLAD-LAD,67,33,5,yes
1753297343360,1753297343,KXMLBGAME-25JUL23KCCHC-KC,68,32,45,yes
1753297345033,1753297344,KXMLBGAME-25JUL23STLCOL-STL,64,36,220,yes
1753297348332,1753297348,KXMLBGAME-25JUL23MILSEA-MIL,47,53,30,yes
1753297348332,1753297348,KXMLBGAME-25JUL23MILSEA-MIL,48,52,23,yes
1753297349332,1753297349,KXMLBGAME-25JUL23KCCHC-KC,69,31,141,yes
1753297351531,1753297351,KXMLBGAME-25JUL23KCCHC-KC,68,32,141,yes
1753297353899,1753297353,KXMLBGAME-25JUL23KCCHC-CHC,33,67,87,yes
1753297353899,1753297353,KXMLBGAME-25JUL23KCCHC-CHC,33,67,135,yes
1753297354952,1753297354,KXMLBGAME-25JUL23BOSPHI-PHI,57,43,8,yes
1753297356394,1753297356,KXMLBGAME-25JUL23KCCHC-KC,68,32,30,yes
1753297359612,1753297359,KXMLBGAME-25JUL23STLCOL-COL,38,62,12,yes
1753297365068,1753297365,KXMLBGAME-25JUL23MILSEA-MIL,48,52,200,yes
1753297371634,1753297371,KXMLBGAME-25JUL23KCCHC-KC,68,32,23,yes
1753297372911,1753297372,KXMLBGAME-25JUL23ATHTEX-ATH,45,55,26,yes
1753297373722,1753297373,KXMLBGAME-25JUL23HOUARI-HOU,45,55,21,yes
1753297374419,1753297374,KXMLBGAME-25JUL23HOUARI-HOU,45,55,10,yes
1753297374440,1753297374,KXMLBGAME-25JUL23KCCHC-KC,68,32,409,yes
1753297374953,1753297374,KXMLBGAME-25JUL23LAANYM-LAA,7,93,13,yes
1753297376213,1753297376,KXMLBGAME-25JUL23KCCHC-KC,68,32,60,yes
1753297384174,1753297384,KXMLBGAME-25JUL23LAANYM-NYM,96,4,20,yes
1753297388192,1753297388,KXMLBGAME-25JUL23LAANYM-LAA,7,93,13,yes
1753297388392,1753297388,KXMLBGAME-25JUL23HOUARI-ARI,56,44,51,yes
1753297390414,1753297390,KXMLBGAME-25JUL23KCCHC-KC,68,32,8,yes
1753297392232,1753297392,KXMLBGAME-25JUL23LAANYM-LAA,7,93,20,yes
1753297392232,1753297392,KXMLBGAME-25JUL23LAANYM-LAA,8,92,76,yes
1753297394335,1753297394,KXMLBGAME-25JUL23KCCHC-KC,68,32,292,yes
1753297394335,1753297394,KXMLBGAME-25JUL23KCCHC-KC,68,32,745,yes
1753297397529,1753297397,KXMLBGAME-25JUL23KCCHC-CHC,32,68,109,no
1753297398873,1753297398,KXMLBGAME-25JUL23KCCHC-CHC,32,68,7,no
1753297398873,1753297398,KXMLBGAME-25JUL23KCCHC-CHC,33,67,6,yes
1753297398873,1753297398,KXMLBGAME-25JUL23KCCHC-CHC,35,65,185,yes
1753297399911,1753297399,KXMLBGAME-25JUL23KCCHC-CHC,35,65,30,yes
1753297400810,1753297400,KXMLBGAME-25JUL23KCCHC-KC,68,32,486,yes
1753297402334,1753297402,KXMLBGAME-25JUL23KCCHC-KC,68,32,6,yes
1753297404372,1753297404,KXMLBGAME-25JUL23KCCHC-KC,68,32,201,yes
1753297406733,1753297406,KXMLBGAME-25JUL23MILSEA-MIL,46,54,13,no
1753297408692,1753297408,KXMLBGAME-25JUL23LAANYM-LAA,6,94,5,no
1753297410126,1753297410,KXMLBGAME-25JUL23KCCHC-KC,68,32,1,yes
1753297412310,1753297412,KXMLBGAME-25JUL23LAANYM-LAA,7,93,14,yes
1753297417716,1753297417,KXMLBGAME-25JUL23STLCOL-STL,64,36,50,yes
1753297418013,1753297417,KXMLBGAME-25JUL23KCCHC-KC,68,32,126,yes
1753297418292,1753297418,KXMLBGAME-25JUL23KCCHC-CHC,34,66,200,yes
1753297418292,1753297418,KXMLBGAME-25JUL23KCCHC-CHC,34,66,68,yes
1753297421491,1753297421,KXMLBGAME-25JUL23KCCHC-KC,68,32,1,yes
1753297421491,1753297421,KXMLBGAME-25JUL23KCCHC-KC,68,32,200,yes
1753297421951,1753297421,KXMLBGAME-25JUL23LAANYM-NYM,96,4,48,yes
1753297431552,1753297431,KXMLBGAME-25JUL23LAANYM-NYM,96,4,10,yes
1753297432271,1753297432,KXMLBGAME-25JUL23KCCHC-CHC,34,66,58,yes
1753297434032,1753297433,KXMLBGAME-25JUL23STLCOL-STL,64,36,672,yes
1753297435013,1753297434,KXMLBGAME-25JUL23KCCHC-KC,68,32,7,yes
1753297436813,1753297436,KXMLBGAME-25JUL23HOUARI-ARI,55,45,17,no
1753297438654,1753297438,KXMLBGAME-25JUL23KCCHC-KC,68,32,58,yes
1753297438654,1753297438,KXMLBGAME-25JUL23KCCHC-KC,68,32,500,yes
1753297438654,1753297438,KXMLBGAME-25JUL23KCCHC-KC,68,32,109,yes
1753297444991,1753297444,KXMLBGAME-25JUL23LAANYM-LAA,6,94,78,yes
1753297445329,1753297445,KXMLBGAME-25JUL23KCCHC-KC,67,33,100,no
1753297451613,1753297451,KXMLBGAME-25JUL23MILSEA-SEA,53,47,18,yes
1753297455433,1753297455,KXMLBGAME-25JUL23CWSTB-TB,66,34,7,yes
1753297456013,1753297455,KXMLBGAME-25JUL23KCCHC-KC,68,32,30,yes
1753297460333,1753297460,KXMLBGAME-25JUL23LAANYM-LAA,7,93,40,yes
1753297468905,1753297468,KXMLBGAME-25JUL23KCCHC-KC,68,32,19,yes
1753297469455,1753297469,KXMLBGAME-25JUL23HOUARI-HOU,45,55,45,yes
1753297469455,1753297469,KXMLBGAME-25JUL23HOUARI-HOU,45,55,87,yes
1753297469455,1753297469,KXMLBGAME-25JUL23HOUARI-HOU,45,55,4070,yes
1753297471553,1753297471,KXMLBGAME-25JUL23STLCOL-STL,64,36,6,yes
1753297471954,1753297471,KXMLBGAME-25JUL23KCCHC-KC,68,32,7,yes
1753297473431,1753297473,KXMLBGAME-25JUL23LAANYM-LAA,7,93,100,yes
1753297475174,1753297475,KXMLBGAME-25JUL23KCCHC-KC,68,32,293,yes
1753297475174,1753297475,KXMLBGAME-25JUL23KCCHC-KC,68,32,68,yes
1753297475174,1753297475,KXMLBGAME-25JUL23KCCHC-KC,68,32,200,yes
1753297475174,1753297475,KXMLBGAME-25JUL23KCCHC-KC,68,32,58,yes
1753297475174,1753297475,KXMLBGAME-25JUL23KCCHC-KC,68,32,500,yes
1753297475174,1753297475,KXMLBGAME-25JUL23KCCHC-KC,68,32,500,yes
1753297475174,1753297475,KXMLBGAME-25JUL23KCCHC-KC,69,31,531,yes
1753297476213,1753297476,KXMLBGAME-25JUL23BOSPHI-PHI,57,43,8,yes
1753297478159,1753297478,KXMLBGAME-25JUL23HOUARI-ARI,56,44,6,yes
1753297479779,1753297479,KXMLBGAME-25JUL23KCCHC-KC,68,32,50,yes
1753297483451,1753297483,KXMLBGAME-25JUL23LAANYM-NYM,95,5,5,yes
1753297483893,1753297483,KXMLBGAME-25JUL23KCCHC-KC,68,32,71,yes
1753297490194,1753297490,KXMLBGAME-25JUL23KCCHC-KC,68,32,31,yes
1753297492153,1753297492,KXMLBGAME-25JUL23KCCHC-KC,68,32,28,yes
1753297493890,1753297493,KXMLBGAME-25JUL23KCCHC-CHC,35,65,27,yes
1753297494672,1753297494,KXMLBGAME-25JUL23LAANYM-NYM,95,5,36,yes
1753297496832,1753297496,KXMLBGAME-25JUL23KCCHC-KC,68,32,3,yes
1753297498253,1753297498,KXMLBGAME-25JUL23KCCHC-KC,68,32,69,yes
1753297503613,1753297503,KXMLBGAME-25JUL23MINLAD-LAD,67,33,14,yes
1753297504273,1753297504,KXMLBGAME-25JUL23NYYTOR-TOR,45,55,17,yes
1753297504273,1753297504,KXMLBGAME-25JUL23NYYTOR-TOR,45,55,9,yes
1753297505746,1753297505,KXMLBGAME-25JUL23KCCHC-KC,68,32,287,yes
1753297506812,1753297506,KXMLBGAME-25JUL23LAANYM-NYM,96,4,1,yes
1753297510772,1753297510,KXMLBGAME-25JUL23STLCOL-COL,38,62,54,yes
1753297512492,1753297512,KXMLBGAME-25JUL23LAANYM-LAA,7,93,13,yes
1753297512732,1753297512,KXMLBGAME-25JUL23KCCHC-KC,69,31,219,yes
1753297512732,1753297512,KXMLBGAME-25JUL23KCCHC-KC,69,31,87,yes
1753297512732,1753297512,KXMLBGAME-25JUL23KCCHC-KC,69,31,257,yes
1753297513215,1753297513,KXMLBGAME-25JUL23KCCHC-CHC,34,66,54,yes
1753297514882,1753297514,KXMLBGAME-25JUL23KCCHC-KC,69,31,121,yes
1753297515673,1753297515,KXMLBGAME-25JUL23LAANYM-NYM,95,5,64,no
1753297517413,1753297517,KXMLBGAME-25JUL23ATHTEX-TEX,56,44,8,yes
1753297517493,1753297517,KXMLBGAME-25JUL23MINLAD-LAD,67,33,7,yes
1753297521371,1753297521,KXMLBGAME-25JUL23KCCHC-KC,68,32,500,yes
1753297521371,1753297521,KXMLBGAME-25JUL23KCCHC-KC,68,32,300,yes
1753297521371,1753297521,KXMLBGAME-25JUL23KCCHC-KC,69,31,578,yes
1753297522773,1753297522,KXMLBGAME-25JUL23LAANYM-NYM,95,5,262,yes
1753297527013,1753297526,KXMLBGAME-25JUL23BOSPHI-PHI,57,43,170,yes
1753297529651,1753297529,KXMLBGAME-25JUL23KCCHC-KC,68,32,143,yes
1753297534172,1753297534,KXMLBGAME-25JUL23HOUARI-ARI,56,44,8,yes
1753297535651,1753297535,KXMLBGAME-25JUL23KCCHC-KC,69,31,354,yes
1753297536230,1753297536,KXMLBGAME-25JUL23KCCHC-KC,69,31,70,yes
1753297537840,1753297537,KXMLBGAME-25JUL23LAANYM-LAA,6,94,36,no
1753297537933,1753297537,KXMLBGAME-25JUL23KCCHC-KC,69,31,1,yes
1753297538234,1753297538,KXMLBGAME-25JUL23LAANYM-NYM,93,7,100,yes
1753297539276,1753297539,KXMLBGAME-25JUL23KCCHC-KC,67,33,400,no
1753297539276,1753297539,KXMLBGAME-25JUL23KCCHC-KC,67,33,500,no
1753297539276,1753297539,KXMLBGAME-25JUL23KCCHC-KC,66,34,87,no
1753297539276,1753297539,KXMLBGAME-25JUL23KCCHC-KC,66,34,1394,no
1753297539413,1753297539,KXMLBGAME-25JUL23KCCHC-CHC,34,66,33,yes
1753297539413,1753297539,KXMLBGAME-25JUL23KCCHC-CHC,34,66,54,yes
1753297539414,1753297539,KXMLBGAME-25JUL23KCCHC-CHC,34,66,2294,yes
1753297539414,1753297539,KXMLBGAME-25JUL23KCCHC-KC,68,32,92,yes
1753297541113,1753297541,KXMLBGAME-25JUL23MILSEA-MIL,48,52,201,yes
1753297541496,1753297541,KXMLBGAME-25JUL23KCCHC-CHC,34,66,100,yes
1753297541552,1753297541,KXMLBGAME-25JUL23HOUARI-HOU,45,55,21,yes
1753297545334,1753297545,KXMLBGAME-25JUL23KCCHC-KC,66,34,13,yes
1753297547024,1753297546,KXMLBGAME-25JUL23HOUARI-HOU,45,55,213,yes
1753297547155,1753297547,KXMLBGAME-25JUL23KCCHC-KC,65,35,500,no
1753297548974,1753297548,KXMLBGAME-25JUL23KCCHC-CHC,38,62,22,yes
1753297557211,1753297557,KXMLBGAME-25JUL23LAANYM-NYM,94,6,11,yes
1753297557235,1753297557,KXMLBGAME-25JUL23LAANYM-NYM,94,6,225,yes
1753297558096,1753297557,KXMLBGAME-25JUL23KCCHC-KC,64,36,13,yes
1753297559529,1753297558,KXMLBGAME-25JUL23LAANYM-LAA,9,91,156,yes
1753297560232,1753297559,KXMLBGAME-25JUL23KCCHC-KC,64,36,74,yes
1753297560232,1753297559,KXMLBGAME-25JUL23KCCHC-KC,64,36,22,yes
1753297560232,1753297559,KXMLBGAME-25JUL23KCCHC-KC,64,36,13,yes
1753297560232,1753297559,KXMLBGAME-25JUL23KCCHC-KC,65,35,42,yes
1753297563912,1753297563,KXMLBGAME-25JUL23KCCHC-KC,65,35,139,yes
1753297565035,1753297564,KXMLBGAME-25JUL23KCCHC-CHC,38,62,178,yes
1753297565035,1753297564,KXMLBGAME-25JUL23KCCHC-CHC,38,62,74,yes
1753297566935,1753297566,KXMLBGAME-25JUL23KCCHC-KC,64,36,30,yes
1753297569714,1753297569,KXMLBGAME-25JUL23LAANYM-NYM,94,6,283,yes
1753297570554,1753297570,KXMLBGAME-25JUL23KCCHC-CHC,38,62,12,yes
1753297571171,1753297571,KXMLBGAME-25JUL23LAANYM-NYM,94,6,1,yes
1753297572495,1753297572,KXMLBGAME-25JUL23KCCHC-KC,64,36,60,yes
1753297574490,1753297574,KXMLBGAME-25JUL23KCCHC-CHC,38,62,27,yes
1753297576793,1753297576,KXMLBGAME-25JUL23KCCHC-CHC,38,62,187,yes
1753297576793,1753297576,KXMLBGAME-25JUL23KCCHC-CHC,38,62,300,yes
1753297576793,1753297576,KXMLBGAME-25JUL23KCCHC-CHC,38,62,269,yes
1753297590696,1753297590,KXMLBGAME-25JUL23LAANYM-NYM,93,7,209,yes
1753297590753,1753297590,KXMLBGAME-25JUL23KCCHC-KC,64,36,30,yes
1753297592632,1753297592,KXMLBGAME-25JUL23STLCOL-STL,64,36,500,yes
1753297594753,1753297594,KXMLBGAME-25JUL23SFATL-SF,99,1,26,no
1753297596612,1753297596,KXMLBGAME-25JUL23KCCHC-KC,64,36,58,yes
1753297596612,1753297596,KXMLBGAME-25JUL23KCCHC-KC,64,36,500,yes
1753297596612,1753297596,KXMLBGAME-25JUL23KCCHC-KC,64,36,300,yes
1753297596612,1753297596,KXMLBGAME-25JUL23KCCHC-KC,65,35,2624,yes
1753297598692,1753297598,KXMLBGAME-25JUL23STLCOL-STL,64,36,58,yes
1753297600832,1753297600,KXMLBGAME-25JUL23MILSEA-SEA,53,47,45,yes
1753297602082,1753297601,KXMLBGAME-25JUL23HOUARI-ARI,56,44,500,yes
1753297602092,1753297602,KXMLBGAME-25JUL23STLCOL-COL,38,62,16,yes
1753297602253,1753297602,KXMLBGAME-25JUL23KCCHC-KC,64,36,1,yes
1753297605912,1753297605,KXMLBGAME-25JUL23MILSEA-MIL,48,52,25,yes
1753297606734,1753297606,KXMLBGAME-25JUL23LAANYM-LAA,9,91,72,yes
1753297607473,1753297607,KXMLBGAME-25JUL23LAANYM-LAA,9,91,12,yes
1753297607473,1753297607,KXMLBGAME-25JUL23LAANYM-LAA,9,91,92,yes
1753297610312,1753297610,KXMLBGAME-25JUL23KCCHC-KC,64,36,36,yes
1753297610472,1753297610,KXMLBGAME-25JUL23CWSTB-TB,66,34,14,yes
1753297616112,1753297616,KXMLBGAME-25JUL23LAANYM-NYM,94,6,3,yes
1753297620772,1753297620,KXMLBGAME-25JUL23KCCHC-CHC,40,60,81,yes
1753297620772,1753297620,KXMLBGAME-25JUL23KCCHC-CHC,40,60,38,yes
1753297621213,1753297621,KXMLBGAME-25JUL23MINLAD-MIN,34,66,1500,yes
1753297621274,1753297621,KXMLBGAME-25JUL23KCCHC-KC,63,37,23,yes
1753297621373,1753297621,KXMLBGAME-25JUL23KCCHC-KC,63,37,50,yes
1753297621594,1753297621,KXMLBGAME-25JUL23KCCHC-KC,63,37,93,yes
1753297621613,1753297621,KXMLBGAME-25JUL23KCCHC-KC,63,37,100,yes
1753297624075,1753297624,KXMLBGAME-25JUL23LAANYM-NYM,93,7,52,yes
1753297626733,1753297626,KXMLBGAME-25JUL23STLCOL-STL,64,36,457,yes
1753297629033,1753297628,KXMLBGAME-25JUL23MILSEA-MIL,48,52,12,yes
1753297631212,1753297631,KXMLBGAME-25JUL23LAANYM-LAA,7,93,78,no
1753297633145,1753297633,KXMLBGAME-25JUL23LAANYM-LAA,9,91,10,yes
1753297633332,1753297633,KXMLBGAME-25JUL23KCCHC-CHC,39,61,5,yes
1753297635694,1753297635,KXMLBGAME-25JUL23KCCHC-KC,61,39,86,no
1753297636432,1753297636,KXMLBGAME-25JUL23LAANYM-LAA,7,93,156,no
1753297640993,1753297640,KXMLBGAME-25JUL23KCCHC-KC,63,37,9,yes
1753297644453,1753297644,KXMLBGAME-25JUL23MINLAD-MIN,34,66,42,yes
1753297645114,1753297645,KXMLBGAME-25JUL23KCCHC-CHC,39,61,127,yes
1753297647672,1753297647,KXMLBGAME-25JUL23KCCHC-KC,63,37,77,yes
1753297648191,1753297648,KXMLBGAME-25JUL23LAANYM-NYM,94,6,84,yes
1753297648191,1753297648,KXMLBGAME-25JUL23LAANYM-NYM,94,6,3,yes
1753297648191,1753297648,KXMLBGAME-25JUL23LAANYM-NYM,94,6,147,yes
1753297654191,1753297654,KXMLBGAME-25JUL23KCCHC-KC,64,36,38,yes
1753297655412,1753297655,KXMLBGAME-25JUL23STLCOL-COL,38,62,20,yes
1753297658140,1753297658,KXMLBGAME-25JUL23KCCHC-KC,64,36,45,yes
1753297663173,1753297663,KXMLBGAME-25JUL23MILSEA-MIL,48,52,5,yes
1753297665533,1753297665,KXMLBGAME-25JUL23KCCHC-CHC,38,62,1,yes
1753297667853,1753297667,KXMLBGAME-25JUL23HOUARI-HOU,45,55,2201,yes
1753297669775,1753297669,KXMLBGAME-25JUL23LAANYM-NYM,91,9,5,no
1753297669775,1753297669,KXMLBGAME-25JUL23LAANYM-NYM,91,9,1,no
1753297669775,1753297669,KXMLBGAME-25JUL23LAANYM-NYM,91,9,106,no
1753297670593,1753297670,KXMLBGAME-25JUL23LAANYM-LAA,9,91,36,yes
1753297672311,1753297672,KXMLBGAME-25JUL23KCCHC-CHC,36,64,157,no
1753297676513,1753297676,KXMLBGAME-25JUL23LAANYM-LAA,9,91,20,yes
1753297676714,1753297676,KXMLBGAME-25JUL23SFATL-SF,99,1,19,no
1753297678533,1753297678,KXMLBGAME-25JUL23LAANYM-LAA,9,91,118,yes
1753297679542,1753297679,KXMLBGAME-25JUL23KCCHC-KC,63,37,150,yes
1753297681893,1753297681,KXMLBGAME-25JUL23LAANYM-NYM,93,7,600,yes
1753297681893,1753297681,KXMLBGAME-25JUL23LAANYM-NYM,94,6,300,yes
1753297681893,1753297681,KXMLBGAME-25JUL23LAANYM-NYM,94,6,87,yes
1753297681893,1753297681,KXMLBGAME-25JUL23LAANYM-NYM,94,6,1349,yes
1753297694074,1753297694,KXMLBGAME-25JUL23LAANYM-NYM,96,4,5,yes
1753297694074,1753297694,KXMLBGAME-25JUL23LAANYM-NYM,96,4,10,yes
1753297695714,1753297695,KXMLBGAME-25JUL23LAANYM-NYM,94,6,300,yes
1753297695715,1753297695,KXMLBGAME-25JUL23LAANYM-NYM,94,6,67,yes
1753297696373,1753297696,KXMLBGAME-25JUL23HOUARI-HOU,45,55,12,yes
1753297697873,1753297697,KXMLBGAME-25JUL23LAANYM-LAA,5,95,468,yes
1753297698632,1753297698,KXMLBGAME-25JUL23KCCHC-KC,63,37,20,yes
1753297698632,1753297698,KXMLBGAME-25JUL23KCCHC-KC,64,36,42,yes
1753297698632,1753297698,KXMLBGAME-25JUL23KCCHC-KC,64,36,45,yes
1753297698632,1753297698,KXMLBGAME-25JUL23KCCHC-KC,64,36,7,yes
1753297700742,1753297700,KXMLBGAME-25JUL23KCCHC-CHC,36,64,129,no
1753297702132,1753297702,KXMLBGAME-25JUL23KCCHC-CHC,39,61,7,yes
1753297715692,1753297715,KXMLBGAME-25JUL23KCCHC-KC,62,38,80,yes
1753297715692,1753297715,KXMLBGAME-25JUL23KCCHC-KC,62,38,39,yes
1753297718433,1753297718,KXMLBGAME-25JUL23KCCHC-KC,62,38,78,yes
1753297719014,1753297718,KXMLBGAME-25JUL23STLCOL-COL,37,63,16,no
1753297719015,1753297718,KXMLBGAME-25JUL23STLCOL-COL,37,63,43,no
1753297720213,1753297720,KXMLBGAME-25JUL23MINLAD-LAD,67,33,21,yes
1753297721473,1753297721,KXMLBGAME-25JUL23KCCHC-KC,62,38,15,yes
1753297722081,1753297721,KXMLBGAME-25JUL23KCCHC-KC,62,38,138,yes
1753297731942,1753297731,KXMLBGAME-25JUL23LAANYM-LAA,5,95,1,yes
1753297738132,1753297738,KXMLBGAME-25JUL23KCCHC-CHC,36,64,26,yes
1753297747416,1753297747,KXMLBGAME-25JUL23KCCHC-KC,66,34,60,yes
1753297747416,1753297747,KXMLBGAME-25JUL23KCCHC-KC,67,33,10,yes
1753297747416,1753297747,KXMLBGAME-25JUL23KCCHC-KC,67,33,76,yes
1753297749955,1753297749,KXMLBGAME-25JUL23LAANYM-LAA,3,97,14,no
1753297750153,1753297750,KXMLBGAME-25JUL23LAANYM-LAA,3,97,36,no
1753297755011,1753297754,KXMLBGAME-25JUL23KCCHC-KC,66,34,45,yes
1753297758114,1753297758,KXMLBGAME-25JUL23KCCHC-KC,67,33,33,yes
1753297758794,1753297758,KXMLBGAME-25JUL23KCCHC-KC,67,33,37,yes
1753297759722,1753297759,KXMLBGAME-25JUL23KCCHC-CHC,35,65,27,yes
1753297760033,1753297759,KXMLBGAME-25JUL23KCCHC-KC,67,33,21,yes
1753297762333,1753297762,KXMLBGAME-25JUL23BALCLE-CLE,55,45,1,yes
1753297766392,1753297766,KXMLBGAME-25JUL23MINLAD-MIN,34,66,30,yes
1753297774296,1753297774,KXMLBGAME-25JUL23ATHTEX-TEX,56,44,1,yes
1753297778093,1753297778,KXMLBGAME-25JUL23KCCHC-KC,67,33,87,yes
1753297779314,1753297779,KXMLBGAME-25JUL23KCCHC-KC,67,33,43,yes
1753297781254,1753297781,KXMLBGAME-25JUL23HOUARI-HOU,45,55,55,yes
1753297788933,1753297788,KXMLBGAME-25JUL23KCCHC-CHC,34,66,200,no
1753297790832,1753297790,KXMLBGAME-25JUL23KCCHC-CHC,30,70,5,no
1753297792693,1753297792,KXMLBGAME-25JUL23LAANYM-NYM,95,5,3,no
1753297795375,1753297795,KXMLBGAME-25JUL23KCCHC-KC,72,28,136,yes
1753297798234,1753297798,KXMLBGAME-25JUL23KCCHC-KC,72,28,136,yes
1753297799213,1753297799,KXMLBGAME-25JUL23LAANYM-LAA,5,95,86,yes
1753297799213,1753297799,KXMLBGAME-25JUL23LAANYM-LAA,5,95,1,yes
1753297799213,1753297799,KXMLBGAME-25JUL23LAANYM-LAA,5,95,1,yes
1753297799213,1753297799,KXMLBGAME-25JUL23LAANYM-LAA,6,94,500,yes
1753297799213,1753297799,KXMLBGAME-25JUL23LAANYM-LAA,6,94,150,yes
1753297801755,1753297801,KXMLBGAME-25JUL23KCCHC-KC,72,28,17,yes
1753297802513,1753297802,KXMLBGAME-25JUL23LAANYM-NYM,97,3,300,yes
1753297802513,1753297802,KXMLBGAME-25JUL23LAANYM-NYM,97,3,77,yes
1753297802973,1753297802,KXMLBGAME-25JUL23LAANYM-LAA,5,95,37,yes
1753297809336,1753297809,KXMLBGAME-25JUL23LAANYM-LAA,5,95,46,yes
1753297811452,1753297811,KXMLBGAME-25JUL23STLCOL-STL,64,36,7,yes
1753297812054,1753297811,KXMLBGAME-25JUL23KCCHC-CHC,30,70,1,yes
1753297813575,1753297813,KXMLBGAME-25JUL23LAANYM-NYM,97,3,10,yes
1753297817533,1753297817,KXMLBGAME-25JUL23KCCHC-CHC,30,70,1,yes
1753297821211,1753297820,KXMLBGAME-25JUL23STLCOL-STL,64,36,7,yes
1753297824542,1753297824,KXMLBGAME-25JUL23KCCHC-CHC,30,70,1,yes
1753297827911,1753297827,KXMLBGAME-25JUL23KCCHC-KC,70,30,1,yes
1753297828532,1753297828,KXMLBGAME-25JUL23LAANYM-LAA,5,95,40,yes
1753297833234,1753297833,KXMLBGAME-25JUL23HOUARI-HOU,45,55,99,yes
1753297834615,1753297834,KXMLBGAME-25JUL23KCCHC-KC,72,28,100,yes
1753297834615,1753297834,KXMLBGAME-25JUL23KCCHC-KC,73,27,10,yes
1753297834615,1753297834,KXMLBGAME-25JUL23KCCHC-KC,73,27,41,yes
1753297834615,1753297834,KXMLBGAME-25JUL23KCCHC-KC,74,26,300,yes
1753297834615,1753297834,KXMLBGAME-25JUL23KCCHC-KC,74,26,200,yes
1753297834615,1753297834,KXMLBGAME-25JUL23KCCHC-KC,74,26,148,yes
1753297835772,1753297835,KXMLBGAME-25JUL23KCCHC-CHC,28,72,100,no
1753297835772,1753297835,KXMLBGAME-25JUL23KCCHC-CHC,28,72,31,no
1753297835772,1753297835,KXMLBGAME-25JUL23KCCHC-CHC,28,72,367,no
1753297837392,1753297837,KXMLBGAME-25JUL23BALCLE-CLE,55,45,17,yes
1753297837452,1753297837,KXMLBGAME-25JUL23KCCHC-CHC,29,71,65,yes
1753297837953,1753297837,KXMLBGAME-25JUL23ATHTEX-ATH,45,55,2,yes
1753297838055,1753297838,KXMLBGAME-25JUL23KCCHC-KC,72,28,141,yes
1753297839594,1753297839,KXMLBGAME-25JUL23MILSEA-MIL,48,52,150,yes
1753297841254,1753297841,KXMLBGAME-25JUL23LAANYM-NYM,97,3,1,yes
1753297842093,1753297842,KXMLBGAME-25JUL23LAANYM-NYM,97,3,5,yes
1753297846552,1753297846,KXMLBGAME-25JUL23MILSEA-MIL,48,52,10,yes
1753297847474,1753297847,KXMLBGAME-25JUL23LAANYM-NYM,97,3,3,yes
1753297847872,1753297847,KXMLBGAME-25JUL23KCCHC-CHC,29,71,82,yes
1753297851370,1753297851,KXMLBGAME-25JUL23KCCHC-KC,72,28,430,yes
1753297851491,1753297851,KXMLBGAME-25JUL23KCCHC-KC,72,28,13,yes
1753297853416,1753297853,KXMLBGAME-25JUL23LAANYM-NYM,95,5,4,no
1753297853416,1753297853,KXMLBGAME-25JUL23LAANYM-NYM,94,6,30,no
1753297853695,1753297853,KXMLBGAME-25JUL23KCCHC-KC,72,28,157,yes
1753297853695,1753297853,KXMLBGAME-25JUL23KCCHC-KC,72,28,24,yes
1753297854434,1753297854,KXMLBGAME-25JUL23LAANYM-LAA,5,95,18,yes
1753297855097,1753297855,KXMLBGAME-25JUL23NYYTOR-NYY,57,43,68,yes
1753297857372,1753297857,KXMLBGAME-25JUL23KCCHC-CHC,28,72,31,no
1753297861817,1753297861,KXMLBGAME-25JUL23KCCHC-CHC,29,71,16,yes
1753297862195,1753297862,KXMLBGAME-25JUL23LAANYM-LAA,5,95,192,yes
1753297862195,1753297862,KXMLBGAME-25JUL23LAANYM-LAA,5,95,300,yes
1753297862195,1753297862,KXMLBGAME-25JUL23LAANYM-LAA,6,94,52,yes
1753297864151,1753297864,KXMLBGAME-25JUL23KCCHC-KC,72,28,190,yes
1753297865452,1753297865,KXMLBGAME-25JUL23LAANYM-NYM,96,4,52,yes
1753297865554,1753297865,KXMLBGAME-25JUL23KCCHC-KC,72,28,97,yes
1753297866723,1753297866,KXMLBGAME-25JUL23ATHTEX-TEX,56,44,15,yes
1753297867772,1753297867,KXMLBGAME-25JUL23KCCHC-CHC,29,71,108,yes
1753297871134,1753297871,KXMLBGAME-25JUL23LAANYM-NYM,97,3,204,yes
1753297871134,1753297871,KXMLBGAME-25JUL23LAANYM-NYM,97,3,73,yes
1753297871134,1753297871,KXMLBGAME-25JUL23LAANYM-NYM,97,3,100,yes
1753297871134,1753297871,KXMLBGAME-25JUL23LAANYM-NYM,97,3,4,yes
1753297871134,1753297871,KXMLBGAME-25JUL23LAANYM-NYM,98,2,300,yes
1753297871134,1753297871,KXMLBGAME-25JUL23LAANYM-NYM,98,2,251,yes
1753297873833,1753297873,KXMLBGAME-25JUL23NYYTOR-NYY,56,44,5,no
1753297873833,1753297873,KXMLBGAME-25JUL23NYYTOR-NYY,56,44,59,no
1753297875263,1753297875,KXMLBGAME-25JUL23MILSEA-MIL,48,52,20,yes
1753297877453,1753297877,KXMLBGAME-25JUL23KCCHC-CHC,28,72,5,no
1753297878133,1753297878,KXMLBGAME-25JUL23HOUARI-HOU,45,55,12,yes
1753297878335,1753297878,KXMLBGAME-25JUL23KCCHC-KC,72,28,18,yes
1753297878394,1753297878,KXMLBGAME-25JUL23KCCHC-KC,72,28,68,yes
1753297879171,1753297879,KXMLBGAME-25JUL23LAANYM-NYM,97,3,144,yes
1753297883518,1753297883,KXMLBGAME-25JUL23KCCHC-KC,72,28,6,yes
1753297885132,1753297885,KXMLBGAME-25JUL23KCCHC-KC,72,28,13,yes
1753297894332,1753297894,KXMLBGAME-25JUL23KCCHC-KC,71,29,13,yes
1753297896473,1753297896,KXMLBGAME-25JUL23KCCHC-KC,71,29,2,yes
1753297899791,1753297899,KXMLBGAME-25JUL23KCCHC-CHC,28,72,100,no
1753297899791,1753297899,KXMLBGAME-25JUL23KCCHC-CHC,28,72,23,no
1753297899791,1753297899,KXMLBGAME-25JUL23KCCHC-CHC,28,72,68,no
1753297900810,1753297900,KXMLBGAME-25JUL23STLCOL-STL,63,37,28,no
1753297900876,1753297900,KXMLBGAME-25JUL23LAANYM-LAA,4,96,46,yes
1753297901272,1753297901,KXMLBGAME-25JUL23KCCHC-CHC,28,72,128,no
1753297908973,1753297908,KXMLBGAME-25JUL23STLCOL-COL,40,60,5,yes
1753297910013,1753297909,KXMLBGAME-25JUL23STLCOL-COL,40,60,239,yes
1753297910653,1753297910,KXMLBGAME-25JUL23KCCHC-CHC,33,67,100,yes
1753297910694,1753297910,KXMLBGAME-25JUL23KCCHC-KC,68,32,87,no
1753297910694,1753297910,KXMLBGAME-25JUL23KCCHC-KC,67,33,100,no
1753297911455,1753297911,KXMLBGAME-25JUL23STLCOL-STL,61,39,39,yes
1753297917934,1753297917,KXMLBGAME-25JUL23KCCHC-KC,83,17,5,yes
1753297917934,1753297917,KXMLBGAME-25JUL23KCCHC-KC,84,16,91,yes
1753297917934,1753297917,KXMLBGAME-25JUL23KCCHC-KC,85,15,15,yes
1753297917934,1753297917,KXMLBGAME-25JUL23KCCHC-KC,85,15,10,yes
1753297917934,1753297917,KXMLBGAME-25JUL23KCCHC-KC,86,14,65,yes
1753297917934,1753297917,KXMLBGAME-25JUL23KCCHC-KC,88,12,107,yes
1753297921074,1753297921,KXMLBGAME-25JUL23HOUARI-ARI,56,44,12,yes
1753297921173,1753297921,KXMLBGAME-25JUL23LAANYM-LAA,4,96,60,yes
1753297925933,1753297925,KXMLBGAME-25JUL23KCCHC-KC,63,37,35,no
1753297930393,1753297930,KXMLBGAME-25JUL23MILSEA-SEA,53,47,6,yes
1753297932333,1753297932,KXMLBGAME-25JUL23KCCHC-CHC,39,61,100,no
1753297932333,1753297932,KXMLBGAME-25JUL23KCCHC-KC,61,39,100,yes
1753297932333,1753297932,KXMLBGAME-25JUL23KCCHC-KC,62,38,87,yes
1753297937792,1753297937,KXMLBGAME-25JUL23HOUARI-ARI,56,44,20,yes
1753297938873,1753297938,KXMLBGAME-25JUL23KCCHC-KC,62,38,14,yes
1753297940193,1753297940,KXMLBGAME-25JUL23MILSEA-MIL,48,52,33,yes
1753297940613,1753297940,KXMLBGAME-25JUL23HOUARI-ARI,56,44,122,yes
1753297944693,1753297944,KXMLBGAME-25JUL23KCCHC-KC,62,38,499,yes
1753297944693,1753297944,KXMLBGAME-25JUL23KCCHC-KC,62,38,300,yes
1753297944693,1753297944,KXMLBGAME-25JUL23KCCHC-KC,62,38,39,yes
1753297944693,1753297944,KXMLBGAME-25JUL23KCCHC-KC,63,37,151,yes
1753297946352,1753297946,KXMLBGAME-25JUL23ATHTEX-TEX,56,44,14,yes
1753297947973,1753297947,KXMLBGAME-25JUL23STLCOL-COL,40,60,26,yes
1753297949572,1753297949,KXMLBGAME-25JUL23HOUARI-HOU,45,55,3,yes
1753297950355,1753297950,KXMLBGAME-25JUL23KCCHC-KC,62,38,7,yes
1753297951254,1753297951,KXMLBGAME-25JUL23MILSEA-MIL,48,52,41,yes
1753297954897,1753297954,KXMLBGAME-25JUL23KCCHC-CHC,38,62,27,no
1753297954897,1753297954,KXMLBGAME-25JUL23KCCHC-CHC,37,63,173,no
1753297954931,1753297954,KXMLBGAME-25JUL23KCCHC-CHC,37,63,32,no
1753297957171,1753297957,KXMLBGAME-25JUL23KCCHC-KC,62,38,16,yes
1753297957171,1753297957,KXMLBGAME-25JUL23KCCHC-KC,62,38,29,yes
1753297961013,1753297960,KXMLBGAME-25JUL23KCCHC-KC,62,38,5,yes
1753297963654,1753297963,KXMLBGAME-25JUL23KCCHC-CHC,39,61,73,yes
1753297963832,1753297963,KXMLBGAME-25JUL23STLCOL-STL,61,39,296,yes
1753297965032,1753297964,KXMLBGAME-25JUL23KCCHC-CHC,39,61,49,yes
1753297966534,1753297966,KXMLBGAME-25JUL23KCCHC-KC,60,40,141,no
1753297966979,1753297966,KXMLBGAME-25JUL23KCCHC-CHC,39,61,214,yes
1753297966979,1753297966,KXMLBGAME-25JUL23KCCHC-CHC,39,61,300,yes
1753297967734,1753297967,KXMLBGAME-25JUL23KCCHC-KC,62,38,266,yes
1753297967734,1753297967,KXMLBGAME-25JUL23KCCHC-KC,62,38,5,yes
1753297967734,1753297967,KXMLBGAME-25JUL23KCCHC-KC,62,38,6,yes
1753297969052,1753297969,KXMLBGAME-25JUL23KCCHC-CHC,41,59,4,yes
1753297971173,1753297971,KXMLBGAME-25JUL23STLCOL-COL,40,60,23,yes
1753297973231,1753297973,KXMLBGAME-25JUL23MILSEA-MIL,48,52,20,yes
1753297974251,1753297974,KXMLBGAME-25JUL23KCCHC-CHC,40,60,1,yes
1753297976504,1753297976,KXMLBGAME-25JUL23KCCHC-CHC,40,60,11,yes
1753297976504,1753297976,KXMLBGAME-25JUL23KCCHC-CHC,39,61,9,no
1753297979852,1753297979,KXMLBGAME-25JUL23KCCHC-CHC,39,61,11,yes
1753297981451,1753297981,KXMLBGAME-25JUL23KCCHC-KC,61,39,5,no
1753297983393,1753297983,KXMLBGAME-25JUL23BALCLE-CLE,55,45,15,yes
1753297984274,1753297984,KXMLBGAME-25JUL23KCCHC-KC,61,39,13,no
1753297986532,1753297986,KXMLBGAME-25JUL23KCCHC-CHC,38,62,500,no
1753297986532,1753297986,KXMLBGAME-25JUL23KCCHC-CHC,37,63,300,no
1753297986532,1753297986,KXMLBGAME-25JUL23KCCHC-CHC,36,64,430,no
1753297987092,1753297987,KXMLBGAME-25JUL23STLCOL-COL,40,60,4,yes
1753297988786,1753297988,KXMLBGAME-25JUL23KCCHC-CHC,39,61,12,yes
1753297991995,1753297991,KXMLBGAME-25JUL23STLCOL-COL,40,60,87,yes
1753297991995,1753297991,KXMLBGAME-25JUL23STLCOL-COL,41,59,200,yes
1753297991995,1753297991,KXMLBGAME-25JUL23STLCOL-COL,41,59,313,yes
1753297996454,1753297996,KXMLBGAME-25JUL23STLCOL-STL,61,39,7,yes
1753298000734,1753298000,KXMLBGAME-25JUL23KCCHC-KC,86,14,92,yes
1753298000734,1753298000,KXMLBGAME-25JUL23KCCHC-KC,87,13,21,yes
1753298000851,1753298000,KXMLBGAME-25JUL23KCCHC-CHC,21,79,1,no
1753298000851,1753298000,KXMLBGAME-25JUL23KCCHC-CHC,18,82,1,no
1753298000852,1753298000,KXMLBGAME-25JUL23KCCHC-CHC,17,83,90,no
1753298005832,1753298005,KXMLBGAME-25JUL23LAANYM-NYM,97,3,100,yes
1753298005832,1753298005,KXMLBGAME-25JUL23LAANYM-NYM,97,3,2,yes
1753298006151,1753298006,KXMLBGAME-25JUL23KCCHC-KC,63,37,87,no
1753298006274,1753298006,KXMLBGAME-25JUL23KCCHC-CHC,37,63,87,yes
1753298007353,1753298007,KXMLBGAME-25JUL23KCCHC-CHC,38,62,17,yes
1753298008276,1753298008,KXMLBGAME-25JUL23NYYTOR-TOR,44,56,173,no
1753298014073,1753298014,KXMLBGAME-25JUL23KCCHC-CHC,37,63,5,yes
1753298017532,1753298017,KXMLBGAME-25JUL23KCCHC-KC,66,34,14,yes
1753298018013,1753298017,KXMLBGAME-25JUL23KCCHC-KC,66,34,54,yes
1753298018013,1753298017,KXMLBGAME-25JUL23KCCHC-KC,66,34,26,yes
1753298018192,1753298018,KXMLBGAME-25JUL23STLCOL-STL,62,38,15,yes
1753298020333,1753298020,KXMLBGAME-25JUL23LAANYM-LAA,5,95,38,yes
1753298020772,1753298020,KXMLBGAME-25JUL23STLCOL-COL,40,60,121,yes
1753298020773,1753298020,KXMLBGAME-25JUL23BALCLE-CLE,55,45,20,yes
1753298022853,1753298022,KXMLBGAME-25JUL23HOUARI-ARI,56,44,129,yes
1753298024633,1753298024,KXMLBGAME-25JUL23KCCHC-KC,66,34,22,yes
1753298027853,1753298027,KXMLBGAME-25JUL23CWSTB-TB,65,35,273,no
1753298028872,1753298028,KXMLBGAME-25JUL23KCCHC-KC,66,34,2,yes
1753298029452,1753298029,KXMLBGAME-25JUL23KCCHC-KC,66,34,4,yes
1753298030337,1753298030,KXMLBGAME-25JUL23LAANYM-LAA,5,95,18,yes
1753298030935,1753298030,KXMLBGAME-25JUL23KCCHC-KC,63,37,19,no
1753298031052,1753298031,KXMLBGAME-25JUL23KCCHC-CHC,34,66,52,no
1753298031052,1753298031,KXMLBGAME-25JUL23KCCHC-CHC,34,66,300,no
1753298031052,1753298031,KXMLBGAME-25JUL23KCCHC-CHC,34,66,500,no
1753298031053,1753298031,KXMLBGAME-25JUL23KCCHC-CHC,34,66,5,no
1753298033952,1753298033,KXMLBGAME-25JUL23LAANYM-LAA,5,95,93,yes
1753298035013,1753298034,KXMLBGAME-25JUL23LAANYM-LAA,5,95,6,yes
1753298037024,1753298036,KXMLBGAME-25JUL23KCCHC-KC,66,34,22,yes
1753298037416,1753298037,KXMLBGAME-25JUL23STLCOL-COL,40,60,2,yes
1753298038057,1753298038,KXMLBGAME-25JUL23MILSEA-MIL,48,52,20,yes
1753298040252,1753298040,KXMLBGAME-25JUL23KCCHC-CHC,33,67,1509,no
1753298040252,1753298040,KXMLBGAME-25JUL23KCCHC-CHC,33,67,2362,no
1753298040773,1753298040,KXMLBGAME-25JUL23MILSEA-MIL,48,52,7,yes
1753298047210,1753298047,KXMLBGAME-25JUL23KCCHC-KC,66,34,305,yes
1753298048953,1753298048,KXMLBGAME-25JUL23STLCOL-STL,62,38,193,yes
1753298048953,1753298048,KXMLBGAME-25JUL23STLCOL-STL,63,37,232,yes
1753298055812,1753298055,KXMLBGAME-25JUL23HOUARI-ARI,56,44,25,yes
1753298056356,1753298056,KXMLBGAME-25JUL23KCCHC-KC,64,36,3673,no
1753298059092,1753298059,KXMLBGAME-25JUL23KCCHC-KC,66,34,7,yes
1753298060673,1753298060,KXMLBGAME-25JUL23BOSPHI-BOS,44,56,20,yes
1753298065934,1753298065,KXMLBGAME-25JUL23MINLAD-MIN,34,66,28,yes
1753298071333,1753298071,KXMLBGAME-25JUL23KCCHC-CHC,37,63,82,yes
1753298071334,1753298071,KXMLBGAME-25JUL23KCCHC-CHC,37,63,300,yes
1753298071334,1753298071,KXMLBGAME-25JUL23KCCHC-CHC,37,63,5,yes
1753298071334,1753298071,KXMLBGAME-25JUL23KCCHC-CHC,37,63,389,yes
1753298071596,1753298071,KXMLBGAME-25JUL23KCCHC-KC,66,34,5,yes
1753298071715,1753298071,KXMLBGAME-25JUL23STLCOL-COL,37,63,300,yes
1753298072171,1753298072,KXMLBGAME-25JUL23MINLAD-LAD,67,33,150,yes
1753298080032,1753298079,KXMLBGAME-25JUL23KCCHC-CHC,37,63,1268,yes
1753298080112,1753298080,KXMLBGAME-25JUL23KCCHC-KC,66,34,300,yes
1753298082511,1753298081,KXMLBGAME-25JUL23LAANYM-NYM,97,3,69,yes
1753298082912,1753298082,KXMLBGAME-25JUL23MINLAD-LAD,67,33,289,yes
1753298083012,1753298082,KXMLBGAME-25JUL23HOUARI-HOU,45,55,21,yes
1753298084434,1753298084,KXMLBGAME-25JUL23ATHTEX-TEX,56,44,13,yes
1753298085215,1753298084,KXMLBGAME-25JUL23MINLAD-LAD,67,33,23,yes
1753298085215,1753298084,KXMLBGAME-25JUL23STLCOL-STL,64,36,15,yes
1753298088735,1753298088,KXMLBGAME-25JUL23HOUARI-HOU,45,55,21,yes
1753298094611,1753298094,KXMLBGAME-25JUL23KCCHC-KC,66,34,2959,yes
1753298097172,1753298097,KXMLBGAME-25JUL23MINLAD-LAD,67,33,4,yes
1753298098015,1753298097,KXMLBGAME-25JUL23KCCHC-KC,66,34,20,yes
1753298100674,1753298100,KXMLBGAME-25JUL23STLCOL-COL,37,63,14,yes
1753298100992,1753298100,KXMLBGAME-25JUL23MILSEA-SEA,53,47,9,yes
1753298100992,1753298100,KXMLBGAME-25JUL23MILSEA-SEA,53,47,5,yes
1753298103033,1753298102,KXMLBGAME-25JUL23LAANYM-LAA,5,95,23,yes
1753298103333,1753298103,KXMLBGAME-25JUL23NYYTOR-NYY,57,43,20,yes
1753298105512,1753298105,KXMLBGAME-25JUL23STLCOL-STL,64,36,1,yes
1753298108710,1753298108,KXMLBGAME-25JUL23KCCHC-CHC,37,63,25,yes
1753298116751,1753298116,KXMLBGAME-25JUL23NYYTOR-NYY,57,43,30,yes
1753298121514,1753298121,KXMLBGAME-25JUL23BOSPHI-PHI,57,43,34,yes
1753298124473,1753298124,KXMLBGAME-25JUL23LAANYM-NYM,97,3,20,yes
1753298128071,1753298128,KXMLBGAME-25JUL23STLCOL-COL,37,63,10,yes
1753298133252,1753298133,KXMLBGAME-25JUL23HOUARI-ARI,56,44,9,yes
1753298139910,1753298139,KXMLBGAME-25JUL23KCCHC-CHC,37,63,914,yes
1753298140254,1753298140,KXMLBGAME-25JUL23BOSPHI-BOS,44,56,951,yes
1753298140612,1753298140,KXMLBGAME-25JUL23STLCOL-STL,65,35,54,yes
1753298140612,1753298140,KXMLBGAME-25JUL23STLCOL-STL,65,35,10,yes
1753298140612,1753298140,KXMLBGAME-25JUL23STLCOL-STL,66,34,364,yes
1753298141772,1753298141,KXMLBGAME-25JUL23KCCHC-CHC,37,63,38,yes
1753298144153,1753298144,KXMLBGAME-25JUL23KCCHC-KC,66,34,29,yes
1753298144972,1753298144,KXMLBGAME-25JUL23KCCHC-KC,66,34,15,yes
1753298144972,1753298144,KXMLBGAME-25JUL23KCCHC-KC,66,34,183,yes
1753298145233,1753298145,KXMLBGAME-25JUL23LAANYM-NYM,97,3,280,yes
1753298145233,1753298145,KXMLBGAME-25JUL23LAANYM-NYM,97,3,54,yes
1753298145234,1753298145,KXMLBGAME-25JUL23LAANYM-NYM,97,3,100,yes
1753298145234,1753298145,KXMLBGAME-25JUL23LAANYM-NYM,97,3,605,yes
1753298153152,1753298153,KXMLBGAME-25JUL23STLCOL-STL,67,33,43,yes
1753298154473,1753298154,KXMLBGAME-25JUL23KCCHC-KC,66,34,1,yes
1753298155111,1753298155,KXMLBGAME-25JUL23STLCOL-COL,36,64,43,no
1753298155431,1753298155,KXMLBGAME-25JUL23STLCOL-COL,36,64,7,no
1753298156653,1753298156,KXMLBGAME-25JUL23KCCHC-CHC,37,63,87,yes
1753298156653,1753298156,KXMLBGAME-25JUL23KCCHC-CHC,37,63,42,yes
1753298162211,1753298162,KXMLBGAME-25JUL23HOUARI-HOU,45,55,62,yes
1753298164233,1753298164,KXMLBGAME-25JUL23KCCHC-KC,66,34,7,yes
1753298167671,1753298167,KXMLBGAME-25JUL23KCCHC-KC,66,34,109,yes
1753298167671,1753298167,KXMLBGAME-25JUL23KCCHC-KC,66,34,11,yes
1753298167671,1753298167,KXMLBGAME-25JUL23KCCHC-KC,66,34,8,yes
1753298167912,1753298167,KXMLBGAME-25JUL23STLCOL-STL,68,32,28,yes
1753298168312,1753298168,KXMLBGAME-25JUL23NYYTOR-NYY,57,43,25,yes
1753298168932,1753298168,KXMLBGAME-25JUL23KCCHC-CHC,37,63,258,yes
1753298168932,1753298168,KXMLBGAME-25JUL23KCCHC-CHC,37,63,87,yes
1753298168932,1753298168,KXMLBGAME-25JUL23KCCHC-CHC,38,62,200,yes
1753298168932,1753298168,KXMLBGAME-25JUL23KCCHC-CHC,38,62,10,yes
1753298168932,1753298168,KXMLBGAME-25JUL23KCCHC-CHC,38,62,72,yes
1753298169356,1753298169,KXMLBGAME-25JUL23ATHTEX-ATH,45,55,20,yes
1753298170913,1753298170,KXMLBGAME-25JUL23BALCLE-CLE,55,45,35,yes
1753298171013,1753298170,KXMLBGAME-25JUL23SFATL-SF,99,1,117,no
1753298172834,1753298172,KXMLBGAME-25JUL23MILSEA-MIL,48,52,1005,yes
1753298183470,1753298183,KXMLBGAME-25JUL23MILSEA-MIL,48,52,50,yes
1753298190194,1753298190,KXMLBGAME-25JUL23LAANYM-LAA,5,95,14,yes
1753298191894,1753298191,KXMLBGAME-25JUL23KCCHC-KC,65,35,150,yes
1753298200735,1753298200,KXMLBGAME-25JUL23LAANYM-NYM,96,4,44,yes
1753298203334,1753298203,KXMLBGAME-25JUL23HOUARI-HOU,45,55,213,yes
1753298204236,1753298204,KXMLBGAME-25JUL23STLCOL-STL,67,33,291,yes
1753298206694,1753298206,KXMLBGAME-25JUL23HOUARI-HOU,45,55,53,yes
1753298207473,1753298207,KXMLBGAME-25JUL23KCCHC-KC,65,35,7,yes
1753298211294,1753298211,KXMLBGAME-25JUL23MINLAD-MIN,34,66,421,yes
1753298212051,1753298212,KXMLBGAME-25JUL23STLCOL-STL,67,33,4,yes
1753298213508,1753298213,KXMLBGAME-25JUL23STLCOL-STL,67,33,83,yes
1753298213508,1753298213,KXMLBGAME-25JUL23STLCOL-STL,67,33,194,yes
1753298215833,1753298215,KXMLBGAME-25JUL23KCCHC-KC,64,36,38,yes
1753298216172,1753298216,KXMLBGAME-25JUL23ATHTEX-ATH,45,55,12,yes
1753298217453,1753298217,KXMLBGAME-25JUL23MILSEA-MIL,48,52,20,yes
1753298218886,1753298218,KXMLBGAME-25JUL23STLCOL-STL,67,33,1604,yes
1753298224928,1753298224,KXMLBGAME-25JUL23CWSTB-TB,66,34,73,yes
1753298225312,1753298225,KXMLBGAME-25JUL23MINLAD-MIN,34,66,140,yes
1753298225492,1753298225,KXMLBGAME-25JUL23KCCHC-KC,65,35,14,yes
1753298228155,1753298228,KXMLBGAME-25JUL23KCCHC-KC,65,35,248,yes
1753298228594,1753298228,KXMLBGAME-25JUL23KCCHC-KC,65,35,21,yes
1753298237975,1753298237,KXMLBGAME-25JUL23KCCHC-KC,65,35,7,yes
1753298243091,1753298243,KXMLBGAME-25JUL23STLCOL-COL,35,65,27,yes
1753298244194,1753298244,KXMLBGAME-25JUL23BALCLE-CLE,55,45,176,yes
1753298245607,1753298245,KXMLBGAME-25JUL23KCCHC-KC,65,35,3,yes
1753298254635,1753298254,KXMLBGAME-25JUL23STLCOL-COL,35,65,1,yes
1753298254635,1753298254,KXMLBGAME-25JUL23STLCOL-COL,36,64,72,yes
1753298254635,1753298254,KXMLBGAME-25JUL23STLCOL-COL,36,64,1,yes
1753298254635,1753298254,KXMLBGAME-25JUL23STLCOL-COL,36,64,58,yes
1753298257232,1753298257,KXMLBGAME-25JUL23KCCHC-KC,61,39,201,no
1753298257533,1753298257,KXMLBGAME-25JUL23CWSTB-CWS,34,66,16,no
1753298257533,1753298257,KXMLBGAME-25JUL23CWSTB-CWS,34,66,84,no
1753298257632,1753298257,KXMLBGAME-25JUL23KCCHC-CHC,37,63,87,no
1753298257632,1753298257,KXMLBGAME-25JUL23KCCHC-CHC,36,64,500,no
1753298257632,1753298257,KXMLBGAME-25JUL23KCCHC-CHC,36,64,300,no
1753298257712,1753298257,KXMLBGAME-25JUL23KCCHC-KC,63,37,87,yes
1753298257712,1753298257,KXMLBGAME-25JUL23KCCHC-KC,63,37,2,yes
1753298257712,1753298257,KXMLBGAME-25JUL23KCCHC-KC,64,36,600,yes
1753298257712,1753298257,KXMLBGAME-25JUL23KCCHC-KC,64,36,500,yes
1753298258532,1753298258,KXMLBGAME-25JUL23STLCOL-COL,33,67,10,no
1753298260897,1753298260,KXMLBGAME-25JUL23KCCHC-KC,65,35,22,yes
1753298265093,1753298265,KXMLBGAME-25JUL23KCCHC-KC,65,35,15,yes
1753298267473,1753298267,KXMLBGAME-25JUL23HOUARI-HOU,44,56,51,no
1753298267473,1753298267,KXMLBGAME-25JUL23HOUARI-HOU,44,56,17,no
1753298267473,1753298267,KXMLBGAME-25JUL23HOUARI-HOU,44,56,32,no
1753298267473,1753298267,KXMLBGAME-25JUL23KCCHC-KC,65,35,6,yes
1753298272434,1753298272,KXMLBGAME-25JUL23STLCOL-STL,65,35,73,yes
1753298276274,1753298276,KXMLBGAME-25JUL23MILSEA-MIL,48,52,66,yes
1753298276873,1753298276,KXMLBGAME-25JUL23MINLAD-MIN,33,67,3,no
1753298276873,1753298276,KXMLBGAME-25JUL23MINLAD-MIN,33,67,87,no
1753298276873,1753298276,KXMLBGAME-25JUL23MINLAD-MIN,33,67,10,no
1753298277716,1753298277,KXMLBGAME-25JUL23LAANYM-LAA,5,95,2,yes
1753298277716,1753298277,KXMLBGAME-25JUL23LAANYM-LAA,6,94,54,yes
1753298278213,1753298278,KXMLBGAME-25JUL23MILSEA-SEA,53,47,36,yes
1753298281913,1753298281,KXMLBGAME-25JUL23KCCHC-CHC,37,63,500,no
1753298281992,1753298281,KXMLBGAME-25JUL23KCCHC-KC,63,37,500,yes
1753298281992,1753298281,KXMLBGAME-25JUL23KCCHC-KC,63,37,600,yes
1753298283272,1753298283,KXMLBGAME-25JUL23HOUARI-HOU,45,55,63,yes
1753298284313,1753298284,KXMLBGAME-25JUL23MILSEA-MIL,48,52,19,yes
1753298284313,1753298284,KXMLBGAME-25JUL23MILSEA-MIL,49,51,159,yes
1753298285069,1753298285,KXMLBGAME-25JUL23STLCOL-STL,63,37,1,yes
1753298286636,1753298286,KXMLBGAME-25JUL23LAANYM-NYM,96,4,256,yes
1753298286636,1753298286,KXMLBGAME-25JUL23LAANYM-NYM,97,3,40,yes
1753298286636,1753298286,KXMLBGAME-25JUL23LAANYM-NYM,97,3,174,yes
1753298288155,1753298288,KXMLBGAME-25JUL23LAANYM-NYM,97,3,308,yes
1753298292055,1753298292,KXMLBGAME-25JUL23KCCHC-KC,64,36,1,yes
1753298296554,1753298296,KXMLBGAME-25JUL23KCCHC-CHC,36,64,45,no
1753298296652,1753298296,KXMLBGAME-25JUL23KCCHC-KC,64,36,44,yes
1753298296652,1753298296,KXMLBGAME-25JUL23KCCHC-KC,64,36,600,yes
1753298296652,1753298296,KXMLBGAME-25JUL23KCCHC-KC,64,36,1,yes
1753298297213,1753298297,KXMLBGAME-25JUL23HOUARI-ARI,56,44,17,yes
1753298297552,1753298297,KXMLBGAME-25JUL23LAANYM-NYM,96,4,31,yes
1753298299154,1753298299,KXMLBGAME-25JUL23LAANYM-LAA,6,94,62,yes
1753298302292,1753298302,KXMLBGAME-25JUL23MILSEA-MIL,49,51,444,yes
1753298307314,1753298307,KXMLBGAME-25JUL23STLCOL-STL,63,37,15,yes
1753298308796,1753298308,KXMLBGAME-25JUL23STLCOL-STL,63,37,77,yes
1753298315434,1753298315,KXMLBGAME-25JUL23STLCOL-STL,63,37,3,yes
1753298319530,1753298318,KXMLBGAME-25JUL23STLCOL-COL,39,61,87,yes
1753298319530,1753298318,KXMLBGAME-25JUL23STLCOL-COL,40,60,413,yes
1753298320131,1753298319,KXMLBGAME-25JUL23KCCHC-CHC,38,62,252,yes
1753298320132,1753298319,KXMLBGAME-25JUL23LAANYM-LAA,6,94,1,yes
1753298320216,1753298320,KXMLBGAME-25JUL23KCCHC-KC,63,37,1,yes
1753298329094,1753298329,KXMLBGAME-25JUL23MILSEA-SEA,53,47,91,yes
1753298337814,1753298337,KXMLBGAME-25JUL23KCCHC-CHC,38,62,15,yes
1753298337973,1753298337,KXMLBGAME-25JUL23STLCOL-COL,39,61,11,yes
1753298338695,1753298338,KXMLBGAME-25JUL23KCCHC-KC,63,37,37,yes
1753298339375,1753298339,KXMLBGAME-25JUL23LAANYM-NYM,96,4,1,yes
1753298341412,1753298341,KXMLBGAME-25JUL23MILSEA-MIL,49,51,4,yes
1753298345550,1753298345,KXMLBGAME-25JUL23KCCHC-KC,63,37,46,yes
1753298349550,1753298349,KXMLBGAME-25JUL23KCCHC-KC,63,37,7,yes
1753298357025,1753298356,KXMLBGAME-25JUL23KCCHC-KC,63,37,247,yes
1753298357025,1753298356,KXMLBGAME-25JUL23KCCHC-KC,63,37,40,yes
1753298357025,1753298356,KXMLBGAME-25JUL23KCCHC-KC,63,37,92,yes
1753298357892,1753298357,KXMLBGAME-25JUL23MINLAD-LAD,67,33,386,yes
1753298360671,1753298360,KXMLBGAME-25JUL23LAANYM-NYM,96,4,268,yes
1753298365812,1753298365,KXMLBGAME-25JUL23LAANYM-NYM,95,5,4,no
1753298365812,1753298365,KXMLBGAME-25JUL23LAANYM-NYM,95,5,222,no
1753298368934,1753298368,KXMLBGAME-25JUL23LAANYM-NYM,94,6,3,no
1753298370714,1753298370,KXMLBGAME-25JUL23LAANYM-NYM,94,6,52,yes
1753298372815,1753298372,KXMLBGAME-25JUL23NYYTOR-TOR,45,55,42,yes
1753298373333,1753298373,KXMLBGAME-25JUL23KCCHC-KC,63,37,1,yes
1753298374392,1753298374,KXMLBGAME-25JUL23STLCOL-STL,58,42,222,yes
1753298379041,1753298378,KXMLBGAME-25JUL23LAANYM-NYM,94,6,26,yes
1753298380433,1753298380,KXMLBGAME-25JUL23BOSPHI-BOS,43,57,477,no
1753298380433,1753298380,KXMLBGAME-25JUL23BOSPHI-BOS,43,57,474,no
1753298380972,1753298380,KXMLBGAME-25JUL23LAANYM-NYM,94,6,219,yes
1753298380972,1753298380,KXMLBGAME-25JUL23LAANYM-NYM,95,5,62,yes
1753298380973,1753298380,KXMLBGAME-25JUL23LAANYM-NYM,95,5,600,yes
1753298380973,1753298380,KXMLBGAME-25JUL23LAANYM-NYM,95,5,55,yes
1753298384177,1753298384,KXMLBGAME-25JUL23KCCHC-KC,63,37,15,yes
1753298385487,1753298385,KXMLBGAME-25JUL23HOUARI-ARI,56,44,199,yes
1753298387252,1753298387,KXMLBGAME-25JUL23KCCHC-KC,63,37,7,yes
1753298389052,1753298389,KXMLBGAME-25JUL23STLCOL-COL,44,56,21,yes
1753298390718,1753298390,KXMLBGAME-25JUL23STLCOL-STL,58,42,50,yes
1753298393772,1753298393,KXMLBGAME-25JUL23KCCHC-KC,63,37,9,yes
1753298404354,1753298404,KXMLBGAME-25JUL23LAANYM-NYM,95,5,2,yes
1753298405070,1753298405,KXMLBGAME-25JUL23KCCHC-KC,63,37,28,yes
1753298406195,1753298406,KXMLBGAME-25JUL23BOSPHI-BOS,44,56,43,yes
1753298406894,1753298406,KXMLBGAME-25JUL23STLCOL-COL,44,56,10,yes
1753298410451,1753298410,KXMLBGAME-25JUL23LAANYM-LAA,7,93,26,yes
1753298410531,1753298410,KXMLBGAME-25JUL23LAANYM-LAA,7,93,4,yes
1753298413375,1753298413,KXMLBGAME-25JUL23STLCOL-STL,58,42,11,yes
1753298417135,1753298417,KXMLBGAME-25JUL23KCCHC-CHC,40,60,7,yes
1753298418233,1753298418,KXMLBGAME-25JUL23STLCOL-STL,58,42,17,yes
1753298418233,1753298418,KXMLBGAME-25JUL23STLCOL-STL,59,41,16,yes
1753298420152,1753298420,KXMLBGAME-25JUL23HOUARI-HOU,45,55,2,yes
1753298425913,1753298425,KXMLBGAME-25JUL23LAANYM-LAA,7,93,87,yes
1753298426353,1753298426,KXMLBGAME-25JUL23LAANYM-NYM,92,8,87,no
1753298429523,1753298429,KXMLBGAME-25JUL23LAANYM-NYM,92,8,50,yes
1753298431833,1753298431,KXMLBGAME-25JUL23BOSPHI-BOS,44,56,328,yes
1753298433435,1753298433,KXMLBGAME-25JUL23MILSEA-MIL,49,51,246,yes
1753298436632,1753298436,KXMLBGAME-25JUL23BOSPHI-BOS,44,56,10,yes
1753298441434,1753298441,KXMLBGAME-25JUL23KCCHC-CHC,40,60,293,yes
1753298441434,1753298441,KXMLBGAME-25JUL23KCCHC-CHC,40,60,200,yes
1753298441434,1753298441,KXMLBGAME-25JUL23KCCHC-CHC,40,60,95,yes
1753298443753,1753298443,KXMLBGAME-25JUL23KCCHC-KC,60,40,359,no
1753298443753,1753298443,KXMLBGAME-25JUL23KCCHC-KC,60,40,300,no
1753298443753,1753298443,KXMLBGAME-25JUL23KCCHC-KC,60,40,87,no
1753298444014,1753298443,KXMLBGAME-25JUL23MILSEA-MIL,49,51,38,yes
1753298458908,1753298458,KXMLBGAME-25JUL23STLCOL-STL,58,42,300,yes
1753298458908,1753298458,KXMLBGAME-25JUL23STLCOL-STL,59,41,484,yes
1753298458908,1753298458,KXMLBGAME-25JUL23STLCOL-STL,59,41,56,yes
1753298460152,1753298460,KXMLBGAME-25JUL23STLCOL-STL,58,42,50,yes
1753298483464,1753298483,KXMLBGAME-25JUL23KCCHC-CHC,41,59,2,yes
1753298484673,1753298484,KXMLBGAME-25JUL23STLCOL-STL,58,42,8,yes
1753298490534,1753298490,KXMLBGAME-25JUL23LAANYM-LAA,10,90,28,yes
1753298498031,1753298497,KXMLBGAME-25JUL23KCCHC-KC,60,40,200,yes
1753298498031,1753298497,KXMLBGAME-25JUL23KCCHC-KC,60,40,22,yes
1753298498571,1753298498,KXMLBGAME-25JUL23LAANYM-NYM,93,7,21,yes
1753298506491,1753298506,KXMLBGAME-25JUL23LAANYM-NYM,93,7,13,yes
1753298508812,1753298508,KXMLBGAME-25JUL23STLCOL-STL,58,42,1,yes
1753298513032,1753298512,KXMLBGAME-25JUL23MILSEA-MIL,49,51,13,yes
1753298514672,1753298514,KXMLBGAME-25JUL23KCCHC-KC,60,40,278,yes
1753298514672,1753298514,KXMLBGAME-25JUL23KCCHC-KC,61,39,257,yes
1753298520572,1753298520,KXMLBGAME-25JUL23BALCLE-CLE,55,45,35,yes
1753298522012,1753298521,KXMLBGAME-25JUL23KCCHC-KC,61,39,7,yes
1753298524860,1753298524,KXMLBGAME-25JUL23KCCHC-CHC,41,59,35,yes
1753298525572,1753298525,KXMLBGAME-25JUL23ATHTEX-ATH,45,55,10,yes
1753298526337,1753298526,KXMLBGAME-25JUL23LAANYM-NYM,93,7,18,yes
1753298526912,1753298526,KXMLBGAME-25JUL23KCCHC-CHC,41,59,11,yes
1753298535456,1753298535,KXMLBGAME-25JUL23HOUARI-HOU,45,55,6,yes
1753298538912,1753298538,KXMLBGAME-25JUL23KCCHC-KC,61,39,5,yes
1753298539253,1753298539,KXMLBGAME-25JUL23MILSEA-MIL,49,51,96,yes
1753298539253,1753298539,KXMLBGAME-25JUL23MILSEA-MIL,49,51,2,yes
1753298540550,1753298540,KXMLBGAME-25JUL23STLCOL-COL,41,59,24,yes
1753298544151,1753298544,KXMLBGAME-25JUL23LAANYM-NYM,94,6,19,yes
1753298544151,1753298544,KXMLBGAME-25JUL23MILSEA-SEA,53,47,20,yes
1753298545832,1753298545,KXMLBGAME-25JUL23LAANYM-LAA,9,91,52,yes
1753298548253,1753298548,KXMLBGAME-25JUL23CWSTB-TB,66,34,16,yes
1753298548823,1753298548,KXMLBGAME-25JUL23KCCHC-KC,61,39,188,yes
1753298548823,1753298548,KXMLBGAME-25JUL23KCCHC-KC,61,39,230,yes
1753298550454,1753298550,KXMLBGAME-25JUL23LAANYM-NYM,94,6,2981,yes
1753298550454,1753298550,KXMLBGAME-25JUL23LAANYM-NYM,94,6,300,yes
1753298550454,1753298550,KXMLBGAME-25JUL23LAANYM-NYM,94,6,200,yes
1753298550454,1753298550,KXMLBGAME-25JUL23LAANYM-NYM,94,6,300,yes
1753298550454,1753298550,KXMLBGAME-25JUL23LAANYM-NYM,94,6,74,yes
1753298550454,1753298550,KXMLBGAME-25JUL23LAANYM-NYM,94,6,19,yes
1753298550454,1753298550,KXMLBGAME-25JUL23LAANYM-NYM,95,5,200,yes
1753298550454,1753298550,KXMLBGAME-25JUL23LAANYM-NYM,95,5,300,yes
1753298550454,1753298550,KXMLBGAME-25JUL23LAANYM-NYM,95,5,600,yes
1753298550454,1753298550,KXMLBGAME-25JUL23LAANYM-NYM,96,4,4,yes
1753298550454,1753298550,KXMLBGAME-25JUL23LAANYM-NYM,98,2,450,yes
1753298550454,1753298550,KXMLBGAME-25JUL23LAANYM-NYM,98,2,1836,yes
1753298554356,1753298554,KXMLBGAME-25JUL23KCCHC-KC,61,39,14,yes
1753298555792,1753298555,KXMLBGAME-25JUL23STLCOL-COL,41,59,25,yes
1753298556014,1753298555,KXMLBGAME-25JUL23LAANYM-LAA,6,94,153,no
1753298559166,1753298559,KXMLBGAME-25JUL23MINLAD-MIN,34,66,140,yes
1753298560211,1753298560,KXMLBGAME-25JUL23CWSTB-CWS,35,65,54,yes
1753298560612,1753298560,KXMLBGAME-25JUL23MILSEA-SEA,53,47,50,yes
1753298571333,1753298571,KXMLBGAME-25JUL23STLCOL-STL,60,40,100,yes
1753298576733,1753298576,KXMLBGAME-25JUL23STLCOL-COL,41,59,7,yes
1753298579091,1753298579,KXMLBGAME-25JUL23STLCOL-COL,41,59,1,yes
1753298579211,1753298579,KXMLBGAME-25JUL23CWSTB-CWS,35,65,32,yes
1753298591795,1753298591,KXMLBGAME-25JUL23STLCOL-COL,39,61,19,yes
1753298595663,1753298595,KXMLBGAME-25JUL23KCCHC-KC,60,40,1,yes
1753298597014,1753298596,KXMLBGAME-25JUL23MILSEA-MIL,49,51,985,yes
1753298602433,1753298602,KXMLBGAME-25JUL23MILSEA-MIL,49,51,11,yes
1753298603509,1753298603,KXMLBGAME-25JUL23BALCLE-CLE,55,45,52,yes
1753298614292,1753298614,KXMLBGAME-25JUL23LAANYM-NYM,94,6,1154,yes
1753298614293,1753298614,KXMLBGAME-25JUL23KCCHC-CHC,40,60,26,yes
1753298618993,1753298618,KXMLBGAME-25JUL23STLCOL-COL,39,61,43,yes
1753298618993,1753298618,KXMLBGAME-25JUL23STLCOL-COL,40,60,77,yes
1753298621572,1753298621,KXMLBGAME-25JUL23KCCHC-KC,60,40,40,yes
1753298624497,1753298624,KXMLBGAME-25JUL23BOSPHI-BOS,44,56,1,yes
1753298624991,1753298624,KXMLBGAME-25JUL23KCCHC-KC,60,40,29,yes
1753298624991,1753298624,KXMLBGAME-25JUL23KCCHC-KC,61,39,3,yes
1753298629479,1753298629,KXMLBGAME-25JUL23STLCOL-STL,64,36,16,yes
1753298630852,1753298630,KXMLBGAME-25JUL23LAANYM-NYM,94,6,56,yes
1753298630852,1753298630,KXMLBGAME-25JUL23LAANYM-NYM,94,6,300,yes
1753298631271,1753298631,KXMLBGAME-25JUL23LAANYM-LAA,5,95,42,no
1753298631350,1753298631,KXMLBGAME-25JUL23LAANYM-NYM,95,5,42,yes
1753298632318,1753298632,KXMLBGAME-25JUL23MINLAD-LAD,67,33,72,yes
1753298634271,1753298634,KXMLBGAME-25JUL23LAANYM-LAA,5,95,18,yes
1753298637597,1753298637,KXMLBGAME-25JUL23STLCOL-STL,63,37,38,yes
1753298640493,1753298640,KXMLBGAME-25JUL23KCCHC-CHC,41,59,23,yes
1753298643273,1753298643,KXMLBGAME-25JUL23HOUARI-HOU,45,55,106,yes
1753298644012,1753298643,KXMLBGAME-25JUL23KCCHC-KC,61,39,100,yes
1753298645588,1753298645,KXMLBGAME-25JUL23STLCOL-COL,39,61,300,yes
1753298645588,1753298645,KXMLBGAME-25JUL23STLCOL-COL,39,61,16,yes
1753298645588,1753298645,KXMLBGAME-25JUL23STLCOL-COL,40,60,300,yes
1753298645588,1753298645,KXMLBGAME-25JUL23STLCOL-COL,41,59,300,yes
1753298645588,1753298645,KXMLBGAME-25JUL23STLCOL-COL,41,59,200,yes
1753298645588,1753298645,KXMLBGAME-25JUL23STLCOL-COL,41,59,600,yes
1753298645588,1753298645,KXMLBGAME-25JUL23STLCOL-COL,42,58,200,yes
1753298645588,1753298645,KXMLBGAME-25JUL23STLCOL-COL,65,35,54,yes
1753298645588,1753298645,KXMLBGAME-25JUL23STLCOL-COL,65,35,10,yes
1753298645588,1753298645,KXMLBGAME-25JUL23STLCOL-COL,72,28,199,yes
1753298648177,1753298648,KXMLBGAME-25JUL23NYYTOR-TOR,45,55,10,yes
1753298648892,1753298648,KXMLBGAME-25JUL23STLCOL-STL,62,38,75,yes
1753298655150,1753298655,KXMLBGAME-25JUL23LAANYM-LAA,5,95,937,yes
1753298658533,1753298658,KXMLBGAME-25JUL23KCCHC-KC,59,41,87,no
1753298658533,1753298658,KXMLBGAME-25JUL23KCCHC-KC,58,42,300,no
1753298658533,1753298658,KXMLBGAME-25JUL23KCCHC-KC,58,42,1551,no
1753298660352,1753298660,KXMLBGAME-25JUL23MILSEA-SEA,53,47,18,yes
1753298661511,1753298661,KXMLBGAME-25JUL23LAANYM-NYM,97,3,514,yes
1753298663821,1753298663,KXMLBGAME-25JUL23STLCOL-COL,41,59,23,yes
1753298667654,1753298667,KXMLBGAME-25JUL23KCCHC-KC,55,45,500,no
1753298667654,1753298667,KXMLBGAME-25JUL23KCCHC-KC,55,45,300,no
1753298667654,1753298667,KXMLBGAME-25JUL23KCCHC-KC,54,46,500,no
1753298667654,1753298667,KXMLBGAME-25JUL23KCCHC-KC,53,47,100,no
1753298667654,1753298667,KXMLBGAME-25JUL23KCCHC-KC,53,47,87,no
1753298667654,1753298667,KXMLBGAME-25JUL23KCCHC-KC,53,47,500,no
1753298667654,1753298667,KXMLBGAME-25JUL23KCCHC-KC,53,47,600,no
1753298667752,1753298667,KXMLBGAME-25JUL23KCCHC-CHC,46,54,174,yes
1753298667752,1753298667,KXMLBGAME-25JUL23KCCHC-CHC,46,54,500,yes
1753298667752,1753298667,KXMLBGAME-25JUL23KCCHC-CHC,47,53,100,yes
1753298667752,1753298667,KXMLBGAME-25JUL23KCCHC-CHC,47,53,200,yes
1753298667752,1753298667,KXMLBGAME-25JUL23KCCHC-CHC,47,53,87,yes
1753298667752,1753298667,KXMLBGAME-25JUL23KCCHC-CHC,47,53,500,yes
1753298667753,1753298667,KXMLBGAME-25JUL23KCCHC-CHC,47,53,300,yes
1753298667753,1753298667,KXMLBGAME-25JUL23KCCHC-CHC,47,53,600,yes
1753298667753,1753298667,KXMLBGAME-25JUL23KCCHC-CHC,47,53,600,yes
1753298667753,1753298667,KXMLBGAME-25JUL23KCCHC-CHC,47,53,1939,yes
1753298668691,1753298668,KXMLBGAME-25JUL23BALCLE-CLE,55,45,17,yes
1753298671971,1753298671,KXMLBGAME-25JUL23MILSEA-SEA,53,47,5,yes
1753298672011,1753298671,KXMLBGAME-25JUL23KCCHC-KC,55,45,35,yes
1753298672053,1753298672,KXMLBGAME-25JUL23KCCHC-KC,55,45,8,yes
1753298672353,1753298672,KXMLBGAME-25JUL23KCCHC-CHC,44,56,87,no
1753298672433,1753298672,KXMLBGAME-25JUL23KCCHC-KC,56,44,200,yes
1753298672433,1753298672,KXMLBGAME-25JUL23KCCHC-KC,56,44,300,yes
1753298672433,1753298672,KXMLBGAME-25JUL23KCCHC-KC,56,44,10,yes
1753298672433,1753298672,KXMLBGAME-25JUL23KCCHC-KC,56,44,87,yes
1753298674273,1753298674,KXMLBGAME-25JUL23MINLAD-MIN,34,66,2,yes
1753298678754,1753298678,KXMLBGAME-25JUL23KCCHC-KC,57,43,16,yes
1753298681054,1753298680,KXMLBGAME-25JUL23KCCHC-CHC,44,56,32,yes
1753298681511,1753298681,KXMLBGAME-25JUL23KCCHC-CHC,44,56,54,yes
1753298684913,1753298684,KXMLBGAME-25JUL23KCCHC-KC,57,43,150,yes
1753298685994,1753298685,KXMLBGAME-25JUL23MILSEA-SEA,53,47,45,yes
1753298691112,1753298691,KXMLBGAME-25JUL23STLCOL-COL,42,58,11,yes
1753298692610,1753298692,KXMLBGAME-25JUL23STLCOL-STL,61,39,100,yes
1753298693105,1753298692,KXMLBGAME-25JUL23BALCLE-CLE,55,45,2,yes
1753298696483,1753298696,KXMLBGAME-25JUL23KCCHC-KC,57,43,2,yes
1753298699834,1753298699,KXMLBGAME-25JUL23KCCHC-CHC,46,54,104,yes
1753298700136,1753298700,KXMLBGAME-25JUL23KCCHC-KC,57,43,8,yes
1753298700136,1753298700,KXMLBGAME-25JUL23KCCHC-KC,57,43,43,yes
1753298707751,1753298707,KXMLBGAME-25JUL23HOUARI-HOU,45,55,2760,yes
1753298711651,1753298711,KXMLBGAME-25JUL23HOUARI-HOU,45,55,16,yes
1753298712291,1753298712,KXMLBGAME-25JUL23STLCOL-COL,40,60,11,yes
1753298713193,1753298713,KXMLBGAME-25JUL23KCCHC-KC,58,42,252,yes
1753298714280,1753298714,KXMLBGAME-25JUL23KCCHC-CHC,43,57,22,yes
1753298714281,1753298714,KXMLBGAME-25JUL23MINLAD-LAD,67,33,3730,yes
1753298719317,1753298719,KXMLBGAME-25JUL23LAANYM-LAA,4,96,399,yes
1753298719317,1753298719,KXMLBGAME-25JUL23LAANYM-LAA,4,96,22,yes
1753298721632,1753298721,KXMLBGAME-25JUL23STLCOL-COL,41,59,21,yes
1753298721632,1753298721,KXMLBGAME-25JUL23STLCOL-COL,42,58,47,yes
1753298725560,1753298725,KXMLBGAME-25JUL23STLCOL-STL,61,39,15,yes
1753298725633,1753298725,KXMLBGAME-25JUL23LAANYM-LAA,4,96,100,yes
1753298730972,1753298730,KXMLBGAME-25JUL23STLCOL-COL,41,59,16,yes
1753298730972,1753298730,KXMLBGAME-25JUL23STLCOL-COL,42,58,9,yes
1753298738131,1753298738,KXMLBGAME-25JUL23KCCHC-KC,58,42,8,yes
1753298738692,1753298738,KXMLBGAME-25JUL23MILSEA-MIL,49,51,10,yes
1753298738953,1753298738,KXMLBGAME-25JUL23HOUARI-HOU,45,55,21,yes
1753298740373,1753298740,KXMLBGAME-25JUL23MILSEA-MIL,49,51,87,yes
1753298741091,1753298741,KXMLBGAME-25JUL23KCCHC-KC,58,42,2,yes
1753298741091,1753298741,KXMLBGAME-25JUL23KCCHC-KC,58,42,14,yes
1753298744012,1753298743,KXMLBGAME-25JUL23KCCHC-KC,59,41,126,yes
1753298744252,1753298744,KXMLBGAME-25JUL23MILSEA-MIL,49,51,197,yes
1753298745633,1753298745,KXMLBGAME-25JUL23MILSEA-MIL,49,51,57,yes
1753298746914,1753298746,KXMLBGAME-25JUL23LAANYM-NYM,97,3,6,yes
1753298747491,1753298747,KXMLBGAME-25JUL23BOSPHI-PHI,57,43,2,yes
1753298749953,1753298749,KXMLBGAME-25JUL23LAANYM-NYM,96,4,5,yes
1753298750773,1753298750,KXMLBGAME-25JUL23NYYTOR-NYY,57,43,177,yes
1753298750773,1753298750,KXMLBGAME-25JUL23NYYTOR-NYY,57,43,11,yes
1753298750773,1753298750,KXMLBGAME-25JUL23NYYTOR-NYY,57,43,6,yes
1753298750773,1753298750,KXMLBGAME-25JUL23NYYTOR-NYY,57,43,17,yes
1753298750773,1753298750,KXMLBGAME-25JUL23NYYTOR-NYY,57,43,9,yes
1753298750773,1753298750,KXMLBGAME-25JUL23NYYTOR-NYY,57,43,205,yes
1753298755074,1753298755,KXMLBGAME-25JUL23LAANYM-LAA,4,96,234,yes
1753298761415,1753298761,KXMLBGAME-25JUL23LAANYM-NYM,96,4,300,yes
1753298762654,1753298762,KXMLBGAME-25JUL23NYYTOR-NYY,57,43,10,yes
1753298763755,1753298763,KXMLBGAME-25JUL23KCCHC-CHC,42,58,228,yes
1753298765774,1753298765,KXMLBGAME-25JUL23STLCOL-COL,39,61,10,yes
1753298765872,1753298765,KXMLBGAME-25JUL23KCCHC-KC,59,41,164,yes
1753298766191,1753298766,KXMLBGAME-25JUL23LAANYM-LAA,5,95,1,yes
1753298775554,1753298775,KXMLBGAME-25JUL23STLCOL-STL,62,38,15,yes
1753298777091,1753298777,KXMLBGAME-25JUL23STLCOL-STL,62,38,15,yes
1753298777310,1753298777,KXMLBGAME-25JUL23STLCOL-STL,62,38,15,yes
1753298778334,1753298778,KXMLBGAME-25JUL23KCCHC-KC,59,41,16,yes
1753298779192,1753298779,KXMLBGAME-25JUL23MINLAD-LAD,67,33,1,yes
1753298780833,1753298780,KXMLBGAME-25JUL23KCCHC-CHC,43,57,87,yes
1753298780833,1753298780,KXMLBGAME-25JUL23KCCHC-CHC,43,57,277,yes
1753298788251,1753298788,KXMLBGAME-25JUL23STLCOL-STL,62,38,1,yes
1753298792293,1753298792,KXMLBGAME-25JUL23KCCHC-CHC,42,58,81,no
1753298792373,1753298792,KXMLBGAME-25JUL23KCCHC-KC,58,42,10,yes
1753298792373,1753298792,KXMLBGAME-25JUL23KCCHC-KC,58,42,81,yes
1753298793853,1753298793,KXMLBGAME-25JUL23STLCOL-COL,39,61,2,yes
1753298793853,1753298793,KXMLBGAME-25JUL23STLCOL-COL,39,61,221,yes
1753298800432,1753298800,KXMLBGAME-25JUL23HOUARI-ARI,56,44,17,yes
1753298802565,1753298802,KXMLBGAME-25JUL23BALCLE-CLE,55,45,1,yes
1753298803133,1753298803,KXMLBGAME-25JUL23NYYTOR-NYY,57,43,2,yes
1753298809572,1753298809,KXMLBGAME-25JUL23LAANYM-LAA,4,96,9,yes
1753298812054,1753298812,KXMLBGAME-25JUL23LAANYM-NYM,98,2,203,yes
1753298817451,1753298817,KXMLBGAME-25JUL23KCCHC-KC,57,43,37,no
1753298817652,1753298817,KXMLBGAME-25JUL23CWSTB-CWS,35,65,2,yes
1753298819292,1753298819,KXMLBGAME-25JUL23STLCOL-COL,39,61,4,yes
1753298825253,1753298825,KXMLBGAME-25JUL23NYYTOR-NYY,57,43,51,yes
1753298825851,1753298825,KXMLBGAME-25JUL23KCCHC-CHC,43,57,1118,yes
1753298826674,1753298826,KXMLBGAME-25JUL23KCCHC-KC,59,41,8,yes
1753298829333,1753298829,KXMLBGAME-25JUL23ATHTEX-TEX,56,44,1,yes
1753298829913,1753298829,KXMLBGAME-25JUL23MILSEA-SEA,53,47,219,yes
1753298830491,1753298830,KXMLBGAME-25JUL23STLCOL-COL,39,61,24,yes
1753298832212,1753298832,KXMLBGAME-25JUL23LAANYM-NYM,98,2,75,yes
1753298833353,1753298833,KXMLBGAME-25JUL23KCCHC-KC,59,41,164,yes
1753298838272,1753298838,KXMLBGAME-25JUL23KCCHC-CHC,41,59,350,no
1753298838532,1753298838,KXMLBGAME-25JUL23KCCHC-KC,63,37,19,yes
1753298840151,1753298840,KXMLBGAME-25JUL23LAANYM-LAA,4,96,78,yes
1753298840151,1753298840,KXMLBGAME-25JUL23LAANYM-LAA,4,96,109,yes
1753298841156,1753298841,KXMLBGAME-25JUL23HOUARI-HOU,45,55,1211,yes
1753298841156,1753298841,KXMLBGAME-25JUL23HOUARI-HOU,45,55,500,yes
1753298841156,1753298841,KXMLBGAME-25JUL23HOUARI-HOU,45,55,428,yes
1753298845272,1753298845,KXMLBGAME-25JUL23MILSEA-MIL,49,51,157,yes
1753298846134,1753298846,KXMLBGAME-25JUL23LAANYM-NYM,98,2,6,yes
1753298853093,1753298853,KXMLBGAME-25JUL23KCCHC-KC,63,37,23,yes
1753298860551,1753298860,KXMLBGAME-25JUL23KCCHC-KC,63,37,4,yes
1753298861214,1753298861,KXMLBGAME-25JUL23KCCHC-CHC,39,61,24,yes
1753298867355,1753298867,KXMLBGAME-25JUL23LAANYM-NYM,98,2,4,yes
1753298870252,1753298870,KXMLBGAME-25JUL23HOUARI-ARI,56,44,1,yes
1753298876712,1753298876,KXMLBGAME-25JUL23LAANYM-NYM,98,2,5,yes
1753298879970,1753298879,KXMLBGAME-25JUL23MILSEA-SEA,53,47,3,yes
1753298880091,1753298880,KXMLBGAME-25JUL23MINLAD-LAD,67,33,4,yes
1753298881893,1753298881,KXMLBGAME-25JUL23HOUARI-HOU,45,55,10,yes
1753298883950,1753298883,KXMLBGAME-25JUL23LAANYM-NYM,98,2,15,yes
1753298884754,1753298884,KXMLBGAME-25JUL23STLCOL-COL,36,64,9,yes
1753298886052,1753298886,KXMLBGAME-25JUL23LAANYM-NYM,98,2,276,yes
1753298886052,1753298886,KXMLBGAME-25JUL23LAANYM-NYM,98,2,200,yes
1753298886052,1753298886,KXMLBGAME-25JUL23LAANYM-NYM,99,1,2354,yes
1753298891113,1753298891,KXMLBGAME-25JUL23HOUARI-HOU,45,55,213,yes
1753298892554,1753298892,KXMLBGAME-25JUL23KCCHC-KC,64,36,10,yes
1753298892872,1753298892,KXMLBGAME-25JUL23KCCHC-KC,64,36,600,no
1753298892872,1753298892,KXMLBGAME-25JUL23KCCHC-KC,64,36,87,no
1753298892993,1753298892,KXMLBGAME-25JUL23KCCHC-CHC,35,65,300,yes
1753298892993,1753298892,KXMLBGAME-25JUL23KCCHC-CHC,36,64,87,yes
1753298892993,1753298892,KXMLBGAME-25JUL23KCCHC-CHC,36,64,600,yes
1753298892993,1753298892,KXMLBGAME-25JUL23KCCHC-CHC,36,64,2000,yes
1753298894615,1753298894,KXMLBGAME-25JUL23KCCHC-CHC,37,63,1,yes
1753298894673,1753298894,KXMLBGAME-25JUL23LAANYM-NYM,98,2,10,yes
1753298896191,1753298896,KXMLBGAME-25JUL23KCCHC-KC,65,35,15,yes
1753298896774,1753298896,KXMLBGAME-25JUL23MILSEA-MIL,49,51,3,yes
1753298897013,1753298896,KXMLBGAME-25JUL23MINLAD-LAD,67,33,21,yes
1753298897654,1753298897,KXMLBGAME-25JUL23KCCHC-CHC,33,67,500,no
1753298897654,1753298897,KXMLBGAME-25JUL23KCCHC-CHC,33,67,68,no
1753298897654,1753298897,KXMLBGAME-25JUL23KCCHC-CHC,33,67,19,no
1753298897733,1753298897,KXMLBGAME-25JUL23KCCHC-KC,67,33,500,yes
1753298897733,1753298897,KXMLBGAME-25JUL23KCCHC-KC,67,33,68,yes
1753298897733,1753298897,KXMLBGAME-25JUL23KCCHC-KC,67,33,19,yes
1753298900353,1753298900,KXMLBGAME-25JUL23STLCOL-COL,35,65,6,yes
1753298900353,1753298900,KXMLBGAME-25JUL23STLCOL-COL,36,64,7,yes
1753298900956,1753298900,KXMLBGAME-25JUL23STLCOL-COL,35,65,5,yes
1753298900956,1753298900,KXMLBGAME-25JUL23STLCOL-COL,36,64,261,yes
1753298902833,1753298902,KXMLBGAME-25JUL23STLCOL-STL,64,36,1,no
1753298903610,1753298903,KXMLBGAME-25JUL23KCCHC-KC,68,32,2,yes
1753298904612,1753298904,KXMLBGAME-25JUL23LAANYM-NYM,98,2,20,yes
1753298904972,1753298904,KXMLBGAME-25JUL23STLCOL-STL,65,35,3,yes
1753298911316,1753298911,KXMLBGAME-25JUL23STLCOL-COL,36,64,32,yes
1753298911316,1753298911,KXMLBGAME-25JUL23STLCOL-COL,36,64,3,yes
1753298911316,1753298911,KXMLBGAME-25JUL23STLCOL-COL,37,63,9,yes
1753298911453,1753298911,KXMLBGAME-25JUL23MILSEA-MIL,49,51,197,yes
1753298914252,1753298914,KXMLBGAME-25JUL23LAANYM-NYM,98,2,3,yes
1753298915513,1753298915,KXMLBGAME-25JUL23STLCOL-COL,36,64,300,yes
1753298915734,1753298915,KXMLBGAME-25JUL23STLCOL-COL,36,64,300,yes
1753298917633,1753298917,KXMLBGAME-25JUL23MILSEA-SEA,52,48,225,yes
1753298918874,1753298918,KXMLBGAME-25JUL23BALCLE-BAL,46,54,31,yes
1753298920212,1753298920,KXMLBGAME-25JUL23STLCOL-COL,36,64,3,yes
1753298920212,1753298920,KXMLBGAME-25JUL23STLCOL-COL,37,63,741,yes
1753298920692,1753298920,KXMLBGAME-25JUL23LAANYM-NYM,98,2,8,yes
1753298920911,1753298920,KXMLBGAME-25JUL23STLCOL-STL,60,40,1,no
1753298925212,1753298925,KXMLBGAME-25JUL23LAANYM-LAA,3,97,41,no
1753298925411,1753298925,KXMLBGAME-25JUL23NYYTOR-NYY,57,43,10,yes
1753298926015,1753298925,KXMLBGAME-25JUL23KCCHC-KC,68,32,26,yes
1753298927833,1753298927,KXMLBGAME-25JUL23KCCHC-KC,68,32,111,yes
1753298928330,1753298928,KXMLBGAME-25JUL23LAANYM-NYM,98,2,1,yes
1753298932233,1753298932,KXMLBGAME-25JUL23STLCOL-STL,58,42,33,yes
1753298933231,1753298932,KXMLBGAME-25JUL23KCCHC-CHC,33,67,72,yes
1753298936335,1753298936,KXMLBGAME-25JUL23LAANYM-NYM,98,2,5,yes
1753298937816,1753298937,KXMLBGAME-25JUL23KCCHC-KC,68,32,14,yes
1753298938997,1753298938,KXMLBGAME-25JUL23STLCOL-STL,58,42,100,yes
1753298940814,1753298940,KXMLBGAME-25JUL23MILSEA-SEA,52,48,27,yes
1753298944233,1753298944,KXMLBGAME-25JUL23LAANYM-NYM,98,2,10,yes
1753298944912,1753298944,KXMLBGAME-25JUL23HOUARI-HOU,45,55,107,yes
1753298945824,1753298945,KXMLBGAME-25JUL23BOSPHI-BOS,44,56,500,yes
1753298946272,1753298946,KXMLBGAME-25JUL23STLCOL-STL,58,42,49,yes
1753298946272,1753298946,KXMLBGAME-25JUL23STLCOL-STL,59,41,83,yes
1753298947871,1753298947,KXMLBGAME-25JUL23HOUARI-HOU,45,55,378,yes
1753298947871,1753298947,KXMLBGAME-25JUL23HOUARI-HOU,45,55,584,yes
1753298951372,1753298951,KXMLBGAME-25JUL23STLCOL-STL,59,41,5,yes
1753298951871,1753298951,KXMLBGAME-25JUL23HOUARI-ARI,56,44,17,yes
1753298954134,1753298954,KXMLBGAME-25JUL23LAANYM-NYM,98,2,15,yes
1753298956134,1753298956,KXMLBGAME-25JUL23KCCHC-KC,67,33,1,yes
1753298956316,1753298956,KXMLBGAME-25JUL23MILSEA-SEA,52,48,27,yes
1753298957853,1753298957,KXMLBGAME-25JUL23MILSEA-MIL,49,51,181,yes
1753298959213,1753298959,KXMLBGAME-25JUL23KCCHC-KC,67,33,21,yes
1753298959854,1753298959,KXMLBGAME-25JUL23STLCOL-COL,43,57,21,yes
1753298959854,1753298959,KXMLBGAME-25JUL23STLCOL-COL,43,57,83,yes
1753298959854,1753298959,KXMLBGAME-25JUL23STLCOL-COL,43,57,300,yes
1753298959854,1753298959,KXMLBGAME-25JUL23STLCOL-COL,43,57,43,yes
1753298961473,1753298961,KXMLBGAME-25JUL23LAANYM-LAA,3,97,709,no
1753298961473,1753298961,KXMLBGAME-25JUL23LAANYM-LAA,3,97,1,no
1753298962272,1753298962,KXMLBGAME-25JUL23BALCLE-CLE,55,45,53,yes
1753298962312,1753298962,KXMLBGAME-25JUL23STLCOL-COL,41,59,100,no
1753298962312,1753298962,KXMLBGAME-25JUL23STLCOL-COL,40,60,152,no
1753298962454,1753298962,KXMLBGAME-25JUL23MILSEA-MIL,49,51,59,yes
1753298962714,1753298962,KXMLBGAME-25JUL23MILSEA-SEA,52,48,55,yes
1753298963176,1753298963,KXMLBGAME-25JUL23MINLAD-MIN,34,66,3,yes
1753298967273,1753298967,KXMLBGAME-25JUL23LAANYM-NYM,98,2,10,yes
1753298975555,1753298975,KXMLBGAME-25JUL23MINLAD-MIN,34,66,42,yes
1753298976292,1753298976,KXMLBGAME-25JUL23KCCHC-KC,67,33,29,yes
1753298978212,1753298978,KXMLBGAME-25JUL23LAANYM-NYM,98,2,6,yes
1753298979153,1753298979,KXMLBGAME-25JUL23KCCHC-KC,67,33,36,yes
1753298979473,1753298979,KXMLBGAME-25JUL23MILSEA-MIL,49,51,3,yes
1753298981814,1753298981,KXMLBGAME-25JUL23KCCHC-KC,67,33,6,yes
1753298982471,1753298982,KXMLBGAME-25JUL23KCCHC-KC,68,32,96,yes
1753298984212,1753298984,KXMLBGAME-25JUL23KCCHC-KC,67,33,1,yes
1753298986654,1753298986,KXMLBGAME-25JUL23LAANYM-NYM,98,2,6,yes
1753298990173,1753298990,KXMLBGAME-25JUL23HOUARI-ARI,56,44,90,yes
1753298994879,1753298994,KXMLBGAME-25JUL23MINLAD-LAD,67,33,72,yes
1753298998396,1753298998,KXMLBGAME-25JUL23BOSPHI-BOS,44,56,33,yes
1753298998613,1753298998,KXMLBGAME-25JUL23STLCOL-STL,59,41,100,yes
1753298998613,1753298998,KXMLBGAME-25JUL23STLCOL-STL,59,41,23,yes
1753298998814,1753298998,KXMLBGAME-25JUL23KCCHC-KC,67,33,364,yes
1753299001194,1753299001,KXMLBGAME-25JUL23MILSEA-MIL,49,51,197,yes
1753299004812,1753299004,KXMLBGAME-25JUL23KCCHC-KC,67,33,1,yes
1753299009757,1753299009,KXMLBGAME-25JUL23LAANYM-NYM,98,2,203,yes
1753299010254,1753299010,KXMLBGAME-25JUL23STLCOL-COL,43,57,167,yes
1753299011295,1753299011,KXMLBGAME-25JUL23MILSEA-SEA,52,48,46,yes
1753299011813,1753299011,KXMLBGAME-25JUL23LAANYM-LAA,3,97,15,yes
1753299013734,1753299013,KXMLBGAME-25JUL23BOSPHI-BOS,44,56,12,yes
1753299021473,1753299021,KXMLBGAME-25JUL23KCCHC-KC,67,33,25,no
1753299025873,1753299025,KXMLBGAME-25JUL23KCCHC-CHC,35,65,68,yes
1753299026692,1753299026,KXMLBGAME-25JUL23NYYTOR-NYY,57,43,800,yes
1753299027931,1753299027,KXMLBGAME-25JUL23KCCHC-CHC,33,67,100,no
1753299027931,1753299027,KXMLBGAME-25JUL23KCCHC-CHC,33,67,300,no
1753299027931,1753299027,KXMLBGAME-25JUL23KCCHC-CHC,33,67,500,no
1753299027931,1753299027,KXMLBGAME-25JUL23KCCHC-CHC,31,69,2000,no
1753299027931,1753299027,KXMLBGAME-25JUL23KCCHC-CHC,31,69,600,no
1753299028037,1753299027,KXMLBGAME-25JUL23KCCHC-KC,67,33,600,yes
1753299028037,1753299027,KXMLBGAME-25JUL23KCCHC-KC,67,33,500,yes
1753299028037,1753299027,KXMLBGAME-25JUL23KCCHC-KC,68,32,200,yes
1753299028037,1753299027,KXMLBGAME-25JUL23KCCHC-KC,68,32,750,yes
1753299028037,1753299027,KXMLBGAME-25JUL23KCCHC-KC,68,32,500,yes
1753299028037,1753299027,KXMLBGAME-25JUL23KCCHC-KC,68,32,300,yes
1753299028037,1753299027,KXMLBGAME-25JUL23KCCHC-KC,69,31,200,yes
1753299028037,1753299027,KXMLBGAME-25JUL23KCCHC-KC,69,31,300,yes
1753299028037,1753299027,KXMLBGAME-25JUL23KCCHC-KC,69,31,600,yes
1753299030432,1753299030,KXMLBGAME-25JUL23MILSEA-MIL,49,51,103,yes
1753299031934,1753299031,KXMLBGAME-25JUL23STLCOL-STL,59,41,24,yes
1753299033335,1753299033,KXMLBGAME-25JUL23MILSEA-MIL,49,51,738,yes
1753299033335,1753299033,KXMLBGAME-25JUL23MILSEA-MIL,49,51,148,yes
1753299035715,1753299035,KXMLBGAME-25JUL23STLCOL-COL,44,56,2,yes
1753299035715,1753299035,KXMLBGAME-25JUL23STLCOL-COL,44,56,19,yes
1753299037737,1753299037,KXMLBGAME-25JUL23LAANYM-NYM,99,1,14,yes
1753299039333,1753299039,KXMLBGAME-25JUL23STLCOL-STL,59,41,17,yes
1753299042232,1753299041,KXMLBGAME-25JUL23KCCHC-CHC,33,67,300,no
1753299042232,1753299041,KXMLBGAME-25JUL23KCCHC-CHC,32,68,500,no
1753299042417,1753299042,KXMLBGAME-25JUL23LAANYM-NYM,99,1,30,yes
1753299043113,1753299042,KXMLBGAME-25JUL23KCCHC-KC,68,32,200,yes
1753299043113,1753299042,KXMLBGAME-25JUL23KCCHC-KC,68,32,500,yes
1753299043113,1753299042,KXMLBGAME-25JUL23KCCHC-KC,68,32,600,yes
1753299053173,1753299053,KXMLBGAME-25JUL23KCCHC-CHC,33,67,10,yes
1753299053492,1753299053,KXMLBGAME-25JUL23KCCHC-CHC,34,66,10,yes
1753299053492,1753299053,KXMLBGAME-25JUL23STLCOL-STL,59,41,109,yes
1753299057731,1753299057,KXMLBGAME-25JUL23KCCHC-CHC,34,66,290,no
1753299057810,1753299057,KXMLBGAME-25JUL23KCCHC-KC,66,34,600,yes
1753299057912,1753299057,KXMLBGAME-25JUL23HOUARI-ARI,56,44,10,yes
1753299060153,1753299060,KXMLBGAME-25JUL23MILSEA-SEA,52,48,1,yes
1753299063974,1753299063,KXMLBGAME-25JUL23HOUARI-ARI,56,44,17,yes
1753299064592,1753299064,KXMLBGAME-25JUL23LAANYM-NYM,98,2,34,no
1753299064592,1753299064,KXMLBGAME-25JUL23LAANYM-LAA,2,98,4,no
1753299064592,1753299064,KXMLBGAME-25JUL23LAANYM-LAA,2,98,181,no
1753299071491,1753299071,KXMLBGAME-25JUL23KCCHC-KC,67,33,7,yes
1753299071693,1753299071,KXMLBGAME-25JUL23LAANYM-LAA,2,98,119,no
1753299074234,1753299074,KXMLBGAME-25JUL23MILSEA-MIL,49,51,193,yes
1753299074293,1753299074,KXMLBGAME-25JUL23MINLAD-LAD,67,33,25,yes
1753299075791,1753299075,KXMLBGAME-25JUL23LAANYM-NYM,98,2,166,no
1753299077470,1753299077,KXMLBGAME-25JUL23KCCHC-CHC,34,66,33,yes
1753299082035,1753299081,KXMLBGAME-25JUL23MILSEA-MIL,49,51,10,yes
1753299082254,1753299082,KXMLBGAME-25JUL23LAANYM-LAA,3,97,1560,yes
1753299084773,1753299084,KXMLBGAME-25JUL23STLCOL-STL,60,40,81,yes
1753299086213,1753299086,KXMLBGAME-25JUL23ATHTEX-TEX,56,44,1,yes
1753299087275,1753299087,KXMLBGAME-25JUL23KCCHC-KC,66,34,300,yes
1753299087275,1753299087,KXMLBGAME-25JUL23KCCHC-KC,67,33,51,yes
1753299087275,1753299087,KXMLBGAME-25JUL23KCCHC-KC,67,33,5,yes
1753299087275,1753299087,KXMLBGAME-25JUL23KCCHC-KC,67,33,404,yes
1753299087633,1753299087,KXMLBGAME-25JUL23BOSPHI-BOS,43,57,11,yes
1753299087832,1753299087,KXMLBGAME-25JUL23LAANYM-NYM,98,2,665,yes
1753299088475,1753299088,KXMLBGAME-25JUL23MINLAD-LAD,67,33,21,yes
1753299091232,1753299091,KXMLBGAME-25JUL23NYYTOR-NYY,57,43,38,yes
1753299092852,1753299092,KXMLBGAME-25JUL23LAANYM-LAA,3,97,440,yes
1753299094573,1753299094,KXMLBGAME-25JUL23MILSEA-SEA,52,48,18,yes
1753299095991,1753299095,KXMLBGAME-25JUL23BALCLE-CLE,55,45,5,yes
1753299096194,1753299096,KXMLBGAME-25JUL23BOSPHI-BOS,42,58,483,no
1753299096194,1753299096,KXMLBGAME-25JUL23BOSPHI-BOS,42,58,200,no
1753299096194,1753299096,KXMLBGAME-25JUL23BOSPHI-BOS,42,58,18,no
1753299096194,1753299096,KXMLBGAME-25JUL23BOSPHI-BOS,42,58,1000,no
1753299096194,1753299096,KXMLBGAME-25JUL23BOSPHI-BOS,42,58,3000,no
1753299097353,1753299097,KXMLBGAME-25JUL23KCCHC-CHC,35,65,68,yes
1753299100813,1753299100,KXMLBGAME-25JUL23NYYTOR-TOR,45,55,2,yes
1753299101834,1753299101,KXMLBGAME-25JUL23LAANYM-NYM,97,3,5,no
1753299101834,1753299101,KXMLBGAME-25JUL23LAANYM-NYM,95,5,1063,no
1753299104911,1753299104,KXMLBGAME-25JUL23NYYTOR-TOR,45,55,2,yes
1753299104933,1753299104,KXMLBGAME-25JUL23HOUARI-ARI,56,44,8,yes
1753299105612,1753299105,KXMLBGAME-25JUL23KCCHC-KC,65,35,60,yes
1753299105612,1753299105,KXMLBGAME-25JUL23MILSEA-MIL,49,51,200,yes
1753299116953,1753299116,KXMLBGAME-25JUL23KCCHC-KC,66,34,300,yes
1753299116953,1753299116,KXMLBGAME-25JUL23KCCHC-KC,66,34,600,yes
1753299116953,1753299116,KXMLBGAME-25JUL23KCCHC-KC,67,33,42,yes
1753299116953,1753299116,KXMLBGAME-25JUL23KCCHC-KC,67,33,545,yes
1753299117674,1753299117,KXMLBGAME-25JUL23KCCHC-CHC,35,65,2,yes
1753299119582,1753299119,KXMLBGAME-25JUL23LAANYM-NYM,97,3,1,yes
1753299120661,1753299120,KXMLBGAME-25JUL23MILSEA-SEA,52,48,150,yes
1753299120675,1753299120,KXMLBGAME-25JUL23BOSPHI-PHI,57,43,8,yes
1753299125703,1753299125,KXMLBGAME-25JUL23LAANYM-LAA,3,97,42,no
1753299126733,1753299126,KXMLBGAME-25JUL23HOUARI-HOU,45,55,42,yes
1753299127615,1753299127,KXMLBGAME-25JUL23MILSEA-MIL,49,51,104,yes
1753299127932,1753299127,KXMLBGAME-25JUL23LAANYM-LAA,3,97,46,yes
1753299131612,1753299131,KXMLBGAME-25JUL23KCCHC-CHC,34,66,69,no
1753299132092,1753299132,KXMLBGAME-25JUL23KCCHC-CHC,33,67,300,no
1753299132092,1753299132,KXMLBGAME-25JUL23KCCHC-CHC,33,67,31,no
1753299132914,1753299132,KXMLBGAME-25JUL23ATHTEX-TEX,56,44,43,yes
1753299133214,1753299133,KXMLBGAME-25JUL23LAANYM-NYM,97,3,8,yes
1753299134335,1753299134,KXMLBGAME-25JUL23MILSEA-MIL,49,51,193,yes
1753299137553,1753299137,KXMLBGAME-25JUL23MINLAD-MIN,34,66,20,yes
1753299142451,1753299142,KXMLBGAME-25JUL23KCCHC-KC,70,30,300,yes
1753299142597,1753299142,KXMLBGAME-25JUL23LAANYM-NYM,98,2,300,yes
1753299142597,1753299142,KXMLBGAME-25JUL23LAANYM-NYM,98,2,5,yes
1753299142597,1753299142,KXMLBGAME-25JUL23LAANYM-NYM,98,2,3000,yes
1753299142597,1753299142,KXMLBGAME-25JUL23LAANYM-NYM,98,2,600,yes
1753299142597,1753299142,KXMLBGAME-25JUL23LAANYM-NYM,98,2,30,yes
1753299142597,1753299142,KXMLBGAME-25JUL23LAANYM-NYM,99,1,1926,yes
1753299142613,1753299142,KXMLBGAME-25JUL23HOUARI-HOU,45,55,117,yes
1753299142695,1753299142,KXMLBGAME-25JUL23HOUARI-HOU,45,55,2,yes
1753299145113,1753299145,KXMLBGAME-25JUL23BOSPHI-BOS,42,58,1,yes
1753299150890,1753299150,KXMLBGAME-25JUL23KCCHC-CHC,30,70,158,yes
1753299153113,1753299153,KXMLBGAME-25JUL23HOUARI-HOU,45,55,96,yes
1753299156253,1753299156,KXMLBGAME-25JUL23BOSPHI-PHI,57,43,3956,yes
1753299157799,1753299157,KXMLBGAME-25JUL23ATHTEX-TEX,56,44,43,yes
1753299158493,1753299158,KXMLBGAME-25JUL23KCCHC-KC,71,29,17,yes
1753299161631,1753299161,KXMLBGAME-25JUL23KCCHC-KC,71,29,7,yes
1753299161631,1753299161,KXMLBGAME-25JUL23KCCHC-KC,71,29,20,yes
1753299163274,1753299163,KXMLBGAME-25JUL23KCCHC-KC,69,31,96,yes
1753299165257,1753299165,KXMLBGAME-25JUL23STLCOL-STL,58,42,74,yes
1753299165833,1753299165,KXMLBGAME-25JUL23MILSEA-MIL,49,51,9,yes
1753299167111,1753299166,KXMLBGAME-25JUL23KCCHC-KC,69,31,204,yes
1753299167111,1753299166,KXMLBGAME-25JUL23KCCHC-KC,70,30,600,yes
1753299170496,1753299170,KXMLBGAME-25JUL23MILSEA-MIL,49,51,96,yes
1753299171355,1753299171,KXMLBGAME-25JUL23LAANYM-LAA,3,97,1862,yes
1753299171355,1753299171,KXMLBGAME-25JUL23LAANYM-LAA,3,97,16,yes
1753299179234,1753299179,KXMLBGAME-25JUL23HOUARI-ARI,56,44,10,yes
1753299181515,1753299181,KXMLBGAME-25JUL23ATHTEX-ATH,45,55,85,yes
1753299184735,1753299184,KXMLBGAME-25JUL23KCCHC-KC,71,29,13,yes
1753299185133,1753299185,KXMLBGAME-25JUL23MILSEA-SEA,52,48,55,yes
1753299185452,1753299185,KXMLBGAME-25JUL23MILSEA-SEA,52,48,186,yes
1753299185994,1753299185,KXMLBGAME-25JUL23STLCOL-COL,44,56,1,yes
1753299186434,1753299186,KXMLBGAME-25JUL23STLCOL-STL,57,43,300,yes
1753299186434,1753299186,KXMLBGAME-25JUL23STLCOL-STL,57,43,87,yes
1753299186434,1753299186,KXMLBGAME-25JUL23STLCOL-STL,59,41,121,yes
1753299189793,1753299189,KXMLBGAME-25JUL23HOUARI-HOU,45,55,50,yes
1753299194663,1753299194,KXMLBGAME-25JUL23KCCHC-KC,71,29,22,yes
1753299197212,1753299197,KXMLBGAME-25JUL23STLCOL-STL,57,43,42,yes
1753299197232,1753299197,KXMLBGAME-25JUL23STLCOL-STL,57,43,17,yes
1753299198135,1753299198,KXMLBGAME-25JUL23LAANYM-NYM,97,3,5,yes
1753299199811,1753299199,KXMLBGAME-25JUL23MINLAD-LAD,67,33,30,yes
1753299201817,1753299201,KXMLBGAME-25JUL23MINLAD-LAD,67,33,145,yes
1753299206011,1753299205,KXMLBGAME-25JUL23HOUARI-HOU,45,55,21,yes
1753299207112,1753299206,KXMLBGAME-25JUL23STLCOL-STL,56,44,277,no
1753299216591,1753299216,KXMLBGAME-25JUL23BOSPHI-BOS,42,58,648,yes
1753299216751,1753299216,KXMLBGAME-25JUL23BOSPHI-PHI,58,42,648,no
1753299219652,1753299219,KXMLBGAME-25JUL23LAANYM-NYM,98,2,22,yes
1753299230391,1753299230,KXMLBGAME-25JUL23STLCOL-STL,57,43,170,yes
1753299231732,1753299231,KXMLBGAME-25JUL23KCCHC-KC,72,28,4,yes
1753299232756,1753299232,KXMLBGAME-25JUL23LAANYM-NYM,99,1,676,yes
1753299232756,1753299232,KXMLBGAME-25JUL23LAANYM-NYM,99,1,100,yes
1753299232756,1753299232,KXMLBGAME-25JUL23LAANYM-NYM,99,1,224,yes
1753299240012,1753299239,KXMLBGAME-25JUL23HOUARI-HOU,45,55,42,yes
1753299240715,1753299240,KXMLBGAME-25JUL23KCCHC-KC,71,29,137,no
1753299241676,1753299241,KXMLBGAME-25JUL23STLCOL-STL,57,43,5,yes
1753299241836,1753299241,KXMLBGAME-25JUL23KCCHC-KC,72,28,47,yes
1753299248730,1753299248,KXMLBGAME-25JUL23KCCHC-CHC,28,72,104,no
1753299252317,1753299252,KXMLBGAME-25JUL23KCCHC-KC,72,28,500,yes
1753299254498,1753299254,KXMLBGAME-25JUL23LAANYM-LAA,2,98,87,yes
1753299254498,1753299254,KXMLBGAME-25JUL23LAANYM-LAA,2,98,200,yes
1753299254498,1753299254,KXMLBGAME-25JUL23LAANYM-LAA,3,97,277,yes
1753299255292,1753299255,KXMLBGAME-25JUL23LAANYM-NYM,99,1,70,yes
1753299267251,1753299267,KXMLBGAME-25JUL23KCCHC-KC,71,29,59,yes
1753299268471,1753299268,KXMLBGAME-25JUL23MILSEA-SEA,52,48,37,yes
1753299269110,1753299268,KXMLBGAME-25JUL23HOUARI-HOU,45,55,164,yes
1753299269453,1753299269,KXMLBGAME-25JUL23LAANYM-NYM,99,1,28,yes
1753299273693,1753299273,KXMLBGAME-25JUL23BALCLE-CLE,55,45,17,yes
1753299276552,1753299276,KXMLBGAME-25JUL23KCCHC-KC,71,29,20,yes
1753299277252,1753299277,KXMLBGAME-25JUL23CWSTB-CWS,35,65,5,yes
1753299278250,1753299278,KXMLBGAME-25JUL23STLCOL-STL,57,43,66,yes
1753299278250,1753299278,KXMLBGAME-25JUL23STLCOL-STL,57,43,19,yes
1753299282350,1753299282,KXMLBGAME-25JUL23KCCHC-KC,71,29,46,yes
1753299283052,1753299283,KXMLBGAME-25JUL23KCCHC-CHC,29,71,32,yes
1753299288234,1753299288,KXMLBGAME-25JUL23BOSPHI-PHI,59,41,16,yes
1753299292512,1753299292,KXMLBGAME-25JUL23KCCHC-CHC,29,71,10,yes
1753299301673,1753299301,KXMLBGAME-25JUL23NYYTOR-NYY,57,43,4,yes
1753299301673,1753299301,KXMLBGAME-25JUL23NYYTOR-NYY,57,43,13,yes
1753299303577,1753299303,KXMLBGAME-25JUL23HOUARI-ARI,56,44,119,yes
1753299303834,1753299303,KXMLBGAME-25JUL23STLCOL-STL,57,43,83,yes
1753299305412,1753299305,KXMLBGAME-25JUL23MILSEA-MIL,49,51,689,yes
1753299306373,1753299306,KXMLBGAME-25JUL23KCCHC-CHC,29,71,463,yes
1753299306373,1753299306,KXMLBGAME-25JUL23KCCHC-CHC,29,71,10,yes
1753299308352,1753299308,KXMLBGAME-25JUL23LAANYM-NYM,98,2,6,no
1753299312471,1753299312,KXMLBGAME-25JUL23MINLAD-LAD,67,33,29,yes
1753299312872,1753299312,KXMLBGAME-25JUL23BALCLE-CLE,55,45,5,yes
1753299314253,1753299314,KXMLBGAME-25JUL23KCCHC-KC,71,29,110,yes
1753299321733,1753299321,KXMLBGAME-25JUL23KCCHC-KC,71,29,173,yes
1753299325812,1753299325,KXMLBGAME-25JUL23STLCOL-STL,56,44,50,no
1753299330912,1753299330,KXMLBGAME-25JUL23STLCOL-COL,45,55,10,yes
1753299334231,1753299334,KXMLBGAME-25JUL23MILSEA-MIL,49,51,19,yes
1753299334572,1753299334,KXMLBGAME-25JUL23KCCHC-KC,70,30,27,yes
1753299339174,1753299339,KXMLBGAME-25JUL23KCCHC-KC,70,30,6,yes
1753299340015,1753299339,KXMLBGAME-25JUL23BALCLE-CLE,55,45,35,yes
1753299340392,1753299340,KXMLBGAME-25JUL23LAANYM-LAA,2,98,87,yes
1753299340392,1753299340,KXMLBGAME-25JUL23LAANYM-LAA,3,97,195,yes
1753299346992,1753299346,KXMLBGAME-25JUL23CWSTB-TB,66,34,29,yes
1753299347052,1753299347,KXMLBGAME-25JUL23KCCHC-KC,70,30,60,yes
1753299347052,1753299347,KXMLBGAME-25JUL23KCCHC-KC,71,29,106,yes
1753299347700,1753299347,KXMLBGAME-25JUL23MILSEA-SEA,52,48,465,yes
1753299348172,1753299348,KXMLBGAME-25JUL23STLCOL-COL,45,55,2,yes
1753299352313,1753299352,KXMLBGAME-25JUL23HOUARI-HOU,45,55,534,yes
1753299355734,1753299355,KXMLBGAME-25JUL23KCCHC-CHC,30,70,31,yes
1753299359011,1753299358,KXMLBGAME-25JUL23STLCOL-COL,45,55,19,yes
1753299359011,1753299358,KXMLBGAME-25JUL23STLCOL-COL,45,55,1,yes
1753299360612,1753299360,KXMLBGAME-25JUL23STLCOL-STL,57,43,300,yes
1753299360612,1753299360,KXMLBGAME-25JUL23STLCOL-STL,57,43,200,yes
1753299360612,1753299360,KXMLBGAME-25JUL23STLCOL-STL,57,43,200,yes
1753299362613,1753299362,KXMLBGAME-25JUL23MINLAD-LAD,67,33,29,yes
1753299368292,1753299368,KXMLBGAME-25JUL23MILSEA-MIL,49,51,394,yes
1753299374051,1753299374,KXMLBGAME-25JUL23KCCHC-CHC,30,70,100,yes
1753299374910,1753299374,KXMLBGAME-25JUL23STLCOL-COL,48,52,20,yes
1753299375031,1753299374,KXMLBGAME-25JUL23LAANYM-NYM,99,1,10,yes
1753299379598,1753299379,KXMLBGAME-25JUL23BOSPHI-PHI,59,41,32,yes
1753299379598,1753299379,KXMLBGAME-25JUL23MILSEA-MIL,49,51,48,yes
1753299379793,1753299379,KXMLBGAME-25JUL23HOUARI-HOU,45,55,50,yes
1753299381850,1753299381,KXMLBGAME-25JUL23ATHTEX-ATH,45,55,10,yes
1753299384933,1753299384,KXMLBGAME-25JUL23KCCHC-KC,71,29,56,yes
1753299385194,1753299385,KXMLBGAME-25JUL23MILSEA-MIL,49,51,9,yes
1753299387070,1753299386,KXMLBGAME-25JUL23KCCHC-CHC,29,71,239,no
1753299387212,1753299387,KXMLBGAME-25JUL23KCCHC-CHC,30,70,3,yes
1753299391434,1753299391,KXMLBGAME-25JUL23KCCHC-CHC,30,70,40,yes
1753299391880,1753299391,KXMLBGAME-25JUL23MILSEA-MIL,49,51,19,yes
1753299395553,1753299395,KXMLBGAME-25JUL23KCCHC-KC,71,29,300,yes
1753299395553,1753299395,KXMLBGAME-25JUL23KCCHC-KC,71,29,100,yes
1753299395554,1753299395,KXMLBGAME-25JUL23KCCHC-KC,72,28,283,yes
1753299396933,1753299396,KXMLBGAME-25JUL23CWSTB-TB,66,34,7,yes
1753299397773,1753299397,KXMLBGAME-25JUL23HOUARI-ARI,56,44,3,yes
1753299398572,1753299398,KXMLBGAME-25JUL23MINLAD-LAD,66,34,565,no
1753299398572,1753299398,KXMLBGAME-25JUL23MINLAD-LAD,66,34,1239,no
1753299398672,1753299398,KXMLBGAME-25JUL23MINLAD-MIN,34,66,565,yes
1753299398672,1753299398,KXMLBGAME-25JUL23MINLAD-MIN,34,66,87,yes
1753299398993,1753299398,KXMLBGAME-25JUL23NYYTOR-NYY,57,43,34,yes
1753299404357,1753299404,KXMLBGAME-25JUL23HOUARI-HOU,45,55,160,yes
1753299407193,1753299407,KXMLBGAME-25JUL23LAANYM-NYM,98,2,27,no
1753299418379,1753299418,KXMLBGAME-25JUL23NYYTOR-TOR,45,55,10,yes
1753299419293,1753299419,KXMLBGAME-25JUL23KCCHC-KC,75,25,35,yes
1753299419293,1753299419,KXMLBGAME-25JUL23KCCHC-KC,85,15,11,yes
1753299419293,1753299419,KXMLBGAME-25JUL23KCCHC-KC,87,13,169,yes
1753299421073,1753299421,KXMLBGAME-25JUL23STLCOL-COL,47,53,21,yes
1753299422412,1753299422,KXMLBGAME-25JUL23KCCHC-KC,87,13,5,yes
1753299426800,1753299426,KXMLBGAME-25JUL23STLCOL-COL,47,53,159,yes
1753299426800,1753299426,KXMLBGAME-25JUL23STLCOL-COL,47,53,46,yes
1753299427253,1753299427,KXMLBGAME-25JUL23STLCOL-STL,53,47,91,yes
1753299431573,1753299431,KXMLBGAME-25JUL23STLCOL-STL,53,47,73,yes
1753299435057,1753299434,KXMLBGAME-25JUL23KCCHC-KC,85,15,600,yes
1753299435057,1753299434,KXMLBGAME-25JUL23KCCHC-KC,85,15,194,yes
1753299436734,1753299436,KXMLBGAME-25JUL23KCCHC-CHC,17,83,10,no
1753299436734,1753299436,KXMLBGAME-25JUL23KCCHC-CHC,15,85,15,no
1753299436734,1753299436,KXMLBGAME-25JUL23KCCHC-CHC,15,85,300,no
1753299436734,1753299436,KXMLBGAME-25JUL23KCCHC-CHC,14,86,100,no
1753299436734,1753299436,KXMLBGAME-25JUL23KCCHC-CHC,14,86,202,no
1753299439013,1753299438,KXMLBGAME-25JUL23MILSEA-SEA,52,48,558,yes
1753299439733,1753299439,KXMLBGAME-25JUL23STLCOL-COL,46,54,254,no
1753299440832,1753299440,KXMLBGAME-25JUL23KCCHC-KC,86,14,2,yes
1753299441416,1753299441,KXMLBGAME-25JUL23MINLAD-LAD,67,33,7,yes
1753299442238,1753299442,KXMLBGAME-25JUL23KCCHC-KC,86,14,16,yes
1753299442238,1753299442,KXMLBGAME-25JUL23KCCHC-KC,86,14,139,yes
1753299442736,1753299442,KXMLBGAME-25JUL23STLCOL-STL,54,46,179,yes
1753299442936,1753299442,KXMLBGAME-25JUL23BOSPHI-BOS,42,58,343,yes
1753299445033,1753299444,KXMLBGAME-25JUL23KCCHC-KC,85,15,11,yes
1753299445934,1753299445,KXMLBGAME-25JUL23KCCHC-CHC,14,86,309,no
1753299453012,1753299452,KXMLBGAME-25JUL23KCCHC-CHC,15,85,32,no
1753299453152,1753299453,KXMLBGAME-25JUL23KCCHC-KC,86,14,461,yes
1753299453152,1753299453,KXMLBGAME-25JUL23KCCHC-KC,86,14,300,yes
1753299453152,1753299453,KXMLBGAME-25JUL23KCCHC-KC,86,14,13,yes
1753299453152,1753299453,KXMLBGAME-25JUL23KCCHC-KC,87,13,300,yes
1753299453152,1753299453,KXMLBGAME-25JUL23KCCHC-KC,87,13,200,yes
1753299453152,1753299453,KXMLBGAME-25JUL23KCCHC-KC,88,12,200,yes
1753299453152,1753299453,KXMLBGAME-25JUL23KCCHC-KC,88,12,300,yes
1753299453152,1753299453,KXMLBGAME-25JUL23KCCHC-KC,89,11,273,yes
1753299454531,1753299454,KXMLBGAME-25JUL23HOUARI-HOU,45,55,27,yes
1753299454698,1753299454,KXMLBGAME-25JUL23STLCOL-COL,44,56,22,yes
1753299454774,1753299454,KXMLBGAME-25JUL23STLCOL-STL,57,43,87,yes
1753299454774,1753299454,KXMLBGAME-25JUL23STLCOL-STL,58,42,249,yes
1753299455893,1753299455,KXMLBGAME-25JUL23KCCHC-CHC,16,84,8,yes
1753299458352,1753299458,KXMLBGAME-25JUL23BALCLE-BAL,46,54,314,yes
1753299460792,1753299460,KXMLBGAME-25JUL23KCCHC-KC,84,16,300,yes
1753299460792,1753299460,KXMLBGAME-25JUL23KCCHC-KC,85,15,10,yes
1753299460792,1753299460,KXMLBGAME-25JUL23KCCHC-KC,85,15,600,yes
1753299460792,1753299460,KXMLBGAME-25JUL23KCCHC-KC,85,15,72,yes
1753299461632,1753299461,KXMLBGAME-25JUL23KCCHC-CHC,16,84,8,yes
1753299462819,1753299462,KXMLBGAME-25JUL23KCCHC-KC,83,17,8,no
1753299463696,1753299463,KXMLBGAME-25JUL23HOUARI-ARI,56,44,55,yes
1753299464035,1753299463,KXMLBGAME-25JUL23KCCHC-CHC,15,85,7,no
1753299464035,1753299463,KXMLBGAME-25JUL23KCCHC-CHC,15,85,110,no
1753299464253,1753299464,KXMLBGAME-25JUL23KCCHC-KC,85,15,292,yes
1753299464291,1753299464,KXMLBGAME-25JUL23KCCHC-CHC,15,85,400,no
1753299467356,1753299467,KXMLBGAME-25JUL23KCCHC-CHC,16,84,7,yes
1753299467693,1753299467,KXMLBGAME-25JUL23KCCHC-CHC,15,85,80,no
1753299469372,1753299469,KXMLBGAME-25JUL23KCCHC-CHC,15,85,35,no
1753299471759,1753299471,KXMLBGAME-25JUL23KCCHC-CHC,16,84,21,no
1753299472813,1753299472,KXMLBGAME-25JUL23KCCHC-KC,85,15,18,yes
1753299474395,1753299474,KXMLBGAME-25JUL23KCCHC-CHC,17,83,5,yes
1753299474515,1753299474,KXMLBGAME-25JUL23STLCOL-COL,44,56,187,yes
1753299475832,1753299475,KXMLBGAME-25JUL23KCCHC-KC,85,15,218,yes
1753299475832,1753299475,KXMLBGAME-25JUL23KCCHC-KC,85,15,6,yes
1753299475832,1753299475,KXMLBGAME-25JUL23KCCHC-KC,85,15,300,yes
1753299475832,1753299475,KXMLBGAME-25JUL23KCCHC-KC,85,15,2000,yes
1753299475832,1753299475,KXMLBGAME-25JUL23KCCHC-KC,86,14,750,yes
1753299475832,1753299475,KXMLBGAME-25JUL23KCCHC-KC,86,14,438,yes
1753299476212,1753299476,KXMLBGAME-25JUL23STLCOL-COL,44,56,22,yes
1753299481492,1753299481,KXMLBGAME-25JUL23STLCOL-STL,57,43,25,yes
1753299490252,1753299490,KXMLBGAME-25JUL23KCCHC-KC,85,15,4,yes
1753299490252,1753299490,KXMLBGAME-25JUL23KCCHC-KC,85,15,112,yes
1753299492153,1753299492,KXMLBGAME-25JUL23KCCHC-CHC,15,85,575,no
1753299492153,1753299492,KXMLBGAME-25JUL23KCCHC-CHC,15,85,3,no
1753299492153,1753299492,KXMLBGAME-25JUL23KCCHC-CHC,15,85,300,no
1753299492153,1753299492,KXMLBGAME-25JUL23KCCHC-CHC,11,89,240,no
1753299493375,1753299493,KXMLBGAME-25JUL23LAANYM-NYM,99,1,31,yes
1753299497172,1753299497,KXMLBGAME-25JUL23KCCHC-KC,87,13,2,yes
1753299497172,1753299497,KXMLBGAME-25JUL23KCCHC-KC,88,12,111,yes
1753299498013,1753299497,KXMLBGAME-25JUL23MILSEA-MIL,49,51,19,yes
1753299502093,1753299502,KXMLBGAME-25JUL23KCCHC-KC,85,15,84,yes
1753299507153,1753299507,KXMLBGAME-25JUL23HOUARI-HOU,45,55,4,yes
1753299507592,1753299507,KXMLBGAME-25JUL23MINLAD-MIN,35,65,13,yes
1753299507793,1753299507,KXMLBGAME-25JUL23KCCHC-KC,84,16,2,yes
1753299507793,1753299507,KXMLBGAME-25JUL23KCCHC-KC,85,15,57,yes
1753299509315,1753299509,KXMLBGAME-25JUL23KCCHC-KC,84,16,1,yes
1753299509315,1753299509,KXMLBGAME-25JUL23KCCHC-KC,84,16,64,yes
1753299509744,1753299509,KXMLBGAME-25JUL23KCCHC-CHC,16,84,125,yes
1753299509792,1753299509,KXMLBGAME-25JUL23KCCHC-CHC,16,84,268,yes
1753299509792,1753299509,KXMLBGAME-25JUL23KCCHC-CHC,16,84,637,yes
1753299511312,1753299511,KXMLBGAME-25JUL23KCCHC-KC,84,16,16,yes
1753299513333,1753299513,KXMLBGAME-25JUL23KCCHC-KC,84,16,9,yes
1753299513892,1753299513,KXMLBGAME-25JUL23KCCHC-KC,84,16,184,yes
1753299514870,1753299514,KXMLBGAME-25JUL23STLCOL-STL,50,50,22,yes
1753299516176,1753299516,KXMLBGAME-25JUL23KCCHC-KC,84,16,1,yes
1753299516176,1753299516,KXMLBGAME-25JUL23KCCHC-KC,85,15,138,yes
1753299516293,1753299516,KXMLBGAME-25JUL23MINLAD-LAD,67,33,291,yes
1753299519473,1753299519,KXMLBGAME-25JUL23BOSPHI-PHI,59,41,16,yes
1753299519815,1753299519,KXMLBGAME-25JUL23KCCHC-KC,84,16,1,yes
1753299519815,1753299519,KXMLBGAME-25JUL23KCCHC-KC,84,16,234,yes
1753299520153,1753299520,KXMLBGAME-25JUL23HOUARI-ARI,56,44,44,yes
1753299520712,1753299520,KXMLBGAME-25JUL23KCCHC-CHC,19,81,104,yes
1753299525573,1753299525,KXMLBGAME-25JUL23KCCHC-KC,83,17,304,no
1753299526276,1753299526,KXMLBGAME-25JUL23STLCOL-STL,50,50,38,yes
1753299527272,1753299527,KXMLBGAME-25JUL23KCCHC-KC,83,17,123,no
1753299528152,1753299528,KXMLBGAME-25JUL23KCCHC-KC,84,16,164,yes
1753299530293,1753299530,KXMLBGAME-25JUL23KCCHC-KC,84,16,36,yes
1753299530933,1753299530,KXMLBGAME-25JUL23STLCOL-COL,50,50,126,no
1753299531390,1753299531,KXMLBGAME-25JUL23KCCHC-CHC,18,82,304,no
1753299531390,1753299531,KXMLBGAME-25JUL23KCCHC-CHC,16,84,295,no
1753299531390,1753299531,KXMLBGAME-25JUL23KCCHC-CHC,16,84,1,no
1753299531390,1753299531,KXMLBGAME-25JUL23KCCHC-CHC,16,84,156,no
1753299531391,1753299531,KXMLBGAME-25JUL23MILSEA-SEA,52,48,110,yes
1753299532685,1753299532,KXMLBGAME-25JUL23STLCOL-STL,50,50,240,yes
1753299532685,1753299532,KXMLBGAME-25JUL23STLCOL-STL,51,49,87,yes
1753299532685,1753299532,KXMLBGAME-25JUL23STLCOL-STL,52,48,34,yes
1753299535935,1753299535,KXMLBGAME-25JUL23KCCHC-KC,83,17,43,no
1753299536334,1753299535,KXMLBGAME-25JUL23KCCHC-CHC,16,84,62,no
1753299538014,1753299537,KXMLBGAME-25JUL23KCCHC-KC,84,16,23,yes
1753299538635,1753299538,KXMLBGAME-25JUL23KCCHC-CHC,19,81,87,yes
1753299538635,1753299538,KXMLBGAME-25JUL23KCCHC-CHC,19,81,142,yes
1753299539713,1753299539,KXMLBGAME-25JUL23STLCOL-STL,51,49,75,yes
1753299541138,1753299541,KXMLBGAME-25JUL23STLCOL-STL,51,49,8,yes
1753299542831,1753299542,KXMLBGAME-25JUL23KCCHC-KC,84,16,117,yes
1753299543542,1753299542,KXMLBGAME-25JUL23KCCHC-CHC,16,84,27,no
1753299544634,1753299544,KXMLBGAME-25JUL23STLCOL-COL,51,49,9,yes
1753299546733,1753299546,KXMLBGAME-25JUL23KCCHC-KC,84,16,11,yes
1753299551431,1753299551,KXMLBGAME-25JUL23KCCHC-KC,84,16,105,yes
1753299551615,1753299551,KXMLBGAME-25JUL23MILSEA-SEA,52,48,91,yes
1753299551992,1753299551,KXMLBGAME-25JUL23HOUARI-HOU,45,55,2,yes
1753299554171,1753299554,KXMLBGAME-25JUL23KCCHC-KC,84,16,94,yes
1753299554331,1753299554,KXMLBGAME-25JUL23KCCHC-CHC,16,84,209,no
1753299555436,1753299555,KXMLBGAME-25JUL23STLCOL-STL,50,50,59,no
1753299555436,1753299555,KXMLBGAME-25JUL23STLCOL-STL,50,50,24,no
1753299556833,1753299556,KXMLBGAME-25JUL23KCCHC-CHC,19,81,158,yes
1753299556833,1753299556,KXMLBGAME-25JUL23KCCHC-CHC,19,81,200,yes
1753299556833,1753299556,KXMLBGAME-25JUL23KCCHC-CHC,19,81,130,yes
1753299562239,1753299562,KXMLBGAME-25JUL23STLCOL-STL,51,49,9,yes
1753299563454,1753299563,KXMLBGAME-25JUL23STLCOL-STL,51,49,191,yes
1753299566210,1753299566,KXMLBGAME-25JUL23KCCHC-KC,84,16,98,yes
1753299567796,1753299567,KXMLBGAME-25JUL23STLCOL-COL,50,50,78,yes
1753299570395,1753299570,KXMLBGAME-25JUL23MILSEA-SEA,52,48,949,yes
1753299570395,1753299570,KXMLBGAME-25JUL23MILSEA-SEA,52,48,3000,yes
1753299570395,1753299570,KXMLBGAME-25JUL23MILSEA-SEA,52,48,87,yes
1753299570395,1753299570,KXMLBGAME-25JUL23MILSEA-SEA,52,48,1700,yes
1753299570395,1753299570,KXMLBGAME-25JUL23MILSEA-SEA,52,48,3241,yes
1753299570395,1753299570,KXMLBGAME-25JUL23MILSEA-SEA,53,47,200,yes
1753299570395,1753299570,KXMLBGAME-25JUL23MILSEA-SEA,53,47,300,yes
1753299570395,1753299570,KXMLBGAME-25JUL23MILSEA-SEA,53,47,1330,yes
1753299570395,1753299570,KXMLBGAME-25JUL23MILSEA-SEA,53,47,4721,yes
1753299570395,1753299570,KXMLBGAME-25JUL23MILSEA-SEA,53,47,279,yes
1753299570395,1753299570,KXMLBGAME-25JUL23MILSEA-SEA,54,46,2000,yes
1753299570395,1753299570,KXMLBGAME-25JUL23MILSEA-SEA,54,46,200,yes
1753299570395,1753299570,KXMLBGAME-25JUL23MILSEA-SEA,54,46,300,yes
1753299570395,1753299570,KXMLBGAME-25JUL23MILSEA-SEA,54,46,76,yes
1753299570772,1753299570,KXMLBGAME-25JUL23KCCHC-KC,84,16,67,yes
1753299571775,1753299571,KXMLBGAME-25JUL23HOUARI-HOU,45,55,7,yes
1753299572019,1753299571,KXMLBGAME-25JUL23STLCOL-STL,50,50,77,no
1753299574834,1753299574,KXMLBGAME-25JUL23ATHTEX-ATH,45,55,64,yes
1753299575654,1753299575,KXMLBGAME-25JUL23STLCOL-COL,73,27,100,yes
1753299575655,1753299575,KXMLBGAME-25JUL23STLCOL-COL,75,25,100,yes
1753299575655,1753299575,KXMLBGAME-25JUL23STLCOL-COL,79,21,1,yes
1753299575655,1753299575,KXMLBGAME-25JUL23STLCOL-COL,80,20,100,yes
1753299575655,1753299575,KXMLBGAME-25JUL23STLCOL-COL,82,18,1,yes
1753299575655,1753299575,KXMLBGAME-25JUL23STLCOL-COL,84,16,100,yes
1753299575655,1753299575,KXMLBGAME-25JUL23STLCOL-COL,84,16,44,yes
1753299575655,1753299575,KXMLBGAME-25JUL23STLCOL-COL,85,15,244,yes
1753299575655,1753299575,KXMLBGAME-25JUL23STLCOL-COL,86,14,285,yes
1753299575655,1753299575,KXMLBGAME-25JUL23STLCOL-COL,87,13,92,yes
1753299575655,1753299575,KXMLBGAME-25JUL23STLCOL-COL,87,13,699,yes
1753299575655,1753299575,KXMLBGAME-25JUL23STLCOL-COL,88,12,748,yes
1753299576234,1753299576,KXMLBGAME-25JUL23MILSEA-MIL,48,52,200,no
1753299576330,1753299576,KXMLBGAME-25JUL23MILSEA-SEA,52,48,328,yes
1753299578865,1753299578,KXMLBGAME-25JUL23LAANYM-NYM,98,2,7,no
1753299585014,1753299584,KXMLBGAME-25JUL23KCCHC-CHC,16,84,7,no
1753299585175,1753299585,KXMLBGAME-25JUL23STLCOL-COL,55,45,10,no
1753299585175,1753299585,KXMLBGAME-25JUL23STLCOL-STL,51,49,10,no
1753299587294,1753299587,KXMLBGAME-25JUL23KCCHC-KC,83,17,30,no
1753299587294,1753299587,KXMLBGAME-25JUL23KCCHC-KC,81,19,54,no
1753299591833,1753299591,KXMLBGAME-25JUL23MILSEA-SEA,52,48,2672,yes
1753299591833,1753299591,KXMLBGAME-25JUL23MILSEA-SEA,53,47,65,yes
1753299591833,1753299591,KXMLBGAME-25JUL23MILSEA-SEA,53,47,525,yes
1753299596144,1753299595,KXMLBGAME-25JUL23KCCHC-KC,83,17,234,yes
1753299596144,1753299595,KXMLBGAME-25JUL23KCCHC-KC,83,17,200,yes
1753299596144,1753299595,KXMLBGAME-25JUL23KCCHC-KC,84,16,4051,yes
1753299596144,1753299595,KXMLBGAME-25JUL23KCCHC-KC,84,16,234,yes
1753299596144,1753299595,KXMLBGAME-25JUL23KCCHC-KC,84,16,300,yes
1753299596144,1753299595,KXMLBGAME-25JUL23KCCHC-KC,84,16,200,yes
1753299596144,1753299595,KXMLBGAME-25JUL23KCCHC-KC,84,16,22,yes
1753299596144,1753299595,KXMLBGAME-25JUL23KCCHC-KC,84,16,23,yes
1753299596144,1753299595,KXMLBGAME-25JUL23KCCHC-KC,84,16,117,yes
1753299596144,1753299595,KXMLBGAME-25JUL23KCCHC-KC,84,16,11,yes
1753299596144,1753299595,KXMLBGAME-25JUL23KCCHC-KC,84,16,199,yes
1753299596144,1753299595,KXMLBGAME-25JUL23KCCHC-KC,84,16,98,yes
1753299596144,1753299595,KXMLBGAME-25JUL23KCCHC-KC,84,16,67,yes
1753299596144,1753299595,KXMLBGAME-25JUL23KCCHC-KC,85,15,321,yes
1753299596144,1753299595,KXMLBGAME-25JUL23KCCHC-KC,85,15,600,yes
1753299596144,1753299595,KXMLBGAME-25JUL23KCCHC-KC,85,15,2000,yes
1753299596144,1753299595,KXMLBGAME-25JUL23KCCHC-KC,85,15,100,yes
1753299596144,1753299595,KXMLBGAME-25JUL23KCCHC-KC,85,15,200,yes
1753299596144,1753299595,KXMLBGAME-25JUL23KCCHC-KC,85,15,300,yes
1753299596144,1753299595,KXMLBGAME-25JUL23KCCHC-KC,86,14,750,yes
1753299596144,1753299595,KXMLBGAME-25JUL23KCCHC-KC,86,14,200,yes
1753299596144,1753299595,KXMLBGAME-25JUL23KCCHC-KC,86,14,300,yes
1753299596144,1753299595,KXMLBGAME-25JUL23KCCHC-KC,89,11,300,yes
1753299596144,1753299595,KXMLBGAME-25JUL23KCCHC-KC,90,10,40,yes
1753299596144,1753299595,KXMLBGAME-25JUL23KCCHC-KC,93,7,1,yes
1753299596144,1753299595,KXMLBGAME-25JUL23KCCHC-KC,93,7,1266,yes
1753299597251,1753299597,KXMLBGAME-25JUL23KCCHC-CHC,18,82,15,yes
1753299598472,1753299598,KXMLBGAME-25JUL23STLCOL-COL,58,42,31,yes
1753299598472,1753299598,KXMLBGAME-25JUL23STLCOL-COL,59,41,292,yes
1753299598835,1753299598,KXMLBGAME-25JUL23LAANYM-LAA,2,98,46,yes
1753299602113,1753299602,KXMLBGAME-25JUL23HOUARI-HOU,45,55,492,yes
1753299603512,1753299603,KXMLBGAME-25JUL23KCCHC-CHC,16,84,17,no
1753299603512,1753299603,KXMLBGAME-25JUL23KCCHC-CHC,16,84,15,no
1753299605976,1753299605,KXMLBGAME-25JUL23STLCOL-STL,43,57,4,yes
1753299605992,1753299605,KXMLBGAME-25JUL23STLCOL-STL,43,57,296,yes
1753299605992,1753299605,KXMLBGAME-25JUL23STLCOL-STL,44,56,87,yes
1753299605992,1753299605,KXMLBGAME-25JUL23STLCOL-STL,45,55,166,yes
1753299607951,1753299607,KXMLBGAME-25JUL23MILSEA-MIL,48,52,39,yes
1753299608853,1753299608,KXMLBGAME-25JUL23STLCOL-COL,59,41,200,yes
1753299608853,1753299608,KXMLBGAME-25JUL23STLCOL-COL,59,41,35,yes
1753299611313,1753299611,KXMLBGAME-25JUL23BALCLE-CLE,55,45,52,yes
1753299614213,1753299614,KXMLBGAME-25JUL23HOUARI-ARI,56,44,16,yes
1753299617060,1753299616,KXMLBGAME-25JUL23KCCHC-KC,84,16,12,yes
1753299617060,1753299616,KXMLBGAME-25JUL23KCCHC-KC,84,16,105,yes
1753299617060,1753299616,KXMLBGAME-25JUL23STLCOL-STL,41,59,9,no
1753299617533,1753299617,KXMLBGAME-25JUL23KCCHC-CHC,17,83,27,yes
1753299620547,1753299620,KXMLBGAME-25JUL23MILSEA-MIL,48,52,50,yes
1753299620653,1753299620,KXMLBGAME-25JUL23KCCHC-KC,84,16,25,yes
1753299620952,1753299620,KXMLBGAME-25JUL23STLCOL-STL,42,58,1,yes
1753299621214,1753299621,KXMLBGAME-25JUL23KCCHC-KC,84,16,88,yes
1753299622931,1753299622,KXMLBGAME-25JUL23STLCOL-STL,42,58,1,yes
1753299640352,1753299640,KXMLBGAME-25JUL23HOUARI-ARI,55,45,38,yes
1753299641848,1753299641,KXMLBGAME-25JUL23LAANYM-LAA,1,99,28,no
1753299646012,1753299645,KXMLBGAME-25JUL23KCCHC-CHC,17,83,111,yes
1753299647214,1753299647,KXMLBGAME-25JUL23HOUARI-ARI,56,44,1,yes
1753299647974,1753299647,KXMLBGAME-25JUL23STLCOL-STL,51,49,10,yes
1753299649132,1753299649,KXMLBGAME-25JUL23STLCOL-COL,76,24,41,yes
1753299649212,1753299649,KXMLBGAME-25JUL23STLCOL-STL,31,69,41,no
1753299649833,1753299649,KXMLBGAME-25JUL23MILSEA-MIL,49,51,87,yes
1753299649833,1753299649,KXMLBGAME-25JUL23MILSEA-MIL,49,51,1,yes
1753299650796,1753299650,KXMLBGAME-25JUL23HOUARI-ARI,56,44,83,yes
1753299652212,1753299652,KXMLBGAME-25JUL23STLCOL-STL,34,66,27,yes
1753299654534,1753299654,KXMLBGAME-25JUL23STLCOL-STL,34,66,1,yes
1753299655322,1753299655,KXMLBGAME-25JUL23STLCOL-STL,34,66,1,yes
1753299656454,1753299656,KXMLBGAME-25JUL23STLCOL-STL,34,66,1,yes
1753299657252,1753299657,KXMLBGAME-25JUL23HOUARI-HOU,45,55,2353,yes
1753299657832,1753299657,KXMLBGAME-25JUL23HOUARI-HOU,45,55,6,yes
1753299658213,1753299658,KXMLBGAME-25JUL23BOSPHI-BOS,42,58,57,yes
1753299663553,1753299663,KXMLBGAME-25JUL23KCCHC-CHC,15,85,6,yes
1753299663751,1753299663,KXMLBGAME-25JUL23KCCHC-KC,87,13,17,yes
1753299664574,1753299664,KXMLBGAME-25JUL23STLCOL-COL,69,31,24,yes
1753299665977,1753299665,KXMLBGAME-25JUL23STLCOL-STL,34,66,10,yes
1753299666712,1753299666,KXMLBGAME-25JUL23MILSEA-MIL,49,51,399,yes
1753299666712,1753299666,KXMLBGAME-25JUL23MILSEA-MIL,49,51,567,yes
1753299669975,1753299669,KXMLBGAME-25JUL23STLCOL-COL,69,31,70,yes
1753299672013,1753299671,KXMLBGAME-25JUL23STLCOL-COL,69,31,14,yes
1753299672693,1753299672,KXMLBGAME-25JUL23KCCHC-CHC,15,85,50,yes
1753299674513,1753299674,KXMLBGAME-25JUL23HOUARI-HOU,45,55,81,yes
1753299674513,1753299674,KXMLBGAME-25JUL23HOUARI-HOU,45,55,6,yes
1753299674513,1753299674,KXMLBGAME-25JUL23HOUARI-HOU,45,55,17,yes
1753299675933,1753299675,KXMLBGAME-25JUL23STLCOL-STL,34,66,28,yes
1753299684202,1753299684,KXMLBGAME-25JUL23KCCHC-KC,85,15,50,no
1753299684304,1753299684,KXMLBGAME-25JUL23KCCHC-KC,87,13,56,yes
1753299685935,1753299685,KXMLBGAME-25JUL23STLCOL-COL,69,31,141,yes
1753299686792,1753299686,KXMLBGAME-25JUL23LAANYM-LAA,2,98,3,yes
1753299686792,1753299686,KXMLBGAME-25JUL23LAANYM-LAA,2,98,230,yes
1753299688393,1753299688,KXMLBGAME-25JUL23STLCOL-COL,68,32,28,yes
1753299691505,1753299691,KXMLBGAME-25JUL23STLCOL-STL,32,68,100,no
1753299694410,1753299694,KXMLBGAME-25JUL23KCCHC-KC,86,14,23,yes
1753299694891,1753299694,KXMLBGAME-25JUL23MILSEA-MIL,49,51,33,yes
1753299694891,1753299694,KXMLBGAME-25JUL23MILSEA-MIL,49,51,6,yes
1753299695456,1753299695,KXMLBGAME-25JUL23STLCOL-STL,34,66,56,yes
1753299696911,1753299696,KXMLBGAME-25JUL23MILSEA-MIL,49,51,98,yes
1753299696912,1753299696,KXMLBGAME-25JUL23STLCOL-STL,34,66,1,yes
1753299699754,1753299699,KXMLBGAME-25JUL23STLCOL-STL,34,66,1,yes
1753299702490,1753299702,KXMLBGAME-25JUL23STLCOL-STL,34,66,28,yes
1753299706732,1753299706,KXMLBGAME-25JUL23MINLAD-MIN,35,65,109,yes
1753299708414,1753299708,KXMLBGAME-25JUL23HOUARI-HOU,45,55,213,yes
1753299710252,1753299710,KXMLBGAME-25JUL23KCCHC-KC,87,13,9,yes
1753299710252,1753299710,KXMLBGAME-25JUL23KCCHC-KC,87,13,2,yes
1753299719112,1753299719,KXMLBGAME-25JUL23STLCOL-COL,67,33,28,yes
1753299720631,1753299720,KXMLBGAME-25JUL23LAANYM-LAA,1,99,45,no
1753299726332,1753299726,KXMLBGAME-25JUL23LAANYM-LAA,1,99,38,no
1753299727660,1753299726,KXMLBGAME-25JUL23HOUARI-HOU,46,54,87,yes
1753299727660,1753299726,KXMLBGAME-25JUL23HOUARI-HOU,46,54,3000,yes
1753299727660,1753299726,KXMLBGAME-25JUL23HOUARI-HOU,46,54,5000,yes
1753299727735,1753299727,KXMLBGAME-25JUL23HOUARI-HOU,47,53,200,yes
1753299727735,1753299727,KXMLBGAME-25JUL23HOUARI-HOU,47,53,300,yes
1753299727917,1753299727,KXMLBGAME-25JUL23HOUARI-ARI,55,45,200,no
1753299728611,1753299727,KXMLBGAME-25JUL23STLCOL-STL,34,66,271,yes
1753299728611,1753299727,KXMLBGAME-25JUL23STLCOL-STL,34,66,188,yes
1753299728611,1753299727,KXMLBGAME-25JUL23STLCOL-STL,35,65,100,yes
1753299733811,1753299733,KXMLBGAME-25JUL23MILSEA-MIL,48,52,5,no
1753299735152,1753299735,KXMLBGAME-25JUL23STLCOL-COL,50,50,1,no
1753299735152,1753299735,KXMLBGAME-25JUL23STLCOL-STL,70,30,1,no
1753299735351,1753299735,KXMLBGAME-25JUL23STLCOL-COL,50,50,1,no
1753299735673,1753299735,KXMLBGAME-25JUL23KCCHC-CHC,13,87,28,no
1753299735772,1753299735,KXMLBGAME-25JUL23STLCOL-COL,89,11,22,yes
1753299735873,1753299735,KXMLBGAME-25JUL23STLCOL-STL,23,77,22,no
1753299736251,1753299736,KXMLBGAME-25JUL23STLCOL-COL,90,10,34,yes
1753299737192,1753299737,KXMLBGAME-25JUL23HOUARI-ARI,50,50,500,no
1753299737192,1753299737,KXMLBGAME-25JUL23HOUARI-ARI,50,50,87,no
1753299737192,1753299737,KXMLBGAME-25JUL23HOUARI-ARI,48,52,1985,no
1753299737317,1753299737,KXMLBGAME-25JUL23HOUARI-HOU,50,50,38,yes
1753299737317,1753299737,KXMLBGAME-25JUL23HOUARI-HOU,50,50,200,yes
1753299737317,1753299737,KXMLBGAME-25JUL23HOUARI-HOU,50,50,300,yes
1753299737317,1753299737,KXMLBGAME-25JUL23HOUARI-HOU,50,50,500,yes
1753299737317,1753299737,KXMLBGAME-25JUL23HOUARI-HOU,50,50,87,yes
1753299737317,1753299737,KXMLBGAME-25JUL23HOUARI-HOU,51,49,200,yes
1753299737317,1753299737,KXMLBGAME-25JUL23HOUARI-HOU,51,49,300,yes
1753299737317,1753299737,KXMLBGAME-25JUL23HOUARI-HOU,51,49,600,yes
1753299737317,1753299737,KXMLBGAME-25JUL23HOUARI-HOU,51,49,500,yes
1753299737317,1753299737,KXMLBGAME-25JUL23HOUARI-HOU,51,49,2275,yes
1753299737612,1753299737,KXMLBGAME-25JUL23STLCOL-COL,50,50,1,no
1753299737612,1753299737,KXMLBGAME-25JUL23STLCOL-STL,67,33,1,no
1753299739252,1753299739,KXMLBGAME-25JUL23STLCOL-COL,89,11,55,yes
1753299739392,1753299739,KXMLBGAME-25JUL23STLCOL-STL,30,70,34,no
1753299739392,1753299739,KXMLBGAME-25JUL23STLCOL-STL,23,77,8,no
1753299739392,1753299739,KXMLBGAME-25JUL23STLCOL-STL,21,79,1,no
1753299739392,1753299739,KXMLBGAME-25JUL23STLCOL-STL,18,82,1,no
1753299739392,1753299739,KXMLBGAME-25JUL23STLCOL-STL,17,83,11,no
1753299740071,1753299740,KXMLBGAME-25JUL23STLCOL-STL,69,31,85,yes
1753299740151,1753299740,KXMLBGAME-25JUL23STLCOL-COL,51,49,85,no
1753299740214,1753299740,KXMLBGAME-25JUL23STLCOL-STL,67,33,1,no
1753299740236,1753299740,KXMLBGAME-25JUL23STLCOL-COL,51,49,1,no
1753299740237,1753299740,KXMLBGAME-25JUL23STLCOL-COL,51,49,1,no
1753299746313,1753299746,KXMLBGAME-25JUL23MILSEA-MIL,48,52,100,yes
1753299750025,1753299749,KXMLBGAME-25JUL23LAANYM-NYM,99,1,50,yes
1753299750570,1753299750,KXMLBGAME-25JUL23HOUARI-ARI,50,50,411,no
1753299754291,1753299754,KXMLBGAME-25JUL23KCCHC-CHC,11,89,8,no
1753299754715,1753299754,KXMLBGAME-25JUL23KCCHC-KC,89,11,55,yes
1753299755990,1753299755,KXMLBGAME-25JUL23KCCHC-CHC,11,89,7,no
1753299758412,1753299758,KXMLBGAME-25JUL23KCCHC-CHC,11,89,252,no
1753299759633,1753299759,KXMLBGAME-25JUL23MINLAD-LAD,67,33,218,yes
1753299763353,1753299763,KXMLBGAME-25JUL23STLCOL-COL,77,23,127,yes
1753299765068,1753299764,KXMLBGAME-25JUL23STLCOL-STL,25,75,87,yes
1753299765068,1753299764,KXMLBGAME-25JUL23STLCOL-STL,25,75,293,yes
1753299765873,1753299765,KXMLBGAME-25JUL23MILSEA-MIL,47,53,5,no
1753299767255,1753299767,KXMLBGAME-25JUL23KCCHC-KC,89,11,94,yes
1753299768430,1753299768,KXMLBGAME-25JUL23KCCHC-KC,89,11,55,yes
1753299768752,1753299768,KXMLBGAME-25JUL23HOUARI-HOU,50,50,87,no
1753299768752,1753299768,KXMLBGAME-25JUL23HOUARI-ARI,50,50,87,yes
1753299772211,1753299772,KXMLBGAME-25JUL23STLCOL-STL,22,78,12,no
1753299773053,1753299773,KXMLBGAME-25JUL23KCCHC-CHC,13,87,2,yes
1753299773841,1753299773,KXMLBGAME-25JUL23STLCOL-STL,22,78,288,no
1753299773841,1753299773,KXMLBGAME-25JUL23STLCOL-STL,22,78,65,no
1753299773841,1753299773,KXMLBGAME-25JUL23STLCOL-STL,22,78,84,no
1753299775992,1753299775,KXMLBGAME-25JUL23STLCOL-STL,22,78,77,no
1753299776850,1753299776,KXMLBGAME-25JUL23HOUARI-HOU,49,51,73,no
1753299776952,1753299776,KXMLBGAME-25JUL23HOUARI-ARI,51,49,600,yes
1753299776952,1753299776,KXMLBGAME-25JUL23HOUARI-ARI,51,49,900,yes
1753299776952,1753299776,KXMLBGAME-25JUL23HOUARI-ARI,51,49,73,yes
1753299779603,1753299779,KXMLBGAME-25JUL23HOUARI-HOU,49,51,28,yes
1753299780601,1753299780,KXMLBGAME-25JUL23KCCHC-KC,87,13,1,no
1753299780951,1753299780,KXMLBGAME-25JUL23HOUARI-HOU,49,51,547,yes
1753299783534,1753299783,KXMLBGAME-25JUL23STLCOL-COL,78,22,49,yes
1753299783534,1753299783,KXMLBGAME-25JUL23STLCOL-COL,78,22,77,yes
1753299785133,1753299785,KXMLBGAME-25JUL23KCCHC-KC,89,11,55,yes
1753299786393,1753299786,KXMLBGAME-25JUL23KCCHC-KC,89,11,16,yes
1753299786848,1753299786,KXMLBGAME-25JUL23MILSEA-MIL,47,53,1,yes
1753299788154,1753299788,KXMLBGAME-25JUL23STLCOL-COL,78,22,101,yes
1753299790854,1753299790,KXMLBGAME-25JUL23MINLAD-MIN,35,65,100,yes
1753299794936,1753299794,KXMLBGAME-25JUL23STLCOL-STL,22,78,291,no
1753299795172,1753299795,KXMLBGAME-25JUL23STLCOL-STL,25,75,1,yes
1753299796893,1753299796,KXMLBGAME-25JUL23HOUARI-HOU,50,50,176,yes
1753299796992,1753299796,KXMLBGAME-25JUL23STLCOL-COL,78,22,15,yes
1753299797734,1753299797,KXMLBGAME-25JUL23LAANYM-LAA,2,98,233,yes
1753299798411,1753299798,KXMLBGAME-25JUL23STLCOL-COL,78,22,126,yes
1753299798633,1753299798,KXMLBGAME-25JUL23KCCHC-CHC,12,88,1,yes
1753299801452,1753299801,KXMLBGAME-25JUL23KCCHC-KC,90,10,11,yes
1753299805732,1753299805,KXMLBGAME-25JUL23HOUARI-HOU,50,50,193,yes
1753299805932,1753299805,KXMLBGAME-25JUL23STLCOL-STL,24,76,1,yes
1753299807174,1753299807,KXMLBGAME-25JUL23KCCHC-KC,87,13,29,no
1753299807174,1753299807,KXMLBGAME-25JUL23KCCHC-KC,87,13,31,no
1753299808772,1753299808,KXMLBGAME-25JUL23STLCOL-COL,77,23,63,yes
1753299808873,1753299808,KXMLBGAME-25JUL23STLCOL-COL,77,23,537,yes
1753299808873,1753299808,KXMLBGAME-25JUL23STLCOL-COL,77,23,229,yes
1753299810511,1753299809,KXMLBGAME-25JUL23STLCOL-COL,77,23,271,yes
1753299810511,1753299809,KXMLBGAME-25JUL23STLCOL-COL,78,22,363,yes
1753299811231,1753299810,KXMLBGAME-25JUL23NYYTOR-NYY,57,43,10,yes
1753299811231,1753299810,KXMLBGAME-25JUL23NYYTOR-NYY,57,43,7,yes
1753299811332,1753299811,KXMLBGAME-25JUL23KCCHC-CHC,10,90,7,no
1753299811332,1753299811,KXMLBGAME-25JUL23KCCHC-CHC,10,90,21,no
1753299813230,1753299813,KXMLBGAME-25JUL23MILSEA-MIL,46,54,10,no
1753299813715,1753299813,KXMLBGAME-25JUL23HOUARI-ARI,52,48,1860,yes
1753299814733,1753299814,KXMLBGAME-25JUL23STLCOL-STL,23,77,15,no
1753299815334,1753299815,KXMLBGAME-25JUL23KCCHC-CHC,11,89,209,yes
1753299817610,1753299817,KXMLBGAME-25JUL23STLCOL-STL,24,76,86,yes
1753299817610,1753299817,KXMLBGAME-25JUL23STLCOL-STL,24,76,1,yes
1753299820635,1753299820,KXMLBGAME-25JUL23HOUARI-HOU,50,50,1670,yes
1753299822174,1753299821,KXMLBGAME-25JUL23KCCHC-KC,91,9,121,yes
1753299822175,1753299821,KXMLBGAME-25JUL23STLCOL-STL,25,75,300,yes
1753299822175,1753299821,KXMLBGAME-25JUL23STLCOL-STL,25,75,80,yes
1753299822932,1753299822,KXMLBGAME-25JUL23STLCOL-STL,24,76,13,no
1753299826092,1753299826,KXMLBGAME-25JUL23KCCHC-CHC,11,89,240,yes
1753299827833,1753299827,KXMLBGAME-25JUL23MINLAD-MIN,35,65,138,yes
1753299829274,1753299829,KXMLBGAME-25JUL23KCCHC-CHC,11,89,240,yes
1753299831595,1753299831,KXMLBGAME-25JUL23STLCOL-STL,23,77,7,no
1753299831996,1753299831,KXMLBGAME-25JUL23MILSEA-SEA,55,45,8,yes
1753299834822,1753299834,KXMLBGAME-25JUL23HOUARI-HOU,50,50,19,yes
1753299834975,1753299834,KXMLBGAME-25JUL23KCCHC-KC,91,9,12,yes
1753299836734,1753299836,KXMLBGAME-25JUL23LAANYM-NYM,99,1,108,yes
1753299840513,1753299840,KXMLBGAME-25JUL23KCCHC-KC,91,9,41,yes
1753299840514,1753299840,KXMLBGAME-25JUL23HOUARI-ARI,52,48,2180,yes
1753299841975,1753299841,KXMLBGAME-25JUL23KCCHC-KC,89,11,87,no
1753299841975,1753299841,KXMLBGAME-25JUL23KCCHC-KC,88,12,52,no
1753299842132,1753299842,KXMLBGAME-25JUL23LAANYM-LAA,2,98,287,yes
1753299842132,1753299842,KXMLBGAME-25JUL23LAANYM-LAA,2,98,64,yes
1753299842132,1753299842,KXMLBGAME-25JUL23LAANYM-LAA,3,97,108,yes
1753299842233,1753299842,KXMLBGAME-25JUL23STLCOL-STL,24,76,220,yes
1753299842693,1753299842,KXMLBGAME-25JUL23KCCHC-KC,91,9,300,yes
1753299842693,1753299842,KXMLBGAME-25JUL23KCCHC-KC,91,9,200,yes
1753299842693,1753299842,KXMLBGAME-25JUL23KCCHC-KC,91,9,46,yes
1753299846354,1753299846,KXMLBGAME-25JUL23KCCHC-KC,88,12,14,no
1753299847272,1753299847,KXMLBGAME-25JUL23MILSEA-SEA,55,45,63,yes
1753299847272,1753299847,KXMLBGAME-25JUL23MILSEA-SEA,55,45,465,yes
1753299851252,1753299851,KXMLBGAME-25JUL23LAANYM-LAA,1,99,532,no
1753299852384,1753299852,KXMLBGAME-25JUL23HOUARI-ARI,50,50,173,yes
1753299853708,1753299853,KXMLBGAME-25JUL23KCCHC-KC,91,9,109,yes
1753299857734,1753299857,KXMLBGAME-25JUL23MILSEA-MIL,47,53,24,yes
1753299863434,1753299863,KXMLBGAME-25JUL23STLCOL-STL,17,83,75,no
1753299870053,1753299869,KXMLBGAME-25JUL23STLCOL-STL,18,82,12,yes
1753299870252,1753299870,KXMLBGAME-25JUL23MILSEA-MIL,46,54,2,yes
1753299872852,1753299872,KXMLBGAME-25JUL23STLCOL-STL,18,82,288,yes
1753299872852,1753299872,KXMLBGAME-25JUL23STLCOL-STL,18,82,87,yes
1753299873033,1753299872,KXMLBGAME-25JUL23STLCOL-STL,18,82,25,no
1753299873253,1753299873,KXMLBGAME-25JUL23STLCOL-COL,83,17,119,yes
1753299874873,1753299874,KXMLBGAME-25JUL23KCCHC-CHC,9,91,104,no
1753299875291,1753299875,KXMLBGAME-25JUL23KCCHC-KC,91,9,186,yes
1753299875992,1753299875,KXMLBGAME-25JUL23MILSEA-MIL,45,55,53,yes
1753299876213,1753299876,KXMLBGAME-25JUL23MILSEA-MIL,45,55,110,yes
1753299876850,1753299876,KXMLBGAME-25JUL23STLCOL-STL,18,82,262,yes
1753299877072,1753299877,KXMLBGAME-25JUL23STLCOL-COL,83,17,250,yes
1753299877292,1753299877,KXMLBGAME-25JUL23STLCOL-COL,83,17,23,yes
1753299880792,1753299880,KXMLBGAME-25JUL23LAANYM-NYM,99,1,50,yes
1753299881652,1753299881,KXMLBGAME-25JUL23KCCHC-KC,92,8,300,yes
1753299881652,1753299881,KXMLBGAME-25JUL23KCCHC-KC,92,8,187,yes
1753299881753,1753299881,KXMLBGAME-25JUL23STLCOL-STL,18,82,13,yes
1753299881753,1753299881,KXMLBGAME-25JUL23STLCOL-STL,19,81,37,yes
1753299883792,1753299883,KXMLBGAME-25JUL23STLCOL-STL,17,83,14,no
1753299883792,1753299883,KXMLBGAME-25JUL23STLCOL-STL,17,83,62,no
1753299884233,1753299884,KXMLBGAME-25JUL23LAANYM-NYM,98,2,5,no
1753299884233,1753299884,KXMLBGAME-25JUL23LAANYM-NYM,98,2,88,no
1753299885311,1753299885,KXMLBGAME-25JUL23LAANYM-LAA,3,97,22,yes
1753299888033,1753299887,KXMLBGAME-25JUL23KCCHC-CHC,11,89,100,yes
1753299888194,1753299888,KXMLBGAME-25JUL23STLCOL-COL,83,17,600,yes
1753299888195,1753299888,KXMLBGAME-25JUL23STLCOL-COL,83,17,500,yes
1753299888195,1753299888,KXMLBGAME-25JUL23STLCOL-COL,84,16,701,yes
1753299888941,1753299888,KXMLBGAME-25JUL23MINLAD-LAD,67,33,106,yes
1753299889531,1753299889,KXMLBGAME-25JUL23KCCHC-KC,91,9,166,yes
1753299889573,1753299889,KXMLBGAME-25JUL23HOUARI-HOU,51,49,187,yes
1753299894113,1753299894,KXMLBGAME-25JUL23KCCHC-KC,89,11,87,no
1753299894113,1753299894,KXMLBGAME-25JUL23KCCHC-KC,89,11,55,no
1753299895698,1753299895,KXMLBGAME-25JUL23KCCHC-CHC,8,92,13,no
1753299895698,1753299895,KXMLBGAME-25JUL23KCCHC-CHC,8,92,2,no
1753299895791,1753299895,KXMLBGAME-25JUL23STLCOL-STL,17,83,116,no
1753299896516,1753299896,KXMLBGAME-25JUL23STLCOL-COL,84,16,49,yes
1753299896516,1753299896,KXMLBGAME-25JUL23STLCOL-COL,84,16,87,yes
1753299896516,1753299896,KXMLBGAME-25JUL23STLCOL-COL,84,16,29,yes
1753299898100,1753299898,KXMLBGAME-25JUL23STLCOL-COL,84,16,235,yes
1753299898321,1753299898,KXMLBGAME-25JUL23STLCOL-COL,84,16,6,yes
1753299899552,1753299899,KXMLBGAME-25JUL23KCCHC-CHC,10,90,18,yes
1753299899971,1753299899,KXMLBGAME-25JUL23STLCOL-COL,82,18,1,no
1753299900504,1753299900,KXMLBGAME-25JUL23HOUARI-HOU,52,48,18,yes
1753299901192,1753299901,KXMLBGAME-25JUL23LAANYM-NYM,98,2,39,yes
1753299902149,1753299901,KXMLBGAME-25JUL23BALCLE-CLE,55,45,1762,yes
1753299902713,1753299902,KXMLBGAME-25JUL23STLCOL-COL,82,18,128,no
1753299902991,1753299902,KXMLBGAME-25JUL23HOUARI-ARI,48,52,300,no
1753299905911,1753299905,KXMLBGAME-25JUL23BALCLE-CLE,55,45,8,yes
1753299907093,1753299906,KXMLBGAME-25JUL23HOUARI-HOU,52,48,46,yes
1753299910410,1753299910,KXMLBGAME-25JUL23HOUARI-ARI,50,50,676,yes
1753299913632,1753299912,KXMLBGAME-25JUL23MILSEA-MIL,46,54,209,yes
1753299914034,1753299913,KXMLBGAME-25JUL23LAANYM-NYM,97,3,130,no
1753299914934,1753299914,KXMLBGAME-25JUL23LAANYM-NYM,96,4,5,yes
1753299914934,1753299914,KXMLBGAME-25JUL23LAANYM-LAA,3,97,5,yes
1753299914934,1753299914,KXMLBGAME-25JUL23LAANYM-NYM,96,4,5,yes
1753299914934,1753299914,KXMLBGAME-25JUL23LAANYM-LAA,3,97,5,yes
1753299914934,1753299914,KXMLBGAME-25JUL23LAANYM-LAA,3,97,5,yes
1753299914934,1753299914,KXMLBGAME-25JUL23LAANYM-NYM,96,4,5,yes
1753299915312,1753299915,KXMLBGAME-25JUL23STLCOL-COL,84,16,32,yes
1753299915638,1753299915,KXMLBGAME-25JUL23NYYTOR-TOR,45,55,769,yes
1753299915638,1753299915,KXMLBGAME-25JUL23NYYTOR-TOR,45,55,43,yes
1753299915638,1753299915,KXMLBGAME-25JUL23NYYTOR-TOR,45,55,1,yes
1753299915638,1753299915,KXMLBGAME-25JUL23NYYTOR-TOR,45,55,17,yes
1753299915638,1753299915,KXMLBGAME-25JUL23NYYTOR-TOR,45,55,8,yes
1753299915638,1753299915,KXMLBGAME-25JUL23NYYTOR-TOR,45,55,85,yes
1753299915638,1753299915,KXMLBGAME-25JUL23NYYTOR-TOR,45,55,1,yes
1753299915638,1753299915,KXMLBGAME-25JUL23NYYTOR-TOR,45,55,5,yes
1753299915638,1753299915,KXMLBGAME-25JUL23NYYTOR-TOR,45,55,112,yes
1753299915638,1753299915,KXMLBGAME-25JUL23NYYTOR-TOR,45,55,182,yes
1753299915638,1753299915,KXMLBGAME-25JUL23NYYTOR-TOR,45,55,17,yes
1753299915638,1753299915,KXMLBGAME-25JUL23NYYTOR-TOR,45,55,17,yes
1753299915638,1753299915,KXMLBGAME-25JUL23NYYTOR-TOR,45,55,22,yes
1753299915638,1753299915,KXMLBGAME-25JUL23NYYTOR-TOR,45,55,10,yes
1753299915638,1753299915,KXMLBGAME-25JUL23NYYTOR-TOR,45,55,42,yes
1753299915638,1753299915,KXMLBGAME-25JUL23NYYTOR-TOR,45,55,5,yes
1753299915638,1753299915,KXMLBGAME-25JUL23NYYTOR-TOR,45,55,1,yes
1753299915638,1753299915,KXMLBGAME-25JUL23NYYTOR-TOR,45,55,76,yes
1753299915638,1753299915,KXMLBGAME-25JUL23NYYTOR-TOR,45,55,33,yes
1753299915638,1753299915,KXMLBGAME-25JUL23NYYTOR-TOR,45,55,51,yes
1753299915638,1753299915,KXMLBGAME-25JUL23NYYTOR-TOR,45,55,39,yes
1753299915638,1753299915,KXMLBGAME-25JUL23NYYTOR-TOR,45,55,6,yes
1753299915638,1753299915,KXMLBGAME-25JUL23NYYTOR-TOR,45,55,1,yes
1753299915638,1753299915,KXMLBGAME-25JUL23NYYTOR-TOR,45,55,168,yes
1753299919017,1753299918,KXMLBGAME-25JUL23HOUARI-HOU,50,50,193,yes
1753299919419,1753299919,KXMLBGAME-25JUL23HOUARI-HOU,50,50,96,yes
1753299922431,1753299921,KXMLBGAME-25JUL23MILSEA-MIL,46,54,3,yes
1753299923138,1753299923,KXMLBGAME-25JUL23STLCOL-COL,84,16,198,yes
1753299923138,1753299923,KXMLBGAME-25JUL23STLCOL-COL,84,16,200,yes
1753299923138,1753299923,KXMLBGAME-25JUL23STLCOL-COL,85,15,300,yes
1753299923138,1753299923,KXMLBGAME-25JUL23STLCOL-COL,85,15,200,yes
1753299923138,1753299923,KXMLBGAME-25JUL23STLCOL-COL,85,15,300,yes
1753299923138,1753299923,KXMLBGAME-25JUL23STLCOL-COL,85,15,79,yes
1753299923138,1753299923,KXMLBGAME-25JUL23STLCOL-COL,86,14,300,yes
1753299923138,1753299923,KXMLBGAME-25JUL23STLCOL-COL,86,14,12,yes
1753299923337,1753299923,KXMLBGAME-25JUL23STLCOL-STL,18,82,52,yes
1753299923755,1753299923,KXMLBGAME-25JUL23LAANYM-LAA,3,97,1855,yes
1753299925592,1753299925,KXMLBGAME-25JUL23STLCOL-COL,82,18,26,no
1753299928191,1753299928,KXMLBGAME-25JUL23STLCOL-STL,17,83,121,no
1753299930153,1753299930,KXMLBGAME-25JUL23STLCOL-COL,85,15,11,yes
1753299930951,1753299930,KXMLBGAME-25JUL23LAANYM-NYM,96,4,63,yes
1753299930951,1753299930,KXMLBGAME-25JUL23LAANYM-NYM,96,4,15,yes
1753299930951,1753299930,KXMLBGAME-25JUL23LAANYM-NYM,97,3,300,yes
1753299930951,1753299930,KXMLBGAME-25JUL23LAANYM-NYM,98,2,135,yes
1753299931373,1753299931,KXMLBGAME-25JUL23STLCOL-STL,17,83,50,no
1753299935514,1753299935,KXMLBGAME-25JUL23KCCHC-KC,89,11,107,no
1753299935833,1753299935,KXMLBGAME-25JUL23KCCHC-CHC,10,90,369,yes
1753299935833,1753299935,KXMLBGAME-25JUL23KCCHC-CHC,10,90,530,yes
1753299935833,1753299935,KXMLBGAME-25JUL23KCCHC-CHC,11,89,300,yes
1753299935833,1753299935,KXMLBGAME-25JUL23KCCHC-CHC,11,89,10,yes
1753299935833,1753299935,KXMLBGAME-25JUL23KCCHC-CHC,11,89,200,yes
1753299935833,1753299935,KXMLBGAME-25JUL23KCCHC-CHC,11,89,246,yes
1753299936253,1753299936,KXMLBGAME-25JUL23HOUARI-ARI,51,49,37,yes
1753299936253,1753299936,KXMLBGAME-25JUL23HOUARI-ARI,52,48,150,yes
1753299938074,1753299938,KXMLBGAME-25JUL23STLCOL-STL,17,83,15,no
1753299944413,1753299944,KXMLBGAME-25JUL23HOUARI-HOU,50,50,96,yes
1753299945749,1753299945,KXMLBGAME-25JUL23KCCHC-KC,91,9,1,yes
1753299946749,1753299946,KXMLBGAME-25JUL23STLCOL-COL,82,18,105,no
1753299946995,1753299946,KXMLBGAME-25JUL23MILSEA-MIL,45,55,21,yes
1753299947132,1753299947,KXMLBGAME-25JUL23STLCOL-STL,18,82,26,yes
1753299947332,1753299947,KXMLBGAME-25JUL23LAANYM-LAA,4,96,49,yes
1753299947332,1753299947,KXMLBGAME-25JUL23LAANYM-LAA,5,95,54,yes
1753299948913,1753299948,KXMLBGAME-25JUL23KCCHC-KC,90,10,18,no
1753299948913,1753299948,KXMLBGAME-25JUL23KCCHC-KC,89,11,52,no
1753299950091,1753299950,KXMLBGAME-25JUL23LAANYM-LAA,5,95,5,yes
1753299951373,1753299951,KXMLBGAME-25JUL23MILSEA-SEA,56,44,42,yes
1753299951850,1753299951,KXMLBGAME-25JUL23HOUARI-HOU,50,50,54,yes
1753299951850,1753299951,KXMLBGAME-25JUL23HOUARI-HOU,50,50,3,yes
1753299953232,1753299953,KXMLBGAME-25JUL23LAANYM-LAA,5,95,141,yes
1753299953232,1753299953,KXMLBGAME-25JUL23LAANYM-LAA,5,95,214,yes
1753299953690,1753299953,KXMLBGAME-25JUL23KCCHC-KC,90,10,53,yes
1753299953690,1753299953,KXMLBGAME-25JUL23KCCHC-KC,91,9,83,yes
1753299953691,1753299953,KXMLBGAME-25JUL23KCCHC-KC,91,9,200,yes
1753299953691,1753299953,KXMLBGAME-25JUL23KCCHC-KC,91,9,246,yes
1753299953691,1753299953,KXMLBGAME-25JUL23KCCHC-KC,91,9,510,yes
1753299953892,1753299953,KXMLBGAME-25JUL23LAANYM-NYM,95,5,15,no
1753299954193,1753299954,KXMLBGAME-25JUL23HOUARI-HOU,50,50,3000,yes
1753299961292,1753299961,KXMLBGAME-25JUL23STLCOL-COL,82,18,40,no
1753299961292,1753299961,KXMLBGAME-25JUL23STLCOL-COL,81,19,10,no
1753299961292,1753299961,KXMLBGAME-25JUL23MILSEA-MIL,45,55,71,no
1753299961494,1753299961,KXMLBGAME-25JUL23STLCOL-COL,82,18,40,no
1753299961531,1753299961,KXMLBGAME-25JUL23KCCHC-KC,90,10,33,yes
1753299967974,1753299967,KXMLBGAME-25JUL23STLCOL-STL,16,84,59,no
1753299967974,1753299967,KXMLBGAME-25JUL23STLCOL-STL,16,84,3,no
1753299967974,1753299967,KXMLBGAME-25JUL23STLCOL-STL,16,84,500,no
1753299967974,1753299967,KXMLBGAME-25JUL23STLCOL-STL,15,85,138,no
1753299969153,1753299969,KXMLBGAME-25JUL23HOUARI-HOU,49,51,29,yes
1753299971752,1753299971,KXMLBGAME-25JUL23LAANYM-NYM,97,3,59,yes
1753299971752,1753299971,KXMLBGAME-25JUL23LAANYM-NYM,98,2,451,yes
1753299972833,1753299972,KXMLBGAME-25JUL23HOUARI-HOU,47,53,28,no
1753299973133,1753299973,KXMLBGAME-25JUL23STLCOL-COL,84,16,43,yes
1753299973133,1753299973,KXMLBGAME-25JUL23STLCOL-COL,84,16,3,yes
1753299973133,1753299973,KXMLBGAME-25JUL23STLCOL-COL,84,16,101,yes
1753299974531,1753299974,KXMLBGAME-25JUL23MILSEA-SEA,55,45,5,yes
1753299976251,1753299976,KXMLBGAME-25JUL23STLCOL-COL,84,16,82,yes
1753299979631,1753299979,KXMLBGAME-25JUL23KCCHC-CHC,10,90,31,no
1753299979631,1753299979,KXMLBGAME-25JUL23KCCHC-CHC,9,91,300,no
1753299979631,1753299979,KXMLBGAME-25JUL23KCCHC-CHC,8,92,369,no
1753299980174,1753299980,KXMLBGAME-25JUL23STLCOL-STL,15,85,10,no
1753299984012,1753299983,KXMLBGAME-25JUL23KCCHC-KC,90,10,24,yes
1753299984012,1753299983,KXMLBGAME-25JUL23KCCHC-KC,91,9,194,yes
1753299984091,1753299984,KXMLBGAME-25JUL23STLCOL-COL,84,16,67,yes
1753299984191,1753299984,KXMLBGAME-25JUL23MILSEA-SEA,56,44,1,yes
1753299984311,1753299984,KXMLBGAME-25JUL23KCCHC-KC,91,9,200,yes
1753299984312,1753299984,KXMLBGAME-25JUL23KCCHC-KC,91,9,127,yes
1753299987222,1753299987,KXMLBGAME-25JUL23KCCHC-KC,90,10,16,yes
1753299988254,1753299988,KXMLBGAME-25JUL23MINLAD-LAD,67,33,7,yes
1753299991172,1753299991,KXMLBGAME-25JUL23HOUARI-HOU,48,52,21,no
1753299991172,1753299991,KXMLBGAME-25JUL23HOUARI-HOU,47,53,600,no
1753299991172,1753299991,KXMLBGAME-25JUL23HOUARI-HOU,47,53,300,no
1753299991172,1753299991,KXMLBGAME-25JUL23HOUARI-HOU,47,53,2000,no
1753299991172,1753299991,KXMLBGAME-25JUL23HOUARI-HOU,46,54,51,no
1753299991172,1753299991,KXMLBGAME-25JUL23HOUARI-ARI,52,48,21,yes
1753299991432,1753299991,KXMLBGAME-25JUL23HOUARI-ARI,52,48,10,yes
1753299991652,1753299991,KXMLBGAME-25JUL23STLCOL-COL,83,17,291,yes
1753299994031,1753299993,KXMLBGAME-25JUL23MILSEA-MIL,47,53,2,yes
1753299995133,1753299995,KXMLBGAME-25JUL23HOUARI-HOU,47,53,19,yes
1753299996091,1753299996,KXMLBGAME-25JUL23KCCHC-KC,90,10,110,yes
1753299996592,1753299996,KXMLBGAME-25JUL23LAANYM-LAA,2,98,70,no
1753299996731,1753299996,KXMLBGAME-25JUL23HOUARI-ARI,54,46,87,no
1753299996731,1753299996,KXMLBGAME-25JUL23HOUARI-ARI,53,47,500,no
1753299996731,1753299996,KXMLBGAME-25JUL23HOUARI-ARI,51,49,500,no
1753299996831,1753299996,KXMLBGAME-25JUL23HOUARI-HOU,45,55,300,yes
1753299996831,1753299996,KXMLBGAME-25JUL23HOUARI-HOU,46,54,87,yes
1753299996831,1753299996,KXMLBGAME-25JUL23HOUARI-HOU,47,53,600,yes
1753299996832,1753299996,KXMLBGAME-25JUL23HOUARI-HOU,47,53,500,yes
1753299996832,1753299996,KXMLBGAME-25JUL23HOUARI-HOU,47,53,2000,yes
1753299996832,1753299996,KXMLBGAME-25JUL23HOUARI-HOU,48,52,600,yes
1753299996832,1753299996,KXMLBGAME-25JUL23HOUARI-HOU,48,52,500,yes
1753299996832,1753299996,KXMLBGAME-25JUL23HOUARI-HOU,49,51,300,yes
1753299996832,1753299996,KXMLBGAME-25JUL23HOUARI-HOU,49,51,113,yes
1753300001334,1753300001,KXMLBGAME-25JUL23MILSEA-SEA,56,44,34,yes
1753300003134,1753300003,KXMLBGAME-25JUL23STLCOL-STL,17,83,1,yes
1753300007972,1753300007,KXMLBGAME-25JUL23KCCHC-KC,91,9,1,yes
1753300009493,1753300009,KXMLBGAME-25JUL23MILSEA-SEA,56,44,265,yes
1753300012012,1753300011,KXMLBGAME-25JUL23KCCHC-KC,90,10,11,yes
1753300012874,1753300012,KXMLBGAME-25JUL23HOUARI-HOU,46,54,14,yes
1753300013606,1753300013,KXMLBGAME-25JUL23STLCOL-COL,82,18,500,no
1753300014214,1753300014,KXMLBGAME-25JUL23MINLAD-LAD,67,33,32,yes
1753300018436,1753300018,KXMLBGAME-25JUL23STLCOL-STL,18,82,275,no
1753300020554,1753300020,KXMLBGAME-25JUL23STLCOL-STL,25,75,52,yes
1753300020914,1753300020,KXMLBGAME-25JUL23STLCOL-COL,77,23,16,yes
1753300022493,1753300022,KXMLBGAME-25JUL23STLCOL-COL,77,23,127,yes
1753300022753,1753300022,KXMLBGAME-25JUL23HOUARI-HOU,45,55,300,yes
1753300022753,1753300022,KXMLBGAME-25JUL23HOUARI-HOU,46,54,87,yes
1753300022753,1753300022,KXMLBGAME-25JUL23HOUARI-HOU,46,54,121,yes
1753300023594,1753300023,KXMLBGAME-25JUL23HOUARI-HOU,45,55,10,yes
1753300025135,1753300025,KXMLBGAME-25JUL23KCCHC-KC,90,10,275,yes
1753300025534,1753300025,KXMLBGAME-25JUL23KCCHC-KC,90,10,110,yes
1753300025812,1753300025,KXMLBGAME-25JUL23LAANYM-NYM,95,5,514,no
1753300026334,1753300026,KXMLBGAME-25JUL23HOUARI-HOU,45,55,290,yes
1753300026334,1753300026,KXMLBGAME-25JUL23HOUARI-HOU,46,54,139,yes
1753300027614,1753300026,KXMLBGAME-25JUL23HOUARI-HOU,43,57,56,no
1753300027614,1753300026,KXMLBGAME-25JUL23HOUARI-HOU,43,57,22,no
1753300028211,1753300027,KXMLBGAME-25JUL23HOUARI-ARI,56,44,300,yes
1753300028212,1753300027,KXMLBGAME-25JUL23HOUARI-ARI,57,43,56,yes
1753300028212,1753300027,KXMLBGAME-25JUL23HOUARI-ARI,57,43,22,yes
1753300031731,1753300031,KXMLBGAME-25JUL23HOUARI-HOU,43,57,38,yes
1753300031933,1753300031,KXMLBGAME-25JUL23LAANYM-NYM,98,2,300,yes
1753300031933,1753300031,KXMLBGAME-25JUL23LAANYM-NYM,98,2,44,yes
1753300031933,1753300031,KXMLBGAME-25JUL23LAANYM-NYM,98,2,214,yes
1753300031933,1753300031,KXMLBGAME-25JUL23LAANYM-NYM,98,2,200,yes
1753300032476,1753300032,KXMLBGAME-25JUL23MILSEA-SEA,57,43,25,yes
1753300034632,1753300034,KXMLBGAME-25JUL23KCCHC-KC,88,12,184,no
1753300035034,1753300034,KXMLBGAME-25JUL23KCCHC-KC,90,10,7,yes
1753300035311,1753300035,KXMLBGAME-25JUL23BALCLE-BAL,46,54,4,yes
1753300040675,1753300040,KXMLBGAME-25JUL23STLCOL-COL,77,23,25,yes
1753300044855,1753300044,KXMLBGAME-25JUL23STLCOL-COL,77,23,319,yes
1753300045892,1753300045,KXMLBGAME-25JUL23KCCHC-KC,90,10,11,yes
1753300045892,1753300045,KXMLBGAME-25JUL23KCCHC-KC,90,10,2,yes
1753300048417,1753300048,KXMLBGAME-25JUL23STLCOL-COL,76,24,187,no
1753300049113,1753300049,KXMLBGAME-25JUL23STLCOL-COL,77,23,34,yes
1753300054492,1753300054,KXMLBGAME-25JUL23HOUARI-HOU,43,57,1,yes
1753300054734,1753300054,KXMLBGAME-25JUL23STLCOL-COL,76,24,11,no
1753300055496,1753300055,KXMLBGAME-25JUL23MILSEA-MIL,46,54,180,yes
1753300057252,1753300057,KXMLBGAME-25JUL23MILSEA-MIL,46,54,50,yes
1753300058013,1753300057,KXMLBGAME-25JUL23HOUARI-ARI,58,42,251,yes
1753300058372,1753300058,KXMLBGAME-25JUL23MILSEA-MIL,46,54,70,yes
1753300058372,1753300058,KXMLBGAME-25JUL23MILSEA-MIL,46,54,131,yes
1753300058393,1753300058,KXMLBGAME-25JUL23STLCOL-COL,77,23,25,yes
1753300061250,1753300061,KXMLBGAME-25JUL23MILSEA-SEA,56,44,45,no
1753300062132,1753300062,KXMLBGAME-25JUL23HOUARI-ARI,58,42,33,yes
1753300065695,1753300065,KXMLBGAME-25JUL23LAANYM-LAA,3,97,6,yes
1753300066052,1753300066,KXMLBGAME-25JUL23CWSTB-CWS,34,66,49,no
1753300069152,1753300069,KXMLBGAME-25JUL23KCCHC-CHC,11,89,200,yes
1753300069152,1753300069,KXMLBGAME-25JUL23KCCHC-CHC,11,89,100,yes
1753300069293,1753300069,KXMLBGAME-25JUL23MILSEA-MIL,47,53,410,yes
1753300069453,1753300069,KXMLBGAME-25JUL23LAANYM-LAA,3,97,31,yes
1753300070471,1753300070,KXMLBGAME-25JUL23KCCHC-CHC,11,89,85,yes
1753300070991,1753300070,KXMLBGAME-25JUL23STLCOL-COL,77,23,19,yes
1753300074811,1753300074,KXMLBGAME-25JUL23KCCHC-KC,89,11,1,no
1753300074811,1753300074,KXMLBGAME-25JUL23KCCHC-KC,89,11,100,no
1753300075691,1753300075,KXMLBGAME-25JUL23HOUARI-HOU,43,57,223,yes
1753300076232,1753300076,KXMLBGAME-25JUL23STLCOL-COL,76,24,19,no
1753300078051,1753300077,KXMLBGAME-25JUL23HOUARI-HOU,43,57,71,yes
1753300078314,1753300078,KXMLBGAME-25JUL23KCCHC-KC,89,11,16,yes
1753300080432,1753300080,KXMLBGAME-25JUL23STLCOL-COL,77,23,12,yes
1753300082131,1753300082,KXMLBGAME-25JUL23STLCOL-COL,77,23,16,yes
1753300082472,1753300082,KXMLBGAME-25JUL23LAANYM-NYM,99,1,1579,yes
1753300082472,1753300082,KXMLBGAME-25JUL23LAANYM-NYM,99,1,100,yes
1753300082472,1753300082,KXMLBGAME-25JUL23LAANYM-NYM,99,1,5000,yes
1753300082472,1753300082,KXMLBGAME-25JUL23LAANYM-NYM,99,1,5,yes
1753300082472,1753300082,KXMLBGAME-25JUL23LAANYM-NYM,99,1,11,yes
1753300087693,1753300087,KXMLBGAME-25JUL23KCCHC-KC,89,11,174,yes
1753300090669,1753300090,KXMLBGAME-25JUL23LAANYM-LAA,1,99,352,no
1753300090669,1753300090,KXMLBGAME-25JUL23LAANYM-LAA,1,99,100,no
1753300090669,1753300090,KXMLBGAME-25JUL23LAANYM-LAA,1,99,1,no
1753300090669,1753300090,KXMLBGAME-25JUL23LAANYM-LAA,1,99,100,no
1753300090669,1753300090,KXMLBGAME-25JUL23LAANYM-LAA,1,99,200,no
1753300090669,1753300090,KXMLBGAME-25JUL23STLCOL-STL,23,77,91,no
1753300090773,1753300090,KXMLBGAME-25JUL23HOUARI-HOU,43,57,1000,no
1753300090773,1753300090,KXMLBGAME-25JUL23HOUARI-HOU,43,57,2500,no
1753300090875,1753300090,KXMLBGAME-25JUL23HOUARI-ARI,57,43,1000,yes
1753300090875,1753300090,KXMLBGAME-25JUL23HOUARI-ARI,57,43,2500,yes
1753300091393,1753300091,KXMLBGAME-25JUL23MILSEA-MIL,47,53,10,yes
1753300092014,1753300091,KXMLBGAME-25JUL23MILSEA-SEA,55,45,246,yes
1753300093032,1753300092,KXMLBGAME-25JUL23MINLAD-MIN,35,65,40,yes
1753300095356,1753300095,KXMLBGAME-25JUL23STLCOL-COL,77,23,127,yes
1753300098913,1753300098,KXMLBGAME-25JUL23STLCOL-STL,24,76,10,yes
1753300099873,1753300099,KXMLBGAME-25JUL23LAANYM-LAA,1,99,3,yes
1753300100832,1753300100,KXMLBGAME-25JUL23HOUARI-ARI,57,43,149,yes
1753300101114,1753300101,KXMLBGAME-25JUL23KCCHC-CHC,11,89,3,no
1753300103092,1753300103,KXMLBGAME-25JUL23HOUARI-HOU,44,56,2,yes
1753300106131,1753300105,KXMLBGAME-25JUL23MILSEA-MIL,47,53,44,yes
1753300106336,1753300106,KXMLBGAME-25JUL23KCCHC-KC,89,11,110,yes
1753300106336,1753300106,KXMLBGAME-25JUL23KCCHC-KC,89,11,1,yes
1753300112213,1753300111,KXMLBGAME-25JUL23HOUARI-HOU,44,56,298,yes
1753300112213,1753300111,KXMLBGAME-25JUL23HOUARI-HOU,44,56,87,yes
1753300112213,1753300111,KXMLBGAME-25JUL23HOUARI-HOU,45,55,1432,yes
1753300114844,1753300114,KXMLBGAME-25JUL23STLCOL-COL,77,23,267,yes
1753300114844,1753300114,KXMLBGAME-25JUL23STLCOL-COL,77,23,52,yes
1753300117601,1753300117,KXMLBGAME-25JUL23KCCHC-KC,89,11,2,yes
1753300131995,1753300131,KXMLBGAME-25JUL23STLCOL-STL,24,76,11,yes
1753300132573,1753300132,KXMLBGAME-25JUL23STLCOL-STL,24,76,197,yes
1753300134694,1753300134,KXMLBGAME-25JUL23KCCHC-KC,89,11,1,yes
1753300137917,1753300137,KXMLBGAME-25JUL23HOUARI-HOU,44,56,7,yes
1753300141532,1753300141,KXMLBGAME-25JUL23MILSEA-SEA,58,42,8,yes
1753300149794,1753300149,KXMLBGAME-25JUL23HOUARI-HOU,44,56,100,yes
1753300149952,1753300149,KXMLBGAME-25JUL23KCCHC-KC,89,11,8,yes
1753300149952,1753300149,KXMLBGAME-25JUL23KCCHC-KC,89,11,101,yes
1753300150543,1753300150,KXMLBGAME-25JUL23STLCOL-STL,23,77,191,no
1753300155586,1753300155,KXMLBGAME-25JUL23MILSEA-MIL,44,56,87,yes
1753300155586,1753300155,KXMLBGAME-25JUL23MILSEA-MIL,45,55,300,yes
1753300155586,1753300155,KXMLBGAME-25JUL23MILSEA-MIL,45,55,256,yes
1753300158354,1753300158,KXMLBGAME-25JUL23STLCOL-STL,24,76,79,yes
1753300159713,1753300159,KXMLBGAME-25JUL23BALCLE-BAL,46,54,2,yes
1753300161997,1753300161,KXMLBGAME-25JUL23KCCHC-CHC,12,88,9,yes
1753300161997,1753300161,KXMLBGAME-25JUL23KCCHC-CHC,13,87,27,yes
1753300162072,1753300162,KXMLBGAME-25JUL23BALCLE-CLE,55,45,8,yes
1753300162552,1753300162,KXMLBGAME-25JUL23STLCOL-COL,77,23,31,yes
1753300162592,1753300162,KXMLBGAME-25JUL23HOUARI-HOU,63,37,1,no
1753300162592,1753300162,KXMLBGAME-25JUL23HOUARI-ARI,56,44,1,no
1753300162592,1753300162,KXMLBGAME-25JUL23HOUARI-HOU,63,37,1,no
1753300162613,1753300162,KXMLBGAME-25JUL23HOUARI-HOU,63,37,1,no
1753300162613,1753300162,KXMLBGAME-25JUL23HOUARI-ARI,56,44,1,no
1753300162613,1753300162,KXMLBGAME-25JUL23HOUARI-ARI,56,44,3,no
1753300162672,1753300162,KXMLBGAME-25JUL23HOUARI-ARI,56,44,1,no
1753300162694,1753300162,KXMLBGAME-25JUL23HOUARI-ARI,65,35,1,yes
1753300162774,1753300162,KXMLBGAME-25JUL23HOUARI-ARI,56,44,1,no
1753300162853,1753300162,KXMLBGAME-25JUL23KCCHC-KC,89,11,3,yes
1753300165853,1753300165,KXMLBGAME-25JUL23STLCOL-COL,77,23,127,yes
1753300167573,1753300167,KXMLBGAME-25JUL23MILSEA-MIL,45,55,44,yes
1753300167573,1753300167,KXMLBGAME-25JUL23MILSEA-MIL,45,55,200,yes
1753300167573,1753300167,KXMLBGAME-25JUL23MILSEA-MIL,45,55,87,yes
1753300167573,1753300167,KXMLBGAME-25JUL23MILSEA-MIL,45,55,19,yes
1753300169254,1753300169,KXMLBGAME-25JUL23KCCHC-KC,88,12,1,no
1753300169254,1753300169,KXMLBGAME-25JUL23KCCHC-KC,87,13,100,no
1753300169254,1753300169,KXMLBGAME-25JUL23KCCHC-KC,87,13,403,no
1753300171214,1753300171,KXMLBGAME-25JUL23KCCHC-KC,89,11,196,yes
1753300171214,1753300171,KXMLBGAME-25JUL23KCCHC-KC,89,11,1,yes
1753300171214,1753300171,KXMLBGAME-25JUL23KCCHC-KC,89,11,2,yes
1753300171214,1753300171,KXMLBGAME-25JUL23KCCHC-KC,89,11,1,yes
1753300171214,1753300171,KXMLBGAME-25JUL23KCCHC-KC,89,11,6,yes
1753300171214,1753300171,KXMLBGAME-25JUL23KCCHC-KC,89,11,72,yes
1753300171397,1753300171,KXMLBGAME-25JUL23HOUARI-ARI,58,42,8,yes
1753300174055,1753300174,KXMLBGAME-25JUL23HOUARI-HOU,43,57,87,yes
1753300174055,1753300174,KXMLBGAME-25JUL23HOUARI-HOU,43,57,51,yes
1753300175093,1753300175,KXMLBGAME-25JUL23HOUARI-HOU,43,57,163,yes
1753300179053,1753300179,KXMLBGAME-25JUL23KCCHC-KC,89,11,7,yes
1753300179053,1753300179,KXMLBGAME-25JUL23KCCHC-KC,89,11,20,yes
1753300182817,1753300182,KXMLBGAME-25JUL23HOUARI-HOU,42,58,23,yes
1753300189491,1753300189,KXMLBGAME-25JUL23MINLAD-LAD,67,33,523,yes
1753300189491,1753300189,KXMLBGAME-25JUL23MINLAD-LAD,67,33,377,yes
1753300193714,1753300193,KXMLBGAME-25JUL23MILSEA-MIL,45,55,281,yes
1753300193714,1753300193,KXMLBGAME-25JUL23MILSEA-MIL,45,55,300,yes
1753300193714,1753300193,KXMLBGAME-25JUL23MILSEA-MIL,45,55,84,yes
1753300193714,1753300193,KXMLBGAME-25JUL23MILSEA-MIL,45,55,200,yes
1753300193714,1753300193,KXMLBGAME-25JUL23MILSEA-MIL,46,54,64,yes
1753300195652,1753300195,KXMLBGAME-25JUL23STLCOL-COL,80,20,100,yes
1753300199113,1753300198,KXMLBGAME-25JUL23MILSEA-SEA,57,43,256,yes
1753300199113,1753300198,KXMLBGAME-25JUL23MILSEA-SEA,57,43,44,yes
1753300199113,1753300198,KXMLBGAME-25JUL23MILSEA-SEA,57,43,200,yes
1753300199734,1753300199,KXMLBGAME-25JUL23KCCHC-KC,90,10,1,yes
1753300202493,1753300202,KXMLBGAME-25JUL23KCCHC-KC,90,10,110,yes
1753300208332,1753300208,KXMLBGAME-25JUL23STLCOL-STL,21,79,19,yes
1753300210054,1753300210,KXMLBGAME-25JUL23MINLAD-LAD,67,33,72,yes
1753300211852,1753300211,KXMLBGAME-25JUL23KCCHC-CHC,12,88,70,yes
1753300211852,1753300211,KXMLBGAME-25JUL23KCCHC-CHC,13,87,80,yes
1753300213653,1753300213,KXMLBGAME-25JUL23STLCOL-COL,79,21,24,no
1753300214236,1753300214,KXMLBGAME-25JUL23HOUARI-HOU,41,59,12,yes
1753300215414,1753300215,KXMLBGAME-25JUL23KCCHC-KC,90,10,110,yes
1753300216052,1753300216,KXMLBGAME-25JUL23STLCOL-STL,21,79,68,yes
1753300216052,1753300216,KXMLBGAME-25JUL23STLCOL-STL,21,79,82,yes
1753300218037,1753300217,KXMLBGAME-25JUL23LAANYM-LAA,1,99,93,yes
1753300228812,1753300228,KXMLBGAME-25JUL23HOUARI-ARI,59,41,8,yes
1753300229514,1753300229,KXMLBGAME-25JUL23HOUARI-HOU,41,59,12,yes
1753300231012,1753300230,KXMLBGAME-25JUL23KCCHC-KC,89,11,33,yes
1753300234331,1753300234,KXMLBGAME-25JUL23HOUARI-HOU,41,59,276,yes
1753300234331,1753300234,KXMLBGAME-25JUL23HOUARI-HOU,42,58,96,yes
1753300235833,1753300235,KXMLBGAME-25JUL23HOUARI-ARI,59,41,6,yes
1753300239314,1753300239,KXMLBGAME-25JUL23STLCOL-COL,78,22,103,yes
1753300240372,1753300240,KXMLBGAME-25JUL23NYYTOR-NYY,57,43,2,yes
1753300240372,1753300240,KXMLBGAME-25JUL23NYYTOR-NYY,57,43,2,yes
1753300240372,1753300240,KXMLBGAME-25JUL23NYYTOR-NYY,57,43,9,yes
1753300241630,1753300241,KXMLBGAME-25JUL23KCCHC-CHC,10,90,16,no
1753300244531,1753300244,KXMLBGAME-25JUL23KCCHC-CHC,10,90,284,no
1753300244531,1753300244,KXMLBGAME-25JUL23KCCHC-CHC,10,90,25,no
1753300244531,1753300244,KXMLBGAME-25JUL23KCCHC-CHC,9,91,149,no
1753300244853,1753300244,KXMLBGAME-25JUL23STLCOL-COL,80,20,62,yes
1753300244853,1753300244,KXMLBGAME-25JUL23STLCOL-COL,80,20,246,yes
1753300246594,1753300246,KXMLBGAME-25JUL23MINLAD-LAD,67,33,32,yes
1753300246732,1753300246,KXMLBGAME-25JUL23KCCHC-KC,89,11,557,yes
1753300247792,1753300247,KXMLBGAME-25JUL23STLCOL-COL,79,21,308,yes
1753300253151,1753300253,KXMLBGAME-25JUL23BOSPHI-PHI,59,41,164,yes
1753300254102,1753300253,KXMLBGAME-25JUL23KCCHC-KC,90,10,132,yes
1753300254192,1753300254,KXMLBGAME-25JUL23MILSEA-MIL,47,53,51,yes
1753300254733,1753300254,KXMLBGAME-25JUL23KCCHC-KC,90,10,5,yes
1753300265190,1753300265,KXMLBGAME-25JUL23HOUARI-HOU,41,59,300,yes
1753300265190,1753300265,KXMLBGAME-25JUL23HOUARI-HOU,42,58,278,yes
1753300267432,1753300267,KXMLBGAME-25JUL23NYYTOR-NYY,57,43,1,yes
1753300267432,1753300267,KXMLBGAME-25JUL23NYYTOR-NYY,57,43,5,yes
1753300268354,1753300268,KXMLBGAME-25JUL23HOUARI-HOU,41,59,224,yes
1753300268754,1753300268,KXMLBGAME-25JUL23KCCHC-CHC,7,93,100,no
1753300269999,1753300269,KXMLBGAME-25JUL23KCCHC-KC,95,5,80,yes
1753300269999,1753300269,KXMLBGAME-25JUL23KCCHC-KC,95,5,444,yes
1753300270771,1753300270,KXMLBGAME-25JUL23HOUARI-HOU,42,58,22,yes
1753300270771,1753300270,KXMLBGAME-25JUL23STLCOL-COL,79,21,500,yes
1753300270771,1753300270,KXMLBGAME-25JUL23STLCOL-COL,79,21,38,yes
1753300277792,1753300277,KXMLBGAME-25JUL23HOUARI-HOU,41,59,1,yes
1753300278293,1753300278,KXMLBGAME-25JUL23STLCOL-COL,76,24,87,no
1753300278353,1753300278,KXMLBGAME-25JUL23HOUARI-ARI,59,41,16,yes
1753300278771,1753300278,KXMLBGAME-25JUL23STLCOL-COL,76,24,64,yes
1753300280136,1753300280,KXMLBGAME-25JUL23KCCHC-CHC,5,95,100,no
1753300280136,1753300280,KXMLBGAME-25JUL23KCCHC-CHC,5,95,10,no
1753300280136,1753300280,KXMLBGAME-25JUL23KCCHC-CHC,4,96,200,no
1753300280136,1753300280,KXMLBGAME-25JUL23KCCHC-CHC,4,96,10,no
1753300280136,1753300280,KXMLBGAME-25JUL23KCCHC-CHC,2,98,230,no
1753300284413,1753300284,KXMLBGAME-25JUL23HOUARI-HOU,41,59,9,yes
1753300288170,1753300288,KXMLBGAME-25JUL23KCCHC-KC,95,5,412,yes
1753300289073,1753300289,KXMLBGAME-25JUL23KCCHC-KC,95,5,144,yes
1753300289073,1753300289,KXMLBGAME-25JUL23KCCHC-KC,95,5,287,yes
1753300289073,1753300289,KXMLBGAME-25JUL23KCCHC-KC,95,5,463,yes
1753300289153,1753300289,KXMLBGAME-25JUL23KCCHC-KC,96,4,100,yes
1753300291073,1753300291,KXMLBGAME-25JUL23STLCOL-COL,77,23,447,yes
1753300291614,1753300291,KXMLBGAME-25JUL23KCCHC-KC,95,5,87,no
1753300291614,1753300291,KXMLBGAME-25JUL23KCCHC-KC,95,5,24,no
1753300293112,1753300293,KXMLBGAME-25JUL23STLCOL-STL,22,78,38,no
1753300293294,1753300293,KXMLBGAME-25JUL23KCCHC-KC,96,4,100,yes
1753300293675,1753300293,KXMLBGAME-25JUL23KCCHC-CHC,4,96,100,yes
1753300293675,1753300293,KXMLBGAME-25JUL23KCCHC-CHC,6,94,89,yes
1753300296952,1753300296,KXMLBGAME-25JUL23MILSEA-SEA,54,46,53,yes
1753300297914,1753300297,KXMLBGAME-25JUL23STLCOL-STL,24,76,87,yes
1753300297914,1753300297,KXMLBGAME-25JUL23STLCOL-STL,24,76,51,yes
1753300299014,1753300298,KXMLBGAME-25JUL23HOUARI-HOU,41,59,1,yes
1753300299911,1753300299,KXMLBGAME-25JUL23KCCHC-KC,95,5,762,no
1753300300951,1753300300,KXMLBGAME-25JUL23KCCHC-KC,97,3,1,yes
1753300300951,1753300300,KXMLBGAME-25JUL23KCCHC-KC,97,3,230,yes
1753300302353,1753300302,KXMLBGAME-25JUL23KCCHC-KC,96,4,100,no
1753300302353,1753300302,KXMLBGAME-25JUL23KCCHC-KC,95,5,89,no
1753300303313,1753300303,KXMLBGAME-25JUL23STLCOL-COL,78,22,50,yes
1753300304591,1753300304,KXMLBGAME-25JUL23MILSEA-MIL,47,53,6,yes
1753300304992,1753300304,KXMLBGAME-25JUL23KCCHC-KC,98,2,13,yes
1753300305613,1753300305,KXMLBGAME-25JUL23HOUARI-HOU,41,59,70,yes
1753300307451,1753300307,KXMLBGAME-25JUL23KCCHC-KC,97,3,254,yes
1753300308580,1753300308,KXMLBGAME-25JUL23STLCOL-COL,77,23,403,yes
1753300309398,1753300309,KXMLBGAME-25JUL23HOUARI-ARI,60,40,82,yes
1753300309398,1753300309,KXMLBGAME-25JUL23HOUARI-ARI,61,39,250,yes
1753300309398,1753300309,KXMLBGAME-25JUL23HOUARI-ARI,62,38,300,yes
1753300309398,1753300309,KXMLBGAME-25JUL23HOUARI-ARI,62,38,868,yes
1753300311232,1753300311,KXMLBGAME-25JUL23STLCOL-COL,77,23,97,yes
1753300311232,1753300311,KXMLBGAME-25JUL23STLCOL-COL,77,23,30,yes
1753300315574,1753300315,KXMLBGAME-25JUL23STLCOL-COL,77,23,570,yes
1753300316133,1753300316,KXMLBGAME-25JUL23KCCHC-CHC,3,97,33,no
1753300316715,1753300316,KXMLBGAME-25JUL23HOUARI-HOU,40,60,20,no
1753300317232,1753300317,KXMLBGAME-25JUL23MILSEA-MIL,48,52,60,yes
1753300318232,1753300318,KXMLBGAME-25JUL23STLCOL-STL,23,77,199,yes
1753300318232,1753300318,KXMLBGAME-25JUL23STLCOL-STL,23,77,543,yes
1753300318775,1753300318,KXMLBGAME-25JUL23HOUARI-HOU,61,39,1,no
1753300318775,1753300318,KXMLBGAME-25JUL23HOUARI-HOU,61,39,1,no
1753300320433,1753300320,KXMLBGAME-25JUL23KCCHC-KC,95,5,49,no
1753300320813,1753300320,KXMLBGAME-25JUL23LAANYM-NYM,99,1,284,no
1753300320813,1753300320,KXMLBGAME-25JUL23LAANYM-NYM,99,1,1000,no
1753300320813,1753300320,KXMLBGAME-25JUL23LAANYM-NYM,99,1,3,no
1753300327727,1753300327,KXMLBGAME-25JUL23MILSEA-MIL,48,52,240,yes
1753300327727,1753300327,KXMLBGAME-25JUL23MILSEA-MIL,48,52,10,yes
1753300328853,1753300328,KXMLBGAME-25JUL23KCCHC-KC,95,5,93,no
1753300329342,1753300329,KXMLBGAME-25JUL23STLCOL-COL,78,22,500,yes
1753300329342,1753300329,KXMLBGAME-25JUL23STLCOL-COL,78,22,5,yes
1753300329735,1753300329,KXMLBGAME-25JUL23KCCHC-CHC,3,97,267,no
1753300329735,1753300329,KXMLBGAME-25JUL23KCCHC-CHC,2,98,70,no
1753300329735,1753300329,KXMLBGAME-25JUL23KCCHC-CHC,2,98,281,no
1753300330239,1753300330,KXMLBGAME-25JUL23KCCHC-KC,95,5,60,no
1753300330334,1753300330,KXMLBGAME-25JUL23HOUARI-HOU,61,39,100,yes
1753300330334,1753300330,KXMLBGAME-25JUL23HOUARI-HOU,63,37,2,yes
1753300330334,1753300330,KXMLBGAME-25JUL23HOUARI-HOU,65,35,54,yes
1753300330334,1753300330,KXMLBGAME-25JUL23HOUARI-HOU,65,35,10,yes
1753300330334,1753300330,KXMLBGAME-25JUL23HOUARI-HOU,73,27,98,yes
1753300332632,1753300332,KXMLBGAME-25JUL23STLCOL-COL,78,22,126,yes
1753300335833,1753300335,KXMLBGAME-25JUL23STLCOL-COL,78,22,12,yes
1753300337045,1753300336,KXMLBGAME-25JUL23HOUARI-ARI,65,35,53,yes
1753300337045,1753300336,KXMLBGAME-25JUL23HOUARI-ARI,65,35,10,yes
1753300337045,1753300336,KXMLBGAME-25JUL23HOUARI-ARI,65,35,100,yes
1753300337045,1753300336,KXMLBGAME-25JUL23STLCOL-COL,78,22,195,yes
1753300337236,1753300337,KXMLBGAME-25JUL23STLCOL-COL,78,22,6,yes
1753300338435,1753300338,KXMLBGAME-25JUL23KCCHC-CHC,3,97,300,no
1753300338435,1753300338,KXMLBGAME-25JUL23KCCHC-CHC,2,98,288,no
1753300340133,1753300339,KXMLBGAME-25JUL23KCCHC-KC,95,5,1163,no
1753300340133,1753300339,KXMLBGAME-25JUL23KCCHC-KC,95,5,100,no
1753300340133,1753300339,KXMLBGAME-25JUL23KCCHC-KC,95,5,103,no
1753300341973,1753300341,KXMLBGAME-25JUL23STLCOL-COL,78,22,156,yes
1753300341973,1753300341,KXMLBGAME-25JUL23STLCOL-COL,78,22,24,yes
1753300342214,1753300342,KXMLBGAME-25JUL23MILSEA-SEA,53,47,1,yes
1753300343507,1753300343,KXMLBGAME-25JUL23BALCLE-BAL,46,54,6,yes
1753300345012,1753300344,KXMLBGAME-25JUL23MILSEA-SEA,53,47,146,yes
1753300345012,1753300344,KXMLBGAME-25JUL23MILSEA-SEA,53,47,36,yes
1753300346131,1753300345,KXMLBGAME-25JUL23STLCOL-COL,78,22,63,yes
1753300347731,1753300347,KXMLBGAME-25JUL23HOUARI-HOU,31,69,179,yes
1753300350612,1753300350,KXMLBGAME-25JUL23KCCHC-KC,98,2,287,yes
1753300350612,1753300350,KXMLBGAME-25JUL23KCCHC-KC,98,2,303,yes
1753300352812,1753300352,KXMLBGAME-25JUL23HOUARI-ARI,70,30,1,yes
1753300352812,1753300352,KXMLBGAME-25JUL23HOUARI-ARI,70,30,20,yes
1753300352812,1753300352,KXMLBGAME-25JUL23HOUARI-ARI,71,29,62,yes
1753300352812,1753300352,KXMLBGAME-25JUL23HOUARI-ARI,72,28,54,yes
1753300352851,1753300352,KXMLBGAME-25JUL23BOSPHI-BOS,42,58,114,yes
1753300353472,1753300353,KXMLBGAME-25JUL23MILSEA-SEA,52,48,11,yes
1753300355233,1753300355,KXMLBGAME-25JUL23STLCOL-STL,23,77,4,yes
1753300355373,1753300355,KXMLBGAME-25JUL23STLCOL-STL,23,77,4,yes
1753300357171,1753300357,KXMLBGAME-25JUL23KCCHC-CHC,4,96,37,yes
1753300357171,1753300357,KXMLBGAME-25JUL23KCCHC-CHC,5,95,100,yes
1753300357171,1753300357,KXMLBGAME-25JUL23KCCHC-CHC,5,95,790,yes
1753300358652,1753300358,KXMLBGAME-25JUL23HOUARI-ARI,72,28,57,yes
1753300361194,1753300361,KXMLBGAME-25JUL23STLCOL-STL,23,77,20,yes
1753300362073,1753300362,KXMLBGAME-25JUL23KCCHC-KC,97,3,102,yes
1753300365632,1753300365,KXMLBGAME-25JUL23HOUARI-ARI,71,29,136,yes
1753300368353,1753300368,KXMLBGAME-25JUL23HOUARI-HOU,31,69,121,yes
1753300368353,1753300368,KXMLBGAME-25JUL23HOUARI-HOU,32,68,87,yes
1753300368353,1753300368,KXMLBGAME-25JUL23HOUARI-HOU,32,68,1266,yes
1753300369315,1753300369,KXMLBGAME-25JUL23MILSEA-SEA,52,48,21,yes
1753300370692,1753300370,KXMLBGAME-25JUL23HOUARI-ARI,71,29,34,yes
1753300373253,1753300373,KXMLBGAME-25JUL23HOUARI-ARI,71,29,34,yes
1753300373253,1753300373,KXMLBGAME-25JUL23HOUARI-ARI,71,29,25,yes
1753300373253,1753300373,KXMLBGAME-25JUL23HOUARI-ARI,72,28,9,yes
1753300375455,1753300375,KXMLBGAME-25JUL23STLCOL-STL,23,77,50,yes
1753300376092,1753300376,KXMLBGAME-25JUL23BOSPHI-BOS,42,58,11,yes
1753300376092,1753300376,KXMLBGAME-25JUL23HOUARI-ARI,72,28,34,yes
1753300376772,1753300376,KXMLBGAME-25JUL23MILSEA-MIL,50,50,388,yes
1753300378111,1753300378,KXMLBGAME-25JUL23STLCOL-COL,79,21,87,yes
1753300378111,1753300378,KXMLBGAME-25JUL23STLCOL-COL,79,21,162,yes
1753300378275,1753300378,KXMLBGAME-25JUL23MILSEA-MIL,50,50,191,yes
1753300378632,1753300378,KXMLBGAME-25JUL23HOUARI-HOU,31,69,300,yes
1753300378632,1753300378,KXMLBGAME-25JUL23HOUARI-HOU,32,68,87,yes
1753300379452,1753300379,KXMLBGAME-25JUL23STLCOL-COL,79,21,138,yes
1753300379452,1753300379,KXMLBGAME-25JUL23STLCOL-COL,79,21,11,yes
1753300381632,1753300381,KXMLBGAME-25JUL23HOUARI-HOU,34,66,87,yes
1753300381632,1753300381,KXMLBGAME-25JUL23HOUARI-HOU,35,65,200,yes
1753300381632,1753300381,KXMLBGAME-25JUL23HOUARI-HOU,35,65,71,yes
1753300381673,1753300381,KXMLBGAME-25JUL23KCCHC-KC,97,3,20,yes
1753300382112,1753300382,KXMLBGAME-25JUL23KCCHC-CHC,3,97,78,no
1753300383193,1753300383,KXMLBGAME-25JUL23MILSEA-MIL,50,50,61,yes
1753300383955,1753300383,KXMLBGAME-25JUL23NYYTOR-NYY,57,43,8,yes
1753300384393,1753300384,KXMLBGAME-25JUL23STLCOL-STL,22,78,5,no
1753300384874,1753300384,KXMLBGAME-25JUL23MILSEA-MIL,50,50,483,yes
1753300384874,1753300384,KXMLBGAME-25JUL23MINLAD-LAD,67,33,785,yes
1753300385271,1753300385,KXMLBGAME-25JUL23HOUARI-ARI,69,31,4,yes
1753300385591,1753300385,KXMLBGAME-25JUL23STLCOL-COL,78,22,51,yes
1753300386812,1753300386,KXMLBGAME-25JUL23MINLAD-LAD,67,33,4,yes
1753300390713,1753300390,KXMLBGAME-25JUL23KCCHC-CHC,3,97,67,no
1753300393872,1753300393,KXMLBGAME-25JUL23HOUARI-HOU,34,66,86,yes
1753300393872,1753300393,KXMLBGAME-25JUL23HOUARI-HOU,34,66,195,yes
1753300394072,1753300394,KXMLBGAME-25JUL23STLCOL-COL,78,22,2,yes
1753300395234,1753300395,KXMLBGAME-25JUL23STLCOL-COL,78,22,5,yes
1753300395473,1753300395,KXMLBGAME-25JUL23MILSEA-MIL,50,50,144,yes
1753300395552,1753300395,KXMLBGAME-25JUL23STLCOL-COL,78,22,100,yes
1753300400273,1753300400,KXMLBGAME-25JUL23HOUARI-HOU,34,66,305,yes
1753300400273,1753300400,KXMLBGAME-25JUL23HOUARI-HOU,34,66,257,yes
1753300401053,1753300401,KXMLBGAME-25JUL23HOUARI-HOU,34,66,14,yes
1753300402475,1753300402,KXMLBGAME-25JUL23HOUARI-HOU,34,66,28,yes
1753300403503,1753300403,KXMLBGAME-25JUL23MILSEA-SEA,52,48,268,yes
1753300403503,1753300403,KXMLBGAME-25JUL23MILSEA-SEA,52,48,264,yes
1753300403503,1753300403,KXMLBGAME-25JUL23MILSEA-SEA,52,48,87,yes
1753300403503,1753300403,KXMLBGAME-25JUL23MILSEA-SEA,53,47,200,yes
1753300403503,1753300403,KXMLBGAME-25JUL23MILSEA-SEA,53,47,300,yes
1753300403503,1753300403,KXMLBGAME-25JUL23MILSEA-SEA,53,47,354,yes
1753300404474,1753300404,KXMLBGAME-25JUL23KCCHC-CHC,3,97,155,no
1753300404474,1753300404,KXMLBGAME-25JUL23KCCHC-CHC,2,98,36,no
1753300404732,1753300404,KXMLBGAME-25JUL23MINLAD-MIN,35,65,38,yes
1753300407193,1753300407,KXMLBGAME-25JUL23STLCOL-COL,78,22,50,no
1753300412912,1753300412,KXMLBGAME-25JUL23KCCHC-KC,98,2,5,yes
1753300416492,1753300416,KXMLBGAME-25JUL23HOUARI-ARI,67,33,145,yes
1753300418394,1753300418,KXMLBGAME-25JUL23NYYTOR-TOR,45,55,18,yes
1753300418394,1753300418,KXMLBGAME-25JUL23NYYTOR-TOR,45,55,24,yes
1753300424611,1753300424,KXMLBGAME-25JUL23KCCHC-KC,97,3,15,yes
1753300425469,1753300425,KXMLBGAME-25JUL23KCCHC-KC,94,6,47,no
1753300428354,1753300428,KXMLBGAME-25JUL23MILSEA-SEA,52,48,87,yes
1753300428354,1753300428,KXMLBGAME-25JUL23MILSEA-SEA,52,48,300,yes
1753300428354,1753300428,KXMLBGAME-25JUL23MILSEA-SEA,53,47,76,yes
1753300430250,1753300430,KXMLBGAME-25JUL23BOSPHI-PHI,59,41,5,yes
1753300431832,1753300431,KXMLBGAME-25JUL23KCCHC-KC,97,3,285,yes
1753300431833,1753300431,KXMLBGAME-25JUL23KCCHC-KC,98,2,33,yes
1753300432585,1753300432,KXMLBGAME-25JUL23LAANYM-NYM,99,1,72,no
1753300433632,1753300433,KXMLBGAME-25JUL23KCCHC-KC,94,6,73,no
1753300435547,1753300435,KXMLBGAME-25JUL23STLCOL-COL,77,23,5,yes
1753300437732,1753300437,KXMLBGAME-25JUL23HOUARI-ARI,68,32,71,yes
1753300437732,1753300437,KXMLBGAME-25JUL23HOUARI-ARI,68,32,44,yes
1753300439831,1753300439,KXMLBGAME-25JUL23HOUARI-HOU,33,67,2,yes
1753300442518,1753300442,KXMLBGAME-25JUL23STLCOL-STL,24,76,11,yes
1753300445732,1753300445,KXMLBGAME-25JUL23HOUARI-ARI,69,31,87,yes
1753300445732,1753300445,KXMLBGAME-25JUL23HOUARI-ARI,69,31,13,yes
1753300445732,1753300445,KXMLBGAME-25JUL23HOUARI-ARI,70,30,238,yes
1753300445732,1753300445,KXMLBGAME-25JUL23MINLAD-LAD,67,33,130,yes
1753300445732,1753300445,KXMLBGAME-25JUL23MINLAD-LAD,67,33,1335,yes
1753300446553,1753300446,KXMLBGAME-25JUL23BALCLE-CLE,55,45,53,yes
1753300448970,1753300448,KXMLBGAME-25JUL23MILSEA-MIL,50,50,42,yes
1753300450170,1753300450,KXMLBGAME-25JUL23MILSEA-MIL,50,50,193,yes
1753300454013,1753300453,KXMLBGAME-25JUL23CWSTB-CWS,35,65,50,yes
1753300454152,1753300454,KXMLBGAME-25JUL23STLCOL-STL,21,79,22,no
1753300455935,1753300455,KXMLBGAME-25JUL23MILSEA-SEA,52,48,68,yes
1753300455935,1753300455,KXMLBGAME-25JUL23MILSEA-SEA,52,48,118,yes
1753300456392,1753300456,KXMLBGAME-25JUL23MINLAD-LAD,67,33,1,yes
1753300461191,1753300461,KXMLBGAME-25JUL23STLCOL-STL,21,79,78,no
1753300463292,1753300463,KXMLBGAME-25JUL23STLCOL-STL,21,79,157,yes
1753300465831,1753300465,KXMLBGAME-25JUL23STLCOL-COL,81,19,50,yes
1753300466790,1753300466,KXMLBGAME-25JUL23HOUARI-HOU,30,70,20,no
1753300466790,1753300466,KXMLBGAME-25JUL23HOUARI-HOU,30,70,87,no
1753300466791,1753300466,KXMLBGAME-25JUL23HOUARI-HOU,29,71,500,no
1753300466872,1753300466,KXMLBGAME-25JUL23HOUARI-ARI,70,30,87,yes
1753300466872,1753300466,KXMLBGAME-25JUL23HOUARI-ARI,71,29,600,yes
1753300466872,1753300466,KXMLBGAME-25JUL23HOUARI-ARI,71,29,500,yes
1753300466951,1753300466,KXMLBGAME-25JUL23HOUARI-HOU,29,71,34,yes
1753300469041,1753300468,KXMLBGAME-25JUL23HOUARI-HOU,29,71,86,yes
1753300472652,1753300472,KXMLBGAME-25JUL23MILSEA-SEA,52,48,182,yes
1753300472652,1753300472,KXMLBGAME-25JUL23MILSEA-SEA,52,48,51,yes
1753300472652,1753300472,KXMLBGAME-25JUL23MILSEA-SEA,53,47,2458,yes
1753300474395,1753300474,KXMLBGAME-25JUL23STLCOL-COL,81,19,2,yes
1753300479354,1753300479,KXMLBGAME-25JUL23MILSEA-SEA,52,48,9,yes
1753300481072,1753300480,KXMLBGAME-25JUL23HOUARI-ARI,71,29,55,yes
1753300481072,1753300480,KXMLBGAME-25JUL23HOUARI-ARI,71,29,83,yes
1753300484291,1753300484,KXMLBGAME-25JUL23STLCOL-STL,20,80,11,yes
1753300484291,1753300484,KXMLBGAME-25JUL23STLCOL-STL,21,79,102,yes
1753300485014,1753300484,KXMLBGAME-25JUL23HOUARI-HOU,31,69,30,yes
1753300487235,1753300487,KXMLBGAME-25JUL23HOUARI-HOU,31,69,20,yes
1753300488211,1753300488,KXMLBGAME-25JUL23MILSEA-SEA,52,48,18,yes
1753300493033,1753300492,KXMLBGAME-25JUL23MILSEA-MIL,50,50,58,yes
1753300496073,1753300496,KXMLBGAME-25JUL23STLCOL-COL,82,18,60,yes
1753300496473,1753300496,KXMLBGAME-25JUL23NYYTOR-TOR,45,55,17,yes
1753300496473,1753300496,KXMLBGAME-25JUL23NYYTOR-TOR,45,55,6,yes
1753300496473,1753300496,KXMLBGAME-25JUL23NYYTOR-TOR,45,55,17,yes
1753300496473,1753300496,KXMLBGAME-25JUL23NYYTOR-TOR,45,55,17,yes
1753300496473,1753300496,KXMLBGAME-25JUL23NYYTOR-TOR,45,55,10,yes
1753300496473,1753300496,KXMLBGAME-25JUL23NYYTOR-TOR,45,55,43,yes
1753300496473,1753300496,KXMLBGAME-25JUL23NYYTOR-TOR,45,55,10,yes
1753300496473,1753300496,KXMLBGAME-25JUL23NYYTOR-TOR,45,55,10,yes
1753300496473,1753300496,KXMLBGAME-25JUL23NYYTOR-TOR,45,55,22,yes
1753300496473,1753300496,KXMLBGAME-25JUL23NYYTOR-TOR,45,55,61,yes
1753300499892,1753300499,KXMLBGAME-25JUL23KCCHC-KC,97,3,76,yes
1753300499972,1753300499,KXMLBGAME-25JUL23HOUARI-HOU,31,69,8,yes
1753300500553,1753300500,KXMLBGAME-25JUL23HOUARI-HOU,31,69,30,yes
1753300501192,1753300501,KXMLBGAME-25JUL23KCCHC-KC,97,3,224,yes
1753300501192,1753300501,KXMLBGAME-25JUL23KCCHC-KC,97,3,200,yes
1753300501192,1753300501,KXMLBGAME-25JUL23KCCHC-KC,97,3,100,yes
1753300501192,1753300501,KXMLBGAME-25JUL23KCCHC-KC,97,3,41,yes
1753300501192,1753300501,KXMLBGAME-25JUL23KCCHC-KC,98,2,259,yes
1753300501192,1753300501,KXMLBGAME-25JUL23KCCHC-KC,98,2,1728,yes
1753300501233,1753300501,KXMLBGAME-25JUL23MILSEA-MIL,51,49,87,yes
1753300501892,1753300501,KXMLBGAME-25JUL23MILSEA-MIL,51,49,87,yes
1753300501893,1753300501,KXMLBGAME-25JUL23HOUARI-HOU,31,69,9,yes
1753300502073,1753300502,KXMLBGAME-25JUL23MILSEA-SEA,51,49,200,no
1753300502913,1753300502,KXMLBGAME-25JUL23HOUARI-HOU,31,69,30,yes
1753300503132,1753300503,KXMLBGAME-25JUL23STLCOL-COL,82,18,11,yes
1753300503133,1753300503,KXMLBGAME-25JUL23STLCOL-COL,82,18,49,yes
1753300503273,1753300503,KXMLBGAME-25JUL23KCCHC-KC,96,4,32,no
1753300503673,1753300503,KXMLBGAME-25JUL23NYYTOR-TOR,45,55,4,yes
1753300504052,1753300504,KXMLBGAME-25JUL23HOUARI-HOU,31,69,153,yes
1753300505692,1753300505,KXMLBGAME-25JUL23KCCHC-KC,97,3,33,yes
1753300505912,1753300505,KXMLBGAME-25JUL23KCCHC-KC,96,4,68,no
1753300505912,1753300505,KXMLBGAME-25JUL23KCCHC-KC,95,5,56,no
1753300506532,1753300506,KXMLBGAME-25JUL23HOUARI-HOU,32,68,35,yes
1753300510172,1753300510,KXMLBGAME-25JUL23HOUARI-HOU,30,70,30,yes
1753300510712,1753300510,KXMLBGAME-25JUL23HOUARI-HOU,30,70,4,yes
1753300510813,1753300510,KXMLBGAME-25JUL23KCCHC-KC,95,5,44,no
1753300510813,1753300510,KXMLBGAME-25JUL23KCCHC-KC,95,5,94,no
1753300510813,1753300510,KXMLBGAME-25JUL23HOUARI-HOU,30,70,71,yes
1753300512031,1753300511,KXMLBGAME-25JUL23KCCHC-CHC,5,95,93,yes
1753300513211,1753300512,KXMLBGAME-25JUL23HOUARI-HOU,31,69,32,yes
1753300519411,1753300519,KXMLBGAME-25JUL23KCCHC-KC,97,3,12,yes
1753300521132,1753300521,KXMLBGAME-25JUL23MILSEA-SEA,49,51,19,yes
1753300521233,1753300521,KXMLBGAME-25JUL23STLCOL-COL,81,19,286,yes
1753300521931,1753300521,KXMLBGAME-25JUL23KCCHC-KC,95,5,109,no
1753300522111,1753300521,KXMLBGAME-25JUL23NYYTOR-TOR,45,55,106,yes
1753300527212,1753300527,KXMLBGAME-25JUL23HOUARI-ARI,71,29,6,yes
1753300535893,1753300535,KXMLBGAME-25JUL23MILSEA-SEA,49,51,19,yes
1753300537333,1753300537,KXMLBGAME-25JUL23HOUARI-HOU,31,69,6,yes
1753300537672,1753300537,KXMLBGAME-25JUL23MILSEA-MIL,53,47,365,yes
1753300539754,1753300539,KXMLBGAME-25JUL23STLCOL-STL,16,84,242,no
1753300541334,1753300541,KXMLBGAME-25JUL23KCCHC-KC,97,3,3,yes
1753300543332,1753300543,KXMLBGAME-25JUL23KCCHC-KC,97,3,252,yes
1753300543332,1753300543,KXMLBGAME-25JUL23KCCHC-KC,97,3,5,yes
1753300544374,1753300544,KXMLBGAME-25JUL23HOUARI-HOU,31,69,10,yes
1753300544374,1753300544,KXMLBGAME-25JUL23HOUARI-HOU,32,68,52,yes
1753300544374,1753300544,KXMLBGAME-25JUL23HOUARI-HOU,32,68,35,yes
1753300544374,1753300544,KXMLBGAME-25JUL23HOUARI-HOU,32,68,77,yes
1753300546034,1753300545,KXMLBGAME-25JUL23KCCHC-KC,97,3,31,yes
1753300546034,1753300545,KXMLBGAME-25JUL23KCCHC-KC,97,3,548,yes
1753300546968,1753300546,KXMLBGAME-25JUL23HOUARI-ARI,70,30,6,yes
1753300547731,1753300547,KXMLBGAME-25JUL23MINLAD-LAD,67,33,7,yes
1753300548373,1753300548,KXMLBGAME-25JUL23MILSEA-MIL,53,47,40,yes
1753300549633,1753300549,KXMLBGAME-25JUL23BOSPHI-BOS,42,58,78,yes
1753300552803,1753300552,KXMLBGAME-25JUL23KCCHC-KC,97,3,100,yes
1753300552803,1753300552,KXMLBGAME-25JUL23KCCHC-KC,97,3,123,yes
1753300554213,1753300554,KXMLBGAME-25JUL23MILSEA-SEA,49,51,5,yes
1753300559172,1753300559,KXMLBGAME-25JUL23KCCHC-KC,95,5,315,no
1753300560193,1753300560,KXMLBGAME-25JUL23STLCOL-STL,17,83,166,yes
1753300565811,1753300565,KXMLBGAME-25JUL23MILSEA-MIL,53,47,548,yes
1753300569394,1753300569,KXMLBGAME-25JUL23HOUARI-ARI,70,30,134,yes
1753300569394,1753300569,KXMLBGAME-25JUL23HOUARI-ARI,69,31,10,no
1753300570133,1753300570,KXMLBGAME-25JUL23KCCHC-KC,97,3,8,yes
1753300573291,1753300573,KXMLBGAME-25JUL23MILSEA-MIL,53,47,9,yes
1753300574253,1753300574,KXMLBGAME-25JUL23HOUARI-HOU,33,67,72,yes
1753300574922,1753300574,KXMLBGAME-25JUL23KCCHC-KC,95,5,87,no
1753300574922,1753300574,KXMLBGAME-25JUL23KCCHC-KC,95,5,1400,no
1753300578034,1753300577,KXMLBGAME-25JUL23LAANYM-NYM,99,1,974,no
1753300579691,1753300579,KXMLBGAME-25JUL23BALCLE-CLE,55,45,5,yes
1753300583051,1753300582,KXMLBGAME-25JUL23NYYTOR-TOR,45,55,535,yes
1753300583071,1753300583,KXMLBGAME-25JUL23MILSEA-MIL,53,47,53,yes
1753300587573,1753300587,KXMLBGAME-25JUL23STLCOL-COL,83,17,30,yes
1753300587573,1753300587,KXMLBGAME-25JUL23STLCOL-COL,84,16,500,yes
1753300587573,1753300587,KXMLBGAME-25JUL23STLCOL-COL,84,16,300,yes
1753300587573,1753300587,KXMLBGAME-25JUL23STLCOL-COL,85,15,327,yes
1753300589472,1753300589,KXMLBGAME-25JUL23NYYTOR-TOR,45,55,6,yes
1753300590812,1753300590,KXMLBGAME-25JUL23MILSEA-SEA,49,51,32,yes
1753300590813,1753300590,KXMLBGAME-25JUL23MILSEA-SEA,49,51,19,yes
1753300591352,1753300591,KXMLBGAME-25JUL23MILSEA-SEA,49,51,3,yes
1753300591352,1753300591,KXMLBGAME-25JUL23STLCOL-COL,85,15,46,yes
1753300593314,1753300593,KXMLBGAME-25JUL23HOUARI-ARI,68,32,27,yes
1753300594067,1753300593,KXMLBGAME-25JUL23HOUARI-HOU,33,67,144,yes
1753300594112,1753300594,KXMLBGAME-25JUL23MILSEA-SEA,49,51,49,yes
1753300594782,1753300594,KXMLBGAME-25JUL23KCCHC-KC,97,3,4,yes
1753300595093,1753300595,KXMLBGAME-25JUL23MILSEA-SEA,48,52,55,no
1753300595175,1753300595,KXMLBGAME-25JUL23MILSEA-SEA,45,55,300,no
1753300595175,1753300595,KXMLBGAME-25JUL23MILSEA-SEA,45,55,87,no
1753300595193,1753300595,KXMLBGAME-25JUL23MILSEA-MIL,55,45,300,yes
1753300595193,1753300595,KXMLBGAME-25JUL23MILSEA-MIL,55,45,87,yes
1753300595273,1753300595,KXMLBGAME-25JUL23MILSEA-SEA,44,56,87,no
1753300595293,1753300595,KXMLBGAME-25JUL23MILSEA-MIL,56,44,75,yes
1753300597232,1753300597,KXMLBGAME-25JUL23HOUARI-HOU,32,68,14,no
1753300597252,1753300597,KXMLBGAME-25JUL23CWSTB-CWS,35,65,492,yes
1753300597252,1753300597,KXMLBGAME-25JUL23CWSTB-CWS,35,65,154,yes
1753300597252,1753300597,KXMLBGAME-25JUL23CWSTB-CWS,35,65,37,yes
1753300597532,1753300597,KXMLBGAME-25JUL23LAANYM-NYM,99,1,873,no
1753300598073,1753300598,KXMLBGAME-25JUL23MILSEA-SEA,42,58,34,no
1753300599812,1753300599,KXMLBGAME-25JUL23MINLAD-LAD,67,33,714,yes
1753300601214,1753300601,KXMLBGAME-25JUL23STLCOL-COL,85,15,34,yes
1753300603892,1753300603,KXMLBGAME-25JUL23MINLAD-LAD,67,33,8,yes
1753300608493,1753300608,KXMLBGAME-25JUL23KCCHC-KC,94,6,9,no
1753300609792,1753300609,KXMLBGAME-25JUL23HOUARI-HOU,34,66,143,yes
1753300612605,1753300612,KXMLBGAME-25JUL23MILSEA-SEA,36,64,26,yes
1753300614814,1753300614,KXMLBGAME-25JUL23KCCHC-KC,97,3,16,yes
1753300616498,1753300616,KXMLBGAME-25JUL23STLCOL-COL,83,17,30,yes
1753300616498,1753300616,KXMLBGAME-25JUL23STLCOL-COL,85,15,167,yes
1753300616498,1753300616,KXMLBGAME-25JUL23KCCHC-KC,97,3,102,yes
1753300619755,1753300619,KXMLBGAME-25JUL23STLCOL-STL,17,83,1,yes
1753300621154,1753300621,KXMLBGAME-25JUL23HOUARI-HOU,34,66,110,yes
1753300624933,1753300624,KXMLBGAME-25JUL23KCCHC-KC,97,3,47,yes
1753300624933,1753300624,KXMLBGAME-25JUL23KCCHC-KC,97,3,4,yes
1753300629093,1753300628,KXMLBGAME-25JUL23MILSEA-SEA,36,64,25,yes
1753300629634,1753300629,KXMLBGAME-25JUL23KCCHC-KC,94,6,5,no
1753300631533,1753300631,KXMLBGAME-25JUL23KCCHC-KC,95,5,1,no
1753300632234,1753300632,KXMLBGAME-25JUL23MILSEA-SEA,34,66,13,yes
1753300635033,1753300634,KXMLBGAME-25JUL23STLCOL-STL,16,84,3,no
1753300638413,1753300638,KXMLBGAME-25JUL23MILSEA-MIL,65,35,54,yes
1753300638414,1753300638,KXMLBGAME-25JUL23MILSEA-MIL,65,35,10,yes
1753300638414,1753300638,KXMLBGAME-25JUL23MILSEA-MIL,65,35,2,yes
1753300638832,1753300638,KXMLBGAME-25JUL23HOUARI-HOU,34,66,28,yes
1753300641671,1753300641,KXMLBGAME-25JUL23MINLAD-LAD,67,33,145,yes
1753300644032,1753300643,KXMLBGAME-25JUL23MINLAD-LAD,67,33,145,yes
1753300644415,1753300644,KXMLBGAME-25JUL23KCCHC-KC,98,2,55,yes
1753300644415,1753300644,KXMLBGAME-25JUL23KCCHC-KC,98,2,44,yes
1753300644415,1753300644,KXMLBGAME-25JUL23KCCHC-KC,98,2,300,yes
1753300644415,1753300644,KXMLBGAME-25JUL23KCCHC-KC,99,1,930,yes
1753300646312,1753300646,KXMLBGAME-25JUL23HOUARI-HOU,34,66,33,yes
1753300647334,1753300647,KXMLBGAME-25JUL23STLCOL-STL,17,83,1,yes
1753300647451,1753300647,KXMLBGAME-25JUL23HOUARI-HOU,34,66,50,yes
1753300649694,1753300649,KXMLBGAME-25JUL23HOUARI-HOU,34,66,89,yes
1753300649694,1753300649,KXMLBGAME-25JUL23HOUARI-HOU,34,66,21,yes
1753300651094,1753300651,KXMLBGAME-25JUL23STLCOL-COL,84,16,29,yes
1753300659414,1753300659,KXMLBGAME-25JUL23LAANYM-NYM,99,1,78,no
1753300659414,1753300659,KXMLBGAME-25JUL23LAANYM-NYM,99,1,432,no
1753300659772,1753300659,KXMLBGAME-25JUL23KCCHC-KC,95,5,3,no
1753300661134,1753300661,KXMLBGAME-25JUL23MILSEA-SEA,54,46,55,yes
1753300661134,1753300661,KXMLBGAME-25JUL23MILSEA-SEA,55,45,23,yes
1753300662031,1753300661,KXMLBGAME-25JUL23MILSEA-SEA,21,79,1,no
1753300662031,1753300661,KXMLBGAME-25JUL23MILSEA-SEA,18,82,1,no
1753300662032,1753300661,KXMLBGAME-25JUL23MILSEA-SEA,17,83,48,no
1753300664273,1753300664,KXMLBGAME-25JUL23KCCHC-KC,96,4,5,no
1753300664274,1753300664,KXMLBGAME-25JUL23KCCHC-KC,95,5,2,no
1753300664494,1753300664,KXMLBGAME-25JUL23MILSEA-MIL,73,27,100,yes
1753300664732,1753300664,KXMLBGAME-25JUL23MILSEA-SEA,30,70,34,no
1753300665153,1753300665,KXMLBGAME-25JUL23MILSEA-MIL,75,25,100,yes
1753300666553,1753300666,KXMLBGAME-25JUL23BALCLE-CLE,55,45,35,yes
1753300669113,1753300669,KXMLBGAME-25JUL23HOUARI-HOU,34,66,273,yes
1753300670491,1753300670,KXMLBGAME-25JUL23STLCOL-COL,84,16,600,yes
1753300670491,1753300670,KXMLBGAME-25JUL23STLCOL-COL,84,16,500,yes
1753300670491,1753300670,KXMLBGAME-25JUL23STLCOL-COL,84,16,500,yes
1753300670491,1753300670,KXMLBGAME-25JUL23STLCOL-COL,85,15,4482,yes
1753300672152,1753300672,KXMLBGAME-25JUL23MILSEA-SEA,23,77,8,yes
1753300672812,1753300672,KXMLBGAME-25JUL23KCCHC-KC,95,5,16,no
1753300673534,1753300673,KXMLBGAME-25JUL23MILSEA-MIL,78,22,3,yes
1753300674336,1753300674,KXMLBGAME-25JUL23STLCOL-COL,85,15,54,yes
1753300674336,1753300674,KXMLBGAME-25JUL23STLCOL-COL,85,15,190,yes
1753300675313,1753300675,KXMLBGAME-25JUL23HOUARI-HOU,35,65,27,yes
1753300675772,1753300675,KXMLBGAME-25JUL23MILSEA-MIL,78,22,258,yes
1753300677493,1753300677,KXMLBGAME-25JUL23MILSEA-SEA,23,77,14,yes
1753300678171,1753300678,KXMLBGAME-25JUL23MILSEA-SEA,22,78,500,no
1753300680874,1753300680,KXMLBGAME-25JUL23HOUARI-HOU,36,64,13,yes
1753300686611,1753300686,KXMLBGAME-25JUL23HOUARI-ARI,64,36,500,no
1753300686731,1753300686,KXMLBGAME-25JUL23HOUARI-HOU,36,64,487,yes
1753300689152,1753300689,KXMLBGAME-25JUL23HOUARI-ARI,64,36,285,yes
1753300691596,1753300691,KXMLBGAME-25JUL23MILSEA-SEA,23,77,278,yes
1753300691596,1753300691,KXMLBGAME-25JUL23MILSEA-SEA,23,77,87,yes
1753300691596,1753300691,KXMLBGAME-25JUL23MILSEA-SEA,24,76,57,yes
1753300691754,1753300691,KXMLBGAME-25JUL23HOUARI-HOU,36,64,16,no
1753300692153,1753300692,KXMLBGAME-25JUL23STLCOL-COL,82,18,300,no
1753300692153,1753300692,KXMLBGAME-25JUL23STLCOL-COL,82,18,87,no
1753300692153,1753300692,KXMLBGAME-25JUL23STLCOL-COL,82,18,2127,no
1753300692533,1753300692,KXMLBGAME-25JUL23HOUARI-HOU,37,63,1,yes
1753300694814,1753300694,KXMLBGAME-25JUL23STLCOL-COL,84,16,65,yes
1753300694974,1753300694,KXMLBGAME-25JUL23BALCLE-CLE,55,45,1,yes
1753300699033,1753300698,KXMLBGAME-25JUL23HOUARI-ARI,63,37,87,no
1753300699912,1753300699,KXMLBGAME-25JUL23MINLAD-LAD,67,33,364,yes
1753300701391,1753300701,KXMLBGAME-25JUL23MILSEA-MIL,78,22,1154,yes
1753300701612,1753300701,KXMLBGAME-25JUL23KCCHC-CHC,4,96,5,yes
1753300701612,1753300701,KXMLBGAME-25JUL23KCCHC-CHC,4,96,18,yes
1753300704931,1753300704,KXMLBGAME-25JUL23STLCOL-STL,17,83,16,yes
1753300708831,1753300708,KXMLBGAME-25JUL23HOUARI-ARI,63,37,4,yes
1753300709176,1753300709,KXMLBGAME-25JUL23MILSEA-MIL,77,23,21,no
1753300713566,1753300713,KXMLBGAME-25JUL23NYYTOR-TOR,45,55,2,yes
1753300714152,1753300714,KXMLBGAME-25JUL23HOUARI-ARI,63,37,87,no
1753300714152,1753300714,KXMLBGAME-25JUL23HOUARI-ARI,62,38,300,no
1753300714152,1753300714,KXMLBGAME-25JUL23HOUARI-ARI,62,38,622,no
1753300714593,1753300714,KXMLBGAME-25JUL23STLCOL-COL,84,16,117,yes
1753300722534,1753300722,KXMLBGAME-25JUL23KCCHC-KC,96,4,6,no
1753300722913,1753300722,KXMLBGAME-25JUL23MILSEA-SEA,22,78,300,yes
1753300722913,1753300722,KXMLBGAME-25JUL23MILSEA-SEA,22,78,87,yes
1753300723012,1753300722,KXMLBGAME-25JUL23MILSEA-MIL,78,22,300,no
1753300723012,1753300722,KXMLBGAME-25JUL23MILSEA-MIL,78,22,87,no
1753300723012,1753300722,KXMLBGAME-25JUL23MILSEA-MIL,76,24,421,no
1753300723033,1753300722,KXMLBGAME-25JUL23MILSEA-MIL,76,24,600,no
1753300723214,1753300723,KXMLBGAME-25JUL23MILSEA-MIL,76,24,53,yes
1753300723311,1753300723,KXMLBGAME-25JUL23MILSEA-SEA,23,77,71,yes
1753300725511,1753300724,KXMLBGAME-25JUL23MINLAD-MIN,34,66,565,no
1753300726535,1753300726,KXMLBGAME-25JUL23HOUARI-HOU,37,63,75,yes
1753300726535,1753300726,KXMLBGAME-25JUL23KCCHC-CHC,2,98,300,no
1753300726535,1753300726,KXMLBGAME-25JUL23KCCHC-CHC,2,98,747,no
1753300727233,1753300726,KXMLBGAME-25JUL23HOUARI-HOU,36,64,484,no
1753300733032,1753300732,KXMLBGAME-25JUL23STLCOL-STL,19,81,294,yes
1753300733032,1753300732,KXMLBGAME-25JUL23STLCOL-STL,19,81,706,yes
1753300733311,1753300733,KXMLBGAME-25JUL23HOUARI-ARI,64,36,15,yes
1753300734212,1753300734,KXMLBGAME-25JUL23HOUARI-ARI,64,36,9,yes
1753300735130,1753300735,KXMLBGAME-25JUL23MILSEA-SEA,25,75,9,no
1753300735152,1753300735,KXMLBGAME-25JUL23KCCHC-KC,96,4,34,no
1753300735572,1753300735,KXMLBGAME-25JUL23HOUARI-HOU,37,63,25,yes
1753300735831,1753300735,KXMLBGAME-25JUL23MILSEA-MIL,75,25,131,yes
1753300737594,1753300737,KXMLBGAME-25JUL23KCCHC-CHC,2,98,73,no
1753300739272,1753300739,KXMLBGAME-25JUL23MILSEA-MIL,75,25,131,yes
1753300743053,1753300743,KXMLBGAME-25JUL23KCCHC-CHC,2,98,7,no
1753300745232,1753300745,KXMLBGAME-25JUL23MILSEA-SEA,26,74,365,yes
1753300745253,1753300745,KXMLBGAME-25JUL23MILSEA-SEA,26,74,235,yes
1753300745253,1753300745,KXMLBGAME-25JUL23MILSEA-SEA,26,74,130,yes
1753300745719,1753300745,KXMLBGAME-25JUL23MILSEA-MIL,73,27,17,no
1753300746443,1753300746,KXMLBGAME-25JUL23HOUARI-HOU,37,63,25,yes
1753300746756,1753300746,KXMLBGAME-25JUL23HOUARI-HOU,37,63,10,yes
1753300747276,1753300747,KXMLBGAME-25JUL23MILSEA-SEA,26,74,150,yes
1753300747768,1753300747,KXMLBGAME-25JUL23MILSEA-SEA,26,74,365,yes
1753300749253,1753300749,KXMLBGAME-25JUL23NYYTOR-NYY,57,43,42,yes
1753300749514,1753300749,KXMLBGAME-25JUL23MILSEA-MIL,75,25,357,yes
1753300752693,1753300752,KXMLBGAME-25JUL23MILSEA-MIL,75,25,8,yes
1753300753334,1753300753,KXMLBGAME-25JUL23MINLAD-LAD,67,33,634,yes
1753300753374,1753300753,KXMLBGAME-25JUL23HOUARI-HOU,37,63,6,yes
1753300755332,1753300755,KXMLBGAME-25JUL23STLCOL-STL,17,83,7,no
1753300755813,1753300755,KXMLBGAME-25JUL23MILSEA-MIL,75,25,4,yes
1753300755813,1753300755,KXMLBGAME-25JUL23MILSEA-MIL,76,24,87,yes
1753300755813,1753300755,KXMLBGAME-25JUL23MILSEA-MIL,76,24,77,yes
1753300756591,1753300756,KXMLBGAME-25JUL23STLCOL-STL,19,81,99,yes
1753300762491,1753300762,KXMLBGAME-25JUL23KCCHC-KC,96,4,38,no
1753300763831,1753300763,KXMLBGAME-25JUL23MILSEA-MIL,77,23,87,yes
1753300763831,1753300763,KXMLBGAME-25JUL23MILSEA-MIL,78,22,300,yes
1753300763831,1753300763,KXMLBGAME-25JUL23MILSEA-MIL,79,21,1,yes
1753300763831,1753300763,KXMLBGAME-25JUL23MILSEA-MIL,79,21,200,yes
1753300763831,1753300763,KXMLBGAME-25JUL23MILSEA-MIL,79,21,300,yes
1753300763831,1753300763,KXMLBGAME-25JUL23MILSEA-MIL,80,20,100,yes
1753300763831,1753300763,KXMLBGAME-25JUL23MILSEA-MIL,80,20,200,yes
1753300763831,1753300763,KXMLBGAME-25JUL23MILSEA-MIL,80,20,62,yes
1753300764552,1753300764,KXMLBGAME-25JUL23MILSEA-MIL,76,24,49,yes
1753300768971,1753300768,KXMLBGAME-25JUL23MILSEA-MIL,75,25,50,yes
1753300771997,1753300771,KXMLBGAME-25JUL23KCCHC-CHC,4,96,1,yes
1753300771997,1753300771,KXMLBGAME-25JUL23KCCHC-CHC,5,95,92,yes
1753300778312,1753300778,KXMLBGAME-25JUL23MINLAD-LAD,67,33,620,yes
1753300779717,1753300779,KXMLBGAME-25JUL23STLCOL-COL,81,19,277,no
1753300780114,1753300780,KXMLBGAME-25JUL23HOUARI-HOU,37,63,253,yes
1753300790655,1753300790,KXMLBGAME-25JUL23MINLAD-MIN,35,65,4,yes
1753300791112,1753300790,KXMLBGAME-25JUL23KCCHC-KC,96,4,1,no
1753300791112,1753300790,KXMLBGAME-25JUL23KCCHC-KC,95,5,178,no
1753300791112,1753300790,KXMLBGAME-25JUL23KCCHC-KC,95,5,300,no
1753300791112,1753300790,KXMLBGAME-25JUL23KCCHC-KC,95,5,118,no
1753300791208,1753300791,KXMLBGAME-25JUL23STLCOL-STL,19,81,24,yes
1753300794893,1753300794,KXMLBGAME-25JUL23HOUARI-HOU,37,63,3,yes
1753300795691,1753300795,KXMLBGAME-25JUL23MILSEA-SEA,28,72,170,yes
1753300795972,1753300795,KXMLBGAME-25JUL23MILSEA-MIL,73,27,20,yes
1753300797394,1753300797,KXMLBGAME-25JUL23HOUARI-HOU,37,63,500,yes
1753300797394,1753300797,KXMLBGAME-25JUL23HOUARI-HOU,37,63,100,yes
1753300798373,1753300798,KXMLBGAME-25JUL23HOUARI-ARI,64,36,15,yes
1753300801292,1753300801,KXMLBGAME-25JUL23HOUARI-HOU,37,63,25,yes
1753300802150,1753300802,KXMLBGAME-25JUL23MINLAD-LAD,67,33,145,yes
1753300802674,1753300802,KXMLBGAME-25JUL23HOUARI-ARI,64,36,200,yes
1753300802674,1753300802,KXMLBGAME-25JUL23HOUARI-ARI,64,36,21,yes
1753300802912,1753300802,KXMLBGAME-25JUL23MILSEA-SEA,27,73,500,no
1753300803838,1753300803,KXMLBGAME-25JUL23STLCOL-COL,82,18,500,yes
1753300804073,1753300804,KXMLBGAME-25JUL23KCCHC-CHC,4,96,117,yes
1753300805595,1753300805,KXMLBGAME-25JUL23MILSEA-SEA,27,73,50,yes
1753300806934,1753300806,KXMLBGAME-25JUL23HOUARI-HOU,36,64,2,yes
1753300809634,1753300809,KXMLBGAME-25JUL23MILSEA-MIL,73,27,5,yes
1753300810414,1753300810,KXMLBGAME-25JUL23HOUARI-ARI,65,35,2,yes
1753300811011,1753300810,KXMLBGAME-25JUL23MILSEA-MIL,72,28,25,no
1753300813612,1753300813,KXMLBGAME-25JUL23KCCHC-CHC,3,97,1,no
1753300813612,1753300813,KXMLBGAME-25JUL23KCCHC-KC,97,3,1,yes
1753300815093,1753300815,KXMLBGAME-25JUL23MILSEA-SEA,27,73,3,yes
1753300815970,1753300815,KXMLBGAME-25JUL23STLCOL-COL,82,18,80,no
1753300815970,1753300815,KXMLBGAME-25JUL23STLCOL-COL,81,19,87,no
1753300818153,1753300818,KXMLBGAME-25JUL23KCCHC-CHC,4,96,6,yes
1753300818832,1753300818,KXMLBGAME-25JUL23STLCOL-COL,83,17,60,yes
1753300818832,1753300818,KXMLBGAME-25JUL23STLCOL-COL,83,17,13,yes
1753300820812,1753300820,KXMLBGAME-25JUL23MILSEA-SEA,26,74,100,no
1753300820951,1753300820,KXMLBGAME-25JUL23MILSEA-MIL,72,28,275,no
1753300820951,1753300820,KXMLBGAME-25JUL23MILSEA-SEA,26,74,104,yes
1753300821054,1753300820,KXMLBGAME-25JUL23MILSEA-SEA,26,74,243,yes
1753300821054,1753300820,KXMLBGAME-25JUL23MILSEA-SEA,28,72,787,yes
1753300821054,1753300820,KXMLBGAME-25JUL23MILSEA-SEA,28,72,371,yes
1753300826351,1753300826,KXMLBGAME-25JUL23MILSEA-MIL,73,27,1,yes
1753300831853,1753300831,KXMLBGAME-25JUL23KCCHC-CHC,2,98,173,no
1753300831853,1753300831,KXMLBGAME-25JUL23KCCHC-CHC,2,98,5,no
1753300831853,1753300831,KXMLBGAME-25JUL23KCCHC-CHC,1,99,21,no
1753300833773,1753300833,KXMLBGAME-25JUL23KCCHC-KC,98,2,5,yes
1753300833773,1753300833,KXMLBGAME-25JUL23KCCHC-KC,99,1,70,yes
1753300833773,1753300833,KXMLBGAME-25JUL23KCCHC-KC,99,1,25,yes
1753300833832,1753300833,KXMLBGAME-25JUL23STLCOL-STL,16,84,1500,yes
1753300834194,1753300834,KXMLBGAME-25JUL23HOUARI-HOU,34,66,298,yes
1753300845692,1753300845,KXMLBGAME-25JUL23STLCOL-COL,82,18,18,yes
1753300846634,1753300846,KXMLBGAME-25JUL23MINLAD-LAD,67,33,128,yes
1753300851533,1753300851,KXMLBGAME-25JUL23MILSEA-SEA,28,72,300,yes
1753300851533,1753300851,KXMLBGAME-25JUL23MILSEA-SEA,29,71,38,yes
1753300851572,1753300851,KXMLBGAME-25JUL23BOSPHI-BOS,42,58,4,yes
1753300851810,1753300851,KXMLBGAME-25JUL23MILSEA-MIL,73,27,13,yes
1753300856175,1753300855,KXMLBGAME-25JUL23MILSEA-MIL,73,27,51,yes
1753300856233,1753300856,KXMLBGAME-25JUL23KCCHC-KC,97,3,9,no
1753300857332,1753300857,KXMLBGAME-25JUL23STLCOL-COL,82,18,40,yes
1753300857757,1753300857,KXMLBGAME-25JUL23MILSEA-SEA,28,72,170,yes
1753300860793,1753300860,KXMLBGAME-25JUL23HOUARI-ARI,67,33,87,yes
1753300860793,1753300860,KXMLBGAME-25JUL23HOUARI-ARI,67,33,58,yes
1753300863787,1753300863,KXMLBGAME-25JUL23KCCHC-KC,97,3,21,no
1753300863787,1753300863,KXMLBGAME-25JUL23KCCHC-KC,97,3,2,no
1753300865712,1753300865,KXMLBGAME-25JUL23STLCOL-STL,20,80,4,yes
1753300867554,1753300867,KXMLBGAME-25JUL23KCCHC-KC,97,3,298,no
1753300867554,1753300867,KXMLBGAME-25JUL23KCCHC-KC,97,3,6,no
1753300867554,1753300867,KXMLBGAME-25JUL23KCCHC-KC,97,3,436,no
1753300870712,1753300870,KXMLBGAME-25JUL23HOUARI-ARI,70,30,10,yes
1753300870712,1753300870,KXMLBGAME-25JUL23HOUARI-ARI,70,30,82,yes
1753300870712,1753300870,KXMLBGAME-25JUL23HOUARI-ARI,70,30,47,yes
1753300873670,1753300873,KXMLBGAME-25JUL23MINLAD-MIN,35,65,2,yes
1753300892468,1753300892,KXMLBGAME-25JUL23STLCOL-STL,18,82,1,no
1753300893771,1753300893,KXMLBGAME-25JUL23MINLAD-LAD,67,33,14,yes
1753300894432,1753300894,KXMLBGAME-25JUL23HOUARI-HOU,33,67,28,yes
1753300897069,1753300896,KXMLBGAME-25JUL23STLCOL-STL,20,80,236,yes
1753300898751,1753300898,KXMLBGAME-25JUL23KCCHC-CHC,3,97,31,yes
1753300902153,1753300902,KXMLBGAME-25JUL23STLCOL-COL,82,18,5,yes
1753300904631,1753300904,KXMLBGAME-25JUL23STLCOL-COL,82,18,40,yes
1753300904631,1753300904,KXMLBGAME-25JUL23STLCOL-COL,82,18,4,yes
1753300904631,1753300904,KXMLBGAME-25JUL23STLCOL-COL,82,18,75,yes
1753300907694,1753300907,KXMLBGAME-25JUL23HOUARI-HOU,33,67,289,yes
1753300908653,1753300908,KXMLBGAME-25JUL23HOUARI-ARI,70,30,35,yes
1753300908932,1753300908,KXMLBGAME-25JUL23KCCHC-CHC,3,97,156,yes
1753300911692,1753300911,KXMLBGAME-25JUL23HOUARI-HOU,36,64,12,yes
1753300912334,1753300912,KXMLBGAME-25JUL23STLCOL-STL,20,80,82,yes
1753300918954,1753300918,KXMLBGAME-25JUL23MILSEA-SEA,28,72,5,yes
1753300920513,1753300920,KXMLBGAME-25JUL23KCCHC-CHC,1,99,38,no
1753300923073,1753300923,KXMLBGAME-25JUL23BOSPHI-BOS,42,58,102,yes
1753300927173,1753300927,KXMLBGAME-25JUL23STLCOL-COL,82,18,12,yes
1753300930633,1753300930,KXMLBGAME-25JUL23HOUARI-HOU,34,66,33,yes
1753300931314,1753300931,KXMLBGAME-25JUL23MINLAD-LAD,67,33,830,yes
1753300931492,1753300931,KXMLBGAME-25JUL23KCCHC-KC,98,2,6,yes
1753300939673,1753300939,KXMLBGAME-25JUL23STLCOL-STL,20,80,300,yes
1753300939673,1753300939,KXMLBGAME-25JUL23STLCOL-STL,21,79,200,yes
1753300939673,1753300939,KXMLBGAME-25JUL23STLCOL-STL,21,79,300,yes
1753300939673,1753300939,KXMLBGAME-25JUL23STLCOL-STL,21,79,87,yes
1753300939673,1753300939,KXMLBGAME-25JUL23STLCOL-STL,21,79,100,yes
1753300939673,1753300939,KXMLBGAME-25JUL23STLCOL-STL,21,79,463,yes
1753300943553,1753300943,KXMLBGAME-25JUL23STLCOL-COL,82,18,32,yes
1753300943734,1753300943,KXMLBGAME-25JUL23STLCOL-STL,20,80,300,yes
1753300943734,1753300943,KXMLBGAME-25JUL23STLCOL-STL,21,79,200,yes
1753300943734,1753300943,KXMLBGAME-25JUL23STLCOL-STL,21,79,45,yes
1753300944998,1753300944,KXMLBGAME-25JUL23MILSEA-SEA,28,72,295,yes
1753300945292,1753300945,KXMLBGAME-25JUL23KCCHC-KC,98,2,14,no
1753300945292,1753300945,KXMLBGAME-25JUL23KCCHC-KC,97,3,17,no
1753300946250,1753300946,KXMLBGAME-25JUL23MILSEA-MIL,72,28,5,no
1753300951114,1753300951,KXMLBGAME-25JUL23HOUARI-ARI,68,32,35,yes
1753300952991,1753300952,KXMLBGAME-25JUL23MILSEA-MIL,71,29,166,yes
1753300954152,1753300954,KXMLBGAME-25JUL23MINLAD-MIN,35,65,204,yes
1753300956013,1753300955,KXMLBGAME-25JUL23MILSEA-MIL,71,29,27,yes
1753300957334,1753300957,KXMLBGAME-25JUL23STLCOL-STL,21,79,2,yes
1753300960522,1753300960,KXMLBGAME-25JUL23MILSEA-SEA,29,71,37,no
1753300960533,1753300960,KXMLBGAME-25JUL23MILSEA-MIL,71,29,138,yes
1753300961392,1753300961,KXMLBGAME-25JUL23STLCOL-COL,82,18,37,yes
1753300962793,1753300962,KXMLBGAME-25JUL23STLCOL-STL,18,82,18,no
1753300967731,1753300967,KXMLBGAME-25JUL23MILSEA-MIL,70,30,62,no
1753300970792,1753300970,KXMLBGAME-25JUL23STLCOL-STL,18,82,25,no
1753300970874,1753300970,KXMLBGAME-25JUL23KCCHC-CHC,1,99,16,no
1753300971692,1753300971,KXMLBGAME-25JUL23MILSEA-MIL,71,29,2,yes
1753300974652,1753300974,KXMLBGAME-25JUL23MILSEA-MIL,70,30,238,no
1753300974691,1753300974,KXMLBGAME-25JUL23ATHTEX-TEX,56,44,173,yes
1753300974751,1753300974,KXMLBGAME-25JUL23MILSEA-MIL,71,29,10,yes
1753300977013,1753300976,KXMLBGAME-25JUL23MINLAD-LAD,67,33,145,yes
1753300977212,1753300977,KXMLBGAME-25JUL23NYYTOR-NYY,57,43,57,yes
1753300977273,1753300977,KXMLBGAME-25JUL23STLCOL-COL,82,18,163,yes
1753300977273,1753300977,KXMLBGAME-25JUL23STLCOL-COL,82,18,77,yes
1753300978373,1753300978,KXMLBGAME-25JUL23KCCHC-KC,97,3,817,no
1753300979332,1753300979,KXMLBGAME-25JUL23STLCOL-COL,82,18,24,yes
1753300979414,1753300979,KXMLBGAME-25JUL23KCCHC-KC,99,1,30,yes
1753300979414,1753300979,KXMLBGAME-25JUL23KCCHC-KC,99,1,187,yes
1753300980316,1753300980,KXMLBGAME-25JUL23MILSEA-MIL,70,30,9,no
1753300983578,1753300983,KXMLBGAME-25JUL23HOUARI-ARI,67,33,1,no
1753300985038,1753300984,KXMLBGAME-25JUL23HOUARI-ARI,68,32,14,yes
1753300986215,1753300986,KXMLBGAME-25JUL23MILSEA-MIL,71,29,488,yes
1753300986215,1753300986,KXMLBGAME-25JUL23MILSEA-MIL,72,28,100,yes
1753300986215,1753300986,KXMLBGAME-25JUL23MILSEA-MIL,72,28,87,yes
1753300986215,1753300986,KXMLBGAME-25JUL23MILSEA-MIL,72,28,200,yes
1753300986215,1753300986,KXMLBGAME-25JUL23MILSEA-MIL,72,28,25,yes
1753300987935,1753300987,KXMLBGAME-25JUL23KCCHC-CHC,1,99,15,no
1753300988511,1753300987,KXMLBGAME-25JUL23HOUARI-ARI,68,32,14,yes
1753300989433,1753300989,KXMLBGAME-25JUL23HOUARI-HOU,32,68,75,no
1753300990934,1753300990,KXMLBGAME-25JUL23HOUARI-HOU,31,69,5,yes
1753300995174,1753300995,KXMLBGAME-25JUL23HOUARI-HOU,30,70,54,no
1753300995174,1753300995,KXMLBGAME-25JUL23HOUARI-HOU,30,70,41,no
1753300995672,1753300995,KXMLBGAME-25JUL23MILSEA-SEA,29,71,21,no
1753300997951,1753300997,KXMLBGAME-25JUL23MILSEA-MIL,72,28,6,yes
1753301000532,1753301000,KXMLBGAME-25JUL23HOUARI-HOU,31,69,15,yes
1753301003732,1753301003,KXMLBGAME-25JUL23STLCOL-COL,82,18,120,yes
1753301005001,1753301004,KXMLBGAME-25JUL23MINLAD-LAD,67,33,14,yes
1753301009218,1753301009,KXMLBGAME-25JUL23HOUARI-HOU,31,69,153,yes
1753301009273,1753301009,KXMLBGAME-25JUL23MILSEA-MIL,72,28,136,yes
1753301009893,1753301009,KXMLBGAME-25JUL23MILSEA-MIL,72,28,2,yes
1753301011633,1753301011,KXMLBGAME-25JUL23MILSEA-SEA,30,70,31,yes
1753301012872,1753301012,KXMLBGAME-25JUL23NYYTOR-TOR,45,55,213,yes
1753301013112,1753301013,KXMLBGAME-25JUL23KCCHC-KC,99,1,49,yes
1753301013772,1753301013,KXMLBGAME-25JUL23STLCOL-STL,18,82,1,no
1753301015143,1753301015,KXMLBGAME-25JUL23STLCOL-STL,18,82,3,no
1753301017252,1753301017,KXMLBGAME-25JUL23MILSEA-MIL,72,28,9,yes
1753301018352,1753301018,KXMLBGAME-25JUL23MILSEA-SEA,30,70,169,yes
1753301018352,1753301018,KXMLBGAME-25JUL23MILSEA-SEA,30,70,25,yes
1753301018352,1753301018,KXMLBGAME-25JUL23MILSEA-SEA,30,70,123,yes
1753301018672,1753301018,KXMLBGAME-25JUL23STLCOL-COL,82,18,83,yes
1753301018672,1753301018,KXMLBGAME-25JUL23STLCOL-COL,82,18,41,yes
1753301018953,1753301018,KXMLBGAME-25JUL23STLCOL-COL,81,19,10,no
1753301018953,1753301018,KXMLBGAME-25JUL23STLCOL-COL,79,21,4,no
1753301019232,1753301019,KXMLBGAME-25JUL23HOUARI-ARI,70,30,40,yes
1753301019232,1753301019,KXMLBGAME-25JUL23HOUARI-ARI,70,30,67,yes
1753301019572,1753301019,KXMLBGAME-25JUL23HOUARI-HOU,31,69,78,yes
1753301019751,1753301019,KXMLBGAME-25JUL23MILSEA-MIL,72,28,13,yes
1753301021972,1753301021,KXMLBGAME-25JUL23MILSEA-SEA,30,70,177,yes
1753301021973,1753301021,KXMLBGAME-25JUL23MILSEA-SEA,30,70,6,yes
1753301021973,1753301021,KXMLBGAME-25JUL23MILSEA-SEA,30,70,136,yes
1753301021973,1753301021,KXMLBGAME-25JUL23MILSEA-SEA,30,70,11,yes
1753301021973,1753301021,KXMLBGAME-25JUL23MILSEA-SEA,30,70,13,yes
1753301021973,1753301021,KXMLBGAME-25JUL23MILSEA-SEA,31,69,87,yes
1753301021973,1753301021,KXMLBGAME-25JUL23MILSEA-SEA,31,69,200,yes
1753301021973,1753301021,KXMLBGAME-25JUL23MILSEA-SEA,31,69,300,yes
1753301021973,1753301021,KXMLBGAME-25JUL23MILSEA-SEA,31,69,588,yes
1753301022893,1753301022,KXMLBGAME-25JUL23STLCOL-COL,81,19,24,yes
1753301023752,1753301023,KXMLBGAME-25JUL23KCCHC-KC,99,1,70,yes
1753301027353,1753301027,KXMLBGAME-25JUL23KCCHC-KC,97,3,59,no
1753301027555,1753301027,KXMLBGAME-25JUL23MILSEA-MIL,71,29,200,yes
1753301027555,1753301027,KXMLBGAME-25JUL23MILSEA-MIL,71,29,7,yes
1753301027903,1753301027,KXMLBGAME-25JUL23KCCHC-CHC,1,99,126,no
1753301029314,1753301029,KXMLBGAME-25JUL23MILSEA-SEA,31,69,12,yes
1753301029314,1753301029,KXMLBGAME-25JUL23MILSEA-SEA,31,69,64,yes
1753301029373,1753301029,KXMLBGAME-25JUL23MILSEA-MIL,71,29,27,yes
1753301032113,1753301032,KXMLBGAME-25JUL23BALCLE-CLE,55,45,5,yes
1753301032593,1753301032,KXMLBGAME-25JUL23HOUARI-ARI,69,31,43,no
1753301033733,1753301033,KXMLBGAME-25JUL23MILSEA-MIL,71,29,138,yes
1753301034173,1753301034,KXMLBGAME-25JUL23HOUARI-HOU,31,69,15,yes
1753301035691,1753301035,KXMLBGAME-25JUL23HOUARI-ARI,71,29,13,yes
1753301036553,1753301036,KXMLBGAME-25JUL23MILSEA-SEA,31,69,5,yes
1753301036631,1753301036,KXMLBGAME-25JUL23STLCOL-COL,81,19,21,yes
1753301036631,1753301036,KXMLBGAME-25JUL23STLCOL-COL,81,19,159,yes
1753301036631,1753301036,KXMLBGAME-25JUL23STLCOL-COL,82,18,183,yes
1753301038080,1753301038,KXMLBGAME-25JUL23NYYTOR-TOR,44,56,14,no
1753301040256,1753301040,KXMLBGAME-25JUL23KCCHC-KC,99,1,15,yes
1753301040631,1753301040,KXMLBGAME-25JUL23HOUARI-HOU,31,69,18,yes
1753301044555,1753301044,KXMLBGAME-25JUL23MILSEA-MIL,71,29,128,yes
1753301044555,1753301044,KXMLBGAME-25JUL23MILSEA-MIL,71,29,10,yes
1753301045153,1753301045,KXMLBGAME-25JUL23KCCHC-KC,97,3,17,no
1753301047093,1753301047,KXMLBGAME-25JUL23HOUARI-HOU,31,69,13,yes
1753301047093,1753301047,KXMLBGAME-25JUL23HOUARI-HOU,31,69,583,yes
1753301049833,1753301049,KXMLBGAME-25JUL23STLCOL-COL,82,18,117,yes
1753301049833,1753301049,KXMLBGAME-25JUL23STLCOL-COL,82,18,600,yes
1753301049833,1753301049,KXMLBGAME-25JUL23STLCOL-COL,82,18,46,yes
1753301049833,1753301049,KXMLBGAME-25JUL23STLCOL-COL,83,17,200,yes
1753301049833,1753301049,KXMLBGAME-25JUL23STLCOL-COL,83,17,18,yes
1753301053873,1753301053,KXMLBGAME-25JUL23KCCHC-CHC,1,99,54,no
1753301054053,1753301054,KXMLBGAME-25JUL23MILSEA-MIL,71,29,40,yes
1753301054053,1753301054,KXMLBGAME-25JUL23MILSEA-MIL,71,29,64,yes
1753301054053,1753301054,KXMLBGAME-25JUL23MILSEA-MIL,71,29,5,yes
1753301054053,1753301054,KXMLBGAME-25JUL23MILSEA-MIL,72,28,87,yes
1753301054053,1753301054,KXMLBGAME-25JUL23MILSEA-MIL,72,28,77,yes
1753301056413,1753301056,KXMLBGAME-25JUL23NYYTOR-NYY,57,43,119,yes
1753301056494,1753301056,KXMLBGAME-25JUL23STLCOL-STL,19,81,200,yes
1753301056494,1753301056,KXMLBGAME-25JUL23STLCOL-STL,19,81,18,yes
1753301056494,1753301056,KXMLBGAME-25JUL23STLCOL-STL,20,80,200,yes
1753301056494,1753301056,KXMLBGAME-25JUL23STLCOL-STL,20,80,300,yes
1753301056494,1753301056,KXMLBGAME-25JUL23STLCOL-STL,21,79,298,yes
1753301056494,1753301056,KXMLBGAME-25JUL23STLCOL-STL,21,79,106,yes
1753301059811,1753301059,KXMLBGAME-25JUL23HOUARI-HOU,31,69,45,yes
1753301064813,1753301064,KXMLBGAME-25JUL23MILSEA-SEA,30,70,127,yes
1753301065695,1753301065,KXMLBGAME-25JUL23STLCOL-COL,82,18,121,yes
1753301066052,1753301065,KXMLBGAME-25JUL23HOUARI-HOU,31,69,28,yes
1753301067255,1753301067,KXMLBGAME-25JUL23KCCHC-KC,99,1,1,yes
1753301067971,1753301067,KXMLBGAME-25JUL23STLCOL-COL,82,18,120,yes
1753301068996,1753301068,KXMLBGAME-25JUL23MILSEA-MIL,69,31,61,no
1753301071994,1753301071,KXMLBGAME-25JUL23NYYTOR-NYY,57,43,11,yes
1753301071994,1753301071,KXMLBGAME-25JUL23STLCOL-STL,21,79,50,yes
1753301072312,1753301072,KXMLBGAME-25JUL23MILSEA-MIL,72,28,200,yes
1753301072312,1753301072,KXMLBGAME-25JUL23MILSEA-MIL,72,28,208,yes
1753301072954,1753301072,KXMLBGAME-25JUL23STLCOL-STL,21,79,164,yes
1753301077871,1753301077,KXMLBGAME-25JUL23MILSEA-MIL,71,29,34,yes
1753301079113,1753301079,KXMLBGAME-25JUL23STLCOL-STL,21,79,1,yes
1753301081934,1753301081,KXMLBGAME-25JUL23KCCHC-KC,97,3,196,no
1753301082794,1753301082,KXMLBGAME-25JUL23KCCHC-KC,97,3,6,no
1753301084171,1753301084,KXMLBGAME-25JUL23KCCHC-KC,97,3,452,no
1753301084171,1753301084,KXMLBGAME-25JUL23KCCHC-KC,97,3,300,no
1753301084171,1753301084,KXMLBGAME-25JUL23KCCHC-KC,96,4,626,no
1753301085851,1753301085,KXMLBGAME-25JUL23MILSEA-SEA,30,70,200,yes
1753301085851,1753301085,KXMLBGAME-25JUL23MILSEA-SEA,30,70,208,yes
1753301089035,1753301088,KXMLBGAME-25JUL23STLCOL-COL,81,19,12,yes
1753301090712,1753301090,KXMLBGAME-25JUL23MILSEA-MIL,70,30,200,yes
1753301091372,1753301091,KXMLBGAME-25JUL23STLCOL-COL,81,19,121,yes
1753301094214,1753301094,KXMLBGAME-25JUL23KCCHC-CHC,3,97,12,yes
1753301095272,1753301095,KXMLBGAME-25JUL23KCCHC-CHC,2,98,57,no
1753301095272,1753301095,KXMLBGAME-25JUL23KCCHC-CHC,1,99,132,no
1753301095612,1753301095,KXMLBGAME-25JUL23MILSEA-SEA,31,69,1,yes
1753301096110,1753301095,KXMLBGAME-25JUL23MINLAD-MIN,35,65,1352,yes
1753301096110,1753301095,KXMLBGAME-25JUL23MINLAD-MIN,35,65,7,yes
1753301096233,1753301096,KXMLBGAME-25JUL23HOUARI-HOU,31,69,15,yes
1753301098138,1753301097,KXMLBGAME-25JUL23MILSEA-SEA,31,69,2,yes
1753301098138,1753301098,KXMLBGAME-25JUL23STLCOL-COL,81,19,40,yes
1753301098230,1753301098,KXMLBGAME-25JUL23STLCOL-STL,21,79,87,yes
1753301098231,1753301098,KXMLBGAME-25JUL23STLCOL-STL,22,78,200,yes
1753301098231,1753301098,KXMLBGAME-25JUL23STLCOL-STL,22,78,147,yes
1753301100315,1753301100,KXMLBGAME-25JUL23HOUARI-HOU,31,69,15,yes
1753301100714,1753301100,KXMLBGAME-25JUL23HOUARI-ARI,71,29,69,yes
1753301103331,1753301103,KXMLBGAME-25JUL23MINLAD-MIN,35,65,81,yes
1753301104948,1753301104,KXMLBGAME-25JUL23STLCOL-COL,80,20,15,no
1753301104948,1753301104,KXMLBGAME-25JUL23STLCOL-COL,79,21,48,no
1753301108630,1753301108,KXMLBGAME-25JUL23STLCOL-COL,81,19,1,yes
1753301108813,1753301108,KXMLBGAME-25JUL23NYYTOR-TOR,45,55,748,yes
1753301109891,1753301109,KXMLBGAME-25JUL23HOUARI-HOU,32,68,59,yes
1753301110454,1753301110,KXMLBGAME-25JUL23MILSEA-SEA,31,69,300,yes
1753301110454,1753301110,KXMLBGAME-25JUL23MILSEA-SEA,31,69,87,yes
1753301110472,1753301110,KXMLBGAME-25JUL23MILSEA-MIL,69,31,87,no
1753301110810,1753301110,KXMLBGAME-25JUL23STLCOL-STL,21,79,87,yes
1753301110810,1753301110,KXMLBGAME-25JUL23STLCOL-STL,21,79,1266,yes
1753301112052,1753301112,KXMLBGAME-25JUL23MILSEA-SEA,35,65,64,yes
1753301117646,1753301117,KXMLBGAME-25JUL23STLCOL-COL,81,19,2,yes
1753301121433,1753301121,KXMLBGAME-25JUL23MILSEA-SEA,37,63,38,yes
1753301123116,1753301123,KXMLBGAME-25JUL23KCCHC-CHC,1,99,28,no
1753301124506,1753301124,KXMLBGAME-25JUL23KCCHC-CHC,3,97,2,yes
1753301125974,1753301125,KXMLBGAME-25JUL23HOUARI-HOU,32,68,15,yes
1753301129114,1753301129,KXMLBGAME-25JUL23MINLAD-LAD,67,33,14,yes
1753301134141,1753301134,KXMLBGAME-25JUL23HOUARI-HOU,32,68,25,yes
1753301134315,1753301134,KXMLBGAME-25JUL23MILSEA-MIL,64,36,38,yes
1753301135230,1753301135,KXMLBGAME-25JUL23STLCOL-STL,21,79,300,yes
1753301135230,1753301135,KXMLBGAME-25JUL23STLCOL-STL,21,79,700,yes
1753301136151,1753301136,KXMLBGAME-25JUL23STLCOL-STL,20,80,15,no
1753301136172,1753301136,KXMLBGAME-25JUL23HOUARI-HOU,32,68,201,yes
1753301136172,1753301136,KXMLBGAME-25JUL23HOUARI-HOU,33,67,200,yes
1753301136172,1753301136,KXMLBGAME-25JUL23HOUARI-HOU,33,67,300,yes
1753301136172,1753301136,KXMLBGAME-25JUL23HOUARI-HOU,34,66,300,yes
1753301136172,1753301136,KXMLBGAME-25JUL23HOUARI-HOU,34,66,200,yes
1753301136172,1753301136,KXMLBGAME-25JUL23HOUARI-HOU,34,66,87,yes
1753301136172,1753301136,KXMLBGAME-25JUL23HOUARI-HOU,34,66,143,yes
1753301136833,1753301136,KXMLBGAME-25JUL23BALCLE-CLE,55,45,43,yes
1753301138112,1753301138,KXMLBGAME-25JUL23MILSEA-SEA,37,63,25,yes
1753301140331,1753301140,KXMLBGAME-25JUL23MILSEA-MIL,64,36,462,yes
1753301140331,1753301140,KXMLBGAME-25JUL23MILSEA-MIL,65,35,500,yes
1753301140331,1753301140,KXMLBGAME-25JUL23MILSEA-MIL,65,35,87,yes
1753301140331,1753301140,KXMLBGAME-25JUL23MILSEA-MIL,65,35,84,yes
1753301140572,1753301140,KXMLBGAME-25JUL23KCCHC-KC,97,3,23,no
1753301140712,1753301140,KXMLBGAME-25JUL23HOUARI-HOU,32,68,48,yes
1753301141916,1753301141,KXMLBGAME-25JUL23STLCOL-STL,21,79,13,yes
1753301144232,1753301144,KXMLBGAME-25JUL23NYYTOR-TOR,44,56,7,no
1753301144653,1753301144,KXMLBGAME-25JUL23MILSEA-SEA,37,63,24,yes
1753301144653,1753301144,KXMLBGAME-25JUL23MILSEA-SEA,37,63,234,yes
1753301145910,1753301145,KXMLBGAME-25JUL23STLCOL-STL,20,80,85,no
1753301145910,1753301145,KXMLBGAME-25JUL23STLCOL-STL,19,81,87,no
1753301146031,1753301145,KXMLBGAME-25JUL23STLCOL-COL,80,20,553,yes
1753301146031,1753301145,KXMLBGAME-25JUL23STLCOL-COL,80,20,224,yes
1753301146031,1753301145,KXMLBGAME-25JUL23STLCOL-COL,81,19,87,yes
1753301148491,1753301148,KXMLBGAME-25JUL23STLCOL-STL,19,81,99,yes
1753301148491,1753301148,KXMLBGAME-25JUL23MILSEA-SEA,37,63,25,yes
1753301154133,1753301154,KXMLBGAME-25JUL23STLCOL-COL,83,17,500,yes
1753301154133,1753301154,KXMLBGAME-25JUL23STLCOL-COL,84,16,195,yes
1753301155124,1753301155,KXMLBGAME-25JUL23MILSEA-MIL,65,35,45,yes
1753301156865,1753301156,KXMLBGAME-25JUL23KCCHC-KC,97,3,233,no
1753301159151,1753301159,KXMLBGAME-25JUL23HOUARI-HOU,32,68,14,yes
1753301161631,1753301161,KXMLBGAME-25JUL23HOUARI-ARI,69,31,14,yes
1753301165552,1753301165,KXMLBGAME-25JUL23HOUARI-HOU,32,68,18,yes
1753301167617,1753301167,KXMLBGAME-25JUL23MILSEA-MIL,66,34,7,yes
1753301169403,1753301169,KXMLBGAME-25JUL23KCCHC-CHC,3,97,31,yes
1753301171994,1753301171,KXMLBGAME-25JUL23ATHTEX-TEX,56,44,43,yes
1753301172131,1753301172,KXMLBGAME-25JUL23MILSEA-MIL,66,34,61,yes
1753301174652,1753301174,KXMLBGAME-25JUL23KCCHC-KC,97,3,3,no
1753301174771,1753301174,KXMLBGAME-25JUL23MILSEA-MIL,66,34,28,yes
1753301176050,1753301175,KXMLBGAME-25JUL23MILSEA-SEA,35,65,300,yes
1753301176050,1753301175,KXMLBGAME-25JUL23MILSEA-SEA,36,64,362,yes
1753301176050,1753301175,KXMLBGAME-25JUL23MILSEA-SEA,37,63,10,yes
1753301177652,1753301177,KXMLBGAME-25JUL23STLCOL-COL,84,16,23,yes
1753301179290,1753301179,KXMLBGAME-25JUL23MILSEA-MIL,66,34,8,yes
1753301179653,1753301179,KXMLBGAME-25JUL23NYYTOR-NYY,56,44,100,no
1753301179653,1753301179,KXMLBGAME-25JUL23NYYTOR-NYY,55,45,19,no
1753301182057,1753301181,KXMLBGAME-25JUL23HOUARI-HOU,33,67,14,yes
1753301183833,1753301183,KXMLBGAME-25JUL23HOUARI-ARI,69,31,14,yes
1753301190953,1753301190,KXMLBGAME-25JUL23HOUARI-HOU,33,67,86,yes
1753301193876,1753301193,KXMLBGAME-25JUL23MINLAD-LAD,67,33,94,yes
1753301194251,1753301194,KXMLBGAME-25JUL23HOUARI-HOU,33,67,200,yes
1753301194251,1753301194,KXMLBGAME-25JUL23HOUARI-HOU,34,66,86,yes
1753301195651,1753301195,KXMLBGAME-25JUL23MILSEA-MIL,66,34,4,yes
1753301199713,1753301199,KXMLBGAME-25JUL23HOUARI-HOU,33,67,3,yes
1753301200435,1753301200,KXMLBGAME-25JUL23MINLAD-MIN,34,66,28,yes
1753301200792,1753301200,KXMLBGAME-25JUL23BOSPHI-PHI,58,42,247,no
1753301203813,1753301203,KXMLBGAME-25JUL23MILSEA-MIL,70,30,60,yes
1753301205753,1753301205,KXMLBGAME-25JUL23MILSEA-MIL,70,30,34,yes
1753301206111,1753301206,KXMLBGAME-25JUL23STLCOL-STL,17,83,20,yes
1753301207950,1753301207,KXMLBGAME-25JUL23MILSEA-SEA,33,67,80,yes
1753301209314,1753301209,KXMLBGAME-25JUL23STLCOL-COL,85,15,47,yes
1753301209314,1753301209,KXMLBGAME-25JUL23STLCOL-COL,85,15,11,yes
1753301212533,1753301212,KXMLBGAME-25JUL23STLCOL-COL,86,14,287,yes
1753301213888,1753301213,KXMLBGAME-25JUL23MILSEA-MIL,70,30,27,yes
1753301215909,1753301215,KXMLBGAME-25JUL23MILSEA-SEA,33,67,28,yes
1753301218333,1753301218,KXMLBGAME-25JUL23MILSEA-MIL,70,30,60,yes
1753301218333,1753301218,KXMLBGAME-25JUL23MILSEA-MIL,70,30,79,yes
1753301218571,1753301218,KXMLBGAME-25JUL23STLCOL-STL,14,86,50,no
1753301218671,1753301218,KXMLBGAME-25JUL23BALCLE-CLE,55,45,44,yes
1753301219715,1753301219,KXMLBGAME-25JUL23STLCOL-COL,86,14,13,yes
1753301219715,1753301219,KXMLBGAME-25JUL23STLCOL-COL,86,14,21,yes
1753301220972,1753301220,KXMLBGAME-25JUL23HOUARI-HOU,34,66,28,yes
1753301221689,1753301221,KXMLBGAME-25JUL23MILSEA-MIL,70,30,69,yes
1753301221772,1753301221,KXMLBGAME-25JUL23STLCOL-COL,86,14,138,yes
1753301222032,1753301221,KXMLBGAME-25JUL23STLCOL-COL,86,14,35,yes
1753301223171,1753301223,KXMLBGAME-25JUL23MILSEA-MIL,69,31,71,yes
1753301223171,1753301223,KXMLBGAME-25JUL23MILSEA-MIL,70,30,719,yes
1753301223371,1753301223,KXMLBGAME-25JUL23MILSEA-MIL,69,31,51,yes
1753301223510,1753301223,KXMLBGAME-25JUL23STLCOL-COL,86,14,6,yes
1753301223510,1753301223,KXMLBGAME-25JUL23STLCOL-COL,86,14,13,yes
1753301224757,1753301224,KXMLBGAME-25JUL23MILSEA-MIL,70,30,198,yes
1753301225891,1753301225,KXMLBGAME-25JUL23STLCOL-STL,17,83,3,yes
1753301225891,1753301225,KXMLBGAME-25JUL23STLCOL-STL,17,83,87,yes
1753301225891,1753301225,KXMLBGAME-25JUL23STLCOL-STL,17,83,110,yes
1753301227332,1753301227,KXMLBGAME-25JUL23STLCOL-COL,86,14,1130,yes
1753301230336,1753301230,KXMLBGAME-25JUL23KCCHC-KC,99,1,10,yes
1753301231353,1753301231,KXMLBGAME-25JUL23STLCOL-STL,16,84,29,yes
1753301232953,1753301232,KXMLBGAME-25JUL23MILSEA-SEA,33,67,81,yes
1753301233875,1753301233,KXMLBGAME-25JUL23STLCOL-COL,86,14,1196,yes
1753301235973,1753301235,KXMLBGAME-25JUL23MILSEA-MIL,69,31,7,yes
1753301241770,1753301241,KXMLBGAME-25JUL23HOUARI-HOU,34,66,14,yes
1753301241873,1753301241,KXMLBGAME-25JUL23KCCHC-KC,98,2,194,yes
1753301243054,1753301242,KXMLBGAME-25JUL23KCCHC-KC,98,2,106,yes
1753301243054,1753301242,KXMLBGAME-25JUL23KCCHC-KC,99,1,63,yes
1753301243493,1753301243,KXMLBGAME-25JUL23KCCHC-KC,97,3,10,no
1753301244318,1753301244,KXMLBGAME-25JUL23HOUARI-HOU,34,66,140,yes
1753301247793,1753301247,KXMLBGAME-25JUL23KCCHC-KC,97,3,172,no
1753301248415,1753301248,KXMLBGAME-25JUL23HOUARI-HOU,34,66,146,yes
1753301248415,1753301248,KXMLBGAME-25JUL23HOUARI-HOU,34,66,135,yes
1753301248951,1753301248,KXMLBGAME-25JUL23HOUARI-ARI,67,33,14,yes
1753301250873,1753301250,KXMLBGAME-25JUL23STLCOL-COL,86,14,600,yes
1753301250873,1753301250,KXMLBGAME-25JUL23STLCOL-COL,87,13,42,yes
1753301251092,1753301251,KXMLBGAME-25JUL23HOUARI-HOU,34,66,9,yes
1753301251572,1753301251,KXMLBGAME-25JUL23KCCHC-KC,98,2,74,yes
1753301252052,1753301251,KXMLBGAME-25JUL23MILSEA-MIL,69,31,35,yes
1753301252103,1753301252,KXMLBGAME-25JUL23STLCOL-STL,16,84,100,yes
1753301254760,1753301254,KXMLBGAME-25JUL23STLCOL-STL,16,84,29,yes
1753301255510,1753301255,KXMLBGAME-25JUL23HOUARI-HOU,34,66,56,yes
1753301260334,1753301260,KXMLBGAME-25JUL23STLCOL-COL,86,14,57,yes
1753301260373,1753301260,KXMLBGAME-25JUL23KCCHC-CHC,2,98,1000,yes
1753301260373,1753301260,KXMLBGAME-25JUL23KCCHC-CHC,3,97,893,yes
1753301260613,1753301260,KXMLBGAME-25JUL23STLCOL-COL,86,14,50,yes
1753301260853,1753301260,KXMLBGAME-25JUL23HOUARI-ARI,67,33,40,yes
1753301261735,1753301261,KXMLBGAME-25JUL23KCCHC-KC,97,3,40,no
1753301262151,1753301262,KXMLBGAME-25JUL23HOUARI-HOU,34,66,63,yes
1753301263751,1753301263,KXMLBGAME-25JUL23MILSEA-MIL,69,31,236,yes
1753301263992,1753301263,KXMLBGAME-25JUL23KCCHC-CHC,2,98,6,no
1753301266195,1753301266,KXMLBGAME-25JUL23KCCHC-KC,98,2,10,yes
1753301277752,1753301277,KXMLBGAME-25JUL23KCCHC-CHC,3,97,46,yes
1753301279773,1753301279,KXMLBGAME-25JUL23HOUARI-HOU,35,65,300,yes
1753301279773,1753301279,KXMLBGAME-25JUL23HOUARI-HOU,36,64,87,yes
1753301279773,1753301279,KXMLBGAME-25JUL23HOUARI-HOU,36,64,285,yes
1753301280652,1753301280,KXMLBGAME-25JUL23MILSEA-SEA,39,61,10,yes
1753301280652,1753301280,KXMLBGAME-25JUL23MILSEA-SEA,40,60,87,yes
1753301280652,1753301280,KXMLBGAME-25JUL23MILSEA-SEA,41,59,139,yes
1753301280712,1753301280,KXMLBGAME-25JUL23MILSEA-MIL,68,32,5,no
1753301280712,1753301280,KXMLBGAME-25JUL23MILSEA-MIL,65,35,5,no
1753301283631,1753301283,KXMLBGAME-25JUL23MILSEA-MIL,75,25,25,yes
1753301283631,1753301283,KXMLBGAME-25JUL23MILSEA-MIL,75,25,10,yes
1753301283852,1753301283,KXMLBGAME-25JUL23MILSEA-MIL,75,25,52,yes
1753301283852,1753301283,KXMLBGAME-25JUL23MILSEA-MIL,75,25,8,yes
1753301283852,1753301283,KXMLBGAME-25JUL23MILSEA-MIL,75,25,70,yes
1753301284796,1753301284,KXMLBGAME-25JUL23HOUARI-HOU,35,65,109,yes
1753301285471,1753301285,KXMLBGAME-25JUL23HOUARI-ARI,66,34,29,yes
1753301286273,1753301286,KXMLBGAME-25JUL23STLCOL-COL,86,14,115,yes
1753301289571,1753301289,KXMLBGAME-25JUL23STLCOL-STL,16,84,42,yes
1753301289571,1753301289,KXMLBGAME-25JUL23STLCOL-STL,16,84,108,yes
1753301290191,1753301290,KXMLBGAME-25JUL23STLCOL-COL,86,14,17,yes
1753301290498,1753301290,KXMLBGAME-25JUL23STLCOL-STL,16,84,192,yes
1753301290498,1753301290,KXMLBGAME-25JUL23STLCOL-STL,16,84,103,yes
1753301290931,1753301290,KXMLBGAME-25JUL23HOUARI-HOU,35,65,191,yes
1753301290931,1753301290,KXMLBGAME-25JUL23HOUARI-HOU,36,64,877,yes
1753301290971,1753301290,KXMLBGAME-25JUL23STLCOL-COL,86,14,28,yes
1753301292614,1753301292,KXMLBGAME-25JUL23KCCHC-CHC,3,97,31,yes
1753301294270,1753301294,KXMLBGAME-25JUL23HOUARI-HOU,35,65,13,yes
1753301294751,1753301294,KXMLBGAME-25JUL23KCCHC-CHC,3,97,20,yes
1753301294931,1753301294,KXMLBGAME-25JUL23HOUARI-HOU,35,65,287,yes
1753301294931,1753301294,KXMLBGAME-25JUL23HOUARI-HOU,35,65,292,yes
1753301294970,1753301294,KXMLBGAME-25JUL23MILSEA-MIL,74,26,86,yes
1753301295073,1753301295,KXMLBGAME-25JUL23BALCLE-CLE,55,45,23,yes
1753301299707,1753301299,KXMLBGAME-25JUL23BALCLE-CLE,55,45,7,yes
1753301303811,1753301303,KXMLBGAME-25JUL23HOUARI-HOU,35,65,12,yes
1753301310930,1753301310,KXMLBGAME-25JUL23STLCOL-COL,84,16,500,no
1753301311735,1753301311,KXMLBGAME-25JUL23NYYTOR-TOR,45,55,3,yes
1753301311735,1753301311,KXMLBGAME-25JUL23NYYTOR-TOR,45,55,127,yes
1753301312512,1753301312,KXMLBGAME-25JUL23STLCOL-COL,83,17,500,no
1753301319785,1753301319,KXMLBGAME-25JUL23KCCHC-CHC,3,97,62,yes
1753301320371,1753301320,KXMLBGAME-25JUL23MILSEA-MIL,73,27,40,yes
1753301321015,1753301320,KXMLBGAME-25JUL23KCCHC-CHC,3,97,5,yes
1753301321826,1753301321,KXMLBGAME-25JUL23MILSEA-MIL,73,27,5,yes
1753301321826,1753301321,KXMLBGAME-25JUL23MILSEA-MIL,73,27,15,yes
1753301323373,1753301323,KXMLBGAME-25JUL23NYYTOR-NYY,57,43,8,yes
1753301326232,1753301326,KXMLBGAME-25JUL23BALCLE-CLE,55,45,139,yes
1753301327819,1753301327,KXMLBGAME-25JUL23MINLAD-LAD,67,33,255,yes
1753301334837,1753301334,KXMLBGAME-25JUL23STLCOL-COL,84,16,5,yes
1753301334992,1753301334,KXMLBGAME-25JUL23HOUARI-ARI,67,33,7,yes
1753301337090,1753301336,KXMLBGAME-25JUL23KCCHC-CHC,3,97,93,yes
1753301340633,1753301340,KXMLBGAME-25JUL23STLCOL-STL,17,83,42,yes
1753301340654,1753301340,KXMLBGAME-25JUL23NYYTOR-NYY,57,43,49,yes
1753301346172,1753301346,KXMLBGAME-25JUL23MILSEA-MIL,65,35,2,no
1753301346532,1753301346,KXMLBGAME-25JUL23KCCHC-KC,98,2,32,yes
1753301350372,1753301350,KXMLBGAME-25JUL23HOUARI-HOU,34,66,33,no
1753301351712,1753301351,KXMLBGAME-25JUL23MILSEA-MIL,61,39,79,yes
1753301352374,1753301352,KXMLBGAME-25JUL23KCCHC-CHC,2,98,34,no
1753301355133,1753301355,KXMLBGAME-25JUL23MILSEA-MIL,61,39,14,yes
1753301355212,1753301355,KXMLBGAME-25JUL23MINLAD-MIN,34,66,5,yes
1753301357057,1753301356,KXMLBGAME-25JUL23KCCHC-KC,98,2,1,yes
1753301365914,1753301365,KXMLBGAME-25JUL23STLCOL-COL,84,16,47,yes
1753301366311,1753301366,KXMLBGAME-25JUL23HOUARI-HOU,35,65,14,yes
1753301368873,1753301368,KXMLBGAME-25JUL23MILSEA-SEA,41,59,23,yes
1753301369132,1753301369,KXMLBGAME-25JUL23STLCOL-STL,17,83,8,no
1753301374551,1753301374,KXMLBGAME-25JUL23KCCHC-KC,97,3,4,no
1753301374551,1753301374,KXMLBGAME-25JUL23KCCHC-KC,97,3,2,no
1753301374551,1753301374,KXMLBGAME-25JUL23KCCHC-KC,96,4,9,no
1753301375832,1753301375,KXMLBGAME-25JUL23MINLAD-LAD,67,33,423,yes
1753301375832,1753301375,KXMLBGAME-25JUL23MINLAD-LAD,67,33,87,yes
1753301375832,1753301375,KXMLBGAME-25JUL23MINLAD-LAD,67,33,948,yes
1753301375951,1753301375,KXMLBGAME-25JUL23STLCOL-STL,16,84,300,no
1753301375975,1753301375,KXMLBGAME-25JUL23HOUARI-ARI,67,33,100,yes
1753301377191,1753301377,KXMLBGAME-25JUL23KCCHC-KC,98,2,10,yes
1753301377673,1753301377,KXMLBGAME-25JUL23HOUARI-HOU,34,66,367,no
1753301378512,1753301378,KXMLBGAME-25JUL23HOUARI-HOU,33,67,27,yes
1753301380434,1753301380,KXMLBGAME-25JUL23STLCOL-COL,86,14,39,yes
1753301380790,1753301380,KXMLBGAME-25JUL23STLCOL-STL,16,84,59,yes
1753301381873,1753301381,KXMLBGAME-25JUL23STLCOL-COL,85,15,44,no
1753301382772,1753301382,KXMLBGAME-25JUL23HOUARI-HOU,33,67,14,yes
1753301385793,1753301385,KXMLBGAME-25JUL23STLCOL-STL,15,85,62,yes
1753301385832,1753301385,KXMLBGAME-25JUL23STLCOL-STL,14,86,15,no
1753301387291,1753301387,KXMLBGAME-25JUL23HOUARI-HOU,32,68,100,no
1753301388591,1753301388,KXMLBGAME-25JUL23MILSEA-SEA,41,59,225,yes
1753301389792,1753301389,KXMLBGAME-25JUL23STLCOL-COL,86,14,4,yes
1753301392251,1753301392,KXMLBGAME-25JUL23MINLAD-LAD,67,33,52,yes
1753301392251,1753301392,KXMLBGAME-25JUL23MINLAD-LAD,67,33,6,yes
1753301394128,1753301393,KXMLBGAME-25JUL23STLCOL-STL,15,85,238,yes
1753301394128,1753301393,KXMLBGAME-25JUL23STLCOL-STL,16,84,600,yes
1753301394128,1753301393,KXMLBGAME-25JUL23STLCOL-STL,16,84,87,yes
1753301394128,1753301393,KXMLBGAME-25JUL23STLCOL-STL,16,84,200,yes
1753301394128,1753301393,KXMLBGAME-25JUL23STLCOL-STL,16,84,300,yes
1753301394128,1753301393,KXMLBGAME-25JUL23STLCOL-STL,17,83,200,yes
1753301394128,1753301393,KXMLBGAME-25JUL23STLCOL-STL,17,83,300,yes
1753301394128,1753301393,KXMLBGAME-25JUL23STLCOL-STL,18,82,500,yes
1753301394128,1753301393,KXMLBGAME-25JUL23STLCOL-STL,18,82,2000,yes
1753301394128,1753301393,KXMLBGAME-25JUL23STLCOL-STL,19,81,600,yes
1753301394128,1753301393,KXMLBGAME-25JUL23STLCOL-STL,19,81,500,yes
1753301394128,1753301393,KXMLBGAME-25JUL23STLCOL-STL,20,80,25,yes
1753301394128,1753301393,KXMLBGAME-25JUL23STLCOL-STL,20,80,750,yes
1753301394128,1753301393,KXMLBGAME-25JUL23STLCOL-STL,22,78,103,yes
1753301394152,1753301394,KXMLBGAME-25JUL23KCCHC-CHC,2,98,26,no
1753301401232,1753301401,KXMLBGAME-25JUL23HOUARI-HOU,32,68,32,yes
1753301401273,1753301401,KXMLBGAME-25JUL23MINLAD-LAD,67,33,1076,yes
1753301401453,1753301401,KXMLBGAME-25JUL23MINLAD-MIN,34,66,15,yes
1753301403313,1753301403,KXMLBGAME-25JUL23KCCHC-CHC,3,97,600,yes
1753301404552,1753301404,KXMLBGAME-25JUL23MILSEA-SEA,40,60,23,yes
1753301405431,1753301405,KXMLBGAME-25JUL23HOUARI-HOU,32,68,29,yes
1753301415427,1753301415,KXMLBGAME-25JUL23KCCHC-KC,98,2,2,yes
1753301415974,1753301415,KXMLBGAME-25JUL23KCCHC-KC,98,2,40,yes
1753301416252,1753301416,KXMLBGAME-25JUL23KCCHC-KC,98,2,4,yes
1753301417292,1753301417,KXMLBGAME-25JUL23KCCHC-KC,98,2,127,yes
1753301417292,1753301417,KXMLBGAME-25JUL23KCCHC-KC,98,2,3,yes
1753301417292,1753301417,KXMLBGAME-25JUL23KCCHC-KC,99,1,2876,yes
1753301418293,1753301418,KXMLBGAME-25JUL23KCCHC-CHC,3,97,18,yes
1753301418571,1753301418,KXMLBGAME-25JUL23MILSEA-SEA,40,60,14,yes
1753301420334,1753301420,KXMLBGAME-25JUL23STLCOL-COL,86,14,230,yes
1753301422078,1753301421,KXMLBGAME-25JUL23STLCOL-COL,85,15,120,no
1753301423272,1753301423,KXMLBGAME-25JUL23MILSEA-SEA,55,45,5,yes
1753301424293,1753301424,KXMLBGAME-25JUL23HOUARI-HOU,31,69,15,yes
1753301425637,1753301425,KXMLBGAME-25JUL23HOUARI-ARI,69,31,300,no
1753301427681,1753301427,KXMLBGAME-25JUL23KCCHC-KC,97,3,105,yes
1753301429893,1753301429,KXMLBGAME-25JUL23MILSEA-MIL,61,39,5,no
1753301432514,1753301432,KXMLBGAME-25JUL23HOUARI-ARI,68,32,23,yes
1753301435114,1753301435,KXMLBGAME-25JUL23KCCHC-KC,97,3,148,yes
1753301436155,1753301436,KXMLBGAME-25JUL23KCCHC-CHC,3,97,12,no
1753301437012,1753301436,KXMLBGAME-25JUL23HOUARI-HOU,34,66,87,no
1753301437012,1753301436,KXMLBGAME-25JUL23HOUARI-HOU,33,67,500,no
1753301437012,1753301436,KXMLBGAME-25JUL23HOUARI-HOU,32,68,500,no
1753301437033,1753301436,KXMLBGAME-25JUL23KCCHC-KC,97,3,247,yes
1753301437033,1753301436,KXMLBGAME-25JUL23KCCHC-KC,97,3,300,yes
1753301437033,1753301436,KXMLBGAME-25JUL23KCCHC-KC,98,2,378,yes
1753301437033,1753301436,KXMLBGAME-25JUL23KCCHC-KC,98,2,608,yes
1753301437111,1753301436,KXMLBGAME-25JUL23HOUARI-ARI,67,33,87,yes
1753301437111,1753301436,KXMLBGAME-25JUL23HOUARI-ARI,68,32,750,yes
1753301437111,1753301436,KXMLBGAME-25JUL23HOUARI-ARI,68,32,500,yes
1753301437111,1753301436,KXMLBGAME-25JUL23HOUARI-ARI,68,32,500,yes
1753301437570,1753301437,KXMLBGAME-25JUL23HOUARI-HOU,33,67,1503,yes
1753301443332,1753301443,KXMLBGAME-25JUL23KCCHC-KC,96,4,36,no
1753301444890,1753301444,KXMLBGAME-25JUL23NYYTOR-TOR,44,56,2298,no
1753301446058,1753301445,KXMLBGAME-25JUL23HOUARI-ARI,65,35,30,yes
1753301452872,1753301452,KXMLBGAME-25JUL23KCCHC-CHC,4,96,1,yes
1753301455192,1753301455,KXMLBGAME-25JUL23KCCHC-KC,96,4,5,no
1753301455192,1753301455,KXMLBGAME-25JUL23KCCHC-KC,96,4,10,no
1753301455192,1753301455,KXMLBGAME-25JUL23KCCHC-KC,95,5,30,no
1753301456211,1753301456,KXMLBGAME-25JUL23MILSEA-SEA,49,51,422,no
1753301458630,1753301457,KXMLBGAME-25JUL23HOUARI-ARI,65,35,150,yes
1753301459049,1753301458,KXMLBGAME-25JUL23HOUARI-ARI,65,35,1,yes
1753301465632,1753301465,KXMLBGAME-25JUL23MILSEA-MIL,50,50,77,yes
1753301469011,1753301468,KXMLBGAME-25JUL23MINLAD-LAD,68,32,107,yes
1753301470516,1753301470,KXMLBGAME-25JUL23MILSEA-SEA,52,48,50,yes
1753301476354,1753301476,KXMLBGAME-25JUL23MINLAD-LAD,68,32,581,yes
1753301476633,1753301476,KXMLBGAME-25JUL23STLCOL-STL,15,85,50,yes
1753301477731,1753301477,KXMLBGAME-25JUL23MILSEA-SEA,53,47,16,yes
1753301477810,1753301477,KXMLBGAME-25JUL23HOUARI-ARI,65,35,7,yes
1753301478313,1753301478,KXMLBGAME-25JUL23KCCHC-KC,96,4,6,no
1753301484212,1753301484,KXMLBGAME-25JUL23KCCHC-KC,96,4,164,no
1753301486130,1753301486,KXMLBGAME-25JUL23HOUARI-ARI,65,35,13,yes
1753301486153,1753301486,KXMLBGAME-25JUL23KCCHC-CHC,4,96,3000,yes
1753301486153,1753301486,KXMLBGAME-25JUL23KCCHC-CHC,5,95,200,yes
1753301486153,1753301486,KXMLBGAME-25JUL23KCCHC-CHC,5,95,300,yes
1753301486153,1753301486,KXMLBGAME-25JUL23KCCHC-CHC,5,95,87,yes
1753301486153,1753301486,KXMLBGAME-25JUL23KCCHC-CHC,5,95,200,yes
1753301486153,1753301486,KXMLBGAME-25JUL23KCCHC-CHC,6,94,200,yes
1753301486153,1753301486,KXMLBGAME-25JUL23KCCHC-CHC,6,94,268,yes
1753301486632,1753301486,KXMLBGAME-25JUL23MILSEA-MIL,51,49,9,yes
1753301487752,1753301487,KXMLBGAME-25JUL23HOUARI-HOU,36,64,21,yes
1753301488911,1753301488,KXMLBGAME-25JUL23NYYTOR-NYY,57,43,20,yes
1753301490393,1753301490,KXMLBGAME-25JUL23MILSEA-SEA,49,51,34,no
1753301490393,1753301490,KXMLBGAME-25JUL23MILSEA-SEA,49,51,10,no
1753301490393,1753301490,KXMLBGAME-25JUL23MILSEA-SEA,49,51,37,no
1753301491436,1753301491,KXMLBGAME-25JUL23KCCHC-CHC,3,97,300,no
1753301491436,1753301491,KXMLBGAME-25JUL23KCCHC-CHC,2,98,369,no
1753301494832,1753301494,KXMLBGAME-25JUL23KCCHC-CHC,8,92,87,yes
1753301494832,1753301494,KXMLBGAME-25JUL23KCCHC-CHC,9,91,183,yes
1753301498192,1753301498,KXMLBGAME-25JUL23HOUARI-ARI,65,35,6,yes
1753301498234,1753301498,KXMLBGAME-25JUL23STLCOL-COL,86,14,172,yes
1753301498672,1753301498,KXMLBGAME-25JUL23STLCOL-STL,14,86,35,no
1753301498672,1753301498,KXMLBGAME-25JUL23STLCOL-STL,14,86,19,no
1753301502013,1753301501,KXMLBGAME-25JUL23MILSEA-MIL,48,52,5,no
1753301502013,1753301501,KXMLBGAME-25JUL23MILSEA-MIL,48,52,4,no
1753301502251,1753301502,KXMLBGAME-25JUL23MILSEA-SEA,52,48,65,yes
1753301504434,1753301504,KXMLBGAME-25JUL23KCCHC-KC,98,2,22,yes
1753301504983,1753301504,KXMLBGAME-25JUL23NYYTOR-TOR,44,56,710,no
1753301505155,1753301505,KXMLBGAME-25JUL23NYYTOR-TOR,44,56,96,no
1753301505155,1753301505,KXMLBGAME-25JUL23NYYTOR-TOR,44,56,18,no
1753301505155,1753301505,KXMLBGAME-25JUL23NYYTOR-TOR,44,56,1,no
1753301505155,1753301505,KXMLBGAME-25JUL23NYYTOR-TOR,44,56,5,no
1753301507091,1753301507,KXMLBGAME-25JUL23HOUARI-HOU,36,64,5,yes
1753301507573,1753301507,KXMLBGAME-25JUL23KCCHC-KC,98,2,42,yes
1753301507573,1753301507,KXMLBGAME-25JUL23KCCHC-KC,98,2,250,yes
1753301507573,1753301507,KXMLBGAME-25JUL23KCCHC-KC,98,2,22,yes
1753301507573,1753301507,KXMLBGAME-25JUL23KCCHC-KC,98,2,16,yes
1753301507573,1753301507,KXMLBGAME-25JUL23KCCHC-KC,99,1,1729,yes
1753301507574,1753301507,KXMLBGAME-25JUL23KCCHC-KC,99,1,21,yes
1753301507574,1753301507,KXMLBGAME-25JUL23KCCHC-KC,99,1,133,yes
1753301507574,1753301507,KXMLBGAME-25JUL23KCCHC-KC,99,1,2240,yes
1753301507574,1753301507,KXMLBGAME-25JUL23KCCHC-KC,99,1,3,yes
1753301508212,1753301508,KXMLBGAME-25JUL23MINLAD-LAD,69,31,34,yes
1753301510811,1753301510,KXMLBGAME-25JUL23KCCHC-KC,97,3,132,no
1753301511254,1753301511,KXMLBGAME-25JUL23MINLAD-MIN,32,68,23,yes
1753301513593,1753301513,KXMLBGAME-25JUL23KCCHC-CHC,3,97,156,yes
1753301514172,1753301514,KXMLBGAME-25JUL23MILSEA-MIL,50,50,193,yes
1753301515833,1753301515,KXMLBGAME-25JUL23MILSEA-SEA,50,50,44,no
1753301517727,1753301517,KXMLBGAME-25JUL23MILSEA-MIL,51,49,14,yes
1753301517727,1753301517,KXMLBGAME-25JUL23MILSEA-MIL,51,49,12,yes
1753301517727,1753301517,KXMLBGAME-25JUL23MILSEA-MIL,51,49,7,yes
1753301517727,1753301517,KXMLBGAME-25JUL23MILSEA-MIL,52,48,51,yes
1753301519951,1753301519,KXMLBGAME-25JUL23HOUARI-HOU,35,65,32,no
1753301520415,1753301520,KXMLBGAME-25JUL23STLCOL-STL,15,85,3,yes
1753301521231,1753301521,KXMLBGAME-25JUL23STLCOL-COL,87,13,79,yes
1753301521231,1753301521,KXMLBGAME-25JUL23STLCOL-COL,87,13,172,yes
1753301523634,1753301523,KXMLBGAME-25JUL23ATHTEX-TEX,56,44,3,yes
1753301525372,1753301525,KXMLBGAME-25JUL23KCCHC-KC,97,3,10,no
1753301525612,1753301525,KXMLBGAME-25JUL23MILSEA-MIL,55,45,17,yes
1753301528332,1753301528,KXMLBGAME-25JUL23HOUARI-ARI,65,35,150,yes
1753301528833,1753301528,KXMLBGAME-25JUL23KCCHC-KC,96,4,328,no
1753301531272,1753301531,KXMLBGAME-25JUL23NYYTOR-NYY,57,43,1,yes
1753301533732,1753301533,KXMLBGAME-25JUL23HOUARI-HOU,36,64,61,yes
1753301533732,1753301533,KXMLBGAME-25JUL23HOUARI-HOU,36,64,21,yes
1753301533732,1753301533,KXMLBGAME-25JUL23HOUARI-HOU,36,64,5,yes
1753301533732,1753301533,KXMLBGAME-25JUL23HOUARI-HOU,36,64,117,yes
1753301537251,1753301537,KXMLBGAME-25JUL23MILSEA-SEA,48,52,76,no
1753301538035,1753301537,KXMLBGAME-25JUL23KCCHC-CHC,8,92,100,yes
1753301538035,1753301537,KXMLBGAME-25JUL23KCCHC-CHC,9,91,15,yes
1753301538294,1753301538,KXMLBGAME-25JUL23STLCOL-COL,85,15,5,yes
1753301538612,1753301538,KXMLBGAME-25JUL23HOUARI-HOU,36,64,5,yes
1753301539693,1753301539,KXMLBGAME-25JUL23KCCHC-KC,97,3,2228,no
1753301541073,1753301541,KXMLBGAME-25JUL23MILSEA-MIL,52,48,37,yes
1753301543092,1753301543,KXMLBGAME-25JUL23HOUARI-HOU,36,64,132,yes
1753301548172,1753301548,KXMLBGAME-25JUL23MILSEA-MIL,50,50,87,no
1753301548172,1753301548,KXMLBGAME-25JUL23MILSEA-MIL,49,51,114,no
1753301549217,1753301549,KXMLBGAME-25JUL23MILSEA-SEA,49,51,9,yes
1753301550093,1753301550,KXMLBGAME-25JUL23STLCOL-COL,85,15,33,yes
1753301552815,1753301552,KXMLBGAME-25JUL23STLCOL-STL,15,85,15,no
1753301554334,1753301554,KXMLBGAME-25JUL23MILSEA-MIL,52,48,55,yes
1753301555932,1753301555,KXMLBGAME-25JUL23MINLAD-MIN,32,68,59,yes
1753301556952,1753301556,KXMLBGAME-25JUL23KCCHC-KC,96,4,28,no
1753301557111,1753301556,KXMLBGAME-25JUL23HOUARI-ARI,65,35,15,yes
1753301560093,1753301560,KXMLBGAME-25JUL23MILSEA-SEA,49,51,19,yes
1753301567133,1753301567,KXMLBGAME-25JUL23HOUARI-ARI,65,35,1,yes
1753301567793,1753301567,KXMLBGAME-25JUL23MILSEA-SEA,49,51,23,yes
1753301567793,1753301567,KXMLBGAME-25JUL23MILSEA-SEA,50,50,168,yes
1753301567911,1753301567,KXMLBGAME-25JUL23MILSEA-MIL,52,48,93,yes
1753301568516,1753301568,KXMLBGAME-25JUL23MINLAD-LAD,70,30,69,yes
1753301568610,1753301568,KXMLBGAME-25JUL23MINLAD-MIN,32,68,14,yes
1753301569311,1753301569,KXMLBGAME-25JUL23KCCHC-KC,97,3,51,yes
1753301573114,1753301572,KXMLBGAME-25JUL23KCCHC-KC,97,3,246,yes
1753301573731,1753301573,KXMLBGAME-25JUL23KCCHC-CHC,2,98,62,no
1753301573910,1753301573,KXMLBGAME-25JUL23KCCHC-KC,96,4,56,no
1753301574967,1753301574,KXMLBGAME-25JUL23KCCHC-KC,97,3,103,yes
1753301574967,1753301574,KXMLBGAME-25JUL23KCCHC-KC,97,3,568,yes
1753301574967,1753301574,KXMLBGAME-25JUL23KCCHC-KC,98,2,300,yes
1753301574967,1753301574,KXMLBGAME-25JUL23KCCHC-KC,98,2,368,yes
1753301575233,1753301575,KXMLBGAME-25JUL23MILSEA-MIL,52,48,1,yes
1753301576213,1753301575,KXMLBGAME-25JUL23HOUARI-HOU,35,65,109,yes
1753301576632,1753301576,KXMLBGAME-25JUL23HOUARI-ARI,65,35,3,yes
1753301577332,1753301577,KXMLBGAME-25JUL23HOUARI-ARI,65,35,283,yes
1753301586651,1753301586,KXMLBGAME-25JUL23STLCOL-COL,85,15,11,yes
1753301593292,1753301593,KXMLBGAME-25JUL23MILSEA-MIL,52,48,93,yes
1753301593353,1753301593,KXMLBGAME-25JUL23HOUARI-ARI,66,34,8,yes
1753301596253,1753301596,KXMLBGAME-25JUL23HOUARI-HOU,35,65,273,yes
1753301598473,1753301598,KXMLBGAME-25JUL23KCCHC-KC,98,2,1,yes
1753301603312,1753301603,KXMLBGAME-25JUL23STLCOL-COL,85,15,23,yes
1753301603452,1753301603,KXMLBGAME-25JUL23MINLAD-LAD,70,30,4,yes
1753301603912,1753301603,KXMLBGAME-25JUL23MILSEA-SEA,50,50,87,yes
1753301603912,1753301603,KXMLBGAME-25JUL23MILSEA-SEA,51,49,200,yes
1753301603912,1753301603,KXMLBGAME-25JUL23MILSEA-SEA,51,49,600,yes
1753301603912,1753301603,KXMLBGAME-25JUL23MILSEA-SEA,51,49,155,yes
1753301607234,1753301607,KXMLBGAME-25JUL23MILSEA-SEA,50,50,19,yes
1753301608192,1753301608,KXMLBGAME-25JUL23KCCHC-CHC,3,97,6,no
1753301609731,1753301609,KXMLBGAME-25JUL23KCCHC-CHC,3,97,472,no
1753301610313,1753301610,KXMLBGAME-25JUL23KCCHC-CHC,3,97,22,no
1753301611311,1753301611,KXMLBGAME-25JUL23KCCHC-KC,96,4,10,no
1753301615791,1753301615,KXMLBGAME-25JUL23HOUARI-HOU,35,65,14,yes
1753301617592,1753301617,KXMLBGAME-25JUL23KCCHC-KC,96,4,408,no
1753301617592,1753301617,KXMLBGAME-25JUL23KCCHC-KC,96,4,3,no
1753301617592,1753301617,KXMLBGAME-25JUL23KCCHC-KC,96,4,124,no
1753301617653,1753301617,KXMLBGAME-25JUL23BOSPHI-PHI,59,41,13,yes
1753301619233,1753301619,KXMLBGAME-25JUL23HOUARI-HOU,35,65,210,yes
1753301619531,1753301619,KXMLBGAME-25JUL23HOUARI-HOU,35,65,27,yes
1753301621753,1753301621,KXMLBGAME-25JUL23BOSPHI-BOS,42,58,1837,yes
1753301621913,1753301621,KXMLBGAME-25JUL23BOSPHI-PHI,58,42,1011,no
1753301621914,1753301621,KXMLBGAME-25JUL23BOSPHI-PHI,58,42,826,no
1753301624024,1753301623,KXMLBGAME-25JUL23STLCOL-STL,16,84,25,yes
1753301627374,1753301627,KXMLBGAME-25JUL23HOUARI-ARI,65,35,3,yes
1753301627912,1753301627,KXMLBGAME-25JUL23MILSEA-SEA,50,50,68,yes
1753301627912,1753301627,KXMLBGAME-25JUL23MILSEA-SEA,50,50,19,yes
1753301627913,1753301627,KXMLBGAME-25JUL23MILSEA-SEA,51,49,174,yes
1753301630161,1753301630,KXMLBGAME-25JUL23HOUARI-HOU,36,64,30,yes
1753301630352,1753301630,KXMLBGAME-25JUL23KCCHC-KC,98,2,10,yes
1753301630451,1753301630,KXMLBGAME-25JUL23HOUARI-ARI,64,36,500,no
1753301630571,1753301630,KXMLBGAME-25JUL23HOUARI-HOU,36,64,470,yes
1753301632455,1753301632,KXMLBGAME-25JUL23BOSPHI-BOS,42,58,6,yes
1753301632511,1753301632,KXMLBGAME-25JUL23BOSPHI-BOS,42,58,6,yes
1753301634770,1753301634,KXMLBGAME-25JUL23HOUARI-HOU,36,64,8,no
1753301634815,1753301634,KXMLBGAME-25JUL23HOUARI-ARI,64,36,2791,yes
1753301635212,1753301635,KXMLBGAME-25JUL23MILSEA-SEA,51,49,47,yes
1753301635711,1753301635,KXMLBGAME-25JUL23HOUARI-ARI,64,36,1302,yes
1753301636514,1753301636,KXMLBGAME-25JUL23HOUARI-HOU,35,65,250,no
1753301637943,1753301637,KXMLBGAME-25JUL23MILSEA-SEA,51,49,79,yes
1753301637943,1753301637,KXMLBGAME-25JUL23MILSEA-SEA,51,49,200,yes
1753301637943,1753301637,KXMLBGAME-25JUL23MILSEA-SEA,51,49,5,yes
1753301638250,1753301638,KXMLBGAME-25JUL23STLCOL-STL,17,83,55,yes
1753301639853,1753301639,KXMLBGAME-25JUL23STLCOL-STL,15,85,10,no
1753301639853,1753301639,KXMLBGAME-25JUL23STLCOL-STL,15,85,20,no
1753301640691,1753301640,KXMLBGAME-25JUL23STLCOL-STL,17,83,55,yes
1753301643195,1753301643,KXMLBGAME-25JUL23KCCHC-KC,97,3,25,no
1753301644355,1753301644,KXMLBGAME-25JUL23MILSEA-SEA,51,49,145,yes
1753301645153,1753301645,KXMLBGAME-25JUL23BALCLE-CLE,55,45,216,yes
1753301647332,1753301647,KXMLBGAME-25JUL23HOUARI-HOU,33,67,14,yes
1753301648412,1753301648,KXMLBGAME-25JUL23MILSEA-SEA,51,49,84,yes
1753301648412,1753301648,KXMLBGAME-25JUL23MILSEA-SEA,51,49,4,yes
1753301649151,1753301649,KXMLBGAME-25JUL23HOUARI-HOU,33,67,14,yes
1753301654132,1753301654,KXMLBGAME-25JUL23MILSEA-MIL,52,48,5,yes
1753301655492,1753301655,KXMLBGAME-25JUL23STLCOL-STL,15,85,22,no
1753301662332,1753301662,KXMLBGAME-25JUL23BALCLE-CLE,55,45,44,yes
1753301663812,1753301663,KXMLBGAME-25JUL23KCCHC-CHC,2,98,42,no
1753301666951,1753301666,KXMLBGAME-25JUL23HOUARI-HOU,33,67,15,yes
1753301667792,1753301667,KXMLBGAME-25JUL23HOUARI-ARI,67,33,289,yes
1753301669033,1753301668,KXMLBGAME-25JUL23KCCHC-KC,98,2,39,yes
1753301669033,1753301668,KXMLBGAME-25JUL23KCCHC-KC,98,2,8,yes
1753301669033,1753301668,KXMLBGAME-25JUL23KCCHC-KC,98,2,3,yes
1753301669033,1753301668,KXMLBGAME-25JUL23KCCHC-KC,99,1,12,yes
1753301672193,1753301672,KXMLBGAME-25JUL23KCCHC-KC,97,3,11,no
1753301673131,1753301673,KXMLBGAME-25JUL23MILSEA-MIL,52,48,16,yes
1753301673131,1753301673,KXMLBGAME-25JUL23MILSEA-MIL,52,48,2,yes
1753301676132,1753301676,KXMLBGAME-25JUL23STLCOL-STL,17,83,105,yes
1753301682012,1753301681,KXMLBGAME-25JUL23MILSEA-MIL,51,49,10,no
1753301682372,1753301682,KXMLBGAME-25JUL23MINLAD-LAD,71,29,35,yes
1753301686811,1753301686,KXMLBGAME-25JUL23MILSEA-MIL,52,48,13,yes
1753301689233,1753301688,KXMLBGAME-25JUL23KCCHC-KC,99,1,3321,yes
1753301689233,1753301688,KXMLBGAME-25JUL23KCCHC-KC,99,1,300,yes
1753301689233,1753301688,KXMLBGAME-25JUL23KCCHC-KC,99,1,36,yes
1753301689233,1753301688,KXMLBGAME-25JUL23KCCHC-KC,99,1,11,yes
1753301689611,1753301689,KXMLBGAME-25JUL23STLCOL-COL,84,16,235,yes
1753301690111,1753301689,KXMLBGAME-25JUL23KCCHC-KC,97,3,1003,no
1753301698535,1753301698,KXMLBGAME-25JUL23KCCHC-KC,99,1,10,yes
1753301699720,1753301699,KXMLBGAME-25JUL23KCCHC-KC,97,3,41,no
1753301700198,1753301700,KXMLBGAME-25JUL23STLCOL-COL,84,16,139,yes
1753301700198,1753301700,KXMLBGAME-25JUL23STLCOL-COL,84,16,96,yes
1753301701172,1753301701,KXMLBGAME-25JUL23KCCHC-KC,97,3,17,no
1753301701353,1753301701,KXMLBGAME-25JUL23HOUARI-HOU,33,67,14,yes
1753301702251,1753301702,KXMLBGAME-25JUL23MINLAD-LAD,71,29,28,yes
1753301706511,1753301706,KXMLBGAME-25JUL23KCCHC-KC,97,3,356,no
1753301707251,1753301707,KXMLBGAME-25JUL23MINLAD-LAD,71,29,138,yes
1753301708211,1753301708,KXMLBGAME-25JUL23ATHTEX-TEX,56,44,303,yes
