client_ts,server_ts,market_ticker,yes_price,no_price,count,taker_side
1754956180899,1754956180,KXMLBGAME-25AUG11PHICIN-PHI,23,77,412,yes
1754956184046,1754956184,KXMLBGAME-25AUG11PHICIN-PHI,23,77,1515,yes
1754956192018,1754956191,KXMLBGAME-25AUG11WSHKC-KC,43,57,22,yes
1754956195636,1754956195,KXMLBGAME-25AUG11DETCWS-DET,59,41,72,yes
1754956196056,1754956195,KXMLBGAME-25AUG11WSHKC-KC,43,57,11,yes
1754956196414,1754956196,KXMLBGAME-25AUG11MINNYY-NYY,78,22,3,yes
1754956196414,1754956196,KXMLBGAME-25AUG11MINNYY-NYY,78,22,28,yes
1754956202411,1754956202,KXMLBGAME-25AUG11PITMIL-PIT,33,67,14,yes
1754956202470,1754956202,KXMLBGAME-25AUG11WSHKC-KC,43,57,1000,yes
1754956212225,1754956212,KXMLBGAME-25AUG11PITMIL-PIT,33,67,2,yes
1754956212455,1754956212,KXMLBGAME-25AUG11WSHKC-WSH,58,42,1507,yes
1754956213240,1754956213,KXMLBGAME-25AUG11COLSTL-STL,69,31,23,yes
1754956213240,1754956213,KXMLBGAME-25AUG11COLSTL-STL,69,31,55,yes
1754956213740,1754956213,KXMLBGAME-25AUG11COLSTL-STL,69,31,5,yes
1754956223154,1754956222,KXMLBGAME-25AUG11WSHKC-KC,43,57,33,yes
1754956223966,1754956223,KXMLBGAME-25AUG11PHICIN-CIN,78,22,30,yes
1754956225605,1754956225,KXMLBGAME-25AUG11PITMIL-MIL,69,31,2354,yes
1754956227034,1754956227,KXMLBGAME-25AUG11PHICIN-CIN,78,22,18,yes
1754956231025,1754956230,KXMLBGAME-25AUG11PHICIN-PHI,24,76,194,yes
1754956231164,1754956231,KXMLBGAME-25AUG11PITMIL-PIT,33,67,43,yes
1754956233636,1754956233,KXMLBGAME-25AUG11DETCWS-DET,59,41,100,yes
1754956234515,1754956234,KXMLBGAME-25AUG11PHICIN-CIN,77,23,1,yes
1754956234515,1754956234,KXMLBGAME-25AUG11PHICIN-CIN,78,22,24,yes
1754956237478,1754956237,KXMLBGAME-25AUG11WSHKC-WSH,58,42,1,yes
1754956241935,1754956241,KXMLBGAME-25AUG11WSHKC-KC,43,57,191,yes
1754956243695,1754956243,KXMLBGAME-25AUG11PHICIN-PHI,24,76,9,yes
1754956246116,1754956246,KXMLBGAME-25AUG11PHICIN-PHI,24,76,39,yes
1754956246656,1754956246,KXMLBGAME-25AUG11PITMIL-MIL,69,31,100,yes
1754956249875,1754956249,KXMLBGAME-25AUG11PITMIL-MIL,68,32,28,yes
1754956253424,1754956253,KXMLBGAME-25AUG11COLSTL-STL,70,30,1500,no
1754956253434,1754956253,KXMLBGAME-25AUG11PHICIN-CIN,77,23,63,yes
1754956257262,1754956257,KXMLBGAME-25AUG11PHICIN-PHI,23,77,129,no
1754956258041,1754956257,KXMLBGAME-25AUG11MINNYY-MIN,25,75,38,yes
1754956260276,1754956260,KXMLBGAME-25AUG11COLSTL-COL,30,70,50,yes
1754956261716,1754956261,KXMLBGAME-25AUG11PITMIL-MIL,68,32,50,yes
1754956267952,1754956267,KXMLBGAME-25AUG11PHICIN-CIN,76,24,19,yes
1754956271145,1754956271,KXMLBGAME-25AUG11MINNYY-NYY,77,23,20,yes
1754956271478,1754956271,KXMLBGAME-25AUG11MINNYY-MIN,24,76,50,yes
1754956273230,1754956273,KXMLBGAME-25AUG11PHICIN-CIN,76,24,64,yes
1754956275196,1754956275,KXMLBGAME-25AUG11DETCWS-DET,59,41,24,yes
1754956279226,1754956279,KXMLBGAME-25AUG11DETCWS-DET,59,41,8,yes
1754956282837,1754956282,KXMLBGAME-25AUG11LADLAA-LAD,61,39,15,yes
1754956283686,1754956283,KXMLBGAME-25AUG11PHICIN-PHI,25,75,10,yes
1754956283686,1754956283,KXMLBGAME-25AUG11PHICIN-PHI,25,75,9,yes
1754956286106,1754956286,KXMLBGAME-25AUG11PITMIL-MIL,68,32,4,yes
1754956288715,1754956288,KXMLBGAME-25AUG11WSHKC-KC,44,56,21,yes
1754956296054,1754956295,KXMLBGAME-25AUG11DETCWS-DET,59,41,247,yes
1754956297675,1754956297,KXMLBGAME-25AUG11PHICIN-CIN,76,24,167,yes
1754956297675,1754956297,KXMLBGAME-25AUG11PHICIN-CIN,76,24,577,yes
1754956298551,1754956298,KXMLBGAME-25AUG11PITMIL-PIT,34,66,14,yes
1754956302078,1754956302,KXMLBGAME-25AUG11MINNYY-MIN,24,76,1317,yes
1754956303867,1754956303,KXMLBGAME-25AUG11PHICIN-PHI,26,74,10,yes
1754956306685,1754956306,KXMLBGAME-25AUG11DETCWS-DET,60,40,39,yes
1754956306685,1754956306,KXMLBGAME-25AUG11DETCWS-DET,60,40,1,yes
1754956307054,1754956307,KXMLBGAME-25AUG11DETCWS-CWS,42,58,56,yes
1754956308816,1754956308,KXMLBGAME-25AUG11COLSTL-COL,30,70,47,yes
1754956314691,1754956314,KXMLBGAME-25AUG11PITMIL-PIT,29,71,1,yes
1754956315514,1754956315,KXMLBGAME-25AUG11SDSF-SD,47,53,12,yes
1754956315514,1754956315,KXMLBGAME-25AUG11SDSF-SD,47,53,8,yes
1754956325345,1754956325,KXMLBGAME-25AUG11PHICIN-PHI,26,74,18,yes
1754956326416,1754956326,KXMLBGAME-25AUG11MINNYY-NYY,76,24,10,yes
1754956329527,1754956329,KXMLBGAME-25AUG11PHICIN-PHI,26,74,36,yes
1754956330144,1754956330,KXMLBGAME-25AUG11PHICIN-PHI,26,74,78,yes
1754956333317,1754956333,KXMLBGAME-25AUG11PITMIL-MIL,73,27,100,yes
1754956333414,1754956333,KXMLBGAME-25AUG11PITMIL-MIL,74,26,3,no
1754956333736,1754956333,KXMLBGAME-25AUG11MINNYY-MIN,21,79,3,yes
1754956334175,1754956334,KXMLBGAME-25AUG11MINNYY-NYY,79,21,3,yes
1754956337215,1754956337,KXMLBGAME-25AUG11MINNYY-MIN,20,80,50,no
1754956337317,1754956337,KXMLBGAME-25AUG11PHICIN-PHI,26,74,18,yes
1754956338255,1754956338,KXMLBGAME-25AUG11MINNYY-NYY,80,20,100,yes
1754956338255,1754956338,KXMLBGAME-25AUG11MINNYY-NYY,80,20,50,yes
1754956339585,1754956339,KXMLBGAME-25AUG11PHICIN-PHI,26,74,36,yes
1754956344086,1754956344,KXMLBGAME-25AUG11DETCWS-DET,59,41,24,yes
1754956346055,1754956346,KXMLBGAME-25AUG11PHICIN-PHI,26,74,365,yes
1754956347804,1754956347,KXMLBGAME-25AUG11MINNYY-MIN,18,82,3,no
1754956347955,1754956347,KXMLBGAME-25AUG11MINNYY-MIN,18,82,3,yes
1754956355936,1754956355,KXMLBGAME-25AUG11WSHKC-KC,42,58,800,yes
1754956356614,1754956356,KXMLBGAME-25AUG11MINNYY-MIN,17,83,5,no
1754956357025,1754956356,KXMLBGAME-25AUG11PHICIN-CIN,76,24,12,yes
1754956358771,1754956358,KXMLBGAME-25AUG11SDSF-SF,54,46,179,yes
1754956362019,1754956361,KXMLBGAME-25AUG11PITMIL-PIT,25,75,15,yes
1754956365516,1754956365,KXMLBGAME-25AUG11PITMIL-MIL,75,25,100,yes
1754956365516,1754956365,KXMLBGAME-25AUG11PITMIL-MIL,75,25,293,yes
1754956367766,1754956367,KXMLBGAME-25AUG11MINNYY-MIN,18,82,48,yes
1754956367766,1754956367,KXMLBGAME-25AUG11MINNYY-MIN,18,82,11,yes
1754956370757,1754956370,KXMLBGAME-25AUG11MINNYY-MIN,18,82,4,yes
1754956372776,1754956372,KXMLBGAME-25AUG11MINNYY-NYY,83,17,3,no
1754956372909,1754956372,KXMLBGAME-25AUG11PHICIN-PHI,26,74,3,yes
1754956374893,1754956374,KXMLBGAME-25AUG11TBATH-TB,51,49,90,yes
1754956374893,1754956374,KXMLBGAME-25AUG11TBATH-TB,51,49,4,yes
1754956375667,1754956375,KXMLBGAME-25AUG11PITMIL-MIL,76,24,2588,yes
1754956376319,1754956375,KXMLBGAME-25AUG11MINNYY-MIN,18,82,26,yes
1754956376877,1754956376,KXMLBGAME-25AUG11BOSHOU-BOS,61,39,159,yes
1754956377302,1754956377,KXMLBGAME-25AUG11MINNYY-NYY,84,16,17,yes
1754956378876,1754956378,KXMLBGAME-25AUG11LADLAA-LAA,40,60,23,yes
1754956387286,1754956387,KXMLBGAME-25AUG11PHICIN-CIN,75,25,1,yes
1754956387286,1754956387,KXMLBGAME-25AUG11PHICIN-CIN,76,24,44,yes
1754956387697,1754956387,KXMLBGAME-25AUG11PITMIL-PIT,25,75,38,yes
1754956388778,1754956388,KXMLBGAME-25AUG11PHICIN-PHI,25,75,60,no
1754956389621,1754956389,KXMLBGAME-25AUG11PITMIL-PIT,25,75,11,yes
1754956392404,1754956392,KXMLBGAME-25AUG11PHICIN-PHI,24,76,10,no
1754956393256,1754956393,KXMLBGAME-25AUG11DETCWS-DET,56,44,1732,yes
1754956396670,1754956396,KXMLBGAME-25AUG11PITMIL-PIT,25,75,7,yes
1754956396981,1754956396,KXMLBGAME-25AUG11PITMIL-MIL,77,23,40,yes
1754956398471,1754956398,KXMLBGAME-25AUG11PHICIN-PHI,24,76,3,yes
1754956399260,1754956399,KXMLBGAME-25AUG11BOSHOU-HOU,41,59,23,yes
1754956399476,1754956399,KXMLBGAME-25AUG11DETCWS-DET,57,43,667,yes
1754956403423,1754956403,KXMLBGAME-25AUG11PHICIN-PHI,23,77,722,no
1754956403779,1754956403,KXMLBGAME-25AUG11BOSHOU-HOU,41,59,23,yes
1754956407509,1754956407,KXMLBGAME-25AUG11PHICIN-CIN,78,22,25,yes
1754956407939,1754956407,KXMLBGAME-25AUG11MINNYY-MIN,18,82,10,yes
1754956409462,1754956409,KXMLBGAME-25AUG11COLSTL-COL,32,68,8,yes
1754956410634,1754956410,KXMLBGAME-25AUG11MINNYY-NYY,84,16,4,yes
1754956411895,1754956411,KXMLBGAME-25AUG11PHICIN-CIN,76,24,20,no
1754956413964,1754956413,KXMLBGAME-25AUG11MINNYY-NYY,83,17,1285,no
1754956414458,1754956414,KXMLBGAME-25AUG11COLSTL-COL,32,68,68,yes
1754956414948,1754956414,KXMLBGAME-25AUG11PHICIN-PHI,24,76,19,yes
1754956415933,1754956415,KXMLBGAME-25AUG11PHICIN-CIN,78,22,24,yes
1754956416267,1754956416,KXMLBGAME-25AUG11MINNYY-MIN,18,82,55,yes
1754956421084,1754956420,KXMLBGAME-25AUG11PHICIN-CIN,77,23,6,yes
1754956421393,1754956421,KXMLBGAME-25AUG11PHICIN-CIN,77,23,178,yes
1754956422178,1754956421,KXMLBGAME-25AUG11PHICIN-CIN,77,23,6,yes
1754956422312,1754956422,KXMLBGAME-25AUG11PHICIN-PHI,24,76,79,yes
1754956426074,1754956426,KXMLBGAME-25AUG11DETCWS-CWS,45,55,55,yes
1754956429366,1754956429,KXMLBGAME-25AUG11COLSTL-STL,70,30,50,yes
1754956429611,1754956429,KXMLBGAME-25AUG11MINNYY-MIN,18,82,26,yes
1754956432867,1754956432,KXMLBGAME-25AUG11PHICIN-PHI,24,76,50,yes
1754956433690,1754956433,KXMLBGAME-25AUG11MINNYY-MIN,18,82,7,yes
1754956434249,1754956434,KXMLBGAME-25AUG11MINNYY-MIN,18,82,5,yes
1754956434628,1754956434,KXMLBGAME-25AUG11MINNYY-MIN,18,82,61,yes
1754956435985,1754956435,KXMLBGAME-25AUG11PHICIN-CIN,77,23,2810,yes
1754956439164,1754956439,KXMLBGAME-25AUG11PHICIN-CIN,78,22,19,yes
1754956439164,1754956439,KXMLBGAME-25AUG11PHICIN-CIN,79,21,547,yes
1754956439164,1754956439,KXMLBGAME-25AUG11MINNYY-MIN,17,83,95,no
1754956439164,1754956439,KXMLBGAME-25AUG11MINNYY-MIN,14,86,100,no
1754956439255,1754956439,KXMLBGAME-25AUG11MINNYY-NYY,84,16,79,yes
1754956439561,1754956439,KXMLBGAME-25AUG11PHICIN-PHI,24,76,197,yes
1754956442146,1754956442,KXMLBGAME-25AUG11PITMIL-PIT,27,73,7,yes
1754956448131,1754956448,KXMLBGAME-25AUG11DETCWS-DET,60,40,50,yes
1754956453094,1754956453,KXMLBGAME-25AUG11WSHKC-WSH,58,42,9,yes
1754956462492,1754956462,KXMLBGAME-25AUG11PHICIN-PHI,22,78,22,yes
1754956465790,1754956465,KXMLBGAME-25AUG11PHICIN-PHI,21,79,112,yes
1754956465790,1754956465,KXMLBGAME-25AUG11PHICIN-PHI,22,78,53,yes
1754956465882,1754956465,KXMLBGAME-25AUG11MINNYY-MIN,11,89,85,yes
1754956468434,1754956468,KXMLBGAME-25AUG11WSHKC-KC,45,55,50,yes
1754956469489,1754956469,KXMLBGAME-25AUG11MINNYY-MIN,10,90,9,no
1754956469489,1754956469,KXMLBGAME-25AUG11MINNYY-MIN,10,90,6,no
1754956469489,1754956469,KXMLBGAME-25AUG11MINNYY-MIN,9,91,112,no
1754956469489,1754956469,KXMLBGAME-25AUG11MINNYY-MIN,9,91,12,no
1754956469489,1754956469,KXMLBGAME-25AUG11MINNYY-MIN,8,92,1427,no
1754956474745,1754956474,KXMLBGAME-25AUG11DETCWS-CWS,42,58,4,yes
1754956475105,1754956475,KXMLBGAME-25AUG11MINNYY-MIN,9,91,112,no
1754956475168,1754956475,KXMLBGAME-25AUG11PHICIN-CIN,80,20,99,yes
1754956476286,1754956476,KXMLBGAME-25AUG11MINNYY-MIN,11,89,195,yes
1754956480975,1754956480,KXMLBGAME-25AUG11MINNYY-NYY,90,10,2,yes
1754956481066,1754956481,KXMLBGAME-25AUG11WSHKC-KC,44,56,50,yes
1754956482523,1754956482,KXMLBGAME-25AUG11WSHKC-KC,44,56,328,yes
1754956483413,1754956483,KXMLBGAME-25AUG11MINNYY-MIN,8,92,146,no
1754956483478,1754956483,KXMLBGAME-25AUG11WSHKC-KC,44,56,50,yes
1754956484787,1754956484,KXMLBGAME-25AUG11BOSHOU-BOS,61,39,175,yes
1754956484787,1754956484,KXMLBGAME-25AUG11BOSHOU-BOS,61,39,157,yes
1754956484787,1754956484,KXMLBGAME-25AUG11BOSHOU-BOS,61,39,125,yes
1754956484788,1754956484,KXMLBGAME-25AUG11BOSHOU-BOS,61,39,144,yes
1754956484788,1754956484,KXMLBGAME-25AUG11BOSHOU-BOS,61,39,305,yes
1754956486838,1754956486,KXMLBGAME-25AUG11PHICIN-PHI,21,79,225,yes
1754956487408,1754956487,KXMLBGAME-25AUG11MINNYY-NYY,90,10,110,yes
1754956488205,1754956488,KXMLBGAME-25AUG11COLSTL-COL,31,69,69,yes
1754956488205,1754956488,KXMLBGAME-25AUG11COLSTL-COL,32,68,3000,yes
1754956488344,1754956488,KXMLBGAME-25AUG11PHICIN-CIN,80,20,30,yes
1754956488670,1754956488,KXMLBGAME-25AUG11COLSTL-STL,68,32,1500,yes
1754956488670,1754956488,KXMLBGAME-25AUG11COLSTL-STL,71,29,570,yes
1754956489342,1754956489,KXMLBGAME-25AUG11DETCWS-DET,60,40,162,yes
1754956491735,1754956491,KXMLBGAME-25AUG11DETCWS-DET,60,40,810,yes
1754956494334,1754956494,KXMLBGAME-25AUG11WSHKC-WSH,59,41,9,yes
1754956495339,1754956495,KXMLBGAME-25AUG11PHICIN-CIN,80,20,61,yes
1754956508415,1754956508,KXMLBGAME-25AUG11PHICIN-PHI,21,79,111,yes
1754956508748,1754956508,KXMLBGAME-25AUG11PITMIL-PIT,27,73,105,yes
1754956508748,1754956508,KXMLBGAME-25AUG11PITMIL-PIT,27,73,89,yes
1754956508748,1754956508,KXMLBGAME-25AUG11PITMIL-PIT,28,72,152,yes
1754956511162,1754956511,KXMLBGAME-25AUG11PHICIN-CIN,80,20,24,yes
1754956513406,1754956513,KXMLBGAME-25AUG11DETCWS-CWS,41,59,2,no
1754956513406,1754956513,KXMLBGAME-25AUG11DETCWS-CWS,38,62,14,no
1754956515635,1754956515,KXMLBGAME-25AUG11PITMIL-MIL,74,26,20,yes
1754956515835,1754956515,KXMLBGAME-25AUG11COLSTL-COL,34,66,16,yes
1754956519605,1754956519,KXMLBGAME-25AUG11PHICIN-PHI,19,81,438,no
1754956520958,1754956520,KXMLBGAME-25AUG11PHICIN-PHI,21,79,45,yes
1754956523555,1754956523,KXMLBGAME-25AUG11PHICIN-CIN,81,19,4,yes
1754956523935,1754956523,KXMLBGAME-25AUG11PHICIN-CIN,81,19,82,yes
1754956524575,1754956524,KXMLBGAME-25AUG11COLSTL-STL,68,32,10,yes
1754956524595,1754956524,KXMLBGAME-25AUG11COLSTL-COL,32,68,10,no
1754956531247,1754956531,KXMLBGAME-25AUG11COLSTL-COL,34,66,10,yes
1754956531267,1754956531,KXMLBGAME-25AUG11COLSTL-STL,66,34,10,no
1754956532143,1754956532,KXMLBGAME-25AUG11PHICIN-CIN,81,19,314,yes
1754956532143,1754956532,KXMLBGAME-25AUG11PHICIN-CIN,81,19,200,yes
1754956532143,1754956532,KXMLBGAME-25AUG11PHICIN-CIN,81,19,70,yes
1754956532205,1754956532,KXMLBGAME-25AUG11MINNYY-MIN,11,89,71,yes
1754956533733,1754956533,KXMLBGAME-25AUG11PHICIN-PHI,19,81,75,no
1754956533733,1754956533,KXMLBGAME-25AUG11PHICIN-PHI,19,81,491,no
1754956534172,1754956534,KXMLBGAME-25AUG11PHICIN-CIN,81,19,2469,yes
1754956534468,1754956534,KXMLBGAME-25AUG11PHICIN-PHI,21,79,2,yes
1754956534587,1754956534,KXMLBGAME-25AUG11PHICIN-CIN,82,18,52,yes
1754956536396,1754956536,KXMLBGAME-25AUG11PHICIN-PHI,21,79,9,yes
1754956539677,1754956539,KXMLBGAME-25AUG11BOSHOU-HOU,41,59,11,yes
1754956540869,1754956540,KXMLBGAME-25AUG11BOSHOU-BOS,61,39,1595,yes
1754956544474,1754956544,KXMLBGAME-25AUG11MINNYY-MIN,12,88,268,yes
1754956549474,1754956549,KXMLBGAME-25AUG11PHICIN-PHI,18,82,10,yes
1754956551766,1754956551,KXMLBGAME-25AUG11PITMIL-PIT,29,71,13,yes
1754956558606,1754956558,KXMLBGAME-25AUG11WSHKC-WSH,58,42,5,yes
1754956560907,1754956560,KXMLBGAME-25AUG11PHICIN-PHI,17,83,100,no
1754956560908,1754956560,KXMLBGAME-25AUG11PHICIN-PHI,16,84,200,no
1754956560915,1754956560,KXMLBGAME-25AUG11PHICIN-PHI,18,82,52,yes
1754956562678,1754956562,KXMLBGAME-25AUG11MINNYY-MIN,10,90,5,no
1754956565134,1754956565,KXMLBGAME-25AUG11DETCWS-DET,65,35,3,yes
1754956567376,1754956567,KXMLBGAME-25AUG11MINNYY-MIN,12,88,132,yes
1754956567376,1754956567,KXMLBGAME-25AUG11MINNYY-MIN,12,88,24,yes
1754956568728,1754956568,KXMLBGAME-25AUG11PHICIN-PHI,18,82,1313,yes
1754956571166,1754956571,KXMLBGAME-25AUG11PHICIN-PHI,17,83,253,no
1754956572586,1754956572,KXMLBGAME-25AUG11PHICIN-PHI,17,83,317,no
1754956573244,1754956573,KXMLBGAME-25AUG11PHICIN-PHI,18,82,5,yes
1754956576667,1754956576,KXMLBGAME-25AUG11PHICIN-PHI,17,83,20,no
1754956580666,1754956580,KXMLBGAME-25AUG11PHICIN-PHI,18,82,5,yes
1754956584666,1754956584,KXMLBGAME-25AUG11WSHKC-WSH,58,42,50,yes
1754956587658,1754956587,KXMLBGAME-25AUG11PHICIN-CIN,83,17,2,yes
1754956587658,1754956587,KXMLBGAME-25AUG11PHICIN-CIN,84,16,100,yes
1754956587658,1754956587,KXMLBGAME-25AUG11PHICIN-CIN,84,16,13,yes
1754956588366,1754956588,KXMLBGAME-25AUG11PITMIL-MIL,75,25,2,yes
1754956589021,1754956588,KXMLBGAME-25AUG11MINNYY-NYY,88,12,69,no
1754956590445,1754956590,KXMLBGAME-25AUG11PHICIN-CIN,84,16,214,yes
1754956590485,1754956590,KXMLBGAME-25AUG11WSHKC-WSH,58,42,18,yes
1754956590956,1754956590,KXMLBGAME-25AUG11PHICIN-PHI,16,84,400,no
1754956594251,1754956594,KXMLBGAME-25AUG11MINNYY-MIN,10,90,257,no
1754956594673,1754956594,KXMLBGAME-25AUG11MINNYY-MIN,12,88,39,yes
1754956596504,1754956596,KXMLBGAME-25AUG11COLSTL-COL,34,66,8,yes
1754956599298,1754956599,KXMLBGAME-25AUG11LADLAA-LAD,61,39,12,yes
1754956599434,1754956599,KXMLBGAME-25AUG11DETCWS-DET,65,35,47,yes
1754956599434,1754956599,KXMLBGAME-25AUG11DETCWS-DET,66,34,1433,yes
1754956601875,1754956601,KXMLBGAME-25AUG11PHICIN-PHI,16,84,224,no
1754956602714,1754956602,KXMLBGAME-25AUG11PHICIN-PHI,17,83,20,no
1754956603194,1754956603,KXMLBGAME-25AUG11WSHKC-WSH,63,37,17,yes
1754956603244,1754956603,KXMLBGAME-25AUG11WSHKC-KC,39,61,17,no
1754956603567,1754956603,KXMLBGAME-25AUG11WSHKC-KC,39,61,33,no
1754956603567,1754956603,KXMLBGAME-25AUG11WSHKC-KC,39,61,1467,no
1754956604724,1754956604,KXMLBGAME-25AUG11DETCWS-CWS,36,64,108,yes
1754956609043,1754956609,KXMLBGAME-25AUG11PHICIN-CIN,83,17,267,yes
1754956610874,1754956610,KXMLBGAME-25AUG11PHICIN-CIN,83,17,93,yes
1754956613576,1754956613,KXMLBGAME-25AUG11DETCWS-DET,65,35,1,yes
1754956615314,1754956615,KXMLBGAME-25AUG11DETCWS-DET,65,35,30,yes
1754956618707,1754956618,KXMLBGAME-25AUG11PITMIL-MIL,75,25,1,yes
1754956623662,1754956623,KXMLBGAME-25AUG11PHICIN-CIN,84,16,108,yes
1754956625060,1754956624,KXMLBGAME-25AUG11MINNYY-MIN,12,88,10,yes
1754956627262,1754956627,KXMLBGAME-25AUG11PITMIL-PIT,27,73,1,yes
1754956628652,1754956628,KXMLBGAME-25AUG11PHICIN-PHI,16,84,270,no
1754956628761,1754956628,KXMLBGAME-25AUG11MINNYY-MIN,10,90,1513,no
1754956632057,1754956632,KXMLBGAME-25AUG11PHICIN-PHI,16,84,2,no
1754956636345,1754956636,KXMLBGAME-25AUG11MINNYY-MIN,9,91,83,no
1754956637337,1754956637,KXMLBGAME-25AUG11PHICIN-CIN,84,16,83,yes
1754956638495,1754956638,KXMLBGAME-25AUG11COLSTL-STL,66,34,35,no
1754956639189,1754956639,KXMLBGAME-25AUG11COLSTL-STL,66,34,29,yes
1754956639565,1754956639,KXMLBGAME-25AUG11MINNYY-NYY,90,10,38,yes
1754956643836,1754956643,KXMLBGAME-25AUG11PHICIN-PHI,17,83,100,yes
1754956643855,1754956643,KXMLBGAME-25AUG11PHICIN-PHI,16,84,78,no
1754956643947,1754956643,KXMLBGAME-25AUG11PHICIN-CIN,84,16,117,yes
1754956644951,1754956644,KXMLBGAME-25AUG11MINNYY-MIN,12,88,46,yes
1754956645396,1754956645,KXMLBGAME-25AUG11COLSTL-COL,36,64,2,yes
1754956649785,1754956649,KXMLBGAME-25AUG11PHICIN-CIN,84,16,1,yes
1754956651966,1754956651,KXMLBGAME-25AUG11PHICIN-CIN,84,16,1,yes
1754956655785,1754956655,KXMLBGAME-25AUG11MINNYY-NYY,90,10,39,yes
1754956655855,1754956655,KXMLBGAME-25AUG11PHICIN-CIN,84,16,352,yes
1754956659206,1754956659,KXMLBGAME-25AUG11PHICIN-PHI,16,84,76,no
1754956659294,1754956659,KXMLBGAME-25AUG11AZTEX-TEX,60,40,8,yes
1754956659774,1754956659,KXMLBGAME-25AUG11DETCWS-CWS,36,64,2,yes
1754956660087,1754956660,KXMLBGAME-25AUG11TBATH-TB,51,49,189,yes
1754956663655,1754956663,KXMLBGAME-25AUG11PITMIL-MIL,73,27,75,no
1754956663655,1754956663,KXMLBGAME-25AUG11PITMIL-MIL,72,28,72,no
1754956669006,1754956668,KXMLBGAME-25AUG11COLSTL-COL,36,64,30,yes
1754956669006,1754956668,KXMLBGAME-25AUG11COLSTL-COL,36,64,1,yes
1754956669006,1754956668,KXMLBGAME-25AUG11COLSTL-COL,36,64,33,yes
1754956671365,1754956671,KXMLBGAME-25AUG11PHICIN-PHI,19,81,250,no
1754956671365,1754956671,KXMLBGAME-25AUG11PHICIN-PHI,18,82,238,no
1754956672434,1754956672,KXMLBGAME-25AUG11PHICIN-PHI,20,80,33,yes
1754956674226,1754956674,KXMLBGAME-25AUG11PHICIN-CIN,81,19,121,yes
1754956674595,1754956674,KXMLBGAME-25AUG11WSHKC-KC,38,62,2,yes
1754956674938,1754956674,KXMLBGAME-25AUG11MINNYY-NYY,90,10,1,yes
1754956675496,1754956675,KXMLBGAME-25AUG11MINNYY-NYY,90,10,39,yes
1754956675496,1754956675,KXMLBGAME-25AUG11MINNYY-NYY,90,10,268,yes
1754956675496,1754956675,KXMLBGAME-25AUG11MINNYY-NYY,90,10,24,yes
1754956675496,1754956675,KXMLBGAME-25AUG11MINNYY-NYY,90,10,110,yes
1754956677285,1754956677,KXMLBGAME-25AUG11PITMIL-MIL,73,27,35,no
1754956680085,1754956680,KXMLBGAME-25AUG11BOSHOU-HOU,41,59,2108,yes
1754956681327,1754956681,KXMLBGAME-25AUG11COLSTL-COL,36,64,24,yes
1754956681327,1754956681,KXMLBGAME-25AUG11COLSTL-COL,36,64,24,yes
1754956682838,1754956682,KXMLBGAME-25AUG11BOSHOU-HOU,41,59,25,yes
1754956684464,1754956684,KXMLBGAME-25AUG11PHICIN-PHI,19,81,5,no
1754956685014,1754956684,KXMLBGAME-25AUG11COLSTL-STL,66,34,1,yes
1754956685165,1754956685,KXMLBGAME-25AUG11TBATH-ATH,50,50,58,yes
1754956685268,1754956685,KXMLBGAME-25AUG11DETCWS-DET,58,42,8,yes
1754956685573,1754956685,KXMLBGAME-25AUG11AZTEX-AZ,40,60,35,yes
1754956687254,1754956687,KXMLBGAME-25AUG11MINNYY-NYY,88,12,7,no
1754956694626,1754956694,KXMLBGAME-25AUG11DETCWS-DET,59,41,19,yes
1754956696675,1754956696,KXMLBGAME-25AUG11MINNYY-NYY,90,10,11,yes
1754956702616,1754956702,KXMLBGAME-25AUG11DETCWS-DET,59,41,9,yes
1754956704205,1754956704,KXMLBGAME-25AUG11WSHKC-WSH,62,38,223,no
1754956706850,1754956706,KXMLBGAME-25AUG11COLSTL-COL,36,64,5,yes
1754956708073,1754956708,KXMLBGAME-25AUG11LADLAA-LAD,61,39,2599,yes
1754956709658,1754956709,KXMLBGAME-25AUG11PITMIL-MIL,75,25,22,yes
1754956710982,1754956710,KXMLBGAME-25AUG11PHICIN-CIN,80,20,123,yes
1754956711066,1754956710,KXMLBGAME-25AUG11PHICIN-CIN,80,20,81,yes
1754956718728,1754956718,KXMLBGAME-25AUG11PITMIL-PIT,26,74,10,no
1754956721245,1754956721,KXMLBGAME-25AUG11COLSTL-STL,65,35,2,yes
1754956721675,1754956721,KXMLBGAME-25AUG11PHICIN-PHI,25,75,50,yes
1754956721896,1754956721,KXMLBGAME-25AUG11DETCWS-DET,58,42,8,yes
1754956722866,1754956722,KXMLBGAME-25AUG11MINNYY-MIN,11,89,213,no
1754956726936,1754956726,KXMLBGAME-25AUG11DETCWS-DET,58,42,2992,yes
1754956726936,1754956726,KXMLBGAME-25AUG11DETCWS-DET,59,41,1472,yes
1754956726936,1754956726,KXMLBGAME-25AUG11DETCWS-DET,59,41,29,yes
1754956726936,1754956726,KXMLBGAME-25AUG11DETCWS-DET,59,41,28,yes
1754956726936,1754956726,KXMLBGAME-25AUG11DETCWS-CWS,41,59,29,no
1754956727981,1754956727,KXMLBGAME-25AUG11MINNYY-MIN,11,89,2,no
1754956729344,1754956729,KXMLBGAME-25AUG11PHICIN-PHI,47,53,500,yes
1754956729386,1754956729,KXMLBGAME-25AUG11PHICIN-PHI,47,53,107,no
1754956731525,1754956731,KXMLBGAME-25AUG11WSHKC-KC,38,62,7,yes
1754956732326,1754956732,KXMLBGAME-25AUG11PHICIN-CIN,56,44,3,no
1754956732415,1754956732,KXMLBGAME-25AUG11PHICIN-CIN,56,44,3,yes
1754956732716,1754956732,KXMLBGAME-25AUG11PHICIN-PHI,45,55,10,no
1754956733426,1754956733,KXMLBGAME-25AUG11PHICIN-CIN,55,45,566,no
1754956733427,1754956733,KXMLBGAME-25AUG11PHICIN-CIN,55,45,934,no
1754956735200,1754956735,KXMLBGAME-25AUG11PITMIL-MIL,75,25,131,yes
1754956735977,1754956735,KXMLBGAME-25AUG11TBATH-TB,51,49,2369,yes
1754956737304,1754956737,KXMLBGAME-25AUG11WSHKC-KC,37,63,21,no
1754956738156,1754956738,KXMLBGAME-25AUG11PHICIN-PHI,48,52,4,yes
1754956738156,1754956738,KXMLBGAME-25AUG11PHICIN-PHI,49,51,452,yes
1754956738156,1754956738,KXMLBGAME-25AUG11PHICIN-PHI,50,50,3,yes
1754956738156,1754956738,KXMLBGAME-25AUG11PHICIN-PHI,50,50,112,yes
1754956738156,1754956738,KXMLBGAME-25AUG11PHICIN-PHI,50,50,400,yes
1754956738156,1754956738,KXMLBGAME-25AUG11PHICIN-PHI,51,49,100,yes
1754956738156,1754956738,KXMLBGAME-25AUG11PHICIN-PHI,51,49,400,yes
1754956738157,1754956738,KXMLBGAME-25AUG11PHICIN-PHI,52,48,250,yes
1754956738157,1754956738,KXMLBGAME-25AUG11PHICIN-PHI,52,48,3000,yes
1754956738157,1754956738,KXMLBGAME-25AUG11PHICIN-PHI,53,47,696,yes
1754956740444,1754956740,KXMLBGAME-25AUG11PHICIN-CIN,54,46,8,yes
1754956741025,1754956740,KXMLBGAME-25AUG11AZTEX-TEX,60,40,8,yes
1754956744454,1754956744,KXMLBGAME-25AUG11PHICIN-PHI,48,52,112,no
1754956744475,1754956744,KXMLBGAME-25AUG11DETCWS-DET,67,33,36,yes
1754956748616,1754956748,KXMLBGAME-25AUG11DETCWS-CWS,35,65,29,yes
1754956748697,1754956748,KXMLBGAME-25AUG11DETCWS-DET,65,35,112,no
1754956748697,1754956748,KXMLBGAME-25AUG11DETCWS-DET,65,35,1500,no
1754956748697,1754956748,KXMLBGAME-25AUG11DETCWS-DET,65,35,2909,no
1754956748697,1754956748,KXMLBGAME-25AUG11PHICIN-PHI,50,50,48,yes
1754956750017,1754956749,KXMLBGAME-25AUG11PHICIN-PHI,47,53,100,no
1754956750017,1754956749,KXMLBGAME-25AUG11PHICIN-PHI,47,53,12,no
1754956750017,1754956749,KXMLBGAME-25AUG11PHICIN-PHI,46,54,44,no
1754956750137,1754956750,KXMLBGAME-25AUG11PHICIN-CIN,55,45,3,yes
1754956750255,1754956750,KXMLBGAME-25AUG11AZTEX-AZ,40,60,2,yes
1754956752154,1754956752,KXMLBGAME-25AUG11MINNYY-MIN,12,88,39,yes
1754956753275,1754956753,KXMLBGAME-25AUG11WSHKC-KC,38,62,3,yes
1754956756825,1754956756,KXMLBGAME-25AUG11PITMIL-MIL,75,25,2000,yes
1754956756986,1754956756,KXMLBGAME-25AUG11PHICIN-PHI,49,51,77,yes
1754956759065,1754956758,KXMLBGAME-25AUG11DETCWS-DET,66,34,1500,yes
1754956762544,1754956762,KXMLBGAME-25AUG11LADLAA-LAD,61,39,39,yes
1754956762768,1754956762,KXMLBGAME-25AUG11AZTEX-TEX,60,40,129,yes
1754956763255,1754956763,KXMLBGAME-25AUG11PHICIN-PHI,49,51,39,yes
1754956763755,1754956763,KXMLBGAME-25AUG11PHICIN-CIN,53,47,62,no
1754956766315,1754956766,KXMLBGAME-25AUG11AZTEX-TEX,60,40,160,yes
1754956766315,1754956766,KXMLBGAME-25AUG11AZTEX-TEX,60,40,2,yes
1754956766335,1754956766,KXMLBGAME-25AUG11DETCWS-DET,67,33,1,yes
1754956766575,1754956766,KXMLBGAME-25AUG11MINNYY-NYY,92,8,27,yes
1754956771236,1754956771,KXMLBGAME-25AUG11PHICIN-CIN,54,46,9,yes
1754956773646,1754956773,KXMLBGAME-25AUG11COLSTL-COL,35,65,1500,no
1754956774766,1754956774,KXMLBGAME-25AUG11WSHKC-KC,39,61,94,yes
1754956774766,1754956774,KXMLBGAME-25AUG11WSHKC-KC,39,61,2365,yes
1754956775915,1754956775,KXMLBGAME-25AUG11PITMIL-MIL,75,25,131,yes
1754956776479,1754956776,KXMLBGAME-25AUG11PITMIL-PIT,26,74,10,yes
1754956776479,1754956776,KXMLBGAME-25AUG11BOSHOU-HOU,41,59,2,yes
1754956776645,1754956776,KXMLBGAME-25AUG11PHICIN-PHI,49,51,84,yes
1754956776645,1754956776,KXMLBGAME-25AUG11PHICIN-PHI,49,51,113,yes
1754956779645,1754956779,KXMLBGAME-25AUG11SDSF-SD,47,53,2,yes
1754956779906,1754956779,KXMLBGAME-25AUG11PHICIN-PHI,46,54,45,no
1754956780824,1754956780,KXMLBGAME-25AUG11PHICIN-CIN,53,47,1485,no
1754956780824,1754956780,KXMLBGAME-25AUG11PHICIN-CIN,52,48,20,no
1754956780824,1754956780,KXMLBGAME-25AUG11PHICIN-CIN,51,49,2,no
1754956780824,1754956780,KXMLBGAME-25AUG11PHICIN-CIN,50,50,112,no
1754956780824,1754956780,KXMLBGAME-25AUG11PHICIN-CIN,49,51,542,no
1754956783463,1754956783,KXMLBGAME-25AUG11MINNYY-MIN,10,90,1500,no
1754956784715,1754956784,KXMLBGAME-25AUG11PHICIN-CIN,53,47,9,yes
1754956786046,1754956786,KXMLBGAME-25AUG11WSHKC-WSH,63,37,30,yes
1754956786675,1754956786,KXMLBGAME-25AUG11PHICIN-PHI,48,52,1,no
1754956786846,1754956786,KXMLBGAME-25AUG11WSHKC-KC,39,61,70,yes
1754956786846,1754956786,KXMLBGAME-25AUG11WSHKC-KC,39,61,2389,yes
1754956786894,1754956786,KXMLBGAME-25AUG11PHICIN-PHI,50,50,28,yes
1754956787615,1754956787,KXMLBGAME-25AUG11PHICIN-CIN,52,48,465,yes
1754956792126,1754956792,KXMLBGAME-25AUG11DETCWS-DET,67,33,2,yes
1754956792245,1754956792,KXMLBGAME-25AUG11DETCWS-DET,67,33,2,yes
1754956792335,1754956792,KXMLBGAME-25AUG11PHICIN-CIN,52,48,20,yes
1754956793446,1754956793,KXMLBGAME-25AUG11PHICIN-PHI,51,49,112,yes
1754956793446,1754956793,KXMLBGAME-25AUG11PHICIN-PHI,52,48,69,yes
1754956795305,1754956795,KXMLBGAME-25AUG11LADLAA-LAA,40,60,2,yes
1754956796215,1754956796,KXMLBGAME-25AUG11BOSHOU-HOU,41,59,234,yes
1754956799755,1754956799,KXMLBGAME-25AUG11COLSTL-STL,68,32,14,yes
1754956804082,1754956803,KXMLBGAME-25AUG11PHICIN-PHI,52,48,90,yes
1754956804082,1754956803,KXMLBGAME-25AUG11PHICIN-PHI,52,48,12,yes
1754956804082,1754956803,KXMLBGAME-25AUG11PHICIN-PHI,53,47,226,yes
1754956805566,1754956805,KXMLBGAME-25AUG11PHICIN-CIN,50,50,3,no
1754956806514,1754956806,KXMLBGAME-25AUG11SDSF-SF,54,46,2,yes
1754956807664,1754956807,KXMLBGAME-25AUG11PHICIN-PHI,48,52,52,no
1754956810994,1754956810,KXMLBGAME-25AUG11PITMIL-MIL,75,25,100,yes
1754956811097,1754956811,KXMLBGAME-25AUG11PHICIN-CIN,52,48,9,yes
1754956811131,1754956811,KXMLBGAME-25AUG11PHICIN-PHI,50,50,2,yes
1754956811595,1754956811,KXMLBGAME-25AUG11BOSHOU-HOU,41,59,46,yes
1754956813816,1754956813,KXMLBGAME-25AUG11WSHKC-WSH,63,37,15,yes
1754956816868,1754956816,KXMLBGAME-25AUG11PITMIL-PIT,26,74,54,yes
1754956816868,1754956816,KXMLBGAME-25AUG11PITMIL-PIT,27,73,211,yes
1754956817276,1754956817,KXMLBGAME-25AUG11LADLAA-LAD,61,39,63,yes
1754956818183,1754956817,KXMLBGAME-25AUG11TBATH-ATH,50,50,2,yes
1754956823595,1754956823,KXMLBGAME-25AUG11MINNYY-NYY,92,8,11,yes
1754956823595,1754956823,KXMLBGAME-25AUG11MINNYY-NYY,92,8,95,yes
1754956823595,1754956823,KXMLBGAME-25AUG11MINNYY-NYY,93,7,267,yes
1754956824649,1754956824,KXMLBGAME-25AUG11PHICIN-CIN,50,50,64,no
1754956824649,1754956824,KXMLBGAME-25AUG11PHICIN-CIN,50,50,2,no
1754956824649,1754956824,KXMLBGAME-25AUG11PHICIN-CIN,50,50,40,no
1754956825410,1754956825,KXMLBGAME-25AUG11BOSHOU-BOS,60,40,192,no
1754956825817,1754956825,KXMLBGAME-25AUG11PITMIL-MIL,75,25,101,yes
1754956825817,1754956825,KXMLBGAME-25AUG11PHICIN-CIN,52,48,2083,yes
1754956830595,1754956830,KXMLBGAME-25AUG11MINNYY-NYY,91,9,7,no
1754956832936,1754956832,KXMLBGAME-25AUG11MINNYY-MIN,11,89,37,yes
1754956833471,1754956833,KXMLBGAME-25AUG11PITMIL-PIT,25,75,1500,no
1754956834955,1754956834,KXMLBGAME-25AUG11MINNYY-NYY,91,9,15,no
1754956838775,1754956838,KXMLBGAME-25AUG11MINNYY-MIN,10,90,500,no
1754956839435,1754956839,KXMLBGAME-25AUG11PHICIN-PHI,48,52,4,yes
1754956841944,1754956841,KXMLBGAME-25AUG11BOSHOU-HOU,41,59,234,yes
1754956842786,1754956842,KXMLBGAME-25AUG11PHICIN-PHI,48,52,2,yes
1754956842871,1754956842,KXMLBGAME-25AUG11DETCWS-DET,67,33,100,yes
1754956844093,1754956843,KXMLBGAME-25AUG11WSHKC-WSH,61,39,71,yes
1754956844093,1754956843,KXMLBGAME-25AUG11PHICIN-PHI,48,52,6,yes
1754956845695,1754956845,KXMLBGAME-25AUG11PHICIN-PHI,47,53,111,no
1754956846925,1754956846,KXMLBGAME-25AUG11PHICIN-PHI,48,52,4,yes
1754956848446,1754956848,KXMLBGAME-25AUG11DETCWS-CWS,33,67,144,yes
1754956850613,1754956850,KXMLBGAME-25AUG11PITMIL-MIL,77,23,1,yes
1754956850613,1754956850,KXMLBGAME-25AUG11PITMIL-MIL,77,23,30,yes
1754956851594,1754956851,KXMLBGAME-25AUG11MINNYY-MIN,8,92,52,yes
1754956852854,1754956852,KXMLBGAME-25AUG11PHICIN-CIN,53,47,76,yes
1754956853146,1754956853,KXMLBGAME-25AUG11MINNYY-NYY,92,8,1,yes
1754956856249,1754956856,KXMLBGAME-25AUG11PHICIN-CIN,53,47,246,yes
1754956858056,1754956858,KXMLBGAME-25AUG11PHICIN-PHI,47,53,2,no
1754956859924,1754956859,KXMLBGAME-25AUG11WSHKC-KC,40,60,11,yes
1754956860148,1754956860,KXMLBGAME-25AUG11DETCWS-DET,67,33,49,yes
1754956860476,1754956860,KXMLBGAME-25AUG11MINNYY-NYY,93,7,34,yes
1754956862668,1754956862,KXMLBGAME-25AUG11PHICIN-CIN,53,47,66,yes
1754956864750,1754956864,KXMLBGAME-25AUG11PITMIL-PIT,26,74,54,yes
1754956865084,1754956865,KXMLBGAME-25AUG11COLSTL-COL,33,67,14,yes
1754956865084,1754956865,KXMLBGAME-25AUG11COLSTL-COL,33,67,16,yes
1754956865084,1754956865,KXMLBGAME-25AUG11COLSTL-COL,33,67,16,yes
1754956865565,1754956865,KXMLBGAME-25AUG11DETCWS-DET,67,33,10,yes
1754956865565,1754956865,KXMLBGAME-25AUG11DETCWS-DET,67,33,1,yes
1754956866294,1754956866,KXMLBGAME-25AUG11PHICIN-PHI,49,51,96,yes
1754956866815,1754956866,KXMLBGAME-25AUG11PITMIL-MIL,76,24,1,yes
1754956866815,1754956866,KXMLBGAME-25AUG11PITMIL-MIL,76,24,54,yes
1754956866815,1754956866,KXMLBGAME-25AUG11PITMIL-MIL,77,23,9,yes
1754956871639,1754956871,KXMLBGAME-25AUG11PITMIL-PIT,25,75,11,yes
1754956871639,1754956871,KXMLBGAME-25AUG11PITMIL-PIT,26,74,62,yes
1754956872425,1754956872,KXMLBGAME-25AUG11PHICIN-CIN,52,48,10,no
1754956872425,1754956872,KXMLBGAME-25AUG11PHICIN-CIN,52,48,3,no
1754956872425,1754956872,KXMLBGAME-25AUG11PHICIN-CIN,51,49,187,no
1754956872425,1754956872,KXMLBGAME-25AUG11PHICIN-CIN,51,49,695,no
1754956872444,1754956872,KXMLBGAME-25AUG11PHICIN-CIN,51,49,2318,no
1754956872444,1754956872,KXMLBGAME-25AUG11PHICIN-CIN,45,55,20,no
1754956872466,1754956872,KXMLBGAME-25AUG11PHICIN-PHI,49,51,1,yes
1754956872466,1754956872,KXMLBGAME-25AUG11PHICIN-PHI,50,50,50,yes
1754956872467,1754956872,KXMLBGAME-25AUG11PHICIN-PHI,57,43,1,yes
1754956872467,1754956872,KXMLBGAME-25AUG11PHICIN-PHI,58,42,1,yes
1754956872467,1754956872,KXMLBGAME-25AUG11PHICIN-PHI,59,41,24,yes
1754956874969,1754956874,KXMLBGAME-25AUG11PHICIN-PHI,62,38,1,yes
1754956875653,1754956875,KXMLBGAME-25AUG11PITMIL-MIL,75,25,11,yes
1754956877751,1754956877,KXMLBGAME-25AUG11BOSHOU-HOU,41,59,24,yes
1754956879557,1754956879,KXMLBGAME-25AUG11MINNYY-NYY,91,9,10,no
1754956879558,1754956879,KXMLBGAME-25AUG11PHICIN-CIN,50,50,50,no
1754956880665,1754956880,KXMLBGAME-25AUG11COLSTL-STL,70,30,34,yes
1754956881657,1754956881,KXMLBGAME-25AUG11PHICIN-CIN,39,61,24,no
1754956881657,1754956881,KXMLBGAME-25AUG11PHICIN-CIN,35,65,55,no
1754956881957,1754956881,KXMLBGAME-25AUG11PHICIN-CIN,37,63,2,yes
1754956882284,1754956882,KXMLBGAME-25AUG11PHICIN-PHI,63,37,1,yes
1754956882284,1754956882,KXMLBGAME-25AUG11PHICIN-PHI,64,36,1,yes
1754956882715,1754956882,KXMLBGAME-25AUG11SDSF-SD,47,53,30,yes
1754956882715,1754956882,KXMLBGAME-25AUG11SDSF-SD,47,53,11,yes
1754956883420,1754956883,KXMLBGAME-25AUG11DETCWS-DET,67,33,1500,no
1754956887138,1754956887,KXMLBGAME-25AUG11WSHKC-WSH,62,38,100,yes
1754956887437,1754956887,KXMLBGAME-25AUG11PHICIN-PHI,65,35,50,yes
1754956887437,1754956887,KXMLBGAME-25AUG11PHICIN-PHI,66,34,24,yes
1754956887796,1754956887,KXMLBGAME-25AUG11PHICIN-PHI,66,34,26,yes
1754956887945,1754956887,KXMLBGAME-25AUG11PHICIN-CIN,28,72,26,yes
1754956888185,1754956888,KXMLBGAME-25AUG11PHICIN-PHI,66,34,367,yes
1754956889355,1754956889,KXMLBGAME-25AUG11PHICIN-CIN,28,72,24,yes
1754956889355,1754956889,KXMLBGAME-25AUG11PHICIN-CIN,37,63,2,yes
1754956890001,1754956889,KXMLBGAME-25AUG11WSHKC-WSH,62,38,31,yes
1754956890195,1754956890,KXMLBGAME-25AUG11PITMIL-MIL,74,26,62,no
1754956890654,1754956890,KXMLBGAME-25AUG11PHICIN-CIN,19,81,10,no
1754956892657,1754956892,KXMLBGAME-25AUG11PHICIN-PHI,67,33,200,yes
1754956892657,1754956892,KXMLBGAME-25AUG11PHICIN-PHI,69,31,60,yes
1754956892657,1754956892,KXMLBGAME-25AUG11PHICIN-PHI,69,31,1,yes
1754956892657,1754956892,KXMLBGAME-25AUG11PHICIN-PHI,71,29,1,yes
1754956892657,1754956892,KXMLBGAME-25AUG11PHICIN-PHI,73,27,100,yes
1754956893875,1754956893,KXMLBGAME-25AUG11PITMIL-MIL,74,26,1500,no
1754956894395,1754956894,KXMLBGAME-25AUG11PHICIN-PHI,75,25,100,yes
1754956894395,1754956894,KXMLBGAME-25AUG11PHICIN-PHI,76,24,410,yes
1754956894395,1754956894,KXMLBGAME-25AUG11PHICIN-PHI,77,23,566,yes
1754956894395,1754956894,KXMLBGAME-25AUG11PHICIN-PHI,78,22,24,yes
1754956895285,1754956895,KXMLBGAME-25AUG11PHICIN-PHI,77,23,10,yes
1754956897357,1754956897,KXMLBGAME-25AUG11PHICIN-PHI,75,25,96,no
1754956899345,1754956899,KXMLBGAME-25AUG11PHICIN-CIN,28,72,10,yes
1754956900605,1754956900,KXMLBGAME-25AUG11COLSTL-COL,32,68,5,yes
1754956900796,1754956900,KXMLBGAME-25AUG11MINNYY-MIN,8,92,60,yes
1754956900974,1754956900,KXMLBGAME-25AUG11DETCWS-CWS,33,67,16,yes
1754956901154,1754956901,KXMLBGAME-25AUG11WSHKC-KC,40,60,13,yes
1754956901265,1754956901,KXMLBGAME-25AUG11PHICIN-PHI,72,28,112,no
1754956901265,1754956901,KXMLBGAME-25AUG11PHICIN-PHI,71,29,17,no
1754956902074,1754956902,KXMLBGAME-25AUG11PHICIN-CIN,28,72,85,yes
1754956905976,1754956905,KXMLBGAME-25AUG11PHICIN-PHI,77,23,43,yes
1754956907414,1754956907,KXMLBGAME-25AUG11PHICIN-CIN,28,72,46,yes
1754956907546,1754956907,KXMLBGAME-25AUG11DETCWS-DET,67,33,102,yes
1754956909914,1754956909,KXMLBGAME-25AUG11BOSHOU-HOU,40,60,50,no
1754956910024,1754956909,KXMLBGAME-25AUG11PHICIN-PHI,73,27,25,no
1754956911106,1754956911,KXMLBGAME-25AUG11WSHKC-KC,47,53,216,yes
1754956911106,1754956911,KXMLBGAME-25AUG11WSHKC-KC,49,51,70,yes
1754956911106,1754956911,KXMLBGAME-25AUG11WSHKC-KC,50,50,17,yes
1754956912704,1754956912,KXMLBGAME-25AUG11PHICIN-PHI,73,27,57,no
1754956912704,1754956912,KXMLBGAME-25AUG11PHICIN-PHI,73,27,18,no
1754956912825,1754956912,KXMLBGAME-25AUG11PHICIN-PHI,73,27,7,yes
1754956914244,1754956914,KXMLBGAME-25AUG11PHICIN-PHI,75,25,86,yes
1754956914465,1754956914,KXMLBGAME-25AUG11PHICIN-PHI,72,28,241,no
1754956914676,1754956914,KXMLBGAME-25AUG11PHICIN-CIN,24,76,30,no
1754956915495,1754956915,KXMLBGAME-25AUG11PHICIN-CIN,28,72,29,yes
1754956915495,1754956915,KXMLBGAME-25AUG11PHICIN-CIN,28,72,200,yes
1754956915495,1754956915,KXMLBGAME-25AUG11PHICIN-CIN,28,72,28,yes
1754956915495,1754956915,KXMLBGAME-25AUG11PHICIN-CIN,28,72,7,yes
1754956915495,1754956915,KXMLBGAME-25AUG11PHICIN-CIN,29,71,73,yes
1754956917755,1754956917,KXMLBGAME-25AUG11PHICIN-PHI,72,28,8,no
1754956917865,1754956917,KXMLBGAME-25AUG11PHICIN-CIN,28,72,57,yes
1754956918874,1754956918,KXMLBGAME-25AUG11PHICIN-PHI,72,28,100,no
1754956919065,1754956919,KXMLBGAME-25AUG11PHICIN-CIN,24,76,112,no
1754956919065,1754956919,KXMLBGAME-25AUG11PHICIN-CIN,23,77,95,no
1754956919285,1754956919,KXMLBGAME-25AUG11PHICIN-CIN,28,72,48,yes
1754956919285,1754956919,KXMLBGAME-25AUG11PHICIN-CIN,28,72,28,yes
1754956919304,1754956919,KXMLBGAME-25AUG11PHICIN-PHI,75,25,43,yes
1754956919989,1754956919,KXMLBGAME-25AUG11PHICIN-PHI,75,25,2,yes
1754956920406,1754956920,KXMLBGAME-25AUG11PHICIN-PHI,75,25,131,yes
1754956920575,1754956920,KXMLBGAME-25AUG11PHICIN-PHI,72,28,2,no
1754956922714,1754956922,KXMLBGAME-25AUG11PHICIN-CIN,28,72,3,no
1754956922918,1754956922,KXMLBGAME-25AUG11PHICIN-CIN,23,77,27,no
1754956923295,1754956923,KXMLBGAME-25AUG11PHICIN-CIN,23,77,19,no
1754956926234,1754956926,KXMLBGAME-25AUG11PHICIN-CIN,23,77,57,no
1754956927995,1754956927,KXMLBGAME-25AUG11PHICIN-CIN,27,73,52,yes
1754956929407,1754956929,KXMLBGAME-25AUG11PITMIL-PIT,29,71,1,yes
1754956929407,1754956929,KXMLBGAME-25AUG11PITMIL-PIT,30,70,1,yes
1754956929408,1754956929,KXMLBGAME-25AUG11PITMIL-PIT,30,70,1,yes
1754956929684,1754956929,KXMLBGAME-25AUG11PHICIN-PHI,75,25,1146,yes
1754956929771,1754956929,KXMLBGAME-25AUG11MINNYY-NYY,92,8,1,yes
1754956933916,1754956933,KXMLBGAME-25AUG11PHICIN-PHI,74,26,22,no
1754956938505,1754956938,KXMLBGAME-25AUG11PHICIN-CIN,22,78,30,no
1754956938954,1754956938,KXMLBGAME-25AUG11PHICIN-CIN,22,78,37,no
1754956939384,1754956939,KXMLBGAME-25AUG11PHICIN-CIN,22,78,45,no
1754956939385,1754956939,KXMLBGAME-25AUG11PHICIN-CIN,22,78,169,no
1754956939935,1754956939,KXMLBGAME-25AUG11PHICIN-PHI,77,23,44,yes
1754956942484,1754956942,KXMLBGAME-25AUG11PHICIN-PHI,75,25,285,no
1754956943069,1754956943,KXMLBGAME-25AUG11PHICIN-CIN,22,78,6,no
1754956943814,1754956943,KXMLBGAME-25AUG11PHICIN-PHI,75,25,130,no
1754956945086,1754956945,KXMLBGAME-25AUG11PHICIN-PHI,75,25,9,no
1754956945277,1754956945,KXMLBGAME-25AUG11PHICIN-PHI,75,25,38,no
1754956946296,1754956946,KXMLBGAME-25AUG11AZTEX-AZ,40,60,46,yes
1754956947846,1754956947,KXMLBGAME-25AUG11PHICIN-PHI,75,25,50,no
1754956949195,1754956949,KXMLBGAME-25AUG11PHICIN-PHI,77,23,50,yes
1754956950896,1754956950,KXMLBGAME-25AUG11MINNYY-NYY,91,9,15,no
1754956954354,1754956954,KXMLBGAME-25AUG11PHICIN-PHI,77,23,127,yes
1754956954570,1754956954,KXMLBGAME-25AUG11PHICIN-PHI,75,25,19,no
1754956955368,1754956954,KXMLBGAME-25AUG11DETCWS-DET,68,32,215,yes
1754956955770,1754956955,KXMLBGAME-25AUG11PHICIN-PHI,77,23,786,yes
1754956955770,1754956955,KXMLBGAME-25AUG11PHICIN-PHI,77,23,380,yes
1754956955770,1754956955,KXMLBGAME-25AUG11PHICIN-PHI,78,22,112,yes
1754956955770,1754956955,KXMLBGAME-25AUG11PHICIN-PHI,78,22,250,yes
1754956955770,1754956955,KXMLBGAME-25AUG11PHICIN-PHI,78,22,380,yes
1754956957959,1754956957,KXMLBGAME-25AUG11DETCWS-DET,68,32,51,yes
1754956959270,1754956959,KXMLBGAME-25AUG11WSHKC-KC,36,64,132,yes
1754956959761,1754956959,KXMLBGAME-25AUG11PHICIN-CIN,22,78,75,no
1754956959761,1754956959,KXMLBGAME-25AUG11PHICIN-CIN,21,79,192,no
1754956960757,1754956960,KXMLBGAME-25AUG11DETCWS-DET,68,32,21,yes
1754956961272,1754956960,KXMLBGAME-25AUG11DETCWS-DET,68,32,21,yes
1754956961949,1754956961,KXMLBGAME-25AUG11MINNYY-NYY,92,8,3,yes
1754956962567,1754956962,KXMLBGAME-25AUG11PHICIN-PHI,78,22,3,yes
1754956967754,1754956967,KXMLBGAME-25AUG11PHICIN-PHI,77,23,12,yes
1754956969364,1754956969,KXMLBGAME-25AUG11DETCWS-DET,68,32,71,yes
1754956970075,1754956970,KXMLBGAME-25AUG11PITMIL-MIL,73,27,20,yes
1754956970826,1754956970,KXMLBGAME-25AUG11MINNYY-NYY,92,8,33,yes
1754956972564,1754956972,KXMLBGAME-25AUG11PHICIN-PHI,77,23,80,yes
1754956972886,1754956972,KXMLBGAME-25AUG11DETCWS-DET,68,32,64,yes
1754956974274,1754956974,KXMLBGAME-25AUG11PHICIN-PHI,77,23,12,yes
1754956976165,1754956976,KXMLBGAME-25AUG11PHICIN-PHI,77,23,5,yes
1754956980405,1754956980,KXMLBGAME-25AUG11PHICIN-CIN,25,75,3,yes
1754956983624,1754956983,KXMLBGAME-25AUG11PHICIN-PHI,76,24,50,yes
1754956985628,1754956985,KXMLBGAME-25AUG11MINNYY-NYY,91,9,33,no
1754956985908,1754956985,KXMLBGAME-25AUG11PHICIN-PHI,76,24,12,yes
1754956988424,1754956988,KXMLBGAME-25AUG11PHICIN-CIN,21,79,42,no
1754956990025,1754956989,KXMLBGAME-25AUG11BOSHOU-BOS,60,40,1595,no
1754956990785,1754956990,KXMLBGAME-25AUG11PITMIL-MIL,73,27,24,yes
1754956992835,1754956992,KXMLBGAME-25AUG11MINNYY-MIN,8,92,1174,yes
1754956993966,1754956993,KXMLBGAME-25AUG11AZTEX-TEX,60,40,8,yes
1754956995695,1754956995,KXMLBGAME-25AUG11PHICIN-PHI,76,24,71,yes
1754956998435,1754956998,KXMLBGAME-25AUG11WSHKC-KC,36,64,82,yes
1754957000201,1754957000,KXMLBGAME-25AUG11WSHKC-WSH,66,34,112,yes
1754957000202,1754957000,KXMLBGAME-25AUG11WSHKC-WSH,66,34,923,yes
1754957000920,1754957000,KXMLBGAME-25AUG11WSHKC-KC,36,64,265,yes
1754957002455,1754957002,KXMLBGAME-25AUG11PHICIN-PHI,75,25,41,no
1754957003516,1754957003,KXMLBGAME-25AUG11DETCWS-CWS,32,68,1,yes
1754957006056,1754957005,KXMLBGAME-25AUG11WSHKC-WSH,66,34,60,yes
1754957011185,1754957011,KXMLBGAME-25AUG11DETCWS-CWS,32,68,2999,yes
1754957011185,1754957011,KXMLBGAME-25AUG11DETCWS-CWS,33,67,112,yes
1754957011436,1754957011,KXMLBGAME-25AUG11DETCWS-CWS,33,67,112,yes
1754957011436,1754957011,KXMLBGAME-25AUG11DETCWS-CWS,34,66,4337,yes
1754957013124,1754957013,KXMLBGAME-25AUG11PHICIN-PHI,75,25,19,no
1754957014109,1754957013,KXMLBGAME-25AUG11DETCWS-DET,66,34,100,yes
1754957017124,1754957017,KXMLBGAME-25AUG11COLSTL-STL,69,31,20,yes
1754957020386,1754957020,KXMLBGAME-25AUG11AZTEX-TEX,60,40,26,yes
1754957020386,1754957020,KXMLBGAME-25AUG11AZTEX-TEX,60,40,14,yes
1754957023525,1754957023,KXMLBGAME-25AUG11PHICIN-CIN,25,75,95,yes
1754957024212,1754957024,KXMLBGAME-25AUG11PHICIN-CIN,25,75,100,yes
1754957024827,1754957024,KXMLBGAME-25AUG11PHICIN-PHI,75,25,7,no
1754957026005,1754957025,KXMLBGAME-25AUG11WSHKC-WSH,65,35,57,yes
1754957027005,1754957026,KXMLBGAME-25AUG11WSHKC-KC,36,64,2,yes
1754957028466,1754957028,KXMLBGAME-25AUG11SDSF-SF,54,46,10,yes
1754957031838,1754957031,KXMLBGAME-25AUG11PHICIN-PHI,76,24,1,yes
1754957031838,1754957031,KXMLBGAME-25AUG11PHICIN-PHI,76,24,10,yes
1754957032479,1754957032,KXMLBGAME-25AUG11PHICIN-PHI,75,25,100,no
1754957034056,1754957034,KXMLBGAME-25AUG11PHICIN-PHI,75,25,13,no
1754957035505,1754957035,KXMLBGAME-25AUG11PHICIN-CIN,23,77,2,no
1754957035505,1754957035,KXMLBGAME-25AUG11PHICIN-CIN,21,79,15,no
1754957035714,1754957035,KXMLBGAME-25AUG11PHICIN-CIN,21,79,57,no
1754957035825,1754957035,KXMLBGAME-25AUG11PHICIN-PHI,76,24,20,yes
1754957037624,1754957037,KXMLBGAME-25AUG11PITMIL-PIT,30,70,40,yes
1754957037625,1754957037,KXMLBGAME-25AUG11PITMIL-PIT,30,70,12,yes
1754957038754,1754957038,KXMLBGAME-25AUG11DETCWS-DET,65,35,21,yes
1754957039558,1754957039,KXMLBGAME-25AUG11MINNYY-MIN,8,92,23,yes
1754957043946,1754957043,KXMLBGAME-25AUG11LADLAA-LAA,39,61,305,no
1754957043946,1754957043,KXMLBGAME-25AUG11LADLAA-LAA,39,61,25000,no
1754957043946,1754957043,KXMLBGAME-25AUG11LADLAA-LAA,39,61,64,no
1754957043946,1754957043,KXMLBGAME-25AUG11LADLAA-LAA,39,61,272,no
1754957044154,1754957043,KXMLBGAME-25AUG11PHICIN-CIN,21,79,40,no
1754957044154,1754957043,KXMLBGAME-25AUG11PHICIN-CIN,21,79,2,no
1754957044154,1754957043,KXMLBGAME-25AUG11PHICIN-CIN,21,79,15,no
1754957044154,1754957043,KXMLBGAME-25AUG11PHICIN-CIN,21,79,9,no
1754957044169,1754957044,KXMLBGAME-25AUG11COLSTL-COL,34,66,12,yes
1754957046260,1754957045,KXMLBGAME-25AUG11PHICIN-PHI,76,24,405,no
1754957046656,1754957046,KXMLBGAME-25AUG11PHICIN-PHI,76,24,87,no
1754957047362,1754957047,KXMLBGAME-25AUG11COLSTL-COL,33,67,9,yes
1754957047362,1754957047,KXMLBGAME-25AUG11COLSTL-COL,34,66,25,yes
1754957048168,1754957047,KXMLBGAME-25AUG11LADLAA-LAA,39,61,384,yes
1754957048560,1754957048,KXMLBGAME-25AUG11PHICIN-PHI,76,24,25,no
1754957050925,1754957050,KXMLBGAME-25AUG11COLSTL-STL,68,32,10,yes
1754957055515,1754957055,KXMLBGAME-25AUG11PHICIN-PHI,78,22,215,yes
1754957055515,1754957055,KXMLBGAME-25AUG11PHICIN-PHI,79,21,8,yes
1754957055515,1754957055,KXMLBGAME-25AUG11PHICIN-PHI,79,21,91,yes
1754957060500,1754957060,KXMLBGAME-25AUG11PITMIL-PIT,29,71,7,yes
1754957061815,1754957061,KXMLBGAME-25AUG11DETCWS-DET,65,35,42,yes
1754957062515,1754957062,KXMLBGAME-25AUG11BOSHOU-HOU,41,59,5,yes
1754957062735,1754957062,KXMLBGAME-25AUG11WSHKC-KC,39,61,245,yes
1754957063187,1754957063,KXMLBGAME-25AUG11AZTEX-AZ,40,60,59,yes
1754957064005,1754957063,KXMLBGAME-25AUG11PITMIL-MIL,73,27,8,yes
1754957064378,1754957064,KXMLBGAME-25AUG11DETCWS-DET,65,35,23,yes
1754957064565,1754957064,KXMLBGAME-25AUG11PHICIN-CIN,23,77,20,yes
1754957065234,1754957065,KXMLBGAME-25AUG11MINNYY-NYY,92,8,14,yes
1754957065983,1754957065,KXMLBGAME-25AUG11LADLAA-LAD,61,39,15,yes
1754957066345,1754957066,KXMLBGAME-25AUG11PITMIL-PIT,29,71,11,yes
1754957068235,1754957068,KXMLBGAME-25AUG11PHICIN-PHI,77,23,205,no
1754957069036,1754957069,KXMLBGAME-25AUG11PHICIN-CIN,22,78,10,no
1754957070736,1754957070,KXMLBGAME-25AUG11PHICIN-CIN,22,78,209,no
1754957071044,1754957071,KXMLBGAME-25AUG11PHICIN-CIN,19,81,40,no
1754957071044,1754957071,KXMLBGAME-25AUG11PHICIN-CIN,17,83,100,no
1754957071070,1754957071,KXMLBGAME-25AUG11PHICIN-PHI,80,20,100,yes
1754957071070,1754957071,KXMLBGAME-25AUG11PHICIN-PHI,80,20,50,yes
1754957071070,1754957071,KXMLBGAME-25AUG11PHICIN-PHI,80,20,20,yes
1754957071070,1754957071,KXMLBGAME-25AUG11PHICIN-PHI,80,20,298,yes
1754957071070,1754957071,KXMLBGAME-25AUG11PHICIN-PHI,80,20,200,yes
1754957071070,1754957071,KXMLBGAME-25AUG11PHICIN-PHI,81,19,50,yes
1754957074264,1754957074,KXMLBGAME-25AUG11COLSTL-COL,32,68,68,no
1754957074434,1754957074,KXMLBGAME-25AUG11DETCWS-DET,65,35,60,yes
1754957075305,1754957075,KXMLBGAME-25AUG11PHICIN-PHI,84,16,100,yes
1754957075810,1754957075,KXMLBGAME-25AUG11WSHKC-WSH,63,37,112,yes
1754957075810,1754957075,KXMLBGAME-25AUG11WSHKC-WSH,64,36,168,yes
1754957076547,1754957076,KXMLBGAME-25AUG11PHICIN-PHI,85,15,30,yes
1754957076547,1754957076,KXMLBGAME-25AUG11PHICIN-PHI,90,10,21,yes
1754957076587,1754957076,KXMLBGAME-25AUG11PHICIN-PHI,90,10,100,no
1754957076587,1754957076,KXMLBGAME-25AUG11PHICIN-CIN,14,86,100,no
1754957076926,1754957076,KXMLBGAME-25AUG11COLSTL-COL,33,67,7,yes
1754957076926,1754957076,KXMLBGAME-25AUG11COLSTL-COL,33,67,1033,yes
1754957078569,1754957078,KXMLBGAME-25AUG11MINNYY-MIN,9,91,20,yes
1754957087185,1754957087,KXMLBGAME-25AUG11WSHKC-KC,39,61,73,yes
1754957087675,1754957087,KXMLBGAME-25AUG11PITMIL-PIT,29,71,82,yes
1754957088055,1754957088,KXMLBGAME-25AUG11PHICIN-CIN,7,93,24,no
1754957088165,1754957088,KXMLBGAME-25AUG11PHICIN-PHI,91,9,25,no
1754957090174,1754957090,KXMLBGAME-25AUG11PHICIN-PHI,93,7,42,no
1754957090317,1754957090,KXMLBGAME-25AUG11MINNYY-MIN,9,91,83,yes
1754957090425,1754957090,KXMLBGAME-25AUG11PHICIN-CIN,8,92,112,yes
1754957090425,1754957090,KXMLBGAME-25AUG11PHICIN-CIN,8,92,5,yes
1754957091807,1754957091,KXMLBGAME-25AUG11DETCWS-CWS,36,64,1,yes
1754957092525,1754957092,KXMLBGAME-25AUG11AZTEX-TEX,60,40,8,yes
1754957092686,1754957092,KXMLBGAME-25AUG11PHICIN-PHI,93,7,66,no
1754957093925,1754957093,KXMLBGAME-25AUG11MINNYY-MIN,9,91,37,yes
1754957094507,1754957094,KXMLBGAME-25AUG11PHICIN-CIN,7,93,76,no
1754957094787,1754957094,KXMLBGAME-25AUG11PHICIN-PHI,95,5,419,yes
1754957095236,1754957095,KXMLBGAME-25AUG11PHICIN-PHI,93,7,1536,no
1754957095615,1754957095,KXMLBGAME-25AUG11MINNYY-MIN,9,91,52,yes
1754957095765,1754957095,KXMLBGAME-25AUG11MINNYY-MIN,9,91,250,yes
1754957097067,1754957097,KXMLBGAME-25AUG11PHICIN-CIN,7,93,670,yes
1754957099446,1754957099,KXMLBGAME-25AUG11DETCWS-DET,65,35,5,yes
1754957101575,1754957101,KXMLBGAME-25AUG11PHICIN-CIN,5,95,100,no
1754957101575,1754957101,KXMLBGAME-25AUG11PHICIN-CIN,5,95,97,no
1754957106089,1754957106,KXMLBGAME-25AUG11PHICIN-PHI,93,7,49,no
1754957106210,1754957106,KXMLBGAME-25AUG11PHICIN-CIN,8,92,2,no
1754957106210,1754957106,KXMLBGAME-25AUG11PHICIN-CIN,8,92,112,no
1754957106210,1754957106,KXMLBGAME-25AUG11COLSTL-COL,34,66,5,yes
1754957106210,1754957106,KXMLBGAME-25AUG11COLSTL-COL,34,66,28,yes
1754957106210,1754957106,KXMLBGAME-25AUG11PHICIN-PHI,93,7,114,no
1754957106261,1754957106,KXMLBGAME-25AUG11PHICIN-CIN,5,95,111,no
1754957106261,1754957106,KXMLBGAME-25AUG11PHICIN-CIN,4,96,200,no
1754957106261,1754957106,KXMLBGAME-25AUG11PHICIN-CIN,3,97,111,no
1754957106261,1754957106,KXMLBGAME-25AUG11PHICIN-CIN,2,98,252,no
1754957107415,1754957107,KXMLBGAME-25AUG11DETCWS-CWS,35,65,1,no
1754957108072,1754957107,KXMLBGAME-25AUG11PITMIL-MIL,73,27,3000,yes
1754957108072,1754957107,KXMLBGAME-25AUG11PITMIL-MIL,73,27,1500,yes
1754957108072,1754957107,KXMLBGAME-25AUG11PITMIL-MIL,73,27,200,yes
1754957108072,1754957107,KXMLBGAME-25AUG11PITMIL-MIL,73,27,400,yes
1754957108072,1754957107,KXMLBGAME-25AUG11PITMIL-MIL,74,26,1601,yes
1754957108301,1754957108,KXMLBGAME-25AUG11PHICIN-PHI,95,5,17,yes
1754957109314,1754957109,KXMLBGAME-25AUG11PHICIN-PHI,93,7,2,no
1754957114036,1754957114,KXMLBGAME-25AUG11PHICIN-PHI,93,7,38,no
1754957115686,1754957115,KXMLBGAME-25AUG11PHICIN-PHI,95,5,1,yes
1754957116318,1754957116,KXMLBGAME-25AUG11PHICIN-PHI,93,7,47,no
1754957116318,1754957116,KXMLBGAME-25AUG11PHICIN-PHI,82,18,257,no
1754957117397,1754957117,KXMLBGAME-25AUG11BOSHOU-BOS,61,39,40,yes
1754957118917,1754957118,KXMLBGAME-25AUG11PHICIN-CIN,14,86,33,yes
1754957123436,1754957123,KXMLBGAME-25AUG11PHICIN-PHI,88,12,13,no
1754957125285,1754957125,KXMLBGAME-25AUG11BOSHOU-HOU,41,59,11,yes
1754957127699,1754957127,KXMLBGAME-25AUG11MINNYY-MIN,9,91,240,yes
1754957132351,1754957132,KXMLBGAME-25AUG11BOSHOU-HOU,41,59,23,yes
1754957132863,1754957132,KXMLBGAME-25AUG11PITMIL-PIT,27,73,10,no
1754957133513,1754957133,KXMLBGAME-25AUG11PHICIN-PHI,93,7,100,yes
1754957133513,1754957133,KXMLBGAME-25AUG11PHICIN-PHI,94,6,41,yes
1754957137759,1754957137,KXMLBGAME-25AUG11AZTEX-TEX,60,40,66,yes
1754957138067,1754957138,KXMLBGAME-25AUG11PHICIN-CIN,12,88,4,yes
1754957138464,1754957138,KXMLBGAME-25AUG11PITMIL-MIL,75,25,503,yes
1754957138668,1754957138,KXMLBGAME-25AUG11PITMIL-MIL,75,25,262,yes
1754957140576,1754957140,KXMLBGAME-25AUG11WSHKC-KC,43,57,11,yes
1754957142469,1754957142,KXMLBGAME-25AUG11PHICIN-CIN,2,98,48,no
1754957142469,1754957142,KXMLBGAME-25AUG11PHICIN-CIN,1,99,27,no
1754957142896,1754957142,KXMLBGAME-25AUG11PHICIN-PHI,90,10,83,yes
1754957143616,1754957143,KXMLBGAME-25AUG11PHICIN-PHI,90,10,325,yes
1754957144398,1754957144,KXMLBGAME-25AUG11MINNYY-MIN,9,91,5,yes
1754957147995,1754957147,KXMLBGAME-25AUG11MINNYY-NYY,92,8,38,yes
1754957150325,1754957150,KXMLBGAME-25AUG11PHICIN-PHI,88,12,29,no
1754957150741,1754957150,KXMLBGAME-25AUG11MINNYY-MIN,9,91,56,yes
1754957151485,1754957151,KXMLBGAME-25AUG11WSHKC-WSH,59,41,11,yes
1754957153397,1754957153,KXMLBGAME-25AUG11DETCWS-DET,65,35,106,yes
1754957153397,1754957153,KXMLBGAME-25AUG11DETCWS-DET,66,34,194,yes
1754957154438,1754957154,KXMLBGAME-25AUG11PHICIN-CIN,11,89,33,yes
1754957154543,1754957154,KXMLBGAME-25AUG11COLSTL-COL,34,66,4,yes
1754957154543,1754957154,KXMLBGAME-25AUG11COLSTL-COL,35,65,228,yes
1754957154585,1754957154,KXMLBGAME-25AUG11PHICIN-PHI,94,6,22,yes
1754957155206,1754957155,KXMLBGAME-25AUG11PHICIN-CIN,1,99,212,no
1754957155954,1754957155,KXMLBGAME-25AUG11BOSHOU-HOU,41,59,3,yes
1754957156407,1754957156,KXMLBGAME-25AUG11BOSHOU-BOS,61,39,580,yes
1754957156407,1754957156,KXMLBGAME-25AUG11BOSHOU-BOS,61,39,1394,yes
1754957160971,1754957160,KXMLBGAME-25AUG11MINNYY-MIN,8,92,28,no
1754957161799,1754957161,KXMLBGAME-25AUG11WSHKC-WSH,59,41,5,yes
1754957161956,1754957161,KXMLBGAME-25AUG11WSHKC-WSH,59,41,73,yes
1754957162972,1754957162,KXMLBGAME-25AUG11WSHKC-WSH,59,41,1483,yes
1754957163096,1754957162,KXMLBGAME-25AUG11BOSHOU-BOS,60,40,9,no
1754957164071,1754957164,KXMLBGAME-25AUG11DETCWS-DET,65,35,250,yes
1754957164071,1754957164,KXMLBGAME-25AUG11DETCWS-DET,66,34,50,yes
1754957164582,1754957164,KXMLBGAME-25AUG11SDSF-SD,47,53,10,yes
1754957168216,1754957168,KXMLBGAME-25AUG11PHICIN-PHI,90,10,14,no
1754957168546,1754957168,KXMLBGAME-25AUG11PHICIN-PHI,90,10,25,no
1754957170934,1754957170,KXMLBGAME-25AUG11PHICIN-PHI,94,6,21,yes
1754957173342,1754957173,KXMLBGAME-25AUG11COLSTL-COL,33,67,8,no
1754957173475,1754957173,KXMLBGAME-25AUG11COLSTL-STL,67,33,1500,yes
1754957175021,1754957174,KXMLBGAME-25AUG11PHICIN-PHI,90,10,46,no
1754957175769,1754957175,KXMLBGAME-25AUG11PHICIN-PHI,94,6,66,yes
1754957178025,1754957177,KXMLBGAME-25AUG11BOSHOU-BOS,61,39,3,yes
1754957179665,1754957179,KXMLBGAME-25AUG11COLSTL-COL,34,66,3,no
1754957179704,1754957179,KXMLBGAME-25AUG11PHICIN-PHI,92,8,34,no
1754957180359,1754957180,KXMLBGAME-25AUG11COLSTL-COL,34,66,38,yes
1754957180919,1754957180,KXMLBGAME-25AUG11PITMIL-MIL,76,24,2,yes
1754957183157,1754957183,KXMLBGAME-25AUG11PHICIN-PHI,92,8,78,no
1754957183157,1754957183,KXMLBGAME-25AUG11PHICIN-PHI,92,8,34,no
1754957183157,1754957183,KXMLBGAME-25AUG11PHICIN-PHI,91,9,187,no
1754957183157,1754957183,KXMLBGAME-25AUG11PHICIN-PHI,91,9,109,no
1754957183157,1754957183,KXMLBGAME-25AUG11PHICIN-PHI,90,10,54,no
1754957183157,1754957183,KXMLBGAME-25AUG11PHICIN-PHI,83,17,30,no
1754957184257,1754957184,KXMLBGAME-25AUG11MINNYY-MIN,8,92,12,no
1754957185377,1754957185,KXMLBGAME-25AUG11COLSTL-COL,33,67,42,yes
1754957186225,1754957186,KXMLBGAME-25AUG11LADLAA-LAA,39,61,27,yes
1754957186815,1754957186,KXMLBGAME-25AUG11PHICIN-CIN,3,97,27,no
1754957189414,1754957189,KXMLBGAME-25AUG11PHICIN-CIN,3,97,25,no
1754957190315,1754957190,KXMLBGAME-25AUG11DETCWS-DET,66,34,110,yes
1754957192906,1754957192,KXMLBGAME-25AUG11PHICIN-CIN,11,89,5,yes
1754957194715,1754957194,KXMLBGAME-25AUG11COLSTL-COL,33,67,51,yes
1754957196955,1754957196,KXMLBGAME-25AUG11BOSHOU-HOU,41,59,35,yes
1754957199594,1754957199,KXMLBGAME-25AUG11WSHKC-WSH,59,41,454,yes
1754957202276,1754957202,KXMLBGAME-25AUG11BOSHOU-HOU,41,59,172,yes
1754957204235,1754957204,KXMLBGAME-25AUG11WSHKC-WSH,59,41,12,yes
1754957206295,1754957205,KXMLBGAME-25AUG11PITMIL-PIT,25,75,200,yes
1754957206295,1754957205,KXMLBGAME-25AUG11PITMIL-PIT,25,75,180,yes
1754957206296,1754957205,KXMLBGAME-25AUG11MINNYY-MIN,9,91,23,yes
1754957206949,1754957206,KXMLBGAME-25AUG11PHICIN-PHI,95,5,30,yes
1754957208921,1754957208,KXMLBGAME-25AUG11WSHKC-WSH,59,41,164,yes
1754957213056,1754957212,KXMLBGAME-25AUG11DETCWS-DET,65,35,65,yes
1754957213558,1754957213,KXMLBGAME-25AUG11PITMIL-MIL,76,24,25,yes
1754957218165,1754957218,KXMLBGAME-25AUG11SDSF-SD,47,53,20,yes
1754957224119,1754957224,KXMLBGAME-25AUG11PHICIN-PHI,95,5,52,yes
1754957227976,1754957227,KXMLBGAME-25AUG11PHICIN-PHI,95,5,200,yes
1754957227976,1754957227,KXMLBGAME-25AUG11PHICIN-PHI,95,5,9,yes
1754957228320,1754957228,KXMLBGAME-25AUG11PHICIN-PHI,95,5,1433,yes
1754957231535,1754957231,KXMLBGAME-25AUG11TBATH-TB,51,49,22,yes
1754957232249,1754957232,KXMLBGAME-25AUG11BOSHOU-HOU,41,59,17,yes
1754957232446,1754957232,KXMLBGAME-25AUG11PITMIL-MIL,76,24,85,yes
1754957232446,1754957232,KXMLBGAME-25AUG11PITMIL-MIL,76,24,44,yes
1754957232830,1754957232,KXMLBGAME-25AUG11MINNYY-MIN,9,91,20,yes
1754957232978,1754957232,KXMLBGAME-25AUG11BOSHOU-HOU,41,59,5,yes
1754957233107,1754957232,KXMLBGAME-25AUG11PHICIN-PHI,95,5,566,yes
1754957233107,1754957232,KXMLBGAME-25AUG11PHICIN-PHI,95,5,958,yes
1754957233107,1754957232,KXMLBGAME-25AUG11PHICIN-PHI,95,5,209,yes
1754957233107,1754957232,KXMLBGAME-25AUG11PHICIN-PHI,96,4,200,yes
1754957233107,1754957232,KXMLBGAME-25AUG11PHICIN-PHI,96,4,119,yes
1754957235094,1754957235,KXMLBGAME-25AUG11PHICIN-CIN,5,95,99,no
1754957236945,1754957236,KXMLBGAME-25AUG11PITMIL-PIT,25,75,76,yes
1754957237235,1754957237,KXMLBGAME-25AUG11PHICIN-CIN,5,95,116,no
1754957237575,1754957237,KXMLBGAME-25AUG11WSHKC-WSH,59,41,164,yes
1754957240746,1754957240,KXMLBGAME-25AUG11PHICIN-PHI,95,5,28,yes
1754957242965,1754957242,KXMLBGAME-25AUG11PITMIL-PIT,26,74,14,yes
1754957243196,1754957243,KXMLBGAME-25AUG11COLSTL-COL,33,67,2,yes
1754957245157,1754957245,KXMLBGAME-25AUG11PHICIN-PHI,95,5,822,yes
1754957245157,1754957245,KXMLBGAME-25AUG11PHICIN-PHI,96,4,1,yes
1754957245157,1754957245,KXMLBGAME-25AUG11PHICIN-PHI,98,2,300,yes
1754957245157,1754957245,KXMLBGAME-25AUG11PHICIN-PHI,98,2,200,yes
1754957245157,1754957245,KXMLBGAME-25AUG11PHICIN-PHI,99,1,1000,yes
1754957245157,1754957245,KXMLBGAME-25AUG11PHICIN-PHI,99,1,236,yes
1754957245455,1754957245,KXMLBGAME-25AUG11PHICIN-PHI,94,6,23,no
1754957246896,1754957246,KXMLBGAME-25AUG11SDSF-SD,47,53,5,yes
1754957247702,1754957247,KXMLBGAME-25AUG11PHICIN-PHI,94,6,77,no
1754957247702,1754957247,KXMLBGAME-25AUG11PHICIN-PHI,94,6,49,no
1754957248666,1754957248,KXMLBGAME-25AUG11DETCWS-CWS,35,65,79,no
1754957248666,1754957248,KXMLBGAME-25AUG11DETCWS-CWS,35,65,1421,no
1754957249054,1754957249,KXMLBGAME-25AUG11PHICIN-PHI,94,6,62,no
1754957252815,1754957252,KXMLBGAME-25AUG11MINNYY-MIN,10,90,4,yes
1754957257255,1754957257,KXMLBGAME-25AUG11PITMIL-PIT,26,74,100,yes
1754957258654,1754957258,KXMLBGAME-25AUG11MINNYY-MIN,9,91,373,yes
1754957258885,1754957258,KXMLBGAME-25AUG11PITMIL-MIL,75,25,131,yes
1754957259526,1754957259,KXMLBGAME-25AUG11MINNYY-NYY,92,8,3,yes
1754957259950,1754957259,KXMLBGAME-25AUG11MINNYY-MIN,9,91,56,yes
1754957260406,1754957260,KXMLBGAME-25AUG11MINNYY-MIN,9,91,50,yes
1754957261785,1754957261,KXMLBGAME-25AUG11PITMIL-PIT,26,74,20,yes
1754957264124,1754957264,KXMLBGAME-25AUG11PHICIN-CIN,7,93,54,yes
1754957264244,1754957264,KXMLBGAME-25AUG11PITMIL-PIT,26,74,100,yes
1754957266405,1754957266,KXMLBGAME-25AUG11MINNYY-MIN,9,91,11,yes
1754957266725,1754957266,KXMLBGAME-25AUG11TBATH-TB,51,49,17,yes
1754957267134,1754957267,KXMLBGAME-25AUG11TBATH-ATH,50,50,20,yes
1754957267819,1754957267,KXMLBGAME-25AUG11PHICIN-PHI,95,5,250,yes
1754957267819,1754957267,KXMLBGAME-25AUG11PHICIN-PHI,95,5,12,yes
1754957268843,1754957268,KXMLBGAME-25AUG11LADLAA-LAA,39,61,49,yes
1754957269394,1754957269,KXMLBGAME-25AUG11PHICIN-PHI,92,8,6,no
1754957269905,1754957269,KXMLBGAME-25AUG11PHICIN-PHI,95,5,738,yes
1754957269906,1754957269,KXMLBGAME-25AUG11PHICIN-PHI,95,5,72,yes
1754957269906,1754957269,KXMLBGAME-25AUG11PHICIN-PHI,95,5,3000,yes
1754957269906,1754957269,KXMLBGAME-25AUG11PHICIN-PHI,95,5,1434,yes
1754957270496,1754957270,KXMLBGAME-25AUG11MINNYY-MIN,9,91,15,yes
1754957272445,1754957272,KXMLBGAME-25AUG11WSHKC-WSH,59,41,823,yes
1754957277505,1754957277,KXMLBGAME-25AUG11PHICIN-PHI,93,7,156,no
1754957280066,1754957280,KXMLBGAME-25AUG11PHICIN-PHI,93,7,275,no
1754957281205,1754957281,KXMLBGAME-25AUG11PITMIL-PIT,24,76,25,no
1754957282814,1754957282,KXMLBGAME-25AUG11LADLAA-LAD,61,39,19846,yes
1754957282814,1754957282,KXMLBGAME-25AUG11LADLAA-LAD,61,39,2000,yes
1754957282814,1754957282,KXMLBGAME-25AUG11LADLAA-LAD,61,39,965,yes
1754957282814,1754957282,KXMLBGAME-25AUG11LADLAA-LAD,61,39,9980,yes
1754957283228,1754957283,KXMLBGAME-25AUG11PHICIN-PHI,93,7,384,no
1754957283395,1754957283,KXMLBGAME-25AUG11DETCWS-DET,68,32,71,yes
1754957284477,1754957284,KXMLBGAME-25AUG11DETCWS-DET,68,32,80,yes
1754957286654,1754957286,KXMLBGAME-25AUG11PITMIL-PIT,24,76,3,yes
1754957286665,1754957286,KXMLBGAME-25AUG11PITMIL-PIT,24,76,51,yes
1754957289575,1754957289,KXMLBGAME-25AUG11WSHKC-WSH,56,44,112,yes
1754957289575,1754957289,KXMLBGAME-25AUG11WSHKC-WSH,56,44,2,yes
1754957293858,1754957293,KXMLBGAME-25AUG11DETCWS-DET,68,32,57,yes
1754957294359,1754957294,KXMLBGAME-25AUG11PHICIN-PHI,95,5,10,yes
1754957294359,1754957294,KXMLBGAME-25AUG11PHICIN-PHI,95,5,54,yes
1754957294359,1754957294,KXMLBGAME-25AUG11PHICIN-PHI,95,5,2827,yes
1754957294359,1754957294,KXMLBGAME-25AUG11PHICIN-PHI,95,5,3000,yes
1754957294359,1754957294,KXMLBGAME-25AUG11PHICIN-PHI,96,4,200,yes
1754957294359,1754957294,KXMLBGAME-25AUG11PHICIN-PHI,96,4,8508,yes
1754957294944,1754957294,KXMLBGAME-25AUG11PHICIN-PHI,93,7,10,no
1754957296756,1754957296,KXMLBGAME-25AUG11LADLAA-LAD,61,39,387,yes
1754957297974,1754957297,KXMLBGAME-25AUG11DETCWS-DET,68,32,5,yes
1754957299215,1754957299,KXMLBGAME-25AUG11COLSTL-STL,66,34,16,yes
1754957301706,1754957301,KXMLBGAME-25AUG11PITMIL-PIT,23,77,5,no
1754957302597,1754957302,KXMLBGAME-25AUG11COLSTL-COL,35,65,3,yes
1754957302597,1754957302,KXMLBGAME-25AUG11COLSTL-COL,35,65,30,yes
1754957305626,1754957305,KXMLBGAME-25AUG11PHICIN-CIN,5,95,41,no
1754957305626,1754957305,KXMLBGAME-25AUG11PHICIN-CIN,5,95,46,no
1754957306295,1754957306,KXMLBGAME-25AUG11PHICIN-PHI,94,6,158,yes
1754957307594,1754957307,KXMLBGAME-25AUG11PHICIN-PHI,93,7,415,no
1754957308319,1754957308,KXMLBGAME-25AUG11WSHKC-WSH,56,44,25,yes
1754957309625,1754957309,KXMLBGAME-25AUG11PHICIN-PHI,94,6,529,yes
1754957309814,1754957309,KXMLBGAME-25AUG11BOSHOU-BOS,61,39,7,yes
1754957310478,1754957310,KXMLBGAME-25AUG11WSHKC-KC,46,54,14,yes
1754957312742,1754957312,KXMLBGAME-25AUG11BOSHOU-HOU,41,59,832,yes
1754957313475,1754957313,KXMLBGAME-25AUG11PITMIL-PIT,24,76,7,yes
1754957313857,1754957313,KXMLBGAME-25AUG11BOSHOU-BOS,61,39,156,yes
1754957319764,1754957319,KXMLBGAME-25AUG11PHICIN-PHI,93,7,273,no
1754957319844,1754957319,KXMLBGAME-25AUG11PHICIN-PHI,94,6,1,yes
1754957320246,1754957320,KXMLBGAME-25AUG11AZTEX-AZ,44,56,32,yes
1754957320484,1754957320,KXMLBGAME-25AUG11PITMIL-MIL,77,23,31,yes
1754957321684,1754957321,KXMLBGAME-25AUG11MINNYY-NYY,90,10,4,no
1754957323097,1754957323,KXMLBGAME-25AUG11AZTEX-TEX,60,40,26,yes
1754957323835,1754957323,KXMLBGAME-25AUG11COLSTL-STL,63,37,25,no
1754957323954,1754957323,KXMLBGAME-25AUG11COLSTL-COL,36,64,2,yes
1754957323954,1754957323,KXMLBGAME-25AUG11COLSTL-COL,37,63,1498,yes
1754957324375,1754957324,KXMLBGAME-25AUG11PHICIN-PHI,92,8,112,no
1754957324375,1754957324,KXMLBGAME-25AUG11PHICIN-PHI,92,8,23,no
1754957324825,1754957324,KXMLBGAME-25AUG11WSHKC-WSH,55,45,8,yes
1754957325056,1754957325,KXMLBGAME-25AUG11PHICIN-CIN,8,92,11,yes
1754957325275,1754957325,KXMLBGAME-25AUG11PHICIN-CIN,8,92,101,yes
1754957325275,1754957325,KXMLBGAME-25AUG11PHICIN-CIN,8,92,403,yes
1754957327443,1754957327,KXMLBGAME-25AUG11PHICIN-CIN,7,93,58,yes
1754957328915,1754957328,KXMLBGAME-25AUG11BOSHOU-BOS,61,39,7,yes
1754957331065,1754957331,KXMLBGAME-25AUG11COLSTL-STL,66,34,44,yes
1754957331837,1754957331,KXMLBGAME-25AUG11PHICIN-CIN,7,93,13,yes
1754957334105,1754957334,KXMLBGAME-25AUG11PHICIN-PHI,94,6,10,yes
1754957340834,1754957340,KXMLBGAME-25AUG11PHICIN-PHI,94,6,989,yes
1754957340834,1754957340,KXMLBGAME-25AUG11PHICIN-PHI,95,5,59,yes
1754957340834,1754957340,KXMLBGAME-25AUG11PHICIN-PHI,95,5,2,yes
1754957340835,1754957340,KXMLBGAME-25AUG11PHICIN-PHI,95,5,26,yes
1754957340835,1754957340,KXMLBGAME-25AUG11PHICIN-PHI,95,5,3000,yes
1754957340835,1754957340,KXMLBGAME-25AUG11PHICIN-PHI,96,4,1440,yes
1754957342190,1754957342,KXMLBGAME-25AUG11WSHKC-KC,45,55,191,no
1754957343124,1754957343,KXMLBGAME-25AUG11AZTEX-TEX,61,39,112,yes
1754957343124,1754957343,KXMLBGAME-25AUG11AZTEX-TEX,61,39,61,yes
1754957347191,1754957347,KXMLBGAME-25AUG11SDSF-SD,47,53,51,yes
1754957347417,1754957347,KXMLBGAME-25AUG11PHICIN-PHI,93,7,3266,no
1754957349735,1754957349,KXMLBGAME-25AUG11COLSTL-STL,65,35,115,yes
1754957349735,1754957349,KXMLBGAME-25AUG11COLSTL-STL,66,34,68,yes
1754957349735,1754957349,KXMLBGAME-25AUG11COLSTL-STL,66,34,44,yes
1754957349735,1754957349,KXMLBGAME-25AUG11COLSTL-STL,66,34,144,yes
1754957350824,1754957350,KXMLBGAME-25AUG11WSHKC-KC,46,54,5,no
1754957351284,1754957351,KXMLBGAME-25AUG11COLSTL-STL,66,34,295,yes
1754957356906,1754957356,KXMLBGAME-25AUG11PHICIN-PHI,93,7,1711,no
1754957357486,1754957357,KXMLBGAME-25AUG11SDSF-SD,47,53,11,yes
1754957360666,1754957360,KXMLBGAME-25AUG11MINNYY-MIN,8,92,260,no
1754957360666,1754957360,KXMLBGAME-25AUG11MINNYY-MIN,8,92,1631,no
1754957360896,1754957360,KXMLBGAME-25AUG11WSHKC-WSH,54,46,3000,yes
1754957360896,1754957360,KXMLBGAME-25AUG11WSHKC-WSH,55,45,132,yes
1754957364356,1754957364,KXMLBGAME-25AUG11PHICIN-PHI,95,5,28,yes
1754957364394,1754957364,KXMLBGAME-25AUG11DETCWS-DET,68,32,28,yes
1754957366435,1754957366,KXMLBGAME-25AUG11WSHKC-WSH,54,46,432,yes
1754957366515,1754957366,KXMLBGAME-25AUG11PHICIN-CIN,6,94,469,yes
1754957367051,1754957366,KXMLBGAME-25AUG11PHICIN-PHI,93,7,100,no
1754957367179,1754957367,KXMLBGAME-25AUG11BOSHOU-HOU,41,59,32,yes
1754957368676,1754957368,KXMLBGAME-25AUG11PITMIL-PIT,23,77,41,yes
1754957370296,1754957369,KXMLBGAME-25AUG11BOSHOU-BOS,60,40,506,no
1754957370460,1754957370,KXMLBGAME-25AUG11PHICIN-CIN,5,95,20,no
1754957370970,1754957370,KXMLBGAME-25AUG11BOSHOU-BOS,60,40,2483,no
1754957370970,1754957370,KXMLBGAME-25AUG11BOSHOU-BOS,60,40,17,no
1754957371163,1754957371,KXMLBGAME-25AUG11PHICIN-PHI,94,6,21,yes
1754957377325,1754957377,KXMLBGAME-25AUG11WSHKC-KC,47,53,2,yes
1754957378886,1754957378,KXMLBGAME-25AUG11PHICIN-PHI,94,6,45,yes
1754957378886,1754957378,KXMLBGAME-25AUG11PHICIN-PHI,94,6,219,yes
1754957381849,1754957381,KXMLBGAME-25AUG11WSHKC-KC,47,53,110,yes
1754957381849,1754957381,KXMLBGAME-25AUG11WSHKC-KC,47,53,9,yes
1754957382627,1754957382,KXMLBGAME-25AUG11WSHKC-WSH,55,45,4,yes
1754957383827,1754957383,KXMLBGAME-25AUG11BOSHOU-HOU,41,59,128,yes
1754957383904,1754957383,KXMLBGAME-25AUG11PHICIN-PHI,93,7,4,no
1754957385396,1754957385,KXMLBGAME-25AUG11WSHKC-WSH,55,45,17,yes
1754957385565,1754957385,KXMLBGAME-25AUG11PHICIN-PHI,93,7,14,no
1754957385905,1754957385,KXMLBGAME-25AUG11PHICIN-PHI,93,7,308,no
1754957388215,1754957388,KXMLBGAME-25AUG11WSHKC-KC,47,53,51,yes
1754957388631,1754957388,KXMLBGAME-25AUG11DETCWS-CWS,34,66,100,no
1754957388857,1754957388,KXMLBGAME-25AUG11WSHKC-KC,47,53,102,yes
1754957390436,1754957390,KXMLBGAME-25AUG11DETCWS-DET,68,32,2,no
1754957390914,1754957390,KXMLBGAME-25AUG11AZTEX-TEX,64,36,22,yes
1754957392894,1754957392,KXMLBGAME-25AUG11PHICIN-PHI,93,7,40,no
1754957394968,1754957394,KXMLBGAME-25AUG11WSHKC-KC,47,53,2838,yes
1754957394968,1754957394,KXMLBGAME-25AUG11WSHKC-KC,47,53,2,yes
1754957394968,1754957394,KXMLBGAME-25AUG11WSHKC-KC,47,53,107,yes
1754957395914,1754957395,KXMLBGAME-25AUG11PHICIN-PHI,94,6,23,yes
1754957397095,1754957397,KXMLBGAME-25AUG11PHICIN-CIN,6,94,500,yes
1754957399925,1754957399,KXMLBGAME-25AUG11PHICIN-CIN,6,94,77,no
1754957400415,1754957400,KXMLBGAME-25AUG11PITMIL-MIL,76,24,29,no
1754957402796,1754957402,KXMLBGAME-25AUG11PHICIN-CIN,7,93,26,yes
1754957403453,1754957403,KXMLBGAME-25AUG11WSHKC-WSH,56,44,83,yes
1754957405138,1754957405,KXMLBGAME-25AUG11PHICIN-PHI,94,6,2,yes
1754957410331,1754957410,KXMLBGAME-25AUG11LADLAA-LAD,62,38,9,yes
1754957411126,1754957411,KXMLBGAME-25AUG11WSHKC-WSH,54,46,112,yes
1754957411126,1754957411,KXMLBGAME-25AUG11WSHKC-WSH,55,45,200,yes
1754957411126,1754957411,KXMLBGAME-25AUG11WSHKC-WSH,55,45,400,yes
1754957411126,1754957411,KXMLBGAME-25AUG11WSHKC-WSH,56,44,57,yes
1754957411601,1754957411,KXMLBGAME-25AUG11PHICIN-CIN,6,94,159,no
1754957411969,1754957411,KXMLBGAME-25AUG11AZTEX-AZ,38,62,12,yes
1754957413198,1754957413,KXMLBGAME-25AUG11WSHKC-WSH,52,48,50,yes
1754957413861,1754957413,KXMLBGAME-25AUG11WSHKC-WSH,51,49,1,no
1754957413861,1754957413,KXMLBGAME-25AUG11WSHKC-WSH,51,49,1,yes
1754957414029,1754957413,KXMLBGAME-25AUG11WSHKC-KC,48,52,10,yes
1754957414537,1754957414,KXMLBGAME-25AUG11WSHKC-WSH,50,50,50,no
1754957419851,1754957419,KXMLBGAME-25AUG11WSHKC-KC,51,49,2947,no
1754957420170,1754957420,KXMLBGAME-25AUG11WSHKC-KC,52,48,1,yes
1754957420322,1754957420,KXMLBGAME-25AUG11WSHKC-WSH,49,51,98,yes
1754957423796,1754957423,KXMLBGAME-25AUG11PHICIN-CIN,7,93,112,yes
1754957423881,1754957423,KXMLBGAME-25AUG11PHICIN-PHI,93,7,5,yes
1754957424462,1754957424,KXMLBGAME-25AUG11DETCWS-CWS,32,68,44,yes
1754957426750,1754957426,KXMLBGAME-25AUG11COLSTL-COL,36,64,50,yes
1754957427756,1754957427,KXMLBGAME-25AUG11WSHKC-WSH,47,53,110,no
1754957427756,1754957427,KXMLBGAME-25AUG11WSHKC-WSH,46,54,1653,no
1754957429190,1754957429,KXMLBGAME-25AUG11LADLAA-LAD,62,38,50,yes
1754957433036,1754957432,KXMLBGAME-25AUG11PHICIN-PHI,93,7,171,yes
1754957438735,1754957438,KXMLBGAME-25AUG11PHICIN-CIN,8,92,112,yes
1754957439597,1754957439,KXMLBGAME-25AUG11MINNYY-NYY,90,10,38,no
1754957442126,1754957442,KXMLBGAME-25AUG11DETCWS-DET,69,31,60,yes
1754957442126,1754957442,KXMLBGAME-25AUG11DETCWS-DET,69,31,10,yes
1754957448405,1754957448,KXMLBGAME-25AUG11PITMIL-PIT,23,77,20,yes
1754957450578,1754957450,KXMLBGAME-25AUG11PITMIL-PIT,23,77,84,yes
1754957450578,1754957450,KXMLBGAME-25AUG11PITMIL-PIT,23,77,138,yes
1754957451679,1754957451,KXMLBGAME-25AUG11PHICIN-PHI,91,9,112,yes
1754957453460,1754957453,KXMLBGAME-25AUG11COLSTL-COL,36,64,2078,yes
1754957454976,1754957454,KXMLBGAME-25AUG11MINNYY-MIN,9,91,52,yes
1754957456096,1754957455,KXMLBGAME-25AUG11LADLAA-LAA,39,61,24,yes
1754957461366,1754957461,KXMLBGAME-25AUG11PITMIL-PIT,23,77,44,yes
1754957461545,1754957461,KXMLBGAME-25AUG11PHICIN-PHI,91,9,25,yes
1754957461639,1754957461,KXMLBGAME-25AUG11PITMIL-PIT,23,77,20,yes
1754957462296,1754957462,KXMLBGAME-25AUG11PITMIL-MIL,76,24,46,no
1754957463104,1754957463,KXMLBGAME-25AUG11BOSHOU-BOS,61,39,319,yes
1754957465476,1754957465,KXMLBGAME-25AUG11MINNYY-NYY,92,8,14,yes
1754957467336,1754957467,KXMLBGAME-25AUG11WSHKC-KC,51,49,64,yes
1754957467356,1754957467,KXMLBGAME-25AUG11MINNYY-MIN,9,91,261,yes
1754957467551,1754957467,KXMLBGAME-25AUG11PHICIN-PHI,90,10,50,no
1754957467551,1754957467,KXMLBGAME-25AUG11PHICIN-PHI,89,11,3000,no
1754957467552,1754957467,KXMLBGAME-25AUG11PHICIN-PHI,89,11,142,no
1754957468975,1754957468,KXMLBGAME-25AUG11PITMIL-MIL,78,22,285,yes
1754957470153,1754957470,KXMLBGAME-25AUG11PITMIL-PIT,23,77,43,yes
1754957470616,1754957470,KXMLBGAME-25AUG11WSHKC-WSH,50,50,26,yes
1754957471285,1754957471,KXMLBGAME-25AUG11PITMIL-MIL,76,24,45,no
1754957471575,1754957471,KXMLBGAME-25AUG11PHICIN-CIN,11,89,100,yes
1754957471575,1754957471,KXMLBGAME-25AUG11PITMIL-MIL,78,22,12,yes
1754957476563,1754957476,KXMLBGAME-25AUG11SDSF-SD,47,53,10,yes
1754957476725,1754957476,KXMLBGAME-25AUG11BOSHOU-BOS,61,39,295,yes
1754957477555,1754957477,KXMLBGAME-25AUG11PHICIN-PHI,91,9,27,yes
1754957482704,1754957482,KXMLBGAME-25AUG11WSHKC-WSH,50,50,5,yes
1754957485437,1754957485,KXMLBGAME-25AUG11PHICIN-CIN,10,90,188,yes
1754957489226,1754957489,KXMLBGAME-25AUG11BOSHOU-HOU,41,59,60,yes
1754957489227,1754957489,KXMLBGAME-25AUG11BOSHOU-HOU,41,59,670,yes
1754957490468,1754957490,KXMLBGAME-25AUG11PITMIL-PIT,24,76,19,yes
1754957491594,1754957491,KXMLBGAME-25AUG11PHICIN-PHI,92,8,8,yes
1754957491696,1754957491,KXMLBGAME-25AUG11WSHKC-WSH,50,50,50,yes
1754957491847,1754957491,KXMLBGAME-25AUG11WSHKC-KC,53,47,82,yes
1754957491847,1754957491,KXMLBGAME-25AUG11WSHKC-KC,53,47,3000,yes
1754957492096,1754957492,KXMLBGAME-25AUG11SDSF-SD,47,53,4,yes
1754957492714,1754957492,KXMLBGAME-25AUG11PHICIN-CIN,8,92,14,no
1754957493577,1754957493,KXMLBGAME-25AUG11PHICIN-CIN,9,91,30,yes
1754957494046,1754957494,KXMLBGAME-25AUG11BOSHOU-HOU,40,60,5,no
1754957494376,1754957494,KXMLBGAME-25AUG11PHICIN-PHI,91,9,25,no
1754957496356,1754957496,KXMLBGAME-25AUG11DETCWS-CWS,31,69,112,yes
1754957496356,1754957496,KXMLBGAME-25AUG11DETCWS-CWS,31,69,41,yes
1754957498235,1754957498,KXMLBGAME-25AUG11BOSHOU-HOU,39,61,5,no
1754957499345,1754957499,KXMLBGAME-25AUG11PHICIN-PHI,91,9,134,no
1754957499645,1754957499,KXMLBGAME-25AUG11BOSHOU-BOS,61,39,15,yes
1754957499936,1754957499,KXMLBGAME-25AUG11BOSHOU-BOS,61,39,85,yes
1754957500194,1754957500,KXMLBGAME-25AUG11PHICIN-CIN,9,91,260,yes
1754957500455,1754957500,KXMLBGAME-25AUG11PHICIN-PHI,91,9,29,no
1754957503365,1754957503,KXMLBGAME-25AUG11PHICIN-PHI,92,8,75,yes
1754957503365,1754957503,KXMLBGAME-25AUG11PHICIN-PHI,92,8,6,yes
1754957503365,1754957503,KXMLBGAME-25AUG11PHICIN-PHI,93,7,160,yes
1754957503786,1754957503,KXMLBGAME-25AUG11WSHKC-WSH,42,58,8,no
1754957503786,1754957503,KXMLBGAME-25AUG11WSHKC-WSH,40,60,40,no
1754957503915,1754957503,KXMLBGAME-25AUG11WSHKC-KC,60,40,40,yes
1754957504430,1754957504,KXMLBGAME-25AUG11PHICIN-PHI,92,8,60,yes
1754957504430,1754957504,KXMLBGAME-25AUG11PHICIN-PHI,93,7,208,yes
1754957506587,1754957506,KXMLBGAME-25AUG11DETCWS-CWS,31,69,15,yes
1754957507796,1754957507,KXMLBGAME-25AUG11WSHKC-WSH,39,61,40,no
1754957508556,1754957508,KXMLBGAME-25AUG11BOSHOU-HOU,39,61,122,yes
1754957508855,1754957508,KXMLBGAME-25AUG11MINNYY-NYY,92,8,140,yes
1754957513548,1754957513,KXMLBGAME-25AUG11COLSTL-COL,34,66,41,yes
1754957513665,1754957513,KXMLBGAME-25AUG11WSHKC-KC,61,39,3082,no
1754957516864,1754957516,KXMLBGAME-25AUG11WSHKC-WSH,39,61,1,yes
1754957517713,1754957517,KXMLBGAME-25AUG11WSHKC-KC,64,36,4,yes
1754957518077,1754957517,KXMLBGAME-25AUG11LADLAA-LAD,62,38,780,yes
1754957518285,1754957518,KXMLBGAME-25AUG11PHICIN-PHI,91,9,2,no
1754957518774,1754957518,KXMLBGAME-25AUG11PHICIN-PHI,92,8,27,yes
1754957520446,1754957520,KXMLBGAME-25AUG11COLSTL-COL,34,66,31,yes
1754957522905,1754957522,KXMLBGAME-25AUG11AZTEX-TEX,65,35,15,yes
1754957523402,1754957523,KXMLBGAME-25AUG11COLSTL-COL,34,66,9,yes
1754957523669,1754957523,KXMLBGAME-25AUG11PITMIL-PIT,24,76,397,yes
1754957523691,1754957523,KXMLBGAME-25AUG11BOSHOU-BOS,63,37,15,yes
1754957524846,1754957524,KXMLBGAME-25AUG11MINNYY-NYY,92,8,7,yes
1754957526373,1754957526,KXMLBGAME-25AUG11WSHKC-KC,64,36,58,yes
1754957526373,1754957526,KXMLBGAME-25AUG11WSHKC-KC,64,36,94,yes
1754957527637,1754957527,KXMLBGAME-25AUG11BOSHOU-BOS,63,37,200,yes
1754957527715,1754957527,KXMLBGAME-25AUG11PHICIN-CIN,8,92,39,no
1754957527715,1754957527,KXMLBGAME-25AUG11PHICIN-CIN,8,92,19,no
1754957528386,1754957528,KXMLBGAME-25AUG11BOSHOU-HOU,39,61,39,yes
1754957529649,1754957529,KXMLBGAME-25AUG11PHICIN-PHI,91,9,20,no
1754957530376,1754957530,KXMLBGAME-25AUG11MINNYY-NYY,92,8,47,yes
1754957530376,1754957530,KXMLBGAME-25AUG11MINNYY-NYY,93,7,220,yes
1754957531147,1754957531,KXMLBGAME-25AUG11PHICIN-PHI,92,8,8,yes
1754957531147,1754957531,KXMLBGAME-25AUG11PHICIN-PHI,92,8,48,yes
1754957534675,1754957534,KXMLBGAME-25AUG11PITMIL-PIT,24,76,7,yes
1754957535315,1754957535,KXMLBGAME-25AUG11PHICIN-CIN,10,90,9,yes
1754957535535,1754957535,KXMLBGAME-25AUG11PITMIL-MIL,78,22,63,yes
1754957536145,1754957536,KXMLBGAME-25AUG11BOSHOU-HOU,39,61,9,yes
1754957537241,1754957537,KXMLBGAME-25AUG11PHICIN-PHI,92,8,1,yes
1754957541053,1754957540,KXMLBGAME-25AUG11PHICIN-CIN,10,90,169,yes
1754957546388,1754957546,KXMLBGAME-25AUG11PHICIN-PHI,92,8,285,yes
1754957546962,1754957546,KXMLBGAME-25AUG11WSHKC-WSH,37,63,12,yes
1754957546962,1754957546,KXMLBGAME-25AUG11COLSTL-COL,34,66,1,yes
1754957548960,1754957548,KXMLBGAME-25AUG11PHICIN-PHI,92,8,1762,yes
1754957551278,1754957551,KXMLBGAME-25AUG11PHICIN-PHI,92,8,21,yes
1754957551278,1754957551,KXMLBGAME-25AUG11PHICIN-PHI,92,8,6,yes
1754957551278,1754957551,KXMLBGAME-25AUG11PHICIN-PHI,92,8,81,yes
1754957554937,1754957554,KXMLBGAME-25AUG11PHICIN-PHI,92,8,25,yes
1754957554937,1754957554,KXMLBGAME-25AUG11PHICIN-PHI,92,8,20,yes
1754957554937,1754957554,KXMLBGAME-25AUG11PHICIN-PHI,93,7,411,yes
1754957554937,1754957554,KXMLBGAME-25AUG11PHICIN-PHI,93,7,250,yes
1754957554937,1754957554,KXMLBGAME-25AUG11PHICIN-PHI,93,7,750,yes
1754957554937,1754957554,KXMLBGAME-25AUG11PHICIN-PHI,93,7,3787,yes
1754957555006,1754957554,KXMLBGAME-25AUG11PHICIN-PHI,91,9,28,no
1754957555006,1754957554,KXMLBGAME-25AUG11PHICIN-PHI,90,10,32,no
1754957555129,1754957555,KXMLBGAME-25AUG11MINNYY-NYY,93,7,5,yes
1754957555356,1754957555,KXMLBGAME-25AUG11MINNYY-NYY,93,7,1,yes
1754957556615,1754957556,KXMLBGAME-25AUG11PITMIL-PIT,24,76,7,yes
1754957557555,1754957557,KXMLBGAME-25AUG11PHICIN-CIN,10,90,50,yes
1754957558085,1754957558,KXMLBGAME-25AUG11COLSTL-COL,34,66,112,yes
1754957559963,1754957559,KXMLBGAME-25AUG11WSHKC-WSH,36,64,12,yes
1754957560117,1754957560,KXMLBGAME-25AUG11PHICIN-PHI,90,10,450,no
1754957562036,1754957561,KXMLBGAME-25AUG11WSHKC-KC,65,35,50,yes
1754957562036,1754957561,KXMLBGAME-25AUG11WSHKC-KC,66,34,46,yes
1754957562036,1754957561,KXMLBGAME-25AUG11WSHKC-KC,66,34,52,yes
1754957563675,1754957563,KXMLBGAME-25AUG11BOSHOU-HOU,38,62,50,no
1754957563675,1754957563,KXMLBGAME-25AUG11BOSHOU-HOU,37,63,92,no
1754957566515,1754957566,KXMLBGAME-25AUG11BOSHOU-BOS,63,37,299,yes
1754957573903,1754957573,KXMLBGAME-25AUG11AZTEX-AZ,36,64,132,yes
1754957575415,1754957575,KXMLBGAME-25AUG11COLSTL-COL,35,65,5,yes
1754957577121,1754957577,KXMLBGAME-25AUG11BOSHOU-HOU,38,62,5,yes
1754957578343,1754957578,KXMLBGAME-25AUG11MINNYY-MIN,8,92,11,yes
1754957579218,1754957579,KXMLBGAME-25AUG11WSHKC-WSH,36,64,26,yes
1754957585986,1754957585,KXMLBGAME-25AUG11PHICIN-PHI,94,6,82,no
1754957586044,1754957586,KXMLBGAME-25AUG11WSHKC-KC,66,34,66,yes
1754957587021,1754957586,KXMLBGAME-25AUG11COLSTL-STL,65,35,63,yes
1754957587308,1754957587,KXMLBGAME-25AUG11PHICIN-PHI,95,5,5,yes
1754957588544,1754957588,KXMLBGAME-25AUG11BOSHOU-HOU,34,66,300,no
1754957588560,1754957588,KXMLBGAME-25AUG11BOSHOU-BOS,65,35,50,yes
1754957588560,1754957588,KXMLBGAME-25AUG11BOSHOU-BOS,67,33,200,yes
1754957589546,1754957589,KXMLBGAME-25AUG11PHICIN-PHI,95,5,465,yes
1754957592366,1754957592,KXMLBGAME-25AUG11PHICIN-CIN,6,94,15,yes
1754957593813,1754957593,KXMLBGAME-25AUG11BOSHOU-BOS,69,31,1,yes
1754957594173,1754957594,KXMLBGAME-25AUG11PHICIN-CIN,6,94,344,yes
1754957595035,1754957595,KXMLBGAME-25AUG11BOSHOU-BOS,69,31,28,yes
1754957595035,1754957595,KXMLBGAME-25AUG11BOSHOU-BOS,69,31,42,yes
1754957595075,1754957595,KXMLBGAME-25AUG11PHICIN-PHI,95,5,10,yes
1754957597117,1754957597,KXMLBGAME-25AUG11WSHKC-KC,67,33,43,yes
1754957597345,1754957597,KXMLBGAME-25AUG11PHICIN-PHI,95,5,28,yes
1754957598926,1754957598,KXMLBGAME-25AUG11WSHKC-KC,67,33,157,yes
1754957598926,1754957598,KXMLBGAME-25AUG11WSHKC-KC,67,33,306,yes
1754957598926,1754957598,KXMLBGAME-25AUG11WSHKC-KC,67,33,142,yes
1754957600195,1754957600,KXMLBGAME-25AUG11MINNYY-MIN,8,92,1151,yes
1754957600335,1754957600,KXMLBGAME-25AUG11PHICIN-PHI,93,7,98,no
1754957600357,1754957600,KXMLBGAME-25AUG11BOSHOU-HOU,33,67,50,yes
1754957600718,1754957600,KXMLBGAME-25AUG11BOSHOU-BOS,68,32,17,yes
1754957600718,1754957600,KXMLBGAME-25AUG11BOSHOU-BOS,69,31,18,yes
1754957600795,1754957600,KXMLBGAME-25AUG11BOSHOU-BOS,72,28,150,no
1754957600795,1754957600,KXMLBGAME-25AUG11BOSHOU-HOU,35,65,150,no
1754957600889,1754957600,KXMLBGAME-25AUG11PITMIL-MIL,80,20,30,yes
1754957601438,1754957601,KXMLBGAME-25AUG11WSHKC-WSH,32,68,690,yes
1754957601615,1754957601,KXMLBGAME-25AUG11WSHKC-KC,68,32,690,no
1754957601615,1754957601,KXMLBGAME-25AUG11MINNYY-MIN,8,92,38,yes
1754957601615,1754957601,KXMLBGAME-25AUG11WSHKC-KC,68,32,35,yes
1754957601616,1754957601,KXMLBGAME-25AUG11WSHKC-WSH,32,68,35,no
1754957601674,1754957601,KXMLBGAME-25AUG11WSHKC-KC,68,32,26,yes
1754957601706,1754957601,KXMLBGAME-25AUG11WSHKC-WSH,32,68,17,no
1754957601767,1754957601,KXMLBGAME-25AUG11WSHKC-KC,68,32,11,yes
1754957601796,1754957601,KXMLBGAME-25AUG11WSHKC-WSH,32,68,6,no
1754957601908,1754957601,KXMLBGAME-25AUG11WSHKC-WSH,32,68,2,no
1754957601915,1754957601,KXMLBGAME-25AUG11WSHKC-KC,68,32,4,yes
1754957602008,1754957601,KXMLBGAME-25AUG11WSHKC-WSH,32,68,2,no
1754957602064,1754957601,KXMLBGAME-25AUG11WSHKC-KC,68,32,1,yes
1754957602146,1754957602,KXMLBGAME-25AUG11PHICIN-CIN,6,94,156,yes
1754957604377,1754957604,KXMLBGAME-25AUG11WSHKC-KC,69,31,60,yes
1754957604775,1754957604,KXMLBGAME-25AUG11PHICIN-PHI,93,7,14,no
1754957604775,1754957604,KXMLBGAME-25AUG11PHICIN-PHI,93,7,2,no
1754957604806,1754957604,KXMLBGAME-25AUG11DETCWS-CWS,30,70,3000,yes
1754957606507,1754957606,KXMLBGAME-25AUG11WSHKC-WSH,32,68,1,yes
1754957607251,1754957607,KXMLBGAME-25AUG11BOSHOU-BOS,73,27,100,yes
1754957607251,1754957607,KXMLBGAME-25AUG11BOSHOU-BOS,75,25,100,yes
1754957607294,1754957607,KXMLBGAME-25AUG11BOSHOU-BOS,75,25,28,no
1754957607315,1754957607,KXMLBGAME-25AUG11BOSHOU-HOU,30,70,28,no
1754957608776,1754957608,KXMLBGAME-25AUG11BOSHOU-BOS,77,23,100,yes
1754957609948,1754957609,KXMLBGAME-25AUG11BOSHOU-BOS,78,22,1,yes
1754957610412,1754957610,KXMLBGAME-25AUG11PHICIN-CIN,5,95,45,no
1754957611105,1754957611,KXMLBGAME-25AUG11PHICIN-PHI,95,5,870,yes
1754957613974,1754957613,KXMLBGAME-25AUG11PHICIN-CIN,7,93,50,yes
1754957615538,1754957615,KXMLBGAME-25AUG11MINNYY-MIN,8,92,11,yes
1754957615886,1754957615,KXMLBGAME-25AUG11PHICIN-PHI,95,5,1,yes
1754957617154,1754957617,KXMLBGAME-25AUG11WSHKC-WSH,29,71,32,yes
1754957617215,1754957617,KXMLBGAME-25AUG11WSHKC-WSH,29,71,492,yes
1754957619904,1754957619,KXMLBGAME-25AUG11PHICIN-CIN,4,96,33,no
1754957620304,1754957620,KXMLBGAME-25AUG11PHICIN-PHI,95,5,61,yes
1754957621445,1754957621,KXMLBGAME-25AUG11WSHKC-WSH,29,71,10,yes
1754957622183,1754957622,KXMLBGAME-25AUG11WSHKC-WSH,29,71,55,yes
1754957622365,1754957622,KXMLBGAME-25AUG11PHICIN-PHI,95,5,20,yes
1754957622505,1754957622,KXMLBGAME-25AUG11PHICIN-PHI,95,5,262,yes
1754957623727,1754957623,KXMLBGAME-25AUG11DETCWS-DET,67,33,36,yes
1754957626145,1754957626,KXMLBGAME-25AUG11PHICIN-PHI,95,5,5,yes
1754957627186,1754957627,KXMLBGAME-25AUG11PHICIN-CIN,7,93,50,yes
1754957628424,1754957628,KXMLBGAME-25AUG11PHICIN-CIN,5,95,18,no
1754957630070,1754957630,KXMLBGAME-25AUG11PITMIL-PIT,31,69,9,yes
1754957632096,1754957632,KXMLBGAME-25AUG11BOSHOU-HOU,22,78,129,yes
1754957633876,1754957633,KXMLBGAME-25AUG11WSHKC-KC,72,28,19,yes
1754957633975,1754957633,KXMLBGAME-25AUG11BOSHOU-HOU,22,78,43,yes
1754957635014,1754957634,KXMLBGAME-25AUG11LADLAA-LAA,39,61,12,yes
1754957635795,1754957635,KXMLBGAME-25AUG11MINNYY-MIN,7,93,17,no
1754957636674,1754957636,KXMLBGAME-25AUG11PHICIN-PHI,94,6,61,yes
1754957636835,1754957636,KXMLBGAME-25AUG11PHICIN-CIN,7,93,26,yes
1754957637179,1754957637,KXMLBGAME-25AUG11PHICIN-PHI,94,6,2,yes
1754957637615,1754957637,KXMLBGAME-25AUG11AZTEX-TEX,65,35,35,yes
1754957637615,1754957637,KXMLBGAME-25AUG11AZTEX-TEX,65,35,266,yes
1754957639384,1754957639,KXMLBGAME-25AUG11COLSTL-COL,34,66,10,yes
1754957642606,1754957642,KXMLBGAME-25AUG11BOSHOU-HOU,22,78,130,yes
1754957644667,1754957644,KXMLBGAME-25AUG11PITMIL-MIL,76,24,25,yes
1754957645349,1754957645,KXMLBGAME-25AUG11PHICIN-PHI,92,8,112,no
1754957645349,1754957645,KXMLBGAME-25AUG11PHICIN-PHI,92,8,85,no
1754957646480,1754957646,KXMLBGAME-25AUG11PHICIN-PHI,92,8,20,no
1754957647264,1754957646,KXMLBGAME-25AUG11PITMIL-MIL,76,24,50,yes
1754957647558,1754957647,KXMLBGAME-25AUG11WSHKC-WSH,29,71,1,yes
1754957648849,1754957648,KXMLBGAME-25AUG11PHICIN-PHI,94,6,121,yes
1754957655055,1754957655,KXMLBGAME-25AUG11PHICIN-PHI,94,6,110,yes
1754957656094,1754957656,KXMLBGAME-25AUG11PITMIL-PIT,25,75,38,yes
1754957658514,1754957658,KXMLBGAME-25AUG11WSHKC-WSH,29,71,65,yes
1754957659895,1754957659,KXMLBGAME-25AUG11WSHKC-KC,72,28,34,yes
1754957668785,1754957668,KXMLBGAME-25AUG11PHICIN-CIN,7,93,107,yes
1754957671708,1754957671,KXMLBGAME-25AUG11PHICIN-CIN,7,93,800,yes
1754957674945,1754957674,KXMLBGAME-25AUG11PITMIL-PIT,27,73,17,yes
1754957675845,1754957675,KXMLBGAME-25AUG11PHICIN-PHI,94,6,32,yes
1754957675854,1754957675,KXMLBGAME-25AUG11DETCWS-DET,69,31,28,yes
1754957676115,1754957676,KXMLBGAME-25AUG11PHICIN-CIN,6,94,18,no
1754957676914,1754957676,KXMLBGAME-25AUG11PITMIL-PIT,27,73,17,yes
1754957677116,1754957677,KXMLBGAME-25AUG11PITMIL-PIT,27,73,7,yes
1754957681655,1754957681,KXMLBGAME-25AUG11WSHKC-WSH,29,71,6,yes
1754957681865,1754957681,KXMLBGAME-25AUG11PHICIN-CIN,7,93,40,yes
1754957681976,1754957681,KXMLBGAME-25AUG11BOSHOU-HOU,22,78,402,yes
1754957682335,1754957682,KXMLBGAME-25AUG11DETCWS-DET,68,32,15,yes
1754957683485,1754957683,KXMLBGAME-25AUG11PHICIN-CIN,6,94,411,no
1754957683976,1754957683,KXMLBGAME-25AUG11COLSTL-COL,33,67,37,yes
1754957683976,1754957683,KXMLBGAME-25AUG11COLSTL-COL,33,67,43,yes
1754957684019,1754957683,KXMLBGAME-25AUG11PITMIL-PIT,27,73,17,yes
1754957686395,1754957686,KXMLBGAME-25AUG11PHICIN-PHI,94,6,105,yes
1754957686976,1754957686,KXMLBGAME-25AUG11DETCWS-DET,68,32,493,yes
1754957689745,1754957689,KXMLBGAME-25AUG11AZTEX-AZ,38,62,20,yes
1754957691115,1754957691,KXMLBGAME-25AUG11PHICIN-CIN,4,96,2,no
1754957693566,1754957693,KXMLBGAME-25AUG11BOSHOU-BOS,79,21,11,yes
1754957693789,1754957693,KXMLBGAME-25AUG11PHICIN-PHI,95,5,104,yes
1754957694079,1754957694,KXMLBGAME-25AUG11MINNYY-MIN,8,92,23,yes
1754957697025,1754957696,KXMLBGAME-25AUG11PHICIN-CIN,6,94,78,yes
1754957698624,1754957698,KXMLBGAME-25AUG11WSHKC-KC,72,28,67,yes
1754957698624,1754957698,KXMLBGAME-25AUG11WSHKC-KC,73,27,100,yes
1754957699755,1754957699,KXMLBGAME-25AUG11DETCWS-DET,68,32,14,yes
1754957700107,1754957700,KXMLBGAME-25AUG11PHICIN-CIN,6,94,469,yes
1754957708897,1754957708,KXMLBGAME-25AUG11PHICIN-PHI,95,5,1,yes
1754957710046,1754957709,KXMLBGAME-25AUG11PHICIN-PHI,94,6,50,no
1754957710236,1754957710,KXMLBGAME-25AUG11COLSTL-STL,69,31,680,yes
1754957712129,1754957712,KXMLBGAME-25AUG11COLSTL-COL,32,68,20,yes
1754957713673,1754957713,KXMLBGAME-25AUG11SDSF-SF,54,46,8,yes
1754957714089,1754957714,KXMLBGAME-25AUG11PHICIN-PHI,95,5,47,yes
1754957715197,1754957715,KXMLBGAME-25AUG11WSHKC-WSH,27,73,70,yes
1754957717585,1754957717,KXMLBGAME-25AUG11PHICIN-PHI,94,6,14,no
1754957718415,1754957718,KXMLBGAME-25AUG11BOSHOU-HOU,23,77,825,yes
1754957718975,1754957718,KXMLBGAME-25AUG11DETCWS-DET,67,33,1500,no
1754957719306,1754957719,KXMLBGAME-25AUG11AZTEX-AZ,37,63,90,yes
1754957720360,1754957720,KXMLBGAME-25AUG11WSHKC-WSH,26,74,250,no
1754957720360,1754957720,KXMLBGAME-25AUG11WSHKC-WSH,25,75,204,no
1754957720401,1754957720,KXMLBGAME-25AUG11PHICIN-PHI,95,5,1,yes
1754957722196,1754957722,KXMLBGAME-25AUG11PHICIN-PHI,95,5,47,yes
1754957722196,1754957722,KXMLBGAME-25AUG11PHICIN-PHI,95,5,6,yes
1754957722196,1754957722,KXMLBGAME-25AUG11PHICIN-PHI,95,5,88,yes
1754957723215,1754957723,KXMLBGAME-25AUG11PHICIN-PHI,95,5,1159,no
1754957723215,1754957723,KXMLBGAME-25AUG11PHICIN-CIN,6,94,1159,no
1754957724304,1754957724,KXMLBGAME-25AUG11PHICIN-PHI,95,5,2,yes
1754957725343,1754957725,KXMLBGAME-25AUG11PITMIL-PIT,31,69,1,yes
1754957726974,1754957726,KXMLBGAME-25AUG11BOSHOU-BOS,79,21,31,yes
1754957728299,1754957728,KXMLBGAME-25AUG11PHICIN-CIN,5,95,12,no
1754957728641,1754957728,KXMLBGAME-25AUG11PITMIL-PIT,31,69,64,yes
1754957728641,1754957728,KXMLBGAME-25AUG11PITMIL-PIT,31,69,1,yes
1754957728641,1754957728,KXMLBGAME-25AUG11PITMIL-PIT,32,68,11,yes
1754957729375,1754957729,KXMLBGAME-25AUG11PHICIN-PHI,95,5,2,yes
1754957729967,1754957729,KXMLBGAME-25AUG11PHICIN-PHI,95,5,15,yes
1754957730653,1754957730,KXMLBGAME-25AUG11PITMIL-PIT,31,69,6,yes
1754957733905,1754957733,KXMLBGAME-25AUG11PHICIN-CIN,5,95,49,no
1754957733905,1754957733,KXMLBGAME-25AUG11PHICIN-CIN,5,95,9,no
1754957733905,1754957733,KXMLBGAME-25AUG11PHICIN-CIN,4,96,120,no
1754957735274,1754957735,KXMLBGAME-25AUG11MINNYY-NYY,93,7,12,yes
1754957736065,1754957736,KXMLBGAME-25AUG11WSHKC-WSH,30,70,6,yes
1754957736156,1754957736,KXMLBGAME-25AUG11TBATH-ATH,50,50,9,yes
1754957736906,1754957736,KXMLBGAME-25AUG11DETCWS-DET,66,34,186,yes
1754957739083,1754957739,KXMLBGAME-25AUG11BOSHOU-BOS,79,21,15,yes
1754957740259,1754957740,KXMLBGAME-25AUG11DETCWS-DET,66,34,64,yes
1754957740259,1754957740,KXMLBGAME-25AUG11DETCWS-DET,66,34,153,yes
1754957740786,1754957740,KXMLBGAME-25AUG11DETCWS-CWS,35,65,8,yes
1754957742153,1754957742,KXMLBGAME-25AUG11AZTEX-TEX,64,36,533,yes
1754957742655,1754957742,KXMLBGAME-25AUG11DETCWS-CWS,35,65,20,yes
1754957742655,1754957742,KXMLBGAME-25AUG11DETCWS-CWS,36,64,84,yes
1754957744569,1754957744,KXMLBGAME-25AUG11PHICIN-PHI,96,4,75,yes
1754957747376,1754957747,KXMLBGAME-25AUG11LADLAA-LAA,39,61,25,yes
1754957747875,1754957747,KXMLBGAME-25AUG11BOSHOU-HOU,23,77,1031,yes
1754957747884,1754957747,KXMLBGAME-25AUG11DETCWS-CWS,36,64,5,yes
1754957748461,1754957748,KXMLBGAME-25AUG11MINNYY-NYY,93,7,1,yes
1754957749475,1754957749,KXMLBGAME-25AUG11DETCWS-CWS,35,65,15,no
1754957750656,1754957750,KXMLBGAME-25AUG11AZTEX-AZ,37,63,25,yes
1754957753221,1754957753,KXMLBGAME-25AUG11PITMIL-MIL,78,22,50,yes
1754957753221,1754957753,KXMLBGAME-25AUG11PITMIL-MIL,80,20,41,yes
1754957755856,1754957755,KXMLBGAME-25AUG11PHICIN-PHI,93,7,29,no
1754957756064,1754957755,KXMLBGAME-25AUG11PHICIN-CIN,4,96,95,no
1754957756859,1754957756,KXMLBGAME-25AUG11COLSTL-COL,32,68,59,yes
1754957757674,1754957757,KXMLBGAME-25AUG11COLSTL-STL,69,31,35,yes
1754957757720,1754957757,KXMLBGAME-25AUG11MINNYY-MIN,7,93,83,no
1754957757796,1754957757,KXMLBGAME-25AUG11PHICIN-PHI,95,5,97,yes
1754957757995,1754957757,KXMLBGAME-25AUG11WSHKC-WSH,29,71,16,yes
1754957758509,1754957758,KXMLBGAME-25AUG11PITMIL-PIT,32,68,5,yes
1754957758510,1754957758,KXMLBGAME-25AUG11PITMIL-MIL,72,28,5,no
1754957760836,1754957760,KXMLBGAME-25AUG11COLSTL-STL,69,31,7,yes
1754957761758,1754957761,KXMLBGAME-25AUG11PHICIN-PHI,95,5,205,yes
1754957762627,1754957762,KXMLBGAME-25AUG11BOSHOU-HOU,23,77,82,yes
1754957762721,1754957762,KXMLBGAME-25AUG11PITMIL-PIT,22,78,50,no
1754957762721,1754957762,KXMLBGAME-25AUG11PITMIL-PIT,20,80,25,no
1754957762721,1754957762,KXMLBGAME-25AUG11PITMIL-PIT,20,80,1,no
1754957762721,1754957762,KXMLBGAME-25AUG11PITMIL-PIT,18,82,11,no
1754957763115,1754957763,KXMLBGAME-25AUG11BOSHOU-BOS,79,21,38,yes
1754957763305,1754957763,KXMLBGAME-25AUG11PHICIN-PHI,95,5,105,yes
1754957763515,1754957763,KXMLBGAME-25AUG11PHICIN-CIN,7,93,13,yes
1754957765916,1754957765,KXMLBGAME-25AUG11PHICIN-PHI,93,7,132,no
1754957766819,1754957766,KXMLBGAME-25AUG11MINNYY-NYY,93,7,36,no
1754957766907,1754957766,KXMLBGAME-25AUG11WSHKC-WSH,27,73,17,yes
1754957767567,1754957767,KXMLBGAME-25AUG11WSHKC-WSH,25,75,1,no
1754957767567,1754957767,KXMLBGAME-25AUG11WSHKC-WSH,25,75,250,no
1754957767567,1754957767,KXMLBGAME-25AUG11WSHKC-WSH,24,76,721,no
1754957769867,1754957769,KXMLBGAME-25AUG11PHICIN-PHI,93,7,35,no
1754957770055,1754957769,KXMLBGAME-25AUG11MINNYY-NYY,94,6,1,yes
1754957772837,1754957772,KXMLBGAME-25AUG11PITMIL-MIL,80,20,10,yes
1754957773355,1754957773,KXMLBGAME-25AUG11PHICIN-PHI,93,7,77,no
1754957773573,1754957773,KXMLBGAME-25AUG11WSHKC-KC,73,27,1500,no
1754957774996,1754957774,KXMLBGAME-25AUG11BOSHOU-HOU,23,77,8,yes
1754957775259,1754957775,KXMLBGAME-25AUG11AZTEX-TEX,65,35,15,yes
1754957775805,1754957775,KXMLBGAME-25AUG11PITMIL-PIT,23,77,50,yes
1754957775805,1754957775,KXMLBGAME-25AUG11PITMIL-PIT,23,77,362,yes
1754957781260,1754957781,KXMLBGAME-25AUG11PITMIL-PIT,30,70,1,yes
1754957783574,1754957783,KXMLBGAME-25AUG11BOSHOU-BOS,78,22,490,yes
1754957784086,1754957784,KXMLBGAME-25AUG11PHICIN-CIN,4,96,14,no
1754957788415,1754957788,KXMLBGAME-25AUG11PHICIN-PHI,95,5,100,yes
1754957788657,1754957788,KXMLBGAME-25AUG11BOSHOU-HOU,22,78,1,yes
1754957788855,1754957788,KXMLBGAME-25AUG11DETCWS-DET,66,34,1,yes
1754957792974,1754957792,KXMLBGAME-25AUG11DETCWS-DET,66,34,109,yes
1754957793695,1754957793,KXMLBGAME-25AUG11PHICIN-PHI,95,5,61,no
1754957795378,1754957795,KXMLBGAME-25AUG11PHICIN-PHI,96,4,25,yes
1754957795378,1754957795,KXMLBGAME-25AUG11PHICIN-PHI,96,4,287,yes
1754957795445,1754957795,KXMLBGAME-25AUG11DETCWS-DET,66,34,26,yes
1754957796004,1754957795,KXMLBGAME-25AUG11PHICIN-PHI,95,5,71,no
1754957798576,1754957798,KXMLBGAME-25AUG11WSHKC-KC,73,27,1500,no
1754957803248,1754957803,KXMLBGAME-25AUG11PHICIN-PHI,96,4,1,yes
1754957803827,1754957803,KXMLBGAME-25AUG11DETCWS-CWS,35,65,54,yes
1754957804475,1754957804,KXMLBGAME-25AUG11PHICIN-CIN,3,97,54,no
1754957804475,1754957804,KXMLBGAME-25AUG11PHICIN-CIN,3,97,20,no
1754957804475,1754957804,KXMLBGAME-25AUG11PHICIN-CIN,3,97,418,no
1754957808117,1754957808,KXMLBGAME-25AUG11DETCWS-DET,66,34,1,yes
1754957811455,1754957811,KXMLBGAME-25AUG11COLSTL-STL,70,30,1,yes
1754957812006,1754957811,KXMLBGAME-25AUG11BOSHOU-HOU,21,79,44,yes
1754957812706,1754957812,KXMLBGAME-25AUG11PHICIN-CIN,3,97,105,no
1754957812866,1754957812,KXMLBGAME-25AUG11AZTEX-TEX,66,34,29,yes
1754957813066,1754957813,KXMLBGAME-25AUG11PITMIL-PIT,26,74,54,yes
1754957815134,1754957815,KXMLBGAME-25AUG11BOSHOU-HOU,21,79,99,yes
1754957816240,1754957816,KXMLBGAME-25AUG11PITMIL-MIL,78,22,46,yes
1754957819016,1754957818,KXMLBGAME-25AUG11PHICIN-PHI,95,5,10,no
1754957820475,1754957820,KXMLBGAME-25AUG11PHICIN-PHI,95,5,209,no
1754957821162,1754957821,KXMLBGAME-25AUG11PHICIN-PHI,95,5,9,no
1754957822465,1754957822,KXMLBGAME-25AUG11WSHKC-KC,73,27,87,no
1754957822476,1754957822,KXMLBGAME-25AUG11WSHKC-KC,73,27,53,no
1754957822476,1754957822,KXMLBGAME-25AUG11MINNYY-NYY,94,6,1,yes
1754957822486,1754957822,KXMLBGAME-25AUG11WSHKC-KC,73,27,2583,no
1754957822495,1754957822,KXMLBGAME-25AUG11WSHKC-KC,72,28,112,no
1754957822495,1754957822,KXMLBGAME-25AUG11WSHKC-KC,72,28,4186,no
1754957822507,1754957822,KXMLBGAME-25AUG11WSHKC-WSH,28,72,112,yes
1754957824658,1754957824,KXMLBGAME-25AUG11PITMIL-PIT,27,73,123,yes
1754957826314,1754957826,KXMLBGAME-25AUG11DETCWS-DET,66,34,147,yes
1754957826345,1754957826,KXMLBGAME-25AUG11PHICIN-CIN,3,97,54,no
1754957829539,1754957829,KXMLBGAME-25AUG11PHICIN-PHI,95,5,39,no
1754957834441,1754957834,KXMLBGAME-25AUG11COLSTL-COL,32,68,59,yes
1754957834441,1754957834,KXMLBGAME-25AUG11PHICIN-PHI,95,5,42,no
1754957834441,1754957834,KXMLBGAME-25AUG11BOSHOU-HOU,20,80,13,yes
1754957834686,1754957834,KXMLBGAME-25AUG11PHICIN-PHI,95,5,362,no
1754957836966,1754957836,KXMLBGAME-25AUG11PHICIN-PHI,96,4,168,yes
1754957837767,1754957837,KXMLBGAME-25AUG11PHICIN-PHI,96,4,4,yes
1754957838885,1754957838,KXMLBGAME-25AUG11MINNYY-MIN,7,93,134,yes
1754957844920,1754957844,KXMLBGAME-25AUG11BOSHOU-HOU,18,82,24,no
1754957845296,1754957845,KXMLBGAME-25AUG11PHICIN-PHI,96,4,176,no
1754957845574,1754957845,KXMLBGAME-25AUG11BOSHOU-HOU,20,80,4,yes
1754957846057,1754957845,KXMLBGAME-25AUG11PHICIN-PHI,97,3,5,yes
1754957848180,1754957848,KXMLBGAME-25AUG11COLSTL-COL,32,68,8,yes
1754957849061,1754957848,KXMLBGAME-25AUG11PITMIL-MIL,74,26,112,yes
1754957849061,1754957848,KXMLBGAME-25AUG11PITMIL-MIL,75,25,338,yes
1754957849077,1754957849,KXMLBGAME-25AUG11WSHKC-WSH,35,65,6,yes
1754957850227,1754957850,KXMLBGAME-25AUG11PITMIL-PIT,26,74,73,no
1754957850924,1754957850,KXMLBGAME-25AUG11BOSHOU-HOU,29,71,112,yes
1754957850924,1754957850,KXMLBGAME-25AUG11BOSHOU-HOU,30,70,50,yes
1754957850960,1754957850,KXMLBGAME-25AUG11PHICIN-PHI,96,4,130,no
1754957851430,1754957851,KXMLBGAME-25AUG11PHICIN-PHI,96,4,948,no
1754957855790,1754957855,KXMLBGAME-25AUG11SDSF-SD,47,53,102,yes
1754957858054,1754957857,KXMLBGAME-25AUG11MINNYY-MIN,7,93,40,yes
1754957858944,1754957858,KXMLBGAME-25AUG11PHICIN-CIN,3,97,2423,no
1754957860223,1754957860,KXMLBGAME-25AUG11MINNYY-MIN,7,93,13,yes
1754957866037,1754957865,KXMLBGAME-25AUG11PHICIN-CIN,2,98,369,no
1754957866256,1754957866,KXMLBGAME-25AUG11LADLAA-LAD,62,38,50,yes
1754957866794,1754957866,KXMLBGAME-25AUG11PHICIN-PHI,95,5,8000,no
1754957867653,1754957867,KXMLBGAME-25AUG11WSHKC-WSH,34,66,52,yes
1754957868986,1754957868,KXMLBGAME-25AUG11SDSF-SD,47,53,102,yes
1754957869165,1754957869,KXMLBGAME-25AUG11BOSHOU-BOS,80,20,100,yes
1754957869165,1754957869,KXMLBGAME-25AUG11BOSHOU-BOS,81,19,112,yes
1754957869165,1754957869,KXMLBGAME-25AUG11BOSHOU-BOS,81,19,983,yes
1754957872030,1754957871,KXMLBGAME-25AUG11WSHKC-WSH,34,66,28,yes
1754957873403,1754957873,KXMLBGAME-25AUG11DETCWS-DET,65,35,16,yes
1754957874075,1754957874,KXMLBGAME-25AUG11BOSHOU-HOU,21,79,19,yes
1754957874949,1754957874,KXMLBGAME-25AUG11SDSF-SD,47,53,4,yes
1754957875105,1754957875,KXMLBGAME-25AUG11PHICIN-PHI,95,5,11,no
1754957875153,1754957875,KXMLBGAME-25AUG11TBATH-ATH,50,50,96,yes
1754957875348,1754957875,KXMLBGAME-25AUG11PHICIN-PHI,95,5,32,no
1754957878238,1754957878,KXMLBGAME-25AUG11WSHKC-WSH,34,66,300,yes
1754957879255,1754957879,KXMLBGAME-25AUG11DETCWS-DET,65,35,79,yes
1754957883893,1754957883,KXMLBGAME-25AUG11BOSHOU-HOU,21,79,314,yes
1754957884020,1754957883,KXMLBGAME-25AUG11LADLAA-LAD,62,38,47,yes
1754957884865,1754957884,KXMLBGAME-25AUG11BOSHOU-HOU,21,79,67,yes
1754957885544,1754957885,KXMLBGAME-25AUG11WSHKC-WSH,35,65,136,yes
1754957885997,1754957885,KXMLBGAME-25AUG11PHICIN-PHI,96,4,112,no
1754957885997,1754957885,KXMLBGAME-25AUG11PHICIN-PHI,96,4,358,no
1754957886304,1754957886,KXMLBGAME-25AUG11PITMIL-PIT,27,73,20,yes
1754957888549,1754957888,KXMLBGAME-25AUG11AZTEX-AZ,31,69,1500,yes
1754957889125,1754957889,KXMLBGAME-25AUG11DETCWS-CWS,36,64,26,yes
1754957892885,1754957892,KXMLBGAME-25AUG11PHICIN-PHI,97,3,5,yes
1754957892885,1754957892,KXMLBGAME-25AUG11PHICIN-PHI,97,3,1483,yes
1754957892904,1754957892,KXMLBGAME-25AUG11PHICIN-CIN,2,98,23,no
1754957896114,1754957896,KXMLBGAME-25AUG11PHICIN-CIN,3,97,1,yes
1754957900221,1754957900,KXMLBGAME-25AUG11BOSHOU-HOU,20,80,23,no
1754957902675,1754957902,KXMLBGAME-25AUG11WSHKC-WSH,34,66,57,no
1754957902676,1754957902,KXMLBGAME-25AUG11WSHKC-WSH,34,66,435,no
1754957903316,1754957903,KXMLBGAME-25AUG11PHICIN-CIN,3,97,776,yes
1754957903316,1754957903,KXMLBGAME-25AUG11PHICIN-CIN,3,97,112,yes
1754957904501,1754957904,KXMLBGAME-25AUG11PHICIN-PHI,97,3,112,no
1754957904501,1754957904,KXMLBGAME-25AUG11PHICIN-PHI,97,3,1000,no
1754957905581,1754957905,KXMLBGAME-25AUG11WSHKC-WSH,35,65,49,yes
1754957905681,1754957905,KXMLBGAME-25AUG11BOSHOU-HOU,21,79,27,yes
1754957906103,1754957906,KXMLBGAME-25AUG11WSHKC-WSH,35,65,30,yes
1754957908724,1754957908,KXMLBGAME-25AUG11MINNYY-MIN,8,92,23,yes
1754957911102,1754957911,KXMLBGAME-25AUG11WSHKC-WSH,35,65,2,yes
1754957911174,1754957911,KXMLBGAME-25AUG11AZTEX-AZ,40,60,50,yes
1754957911174,1754957911,KXMLBGAME-25AUG11AZTEX-AZ,45,55,62,yes
1754957913503,1754957913,KXMLBGAME-25AUG11WSHKC-KC,66,34,43,yes
1754957913503,1754957913,KXMLBGAME-25AUG11WSHKC-KC,67,33,1500,yes
1754957913503,1754957913,KXMLBGAME-25AUG11WSHKC-KC,67,33,1229,yes
1754957915343,1754957915,KXMLBGAME-25AUG11PHICIN-PHI,96,4,4,no
1754957917847,1754957917,KXMLBGAME-25AUG11DETCWS-DET,65,35,10,yes
1754957917881,1754957917,KXMLBGAME-25AUG11DETCWS-CWS,35,65,10,no
1754957918094,1754957918,KXMLBGAME-25AUG11MINNYY-NYY,91,9,222,no
1754957918985,1754957918,KXMLBGAME-25AUG11WSHKC-WSH,34,66,14,yes
1754957921358,1754957921,KXMLBGAME-25AUG11PHICIN-PHI,96,4,5,no
1754957922065,1754957921,KXMLBGAME-25AUG11AZTEX-TEX,66,34,84,yes
1754957922065,1754957921,KXMLBGAME-25AUG11AZTEX-TEX,67,33,63,yes
1754957929287,1754957929,KXMLBGAME-25AUG11BOSHOU-HOU,24,76,112,yes
1754957929287,1754957929,KXMLBGAME-25AUG11BOSHOU-HOU,24,76,283,yes
1754957933204,1754957933,KXMLBGAME-25AUG11WSHKC-WSH,34,66,1540,yes
1754957933276,1754957933,KXMLBGAME-25AUG11WSHKC-WSH,34,66,1148,yes
1754957933276,1754957933,KXMLBGAME-25AUG11WSHKC-WSH,34,66,367,yes
1754957935826,1754957935,KXMLBGAME-25AUG11BOSHOU-BOS,78,22,147,yes
1754957936776,1754957936,KXMLBGAME-25AUG11BOSHOU-HOU,24,76,229,yes
1754957938766,1754957938,KXMLBGAME-25AUG11BOSHOU-HOU,24,76,11,yes
1754957939101,1754957939,KXMLBGAME-25AUG11WSHKC-WSH,34,66,9,yes
1754957941907,1754957941,KXMLBGAME-25AUG11MINNYY-MIN,8,92,58,yes
1754957942094,1754957942,KXMLBGAME-25AUG11AZTEX-TEX,66,34,63,yes
1754957942094,1754957942,KXMLBGAME-25AUG11AZTEX-TEX,67,33,83,yes
1754957943629,1754957943,KXMLBGAME-25AUG11LADLAA-LAD,62,38,53,yes
1754957943853,1754957943,KXMLBGAME-25AUG11DETCWS-DET,65,35,104,yes
1754957946845,1754957946,KXMLBGAME-25AUG11PHICIN-PHI,96,4,72,no
1754957947938,1754957947,KXMLBGAME-25AUG11PHICIN-PHI,96,4,14,no
1754957947938,1754957947,KXMLBGAME-25AUG11PHICIN-PHI,96,4,44,no
1754957948747,1754957948,KXMLBGAME-25AUG11PITMIL-PIT,27,73,1764,yes
1754957949696,1754957949,KXMLBGAME-25AUG11AZTEX-AZ,35,65,286,yes
1754957950575,1754957950,KXMLBGAME-25AUG11DETCWS-DET,65,35,9,yes
1754957951819,1754957951,KXMLBGAME-25AUG11BOSHOU-HOU,24,76,7,yes
1754957951926,1754957951,KXMLBGAME-25AUG11PHICIN-CIN,3,97,36,no
1754957954305,1754957954,KXMLBGAME-25AUG11DETCWS-DET,65,35,22,yes
1754957955802,1754957955,KXMLBGAME-25AUG11PHICIN-CIN,3,97,5,no
1754957959499,1754957959,KXMLBGAME-25AUG11PHICIN-PHI,96,4,4,no
1754957961486,1754957961,KXMLBGAME-25AUG11WSHKC-WSH,34,66,3311,yes
1754957961486,1754957961,KXMLBGAME-25AUG11WSHKC-WSH,36,64,1048,yes
1754957961650,1754957961,KXMLBGAME-25AUG11WSHKC-WSH,36,64,452,yes
1754957961650,1754957961,KXMLBGAME-25AUG11WSHKC-WSH,36,64,200,yes
1754957961650,1754957961,KXMLBGAME-25AUG11WSHKC-WSH,36,64,400,yes
1754957961650,1754957961,KXMLBGAME-25AUG11WSHKC-WSH,36,64,3000,yes
1754957961650,1754957961,KXMLBGAME-25AUG11WSHKC-WSH,37,63,200,yes
1754957961650,1754957961,KXMLBGAME-25AUG11WSHKC-WSH,37,63,225,yes
1754957964833,1754957964,KXMLBGAME-25AUG11BOSHOU-HOU,24,76,15,yes
1754957965767,1754957965,KXMLBGAME-25AUG11WSHKC-KC,62,38,9,yes
1754957966015,1754957965,KXMLBGAME-25AUG11TBATH-ATH,50,50,10,yes
1754957967570,1754957967,KXMLBGAME-25AUG11MINNYY-NYY,91,9,40,no
1754957968196,1754957968,KXMLBGAME-25AUG11DETCWS-DET,65,35,677,yes
1754957968278,1754957968,KXMLBGAME-25AUG11MINNYY-MIN,9,91,20,yes
1754957970031,1754957969,KXMLBGAME-25AUG11PITMIL-PIT,28,72,3,yes
1754957972813,1754957972,KXMLBGAME-25AUG11DETCWS-CWS,34,66,14,no
1754957972882,1754957972,KXMLBGAME-25AUG11PHICIN-PHI,97,3,637,yes
1754957976269,1754957976,KXMLBGAME-25AUG11PITMIL-MIL,74,26,58,yes
1754957976269,1754957976,KXMLBGAME-25AUG11PITMIL-MIL,74,26,30,yes
1754957977009,1754957976,KXMLBGAME-25AUG11PHICIN-CIN,4,96,46,yes
1754957977635,1754957977,KXMLBGAME-25AUG11WSHKC-KC,61,39,20,yes
1754957980252,1754957980,KXMLBGAME-25AUG11PHICIN-PHI,98,2,50,yes
1754957981236,1754957981,KXMLBGAME-25AUG11WSHKC-WSH,42,58,112,yes
1754957981236,1754957981,KXMLBGAME-25AUG11WSHKC-WSH,43,57,200,yes
1754957981236,1754957981,KXMLBGAME-25AUG11WSHKC-WSH,43,57,48,yes
1754957982135,1754957982,KXMLBGAME-25AUG11PHICIN-CIN,3,97,324,no
1754957982864,1754957982,KXMLBGAME-25AUG11SDSF-SD,47,53,38,yes
1754957985556,1754957985,KXMLBGAME-25AUG11WSHKC-WSH,42,58,11,yes
1754957989625,1754957989,KXMLBGAME-25AUG11PITMIL-MIL,74,26,13,yes
1754957989706,1754957989,KXMLBGAME-25AUG11MINNYY-MIN,9,91,45,yes
1754957992635,1754957992,KXMLBGAME-25AUG11MINNYY-MIN,9,91,40,yes
1754957993626,1754957993,KXMLBGAME-25AUG11WSHKC-WSH,42,58,12,yes
1754957994585,1754957994,KXMLBGAME-25AUG11DETCWS-DET,66,34,2219,yes
1754957995110,1754957995,KXMLBGAME-25AUG11BOSHOU-BOS,78,22,1,yes
1754957998265,1754957998,KXMLBGAME-25AUG11TBATH-TB,50,50,15,yes
1754957998655,1754957998,KXMLBGAME-25AUG11PHICIN-CIN,4,96,23,yes
1754957998781,1754957998,KXMLBGAME-25AUG11WSHKC-WSH,42,58,27,yes
1754958000504,1754958000,KXMLBGAME-25AUG11BOSHOU-HOU,24,76,1,yes
1754958003071,1754958002,KXMLBGAME-25AUG11PITMIL-PIT,28,72,3000,yes
1754958003071,1754958002,KXMLBGAME-25AUG11PITMIL-PIT,29,71,59,yes
1754958003071,1754958002,KXMLBGAME-25AUG11PITMIL-PIT,29,71,28,yes
1754958003071,1754958002,KXMLBGAME-25AUG11PITMIL-PIT,29,71,18,yes
1754958003071,1754958002,KXMLBGAME-25AUG11PITMIL-PIT,29,71,400,yes
1754958003071,1754958002,KXMLBGAME-25AUG11PITMIL-PIT,29,71,200,yes
1754958003071,1754958002,KXMLBGAME-25AUG11PITMIL-PIT,29,71,7,yes
1754958003071,1754958002,KXMLBGAME-25AUG11PITMIL-PIT,29,71,1500,yes
1754958003071,1754958003,KXMLBGAME-25AUG11PITMIL-MIL,72,28,45,no
1754958003071,1754958003,KXMLBGAME-25AUG11PITMIL-MIL,71,29,112,no
1754958003288,1754958003,KXMLBGAME-25AUG11PITMIL-PIT,29,71,400,no
1754958003288,1754958003,KXMLBGAME-25AUG11PHICIN-CIN,4,96,112,yes
1754958007557,1754958007,KXMLBGAME-25AUG11PITMIL-PIT,30,70,36,yes
1754958007660,1754958007,KXMLBGAME-25AUG11PHICIN-CIN,3,97,1668,no
1754958011844,1754958011,KXMLBGAME-25AUG11PITMIL-MIL,69,31,10,no
1754958012175,1754958012,KXMLBGAME-25AUG11COLSTL-STL,73,27,100,yes
1754958012415,1754958012,KXMLBGAME-25AUG11BOSHOU-HOU,24,76,199,yes
1754958012456,1754958012,KXMLBGAME-25AUG11PITMIL-MIL,71,29,96,yes
1754958013656,1754958013,KXMLBGAME-25AUG11PITMIL-MIL,67,33,50,no
1754958018115,1754958018,KXMLBGAME-25AUG11WSHKC-WSH,41,59,5,yes
1754958018678,1754958018,KXMLBGAME-25AUG11BOSHOU-BOS,78,22,12,yes
1754958019106,1754958019,KXMLBGAME-25AUG11SDSF-SF,54,46,407,yes
1754958019107,1754958019,KXMLBGAME-25AUG11SDSF-SF,54,46,41,yes
1754958020355,1754958020,KXMLBGAME-25AUG11WSHKC-WSH,41,59,107,yes
1754958020355,1754958020,KXMLBGAME-25AUG11WSHKC-WSH,41,59,93,yes
1754958022621,1754958022,KXMLBGAME-25AUG11BOSHOU-HOU,24,76,19,yes
1754958022770,1754958022,KXMLBGAME-25AUG11DETCWS-DET,66,34,1,yes
1754958024286,1754958024,KXMLBGAME-25AUG11TBATH-TB,50,50,6,yes
1754958025031,1754958024,KXMLBGAME-25AUG11DETCWS-DET,66,34,145,yes
1754958025269,1754958025,KXMLBGAME-25AUG11BOSHOU-HOU,24,76,55,yes
1754958026136,1754958026,KXMLBGAME-25AUG11MINNYY-NYY,89,11,81,no
1754958026136,1754958026,KXMLBGAME-25AUG11MINNYY-NYY,89,11,250,no
1754958026136,1754958026,KXMLBGAME-25AUG11MINNYY-NYY,89,11,133,no
1754958028807,1754958028,KXMLBGAME-25AUG11PITMIL-MIL,65,35,100,no
1754958033637,1754958033,KXMLBGAME-25AUG11PHICIN-PHI,96,4,209,no
1754958034454,1754958034,KXMLBGAME-25AUG11BOSHOU-BOS,78,22,12,yes
1754958037756,1754958037,KXMLBGAME-25AUG11PHICIN-PHI,96,4,3,no
1754958038627,1754958038,KXMLBGAME-25AUG11DETCWS-DET,64,36,55,no
1754958039016,1754958038,KXMLBGAME-25AUG11WSHKC-KC,61,39,380,yes
1754958039016,1754958038,KXMLBGAME-25AUG11WSHKC-KC,61,39,493,yes
1754958040036,1754958040,KXMLBGAME-25AUG11MINNYY-NYY,93,7,26,yes
1754958041038,1754958040,KXMLBGAME-25AUG11BOSHOU-HOU,24,76,19,yes
1754958042178,1754958042,KXMLBGAME-25AUG11SDSF-SF,54,46,110,yes
1754958042178,1754958042,KXMLBGAME-25AUG11SDSF-SF,54,46,249,yes
1754958042178,1754958042,KXMLBGAME-25AUG11SDSF-SF,55,45,251,yes
1754958046485,1754958046,KXMLBGAME-25AUG11PITMIL-PIT,39,61,147,yes
1754958047586,1754958047,KXMLBGAME-25AUG11PHICIN-CIN,3,97,3,no
1754958049114,1754958049,KXMLBGAME-25AUG11LADLAA-LAD,62,38,29,yes
1754958050408,1754958050,KXMLBGAME-25AUG11PITMIL-PIT,38,62,2,yes
1754958052206,1754958052,KXMLBGAME-25AUG11PHICIN-CIN,3,97,697,no
1754958052206,1754958052,KXMLBGAME-25AUG11PHICIN-CIN,3,97,3000,no
1754958052759,1754958052,KXMLBGAME-25AUG11COLSTL-COL,25,75,112,no
1754958052759,1754958052,KXMLBGAME-25AUG11COLSTL-COL,25,75,1966,no
1754958054933,1754958054,KXMLBGAME-25AUG11PHICIN-PHI,96,4,85,no
1754958055008,1754958054,KXMLBGAME-25AUG11MINNYY-MIN,10,90,10,yes
1754958057591,1754958057,KXMLBGAME-25AUG11WSHKC-WSH,41,59,11,yes
1754958059196,1754958059,KXMLBGAME-25AUG11PITMIL-PIT,38,62,29,yes
1754958060438,1754958060,KXMLBGAME-25AUG11PHICIN-PHI,96,4,34,no
1754958064457,1754958064,KXMLBGAME-25AUG11AZTEX-AZ,34,66,140,yes
1754958064974,1754958064,KXMLBGAME-25AUG11PITMIL-PIT,39,61,1210,yes
1754958065567,1754958065,KXMLBGAME-25AUG11LADLAA-LAD,62,38,59,yes
1754958070224,1754958070,KXMLBGAME-25AUG11COLSTL-COL,27,73,14,yes
1754958070499,1754958070,KXMLBGAME-25AUG11LADLAA-LAD,62,38,314,yes
1754958072052,1754958072,KXMLBGAME-25AUG11MINNYY-MIN,10,90,8,yes
1754958072052,1754958072,KXMLBGAME-25AUG11MINNYY-MIN,10,90,131,yes
1754958072989,1754958072,KXMLBGAME-25AUG11PHICIN-CIN,2,98,6,no
1754958079386,1754958079,KXMLBGAME-25AUG11PHICIN-CIN,2,98,294,no
1754958079386,1754958079,KXMLBGAME-25AUG11PHICIN-CIN,2,98,9,no
1754958082144,1754958082,KXMLBGAME-25AUG11DETCWS-DET,62,38,94,yes
1754958082144,1754958082,KXMLBGAME-25AUG11DETCWS-DET,63,37,62,yes
1754958082507,1754958082,KXMLBGAME-25AUG11PHICIN-PHI,96,4,100,no
1754958085007,1754958084,KXMLBGAME-25AUG11PITMIL-MIL,61,39,24,no
1754958086655,1754958086,KXMLBGAME-25AUG11PITMIL-MIL,61,39,1,no
1754958086655,1754958086,KXMLBGAME-25AUG11PITMIL-MIL,61,39,8,no
1754958086817,1754958086,KXMLBGAME-25AUG11PITMIL-MIL,60,40,2,no
1754958088710,1754958088,KXMLBGAME-25AUG11WSHKC-KC,61,39,1,yes
1754958089135,1754958089,KXMLBGAME-25AUG11PITMIL-PIT,40,60,23,yes
1754958089480,1754958089,KXMLBGAME-25AUG11PITMIL-PIT,40,60,4878,yes
1754958090688,1754958090,KXMLBGAME-25AUG11MINNYY-NYY,92,8,77,yes
1754958091665,1754958091,KXMLBGAME-25AUG11PITMIL-PIT,41,59,100,yes
1754958091665,1754958091,KXMLBGAME-25AUG11PITMIL-PIT,41,59,4,yes
1754958091665,1754958091,KXMLBGAME-25AUG11PITMIL-PIT,42,58,1,yes
1754958098780,1754958098,KXMLBGAME-25AUG11PHICIN-CIN,2,98,35,no
1754958099867,1754958099,KXMLBGAME-25AUG11PHICIN-PHI,97,3,75,yes
1754958099867,1754958099,KXMLBGAME-25AUG11PHICIN-PHI,97,3,3625,yes
1754958101384,1754958101,KXMLBGAME-25AUG11WSHKC-WSH,41,59,5,yes
1754958101384,1754958101,KXMLBGAME-25AUG11WSHKC-WSH,41,59,25,yes
1754958101987,1754958101,KXMLBGAME-25AUG11AZTEX-TEX,64,36,47,yes
1754958101987,1754958101,KXMLBGAME-25AUG11AZTEX-TEX,64,36,29,yes
1754958103378,1754958103,KXMLBGAME-25AUG11PITMIL-PIT,40,60,9,no
1754958105305,1754958105,KXMLBGAME-25AUG11PITMIL-MIL,57,43,34,yes
1754958105336,1754958105,KXMLBGAME-25AUG11LADLAA-LAA,39,61,25,yes
1754958108157,1754958108,KXMLBGAME-25AUG11MINNYY-MIN,10,90,66,yes
1754958111586,1754958111,KXMLBGAME-25AUG11LADLAA-LAD,62,38,3,yes
1754958113645,1754958113,KXMLBGAME-25AUG11MINNYY-NYY,92,8,6,no
1754958113742,1754958113,KXMLBGAME-25AUG11COLSTL-COL,27,73,7,yes
1754958114185,1754958114,KXMLBGAME-25AUG11PHICIN-PHI,96,4,70,no
1754958118904,1754958118,KXMLBGAME-25AUG11MINNYY-MIN,6,94,4,no
1754958122957,1754958122,KXMLBGAME-25AUG11DETCWS-DET,63,37,15,yes
1754958123076,1754958123,KXMLBGAME-25AUG11PITMIL-PIT,44,56,112,no
1754958123076,1754958123,KXMLBGAME-25AUG11PITMIL-PIT,43,57,3000,no
1754958123207,1754958123,KXMLBGAME-25AUG11PITMIL-PIT,43,57,1756,yes
1754958125100,1754958125,KXMLBGAME-25AUG11PHICIN-PHI,96,4,6,no
1754958125100,1754958125,KXMLBGAME-25AUG11PHICIN-PHI,95,5,128,no
1754958125963,1754958125,KXMLBGAME-25AUG11MINNYY-NYY,94,6,459,yes
1754958125963,1754958125,KXMLBGAME-25AUG11MINNYY-NYY,94,6,112,yes
1754958125963,1754958125,KXMLBGAME-25AUG11MINNYY-NYY,94,6,30,yes
1754958127462,1754958127,KXMLBGAME-25AUG11PITMIL-MIL,56,44,5,yes
1754958129659,1754958129,KXMLBGAME-25AUG11WSHKC-WSH,40,60,2,yes
1754958130204,1754958130,KXMLBGAME-25AUG11PITMIL-MIL,55,45,8,no
1754958130204,1754958130,KXMLBGAME-25AUG11PITMIL-MIL,54,46,2921,no
1754958131645,1754958131,KXMLBGAME-25AUG11COLSTL-STL,75,25,100,yes
1754958131645,1754958131,KXMLBGAME-25AUG11COLSTL-STL,75,25,112,yes
1754958131645,1754958131,KXMLBGAME-25AUG11COLSTL-STL,75,25,88,yes
1754958133796,1754958133,KXMLBGAME-25AUG11PITMIL-PIT,43,57,743,yes
1754958137456,1754958137,KXMLBGAME-25AUG11MINNYY-NYY,94,6,24,yes
1754958137456,1754958137,KXMLBGAME-25AUG11MINNYY-NYY,94,6,39,yes
1754958138396,1754958138,KXMLBGAME-25AUG11PITMIL-PIT,47,53,10,yes
1754958140562,1754958140,KXMLBGAME-25AUG11DETCWS-DET,63,37,400,yes
1754958140816,1754958140,KXMLBGAME-25AUG11MINNYY-MIN,7,93,33,yes
1754958141439,1754958141,KXMLBGAME-25AUG11DETCWS-DET,63,37,26,yes
1754958143508,1754958143,KXMLBGAME-25AUG11PHICIN-PHI,96,4,10,no
1754958143997,1754958143,KXMLBGAME-25AUG11PHICIN-CIN,3,97,11,yes
1754958145085,1754958145,KXMLBGAME-25AUG11PHICIN-PHI,97,3,360,yes
1754958146016,1754958145,KXMLBGAME-25AUG11AZTEX-TEX,63,37,36,yes
1754958146016,1754958145,KXMLBGAME-25AUG11AZTEX-TEX,63,37,118,yes
1754958148961,1754958148,KXMLBGAME-25AUG11DETCWS-CWS,37,63,1500,no
1754958150562,1754958150,KXMLBGAME-25AUG11PITMIL-PIT,46,54,418,yes
1754958151362,1754958151,KXMLBGAME-25AUG11PHICIN-PHI,96,4,109,no
1754958154033,1754958153,KXMLBGAME-25AUG11COLSTL-COL,27,73,17,yes
1754958155067,1754958155,KXMLBGAME-25AUG11BOSHOU-HOU,26,74,146,yes
1754958155705,1754958155,KXMLBGAME-25AUG11MINNYY-MIN,7,93,134,yes
1754958156395,1754958156,KXMLBGAME-25AUG11MINNYY-MIN,7,93,26,yes
1754958157023,1754958156,KXMLBGAME-25AUG11BOSHOU-HOU,26,74,8,yes
1754958161440,1754958161,KXMLBGAME-25AUG11DETCWS-DET,65,35,190,yes
1754958161593,1754958161,KXMLBGAME-25AUG11COLSTL-STL,75,25,65,yes
1754958163136,1754958163,KXMLBGAME-25AUG11BOSHOU-HOU,25,75,250,yes
1754958164027,1754958163,KXMLBGAME-25AUG11PITMIL-MIL,56,44,15,yes
1754958167574,1754958167,KXMLBGAME-25AUG11COLSTL-COL,27,73,176,yes
1754958169274,1754958169,KXMLBGAME-25AUG11AZTEX-AZ,39,61,12,yes
1754958169591,1754958169,KXMLBGAME-25AUG11WSHKC-WSH,41,59,4,yes
1754958169725,1754958169,KXMLBGAME-25AUG11SDSF-SD,47,53,41,yes
1754958169905,1754958169,KXMLBGAME-25AUG11PHICIN-PHI,96,4,42,no
1754958170758,1754958170,KXMLBGAME-25AUG11MINNYY-NYY,93,7,5,no
1754958170758,1754958170,KXMLBGAME-25AUG11MINNYY-NYY,93,7,20,no
1754958170758,1754958170,KXMLBGAME-25AUG11MINNYY-NYY,93,7,434,no
1754958173759,1754958173,KXMLBGAME-25AUG11PITMIL-MIL,57,43,112,yes
1754958173759,1754958173,KXMLBGAME-25AUG11PITMIL-MIL,58,42,250,yes
1754958173759,1754958173,KXMLBGAME-25AUG11PITMIL-MIL,58,42,477,yes
1754958173889,1754958173,KXMLBGAME-25AUG11AZTEX-TEX,62,38,1500,no
1754958177106,1754958177,KXMLBGAME-25AUG11WSHKC-WSH,41,59,702,yes
1754958178154,1754958178,KXMLBGAME-25AUG11PITMIL-MIL,57,43,20,yes
1754958178806,1754958178,KXMLBGAME-25AUG11PITMIL-MIL,57,43,80,yes
1754958178806,1754958178,KXMLBGAME-25AUG11PITMIL-MIL,57,43,168,yes
1754958178806,1754958178,KXMLBGAME-25AUG11PITMIL-MIL,57,43,169,yes
1754958180706,1754958180,KXMLBGAME-25AUG11WSHKC-KC,61,39,4,yes
1754958185155,1754958185,KXMLBGAME-25AUG11PHICIN-CIN,2,98,497,no
1754958186895,1754958186,KXMLBGAME-25AUG11AZTEX-TEX,63,37,21,yes
1754958187020,1754958186,KXMLBGAME-25AUG11DETCWS-DET,66,34,14,yes
1754958187692,1754958187,KXMLBGAME-25AUG11BOSHOU-HOU,25,75,7,yes
1754958188635,1754958188,KXMLBGAME-25AUG11PITMIL-MIL,57,43,42,yes
1754958188855,1754958188,KXMLBGAME-25AUG11PHICIN-CIN,3,97,31,yes
1754958190124,1754958190,KXMLBGAME-25AUG11PHICIN-PHI,96,4,69,no
1754958190455,1754958190,KXMLBGAME-25AUG11PHICIN-PHI,97,3,62,yes
1754958191623,1754958191,KXMLBGAME-25AUG11PITMIL-MIL,57,43,85,yes
1754958192376,1754958192,KXMLBGAME-25AUG11DETCWS-DET,66,34,5,yes
1754958198101,1754958197,KXMLBGAME-25AUG11WSHKC-WSH,41,59,30,yes
1754958198249,1754958198,KXMLBGAME-25AUG11PHICIN-CIN,3,97,258,yes
1754958198249,1754958198,KXMLBGAME-25AUG11PHICIN-CIN,3,97,92,yes
1754958199548,1754958199,KXMLBGAME-25AUG11PITMIL-MIL,56,44,181,yes
1754958202054,1754958202,KXMLBGAME-25AUG11PHICIN-PHI,97,3,525,yes
1754958206306,1754958206,KXMLBGAME-25AUG11PITMIL-PIT,45,55,49,yes
1754958206825,1754958206,KXMLBGAME-25AUG11PITMIL-PIT,45,55,33,yes
1754958211968,1754958211,KXMLBGAME-25AUG11COLSTL-COL,28,72,47,yes
1754958212223,1754958212,KXMLBGAME-25AUG11MINNYY-NYY,96,4,30,yes
1754958215260,1754958215,KXMLBGAME-25AUG11BOSHOU-HOU,25,75,83,yes
1754958217737,1754958217,KXMLBGAME-25AUG11AZTEX-AZ,40,60,37,yes
1754958224232,1754958224,KXMLBGAME-25AUG11MINNYY-MIN,14,86,7,yes
1754958224519,1754958224,KXMLBGAME-25AUG11PITMIL-PIT,40,60,11,yes
1754958224616,1754958224,KXMLBGAME-25AUG11WSHKC-WSH,41,59,12,yes
1754958225868,1754958225,KXMLBGAME-25AUG11COLSTL-STL,74,26,100,yes
1754958233590,1754958233,KXMLBGAME-25AUG11DETCWS-CWS,34,66,1500,no
1754958233702,1754958233,KXMLBGAME-25AUG11COLSTL-COL,27,73,7,yes
1754958239456,1754958239,KXMLBGAME-25AUG11PHICIN-PHI,96,4,3,no
1754958240026,1754958239,KXMLBGAME-25AUG11PITMIL-PIT,40,60,239,yes
1754958241999,1754958241,KXMLBGAME-25AUG11PITMIL-PIT,40,60,4,yes
1754958243586,1754958243,KXMLBGAME-25AUG11COLSTL-STL,73,27,16,no
1754958250046,1754958250,KXMLBGAME-25AUG11PHICIN-PHI,97,3,1,yes
1754958253325,1754958253,KXMLBGAME-25AUG11BOSHOU-HOU,25,75,7,yes
1754958260770,1754958260,KXMLBGAME-25AUG11PHICIN-PHI,96,4,165,no
1754958261859,1754958261,KXMLBGAME-25AUG11PHICIN-CIN,3,97,20,yes
1754958267016,1754958266,KXMLBGAME-25AUG11PHICIN-PHI,97,3,20,yes
1754958267439,1754958267,KXMLBGAME-25AUG11PITMIL-MIL,60,40,35,yes
1754958267797,1754958267,KXMLBGAME-25AUG11MINNYY-NYY,90,10,1,yes
1754958271586,1754958271,KXMLBGAME-25AUG11WSHKC-KC,63,37,758,yes
1754958274169,1754958274,KXMLBGAME-25AUG11AZTEX-TEX,62,38,311,yes
1754958275226,1754958275,KXMLBGAME-25AUG11PHICIN-PHI,97,3,42,yes
1754958275226,1754958275,KXMLBGAME-25AUG11PHICIN-PHI,97,3,38,yes
1754958275298,1754958275,KXMLBGAME-25AUG11PHICIN-PHI,97,3,61,yes
1754958275985,1754958275,KXMLBGAME-25AUG11PITMIL-MIL,79,21,16,yes
1754958280118,1754958280,KXMLBGAME-25AUG11PHICIN-CIN,4,96,70,yes
1754958286955,1754958286,KXMLBGAME-25AUG11PITMIL-MIL,61,39,32,yes
1754958290469,1754958290,KXMLBGAME-25AUG11BOSHOU-HOU,25,75,38,yes
1754958298402,1754958298,KXMLBGAME-25AUG11PHICIN-PHI,98,2,13,yes
1754958299401,1754958299,KXMLBGAME-25AUG11PHICIN-PHI,98,2,1,yes
1754958300285,1754958300,KXMLBGAME-25AUG11LADLAA-LAD,62,38,392,yes
1754958300315,1754958300,KXMLBGAME-25AUG11PHICIN-CIN,2,98,150,no
1754958301534,1754958301,KXMLBGAME-25AUG11PHICIN-PHI,96,4,98,no
1754958302442,1754958302,KXMLBGAME-25AUG11PHICIN-PHI,96,4,59,no
1754958302442,1754958302,KXMLBGAME-25AUG11PHICIN-PHI,96,4,199,no
1754958303135,1754958302,KXMLBGAME-25AUG11DETCWS-DET,71,29,7,yes
1754958307204,1754958307,KXMLBGAME-25AUG11PITMIL-MIL,58,42,37,yes
1754958309963,1754958309,KXMLBGAME-25AUG11PITMIL-MIL,57,43,189,yes
1754958310758,1754958310,KXMLBGAME-25AUG11AZTEX-AZ,40,60,119,yes
1754958311654,1754958311,KXMLBGAME-25AUG11BOSHOU-HOU,24,76,39,yes
1754958311745,1754958311,KXMLBGAME-25AUG11PITMIL-MIL,58,42,10,yes
1754958312421,1754958312,KXMLBGAME-25AUG11PHICIN-PHI,96,4,1,no
1754958312421,1754958312,KXMLBGAME-25AUG11PITMIL-MIL,58,42,37,yes
1754958318750,1754958318,KXMLBGAME-25AUG11PITMIL-PIT,44,56,6,yes
1754958318860,1754958318,KXMLBGAME-25AUG11PHICIN-PHI,96,4,176,no
1754958322166,1754958321,KXMLBGAME-25AUG11MINNYY-NYY,91,9,2,yes
1754958322994,1754958322,KXMLBGAME-25AUG11COLSTL-STL,74,26,2,yes
1754958323746,1754958323,KXMLBGAME-25AUG11WSHKC-WSH,37,63,108,no
1754958323746,1754958323,KXMLBGAME-25AUG11WSHKC-WSH,37,63,1392,no
1754958329927,1754958329,KXMLBGAME-25AUG11PHICIN-PHI,98,2,35,yes
1754958334139,1754958334,KXMLBGAME-25AUG11PHICIN-PHI,96,4,61,no
1754958337345,1754958337,KXMLBGAME-25AUG11PITMIL-MIL,59,41,65,yes
1754958341264,1754958341,KXMLBGAME-25AUG11AZTEX-AZ,39,61,36,yes
1754958341445,1754958341,KXMLBGAME-25AUG11PITMIL-MIL,59,41,205,yes
1754958344848,1754958344,KXMLBGAME-25AUG11PHICIN-CIN,4,96,23,yes
1754958350066,1754958349,KXMLBGAME-25AUG11BOSHOU-BOS,78,22,1,yes
1754958350924,1754958350,KXMLBGAME-25AUG11PHICIN-CIN,2,98,53,no
1754958351175,1754958351,KXMLBGAME-25AUG11PITMIL-MIL,59,41,115,yes
1754958351795,1754958351,KXMLBGAME-25AUG11BOSHOU-HOU,24,76,70,yes
1754958351916,1754958351,KXMLBGAME-25AUG11SDSF-SD,47,53,24,yes
1754958353746,1754958353,KXMLBGAME-25AUG11PITMIL-PIT,40,60,33,no
1754958353746,1754958353,KXMLBGAME-25AUG11PITMIL-PIT,40,60,1467,no
1754958361574,1754958361,KXMLBGAME-25AUG11PITMIL-PIT,37,63,12,yes
1754958363963,1754958363,KXMLBGAME-25AUG11PITMIL-MIL,65,35,102,yes
1754958364467,1754958364,KXMLBGAME-25AUG11COLSTL-STL,72,28,10,no
1754958364573,1754958364,KXMLBGAME-25AUG11COLSTL-COL,29,71,68,yes
1754958364573,1754958364,KXMLBGAME-25AUG11COLSTL-COL,29,71,400,yes
1754958364573,1754958364,KXMLBGAME-25AUG11COLSTL-COL,30,70,200,yes
1754958364573,1754958364,KXMLBGAME-25AUG11COLSTL-COL,30,70,400,yes
1754958364573,1754958364,KXMLBGAME-25AUG11COLSTL-COL,31,69,200,yes
1754958367863,1754958367,KXMLBGAME-25AUG11COLSTL-STL,68,32,400,yes
1754958368062,1754958367,KXMLBGAME-25AUG11COLSTL-STL,69,31,200,yes
1754958369369,1754958369,KXMLBGAME-25AUG11PHICIN-PHI,97,3,208,yes
1754958369370,1754958369,KXMLBGAME-25AUG11MINNYY-NYY,91,9,606,yes
1754958370351,1754958370,KXMLBGAME-25AUG11WSHKC-WSH,37,63,12,yes
1754958374251,1754958374,KXMLBGAME-25AUG11WSHKC-KC,64,36,200,yes
1754958374251,1754958374,KXMLBGAME-25AUG11WSHKC-KC,64,36,166,yes
1754958374251,1754958374,KXMLBGAME-25AUG11WSHKC-KC,64,36,250,yes
1754958374251,1754958374,KXMLBGAME-25AUG11WSHKC-KC,65,35,2336,yes
1754958374300,1754958374,KXMLBGAME-25AUG11MINNYY-NYY,91,9,28,yes
1754958374938,1754958374,KXMLBGAME-25AUG11MINNYY-MIN,11,89,41,yes
1754958375935,1754958375,KXMLBGAME-25AUG11DETCWS-DET,70,30,3,no
1754958380684,1754958380,KXMLBGAME-25AUG11BOSHOU-HOU,24,76,66,yes
1754958382711,1754958382,KXMLBGAME-25AUG11WSHKC-WSH,37,63,90,yes
1754958383418,1754958383,KXMLBGAME-25AUG11PITMIL-PIT,41,59,10,yes
1754958385976,1754958385,KXMLBGAME-25AUG11MINNYY-NYY,90,10,37,yes
1754958389634,1754958389,KXMLBGAME-25AUG11LADLAA-LAD,62,38,15,yes
1754958390326,1754958390,KXMLBGAME-25AUG11PITMIL-PIT,33,67,1,yes
1754958395792,1754958395,KXMLBGAME-25AUG11PHICIN-PHI,97,3,224,yes
1754958398547,1754958398,KXMLBGAME-25AUG11AZTEX-AZ,38,62,1500,no
1754958398818,1754958398,KXMLBGAME-25AUG11PITMIL-MIL,68,32,107,yes
1754958398908,1754958398,KXMLBGAME-25AUG11MINNYY-NYY,90,10,184,yes
1754958399905,1754958399,KXMLBGAME-25AUG11MINNYY-MIN,11,89,37,yes
1754958400676,1754958400,KXMLBGAME-25AUG11PHICIN-CIN,4,96,468,yes
1754958400922,1754958400,KXMLBGAME-25AUG11COLSTL-STL,75,25,50,yes
1754958405248,1754958405,KXMLBGAME-25AUG11WSHKC-WSH,37,63,45,yes
1754958406344,1754958406,KXMLBGAME-25AUG11MINNYY-MIN,11,89,27,yes
1754958406344,1754958406,KXMLBGAME-25AUG11MINNYY-MIN,11,89,31,yes
1754958406344,1754958406,KXMLBGAME-25AUG11MINNYY-MIN,11,89,27,yes
1754958407199,1754958407,KXMLBGAME-25AUG11PHICIN-PHI,96,4,10,no
1754958407748,1754958407,KXMLBGAME-25AUG11AZTEX-AZ,38,62,1,yes
1754958409475,1754958409,KXMLBGAME-25AUG11BOSHOU-HOU,24,76,59,yes
1754958411197,1754958411,KXMLBGAME-25AUG11PHICIN-PHI,97,3,5,yes
1754958414759,1754958414,KXMLBGAME-25AUG11COLSTL-COL,25,75,50,yes
1754958416566,1754958416,KXMLBGAME-25AUG11PHICIN-CIN,4,96,180,yes
1754958420446,1754958420,KXMLBGAME-25AUG11AZTEX-AZ,38,62,36,yes
1754958425861,1754958425,KXMLBGAME-25AUG11DETCWS-CWS,27,73,3,yes
1754958427941,1754958427,KXMLBGAME-25AUG11WSHKC-WSH,39,61,368,yes
1754958432337,1754958432,KXMLBGAME-25AUG11DETCWS-DET,72,28,34,no
1754958434824,1754958434,KXMLBGAME-25AUG11BOSHOU-HOU,24,76,118,yes
1754958435256,1754958435,KXMLBGAME-25AUG11PITMIL-MIL,68,32,5,yes
1754958435606,1754958435,KXMLBGAME-25AUG11PITMIL-MIL,68,32,3,yes
1754958435606,1754958435,KXMLBGAME-25AUG11PITMIL-MIL,68,32,6,yes
1754958437296,1754958437,KXMLBGAME-25AUG11PHICIN-PHI,96,4,5,no
1754958437296,1754958437,KXMLBGAME-25AUG11PHICIN-PHI,96,4,53,no
1754958437296,1754958437,KXMLBGAME-25AUG11PHICIN-PHI,96,4,100,no
1754958439706,1754958439,KXMLBGAME-25AUG11PHICIN-CIN,2,98,17,no
1754958445296,1754958445,KXMLBGAME-25AUG11PHICIN-CIN,4,96,124,yes
1754958445296,1754958445,KXMLBGAME-25AUG11PHICIN-CIN,4,96,110,yes
1754958446023,1754958445,KXMLBGAME-25AUG11MINNYY-NYY,90,10,10,yes
1754958448158,1754958448,KXMLBGAME-25AUG11MINNYY-MIN,11,89,8,yes
1754958453879,1754958453,KXMLBGAME-25AUG11DETCWS-DET,73,27,100,yes
1754958455459,1754958454,KXMLBGAME-25AUG11MINNYY-MIN,11,89,8,yes
1754958455554,1754958455,KXMLBGAME-25AUG11PITMIL-MIL,67,33,112,no
1754958455554,1754958455,KXMLBGAME-25AUG11PITMIL-MIL,67,33,161,no
1754958457326,1754958457,KXMLBGAME-25AUG11PHICIN-PHI,97,3,20,yes
1754958457326,1754958457,KXMLBGAME-25AUG11MINNYY-NYY,90,10,10,yes
1754958459425,1754958458,KXMLBGAME-25AUG11DETCWS-DET,74,26,13,yes
1754958463926,1754958463,KXMLBGAME-25AUG11BOSHOU-BOS,80,20,70,yes
1754958467737,1754958467,KXMLBGAME-25AUG11MINNYY-NYY,90,10,10,yes
1754958468312,1754958468,KXMLBGAME-25AUG11PITMIL-PIT,33,67,1,yes
1754958468770,1754958468,KXMLBGAME-25AUG11SDSF-SD,47,53,98,yes
1754958468945,1754958468,KXMLBGAME-25AUG11BOSHOU-HOU,23,77,20,no
1754958469507,1754958469,KXMLBGAME-25AUG11PHICIN-PHI,97,3,571,yes
1754958471077,1754958470,KXMLBGAME-25AUG11MINNYY-MIN,11,89,85,yes
1754958471866,1754958471,KXMLBGAME-25AUG11PITMIL-PIT,33,67,110,yes
1754958471866,1754958471,KXMLBGAME-25AUG11PITMIL-PIT,33,67,1,yes
1754958471866,1754958471,KXMLBGAME-25AUG11PITMIL-PIT,33,67,1,yes
1754958471866,1754958471,KXMLBGAME-25AUG11PITMIL-PIT,34,66,2792,yes
1754958473336,1754958473,KXMLBGAME-25AUG11AZTEX-TEX,65,35,750,yes
1754958473336,1754958473,KXMLBGAME-25AUG11AZTEX-TEX,65,35,250,yes
1754958473336,1754958473,KXMLBGAME-25AUG11AZTEX-TEX,65,35,2003,yes
1754958474886,1754958474,KXMLBGAME-25AUG11PITMIL-PIT,33,67,5,yes
1754958475868,1754958475,KXMLBGAME-25AUG11PITMIL-PIT,33,67,83,yes
1754958475868,1754958475,KXMLBGAME-25AUG11PITMIL-PIT,33,67,4,yes
1754958475868,1754958475,KXMLBGAME-25AUG11PITMIL-PIT,34,66,1273,yes
1754958476798,1754958476,KXMLBGAME-25AUG11DETCWS-CWS,26,74,7,yes
1754958478327,1754958478,KXMLBGAME-25AUG11MINNYY-NYY,90,10,10,yes
1754958480476,1754958480,KXMLBGAME-25AUG11BOSHOU-HOU,22,78,3000,yes
1754958480798,1754958480,KXMLBGAME-25AUG11DETCWS-DET,75,25,52,yes
1754958482078,1754958481,KXMLBGAME-25AUG11MINNYY-MIN,11,89,17,yes
1754958482955,1754958482,KXMLBGAME-25AUG11PHICIN-CIN,4,96,82,yes
1754958483987,1754958483,KXMLBGAME-25AUG11BOSHOU-HOU,22,78,1500,yes
1754958484489,1754958484,KXMLBGAME-25AUG11PHICIN-CIN,4,96,1000,no
1754958485626,1754958485,KXMLBGAME-25AUG11MINNYY-MIN,11,89,25,yes
1754958486545,1754958486,KXMLBGAME-25AUG11PHICIN-PHI,96,4,5,no
1754958486545,1754958486,KXMLBGAME-25AUG11PHICIN-PHI,96,4,100,no
1754958486828,1754958486,KXMLBGAME-25AUG11LADLAA-LAD,62,38,15,yes
1754958488726,1754958488,KXMLBGAME-25AUG11DETCWS-DET,74,26,1500,no
1754958489105,1754958489,KXMLBGAME-25AUG11BOSHOU-BOS,79,21,2,yes
1754958489146,1754958489,KXMLBGAME-25AUG11MINNYY-NYY,90,10,10,yes
1754958492564,1754958492,KXMLBGAME-25AUG11BOSHOU-HOU,23,77,41,yes
1754958492875,1754958492,KXMLBGAME-25AUG11PITMIL-MIL,67,33,92,no
1754958492875,1754958492,KXMLBGAME-25AUG11PITMIL-MIL,67,33,200,no
1754958492875,1754958492,KXMLBGAME-25AUG11PITMIL-MIL,66,34,43,no
1754958494905,1754958494,KXMLBGAME-25AUG11PITMIL-MIL,66,34,50,no
1754958499521,1754958499,KXMLBGAME-25AUG11PHICIN-CIN,4,96,40,yes
1754958499521,1754958499,KXMLBGAME-25AUG11PHICIN-CIN,4,96,21,yes
1754958500905,1754958500,KXMLBGAME-25AUG11WSHKC-KC,67,33,194,yes
1754958501832,1754958501,KXMLBGAME-25AUG11AZTEX-TEX,65,35,15,yes
1754958504439,1754958504,KXMLBGAME-25AUG11BOSHOU-HOU,23,77,6,yes
1754958508161,1754958508,KXMLBGAME-25AUG11MINNYY-MIN,11,89,37,yes
1754958508265,1754958508,KXMLBGAME-25AUG11PHICIN-CIN,4,96,1500,no
1754958508849,1754958508,KXMLBGAME-25AUG11PHICIN-PHI,96,4,36,no
1754958510864,1754958510,KXMLBGAME-25AUG11BOSHOU-BOS,76,24,1974,no
1754958512048,1754958511,KXMLBGAME-25AUG11DETCWS-DET,73,27,100,no
1754958512048,1754958511,KXMLBGAME-25AUG11DETCWS-DET,73,27,201,no
1754958512897,1754958512,KXMLBGAME-25AUG11BOSHOU-HOU,23,77,20,yes
1754958513527,1754958513,KXMLBGAME-25AUG11PITMIL-MIL,69,31,2,yes
1754958514005,1754958513,KXMLBGAME-25AUG11WSHKC-WSH,35,65,46,yes
1754958521232,1754958521,KXMLBGAME-25AUG11WSHKC-KC,67,33,56,yes
1754958521232,1754958521,KXMLBGAME-25AUG11WSHKC-KC,67,33,94,yes
1754958521729,1754958521,KXMLBGAME-25AUG11AZTEX-TEX,67,33,1,yes
1754958523459,1754958523,KXMLBGAME-25AUG11PHICIN-PHI,97,3,122,yes
1754958523615,1754958523,KXMLBGAME-25AUG11PHICIN-PHI,96,4,9,no
1754958523906,1754958523,KXMLBGAME-25AUG11PITMIL-PIT,33,67,5,yes
1754958525132,1754958525,KXMLBGAME-25AUG11PHICIN-PHI,97,3,36,yes
1754958527508,1754958527,KXMLBGAME-25AUG11BOSHOU-BOS,79,21,110,yes
1754958527508,1754958527,KXMLBGAME-25AUG11BOSHOU-BOS,79,21,2,yes
1754958527508,1754958527,KXMLBGAME-25AUG11BOSHOU-BOS,79,21,12,yes
1754958527700,1754958527,KXMLBGAME-25AUG11LADLAA-LAD,62,38,15,yes
1754958529737,1754958529,KXMLBGAME-25AUG11AZTEX-AZ,45,55,21,yes
1754958530829,1754958530,KXMLBGAME-25AUG11PHICIN-PHI,96,4,71,no
1754958532799,1754958532,KXMLBGAME-25AUG11AZTEX-TEX,59,41,39,no
1754958532799,1754958532,KXMLBGAME-25AUG11AZTEX-TEX,59,41,8,no
1754958536450,1754958536,KXMLBGAME-25AUG11PHICIN-PHI,97,3,2842,yes
1754958536450,1754958536,KXMLBGAME-25AUG11PHICIN-PHI,97,3,2158,yes
1754958538026,1754958537,KXMLBGAME-25AUG11AZTEX-AZ,45,55,17,yes
1754958538118,1754958538,KXMLBGAME-25AUG11BOSHOU-HOU,23,77,20,yes
1754958538118,1754958538,KXMLBGAME-25AUG11PHICIN-CIN,3,97,100,no
1754958544627,1754958544,KXMLBGAME-25AUG11DETCWS-DET,74,26,1274,yes
1754958546094,1754958546,KXMLBGAME-25AUG11DETCWS-DET,75,25,48,yes
1754958547331,1754958547,KXMLBGAME-25AUG11DETCWS-DET,77,23,1,yes
1754958549963,1754958549,KXMLBGAME-25AUG11COLSTL-COL,26,74,73,yes
1754958552711,1754958552,KXMLBGAME-25AUG11BOSHOU-HOU,23,77,12,yes
1754958552869,1754958552,KXMLBGAME-25AUG11PHICIN-PHI,99,1,25,yes
1754958555165,1754958554,KXMLBGAME-25AUG11COLSTL-COL,26,74,55,yes
1754958555665,1754958555,KXMLBGAME-25AUG11COLSTL-COL,26,74,22,yes
1754958556420,1754958556,KXMLBGAME-25AUG11BOSHOU-HOU,23,77,412,yes
1754958558875,1754958558,KXMLBGAME-25AUG11PHICIN-PHI,99,1,2018,yes
1754958559178,1754958559,KXMLBGAME-25AUG11MINNYY-NYY,90,10,77,yes
1754958559946,1754958559,KXMLBGAME-25AUG11PHICIN-CIN,2,98,46,yes
1754958560106,1754958560,KXMLBGAME-25AUG11PHICIN-CIN,2,98,233,yes
1754958560912,1754958560,KXMLBGAME-25AUG11PHICIN-CIN,2,98,46,yes
1754958560989,1754958560,KXMLBGAME-25AUG11BOSHOU-HOU,23,77,825,yes
1754958562755,1754958562,KXMLBGAME-25AUG11BOSHOU-HOU,23,77,1,yes
1754958563015,1754958562,KXMLBGAME-25AUG11PITMIL-PIT,34,66,702,yes
1754958563174,1754958563,KXMLBGAME-25AUG11PITMIL-PIT,35,65,5,yes
1754958563596,1754958563,KXMLBGAME-25AUG11PITMIL-PIT,35,65,48,yes
1754958563596,1754958563,KXMLBGAME-25AUG11PITMIL-PIT,35,65,4,yes
1754958564186,1754958564,KXMLBGAME-25AUG11BOSHOU-HOU,23,77,111,yes
1754958564186,1754958564,KXMLBGAME-25AUG11BOSHOU-HOU,23,77,1,yes
1754958564186,1754958564,KXMLBGAME-25AUG11BOSHOU-HOU,24,76,11,yes
1754958565488,1754958565,KXMLBGAME-25AUG11BOSHOU-HOU,24,76,189,yes
1754958565488,1754958565,KXMLBGAME-25AUG11BOSHOU-HOU,24,76,206,yes
1754958566602,1754958566,KXMLBGAME-25AUG11DETCWS-DET,79,21,31,yes
1754958567948,1754958567,KXMLBGAME-25AUG11PHICIN-PHI,99,1,5,yes
1754958568310,1754958568,KXMLBGAME-25AUG11LADLAA-LAD,62,38,6,yes
1754958569292,1754958569,KXMLBGAME-25AUG11AZTEX-AZ,49,51,98,yes
1754958571409,1754958571,KXMLBGAME-25AUG11AZTEX-TEX,51,49,3000,no
1754958571409,1754958571,KXMLBGAME-25AUG11AZTEX-TEX,50,50,3,no
1754958571525,1754958571,KXMLBGAME-25AUG11AZTEX-TEX,52,48,18,yes
1754958572219,1754958572,KXMLBGAME-25AUG11PHICIN-PHI,97,3,20,no
1754958572236,1754958572,KXMLBGAME-25AUG11PHICIN-PHI,99,1,4,yes
1754958572236,1754958572,KXMLBGAME-25AUG11PHICIN-PHI,99,1,199,yes
1754958575394,1754958575,KXMLBGAME-25AUG11PHICIN-PHI,99,1,3,yes
1754958575797,1754958575,KXMLBGAME-25AUG11PITMIL-PIT,37,63,39,yes
1754958575797,1754958575,KXMLBGAME-25AUG11PITMIL-PIT,37,63,69,yes
1754958578022,1754958577,KXMLBGAME-25AUG11COLSTL-STL,74,26,26,yes
1754958581023,1754958580,KXMLBGAME-25AUG11LADLAA-LAD,62,38,215,yes
1754958581252,1754958581,KXMLBGAME-25AUG11COLSTL-COL,27,73,17,yes
1754958585604,1754958585,KXMLBGAME-25AUG11PITMIL-PIT,35,65,3000,no
1754958585604,1754958585,KXMLBGAME-25AUG11PITMIL-PIT,34,66,1535,no
1754958585604,1754958585,KXMLBGAME-25AUG11PITMIL-PIT,34,66,112,no
1754958585605,1754958585,KXMLBGAME-25AUG11PITMIL-PIT,33,67,1,no
1754958585605,1754958585,KXMLBGAME-25AUG11PITMIL-PIT,32,68,50,no
1754958585605,1754958585,KXMLBGAME-25AUG11PITMIL-MIL,66,34,112,yes
1754958585776,1754958585,KXMLBGAME-25AUG11PITMIL-PIT,32,68,1540,yes
1754958586109,1754958586,KXMLBGAME-25AUG11DETCWS-CWS,22,78,8,yes
1754958590014,1754958589,KXMLBGAME-25AUG11DETCWS-CWS,22,78,50,yes
1754958595788,1754958595,KXMLBGAME-25AUG11PHICIN-PHI,99,1,20,yes
1754958596247,1754958596,KXMLBGAME-25AUG11PHICIN-PHI,98,2,136,no
1754958600965,1754958600,KXMLBGAME-25AUG11BOSHOU-BOS,79,21,62,yes
1754958601811,1754958601,KXMLBGAME-25AUG11PHICIN-PHI,99,1,2,yes
1754958601915,1754958601,KXMLBGAME-25AUG11PHICIN-CIN,1,99,761,no
1754958601915,1754958601,KXMLBGAME-25AUG11PHICIN-CIN,1,99,120,no
1754958602710,1754958602,KXMLBGAME-25AUG11PHICIN-PHI,99,1,88,yes
1754958602710,1754958602,KXMLBGAME-25AUG11PHICIN-PHI,99,1,501,yes
1754958603935,1754958603,KXMLBGAME-25AUG11PITMIL-MIL,79,21,31,yes
1754958605185,1754958605,KXMLBGAME-25AUG11DETCWS-DET,76,24,1271,no
1754958605790,1754958605,KXMLBGAME-25AUG11WSHKC-WSH,35,65,50,yes
1754958607825,1754958607,KXMLBGAME-25AUG11LADLAA-LAD,62,38,53,yes
1754958608424,1754958608,KXMLBGAME-25AUG11LADLAA-LAD,62,38,15,yes
1754958609206,1754958609,KXMLBGAME-25AUG11AZTEX-TEX,50,50,10,yes
1754958614011,1754958613,KXMLBGAME-25AUG11PHICIN-PHI,99,1,1146,no
1754958615717,1754958615,KXMLBGAME-25AUG11BOSHOU-HOU,22,78,102,yes
1754958615717,1754958615,KXMLBGAME-25AUG11BOSHOU-HOU,22,78,828,yes
1754958615776,1754958615,KXMLBGAME-25AUG11MINNYY-NYY,90,10,24,yes
1754958620836,1754958620,KXMLBGAME-25AUG11BOSHOU-HOU,23,77,412,yes
1754958625834,1754958625,KXMLBGAME-25AUG11BOSHOU-HOU,22,78,280,yes
1754958626492,1754958626,KXMLBGAME-25AUG11BOSHOU-HOU,20,80,28,no
1754958633553,1754958633,KXMLBGAME-25AUG11PHICIN-PHI,99,1,28,no
1754958633824,1754958633,KXMLBGAME-25AUG11TBATH-ATH,50,50,78,yes
1754958642470,1754958642,KXMLBGAME-25AUG11PITMIL-PIT,24,76,38,yes
1754958642732,1754958642,KXMLBGAME-25AUG11BOSHOU-HOU,22,78,431,yes
1754958642901,1754958642,KXMLBGAME-25AUG11PHICIN-PHI,99,1,62,no
1754958648724,1754958648,KXMLBGAME-25AUG11AZTEX-TEX,51,49,1,yes
1754958650379,1754958650,KXMLBGAME-25AUG11WSHKC-KC,66,34,7,yes
1754958652098,1754958652,KXMLBGAME-25AUG11PHICIN-PHI,99,1,364,no
1754958653311,1754958653,KXMLBGAME-25AUG11WSHKC-WSH,35,65,1,yes
1754958657277,1754958657,KXMLBGAME-25AUG11PHICIN-PHI,99,1,205,no
1754958659472,1754958659,KXMLBGAME-25AUG11AZTEX-TEX,51,49,40,yes
1754958661650,1754958661,KXMLBGAME-25AUG11PHICIN-PHI,99,1,223,no
1754958666252,1754958666,KXMLBGAME-25AUG11MINNYY-MIN,12,88,60,yes
1754958666252,1754958666,KXMLBGAME-25AUG11MINNYY-MIN,13,87,65,yes
1754958666252,1754958666,KXMLBGAME-25AUG11MINNYY-MIN,13,87,169,yes
1754958667409,1754958667,KXMLBGAME-25AUG11PHICIN-PHI,99,1,8500,no
1754958668362,1754958668,KXMLBGAME-25AUG11COLSTL-STL,74,26,1,yes
1754958668670,1754958668,KXMLBGAME-25AUG11AZTEX-AZ,48,52,1500,no
1754958670160,1754958670,KXMLBGAME-25AUG11PITMIL-PIT,26,74,10,yes
1754958670323,1754958670,KXMLBGAME-25AUG11PHICIN-CIN,1,99,3112,yes
1754958670323,1754958670,KXMLBGAME-25AUG11PHICIN-CIN,1,99,1188,yes
1754958670746,1754958670,KXMLBGAME-25AUG11PHICIN-PHI,99,1,310,no
1754958671517,1754958671,KXMLBGAME-25AUG11SDSF-SD,47,53,3,yes
1754958671647,1754958671,KXMLBGAME-25AUG11PITMIL-MIL,78,22,200,yes
1754958671647,1754958671,KXMLBGAME-25AUG11PITMIL-MIL,78,22,115,yes
1754958675556,1754958675,KXMLBGAME-25AUG11TBATH-TB,49,51,1423,no
1754958675556,1754958675,KXMLBGAME-25AUG11TBATH-TB,49,51,1,no
1754958675556,1754958675,KXMLBGAME-25AUG11TBATH-TB,49,51,13,no
1754958675556,1754958675,KXMLBGAME-25AUG11TBATH-TB,49,51,81,no
1754958675556,1754958675,KXMLBGAME-25AUG11TBATH-TB,49,51,47,no
1754958675556,1754958675,KXMLBGAME-25AUG11TBATH-TB,49,51,9,no
1754958675556,1754958675,KXMLBGAME-25AUG11TBATH-TB,49,51,1,no
1754958675556,1754958675,KXMLBGAME-25AUG11TBATH-TB,49,51,47,no
1754958675556,1754958675,KXMLBGAME-25AUG11TBATH-TB,49,51,747,no
1754958676016,1754958675,KXMLBGAME-25AUG11MINNYY-MIN,10,90,12,no
1754958676956,1754958676,KXMLBGAME-25AUG11DETCWS-CWS,27,73,35,yes
1754958678416,1754958678,KXMLBGAME-25AUG11MINNYY-MIN,13,87,31,yes
1754958684436,1754958684,KXMLBGAME-25AUG11WSHKC-WSH,32,68,42,yes
1754958686377,1754958686,KXMLBGAME-25AUG11WSHKC-WSH,32,68,5,yes
1754958688295,1754958688,KXMLBGAME-25AUG11PITMIL-PIT,27,73,70,yes
1754958689783,1754958689,KXMLBGAME-25AUG11BOSHOU-HOU,22,78,215,yes
1754958691623,1754958691,KXMLBGAME-25AUG11DETCWS-CWS,27,73,176,yes
1754958691667,1754958691,KXMLBGAME-25AUG11BOSHOU-HOU,22,78,21,yes
1754958692639,1754958692,KXMLBGAME-25AUG11PITMIL-PIT,27,73,3,yes
1754958692639,1754958692,KXMLBGAME-25AUG11PITMIL-PIT,27,73,16,yes
1754958698243,1754958698,KXMLBGAME-25AUG11WSHKC-WSH,32,68,229,yes
1754958698798,1754958698,KXMLBGAME-25AUG11AZTEX-AZ,49,51,21,yes
1754958700625,1754958700,KXMLBGAME-25AUG11AZTEX-AZ,49,51,34,yes
1754958704726,1754958704,KXMLBGAME-25AUG11PITMIL-PIT,23,77,112,no
1754958705582,1754958705,KXMLBGAME-25AUG11AZTEX-AZ,49,51,2945,yes
1754958705582,1754958705,KXMLBGAME-25AUG11AZTEX-AZ,50,50,112,yes
1754958705582,1754958705,KXMLBGAME-25AUG11AZTEX-AZ,52,48,758,yes
1754958708107,1754958708,KXMLBGAME-25AUG11BOSHOU-HOU,22,78,215,yes
1754958711125,1754958711,KXMLBGAME-25AUG11COLSTL-STL,74,26,789,yes
1754958713584,1754958713,KXMLBGAME-25AUG11COLSTL-COL,25,75,1500,no
1754958723726,1754958723,KXMLBGAME-25AUG11PITMIL-PIT,20,80,50,yes
1754958723836,1754958723,KXMLBGAME-25AUG11WSHKC-WSH,32,68,3,yes
1754958724569,1754958724,KXMLBGAME-25AUG11AZTEX-AZ,49,51,483,yes
1754958724983,1754958724,KXMLBGAME-25AUG11PITMIL-MIL,80,20,19,yes
1754958724983,1754958724,KXMLBGAME-25AUG11PITMIL-MIL,80,20,50,yes
1754958725164,1754958725,KXMLBGAME-25AUG11PHICIN-PHI,99,1,19,no
1754958726674,1754958726,KXMLBGAME-25AUG11PHICIN-CIN,1,99,93,yes
1754958729012,1754958728,KXMLBGAME-25AUG11PITMIL-PIT,18,82,39,no
1754958729012,1754958728,KXMLBGAME-25AUG11PITMIL-PIT,17,83,100,no
1754958729012,1754958728,KXMLBGAME-25AUG11PITMIL-PIT,17,83,10,no
1754958729012,1754958728,KXMLBGAME-25AUG11PITMIL-PIT,16,84,1,no
1754958729012,1754958728,KXMLBGAME-25AUG11PITMIL-PIT,15,85,1060,no
1754958730015,1754958729,KXMLBGAME-25AUG11PHICIN-PHI,99,1,34,no
1754958731960,1754958731,KXMLBGAME-25AUG11PITMIL-PIT,17,83,27,yes
1754958732387,1754958732,KXMLBGAME-25AUG11BOSHOU-HOU,21,79,10,yes
1754958734957,1754958734,KXMLBGAME-25AUG11AZTEX-TEX,53,47,8,yes
1754958735457,1754958735,KXMLBGAME-25AUG11PHICIN-PHI,99,1,520,no
1754958735457,1754958735,KXMLBGAME-25AUG11PHICIN-PHI,99,1,1388,no
1754958736066,1754958735,KXMLBGAME-25AUG11PITMIL-PIT,17,83,5,yes
1754958736768,1754958736,KXMLBGAME-25AUG11MINNYY-NYY,89,11,100,no
1754958737760,1754958737,KXMLBGAME-25AUG11PITMIL-PIT,17,83,22,yes
1754958737952,1754958737,KXMLBGAME-25AUG11PITMIL-MIL,84,16,1,yes
1754958738059,1754958737,KXMLBGAME-25AUG11PITMIL-MIL,84,16,30,yes
1754958738659,1754958738,KXMLBGAME-25AUG11WSHKC-WSH,32,68,14,yes
1754958741315,1754958741,KXMLBGAME-25AUG11PITMIL-MIL,83,17,6,no
1754958743756,1754958743,KXMLBGAME-25AUG11MINNYY-MIN,13,87,710,yes
1754958743865,1754958743,KXMLBGAME-25AUG11AZTEX-AZ,49,51,1050,yes
1754958747058,1754958747,KXMLBGAME-25AUG11PITMIL-MIL,84,16,3,yes
1754958749515,1754958749,KXMLBGAME-25AUG11PITMIL-MIL,84,16,66,yes
1754958749515,1754958749,KXMLBGAME-25AUG11PITMIL-MIL,84,16,634,yes
1754958751195,1754958751,KXMLBGAME-25AUG11AZTEX-TEX,53,47,50,yes
1754958752548,1754958752,KXMLBGAME-25AUG11MINNYY-NYY,88,12,1,yes
1754958759174,1754958759,KXMLBGAME-25AUG11LADLAA-LAD,62,38,30,yes
1754958760064,1754958760,KXMLBGAME-25AUG11AZTEX-AZ,49,51,39,yes
1754958761894,1754958761,KXMLBGAME-25AUG11DETCWS-DET,74,26,13,yes
1754958762251,1754958762,KXMLBGAME-25AUG11DETCWS-CWS,26,74,10,yes
1754958763425,1754958763,KXMLBGAME-25AUG11MINNYY-NYY,88,12,69,yes
1754958763425,1754958763,KXMLBGAME-25AUG11MINNYY-NYY,88,12,3000,yes
1754958764537,1754958764,KXMLBGAME-25AUG11PITMIL-MIL,84,16,294,yes
1754958767914,1754958767,KXMLBGAME-25AUG11DETCWS-CWS,26,74,18,yes
1754958768206,1754958768,KXMLBGAME-25AUG11DETCWS-CWS,26,74,84,yes
1754958768206,1754958768,KXMLBGAME-25AUG11DETCWS-CWS,26,74,10,yes
1754958768206,1754958768,KXMLBGAME-25AUG11DETCWS-CWS,26,74,18,yes
1754958768608,1754958768,KXMLBGAME-25AUG11DETCWS-CWS,27,73,2173,yes
1754958768614,1754958768,KXMLBGAME-25AUG11DETCWS-CWS,27,73,112,yes
1754958768645,1754958768,KXMLBGAME-25AUG11DETCWS-DET,73,27,112,no
1754958769287,1754958769,KXMLBGAME-25AUG11DETCWS-DET,72,28,65,no
1754958769386,1754958769,KXMLBGAME-25AUG11DETCWS-CWS,28,72,65,yes
1754958773325,1754958773,KXMLBGAME-25AUG11WSHKC-KC,70,30,8,yes
1754958774345,1754958774,KXMLBGAME-25AUG11COLSTL-STL,79,21,1,yes
1754958776567,1754958776,KXMLBGAME-25AUG11SDSF-SF,55,45,44,yes
1754958777436,1754958777,KXMLBGAME-25AUG11DETCWS-CWS,32,68,76,yes
1754958777917,1754958777,KXMLBGAME-25AUG11AZTEX-TEX,53,47,237,yes
1754958782698,1754958782,KXMLBGAME-25AUG11PHICIN-PHI,99,1,274,no
1754958785756,1754958785,KXMLBGAME-25AUG11COLSTL-COL,23,77,51,yes
1754958785756,1754958785,KXMLBGAME-25AUG11COLSTL-COL,23,77,213,yes
1754958788042,1754958788,KXMLBGAME-25AUG11PITMIL-PIT,17,83,8,yes
1754958788365,1754958788,KXMLBGAME-25AUG11PITMIL-PIT,17,83,11,yes
1754958789085,1754958789,KXMLBGAME-25AUG11BOSHOU-HOU,23,77,12,yes
1754958791947,1754958791,KXMLBGAME-25AUG11SDSF-SD,47,53,373,yes
1754958791947,1754958791,KXMLBGAME-25AUG11SDSF-SD,47,53,445,yes
1754958793316,1754958793,KXMLBGAME-25AUG11WSHKC-WSH,32,68,42,yes
1754958793555,1754958793,KXMLBGAME-25AUG11PHICIN-PHI,99,1,33,no
1754958794075,1754958794,KXMLBGAME-25AUG11PITMIL-MIL,83,17,393,no
1754958796886,1754958796,KXMLBGAME-25AUG11MINNYY-NYY,88,12,5,yes
1754958801457,1754958801,KXMLBGAME-25AUG11COLSTL-STL,79,21,249,yes
1754958802596,1754958802,KXMLBGAME-25AUG11PITMIL-PIT,17,83,52,yes
1754958803988,1754958803,KXMLBGAME-25AUG11MINNYY-NYY,88,12,1033,yes
1754958806636,1754958806,KXMLBGAME-25AUG11COLSTL-STL,79,21,48,yes
1754958807186,1754958807,KXMLBGAME-25AUG11COLSTL-COL,23,77,16,yes
1754958807986,1754958807,KXMLBGAME-25AUG11PHICIN-PHI,99,1,2,no
1754958809555,1754958809,KXMLBGAME-25AUG11COLSTL-COL,23,77,47,yes
1754958810366,1754958810,KXMLBGAME-25AUG11PHICIN-PHI,99,1,20,no
1754958811608,1754958811,KXMLBGAME-25AUG11PITMIL-PIT,17,83,500,yes
1754958813755,1754958813,KXMLBGAME-25AUG11BOSHOU-HOU,22,78,40,yes
1754958814762,1754958814,KXMLBGAME-25AUG11PHICIN-PHI,99,1,181,no
1754958815654,1754958815,KXMLBGAME-25AUG11AZTEX-AZ,50,50,24,yes
1754958816958,1754958816,KXMLBGAME-25AUG11MINNYY-MIN,12,88,48,yes
1754958816958,1754958816,KXMLBGAME-25AUG11MINNYY-MIN,13,87,2,yes
1754958819171,1754958819,KXMLBGAME-25AUG11SDSF-SF,55,45,264,yes
1754958820563,1754958819,KXMLBGAME-25AUG11PITMIL-PIT,16,84,3000,no
1754958820563,1754958819,KXMLBGAME-25AUG11PITMIL-PIT,16,84,1500,no
1754958820563,1754958819,KXMLBGAME-25AUG11PITMIL-PIT,15,85,5500,no
1754958820661,1754958820,KXMLBGAME-25AUG11PITMIL-MIL,86,14,112,yes
1754958820871,1754958820,KXMLBGAME-25AUG11TBATH-TB,51,49,66,yes
1754958828156,1754958828,KXMLBGAME-25AUG11BOSHOU-HOU,22,78,86,yes
1754958828735,1754958828,KXMLBGAME-25AUG11DETCWS-CWS,30,70,15,yes
1754958828889,1754958828,KXMLBGAME-25AUG11WSHKC-KC,69,31,35,yes
1754958829695,1754958829,KXMLBGAME-25AUG11LADLAA-LAD,62,38,471,yes
1754958836089,1754958836,KXMLBGAME-25AUG11MINNYY-MIN,13,87,36,yes
1754958843576,1754958843,KXMLBGAME-25AUG11PITMIL-PIT,14,86,100,no
1754958843576,1754958843,KXMLBGAME-25AUG11PITMIL-PIT,14,86,6,no
1754958843576,1754958843,KXMLBGAME-25AUG11PITMIL-PIT,14,86,9,no
1754958843748,1754958843,KXMLBGAME-25AUG11PITMIL-PIT,13,87,12,no
1754958843748,1754958843,KXMLBGAME-25AUG11PITMIL-PIT,12,88,1,no
1754958847386,1754958847,KXMLBGAME-25AUG11BOSHOU-HOU,22,78,215,yes
1754958850515,1754958850,KXMLBGAME-25AUG11LADLAA-LAA,39,61,246,yes
1754958851585,1754958851,KXMLBGAME-25AUG11WSHKC-WSH,34,66,14,yes
1754958852555,1754958852,KXMLBGAME-25AUG11AZTEX-AZ,51,49,210,yes
1754958854857,1754958854,KXMLBGAME-25AUG11PITMIL-MIL,91,9,42,yes
1754958860695,1754958860,KXMLBGAME-25AUG11PHICIN-PHI,99,1,76,no
1754958860976,1754958860,KXMLBGAME-25AUG11BOSHOU-HOU,20,80,1,no
1754958863445,1754958863,KXMLBGAME-25AUG11BOSHOU-BOS,79,21,16,yes
1754958865735,1754958865,KXMLBGAME-25AUG11WSHKC-WSH,34,66,11,yes
1754958866297,1754958866,KXMLBGAME-25AUG11PITMIL-PIT,11,89,17,yes
1754958867675,1754958867,KXMLBGAME-25AUG11WSHKC-KC,69,31,9,yes
1754958869395,1754958869,KXMLBGAME-25AUG11PITMIL-MIL,90,10,123,yes
1754958869716,1754958869,KXMLBGAME-25AUG11PITMIL-MIL,89,11,152,no
1754958876981,1754958876,KXMLBGAME-25AUG11MINNYY-MIN,11,89,11,no
1754958876981,1754958876,KXMLBGAME-25AUG11TBATH-ATH,50,50,38,yes
1754958880787,1754958880,KXMLBGAME-25AUG11BOSHOU-HOU,21,79,9,yes
1754958881586,1754958881,KXMLBGAME-25AUG11BOSHOU-HOU,21,79,22,yes
1754958882750,1754958882,KXMLBGAME-25AUG11MINNYY-NYY,89,11,8,yes
1754958884326,1754958884,KXMLBGAME-25AUG11PHICIN-PHI,99,1,26,no
1754958884326,1754958884,KXMLBGAME-25AUG11PHICIN-PHI,99,1,23,no
1754958885077,1754958885,KXMLBGAME-25AUG11PITMIL-PIT,12,88,23,yes
1754958885805,1754958885,KXMLBGAME-25AUG11PHICIN-PHI,99,1,228,no
1754958887054,1754958887,KXMLBGAME-25AUG11PITMIL-PIT,10,90,1,no
1754958895635,1754958895,KXMLBGAME-25AUG11DETCWS-CWS,29,71,1,no
1754958896867,1754958896,KXMLBGAME-25AUG11DETCWS-DET,71,29,69,yes
1754958899552,1754958899,KXMLBGAME-25AUG11PITMIL-MIL,92,8,5,yes
1754958904266,1754958904,KXMLBGAME-25AUG11AZTEX-TEX,50,50,19,yes
1754958907496,1754958907,KXMLBGAME-25AUG11PITMIL-PIT,9,91,71,no
1754958908875,1754958908,KXMLBGAME-25AUG11PITMIL-MIL,94,6,20,yes
1754958908875,1754958908,KXMLBGAME-25AUG11PITMIL-MIL,95,5,23,yes
1754958908875,1754958908,KXMLBGAME-25AUG11PITMIL-MIL,95,5,112,yes
1754958908875,1754958908,KXMLBGAME-25AUG11PITMIL-MIL,96,4,168,yes
1754958910716,1754958910,KXMLBGAME-25AUG11MINNYY-MIN,11,89,50,no
1754958912065,1754958912,KXMLBGAME-25AUG11MINNYY-MIN,12,88,78,yes
1754958912245,1754958912,KXMLBGAME-25AUG11PITMIL-PIT,18,82,10,yes
1754958916458,1754958916,KXMLBGAME-25AUG11PHICIN-PHI,99,1,104,no
1754958916905,1754958916,KXMLBGAME-25AUG11WSHKC-WSH,37,63,168,yes
1754958924096,1754958924,KXMLBGAME-25AUG11BOSHOU-HOU,21,79,1,yes
1754958924325,1754958924,KXMLBGAME-25AUG11MINNYY-NYY,89,11,2992,yes
1754958924325,1754958924,KXMLBGAME-25AUG11MINNYY-NYY,89,11,112,yes
1754958924425,1754958924,KXMLBGAME-25AUG11PITMIL-MIL,90,10,2184,yes
1754958924566,1754958924,KXMLBGAME-25AUG11PHICIN-PHI,99,1,61,no
1754958924827,1754958924,KXMLBGAME-25AUG11BOSHOU-HOU,21,79,216,yes
1754958928046,1754958927,KXMLBGAME-25AUG11AZTEX-AZ,51,49,18,yes
1754958928236,1754958928,KXMLBGAME-25AUG11WSHKC-WSH,37,63,25,yes
1754958930475,1754958930,KXMLBGAME-25AUG11SDSF-SF,55,45,8,yes
1754958934854,1754958934,KXMLBGAME-25AUG11MINNYY-NYY,88,12,15,no
1754958935366,1754958935,KXMLBGAME-25AUG11MINNYY-NYY,90,10,223,yes
1754958936595,1754958936,KXMLBGAME-25AUG11AZTEX-AZ,51,49,330,yes
1754958937256,1754958937,KXMLBGAME-25AUG11BOSHOU-HOU,20,80,3,no
1754958937256,1754958937,KXMLBGAME-25AUG11BOSHOU-HOU,20,80,55,no
1754958937256,1754958937,KXMLBGAME-25AUG11BOSHOU-HOU,20,80,10,no
1754958938306,1754958938,KXMLBGAME-25AUG11AZTEX-TEX,50,50,4,yes
1754958939457,1754958939,KXMLBGAME-25AUG11WSHKC-WSH,37,63,12,yes
1754958940708,1754958940,KXMLBGAME-25AUG11BOSHOU-BOS,80,20,5,yes
1754958942546,1754958942,KXMLBGAME-25AUG11PITMIL-PIT,11,89,85,yes
1754958943557,1754958943,KXMLBGAME-25AUG11DETCWS-CWS,29,71,97,yes
1754958943557,1754958943,KXMLBGAME-25AUG11DETCWS-CWS,29,71,1403,yes
1754958944025,1754958943,KXMLBGAME-25AUG11DETCWS-CWS,28,72,3000,yes
1754958948736,1754958948,KXMLBGAME-25AUG11AZTEX-TEX,50,50,9,yes
1754958952015,1754958951,KXMLBGAME-25AUG11LADLAA-LAD,62,38,6,yes
1754958952865,1754958952,KXMLBGAME-25AUG11DETCWS-DET,71,29,62,yes
1754958953205,1754958953,KXMLBGAME-25AUG11BOSHOU-HOU,20,80,10,yes
1754958958596,1754958958,KXMLBGAME-25AUG11BOSHOU-HOU,21,79,10,yes
1754958958645,1754958958,KXMLBGAME-25AUG11PITMIL-PIT,11,89,100,yes
1754958959295,1754958959,KXMLBGAME-25AUG11BOSHOU-HOU,19,81,67,no
1754958960346,1754958960,KXMLBGAME-25AUG11WSHKC-KC,73,27,2,yes
1754958962203,1754958962,KXMLBGAME-25AUG11BOSHOU-HOU,21,79,4,yes
1754958962476,1754958962,KXMLBGAME-25AUG11DETCWS-CWS,29,71,882,yes
1754958963044,1754958962,KXMLBGAME-25AUG11DETCWS-CWS,30,70,2947,yes
1754958963414,1754958963,KXMLBGAME-25AUG11PITMIL-MIL,90,10,22,yes
1754958963479,1754958963,KXMLBGAME-25AUG11PITMIL-PIT,11,89,77,yes
1754958963479,1754958963,KXMLBGAME-25AUG11PITMIL-PIT,11,89,115,yes
1754958965546,1754958965,KXMLBGAME-25AUG11DETCWS-DET,67,33,47,yes
1754958967037,1754958967,KXMLBGAME-25AUG11AZTEX-TEX,50,50,46,yes
1754958974435,1754958974,KXMLBGAME-25AUG11DETCWS-DET,65,35,236,no
1754958974615,1754958974,KXMLBGAME-25AUG11AZTEX-TEX,50,50,1,yes
1754958974615,1754958974,KXMLBGAME-25AUG11AZTEX-TEX,50,50,26,yes
1754958974755,1754958974,KXMLBGAME-25AUG11WSHKC-KC,61,39,3,yes
1754958974896,1754958974,KXMLBGAME-25AUG11PITMIL-PIT,32,68,19,yes
1754958976277,1754958976,KXMLBGAME-25AUG11WSHKC-WSH,42,58,11,yes
1754958978807,1754958978,KXMLBGAME-25AUG11MINNYY-MIN,12,88,23,yes
1754958980477,1754958980,KXMLBGAME-25AUG11COLSTL-COL,22,78,38,yes
1754958980477,1754958980,KXMLBGAME-25AUG11COLSTL-COL,22,78,13,yes
1754958980971,1754958980,KXMLBGAME-25AUG11COLSTL-COL,22,78,21,yes
1754958981770,1754958981,KXMLBGAME-25AUG11COLSTL-COL,22,78,4,yes
1754958983685,1754958983,KXMLBGAME-25AUG11COLSTL-COL,22,78,43,yes
1754958984469,1754958983,KXMLBGAME-25AUG11PITMIL-PIT,11,89,1500,no
1754958986256,1754958986,KXMLBGAME-25AUG11AZTEX-AZ,54,46,27,yes
1754958986256,1754958986,KXMLBGAME-25AUG11WSHKC-WSH,42,58,2,yes
1754958988004,1754958987,KXMLBGAME-25AUG11BOSHOU-HOU,20,80,14,yes
1754958990185,1754958990,KXMLBGAME-25AUG11TBATH-ATH,50,50,5,yes
1754958991343,1754958991,KXMLBGAME-25AUG11MINNYY-MIN,11,89,200,no
1754958993596,1754958993,KXMLBGAME-25AUG11PITMIL-PIT,11,89,5,no
1754958995861,1754958995,KXMLBGAME-25AUG11LADLAA-LAD,62,38,47,yes
1754959001174,1754959001,KXMLBGAME-25AUG11WSHKC-WSH,42,58,22,yes
1754959001174,1754959001,KXMLBGAME-25AUG11PHICIN-PHI,99,1,219,no
1754959002416,1754959002,KXMLBGAME-25AUG11DETCWS-DET,67,33,145,yes
1754959003055,1754959003,KXMLBGAME-25AUG11AZTEX-AZ,54,46,303,yes
1754959004565,1754959004,KXMLBGAME-25AUG11SDSF-SF,55,45,70,yes
1754959008966,1754959008,KXMLBGAME-25AUG11COLSTL-COL,22,78,100,yes
1754959010316,1754959010,KXMLBGAME-25AUG11PITMIL-PIT,10,90,100,no
1754959010565,1754959010,KXMLBGAME-25AUG11WSHKC-KC,58,42,1000,no
1754959015016,1754959014,KXMLBGAME-25AUG11AZTEX-AZ,54,46,897,yes
1754959015415,1754959015,KXMLBGAME-25AUG11WSHKC-KC,60,40,162,yes
1754959016016,1754959015,KXMLBGAME-25AUG11PITMIL-MIL,86,14,102,no
1754959020086,1754959020,KXMLBGAME-25AUG11DETCWS-CWS,34,66,50,yes
1754959020624,1754959020,KXMLBGAME-25AUG11BOSHOU-HOU,20,80,71,yes
1754959025555,1754959025,KXMLBGAME-25AUG11WSHKC-WSH,42,58,228,yes
1754959026236,1754959026,KXMLBGAME-25AUG11DETCWS-CWS,34,66,2,yes
1754959031745,1754959031,KXMLBGAME-25AUG11TBATH-ATH,50,50,38,yes
1754959033409,1754959033,KXMLBGAME-25AUG11COLSTL-COL,20,80,1500,no
1754959038087,1754959038,KXMLBGAME-25AUG11PITMIL-PIT,10,90,1,no
1754959040005,1754959039,KXMLBGAME-25AUG11PITMIL-MIL,91,9,327,yes
1754959047445,1754959047,KXMLBGAME-25AUG11PITMIL-PIT,10,90,25,no
1754959049845,1754959049,KXMLBGAME-25AUG11BOSHOU-HOU,22,78,3000,yes
1754959056826,1754959056,KXMLBGAME-25AUG11MINNYY-NYY,88,12,67,yes
1754959058395,1754959058,KXMLBGAME-25AUG11DETCWS-DET,67,33,10,yes
1754959058905,1754959058,KXMLBGAME-25AUG11BOSHOU-BOS,79,21,118,yes
1754959059024,1754959058,KXMLBGAME-25AUG11WSHKC-WSH,40,60,1,no
1754959059025,1754959058,KXMLBGAME-25AUG11WSHKC-WSH,39,61,54,no
1754959060456,1754959060,KXMLBGAME-25AUG11DETCWS-DET,67,33,510,yes
1754959067850,1754959067,KXMLBGAME-25AUG11PHICIN-PHI,99,1,14,no
1754959068969,1754959068,KXMLBGAME-25AUG11AZTEX-TEX,48,52,66,yes
1754959069579,1754959069,KXMLBGAME-25AUG11PITMIL-PIT,10,90,55,no
1754959069579,1754959069,KXMLBGAME-25AUG11PITMIL-PIT,9,91,647,no
1754959072868,1754959072,KXMLBGAME-25AUG11DETCWS-DET,67,33,45,yes
1754959073063,1754959072,KXMLBGAME-25AUG11PITMIL-MIL,90,10,43,no
1754959073994,1754959073,KXMLBGAME-25AUG11MINNYY-MIN,13,87,31,yes
1754959078657,1754959078,KXMLBGAME-25AUG11PITMIL-PIT,9,91,1013,no
1754959078657,1754959078,KXMLBGAME-25AUG11PITMIL-PIT,9,91,3000,no
1754959078657,1754959078,KXMLBGAME-25AUG11PITMIL-PIT,8,92,112,no
1754959078657,1754959078,KXMLBGAME-25AUG11PITMIL-PIT,8,92,1500,no
1754959078657,1754959078,KXMLBGAME-25AUG11PITMIL-PIT,8,92,9375,no
1754959078657,1754959078,KXMLBGAME-25AUG11PITMIL-MIL,92,8,112,yes
1754959080895,1754959080,KXMLBGAME-25AUG11WSHKC-WSH,42,58,32,yes
1754959082595,1754959082,KXMLBGAME-25AUG11WSHKC-WSH,42,58,80,yes
1754959082595,1754959082,KXMLBGAME-25AUG11WSHKC-WSH,42,58,71,yes
1754959084154,1754959084,KXMLBGAME-25AUG11BOSHOU-BOS,77,23,10,no
1754959084495,1754959084,KXMLBGAME-25AUG11PITMIL-MIL,92,8,14,no
1754959085465,1754959085,KXMLBGAME-25AUG11MINNYY-MIN,13,87,797,yes
1754959088835,1754959088,KXMLBGAME-25AUG11BOSHOU-BOS,76,24,15,yes
1754959088835,1754959088,KXMLBGAME-25AUG11BOSHOU-BOS,76,24,31,yes
1754959089275,1754959089,KXMLBGAME-25AUG11WSHKC-KC,60,40,22,yes
1754959090165,1754959090,KXMLBGAME-25AUG11BOSHOU-HOU,23,77,2054,no
1754959092514,1754959092,KXMLBGAME-25AUG11PHICIN-PHI,99,1,16,no
1754959092656,1754959092,KXMLBGAME-25AUG11COLSTL-COL,20,80,44,yes
1754959092715,1754959092,KXMLBGAME-25AUG11PITMIL-PIT,7,93,20,no
1754959093607,1754959093,KXMLBGAME-25AUG11BOSHOU-HOU,23,77,946,no
1754959093876,1754959093,KXMLBGAME-25AUG11DETCWS-CWS,34,66,42,yes
1754959095286,1754959095,KXMLBGAME-25AUG11PHICIN-PHI,99,1,29,no
1754959095385,1754959095,KXMLBGAME-25AUG11WSHKC-WSH,42,58,84,yes
1754959098727,1754959098,KXMLBGAME-25AUG11PITMIL-PIT,7,93,80,no
1754959099315,1754959099,KXMLBGAME-25AUG11AZTEX-AZ,54,46,24,yes
1754959106746,1754959106,KXMLBGAME-25AUG11WSHKC-WSH,42,58,11,yes
1754959110874,1754959110,KXMLBGAME-25AUG11AZTEX-TEX,47,53,46,yes
1754959112445,1754959112,KXMLBGAME-25AUG11AZTEX-TEX,47,53,204,yes
1754959112445,1754959112,KXMLBGAME-25AUG11AZTEX-TEX,47,53,29,yes
1754959112445,1754959112,KXMLBGAME-25AUG11AZTEX-TEX,47,53,75,yes
1754959113191,1754959113,KXMLBGAME-25AUG11PHICIN-PHI,99,1,10306,no
1754959113191,1754959113,KXMLBGAME-25AUG11PHICIN-PHI,99,1,4771,no
1754959124426,1754959124,KXMLBGAME-25AUG11DETCWS-CWS,34,66,70,yes
1754959128346,1754959128,KXMLBGAME-25AUG11PITMIL-MIL,94,6,5,yes
1754959132656,1754959132,KXMLBGAME-25AUG11AZTEX-AZ,58,42,33,yes
1754959132754,1754959132,KXMLBGAME-25AUG11PITMIL-PIT,7,93,112,yes
1754959132754,1754959132,KXMLBGAME-25AUG11PITMIL-PIT,8,92,19,yes
1754959136474,1754959136,KXMLBGAME-25AUG11COLSTL-COL,20,80,10,yes
1754959139026,1754959138,KXMLBGAME-25AUG11SDSF-SF,55,45,52,yes
1754959141274,1754959141,KXMLBGAME-25AUG11PITMIL-MIL,92,8,65,no
1754959143216,1754959143,KXMLBGAME-25AUG11PITMIL-MIL,94,6,52,yes
1754959144374,1754959144,KXMLBGAME-25AUG11WSHKC-WSH,43,57,44,yes
1754959147297,1754959147,KXMLBGAME-25AUG11MINNYY-NYY,89,11,11,yes
1754959151860,1754959151,KXMLBGAME-25AUG11PITMIL-MIL,94,6,529,yes
1754959153164,1754959153,KXMLBGAME-25AUG11DETCWS-DET,68,32,70,yes
1754959155574,1754959155,KXMLBGAME-25AUG11COLSTL-STL,80,20,30,yes
1754959157371,1754959157,KXMLBGAME-25AUG11BOSHOU-HOU,36,64,50,yes
1754959157371,1754959157,KXMLBGAME-25AUG11BOSHOU-HOU,36,64,3,yes
1754959161195,1754959161,KXMLBGAME-25AUG11SDSF-SD,47,53,14,yes
1754959161986,1754959161,KXMLBGAME-25AUG11WSHKC-WSH,43,57,96,yes
1754959161986,1754959161,KXMLBGAME-25AUG11WSHKC-WSH,44,56,583,yes
1754959165356,1754959165,KXMLBGAME-25AUG11AZTEX-TEX,47,53,10,yes
1754959168155,1754959168,KXMLBGAME-25AUG11WSHKC-KC,58,42,422,yes
1754959171306,1754959171,KXMLBGAME-25AUG11MINNYY-MIN,13,87,108,yes
1754959173507,1754959173,KXMLBGAME-25AUG11WSHKC-KC,56,44,1500,no
1754959174168,1754959174,KXMLBGAME-25AUG11AZTEX-TEX,47,53,12,yes
1754959174168,1754959174,KXMLBGAME-25AUG11AZTEX-TEX,47,53,43,yes
1754959174797,1754959174,KXMLBGAME-25AUG11WSHKC-KC,56,44,21,yes
1754959178606,1754959178,KXMLBGAME-25AUG11WSHKC-WSH,47,53,20,yes
1754959184437,1754959184,KXMLBGAME-25AUG11PITMIL-MIL,89,11,105,no
1754959184437,1754959184,KXMLBGAME-25AUG11PITMIL-MIL,88,12,76,no
1754959185766,1754959185,KXMLBGAME-25AUG11DETCWS-DET,67,33,7,yes
1754959186198,1754959186,KXMLBGAME-25AUG11BOSHOU-HOU,36,64,7,yes
1754959192205,1754959192,KXMLBGAME-25AUG11DETCWS-DET,67,33,36,yes
1754959192746,1754959192,KXMLBGAME-25AUG11BOSHOU-HOU,36,64,23,yes
1754959192746,1754959192,KXMLBGAME-25AUG11BOSHOU-HOU,36,64,3,yes
1754959193486,1754959193,KXMLBGAME-25AUG11PITMIL-MIL,94,6,5,yes
1754959194605,1754959194,KXMLBGAME-25AUG11DETCWS-DET,65,35,50,no
1754959194880,1754959194,KXMLBGAME-25AUG11PITMIL-PIT,6,94,19,no
1754959194880,1754959194,KXMLBGAME-25AUG11PITMIL-PIT,6,94,112,no
1754959194880,1754959194,KXMLBGAME-25AUG11PITMIL-PIT,5,95,100,no
1754959194880,1754959194,KXMLBGAME-25AUG11PITMIL-PIT,5,95,181,no
1754959197975,1754959197,KXMLBGAME-25AUG11DETCWS-DET,67,33,419,yes
1754959198235,1754959198,KXMLBGAME-25AUG11DETCWS-DET,67,33,72,yes
1754959199086,1754959199,KXMLBGAME-25AUG11COLSTL-COL,21,79,13,yes
1754959200275,1754959200,KXMLBGAME-25AUG11PHICIN-PHI,99,1,1433,no
1754959202695,1754959202,KXMLBGAME-25AUG11COLSTL-COL,21,79,9,yes
1754959207345,1754959207,KXMLBGAME-25AUG11MINNYY-NYY,89,11,1,yes
1754959210985,1754959210,KXMLBGAME-25AUG11BOSHOU-HOU,33,67,76,yes
1754959210985,1754959210,KXMLBGAME-25AUG11BOSHOU-HOU,34,66,41,yes
1754959214407,1754959214,KXMLBGAME-25AUG11MINNYY-MIN,12,88,34,yes
1754959214616,1754959214,KXMLBGAME-25AUG11PITMIL-MIL,92,8,7,no
1754959214880,1754959214,KXMLBGAME-25AUG11LADLAA-LAD,62,38,2788,yes
1754959218896,1754959218,KXMLBGAME-25AUG11AZTEX-TEX,47,53,8,yes
1754959218896,1754959218,KXMLBGAME-25AUG11AZTEX-TEX,47,53,2,yes
1754959218995,1754959218,KXMLBGAME-25AUG11AZTEX-AZ,55,45,176,yes
1754959220647,1754959220,KXMLBGAME-25AUG11PITMIL-MIL,92,8,7,no
1754959221826,1754959221,KXMLBGAME-25AUG11WSHKC-WSH,46,54,47,yes
1754959221846,1754959221,KXMLBGAME-25AUG11LADLAA-LAD,62,38,78,yes
1754959223665,1754959223,KXMLBGAME-25AUG11SDSF-SF,55,45,8,yes
1754959224917,1754959224,KXMLBGAME-25AUG11MINNYY-NYY,90,10,55,yes
1754959224987,1754959224,KXMLBGAME-25AUG11DETCWS-CWS,33,67,191,yes
1754959226298,1754959226,KXMLBGAME-25AUG11WSHKC-KC,56,44,25,yes
1754959228498,1754959228,KXMLBGAME-25AUG11LADLAA-LAD,62,38,8,yes
1754959233366,1754959233,KXMLBGAME-25AUG11COLSTL-COL,21,79,51,yes
1754959236808,1754959236,KXMLBGAME-25AUG11MINNYY-NYY,89,11,112,yes
1754959236808,1754959236,KXMLBGAME-25AUG11MINNYY-NYY,90,10,978,yes
1754959236808,1754959236,KXMLBGAME-25AUG11MINNYY-NYY,90,10,474,yes
1754959237725,1754959237,KXMLBGAME-25AUG11MINNYY-NYY,89,11,16,yes
1754959239459,1754959239,KXMLBGAME-25AUG11SDSF-SD,47,53,205,yes
1754959242175,1754959241,KXMLBGAME-25AUG11AZTEX-TEX,46,54,41,yes
1754959242175,1754959242,KXMLBGAME-25AUG11MINNYY-NYY,89,11,1,yes
1754959243257,1754959243,KXMLBGAME-25AUG11PITMIL-MIL,93,7,53,yes
1754959244359,1754959244,KXMLBGAME-25AUG11WSHKC-WSH,46,54,129,yes
1754959244549,1754959244,KXMLBGAME-25AUG11MINNYY-MIN,12,88,784,yes
1754959247996,1754959247,KXMLBGAME-25AUG11COLSTL-COL,19,81,15,no
1754959250125,1754959250,KXMLBGAME-25AUG11BOSHOU-BOS,76,24,64,yes
1754959250886,1754959250,KXMLBGAME-25AUG11WSHKC-WSH,45,55,8,yes
1754959253050,1754959252,KXMLBGAME-25AUG11AZTEX-TEX,46,54,100,yes
1754959254837,1754959254,KXMLBGAME-25AUG11PITMIL-PIT,8,92,593,yes
1754959258106,1754959258,KXMLBGAME-25AUG11TBATH-ATH,50,50,9,yes
1754959258636,1754959258,KXMLBGAME-25AUG11PITMIL-MIL,92,8,53,no
1754959258719,1754959258,KXMLBGAME-25AUG11MINNYY-NYY,89,11,95,yes
1754959258720,1754959258,KXMLBGAME-25AUG11MINNYY-NYY,89,11,16,yes
1754959258720,1754959258,KXMLBGAME-25AUG11MINNYY-NYY,89,11,1,yes
1754959258917,1754959258,KXMLBGAME-25AUG11WSHKC-WSH,45,55,141,yes
1754959259395,1754959259,KXMLBGAME-25AUG11PITMIL-PIT,7,93,13,no
1754959261335,1754959261,KXMLBGAME-25AUG11SDSF-SF,55,45,82,yes
1754959267657,1754959267,KXMLBGAME-25AUG11PITMIL-MIL,92,8,20,no
1754959269345,1754959269,KXMLBGAME-25AUG11MINNYY-MIN,8,92,13,no
1754959271986,1754959271,KXMLBGAME-25AUG11BOSHOU-HOU,25,75,7,yes
1754959273365,1754959273,KXMLBGAME-25AUG11PITMIL-PIT,8,92,150,yes
1754959275875,1754959275,KXMLBGAME-25AUG11COLSTL-STL,80,20,12,yes
1754959277847,1754959277,KXMLBGAME-25AUG11AZTEX-TEX,47,53,22,yes
1754959277847,1754959277,KXMLBGAME-25AUG11AZTEX-TEX,47,53,594,yes
1754959278777,1754959278,KXMLBGAME-25AUG11BOSHOU-BOS,76,24,1500,yes
1754959279375,1754959279,KXMLBGAME-25AUG11AZTEX-TEX,47,53,205,yes
1754959279508,1754959279,KXMLBGAME-25AUG11WSHKC-KC,56,44,43,yes
1754959279755,1754959279,KXMLBGAME-25AUG11PITMIL-MIL,92,8,73,no
1754959279936,1754959279,KXMLBGAME-25AUG11MINNYY-MIN,10,90,5,yes
1754959284886,1754959284,KXMLBGAME-25AUG11DETCWS-DET,69,31,32,yes
1754959284985,1754959284,KXMLBGAME-25AUG11COLSTL-STL,80,20,58,yes
1754959284985,1754959284,KXMLBGAME-25AUG11COLSTL-STL,80,20,177,yes
1754959286187,1754959286,KXMLBGAME-25AUG11DETCWS-DET,69,31,112,yes
1754959286187,1754959286,KXMLBGAME-25AUG11DETCWS-DET,69,31,29,yes
1754959289485,1754959289,KXMLBGAME-25AUG11MINNYY-MIN,8,92,39,no
1754959290795,1754959290,KXMLBGAME-25AUG11MINNYY-MIN,10,90,47,yes
1754959301726,1754959301,KXMLBGAME-25AUG11DETCWS-DET,70,30,112,yes
1754959301726,1754959301,KXMLBGAME-25AUG11DETCWS-DET,70,30,250,yes
1754959301726,1754959301,KXMLBGAME-25AUG11DETCWS-DET,70,30,57,yes
1754959303747,1754959303,KXMLBGAME-25AUG11PITMIL-MIL,92,8,36,no
1754959303776,1754959303,KXMLBGAME-25AUG11BOSHOU-BOS,77,23,149,yes
1754959303776,1754959303,KXMLBGAME-25AUG11BOSHOU-BOS,77,23,490,yes
1754959304376,1754959304,KXMLBGAME-25AUG11SDSF-SF,55,45,44,yes
1754959305285,1754959305,KXMLBGAME-25AUG11COLSTL-STL,84,16,58,yes
1754959306541,1754959306,KXMLBGAME-25AUG11AZTEX-AZ,56,44,8,yes
1754959314586,1754959314,KXMLBGAME-25AUG11DETCWS-CWS,31,69,9,yes
1754959317206,1754959317,KXMLBGAME-25AUG11AZTEX-TEX,46,54,10,yes
1754959318076,1754959318,KXMLBGAME-25AUG11WSHKC-WSH,47,53,2,yes
1754959322265,1754959322,KXMLBGAME-25AUG11COLSTL-COL,18,82,103,yes
1754959326986,1754959326,KXMLBGAME-25AUG11MINNYY-MIN,9,91,100,yes
1754959328805,1754959328,KXMLBGAME-25AUG11MINNYY-MIN,9,91,45,yes
1754959329106,1754959328,KXMLBGAME-25AUG11PITMIL-MIL,94,6,481,yes
1754959330350,1754959330,KXMLBGAME-25AUG11AZTEX-TEX,46,54,523,yes
1754959331166,1754959331,KXMLBGAME-25AUG11LADLAA-LAD,62,38,7,yes
1754959331969,1754959331,KXMLBGAME-25AUG11BOSHOU-HOU,24,76,19,yes
1754959333056,1754959332,KXMLBGAME-25AUG11AZTEX-TEX,46,54,2094,yes
1754959335160,1754959335,KXMLBGAME-25AUG11WSHKC-WSH,47,53,23,yes
1754959336754,1754959336,KXMLBGAME-25AUG11AZTEX-TEX,47,53,10,yes
1754959343385,1754959343,KXMLBGAME-25AUG11MINNYY-NYY,91,9,100,yes
1754959343408,1754959343,KXMLBGAME-25AUG11COLSTL-STL,84,16,42,yes
1754959343408,1754959343,KXMLBGAME-25AUG11COLSTL-STL,85,15,28,yes
1754959345436,1754959345,KXMLBGAME-25AUG11COLSTL-COL,18,82,50,yes
1754959346095,1754959346,KXMLBGAME-25AUG11BOSHOU-HOU,24,76,38,yes
1754959346095,1754959346,KXMLBGAME-25AUG11BOSHOU-HOU,24,76,460,yes
1754959346697,1754959346,KXMLBGAME-25AUG11PITMIL-MIL,95,5,104,yes
1754959348546,1754959348,KXMLBGAME-25AUG11SDSF-SD,47,53,6,yes
1754959349476,1754959349,KXMLBGAME-25AUG11LADLAA-LAD,62,38,15,yes
1754959350796,1754959350,KXMLBGAME-25AUG11WSHKC-KC,54,46,176,yes
1754959350796,1754959350,KXMLBGAME-25AUG11WSHKC-KC,55,45,56,yes
1754959351370,1754959351,KXMLBGAME-25AUG11MINNYY-MIN,8,92,23,yes
1754959352355,1754959352,KXMLBGAME-25AUG11AZTEX-AZ,59,41,11,yes
1754959352756,1754959352,KXMLBGAME-25AUG11WSHKC-WSH,47,53,205,yes
1754959353405,1754959353,KXMLBGAME-25AUG11AZTEX-TEX,44,56,3000,no
1754959353486,1754959353,KXMLBGAME-25AUG11AZTEX-TEX,44,56,112,no
1754959354545,1754959354,KXMLBGAME-25AUG11COLSTL-COL,18,82,5,yes
1754959354635,1754959354,KXMLBGAME-25AUG11COLSTL-COL,18,82,52,yes
1754959354824,1754959354,KXMLBGAME-25AUG11COLSTL-STL,85,15,34,yes
1754959355077,1754959354,KXMLBGAME-25AUG11WSHKC-WSH,47,53,2770,yes
1754959355077,1754959354,KXMLBGAME-25AUG11WSHKC-WSH,48,52,72,yes
1754959355077,1754959354,KXMLBGAME-25AUG11WSHKC-WSH,48,52,11,yes
1754959355077,1754959354,KXMLBGAME-25AUG11WSHKC-WSH,48,52,400,yes
1754959355077,1754959354,KXMLBGAME-25AUG11WSHKC-WSH,48,52,200,yes
1754959355077,1754959354,KXMLBGAME-25AUG11WSHKC-WSH,48,52,714,yes
1754959355227,1754959355,KXMLBGAME-25AUG11WSHKC-WSH,48,52,184,yes
1754959355307,1754959355,KXMLBGAME-25AUG11WSHKC-KC,53,47,20,no
1754959355307,1754959355,KXMLBGAME-25AUG11WSHKC-KC,52,48,51,no
1754959355307,1754959355,KXMLBGAME-25AUG11WSHKC-KC,52,48,11,no
1754959355307,1754959355,KXMLBGAME-25AUG11WSHKC-KC,52,48,1500,no
1754959358497,1754959358,KXMLBGAME-25AUG11WSHKC-WSH,47,53,3000,yes
1754959358737,1754959358,KXMLBGAME-25AUG11WSHKC-WSH,48,52,47,yes
1754959358737,1754959358,KXMLBGAME-25AUG11WSHKC-WSH,49,51,1453,yes
1754959359125,1754959359,KXMLBGAME-25AUG11BOSHOU-HOU,24,76,527,yes
1754959362796,1754959362,KXMLBGAME-25AUG11BOSHOU-HOU,25,75,4,yes
1754959366797,1754959366,KXMLBGAME-25AUG11DETCWS-DET,70,30,42,yes
1754959366897,1754959366,KXMLBGAME-25AUG11COLSTL-STL,85,15,50,yes
1754959366897,1754959366,KXMLBGAME-25AUG11COLSTL-STL,85,15,66,yes
1754959371435,1754959371,KXMLBGAME-25AUG11LADLAA-LAD,62,38,39,yes
1754959372257,1754959372,KXMLBGAME-25AUG11MINNYY-MIN,8,92,117,yes
1754959372585,1754959372,KXMLBGAME-25AUG11BOSHOU-HOU,24,76,11,yes
1754959373805,1754959373,KXMLBGAME-25AUG11BOSHOU-HOU,24,76,10,yes
1754959377865,1754959377,KXMLBGAME-25AUG11LADLAA-LAA,39,61,245,yes
1754959380718,1754959380,KXMLBGAME-25AUG11TBATH-ATH,50,50,48,yes
1754959383564,1754959383,KXMLBGAME-25AUG11MINNYY-MIN,8,92,152,yes
1754959387716,1754959387,KXMLBGAME-25AUG11WSHKC-KC,47,53,102,yes
1754959393746,1754959393,KXMLBGAME-25AUG11AZTEX-TEX,38,62,100,yes
1754959394095,1754959394,KXMLBGAME-25AUG11BOSHOU-HOU,24,76,100,yes
1754959395736,1754959395,KXMLBGAME-25AUG11WSHKC-WSH,54,46,250,yes
1754959395736,1754959395,KXMLBGAME-25AUG11WSHKC-WSH,54,46,20,yes
1754959396315,1754959396,KXMLBGAME-25AUG11PITMIL-MIL,95,5,1,yes
1754959400085,1754959400,KXMLBGAME-25AUG11WSHKC-KC,47,53,98,yes
1754959400085,1754959400,KXMLBGAME-25AUG11WSHKC-KC,47,53,400,yes
1754959400085,1754959400,KXMLBGAME-25AUG11WSHKC-KC,48,52,112,yes
1754959400086,1754959400,KXMLBGAME-25AUG11WSHKC-KC,48,52,3000,yes
1754959402386,1754959402,KXMLBGAME-25AUG11PITMIL-PIT,8,92,58,yes
1754959410597,1754959410,KXMLBGAME-25AUG11AZTEX-TEX,40,60,44,yes
1754959410597,1754959410,KXMLBGAME-25AUG11AZTEX-TEX,40,60,260,yes
1754959411664,1754959411,KXMLBGAME-25AUG11MINNYY-MIN,8,92,23,yes
1754959412089,1754959411,KXMLBGAME-25AUG11AZTEX-TEX,40,60,71,yes
1754959412944,1754959412,KXMLBGAME-25AUG11MINNYY-MIN,8,92,11,yes
1754959413567,1754959413,KXMLBGAME-25AUG11SDSF-SF,55,45,19,yes
1754959414855,1754959414,KXMLBGAME-25AUG11DETCWS-DET,72,28,68,yes
1754959415846,1754959415,KXMLBGAME-25AUG11DETCWS-DET,72,28,5,yes
1754959416095,1754959416,KXMLBGAME-25AUG11PITMIL-PIT,7,93,38,no
1754959416645,1754959416,KXMLBGAME-25AUG11MINNYY-MIN,6,94,296,no
1754959416645,1754959416,KXMLBGAME-25AUG11MINNYY-MIN,6,94,855,no
1754959420296,1754959420,KXMLBGAME-25AUG11COLSTL-STL,85,15,58,yes
1754959423049,1754959422,KXMLBGAME-25AUG11WSHKC-WSH,54,46,358,yes
1754959424776,1754959424,KXMLBGAME-25AUG11AZTEX-TEX,39,61,1,yes
1754959425778,1754959425,KXMLBGAME-25AUG11WSHKC-KC,48,52,3000,yes
1754959425778,1754959425,KXMLBGAME-25AUG11WSHKC-KC,48,52,112,yes
1754959426963,1754959426,KXMLBGAME-25AUG11PITMIL-MIL,93,7,6,yes
1754959427648,1754959427,KXMLBGAME-25AUG11PITMIL-PIT,9,91,104,yes
1754959428172,1754959427,KXMLBGAME-25AUG11BOSHOU-BOS,79,21,12,yes
1754959429566,1754959429,KXMLBGAME-25AUG11COLSTL-STL,85,15,331,yes
1754959429859,1754959429,KXMLBGAME-25AUG11MINNYY-MIN,8,92,5,yes
1754959430274,1754959430,KXMLBGAME-25AUG11AZTEX-TEX,39,61,1,yes
1754959430575,1754959430,KXMLBGAME-25AUG11SDSF-SF,55,45,8,yes
1754959431246,1754959431,KXMLBGAME-25AUG11SDSF-SD,47,53,20,yes
1754959431379,1754959431,KXMLBGAME-25AUG11AZTEX-TEX,39,61,2,yes
1754959431606,1754959431,KXMLBGAME-25AUG11PITMIL-MIL,93,7,7,yes
1754959432205,1754959432,KXMLBGAME-25AUG11SDSF-SD,47,53,6,yes
1754959434236,1754959434,KXMLBGAME-25AUG11MINNYY-MIN,8,92,58,yes
1754959434541,1754959434,KXMLBGAME-25AUG11BOSHOU-BOS,79,21,6,yes
1754959434541,1754959434,KXMLBGAME-25AUG11COLSTL-COL,17,83,59,no
1754959437176,1754959437,KXMLBGAME-25AUG11PITMIL-PIT,9,91,10,yes
1754959440926,1754959440,KXMLBGAME-25AUG11DETCWS-DET,72,28,6,no
1754959440926,1754959440,KXMLBGAME-25AUG11DETCWS-DET,72,28,9,no
1754959442581,1754959442,KXMLBGAME-25AUG11LADLAA-LAA,39,61,12,yes
1754959443107,1754959442,KXMLBGAME-25AUG11BOSHOU-BOS,79,21,122,yes
1754959443476,1754959443,KXMLBGAME-25AUG11COLSTL-COL,17,83,41,no
1754959443847,1754959443,KXMLBGAME-25AUG11MINNYY-MIN,6,94,22,no
1754959443847,1754959443,KXMLBGAME-25AUG11MINNYY-MIN,6,94,48,no
1754959446295,1754959446,KXMLBGAME-25AUG11COLSTL-COL,16,84,5,yes
1754959446795,1754959446,KXMLBGAME-25AUG11MINNYY-NYY,94,6,1,yes
1754959447496,1754959447,KXMLBGAME-25AUG11LADLAA-LAD,62,38,14,yes
1754959448556,1754959448,KXMLBGAME-25AUG11WSHKC-KC,47,53,112,yes
1754959448556,1754959448,KXMLBGAME-25AUG11WSHKC-KC,47,53,3000,yes
1754959457980,1754959457,KXMLBGAME-25AUG11COLSTL-STL,86,14,5,yes
1754959458177,1754959458,KXMLBGAME-25AUG11DETCWS-DET,73,27,11,yes
1754959458691,1754959458,KXMLBGAME-25AUG11PITMIL-MIL,93,7,187,yes
1754959458691,1754959458,KXMLBGAME-25AUG11PITMIL-MIL,93,7,398,yes
1754959461898,1754959461,KXMLBGAME-25AUG11BOSHOU-HOU,24,76,7,yes
1754959463243,1754959463,KXMLBGAME-25AUG11DETCWS-CWS,28,72,17,yes
1754959464815,1754959464,KXMLBGAME-25AUG11COLSTL-COL,16,84,59,yes
1754959465035,1754959465,KXMLBGAME-25AUG11BOSHOU-HOU,24,76,19,yes
1754959470674,1754959470,KXMLBGAME-25AUG11SDSF-SD,47,53,100,yes
1754959470851,1754959470,KXMLBGAME-25AUG11WSHKC-KC,48,52,105,yes
1754959470851,1754959470,KXMLBGAME-25AUG11WSHKC-KC,48,52,3000,yes
1754959474405,1754959474,KXMLBGAME-25AUG11AZTEX-AZ,65,35,10,yes
1754959475285,1754959475,KXMLBGAME-25AUG11DETCWS-DET,73,27,40,yes
1754959477205,1754959477,KXMLBGAME-25AUG11AZTEX-AZ,65,35,40,yes
1754959477206,1754959477,KXMLBGAME-25AUG11AZTEX-AZ,67,33,200,yes
1754959477206,1754959477,KXMLBGAME-25AUG11AZTEX-AZ,69,31,60,yes
1754959477206,1754959477,KXMLBGAME-25AUG11AZTEX-AZ,73,27,100,yes
1754959477206,1754959477,KXMLBGAME-25AUG11AZTEX-AZ,73,27,40,yes
1754959477206,1754959477,KXMLBGAME-25AUG11AZTEX-AZ,75,25,100,yes
1754959477676,1754959477,KXMLBGAME-25AUG11AZTEX-AZ,74,26,40,yes
1754959477719,1754959477,KXMLBGAME-25AUG11AZTEX-TEX,26,74,40,no
1754959478766,1754959478,KXMLBGAME-25AUG11MINNYY-MIN,15,85,10,yes
1754959478935,1754959478,KXMLBGAME-25AUG11DETCWS-DET,72,28,7,no
1754959479067,1754959479,KXMLBGAME-25AUG11WSHKC-KC,47,53,6,yes
1754959480305,1754959480,KXMLBGAME-25AUG11WSHKC-WSH,55,45,17,yes
1754959483565,1754959483,KXMLBGAME-25AUG11AZTEX-TEX,18,82,30,yes
1754959483656,1754959483,KXMLBGAME-25AUG11PITMIL-PIT,7,93,1500,no
1754959484005,1754959483,KXMLBGAME-25AUG11PITMIL-PIT,7,93,1200,no
1754959484398,1754959484,KXMLBGAME-25AUG11PITMIL-PIT,8,92,1,yes
1754959484547,1754959484,KXMLBGAME-25AUG11AZTEX-AZ,78,22,6,yes
1754959484565,1754959484,KXMLBGAME-25AUG11COLSTL-COL,16,84,59,yes
1754959484935,1754959484,KXMLBGAME-25AUG11COLSTL-STL,84,16,3000,no
1754959484935,1754959484,KXMLBGAME-25AUG11COLSTL-STL,83,17,61,no
1754959484935,1754959484,KXMLBGAME-25AUG11COLSTL-STL,83,17,1,no
1754959485105,1754959485,KXMLBGAME-25AUG11COLSTL-STL,83,17,46,no
1754959486876,1754959486,KXMLBGAME-25AUG11MINNYY-MIN,15,85,12,yes
1754959486895,1754959486,KXMLBGAME-25AUG11WSHKC-WSH,53,47,1000,no
1754959487976,1754959487,KXMLBGAME-25AUG11COLSTL-STL,83,17,1823,no
1754959488956,1754959488,KXMLBGAME-25AUG11COLSTL-COL,20,80,35,yes
1754959489306,1754959489,KXMLBGAME-25AUG11COLSTL-STL,80,20,465,yes
1754959489536,1754959489,KXMLBGAME-25AUG11WSHKC-KC,49,51,9,yes
1754959489936,1754959489,KXMLBGAME-25AUG11AZTEX-AZ,78,22,3,yes
1754959489985,1754959489,KXMLBGAME-25AUG11PITMIL-MIL,92,8,8,no
1754959490146,1754959490,KXMLBGAME-25AUG11COLSTL-STL,80,20,437,yes
1754959491017,1754959490,KXMLBGAME-25AUG11COLSTL-STL,80,20,433,yes
1754959491097,1754959490,KXMLBGAME-25AUG11COLSTL-COL,20,80,473,no
1754959493848,1754959493,KXMLBGAME-25AUG11AZTEX-AZ,76,24,330,no
1754959496246,1754959496,KXMLBGAME-25AUG11MINNYY-NYY,88,12,100,no
1754959496255,1754959496,KXMLBGAME-25AUG11MINNYY-MIN,14,86,100,no
1754959496274,1754959496,KXMLBGAME-25AUG11MINNYY-MIN,14,86,100,no
1754959497506,1754959497,KXMLBGAME-25AUG11WSHKC-KC,49,51,3000,yes
1754959497506,1754959497,KXMLBGAME-25AUG11WSHKC-KC,49,51,79,yes
1754959497524,1754959497,KXMLBGAME-25AUG11AZTEX-TEX,23,77,1,yes
1754959498226,1754959498,KXMLBGAME-25AUG11AZTEX-AZ,78,22,5,yes
1754959500641,1754959500,KXMLBGAME-25AUG11MINNYY-MIN,15,85,50,yes
1754959503156,1754959503,KXMLBGAME-25AUG11WSHKC-WSH,53,47,1000,yes
1754959503565,1754959503,KXMLBGAME-25AUG11SDSF-SD,47,53,10,yes
1754959503896,1754959503,KXMLBGAME-25AUG11AZTEX-TEX,22,78,486,no
1754959504136,1754959504,KXMLBGAME-25AUG11AZTEX-TEX,22,78,486,no
1754959505527,1754959505,KXMLBGAME-25AUG11COLSTL-COL,21,79,4,yes
1754959505836,1754959505,KXMLBGAME-25AUG11DETCWS-CWS,28,72,17,yes
1754959506755,1754959506,KXMLBGAME-25AUG11MINNYY-NYY,85,15,27,no
1754959507365,1754959507,KXMLBGAME-25AUG11PITMIL-PIT,7,93,600,no
1754959508984,1754959508,KXMLBGAME-25AUG11DETCWS-DET,73,27,5,yes
1754959510043,1754959509,KXMLBGAME-25AUG11PITMIL-MIL,94,6,10,yes
1754959510954,1754959510,KXMLBGAME-25AUG11LADLAA-LAD,62,38,190,yes
1754959512287,1754959512,KXMLBGAME-25AUG11WSHKC-WSH,51,49,3000,no
1754959512872,1754959512,KXMLBGAME-25AUG11WSHKC-KC,50,50,59,yes
1754959512886,1754959512,KXMLBGAME-25AUG11WSHKC-WSH,50,50,59,no
1754959513047,1754959513,KXMLBGAME-25AUG11WSHKC-KC,50,50,30,yes
1754959513047,1754959513,KXMLBGAME-25AUG11WSHKC-WSH,50,50,30,no
1754959513419,1754959513,KXMLBGAME-25AUG11WSHKC-KC,50,50,15,yes
1754959513436,1754959513,KXMLBGAME-25AUG11WSHKC-WSH,50,50,15,no
1754959513625,1754959513,KXMLBGAME-25AUG11WSHKC-WSH,49,51,1500,no
1754959514075,1754959514,KXMLBGAME-25AUG11PITMIL-PIT,7,93,255,no
1754959515825,1754959515,KXMLBGAME-25AUG11WSHKC-WSH,53,47,1000,yes
1754959517950,1754959517,KXMLBGAME-25AUG11AZTEX-TEX,22,78,145,no
1754959518357,1754959518,KXMLBGAME-25AUG11BOSHOU-BOS,79,21,80,yes
1754959518552,1754959518,KXMLBGAME-25AUG11LADLAA-LAD,62,38,8,yes
1754959519858,1754959519,KXMLBGAME-25AUG11PITMIL-MIL,93,7,24,yes
1754959522069,1754959521,KXMLBGAME-25AUG11COLSTL-COL,21,79,90,yes
1754959525479,1754959525,KXMLBGAME-25AUG11MINNYY-MIN,15,85,50,yes
1754959526057,1754959525,KXMLBGAME-25AUG11MINNYY-NYY,85,15,23,no
1754959528236,1754959528,KXMLBGAME-25AUG11MINNYY-NYY,85,15,11,no
1754959528455,1754959528,KXMLBGAME-25AUG11BOSHOU-HOU,23,77,172,no
1754959529545,1754959529,KXMLBGAME-25AUG11WSHKC-KC,56,44,6,yes
1754959533155,1754959533,KXMLBGAME-25AUG11AZTEX-TEX,24,76,197,yes
1754959533826,1754959533,KXMLBGAME-25AUG11BOSHOU-HOU,23,77,1500,no
1754959534065,1754959534,KXMLBGAME-25AUG11AZTEX-TEX,22,78,21,no
1754959534551,1754959534,KXMLBGAME-25AUG11BOSHOU-HOU,23,77,78,no
1754959536386,1754959536,KXMLBGAME-25AUG11AZTEX-TEX,22,78,121,no
1754959537905,1754959537,KXMLBGAME-25AUG11MINNYY-MIN,15,85,28,yes
1754959537905,1754959537,KXMLBGAME-25AUG11MINNYY-MIN,15,85,34,yes
1754959538638,1754959538,KXMLBGAME-25AUG11WSHKC-KC,56,44,10,yes
1754959540065,1754959540,KXMLBGAME-25AUG11MINNYY-NYY,82,18,63,no
1754959542336,1754959542,KXMLBGAME-25AUG11WSHKC-WSH,45,55,100,yes
1754959543515,1754959543,KXMLBGAME-25AUG11WSHKC-KC,55,45,1500,no
1754959543524,1754959543,KXMLBGAME-25AUG11AZTEX-TEX,24,76,7,yes
1754959544385,1754959544,KXMLBGAME-25AUG11BOSHOU-HOU,21,79,13,yes
1754959545076,1754959545,KXMLBGAME-25AUG11DETCWS-CWS,28,72,17,yes
1754959545274,1754959545,KXMLBGAME-25AUG11COLSTL-COL,20,80,112,no
1754959548806,1754959548,KXMLBGAME-25AUG11DETCWS-DET,73,27,65,yes
1754959550086,1754959550,KXMLBGAME-25AUG11DETCWS-DET,72,28,26,no
1754959551605,1754959551,KXMLBGAME-25AUG11MINNYY-MIN,15,85,1,yes
1754959552595,1754959552,KXMLBGAME-25AUG11MINNYY-MIN,15,85,94,yes
1754959556997,1754959556,KXMLBGAME-25AUG11MINNYY-MIN,15,85,31,yes
1754959558098,1754959558,KXMLBGAME-25AUG11AZTEX-AZ,78,22,30,yes
1754959558686,1754959558,KXMLBGAME-25AUG11AZTEX-TEX,22,78,1500,no
1754959559071,1754959559,KXMLBGAME-25AUG11MINNYY-NYY,83,17,258,no
1754959562940,1754959562,KXMLBGAME-25AUG11MINNYY-MIN,15,85,18,yes
1754959563794,1754959563,KXMLBGAME-25AUG11DETCWS-CWS,31,69,46,yes
1754959565536,1754959565,KXMLBGAME-25AUG11PITMIL-MIL,93,7,10,yes
1754959565586,1754959565,KXMLBGAME-25AUG11AZTEX-TEX,19,81,112,no
1754959565586,1754959565,KXMLBGAME-25AUG11AZTEX-TEX,19,81,50,no
1754959565665,1754959565,KXMLBGAME-25AUG11COLSTL-COL,20,80,23,yes
1754959566867,1754959566,KXMLBGAME-25AUG11WSHKC-WSH,45,55,3000,yes
1754959566867,1754959566,KXMLBGAME-25AUG11WSHKC-WSH,46,54,112,yes
1754959566867,1754959566,KXMLBGAME-25AUG11WSHKC-WSH,47,53,1117,yes
1754959572256,1754959572,KXMLBGAME-25AUG11MINNYY-MIN,15,85,157,yes
1754959572286,1754959572,KXMLBGAME-25AUG11WSHKC-WSH,45,55,116,yes
1754959572841,1754959572,KXMLBGAME-25AUG11AZTEX-TEX,21,79,22,yes
1754959573295,1754959573,KXMLBGAME-25AUG11WSHKC-WSH,45,55,44,yes
1754959573765,1754959573,KXMLBGAME-25AUG11AZTEX-AZ,80,20,6,yes
1754959574847,1754959574,KXMLBGAME-25AUG11BOSHOU-HOU,21,79,69,yes
1754959579325,1754959579,KXMLBGAME-25AUG11BOSHOU-HOU,21,79,9,yes
1754959579455,1754959579,KXMLBGAME-25AUG11AZTEX-TEX,20,80,154,no
1754959582056,1754959582,KXMLBGAME-25AUG11PITMIL-PIT,8,92,23,yes
1754959582710,1754959582,KXMLBGAME-25AUG11LADLAA-LAD,62,38,8,yes
1754959585184,1754959585,KXMLBGAME-25AUG11AZTEX-AZ,80,20,6,yes
1754959595026,1754959594,KXMLBGAME-25AUG11PITMIL-MIL,93,7,26,yes
1754959595494,1754959595,KXMLBGAME-25AUG11BOSHOU-HOU,21,79,22,yes
1754959595875,1754959595,KXMLBGAME-25AUG11PITMIL-PIT,7,93,26,no
1754959596723,1754959596,KXMLBGAME-25AUG11MINNYY-MIN,15,85,6,yes
1754959597096,1754959597,KXMLBGAME-25AUG11COLSTL-COL,25,75,19,yes
1754959598597,1754959598,KXMLBGAME-25AUG11MINNYY-MIN,14,86,302,no
1754959600046,1754959600,KXMLBGAME-25AUG11PITMIL-MIL,93,7,10,yes
1754959600894,1754959600,KXMLBGAME-25AUG11PITMIL-MIL,93,7,39,yes
1754959606656,1754959606,KXMLBGAME-25AUG11MINNYY-NYY,85,15,90,yes
1754959606656,1754959606,KXMLBGAME-25AUG11MINNYY-NYY,86,14,73,yes
1754959607459,1754959607,KXMLBGAME-25AUG11PITMIL-MIL,93,7,135,yes
1754959607859,1754959607,KXMLBGAME-25AUG11WSHKC-WSH,42,58,112,yes
1754959607859,1754959607,KXMLBGAME-25AUG11WSHKC-WSH,43,57,250,yes
1754959607859,1754959607,KXMLBGAME-25AUG11WSHKC-WSH,43,57,750,yes
1754959607859,1754959607,KXMLBGAME-25AUG11WSHKC-WSH,43,57,400,yes
1754959607859,1754959607,KXMLBGAME-25AUG11WSHKC-WSH,44,56,400,yes
1754959607859,1754959607,KXMLBGAME-25AUG11WSHKC-WSH,44,56,200,yes
1754959607859,1754959607,KXMLBGAME-25AUG11WSHKC-WSH,45,55,200,yes
1754959607859,1754959607,KXMLBGAME-25AUG11WSHKC-WSH,45,55,319,yes
1754959608376,1754959608,KXMLBGAME-25AUG11MINNYY-MIN,15,85,31,yes
1754959612351,1754959612,KXMLBGAME-25AUG11WSHKC-KC,59,41,8000,yes
1754959612749,1754959612,KXMLBGAME-25AUG11LADLAA-LAA,39,61,98,yes
1754959614435,1754959614,KXMLBGAME-25AUG11COLSTL-STL,75,25,5,yes
1754959614856,1754959614,KXMLBGAME-25AUG11DETCWS-DET,72,28,27,yes
1754959615666,1754959615,KXMLBGAME-25AUG11SDSF-SF,55,45,88,yes
1754959619196,1754959619,KXMLBGAME-25AUG11WSHKC-KC,60,40,95,yes
1754959619856,1754959619,KXMLBGAME-25AUG11WSHKC-KC,59,41,25,yes
1754959620495,1754959620,KXMLBGAME-25AUG11WSHKC-WSH,43,57,10,yes
1754959621996,1754959621,KXMLBGAME-25AUG11BOSHOU-BOS,81,19,1,yes
1754959621996,1754959621,KXMLBGAME-25AUG11BOSHOU-BOS,82,18,21,yes
1754959622626,1754959622,KXMLBGAME-25AUG11PITMIL-MIL,93,7,9,yes
1754959623136,1754959623,KXMLBGAME-25AUG11SDSF-SD,47,53,10,yes
1754959625595,1754959625,KXMLBGAME-25AUG11WSHKC-WSH,43,57,102,yes
1754959625595,1754959625,KXMLBGAME-25AUG11WSHKC-WSH,43,57,10,yes
1754959625595,1754959625,KXMLBGAME-25AUG11WSHKC-WSH,44,56,400,yes
1754959625595,1754959625,KXMLBGAME-25AUG11WSHKC-WSH,44,56,200,yes
1754959625595,1754959625,KXMLBGAME-25AUG11WSHKC-WSH,44,56,31,yes
1754959626056,1754959626,KXMLBGAME-25AUG11DETCWS-CWS,28,72,1,no
1754959627554,1754959627,KXMLBGAME-25AUG11WSHKC-WSH,40,60,1,no
1754959627554,1754959627,KXMLBGAME-25AUG11WSHKC-WSH,40,60,28,no
1754959629865,1754959629,KXMLBGAME-25AUG11SDSF-SD,47,53,14,yes
1754959634535,1754959634,KXMLBGAME-25AUG11BOSHOU-HOU,22,78,63,yes
1754959634535,1754959634,KXMLBGAME-25AUG11BOSHOU-HOU,22,78,135,yes
1754959635267,1754959635,KXMLBGAME-25AUG11WSHKC-KC,58,42,650,yes
1754959637216,1754959637,KXMLBGAME-25AUG11COLSTL-STL,76,24,38,yes
1754959641096,1754959641,KXMLBGAME-25AUG11AZTEX-TEX,21,79,7,yes
1754959645126,1754959645,KXMLBGAME-25AUG11BOSHOU-HOU,22,78,5,yes
1754959645126,1754959645,KXMLBGAME-25AUG11BOSHOU-HOU,22,78,14,yes
1754959647389,1754959647,KXMLBGAME-25AUG11PITMIL-MIL,93,7,2,yes
1754959647535,1754959647,KXMLBGAME-25AUG11WSHKC-WSH,40,60,141,no
1754959651595,1754959651,KXMLBGAME-25AUG11MINNYY-MIN,15,85,314,yes
1754959657385,1754959657,KXMLBGAME-25AUG11AZTEX-TEX,21,79,2,yes
1754959658455,1754959658,KXMLBGAME-25AUG11SDSF-SD,47,53,10,yes
1754959659116,1754959659,KXMLBGAME-25AUG11PITMIL-PIT,7,93,500,no
1754959662884,1754959662,KXMLBGAME-25AUG11COLSTL-COL,25,75,49,yes
1754959670257,1754959670,KXMLBGAME-25AUG11MINNYY-MIN,15,85,2,yes
1754959670257,1754959670,KXMLBGAME-25AUG11MINNYY-MIN,15,85,432,yes
1754959670918,1754959670,KXMLBGAME-25AUG11MINNYY-MIN,15,85,6,yes
1754959672166,1754959672,KXMLBGAME-25AUG11AZTEX-AZ,80,20,22,yes
1754959673086,1754959672,KXMLBGAME-25AUG11MINNYY-MIN,15,85,51,yes
1754959673667,1754959673,KXMLBGAME-25AUG11DETCWS-DET,71,29,1500,no
1754959674886,1754959674,KXMLBGAME-25AUG11PITMIL-MIL,92,8,73,no
1754959676287,1754959676,KXMLBGAME-25AUG11BOSHOU-HOU,22,78,21,yes
1754959676908,1754959676,KXMLBGAME-25AUG11TBATH-ATH,50,50,9,yes
1754959677776,1754959677,KXMLBGAME-25AUG11BOSHOU-HOU,22,78,107,yes
1754959680118,1754959680,KXMLBGAME-25AUG11WSHKC-WSH,43,57,20,yes
1754959680350,1754959680,KXMLBGAME-25AUG11AZTEX-AZ,80,20,61,yes
1754959682845,1754959682,KXMLBGAME-25AUG11MINNYY-MIN,13,87,117,no
1754959689867,1754959689,KXMLBGAME-25AUG11MINNYY-MIN,15,85,34,yes
1754959690386,1754959690,KXMLBGAME-25AUG11AZTEX-AZ,80,20,5,yes
1754959690386,1754959690,KXMLBGAME-25AUG11AZTEX-AZ,82,18,1,yes
1754959690386,1754959690,KXMLBGAME-25AUG11AZTEX-AZ,84,16,100,yes
1754959690386,1754959690,KXMLBGAME-25AUG11AZTEX-AZ,85,15,20,yes
1754959690429,1754959690,KXMLBGAME-25AUG11WSHKC-KC,58,42,575,yes
1754959690429,1754959690,KXMLBGAME-25AUG11WSHKC-KC,58,42,1099,yes
1754959695510,1754959695,KXMLBGAME-25AUG11MINNYY-MIN,15,85,3,yes
1754959696456,1754959696,KXMLBGAME-25AUG11WSHKC-KC,58,42,8,yes
1754959699694,1754959699,KXMLBGAME-25AUG11PITMIL-MIL,93,7,10,yes
1754959701226,1754959701,KXMLBGAME-25AUG11COLSTL-COL,25,75,19,yes
1754959701995,1754959701,KXMLBGAME-25AUG11WSHKC-KC,57,43,1582,yes
1754959703195,1754959703,KXMLBGAME-25AUG11AZTEX-AZ,86,14,100,no
1754959703195,1754959703,KXMLBGAME-25AUG11AZTEX-TEX,17,83,100,no
1754959703235,1754959703,KXMLBGAME-25AUG11DETCWS-CWS,32,68,1000,yes
1754959703554,1754959703,KXMLBGAME-25AUG11AZTEX-TEX,14,86,100,no
1754959706495,1754959706,KXMLBGAME-25AUG11AZTEX-AZ,90,10,1,yes
1754959707829,1754959707,KXMLBGAME-25AUG11MINNYY-NYY,85,15,15,no
1754959708669,1754959708,KXMLBGAME-25AUG11AZTEX-AZ,90,10,19,yes
1754959708669,1754959708,KXMLBGAME-25AUG11AZTEX-AZ,90,10,91,yes
1754959708856,1754959708,KXMLBGAME-25AUG11BOSHOU-HOU,22,78,131,yes
1754959708856,1754959708,KXMLBGAME-25AUG11WSHKC-KC,59,41,24,yes
1754959710770,1754959710,KXMLBGAME-25AUG11DETCWS-CWS,32,68,10,yes
1754959712963,1754959712,KXMLBGAME-25AUG11AZTEX-AZ,90,10,56,yes
1754959715460,1754959715,KXMLBGAME-25AUG11MINNYY-MIN,13,87,9,no
1754959721905,1754959721,KXMLBGAME-25AUG11AZTEX-AZ,90,10,22,yes
1754959722007,1754959721,KXMLBGAME-25AUG11PITMIL-MIL,96,4,32,yes
1754959722007,1754959721,KXMLBGAME-25AUG11PITMIL-MIL,96,4,120,yes
1754959723406,1754959723,KXMLBGAME-25AUG11BOSHOU-BOS,79,21,1500,no
1754959724535,1754959724,KXMLBGAME-25AUG11LADLAA-LAA,39,61,50,yes
1754959725873,1754959725,KXMLBGAME-25AUG11BOSHOU-HOU,22,78,27,yes
1754959726125,1754959726,KXMLBGAME-25AUG11MINNYY-NYY,86,14,10,yes
1754959727473,1754959727,KXMLBGAME-25AUG11MINNYY-NYY,86,14,10,yes
1754959728276,1754959728,KXMLBGAME-25AUG11MINNYY-MIN,15,85,7,yes
1754959728896,1754959728,KXMLBGAME-25AUG11MINNYY-MIN,15,85,344,yes
1754959728896,1754959728,KXMLBGAME-25AUG11MINNYY-MIN,15,85,33,yes
1754959729016,1754959728,KXMLBGAME-25AUG11COLSTL-COL,24,76,395,yes
1754959729149,1754959729,KXMLBGAME-25AUG11WSHKC-KC,59,41,166,yes
1754959729149,1754959729,KXMLBGAME-25AUG11WSHKC-KC,59,41,3000,yes
1754959731945,1754959731,KXMLBGAME-25AUG11WSHKC-WSH,43,57,2,yes
1754959732935,1754959732,KXMLBGAME-25AUG11BOSHOU-HOU,22,78,21,yes
1754959732935,1754959732,KXMLBGAME-25AUG11BOSHOU-HOU,22,78,20,yes
1754959732935,1754959732,KXMLBGAME-25AUG11BOSHOU-HOU,22,78,2,yes
1754959733336,1754959733,KXMLBGAME-25AUG11AZTEX-TEX,10,90,46,no
1754959733576,1754959733,KXMLBGAME-25AUG11WSHKC-KC,60,40,1500,yes
1754959735585,1754959735,KXMLBGAME-25AUG11AZTEX-TEX,11,89,17,yes
1754959737436,1754959737,KXMLBGAME-25AUG11BOSHOU-HOU,22,78,43,yes
1754959741456,1754959741,KXMLBGAME-25AUG11TBATH-ATH,50,50,289,yes
1754959742219,1754959742,KXMLBGAME-25AUG11COLSTL-COL,24,76,26,yes
1754959742798,1754959742,KXMLBGAME-25AUG11LADLAA-LAD,62,38,157,yes
1754959743198,1754959743,KXMLBGAME-25AUG11DETCWS-CWS,32,68,5,yes
1754959748335,1754959748,KXMLBGAME-25AUG11COLSTL-COL,24,76,15,yes
1754959751117,1754959751,KXMLBGAME-25AUG11AZTEX-AZ,90,10,20,yes
1754959751606,1754959751,KXMLBGAME-25AUG11MINNYY-NYY,86,14,11,yes
1754959754709,1754959754,KXMLBGAME-25AUG11WSHKC-WSH,37,63,1,yes
1754959754916,1754959754,KXMLBGAME-25AUG11DETCWS-DET,68,32,10,yes
1754959754936,1754959754,KXMLBGAME-25AUG11DETCWS-CWS,31,69,10,no
1754959755978,1754959755,KXMLBGAME-25AUG11PITMIL-PIT,8,92,100,yes
1754959755978,1754959755,KXMLBGAME-25AUG11PITMIL-PIT,8,92,1500,yes
1754959755978,1754959755,KXMLBGAME-25AUG11PITMIL-PIT,8,92,750,yes
1754959755978,1754959755,KXMLBGAME-25AUG11PITMIL-PIT,8,92,250,yes
1754959756896,1754959756,KXMLBGAME-25AUG11BOSHOU-BOS,80,20,30,yes
1754959757626,1754959757,KXMLBGAME-25AUG11AZTEX-TEX,10,90,243,no
1754959763715,1754959763,KXMLBGAME-25AUG11PITMIL-MIL,92,8,42,no
1754959763995,1754959763,KXMLBGAME-25AUG11DETCWS-DET,67,33,400,no
1754959764985,1754959764,KXMLBGAME-25AUG11COLSTL-COL,24,76,39,yes
1754959766275,1754959766,KXMLBGAME-25AUG11TBATH-TB,51,49,947,yes
1754959766327,1754959766,KXMLBGAME-25AUG11COLSTL-COL,24,76,6,yes
1754959768556,1754959768,KXMLBGAME-25AUG11PITMIL-PIT,8,92,14,no
1754959776236,1754959776,KXMLBGAME-25AUG11MINNYY-MIN,14,86,35,yes
1754959777247,1754959777,KXMLBGAME-25AUG11WSHKC-WSH,37,63,249,yes
1754959777247,1754959777,KXMLBGAME-25AUG11WSHKC-WSH,37,63,112,yes
1754959779686,1754959779,KXMLBGAME-25AUG11MINNYY-NYY,86,14,7,no
1754959780025,1754959779,KXMLBGAME-25AUG11PITMIL-MIL,93,7,10,yes
1754959780276,1754959780,KXMLBGAME-25AUG11WSHKC-KC,63,37,7,yes
1754959781265,1754959781,KXMLBGAME-25AUG11WSHKC-WSH,38,62,25,yes
1754959782015,1754959781,KXMLBGAME-25AUG11WSHKC-WSH,38,62,24,yes
1754959783575,1754959783,KXMLBGAME-25AUG11LADLAA-LAD,62,38,15,yes
1754959784788,1754959784,KXMLBGAME-25AUG11AZTEX-AZ,91,9,109,yes
1754959784956,1754959784,KXMLBGAME-25AUG11AZTEX-TEX,10,90,9,no
1754959784956,1754959784,KXMLBGAME-25AUG11AZTEX-TEX,10,90,6,no
1754959785249,1754959785,KXMLBGAME-25AUG11BOSHOU-BOS,80,20,82,yes
1754959785249,1754959785,KXMLBGAME-25AUG11BOSHOU-BOS,80,20,41,yes
1754959785276,1754959785,KXMLBGAME-25AUG11BOSHOU-HOU,21,79,225,yes
1754959785875,1754959785,KXMLBGAME-25AUG11AZTEX-TEX,11,89,1,yes
1754959786045,1754959786,KXMLBGAME-25AUG11MINNYY-MIN,14,86,134,yes
1754959789556,1754959789,KXMLBGAME-25AUG11AZTEX-TEX,9,91,355,no
1754959789556,1754959789,KXMLBGAME-25AUG11AZTEX-TEX,9,91,12,no
1754959789556,1754959789,KXMLBGAME-25AUG11AZTEX-TEX,9,91,107,no
1754959793137,1754959793,KXMLBGAME-25AUG11AZTEX-TEX,9,91,185,no
1754959793315,1754959793,KXMLBGAME-25AUG11WSHKC-WSH,38,62,2,yes
1754959793666,1754959793,KXMLBGAME-25AUG11DETCWS-CWS,32,68,47,yes
1754959793816,1754959793,KXMLBGAME-25AUG11PITMIL-MIL,93,7,60,no
1754959793836,1754959793,KXMLBGAME-25AUG11PITMIL-PIT,8,92,60,no
1754959795146,1754959795,KXMLBGAME-25AUG11AZTEX-TEX,11,89,45,yes
1754959796166,1754959796,KXMLBGAME-25AUG11PITMIL-PIT,8,92,4763,no
1754959797616,1754959797,KXMLBGAME-25AUG11PITMIL-PIT,8,92,2,no
1754959799227,1754959799,KXMLBGAME-25AUG11LADLAA-LAA,39,61,98,yes
1754959799366,1754959799,KXMLBGAME-25AUG11DETCWS-DET,69,31,7,yes
1754959800809,1754959800,KXMLBGAME-25AUG11PITMIL-MIL,95,5,275,yes
1754959801455,1754959801,KXMLBGAME-25AUG11MINNYY-MIN,14,86,134,yes
1754959806479,1754959806,KXMLBGAME-25AUG11AZTEX-AZ,91,9,4,yes
1754959806545,1754959806,KXMLBGAME-25AUG11WSHKC-WSH,38,62,239,yes
1754959807756,1754959807,KXMLBGAME-25AUG11MINNYY-MIN,14,86,67,yes
1754959811860,1754959811,KXMLBGAME-25AUG11BOSHOU-HOU,21,79,121,yes
1754959814361,1754959813,KXMLBGAME-25AUG11PITMIL-PIT,9,91,522,yes
1754959814679,1754959814,KXMLBGAME-25AUG11AZTEX-AZ,91,9,16,yes
1754959815318,1754959814,KXMLBGAME-25AUG11BOSHOU-BOS,80,20,18,yes
1754959815862,1754959815,KXMLBGAME-25AUG11WSHKC-KC,63,37,15,yes
1754959823327,1754959823,KXMLBGAME-25AUG11SDSF-SD,46,54,1,no
1754959824007,1754959823,KXMLBGAME-25AUG11MINNYY-MIN,14,86,20,yes
1754959826095,1754959826,KXMLBGAME-25AUG11PITMIL-MIL,94,6,11,yes
1754959826554,1754959826,KXMLBGAME-25AUG11SDSF-SD,46,54,20,yes
1754959826615,1754959826,KXMLBGAME-25AUG11MINNYY-MIN,14,86,168,yes
1754959826896,1754959826,KXMLBGAME-25AUG11WSHKC-WSH,37,63,102,yes
1754959826896,1754959826,KXMLBGAME-25AUG11WSHKC-WSH,38,62,405,yes
1754959827725,1754959827,KXMLBGAME-25AUG11BOSHOU-HOU,21,79,13,yes
1754959828766,1754959828,KXMLBGAME-25AUG11PITMIL-MIL,94,6,2,yes
1754959831402,1754959831,KXMLBGAME-25AUG11MINNYY-NYY,87,13,1,yes
1754959833735,1754959833,KXMLBGAME-25AUG11AZTEX-TEX,11,89,17,yes
1754959838575,1754959838,KXMLBGAME-25AUG11PITMIL-MIL,94,6,21,yes
1754959842875,1754959842,KXMLBGAME-25AUG11MINNYY-MIN,14,86,100,yes
1754959844605,1754959844,KXMLBGAME-25AUG11MINNYY-MIN,14,86,33,yes
1754959847745,1754959847,KXMLBGAME-25AUG11MINNYY-MIN,14,86,101,yes
1754959849092,1754959849,KXMLBGAME-25AUG11WSHKC-KC,63,37,77,yes
1754959853416,1754959853,KXMLBGAME-25AUG11LADLAA-LAD,62,38,78,yes
1754959856386,1754959856,KXMLBGAME-25AUG11COLSTL-COL,24,76,7,yes
1754959858455,1754959858,KXMLBGAME-25AUG11BOSHOU-BOS,81,19,1,yes
1754959858656,1754959858,KXMLBGAME-25AUG11SDSF-SD,46,54,67,yes
1754959860435,1754959860,KXMLBGAME-25AUG11DETCWS-DET,67,33,23,yes
1754959861286,1754959861,KXMLBGAME-25AUG11PITMIL-MIL,94,6,21,yes
1754959863314,1754959863,KXMLBGAME-25AUG11WSHKC-KC,64,36,7,yes
1754959864750,1754959864,KXMLBGAME-25AUG11PITMIL-PIT,8,92,11,yes
1754959868734,1754959868,KXMLBGAME-25AUG11MINNYY-MIN,14,86,23,yes
1754959871311,1754959871,KXMLBGAME-25AUG11COLSTL-STL,76,24,33,no
1754959871435,1754959871,KXMLBGAME-25AUG11COLSTL-COL,23,77,41,yes
1754959873346,1754959873,KXMLBGAME-25AUG11BOSHOU-HOU,21,79,2641,yes
1754959873605,1754959873,KXMLBGAME-25AUG11BOSHOU-BOS,78,22,1500,no
1754959877286,1754959877,KXMLBGAME-25AUG11AZTEX-AZ,91,9,21,yes
1754959877446,1754959877,KXMLBGAME-25AUG11AZTEX-TEX,9,91,16,no
1754959878354,1754959878,KXMLBGAME-25AUG11LADLAA-LAA,39,61,24,yes
1754959879125,1754959879,KXMLBGAME-25AUG11MINNYY-MIN,14,86,67,yes
1754959880415,1754959880,KXMLBGAME-25AUG11TBATH-ATH,50,50,291,yes
1754959880415,1754959880,KXMLBGAME-25AUG11TBATH-ATH,51,49,4453,yes
1754959881516,1754959881,KXMLBGAME-25AUG11SDSF-SD,46,54,144,yes
1754959882195,1754959882,KXMLBGAME-25AUG11MINNYY-MIN,14,86,22,yes
1754959882195,1754959882,KXMLBGAME-25AUG11MINNYY-MIN,14,86,23,yes
1754959882195,1754959882,KXMLBGAME-25AUG11MINNYY-MIN,14,86,5,yes
1754959882216,1754959882,KXMLBGAME-25AUG11WSHKC-WSH,39,61,40,yes
1754959882265,1754959882,KXMLBGAME-25AUG11WSHKC-WSH,39,61,2,yes
1754959883286,1754959883,KXMLBGAME-25AUG11WSHKC-WSH,39,61,35,yes
1754959883286,1754959883,KXMLBGAME-25AUG11WSHKC-WSH,39,61,15,yes
1754959884245,1754959884,KXMLBGAME-25AUG11DETCWS-CWS,34,66,1012,yes
1754959885346,1754959885,KXMLBGAME-25AUG11MINNYY-MIN,14,86,33,yes
1754959885564,1754959885,KXMLBGAME-25AUG11BOSHOU-HOU,24,76,19,yes
1754959886565,1754959886,KXMLBGAME-25AUG11MINNYY-MIN,14,86,29,yes
1754959886565,1754959886,KXMLBGAME-25AUG11MINNYY-MIN,14,86,4,yes
1754959887798,1754959887,KXMLBGAME-25AUG11COLSTL-STL,81,19,12,yes
1754959892225,1754959892,KXMLBGAME-25AUG11MINNYY-MIN,12,88,12,no
1754959892456,1754959892,KXMLBGAME-25AUG11AZTEX-AZ,91,9,218,yes
1754959896135,1754959896,KXMLBGAME-25AUG11PITMIL-PIT,7,93,25,no
1754959897404,1754959897,KXMLBGAME-25AUG11MINNYY-MIN,15,85,6,yes
1754959897906,1754959897,KXMLBGAME-25AUG11MINNYY-MIN,15,85,6,yes
1754959900605,1754959900,KXMLBGAME-25AUG11TBATH-ATH,51,49,56,yes
1754959900986,1754959900,KXMLBGAME-25AUG11AZTEX-TEX,11,89,42,yes
1754959901735,1754959901,KXMLBGAME-25AUG11MINNYY-MIN,15,85,18,yes
1754959903356,1754959903,KXMLBGAME-25AUG11AZTEX-AZ,90,10,100,no
1754959903356,1754959903,KXMLBGAME-25AUG11AZTEX-AZ,90,10,1400,no
1754959907960,1754959907,KXMLBGAME-25AUG11MINNYY-MIN,15,85,264,yes
1754959909054,1754959908,KXMLBGAME-25AUG11MINNYY-MIN,15,85,106,yes
1754959909054,1754959908,KXMLBGAME-25AUG11MINNYY-MIN,15,85,321,yes
1754959910573,1754959910,KXMLBGAME-25AUG11MINNYY-MIN,15,85,31,yes
1754959910852,1754959910,KXMLBGAME-25AUG11AZTEX-TEX,11,89,129,yes
1754959911959,1754959911,KXMLBGAME-25AUG11AZTEX-AZ,91,9,107,yes
1754959912450,1754959912,KXMLBGAME-25AUG11LADLAA-LAD,62,38,3158,yes
1754959922787,1754959922,KXMLBGAME-25AUG11WSHKC-WSH,40,60,30,yes
1754959925797,1754959925,KXMLBGAME-25AUG11WSHKC-WSH,40,60,153,yes
1754959926025,1754959925,KXMLBGAME-25AUG11PITMIL-MIL,94,6,20,yes
1754959927028,1754959926,KXMLBGAME-25AUG11PITMIL-PIT,7,93,33,yes
1754959927325,1754959927,KXMLBGAME-25AUG11BOSHOU-HOU,24,76,15,yes
1754959927425,1754959927,KXMLBGAME-25AUG11WSHKC-KC,61,39,255,yes
1754959927426,1754959927,KXMLBGAME-25AUG11SDSF-SD,46,54,460,yes
1754959931467,1754959931,KXMLBGAME-25AUG11WSHKC-KC,61,39,39,yes
1754959935285,1754959935,KXMLBGAME-25AUG11DETCWS-CWS,33,67,15,no
1754959935415,1754959935,KXMLBGAME-25AUG11COLSTL-COL,20,80,4,yes
1754959936015,1754959935,KXMLBGAME-25AUG11WSHKC-WSH,40,60,141,yes
1754959937016,1754959936,KXMLBGAME-25AUG11MINNYY-MIN,15,85,40,yes
1754959937364,1754959937,KXMLBGAME-25AUG11AZTEX-TEX,11,89,168,yes
1754959941325,1754959941,KXMLBGAME-25AUG11WSHKC-KC,61,39,55,yes
1754959941467,1754959941,KXMLBGAME-25AUG11MINNYY-MIN,15,85,80,yes
1754959942836,1754959942,KXMLBGAME-25AUG11LADLAA-LAD,62,38,23,yes
1754959942935,1754959942,KXMLBGAME-25AUG11PITMIL-PIT,6,94,53,no
1754959943636,1754959943,KXMLBGAME-25AUG11PITMIL-PIT,7,93,220,yes
1754959943636,1754959943,KXMLBGAME-25AUG11PITMIL-PIT,7,93,115,yes
1754959944867,1754959944,KXMLBGAME-25AUG11PITMIL-PIT,7,93,26,yes
1754959945964,1754959945,KXMLBGAME-25AUG11TBATH-ATH,51,49,1,yes
1754959947166,1754959947,KXMLBGAME-25AUG11WSHKC-KC,61,39,15,yes
1754959948928,1754959948,KXMLBGAME-25AUG11AZTEX-AZ,89,11,23,no
1754959953787,1754959953,KXMLBGAME-25AUG11AZTEX-TEX,11,89,1,yes
1754959955075,1754959955,KXMLBGAME-25AUG11TBATH-ATH,50,50,50,no
1754959956105,1754959956,KXMLBGAME-25AUG11PITMIL-PIT,7,93,67,yes
1754959957285,1754959957,KXMLBGAME-25AUG11WSHKC-KC,62,38,157,yes
1754959959365,1754959959,KXMLBGAME-25AUG11PITMIL-MIL,94,6,8,yes
1754959962158,1754959962,KXMLBGAME-25AUG11LADLAA-LAD,62,38,31,yes
1754959963405,1754959963,KXMLBGAME-25AUG11PITMIL-PIT,7,93,13,yes
1754959963565,1754959963,KXMLBGAME-25AUG11BOSHOU-HOU,25,75,19,yes
1754959963618,1754959963,KXMLBGAME-25AUG11LADLAA-LAA,39,61,23,yes
1754959964705,1754959964,KXMLBGAME-25AUG11LADLAA-LAD,62,38,235,yes
1754959964935,1754959964,KXMLBGAME-25AUG11BOSHOU-BOS,77,23,74,yes
1754959965719,1754959965,KXMLBGAME-25AUG11WSHKC-WSH,41,59,250,yes
1754959965719,1754959965,KXMLBGAME-25AUG11WSHKC-WSH,41,59,31,yes
1754959965984,1754959965,KXMLBGAME-25AUG11DETCWS-CWS,33,67,1200,yes
1754959966415,1754959966,KXMLBGAME-25AUG11DETCWS-CWS,34,66,488,yes
1754959966415,1754959966,KXMLBGAME-25AUG11DETCWS-CWS,34,66,62,yes
1754959968537,1754959968,KXMLBGAME-25AUG11WSHKC-KC,61,39,47,yes
1754959970676,1754959970,KXMLBGAME-25AUG11COLSTL-STL,79,21,64,no
1754959970676,1754959970,KXMLBGAME-25AUG11COLSTL-STL,79,21,33,no
1754959974145,1754959974,KXMLBGAME-25AUG11COLSTL-STL,81,19,19,yes
1754959974985,1754959974,KXMLBGAME-25AUG11WSHKC-WSH,41,59,157,yes
1754959974985,1754959974,KXMLBGAME-25AUG11WSHKC-WSH,42,58,42,yes
1754959974985,1754959974,KXMLBGAME-25AUG11WSHKC-WSH,43,57,2045,yes
1754959978395,1754959978,KXMLBGAME-25AUG11WSHKC-KC,60,40,162,yes
1754959981455,1754959981,KXMLBGAME-25AUG11BOSHOU-BOS,77,23,191,yes
1754959981886,1754959981,KXMLBGAME-25AUG11MINNYY-MIN,15,85,12,yes
1754959983014,1754959982,KXMLBGAME-25AUG11AZTEX-TEX,10,90,1,no
1754959983014,1754959982,KXMLBGAME-25AUG11AZTEX-TEX,9,91,6,no
1754959984547,1754959984,KXMLBGAME-25AUG11WSHKC-WSH,42,58,11,yes
1754959989036,1754959988,KXMLBGAME-25AUG11DETCWS-CWS,44,56,19,yes
1754959989036,1754959988,KXMLBGAME-25AUG11DETCWS-CWS,45,55,1200,yes
1754959989087,1754959989,KXMLBGAME-25AUG11DETCWS-DET,60,40,10,no
1754959989087,1754959989,KXMLBGAME-25AUG11DETCWS-DET,59,41,9,no
1754959989785,1754959989,KXMLBGAME-25AUG11DETCWS-DET,59,41,4,no
1754959989805,1754959989,KXMLBGAME-25AUG11DETCWS-CWS,46,54,4,no
1754959989926,1754959989,KXMLBGAME-25AUG11DETCWS-CWS,46,54,10,no
1754959993395,1754959993,KXMLBGAME-25AUG11MINNYY-MIN,15,85,18,yes
1754959993605,1754959993,KXMLBGAME-25AUG11DETCWS-CWS,45,55,250,yes
1754959995754,1754959995,KXMLBGAME-25AUG11MINNYY-MIN,15,85,12,yes
1754959996651,1754959996,KXMLBGAME-25AUG11MINNYY-NYY,84,16,441,no
1754959997680,1754959997,KXMLBGAME-25AUG11MINNYY-NYY,86,14,1,yes
1754959998852,1754959998,KXMLBGAME-25AUG11WSHKC-KC,59,41,3,yes
1754960002971,1754960002,KXMLBGAME-25AUG11PITMIL-MIL,94,6,1,yes
1754960008618,1754960008,KXMLBGAME-25AUG11WSHKC-WSH,43,57,8,yes
1754960012515,1754960012,KXMLBGAME-25AUG11WSHKC-WSH,43,57,111,yes
1754960015035,1754960015,KXMLBGAME-25AUG11AZTEX-TEX,9,91,7,no
1754960016587,1754960016,KXMLBGAME-25AUG11AZTEX-AZ,91,9,54,yes
1754960018296,1754960018,KXMLBGAME-25AUG11MINNYY-MIN,15,85,316,yes
1754960022725,1754960022,KXMLBGAME-25AUG11BOSHOU-HOU,24,76,2,yes
1754960022726,1754960022,KXMLBGAME-25AUG11BOSHOU-HOU,25,75,233,yes
1754960022806,1754960022,KXMLBGAME-25AUG11WSHKC-WSH,42,58,2,yes
1754960022806,1754960022,KXMLBGAME-25AUG11WSHKC-WSH,43,57,14,yes
1754960024835,1754960024,KXMLBGAME-25AUG11MINNYY-MIN,15,85,27,yes
1754960025099,1754960025,KXMLBGAME-25AUG11COLSTL-COL,20,80,9,yes
1754960028097,1754960028,KXMLBGAME-25AUG11TBATH-ATH,50,50,50,yes
1754960028097,1754960028,KXMLBGAME-25AUG11TBATH-ATH,51,49,33,yes
1754960030646,1754960030,KXMLBGAME-25AUG11WSHKC-WSH,42,58,23,yes
1754960034486,1754960034,KXMLBGAME-25AUG11AZTEX-TEX,10,90,188,yes
1754960036255,1754960036,KXMLBGAME-25AUG11DETCWS-CWS,50,50,65,yes
1754960039201,1754960039,KXMLBGAME-25AUG11AZTEX-TEX,10,90,94,yes
1754960040284,1754960040,KXMLBGAME-25AUG11AZTEX-TEX,10,90,1,yes
1754960043515,1754960043,KXMLBGAME-25AUG11DETCWS-CWS,48,52,200,no
1754960043924,1754960043,KXMLBGAME-25AUG11MINNYY-MIN,14,86,106,yes
1754960043926,1754960043,KXMLBGAME-25AUG11MINNYY-MIN,15,85,26,yes
1754960045056,1754960045,KXMLBGAME-25AUG11DETCWS-CWS,49,51,3,yes
1754960046335,1754960046,KXMLBGAME-25AUG11AZTEX-TEX,10,90,40,yes
1754960046425,1754960046,KXMLBGAME-25AUG11MINNYY-MIN,15,85,314,yes
1754960046630,1754960046,KXMLBGAME-25AUG11COLSTL-STL,82,18,535,yes
1754960048888,1754960048,KXMLBGAME-25AUG11COLSTL-COL,19,81,149,yes
1754960051344,1754960051,KXMLBGAME-25AUG11MINNYY-MIN,15,85,6,yes
1754960051707,1754960051,KXMLBGAME-25AUG11DETCWS-CWS,49,51,1,yes
1754960055824,1754960055,KXMLBGAME-25AUG11AZTEX-TEX,10,90,332,yes
1754960056245,1754960056,KXMLBGAME-25AUG11WSHKC-WSH,41,59,20,no
1754960057065,1754960056,KXMLBGAME-25AUG11DETCWS-CWS,49,51,197,yes
1754960058895,1754960058,KXMLBGAME-25AUG11WSHKC-KC,59,41,112,yes
1754960060039,1754960059,KXMLBGAME-25AUG11BOSHOU-HOU,23,77,20,no
1754960060316,1754960060,KXMLBGAME-25AUG11MINNYY-MIN,15,85,157,yes
1754960060896,1754960060,KXMLBGAME-25AUG11DETCWS-DET,52,48,3000,yes
1754960062386,1754960062,KXMLBGAME-25AUG11AZTEX-TEX,10,90,24,yes
1754960064556,1754960064,KXMLBGAME-25AUG11LADLAA-LAD,62,38,157,yes
1754960067494,1754960067,KXMLBGAME-25AUG11MINNYY-MIN,15,85,94,yes
1754960067936,1754960067,KXMLBGAME-25AUG11MINNYY-MIN,15,85,44,yes
1754960068401,1754960068,KXMLBGAME-25AUG11DETCWS-CWS,49,51,25,yes
1754960068420,1754960068,KXMLBGAME-25AUG11MINNYY-NYY,86,14,19,yes
1754960073604,1754960073,KXMLBGAME-25AUG11DETCWS-DET,53,47,93,yes
1754960075019,1754960074,KXMLBGAME-25AUG11WSHKC-KC,64,36,15,yes
1754960075657,1754960075,KXMLBGAME-25AUG11MINNYY-MIN,14,86,269,yes
1754960080336,1754960080,KXMLBGAME-25AUG11WSHKC-WSH,41,59,250,yes
1754960080336,1754960080,KXMLBGAME-25AUG11WSHKC-WSH,42,58,62,yes
1754960080336,1754960080,KXMLBGAME-25AUG11WSHKC-WSH,42,58,750,yes
1754960080336,1754960080,KXMLBGAME-25AUG11WSHKC-WSH,42,58,4,yes
1754960080336,1754960080,KXMLBGAME-25AUG11WSHKC-WSH,42,58,200,yes
1754960080336,1754960080,KXMLBGAME-25AUG11WSHKC-WSH,42,58,400,yes
1754960080336,1754960080,KXMLBGAME-25AUG11WSHKC-WSH,43,57,77,yes
1754960084936,1754960084,KXMLBGAME-25AUG11DETCWS-DET,52,48,46,yes
1754960087346,1754960087,KXMLBGAME-25AUG11AZTEX-TEX,7,93,32,no
1754960087934,1754960087,KXMLBGAME-25AUG11SDSF-SD,46,54,50,yes
1754960088904,1754960088,KXMLBGAME-25AUG11DETCWS-DET,52,48,204,yes
1754960090536,1754960090,KXMLBGAME-25AUG11MINNYY-MIN,14,86,67,yes
1754960091238,1754960091,KXMLBGAME-25AUG11BOSHOU-HOU,24,76,989,yes
1754960096961,1754960096,KXMLBGAME-25AUG11WSHKC-KC,60,40,40,yes
1754960097659,1754960097,KXMLBGAME-25AUG11WSHKC-KC,60,40,237,yes
1754960097660,1754960097,KXMLBGAME-25AUG11WSHKC-KC,60,40,223,yes
1754960100663,1754960100,KXMLBGAME-25AUG11DETCWS-DET,53,47,750,yes
1754960100663,1754960100,KXMLBGAME-25AUG11DETCWS-DET,53,47,2046,yes
1754960105259,1754960105,KXMLBGAME-25AUG11COLSTL-COL,19,81,74,yes
1754960110676,1754960110,KXMLBGAME-25AUG11COLSTL-COL,19,81,49,yes
1754960111647,1754960111,KXMLBGAME-25AUG11DETCWS-DET,52,48,8,yes
1754960111647,1754960111,KXMLBGAME-25AUG11DETCWS-DET,53,47,120,yes
1754960111935,1754960111,KXMLBGAME-25AUG11WSHKC-KC,60,40,123,yes
1754960115797,1754960115,KXMLBGAME-25AUG11AZTEX-AZ,92,8,130,no
1754960116098,1754960115,KXMLBGAME-25AUG11DETCWS-DET,53,47,130,yes
1754960116098,1754960115,KXMLBGAME-25AUG11DETCWS-DET,53,47,3000,yes
1754960116098,1754960115,KXMLBGAME-25AUG11DETCWS-DET,54,46,112,yes
1754960116098,1754960115,KXMLBGAME-25AUG11DETCWS-DET,54,46,1299,yes
1754960116690,1754960116,KXMLBGAME-25AUG11PITMIL-PIT,8,92,44,yes
1754960118236,1754960118,KXMLBGAME-25AUG11TBATH-ATH,51,49,94,yes
1754960120746,1754960120,KXMLBGAME-25AUG11DETCWS-DET,53,47,6,yes
1754960121796,1754960121,KXMLBGAME-25AUG11AZTEX-AZ,91,9,46,no
1754960124207,1754960124,KXMLBGAME-25AUG11PITMIL-PIT,10,90,1,yes
1754960124207,1754960124,KXMLBGAME-25AUG11PITMIL-PIT,10,90,64,yes
1754960124207,1754960124,KXMLBGAME-25AUG11PITMIL-PIT,11,89,22,yes
1754960124207,1754960124,KXMLBGAME-25AUG11PITMIL-PIT,11,89,4,yes
1754960125237,1754960125,KXMLBGAME-25AUG11DETCWS-DET,53,47,244,yes
1754960125237,1754960125,KXMLBGAME-25AUG11DETCWS-DET,53,47,79,yes
1754960127596,1754960127,KXMLBGAME-25AUG11WSHKC-WSH,42,58,4,yes
1754960127967,1754960127,KXMLBGAME-25AUG11DETCWS-CWS,48,52,100,yes
1754960129576,1754960129,KXMLBGAME-25AUG11PITMIL-PIT,9,91,20,yes
1754960130870,1754960130,KXMLBGAME-25AUG11DETCWS-CWS,47,53,50,no
1754960133076,1754960133,KXMLBGAME-25AUG11MINNYY-NYY,90,10,3,yes
1754960136836,1754960136,KXMLBGAME-25AUG11MINNYY-MIN,12,88,79,yes
1754960136836,1754960136,KXMLBGAME-25AUG11MINNYY-MIN,12,88,234,yes
1754960138436,1754960138,KXMLBGAME-25AUG11DETCWS-CWS,47,53,1344,no
1754960140316,1754960140,KXMLBGAME-25AUG11SDSF-SF,55,45,15,yes
1754960141066,1754960141,KXMLBGAME-25AUG11AZTEX-AZ,93,7,1027,yes
1754960141565,1754960141,KXMLBGAME-25AUG11TBATH-ATH,51,49,321,yes
1754960141565,1754960141,KXMLBGAME-25AUG11TBATH-ATH,51,49,1574,yes
1754960144517,1754960144,KXMLBGAME-25AUG11DETCWS-CWS,48,52,4,yes
1754960147226,1754960147,KXMLBGAME-25AUG11DETCWS-DET,56,44,386,yes
1754960148108,1754960148,KXMLBGAME-25AUG11DETCWS-CWS,46,54,25,yes
1754960149086,1754960149,KXMLBGAME-25AUG11DETCWS-DET,54,46,25,no
1754960151136,1754960151,KXMLBGAME-25AUG11MINNYY-MIN,12,88,10,yes
1754960152806,1754960152,KXMLBGAME-25AUG11PITMIL-PIT,8,92,26,no
1754960153206,1754960153,KXMLBGAME-25AUG11DETCWS-CWS,46,54,25,yes
1754960157850,1754960157,KXMLBGAME-25AUG11SDSF-SD,46,54,10,yes
1754960158937,1754960158,KXMLBGAME-25AUG11DETCWS-DET,56,44,43,yes
1754960159596,1754960159,KXMLBGAME-25AUG11BOSHOU-BOS,77,23,12,yes
1754960161906,1754960161,KXMLBGAME-25AUG11TBATH-TB,50,50,3,yes
1754960162756,1754960162,KXMLBGAME-25AUG11DETCWS-CWS,44,56,42,no
1754960163315,1754960163,KXMLBGAME-25AUG11PITMIL-MIL,95,5,17,yes
1754960163573,1754960163,KXMLBGAME-25AUG11DETCWS-DET,56,44,25,yes
1754960163646,1754960163,KXMLBGAME-25AUG11DETCWS-CWS,44,56,25,no
1754960164275,1754960164,KXMLBGAME-25AUG11DETCWS-CWS,44,56,25,no
1754960167130,1754960167,KXMLBGAME-25AUG11WSHKC-WSH,42,58,57,yes
1754960167526,1754960167,KXMLBGAME-25AUG11MINNYY-MIN,14,86,59,yes
1754960167526,1754960167,KXMLBGAME-25AUG11MINNYY-MIN,15,85,7,yes
1754960168346,1754960168,KXMLBGAME-25AUG11LADLAA-LAD,62,38,1610,yes
1754960169316,1754960169,KXMLBGAME-25AUG11SDSF-SD,46,54,142,yes
1754960170409,1754960170,KXMLBGAME-25AUG11LADLAA-LAD,62,38,944,yes
1754960170935,1754960170,KXMLBGAME-25AUG11DETCWS-CWS,45,55,4,yes
1754960173435,1754960173,KXMLBGAME-25AUG11BOSHOU-BOS,78,22,10,no
1754960174647,1754960174,KXMLBGAME-25AUG11DETCWS-CWS,43,57,112,yes
1754960174647,1754960174,KXMLBGAME-25AUG11DETCWS-CWS,44,56,203,yes
1754960176938,1754960176,KXMLBGAME-25AUG11BOSHOU-BOS,77,23,1,yes
1754960177347,1754960177,KXMLBGAME-25AUG11COLSTL-COL,21,79,44,yes
1754960179375,1754960179,KXMLBGAME-25AUG11AZTEX-TEX,7,93,68,no
1754960179375,1754960179,KXMLBGAME-25AUG11AZTEX-TEX,7,93,45,no
1754960181925,1754960181,KXMLBGAME-25AUG11MINNYY-MIN,11,89,17,yes
1754960182939,1754960182,KXMLBGAME-25AUG11DETCWS-DET,58,42,33,yes
1754960185736,1754960185,KXMLBGAME-25AUG11MINNYY-MIN,11,89,34,yes
1754960186366,1754960186,KXMLBGAME-25AUG11WSHKC-WSH,42,58,22,yes
1754960187065,1754960187,KXMLBGAME-25AUG11LADLAA-LAD,62,38,471,yes
1754960187207,1754960187,KXMLBGAME-25AUG11MINNYY-MIN,11,89,119,yes
1754960191616,1754960191,KXMLBGAME-25AUG11COLSTL-STL,81,19,6,yes
1754960192065,1754960192,KXMLBGAME-25AUG11DETCWS-CWS,42,58,46,no
1754960192236,1754960192,KXMLBGAME-25AUG11TBATH-ATH,51,49,5,yes
1754960194305,1754960194,KXMLBGAME-25AUG11LADLAA-LAD,62,38,47,yes
1754960194595,1754960194,KXMLBGAME-25AUG11DETCWS-DET,58,42,50,yes
1754960195740,1754960195,KXMLBGAME-25AUG11AZTEX-TEX,12,88,78,yes
1754960198761,1754960198,KXMLBGAME-25AUG11WSHKC-WSH,41,59,14,no
1754960204852,1754960204,KXMLBGAME-25AUG11BOSHOU-BOS,77,23,25,yes
1754960205157,1754960205,KXMLBGAME-25AUG11DETCWS-DET,55,45,30,no
1754960206517,1754960206,KXMLBGAME-25AUG11AZTEX-AZ,92,8,14,yes
1754960214296,1754960214,KXMLBGAME-25AUG11PITMIL-MIL,95,5,10,yes
1754960217596,1754960217,KXMLBGAME-25AUG11LADLAA-LAA,39,61,1,yes
1754960218425,1754960218,KXMLBGAME-25AUG11MINNYY-MIN,11,89,125,no
1754960218557,1754960218,KXMLBGAME-25AUG11MINNYY-NYY,91,9,163,yes
1754960219065,1754960219,KXMLBGAME-25AUG11WSHKC-WSH,44,56,250,yes
1754960219065,1754960219,KXMLBGAME-25AUG11WSHKC-WSH,44,56,200,yes
1754960219065,1754960219,KXMLBGAME-25AUG11WSHKC-WSH,44,56,400,yes
1754960219065,1754960219,KXMLBGAME-25AUG11WSHKC-WSH,44,56,48,yes
1754960221076,1754960221,KXMLBGAME-25AUG11MINNYY-MIN,10,90,5,yes
1754960221628,1754960221,KXMLBGAME-25AUG11COLSTL-STL,81,19,12,yes
1754960223405,1754960223,KXMLBGAME-25AUG11BOSHOU-BOS,77,23,23,yes
1754960223556,1754960223,KXMLBGAME-25AUG11MINNYY-MIN,10,90,40,yes
1754960223556,1754960223,KXMLBGAME-25AUG11MINNYY-MIN,10,90,3,yes
1754960223556,1754960223,KXMLBGAME-25AUG11MINNYY-MIN,11,89,46,yes
1754960223736,1754960223,KXMLBGAME-25AUG11MINNYY-NYY,91,9,43,yes
1754960225446,1754960225,KXMLBGAME-25AUG11MINNYY-MIN,10,90,33,yes
1754960225446,1754960225,KXMLBGAME-25AUG11MINNYY-MIN,11,89,183,yes
1754960229518,1754960229,KXMLBGAME-25AUG11BOSHOU-BOS,77,23,63,yes
1754960232256,1754960232,KXMLBGAME-25AUG11MINNYY-NYY,90,10,357,yes
1754960233255,1754960233,KXMLBGAME-25AUG11BOSHOU-HOU,26,74,27,yes
1754960234878,1754960234,KXMLBGAME-25AUG11PITMIL-PIT,6,94,31,yes
1754960236545,1754960236,KXMLBGAME-25AUG11WSHKC-WSH,45,55,8,yes
1754960238166,1754960238,KXMLBGAME-25AUG11MINNYY-MIN,10,90,5,yes
1754960238417,1754960238,KXMLBGAME-25AUG11MINNYY-MIN,10,90,47,yes
1754960238586,1754960238,KXMLBGAME-25AUG11BOSHOU-HOU,26,74,91,yes
1754960239556,1754960239,KXMLBGAME-25AUG11TBATH-ATH,50,50,50,no
1754960239556,1754960239,KXMLBGAME-25AUG11TBATH-ATH,50,50,33,no
1754960241337,1754960241,KXMLBGAME-25AUG11AZTEX-AZ,91,9,1,yes
1754960241337,1754960241,KXMLBGAME-25AUG11AZTEX-AZ,92,8,53,yes
1754960244725,1754960244,KXMLBGAME-25AUG11WSHKC-KC,58,42,200,no
1754960246746,1754960246,KXMLBGAME-25AUG11MINNYY-MIN,7,93,10,no
1754960247065,1754960247,KXMLBGAME-25AUG11WSHKC-KC,58,42,50,no
1754960247217,1754960247,KXMLBGAME-25AUG11PITMIL-MIL,95,5,60,yes
1754960247467,1754960247,KXMLBGAME-25AUG11LADLAA-LAD,62,38,7,yes
1754960250906,1754960250,KXMLBGAME-25AUG11WSHKC-KC,57,43,68,yes
1754960251626,1754960251,KXMLBGAME-25AUG11MINNYY-NYY,90,10,24,no
1754960251626,1754960251,KXMLBGAME-25AUG11MINNYY-NYY,90,10,314,no
1754960253815,1754960253,KXMLBGAME-25AUG11DETCWS-DET,59,41,250,yes
1754960253815,1754960253,KXMLBGAME-25AUG11DETCWS-DET,60,40,10,yes
1754960253815,1754960253,KXMLBGAME-25AUG11DETCWS-DET,60,40,70,yes
1754960255397,1754960255,KXMLBGAME-25AUG11BOSHOU-HOU,26,74,77,yes
1754960255397,1754960255,KXMLBGAME-25AUG11BOSHOU-HOU,26,74,14,yes
1754960256267,1754960256,KXMLBGAME-25AUG11COLSTL-STL,81,19,60,yes
1754960257815,1754960257,KXMLBGAME-25AUG11DETCWS-DET,60,40,9,yes
1754960259114,1754960259,KXMLBGAME-25AUG11WSHKC-KC,56,44,17,yes
1754960262855,1754960262,KXMLBGAME-25AUG11LADLAA-LAA,39,61,13,yes
1754960268325,1754960268,KXMLBGAME-25AUG11MINNYY-MIN,10,90,18,yes
1754960268325,1754960268,KXMLBGAME-25AUG11MINNYY-MIN,11,89,26,yes
1754960273935,1754960273,KXMLBGAME-25AUG11PITMIL-MIL,95,5,10,yes
1754960273935,1754960273,KXMLBGAME-25AUG11PITMIL-MIL,97,3,65,yes
1754960275155,1754960275,KXMLBGAME-25AUG11LADLAA-LAD,62,38,20,yes
1754960275395,1754960275,KXMLBGAME-25AUG11SDSF-SD,46,54,10,yes
1754960277877,1754960277,KXMLBGAME-25AUG11WSHKC-KC,56,44,125,yes
1754960278375,1754960278,KXMLBGAME-25AUG11LADLAA-LAD,62,38,23,yes
1754960281826,1754960281,KXMLBGAME-25AUG11BOSHOU-HOU,26,74,54,yes
1754960283345,1754960283,KXMLBGAME-25AUG11WSHKC-KC,56,44,116,yes
1754960283514,1754960283,KXMLBGAME-25AUG11DETCWS-DET,60,40,16,yes
1754960285495,1754960285,KXMLBGAME-25AUG11BOSHOU-HOU,24,76,23,no
1754960285914,1754960285,KXMLBGAME-25AUG11DETCWS-DET,60,40,16,yes
1754960289366,1754960289,KXMLBGAME-25AUG11AZTEX-AZ,89,11,1,no
1754960289366,1754960289,KXMLBGAME-25AUG11AZTEX-AZ,88,12,250,no
1754960289366,1754960289,KXMLBGAME-25AUG11AZTEX-AZ,87,13,52,no
1754960293565,1754960293,KXMLBGAME-25AUG11COLSTL-COL,21,79,1344,yes
1754960295061,1754960295,KXMLBGAME-25AUG11LADLAA-LAA,39,61,1,yes
1754960296078,1754960295,KXMLBGAME-25AUG11WSHKC-WSH,45,55,10,yes
1754960298878,1754960298,KXMLBGAME-25AUG11PITMIL-PIT,6,94,69,no
1754960298878,1754960298,KXMLBGAME-25AUG11PITMIL-MIL,95,5,66,no
1754960298878,1754960298,KXMLBGAME-25AUG11PITMIL-MIL,95,5,3,no
1754960302267,1754960302,KXMLBGAME-25AUG11LADLAA-LAD,62,38,62,yes
1754960304406,1754960304,KXMLBGAME-25AUG11DETCWS-DET,60,40,8,yes
1754960307028,1754960306,KXMLBGAME-25AUG11BOSHOU-HOU,24,76,424,yes
1754960310885,1754960310,KXMLBGAME-25AUG11DETCWS-DET,60,40,8,yes
1754960311817,1754960311,KXMLBGAME-25AUG11COLSTL-COL,23,77,51,yes
1754960312795,1754960312,KXMLBGAME-25AUG11MINNYY-MIN,6,94,12,yes
1754960312835,1754960312,KXMLBGAME-25AUG11WSHKC-KC,56,44,78,yes
1754960312835,1754960312,KXMLBGAME-25AUG11WSHKC-KC,57,43,8,yes
1754960313081,1754960312,KXMLBGAME-25AUG11DETCWS-DET,60,40,50,yes
1754960314335,1754960314,KXMLBGAME-25AUG11TBATH-ATH,51,49,70,yes
1754960316387,1754960316,KXMLBGAME-25AUG11TBATH-ATH,51,49,10,yes
1754960318115,1754960318,KXMLBGAME-25AUG11MINNYY-MIN,6,94,2,yes
1754960318115,1754960318,KXMLBGAME-25AUG11MINNYY-MIN,6,94,9,yes
1754960318115,1754960318,KXMLBGAME-25AUG11MINNYY-MIN,7,93,325,yes
1754960320297,1754960320,KXMLBGAME-25AUG11WSHKC-WSH,45,55,6,yes
1754960321886,1754960321,KXMLBGAME-25AUG11MINNYY-NYY,94,6,105,yes
1754960322278,1754960322,KXMLBGAME-25AUG11MINNYY-MIN,6,94,8,yes
1754960322278,1754960322,KXMLBGAME-25AUG11MINNYY-MIN,7,93,425,yes
1754960322278,1754960322,KXMLBGAME-25AUG11MINNYY-MIN,7,93,250,yes
1754960322278,1754960322,KXMLBGAME-25AUG11MINNYY-MIN,8,92,200,yes
1754960322278,1754960322,KXMLBGAME-25AUG11MINNYY-MIN,9,91,200,yes
1754960322278,1754960322,KXMLBGAME-25AUG11MINNYY-MIN,9,91,135,yes
1754960326107,1754960326,KXMLBGAME-25AUG11PITMIL-MIL,96,4,103,yes
1754960328037,1754960328,KXMLBGAME-25AUG11WSHKC-WSH,44,56,49,no
1754960331686,1754960331,KXMLBGAME-25AUG11AZTEX-AZ,91,9,59,yes
1754960333406,1754960333,KXMLBGAME-25AUG11WSHKC-WSH,44,56,1500,no
1754960333796,1754960333,KXMLBGAME-25AUG11DETCWS-DET,60,40,84,yes
1754960333846,1754960333,KXMLBGAME-25AUG11BOSHOU-HOU,24,76,58,yes
1754960333846,1754960333,KXMLBGAME-25AUG11BOSHOU-HOU,25,75,200,yes
1754960333846,1754960333,KXMLBGAME-25AUG11BOSHOU-HOU,25,75,122,yes
1754960334655,1754960334,KXMLBGAME-25AUG11MINNYY-MIN,10,90,9,yes
1754960334706,1754960334,KXMLBGAME-25AUG11MINNYY-NYY,93,7,9,no
1754960345446,1754960345,KXMLBGAME-25AUG11COLSTL-COL,21,79,94,yes
1754960348136,1754960348,KXMLBGAME-25AUG11AZTEX-TEX,12,88,39,yes
1754960348477,1754960348,KXMLBGAME-25AUG11PITMIL-MIL,96,4,112,yes
1754960348477,1754960348,KXMLBGAME-25AUG11PITMIL-MIL,96,4,1452,yes
1754960348477,1754960348,KXMLBGAME-25AUG11PITMIL-MIL,97,3,400,yes
1754960348477,1754960348,KXMLBGAME-25AUG11PITMIL-MIL,97,3,200,yes
1754960348477,1754960348,KXMLBGAME-25AUG11PITMIL-MIL,97,3,1143,yes
1754960348715,1754960348,KXMLBGAME-25AUG11MINNYY-MIN,5,95,44,no
1754960349577,1754960349,KXMLBGAME-25AUG11DETCWS-DET,60,40,50,yes
1754960351947,1754960351,KXMLBGAME-25AUG11BOSHOU-HOU,25,75,19,yes
1754960360006,1754960359,KXMLBGAME-25AUG11BOSHOU-BOS,75,25,39,no
1754960360025,1754960359,KXMLBGAME-25AUG11BOSHOU-BOS,75,25,44,yes
1754960360176,1754960360,KXMLBGAME-25AUG11BOSHOU-BOS,75,25,117,yes
1754960365416,1754960365,KXMLBGAME-25AUG11AZTEX-TEX,12,88,7,yes
1754960368545,1754960368,KXMLBGAME-25AUG11AZTEX-TEX,12,88,78,yes
1754960369395,1754960369,KXMLBGAME-25AUG11WSHKC-KC,55,45,17,yes
1754960371295,1754960371,KXMLBGAME-25AUG11COLSTL-COL,21,79,13,yes
1754960371396,1754960371,KXMLBGAME-25AUG11PITMIL-PIT,6,94,10,no
1754960371396,1754960371,KXMLBGAME-25AUG11PITMIL-PIT,5,95,2,no
1754960372337,1754960372,KXMLBGAME-25AUG11BOSHOU-HOU,24,76,19,yes
1754960372475,1754960372,KXMLBGAME-25AUG11AZTEX-TEX,12,88,17,yes
1754960375786,1754960375,KXMLBGAME-25AUG11MINNYY-NYY,94,6,18,yes
1754960383126,1754960383,KXMLBGAME-25AUG11PITMIL-MIL,97,3,1813,yes
1754960383165,1754960383,KXMLBGAME-25AUG11PITMIL-PIT,5,95,1813,no
1754960383466,1754960383,KXMLBGAME-25AUG11PITMIL-PIT,5,95,407,no
1754960384425,1754960384,KXMLBGAME-25AUG11LADLAA-LAA,39,61,3,yes
1754960384559,1754960384,KXMLBGAME-25AUG11AZTEX-AZ,91,9,122,yes
1754960386656,1754960386,KXMLBGAME-25AUG11AZTEX-AZ,91,9,273,yes
1754960387806,1754960387,KXMLBGAME-25AUG11COLSTL-STL,80,20,30,yes
1754960387975,1754960387,KXMLBGAME-25AUG11LADLAA-LAD,62,38,331,yes
1754960394208,1754960394,KXMLBGAME-25AUG11PITMIL-MIL,98,2,300,yes
1754960394208,1754960394,KXMLBGAME-25AUG11PITMIL-MIL,98,2,718,yes
1754960395905,1754960395,KXMLBGAME-25AUG11AZTEX-TEX,13,87,36,yes
1754960401025,1754960400,KXMLBGAME-25AUG11AZTEX-TEX,13,87,21,yes
1754960403437,1754960403,KXMLBGAME-25AUG11WSHKC-WSH,48,52,200,yes
1754960403437,1754960403,KXMLBGAME-25AUG11WSHKC-WSH,48,52,339,yes
1754960404336,1754960404,KXMLBGAME-25AUG11MINNYY-NYY,94,6,66,yes
1754960410706,1754960410,KXMLBGAME-25AUG11WSHKC-WSH,48,52,22,yes
1754960410977,1754960410,KXMLBGAME-25AUG11BOSHOU-HOU,25,75,24,yes
1754960410977,1754960410,KXMLBGAME-25AUG11BOSHOU-HOU,26,74,342,yes
1754960413173,1754960413,KXMLBGAME-25AUG11COLSTL-COL,21,79,45,yes
1754960413175,1754960413,KXMLBGAME-25AUG11SDSF-SF,55,45,296,yes
1754960413175,1754960413,KXMLBGAME-25AUG11SDSF-SF,55,45,31,yes
1754960413175,1754960413,KXMLBGAME-25AUG11SDSF-SF,55,45,1,yes
1754960413175,1754960413,KXMLBGAME-25AUG11SDSF-SF,55,45,62,yes
1754960413175,1754960413,KXMLBGAME-25AUG11SDSF-SF,55,45,209,yes
1754960413175,1754960413,KXMLBGAME-25AUG11SDSF-SF,55,45,48,yes
1754960413175,1754960413,KXMLBGAME-25AUG11SDSF-SF,55,45,1027,yes
1754960416478,1754960415,KXMLBGAME-25AUG11AZTEX-AZ,90,10,112,yes
1754960416478,1754960415,KXMLBGAME-25AUG11AZTEX-AZ,91,9,325,yes
1754960417070,1754960416,KXMLBGAME-25AUG11TBATH-ATH,51,49,139,yes
1754960417070,1754960416,KXMLBGAME-25AUG11TBATH-ATH,51,49,24,yes
1754960418871,1754960418,KXMLBGAME-25AUG11SDSF-SF,54,46,12,no
1754960420871,1754960420,KXMLBGAME-25AUG11BOSHOU-BOS,74,26,200,yes
1754960420871,1754960420,KXMLBGAME-25AUG11BOSHOU-BOS,74,26,109,yes
1754960426546,1754960426,KXMLBGAME-25AUG11AZTEX-AZ,91,9,273,yes
1754960426907,1754960426,KXMLBGAME-25AUG11WSHKC-WSH,47,53,10,yes
1754960427865,1754960427,KXMLBGAME-25AUG11MINNYY-MIN,5,95,26,no
1754960429866,1754960429,KXMLBGAME-25AUG11PITMIL-PIT,5,95,937,yes
1754960432595,1754960432,KXMLBGAME-25AUG11WSHKC-WSH,47,53,92,yes
1754960435187,1754960435,KXMLBGAME-25AUG11WSHKC-WSH,46,54,112,no
1754960435187,1754960435,KXMLBGAME-25AUG11WSHKC-WSH,45,55,657,no
1754960435716,1754960435,KXMLBGAME-25AUG11BOSHOU-BOS,73,27,2,yes
1754960435867,1754960435,KXMLBGAME-25AUG11WSHKC-WSH,47,53,2,yes
1754960438586,1754960438,KXMLBGAME-25AUG11DETCWS-CWS,45,55,11,yes
1754960438666,1754960438,KXMLBGAME-25AUG11PITMIL-MIL,95,5,265,no
1754960439867,1754960439,KXMLBGAME-25AUG11WSHKC-KC,54,46,3,yes
1754960440996,1754960440,KXMLBGAME-25AUG11DETCWS-DET,56,44,111,yes
1754960443496,1754960443,KXMLBGAME-25AUG11PITMIL-PIT,5,95,4,yes
1754960444195,1754960444,KXMLBGAME-25AUG11MINNYY-MIN,5,95,30,no
1754960444195,1754960444,KXMLBGAME-25AUG11MINNYY-MIN,5,95,37,no
1754960451105,1754960451,KXMLBGAME-25AUG11DETCWS-DET,56,44,25,yes
1754960457345,1754960457,KXMLBGAME-25AUG11BOSHOU-HOU,28,72,150,yes
1754960458674,1754960458,KXMLBGAME-25AUG11DETCWS-DET,56,44,86,yes
1754960459426,1754960459,KXMLBGAME-25AUG11AZTEX-AZ,86,14,112,yes
1754960459426,1754960459,KXMLBGAME-25AUG11AZTEX-AZ,87,13,880,yes
1754960460236,1754960460,KXMLBGAME-25AUG11WSHKC-KC,58,42,35,yes
1754960464926,1754960464,KXMLBGAME-25AUG11BOSHOU-HOU,28,72,85,yes
1754960466745,1754960466,KXMLBGAME-25AUG11SDSF-SF,55,45,99,yes
1754960467195,1754960467,KXMLBGAME-25AUG11COLSTL-COL,20,80,639,yes
1754960469115,1754960469,KXMLBGAME-25AUG11DETCWS-CWS,45,55,210,yes
1754960471226,1754960471,KXMLBGAME-25AUG11AZTEX-TEX,16,84,295,yes
1754960472755,1754960472,KXMLBGAME-25AUG11DETCWS-DET,56,44,25,yes
1754960475775,1754960475,KXMLBGAME-25AUG11AZTEX-TEX,16,84,11,no
1754960481765,1754960481,KXMLBGAME-25AUG11DETCWS-DET,55,45,3,yes
1754960482295,1754960482,KXMLBGAME-25AUG11LADLAA-LAD,62,38,78,yes
1754960485156,1754960485,KXMLBGAME-25AUG11WSHKC-WSH,41,59,3,no
1754960489467,1754960489,KXMLBGAME-25AUG11BOSHOU-HOU,35,65,22,yes
1754960489467,1754960489,KXMLBGAME-25AUG11BOSHOU-HOU,35,65,1,yes
1754960493380,1754960493,KXMLBGAME-25AUG11PITMIL-MIL,95,5,11,no
1754960494586,1754960494,KXMLBGAME-25AUG11AZTEX-AZ,86,14,95,yes
1754960494586,1754960494,KXMLBGAME-25AUG11AZTEX-AZ,87,13,300,yes
1754960494586,1754960494,KXMLBGAME-25AUG11AZTEX-AZ,88,12,1300,yes
1754960494635,1754960494,KXMLBGAME-25AUG11MINNYY-NYY,94,6,25,yes
1754960497215,1754960497,KXMLBGAME-25AUG11PITMIL-MIL,95,5,7,no
1754960499366,1754960499,KXMLBGAME-25AUG11BOSHOU-HOU,34,66,10,yes
1754960503635,1754960503,KXMLBGAME-25AUG11WSHKC-WSH,43,57,2,yes
1754960504566,1754960504,KXMLBGAME-25AUG11LADLAA-LAA,39,61,56,yes
1754960507285,1754960507,KXMLBGAME-25AUG11MINNYY-MIN,5,95,8,no
1754960507286,1754960507,KXMLBGAME-25AUG11MINNYY-MIN,4,96,20,no
1754960508964,1754960508,KXMLBGAME-25AUG11BOSHOU-HOU,34,66,50,yes
1754960510306,1754960510,KXMLBGAME-25AUG11DETCWS-DET,55,45,173,yes
1754960510974,1754960510,KXMLBGAME-25AUG11WSHKC-WSH,44,56,23,yes
1754960512357,1754960512,KXMLBGAME-25AUG11PITMIL-MIL,97,3,2,yes
1754960513416,1754960513,KXMLBGAME-25AUG11DETCWS-DET,54,46,860,no
1754960515435,1754960515,KXMLBGAME-25AUG11MINNYY-MIN,4,96,180,no
1754960515435,1754960515,KXMLBGAME-25AUG11MINNYY-MIN,2,98,254,no
1754960516967,1754960516,KXMLBGAME-25AUG11DETCWS-CWS,49,51,59,yes
1754960519404,1754960519,KXMLBGAME-25AUG11PITMIL-PIT,4,96,200,no
1754960519404,1754960519,KXMLBGAME-25AUG11PITMIL-PIT,4,96,1,no
1754960519707,1754960519,KXMLBGAME-25AUG11DETCWS-CWS,49,51,292,yes
1754960526966,1754960526,KXMLBGAME-25AUG11BOSHOU-BOS,67,33,65,yes
1754960529288,1754960529,KXMLBGAME-25AUG11BOSHOU-HOU,33,67,20,yes
1754960529288,1754960529,KXMLBGAME-25AUG11BOSHOU-HOU,33,67,153,yes
1754960530495,1754960530,KXMLBGAME-25AUG11DETCWS-CWS,49,51,19,yes
1754960531065,1754960531,KXMLBGAME-25AUG11LADLAA-LAD,62,38,535,yes
1754960531215,1754960531,KXMLBGAME-25AUG11BOSHOU-BOS,69,31,120,yes
1754960537265,1754960537,KXMLBGAME-25AUG11SDSF-SD,46,54,167,yes
1754960542244,1754960542,KXMLBGAME-25AUG11LADLAA-LAD,62,38,78,yes
1754960546495,1754960546,KXMLBGAME-25AUG11BOSHOU-HOU,43,57,6,yes
1754960546495,1754960546,KXMLBGAME-25AUG11BOSHOU-HOU,44,56,100,yes
1754960546496,1754960546,KXMLBGAME-25AUG11BOSHOU-HOU,46,54,1,yes
1754960546496,1754960546,KXMLBGAME-25AUG11BOSHOU-HOU,48,52,19,yes
1754960546496,1754960546,KXMLBGAME-25AUG11BOSHOU-HOU,64,36,40,yes
1754960546496,1754960546,KXMLBGAME-25AUG11BOSHOU-HOU,65,35,172,yes
1754960546545,1754960546,KXMLBGAME-25AUG11BOSHOU-BOS,67,33,1,no
1754960546546,1754960546,KXMLBGAME-25AUG11BOSHOU-BOS,60,40,5,no
1754960547775,1754960547,KXMLBGAME-25AUG11WSHKC-WSH,49,51,50,yes
1754960547816,1754960547,KXMLBGAME-25AUG11WSHKC-KC,51,49,50,no
1754960552904,1754960552,KXMLBGAME-25AUG11WSHKC-WSH,46,54,57,no
1754960556424,1754960556,KXMLBGAME-25AUG11DETCWS-DET,52,48,46,yes
1754960556844,1754960556,KXMLBGAME-25AUG11LADLAA-LAD,62,38,234,yes
1754960557835,1754960557,KXMLBGAME-25AUG11AZTEX-AZ,86,14,3,no
1754960557935,1754960557,KXMLBGAME-25AUG11BOSHOU-HOU,64,36,10,yes
1754960557967,1754960557,KXMLBGAME-25AUG11BOSHOU-BOS,60,40,1,no
1754960557968,1754960557,KXMLBGAME-25AUG11BOSHOU-BOS,55,45,1,no
1754960557968,1754960557,KXMLBGAME-25AUG11BOSHOU-BOS,51,49,8,no
1754960559155,1754960559,KXMLBGAME-25AUG11SDSF-SD,46,54,27,yes
1754960563385,1754960563,KXMLBGAME-25AUG11PITMIL-MIL,97,3,7,yes
1754960566196,1754960566,KXMLBGAME-25AUG11BOSHOU-HOU,44,56,10,yes
1754960567555,1754960567,KXMLBGAME-25AUG11MINNYY-NYY,96,4,170,yes
1754960567555,1754960567,KXMLBGAME-25AUG11MINNYY-NYY,96,4,110,yes
1754960567555,1754960567,KXMLBGAME-25AUG11MINNYY-NYY,96,4,400,yes
1754960568960,1754960568,KXMLBGAME-25AUG11DETCWS-CWS,49,51,93,yes
1754960568960,1754960568,KXMLBGAME-25AUG11DETCWS-CWS,49,51,1345,yes
1754960568960,1754960568,KXMLBGAME-25AUG11DETCWS-CWS,49,51,17,yes
1754960568960,1754960568,KXMLBGAME-25AUG11DETCWS-CWS,50,50,79,yes
1754960568960,1754960568,KXMLBGAME-25AUG11DETCWS-CWS,50,50,200,yes
1754960568960,1754960568,KXMLBGAME-25AUG11DETCWS-CWS,50,50,400,yes
1754960568960,1754960568,KXMLBGAME-25AUG11DETCWS-CWS,50,50,1188,yes
1754960568960,1754960568,KXMLBGAME-25AUG11DETCWS-CWS,51,49,370,yes
1754960568960,1754960568,KXMLBGAME-25AUG11DETCWS-CWS,51,49,300,yes
1754960568960,1754960568,KXMLBGAME-25AUG11DETCWS-CWS,51,49,200,yes
1754960568960,1754960568,KXMLBGAME-25AUG11DETCWS-CWS,51,49,400,yes
1754960568960,1754960568,KXMLBGAME-25AUG11DETCWS-CWS,53,47,229,yes
1754960574372,1754960574,KXMLBGAME-25AUG11BOSHOU-BOS,59,41,17,yes
1754960575562,1754960575,KXMLBGAME-25AUG11BOSHOU-HOU,44,56,8,yes
1754960575563,1754960575,KXMLBGAME-25AUG11BOSHOU-HOU,44,56,8,yes
1754960575563,1754960575,KXMLBGAME-25AUG11BOSHOU-HOU,44,56,5,yes
1754960577017,1754960576,KXMLBGAME-25AUG11MINNYY-NYY,98,2,300,yes
1754960577017,1754960576,KXMLBGAME-25AUG11MINNYY-NYY,98,2,112,yes
1754960577017,1754960576,KXMLBGAME-25AUG11MINNYY-NYY,98,2,300,yes
1754960577017,1754960576,KXMLBGAME-25AUG11MINNYY-NYY,98,2,200,yes
1754960577017,1754960576,KXMLBGAME-25AUG11MINNYY-NYY,98,2,400,yes
1754960577017,1754960576,KXMLBGAME-25AUG11MINNYY-NYY,99,1,1000,yes
1754960577017,1754960576,KXMLBGAME-25AUG11MINNYY-NYY,99,1,600,yes
1754960577017,1754960576,KXMLBGAME-25AUG11MINNYY-NYY,99,1,1000,yes
1754960577017,1754960576,KXMLBGAME-25AUG11MINNYY-NYY,99,1,400,yes
1754960577017,1754960576,KXMLBGAME-25AUG11MINNYY-NYY,99,1,141,yes
1754960579055,1754960579,KXMLBGAME-25AUG11BOSHOU-HOU,43,57,21,yes
1754960581676,1754960581,KXMLBGAME-25AUG11DETCWS-CWS,48,52,42,no
1754960583225,1754960583,KXMLBGAME-25AUG11BOSHOU-HOU,43,57,223,yes
1754960586446,1754960586,KXMLBGAME-25AUG11LADLAA-LAD,62,38,40,yes
1754960587397,1754960587,KXMLBGAME-25AUG11DETCWS-DET,52,48,4,yes
1754960588086,1754960588,KXMLBGAME-25AUG11BOSHOU-HOU,44,56,54,yes
1754960588805,1754960588,KXMLBGAME-25AUG11WSHKC-KC,34,66,5,no
1754960588805,1754960588,KXMLBGAME-25AUG11WSHKC-KC,32,68,42,no
1754960589276,1754960589,KXMLBGAME-25AUG11BOSHOU-HOU,44,56,437,yes
1754960590505,1754960590,KXMLBGAME-25AUG11PITMIL-PIT,5,95,56,yes
1754960590725,1754960590,KXMLBGAME-25AUG11BOSHOU-HOU,43,57,20,no
1754960590976,1754960590,KXMLBGAME-25AUG11WSHKC-WSH,63,37,57,yes
1754960593407,1754960593,KXMLBGAME-25AUG11BOSHOU-HOU,43,57,111,yes
1754960595245,1754960595,KXMLBGAME-25AUG11DETCWS-CWS,49,51,22,no
1754960595486,1754960595,KXMLBGAME-25AUG11BOSHOU-BOS,59,41,168,yes
1754960595777,1754960595,KXMLBGAME-25AUG11AZTEX-TEX,13,87,14,yes
1754960597556,1754960597,KXMLBGAME-25AUG11PITMIL-MIL,97,3,2,yes
1754960598477,1754960598,KXMLBGAME-25AUG11BOSHOU-BOS,59,41,32,no
1754960598708,1754960598,KXMLBGAME-25AUG11BOSHOU-HOU,43,57,10,yes
1754960599840,1754960599,KXMLBGAME-25AUG11BOSHOU-HOU,43,57,33,yes
1754960603256,1754960603,KXMLBGAME-25AUG11DETCWS-DET,50,50,42,yes
1754960603616,1754960603,KXMLBGAME-25AUG11WSHKC-WSH,68,32,68,yes
1754960603616,1754960603,KXMLBGAME-25AUG11WSHKC-WSH,69,31,60,yes
1754960603616,1754960603,KXMLBGAME-25AUG11WSHKC-WSH,69,31,14,yes
1754960604655,1754960604,KXMLBGAME-25AUG11WSHKC-WSH,68,32,8,yes
1754960605605,1754960605,KXMLBGAME-25AUG11BOSHOU-HOU,43,57,27,yes
1754960613386,1754960613,KXMLBGAME-25AUG11TBATH-TB,50,50,21,yes
1754960614735,1754960614,KXMLBGAME-25AUG11WSHKC-KC,29,71,95,no
1754960616156,1754960616,KXMLBGAME-25AUG11WSHKC-KC,29,71,3,no
1754960617755,1754960617,KXMLBGAME-25AUG11COLSTL-COL,24,76,151,yes
1754960617755,1754960617,KXMLBGAME-25AUG11COLSTL-COL,24,76,165,yes
1754960618516,1754960618,KXMLBGAME-25AUG11PITMIL-MIL,97,3,2,yes
1754960620958,1754960620,KXMLBGAME-25AUG11PITMIL-MIL,94,6,88,no
1754960627166,1754960627,KXMLBGAME-25AUG11WSHKC-WSH,65,35,500,yes
1754960627166,1754960627,KXMLBGAME-25AUG11WSHKC-WSH,66,34,233,yes
1754960629396,1754960629,KXMLBGAME-25AUG11SDSF-SD,46,54,20,yes
1754960632115,1754960632,KXMLBGAME-25AUG11LADLAA-LAA,39,61,12,yes
1754960632960,1754960632,KXMLBGAME-25AUG11DETCWS-DET,50,50,28,yes
1754960640367,1754960640,KXMLBGAME-25AUG11MINNYY-NYY,96,4,15,no
1754960641396,1754960641,KXMLBGAME-25AUG11DETCWS-DET,50,50,195,yes
1754960643266,1754960643,KXMLBGAME-25AUG11BOSHOU-HOU,42,58,57,yes
1754960645415,1754960645,KXMLBGAME-25AUG11PITMIL-PIT,5,95,18,yes
1754960646130,1754960646,KXMLBGAME-25AUG11WSHKC-WSH,66,34,22,yes
1754960648167,1754960648,KXMLBGAME-25AUG11DETCWS-DET,50,50,400,yes
1754960648167,1754960648,KXMLBGAME-25AUG11DETCWS-DET,51,49,555,yes
1754960649776,1754960649,KXMLBGAME-25AUG11BOSHOU-HOU,42,58,6,yes
1754960651261,1754960651,KXMLBGAME-25AUG11BOSHOU-BOS,60,40,9,yes
1754960651777,1754960651,KXMLBGAME-25AUG11PITMIL-MIL,94,6,100,no
1754960652363,1754960652,KXMLBGAME-25AUG11DETCWS-DET,50,50,193,yes
1754960652363,1754960652,KXMLBGAME-25AUG11BOSHOU-HOU,42,58,137,yes
1754960653666,1754960653,KXMLBGAME-25AUG11SDSF-SD,46,54,10,yes
1754960653669,1754960653,KXMLBGAME-25AUG11BOSHOU-HOU,38,62,1,no
1754960657582,1754960657,KXMLBGAME-25AUG11DETCWS-DET,50,50,21,yes
1754960657582,1754960657,KXMLBGAME-25AUG11WSHKC-WSH,64,36,32,no
1754960658867,1754960658,KXMLBGAME-25AUG11WSHKC-KC,34,66,255,no
1754960664066,1754960664,KXMLBGAME-25AUG11WSHKC-WSH,68,32,3,yes
1754960664166,1754960664,KXMLBGAME-25AUG11BOSHOU-BOS,64,36,15,yes
1754960665131,1754960665,KXMLBGAME-25AUG11BOSHOU-HOU,38,62,176,yes
1754960671777,1754960671,KXMLBGAME-25AUG11AZTEX-AZ,88,12,1050,no
1754960673836,1754960673,KXMLBGAME-25AUG11AZTEX-TEX,12,88,7,yes
1754960673955,1754960673,KXMLBGAME-25AUG11PITMIL-PIT,5,95,39,yes
1754960673955,1754960673,KXMLBGAME-25AUG11PITMIL-PIT,5,95,735,yes
1754960673955,1754960673,KXMLBGAME-25AUG11PITMIL-PIT,5,95,265,yes
1754960673955,1754960673,KXMLBGAME-25AUG11PITMIL-PIT,5,95,5,yes
1754960675246,1754960675,KXMLBGAME-25AUG11BOSHOU-BOS,64,36,112,yes
1754960675246,1754960675,KXMLBGAME-25AUG11BOSHOU-BOS,65,35,39,yes
1754960675265,1754960675,KXMLBGAME-25AUG11COLSTL-COL,23,77,82,yes
1754960676096,1754960676,KXMLBGAME-25AUG11DETCWS-DET,50,50,193,yes
1754960676676,1754960676,KXMLBGAME-25AUG11WSHKC-WSH,68,32,397,yes
1754960676676,1754960676,KXMLBGAME-25AUG11WSHKC-WSH,68,32,3,yes
1754960677356,1754960677,KXMLBGAME-25AUG11MINNYY-MIN,2,98,46,no
1754960677356,1754960677,KXMLBGAME-25AUG11MINNYY-MIN,2,98,74,no
1754960678205,1754960678,KXMLBGAME-25AUG11PITMIL-MIL,96,4,5,yes
1754960681136,1754960681,KXMLBGAME-25AUG11DETCWS-DET,50,50,107,yes
1754960681136,1754960681,KXMLBGAME-25AUG11DETCWS-DET,51,49,84,yes
1754960681726,1754960681,KXMLBGAME-25AUG11WSHKC-WSH,68,32,119,yes
1754960682676,1754960682,KXMLBGAME-25AUG11PITMIL-PIT,6,94,63,yes
1754960682676,1754960682,KXMLBGAME-25AUG11PITMIL-PIT,6,94,93,yes
1754960684447,1754960684,KXMLBGAME-25AUG11DETCWS-DET,51,49,716,yes
1754960684447,1754960684,KXMLBGAME-25AUG11DETCWS-DET,51,49,42,yes
1754960685918,1754960685,KXMLBGAME-25AUG11DETCWS-DET,51,49,47,yes
1754960686425,1754960686,KXMLBGAME-25AUG11TBATH-ATH,51,49,9,yes
1754960689565,1754960689,KXMLBGAME-25AUG11WSHKC-WSH,67,33,92,yes
1754960689665,1754960689,KXMLBGAME-25AUG11DETCWS-DET,51,49,200,yes
1754960689975,1754960689,KXMLBGAME-25AUG11MINNYY-MIN,3,97,31,yes
1754960690147,1754960690,KXMLBGAME-25AUG11BOSHOU-BOS,64,36,39,yes
1754960691076,1754960691,KXMLBGAME-25AUG11COLSTL-COL,24,76,19,yes
1754960691946,1754960691,KXMLBGAME-25AUG11AZTEX-TEX,8,92,40,no
1754960694656,1754960694,KXMLBGAME-25AUG11BOSHOU-HOU,38,62,63,yes
1754960694835,1754960694,KXMLBGAME-25AUG11DETCWS-DET,51,49,13,yes
1754960695597,1754960695,KXMLBGAME-25AUG11WSHKC-WSH,67,33,21,yes
1754960695666,1754960695,KXMLBGAME-25AUG11WSHKC-WSH,67,33,20,yes
1754960696886,1754960696,KXMLBGAME-25AUG11DETCWS-CWS,51,49,62,yes
1754960699966,1754960699,KXMLBGAME-25AUG11BOSHOU-HOU,38,62,50,yes
1754960707567,1754960707,KXMLBGAME-25AUG11WSHKC-WSH,65,35,112,no
1754960707567,1754960707,KXMLBGAME-25AUG11WSHKC-WSH,64,36,300,no
1754960708811,1754960708,KXMLBGAME-25AUG11DETCWS-CWS,51,49,20,yes
1754960708811,1754960708,KXMLBGAME-25AUG11DETCWS-CWS,51,49,47,yes
1754960708811,1754960708,KXMLBGAME-25AUG11DETCWS-CWS,52,48,90,yes
1754960708867,1754960708,KXMLBGAME-25AUG11WSHKC-KC,35,65,107,yes
1754960708867,1754960708,KXMLBGAME-25AUG11WSHKC-KC,35,65,122,yes
1754960708867,1754960708,KXMLBGAME-25AUG11WSHKC-KC,36,64,112,yes
1754960708867,1754960708,KXMLBGAME-25AUG11WSHKC-KC,36,64,711,yes
1754960711199,1754960711,KXMLBGAME-25AUG11BOSHOU-HOU,38,62,187,yes
1754960711199,1754960711,KXMLBGAME-25AUG11BOSHOU-HOU,39,61,600,yes
1754960711199,1754960711,KXMLBGAME-25AUG11BOSHOU-HOU,39,61,400,yes
1754960711199,1754960711,KXMLBGAME-25AUG11BOSHOU-HOU,39,61,200,yes
1754960711199,1754960711,KXMLBGAME-25AUG11BOSHOU-HOU,39,61,56,yes
1754960711199,1754960711,KXMLBGAME-25AUG11BOSHOU-HOU,40,60,200,yes
1754960711199,1754960711,KXMLBGAME-25AUG11BOSHOU-HOU,40,60,383,yes
1754960713045,1754960713,KXMLBGAME-25AUG11MINNYY-NYY,95,5,15,no
1754960713477,1754960713,KXMLBGAME-25AUG11BOSHOU-HOU,40,60,42,yes
1754960716157,1754960716,KXMLBGAME-25AUG11WSHKC-WSH,62,38,300,no
1754960716157,1754960716,KXMLBGAME-25AUG11WSHKC-WSH,61,39,1490,no
1754960716256,1754960716,KXMLBGAME-25AUG11BOSHOU-HOU,38,62,13,yes
1754960718216,1754960718,KXMLBGAME-25AUG11DETCWS-DET,51,49,50,yes
1754960719645,1754960719,KXMLBGAME-25AUG11BOSHOU-HOU,36,64,19,no
1754960722488,1754960722,KXMLBGAME-25AUG11AZTEX-AZ,87,13,52,yes
1754960723638,1754960723,KXMLBGAME-25AUG11WSHKC-WSH,62,38,1035,no
1754960723966,1754960723,KXMLBGAME-25AUG11AZTEX-AZ,87,13,6,yes
1754960724255,1754960724,KXMLBGAME-25AUG11WSHKC-KC,38,62,3,yes
1754960724305,1754960724,KXMLBGAME-25AUG11DETCWS-DET,51,49,11,yes
1754960725416,1754960725,KXMLBGAME-25AUG11WSHKC-KC,36,64,15,no
1754960726016,1754960725,KXMLBGAME-25AUG11DETCWS-DET,51,49,56,yes
1754960727038,1754960726,KXMLBGAME-25AUG11PITMIL-PIT,6,94,15,yes
1754960729550,1754960729,KXMLBGAME-25AUG11WSHKC-WSH,62,38,11,no
1754960730455,1754960730,KXMLBGAME-25AUG11WSHKC-WSH,64,36,152,yes
1754960730557,1754960730,KXMLBGAME-25AUG11WSHKC-WSH,64,36,148,yes
1754960730557,1754960730,KXMLBGAME-25AUG11WSHKC-WSH,64,36,4,yes
1754960730736,1754960730,KXMLBGAME-25AUG11BOSHOU-BOS,63,37,38,yes
1754960731324,1754960731,KXMLBGAME-25AUG11BOSHOU-HOU,38,62,5,yes
1754960731606,1754960731,KXMLBGAME-25AUG11DETCWS-DET,51,49,18,yes
1754960734174,1754960734,KXMLBGAME-25AUG11WSHKC-WSH,64,36,15,yes
1754960736077,1754960735,KXMLBGAME-25AUG11WSHKC-KC,38,62,63,yes
1754960738698,1754960738,KXMLBGAME-25AUG11COLSTL-COL,25,75,40,no
1754960738698,1754960738,KXMLBGAME-25AUG11COLSTL-COL,22,78,300,no
1754960738698,1754960738,KXMLBGAME-25AUG11COLSTL-COL,22,78,112,no
1754960738787,1754960738,KXMLBGAME-25AUG11COLSTL-STL,78,22,112,yes
1754960738787,1754960738,KXMLBGAME-25AUG11COLSTL-STL,79,21,38,yes
1754960738896,1754960738,KXMLBGAME-25AUG11DETCWS-DET,51,49,38,yes
1754960738946,1754960738,KXMLBGAME-25AUG11COLSTL-COL,20,80,38,no
1754960742551,1754960742,KXMLBGAME-25AUG11MINNYY-MIN,3,97,341,yes
1754960742551,1754960742,KXMLBGAME-25AUG11MINNYY-MIN,3,97,800,yes
1754960742916,1754960742,KXMLBGAME-25AUG11DETCWS-DET,51,49,15,yes
1754960743526,1754960743,KXMLBGAME-25AUG11WSHKC-WSH,64,36,30,yes
1754960751735,1754960751,KXMLBGAME-25AUG11WSHKC-WSH,64,36,15,yes
1754960755471,1754960755,KXMLBGAME-25AUG11SDSF-SF,55,45,1,yes
1754960756952,1754960756,KXMLBGAME-25AUG11WSHKC-WSH,64,36,300,yes
1754960756952,1754960756,KXMLBGAME-25AUG11WSHKC-WSH,65,35,200,yes
1754960756952,1754960756,KXMLBGAME-25AUG11WSHKC-WSH,65,35,400,yes
1754960756952,1754960756,KXMLBGAME-25AUG11WSHKC-WSH,65,35,155,yes
1754960757460,1754960757,KXMLBGAME-25AUG11TBATH-ATH,51,49,56,yes
1754960757476,1754960757,KXMLBGAME-25AUG11COLSTL-COL,22,78,112,yes
1754960760569,1754960760,KXMLBGAME-25AUG11COLSTL-COL,22,78,104,yes
1754960760770,1754960760,KXMLBGAME-25AUG11WSHKC-WSH,64,36,17,yes
1754960762161,1754960762,KXMLBGAME-25AUG11BOSHOU-HOU,36,64,5,yes
1754960762870,1754960762,KXMLBGAME-25AUG11AZTEX-TEX,15,85,62,yes
1754960764266,1754960763,KXMLBGAME-25AUG11AZTEX-AZ,85,15,119,no
1754960764266,1754960764,KXMLBGAME-25AUG11MINNYY-NYY,97,3,3,yes
1754960773606,1754960773,KXMLBGAME-25AUG11DETCWS-DET,51,49,99,yes
1754960774717,1754960774,KXMLBGAME-25AUG11MINNYY-NYY,95,5,48,no
1754960774717,1754960774,KXMLBGAME-25AUG11MINNYY-NYY,95,5,3,no
1754960774717,1754960774,KXMLBGAME-25AUG11MINNYY-NYY,94,6,172,no
1754960775476,1754960775,KXMLBGAME-25AUG11BOSHOU-HOU,36,64,13,yes
1754960778839,1754960778,KXMLBGAME-25AUG11BOSHOU-HOU,35,65,69,no
1754960778919,1754960778,KXMLBGAME-25AUG11AZTEX-TEX,15,85,10,yes
1754960780716,1754960780,KXMLBGAME-25AUG11BOSHOU-HOU,36,64,26,yes
1754960781895,1754960781,KXMLBGAME-25AUG11DETCWS-DET,53,47,87,yes
1754960784491,1754960784,KXMLBGAME-25AUG11WSHKC-WSH,64,36,15,yes
1754960787417,1754960787,KXMLBGAME-25AUG11DETCWS-CWS,48,52,364,yes
1754960788347,1754960788,KXMLBGAME-25AUG11DETCWS-DET,53,47,213,yes
1754960788347,1754960788,KXMLBGAME-25AUG11DETCWS-DET,54,46,29,yes
1754960789168,1754960789,KXMLBGAME-25AUG11DETCWS-CWS,48,52,46,yes
1754960793376,1754960793,KXMLBGAME-25AUG11DETCWS-DET,53,47,300,yes
1754960793376,1754960793,KXMLBGAME-25AUG11DETCWS-DET,54,46,243,yes
1754960794207,1754960794,KXMLBGAME-25AUG11AZTEX-AZ,88,12,1500,yes
1754960794207,1754960794,KXMLBGAME-25AUG11AZTEX-AZ,88,12,50,yes
1754960794207,1754960794,KXMLBGAME-25AUG11AZTEX-AZ,88,12,300,yes
1754960794207,1754960794,KXMLBGAME-25AUG11AZTEX-AZ,89,11,399,yes
1754960795826,1754960795,KXMLBGAME-25AUG11DETCWS-DET,54,46,8,yes
1754960798916,1754960798,KXMLBGAME-25AUG11WSHKC-WSH,62,38,23,no
1754960801536,1754960801,KXMLBGAME-25AUG11WSHKC-WSH,64,36,110,yes
1754960801757,1754960801,KXMLBGAME-25AUG11COLSTL-STL,81,19,112,yes
1754960801757,1754960801,KXMLBGAME-25AUG11COLSTL-STL,81,19,145,yes
1754960803427,1754960803,KXMLBGAME-25AUG11BOSHOU-BOS,56,44,50,no
1754960804305,1754960804,KXMLBGAME-25AUG11MINNYY-MIN,3,97,264,no
1754960804486,1754960804,KXMLBGAME-25AUG11BOSHOU-HOU,44,56,50,yes
1754960806006,1754960805,KXMLBGAME-25AUG11BOSHOU-HOU,50,50,32,yes
1754960806006,1754960805,KXMLBGAME-25AUG11BOSHOU-HOU,52,48,1,yes
1754960806057,1754960806,KXMLBGAME-25AUG11BOSHOU-BOS,51,49,11,no
1754960806057,1754960806,KXMLBGAME-25AUG11BOSHOU-HOU,56,44,11,no
1754960806276,1754960806,KXMLBGAME-25AUG11BOSHOU-HOU,56,44,1,no
1754960807295,1754960807,KXMLBGAME-25AUG11DETCWS-CWS,49,51,47,yes
1754960809616,1754960809,KXMLBGAME-25AUG11DETCWS-DET,52,48,1,yes
1754960809965,1754960809,KXMLBGAME-25AUG11DETCWS-CWS,49,51,19,yes
1754960814066,1754960814,KXMLBGAME-25AUG11LADLAA-LAD,62,38,274,yes
1754960814126,1754960814,KXMLBGAME-25AUG11PITMIL-PIT,8,92,36,yes
1754960814367,1754960814,KXMLBGAME-25AUG11WSHKC-WSH,64,36,15,yes
1754960819335,1754960819,KXMLBGAME-25AUG11BOSHOU-HOU,59,41,20,no
1754960819335,1754960819,KXMLBGAME-25AUG11BOSHOU-BOS,45,55,20,no
1754960819396,1754960819,KXMLBGAME-25AUG11BOSHOU-HOU,59,41,20,no
1754960820155,1754960820,KXMLBGAME-25AUG11BOSHOU-HOU,62,38,100,yes
1754960820855,1754960820,KXMLBGAME-25AUG11DETCWS-DET,53,47,90,yes
1754960820855,1754960820,KXMLBGAME-25AUG11DETCWS-DET,53,47,84,yes
1754960822441,1754960822,KXMLBGAME-25AUG11DETCWS-DET,53,47,54,yes
1754960823626,1754960823,KXMLBGAME-25AUG11AZTEX-AZ,87,13,300,yes
1754960828094,1754960828,KXMLBGAME-25AUG11WSHKC-KC,37,63,129,yes
1754960828115,1754960828,KXMLBGAME-25AUG11BOSHOU-HOU,65,35,15,yes
1754960829747,1754960829,KXMLBGAME-25AUG11MINNYY-MIN,4,96,11,no
1754960830148,1754960830,KXMLBGAME-25AUG11MINNYY-MIN,5,95,113,yes
1754960830148,1754960830,KXMLBGAME-25AUG11MINNYY-MIN,5,95,300,yes
1754960834155,1754960834,KXMLBGAME-25AUG11WSHKC-WSH,64,36,15,yes
1754960838167,1754960838,KXMLBGAME-25AUG11SDSF-SD,46,54,14,yes
1754960839016,1754960838,KXMLBGAME-25AUG11TBATH-TB,50,50,68,yes
1754960839016,1754960838,KXMLBGAME-25AUG11TBATH-TB,50,50,32,yes
1754960842105,1754960842,KXMLBGAME-25AUG11DETCWS-DET,54,46,55,yes
1754960843651,1754960843,KXMLBGAME-25AUG11WSHKC-WSH,64,36,128,yes
1754960843651,1754960843,KXMLBGAME-25AUG11WSHKC-WSH,65,35,36,yes
1754960847365,1754960846,KXMLBGAME-25AUG11AZTEX-TEX,13,87,2,yes
1754960849153,1754960848,KXMLBGAME-25AUG11BOSHOU-HOU,65,35,13,yes
1754960849153,1754960848,KXMLBGAME-25AUG11BOSHOU-HOU,65,35,50,yes
1754960849153,1754960848,KXMLBGAME-25AUG11BOSHOU-HOU,65,35,87,yes
1754960849967,1754960849,KXMLBGAME-25AUG11MINNYY-MIN,5,95,411,no
1754960850166,1754960850,KXMLBGAME-25AUG11BOSHOU-HOU,65,35,10,yes
1754960850752,1754960850,KXMLBGAME-25AUG11WSHKC-WSH,64,36,1,yes
1754960852846,1754960852,KXMLBGAME-25AUG11BOSHOU-BOS,36,64,300,yes
1754960854725,1754960854,KXMLBGAME-25AUG11WSHKC-KC,37,63,12,yes
1754960856945,1754960856,KXMLBGAME-25AUG11LADLAA-LAD,62,38,39,yes
1754960857556,1754960857,KXMLBGAME-25AUG11MINNYY-MIN,6,94,31,yes
1754960858026,1754960857,KXMLBGAME-25AUG11LADLAA-LAD,62,38,119,yes
1754960861237,1754960861,KXMLBGAME-25AUG11WSHKC-WSH,65,35,13,yes
1754960861975,1754960861,KXMLBGAME-25AUG11WSHKC-WSH,65,35,30,yes
1754960863105,1754960863,KXMLBGAME-25AUG11TBATH-TB,50,50,54,yes
1754960863805,1754960863,KXMLBGAME-25AUG11BOSHOU-HOU,65,35,45,yes
1754960866385,1754960866,KXMLBGAME-25AUG11DETCWS-DET,54,46,134,yes
1754960868006,1754960867,KXMLBGAME-25AUG11BOSHOU-HOU,64,36,119,no
1754960870517,1754960870,KXMLBGAME-25AUG11MINNYY-NYY,96,4,112,yes
1754960870517,1754960870,KXMLBGAME-25AUG11MINNYY-NYY,96,4,722,yes
1754960870517,1754960870,KXMLBGAME-25AUG11MINNYY-NYY,97,3,20,yes
1754960870517,1754960870,KXMLBGAME-25AUG11MINNYY-NYY,97,3,300,yes
1754960870517,1754960870,KXMLBGAME-25AUG11MINNYY-NYY,97,3,200,yes
1754960870517,1754960870,KXMLBGAME-25AUG11MINNYY-NYY,97,3,400,yes
1754960870518,1754960870,KXMLBGAME-25AUG11MINNYY-NYY,97,3,1000,yes
1754960870518,1754960870,KXMLBGAME-25AUG11MINNYY-NYY,98,2,337,yes
1754960870577,1754960870,KXMLBGAME-25AUG11PITMIL-MIL,96,4,1,yes
1754960871831,1754960871,KXMLBGAME-25AUG11WSHKC-KC,36,64,17,no
1754960872516,1754960872,KXMLBGAME-25AUG11WSHKC-WSH,64,36,300,yes
1754960872516,1754960872,KXMLBGAME-25AUG11WSHKC-WSH,65,35,154,yes
1754960874075,1754960874,KXMLBGAME-25AUG11BOSHOU-HOU,64,36,181,no
1754960874075,1754960874,KXMLBGAME-25AUG11BOSHOU-HOU,63,37,112,no
1754960874075,1754960874,KXMLBGAME-25AUG11BOSHOU-HOU,62,38,532,no
1754960878566,1754960878,KXMLBGAME-25AUG11DETCWS-CWS,48,52,10,yes
1754960880425,1754960880,KXMLBGAME-25AUG11PITMIL-MIL,96,4,5,yes
1754960882757,1754960882,KXMLBGAME-25AUG11MINNYY-NYY,97,3,400,yes
1754960882757,1754960882,KXMLBGAME-25AUG11MINNYY-NYY,97,3,200,yes
1754960882757,1754960882,KXMLBGAME-25AUG11MINNYY-NYY,97,3,112,yes
1754960882757,1754960882,KXMLBGAME-25AUG11MINNYY-NYY,97,3,9,yes
1754960886089,1754960886,KXMLBGAME-25AUG11AZTEX-TEX,14,86,13,yes
1754960891064,1754960891,KXMLBGAME-25AUG11PITMIL-PIT,4,96,112,no
1754960891938,1754960891,KXMLBGAME-25AUG11BOSHOU-BOS,37,63,12,yes
1754960896686,1754960896,KXMLBGAME-25AUG11AZTEX-TEX,12,88,15,yes
1754960900674,1754960900,KXMLBGAME-25AUG11MINNYY-NYY,97,3,5,yes
1754960902291,1754960902,KXMLBGAME-25AUG11AZTEX-TEX,12,88,15,yes
1754960902291,1754960902,KXMLBGAME-25AUG11PITMIL-MIL,96,4,15,yes
1754960903875,1754960903,KXMLBGAME-25AUG11BOSHOU-HOU,64,36,1,yes
1754960904376,1754960904,KXMLBGAME-25AUG11LADLAA-LAD,62,38,117,yes
1754960909100,1754960908,KXMLBGAME-25AUG11AZTEX-TEX,12,88,16,yes
1754960909675,1754960909,KXMLBGAME-25AUG11BOSHOU-BOS,37,63,15,yes
1754960910026,1754960909,KXMLBGAME-25AUG11BOSHOU-HOU,65,35,3,yes
1754960910876,1754960910,KXMLBGAME-25AUG11WSHKC-WSH,65,35,1,yes
1754960912084,1754960912,KXMLBGAME-25AUG11BOSHOU-BOS,37,63,129,yes
1754960913596,1754960913,KXMLBGAME-25AUG11WSHKC-KC,35,65,300,no
1754960913596,1754960913,KXMLBGAME-25AUG11WSHKC-KC,34,66,80,no
1754960913696,1754960913,KXMLBGAME-25AUG11WSHKC-WSH,65,35,100,yes
1754960913696,1754960913,KXMLBGAME-25AUG11WSHKC-WSH,65,35,1,yes
1754960915847,1754960915,KXMLBGAME-25AUG11BOSHOU-HOU,64,36,39,yes
1754960916746,1754960916,KXMLBGAME-25AUG11WSHKC-KC,34,66,224,yes
1754960917656,1754960917,KXMLBGAME-25AUG11LADLAA-LAD,62,38,5,yes
1754960918626,1754960918,KXMLBGAME-25AUG11COLSTL-STL,80,20,1,yes
1754960919605,1754960919,KXMLBGAME-25AUG11AZTEX-AZ,89,11,37,yes
1754960919605,1754960919,KXMLBGAME-25AUG11AZTEX-AZ,89,11,1,yes
1754960919605,1754960919,KXMLBGAME-25AUG11AZTEX-AZ,90,10,4,yes
1754960922055,1754960922,KXMLBGAME-25AUG11AZTEX-AZ,89,11,5,yes
1754960922668,1754960922,KXMLBGAME-25AUG11WSHKC-WSH,68,32,1,yes
1754960922668,1754960922,KXMLBGAME-25AUG11WSHKC-WSH,68,32,68,yes
1754960923198,1754960923,KXMLBGAME-25AUG11AZTEX-TEX,12,88,392,yes
1754960924177,1754960924,KXMLBGAME-25AUG11AZTEX-TEX,12,88,78,yes
1754960924177,1754960924,KXMLBGAME-25AUG11WSHKC-WSH,68,32,19,yes
1754960924178,1754960924,KXMLBGAME-25AUG11WSHKC-WSH,68,32,51,yes
1754960926645,1754960926,KXMLBGAME-25AUG11SDSF-SD,46,54,7,yes
1754960926915,1754960926,KXMLBGAME-25AUG11DETCWS-DET,52,48,300,yes
1754960926915,1754960926,KXMLBGAME-25AUG11DETCWS-DET,53,47,400,yes
1754960926915,1754960926,KXMLBGAME-25AUG11DETCWS-DET,53,47,200,yes
1754960926915,1754960926,KXMLBGAME-25AUG11DETCWS-DET,54,46,18,yes
1754960926966,1754960926,KXMLBGAME-25AUG11WSHKC-WSH,68,32,21,yes
1754960927776,1754960927,KXMLBGAME-25AUG11BOSHOU-BOS,37,63,300,yes
1754960927776,1754960927,KXMLBGAME-25AUG11BOSHOU-BOS,38,62,212,yes
1754960930596,1754960930,KXMLBGAME-25AUG11AZTEX-TEX,12,88,78,yes
1754960931709,1754960931,KXMLBGAME-25AUG11BOSHOU-BOS,37,63,38,yes
1754960932835,1754960932,KXMLBGAME-25AUG11DETCWS-CWS,49,51,47,yes
1754960933950,1754960933,KXMLBGAME-25AUG11COLSTL-COL,20,80,50,yes
1754960935760,1754960935,KXMLBGAME-25AUG11PITMIL-PIT,8,92,11,yes
1754960937055,1754960936,KXMLBGAME-25AUG11WSHKC-KC,34,66,281,yes
1754960942252,1754960942,KXMLBGAME-25AUG11MINNYY-NYY,96,4,305,no
1754960942252,1754960942,KXMLBGAME-25AUG11MINNYY-MIN,5,95,45,no
1754960942252,1754960942,KXMLBGAME-25AUG11MINNYY-MIN,5,95,260,no
1754960944866,1754960944,KXMLBGAME-25AUG11WSHKC-KC,34,66,28,yes
1754960945047,1754960944,KXMLBGAME-25AUG11AZTEX-TEX,12,88,39,yes
1754960945405,1754960945,KXMLBGAME-25AUG11COLSTL-STL,81,19,1,yes
1754960945905,1754960945,KXMLBGAME-25AUG11BOSHOU-HOU,64,36,49,yes
1754960947087,1754960947,KXMLBGAME-25AUG11PITMIL-MIL,96,4,1,yes
1754960951785,1754960951,KXMLBGAME-25AUG11DETCWS-DET,52,48,74,yes
1754960952086,1754960952,KXMLBGAME-25AUG11DETCWS-DET,52,48,18,yes
1754960955974,1754960955,KXMLBGAME-25AUG11AZTEX-AZ,88,12,21,no
1754960956295,1754960956,KXMLBGAME-25AUG11DETCWS-DET,52,48,10,yes
1754960956356,1754960956,KXMLBGAME-25AUG11BOSHOU-HOU,62,38,117,no
1754960956555,1754960956,KXMLBGAME-25AUG11BOSHOU-BOS,35,65,39,no
1754960957065,1754960957,KXMLBGAME-25AUG11SDSF-SD,46,54,418,yes
1754960957916,1754960957,KXMLBGAME-25AUG11BOSHOU-HOU,63,37,239,no
1754960959135,1754960959,KXMLBGAME-25AUG11PITMIL-MIL,96,4,103,yes
1754960959550,1754960959,KXMLBGAME-25AUG11WSHKC-KC,34,66,140,yes
1754960960866,1754960960,KXMLBGAME-25AUG11MINNYY-MIN,5,95,25,yes
1754960962895,1754960962,KXMLBGAME-25AUG11WSHKC-WSH,67,33,1,yes
1754960962895,1754960962,KXMLBGAME-25AUG11WSHKC-WSH,68,32,6,yes
1754960968677,1754960968,KXMLBGAME-25AUG11DETCWS-CWS,49,51,200,yes
1754960971995,1754960971,KXMLBGAME-25AUG11DETCWS-DET,50,50,2,no
1754960971995,1754960971,KXMLBGAME-25AUG11DETCWS-CWS,50,50,2,yes
1754960973522,1754960973,KXMLBGAME-25AUG11AZTEX-AZ,88,12,1,yes
1754960978006,1754960977,KXMLBGAME-25AUG11PITMIL-MIL,96,4,103,yes
1754960979986,1754960979,KXMLBGAME-25AUG11WSHKC-KC,34,66,13,yes
1754960981206,1754960981,KXMLBGAME-25AUG11BOSHOU-BOS,37,63,258,yes
1754960981476,1754960981,KXMLBGAME-25AUG11WSHKC-KC,33,67,1,no
1754960981476,1754960981,KXMLBGAME-25AUG11WSHKC-KC,32,68,82,no
1754960986586,1754960986,KXMLBGAME-25AUG11PITMIL-MIL,93,7,1,no
1754960986958,1754960986,KXMLBGAME-25AUG11WSHKC-WSH,68,32,28,yes
1754960987448,1754960987,KXMLBGAME-25AUG11BOSHOU-HOU,63,37,200,no
1754960987816,1754960987,KXMLBGAME-25AUG11DETCWS-DET,50,50,19,yes
1754960988145,1754960988,KXMLBGAME-25AUG11BOSHOU-BOS,37,63,104,yes
1754960988145,1754960988,KXMLBGAME-25AUG11BOSHOU-BOS,37,63,72,yes
1754960993757,1754960993,KXMLBGAME-25AUG11WSHKC-KC,32,68,5,no
1754960997145,1754960997,KXMLBGAME-25AUG11MINNYY-NYY,97,3,20,yes
1754961000086,1754961000,KXMLBGAME-25AUG11PITMIL-MIL,96,4,41,yes
1754961004601,1754961004,KXMLBGAME-25AUG11BOSHOU-HOU,60,40,50,no
1754961004768,1754961004,KXMLBGAME-25AUG11DETCWS-DET,50,50,3,yes
1754961008038,1754961007,KXMLBGAME-25AUG11DETCWS-DET,50,50,50,yes
1754961010471,1754961010,KXMLBGAME-25AUG11DETCWS-CWS,52,48,1,yes
1754961010471,1754961010,KXMLBGAME-25AUG11DETCWS-CWS,52,48,19,yes
1754961010471,1754961010,KXMLBGAME-25AUG11DETCWS-CWS,52,48,17,yes
1754961015985,1754961015,KXMLBGAME-25AUG11MINNYY-MIN,5,95,18,yes
1754961017311,1754961017,KXMLBGAME-25AUG11BOSHOU-BOS,38,62,2,yes
1754961017311,1754961017,KXMLBGAME-25AUG11BOSHOU-BOS,38,62,250,yes
1754961017448,1754961017,KXMLBGAME-25AUG11WSHKC-WSH,71,29,36,yes
1754961019068,1754961018,KXMLBGAME-25AUG11AZTEX-AZ,87,13,1,no
1754961021276,1754961021,KXMLBGAME-25AUG11BOSHOU-HOU,63,37,30,yes
1754961021697,1754961021,KXMLBGAME-25AUG11MINNYY-NYY,97,3,24,yes
1754961022507,1754961022,KXMLBGAME-25AUG11LADLAA-LAD,62,38,76,yes
1754961023743,1754961023,KXMLBGAME-25AUG11BOSHOU-HOU,60,40,1,no
1754961023743,1754961023,KXMLBGAME-25AUG11BOSHOU-HOU,59,41,19,no
1754961024226,1754961024,KXMLBGAME-25AUG11COLSTL-STL,82,18,3,yes
1754961024515,1754961024,KXMLBGAME-25AUG11BOSHOU-BOS,38,62,50,yes
1754961027570,1754961027,KXMLBGAME-25AUG11PITMIL-MIL,95,5,208,no
1754961029466,1754961029,KXMLBGAME-25AUG11DETCWS-DET,50,50,241,yes
1754961029979,1754961029,KXMLBGAME-25AUG11SDSF-SD,46,54,10,yes
1754961032874,1754961032,KXMLBGAME-25AUG11PITMIL-PIT,4,96,129,no
1754961032876,1754961032,KXMLBGAME-25AUG11COLSTL-COL,19,81,5,no
1754961033958,1754961033,KXMLBGAME-25AUG11AZTEX-AZ,88,12,1,yes
1754961033958,1754961033,KXMLBGAME-25AUG11AZTEX-AZ,89,11,21,yes
1754961034556,1754961033,KXMLBGAME-25AUG11COLSTL-COL,18,82,300,no
1754961034556,1754961033,KXMLBGAME-25AUG11COLSTL-COL,18,82,108,no
1754961034660,1754961034,KXMLBGAME-25AUG11COLSTL-STL,82,18,108,yes
1754961034735,1754961034,KXMLBGAME-25AUG11WSHKC-WSH,71,29,345,yes
1754961035167,1754961035,KXMLBGAME-25AUG11COLSTL-COL,18,82,6,yes
1754961035358,1754961035,KXMLBGAME-25AUG11WSHKC-KC,29,71,5,no
1754961038756,1754961038,KXMLBGAME-25AUG11BOSHOU-BOS,39,61,62,yes
1754961041104,1754961041,KXMLBGAME-25AUG11SDSF-SF,55,45,4318,yes
1754961044097,1754961044,KXMLBGAME-25AUG11DETCWS-DET,54,46,5,yes
1754961044196,1754961044,KXMLBGAME-25AUG11COLSTL-STL,84,16,1,yes
1754961044196,1754961044,KXMLBGAME-25AUG11COLSTL-STL,85,15,22,yes
1754961044971,1754961044,KXMLBGAME-25AUG11SDSF-SF,54,46,12,no
1754961045078,1754961045,KXMLBGAME-25AUG11BOSHOU-HOU,61,39,1,no
1754961045078,1754961045,KXMLBGAME-25AUG11BOSHOU-HOU,60,40,82,no
1754961045311,1754961045,KXMLBGAME-25AUG11MINNYY-NYY,96,4,1,no
1754961046556,1754961046,KXMLBGAME-25AUG11DETCWS-DET,53,47,2,yes
1754961046556,1754961046,KXMLBGAME-25AUG11DETCWS-DET,54,46,8,yes
1754961047906,1754961047,KXMLBGAME-25AUG11BOSHOU-BOS,39,61,93,yes
1754961047906,1754961047,KXMLBGAME-25AUG11BOSHOU-BOS,39,61,1,yes
1754961047906,1754961047,KXMLBGAME-25AUG11BOSHOU-BOS,40,60,200,yes
1754961047906,1754961047,KXMLBGAME-25AUG11BOSHOU-BOS,40,60,300,yes
1754961047906,1754961047,KXMLBGAME-25AUG11BOSHOU-BOS,40,60,112,yes
1754961047906,1754961047,KXMLBGAME-25AUG11BOSHOU-BOS,41,59,400,yes
1754961047906,1754961047,KXMLBGAME-25AUG11BOSHOU-BOS,41,59,84,yes
1754961053295,1754961053,KXMLBGAME-25AUG11COLSTL-COL,17,83,5,yes
1754961053685,1754961053,KXMLBGAME-25AUG11LADLAA-LAD,62,38,3,yes
1754961055796,1754961055,KXMLBGAME-25AUG11BOSHOU-BOS,39,61,61,yes
1754961057994,1754961057,KXMLBGAME-25AUG11COLSTL-STL,81,19,14,no
1754961065895,1754961065,KXMLBGAME-25AUG11DETCWS-DET,54,46,10,yes
1754961066564,1754961066,KXMLBGAME-25AUG11LADLAA-LAD,62,38,15,yes
1754961068205,1754961068,KXMLBGAME-25AUG11AZTEX-AZ,89,11,55,yes
1754961070914,1754961070,KXMLBGAME-25AUG11BOSHOU-BOS,37,63,147,no
1754961073787,1754961073,KXMLBGAME-25AUG11BOSHOU-HOU,61,39,70,no
1754961075175,1754961075,KXMLBGAME-25AUG11PITMIL-MIL,95,5,20,no
1754961075336,1754961075,KXMLBGAME-25AUG11WSHKC-WSH,68,32,12,no
1754961077054,1754961077,KXMLBGAME-25AUG11AZTEX-TEX,12,88,70,yes
1754961077366,1754961077,KXMLBGAME-25AUG11WSHKC-WSH,71,29,3,yes
1754961078144,1754961078,KXMLBGAME-25AUG11DETCWS-CWS,47,53,41,yes
1754961082237,1754961082,KXMLBGAME-25AUG11BOSHOU-HOU,61,39,930,no
1754961082906,1754961082,KXMLBGAME-25AUG11LADLAA-LAD,62,38,78,yes
1754961083797,1754961083,KXMLBGAME-25AUG11BOSHOU-BOS,39,61,13,yes
1754961084136,1754961084,KXMLBGAME-25AUG11DETCWS-DET,54,46,2,yes
1754961084136,1754961084,KXMLBGAME-25AUG11DETCWS-DET,55,45,3,yes
1754961088490,1754961088,KXMLBGAME-25AUG11PITMIL-MIL,96,4,9,yes
1754961088916,1754961088,KXMLBGAME-25AUG11WSHKC-WSH,72,28,34,yes
1754961089499,1754961089,KXMLBGAME-25AUG11DETCWS-DET,55,45,17,yes
1754961091226,1754961091,KXMLBGAME-25AUG11BOSHOU-BOS,39,61,245,yes
1754961091885,1754961091,KXMLBGAME-25AUG11WSHKC-KC,30,70,200,no
1754961092745,1754961092,KXMLBGAME-25AUG11DETCWS-DET,54,46,1,yes
1754961092745,1754961092,KXMLBGAME-25AUG11DETCWS-DET,55,45,236,yes
1754961097266,1754961097,KXMLBGAME-25AUG11WSHKC-KC,30,70,79,yes
1754961097817,1754961097,KXMLBGAME-25AUG11DETCWS-CWS,47,53,19,yes
1754961098296,1754961098,KXMLBGAME-25AUG11WSHKC-WSH,73,27,76,yes
1754961098616,1754961098,KXMLBGAME-25AUG11COLSTL-COL,18,82,26,yes
1754961099074,1754961099,KXMLBGAME-25AUG11LADLAA-LAA,39,61,36,yes
1754961103946,1754961103,KXMLBGAME-25AUG11MINNYY-MIN,2,98,23,no
1754961105896,1754961105,KXMLBGAME-25AUG11WSHKC-WSH,73,27,1,yes
1754961106367,1754961106,KXMLBGAME-25AUG11DETCWS-DET,55,45,1,yes
1754961106367,1754961106,KXMLBGAME-25AUG11DETCWS-DET,56,44,115,yes
1754961108006,1754961107,KXMLBGAME-25AUG11PITMIL-MIL,95,5,250,no
1754961108006,1754961107,KXMLBGAME-25AUG11PITMIL-MIL,95,5,44,no
1754961108006,1754961107,KXMLBGAME-25AUG11PITMIL-MIL,95,5,209,no
1754961118952,1754961118,KXMLBGAME-25AUG11WSHKC-KC,29,71,49,yes
1754961120349,1754961119,KXMLBGAME-25AUG11BOSHOU-HOU,61,39,85,no
1754961120459,1754961120,KXMLBGAME-25AUG11PITMIL-PIT,5,95,5,no
1754961120476,1754961120,KXMLBGAME-25AUG11WSHKC-KC,29,71,101,yes
1754961121656,1754961121,KXMLBGAME-25AUG11SDSF-SF,55,45,115,yes
1754961127149,1754961127,KXMLBGAME-25AUG11WSHKC-KC,29,71,150,yes
1754961127149,1754961127,KXMLBGAME-25AUG11WSHKC-KC,29,71,178,yes
1754961127896,1754961127,KXMLBGAME-25AUG11LADLAA-LAD,62,38,1,yes
1754961128085,1754961128,KXMLBGAME-25AUG11DETCWS-CWS,45,55,2,no
1754961128085,1754961128,KXMLBGAME-25AUG11DETCWS-CWS,45,55,39,no
1754961131956,1754961131,KXMLBGAME-25AUG11WSHKC-WSH,70,30,2,no
1754961132485,1754961132,KXMLBGAME-25AUG11PITMIL-PIT,5,95,7,no
1754961135095,1754961135,KXMLBGAME-25AUG11COLSTL-COL,18,82,525,yes
1754961142127,1754961142,KXMLBGAME-25AUG11COLSTL-STL,82,18,1,yes
1754961142489,1754961142,KXMLBGAME-25AUG11BOSHOU-BOS,39,61,24,yes
1754961142490,1754961142,KXMLBGAME-25AUG11AZTEX-AZ,90,10,27,yes
1754961144716,1754961144,KXMLBGAME-25AUG11WSHKC-WSH,71,29,30,no
1754961145013,1754961144,KXMLBGAME-25AUG11WSHKC-KC,29,71,35,yes
1754961145013,1754961144,KXMLBGAME-25AUG11WSHKC-KC,29,71,17,yes
1754961145778,1754961145,KXMLBGAME-25AUG11BOSHOU-HOU,61,39,23,no
1754961146214,1754961146,KXMLBGAME-25AUG11MINNYY-MIN,2,98,7,no
1754961158515,1754961158,KXMLBGAME-25AUG11WSHKC-KC,29,71,230,yes
1754961158515,1754961158,KXMLBGAME-25AUG11WSHKC-KC,29,71,98,yes
1754961160015,1754961159,KXMLBGAME-25AUG11BOSHOU-BOS,39,61,184,yes
1754961162536,1754961162,KXMLBGAME-25AUG11MINNYY-NYY,97,3,11,no
1754961162536,1754961162,KXMLBGAME-25AUG11MINNYY-NYY,96,4,2,no
1754961165126,1754961165,KXMLBGAME-25AUG11DETCWS-DET,55,45,1,yes
1754961165126,1754961165,KXMLBGAME-25AUG11DETCWS-DET,55,45,43,yes
1754961165176,1754961165,KXMLBGAME-25AUG11DETCWS-CWS,48,52,10,yes
1754961165876,1754961165,KXMLBGAME-25AUG11LADLAA-LAA,38,62,50,no
1754961166475,1754961166,KXMLBGAME-25AUG11BOSHOU-BOS,39,61,54,yes
1754961168725,1754961168,KXMLBGAME-25AUG11DETCWS-DET,55,45,176,yes
1754961169304,1754961169,KXMLBGAME-25AUG11SDSF-SD,46,54,60,yes
1754961173185,1754961173,KXMLBGAME-25AUG11PITMIL-MIL,95,5,294,no
1754961174048,1754961174,KXMLBGAME-25AUG11PITMIL-MIL,95,5,30,no
1754961174596,1754961174,KXMLBGAME-25AUG11BOSHOU-BOS,39,61,1,yes
1754961174596,1754961174,KXMLBGAME-25AUG11BOSHOU-BOS,39,61,30,yes
1754961181477,1754961181,KXMLBGAME-25AUG11AZTEX-TEX,14,86,67,yes
1754961181485,1754961181,KXMLBGAME-25AUG11BOSHOU-BOS,39,61,245,yes
1754961182416,1754961182,KXMLBGAME-25AUG11PITMIL-PIT,5,95,7,no
1754961185176,1754961185,KXMLBGAME-25AUG11DETCWS-DET,54,46,53,yes
1754961186375,1754961186,KXMLBGAME-25AUG11WSHKC-KC,29,71,202,yes
1754961186375,1754961186,KXMLBGAME-25AUG11WSHKC-KC,30,70,125,yes
1754961188555,1754961188,KXMLBGAME-25AUG11AZTEX-AZ,87,13,113,yes
1754961191635,1754961191,KXMLBGAME-25AUG11SDSF-SD,46,54,50,yes
1754961193157,1754961193,KXMLBGAME-25AUG11WSHKC-WSH,72,28,103,yes
1754961198337,1754961198,KXMLBGAME-25AUG11DETCWS-CWS,47,53,55,yes
1754961198466,1754961198,KXMLBGAME-25AUG11LADLAA-LAA,39,61,35,yes
1754961201346,1754961201,KXMLBGAME-25AUG11BOSHOU-BOS,39,61,1,yes
1754961201346,1754961201,KXMLBGAME-25AUG11BOSHOU-BOS,40,60,112,yes
1754961201346,1754961201,KXMLBGAME-25AUG11BOSHOU-BOS,40,60,126,yes
1754961201436,1754961201,KXMLBGAME-25AUG11WSHKC-WSH,73,27,23,yes
1754961201436,1754961201,KXMLBGAME-25AUG11WSHKC-WSH,73,27,48,yes
1754961201436,1754961201,KXMLBGAME-25AUG11WSHKC-WSH,73,27,299,yes
1754961201816,1754961201,KXMLBGAME-25AUG11LADLAA-LAD,62,38,20,yes
1754961202396,1754961202,KXMLBGAME-25AUG11MINNYY-MIN,2,98,49,no
1754961202826,1754961202,KXMLBGAME-25AUG11DETCWS-CWS,47,53,4,yes
1754961205586,1754961205,KXMLBGAME-25AUG11COLSTL-COL,18,82,56,yes
1754961205625,1754961205,KXMLBGAME-25AUG11BOSHOU-HOU,62,38,157,yes
1754961206306,1754961206,KXMLBGAME-25AUG11SDSF-SF,55,45,72,yes
1754961207675,1754961207,KXMLBGAME-25AUG11BOSHOU-HOU,61,39,1,no
1754961207675,1754961207,KXMLBGAME-25AUG11BOSHOU-HOU,60,40,128,no
1754961211230,1754961211,KXMLBGAME-25AUG11AZTEX-TEX,14,86,35,yes
1754961216552,1754961216,KXMLBGAME-25AUG11BOSHOU-HOU,61,39,52,yes
1754961217671,1754961217,KXMLBGAME-25AUG11BOSHOU-BOS,40,60,60,yes
1754961219867,1754961219,KXMLBGAME-25AUG11DETCWS-DET,54,46,7,yes
1754961220655,1754961220,KXMLBGAME-25AUG11PITMIL-MIL,96,4,20,yes
1754961222173,1754961222,KXMLBGAME-25AUG11AZTEX-AZ,87,13,6,yes
1754961224051,1754961223,KXMLBGAME-25AUG11DETCWS-DET,54,46,3,yes
1754961225506,1754961225,KXMLBGAME-25AUG11WSHKC-KC,29,71,65,yes
1754961228586,1754961228,KXMLBGAME-25AUG11DETCWS-CWS,48,52,2,yes
1754961228586,1754961228,KXMLBGAME-25AUG11DETCWS-CWS,49,51,7,yes
1754961230998,1754961230,KXMLBGAME-25AUG11COLSTL-STL,82,18,14,yes
1754961230998,1754961230,KXMLBGAME-25AUG11COLSTL-STL,82,18,34,yes
1754961233406,1754961233,KXMLBGAME-25AUG11WSHKC-KC,28,72,150,no
1754961233416,1754961233,KXMLBGAME-25AUG11BOSHOU-BOS,40,60,14,yes
1754961233416,1754961233,KXMLBGAME-25AUG11DETCWS-DET,53,47,18,yes
1754961237306,1754961237,KXMLBGAME-25AUG11WSHKC-WSH,75,25,100,yes
1754961237306,1754961237,KXMLBGAME-25AUG11WSHKC-WSH,76,24,250,yes
1754961237306,1754961237,KXMLBGAME-25AUG11WSHKC-WSH,76,24,200,yes
1754961237306,1754961237,KXMLBGAME-25AUG11WSHKC-WSH,76,24,36,yes
1754961237306,1754961237,KXMLBGAME-25AUG11WSHKC-WSH,77,23,200,yes
1754961237306,1754961237,KXMLBGAME-25AUG11WSHKC-WSH,77,23,750,yes
1754961237306,1754961237,KXMLBGAME-25AUG11WSHKC-WSH,77,23,389,yes
1754961238575,1754961238,KXMLBGAME-25AUG11AZTEX-TEX,13,87,53,no
1754961240707,1754961240,KXMLBGAME-25AUG11COLSTL-COL,19,81,74,yes
1754961243323,1754961243,KXMLBGAME-25AUG11BOSHOU-BOS,39,61,30,yes
1754961244256,1754961244,KXMLBGAME-25AUG11DETCWS-DET,53,47,18,yes
1754961245476,1754961245,KXMLBGAME-25AUG11DETCWS-DET,53,47,264,yes
1754961251285,1754961251,KXMLBGAME-25AUG11WSHKC-KC,25,75,38,yes
1754961251477,1754961251,KXMLBGAME-25AUG11WSHKC-WSH,76,24,27,yes
1754961251477,1754961251,KXMLBGAME-25AUG11WSHKC-WSH,77,23,5,yes
1754961253506,1754961253,KXMLBGAME-25AUG11WSHKC-WSH,76,24,12,yes
1754961253546,1754961253,KXMLBGAME-25AUG11DETCWS-DET,56,44,1,yes
1754961259687,1754961259,KXMLBGAME-25AUG11AZTEX-TEX,14,86,673,yes
1754961260155,1754961260,KXMLBGAME-25AUG11DETCWS-CWS,43,57,1,no
1754961261456,1754961261,KXMLBGAME-25AUG11BOSHOU-HOU,64,36,2,yes
1754961265056,1754961265,KXMLBGAME-25AUG11DETCWS-CWS,43,57,44,yes
1754961266435,1754961266,KXMLBGAME-25AUG11PITMIL-PIT,6,94,150,yes
1754961267746,1754961267,KXMLBGAME-25AUG11DETCWS-CWS,43,57,11,yes
1754961268271,1754961268,KXMLBGAME-25AUG11PITMIL-MIL,96,4,120,yes
1754961275555,1754961275,KXMLBGAME-25AUG11COLSTL-COL,19,81,59,yes
1754961277501,1754961277,KXMLBGAME-25AUG11MINNYY-MIN,3,97,156,yes
1754961281296,1754961281,KXMLBGAME-25AUG11BOSHOU-BOS,37,63,51,yes
1754961284678,1754961284,KXMLBGAME-25AUG11WSHKC-KC,29,71,52,yes
1754961284696,1754961284,KXMLBGAME-25AUG11BOSHOU-BOS,37,63,13,yes
1754961286916,1754961286,KXMLBGAME-25AUG11WSHKC-WSH,73,27,219,yes
1754961287746,1754961287,KXMLBGAME-25AUG11LADLAA-LAA,39,61,98,yes
1754961290197,1754961290,KXMLBGAME-25AUG11BOSHOU-BOS,37,63,25,yes
1754961290926,1754961290,KXMLBGAME-25AUG11BOSHOU-BOS,37,63,100,yes
1754961295617,1754961295,KXMLBGAME-25AUG11BOSHOU-HOU,64,36,75,yes
1754961295617,1754961295,KXMLBGAME-25AUG11BOSHOU-HOU,64,36,400,yes
1754961296276,1754961296,KXMLBGAME-25AUG11COLSTL-COL,19,81,49,yes
1754961297118,1754961297,KXMLBGAME-25AUG11BOSHOU-BOS,37,63,62,yes
1754961299001,1754961298,KXMLBGAME-25AUG11SDSF-SD,46,54,41,yes
1754961300422,1754961300,KXMLBGAME-25AUG11BOSHOU-BOS,37,63,12,yes
1754961303236,1754961303,KXMLBGAME-25AUG11AZTEX-TEX,15,85,62,yes
1754961303366,1754961303,KXMLBGAME-25AUG11BOSHOU-BOS,36,64,300,no
1754961303366,1754961303,KXMLBGAME-25AUG11BOSHOU-BOS,36,64,14,no
1754961305827,1754961305,KXMLBGAME-25AUG11AZTEX-TEX,15,85,32,yes
1754961306746,1754961306,KXMLBGAME-25AUG11DETCWS-CWS,43,57,31,yes
1754961306916,1754961306,KXMLBGAME-25AUG11SDSF-SD,46,54,41,yes
1754961307758,1754961307,KXMLBGAME-25AUG11LADLAA-LAD,61,39,100,no
1754961307758,1754961307,KXMLBGAME-25AUG11LADLAA-LAD,60,40,100,no
1754961307758,1754961307,KXMLBGAME-25AUG11LADLAA-LAD,60,40,271,no
1754961311052,1754961310,KXMLBGAME-25AUG11COLSTL-COL,18,82,434,yes
1754961311052,1754961310,KXMLBGAME-25AUG11COLSTL-COL,19,81,86,yes
1754961311978,1754961311,KXMLBGAME-25AUG11WSHKC-WSH,74,26,10,yes
1754961311978,1754961311,KXMLBGAME-25AUG11WSHKC-KC,28,72,310,yes
1754961311978,1754961311,KXMLBGAME-25AUG11WSHKC-KC,29,71,28,yes
1754961311978,1754961311,KXMLBGAME-25AUG11PITMIL-MIL,96,4,155,yes
1754961312171,1754961312,KXMLBGAME-25AUG11PITMIL-PIT,5,95,600,yes
1754961312171,1754961312,KXMLBGAME-25AUG11PITMIL-PIT,5,95,200,yes
1754961314164,1754961313,KXMLBGAME-25AUG11LADLAA-LAD,61,39,566,yes
1754961314164,1754961313,KXMLBGAME-25AUG11LADLAA-LAD,62,38,47,yes
1754961317418,1754961317,KXMLBGAME-25AUG11DETCWS-CWS,43,57,11,yes
1754961318437,1754961318,KXMLBGAME-25AUG11TBATH-ATH,51,49,11,yes
1754961318437,1754961318,KXMLBGAME-25AUG11TBATH-ATH,51,49,26,yes
1754961319908,1754961319,KXMLBGAME-25AUG11COLSTL-COL,20,80,47,yes
1754961325367,1754961325,KXMLBGAME-25AUG11WSHKC-WSH,74,26,127,yes
1754961325807,1754961325,KXMLBGAME-25AUG11MINNYY-MIN,2,98,9,no
1754961330007,1754961329,KXMLBGAME-25AUG11TBATH-ATH,51,49,39,yes
1754961330669,1754961330,KXMLBGAME-25AUG11SDSF-SF,54,46,264,no
1754961334755,1754961334,KXMLBGAME-25AUG11MINNYY-NYY,98,2,300,yes
1754961334755,1754961334,KXMLBGAME-25AUG11MINNYY-NYY,98,2,600,yes
1754961335991,1754961335,KXMLBGAME-25AUG11AZTEX-TEX,13,87,725,yes
1754961336596,1754961336,KXMLBGAME-25AUG11COLSTL-COL,20,80,30,yes
1754961337275,1754961337,KXMLBGAME-25AUG11SDSF-SD,46,54,10,yes
1754961337348,1754961337,KXMLBGAME-25AUG11MINNYY-NYY,98,2,100,no
1754961341859,1754961341,KXMLBGAME-25AUG11DETCWS-CWS,43,57,33,yes
1754961343074,1754961343,KXMLBGAME-25AUG11COLSTL-COL,20,80,14,yes
1754961343686,1754961343,KXMLBGAME-25AUG11COLSTL-COL,20,80,44,yes
1754961347595,1754961347,KXMLBGAME-25AUG11LADLAA-LAA,39,61,13,yes
1754961354944,1754961354,KXMLBGAME-25AUG11COLSTL-COL,20,80,65,yes
1754961354945,1754961354,KXMLBGAME-25AUG11COLSTL-COL,20,80,400,yes
1754961354945,1754961354,KXMLBGAME-25AUG11COLSTL-COL,20,80,8,yes
1754961359306,1754961359,KXMLBGAME-25AUG11BOSHOU-BOS,33,67,17,no
1754961362925,1754961362,KXMLBGAME-25AUG11WSHKC-WSH,72,28,22,no
1754961366415,1754961366,KXMLBGAME-25AUG11BOSHOU-HOU,64,36,91,no
1754961367328,1754961367,KXMLBGAME-25AUG11MINNYY-NYY,99,1,56,yes
1754961370576,1754961370,KXMLBGAME-25AUG11SDSF-SF,55,45,61,yes
1754961373995,1754961373,KXMLBGAME-25AUG11BOSHOU-BOS,36,64,53,yes
1754961377756,1754961377,KXMLBGAME-25AUG11PITMIL-MIL,97,3,1,yes
1754961381126,1754961381,KXMLBGAME-25AUG11MINNYY-NYY,99,1,944,yes
1754961381126,1754961381,KXMLBGAME-25AUG11MINNYY-NYY,99,1,151,yes
1754961385055,1754961385,KXMLBGAME-25AUG11MINNYY-NYY,99,1,1,yes
1754961386305,1754961386,KXMLBGAME-25AUG11BOSHOU-HOU,67,33,58,yes
1754961388579,1754961388,KXMLBGAME-25AUG11WSHKC-WSH,70,30,25,yes
1754961388579,1754961388,KXMLBGAME-25AUG11WSHKC-WSH,71,29,182,yes
1754961389297,1754961389,KXMLBGAME-25AUG11LADLAA-LAD,61,39,80,yes
1754961390515,1754961390,KXMLBGAME-25AUG11DETCWS-CWS,43,57,197,yes
1754961390968,1754961390,KXMLBGAME-25AUG11PITMIL-MIL,97,3,16,yes
1754961392085,1754961391,KXMLBGAME-25AUG11BOSHOU-HOU,67,33,53,yes
1754961392085,1754961391,KXMLBGAME-25AUG11BOSHOU-HOU,67,33,15,yes
1754961395194,1754961395,KXMLBGAME-25AUG11WSHKC-WSH,71,29,15,yes
1754961395725,1754961395,KXMLBGAME-25AUG11BOSHOU-HOU,67,33,48,yes
1754961396846,1754961396,KXMLBGAME-25AUG11PITMIL-MIL,97,3,100,yes
1754961398309,1754961398,KXMLBGAME-25AUG11LADLAA-LAD,61,39,3,yes
1754961401395,1754961401,KXMLBGAME-25AUG11MINNYY-MIN,1,99,13,no
1754961401890,1754961401,KXMLBGAME-25AUG11BOSHOU-BOS,37,63,30,yes
1754961401890,1754961401,KXMLBGAME-25AUG11BOSHOU-BOS,43,57,18,yes
1754961402666,1754961402,KXMLBGAME-25AUG11MINNYY-NYY,98,2,504,no
1754961403028,1754961402,KXMLBGAME-25AUG11COLSTL-COL,18,82,20,yes
1754961407258,1754961407,KXMLBGAME-25AUG11WSHKC-WSH,71,29,6,yes
1754961410365,1754961410,KXMLBGAME-25AUG11DETCWS-DET,58,42,13,yes
1754961412159,1754961411,KXMLBGAME-25AUG11BOSHOU-BOS,34,66,70,no
1754961412272,1754961412,KXMLBGAME-25AUG11BOSHOU-BOS,35,65,25,yes
1754961415919,1754961415,KXMLBGAME-25AUG11MINNYY-MIN,1,99,33,no
1754961418505,1754961418,KXMLBGAME-25AUG11AZTEX-TEX,11,89,25,no
1754961418636,1754961418,KXMLBGAME-25AUG11AZTEX-AZ,90,10,1500,yes
1754961424796,1754961424,KXMLBGAME-25AUG11AZTEX-TEX,11,89,8,yes
1754961430196,1754961430,KXMLBGAME-25AUG11DETCWS-DET,57,43,119,yes
1754961430877,1754961430,KXMLBGAME-25AUG11AZTEX-AZ,90,10,164,yes
1754961430877,1754961430,KXMLBGAME-25AUG11AZTEX-AZ,92,8,226,yes
1754961431315,1754961431,KXMLBGAME-25AUG11BOSHOU-BOS,34,66,300,yes
1754961431315,1754961431,KXMLBGAME-25AUG11BOSHOU-BOS,35,65,87,yes
1754961431315,1754961431,KXMLBGAME-25AUG11BOSHOU-BOS,35,65,304,yes
1754961432347,1754961432,KXMLBGAME-25AUG11WSHKC-WSH,71,29,70,yes
1754961433429,1754961433,KXMLBGAME-25AUG11BOSHOU-HOU,64,36,26,no
1754961433817,1754961433,KXMLBGAME-25AUG11DETCWS-DET,57,43,17,yes
1754961434802,1754961434,KXMLBGAME-25AUG11DETCWS-DET,57,43,8,yes
1754961436305,1754961436,KXMLBGAME-25AUG11WSHKC-WSH,72,28,13,yes
1754961438217,1754961438,KXMLBGAME-25AUG11DETCWS-DET,57,43,156,yes
1754961438217,1754961438,KXMLBGAME-25AUG11DETCWS-DET,58,42,14,yes
1754961441966,1754961441,KXMLBGAME-25AUG11COLSTL-STL,83,17,500,yes
1754961441966,1754961441,KXMLBGAME-25AUG11COLSTL-STL,85,15,67,yes
1754961441988,1754961441,KXMLBGAME-25AUG11COLSTL-STL,85,15,12,yes
1754961443757,1754961443,KXMLBGAME-25AUG11MINNYY-MIN,1,99,122,no
1754961444077,1754961443,KXMLBGAME-25AUG11COLSTL-COL,15,85,6,no
1754961444077,1754961443,KXMLBGAME-25AUG11COLSTL-COL,14,86,100,no
1754961444287,1754961444,KXMLBGAME-25AUG11COLSTL-COL,12,88,21,yes
1754961447298,1754961447,KXMLBGAME-25AUG11MINNYY-NYY,98,2,23,no
1754961452384,1754961452,KXMLBGAME-25AUG11DETCWS-DET,57,43,8,yes
1754961460244,1754961460,KXMLBGAME-25AUG11MINNYY-NYY,98,2,38,no
1754961462966,1754961462,KXMLBGAME-25AUG11LADLAA-LAD,61,39,159,yes
1754961463546,1754961463,KXMLBGAME-25AUG11WSHKC-KC,29,71,15,no
1754961463565,1754961463,KXMLBGAME-25AUG11WSHKC-WSH,71,29,15,yes
1754961463648,1754961463,KXMLBGAME-25AUG11WSHKC-KC,29,71,11,no
1754961463755,1754961463,KXMLBGAME-25AUG11WSHKC-KC,29,71,5,no
1754961465480,1754961465,KXMLBGAME-25AUG11AZTEX-TEX,11,89,104,yes
1754961465480,1754961465,KXMLBGAME-25AUG11AZTEX-TEX,11,89,41,yes
1754961468707,1754961468,KXMLBGAME-25AUG11DETCWS-DET,55,45,45,no
1754961468734,1754961468,KXMLBGAME-25AUG11LADLAA-LAD,61,39,37,yes
1754961469776,1754961469,KXMLBGAME-25AUG11BOSHOU-HOU,67,33,2,yes
1754961469776,1754961469,KXMLBGAME-25AUG11BOSHOU-HOU,68,32,31,yes
1754961470205,1754961470,KXMLBGAME-25AUG11LADLAA-LAA,39,61,245,yes
1754961472026,1754961471,KXMLBGAME-25AUG11DETCWS-DET,55,45,25,yes
1754961474195,1754961474,KXMLBGAME-25AUG11DETCWS-CWS,46,54,2,yes
1754961474205,1754961474,KXMLBGAME-25AUG11DETCWS-DET,54,46,2,no
1754961476035,1754961475,KXMLBGAME-25AUG11BOSHOU-HOU,67,33,2,yes
1754961477516,1754961477,KXMLBGAME-25AUG11MINNYY-MIN,2,98,244,yes
1754961477516,1754961477,KXMLBGAME-25AUG11MINNYY-MIN,2,98,94,yes
1754961477516,1754961477,KXMLBGAME-25AUG11MINNYY-MIN,2,98,129,yes
1754961478656,1754961478,KXMLBGAME-25AUG11DETCWS-DET,54,46,17,yes
1754961479336,1754961479,KXMLBGAME-25AUG11COLSTL-COL,12,88,7,yes
1754961486108,1754961485,KXMLBGAME-25AUG11COLSTL-COL,12,88,392,yes
1754961488075,1754961488,KXMLBGAME-25AUG11AZTEX-AZ,92,8,28,yes
1754961491616,1754961491,KXMLBGAME-25AUG11WSHKC-WSH,72,28,13,yes
1754961492315,1754961492,KXMLBGAME-25AUG11LADLAA-LAD,61,39,31,yes
1754961496861,1754961496,KXMLBGAME-25AUG11DETCWS-DET,54,46,281,yes
1754961496861,1754961496,KXMLBGAME-25AUG11DETCWS-DET,54,46,200,yes
1754961496861,1754961496,KXMLBGAME-25AUG11DETCWS-DET,54,46,400,yes
1754961496861,1754961496,KXMLBGAME-25AUG11DETCWS-DET,55,45,44,yes
1754961503660,1754961503,KXMLBGAME-25AUG11BOSHOU-HOU,68,32,7,yes
1754961505577,1754961505,KXMLBGAME-25AUG11PITMIL-PIT,3,97,1000,no
1754961505636,1754961505,KXMLBGAME-25AUG11COLSTL-STL,89,11,61,yes
1754961509905,1754961509,KXMLBGAME-25AUG11LADLAA-LAD,61,39,251,yes
1754961511629,1754961511,KXMLBGAME-25AUG11BOSHOU-BOS,33,67,289,yes
1754961512324,1754961512,KXMLBGAME-25AUG11BOSHOU-HOU,68,32,15,yes
1754961512324,1754961512,KXMLBGAME-25AUG11BOSHOU-HOU,68,32,85,yes
1754961515975,1754961515,KXMLBGAME-25AUG11PITMIL-MIL,95,5,29,no
1754961516454,1754961516,KXMLBGAME-25AUG11AZTEX-TEX,11,89,8,yes
1754961516737,1754961516,KXMLBGAME-25AUG11SDSF-SD,46,54,31,yes
1754961521154,1754961521,KXMLBGAME-25AUG11AZTEX-AZ,92,8,6,yes
1754961524566,1754961524,KXMLBGAME-25AUG11MINNYY-NYY,99,1,157,no
1754961524597,1754961524,KXMLBGAME-25AUG11BOSHOU-BOS,33,67,144,yes
1754961525106,1754961525,KXMLBGAME-25AUG11WSHKC-WSH,69,31,154,yes
1754961525315,1754961525,KXMLBGAME-25AUG11PITMIL-PIT,3,97,5,no
1754961527995,1754961527,KXMLBGAME-25AUG11PITMIL-MIL,97,3,20,yes
1754961529174,1754961529,KXMLBGAME-25AUG11MINNYY-NYY,99,1,165,no
1754961530094,1754961530,KXMLBGAME-25AUG11WSHKC-WSH,69,31,65,yes
1754961531765,1754961531,KXMLBGAME-25AUG11DETCWS-DET,54,46,44,yes
1754961532486,1754961532,KXMLBGAME-25AUG11BOSHOU-HOU,67,33,112,no
1754961532505,1754961532,KXMLBGAME-25AUG11BOSHOU-BOS,32,68,40,yes
1754961532906,1754961532,KXMLBGAME-25AUG11BOSHOU-BOS,33,67,300,yes
1754961534177,1754961534,KXMLBGAME-25AUG11AZTEX-AZ,92,8,60,yes
1754961536157,1754961536,KXMLBGAME-25AUG11BOSHOU-BOS,34,66,29,yes
1754961536196,1754961536,KXMLBGAME-25AUG11BOSHOU-HOU,66,34,496,no
1754961536196,1754961536,KXMLBGAME-25AUG11BOSHOU-BOS,34,66,442,yes
1754961536884,1754961536,KXMLBGAME-25AUG11SDSF-SD,46,54,146,yes
1754961537015,1754961536,KXMLBGAME-25AUG11BOSHOU-BOS,34,66,429,yes
1754961537015,1754961536,KXMLBGAME-25AUG11BOSHOU-HOU,66,34,459,no
1754961537066,1754961537,KXMLBGAME-25AUG11WSHKC-WSH,69,31,235,yes
1754961537066,1754961537,KXMLBGAME-25AUG11WSHKC-WSH,69,31,33,yes
1754961537066,1754961537,KXMLBGAME-25AUG11WSHKC-WSH,69,31,250,yes
1754961537066,1754961537,KXMLBGAME-25AUG11WSHKC-WSH,70,30,200,yes
1754961537066,1754961537,KXMLBGAME-25AUG11WSHKC-WSH,70,30,400,yes
1754961537067,1754961537,KXMLBGAME-25AUG11WSHKC-WSH,70,30,987,yes
1754961538084,1754961538,KXMLBGAME-25AUG11DETCWS-CWS,48,52,2,yes
1754961538084,1754961538,KXMLBGAME-25AUG11DETCWS-CWS,49,51,27,yes
1754961538785,1754961538,KXMLBGAME-25AUG11COLSTL-COL,11,89,9,no
1754961538785,1754961538,KXMLBGAME-25AUG11COLSTL-COL,11,89,5,no
1754961539156,1754961539,KXMLBGAME-25AUG11COLSTL-COL,11,89,27,no
1754961539975,1754961539,KXMLBGAME-25AUG11COLSTL-COL,12,88,65,yes
1754961540315,1754961540,KXMLBGAME-25AUG11COLSTL-COL,12,88,40,yes
1754961545135,1754961545,KXMLBGAME-25AUG11DETCWS-DET,53,47,50,yes
1754961546267,1754961546,KXMLBGAME-25AUG11DETCWS-CWS,48,52,1,yes
1754961546267,1754961546,KXMLBGAME-25AUG11DETCWS-CWS,49,51,18,yes
1754961548685,1754961548,KXMLBGAME-25AUG11SDSF-SD,46,54,10,yes
1754961549786,1754961549,KXMLBGAME-25AUG11BOSHOU-BOS,40,60,1,yes
1754961549786,1754961549,KXMLBGAME-25AUG11BOSHOU-BOS,41,59,6,yes
1754961549816,1754961549,KXMLBGAME-25AUG11BOSHOU-HOU,66,34,6,no
1754961549985,1754961549,KXMLBGAME-25AUG11COLSTL-STL,89,11,139,yes
1754961549985,1754961549,KXMLBGAME-25AUG11COLSTL-STL,89,11,28,yes
1754961550127,1754961550,KXMLBGAME-25AUG11BOSHOU-HOU,69,31,24,yes
1754961550436,1754961550,KXMLBGAME-25AUG11PITMIL-MIL,97,3,126,yes
1754961556997,1754961556,KXMLBGAME-25AUG11WSHKC-WSH,69,31,283,yes
1754961559998,1754961559,KXMLBGAME-25AUG11PITMIL-MIL,97,3,3,yes
1754961562499,1754961562,KXMLBGAME-25AUG11COLSTL-STL,87,13,1033,no
1754961562499,1754961562,KXMLBGAME-25AUG11WSHKC-KC,32,68,14,yes
1754961566826,1754961566,KXMLBGAME-25AUG11PITMIL-MIL,97,3,13,yes
1754961570115,1754961570,KXMLBGAME-25AUG11COLSTL-STL,87,13,78,yes
1754961570129,1754961570,KXMLBGAME-25AUG11PITMIL-PIT,4,96,26,yes
1754961570129,1754961570,KXMLBGAME-25AUG11PITMIL-PIT,5,95,72,yes
1754961570176,1754961570,KXMLBGAME-25AUG11SDSF-SD,46,54,20,yes
1754961571899,1754961571,KXMLBGAME-25AUG11MINNYY-MIN,1,99,832,no
1754961571899,1754961571,KXMLBGAME-25AUG11MINNYY-MIN,1,99,85,no
1754961571899,1754961571,KXMLBGAME-25AUG11MINNYY-MIN,1,99,7000,no
1754961573939,1754961573,KXMLBGAME-25AUG11COLSTL-COL,17,83,2,yes
1754961574124,1754961574,KXMLBGAME-25AUG11DETCWS-DET,53,47,9,yes
1754961576265,1754961576,KXMLBGAME-25AUG11PITMIL-MIL,97,3,2520,yes
1754961581955,1754961581,KXMLBGAME-25AUG11AZTEX-AZ,90,10,23,no
1754961583234,1754961583,KXMLBGAME-25AUG11PITMIL-MIL,97,3,238,yes
1754961584072,1754961584,KXMLBGAME-25AUG11WSHKC-WSH,69,31,100,yes
1754961585360,1754961585,KXMLBGAME-25AUG11PITMIL-MIL,97,3,10,yes
1754961591360,1754961591,KXMLBGAME-25AUG11MINNYY-NYY,98,2,435,no
1754961591360,1754961591,KXMLBGAME-25AUG11MINNYY-NYY,98,2,500,no
1754961591360,1754961591,KXMLBGAME-25AUG11MINNYY-NYY,98,2,2000,no
1754961591360,1754961591,KXMLBGAME-25AUG11MINNYY-NYY,98,2,70,no
1754961594846,1754961594,KXMLBGAME-25AUG11DETCWS-CWS,48,52,4,yes
1754961596425,1754961596,KXMLBGAME-25AUG11BOSHOU-HOU,69,31,4,yes
1754961597756,1754961597,KXMLBGAME-25AUG11SDSF-SD,46,54,10,yes
1754961599397,1754961599,KXMLBGAME-25AUG11LADLAA-LAA,39,61,50,yes
1754961605557,1754961605,KXMLBGAME-25AUG11COLSTL-COL,18,82,1,yes
1754961606715,1754961606,KXMLBGAME-25AUG11MINNYY-NYY,98,2,50,yes
1754961607568,1754961607,KXMLBGAME-25AUG11COLSTL-COL,19,81,74,yes
1754961612757,1754961612,KXMLBGAME-25AUG11AZTEX-TEX,10,90,112,yes
1754961612757,1754961612,KXMLBGAME-25AUG11AZTEX-TEX,10,90,38,yes
1754961614575,1754961614,KXMLBGAME-25AUG11MINNYY-NYY,99,1,470,yes
1754961616466,1754961616,KXMLBGAME-25AUG11DETCWS-DET,54,46,180,yes
1754961617784,1754961617,KXMLBGAME-25AUG11PITMIL-MIL,97,3,123,yes
1754961621057,1754961621,KXMLBGAME-25AUG11BOSHOU-BOS,36,64,21,yes
1754961621265,1754961621,KXMLBGAME-25AUG11PITMIL-PIT,3,97,4,no
1754961623305,1754961623,KXMLBGAME-25AUG11AZTEX-AZ,90,10,42,no
1754961627405,1754961627,KXMLBGAME-25AUG11AZTEX-AZ,90,10,1,no
1754961629406,1754961629,KXMLBGAME-25AUG11PITMIL-PIT,6,94,33,yes
1754961630175,1754961630,KXMLBGAME-25AUG11WSHKC-WSH,69,31,65,yes
1754961632654,1754961632,KXMLBGAME-25AUG11BOSHOU-BOS,41,59,1,yes
1754961632654,1754961632,KXMLBGAME-25AUG11BOSHOU-BOS,41,59,3,yes
1754961632925,1754961632,KXMLBGAME-25AUG11MINNYY-NYY,99,1,50,yes
1754961635546,1754961635,KXMLBGAME-25AUG11DETCWS-CWS,50,50,73,yes
1754961640176,1754961640,KXMLBGAME-25AUG11WSHKC-WSH,67,33,1,no
1754961640846,1754961640,KXMLBGAME-25AUG11SDSF-SD,46,54,1364,yes
1754961642387,1754961642,KXMLBGAME-25AUG11COLSTL-STL,80,20,294,no
1754961642415,1754961642,KXMLBGAME-25AUG11COLSTL-COL,18,82,1,yes
1754961642896,1754961642,KXMLBGAME-25AUG11COLSTL-COL,20,80,47,yes
1754961645067,1754961645,KXMLBGAME-25AUG11LADLAA-LAD,62,38,20,yes
1754961645356,1754961645,KXMLBGAME-25AUG11BOSHOU-HOU,68,32,300,no
1754961645356,1754961645,KXMLBGAME-25AUG11BOSHOU-HOU,67,33,70,no
1754961647707,1754961647,KXMLBGAME-25AUG11BOSHOU-BOS,32,68,149,yes
1754961648064,1754961648,KXMLBGAME-25AUG11LADLAA-LAD,62,38,4,yes
1754961648064,1754961648,KXMLBGAME-25AUG11LADLAA-LAD,62,38,35,yes
1754961649545,1754961649,KXMLBGAME-25AUG11BOSHOU-BOS,32,68,32,yes
1754961650575,1754961650,KXMLBGAME-25AUG11WSHKC-KC,32,68,15,yes
1754961652315,1754961652,KXMLBGAME-25AUG11BOSHOU-HOU,69,31,32,yes
1754961652315,1754961652,KXMLBGAME-25AUG11BOSHOU-HOU,69,31,2,yes
1754961652315,1754961652,KXMLBGAME-25AUG11BOSHOU-HOU,70,30,106,yes
1754961652817,1754961652,KXMLBGAME-25AUG11SDSF-SF,55,45,264,yes
1754961654918,1754961654,KXMLBGAME-25AUG11MINNYY-NYY,99,1,222,yes
1754961662378,1754961662,KXMLBGAME-25AUG11MINNYY-NYY,99,1,1258,yes
1754961662936,1754961662,KXMLBGAME-25AUG11SDSF-SF,55,45,5,yes
1754961666846,1754961666,KXMLBGAME-25AUG11DETCWS-DET,52,48,11,yes
1754961668445,1754961668,KXMLBGAME-25AUG11DETCWS-DET,52,48,7,yes
1754961668757,1754961668,KXMLBGAME-25AUG11WSHKC-WSH,68,32,7,yes
1754961669245,1754961669,KXMLBGAME-25AUG11LADLAA-LAD,62,38,15,yes
1754961670575,1754961670,KXMLBGAME-25AUG11BOSHOU-BOS,32,68,14,yes
1754961672209,1754961672,KXMLBGAME-25AUG11WSHKC-WSH,68,32,243,yes
1754961672209,1754961672,KXMLBGAME-25AUG11WSHKC-WSH,68,32,300,yes
1754961672209,1754961672,KXMLBGAME-25AUG11WSHKC-WSH,69,31,173,yes
1754961676595,1754961676,KXMLBGAME-25AUG11BOSHOU-HOU,68,32,5,no
1754961678726,1754961678,KXMLBGAME-25AUG11TBATH-ATH,51,49,94,yes
1754961679758,1754961679,KXMLBGAME-25AUG11SDSF-SF,55,45,17,yes
1754961685318,1754961685,KXMLBGAME-25AUG11SDSF-SF,55,45,88,yes
1754961686214,1754961686,KXMLBGAME-25AUG11TBATH-ATH,51,49,7,yes
1754961686725,1754961686,KXMLBGAME-25AUG11DETCWS-CWS,50,50,1,yes
1754961686725,1754961686,KXMLBGAME-25AUG11DETCWS-CWS,50,50,94,yes
1754961693870,1754961693,KXMLBGAME-25AUG11PITMIL-MIL,97,3,6,yes
1754961694759,1754961694,KXMLBGAME-25AUG11WSHKC-WSH,69,31,139,yes
1754961696850,1754961696,KXMLBGAME-25AUG11SDSF-SD,46,54,10,yes
1754961702863,1754961702,KXMLBGAME-25AUG11SDSF-SD,46,54,8,yes
1754961703519,1754961703,KXMLBGAME-25AUG11DETCWS-DET,51,49,100,no
1754961703519,1754961703,KXMLBGAME-25AUG11DETCWS-DET,51,49,1,no
1754961711076,1754961711,KXMLBGAME-25AUG11WSHKC-KC,33,67,15,yes
1754961715205,1754961715,KXMLBGAME-25AUG11BOSHOU-BOS,32,68,32,yes
1754961722726,1754961722,KXMLBGAME-25AUG11BOSHOU-HOU,68,32,5,no
1754961725146,1754961725,KXMLBGAME-25AUG11DETCWS-CWS,51,49,127,yes
1754961725146,1754961725,KXMLBGAME-25AUG11DETCWS-CWS,51,49,164,yes
1754961725785,1754961725,KXMLBGAME-25AUG11BOSHOU-BOS,32,68,25,yes
1754961726624,1754961726,KXMLBGAME-25AUG11WSHKC-KC,33,67,185,yes
1754961726624,1754961726,KXMLBGAME-25AUG11WSHKC-KC,33,67,371,yes
1754961728209,1754961728,KXMLBGAME-25AUG11WSHKC-WSH,67,33,291,yes
1754961728647,1754961728,KXMLBGAME-25AUG11WSHKC-WSH,65,35,112,no
1754961728647,1754961728,KXMLBGAME-25AUG11WSHKC-WSH,65,35,2,no
1754961728647,1754961728,KXMLBGAME-25AUG11WSHKC-WSH,64,36,300,no
1754961728737,1754961728,KXMLBGAME-25AUG11WSHKC-KC,34,66,112,yes
1754961728737,1754961728,KXMLBGAME-25AUG11WSHKC-KC,35,65,200,yes
1754961728737,1754961728,KXMLBGAME-25AUG11WSHKC-KC,35,65,400,yes
1754961728737,1754961728,KXMLBGAME-25AUG11WSHKC-KC,36,64,321,yes
1754961730186,1754961730,KXMLBGAME-25AUG11PITMIL-PIT,5,95,6,yes
1754961739676,1754961739,KXMLBGAME-25AUG11WSHKC-WSH,63,37,77,yes
1754961740745,1754961740,KXMLBGAME-25AUG11AZTEX-AZ,91,9,106,yes
1754961740745,1754961740,KXMLBGAME-25AUG11AZTEX-AZ,91,9,42,yes
1754961745874,1754961745,KXMLBGAME-25AUG11DETCWS-DET,50,50,48,yes
1754961745997,1754961745,KXMLBGAME-25AUG11WSHKC-WSH,62,38,75,yes
1754961746865,1754961746,KXMLBGAME-25AUG11PITMIL-MIL,97,3,500,yes
1754961753967,1754961753,KXMLBGAME-25AUG11COLSTL-COL,22,78,1,yes
1754961753967,1754961753,KXMLBGAME-25AUG11COLSTL-COL,22,78,42,yes
1754961756996,1754961756,KXMLBGAME-25AUG11DETCWS-CWS,51,49,18,yes
1754961757385,1754961757,KXMLBGAME-25AUG11PITMIL-MIL,97,3,1,yes
1754961759246,1754961759,KXMLBGAME-25AUG11WSHKC-WSH,62,38,39,yes
1754961759545,1754961759,KXMLBGAME-25AUG11BOSHOU-HOU,70,30,104,yes
1754961759716,1754961759,KXMLBGAME-25AUG11DETCWS-DET,50,50,19,yes
1754961760306,1754961760,KXMLBGAME-25AUG11TBATH-ATH,51,49,22,yes
1754961770307,1754961770,KXMLBGAME-25AUG11COLSTL-STL,78,22,1,no
1754961770307,1754961770,KXMLBGAME-25AUG11COLSTL-STL,78,22,112,no
1754961770307,1754961770,KXMLBGAME-25AUG11COLSTL-STL,77,23,300,no
1754961770307,1754961770,KXMLBGAME-25AUG11COLSTL-STL,76,24,249,no
1754961772147,1754961772,KXMLBGAME-25AUG11AZTEX-AZ,91,9,1,yes
1754961773626,1754961773,KXMLBGAME-25AUG11DETCWS-DET,50,50,28,yes
1754961775597,1754961775,KXMLBGAME-25AUG11WSHKC-WSH,62,38,9,yes
1754961775597,1754961775,KXMLBGAME-25AUG11WSHKC-WSH,62,38,721,yes
1754961775597,1754961775,KXMLBGAME-25AUG11WSHKC-WSH,63,37,200,yes
1754961775597,1754961775,KXMLBGAME-25AUG11WSHKC-WSH,63,37,400,yes
1754961775597,1754961775,KXMLBGAME-25AUG11WSHKC-WSH,64,36,200,yes
1754961775597,1754961775,KXMLBGAME-25AUG11WSHKC-WSH,64,36,400,yes
1754961775597,1754961775,KXMLBGAME-25AUG11WSHKC-WSH,64,36,300,yes
1754961775597,1754961775,KXMLBGAME-25AUG11WSHKC-WSH,64,36,60,yes
1754961775597,1754961775,KXMLBGAME-25AUG11WSHKC-WSH,65,35,750,yes
1754961775597,1754961775,KXMLBGAME-25AUG11WSHKC-WSH,65,35,27,yes
1754961777040,1754961777,KXMLBGAME-25AUG11WSHKC-KC,38,62,2,yes
1754961777040,1754961777,KXMLBGAME-25AUG11WSHKC-KC,39,61,34,yes
1754961778435,1754961778,KXMLBGAME-25AUG11BOSHOU-HOU,70,30,1,yes
1754961778435,1754961778,KXMLBGAME-25AUG11BOSHOU-HOU,72,28,1,yes
1754961778515,1754961778,KXMLBGAME-25AUG11BOSHOU-BOS,28,72,1,no
1754961778545,1754961778,KXMLBGAME-25AUG11BOSHOU-HOU,73,27,100,yes
1754961781886,1754961781,KXMLBGAME-25AUG11LADLAA-LAD,62,38,15,yes
1754961782152,1754961782,KXMLBGAME-25AUG11WSHKC-WSH,64,36,45,yes
1754961782152,1754961782,KXMLBGAME-25AUG11WSHKC-WSH,64,36,300,yes
1754961782152,1754961782,KXMLBGAME-25AUG11WSHKC-WSH,65,35,223,yes
1754961782152,1754961782,KXMLBGAME-25AUG11WSHKC-WSH,65,35,37,yes
1754961785555,1754961785,KXMLBGAME-25AUG11TBATH-ATH,50,50,10,no
1754961787315,1754961787,KXMLBGAME-25AUG11BOSHOU-HOU,75,25,5,yes
1754961787705,1754961787,KXMLBGAME-25AUG11SDSF-SF,55,45,8,yes
1754961790165,1754961790,KXMLBGAME-25AUG11LADLAA-LAD,62,38,471,yes
1754961792945,1754961792,KXMLBGAME-25AUG11WSHKC-WSH,64,36,9,yes
1754961793295,1754961793,KXMLBGAME-25AUG11COLSTL-STL,78,22,1,no
1754961793316,1754961793,KXMLBGAME-25AUG11COLSTL-COL,22,78,1,yes
1754961793316,1754961793,KXMLBGAME-25AUG11COLSTL-COL,23,77,300,yes
1754961793316,1754961793,KXMLBGAME-25AUG11COLSTL-COL,24,76,200,yes
1754961793316,1754961793,KXMLBGAME-25AUG11COLSTL-COL,25,75,200,yes
1754961796636,1754961796,KXMLBGAME-25AUG11COLSTL-COL,21,79,10,yes
1754961799456,1754961799,KXMLBGAME-25AUG11COLSTL-COL,30,70,1000,yes
1754961800870,1754961800,KXMLBGAME-25AUG11COLSTL-COL,31,69,6,yes
1754961800870,1754961800,KXMLBGAME-25AUG11COLSTL-COL,31,69,9,yes
1754961800870,1754961800,KXMLBGAME-25AUG11COLSTL-COL,31,69,862,yes
1754961804170,1754961804,KXMLBGAME-25AUG11WSHKC-WSH,64,36,76,yes
1754961804459,1754961804,KXMLBGAME-25AUG11MINNYY-MIN,1,99,93,yes
1754961805950,1754961805,KXMLBGAME-25AUG11SDSF-SD,46,54,4,yes
1754961808086,1754961808,KXMLBGAME-25AUG11WSHKC-KC,37,63,2,yes
1754961811016,1754961810,KXMLBGAME-25AUG11WSHKC-WSH,63,37,154,yes
1754961812316,1754961812,KXMLBGAME-25AUG11BOSHOU-BOS,26,74,27,yes
1754961812316,1754961812,KXMLBGAME-25AUG11BOSHOU-BOS,26,74,23,yes
1754961813048,1754961813,KXMLBGAME-25AUG11WSHKC-WSH,64,36,34,yes
1754961814015,1754961813,KXMLBGAME-25AUG11BOSHOU-HOU,75,25,30,yes
1754961814246,1754961814,KXMLBGAME-25AUG11WSHKC-WSH,64,36,6,no
1754961819416,1754961819,KXMLBGAME-25AUG11BOSHOU-BOS,26,74,20,yes
1754961820015,1754961819,KXMLBGAME-25AUG11MINNYY-NYY,99,1,55,no
1754961820686,1754961820,KXMLBGAME-25AUG11DETCWS-DET,49,51,116,no
1754961824106,1754961824,KXMLBGAME-25AUG11SDSF-SD,46,54,136,yes
1754961830706,1754961830,KXMLBGAME-25AUG11WSHKC-WSH,65,35,15,yes
1754961834516,1754961834,KXMLBGAME-25AUG11DETCWS-DET,50,50,96,yes
1754961839226,1754961839,KXMLBGAME-25AUG11COLSTL-STL,69,31,141,yes
1754961841805,1754961841,KXMLBGAME-25AUG11COLSTL-COL,32,68,2,yes
1754961841965,1754961841,KXMLBGAME-25AUG11WSHKC-WSH,65,35,7,yes
1754961843306,1754961843,KXMLBGAME-25AUG11WSHKC-KC,37,63,51,yes
1754961843506,1754961843,KXMLBGAME-25AUG11BOSHOU-HOU,74,26,1,yes
1754961843665,1754961843,KXMLBGAME-25AUG11PITMIL-MIL,97,3,36,yes
1754961845107,1754961845,KXMLBGAME-25AUG11DETCWS-DET,50,50,48,yes
1754961847349,1754961847,KXMLBGAME-25AUG11BOSHOU-BOS,26,74,18,yes
1754961848905,1754961848,KXMLBGAME-25AUG11BOSHOU-HOU,75,25,10,yes
1754961849098,1754961849,KXMLBGAME-25AUG11BOSHOU-BOS,26,74,18,yes
1754961850796,1754961850,KXMLBGAME-25AUG11PITMIL-MIL,97,3,150,yes
1754961851986,1754961851,KXMLBGAME-25AUG11PITMIL-MIL,97,3,585,yes
1754961851986,1754961851,KXMLBGAME-25AUG11PITMIL-MIL,97,3,415,yes
1754961855559,1754961855,KXMLBGAME-25AUG11AZTEX-TEX,11,89,17,yes
1754961855675,1754961855,KXMLBGAME-25AUG11DETCWS-DET,50,50,38,yes
1754961855885,1754961855,KXMLBGAME-25AUG11WSHKC-WSH,65,35,45,no
1754961855895,1754961855,KXMLBGAME-25AUG11WSHKC-KC,41,59,45,no
1754961855909,1754961855,KXMLBGAME-25AUG11WSHKC-KC,41,59,120,no
1754961855956,1754961855,KXMLBGAME-25AUG11WSHKC-WSH,62,38,75,no
1754961857275,1754961857,KXMLBGAME-25AUG11DETCWS-DET,50,50,6,yes
1754961858505,1754961858,KXMLBGAME-25AUG11COLSTL-STL,68,32,92,no
1754961858636,1754961858,KXMLBGAME-25AUG11COLSTL-COL,32,68,92,yes
1754961859836,1754961859,KXMLBGAME-25AUG11WSHKC-KC,45,55,49,yes
1754961860095,1754961860,KXMLBGAME-25AUG11WSHKC-WSH,59,41,300,yes
1754961860935,1754961860,KXMLBGAME-25AUG11WSHKC-WSH,59,41,41,yes
1754961863066,1754961862,KXMLBGAME-25AUG11COLSTL-COL,32,68,15,no
1754961863365,1754961863,KXMLBGAME-25AUG11SDSF-SD,46,54,418,yes
1754961863556,1754961863,KXMLBGAME-25AUG11DETCWS-DET,50,50,112,yes
1754961863556,1754961863,KXMLBGAME-25AUG11DETCWS-DET,50,50,112,yes
1754961863556,1754961863,KXMLBGAME-25AUG11DETCWS-DET,50,50,750,yes
1754961863556,1754961863,KXMLBGAME-25AUG11DETCWS-DET,50,50,88,yes
1754961866606,1754961866,KXMLBGAME-25AUG11DETCWS-DET,50,50,162,yes
1754961866606,1754961866,KXMLBGAME-25AUG11DETCWS-DET,50,50,877,yes
1754961866606,1754961866,KXMLBGAME-25AUG11DETCWS-DET,50,50,200,yes
1754961866606,1754961866,KXMLBGAME-25AUG11DETCWS-DET,50,50,400,yes
1754961866606,1754961866,KXMLBGAME-25AUG11DETCWS-DET,50,50,293,yes
1754961866916,1754961866,KXMLBGAME-25AUG11COLSTL-COL,33,67,100,yes
1754961867816,1754961867,KXMLBGAME-25AUG11BOSHOU-BOS,26,74,50,yes
1754961868377,1754961868,KXMLBGAME-25AUG11COLSTL-COL,32,68,43,no
1754961871276,1754961871,KXMLBGAME-25AUG11DETCWS-CWS,52,48,1,yes
1754961871276,1754961871,KXMLBGAME-25AUG11DETCWS-CWS,52,48,147,yes
1754961871565,1754961871,KXMLBGAME-25AUG11DETCWS-DET,50,50,9,yes
1754961872935,1754961872,KXMLBGAME-25AUG11BOSHOU-BOS,26,74,14,yes
1754961873316,1754961873,KXMLBGAME-25AUG11BOSHOU-BOS,26,74,1,yes
1754961873635,1754961873,KXMLBGAME-25AUG11WSHKC-WSH,49,51,20,yes
1754961873635,1754961873,KXMLBGAME-25AUG11WSHKC-WSH,50,50,173,yes
1754961875165,1754961875,KXMLBGAME-25AUG11LADLAA-LAD,62,38,40,yes
1754961875825,1754961875,KXMLBGAME-25AUG11BOSHOU-HOU,75,25,5,yes
1754961876707,1754961876,KXMLBGAME-25AUG11BOSHOU-HOU,75,25,50,yes
1754961876707,1754961876,KXMLBGAME-25AUG11BOSHOU-HOU,75,25,50,yes
1754961876707,1754961876,KXMLBGAME-25AUG11BOSHOU-HOU,75,25,31,yes
1754961877456,1754961877,KXMLBGAME-25AUG11COLSTL-COL,40,60,2,yes
1754961880534,1754961880,KXMLBGAME-25AUG11WSHKC-WSH,41,59,223,yes
1754961880568,1754961880,KXMLBGAME-25AUG11WSHKC-KC,58,42,15,no
1754961880568,1754961880,KXMLBGAME-25AUG11WSHKC-KC,57,43,208,no
1754961881096,1754961881,KXMLBGAME-25AUG11PITMIL-MIL,95,5,35,no
1754961881216,1754961881,KXMLBGAME-25AUG11COLSTL-COL,40,60,23,yes
1754961881216,1754961881,KXMLBGAME-25AUG11COLSTL-COL,49,51,25,yes
1754961881216,1754961881,KXMLBGAME-25AUG11COLSTL-COL,63,37,4,yes
1754961885925,1754961885,KXMLBGAME-25AUG11COLSTL-COL,42,58,5,no
1754961885925,1754961885,KXMLBGAME-25AUG11COLSTL-STL,62,38,5,no
1754961886477,1754961886,KXMLBGAME-25AUG11WSHKC-WSH,36,64,181,yes
1754961887638,1754961887,KXMLBGAME-25AUG11DETCWS-DET,50,50,48,yes
1754961888625,1754961888,KXMLBGAME-25AUG11COLSTL-STL,60,40,1,no
1754961890715,1754961890,KXMLBGAME-25AUG11DETCWS-DET,50,50,2,yes
1754961891346,1754961891,KXMLBGAME-25AUG11COLSTL-COL,44,56,45,no
1754961892354,1754961892,KXMLBGAME-25AUG11LADLAA-LAD,62,38,125,yes
1754961892369,1754961892,KXMLBGAME-25AUG11WSHKC-WSH,36,64,119,yes
1754961892369,1754961892,KXMLBGAME-25AUG11WSHKC-WSH,36,64,395,yes
1754961894553,1754961893,KXMLBGAME-25AUG11BOSHOU-HOU,74,26,3,no
1754961895878,1754961895,KXMLBGAME-25AUG11COLSTL-COL,45,55,21,yes
1754961895883,1754961895,KXMLBGAME-25AUG11WSHKC-WSH,36,64,10,no
1754961900266,1754961900,KXMLBGAME-25AUG11WSHKC-KC,64,36,112,yes
1754961901355,1754961901,KXMLBGAME-25AUG11BOSHOU-BOS,30,70,282,yes
1754961902091,1754961902,KXMLBGAME-25AUG11BOSHOU-HOU,71,29,2,no
1754961902091,1754961902,KXMLBGAME-25AUG11BOSHOU-HOU,70,30,15,no
1754961902374,1754961902,KXMLBGAME-25AUG11LADLAA-LAD,62,38,15,yes
1754961904216,1754961904,KXMLBGAME-25AUG11LADLAA-LAD,62,38,78,yes
1754961904756,1754961904,KXMLBGAME-25AUG11BOSHOU-HOU,73,27,6,yes
1754961905675,1754961905,KXMLBGAME-25AUG11DETCWS-DET,50,50,348,yes
1754961905675,1754961905,KXMLBGAME-25AUG11DETCWS-DET,50,50,112,yes
1754961905675,1754961905,KXMLBGAME-25AUG11DETCWS-DET,50,50,23,yes
1754961906415,1754961906,KXMLBGAME-25AUG11COLSTL-COL,44,56,10,yes
1754961906484,1754961906,KXMLBGAME-25AUG11DETCWS-DET,49,51,84,no
1754961906484,1754961906,KXMLBGAME-25AUG11DETCWS-DET,49,51,10,no
1754961906484,1754961906,KXMLBGAME-25AUG11DETCWS-DET,47,53,1,no
1754961906484,1754961906,KXMLBGAME-25AUG11DETCWS-DET,46,54,96,no
1754961908976,1754961908,KXMLBGAME-25AUG11WSHKC-KC,64,36,14,no
1754961909217,1754961909,KXMLBGAME-25AUG11COLSTL-COL,44,56,481,yes
1754961909217,1754961909,KXMLBGAME-25AUG11COLSTL-COL,44,56,713,yes
1754961909217,1754961909,KXMLBGAME-25AUG11COLSTL-COL,45,55,25,yes
1754961909217,1754961909,KXMLBGAME-25AUG11COLSTL-COL,45,55,15,yes
1754961909217,1754961909,KXMLBGAME-25AUG11COLSTL-COL,46,54,74,yes
1754961910176,1754961910,KXMLBGAME-25AUG11WSHKC-WSH,36,64,265,yes
1754961910536,1754961910,KXMLBGAME-25AUG11DETCWS-DET,49,51,39,yes
1754961913345,1754961913,KXMLBGAME-25AUG11WSHKC-KC,65,35,29,yes
1754961914317,1754961914,KXMLBGAME-25AUG11WSHKC-WSH,36,64,31,yes
1754961916126,1754961916,KXMLBGAME-25AUG11WSHKC-WSH,34,66,112,no
1754961916126,1754961916,KXMLBGAME-25AUG11WSHKC-WSH,33,67,254,no
1754961916766,1754961916,KXMLBGAME-25AUG11MINNYY-NYY,99,1,85,no
1754961922086,1754961922,KXMLBGAME-25AUG11BOSHOU-BOS,24,76,50,no
1754961923516,1754961923,KXMLBGAME-25AUG11AZTEX-AZ,90,10,20,no
1754961926155,1754961926,KXMLBGAME-25AUG11COLSTL-COL,45,55,30,yes
1754961927124,1754961927,KXMLBGAME-25AUG11BOSHOU-BOS,40,60,2,yes
1754961927175,1754961927,KXMLBGAME-25AUG11SDSF-SD,46,54,31,yes
1754961928395,1754961928,KXMLBGAME-25AUG11WSHKC-WSH,37,63,15,yes
1754961928507,1754961928,KXMLBGAME-25AUG11DETCWS-CWS,51,49,300,no
1754961928507,1754961928,KXMLBGAME-25AUG11DETCWS-CWS,51,49,112,no
1754961928507,1754961928,KXMLBGAME-25AUG11DETCWS-CWS,51,49,250,no
1754961928644,1754961928,KXMLBGAME-25AUG11DETCWS-DET,49,51,73,yes
1754961928644,1754961928,KXMLBGAME-25AUG11DETCWS-DET,49,51,39,yes
1754961928644,1754961928,KXMLBGAME-25AUG11DETCWS-DET,49,51,610,yes
1754961928796,1754961928,KXMLBGAME-25AUG11COLSTL-COL,44,56,39,yes
1754961929329,1754961929,KXMLBGAME-25AUG11BOSHOU-HOU,79,21,10,yes
1754961933495,1754961933,KXMLBGAME-25AUG11COLSTL-COL,44,56,100,yes
1754961933635,1754961933,KXMLBGAME-25AUG11WSHKC-WSH,36,64,26,yes
1754961933674,1754961933,KXMLBGAME-25AUG11PITMIL-MIL,97,3,38,yes
1754961933674,1754961933,KXMLBGAME-25AUG11PITMIL-MIL,99,1,108,yes
1754961934587,1754961934,KXMLBGAME-25AUG11LADLAA-LAD,62,38,39,yes
1754961936145,1754961936,KXMLBGAME-25AUG11WSHKC-KC,63,37,165,no
1754961936207,1754961936,KXMLBGAME-25AUG11BOSHOU-HOU,79,21,48,yes
1754961936207,1754961936,KXMLBGAME-25AUG11BOSHOU-HOU,79,21,1,yes
1754961936207,1754961936,KXMLBGAME-25AUG11BOSHOU-HOU,79,21,38,yes
1754961937228,1754961937,KXMLBGAME-25AUG11BOSHOU-HOU,79,21,62,yes
1754961937597,1754961937,KXMLBGAME-25AUG11WSHKC-WSH,36,64,196,yes
1754961938445,1754961938,KXMLBGAME-25AUG11PITMIL-MIL,97,3,19,no
1754961938445,1754961938,KXMLBGAME-25AUG11PITMIL-MIL,97,3,300,no
1754961940095,1754961940,KXMLBGAME-25AUG11BOSHOU-HOU,80,20,32,yes
1754961942376,1754961942,KXMLBGAME-25AUG11PITMIL-MIL,97,3,308,yes
1754961942665,1754961942,KXMLBGAME-25AUG11WSHKC-KC,65,35,37,yes
1754961944955,1754961944,KXMLBGAME-25AUG11AZTEX-AZ,90,10,11,yes
1754961945145,1754961945,KXMLBGAME-25AUG11BOSHOU-HOU,79,21,1,yes
1754961945145,1754961945,KXMLBGAME-25AUG11BOSHOU-HOU,80,20,60,yes
1754961946855,1754961946,KXMLBGAME-25AUG11BOSHOU-HOU,80,20,8,yes
1754961946855,1754961946,KXMLBGAME-25AUG11BOSHOU-HOU,80,20,100,yes
1754961946855,1754961946,KXMLBGAME-25AUG11BOSHOU-HOU,81,19,12,yes
1754961946855,1754961946,KXMLBGAME-25AUG11BOSHOU-HOU,82,18,1,yes
1754961946855,1754961946,KXMLBGAME-25AUG11BOSHOU-HOU,84,16,100,yes
1754961946906,1754961946,KXMLBGAME-25AUG11BOSHOU-HOU,85,15,1,no
1754961946906,1754961946,KXMLBGAME-25AUG11BOSHOU-BOS,24,76,1,no
1754961947095,1754961947,KXMLBGAME-25AUG11BOSHOU-BOS,17,83,100,no
1754961947116,1754961947,KXMLBGAME-25AUG11BOSHOU-HOU,85,15,80,no
1754961947226,1754961947,KXMLBGAME-25AUG11BOSHOU-BOS,19,81,100,no
1754961947246,1754961947,KXMLBGAME-25AUG11BOSHOU-BOS,18,82,100,no
1754961947266,1754961947,KXMLBGAME-25AUG11BOSHOU-HOU,85,15,200,no
1754961947295,1754961947,KXMLBGAME-25AUG11BOSHOU-HOU,85,15,26,no
1754961947385,1754961947,KXMLBGAME-25AUG11BOSHOU-BOS,17,83,100,no
1754961947421,1754961947,KXMLBGAME-25AUG11BOSHOU-HOU,85,15,100,no
1754961947516,1754961947,KXMLBGAME-25AUG11WSHKC-WSH,35,65,22,no
1754961948015,1754961947,KXMLBGAME-25AUG11BOSHOU-HOU,85,15,40,no
1754961948057,1754961948,KXMLBGAME-25AUG11BOSHOU-BOS,15,85,100,no
1754961948057,1754961948,KXMLBGAME-25AUG11BOSHOU-BOS,15,85,200,no
1754961948595,1754961948,KXMLBGAME-25AUG11BOSHOU-BOS,16,84,200,no
1754961948606,1754961948,KXMLBGAME-25AUG11DETCWS-CWS,50,50,300,no
1754961948606,1754961948,KXMLBGAME-25AUG11DETCWS-CWS,50,50,64,no
1754961949285,1754961949,KXMLBGAME-25AUG11BOSHOU-BOS,15,85,100,no
1754961949285,1754961949,KXMLBGAME-25AUG11BOSHOU-BOS,15,85,9,no
1754961950595,1754961950,KXMLBGAME-25AUG11BOSHOU-BOS,14,86,100,no
1754961950595,1754961950,KXMLBGAME-25AUG11BOSHOU-BOS,14,86,100,no
1754961952877,1754961952,KXMLBGAME-25AUG11LADLAA-LAD,62,38,9,yes
1754961955836,1754961955,KXMLBGAME-25AUG11COLSTL-STL,57,43,2,yes
1754961956154,1754961956,KXMLBGAME-25AUG11BOSHOU-BOS,15,85,479,yes
1754961956154,1754961956,KXMLBGAME-25AUG11BOSHOU-BOS,15,85,427,yes
1754961956154,1754961956,KXMLBGAME-25AUG11BOSHOU-BOS,15,85,300,yes
1754961956154,1754961956,KXMLBGAME-25AUG11BOSHOU-BOS,15,85,469,yes
1754961956154,1754961956,KXMLBGAME-25AUG11BOSHOU-BOS,15,85,325,yes
1754961956619,1754961956,KXMLBGAME-25AUG11AZTEX-AZ,89,11,18,no
1754961956927,1754961956,KXMLBGAME-25AUG11BOSHOU-BOS,14,86,6,no
1754961956927,1754961956,KXMLBGAME-25AUG11BOSHOU-BOS,14,86,100,no
1754961956927,1754961956,KXMLBGAME-25AUG11BOSHOU-BOS,13,87,12,no
1754961956927,1754961956,KXMLBGAME-25AUG11BOSHOU-BOS,13,87,2,no
1754961957768,1754961957,KXMLBGAME-25AUG11BOSHOU-BOS,12,88,2,no
1754961958045,1754961958,KXMLBGAME-25AUG11PITMIL-MIL,96,4,201,no
1754961958366,1754961958,KXMLBGAME-25AUG11PITMIL-MIL,97,3,1000,yes
1754961958785,1754961958,KXMLBGAME-25AUG11BOSHOU-HOU,85,15,8,no
1754961959797,1754961959,KXMLBGAME-25AUG11COLSTL-COL,43,57,94,no
1754961963108,1754961962,KXMLBGAME-25AUG11AZTEX-AZ,90,10,269,yes
1754961963108,1754961962,KXMLBGAME-25AUG11AZTEX-AZ,91,9,383,yes
1754961965046,1754961965,KXMLBGAME-25AUG11PITMIL-MIL,97,3,611,yes
1754961966998,1754961966,KXMLBGAME-25AUG11COLSTL-STL,57,43,8,yes
1754961969037,1754961969,KXMLBGAME-25AUG11AZTEX-AZ,90,10,16,yes
1754961969535,1754961969,KXMLBGAME-25AUG11COLSTL-STL,54,46,23,no
1754961969535,1754961969,KXMLBGAME-25AUG11COLSTL-STL,53,47,116,no
1754961971527,1754961971,KXMLBGAME-25AUG11DETCWS-CWS,49,51,217,yes
1754961971527,1754961971,KXMLBGAME-25AUG11DETCWS-CWS,49,51,200,yes
1754961971527,1754961971,KXMLBGAME-25AUG11DETCWS-CWS,50,50,112,yes
1754961971527,1754961971,KXMLBGAME-25AUG11DETCWS-CWS,50,50,400,yes
1754961971527,1754961971,KXMLBGAME-25AUG11DETCWS-CWS,50,50,45,yes
1754961973334,1754961973,KXMLBGAME-25AUG11SDSF-SD,46,54,33,yes
1754961973648,1754961973,KXMLBGAME-25AUG11COLSTL-STL,54,46,17,no
1754961973648,1754961973,KXMLBGAME-25AUG11COLSTL-STL,53,47,2029,no
1754961973648,1754961973,KXMLBGAME-25AUG11COLSTL-STL,52,48,10,no
1754961973648,1754961973,KXMLBGAME-25AUG11COLSTL-STL,52,48,300,no
1754961973648,1754961973,KXMLBGAME-25AUG11COLSTL-STL,51,49,250,no
1754961973648,1754961973,KXMLBGAME-25AUG11COLSTL-STL,50,50,1,no
1754961973649,1754961973,KXMLBGAME-25AUG11COLSTL-STL,47,53,500,no
1754961974206,1754961974,KXMLBGAME-25AUG11COLSTL-COL,45,55,52,yes
1754961975375,1754961975,KXMLBGAME-25AUG11SDSF-SD,46,54,5,yes
1754961976375,1754961976,KXMLBGAME-25AUG11BOSHOU-BOS,13,87,18,no
1754961978047,1754961978,KXMLBGAME-25AUG11SDSF-SD,46,54,104,yes
1754961978405,1754961978,KXMLBGAME-25AUG11DETCWS-DET,52,48,2,yes
1754961978405,1754961978,KXMLBGAME-25AUG11DETCWS-DET,52,48,300,yes
1754961978405,1754961978,KXMLBGAME-25AUG11DETCWS-DET,53,47,45,yes
1754961978405,1754961978,KXMLBGAME-25AUG11DETCWS-DET,53,47,400,yes
1754961978405,1754961978,KXMLBGAME-25AUG11DETCWS-DET,54,46,48,yes
1754961978405,1754961978,KXMLBGAME-25AUG11DETCWS-DET,54,46,382,yes
1754961981645,1754961981,KXMLBGAME-25AUG11WSHKC-WSH,34,66,84,no
1754961985206,1754961985,KXMLBGAME-25AUG11COLSTL-STL,60,40,2,yes
1754961986336,1754961986,KXMLBGAME-25AUG11COLSTL-COL,41,59,11,yes
1754961986558,1754961986,KXMLBGAME-25AUG11BOSHOU-HOU,85,15,592,no
1754961986558,1754961986,KXMLBGAME-25AUG11BOSHOU-HOU,85,15,300,no
1754961986558,1754961986,KXMLBGAME-25AUG11BOSHOU-HOU,84,16,346,no
1754961989825,1754961989,KXMLBGAME-25AUG11DETCWS-DET,52,48,2,yes
1754961989825,1754961989,KXMLBGAME-25AUG11DETCWS-DET,53,47,6,yes
1754961994974,1754961994,KXMLBGAME-25AUG11WSHKC-WSH,36,64,300,yes
1754961994974,1754961994,KXMLBGAME-25AUG11WSHKC-WSH,37,63,67,yes
1754961994974,1754961994,KXMLBGAME-25AUG11WSHKC-WSH,37,63,1033,yes
1754961994974,1754961994,KXMLBGAME-25AUG11WSHKC-WSH,38,62,600,yes
1754961994974,1754961994,KXMLBGAME-25AUG11WSHKC-WSH,38,62,200,yes
1754961994974,1754961994,KXMLBGAME-25AUG11WSHKC-WSH,38,62,365,yes
1754961995651,1754961994,KXMLBGAME-25AUG11BOSHOU-BOS,12,88,38,no
1754961995761,1754961995,KXMLBGAME-25AUG11PITMIL-MIL,97,3,2,yes
1754961996383,1754961996,KXMLBGAME-25AUG11DETCWS-DET,53,47,1,yes
1754961996449,1754961996,KXMLBGAME-25AUG11SDSF-SD,46,54,20,yes
1754962001715,1754962001,KXMLBGAME-25AUG11BOSHOU-HOU,87,13,50,yes
1754962001715,1754962001,KXMLBGAME-25AUG11BOSHOU-HOU,88,12,6,yes
1754962002235,1754962002,KXMLBGAME-25AUG11SDSF-SD,46,54,402,yes
1754962002665,1754962002,KXMLBGAME-25AUG11WSHKC-WSH,35,65,755,no
1754962002825,1754962002,KXMLBGAME-25AUG11WSHKC-WSH,35,65,745,no
1754962003615,1754962003,KXMLBGAME-25AUG11WSHKC-KC,67,33,1,yes
1754962003615,1754962003,KXMLBGAME-25AUG11COLSTL-COL,42,58,10,yes
1754962003615,1754962003,KXMLBGAME-25AUG11COLSTL-COL,43,57,23,yes
1754962003865,1754962003,KXMLBGAME-25AUG11WSHKC-WSH,33,67,53,yes
1754962006215,1754962006,KXMLBGAME-25AUG11LADLAA-LAD,62,38,31,yes
1754962006816,1754962006,KXMLBGAME-25AUG11BOSHOU-BOS,12,88,39,no
1754962012066,1754962012,KXMLBGAME-25AUG11COLSTL-STL,60,40,2,yes
1754962013315,1754962013,KXMLBGAME-25AUG11BOSHOU-BOS,13,87,72,yes
1754962013446,1754962013,KXMLBGAME-25AUG11COLSTL-COL,40,60,2,no
1754962017125,1754962017,KXMLBGAME-25AUG11BOSHOU-HOU,87,13,40,no
1754962018777,1754962018,KXMLBGAME-25AUG11COLSTL-STL,63,37,25,yes
1754962018777,1754962018,KXMLBGAME-25AUG11COLSTL-STL,63,37,10,yes
1754962019696,1754962019,KXMLBGAME-25AUG11BOSHOU-HOU,87,13,150,no
1754962020560,1754962020,KXMLBGAME-25AUG11DETCWS-DET,54,46,188,yes
1754962021535,1754962021,KXMLBGAME-25AUG11PITMIL-MIL,97,3,102,yes
1754962022425,1754962022,KXMLBGAME-25AUG11SDSF-SD,46,54,163,yes
1754962023045,1754962023,KXMLBGAME-25AUG11BOSHOU-HOU,85,15,24,no
1754962024297,1754962024,KXMLBGAME-25AUG11WSHKC-WSH,33,67,50,yes
1754962024297,1754962024,KXMLBGAME-25AUG11WSHKC-WSH,33,67,21,yes
1754962025855,1754962025,KXMLBGAME-25AUG11AZTEX-AZ,90,10,284,yes
1754962025855,1754962025,KXMLBGAME-25AUG11AZTEX-AZ,91,9,155,yes
1754962025877,1754962025,KXMLBGAME-25AUG11PITMIL-MIL,97,3,257,yes
1754962028004,1754962027,KXMLBGAME-25AUG11WSHKC-KC,68,32,15,no
1754962029265,1754962029,KXMLBGAME-25AUG11COLSTL-COL,41,59,8,yes
1754962029265,1754962029,KXMLBGAME-25AUG11COLSTL-COL,42,58,15,yes
1754962030219,1754962030,KXMLBGAME-25AUG11BOSHOU-HOU,90,10,200,yes
1754962030219,1754962030,KXMLBGAME-25AUG11BOSHOU-HOU,90,10,400,yes
1754962030219,1754962030,KXMLBGAME-25AUG11BOSHOU-HOU,90,10,88,yes
1754962030428,1754962030,KXMLBGAME-25AUG11DETCWS-DET,53,47,17,yes
1754962034066,1754962034,KXMLBGAME-25AUG11LADLAA-LAD,62,38,23,yes
1754962037345,1754962037,KXMLBGAME-25AUG11MINNYY-NYY,99,1,10,no
1754962037976,1754962037,KXMLBGAME-25AUG11LADLAA-LAD,62,38,157,yes
1754962038305,1754962038,KXMLBGAME-25AUG11SDSF-SD,46,54,474,yes
1754962038326,1754962038,KXMLBGAME-25AUG11WSHKC-WSH,33,67,20,yes
1754962038786,1754962038,KXMLBGAME-25AUG11SDSF-SD,46,54,43,yes
1754962039784,1754962039,KXMLBGAME-25AUG11DETCWS-DET,53,47,68,yes
1754962041704,1754962041,KXMLBGAME-25AUG11SDSF-SF,55,45,96,yes
1754962042655,1754962042,KXMLBGAME-25AUG11PITMIL-PIT,2,98,17,no
1754962044622,1754962044,KXMLBGAME-25AUG11WSHKC-WSH,33,67,28,yes
1754962045275,1754962045,KXMLBGAME-25AUG11PITMIL-MIL,97,3,514,yes
1754962048589,1754962048,KXMLBGAME-25AUG11DETCWS-CWS,46,54,300,no
1754962048667,1754962048,KXMLBGAME-25AUG11COLSTL-STL,42,58,1,no
1754962048667,1754962048,KXMLBGAME-25AUG11COLSTL-STL,41,59,100,no
1754962050105,1754962050,KXMLBGAME-25AUG11COLSTL-COL,60,40,1,yes
1754962051502,1754962051,KXMLBGAME-25AUG11BOSHOU-HOU,86,14,24,no
1754962051956,1754962051,KXMLBGAME-25AUG11SDSF-SF,55,45,17,yes
1754962052994,1754962052,KXMLBGAME-25AUG11BOSHOU-BOS,12,88,180,no
1754962058556,1754962058,KXMLBGAME-25AUG11DETCWS-DET,55,45,36,yes
1754962063294,1754962063,KXMLBGAME-25AUG11DETCWS-DET,55,45,26,yes
1754962063996,1754962063,KXMLBGAME-25AUG11AZTEX-AZ,90,10,110,yes
1754962066655,1754962066,KXMLBGAME-25AUG11BOSHOU-HOU,88,12,11,no
1754962066785,1754962066,KXMLBGAME-25AUG11AZTEX-TEX,12,88,112,yes
1754962066785,1754962066,KXMLBGAME-25AUG11AZTEX-TEX,13,87,99,yes
1754962070286,1754962070,KXMLBGAME-25AUG11COLSTL-COL,60,40,50,yes
1754962073124,1754962073,KXMLBGAME-25AUG11COLSTL-COL,62,38,6,yes
1754962073124,1754962073,KXMLBGAME-25AUG11COLSTL-COL,62,38,56,yes
1754962075727,1754962075,KXMLBGAME-25AUG11AZTEX-AZ,91,9,43,yes
1754962075816,1754962075,KXMLBGAME-25AUG11DETCWS-DET,55,45,141,yes
1754962078465,1754962078,KXMLBGAME-25AUG11COLSTL-COL,62,38,103,yes
1754962079999,1754962079,KXMLBGAME-25AUG11PITMIL-MIL,97,3,823,yes
1754962081168,1754962081,KXMLBGAME-25AUG11BOSHOU-HOU,90,10,4,yes
1754962081526,1754962081,KXMLBGAME-25AUG11PITMIL-MIL,97,3,41,yes
1754962083566,1754962083,KXMLBGAME-25AUG11BOSHOU-HOU,88,12,289,no
1754962083566,1754962083,KXMLBGAME-25AUG11BOSHOU-HOU,87,13,135,no
1754962085356,1754962085,KXMLBGAME-25AUG11COLSTL-COL,58,42,41,no
1754962088211,1754962088,KXMLBGAME-25AUG11BOSHOU-HOU,88,12,128,no
1754962088455,1754962088,KXMLBGAME-25AUG11BOSHOU-BOS,9,91,32,no
1754962092355,1754962092,KXMLBGAME-25AUG11MINNYY-NYY,99,1,106,no
1754962092785,1754962092,KXMLBGAME-25AUG11COLSTL-STL,41,59,23,yes
1754962092974,1754962092,KXMLBGAME-25AUG11DETCWS-DET,55,45,97,yes
1754962092974,1754962092,KXMLBGAME-25AUG11DETCWS-DET,56,44,3,yes
1754962093456,1754962093,KXMLBGAME-25AUG11BOSHOU-HOU,88,12,172,no
1754962093456,1754962093,KXMLBGAME-25AUG11BOSHOU-HOU,88,12,112,no
1754962093550,1754962093,KXMLBGAME-25AUG11BOSHOU-BOS,11,89,88,yes
1754962093550,1754962093,KXMLBGAME-25AUG11BOSHOU-BOS,11,89,408,yes
1754962093550,1754962093,KXMLBGAME-25AUG11BOSHOU-BOS,12,88,112,yes
1754962096269,1754962096,KXMLBGAME-25AUG11COLSTL-STL,41,59,39,yes
1754962096552,1754962096,KXMLBGAME-25AUG11DETCWS-DET,55,45,90,yes
1754962098060,1754962097,KXMLBGAME-25AUG11AZTEX-AZ,90,10,300,yes
1754962098262,1754962098,KXMLBGAME-25AUG11WSHKC-WSH,32,68,298,yes
1754962100868,1754962100,KXMLBGAME-25AUG11PITMIL-PIT,2,98,5,no
1754962100979,1754962100,KXMLBGAME-25AUG11WSHKC-WSH,32,68,28,yes
1754962107006,1754962106,KXMLBGAME-25AUG11BOSHOU-BOS,12,88,892,no
1754962107006,1754962106,KXMLBGAME-25AUG11BOSHOU-BOS,10,90,112,no
1754962107006,1754962106,KXMLBGAME-25AUG11BOSHOU-BOS,9,91,114,no
1754962107526,1754962107,KXMLBGAME-25AUG11DETCWS-DET,56,44,61,yes
1754962107526,1754962107,KXMLBGAME-25AUG11DETCWS-DET,56,44,2,yes
1754962107526,1754962107,KXMLBGAME-25AUG11DETCWS-DET,56,44,283,yes
1754962107956,1754962107,KXMLBGAME-25AUG11LADLAA-LAD,62,38,23,yes
1754962108407,1754962108,KXMLBGAME-25AUG11WSHKC-KC,70,30,31,no
1754962108432,1754962108,KXMLBGAME-25AUG11WSHKC-WSH,31,69,76,no
1754962108517,1754962108,KXMLBGAME-25AUG11WSHKC-KC,70,30,23,no
1754962110866,1754962110,KXMLBGAME-25AUG11AZTEX-TEX,13,87,362,yes
1754962112216,1754962112,KXMLBGAME-25AUG11DETCWS-CWS,47,53,10,yes
1754962113161,1754962113,KXMLBGAME-25AUG11DETCWS-DET,57,43,47,yes
1754962113161,1754962113,KXMLBGAME-25AUG11DETCWS-DET,58,42,121,yes
1754962113299,1754962113,KXMLBGAME-25AUG11COLSTL-COL,59,41,54,no
1754962113584,1754962113,KXMLBGAME-25AUG11DETCWS-DET,57,43,8,yes
1754962113826,1754962113,KXMLBGAME-25AUG11SDSF-SD,46,54,359,yes
1754962114676,1754962114,KXMLBGAME-25AUG11COLSTL-COL,62,38,41,yes
1754962114676,1754962114,KXMLBGAME-25AUG11COLSTL-COL,62,38,400,yes
1754962114676,1754962114,KXMLBGAME-25AUG11COLSTL-COL,62,38,4,yes
1754962114676,1754962114,KXMLBGAME-25AUG11COLSTL-COL,63,37,200,yes
1754962114676,1754962114,KXMLBGAME-25AUG11COLSTL-COL,63,37,135,yes
1754962118727,1754962118,KXMLBGAME-25AUG11PITMIL-MIL,97,3,900,yes
1754962120004,1754962119,KXMLBGAME-25AUG11PITMIL-MIL,97,3,15,yes
1754962120365,1754962120,KXMLBGAME-25AUG11WSHKC-KC,71,29,4,yes
1754962121045,1754962121,KXMLBGAME-25AUG11PITMIL-MIL,97,3,8,yes
1754962122395,1754962122,KXMLBGAME-25AUG11LADLAA-LAA,39,61,1174,yes
1754962122629,1754962122,KXMLBGAME-25AUG11LADLAA-LAD,61,39,749,no
1754962122713,1754962122,KXMLBGAME-25AUG11BOSHOU-HOU,89,11,34,yes
1754962122896,1754962122,KXMLBGAME-25AUG11COLSTL-STL,41,59,32,yes
1754962124044,1754962124,KXMLBGAME-25AUG11SDSF-SF,55,45,95,yes
1754962124306,1754962124,KXMLBGAME-25AUG11COLSTL-COL,61,39,9,yes
1754962126526,1754962126,KXMLBGAME-25AUG11BOSHOU-BOS,13,87,78,yes
1754962127325,1754962127,KXMLBGAME-25AUG11PITMIL-MIL,97,3,41,yes
1754962129254,1754962129,KXMLBGAME-25AUG11PITMIL-PIT,3,97,312,yes
1754962131256,1754962131,KXMLBGAME-25AUG11WSHKC-WSH,33,67,17,yes
1754962131256,1754962131,KXMLBGAME-25AUG11WSHKC-WSH,36,64,17,yes
1754962131256,1754962131,KXMLBGAME-25AUG11WSHKC-WSH,37,63,300,yes
1754962131256,1754962131,KXMLBGAME-25AUG11WSHKC-WSH,37,63,600,yes
1754962131256,1754962131,KXMLBGAME-25AUG11WSHKC-WSH,38,62,300,yes
1754962131256,1754962131,KXMLBGAME-25AUG11WSHKC-WSH,38,62,50,yes
1754962131285,1754962131,KXMLBGAME-25AUG11WSHKC-KC,70,30,17,no
1754962132125,1754962132,KXMLBGAME-25AUG11AZTEX-TEX,9,91,8,no
1754962133225,1754962133,KXMLBGAME-25AUG11DETCWS-CWS,47,53,102,yes
1754962135777,1754962135,KXMLBGAME-25AUG11COLSTL-STL,41,59,10,yes
1754962137165,1754962137,KXMLBGAME-25AUG11COLSTL-STL,41,59,55,yes
1754962137165,1754962137,KXMLBGAME-25AUG11COLSTL-STL,41,59,122,yes
1754962138467,1754962138,KXMLBGAME-25AUG11BOSHOU-BOS,13,87,222,yes
1754962138467,1754962138,KXMLBGAME-25AUG11BOSHOU-BOS,13,87,108,yes
1754962138665,1754962138,KXMLBGAME-25AUG11PITMIL-MIL,97,3,194,yes
1754962140230,1754962140,KXMLBGAME-25AUG11PITMIL-PIT,2,98,278,no
1754962140617,1754962140,KXMLBGAME-25AUG11COLSTL-STL,41,59,105,yes
1754962140757,1754962140,KXMLBGAME-25AUG11BOSHOU-BOS,11,89,9,no
1754962141056,1754962141,KXMLBGAME-25AUG11AZTEX-AZ,90,10,20,no
1754962142227,1754962142,KXMLBGAME-25AUG11COLSTL-STL,41,59,7,yes
1754962143166,1754962143,KXMLBGAME-25AUG11LADLAA-LAD,61,39,350,yes
1754962145369,1754962145,KXMLBGAME-25AUG11BOSHOU-BOS,11,89,15,no
1754962145438,1754962145,KXMLBGAME-25AUG11AZTEX-TEX,12,88,15,yes
1754962146365,1754962146,KXMLBGAME-25AUG11SDSF-SD,46,54,20,yes
1754962147335,1754962147,KXMLBGAME-25AUG11WSHKC-WSH,32,68,298,yes
1754962149195,1754962149,KXMLBGAME-25AUG11WSHKC-WSH,33,67,34,yes
1754962151865,1754962151,KXMLBGAME-25AUG11DETCWS-DET,56,44,173,yes
1754962154334,1754962154,KXMLBGAME-25AUG11AZTEX-TEX,9,91,18,no
1754962154354,1754962154,KXMLBGAME-25AUG11PITMIL-PIT,1,99,29,no
1754962154586,1754962154,KXMLBGAME-25AUG11WSHKC-WSH,32,68,9,yes
1754962154586,1754962154,KXMLBGAME-25AUG11WSHKC-WSH,33,67,5,yes
1754962154755,1754962154,KXMLBGAME-25AUG11BOSHOU-HOU,88,12,7,no
1754962155899,1754962155,KXMLBGAME-25AUG11WSHKC-KC,70,30,13,yes
1754962157466,1754962157,KXMLBGAME-25AUG11WSHKC-KC,70,30,12,yes
1754962158557,1754962158,KXMLBGAME-25AUG11AZTEX-AZ,91,9,12,yes
1754962161676,1754962161,KXMLBGAME-25AUG11BOSHOU-HOU,88,12,173,no
1754962162746,1754962162,KXMLBGAME-25AUG11AZTEX-AZ,90,10,8,no
1754962166895,1754962166,KXMLBGAME-25AUG11WSHKC-WSH,32,68,14,yes
1754962167396,1754962167,KXMLBGAME-25AUG11COLSTL-STL,41,59,7,yes
1754962167396,1754962167,KXMLBGAME-25AUG11COLSTL-STL,41,59,11,yes
1754962170985,1754962170,KXMLBGAME-25AUG11BOSHOU-HOU,88,12,120,no
1754962172136,1754962172,KXMLBGAME-25AUG11WSHKC-WSH,33,67,20,yes
1754962172314,1754962172,KXMLBGAME-25AUG11PITMIL-PIT,1,99,11,no
1754962174037,1754962174,KXMLBGAME-25AUG11BOSHOU-BOS,10,90,112,no
1754962174037,1754962174,KXMLBGAME-25AUG11BOSHOU-BOS,7,93,72,no
1754962174146,1754962174,KXMLBGAME-25AUG11BOSHOU-HOU,88,12,8,yes
1754962175496,1754962175,KXMLBGAME-25AUG11AZTEX-AZ,91,9,27,yes
1754962176025,1754962175,KXMLBGAME-25AUG11WSHKC-WSH,33,67,14,yes
1754962176589,1754962176,KXMLBGAME-25AUG11COLSTL-COL,61,39,11,yes
1754962178236,1754962178,KXMLBGAME-25AUG11DETCWS-CWS,47,53,75,yes
1754962180620,1754962180,KXMLBGAME-25AUG11LADLAA-LAD,61,39,6,yes
1754962183094,1754962183,KXMLBGAME-25AUG11BOSHOU-HOU,88,12,118,no
1754962184186,1754962184,KXMLBGAME-25AUG11WSHKC-KC,68,32,39,yes
1754962185295,1754962185,KXMLBGAME-25AUG11LADLAA-LAD,61,39,801,yes
1754962187265,1754962187,KXMLBGAME-25AUG11COLSTL-COL,61,39,86,yes
1754962187456,1754962187,KXMLBGAME-25AUG11COLSTL-STL,41,59,46,yes
1754962188616,1754962188,KXMLBGAME-25AUG11DETCWS-DET,56,44,27,yes
1754962190085,1754962190,KXMLBGAME-25AUG11SDSF-SD,46,54,209,yes
1754962190425,1754962190,KXMLBGAME-25AUG11WSHKC-KC,68,32,21,yes
1754962192246,1754962192,KXMLBGAME-25AUG11PITMIL-PIT,1,99,960,no
1754962192246,1754962192,KXMLBGAME-25AUG11PITMIL-PIT,1,99,120,no
1754962192246,1754962192,KXMLBGAME-25AUG11PITMIL-PIT,1,99,2000,no
1754962192246,1754962192,KXMLBGAME-25AUG11PITMIL-PIT,1,99,1000,no
1754962192246,1754962192,KXMLBGAME-25AUG11PITMIL-PIT,1,99,112,no
1754962193096,1754962193,KXMLBGAME-25AUG11DETCWS-DET,56,44,46,yes
1754962197206,1754962197,KXMLBGAME-25AUG11WSHKC-WSH,33,67,3,yes
1754962198086,1754962198,KXMLBGAME-25AUG11BOSHOU-HOU,89,11,44,yes
1754962199426,1754962199,KXMLBGAME-25AUG11AZTEX-AZ,92,8,124,yes
1754962204517,1754962204,KXMLBGAME-25AUG11COLSTL-STL,41,59,21,yes
1754962204766,1754962204,KXMLBGAME-25AUG11WSHKC-WSH,31,69,424,no
1754962204766,1754962204,KXMLBGAME-25AUG11WSHKC-WSH,31,69,309,no
1754962213266,1754962213,KXMLBGAME-25AUG11PITMIL-MIL,99,1,35,yes
1754962214461,1754962214,KXMLBGAME-25AUG11WSHKC-WSH,33,67,4,yes
1754962217350,1754962216,KXMLBGAME-25AUG11COLSTL-COL,61,39,194,yes
1754962217351,1754962216,KXMLBGAME-25AUG11COLSTL-COL,61,39,200,yes
1754962217351,1754962216,KXMLBGAME-25AUG11COLSTL-COL,61,39,271,yes
1754962217852,1754962217,KXMLBGAME-25AUG11SDSF-SD,45,55,102,no
1754962218162,1754962217,KXMLBGAME-25AUG11WSHKC-KC,68,32,59,yes
1754962219660,1754962219,KXMLBGAME-25AUG11COLSTL-COL,61,39,111,yes
1754962219861,1754962219,KXMLBGAME-25AUG11WSHKC-WSH,31,69,153,yes
1754962223136,1754962223,KXMLBGAME-25AUG11BOSHOU-HOU,88,12,26,no
1754962226756,1754962226,KXMLBGAME-25AUG11PITMIL-MIL,97,3,44,no
1754962237047,1754962236,KXMLBGAME-25AUG11AZTEX-AZ,93,7,321,yes
1754962237145,1754962237,KXMLBGAME-25AUG11BOSHOU-BOS,12,88,15,yes
1754962241937,1754962241,KXMLBGAME-25AUG11DETCWS-DET,58,42,50,yes
1754962242626,1754962242,KXMLBGAME-25AUG11DETCWS-CWS,44,56,300,yes
1754962242626,1754962242,KXMLBGAME-25AUG11DETCWS-CWS,45,55,112,yes
1754962242626,1754962242,KXMLBGAME-25AUG11DETCWS-CWS,46,54,600,yes
1754962242626,1754962242,KXMLBGAME-25AUG11DETCWS-CWS,47,53,49,yes
1754962243361,1754962243,KXMLBGAME-25AUG11SDSF-SF,55,45,176,yes
1754962247307,1754962247,KXMLBGAME-25AUG11COLSTL-COL,61,39,3,yes
1754962249396,1754962249,KXMLBGAME-25AUG11SDSF-SF,55,45,208,yes
1754962251195,1754962251,KXMLBGAME-25AUG11WSHKC-KC,69,31,28,yes
1754962251655,1754962251,KXMLBGAME-25AUG11SDSF-SD,46,54,10,yes
1754962252855,1754962252,KXMLBGAME-25AUG11WSHKC-WSH,30,70,628,no
1754962252936,1754962252,KXMLBGAME-25AUG11COLSTL-COL,59,41,1,no
1754962252936,1754962252,KXMLBGAME-25AUG11COLSTL-COL,59,41,48,no
1754962253256,1754962253,KXMLBGAME-25AUG11DETCWS-DET,58,42,70,yes
1754962259017,1754962258,KXMLBGAME-25AUG11LADLAA-LAA,39,61,12,yes
1754962261317,1754962261,KXMLBGAME-25AUG11AZTEX-TEX,9,91,20,yes
1754962267735,1754962267,KXMLBGAME-25AUG11COLSTL-COL,57,43,4,no
1754962268866,1754962268,KXMLBGAME-25AUG11COLSTL-COL,58,42,80,no
1754962271596,1754962271,KXMLBGAME-25AUG11WSHKC-KC,69,31,25,yes
1754962275826,1754962275,KXMLBGAME-25AUG11DETCWS-DET,58,42,62,yes
1754962275826,1754962275,KXMLBGAME-25AUG11DETCWS-DET,58,42,8,yes
1754962277075,1754962277,KXMLBGAME-25AUG11DETCWS-CWS,45,55,42,yes
1754962281006,1754962280,KXMLBGAME-25AUG11MINNYY-NYY,99,1,33,no
1754962282026,1754962281,KXMLBGAME-25AUG11COLSTL-STL,43,57,250,yes
1754962282026,1754962281,KXMLBGAME-25AUG11COLSTL-STL,44,56,440,yes
1754962282065,1754962282,KXMLBGAME-25AUG11COLSTL-COL,57,43,246,no
1754962282065,1754962282,KXMLBGAME-25AUG11COLSTL-COL,56,44,444,no
1754962282815,1754962282,KXMLBGAME-25AUG11DETCWS-DET,58,42,25,yes
1754962286784,1754962286,KXMLBGAME-25AUG11COLSTL-COL,59,41,3,yes
1754962287965,1754962287,KXMLBGAME-25AUG11BOSHOU-HOU,87,13,7,no
1754962288376,1754962288,KXMLBGAME-25AUG11COLSTL-STL,41,59,2,no
1754962288376,1754962288,KXMLBGAME-25AUG11COLSTL-STL,40,60,100,no
1754962288376,1754962288,KXMLBGAME-25AUG11COLSTL-STL,40,60,155,no
1754962288455,1754962288,KXMLBGAME-25AUG11COLSTL-STL,41,59,2,no
1754962288705,1754962288,KXMLBGAME-25AUG11WSHKC-KC,68,32,300,no
1754962288786,1754962288,KXMLBGAME-25AUG11WSHKC-KC,67,33,36,no
1754962289426,1754962289,KXMLBGAME-25AUG11COLSTL-COL,59,41,1,yes
1754962289426,1754962289,KXMLBGAME-25AUG11COLSTL-COL,60,40,79,yes
1754962291356,1754962291,KXMLBGAME-25AUG11DETCWS-DET,58,42,132,yes
1754962291566,1754962291,KXMLBGAME-25AUG11COLSTL-STL,41,59,198,yes
1754962291566,1754962291,KXMLBGAME-25AUG11COLSTL-STL,41,59,300,yes
1754962292404,1754962292,KXMLBGAME-25AUG11COLSTL-STL,41,59,157,yes
1754962293836,1754962293,KXMLBGAME-25AUG11WSHKC-WSH,43,57,4,yes
1754962293955,1754962293,KXMLBGAME-25AUG11PITMIL-MIL,99,1,1,yes
1754962294055,1754962294,KXMLBGAME-25AUG11LADLAA-LAA,39,61,12,yes
1754962295295,1754962295,KXMLBGAME-25AUG11BOSHOU-HOU,87,13,13,no
1754962295295,1754962295,KXMLBGAME-25AUG11BOSHOU-HOU,87,13,203,no
1754962295405,1754962295,KXMLBGAME-25AUG11COLSTL-COL,53,47,250,yes
1754962295626,1754962295,KXMLBGAME-25AUG11BOSHOU-HOU,88,12,11,yes
1754962295786,1754962295,KXMLBGAME-25AUG11COLSTL-COL,53,47,130,yes
1754962296717,1754962296,KXMLBGAME-25AUG11COLSTL-COL,52,48,59,no
1754962297840,1754962297,KXMLBGAME-25AUG11COLSTL-COL,53,47,468,yes
1754962298486,1754962298,KXMLBGAME-25AUG11COLSTL-COL,53,47,10,yes
1754962299866,1754962299,KXMLBGAME-25AUG11COLSTL-COL,53,47,130,yes
1754962300066,1754962300,KXMLBGAME-25AUG11COLSTL-COL,53,47,2295,yes
1754962301065,1754962301,KXMLBGAME-25AUG11COLSTL-COL,53,47,1405,yes
1754962302218,1754962302,KXMLBGAME-25AUG11BOSHOU-BOS,13,87,14,yes
1754962303268,1754962303,KXMLBGAME-25AUG11COLSTL-STL,43,57,250,yes
1754962308755,1754962308,KXMLBGAME-25AUG11BOSHOU-HOU,87,13,57,no
1754962309145,1754962309,KXMLBGAME-25AUG11WSHKC-KC,61,39,31,yes
1754962309226,1754962309,KXMLBGAME-25AUG11BOSHOU-HOU,87,13,55,no
1754962309226,1754962309,KXMLBGAME-25AUG11BOSHOU-HOU,87,13,120,no
1754962313846,1754962313,KXMLBGAME-25AUG11BOSHOU-HOU,87,13,38,no
1754962315125,1754962315,KXMLBGAME-25AUG11COLSTL-COL,56,44,169,yes
1754962323205,1754962323,KXMLBGAME-25AUG11DETCWS-CWS,45,55,21,yes
1754962332568,1754962332,KXMLBGAME-25AUG11COLSTL-STL,44,56,112,yes
1754962332568,1754962332,KXMLBGAME-25AUG11COLSTL-STL,45,55,300,yes
1754962332568,1754962332,KXMLBGAME-25AUG11COLSTL-STL,46,54,122,yes
1754962333759,1754962333,KXMLBGAME-25AUG11BOSHOU-BOS,13,87,14,yes
1754962335678,1754962335,KXMLBGAME-25AUG11COLSTL-COL,56,44,8,no
1754962336816,1754962336,KXMLBGAME-25AUG11COLSTL-COL,56,44,23,no
1754962341575,1754962341,KXMLBGAME-25AUG11COLSTL-COL,57,43,122,yes
1754962341906,1754962341,KXMLBGAME-25AUG11PITMIL-PIT,2,98,93,yes
1754962342566,1754962342,KXMLBGAME-25AUG11COLSTL-STL,45,55,2,yes
1754962346737,1754962346,KXMLBGAME-25AUG11SDSF-SD,46,54,5,yes
1754962348516,1754962348,KXMLBGAME-25AUG11WSHKC-WSH,41,59,100,no
1754962350837,1754962350,KXMLBGAME-25AUG11LADLAA-LAD,61,39,17,yes
1754962351706,1754962351,KXMLBGAME-25AUG11AZTEX-AZ,93,7,1,yes
1754962351905,1754962351,KXMLBGAME-25AUG11WSHKC-WSH,40,60,23,yes
1754962352176,1754962352,KXMLBGAME-25AUG11WSHKC-WSH,40,60,2,yes
1754962352886,1754962352,KXMLBGAME-25AUG11DETCWS-CWS,45,55,7,yes
1754962353506,1754962353,KXMLBGAME-25AUG11DETCWS-DET,57,43,300,no
1754962353506,1754962353,KXMLBGAME-25AUG11DETCWS-DET,56,44,175,no
1754962353507,1754962353,KXMLBGAME-25AUG11PITMIL-MIL,99,1,1,yes
1754962354315,1754962354,KXMLBGAME-25AUG11COLSTL-COL,58,42,20,yes
1754962354386,1754962354,KXMLBGAME-25AUG11BOSHOU-HOU,87,13,52,no
1754962354707,1754962354,KXMLBGAME-25AUG11WSHKC-KC,62,38,3,yes
1754962356235,1754962356,KXMLBGAME-25AUG11SDSF-SF,55,45,176,yes
1754962356265,1754962356,KXMLBGAME-25AUG11WSHKC-WSH,39,61,6,yes
1754962356265,1754962356,KXMLBGAME-25AUG11WSHKC-WSH,40,60,18,yes
1754962361305,1754962361,KXMLBGAME-25AUG11WSHKC-KC,61,39,5,no
1754962361918,1754962361,KXMLBGAME-25AUG11COLSTL-COL,58,42,100,yes
1754962362186,1754962362,KXMLBGAME-25AUG11COLSTL-STL,45,55,32,yes
1754962365105,1754962365,KXMLBGAME-25AUG11DETCWS-CWS,45,55,32,yes
1754962367716,1754962367,KXMLBGAME-25AUG11AZTEX-AZ,93,7,107,yes
1754962367716,1754962367,KXMLBGAME-25AUG11AZTEX-AZ,94,6,211,yes
1754962372306,1754962372,KXMLBGAME-25AUG11BOSHOU-HOU,87,13,90,no
1754962372427,1754962372,KXMLBGAME-25AUG11BOSHOU-HOU,87,13,10,yes
1754962372546,1754962372,KXMLBGAME-25AUG11DETCWS-DET,56,44,22,yes
1754962375223,1754962375,KXMLBGAME-25AUG11BOSHOU-HOU,87,13,50,no
1754962378156,1754962378,KXMLBGAME-25AUG11TBATH-ATH,51,49,951,yes
1754962378706,1754962378,KXMLBGAME-25AUG11COLSTL-COL,57,43,130,yes
1754962382635,1754962382,KXMLBGAME-25AUG11WSHKC-WSH,39,61,24,yes
1754962384285,1754962384,KXMLBGAME-25AUG11COLSTL-COL,58,42,1,yes
1754962384506,1754962384,KXMLBGAME-25AUG11COLSTL-STL,45,55,266,yes
1754962384506,1754962384,KXMLBGAME-25AUG11COLSTL-STL,45,55,112,yes
1754962384506,1754962384,KXMLBGAME-25AUG11COLSTL-STL,47,53,150,yes
1754962384719,1754962384,KXMLBGAME-25AUG11WSHKC-WSH,39,61,24,yes
1754962386867,1754962386,KXMLBGAME-25AUG11BOSHOU-HOU,88,12,20,yes
1754962386867,1754962386,KXMLBGAME-25AUG11BOSHOU-HOU,90,10,4,yes
1754962390496,1754962390,KXMLBGAME-25AUG11COLSTL-COL,57,43,7,no
1754962390915,1754962390,KXMLBGAME-25AUG11COLSTL-STL,45,55,2,yes
1754962392936,1754962392,KXMLBGAME-25AUG11SDSF-SD,46,54,62,yes
1754962394685,1754962394,KXMLBGAME-25AUG11DETCWS-DET,59,41,72,yes
1754962394685,1754962394,KXMLBGAME-25AUG11DETCWS-DET,59,41,300,yes
1754962394685,1754962394,KXMLBGAME-25AUG11DETCWS-DET,60,40,200,yes
1754962394685,1754962394,KXMLBGAME-25AUG11DETCWS-DET,60,40,72,yes
1754962394685,1754962394,KXMLBGAME-25AUG11DETCWS-DET,61,39,306,yes
1754962396165,1754962396,KXMLBGAME-25AUG11BOSHOU-BOS,13,87,108,yes
1754962396175,1754962396,KXMLBGAME-25AUG11DETCWS-CWS,45,55,10,yes
1754962396175,1754962396,KXMLBGAME-25AUG11DETCWS-CWS,45,55,42,yes
1754962396175,1754962396,KXMLBGAME-25AUG11DETCWS-CWS,45,55,21,yes
1754962396175,1754962396,KXMLBGAME-25AUG11DETCWS-CWS,45,55,7,yes
1754962396175,1754962396,KXMLBGAME-25AUG11DETCWS-CWS,45,55,70,yes
1754962399395,1754962399,KXMLBGAME-25AUG11COLSTL-STL,45,55,21,yes
1754962400357,1754962400,KXMLBGAME-25AUG11WSHKC-KC,61,39,250,no
1754962400357,1754962400,KXMLBGAME-25AUG11WSHKC-KC,61,39,88,no
1754962401735,1754962401,KXMLBGAME-25AUG11COLSTL-COL,58,42,1,yes
1754962401735,1754962401,KXMLBGAME-25AUG11COLSTL-COL,58,42,35,yes
1754962401866,1754962401,KXMLBGAME-25AUG11COLSTL-COL,58,42,200,yes
1754962402406,1754962402,KXMLBGAME-25AUG11COLSTL-STL,45,55,23,yes
1754962403565,1754962403,KXMLBGAME-25AUG11WSHKC-KC,61,39,2,no
1754962403657,1754962403,KXMLBGAME-25AUG11WSHKC-WSH,39,61,2,yes
1754962403666,1754962403,KXMLBGAME-25AUG11BOSHOU-BOS,13,87,36,yes
1754962404175,1754962404,KXMLBGAME-25AUG11MINNYY-NYY,99,1,1453,no
1754962404175,1754962404,KXMLBGAME-25AUG11MINNYY-NYY,99,1,111,no
1754962404710,1754962404,KXMLBGAME-25AUG11DETCWS-CWS,44,56,380,no
1754962405285,1754962405,KXMLBGAME-25AUG11WSHKC-WSH,41,59,5,yes
1754962405285,1754962405,KXMLBGAME-25AUG11WSHKC-WSH,41,59,41,yes
1754962405575,1754962405,KXMLBGAME-25AUG11DETCWS-DET,59,41,2,yes
1754962411275,1754962411,KXMLBGAME-25AUG11LADLAA-LAD,61,39,199,yes
1754962411644,1754962411,KXMLBGAME-25AUG11BOSHOU-HOU,88,12,215,no
1754962411655,1754962411,KXMLBGAME-25AUG11COLSTL-STL,45,55,10,yes
1754962411985,1754962411,KXMLBGAME-25AUG11AZTEX-AZ,93,7,267,yes
1754962413276,1754962413,KXMLBGAME-25AUG11WSHKC-KC,61,39,31,yes
1754962414226,1754962414,KXMLBGAME-25AUG11WSHKC-KC,61,39,6,yes
1754962414246,1754962414,KXMLBGAME-25AUG11DETCWS-DET,61,39,3,no
1754962414246,1754962414,KXMLBGAME-25AUG11COLSTL-STL,44,56,10,no
1754962414545,1754962414,KXMLBGAME-25AUG11DETCWS-DET,61,39,56,no
1754962415274,1754962415,KXMLBGAME-25AUG11COLSTL-COL,58,42,1,yes
1754962417925,1754962417,KXMLBGAME-25AUG11COLSTL-STL,43,57,1,no
1754962417965,1754962417,KXMLBGAME-25AUG11COLSTL-COL,62,38,21,no
1754962417986,1754962417,KXMLBGAME-25AUG11COLSTL-COL,62,38,1,no
1754962418008,1754962417,KXMLBGAME-25AUG11COLSTL-STL,42,58,20,no
1754962419767,1754962419,KXMLBGAME-25AUG11AZTEX-AZ,93,7,32,yes
1754962419819,1754962419,KXMLBGAME-25AUG11SDSF-SD,46,54,2775,yes
1754962421736,1754962421,KXMLBGAME-25AUG11BOSHOU-BOS,10,90,10,no
1754962421736,1754962421,KXMLBGAME-25AUG11BOSHOU-BOS,10,90,1,no
1754962421736,1754962421,KXMLBGAME-25AUG11BOSHOU-BOS,10,90,43,no
1754962421835,1754962421,KXMLBGAME-25AUG11DETCWS-CWS,40,60,23,yes
1754962426406,1754962426,KXMLBGAME-25AUG11BOSHOU-BOS,12,88,300,yes
1754962426406,1754962426,KXMLBGAME-25AUG11BOSHOU-BOS,13,87,94,yes
1754962426406,1754962426,KXMLBGAME-25AUG11BOSHOU-BOS,13,87,6,yes
1754962429156,1754962429,KXMLBGAME-25AUG11COLSTL-STL,39,61,24,yes
1754962430650,1754962430,KXMLBGAME-25AUG11DETCWS-CWS,45,55,300,yes
1754962430650,1754962430,KXMLBGAME-25AUG11DETCWS-CWS,45,55,600,yes
1754962430651,1754962430,KXMLBGAME-25AUG11DETCWS-CWS,46,54,566,yes
1754962430651,1754962430,KXMLBGAME-25AUG11DETCWS-CWS,46,54,2777,yes
1754962430762,1754962430,KXMLBGAME-25AUG11DETCWS-DET,55,45,2000,no
1754962430762,1754962430,KXMLBGAME-25AUG11DETCWS-DET,54,46,2206,no
1754962430967,1754962430,KXMLBGAME-25AUG11DETCWS-DET,57,43,182,yes
1754962430967,1754962430,KXMLBGAME-25AUG11DETCWS-DET,57,43,200,yes
1754962434482,1754962434,KXMLBGAME-25AUG11WSHKC-WSH,39,61,3,yes
1754962435577,1754962435,KXMLBGAME-25AUG11LADLAA-LAD,61,39,79,yes
1754962438646,1754962438,KXMLBGAME-25AUG11DETCWS-DET,48,52,300,no
1754962438646,1754962438,KXMLBGAME-25AUG11DETCWS-DET,47,53,266,no
1754962443184,1754962443,KXMLBGAME-25AUG11COLSTL-COL,63,37,300,yes
1754962443575,1754962443,KXMLBGAME-25AUG11COLSTL-COL,63,37,10,yes
1754962445205,1754962445,KXMLBGAME-25AUG11WSHKC-WSH,38,62,14,no
1754962445205,1754962445,KXMLBGAME-25AUG11WSHKC-KC,66,34,14,no
1754962446650,1754962446,KXMLBGAME-25AUG11COLSTL-COL,63,37,490,no
1754962446666,1754962446,KXMLBGAME-25AUG11COLSTL-STL,38,62,491,no
1754962447164,1754962447,KXMLBGAME-25AUG11WSHKC-KC,74,26,40,yes
1754962447164,1754962447,KXMLBGAME-25AUG11WSHKC-KC,75,25,100,yes
1754962447185,1754962447,KXMLBGAME-25AUG11WSHKC-WSH,30,70,372,no
1754962447398,1754962447,KXMLBGAME-25AUG11WSHKC-WSH,27,73,100,no
1754962450385,1754962450,KXMLBGAME-25AUG11WSHKC-WSH,36,64,13,yes
1754962452158,1754962452,KXMLBGAME-25AUG11SDSF-SD,46,54,555,yes
1754962452295,1754962452,KXMLBGAME-25AUG11BOSHOU-HOU,88,12,7,no
1754962453324,1754962453,KXMLBGAME-25AUG11WSHKC-WSH,17,83,100,no
1754962453504,1754962453,KXMLBGAME-25AUG11BOSHOU-HOU,88,12,293,no
1754962453504,1754962453,KXMLBGAME-25AUG11BOSHOU-HOU,87,13,71,no
1754962455305,1754962455,KXMLBGAME-25AUG11LADLAA-LAD,61,39,650,yes
1754962456108,1754962456,KXMLBGAME-25AUG11WSHKC-KC,78,22,9,yes
1754962458738,1754962458,KXMLBGAME-25AUG11COLSTL-STL,38,62,722,no
1754962459025,1754962458,KXMLBGAME-25AUG11WSHKC-KC,75,25,3,no
1754962459557,1754962459,KXMLBGAME-25AUG11DETCWS-CWS,50,50,148,no
1754962459787,1754962459,KXMLBGAME-25AUG11COLSTL-STL,39,61,49,yes
1754962460585,1754962460,KXMLBGAME-25AUG11WSHKC-KC,80,20,9,yes
1754962460972,1754962460,KXMLBGAME-25AUG11WSHKC-KC,75,25,25,no
1754962461586,1754962461,KXMLBGAME-25AUG11LADLAA-LAA,39,61,12,yes
1754962462135,1754962462,KXMLBGAME-25AUG11AZTEX-AZ,93,7,1,yes
1754962462135,1754962462,KXMLBGAME-25AUG11AZTEX-AZ,94,6,9,yes
1754962463078,1754962463,KXMLBGAME-25AUG11COLSTL-COL,63,37,119,yes
1754962463688,1754962463,KXMLBGAME-25AUG11WSHKC-KC,80,20,91,yes
1754962463688,1754962463,KXMLBGAME-25AUG11WSHKC-KC,80,20,41,yes
1754962463688,1754962463,KXMLBGAME-25AUG11WSHKC-KC,84,16,94,yes
1754962463688,1754962463,KXMLBGAME-25AUG11WSHKC-KC,84,16,6,yes
1754962464396,1754962464,KXMLBGAME-25AUG11COLSTL-COL,62,38,82,no
1754962464756,1754962464,KXMLBGAME-25AUG11COLSTL-COL,63,37,122,yes
1754962464776,1754962464,KXMLBGAME-25AUG11PITMIL-MIL,99,1,855,yes
1754962464776,1754962464,KXMLBGAME-25AUG11PITMIL-MIL,99,1,20,yes
1754962464776,1754962464,KXMLBGAME-25AUG11PITMIL-MIL,99,1,360,yes
1754962464776,1754962464,KXMLBGAME-25AUG11PITMIL-MIL,99,1,50,yes
1754962464895,1754962464,KXMLBGAME-25AUG11BOSHOU-BOS,12,88,50,yes
1754962466016,1754962465,KXMLBGAME-25AUG11WSHKC-KC,85,15,80,yes
1754962466875,1754962466,KXMLBGAME-25AUG11WSHKC-WSH,14,86,100,no
1754962467205,1754962467,KXMLBGAME-25AUG11WSHKC-WSH,13,87,12,no
1754962468649,1754962468,KXMLBGAME-25AUG11WSHKC-KC,87,13,300,no
1754962473435,1754962473,KXMLBGAME-25AUG11DETCWS-DET,49,51,250,yes
1754962473435,1754962473,KXMLBGAME-25AUG11DETCWS-DET,50,50,141,yes
1754962475096,1754962475,KXMLBGAME-25AUG11COLSTL-COL,64,36,71,yes
1754962475096,1754962475,KXMLBGAME-25AUG11COLSTL-COL,64,36,12,yes
1754962475096,1754962475,KXMLBGAME-25AUG11COLSTL-COL,64,36,1,yes
1754962475096,1754962475,KXMLBGAME-25AUG11COLSTL-COL,65,35,50,yes
1754962475096,1754962475,KXMLBGAME-25AUG11COLSTL-COL,65,35,42,yes
1754962475605,1754962475,KXMLBGAME-25AUG11COLSTL-COL,64,36,62,yes
1754962476166,1754962476,KXMLBGAME-25AUG11COLSTL-COL,64,36,22,no
1754962476274,1754962476,KXMLBGAME-25AUG11DETCWS-CWS,53,47,93,yes
1754962477076,1754962477,KXMLBGAME-25AUG11COLSTL-COL,62,38,392,no
1754962477514,1754962477,KXMLBGAME-25AUG11COLSTL-STL,39,61,1,no
1754962477515,1754962477,KXMLBGAME-25AUG11COLSTL-STL,38,62,8,no
1754962478305,1754962478,KXMLBGAME-25AUG11WSHKC-KC,87,13,37,yes
1754962478585,1754962478,KXMLBGAME-25AUG11BOSHOU-BOS,12,88,15,no
1754962478987,1754962478,KXMLBGAME-25AUG11WSHKC-KC,87,13,25,yes
1754962481324,1754962481,KXMLBGAME-25AUG11BOSHOU-BOS,13,87,36,yes
1754962481476,1754962481,KXMLBGAME-25AUG11LADLAA-LAA,39,61,4,yes
1754962483415,1754962483,KXMLBGAME-25AUG11COLSTL-COL,63,37,300,yes
1754962483415,1754962483,KXMLBGAME-25AUG11COLSTL-COL,64,36,47,yes
1754962483535,1754962483,KXMLBGAME-25AUG11DETCWS-DET,47,53,89,no
1754962483535,1754962483,KXMLBGAME-25AUG11DETCWS-DET,47,53,300,no
1754962483544,1754962483,KXMLBGAME-25AUG11COLSTL-STL,38,62,779,no
1754962483544,1754962483,KXMLBGAME-25AUG11COLSTL-STL,37,63,2,no
1754962483544,1754962483,KXMLBGAME-25AUG11COLSTL-STL,36,64,47,no
1754962483627,1754962483,KXMLBGAME-25AUG11DETCWS-CWS,53,47,120,yes
1754962483627,1754962483,KXMLBGAME-25AUG11DETCWS-CWS,53,47,200,yes
1754962483627,1754962483,KXMLBGAME-25AUG11DETCWS-CWS,53,47,246,yes
1754962483695,1754962483,KXMLBGAME-25AUG11COLSTL-STL,35,65,35,no
1754962483825,1754962483,KXMLBGAME-25AUG11COLSTL-COL,66,34,2,yes
1754962484326,1754962484,KXMLBGAME-25AUG11COLSTL-STL,33,67,158,yes
1754962484385,1754962484,KXMLBGAME-25AUG11WSHKC-KC,86,14,65,no
1754962487016,1754962486,KXMLBGAME-25AUG11WSHKC-WSH,13,87,9,no
1754962491425,1754962491,KXMLBGAME-25AUG11DETCWS-CWS,52,48,46,yes
1754962493045,1754962493,KXMLBGAME-25AUG11DETCWS-DET,49,51,5,yes
1754962493176,1754962493,KXMLBGAME-25AUG11COLSTL-STL,32,68,5,no
1754962493176,1754962493,KXMLBGAME-25AUG11COLSTL-STL,32,68,1,no
1754962495325,1754962495,KXMLBGAME-25AUG11DETCWS-DET,49,51,39,yes
1754962495778,1754962495,KXMLBGAME-25AUG11WSHKC-WSH,15,85,1,yes
1754962495778,1754962495,KXMLBGAME-25AUG11WSHKC-WSH,16,84,4,yes
1754962495778,1754962495,KXMLBGAME-25AUG11WSHKC-WSH,16,84,300,yes
1754962495778,1754962495,KXMLBGAME-25AUG11WSHKC-WSH,17,83,2,yes
1754962495778,1754962495,KXMLBGAME-25AUG11WSHKC-WSH,17,83,200,yes
1754962495778,1754962495,KXMLBGAME-25AUG11WSHKC-WSH,17,83,600,yes
1754962495778,1754962495,KXMLBGAME-25AUG11WSHKC-WSH,18,82,400,yes
1754962495778,1754962495,KXMLBGAME-25AUG11WSHKC-WSH,18,82,200,yes
1754962495778,1754962495,KXMLBGAME-25AUG11WSHKC-WSH,19,81,400,yes
1754962495778,1754962495,KXMLBGAME-25AUG11WSHKC-WSH,21,79,2750,yes
1754962497375,1754962497,KXMLBGAME-25AUG11DETCWS-DET,49,51,160,yes
1754962498676,1754962498,KXMLBGAME-25AUG11COLSTL-STL,34,66,14,yes
1754962498965,1754962498,KXMLBGAME-25AUG11WSHKC-KC,85,15,14,no
1754962500625,1754962500,KXMLBGAME-25AUG11LADLAA-LAD,61,39,14,yes
1754962503224,1754962503,KXMLBGAME-25AUG11BOSHOU-HOU,88,12,1,yes
1754962503985,1754962503,KXMLBGAME-25AUG11MINNYY-NYY,99,1,12,no
1754962504448,1754962504,KXMLBGAME-25AUG11COLSTL-COL,68,32,300,yes
1754962504540,1754962504,KXMLBGAME-25AUG11WSHKC-WSH,13,87,13,yes
1754962505636,1754962505,KXMLBGAME-25AUG11SDSF-SD,46,54,188,yes
1754962506477,1754962506,KXMLBGAME-25AUG11PITMIL-MIL,99,1,85,no
1754962506498,1754962506,KXMLBGAME-25AUG11WSHKC-WSH,13,87,36,yes
1754962508620,1754962508,KXMLBGAME-25AUG11WSHKC-WSH,13,87,251,yes
1754962510912,1754962510,KXMLBGAME-25AUG11WSHKC-KC,85,15,28,yes
1754962511714,1754962511,KXMLBGAME-25AUG11AZTEX-TEX,8,92,11,yes
1754962516013,1754962515,KXMLBGAME-25AUG11BOSHOU-BOS,13,87,2,yes
1754962516013,1754962515,KXMLBGAME-25AUG11BOSHOU-BOS,14,86,52,yes
1754962517524,1754962517,KXMLBGAME-25AUG11BOSHOU-HOU,87,13,2,no
1754962517524,1754962517,KXMLBGAME-25AUG11BOSHOU-HOU,86,14,13,no
1754962519689,1754962519,KXMLBGAME-25AUG11WSHKC-WSH,13,87,782,no
1754962519689,1754962519,KXMLBGAME-25AUG11WSHKC-WSH,12,88,6,no
1754962519689,1754962519,KXMLBGAME-25AUG11WSHKC-WSH,12,88,102,no
1754962521117,1754962521,KXMLBGAME-25AUG11WSHKC-KC,85,15,12,no
1754962524053,1754962524,KXMLBGAME-25AUG11WSHKC-KC,86,14,23,yes
1754962524655,1754962524,KXMLBGAME-25AUG11BOSHOU-BOS,13,87,2,yes
1754962525335,1754962525,KXMLBGAME-25AUG11DETCWS-CWS,52,48,2083,yes
1754962526456,1754962526,KXMLBGAME-25AUG11WSHKC-KC,86,14,4,yes
1754962528536,1754962528,KXMLBGAME-25AUG11DETCWS-CWS,52,48,566,yes
1754962529106,1754962528,KXMLBGAME-25AUG11COLSTL-STL,34,66,11,yes
1754962529426,1754962529,KXMLBGAME-25AUG11BOSHOU-HOU,87,13,2,no
1754962529426,1754962529,KXMLBGAME-25AUG11BOSHOU-HOU,86,14,119,no
1754962531698,1754962531,KXMLBGAME-25AUG11COLSTL-COL,68,32,47,no
1754962532276,1754962532,KXMLBGAME-25AUG11DETCWS-DET,47,53,2,no
1754962533368,1754962533,KXMLBGAME-25AUG11BOSHOU-BOS,14,86,13,yes
1754962534759,1754962534,KXMLBGAME-25AUG11DETCWS-DET,47,53,102,yes
1754962534759,1754962534,KXMLBGAME-25AUG11AZTEX-TEX,8,92,7,yes
1754962535666,1754962535,KXMLBGAME-25AUG11SDSF-SD,46,54,1256,yes
1754962537569,1754962537,KXMLBGAME-25AUG11DETCWS-DET,47,53,20,yes
1754962538354,1754962538,KXMLBGAME-25AUG11DETCWS-DET,47,53,20,yes
1754962539669,1754962539,KXMLBGAME-25AUG11COLSTL-COL,69,31,60,yes
1754962539669,1754962539,KXMLBGAME-25AUG11COLSTL-COL,69,31,209,yes
1754962539669,1754962539,KXMLBGAME-25AUG11COLSTL-COL,69,31,300,yes
1754962539971,1754962539,KXMLBGAME-25AUG11COLSTL-STL,34,66,8,yes
1754962541059,1754962540,KXMLBGAME-25AUG11COLSTL-STL,34,66,14,yes
1754962541250,1754962541,KXMLBGAME-25AUG11BOSHOU-BOS,14,86,67,yes
1754962544809,1754962544,KXMLBGAME-25AUG11COLSTL-STL,33,67,10,no
1754962546259,1754962546,KXMLBGAME-25AUG11SDSF-SD,46,54,100,yes
1754962546490,1754962546,KXMLBGAME-25AUG11LADLAA-LAD,61,39,15,yes
1754962546566,1754962546,KXMLBGAME-25AUG11DETCWS-DET,47,53,20,yes
1754962548226,1754962548,KXMLBGAME-25AUG11AZTEX-TEX,9,91,52,yes
1754962551045,1754962551,KXMLBGAME-25AUG11BOSHOU-BOS,14,86,17,yes
1754962557115,1754962557,KXMLBGAME-25AUG11AZTEX-TEX,9,91,52,yes
1754962557515,1754962557,KXMLBGAME-25AUG11WSHKC-WSH,14,86,35,yes
1754962558318,1754962558,KXMLBGAME-25AUG11DETCWS-DET,47,53,6,yes
1754962562185,1754962562,KXMLBGAME-25AUG11DETCWS-CWS,54,46,2,yes
1754962562185,1754962562,KXMLBGAME-25AUG11DETCWS-CWS,54,46,1,yes
1754962562185,1754962562,KXMLBGAME-25AUG11DETCWS-CWS,54,46,14,yes
1754962562196,1754962562,KXMLBGAME-25AUG11WSHKC-KC,86,14,566,yes
1754962562196,1754962562,KXMLBGAME-25AUG11WSHKC-KC,86,14,400,yes
1754962562196,1754962562,KXMLBGAME-25AUG11WSHKC-KC,86,14,2065,yes
1754962562196,1754962562,KXMLBGAME-25AUG11WSHKC-KC,87,13,165,yes
1754962564694,1754962564,KXMLBGAME-25AUG11WSHKC-KC,86,14,9,no
1754962565646,1754962565,KXMLBGAME-25AUG11BOSHOU-HOU,87,13,1,no
1754962565646,1754962565,KXMLBGAME-25AUG11BOSHOU-HOU,86,14,45,no
1754962569895,1754962569,KXMLBGAME-25AUG11COLSTL-COL,70,30,24,yes
1754962571135,1754962571,KXMLBGAME-25AUG11COLSTL-STL,32,68,32,yes
1754962571206,1754962571,KXMLBGAME-25AUG11SDSF-SD,46,54,146,yes
1754962571665,1754962571,KXMLBGAME-25AUG11COLSTL-COL,70,30,18,yes
1754962573121,1754962573,KXMLBGAME-25AUG11WSHKC-KC,87,13,79,no
1754962573286,1754962573,KXMLBGAME-25AUG11WSHKC-KC,87,13,119,no
1754962574634,1754962574,KXMLBGAME-25AUG11LADLAA-LAD,61,39,95,yes
1754962575075,1754962575,KXMLBGAME-25AUG11SDSF-SD,46,54,2,yes
1754962575565,1754962575,KXMLBGAME-25AUG11DETCWS-DET,47,53,50,yes
1754962576967,1754962576,KXMLBGAME-25AUG11LADLAA-LAD,61,39,7054,yes
1754962576967,1754962576,KXMLBGAME-25AUG11LADLAA-LAD,61,39,650,yes
1754962576967,1754962576,KXMLBGAME-25AUG11LADLAA-LAD,61,39,1000,yes
1754962576967,1754962576,KXMLBGAME-25AUG11LADLAA-LAD,61,39,1500,yes
1754962576967,1754962576,KXMLBGAME-25AUG11LADLAA-LAD,61,39,964,yes
1754962576967,1754962576,KXMLBGAME-25AUG11LADLAA-LAD,61,39,95,yes
1754962578707,1754962578,KXMLBGAME-25AUG11DETCWS-DET,46,54,1,no
1754962578708,1754962578,KXMLBGAME-25AUG11DETCWS-DET,45,55,4,no
1754962578708,1754962578,KXMLBGAME-25AUG11DETCWS-DET,45,55,566,no
1754962578708,1754962578,KXMLBGAME-25AUG11DETCWS-DET,44,56,300,no
1754962578708,1754962578,KXMLBGAME-25AUG11DETCWS-DET,43,57,47,no
1754962582636,1754962582,KXMLBGAME-25AUG11BOSHOU-HOU,87,13,1,no
1754962582636,1754962582,KXMLBGAME-25AUG11BOSHOU-HOU,86,14,42,no
1754962583336,1754962583,KXMLBGAME-25AUG11WSHKC-KC,87,13,52,no
1754962583336,1754962583,KXMLBGAME-25AUG11WSHKC-KC,87,13,96,no
1754962585895,1754962585,KXMLBGAME-25AUG11WSHKC-WSH,13,87,36,yes
1754962587776,1754962587,KXMLBGAME-25AUG11COLSTL-COL,70,30,13,yes
1754962589879,1754962589,KXMLBGAME-25AUG11COLSTL-STL,32,68,268,yes
1754962589879,1754962589,KXMLBGAME-25AUG11COLSTL-STL,33,67,712,yes
1754962589879,1754962589,KXMLBGAME-25AUG11COLSTL-STL,33,67,112,yes
1754962589879,1754962589,KXMLBGAME-25AUG11COLSTL-STL,34,66,400,yes
1754962589879,1754962589,KXMLBGAME-25AUG11COLSTL-STL,34,66,146,yes
1754962589886,1754962589,KXMLBGAME-25AUG11BOSHOU-BOS,14,86,101,yes
1754962591238,1754962591,KXMLBGAME-25AUG11LADLAA-LAD,62,38,15,yes
1754962591238,1754962591,KXMLBGAME-25AUG11LADLAA-LAD,62,38,65,yes
1754962595217,1754962595,KXMLBGAME-25AUG11COLSTL-STL,32,68,289,yes
1754962595546,1754962595,KXMLBGAME-25AUG11DETCWS-DET,46,54,10,yes
1754962595846,1754962595,KXMLBGAME-25AUG11COLSTL-COL,69,31,400,yes
1754962599067,1754962598,KXMLBGAME-25AUG11AZTEX-TEX,8,92,300,yes
1754962599067,1754962598,KXMLBGAME-25AUG11AZTEX-TEX,8,92,112,yes
1754962599067,1754962598,KXMLBGAME-25AUG11AZTEX-TEX,9,91,113,yes
1754962600386,1754962600,KXMLBGAME-25AUG11DETCWS-CWS,54,46,125,yes
1754962602445,1754962602,KXMLBGAME-25AUG11SDSF-SD,46,54,52,yes
1754962602626,1754962602,KXMLBGAME-25AUG11AZTEX-AZ,94,6,21,yes
1754962605884,1754962605,KXMLBGAME-25AUG11DETCWS-DET,47,53,80,yes
1754962605884,1754962605,KXMLBGAME-25AUG11DETCWS-DET,47,53,2,yes
1754962605905,1754962605,KXMLBGAME-25AUG11WSHKC-WSH,11,89,23,no
1754962607516,1754962607,KXMLBGAME-25AUG11COLSTL-STL,33,67,95,yes
1754962608045,1754962608,KXMLBGAME-25AUG11COLSTL-COL,69,31,3,yes
1754962608442,1754962608,KXMLBGAME-25AUG11AZTEX-AZ,94,6,235,yes
1754962608580,1754962608,KXMLBGAME-25AUG11BOSHOU-HOU,86,14,100,no
1754962611166,1754962611,KXMLBGAME-25AUG11COLSTL-STL,32,68,14,yes
1754962611877,1754962611,KXMLBGAME-25AUG11COLSTL-COL,70,30,10,yes
1754962611877,1754962611,KXMLBGAME-25AUG11COLSTL-COL,70,30,28,yes
1754962611877,1754962611,KXMLBGAME-25AUG11COLSTL-COL,70,30,300,yes
1754962612079,1754962611,KXMLBGAME-25AUG11COLSTL-STL,31,69,221,no
1754962612079,1754962611,KXMLBGAME-25AUG11COLSTL-STL,31,69,2000,no
1754962612079,1754962611,KXMLBGAME-25AUG11COLSTL-STL,30,70,10,no
1754962612079,1754962611,KXMLBGAME-25AUG11COLSTL-STL,30,70,18,no
1754962612079,1754962611,KXMLBGAME-25AUG11COLSTL-STL,29,71,568,no
1754962613356,1754962613,KXMLBGAME-25AUG11COLSTL-COL,70,30,21,yes
1754962613574,1754962613,KXMLBGAME-25AUG11COLSTL-STL,28,72,16,no
1754962613665,1754962613,KXMLBGAME-25AUG11COLSTL-COL,72,28,16,yes
1754962613918,1754962613,KXMLBGAME-25AUG11DETCWS-DET,47,53,948,yes
1754962613918,1754962613,KXMLBGAME-25AUG11DETCWS-DET,47,53,2754,yes
1754962613918,1754962613,KXMLBGAME-25AUG11DETCWS-DET,47,53,65,yes
1754962613918,1754962613,KXMLBGAME-25AUG11DETCWS-DET,47,53,233,yes
1754962618494,1754962618,KXMLBGAME-25AUG11WSHKC-WSH,12,88,1,yes
1754962618494,1754962618,KXMLBGAME-25AUG11WSHKC-WSH,13,87,13,yes
1754962620166,1754962620,KXMLBGAME-25AUG11MINNYY-NYY,99,1,31,no
1754962620927,1754962620,KXMLBGAME-25AUG11DETCWS-DET,47,53,30,yes
1754962622705,1754962622,KXMLBGAME-25AUG11LADLAA-LAA,39,61,4,yes
1754962623728,1754962623,KXMLBGAME-25AUG11DETCWS-DET,47,53,6,yes
1754962627416,1754962627,KXMLBGAME-25AUG11WSHKC-KC,87,13,1,no
1754962627416,1754962627,KXMLBGAME-25AUG11WSHKC-KC,87,13,30,no
1754962627559,1754962627,KXMLBGAME-25AUG11LADLAA-LAD,62,38,35,yes
1754962627559,1754962627,KXMLBGAME-25AUG11LADLAA-LAD,62,38,15,yes
1754962629756,1754962629,KXMLBGAME-25AUG11BOSHOU-BOS,14,86,33,yes
1754962631386,1754962631,KXMLBGAME-25AUG11DETCWS-DET,47,53,4,yes
1754962633575,1754962633,KXMLBGAME-25AUG11COLSTL-COL,72,28,106,yes
1754962634084,1754962634,KXMLBGAME-25AUG11LADLAA-LAA,39,61,122,yes
1754962635456,1754962635,KXMLBGAME-25AUG11COLSTL-STL,28,72,510,yes
1754962635606,1754962635,KXMLBGAME-25AUG11DETCWS-CWS,54,46,2180,yes
1754962636117,1754962636,KXMLBGAME-25AUG11COLSTL-STL,28,72,34,yes
1754962636541,1754962636,KXMLBGAME-25AUG11LADLAA-LAD,62,38,2985,yes
1754962636541,1754962636,KXMLBGAME-25AUG11LADLAA-LAD,62,38,100,yes
1754962636541,1754962636,KXMLBGAME-25AUG11LADLAA-LAD,62,38,1,yes
1754962636541,1754962636,KXMLBGAME-25AUG11LADLAA-LAD,62,38,476,yes
1754962637454,1754962637,KXMLBGAME-25AUG11COLSTL-COL,73,27,20,yes
1754962640205,1754962640,KXMLBGAME-25AUG11LADLAA-LAD,62,38,35,no
1754962641329,1754962641,KXMLBGAME-25AUG11AZTEX-TEX,9,91,5,yes
1754962643550,1754962643,KXMLBGAME-25AUG11TBATH-ATH,51,49,20,yes
1754962644574,1754962644,KXMLBGAME-25AUG11WSHKC-WSH,14,86,3,yes
1754962646573,1754962646,KXMLBGAME-25AUG11BOSHOU-BOS,14,86,6,yes
1754962647751,1754962647,KXMLBGAME-25AUG11DETCWS-DET,47,53,205,yes
1754962652048,1754962651,KXMLBGAME-25AUG11WSHKC-WSH,12,88,44,no
1754962652426,1754962652,KXMLBGAME-25AUG11COLSTL-STL,30,70,31,yes
1754962653215,1754962653,KXMLBGAME-25AUG11LADLAA-LAA,38,62,500,no
1754962653215,1754962653,KXMLBGAME-25AUG11LADLAA-LAA,38,62,99,no
1754962653215,1754962653,KXMLBGAME-25AUG11LADLAA-LAA,38,62,14,no
1754962653215,1754962653,KXMLBGAME-25AUG11LADLAA-LAA,38,62,1,no
1754962653215,1754962653,KXMLBGAME-25AUG11LADLAA-LAA,38,62,3806,no
1754962653215,1754962653,KXMLBGAME-25AUG11LADLAA-LAA,38,62,95,no
1754962654602,1754962654,KXMLBGAME-25AUG11DETCWS-DET,47,53,10,yes
1754962654638,1754962654,KXMLBGAME-25AUG11TBATH-ATH,51,49,195,yes
1754962655217,1754962655,KXMLBGAME-25AUG11WSHKC-KC,88,12,29,yes
1754962656705,1754962656,KXMLBGAME-25AUG11WSHKC-WSH,14,86,6,yes
1754962659535,1754962659,KXMLBGAME-25AUG11COLSTL-STL,30,70,6,yes
1754962662346,1754962662,KXMLBGAME-25AUG11TBATH-ATH,51,49,165,yes
1754962663565,1754962663,KXMLBGAME-25AUG11BOSHOU-HOU,86,14,29,no
1754962664046,1754962664,KXMLBGAME-25AUG11WSHKC-WSH,11,89,2,no
1754962664046,1754962664,KXMLBGAME-25AUG11WSHKC-WSH,10,90,117,no
1754962664698,1754962664,KXMLBGAME-25AUG11LADLAA-LAD,62,38,14,no
1754962664777,1754962664,KXMLBGAME-25AUG11LADLAA-LAA,38,62,102,yes
1754962665186,1754962665,KXMLBGAME-25AUG11DETCWS-DET,47,53,39,yes
1754962665186,1754962665,KXMLBGAME-25AUG11DETCWS-DET,47,53,7,yes
1754962665186,1754962665,KXMLBGAME-25AUG11DETCWS-DET,47,53,2,yes
1754962665186,1754962665,KXMLBGAME-25AUG11DETCWS-DET,48,52,250,yes
1754962665186,1754962665,KXMLBGAME-25AUG11DETCWS-DET,48,52,300,yes
1754962665186,1754962665,KXMLBGAME-25AUG11DETCWS-DET,49,51,200,yes
1754962665186,1754962665,KXMLBGAME-25AUG11DETCWS-DET,49,51,199,yes
1754962665586,1754962665,KXMLBGAME-25AUG11BOSHOU-HOU,86,14,70,no
1754962668248,1754962668,KXMLBGAME-25AUG11WSHKC-KC,88,12,56,yes
1754962668636,1754962668,KXMLBGAME-25AUG11SDSF-SD,47,53,174,yes
1754962671719,1754962671,KXMLBGAME-25AUG11COLSTL-COL,71,29,10,no
1754962671719,1754962671,KXMLBGAME-25AUG11COLSTL-COL,70,30,300,no
1754962671719,1754962671,KXMLBGAME-25AUG11COLSTL-COL,70,30,112,no
1754962671719,1754962671,KXMLBGAME-25AUG11COLSTL-COL,70,30,10,no
1754962671719,1754962671,KXMLBGAME-25AUG11COLSTL-COL,69,31,561,no
1754962674486,1754962674,KXMLBGAME-25AUG11DETCWS-DET,47,53,2,yes
1754962675575,1754962675,KXMLBGAME-25AUG11WSHKC-WSH,14,86,6,yes
1754962677377,1754962677,KXMLBGAME-25AUG11COLSTL-STL,30,70,25,yes
1754962678195,1754962678,KXMLBGAME-25AUG11BOSHOU-BOS,14,86,11,yes
1754962678195,1754962678,KXMLBGAME-25AUG11BOSHOU-BOS,14,86,1,yes
1754962678195,1754962678,KXMLBGAME-25AUG11BOSHOU-BOS,14,86,286,yes
1754962681676,1754962681,KXMLBGAME-25AUG11DETCWS-DET,47,53,2,yes
1754962681676,1754962681,KXMLBGAME-25AUG11DETCWS-DET,47,53,300,yes
1754962681676,1754962681,KXMLBGAME-25AUG11DETCWS-DET,47,53,34,yes
1754962681676,1754962681,KXMLBGAME-25AUG11DETCWS-DET,48,52,250,yes
1754962681677,1754962681,KXMLBGAME-25AUG11DETCWS-DET,48,52,750,yes
1754962681677,1754962681,KXMLBGAME-25AUG11DETCWS-DET,49,51,367,yes
1754962681677,1754962681,KXMLBGAME-25AUG11DETCWS-DET,49,51,200,yes
1754962681677,1754962681,KXMLBGAME-25AUG11DETCWS-DET,49,51,44,yes
1754962681677,1754962681,KXMLBGAME-25AUG11DETCWS-DET,49,51,56,yes
1754962683738,1754962683,KXMLBGAME-25AUG11WSHKC-WSH,14,86,53,yes
1754962684055,1754962684,KXMLBGAME-25AUG11COLSTL-STL,30,70,15,yes
1754962685315,1754962685,KXMLBGAME-25AUG11SDSF-SD,47,53,20,yes
1754962686606,1754962686,KXMLBGAME-25AUG11DETCWS-DET,47,53,20,yes
1754962687136,1754962687,KXMLBGAME-25AUG11COLSTL-STL,28,72,15,yes
1754962689125,1754962689,KXMLBGAME-25AUG11DETCWS-CWS,53,47,21,no
1754962690926,1754962690,KXMLBGAME-25AUG11SDSF-SD,47,53,20,yes
1754962690996,1754962690,KXMLBGAME-25AUG11COLSTL-COL,70,30,33,no
1754962692936,1754962692,KXMLBGAME-25AUG11BOSHOU-BOS,13,87,282,no
1754962693386,1754962693,KXMLBGAME-25AUG11BOSHOU-BOS,13,87,16,no
1754962693386,1754962693,KXMLBGAME-25AUG11BOSHOU-BOS,13,87,10,no
1754962694776,1754962694,KXMLBGAME-25AUG11PITMIL-PIT,1,99,93,yes
1754962696256,1754962696,KXMLBGAME-25AUG11AZTEX-AZ,95,5,20,yes
1754962696256,1754962696,KXMLBGAME-25AUG11AZTEX-AZ,96,4,200,yes
1754962696256,1754962696,KXMLBGAME-25AUG11AZTEX-AZ,97,3,156,yes
1754962697796,1754962697,KXMLBGAME-25AUG11WSHKC-WSH,12,88,6,yes
1754962700736,1754962700,KXMLBGAME-25AUG11SDSF-SF,54,46,5000,no
1754962701059,1754962701,KXMLBGAME-25AUG11LADLAA-LAA,39,61,49,yes
1754962705066,1754962705,KXMLBGAME-25AUG11WSHKC-WSH,12,88,39,yes
1754962705276,1754962705,KXMLBGAME-25AUG11WSHKC-WSH,12,88,34,yes
1754962705376,1754962705,KXMLBGAME-25AUG11COLSTL-STL,29,71,48,no
1754962706096,1754962706,KXMLBGAME-25AUG11SDSF-SD,47,53,24,yes
1754962706265,1754962706,KXMLBGAME-25AUG11BOSHOU-BOS,13,87,21,yes
1754962707328,1754962707,KXMLBGAME-25AUG11PITMIL-MIL,99,1,73,no
1754962707370,1754962707,KXMLBGAME-25AUG11DETCWS-DET,48,52,1,yes
1754962707370,1754962707,KXMLBGAME-25AUG11DETCWS-DET,49,51,15,yes
1754962707370,1754962707,KXMLBGAME-25AUG11DETCWS-DET,49,51,3,yes
1754962707858,1754962707,KXMLBGAME-25AUG11DETCWS-CWS,53,47,36,yes
1754962710886,1754962710,KXMLBGAME-25AUG11DETCWS-CWS,52,48,2,no
1754962710886,1754962710,KXMLBGAME-25AUG11DETCWS-CWS,52,48,8,no
1754962716785,1754962716,KXMLBGAME-25AUG11WSHKC-WSH,12,88,20,yes
1754962717436,1754962717,KXMLBGAME-25AUG11BOSHOU-BOS,13,87,29,yes
1754962718382,1754962718,KXMLBGAME-25AUG11WSHKC-WSH,12,88,39,yes
1754962718767,1754962718,KXMLBGAME-25AUG11COLSTL-COL,71,29,96,yes
1754962720389,1754962720,KXMLBGAME-25AUG11AZTEX-TEX,5,95,67,no
1754962720816,1754962720,KXMLBGAME-25AUG11SDSF-SD,47,53,1262,yes
1754962720816,1754962720,KXMLBGAME-25AUG11SDSF-SD,47,53,122,yes
1754962721166,1754962721,KXMLBGAME-25AUG11BOSHOU-BOS,13,87,123,yes
1754962724346,1754962724,KXMLBGAME-25AUG11COLSTL-COL,71,29,30,yes
1754962727106,1754962727,KXMLBGAME-25AUG11DETCWS-DET,48,52,1,yes
1754962727106,1754962727,KXMLBGAME-25AUG11DETCWS-DET,49,51,286,yes
1754962727405,1754962727,KXMLBGAME-25AUG11BOSHOU-HOU,89,11,55,yes
1754962729598,1754962729,KXMLBGAME-25AUG11COLSTL-STL,30,70,10,yes
1754962729685,1754962729,KXMLBGAME-25AUG11SDSF-SF,55,45,8,yes
1754962733850,1754962733,KXMLBGAME-25AUG11DETCWS-DET,48,52,1,yes
1754962733850,1754962733,KXMLBGAME-25AUG11DETCWS-DET,49,51,2,yes
1754962734637,1754962734,KXMLBGAME-25AUG11DETCWS-DET,49,51,10,yes
1754962734637,1754962734,KXMLBGAME-25AUG11DETCWS-DET,49,51,187,yes
1754962736404,1754962736,KXMLBGAME-25AUG11LADLAA-LAD,63,37,1,yes
1754962736404,1754962736,KXMLBGAME-25AUG11LADLAA-LAD,64,36,6,yes
1754962736755,1754962736,KXMLBGAME-25AUG11LADLAA-LAD,64,36,76,yes
1754962737892,1754962737,KXMLBGAME-25AUG11WSHKC-WSH,11,89,15,no
1754962741746,1754962741,KXMLBGAME-25AUG11DETCWS-CWS,53,47,283,yes
1754962745736,1754962745,KXMLBGAME-25AUG11LADLAA-LAD,63,37,1,yes
1754962745736,1754962745,KXMLBGAME-25AUG11LADLAA-LAD,64,36,14,yes
1754962747040,1754962746,KXMLBGAME-25AUG11BOSHOU-BOS,14,86,33,yes
1754962748716,1754962748,KXMLBGAME-25AUG11COLSTL-COL,70,30,267,no
1754962748716,1754962748,KXMLBGAME-25AUG11COLSTL-COL,70,30,200,no
1754962748716,1754962748,KXMLBGAME-25AUG11COLSTL-COL,70,30,2,no
1754962748809,1754962748,KXMLBGAME-25AUG11COLSTL-STL,30,70,2,yes
1754962752071,1754962752,KXMLBGAME-25AUG11BOSHOU-BOS,14,86,33,yes
1754962752296,1754962752,KXMLBGAME-25AUG11BOSHOU-BOS,14,86,78,yes
1754962756369,1754962755,KXMLBGAME-25AUG11COLSTL-COL,70,30,253,yes
1754962756370,1754962756,KXMLBGAME-25AUG11DETCWS-CWS,54,46,8,yes
1754962756669,1754962756,KXMLBGAME-25AUG11PITMIL-MIL,99,1,50,no
1754962757765,1754962757,KXMLBGAME-25AUG11BOSHOU-BOS,14,86,33,yes
1754962757959,1754962757,KXMLBGAME-25AUG11COLSTL-STL,30,70,230,yes
1754962758650,1754962758,KXMLBGAME-25AUG11DETCWS-DET,45,55,300,no
1754962759176,1754962758,KXMLBGAME-25AUG11COLSTL-COL,72,28,165,yes
1754962762167,1754962761,KXMLBGAME-25AUG11BOSHOU-HOU,90,10,1,yes
1754962762167,1754962761,KXMLBGAME-25AUG11BOSHOU-HOU,90,10,5,yes
1754962762167,1754962761,KXMLBGAME-25AUG11BOSHOU-HOU,90,10,4,yes
1754962762251,1754962762,KXMLBGAME-25AUG11COLSTL-COL,69,31,6,no
1754962762657,1754962762,KXMLBGAME-25AUG11LADLAA-LAD,62,38,1,yes
1754962762657,1754962762,KXMLBGAME-25AUG11LADLAA-LAD,62,38,112,yes
1754962762657,1754962762,KXMLBGAME-25AUG11LADLAA-LAD,63,37,420,yes
1754962763366,1754962763,KXMLBGAME-25AUG11LADLAA-LAD,62,38,84,yes
1754962763366,1754962763,KXMLBGAME-25AUG11LADLAA-LAD,63,37,30,yes
1754962763377,1754962763,KXMLBGAME-25AUG11DETCWS-CWS,58,42,11,yes
1754962765406,1754962765,KXMLBGAME-25AUG11COLSTL-STL,29,71,2,yes
1754962765497,1754962765,KXMLBGAME-25AUG11WSHKC-WSH,12,88,21,yes
1754962766247,1754962766,KXMLBGAME-25AUG11PITMIL-MIL,99,1,450,no
1754962767675,1754962767,KXMLBGAME-25AUG11LADLAA-LAD,62,38,1,yes
1754962767888,1754962767,KXMLBGAME-25AUG11COLSTL-COL,70,30,2,no
1754962767888,1754962767,KXMLBGAME-25AUG11COLSTL-COL,69,31,11,no
1754962768715,1754962768,KXMLBGAME-25AUG11DETCWS-DET,42,58,114,yes
1754962772145,1754962772,KXMLBGAME-25AUG11LADLAA-LAD,62,38,31,yes
1754962774696,1754962774,KXMLBGAME-25AUG11WSHKC-KC,87,13,40,no
1754962775685,1754962775,KXMLBGAME-25AUG11AZTEX-AZ,95,5,105,no
1754962775685,1754962775,KXMLBGAME-25AUG11AZTEX-AZ,94,6,71,no
1754962779335,1754962779,KXMLBGAME-25AUG11AZTEX-TEX,5,95,33,no
1754962779335,1754962779,KXMLBGAME-25AUG11AZTEX-TEX,4,96,48,no
1754962781419,1754962781,KXMLBGAME-25AUG11DETCWS-DET,41,59,2,no
1754962782128,1754962782,KXMLBGAME-25AUG11DETCWS-CWS,60,40,2,yes
1754962782275,1754962782,KXMLBGAME-25AUG11COLSTL-COL,71,29,8,yes
1754962782770,1754962782,KXMLBGAME-25AUG11COLSTL-STL,30,70,2,yes
1754962782770,1754962782,KXMLBGAME-25AUG11COLSTL-STL,31,69,9,yes
1754962783105,1754962783,KXMLBGAME-25AUG11LADLAA-LAD,62,38,1,yes
1754962786056,1754962785,KXMLBGAME-25AUG11WSHKC-KC,89,11,2,yes
1754962786056,1754962785,KXMLBGAME-25AUG11WSHKC-KC,90,10,16,yes
1754962786415,1754962786,KXMLBGAME-25AUG11DETCWS-CWS,61,39,312,yes
1754962786590,1754962786,KXMLBGAME-25AUG11DETCWS-DET,42,58,22,yes
1754962787127,1754962787,KXMLBGAME-25AUG11COLSTL-STL,30,70,1,yes
1754962787127,1754962787,KXMLBGAME-25AUG11COLSTL-STL,31,69,103,yes
1754962787127,1754962787,KXMLBGAME-25AUG11COLSTL-STL,31,69,86,yes
1754962788235,1754962788,KXMLBGAME-25AUG11LADLAA-LAD,63,37,55,yes
1754962788235,1754962788,KXMLBGAME-25AUG11LADLAA-LAD,64,36,95,yes
1754962788735,1754962788,KXMLBGAME-25AUG11COLSTL-STL,31,69,33,yes
1754962790676,1754962790,KXMLBGAME-25AUG11SDSF-SD,47,53,92,yes
1754962793545,1754962793,KXMLBGAME-25AUG11SDSF-SF,55,45,8,yes
1754962795266,1754962795,KXMLBGAME-25AUG11BOSHOU-BOS,12,88,39,yes
1754962795326,1754962795,KXMLBGAME-25AUG11LADLAA-LAD,63,37,15,yes
1754962796795,1754962796,KXMLBGAME-25AUG11SDSF-SF,55,45,49,yes
1754962799855,1754962799,KXMLBGAME-25AUG11COLSTL-STL,30,70,46,yes
1754962799855,1754962799,KXMLBGAME-25AUG11COLSTL-STL,30,70,1,yes
1754962800285,1754962800,KXMLBGAME-25AUG11WSHKC-KC,88,12,167,no
1754962800880,1754962800,KXMLBGAME-25AUG11LADLAA-LAA,38,62,300,yes
1754962800880,1754962800,KXMLBGAME-25AUG11LADLAA-LAA,39,61,1825,yes
1754962800880,1754962800,KXMLBGAME-25AUG11LADLAA-LAA,39,61,100,yes
1754962803107,1754962803,KXMLBGAME-25AUG11COLSTL-STL,31,69,9,yes
1754962803107,1754962803,KXMLBGAME-25AUG11COLSTL-STL,31,69,21,yes
1754962803538,1754962803,KXMLBGAME-25AUG11LADLAA-LAD,62,38,4,no
1754962803538,1754962803,KXMLBGAME-25AUG11LADLAA-LAD,61,39,300,no
1754962803538,1754962803,KXMLBGAME-25AUG11LADLAA-LAD,60,40,29,no
1754962803538,1754962803,KXMLBGAME-25AUG11LADLAA-LAD,60,40,1,no
1754962803538,1754962803,KXMLBGAME-25AUG11LADLAA-LAD,60,40,10,no
1754962803538,1754962803,KXMLBGAME-25AUG11LADLAA-LAD,60,40,10,no
1754962803538,1754962803,KXMLBGAME-25AUG11LADLAA-LAD,60,40,112,no
1754962804352,1754962804,KXMLBGAME-25AUG11COLSTL-STL,31,69,22,yes
1754962804534,1754962804,KXMLBGAME-25AUG11SDSF-SD,46,54,215,yes
1754962805876,1754962805,KXMLBGAME-25AUG11DETCWS-CWS,60,40,112,yes
1754962805876,1754962805,KXMLBGAME-25AUG11DETCWS-CWS,61,39,2,yes
1754962805876,1754962805,KXMLBGAME-25AUG11DETCWS-CWS,61,39,47,yes
1754962806675,1754962806,KXMLBGAME-25AUG11WSHKC-WSH,13,87,72,yes
1754962810584,1754962810,KXMLBGAME-25AUG11LADLAA-LAD,60,40,66,yes
1754962810584,1754962810,KXMLBGAME-25AUG11LADLAA-LAD,60,40,300,yes
1754962810584,1754962810,KXMLBGAME-25AUG11LADLAA-LAD,61,39,250,yes
1754962810584,1754962810,KXMLBGAME-25AUG11LADLAA-LAD,62,38,480,yes
1754962810897,1754962810,KXMLBGAME-25AUG11BOSHOU-BOS,12,88,15,yes
1754962817357,1754962817,KXMLBGAME-25AUG11LADLAA-LAA,42,58,2,yes
1754962819545,1754962819,KXMLBGAME-25AUG11COLSTL-COL,71,29,96,yes
1754962819856,1754962819,KXMLBGAME-25AUG11COLSTL-COL,69,31,23,no
1754962820195,1754962820,KXMLBGAME-25AUG11SDSF-SD,46,54,31,yes
1754962826484,1754962826,KXMLBGAME-25AUG11BOSHOU-HOU,88,12,271,no
1754962826484,1754962826,KXMLBGAME-25AUG11LADLAA-LAD,60,40,32,yes
1754962826699,1754962826,KXMLBGAME-25AUG11COLSTL-STL,31,69,92,yes
1754962828696,1754962828,KXMLBGAME-25AUG11WSHKC-WSH,11,89,459,no
1754962829540,1754962829,KXMLBGAME-25AUG11WSHKC-KC,90,10,2,yes
1754962829646,1754962829,KXMLBGAME-25AUG11LADLAA-LAD,60,40,300,yes
1754962829646,1754962829,KXMLBGAME-25AUG11LADLAA-LAD,60,40,33,yes
1754962830635,1754962830,KXMLBGAME-25AUG11WSHKC-WSH,10,90,28,yes
1754962831217,1754962831,KXMLBGAME-25AUG11LADLAA-LAD,60,40,17,yes
1754962836226,1754962836,KXMLBGAME-25AUG11BOSHOU-HOU,88,12,832,no
1754962836235,1754962836,KXMLBGAME-25AUG11WSHKC-WSH,10,90,37,yes
1754962836965,1754962836,KXMLBGAME-25AUG11SDSF-SD,46,54,209,yes
1754962837286,1754962837,KXMLBGAME-25AUG11COLSTL-STL,31,69,1,yes
1754962837286,1754962837,KXMLBGAME-25AUG11COLSTL-STL,35,65,1,yes
1754962838066,1754962838,KXMLBGAME-25AUG11DETCWS-CWS,61,39,14,yes
1754962839175,1754962839,KXMLBGAME-25AUG11WSHKC-KC,91,9,1,yes
1754962839175,1754962839,KXMLBGAME-25AUG11WSHKC-KC,92,8,53,yes
1754962840167,1754962840,KXMLBGAME-25AUG11BOSHOU-BOS,12,88,319,yes
1754962841256,1754962841,KXMLBGAME-25AUG11LADLAA-LAD,59,41,200,yes
1754962841256,1754962841,KXMLBGAME-25AUG11LADLAA-LAD,60,40,188,yes
1754962841265,1754962841,KXMLBGAME-25AUG11TBATH-ATH,51,49,18,yes
1754962842068,1754962842,KXMLBGAME-25AUG11PITMIL-MIL,99,1,36,no
1754962842226,1754962842,KXMLBGAME-25AUG11WSHKC-WSH,10,90,9,yes
1754962843475,1754962843,KXMLBGAME-25AUG11WSHKC-WSH,10,90,28,yes
1754962844165,1754962844,KXMLBGAME-25AUG11PITMIL-MIL,99,1,381,no
1754962847107,1754962847,KXMLBGAME-25AUG11COLSTL-STL,35,65,250,yes
1754962847107,1754962847,KXMLBGAME-25AUG11COLSTL-STL,36,64,554,yes
1754962850486,1754962850,KXMLBGAME-25AUG11DETCWS-DET,41,59,300,yes
1754962850486,1754962850,KXMLBGAME-25AUG11DETCWS-DET,42,58,250,yes
1754962850486,1754962850,KXMLBGAME-25AUG11DETCWS-DET,42,58,202,yes
1754962851467,1754962851,KXMLBGAME-25AUG11COLSTL-STL,36,64,2,yes
1754962853901,1754962853,KXMLBGAME-25AUG11LADLAA-LAA,42,58,82,yes
1754962853901,1754962853,KXMLBGAME-25AUG11LADLAA-LAA,42,58,33,yes
1754962853901,1754962853,KXMLBGAME-25AUG11LADLAA-LAA,43,57,112,yes
1754962853901,1754962853,KXMLBGAME-25AUG11LADLAA-LAA,43,57,300,yes
1754962853901,1754962853,KXMLBGAME-25AUG11LADLAA-LAA,43,57,400,yes
1754962853901,1754962853,KXMLBGAME-25AUG11LADLAA-LAA,43,57,1500,yes
1754962853901,1754962853,KXMLBGAME-25AUG11LADLAA-LAA,44,56,200,yes
1754962853901,1754962853,KXMLBGAME-25AUG11LADLAA-LAA,44,56,400,yes
1754962853901,1754962853,KXMLBGAME-25AUG11LADLAA-LAA,45,55,200,yes
1754962853901,1754962853,KXMLBGAME-25AUG11LADLAA-LAA,45,55,488,yes
1754962855816,1754962855,KXMLBGAME-25AUG11BOSHOU-HOU,88,12,27,no
1754962860245,1754962860,KXMLBGAME-25AUG11WSHKC-WSH,10,90,18,yes
1754962860575,1754962860,KXMLBGAME-25AUG11COLSTL-STL,33,67,2,yes
1754962865676,1754962865,KXMLBGAME-25AUG11DETCWS-DET,42,58,300,yes
1754962865676,1754962865,KXMLBGAME-25AUG11DETCWS-DET,42,58,300,yes
1754962866226,1754962866,KXMLBGAME-25AUG11AZTEX-AZ,95,5,132,no
1754962867176,1754962867,KXMLBGAME-25AUG11WSHKC-KC,92,8,824,yes
1754962867176,1754962867,KXMLBGAME-25AUG11WSHKC-KC,92,8,53,yes
1754962867176,1754962867,KXMLBGAME-25AUG11WSHKC-KC,93,7,112,yes
1754962867176,1754962867,KXMLBGAME-25AUG11WSHKC-KC,93,7,89,yes
1754962869586,1754962869,KXMLBGAME-25AUG11COLSTL-COL,70,30,6,yes
1754962873978,1754962873,KXMLBGAME-25AUG11WSHKC-WSH,9,91,2,no
1754962873978,1754962873,KXMLBGAME-25AUG11WSHKC-WSH,7,93,100,no
1754962873978,1754962873,KXMLBGAME-25AUG11WSHKC-WSH,7,93,300,no
1754962873978,1754962873,KXMLBGAME-25AUG11WSHKC-WSH,7,93,112,no
1754962873978,1754962873,KXMLBGAME-25AUG11WSHKC-WSH,6,94,91,no
1754962874569,1754962874,KXMLBGAME-25AUG11SDSF-SD,46,54,839,yes
1754962874569,1754962874,KXMLBGAME-25AUG11DETCWS-DET,42,58,206,yes
1754962876054,1754962875,KXMLBGAME-25AUG11COLSTL-STL,31,69,9,no
1754962878069,1754962878,KXMLBGAME-25AUG11DETCWS-CWS,59,41,17,no
1754962878452,1754962878,KXMLBGAME-25AUG11DETCWS-DET,42,58,68,yes
1754962880536,1754962880,KXMLBGAME-25AUG11WSHKC-WSH,7,93,300,no
1754962881274,1754962881,KXMLBGAME-25AUG11LADLAA-LAD,58,42,3,yes
1754962881646,1754962881,KXMLBGAME-25AUG11BOSHOU-HOU,90,10,5,yes
1754962883817,1754962883,KXMLBGAME-25AUG11DETCWS-DET,42,58,2,yes
1754962883954,1754962883,KXMLBGAME-25AUG11LADLAA-LAD,58,42,8,yes
1754962892095,1754962892,KXMLBGAME-25AUG11LADLAA-LAA,43,57,11,yes
1754962895766,1754962895,KXMLBGAME-25AUG11WSHKC-KC,90,10,102,no
1754962898936,1754962898,KXMLBGAME-25AUG11COLSTL-COL,68,32,566,no
1754962899708,1754962899,KXMLBGAME-25AUG11WSHKC-WSH,9,91,9,yes
1754962901047,1754962901,KXMLBGAME-25AUG11DETCWS-DET,42,58,171,yes
1754962902925,1754962902,KXMLBGAME-25AUG11DETCWS-DET,42,58,342,yes
1754962905736,1754962905,KXMLBGAME-25AUG11LADLAA-LAA,40,60,300,yes
1754962905736,1754962905,KXMLBGAME-25AUG11LADLAA-LAA,41,59,46,yes
1754962908386,1754962908,KXMLBGAME-25AUG11WSHKC-KC,94,6,158,yes
1754962908415,1754962908,KXMLBGAME-25AUG11COLSTL-COL,71,29,6,yes
1754962908835,1754962908,KXMLBGAME-25AUG11COLSTL-STL,34,66,112,yes
1754962908835,1754962908,KXMLBGAME-25AUG11COLSTL-STL,35,65,16,yes
1754962908894,1754962908,KXMLBGAME-25AUG11LADLAA-LAD,60,40,389,yes
1754962908894,1754962908,KXMLBGAME-25AUG11LADLAA-LAD,60,40,511,yes
1754962909015,1754962908,KXMLBGAME-25AUG11DETCWS-CWS,60,40,32,yes
1754962910876,1754962910,KXMLBGAME-25AUG11COLSTL-STL,34,66,28,yes
1754962915938,1754962915,KXMLBGAME-25AUG11LADLAA-LAD,60,40,289,yes
1754962915938,1754962915,KXMLBGAME-25AUG11LADLAA-LAD,61,39,194,yes
1754962918518,1754962918,KXMLBGAME-25AUG11BOSHOU-BOS,12,88,39,yes
1754962922964,1754962922,KXMLBGAME-25AUG11COLSTL-COL,70,30,3,yes
1754962925975,1754962925,KXMLBGAME-25AUG11DETCWS-DET,41,59,1,yes
1754962925975,1754962925,KXMLBGAME-25AUG11DETCWS-DET,41,59,1,yes
1754962927698,1754962927,KXMLBGAME-25AUG11COLSTL-STL,32,68,89,yes
1754962929275,1754962929,KXMLBGAME-25AUG11WSHKC-WSH,8,92,108,yes
1754962929275,1754962929,KXMLBGAME-25AUG11WSHKC-WSH,8,92,300,yes
1754962929275,1754962929,KXMLBGAME-25AUG11WSHKC-WSH,9,91,54,yes
1754962929865,1754962929,KXMLBGAME-25AUG11PITMIL-MIL,99,1,818,no
1754962930305,1754962930,KXMLBGAME-25AUG11DETCWS-CWS,60,40,8,yes
1754962932446,1754962932,KXMLBGAME-25AUG11COLSTL-COL,70,30,11,yes
1754962934585,1754962934,KXMLBGAME-25AUG11AZTEX-TEX,5,95,37,yes
1754962936448,1754962936,KXMLBGAME-25AUG11TBATH-TB,50,50,96,yes
1754962936795,1754962936,KXMLBGAME-25AUG11WSHKC-WSH,7,93,158,yes
1754962936795,1754962936,KXMLBGAME-25AUG11WSHKC-WSH,8,92,96,yes
1754962938895,1754962938,KXMLBGAME-25AUG11WSHKC-KC,93,7,1,yes
1754962938896,1754962938,KXMLBGAME-25AUG11WSHKC-KC,94,6,115,yes
1754962948036,1754962948,KXMLBGAME-25AUG11BOSHOU-HOU,89,11,99,yes
1754962948425,1754962948,KXMLBGAME-25AUG11LADLAA-LAD,62,38,72,yes
1754962948425,1754962948,KXMLBGAME-25AUG11LADLAA-LAD,62,38,4,yes
1754962949846,1754962949,KXMLBGAME-25AUG11AZTEX-TEX,5,95,26,yes
1754962949846,1754962949,KXMLBGAME-25AUG11AZTEX-TEX,5,95,2,yes
1754962949846,1754962949,KXMLBGAME-25AUG11AZTEX-TEX,6,94,132,yes
1754962950285,1754962950,KXMLBGAME-25AUG11BOSHOU-HOU,89,11,1,yes
1754962950286,1754962950,KXMLBGAME-25AUG11BOSHOU-HOU,91,9,132,yes
1754962958505,1754962958,KXMLBGAME-25AUG11LADLAA-LAD,62,38,2,yes
1754962960896,1754962960,KXMLBGAME-25AUG11DETCWS-DET,41,59,1,yes
1754962960896,1754962960,KXMLBGAME-25AUG11DETCWS-DET,42,58,5,yes
1754962961857,1754962961,KXMLBGAME-25AUG11DETCWS-CWS,59,41,1,no
1754962961857,1754962961,KXMLBGAME-25AUG11DETCWS-CWS,58,42,300,no
1754962961857,1754962961,KXMLBGAME-25AUG11DETCWS-CWS,57,43,45,no
1754962961857,1754962961,KXMLBGAME-25AUG11DETCWS-CWS,57,43,160,no
1754962961936,1754962961,KXMLBGAME-25AUG11DETCWS-CWS,57,43,440,no
1754962961936,1754962961,KXMLBGAME-25AUG11DETCWS-CWS,56,44,411,no
1754962961955,1754962961,KXMLBGAME-25AUG11DETCWS-DET,43,57,33,yes
1754962962406,1754962962,KXMLBGAME-25AUG11WSHKC-KC,93,7,1,yes
1754962963556,1754962963,KXMLBGAME-25AUG11BOSHOU-HOU,90,10,135,yes
1754962963556,1754962963,KXMLBGAME-25AUG11BOSHOU-HOU,91,9,412,yes
1754962966107,1754962966,KXMLBGAME-25AUG11PITMIL-MIL,99,1,108,no
1754962968805,1754962968,KXMLBGAME-25AUG11LADLAA-LAD,62,38,5,yes
1754962968806,1754962968,KXMLBGAME-25AUG11LADLAA-LAD,62,38,230,yes
1754962969916,1754962969,KXMLBGAME-25AUG11DETCWS-CWS,56,44,1998,yes
1754962969916,1754962969,KXMLBGAME-25AUG11DETCWS-CWS,56,44,300,yes
1754962973066,1754962973,KXMLBGAME-25AUG11DETCWS-DET,42,58,228,yes
1754962973404,1754962973,KXMLBGAME-25AUG11COLSTL-COL,68,32,103,no
1754962973486,1754962973,KXMLBGAME-25AUG11DETCWS-CWS,58,42,250,no
1754962973486,1754962973,KXMLBGAME-25AUG11DETCWS-CWS,58,42,1,no
1754962973616,1754962973,KXMLBGAME-25AUG11DETCWS-DET,42,58,22,yes
1754962973616,1754962973,KXMLBGAME-25AUG11DETCWS-DET,42,58,389,yes
1754962975634,1754962975,KXMLBGAME-25AUG11AZTEX-TEX,4,96,4,no
1754962975885,1754962975,KXMLBGAME-25AUG11WSHKC-KC,94,6,19,yes
1754962977100,1754962976,KXMLBGAME-25AUG11LADLAA-LAD,62,38,23,yes
1754962977795,1754962977,KXMLBGAME-25AUG11SDSF-SF,55,45,3,yes
1754962978226,1754962978,KXMLBGAME-25AUG11AZTEX-AZ,96,4,11,yes
1754962981098,1754962980,KXMLBGAME-25AUG11COLSTL-COL,69,31,566,yes
1754962981099,1754962980,KXMLBGAME-25AUG11COLSTL-COL,69,31,89,yes
1754962981099,1754962980,KXMLBGAME-25AUG11COLSTL-COL,70,30,53,yes
1754962981344,1754962981,KXMLBGAME-25AUG11SDSF-SD,46,54,104,yes
1754962982809,1754962982,KXMLBGAME-25AUG11LADLAA-LAA,41,59,100,yes
1754962987557,1754962987,KXMLBGAME-25AUG11SDSF-SD,46,54,418,yes
1754962988157,1754962988,KXMLBGAME-25AUG11COLSTL-COL,68,32,5,no
1754962989768,1754962989,KXMLBGAME-25AUG11WSHKC-WSH,9,91,200,yes
1754962989768,1754962989,KXMLBGAME-25AUG11WSHKC-WSH,9,91,165,yes
1754962990766,1754962990,KXMLBGAME-25AUG11BOSHOU-HOU,91,9,50,yes
1754962990872,1754962990,KXMLBGAME-25AUG11BOSHOU-BOS,10,90,10,no
1754962991349,1754962991,KXMLBGAME-25AUG11LADLAA-LAA,41,59,50,yes
1754962991869,1754962991,KXMLBGAME-25AUG11DETCWS-DET,41,59,1,yes
1754962991869,1754962991,KXMLBGAME-25AUG11DETCWS-DET,42,58,447,yes
1754962996158,1754962996,KXMLBGAME-25AUG11BOSHOU-BOS,10,90,598,no
1754962996950,1754962996,KXMLBGAME-25AUG11LADLAA-LAD,60,40,47,no
1754962997178,1754962997,KXMLBGAME-25AUG11SDSF-SF,55,45,10,yes
1754962998205,1754962998,KXMLBGAME-25AUG11COLSTL-STL,33,67,11,yes
1754963000297,1754963000,KXMLBGAME-25AUG11BOSHOU-BOS,12,88,25,yes
1754963000297,1754963000,KXMLBGAME-25AUG11BOSHOU-BOS,12,88,250,yes
1754963000297,1754963000,KXMLBGAME-25AUG11BOSHOU-BOS,12,88,69,yes
1754963000297,1754963000,KXMLBGAME-25AUG11BOSHOU-BOS,12,88,6,yes
1754963000376,1754963000,KXMLBGAME-25AUG11DETCWS-CWS,59,41,411,yes
1754963000376,1754963000,KXMLBGAME-25AUG11DETCWS-CWS,60,40,112,yes
1754963000376,1754963000,KXMLBGAME-25AUG11DETCWS-CWS,60,40,200,yes
1754963000376,1754963000,KXMLBGAME-25AUG11DETCWS-CWS,61,39,200,yes
1754963000376,1754963000,KXMLBGAME-25AUG11DETCWS-CWS,61,39,400,yes
1754963000376,1754963000,KXMLBGAME-25AUG11DETCWS-CWS,62,38,286,yes
1754963001995,1754963001,KXMLBGAME-25AUG11COLSTL-STL,33,67,5,yes
1754963002474,1754963002,KXMLBGAME-25AUG11BOSHOU-BOS,10,90,10,no
1754963002976,1754963002,KXMLBGAME-25AUG11LADLAA-LAD,61,39,50,no
1754963003935,1754963003,KXMLBGAME-25AUG11DETCWS-CWS,58,42,1,no
1754963003935,1754963003,KXMLBGAME-25AUG11DETCWS-CWS,58,42,34,no
1754963005455,1754963005,KXMLBGAME-25AUG11COLSTL-COL,69,31,72,yes
1754963007555,1754963007,KXMLBGAME-25AUG11WSHKC-KC,92,8,1,yes
1754963007555,1754963007,KXMLBGAME-25AUG11WSHKC-KC,93,7,1,yes
1754963008896,1754963008,KXMLBGAME-25AUG11BOSHOU-BOS,12,88,5,yes
1754963010826,1754963010,KXMLBGAME-25AUG11DETCWS-DET,42,58,300,yes
1754963010826,1754963010,KXMLBGAME-25AUG11DETCWS-DET,43,57,53,yes
1754963010826,1754963010,KXMLBGAME-25AUG11DETCWS-DET,43,57,433,yes
1754963010826,1754963010,KXMLBGAME-25AUG11DETCWS-DET,43,57,339,yes
1754963011946,1754963011,KXMLBGAME-25AUG11WSHKC-KC,92,8,1,yes
1754963014645,1754963014,KXMLBGAME-25AUG11COLSTL-COL,68,32,41,no
1754963015127,1754963015,KXMLBGAME-25AUG11PITMIL-MIL,99,1,150,no
1754963015467,1754963015,KXMLBGAME-25AUG11BOSHOU-BOS,10,90,10,no
1754963016845,1754963016,KXMLBGAME-25AUG11DETCWS-DET,42,58,2,yes
1754963017907,1754963017,KXMLBGAME-25AUG11BOSHOU-HOU,91,9,163,yes
1754963019976,1754963019,KXMLBGAME-25AUG11LADLAA-LAD,61,39,50,no
1754963020235,1754963020,KXMLBGAME-25AUG11LADLAA-LAA,39,61,300,yes
1754963020294,1754963020,KXMLBGAME-25AUG11LADLAA-LAA,40,60,112,yes
1754963022206,1754963022,KXMLBGAME-25AUG11COLSTL-COL,69,31,31,yes
1754963022316,1754963022,KXMLBGAME-25AUG11WSHKC-KC,91,9,31,no
1754963022676,1754963022,KXMLBGAME-25AUG11COLSTL-STL,33,67,8,yes
1754963022979,1754963022,KXMLBGAME-25AUG11LADLAA-LAD,62,38,1,yes
1754963022979,1754963022,KXMLBGAME-25AUG11LADLAA-LAD,62,38,6,yes
1754963023057,1754963022,KXMLBGAME-25AUG11BOSHOU-HOU,91,9,1,yes
1754963023586,1754963023,KXMLBGAME-25AUG11DETCWS-DET,42,58,300,yes
1754963024996,1754963024,KXMLBGAME-25AUG11COLSTL-STL,33,67,5,yes
1754963031920,1754963031,KXMLBGAME-25AUG11DETCWS-CWS,57,43,112,yes
1754963031920,1754963031,KXMLBGAME-25AUG11DETCWS-CWS,58,42,411,yes
1754963031920,1754963031,KXMLBGAME-25AUG11DETCWS-CWS,60,40,200,yes
1754963031920,1754963031,KXMLBGAME-25AUG11DETCWS-CWS,60,40,106,yes
1754963032725,1754963032,KXMLBGAME-25AUG11BOSHOU-BOS,12,88,100,yes
1754963033425,1754963033,KXMLBGAME-25AUG11DETCWS-DET,43,57,11,yes
1754963034066,1754963034,KXMLBGAME-25AUG11LADLAA-LAA,42,58,2,yes
1754963034066,1754963034,KXMLBGAME-25AUG11LADLAA-LAA,43,57,9,yes
1754963035807,1754963035,KXMLBGAME-25AUG11DETCWS-CWS,59,41,13,yes
1754963036486,1754963036,KXMLBGAME-25AUG11COLSTL-COL,69,31,7,yes
1754963036516,1754963036,KXMLBGAME-25AUG11SDSF-SD,46,54,52,yes
1754963037107,1754963037,KXMLBGAME-25AUG11WSHKC-WSH,9,91,15,yes
1754963037504,1754963037,KXMLBGAME-25AUG11COLSTL-STL,33,67,112,no
1754963038317,1754963038,KXMLBGAME-25AUG11BOSHOU-HOU,89,11,40,no
1754963038317,1754963038,KXMLBGAME-25AUG11BOSHOU-HOU,88,12,3,no
1754963038317,1754963038,KXMLBGAME-25AUG11BOSHOU-HOU,88,12,852,no
1754963038317,1754963038,KXMLBGAME-25AUG11BOSHOU-HOU,88,12,52,no
1754963038317,1754963038,KXMLBGAME-25AUG11BOSHOU-HOU,88,12,1161,no
1754963039496,1754963039,KXMLBGAME-25AUG11DETCWS-CWS,59,41,32,yes
1754963039889,1754963039,KXMLBGAME-25AUG11COLSTL-COL,69,31,55,yes
1754963039889,1754963039,KXMLBGAME-25AUG11COLSTL-COL,69,31,31,yes
1754963039889,1754963039,KXMLBGAME-25AUG11COLSTL-COL,69,31,2,yes
1754963039889,1754963039,KXMLBGAME-25AUG11COLSTL-COL,69,31,123,yes
1754963043016,1754963042,KXMLBGAME-25AUG11BOSHOU-BOS,12,88,10,yes
1754963046235,1754963046,KXMLBGAME-25AUG11TBATH-TB,50,50,3,yes
1754963046656,1754963046,KXMLBGAME-25AUG11DETCWS-DET,43,57,111,yes
1754963051497,1754963051,KXMLBGAME-25AUG11WSHKC-KC,92,8,1,yes
1754963051497,1754963051,KXMLBGAME-25AUG11WSHKC-KC,92,8,40,yes
1754963051498,1754963051,KXMLBGAME-25AUG11WSHKC-KC,93,7,199,yes
1754963051498,1754963051,KXMLBGAME-25AUG11WSHKC-KC,93,7,112,yes
1754963051498,1754963051,KXMLBGAME-25AUG11WSHKC-KC,94,6,181,yes
1754963052120,1754963052,KXMLBGAME-25AUG11COLSTL-COL,68,32,74,no
1754963054327,1754963054,KXMLBGAME-25AUG11DETCWS-CWS,60,40,4,yes
1754963055237,1754963055,KXMLBGAME-25AUG11SDSF-SF,55,45,53,yes
1754963059316,1754963059,KXMLBGAME-25AUG11AZTEX-AZ,96,4,112,yes
1754963059316,1754963059,KXMLBGAME-25AUG11AZTEX-AZ,97,3,84,yes
1754963061684,1754963061,KXMLBGAME-25AUG11COLSTL-COL,69,31,29,yes
1754963061684,1754963061,KXMLBGAME-25AUG11COLSTL-COL,70,30,41,yes
1754963062840,1754963062,KXMLBGAME-25AUG11BOSHOU-HOU,91,9,97,yes
1754963062934,1754963062,KXMLBGAME-25AUG11AZTEX-AZ,96,4,112,yes
1754963062934,1754963062,KXMLBGAME-25AUG11AZTEX-AZ,97,3,609,yes
1754963063341,1754963063,KXMLBGAME-25AUG11COLSTL-STL,32,68,14,yes
1754963064595,1754963064,KXMLBGAME-25AUG11WSHKC-WSH,9,91,1,yes
1754963066548,1754963066,KXMLBGAME-25AUG11DETCWS-CWS,60,40,53,yes
1754963071226,1754963071,KXMLBGAME-25AUG11WSHKC-WSH,9,91,10,yes
1754963072286,1754963072,KXMLBGAME-25AUG11SDSF-SF,54,46,749,no
1754963074835,1754963074,KXMLBGAME-25AUG11SDSF-SD,46,54,20,yes
1754963075488,1754963075,KXMLBGAME-25AUG11COLSTL-STL,32,68,59,yes
1754963077025,1754963076,KXMLBGAME-25AUG11DETCWS-DET,42,58,2,yes
1754963078127,1754963078,KXMLBGAME-25AUG11DETCWS-DET,42,58,198,yes
1754963078127,1754963078,KXMLBGAME-25AUG11DETCWS-DET,42,58,30,yes
1754963079008,1754963078,KXMLBGAME-25AUG11LADLAA-LAD,59,41,9,yes
1754963084766,1754963084,KXMLBGAME-25AUG11BOSHOU-HOU,89,11,10,yes
1754963085052,1754963085,KXMLBGAME-25AUG11DETCWS-DET,42,58,45,yes
1754963085196,1754963085,KXMLBGAME-25AUG11BOSHOU-HOU,89,11,2,yes
1754963086747,1754963086,KXMLBGAME-25AUG11SDSF-SD,46,54,4976,yes
1754963087237,1754963087,KXMLBGAME-25AUG11BOSHOU-BOS,12,88,150,yes
1754963087237,1754963087,KXMLBGAME-25AUG11WSHKC-KC,94,6,100,yes
1754963087237,1754963087,KXMLBGAME-25AUG11WSHKC-KC,94,6,200,yes
1754963087237,1754963087,KXMLBGAME-25AUG11WSHKC-KC,94,6,329,yes
1754963087515,1754963087,KXMLBGAME-25AUG11BOSHOU-BOS,12,88,5,yes
1754963090655,1754963090,KXMLBGAME-25AUG11AZTEX-TEX,6,94,437,yes
1754963091480,1754963091,KXMLBGAME-25AUG11DETCWS-DET,42,58,4,yes
1754963092234,1754963092,KXMLBGAME-25AUG11LADLAA-LAD,59,41,1,yes
1754963092889,1754963092,KXMLBGAME-25AUG11COLSTL-STL,32,68,1,yes
1754963092889,1754963092,KXMLBGAME-25AUG11COLSTL-STL,33,67,27,yes
1754963094165,1754963094,KXMLBGAME-25AUG11WSHKC-WSH,8,92,23,yes
1754963094365,1754963094,KXMLBGAME-25AUG11DETCWS-DET,42,58,91,yes
1754963095155,1754963095,KXMLBGAME-25AUG11WSHKC-KC,91,9,32,no
1754963096518,1754963096,KXMLBGAME-25AUG11COLSTL-STL,33,67,69,yes
1754963096564,1754963096,KXMLBGAME-25AUG11BOSHOU-HOU,89,11,10,yes
1754963097654,1754963097,KXMLBGAME-25AUG11WSHKC-KC,93,7,23,yes
1754963098647,1754963098,KXMLBGAME-25AUG11COLSTL-COL,69,31,27,yes
1754963098647,1754963098,KXMLBGAME-25AUG11COLSTL-COL,69,31,69,yes
1754963098647,1754963098,KXMLBGAME-25AUG11COLSTL-COL,70,30,209,yes
1754963098647,1754963098,KXMLBGAME-25AUG11COLSTL-COL,70,30,750,yes
1754963098647,1754963098,KXMLBGAME-25AUG11COLSTL-COL,70,30,71,yes
1754963098647,1754963098,KXMLBGAME-25AUG11COLSTL-COL,70,30,300,yes
1754963102545,1754963102,KXMLBGAME-25AUG11COLSTL-STL,32,68,1,yes
1754963102545,1754963102,KXMLBGAME-25AUG11COLSTL-STL,32,68,4,yes
1754963102666,1754963102,KXMLBGAME-25AUG11COLSTL-COL,70,30,300,no
1754963103255,1754963103,KXMLBGAME-25AUG11WSHKC-WSH,7,93,110,no
1754963103255,1754963103,KXMLBGAME-25AUG11WSHKC-WSH,6,94,44,no
1754963105745,1754963105,KXMLBGAME-25AUG11BOSHOU-BOS,10,90,64,no
1754963106251,1754963106,KXMLBGAME-25AUG11LADLAA-LAA,42,58,2,yes
1754963106251,1754963106,KXMLBGAME-25AUG11LADLAA-LAA,43,57,48,yes
1754963106459,1754963106,KXMLBGAME-25AUG11BOSHOU-HOU,89,11,1,yes
1754963107251,1754963107,KXMLBGAME-25AUG11COLSTL-COL,70,30,300,no
1754963107550,1754963107,KXMLBGAME-25AUG11LADLAA-LAA,43,57,43,yes
1754963107550,1754963107,KXMLBGAME-25AUG11LADLAA-LAA,43,57,57,yes
1754963108871,1754963108,KXMLBGAME-25AUG11WSHKC-KC,91,9,75,no
1754963110469,1754963110,KXMLBGAME-25AUG11COLSTL-COL,70,30,10,no
1754963111479,1754963111,KXMLBGAME-25AUG11COLSTL-COL,70,30,150,no
1754963111759,1754963111,KXMLBGAME-25AUG11DETCWS-DET,42,58,34,yes
1754963111969,1754963111,KXMLBGAME-25AUG11LADLAA-LAA,43,57,100,yes
1754963112450,1754963112,KXMLBGAME-25AUG11LADLAA-LAA,43,57,50,yes
1754963113366,1754963112,KXMLBGAME-25AUG11AZTEX-AZ,95,5,24,no
1754963113366,1754963112,KXMLBGAME-25AUG11AZTEX-AZ,94,6,628,no
1754963114170,1754963114,KXMLBGAME-25AUG11COLSTL-STL,32,68,75,yes
1754963115718,1754963115,KXMLBGAME-25AUG11WSHKC-WSH,8,92,11,yes
1754963116915,1754963116,KXMLBGAME-25AUG11DETCWS-CWS,59,41,1,yes
1754963117887,1754963117,KXMLBGAME-25AUG11LADLAA-LAA,43,57,2,yes
1754963117887,1754963117,KXMLBGAME-25AUG11LADLAA-LAA,44,56,48,yes
1754963117966,1754963117,KXMLBGAME-25AUG11COLSTL-COL,70,30,13,yes
1754963119396,1754963119,KXMLBGAME-25AUG11LADLAA-LAA,45,55,100,yes
1754963122598,1754963122,KXMLBGAME-25AUG11DETCWS-DET,42,58,228,yes
1754963123525,1754963123,KXMLBGAME-25AUG11LADLAA-LAA,44,56,1,yes
1754963123526,1754963123,KXMLBGAME-25AUG11LADLAA-LAA,44,56,99,yes
1754963124306,1754963124,KXMLBGAME-25AUG11COLSTL-STL,33,67,26,yes
1754963124529,1754963124,KXMLBGAME-25AUG11BOSHOU-HOU,89,11,50,yes
1754963126281,1754963126,KXMLBGAME-25AUG11BOSHOU-BOS,10,90,118,no
1754963126555,1754963126,KXMLBGAME-25AUG11DETCWS-CWS,59,41,111,yes
1754963126556,1754963126,KXMLBGAME-25AUG11DETCWS-CWS,59,41,1,yes
1754963126556,1754963126,KXMLBGAME-25AUG11DETCWS-CWS,60,40,51,yes
1754963127495,1754963127,KXMLBGAME-25AUG11COLSTL-STL,30,70,33,no
1754963127496,1754963127,KXMLBGAME-25AUG11COLSTL-STL,30,70,25,no
1754963127645,1754963127,KXMLBGAME-25AUG11LADLAA-LAA,44,56,100,yes
1754963129867,1754963129,KXMLBGAME-25AUG11COLSTL-COL,69,31,79,yes
1754963129867,1754963129,KXMLBGAME-25AUG11COLSTL-COL,70,30,287,yes
1754963129867,1754963129,KXMLBGAME-25AUG11COLSTL-COL,71,29,2142,yes
1754963129867,1754963129,KXMLBGAME-25AUG11COLSTL-COL,71,29,54,yes
1754963129867,1754963129,KXMLBGAME-25AUG11COLSTL-COL,71,29,250,yes
1754963129867,1754963129,KXMLBGAME-25AUG11COLSTL-COL,71,29,538,yes
1754963130576,1754963130,KXMLBGAME-25AUG11LADLAA-LAA,43,57,1,yes
1754963130576,1754963130,KXMLBGAME-25AUG11LADLAA-LAA,44,56,49,yes
1754963131177,1754963131,KXMLBGAME-25AUG11WSHKC-WSH,8,92,35,yes
1754963131917,1754963131,KXMLBGAME-25AUG11DETCWS-DET,42,58,116,yes
1754963132166,1754963132,KXMLBGAME-25AUG11LADLAA-LAA,45,55,100,yes
1754963132235,1754963132,KXMLBGAME-25AUG11DETCWS-CWS,56,44,300,no
1754963132256,1754963132,KXMLBGAME-25AUG11DETCWS-DET,42,58,127,yes
1754963135449,1754963135,KXMLBGAME-25AUG11AZTEX-TEX,6,94,20,yes
1754963136537,1754963136,KXMLBGAME-25AUG11BOSHOU-HOU,89,11,32,yes
1754963136959,1754963136,KXMLBGAME-25AUG11SDSF-SD,46,54,100,yes
1754963138457,1754963138,KXMLBGAME-25AUG11BOSHOU-HOU,90,10,69,yes
1754963138457,1754963138,KXMLBGAME-25AUG11BOSHOU-BOS,12,88,39,yes
1754963138457,1754963138,KXMLBGAME-25AUG11BOSHOU-BOS,12,88,39,yes
1754963139365,1754963139,KXMLBGAME-25AUG11LADLAA-LAA,44,56,1,yes
1754963139365,1754963139,KXMLBGAME-25AUG11LADLAA-LAA,44,56,99,yes
1754963142088,1754963141,KXMLBGAME-25AUG11BOSHOU-HOU,90,10,519,yes
1754963142096,1754963142,KXMLBGAME-25AUG11WSHKC-WSH,8,92,10,yes
1754963142931,1754963142,KXMLBGAME-25AUG11LADLAA-LAA,43,57,50,yes
1754963142974,1754963142,KXMLBGAME-25AUG11COLSTL-STL,34,66,7,yes
1754963143596,1754963143,KXMLBGAME-25AUG11LADLAA-LAA,42,58,1,yes
1754963143596,1754963143,KXMLBGAME-25AUG11LADLAA-LAA,43,57,99,yes
1754963143777,1754963143,KXMLBGAME-25AUG11AZTEX-TEX,6,94,191,yes
1754963144935,1754963144,KXMLBGAME-25AUG11BOSHOU-BOS,12,88,15,yes
1754963145236,1754963145,KXMLBGAME-25AUG11BOSHOU-BOS,11,89,100,no
1754963145376,1754963145,KXMLBGAME-25AUG11LADLAA-LAD,58,42,48,yes
1754963145376,1754963145,KXMLBGAME-25AUG11LADLAA-LAD,59,41,102,yes
1754963145376,1754963145,KXMLBGAME-25AUG11LADLAA-LAD,59,41,9,yes
1754963145376,1754963145,KXMLBGAME-25AUG11LADLAA-LAD,59,41,1,yes
1754963145376,1754963145,KXMLBGAME-25AUG11LADLAA-LAD,60,40,5,yes
1754963145926,1754963145,KXMLBGAME-25AUG11DETCWS-DET,48,52,295,yes
1754963147905,1754963147,KXMLBGAME-25AUG11LADLAA-LAA,44,56,100,yes
1754963148799,1754963148,KXMLBGAME-25AUG11LADLAA-LAD,57,43,1,no
1754963151233,1754963151,KXMLBGAME-25AUG11COLSTL-COL,70,30,300,yes
1754963151233,1754963151,KXMLBGAME-25AUG11COLSTL-COL,71,29,6,yes
1754963151233,1754963151,KXMLBGAME-25AUG11COLSTL-COL,71,29,41,yes
1754963151233,1754963151,KXMLBGAME-25AUG11COLSTL-COL,71,29,750,yes
1754963151233,1754963151,KXMLBGAME-25AUG11COLSTL-COL,71,29,250,yes
1754963151233,1754963151,KXMLBGAME-25AUG11COLSTL-COL,71,29,1,yes
1754963151233,1754963151,KXMLBGAME-25AUG11COLSTL-COL,73,27,80,yes
1754963151233,1754963151,KXMLBGAME-25AUG11COLSTL-COL,75,25,100,yes
1754963151233,1754963151,KXMLBGAME-25AUG11COLSTL-COL,77,23,600,yes
1754963151233,1754963151,KXMLBGAME-25AUG11COLSTL-COL,77,23,40,yes
1754963151233,1754963151,KXMLBGAME-25AUG11COLSTL-COL,78,22,286,yes
1754963151233,1754963151,KXMLBGAME-25AUG11COLSTL-COL,79,21,300,yes
1754963151233,1754963151,KXMLBGAME-25AUG11COLSTL-COL,80,20,100,yes
1754963151233,1754963151,KXMLBGAME-25AUG11COLSTL-COL,80,20,68,yes
1754963151233,1754963151,KXMLBGAME-25AUG11COLSTL-COL,80,20,674,yes
1754963151815,1754963151,KXMLBGAME-25AUG11WSHKC-WSH,6,94,50,no
1754963154566,1754963154,KXMLBGAME-25AUG11DETCWS-DET,47,53,18,yes
1754963155429,1754963155,KXMLBGAME-25AUG11BOSHOU-HOU,90,10,11,yes
1754963156967,1754963156,KXMLBGAME-25AUG11BOSHOU-BOS,12,88,11,yes
1754963156967,1754963156,KXMLBGAME-25AUG11BOSHOU-BOS,13,87,4,yes
1754963157525,1754963157,KXMLBGAME-25AUG11COLSTL-COL,70,30,6,yes
1754963161846,1754963161,KXMLBGAME-25AUG11WSHKC-WSH,8,92,58,yes
1754963162038,1754963162,KXMLBGAME-25AUG11BOSHOU-BOS,13,87,29,yes
1754963162038,1754963162,KXMLBGAME-25AUG11BOSHOU-BOS,14,86,40,yes
1754963162406,1754963162,KXMLBGAME-25AUG11BOSHOU-HOU,89,11,18,no
1754963162406,1754963162,KXMLBGAME-25AUG11BOSHOU-HOU,89,11,1,no
1754963168748,1754963168,KXMLBGAME-25AUG11BOSHOU-HOU,88,12,250,no
1754963168748,1754963168,KXMLBGAME-25AUG11BOSHOU-HOU,86,14,1,no
1754963168748,1754963168,KXMLBGAME-25AUG11BOSHOU-HOU,86,14,22,no
1754963168748,1754963168,KXMLBGAME-25AUG11BOSHOU-HOU,84,16,129,no
1754963168815,1754963168,KXMLBGAME-25AUG11BOSHOU-BOS,12,88,25,yes
1754963168959,1754963168,KXMLBGAME-25AUG11DETCWS-DET,46,54,20,yes
1754963169247,1754963169,KXMLBGAME-25AUG11AZTEX-AZ,97,3,108,yes
1754963171256,1754963171,KXMLBGAME-25AUG11DETCWS-DET,46,54,3,yes
1754963173960,1754963173,KXMLBGAME-25AUG11COLSTL-COL,68,32,222,yes
1754963174012,1754963173,KXMLBGAME-25AUG11WSHKC-WSH,9,91,20,yes
1754963177585,1754963177,KXMLBGAME-25AUG11COLSTL-STL,33,67,2,yes
1754963179465,1754963179,KXMLBGAME-25AUG11WSHKC-WSH,10,90,18,yes
1754963180695,1754963180,KXMLBGAME-25AUG11DETCWS-DET,46,54,104,yes
1754963183306,1754963183,KXMLBGAME-25AUG11LADLAA-LAD,56,44,17,yes
1754963184066,1754963184,KXMLBGAME-25AUG11SDSF-SF,55,45,44,yes
1754963184368,1754963184,KXMLBGAME-25AUG11WSHKC-WSH,10,90,141,yes
1754963184936,1754963184,KXMLBGAME-25AUG11WSHKC-KC,90,10,37,no
1754963188789,1754963188,KXMLBGAME-25AUG11SDSF-SD,46,54,20,yes
1754963190376,1754963190,KXMLBGAME-25AUG11SDSF-SF,55,45,56,yes
1754963190675,1754963190,KXMLBGAME-25AUG11TBATH-ATH,51,49,5,yes
1754963190926,1754963190,KXMLBGAME-25AUG11AZTEX-TEX,6,94,46,yes
1754963191886,1754963191,KXMLBGAME-25AUG11SDSF-SD,46,54,52,yes
1754963193867,1754963193,KXMLBGAME-25AUG11LADLAA-LAD,56,44,32,yes
1754963193867,1754963193,KXMLBGAME-25AUG11LADLAA-LAD,57,43,38,yes
1754963194546,1754963194,KXMLBGAME-25AUG11COLSTL-STL,32,68,58,yes
1754963194992,1754963194,KXMLBGAME-25AUG11WSHKC-WSH,7,93,12,no
1754963196306,1754963196,KXMLBGAME-25AUG11PITMIL-PIT,1,99,187,yes
1754963196415,1754963196,KXMLBGAME-25AUG11WSHKC-KC,90,10,55,no
1754963197996,1754963197,KXMLBGAME-25AUG11LADLAA-LAD,57,43,25,yes
1754963198996,1754963198,KXMLBGAME-25AUG11COLSTL-COL,70,30,2,yes
1754963199296,1754963199,KXMLBGAME-25AUG11LADLAA-LAD,57,43,17,yes
1754963200856,1754963200,KXMLBGAME-25AUG11LADLAA-LAD,57,43,64,yes
1754963208016,1754963207,KXMLBGAME-25AUG11LADLAA-LAD,57,43,42,yes
1754963208666,1754963208,KXMLBGAME-25AUG11COLSTL-COL,71,29,2,yes
1754963208666,1754963208,KXMLBGAME-25AUG11COLSTL-COL,72,28,25,yes
1754963208828,1754963208,KXMLBGAME-25AUG11WSHKC-WSH,10,90,47,yes
1754963210376,1754963210,KXMLBGAME-25AUG11LADLAA-LAD,57,43,39,yes
1754963211167,1754963211,KXMLBGAME-25AUG11LADLAA-LAA,46,54,62,yes
1754963211247,1754963211,KXMLBGAME-25AUG11COLSTL-COL,70,30,5,no
1754963212348,1754963212,KXMLBGAME-25AUG11COLSTL-STL,30,70,3,yes
1754963213817,1754963213,KXMLBGAME-25AUG11COLSTL-COL,72,28,34,yes
1754963216370,1754963216,KXMLBGAME-25AUG11SDSF-SD,45,55,5,no
1754963216370,1754963216,KXMLBGAME-25AUG11SDSF-SD,45,55,10,no
1754963216370,1754963216,KXMLBGAME-25AUG11SDSF-SD,45,55,15,no
1754963216408,1754963216,KXMLBGAME-25AUG11SDSF-SF,57,43,2,yes
1754963218505,1754963218,KXMLBGAME-25AUG11DETCWS-CWS,49,51,2,no
1754963218576,1754963218,KXMLBGAME-25AUG11COLSTL-STL,29,71,200,no
1754963218576,1754963218,KXMLBGAME-25AUG11COLSTL-STL,25,75,51,no
1754963218706,1754963218,KXMLBGAME-25AUG11COLSTL-COL,73,27,51,yes
1754963218706,1754963218,KXMLBGAME-25AUG11COLSTL-COL,74,26,200,yes
1754963218706,1754963218,KXMLBGAME-25AUG11COLSTL-COL,74,26,160,yes
1754963221147,1754963221,KXMLBGAME-25AUG11SDSF-SD,42,58,2,no
1754963221386,1754963221,KXMLBGAME-25AUG11BOSHOU-HOU,89,11,16,yes
1754963221686,1754963221,KXMLBGAME-25AUG11LADLAA-LAD,57,43,57,yes
1754963222295,1754963222,KXMLBGAME-25AUG11WSHKC-WSH,9,91,2,yes
1754963222295,1754963222,KXMLBGAME-25AUG11WSHKC-WSH,10,90,45,yes
1754963223190,1754963223,KXMLBGAME-25AUG11BOSHOU-BOS,13,87,36,yes
1754963223346,1754963223,KXMLBGAME-25AUG11WSHKC-WSH,10,90,28,yes
1754963224567,1754963223,KXMLBGAME-25AUG11DETCWS-DET,56,44,135,yes
1754963224567,1754963223,KXMLBGAME-25AUG11DETCWS-DET,56,44,300,yes
1754963224567,1754963223,KXMLBGAME-25AUG11DETCWS-DET,57,43,411,yes
1754963224567,1754963223,KXMLBGAME-25AUG11DETCWS-DET,58,42,107,yes
1754963224567,1754963223,KXMLBGAME-25AUG11DETCWS-DET,58,42,300,yes
1754963224567,1754963223,KXMLBGAME-25AUG11DETCWS-DET,58,42,275,yes
1754963228162,1754963228,KXMLBGAME-25AUG11COLSTL-STL,26,74,91,yes
1754963229151,1754963228,KXMLBGAME-25AUG11LADLAA-LAD,57,43,94,yes
1754963233151,1754963232,KXMLBGAME-25AUG11LADLAA-LAD,57,43,10,yes
1754963233305,1754963233,KXMLBGAME-25AUG11SDSF-SD,42,58,22,yes
1754963236685,1754963236,KXMLBGAME-25AUG11WSHKC-WSH,9,91,20,yes
1754963238636,1754963238,KXMLBGAME-25AUG11DETCWS-DET,59,41,36,yes
1754963241375,1754963241,KXMLBGAME-25AUG11LADLAA-LAD,57,43,170,yes
1754963244647,1754963244,KXMLBGAME-25AUG11SDSF-SD,43,57,22,yes
1754963244786,1754963244,KXMLBGAME-25AUG11PITMIL-MIL,99,1,443,no
1754963244847,1754963244,KXMLBGAME-25AUG11SDSF-SD,43,57,278,yes
1754963244847,1754963244,KXMLBGAME-25AUG11SDSF-SD,44,56,45,yes
1754963250055,1754963250,KXMLBGAME-25AUG11DETCWS-DET,56,44,26,no
1754963255077,1754963254,KXMLBGAME-25AUG11COLSTL-STL,26,74,411,no
1754963255077,1754963254,KXMLBGAME-25AUG11COLSTL-STL,25,75,300,no
1754963255077,1754963254,KXMLBGAME-25AUG11COLSTL-STL,24,76,92,no
1754963255508,1754963255,KXMLBGAME-25AUG11COLSTL-COL,75,25,94,yes
1754963258407,1754963258,KXMLBGAME-25AUG11WSHKC-KC,90,10,39,no
1754963259236,1754963259,KXMLBGAME-25AUG11DETCWS-CWS,44,56,10,yes
1754963259971,1754963259,KXMLBGAME-25AUG11LADLAA-LAD,57,43,425,yes
1754963259980,1754963259,KXMLBGAME-25AUG11SDSF-SD,43,57,34,yes
1754963260266,1754963260,KXMLBGAME-25AUG11TBATH-TB,50,50,19,yes
1754963262248,1754963262,KXMLBGAME-25AUG11BOSHOU-BOS,12,88,250,yes
1754963262248,1754963262,KXMLBGAME-25AUG11BOSHOU-BOS,13,87,494,yes
1754963263876,1754963263,KXMLBGAME-25AUG11LADLAA-LAA,46,54,540,yes
1754963263928,1754963263,KXMLBGAME-25AUG11TBATH-ATH,51,49,19,yes
1754963264067,1754963263,KXMLBGAME-25AUG11AZTEX-AZ,93,7,482,no
1754963264067,1754963263,KXMLBGAME-25AUG11AZTEX-AZ,93,7,551,no
1754963264496,1754963264,KXMLBGAME-25AUG11DETCWS-DET,59,41,85,yes
1754963264535,1754963264,KXMLBGAME-25AUG11WSHKC-WSH,9,91,20,yes
1754963266676,1754963266,KXMLBGAME-25AUG11COLSTL-STL,26,74,200,yes
1754963266816,1754963266,KXMLBGAME-25AUG11COLSTL-STL,26,74,12,yes
1754963267786,1754963267,KXMLBGAME-25AUG11DETCWS-DET,56,44,274,no
1754963267786,1754963267,KXMLBGAME-25AUG11DETCWS-DET,56,44,112,no
1754963267786,1754963267,KXMLBGAME-25AUG11DETCWS-DET,54,46,600,no
1754963267786,1754963267,KXMLBGAME-25AUG11DETCWS-DET,54,46,946,no
1754963268546,1754963268,KXMLBGAME-25AUG11WSHKC-WSH,9,91,23,yes
1754963268546,1754963268,KXMLBGAME-25AUG11WSHKC-WSH,9,91,81,yes
1754963272986,1754963272,KXMLBGAME-25AUG11LADLAA-LAD,57,43,85,yes
1754963274554,1754963274,KXMLBGAME-25AUG11AZTEX-TEX,9,91,20,yes
1754963274673,1754963274,KXMLBGAME-25AUG11DETCWS-DET,58,42,16,yes
1754963274710,1754963274,KXMLBGAME-25AUG11COLSTL-STL,26,74,7,yes
1754963277295,1754963277,KXMLBGAME-25AUG11DETCWS-DET,58,42,3,yes
1754963278235,1754963278,KXMLBGAME-25AUG11LADLAA-LAA,43,57,112,no
1754963278235,1754963278,KXMLBGAME-25AUG11LADLAA-LAA,43,57,300,no
1754963279378,1754963279,KXMLBGAME-25AUG11WSHKC-WSH,8,92,82,no
1754963279378,1754963279,KXMLBGAME-25AUG11WSHKC-WSH,8,92,1,no
1754963279378,1754963279,KXMLBGAME-25AUG11WSHKC-WSH,7,93,722,no
1754963279378,1754963279,KXMLBGAME-25AUG11WSHKC-WSH,7,93,300,no
1754963279378,1754963279,KXMLBGAME-25AUG11WSHKC-WSH,6,94,600,no
1754963279378,1754963279,KXMLBGAME-25AUG11WSHKC-WSH,5,95,100,no
1754963279378,1754963279,KXMLBGAME-25AUG11WSHKC-WSH,5,95,439,no
1754963281296,1754963281,KXMLBGAME-25AUG11AZTEX-AZ,94,6,96,yes
1754963281296,1754963281,KXMLBGAME-25AUG11AZTEX-AZ,95,5,7,yes
1754963285555,1754963285,KXMLBGAME-25AUG11SDSF-SD,43,57,11,yes
1754963290557,1754963290,KXMLBGAME-25AUG11DETCWS-DET,58,42,1,yes
1754963290816,1754963290,KXMLBGAME-25AUG11COLSTL-COL,75,25,2,yes
1754963290816,1754963290,KXMLBGAME-25AUG11COLSTL-COL,77,23,4,yes
1754963291090,1754963291,KXMLBGAME-25AUG11BOSHOU-BOS,13,87,34,yes
1754963291265,1754963291,KXMLBGAME-25AUG11WSHKC-WSH,9,91,31,yes
1754963291379,1754963291,KXMLBGAME-25AUG11AZTEX-TEX,8,92,300,yes
1754963291379,1754963291,KXMLBGAME-25AUG11AZTEX-TEX,8,92,670,yes
1754963294230,1754963294,KXMLBGAME-25AUG11WSHKC-WSH,8,92,1,no
1754963294230,1754963294,KXMLBGAME-25AUG11WSHKC-WSH,7,93,10,no
1754963299674,1754963299,KXMLBGAME-25AUG11COLSTL-STL,26,74,182,yes
1754963300526,1754963300,KXMLBGAME-25AUG11DETCWS-CWS,45,55,10,yes
1754963301979,1754963301,KXMLBGAME-25AUG11COLSTL-STL,25,75,2,no
1754963301979,1754963301,KXMLBGAME-25AUG11COLSTL-STL,24,76,8,no
1754963302076,1754963301,KXMLBGAME-25AUG11LADLAA-LAA,43,57,92,no
1754963302076,1754963301,KXMLBGAME-25AUG11LADLAA-LAA,42,58,796,no
1754963303006,1754963302,KXMLBGAME-25AUG11LADLAA-LAD,58,42,200,yes
1754963303006,1754963302,KXMLBGAME-25AUG11LADLAA-LAD,58,42,400,yes
1754963303006,1754963302,KXMLBGAME-25AUG11LADLAA-LAD,58,42,134,yes
1754963306665,1754963306,KXMLBGAME-25AUG11WSHKC-WSH,10,90,217,yes
1754963306665,1754963306,KXMLBGAME-25AUG11WSHKC-WSH,11,89,230,yes
1754963307107,1754963307,KXMLBGAME-25AUG11DETCWS-CWS,45,55,4,yes
1754963307458,1754963307,KXMLBGAME-25AUG11LADLAA-LAD,58,42,648,yes
1754963309700,1754963309,KXMLBGAME-25AUG11SDSF-SF,58,42,2,yes
1754963311017,1754963310,KXMLBGAME-25AUG11LADLAA-LAD,58,42,51,yes
1754963312045,1754963312,KXMLBGAME-25AUG11COLSTL-STL,25,75,38,yes
1754963313159,1754963313,KXMLBGAME-25AUG11BOSHOU-BOS,13,87,14,yes
1754963316067,1754963316,KXMLBGAME-25AUG11DETCWS-DET,57,43,68,yes
1754963316996,1754963316,KXMLBGAME-25AUG11DETCWS-DET,55,45,112,no
1754963316996,1754963316,KXMLBGAME-25AUG11DETCWS-DET,55,45,300,no
1754963316996,1754963316,KXMLBGAME-25AUG11DETCWS-DET,54,46,71,no
1754963318566,1754963318,KXMLBGAME-25AUG11WSHKC-WSH,11,89,8,yes
1754963321839,1754963321,KXMLBGAME-25AUG11DETCWS-DET,57,43,25,yes
1754963322496,1754963322,KXMLBGAME-25AUG11COLSTL-STL,25,75,74,yes
1754963322496,1754963322,KXMLBGAME-25AUG11COLSTL-STL,25,75,38,yes
1754963322496,1754963322,KXMLBGAME-25AUG11COLSTL-STL,26,74,257,yes
1754963322716,1754963322,KXMLBGAME-25AUG11LADLAA-LAD,56,44,147,no
1754963322716,1754963322,KXMLBGAME-25AUG11LADLAA-LAD,56,44,10,no
1754963322716,1754963322,KXMLBGAME-25AUG11LADLAA-LAD,55,45,2,no
1754963322716,1754963322,KXMLBGAME-25AUG11LADLAA-LAD,55,45,100,no
1754963322716,1754963322,KXMLBGAME-25AUG11LADLAA-LAD,55,45,200,no
1754963323325,1754963323,KXMLBGAME-25AUG11SDSF-SD,42,58,1,yes
1754963323835,1754963323,KXMLBGAME-25AUG11AZTEX-AZ,93,7,533,yes
1754963325536,1754963325,KXMLBGAME-25AUG11WSHKC-WSH,8,92,62,no
1754963325536,1754963325,KXMLBGAME-25AUG11WSHKC-WSH,8,92,300,no
1754963325685,1754963325,KXMLBGAME-25AUG11COLSTL-STL,26,74,18,yes
1754963327385,1754963327,KXMLBGAME-25AUG11COLSTL-COL,77,23,178,yes
1754963328287,1754963328,KXMLBGAME-25AUG11WSHKC-WSH,8,92,58,yes
1754963328816,1754963328,KXMLBGAME-25AUG11WSHKC-WSH,8,92,23,yes
1754963332095,1754963332,KXMLBGAME-25AUG11WSHKC-WSH,8,92,32,yes
1754963332095,1754963332,KXMLBGAME-25AUG11WSHKC-WSH,11,89,19,yes
1754963338757,1754963338,KXMLBGAME-25AUG11DETCWS-CWS,43,57,90,no
1754963339115,1754963339,KXMLBGAME-25AUG11WSHKC-WSH,11,89,173,yes
1754963339115,1754963339,KXMLBGAME-25AUG11WSHKC-WSH,11,89,36,yes
1754963339295,1754963339,KXMLBGAME-25AUG11BOSHOU-BOS,12,88,20,yes
1754963339965,1754963339,KXMLBGAME-25AUG11DETCWS-DET,57,43,42,yes
1754963340478,1754963340,KXMLBGAME-25AUG11COLSTL-COL,75,25,262,yes
1754963342656,1754963342,KXMLBGAME-25AUG11LADLAA-LAD,50,50,1,no
1754963342856,1754963342,KXMLBGAME-25AUG11LADLAA-LAA,54,46,1,no
1754963343305,1754963343,KXMLBGAME-25AUG11DETCWS-DET,57,43,170,yes
1754963345155,1754963345,KXMLBGAME-25AUG11WSHKC-WSH,11,89,17,yes
1754963347557,1754963347,KXMLBGAME-25AUG11LADLAA-LAD,47,53,20,yes
1754963348759,1754963348,KXMLBGAME-25AUG11SDSF-SD,42,58,13,yes
1754963357806,1754963357,KXMLBGAME-25AUG11COLSTL-COL,75,25,60,yes
1754963357965,1754963357,KXMLBGAME-25AUG11WSHKC-WSH,10,90,18,yes
1754963358727,1754963358,KXMLBGAME-25AUG11AZTEX-AZ,91,9,3,no
1754963358958,1754963358,KXMLBGAME-25AUG11LADLAA-LAA,55,45,44,yes
1754963359556,1754963359,KXMLBGAME-25AUG11DETCWS-CWS,44,56,32,yes
1754963359617,1754963359,KXMLBGAME-25AUG11DETCWS-DET,58,42,200,yes
1754963359617,1754963359,KXMLBGAME-25AUG11DETCWS-DET,58,42,400,yes
1754963359617,1754963359,KXMLBGAME-25AUG11DETCWS-DET,58,42,112,yes
1754963359617,1754963359,KXMLBGAME-25AUG11DETCWS-DET,58,42,106,yes
1754963359617,1754963359,KXMLBGAME-25AUG11DETCWS-DET,58,42,600,yes
1754963359617,1754963359,KXMLBGAME-25AUG11DETCWS-DET,59,41,79,yes
1754963359617,1754963359,KXMLBGAME-25AUG11DETCWS-DET,59,41,338,yes
1754963360926,1754963360,KXMLBGAME-25AUG11COLSTL-STL,27,73,2,yes
1754963360926,1754963360,KXMLBGAME-25AUG11COLSTL-STL,27,73,5,yes
1754963364195,1754963364,KXMLBGAME-25AUG11LADLAA-LAD,47,53,6,yes
1754963365535,1754963365,KXMLBGAME-25AUG11SDSF-SD,42,58,26,yes
1754963366776,1754963366,KXMLBGAME-25AUG11DETCWS-DET,57,43,300,yes
1754963366776,1754963366,KXMLBGAME-25AUG11DETCWS-DET,58,42,230,yes
1754963367066,1754963367,KXMLBGAME-25AUG11COLSTL-STL,26,74,112,yes
1754963367649,1754963367,KXMLBGAME-25AUG11COLSTL-STL,26,74,111,yes
1754963367649,1754963367,KXMLBGAME-25AUG11COLSTL-STL,27,73,411,yes
1754963367649,1754963367,KXMLBGAME-25AUG11COLSTL-STL,28,72,300,yes
1754963367649,1754963367,KXMLBGAME-25AUG11COLSTL-STL,28,72,400,yes
1754963367649,1754963367,KXMLBGAME-25AUG11COLSTL-STL,29,71,600,yes
1754963367665,1754963367,KXMLBGAME-25AUG11COLSTL-COL,74,26,111,no
1754963367685,1754963367,KXMLBGAME-25AUG11COLSTL-STL,29,71,111,no
1754963367815,1754963367,KXMLBGAME-25AUG11COLSTL-STL,30,70,30,yes
1754963367815,1754963367,KXMLBGAME-25AUG11COLSTL-STL,31,69,170,yes
1754963368585,1754963368,KXMLBGAME-25AUG11COLSTL-STL,30,70,55,yes
1754963368585,1754963368,KXMLBGAME-25AUG11COLSTL-STL,30,70,1,yes
1754963368585,1754963368,KXMLBGAME-25AUG11COLSTL-STL,31,69,30,yes
1754963368585,1754963368,KXMLBGAME-25AUG11COLSTL-STL,31,69,325,yes
1754963370117,1754963370,KXMLBGAME-25AUG11SDSF-SD,42,58,34,yes
1754963371937,1754963371,KXMLBGAME-25AUG11DETCWS-CWS,43,57,4,yes
1754963372226,1754963372,KXMLBGAME-25AUG11DETCWS-CWS,43,57,53,yes
1754963372365,1754963372,KXMLBGAME-25AUG11SDSF-SD,42,58,57,yes
1754963374584,1754963374,KXMLBGAME-25AUG11DETCWS-DET,58,42,300,yes
1754963374584,1754963374,KXMLBGAME-25AUG11DETCWS-DET,59,41,34,yes
1754963380293,1754963380,KXMLBGAME-25AUG11WSHKC-KC,91,9,29,yes
1754963383656,1754963383,KXMLBGAME-25AUG11BOSHOU-BOS,12,88,392,yes
1754963384076,1754963384,KXMLBGAME-25AUG11DETCWS-CWS,44,56,2,yes
1754963386437,1754963386,KXMLBGAME-25AUG11WSHKC-KC,90,10,112,no
1754963386437,1754963386,KXMLBGAME-25AUG11WSHKC-KC,89,11,216,no
1754963389125,1754963389,KXMLBGAME-25AUG11LADLAA-LAD,48,52,6,yes
1754963390565,1754963390,KXMLBGAME-25AUG11WSHKC-WSH,8,92,9,no
1754963390767,1754963390,KXMLBGAME-25AUG11LADLAA-LAD,48,52,10,yes
1754963391056,1754963391,KXMLBGAME-25AUG11BOSHOU-BOS,12,88,15,yes
1754963393264,1754963393,KXMLBGAME-25AUG11DETCWS-DET,57,43,8,yes
1754963397447,1754963397,KXMLBGAME-25AUG11LADLAA-LAA,53,47,182,yes
1754963401018,1754963400,KXMLBGAME-25AUG11LADLAA-LAD,48,52,201,yes
1754963401156,1754963401,KXMLBGAME-25AUG11AZTEX-AZ,90,10,72,yes
1754963401156,1754963401,KXMLBGAME-25AUG11AZTEX-AZ,91,9,750,yes
1754963401156,1754963401,KXMLBGAME-25AUG11AZTEX-AZ,91,9,250,yes
1754963401156,1754963401,KXMLBGAME-25AUG11AZTEX-AZ,96,4,2000,yes
1754963401156,1754963401,KXMLBGAME-25AUG11AZTEX-AZ,96,4,600,yes
1754963401156,1754963401,KXMLBGAME-25AUG11AZTEX-AZ,96,4,300,yes
1754963401156,1754963401,KXMLBGAME-25AUG11AZTEX-AZ,97,3,1000,yes
1754963401156,1754963401,KXMLBGAME-25AUG11AZTEX-AZ,98,2,300,yes
1754963401156,1754963401,KXMLBGAME-25AUG11AZTEX-AZ,98,2,35,yes
1754963401156,1754963401,KXMLBGAME-25AUG11AZTEX-AZ,98,2,300,yes
1754963401156,1754963401,KXMLBGAME-25AUG11AZTEX-AZ,99,1,436,yes
1754963404056,1754963404,KXMLBGAME-25AUG11DETCWS-CWS,46,54,10,yes
1754963404975,1754963404,KXMLBGAME-25AUG11WSHKC-WSH,10,90,162,yes
1754963404975,1754963404,KXMLBGAME-25AUG11WSHKC-WSH,10,90,26,yes
1754963406095,1754963406,KXMLBGAME-25AUG11LADLAA-LAD,48,52,40,yes
1754963410864,1754963410,KXMLBGAME-25AUG11SDSF-SD,42,58,6,yes
1754963413925,1754963413,KXMLBGAME-25AUG11SDSF-SD,42,58,163,yes
1754963413925,1754963413,KXMLBGAME-25AUG11SDSF-SD,43,57,87,yes
1754963413925,1754963413,KXMLBGAME-25AUG11SDSF-SD,43,57,200,yes
1754963414185,1754963414,KXMLBGAME-25AUG11AZTEX-AZ,91,9,54,yes
1754963416015,1754963415,KXMLBGAME-25AUG11LADLAA-LAD,48,52,10,yes
1754963416600,1754963416,KXMLBGAME-25AUG11WSHKC-KC,90,10,64,no
1754963419636,1754963419,KXMLBGAME-25AUG11LADLAA-LAD,48,52,16,yes
1754963420525,1754963420,KXMLBGAME-25AUG11LADLAA-LAD,48,52,17,yes
1754963420525,1754963420,KXMLBGAME-25AUG11LADLAA-LAD,48,52,13,yes
1754963420818,1754963420,KXMLBGAME-25AUG11BOSHOU-HOU,87,13,23,no
1754963421625,1754963421,KXMLBGAME-25AUG11LADLAA-LAA,53,47,51,yes
1754963422634,1754963422,KXMLBGAME-25AUG11WSHKC-WSH,10,90,9,yes
1754963424345,1754963424,KXMLBGAME-25AUG11LADLAA-LAD,48,52,20,yes
1754963424476,1754963424,KXMLBGAME-25AUG11LADLAA-LAD,48,52,30,yes
1754963424476,1754963424,KXMLBGAME-25AUG11LADLAA-LAD,48,52,10,yes
1754963424476,1754963424,KXMLBGAME-25AUG11LADLAA-LAD,48,52,10,yes
1754963426744,1754963426,KXMLBGAME-25AUG11LADLAA-LAD,48,52,40,yes
1754963427897,1754963427,KXMLBGAME-25AUG11DETCWS-CWS,44,56,14,no
1754963429305,1754963429,KXMLBGAME-25AUG11TBATH-ATH,51,49,947,yes
1754963429649,1754963429,KXMLBGAME-25AUG11LADLAA-LAD,48,52,100,yes
1754963431755,1754963431,KXMLBGAME-25AUG11LADLAA-LAD,46,54,1,no
1754963432265,1754963432,KXMLBGAME-25AUG11WSHKC-WSH,10,90,265,yes
1754963432265,1754963432,KXMLBGAME-25AUG11WSHKC-WSH,10,90,64,yes
1754963436175,1754963436,KXMLBGAME-25AUG11LADLAA-LAD,48,52,20,yes
1754963437276,1754963437,KXMLBGAME-25AUG11AZTEX-AZ,85,15,250,yes
1754963437276,1754963437,KXMLBGAME-25AUG11AZTEX-AZ,85,15,250,yes
1754963439335,1754963439,KXMLBGAME-25AUG11DETCWS-CWS,45,55,21,yes
1754963439985,1754963439,KXMLBGAME-25AUG11COLSTL-STL,32,68,17,yes
1754963440025,1754963439,KXMLBGAME-25AUG11LADLAA-LAD,48,52,10,yes
1754963440425,1754963440,KXMLBGAME-25AUG11SDSF-SD,42,58,27,yes
1754963440815,1754963440,KXMLBGAME-25AUG11LADLAA-LAD,48,52,50,yes
1754963443435,1754963443,KXMLBGAME-25AUG11DETCWS-CWS,45,55,59,yes
1754963444777,1754963444,KXMLBGAME-25AUG11WSHKC-KC,90,10,14,no
1754963445945,1754963445,KXMLBGAME-25AUG11AZTEX-TEX,19,81,2,yes
1754963445945,1754963445,KXMLBGAME-25AUG11AZTEX-TEX,20,80,2,yes
1754963446610,1754963446,KXMLBGAME-25AUG11SDSF-SD,42,58,273,yes
1754963446610,1754963446,KXMLBGAME-25AUG11SDSF-SD,43,57,68,yes
1754963447005,1754963446,KXMLBGAME-25AUG11COLSTL-STL,31,69,1,yes
1754963447005,1754963446,KXMLBGAME-25AUG11COLSTL-STL,32,68,13,yes
1754963447485,1754963447,KXMLBGAME-25AUG11LADLAA-LAA,53,47,36,yes
1754963448396,1754963448,KXMLBGAME-25AUG11BOSHOU-BOS,11,89,200,no
1754963448497,1754963448,KXMLBGAME-25AUG11BOSHOU-HOU,90,10,50,yes
1754963448497,1754963448,KXMLBGAME-25AUG11BOSHOU-HOU,90,10,2000,yes
1754963448497,1754963448,KXMLBGAME-25AUG11BOSHOU-HOU,91,9,112,yes
1754963448517,1754963448,KXMLBGAME-25AUG11BOSHOU-BOS,10,90,190,no
1754963448517,1754963448,KXMLBGAME-25AUG11BOSHOU-BOS,10,90,14,no
1754963448805,1754963448,KXMLBGAME-25AUG11AZTEX-AZ,85,15,20,yes
1754963451352,1754963451,KXMLBGAME-25AUG11LADLAA-LAA,53,47,45,yes
1754963451660,1754963451,KXMLBGAME-25AUG11COLSTL-COL,68,32,232,no
1754963452160,1754963452,KXMLBGAME-25AUG11SDSF-SF,59,41,1,yes
1754963452160,1754963452,KXMLBGAME-25AUG11SDSF-SF,59,41,31,yes
1754963453973,1754963453,KXMLBGAME-25AUG11WSHKC-WSH,11,89,722,yes
1754963453973,1754963453,KXMLBGAME-25AUG11WSHKC-WSH,11,89,112,yes
1754963453973,1754963453,KXMLBGAME-25AUG11WSHKC-WSH,11,89,235,yes
1754963455163,1754963455,KXMLBGAME-25AUG11DETCWS-CWS,45,55,4,yes
1754963456267,1754963456,KXMLBGAME-25AUG11WSHKC-KC,92,8,10,yes
1754963456449,1754963456,KXMLBGAME-25AUG11LADLAA-LAA,53,47,94,yes
1754963456671,1754963456,KXMLBGAME-25AUG11BOSHOU-HOU,92,8,1,yes
1754963456671,1754963456,KXMLBGAME-25AUG11BOSHOU-HOU,92,8,100,yes
1754963456671,1754963456,KXMLBGAME-25AUG11BOSHOU-HOU,93,7,5,yes
1754963456671,1754963456,KXMLBGAME-25AUG11BOSHOU-HOU,95,5,3,yes
1754963456768,1754963456,KXMLBGAME-25AUG11DETCWS-CWS,44,56,113,yes
1754963457056,1754963456,KXMLBGAME-25AUG11WSHKC-WSH,8,92,152,no
1754963457178,1754963457,KXMLBGAME-25AUG11LADLAA-LAD,48,52,2,yes
1754963459259,1754963459,KXMLBGAME-25AUG11AZTEX-AZ,83,17,2,no
1754963459259,1754963459,KXMLBGAME-25AUG11AZTEX-AZ,82,18,300,no
1754963459259,1754963459,KXMLBGAME-25AUG11AZTEX-AZ,81,19,112,no
1754963459259,1754963459,KXMLBGAME-25AUG11AZTEX-AZ,80,20,119,no
1754963459797,1754963459,KXMLBGAME-25AUG11SDSF-SF,59,41,14,yes
1754963459797,1754963459,KXMLBGAME-25AUG11SDSF-SF,59,41,46,yes
1754963464792,1754963464,KXMLBGAME-25AUG11DETCWS-DET,59,41,85,yes
1754963464926,1754963464,KXMLBGAME-25AUG11AZTEX-TEX,18,82,2,yes
1754963464926,1754963464,KXMLBGAME-25AUG11AZTEX-TEX,18,82,3,yes
1754963465143,1754963465,KXMLBGAME-25AUG11WSHKC-WSH,8,92,7,no
1754963465444,1754963465,KXMLBGAME-25AUG11LADLAA-LAD,48,52,300,yes
1754963468145,1754963468,KXMLBGAME-25AUG11BOSHOU-BOS,12,88,31,yes
1754963469715,1754963469,KXMLBGAME-25AUG11BOSHOU-BOS,12,88,7,yes
1754963470816,1754963470,KXMLBGAME-25AUG11LADLAA-LAD,49,51,2,yes
1754963470816,1754963470,KXMLBGAME-25AUG11LADLAA-LAD,49,51,1500,yes
1754963470816,1754963470,KXMLBGAME-25AUG11LADLAA-LAD,49,51,300,yes
1754963470816,1754963470,KXMLBGAME-25AUG11LADLAA-LAD,49,51,168,yes
1754963471050,1754963470,KXMLBGAME-25AUG11LADLAA-LAD,49,51,23,yes
1754963473018,1754963472,KXMLBGAME-25AUG11LADLAA-LAD,48,52,388,no
1754963473575,1754963473,KXMLBGAME-25AUG11BOSHOU-BOS,7,93,20,no
1754963474335,1754963474,KXMLBGAME-25AUG11AZTEX-TEX,17,83,1,yes
1754963475706,1754963475,KXMLBGAME-25AUG11SDSF-SD,43,57,40,yes
1754963476005,1754963475,KXMLBGAME-25AUG11DETCWS-CWS,47,53,2,yes
1754963476935,1754963476,KXMLBGAME-25AUG11LADLAA-LAD,49,51,59,yes
1754963476935,1754963476,KXMLBGAME-25AUG11LADLAA-LAD,49,51,187,yes
1754963477056,1754963477,KXMLBGAME-25AUG11COLSTL-STL,34,66,2,yes
1754963477056,1754963477,KXMLBGAME-25AUG11COLSTL-STL,34,66,1,yes
1754963477056,1754963477,KXMLBGAME-25AUG11COLSTL-COL,64,36,2,no
1754963478395,1754963478,KXMLBGAME-25AUG11AZTEX-AZ,84,16,100,no
1754963478437,1754963478,KXMLBGAME-25AUG11DETCWS-DET,53,47,27,yes
1754963478446,1754963478,KXMLBGAME-25AUG11LADLAA-LAA,53,47,251,yes
1754963478446,1754963478,KXMLBGAME-25AUG11LADLAA-LAA,53,47,400,yes
1754963479116,1754963479,KXMLBGAME-25AUG11DETCWS-CWS,49,51,18,yes
1754963479585,1754963479,KXMLBGAME-25AUG11BOSHOU-HOU,92,8,110,no
1754963479685,1754963479,KXMLBGAME-25AUG11DETCWS-CWS,50,50,2,yes
1754963480617,1754963480,KXMLBGAME-25AUG11LADLAA-LAD,49,51,113,yes
1754963480617,1754963480,KXMLBGAME-25AUG11LADLAA-LAD,49,51,2,yes
1754963480617,1754963480,KXMLBGAME-25AUG11LADLAA-LAD,50,50,600,yes
1754963480617,1754963480,KXMLBGAME-25AUG11LADLAA-LAD,50,50,45,yes
1754963480617,1754963480,KXMLBGAME-25AUG11LADLAA-LAD,50,50,400,yes
1754963480617,1754963480,KXMLBGAME-25AUG11LADLAA-LAD,51,49,200,yes
1754963480617,1754963480,KXMLBGAME-25AUG11LADLAA-LAD,51,49,400,yes
1754963480617,1754963480,KXMLBGAME-25AUG11LADLAA-LAD,52,48,142,yes
1754963481554,1754963481,KXMLBGAME-25AUG11AZTEX-TEX,19,81,9,yes
1754963484155,1754963484,KXMLBGAME-25AUG11BOSHOU-BOS,8,92,58,yes
1754963484370,1754963484,KXMLBGAME-25AUG11LADLAA-LAA,54,46,112,yes
1754963485396,1754963485,KXMLBGAME-25AUG11LADLAA-LAD,48,52,3312,no
1754963485735,1754963485,KXMLBGAME-25AUG11WSHKC-KC,91,9,17,yes
1754963485885,1754963485,KXMLBGAME-25AUG11AZTEX-AZ,84,16,16,yes
1754963485918,1754963485,KXMLBGAME-25AUG11LADLAA-LAD,46,54,112,no
1754963487794,1754963487,KXMLBGAME-25AUG11DETCWS-CWS,51,49,23,yes
1754963488680,1754963488,KXMLBGAME-25AUG11COLSTL-STL,46,54,4,yes
1754963488799,1754963488,KXMLBGAME-25AUG11AZTEX-TEX,18,82,1,yes
1754963490176,1754963490,KXMLBGAME-25AUG11AZTEX-TEX,19,81,24,yes
1754963492295,1754963492,KXMLBGAME-25AUG11DETCWS-DET,50,50,18,yes
1754963492655,1754963492,KXMLBGAME-25AUG11AZTEX-AZ,84,16,53,yes
1754963492655,1754963492,KXMLBGAME-25AUG11AZTEX-AZ,84,16,12,yes
1754963494497,1754963494,KXMLBGAME-25AUG11WSHKC-WSH,11,89,1,yes
1754963498208,1754963498,KXMLBGAME-25AUG11BOSHOU-HOU,94,6,18,no
1754963498825,1754963498,KXMLBGAME-25AUG11AZTEX-TEX,18,82,32,yes
1754963499028,1754963498,KXMLBGAME-25AUG11COLSTL-COL,57,43,34,yes
1754963499266,1754963499,KXMLBGAME-25AUG11AZTEX-AZ,83,17,20,yes
1754963499547,1754963499,KXMLBGAME-25AUG11COLSTL-COL,54,46,1,no
1754963500004,1754963499,KXMLBGAME-25AUG11WSHKC-WSH,11,89,42,yes
1754963502146,1754963502,KXMLBGAME-25AUG11DETCWS-DET,51,49,201,yes
1754963502415,1754963502,KXMLBGAME-25AUG11BOSHOU-HOU,95,5,188,yes
1754963502707,1754963502,KXMLBGAME-25AUG11BOSHOU-BOS,8,92,58,yes
1754963503056,1754963503,KXMLBGAME-25AUG11LADLAA-LAD,45,55,89,yes
1754963503056,1754963503,KXMLBGAME-25AUG11LADLAA-LAD,46,54,218,yes
1754963503335,1754963503,KXMLBGAME-25AUG11BOSHOU-BOS,7,93,8,no
1754963503335,1754963503,KXMLBGAME-25AUG11BOSHOU-BOS,6,94,2,no
1754963503335,1754963503,KXMLBGAME-25AUG11BOSHOU-BOS,5,95,100,no
1754963503335,1754963503,KXMLBGAME-25AUG11BOSHOU-BOS,4,96,200,no
1754963503335,1754963503,KXMLBGAME-25AUG11BOSHOU-BOS,4,96,885,no
1754963505487,1754963505,KXMLBGAME-25AUG11AZTEX-TEX,17,83,1,yes
1754963505487,1754963505,KXMLBGAME-25AUG11AZTEX-TEX,18,82,268,yes
1754963505487,1754963505,KXMLBGAME-25AUG11AZTEX-TEX,18,82,1033,yes
1754963505487,1754963505,KXMLBGAME-25AUG11AZTEX-TEX,19,81,112,yes
1754963505487,1754963505,KXMLBGAME-25AUG11AZTEX-TEX,20,80,600,yes
1754963505487,1754963505,KXMLBGAME-25AUG11AZTEX-TEX,21,79,250,yes
1754963505487,1754963505,KXMLBGAME-25AUG11AZTEX-TEX,22,78,750,yes
1754963505487,1754963505,KXMLBGAME-25AUG11AZTEX-TEX,28,72,1270,yes
1754963506626,1754963506,KXMLBGAME-25AUG11DETCWS-CWS,50,50,2,yes
1754963506626,1754963506,KXMLBGAME-25AUG11DETCWS-CWS,50,50,8,yes
1754963508337,1754963508,KXMLBGAME-25AUG11DETCWS-CWS,49,51,91,yes
1754963509735,1754963509,KXMLBGAME-25AUG11AZTEX-AZ,84,16,77,yes
1754963510246,1754963510,KXMLBGAME-25AUG11DETCWS-CWS,50,50,9,yes
1754963513327,1754963513,KXMLBGAME-25AUG11LADLAA-LAA,54,46,67,no
1754963513327,1754963513,KXMLBGAME-25AUG11LADLAA-LAA,54,46,300,no
1754963513418,1754963513,KXMLBGAME-25AUG11LADLAA-LAD,46,54,67,yes
1754963515059,1754963515,KXMLBGAME-25AUG11COLSTL-COL,55,45,112,yes
1754963515059,1754963515,KXMLBGAME-25AUG11COLSTL-COL,56,44,195,yes
1754963515059,1754963515,KXMLBGAME-25AUG11COLSTL-COL,56,44,193,yes
1754963515585,1754963515,KXMLBGAME-25AUG11BOSHOU-HOU,94,6,49,yes
1754963516516,1754963516,KXMLBGAME-25AUG11LADLAA-LAD,47,53,20,yes
1754963517745,1754963517,KXMLBGAME-25AUG11WSHKC-WSH,11,89,207,yes
1754963517745,1754963517,KXMLBGAME-25AUG11WSHKC-WSH,11,89,220,yes
1754963517905,1754963517,KXMLBGAME-25AUG11BOSHOU-HOU,95,5,10,yes
1754963518155,1754963518,KXMLBGAME-25AUG11AZTEX-AZ,83,17,1,no
1754963518326,1754963518,KXMLBGAME-25AUG11BOSHOU-BOS,6,94,45,yes
1754963518326,1754963518,KXMLBGAME-25AUG11BOSHOU-BOS,6,94,111,yes
1754963521106,1754963521,KXMLBGAME-25AUG11LADLAA-LAD,47,53,14,yes
1754963521106,1754963521,KXMLBGAME-25AUG11LADLAA-LAD,47,53,26,yes
1754963521206,1754963521,KXMLBGAME-25AUG11DETCWS-DET,52,48,450,yes
1754963521265,1754963521,KXMLBGAME-25AUG11BOSHOU-BOS,5,95,2,no
1754963523796,1754963523,KXMLBGAME-25AUG11LADLAA-LAA,54,46,8,yes
1754963524396,1754963524,KXMLBGAME-25AUG11COLSTL-COL,55,45,3,yes
1754963524924,1754963524,KXMLBGAME-25AUG11LADLAA-LAD,47,53,205,yes
1754963525496,1754963525,KXMLBGAME-25AUG11LADLAA-LAD,47,53,10,yes
1754963525726,1754963525,KXMLBGAME-25AUG11DETCWS-CWS,40,60,2,no
1754963525787,1754963525,KXMLBGAME-25AUG11DETCWS-DET,66,34,40,yes
1754963525787,1754963525,KXMLBGAME-25AUG11DETCWS-DET,67,33,10,yes
1754963525825,1754963525,KXMLBGAME-25AUG11COLSTL-STL,47,53,10,yes
1754963525935,1754963525,KXMLBGAME-25AUG11TBATH-ATH,51,49,189,yes
1754963526384,1754963526,KXMLBGAME-25AUG11SDSF-SF,58,42,41,yes
1754963526954,1754963526,KXMLBGAME-25AUG11DETCWS-DET,70,30,4,yes
1754963526954,1754963526,KXMLBGAME-25AUG11DETCWS-DET,71,29,200,yes
1754963526954,1754963526,KXMLBGAME-25AUG11DETCWS-DET,72,28,200,yes
1754963527696,1754963527,KXMLBGAME-25AUG11LADLAA-LAD,47,53,15,yes
1754963527696,1754963527,KXMLBGAME-25AUG11LADLAA-LAD,47,53,9,yes
1754963527956,1754963527,KXMLBGAME-25AUG11DETCWS-DET,76,24,40,yes
1754963527956,1754963527,KXMLBGAME-25AUG11DETCWS-DET,76,24,200,yes
1754963527956,1754963527,KXMLBGAME-25AUG11DETCWS-DET,77,23,173,yes
1754963527956,1754963527,KXMLBGAME-25AUG11DETCWS-DET,77,23,200,yes
1754963527956,1754963527,KXMLBGAME-25AUG11DETCWS-DET,79,21,100,yes
1754963530347,1754963530,KXMLBGAME-25AUG11WSHKC-WSH,11,89,25,yes
1754963531724,1754963531,KXMLBGAME-25AUG11DETCWS-DET,88,12,22,yes
1754963532345,1754963532,KXMLBGAME-25AUG11DETCWS-DET,80,20,195,no
1754963533114,1754963533,KXMLBGAME-25AUG11BOSHOU-BOS,5,95,281,yes
1754963536678,1754963536,KXMLBGAME-25AUG11BOSHOU-BOS,4,96,91,no
1754963537206,1754963537,KXMLBGAME-25AUG11LADLAA-LAD,47,53,94,yes
1754963537326,1754963537,KXMLBGAME-25AUG11DETCWS-DET,80,20,85,no
1754963537484,1754963537,KXMLBGAME-25AUG11AZTEX-AZ,83,17,100,yes
1754963537824,1754963537,KXMLBGAME-25AUG11DETCWS-DET,80,20,36,no
1754963540227,1754963540,KXMLBGAME-25AUG11WSHKC-WSH,9,91,21,no
1754963540227,1754963540,KXMLBGAME-25AUG11BOSHOU-HOU,95,5,94,yes
1754963541196,1754963541,KXMLBGAME-25AUG11DETCWS-DET,80,20,10,no
1754963541334,1754963541,KXMLBGAME-25AUG11DETCWS-DET,80,20,50,no
1754963544357,1754963544,KXMLBGAME-25AUG11BOSHOU-HOU,95,5,2,yes
1754963545157,1754963545,KXMLBGAME-25AUG11DETCWS-DET,89,11,5,yes
1754963547868,1754963547,KXMLBGAME-25AUG11COLSTL-STL,46,54,7,yes
1754963547874,1754963547,KXMLBGAME-25AUG11DETCWS-DET,80,20,8,no
1754963554694,1754963554,KXMLBGAME-25AUG11LADLAA-LAD,47,53,110,yes
1754963557171,1754963557,KXMLBGAME-25AUG11WSHKC-WSH,11,89,92,yes
1754963557856,1754963557,KXMLBGAME-25AUG11LADLAA-LAD,47,53,59,yes
1754963558554,1754963558,KXMLBGAME-25AUG11AZTEX-AZ,88,12,1033,yes
1754963558554,1754963558,KXMLBGAME-25AUG11AZTEX-AZ,88,12,57,yes
1754963558554,1754963558,KXMLBGAME-25AUG11AZTEX-AZ,88,12,300,yes
1754963558554,1754963558,KXMLBGAME-25AUG11AZTEX-AZ,89,11,250,yes
1754963558554,1754963558,KXMLBGAME-25AUG11AZTEX-AZ,89,11,750,yes
1754963558554,1754963558,KXMLBGAME-25AUG11AZTEX-AZ,89,11,600,yes
1754963558554,1754963558,KXMLBGAME-25AUG11AZTEX-AZ,95,5,2167,yes
1754963559458,1754963559,KXMLBGAME-25AUG11COLSTL-COL,55,45,17,yes
1754963561051,1754963560,KXMLBGAME-25AUG11COLSTL-COL,55,45,95,yes
1754963561051,1754963560,KXMLBGAME-25AUG11COLSTL-COL,55,45,17,yes
1754963561183,1754963560,KXMLBGAME-25AUG11DETCWS-CWS,17,83,5,yes
1754963563266,1754963563,KXMLBGAME-25AUG11DETCWS-CWS,17,83,5,yes
1754963563266,1754963563,KXMLBGAME-25AUG11DETCWS-CWS,18,82,16,yes
1754963563568,1754963563,KXMLBGAME-25AUG11WSHKC-WSH,11,89,34,yes
1754963564449,1754963564,KXMLBGAME-25AUG11BOSHOU-HOU,94,6,10,yes
1754963566045,1754963566,KXMLBGAME-25AUG11DETCWS-DET,85,15,50,yes
1754963566706,1754963566,KXMLBGAME-25AUG11BOSHOU-HOU,95,5,703,yes
1754963566706,1754963566,KXMLBGAME-25AUG11BOSHOU-HOU,95,5,4,yes
1754963566845,1754963566,KXMLBGAME-25AUG11DETCWS-CWS,17,83,5,yes
1754963566956,1754963566,KXMLBGAME-25AUG11LADLAA-LAD,47,53,28,yes
1754963566956,1754963566,KXMLBGAME-25AUG11LADLAA-LAD,47,53,10,yes
1754963566956,1754963566,KXMLBGAME-25AUG11LADLAA-LAD,47,53,11,yes
1754963566956,1754963566,KXMLBGAME-25AUG11LADLAA-LAD,47,53,156,yes
1754963567729,1754963567,KXMLBGAME-25AUG11COLSTL-COL,58,42,83,yes
1754963568585,1754963568,KXMLBGAME-25AUG11AZTEX-AZ,88,12,40,yes
1754963568818,1754963568,KXMLBGAME-25AUG11BOSHOU-HOU,95,5,12,no
1754963571169,1754963571,KXMLBGAME-25AUG11DETCWS-DET,85,15,11,yes
1754963571226,1754963571,KXMLBGAME-25AUG11DETCWS-CWS,15,85,256,no
1754963572047,1754963572,KXMLBGAME-25AUG11DETCWS-DET,85,15,62,yes
1754963572547,1754963572,KXMLBGAME-25AUG11LADLAA-LAA,55,45,1500,yes
1754963572547,1754963572,KXMLBGAME-25AUG11LADLAA-LAA,55,45,718,yes
1754963573215,1754963573,KXMLBGAME-25AUG11LADLAA-LAA,55,45,82,yes
1754963573215,1754963573,KXMLBGAME-25AUG11LADLAA-LAA,55,45,342,yes
1754963573316,1754963573,KXMLBGAME-25AUG11LADLAA-LAD,46,54,1500,no
1754963573316,1754963573,KXMLBGAME-25AUG11DETCWS-DET,85,15,6,yes
1754963573619,1754963573,KXMLBGAME-25AUG11WSHKC-KC,91,9,36,yes
1754963573619,1754963573,KXMLBGAME-25AUG11WSHKC-KC,91,9,171,yes
1754963573619,1754963573,KXMLBGAME-25AUG11WSHKC-KC,91,9,300,yes
1754963573619,1754963573,KXMLBGAME-25AUG11WSHKC-KC,91,9,1131,yes
1754963574116,1754963574,KXMLBGAME-25AUG11LADLAA-LAD,46,54,500,no
1754963574116,1754963574,KXMLBGAME-25AUG11LADLAA-LAD,46,54,10,no
1754963575447,1754963575,KXMLBGAME-25AUG11DETCWS-DET,85,15,116,yes
1754963575696,1754963575,KXMLBGAME-25AUG11DETCWS-DET,83,17,1,no
1754963576490,1754963576,KXMLBGAME-25AUG11LADLAA-LAD,46,54,16,yes
1754963576490,1754963576,KXMLBGAME-25AUG11LADLAA-LAD,46,54,15,yes
1754963578117,1754963578,KXMLBGAME-25AUG11DETCWS-DET,84,16,300,yes
1754963578117,1754963578,KXMLBGAME-25AUG11DETCWS-DET,85,15,66,yes
1754963578117,1754963578,KXMLBGAME-25AUG11DETCWS-DET,85,15,337,yes
1754963578170,1754963578,KXMLBGAME-25AUG11WSHKC-WSH,11,89,8,yes
1754963578485,1754963578,KXMLBGAME-25AUG11COLSTL-COL,59,41,112,yes
1754963578486,1754963578,KXMLBGAME-25AUG11COLSTL-COL,60,40,299,yes
1754963580266,1754963580,KXMLBGAME-25AUG11DETCWS-DET,83,17,16,no
1754963584083,1754963584,KXMLBGAME-25AUG11LADLAA-LAD,46,54,12,yes
1754963584083,1754963584,KXMLBGAME-25AUG11LADLAA-LAD,46,54,720,yes
1754963584165,1754963584,KXMLBGAME-25AUG11TBATH-ATH,51,49,104,yes
1754963584552,1754963584,KXMLBGAME-25AUG11COLSTL-STL,44,56,218,yes
1754963585988,1754963585,KXMLBGAME-25AUG11DETCWS-CWS,17,83,4,yes
1754963591966,1754963591,KXMLBGAME-25AUG11DETCWS-DET,84,16,404,yes
1754963591966,1754963591,KXMLBGAME-25AUG11DETCWS-DET,85,15,332,yes
1754963593617,1754963593,KXMLBGAME-25AUG11COLSTL-STL,44,56,196,yes
1754963595216,1754963595,KXMLBGAME-25AUG11COLSTL-STL,44,56,104,yes
1754963595216,1754963595,KXMLBGAME-25AUG11COLSTL-STL,45,55,112,yes
1754963595788,1754963595,KXMLBGAME-25AUG11DETCWS-DET,85,15,3,yes
1754963595875,1754963595,KXMLBGAME-25AUG11COLSTL-COL,56,44,300,yes
1754963597490,1754963597,KXMLBGAME-25AUG11DETCWS-CWS,17,83,111,yes
1754963598656,1754963598,KXMLBGAME-25AUG11AZTEX-TEX,14,86,300,yes
1754963598656,1754963598,KXMLBGAME-25AUG11AZTEX-TEX,14,86,360,yes
1754963602787,1754963602,KXMLBGAME-25AUG11DETCWS-CWS,17,83,85,yes
1754963602787,1754963602,KXMLBGAME-25AUG11DETCWS-CWS,17,83,67,yes
1754963602787,1754963602,KXMLBGAME-25AUG11DETCWS-CWS,18,82,89,yes
1754963604335,1754963604,KXMLBGAME-25AUG11WSHKC-WSH,9,91,206,no
1754963605577,1754963605,KXMLBGAME-25AUG11DETCWS-DET,85,15,425,yes
1754963605577,1754963605,KXMLBGAME-25AUG11DETCWS-DET,85,15,273,yes
1754963608235,1754963608,KXMLBGAME-25AUG11WSHKC-KC,91,9,159,yes
1754963609346,1754963609,KXMLBGAME-25AUG11WSHKC-WSH,8,92,288,no
1754963609626,1754963609,KXMLBGAME-25AUG11COLSTL-STL,43,57,223,yes
1754963609907,1754963609,KXMLBGAME-25AUG11LADLAA-LAD,46,54,5,yes
1754963613485,1754963613,KXMLBGAME-25AUG11LADLAA-LAA,56,44,1500,yes
1754963613485,1754963613,KXMLBGAME-25AUG11LADLAA-LAA,57,43,112,yes
1754963613485,1754963613,KXMLBGAME-25AUG11LADLAA-LAA,57,43,200,yes
1754963613485,1754963613,KXMLBGAME-25AUG11LADLAA-LAA,57,43,400,yes
1754963613485,1754963613,KXMLBGAME-25AUG11LADLAA-LAA,57,43,300,yes
1754963613854,1754963613,KXMLBGAME-25AUG11COLSTL-COL,58,42,95,yes
1754963613855,1754963613,KXMLBGAME-25AUG11COLSTL-COL,58,42,72,yes
1754963615415,1754963615,KXMLBGAME-25AUG11TBATH-TB,50,50,388,yes
1754963615486,1754963615,KXMLBGAME-25AUG11LADLAA-LAD,45,55,200,no
1754963616975,1754963616,KXMLBGAME-25AUG11DETCWS-DET,85,15,55,yes
1754963617007,1754963616,KXMLBGAME-25AUG11SDSF-SD,47,53,10,yes
1754963617180,1754963617,KXMLBGAME-25AUG11DETCWS-CWS,15,85,8,yes
1754963617356,1754963617,KXMLBGAME-25AUG11SDSF-SD,47,53,16,yes
1754963617516,1754963617,KXMLBGAME-25AUG11BOSHOU-HOU,95,5,105,no
1754963617516,1754963617,KXMLBGAME-25AUG11BOSHOU-HOU,94,6,422,no
1754963620249,1754963620,KXMLBGAME-25AUG11AZTEX-AZ,87,13,150,no
1754963620249,1754963620,KXMLBGAME-25AUG11AZTEX-AZ,87,13,136,no
1754963621218,1754963621,KXMLBGAME-25AUG11LADLAA-LAA,59,41,35,yes
1754963621297,1754963621,KXMLBGAME-25AUG11SDSF-SF,55,45,45,yes
1754963622335,1754963622,KXMLBGAME-25AUG11WSHKC-KC,91,9,91,yes
1754963623396,1754963623,KXMLBGAME-25AUG11DETCWS-DET,86,14,23,yes
1754963623445,1754963623,KXMLBGAME-25AUG11DETCWS-CWS,17,83,25,yes
1754963623647,1754963623,KXMLBGAME-25AUG11BOSHOU-HOU,94,6,78,no
1754963623647,1754963623,KXMLBGAME-25AUG11BOSHOU-HOU,94,6,53,no
1754963624604,1754963624,KXMLBGAME-25AUG11LADLAA-LAD,43,57,20,yes
1754963625046,1754963625,KXMLBGAME-25AUG11WSHKC-WSH,8,92,300,no
1754963625515,1754963625,KXMLBGAME-25AUG11DETCWS-CWS,15,85,23,no
1754963627096,1754963627,KXMLBGAME-25AUG11PITMIL-MIL,99,1,21,no
1754963627532,1754963627,KXMLBGAME-25AUG11COLSTL-STL,69,31,1,yes
1754963627533,1754963627,KXMLBGAME-25AUG11COLSTL-STL,70,30,35,yes
1754963627533,1754963627,KXMLBGAME-25AUG11COLSTL-STL,70,30,99,yes
1754963627946,1754963627,KXMLBGAME-25AUG11SDSF-SF,55,45,67,yes
1754963627946,1754963627,KXMLBGAME-25AUG11SDSF-SF,55,45,22,yes
1754963627946,1754963627,KXMLBGAME-25AUG11SDSF-SF,55,45,45,yes
1754963627946,1754963627,KXMLBGAME-25AUG11SDSF-SF,55,45,165,yes
1754963631976,1754963631,KXMLBGAME-25AUG11LADLAA-LAD,42,58,9,yes
1754963632758,1754963632,KXMLBGAME-25AUG11DETCWS-CWS,17,83,10,yes
1754963633466,1754963633,KXMLBGAME-25AUG11DETCWS-DET,85,15,238,no
1754963633495,1754963633,KXMLBGAME-25AUG11LADLAA-LAA,60,40,81,yes
1754963634407,1754963634,KXMLBGAME-25AUG11COLSTL-STL,86,14,108,yes
1754963634407,1754963634,KXMLBGAME-25AUG11COLSTL-STL,87,13,100,yes
1754963634407,1754963634,KXMLBGAME-25AUG11COLSTL-STL,88,12,333,yes
1754963634407,1754963634,KXMLBGAME-25AUG11COLSTL-STL,89,11,100,yes
1754963634446,1754963634,KXMLBGAME-25AUG11COLSTL-COL,22,78,10,no
1754963634446,1754963634,KXMLBGAME-25AUG11COLSTL-COL,21,79,98,no
1754963634447,1754963634,KXMLBGAME-25AUG11COLSTL-STL,89,11,10,no
1754963634576,1754963634,KXMLBGAME-25AUG11DETCWS-CWS,15,85,32,no
1754963634835,1754963634,KXMLBGAME-25AUG11COLSTL-STL,90,10,200,yes
1754963634959,1754963634,KXMLBGAME-25AUG11LADLAA-LAD,42,58,191,yes
1754963634959,1754963634,KXMLBGAME-25AUG11LADLAA-LAD,42,58,109,yes
1754963635350,1754963635,KXMLBGAME-25AUG11COLSTL-COL,21,79,2,no
1754963635350,1754963635,KXMLBGAME-25AUG11COLSTL-COL,19,81,8,no
1754963635350,1754963635,KXMLBGAME-25AUG11COLSTL-COL,19,81,2,no
1754963635366,1754963635,KXMLBGAME-25AUG11COLSTL-COL,14,86,10,no
1754963635386,1754963635,KXMLBGAME-25AUG11COLSTL-COL,11,89,28,no
1754963635406,1754963635,KXMLBGAME-25AUG11COLSTL-STL,90,10,50,no
1754963635805,1754963635,KXMLBGAME-25AUG11COLSTL-COL,7,93,2,no
1754963636895,1754963636,KXMLBGAME-25AUG11WSHKC-KC,91,9,12,yes
1754963637829,1754963637,KXMLBGAME-25AUG11LADLAA-LAD,42,58,25,yes
1754963638096,1754963638,KXMLBGAME-25AUG11BOSHOU-HOU,95,5,25,yes
1754963638096,1754963638,KXMLBGAME-25AUG11BOSHOU-HOU,95,5,55,yes
1754963638156,1754963638,KXMLBGAME-25AUG11AZTEX-TEX,13,87,38,yes
1754963641036,1754963641,KXMLBGAME-25AUG11LADLAA-LAD,42,58,66,yes
1754963641036,1754963641,KXMLBGAME-25AUG11LADLAA-LAD,43,57,17,yes
1754963641037,1754963641,KXMLBGAME-25AUG11LADLAA-LAD,43,57,30,yes
1754963642605,1754963642,KXMLBGAME-25AUG11LADLAA-LAD,43,57,105,yes
1754963642816,1754963642,KXMLBGAME-25AUG11COLSTL-STL,90,10,7,no
1754963642847,1754963642,KXMLBGAME-25AUG11COLSTL-STL,90,10,12,no
1754963645519,1754963645,KXMLBGAME-25AUG11LADLAA-LAD,43,57,165,yes
1754963645519,1754963645,KXMLBGAME-25AUG11LADLAA-LAD,43,57,15,yes
1754963645519,1754963645,KXMLBGAME-25AUG11LADLAA-LAD,43,57,400,yes
1754963645519,1754963645,KXMLBGAME-25AUG11LADLAA-LAD,43,57,200,yes
1754963645519,1754963645,KXMLBGAME-25AUG11LADLAA-LAD,43,57,96,yes
1754963646450,1754963646,KXMLBGAME-25AUG11COLSTL-STL,90,10,28,no
1754963646586,1754963646,KXMLBGAME-25AUG11SDSF-SF,54,46,350,no
1754963646767,1754963646,KXMLBGAME-25AUG11WSHKC-WSH,8,92,1700,yes
1754963647215,1754963647,KXMLBGAME-25AUG11WSHKC-KC,90,10,379,no
1754963648419,1754963648,KXMLBGAME-25AUG11WSHKC-KC,90,10,556,no
1754963648506,1754963648,KXMLBGAME-25AUG11WSHKC-KC,90,10,51,no
1754963648506,1754963648,KXMLBGAME-25AUG11WSHKC-WSH,12,88,300,yes
1754963648579,1754963648,KXMLBGAME-25AUG11WSHKC-WSH,13,87,2,yes
1754963648579,1754963648,KXMLBGAME-25AUG11WSHKC-WSH,13,87,200,yes
1754963648579,1754963648,KXMLBGAME-25AUG11WSHKC-WSH,13,87,364,yes
1754963648780,1754963648,KXMLBGAME-25AUG11WSHKC-WSH,13,87,600,yes
1754963649106,1754963649,KXMLBGAME-25AUG11LADLAA-LAD,43,57,1,yes
1754963650529,1754963650,KXMLBGAME-25AUG11DETCWS-DET,84,16,300,yes
1754963650529,1754963650,KXMLBGAME-25AUG11DETCWS-DET,85,15,112,yes
1754963650529,1754963650,KXMLBGAME-25AUG11DETCWS-DET,86,14,200,yes
1754963650529,1754963650,KXMLBGAME-25AUG11DETCWS-DET,86,14,210,yes
1754963651317,1754963651,KXMLBGAME-25AUG11SDSF-SF,54,46,57,yes
1754963651739,1754963651,KXMLBGAME-25AUG11COLSTL-STL,90,10,38,no
1754963651915,1754963651,KXMLBGAME-25AUG11BOSHOU-BOS,5,95,100,yes
1754963655130,1754963655,KXMLBGAME-25AUG11COLSTL-COL,10,90,100,yes
1754963656338,1754963656,KXMLBGAME-25AUG11LADLAA-LAD,49,51,98,yes
1754963659258,1754963659,KXMLBGAME-25AUG11COLSTL-STL,90,10,26,no
1754963660261,1754963660,KXMLBGAME-25AUG11SDSF-SD,48,52,100,yes
1754963660616,1754963660,KXMLBGAME-25AUG11DETCWS-DET,85,15,1,yes
1754963661245,1754963661,KXMLBGAME-25AUG11LADLAA-LAD,41,59,125,no
1754963661565,1754963661,KXMLBGAME-25AUG11DETCWS-DET,81,19,27,no
1754963662300,1754963662,KXMLBGAME-25AUG11LADLAA-LAA,65,35,50,yes
1754963662300,1754963662,KXMLBGAME-25AUG11LADLAA-LAA,67,33,200,yes
1754963662300,1754963662,KXMLBGAME-25AUG11LADLAA-LAA,67,33,1,yes
1754963662300,1754963662,KXMLBGAME-25AUG11LADLAA-LAA,69,31,60,yes
1754963662340,1754963662,KXMLBGAME-25AUG11LADLAA-LAD,39,61,10,no
1754963662349,1754963662,KXMLBGAME-25AUG11LADLAA-LAA,69,31,10,no
1754963662385,1754963662,KXMLBGAME-25AUG11LADLAA-LAA,69,31,10,no
1754963662406,1754963662,KXMLBGAME-25AUG11LADLAA-LAD,35,65,10,no
1754963663585,1754963663,KXMLBGAME-25AUG11COLSTL-STL,91,9,32,no
1754963663645,1754963663,KXMLBGAME-25AUG11DETCWS-DET,84,16,50,yes
1754963664070,1754963663,KXMLBGAME-25AUG11LADLAA-LAD,39,61,10,yes
1754963664770,1754963664,KXMLBGAME-25AUG11SDSF-SF,54,46,1,yes
1754963666860,1754963666,KXMLBGAME-25AUG11COLSTL-STL,91,9,8,no
1754963667460,1754963667,KXMLBGAME-25AUG11WSHKC-WSH,13,87,6,no
1754963668069,1754963667,KXMLBGAME-25AUG11DETCWS-CWS,15,85,7,no
1754963668449,1754963668,KXMLBGAME-25AUG11WSHKC-WSH,14,86,1336,yes
1754963668576,1754963668,KXMLBGAME-25AUG11BOSHOU-BOS,5,95,200,yes
1754963669169,1754963669,KXMLBGAME-25AUG11LADLAA-LAD,31,69,30,yes
1754963669860,1754963669,KXMLBGAME-25AUG11WSHKC-WSH,14,86,164,no
1754963669860,1754963669,KXMLBGAME-25AUG11LADLAA-LAD,31,69,5,yes
1754963671959,1754963671,KXMLBGAME-25AUG11LADLAA-LAA,69,31,50,no
1754963673172,1754963673,KXMLBGAME-25AUG11LADLAA-LAD,31,69,15,yes
1754963673325,1754963673,KXMLBGAME-25AUG11COLSTL-COL,8,92,5,yes
1754963673853,1754963673,KXMLBGAME-25AUG11TBATH-TB,50,50,96,yes
1754963673885,1754963673,KXMLBGAME-25AUG11LADLAA-LAD,31,69,46,yes
1754963674125,1754963674,KXMLBGAME-25AUG11COLSTL-STL,91,9,28,no
1754963675576,1754963675,KXMLBGAME-25AUG11LADLAA-LAD,31,69,204,yes
1754963675576,1754963675,KXMLBGAME-25AUG11LADLAA-LAD,32,68,100,yes
1754963676639,1754963676,KXMLBGAME-25AUG11SDSF-SD,48,52,150,yes
1754963676639,1754963676,KXMLBGAME-25AUG11SDSF-SD,49,51,112,yes
1754963676639,1754963676,KXMLBGAME-25AUG11SDSF-SD,49,51,300,yes
1754963676639,1754963676,KXMLBGAME-25AUG11SDSF-SD,49,51,750,yes
1754963676639,1754963676,KXMLBGAME-25AUG11SDSF-SD,49,51,200,yes
1754963676639,1754963676,KXMLBGAME-25AUG11SDSF-SD,49,51,400,yes
1754963676639,1754963676,KXMLBGAME-25AUG11SDSF-SD,50,50,100,yes
1754963676639,1754963676,KXMLBGAME-25AUG11SDSF-SD,50,50,1500,yes
1754963676639,1754963676,KXMLBGAME-25AUG11SDSF-SD,50,50,200,yes
1754963676639,1754963676,KXMLBGAME-25AUG11SDSF-SD,50,50,385,yes
1754963678088,1754963678,KXMLBGAME-25AUG11COLSTL-COL,7,93,98,no
1754963678328,1754963678,KXMLBGAME-25AUG11WSHKC-WSH,15,85,85,yes
1754963679087,1754963679,KXMLBGAME-25AUG11LADLAA-LAD,31,69,3,yes
1754963679994,1754963679,KXMLBGAME-25AUG11SDSF-SF,53,47,36,yes
1754963680175,1754963680,KXMLBGAME-25AUG11DETCWS-DET,84,16,58,yes
1754963680755,1754963680,KXMLBGAME-25AUG11DETCWS-CWS,17,83,27,yes
1754963681216,1754963681,KXMLBGAME-25AUG11LADLAA-LAD,31,69,15,yes
1754963681336,1754963681,KXMLBGAME-25AUG11LADLAA-LAD,31,69,30,yes
1754963682917,1754963682,KXMLBGAME-25AUG11LADLAA-LAD,31,69,252,yes
1754963682917,1754963682,KXMLBGAME-25AUG11LADLAA-LAD,32,68,150,yes
1754963682917,1754963682,KXMLBGAME-25AUG11LADLAA-LAD,32,68,202,yes
1754963683937,1754963683,KXMLBGAME-25AUG11COLSTL-STL,93,7,89,no
1754963684616,1754963684,KXMLBGAME-25AUG11WSHKC-KC,84,16,29,yes
1754963686646,1754963686,KXMLBGAME-25AUG11PITMIL-MIL,99,1,470,no
1754963686646,1754963686,KXMLBGAME-25AUG11PITMIL-MIL,99,1,1343,no
1754963686777,1754963686,KXMLBGAME-25AUG11LADLAA-LAA,71,29,20,yes
1754963688705,1754963688,KXMLBGAME-25AUG11COLSTL-STL,93,7,5,no
1754963689767,1754963689,KXMLBGAME-25AUG11LADLAA-LAD,31,69,6,yes
1754963690295,1754963690,KXMLBGAME-25AUG11COLSTL-STL,93,7,295,no
1754963690295,1754963690,KXMLBGAME-25AUG11COLSTL-STL,93,7,42,no
1754963690295,1754963690,KXMLBGAME-25AUG11COLSTL-STL,91,9,63,no
1754963691657,1754963691,KXMLBGAME-25AUG11LADLAA-LAD,31,69,16,yes
1754963692856,1754963692,KXMLBGAME-25AUG11LADLAA-LAD,31,69,8,yes
1754963692856,1754963692,KXMLBGAME-25AUG11LADLAA-LAD,31,69,12,yes
1754963692856,1754963692,KXMLBGAME-25AUG11LADLAA-LAD,32,68,10,yes
1754963693082,1754963693,KXMLBGAME-25AUG11AZTEX-TEX,15,85,112,yes
1754963693082,1754963693,KXMLBGAME-25AUG11AZTEX-TEX,15,85,300,yes
1754963693082,1754963693,KXMLBGAME-25AUG11AZTEX-TEX,16,84,203,yes
1754963693186,1754963693,KXMLBGAME-25AUG11LADLAA-LAA,71,29,180,yes
1754963693186,1754963693,KXMLBGAME-25AUG11LADLAA-LAA,71,29,165,yes
1754963695296,1754963695,KXMLBGAME-25AUG11LADLAA-LAD,31,69,15,yes
1754963695296,1754963695,KXMLBGAME-25AUG11LADLAA-LAD,32,68,50,yes
1754963695485,1754963695,KXMLBGAME-25AUG11LADLAA-LAD,31,69,11,yes
1754963695485,1754963695,KXMLBGAME-25AUG11LADLAA-LAD,32,68,19,yes
1754963695527,1754963695,KXMLBGAME-25AUG11COLSTL-COL,7,93,67,yes
1754963699116,1754963699,KXMLBGAME-25AUG11WSHKC-WSH,16,84,88,yes
1754963699126,1754963699,KXMLBGAME-25AUG11AZTEX-TEX,15,85,50,yes
1754963699358,1754963699,KXMLBGAME-25AUG11BOSHOU-HOU,96,4,200,yes
1754963699358,1754963699,KXMLBGAME-25AUG11BOSHOU-HOU,96,4,1344,yes
1754963699358,1754963699,KXMLBGAME-25AUG11BOSHOU-HOU,96,4,112,yes
1754963699358,1754963699,KXMLBGAME-25AUG11BOSHOU-HOU,96,4,206,yes
1754963700565,1754963700,KXMLBGAME-25AUG11LADLAA-LAA,69,31,9,no
1754963700565,1754963700,KXMLBGAME-25AUG11LADLAA-LAA,68,32,3,no
1754963700836,1754963700,KXMLBGAME-25AUG11COLSTL-STL,93,7,135,no
1754963700925,1754963700,KXMLBGAME-25AUG11AZTEX-TEX,12,88,18,no
1754963702505,1754963702,KXMLBGAME-25AUG11LADLAA-LAD,31,69,6,yes
1754963702505,1754963702,KXMLBGAME-25AUG11LADLAA-LAD,32,68,38,yes
1754963702977,1754963702,KXMLBGAME-25AUG11COLSTL-COL,6,94,5,yes
1754963703715,1754963703,KXMLBGAME-25AUG11WSHKC-WSH,15,85,116,no
1754963703988,1754963703,KXMLBGAME-25AUG11DETCWS-DET,82,18,18,no
1754963705104,1754963705,KXMLBGAME-25AUG11TBATH-TB,50,50,19,yes
1754963705205,1754963705,KXMLBGAME-25AUG11LADLAA-LAD,31,69,5,yes
1754963705205,1754963705,KXMLBGAME-25AUG11LADLAA-LAD,32,68,19,yes
1754963706765,1754963706,KXMLBGAME-25AUG11SDSF-SD,49,51,87,yes
1754963706765,1754963706,KXMLBGAME-25AUG11SDSF-SD,49,51,300,yes
1754963706765,1754963706,KXMLBGAME-25AUG11SDSF-SD,50,50,586,yes
1754963706937,1754963706,KXMLBGAME-25AUG11WSHKC-WSH,15,85,184,no
1754963708416,1754963708,KXMLBGAME-25AUG11BOSHOU-HOU,96,4,51,yes
1754963709086,1754963709,KXMLBGAME-25AUG11LADLAA-LAA,69,31,4,no
1754963709086,1754963709,KXMLBGAME-25AUG11LADLAA-LAA,69,31,32,no
1754963709456,1754963709,KXMLBGAME-25AUG11DETCWS-DET,84,16,125,yes
1754963710073,1754963710,KXMLBGAME-25AUG11DETCWS-DET,84,16,20,yes
1754963712726,1754963712,KXMLBGAME-25AUG11DETCWS-DET,82,18,82,no
1754963713472,1754963713,KXMLBGAME-25AUG11COLSTL-STL,94,6,300,no
1754963713472,1754963713,KXMLBGAME-25AUG11COLSTL-STL,93,7,31,no
1754963713472,1754963713,KXMLBGAME-25AUG11COLSTL-STL,91,9,203,no
1754963715118,1754963715,KXMLBGAME-25AUG11DETCWS-CWS,15,85,108,no
1754963716096,1754963716,KXMLBGAME-25AUG11WSHKC-WSH,5,95,2,no
1754963716096,1754963716,KXMLBGAME-25AUG11WSHKC-WSH,5,95,10,no
1754963716379,1754963716,KXMLBGAME-25AUG11COLSTL-STL,92,8,23,no
1754963716379,1754963716,KXMLBGAME-25AUG11COLSTL-STL,91,9,16,no
1754963717074,1754963716,KXMLBGAME-25AUG11LADLAA-LAD,29,71,5,no
1754963719086,1754963719,KXMLBGAME-25AUG11LADLAA-LAD,31,69,153,yes
1754963719906,1754963719,KXMLBGAME-25AUG11COLSTL-STL,92,8,14,no
1754963720929,1754963720,KXMLBGAME-25AUG11BOSHOU-HOU,95,5,123,no
1754963721844,1754963721,KXMLBGAME-25AUG11COLSTL-COL,6,94,200,no
1754963721997,1754963721,KXMLBGAME-25AUG11LADLAA-LAD,32,68,298,yes
1754963723395,1754963723,KXMLBGAME-25AUG11COLSTL-COL,6,94,78,yes
1754963723436,1754963723,KXMLBGAME-25AUG11SDSF-SF,53,47,91,yes
1754963723646,1754963723,KXMLBGAME-25AUG11COLSTL-STL,92,8,4,no
1754963723646,1754963723,KXMLBGAME-25AUG11COLSTL-STL,92,8,10,no
1754963723646,1754963723,KXMLBGAME-25AUG11COLSTL-STL,91,9,9,no
1754963725276,1754963725,KXMLBGAME-25AUG11SDSF-SD,49,51,300,yes
1754963725656,1754963725,KXMLBGAME-25AUG11COLSTL-STL,92,8,11,no
1754963725656,1754963725,KXMLBGAME-25AUG11COLSTL-STL,91,9,275,no
1754963725656,1754963725,KXMLBGAME-25AUG11COLSTL-STL,91,9,518,no
1754963727650,1754963727,KXMLBGAME-25AUG11SDSF-SD,50,50,65,yes
1754963727650,1754963727,KXMLBGAME-25AUG11SDSF-SD,50,50,1867,yes
1754963727887,1754963727,KXMLBGAME-25AUG11AZTEX-TEX,37,63,5,yes
1754963728647,1754963728,KXMLBGAME-25AUG11COLSTL-COL,6,94,156,yes
1754963729836,1754963729,KXMLBGAME-25AUG11DETCWS-DET,83,17,50,yes
1754963729837,1754963729,KXMLBGAME-25AUG11DETCWS-DET,83,17,69,yes
1754963729915,1754963729,KXMLBGAME-25AUG11LADLAA-LAA,70,30,1,yes
1754963730800,1754963730,KXMLBGAME-25AUG11LADLAA-LAD,31,69,30,no
1754963730800,1754963730,KXMLBGAME-25AUG11LADLAA-LAD,30,70,1066,no
1754963731055,1754963731,KXMLBGAME-25AUG11WSHKC-KC,90,10,9,yes
1754963731187,1754963731,KXMLBGAME-25AUG11LADLAA-LAD,32,68,298,yes
1754963733542,1754963733,KXMLBGAME-25AUG11COLSTL-STL,92,8,8,no
1754963733542,1754963733,KXMLBGAME-25AUG11COLSTL-STL,91,9,30,no
1754963734056,1754963734,KXMLBGAME-25AUG11WSHKC-WSH,12,88,7,yes
1754963735526,1754963735,KXMLBGAME-25AUG11BOSHOU-BOS,4,96,234,yes
1754963736256,1754963736,KXMLBGAME-25AUG11DETCWS-DET,84,16,110,yes
1754963736715,1754963736,KXMLBGAME-25AUG11AZTEX-TEX,37,63,243,yes
1754963737775,1754963737,KXMLBGAME-25AUG11COLSTL-COL,6,94,15,yes
1754963738566,1754963738,KXMLBGAME-25AUG11COLSTL-COL,5,95,5,no
1754963738715,1754963738,KXMLBGAME-25AUG11SDSF-SD,50,50,300,yes
1754963738715,1754963738,KXMLBGAME-25AUG11SDSF-SD,50,50,49,yes
1754963738715,1754963738,KXMLBGAME-25AUG11SDSF-SD,50,50,2835,yes
1754963738857,1754963738,KXMLBGAME-25AUG11LADLAA-LAA,70,30,359,yes
1754963738857,1754963738,KXMLBGAME-25AUG11LADLAA-LAA,70,30,112,yes
1754963738857,1754963738,KXMLBGAME-25AUG11LADLAA-LAA,71,29,250,yes
1754963738857,1754963738,KXMLBGAME-25AUG11LADLAA-LAA,71,29,300,yes
1754963738857,1754963738,KXMLBGAME-25AUG11LADLAA-LAA,72,28,11,yes
1754963738857,1754963738,KXMLBGAME-25AUG11LADLAA-LAA,72,28,400,yes
1754963738857,1754963738,KXMLBGAME-25AUG11LADLAA-LAA,72,28,1,yes
1754963738857,1754963738,KXMLBGAME-25AUG11LADLAA-LAA,72,28,200,yes
1754963738857,1754963738,KXMLBGAME-25AUG11LADLAA-LAA,72,28,750,yes
1754963738857,1754963738,KXMLBGAME-25AUG11LADLAA-LAA,72,28,361,yes
1754963739006,1754963738,KXMLBGAME-25AUG11SDSF-SD,50,50,12,no
1754963740946,1754963740,KXMLBGAME-25AUG11COLSTL-STL,87,13,6,no
1754963740946,1754963740,KXMLBGAME-25AUG11COLSTL-STL,86,14,14,no
1754963741215,1754963741,KXMLBGAME-25AUG11COLSTL-COL,7,93,4,yes
1754963741215,1754963741,KXMLBGAME-25AUG11COLSTL-COL,8,92,48,yes
1754963742249,1754963742,KXMLBGAME-25AUG11LADLAA-LAD,31,69,29,yes
1754963742957,1754963742,KXMLBGAME-25AUG11COLSTL-COL,5,95,1,no
1754963743136,1754963743,KXMLBGAME-25AUG11WSHKC-WSH,12,88,78,yes
1754963743254,1754963743,KXMLBGAME-25AUG11AZTEX-TEX,37,63,51,yes
1754963743816,1754963743,KXMLBGAME-25AUG11AZTEX-TEX,37,63,25,yes
1754963744047,1754963744,KXMLBGAME-25AUG11WSHKC-WSH,10,90,34,no
1754963744236,1754963744,KXMLBGAME-25AUG11BOSHOU-HOU,97,3,8,yes
1754963745457,1754963745,KXMLBGAME-25AUG11SDSF-SD,51,49,57,yes
1754963746262,1754963746,KXMLBGAME-25AUG11LADLAA-LAD,31,69,20,yes
1754963750228,1754963750,KXMLBGAME-25AUG11LADLAA-LAD,31,69,65,yes
1754963751636,1754963751,KXMLBGAME-25AUG11DETCWS-DET,81,19,69,no
1754963751636,1754963751,KXMLBGAME-25AUG11DETCWS-DET,80,20,250,no
1754963751636,1754963751,KXMLBGAME-25AUG11DETCWS-DET,80,20,300,no
1754963751636,1754963751,KXMLBGAME-25AUG11DETCWS-DET,79,21,443,no
1754963752668,1754963752,KXMLBGAME-25AUG11COLSTL-STL,92,8,3,no
1754963752668,1754963752,KXMLBGAME-25AUG11COLSTL-STL,91,9,18,no
1754963752690,1754963752,KXMLBGAME-25AUG11LADLAA-LAD,30,70,192,no
1754963753027,1754963752,KXMLBGAME-25AUG11LADLAA-LAD,31,69,15,yes
1754963753505,1754963753,KXMLBGAME-25AUG11SDSF-SF,52,48,2,no
1754963753966,1754963753,KXMLBGAME-25AUG11DETCWS-CWS,16,84,17,yes
1754963754676,1754963754,KXMLBGAME-25AUG11DETCWS-DET,84,16,117,yes
1754963755835,1754963755,KXMLBGAME-25AUG11DETCWS-CWS,16,84,29,yes
1754963755885,1754963755,KXMLBGAME-25AUG11LADLAA-LAA,70,30,279,yes
1754963755925,1754963755,KXMLBGAME-25AUG11SDSF-SD,50,50,40,no
1754963756051,1754963755,KXMLBGAME-25AUG11SDSF-SF,52,48,271,yes
1754963756051,1754963755,KXMLBGAME-25AUG11SDSF-SF,52,48,785,yes
1754963756051,1754963755,KXMLBGAME-25AUG11SDSF-SF,52,48,400,yes
1754963756051,1754963755,KXMLBGAME-25AUG11SDSF-SF,52,48,200,yes
1754963757005,1754963756,KXMLBGAME-25AUG11AZTEX-AZ,66,34,4,yes
1754963760086,1754963760,KXMLBGAME-25AUG11AZTEX-TEX,39,61,12,yes
1754963760315,1754963760,KXMLBGAME-25AUG11LADLAA-LAD,30,70,20,no
1754963760315,1754963760,KXMLBGAME-25AUG11LADLAA-LAD,30,70,58,no
1754963761297,1754963761,KXMLBGAME-25AUG11SDSF-SD,50,50,1500,no
1754963761436,1754963761,KXMLBGAME-25AUG11SDSF-SD,50,50,40,no
1754963763556,1754963763,KXMLBGAME-25AUG11AZTEX-AZ,66,34,53,yes
1754963763556,1754963763,KXMLBGAME-25AUG11AZTEX-AZ,66,34,97,yes
1754963764949,1754963764,KXMLBGAME-25AUG11SDSF-SD,50,50,12,no
1754963765545,1754963765,KXMLBGAME-25AUG11LADLAA-LAD,31,69,71,yes
1754963765545,1754963765,KXMLBGAME-25AUG11LADLAA-LAD,31,69,236,yes
1754963765755,1754963765,KXMLBGAME-25AUG11SDSF-SD,50,50,90,no
1754963766176,1754963766,KXMLBGAME-25AUG11LADLAA-LAD,31,69,7,yes
1754963767055,1754963767,KXMLBGAME-25AUG11LADLAA-LAD,31,69,61,yes
1754963767307,1754963767,KXMLBGAME-25AUG11COLSTL-COL,7,93,254,yes
1754963768036,1754963767,KXMLBGAME-25AUG11DETCWS-DET,85,15,64,yes
1754963768504,1754963768,KXMLBGAME-25AUG11AZTEX-AZ,65,35,42,yes
1754963768607,1754963768,KXMLBGAME-25AUG11AZTEX-TEX,36,64,32,no
1754963768607,1754963768,KXMLBGAME-25AUG11AZTEX-TEX,35,65,18,no
1754963768790,1754963768,KXMLBGAME-25AUG11LADLAA-LAD,31,69,30,yes
1754963769416,1754963769,KXMLBGAME-25AUG11BOSHOU-HOU,95,5,297,no
1754963769416,1754963769,KXMLBGAME-25AUG11BOSHOU-HOU,95,5,61,no
1754963769416,1754963769,KXMLBGAME-25AUG11BOSHOU-HOU,18,82,122,no
1754963770255,1754963770,KXMLBGAME-25AUG11DETCWS-DET,85,15,131,yes
1754963770538,1754963770,KXMLBGAME-25AUG11SDSF-SF,51,49,400,yes
1754963770538,1754963770,KXMLBGAME-25AUG11SDSF-SF,51,49,200,yes
1754963771646,1754963771,KXMLBGAME-25AUG11LADLAA-LAA,70,30,6,yes
1754963776860,1754963776,KXMLBGAME-25AUG11LADLAA-LAD,31,69,1,yes
1754963777661,1754963777,KXMLBGAME-25AUG11LADLAA-LAD,31,69,1,yes
1754963778659,1754963778,KXMLBGAME-25AUG11AZTEX-TEX,38,62,25,yes
1754963778869,1754963778,KXMLBGAME-25AUG11LADLAA-LAD,31,69,31,yes
1754963779869,1754963779,KXMLBGAME-25AUG11DETCWS-DET,85,15,3,yes
1754963780667,1754963780,KXMLBGAME-25AUG11SDSF-SD,51,49,37,yes
1754963780667,1754963780,KXMLBGAME-25AUG11SDSF-SD,51,49,300,yes
1754963780667,1754963780,KXMLBGAME-25AUG11SDSF-SD,51,49,600,yes
1754963780667,1754963780,KXMLBGAME-25AUG11SDSF-SD,51,49,700,yes
1754963781067,1754963780,KXMLBGAME-25AUG11LADLAA-LAD,31,69,6,yes
1754963781926,1754963781,KXMLBGAME-25AUG11DETCWS-CWS,15,85,9,no
1754963782256,1754963782,KXMLBGAME-25AUG11AZTEX-TEX,36,64,24,no
1754963782256,1754963782,KXMLBGAME-25AUG11AZTEX-TEX,35,65,12,no
1754963782885,1754963782,KXMLBGAME-25AUG11WSHKC-WSH,12,88,20,yes
1754963782885,1754963782,KXMLBGAME-25AUG11WSHKC-WSH,12,88,30,yes
1754963785379,1754963785,KXMLBGAME-25AUG11DETCWS-CWS,15,85,291,no
1754963785379,1754963785,KXMLBGAME-25AUG11DETCWS-CWS,14,86,24,no
1754963785878,1754963785,KXMLBGAME-25AUG11SDSF-SD,50,50,90,no
1754963786336,1754963786,KXMLBGAME-25AUG11DETCWS-DET,81,19,28,no
1754963787126,1754963787,KXMLBGAME-25AUG11BOSHOU-HOU,97,3,10,yes
1754963787785,1754963787,KXMLBGAME-25AUG11SDSF-SF,52,48,112,yes
1754963788005,1754963787,KXMLBGAME-25AUG11SDSF-SF,52,48,112,yes
1754963788095,1754963788,KXMLBGAME-25AUG11AZTEX-TEX,38,62,5,yes
1754963788135,1754963788,KXMLBGAME-25AUG11SDSF-SD,50,50,1732,no
1754963790895,1754963790,KXMLBGAME-25AUG11COLSTL-STL,92,8,3,no
1754963790895,1754963790,KXMLBGAME-25AUG11COLSTL-STL,92,8,5,no
1754963790985,1754963790,KXMLBGAME-25AUG11BOSHOU-HOU,97,3,90,yes
1754963790985,1754963790,KXMLBGAME-25AUG11BOSHOU-HOU,98,2,7,yes
1754963792575,1754963792,KXMLBGAME-25AUG11COLSTL-COL,7,93,50,yes
1754963793059,1754963793,KXMLBGAME-25AUG11SDSF-SD,47,53,92,yes
1754963794487,1754963794,KXMLBGAME-25AUG11DETCWS-DET,86,14,9,yes
1754963794815,1754963794,KXMLBGAME-25AUG11DETCWS-DET,86,14,29,yes
1754963797354,1754963797,KXMLBGAME-25AUG11DETCWS-DET,82,18,16,no
1754963798125,1754963798,KXMLBGAME-25AUG11LADLAA-LAD,31,69,1,yes
1754963799306,1754963799,KXMLBGAME-25AUG11LADLAA-LAA,70,30,294,yes
1754963799306,1754963799,KXMLBGAME-25AUG11LADLAA-LAA,71,29,112,yes
1754963799306,1754963799,KXMLBGAME-25AUG11LADLAA-LAA,71,29,23,yes
1754963799318,1754963799,KXMLBGAME-25AUG11TBATH-ATH,51,49,82,yes
1754963799796,1754963799,KXMLBGAME-25AUG11COLSTL-COL,6,94,14,yes
1754963799796,1754963799,KXMLBGAME-25AUG11COLSTL-COL,7,93,54,yes
1754963801664,1754963801,KXMLBGAME-25AUG11WSHKC-WSH,11,89,8,yes
1754963801987,1754963801,KXMLBGAME-25AUG11DETCWS-CWS,17,83,61,yes
1754963801987,1754963801,KXMLBGAME-25AUG11DETCWS-CWS,17,83,938,yes
1754963802086,1754963802,KXMLBGAME-25AUG11AZTEX-AZ,62,38,210,no
1754963802663,1754963802,KXMLBGAME-25AUG11LADLAA-LAD,31,69,26,yes
1754963802663,1754963802,KXMLBGAME-25AUG11LADLAA-LAD,32,68,273,yes
1754963803855,1754963803,KXMLBGAME-25AUG11LADLAA-LAA,69,31,12,no
1754963805855,1754963805,KXMLBGAME-25AUG11BOSHOU-BOS,4,96,100,yes
1754963806665,1754963806,KXMLBGAME-25AUG11COLSTL-STL,92,8,25,no
1754963809135,1754963809,KXMLBGAME-25AUG11DETCWS-CWS,16,84,59,yes
1754963809646,1754963809,KXMLBGAME-25AUG11LADLAA-LAD,31,69,9,yes
1754963810114,1754963810,KXMLBGAME-25AUG11WSHKC-KC,91,9,7,yes
1754963810945,1754963810,KXMLBGAME-25AUG11LADLAA-LAD,31,69,30,yes
1754963811135,1754963811,KXMLBGAME-25AUG11WSHKC-KC,91,9,109,yes
1754963811635,1754963811,KXMLBGAME-25AUG11AZTEX-TEX,39,61,27,yes
1754963812845,1754963812,KXMLBGAME-25AUG11TBATH-TB,50,50,133,yes
1754963813616,1754963813,KXMLBGAME-25AUG11BOSHOU-HOU,95,5,46,no
1754963813616,1754963813,KXMLBGAME-25AUG11BOSHOU-HOU,95,5,3,no
1754963815135,1754963815,KXMLBGAME-25AUG11DETCWS-DET,86,14,92,yes
1754963815196,1754963815,KXMLBGAME-25AUG11AZTEX-AZ,62,38,98,no
1754963817217,1754963817,KXMLBGAME-25AUG11SDSF-SF,54,46,1500,no
1754963820756,1754963820,KXMLBGAME-25AUG11WSHKC-WSH,11,89,128,yes
1754963822256,1754963822,KXMLBGAME-25AUG11LADLAA-LAD,29,71,1,no
1754963822256,1754963822,KXMLBGAME-25AUG11LADLAA-LAD,29,71,19,no
1754963822317,1754963822,KXMLBGAME-25AUG11DETCWS-DET,82,18,18,no
1754963822904,1754963822,KXMLBGAME-25AUG11LADLAA-LAA,69,31,11,no
1754963823208,1754963823,KXMLBGAME-25AUG11BOSHOU-BOS,4,96,66,yes
1754963823208,1754963823,KXMLBGAME-25AUG11BOSHOU-BOS,5,95,3,yes
1754963824095,1754963824,KXMLBGAME-25AUG11LADLAA-LAD,31,69,261,yes
1754963826726,1754963826,KXMLBGAME-25AUG11DETCWS-DET,86,14,2,yes
1754963827094,1754963827,KXMLBGAME-25AUG11LADLAA-LAD,31,69,300,yes
1754963828695,1754963828,KXMLBGAME-25AUG11LADLAA-LAD,33,67,70,no
1754963829645,1754963829,KXMLBGAME-25AUG11DETCWS-DET,86,14,160,yes
1754963830396,1754963830,KXMLBGAME-25AUG11WSHKC-KC,91,9,273,yes
1754963832706,1754963832,KXMLBGAME-25AUG11LADLAA-LAD,34,66,42,yes
1754963836855,1754963836,KXMLBGAME-25AUG11DETCWS-DET,86,14,57,yes
1754963836955,1754963836,KXMLBGAME-25AUG11LADLAA-LAD,34,66,21,yes
1754963836955,1754963836,KXMLBGAME-25AUG11LADLAA-LAD,34,66,32,yes
1754963836955,1754963836,KXMLBGAME-25AUG11LADLAA-LAD,35,65,30,yes
1754963836955,1754963836,KXMLBGAME-25AUG11LADLAA-LAD,35,65,191,yes
1754963837007,1754963836,KXMLBGAME-25AUG11TBATH-ATH,51,49,1895,yes
1754963837936,1754963837,KXMLBGAME-25AUG11COLSTL-STL,92,8,20,yes
1754963838770,1754963838,KXMLBGAME-25AUG11LADLAA-LAD,32,68,47,no
1754963840259,1754963840,KXMLBGAME-25AUG11DETCWS-DET,86,14,300,yes
1754963840259,1754963840,KXMLBGAME-25AUG11DETCWS-DET,87,13,59,yes
1754963840376,1754963840,KXMLBGAME-25AUG11LADLAA-LAA,68,32,51,yes
1754963843056,1754963843,KXMLBGAME-25AUG11LADLAA-LAD,35,65,27,yes
1754963843145,1754963843,KXMLBGAME-25AUG11AZTEX-TEX,38,62,7,yes
1754963844625,1754963844,KXMLBGAME-25AUG11LADLAA-LAD,34,66,2,yes
1754963846855,1754963846,KXMLBGAME-25AUG11DETCWS-CWS,13,87,600,no
1754963846855,1754963846,KXMLBGAME-25AUG11DETCWS-CWS,13,87,300,no
1754963846855,1754963846,KXMLBGAME-25AUG11DETCWS-CWS,12,88,872,no
1754963849685,1754963849,KXMLBGAME-25AUG11SDSF-SD,45,55,38,yes
1754963851086,1754963851,KXMLBGAME-25AUG11LADLAA-LAD,34,66,1,yes
1754963851167,1754963851,KXMLBGAME-25AUG11SDSF-SD,45,55,15,yes
1754963853126,1754963853,KXMLBGAME-25AUG11AZTEX-TEX,38,62,5,yes
1754963856735,1754963856,KXMLBGAME-25AUG11WSHKC-KC,90,10,11,no
1754963857037,1754963857,KXMLBGAME-25AUG11DETCWS-DET,86,14,10,no
1754963862646,1754963862,KXMLBGAME-25AUG11SDSF-SD,45,55,5,yes
1754963863107,1754963863,KXMLBGAME-25AUG11DETCWS-DET,86,14,9,yes
1754963863627,1754963863,KXMLBGAME-25AUG11LADLAA-LAA,63,37,1,no
1754963864954,1754963864,KXMLBGAME-25AUG11WSHKC-WSH,9,91,300,no
1754963865973,1754963865,KXMLBGAME-25AUG11LADLAA-LAA,67,33,124,yes
1754963870050,1754963869,KXMLBGAME-25AUG11COLSTL-STL,90,10,14,no
1754963870873,1754963870,KXMLBGAME-25AUG11WSHKC-WSH,8,92,112,no
1754963871552,1754963870,KXMLBGAME-25AUG11WSHKC-KC,91,9,218,yes
1754963871552,1754963870,KXMLBGAME-25AUG11WSHKC-KC,91,9,348,yes
1754963871659,1754963871,KXMLBGAME-25AUG11DETCWS-DET,86,14,118,yes
1754963872269,1754963872,KXMLBGAME-25AUG11TBATH-ATH,51,49,8,yes
1754963872571,1754963872,KXMLBGAME-25AUG11COLSTL-STL,90,10,69,no
1754963873476,1754963873,KXMLBGAME-25AUG11WSHKC-KC,91,9,566,yes
1754963873477,1754963873,KXMLBGAME-25AUG11BOSHOU-HOU,97,3,100,yes
1754963873477,1754963873,KXMLBGAME-25AUG11BOSHOU-HOU,98,2,2,yes
1754963873665,1754963873,KXMLBGAME-25AUG11WSHKC-KC,91,9,86,yes
1754963875155,1754963875,KXMLBGAME-25AUG11COLSTL-STL,90,10,182,no
1754963877061,1754963877,KXMLBGAME-25AUG11LADLAA-LAD,38,62,71,yes
1754963877896,1754963877,KXMLBGAME-25AUG11SDSF-SD,45,55,342,yes
1754963877896,1754963877,KXMLBGAME-25AUG11SDSF-SD,45,55,800,yes
1754963878274,1754963878,KXMLBGAME-25AUG11AZTEX-TEX,38,62,5,yes
1754963879365,1754963879,KXMLBGAME-25AUG11WSHKC-WSH,8,92,117,yes
1754963880636,1754963880,KXMLBGAME-25AUG11WSHKC-WSH,5,95,300,no
1754963880636,1754963880,KXMLBGAME-25AUG11WSHKC-WSH,5,95,112,no
1754963880905,1754963880,KXMLBGAME-25AUG11LADLAA-LAD,38,62,6,yes
1754963881309,1754963881,KXMLBGAME-25AUG11COLSTL-COL,9,91,11,no
1754963881779,1754963881,KXMLBGAME-25AUG11DETCWS-DET,86,14,14,yes
1754963882098,1754963882,KXMLBGAME-25AUG11COLSTL-COL,10,90,47,yes
1754963883969,1754963883,KXMLBGAME-25AUG11DETCWS-DET,86,14,61,yes
1754963884087,1754963884,KXMLBGAME-25AUG11DETCWS-DET,86,14,40,yes
1754963884174,1754963884,KXMLBGAME-25AUG11LADLAA-LAD,38,62,70,yes
1754963886863,1754963886,KXMLBGAME-25AUG11WSHKC-KC,92,8,69,yes
1754963887036,1754963886,KXMLBGAME-25AUG11WSHKC-KC,92,8,21,yes
1754963887996,1754963887,KXMLBGAME-25AUG11SDSF-SF,55,45,17,yes
1754963890050,1754963890,KXMLBGAME-25AUG11COLSTL-COL,9,91,101,no
1754963890050,1754963890,KXMLBGAME-25AUG11COLSTL-COL,9,91,11,no
1754963891994,1754963891,KXMLBGAME-25AUG11LADLAA-LAD,38,62,50,yes
1754963892297,1754963892,KXMLBGAME-25AUG11LADLAA-LAD,38,62,25,yes
1754963893044,1754963893,KXMLBGAME-25AUG11LADLAA-LAA,65,35,8,yes
1754963896056,1754963896,KXMLBGAME-25AUG11COLSTL-COL,9,91,104,yes
1754963896955,1754963896,KXMLBGAME-25AUG11WSHKC-WSH,5,95,187,yes
1754963898367,1754963898,KXMLBGAME-25AUG11WSHKC-WSH,5,95,566,yes
1754963898404,1754963898,KXMLBGAME-25AUG11COLSTL-COL,9,91,31,yes
1754963898948,1754963898,KXMLBGAME-25AUG11DETCWS-DET,83,17,200,no
1754963898948,1754963898,KXMLBGAME-25AUG11DETCWS-DET,83,17,28,no
1754963901354,1754963901,KXMLBGAME-25AUG11TBATH-ATH,51,49,56,yes
1754963903465,1754963903,KXMLBGAME-25AUG11LADLAA-LAD,38,62,75,yes
1754963905267,1754963905,KXMLBGAME-25AUG11WSHKC-WSH,5,95,18,yes
1754963906197,1754963906,KXMLBGAME-25AUG11AZTEX-AZ,64,36,18,yes
1754963907326,1754963907,KXMLBGAME-25AUG11SDSF-SD,48,52,100,yes
1754963913105,1754963913,KXMLBGAME-25AUG11COLSTL-STL,90,10,10,no
1754963913248,1754963913,KXMLBGAME-25AUG11WSHKC-WSH,5,95,333,yes
1754963913248,1754963913,KXMLBGAME-25AUG11WSHKC-WSH,5,95,105,yes
1754963913248,1754963913,KXMLBGAME-25AUG11WSHKC-WSH,7,93,112,yes
1754963914016,1754963913,KXMLBGAME-25AUG11LADLAA-LAD,38,62,3,yes
1754963914016,1754963913,KXMLBGAME-25AUG11LADLAA-LAD,39,61,58,yes
1754963914115,1754963914,KXMLBGAME-25AUG11LADLAA-LAD,38,62,24,yes
1754963915755,1754963915,KXMLBGAME-25AUG11COLSTL-COL,9,91,6,yes
1754963917125,1754963917,KXMLBGAME-25AUG11LADLAA-LAD,38,62,11,yes
1754963917534,1754963917,KXMLBGAME-25AUG11LADLAA-LAD,38,62,58,yes
1754963917785,1754963917,KXMLBGAME-25AUG11SDSF-SF,53,47,55,yes
1754963918475,1754963918,KXMLBGAME-25AUG11SDSF-SD,48,52,10,yes
1754963920154,1754963920,KXMLBGAME-25AUG11LADLAA-LAD,38,62,13,yes
1754963923317,1754963923,KXMLBGAME-25AUG11COLSTL-COL,9,91,20,yes
1754963923816,1754963923,KXMLBGAME-25AUG11LADLAA-LAD,35,65,7,no
1754963923836,1754963923,KXMLBGAME-25AUG11LADLAA-LAD,38,62,25,yes
1754963925998,1754963925,KXMLBGAME-25AUG11AZTEX-TEX,55,45,2,yes
1754963926036,1754963926,KXMLBGAME-25AUG11AZTEX-AZ,57,43,2,no
1754963926154,1754963926,KXMLBGAME-25AUG11AZTEX-TEX,56,44,6,yes
1754963926154,1754963926,KXMLBGAME-25AUG11AZTEX-TEX,56,44,9,yes
1754963926154,1754963926,KXMLBGAME-25AUG11AZTEX-TEX,56,44,12,yes
1754963926154,1754963926,KXMLBGAME-25AUG11AZTEX-TEX,56,44,36,yes
1754963926154,1754963926,KXMLBGAME-25AUG11AZTEX-AZ,57,43,37,no
1754963926159,1754963926,KXMLBGAME-25AUG11LADLAA-LAD,38,62,63,yes
1754963926848,1754963926,KXMLBGAME-25AUG11WSHKC-WSH,7,93,16,no
1754963926848,1754963926,KXMLBGAME-25AUG11WSHKC-WSH,5,95,125,no
1754963928085,1754963928,KXMLBGAME-25AUG11LADLAA-LAD,38,62,106,yes
1754963928085,1754963928,KXMLBGAME-25AUG11LADLAA-LAD,39,61,88,yes
1754963928594,1754963928,KXMLBGAME-25AUG11COLSTL-STL,92,8,28,yes
1754963929205,1754963929,KXMLBGAME-25AUG11BOSHOU-BOS,4,96,35,yes
1754963929205,1754963929,KXMLBGAME-25AUG11BOSHOU-BOS,4,96,105,yes
1754963930166,1754963930,KXMLBGAME-25AUG11DETCWS-DET,84,16,4,no
1754963930166,1754963930,KXMLBGAME-25AUG11DETCWS-DET,83,17,43,no
1754963930166,1754963930,KXMLBGAME-25AUG11DETCWS-DET,82,18,300,no
1754963930166,1754963930,KXMLBGAME-25AUG11DETCWS-DET,82,18,39,no
1754963931235,1754963931,KXMLBGAME-25AUG11BOSHOU-BOS,4,96,117,yes
1754963932306,1754963932,KXMLBGAME-25AUG11COLSTL-STL,90,10,2,no
1754963932976,1754963932,KXMLBGAME-25AUG11AZTEX-TEX,40,60,1,yes
1754963932976,1754963932,KXMLBGAME-25AUG11AZTEX-TEX,41,59,50,yes
1754963934645,1754963934,KXMLBGAME-25AUG11COLSTL-COL,9,91,9,yes
1754963934645,1754963934,KXMLBGAME-25AUG11COLSTL-COL,9,91,1,yes
1754963936468,1754963936,KXMLBGAME-25AUG11AZTEX-AZ,60,40,1,no
1754963936468,1754963936,KXMLBGAME-25AUG11AZTEX-AZ,59,41,300,no
1754963936468,1754963936,KXMLBGAME-25AUG11AZTEX-AZ,58,42,782,no
1754963936837,1754963936,KXMLBGAME-25AUG11WSHKC-WSH,8,92,94,yes
1754963936837,1754963936,KXMLBGAME-25AUG11WSHKC-WSH,9,91,73,yes
1754963937405,1754963937,KXMLBGAME-25AUG11LADLAA-LAD,38,62,5,yes
1754963938677,1754963938,KXMLBGAME-25AUG11LADLAA-LAD,38,62,12,yes
1754963939546,1754963939,KXMLBGAME-25AUG11DETCWS-DET,85,15,116,yes
1754963939775,1754963939,KXMLBGAME-25AUG11DETCWS-CWS,16,84,29,yes
1754963940015,1754963939,KXMLBGAME-25AUG11DETCWS-CWS,16,84,11,yes
1754963941696,1754963941,KXMLBGAME-25AUG11WSHKC-WSH,8,92,71,yes
1754963941696,1754963941,KXMLBGAME-25AUG11WSHKC-WSH,9,91,93,yes
1754963943874,1754963943,KXMLBGAME-25AUG11LADLAA-LAD,38,62,16,yes
1754963943874,1754963943,KXMLBGAME-25AUG11LADLAA-LAD,38,62,58,yes
1754963944485,1754963944,KXMLBGAME-25AUG11DETCWS-CWS,15,85,150,no
1754963944555,1754963944,KXMLBGAME-25AUG11PITMIL-MIL,99,1,96,no
1754963944897,1754963944,KXMLBGAME-25AUG11AZTEX-TEX,42,58,57,yes
1754963945455,1754963945,KXMLBGAME-25AUG11COLSTL-STL,91,9,2,no
1754963948376,1754963948,KXMLBGAME-25AUG11LADLAA-LAD,38,62,5,yes
1754963951073,1754963950,KXMLBGAME-25AUG11DETCWS-DET,83,17,33,no
1754963951073,1754963950,KXMLBGAME-25AUG11DETCWS-DET,82,18,4,no
1754963951458,1754963951,KXMLBGAME-25AUG11AZTEX-TEX,42,58,228,yes
1754963953459,1754963953,KXMLBGAME-25AUG11LADLAA-LAD,38,62,7,yes
1754963954670,1754963954,KXMLBGAME-25AUG11AZTEX-AZ,56,44,105,no
1754963958466,1754963958,KXMLBGAME-25AUG11WSHKC-WSH,8,92,11,yes
1754963958600,1754963958,KXMLBGAME-25AUG11LADLAA-LAD,38,62,230,yes
1754963960665,1754963960,KXMLBGAME-25AUG11TBATH-ATH,50,50,10,no
1754963961137,1754963961,KXMLBGAME-25AUG11COLSTL-COL,9,91,1,yes
1754963961137,1754963961,KXMLBGAME-25AUG11COLSTL-COL,10,90,17,yes
1754963961645,1754963961,KXMLBGAME-25AUG11AZTEX-TEX,43,57,11,yes
1754963962777,1754963962,KXMLBGAME-25AUG11AZTEX-TEX,43,57,223,yes
1754963964268,1754963964,KXMLBGAME-25AUG11COLSTL-STL,91,9,2,no
1754963964268,1754963964,KXMLBGAME-25AUG11COLSTL-STL,90,10,5,no
1754963967886,1754963967,KXMLBGAME-25AUG11WSHKC-WSH,8,92,5,yes
1754963970048,1754963970,KXMLBGAME-25AUG11COLSTL-COL,10,90,50,yes
1754963970497,1754963970,KXMLBGAME-25AUG11SDSF-SD,48,52,2,yes
1754963970497,1754963970,KXMLBGAME-25AUG11SDSF-SD,49,51,5,yes
1754963971575,1754963971,KXMLBGAME-25AUG11AZTEX-AZ,58,42,586,yes
1754963974295,1754963974,KXMLBGAME-25AUG11LADLAA-LAA,62,38,300,no
1754963975435,1754963975,KXMLBGAME-25AUG11AZTEX-TEX,44,56,109,yes
1754963975525,1754963975,KXMLBGAME-25AUG11DETCWS-DET,89,11,1,yes
1754963975525,1754963975,KXMLBGAME-25AUG11DETCWS-DET,89,11,1,yes
1754963975897,1754963975,KXMLBGAME-25AUG11AZTEX-AZ,57,43,50,no
1754963975897,1754963975,KXMLBGAME-25AUG11AZTEX-AZ,57,43,72,no
1754963976168,1754963976,KXMLBGAME-25AUG11LADLAA-LAD,38,62,2,yes
1754963976168,1754963976,KXMLBGAME-25AUG11LADLAA-LAD,39,61,27,yes
1754963977162,1754963977,KXMLBGAME-25AUG11AZTEX-TEX,44,56,24,yes
1754963977298,1754963977,KXMLBGAME-25AUG11WSHKC-KC,93,7,85,yes
1754963978596,1754963978,KXMLBGAME-25AUG11AZTEX-TEX,42,58,33,no
1754963979774,1754963979,KXMLBGAME-25AUG11BOSHOU-BOS,4,96,1,yes
1754963983716,1754963983,KXMLBGAME-25AUG11BOSHOU-HOU,98,2,291,yes
1754963983716,1754963983,KXMLBGAME-25AUG11BOSHOU-HOU,98,2,5,yes
1754963983716,1754963983,KXMLBGAME-25AUG11BOSHOU-HOU,98,2,1000,yes
1754963983716,1754963983,KXMLBGAME-25AUG11BOSHOU-HOU,98,2,112,yes
1754963983716,1754963983,KXMLBGAME-25AUG11BOSHOU-HOU,99,1,1000,yes
1754963983716,1754963983,KXMLBGAME-25AUG11BOSHOU-HOU,99,1,50,yes
1754963983716,1754963983,KXMLBGAME-25AUG11BOSHOU-HOU,99,1,257,yes
1754963983716,1754963983,KXMLBGAME-25AUG11BOSHOU-HOU,99,1,1335,yes
1754963985556,1754963985,KXMLBGAME-25AUG11DETCWS-CWS,41,59,11,yes
1754963986217,1754963986,KXMLBGAME-25AUG11LADLAA-LAD,37,63,103,no
1754963987988,1754963987,KXMLBGAME-25AUG11DETCWS-DET,65,35,2,no
1754963987988,1754963987,KXMLBGAME-25AUG11DETCWS-DET,65,35,50,no
1754963987988,1754963987,KXMLBGAME-25AUG11DETCWS-DET,64,36,50,no
1754963987988,1754963987,KXMLBGAME-25AUG11DETCWS-DET,63,37,50,no
1754963987988,1754963987,KXMLBGAME-25AUG11DETCWS-DET,62,38,50,no
1754963987988,1754963987,KXMLBGAME-25AUG11DETCWS-DET,61,39,12,no
1754963987988,1754963987,KXMLBGAME-25AUG11DETCWS-DET,60,40,162,no
1754963989455,1754963989,KXMLBGAME-25AUG11BOSHOU-BOS,2,98,33,no
1754963989745,1754963989,KXMLBGAME-25AUG11LADLAA-LAD,38,62,300,yes
1754963989745,1754963989,KXMLBGAME-25AUG11LADLAA-LAD,38,62,1,yes
1754963989745,1754963989,KXMLBGAME-25AUG11LADLAA-LAD,39,61,250,yes
1754963989745,1754963989,KXMLBGAME-25AUG11LADLAA-LAD,40,60,33,yes
1754963989745,1754963989,KXMLBGAME-25AUG11LADLAA-LAD,40,60,1,yes
1754963989745,1754963989,KXMLBGAME-25AUG11LADLAA-LAD,40,60,474,yes
1754963991117,1754963991,KXMLBGAME-25AUG11COLSTL-STL,91,9,1,no
1754963991117,1754963991,KXMLBGAME-25AUG11COLSTL-STL,90,10,6,no
1754963992154,1754963992,KXMLBGAME-25AUG11BOSHOU-BOS,3,97,54,yes
1754963992154,1754963992,KXMLBGAME-25AUG11BOSHOU-BOS,4,96,34,yes
1754963996677,1754963996,KXMLBGAME-25AUG11BOSHOU-BOS,3,97,40,yes
1754963996677,1754963996,KXMLBGAME-25AUG11BOSHOU-BOS,4,96,180,yes
1754963998356,1754963998,KXMLBGAME-25AUG11AZTEX-AZ,67,33,300,yes
1754963999027,1754963998,KXMLBGAME-25AUG11LADLAA-LAA,63,37,232,yes
1754964000297,1754964000,KXMLBGAME-25AUG11BOSHOU-HOU,99,1,802,yes
1754964000297,1754964000,KXMLBGAME-25AUG11BOSHOU-HOU,99,1,106,yes
1754964000966,1754964000,KXMLBGAME-25AUG11DETCWS-DET,87,13,1,yes
1754964000966,1754964000,KXMLBGAME-25AUG11DETCWS-DET,88,12,4,yes
1754964001250,1754964001,KXMLBGAME-25AUG11LADLAA-LAD,39,61,1,yes
1754964001250,1754964001,KXMLBGAME-25AUG11LADLAA-LAD,40,60,26,yes
1754964001250,1754964001,KXMLBGAME-25AUG11LADLAA-LAD,41,59,73,yes
1754964002634,1754964002,KXMLBGAME-25AUG11COLSTL-STL,90,10,18,no
1754964003357,1754964003,KXMLBGAME-25AUG11COLSTL-COL,9,91,1,yes
1754964003357,1754964003,KXMLBGAME-25AUG11COLSTL-COL,10,90,46,yes
1754964005975,1754964005,KXMLBGAME-25AUG11DETCWS-DET,87,13,1,yes
1754964007686,1754964007,KXMLBGAME-25AUG11BOSHOU-HOU,97,3,57,no
1754964007686,1754964007,KXMLBGAME-25AUG11BOSHOU-HOU,97,3,42,no
1754964008742,1754964008,KXMLBGAME-25AUG11AZTEX-AZ,70,30,50,yes
1754964008742,1754964008,KXMLBGAME-25AUG11AZTEX-AZ,71,29,250,yes
1754964008742,1754964008,KXMLBGAME-25AUG11AZTEX-AZ,71,29,65,yes
1754964009197,1754964009,KXMLBGAME-25AUG11TBATH-ATH,51,49,9,yes
1754964011633,1754964011,KXMLBGAME-25AUG11BOSHOU-HOU,99,1,6,yes
1754964011633,1754964011,KXMLBGAME-25AUG11BOSHOU-HOU,99,1,96,yes
1754964012267,1754964012,KXMLBGAME-25AUG11PITMIL-MIL,99,1,7,no
1754964013495,1754964013,KXMLBGAME-25AUG11WSHKC-KC,94,6,300,yes
1754964013495,1754964013,KXMLBGAME-25AUG11WSHKC-KC,94,6,13,yes
1754964017247,1754964017,KXMLBGAME-25AUG11WSHKC-WSH,6,94,476,yes
1754964017248,1754964017,KXMLBGAME-25AUG11COLSTL-COL,10,90,23,yes
1754964019496,1754964019,KXMLBGAME-25AUG11COLSTL-STL,91,9,2,no
1754964021616,1754964021,KXMLBGAME-25AUG11AZTEX-TEX,32,68,14,yes
1754964023204,1754964023,KXMLBGAME-25AUG11DETCWS-DET,88,12,23,yes
1754964023666,1754964023,KXMLBGAME-25AUG11LADLAA-LAD,39,61,1,yes
1754964023666,1754964023,KXMLBGAME-25AUG11LADLAA-LAD,40,60,19,yes
1754964023666,1754964023,KXMLBGAME-25AUG11LADLAA-LAD,40,60,99,yes
1754964023985,1754964023,KXMLBGAME-25AUG11LADLAA-LAD,40,60,36,yes
1754964025596,1754964025,KXMLBGAME-25AUG11COLSTL-COL,9,91,10,yes
1754964028233,1754964028,KXMLBGAME-25AUG11COLSTL-COL,9,91,52,yes
1754964028414,1754964028,KXMLBGAME-25AUG11COLSTL-COL,9,91,52,yes
1754964029055,1754964029,KXMLBGAME-25AUG11SDSF-SD,46,54,1,yes
1754964029055,1754964029,KXMLBGAME-25AUG11SDSF-SD,47,53,136,yes
1754964031325,1754964031,KXMLBGAME-25AUG11LADLAA-LAD,39,61,1,yes
1754964031325,1754964031,KXMLBGAME-25AUG11LADLAA-LAD,40,60,118,yes
1754964032916,1754964032,KXMLBGAME-25AUG11LADLAA-LAD,40,60,15,yes
1754964032916,1754964032,KXMLBGAME-25AUG11LADLAA-LAD,41,59,184,yes
1754964033065,1754964033,KXMLBGAME-25AUG11WSHKC-WSH,6,94,100,yes
1754964034002,1754964033,KXMLBGAME-25AUG11AZTEX-TEX,32,68,32,yes
1754964034002,1754964033,KXMLBGAME-25AUG11SDSF-SD,47,53,164,yes
1754964034002,1754964033,KXMLBGAME-25AUG11SDSF-SD,47,53,336,yes
1754964034856,1754964034,KXMLBGAME-25AUG11WSHKC-WSH,6,94,31,yes
1754964035726,1754964035,KXMLBGAME-25AUG11AZTEX-TEX,32,68,44,yes
1754964035795,1754964035,KXMLBGAME-25AUG11LADLAA-LAD,40,60,1,yes
1754964036712,1754964036,KXMLBGAME-25AUG11WSHKC-KC,95,5,5,yes
1754964037387,1754964037,KXMLBGAME-25AUG11WSHKC-KC,95,5,18,yes
1754964038287,1754964038,KXMLBGAME-25AUG11LADLAA-LAD,40,60,10,yes
1754964038287,1754964038,KXMLBGAME-25AUG11LADLAA-LAD,40,60,1,yes
1754964038287,1754964038,KXMLBGAME-25AUG11LADLAA-LAD,40,60,1,yes
1754964038287,1754964038,KXMLBGAME-25AUG11LADLAA-LAD,41,59,573,yes
1754964039066,1754964039,KXMLBGAME-25AUG11TBATH-ATH,51,49,20,yes
1754964039396,1754964039,KXMLBGAME-25AUG11AZTEX-TEX,32,68,8,yes
1754964039837,1754964039,KXMLBGAME-25AUG11COLSTL-COL,9,91,10,yes
1754964040385,1754964040,KXMLBGAME-25AUG11LADLAA-LAD,40,60,8,yes
1754964040385,1754964040,KXMLBGAME-25AUG11LADLAA-LAD,40,60,3,yes
1754964043135,1754964043,KXMLBGAME-25AUG11AZTEX-AZ,68,32,300,no
1754964043135,1754964043,KXMLBGAME-25AUG11AZTEX-AZ,67,33,76,no
1754964044336,1754964044,KXMLBGAME-25AUG11WSHKC-WSH,6,94,15,yes
1754964044586,1754964044,KXMLBGAME-25AUG11DETCWS-DET,88,12,22,yes
1754964058556,1754964058,KXMLBGAME-25AUG11BOSHOU-HOU,97,3,117,no
1754964058556,1754964058,KXMLBGAME-25AUG11WSHKC-KC,95,5,177,yes
1754964058556,1754964058,KXMLBGAME-25AUG11WSHKC-KC,95,5,85,yes
1754964059150,1754964059,KXMLBGAME-25AUG11COLSTL-COL,9,91,176,yes
1754964059150,1754964059,KXMLBGAME-25AUG11COLSTL-COL,9,91,1,yes
1754964059150,1754964059,KXMLBGAME-25AUG11COLSTL-COL,10,90,125,yes
1754964061271,1754964060,KXMLBGAME-25AUG11BOSHOU-HOU,97,3,12,no
1754964065476,1754964065,KXMLBGAME-25AUG11WSHKC-WSH,4,96,200,no
1754964065476,1754964065,KXMLBGAME-25AUG11WSHKC-WSH,4,96,112,no
1754964065476,1754964065,KXMLBGAME-25AUG11AZTEX-TEX,30,70,78,no
1754964065476,1754964065,KXMLBGAME-25AUG11COLSTL-COL,9,91,300,yes
1754964065476,1754964065,KXMLBGAME-25AUG11COLSTL-COL,10,90,200,yes
1754964068366,1754964068,KXMLBGAME-25AUG11WSHKC-WSH,4,96,566,yes
1754964068845,1754964068,KXMLBGAME-25AUG11LADLAA-LAD,38,62,12,yes
1754964069155,1754964069,KXMLBGAME-25AUG11LADLAA-LAD,38,62,12,yes
1754964070444,1754964070,KXMLBGAME-25AUG11AZTEX-AZ,70,30,10,yes
1754964072465,1754964072,KXMLBGAME-25AUG11LADLAA-LAD,38,62,50,yes
1754964074304,1754964074,KXMLBGAME-25AUG11COLSTL-STL,89,11,1,no
1754964074304,1754964074,KXMLBGAME-25AUG11COLSTL-STL,89,11,38,no
1754964074304,1754964074,KXMLBGAME-25AUG11COLSTL-STL,88,12,11,no
1754964076455,1754964076,KXMLBGAME-25AUG11LADLAA-LAD,37,63,3,no
1754964076865,1754964076,KXMLBGAME-25AUG11DETCWS-CWS,7,93,1,no
1754964076865,1754964076,KXMLBGAME-25AUG11DETCWS-CWS,6,94,15,no
1754964077227,1754964077,KXMLBGAME-25AUG11COLSTL-COL,6,94,5,no
1754964077346,1754964077,KXMLBGAME-25AUG11BOSHOU-HOU,99,1,10,yes
1754964077346,1754964077,KXMLBGAME-25AUG11BOSHOU-HOU,99,1,102,yes
1754964078274,1754964078,KXMLBGAME-25AUG11BOSHOU-BOS,3,97,43,yes
1754964078275,1754964078,KXMLBGAME-25AUG11BOSHOU-BOS,3,97,25,yes
1754964078275,1754964078,KXMLBGAME-25AUG11BOSHOU-BOS,3,97,25,yes
1754964079244,1754964079,KXMLBGAME-25AUG11COLSTL-STL,94,6,11,yes
1754964081626,1754964081,KXMLBGAME-25AUG11DETCWS-DET,72,28,100,no
1754964081626,1754964081,KXMLBGAME-25AUG11DETCWS-DET,71,29,20,no
1754964081626,1754964081,KXMLBGAME-25AUG11DETCWS-DET,70,30,38,no
1754964086131,1754964086,KXMLBGAME-25AUG11WSHKC-WSH,3,97,300,no
1754964086131,1754964086,KXMLBGAME-25AUG11WSHKC-WSH,3,97,70,no
1754964086391,1754964086,KXMLBGAME-25AUG11LADLAA-LAD,38,62,1,yes
1754964086391,1754964086,KXMLBGAME-25AUG11LADLAA-LAD,38,62,36,yes
1754964086828,1754964086,KXMLBGAME-25AUG11DETCWS-DET,88,12,4,yes
1754964086828,1754964086,KXMLBGAME-25AUG11DETCWS-DET,90,10,41,yes
1754964086828,1754964086,KXMLBGAME-25AUG11DETCWS-DET,96,4,1,yes
1754964086828,1754964086,KXMLBGAME-25AUG11DETCWS-DET,96,4,19,yes
1754964086828,1754964086,KXMLBGAME-25AUG11DETCWS-DET,97,3,445,yes
1754964086828,1754964086,KXMLBGAME-25AUG11DETCWS-DET,98,2,300,yes
1754964086828,1754964086,KXMLBGAME-25AUG11DETCWS-DET,98,2,200,yes
1754964086828,1754964086,KXMLBGAME-25AUG11DETCWS-DET,99,1,16,yes
1754964087588,1754964087,KXMLBGAME-25AUG11LADLAA-LAD,38,62,145,yes
1754964088146,1754964088,KXMLBGAME-25AUG11WSHKC-WSH,4,96,234,yes
1754964088215,1754964088,KXMLBGAME-25AUG11AZTEX-TEX,32,68,149,yes
1754964090827,1754964090,KXMLBGAME-25AUG11WSHKC-KC,94,6,39,no
1754964092065,1754964092,KXMLBGAME-25AUG11BOSHOU-HOU,97,3,22,no
1754964092305,1754964092,KXMLBGAME-25AUG11DETCWS-DET,75,25,100,no
1754964092305,1754964092,KXMLBGAME-25AUG11DETCWS-DET,74,26,100,no
1754964092305,1754964092,KXMLBGAME-25AUG11DETCWS-DET,72,28,2,no
1754964092305,1754964092,KXMLBGAME-25AUG11DETCWS-DET,72,28,98,no
1754964092455,1754964092,KXMLBGAME-25AUG11SDSF-SD,44,56,30,yes
1754964093136,1754964093,KXMLBGAME-25AUG11AZTEX-AZ,70,30,15,yes
1754964093246,1754964093,KXMLBGAME-25AUG11LADLAA-LAA,63,37,378,yes
1754964096156,1754964096,KXMLBGAME-25AUG11LADLAA-LAD,39,61,6,yes
1754964096156,1754964096,KXMLBGAME-25AUG11LADLAA-LAD,39,61,8,yes
1754964098739,1754964098,KXMLBGAME-25AUG11WSHKC-WSH,3,97,42,no
1754964098739,1754964098,KXMLBGAME-25AUG11WSHKC-WSH,3,97,70,no
1754964098740,1754964098,KXMLBGAME-25AUG11WSHKC-WSH,3,97,30,no
1754964099265,1754964099,KXMLBGAME-25AUG11TBATH-TB,50,50,125,yes
1754964103695,1754964103,KXMLBGAME-25AUG11DETCWS-CWS,4,96,10,no
1754964103867,1754964103,KXMLBGAME-25AUG11LADLAA-LAD,45,55,2,yes
1754964105184,1754964105,KXMLBGAME-25AUG11SDSF-SD,43,57,11,yes
1754964105435,1754964105,KXMLBGAME-25AUG11COLSTL-COL,7,93,26,yes
1754964109617,1754964109,KXMLBGAME-25AUG11DETCWS-DET,76,24,2,no
1754964109617,1754964109,KXMLBGAME-25AUG11DETCWS-DET,75,25,83,no
1754964110947,1754964110,KXMLBGAME-25AUG11BOSHOU-HOU,97,3,4,no
1754964111695,1754964111,KXMLBGAME-25AUG11DETCWS-DET,60,40,11,no
1754964111696,1754964111,KXMLBGAME-25AUG11DETCWS-DET,41,59,10,no
1754964111696,1754964111,KXMLBGAME-25AUG11DETCWS-DET,40,60,62,no
1754964114083,1754964114,KXMLBGAME-25AUG11LADLAA-LAD,36,64,2,no
1754964116424,1754964116,KXMLBGAME-25AUG11LADLAA-LAA,64,36,2,yes
1754964118107,1754964118,KXMLBGAME-25AUG11LADLAA-LAD,36,64,298,yes
1754964118107,1754964118,KXMLBGAME-25AUG11LADLAA-LAD,37,63,250,yes
1754964118107,1754964118,KXMLBGAME-25AUG11LADLAA-LAD,37,63,306,yes
1754964119196,1754964119,KXMLBGAME-25AUG11BOSHOU-BOS,3,97,114,yes
1754964119196,1754964119,KXMLBGAME-25AUG11BOSHOU-BOS,3,97,42,yes
1754964120048,1754964120,KXMLBGAME-25AUG11BOSHOU-BOS,3,97,156,yes
1754964120136,1754964120,KXMLBGAME-25AUG11COLSTL-STL,93,7,12,no
1754964122256,1754964122,KXMLBGAME-25AUG11SDSF-SF,57,43,336,yes
1754964122256,1754964122,KXMLBGAME-25AUG11SDSF-SF,58,42,112,yes
1754964122256,1754964122,KXMLBGAME-25AUG11SDSF-SF,59,41,200,yes
1754964122256,1754964122,KXMLBGAME-25AUG11SDSF-SF,59,41,400,yes
1754964122256,1754964122,KXMLBGAME-25AUG11SDSF-SF,60,40,250,yes
1754964122256,1754964122,KXMLBGAME-25AUG11SDSF-SF,60,40,400,yes
1754964122256,1754964122,KXMLBGAME-25AUG11SDSF-SF,60,40,114,yes
1754964123286,1754964123,KXMLBGAME-25AUG11AZTEX-TEX,31,69,1,yes
1754964123286,1754964123,KXMLBGAME-25AUG11AZTEX-TEX,32,68,4,yes
1754964125270,1754964125,KXMLBGAME-25AUG11COLSTL-COL,7,93,274,yes
1754964125495,1754964125,KXMLBGAME-25AUG11LADLAA-LAD,36,64,265,yes
1754964125579,1754964125,KXMLBGAME-25AUG11COLSTL-STL,95,5,10,yes
1754964125579,1754964125,KXMLBGAME-25AUG11COLSTL-STL,95,5,2,yes
1754964125579,1754964125,KXMLBGAME-25AUG11COLSTL-STL,96,4,300,yes
1754964125579,1754964125,KXMLBGAME-25AUG11COLSTL-STL,96,4,112,yes
1754964125579,1754964125,KXMLBGAME-25AUG11COLSTL-STL,97,3,600,yes
1754964125615,1754964125,KXMLBGAME-25AUG11COLSTL-STL,97,3,726,no
1754964125635,1754964125,KXMLBGAME-25AUG11COLSTL-COL,7,93,726,no
1754964125775,1754964125,KXMLBGAME-25AUG11COLSTL-COL,5,95,2,no
1754964130355,1754964130,KXMLBGAME-25AUG11WSHKC-WSH,4,96,23,yes
1754964132136,1754964132,KXMLBGAME-25AUG11COLSTL-COL,4,96,46,yes
1754964134351,1754964133,KXMLBGAME-25AUG11SDSF-SF,58,42,300,yes
1754964134351,1754964133,KXMLBGAME-25AUG11SDSF-SF,58,42,112,yes
1754964134351,1754964133,KXMLBGAME-25AUG11SDSF-SF,58,42,6,yes
1754964134470,1754964134,KXMLBGAME-25AUG11WSHKC-WSH,4,96,585,yes
1754964134473,1754964134,KXMLBGAME-25AUG11WSHKC-KC,96,4,200,yes
1754964134473,1754964134,KXMLBGAME-25AUG11WSHKC-KC,97,3,196,yes
1754964134473,1754964134,KXMLBGAME-25AUG11WSHKC-KC,97,3,300,yes
1754964134473,1754964134,KXMLBGAME-25AUG11WSHKC-KC,98,2,300,yes
1754964134473,1754964134,KXMLBGAME-25AUG11WSHKC-KC,98,2,5,yes
1754964134473,1754964134,KXMLBGAME-25AUG11WSHKC-KC,98,2,26,yes
1754964134473,1754964134,KXMLBGAME-25AUG11LADLAA-LAD,37,63,12,yes
1754964134767,1754964134,KXMLBGAME-25AUG11LADLAA-LAD,37,63,12,yes
1754964137672,1754964137,KXMLBGAME-25AUG11LADLAA-LAD,37,63,561,yes
1754964137672,1754964137,KXMLBGAME-25AUG11LADLAA-LAD,37,63,10,yes
1754964137854,1754964137,KXMLBGAME-25AUG11COLSTL-STL,96,4,112,no
1754964137962,1754964137,KXMLBGAME-25AUG11COLSTL-STL,97,3,2,yes
1754964138069,1754964137,KXMLBGAME-25AUG11LADLAA-LAA,65,35,2,yes
1754964138069,1754964137,KXMLBGAME-25AUG11LADLAA-LAA,66,34,5,yes
1754964140373,1754964140,KXMLBGAME-25AUG11COLSTL-STL,96,4,188,no
1754964143496,1754964143,KXMLBGAME-25AUG11AZTEX-TEX,32,68,284,yes
1754964144496,1754964144,KXMLBGAME-25AUG11BOSHOU-BOS,3,97,31,yes
1754964144546,1754964144,KXMLBGAME-25AUG11LADLAA-LAD,36,64,1,no
1754964145436,1754964145,KXMLBGAME-25AUG11LADLAA-LAD,36,64,25,yes
1754964146727,1754964146,KXMLBGAME-25AUG11LADLAA-LAD,36,64,274,yes
1754964146727,1754964146,KXMLBGAME-25AUG11LADLAA-LAD,37,63,240,yes
1754964150584,1754964150,KXMLBGAME-25AUG11SDSF-SD,43,57,20,yes
1754964150938,1754964150,KXMLBGAME-25AUG11LADLAA-LAA,66,34,14,yes
1754964151523,1754964151,KXMLBGAME-25AUG11WSHKC-WSH,3,97,280,no
1754964151766,1754964151,KXMLBGAME-25AUG11COLSTL-COL,4,96,46,yes
1754964152266,1754964152,KXMLBGAME-25AUG11AZTEX-TEX,44,56,112,yes
1754964152266,1754964152,KXMLBGAME-25AUG11AZTEX-TEX,45,55,211,yes
1754964153053,1754964153,KXMLBGAME-25AUG11SDSF-SD,43,57,294,yes
1754964153053,1754964153,KXMLBGAME-25AUG11SDSF-SD,43,57,265,yes
1754964153745,1754964153,KXMLBGAME-25AUG11LADLAA-LAD,37,63,50,yes
1754964153764,1754964153,KXMLBGAME-25AUG11COLSTL-STL,98,2,1,yes
1754964155666,1754964155,KXMLBGAME-25AUG11SDSF-SD,43,57,535,yes
1754964155666,1754964155,KXMLBGAME-25AUG11SDSF-SD,44,56,400,yes
1754964155666,1754964155,KXMLBGAME-25AUG11SDSF-SD,45,55,400,yes
1754964155666,1754964155,KXMLBGAME-25AUG11SDSF-SD,45,55,200,yes
1754964155666,1754964155,KXMLBGAME-25AUG11SDSF-SD,45,55,111,yes
1754964155666,1754964155,KXMLBGAME-25AUG11SDSF-SD,45,55,300,yes
1754964155666,1754964155,KXMLBGAME-25AUG11SDSF-SD,45,55,1,yes
1754964155666,1754964155,KXMLBGAME-25AUG11SDSF-SD,46,54,219,yes
1754964160146,1754964160,KXMLBGAME-25AUG11LADLAA-LAD,37,63,1,yes
1754964160146,1754964160,KXMLBGAME-25AUG11LADLAA-LAD,37,63,257,yes
1754964160426,1754964160,KXMLBGAME-25AUG11SDSF-SD,45,55,400,yes
1754964160426,1754964160,KXMLBGAME-25AUG11SDSF-SD,45,55,111,yes
1754964160426,1754964160,KXMLBGAME-25AUG11SDSF-SD,45,55,23,yes
1754964161376,1754964161,KXMLBGAME-25AUG11WSHKC-WSH,6,94,78,yes
1754964162835,1754964162,KXMLBGAME-25AUG11WSHKC-WSH,6,94,15,yes
1754964164053,1754964164,KXMLBGAME-25AUG11SDSF-SD,45,55,213,yes
1754964164906,1754964164,KXMLBGAME-25AUG11TBATH-ATH,51,49,24,yes
1754964164955,1754964164,KXMLBGAME-25AUG11WSHKC-KC,94,6,85,no
1754964165507,1754964165,KXMLBGAME-25AUG11WSHKC-WSH,6,94,61,yes
1754964165507,1754964165,KXMLBGAME-25AUG11WSHKC-WSH,6,94,77,yes
1754964165507,1754964165,KXMLBGAME-25AUG11WSHKC-WSH,6,94,2,yes
1754964165535,1754964165,KXMLBGAME-25AUG11AZTEX-TEX,33,67,46,no
1754964166475,1754964166,KXMLBGAME-25AUG11LADLAA-LAD,37,63,1,yes
1754964166475,1754964166,KXMLBGAME-25AUG11LADLAA-LAD,38,62,4,yes
1754964166475,1754964166,KXMLBGAME-25AUG11LADLAA-LAD,38,62,1,yes
1754964166475,1754964166,KXMLBGAME-25AUG11LADLAA-LAD,38,62,4,yes
1754964166475,1754964166,KXMLBGAME-25AUG11LADLAA-LAD,38,62,15,yes
1754964166685,1754964166,KXMLBGAME-25AUG11SDSF-SD,45,55,2,yes
1754964169409,1754964169,KXMLBGAME-25AUG11LADLAA-LAA,66,34,93,yes
1754964169409,1754964169,KXMLBGAME-25AUG11LADLAA-LAA,66,34,5,yes
1754964169409,1754964169,KXMLBGAME-25AUG11LADLAA-LAA,66,34,14,yes
1754964169409,1754964169,KXMLBGAME-25AUG11LADLAA-LAA,66,34,1,yes
1754964169890,1754964169,KXMLBGAME-25AUG11AZTEX-TEX,36,64,50,yes
1754964169927,1754964169,KXMLBGAME-25AUG11AZTEX-TEX,33,67,17,no
1754964170226,1754964170,KXMLBGAME-25AUG11COLSTL-COL,3,97,56,yes
1754964170226,1754964170,KXMLBGAME-25AUG11COLSTL-COL,4,96,74,yes
1754964170385,1754964170,KXMLBGAME-25AUG11LADLAA-LAD,36,64,258,yes
1754964171126,1754964171,KXMLBGAME-25AUG11WSHKC-WSH,6,94,31,yes
1754964171186,1754964171,KXMLBGAME-25AUG11COLSTL-COL,2,98,31,no
1754964171266,1754964171,KXMLBGAME-25AUG11TBATH-ATH,50,50,10,no
1754964171266,1754964171,KXMLBGAME-25AUG11TBATH-ATH,50,50,42,no
1754964171266,1754964171,KXMLBGAME-25AUG11TBATH-ATH,50,50,85,no
1754964172332,1754964172,KXMLBGAME-25AUG11WSHKC-WSH,6,94,78,yes
1754964172538,1754964172,KXMLBGAME-25AUG11BOSHOU-HOU,97,3,103,no
1754964172538,1754964172,KXMLBGAME-25AUG11BOSHOU-HOU,97,3,376,no
1754964172645,1754964172,KXMLBGAME-25AUG11COLSTL-STL,98,2,299,yes
1754964172645,1754964172,KXMLBGAME-25AUG11COLSTL-STL,99,1,1000,yes
1754964172645,1754964172,KXMLBGAME-25AUG11COLSTL-STL,99,1,300,yes
1754964172645,1754964172,KXMLBGAME-25AUG11COLSTL-STL,99,1,112,yes
1754964172685,1754964172,KXMLBGAME-25AUG11COLSTL-STL,99,1,269,no
1754964172685,1754964172,KXMLBGAME-25AUG11COLSTL-COL,2,98,269,no
1754964173516,1754964173,KXMLBGAME-25AUG11AZTEX-TEX,36,64,39,yes
1754964173896,1754964173,KXMLBGAME-25AUG11DETCWS-CWS,8,92,5,no
1754964175677,1754964175,KXMLBGAME-25AUG11BOSHOU-BOS,3,97,4,yes
1754964178215,1754964178,KXMLBGAME-25AUG11LADLAA-LAD,37,63,25,yes
1754964179235,1754964179,KXMLBGAME-25AUG11AZTEX-AZ,67,33,71,yes
1754964180807,1754964180,KXMLBGAME-25AUG11COLSTL-COL,4,96,11,yes
1754964181856,1754964181,KXMLBGAME-25AUG11BOSHOU-HOU,99,1,55,yes
1754964182105,1754964182,KXMLBGAME-25AUG11WSHKC-KC,95,5,26,no
1754964182105,1754964182,KXMLBGAME-25AUG11WSHKC-KC,95,5,42,no
1754964183266,1754964183,KXMLBGAME-25AUG11SDSF-SD,45,55,22,yes
1754964188119,1754964188,KXMLBGAME-25AUG11LADLAA-LAD,35,65,40,no
1754964188676,1754964188,KXMLBGAME-25AUG11LADLAA-LAD,36,64,132,yes
1754964190106,1754964190,KXMLBGAME-25AUG11AZTEX-AZ,68,32,2,yes
1754964190106,1754964190,KXMLBGAME-25AUG11AZTEX-AZ,68,32,5,yes
1754964192882,1754964192,KXMLBGAME-25AUG11SDSF-SD,45,55,278,yes
1754964192882,1754964192,KXMLBGAME-25AUG11SDSF-SD,45,55,200,yes
1754964192882,1754964192,KXMLBGAME-25AUG11SDSF-SD,46,54,200,yes
1754964192882,1754964192,KXMLBGAME-25AUG11SDSF-SD,46,54,1426,yes
1754964196678,1754964196,KXMLBGAME-25AUG11DETCWS-DET,72,28,2,no
1754964196678,1754964196,KXMLBGAME-25AUG11DETCWS-DET,72,28,12,no
1754964196678,1754964196,KXMLBGAME-25AUG11DETCWS-DET,71,29,56,no
1754964197551,1754964197,KXMLBGAME-25AUG11LADLAA-LAD,36,64,132,yes
1754964198166,1754964198,KXMLBGAME-25AUG11PITMIL-MIL,99,1,32,no
1754964199131,1754964199,KXMLBGAME-25AUG11WSHKC-KC,95,5,21,no
1754964199131,1754964199,KXMLBGAME-25AUG11WSHKC-KC,95,5,3,no
1754964199131,1754964199,KXMLBGAME-25AUG11WSHKC-KC,94,6,411,no
1754964199131,1754964199,KXMLBGAME-25AUG11WSHKC-KC,94,6,103,no
1754964199131,1754964199,KXMLBGAME-25AUG11WSHKC-KC,94,6,116,no
1754964199178,1754964199,KXMLBGAME-25AUG11BOSHOU-HOU,97,3,42,no
1754964199996,1754964199,KXMLBGAME-25AUG11LADLAA-LAA,66,34,112,yes
1754964199996,1754964199,KXMLBGAME-25AUG11LADLAA-LAA,67,33,76,yes
1754964199996,1754964199,KXMLBGAME-25AUG11LADLAA-LAA,67,33,200,yes
1754964199996,1754964199,KXMLBGAME-25AUG11LADLAA-LAA,67,33,50,yes
1754964200860,1754964200,KXMLBGAME-25AUG11SDSF-SD,45,55,213,yes
1754964200926,1754964200,KXMLBGAME-25AUG11BOSHOU-HOU,97,3,41,no
1754964207625,1754964207,KXMLBGAME-25AUG11SDSF-SF,57,43,17,yes
1754964208146,1754964208,KXMLBGAME-25AUG11SDSF-SD,45,55,32,yes
1754964210438,1754964210,KXMLBGAME-25AUG11TBATH-ATH,51,49,121,yes
1754964211841,1754964211,KXMLBGAME-25AUG11SDSF-SD,45,55,268,yes
1754964211841,1754964211,KXMLBGAME-25AUG11SDSF-SD,46,54,129,yes
1754964212116,1754964212,KXMLBGAME-25AUG11AZTEX-TEX,36,64,265,yes
1754964213558,1754964213,KXMLBGAME-25AUG11TBATH-TB,51,49,28,yes
1754964216768,1754964216,KXMLBGAME-25AUG11LADLAA-LAA,67,33,14,yes
1754964217466,1754964217,KXMLBGAME-25AUG11WSHKC-WSH,6,94,15,yes
1754964219160,1754964219,KXMLBGAME-25AUG11DETCWS-DET,72,28,15,no
1754964219160,1754964219,KXMLBGAME-25AUG11DETCWS-DET,72,28,1,no
1754964219160,1754964219,KXMLBGAME-25AUG11DETCWS-DET,71,29,20,no
1754964219451,1754964219,KXMLBGAME-25AUG11WSHKC-KC,96,4,33,yes
1754964219451,1754964219,KXMLBGAME-25AUG11WSHKC-KC,96,4,22,yes
1754964219567,1754964219,KXMLBGAME-25AUG11COLSTL-COL,5,95,56,yes
1754964219965,1754964219,KXMLBGAME-25AUG11TBATH-TB,49,51,10,no
1754964219965,1754964219,KXMLBGAME-25AUG11TBATH-TB,49,51,449,no
1754964220171,1754964220,KXMLBGAME-25AUG11BOSHOU-HOU,97,3,41,no
1754964220171,1754964220,KXMLBGAME-25AUG11BOSHOU-HOU,97,3,45,no
1754964221261,1754964220,KXMLBGAME-25AUG11AZTEX-TEX,34,66,28,yes
1754964222217,1754964222,KXMLBGAME-25AUG11LADLAA-LAA,67,33,71,yes
1754964222705,1754964222,KXMLBGAME-25AUG11COLSTL-COL,5,95,18,yes
1754964223635,1754964223,KXMLBGAME-25AUG11PITMIL-MIL,99,1,50,no
1754964228965,1754964228,KXMLBGAME-25AUG11DETCWS-DET,72,28,1,no
1754964228965,1754964228,KXMLBGAME-25AUG11DETCWS-DET,71,29,300,no
1754964235795,1754964235,KXMLBGAME-25AUG11LADLAA-LAD,36,64,300,yes
1754964235796,1754964235,KXMLBGAME-25AUG11LADLAA-LAD,36,64,1029,yes
1754964236513,1754964236,KXMLBGAME-25AUG11LADLAA-LAD,36,64,265,yes
1754964236739,1754964236,KXMLBGAME-25AUG11WSHKC-KC,94,6,123,no
1754964238386,1754964238,KXMLBGAME-25AUG11LADLAA-LAD,36,64,67,yes
1754964239375,1754964239,KXMLBGAME-25AUG11COLSTL-STL,95,5,3,no
1754964239375,1754964239,KXMLBGAME-25AUG11COLSTL-STL,95,5,63,no
1754964240515,1754964240,KXMLBGAME-25AUG11WSHKC-WSH,4,96,411,no
1754964240515,1754964240,KXMLBGAME-25AUG11WSHKC-WSH,3,97,23,no
1754964243076,1754964243,KXMLBGAME-25AUG11COLSTL-COL,5,95,31,yes
1754964243076,1754964243,KXMLBGAME-25AUG11COLSTL-COL,6,94,5,yes
1754964244097,1754964243,KXMLBGAME-25AUG11LADLAA-LAD,36,64,55,yes
1754964245335,1754964245,KXMLBGAME-25AUG11COLSTL-STL,97,3,1,yes
1754964248616,1754964248,KXMLBGAME-25AUG11COLSTL-STL,97,3,102,yes
1754964250094,1754964250,KXMLBGAME-25AUG11BOSHOU-BOS,2,98,3,no
1754964253166,1754964253,KXMLBGAME-25AUG11LADLAA-LAD,36,64,84,yes
1754964253166,1754964253,KXMLBGAME-25AUG11LADLAA-LAD,36,64,48,yes
1754964253355,1754964253,KXMLBGAME-25AUG11DETCWS-DET,72,28,1,no
1754964253355,1754964253,KXMLBGAME-25AUG11DETCWS-DET,72,28,4,no
1754964253996,1754964253,KXMLBGAME-25AUG11LADLAA-LAD,36,64,8,yes
1754964253996,1754964253,KXMLBGAME-25AUG11LADLAA-LAD,36,64,262,yes
1754964254747,1754964254,KXMLBGAME-25AUG11SDSF-SF,56,44,583,yes
1754964254747,1754964254,KXMLBGAME-25AUG11SDSF-SF,56,44,1331,yes
1754964254747,1754964254,KXMLBGAME-25AUG11SDSF-SF,56,44,359,yes
1754964254967,1754964254,KXMLBGAME-25AUG11SDSF-SF,56,44,1141,yes
1754964257565,1754964257,KXMLBGAME-25AUG11COLSTL-STL,96,4,20,yes
1754964259935,1754964259,KXMLBGAME-25AUG11TBATH-ATH,51,49,568,yes
1754964265126,1754964265,KXMLBGAME-25AUG11TBATH-ATH,50,50,4,no
1754964266646,1754964266,KXMLBGAME-25AUG11AZTEX-TEX,36,64,1,yes
1754964266646,1754964266,KXMLBGAME-25AUG11AZTEX-TEX,40,60,11,yes
1754964266686,1754964266,KXMLBGAME-25AUG11AZTEX-AZ,68,32,1,no
1754964267667,1754964267,KXMLBGAME-25AUG11LADLAA-LAA,66,34,1,yes
1754964271215,1754964271,KXMLBGAME-25AUG11COLSTL-STL,97,3,2,yes
1754964272786,1754964272,KXMLBGAME-25AUG11SDSF-SD,45,55,1,yes
1754964272786,1754964272,KXMLBGAME-25AUG11SDSF-SD,46,54,84,yes
1754964272786,1754964272,KXMLBGAME-25AUG11SDSF-SD,46,54,271,yes
1754964273328,1754964273,KXMLBGAME-25AUG11AZTEX-AZ,68,32,1,no
1754964274589,1754964274,KXMLBGAME-25AUG11SDSF-SF,57,43,300,yes
1754964274589,1754964274,KXMLBGAME-25AUG11SDSF-SF,57,43,112,yes
1754964275236,1754964275,KXMLBGAME-25AUG11BOSHOU-HOU,99,1,2,yes
1754964275347,1754964275,KXMLBGAME-25AUG11COLSTL-STL,97,3,110,yes
1754964275347,1754964275,KXMLBGAME-25AUG11COLSTL-STL,97,3,2,yes
1754964275366,1754964275,KXMLBGAME-25AUG11COLSTL-COL,3,97,112,no
1754964275446,1754964275,KXMLBGAME-25AUG11COLSTL-COL,2,98,103,no
1754964275834,1754964275,KXMLBGAME-25AUG11COLSTL-STL,98,2,300,yes
1754964275834,1754964275,KXMLBGAME-25AUG11COLSTL-STL,98,2,100,yes
1754964275886,1754964275,KXMLBGAME-25AUG11COLSTL-COL,2,98,100,no
1754964275886,1754964275,KXMLBGAME-25AUG11COLSTL-STL,99,1,100,no
1754964278009,1754964277,KXMLBGAME-25AUG11AZTEX-TEX,35,65,1,yes
1754964278009,1754964277,KXMLBGAME-25AUG11AZTEX-TEX,36,64,1,yes
1754964278085,1754964278,KXMLBGAME-25AUG11COLSTL-COL,1,99,1000,no
1754964278085,1754964278,KXMLBGAME-25AUG11COLSTL-COL,1,99,50,no
1754964278085,1754964278,KXMLBGAME-25AUG11COLSTL-COL,1,99,50,no
1754964278806,1754964278,KXMLBGAME-25AUG11COLSTL-COL,1,99,100,yes
1754964278977,1754964278,KXMLBGAME-25AUG11COLSTL-COL,1,99,935,yes
1754964279665,1754964279,KXMLBGAME-25AUG11AZTEX-TEX,36,64,39,yes
1754964283916,1754964283,KXMLBGAME-25AUG11TBATH-ATH,51,49,318,yes
1754964284977,1754964284,KXMLBGAME-25AUG11SDSF-SD,45,55,1,yes
1754964284977,1754964284,KXMLBGAME-25AUG11SDSF-SD,45,55,9,yes
1754964286605,1754964286,KXMLBGAME-25AUG11COLSTL-STL,99,1,2,no
1754964287426,1754964287,KXMLBGAME-25AUG11TBATH-ATH,50,50,8,no
1754964289025,1754964288,KXMLBGAME-25AUG11COLSTL-COL,1,99,187,yes
1754964290131,1754964290,KXMLBGAME-25AUG11AZTEX-TEX,36,64,26,yes
1754964290646,1754964290,KXMLBGAME-25AUG11LADLAA-LAD,36,64,13,yes
1754964295884,1754964295,KXMLBGAME-25AUG11WSHKC-WSH,5,95,18,yes
1754964296355,1754964296,KXMLBGAME-25AUG11BOSHOU-BOS,3,97,31,yes
1754964302923,1754964302,KXMLBGAME-25AUG11COLSTL-COL,1,99,467,yes
1754964304165,1754964304,KXMLBGAME-25AUG11COLSTL-COL,1,99,93,yes
1754964305215,1754964305,KXMLBGAME-25AUG11COLSTL-STL,99,1,23,no
1754964305776,1754964305,KXMLBGAME-25AUG11LADLAA-LAD,35,65,17,no
1754964307606,1754964307,KXMLBGAME-25AUG11DETCWS-DET,75,25,2,yes
1754964308632,1754964308,KXMLBGAME-25AUG11COLSTL-COL,1,99,41,yes
1754964308695,1754964308,KXMLBGAME-25AUG11AZTEX-AZ,66,34,36,yes
1754964310722,1754964310,KXMLBGAME-25AUG11LADLAA-LAD,36,64,79,yes
1754964310722,1754964310,KXMLBGAME-25AUG11AZTEX-TEX,36,64,26,yes
1754964310989,1754964310,KXMLBGAME-25AUG11COLSTL-STL,99,1,216,no
1754964312335,1754964312,KXMLBGAME-25AUG11LADLAA-LAD,36,64,3,yes
1754964314876,1754964314,KXMLBGAME-25AUG11COLSTL-STL,99,1,153,no
1754964314916,1754964314,KXMLBGAME-25AUG11BOSHOU-HOU,97,3,19,no
1754964316236,1754964316,KXMLBGAME-25AUG11TBATH-ATH,51,49,9,yes
1754964317513,1754964317,KXMLBGAME-25AUG11SDSF-SD,45,55,64,yes
1754964319404,1754964319,KXMLBGAME-25AUG11WSHKC-WSH,6,94,140,yes
1754964320241,1754964320,KXMLBGAME-25AUG11LADLAA-LAD,36,64,26,yes
1754964327195,1754964327,KXMLBGAME-25AUG11LADLAA-LAD,36,64,13,yes
1754964328796,1754964328,KXMLBGAME-25AUG11DETCWS-DET,72,28,1,no
1754964329965,1754964329,KXMLBGAME-25AUG11LADLAA-LAA,65,35,23,no
1754964330037,1754964329,KXMLBGAME-25AUG11BOSHOU-BOS,3,97,277,yes
1754964332246,1754964332,KXMLBGAME-25AUG11WSHKC-WSH,6,94,31,yes
1754964337397,1754964337,KXMLBGAME-25AUG11TBATH-ATH,51,49,37,yes
1754964338364,1754964338,KXMLBGAME-25AUG11COLSTL-COL,1,99,187,yes
1754964338946,1754964338,KXMLBGAME-25AUG11LADLAA-LAD,36,64,26,yes
1754964340107,1754964340,KXMLBGAME-25AUG11WSHKC-KC,96,4,63,yes
1754964340950,1754964340,KXMLBGAME-25AUG11BOSHOU-HOU,95,5,140,no
1754964341143,1754964341,KXMLBGAME-25AUG11AZTEX-TEX,36,64,13,yes
1754964341345,1754964341,KXMLBGAME-25AUG11SDSF-SD,44,56,219,yes
1754964343466,1754964343,KXMLBGAME-25AUG11LADLAA-LAD,35,65,1500,no
1754964343947,1754964343,KXMLBGAME-25AUG11LADLAA-LAD,35,65,443,no
1754964343947,1754964343,KXMLBGAME-25AUG11LADLAA-LAD,35,65,100,no
1754964343947,1754964343,KXMLBGAME-25AUG11LADLAA-LAD,35,65,20,no
1754964345776,1754964345,KXMLBGAME-25AUG11SDSF-SD,44,56,300,yes
1754964345776,1754964345,KXMLBGAME-25AUG11SDSF-SD,45,55,776,yes
1754964348186,1754964348,KXMLBGAME-25AUG11TBATH-ATH,51,49,1,yes
1754964354770,1754964354,KXMLBGAME-25AUG11LADLAA-LAD,34,66,19,yes
1754964354826,1754964354,KXMLBGAME-25AUG11WSHKC-KC,96,4,8,yes
1754964354826,1754964354,KXMLBGAME-25AUG11WSHKC-KC,97,3,2,yes
1754964355117,1754964355,KXMLBGAME-25AUG11LADLAA-LAD,34,66,73,yes
1754964355857,1754964355,KXMLBGAME-25AUG11WSHKC-KC,95,5,100,no
1754964355857,1754964355,KXMLBGAME-25AUG11WSHKC-KC,94,6,4,no
1754964356955,1754964356,KXMLBGAME-25AUG11LADLAA-LAD,34,66,14,yes
1754964359739,1754964359,KXMLBGAME-25AUG11BOSHOU-HOU,95,5,33,no
1754964360016,1754964359,KXMLBGAME-25AUG11LADLAA-LAD,34,66,100,yes
1754964361249,1754964361,KXMLBGAME-25AUG11COLSTL-STL,99,1,223,no
1754964362805,1754964362,KXMLBGAME-25AUG11AZTEX-TEX,36,64,700,yes
1754964363376,1754964363,KXMLBGAME-25AUG11LADLAA-LAA,66,34,300,no
1754964363376,1754964363,KXMLBGAME-25AUG11LADLAA-LAA,66,34,1136,no
1754964363466,1754964363,KXMLBGAME-25AUG11LADLAA-LAD,34,66,208,yes
1754964363466,1754964363,KXMLBGAME-25AUG11LADLAA-LAD,34,66,136,yes
1754964363466,1754964363,KXMLBGAME-25AUG11LADLAA-LAD,34,66,1156,yes
1754964363745,1754964363,KXMLBGAME-25AUG11LADLAA-LAD,34,66,14,yes
1754964366969,1754964366,KXMLBGAME-25AUG11AZTEX-TEX,36,64,138,yes
1754964367669,1754964367,KXMLBGAME-25AUG11BOSHOU-BOS,3,97,93,yes
1754964368887,1754964368,KXMLBGAME-25AUG11WSHKC-WSH,6,94,78,yes
1754964370556,1754964370,KXMLBGAME-25AUG11AZTEX-TEX,36,64,13,yes
1754964370882,1754964370,KXMLBGAME-25AUG11LADLAA-LAD,34,66,14,yes
1754964371261,1754964371,KXMLBGAME-25AUG11LADLAA-LAD,34,66,14,yes
1754964374069,1754964373,KXMLBGAME-25AUG11LADLAA-LAA,66,34,300,no
1754964374069,1754964373,KXMLBGAME-25AUG11LADLAA-LAA,66,34,1136,no
1754964374069,1754964373,KXMLBGAME-25AUG11LADLAA-LAA,65,35,64,no
1754964377104,1754964377,KXMLBGAME-25AUG11LADLAA-LAD,34,66,56,yes
1754964378900,1754964378,KXMLBGAME-25AUG11WSHKC-KC,94,6,265,no
1754964379327,1754964379,KXMLBGAME-25AUG11LADLAA-LAD,34,66,25,yes
1754964380207,1754964380,KXMLBGAME-25AUG11TBATH-ATH,50,50,48,yes
1754964381876,1754964381,KXMLBGAME-25AUG11SDSF-SD,43,57,1,no
1754964382057,1754964381,KXMLBGAME-25AUG11SDSF-SF,60,40,300,no
1754964382057,1754964381,KXMLBGAME-25AUG11SDSF-SF,59,41,250,no
1754964382057,1754964381,KXMLBGAME-25AUG11SDSF-SF,59,41,950,no
1754964382065,1754964382,KXMLBGAME-25AUG11SDSF-SD,42,58,4,yes
1754964384355,1754964384,KXMLBGAME-25AUG11TBATH-TB,51,49,379,yes
1754964386317,1754964386,KXMLBGAME-25AUG11DETCWS-CWS,32,68,3,yes
1754964386317,1754964386,KXMLBGAME-25AUG11DETCWS-CWS,32,68,26,yes
1754964386344,1754964386,KXMLBGAME-25AUG11DETCWS-DET,72,28,7,no
1754964386344,1754964386,KXMLBGAME-25AUG11DETCWS-DET,72,28,1,no
1754964386344,1754964386,KXMLBGAME-25AUG11DETCWS-DET,71,29,18,no
1754964388524,1754964388,KXMLBGAME-25AUG11LADLAA-LAA,69,31,99,yes
1754964389705,1754964389,KXMLBGAME-25AUG11BOSHOU-BOS,3,97,93,yes
1754964394074,1754964394,KXMLBGAME-25AUG11LADLAA-LAD,33,67,182,yes
1754964396867,1754964396,KXMLBGAME-25AUG11LADLAA-LAD,33,67,118,yes
1754964396867,1754964396,KXMLBGAME-25AUG11LADLAA-LAD,33,67,1,yes
1754964398917,1754964398,KXMLBGAME-25AUG11BOSHOU-BOS,3,97,273,yes
1754964398917,1754964398,KXMLBGAME-25AUG11BOSHOU-BOS,3,97,7,yes
1754964400615,1754964400,KXMLBGAME-25AUG11AZTEX-AZ,65,35,15,yes
1754964401445,1754964401,KXMLBGAME-25AUG11SDSF-SD,41,59,90,yes
1754964401445,1754964401,KXMLBGAME-25AUG11SDSF-SD,42,58,49,yes
1754964401605,1754964401,KXMLBGAME-25AUG11LADLAA-LAD,34,66,56,yes
1754964402936,1754964402,KXMLBGAME-25AUG11SDSF-SF,60,40,2,yes
1754964403985,1754964403,KXMLBGAME-25AUG11LADLAA-LAD,34,66,14,yes
1754964405865,1754964405,KXMLBGAME-25AUG11LADLAA-LAD,34,66,5,yes
1754964410355,1754964410,KXMLBGAME-25AUG11AZTEX-TEX,37,63,1,yes
1754964410355,1754964410,KXMLBGAME-25AUG11AZTEX-TEX,38,62,11,yes
1754964411666,1754964411,KXMLBGAME-25AUG11TBATH-ATH,50,50,18,yes
1754964413004,1754964412,KXMLBGAME-25AUG11LADLAA-LAD,34,66,5,yes
1754964413004,1754964412,KXMLBGAME-25AUG11COLSTL-STL,99,1,80,no
1754964420076,1754964420,KXMLBGAME-25AUG11BOSHOU-BOS,3,97,27,yes
1754964420095,1754964420,KXMLBGAME-25AUG11BOSHOU-BOS,3,97,312,yes
1754964426875,1754964426,KXMLBGAME-25AUG11LADLAA-LAD,34,66,1,yes
1754964427615,1754964427,KXMLBGAME-25AUG11WSHKC-WSH,6,94,140,yes
1754964427845,1754964427,KXMLBGAME-25AUG11LADLAA-LAD,34,66,31,yes
1754964427845,1754964427,KXMLBGAME-25AUG11LADLAA-LAD,34,66,300,yes
1754964427845,1754964427,KXMLBGAME-25AUG11LADLAA-LAD,34,66,93,yes
1754964429221,1754964429,KXMLBGAME-25AUG11SDSF-SD,42,58,151,yes
1754964429221,1754964429,KXMLBGAME-25AUG11SDSF-SD,42,58,232,yes
1754964430958,1754964430,KXMLBGAME-25AUG11LADLAA-LAD,34,66,14,yes
1754964434289,1754964434,KXMLBGAME-25AUG11COLSTL-STL,99,1,29,no
1754964434978,1754964434,KXMLBGAME-25AUG11AZTEX-AZ,64,36,15,yes
1754964435996,1754964435,KXMLBGAME-25AUG11LADLAA-LAD,34,66,11,yes
1754964435996,1754964435,KXMLBGAME-25AUG11LADLAA-LAD,34,66,3,yes
1754964437005,1754964436,KXMLBGAME-25AUG11AZTEX-AZ,64,36,304,yes
1754964437176,1754964437,KXMLBGAME-25AUG11AZTEX-AZ,64,36,225,yes
1754964437524,1754964437,KXMLBGAME-25AUG11DETCWS-DET,76,24,50,yes
1754964438195,1754964438,KXMLBGAME-25AUG11BOSHOU-HOU,97,3,97,no
1754964440097,1754964440,KXMLBGAME-25AUG11WSHKC-WSH,6,94,46,yes
1754964441787,1754964441,KXMLBGAME-25AUG11TBATH-TB,51,49,47,yes
1754964448769,1754964448,KXMLBGAME-25AUG11AZTEX-TEX,38,62,289,yes
1754964448769,1754964448,KXMLBGAME-25AUG11AZTEX-TEX,39,61,112,yes
1754964448769,1754964448,KXMLBGAME-25AUG11AZTEX-TEX,39,61,208,yes
1754964448769,1754964448,KXMLBGAME-25AUG11LADLAA-LAD,34,66,1,yes
1754964448769,1754964448,KXMLBGAME-25AUG11LADLAA-LAD,34,66,3,yes
1754964448769,1754964448,KXMLBGAME-25AUG11LADLAA-LAD,34,66,1,yes
1754964448769,1754964448,KXMLBGAME-25AUG11LADLAA-LAD,34,66,9,yes
1754964448769,1754964448,KXMLBGAME-25AUG11SDSF-SF,60,40,209,yes
1754964449862,1754964449,KXMLBGAME-25AUG11SDSF-SD,41,59,12,yes
1754964452861,1754964452,KXMLBGAME-25AUG11SDSF-SF,61,39,111,yes
1754964453362,1754964453,KXMLBGAME-25AUG11SDSF-SD,41,59,23,yes
1754964454560,1754964454,KXMLBGAME-25AUG11LADLAA-LAD,34,66,5,yes
1754964456517,1754964456,KXMLBGAME-25AUG11LADLAA-LAD,34,66,9,yes
1754964456517,1754964456,KXMLBGAME-25AUG11LADLAA-LAD,34,66,6,yes
1754964458084,1754964458,KXMLBGAME-25AUG11WSHKC-WSH,6,94,22,yes
1754964461356,1754964461,KXMLBGAME-25AUG11AZTEX-AZ,65,35,39,yes
1754964461356,1754964461,KXMLBGAME-25AUG11AZTEX-AZ,65,35,136,yes
1754964461356,1754964461,KXMLBGAME-25AUG11AZTEX-AZ,65,35,2,yes
1754964461356,1754964461,KXMLBGAME-25AUG11AZTEX-AZ,65,35,28,yes
1754964461845,1754964461,KXMLBGAME-25AUG11BOSHOU-HOU,98,2,25,yes
1754964462285,1754964462,KXMLBGAME-25AUG11WSHKC-WSH,6,94,8,yes
1754964462805,1754964462,KXMLBGAME-25AUG11TBATH-ATH,50,50,9,yes
1754964463055,1754964463,KXMLBGAME-25AUG11SDSF-SD,41,59,20,yes
1754964465336,1754964465,KXMLBGAME-25AUG11LADLAA-LAD,35,65,136,yes
1754964465938,1754964465,KXMLBGAME-25AUG11SDSF-SF,61,39,300,yes
1754964465938,1754964465,KXMLBGAME-25AUG11SDSF-SF,61,39,232,yes
1754964465995,1754964465,KXMLBGAME-25AUG11AZTEX-TEX,38,62,151,yes
1754964466317,1754964466,KXMLBGAME-25AUG11WSHKC-WSH,6,94,224,yes
1754964466317,1754964466,KXMLBGAME-25AUG11WSHKC-WSH,7,93,76,yes
1754964467187,1754964467,KXMLBGAME-25AUG11SDSF-SF,61,39,300,yes
1754964467187,1754964467,KXMLBGAME-25AUG11SDSF-SF,62,38,1500,yes
1754964467595,1754964467,KXMLBGAME-25AUG11BOSHOU-BOS,3,97,88,yes
1754964468386,1754964468,KXMLBGAME-25AUG11SDSF-SD,41,59,77,yes
1754964469936,1754964469,KXMLBGAME-25AUG11AZTEX-AZ,64,36,34,yes
1754964470386,1754964470,KXMLBGAME-25AUG11AZTEX-TEX,38,62,149,yes
1754964470386,1754964470,KXMLBGAME-25AUG11AZTEX-TEX,39,61,346,yes
1754964470966,1754964470,KXMLBGAME-25AUG11BOSHOU-HOU,98,2,152,yes
1754964471755,1754964471,KXMLBGAME-25AUG11LADLAA-LAD,35,65,32,yes
1754964471755,1754964471,KXMLBGAME-25AUG11LADLAA-LAD,35,65,49,yes
1754964472945,1754964472,KXMLBGAME-25AUG11BOSHOU-HOU,98,2,10,yes
1754964473317,1754964473,KXMLBGAME-25AUG11TBATH-TB,50,50,600,no
1754964473318,1754964473,KXMLBGAME-25AUG11DETCWS-DET,81,19,24,no
1754964473318,1754964473,KXMLBGAME-25AUG11DETCWS-DET,80,20,218,no
1754964475024,1754964474,KXMLBGAME-25AUG11SDSF-SF,62,38,2,yes
1754964475325,1754964475,KXMLBGAME-25AUG11SDSF-SD,39,61,4,yes
1754964476145,1754964476,KXMLBGAME-25AUG11SDSF-SD,39,61,12,yes
1754964478675,1754964478,KXMLBGAME-25AUG11COLSTL-COL,1,99,7,yes
1754964482596,1754964482,KXMLBGAME-25AUG11LADLAA-LAD,35,65,1,yes
1754964482596,1754964482,KXMLBGAME-25AUG11LADLAA-LAD,35,65,12,yes
1754964483708,1754964483,KXMLBGAME-25AUG11AZTEX-AZ,64,36,9,yes
1754964486144,1754964486,KXMLBGAME-25AUG11AZTEX-TEX,38,62,12,yes
1754964488103,1754964488,KXMLBGAME-25AUG11AZTEX-TEX,38,62,288,yes
1754964488103,1754964488,KXMLBGAME-25AUG11AZTEX-TEX,39,61,112,yes
1754964488103,1754964488,KXMLBGAME-25AUG11AZTEX-TEX,39,61,77,yes
1754964490074,1754964490,KXMLBGAME-25AUG11WSHKC-WSH,4,96,24,no
1754964490918,1754964490,KXMLBGAME-25AUG11AZTEX-AZ,65,35,50,yes
1754964490918,1754964490,KXMLBGAME-25AUG11AZTEX-AZ,65,35,2,yes
1754964491327,1754964491,KXMLBGAME-25AUG11SDSF-SD,39,61,1,yes
1754964492036,1754964491,KXMLBGAME-25AUG11LADLAA-LAD,35,65,1,yes
1754964492036,1754964491,KXMLBGAME-25AUG11LADLAA-LAD,35,65,67,yes
1754964493496,1754964493,KXMLBGAME-25AUG11LADLAA-LAD,35,65,136,yes
1754964493825,1754964493,KXMLBGAME-25AUG11WSHKC-KC,96,4,112,yes
1754964493825,1754964493,KXMLBGAME-25AUG11WSHKC-KC,96,4,411,yes
1754964493826,1754964493,KXMLBGAME-25AUG11WSHKC-KC,97,3,300,yes
1754964493826,1754964493,KXMLBGAME-25AUG11WSHKC-KC,97,3,20,yes
1754964493826,1754964493,KXMLBGAME-25AUG11WSHKC-KC,98,2,185,yes
1754964498616,1754964498,KXMLBGAME-25AUG11LADLAA-LAD,35,65,1,yes
1754964498616,1754964498,KXMLBGAME-25AUG11LADLAA-LAD,35,65,99,yes
1754964501956,1754964501,KXMLBGAME-25AUG11AZTEX-AZ,64,36,2,yes
1754964501956,1754964501,KXMLBGAME-25AUG11AZTEX-AZ,65,35,13,yes
1754964503358,1754964503,KXMLBGAME-25AUG11TBATH-TB,48,52,300,yes
1754964503358,1754964503,KXMLBGAME-25AUG11TBATH-TB,48,52,109,yes
1754964506228,1754964506,KXMLBGAME-25AUG11WSHKC-KC,94,6,11,no
1754964507506,1754964507,KXMLBGAME-25AUG11SDSF-SD,39,61,1,yes
1754964507506,1754964507,KXMLBGAME-25AUG11SDSF-SD,39,61,3,yes
1754964511956,1754964511,KXMLBGAME-25AUG11SDSF-SD,39,61,12,yes
1754964512516,1754964512,KXMLBGAME-25AUG11WSHKC-WSH,6,94,78,yes
1754964513515,1754964513,KXMLBGAME-25AUG11WSHKC-KC,97,3,112,yes
1754964513516,1754964513,KXMLBGAME-25AUG11WSHKC-KC,97,3,61,yes
1754964513664,1754964513,KXMLBGAME-25AUG11AZTEX-AZ,65,35,15,yes
1754964513665,1754964513,KXMLBGAME-25AUG11AZTEX-AZ,65,35,15,yes
1754964515028,1754964514,KXMLBGAME-25AUG11AZTEX-AZ,65,35,23,yes
1754964515028,1754964514,KXMLBGAME-25AUG11AZTEX-AZ,65,35,2,yes
1754964515028,1754964514,KXMLBGAME-25AUG11AZTEX-AZ,65,35,10,yes
1754964515028,1754964514,KXMLBGAME-25AUG11AZTEX-AZ,65,35,22,yes
1754964515230,1754964515,KXMLBGAME-25AUG11BOSHOU-HOU,97,3,25,no
1754964515230,1754964515,KXMLBGAME-25AUG11BOSHOU-HOU,96,4,43,no
1754964515986,1754964515,KXMLBGAME-25AUG11COLSTL-STL,99,1,7,no
1754964516955,1754964516,KXMLBGAME-25AUG11AZTEX-TEX,38,62,63,yes
1754964519405,1754964519,KXMLBGAME-25AUG11AZTEX-TEX,38,62,237,yes
1754964519405,1754964519,KXMLBGAME-25AUG11AZTEX-TEX,39,61,523,yes
1754964519405,1754964519,KXMLBGAME-25AUG11AZTEX-TEX,39,61,112,yes
1754964519405,1754964519,KXMLBGAME-25AUG11AZTEX-TEX,40,60,250,yes
1754964519405,1754964519,KXMLBGAME-25AUG11AZTEX-TEX,41,59,165,yes
1754964520301,1754964520,KXMLBGAME-25AUG11WSHKC-KC,97,3,1,yes
1754964521704,1754964521,KXMLBGAME-25AUG11LADLAA-LAD,34,66,7,no
1754964525616,1754964525,KXMLBGAME-25AUG11WSHKC-WSH,6,94,15,yes
1754964528984,1754964528,KXMLBGAME-25AUG11AZTEX-TEX,39,61,39,yes
1754964532068,1754964531,KXMLBGAME-25AUG11SDSF-SD,41,59,1,yes
1754964535284,1754964535,KXMLBGAME-25AUG11DETCWS-DET,87,13,2,yes
1754964535284,1754964535,KXMLBGAME-25AUG11DETCWS-DET,88,12,13,yes
1754964536458,1754964536,KXMLBGAME-25AUG11AZTEX-AZ,65,35,1,yes
1754964536458,1754964536,KXMLBGAME-25AUG11AZTEX-AZ,65,35,69,yes
1754964537470,1754964537,KXMLBGAME-25AUG11BOSHOU-HOU,96,4,13,no
1754964537867,1754964537,KXMLBGAME-25AUG11AZTEX-TEX,38,62,2,yes
1754964542827,1754964542,KXMLBGAME-25AUG11AZTEX-TEX,37,63,77,yes
1754964544647,1754964544,KXMLBGAME-25AUG11SDSF-SD,44,56,1,yes
1754964544647,1754964544,KXMLBGAME-25AUG11SDSF-SD,45,55,9,yes
1754964545165,1754964545,KXMLBGAME-25AUG11SDSF-SF,57,43,90,yes
1754964545730,1754964545,KXMLBGAME-25AUG11LADLAA-LAD,36,64,9,yes
1754964548598,1754964548,KXMLBGAME-25AUG11LADLAA-LAD,36,64,106,yes
1754964551447,1754964551,KXMLBGAME-25AUG11AZTEX-TEX,37,63,223,yes
1754964551447,1754964551,KXMLBGAME-25AUG11AZTEX-TEX,38,62,112,yes
1754964551447,1754964551,KXMLBGAME-25AUG11AZTEX-TEX,39,61,600,yes
1754964551447,1754964551,KXMLBGAME-25AUG11AZTEX-TEX,40,60,250,yes
1754964551447,1754964551,KXMLBGAME-25AUG11AZTEX-TEX,41,59,94,yes
1754964551455,1754964551,KXMLBGAME-25AUG11BOSHOU-HOU,98,2,20,yes
1754964551495,1754964551,KXMLBGAME-25AUG11BOSHOU-HOU,98,2,9,no
1754964551508,1754964551,KXMLBGAME-25AUG11BOSHOU-BOS,3,97,9,no
1754964551576,1754964551,KXMLBGAME-25AUG11BOSHOU-BOS,3,97,53,no
1754964556165,1754964556,KXMLBGAME-25AUG11SDSF-SD,45,55,1,yes
1754964556165,1754964556,KXMLBGAME-25AUG11SDSF-SD,46,54,9,yes
1754964557155,1754964557,KXMLBGAME-25AUG11AZTEX-TEX,39,61,18,yes
1754964557945,1754964557,KXMLBGAME-25AUG11PITMIL-MIL,99,1,129,no
1754964559035,1754964559,KXMLBGAME-25AUG11BOSHOU-HOU,99,1,5,yes
1754964560945,1754964560,KXMLBGAME-25AUG11DETCWS-DET,81,19,1,no
1754964560945,1754964560,KXMLBGAME-25AUG11DETCWS-DET,80,20,49,no
1754964562634,1754964562,KXMLBGAME-25AUG11AZTEX-TEX,36,64,53,yes
1754964565074,1754964565,KXMLBGAME-25AUG11WSHKC-KC,95,5,52,no
1754964566395,1754964566,KXMLBGAME-25AUG11BOSHOU-HOU,97,3,59,no
1754964568098,1754964568,KXMLBGAME-25AUG11LADLAA-LAA,66,34,279,yes
1754964569234,1754964569,KXMLBGAME-25AUG11DETCWS-DET,81,19,1,no
1754964569234,1754964569,KXMLBGAME-25AUG11DETCWS-DET,80,20,45,no
1754964570628,1754964570,KXMLBGAME-25AUG11SDSF-SD,45,55,246,yes
1754964572935,1754964572,KXMLBGAME-25AUG11LADLAA-LAD,36,64,13,yes
1754964575835,1754964575,KXMLBGAME-25AUG11WSHKC-WSH,3,97,281,no
1754964576076,1754964576,KXMLBGAME-25AUG11DETCWS-CWS,8,92,5,no
1754964576076,1754964576,KXMLBGAME-25AUG11DETCWS-CWS,7,93,2,no
1754964576076,1754964576,KXMLBGAME-25AUG11DETCWS-CWS,6,94,2,no
1754964576076,1754964576,KXMLBGAME-25AUG11DETCWS-CWS,6,94,14,no
1754964576076,1754964576,KXMLBGAME-25AUG11DETCWS-CWS,5,95,135,no
1754964578436,1754964578,KXMLBGAME-25AUG11TBATH-TB,48,52,300,yes
1754964580515,1754964580,KXMLBGAME-25AUG11TBATH-ATH,51,49,94,yes
1754964580977,1754964580,KXMLBGAME-25AUG11TBATH-ATH,51,49,5,yes
1754964582575,1754964582,KXMLBGAME-25AUG11LADLAA-LAD,36,64,66,yes
1754964583094,1754964583,KXMLBGAME-25AUG11LADLAA-LAD,36,64,10,yes
1754964591016,1754964590,KXMLBGAME-25AUG11LADLAA-LAD,36,64,211,yes
1754964591016,1754964590,KXMLBGAME-25AUG11LADLAA-LAD,37,63,170,yes
1754964591016,1754964590,KXMLBGAME-25AUG11LADLAA-LAD,38,62,129,yes
1754964591915,1754964591,KXMLBGAME-25AUG11AZTEX-TEX,34,66,281,yes
1754964591975,1754964591,KXMLBGAME-25AUG11SDSF-SD,45,55,1,yes
1754964591975,1754964591,KXMLBGAME-25AUG11SDSF-SD,46,54,291,yes
1754964591975,1754964591,KXMLBGAME-25AUG11SDSF-SD,46,54,16,yes
1754964593011,1754964592,KXMLBGAME-25AUG11BOSHOU-HOU,97,3,69,no
1754964593277,1754964593,KXMLBGAME-25AUG11DETCWS-CWS,6,94,2,no
1754964593277,1754964593,KXMLBGAME-25AUG11DETCWS-CWS,6,94,20,no
1754964593277,1754964593,KXMLBGAME-25AUG11DETCWS-CWS,5,95,24,no
1754964596466,1754964596,KXMLBGAME-25AUG11AZTEX-TEX,35,65,8,yes
1754964597126,1754964597,KXMLBGAME-25AUG11DETCWS-CWS,15,85,6,yes
1754964600215,1754964600,KXMLBGAME-25AUG11BOSHOU-BOS,2,98,46,no
1754964602993,1754964602,KXMLBGAME-25AUG11BOSHOU-BOS,2,98,218,no
1754964602993,1754964602,KXMLBGAME-25AUG11BOSHOU-BOS,1,99,261,no
1754964603391,1754964603,KXMLBGAME-25AUG11DETCWS-DET,80,20,88,no
1754964603391,1754964603,KXMLBGAME-25AUG11DETCWS-DET,75,25,271,no
1754964603545,1754964603,KXMLBGAME-25AUG11LADLAA-LAD,36,64,300,yes
1754964605981,1754964605,KXMLBGAME-25AUG11LADLAA-LAD,37,63,64,yes
1754964606562,1754964606,KXMLBGAME-25AUG11WSHKC-KC,97,3,72,yes
1754964609237,1754964609,KXMLBGAME-25AUG11TBATH-ATH,53,47,112,yes
1754964609237,1754964609,KXMLBGAME-25AUG11TBATH-ATH,53,47,200,yes
1754964609238,1754964609,KXMLBGAME-25AUG11TBATH-ATH,53,47,400,yes
1754964609238,1754964609,KXMLBGAME-25AUG11TBATH-ATH,53,47,1,yes
1754964609238,1754964609,KXMLBGAME-25AUG11TBATH-ATH,54,46,200,yes
1754964609238,1754964609,KXMLBGAME-25AUG11TBATH-ATH,54,46,400,yes
1754964609238,1754964609,KXMLBGAME-25AUG11TBATH-ATH,54,46,250,yes
1754964609238,1754964609,KXMLBGAME-25AUG11TBATH-ATH,55,45,239,yes
1754964610003,1754964609,KXMLBGAME-25AUG11LADLAA-LAA,64,36,30,yes
1754964613423,1754964613,KXMLBGAME-25AUG11SDSF-SF,56,44,300,yes
1754964613423,1754964613,KXMLBGAME-25AUG11SDSF-SF,56,44,112,yes
1754964613438,1754964613,KXMLBGAME-25AUG11SDSF-SD,44,56,112,no
1754964616207,1754964616,KXMLBGAME-25AUG11SDSF-SF,58,42,1500,yes
1754964616883,1754964616,KXMLBGAME-25AUG11AZTEX-AZ,70,30,3,yes
1754964619274,1754964619,KXMLBGAME-25AUG11WSHKC-WSH,5,95,93,yes
1754964621680,1754964621,KXMLBGAME-25AUG11AZTEX-TEX,33,67,300,yes
1754964621680,1754964621,KXMLBGAME-25AUG11AZTEX-TEX,34,66,112,yes
1754964623485,1754964623,KXMLBGAME-25AUG11WSHKC-WSH,5,95,18,yes
1754964623756,1754964623,KXMLBGAME-25AUG11SDSF-SF,60,40,2,yes
1754964627434,1754964627,KXMLBGAME-25AUG11SDSF-SD,41,59,25,yes
1754964630297,1754964630,KXMLBGAME-25AUG11DETCWS-CWS,15,85,46,yes
1754964630926,1754964630,KXMLBGAME-25AUG11TBATH-ATH,54,46,1,yes
1754964630926,1754964630,KXMLBGAME-25AUG11TBATH-ATH,56,44,200,yes
1754964630926,1754964630,KXMLBGAME-25AUG11TBATH-ATH,56,44,400,yes
1754964630926,1754964630,KXMLBGAME-25AUG11TBATH-ATH,56,44,750,yes
1754964630926,1754964630,KXMLBGAME-25AUG11TBATH-ATH,56,44,250,yes
1754964630926,1754964630,KXMLBGAME-25AUG11TBATH-ATH,56,44,131,yes
1754964631425,1754964631,KXMLBGAME-25AUG11LADLAA-LAD,36,64,140,yes
1754964631534,1754964631,KXMLBGAME-25AUG11LADLAA-LAD,36,64,53,yes
1754964632327,1754964632,KXMLBGAME-25AUG11AZTEX-AZ,64,36,4,yes
1754964632787,1754964632,KXMLBGAME-25AUG11SDSF-SD,40,60,100,no
1754964632787,1754964632,KXMLBGAME-25AUG11SDSF-SD,40,60,2,no
1754964632787,1754964632,KXMLBGAME-25AUG11AZTEX-TEX,39,61,1,yes
1754964632916,1754964632,KXMLBGAME-25AUG11SDSF-SF,60,40,2,yes
1754964633545,1754964633,KXMLBGAME-25AUG11AZTEX-AZ,64,36,103,yes
1754964633546,1754964633,KXMLBGAME-25AUG11AZTEX-AZ,64,36,3,yes
1754964633546,1754964633,KXMLBGAME-25AUG11AZTEX-AZ,65,35,250,yes
1754964633546,1754964633,KXMLBGAME-25AUG11AZTEX-AZ,66,34,213,yes
1754964633906,1754964633,KXMLBGAME-25AUG11SDSF-SF,61,39,31,yes
1754964634440,1754964634,KXMLBGAME-25AUG11LADLAA-LAD,36,64,13,yes
1754964638019,1754964637,KXMLBGAME-25AUG11AZTEX-AZ,65,35,80,yes
1754964638716,1754964638,KXMLBGAME-25AUG11SDSF-SF,61,39,10,yes
1754964639595,1754964639,KXMLBGAME-25AUG11LADLAA-LAD,37,63,167,yes
1754964641856,1754964641,KXMLBGAME-25AUG11WSHKC-WSH,4,96,112,yes
1754964641856,1754964641,KXMLBGAME-25AUG11WSHKC-WSH,5,95,75,yes
1754964643776,1754964643,KXMLBGAME-25AUG11DETCWS-DET,76,24,1,no
1754964643776,1754964643,KXMLBGAME-25AUG11DETCWS-DET,75,25,104,no
1754964646545,1754964646,KXMLBGAME-25AUG11BOSHOU-HOU,97,3,172,no
1754964646545,1754964646,KXMLBGAME-25AUG11BOSHOU-HOU,97,3,108,no
1754964646798,1754964646,KXMLBGAME-25AUG11LADLAA-LAD,36,64,300,yes
1754964646798,1754964646,KXMLBGAME-25AUG11LADLAA-LAD,37,63,233,yes
1754964646798,1754964646,KXMLBGAME-25AUG11LADLAA-LAD,37,63,200,yes
1754964646798,1754964646,KXMLBGAME-25AUG11LADLAA-LAD,37,63,250,yes
1754964646798,1754964646,KXMLBGAME-25AUG11LADLAA-LAD,37,63,361,yes
1754964648731,1754964648,KXMLBGAME-25AUG11BOSHOU-HOU,97,3,16,no
1754964649205,1754964649,KXMLBGAME-25AUG11WSHKC-KC,97,3,93,yes
1754964649205,1754964649,KXMLBGAME-25AUG11WSHKC-KC,97,3,18,yes
1754964650596,1754964650,KXMLBGAME-25AUG11TBATH-ATH,55,45,1,yes
1754964650596,1754964650,KXMLBGAME-25AUG11TBATH-ATH,56,44,33,yes
1754964650847,1754964650,KXMLBGAME-25AUG11DETCWS-CWS,15,85,83,yes
1754964651206,1754964651,KXMLBGAME-25AUG11SDSF-SF,61,39,96,yes
1754964651206,1754964651,KXMLBGAME-25AUG11SDSF-SF,61,39,412,yes
1754964652657,1754964652,KXMLBGAME-25AUG11BOSHOU-HOU,97,3,15,no
1754964652755,1754964652,KXMLBGAME-25AUG11AZTEX-AZ,65,35,60,yes
1754964653115,1754964653,KXMLBGAME-25AUG11SDSF-SD,39,61,17,yes
1754964653554,1754964653,KXMLBGAME-25AUG11LADLAA-LAD,37,63,126,yes
1754964656605,1754964656,KXMLBGAME-25AUG11COLSTL-STL,99,1,25,no
1754964657175,1754964657,KXMLBGAME-25AUG11SDSF-SF,62,38,10,yes
1754964657422,1754964657,KXMLBGAME-25AUG11DETCWS-CWS,19,81,10,yes
1754964657422,1754964657,KXMLBGAME-25AUG11DETCWS-CWS,19,81,20,yes
1754964657422,1754964657,KXMLBGAME-25AUG11DETCWS-CWS,19,81,1,yes
1754964659116,1754964659,KXMLBGAME-25AUG11LADLAA-LAD,37,63,25,yes
1754964659469,1754964659,KXMLBGAME-25AUG11WSHKC-WSH,5,95,200,yes
1754964659469,1754964659,KXMLBGAME-25AUG11WSHKC-WSH,5,95,300,yes
1754964659469,1754964659,KXMLBGAME-25AUG11WSHKC-WSH,6,94,200,yes
1754964659469,1754964659,KXMLBGAME-25AUG11WSHKC-WSH,6,94,164,yes
1754964659831,1754964659,KXMLBGAME-25AUG11SDSF-SD,39,61,100,yes
1754964660924,1754964660,KXMLBGAME-25AUG11AZTEX-TEX,38,62,50,yes
1754964662837,1754964662,KXMLBGAME-25AUG11WSHKC-KC,96,4,2,no
1754964668347,1754964668,KXMLBGAME-25AUG11TBATH-TB,46,54,600,yes
1754964668347,1754964668,KXMLBGAME-25AUG11TBATH-TB,46,54,900,yes
1754964673885,1754964673,KXMLBGAME-25AUG11AZTEX-TEX,38,62,37,yes
1754964674396,1754964674,KXMLBGAME-25AUG11BOSHOU-BOS,3,97,12,yes
1754964676566,1754964676,KXMLBGAME-25AUG11BOSHOU-HOU,97,3,347,no
1754964682576,1754964682,KXMLBGAME-25AUG11WSHKC-KC,96,4,11,yes
1754964683946,1754964683,KXMLBGAME-25AUG11AZTEX-AZ,65,35,1,yes
1754964683946,1754964683,KXMLBGAME-25AUG11AZTEX-AZ,65,35,22,yes
1754964685325,1754964685,KXMLBGAME-25AUG11SDSF-SD,38,62,1,no
1754964685325,1754964685,KXMLBGAME-25AUG11SDSF-SD,37,63,93,no
1754964685326,1754964685,KXMLBGAME-25AUG11SDSF-SD,35,65,303,no
1754964686746,1754964686,KXMLBGAME-25AUG11WSHKC-KC,95,5,20,no
1754964686895,1754964686,KXMLBGAME-25AUG11BOSHOU-HOU,97,3,1031,no
1754964691555,1754964691,KXMLBGAME-25AUG11AZTEX-TEX,38,62,213,yes
1754964691555,1754964691,KXMLBGAME-25AUG11AZTEX-TEX,39,61,136,yes
1754964694049,1754964693,KXMLBGAME-25AUG11TBATH-TB,47,53,300,yes
1754964694049,1754964693,KXMLBGAME-25AUG11TBATH-TB,48,52,2,yes
1754964695554,1754964695,KXMLBGAME-25AUG11DETCWS-DET,76,24,1,no
1754964695554,1754964695,KXMLBGAME-25AUG11DETCWS-DET,75,25,18,no
1754964696897,1754964696,KXMLBGAME-25AUG11AZTEX-TEX,38,62,27,yes
1754964696897,1754964696,KXMLBGAME-25AUG11AZTEX-AZ,65,35,4,yes
1754964698099,1754964698,KXMLBGAME-25AUG11LADLAA-LAD,39,61,24,yes
1754964698099,1754964698,KXMLBGAME-25AUG11LADLAA-LAD,39,61,250,yes
1754964698099,1754964698,KXMLBGAME-25AUG11LADLAA-LAD,39,61,389,yes
1754964698662,1754964698,KXMLBGAME-25AUG11SDSF-SD,40,60,6,yes
1754964699019,1754964698,KXMLBGAME-25AUG11DETCWS-CWS,15,85,24,yes
1754964699066,1754964699,KXMLBGAME-25AUG11BOSHOU-BOS,1,99,12,no
1754964699174,1754964699,KXMLBGAME-25AUG11DETCWS-DET,80,20,24,yes
1754964703615,1754964703,KXMLBGAME-25AUG11LADLAA-LAD,39,61,18,yes
1754964703615,1754964703,KXMLBGAME-25AUG11LADLAA-LAD,40,60,30,yes
1754964703787,1754964703,KXMLBGAME-25AUG11AZTEX-TEX,38,62,63,yes
1754964704378,1754964704,KXMLBGAME-25AUG11AZTEX-TEX,38,62,63,yes
1754964705456,1754964705,KXMLBGAME-25AUG11AZTEX-TEX,38,62,141,yes
1754964706422,1754964706,KXMLBGAME-25AUG11DETCWS-CWS,6,94,20,no
1754964706422,1754964706,KXMLBGAME-25AUG11DETCWS-CWS,6,94,2,no
1754964706422,1754964706,KXMLBGAME-25AUG11DETCWS-CWS,5,95,139,no
1754964706775,1754964706,KXMLBGAME-25AUG11WSHKC-KC,95,5,2,yes
1754964706895,1754964706,KXMLBGAME-25AUG11BOSHOU-HOU,97,3,58,no
1754964712968,1754964712,KXMLBGAME-25AUG11SDSF-SF,61,39,300,yes
1754964712968,1754964712,KXMLBGAME-25AUG11SDSF-SF,62,38,71,yes
1754964712968,1754964712,KXMLBGAME-25AUG11SDSF-SF,63,37,567,yes
1754964712968,1754964712,KXMLBGAME-25AUG11DETCWS-DET,80,20,5,yes
1754964718186,1754964718,KXMLBGAME-25AUG11SDSF-SD,41,59,2,yes
1754964719093,1754964719,KXMLBGAME-25AUG11DETCWS-DET,80,20,45,yes
1754964719252,1754964719,KXMLBGAME-25AUG11LADLAA-LAD,39,61,13,yes
1754964719252,1754964719,KXMLBGAME-25AUG11LADLAA-LAD,39,61,60,yes
1754964723095,1754964723,KXMLBGAME-25AUG11BOSHOU-HOU,97,3,188,no
1754964724404,1754964724,KXMLBGAME-25AUG11DETCWS-CWS,7,93,2,no
1754964724404,1754964724,KXMLBGAME-25AUG11DETCWS-CWS,7,93,4,no
1754964728248,1754964728,KXMLBGAME-25AUG11DETCWS-DET,80,20,26,yes
1754964728401,1754964728,KXMLBGAME-25AUG11DETCWS-CWS,15,85,26,yes
1754964733205,1754964733,KXMLBGAME-25AUG11WSHKC-WSH,6,94,15,yes
1754964737296,1754964737,KXMLBGAME-25AUG11AZTEX-AZ,64,36,1,yes
1754964737296,1754964737,KXMLBGAME-25AUG11AZTEX-AZ,65,35,149,yes
1754964739313,1754964739,KXMLBGAME-25AUG11WSHKC-KC,95,5,58,yes
1754964739313,1754964739,KXMLBGAME-25AUG11WSHKC-KC,95,5,31,yes
1754964739375,1754964739,KXMLBGAME-25AUG11BOSHOU-BOS,3,97,12,yes
1754964744495,1754964744,KXMLBGAME-25AUG11DETCWS-DET,80,20,14,yes
1754964744495,1754964744,KXMLBGAME-25AUG11DETCWS-DET,80,20,79,yes
1754964745725,1754964745,KXMLBGAME-25AUG11BOSHOU-HOU,97,3,173,no
1754964748406,1754964748,KXMLBGAME-25AUG11DETCWS-CWS,15,85,62,yes
1754964749220,1754964749,KXMLBGAME-25AUG11TBATH-TB,47,53,377,yes
1754964749326,1754964749,KXMLBGAME-25AUG11AZTEX-TEX,38,62,3,yes
1754964752755,1754964752,KXMLBGAME-25AUG11DETCWS-DET,80,20,6,yes
1754964752755,1754964752,KXMLBGAME-25AUG11DETCWS-DET,80,20,14,yes
1754964752774,1754964752,KXMLBGAME-25AUG11AZTEX-AZ,64,36,1,yes
1754964752774,1754964752,KXMLBGAME-25AUG11AZTEX-AZ,65,35,14,yes
1754964752997,1754964752,KXMLBGAME-25AUG11SDSF-SD,41,59,46,yes
1754964754755,1754964754,KXMLBGAME-25AUG11TBATH-ATH,55,45,1,yes
1754964756507,1754964756,KXMLBGAME-25AUG11LADLAA-LAD,39,61,2,yes
1754964757332,1754964757,KXMLBGAME-25AUG11SDSF-SF,61,39,300,yes
1754964757332,1754964757,KXMLBGAME-25AUG11AZTEX-AZ,62,38,50,no
1754964762225,1754964762,KXMLBGAME-25AUG11AZTEX-TEX,38,62,12,yes
1754964762765,1754964762,KXMLBGAME-25AUG11LADLAA-LAD,39,61,14,yes
1754964762856,1754964762,KXMLBGAME-25AUG11WSHKC-WSH,6,94,15,yes
1754964764887,1754964764,KXMLBGAME-25AUG11AZTEX-AZ,64,36,1,yes
1754964764887,1754964764,KXMLBGAME-25AUG11AZTEX-AZ,65,35,6,yes
1754964766265,1754964766,KXMLBGAME-25AUG11AZTEX-TEX,38,62,126,yes
1754964772665,1754964772,KXMLBGAME-25AUG11BOSHOU-BOS,3,97,200,yes
1754964772665,1754964772,KXMLBGAME-25AUG11BOSHOU-BOS,4,96,201,yes
1754964773266,1754964773,KXMLBGAME-25AUG11WSHKC-KC,95,5,158,yes
1754964773266,1754964773,KXMLBGAME-25AUG11WSHKC-KC,95,5,164,yes
1754964778338,1754964778,KXMLBGAME-25AUG11WSHKC-KC,96,4,54,yes
1754964778338,1754964778,KXMLBGAME-25AUG11WSHKC-KC,96,4,25,yes
1754964780776,1754964780,KXMLBGAME-25AUG11WSHKC-WSH,6,94,31,yes
1754964781916,1754964781,KXMLBGAME-25AUG11LADLAA-LAD,38,62,53,no
1754964783389,1754964783,KXMLBGAME-25AUG11AZTEX-TEX,37,63,10,yes
1754964785758,1754964785,KXMLBGAME-25AUG11LADLAA-LAD,38,62,12,yes
1754964789852,1754964789,KXMLBGAME-25AUG11SDSF-SD,40,60,9,yes
1754964792464,1754964792,KXMLBGAME-25AUG11WSHKC-WSH,6,94,78,yes
1754964792562,1754964792,KXMLBGAME-25AUG11BOSHOU-HOU,95,5,23,no
1754964793581,1754964793,KXMLBGAME-25AUG11WSHKC-KC,96,4,10,yes
1754964799478,1754964799,KXMLBGAME-25AUG11AZTEX-AZ,64,36,1,yes
1754964799478,1754964799,KXMLBGAME-25AUG11AZTEX-AZ,64,36,6,yes
1754964799793,1754964799,KXMLBGAME-25AUG11AZTEX-TEX,36,64,1,no
1754964800880,1754964800,KXMLBGAME-25AUG11AZTEX-TEX,36,64,10,yes
1754964807645,1754964807,KXMLBGAME-25AUG11SDSF-SD,45,55,13,yes
1754964807727,1754964807,KXMLBGAME-25AUG11LADLAA-LAD,37,63,7,yes
1754964808576,1754964808,KXMLBGAME-25AUG11LADLAA-LAD,37,63,7,yes
1754964811155,1754964811,KXMLBGAME-25AUG11LADLAA-LAD,37,63,77,yes
1754964812277,1754964812,KXMLBGAME-25AUG11AZTEX-AZ,65,35,45,yes
1754964813486,1754964813,KXMLBGAME-25AUG11TBATH-ATH,56,44,112,yes
1754964813486,1754964813,KXMLBGAME-25AUG11TBATH-ATH,56,44,1,yes
1754964813486,1754964813,KXMLBGAME-25AUG11TBATH-ATH,56,44,1500,yes
1754964813486,1754964813,KXMLBGAME-25AUG11TBATH-ATH,57,43,92,yes
1754964813952,1754964813,KXMLBGAME-25AUG11WSHKC-KC,96,4,10,yes
1754964814034,1754964813,KXMLBGAME-25AUG11AZTEX-AZ,65,35,300,yes
1754964816120,1754964816,KXMLBGAME-25AUG11WSHKC-WSH,4,96,9,no
1754964816185,1754964816,KXMLBGAME-25AUG11SDSF-SD,44,56,2,yes
1754964816349,1754964816,KXMLBGAME-25AUG11SDSF-SF,57,43,300,yes
1754964816349,1754964816,KXMLBGAME-25AUG11SDSF-SF,58,42,68,yes
1754964816349,1754964816,KXMLBGAME-25AUG11SDSF-SF,58,42,146,yes
1754964817017,1754964816,KXMLBGAME-25AUG11BOSHOU-HOU,98,2,35,yes
1754964817017,1754964816,KXMLBGAME-25AUG11BOSHOU-HOU,98,2,19,yes
1754964822545,1754964822,KXMLBGAME-25AUG11TBATH-ATH,56,44,17,yes
1754964822684,1754964822,KXMLBGAME-25AUG11LADLAA-LAD,38,62,12,yes
1754964822935,1754964822,KXMLBGAME-25AUG11DETCWS-DET,87,13,3,yes
1754964825748,1754964825,KXMLBGAME-25AUG11LADLAA-LAD,38,62,276,yes
1754964825748,1754964825,KXMLBGAME-25AUG11LADLAA-LAD,38,62,10,yes
1754964825748,1754964825,KXMLBGAME-25AUG11LADLAA-LAD,39,61,217,yes
1754964828915,1754964828,KXMLBGAME-25AUG11AZTEX-AZ,68,32,50,yes
1754964832169,1754964832,KXMLBGAME-25AUG11SDSF-SD,46,54,600,no
1754964832169,1754964832,KXMLBGAME-25AUG11SDSF-SD,46,54,300,no
1754964832169,1754964832,KXMLBGAME-25AUG11SDSF-SD,45,55,600,no
1754964832746,1754964832,KXMLBGAME-25AUG11LADLAA-LAA,63,37,329,yes
1754964832746,1754964832,KXMLBGAME-25AUG11LADLAA-LAA,63,37,617,yes
1754964832746,1754964832,KXMLBGAME-25AUG11LADLAA-LAA,64,36,400,yes
1754964832746,1754964832,KXMLBGAME-25AUG11LADLAA-LAA,65,35,300,yes
1754964832746,1754964832,KXMLBGAME-25AUG11LADLAA-LAA,65,35,400,yes
1754964832747,1754964832,KXMLBGAME-25AUG11LADLAA-LAA,65,35,200,yes
1754964832747,1754964832,KXMLBGAME-25AUG11LADLAA-LAA,65,35,1,yes
1754964832747,1754964832,KXMLBGAME-25AUG11LADLAA-LAA,66,34,112,yes
1754964832747,1754964832,KXMLBGAME-25AUG11LADLAA-LAA,66,34,200,yes
1754964832747,1754964832,KXMLBGAME-25AUG11LADLAA-LAA,67,33,20,yes
1754964832747,1754964832,KXMLBGAME-25AUG11LADLAA-LAA,68,32,433,yes
1754964833595,1754964833,KXMLBGAME-25AUG11LADLAA-LAD,37,63,25,yes
1754964833616,1754964833,KXMLBGAME-25AUG11LADLAA-LAD,37,63,225,yes
1754964833616,1754964833,KXMLBGAME-25AUG11LADLAA-LAD,37,63,36,yes
1754964833616,1754964833,KXMLBGAME-25AUG11LADLAA-LAD,38,62,146,yes
1754964837076,1754964837,KXMLBGAME-25AUG11TBATH-ATH,56,44,17,yes
1754964838044,1754964838,KXMLBGAME-25AUG11TBATH-ATH,57,43,108,yes
1754964838044,1754964838,KXMLBGAME-25AUG11TBATH-ATH,57,43,62,yes
1754964838056,1754964838,KXMLBGAME-25AUG11SDSF-SF,53,47,13,yes
1754964838056,1754964838,KXMLBGAME-25AUG11SDSF-SF,54,46,200,yes
1754964838056,1754964838,KXMLBGAME-25AUG11SDSF-SF,54,46,20,yes
1754964838660,1754964838,KXMLBGAME-25AUG11WSHKC-KC,97,3,10,yes
1754964840695,1754964840,KXMLBGAME-25AUG11DETCWS-CWS,15,85,51,yes
1754964840695,1754964840,KXMLBGAME-25AUG11DETCWS-CWS,19,81,17,yes
1754964840695,1754964840,KXMLBGAME-25AUG11DETCWS-CWS,20,80,132,yes
1754964842576,1754964842,KXMLBGAME-25AUG11LADLAA-LAD,37,63,27,yes
1754964842576,1754964842,KXMLBGAME-25AUG11LADLAA-LAD,37,63,76,yes
1754964843275,1754964843,KXMLBGAME-25AUG11SDSF-SD,48,52,4,yes
1754964847035,1754964846,KXMLBGAME-25AUG11SDSF-SF,53,47,18,yes
1754964849235,1754964849,KXMLBGAME-25AUG11SDSF-SD,48,52,16,yes
1754964849235,1754964849,KXMLBGAME-25AUG11SDSF-SD,48,52,172,yes
1754964849517,1754964849,KXMLBGAME-25AUG11TBATH-ATH,57,43,1703,yes
1754964855906,1754964855,KXMLBGAME-25AUG11BOSHOU-HOU,98,2,110,yes
1754964856676,1754964856,KXMLBGAME-25AUG11AZTEX-TEX,30,70,128,yes
1754964858365,1754964858,KXMLBGAME-25AUG11TBATH-ATH,57,43,4,yes
1754964860396,1754964860,KXMLBGAME-25AUG11WSHKC-KC,97,3,37,yes
1754964862133,1754964862,KXMLBGAME-25AUG11AZTEX-TEX,30,70,146,yes
1754964864291,1754964864,KXMLBGAME-25AUG11TBATH-ATH,57,43,74,yes
1754964864291,1754964864,KXMLBGAME-25AUG11TBATH-ATH,57,43,1629,yes
1754964864862,1754964864,KXMLBGAME-25AUG11SDSF-SD,48,52,3,yes
1754964872262,1754964872,KXMLBGAME-25AUG11SDSF-SF,53,47,282,yes
1754964874826,1754964874,KXMLBGAME-25AUG11BOSHOU-BOS,3,97,300,yes
1754964877585,1754964877,KXMLBGAME-25AUG11WSHKC-KC,98,2,55,yes
1754964877896,1754964877,KXMLBGAME-25AUG11WSHKC-WSH,2,98,33,no
1754964879286,1754964879,KXMLBGAME-25AUG11BOSHOU-BOS,3,97,300,yes
1754964881295,1754964881,KXMLBGAME-25AUG11BOSHOU-BOS,4,96,199,yes
1754964881295,1754964881,KXMLBGAME-25AUG11BOSHOU-BOS,4,96,200,yes
1754964881496,1754964881,KXMLBGAME-25AUG11LADLAA-LAD,40,60,11,yes
1754964882156,1754964882,KXMLBGAME-25AUG11WSHKC-WSH,5,95,37,yes
1754964882335,1754964882,KXMLBGAME-25AUG11LADLAA-LAD,39,61,2,yes
1754964883356,1754964883,KXMLBGAME-25AUG11BOSHOU-HOU,95,5,13,no
1754964883446,1754964883,KXMLBGAME-25AUG11BOSHOU-BOS,5,95,877,yes
1754964885454,1754964885,KXMLBGAME-25AUG11SDSF-SF,53,47,300,yes
1754964886246,1754964886,KXMLBGAME-25AUG11WSHKC-WSH,5,95,163,yes
1754964886246,1754964886,KXMLBGAME-25AUG11WSHKC-WSH,5,95,24,yes
1754964886626,1754964886,KXMLBGAME-25AUG11SDSF-SD,48,52,5,yes
1754964888987,1754964888,KXMLBGAME-25AUG11AZTEX-AZ,73,27,134,yes
1754964889596,1754964889,KXMLBGAME-25AUG11LADLAA-LAD,39,61,24,yes
1754964891126,1754964891,KXMLBGAME-25AUG11DETCWS-DET,80,20,3,no
1754964891126,1754964891,KXMLBGAME-25AUG11DETCWS-DET,79,21,157,no
1754964891566,1754964891,KXMLBGAME-25AUG11LADLAA-LAD,38,62,37,yes
1754964891856,1754964891,KXMLBGAME-25AUG11AZTEX-AZ,73,27,29,yes
1754964893457,1754964893,KXMLBGAME-25AUG11DETCWS-CWS,20,80,142,yes
1754964894395,1754964894,KXMLBGAME-25AUG11AZTEX-TEX,29,71,32,yes
1754964896970,1754964896,KXMLBGAME-25AUG11LADLAA-LAD,38,62,12,yes
1754964899755,1754964899,KXMLBGAME-25AUG11DETCWS-DET,88,12,3,yes
1754964902246,1754964902,KXMLBGAME-25AUG11AZTEX-AZ,71,29,300,no
1754964902247,1754964902,KXMLBGAME-25AUG11AZTEX-AZ,71,29,112,no
1754964902247,1754964902,KXMLBGAME-25AUG11AZTEX-AZ,69,31,539,no
1754964902866,1754964902,KXMLBGAME-25AUG11BOSHOU-HOU,95,5,112,yes
1754964904125,1754964904,KXMLBGAME-25AUG11LADLAA-LAD,38,62,25,yes
1754964907905,1754964907,KXMLBGAME-25AUG11WSHKC-KC,98,2,10,yes
1754964909995,1754964909,KXMLBGAME-25AUG11LADLAA-LAD,38,62,200,yes
1754964913276,1754964913,KXMLBGAME-25AUG11BOSHOU-HOU,95,5,112,yes
1754964915635,1754964915,KXMLBGAME-25AUG11LADLAA-LAD,38,62,24,yes
1754964915635,1754964915,KXMLBGAME-25AUG11LADLAA-LAD,38,62,13,yes
1754964917356,1754964917,KXMLBGAME-25AUG11LADLAA-LAD,38,62,14,yes
1754964921079,1754964921,KXMLBGAME-25AUG11WSHKC-KC,98,2,10,yes
1754964922935,1754964922,KXMLBGAME-25AUG11WSHKC-WSH,2,98,17,no
1754964924006,1754964923,KXMLBGAME-25AUG11BOSHOU-BOS,5,95,300,yes
1754964926486,1754964926,KXMLBGAME-25AUG11AZTEX-AZ,72,28,12,yes
1754964932647,1754964932,KXMLBGAME-25AUG11BOSHOU-HOU,95,5,103,yes
1754964933407,1754964933,KXMLBGAME-25AUG11TBATH-TB,44,56,36,no
1754964933408,1754964933,KXMLBGAME-25AUG11DETCWS-DET,81,19,99,no
1754964933408,1754964933,KXMLBGAME-25AUG11DETCWS-DET,80,20,17,no
1754964933408,1754964933,KXMLBGAME-25AUG11DETCWS-DET,79,21,543,no
1754964933408,1754964933,KXMLBGAME-25AUG11DETCWS-DET,79,21,99,no
1754964933408,1754964933,KXMLBGAME-25AUG11DETCWS-DET,77,23,255,no
1754964933547,1754964933,KXMLBGAME-25AUG11TBATH-ATH,57,43,58,yes
1754964934765,1754964934,KXMLBGAME-25AUG11AZTEX-TEX,29,71,16,yes
1754964934767,1754964934,KXMLBGAME-25AUG11LADLAA-LAD,38,62,25,yes
1754964937145,1754964937,KXMLBGAME-25AUG11BOSHOU-BOS,5,95,18,yes
1754964943617,1754964943,KXMLBGAME-25AUG11AZTEX-AZ,71,29,300,no
1754964950950,1754964950,KXMLBGAME-25AUG11WSHKC-WSH,5,95,37,yes
1754964951352,1754964951,KXMLBGAME-25AUG11WSHKC-WSH,5,95,93,yes
1754964952352,1754964952,KXMLBGAME-25AUG11TBATH-ATH,60,40,15,yes
1754964954160,1754964953,KXMLBGAME-25AUG11AZTEX-AZ,71,29,422,yes
1754964954160,1754964953,KXMLBGAME-25AUG11AZTEX-AZ,72,28,300,yes
1754964954160,1754964953,KXMLBGAME-25AUG11AZTEX-AZ,73,27,67,yes
1754964954160,1754964953,KXMLBGAME-25AUG11AZTEX-AZ,73,27,102,yes
1754964955872,1754964955,KXMLBGAME-25AUG11BOSHOU-HOU,94,6,100,no
1754964955872,1754964955,KXMLBGAME-25AUG11BOSHOU-HOU,93,7,300,no
1754964955872,1754964955,KXMLBGAME-25AUG11BOSHOU-HOU,93,7,300,no
1754964955876,1754964955,KXMLBGAME-25AUG11BOSHOU-HOU,92,8,600,no
1754964955876,1754964955,KXMLBGAME-25AUG11BOSHOU-HOU,91,9,137,no
1754964960227,1754964960,KXMLBGAME-25AUG11LADLAA-LAD,38,62,114,yes
1754964960454,1754964960,KXMLBGAME-25AUG11LADLAA-LAD,38,62,50,yes
1754964963556,1754964963,KXMLBGAME-25AUG11LADLAA-LAA,63,37,15,yes
1754964967595,1754964967,KXMLBGAME-25AUG11SDSF-SF,52,48,37,yes
1754964972347,1754964972,KXMLBGAME-25AUG11SDSF-SD,49,51,20,yes
1754964974127,1754964974,KXMLBGAME-25AUG11LADLAA-LAD,38,62,126,yes
1754964974585,1754964974,KXMLBGAME-25AUG11AZTEX-AZ,72,28,6,yes
1754964975436,1754964975,KXMLBGAME-25AUG11AZTEX-TEX,28,72,149,no
1754964979386,1754964979,KXMLBGAME-25AUG11BOSHOU-HOU,92,8,12,no
1754964980127,1754964980,KXMLBGAME-25AUG11LADLAA-LAD,38,62,35,yes
1754964984036,1754964984,KXMLBGAME-25AUG11DETCWS-CWS,12,88,6,no
1754964984318,1754964984,KXMLBGAME-25AUG11LADLAA-LAD,38,62,20,yes
1754964986167,1754964986,KXMLBGAME-25AUG11LADLAA-LAD,38,62,25,yes
1754964987106,1754964987,KXMLBGAME-25AUG11DETCWS-DET,86,14,66,yes
1754964991931,1754964991,KXMLBGAME-25AUG11AZTEX-TEX,30,70,15,yes
1754964995200,1754964995,KXMLBGAME-25AUG11DETCWS-CWS,12,88,17,no
1754964996137,1754964996,KXMLBGAME-25AUG11AZTEX-TEX,30,70,97,yes
1754964996137,1754964996,KXMLBGAME-25AUG11AZTEX-TEX,30,70,3,yes
1754964997196,1754964997,KXMLBGAME-25AUG11WSHKC-WSH,3,97,112,yes
1754964997196,1754964997,KXMLBGAME-25AUG11WSHKC-WSH,3,97,123,yes
1754965001567,1754965001,KXMLBGAME-25AUG11LADLAA-LAD,38,62,252,yes
1754965002616,1754965002,KXMLBGAME-25AUG11LADLAA-LAA,63,37,4,yes
1754965004246,1754965004,KXMLBGAME-25AUG11WSHKC-WSH,2,98,127,no
1754965006275,1754965006,KXMLBGAME-25AUG11LADLAA-LAA,63,37,15,yes
1754965006956,1754965006,KXMLBGAME-25AUG11WSHKC-KC,98,2,10,yes
1754965010245,1754965010,KXMLBGAME-25AUG11AZTEX-TEX,30,70,31,yes
1754965010306,1754965010,KXMLBGAME-25AUG11LADLAA-LAD,38,62,25,yes
1754965010585,1754965010,KXMLBGAME-25AUG11AZTEX-TEX,30,70,47,yes
1754965012055,1754965012,KXMLBGAME-25AUG11WSHKC-KC,98,2,140,yes
1754965018151,1754965018,KXMLBGAME-25AUG11BOSHOU-HOU,96,4,1,yes
1754965018927,1754965018,KXMLBGAME-25AUG11SDSF-SF,52,48,300,yes
1754965018927,1754965018,KXMLBGAME-25AUG11SDSF-SF,53,47,45,yes
1754965018927,1754965018,KXMLBGAME-25AUG11SDSF-SF,53,47,1487,yes
1754965018945,1754965018,KXMLBGAME-25AUG11AZTEX-AZ,77,23,200,yes
1754965018946,1754965018,KXMLBGAME-25AUG11AZTEX-AZ,78,22,200,yes
1754965018946,1754965018,KXMLBGAME-25AUG11AZTEX-AZ,81,19,600,yes
1754965018946,1754965018,KXMLBGAME-25AUG11AZTEX-AZ,81,19,204,yes
1754965021464,1754965021,KXMLBGAME-25AUG11LADLAA-LAD,38,62,74,yes
1754965025104,1754965025,KXMLBGAME-25AUG11BOSHOU-BOS,5,95,187,yes
1754965026054,1754965026,KXMLBGAME-25AUG11LADLAA-LAA,62,38,15,yes
1754965027516,1754965027,KXMLBGAME-25AUG11LADLAA-LAD,39,61,2,yes
1754965028805,1754965028,KXMLBGAME-25AUG11BOSHOU-BOS,5,95,32,yes
1754965028805,1754965028,KXMLBGAME-25AUG11BOSHOU-BOS,5,95,155,yes
1754965029967,1754965029,KXMLBGAME-25AUG11BOSHOU-BOS,5,95,93,yes
1754965030315,1754965030,KXMLBGAME-25AUG11WSHKC-KC,99,1,10,yes
1754965034877,1754965034,KXMLBGAME-25AUG11SDSF-SF,53,47,9,yes
1754965035666,1754965035,KXMLBGAME-25AUG11BOSHOU-HOU,93,7,112,no
1754965036346,1754965036,KXMLBGAME-25AUG11WSHKC-WSH,4,96,14,yes
1754965036948,1754965036,KXMLBGAME-25AUG11DETCWS-DET,77,23,128,no
1754965037064,1754965037,KXMLBGAME-25AUG11TBATH-TB,46,54,10,yes
1754965037661,1754965037,KXMLBGAME-25AUG11LADLAA-LAA,62,38,31,yes
1754965038281,1754965038,KXMLBGAME-25AUG11DETCWS-DET,77,23,190,no
1754965038281,1754965038,KXMLBGAME-25AUG11AZTEX-TEX,25,75,111,yes
1754965040456,1754965040,KXMLBGAME-25AUG11AZTEX-TEX,25,75,7,yes
1754965042059,1754965041,KXMLBGAME-25AUG11WSHKC-WSH,2,98,123,no
1754965042663,1754965042,KXMLBGAME-25AUG11AZTEX-TEX,25,75,7,yes
1754965042665,1754965042,KXMLBGAME-25AUG11AZTEX-TEX,23,77,5,no
1754965044078,1754965044,KXMLBGAME-25AUG11TBATH-TB,45,55,188,yes
1754965047018,1754965046,KXMLBGAME-25AUG11TBATH-TB,45,55,40,no
1754965047279,1754965047,KXMLBGAME-25AUG11TBATH-TB,45,55,22,yes
1754965047279,1754965047,KXMLBGAME-25AUG11TBATH-TB,46,54,668,yes
1754965047393,1754965047,KXMLBGAME-25AUG11TBATH-ATH,54,46,80,no
1754965047393,1754965047,KXMLBGAME-25AUG11TBATH-ATH,54,46,610,no
1754965048459,1754965048,KXMLBGAME-25AUG11TBATH-ATH,54,46,300,no
1754965048946,1754965048,KXMLBGAME-25AUG11LADLAA-LAD,39,61,21,yes
1754965049077,1754965049,KXMLBGAME-25AUG11BOSHOU-HOU,93,7,202,yes
1754965049116,1754965049,KXMLBGAME-25AUG11TBATH-TB,46,54,10,yes
1754965050136,1754965050,KXMLBGAME-25AUG11WSHKC-WSH,1,99,77,no
1754965052588,1754965052,KXMLBGAME-25AUG11LADLAA-LAA,63,37,3,yes
1754965052648,1754965052,KXMLBGAME-25AUG11WSHKC-WSH,1,99,14,no
1754965054586,1754965054,KXMLBGAME-25AUG11WSHKC-KC,98,2,29,no
1754965056806,1754965056,KXMLBGAME-25AUG11BOSHOU-HOU,96,4,299,yes
1754965056806,1754965056,KXMLBGAME-25AUG11BOSHOU-HOU,96,4,327,yes
1754965056806,1754965056,KXMLBGAME-25AUG11BOSHOU-HOU,96,4,877,yes
1754965058415,1754965058,KXMLBGAME-25AUG11LADLAA-LAD,38,62,1,no
1754965058415,1754965058,KXMLBGAME-25AUG11LADLAA-LAD,37,63,1,no
1754965061105,1754965061,KXMLBGAME-25AUG11LADLAA-LAD,39,61,4,yes
1754965063117,1754965063,KXMLBGAME-25AUG11LADLAA-LAD,40,60,20,yes
1754965063117,1754965063,KXMLBGAME-25AUG11LADLAA-LAD,40,60,99,yes
1754965063225,1754965063,KXMLBGAME-25AUG11TBATH-TB,48,52,300,yes
1754965064510,1754965064,KXMLBGAME-25AUG11LADLAA-LAD,40,60,23,yes
1754965069647,1754965069,KXMLBGAME-25AUG11BOSHOU-BOS,5,95,8,yes
1754965070635,1754965070,KXMLBGAME-25AUG11WSHKC-WSH,3,97,2,yes
1754965073709,1754965073,KXMLBGAME-25AUG11BOSHOU-BOS,5,95,44,yes
1754965073709,1754965073,KXMLBGAME-25AUG11BOSHOU-BOS,5,95,49,yes
1754965083106,1754965083,KXMLBGAME-25AUG11LADLAA-LAD,39,61,16,yes
1754965083107,1754965083,KXMLBGAME-25AUG11LADLAA-LAD,39,61,229,yes
1754965084215,1754965084,KXMLBGAME-25AUG11AZTEX-AZ,77,23,28,yes
1754965084929,1754965084,KXMLBGAME-25AUG11LADLAA-LAD,39,61,73,yes
1754965086986,1754965086,KXMLBGAME-25AUG11WSHKC-WSH,4,96,117,yes
1754965087656,1754965087,KXMLBGAME-25AUG11LADLAA-LAA,64,36,14,yes
1754965090435,1754965090,KXMLBGAME-25AUG11AZTEX-TEX,25,75,19,yes
1754965092205,1754965092,KXMLBGAME-25AUG11SDSF-SD,46,54,50,yes
1754965092406,1754965092,KXMLBGAME-25AUG11LADLAA-LAA,64,36,68,yes
1754965093205,1754965093,KXMLBGAME-25AUG11BOSHOU-BOS,4,96,251,no
1754965095579,1754965095,KXMLBGAME-25AUG11SDSF-SD,45,55,55,yes
1754965098236,1754965098,KXMLBGAME-25AUG11WSHKC-KC,99,1,20,yes
1754965103366,1754965103,KXMLBGAME-25AUG11SDSF-SF,57,43,170,yes
1754965106303,1754965106,KXMLBGAME-25AUG11WSHKC-KC,98,2,11,no
1754965113536,1754965113,KXMLBGAME-25AUG11SDSF-SF,57,43,119,yes
1754965114538,1754965114,KXMLBGAME-25AUG11SDSF-SD,46,54,112,yes
1754965114538,1754965114,KXMLBGAME-25AUG11SDSF-SD,46,54,933,yes
1754965114905,1754965114,KXMLBGAME-25AUG11DETCWS-DET,77,23,99,no
1754965115285,1754965115,KXMLBGAME-25AUG11SDSF-SD,46,54,1,yes
1754965115377,1754965115,KXMLBGAME-25AUG11BOSHOU-BOS,5,95,1,yes
1754965116165,1754965116,KXMLBGAME-25AUG11LADLAA-LAD,37,63,209,yes
1754965116444,1754965116,KXMLBGAME-25AUG11AZTEX-TEX,25,75,156,yes
1754965116444,1754965116,KXMLBGAME-25AUG11AZTEX-TEX,26,74,112,yes
1754965116444,1754965116,KXMLBGAME-25AUG11AZTEX-TEX,26,74,103,yes
1754965118369,1754965118,KXMLBGAME-25AUG11SDSF-SF,57,43,7,yes
1754965122747,1754965122,KXMLBGAME-25AUG11BOSHOU-HOU,96,4,997,no
1754965123151,1754965122,KXMLBGAME-25AUG11LADLAA-LAA,65,35,30,yes
1754965124851,1754965124,KXMLBGAME-25AUG11DETCWS-DET,77,23,25,no
1754965125863,1754965125,KXMLBGAME-25AUG11BOSHOU-BOS,6,94,78,yes
1754965126459,1754965126,KXMLBGAME-25AUG11DETCWS-DET,77,23,201,no
1754965134452,1754965134,KXMLBGAME-25AUG11LADLAA-LAD,36,64,82,yes
1754965134452,1754965134,KXMLBGAME-25AUG11LADLAA-LAD,37,63,46,yes
1754965136286,1754965136,KXMLBGAME-25AUG11AZTEX-TEX,25,75,1,yes
1754965137985,1754965137,KXMLBGAME-25AUG11SDSF-SD,46,54,261,yes
1754965139516,1754965139,KXMLBGAME-25AUG11BOSHOU-BOS,9,91,20,yes
1754965139986,1754965139,KXMLBGAME-25AUG11LADLAA-LAD,37,63,4,yes
1754965140629,1754965140,KXMLBGAME-25AUG11AZTEX-TEX,25,75,104,yes
1754965145416,1754965145,KXMLBGAME-25AUG11WSHKC-WSH,4,96,70,yes
1754965146716,1754965146,KXMLBGAME-25AUG11LADLAA-LAD,37,63,51,yes
1754965147085,1754965147,KXMLBGAME-25AUG11DETCWS-DET,77,23,71,no
1754965147534,1754965147,KXMLBGAME-25AUG11SDSF-SF,57,43,72,yes
1754965147535,1754965147,KXMLBGAME-25AUG11SDSF-SF,57,43,5,yes
1754965147535,1754965147,KXMLBGAME-25AUG11SDSF-SF,57,43,168,yes
1754965149496,1754965149,KXMLBGAME-25AUG11LADLAA-LAD,37,63,245,yes
1754965151995,1754965151,KXMLBGAME-25AUG11WSHKC-WSH,2,98,15,no
1754965153026,1754965152,KXMLBGAME-25AUG11WSHKC-KC,99,1,50,yes
1754965155666,1754965155,KXMLBGAME-25AUG11AZTEX-TEX,25,75,13,yes
1754965157455,1754965157,KXMLBGAME-25AUG11BOSHOU-BOS,14,86,46,yes
1754965157455,1754965157,KXMLBGAME-25AUG11BOSHOU-BOS,15,85,45,yes
1754965157485,1754965157,KXMLBGAME-25AUG11BOSHOU-HOU,90,10,46,no
1754965157494,1754965157,KXMLBGAME-25AUG11BOSHOU-HOU,90,10,154,no
1754965157494,1754965157,KXMLBGAME-25AUG11BOSHOU-HOU,90,10,4,no
1754965157495,1754965157,KXMLBGAME-25AUG11BOSHOU-HOU,90,10,20,no
1754965157495,1754965157,KXMLBGAME-25AUG11BOSHOU-BOS,15,85,224,no
1754965157535,1754965157,KXMLBGAME-25AUG11BOSHOU-BOS,15,85,178,no
1754965157627,1754965157,KXMLBGAME-25AUG11BOSHOU-BOS,15,85,100,no
1754965158477,1754965158,KXMLBGAME-25AUG11BOSHOU-HOU,85,15,100,no
1754965159065,1754965159,KXMLBGAME-25AUG11BOSHOU-BOS,17,83,100,yes
1754965161186,1754965161,KXMLBGAME-25AUG11LADLAA-LAD,37,63,36,no
1754965162965,1754965162,KXMLBGAME-25AUG11AZTEX-TEX,25,75,114,yes
1754965163364,1754965163,KXMLBGAME-25AUG11WSHKC-WSH,5,95,112,yes
1754965163486,1754965163,KXMLBGAME-25AUG11SDSF-SD,44,56,32,yes
1754965165908,1754965165,KXMLBGAME-25AUG11WSHKC-WSH,5,95,1,yes
1754965168976,1754965168,KXMLBGAME-25AUG11SDSF-SD,44,56,10,yes
1754965169577,1754965169,KXMLBGAME-25AUG11LADLAA-LAD,38,62,19,yes
1754965169577,1754965169,KXMLBGAME-25AUG11LADLAA-LAD,38,62,1500,yes
1754965169577,1754965169,KXMLBGAME-25AUG11LADLAA-LAD,38,62,300,yes
1754965169577,1754965169,KXMLBGAME-25AUG11LADLAA-LAD,38,62,750,yes
1754965169577,1754965169,KXMLBGAME-25AUG11LADLAA-LAD,38,62,250,yes
1754965169577,1754965169,KXMLBGAME-25AUG11LADLAA-LAD,38,62,600,yes
1754965170037,1754965170,KXMLBGAME-25AUG11LADLAA-LAD,38,62,32,no
1754965171874,1754965171,KXMLBGAME-25AUG11BOSHOU-BOS,16,84,78,no
1754965175054,1754965175,KXMLBGAME-25AUG11AZTEX-AZ,74,26,7,no
1754965176535,1754965176,KXMLBGAME-25AUG11LADLAA-LAD,39,61,15,yes
1754965176535,1754965176,KXMLBGAME-25AUG11LADLAA-LAD,39,61,115,yes
1754965178335,1754965178,KXMLBGAME-25AUG11BOSHOU-HOU,83,17,10,no
1754965180266,1754965180,KXMLBGAME-25AUG11BOSHOU-BOS,16,84,374,no
1754965180825,1754965180,KXMLBGAME-25AUG11AZTEX-TEX,28,72,78,yes
1754965181286,1754965181,KXMLBGAME-25AUG11LADLAA-LAD,39,61,49,yes
1754965182822,1754965182,KXMLBGAME-25AUG11BOSHOU-HOU,83,17,90,no
1754965182822,1754965182,KXMLBGAME-25AUG11BOSHOU-HOU,82,18,116,no
1754965185067,1754965185,KXMLBGAME-25AUG11LADLAA-LAD,38,62,57,no
1754965186905,1754965186,KXMLBGAME-25AUG11LADLAA-LAD,39,61,24,yes
1754965188466,1754965188,KXMLBGAME-25AUG11BOSHOU-BOS,17,83,11,yes
1754965189277,1754965189,KXMLBGAME-25AUG11BOSHOU-BOS,17,83,8,yes
1754965189277,1754965189,KXMLBGAME-25AUG11BOSHOU-BOS,18,82,71,yes
1754965190986,1754965190,KXMLBGAME-25AUG11BOSHOU-BOS,18,82,279,yes
1754965194374,1754965193,KXMLBGAME-25AUG11BOSHOU-BOS,18,82,131,yes
1754965194563,1754965194,KXMLBGAME-25AUG11BOSHOU-BOS,16,84,72,no
1754965195042,1754965194,KXMLBGAME-25AUG11BOSHOU-HOU,82,18,43,no
1754965195555,1754965194,KXMLBGAME-25AUG11BOSHOU-BOS,18,82,78,yes
1754965196164,1754965195,KXMLBGAME-25AUG11LADLAA-LAD,39,61,11,yes
1754965196164,1754965196,KXMLBGAME-25AUG11LADLAA-LAA,64,36,20,yes
1754965198524,1754965197,KXMLBGAME-25AUG11BOSHOU-BOS,18,82,52,yes
1754965199251,1754965198,KXMLBGAME-25AUG11LADLAA-LAD,39,61,1500,no
1754965199268,1754965199,KXMLBGAME-25AUG11LADLAA-LAD,39,61,1889,no
1754965199360,1754965199,KXMLBGAME-25AUG11DETCWS-CWS,19,81,10,yes
1754965199360,1754965199,KXMLBGAME-25AUG11DETCWS-CWS,20,80,14,yes
1754965199360,1754965199,KXMLBGAME-25AUG11DETCWS-DET,77,23,10,no
1754965199361,1754965199,KXMLBGAME-25AUG11DETCWS-DET,76,24,31,no
1754965199361,1754965199,KXMLBGAME-25AUG11DETCWS-DET,75,25,25,no
1754965200078,1754965199,KXMLBGAME-25AUG11BOSHOU-HOU,84,16,11,yes
1754965201466,1754965201,KXMLBGAME-25AUG11BOSHOU-BOS,18,82,131,yes
1754965202066,1754965202,KXMLBGAME-25AUG11LADLAA-LAA,65,35,20,yes
1754965202376,1754965202,KXMLBGAME-25AUG11WSHKC-KC,99,1,17,yes
1754965204247,1754965204,KXMLBGAME-25AUG11AZTEX-TEX,29,71,96,no
1754965205815,1754965205,KXMLBGAME-25AUG11BOSHOU-HOU,84,16,112,yes
1754965206195,1754965206,KXMLBGAME-25AUG11LADLAA-LAD,36,64,100,no
1754965207536,1754965207,KXMLBGAME-25AUG11BOSHOU-BOS,18,82,105,yes
1754965208787,1754965208,KXMLBGAME-25AUG11WSHKC-KC,99,1,10,yes
1754965209536,1754965209,KXMLBGAME-25AUG11BOSHOU-BOS,18,82,26,yes
1754965210536,1754965210,KXMLBGAME-25AUG11BOSHOU-BOS,15,85,8,no
1754965213885,1754965213,KXMLBGAME-25AUG11AZTEX-TEX,28,72,34,yes
1754965217997,1754965217,KXMLBGAME-25AUG11DETCWS-DET,84,16,5,yes
1754965218665,1754965218,KXMLBGAME-25AUG11TBATH-TB,51,49,300,yes
1754965218665,1754965218,KXMLBGAME-25AUG11TBATH-TB,51,49,112,yes
1754965218943,1754965218,KXMLBGAME-25AUG11BOSHOU-HOU,82,18,71,no
1754965219168,1754965219,KXMLBGAME-25AUG11BOSHOU-BOS,18,82,4,yes
1754965219168,1754965219,KXMLBGAME-25AUG11BOSHOU-BOS,18,82,48,yes
1754965224841,1754965224,KXMLBGAME-25AUG11BOSHOU-BOS,18,82,131,yes
1754965225116,1754965225,KXMLBGAME-25AUG11LADLAA-LAD,36,64,8,yes
1754965225116,1754965225,KXMLBGAME-25AUG11LADLAA-LAD,36,64,18,yes
1754965228346,1754965228,KXMLBGAME-25AUG11BOSHOU-BOS,18,82,121,yes
1754965228346,1754965228,KXMLBGAME-25AUG11BOSHOU-BOS,18,82,112,yes
1754965228346,1754965228,KXMLBGAME-25AUG11BOSHOU-BOS,19,81,277,yes
1754965231197,1754965231,KXMLBGAME-25AUG11LADLAA-LAD,36,64,282,yes
1754965231197,1754965231,KXMLBGAME-25AUG11LADLAA-LAD,36,64,6,yes
1754965231197,1754965231,KXMLBGAME-25AUG11LADLAA-LAD,36,64,110,yes
1754965231544,1754965231,KXMLBGAME-25AUG11BOSHOU-BOS,18,82,49,yes
1754965232026,1754965231,KXMLBGAME-25AUG11BOSHOU-HOU,82,18,5,no
1754965233327,1754965233,KXMLBGAME-25AUG11BOSHOU-BOS,18,82,13,yes
1754965233716,1754965233,KXMLBGAME-25AUG11WSHKC-KC,99,1,13,yes
1754965234275,1754965234,KXMLBGAME-25AUG11LADLAA-LAD,36,64,53,yes
1754965236915,1754965236,KXMLBGAME-25AUG11LADLAA-LAD,36,64,1,yes
1754965240924,1754965240,KXMLBGAME-25AUG11BOSHOU-BOS,17,83,300,yes
1754965240924,1754965240,KXMLBGAME-25AUG11BOSHOU-BOS,18,82,31,yes
1754965242605,1754965242,KXMLBGAME-25AUG11LADLAA-LAA,66,34,9,yes
1754965243846,1754965243,KXMLBGAME-25AUG11WSHKC-WSH,2,98,18,no
1754965243846,1754965243,KXMLBGAME-25AUG11WSHKC-WSH,1,99,101,no
1754965244636,1754965244,KXMLBGAME-25AUG11BOSHOU-BOS,18,82,52,yes
1754965245965,1754965245,KXMLBGAME-25AUG11BOSHOU-BOS,18,82,7,yes
1754965247235,1754965247,KXMLBGAME-25AUG11SDSF-SD,45,55,524,yes
1754965247696,1754965247,KXMLBGAME-25AUG11BOSHOU-BOS,17,83,300,yes
1754965247696,1754965247,KXMLBGAME-25AUG11BOSHOU-BOS,18,82,541,yes
1754965247696,1754965247,KXMLBGAME-25AUG11BOSHOU-BOS,18,82,92,yes
1754965248306,1754965248,KXMLBGAME-25AUG11AZTEX-TEX,24,76,566,no
1754965249945,1754965249,KXMLBGAME-25AUG11BOSHOU-BOS,19,81,64,yes
1754965250085,1754965250,KXMLBGAME-25AUG11AZTEX-TEX,25,75,20,no
1754965250525,1754965250,KXMLBGAME-25AUG11BOSHOU-BOS,18,82,67,no
1754965250525,1754965250,KXMLBGAME-25AUG11BOSHOU-BOS,18,82,20,no
1754965251446,1754965251,KXMLBGAME-25AUG11TBATH-ATH,51,49,250,yes
1754965251605,1754965251,KXMLBGAME-25AUG11AZTEX-TEX,25,75,1,yes
1754965253616,1754965253,KXMLBGAME-25AUG11AZTEX-AZ,79,21,112,yes
1754965253616,1754965253,KXMLBGAME-25AUG11AZTEX-AZ,80,20,10,yes
1754965258466,1754965258,KXMLBGAME-25AUG11LADLAA-LAD,35,65,100,no
1754965258606,1754965258,KXMLBGAME-25AUG11TBATH-ATH,51,49,53,yes
1754965261406,1754965261,KXMLBGAME-25AUG11LADLAA-LAA,66,34,1491,yes
1754965261406,1754965261,KXMLBGAME-25AUG11LADLAA-LAA,67,33,200,yes
1754965261406,1754965261,KXMLBGAME-25AUG11LADLAA-LAA,68,32,200,yes
1754965261406,1754965261,KXMLBGAME-25AUG11LADLAA-LAA,68,32,1,yes
1754965261406,1754965261,KXMLBGAME-25AUG11LADLAA-LAA,69,31,112,yes
1754965261407,1754965261,KXMLBGAME-25AUG11LADLAA-LAA,69,31,300,yes
1754965261407,1754965261,KXMLBGAME-25AUG11LADLAA-LAA,71,29,600,yes
1754965261407,1754965261,KXMLBGAME-25AUG11LADLAA-LAA,72,28,229,yes
1754965261407,1754965261,KXMLBGAME-25AUG11LADLAA-LAA,72,28,250,yes
1754965261407,1754965261,KXMLBGAME-25AUG11LADLAA-LAA,73,27,100,yes
1754965261407,1754965261,KXMLBGAME-25AUG11LADLAA-LAA,73,27,750,yes
1754965261408,1754965261,KXMLBGAME-25AUG11LADLAA-LAA,75,25,100,yes
1754965261408,1754965261,KXMLBGAME-25AUG11LADLAA-LAA,77,23,439,yes
1754965261408,1754965261,KXMLBGAME-25AUG11LADLAA-LAA,79,21,1921,yes
1754965265650,1754965265,KXMLBGAME-25AUG11WSHKC-WSH,1,99,140,no
1754965265934,1754965265,KXMLBGAME-25AUG11LADLAA-LAD,35,65,20,yes
1754965267385,1754965267,KXMLBGAME-25AUG11AZTEX-TEX,24,76,25,no
1754965269891,1754965269,KXMLBGAME-25AUG11BOSHOU-BOS,17,83,11,yes
1754965272470,1754965272,KXMLBGAME-25AUG11BOSHOU-BOS,17,83,83,yes
1754965272470,1754965272,KXMLBGAME-25AUG11BOSHOU-BOS,17,83,83,yes
1754965273573,1754965273,KXMLBGAME-25AUG11AZTEX-TEX,25,75,7,yes
1754965274251,1754965274,KXMLBGAME-25AUG11LADLAA-LAD,35,65,15,yes
1754965274852,1754965274,KXMLBGAME-25AUG11AZTEX-TEX,25,75,54,yes
1754965276955,1754965276,KXMLBGAME-25AUG11WSHKC-WSH,4,96,91,yes
1754965276955,1754965276,KXMLBGAME-25AUG11WSHKC-WSH,5,95,586,yes
1754965276955,1754965276,KXMLBGAME-25AUG11WSHKC-WSH,6,94,999,yes
1754965278086,1754965278,KXMLBGAME-25AUG11WSHKC-KC,99,1,90,yes
1754965278571,1754965278,KXMLBGAME-25AUG11SDSF-SD,45,55,74,yes
1754965278571,1754965278,KXMLBGAME-25AUG11BOSHOU-HOU,86,14,12,yes
1754965279016,1754965278,KXMLBGAME-25AUG11AZTEX-TEX,24,76,566,no
1754965279027,1754965278,KXMLBGAME-25AUG11LADLAA-LAD,35,65,2,yes
1754965279705,1754965279,KXMLBGAME-25AUG11BOSHOU-BOS,23,77,19,yes
1754965282605,1754965282,KXMLBGAME-25AUG11BOSHOU-BOS,15,85,39,no
1754965284295,1754965284,KXMLBGAME-25AUG11DETCWS-DET,76,24,80,no
1754965284295,1754965284,KXMLBGAME-25AUG11DETCWS-DET,75,25,137,no
1754965290066,1754965290,KXMLBGAME-25AUG11BOSHOU-HOU,81,19,112,yes
1754965290706,1754965290,KXMLBGAME-25AUG11WSHKC-KC,99,1,323,yes
1754965291065,1754965291,KXMLBGAME-25AUG11SDSF-SF,56,44,4,no
1754965291195,1754965291,KXMLBGAME-25AUG11TBATH-TB,51,49,11,no
1754965292875,1754965292,KXMLBGAME-25AUG11LADLAA-LAA,68,32,7,yes
1754965293095,1754965293,KXMLBGAME-25AUG11BOSHOU-HOU,79,21,13,no
1754965293405,1754965293,KXMLBGAME-25AUG11LADLAA-LAD,35,65,136,yes
1754965294295,1754965294,KXMLBGAME-25AUG11LADLAA-LAD,35,65,40,yes
1754965296195,1754965296,KXMLBGAME-25AUG11DETCWS-DET,75,25,51,no
1754965296195,1754965296,KXMLBGAME-25AUG11DETCWS-DET,72,28,120,no
1754965298075,1754965298,KXMLBGAME-25AUG11LADLAA-LAA,68,32,193,yes
1754965298075,1754965298,KXMLBGAME-25AUG11LADLAA-LAA,69,31,200,yes
1754965298075,1754965298,KXMLBGAME-25AUG11LADLAA-LAA,70,30,1,yes
1754965298075,1754965298,KXMLBGAME-25AUG11LADLAA-LAA,70,30,300,yes
1754965298076,1754965298,KXMLBGAME-25AUG11LADLAA-LAA,70,30,112,yes
1754965298076,1754965298,KXMLBGAME-25AUG11LADLAA-LAA,71,29,250,yes
1754965298076,1754965298,KXMLBGAME-25AUG11LADLAA-LAA,71,29,686,yes
1754965298264,1754965298,KXMLBGAME-25AUG11WSHKC-KC,99,1,467,yes
1754965298264,1754965298,KXMLBGAME-25AUG11WSHKC-KC,99,1,262,yes
1754965298264,1754965298,KXMLBGAME-25AUG11WSHKC-KC,99,1,300,yes
1754965298448,1754965298,KXMLBGAME-25AUG11AZTEX-AZ,78,22,50,no
1754965304576,1754965304,KXMLBGAME-25AUG11WSHKC-WSH,1,99,668,no
1754965304645,1754965304,KXMLBGAME-25AUG11DETCWS-CWS,19,81,2,yes
1754965305657,1754965305,KXMLBGAME-25AUG11LADLAA-LAA,67,33,300,no
1754965305657,1754965305,KXMLBGAME-25AUG11LADLAA-LAA,67,33,61,no
1754965305657,1754965305,KXMLBGAME-25AUG11LADLAA-LAA,66,34,20,no
1754965305657,1754965305,KXMLBGAME-25AUG11LADLAA-LAA,65,35,159,no
1754965306506,1754965306,KXMLBGAME-25AUG11BOSHOU-BOS,21,79,22,yes
1754965307216,1754965307,KXMLBGAME-25AUG11BOSHOU-BOS,21,79,112,yes
1754965307275,1754965307,KXMLBGAME-25AUG11SDSF-SD,45,55,21,yes
1754965308356,1754965308,KXMLBGAME-25AUG11BOSHOU-BOS,21,79,22,yes
1754965308800,1754965308,KXMLBGAME-25AUG11LADLAA-LAD,35,65,88,yes
1754965309214,1754965309,KXMLBGAME-25AUG11TBATH-TB,51,49,50,yes
1754965310586,1754965310,KXMLBGAME-25AUG11BOSHOU-BOS,21,79,112,yes
1754965312797,1754965312,KXMLBGAME-25AUG11LADLAA-LAD,35,65,13,yes
1754965313905,1754965313,KXMLBGAME-25AUG11WSHKC-KC,99,1,29,no
1754965316795,1754965316,KXMLBGAME-25AUG11BOSHOU-BOS,20,80,1,yes
1754965316795,1754965316,KXMLBGAME-25AUG11BOSHOU-BOS,21,79,44,yes
1754965316977,1754965316,KXMLBGAME-25AUG11BOSHOU-BOS,21,79,22,yes
1754965323219,1754965323,KXMLBGAME-25AUG11LADLAA-LAD,35,65,5,yes
1754965323219,1754965323,KXMLBGAME-25AUG11LADLAA-LAD,35,65,12,yes
1754965323219,1754965323,KXMLBGAME-25AUG11LADLAA-LAD,35,65,23,yes
1754965325648,1754965325,KXMLBGAME-25AUG11LADLAA-LAA,68,32,70,yes
1754965328777,1754965328,KXMLBGAME-25AUG11BOSHOU-HOU,82,18,30,yes
1754965333176,1754965333,KXMLBGAME-25AUG11BOSHOU-HOU,82,18,3,yes
1754965333176,1754965333,KXMLBGAME-25AUG11BOSHOU-HOU,80,20,71,no
1754965333693,1754965333,KXMLBGAME-25AUG11WSHKC-KC,99,1,1200,no
1754965336963,1754965336,KXMLBGAME-25AUG11TBATH-ATH,51,49,9,yes
1754965338937,1754965338,KXMLBGAME-25AUG11AZTEX-TEX,25,75,38,yes
1754965341926,1754965341,KXMLBGAME-25AUG11TBATH-TB,50,50,2,yes
1754965345776,1754965345,KXMLBGAME-25AUG11BOSHOU-BOS,18,82,20,yes
1754965345776,1754965345,KXMLBGAME-25AUG11BOSHOU-BOS,18,82,300,yes
1754965345776,1754965345,KXMLBGAME-25AUG11BOSHOU-BOS,18,82,74,yes
1754965347426,1754965347,KXMLBGAME-25AUG11WSHKC-KC,99,1,758,no
1754965348506,1754965348,KXMLBGAME-25AUG11BOSHOU-BOS,16,84,2,no
1754965348735,1754965348,KXMLBGAME-25AUG11LADLAA-LAD,34,66,25,yes
1754965349306,1754965349,KXMLBGAME-25AUG11AZTEX-TEX,25,75,19,yes
1754965349978,1754965349,KXMLBGAME-25AUG11LADLAA-LAD,33,67,182,no
1754965349978,1754965349,KXMLBGAME-25AUG11LADLAA-LAD,32,68,50,no
1754965349978,1754965349,KXMLBGAME-25AUG11LADLAA-LAD,32,68,431,no
1754965351659,1754965351,KXMLBGAME-25AUG11BOSHOU-HOU,85,15,2,yes
1754965357769,1754965357,KXMLBGAME-25AUG11BOSHOU-BOS,14,86,2,no
1754965357872,1754965357,KXMLBGAME-25AUG11WSHKC-KC,99,1,82,no
1754965362005,1754965361,KXMLBGAME-25AUG11LADLAA-LAA,68,32,1,yes
1754965366859,1754965366,KXMLBGAME-25AUG11BOSHOU-BOS,15,85,300,yes
1754965366859,1754965366,KXMLBGAME-25AUG11BOSHOU-BOS,16,84,105,yes
1754965366859,1754965366,KXMLBGAME-25AUG11BOSHOU-BOS,16,84,600,yes
1754965366859,1754965366,KXMLBGAME-25AUG11BOSHOU-BOS,17,83,738,yes
1754965370705,1754965370,KXMLBGAME-25AUG11DETCWS-DET,82,18,20,yes
1754965370706,1754965370,KXMLBGAME-25AUG11DETCWS-DET,83,17,5,yes
1754965370724,1754965370,KXMLBGAME-25AUG11DETCWS-DET,83,17,7,yes
1754965372614,1754965372,KXMLBGAME-25AUG11LADLAA-LAD,33,67,57,yes
1754965373048,1754965373,KXMLBGAME-25AUG11LADLAA-LAD,33,67,578,yes
1754965377918,1754965377,KXMLBGAME-25AUG11LADLAA-LAA,68,32,28,yes
1754965377946,1754965377,KXMLBGAME-25AUG11DETCWS-CWS,13,87,2,no
1754965377946,1754965377,KXMLBGAME-25AUG11DETCWS-CWS,13,87,12,no
1754965377946,1754965377,KXMLBGAME-25AUG11DETCWS-CWS,12,88,39,no
1754965379034,1754965379,KXMLBGAME-25AUG11LADLAA-LAD,33,67,63,yes
1754965379157,1754965379,KXMLBGAME-25AUG11BOSHOU-BOS,15,85,70,yes
1754965379216,1754965379,KXMLBGAME-25AUG11BOSHOU-HOU,85,15,2,no
1754965379216,1754965379,KXMLBGAME-25AUG11BOSHOU-HOU,85,15,12,no
1754965379235,1754965379,KXMLBGAME-25AUG11SDSF-SD,40,60,100,no
1754965379235,1754965379,KXMLBGAME-25AUG11SDSF-SD,39,61,100,no
1754965381245,1754965381,KXMLBGAME-25AUG11LADLAA-LAD,33,67,17,yes
1754965381394,1754965381,KXMLBGAME-25AUG11SDSF-SF,60,40,1,yes
1754965381394,1754965381,KXMLBGAME-25AUG11SDSF-SF,61,39,74,yes
1754965381885,1754965381,KXMLBGAME-25AUG11AZTEX-AZ,77,23,1,yes
1754965382056,1754965381,KXMLBGAME-25AUG11SDSF-SF,61,39,299,no
1754965382056,1754965381,KXMLBGAME-25AUG11SDSF-SF,60,40,112,no
1754965382056,1754965381,KXMLBGAME-25AUG11SDSF-SF,58,42,250,no
1754965382210,1754965382,KXMLBGAME-25AUG11SDSF-SD,41,59,112,yes
1754965382210,1754965382,KXMLBGAME-25AUG11SDSF-SD,42,58,250,yes
1754965382210,1754965382,KXMLBGAME-25AUG11SDSF-SD,42,58,750,yes
1754965382210,1754965382,KXMLBGAME-25AUG11SDSF-SD,42,58,300,yes
1754965385526,1754965385,KXMLBGAME-25AUG11LADLAA-LAD,32,68,1069,no
1754965385526,1754965385,KXMLBGAME-25AUG11LADLAA-LAD,30,70,5,no
1754965385526,1754965385,KXMLBGAME-25AUG11LADLAA-LAD,30,70,112,no
1754965385526,1754965385,KXMLBGAME-25AUG11LADLAA-LAD,30,70,300,no
1754965385526,1754965385,KXMLBGAME-25AUG11LADLAA-LAD,30,70,200,no
1754965385526,1754965385,KXMLBGAME-25AUG11LADLAA-LAD,29,71,200,no
1754965385526,1754965385,KXMLBGAME-25AUG11LADLAA-LAD,28,72,600,no
1754965385526,1754965385,KXMLBGAME-25AUG11LADLAA-LAD,28,72,302,no
1754965386307,1754965386,KXMLBGAME-25AUG11SDSF-SD,40,60,1,no
1754965388687,1754965388,KXMLBGAME-25AUG11AZTEX-AZ,74,26,300,no
1754965388687,1754965388,KXMLBGAME-25AUG11AZTEX-AZ,74,26,2,no
1754965388687,1754965388,KXMLBGAME-25AUG11AZTEX-AZ,73,27,112,no
1754965388687,1754965388,KXMLBGAME-25AUG11AZTEX-AZ,73,27,600,no
1754965388687,1754965388,KXMLBGAME-25AUG11AZTEX-AZ,72,28,750,no
1754965388687,1754965388,KXMLBGAME-25AUG11AZTEX-AZ,72,28,250,no
1754965388687,1754965388,KXMLBGAME-25AUG11AZTEX-AZ,70,30,235,no
1754965389095,1754965389,KXMLBGAME-25AUG11BOSHOU-BOS,15,85,1,yes
1754965395805,1754965395,KXMLBGAME-25AUG11LADLAA-LAD,33,67,5,yes
1754965396705,1754965396,KXMLBGAME-25AUG11WSHKC-WSH,1,99,1,yes
1754965397055,1754965397,KXMLBGAME-25AUG11TBATH-ATH,49,51,15,yes
1754965397575,1754965397,KXMLBGAME-25AUG11BOSHOU-HOU,86,14,10,yes
1754965398145,1754965398,KXMLBGAME-25AUG11AZTEX-TEX,26,74,18,yes
1754965398527,1754965398,KXMLBGAME-25AUG11TBATH-ATH,49,51,285,yes
1754965398527,1754965398,KXMLBGAME-25AUG11TBATH-ATH,49,51,71,yes
1754965398527,1754965398,KXMLBGAME-25AUG11TBATH-ATH,49,51,1500,yes
1754965398527,1754965398,KXMLBGAME-25AUG11TBATH-ATH,50,50,200,yes
1754965398527,1754965398,KXMLBGAME-25AUG11TBATH-ATH,50,50,400,yes
1754965398527,1754965398,KXMLBGAME-25AUG11TBATH-ATH,51,49,200,yes
1754965398527,1754965398,KXMLBGAME-25AUG11TBATH-ATH,51,49,127,yes
1754965399447,1754965399,KXMLBGAME-25AUG11BOSHOU-BOS,15,85,229,yes
1754965399447,1754965399,KXMLBGAME-25AUG11BOSHOU-BOS,15,85,79,yes
1754965399865,1754965399,KXMLBGAME-25AUG11SDSF-SD,39,61,184,yes
1754965400774,1754965400,KXMLBGAME-25AUG11BOSHOU-BOS,15,85,16,yes
1754965403745,1754965403,KXMLBGAME-25AUG11WSHKC-WSH,1,99,467,yes
1754965403985,1754965403,KXMLBGAME-25AUG11TBATH-TB,52,48,2,yes
1754965410449,1754965410,KXMLBGAME-25AUG11SDSF-SF,62,38,15,yes
1754965410785,1754965410,KXMLBGAME-25AUG11WSHKC-WSH,1,99,99,yes
1754965414204,1754965414,KXMLBGAME-25AUG11WSHKC-KC,99,1,11,no
1754965416346,1754965416,KXMLBGAME-25AUG11BOSHOU-HOU,86,14,240,yes
1754965416346,1754965416,KXMLBGAME-25AUG11BOSHOU-HOU,86,14,112,yes
1754965416921,1754965416,KXMLBGAME-25AUG11LADLAA-LAD,33,67,57,yes
1754965416921,1754965416,KXMLBGAME-25AUG11LADLAA-LAD,33,67,157,yes
1754965420868,1754965420,KXMLBGAME-25AUG11TBATH-ATH,49,51,97,yes
1754965421196,1754965421,KXMLBGAME-25AUG11SDSF-SD,39,61,1,no
1754965421286,1754965421,KXMLBGAME-25AUG11SDSF-SF,61,39,1,yes
1754965423067,1754965423,KXMLBGAME-25AUG11AZTEX-TEX,26,74,8,yes
1754965424768,1754965424,KXMLBGAME-25AUG11TBATH-TB,53,47,2,yes
1754965424768,1754965424,KXMLBGAME-25AUG11TBATH-TB,54,46,100,yes
1754965424768,1754965424,KXMLBGAME-25AUG11TBATH-TB,54,46,300,yes
1754965424768,1754965424,KXMLBGAME-25AUG11TBATH-TB,54,46,112,yes
1754965424768,1754965424,KXMLBGAME-25AUG11TBATH-TB,54,46,832,yes
1754965426713,1754965426,KXMLBGAME-25AUG11BOSHOU-BOS,15,85,300,yes
1754965426713,1754965426,KXMLBGAME-25AUG11BOSHOU-BOS,16,84,13,yes
1754965429348,1754965429,KXMLBGAME-25AUG11DETCWS-DET,80,20,86,yes
1754965429558,1754965429,KXMLBGAME-25AUG11LADLAA-LAD,31,69,2,no
1754965429558,1754965429,KXMLBGAME-25AUG11LADLAA-LAD,30,70,1,no
1754965429753,1754965429,KXMLBGAME-25AUG11AZTEX-AZ,76,24,112,yes
1754965429753,1754965429,KXMLBGAME-25AUG11AZTEX-AZ,77,23,1,yes
1754965429753,1754965429,KXMLBGAME-25AUG11AZTEX-AZ,77,23,40,yes
1754965431156,1754965431,KXMLBGAME-25AUG11BOSHOU-BOS,15,85,2,yes
1754965431156,1754965431,KXMLBGAME-25AUG11BOSHOU-BOS,16,84,27,yes
1754965433860,1754965433,KXMLBGAME-25AUG11LADLAA-LAD,32,68,14,yes
1754965434269,1754965434,KXMLBGAME-25AUG11BOSHOU-BOS,16,84,260,yes
1754965434269,1754965434,KXMLBGAME-25AUG11BOSHOU-BOS,17,83,200,yes
1754965434269,1754965434,KXMLBGAME-25AUG11BOSHOU-BOS,17,83,100,yes
1754965435381,1754965435,KXMLBGAME-25AUG11BOSHOU-BOS,15,85,1,yes
1754965435381,1754965435,KXMLBGAME-25AUG11BOSHOU-BOS,17,83,103,yes
1754965437766,1754965437,KXMLBGAME-25AUG11BOSHOU-BOS,17,83,72,yes
1754965440117,1754965440,KXMLBGAME-25AUG11BOSHOU-BOS,16,84,59,yes
1754965441676,1754965441,KXMLBGAME-25AUG11BOSHOU-BOS,16,84,31,yes
1754965443345,1754965443,KXMLBGAME-25AUG11LADLAA-LAA,69,31,2,yes
1754965443345,1754965443,KXMLBGAME-25AUG11LADLAA-LAA,70,30,5,yes
1754965443384,1754965443,KXMLBGAME-25AUG11SDSF-SD,40,60,26,yes
1754965444385,1754965444,KXMLBGAME-25AUG11TBATH-TB,53,47,1,yes
1754965446954,1754965446,KXMLBGAME-25AUG11SDSF-SD,38,62,1,no
1754965447076,1754965446,KXMLBGAME-25AUG11SDSF-SF,62,38,1,yes
1754965447365,1754965447,KXMLBGAME-25AUG11BOSHOU-HOU,86,14,65,no
1754965448305,1754965448,KXMLBGAME-25AUG11BOSHOU-BOS,15,85,1,yes
1754965448305,1754965448,KXMLBGAME-25AUG11BOSHOU-BOS,16,84,28,yes
1754965451025,1754965450,KXMLBGAME-25AUG11SDSF-SD,38,62,13,yes
1754965451328,1754965451,KXMLBGAME-25AUG11SDSF-SD,37,63,112,no
1754965451415,1754965451,KXMLBGAME-25AUG11SDSF-SF,63,37,112,yes
1754965451546,1754965451,KXMLBGAME-25AUG11AZTEX-TEX,26,74,54,yes
1754965453336,1754965453,KXMLBGAME-25AUG11SDSF-SD,37,63,12,yes
1754965453336,1754965453,KXMLBGAME-25AUG11SDSF-SF,64,36,250,yes
1754965453336,1754965453,KXMLBGAME-25AUG11SDSF-SF,64,36,283,yes
1754965454580,1754965454,KXMLBGAME-25AUG11DETCWS-DET,80,20,1,yes
1754965455538,1754965455,KXMLBGAME-25AUG11LADLAA-LAD,32,68,29,yes
1754965455538,1754965455,KXMLBGAME-25AUG11LADLAA-LAA,69,31,7,yes
1754965455538,1754965455,KXMLBGAME-25AUG11LADLAA-LAA,70,30,13,yes
1754965455736,1754965455,KXMLBGAME-25AUG11BOSHOU-BOS,17,83,48,yes
1754965457736,1754965457,KXMLBGAME-25AUG11AZTEX-TEX,26,74,3,yes
1754965458005,1754965457,KXMLBGAME-25AUG11LADLAA-LAA,70,30,41,yes
1754965459294,1754965459,KXMLBGAME-25AUG11TBATH-ATH,48,52,24,yes
1754965463336,1754965463,KXMLBGAME-25AUG11BOSHOU-HOU,86,14,71,no
1754965465485,1754965465,KXMLBGAME-25AUG11WSHKC-KC,99,1,33,no
1754965467546,1754965467,KXMLBGAME-25AUG11SDSF-SD,38,62,5,yes
1754965469376,1754965469,KXMLBGAME-25AUG11TBATH-TB,56,44,17,yes
1754965471695,1754965471,KXMLBGAME-25AUG11BOSHOU-BOS,16,84,5,yes
1754965472425,1754965472,KXMLBGAME-25AUG11WSHKC-KC,99,1,19,no
1754965474717,1754965474,KXMLBGAME-25AUG11SDSF-SD,38,62,25,yes
1754965475705,1754965475,KXMLBGAME-25AUG11SDSF-SD,37,63,300,no
1754965477105,1754965477,KXMLBGAME-25AUG11BOSHOU-BOS,16,84,59,yes
1754965477606,1754965477,KXMLBGAME-25AUG11TBATH-ATH,43,57,112,no
1754965477606,1754965477,KXMLBGAME-25AUG11TBATH-ATH,43,57,456,no
1754965478645,1754965478,KXMLBGAME-25AUG11DETCWS-DET,80,20,5,yes
1754965479095,1754965479,KXMLBGAME-25AUG11BOSHOU-BOS,16,84,16,yes
1754965480126,1754965480,KXMLBGAME-25AUG11AZTEX-TEX,27,73,211,yes
1754965482793,1754965482,KXMLBGAME-25AUG11SDSF-SF,65,35,50,yes
1754965482793,1754965482,KXMLBGAME-25AUG11SDSF-SF,65,35,400,yes
1754965482794,1754965482,KXMLBGAME-25AUG11SDSF-SF,65,35,200,yes
1754965482794,1754965482,KXMLBGAME-25AUG11SDSF-SF,65,35,1500,yes
1754965482794,1754965482,KXMLBGAME-25AUG11SDSF-SF,66,34,400,yes
1754965482794,1754965482,KXMLBGAME-25AUG11SDSF-SF,66,34,200,yes
1754965482794,1754965482,KXMLBGAME-25AUG11SDSF-SF,66,34,75,yes
1754965482794,1754965482,KXMLBGAME-25AUG11SDSF-SF,66,34,117,yes
1754965483606,1754965483,KXMLBGAME-25AUG11TBATH-ATH,46,54,81,yes
1754965483606,1754965483,KXMLBGAME-25AUG11TBATH-ATH,46,54,23,yes
1754965488325,1754965488,KXMLBGAME-25AUG11TBATH-TB,55,45,300,yes
1754965488325,1754965488,KXMLBGAME-25AUG11TBATH-TB,55,45,52,yes
1754965489735,1754965489,KXMLBGAME-25AUG11AZTEX-AZ,75,25,26,yes
1754965493475,1754965493,KXMLBGAME-25AUG11BOSHOU-BOS,15,85,1,yes
1754965493475,1754965493,KXMLBGAME-25AUG11BOSHOU-BOS,16,84,28,yes
1754965494488,1754965494,KXMLBGAME-25AUG11AZTEX-TEX,27,73,52,yes
1754965495404,1754965495,KXMLBGAME-25AUG11SDSF-SD,37,63,129,yes
1754965497715,1754965497,KXMLBGAME-25AUG11BOSHOU-BOS,16,84,29,yes
1754965499135,1754965499,KXMLBGAME-25AUG11BOSHOU-HOU,84,16,200,no
1754965500895,1754965500,KXMLBGAME-25AUG11AZTEX-TEX,27,73,35,yes
1754965502224,1754965502,KXMLBGAME-25AUG11BOSHOU-BOS,17,83,1,yes
1754965504421,1754965504,KXMLBGAME-25AUG11LADLAA-LAA,70,30,4,yes
1754965506508,1754965506,KXMLBGAME-25AUG11BOSHOU-BOS,17,83,27,yes
1754965510085,1754965510,KXMLBGAME-25AUG11BOSHOU-BOS,17,83,30,yes
1754965510264,1754965510,KXMLBGAME-25AUG11BOSHOU-BOS,17,83,27,yes
1754965511849,1754965511,KXMLBGAME-25AUG11WSHKC-KC,99,1,14,no
1754965513259,1754965513,KXMLBGAME-25AUG11BOSHOU-BOS,17,83,106,yes
1754965513259,1754965513,KXMLBGAME-25AUG11BOSHOU-BOS,17,83,116,yes
1754965517770,1754965517,KXMLBGAME-25AUG11LADLAA-LAD,32,68,100,no
1754965517770,1754965517,KXMLBGAME-25AUG11LADLAA-LAD,30,70,36,no
1754965522216,1754965522,KXMLBGAME-25AUG11TBATH-TB,62,38,22,yes
1754965522216,1754965522,KXMLBGAME-25AUG11TBATH-TB,62,38,200,yes
1754965522255,1754965522,KXMLBGAME-25AUG11TBATH-ATH,46,54,22,no
1754965522256,1754965522,KXMLBGAME-25AUG11TBATH-ATH,46,54,28,no
1754965522256,1754965522,KXMLBGAME-25AUG11TBATH-TB,62,38,50,no
1754965522945,1754965522,KXMLBGAME-25AUG11BOSHOU-BOS,17,83,80,yes
1754965522945,1754965522,KXMLBGAME-25AUG11BOSHOU-BOS,17,83,32,yes
1754965525522,1754965525,KXMLBGAME-25AUG11SDSF-SD,41,59,190,no
1754965525635,1754965525,KXMLBGAME-25AUG11LADLAA-LAA,68,32,201,yes
1754965525726,1754965525,KXMLBGAME-25AUG11BOSHOU-HOU,83,17,300,no
1754965525726,1754965525,KXMLBGAME-25AUG11BOSHOU-HOU,82,18,600,no
1754965525726,1754965525,KXMLBGAME-25AUG11BOSHOU-HOU,82,18,60,no
1754965525726,1754965525,KXMLBGAME-25AUG11BOSHOU-HOU,81,19,58,no
1754965530404,1754965530,KXMLBGAME-25AUG11DETCWS-DET,80,20,28,yes
1754965530404,1754965530,KXMLBGAME-25AUG11DETCWS-DET,83,17,89,yes
1754965530793,1754965530,KXMLBGAME-25AUG11WSHKC-KC,99,1,325,no
1754965530793,1754965530,KXMLBGAME-25AUG11WSHKC-KC,99,1,1313,no
1754965531445,1754965531,KXMLBGAME-25AUG11LADLAA-LAD,34,66,11,yes
1754965531565,1754965531,KXMLBGAME-25AUG11LADLAA-LAA,68,32,71,yes
1754965531574,1754965531,KXMLBGAME-25AUG11BOSHOU-BOS,17,83,138,yes
1754965533714,1754965533,KXMLBGAME-25AUG11BOSHOU-BOS,17,83,162,yes
1754965533714,1754965533,KXMLBGAME-25AUG11BOSHOU-BOS,18,82,45,yes
1754965533714,1754965533,KXMLBGAME-25AUG11BOSHOU-BOS,18,82,327,yes
1754965536895,1754965536,KXMLBGAME-25AUG11SDSF-SD,42,58,400,yes
1754965537514,1754965537,KXMLBGAME-25AUG11TBATH-TB,62,38,40,no
1754965538115,1754965538,KXMLBGAME-25AUG11LADLAA-LAD,33,67,5,yes
1754965538136,1754965538,KXMLBGAME-25AUG11LADLAA-LAD,33,67,202,yes
1754965540615,1754965540,KXMLBGAME-25AUG11WSHKC-WSH,1,99,1433,yes
1754965540835,1754965540,KXMLBGAME-25AUG11SDSF-SD,41,59,60,no
1754965543084,1754965543,KXMLBGAME-25AUG11LADLAA-LAD,33,67,34,yes
1754965543124,1754965543,KXMLBGAME-25AUG11TBATH-ATH,38,62,79,yes
1754965543124,1754965543,KXMLBGAME-25AUG11TBATH-ATH,39,61,45,yes
1754965544896,1754965544,KXMLBGAME-25AUG11WSHKC-KC,99,1,265,no
1754965545885,1754965545,KXMLBGAME-25AUG11SDSF-SF,58,42,4,no
1754965549094,1754965549,KXMLBGAME-25AUG11DETCWS-CWS,12,88,47,no
1754965552915,1754965552,KXMLBGAME-25AUG11BOSHOU-BOS,19,81,5,yes
1754965553445,1754965553,KXMLBGAME-25AUG11TBATH-TB,63,37,527,yes
1754965553445,1754965553,KXMLBGAME-25AUG11TBATH-TB,63,37,331,yes
1754965553758,1754965553,KXMLBGAME-25AUG11AZTEX-AZ,72,28,21,yes
1754965555447,1754965555,KXMLBGAME-25AUG11AZTEX-TEX,29,71,9,yes
1754965556285,1754965556,KXMLBGAME-25AUG11LADLAA-LAA,68,32,1,yes
1754965557074,1754965557,KXMLBGAME-25AUG11LADLAA-LAD,34,66,42,yes
1754965557696,1754965557,KXMLBGAME-25AUG11TBATH-TB,64,36,40,yes
1754965560364,1754965560,KXMLBGAME-25AUG11WSHKC-KC,99,1,322,no
1754965560364,1754965560,KXMLBGAME-25AUG11WSHKC-KC,99,1,1178,no
1754965560658,1754965560,KXMLBGAME-25AUG11WSHKC-KC,99,1,822,no
1754965560658,1754965560,KXMLBGAME-25AUG11WSHKC-KC,99,1,75,no
1754965561316,1754965561,KXMLBGAME-25AUG11LADLAA-LAD,34,66,30,yes
1754965561485,1754965561,KXMLBGAME-25AUG11SDSF-SF,58,42,300,yes
1754965562356,1754965562,KXMLBGAME-25AUG11BOSHOU-BOS,19,81,49,yes
1754965566876,1754965566,KXMLBGAME-25AUG11BOSHOU-HOU,82,18,16,yes
1754965568329,1754965568,KXMLBGAME-25AUG11AZTEX-AZ,70,30,300,no
1754965568456,1754965568,KXMLBGAME-25AUG11AZTEX-TEX,30,70,55,yes
1754965569717,1754965569,KXMLBGAME-25AUG11LADLAA-LAD,35,65,13,yes
1754965571944,1754965571,KXMLBGAME-25AUG11BOSHOU-BOS,19,81,246,yes
1754965571944,1754965571,KXMLBGAME-25AUG11BOSHOU-BOS,20,80,2,yes
1754965575996,1754965575,KXMLBGAME-25AUG11TBATH-TB,63,37,7,no
1754965577706,1754965577,KXMLBGAME-25AUG11LADLAA-LAD,35,65,2,yes
1754965587616,1754965587,KXMLBGAME-25AUG11BOSHOU-BOS,19,81,245,yes
1754965589787,1754965589,KXMLBGAME-25AUG11DETCWS-DET,74,26,50,no
1754965589787,1754965589,KXMLBGAME-25AUG11DETCWS-DET,74,26,28,no
1754965591024,1754965590,KXMLBGAME-25AUG11TBATH-ATH,38,62,2,yes
1754965591654,1754965591,KXMLBGAME-25AUG11TBATH-TB,64,36,100,yes
1754965591976,1754965591,KXMLBGAME-25AUG11TBATH-TB,64,36,70,yes
1754965593795,1754965593,KXMLBGAME-25AUG11DETCWS-DET,83,17,59,yes
1754965594882,1754965594,KXMLBGAME-25AUG11BOSHOU-BOS,19,81,4,yes
1754965597071,1754965596,KXMLBGAME-25AUG11SDSF-SD,42,58,22,yes
1754965598051,1754965597,KXMLBGAME-25AUG11LADLAA-LAA,68,32,100,yes
1754965601460,1754965601,KXMLBGAME-25AUG11SDSF-SD,42,58,11,yes
1754965602151,1754965601,KXMLBGAME-25AUG11TBATH-ATH,39,61,4,yes
1754965603359,1754965603,KXMLBGAME-25AUG11LADLAA-LAD,34,66,14,yes
1754965606217,1754965606,KXMLBGAME-25AUG11BOSHOU-BOS,19,81,81,yes
1754965606287,1754965606,KXMLBGAME-25AUG11TBATH-ATH,38,62,2,yes
1754965607175,1754965607,KXMLBGAME-25AUG11DETCWS-DET,83,17,3,yes
1754965608117,1754965608,KXMLBGAME-25AUG11BOSHOU-BOS,19,81,20,yes
1754965608515,1754965608,KXMLBGAME-25AUG11TBATH-TB,63,37,300,yes
1754965608515,1754965608,KXMLBGAME-25AUG11TBATH-TB,64,36,106,yes
1754965609085,1754965609,KXMLBGAME-25AUG11TBATH-ATH,39,61,31,yes
1754965609496,1754965609,KXMLBGAME-25AUG11LADLAA-LAA,68,32,7,yes
1754965609845,1754965609,KXMLBGAME-25AUG11WSHKC-WSH,1,99,93,yes
1754965613484,1754965613,KXMLBGAME-25AUG11BOSHOU-BOS,19,81,195,yes
1754965613484,1754965613,KXMLBGAME-25AUG11BOSHOU-BOS,20,80,329,yes
1754965613484,1754965613,KXMLBGAME-25AUG11BOSHOU-BOS,20,80,53,yes
1754965613494,1754965613,KXMLBGAME-25AUG11LADLAA-LAD,35,65,27,yes
1754965614455,1754965614,KXMLBGAME-25AUG11LADLAA-LAA,67,33,14,yes
1754965621822,1754965621,KXMLBGAME-25AUG11BOSHOU-HOU,81,19,100,no
1754965621822,1754965621,KXMLBGAME-25AUG11BOSHOU-HOU,81,19,300,no
1754965621822,1754965621,KXMLBGAME-25AUG11BOSHOU-HOU,80,20,183,no
1754965622634,1754965622,KXMLBGAME-25AUG11TBATH-TB,63,37,7,yes
1754965623326,1754965623,KXMLBGAME-25AUG11TBATH-ATH,39,61,22,yes
1754965623326,1754965623,KXMLBGAME-25AUG11TBATH-ATH,39,61,3,yes
1754965623326,1754965623,KXMLBGAME-25AUG11TBATH-ATH,39,61,27,yes
1754965623326,1754965623,KXMLBGAME-25AUG11TBATH-ATH,39,61,23,yes
1754965623326,1754965623,KXMLBGAME-25AUG11TBATH-ATH,40,60,400,yes
1754965623326,1754965623,KXMLBGAME-25AUG11TBATH-ATH,40,60,200,yes
1754965630385,1754965630,KXMLBGAME-25AUG11AZTEX-AZ,72,28,100,yes
1754965630385,1754965630,KXMLBGAME-25AUG11AZTEX-AZ,73,27,57,yes
1754965632193,1754965632,KXMLBGAME-25AUG11BOSHOU-BOS,20,80,600,yes
1754965632193,1754965632,KXMLBGAME-25AUG11BOSHOU-BOS,20,80,34,yes
1754965632193,1754965632,KXMLBGAME-25AUG11BOSHOU-BOS,20,80,300,yes
1754965632193,1754965632,KXMLBGAME-25AUG11BOSHOU-BOS,21,79,237,yes
1754965633926,1754965633,KXMLBGAME-25AUG11BOSHOU-HOU,82,18,12,yes
1754965635256,1754965635,KXMLBGAME-25AUG11LADLAA-LAD,35,65,26,yes
1754965640194,1754965640,KXMLBGAME-25AUG11LADLAA-LAD,35,65,13,yes
1754965640666,1754965640,KXMLBGAME-25AUG11BOSHOU-BOS,20,80,25,yes
1754965640666,1754965640,KXMLBGAME-25AUG11BOSHOU-BOS,20,80,46,yes
1754965640896,1754965640,KXMLBGAME-25AUG11LADLAA-LAD,35,65,49,yes
1754965642809,1754965642,KXMLBGAME-25AUG11AZTEX-TEX,30,70,300,yes
1754965642809,1754965642,KXMLBGAME-25AUG11AZTEX-TEX,31,69,411,yes
1754965642809,1754965642,KXMLBGAME-25AUG11AZTEX-TEX,32,68,65,yes
1754965642809,1754965642,KXMLBGAME-25AUG11AZTEX-AZ,72,28,40,yes
1754965643127,1754965643,KXMLBGAME-25AUG11SDSF-SF,57,43,300,yes
1754965643127,1754965643,KXMLBGAME-25AUG11SDSF-SF,57,43,56,yes
1754965643127,1754965643,KXMLBGAME-25AUG11SDSF-SF,58,42,487,yes
1754965645875,1754965645,KXMLBGAME-25AUG11SDSF-SD,43,57,42,no
1754965645966,1754965645,KXMLBGAME-25AUG11SDSF-SF,57,43,42,yes
1754965649367,1754965649,KXMLBGAME-25AUG11TBATH-TB,58,42,200,yes
1754965652523,1754965652,KXMLBGAME-25AUG11AZTEX-AZ,72,28,13,yes
1754965653231,1754965653,KXMLBGAME-25AUG11BOSHOU-HOU,81,19,9,yes
1754965653842,1754965653,KXMLBGAME-25AUG11AZTEX-AZ,72,28,7,yes
1754965656249,1754965656,KXMLBGAME-25AUG11BOSHOU-BOS,20,80,10,yes
1754965657224,1754965657,KXMLBGAME-25AUG11LADLAA-LAD,35,65,13,yes
1754965664225,1754965664,KXMLBGAME-25AUG11SDSF-SD,44,56,43,yes
1754965665258,1754965665,KXMLBGAME-25AUG11DETCWS-DET,74,26,7,no
1754965668451,1754965668,KXMLBGAME-25AUG11SDSF-SD,44,56,100,yes
1754965669006,1754965668,KXMLBGAME-25AUG11DETCWS-DET,74,26,265,no
1754965669006,1754965668,KXMLBGAME-25AUG11DETCWS-DET,73,27,50,no
1754965669006,1754965668,KXMLBGAME-25AUG11DETCWS-DET,73,27,14,no
1754965669006,1754965668,KXMLBGAME-25AUG11DETCWS-DET,72,28,181,no
1754965672276,1754965672,KXMLBGAME-25AUG11DETCWS-CWS,12,88,157,no
1754965672726,1754965672,KXMLBGAME-25AUG11BOSHOU-HOU,80,20,11,no
1754965678255,1754965678,KXMLBGAME-25AUG11BOSHOU-BOS,20,80,300,yes
1754965678255,1754965678,KXMLBGAME-25AUG11BOSHOU-BOS,20,80,173,yes
1754965678655,1754965678,KXMLBGAME-25AUG11AZTEX-TEX,29,71,20,no
1754965679452,1754965679,KXMLBGAME-25AUG11TBATH-ATH,46,54,22,yes
1754965679452,1754965679,KXMLBGAME-25AUG11TBATH-ATH,46,54,135,yes
1754965680379,1754965680,KXMLBGAME-25AUG11TBATH-TB,57,43,95,yes
1754965683134,1754965683,KXMLBGAME-25AUG11BOSHOU-BOS,20,80,88,yes
1754965683238,1754965683,KXMLBGAME-25AUG11TBATH-TB,57,43,205,yes
1754965683238,1754965683,KXMLBGAME-25AUG11TBATH-TB,57,43,137,yes
1754965684569,1754965684,KXMLBGAME-25AUG11AZTEX-TEX,26,74,60,no
1754965684569,1754965684,KXMLBGAME-25AUG11AZTEX-TEX,26,74,300,no
1754965684569,1754965684,KXMLBGAME-25AUG11AZTEX-TEX,25,75,25,no
1754965684569,1754965684,KXMLBGAME-25AUG11AZTEX-TEX,25,75,201,no
1754965690416,1754965690,KXMLBGAME-25AUG11BOSHOU-HOU,80,20,109,no
1754965691717,1754965691,KXMLBGAME-25AUG11LADLAA-LAD,35,65,100,yes
1754965691836,1754965691,KXMLBGAME-25AUG11TBATH-ATH,45,55,4,yes
1754965692430,1754965692,KXMLBGAME-25AUG11SDSF-SD,44,56,65,yes
1754965697797,1754965697,KXMLBGAME-25AUG11LADLAA-LAD,35,65,50,yes
1754965697797,1754965697,KXMLBGAME-25AUG11LADLAA-LAD,36,64,4,yes
1754965701607,1754965701,KXMLBGAME-25AUG11LADLAA-LAD,36,64,47,yes
1754965702294,1754965702,KXMLBGAME-25AUG11AZTEX-TEX,25,75,20,no
1754965702304,1754965702,KXMLBGAME-25AUG11BOSHOU-BOS,20,80,100,yes
1754965704505,1754965704,KXMLBGAME-25AUG11BOSHOU-BOS,20,80,47,yes
1754965706185,1754965706,KXMLBGAME-25AUG11AZTEX-TEX,25,75,20,yes
1754965707058,1754965707,KXMLBGAME-25AUG11AZTEX-AZ,78,22,25,yes
1754965711256,1754965711,KXMLBGAME-25AUG11AZTEX-AZ,79,21,31,yes
1754965712976,1754965712,KXMLBGAME-25AUG11AZTEX-AZ,79,21,14,yes
1754965712976,1754965712,KXMLBGAME-25AUG11AZTEX-AZ,79,21,300,yes
1754965712976,1754965712,KXMLBGAME-25AUG11AZTEX-AZ,79,21,23,yes
1754965712976,1754965712,KXMLBGAME-25AUG11AZTEX-AZ,80,20,124,yes
1754965715395,1754965715,KXMLBGAME-25AUG11BOSHOU-BOS,19,81,10,no
1754965715395,1754965715,KXMLBGAME-25AUG11BOSHOU-BOS,18,82,17,no
1754965716575,1754965716,KXMLBGAME-25AUG11WSHKC-KC,99,1,18,no
1754965717177,1754965717,KXMLBGAME-25AUG11LADLAA-LAD,35,65,40,yes
1754965718343,1754965718,KXMLBGAME-25AUG11AZTEX-TEX,25,75,57,yes
1754965720777,1754965720,KXMLBGAME-25AUG11SDSF-SD,44,56,181,yes
1754965720777,1754965720,KXMLBGAME-25AUG11SDSF-SD,44,56,147,yes
1754965721675,1754965721,KXMLBGAME-25AUG11LADLAA-LAD,33,67,1,no
1754965725716,1754965725,KXMLBGAME-25AUG11DETCWS-DET,78,22,1,yes
1754965726316,1754965726,KXMLBGAME-25AUG11BOSHOU-BOS,20,80,47,yes
1754965727235,1754965727,KXMLBGAME-25AUG11BOSHOU-BOS,20,80,4,yes
1754965728266,1754965728,KXMLBGAME-25AUG11AZTEX-AZ,77,23,112,no
1754965728466,1754965728,KXMLBGAME-25AUG11LADLAA-LAD,34,66,70,yes
1754965728616,1754965728,KXMLBGAME-25AUG11DETCWS-DET,79,21,86,yes
1754965731595,1754965731,KXMLBGAME-25AUG11DETCWS-DET,79,21,62,yes
1754965731726,1754965731,KXMLBGAME-25AUG11BOSHOU-BOS,20,80,71,yes
1754965734266,1754965734,KXMLBGAME-25AUG11TBATH-ATH,43,57,1,yes
1754965734266,1754965734,KXMLBGAME-25AUG11TBATH-ATH,43,57,327,yes
1754965736166,1754965736,KXMLBGAME-25AUG11BOSHOU-HOU,81,19,2,yes
1754965736585,1754965736,KXMLBGAME-25AUG11BOSHOU-BOS,20,80,25,yes
1754965737966,1754965737,KXMLBGAME-25AUG11BOSHOU-BOS,18,82,73,no
1754965737966,1754965737,KXMLBGAME-25AUG11BOSHOU-BOS,18,82,114,no
1754965738355,1754965738,KXMLBGAME-25AUG11BOSHOU-BOS,20,80,6,yes
1754965738355,1754965738,KXMLBGAME-25AUG11BOSHOU-BOS,21,79,61,yes
1754965740115,1754965740,KXMLBGAME-25AUG11TBATH-TB,59,41,36,yes
1754965743234,1754965743,KXMLBGAME-25AUG11BOSHOU-BOS,20,80,118,yes
1754965744445,1754965744,KXMLBGAME-25AUG11LADLAA-LAA,68,32,100,yes
1754965745875,1754965745,KXMLBGAME-25AUG11LADLAA-LAD,34,66,56,yes
1754965746562,1754965746,KXMLBGAME-25AUG11BOSHOU-BOS,18,82,93,no
1754965749347,1754965749,KXMLBGAME-25AUG11LADLAA-LAA,68,32,7,yes
1754965749449,1754965749,KXMLBGAME-25AUG11BOSHOU-BOS,21,79,22,yes
1754965752405,1754965752,KXMLBGAME-25AUG11TBATH-ATH,42,58,38,yes
1754965754235,1754965754,KXMLBGAME-25AUG11AZTEX-TEX,26,74,10,yes
1754965757506,1754965757,KXMLBGAME-25AUG11TBATH-ATH,44,56,56,yes
1754965757506,1754965757,KXMLBGAME-25AUG11TBATH-ATH,44,56,9,yes
1754965757525,1754965757,KXMLBGAME-25AUG11TBATH-TB,57,43,1,no
1754965757525,1754965757,KXMLBGAME-25AUG11TBATH-TB,56,44,56,no
1754965757525,1754965757,KXMLBGAME-25AUG11TBATH-TB,56,44,9,no
1754965757534,1754965757,KXMLBGAME-25AUG11TBATH-TB,55,45,263,no
1754965757627,1754965757,KXMLBGAME-25AUG11TBATH-ATH,44,56,49,yes
1754965757907,1754965757,KXMLBGAME-25AUG11BOSHOU-HOU,81,19,9,yes
1754965759671,1754965759,KXMLBGAME-25AUG11SDSF-SD,45,55,2,yes
1754965761568,1754965761,KXMLBGAME-25AUG11BOSHOU-BOS,20,80,7,yes
1754965762468,1754965762,KXMLBGAME-25AUG11BOSHOU-BOS,20,80,94,yes
1754965763173,1754965763,KXMLBGAME-25AUG11BOSHOU-BOS,20,80,199,yes
1754965763173,1754965763,KXMLBGAME-25AUG11BOSHOU-BOS,21,79,517,yes
1754965763173,1754965763,KXMLBGAME-25AUG11BOSHOU-BOS,21,79,200,yes
1754965763173,1754965763,KXMLBGAME-25AUG11BOSHOU-BOS,21,79,222,yes
1754965767562,1754965767,KXMLBGAME-25AUG11AZTEX-AZ,75,25,1,yes
1754965767562,1754965767,KXMLBGAME-25AUG11AZTEX-AZ,77,23,300,yes
1754965767562,1754965767,KXMLBGAME-25AUG11AZTEX-AZ,78,22,58,yes
1754965767562,1754965767,KXMLBGAME-25AUG11AZTEX-AZ,83,17,40,yes
1754965767562,1754965767,KXMLBGAME-25AUG11AZTEX-AZ,84,16,20,yes
1754965767562,1754965767,KXMLBGAME-25AUG11AZTEX-AZ,85,15,7,yes
1754965768986,1754965768,KXMLBGAME-25AUG11DETCWS-DET,73,27,50,no
1754965768986,1754965768,KXMLBGAME-25AUG11DETCWS-DET,72,28,82,no
1754965770920,1754965770,KXMLBGAME-25AUG11DETCWS-CWS,19,81,2,yes
1754965770920,1754965770,KXMLBGAME-25AUG11DETCWS-CWS,19,81,12,yes
1754965771066,1754965770,KXMLBGAME-25AUG11DETCWS-DET,78,22,14,yes
1754965771172,1754965771,KXMLBGAME-25AUG11DETCWS-CWS,19,81,3,yes
1754965771480,1754965771,KXMLBGAME-25AUG11BOSHOU-BOS,20,80,14,yes
1754965771555,1754965771,KXMLBGAME-25AUG11LADLAA-LAD,35,65,30,yes
1754965772125,1754965772,KXMLBGAME-25AUG11AZTEX-TEX,24,76,843,no
1754965772125,1754965772,KXMLBGAME-25AUG11AZTEX-TEX,23,77,1500,no
1754965773268,1754965773,KXMLBGAME-25AUG11AZTEX-TEX,21,79,3,yes
1754965775346,1754965775,KXMLBGAME-25AUG11BOSHOU-BOS,20,80,94,yes
1754965775435,1754965775,KXMLBGAME-25AUG11AZTEX-TEX,21,79,225,yes
1754965775737,1754965775,KXMLBGAME-25AUG11AZTEX-AZ,84,16,7,yes
1754965777504,1754965777,KXMLBGAME-25AUG11LADLAA-LAA,66,34,10,yes
1754965778126,1754965778,KXMLBGAME-25AUG11AZTEX-TEX,20,80,200,no
1754965781306,1754965781,KXMLBGAME-25AUG11DETCWS-DET,78,22,8,yes
1754965781365,1754965781,KXMLBGAME-25AUG11DETCWS-CWS,19,81,1,yes
1754965781365,1754965781,KXMLBGAME-25AUG11DETCWS-CWS,19,81,7,yes
1754965784746,1754965784,KXMLBGAME-25AUG11BOSHOU-BOS,20,80,4,yes
1754965786455,1754965786,KXMLBGAME-25AUG11LADLAA-LAD,35,65,92,yes
1754965786964,1754965786,KXMLBGAME-25AUG11AZTEX-TEX,19,81,20,yes
1754965787366,1754965787,KXMLBGAME-25AUG11DETCWS-DET,79,21,61,yes
1754965793368,1754965793,KXMLBGAME-25AUG11TBATH-TB,52,48,1,no
1754965793999,1754965793,KXMLBGAME-25AUG11BOSHOU-BOS,20,80,21,yes
1754965794136,1754965794,KXMLBGAME-25AUG11LADLAA-LAD,35,65,13,yes
1754965795535,1754965795,KXMLBGAME-25AUG11AZTEX-TEX,19,81,24,yes
1754965798546,1754965798,KXMLBGAME-25AUG11TBATH-TB,52,48,27,yes
1754965799025,1754965798,KXMLBGAME-25AUG11LADLAA-LAD,35,65,54,yes
1754965799648,1754965799,KXMLBGAME-25AUG11SDSF-SD,47,53,10,yes
1754965799648,1754965799,KXMLBGAME-25AUG11SDSF-SD,48,52,11,yes
1754965799648,1754965799,KXMLBGAME-25AUG11SDSF-SD,49,51,176,yes
1754965799876,1754965799,KXMLBGAME-25AUG11AZTEX-AZ,82,18,12,no
1754965802317,1754965802,KXMLBGAME-25AUG11AZTEX-TEX,18,82,105,yes
1754965804756,1754965804,KXMLBGAME-25AUG11BOSHOU-BOS,20,80,167,yes
1754965804756,1754965804,KXMLBGAME-25AUG11BOSHOU-BOS,21,79,178,yes
1754965804756,1754965804,KXMLBGAME-25AUG11BOSHOU-BOS,21,79,100,yes
1754965804756,1754965804,KXMLBGAME-25AUG11BOSHOU-BOS,21,79,59,yes
1754965809246,1754965809,KXMLBGAME-25AUG11AZTEX-TEX,18,82,7,yes
1754965809246,1754965809,KXMLBGAME-25AUG11AZTEX-TEX,18,82,98,yes
1754965810905,1754965810,KXMLBGAME-25AUG11BOSHOU-BOS,20,80,46,yes
1754965814795,1754965814,KXMLBGAME-25AUG11BOSHOU-HOU,81,19,68,yes
1754965819869,1754965819,KXMLBGAME-25AUG11BOSHOU-BOS,20,80,1,yes
1754965820096,1754965820,KXMLBGAME-25AUG11AZTEX-TEX,19,81,14,yes
1754965822986,1754965822,KXMLBGAME-25AUG11BOSHOU-BOS,19,81,9,yes
1754965828628,1754965828,KXMLBGAME-25AUG11LADLAA-LAD,35,65,1,yes
1754965828628,1754965828,KXMLBGAME-25AUG11LADLAA-LAD,36,64,25,yes
1754965830455,1754965830,KXMLBGAME-25AUG11DETCWS-DET,79,21,249,yes
1754965831098,1754965830,KXMLBGAME-25AUG11BOSHOU-BOS,17,83,55,yes
1754965832424,1754965832,KXMLBGAME-25AUG11LADLAA-LAA,66,34,11,yes
1754965832870,1754965832,KXMLBGAME-25AUG11TBATH-TB,51,49,1,yes
1754965834165,1754965834,KXMLBGAME-25AUG11BOSHOU-BOS,17,83,138,yes
1754965836494,1754965836,KXMLBGAME-25AUG11DETCWS-DET,74,26,145,no
1754965841365,1754965841,KXMLBGAME-25AUG11LADLAA-LAD,36,64,9,yes
1754965844716,1754965844,KXMLBGAME-25AUG11TBATH-TB,51,49,94,yes
1754965846694,1754965846,KXMLBGAME-25AUG11DETCWS-DET,79,21,87,yes
1754965852485,1754965852,KXMLBGAME-25AUG11DETCWS-DET,74,26,55,no
1754965852485,1754965852,KXMLBGAME-25AUG11DETCWS-DET,73,27,62,no
1754965853174,1754965853,KXMLBGAME-25AUG11BOSHOU-BOS,16,84,29,yes
1754965854315,1754965854,KXMLBGAME-25AUG11BOSHOU-HOU,85,15,100,yes
1754965855967,1754965855,KXMLBGAME-25AUG11DETCWS-DET,73,27,83,no
1754965856780,1754965856,KXMLBGAME-25AUG11LADLAA-LAD,36,64,10,yes
1754965857152,1754965856,KXMLBGAME-25AUG11LADLAA-LAD,36,64,706,yes
1754965857152,1754965856,KXMLBGAME-25AUG11LADLAA-LAD,36,64,250,yes
1754965857152,1754965856,KXMLBGAME-25AUG11LADLAA-LAD,36,64,200,yes
1754965857152,1754965856,KXMLBGAME-25AUG11LADLAA-LAD,36,64,400,yes
1754965857152,1754965856,KXMLBGAME-25AUG11LADLAA-LAD,37,63,86,yes
1754965857152,1754965856,KXMLBGAME-25AUG11LADLAA-LAD,37,63,200,yes
1754965857152,1754965856,KXMLBGAME-25AUG11LADLAA-LAD,37,63,400,yes
1754965857152,1754965856,KXMLBGAME-25AUG11LADLAA-LAD,37,63,387,yes
1754965857848,1754965857,KXMLBGAME-25AUG11SDSF-SD,47,53,410,yes
1754965861060,1754965860,KXMLBGAME-25AUG11LADLAA-LAD,37,63,7,yes
1754965862076,1754965861,KXMLBGAME-25AUG11TBATH-ATH,50,50,112,no
1754965862076,1754965861,KXMLBGAME-25AUG11TBATH-ATH,49,51,12,no
1754965863276,1754965863,KXMLBGAME-25AUG11AZTEX-TEX,17,83,138,yes
1754965868174,1754965868,KXMLBGAME-25AUG11LADLAA-LAD,37,63,25,yes
1754965868257,1754965868,KXMLBGAME-25AUG11LADLAA-LAD,37,63,1942,yes
1754965868257,1754965868,KXMLBGAME-25AUG11LADLAA-LAD,37,63,646,yes
1754965872246,1754965872,KXMLBGAME-25AUG11LADLAA-LAD,37,63,25,yes
1754965876338,1754965876,KXMLBGAME-25AUG11DETCWS-DET,79,21,92,yes
1754965876338,1754965876,KXMLBGAME-25AUG11DETCWS-DET,80,20,47,yes
1754965876338,1754965876,KXMLBGAME-25AUG11DETCWS-DET,80,20,49,yes
1754965878277,1754965878,KXMLBGAME-25AUG11LADLAA-LAD,37,63,39,yes
1754965881356,1754965881,KXMLBGAME-25AUG11SDSF-SF,56,44,81,no
1754965882546,1754965882,KXMLBGAME-25AUG11TBATH-TB,51,49,250,yes
1754965882808,1754965882,KXMLBGAME-25AUG11TBATH-TB,51,49,200,yes
1754965882927,1754965882,KXMLBGAME-25AUG11TBATH-ATH,49,51,127,no
1754965883006,1754965882,KXMLBGAME-25AUG11TBATH-ATH,49,51,49,no
1754965883076,1754965882,KXMLBGAME-25AUG11TBATH-ATH,49,51,1312,no
1754965883385,1754965883,KXMLBGAME-25AUG11BOSHOU-HOU,85,15,2,yes
1754965883385,1754965883,KXMLBGAME-25AUG11BOSHOU-HOU,86,14,9,yes
1754965884146,1754965884,KXMLBGAME-25AUG11AZTEX-AZ,85,15,9,yes
1754965885374,1754965885,KXMLBGAME-25AUG11TBATH-TB,64,36,40,yes
1754965885374,1754965885,KXMLBGAME-25AUG11TBATH-TB,65,35,50,yes
1754965885374,1754965885,KXMLBGAME-25AUG11TBATH-TB,67,33,110,yes
1754965888224,1754965888,KXMLBGAME-25AUG11AZTEX-TEX,16,84,5,yes
1754965892745,1754965892,KXMLBGAME-25AUG11SDSF-SD,47,53,410,yes
1754965894150,1754965894,KXMLBGAME-25AUG11BOSHOU-BOS,15,85,27,yes
1754965895336,1754965895,KXMLBGAME-25AUG11TBATH-TB,67,33,90,yes
1754965902901,1754965902,KXMLBGAME-25AUG11TBATH-TB,69,31,7,yes
1754965903125,1754965903,KXMLBGAME-25AUG11AZTEX-AZ,85,15,145,yes
1754965903866,1754965903,KXMLBGAME-25AUG11AZTEX-TEX,14,86,300,no
1754965903866,1754965903,KXMLBGAME-25AUG11AZTEX-TEX,14,86,37,no
1754965906437,1754965906,KXMLBGAME-25AUG11BOSHOU-BOS,15,85,6,yes
1754965908575,1754965908,KXMLBGAME-25AUG11BOSHOU-BOS,15,85,67,yes
1754965908575,1754965908,KXMLBGAME-25AUG11BOSHOU-BOS,15,85,247,yes
1754965908735,1754965908,KXMLBGAME-25AUG11DETCWS-DET,79,21,10,yes
1754965908794,1754965908,KXMLBGAME-25AUG11DETCWS-CWS,18,82,10,yes
1754965908895,1754965908,KXMLBGAME-25AUG11DETCWS-DET,79,21,10,yes
1754965912906,1754965912,KXMLBGAME-25AUG11SDSF-SD,47,53,51,yes
1754965913626,1754965913,KXMLBGAME-25AUG11BOSHOU-HOU,86,14,30,yes
1754965915205,1754965915,KXMLBGAME-25AUG11SDSF-SF,55,45,176,yes
1754965918424,1754965918,KXMLBGAME-25AUG11DETCWS-DET,74,26,36,no
1754965918445,1754965918,KXMLBGAME-25AUG11TBATH-ATH,32,68,298,yes
1754965919235,1754965919,KXMLBGAME-25AUG11AZTEX-TEX,16,84,5,yes
1754965921886,1754965921,KXMLBGAME-25AUG11BOSHOU-BOS,15,85,31,yes
1754965926644,1754965926,KXMLBGAME-25AUG11DETCWS-CWS,13,87,10,no
1754965926644,1754965926,KXMLBGAME-25AUG11DETCWS-CWS,12,88,22,no
1754965926644,1754965926,KXMLBGAME-25AUG11DETCWS-CWS,8,92,2,no
1754965926644,1754965926,KXMLBGAME-25AUG11DETCWS-CWS,8,92,13,no
1754965926644,1754965926,KXMLBGAME-25AUG11DETCWS-CWS,7,93,75,no
1754965928151,1754965928,KXMLBGAME-25AUG11SDSF-SD,47,53,9,yes
1754965932696,1754965932,KXMLBGAME-25AUG11BOSHOU-BOS,15,85,62,yes
1754965933176,1754965933,KXMLBGAME-25AUG11AZTEX-TEX,13,87,76,no
1754965934355,1754965934,KXMLBGAME-25AUG11LADLAA-LAD,37,63,1,yes
1754965934355,1754965934,KXMLBGAME-25AUG11LADLAA-LAD,37,63,65,yes
1754965934355,1754965934,KXMLBGAME-25AUG11LADLAA-LAD,38,62,61,yes
1754965935495,1754965935,KXMLBGAME-25AUG11LADLAA-LAD,38,62,234,yes
1754965936187,1754965936,KXMLBGAME-25AUG11LADLAA-LAD,38,62,25,yes
1754965941444,1754965941,KXMLBGAME-25AUG11BOSHOU-BOS,15,85,9,no
1754965941465,1754965941,KXMLBGAME-25AUG11BOSHOU-HOU,86,14,187,no
1754965941764,1754965941,KXMLBGAME-25AUG11DETCWS-DET,79,21,2,yes
1754965942415,1754965942,KXMLBGAME-25AUG11BOSHOU-BOS,14,86,15,no
1754965942415,1754965942,KXMLBGAME-25AUG11BOSHOU-BOS,14,86,55,no
1754965942997,1754965942,KXMLBGAME-25AUG11BOSHOU-HOU,86,14,25,no
1754965943307,1754965943,KXMLBGAME-25AUG11LADLAA-LAD,36,64,100,no
1754965943396,1754965943,KXMLBGAME-25AUG11LADLAA-LAD,35,65,300,no
1754965943396,1754965943,KXMLBGAME-25AUG11LADLAA-LAD,34,66,112,no
1754965943549,1754965943,KXMLBGAME-25AUG11LADLAA-LAA,66,34,7,yes
1754965945035,1754965945,KXMLBGAME-25AUG11BOSHOU-BOS,13,87,145,yes
1754965946334,1754965946,KXMLBGAME-25AUG11BOSHOU-BOS,13,87,9,yes
1754965948163,1754965947,KXMLBGAME-25AUG11AZTEX-AZ,86,14,115,yes
1754965948952,1754965948,KXMLBGAME-25AUG11BOSHOU-HOU,87,13,300,no
1754965948952,1754965948,KXMLBGAME-25AUG11BOSHOU-HOU,86,14,80,no
1754965950771,1754965950,KXMLBGAME-25AUG11TBATH-ATH,30,70,250,no
1754965950771,1754965950,KXMLBGAME-25AUG11TBATH-ATH,30,70,48,no
1754965951358,1754965951,KXMLBGAME-25AUG11TBATH-ATH,32,68,48,yes
1754965951358,1754965951,KXMLBGAME-25AUG11TBATH-ATH,32,68,202,yes
1754965955471,1754965954,KXMLBGAME-25AUG11BOSHOU-BOS,14,86,13,yes
1754965957584,1754965957,KXMLBGAME-25AUG11TBATH-ATH,31,69,19,no
1754965959785,1754965959,KXMLBGAME-25AUG11LADLAA-LAD,33,67,31,yes
1754965960584,1754965960,KXMLBGAME-25AUG11DETCWS-DET,79,21,24,yes
1754965961165,1754965961,KXMLBGAME-25AUG11AZTEX-AZ,88,12,112,yes
1754965964197,1754965964,KXMLBGAME-25AUG11LADLAA-LAA,68,32,1,yes
1754965964225,1754965964,KXMLBGAME-25AUG11AZTEX-TEX,15,85,18,yes
1754965965665,1754965965,KXMLBGAME-25AUG11AZTEX-TEX,15,85,18,yes
1754965967755,1754965967,KXMLBGAME-25AUG11AZTEX-TEX,12,88,78,no
1754965969636,1754965969,KXMLBGAME-25AUG11LADLAA-LAD,33,67,20,yes
1754965971327,1754965971,KXMLBGAME-25AUG11LADLAA-LAD,33,67,249,yes
1754965971327,1754965971,KXMLBGAME-25AUG11LADLAA-LAD,34,66,39,yes
1754965974925,1754965974,KXMLBGAME-25AUG11DETCWS-DET,79,21,5,yes
1754965976616,1754965976,KXMLBGAME-25AUG11DETCWS-DET,79,21,149,yes
1754965979545,1754965979,KXMLBGAME-25AUG11AZTEX-TEX,15,85,31,yes
1754965983875,1754965983,KXMLBGAME-25AUG11AZTEX-TEX,15,85,125,yes
1754965985955,1754965985,KXMLBGAME-25AUG11TBATH-TB,69,31,9,yes
1754965987595,1754965987,KXMLBGAME-25AUG11DETCWS-DET,80,20,151,yes
1754965988024,1754965987,KXMLBGAME-25AUG11LADLAA-LAD,33,67,28,yes
1754965991415,1754965991,KXMLBGAME-25AUG11BOSHOU-HOU,88,12,1,yes
1754965992535,1754965992,KXMLBGAME-25AUG11LADLAA-LAD,32,68,5,no
1754965992574,1754965992,KXMLBGAME-25AUG11LADLAA-LAD,32,68,222,yes
1754965993598,1754965993,KXMLBGAME-25AUG11LADLAA-LAD,33,67,1,yes
1754965994155,1754965994,KXMLBGAME-25AUG11DETCWS-DET,75,25,13,no
1754965994155,1754965994,KXMLBGAME-25AUG11DETCWS-DET,74,26,67,no
1754965996963,1754965996,KXMLBGAME-25AUG11BOSHOU-HOU,88,12,5,yes
1754966006364,1754966006,KXMLBGAME-25AUG11SDSF-SD,46,54,100,no
1754966008544,1754966008,KXMLBGAME-25AUG11TBATH-TB,69,31,22,yes
1754966011038,1754966010,KXMLBGAME-25AUG11SDSF-SD,45,55,112,yes
1754966011038,1754966010,KXMLBGAME-25AUG11SDSF-SD,45,55,644,yes
1754966011038,1754966010,KXMLBGAME-25AUG11SDSF-SD,46,54,1400,yes
1754966011038,1754966010,KXMLBGAME-25AUG11SDSF-SD,46,54,200,yes
1754966011038,1754966010,KXMLBGAME-25AUG11SDSF-SD,46,54,400,yes
1754966011038,1754966010,KXMLBGAME-25AUG11SDSF-SD,47,53,300,yes
1754966011038,1754966010,KXMLBGAME-25AUG11SDSF-SD,47,53,400,yes
1754966011038,1754966010,KXMLBGAME-25AUG11SDSF-SD,47,53,200,yes
1754966011038,1754966010,KXMLBGAME-25AUG11SDSF-SD,48,52,50,yes
1754966011038,1754966010,KXMLBGAME-25AUG11SDSF-SD,49,51,1461,yes
1754966011038,1754966010,KXMLBGAME-25AUG11SDSF-SD,49,51,600,yes
1754966011038,1754966010,KXMLBGAME-25AUG11SDSF-SD,49,51,20,yes
1754966011038,1754966010,KXMLBGAME-25AUG11SDSF-SD,56,44,284,yes
1754966018143,1754966018,KXMLBGAME-25AUG11BOSHOU-BOS,17,83,50,yes
1754966021215,1754966021,KXMLBGAME-25AUG11SDSF-SF,55,45,300,yes
1754966022276,1754966022,KXMLBGAME-25AUG11AZTEX-TEX,15,85,25,yes
1754966025554,1754966025,KXMLBGAME-25AUG11LADLAA-LAD,30,70,106,no
1754966027626,1754966027,KXMLBGAME-25AUG11SDSF-SD,43,57,6,yes
1754966028475,1754966028,KXMLBGAME-25AUG11SDSF-SD,43,57,22,yes
1754966031194,1754966031,KXMLBGAME-25AUG11SDSF-SF,59,41,57,yes
1754966035256,1754966035,KXMLBGAME-25AUG11AZTEX-TEX,15,85,31,yes
1754966035515,1754966035,KXMLBGAME-25AUG11BOSHOU-BOS,19,81,17,yes
1754966035515,1754966035,KXMLBGAME-25AUG11BOSHOU-BOS,19,81,102,yes
1754966036264,1754966036,KXMLBGAME-25AUG11DETCWS-CWS,13,87,5,no
1754966039185,1754966039,KXMLBGAME-25AUG11LADLAA-LAD,31,69,18,yes
1754966041736,1754966041,KXMLBGAME-25AUG11BOSHOU-HOU,81,19,272,no
1754966041869,1754966041,KXMLBGAME-25AUG11BOSHOU-BOS,19,81,98,yes
1754966041869,1754966041,KXMLBGAME-25AUG11BOSHOU-BOS,19,81,101,yes
1754966044768,1754966044,KXMLBGAME-25AUG11TBATH-ATH,32,68,8,yes
1754966045762,1754966045,KXMLBGAME-25AUG11BOSHOU-HOU,81,19,91,no
1754966056189,1754966056,KXMLBGAME-25AUG11AZTEX-AZ,86,14,30,yes
1754966056775,1754966056,KXMLBGAME-25AUG11DETCWS-DET,80,20,16,yes
1754966057425,1754966057,KXMLBGAME-25AUG11BOSHOU-BOS,19,81,299,yes
1754966057425,1754966057,KXMLBGAME-25AUG11BOSHOU-BOS,19,81,12,yes
1754966057425,1754966057,KXMLBGAME-25AUG11BOSHOU-BOS,19,81,180,yes
1754966058455,1754966058,KXMLBGAME-25AUG11LADLAA-LAA,72,28,112,yes
1754966058556,1754966058,KXMLBGAME-25AUG11LADLAA-LAA,69,31,300,no
1754966059544,1754966059,KXMLBGAME-25AUG11AZTEX-TEX,14,86,10,no
1754966061826,1754966061,KXMLBGAME-25AUG11LADLAA-LAA,69,31,272,yes
1754966064004,1754966063,KXMLBGAME-25AUG11TBATH-TB,69,31,22,yes
1754966064045,1754966064,KXMLBGAME-25AUG11BOSHOU-HOU,84,16,464,yes
1754966065085,1754966065,KXMLBGAME-25AUG11BOSHOU-BOS,18,82,26,yes
1754966065675,1754966065,KXMLBGAME-25AUG11AZTEX-TEX,14,86,35,no
1754966068535,1754966068,KXMLBGAME-25AUG11TBATH-ATH,31,69,33,no
1754966071694,1754966071,KXMLBGAME-25AUG11LADLAA-LAD,32,68,14,yes
1754966072215,1754966072,KXMLBGAME-25AUG11SDSF-SD,43,57,4,yes
1754966073776,1754966073,KXMLBGAME-25AUG11TBATH-ATH,29,71,54,yes
1754966074006,1754966073,KXMLBGAME-25AUG11AZTEX-TEX,15,85,94,yes
1754966074107,1754966073,KXMLBGAME-25AUG11LADLAA-LAD,32,68,83,yes
1754966074107,1754966073,KXMLBGAME-25AUG11LADLAA-LAD,32,68,11,yes
1754966074107,1754966073,KXMLBGAME-25AUG11LADLAA-LAD,33,67,250,yes
1754966074107,1754966073,KXMLBGAME-25AUG11LADLAA-LAD,33,67,300,yes
1754966074107,1754966073,KXMLBGAME-25AUG11LADLAA-LAD,34,66,220,yes
1754966076073,1754966076,KXMLBGAME-25AUG11BOSHOU-BOS,18,82,10,yes
1754966077004,1754966076,KXMLBGAME-25AUG11BOSHOU-HOU,83,17,102,no
1754966080357,1754966080,KXMLBGAME-25AUG11AZTEX-AZ,86,14,17,yes
1754966083636,1754966083,KXMLBGAME-25AUG11AZTEX-TEX,15,85,13,yes
1754966084434,1754966084,KXMLBGAME-25AUG11LADLAA-LAD,33,67,11,yes
1754966085555,1754966085,KXMLBGAME-25AUG11SDSF-SF,57,43,8,no
1754966086597,1754966086,KXMLBGAME-25AUG11SDSF-SD,43,57,80,yes
1754966086597,1754966086,KXMLBGAME-25AUG11SDSF-SD,43,57,6,yes
1754966086597,1754966086,KXMLBGAME-25AUG11SDSF-SD,43,57,22,yes
1754966086597,1754966086,KXMLBGAME-25AUG11SDSF-SD,43,57,26,yes
1754966086743,1754966086,KXMLBGAME-25AUG11BOSHOU-BOS,18,82,26,yes
1754966088580,1754966088,KXMLBGAME-25AUG11BOSHOU-HOU,84,16,947,yes
1754966090116,1754966090,KXMLBGAME-25AUG11SDSF-SD,43,57,11,yes
1754966092396,1754966092,KXMLBGAME-25AUG11LADLAA-LAD,33,67,1,yes
1754966093816,1754966093,KXMLBGAME-25AUG11BOSHOU-HOU,83,17,198,no
1754966095046,1754966095,KXMLBGAME-25AUG11TBATH-ATH,27,73,5,no
1754966099150,1754966099,KXMLBGAME-25AUG11TBATH-ATH,29,71,9,yes
1754966099294,1754966099,KXMLBGAME-25AUG11TBATH-TB,72,28,136,yes
1754966100485,1754966100,KXMLBGAME-25AUG11BOSHOU-HOU,86,14,300,yes
1754966100485,1754966100,KXMLBGAME-25AUG11BOSHOU-HOU,86,14,10,yes
1754966100545,1754966100,KXMLBGAME-25AUG11LADLAA-LAA,68,32,35,yes
1754966102665,1754966102,KXMLBGAME-25AUG11BOSHOU-BOS,17,83,10,yes
1754966102665,1754966102,KXMLBGAME-25AUG11BOSHOU-BOS,18,82,253,yes
1754966118085,1754966118,KXMLBGAME-25AUG11LADLAA-LAD,32,68,29,yes
1754966118155,1754966118,KXMLBGAME-25AUG11LADLAA-LAD,32,68,113,yes
1754966121906,1754966121,KXMLBGAME-25AUG11TBATH-ATH,29,71,55,yes
1754966122885,1754966122,KXMLBGAME-25AUG11BOSHOU-BOS,18,82,52,yes
1754966124084,1754966124,KXMLBGAME-25AUG11SDSF-SF,58,42,50,yes
1754966128397,1754966128,KXMLBGAME-25AUG11BOSHOU-HOU,83,17,88,no
1754966130514,1754966130,KXMLBGAME-25AUG11SDSF-SD,43,57,4,yes
1754966130514,1754966130,KXMLBGAME-25AUG11SDSF-SD,43,57,108,yes
1754966130514,1754966130,KXMLBGAME-25AUG11SDSF-SD,44,56,104,yes
1754966132655,1754966132,KXMLBGAME-25AUG11LADLAA-LAD,31,69,15,yes
1754966138524,1754966138,KXMLBGAME-25AUG11LADLAA-LAA,70,30,100,yes
1754966140603,1754966140,KXMLBGAME-25AUG11AZTEX-AZ,87,13,22,yes
1754966142137,1754966142,KXMLBGAME-25AUG11AZTEX-AZ,87,13,9,yes
1754966143445,1754966143,KXMLBGAME-25AUG11LADLAA-LAD,31,69,52,yes
1754966143445,1754966143,KXMLBGAME-25AUG11LADLAA-LAD,31,69,11,yes
1754966143445,1754966143,KXMLBGAME-25AUG11LADLAA-LAD,32,68,110,yes
1754966144415,1754966144,KXMLBGAME-25AUG11SDSF-SF,58,42,1,yes
1754966144915,1754966144,KXMLBGAME-25AUG11BOSHOU-BOS,17,83,142,yes
1754966147005,1754966146,KXMLBGAME-25AUG11AZTEX-AZ,86,14,80,yes
1754966147997,1754966147,KXMLBGAME-25AUG11LADLAA-LAA,69,31,49,yes
1754966150345,1754966150,KXMLBGAME-25AUG11AZTEX-AZ,86,14,9,yes
1754966153359,1754966153,KXMLBGAME-25AUG11TBATH-TB,71,29,1,yes
1754966154358,1754966154,KXMLBGAME-25AUG11BOSHOU-BOS,17,83,22,yes
1754966161995,1754966161,KXMLBGAME-25AUG11AZTEX-TEX,17,83,55,yes
1754966169374,1754966169,KXMLBGAME-25AUG11LADLAA-LAA,71,29,20,yes
1754966170376,1754966170,KXMLBGAME-25AUG11BOSHOU-BOS,17,83,136,yes
1754966170376,1754966170,KXMLBGAME-25AUG11BOSHOU-BOS,18,82,134,yes
1754966172829,1754966172,KXMLBGAME-25AUG11LADLAA-LAD,31,69,200,yes
1754966173465,1754966173,KXMLBGAME-25AUG11LADLAA-LAD,30,70,94,no
1754966173465,1754966173,KXMLBGAME-25AUG11LADLAA-LAD,30,70,7,no
1754966177625,1754966177,KXMLBGAME-25AUG11AZTEX-AZ,86,14,17,yes
1754966180013,1754966179,KXMLBGAME-25AUG11LADLAA-LAD,30,70,31,yes
1754966180186,1754966180,KXMLBGAME-25AUG11BOSHOU-BOS,17,83,11,yes
1754966180675,1754966180,KXMLBGAME-25AUG11AZTEX-TEX,16,84,5,yes
1754966182375,1754966182,KXMLBGAME-25AUG11AZTEX-AZ,86,14,46,yes
1754966182710,1754966182,KXMLBGAME-25AUG11BOSHOU-BOS,17,83,289,yes
1754966182711,1754966182,KXMLBGAME-25AUG11BOSHOU-BOS,17,83,200,yes
1754966182711,1754966182,KXMLBGAME-25AUG11BOSHOU-BOS,17,83,66,yes
1754966183074,1754966183,KXMLBGAME-25AUG11LADLAA-LAD,30,70,17,yes
1754966183075,1754966183,KXMLBGAME-25AUG11LADLAA-LAD,30,70,5,yes
1754966185348,1754966185,KXMLBGAME-25AUG11LADLAA-LAA,72,28,104,yes
1754966188025,1754966187,KXMLBGAME-25AUG11BOSHOU-HOU,84,16,200,yes
1754966189256,1754966189,KXMLBGAME-25AUG11BOSHOU-HOU,85,15,40,yes
1754966193071,1754966193,KXMLBGAME-25AUG11BOSHOU-HOU,84,16,17,yes
1754966193636,1754966193,KXMLBGAME-25AUG11BOSHOU-BOS,17,83,55,yes
1754966194024,1754966193,KXMLBGAME-25AUG11LADLAA-LAD,30,70,18,yes
1754966194024,1754966193,KXMLBGAME-25AUG11LADLAA-LAD,30,70,13,yes
1754966195675,1754966195,KXMLBGAME-25AUG11BOSHOU-BOS,17,83,150,yes
1754966195784,1754966195,KXMLBGAME-25AUG11LADLAA-LAD,30,70,3,yes
1754966195784,1754966195,KXMLBGAME-25AUG11LADLAA-LAD,30,70,60,yes
1754966199926,1754966199,KXMLBGAME-25AUG11BOSHOU-BOS,16,84,50,no
1754966206775,1754966206,KXMLBGAME-25AUG11BOSHOU-BOS,17,83,83,yes
1754966208143,1754966208,KXMLBGAME-25AUG11SDSF-SD,43,57,20,yes
1754966208203,1754966208,KXMLBGAME-25AUG11AZTEX-TEX,16,84,11,yes
1754966210765,1754966210,KXMLBGAME-25AUG11TBATH-TB,70,30,223,yes
1754966213685,1754966213,KXMLBGAME-25AUG11SDSF-SD,43,57,223,yes
1754966222045,1754966222,KXMLBGAME-25AUG11LADLAA-LAD,30,70,24,yes
1754966222045,1754966222,KXMLBGAME-25AUG11LADLAA-LAD,30,70,2,yes
1754966222045,1754966222,KXMLBGAME-25AUG11LADLAA-LAD,30,70,132,yes
1754966222085,1754966222,KXMLBGAME-25AUG11LADLAA-LAD,30,70,6,yes
1754966228375,1754966228,KXMLBGAME-25AUG11AZTEX-TEX,17,83,5,yes
1754966229505,1754966229,KXMLBGAME-25AUG11LADLAA-LAD,30,70,19,yes
1754966229505,1754966229,KXMLBGAME-25AUG11LADLAA-LAD,30,70,158,yes
1754966233955,1754966233,KXMLBGAME-25AUG11BOSHOU-BOS,23,77,3,yes
1754966235193,1754966235,KXMLBGAME-25AUG11LADLAA-LAA,71,29,67,yes
1754966235426,1754966235,KXMLBGAME-25AUG11BOSHOU-HOU,86,14,1,yes
1754966237025,1754966236,KXMLBGAME-25AUG11TBATH-ATH,32,68,149,yes
1754966239105,1754966239,KXMLBGAME-25AUG11BOSHOU-HOU,84,16,112,yes
1754966239105,1754966239,KXMLBGAME-25AUG11BOSHOU-HOU,85,15,879,yes
1754966239105,1754966239,KXMLBGAME-25AUG11BOSHOU-HOU,86,14,299,yes
1754966239105,1754966239,KXMLBGAME-25AUG11BOSHOU-HOU,86,14,596,yes
1754966243407,1754966243,KXMLBGAME-25AUG11BOSHOU-HOU,88,12,4,yes
1754966252795,1754966252,KXMLBGAME-25AUG11BOSHOU-BOS,12,88,77,yes
1754966256269,1754966256,KXMLBGAME-25AUG11BOSHOU-BOS,16,84,24,yes
1754966259959,1754966259,KXMLBGAME-25AUG11AZTEX-TEX,15,85,6,no
1754966261550,1754966260,KXMLBGAME-25AUG11BOSHOU-BOS,12,88,78,yes
1754966264985,1754966264,KXMLBGAME-25AUG11LADLAA-LAD,30,70,6,yes
1754966266785,1754966266,KXMLBGAME-25AUG11DETCWS-CWS,13,87,4,no
1754966267825,1754966267,KXMLBGAME-25AUG11BOSHOU-BOS,11,89,25,yes
1754966270235,1754966270,KXMLBGAME-25AUG11LADLAA-LAD,29,71,5,no
1754966274027,1754966273,KXMLBGAME-25AUG11BOSHOU-HOU,88,12,566,no
1754966274027,1754966273,KXMLBGAME-25AUG11BOSHOU-HOU,88,12,250,no
1754966274027,1754966273,KXMLBGAME-25AUG11BOSHOU-HOU,88,12,60,no
1754966274027,1754966273,KXMLBGAME-25AUG11BOSHOU-HOU,88,12,124,no
1754966277675,1754966277,KXMLBGAME-25AUG11LADLAA-LAD,25,75,5,no
1754966277675,1754966277,KXMLBGAME-25AUG11LADLAA-LAD,25,75,18,no
1754966281014,1754966280,KXMLBGAME-25AUG11LADLAA-LAD,30,70,9,yes
1754966281014,1754966280,KXMLBGAME-25AUG11LADLAA-LAD,30,70,308,yes
1754966281676,1754966281,KXMLBGAME-25AUG11AZTEX-TEX,19,81,49,yes
1754966282117,1754966282,KXMLBGAME-25AUG11BOSHOU-HOU,90,10,22,yes
1754966283346,1754966283,KXMLBGAME-25AUG11BOSHOU-BOS,11,89,375,yes
1754966283835,1754966283,KXMLBGAME-25AUG11AZTEX-TEX,19,81,63,yes
1754966283835,1754966283,KXMLBGAME-25AUG11AZTEX-TEX,19,81,49,yes
1754966283835,1754966283,KXMLBGAME-25AUG11AZTEX-TEX,20,80,11,yes
1754966285535,1754966285,KXMLBGAME-25AUG11BOSHOU-BOS,12,88,39,yes
1754966285745,1754966285,KXMLBGAME-25AUG11AZTEX-AZ,85,15,1,yes
1754966286141,1754966286,KXMLBGAME-25AUG11AZTEX-TEX,20,80,165,yes
1754966287907,1754966287,KXMLBGAME-25AUG11BOSHOU-HOU,88,12,825,no
1754966287945,1754966287,KXMLBGAME-25AUG11AZTEX-TEX,20,80,14,yes
1754966288845,1754966288,KXMLBGAME-25AUG11LADLAA-LAA,71,29,50,yes
1754966289584,1754966289,KXMLBGAME-25AUG11AZTEX-TEX,20,80,473,yes
1754966293935,1754966293,KXMLBGAME-25AUG11LADLAA-LAA,71,29,27,yes
1754966295327,1754966295,KXMLBGAME-25AUG11TBATH-TB,68,32,1,yes
1754966295584,1754966295,KXMLBGAME-25AUG11LADLAA-LAD,30,70,12,yes
1754966298315,1754966298,KXMLBGAME-25AUG11SDSF-SD,43,57,105,yes
1754966299089,1754966299,KXMLBGAME-25AUG11AZTEX-TEX,20,80,3,yes
1754966299089,1754966299,KXMLBGAME-25AUG11AZTEX-TEX,20,80,109,yes
1754966299089,1754966299,KXMLBGAME-25AUG11AZTEX-TEX,21,79,290,yes
1754966301075,1754966301,KXMLBGAME-25AUG11TBATH-ATH,33,67,14,yes
1754966303704,1754966303,KXMLBGAME-25AUG11TBATH-ATH,33,67,26,yes
1754966304147,1754966304,KXMLBGAME-25AUG11BOSHOU-BOS,11,89,55,no
1754966306315,1754966306,KXMLBGAME-25AUG11BOSHOU-BOS,12,88,78,yes
1754966307586,1754966307,KXMLBGAME-25AUG11AZTEX-TEX,16,84,112,no
1754966307586,1754966307,KXMLBGAME-25AUG11AZTEX-TEX,15,85,169,no
1754966309996,1754966309,KXMLBGAME-25AUG11LADLAA-LAA,71,29,69,yes
1754966310885,1754966310,KXMLBGAME-25AUG11AZTEX-AZ,81,19,11,no
1754966311736,1754966311,KXMLBGAME-25AUG11BOSHOU-BOS,12,88,133,yes
1754966311736,1754966311,KXMLBGAME-25AUG11BOSHOU-BOS,12,88,141,yes
1754966312746,1754966312,KXMLBGAME-25AUG11LADLAA-LAD,29,71,1642,yes
1754966314285,1754966314,KXMLBGAME-25AUG11LADLAA-LAA,72,28,65,yes
1754966314548,1754966314,KXMLBGAME-25AUG11LADLAA-LAA,72,28,4,yes
1754966314548,1754966314,KXMLBGAME-25AUG11LADLAA-LAA,72,28,66,yes
1754966316866,1754966316,KXMLBGAME-25AUG11AZTEX-AZ,84,16,112,yes
1754966316866,1754966316,KXMLBGAME-25AUG11AZTEX-AZ,85,15,98,yes
1754966320475,1754966320,KXMLBGAME-25AUG11DETCWS-DET,84,16,17,yes
1754966323536,1754966323,KXMLBGAME-25AUG11BOSHOU-BOS,12,88,392,yes
1754966325015,1754966324,KXMLBGAME-25AUG11AZTEX-AZ,84,16,44,yes
1754966328375,1754966328,KXMLBGAME-25AUG11BOSHOU-HOU,88,12,49,no
1754966328375,1754966328,KXMLBGAME-25AUG11BOSHOU-HOU,88,12,87,no
1754966328484,1754966328,KXMLBGAME-25AUG11AZTEX-AZ,84,16,117,yes
1754966331025,1754966330,KXMLBGAME-25AUG11BOSHOU-BOS,12,88,78,yes
1754966331476,1754966331,KXMLBGAME-25AUG11DETCWS-DET,78,22,18,no
1754966331476,1754966331,KXMLBGAME-25AUG11DETCWS-DET,78,22,1,no
1754966331760,1754966331,KXMLBGAME-25AUG11SDSF-SF,58,42,349,yes
1754966331760,1754966331,KXMLBGAME-25AUG11SDSF-SF,58,42,652,yes
1754966333795,1754966333,KXMLBGAME-25AUG11LADLAA-LAD,29,71,9,yes
1754966336206,1754966336,KXMLBGAME-25AUG11LADLAA-LAD,29,71,1080,yes
1754966338355,1754966338,KXMLBGAME-25AUG11AZTEX-AZ,84,16,117,yes
1754966344236,1754966344,KXMLBGAME-25AUG11TBATH-TB,69,31,1,yes
1754966346185,1754966346,KXMLBGAME-25AUG11BOSHOU-HOU,89,11,111,yes
1754966349008,1754966348,KXMLBGAME-25AUG11BOSHOU-BOS,13,87,7,yes
1754966352354,1754966352,KXMLBGAME-25AUG11AZTEX-TEX,19,81,24,yes
1754966352776,1754966352,KXMLBGAME-25AUG11BOSHOU-BOS,12,88,33,yes
1754966357115,1754966357,KXMLBGAME-25AUG11BOSHOU-BOS,12,88,367,yes
1754966357115,1754966357,KXMLBGAME-25AUG11BOSHOU-BOS,13,87,23,yes
1754966357268,1754966357,KXMLBGAME-25AUG11TBATH-ATH,33,67,15,yes
1754966358984,1754966358,KXMLBGAME-25AUG11LADLAA-LAD,29,71,200,yes
1754966361704,1754966361,KXMLBGAME-25AUG11LADLAA-LAD,29,71,26,yes
1754966365325,1754966365,KXMLBGAME-25AUG11LADLAA-LAD,29,71,65,yes
1754966367236,1754966367,KXMLBGAME-25AUG11BOSHOU-HOU,87,13,49,yes
1754966367236,1754966367,KXMLBGAME-25AUG11BOSHOU-HOU,87,13,30,yes
1754966367506,1754966367,KXMLBGAME-25AUG11DETCWS-CWS,12,88,75,no
1754966369385,1754966369,KXMLBGAME-25AUG11DETCWS-DET,78,22,81,yes
1754966375152,1754966375,KXMLBGAME-25AUG11AZTEX-TEX,19,81,83,yes
1754966375152,1754966375,KXMLBGAME-25AUG11AZTEX-TEX,19,81,5,yes
1754966375152,1754966375,KXMLBGAME-25AUG11AZTEX-TEX,19,81,410,yes
1754966380759,1754966380,KXMLBGAME-25AUG11LADLAA-LAD,29,71,9,yes
1754966381263,1754966381,KXMLBGAME-25AUG11AZTEX-AZ,84,16,117,yes
1754966390844,1754966390,KXMLBGAME-25AUG11BOSHOU-BOS,14,86,13,yes
1754966391935,1754966391,KXMLBGAME-25AUG11BOSHOU-BOS,12,88,142,no
1754966395555,1754966395,KXMLBGAME-25AUG11BOSHOU-BOS,11,89,7,no
1754966400396,1754966400,KXMLBGAME-25AUG11BOSHOU-BOS,14,86,32,yes
1754966400396,1754966400,KXMLBGAME-25AUG11BOSHOU-BOS,14,86,10,yes
1754966400396,1754966400,KXMLBGAME-25AUG11BOSHOU-BOS,15,85,23,yes
1754966403826,1754966403,KXMLBGAME-25AUG11BOSHOU-BOS,14,86,31,yes
1754966403826,1754966403,KXMLBGAME-25AUG11BOSHOU-BOS,15,85,128,yes
1754966404975,1754966404,KXMLBGAME-25AUG11AZTEX-TEX,19,81,4,yes
1754966405655,1754966405,KXMLBGAME-25AUG11SDSF-SF,56,44,25,yes
1754966407345,1754966407,KXMLBGAME-25AUG11SDSF-SD,46,54,4,yes
1754966408117,1754966408,KXMLBGAME-25AUG11BOSHOU-BOS,14,86,23,yes
1754966408117,1754966408,KXMLBGAME-25AUG11BOSHOU-BOS,15,85,9,yes
1754966412047,1754966412,KXMLBGAME-25AUG11AZTEX-AZ,84,16,115,yes
1754966414894,1754966414,KXMLBGAME-25AUG11AZTEX-TEX,19,81,124,yes
1754966417606,1754966417,KXMLBGAME-25AUG11BOSHOU-BOS,15,85,6,yes
1754966422796,1754966422,KXMLBGAME-25AUG11AZTEX-TEX,20,80,107,yes
1754966422796,1754966422,KXMLBGAME-25AUG11AZTEX-TEX,21,79,349,yes
1754966428346,1754966428,KXMLBGAME-25AUG11BOSHOU-HOU,80,20,2,no
1754966432005,1754966431,KXMLBGAME-25AUG11LADLAA-LAD,30,70,28,yes
1754966433626,1754966433,KXMLBGAME-25AUG11DETCWS-DET,78,22,119,no
1754966433626,1754966433,KXMLBGAME-25AUG11DETCWS-DET,77,23,279,no
1754966433626,1754966433,KXMLBGAME-25AUG11DETCWS-DET,76,24,300,no
1754966433626,1754966433,KXMLBGAME-25AUG11DETCWS-DET,75,25,12,no
1754966433626,1754966433,KXMLBGAME-25AUG11DETCWS-DET,74,26,87,no
1754966433626,1754966433,KXMLBGAME-25AUG11DETCWS-DET,72,28,229,no
1754966438576,1754966438,KXMLBGAME-25AUG11TBATH-ATH,38,62,12,yes
1754966439614,1754966439,KXMLBGAME-25AUG11SDSF-SF,54,46,35,yes
1754966440647,1754966440,KXMLBGAME-25AUG11DETCWS-DET,72,28,17,no
1754966445340,1754966445,KXMLBGAME-25AUG11DETCWS-DET,83,17,5,yes
1754966447905,1754966447,KXMLBGAME-25AUG11BOSHOU-BOS,13,87,16,yes
1754966447905,1754966447,KXMLBGAME-25AUG11BOSHOU-BOS,14,86,8,yes
1754966448215,1754966448,KXMLBGAME-25AUG11BOSHOU-HOU,90,10,1,yes
1754966448351,1754966448,KXMLBGAME-25AUG11TBATH-TB,63,37,1173,yes
1754966448351,1754966448,KXMLBGAME-25AUG11TBATH-TB,63,37,112,yes
1754966449470,1754966449,KXMLBGAME-25AUG11LADLAA-LAD,30,70,27,yes
1754966449470,1754966449,KXMLBGAME-25AUG11LADLAA-LAD,31,69,15,yes
1754966449470,1754966449,KXMLBGAME-25AUG11LADLAA-LAD,31,69,250,yes
1754966449470,1754966449,KXMLBGAME-25AUG11LADLAA-LAD,31,69,631,yes
1754966456115,1754966456,KXMLBGAME-25AUG11LADLAA-LAD,31,69,1,yes
1754966462667,1754966462,KXMLBGAME-25AUG11AZTEX-AZ,86,14,1,yes
1754966468463,1754966468,KXMLBGAME-25AUG11AZTEX-TEX,40,60,1,no
1754966468463,1754966468,KXMLBGAME-25AUG11AZTEX-AZ,84,16,1,no
1754966469255,1754966469,KXMLBGAME-25AUG11LADLAA-LAD,32,68,29,yes
1754966470958,1754966470,KXMLBGAME-25AUG11LADLAA-LAA,70,30,25,yes
1754966472696,1754966472,KXMLBGAME-25AUG11LADLAA-LAA,71,29,96,yes
1754966476958,1754966476,KXMLBGAME-25AUG11AZTEX-AZ,23,77,100,no
1754966476958,1754966476,KXMLBGAME-25AUG11AZTEX-AZ,22,78,100,no
1754966476958,1754966476,KXMLBGAME-25AUG11AZTEX-AZ,20,80,40,no
1754966476958,1754966476,KXMLBGAME-25AUG11AZTEX-AZ,18,82,13,no
1754966476958,1754966476,KXMLBGAME-25AUG11AZTEX-AZ,17,83,100,no
1754966476958,1754966476,KXMLBGAME-25AUG11AZTEX-AZ,14,86,100,no
1754966476958,1754966476,KXMLBGAME-25AUG11AZTEX-AZ,7,93,100,no
1754966476958,1754966476,KXMLBGAME-25AUG11AZTEX-AZ,5,95,100,no
1754966476959,1754966476,KXMLBGAME-25AUG11AZTEX-AZ,4,96,200,no
1754966476959,1754966476,KXMLBGAME-25AUG11AZTEX-AZ,3,97,80,no
1754966476959,1754966476,KXMLBGAME-25AUG11AZTEX-AZ,2,98,70,no
1754966477845,1754966477,KXMLBGAME-25AUG11AZTEX-TEX,45,55,25,no
1754966479165,1754966479,KXMLBGAME-25AUG11AZTEX-TEX,50,50,112,no
1754966479165,1754966479,KXMLBGAME-25AUG11AZTEX-TEX,49,51,11,no
1754966479855,1754966479,KXMLBGAME-25AUG11BOSHOU-BOS,13,87,7,yes
1754966480256,1754966480,KXMLBGAME-25AUG11TBATH-ATH,36,64,59,yes
1754966480256,1754966480,KXMLBGAME-25AUG11TBATH-ATH,37,63,199,yes
1754966480580,1754966480,KXMLBGAME-25AUG11AZTEX-AZ,50,50,100,yes
1754966480580,1754966480,KXMLBGAME-25AUG11AZTEX-AZ,50,50,12,yes
1754966480580,1754966480,KXMLBGAME-25AUG11AZTEX-AZ,51,49,128,yes
1754966480580,1754966480,KXMLBGAME-25AUG11AZTEX-AZ,51,49,100,yes
1754966481073,1754966481,KXMLBGAME-25AUG11TBATH-ATH,36,64,22,yes
1754966481197,1754966481,KXMLBGAME-25AUG11TBATH-ATH,34,66,17,no
1754966481445,1754966481,KXMLBGAME-25AUG11AZTEX-AZ,51,49,42,yes
1754966481445,1754966481,KXMLBGAME-25AUG11AZTEX-AZ,51,49,30,yes
1754966483065,1754966482,KXMLBGAME-25AUG11TBATH-TB,66,34,147,yes
1754966484416,1754966484,KXMLBGAME-25AUG11AZTEX-AZ,57,43,7,yes
1754966485594,1754966485,KXMLBGAME-25AUG11LADLAA-LAD,32,68,44,yes
1754966487735,1754966487,KXMLBGAME-25AUG11BOSHOU-BOS,13,87,243,yes
1754966487735,1754966487,KXMLBGAME-25AUG11BOSHOU-BOS,13,87,482,yes
1754966489929,1754966489,KXMLBGAME-25AUG11TBATH-ATH,36,64,23,yes
1754966489929,1754966489,KXMLBGAME-25AUG11TBATH-ATH,36,64,16,yes
1754966489929,1754966489,KXMLBGAME-25AUG11TBATH-ATH,37,63,223,yes
1754966489935,1754966489,KXMLBGAME-25AUG11AZTEX-TEX,60,40,8,yes
1754966489935,1754966489,KXMLBGAME-25AUG11AZTEX-TEX,60,40,428,yes
1754966489935,1754966489,KXMLBGAME-25AUG11AZTEX-TEX,62,38,112,yes
1754966489964,1754966489,KXMLBGAME-25AUG11AZTEX-TEX,62,38,40,no
1754966489975,1754966489,KXMLBGAME-25AUG11AZTEX-AZ,49,51,40,no
1754966489975,1754966489,KXMLBGAME-25AUG11AZTEX-AZ,48,52,200,no
1754966489975,1754966489,KXMLBGAME-25AUG11AZTEX-AZ,47,53,200,no
1754966489975,1754966489,KXMLBGAME-25AUG11AZTEX-AZ,47,53,6,no
1754966489975,1754966489,KXMLBGAME-25AUG11AZTEX-AZ,31,69,22,no
1754966490116,1754966490,KXMLBGAME-25AUG11AZTEX-TEX,59,41,112,no
1754966490116,1754966490,KXMLBGAME-25AUG11AZTEX-TEX,49,51,137,no
1754966490386,1754966490,KXMLBGAME-25AUG11AZTEX-TEX,49,51,10,no
1754966490646,1754966490,KXMLBGAME-25AUG11SDSF-SF,53,47,533,no
1754966490646,1754966490,KXMLBGAME-25AUG11AZTEX-AZ,57,43,2,yes
1754966491538,1754966491,KXMLBGAME-25AUG11SDSF-SF,54,46,17,yes
1754966493156,1754966493,KXMLBGAME-25AUG11AZTEX-AZ,37,63,70,yes
1754966494576,1754966494,KXMLBGAME-25AUG11TBATH-ATH,36,64,29,yes
1754966494576,1754966494,KXMLBGAME-25AUG11TBATH-ATH,37,63,230,yes
1754966495505,1754966495,KXMLBGAME-25AUG11AZTEX-TEX,65,35,22,yes
1754966495625,1754966495,KXMLBGAME-25AUG11AZTEX-TEX,63,37,27,no
1754966497406,1754966497,KXMLBGAME-25AUG11DETCWS-DET,83,17,5,yes
1754966498625,1754966498,KXMLBGAME-25AUG11AZTEX-TEX,65,35,17,yes
1754966498625,1754966498,KXMLBGAME-25AUG11AZTEX-TEX,69,31,12,yes
1754966503816,1754966503,KXMLBGAME-25AUG11AZTEX-AZ,34,66,28,no
1754966504125,1754966504,KXMLBGAME-25AUG11AZTEX-TEX,63,37,57,no
1754966504515,1754966504,KXMLBGAME-25AUG11AZTEX-TEX,69,31,48,yes
1754966504515,1754966504,KXMLBGAME-25AUG11AZTEX-TEX,69,31,22,yes
1754966507955,1754966507,KXMLBGAME-25AUG11AZTEX-TEX,69,31,20,yes
1754966509786,1754966509,KXMLBGAME-25AUG11AZTEX-TEX,69,31,92,yes
1754966509786,1754966509,KXMLBGAME-25AUG11AZTEX-TEX,69,31,20,yes
1754966509786,1754966509,KXMLBGAME-25AUG11AZTEX-TEX,70,30,239,yes
1754966509956,1754966509,KXMLBGAME-25AUG11TBATH-TB,63,37,96,no
1754966511815,1754966511,KXMLBGAME-25AUG11BOSHOU-HOU,87,13,250,no
1754966511815,1754966511,KXMLBGAME-25AUG11BOSHOU-HOU,87,13,1776,no
1754966514075,1754966513,KXMLBGAME-25AUG11TBATH-TB,67,33,14,yes
1754966518107,1754966517,KXMLBGAME-25AUG11TBATH-ATH,36,64,22,yes
1754966518107,1754966517,KXMLBGAME-25AUG11TBATH-ATH,37,63,82,yes
1754966522276,1754966522,KXMLBGAME-25AUG11AZTEX-TEX,69,31,86,yes
1754966522276,1754966522,KXMLBGAME-25AUG11AZTEX-TEX,70,30,21,yes
1754966522276,1754966522,KXMLBGAME-25AUG11AZTEX-TEX,70,30,250,yes
1754966522314,1754966522,KXMLBGAME-25AUG11AZTEX-TEX,70,30,22,no
1754966522314,1754966522,KXMLBGAME-25AUG11AZTEX-AZ,34,66,22,no
1754966522355,1754966522,KXMLBGAME-25AUG11AZTEX-AZ,31,69,21,no
1754966524284,1754966524,KXMLBGAME-25AUG11AZTEX-TEX,70,30,1,no
1754966526485,1754966526,KXMLBGAME-25AUG11AZTEX-TEX,70,30,34,no
1754966528943,1754966528,KXMLBGAME-25AUG11AZTEX-AZ,31,69,22,no
1754966534544,1754966534,KXMLBGAME-25AUG11AZTEX-TEX,71,29,8,no
1754966534544,1754966534,KXMLBGAME-25AUG11AZTEX-TEX,70,30,682,no
1754966535895,1754966535,KXMLBGAME-25AUG11AZTEX-TEX,71,29,26,yes
1754966537095,1754966537,KXMLBGAME-25AUG11TBATH-ATH,30,70,15,yes
1754966538474,1754966538,KXMLBGAME-25AUG11AZTEX-AZ,33,67,14,yes
1754966538515,1754966538,KXMLBGAME-25AUG11AZTEX-TEX,70,30,14,no
1754966538765,1754966538,KXMLBGAME-25AUG11LADLAA-LAD,32,68,250,yes
1754966538765,1754966538,KXMLBGAME-25AUG11LADLAA-LAD,33,67,312,yes
1754966539455,1754966539,KXMLBGAME-25AUG11LADLAA-LAD,33,67,72,yes
1754966540025,1754966539,KXMLBGAME-25AUG11LADLAA-LAA,70,30,200,yes
1754966541364,1754966541,KXMLBGAME-25AUG11AZTEX-TEX,71,29,76,yes
1754966545996,1754966545,KXMLBGAME-25AUG11AZTEX-TEX,70,30,24,no
1754966549235,1754966549,KXMLBGAME-25AUG11AZTEX-AZ,32,68,2,no
1754966553364,1754966553,KXMLBGAME-25AUG11BOSHOU-BOS,13,87,48,yes
1754966553364,1754966553,KXMLBGAME-25AUG11BOSHOU-BOS,15,85,2,yes
1754966553594,1754966553,KXMLBGAME-25AUG11SDSF-SD,50,50,11,yes
1754966553615,1754966553,KXMLBGAME-25AUG11LADLAA-LAD,33,67,28,yes
1754966556415,1754966556,KXMLBGAME-25AUG11BOSHOU-BOS,15,85,18,yes
1754966556566,1754966556,KXMLBGAME-25AUG11AZTEX-AZ,32,68,51,no
1754966556566,1754966556,KXMLBGAME-25AUG11AZTEX-AZ,32,68,2,no
1754966556566,1754966556,KXMLBGAME-25AUG11AZTEX-AZ,31,69,17,no
1754966556714,1754966556,KXMLBGAME-25AUG11AZTEX-TEX,70,30,690,no
1754966558024,1754966557,KXMLBGAME-25AUG11BOSHOU-BOS,15,85,61,yes
1754966561768,1754966561,KXMLBGAME-25AUG11DETCWS-CWS,13,87,197,no
1754966563462,1754966563,KXMLBGAME-25AUG11BOSHOU-BOS,15,85,6,yes
1754966565451,1754966565,KXMLBGAME-25AUG11AZTEX-TEX,71,29,35,yes
1754966565451,1754966565,KXMLBGAME-25AUG11AZTEX-TEX,71,29,4,yes
1754966565451,1754966565,KXMLBGAME-25AUG11AZTEX-TEX,71,29,750,yes
1754966565451,1754966565,KXMLBGAME-25AUG11AZTEX-TEX,71,29,250,yes
1754966566662,1754966566,KXMLBGAME-25AUG11SDSF-SD,50,50,15,yes
1754966570485,1754966570,KXMLBGAME-25AUG11AZTEX-TEX,71,29,24,no
1754966572315,1754966572,KXMLBGAME-25AUG11AZTEX-TEX,72,28,2,yes
1754966572324,1754966572,KXMLBGAME-25AUG11LADLAA-LAD,33,67,2,yes
1754966573856,1754966573,KXMLBGAME-25AUG11LADLAA-LAD,33,67,336,yes
1754966573856,1754966573,KXMLBGAME-25AUG11LADLAA-LAD,33,67,98,yes
1754966574518,1754966574,KXMLBGAME-25AUG11BOSHOU-BOS,15,85,31,yes
1754966576017,1754966575,KXMLBGAME-25AUG11BOSHOU-HOU,88,12,1,yes
1754966576450,1754966576,KXMLBGAME-25AUG11BOSHOU-BOS,15,85,220,yes
1754966581377,1754966581,KXMLBGAME-25AUG11AZTEX-TEX,72,28,80,yes
1754966583368,1754966583,KXMLBGAME-25AUG11LADLAA-LAD,33,67,50,yes
1754966584334,1754966584,KXMLBGAME-25AUG11AZTEX-AZ,32,68,27,no
1754966584334,1754966584,KXMLBGAME-25AUG11AZTEX-AZ,31,69,4,no
1754966584334,1754966584,KXMLBGAME-25AUG11AZTEX-AZ,31,69,8,no
1754966590316,1754966590,KXMLBGAME-25AUG11DETCWS-DET,80,20,86,yes
1754966596304,1754966596,KXMLBGAME-25AUG11LADLAA-LAD,33,67,25,yes
1754966596564,1754966596,KXMLBGAME-25AUG11SDSF-SD,50,50,58,yes
1754966596564,1754966596,KXMLBGAME-25AUG11SDSF-SD,50,50,4,yes
1754966596564,1754966596,KXMLBGAME-25AUG11SDSF-SD,50,50,9,yes
1754966596564,1754966596,KXMLBGAME-25AUG11SDSF-SD,50,50,11,yes
1754966596564,1754966596,KXMLBGAME-25AUG11SDSF-SD,51,49,109,yes
1754966596703,1754966596,KXMLBGAME-25AUG11AZTEX-TEX,71,29,937,no
1754966602874,1754966602,KXMLBGAME-25AUG11SDSF-SF,51,49,9,yes
1754966603644,1754966603,KXMLBGAME-25AUG11LADLAA-LAA,69,31,99,yes
1754966605059,1754966604,KXMLBGAME-25AUG11BOSHOU-BOS,12,88,79,no
1754966605704,1754966605,KXMLBGAME-25AUG11LADLAA-LAD,33,67,29,yes
1754966607706,1754966607,KXMLBGAME-25AUG11AZTEX-TEX,73,27,100,yes
1754966607706,1754966607,KXMLBGAME-25AUG11AZTEX-TEX,75,25,100,yes
1754966608563,1754966608,KXMLBGAME-25AUG11BOSHOU-HOU,87,13,257,yes
1754966611364,1754966611,KXMLBGAME-25AUG11SDSF-SF,51,49,28,yes
1754966613246,1754966613,KXMLBGAME-25AUG11SDSF-SD,51,49,200,yes
1754966613246,1754966613,KXMLBGAME-25AUG11SDSF-SD,51,49,400,yes
1754966613246,1754966613,KXMLBGAME-25AUG11SDSF-SD,51,49,61,yes
1754966613624,1754966613,KXMLBGAME-25AUG11BOSHOU-BOS,14,86,12,yes
1754966613624,1754966613,KXMLBGAME-25AUG11BOSHOU-BOS,15,85,13,yes
1754966614774,1754966614,KXMLBGAME-25AUG11SDSF-SD,52,48,10,no
1754966618635,1754966618,KXMLBGAME-25AUG11BOSHOU-HOU,87,13,21,yes
1754966618635,1754966618,KXMLBGAME-25AUG11BOSHOU-HOU,88,12,104,yes
1754966618767,1754966618,KXMLBGAME-25AUG11AZTEX-TEX,79,21,8,no
1754966620196,1754966620,KXMLBGAME-25AUG11AZTEX-TEX,79,21,70,no
1754966620785,1754966620,KXMLBGAME-25AUG11BOSHOU-BOS,14,86,9,yes
1754966620785,1754966620,KXMLBGAME-25AUG11BOSHOU-BOS,15,85,620,yes
1754966624136,1754966624,KXMLBGAME-25AUG11DETCWS-CWS,13,87,29,no
1754966624266,1754966624,KXMLBGAME-25AUG11SDSF-SF,48,52,204,yes
1754966624266,1754966624,KXMLBGAME-25AUG11SDSF-SF,48,52,451,yes
1754966625727,1754966625,KXMLBGAME-25AUG11AZTEX-TEX,80,20,1,yes
1754966630177,1754966630,KXMLBGAME-25AUG11SDSF-SD,51,49,20,no
1754966630964,1754966630,KXMLBGAME-25AUG11AZTEX-AZ,17,83,100,no
1754966630964,1754966630,KXMLBGAME-25AUG11AZTEX-AZ,17,83,100,no
1754966631081,1754966631,KXMLBGAME-25AUG11AZTEX-AZ,17,83,136,yes
1754966631605,1754966631,KXMLBGAME-25AUG11AZTEX-AZ,18,82,21,yes
1754966633655,1754966633,KXMLBGAME-25AUG11LADLAA-LAA,69,31,49,yes
1754966637738,1754966637,KXMLBGAME-25AUG11AZTEX-TEX,80,20,99,yes
1754966637738,1754966637,KXMLBGAME-25AUG11AZTEX-TEX,84,16,23,yes
1754966642186,1754966642,KXMLBGAME-25AUG11AZTEX-TEX,84,16,64,yes
1754966642514,1754966642,KXMLBGAME-25AUG11AZTEX-AZ,18,82,60,yes
1754966644315,1754966644,KXMLBGAME-25AUG11BOSHOU-BOS,14,86,6,yes
1754966644315,1754966644,KXMLBGAME-25AUG11BOSHOU-BOS,15,85,57,yes
1754966645095,1754966645,KXMLBGAME-25AUG11AZTEX-TEX,84,16,6,yes
1754966645855,1754966645,KXMLBGAME-25AUG11AZTEX-AZ,17,83,117,no
1754966648630,1754966648,KXMLBGAME-25AUG11LADLAA-LAA,69,31,482,yes
1754966648630,1754966648,KXMLBGAME-25AUG11LADLAA-LAA,69,31,29,yes
1754966648630,1754966648,KXMLBGAME-25AUG11LADLAA-LAA,69,31,112,yes
1754966648630,1754966648,KXMLBGAME-25AUG11LADLAA-LAA,70,30,1300,yes
1754966648630,1754966648,KXMLBGAME-25AUG11LADLAA-LAA,70,30,200,yes
1754966648630,1754966648,KXMLBGAME-25AUG11LADLAA-LAA,70,30,400,yes
1754966648630,1754966648,KXMLBGAME-25AUG11LADLAA-LAA,70,30,750,yes
1754966648630,1754966648,KXMLBGAME-25AUG11LADLAA-LAA,70,30,250,yes
1754966648630,1754966648,KXMLBGAME-25AUG11LADLAA-LAA,71,29,200,yes
1754966648630,1754966648,KXMLBGAME-25AUG11LADLAA-LAA,71,29,400,yes
1754966648630,1754966648,KXMLBGAME-25AUG11LADLAA-LAA,73,27,1,yes
1754966648630,1754966648,KXMLBGAME-25AUG11LADLAA-LAA,73,27,13,yes
1754966648630,1754966648,KXMLBGAME-25AUG11LADLAA-LAA,73,27,57,yes
1754966649364,1754966649,KXMLBGAME-25AUG11AZTEX-AZ,18,82,44,yes
1754966649385,1754966649,KXMLBGAME-25AUG11AZTEX-AZ,18,82,177,yes
1754966650255,1754966650,KXMLBGAME-25AUG11BOSHOU-HOU,87,13,12,yes
1754966653350,1754966653,KXMLBGAME-25AUG11AZTEX-AZ,19,81,4,yes
1754966653914,1754966653,KXMLBGAME-25AUG11AZTEX-AZ,19,81,25,yes
1754966654276,1754966654,KXMLBGAME-25AUG11SDSF-SF,48,52,112,yes
1754966654276,1754966654,KXMLBGAME-25AUG11SDSF-SF,49,51,382,yes
1754966655165,1754966655,KXMLBGAME-25AUG11SDSF-SD,52,48,6,yes
1754966657606,1754966657,KXMLBGAME-25AUG11AZTEX-AZ,18,82,44,no
1754966657606,1754966657,KXMLBGAME-25AUG11AZTEX-AZ,18,82,221,no
1754966657606,1754966657,KXMLBGAME-25AUG11AZTEX-AZ,16,84,19,no
1754966657606,1754966657,KXMLBGAME-25AUG11AZTEX-AZ,16,84,50,no
1754966657606,1754966657,KXMLBGAME-25AUG11AZTEX-AZ,16,84,92,no
1754966658325,1754966658,KXMLBGAME-25AUG11AZTEX-AZ,19,81,108,yes
1754966658644,1754966658,KXMLBGAME-25AUG11AZTEX-AZ,19,81,400,yes
1754966660038,1754966660,KXMLBGAME-25AUG11AZTEX-TEX,84,16,7,yes
1754966660038,1754966660,KXMLBGAME-25AUG11AZTEX-TEX,91,9,14,yes
1754966660038,1754966660,KXMLBGAME-25AUG11AZTEX-TEX,92,8,92,yes
1754966661516,1754966661,KXMLBGAME-25AUG11BOSHOU-BOS,15,85,18,yes
1754966662396,1754966662,KXMLBGAME-25AUG11SDSF-SD,55,45,123,yes
1754966662706,1754966662,KXMLBGAME-25AUG11BOSHOU-BOS,15,85,31,yes
1754966663954,1754966663,KXMLBGAME-25AUG11BOSHOU-BOS,15,85,16,yes
1754966664458,1754966664,KXMLBGAME-25AUG11AZTEX-TEX,89,11,11,yes
1754966664527,1754966664,KXMLBGAME-25AUG11LADLAA-LAD,32,68,1,yes
1754966667268,1754966666,KXMLBGAME-25AUG11AZTEX-AZ,19,81,19,yes
1754966667472,1754966666,KXMLBGAME-25AUG11SDSF-SD,55,45,14,yes
1754966668262,1754966668,KXMLBGAME-25AUG11AZTEX-TEX,77,23,12,no
1754966668669,1754966668,KXMLBGAME-25AUG11LADLAA-LAD,32,68,308,yes
1754966669772,1754966669,KXMLBGAME-25AUG11DETCWS-DET,80,20,160,yes
1754966669772,1754966669,KXMLBGAME-25AUG11DETCWS-DET,85,15,5,yes
1754966669772,1754966669,KXMLBGAME-25AUG11DETCWS-DET,85,15,8,yes
1754966669772,1754966669,KXMLBGAME-25AUG11DETCWS-DET,88,12,66,yes
1754966670850,1754966670,KXMLBGAME-25AUG11DETCWS-DET,76,24,50,no
1754966670850,1754966670,KXMLBGAME-25AUG11DETCWS-DET,75,25,68,no
1754966672060,1754966671,KXMLBGAME-25AUG11AZTEX-AZ,19,81,24,yes
1754966673669,1754966673,KXMLBGAME-25AUG11LADLAA-LAA,68,32,1,no
1754966673669,1754966673,KXMLBGAME-25AUG11LADLAA-LAA,66,34,19,no
1754966676276,1754966676,KXMLBGAME-25AUG11AZTEX-TEX,83,17,8,yes
1754966676276,1754966676,KXMLBGAME-25AUG11AZTEX-TEX,84,16,21,yes
1754966676295,1754966676,KXMLBGAME-25AUG11AZTEX-AZ,19,81,49,yes
1754966677896,1754966677,KXMLBGAME-25AUG11AZTEX-TEX,78,22,112,no
1754966677896,1754966677,KXMLBGAME-25AUG11AZTEX-TEX,77,23,13,no
1754966679355,1754966679,KXMLBGAME-25AUG11AZTEX-AZ,19,81,99,yes
1754966680243,1754966680,KXMLBGAME-25AUG11AZTEX-AZ,19,81,14,yes
1754966682845,1754966682,KXMLBGAME-25AUG11AZTEX-TEX,77,23,15,no
1754966684315,1754966684,KXMLBGAME-25AUG11BOSHOU-BOS,16,84,148,yes
1754966686344,1754966686,KXMLBGAME-25AUG11LADLAA-LAD,32,68,14,yes
1754966687004,1754966686,KXMLBGAME-25AUG11AZTEX-AZ,19,81,7,yes
1754966691726,1754966691,KXMLBGAME-25AUG11AZTEX-AZ,19,81,1,yes
1754966692745,1754966692,KXMLBGAME-25AUG11BOSHOU-BOS,16,84,51,yes
1754966693994,1754966693,KXMLBGAME-25AUG11BOSHOU-BOS,16,84,29,yes
1754966696083,1754966696,KXMLBGAME-25AUG11AZTEX-TEX,78,22,105,no
1754966700505,1754966700,KXMLBGAME-25AUG11SDSF-SD,53,47,3,yes
1754966701595,1754966701,KXMLBGAME-25AUG11AZTEX-AZ,22,78,4,yes
1754966701754,1754966701,KXMLBGAME-25AUG11AZTEX-AZ,19,81,100,no
1754966702415,1754966702,KXMLBGAME-25AUG11TBATH-ATH,28,72,68,yes
1754966703264,1754966703,KXMLBGAME-25AUG11LADLAA-LAD,32,68,74,yes
1754966703286,1754966703,KXMLBGAME-25AUG11AZTEX-AZ,19,81,148,no
1754966703555,1754966703,KXMLBGAME-25AUG11AZTEX-TEX,77,23,112,no
1754966706295,1754966706,KXMLBGAME-25AUG11AZTEX-AZ,23,77,41,yes
1754966707900,1754966707,KXMLBGAME-25AUG11AZTEX-TEX,83,17,1,yes
1754966709014,1754966708,KXMLBGAME-25AUG11AZTEX-AZ,23,77,20,yes
1754966710395,1754966710,KXMLBGAME-25AUG11AZTEX-AZ,22,78,112,yes
1754966710395,1754966710,KXMLBGAME-25AUG11AZTEX-AZ,23,77,551,yes
1754966712909,1754966712,KXMLBGAME-25AUG11SDSF-SD,52,48,100,no
1754966712909,1754966712,KXMLBGAME-25AUG11SDSF-SD,51,49,112,no
1754966712909,1754966712,KXMLBGAME-25AUG11SDSF-SD,50,50,449,no
1754966715075,1754966715,KXMLBGAME-25AUG11TBATH-ATH,28,72,10,yes
1754966716245,1754966716,KXMLBGAME-25AUG11BOSHOU-BOS,16,84,159,yes
1754966717115,1754966717,KXMLBGAME-25AUG11BOSHOU-BOS,13,87,11,no
1754966717515,1754966717,KXMLBGAME-25AUG11AZTEX-TEX,77,23,24,yes
1754966718446,1754966718,KXMLBGAME-25AUG11BOSHOU-HOU,87,13,12,yes
1754966719074,1754966719,KXMLBGAME-25AUG11AZTEX-TEX,77,23,89,yes
1754966720154,1754966720,KXMLBGAME-25AUG11AZTEX-TEX,70,30,168,no
1754966724124,1754966724,KXMLBGAME-25AUG11AZTEX-TEX,77,23,34,yes
1754966726975,1754966726,KXMLBGAME-25AUG11TBATH-ATH,27,73,75,no
1754966729415,1754966729,KXMLBGAME-25AUG11AZTEX-AZ,31,69,5,yes
1754966731097,1754966731,KXMLBGAME-25AUG11SDSF-SF,52,48,55,yes
1754966735885,1754966735,KXMLBGAME-25AUG11AZTEX-AZ,30,70,79,yes
1754966736575,1754966736,KXMLBGAME-25AUG11AZTEX-AZ,30,70,6,yes
1754966742304,1754966742,KXMLBGAME-25AUG11LADLAA-LAD,30,70,3,yes
1754966742304,1754966742,KXMLBGAME-25AUG11LADLAA-LAD,30,70,76,yes
1754966743045,1754966743,KXMLBGAME-25AUG11LADLAA-LAD,30,70,31,yes
1754966743314,1754966743,KXMLBGAME-25AUG11LADLAA-LAD,30,70,10,yes
1754966744587,1754966744,KXMLBGAME-25AUG11SDSF-SD,49,51,98,yes
1754966747434,1754966747,KXMLBGAME-25AUG11LADLAA-LAD,30,70,158,yes
1754966750577,1754966750,KXMLBGAME-25AUG11TBATH-ATH,29,71,1,yes
1754966750577,1754966750,KXMLBGAME-25AUG11TBATH-ATH,30,70,10,yes
1754966750577,1754966750,KXMLBGAME-25AUG11TBATH-ATH,30,70,19,yes
1754966750577,1754966750,KXMLBGAME-25AUG11TBATH-ATH,30,70,65,yes
1754966754536,1754966754,KXMLBGAME-25AUG11LADLAA-LAA,70,30,2,yes
1754966754536,1754966754,KXMLBGAME-25AUG11LADLAA-LAA,71,29,36,yes
1754966758124,1754966758,KXMLBGAME-25AUG11LADLAA-LAD,30,70,31,yes
1754966758485,1754966758,KXMLBGAME-25AUG11AZTEX-TEX,75,25,3,yes
1754966759134,1754966759,KXMLBGAME-25AUG11BOSHOU-HOU,87,13,11,yes
1754966761066,1754966761,KXMLBGAME-25AUG11AZTEX-AZ,25,75,2,no
1754966761066,1754966761,KXMLBGAME-25AUG11AZTEX-AZ,25,75,112,no
1754966762495,1754966762,KXMLBGAME-25AUG11BOSHOU-BOS,15,85,1,yes
1754966762495,1754966762,KXMLBGAME-25AUG11BOSHOU-BOS,16,84,63,yes
1754966764026,1754966763,KXMLBGAME-25AUG11LADLAA-LAD,30,70,79,yes
1754966764366,1754966764,KXMLBGAME-25AUG11AZTEX-AZ,25,75,90,yes
1754966764615,1754966764,KXMLBGAME-25AUG11AZTEX-AZ,25,75,40,yes
1754966766726,1754966766,KXMLBGAME-25AUG11BOSHOU-BOS,16,84,5,yes
1754966767062,1754966767,KXMLBGAME-25AUG11AZTEX-TEX,71,29,1,no
1754966767062,1754966767,KXMLBGAME-25AUG11AZTEX-TEX,70,30,137,no
1754966768654,1754966768,KXMLBGAME-25AUG11AZTEX-AZ,25,75,20,yes
1754966771715,1754966771,KXMLBGAME-25AUG11LADLAA-LAD,30,70,15,yes
1754966773089,1754966773,KXMLBGAME-25AUG11AZTEX-AZ,25,75,20,yes
1754966773695,1754966773,KXMLBGAME-25AUG11AZTEX-AZ,25,75,10,yes
1754966775667,1754966775,KXMLBGAME-25AUG11LADLAA-LAD,30,70,9,yes
1754966776865,1754966776,KXMLBGAME-25AUG11TBATH-ATH,29,71,1,yes
1754966776865,1754966776,KXMLBGAME-25AUG11TBATH-ATH,30,70,110,yes
1754966781685,1754966781,KXMLBGAME-25AUG11BOSHOU-BOS,15,85,1,yes
1754966781685,1754966781,KXMLBGAME-25AUG11BOSHOU-BOS,16,84,10,yes
1754966783081,1754966782,KXMLBGAME-25AUG11BOSHOU-HOU,86,14,1,no
1754966786294,1754966786,KXMLBGAME-25AUG11AZTEX-AZ,24,76,21,no
1754966786306,1754966786,KXMLBGAME-25AUG11BOSHOU-BOS,16,84,11,yes
1754966786346,1754966786,KXMLBGAME-25AUG11SDSF-SF,52,48,1860,yes
1754966787064,1754966787,KXMLBGAME-25AUG11AZTEX-AZ,25,75,1,yes
1754966788640,1754966788,KXMLBGAME-25AUG11BOSHOU-HOU,85,15,100,no
1754966789574,1754966789,KXMLBGAME-25AUG11AZTEX-TEX,71,29,1,no
1754966789574,1754966789,KXMLBGAME-25AUG11AZTEX-TEX,70,30,14,no
1754966790096,1754966789,KXMLBGAME-25AUG11SDSF-SF,52,48,1085,yes
1754966791395,1754966791,KXMLBGAME-25AUG11AZTEX-TEX,74,26,2,yes
1754966792544,1754966792,KXMLBGAME-25AUG11DETCWS-DET,80,20,4,no
1754966795685,1754966795,KXMLBGAME-25AUG11AZTEX-TEX,74,26,72,yes
1754966795976,1754966795,KXMLBGAME-25AUG11TBATH-ATH,29,71,6,yes
1754966799814,1754966799,KXMLBGAME-25AUG11LADLAA-LAD,31,69,61,yes
1754966800146,1754966800,KXMLBGAME-25AUG11TBATH-ATH,28,72,19,yes
1754966800305,1754966800,KXMLBGAME-25AUG11SDSF-SD,48,52,42,yes
1754966801115,1754966801,KXMLBGAME-25AUG11AZTEX-AZ,25,75,5,yes
1754966801808,1754966801,KXMLBGAME-25AUG11SDSF-SD,48,52,4,yes
1754966801808,1754966801,KXMLBGAME-25AUG11AZTEX-AZ,30,70,16,yes
1754966803226,1754966803,KXMLBGAME-25AUG11AZTEX-AZ,30,70,16,yes
1754966812304,1754966812,KXMLBGAME-25AUG11TBATH-TB,73,27,6,yes
1754966812847,1754966812,KXMLBGAME-25AUG11AZTEX-AZ,30,70,95,yes
1754966813356,1754966813,KXMLBGAME-25AUG11BOSHOU-BOS,15,85,16,no
1754966813615,1754966813,KXMLBGAME-25AUG11AZTEX-TEX,72,28,19,yes
1754966813985,1754966813,KXMLBGAME-25AUG11BOSHOU-BOS,16,84,11,yes
1754966814214,1754966814,KXMLBGAME-25AUG11AZTEX-AZ,30,70,50,yes
1754966814944,1754966814,KXMLBGAME-25AUG11LADLAA-LAA,70,30,97,yes
1754966815445,1754966815,KXMLBGAME-25AUG11LADLAA-LAD,31,69,307,yes
1754966817645,1754966817,KXMLBGAME-25AUG11BOSHOU-BOS,16,84,59,yes
1754966818296,1754966818,KXMLBGAME-25AUG11AZTEX-TEX,74,26,4,yes
1754966820365,1754966820,KXMLBGAME-25AUG11SDSF-SD,52,48,250,no
1754966820365,1754966820,KXMLBGAME-25AUG11SDSF-SD,51,49,750,no
1754966820457,1754966820,KXMLBGAME-25AUG11SDSF-SF,48,52,250,yes
1754966820457,1754966820,KXMLBGAME-25AUG11SDSF-SF,49,51,750,yes
1754966821345,1754966821,KXMLBGAME-25AUG11SDSF-SD,56,44,2,yes
1754966821345,1754966821,KXMLBGAME-25AUG11SDSF-SD,56,44,3,yes
1754966821535,1754966821,KXMLBGAME-25AUG11SDSF-SF,55,45,42,yes
1754966825090,1754966824,KXMLBGAME-25AUG11SDSF-SF,47,53,20,no
1754966825090,1754966824,KXMLBGAME-25AUG11SDSF-SF,46,54,2,no
1754966825090,1754966824,KXMLBGAME-25AUG11SDSF-SF,45,55,112,no
1754966825216,1754966825,KXMLBGAME-25AUG11SDSF-SD,55,45,2,yes
1754966825608,1754966825,KXMLBGAME-25AUG11TBATH-TB,73,27,94,yes
1754966825608,1754966825,KXMLBGAME-25AUG11TBATH-TB,74,26,112,yes
1754966825608,1754966825,KXMLBGAME-25AUG11TBATH-TB,74,26,2,yes
1754966825608,1754966825,KXMLBGAME-25AUG11TBATH-TB,75,25,100,yes
1754966825608,1754966825,KXMLBGAME-25AUG11TBATH-TB,75,25,137,yes
1754966825608,1754966825,KXMLBGAME-25AUG11BOSHOU-BOS,16,84,17,yes
1754966828407,1754966828,KXMLBGAME-25AUG11TBATH-ATH,29,71,21,no
1754966829244,1754966829,KXMLBGAME-25AUG11TBATH-ATH,25,75,7,yes
1754966831104,1754966831,KXMLBGAME-25AUG11BOSHOU-HOU,89,11,1,yes
1754966832048,1754966832,KXMLBGAME-25AUG11TBATH-TB,76,24,2,yes
1754966832565,1754966832,KXMLBGAME-25AUG11AZTEX-TEX,72,28,1,no
1754966832565,1754966832,KXMLBGAME-25AUG11AZTEX-TEX,70,30,164,no
1754966833695,1754966833,KXMLBGAME-25AUG11BOSHOU-BOS,16,84,316,yes
1754966833695,1754966833,KXMLBGAME-25AUG11BOSHOU-BOS,17,83,8,yes
1754966833695,1754966833,KXMLBGAME-25AUG11BOSHOU-BOS,18,82,5,yes
1754966833695,1754966833,KXMLBGAME-25AUG11BOSHOU-BOS,18,82,3,yes
1754966833696,1754966833,KXMLBGAME-25AUG11BOSHOU-BOS,19,81,22,yes
1754966833696,1754966833,KXMLBGAME-25AUG11BOSHOU-BOS,27,73,15,yes
1754966833696,1754966833,KXMLBGAME-25AUG11BOSHOU-BOS,28,72,184,yes
1754966834679,1754966834,KXMLBGAME-25AUG11TBATH-ATH,25,75,15,yes
1754966835455,1754966835,KXMLBGAME-25AUG11AZTEX-TEX,70,30,693,no
1754966836395,1754966836,KXMLBGAME-25AUG11AZTEX-AZ,30,70,6,yes
1754966836764,1754966836,KXMLBGAME-25AUG11BOSHOU-HOU,89,11,20,yes
1754966836976,1754966836,KXMLBGAME-25AUG11BOSHOU-BOS,19,81,24,yes
1754966837105,1754966837,KXMLBGAME-25AUG11AZTEX-AZ,30,70,3,yes
1754966837245,1754966837,KXMLBGAME-25AUG11AZTEX-AZ,30,70,15,yes
1754966839074,1754966839,KXMLBGAME-25AUG11AZTEX-TEX,75,25,23,yes
1754966840524,1754966840,KXMLBGAME-25AUG11AZTEX-AZ,29,71,24,no
1754966841225,1754966841,KXMLBGAME-25AUG11TBATH-ATH,25,75,2,yes
1754966841965,1754966841,KXMLBGAME-25AUG11AZTEX-AZ,30,70,6,yes
1754966842309,1754966842,KXMLBGAME-25AUG11BOSHOU-HOU,90,10,23,yes
1754966842309,1754966842,KXMLBGAME-25AUG11BOSHOU-HOU,90,10,82,yes
1754966845845,1754966845,KXMLBGAME-25AUG11AZTEX-AZ,36,64,12,yes
1754966845877,1754966845,KXMLBGAME-25AUG11BOSHOU-HOU,90,10,18,yes
1754966845877,1754966845,KXMLBGAME-25AUG11BOSHOU-HOU,90,10,2,yes
1754966846465,1754966846,KXMLBGAME-25AUG11SDSF-SD,55,45,1498,no
1754966846516,1754966846,KXMLBGAME-25AUG11BOSHOU-HOU,90,10,20,no
1754966849254,1754966849,KXMLBGAME-25AUG11BOSHOU-HOU,91,9,1,yes
1754966849496,1754966849,KXMLBGAME-25AUG11DETCWS-DET,80,20,16,no
1754966849566,1754966849,KXMLBGAME-25AUG11AZTEX-TEX,70,30,83,yes
1754966849566,1754966849,KXMLBGAME-25AUG11AZTEX-TEX,70,30,3,yes
1754966849566,1754966849,KXMLBGAME-25AUG11AZTEX-TEX,71,29,50,yes
1754966849697,1754966849,KXMLBGAME-25AUG11LADLAA-LAD,31,69,55,yes
1754966849697,1754966849,KXMLBGAME-25AUG11LADLAA-LAD,31,69,23,yes
1754966849697,1754966849,KXMLBGAME-25AUG11LADLAA-LAD,32,68,61,yes
1754966852519,1754966852,KXMLBGAME-25AUG11AZTEX-AZ,30,70,12,no
1754966852645,1754966852,KXMLBGAME-25AUG11LADLAA-LAA,72,28,2,yes
1754966852645,1754966852,KXMLBGAME-25AUG11LADLAA-LAA,72,28,26,yes
1754966853784,1754966853,KXMLBGAME-25AUG11AZTEX-AZ,30,70,41,no
1754966854634,1754966854,KXMLBGAME-25AUG11AZTEX-AZ,36,64,10,yes
1754966855853,1754966855,KXMLBGAME-25AUG11AZTEX-TEX,70,30,1,yes
1754966861015,1754966860,KXMLBGAME-25AUG11SDSF-SD,53,47,22,no
1754966862245,1754966862,KXMLBGAME-25AUG11SDSF-SF,47,53,205,yes
1754966865604,1754966865,KXMLBGAME-25AUG11SDSF-SD,54,46,25,yes
1754966869047,1754966869,KXMLBGAME-25AUG11AZTEX-AZ,35,65,3,yes
1754966869047,1754966869,KXMLBGAME-25AUG11AZTEX-AZ,36,64,23,yes
1754966870426,1754966870,KXMLBGAME-25AUG11AZTEX-AZ,30,70,19,no
1754966871405,1754966871,KXMLBGAME-25AUG11BOSHOU-HOU,91,9,65,yes
1754966871405,1754966871,KXMLBGAME-25AUG11BOSHOU-HOU,91,9,184,yes
1754966871405,1754966871,KXMLBGAME-25AUG11BOSHOU-HOU,91,9,2,yes
1754966871405,1754966871,KXMLBGAME-25AUG11BOSHOU-HOU,91,9,112,yes
1754966871405,1754966871,KXMLBGAME-25AUG11BOSHOU-HOU,92,8,97,yes
1754966875516,1754966875,KXMLBGAME-25AUG11LADLAA-LAD,31,69,15,yes
1754966876706,1754966876,KXMLBGAME-25AUG11BOSHOU-BOS,10,90,97,yes
1754966876707,1754966876,KXMLBGAME-25AUG11BOSHOU-BOS,11,89,1,yes
1754966876707,1754966876,KXMLBGAME-25AUG11BOSHOU-BOS,12,88,27,yes
1754966877115,1754966877,KXMLBGAME-25AUG11AZTEX-AZ,36,64,53,yes
1754966882614,1754966882,KXMLBGAME-25AUG11SDSF-SD,53,47,20,no
1754966885561,1754966885,KXMLBGAME-25AUG11BOSHOU-HOU,93,7,2,yes
1754966885561,1754966885,KXMLBGAME-25AUG11BOSHOU-HOU,93,7,21,yes
1754966890969,1754966890,KXMLBGAME-25AUG11BOSHOU-BOS,10,90,18,yes
1754966892859,1754966892,KXMLBGAME-25AUG11SDSF-SD,54,46,26,yes
1754966893958,1754966893,KXMLBGAME-25AUG11AZTEX-AZ,36,64,5,no
1754966898714,1754966898,KXMLBGAME-25AUG11DETCWS-DET,85,15,1,yes
1754966901317,1754966901,KXMLBGAME-25AUG11AZTEX-AZ,35,65,5,yes
1754966902474,1754966902,KXMLBGAME-25AUG11TBATH-ATH,25,75,7,yes
1754966903366,1754966903,KXMLBGAME-25AUG11LADLAA-LAD,30,70,200,no
1754966905265,1754966905,KXMLBGAME-25AUG11AZTEX-AZ,31,69,2,no
1754966905265,1754966905,KXMLBGAME-25AUG11AZTEX-AZ,30,70,719,no
1754966907805,1754966907,KXMLBGAME-25AUG11SDSF-SD,60,40,17,yes
1754966908306,1754966908,KXMLBGAME-25AUG11AZTEX-TEX,69,31,2,yes
1754966908306,1754966908,KXMLBGAME-25AUG11AZTEX-TEX,70,30,163,yes
1754966908676,1754966908,KXMLBGAME-25AUG11AZTEX-AZ,35,65,112,yes
1754966908676,1754966908,KXMLBGAME-25AUG11AZTEX-AZ,36,64,422,yes
1754966911755,1754966911,KXMLBGAME-25AUG11BOSHOU-BOS,8,92,2,no
1754966911755,1754966911,KXMLBGAME-25AUG11BOSHOU-BOS,8,92,200,no
1754966912187,1754966912,KXMLBGAME-25AUG11LADLAA-LAD,30,70,5,yes
1754966913844,1754966913,KXMLBGAME-25AUG11AZTEX-AZ,35,65,27,yes
1754966914543,1754966914,KXMLBGAME-25AUG11AZTEX-TEX,70,30,10,yes
1754966915854,1754966915,KXMLBGAME-25AUG11SDSF-SF,50,50,19,no
1754966915854,1754966915,KXMLBGAME-25AUG11SDSF-SF,50,50,62,no
1754966917465,1754966917,KXMLBGAME-25AUG11BOSHOU-BOS,6,94,118,no
1754966921446,1754966921,KXMLBGAME-25AUG11TBATH-ATH,24,76,1,yes
1754966921446,1754966921,KXMLBGAME-25AUG11TBATH-ATH,25,75,19,yes
1754966921825,1754966921,KXMLBGAME-25AUG11BOSHOU-BOS,6,94,16,no
1754966927275,1754966927,KXMLBGAME-25AUG11LADLAA-LAD,29,71,1,yes
1754966930635,1754966930,KXMLBGAME-25AUG11DETCWS-CWS,13,87,1,no
1754966930635,1754966930,KXMLBGAME-25AUG11DETCWS-CWS,13,87,32,no
1754966936284,1754966936,KXMLBGAME-25AUG11TBATH-TB,79,21,2,yes
1754966936284,1754966936,KXMLBGAME-25AUG11TBATH-TB,80,20,25,yes
1754966937164,1754966937,KXMLBGAME-25AUG11LADLAA-LAA,71,29,35,no
1754966937424,1754966937,KXMLBGAME-25AUG11LADLAA-LAA,73,27,102,yes
1754966938304,1754966938,KXMLBGAME-25AUG11TBATH-TB,80,20,75,yes
1754966941005,1754966940,KXMLBGAME-25AUG11BOSHOU-HOU,96,4,1,yes
1754966941005,1754966940,KXMLBGAME-25AUG11BOSHOU-HOU,96,4,16,yes
1754966941005,1754966940,KXMLBGAME-25AUG11BOSHOU-HOU,97,3,200,yes
1754966941005,1754966940,KXMLBGAME-25AUG11BOSHOU-HOU,97,3,271,yes
1754966941005,1754966940,KXMLBGAME-25AUG11BOSHOU-HOU,98,2,202,yes
1754966941005,1754966940,KXMLBGAME-25AUG11BOSHOU-HOU,98,2,200,yes
1754966941005,1754966940,KXMLBGAME-25AUG11BOSHOU-HOU,98,2,133,yes
1754966945024,1754966944,KXMLBGAME-25AUG11LADLAA-LAD,28,72,50,no
1754966945055,1754966945,KXMLBGAME-25AUG11BOSHOU-BOS,7,93,67,yes
1754966945274,1754966945,KXMLBGAME-25AUG11AZTEX-TEX,68,32,2,yes
1754966945274,1754966945,KXMLBGAME-25AUG11AZTEX-TEX,68,32,8,yes
1754966946567,1754966946,KXMLBGAME-25AUG11SDSF-SF,51,49,1500,yes
1754966946567,1754966946,KXMLBGAME-25AUG11SDSF-SF,51,49,112,yes
1754966946567,1754966946,KXMLBGAME-25AUG11SDSF-SF,51,49,1,yes
1754966946567,1754966946,KXMLBGAME-25AUG11SDSF-SF,52,48,400,yes
1754966946567,1754966946,KXMLBGAME-25AUG11SDSF-SF,53,47,400,yes
1754966946567,1754966946,KXMLBGAME-25AUG11SDSF-SF,53,47,200,yes
1754966946567,1754966946,KXMLBGAME-25AUG11SDSF-SF,54,46,217,yes
1754966948865,1754966948,KXMLBGAME-25AUG11TBATH-ATH,22,78,45,yes
1754966949047,1754966949,KXMLBGAME-25AUG11BOSHOU-HOU,97,3,1,yes
1754966949047,1754966949,KXMLBGAME-25AUG11BOSHOU-HOU,97,3,14,yes
1754966949047,1754966949,KXMLBGAME-25AUG11BOSHOU-HOU,99,1,25,yes
1754966949047,1754966949,KXMLBGAME-25AUG11BOSHOU-HOU,99,1,125,yes
1754966949047,1754966949,KXMLBGAME-25AUG11BOSHOU-HOU,99,1,87,yes
1754966949084,1754966949,KXMLBGAME-25AUG11BOSHOU-BOS,6,94,14,no
1754966952515,1754966952,KXMLBGAME-25AUG11AZTEX-AZ,35,65,85,yes
1754966952515,1754966952,KXMLBGAME-25AUG11AZTEX-AZ,35,65,27,yes
1754966952515,1754966952,KXMLBGAME-25AUG11AZTEX-AZ,35,65,100,yes
1754966952515,1754966952,KXMLBGAME-25AUG11AZTEX-AZ,35,65,100,yes
1754966953394,1754966953,KXMLBGAME-25AUG11LADLAA-LAD,28,72,50,no
1754966957076,1754966957,KXMLBGAME-25AUG11BOSHOU-BOS,6,94,2,no
1754966957076,1754966957,KXMLBGAME-25AUG11BOSHOU-BOS,5,95,280,no
1754966957076,1754966957,KXMLBGAME-25AUG11BOSHOU-BOS,3,97,9,no
1754966957076,1754966957,KXMLBGAME-25AUG11BOSHOU-BOS,2,98,1,no
1754966957076,1754966957,KXMLBGAME-25AUG11BOSHOU-BOS,1,99,109,no
1754966960614,1754966960,KXMLBGAME-25AUG11SDSF-SD,50,50,103,yes
1754966962005,1754966961,KXMLBGAME-25AUG11BOSHOU-BOS,6,94,1,no
1754966964695,1754966964,KXMLBGAME-25AUG11AZTEX-AZ,35,65,10,yes
1754966968275,1754966968,KXMLBGAME-25AUG11BOSHOU-BOS,6,94,19,yes
1754966969135,1754966969,KXMLBGAME-25AUG11BOSHOU-HOU,98,2,10,yes
1754966970654,1754966970,KXMLBGAME-25AUG11LADLAA-LAD,27,73,17,yes
1754966973366,1754966973,KXMLBGAME-25AUG11BOSHOU-BOS,10,90,23,yes
1754966975184,1754966975,KXMLBGAME-25AUG11SDSF-SD,49,51,4,no
1754966987086,1754966986,KXMLBGAME-25AUG11TBATH-ATH,20,80,5,yes
1754966990216,1754966990,KXMLBGAME-25AUG11BOSHOU-BOS,10,90,14,no
1754966991697,1754966991,KXMLBGAME-25AUG11SDSF-SD,50,50,97,yes
1754966991697,1754966991,KXMLBGAME-25AUG11SDSF-SD,50,50,96,yes
1754966994872,1754966994,KXMLBGAME-25AUG11SDSF-SF,51,49,1,yes
1754966995272,1754966995,KXMLBGAME-25AUG11SDSF-SD,50,50,704,yes
1754966995562,1754966995,KXMLBGAME-25AUG11SDSF-SD,50,50,1000,no
1754966998274,1754966998,KXMLBGAME-25AUG11SDSF-SD,50,50,1646,no
1754966998274,1754966998,KXMLBGAME-25AUG11LADLAA-LAD,27,73,9,yes
1754966998274,1754966998,KXMLBGAME-25AUG11LADLAA-LAD,27,73,8,yes
1754966999035,1754966998,KXMLBGAME-25AUG11BOSHOU-BOS,10,90,163,no
1754966999035,1754966998,KXMLBGAME-25AUG11BOSHOU-BOS,7,93,36,no
1754967000950,1754967000,KXMLBGAME-25AUG11AZTEX-AZ,35,65,2,yes
1754967002172,1754967001,KXMLBGAME-25AUG11BOSHOU-HOU,90,10,55,yes
1754967004336,1754967004,KXMLBGAME-25AUG11DETCWS-DET,80,20,53,no
1754967004336,1754967004,KXMLBGAME-25AUG11DETCWS-DET,77,23,10,no
1754967004336,1754967004,KXMLBGAME-25AUG11DETCWS-DET,75,25,2,no
1754967006665,1754967006,KXMLBGAME-25AUG11TBATH-ATH,21,79,270,yes
1754967007535,1754967007,KXMLBGAME-25AUG11BOSHOU-BOS,8,92,1,no
1754967008274,1754967008,KXMLBGAME-25AUG11AZTEX-TEX,65,35,86,no
1754967008274,1754967008,KXMLBGAME-25AUG11AZTEX-TEX,65,35,8,no
1754967008274,1754967008,KXMLBGAME-25AUG11AZTEX-TEX,64,36,42,no
1754967008676,1754967008,KXMLBGAME-25AUG11AZTEX-AZ,32,68,112,no
1754967008676,1754967008,KXMLBGAME-25AUG11AZTEX-AZ,31,69,331,no
1754967008747,1754967008,KXMLBGAME-25AUG11SDSF-SF,52,48,1,yes
1754967008747,1754967008,KXMLBGAME-25AUG11SDSF-SF,53,47,108,yes
1754967008747,1754967008,KXMLBGAME-25AUG11SDSF-SF,54,46,1500,yes
1754967008747,1754967008,KXMLBGAME-25AUG11SDSF-SF,54,46,400,yes
1754967008747,1754967008,KXMLBGAME-25AUG11SDSF-SF,55,45,200,yes
1754967008747,1754967008,KXMLBGAME-25AUG11SDSF-SF,55,45,400,yes
1754967008747,1754967008,KXMLBGAME-25AUG11SDSF-SF,56,44,250,yes
1754967008747,1754967008,KXMLBGAME-25AUG11SDSF-SF,56,44,200,yes
1754967008747,1754967008,KXMLBGAME-25AUG11SDSF-SF,57,43,478,yes
1754967010056,1754967010,KXMLBGAME-25AUG11AZTEX-TEX,68,32,22,yes
1754967010056,1754967010,KXMLBGAME-25AUG11AZTEX-TEX,68,32,1,yes
1754967010056,1754967010,KXMLBGAME-25AUG11AZTEX-TEX,69,31,12,yes
1754967010725,1754967010,KXMLBGAME-25AUG11BOSHOU-HOU,93,7,200,yes
1754967010725,1754967010,KXMLBGAME-25AUG11BOSHOU-HOU,93,7,400,yes
1754967010725,1754967010,KXMLBGAME-25AUG11BOSHOU-HOU,93,7,750,yes
1754967010725,1754967010,KXMLBGAME-25AUG11BOSHOU-HOU,93,7,250,yes
1754967010725,1754967010,KXMLBGAME-25AUG11BOSHOU-HOU,94,6,4,yes
1754967013766,1754967013,KXMLBGAME-25AUG11SDSF-SD,49,51,34,yes
1754967015464,1754967015,KXMLBGAME-25AUG11LADLAA-LAD,28,72,3,yes
1754967016175,1754967016,KXMLBGAME-25AUG11BOSHOU-BOS,7,93,200,no
1754967016175,1754967016,KXMLBGAME-25AUG11BOSHOU-BOS,6,94,112,no
1754967016175,1754967016,KXMLBGAME-25AUG11BOSHOU-BOS,6,94,200,no
1754967016175,1754967016,KXMLBGAME-25AUG11BOSHOU-BOS,5,95,93,no
1754967016404,1754967016,KXMLBGAME-25AUG11BOSHOU-BOS,5,95,157,no
1754967016404,1754967016,KXMLBGAME-25AUG11BOSHOU-BOS,5,95,43,no
1754967016415,1754967016,KXMLBGAME-25AUG11BOSHOU-BOS,5,95,69,no
1754967016416,1754967016,KXMLBGAME-25AUG11BOSHOU-BOS,4,96,132,no
1754967016995,1754967016,KXMLBGAME-25AUG11BOSHOU-BOS,10,90,59,yes
1754967017895,1754967017,KXMLBGAME-25AUG11TBATH-ATH,22,78,86,yes
1754967021902,1754967021,KXMLBGAME-25AUG11LADLAA-LAD,28,72,91,yes
1754967031755,1754967031,KXMLBGAME-25AUG11AZTEX-AZ,38,62,2,yes
1754967031755,1754967031,KXMLBGAME-25AUG11AZTEX-AZ,38,62,10,yes
1754967033666,1754967033,KXMLBGAME-25AUG11SDSF-SD,48,52,60,yes
1754967036115,1754967036,KXMLBGAME-25AUG11LADLAA-LAA,74,26,3,yes
1754967036344,1754967036,KXMLBGAME-25AUG11AZTEX-TEX,94,6,2,yes
1754967036344,1754967036,KXMLBGAME-25AUG11AZTEX-TEX,95,5,18,yes
1754967037765,1754967037,KXMLBGAME-25AUG11AZTEX-AZ,37,63,1,yes
1754967037765,1754967037,KXMLBGAME-25AUG11AZTEX-AZ,37,63,100,yes
1754967037765,1754967037,KXMLBGAME-25AUG11AZTEX-AZ,38,62,98,yes
1754967040864,1754967040,KXMLBGAME-25AUG11BOSHOU-HOU,90,10,10,no
1754967040864,1754967040,KXMLBGAME-25AUG11BOSHOU-HOU,89,11,2,no
1754967040864,1754967040,KXMLBGAME-25AUG11BOSHOU-HOU,88,12,250,no
1754967040864,1754967040,KXMLBGAME-25AUG11BOSHOU-HOU,84,16,175,no
1754967041745,1754967041,KXMLBGAME-25AUG11BOSHOU-HOU,92,8,23,yes
1754967041850,1754967041,KXMLBGAME-25AUG11AZTEX-AZ,37,63,1,yes
1754967041850,1754967041,KXMLBGAME-25AUG11AZTEX-AZ,38,62,2,yes
1754967041850,1754967041,KXMLBGAME-25AUG11AZTEX-AZ,38,62,98,yes
1754967041850,1754967041,KXMLBGAME-25AUG11AZTEX-AZ,40,60,25,yes
1754967041850,1754967041,KXMLBGAME-25AUG11AZTEX-AZ,41,59,1,yes
1754967042604,1754967042,KXMLBGAME-25AUG11SDSF-SD,48,52,2,yes
1754967042794,1754967042,KXMLBGAME-25AUG11AZTEX-AZ,51,49,2,yes
1754967042965,1754967042,KXMLBGAME-25AUG11BOSHOU-HOU,92,8,377,yes
1754967042965,1754967042,KXMLBGAME-25AUG11BOSHOU-HOU,93,7,400,yes
1754967042965,1754967042,KXMLBGAME-25AUG11BOSHOU-HOU,94,6,293,yes
1754967043426,1754967043,KXMLBGAME-25AUG11BOSHOU-BOS,9,91,2,yes
1754967043426,1754967043,KXMLBGAME-25AUG11BOSHOU-BOS,10,90,45,yes
1754967049583,1754967049,KXMLBGAME-25AUG11AZTEX-AZ,45,55,2,yes
1754967049696,1754967049,KXMLBGAME-25AUG11BOSHOU-HOU,94,6,5,yes
1754967050424,1754967050,KXMLBGAME-25AUG11AZTEX-AZ,45,55,32,yes
1754967051445,1754967051,KXMLBGAME-25AUG11BOSHOU-BOS,9,91,2,yes
1754967051735,1754967051,KXMLBGAME-25AUG11TBATH-ATH,18,82,2,no
1754967052014,1754967051,KXMLBGAME-25AUG11LADLAA-LAA,74,26,30,yes
1754967052975,1754967052,KXMLBGAME-25AUG11SDSF-SD,48,52,10,no
1754967052975,1754967052,KXMLBGAME-25AUG11SDSF-SD,47,53,8,no
1754967052975,1754967052,KXMLBGAME-25AUG11SDSF-SD,46,54,515,no
1754967052975,1754967052,KXMLBGAME-25AUG11SDSF-SD,46,54,81,no
1754967053645,1754967053,KXMLBGAME-25AUG11SDSF-SF,54,46,1,yes
1754967055097,1754967054,KXMLBGAME-25AUG11LADLAA-LAD,29,71,3,yes
1754967055585,1754967055,KXMLBGAME-25AUG11AZTEX-AZ,44,56,199,yes
1754967055718,1754967055,KXMLBGAME-25AUG11AZTEX-TEX,56,44,22,no
1754967055718,1754967055,KXMLBGAME-25AUG11AZTEX-TEX,55,45,25,no
1754967058385,1754967058,KXMLBGAME-25AUG11TBATH-TB,81,19,112,yes
1754967058455,1754967058,KXMLBGAME-25AUG11LADLAA-LAA,71,29,23,no
1754967059564,1754967059,KXMLBGAME-25AUG11AZTEX-AZ,45,55,2,yes
1754967060896,1754967060,KXMLBGAME-25AUG11SDSF-SF,57,43,3,no
1754967061025,1754967060,KXMLBGAME-25AUG11SDSF-SD,45,55,50,yes
1754967061025,1754967060,KXMLBGAME-25AUG11SDSF-SD,46,54,50,yes
1754967061275,1754967061,KXMLBGAME-25AUG11SDSF-SD,46,54,20,no
1754967063345,1754967063,KXMLBGAME-25AUG11AZTEX-AZ,45,55,56,yes
1754967063345,1754967063,KXMLBGAME-25AUG11AZTEX-AZ,45,55,1,yes
1754967063345,1754967063,KXMLBGAME-25AUG11AZTEX-AZ,45,55,18,yes
1754967063345,1754967063,KXMLBGAME-25AUG11AZTEX-AZ,45,55,12,yes
1754967063345,1754967063,KXMLBGAME-25AUG11AZTEX-AZ,45,55,2,yes
1754967063345,1754967063,KXMLBGAME-25AUG11AZTEX-AZ,46,54,331,yes
1754967063536,1754967063,KXMLBGAME-25AUG11SDSF-SD,46,54,112,yes
1754967063536,1754967063,KXMLBGAME-25AUG11SDSF-SD,47,53,11,yes
1754967064435,1754967064,KXMLBGAME-25AUG11BOSHOU-HOU,93,7,2,yes
1754967064435,1754967064,KXMLBGAME-25AUG11BOSHOU-HOU,94,6,200,yes
1754967064435,1754967064,KXMLBGAME-25AUG11BOSHOU-HOU,95,5,250,yes
1754967064435,1754967064,KXMLBGAME-25AUG11BOSHOU-HOU,95,5,11,yes
1754967067066,1754967067,KXMLBGAME-25AUG11BOSHOU-HOU,95,5,189,yes
1754967067066,1754967067,KXMLBGAME-25AUG11BOSHOU-HOU,95,5,12,yes
1754967067066,1754967067,KXMLBGAME-25AUG11BOSHOU-HOU,95,5,400,yes
1754967067066,1754967067,KXMLBGAME-25AUG11BOSHOU-HOU,96,4,443,yes
1754967067385,1754967067,KXMLBGAME-25AUG11TBATH-TB,82,18,180,yes
1754967071236,1754967071,KXMLBGAME-25AUG11SDSF-SD,42,58,20,no
1754967072924,1754967072,KXMLBGAME-25AUG11AZTEX-AZ,44,56,98,yes
1754967073005,1754967072,KXMLBGAME-25AUG11AZTEX-TEX,56,44,24,no
1754967081185,1754967081,KXMLBGAME-25AUG11AZTEX-TEX,56,44,5,no
1754967085475,1754967085,KXMLBGAME-25AUG11AZTEX-AZ,44,56,271,yes
1754967089436,1754967089,KXMLBGAME-25AUG11BOSHOU-HOU,92,8,1,yes
1754967093155,1754967093,KXMLBGAME-25AUG11AZTEX-AZ,43,57,12,yes
1754967093514,1754967093,KXMLBGAME-25AUG11AZTEX-AZ,43,57,98,yes
1754967095876,1754967095,KXMLBGAME-25AUG11LADLAA-LAA,73,27,29,yes
1754967096004,1754967095,KXMLBGAME-25AUG11TBATH-TB,81,19,26,yes
1754967098855,1754967098,KXMLBGAME-25AUG11BOSHOU-HOU,93,7,1,yes
1754967098855,1754967098,KXMLBGAME-25AUG11BOSHOU-HOU,95,5,1,yes
1754967099145,1754967099,KXMLBGAME-25AUG11BOSHOU-BOS,12,88,219,yes
1754967100154,1754967100,KXMLBGAME-25AUG11AZTEX-TEX,54,46,1,no
1754967103175,1754967103,KXMLBGAME-25AUG11AZTEX-AZ,43,57,10,yes
1754967103295,1754967103,KXMLBGAME-25AUG11AZTEX-TEX,57,43,30,yes
1754967103295,1754967103,KXMLBGAME-25AUG11AZTEX-TEX,58,42,45,yes
1754967103434,1754967103,KXMLBGAME-25AUG11LADLAA-LAD,28,72,2,no
1754967104458,1754967104,KXMLBGAME-25AUG11AZTEX-AZ,42,58,6,no
1754967106853,1754967106,KXMLBGAME-25AUG11DETCWS-DET,85,15,112,yes
1754967108375,1754967108,KXMLBGAME-25AUG11TBATH-TB,80,20,150,yes
1754967109360,1754967108,KXMLBGAME-25AUG11TBATH-ATH,19,81,100,no
1754967109935,1754967109,KXMLBGAME-25AUG11TBATH-TB,82,18,200,yes
1754967109935,1754967109,KXMLBGAME-25AUG11TBATH-TB,82,18,400,yes
1754967110672,1754967110,KXMLBGAME-25AUG11LADLAA-LAA,73,27,2,yes
1754967110973,1754967110,KXMLBGAME-25AUG11LADLAA-LAD,29,71,1,yes
1754967111362,1754967111,KXMLBGAME-25AUG11BOSHOU-BOS,10,90,404,yes
1754967113790,1754967113,KXMLBGAME-25AUG11TBATH-ATH,18,82,52,yes
1754967113927,1754967113,KXMLBGAME-25AUG11TBATH-TB,82,18,112,yes
1754967115804,1754967115,KXMLBGAME-25AUG11LADLAA-LAD,30,70,31,yes
1754967117767,1754967117,KXMLBGAME-25AUG11LADLAA-LAA,70,30,62,no
1754967119265,1754967119,KXMLBGAME-25AUG11AZTEX-AZ,44,56,56,yes
1754967119463,1754967119,KXMLBGAME-25AUG11AZTEX-AZ,44,56,20,yes
1754967119463,1754967119,KXMLBGAME-25AUG11AZTEX-AZ,44,56,8,yes
1754967121966,1754967121,KXMLBGAME-25AUG11BOSHOU-BOS,10,90,500,yes
1754967121966,1754967121,KXMLBGAME-25AUG11BOSHOU-BOS,10,90,1630,yes
1754967122685,1754967122,KXMLBGAME-25AUG11SDSF-SD,41,59,25,no
1754967128328,1754967128,KXMLBGAME-25AUG11LADLAA-LAD,29,71,19,no
1754967128556,1754967128,KXMLBGAME-25AUG11AZTEX-AZ,44,56,50,yes
1754967128906,1754967128,KXMLBGAME-25AUG11AZTEX-TEX,58,42,1,yes
1754967129265,1754967129,KXMLBGAME-25AUG11LADLAA-LAA,74,26,93,yes
1754967130607,1754967130,KXMLBGAME-25AUG11AZTEX-AZ,44,56,41,yes
1754967133964,1754967133,KXMLBGAME-25AUG11BOSHOU-BOS,11,89,8,yes
1754967134963,1754967134,KXMLBGAME-25AUG11AZTEX-TEX,55,45,2,no
1754967135088,1754967134,KXMLBGAME-25AUG11LADLAA-LAD,29,71,985,yes
1754967135185,1754967135,KXMLBGAME-25AUG11SDSF-SD,40,60,25,no
1754967136225,1754967136,KXMLBGAME-25AUG11BOSHOU-HOU,92,8,1,yes
1754967136225,1754967136,KXMLBGAME-25AUG11BOSHOU-HOU,93,7,52,yes
1754967136285,1754967136,KXMLBGAME-25AUG11BOSHOU-BOS,11,89,1,yes
1754967137916,1754967137,KXMLBGAME-25AUG11DETCWS-CWS,19,81,1,yes
1754967137916,1754967137,KXMLBGAME-25AUG11DETCWS-CWS,19,81,5,yes
1754967137916,1754967137,KXMLBGAME-25AUG11DETCWS-CWS,19,81,5,yes
1754967137916,1754967137,KXMLBGAME-25AUG11DETCWS-CWS,20,80,13,yes
1754967138055,1754967138,KXMLBGAME-25AUG11SDSF-SD,41,59,303,yes
1754967138056,1754967138,KXMLBGAME-25AUG11SDSF-SD,41,59,166,yes
1754967138478,1754967138,KXMLBGAME-25AUG11LADLAA-LAD,29,71,19,yes
1754967142425,1754967142,KXMLBGAME-25AUG11LADLAA-LAD,29,71,20,yes
1754967142846,1754967142,KXMLBGAME-25AUG11BOSHOU-HOU,91,9,1,yes
1754967144335,1754967144,KXMLBGAME-25AUG11AZTEX-AZ,45,55,64,yes
1754967145065,1754967145,KXMLBGAME-25AUG11BOSHOU-BOS,10,90,43,yes
1754967145065,1754967145,KXMLBGAME-25AUG11BOSHOU-BOS,11,89,137,yes
1754967146465,1754967146,KXMLBGAME-25AUG11LADLAA-LAD,29,71,10,yes
1754967146744,1754967146,KXMLBGAME-25AUG11SDSF-SF,60,40,100,yes
1754967149136,1754967149,KXMLBGAME-25AUG11AZTEX-AZ,45,55,491,yes
1754967149136,1754967149,KXMLBGAME-25AUG11AZTEX-AZ,46,54,57,yes
1754967149136,1754967149,KXMLBGAME-25AUG11AZTEX-AZ,46,54,2,yes
1754967149136,1754967149,KXMLBGAME-25AUG11AZTEX-AZ,47,53,100,yes
1754967149136,1754967149,KXMLBGAME-25AUG11AZTEX-AZ,47,53,100,yes
1754967149136,1754967149,KXMLBGAME-25AUG11AZTEX-AZ,48,52,250,yes
1754967149136,1754967149,KXMLBGAME-25AUG11AZTEX-AZ,48,52,20,yes
1754967149136,1754967149,KXMLBGAME-25AUG11AZTEX-AZ,48,52,200,yes
1754967149136,1754967149,KXMLBGAME-25AUG11AZTEX-AZ,49,51,750,yes
1754967149136,1754967149,KXMLBGAME-25AUG11AZTEX-AZ,54,46,54,yes
1754967150446,1754967150,KXMLBGAME-25AUG11LADLAA-LAD,29,71,2,yes
1754967152598,1754967152,KXMLBGAME-25AUG11TBATH-ATH,18,82,20,yes
1754967153154,1754967153,KXMLBGAME-25AUG11SDSF-SF,60,40,100,yes
1754967153384,1754967153,KXMLBGAME-25AUG11LADLAA-LAD,28,72,7,no
1754967154405,1754967154,KXMLBGAME-25AUG11AZTEX-TEX,57,43,33,yes
1754967154526,1754967154,KXMLBGAME-25AUG11SDSF-SF,60,40,8,yes
1754967155804,1754967155,KXMLBGAME-25AUG11TBATH-ATH,17,83,100,no
1754967155804,1754967155,KXMLBGAME-25AUG11TBATH-ATH,15,85,250,no
1754967155804,1754967155,KXMLBGAME-25AUG11TBATH-ATH,14,86,89,no
1754967160215,1754967160,KXMLBGAME-25AUG11LADLAA-LAA,75,25,131,yes
1754967160257,1754967160,KXMLBGAME-25AUG11BOSHOU-HOU,91,9,1,yes
1754967160257,1754967160,KXMLBGAME-25AUG11BOSHOU-HOU,91,9,14,yes
1754967161615,1754967161,KXMLBGAME-25AUG11TBATH-ATH,17,83,138,yes
1754967164234,1754967164,KXMLBGAME-25AUG11BOSHOU-BOS,9,91,1,no
1754967167156,1754967167,KXMLBGAME-25AUG11TBATH-TB,84,16,2,yes
1754967168899,1754967168,KXMLBGAME-25AUG11DETCWS-CWS,12,88,2,no
1754967168899,1754967168,KXMLBGAME-25AUG11DETCWS-CWS,12,88,13,no
1754967168899,1754967168,KXMLBGAME-25AUG11DETCWS-CWS,9,91,1,no
1754967168899,1754967168,KXMLBGAME-25AUG11DETCWS-CWS,8,92,5,no
1754967170185,1754967170,KXMLBGAME-25AUG11AZTEX-AZ,45,55,32,yes
1754967171417,1754967171,KXMLBGAME-25AUG11BOSHOU-HOU,94,6,123,yes
1754967171418,1754967171,KXMLBGAME-25AUG11BOSHOU-HOU,94,6,200,yes
1754967171418,1754967171,KXMLBGAME-25AUG11BOSHOU-HOU,95,5,200,yes
1754967171418,1754967171,KXMLBGAME-25AUG11BOSHOU-HOU,95,5,112,yes
1754967171418,1754967171,KXMLBGAME-25AUG11BOSHOU-HOU,96,4,200,yes
1754967171418,1754967171,KXMLBGAME-25AUG11BOSHOU-HOU,96,4,317,yes
1754967174794,1754967174,KXMLBGAME-25AUG11LADLAA-LAA,76,24,10,yes
1754967177518,1754967177,KXMLBGAME-25AUG11AZTEX-TEX,57,43,42,yes
1754967178066,1754967178,KXMLBGAME-25AUG11AZTEX-AZ,45,55,10,yes
1754967179765,1754967179,KXMLBGAME-25AUG11AZTEX-AZ,45,55,106,yes
1754967180287,1754967180,KXMLBGAME-25AUG11BOSHOU-BOS,7,93,67,yes
1754967181076,1754967181,KXMLBGAME-25AUG11SDSF-SF,60,40,1,yes
1754967181076,1754967181,KXMLBGAME-25AUG11SDSF-SF,60,40,39,yes
1754967185325,1754967185,KXMLBGAME-25AUG11AZTEX-TEX,56,44,30,no
1754967185325,1754967185,KXMLBGAME-25AUG11AZTEX-TEX,55,45,47,no
1754967186764,1754967186,KXMLBGAME-25AUG11BOSHOU-BOS,7,93,13,yes
1754967188387,1754967188,KXMLBGAME-25AUG11LADLAA-LAA,76,24,6,yes
1754967188494,1754967188,KXMLBGAME-25AUG11TBATH-ATH,17,83,27,yes
1754967190344,1754967190,KXMLBGAME-25AUG11SDSF-SF,60,40,16,yes
1754967193315,1754967193,KXMLBGAME-25AUG11BOSHOU-BOS,2,98,18,no
1754967193434,1754967193,KXMLBGAME-25AUG11LADLAA-LAD,26,74,1,no
1754967193434,1754967193,KXMLBGAME-25AUG11LADLAA-LAD,25,75,5,no
1754967193434,1754967193,KXMLBGAME-25AUG11LADLAA-LAD,25,75,599,no
1754967196145,1754967196,KXMLBGAME-25AUG11AZTEX-TEX,56,44,2,yes
1754967197325,1754967197,KXMLBGAME-25AUG11AZTEX-TEX,57,43,40,yes
1754967197676,1754967197,KXMLBGAME-25AUG11BOSHOU-HOU,99,1,29,yes
1754967197716,1754967197,KXMLBGAME-25AUG11BOSHOU-HOU,99,1,15,no
1754967197716,1754967197,KXMLBGAME-25AUG11BOSHOU-BOS,2,98,15,no
1754967198406,1754967198,KXMLBGAME-25AUG11BOSHOU-HOU,99,1,159,no
1754967198424,1754967198,KXMLBGAME-25AUG11BOSHOU-BOS,1,99,618,no
1754967198764,1754967198,KXMLBGAME-25AUG11TBATH-TB,84,16,98,yes
1754967198764,1754967198,KXMLBGAME-25AUG11TBATH-TB,84,16,19,yes
1754967204352,1754967204,KXMLBGAME-25AUG11SDSF-SD,41,59,11,yes
1754967204562,1754967204,KXMLBGAME-25AUG11AZTEX-AZ,42,58,10,no
1754967209256,1754967209,KXMLBGAME-25AUG11AZTEX-AZ,43,57,5,yes
1754967211268,1754967211,KXMLBGAME-25AUG11TBATH-ATH,18,82,10,yes
1754967211463,1754967211,KXMLBGAME-25AUG11AZTEX-TEX,57,43,150,yes
1754967211926,1754967211,KXMLBGAME-25AUG11AZTEX-AZ,43,57,324,yes
1754967215235,1754967215,KXMLBGAME-25AUG11SDSF-SD,40,60,75,no
1754967215235,1754967215,KXMLBGAME-25AUG11SDSF-SD,39,61,28,no
1754967216885,1754967216,KXMLBGAME-25AUG11AZTEX-TEX,58,42,25,yes
1754967219675,1754967219,KXMLBGAME-25AUG11LADLAA-LAD,27,73,200,yes
1754967220318,1754967220,KXMLBGAME-25AUG11TBATH-TB,84,16,35,yes
1754967221886,1754967221,KXMLBGAME-25AUG11AZTEX-TEX,58,42,109,yes
1754967221886,1754967221,KXMLBGAME-25AUG11AZTEX-TEX,68,32,112,yes
1754967221886,1754967221,KXMLBGAME-25AUG11AZTEX-TEX,69,31,80,yes
1754967224565,1754967224,KXMLBGAME-25AUG11AZTEX-AZ,42,58,10,yes
1754967224565,1754967224,KXMLBGAME-25AUG11AZTEX-AZ,43,57,34,yes
1754967226186,1754967226,KXMLBGAME-25AUG11AZTEX-TEX,62,38,7,yes
1754967226215,1754967226,KXMLBGAME-25AUG11AZTEX-AZ,41,59,7,no
1754967227006,1754967226,KXMLBGAME-25AUG11BOSHOU-BOS,1,99,187,yes
1754967228457,1754967228,KXMLBGAME-25AUG11LADLAA-LAD,27,73,7,yes
1754967232895,1754967232,KXMLBGAME-25AUG11AZTEX-AZ,43,57,55,yes
1754967234765,1754967234,KXMLBGAME-25AUG11LADLAA-LAD,27,73,1,yes
1754967235016,1754967234,KXMLBGAME-25AUG11LADLAA-LAD,27,73,7,yes
1754967243345,1754967243,KXMLBGAME-25AUG11TBATH-TB,82,18,70,no
1754967243347,1754967243,KXMLBGAME-25AUG11TBATH-ATH,17,83,5,yes
1754967243347,1754967243,KXMLBGAME-25AUG11TBATH-ATH,17,83,400,yes
1754967244095,1754967244,KXMLBGAME-25AUG11LADLAA-LAD,27,73,35,yes
1754967244095,1754967244,KXMLBGAME-25AUG11LADLAA-LAD,28,72,60,yes
1754967244095,1754967244,KXMLBGAME-25AUG11LADLAA-LAD,28,72,178,yes
1754967244906,1754967244,KXMLBGAME-25AUG11SDSF-SD,42,58,9,yes
1754967244906,1754967244,KXMLBGAME-25AUG11SDSF-SD,43,57,217,yes
1754967246155,1754967246,KXMLBGAME-25AUG11LADLAA-LAD,27,73,250,yes
1754967246155,1754967246,KXMLBGAME-25AUG11LADLAA-LAD,28,72,13,yes
1754967248546,1754967248,KXMLBGAME-25AUG11SDSF-SD,43,57,24,yes
1754967251657,1754967251,KXMLBGAME-25AUG11SDSF-SD,43,57,2,yes
1754967251657,1754967251,KXMLBGAME-25AUG11SDSF-SD,43,57,13,yes
1754967254765,1754967254,KXMLBGAME-25AUG11SDSF-SF,59,41,50,yes
1754967263775,1754967263,KXMLBGAME-25AUG11BOSHOU-BOS,1,99,46,yes
1754967264186,1754967264,KXMLBGAME-25AUG11DETCWS-DET,84,16,1,yes
1754967266524,1754967266,KXMLBGAME-25AUG11AZTEX-AZ,40,60,21,yes
1754967267906,1754967267,KXMLBGAME-25AUG11AZTEX-TEX,65,35,1,yes
1754967267945,1754967267,KXMLBGAME-25AUG11AZTEX-TEX,69,31,1,no
1754967267956,1754967267,KXMLBGAME-25AUG11AZTEX-AZ,38,62,1,no
1754967267956,1754967267,KXMLBGAME-25AUG11AZTEX-TEX,69,31,1,no
1754967271625,1754967271,KXMLBGAME-25AUG11AZTEX-AZ,40,60,4,yes
1754967273526,1754967273,KXMLBGAME-25AUG11LADLAA-LAD,28,72,9,yes
1754967273526,1754967273,KXMLBGAME-25AUG11LADLAA-LAD,28,72,79,yes
1754967276375,1754967276,KXMLBGAME-25AUG11AZTEX-AZ,39,61,80,yes
1754967276375,1754967276,KXMLBGAME-25AUG11AZTEX-AZ,40,60,11,yes
1754967281825,1754967281,KXMLBGAME-25AUG11LADLAA-LAD,27,73,2,yes
1754967287616,1754967287,KXMLBGAME-25AUG11DETCWS-DET,84,16,9,yes
1754967287616,1754967287,KXMLBGAME-25AUG11DETCWS-DET,85,15,56,yes
1754967289126,1754967289,KXMLBGAME-25AUG11AZTEX-AZ,38,62,37,yes
1754967291066,1754967290,KXMLBGAME-25AUG11SDSF-SD,42,58,68,yes
1754967292176,1754967292,KXMLBGAME-25AUG11SDSF-SF,60,40,13,yes
1754967292176,1754967292,KXMLBGAME-25AUG11SDSF-SF,60,40,19,yes
1754967292255,1754967292,KXMLBGAME-25AUG11LADLAA-LAA,74,26,93,yes
1754967293347,1754967293,KXMLBGAME-25AUG11TBATH-TB,81,19,1500,no
1754967293984,1754967293,KXMLBGAME-25AUG11LADLAA-LAD,27,73,10,yes
1754967297299,1754967297,KXMLBGAME-25AUG11SDSF-SD,42,58,50,yes
1754967298894,1754967298,KXMLBGAME-25AUG11AZTEX-AZ,38,62,12,yes
1754967302834,1754967302,KXMLBGAME-25AUG11TBATH-ATH,21,79,1,yes
1754967305936,1754967305,KXMLBGAME-25AUG11TBATH-ATH,23,77,32,yes
1754967308784,1754967308,KXMLBGAME-25AUG11AZTEX-AZ,38,62,10,yes
1754967311306,1754967311,KXMLBGAME-25AUG11LADLAA-LAD,28,72,321,yes
1754967311306,1754967311,KXMLBGAME-25AUG11LADLAA-LAD,28,72,2,yes
1754967311306,1754967311,KXMLBGAME-25AUG11LADLAA-LAD,28,72,2,yes
1754967311306,1754967311,KXMLBGAME-25AUG11LADLAA-LAD,28,72,45,yes
1754967311306,1754967311,KXMLBGAME-25AUG11LADLAA-LAD,28,72,200,yes
1754967311306,1754967311,KXMLBGAME-25AUG11LADLAA-LAD,28,72,439,yes
1754967314635,1754967314,KXMLBGAME-25AUG11SDSF-SD,42,58,228,yes
1754967321227,1754967321,KXMLBGAME-25AUG11LADLAA-LAD,26,74,5,no
1754967323715,1754967323,KXMLBGAME-25AUG11TBATH-ATH,20,80,1,yes
1754967323744,1754967323,KXMLBGAME-25AUG11TBATH-TB,82,18,10,no
1754967323744,1754967323,KXMLBGAME-25AUG11TBATH-ATH,23,77,10,no
1754967324435,1754967324,KXMLBGAME-25AUG11AZTEX-AZ,35,65,45,yes
1754967324435,1754967324,KXMLBGAME-25AUG11AZTEX-AZ,36,64,62,yes
1754967324997,1754967324,KXMLBGAME-25AUG11TBATH-TB,81,19,64,no
1754967324997,1754967324,KXMLBGAME-25AUG11TBATH-ATH,23,77,64,no
1754967326337,1754967326,KXMLBGAME-25AUG11SDSF-SD,42,58,998,yes
1754967326337,1754967326,KXMLBGAME-25AUG11SDSF-SD,42,58,112,yes
1754967328535,1754967328,KXMLBGAME-25AUG11TBATH-TB,81,19,236,no
1754967330097,1754967329,KXMLBGAME-25AUG11SDSF-SF,58,42,4,no
1754967330726,1754967330,KXMLBGAME-25AUG11LADLAA-LAD,26,74,45,yes
1754967330726,1754967330,KXMLBGAME-25AUG11LADLAA-LAD,26,74,134,yes
1754967331484,1754967331,KXMLBGAME-25AUG11TBATH-TB,80,20,20,yes
1754967334275,1754967334,KXMLBGAME-25AUG11AZTEX-AZ,35,65,34,yes
1754967335985,1754967335,KXMLBGAME-25AUG11TBATH-TB,80,20,50,yes
1754967337074,1754967337,KXMLBGAME-25AUG11LADLAA-LAD,25,75,308,no
1754967338846,1754967338,KXMLBGAME-25AUG11AZTEX-TEX,64,36,25,no
1754967338846,1754967338,KXMLBGAME-25AUG11AZTEX-TEX,63,37,975,no
1754967339404,1754967339,KXMLBGAME-25AUG11DETCWS-DET,80,20,1,no
1754967339404,1754967339,KXMLBGAME-25AUG11DETCWS-DET,79,21,33,no
1754967339556,1754967339,KXMLBGAME-25AUG11LADLAA-LAD,25,75,36,no
1754967340015,1754967339,KXMLBGAME-25AUG11AZTEX-AZ,35,65,13,yes
1754967340426,1754967340,KXMLBGAME-25AUG11TBATH-ATH,24,76,1,yes
1754967340426,1754967340,KXMLBGAME-25AUG11TBATH-ATH,25,75,2,yes
1754967340704,1754967340,KXMLBGAME-25AUG11AZTEX-AZ,31,69,1,no
1754967344215,1754967344,KXMLBGAME-25AUG11TBATH-TB,80,20,43,yes
1754967345206,1754967345,KXMLBGAME-25AUG11LADLAA-LAD,26,74,500,yes
1754967345425,1754967345,KXMLBGAME-25AUG11LADLAA-LAA,76,24,6,yes
1754967348654,1754967348,KXMLBGAME-25AUG11AZTEX-AZ,30,70,1,no
1754967348984,1754967348,KXMLBGAME-25AUG11AZTEX-TEX,72,28,9,yes
1754967350906,1754967350,KXMLBGAME-25AUG11LADLAA-LAA,76,24,1,yes
1754967351206,1754967351,KXMLBGAME-25AUG11SDSF-SD,46,54,2,yes
1754967351206,1754967351,KXMLBGAME-25AUG11SDSF-SD,47,53,100,yes
1754967355795,1754967355,KXMLBGAME-25AUG11AZTEX-TEX,72,28,1,yes
1754967355795,1754967355,KXMLBGAME-25AUG11AZTEX-TEX,79,21,36,yes
1754967356065,1754967356,KXMLBGAME-25AUG11AZTEX-TEX,62,38,16,no
1754967356065,1754967356,KXMLBGAME-25AUG11AZTEX-TEX,62,38,2,no
1754967356065,1754967356,KXMLBGAME-25AUG11AZTEX-TEX,61,39,300,no
1754967364465,1754967364,KXMLBGAME-25AUG11LADLAA-LAD,25,75,94,no
1754967365036,1754967364,KXMLBGAME-25AUG11LADLAA-LAD,26,74,35,yes
1754967368735,1754967368,KXMLBGAME-25AUG11AZTEX-AZ,29,71,1,no
1754967370585,1754967370,KXMLBGAME-25AUG11AZTEX-AZ,27,73,12,yes
1754967370934,1754967370,KXMLBGAME-25AUG11AZTEX-AZ,27,73,9,yes
1754967370934,1754967370,KXMLBGAME-25AUG11AZTEX-AZ,28,72,8,yes
1754967374935,1754967374,KXMLBGAME-25AUG11AZTEX-AZ,27,73,7,yes
1754967374935,1754967374,KXMLBGAME-25AUG11AZTEX-AZ,28,72,3,yes
1754967375746,1754967375,KXMLBGAME-25AUG11LADLAA-LAD,26,74,55,yes
1754967375974,1754967375,KXMLBGAME-25AUG11AZTEX-AZ,27,73,5,yes
1754967375975,1754967375,KXMLBGAME-25AUG11AZTEX-AZ,28,72,161,yes
1754967377357,1754967377,KXMLBGAME-25AUG11LADLAA-LAD,26,74,36,yes
1754967379025,1754967378,KXMLBGAME-25AUG11DETCWS-DET,85,15,5,yes
1754967379914,1754967379,KXMLBGAME-25AUG11AZTEX-AZ,28,72,109,yes
1754967380994,1754967380,KXMLBGAME-25AUG11BOSHOU-HOU,99,1,44,no
1754967385994,1754967385,KXMLBGAME-25AUG11AZTEX-TEX,71,29,4,no
1754967385994,1754967385,KXMLBGAME-25AUG11AZTEX-TEX,70,30,53,no
1754967386936,1754967386,KXMLBGAME-25AUG11LADLAA-LAD,26,74,18,yes
1754967389425,1754967389,KXMLBGAME-25AUG11AZTEX-TEX,79,21,30,yes
1754967389425,1754967389,KXMLBGAME-25AUG11AZTEX-TEX,85,15,12,yes
1754967390045,1754967390,KXMLBGAME-25AUG11AZTEX-AZ,28,72,3,yes
1754967390045,1754967390,KXMLBGAME-25AUG11AZTEX-AZ,29,71,3,yes
1754967395774,1754967395,KXMLBGAME-25AUG11BOSHOU-HOU,99,1,40,no
1754967398205,1754967398,KXMLBGAME-25AUG11SDSF-SD,44,56,92,no
1754967398205,1754967398,KXMLBGAME-25AUG11SDSF-SD,43,57,432,no
1754967398995,1754967398,KXMLBGAME-25AUG11SDSF-SF,56,44,50,yes
1754967399694,1754967399,KXMLBGAME-25AUG11LADLAA-LAA,75,25,45,yes
1754967403916,1754967403,KXMLBGAME-25AUG11AZTEX-AZ,23,77,4,no
1754967411745,1754967411,KXMLBGAME-25AUG11LADLAA-LAA,75,25,26,yes
1754967412184,1754967412,KXMLBGAME-25AUG11LADLAA-LAA,75,25,1,yes
1754967413567,1754967413,KXMLBGAME-25AUG11LADLAA-LAD,26,74,10,yes
1754967415445,1754967415,KXMLBGAME-25AUG11AZTEX-AZ,26,74,4,yes
1754967415445,1754967415,KXMLBGAME-25AUG11AZTEX-AZ,26,74,2,yes
1754967415445,1754967415,KXMLBGAME-25AUG11AZTEX-AZ,27,73,1,yes
1754967416565,1754967416,KXMLBGAME-25AUG11AZTEX-AZ,26,74,1,yes
1754967416566,1754967416,KXMLBGAME-25AUG11AZTEX-AZ,27,73,551,yes
1754967416566,1754967416,KXMLBGAME-25AUG11AZTEX-AZ,29,71,20,yes
1754967416566,1754967416,KXMLBGAME-25AUG11AZTEX-AZ,29,71,14,yes
1754967416566,1754967416,KXMLBGAME-25AUG11AZTEX-AZ,31,69,154,yes
1754967418168,1754967418,KXMLBGAME-25AUG11BOSHOU-HOU,99,1,688,no
1754967418879,1754967418,KXMLBGAME-25AUG11LADLAA-LAD,26,74,8,yes
1754967418879,1754967418,KXMLBGAME-25AUG11LADLAA-LAD,26,74,2,yes
1754967418879,1754967418,KXMLBGAME-25AUG11LADLAA-LAD,26,74,14,yes
1754967418879,1754967418,KXMLBGAME-25AUG11LADLAA-LAD,26,74,67,yes
1754967419256,1754967419,KXMLBGAME-25AUG11TBATH-ATH,23,77,61,yes
1754967420258,1754967420,KXMLBGAME-25AUG11DETCWS-DET,79,21,1,no
1754967420258,1754967420,KXMLBGAME-25AUG11DETCWS-DET,78,22,18,no
1754967420559,1754967420,KXMLBGAME-25AUG11LADLAA-LAA,75,25,50,yes
1754967423486,1754967422,KXMLBGAME-25AUG11SDSF-SD,45,55,172,yes
1754967425255,1754967425,KXMLBGAME-25AUG11AZTEX-AZ,28,72,1,yes
1754967425255,1754967425,KXMLBGAME-25AUG11AZTEX-AZ,29,71,31,yes
1754967427270,1754967427,KXMLBGAME-25AUG11AZTEX-AZ,24,76,30,no
1754967427270,1754967427,KXMLBGAME-25AUG11AZTEX-AZ,23,77,121,no
1754967429565,1754967429,KXMLBGAME-25AUG11LADLAA-LAD,26,74,10,yes
1754967431174,1754967431,KXMLBGAME-25AUG11TBATH-ATH,23,77,1,yes
1754967433416,1754967433,KXMLBGAME-25AUG11DETCWS-DET,79,21,1,no
1754967433416,1754967433,KXMLBGAME-25AUG11DETCWS-DET,78,22,84,no
1754967433925,1754967433,KXMLBGAME-25AUG11SDSF-SD,45,55,117,yes
1754967433925,1754967433,KXMLBGAME-25AUG11TBATH-ATH,24,76,23,yes
1754967434536,1754967434,KXMLBGAME-25AUG11SDSF-SD,45,55,21,yes
1754967434815,1754967434,KXMLBGAME-25AUG11LADLAA-LAD,25,75,50,no
1754967441714,1754967441,KXMLBGAME-25AUG11LADLAA-LAD,25,75,24,no
1754967442624,1754967442,KXMLBGAME-25AUG11TBATH-ATH,23,77,1,yes
1754967442624,1754967442,KXMLBGAME-25AUG11TBATH-ATH,24,76,18,yes
1754967444025,1754967443,KXMLBGAME-25AUG11LADLAA-LAD,26,74,365,yes
1754967444554,1754967444,KXMLBGAME-25AUG11AZTEX-TEX,73,27,1,no
1754967444554,1754967444,KXMLBGAME-25AUG11AZTEX-TEX,72,28,499,no
1754967445174,1754967445,KXMLBGAME-25AUG11LADLAA-LAD,26,74,548,yes
1754967446075,1754967446,KXMLBGAME-25AUG11AZTEX-AZ,28,72,4,yes
1754967448796,1754967448,KXMLBGAME-25AUG11LADLAA-LAD,26,74,36,yes
1754967448876,1754967448,KXMLBGAME-25AUG11AZTEX-AZ,28,72,1,yes
1754967454426,1754967454,KXMLBGAME-25AUG11LADLAA-LAD,25,75,26,no
1754967454914,1754967454,KXMLBGAME-25AUG11TBATH-TB,80,20,27,yes
1754967455266,1754967455,KXMLBGAME-25AUG11SDSF-SD,44,56,10,no
1754967455266,1754967455,KXMLBGAME-25AUG11SDSF-SD,44,56,113,no
1754967456025,1754967455,KXMLBGAME-25AUG11AZTEX-AZ,28,72,25,yes
1754967456025,1754967455,KXMLBGAME-25AUG11AZTEX-AZ,28,72,2,yes
1754967456025,1754967455,KXMLBGAME-25AUG11AZTEX-AZ,28,72,1,yes
1754967456025,1754967455,KXMLBGAME-25AUG11AZTEX-AZ,29,71,74,yes
1754967459253,1754967459,KXMLBGAME-25AUG11AZTEX-AZ,28,72,2,yes
1754967459253,1754967459,KXMLBGAME-25AUG11AZTEX-AZ,29,71,7,yes
1754967461247,1754967461,KXMLBGAME-25AUG11LADLAA-LAD,25,75,314,no
1754967461893,1754967461,KXMLBGAME-25AUG11LADLAA-LAD,26,74,18,yes
1754967464786,1754967464,KXMLBGAME-25AUG11TBATH-ATH,23,77,1,yes
1754967464786,1754967464,KXMLBGAME-25AUG11TBATH-ATH,24,76,9,yes
1754967468893,1754967468,KXMLBGAME-25AUG11SDSF-SD,46,54,2,yes
1754967468894,1754967468,KXMLBGAME-25AUG11SDSF-SD,47,53,8,yes
1754967470084,1754967470,KXMLBGAME-25AUG11AZTEX-AZ,27,73,14,yes
1754967475175,1754967475,KXMLBGAME-25AUG11TBATH-ATH,24,76,27,yes
1754967476654,1754967476,KXMLBGAME-25AUG11AZTEX-AZ,26,74,1,yes
1754967478476,1754967478,KXMLBGAME-25AUG11AZTEX-TEX,75,25,10,no
1754967478476,1754967478,KXMLBGAME-25AUG11AZTEX-TEX,74,26,1,no
1754967478476,1754967478,KXMLBGAME-25AUG11AZTEX-TEX,73,27,30,no
1754967478476,1754967478,KXMLBGAME-25AUG11AZTEX-TEX,72,28,459,no
1754967481554,1754967481,KXMLBGAME-25AUG11AZTEX-AZ,22,78,20,no
1754967481554,1754967481,KXMLBGAME-25AUG11AZTEX-AZ,21,79,30,no
1754967481554,1754967481,KXMLBGAME-25AUG11AZTEX-AZ,21,79,2,no
1754967481554,1754967481,KXMLBGAME-25AUG11AZTEX-AZ,20,80,91,no
1754967489205,1754967489,KXMLBGAME-25AUG11LADLAA-LAA,75,25,2942,yes
1754967489205,1754967489,KXMLBGAME-25AUG11LADLAA-LAA,75,25,1252,yes
1754967489225,1754967489,KXMLBGAME-25AUG11LADLAA-LAD,25,75,549,no
1754967489225,1754967489,KXMLBGAME-25AUG11LADLAA-LAD,25,75,200,no
1754967490375,1754967490,KXMLBGAME-25AUG11LADLAA-LAA,78,22,2,yes
1754967490376,1754967490,KXMLBGAME-25AUG11LADLAA-LAA,80,20,100,yes
1754967490376,1754967490,KXMLBGAME-25AUG11LADLAA-LAA,80,20,1,yes
1754967491315,1754967491,KXMLBGAME-25AUG11AZTEX-TEX,81,19,2,yes
1754967492895,1754967492,KXMLBGAME-25AUG11DETCWS-DET,85,15,57,yes
1754967493215,1754967493,KXMLBGAME-25AUG11LADLAA-LAD,20,80,10,no
1754967493354,1754967493,KXMLBGAME-25AUG11LADLAA-LAD,19,81,200,no
1754967494295,1754967494,KXMLBGAME-25AUG11TBATH-ATH,24,76,11,yes
1754967494726,1754967494,KXMLBGAME-25AUG11AZTEX-TEX,73,27,1,no
1754967494726,1754967494,KXMLBGAME-25AUG11AZTEX-TEX,72,28,41,no
1754967499004,1754967498,KXMLBGAME-25AUG11AZTEX-AZ,26,74,1,yes
1754967499004,1754967498,KXMLBGAME-25AUG11AZTEX-AZ,26,74,7,yes
1754967501349,1754967501,KXMLBGAME-25AUG11AZTEX-AZ,26,74,18,yes
1754967501927,1754967501,KXMLBGAME-25AUG11SDSF-SF,54,46,58,yes
1754967501927,1754967501,KXMLBGAME-25AUG11SDSF-SF,55,45,200,yes
1754967501927,1754967501,KXMLBGAME-25AUG11SDSF-SF,55,45,176,yes
1754967503555,1754967503,KXMLBGAME-25AUG11SDSF-SD,47,53,1,yes
1754967503555,1754967503,KXMLBGAME-25AUG11SDSF-SD,48,52,473,yes
1754967503594,1754967503,KXMLBGAME-25AUG11DETCWS-DET,85,15,5,yes
1754967504714,1754967504,KXMLBGAME-25AUG11AZTEX-AZ,26,74,3,yes
1754967505844,1754967505,KXMLBGAME-25AUG11TBATH-TB,80,20,1,yes
1754967506825,1754967506,KXMLBGAME-25AUG11LADLAA-LAD,18,82,250,yes
1754967506825,1754967506,KXMLBGAME-25AUG11LADLAA-LAD,18,82,24,yes
1754967506825,1754967506,KXMLBGAME-25AUG11LADLAA-LAD,19,81,88,yes
1754967510425,1754967510,KXMLBGAME-25AUG11SDSF-SD,48,52,30,yes
1754967511476,1754967511,KXMLBGAME-25AUG11AZTEX-AZ,24,76,2,yes
1754967511476,1754967511,KXMLBGAME-25AUG11AZTEX-AZ,25,75,378,yes
1754967513254,1754967513,KXMLBGAME-25AUG11SDSF-SD,48,52,100,yes
1754967516155,1754967516,KXMLBGAME-25AUG11SDSF-SD,48,52,70,yes
1754967516155,1754967516,KXMLBGAME-25AUG11SDSF-SD,48,52,8,yes
1754967518327,1754967518,KXMLBGAME-25AUG11TBATH-TB,79,21,25,no
1754967518505,1754967518,KXMLBGAME-25AUG11LADLAA-LAA,83,17,772,yes
1754967518556,1754967518,KXMLBGAME-25AUG11LADLAA-LAD,18,82,18,yes
1754967518556,1754967518,KXMLBGAME-25AUG11LADLAA-LAD,19,81,107,yes
1754967518585,1754967518,KXMLBGAME-25AUG11LADLAA-LAA,82,18,5,no
1754967524245,1754967524,KXMLBGAME-25AUG11AZTEX-AZ,25,75,12,yes
1754967524486,1754967524,KXMLBGAME-25AUG11LADLAA-LAD,19,81,9,yes
1754967525164,1754967525,KXMLBGAME-25AUG11AZTEX-AZ,24,76,9,yes
1754967525164,1754967525,KXMLBGAME-25AUG11AZTEX-AZ,25,75,48,yes
1754967527836,1754967527,KXMLBGAME-25AUG11LADLAA-LAD,19,81,29,yes
1754967529653,1754967529,KXMLBGAME-25AUG11AZTEX-AZ,25,75,559,yes
1754967536486,1754967536,KXMLBGAME-25AUG11LADLAA-LAD,19,81,12,yes
1754967536486,1754967536,KXMLBGAME-25AUG11LADLAA-LAD,19,81,750,yes
1754967536486,1754967536,KXMLBGAME-25AUG11LADLAA-LAD,19,81,250,yes
1754967536486,1754967536,KXMLBGAME-25AUG11LADLAA-LAD,20,80,201,yes
1754967539685,1754967539,KXMLBGAME-25AUG11SDSF-SF,53,47,15,yes
1754967543105,1754967542,KXMLBGAME-25AUG11LADLAA-LAD,19,81,9,yes
1754967543105,1754967542,KXMLBGAME-25AUG11LADLAA-LAD,20,80,464,yes
1754967543386,1754967543,KXMLBGAME-25AUG11AZTEX-AZ,26,74,1,yes
1754967543386,1754967543,KXMLBGAME-25AUG11AZTEX-AZ,27,73,429,yes
1754967543386,1754967543,KXMLBGAME-25AUG11AZTEX-AZ,31,69,13,yes
1754967543386,1754967543,KXMLBGAME-25AUG11AZTEX-AZ,33,67,300,yes
1754967543386,1754967543,KXMLBGAME-25AUG11AZTEX-AZ,38,62,176,yes
1754967546265,1754967546,KXMLBGAME-25AUG11TBATH-TB,79,21,1,yes
1754967548367,1754967548,KXMLBGAME-25AUG11LADLAA-LAA,82,18,7,no
1754967552365,1754967552,KXMLBGAME-25AUG11AZTEX-AZ,27,73,30,no
1754967552365,1754967552,KXMLBGAME-25AUG11AZTEX-TEX,77,23,30,no
1754967552413,1754967552,KXMLBGAME-25AUG11AZTEX-TEX,77,23,340,no
1754967552435,1754967552,KXMLBGAME-25AUG11AZTEX-AZ,26,74,341,no
1754967552804,1754967552,KXMLBGAME-25AUG11AZTEX-AZ,21,79,100,no
1754967552804,1754967552,KXMLBGAME-25AUG11AZTEX-AZ,20,80,15,no
1754967554954,1754967554,KXMLBGAME-25AUG11LADLAA-LAD,18,82,28,no
1754967555785,1754967555,KXMLBGAME-25AUG11SDSF-SF,53,47,100,yes
1754967558606,1754967558,KXMLBGAME-25AUG11LADLAA-LAA,82,18,91,yes
1754967560515,1754967560,KXMLBGAME-25AUG11SDSF-SD,48,52,168,yes
1754967560515,1754967560,KXMLBGAME-25AUG11SDSF-SD,49,51,130,yes
1754967561546,1754967561,KXMLBGAME-25AUG11AZTEX-AZ,19,81,30,yes
1754967561546,1754967561,KXMLBGAME-25AUG11AZTEX-AZ,19,81,105,yes
1754967562684,1754967562,KXMLBGAME-25AUG11LADLAA-LAD,18,82,51,no
1754967567025,1754967566,KXMLBGAME-25AUG11DETCWS-CWS,19,81,1,yes
1754967567025,1754967566,KXMLBGAME-25AUG11DETCWS-CWS,19,81,1,yes
1754967568124,1754967568,KXMLBGAME-25AUG11LADLAA-LAD,20,80,2,yes
1754967571247,1754967571,KXMLBGAME-25AUG11AZTEX-AZ,18,82,15,yes
1754967571247,1754967571,KXMLBGAME-25AUG11AZTEX-AZ,18,82,1,yes
1754967571247,1754967571,KXMLBGAME-25AUG11AZTEX-AZ,19,81,9,yes
1754967572405,1754967572,KXMLBGAME-25AUG11AZTEX-AZ,17,83,45,yes
1754967572405,1754967572,KXMLBGAME-25AUG11AZTEX-AZ,19,81,4,yes
1754967574885,1754967574,KXMLBGAME-25AUG11AZTEX-TEX,78,22,1,no
1754967574885,1754967574,KXMLBGAME-25AUG11AZTEX-TEX,78,22,20,no
1754967574885,1754967574,KXMLBGAME-25AUG11AZTEX-TEX,77,23,504,no
1754967576187,1754967576,KXMLBGAME-25AUG11LADLAA-LAA,82,18,50,yes
1754967576455,1754967576,KXMLBGAME-25AUG11SDSF-SF,53,47,36,yes
1754967578245,1754967578,KXMLBGAME-25AUG11AZTEX-AZ,18,82,1,yes
1754967578245,1754967578,KXMLBGAME-25AUG11AZTEX-AZ,19,81,48,yes
1754967579760,1754967579,KXMLBGAME-25AUG11SDSF-SF,53,47,365,yes
1754967582196,1754967582,KXMLBGAME-25AUG11LADLAA-LAD,18,82,21,no
1754967582196,1754967582,KXMLBGAME-25AUG11LADLAA-LAD,18,82,450,no
1754967584815,1754967584,KXMLBGAME-25AUG11AZTEX-AZ,19,81,500,yes
1754967584815,1754967584,KXMLBGAME-25AUG11AZTEX-AZ,20,80,722,yes
1754967585117,1754967585,KXMLBGAME-25AUG11LADLAA-LAD,20,80,3,yes
1754967585117,1754967585,KXMLBGAME-25AUG11LADLAA-LAD,20,80,250,yes
1754967585117,1754967585,KXMLBGAME-25AUG11LADLAA-LAD,20,80,2,yes
1754967585117,1754967585,KXMLBGAME-25AUG11LADLAA-LAD,21,79,212,yes
1754967588046,1754967588,KXMLBGAME-25AUG11BOSHOU-HOU,99,1,225,no
1754967589688,1754967589,KXMLBGAME-25AUG11LADLAA-LAD,18,82,471,no
1754967590204,1754967590,KXMLBGAME-25AUG11AZTEX-AZ,17,83,46,no
1754967591174,1754967591,KXMLBGAME-25AUG11SDSF-SD,49,51,628,yes
1754967591595,1754967591,KXMLBGAME-25AUG11AZTEX-TEX,83,17,8,yes
1754967591595,1754967591,KXMLBGAME-25AUG11AZTEX-TEX,84,16,5,yes
1754967592425,1754967592,KXMLBGAME-25AUG11TBATH-TB,75,25,112,yes
1754967592425,1754967592,KXMLBGAME-25AUG11TBATH-TB,76,24,110,yes
1754967593376,1754967593,KXMLBGAME-25AUG11LADLAA-LAD,17,83,100,no
1754967594773,1754967594,KXMLBGAME-25AUG11AZTEX-AZ,19,81,2493,yes
1754967596825,1754967596,KXMLBGAME-25AUG11LADLAA-LAD,17,83,11,yes
1754967598564,1754967598,KXMLBGAME-25AUG11SDSF-SD,49,51,98,yes
1754967599879,1754967599,KXMLBGAME-25AUG11LADLAA-LAD,17,83,555,yes
1754967602394,1754967602,KXMLBGAME-25AUG11AZTEX-AZ,19,81,25,yes
1754967604979,1754967604,KXMLBGAME-25AUG11LADLAA-LAD,17,83,27,yes
1754967605785,1754967605,KXMLBGAME-25AUG11AZTEX-AZ,19,81,11,yes
1754967609478,1754967609,KXMLBGAME-25AUG11SDSF-SD,49,51,394,yes
1754967611197,1754967611,KXMLBGAME-25AUG11AZTEX-AZ,20,80,71,yes
1754967611886,1754967611,KXMLBGAME-25AUG11AZTEX-AZ,20,80,172,yes
1754967613685,1754967613,KXMLBGAME-25AUG11AZTEX-AZ,17,83,18,no
1754967614277,1754967614,KXMLBGAME-25AUG11LADLAA-LAD,17,83,5,yes
1754967614934,1754967614,KXMLBGAME-25AUG11AZTEX-AZ,20,80,9,yes
1754967615426,1754967615,KXMLBGAME-25AUG11LADLAA-LAD,17,83,555,yes
1754967615805,1754967615,KXMLBGAME-25AUG11AZTEX-TEX,82,18,1,yes
1754967616595,1754967616,KXMLBGAME-25AUG11LADLAA-LAD,15,85,2,no
1754967616595,1754967616,KXMLBGAME-25AUG11LADLAA-LAD,14,86,17,no
1754967618915,1754967618,KXMLBGAME-25AUG11AZTEX-TEX,80,20,39,no
1754967619325,1754967619,KXMLBGAME-25AUG11AZTEX-TEX,82,18,9,yes
1754967622866,1754967622,KXMLBGAME-25AUG11LADLAA-LAA,84,16,100,yes
1754967622866,1754967622,KXMLBGAME-25AUG11LADLAA-LAA,85,15,2113,yes
1754967627264,1754967627,KXMLBGAME-25AUG11LADLAA-LAA,85,15,160,yes
1754967627356,1754967627,KXMLBGAME-25AUG11DETCWS-DET,87,13,5,yes
1754967627755,1754967627,KXMLBGAME-25AUG11AZTEX-AZ,20,80,47,yes
1754967628075,1754967628,KXMLBGAME-25AUG11LADLAA-LAD,16,84,1,no
1754967628075,1754967628,KXMLBGAME-25AUG11LADLAA-LAD,14,86,12,no
1754967634964,1754967634,KXMLBGAME-25AUG11LADLAA-LAA,85,15,149,yes
1754967636284,1754967636,KXMLBGAME-25AUG11DETCWS-DET,86,14,14,yes
1754967638485,1754967638,KXMLBGAME-25AUG11SDSF-SF,53,47,36,yes
1754967640305,1754967640,KXMLBGAME-25AUG11AZTEX-TEX,80,20,937,no
1754967640305,1754967640,KXMLBGAME-25AUG11AZTEX-TEX,79,21,2,no
1754967640305,1754967640,KXMLBGAME-25AUG11AZTEX-TEX,79,21,2,no
1754967640305,1754967640,KXMLBGAME-25AUG11AZTEX-TEX,77,23,457,no
1754967640974,1754967640,KXMLBGAME-25AUG11AZTEX-TEX,82,18,12,yes
1754967641034,1754967641,KXMLBGAME-25AUG11AZTEX-AZ,20,80,118,yes
1754967644195,1754967644,KXMLBGAME-25AUG11AZTEX-AZ,20,80,48,yes
1754967647576,1754967647,KXMLBGAME-25AUG11AZTEX-AZ,20,80,47,yes
1754967647576,1754967647,KXMLBGAME-25AUG11AZTEX-AZ,20,80,2813,yes
1754967648106,1754967648,KXMLBGAME-25AUG11LADLAA-LAD,17,83,250,yes
1754967648106,1754967648,KXMLBGAME-25AUG11LADLAA-LAD,17,83,2,yes
1754967648106,1754967648,KXMLBGAME-25AUG11LADLAA-LAD,17,83,3,yes
1754967648106,1754967648,KXMLBGAME-25AUG11LADLAA-LAD,18,82,198,yes
1754967650484,1754967650,KXMLBGAME-25AUG11LADLAA-LAD,17,83,3,yes
1754967650484,1754967650,KXMLBGAME-25AUG11LADLAA-LAD,18,82,23,yes
1754967650554,1754967650,KXMLBGAME-25AUG11LADLAA-LAD,15,85,10,no
1754967650555,1754967650,KXMLBGAME-25AUG11LADLAA-LAD,14,86,5,no
1754967651245,1754967651,KXMLBGAME-25AUG11LADLAA-LAD,14,86,28,no
1754967651444,1754967651,KXMLBGAME-25AUG11LADLAA-LAD,17,83,2,yes
1754967651444,1754967651,KXMLBGAME-25AUG11LADLAA-LAD,18,82,529,yes
1754967651444,1754967651,KXMLBGAME-25AUG11LADLAA-LAD,20,80,200,yes
1754967651444,1754967651,KXMLBGAME-25AUG11LADLAA-LAD,20,80,268,yes
1754967651865,1754967651,KXMLBGAME-25AUG11AZTEX-AZ,20,80,48,no
1754967651865,1754967651,KXMLBGAME-25AUG11AZTEX-AZ,19,81,1,no
1754967652195,1754967652,KXMLBGAME-25AUG11DETCWS-DET,86,14,6,yes
1754967652195,1754967652,KXMLBGAME-25AUG11DETCWS-DET,87,13,2,yes
1754967652195,1754967652,KXMLBGAME-25AUG11DETCWS-DET,88,12,9,yes
1754967653437,1754967653,KXMLBGAME-25AUG11DETCWS-DET,88,12,39,yes
1754967655135,1754967655,KXMLBGAME-25AUG11AZTEX-AZ,22,78,6,yes
1754967655135,1754967655,KXMLBGAME-25AUG11AZTEX-AZ,23,77,14,yes
1754967655676,1754967655,KXMLBGAME-25AUG11AZTEX-AZ,22,78,5,yes
1754967655676,1754967655,KXMLBGAME-25AUG11AZTEX-AZ,23,77,36,yes
1754967658694,1754967658,KXMLBGAME-25AUG11TBATH-ATH,24,76,2,no
1754967658694,1754967658,KXMLBGAME-25AUG11TBATH-ATH,24,76,12,no
1754967658715,1754967658,KXMLBGAME-25AUG11AZTEX-TEX,78,22,3,no
1754967658715,1754967658,KXMLBGAME-25AUG11AZTEX-TEX,77,23,8,no
1754967659994,1754967659,KXMLBGAME-25AUG11BOSHOU-HOU,99,1,800,no
1754967659994,1754967659,KXMLBGAME-25AUG11BOSHOU-HOU,99,1,804,no
1754967661350,1754967661,KXMLBGAME-25AUG11AZTEX-AZ,19,81,24,no
1754967661350,1754967661,KXMLBGAME-25AUG11AZTEX-AZ,17,83,17,no
1754967661656,1754967661,KXMLBGAME-25AUG11TBATH-TB,74,26,19,no
1754967662005,1754967661,KXMLBGAME-25AUG11AZTEX-TEX,81,19,30,yes
1754967662136,1754967662,KXMLBGAME-25AUG11AZTEX-TEX,78,22,3,no
1754967662136,1754967662,KXMLBGAME-25AUG11AZTEX-TEX,77,23,25,no
1754967663368,1754967663,KXMLBGAME-25AUG11TBATH-ATH,26,74,18,yes
1754967664275,1754967664,KXMLBGAME-25AUG11AZTEX-TEX,82,18,108,yes
1754967665050,1754967664,KXMLBGAME-25AUG11SDSF-SF,53,47,22,yes
1754967665162,1754967665,KXMLBGAME-25AUG11LADLAA-LAD,19,81,1,yes
1754967665162,1754967665,KXMLBGAME-25AUG11LADLAA-LAD,20,80,17,yes
1754967666060,1754967665,KXMLBGAME-25AUG11LADLAA-LAA,84,16,797,yes
1754967666060,1754967665,KXMLBGAME-25AUG11LADLAA-LAA,84,16,1530,yes
1754967666060,1754967665,KXMLBGAME-25AUG11LADLAA-LAA,84,16,200,yes
1754967666060,1754967665,KXMLBGAME-25AUG11LADLAA-LAA,84,16,268,yes
1754967667059,1754967666,KXMLBGAME-25AUG11TBATH-TB,75,25,10,yes
1754967667059,1754967666,KXMLBGAME-25AUG11TBATH-TB,76,24,90,yes
1754967670659,1754967670,KXMLBGAME-25AUG11LADLAA-LAA,84,16,17,yes
1754967670659,1754967670,KXMLBGAME-25AUG11DETCWS-CWS,19,81,26,yes
1754967670659,1754967670,KXMLBGAME-25AUG11DETCWS-CWS,19,81,1,yes
1754967670659,1754967670,KXMLBGAME-25AUG11DETCWS-CWS,20,80,5,yes
1754967670659,1754967670,KXMLBGAME-25AUG11DETCWS-CWS,20,80,10,yes
1754967670659,1754967670,KXMLBGAME-25AUG11DETCWS-CWS,20,80,2,yes
1754967670659,1754967670,KXMLBGAME-25AUG11DETCWS-CWS,20,80,4,yes
1754967671599,1754967671,KXMLBGAME-25AUG11AZTEX-TEX,82,18,19,yes
1754967673288,1754967673,KXMLBGAME-25AUG11TBATH-TB,76,24,11,yes
1754967675465,1754967675,KXMLBGAME-25AUG11AZTEX-TEX,82,18,349,yes
1754967675786,1754967675,KXMLBGAME-25AUG11LADLAA-LAD,17,83,1,yes
1754967675786,1754967675,KXMLBGAME-25AUG11LADLAA-LAD,18,82,200,yes
1754967675786,1754967675,KXMLBGAME-25AUG11LADLAA-LAD,18,82,324,yes
1754967678085,1754967678,KXMLBGAME-25AUG11TBATH-ATH,26,74,1,yes
1754967679734,1754967679,KXMLBGAME-25AUG11AZTEX-AZ,20,80,345,no
1754967680485,1754967680,KXMLBGAME-25AUG11DETCWS-DET,86,14,115,yes
1754967680736,1754967680,KXMLBGAME-25AUG11TBATH-ATH,27,73,33,yes
1754967682786,1754967682,KXMLBGAME-25AUG11DETCWS-CWS,14,86,10,no
1754967682786,1754967682,KXMLBGAME-25AUG11DETCWS-CWS,13,87,2,no
1754967682786,1754967682,KXMLBGAME-25AUG11DETCWS-CWS,13,87,117,no
1754967683155,1754967683,KXMLBGAME-25AUG11SDSF-SD,50,50,28,yes
1754967684226,1754967684,KXMLBGAME-25AUG11SDSF-SD,50,50,30,yes
1754967684755,1754967684,KXMLBGAME-25AUG11AZTEX-AZ,22,78,2,yes
1754967684755,1754967684,KXMLBGAME-25AUG11AZTEX-AZ,23,77,19,yes
1754967684914,1754967684,KXMLBGAME-25AUG11LADLAA-LAD,17,83,1,yes
1754967684915,1754967684,KXMLBGAME-25AUG11LADLAA-LAD,18,82,76,yes
1754967684915,1754967684,KXMLBGAME-25AUG11LADLAA-LAD,18,82,200,yes
1754967684915,1754967684,KXMLBGAME-25AUG11LADLAA-LAD,19,81,200,yes
1754967684915,1754967684,KXMLBGAME-25AUG11LADLAA-LAD,19,81,35,yes
1754967685225,1754967685,KXMLBGAME-25AUG11LADLAA-LAD,14,86,38,no
1754967685225,1754967685,KXMLBGAME-25AUG11LADLAA-LAD,13,87,1,no
1754967685225,1754967685,KXMLBGAME-25AUG11LADLAA-LAD,12,88,37,no
1754967688385,1754967688,KXMLBGAME-25AUG11DETCWS-CWS,13,87,2,no
1754967688385,1754967688,KXMLBGAME-25AUG11DETCWS-CWS,12,88,2,no
1754967693005,1754967692,KXMLBGAME-25AUG11TBATH-ATH,26,74,1,yes
1754967693005,1754967692,KXMLBGAME-25AUG11TBATH-ATH,26,74,24,yes
1754967693615,1754967693,KXMLBGAME-25AUG11DETCWS-DET,86,14,3,yes
1754967693615,1754967693,KXMLBGAME-25AUG11DETCWS-DET,87,13,2,yes
1754967693615,1754967693,KXMLBGAME-25AUG11DETCWS-DET,88,12,64,yes
1754967693615,1754967693,KXMLBGAME-25AUG11DETCWS-DET,88,12,9,yes
1754967693615,1754967693,KXMLBGAME-25AUG11DETCWS-DET,88,12,18,yes
1754967696045,1754967696,KXMLBGAME-25AUG11SDSF-SD,52,48,5,yes
1754967696094,1754967696,KXMLBGAME-25AUG11SDSF-SF,51,49,5,no
1754967698645,1754967698,KXMLBGAME-25AUG11LADLAA-LAD,13,87,1,no
1754967698645,1754967698,KXMLBGAME-25AUG11LADLAA-LAD,13,87,6,no
1754967698645,1754967698,KXMLBGAME-25AUG11LADLAA-LAD,13,87,9,no
1754967701585,1754967701,KXMLBGAME-25AUG11AZTEX-AZ,27,73,3,yes
1754967706155,1754967706,KXMLBGAME-25AUG11SDSF-SD,53,47,9,yes
1754967706195,1754967706,KXMLBGAME-25AUG11SDSF-SF,51,49,9,no
1754967707150,1754967707,KXMLBGAME-25AUG11SDSF-SF,52,48,20,no
1754967707150,1754967707,KXMLBGAME-25AUG11SDSF-SF,51,49,1986,no
1754967707151,1754967707,KXMLBGAME-25AUG11SDSF-SF,51,49,1,no
1754967707151,1754967707,KXMLBGAME-25AUG11SDSF-SF,50,50,2000,no
1754967707151,1754967707,KXMLBGAME-25AUG11SDSF-SF,50,50,112,no
1754967707825,1754967707,KXMLBGAME-25AUG11DETCWS-CWS,19,81,9,yes
1754967708635,1754967708,KXMLBGAME-25AUG11LADLAA-LAD,12,88,4,no
1754967708805,1754967708,KXMLBGAME-25AUG11AZTEX-TEX,76,24,1,no
1754967708805,1754967708,KXMLBGAME-25AUG11AZTEX-TEX,76,24,30,no
1754967708805,1754967708,KXMLBGAME-25AUG11AZTEX-TEX,75,25,94,no
1754967710627,1754967710,KXMLBGAME-25AUG11AZTEX-AZ,27,73,3,yes
1754967710627,1754967710,KXMLBGAME-25AUG11AZTEX-AZ,27,73,25,yes
1754967710646,1754967710,KXMLBGAME-25AUG11LADLAA-LAD,18,82,10,yes
1754967710646,1754967710,KXMLBGAME-25AUG11LADLAA-LAD,18,82,2,yes
1754967710646,1754967710,KXMLBGAME-25AUG11LADLAA-LAD,18,82,1,yes
1754967710646,1754967710,KXMLBGAME-25AUG11LADLAA-LAD,19,81,400,yes
1754967710646,1754967710,KXMLBGAME-25AUG11LADLAA-LAD,19,81,200,yes
1754967710646,1754967710,KXMLBGAME-25AUG11LADLAA-LAD,20,80,199,yes
1754967713995,1754967713,KXMLBGAME-25AUG11LADLAA-LAD,17,83,8,yes
1754967713995,1754967713,KXMLBGAME-25AUG11LADLAA-LAD,18,82,207,yes
1754967715536,1754967715,KXMLBGAME-25AUG11AZTEX-AZ,24,76,10,yes
1754967715537,1754967715,KXMLBGAME-25AUG11AZTEX-AZ,25,75,1,yes
1754967715537,1754967715,KXMLBGAME-25AUG11AZTEX-AZ,26,74,189,yes
1754967716154,1754967716,KXMLBGAME-25AUG11AZTEX-TEX,80,20,30,yes
1754967716154,1754967716,KXMLBGAME-25AUG11AZTEX-TEX,82,18,20,yes
1754967716155,1754967716,KXMLBGAME-25AUG11AZTEX-TEX,89,11,10,yes
1754967716184,1754967716,KXMLBGAME-25AUG11AZTEX-AZ,23,77,30,no
1754967717105,1754967717,KXMLBGAME-25AUG11LADLAA-LAD,18,82,193,yes
1754967717105,1754967717,KXMLBGAME-25AUG11LADLAA-LAD,18,82,6,yes
1754967717105,1754967717,KXMLBGAME-25AUG11LADLAA-LAD,19,81,310,yes
1754967719267,1754967719,KXMLBGAME-25AUG11SDSF-SF,40,60,11,yes
1754967720037,1754967719,KXMLBGAME-25AUG11LADLAA-LAD,17,83,5,yes
1754967720037,1754967719,KXMLBGAME-25AUG11LADLAA-LAD,18,82,520,yes
1754967721305,1754967721,KXMLBGAME-25AUG11SDSF-SF,40,60,2,yes
1754967721315,1754967721,KXMLBGAME-25AUG11TBATH-ATH,26,74,10,yes
1754967721825,1754967721,KXMLBGAME-25AUG11AZTEX-TEX,76,24,1,no
1754967721826,1754967721,KXMLBGAME-25AUG11AZTEX-TEX,76,24,3,no
1754967721945,1754967721,KXMLBGAME-25AUG11AZTEX-AZ,23,77,20,yes
1754967724386,1754967724,KXMLBGAME-25AUG11TBATH-ATH,24,76,1,no
1754967724455,1754967724,KXMLBGAME-25AUG11TBATH-ATH,26,74,78,yes
1754967724455,1754967724,KXMLBGAME-25AUG11TBATH-ATH,26,74,24,yes
1754967724456,1754967724,KXMLBGAME-25AUG11TBATH-ATH,26,74,10,yes
1754967724456,1754967724,KXMLBGAME-25AUG11TBATH-ATH,27,73,68,yes
1754967727307,1754967727,KXMLBGAME-25AUG11LADLAA-LAD,17,83,3,yes
1754967727307,1754967727,KXMLBGAME-25AUG11LADLAA-LAD,18,82,23,yes
1754967732289,1754967732,KXMLBGAME-25AUG11TBATH-ATH,26,74,85,yes
1754967732289,1754967732,KXMLBGAME-25AUG11TBATH-ATH,27,73,94,yes
1754967733465,1754967733,KXMLBGAME-25AUG11LADLAA-LAA,85,15,10,yes
1754967736714,1754967736,KXMLBGAME-25AUG11LADLAA-LAD,17,83,3,yes
1754967736714,1754967736,KXMLBGAME-25AUG11LADLAA-LAD,18,82,28,yes
1754967736955,1754967736,KXMLBGAME-25AUG11DETCWS-DET,84,16,200,yes
1754967736955,1754967736,KXMLBGAME-25AUG11DETCWS-DET,86,14,112,yes
1754967736956,1754967736,KXMLBGAME-25AUG11DETCWS-DET,87,13,458,yes
1754967736956,1754967736,KXMLBGAME-25AUG11DETCWS-DET,87,13,147,yes
1754967736956,1754967736,KXMLBGAME-25AUG11DETCWS-DET,89,11,221,yes
1754967736956,1754967736,KXMLBGAME-25AUG11AZTEX-AZ,23,77,10,yes
1754967736956,1754967736,KXMLBGAME-25AUG11AZTEX-AZ,25,75,1,yes
1754967736956,1754967736,KXMLBGAME-25AUG11AZTEX-AZ,25,75,8,yes
1754967738954,1754967738,KXMLBGAME-25AUG11AZTEX-AZ,23,77,10,yes
1754967740515,1754967740,KXMLBGAME-25AUG11LADLAA-LAD,17,83,2,yes
1754967740515,1754967740,KXMLBGAME-25AUG11LADLAA-LAD,18,82,8,yes
1754967742095,1754967742,KXMLBGAME-25AUG11LADLAA-LAA,84,16,989,yes
1754967746186,1754967746,KXMLBGAME-25AUG11AZTEX-AZ,26,74,1045,yes
1754967746186,1754967746,KXMLBGAME-25AUG11AZTEX-AZ,28,72,666,yes
1754967746186,1754967746,KXMLBGAME-25AUG11AZTEX-AZ,29,71,300,yes
1754967746186,1754967746,KXMLBGAME-25AUG11AZTEX-AZ,40,60,1024,yes
1754967747396,1754967747,KXMLBGAME-25AUG11AZTEX-AZ,24,76,10,no
1754967747396,1754967747,KXMLBGAME-25AUG11AZTEX-AZ,23,77,90,no
1754967747396,1754967747,KXMLBGAME-25AUG11AZTEX-AZ,22,78,640,no
1754967747996,1754967747,KXMLBGAME-25AUG11DETCWS-DET,85,15,14,yes
1754967748526,1754967748,KXMLBGAME-25AUG11DETCWS-CWS,13,87,1,no
1754967748526,1754967748,KXMLBGAME-25AUG11DETCWS-CWS,13,87,19,no
1754967753314,1754967753,KXMLBGAME-25AUG11SDSF-SD,60,40,10,yes
1754967753314,1754967753,KXMLBGAME-25AUG11SDSF-SD,60,40,490,yes
1754967754204,1754967754,KXMLBGAME-25AUG11AZTEX-AZ,23,77,20,no
1754967754784,1754967754,KXMLBGAME-25AUG11DETCWS-CWS,16,84,1194,yes
1754967755414,1754967755,KXMLBGAME-25AUG11AZTEX-TEX,81,19,6,yes
1754967758166,1754967758,KXMLBGAME-25AUG11LADLAA-LAA,83,17,45,no
1754967761725,1754967761,KXMLBGAME-25AUG11LADLAA-LAD,17,83,1,yes
1754967761725,1754967761,KXMLBGAME-25AUG11LADLAA-LAD,18,82,4,yes
1754967763958,1754967763,KXMLBGAME-25AUG11LADLAA-LAD,17,83,1,yes
1754967763958,1754967763,KXMLBGAME-25AUG11LADLAA-LAD,18,82,4,yes
1754967765861,1754967765,KXMLBGAME-25AUG11LADLAA-LAA,84,16,4,yes
1754967766655,1754967766,KXMLBGAME-25AUG11LADLAA-LAA,84,16,1577,yes
1754967770260,1754967770,KXMLBGAME-25AUG11AZTEX-AZ,24,76,10,no
1754967771439,1754967770,KXMLBGAME-25AUG11DETCWS-DET,85,15,624,yes
1754967771439,1754967770,KXMLBGAME-25AUG11DETCWS-DET,85,15,1,yes
1754967771439,1754967770,KXMLBGAME-25AUG11DETCWS-DET,86,14,200,yes
1754967771439,1754967770,KXMLBGAME-25AUG11DETCWS-DET,86,14,200,yes
1754967771439,1754967770,KXMLBGAME-25AUG11DETCWS-DET,86,14,400,yes
1754967771439,1754967770,KXMLBGAME-25AUG11DETCWS-DET,87,13,404,yes
1754967772665,1754967772,KXMLBGAME-25AUG11TBATH-ATH,19,81,14,yes
1754967773165,1754967772,KXMLBGAME-25AUG11LADLAA-LAA,85,15,116,yes
1754967774535,1754967774,KXMLBGAME-25AUG11DETCWS-CWS,16,84,31,yes
1754967774805,1754967774,KXMLBGAME-25AUG11LADLAA-LAD,17,83,1,yes
1754967774805,1754967774,KXMLBGAME-25AUG11LADLAA-LAD,18,82,16,yes
1754967775015,1754967774,KXMLBGAME-25AUG11AZTEX-AZ,11,89,100,no
1754967775015,1754967774,KXMLBGAME-25AUG11AZTEX-AZ,10,90,9,no
1754967775545,1754967775,KXMLBGAME-25AUG11DETCWS-CWS,15,85,1,no
1754967775545,1754967775,KXMLBGAME-25AUG11DETCWS-CWS,12,88,9,no
1754967776745,1754967776,KXMLBGAME-25AUG11LADLAA-LAA,85,15,523,yes
1754967776746,1754967776,KXMLBGAME-25AUG11SDSF-SF,42,58,25,yes
1754967776916,1754967776,KXMLBGAME-25AUG11LADLAA-LAA,83,17,1,no
1754967776916,1754967776,KXMLBGAME-25AUG11LADLAA-LAA,83,17,69,no
1754967777155,1754967777,KXMLBGAME-25AUG11AZTEX-TEX,79,21,20,yes
1754967777584,1754967777,KXMLBGAME-25AUG11LADLAA-LAD,18,82,10,yes
1754967780835,1754967780,KXMLBGAME-25AUG11SDSF-SD,59,41,40,yes
1754967780895,1754967780,KXMLBGAME-25AUG11LADLAA-LAD,18,82,15,yes
1754967781094,1754967781,KXMLBGAME-25AUG11AZTEX-AZ,44,56,20,yes
1754967781276,1754967781,KXMLBGAME-25AUG11DETCWS-DET,86,14,1,yes
1754967781276,1754967781,KXMLBGAME-25AUG11DETCWS-DET,87,13,58,yes
1754967784094,1754967784,KXMLBGAME-25AUG11SDSF-SD,59,41,16,yes
1754967785025,1754967784,KXMLBGAME-25AUG11AZTEX-AZ,41,59,11,yes
1754967786305,1754967786,KXMLBGAME-25AUG11AZTEX-TEX,80,20,93,yes
1754967787825,1754967787,KXMLBGAME-25AUG11DETCWS-DET,87,13,375,yes
1754967787825,1754967787,KXMLBGAME-25AUG11DETCWS-DET,87,13,112,yes
1754967787825,1754967787,KXMLBGAME-25AUG11DETCWS-DET,88,12,200,yes
1754967787825,1754967787,KXMLBGAME-25AUG11DETCWS-DET,88,12,400,yes
1754967788115,1754967788,KXMLBGAME-25AUG11DETCWS-CWS,15,85,113,yes
1754967788355,1754967788,KXMLBGAME-25AUG11TBATH-TB,84,16,1,yes
1754967793564,1754967793,KXMLBGAME-25AUG11AZTEX-AZ,34,66,28,yes
1754967794385,1754967794,KXMLBGAME-25AUG11DETCWS-CWS,15,85,62,yes
1754967798735,1754967798,KXMLBGAME-25AUG11LADLAA-LAA,85,15,24,yes
1754967798735,1754967798,KXMLBGAME-25AUG11LADLAA-LAA,85,15,1,yes
1754967802096,1754967802,KXMLBGAME-25AUG11DETCWS-CWS,14,86,214,yes
1754967802235,1754967802,KXMLBGAME-25AUG11TBATH-ATH,19,81,33,yes
1754967803165,1754967803,KXMLBGAME-25AUG11LADLAA-LAD,17,83,400,yes
1754967803165,1754967803,KXMLBGAME-25AUG11LADLAA-LAD,17,83,200,yes
1754967803165,1754967803,KXMLBGAME-25AUG11LADLAA-LAD,17,83,250,yes
1754967803165,1754967803,KXMLBGAME-25AUG11LADLAA-LAD,18,82,151,yes
1754967803165,1754967803,KXMLBGAME-25AUG11LADLAA-LAD,18,82,369,yes
1754967803545,1754967803,KXMLBGAME-25AUG11TBATH-ATH,19,81,17,yes
1754967803545,1754967803,KXMLBGAME-25AUG11TBATH-ATH,19,81,10,yes
1754967803545,1754967803,KXMLBGAME-25AUG11TBATH-ATH,19,81,25,yes
1754967803545,1754967803,KXMLBGAME-25AUG11TBATH-ATH,20,80,200,yes
1754967803545,1754967803,KXMLBGAME-25AUG11TBATH-ATH,20,80,224,yes
1754967803665,1754967803,KXMLBGAME-25AUG11LADLAA-LAD,14,86,22,no
1754967805145,1754967805,KXMLBGAME-25AUG11AZTEX-AZ,24,76,182,yes
1754967806105,1754967806,KXMLBGAME-25AUG11LADLAA-LAD,17,83,27,yes
1754967809655,1754967809,KXMLBGAME-25AUG11AZTEX-AZ,25,75,38,yes
1754967810369,1754967810,KXMLBGAME-25AUG11LADLAA-LAA,86,14,287,yes
1754967812624,1754967812,KXMLBGAME-25AUG11LADLAA-LAD,17,83,1,yes
1754967814214,1754967814,KXMLBGAME-25AUG11LADLAA-LAD,17,83,28,yes
1754967814254,1754967814,KXMLBGAME-25AUG11AZTEX-TEX,80,20,1,yes
1754967814684,1754967814,KXMLBGAME-25AUG11AZTEX-TEX,80,20,6,yes
1754967815366,1754967815,KXMLBGAME-25AUG11LADLAA-LAD,14,86,25,no
1754967816264,1754967816,KXMLBGAME-25AUG11AZTEX-AZ,25,75,9,yes
1754967816264,1754967816,KXMLBGAME-25AUG11AZTEX-AZ,26,74,40,yes
1754967816264,1754967816,KXMLBGAME-25AUG11AZTEX-AZ,26,74,10,yes
1754967816264,1754967816,KXMLBGAME-25AUG11AZTEX-AZ,26,74,150,yes
1754967816264,1754967816,KXMLBGAME-25AUG11AZTEX-AZ,26,74,13,yes
1754967816264,1754967816,KXMLBGAME-25AUG11AZTEX-AZ,27,73,300,yes
1754967816264,1754967816,KXMLBGAME-25AUG11AZTEX-AZ,27,73,40,yes
1754967816264,1754967816,KXMLBGAME-25AUG11AZTEX-AZ,27,73,10,yes
1754967816264,1754967816,KXMLBGAME-25AUG11AZTEX-AZ,27,73,141,yes
1754967821875,1754967821,KXMLBGAME-25AUG11AZTEX-TEX,80,20,2,yes
1754967823044,1754967823,KXMLBGAME-25AUG11LADLAA-LAA,85,15,250,yes
1754967825237,1754967825,KXMLBGAME-25AUG11LADLAA-LAD,18,82,26,yes
1754967826435,1754967826,KXMLBGAME-25AUG11AZTEX-TEX,80,20,34,yes
1754967831185,1754967831,KXMLBGAME-25AUG11LADLAA-LAD,18,82,5,yes
1754967831185,1754967831,KXMLBGAME-25AUG11LADLAA-LAD,18,82,21,yes
1754967832435,1754967832,KXMLBGAME-25AUG11AZTEX-TEX,80,20,12,yes
1754967832557,1754967832,KXMLBGAME-25AUG11LADLAA-LAD,15,85,18,no
1754967834054,1754967834,KXMLBGAME-25AUG11SDSF-SD,53,47,147,yes
1754967834995,1754967834,KXMLBGAME-25AUG11DETCWS-DET,88,12,56,yes
1754967835134,1754967835,KXMLBGAME-25AUG11DETCWS-CWS,14,86,13,yes
1754967835476,1754967835,KXMLBGAME-25AUG11LADLAA-LAA,84,16,125,yes
1754967835836,1754967835,KXMLBGAME-25AUG11LADLAA-LAD,18,82,525,yes
1754967837046,1754967837,KXMLBGAME-25AUG11AZTEX-AZ,23,77,90,yes
1754967840225,1754967840,KXMLBGAME-25AUG11SDSF-SD,53,47,18,yes
1754967840425,1754967840,KXMLBGAME-25AUG11AZTEX-AZ,26,74,200,yes
1754967840425,1754967840,KXMLBGAME-25AUG11AZTEX-AZ,26,74,7,yes
1754967840428,1754967840,KXMLBGAME-25AUG11AZTEX-AZ,27,73,200,yes
1754967840428,1754967840,KXMLBGAME-25AUG11AZTEX-AZ,28,72,294,yes
1754967841025,1754967840,KXMLBGAME-25AUG11AZTEX-AZ,26,74,10,yes
1754967842126,1754967842,KXMLBGAME-25AUG11AZTEX-AZ,17,83,8,no
1754967842126,1754967842,KXMLBGAME-25AUG11AZTEX-AZ,17,83,13,no
1754967843405,1754967843,KXMLBGAME-25AUG11AZTEX-AZ,23,77,3,yes
1754967845314,1754967845,KXMLBGAME-25AUG11DETCWS-DET,80,20,57,no
1754967847585,1754967847,KXMLBGAME-25AUG11LADLAA-LAD,18,82,200,yes
1754967847585,1754967847,KXMLBGAME-25AUG11LADLAA-LAD,18,82,325,yes
1754967847727,1754967847,KXMLBGAME-25AUG11DETCWS-CWS,14,86,17,yes
1754967847727,1754967847,KXMLBGAME-25AUG11DETCWS-CWS,14,86,837,yes
1754967855854,1754967855,KXMLBGAME-25AUG11AZTEX-TEX,80,20,50,yes
1754967857366,1754967857,KXMLBGAME-25AUG11SDSF-SD,53,47,1111,yes
1754967857715,1754967857,KXMLBGAME-25AUG11SDSF-SF,48,52,1,yes
1754967857837,1754967857,KXMLBGAME-25AUG11DETCWS-CWS,16,84,5,yes
1754967857838,1754967857,KXMLBGAME-25AUG11AZTEX-TEX,80,20,6,yes
1754967859255,1754967859,KXMLBGAME-25AUG11AZTEX-AZ,23,77,13,yes
1754967859255,1754967859,KXMLBGAME-25AUG11AZTEX-AZ,24,76,6,yes
1754967863075,1754967863,KXMLBGAME-25AUG11LADLAA-LAD,18,82,10,yes
1754967863704,1754967863,KXMLBGAME-25AUG11LADLAA-LAD,18,82,26,yes
1754967865635,1754967865,KXMLBGAME-25AUG11AZTEX-AZ,16,84,4,no
1754967865635,1754967865,KXMLBGAME-25AUG11AZTEX-AZ,15,85,2,no
1754967865635,1754967865,KXMLBGAME-25AUG11AZTEX-AZ,15,85,31,no
1754967867036,1754967867,KXMLBGAME-25AUG11DETCWS-CWS,15,85,100,no
1754967867754,1754967867,KXMLBGAME-25AUG11SDSF-SD,53,47,7,yes
1754967869266,1754967869,KXMLBGAME-25AUG11DETCWS-DET,88,12,11,yes
1754967870945,1754967870,KXMLBGAME-25AUG11LADLAA-LAD,18,82,5,yes
1754967871754,1754967871,KXMLBGAME-25AUG11SDSF-SD,53,47,2,yes
1754967872005,1754967871,KXMLBGAME-25AUG11DETCWS-CWS,15,85,31,yes
1754967873849,1754967873,KXMLBGAME-25AUG11LADLAA-LAD,17,83,50,no
1754967875252,1754967875,KXMLBGAME-25AUG11AZTEX-TEX,79,21,12,yes
1754967875252,1754967875,KXMLBGAME-25AUG11AZTEX-TEX,80,20,820,yes
1754967875252,1754967875,KXMLBGAME-25AUG11AZTEX-TEX,80,20,32,yes
1754967876370,1754967875,KXMLBGAME-25AUG11TBATH-ATH,17,83,250,no
1754967876560,1754967876,KXMLBGAME-25AUG11AZTEX-AZ,16,84,17,no
1754967876560,1754967876,KXMLBGAME-25AUG11AZTEX-AZ,15,85,9,no
1754967879349,1754967879,KXMLBGAME-25AUG11LADLAA-LAA,84,16,117,yes
1754967879860,1754967879,KXMLBGAME-25AUG11LADLAA-LAA,84,16,58,yes
1754967880558,1754967880,KXMLBGAME-25AUG11LADLAA-LAD,17,83,50,no
1754967883061,1754967882,KXMLBGAME-25AUG11DETCWS-CWS,15,85,12,yes
1754967883156,1754967883,KXMLBGAME-25AUG11AZTEX-AZ,14,86,9,no
1754967883775,1754967883,KXMLBGAME-25AUG11SDSF-SD,55,45,3,yes
1754967885284,1754967885,KXMLBGAME-25AUG11LADLAA-LAD,22,78,1,yes
1754967885284,1754967885,KXMLBGAME-25AUG11LADLAA-LAD,22,78,20,yes
1754967885284,1754967885,KXMLBGAME-25AUG11LADLAA-LAD,23,77,20,yes
1754967885315,1754967885,KXMLBGAME-25AUG11LADLAA-LAA,83,17,1,no
1754967886727,1754967886,KXMLBGAME-25AUG11DETCWS-CWS,15,85,57,yes
1754967886727,1754967886,KXMLBGAME-25AUG11DETCWS-CWS,15,85,11,yes
1754967886727,1754967886,KXMLBGAME-25AUG11DETCWS-CWS,16,84,24,yes
1754967887824,1754967887,KXMLBGAME-25AUG11TBATH-ATH,18,82,26,yes
1754967888115,1754967888,KXMLBGAME-25AUG11LADLAA-LAD,17,83,10,no
1754967889265,1754967889,KXMLBGAME-25AUG11LADLAA-LAD,17,83,90,no
1754967889524,1754967889,KXMLBGAME-25AUG11LADLAA-LAD,17,83,100,no
1754967890845,1754967890,KXMLBGAME-25AUG11SDSF-SD,54,46,71,yes
1754967891174,1754967891,KXMLBGAME-25AUG11AZTEX-AZ,20,80,1,yes
1754967891174,1754967891,KXMLBGAME-25AUG11AZTEX-AZ,20,80,19,yes
1754967891374,1754967891,KXMLBGAME-25AUG11LADLAA-LAA,90,10,60,yes
1754967891374,1754967891,KXMLBGAME-25AUG11LADLAA-LAA,90,10,49,yes
1754967892355,1754967892,KXMLBGAME-25AUG11DETCWS-DET,88,12,189,yes
1754967892355,1754967892,KXMLBGAME-25AUG11DETCWS-DET,88,12,400,yes
1754967892990,1754967892,KXMLBGAME-25AUG11DETCWS-CWS,14,86,6,yes
1754967895105,1754967895,KXMLBGAME-25AUG11AZTEX-AZ,20,80,25,yes
1754967896115,1754967896,KXMLBGAME-25AUG11SDSF-SF,42,58,18,no
1754967896246,1754967896,KXMLBGAME-25AUG11SDSF-SD,55,45,1188,yes
1754967896385,1754967896,KXMLBGAME-25AUG11SDSF-SD,55,45,26,yes
1754967897385,1754967897,KXMLBGAME-25AUG11SDSF-SF,47,53,7,yes
1754967897687,1754967897,KXMLBGAME-25AUG11DETCWS-CWS,13,87,81,yes
1754967898389,1754967898,KXMLBGAME-25AUG11AZTEX-TEX,87,13,2,yes
1754967898389,1754967898,KXMLBGAME-25AUG11AZTEX-TEX,88,12,2,yes
1754967898389,1754967898,KXMLBGAME-25AUG11AZTEX-TEX,89,11,11,yes
1754967898464,1754967898,KXMLBGAME-25AUG11AZTEX-AZ,15,85,2,no
1754967900905,1754967900,KXMLBGAME-25AUG11SDSF-SD,55,45,1003,yes
1754967901605,1754967901,KXMLBGAME-25AUG11AZTEX-TEX,88,12,3,yes
1754967901644,1754967901,KXMLBGAME-25AUG11AZTEX-AZ,14,86,3,no
1754967902555,1754967902,KXMLBGAME-25AUG11DETCWS-CWS,14,86,37,yes
1754967905148,1754967905,KXMLBGAME-25AUG11SDSF-SD,53,47,250,no
1754967905235,1754967905,KXMLBGAME-25AUG11SDSF-SF,47,53,243,yes
1754967905305,1754967905,KXMLBGAME-25AUG11DETCWS-DET,90,10,62,yes
1754967905305,1754967905,KXMLBGAME-25AUG11DETCWS-DET,90,10,3,yes
1754967905305,1754967905,KXMLBGAME-25AUG11DETCWS-DET,90,10,112,yes
1754967905554,1754967905,KXMLBGAME-25AUG11LADLAA-LAD,10,90,166,yes
1754967909656,1754967909,KXMLBGAME-25AUG11LADLAA-LAD,10,90,1,yes
1754967913784,1754967913,KXMLBGAME-25AUG11TBATH-ATH,17,83,1,yes
1754967913835,1754967913,KXMLBGAME-25AUG11LADLAA-LAA,91,9,81,yes
1754967916574,1754967916,KXMLBGAME-25AUG11TBATH-ATH,18,82,39,yes
1754967916574,1754967916,KXMLBGAME-25AUG11TBATH-ATH,18,82,146,yes
1754967920605,1754967920,KXMLBGAME-25AUG11DETCWS-CWS,7,93,2,no
1754967922615,1754967922,KXMLBGAME-25AUG11AZTEX-AZ,15,85,2,no
1754967922616,1754967922,KXMLBGAME-25AUG11AZTEX-AZ,14,86,6,no
1754967923264,1754967923,KXMLBGAME-25AUG11TBATH-ATH,18,82,25,yes
1754967923395,1754967923,KXMLBGAME-25AUG11AZTEX-TEX,87,13,2,yes
1754967923395,1754967923,KXMLBGAME-25AUG11AZTEX-TEX,88,12,26,yes
1754967925809,1754967925,KXMLBGAME-25AUG11LADLAA-LAD,8,92,1344,no
1754967925809,1754967925,KXMLBGAME-25AUG11LADLAA-LAD,7,93,100,no
1754967925809,1754967925,KXMLBGAME-25AUG11LADLAA-LAD,5,95,100,no
1754967925809,1754967925,KXMLBGAME-25AUG11LADLAA-LAD,5,95,100,no
1754967925809,1754967925,KXMLBGAME-25AUG11LADLAA-LAD,5,95,20,no
1754967925809,1754967925,KXMLBGAME-25AUG11LADLAA-LAD,4,96,200,no
1754967925809,1754967925,KXMLBGAME-25AUG11LADLAA-LAD,3,97,250,no
1754967925809,1754967925,KXMLBGAME-25AUG11LADLAA-LAD,3,97,750,no
1754967925809,1754967925,KXMLBGAME-25AUG11LADLAA-LAD,2,98,300,no
1754967925809,1754967925,KXMLBGAME-25AUG11LADLAA-LAD,2,98,140,no
1754967928344,1754967928,KXMLBGAME-25AUG11LADLAA-LAA,91,9,73,yes
1754967928644,1754967928,KXMLBGAME-25AUG11LADLAA-LAD,8,92,10,no
1754967930104,1754967930,KXMLBGAME-25AUG11DETCWS-CWS,10,90,47,yes
1754967933673,1754967933,KXMLBGAME-25AUG11AZTEX-TEX,86,14,28,yes
1754967933714,1754967933,KXMLBGAME-25AUG11AZTEX-AZ,17,83,1,no
1754967933714,1754967933,KXMLBGAME-25AUG11AZTEX-AZ,17,83,27,no
1754967933787,1754967933,KXMLBGAME-25AUG11LADLAA-LAD,5,95,1,no
1754967935315,1754967935,KXMLBGAME-25AUG11SDSF-SD,53,47,250,no
1754967935406,1754967935,KXMLBGAME-25AUG11SDSF-SF,47,53,250,yes
1754967936626,1754967936,KXMLBGAME-25AUG11AZTEX-AZ,28,72,6,yes
1754967936684,1754967936,KXMLBGAME-25AUG11AZTEX-TEX,81,19,6,no
1754967938235,1754967938,KXMLBGAME-25AUG11LADLAA-LAD,8,92,40,yes
1754967938724,1754967938,KXMLBGAME-25AUG11SDSF-SD,53,47,9,yes
1754967940755,1754967940,KXMLBGAME-25AUG11LADLAA-LAA,91,9,46,yes
1754967940755,1754967940,KXMLBGAME-25AUG11LADLAA-LAA,91,9,4,yes
1754967941086,1754967940,KXMLBGAME-25AUG11LADLAA-LAD,8,92,55,no
1754967944065,1754967943,KXMLBGAME-25AUG11LADLAA-LAD,8,92,360,no
1754967944394,1754967944,KXMLBGAME-25AUG11LADLAA-LAD,10,90,250,yes
1754967944394,1754967944,KXMLBGAME-25AUG11LADLAA-LAD,10,90,671,yes
1754967945856,1754967945,KXMLBGAME-25AUG11TBATH-ATH,18,82,29,yes
1754967945856,1754967945,KXMLBGAME-25AUG11TBATH-ATH,18,82,73,yes
1754967947365,1754967947,KXMLBGAME-25AUG11LADLAA-LAA,91,9,50,yes
1754967952204,1754967952,KXMLBGAME-25AUG11DETCWS-CWS,9,91,105,yes
1754967952204,1754967952,KXMLBGAME-25AUG11DETCWS-CWS,9,91,400,yes
1754967952204,1754967952,KXMLBGAME-25AUG11DETCWS-CWS,11,89,10,yes
1754967953225,1754967953,KXMLBGAME-25AUG11LADLAA-LAD,8,92,71,no
1754967953226,1754967953,KXMLBGAME-25AUG11LADLAA-LAA,91,9,6,yes
1754967954145,1754967954,KXMLBGAME-25AUG11TBATH-ATH,18,82,147,yes
1754967957166,1754967957,KXMLBGAME-25AUG11LADLAA-LAD,8,92,50,no
1754967957444,1754967957,KXMLBGAME-25AUG11LADLAA-LAA,91,9,16,yes
1754967958595,1754967958,KXMLBGAME-25AUG11DETCWS-CWS,11,89,42,yes
1754967959284,1754967959,KXMLBGAME-25AUG11SDSF-SD,53,47,3,yes
1754967959406,1754967959,KXMLBGAME-25AUG11LADLAA-LAD,11,89,8,yes
1754967962565,1754967962,KXMLBGAME-25AUG11LADLAA-LAA,91,9,22,yes
1754967963127,1754967963,KXMLBGAME-25AUG11AZTEX-AZ,26,74,4,yes
1754967963127,1754967963,KXMLBGAME-25AUG11AZTEX-AZ,27,73,13,yes
1754967963174,1754967963,KXMLBGAME-25AUG11AZTEX-TEX,81,19,4,no
1754967963174,1754967963,KXMLBGAME-25AUG11AZTEX-TEX,76,24,9,no
1754967964359,1754967964,KXMLBGAME-25AUG11SDSF-SD,53,47,926,yes
1754967964359,1754967964,KXMLBGAME-25AUG11SDSF-SD,53,47,9,yes
1754967964359,1754967964,KXMLBGAME-25AUG11SDSF-SD,55,45,35,yes
1754967966444,1754967966,KXMLBGAME-25AUG11DETCWS-CWS,10,90,2,no
1754967966734,1754967966,KXMLBGAME-25AUG11DETCWS-DET,90,10,11,yes
1754967967794,1754967967,KXMLBGAME-25AUG11LADLAA-LAA,91,9,22,yes
1754967975946,1754967975,KXMLBGAME-25AUG11AZTEX-TEX,86,14,10,yes
1754967975985,1754967975,KXMLBGAME-25AUG11AZTEX-AZ,17,83,10,no
1754967976595,1754967976,KXMLBGAME-25AUG11LADLAA-LAD,7,93,20,no
1754967976845,1754967976,KXMLBGAME-25AUG11LADLAA-LAA,91,9,30,yes
1754967977027,1754967976,KXMLBGAME-25AUG11LADLAA-LAD,7,93,100,no
1754967977305,1754967977,KXMLBGAME-25AUG11LADLAA-LAA,91,9,30,yes
1754967977386,1754967977,KXMLBGAME-25AUG11LADLAA-LAD,7,93,30,no
1754967985469,1754967985,KXMLBGAME-25AUG11TBATH-TB,82,18,18,yes
1754967986057,1754967985,KXMLBGAME-25AUG11DETCWS-CWS,13,87,2,yes
1754967986057,1754967985,KXMLBGAME-25AUG11DETCWS-CWS,13,87,5,yes
1754967987359,1754967987,KXMLBGAME-25AUG11LADLAA-LAA,90,10,100,yes
1754967987560,1754967987,KXMLBGAME-25AUG11LADLAA-LAA,90,10,100,yes
1754967988535,1754967987,KXMLBGAME-25AUG11LADLAA-LAD,7,93,50,no
1754967991054,1754967991,KXMLBGAME-25AUG11LADLAA-LAD,8,92,100,yes
1754967991984,1754967991,KXMLBGAME-25AUG11SDSF-SF,47,53,35,yes
1754967992955,1754967992,KXMLBGAME-25AUG11LADLAA-LAD,8,92,11,yes
1754967993184,1754967993,KXMLBGAME-25AUG11TBATH-ATH,19,81,9,yes
1754967993324,1754967993,KXMLBGAME-25AUG11AZTEX-TEX,85,15,1,yes
1754967994934,1754967994,KXMLBGAME-25AUG11LADLAA-LAA,90,10,50,yes
1754967995425,1754967995,KXMLBGAME-25AUG11AZTEX-AZ,27,73,10,yes
1754967995425,1754967995,KXMLBGAME-25AUG11AZTEX-AZ,27,73,2,yes
1754967995425,1754967995,KXMLBGAME-25AUG11AZTEX-AZ,28,72,20,yes
1754967995425,1754967995,KXMLBGAME-25AUG11AZTEX-AZ,28,72,50,yes
1754967995425,1754967995,KXMLBGAME-25AUG11AZTEX-AZ,28,72,19,yes
1754967995466,1754967995,KXMLBGAME-25AUG11LADLAA-LAD,8,92,11,yes
1754967996394,1754967996,KXMLBGAME-25AUG11LADLAA-LAD,8,92,78,yes
1754967996394,1754967996,KXMLBGAME-25AUG11LADLAA-LAD,8,92,22,yes
1754967996555,1754967996,KXMLBGAME-25AUG11LADLAA-LAD,8,92,26,yes
1754967996655,1754967996,KXMLBGAME-25AUG11AZTEX-AZ,15,85,1,no
1754967997376,1754967997,KXMLBGAME-25AUG11DETCWS-DET,95,5,50,no
1754968000325,1754968000,KXMLBGAME-25AUG11AZTEX-TEX,94,6,16,yes
1754968000724,1754968000,KXMLBGAME-25AUG11LADLAA-LAA,90,10,50,yes
1754968001806,1754968001,KXMLBGAME-25AUG11AZTEX-TEX,95,5,1000,yes
1754968001806,1754968001,KXMLBGAME-25AUG11AZTEX-TEX,96,4,200,yes
1754968001806,1754968001,KXMLBGAME-25AUG11AZTEX-TEX,98,2,300,yes
1754968001806,1754968001,KXMLBGAME-25AUG11AZTEX-TEX,99,1,1000,yes
1754968001806,1754968001,KXMLBGAME-25AUG11AZTEX-TEX,99,1,39,yes
1754968001844,1754968001,KXMLBGAME-25AUG11AZTEX-AZ,6,94,30,no
1754968001844,1754968001,KXMLBGAME-25AUG11AZTEX-AZ,6,94,1,no
1754968001844,1754968001,KXMLBGAME-25AUG11AZTEX-AZ,6,94,9,no
1754968001844,1754968001,KXMLBGAME-25AUG11AZTEX-TEX,99,1,40,no
1754968002204,1754968002,KXMLBGAME-25AUG11AZTEX-TEX,99,1,575,no
1754968002224,1754968002,KXMLBGAME-25AUG11AZTEX-AZ,5,95,345,no
1754968002244,1754968002,KXMLBGAME-25AUG11AZTEX-AZ,2,98,230,no
1754968002303,1754968002,KXMLBGAME-25AUG11AZTEX-AZ,6,94,10,yes
1754968002804,1754968002,KXMLBGAME-25AUG11DETCWS-CWS,6,94,156,yes
1754968003954,1754968003,KXMLBGAME-25AUG11AZTEX-TEX,99,1,660,no
1754968004215,1754968004,KXMLBGAME-25AUG11AZTEX-AZ,6,94,102,yes
1754968004405,1754968004,KXMLBGAME-25AUG11LADLAA-LAD,11,89,85,yes
1754968004765,1754968004,KXMLBGAME-25AUG11SDSF-SF,48,52,86,yes
1754968004765,1754968004,KXMLBGAME-25AUG11SDSF-SF,49,51,400,yes
1754968004765,1754968004,KXMLBGAME-25AUG11SDSF-SF,49,51,200,yes
1754968005195,1754968005,KXMLBGAME-25AUG11AZTEX-AZ,1,99,1000,no
1754968005225,1754968005,KXMLBGAME-25AUG11SDSF-SF,49,51,65,yes
1754968005245,1754968005,KXMLBGAME-25AUG11SDSF-SD,52,48,1,no
1754968005507,1754968005,KXMLBGAME-25AUG11SDSF-SF,49,51,1188,yes
1754968005554,1754968005,KXMLBGAME-25AUG11SDSF-SF,48,52,48,yes
1754968006858,1754968006,KXMLBGAME-25AUG11LADLAA-LAA,90,10,30,yes
1754968006985,1754968006,KXMLBGAME-25AUG11SDSF-SD,48,52,286,yes
1754968010405,1754968010,KXMLBGAME-25AUG11SDSF-SF,49,51,112,no
1754968010535,1754968010,KXMLBGAME-25AUG11SDSF-SD,51,49,112,yes
1754968011106,1754968011,KXMLBGAME-25AUG11DETCWS-CWS,5,95,187,yes
1754968012335,1754968012,KXMLBGAME-25AUG11DETCWS-DET,95,5,63,no
1754968012335,1754968012,KXMLBGAME-25AUG11DETCWS-DET,95,5,3,no
1754968012335,1754968012,KXMLBGAME-25AUG11DETCWS-DET,94,6,16,no
1754968013247,1754968013,KXMLBGAME-25AUG11SDSF-SF,49,51,1076,yes
1754968013595,1754968013,KXMLBGAME-25AUG11LADLAA-LAA,90,10,50,yes
1754968013974,1754968013,KXMLBGAME-25AUG11AZTEX-TEX,99,1,64,no
1754968015444,1754968015,KXMLBGAME-25AUG11SDSF-SD,47,53,64,no
1754968015444,1754968015,KXMLBGAME-25AUG11SDSF-SD,47,53,28,no
1754968015525,1754968015,KXMLBGAME-25AUG11LADLAA-LAD,11,89,8,yes
1754968015595,1754968015,KXMLBGAME-25AUG11SDSF-SF,53,47,64,yes
1754968015595,1754968015,KXMLBGAME-25AUG11SDSF-SF,53,47,28,yes
1754968021725,1754968021,KXMLBGAME-25AUG11TBATH-ATH,19,81,13,yes
1754968021725,1754968021,KXMLBGAME-25AUG11TBATH-ATH,19,81,6,yes
1754968022317,1754968022,KXMLBGAME-25AUG11SDSF-SD,47,53,100,yes
1754968022883,1754968022,KXMLBGAME-25AUG11AZTEX-TEX,99,1,18,no
1754968024826,1754968024,KXMLBGAME-25AUG11DETCWS-CWS,5,95,93,yes
1754968027976,1754968027,KXMLBGAME-25AUG11LADLAA-LAA,92,8,1,yes
1754968028284,1754968028,KXMLBGAME-25AUG11LADLAA-LAD,19,81,74,yes
1754968031691,1754968031,KXMLBGAME-25AUG11AZTEX-TEX,99,1,32,no
1754968031885,1754968031,KXMLBGAME-25AUG11AZTEX-TEX,99,1,71,no
1754968033075,1754968033,KXMLBGAME-25AUG11LADLAA-LAD,15,85,125,yes
1754968034324,1754968034,KXMLBGAME-25AUG11LADLAA-LAD,11,89,128,yes
1754968034506,1754968034,KXMLBGAME-25AUG11DETCWS-DET,94,6,78,no
1754968034506,1754968034,KXMLBGAME-25AUG11DETCWS-DET,93,7,100,no
1754968034506,1754968034,KXMLBGAME-25AUG11DETCWS-DET,93,7,487,no
1754968035475,1754968035,KXMLBGAME-25AUG11LADLAA-LAA,91,9,25,yes
1754968037294,1754968037,KXMLBGAME-25AUG11AZTEX-AZ,1,99,93,yes
1754968038314,1754968038,KXMLBGAME-25AUG11TBATH-ATH,19,81,1,yes
1754968038314,1754968038,KXMLBGAME-25AUG11TBATH-ATH,19,81,14,yes
1754968043475,1754968043,KXMLBGAME-25AUG11LADLAA-LAD,12,88,15,yes
1754968045184,1754968045,KXMLBGAME-25AUG11DETCWS-DET,96,4,52,yes
1754968045465,1754968045,KXMLBGAME-25AUG11DETCWS-DET,96,4,44,no
1754968045475,1754968045,KXMLBGAME-25AUG11AZTEX-AZ,1,99,15,yes
1754968050199,1754968050,KXMLBGAME-25AUG11AZTEX-TEX,99,1,50,no
1754968050596,1754968050,KXMLBGAME-25AUG11SDSF-SD,50,50,277,yes
1754968050834,1754968050,KXMLBGAME-25AUG11DETCWS-CWS,5,95,12,yes
1754968050834,1754968050,KXMLBGAME-25AUG11DETCWS-CWS,5,95,44,yes
1754968051285,1754968051,KXMLBGAME-25AUG11DETCWS-DET,98,2,50,yes
1754968051285,1754968051,KXMLBGAME-25AUG11DETCWS-DET,99,1,152,yes
1754968052205,1754968052,KXMLBGAME-25AUG11AZTEX-TEX,99,1,37,no
1754968054775,1754968054,KXMLBGAME-25AUG11DETCWS-CWS,3,97,12,no
1754968055338,1754968055,KXMLBGAME-25AUG11SDSF-SF,53,47,46,yes
1754968055338,1754968055,KXMLBGAME-25AUG11SDSF-SF,53,47,20,yes
1754968055417,1754968055,KXMLBGAME-25AUG11LADLAA-LAD,12,88,235,yes
1754968055417,1754968055,KXMLBGAME-25AUG11LADLAA-LAD,12,88,149,yes
1754968055514,1754968055,KXMLBGAME-25AUG11AZTEX-AZ,1,99,72,yes
1754968057025,1754968056,KXMLBGAME-25AUG11SDSF-SD,47,53,171,yes
1754968058543,1754968058,KXMLBGAME-25AUG11DETCWS-CWS,5,95,15,yes
1754968061265,1754968061,KXMLBGAME-25AUG11LADLAA-LAD,12,88,19,yes
1754968061603,1754968061,KXMLBGAME-25AUG11DETCWS-CWS,2,98,187,no
1754968064695,1754968064,KXMLBGAME-25AUG11AZTEX-TEX,99,1,114,no
1754968065444,1754968065,KXMLBGAME-25AUG11DETCWS-DET,97,3,300,no
1754968065603,1754968065,KXMLBGAME-25AUG11DETCWS-DET,97,3,280,yes
1754968066848,1754968066,KXMLBGAME-25AUG11LADLAA-LAD,12,88,39,yes
1754968069069,1754968068,KXMLBGAME-25AUG11AZTEX-TEX,99,1,4,no
1754968070864,1754968070,KXMLBGAME-25AUG11SDSF-SD,47,53,102,yes
1754968071267,1754968071,KXMLBGAME-25AUG11AZTEX-TEX,99,1,70,no
1754968072350,1754968072,KXMLBGAME-25AUG11DETCWS-DET,97,3,140,yes
1754968072350,1754968072,KXMLBGAME-25AUG11DETCWS-DET,97,3,12,yes
1754968072768,1754968072,KXMLBGAME-25AUG11DETCWS-DET,97,3,4,yes
1754968073359,1754968073,KXMLBGAME-25AUG11LADLAA-LAA,89,11,125,yes
1754968073359,1754968073,KXMLBGAME-25AUG11LADLAA-LAA,90,10,421,yes
1754968074653,1754968074,KXMLBGAME-25AUG11DETCWS-DET,97,3,124,yes
1754968074653,1754968074,KXMLBGAME-25AUG11DETCWS-DET,99,1,780,yes
1754968075634,1754968075,KXMLBGAME-25AUG11DETCWS-DET,96,4,25,no
1754968076153,1754968076,KXMLBGAME-25AUG11DETCWS-DET,99,1,52,yes
1754968076154,1754968076,KXMLBGAME-25AUG11DETCWS-DET,99,1,100,yes
1754968076154,1754968076,KXMLBGAME-25AUG11DETCWS-DET,99,1,20,yes
1754968076154,1754968076,KXMLBGAME-25AUG11DETCWS-DET,99,1,112,yes
1754968077794,1754968077,KXMLBGAME-25AUG11AZTEX-TEX,99,1,3,no
1754968081605,1754968081,KXMLBGAME-25AUG11DETCWS-CWS,1,99,256,no
1754968081605,1754968081,KXMLBGAME-25AUG11DETCWS-CWS,1,99,112,no
1754968081854,1754968081,KXMLBGAME-25AUG11TBATH-TB,87,13,200,yes
1754968082064,1754968082,KXMLBGAME-25AUG11DETCWS-DET,99,1,45,no
1754968083345,1754968083,KXMLBGAME-25AUG11TBATH-ATH,15,85,50,no
1754968083346,1754968083,KXMLBGAME-25AUG11TBATH-ATH,14,86,11,no
1754968087545,1754968087,KXMLBGAME-25AUG11DETCWS-DET,99,1,223,no
1754968087884,1754968087,KXMLBGAME-25AUG11AZTEX-TEX,99,1,67,no
1754968090984,1754968090,KXMLBGAME-25AUG11LADLAA-LAD,11,89,8,yes
1754968091676,1754968091,KXMLBGAME-25AUG11SDSF-SD,45,55,2,no
1754968091676,1754968091,KXMLBGAME-25AUG11SDSF-SD,45,55,35,no
1754968091766,1754968091,KXMLBGAME-25AUG11SDSF-SF,54,46,20,yes
1754968091766,1754968091,KXMLBGAME-25AUG11SDSF-SF,54,46,988,yes
1754968091766,1754968091,KXMLBGAME-25AUG11SDSF-SF,55,45,180,yes
1754968092485,1754968092,KXMLBGAME-25AUG11DETCWS-DET,99,1,677,no
1754968093225,1754968093,KXMLBGAME-25AUG11LADLAA-LAD,11,89,128,yes
1754968093589,1754968093,KXMLBGAME-25AUG11LADLAA-LAA,92,8,108,yes
1754968094135,1754968094,KXMLBGAME-25AUG11LADLAA-LAD,11,89,1,yes
1754968095744,1754968095,KXMLBGAME-25AUG11TBATH-ATH,14,86,6,yes
1754968096313,1754968096,KXMLBGAME-25AUG11DETCWS-DET,99,1,25,no
1754968096896,1754968096,KXMLBGAME-25AUG11LADLAA-LAD,11,89,87,yes
1754968097074,1754968097,KXMLBGAME-25AUG11DETCWS-DET,99,1,93,no
1754968097245,1754968097,KXMLBGAME-25AUG11DETCWS-DET,99,1,61,no
1754968097446,1754968097,KXMLBGAME-25AUG11AZTEX-TEX,99,1,41,no
1754968098845,1754968098,KXMLBGAME-25AUG11DETCWS-DET,99,1,1528,no
1754968101543,1754968101,KXMLBGAME-25AUG11DETCWS-DET,99,1,295,no
1754968103175,1754968103,KXMLBGAME-25AUG11TBATH-TB,86,14,2,yes
1754968109144,1754968109,KXMLBGAME-25AUG11TBATH-TB,87,13,143,yes
1754968110494,1754968110,KXMLBGAME-25AUG11SDSF-SD,49,51,25,yes
1754968112123,1754968112,KXMLBGAME-25AUG11SDSF-SD,49,51,1,yes
1754968115433,1754968115,KXMLBGAME-25AUG11DETCWS-DET,99,1,9,no
1754968116105,1754968116,KXMLBGAME-25AUG11LADLAA-LAD,11,89,42,yes
1754968116206,1754968116,KXMLBGAME-25AUG11LADLAA-LAD,11,89,171,yes
1754968117196,1754968117,KXMLBGAME-25AUG11SDSF-SF,47,53,15,no
1754968119084,1754968119,KXMLBGAME-25AUG11SDSF-SF,48,52,6,yes
1754968121595,1754968121,KXMLBGAME-25AUG11LADLAA-LAD,8,92,28,no
1754968121595,1754968121,KXMLBGAME-25AUG11LADLAA-LAD,8,92,112,no
1754968121595,1754968121,KXMLBGAME-25AUG11LADLAA-LAD,8,92,644,no
1754968124495,1754968124,KXMLBGAME-25AUG11LADLAA-LAD,8,92,25,no
1754968126046,1754968126,KXMLBGAME-25AUG11AZTEX-TEX,99,1,34,no
1754968126114,1754968126,KXMLBGAME-25AUG11AZTEX-TEX,99,1,11,no
1754968126503,1754968126,KXMLBGAME-25AUG11LADLAA-LAD,11,89,8,yes
1754968127704,1754968127,KXMLBGAME-25AUG11TBATH-TB,86,14,223,yes
1754968127704,1754968127,KXMLBGAME-25AUG11TBATH-TB,86,14,39,yes
1754968128584,1754968128,KXMLBGAME-25AUG11AZTEX-TEX,99,1,146,no
1754968130005,1754968129,KXMLBGAME-25AUG11DETCWS-DET,99,1,38,no
1754968131515,1754968131,KXMLBGAME-25AUG11DETCWS-DET,99,1,21,no
1754968131854,1754968131,KXMLBGAME-25AUG11LADLAA-LAD,11,89,47,yes
1754968131854,1754968131,KXMLBGAME-25AUG11LADLAA-LAD,11,89,6,yes
1754968133005,1754968132,KXMLBGAME-25AUG11SDSF-SD,65,35,50,yes
1754968134484,1754968134,KXMLBGAME-25AUG11DETCWS-DET,99,1,8,no
1754968136844,1754968136,KXMLBGAME-25AUG11DETCWS-CWS,1,99,93,yes
1754968136865,1754968136,KXMLBGAME-25AUG11LADLAA-LAD,10,90,47,yes
1754968137516,1754968137,KXMLBGAME-25AUG11LADLAA-LAD,10,90,35,yes
1754968138086,1754968138,KXMLBGAME-25AUG11AZTEX-TEX,99,1,495,no
1754968138384,1754968138,KXMLBGAME-25AUG11LADLAA-LAA,89,11,1,no
1754968138384,1754968138,KXMLBGAME-25AUG11LADLAA-LAA,88,12,30,no
1754968140026,1754968139,KXMLBGAME-25AUG11LADLAA-LAA,91,9,77,yes
1754968143575,1754968143,KXMLBGAME-25AUG11TBATH-TB,89,11,111,yes
1754968144715,1754968144,KXMLBGAME-25AUG11LADLAA-LAD,10,90,47,yes
1754968144865,1754968144,KXMLBGAME-25AUG11DETCWS-DET,99,1,39,no
1754968145236,1754968145,KXMLBGAME-25AUG11TBATH-ATH,14,86,6,yes
1754968146937,1754968146,KXMLBGAME-25AUG11LADLAA-LAD,10,90,94,yes
1754968148635,1754968148,KXMLBGAME-25AUG11DETCWS-CWS,1,99,120,yes
1754968149724,1754968149,KXMLBGAME-25AUG11DETCWS-DET,99,1,530,no
1754968150234,1754968150,KXMLBGAME-25AUG11DETCWS-DET,99,1,124,no
1754968150234,1754968150,KXMLBGAME-25AUG11DETCWS-DET,99,1,64,no
1754968150996,1754968150,KXMLBGAME-25AUG11LADLAA-LAD,8,92,176,yes
1754968152026,1754968151,KXMLBGAME-25AUG11LADLAA-LAD,7,93,40,yes
1754968152026,1754968151,KXMLBGAME-25AUG11LADLAA-LAD,8,92,60,yes
1754968153445,1754968153,KXMLBGAME-25AUG11LADLAA-LAD,8,92,93,yes
1754968155214,1754968155,KXMLBGAME-25AUG11AZTEX-TEX,99,1,16,no
1754968155594,1754968155,KXMLBGAME-25AUG11LADLAA-LAD,4,96,2,no
1754968156726,1754968156,KXMLBGAME-25AUG11LADLAA-LAD,8,92,176,yes
1754968156754,1754968156,KXMLBGAME-25AUG11TBATH-ATH,14,86,4,yes
1754968156754,1754968156,KXMLBGAME-25AUG11TBATH-ATH,14,86,1,yes
1754968156755,1754968156,KXMLBGAME-25AUG11TBATH-ATH,14,86,4,yes
1754968156894,1754968156,KXMLBGAME-25AUG11SDSF-SD,69,31,6,yes
1754968157157,1754968157,KXMLBGAME-25AUG11LADLAA-LAD,8,92,10,yes
1754968157905,1754968157,KXMLBGAME-25AUG11TBATH-ATH,14,86,16,no
1754968160565,1754968160,KXMLBGAME-25AUG11TBATH-ATH,14,86,6,yes
1754968160565,1754968160,KXMLBGAME-25AUG11TBATH-ATH,15,85,57,yes
1754968160865,1754968160,KXMLBGAME-25AUG11SDSF-SD,69,31,13,yes
1754968160985,1754968160,KXMLBGAME-25AUG11DETCWS-DET,99,1,20,no
1754968163271,1754968162,KXMLBGAME-25AUG11SDSF-SF,30,70,201,no
1754968165072,1754968164,KXMLBGAME-25AUG11TBATH-TB,86,14,5,no
1754968165072,1754968164,KXMLBGAME-25AUG11TBATH-TB,86,14,1,no
1754968165073,1754968164,KXMLBGAME-25AUG11TBATH-TB,85,15,41,no
1754968165171,1754968165,KXMLBGAME-25AUG11DETCWS-DET,99,1,50,no
1754968170859,1754968170,KXMLBGAME-25AUG11DETCWS-DET,99,1,156,no
1754968173046,1754968173,KXMLBGAME-25AUG11AZTEX-TEX,99,1,371,no
1754968173518,1754968173,KXMLBGAME-25AUG11LADLAA-LAD,8,92,105,yes
1754968174345,1754968174,KXMLBGAME-25AUG11SDSF-SF,32,68,97,yes
1754968174345,1754968174,KXMLBGAME-25AUG11SDSF-SF,32,68,20,yes
1754968174345,1754968174,KXMLBGAME-25AUG11SDSF-SF,32,68,103,yes
1754968176727,1754968176,KXMLBGAME-25AUG11LADLAA-LAA,94,6,2,yes
1754968176727,1754968176,KXMLBGAME-25AUG11LADLAA-LAA,95,5,41,yes
1754968178157,1754968178,KXMLBGAME-25AUG11SDSF-SF,32,68,136,yes
1754968180145,1754968180,KXMLBGAME-25AUG11AZTEX-TEX,99,1,477,no
1754968180515,1754968180,KXMLBGAME-25AUG11TBATH-TB,88,12,11,yes
1754968181795,1754968181,KXMLBGAME-25AUG11SDSF-SD,67,33,30,no
1754968185225,1754968185,KXMLBGAME-25AUG11DETCWS-DET,99,1,90,no
1754968186084,1754968186,KXMLBGAME-25AUG11SDSF-SD,68,32,2,no
1754968186646,1754968186,KXMLBGAME-25AUG11AZTEX-TEX,99,1,13,no
1754968187435,1754968187,KXMLBGAME-25AUG11DETCWS-DET,99,1,16,no
1754968188534,1754968188,KXMLBGAME-25AUG11SDSF-SD,69,31,14,yes
1754968188995,1754968188,KXMLBGAME-25AUG11LADLAA-LAD,6,94,15,no
1754968189765,1754968189,KXMLBGAME-25AUG11LADLAA-LAD,7,93,300,yes
1754968189765,1754968189,KXMLBGAME-25AUG11LADLAA-LAD,7,93,600,yes
1754968192595,1754968192,KXMLBGAME-25AUG11LADLAA-LAA,95,5,15,yes
1754968193152,1754968193,KXMLBGAME-25AUG11SDSF-SD,69,31,27,yes
1754968193152,1754968193,KXMLBGAME-25AUG11SDSF-SD,69,31,15,yes
1754968193152,1754968193,KXMLBGAME-25AUG11SDSF-SD,70,30,6,yes
1754968194415,1754968194,KXMLBGAME-25AUG11LADLAA-LAD,6,94,113,no
1754968194555,1754968194,KXMLBGAME-25AUG11SDSF-SF,31,69,10,no
1754968194555,1754968194,KXMLBGAME-25AUG11SDSF-SF,30,70,408,no
1754968198324,1754968198,KXMLBGAME-25AUG11SDSF-SF,31,69,2,yes
1754968198324,1754968198,KXMLBGAME-25AUG11SDSF-SF,33,67,8,yes
1754968198525,1754968198,KXMLBGAME-25AUG11LADLAA-LAA,95,5,141,yes
1754968199236,1754968199,KXMLBGAME-25AUG11LADLAA-LAA,95,5,1,yes
1754968200315,1754968200,KXMLBGAME-25AUG11TBATH-TB,87,13,113,yes
1754968201098,1754968200,KXMLBGAME-25AUG11TBATH-TB,87,13,324,yes
1754968201206,1754968201,KXMLBGAME-25AUG11AZTEX-TEX,99,1,547,no
1754968202795,1754968202,KXMLBGAME-25AUG11TBATH-TB,87,13,17,yes
1754968203640,1754968203,KXMLBGAME-25AUG11LADLAA-LAD,7,93,13,yes
1754968207035,1754968206,KXMLBGAME-25AUG11TBATH-ATH,14,86,3,yes
1754968207035,1754968206,KXMLBGAME-25AUG11TBATH-ATH,14,86,30,yes
1754968208374,1754968208,KXMLBGAME-25AUG11SDSF-SF,33,67,14,yes
1754968208706,1754968208,KXMLBGAME-25AUG11LADLAA-LAD,6,94,281,no
1754968209615,1754968209,KXMLBGAME-25AUG11DETCWS-DET,99,1,948,no
1754968209615,1754968209,KXMLBGAME-25AUG11DETCWS-DET,99,1,887,no
1754968210446,1754968210,KXMLBGAME-25AUG11SDSF-SF,32,68,1,yes
1754968210446,1754968210,KXMLBGAME-25AUG11SDSF-SF,33,67,13,yes
1754968211438,1754968211,KXMLBGAME-25AUG11LADLAA-LAD,7,93,67,yes
1754968211905,1754968211,KXMLBGAME-25AUG11DETCWS-DET,99,1,59,no
1754968214047,1754968214,KXMLBGAME-25AUG11LADLAA-LAD,6,94,13,no
1754968214765,1754968214,KXMLBGAME-25AUG11LADLAA-LAD,6,94,478,no
1754968214765,1754968214,KXMLBGAME-25AUG11LADLAA-LAD,6,94,50,no
1754968216964,1754968216,KXMLBGAME-25AUG11LADLAA-LAD,6,94,187,yes
1754968217476,1754968217,KXMLBGAME-25AUG11LADLAA-LAD,6,94,78,yes
1754968217906,1754968217,KXMLBGAME-25AUG11TBATH-ATH,11,89,1,no
1754968218675,1754968218,KXMLBGAME-25AUG11LADLAA-LAA,95,5,604,yes
1754968218675,1754968218,KXMLBGAME-25AUG11LADLAA-LAA,95,5,416,yes
1754968219843,1754968219,KXMLBGAME-25AUG11LADLAA-LAD,5,95,25,no
1754968219945,1754968219,KXMLBGAME-25AUG11SDSF-SF,33,67,43,yes
1754968222406,1754968222,KXMLBGAME-25AUG11SDSF-SD,69,31,112,yes
1754968222406,1754968222,KXMLBGAME-25AUG11SDSF-SD,70,30,29,yes
1754968223995,1754968223,KXMLBGAME-25AUG11LADLAA-LAD,6,94,5,yes
1754968226865,1754968226,KXMLBGAME-25AUG11SDSF-SF,33,67,208,yes
1754968227034,1754968227,KXMLBGAME-25AUG11AZTEX-TEX,99,1,7,no
1754968227158,1754968227,KXMLBGAME-25AUG11AZTEX-TEX,99,1,7,no
1754968228337,1754968228,KXMLBGAME-25AUG11TBATH-ATH,13,87,3,yes
1754968228337,1754968228,KXMLBGAME-25AUG11TBATH-ATH,14,86,17,yes
1754968229109,1754968229,KXMLBGAME-25AUG11LADLAA-LAA,95,5,2,yes
1754968232313,1754968232,KXMLBGAME-25AUG11AZTEX-TEX,99,1,151,no
1754968232335,1754968232,KXMLBGAME-25AUG11LADLAA-LAD,5,95,165,no
1754968233536,1754968233,KXMLBGAME-25AUG11SDSF-SD,70,30,69,yes
1754968235216,1754968235,KXMLBGAME-25AUG11SDSF-SF,30,70,579,no
1754968235216,1754968235,KXMLBGAME-25AUG11SDSF-SF,30,70,112,no
1754968235216,1754968235,KXMLBGAME-25AUG11SDSF-SF,29,71,300,no
1754968235216,1754968235,KXMLBGAME-25AUG11SDSF-SF,28,72,250,no
1754968235216,1754968235,KXMLBGAME-25AUG11SDSF-SF,28,72,619,no
1754968235755,1754968235,KXMLBGAME-25AUG11AZTEX-AZ,1,99,815,yes
1754968237294,1754968237,KXMLBGAME-25AUG11SDSF-SF,32,68,24,yes
1754968238065,1754968238,KXMLBGAME-25AUG11DETCWS-DET,99,1,1829,no
1754968239735,1754968239,KXMLBGAME-25AUG11SDSF-SD,70,30,1084,yes
1754968239735,1754968239,KXMLBGAME-25AUG11SDSF-SD,70,30,400,yes
1754968239735,1754968239,KXMLBGAME-25AUG11SDSF-SD,70,30,112,yes
1754968239735,1754968239,KXMLBGAME-25AUG11SDSF-SD,71,29,400,yes
1754968239735,1754968239,KXMLBGAME-25AUG11SDSF-SD,71,29,200,yes
1754968239735,1754968239,KXMLBGAME-25AUG11SDSF-SD,71,29,300,yes
1754968239735,1754968239,KXMLBGAME-25AUG11SDSF-SD,72,28,26,yes
1754968240798,1754968240,KXMLBGAME-25AUG11SDSF-SF,32,68,276,yes
1754968240798,1754968240,KXMLBGAME-25AUG11SDSF-SF,33,67,88,yes
1754968240798,1754968240,KXMLBGAME-25AUG11SDSF-SF,33,67,24,yes
1754968240798,1754968240,KXMLBGAME-25AUG11SDSF-SF,33,67,14,yes
1754968240798,1754968240,KXMLBGAME-25AUG11SDSF-SF,33,67,24,yes
1754968240824,1754968240,KXMLBGAME-25AUG11TBATH-TB,87,13,2,no
1754968240824,1754968240,KXMLBGAME-25AUG11TBATH-TB,86,14,9,no
1754968242885,1754968242,KXMLBGAME-25AUG11AZTEX-TEX,99,1,333,no
1754968242934,1754968242,KXMLBGAME-25AUG11SDSF-SF,32,68,56,yes
1754968243835,1754968243,KXMLBGAME-25AUG11LADLAA-LAD,6,94,28,yes
1754968243835,1754968243,KXMLBGAME-25AUG11LADLAA-LAD,6,94,50,yes
1754968244985,1754968244,KXMLBGAME-25AUG11SDSF-SD,70,30,5,yes
1754968245683,1754968245,KXMLBGAME-25AUG11AZTEX-AZ,1,99,53,yes
1754968245884,1754968245,KXMLBGAME-25AUG11SDSF-SF,32,68,40,yes
1754968248815,1754968248,KXMLBGAME-25AUG11LADLAA-LAD,6,94,78,yes
1754968250026,1754968249,KXMLBGAME-25AUG11SDSF-SF,32,68,74,yes
1754968250185,1754968250,KXMLBGAME-25AUG11DETCWS-DET,99,1,752,no
1754968250681,1754968250,KXMLBGAME-25AUG11LADLAA-LAD,6,94,72,yes
1754968254294,1754968254,KXMLBGAME-25AUG11LADLAA-LAD,6,94,30,no
1754968254475,1754968254,KXMLBGAME-25AUG11LADLAA-LAD,6,94,20,no
1754968254564,1754968254,KXMLBGAME-25AUG11SDSF-SD,72,28,2,yes
1754968254564,1754968254,KXMLBGAME-25AUG11SDSF-SD,73,27,100,yes
1754968254564,1754968254,KXMLBGAME-25AUG11SDSF-SD,75,25,100,yes
1754968254564,1754968254,KXMLBGAME-25AUG11SDSF-SD,75,25,3,yes
1754968254564,1754968254,KXMLBGAME-25AUG11SDSF-SD,79,21,40,yes
1754968254564,1754968254,KXMLBGAME-25AUG11SDSF-SD,80,20,78,yes
1754968255686,1754968255,KXMLBGAME-25AUG11LADLAA-LAA,95,5,28,no
1754968255694,1754968255,KXMLBGAME-25AUG11LADLAA-LAD,6,94,28,no
1754968255704,1754968255,KXMLBGAME-25AUG11LADLAA-LAA,95,5,28,no
1754968258314,1754968258,KXMLBGAME-25AUG11LADLAA-LAD,5,95,10,no
1754968258314,1754968258,KXMLBGAME-25AUG11LADLAA-LAD,5,95,1,no
1754968258314,1754968258,KXMLBGAME-25AUG11LADLAA-LAD,5,95,79,no
1754968259734,1754968259,KXMLBGAME-25AUG11SDSF-SD,70,30,14,yes
1754968260064,1754968260,KXMLBGAME-25AUG11LADLAA-LAD,6,94,5,yes
1754968260568,1754968260,KXMLBGAME-25AUG11SDSF-SF,36,64,112,no
1754968260568,1754968260,KXMLBGAME-25AUG11SDSF-SF,35,65,250,no
1754968260716,1754968260,KXMLBGAME-25AUG11SDSF-SD,67,33,103,yes
1754968260716,1754968260,KXMLBGAME-25AUG11SDSF-SD,68,32,250,yes
1754968260716,1754968260,KXMLBGAME-25AUG11SDSF-SD,68,32,750,yes
1754968261194,1754968261,KXMLBGAME-25AUG11DETCWS-DET,99,1,32,no
1754968263105,1754968263,KXMLBGAME-25AUG11SDSF-SD,70,30,69,yes
1754968264345,1754968264,KXMLBGAME-25AUG11SDSF-SD,65,35,3,no
1754968264955,1754968264,KXMLBGAME-25AUG11SDSF-SD,64,36,2,no
1754968264956,1754968264,KXMLBGAME-25AUG11LADLAA-LAD,5,95,21,no
1754968266186,1754968266,KXMLBGAME-25AUG11AZTEX-TEX,99,1,3,no
1754968266619,1754968266,KXMLBGAME-25AUG11LADLAA-LAA,95,5,73,no
1754968267026,1754968266,KXMLBGAME-25AUG11SDSF-SD,64,36,15,yes
1754968267736,1754968267,KXMLBGAME-25AUG11LADLAA-LAA,95,5,73,no
1754968273658,1754968273,KXMLBGAME-25AUG11SDSF-SF,37,63,202,yes
1754968273658,1754968273,KXMLBGAME-25AUG11SDSF-SF,37,63,56,yes
1754968277251,1754968277,KXMLBGAME-25AUG11SDSF-SF,37,63,744,yes
1754968277251,1754968277,KXMLBGAME-25AUG11SDSF-SF,38,62,6,yes
1754968279655,1754968279,KXMLBGAME-25AUG11LADLAA-LAA,94,6,2,no
1754968279904,1754968279,KXMLBGAME-25AUG11DETCWS-DET,99,1,71,no
1754968284065,1754968284,KXMLBGAME-25AUG11SDSF-SD,63,37,1,no
1754968284065,1754968284,KXMLBGAME-25AUG11SDSF-SD,62,38,5,no
1754968285155,1754968285,KXMLBGAME-25AUG11SDSF-SD,64,36,45,yes
1754968285724,1754968285,KXMLBGAME-25AUG11TBATH-ATH,11,89,2,no
1754968285724,1754968285,KXMLBGAME-25AUG11TBATH-ATH,10,90,25,no
1754968286986,1754968286,KXMLBGAME-25AUG11TBATH-TB,89,11,111,yes
1754968287135,1754968287,KXMLBGAME-25AUG11SDSF-SF,38,62,106,yes
1754968287135,1754968287,KXMLBGAME-25AUG11SDSF-SF,38,62,6,yes
1754968287135,1754968287,KXMLBGAME-25AUG11SDSF-SF,39,61,300,yes
1754968287135,1754968287,KXMLBGAME-25AUG11SDSF-SF,39,61,250,yes
1754968287135,1754968287,KXMLBGAME-25AUG11SDSF-SF,39,61,750,yes
1754968287135,1754968287,KXMLBGAME-25AUG11SDSF-SF,40,60,64,yes
1754968287734,1754968287,KXMLBGAME-25AUG11AZTEX-TEX,99,1,8,no
1754968288616,1754968288,KXMLBGAME-25AUG11LADLAA-LAD,5,95,37,yes
1754968289275,1754968289,KXMLBGAME-25AUG11DETCWS-DET,99,1,57,no
1754968290696,1754968290,KXMLBGAME-25AUG11SDSF-SD,63,37,1,yes
1754968290696,1754968290,KXMLBGAME-25AUG11SDSF-SD,64,36,61,yes
1754968291225,1754968291,KXMLBGAME-25AUG11LADLAA-LAD,5,95,93,yes
1754968291355,1754968291,KXMLBGAME-25AUG11AZTEX-TEX,99,1,46,no
1754968293736,1754968293,KXMLBGAME-25AUG11SDSF-SF,39,61,112,yes
1754968293736,1754968293,KXMLBGAME-25AUG11SDSF-SF,39,61,203,yes
1754968297446,1754968297,KXMLBGAME-25AUG11LADLAA-LAD,5,95,2,yes
1754968300446,1754968300,KXMLBGAME-25AUG11SDSF-SD,64,36,7,yes
1754968300527,1754968300,KXMLBGAME-25AUG11SDSF-SD,64,36,97,yes
1754968301904,1754968301,KXMLBGAME-25AUG11LADLAA-LAD,5,95,32,yes
1754968302265,1754968302,KXMLBGAME-25AUG11AZTEX-AZ,1,99,120,yes
1754968303305,1754968303,KXMLBGAME-25AUG11SDSF-SF,39,61,24,yes
1754968306074,1754968306,KXMLBGAME-25AUG11LADLAA-LAD,5,95,136,yes
1754968306074,1754968306,KXMLBGAME-25AUG11LADLAA-LAD,6,94,34,yes
1754968307144,1754968307,KXMLBGAME-25AUG11DETCWS-DET,99,1,74,no
1754968308374,1754968308,KXMLBGAME-25AUG11LADLAA-LAD,6,94,125,yes
1754968309045,1754968309,KXMLBGAME-25AUG11SDSF-SF,39,61,14,yes
1754968310335,1754968310,KXMLBGAME-25AUG11TBATH-ATH,10,90,104,no
1754968311158,1754968311,KXMLBGAME-25AUG11LADLAA-LAD,5,95,5,yes
1754968313505,1754968313,KXMLBGAME-25AUG11SDSF-SF,39,61,67,yes
1754968313505,1754968313,KXMLBGAME-25AUG11SDSF-SF,39,61,178,yes
1754968316065,1754968316,KXMLBGAME-25AUG11SDSF-SF,39,61,120,yes
1754968317536,1754968317,KXMLBGAME-25AUG11SDSF-SD,62,38,50,no
1754968317536,1754968317,KXMLBGAME-25AUG11SDSF-SD,61,39,173,no
1754968317796,1754968317,KXMLBGAME-25AUG11LADLAA-LAD,5,95,295,yes
1754968317796,1754968317,KXMLBGAME-25AUG11LADLAA-LAD,6,94,19,yes
1754968323725,1754968323,KXMLBGAME-25AUG11SDSF-SF,39,61,50,yes
1754968323955,1754968323,KXMLBGAME-25AUG11LADLAA-LAD,6,94,860,yes
1754968324616,1754968324,KXMLBGAME-25AUG11SDSF-SF,39,61,250,yes
1754968324616,1754968324,KXMLBGAME-25AUG11SDSF-SF,40,60,49,yes
1754968326135,1754968326,KXMLBGAME-25AUG11SDSF-SF,40,60,35,yes
1754968327237,1754968327,KXMLBGAME-25AUG11TBATH-ATH,13,87,1,yes
1754968327237,1754968327,KXMLBGAME-25AUG11TBATH-ATH,14,86,253,yes
1754968327237,1754968327,KXMLBGAME-25AUG11TBATH-ATH,14,86,82,yes
1754968329435,1754968329,KXMLBGAME-25AUG11AZTEX-AZ,1,99,93,yes
1754968329575,1754968329,KXMLBGAME-25AUG11LADLAA-LAD,6,94,19,yes
1754968329575,1754968329,KXMLBGAME-25AUG11LADLAA-LAD,6,94,43,yes
1754968330285,1754968330,KXMLBGAME-25AUG11SDSF-SD,64,36,2,yes
1754968330605,1754968330,KXMLBGAME-25AUG11SDSF-SF,39,61,24,yes
1754968330964,1754968330,KXMLBGAME-25AUG11LADLAA-LAD,5,95,29,no
1754968331186,1754968331,KXMLBGAME-25AUG11TBATH-TB,89,11,200,yes
1754968331186,1754968331,KXMLBGAME-25AUG11TBATH-TB,89,11,400,yes
1754968331186,1754968331,KXMLBGAME-25AUG11TBATH-TB,90,10,200,yes
1754968331186,1754968331,KXMLBGAME-25AUG11TBATH-TB,90,10,309,yes
1754968331414,1754968331,KXMLBGAME-25AUG11LADLAA-LAA,96,4,70,yes
1754968336657,1754968336,KXMLBGAME-25AUG11LADLAA-LAA,96,4,70,yes
1754968336954,1754968336,KXMLBGAME-25AUG11SDSF-SF,39,61,122,yes
1754968339476,1754968339,KXMLBGAME-25AUG11SDSF-SF,39,61,154,yes
1754968339476,1754968339,KXMLBGAME-25AUG11SDSF-SF,40,60,200,yes
1754968339476,1754968339,KXMLBGAME-25AUG11SDSF-SF,40,60,1188,yes
1754968339476,1754968339,KXMLBGAME-25AUG11SDSF-SF,40,60,400,yes
1754968339476,1754968339,KXMLBGAME-25AUG11SDSF-SF,40,60,79,yes
1754968339476,1754968339,KXMLBGAME-25AUG11SDSF-SF,40,60,799,yes
1754968344846,1754968344,KXMLBGAME-25AUG11SDSF-SF,39,61,4,yes
1754968347504,1754968347,KXMLBGAME-25AUG11TBATH-ATH,12,88,20,yes
1754968347784,1754968347,KXMLBGAME-25AUG11AZTEX-AZ,1,99,935,yes
1754968348324,1754968348,KXMLBGAME-25AUG11SDSF-SD,63,37,5,yes
1754968355635,1754968355,KXMLBGAME-25AUG11LADLAA-LAD,5,95,471,no
1754968355635,1754968355,KXMLBGAME-25AUG11LADLAA-LAD,4,96,112,no
1754968355635,1754968355,KXMLBGAME-25AUG11LADLAA-LAD,4,96,500,no
1754968355635,1754968355,KXMLBGAME-25AUG11LADLAA-LAD,4,96,125,no
1754968355635,1754968355,KXMLBGAME-25AUG11LADLAA-LAD,2,98,5,no
1754968356584,1754968356,KXMLBGAME-25AUG11LADLAA-LAD,3,97,112,no
1754968356584,1754968356,KXMLBGAME-25AUG11LADLAA-LAD,2,98,995,no
1754968356584,1754968356,KXMLBGAME-25AUG11LADLAA-LAD,2,98,263,no
1754968357465,1754968357,KXMLBGAME-25AUG11AZTEX-AZ,1,99,467,yes
1754968360325,1754968360,KXMLBGAME-25AUG11DETCWS-DET,99,1,228,no
1754968360774,1754968360,KXMLBGAME-25AUG11LADLAA-LAA,95,5,36,no
1754968365476,1754968365,KXMLBGAME-25AUG11AZTEX-TEX,99,1,45,no
1754968368344,1754968368,KXMLBGAME-25AUG11LADLAA-LAD,5,95,50,yes
1754968370124,1754968370,KXMLBGAME-25AUG11LADLAA-LAD,5,95,93,yes
1754968371505,1754968371,KXMLBGAME-25AUG11SDSF-SD,62,38,157,yes
1754968372866,1754968372,KXMLBGAME-25AUG11TBATH-ATH,23,77,1,yes
1754968372866,1754968372,KXMLBGAME-25AUG11TBATH-ATH,25,75,6,yes
1754968373660,1754968373,KXMLBGAME-25AUG11SDSF-SF,39,61,122,yes
1754968374568,1754968374,KXMLBGAME-25AUG11AZTEX-AZ,1,99,930,yes
1754968374867,1754968374,KXMLBGAME-25AUG11LADLAA-LAD,5,95,157,yes
1754968374867,1754968374,KXMLBGAME-25AUG11LADLAA-LAD,6,94,58,yes
1754968374867,1754968374,KXMLBGAME-25AUG11LADLAA-LAD,6,94,123,yes
1754968380960,1754968380,KXMLBGAME-25AUG11LADLAA-LAD,5,95,93,yes
1754968381859,1754968381,KXMLBGAME-25AUG11AZTEX-TEX,99,1,72,no
1754968382682,1754968382,KXMLBGAME-25AUG11SDSF-SF,39,61,174,yes
1754968382682,1754968382,KXMLBGAME-25AUG11SDSF-SF,40,60,79,yes
1754968387874,1754968387,KXMLBGAME-25AUG11LADLAA-LAD,5,95,93,yes
1754968387955,1754968387,KXMLBGAME-25AUG11SDSF-SD,62,38,31,yes
1754968389174,1754968389,KXMLBGAME-25AUG11LADLAA-LAD,5,95,93,yes
1754968389455,1754968389,KXMLBGAME-25AUG11TBATH-ATH,12,88,7,yes
1754968391024,1754968390,KXMLBGAME-25AUG11SDSF-SD,62,38,12,yes
1754968391024,1754968390,KXMLBGAME-25AUG11SDSF-SD,62,38,400,yes
1754968391024,1754968390,KXMLBGAME-25AUG11SDSF-SD,62,38,79,yes
1754968392235,1754968392,KXMLBGAME-25AUG11LADLAA-LAA,94,6,44,no
1754968392235,1754968392,KXMLBGAME-25AUG11LADLAA-LAA,94,6,12,no
1754968395804,1754968395,KXMLBGAME-25AUG11LADLAA-LAD,3,97,48,no
1754968396287,1754968396,KXMLBGAME-25AUG11SDSF-SF,38,62,5,no
1754968398335,1754968398,KXMLBGAME-25AUG11LADLAA-LAA,94,6,27,no
1754968399264,1754968399,KXMLBGAME-25AUG11DETCWS-DET,99,1,87,no
1754968400805,1754968400,KXMLBGAME-25AUG11LADLAA-LAD,5,95,187,yes
1754968401235,1754968401,KXMLBGAME-25AUG11SDSF-SF,38,62,25,yes
1754968403270,1754968403,KXMLBGAME-25AUG11SDSF-SF,38,62,42,yes
1754968403727,1754968403,KXMLBGAME-25AUG11SDSF-SD,64,36,112,yes
1754968403727,1754968403,KXMLBGAME-25AUG11SDSF-SD,64,36,2,yes
1754968403727,1754968403,KXMLBGAME-25AUG11SDSF-SD,64,36,38,yes
1754968405076,1754968405,KXMLBGAME-25AUG11LADLAA-LAD,5,95,200,yes
1754968405076,1754968405,KXMLBGAME-25AUG11LADLAA-LAD,6,94,28,yes
1754968405076,1754968405,KXMLBGAME-25AUG11LADLAA-LAD,6,94,22,yes
1754968407036,1754968406,KXMLBGAME-25AUG11LADLAA-LAD,4,96,20,yes
1754968407644,1754968407,KXMLBGAME-25AUG11TBATH-ATH,12,88,30,yes
1754968411035,1754968411,KXMLBGAME-25AUG11AZTEX-TEX,99,1,25,no
1754968412457,1754968412,KXMLBGAME-25AUG11SDSF-SD,64,36,19,yes
1754968412457,1754968412,KXMLBGAME-25AUG11SDSF-SD,64,36,11,yes
1754968412535,1754968412,KXMLBGAME-25AUG11SDSF-SD,64,36,701,yes
1754968412616,1754968412,KXMLBGAME-25AUG11LADLAA-LAA,96,4,50,yes
1754968413626,1754968413,KXMLBGAME-25AUG11SDSF-SD,64,36,25,yes
1754968413795,1754968413,KXMLBGAME-25AUG11LADLAA-LAD,4,96,234,yes
1754968414014,1754968413,KXMLBGAME-25AUG11SDSF-SD,64,36,30,yes
1754968414333,1754968414,KXMLBGAME-25AUG11SDSF-SF,38,62,7,yes
1754968415685,1754968415,KXMLBGAME-25AUG11AZTEX-AZ,1,99,93,yes
1754968416955,1754968416,KXMLBGAME-25AUG11LADLAA-LAD,3,97,21,no
1754968417104,1754968417,KXMLBGAME-25AUG11LADLAA-LAD,4,96,100,yes
1754968418534,1754968418,KXMLBGAME-25AUG11LADLAA-LAA,96,4,10,yes
1754968418534,1754968418,KXMLBGAME-25AUG11LADLAA-LAA,96,4,40,yes
1754968418666,1754968418,KXMLBGAME-25AUG11SDSF-SF,37,63,4,yes
1754968424235,1754968424,KXMLBGAME-25AUG11SDSF-SF,36,64,2,no
1754968424235,1754968424,KXMLBGAME-25AUG11SDSF-SF,35,65,112,no
1754968424235,1754968424,KXMLBGAME-25AUG11SDSF-SF,35,65,131,no
1754968425398,1754968425,KXMLBGAME-25AUG11LADLAA-LAD,3,97,103,no
1754968428004,1754968427,KXMLBGAME-25AUG11LADLAA-LAD,4,96,146,yes
1754968428004,1754968427,KXMLBGAME-25AUG11LADLAA-LAD,5,95,70,yes
1754968430316,1754968430,KXMLBGAME-25AUG11TBATH-TB,89,11,33,yes
1754968431087,1754968431,KXMLBGAME-25AUG11DETCWS-DET,99,1,33,no
1754968432424,1754968432,KXMLBGAME-25AUG11LADLAA-LAA,96,4,62,yes
1754968433184,1754968433,KXMLBGAME-25AUG11SDSF-SF,37,63,1,no
1754968437804,1754968437,KXMLBGAME-25AUG11SDSF-SF,34,66,35,yes
1754968442735,1754968442,KXMLBGAME-25AUG11LADLAA-LAD,5,95,230,yes
1754968442735,1754968442,KXMLBGAME-25AUG11LADLAA-LAD,5,95,200,yes
1754968442735,1754968442,KXMLBGAME-25AUG11LADLAA-LAD,6,94,11,yes
1754968442735,1754968442,KXMLBGAME-25AUG11LADLAA-LAD,6,94,21,yes
1754968444104,1754968444,KXMLBGAME-25AUG11LADLAA-LAA,96,4,5,yes
1754968446685,1754968446,KXMLBGAME-25AUG11SDSF-SF,34,66,26,yes
1754968448835,1754968448,KXMLBGAME-25AUG11LADLAA-LAD,5,95,190,yes
1754968449094,1754968448,KXMLBGAME-25AUG11TBATH-TB,89,11,50,yes
1754968452056,1754968452,KXMLBGAME-25AUG11AZTEX-TEX,99,1,78,no
1754968452215,1754968452,KXMLBGAME-25AUG11LADLAA-LAA,95,5,49,no
1754968452424,1754968452,KXMLBGAME-25AUG11DETCWS-DET,99,1,667,no
1754968454795,1754968454,KXMLBGAME-25AUG11LADLAA-LAA,96,4,18,yes
1754968454795,1754968454,KXMLBGAME-25AUG11LADLAA-LAA,97,3,514,yes
1754968456463,1754968456,KXMLBGAME-25AUG11DETCWS-DET,99,1,42,no
1754968463274,1754968463,KXMLBGAME-25AUG11SDSF-SD,66,34,17,no
1754968463965,1754968463,KXMLBGAME-25AUG11LADLAA-LAA,95,5,36,no
1754968465064,1754968465,KXMLBGAME-25AUG11LADLAA-LAD,5,95,93,yes
1754968465335,1754968465,KXMLBGAME-25AUG11LADLAA-LAD,2,98,10,no
1754968471363,1754968471,KXMLBGAME-25AUG11SDSF-SF,34,66,210,yes
1754968471954,1754968471,KXMLBGAME-25AUG11DETCWS-DET,99,1,22,no
1754968476135,1754968476,KXMLBGAME-25AUG11SDSF-SF,34,66,2,yes
1754968477025,1754968476,KXMLBGAME-25AUG11LADLAA-LAD,5,95,107,yes
1754968477025,1754968476,KXMLBGAME-25AUG11LADLAA-LAD,5,95,114,yes
1754968478472,1754968478,KXMLBGAME-25AUG11DETCWS-DET,99,1,419,no
1754968481265,1754968481,KXMLBGAME-25AUG11SDSF-SF,33,67,1,no
1754968481560,1754968481,KXMLBGAME-25AUG11DETCWS-DET,99,1,9,no
1754968484863,1754968484,KXMLBGAME-25AUG11SDSF-SD,69,31,200,yes
1754968484863,1754968484,KXMLBGAME-25AUG11SDSF-SD,69,31,400,yes
1754968484863,1754968484,KXMLBGAME-25AUG11SDSF-SD,69,31,337,yes
1754968490785,1754968490,KXMLBGAME-25AUG11DETCWS-DET,99,1,64,no
1754968491504,1754968491,KXMLBGAME-25AUG11LADLAA-LAD,5,95,186,yes
1754968496774,1754968496,KXMLBGAME-25AUG11LADLAA-LAA,97,3,1,yes
1754968497065,1754968496,KXMLBGAME-25AUG11TBATH-TB,90,10,11,yes
1754968500796,1754968500,KXMLBGAME-25AUG11AZTEX-TEX,99,1,24,no
1754968507785,1754968507,KXMLBGAME-25AUG11SDSF-SD,70,30,53,yes
1754968507867,1754968507,KXMLBGAME-25AUG11TBATH-TB,90,10,112,yes
1754968507867,1754968507,KXMLBGAME-25AUG11TBATH-TB,91,9,161,yes
1754968508495,1754968508,KXMLBGAME-25AUG11SDSF-SF,30,70,21,no
1754968512005,1754968511,KXMLBGAME-25AUG11SDSF-SD,69,31,38,yes
1754968512646,1754968512,KXMLBGAME-25AUG11SDSF-SD,69,31,35,yes
1754968514414,1754968514,KXMLBGAME-25AUG11LADLAA-LAD,5,95,184,yes
1754968515505,1754968515,KXMLBGAME-25AUG11SDSF-SF,31,69,112,yes
1754968515505,1754968515,KXMLBGAME-25AUG11SDSF-SF,32,68,171,yes
1754968516604,1754968516,KXMLBGAME-25AUG11SDSF-SF,31,69,80,yes
1754968516873,1754968516,KXMLBGAME-25AUG11SDSF-SD,69,31,1,yes
1754968518790,1754968518,KXMLBGAME-25AUG11SDSF-SF,30,70,1,no
1754968518790,1754968518,KXMLBGAME-25AUG11SDSF-SF,29,71,300,no
1754968518790,1754968518,KXMLBGAME-25AUG11SDSF-SF,29,71,637,no
1754968520454,1754968520,KXMLBGAME-25AUG11LADLAA-LAD,5,95,37,yes
1754968521247,1754968521,KXMLBGAME-25AUG11SDSF-SF,30,70,1,no
1754968521247,1754968521,KXMLBGAME-25AUG11SDSF-SF,29,71,2,no
1754968522055,1754968522,KXMLBGAME-25AUG11SDSF-SF,31,69,46,yes
1754968523376,1754968523,KXMLBGAME-25AUG11SDSF-SD,71,29,69,yes
1754968523604,1754968523,KXMLBGAME-25AUG11SDSF-SD,71,29,20,yes
1754968523605,1754968523,KXMLBGAME-25AUG11LADLAA-LAA,96,4,6,yes
1754968524244,1754968524,KXMLBGAME-25AUG11LADLAA-LAA,96,4,44,no
1754968524675,1754968524,KXMLBGAME-25AUG11LADLAA-LAA,95,5,11,yes
1754968526536,1754968526,KXMLBGAME-25AUG11SDSF-SF,31,69,154,yes
1754968526536,1754968526,KXMLBGAME-25AUG11SDSF-SF,31,69,400,yes
1754968526536,1754968526,KXMLBGAME-25AUG11SDSF-SF,32,68,129,yes
1754968526536,1754968526,KXMLBGAME-25AUG11SDSF-SF,32,68,250,yes
1754968526536,1754968526,KXMLBGAME-25AUG11SDSF-SF,32,68,87,yes
1754968526536,1754968526,KXMLBGAME-25AUG11SDSF-SF,33,67,473,yes
1754968529295,1754968529,KXMLBGAME-25AUG11AZTEX-TEX,99,1,40,no
1754968532974,1754968532,KXMLBGAME-25AUG11SDSF-SD,71,29,41,yes
1754968533977,1754968533,KXMLBGAME-25AUG11LADLAA-LAA,95,5,300,no
1754968534065,1754968533,KXMLBGAME-25AUG11LADLAA-LAD,5,95,1236,yes
1754968536054,1754968536,KXMLBGAME-25AUG11SDSF-SD,71,29,259,yes
1754968536054,1754968536,KXMLBGAME-25AUG11SDSF-SD,71,29,98,yes
1754968537734,1754968537,KXMLBGAME-25AUG11SDSF-SF,31,69,15,yes
1754968538035,1754968538,KXMLBGAME-25AUG11DETCWS-DET,99,1,125,no
1754968538455,1754968538,KXMLBGAME-25AUG11SDSF-SF,31,69,59,yes
1754968538915,1754968538,KXMLBGAME-25AUG11LADLAA-LAD,6,94,104,yes
1754968538915,1754968538,KXMLBGAME-25AUG11LADLAA-LAD,6,94,514,yes
1754968538915,1754968538,KXMLBGAME-25AUG11LADLAA-LAD,8,92,250,yes
1754968538915,1754968538,KXMLBGAME-25AUG11LADLAA-LAD,8,92,460,yes
1754968547535,1754968547,KXMLBGAME-25AUG11LADLAA-LAD,3,97,20,no
1754968547964,1754968547,KXMLBGAME-25AUG11SDSF-SD,71,29,121,yes
1754968549185,1754968549,KXMLBGAME-25AUG11LADLAA-LAD,5,95,37,yes
1754968549185,1754968549,KXMLBGAME-25AUG11LADLAA-LAD,6,94,57,yes
1754968549185,1754968549,KXMLBGAME-25AUG11LADLAA-LAD,6,94,1475,yes
1754968549967,1754968549,KXMLBGAME-25AUG11SDSF-SF,31,69,16,yes
1754968549967,1754968549,KXMLBGAME-25AUG11SDSF-SF,31,69,11,yes
1754968549967,1754968549,KXMLBGAME-25AUG11SDSF-SF,31,69,44,yes
1754968549967,1754968549,KXMLBGAME-25AUG11SDSF-SF,31,69,300,yes
1754968549967,1754968549,KXMLBGAME-25AUG11SDSF-SF,31,69,90,yes
1754968551585,1754968551,KXMLBGAME-25AUG11LADLAA-LAA,96,4,112,yes
1754968551585,1754968551,KXMLBGAME-25AUG11LADLAA-LAA,97,3,9,yes
1754968552102,1754968552,KXMLBGAME-25AUG11SDSF-SD,71,29,6,yes
1754968553836,1754968553,KXMLBGAME-25AUG11LADLAA-LAD,6,94,78,yes
1754968553944,1754968553,KXMLBGAME-25AUG11TBATH-ATH,12,88,16,yes
1754968553944,1754968553,KXMLBGAME-25AUG11TBATH-ATH,12,88,70,yes
1754968554525,1754968554,KXMLBGAME-25AUG11LADLAA-LAD,6,94,31,yes
1754968556976,1754968556,KXMLBGAME-25AUG11LADLAA-LAA,97,3,200,yes
1754968557385,1754968557,KXMLBGAME-25AUG11LADLAA-LAD,6,94,300,yes
1754968557385,1754968557,KXMLBGAME-25AUG11LADLAA-LAD,6,94,5,yes
1754968557385,1754968557,KXMLBGAME-25AUG11LADLAA-LAD,6,94,43,yes
1754968557385,1754968557,KXMLBGAME-25AUG11LADLAA-LAD,6,94,400,yes
1754968557385,1754968557,KXMLBGAME-25AUG11LADLAA-LAD,6,94,200,yes
1754968557385,1754968557,KXMLBGAME-25AUG11LADLAA-LAD,6,94,28,yes
1754968557385,1754968557,KXMLBGAME-25AUG11LADLAA-LAD,6,94,587,yes
1754968558214,1754968558,KXMLBGAME-25AUG11LADLAA-LAD,3,97,88,no
1754968558485,1754968558,KXMLBGAME-25AUG11AZTEX-TEX,99,1,351,no
1754968559645,1754968559,KXMLBGAME-25AUG11LADLAA-LAA,96,4,200,yes
1754968559645,1754968559,KXMLBGAME-25AUG11LADLAA-LAA,96,4,203,yes
1754968564796,1754968564,KXMLBGAME-25AUG11TBATH-TB,89,11,122,yes
1754968569506,1754968569,KXMLBGAME-25AUG11TBATH-ATH,11,89,3,no
1754968569595,1754968569,KXMLBGAME-25AUG11SDSF-SD,72,28,4,yes
1754968571115,1754968571,KXMLBGAME-25AUG11TBATH-TB,89,11,10,yes
1754968571604,1754968571,KXMLBGAME-25AUG11LADLAA-LAD,5,95,150,yes
1754968572756,1754968572,KXMLBGAME-25AUG11TBATH-ATH,12,88,78,yes
1754968576206,1754968576,KXMLBGAME-25AUG11SDSF-SD,72,28,27,yes
1754968576955,1754968576,KXMLBGAME-25AUG11LADLAA-LAA,94,6,41,no
1754968577043,1754968577,KXMLBGAME-25AUG11TBATH-ATH,12,88,322,yes
1754968577043,1754968577,KXMLBGAME-25AUG11TBATH-ATH,12,88,709,yes
1754968577043,1754968577,KXMLBGAME-25AUG11TBATH-ATH,13,87,30,yes
1754968577043,1754968577,KXMLBGAME-25AUG11TBATH-ATH,13,87,300,yes
1754968577043,1754968577,KXMLBGAME-25AUG11TBATH-ATH,14,86,169,yes
1754968581929,1754968581,KXMLBGAME-25AUG11SDSF-SD,70,30,500,no
1754968581930,1754968581,KXMLBGAME-25AUG11SDSF-SD,69,31,4,no
1754968581930,1754968581,KXMLBGAME-25AUG11SDSF-SD,69,31,60,no
1754968581930,1754968581,KXMLBGAME-25AUG11SDSF-SD,67,33,10,no
1754968581930,1754968581,KXMLBGAME-25AUG11SDSF-SD,66,34,11,no
1754968582036,1754968582,KXMLBGAME-25AUG11SDSF-SD,69,31,45,no
1754968582216,1754968582,KXMLBGAME-25AUG11SDSF-SD,67,33,10,no
1754968584694,1754968584,KXMLBGAME-25AUG11SDSF-SF,41,59,1,yes
1754968586214,1754968586,KXMLBGAME-25AUG11SDSF-SD,73,27,197,yes
1754968588858,1754968588,KXMLBGAME-25AUG11SDSF-SD,71,29,69,yes
1754968588858,1754968588,KXMLBGAME-25AUG11SDSF-SD,66,34,5,no
1754968591665,1754968591,KXMLBGAME-25AUG11SDSF-SF,40,60,6,no
1754968591665,1754968591,KXMLBGAME-25AUG11SDSF-SD,66,34,6,no
1754968592874,1754968592,KXMLBGAME-25AUG11LADLAA-LAA,94,6,84,no
1754968592874,1754968592,KXMLBGAME-25AUG11LADLAA-LAA,94,6,43,no
1754968592874,1754968592,KXMLBGAME-25AUG11LADLAA-LAA,94,6,118,no
1754968598187,1754968598,KXMLBGAME-25AUG11TBATH-TB,88,12,18,no
1754968600455,1754968600,KXMLBGAME-25AUG11SDSF-SD,60,40,81,yes
1754968603955,1754968603,KXMLBGAME-25AUG11LADLAA-LAD,5,95,60,yes
1754968603956,1754968603,KXMLBGAME-25AUG11LADLAA-LAD,6,94,118,yes
1754968606186,1754968606,KXMLBGAME-25AUG11LADLAA-LAD,4,96,50,no
1754968607556,1754968607,KXMLBGAME-25AUG11TBATH-TB,88,12,1,yes
1754968610017,1754968609,KXMLBGAME-25AUG11LADLAA-LAA,96,4,81,yes
1754968611235,1754968611,KXMLBGAME-25AUG11TBATH-TB,88,12,1,yes
1754968613565,1754968613,KXMLBGAME-25AUG11SDSF-SF,51,49,1,no
1754968614975,1754968614,KXMLBGAME-25AUG11LADLAA-LAA,96,4,10,yes
1754968615073,1754968615,KXMLBGAME-25AUG11TBATH-ATH,12,88,17,no
1754968615435,1754968615,KXMLBGAME-25AUG11LADLAA-LAA,96,4,50,yes
1754968615635,1754968615,KXMLBGAME-25AUG11LADLAA-LAD,3,97,212,no
1754968615635,1754968615,KXMLBGAME-25AUG11LADLAA-LAD,3,97,366,no
1754968616305,1754968616,KXMLBGAME-25AUG11SDSF-SD,49,51,300,yes
1754968616305,1754968616,KXMLBGAME-25AUG11SDSF-SD,50,50,285,yes
1754968616845,1754968616,KXMLBGAME-25AUG11LADLAA-LAD,6,94,3,yes
1754968619496,1754968619,KXMLBGAME-25AUG11DETCWS-DET,99,1,1125,no
1754968621804,1754968621,KXMLBGAME-25AUG11LADLAA-LAA,96,4,50,yes
1754968622005,1754968621,KXMLBGAME-25AUG11SDSF-SF,52,48,93,yes
1754968622445,1754968622,KXMLBGAME-25AUG11AZTEX-TEX,99,1,1,no
1754968624025,1754968623,KXMLBGAME-25AUG11LADLAA-LAD,6,94,197,yes
1754968624025,1754968623,KXMLBGAME-25AUG11LADLAA-LAD,6,94,68,yes
1754968624826,1754968624,KXMLBGAME-25AUG11SDSF-SF,52,48,28,yes
1754968625756,1754968625,KXMLBGAME-25AUG11SDSF-SF,52,48,2,yes
1754968625907,1754968625,KXMLBGAME-25AUG11LADLAA-LAA,96,4,6,yes
1754968625907,1754968625,KXMLBGAME-25AUG11LADLAA-LAA,96,4,118,yes
1754968627235,1754968627,KXMLBGAME-25AUG11SDSF-SF,52,48,186,yes
1754968628885,1754968628,KXMLBGAME-25AUG11LADLAA-LAD,5,95,93,yes
1754968629143,1754968629,KXMLBGAME-25AUG11LADLAA-LAA,96,4,50,yes
1754968629314,1754968629,KXMLBGAME-25AUG11LADLAA-LAD,5,95,18,yes
1754968630143,1754968630,KXMLBGAME-25AUG11DETCWS-DET,99,1,23,no
1754968631125,1754968631,KXMLBGAME-25AUG11LADLAA-LAD,5,95,93,yes
1754968633105,1754968633,KXMLBGAME-25AUG11DETCWS-DET,99,1,173,no
1754968635105,1754968635,KXMLBGAME-25AUG11DETCWS-DET,99,1,502,no
1754968638445,1754968638,KXMLBGAME-25AUG11LADLAA-LAA,96,4,50,yes
1754968640705,1754968640,KXMLBGAME-25AUG11SDSF-SD,50,50,40,yes
1754968641186,1754968641,KXMLBGAME-25AUG11SDSF-SD,50,50,19,yes
1754968642103,1754968642,KXMLBGAME-25AUG11SDSF-SD,50,50,53,yes
1754968642104,1754968642,KXMLBGAME-25AUG11SDSF-SD,50,50,4,yes
1754968643546,1754968643,KXMLBGAME-25AUG11SDSF-SF,51,49,1,yes
1754968646635,1754968646,KXMLBGAME-25AUG11SDSF-SF,51,49,5,yes
1754968648998,1754968648,KXMLBGAME-25AUG11LADLAA-LAA,96,4,1,yes
1754968649185,1754968649,KXMLBGAME-25AUG11SDSF-SF,51,49,100,yes
1754968653985,1754968653,KXMLBGAME-25AUG11SDSF-SF,51,49,200,yes
1754968654625,1754968654,KXMLBGAME-25AUG11SDSF-SD,50,50,36,yes
1754968654625,1754968654,KXMLBGAME-25AUG11SDSF-SD,50,50,19,yes
1754968654625,1754968654,KXMLBGAME-25AUG11SDSF-SD,50,50,41,yes
1754968656674,1754968656,KXMLBGAME-25AUG11SDSF-SF,51,49,3,yes
1754968656734,1754968656,KXMLBGAME-25AUG11SDSF-SD,50,50,96,yes
1754968657074,1754968657,KXMLBGAME-25AUG11SDSF-SF,50,50,289,no
1754968657235,1754968657,KXMLBGAME-25AUG11SDSF-SF,51,49,37,yes
1754968661602,1754968661,KXMLBGAME-25AUG11SDSF-SF,51,49,116,yes
1754968661602,1754968661,KXMLBGAME-25AUG11SDSF-SF,51,49,250,yes
1754968661602,1754968661,KXMLBGAME-25AUG11SDSF-SF,51,49,750,yes
1754968661602,1754968661,KXMLBGAME-25AUG11SDSF-SF,52,48,400,yes
1754968661602,1754968661,KXMLBGAME-25AUG11SDSF-SF,53,47,200,yes
1754968661602,1754968661,KXMLBGAME-25AUG11SDSF-SF,53,47,400,yes
1754968661602,1754968661,KXMLBGAME-25AUG11SDSF-SF,53,47,66,yes
1754968661602,1754968661,KXMLBGAME-25AUG11SDSF-SF,53,47,4,yes
1754968661602,1754968661,KXMLBGAME-25AUG11SDSF-SF,53,47,15,yes
1754968661602,1754968661,KXMLBGAME-25AUG11SDSF-SF,53,47,300,yes
1754968661602,1754968661,KXMLBGAME-25AUG11SDSF-SF,53,47,1033,yes
1754968661602,1754968661,KXMLBGAME-25AUG11SDSF-SF,53,47,24,yes
1754968661602,1754968661,KXMLBGAME-25AUG11SDSF-SF,54,46,200,yes
1754968661602,1754968661,KXMLBGAME-25AUG11SDSF-SF,54,46,3528,yes
1754968664350,1754968664,KXMLBGAME-25AUG11SDSF-SD,50,50,82,yes
1754968665686,1754968665,KXMLBGAME-25AUG11SDSF-SF,52,48,21,yes
1754968667405,1754968667,KXMLBGAME-25AUG11LADLAA-LAD,5,95,56,yes
1754968668704,1754968668,KXMLBGAME-25AUG11TBATH-TB,88,12,112,yes
1754968669525,1754968669,KXMLBGAME-25AUG11SDSF-SD,50,50,218,yes
1754968669525,1754968669,KXMLBGAME-25AUG11SDSF-SD,50,50,112,yes
1754968669525,1754968669,KXMLBGAME-25AUG11SDSF-SD,50,50,800,yes
1754968669525,1754968669,KXMLBGAME-25AUG11SDSF-SD,50,50,400,yes
1754968669525,1754968669,KXMLBGAME-25AUG11SDSF-SD,50,50,21,yes
1754968669525,1754968669,KXMLBGAME-25AUG11SDSF-SD,51,49,400,yes
1754968669525,1754968669,KXMLBGAME-25AUG11SDSF-SD,51,49,200,yes
1754968669525,1754968669,KXMLBGAME-25AUG11SDSF-SD,52,48,600,yes
1754968669525,1754968669,KXMLBGAME-25AUG11SDSF-SD,52,48,400,yes
1754968669525,1754968669,KXMLBGAME-25AUG11SDSF-SD,52,48,200,yes
1754968669525,1754968669,KXMLBGAME-25AUG11SDSF-SD,52,48,998,yes
1754968672715,1754968672,KXMLBGAME-25AUG11SDSF-SF,51,49,189,yes
1754968672905,1754968672,KXMLBGAME-25AUG11SDSF-SD,50,50,300,yes
1754968672905,1754968672,KXMLBGAME-25AUG11SDSF-SD,51,49,200,yes
1754968672905,1754968672,KXMLBGAME-25AUG11SDSF-SD,51,49,400,yes
1754968672905,1754968672,KXMLBGAME-25AUG11SDSF-SD,51,49,112,yes
1754968672905,1754968672,KXMLBGAME-25AUG11SDSF-SD,52,48,348,yes
1754968675587,1754968675,KXMLBGAME-25AUG11SDSF-SD,51,49,45,yes
1754968678514,1754968678,KXMLBGAME-25AUG11LADLAA-LAD,3,97,31,no
1754968678625,1754968678,KXMLBGAME-25AUG11DETCWS-DET,99,1,1177,no
1754968679125,1754968679,KXMLBGAME-25AUG11TBATH-ATH,13,87,38,yes
1754968679589,1754968679,KXMLBGAME-25AUG11SDSF-SD,51,49,22,yes
1754968686248,1754968686,KXMLBGAME-25AUG11SDSF-SD,51,49,3,yes
1754968688126,1754968688,KXMLBGAME-25AUG11TBATH-TB,87,13,862,no
1754968688126,1754968688,KXMLBGAME-25AUG11TBATH-TB,87,13,67,no
1754968688257,1754968688,KXMLBGAME-25AUG11TBATH-ATH,13,87,39,yes
1754968688257,1754968688,KXMLBGAME-25AUG11TBATH-ATH,13,87,1461,yes
1754968691256,1754968691,KXMLBGAME-25AUG11TBATH-TB,88,12,136,yes
1754968691256,1754968691,KXMLBGAME-25AUG11TBATH-TB,89,11,211,yes
1754968691256,1754968691,KXMLBGAME-25AUG11SDSF-SD,51,49,275,yes
1754968691256,1754968691,KXMLBGAME-25AUG11SDSF-SD,52,48,400,yes
1754968691256,1754968691,KXMLBGAME-25AUG11SDSF-SD,52,48,200,yes
1754968691256,1754968691,KXMLBGAME-25AUG11SDSF-SD,52,48,1201,yes
1754968692352,1754968692,KXMLBGAME-25AUG11LADLAA-LAA,96,4,50,yes
1754968697847,1754968697,KXMLBGAME-25AUG11LADLAA-LAD,5,95,106,yes
1754968697847,1754968697,KXMLBGAME-25AUG11LADLAA-LAD,6,94,99,yes
1754968698214,1754968698,KXMLBGAME-25AUG11SDSF-SD,50,50,17,yes
1754968700656,1754968700,KXMLBGAME-25AUG11SDSF-SD,51,49,300,yes
1754968700656,1754968700,KXMLBGAME-25AUG11SDSF-SD,52,48,76,yes
1754968700656,1754968700,KXMLBGAME-25AUG11SDSF-SD,52,48,1,yes
1754968701725,1754968701,KXMLBGAME-25AUG11LADLAA-LAD,6,94,28,yes
1754968703994,1754968703,KXMLBGAME-25AUG11SDSF-SF,51,49,5,yes
1754968704257,1754968704,KXMLBGAME-25AUG11SDSF-SD,51,49,1,yes
1754968704935,1754968704,KXMLBGAME-25AUG11SDSF-SD,51,49,299,yes
1754968704935,1754968704,KXMLBGAME-25AUG11SDSF-SD,52,48,78,yes
1754968709756,1754968709,KXMLBGAME-25AUG11SDSF-SD,52,48,200,yes
1754968709756,1754968709,KXMLBGAME-25AUG11SDSF-SD,52,48,311,yes
1754968710965,1754968710,KXMLBGAME-25AUG11SDSF-SD,52,48,55,yes
1754968711135,1754968711,KXMLBGAME-25AUG11SDSF-SD,52,48,93,yes
1754968715345,1754968715,KXMLBGAME-25AUG11SDSF-SD,52,48,13,yes
1754968717285,1754968717,KXMLBGAME-25AUG11SDSF-SF,51,49,27,yes
1754968717854,1754968717,KXMLBGAME-25AUG11LADLAA-LAD,6,94,105,yes
1754968717854,1754968717,KXMLBGAME-25AUG11LADLAA-LAD,6,94,10,yes
1754968717854,1754968717,KXMLBGAME-25AUG11LADLAA-LAD,6,94,59,yes
1754968717854,1754968717,KXMLBGAME-25AUG11LADLAA-LAD,7,93,400,yes
1754968717854,1754968717,KXMLBGAME-25AUG11LADLAA-LAD,7,93,121,yes
1754968719246,1754968719,KXMLBGAME-25AUG11SDSF-SF,51,49,1,yes
1754968720054,1754968720,KXMLBGAME-25AUG11TBATH-ATH,13,87,362,yes
1754968720115,1754968720,KXMLBGAME-25AUG11LADLAA-LAA,94,6,51,no
1754968722076,1754968722,KXMLBGAME-25AUG11TBATH-ATH,13,87,1,yes
1754968723191,1754968723,KXMLBGAME-25AUG11SDSF-SD,52,48,57,yes
1754968723191,1754968723,KXMLBGAME-25AUG11SDSF-SD,52,48,300,yes
1754968723191,1754968723,KXMLBGAME-25AUG11SDSF-SD,52,48,123,yes
1754968725275,1754968725,KXMLBGAME-25AUG11LADLAA-LAA,95,5,49,yes
1754968725275,1754968725,KXMLBGAME-25AUG11LADLAA-LAA,95,5,1,yes
1754968726976,1754968726,KXMLBGAME-25AUG11LADLAA-LAA,95,5,1,yes
1754968727015,1754968726,KXMLBGAME-25AUG11LADLAA-LAD,6,94,1,yes
1754968732464,1754968732,KXMLBGAME-25AUG11LADLAA-LAA,95,5,50,yes
1754968732720,1754968732,KXMLBGAME-25AUG11LADLAA-LAD,6,94,299,yes
1754968732720,1754968732,KXMLBGAME-25AUG11LADLAA-LAD,7,93,400,yes
1754968733045,1754968733,KXMLBGAME-25AUG11TBATH-TB,89,11,300,yes
1754968733045,1754968733,KXMLBGAME-25AUG11TBATH-TB,89,11,42,yes
1754968733626,1754968733,KXMLBGAME-25AUG11TBATH-TB,89,11,55,yes
1754968735705,1754968735,KXMLBGAME-25AUG11LADLAA-LAA,94,6,98,no
1754968738595,1754968738,KXMLBGAME-25AUG11SDSF-SF,51,49,178,yes
1754968738595,1754968738,KXMLBGAME-25AUG11SDSF-SF,51,49,295,yes
1754968739476,1754968739,KXMLBGAME-25AUG11LADLAA-LAA,95,5,50,yes
1754968739616,1754968739,KXMLBGAME-25AUG11LADLAA-LAD,5,95,1188,no
1754968739867,1754968739,KXMLBGAME-25AUG11TBATH-ATH,14,86,33,yes
1754968739867,1754968739,KXMLBGAME-25AUG11TBATH-ATH,14,86,13,yes
1754968739867,1754968739,KXMLBGAME-25AUG11TBATH-ATH,14,86,99,yes
1754968739944,1754968739,KXMLBGAME-25AUG11SDSF-SF,51,49,50,yes
1754968744854,1754968744,KXMLBGAME-25AUG11LADLAA-LAD,5,95,78,yes
1754968747049,1754968746,KXMLBGAME-25AUG11TBATH-TB,89,11,27,yes
1754968747057,1754968747,KXMLBGAME-25AUG11LADLAA-LAA,96,4,9,yes
1754968749444,1754968749,KXMLBGAME-25AUG11SDSF-SF,51,49,56,yes
1754968750265,1754968750,KXMLBGAME-25AUG11LADLAA-LAD,5,95,375,yes
1754968752795,1754968752,KXMLBGAME-25AUG11AZTEX-TEX,99,1,75,no
1754968756594,1754968756,KXMLBGAME-25AUG11SDSF-SF,51,49,100,yes
1754968756894,1754968756,KXMLBGAME-25AUG11SDSF-SD,50,50,48,no
1754968759824,1754968759,KXMLBGAME-25AUG11SDSF-SD,50,50,57,no
1754968759865,1754968759,KXMLBGAME-25AUG11SDSF-SD,52,48,139,yes
1754968760904,1754968760,KXMLBGAME-25AUG11LADLAA-LAA,94,6,39,no
1754968760904,1754968760,KXMLBGAME-25AUG11LADLAA-LAA,93,7,126,no
1754968762815,1754968762,KXMLBGAME-25AUG11LADLAA-LAA,96,4,103,yes
1754968762815,1754968762,KXMLBGAME-25AUG11LADLAA-LAA,96,4,63,yes
1754968766066,1754968766,KXMLBGAME-25AUG11TBATH-ATH,13,87,108,yes
1754968770155,1754968770,KXMLBGAME-25AUG11SDSF-SD,51,49,68,yes
1754968770584,1754968770,KXMLBGAME-25AUG11LADLAA-LAD,4,96,15,no
1754968771366,1754968771,KXMLBGAME-25AUG11SDSF-SF,51,49,13,yes
1754968772535,1754968772,KXMLBGAME-25AUG11TBATH-TB,90,10,300,yes
1754968772535,1754968772,KXMLBGAME-25AUG11TBATH-TB,91,9,750,yes
1754968772535,1754968772,KXMLBGAME-25AUG11TBATH-TB,91,9,250,yes
1754968772535,1754968772,KXMLBGAME-25AUG11TBATH-TB,91,9,341,yes
1754968773764,1754968773,KXMLBGAME-25AUG11SDSF-SF,50,50,20,no
1754968773764,1754968773,KXMLBGAME-25AUG11SDSF-SF,49,51,474,no
1754968775295,1754968775,KXMLBGAME-25AUG11LADLAA-LAA,96,4,237,yes
1754968775295,1754968775,KXMLBGAME-25AUG11LADLAA-LAA,96,4,9,yes
1754968775295,1754968775,KXMLBGAME-25AUG11LADLAA-LAA,96,4,79,yes
1754968775377,1754968775,KXMLBGAME-25AUG11SDSF-SD,51,49,140,yes
1754968778949,1754968778,KXMLBGAME-25AUG11SDSF-SD,51,49,73,yes
1754968778949,1754968778,KXMLBGAME-25AUG11LADLAA-LAA,96,4,348,yes
1754968778949,1754968778,KXMLBGAME-25AUG11LADLAA-LAA,96,4,66,yes
1754968779996,1754968779,KXMLBGAME-25AUG11SDSF-SF,49,51,461,no
1754968781094,1754968781,KXMLBGAME-25AUG11AZTEX-TEX,99,1,9,no
1754968782316,1754968782,KXMLBGAME-25AUG11SDSF-SD,51,49,5,yes
1754968783995,1754968783,KXMLBGAME-25AUG11LADLAA-LAD,4,96,201,no
1754968788756,1754968788,KXMLBGAME-25AUG11SDSF-SD,51,49,2,yes
1754968790450,1754968790,KXMLBGAME-25AUG11LADLAA-LAD,5,95,93,yes
1754968791016,1754968790,KXMLBGAME-25AUG11SDSF-SD,51,49,212,yes
1754968791405,1754968791,KXMLBGAME-25AUG11LADLAA-LAA,96,4,300,yes
1754968791405,1754968791,KXMLBGAME-25AUG11LADLAA-LAA,97,3,1000,yes
1754968791405,1754968791,KXMLBGAME-25AUG11LADLAA-LAA,97,3,150,yes
1754968791405,1754968791,KXMLBGAME-25AUG11LADLAA-LAA,97,3,470,yes
1754968791504,1754968791,KXMLBGAME-25AUG11SDSF-SF,51,49,18,yes
1754968794269,1754968794,KXMLBGAME-25AUG11SDSF-SF,51,49,18,yes
1754968794569,1754968794,KXMLBGAME-25AUG11SDSF-SD,52,48,1,yes
1754968794950,1754968794,KXMLBGAME-25AUG11SDSF-SD,52,48,60,yes
1754968794950,1754968794,KXMLBGAME-25AUG11SDSF-SD,52,48,400,yes
1754968794950,1754968794,KXMLBGAME-25AUG11SDSF-SD,52,48,250,yes
1754968794950,1754968794,KXMLBGAME-25AUG11SDSF-SD,52,48,657,yes
1754968798749,1754968798,KXMLBGAME-25AUG11SDSF-SD,52,48,47,yes
1754968798749,1754968798,KXMLBGAME-25AUG11SDSF-SD,52,48,4,yes
1754968798749,1754968798,KXMLBGAME-25AUG11SDSF-SD,52,48,300,yes
1754968799069,1754968799,KXMLBGAME-25AUG11LADLAA-LAD,5,95,500,yes
1754968800049,1754968799,KXMLBGAME-25AUG11SDSF-SD,53,47,20,no
1754968800057,1754968799,KXMLBGAME-25AUG11SDSF-SD,52,48,22,no
1754968803925,1754968803,KXMLBGAME-25AUG11TBATH-ATH,11,89,10,yes
1754968804855,1754968804,KXMLBGAME-25AUG11LADLAA-LAD,5,95,18,yes
1754968807355,1754968807,KXMLBGAME-25AUG11LADLAA-LAD,5,95,49,yes
1754968811457,1754968811,KXMLBGAME-25AUG11SDSF-SD,53,47,10,no
1754968813584,1754968813,KXMLBGAME-25AUG11LADLAA-LAD,5,95,131,yes
1754968814276,1754968814,KXMLBGAME-25AUG11SDSF-SF,41,59,50,yes
1754968815489,1754968815,KXMLBGAME-25AUG11SDSF-SD,53,47,10,no
1754968815577,1754968815,KXMLBGAME-25AUG11SDSF-SF,40,60,112,yes
1754968815577,1754968815,KXMLBGAME-25AUG11SDSF-SF,40,60,250,yes
1754968815577,1754968815,KXMLBGAME-25AUG11SDSF-SF,41,59,515,yes
1754968815744,1754968815,KXMLBGAME-25AUG11SDSF-SF,39,61,26,yes
1754968816005,1754968815,KXMLBGAME-25AUG11TBATH-ATH,11,89,8,yes
1754968819185,1754968819,KXMLBGAME-25AUG11LADLAA-LAD,5,95,1,yes
1754968820353,1754968820,KXMLBGAME-25AUG11SDSF-SF,38,62,25,yes
1754968821146,1754968821,KXMLBGAME-25AUG11LADLAA-LAD,5,95,37,yes
1754968821146,1754968821,KXMLBGAME-25AUG11TBATH-ATH,11,89,27,yes
1754968821146,1754968821,KXMLBGAME-25AUG11TBATH-ATH,11,89,300,yes
1754968821146,1754968821,KXMLBGAME-25AUG11TBATH-ATH,11,89,6,yes
1754968823707,1754968823,KXMLBGAME-25AUG11SDSF-SF,38,62,10,yes
1754968824895,1754968824,KXMLBGAME-25AUG11SDSF-SD,64,36,53,yes
1754968826275,1754968826,KXMLBGAME-25AUG11SDSF-SD,63,37,76,yes
1754968828605,1754968828,KXMLBGAME-25AUG11LADLAA-LAD,5,95,18,yes
1754968831865,1754968831,KXMLBGAME-25AUG11SDSF-SF,38,62,136,yes
1754968835154,1754968835,KXMLBGAME-25AUG11SDSF-SF,35,65,50,no
1754968836576,1754968836,KXMLBGAME-25AUG11SDSF-SD,62,38,877,no
1754968836576,1754968836,KXMLBGAME-25AUG11SDSF-SD,62,38,300,no
1754968836915,1754968836,KXMLBGAME-25AUG11SDSF-SF,37,63,12,yes
1754968837596,1754968837,KXMLBGAME-25AUG11TBATH-ATH,12,88,25,yes
1754968837597,1754968837,KXMLBGAME-25AUG11TBATH-ATH,12,88,142,yes
1754968837984,1754968837,KXMLBGAME-25AUG11SDSF-SD,62,38,54,yes
1754968838635,1754968838,KXMLBGAME-25AUG11LADLAA-LAD,5,95,184,yes
1754968842334,1754968842,KXMLBGAME-25AUG11SDSF-SF,38,62,988,yes
1754968843013,1754968842,KXMLBGAME-25AUG11SDSF-SF,38,62,12,yes
1754968845496,1754968845,KXMLBGAME-25AUG11SDSF-SD,62,38,877,yes
1754968846544,1754968846,KXMLBGAME-25AUG11LADLAA-LAD,5,95,93,yes
1754968848186,1754968848,KXMLBGAME-25AUG11TBATH-ATH,10,90,300,no
1754968848564,1754968848,KXMLBGAME-25AUG11SDSF-SD,62,38,31,yes
1754968851004,1754968850,KXMLBGAME-25AUG11TBATH-ATH,9,91,10,no
1754968852614,1754968852,KXMLBGAME-25AUG11TBATH-TB,91,9,10,no
1754968860297,1754968860,KXMLBGAME-25AUG11LADLAA-LAD,5,95,93,yes
1754968860883,1754968860,KXMLBGAME-25AUG11SDSF-SD,62,38,1,yes
1754968862394,1754968862,KXMLBGAME-25AUG11LADLAA-LAA,98,2,58,yes
1754968865374,1754968865,KXMLBGAME-25AUG11LADLAA-LAA,98,2,1,yes
1754968866645,1754968866,KXMLBGAME-25AUG11LADLAA-LAD,5,95,55,yes
1754968867136,1754968867,KXMLBGAME-25AUG11SDSF-SF,38,62,204,yes
1754968869844,1754968869,KXMLBGAME-25AUG11SDSF-SF,39,61,112,yes
1754968869844,1754968869,KXMLBGAME-25AUG11SDSF-SF,40,60,600,yes
1754968869844,1754968869,KXMLBGAME-25AUG11SDSF-SF,40,60,290,yes
1754968870555,1754968870,KXMLBGAME-25AUG11SDSF-SF,39,61,12,yes
1754968871726,1754968871,KXMLBGAME-25AUG11SDSF-SF,39,61,4,yes
1754968873194,1754968873,KXMLBGAME-25AUG11SDSF-SF,39,61,4,yes
1754968873695,1754968873,KXMLBGAME-25AUG11SDSF-SF,39,61,5,yes
1754968874205,1754968874,KXMLBGAME-25AUG11SDSF-SF,39,61,51,yes
1754968875075,1754968875,KXMLBGAME-25AUG11TBATH-ATH,10,90,42,yes
1754968881006,1754968880,KXMLBGAME-25AUG11SDSF-SD,62,38,1037,yes
1754968881006,1754968880,KXMLBGAME-25AUG11SDSF-SD,64,36,107,yes
1754968881006,1754968880,KXMLBGAME-25AUG11SDSF-SD,64,36,200,yes
1754968881006,1754968880,KXMLBGAME-25AUG11SDSF-SD,64,36,211,yes
1754968883064,1754968883,KXMLBGAME-25AUG11LADLAA-LAD,4,96,4,no
1754968883275,1754968883,KXMLBGAME-25AUG11SDSF-SF,38,62,126,yes
1754968887315,1754968887,KXMLBGAME-25AUG11SDSF-SF,39,61,24,yes
1754968887355,1754968887,KXMLBGAME-25AUG11SDSF-SD,65,35,11,no
1754968887355,1754968887,KXMLBGAME-25AUG11SDSF-SD,64,36,13,no
1754968887975,1754968887,KXMLBGAME-25AUG11LADLAA-LAA,97,3,72,yes
1754968889898,1754968889,KXMLBGAME-25AUG11SDSF-SF,52,48,37,yes
1754968889924,1754968889,KXMLBGAME-25AUG11SDSF-SD,64,36,37,no
1754968896058,1754968895,KXMLBGAME-25AUG11LADLAA-LAD,4,96,23,yes
1754968896058,1754968895,KXMLBGAME-25AUG11LADLAA-LAD,4,96,328,yes
1754968897072,1754968896,KXMLBGAME-25AUG11TBATH-ATH,7,93,48,no
1754968898266,1754968898,KXMLBGAME-25AUG11LADLAA-LAD,4,96,351,yes
1754968900062,1754968899,KXMLBGAME-25AUG11AZTEX-TEX,99,1,33,no
1754968901274,1754968901,KXMLBGAME-25AUG11LADLAA-LAA,96,4,47,no
1754968901516,1754968901,KXMLBGAME-25AUG11LADLAA-LAD,4,96,117,yes
1754968902484,1754968902,KXMLBGAME-25AUG11TBATH-ATH,10,90,188,yes
1754968903333,1754968903,KXMLBGAME-25AUG11SDSF-SD,73,27,20,no
1754968903344,1754968903,KXMLBGAME-25AUG11SDSF-SF,30,70,20,no
1754968903443,1754968903,KXMLBGAME-25AUG11SDSF-SF,29,71,1600,no
1754968907056,1754968907,KXMLBGAME-25AUG11LADLAA-LAD,4,96,383,yes
1754968907056,1754968907,KXMLBGAME-25AUG11LADLAA-LAD,4,96,94,yes
1754968907056,1754968907,KXMLBGAME-25AUG11LADLAA-LAD,7,93,62,yes
1754968908993,1754968908,KXMLBGAME-25AUG11SDSF-SD,79,21,6,yes
1754968913036,1754968913,KXMLBGAME-25AUG11SDSF-SD,77,23,6,yes
1754968921766,1754968921,KXMLBGAME-25AUG11TBATH-ATH,10,90,28,yes
1754968922284,1754968922,KXMLBGAME-25AUG11SDSF-SF,24,76,3,yes
1754968923454,1754968923,KXMLBGAME-25AUG11SDSF-SD,76,24,55,no
1754968926206,1754968926,KXMLBGAME-25AUG11TBATH-ATH,10,90,1,yes
1754968929635,1754968929,KXMLBGAME-25AUG11TBATH-ATH,10,90,47,yes
1754968932594,1754968932,KXMLBGAME-25AUG11LADLAA-LAD,3,97,25,no
1754968933345,1754968933,KXMLBGAME-25AUG11TBATH-TB,92,8,15,yes
1754968933654,1754968933,KXMLBGAME-25AUG11LADLAA-LAD,4,96,117,yes
1754968937835,1754968937,KXMLBGAME-25AUG11SDSF-SF,35,65,2,yes
1754968937835,1754968937,KXMLBGAME-25AUG11SDSF-SF,35,65,6,yes
1754968939654,1754968939,KXMLBGAME-25AUG11SDSF-SF,24,76,5,no
1754968939784,1754968939,KXMLBGAME-25AUG11LADLAA-LAD,3,97,50,no
1754968944535,1754968944,KXMLBGAME-25AUG11TBATH-ATH,10,90,36,yes
1754968944535,1754968944,KXMLBGAME-25AUG11TBATH-ATH,10,90,165,yes
1754968946645,1754968946,KXMLBGAME-25AUG11SDSF-SD,80,20,10,yes
1754968948851,1754968948,KXMLBGAME-25AUG11TBATH-TB,92,8,593,yes
1754968952555,1754968952,KXMLBGAME-25AUG11SDSF-SD,80,20,10,yes
1754968953015,1754968952,KXMLBGAME-25AUG11SDSF-SD,80,20,2,yes
1754968953258,1754968953,KXMLBGAME-25AUG11LADLAA-LAD,2,98,490,no
1754968953258,1754968953,KXMLBGAME-25AUG11LADLAA-LAD,2,98,1000,no
1754968953258,1754968953,KXMLBGAME-25AUG11LADLAA-LAD,1,99,1000,no
1754968953258,1754968953,KXMLBGAME-25AUG11LADLAA-LAD,1,99,668,no
1754968954454,1754968954,KXMLBGAME-25AUG11TBATH-ATH,10,90,300,yes
1754968954454,1754968954,KXMLBGAME-25AUG11TBATH-ATH,10,90,217,yes
1754968954714,1754968954,KXMLBGAME-25AUG11TBATH-ATH,10,90,5,yes
1754968955285,1754968955,KXMLBGAME-25AUG11SDSF-SD,83,17,5,yes
1754968955285,1754968955,KXMLBGAME-25AUG11SDSF-SD,84,16,96,yes
1754968955294,1754968955,KXMLBGAME-25AUG11SDSF-SD,84,16,4,yes
1754968955294,1754968955,KXMLBGAME-25AUG11SDSF-SD,85,15,1,yes
1754968955334,1754968955,KXMLBGAME-25AUG11SDSF-SF,18,82,1,no
1754968955334,1754968955,KXMLBGAME-25AUG11SDSF-SD,89,11,1,no
1754968955405,1754968955,KXMLBGAME-25AUG11SDSF-SF,17,83,100,no
1754968955426,1754968955,KXMLBGAME-25AUG11SDSF-SF,14,86,100,no
1754968955457,1754968955,KXMLBGAME-25AUG11SDSF-SD,89,11,201,no
1754968958354,1754968958,KXMLBGAME-25AUG11SDSF-SD,90,10,7,yes
1754968958784,1754968958,KXMLBGAME-25AUG11AZTEX-TEX,99,1,14,no
1754968959565,1754968959,KXMLBGAME-25AUG11SDSF-SF,10,90,5,yes
1754968963014,1754968962,KXMLBGAME-25AUG11SDSF-SD,92,8,71,no
1754968967535,1754968967,KXMLBGAME-25AUG11SDSF-SD,92,8,229,no
1754968967535,1754968967,KXMLBGAME-25AUG11SDSF-SD,91,9,708,no
1754968967896,1754968967,KXMLBGAME-25AUG11LADLAA-LAD,3,97,312,yes
1754968969564,1754968969,KXMLBGAME-25AUG11TBATH-ATH,10,90,141,yes
1754968972066,1754968972,KXMLBGAME-25AUG11TBATH-ATH,10,90,159,yes
1754968972066,1754968972,KXMLBGAME-25AUG11TBATH-ATH,10,90,207,yes
1754968973366,1754968973,KXMLBGAME-25AUG11SDSF-SD,93,7,2,yes
1754968973504,1754968973,KXMLBGAME-25AUG11SDSF-SD,93,7,30,yes
1754968974026,1754968973,KXMLBGAME-25AUG11LADLAA-LAD,3,97,62,yes
1754968976087,1754968976,KXMLBGAME-25AUG11LADLAA-LAD,3,97,107,yes
1754968976087,1754968976,KXMLBGAME-25AUG11LADLAA-LAD,3,97,71,yes
1754968976087,1754968976,KXMLBGAME-25AUG11LADLAA-LAD,3,97,300,yes
1754968976088,1754968976,KXMLBGAME-25AUG11LADLAA-LAD,3,97,22,yes
1754968976088,1754968976,KXMLBGAME-25AUG11LADLAA-LAD,3,97,1060,yes
1754968976955,1754968976,KXMLBGAME-25AUG11TBATH-ATH,10,90,17,yes
1754968978824,1754968978,KXMLBGAME-25AUG11TBATH-ATH,10,90,9,yes
1754968983924,1754968983,KXMLBGAME-25AUG11TBATH-TB,92,8,108,yes
1754968983954,1754968983,KXMLBGAME-25AUG11LADLAA-LAD,3,97,93,yes
1754968987836,1754968987,KXMLBGAME-25AUG11LADLAA-LAD,3,97,5,yes
1754968987836,1754968987,KXMLBGAME-25AUG11LADLAA-LAD,3,97,431,yes
1754968989316,1754968989,KXMLBGAME-25AUG11SDSF-SD,92,8,206,no
1754968992664,1754968992,KXMLBGAME-25AUG11SDSF-SF,9,91,208,yes
1754968992845,1754968992,KXMLBGAME-25AUG11SDSF-SD,93,7,107,yes
1754968994384,1754968994,KXMLBGAME-25AUG11SDSF-SD,92,8,96,no
1754968994426,1754968994,KXMLBGAME-25AUG11SDSF-SD,93,7,26,yes
1754968995517,1754968995,KXMLBGAME-25AUG11SDSF-SF,9,91,5,yes
1754968999558,1754968999,KXMLBGAME-25AUG11LADLAA-LAD,3,97,31,yes
1754969001170,1754969001,KXMLBGAME-25AUG11SDSF-SD,93,7,2,yes
1754969001170,1754969001,KXMLBGAME-25AUG11LADLAA-LAD,3,97,31,yes
1754969005362,1754969005,KXMLBGAME-25AUG11SDSF-SF,8,92,70,yes
1754969008475,1754969008,KXMLBGAME-25AUG11SDSF-SF,8,92,23,yes
1754969009384,1754969009,KXMLBGAME-25AUG11SDSF-SD,92,8,17,no
1754969009445,1754969009,KXMLBGAME-25AUG11SDSF-SD,93,7,80,yes
1754969013095,1754969013,KXMLBGAME-25AUG11SDSF-SF,8,92,23,yes
1754969014535,1754969014,KXMLBGAME-25AUG11TBATH-ATH,10,90,47,yes
1754969016365,1754969016,KXMLBGAME-25AUG11SDSF-SD,93,7,59,yes
1754969018784,1754969018,KXMLBGAME-25AUG11SDSF-SD,93,7,267,yes
1754969019565,1754969019,KXMLBGAME-25AUG11SDSF-SF,8,92,176,yes
1754969023314,1754969023,KXMLBGAME-25AUG11SDSF-SF,7,93,25,no
1754969023835,1754969023,KXMLBGAME-25AUG11SDSF-SF,9,91,10,yes
1754969026235,1754969026,KXMLBGAME-25AUG11SDSF-SF,9,91,1,yes
1754969030395,1754969030,KXMLBGAME-25AUG11SDSF-SD,93,7,400,no
1754969030395,1754969030,KXMLBGAME-25AUG11SDSF-SD,92,8,477,no
1754969030614,1754969030,KXMLBGAME-25AUG11SDSF-SF,7,93,18,no
1754969030885,1754969030,KXMLBGAME-25AUG11LADLAA-LAD,3,97,5,yes
1754969031325,1754969031,KXMLBGAME-25AUG11TBATH-TB,91,9,200,yes
1754969031325,1754969031,KXMLBGAME-25AUG11TBATH-TB,91,9,233,yes
1754969031325,1754969031,KXMLBGAME-25AUG11TBATH-TB,92,8,182,yes
1754969031764,1754969031,KXMLBGAME-25AUG11TBATH-ATH,10,90,253,yes
1754969031764,1754969031,KXMLBGAME-25AUG11TBATH-ATH,11,89,18,yes
1754969031764,1754969031,KXMLBGAME-25AUG11TBATH-ATH,11,89,265,yes
1754969035116,1754969035,KXMLBGAME-25AUG11SDSF-SF,7,93,37,no
1754969035566,1754969035,KXMLBGAME-25AUG11SDSF-SF,8,92,31,yes
1754969040396,1754969040,KXMLBGAME-25AUG11LADLAA-LAD,3,97,124,yes
1754969041666,1754969041,KXMLBGAME-25AUG11SDSF-SD,93,7,107,yes
1754969043247,1754969043,KXMLBGAME-25AUG11SDSF-SF,8,92,117,yes
1754969043745,1754969043,KXMLBGAME-25AUG11TBATH-TB,90,10,2,no
1754969044005,1754969043,KXMLBGAME-25AUG11TBATH-ATH,10,90,18,yes
1754969046055,1754969046,KXMLBGAME-25AUG11SDSF-SF,8,92,300,yes
1754969046055,1754969046,KXMLBGAME-25AUG11SDSF-SF,9,91,600,yes
1754969046055,1754969046,KXMLBGAME-25AUG11SDSF-SF,9,91,177,yes
1754969048646,1754969048,KXMLBGAME-25AUG11SDSF-SF,7,93,20,no
1754969048646,1754969048,KXMLBGAME-25AUG11SDSF-SF,5,95,4,no
1754969050635,1754969050,KXMLBGAME-25AUG11LADLAA-LAD,3,97,69,yes
1754969075546,1754969075,KXMLBGAME-25AUG11LADLAA-LAD,3,97,9,yes
1754969082404,1754969082,KXMLBGAME-25AUG11LADLAA-LAA,97,3,3,no
1754969085656,1754969085,KXMLBGAME-25AUG11SDSF-SD,92,8,210,no
1754969085656,1754969085,KXMLBGAME-25AUG11SDSF-SD,92,8,2,no
1754969085656,1754969085,KXMLBGAME-25AUG11SDSF-SD,92,8,20,no
1754969085656,1754969085,KXMLBGAME-25AUG11SDSF-SD,92,8,300,no
1754969085656,1754969085,KXMLBGAME-25AUG11SDSF-SD,92,8,112,no
1754969085656,1754969085,KXMLBGAME-25AUG11SDSF-SD,90,10,600,no
1754969085656,1754969085,KXMLBGAME-25AUG11SDSF-SD,90,10,877,no
1754969085656,1754969085,KXMLBGAME-25AUG11SDSF-SD,89,11,627,no
1754969089286,1754969089,KXMLBGAME-25AUG11SDSF-SD,93,7,31,yes
1754969092115,1754969092,KXMLBGAME-25AUG11LADLAA-LAD,3,97,62,yes
1754969094944,1754969094,KXMLBGAME-25AUG11LADLAA-LAD,3,97,49,yes
1754969096396,1754969096,KXMLBGAME-25AUG11SDSF-SF,8,92,117,yes
1754969097156,1754969097,KXMLBGAME-25AUG11LADLAA-LAA,98,2,241,yes
1754969097156,1754969097,KXMLBGAME-25AUG11LADLAA-LAA,99,1,1000,yes
1754969097156,1754969097,KXMLBGAME-25AUG11LADLAA-LAA,99,1,300,yes
1754969097156,1754969097,KXMLBGAME-25AUG11LADLAA-LAA,99,1,1000,yes
1754969097156,1754969097,KXMLBGAME-25AUG11LADLAA-LAA,99,1,39,yes
1754969097156,1754969097,KXMLBGAME-25AUG11LADLAA-LAA,99,1,1000,yes
1754969097156,1754969097,KXMLBGAME-25AUG11LADLAA-LAA,99,1,500,yes
1754969097635,1754969097,KXMLBGAME-25AUG11SDSF-SD,91,9,10,no
1754969098775,1754969098,KXMLBGAME-25AUG11SDSF-SD,91,9,13,no
1754969109835,1754969109,KXMLBGAME-25AUG11SDSF-SF,8,92,71,yes
1754969110546,1754969110,KXMLBGAME-25AUG11SDSF-SD,93,7,1,yes
1754969120425,1754969120,KXMLBGAME-25AUG11LADLAA-LAD,3,97,30,yes
1754969121995,1754969121,KXMLBGAME-25AUG11SDSF-SD,93,7,139,yes
1754969127327,1754969127,KXMLBGAME-25AUG11SDSF-SD,93,7,145,yes
1754969127327,1754969127,KXMLBGAME-25AUG11SDSF-SD,93,7,497,yes
1754969127695,1754969127,KXMLBGAME-25AUG11SDSF-SD,93,7,21,yes
1754969134264,1754969134,KXMLBGAME-25AUG11SDSF-SD,92,8,270,no
1754969134824,1754969134,KXMLBGAME-25AUG11SDSF-SF,8,92,11,yes
1754969140546,1754969140,KXMLBGAME-25AUG11SDSF-SD,92,8,2,no
1754969140546,1754969140,KXMLBGAME-25AUG11SDSF-SD,92,8,112,no
1754969140546,1754969140,KXMLBGAME-25AUG11SDSF-SD,92,8,300,no
1754969142024,1754969141,KXMLBGAME-25AUG11SDSF-SD,92,8,18,yes
1754969143155,1754969143,KXMLBGAME-25AUG11SDSF-SF,6,94,2,no
1754969144865,1754969144,KXMLBGAME-25AUG11SDSF-SD,92,8,4,yes
1754969145235,1754969145,KXMLBGAME-25AUG11SDSF-SD,92,8,9,yes
1754969145285,1754969145,KXMLBGAME-25AUG11SDSF-SD,92,8,32,no
1754969148988,1754969148,KXMLBGAME-25AUG11SDSF-SD,94,6,2,yes
1754969148988,1754969148,KXMLBGAME-25AUG11SDSF-SD,94,6,500,yes
1754969148988,1754969148,KXMLBGAME-25AUG11SDSF-SD,95,5,27,yes
1754969152805,1754969152,KXMLBGAME-25AUG11TBATH-ATH,11,89,68,yes
1754969155355,1754969155,KXMLBGAME-25AUG11SDSF-SD,92,8,137,no
1754969155935,1754969155,KXMLBGAME-25AUG11LADLAA-LAA,99,1,232,yes
1754969158496,1754969158,KXMLBGAME-25AUG11LADLAA-LAA,99,1,1,yes
1754969160167,1754969160,KXMLBGAME-25AUG11SDSF-SD,92,8,10,no
1754969163735,1754969163,KXMLBGAME-25AUG11LADLAA-LAA,99,1,3,yes
1754969171274,1754969171,KXMLBGAME-25AUG11SDSF-SD,92,8,51,no
1754969173126,1754969173,KXMLBGAME-25AUG11TBATH-ATH,11,89,25,yes
1754969173775,1754969173,KXMLBGAME-25AUG11SDSF-SF,7,93,6,yes
1754969173775,1754969173,KXMLBGAME-25AUG11SDSF-SF,7,93,34,yes
1754969175254,1754969175,KXMLBGAME-25AUG11SDSF-SF,6,94,204,no
1754969185035,1754969184,KXMLBGAME-25AUG11SDSF-SF,8,92,2,yes
1754969188905,1754969188,KXMLBGAME-25AUG11SDSF-SF,9,91,31,yes
1754969192095,1754969192,KXMLBGAME-25AUG11SDSF-SF,9,91,55,yes
1754969193414,1754969193,KXMLBGAME-25AUG11SDSF-SF,9,91,289,yes
1754969201356,1754969201,KXMLBGAME-25AUG11SDSF-SD,91,9,11,no
1754969202085,1754969202,KXMLBGAME-25AUG11TBATH-ATH,10,90,94,yes
1754969203935,1754969203,KXMLBGAME-25AUG11SDSF-SD,92,8,34,yes
1754969205655,1754969205,KXMLBGAME-25AUG11SDSF-SD,92,8,16,yes
1754969208654,1754969208,KXMLBGAME-25AUG11SDSF-SD,92,8,32,yes
1754969208785,1754969208,KXMLBGAME-25AUG11TBATH-ATH,10,90,1,yes
1754969212905,1754969212,KXMLBGAME-25AUG11LADLAA-LAD,3,97,15,yes
1754969217965,1754969217,KXMLBGAME-25AUG11SDSF-SD,93,7,26,yes
1754969219687,1754969219,KXMLBGAME-25AUG11SDSF-SD,92,8,1,no
1754969219687,1754969219,KXMLBGAME-25AUG11SDSF-SD,91,9,19,no
1754969222866,1754969222,KXMLBGAME-25AUG11SDSF-SF,8,92,1,yes
1754969222866,1754969222,KXMLBGAME-25AUG11SDSF-SF,8,92,300,yes
1754969222866,1754969222,KXMLBGAME-25AUG11SDSF-SF,9,91,21,yes
1754969222866,1754969222,KXMLBGAME-25AUG11SDSF-SF,9,91,233,yes
1754969231835,1754969231,KXMLBGAME-25AUG11SDSF-SF,8,92,1,yes
1754969231835,1754969231,KXMLBGAME-25AUG11SDSF-SF,8,92,120,yes
1754969234065,1754969233,KXMLBGAME-25AUG11SDSF-SD,93,7,68,yes
1754969238054,1754969238,KXMLBGAME-25AUG11SDSF-SF,9,91,1,yes
1754969239766,1754969239,KXMLBGAME-25AUG11SDSF-SF,9,91,31,yes
1754969239795,1754969239,KXMLBGAME-25AUG11SDSF-SD,92,8,1,no
1754969239795,1754969239,KXMLBGAME-25AUG11SDSF-SD,91,9,20,no
1754969244816,1754969244,KXMLBGAME-25AUG11SDSF-SF,9,91,261,yes
1754969246576,1754969246,KXMLBGAME-25AUG11SDSF-SF,7,93,60,no
1754969252334,1754969252,KXMLBGAME-25AUG11LADLAA-LAD,3,97,62,yes
1754969262627,1754969262,KXMLBGAME-25AUG11SDSF-SD,92,8,1,no
1754969262627,1754969262,KXMLBGAME-25AUG11SDSF-SD,91,9,300,no
1754969262627,1754969262,KXMLBGAME-25AUG11SDSF-SD,90,10,88,no
1754969262627,1754969262,KXMLBGAME-25AUG11SDSF-SD,90,10,600,no
1754969262627,1754969262,KXMLBGAME-25AUG11SDSF-SD,89,11,877,no
1754969262627,1754969262,KXMLBGAME-25AUG11SDSF-SD,88,12,2000,no
1754969262627,1754969262,KXMLBGAME-25AUG11SDSF-SD,88,12,4630,no
1754969264875,1754969264,KXMLBGAME-25AUG11SDSF-SD,93,7,5,yes
1754969268305,1754969268,KXMLBGAME-25AUG11LADLAA-LAA,99,1,33,yes
1754969268305,1754969268,KXMLBGAME-25AUG11LADLAA-LAA,99,1,112,yes
1754969272965,1754969272,KXMLBGAME-25AUG11LADLAA-LAD,3,97,82,yes
1754969272965,1754969272,KXMLBGAME-25AUG11LADLAA-LAD,3,97,95,yes
1754969272965,1754969272,KXMLBGAME-25AUG11LADLAA-LAD,3,97,52,yes
1754969272965,1754969272,KXMLBGAME-25AUG11LADLAA-LAD,3,97,271,yes
1754969284127,1754969284,KXMLBGAME-25AUG11SDSF-SD,93,7,1,yes
1754969284166,1754969284,KXMLBGAME-25AUG11SDSF-SD,93,7,1,yes
1754969294846,1754969294,KXMLBGAME-25AUG11TBATH-TB,91,9,2,yes
1754969294846,1754969294,KXMLBGAME-25AUG11TBATH-TB,92,8,68,yes
1754969295375,1754969295,KXMLBGAME-25AUG11LADLAA-LAA,98,2,1,no
1754969295645,1754969295,KXMLBGAME-25AUG11SDSF-SD,91,9,14,no
1754969307595,1754969307,KXMLBGAME-25AUG11SDSF-SD,91,9,68,no
1754969309574,1754969309,KXMLBGAME-25AUG11SDSF-SD,93,7,43,yes
1754969309574,1754969309,KXMLBGAME-25AUG11SDSF-SD,93,7,3,yes
1754969313864,1754969313,KXMLBGAME-25AUG11TBATH-ATH,9,91,1,yes
1754969316415,1754969316,KXMLBGAME-25AUG11SDSF-SD,93,7,6,yes
1754969322385,1754969322,KXMLBGAME-25AUG11SDSF-SF,8,92,11,yes
1754969325016,1754969324,KXMLBGAME-25AUG11SDSF-SF,8,92,117,yes
1754969330425,1754969330,KXMLBGAME-25AUG11SDSF-SF,8,92,450,yes
1754969334285,1754969334,KXMLBGAME-25AUG11SDSF-SD,92,8,5,yes
1754969337214,1754969337,KXMLBGAME-25AUG11LADLAA-LAD,2,98,10,no
1754969338884,1754969338,KXMLBGAME-25AUG11TBATH-ATH,21,79,9,yes
1754969338935,1754969338,KXMLBGAME-25AUG11TBATH-TB,88,12,1,no
1754969338935,1754969338,KXMLBGAME-25AUG11TBATH-TB,88,12,8,no
1754969340356,1754969340,KXMLBGAME-25AUG11LADLAA-LAD,2,98,9,no
1754969344174,1754969344,KXMLBGAME-25AUG11LADLAA-LAD,2,98,56,no
1754969344174,1754969344,KXMLBGAME-25AUG11LADLAA-LAD,2,98,50,no
1754969344174,1754969344,KXMLBGAME-25AUG11LADLAA-LAD,2,98,1,no
1754969345354,1754969345,KXMLBGAME-25AUG11TBATH-TB,91,9,2,yes
1754969345354,1754969345,KXMLBGAME-25AUG11TBATH-TB,92,8,106,yes
1754969346736,1754969346,KXMLBGAME-25AUG11LADLAA-LAD,2,98,74,no
1754969346736,1754969346,KXMLBGAME-25AUG11LADLAA-LAD,2,98,50,no
1754969361766,1754969361,KXMLBGAME-25AUG11TBATH-TB,91,9,2,yes
1754969361766,1754969361,KXMLBGAME-25AUG11TBATH-TB,92,8,103,yes
1754969363748,1754969363,KXMLBGAME-25AUG11SDSF-SD,93,7,252,yes
1754969363748,1754969363,KXMLBGAME-25AUG11SDSF-SD,93,7,796,yes
1754969363805,1754969363,KXMLBGAME-25AUG11SDSF-SD,93,7,5,yes
1754969372647,1754969372,KXMLBGAME-25AUG11TBATH-TB,91,9,2,yes
1754969372647,1754969372,KXMLBGAME-25AUG11TBATH-TB,92,8,570,yes
1754969382825,1754969382,KXMLBGAME-25AUG11LADLAA-LAD,1,99,124,no
1754969384024,1754969383,KXMLBGAME-25AUG11SDSF-SF,8,92,36,yes
1754969384416,1754969384,KXMLBGAME-25AUG11LADLAA-LAA,98,2,279,no
1754969387276,1754969387,KXMLBGAME-25AUG11SDSF-SD,93,7,48,yes
1754969388694,1754969388,KXMLBGAME-25AUG11SDSF-SF,8,92,23,yes
1754969391305,1754969391,KXMLBGAME-25AUG11SDSF-SD,93,7,28,yes
1754969391305,1754969391,KXMLBGAME-25AUG11SDSF-SD,93,7,50,yes
1754969391305,1754969391,KXMLBGAME-25AUG11SDSF-SD,94,6,31,yes
1754969396455,1754969396,KXMLBGAME-25AUG11TBATH-ATH,10,90,56,yes
1754969397485,1754969397,KXMLBGAME-25AUG11SDSF-SF,8,92,35,yes
1754969402246,1754969402,KXMLBGAME-25AUG11SDSF-SF,8,92,1,yes
1754969410027,1754969409,KXMLBGAME-25AUG11LADLAA-LAD,1,99,139,no
1754969410477,1754969410,KXMLBGAME-25AUG11LADLAA-LAD,2,98,46,yes
1754969420125,1754969420,KXMLBGAME-25AUG11TBATH-TB,91,9,1,yes
1754969420125,1754969420,KXMLBGAME-25AUG11TBATH-TB,91,9,13,yes
1754969420125,1754969420,KXMLBGAME-25AUG11TBATH-TB,91,9,25,yes
1754969420125,1754969420,KXMLBGAME-25AUG11TBATH-TB,92,8,55,yes
1754969420125,1754969420,KXMLBGAME-25AUG11TBATH-TB,92,8,112,yes
1754969420125,1754969420,KXMLBGAME-25AUG11TBATH-TB,93,7,10,yes
1754969420336,1754969420,KXMLBGAME-25AUG11TBATH-TB,92,8,2,yes
1754969420716,1754969420,KXMLBGAME-25AUG11SDSF-SD,91,9,25,no
1754969424176,1754969424,KXMLBGAME-25AUG11LADLAA-LAD,2,98,46,yes
1754969424176,1754969424,KXMLBGAME-25AUG11LADLAA-LAD,2,98,233,yes
1754969433570,1754969433,KXMLBGAME-25AUG11LADLAA-LAD,1,99,15,no
1754969434337,1754969434,KXMLBGAME-25AUG11SDSF-SD,93,7,107,yes
1754969450375,1754969450,KXMLBGAME-25AUG11SDSF-SD,95,5,1048,yes
1754969455684,1754969455,KXMLBGAME-25AUG11SDSF-SF,6,94,22,no
1754969458894,1754969458,KXMLBGAME-25AUG11SDSF-SD,95,5,10,yes
1754969468953,1754969468,KXMLBGAME-25AUG11SDSF-SD,93,7,42,no
1754969468953,1754969468,KXMLBGAME-25AUG11SDSF-SD,93,7,26,no
1754969470795,1754969470,KXMLBGAME-25AUG11SDSF-SD,94,6,300,yes
1754969470795,1754969470,KXMLBGAME-25AUG11SDSF-SD,95,5,227,yes
1754969471545,1754969471,KXMLBGAME-25AUG11TBATH-ATH,10,90,47,yes
1754969472176,1754969472,KXMLBGAME-25AUG11SDSF-SF,7,93,300,yes
1754969472176,1754969472,KXMLBGAME-25AUG11SDSF-SF,7,93,518,yes
1754969472176,1754969472,KXMLBGAME-25AUG11SDSF-SF,7,93,31,yes
1754969472176,1754969472,KXMLBGAME-25AUG11SDSF-SF,8,92,430,yes
1754969484416,1754969484,KXMLBGAME-25AUG11TBATH-ATH,10,90,94,yes
1754969485875,1754969485,KXMLBGAME-25AUG11SDSF-SD,92,8,102,no
1754969487036,1754969487,KXMLBGAME-25AUG11SDSF-SF,9,91,66,yes
1754969487036,1754969487,KXMLBGAME-25AUG11SDSF-SF,9,91,468,yes
1754969497421,1754969497,KXMLBGAME-25AUG11LADLAA-LAD,1,99,42,no
1754969497865,1754969497,KXMLBGAME-25AUG11LADLAA-LAD,1,99,1531,no
1754969504405,1754969504,KXMLBGAME-25AUG11SDSF-SD,93,7,3,no
1754969507835,1754969507,KXMLBGAME-25AUG11SDSF-SD,93,7,31,no
1754969524285,1754969524,KXMLBGAME-25AUG11LADLAA-LAD,1,99,93,no
1754969525057,1754969525,KXMLBGAME-25AUG11TBATH-ATH,12,88,198,yes
1754969531345,1754969531,KXMLBGAME-25AUG11LADLAA-LAA,99,1,20,yes
1754969535745,1754969535,KXMLBGAME-25AUG11LADLAA-LAD,1,99,100,no
1754969536176,1754969536,KXMLBGAME-25AUG11SDSF-SF,8,92,117,yes
1754969536206,1754969536,KXMLBGAME-25AUG11SDSF-SD,92,8,394,no
1754969537916,1754969537,KXMLBGAME-25AUG11LADLAA-LAD,1,99,9,no
1754969538538,1754969538,KXMLBGAME-25AUG11SDSF-SF,8,92,183,yes
1754969538538,1754969538,KXMLBGAME-25AUG11SDSF-SF,9,91,49,yes
1754969538538,1754969538,KXMLBGAME-25AUG11SDSF-SF,9,91,310,yes
1754969540635,1754969540,KXMLBGAME-25AUG11SDSF-SD,92,8,1,no
1754969545435,1754969545,KXMLBGAME-25AUG11SDSF-SF,8,92,17,yes
1754969554025,1754969553,KXMLBGAME-25AUG11SDSF-SD,92,8,688,no
1754969555166,1754969555,KXMLBGAME-25AUG11TBATH-ATH,12,88,39,yes
1754969574025,1754969573,KXMLBGAME-25AUG11LADLAA-LAA,99,1,10,yes
1754969576826,1754969576,KXMLBGAME-25AUG11SDSF-SD,92,8,69,no
1754969577946,1754969577,KXMLBGAME-25AUG11SDSF-SD,93,7,107,yes
1754969579185,1754969579,KXMLBGAME-25AUG11TBATH-ATH,12,88,15,yes
1754969581754,1754969581,KXMLBGAME-25AUG11SDSF-SF,6,94,5,no
1754969585124,1754969585,KXMLBGAME-25AUG11SDSF-SD,92,8,140,no
1754969589565,1754969589,KXMLBGAME-25AUG11LADLAA-LAD,1,99,40,no
1754969596068,1754969596,KXMLBGAME-25AUG11SDSF-SD,93,7,1200,yes
1754969597604,1754969597,KXMLBGAME-25AUG11LADLAA-LAD,2,98,175,yes
1754969597604,1754969597,KXMLBGAME-25AUG11LADLAA-LAD,3,97,52,yes
1754969598065,1754969598,KXMLBGAME-25AUG11LADLAA-LAA,98,2,10,no
1754969599455,1754969599,KXMLBGAME-25AUG11LADLAA-LAA,99,1,555,yes
1754969600495,1754969600,KXMLBGAME-25AUG11TBATH-TB,91,9,273,yes
1754969602686,1754969602,KXMLBGAME-25AUG11SDSF-SD,92,8,205,no
1754969602686,1754969602,KXMLBGAME-25AUG11SDSF-SD,92,8,300,no
1754969602686,1754969602,KXMLBGAME-25AUG11SDSF-SD,92,8,495,no
1754969605656,1754969605,KXMLBGAME-25AUG11SDSF-SD,93,7,693,yes
1754969606085,1754969605,KXMLBGAME-25AUG11SDSF-SD,92,8,300,no
1754969606085,1754969605,KXMLBGAME-25AUG11SDSF-SD,91,9,37,no
1754969606085,1754969605,KXMLBGAME-25AUG11SDSF-SD,91,9,73,no
1754969607406,1754969607,KXMLBGAME-25AUG11TBATH-TB,91,9,69,yes
1754969608815,1754969608,KXMLBGAME-25AUG11TBATH-TB,90,10,10,no
1754969610355,1754969610,KXMLBGAME-25AUG11SDSF-SD,94,6,10,yes
1754969610355,1754969610,KXMLBGAME-25AUG11SDSF-SD,94,6,33,yes
1754969610378,1754969610,KXMLBGAME-25AUG11SDSF-SD,92,8,200,no
1754969611245,1754969611,KXMLBGAME-25AUG11LADLAA-LAA,98,2,15,no
1754969612716,1754969612,KXMLBGAME-25AUG11SDSF-SD,94,6,24,yes
1754969619565,1754969619,KXMLBGAME-25AUG11TBATH-ATH,12,88,15,yes
1754969622186,1754969622,KXMLBGAME-25AUG11SDSF-SD,94,6,1,yes
1754969625265,1754969625,KXMLBGAME-25AUG11TBATH-TB,91,9,112,yes
1754969625265,1754969625,KXMLBGAME-25AUG11TBATH-TB,91,9,434,yes
1754969628397,1754969628,KXMLBGAME-25AUG11LADLAA-LAD,1,99,3,no
1754969634245,1754969634,KXMLBGAME-25AUG11SDSF-SF,7,93,13,yes
1754969644364,1754969644,KXMLBGAME-25AUG11SDSF-SD,93,7,100,no
1754969646735,1754969646,KXMLBGAME-25AUG11SDSF-SD,93,7,200,no
1754969647255,1754969647,KXMLBGAME-25AUG11TBATH-TB,91,9,112,yes
1754969647255,1754969647,KXMLBGAME-25AUG11TBATH-TB,91,9,88,yes
1754969649177,1754969649,KXMLBGAME-25AUG11TBATH-ATH,12,88,39,yes
1754969650834,1754969650,KXMLBGAME-25AUG11SDSF-SD,93,7,16,yes
1754969653806,1754969653,KXMLBGAME-25AUG11TBATH-TB,91,9,4,yes
1754969658395,1754969658,KXMLBGAME-25AUG11LADLAA-LAD,2,98,8,yes
1754969660644,1754969660,KXMLBGAME-25AUG11LADLAA-LAD,1,99,14,no
1754969662276,1754969662,KXMLBGAME-25AUG11LADLAA-LAD,1,99,55,no
1754969665915,1754969665,KXMLBGAME-25AUG11SDSF-SD,92,8,16,no
1754969666225,1754969666,KXMLBGAME-25AUG11SDSF-SF,7,93,241,yes
1754969670565,1754969670,KXMLBGAME-25AUG11SDSF-SF,8,92,587,yes
1754969672265,1754969672,KXMLBGAME-25AUG11TBATH-TB,90,10,31,no
1754969672265,1754969672,KXMLBGAME-25AUG11TBATH-TB,90,10,200,no
1754969672265,1754969672,KXMLBGAME-25AUG11TBATH-TB,88,12,570,no
1754969672505,1754969672,KXMLBGAME-25AUG11LADLAA-LAD,1,99,400,no
1754969675814,1754969675,KXMLBGAME-25AUG11SDSF-SD,92,8,10,no
1754969676304,1754969676,KXMLBGAME-25AUG11TBATH-ATH,18,82,1,yes
1754969676304,1754969676,KXMLBGAME-25AUG11TBATH-ATH,20,80,141,yes
1754969676345,1754969676,KXMLBGAME-25AUG11TBATH-TB,85,15,1,no
1754969676935,1754969676,KXMLBGAME-25AUG11SDSF-SD,93,7,2,yes
1754969677094,1754969677,KXMLBGAME-25AUG11SDSF-SD,93,7,1,yes
1754969678055,1754969678,KXMLBGAME-25AUG11LADLAA-LAA,99,1,114,yes
1754969685124,1754969685,KXMLBGAME-25AUG11LADLAA-LAD,1,99,15,no
1754969686665,1754969686,KXMLBGAME-25AUG11TBATH-TB,91,9,1,yes
1754969687494,1754969687,KXMLBGAME-25AUG11SDSF-SF,8,92,35,yes
1754969688335,1754969688,KXMLBGAME-25AUG11TBATH-TB,85,15,12,yes
1754969692854,1754969692,KXMLBGAME-25AUG11SDSF-SD,93,7,40,yes
1754969693466,1754969693,KXMLBGAME-25AUG11TBATH-TB,83,17,8,yes
1754969696755,1754969696,KXMLBGAME-25AUG11SDSF-SD,93,7,20,yes
1754969696954,1754969696,KXMLBGAME-25AUG11SDSF-SD,93,7,21,yes
1754969697715,1754969697,KXMLBGAME-25AUG11TBATH-TB,83,17,9,yes
1754969698305,1754969698,KXMLBGAME-25AUG11LADLAA-LAA,99,1,302,yes
1754969701905,1754969701,KXMLBGAME-25AUG11TBATH-ATH,18,82,267,yes
1754969704455,1754969704,KXMLBGAME-25AUG11LADLAA-LAD,1,99,620,no
1754969704904,1754969704,KXMLBGAME-25AUG11TBATH-ATH,16,84,6,no
1754969708156,1754969708,KXMLBGAME-25AUG11TBATH-ATH,16,84,47,no
1754969710515,1754969710,KXMLBGAME-25AUG11TBATH-TB,84,16,3,yes
1754969714815,1754969714,KXMLBGAME-25AUG11LADLAA-LAD,2,98,233,yes
1754969716695,1754969716,KXMLBGAME-25AUG11TBATH-ATH,17,83,27,yes
1754969719074,1754969719,KXMLBGAME-25AUG11TBATH-ATH,16,84,41,no
1754969720268,1754969720,KXMLBGAME-25AUG11SDSF-SD,93,7,591,no
1754969722375,1754969722,KXMLBGAME-25AUG11TBATH-ATH,17,83,55,yes
1754969724056,1754969724,KXMLBGAME-25AUG11SDSF-SD,91,9,30,no
1754969724216,1754969724,KXMLBGAME-25AUG11LADLAA-LAD,2,98,46,yes
1754969726195,1754969726,KXMLBGAME-25AUG11SDSF-SD,91,9,270,no
1754969726195,1754969726,KXMLBGAME-25AUG11SDSF-SD,90,10,97,no
1754969727485,1754969727,KXMLBGAME-25AUG11TBATH-ATH,17,83,5,yes
1754969731636,1754969731,KXMLBGAME-25AUG11LADLAA-LAA,99,1,9,yes
1754969732237,1754969732,KXMLBGAME-25AUG11SDSF-SD,93,7,1,yes
1754969735495,1754969735,KXMLBGAME-25AUG11TBATH-TB,84,16,36,yes
1754969735495,1754969735,KXMLBGAME-25AUG11TBATH-TB,84,16,14,yes
1754969737886,1754969737,KXMLBGAME-25AUG11LADLAA-LAA,99,1,25,yes
1754969742876,1754969742,KXMLBGAME-25AUG11SDSF-SD,91,9,300,no
1754969742876,1754969742,KXMLBGAME-25AUG11SDSF-SD,90,10,180,no
1754969746927,1754969746,KXMLBGAME-25AUG11TBATH-ATH,15,85,5,yes
1754969750315,1754969750,KXMLBGAME-25AUG11SDSF-SF,9,91,10,yes
1754969756925,1754969756,KXMLBGAME-25AUG11TBATH-TB,87,13,1,yes
1754969757115,1754969757,KXMLBGAME-25AUG11SDSF-SF,9,91,10,yes
1754969760504,1754969760,KXMLBGAME-25AUG11TBATH-ATH,15,85,1,yes
1754969768435,1754969768,KXMLBGAME-25AUG11TBATH-TB,85,15,670,no
1754969768744,1754969768,KXMLBGAME-25AUG11TBATH-ATH,15,85,157,yes
1754969769495,1754969769,KXMLBGAME-25AUG11TBATH-ATH,15,85,6,yes
1754969770714,1754969770,KXMLBGAME-25AUG11TBATH-TB,87,13,11,yes
1754969774404,1754969774,KXMLBGAME-25AUG11SDSF-SF,10,90,18,yes
1754969775125,1754969775,KXMLBGAME-25AUG11TBATH-TB,85,15,330,no
1754969779676,1754969779,KXMLBGAME-25AUG11LADLAA-LAD,2,98,1,yes
1754969792006,1754969791,KXMLBGAME-25AUG11SDSF-SD,91,9,5,no
1754969797075,1754969797,KXMLBGAME-25AUG11TBATH-ATH,14,86,33,yes
1754969807637,1754969807,KXMLBGAME-25AUG11SDSF-SD,92,8,18,yes
1754969807637,1754969807,KXMLBGAME-25AUG11SDSF-SD,92,8,9,yes
1754969809494,1754969809,KXMLBGAME-25AUG11TBATH-ATH,14,86,13,yes
1754969810784,1754969810,KXMLBGAME-25AUG11SDSF-SF,10,90,100,yes
1754969817909,1754969817,KXMLBGAME-25AUG11SDSF-SD,93,7,1,yes
1754969825914,1754969825,KXMLBGAME-25AUG11TBATH-TB,88,12,92,yes
1754969825914,1754969825,KXMLBGAME-25AUG11TBATH-TB,89,11,38,yes
1754969830666,1754969830,KXMLBGAME-25AUG11TBATH-TB,89,11,262,yes
1754969830666,1754969830,KXMLBGAME-25AUG11TBATH-TB,89,11,41,yes
1754969833088,1754969833,KXMLBGAME-25AUG11TBATH-ATH,13,87,499,yes
1754969833088,1754969833,KXMLBGAME-25AUG11TBATH-ATH,13,87,112,yes
1754969833088,1754969833,KXMLBGAME-25AUG11TBATH-ATH,15,85,300,yes
1754969833088,1754969833,KXMLBGAME-25AUG11TBATH-ATH,15,85,600,yes
1754969833088,1754969833,KXMLBGAME-25AUG11TBATH-ATH,16,84,9,yes
1754969833088,1754969833,KXMLBGAME-25AUG11TBATH-ATH,16,84,250,yes
1754969833088,1754969833,KXMLBGAME-25AUG11TBATH-ATH,17,83,750,yes
1754969833088,1754969833,KXMLBGAME-25AUG11TBATH-ATH,19,81,10,yes
1754969833088,1754969833,KXMLBGAME-25AUG11TBATH-ATH,22,78,2551,yes
1754969836216,1754969836,KXMLBGAME-25AUG11SDSF-SD,93,7,31,yes
1754969845254,1754969845,KXMLBGAME-25AUG11TBATH-ATH,13,87,72,yes
1754969851075,1754969851,KXMLBGAME-25AUG11SDSF-SD,91,9,5,no
1754969851075,1754969851,KXMLBGAME-25AUG11SDSF-SD,91,9,1,no
1754969851075,1754969851,KXMLBGAME-25AUG11SDSF-SD,90,10,114,no
1754969859255,1754969859,KXMLBGAME-25AUG11LADLAA-LAA,98,2,110,no
1754969861456,1754969861,KXMLBGAME-25AUG11SDSF-SF,9,91,52,yes
1754969871556,1754969871,KXMLBGAME-25AUG11SDSF-SD,93,7,26,yes
1754969871976,1754969871,KXMLBGAME-25AUG11SDSF-SD,93,7,1,yes
1754969872866,1754969872,KXMLBGAME-25AUG11SDSF-SF,9,91,52,yes
1754969882095,1754969882,KXMLBGAME-25AUG11SDSF-SF,9,91,47,yes
1754969882685,1754969882,KXMLBGAME-25AUG11LADLAA-LAD,3,97,31,yes
1754969893776,1754969893,KXMLBGAME-25AUG11LADLAA-LAA,99,1,30,yes
1754969896059,1754969895,KXMLBGAME-25AUG11LADLAA-LAD,3,97,19,yes
1754969896059,1754969895,KXMLBGAME-25AUG11LADLAA-LAD,3,97,5,yes
1754969896275,1754969896,KXMLBGAME-25AUG11LADLAA-LAD,3,97,156,yes
1754969896672,1754969896,KXMLBGAME-25AUG11LADLAA-LAD,1,99,93,no
1754969897161,1754969897,KXMLBGAME-25AUG11TBATH-ATH,14,86,2,yes
1754969897161,1754969897,KXMLBGAME-25AUG11TBATH-ATH,14,86,29,yes
1754969897258,1754969897,KXMLBGAME-25AUG11SDSF-SF,9,91,10,yes
1754969898769,1754969898,KXMLBGAME-25AUG11SDSF-SD,93,7,1,yes
1754969904305,1754969904,KXMLBGAME-25AUG11LADLAA-LAA,98,2,1000,no
1754969907335,1754969907,KXMLBGAME-25AUG11SDSF-SF,9,91,139,yes
1754969907335,1754969907,KXMLBGAME-25AUG11SDSF-SF,10,90,345,yes
1754969911225,1754969911,KXMLBGAME-25AUG11SDSF-SF,9,91,94,yes
1754969911665,1754969911,KXMLBGAME-25AUG11LADLAA-LAA,99,1,1057,yes
1754969913026,1754969912,KXMLBGAME-25AUG11SDSF-SD,93,7,84,yes
1754969913026,1754969912,KXMLBGAME-25AUG11SDSF-SD,93,7,26,yes
1754969913026,1754969912,KXMLBGAME-25AUG11SDSF-SD,93,7,1,yes
1754969913026,1754969912,KXMLBGAME-25AUG11SDSF-SD,93,7,1,yes
1754969913026,1754969912,KXMLBGAME-25AUG11SDSF-SD,94,6,200,yes
1754969913026,1754969912,KXMLBGAME-25AUG11SDSF-SD,94,6,400,yes
1754969913026,1754969912,KXMLBGAME-25AUG11SDSF-SD,94,6,30,yes
1754969919355,1754969919,KXMLBGAME-25AUG11LADLAA-LAA,99,1,99,yes
1754969921945,1754969921,KXMLBGAME-25AUG11LADLAA-LAD,1,99,18,no
1754969923196,1754969923,KXMLBGAME-25AUG11TBATH-ATH,13,87,102,yes
1754969923196,1754969923,KXMLBGAME-25AUG11TBATH-ATH,14,86,107,yes
1754969928615,1754969928,KXMLBGAME-25AUG11TBATH-ATH,14,86,67,yes
1754969932673,1754969932,KXMLBGAME-25AUG11SDSF-SF,8,92,23,yes
1754969933875,1754969933,KXMLBGAME-25AUG11LADLAA-LAA,98,2,468,no
1754969933875,1754969933,KXMLBGAME-25AUG11LADLAA-LAA,98,2,532,no
1754969934733,1754969934,KXMLBGAME-25AUG11SDSF-SF,8,92,58,yes
1754969938755,1754969938,KXMLBGAME-25AUG11LADLAA-LAA,98,2,500,no
1754969938965,1754969938,KXMLBGAME-25AUG11LADLAA-LAA,98,2,500,no
1754969943524,1754969943,KXMLBGAME-25AUG11LADLAA-LAA,99,1,10,yes
1754969944124,1754969944,KXMLBGAME-25AUG11TBATH-ATH,12,88,7,yes
1754969947525,1754969947,KXMLBGAME-25AUG11SDSF-SD,93,7,30,yes
1754969953736,1754969953,KXMLBGAME-25AUG11SDSF-SF,8,92,105,yes
1754969957575,1754969957,KXMLBGAME-25AUG11LADLAA-LAA,98,2,500,no
1754969970776,1754969970,KXMLBGAME-25AUG11SDSF-SF,8,92,34,yes
1754969973325,1754969973,KXMLBGAME-25AUG11LADLAA-LAA,99,1,504,yes
1754969973566,1754969973,KXMLBGAME-25AUG11TBATH-TB,89,11,39,yes
1754969974746,1754969974,KXMLBGAME-25AUG11LADLAA-LAD,3,97,312,yes
1754969989335,1754969989,KXMLBGAME-25AUG11LADLAA-LAA,98,2,100,no
1754969998385,1754969998,KXMLBGAME-25AUG11LADLAA-LAD,3,97,31,yes
1754970001895,1754970001,KXMLBGAME-25AUG11LADLAA-LAA,97,3,1,yes
1754970002387,1754970002,KXMLBGAME-25AUG11LADLAA-LAA,97,3,111,yes
1754970002387,1754970002,KXMLBGAME-25AUG11LADLAA-LAA,97,3,1,yes
1754970003824,1754970003,KXMLBGAME-25AUG11LADLAA-LAD,2,98,7,no
1754970007786,1754970007,KXMLBGAME-25AUG11SDSF-SF,7,93,2,no
1754970008177,1754970008,KXMLBGAME-25AUG11LADLAA-LAD,4,96,19,yes
1754970008875,1754970008,KXMLBGAME-25AUG11SDSF-SD,93,7,300,no
1754970008875,1754970008,KXMLBGAME-25AUG11SDSF-SD,92,8,41,no
1754970011358,1754970011,KXMLBGAME-25AUG11SDSF-SD,92,8,27,no
1754970011358,1754970011,KXMLBGAME-25AUG11SDSF-SD,92,8,24,no
1754970011766,1754970011,KXMLBGAME-25AUG11TBATH-TB,89,11,27,yes
1754970012296,1754970012,KXMLBGAME-25AUG11SDSF-SD,93,7,2,yes
1754970013175,1754970013,KXMLBGAME-25AUG11SDSF-SF,7,93,2,no
1754970016417,1754970016,KXMLBGAME-25AUG11SDSF-SF,7,93,1,no
1754970018494,1754970018,KXMLBGAME-25AUG11TBATH-TB,89,11,366,yes
1754970020355,1754970020,KXMLBGAME-25AUG11LADLAA-LAD,2,98,7,no
1754970021546,1754970021,KXMLBGAME-25AUG11TBATH-ATH,13,87,1196,yes
1754970022457,1754970022,KXMLBGAME-25AUG11SDSF-SF,7,93,134,yes
1754970025806,1754970025,KXMLBGAME-25AUG11TBATH-ATH,11,89,1,no
1754970027985,1754970027,KXMLBGAME-25AUG11SDSF-SF,6,94,31,no
1754970032625,1754970032,KXMLBGAME-25AUG11LADLAA-LAD,4,96,234,yes
1754970035977,1754970035,KXMLBGAME-25AUG11LADLAA-LAD,4,96,362,yes
1754970035977,1754970035,KXMLBGAME-25AUG11LADLAA-LAD,4,96,50,yes
1754970035977,1754970035,KXMLBGAME-25AUG11LADLAA-LAD,4,96,173,yes
1754970040006,1754970039,KXMLBGAME-25AUG11SDSF-SF,6,94,36,no
1754970040006,1754970039,KXMLBGAME-25AUG11SDSF-SF,6,94,50,no
1754970040006,1754970039,KXMLBGAME-25AUG11SDSF-SF,6,94,1,no
1754970040006,1754970039,KXMLBGAME-25AUG11SDSF-SF,5,95,96,no
1754970040007,1754970039,KXMLBGAME-25AUG11SDSF-SF,5,95,112,no
1754970040007,1754970039,KXMLBGAME-25AUG11SDSF-SF,5,95,247,no
1754970040245,1754970040,KXMLBGAME-25AUG11LADLAA-LAD,4,96,234,yes
1754970043936,1754970043,KXMLBGAME-25AUG11LADLAA-LAD,3,97,109,no
1754970043936,1754970043,KXMLBGAME-25AUG11LADLAA-LAD,2,98,300,no
1754970043936,1754970043,KXMLBGAME-25AUG11LADLAA-LAD,1,99,1000,no
1754970043936,1754970043,KXMLBGAME-25AUG11LADLAA-LAD,1,99,600,no
1754970045715,1754970045,KXMLBGAME-25AUG11LADLAA-LAD,3,97,19,yes
1754970045715,1754970045,KXMLBGAME-25AUG11LADLAA-LAD,4,96,56,yes
1754970049888,1754970049,KXMLBGAME-25AUG11TBATH-ATH,13,87,7,yes
1754970054095,1754970054,KXMLBGAME-25AUG11LADLAA-LAD,3,97,31,yes
1754970061675,1754970061,KXMLBGAME-25AUG11LADLAA-LAD,2,98,82,no
1754970061675,1754970061,KXMLBGAME-25AUG11LADLAA-LAD,2,98,300,no
1754970065547,1754970065,KXMLBGAME-25AUG11TBATH-ATH,13,87,21,yes
1754970067206,1754970067,KXMLBGAME-25AUG11SDSF-SD,94,6,1,yes
1754970069674,1754970069,KXMLBGAME-25AUG11LADLAA-LAD,3,97,156,yes
1754970073146,1754970073,KXMLBGAME-25AUG11TBATH-TB,89,11,67,yes
1754970074476,1754970074,KXMLBGAME-25AUG11SDSF-SF,6,94,156,yes
1754970076626,1754970076,KXMLBGAME-25AUG11LADLAA-LAA,98,2,1,yes
1754970080515,1754970080,KXMLBGAME-25AUG11LADLAA-LAD,3,97,3,yes
1754970080596,1754970080,KXMLBGAME-25AUG11SDSF-SF,6,94,46,yes
1754970089145,1754970089,KXMLBGAME-25AUG11LADLAA-LAD,2,98,300,no
1754970089145,1754970089,KXMLBGAME-25AUG11LADLAA-LAD,1,99,167,no
1754970089385,1754970089,KXMLBGAME-25AUG11SDSF-SF,6,94,12,yes
1754970089385,1754970089,KXMLBGAME-25AUG11SDSF-SF,6,94,66,yes
1754970095944,1754970095,KXMLBGAME-25AUG11TBATH-ATH,14,86,77,yes
1754970095944,1754970095,KXMLBGAME-25AUG11TBATH-ATH,14,86,24,yes
1754970100105,1754970100,KXMLBGAME-25AUG11LADLAA-LAA,97,3,346,no
1754970105350,1754970105,KXMLBGAME-25AUG11SDSF-SD,95,5,5,yes
1754970105351,1754970105,KXMLBGAME-25AUG11SDSF-SD,95,5,204,yes
1754970106795,1754970106,KXMLBGAME-25AUG11LADLAA-LAA,98,2,161,yes
1754970106795,1754970106,KXMLBGAME-25AUG11LADLAA-LAA,98,2,42,yes
1754970107375,1754970107,KXMLBGAME-25AUG11LADLAA-LAD,3,97,32,yes
1754970108525,1754970108,KXMLBGAME-25AUG11SDSF-SF,6,94,134,yes
1754970108525,1754970108,KXMLBGAME-25AUG11SDSF-SF,7,93,394,yes
1754970110555,1754970110,KXMLBGAME-25AUG11TBATH-TB,88,12,2,yes
1754970119475,1754970119,KXMLBGAME-25AUG11SDSF-SD,95,5,3,yes
1754970120654,1754970120,KXMLBGAME-25AUG11SDSF-SD,94,6,970,no
1754970120906,1754970120,KXMLBGAME-25AUG11TBATH-ATH,14,86,33,yes
1754970123146,1754970123,KXMLBGAME-25AUG11LADLAA-LAD,3,97,31,yes
1754970126725,1754970126,KXMLBGAME-25AUG11TBATH-TB,87,13,77,yes
1754970127255,1754970127,KXMLBGAME-25AUG11TBATH-ATH,14,86,267,yes
1754970127255,1754970127,KXMLBGAME-25AUG11TBATH-ATH,15,85,304,yes
1754970132335,1754970132,KXMLBGAME-25AUG11SDSF-SD,94,6,246,no
1754970134555,1754970134,KXMLBGAME-25AUG11SDSF-SD,95,5,1,yes
1754970147963,1754970147,KXMLBGAME-25AUG11LADLAA-LAA,98,2,20,yes
1754970150750,1754970150,KXMLBGAME-25AUG11LADLAA-LAD,3,97,156,yes
1754970157074,1754970157,KXMLBGAME-25AUG11LADLAA-LAA,97,3,18,no
1754970159024,1754970158,KXMLBGAME-25AUG11TBATH-TB,88,12,2,yes
1754970159768,1754970159,KXMLBGAME-25AUG11TBATH-ATH,14,86,57,yes
1754970159768,1754970159,KXMLBGAME-25AUG11TBATH-ATH,14,86,616,yes
1754970164845,1754970164,KXMLBGAME-25AUG11SDSF-SD,94,6,283,no
1754970167227,1754970167,KXMLBGAME-25AUG11TBATH-TB,88,12,20,yes
1754970167227,1754970167,KXMLBGAME-25AUG11TBATH-TB,89,11,91,yes
1754970170295,1754970170,KXMLBGAME-25AUG11LADLAA-LAD,3,97,335,yes
1754970170875,1754970170,KXMLBGAME-25AUG11LADLAA-LAA,97,3,122,no
1754970174276,1754970174,KXMLBGAME-25AUG11LADLAA-LAA,98,2,280,yes
1754970174276,1754970174,KXMLBGAME-25AUG11LADLAA-LAA,99,1,732,yes
1754970182046,1754970182,KXMLBGAME-25AUG11TBATH-ATH,13,87,16,yes
1754970184554,1754970184,KXMLBGAME-25AUG11LADLAA-LAA,99,1,268,yes
1754970185406,1754970185,KXMLBGAME-25AUG11LADLAA-LAD,3,97,36,yes
1754970185406,1754970185,KXMLBGAME-25AUG11LADLAA-LAD,6,94,10,yes
1754970185406,1754970185,KXMLBGAME-25AUG11LADLAA-LAD,6,94,50,yes
1754970185406,1754970185,KXMLBGAME-25AUG11LADLAA-LAD,7,93,40,yes
1754970191595,1754970191,KXMLBGAME-25AUG11SDSF-SD,93,7,144,no
1754970191595,1754970191,KXMLBGAME-25AUG11SDSF-SD,91,9,73,no
1754970191595,1754970191,KXMLBGAME-25AUG11SDSF-SD,91,9,300,no
1754970191595,1754970191,KXMLBGAME-25AUG11SDSF-SD,84,16,111,no
1754970194395,1754970194,KXMLBGAME-25AUG11SDSF-SD,94,6,21,yes
1754970195186,1754970195,KXMLBGAME-25AUG11TBATH-TB,89,11,7,yes
1754970195436,1754970195,KXMLBGAME-25AUG11LADLAA-LAD,2,98,46,yes
1754970201777,1754970201,KXMLBGAME-25AUG11SDSF-SD,93,7,10,no
1754970202905,1754970202,KXMLBGAME-25AUG11LADLAA-LAD,2,98,233,yes
1754970208685,1754970208,KXMLBGAME-25AUG11LADLAA-LAA,98,2,300,no
1754970208685,1754970208,KXMLBGAME-25AUG11LADLAA-LAA,98,2,1000,no
1754970208685,1754970208,KXMLBGAME-25AUG11LADLAA-LAA,97,3,670,no
1754970208685,1754970208,KXMLBGAME-25AUG11LADLAA-LAA,97,3,243,no
1754970208694,1754970208,KXMLBGAME-25AUG11LADLAA-LAD,2,98,444,yes
1754970210015,1754970209,KXMLBGAME-25AUG11LADLAA-LAD,2,98,46,yes
1754970210396,1754970210,KXMLBGAME-25AUG11LADLAA-LAD,2,98,233,yes
1754970213974,1754970213,KXMLBGAME-25AUG11SDSF-SF,7,93,25,yes
1754970214495,1754970214,KXMLBGAME-25AUG11TBATH-ATH,14,86,300,yes
1754970218295,1754970218,KXMLBGAME-25AUG11SDSF-SD,94,6,30,no
1754970223264,1754970223,KXMLBGAME-25AUG11LADLAA-LAD,2,98,233,yes
1754970229446,1754970229,KXMLBGAME-25AUG11SDSF-SD,94,6,40,no
1754970230436,1754970230,KXMLBGAME-25AUG11TBATH-TB,88,12,42,yes
1754970236126,1754970236,KXMLBGAME-25AUG11SDSF-SD,94,6,120,no
1754970236315,1754970236,KXMLBGAME-25AUG11SDSF-SD,95,5,503,yes
1754970241785,1754970241,KXMLBGAME-25AUG11LADLAA-LAA,99,1,243,yes
1754970242277,1754970242,KXMLBGAME-25AUG11SDSF-SF,6,94,300,yes
1754970246699,1754970246,KXMLBGAME-25AUG11TBATH-TB,88,12,127,yes
1754970260396,1754970260,KXMLBGAME-25AUG11TBATH-ATH,14,86,300,yes
1754970260396,1754970260,KXMLBGAME-25AUG11TBATH-ATH,15,85,273,yes
1754970265147,1754970265,KXMLBGAME-25AUG11TBATH-TB,88,12,1,yes
1754970266936,1754970266,KXMLBGAME-25AUG11SDSF-SD,94,6,46,no
1754970267667,1754970267,KXMLBGAME-25AUG11SDSF-SD,95,5,1,yes
1754970272069,1754970272,KXMLBGAME-25AUG11SDSF-SD,95,5,12,yes
1754970276172,1754970276,KXMLBGAME-25AUG11SDSF-SD,94,6,22,no
1754970283744,1754970283,KXMLBGAME-25AUG11SDSF-SD,95,5,5,yes
1754970294705,1754970294,KXMLBGAME-25AUG11LADLAA-LAD,2,98,93,yes
1754970296056,1754970296,KXMLBGAME-25AUG11SDSF-SF,6,94,15,yes
1754970310465,1754970310,KXMLBGAME-25AUG11TBATH-TB,86,14,5,yes
1754970314575,1754970314,KXMLBGAME-25AUG11TBATH-TB,86,14,107,yes
1754970314575,1754970314,KXMLBGAME-25AUG11TBATH-TB,86,14,103,yes
1754970335716,1754970335,KXMLBGAME-25AUG11SDSF-SD,94,6,80,no
1754970335725,1754970335,KXMLBGAME-25AUG11LADLAA-LAD,2,98,46,yes
1754970350445,1754970350,KXMLBGAME-25AUG11SDSF-SD,95,5,10,yes
1754970352285,1754970352,KXMLBGAME-25AUG11LADLAA-LAD,2,98,46,yes
1754970355575,1754970355,KXMLBGAME-25AUG11SDSF-SD,95,5,2,yes
1754970360465,1754970360,KXMLBGAME-25AUG11TBATH-ATH,16,84,30,yes
1754970367704,1754970367,KXMLBGAME-25AUG11TBATH-ATH,16,84,26,yes
1754970378925,1754970378,KXMLBGAME-25AUG11SDSF-SD,95,5,1,yes
1754970384745,1754970384,KXMLBGAME-25AUG11SDSF-SD,94,6,152,no
1754970384745,1754970384,KXMLBGAME-25AUG11SDSF-SD,94,6,500,no
1754970384745,1754970384,KXMLBGAME-25AUG11SDSF-SD,93,7,55,no
1754970384745,1754970384,KXMLBGAME-25AUG11SDSF-SD,93,7,722,no
1754970384745,1754970384,KXMLBGAME-25AUG11SDSF-SD,93,7,600,no
1754970384745,1754970384,KXMLBGAME-25AUG11SDSF-SD,92,8,47,no
1754970388445,1754970388,KXMLBGAME-25AUG11SDSF-SD,95,5,22,yes
1754970404015,1754970403,KXMLBGAME-25AUG11TBATH-TB,86,14,96,yes
1754970406385,1754970406,KXMLBGAME-25AUG11TBATH-TB,86,14,80,yes
1754970418296,1754970418,KXMLBGAME-25AUG11TBATH-TB,86,14,170,yes
1754970418296,1754970418,KXMLBGAME-25AUG11TBATH-TB,87,13,400,yes
1754970418296,1754970418,KXMLBGAME-25AUG11TBATH-TB,87,13,200,yes
1754970418296,1754970418,KXMLBGAME-25AUG11TBATH-TB,87,13,112,yes
1754970418296,1754970418,KXMLBGAME-25AUG11TBATH-TB,87,13,300,yes
1754970418296,1754970418,KXMLBGAME-25AUG11TBATH-TB,87,13,1015,yes
1754970423026,1754970422,KXMLBGAME-25AUG11SDSF-SD,95,5,209,yes
1754970428528,1754970428,KXMLBGAME-25AUG11TBATH-ATH,15,85,141,yes
1754970431719,1754970431,KXMLBGAME-25AUG11TBATH-ATH,14,86,2,no
1754970431719,1754970431,KXMLBGAME-25AUG11TBATH-ATH,13,87,112,no
1754970431719,1754970431,KXMLBGAME-25AUG11TBATH-ATH,13,87,265,no
1754970445745,1754970445,KXMLBGAME-25AUG11SDSF-SF,7,93,19,yes
1754970445745,1754970445,KXMLBGAME-25AUG11SDSF-SF,7,93,600,yes
1754970445745,1754970445,KXMLBGAME-25AUG11SDSF-SF,7,93,300,yes
1754970445745,1754970445,KXMLBGAME-25AUG11SDSF-SF,8,92,200,yes
1754970445745,1754970445,KXMLBGAME-25AUG11SDSF-SF,8,92,87,yes
1754970447194,1754970447,KXMLBGAME-25AUG11TBATH-TB,88,12,112,yes
1754970447746,1754970447,KXMLBGAME-25AUG11TBATH-TB,88,12,1,yes
1754970465005,1754970464,KXMLBGAME-25AUG11SDSF-SD,94,6,16,no
1754970470717,1754970470,KXMLBGAME-25AUG11SDSF-SD,94,6,84,no
1754970470717,1754970470,KXMLBGAME-25AUG11SDSF-SD,94,6,116,no
1754970475385,1754970475,KXMLBGAME-25AUG11SDSF-SF,6,94,356,no
1754970477616,1754970477,KXMLBGAME-25AUG11SDSF-SD,94,6,184,no
1754970483975,1754970483,KXMLBGAME-25AUG11TBATH-TB,88,12,18,yes
1754970485205,1754970485,KXMLBGAME-25AUG11SDSF-SD,94,6,211,yes
1754970488344,1754970488,KXMLBGAME-25AUG11TBATH-TB,88,12,45,yes
1754970492055,1754970492,KXMLBGAME-25AUG11TBATH-TB,88,12,28,yes
1754970494435,1754970494,KXMLBGAME-25AUG11TBATH-ATH,13,87,7,yes
1754970502355,1754970502,KXMLBGAME-25AUG11SDSF-SD,94,6,50,yes
1754970502385,1754970502,KXMLBGAME-25AUG11TBATH-ATH,12,88,371,yes
1754970502385,1754970502,KXMLBGAME-25AUG11TBATH-ATH,12,88,21,yes
1754970508025,1754970507,KXMLBGAME-25AUG11TBATH-TB,90,10,12,yes
1754970510515,1754970510,KXMLBGAME-25AUG11SDSF-SD,94,6,22,yes
1754970525045,1754970525,KXMLBGAME-25AUG11LADLAA-LAA,99,1,122,no
1754970529255,1754970529,KXMLBGAME-25AUG11SDSF-SD,94,6,857,yes
1754970529255,1754970529,KXMLBGAME-25AUG11SDSF-SD,94,6,36,yes
1754970529255,1754970529,KXMLBGAME-25AUG11SDSF-SD,95,5,1027,yes
1754970529255,1754970529,KXMLBGAME-25AUG11SDSF-SD,95,5,60,yes
1754970529255,1754970529,KXMLBGAME-25AUG11SDSF-SD,95,5,22,yes
1754970529255,1754970529,KXMLBGAME-25AUG11SDSF-SD,95,5,566,yes
1754970529255,1754970529,KXMLBGAME-25AUG11SDSF-SD,96,4,200,yes
1754970529255,1754970529,KXMLBGAME-25AUG11SDSF-SD,96,4,112,yes
1754970529255,1754970529,KXMLBGAME-25AUG11SDSF-SD,97,3,2,yes
1754970529255,1754970529,KXMLBGAME-25AUG11SDSF-SD,97,3,615,yes
1754970529255,1754970529,KXMLBGAME-25AUG11SDSF-SD,97,3,300,yes
1754970529255,1754970529,KXMLBGAME-25AUG11SDSF-SD,98,2,300,yes
1754970529256,1754970529,KXMLBGAME-25AUG11SDSF-SD,98,2,10,yes
1754970529256,1754970529,KXMLBGAME-25AUG11SDSF-SD,98,2,500,yes
1754970529256,1754970529,KXMLBGAME-25AUG11SDSF-SD,98,2,250,yes
1754970529256,1754970529,KXMLBGAME-25AUG11SDSF-SD,98,2,750,yes
1754970529256,1754970529,KXMLBGAME-25AUG11SDSF-SD,98,2,347,yes
1754970532736,1754970532,KXMLBGAME-25AUG11TBATH-TB,89,11,21,yes
1754970545595,1754970545,KXMLBGAME-25AUG11TBATH-ATH,12,88,193,yes
1754970545595,1754970545,KXMLBGAME-25AUG11TBATH-ATH,13,87,39,yes
1754970555955,1754970555,KXMLBGAME-25AUG11SDSF-SF,6,94,300,yes
1754970555955,1754970555,KXMLBGAME-25AUG11SDSF-SF,7,93,600,yes
1754970555955,1754970555,KXMLBGAME-25AUG11SDSF-SF,7,93,27,yes
1754970561876,1754970561,KXMLBGAME-25AUG11TBATH-ATH,13,87,31,yes
1754970561876,1754970561,KXMLBGAME-25AUG11TBATH-ATH,15,85,112,yes
1754970561876,1754970561,KXMLBGAME-25AUG11TBATH-ATH,15,85,175,yes
1754970573385,1754970573,KXMLBGAME-25AUG11TBATH-TB,88,12,89,yes
1754970573385,1754970573,KXMLBGAME-25AUG11TBATH-TB,88,12,23,yes
1754970580005,1754970579,KXMLBGAME-25AUG11LADLAA-LAA,99,1,99,no
1754970587926,1754970587,KXMLBGAME-25AUG11SDSF-SD,95,5,1,yes
1754970587926,1754970587,KXMLBGAME-25AUG11SDSF-SD,96,4,112,yes
1754970587926,1754970587,KXMLBGAME-25AUG11SDSF-SD,96,4,879,yes
1754970587926,1754970587,KXMLBGAME-25AUG11SDSF-SD,96,4,46,yes
1754970593857,1754970593,KXMLBGAME-25AUG11TBATH-ATH,12,88,210,yes
1754970598345,1754970598,KXMLBGAME-25AUG11SDSF-SD,95,5,1,yes
1754970598345,1754970598,KXMLBGAME-25AUG11SDSF-SD,96,4,206,yes
1754970603794,1754970603,KXMLBGAME-25AUG11LADLAA-LAA,99,1,3536,no
1754970603794,1754970603,KXMLBGAME-25AUG11LADLAA-LAA,99,1,1925,no
1754970603794,1754970603,KXMLBGAME-25AUG11LADLAA-LAA,99,1,539,no
1754970607247,1754970607,KXMLBGAME-25AUG11SDSF-SD,95,5,1,yes
1754970607247,1754970607,KXMLBGAME-25AUG11SDSF-SD,96,4,314,yes
1754970607247,1754970607,KXMLBGAME-25AUG11SDSF-SD,96,4,112,yes
1754970607247,1754970607,KXMLBGAME-25AUG11SDSF-SD,96,4,73,yes
1754970610036,1754970609,KXMLBGAME-25AUG11SDSF-SF,7,93,42,yes
1754970610036,1754970609,KXMLBGAME-25AUG11SDSF-SF,7,93,566,yes
1754970610037,1754970609,KXMLBGAME-25AUG11SDSF-SF,7,93,733,yes
1754970614336,1754970614,KXMLBGAME-25AUG11SDSF-SD,96,4,1,yes
1754970626055,1754970626,KXMLBGAME-25AUG11SDSF-SF,7,93,13,yes
1754970642267,1754970642,KXMLBGAME-25AUG11TBATH-TB,91,9,107,yes
1754970685557,1754970685,KXMLBGAME-25AUG11LADLAA-LAD,1,99,60,yes
1754970685557,1754970685,KXMLBGAME-25AUG11LADLAA-LAD,1,99,440,yes
1754970690904,1754970690,KXMLBGAME-25AUG11LADLAA-LAD,1,99,280,yes
1754970694615,1754970694,KXMLBGAME-25AUG11TBATH-TB,92,8,1,yes
1754970701497,1754970701,KXMLBGAME-25AUG11TBATH-TB,90,10,1,no
1754970701646,1754970701,KXMLBGAME-25AUG11TBATH-TB,92,8,362,yes
1754970703215,1754970703,KXMLBGAME-25AUG11LADLAA-LAD,1,99,93,yes
1754970710368,1754970710,KXMLBGAME-25AUG11LADLAA-LAD,1,99,186,yes
1754970710368,1754970710,KXMLBGAME-25AUG11LADLAA-LAD,2,98,374,yes
1754970725427,1754970725,KXMLBGAME-25AUG11SDSF-SD,95,5,15,yes
1754970743756,1754970743,KXMLBGAME-25AUG11SDSF-SF,7,93,107,yes
1754970749674,1754970749,KXMLBGAME-25AUG11TBATH-TB,91,9,1,yes
1754970757667,1754970757,KXMLBGAME-25AUG11TBATH-ATH,10,90,10,yes
1754970763485,1754970763,KXMLBGAME-25AUG11SDSF-SD,95,5,270,yes
1754970770406,1754970770,KXMLBGAME-25AUG11SDSF-SF,6,94,108,yes
1754970770406,1754970770,KXMLBGAME-25AUG11SDSF-SF,7,93,26,yes
1754970770406,1754970770,KXMLBGAME-25AUG11SDSF-SF,7,93,15,yes
1754970771214,1754970771,KXMLBGAME-25AUG11SDSF-SD,95,5,140,yes
1754970775366,1754970775,KXMLBGAME-25AUG11SDSF-SD,95,5,70,yes
1754970781405,1754970781,KXMLBGAME-25AUG11SDSF-SD,95,5,30,yes
1754970789797,1754970789,KXMLBGAME-25AUG11SDSF-SF,4,96,8,no
1754970813356,1754970813,KXMLBGAME-25AUG11TBATH-ATH,9,91,100,no
1754970817535,1754970817,KXMLBGAME-25AUG11LADLAA-LAA,99,1,25,no
1754970823066,1754970823,KXMLBGAME-25AUG11TBATH-ATH,10,90,10,no
1754970823206,1754970823,KXMLBGAME-25AUG11TBATH-ATH,9,91,99,no
1754970823206,1754970823,KXMLBGAME-25AUG11TBATH-ATH,7,93,52,no
1754970823287,1754970823,KXMLBGAME-25AUG11TBATH-TB,91,9,17,yes
1754970825107,1754970825,KXMLBGAME-25AUG11TBATH-ATH,6,94,2,no
1754970827875,1754970827,KXMLBGAME-25AUG11TBATH-ATH,6,94,112,yes
1754970827875,1754970827,KXMLBGAME-25AUG11TBATH-ATH,7,93,726,yes
1754970827875,1754970827,KXMLBGAME-25AUG11TBATH-ATH,7,93,300,yes
1754970827875,1754970827,KXMLBGAME-25AUG11TBATH-ATH,8,92,191,yes
1754970835215,1754970835,KXMLBGAME-25AUG11TBATH-ATH,6,94,1,no
1754970835215,1754970835,KXMLBGAME-25AUG11TBATH-ATH,5,95,9,no
1754970836914,1754970836,KXMLBGAME-25AUG11SDSF-SD,96,4,1,yes
1754970838905,1754970838,KXMLBGAME-25AUG11SDSF-SD,96,4,15,yes
1754970839936,1754970839,KXMLBGAME-25AUG11TBATH-ATH,7,93,26,yes
1754970842066,1754970842,KXMLBGAME-25AUG11TBATH-ATH,7,93,75,yes
1754970842066,1754970842,KXMLBGAME-25AUG11TBATH-ATH,7,93,59,yes
1754970844374,1754970844,KXMLBGAME-25AUG11SDSF-SD,96,4,207,yes
1754970845617,1754970845,KXMLBGAME-25AUG11TBATH-TB,96,4,200,yes
1754970845617,1754970845,KXMLBGAME-25AUG11TBATH-TB,96,4,111,yes
1754970856706,1754970856,KXMLBGAME-25AUG11TBATH-ATH,7,93,16,no
1754970856706,1754970856,KXMLBGAME-25AUG11TBATH-TB,95,5,3,no
1754970856706,1754970856,KXMLBGAME-25AUG11TBATH-TB,95,5,13,no
1754970862385,1754970862,KXMLBGAME-25AUG11SDSF-SD,96,4,92,yes
1754970871715,1754970871,KXMLBGAME-25AUG11SDSF-SF,7,93,67,yes
1754970877596,1754970877,KXMLBGAME-25AUG11TBATH-ATH,6,94,1,no
1754970877614,1754970877,KXMLBGAME-25AUG11TBATH-ATH,5,95,75,no
1754970877624,1754970877,KXMLBGAME-25AUG11TBATH-TB,96,4,76,no
1754970877624,1754970877,KXMLBGAME-25AUG11TBATH-ATH,5,95,16,no
1754970877624,1754970877,KXMLBGAME-25AUG11TBATH-ATH,5,95,30,no
1754970889805,1754970889,KXMLBGAME-25AUG11TBATH-TB,98,2,10,yes
1754970889995,1754970889,KXMLBGAME-25AUG11TBATH-TB,95,5,2,no
1754970897925,1754970897,KXMLBGAME-25AUG11LADLAA-LAD,1,99,100,yes
1754970897925,1754970897,KXMLBGAME-25AUG11LADLAA-LAD,1,99,2,yes
1754970903876,1754970903,KXMLBGAME-25AUG11SDSF-SD,96,4,21,yes
1754970903895,1754970903,KXMLBGAME-25AUG11TBATH-TB,98,2,2,yes
1754970905876,1754970905,KXMLBGAME-25AUG11TBATH-ATH,5,95,18,yes
1754970910339,1754970910,KXMLBGAME-25AUG11SDSF-SD,95,5,122,yes
1754970910339,1754970910,KXMLBGAME-25AUG11SDSF-SD,96,4,34,yes
1754970910339,1754970910,KXMLBGAME-25AUG11SDSF-SD,97,3,112,yes
1754970910339,1754970910,KXMLBGAME-25AUG11SDSF-SD,97,3,287,yes
1754970913896,1754970913,KXMLBGAME-25AUG11TBATH-ATH,4,96,200,no
1754970913896,1754970913,KXMLBGAME-25AUG11TBATH-ATH,4,96,1,no
1754970913896,1754970913,KXMLBGAME-25AUG11TBATH-ATH,2,98,76,no
1754970921495,1754970921,KXMLBGAME-25AUG11LADLAA-LAD,1,99,467,yes
1754970933335,1754970933,KXMLBGAME-25AUG11SDSF-SD,97,3,4,yes
1754970933505,1754970933,KXMLBGAME-25AUG11SDSF-SF,4,96,26,no
1754970943315,1754970943,KXMLBGAME-25AUG11TBATH-TB,95,5,48,no
1754970943315,1754970943,KXMLBGAME-25AUG11TBATH-TB,95,5,200,no
1754970943315,1754970943,KXMLBGAME-25AUG11TBATH-TB,95,5,57,no
1754970943315,1754970943,KXMLBGAME-25AUG11TBATH-TB,95,5,300,no
1754970943315,1754970943,KXMLBGAME-25AUG11TBATH-TB,94,6,600,no
1754970943315,1754970943,KXMLBGAME-25AUG11TBATH-TB,93,7,141,no
1754970958554,1754970958,KXMLBGAME-25AUG11LADLAA-LAD,1,99,93,yes
1754970962214,1754970962,KXMLBGAME-25AUG11SDSF-SD,97,3,102,yes
1754970971167,1754970971,KXMLBGAME-25AUG11SDSF-SD,96,4,31,no
1754970980745,1754970980,KXMLBGAME-25AUG11SDSF-SF,5,95,2,yes
1754970980745,1754970980,KXMLBGAME-25AUG11SDSF-SF,5,95,63,yes
1754970980745,1754970980,KXMLBGAME-25AUG11SDSF-SF,5,95,28,yes
1754970980825,1754970980,KXMLBGAME-25AUG11SDSF-SD,97,3,4,yes
1754970986606,1754970986,KXMLBGAME-25AUG11SDSF-SD,97,3,112,yes
1754970986606,1754970986,KXMLBGAME-25AUG11SDSF-SD,97,3,72,yes
1754970988795,1754970988,KXMLBGAME-25AUG11SDSF-SD,97,3,228,yes
1754970988795,1754970988,KXMLBGAME-25AUG11SDSF-SD,97,3,112,yes
1754970988835,1754970988,KXMLBGAME-25AUG11SDSF-SD,97,3,166,no
1754970988835,1754970988,KXMLBGAME-25AUG11SDSF-SF,4,96,166,no
1754970990945,1754970990,KXMLBGAME-25AUG11TBATH-TB,98,2,50,yes
1754970992916,1754970992,KXMLBGAME-25AUG11TBATH-ATH,5,95,12,yes
1754970992916,1754970992,KXMLBGAME-25AUG11TBATH-ATH,5,95,88,yes
1754971022055,1754971022,KXMLBGAME-25AUG11TBATH-TB,98,2,1,yes
1754971022755,1754971022,KXMLBGAME-25AUG11TBATH-TB,98,2,50,yes
1754971026895,1754971026,KXMLBGAME-25AUG11TBATH-ATH,2,98,224,no
1754971026895,1754971026,KXMLBGAME-25AUG11TBATH-ATH,1,99,1000,no
1754971026895,1754971026,KXMLBGAME-25AUG11TBATH-ATH,1,99,671,no
1754971043166,1754971043,KXMLBGAME-25AUG11TBATH-TB,95,5,300,no
1754971043166,1754971043,KXMLBGAME-25AUG11TBATH-TB,94,6,3,no
1754971053436,1754971053,KXMLBGAME-25AUG11SDSF-SF,4,96,23,yes
1754971054104,1754971054,KXMLBGAME-25AUG11TBATH-TB,97,3,10,yes
1754971058415,1754971058,KXMLBGAME-25AUG11SDSF-SD,97,3,410,no
1754971061325,1754971061,KXMLBGAME-25AUG11LADLAA-LAD,1,99,14,yes
1754971062187,1754971062,KXMLBGAME-25AUG11SDSF-SF,4,96,89,yes
1754971062187,1754971062,KXMLBGAME-25AUG11SDSF-SF,4,96,23,yes
1754971062187,1754971062,KXMLBGAME-25AUG11SDSF-SF,5,95,97,yes
1754971065095,1754971065,KXMLBGAME-25AUG11SDSF-SD,97,3,52,no
1754971086766,1754971086,KXMLBGAME-25AUG11SDSF-SD,98,2,300,yes
1754971086766,1754971086,KXMLBGAME-25AUG11SDSF-SD,98,2,660,yes
1754971087356,1754971087,KXMLBGAME-25AUG11TBATH-TB,96,4,31,yes
1754971091895,1754971091,KXMLBGAME-25AUG11SDSF-SD,97,3,1,no
1754971091895,1754971091,KXMLBGAME-25AUG11SDSF-SD,97,3,3,no
1754971101055,1754971101,KXMLBGAME-25AUG11SDSF-SD,97,3,21,yes
1754971101055,1754971101,KXMLBGAME-25AUG11SDSF-SD,98,2,325,yes
1754971107855,1754971107,KXMLBGAME-25AUG11SDSF-SF,3,97,66,no
1754971107855,1754971107,KXMLBGAME-25AUG11SDSF-SF,2,98,60,no
1754971112396,1754971112,KXMLBGAME-25AUG11SDSF-SF,2,98,240,no
1754971112396,1754971112,KXMLBGAME-25AUG11SDSF-SF,2,98,43,no
1754971125435,1754971125,KXMLBGAME-25AUG11SDSF-SD,98,2,375,yes
1754971125435,1754971125,KXMLBGAME-25AUG11SDSF-SD,98,2,125,yes
1754971127147,1754971127,KXMLBGAME-25AUG11SDSF-SD,98,2,31,yes
1754971143105,1754971143,KXMLBGAME-25AUG11SDSF-SD,97,3,300,no
1754971143105,1754971143,KXMLBGAME-25AUG11SDSF-SD,97,3,96,no
1754971143105,1754971143,KXMLBGAME-25AUG11SDSF-SD,97,3,649,no
1754971149694,1754971149,KXMLBGAME-25AUG11LADLAA-LAD,1,99,186,yes
1754971149694,1754971149,KXMLBGAME-25AUG11LADLAA-LAD,1,99,281,yes
1754971150557,1754971150,KXMLBGAME-25AUG11TBATH-TB,96,4,81,yes
1754971150557,1754971150,KXMLBGAME-25AUG11TBATH-TB,96,4,31,yes
1754971150557,1754971150,KXMLBGAME-25AUG11TBATH-TB,97,3,427,yes
1754971162076,1754971162,KXMLBGAME-25AUG11TBATH-ATH,4,96,23,yes
1754971165274,1754971165,KXMLBGAME-25AUG11SDSF-SD,98,2,101,yes
1754971168735,1754971168,KXMLBGAME-25AUG11LADLAA-LAD,1,99,841,yes
1754971172557,1754971172,KXMLBGAME-25AUG11TBATH-ATH,3,97,142,no
1754971174356,1754971174,KXMLBGAME-25AUG11LADLAA-LAA,99,1,7,no
1754971180224,1754971180,KXMLBGAME-25AUG11TBATH-TB,95,5,94,no
1754971181907,1754971181,KXMLBGAME-25AUG11TBATH-TB,97,3,102,yes
1754971185608,1754971185,KXMLBGAME-25AUG11SDSF-SF,2,98,12,yes
1754971186747,1754971186,KXMLBGAME-25AUG11TBATH-TB,96,4,366,no
1754971197326,1754971197,KXMLBGAME-25AUG11TBATH-ATH,4,96,70,yes
1754971213124,1754971213,KXMLBGAME-25AUG11TBATH-ATH,4,96,106,yes
1754971215364,1754971215,KXMLBGAME-25AUG11SDSF-SD,97,3,72,no
1754971215364,1754971215,KXMLBGAME-25AUG11SDSF-SD,97,3,300,no
1754971215364,1754971215,KXMLBGAME-25AUG11SDSF-SD,97,3,102,no
1754971217156,1754971217,KXMLBGAME-25AUG11SDSF-SD,97,3,15,no
1754971228597,1754971228,KXMLBGAME-25AUG11SDSF-SD,99,1,114,yes
1754971231656,1754971231,KXMLBGAME-25AUG11TBATH-TB,96,4,112,yes
1754971231656,1754971231,KXMLBGAME-25AUG11TBATH-TB,96,4,10,yes
1754971231656,1754971231,KXMLBGAME-25AUG11TBATH-TB,97,3,250,yes
1754971231656,1754971231,KXMLBGAME-25AUG11TBATH-TB,97,3,40,yes
1754971233150,1754971233,KXMLBGAME-25AUG11TBATH-TB,96,4,112,yes
1754971233151,1754971233,KXMLBGAME-25AUG11TBATH-TB,97,3,468,yes
1754971235588,1754971235,KXMLBGAME-25AUG11TBATH-ATH,4,96,11,no
1754971240766,1754971240,KXMLBGAME-25AUG11SDSF-SF,2,98,46,yes
1754971250796,1754971250,KXMLBGAME-25AUG11SDSF-SF,2,98,242,yes
1754971250796,1754971250,KXMLBGAME-25AUG11SDSF-SF,3,97,54,yes
1754971250796,1754971250,KXMLBGAME-25AUG11SDSF-SF,3,97,96,yes
1754971254494,1754971254,KXMLBGAME-25AUG11TBATH-TB,96,4,300,yes
1754971254494,1754971254,KXMLBGAME-25AUG11TBATH-TB,96,4,115,yes
1754971259575,1754971259,KXMLBGAME-25AUG11TBATH-ATH,5,95,17,yes
1754971264235,1754971264,KXMLBGAME-25AUG11SDSF-SF,1,99,10,no
1754971264235,1754971264,KXMLBGAME-25AUG11SDSF-SD,98,2,5,no
1754971268685,1754971268,KXMLBGAME-25AUG11TBATH-ATH,6,94,15,yes
1754971274776,1754971274,KXMLBGAME-25AUG11SDSF-SD,97,3,31,no
1754971282775,1754971282,KXMLBGAME-25AUG11SDSF-SF,3,97,31,yes
1754971293335,1754971293,KXMLBGAME-25AUG11SDSF-SD,98,2,101,yes
1754971295726,1754971295,KXMLBGAME-25AUG11TBATH-TB,97,3,1,yes
1754971296318,1754971296,KXMLBGAME-25AUG11SDSF-SD,98,2,50,yes
1754971297386,1754971297,KXMLBGAME-25AUG11SDSF-SD,98,2,723,yes
1754971297386,1754971297,KXMLBGAME-25AUG11SDSF-SD,99,1,886,yes
1754971297386,1754971297,KXMLBGAME-25AUG11SDSF-SD,99,1,475,yes
1754971297386,1754971297,KXMLBGAME-25AUG11SDSF-SD,99,1,1000,yes
1754971297386,1754971297,KXMLBGAME-25AUG11SDSF-SD,99,1,300,yes
1754971297386,1754971297,KXMLBGAME-25AUG11SDSF-SD,99,1,112,yes
1754971297786,1754971297,KXMLBGAME-25AUG11TBATH-TB,96,4,83,no
1754971297794,1754971297,KXMLBGAME-25AUG11TBATH-ATH,5,95,83,no
1754971297815,1754971297,KXMLBGAME-25AUG11TBATH-TB,96,4,29,no
1754971303104,1754971303,KXMLBGAME-25AUG11LADLAA-LAD,1,99,93,yes
1754971308705,1754971308,KXMLBGAME-25AUG11SDSF-SD,99,1,100,yes
1754971311555,1754971311,KXMLBGAME-25AUG11TBATH-ATH,3,97,34,no
1754971314235,1754971314,KXMLBGAME-25AUG11TBATH-TB,98,2,140,yes
1754971320257,1754971320,KXMLBGAME-25AUG11TBATH-TB,98,2,47,yes
1754971320257,1754971320,KXMLBGAME-25AUG11TBATH-TB,98,2,13,yes
1754971320257,1754971320,KXMLBGAME-25AUG11TBATH-TB,98,2,41,yes
1754971325716,1754971325,KXMLBGAME-25AUG11SDSF-SD,98,2,86,no
1754971325716,1754971325,KXMLBGAME-25AUG11SDSF-SD,98,2,5,no
1754971325766,1754971325,KXMLBGAME-25AUG11SDSF-SD,98,2,213,yes
1754971326686,1754971326,KXMLBGAME-25AUG11LADLAA-LAD,1,99,999,yes
1754971344304,1754971344,KXMLBGAME-25AUG11TBATH-ATH,6,94,15,yes
1754971347796,1754971347,KXMLBGAME-25AUG11SDSF-SD,97,3,100,no
1754971347796,1754971347,KXMLBGAME-25AUG11SDSF-SD,97,3,5,no
1754971347796,1754971347,KXMLBGAME-25AUG11SDSF-SD,97,3,879,no
1754971347796,1754971347,KXMLBGAME-25AUG11SDSF-SD,96,4,6,no
1754971347796,1754971347,KXMLBGAME-25AUG11SDSF-SD,96,4,300,no
1754971347796,1754971347,KXMLBGAME-25AUG11SDSF-SD,96,4,70,no
1754971354515,1754971354,KXMLBGAME-25AUG11TBATH-ATH,6,94,15,yes
1754971361914,1754971361,KXMLBGAME-25AUG11LADLAA-LAD,1,99,467,yes
1754971364155,1754971364,KXMLBGAME-25AUG11LADLAA-LAD,1,99,519,yes
1754971364155,1754971364,KXMLBGAME-25AUG11LADLAA-LAD,1,99,102,yes
1754971364155,1754971364,KXMLBGAME-25AUG11LADLAA-LAD,2,98,206,yes
1754971364155,1754971364,KXMLBGAME-25AUG11LADLAA-LAD,2,98,1822,yes
1754971382315,1754971382,KXMLBGAME-25AUG11SDSF-SF,3,97,156,yes
1754971384456,1754971384,KXMLBGAME-25AUG11TBATH-ATH,4,96,26,no
1754971395035,1754971395,KXMLBGAME-25AUG11LADLAA-LAA,99,1,325,no
1754971400298,1754971400,KXMLBGAME-25AUG11SDSF-SD,97,3,5,no
1754971400298,1754971400,KXMLBGAME-25AUG11SDSF-SD,96,4,166,no
1754971407255,1754971407,KXMLBGAME-25AUG11SDSF-SD,98,2,36,yes
1754971407255,1754971407,KXMLBGAME-25AUG11SDSF-SD,99,1,29,yes
1754971412545,1754971412,KXMLBGAME-25AUG11SDSF-SD,99,1,325,yes
1754971414055,1754971414,KXMLBGAME-25AUG11TBATH-ATH,9,91,230,yes
1754971414055,1754971414,KXMLBGAME-25AUG11TBATH-ATH,9,91,2,yes
1754971418325,1754971418,KXMLBGAME-25AUG11TBATH-TB,83,17,50,no
1754971418325,1754971418,KXMLBGAME-25AUG11TBATH-TB,83,17,50,no
1754971418525,1754971418,KXMLBGAME-25AUG11TBATH-TB,82,18,10,no
1754971418525,1754971418,KXMLBGAME-25AUG11TBATH-TB,82,18,2,no
1754971421025,1754971420,KXMLBGAME-25AUG11LADLAA-LAA,99,1,4111,no
1754971421025,1754971420,KXMLBGAME-25AUG11LADLAA-LAA,99,1,1,no
1754971427155,1754971427,KXMLBGAME-25AUG11LADLAA-LAD,2,98,46,yes
1754971429865,1754971429,KXMLBGAME-25AUG11TBATH-ATH,16,84,1,yes
1754971429865,1754971429,KXMLBGAME-25AUG11TBATH-ATH,17,83,58,yes
1754971431695,1754971431,KXMLBGAME-25AUG11LADLAA-LAD,2,98,421,yes
1754971432284,1754971432,KXMLBGAME-25AUG11LADLAA-LAD,2,98,342,yes
1754971432324,1754971432,KXMLBGAME-25AUG11LADLAA-LAD,3,97,242,yes
1754971432324,1754971432,KXMLBGAME-25AUG11LADLAA-LAD,3,97,100,yes
1754971432324,1754971432,KXMLBGAME-25AUG11LADLAA-LAD,3,97,100,yes
1754971432846,1754971432,KXMLBGAME-25AUG11LADLAA-LAD,3,97,200,yes
1754971433045,1754971433,KXMLBGAME-25AUG11LADLAA-LAA,97,3,300,no
1754971433045,1754971433,KXMLBGAME-25AUG11LADLAA-LAA,97,3,1,no
1754971436828,1754971436,KXMLBGAME-25AUG11TBATH-ATH,17,83,300,yes
1754971436870,1754971436,KXMLBGAME-25AUG11TBATH-TB,85,15,29,yes
1754971439017,1754971438,KXMLBGAME-25AUG11TBATH-ATH,15,85,15,no
1754971439796,1754971439,KXMLBGAME-25AUG11TBATH-ATH,15,85,5,no
1754971440675,1754971440,KXMLBGAME-25AUG11SDSF-SF,3,97,100,yes
1754971440675,1754971440,KXMLBGAME-25AUG11SDSF-SF,3,97,300,yes
1754971440675,1754971440,KXMLBGAME-25AUG11SDSF-SF,3,97,65,yes
1754971440675,1754971440,KXMLBGAME-25AUG11SDSF-SF,3,97,96,yes
1754971447406,1754971447,KXMLBGAME-25AUG11TBATH-TB,85,15,8,yes
1754971450225,1754971450,KXMLBGAME-25AUG11SDSF-SD,99,1,46,yes
1754971451976,1754971451,KXMLBGAME-25AUG11TBATH-ATH,16,84,171,yes
1754971451976,1754971451,KXMLBGAME-25AUG11TBATH-ATH,17,83,394,yes
1754971457606,1754971457,KXMLBGAME-25AUG11TBATH-ATH,17,83,27,yes
1754971467058,1754971466,KXMLBGAME-25AUG11TBATH-ATH,17,83,1,yes
1754971467058,1754971466,KXMLBGAME-25AUG11TBATH-ATH,17,83,300,yes
1754971467058,1754971466,KXMLBGAME-25AUG11TBATH-ATH,17,83,109,yes
1754971467058,1754971466,KXMLBGAME-25AUG11TBATH-ATH,18,82,10,yes
1754971467058,1754971466,KXMLBGAME-25AUG11TBATH-ATH,18,82,41,yes
1754971467058,1754971466,KXMLBGAME-25AUG11TBATH-ATH,18,82,86,yes
1754971477736,1754971477,KXMLBGAME-25AUG11TBATH-ATH,16,84,1,yes
1754971477736,1754971477,KXMLBGAME-25AUG11TBATH-ATH,17,83,82,yes
1754971481905,1754971481,KXMLBGAME-25AUG11LADLAA-LAD,4,96,100,yes
1754971482826,1754971482,KXMLBGAME-25AUG11TBATH-ATH,16,84,2,yes
1754971482826,1754971482,KXMLBGAME-25AUG11TBATH-ATH,17,83,3,yes
1754971483995,1754971483,KXMLBGAME-25AUG11TBATH-ATH,17,83,33,yes
1754971485655,1754971485,KXMLBGAME-25AUG11LADLAA-LAD,4,96,46,yes
1754971485665,1754971485,KXMLBGAME-25AUG11TBATH-ATH,17,83,72,yes
1754971486268,1754971486,KXMLBGAME-25AUG11TBATH-TB,85,15,112,yes
1754971486268,1754971486,KXMLBGAME-25AUG11TBATH-TB,86,14,722,yes
1754971486268,1754971486,KXMLBGAME-25AUG11TBATH-TB,86,14,300,yes
1754971486269,1754971486,KXMLBGAME-25AUG11TBATH-TB,86,14,200,yes
1754971486269,1754971486,KXMLBGAME-25AUG11TBATH-TB,86,14,400,yes
1754971486269,1754971486,KXMLBGAME-25AUG11TBATH-TB,86,14,250,yes
1754971486375,1754971486,KXMLBGAME-25AUG11TBATH-ATH,15,85,112,no
1754971486375,1754971486,KXMLBGAME-25AUG11TBATH-ATH,15,85,50,no
1754971486395,1754971486,KXMLBGAME-25AUG11TBATH-TB,86,14,209,no
1754971488676,1754971488,KXMLBGAME-25AUG11SDSF-SF,1,99,13,no
1754971492635,1754971492,KXMLBGAME-25AUG11TBATH-ATH,16,84,11,yes
1754971492675,1754971492,KXMLBGAME-25AUG11TBATH-ATH,16,84,11,yes
1754971494867,1754971494,KXMLBGAME-25AUG11LADLAA-LAD,4,96,117,yes
1754971495225,1754971495,KXMLBGAME-25AUG11TBATH-ATH,15,85,2,yes
1754971496436,1754971496,KXMLBGAME-25AUG11LADLAA-LAD,4,96,279,yes
1754971496436,1754971496,KXMLBGAME-25AUG11LADLAA-LAD,4,96,501,yes
1754971496436,1754971496,KXMLBGAME-25AUG11LADLAA-LAD,5,95,566,yes
1754971496436,1754971496,KXMLBGAME-25AUG11LADLAA-LAD,5,95,112,yes
1754971496436,1754971496,KXMLBGAME-25AUG11LADLAA-LAD,6,94,400,yes
1754971496436,1754971496,KXMLBGAME-25AUG11LADLAA-LAD,6,94,77,yes
1754971501186,1754971501,KXMLBGAME-25AUG11LADLAA-LAD,5,95,93,yes
1754971506285,1754971506,KXMLBGAME-25AUG11TBATH-ATH,13,87,8,no
1754971509255,1754971509,KXMLBGAME-25AUG11TBATH-ATH,14,86,168,yes
1754971509768,1754971509,KXMLBGAME-25AUG11LADLAA-LAD,6,94,15,yes
1754971513534,1754971513,KXMLBGAME-25AUG11LADLAA-LAD,4,96,7,no
1754971514427,1754971514,KXMLBGAME-25AUG11TBATH-ATH,14,86,32,yes
1754971514427,1754971514,KXMLBGAME-25AUG11TBATH-ATH,15,85,26,yes
1754971515416,1754971515,KXMLBGAME-25AUG11LADLAA-LAD,6,94,78,yes
1754971517635,1754971517,KXMLBGAME-25AUG11LADLAA-LAD,6,94,15,yes
1754971519968,1754971519,KXMLBGAME-25AUG11LADLAA-LAD,6,94,3,yes
1754971521525,1754971521,KXMLBGAME-25AUG11TBATH-ATH,15,85,18,yes
1754971530301,1754971530,KXMLBGAME-25AUG11LADLAA-LAD,6,94,156,yes
1754971532346,1754971532,KXMLBGAME-25AUG11TBATH-TB,87,13,86,yes
1754971532346,1754971532,KXMLBGAME-25AUG11TBATH-TB,87,13,40,yes
1754971532415,1754971532,KXMLBGAME-25AUG11TBATH-TB,87,13,1,yes
1754971533736,1754971533,KXMLBGAME-25AUG11TBATH-ATH,15,85,31,yes
1754971537345,1754971537,KXMLBGAME-25AUG11LADLAA-LAD,6,94,87,yes
1754971537346,1754971537,KXMLBGAME-25AUG11LADLAA-LAD,6,94,69,yes
1754971540964,1754971540,KXMLBGAME-25AUG11LADLAA-LAA,95,5,49,no
1754971542934,1754971542,KXMLBGAME-25AUG11TBATH-ATH,15,85,62,yes
1754971542966,1754971542,KXMLBGAME-25AUG11LADLAA-LAA,96,4,181,yes
1754971544095,1754971544,KXMLBGAME-25AUG11TBATH-TB,87,13,1,yes
1754971551325,1754971551,KXMLBGAME-25AUG11LADLAA-LAD,4,96,26,no
1754971554116,1754971554,KXMLBGAME-25AUG11TBATH-TB,87,13,1,yes
1754971555415,1754971555,KXMLBGAME-25AUG11LADLAA-LAA,96,4,1,yes
1754971562825,1754971562,KXMLBGAME-25AUG11LADLAA-LAD,6,94,5,yes
1754971575627,1754971575,KXMLBGAME-25AUG11LADLAA-LAD,6,94,31,yes
1754971577265,1754971577,KXMLBGAME-25AUG11SDSF-SD,98,2,101,yes
1754971578146,1754971578,KXMLBGAME-25AUG11LADLAA-LAA,95,5,60,no
1754971579686,1754971579,KXMLBGAME-25AUG11TBATH-TB,87,13,1,yes
1754971582435,1754971582,KXMLBGAME-25AUG11TBATH-TB,87,13,50,yes
1754971583038,1754971582,KXMLBGAME-25AUG11LADLAA-LAD,6,94,29,yes
1754971583038,1754971582,KXMLBGAME-25AUG11LADLAA-LAD,6,94,71,yes
1754971587127,1754971587,KXMLBGAME-25AUG11LADLAA-LAD,4,96,17,no
1754971587127,1754971587,KXMLBGAME-25AUG11LADLAA-LAD,4,96,112,no
1754971589956,1754971589,KXMLBGAME-25AUG11LADLAA-LAD,4,96,70,yes
1754971598735,1754971598,KXMLBGAME-25AUG11LADLAA-LAD,4,96,4,yes
1754971599485,1754971599,KXMLBGAME-25AUG11LADLAA-LAD,4,96,100,yes
1754971603855,1754971603,KXMLBGAME-25AUG11LADLAA-LAD,3,97,112,no
1754971603855,1754971603,KXMLBGAME-25AUG11LADLAA-LAD,3,97,300,no
1754971606055,1754971606,KXMLBGAME-25AUG11LADLAA-LAD,3,97,156,yes
1754971606695,1754971606,KXMLBGAME-25AUG11LADLAA-LAD,3,97,31,yes
1754971608535,1754971608,KXMLBGAME-25AUG11TBATH-ATH,15,85,46,yes
1754971611066,1754971611,KXMLBGAME-25AUG11LADLAA-LAD,3,97,624,yes
1754971611975,1754971611,KXMLBGAME-25AUG11LADLAA-LAD,3,97,90,yes
1754971613605,1754971613,KXMLBGAME-25AUG11TBATH-ATH,15,85,15,yes
1754971617945,1754971617,KXMLBGAME-25AUG11LADLAA-LAA,97,3,20,yes
1754971622126,1754971622,KXMLBGAME-25AUG11LADLAA-LAD,3,97,312,yes
1754971624684,1754971624,KXMLBGAME-25AUG11SDSF-SF,2,98,300,no
1754971626449,1754971626,KXMLBGAME-25AUG11LADLAA-LAD,3,97,10,yes
1754971626655,1754971626,KXMLBGAME-25AUG11TBATH-ATH,14,86,2,yes
1754971626655,1754971626,KXMLBGAME-25AUG11TBATH-ATH,14,86,547,yes
1754971626655,1754971626,KXMLBGAME-25AUG11TBATH-ATH,15,85,81,yes
1754971627444,1754971627,KXMLBGAME-25AUG11SDSF-SD,97,3,5,no
1754971627445,1754971627,KXMLBGAME-25AUG11SDSF-SD,97,3,23,no
1754971637307,1754971637,KXMLBGAME-25AUG11SDSF-SD,97,3,205,no
1754971641397,1754971641,KXMLBGAME-25AUG11LADLAA-LAD,3,97,468,yes
1754971644445,1754971644,KXMLBGAME-25AUG11LADLAA-LAD,3,97,31,yes
1754971648264,1754971648,KXMLBGAME-25AUG11LADLAA-LAA,97,3,300,yes
1754971648627,1754971648,KXMLBGAME-25AUG11SDSF-SD,99,1,97,yes
1754971648627,1754971648,KXMLBGAME-25AUG11SDSF-SD,99,1,200,yes
1754971648627,1754971648,KXMLBGAME-25AUG11SDSF-SD,99,1,112,yes
1754971648627,1754971648,KXMLBGAME-25AUG11SDSF-SD,99,1,300,yes
1754971650327,1754971650,KXMLBGAME-25AUG11LADLAA-LAD,3,97,31,yes
1754971651736,1754971651,KXMLBGAME-25AUG11TBATH-TB,87,13,2,yes
1754971651736,1754971651,KXMLBGAME-25AUG11TBATH-TB,88,12,1,yes
1754971653426,1754971653,KXMLBGAME-25AUG11LADLAA-LAA,98,2,101,yes
1754971654424,1754971654,KXMLBGAME-25AUG11TBATH-ATH,15,85,37,yes
1754971655816,1754971655,KXMLBGAME-25AUG11TBATH-ATH,15,85,12,yes
1754971658935,1754971658,KXMLBGAME-25AUG11LADLAA-LAD,3,97,312,yes
1754971659957,1754971659,KXMLBGAME-25AUG11LADLAA-LAA,97,3,1,yes
1754971660875,1754971660,KXMLBGAME-25AUG11LADLAA-LAA,97,3,1,yes
1754971662397,1754971662,KXMLBGAME-25AUG11LADLAA-LAD,3,97,62,yes
1754971666885,1754971666,KXMLBGAME-25AUG11LADLAA-LAD,3,97,50,yes
1754971672176,1754971672,KXMLBGAME-25AUG11TBATH-ATH,15,85,1,yes
1754971674755,1754971674,KXMLBGAME-25AUG11LADLAA-LAD,3,97,31,yes
1754971682846,1754971682,KXMLBGAME-25AUG11LADLAA-LAD,3,97,5,yes
1754971690765,1754971690,KXMLBGAME-25AUG11LADLAA-LAD,3,97,8,yes
1754971690874,1754971690,KXMLBGAME-25AUG11LADLAA-LAD,3,97,156,yes
1754971691583,1754971691,KXMLBGAME-25AUG11TBATH-TB,89,11,55,yes
1754971697757,1754971697,KXMLBGAME-25AUG11LADLAA-LAA,95,5,50,yes
1754971700307,1754971700,KXMLBGAME-25AUG11LADLAA-LAD,3,97,50,yes
1754971702266,1754971702,KXMLBGAME-25AUG11SDSF-SD,99,1,1000,yes
1754971702274,1754971702,KXMLBGAME-25AUG11SDSF-SD,99,1,112,yes
1754971702274,1754971702,KXMLBGAME-25AUG11SDSF-SD,99,1,300,yes
1754971702996,1754971702,KXMLBGAME-25AUG11LADLAA-LAD,3,97,218,yes
1754971703386,1754971703,KXMLBGAME-25AUG11LADLAA-LAD,3,97,624,yes
1754971703606,1754971703,KXMLBGAME-25AUG11LADLAA-LAD,3,97,16,yes
1754971709866,1754971709,KXMLBGAME-25AUG11LADLAA-LAA,95,5,50,yes
1754971710974,1754971710,KXMLBGAME-25AUG11LADLAA-LAD,6,94,109,yes
1754971713064,1754971713,KXMLBGAME-25AUG11LADLAA-LAD,6,94,15,yes
1754971716954,1754971716,KXMLBGAME-25AUG11LADLAA-LAD,3,97,284,no
1754971720927,1754971720,KXMLBGAME-25AUG11TBATH-ATH,13,87,722,yes
1754971720927,1754971720,KXMLBGAME-25AUG11TBATH-ATH,13,87,112,yes
1754971720927,1754971720,KXMLBGAME-25AUG11TBATH-ATH,14,86,200,yes
1754971720927,1754971720,KXMLBGAME-25AUG11TBATH-ATH,14,86,300,yes
1754971720927,1754971720,KXMLBGAME-25AUG11TBATH-ATH,14,86,72,yes
1754971726358,1754971726,KXMLBGAME-25AUG11LADLAA-LAD,3,97,1,yes
1754971727975,1754971727,KXMLBGAME-25AUG11TBATH-ATH,14,86,200,yes
1754971727975,1754971727,KXMLBGAME-25AUG11TBATH-ATH,14,86,7,yes
1754971731785,1754971731,KXMLBGAME-25AUG11LADLAA-LAD,3,97,156,yes
1754971737206,1754971737,KXMLBGAME-25AUG11TBATH-ATH,14,86,33,yes
1754971737465,1754971737,KXMLBGAME-25AUG11TBATH-TB,88,12,72,yes
1754971737465,1754971737,KXMLBGAME-25AUG11TBATH-TB,88,12,155,yes
1754971740694,1754971740,KXMLBGAME-25AUG11TBATH-ATH,14,86,20,yes
1754971743735,1754971743,KXMLBGAME-25AUG11SDSF-SF,2,98,233,yes
1754971744418,1754971744,KXMLBGAME-25AUG11TBATH-TB,88,12,6,yes
1754971744805,1754971744,KXMLBGAME-25AUG11LADLAA-LAD,2,98,500,no
1754971744805,1754971744,KXMLBGAME-25AUG11LADLAA-LAD,2,98,600,no
1754971744805,1754971744,KXMLBGAME-25AUG11LADLAA-LAD,2,98,300,no
1754971746435,1754971746,KXMLBGAME-25AUG11LADLAA-LAA,97,3,23,yes
1754971746857,1754971746,KXMLBGAME-25AUG11LADLAA-LAD,2,98,46,yes
1754971751837,1754971751,KXMLBGAME-25AUG11LADLAA-LAD,2,98,113,yes
1754971757495,1754971757,KXMLBGAME-25AUG11LADLAA-LAA,97,3,54,yes
1754971757495,1754971757,KXMLBGAME-25AUG11LADLAA-LAA,97,3,18,yes
1754971761274,1754971761,KXMLBGAME-25AUG11LADLAA-LAD,6,94,105,yes
1754971761274,1754971761,KXMLBGAME-25AUG11LADLAA-LAD,6,94,4,yes
1754971765306,1754971765,KXMLBGAME-25AUG11TBATH-TB,86,14,41,no
1754971769387,1754971769,KXMLBGAME-25AUG11LADLAA-LAD,3,97,156,yes
1754971771845,1754971771,KXMLBGAME-25AUG11LADLAA-LAD,2,98,300,no
1754971771845,1754971771,KXMLBGAME-25AUG11LADLAA-LAD,2,98,85,no
1754971779387,1754971779,KXMLBGAME-25AUG11LADLAA-LAA,95,5,124,no
1754971780065,1754971780,KXMLBGAME-25AUG11LADLAA-LAD,3,97,6,yes
1754971786035,1754971786,KXMLBGAME-25AUG11SDSF-SF,2,98,46,yes
1754971790044,1754971790,KXMLBGAME-25AUG11SDSF-SF,1,99,148,no
1754971794476,1754971794,KXMLBGAME-25AUG11TBATH-ATH,13,87,30,yes
1754971794557,1754971794,KXMLBGAME-25AUG11TBATH-TB,89,11,223,yes
1754971799576,1754971799,KXMLBGAME-25AUG11TBATH-TB,90,10,9,yes
1754971799576,1754971799,KXMLBGAME-25AUG11LADLAA-LAD,3,97,312,yes
1754971800826,1754971800,KXMLBGAME-25AUG11TBATH-TB,90,10,110,yes
1754971801035,1754971801,KXMLBGAME-25AUG11TBATH-ATH,12,88,8,no
1754971802186,1754971802,KXMLBGAME-25AUG11TBATH-ATH,13,87,79,yes
1754971802616,1754971802,KXMLBGAME-25AUG11TBATH-ATH,12,88,12,no
1754971805015,1754971804,KXMLBGAME-25AUG11LADLAA-LAD,2,98,215,no
1754971805015,1754971804,KXMLBGAME-25AUG11LADLAA-LAD,2,98,300,no
1754971806536,1754971806,KXMLBGAME-25AUG11SDSF-SD,98,2,104,no
1754971806536,1754971806,KXMLBGAME-25AUG11SDSF-SD,97,3,311,no
1754971813456,1754971813,KXMLBGAME-25AUG11LADLAA-LAD,1,99,85,no
1754971813456,1754971813,KXMLBGAME-25AUG11LADLAA-LAD,1,99,300,no
1754971820145,1754971820,KXMLBGAME-25AUG11LADLAA-LAD,1,99,280,yes
1754971823005,1754971822,KXMLBGAME-25AUG11LADLAA-LAD,1,99,346,yes
1754971823005,1754971822,KXMLBGAME-25AUG11LADLAA-LAD,6,94,98,yes
1754971825467,1754971825,KXMLBGAME-25AUG11TBATH-ATH,12,88,300,yes
1754971825467,1754971825,KXMLBGAME-25AUG11TBATH-ATH,12,88,84,yes
1754971825467,1754971825,KXMLBGAME-25AUG11TBATH-ATH,13,87,200,yes
1754971825467,1754971825,KXMLBGAME-25AUG11TBATH-ATH,13,87,170,yes
1754971828255,1754971828,KXMLBGAME-25AUG11LADLAA-LAD,6,94,62,yes
1754971838735,1754971838,KXMLBGAME-25AUG11SDSF-SF,1,99,829,no
1754971838735,1754971838,KXMLBGAME-25AUG11SDSF-SF,1,99,75,no
1754971838735,1754971838,KXMLBGAME-25AUG11SDSF-SF,1,99,300,no
1754971838735,1754971838,KXMLBGAME-25AUG11SDSF-SF,1,99,217,no
1754971839536,1754971839,KXMLBGAME-25AUG11LADLAA-LAD,6,94,15,yes
1754971841585,1754971841,KXMLBGAME-25AUG11LADLAA-LAD,6,94,31,yes
1754971846546,1754971846,KXMLBGAME-25AUG11TBATH-TB,87,13,94,no
1754971853045,1754971853,KXMLBGAME-25AUG11SDSF-SD,97,3,121,no
1754971854865,1754971854,KXMLBGAME-25AUG11SDSF-SF,3,97,3,yes
1754971855776,1754971855,KXMLBGAME-25AUG11SDSF-SD,97,3,22,no
1754971863306,1754971863,KXMLBGAME-25AUG11SDSF-SF,1,99,2128,no
1754971863306,1754971863,KXMLBGAME-25AUG11SDSF-SF,1,99,112,no
1754971863306,1754971863,KXMLBGAME-25AUG11SDSF-SF,1,99,1234,no
1754971863306,1754971863,KXMLBGAME-25AUG11SDSF-SF,1,99,300,no
1754971874906,1754971874,KXMLBGAME-25AUG11LADLAA-LAD,6,94,94,yes
1754971874906,1754971874,KXMLBGAME-25AUG11LADLAA-LAD,7,93,75,yes
1754971874906,1754971874,KXMLBGAME-25AUG11LADLAA-LAD,7,93,501,yes
1754971879196,1754971879,KXMLBGAME-25AUG11TBATH-ATH,13,87,300,yes
1754971879196,1754971879,KXMLBGAME-25AUG11TBATH-ATH,13,87,425,yes
1754971880418,1754971880,KXMLBGAME-25AUG11SDSF-SF,1,99,226,yes
1754971880627,1754971880,KXMLBGAME-25AUG11SDSF-SD,97,3,65,no
1754971885735,1754971885,KXMLBGAME-25AUG11LADLAA-LAD,6,94,300,yes
1754971885735,1754971885,KXMLBGAME-25AUG11LADLAA-LAD,7,93,24,yes
1754971886156,1754971886,KXMLBGAME-25AUG11SDSF-SD,98,2,1,yes
1754971888407,1754971888,KXMLBGAME-25AUG11TBATH-ATH,13,87,36,yes
1754971897995,1754971897,KXMLBGAME-25AUG11LADLAA-LAA,95,5,8,no
1754971901485,1754971901,KXMLBGAME-25AUG11SDSF-SD,98,2,51,no
1754971902375,1754971902,KXMLBGAME-25AUG11SDSF-SD,99,1,93,yes
1754971906637,1754971906,KXMLBGAME-25AUG11LADLAA-LAD,6,94,46,yes
1754971909325,1754971909,KXMLBGAME-25AUG11SDSF-SF,2,98,93,yes
1754971910195,1754971910,KXMLBGAME-25AUG11SDSF-SD,99,1,15,yes
1754971912176,1754971912,KXMLBGAME-25AUG11LADLAA-LAA,96,4,139,yes
1754971918886,1754971918,KXMLBGAME-25AUG11LADLAA-LAD,6,94,312,yes
1754971921356,1754971921,KXMLBGAME-25AUG11LADLAA-LAD,6,94,140,yes
1754971926165,1754971926,KXMLBGAME-25AUG11LADLAA-LAD,5,95,18,yes
1754971926775,1754971926,KXMLBGAME-25AUG11TBATH-TB,89,11,1,yes
1754971930105,1754971930,KXMLBGAME-25AUG11LADLAA-LAD,5,95,37,yes
1754971931054,1754971931,KXMLBGAME-25AUG11TBATH-ATH,13,87,4,yes
1754971933607,1754971933,KXMLBGAME-25AUG11SDSF-SD,99,1,252,yes
1754971934448,1754971934,KXMLBGAME-25AUG11SDSF-SD,98,2,48,no
1754971934448,1754971934,KXMLBGAME-25AUG11SDSF-SD,98,2,69,no
1754971942745,1754971942,KXMLBGAME-25AUG11TBATH-ATH,13,87,7,yes
1754971945727,1754971945,KXMLBGAME-25AUG11LADLAA-LAD,4,96,566,no
1754971964666,1754971964,KXMLBGAME-25AUG11TBATH-ATH,11,89,1,no
1754971964666,1754971964,KXMLBGAME-25AUG11TBATH-ATH,11,89,5,no
1754971965767,1754971965,KXMLBGAME-25AUG11LADLAA-LAA,96,4,42,yes
1754971970705,1754971970,KXMLBGAME-25AUG11TBATH-ATH,11,89,102,yes
1754971971194,1754971971,KXMLBGAME-25AUG11SDSF-SF,2,98,7,yes
1754971971194,1754971971,KXMLBGAME-25AUG11SDSF-SF,2,98,86,yes
1754971973806,1754971973,KXMLBGAME-25AUG11LADLAA-LAD,5,95,37,yes
1754971974604,1754971974,KXMLBGAME-25AUG11TBATH-ATH,11,89,17,yes
1754971979305,1754971979,KXMLBGAME-25AUG11TBATH-TB,89,11,21,yes
1754971992136,1754971992,KXMLBGAME-25AUG11LADLAA-LAA,96,4,19,yes
1754971992136,1754971992,KXMLBGAME-25AUG11LADLAA-LAA,97,3,87,yes
1754971996074,1754971996,KXMLBGAME-25AUG11LADLAA-LAD,5,95,93,yes
1754972008717,1754972008,KXMLBGAME-25AUG11LADLAA-LAD,5,95,315,yes
1754972008717,1754972008,KXMLBGAME-25AUG11LADLAA-LAD,5,95,110,yes
1754972008717,1754972008,KXMLBGAME-25AUG11LADLAA-LAD,6,94,36,yes
1754972014385,1754972014,KXMLBGAME-25AUG11SDSF-SF,1,99,2000,no
1754972017956,1754972017,KXMLBGAME-25AUG11LADLAA-LAD,5,95,82,yes
1754972017956,1754972017,KXMLBGAME-25AUG11LADLAA-LAD,6,94,264,yes
1754972017956,1754972017,KXMLBGAME-25AUG11LADLAA-LAD,6,94,200,yes
1754972017956,1754972017,KXMLBGAME-25AUG11LADLAA-LAD,6,94,343,yes
1754972018835,1754972018,KXMLBGAME-25AUG11TBATH-ATH,11,89,2,yes
1754972018835,1754972018,KXMLBGAME-25AUG11TBATH-ATH,11,89,6,yes
1754972019596,1754972019,KXMLBGAME-25AUG11TBATH-ATH,11,89,85,yes
1754972023546,1754972023,KXMLBGAME-25AUG11TBATH-TB,90,10,108,yes
1754972024457,1754972024,KXMLBGAME-25AUG11SDSF-SF,1,99,93,yes
1754972029485,1754972029,KXMLBGAME-25AUG11LADLAA-LAD,6,94,62,yes
1754972029485,1754972029,KXMLBGAME-25AUG11LADLAA-LAD,6,94,16,yes
1754972034775,1754972034,KXMLBGAME-25AUG11SDSF-SD,99,1,27,no
1754972039535,1754972039,KXMLBGAME-25AUG11LADLAA-LAD,6,94,15,yes
1754972054176,1754972054,KXMLBGAME-25AUG11LADLAA-LAD,1,99,450,no
1754972057686,1754972057,KXMLBGAME-25AUG11TBATH-TB,91,9,29,yes
1754972060355,1754972060,KXMLBGAME-25AUG11LADLAA-LAD,1,99,8,no
1754972067656,1754972067,KXMLBGAME-25AUG11SDSF-SD,99,1,108,no
1754972074325,1754972074,KXMLBGAME-25AUG11LADLAA-LAD,5,95,300,yes
1754972074325,1754972074,KXMLBGAME-25AUG11LADLAA-LAD,5,95,600,yes
1754972074325,1754972074,KXMLBGAME-25AUG11LADLAA-LAD,6,94,31,yes
1754972074326,1754972074,KXMLBGAME-25AUG11LADLAA-LAD,6,94,11,yes
1754972074326,1754972074,KXMLBGAME-25AUG11LADLAA-LAD,6,94,200,yes
1754972074326,1754972074,KXMLBGAME-25AUG11LADLAA-LAD,6,94,400,yes
1754972074326,1754972074,KXMLBGAME-25AUG11LADLAA-LAD,7,93,146,yes
1754972077026,1754972076,KXMLBGAME-25AUG11TBATH-ATH,10,90,282,yes
1754972090975,1754972090,KXMLBGAME-25AUG11TBATH-ATH,10,90,9,yes
1754972091426,1754972091,KXMLBGAME-25AUG11LADLAA-LAD,3,97,312,yes
1754972092804,1754972092,KXMLBGAME-25AUG11LADLAA-LAA,96,4,500,yes
1754972094535,1754972094,KXMLBGAME-25AUG11TBATH-TB,89,11,9,no
1754972095894,1754972095,KXMLBGAME-25AUG11LADLAA-LAD,3,97,31,yes
1754972096244,1754972096,KXMLBGAME-25AUG11LADLAA-LAD,1,99,542,no
1754972096244,1754972096,KXMLBGAME-25AUG11LADLAA-LAD,1,99,112,no
1754972096244,1754972096,KXMLBGAME-25AUG11LADLAA-LAD,1,99,123,no
1754972096726,1754972096,KXMLBGAME-25AUG11SDSF-SF,1,99,14,yes
1754972097805,1754972097,KXMLBGAME-25AUG11LADLAA-LAA,96,4,247,yes
1754972097805,1754972097,KXMLBGAME-25AUG11LADLAA-LAA,96,4,400,yes
1754972109616,1754972109,KXMLBGAME-25AUG11LADLAA-LAD,3,97,157,yes
1754972109616,1754972109,KXMLBGAME-25AUG11LADLAA-LAD,4,96,116,yes
1754972112305,1754972112,KXMLBGAME-25AUG11LADLAA-LAD,2,98,250,no
1754972116406,1754972116,KXMLBGAME-25AUG11LADLAA-LAD,2,98,120,no
1754972119333,1754972119,KXMLBGAME-25AUG11LADLAA-LAD,4,96,70,yes
1754972121456,1754972121,KXMLBGAME-25AUG11TBATH-ATH,9,91,300,yes
1754972121456,1754972121,KXMLBGAME-25AUG11TBATH-ATH,10,90,200,yes
1754972124886,1754972124,KXMLBGAME-25AUG11LADLAA-LAD,4,96,114,yes
1754972124886,1754972124,KXMLBGAME-25AUG11LADLAA-LAD,5,95,2,yes
1754972126306,1754972126,KXMLBGAME-25AUG11SDSF-SD,99,1,511,no
1754972137516,1754972137,KXMLBGAME-25AUG11LADLAA-LAA,97,3,11,yes
1754972138197,1754972138,KXMLBGAME-25AUG11LADLAA-LAD,4,96,117,yes
1754972157436,1754972157,KXMLBGAME-25AUG11LADLAA-LAD,2,98,130,no
1754972157436,1754972157,KXMLBGAME-25AUG11LADLAA-LAD,2,98,7,no
1754972157436,1754972157,KXMLBGAME-25AUG11LADLAA-LAD,2,98,23,no
1754972160326,1754972160,KXMLBGAME-25AUG11LADLAA-LAD,2,98,80,no
1754972165366,1754972165,KXMLBGAME-25AUG11LADLAA-LAD,4,96,163,yes
1754972180205,1754972180,KXMLBGAME-25AUG11LADLAA-LAD,4,96,37,yes
1754972180205,1754972180,KXMLBGAME-25AUG11LADLAA-LAD,4,96,300,yes
1754972180205,1754972180,KXMLBGAME-25AUG11LADLAA-LAD,5,95,198,yes
1754972180956,1754972180,KXMLBGAME-25AUG11TBATH-ATH,9,91,104,yes
1754972182726,1754972182,KXMLBGAME-25AUG11TBATH-ATH,9,91,52,yes
1754972187209,1754972187,KXMLBGAME-25AUG11LADLAA-LAD,4,96,250,yes
1754972198345,1754972198,KXMLBGAME-25AUG11TBATH-TB,92,8,175,yes
1754972201136,1754972201,KXMLBGAME-25AUG11LADLAA-LAD,2,98,97,no
1754972201136,1754972201,KXMLBGAME-25AUG11LADLAA-LAD,2,98,200,no
1754972201136,1754972201,KXMLBGAME-25AUG11LADLAA-LAD,1,99,131,no
1754972202486,1754972202,KXMLBGAME-25AUG11TBATH-ATH,9,91,144,yes
1754972208285,1754972208,KXMLBGAME-25AUG11TBATH-ATH,9,91,12,no
1754972208796,1754972208,KXMLBGAME-25AUG11TBATH-ATH,9,91,94,no
1754972214686,1754972214,KXMLBGAME-25AUG11LADLAA-LAA,98,2,767,yes
1754972215026,1754972214,KXMLBGAME-25AUG11LADLAA-LAD,4,96,11,yes
1754972215026,1754972214,KXMLBGAME-25AUG11LADLAA-LAD,4,96,12,yes
1754972215956,1754972215,KXMLBGAME-25AUG11TBATH-TB,93,7,69,yes
1754972218006,1754972217,KXMLBGAME-25AUG11TBATH-ATH,8,92,100,yes
1754972218296,1754972218,KXMLBGAME-25AUG11SDSF-SF,1,99,93,yes
1754972222256,1754972222,KXMLBGAME-25AUG11TBATH-ATH,8,92,23,yes
1754972230308,1754972230,KXMLBGAME-25AUG11LADLAA-LAA,98,2,199,yes
1754972234806,1754972234,KXMLBGAME-25AUG11SDSF-SF,1,99,187,yes
1754972237675,1754972237,KXMLBGAME-25AUG11SDSF-SD,99,1,4349,no
1754972239776,1754972239,KXMLBGAME-25AUG11LADLAA-LAD,4,96,117,yes
1754972240326,1754972240,KXMLBGAME-25AUG11TBATH-ATH,8,92,58,yes
1754972243496,1754972243,KXMLBGAME-25AUG11TBATH-TB,92,8,18,no
1754972248616,1754972248,KXMLBGAME-25AUG11LADLAA-LAD,4,96,3,yes
1754972253835,1754972253,KXMLBGAME-25AUG11SDSF-SD,99,1,5,no
1754972253835,1754972253,KXMLBGAME-25AUG11SDSF-SD,99,1,25,no
1754972253965,1754972253,KXMLBGAME-25AUG11SDSF-SD,99,1,11,no
1754972257487,1754972257,KXMLBGAME-25AUG11TBATH-ATH,8,92,119,yes
1754972257487,1754972257,KXMLBGAME-25AUG11TBATH-ATH,8,92,600,yes
1754972257487,1754972257,KXMLBGAME-25AUG11TBATH-ATH,9,91,400,yes
1754972257487,1754972257,KXMLBGAME-25AUG11TBATH-ATH,9,91,4,yes
1754972262256,1754972262,KXMLBGAME-25AUG11TBATH-ATH,8,92,300,yes
1754972262256,1754972262,KXMLBGAME-25AUG11TBATH-ATH,8,92,287,yes
1754972268567,1754972268,KXMLBGAME-25AUG11TBATH-ATH,8,92,11,yes
1754972268595,1754972268,KXMLBGAME-25AUG11SDSF-SD,99,1,61,no
1754972271217,1754972271,KXMLBGAME-25AUG11TBATH-TB,93,7,280,yes
1754972271217,1754972271,KXMLBGAME-25AUG11TBATH-TB,93,7,400,yes
1754972271217,1754972271,KXMLBGAME-25AUG11TBATH-TB,93,7,566,yes
1754972271218,1754972271,KXMLBGAME-25AUG11TBATH-TB,94,6,112,yes
1754972271218,1754972271,KXMLBGAME-25AUG11TBATH-TB,94,6,200,yes
1754972271218,1754972271,KXMLBGAME-25AUG11TBATH-TB,94,6,323,yes
1754972272255,1754972272,KXMLBGAME-25AUG11TBATH-ATH,8,92,23,yes
1754972278217,1754972278,KXMLBGAME-25AUG11TBATH-ATH,8,92,41,yes
1754972278625,1754972278,KXMLBGAME-25AUG11SDSF-SD,99,1,129,no
1754972285139,1754972285,KXMLBGAME-25AUG11TBATH-ATH,8,92,117,yes
1754972285305,1754972285,KXMLBGAME-25AUG11TBATH-ATH,8,92,6,yes
1754972292603,1754972292,KXMLBGAME-25AUG11TBATH-TB,93,7,250,yes
1754972292603,1754972292,KXMLBGAME-25AUG11TBATH-TB,94,6,149,yes
1754972293078,1754972293,KXMLBGAME-25AUG11TBATH-ATH,8,92,102,yes
1754972293078,1754972293,KXMLBGAME-25AUG11TBATH-ATH,8,92,323,yes
1754972293078,1754972293,KXMLBGAME-25AUG11TBATH-ATH,8,92,196,yes
1754972293078,1754972293,KXMLBGAME-25AUG11TBATH-ATH,9,91,58,yes
1754972293078,1754972293,KXMLBGAME-25AUG11TBATH-ATH,9,91,600,yes
1754972293079,1754972293,KXMLBGAME-25AUG11TBATH-ATH,9,91,124,yes
1754972299536,1754972299,KXMLBGAME-25AUG11TBATH-TB,93,7,124,yes
1754972299536,1754972299,KXMLBGAME-25AUG11TBATH-TB,94,6,217,yes
1754972300458,1754972300,KXMLBGAME-25AUG11TBATH-ATH,8,92,11,yes
1754972305645,1754972305,KXMLBGAME-25AUG11TBATH-TB,93,7,200,no
1754972308696,1754972308,KXMLBGAME-25AUG11TBATH-TB,98,2,50,yes
1754972308696,1754972308,KXMLBGAME-25AUG11TBATH-TB,99,1,79,yes
1754972314005,1754972313,KXMLBGAME-25AUG11LADLAA-LAD,5,95,3,yes
1754972315696,1754972315,KXMLBGAME-25AUG11TBATH-TB,93,7,48,yes
1754972315717,1754972315,KXMLBGAME-25AUG11LADLAA-LAA,95,5,200,no
1754972316356,1754972316,KXMLBGAME-25AUG11TBATH-TB,93,7,37,yes
1754972321845,1754972321,KXMLBGAME-25AUG11TBATH-ATH,10,90,188,yes
1754972321916,1754972321,KXMLBGAME-25AUG11TBATH-ATH,10,90,188,yes
1754972322266,1754972322,KXMLBGAME-25AUG11TBATH-ATH,10,90,94,yes
1754972322267,1754972322,KXMLBGAME-25AUG11TBATH-TB,92,8,108,yes
1754972322726,1754972322,KXMLBGAME-25AUG11TBATH-TB,92,8,4,yes
1754972322726,1754972322,KXMLBGAME-25AUG11TBATH-TB,92,8,108,yes
1754972322726,1754972322,KXMLBGAME-25AUG11TBATH-TB,93,7,481,yes
1754972322726,1754972322,KXMLBGAME-25AUG11TBATH-TB,93,7,478,yes
1754972329566,1754972329,KXMLBGAME-25AUG11TBATH-ATH,10,90,114,yes
1754972331485,1754972331,KXMLBGAME-25AUG11TBATH-TB,93,7,22,yes
1754972331955,1754972331,KXMLBGAME-25AUG11TBATH-ATH,10,90,28,yes
1754972335865,1754972335,KXMLBGAME-25AUG11LADLAA-LAD,7,93,7,yes
1754972336565,1754972336,KXMLBGAME-25AUG11TBATH-ATH,10,90,172,yes
1754972336565,1754972336,KXMLBGAME-25AUG11TBATH-ATH,10,90,16,yes
1754972339686,1754972339,KXMLBGAME-25AUG11TBATH-TB,93,7,250,yes
1754972339686,1754972339,KXMLBGAME-25AUG11TBATH-TB,93,7,250,yes
1754972339686,1754972339,KXMLBGAME-25AUG11TBATH-TB,93,7,300,yes
1754972339686,1754972339,KXMLBGAME-25AUG11TBATH-TB,93,7,98,yes
1754972339686,1754972339,KXMLBGAME-25AUG11TBATH-TB,93,7,172,yes
1754972343804,1754972343,KXMLBGAME-25AUG11LADLAA-LAD,5,95,150,yes
1754972345675,1754972345,KXMLBGAME-25AUG11TBATH-TB,93,7,74,yes
1754972345675,1754972345,KXMLBGAME-25AUG11TBATH-TB,93,7,221,yes
1754972345735,1754972345,KXMLBGAME-25AUG11TBATH-ATH,9,91,221,no
1754972352555,1754972352,KXMLBGAME-25AUG11SDSF-SD,99,1,36,no
1754972353105,1754972353,KXMLBGAME-25AUG11TBATH-ATH,10,90,9,yes
1754972356846,1754972356,KXMLBGAME-25AUG11LADLAA-LAD,5,95,150,yes
1754972356846,1754972356,KXMLBGAME-25AUG11LADLAA-LAD,5,95,400,yes
1754972356846,1754972356,KXMLBGAME-25AUG11LADLAA-LAD,5,95,200,yes
1754972356846,1754972356,KXMLBGAME-25AUG11LADLAA-LAD,6,94,600,yes
1754972356846,1754972356,KXMLBGAME-25AUG11LADLAA-LAD,6,94,60,yes
1754972356846,1754972356,KXMLBGAME-25AUG11LADLAA-LAD,6,94,278,yes
1754972365416,1754972365,KXMLBGAME-25AUG11TBATH-ATH,10,90,47,yes
1754972372946,1754972372,KXMLBGAME-25AUG11TBATH-ATH,10,90,228,yes
1754972372947,1754972372,KXMLBGAME-25AUG11TBATH-ATH,10,90,112,yes
1754972372947,1754972372,KXMLBGAME-25AUG11TBATH-ATH,10,90,172,yes
1754972372947,1754972372,KXMLBGAME-25AUG11TBATH-ATH,10,90,193,yes
1754972375388,1754972375,KXMLBGAME-25AUG11TBATH-ATH,10,90,277,yes
1754972375388,1754972375,KXMLBGAME-25AUG11TBATH-ATH,10,90,112,yes
1754972375388,1754972375,KXMLBGAME-25AUG11TBATH-ATH,10,90,300,yes
1754972375388,1754972375,KXMLBGAME-25AUG11TBATH-ATH,11,89,600,yes
1754972375388,1754972375,KXMLBGAME-25AUG11TBATH-ATH,12,88,92,yes
1754972378915,1754972378,KXMLBGAME-25AUG11LADLAA-LAD,3,97,112,no
1754972378915,1754972378,KXMLBGAME-25AUG11LADLAA-LAD,2,98,61,no
1754972381356,1754972381,KXMLBGAME-25AUG11LADLAA-LAA,96,4,200,yes
1754972381356,1754972381,KXMLBGAME-25AUG11LADLAA-LAA,96,4,678,yes
1754972381356,1754972381,KXMLBGAME-25AUG11LADLAA-LAA,98,2,157,yes
1754972383386,1754972383,KXMLBGAME-25AUG11LADLAA-LAD,5,95,300,yes
1754972383386,1754972383,KXMLBGAME-25AUG11LADLAA-LAD,6,94,440,yes
1754972387324,1754972387,KXMLBGAME-25AUG11LADLAA-LAD,5,95,56,yes
1754972387515,1754972387,KXMLBGAME-25AUG11TBATH-TB,92,8,18,yes
1754972388807,1754972388,KXMLBGAME-25AUG11LADLAA-LAD,5,95,11,yes
1754972389695,1754972389,KXMLBGAME-25AUG11TBATH-TB,92,8,74,yes
1754972389695,1754972389,KXMLBGAME-25AUG11TBATH-TB,93,7,300,yes
1754972389695,1754972389,KXMLBGAME-25AUG11TBATH-TB,93,7,161,yes
1754972392286,1754972392,KXMLBGAME-25AUG11TBATH-TB,93,7,1,yes
1754972392401,1754972392,KXMLBGAME-25AUG11LADLAA-LAA,96,4,203,no
1754972396348,1754972396,KXMLBGAME-25AUG11TBATH-TB,93,7,26,yes
1754972396446,1754972396,KXMLBGAME-25AUG11TBATH-ATH,10,90,70,yes
1754972398807,1754972398,KXMLBGAME-25AUG11TBATH-ATH,8,92,2,no
1754972398807,1754972398,KXMLBGAME-25AUG11TBATH-ATH,7,93,59,no
1754972406556,1754972406,KXMLBGAME-25AUG11TBATH-ATH,9,91,300,yes
1754972406556,1754972406,KXMLBGAME-25AUG11TBATH-ATH,10,90,566,yes
1754972406556,1754972406,KXMLBGAME-25AUG11TBATH-ATH,10,90,104,yes
1754972407765,1754972407,KXMLBGAME-25AUG11TBATH-TB,92,8,5,yes
1754972410107,1754972410,KXMLBGAME-25AUG11SDSF-SD,99,1,20,no
1754972412815,1754972412,KXMLBGAME-25AUG11LADLAA-LAA,98,2,223,yes
1754972416785,1754972416,KXMLBGAME-25AUG11LADLAA-LAA,95,5,30,no
1754972417416,1754972417,KXMLBGAME-25AUG11TBATH-ATH,10,90,9,yes
1754972419655,1754972419,KXMLBGAME-25AUG11SDSF-SD,99,1,92,no
1754972419916,1754972419,KXMLBGAME-25AUG11TBATH-ATH,10,90,470,yes
1754972424755,1754972424,KXMLBGAME-25AUG11TBATH-ATH,9,91,59,yes
1754972425666,1754972425,KXMLBGAME-25AUG11TBATH-ATH,8,92,1,no
1754972425666,1754972425,KXMLBGAME-25AUG11TBATH-ATH,8,92,59,no
1754972427795,1754972427,KXMLBGAME-25AUG11TBATH-ATH,9,91,10,yes
1754972430427,1754972430,KXMLBGAME-25AUG11LADLAA-LAD,4,96,23,yes
1754972439075,1754972439,KXMLBGAME-25AUG11LADLAA-LAD,5,95,9,yes
1754972439466,1754972439,KXMLBGAME-25AUG11LADLAA-LAD,5,95,13,yes
1754972441565,1754972441,KXMLBGAME-25AUG11TBATH-ATH,9,91,2,yes
1754972449606,1754972449,KXMLBGAME-25AUG11TBATH-ATH,9,91,2,yes
1754972449606,1754972449,KXMLBGAME-25AUG11TBATH-ATH,10,90,111,yes
1754972458977,1754972458,KXMLBGAME-25AUG11LADLAA-LAD,4,96,27,yes
1754972458977,1754972458,KXMLBGAME-25AUG11LADLAA-LAD,4,96,19,yes
1754972465766,1754972465,KXMLBGAME-25AUG11LADLAA-LAD,1,99,23,no
1754972466015,1754972465,KXMLBGAME-25AUG11TBATH-ATH,15,85,6,yes
1754972472265,1754972472,KXMLBGAME-25AUG11TBATH-ATH,12,88,23,yes
1754972475967,1754972475,KXMLBGAME-25AUG11LADLAA-LAD,1,99,9,no
1754972479294,1754972479,KXMLBGAME-25AUG11TBATH-ATH,8,92,11,yes
1754972480786,1754972480,KXMLBGAME-25AUG11LADLAA-LAD,5,95,300,yes
1754972480786,1754972480,KXMLBGAME-25AUG11LADLAA-LAD,6,94,62,yes
1754972483265,1754972483,KXMLBGAME-25AUG11LADLAA-LAD,5,95,31,yes
1754972487355,1754972487,KXMLBGAME-25AUG11TBATH-ATH,7,93,141,no
1754972487645,1754972487,KXMLBGAME-25AUG11LADLAA-LAD,5,95,187,yes
1754972495396,1754972495,KXMLBGAME-25AUG11LADLAA-LAD,5,95,15,yes
1754972496425,1754972496,KXMLBGAME-25AUG11TBATH-ATH,7,93,67,yes
1754972497946,1754972497,KXMLBGAME-25AUG11TBATH-TB,92,8,995,yes
1754972497946,1754972497,KXMLBGAME-25AUG11TBATH-TB,94,6,84,yes
1754972502376,1754972502,KXMLBGAME-25AUG11TBATH-TB,94,6,23,yes
1754972503145,1754972503,KXMLBGAME-25AUG11LADLAA-LAD,5,95,18,yes
1754972504566,1754972504,KXMLBGAME-25AUG11TBATH-ATH,7,93,1,no
1754972504566,1754972504,KXMLBGAME-25AUG11TBATH-ATH,7,93,10,no
1754972505306,1754972505,KXMLBGAME-25AUG11TBATH-ATH,7,93,23,yes
1754972505914,1754972505,KXMLBGAME-25AUG11LADLAA-LAD,5,95,100,yes
1754972506245,1754972506,KXMLBGAME-25AUG11TBATH-ATH,7,93,13,yes
1754972511975,1754972511,KXMLBGAME-25AUG11LADLAA-LAD,5,95,187,yes
1754972516227,1754972516,KXMLBGAME-25AUG11LADLAA-LAD,6,94,50,yes
1754972516227,1754972516,KXMLBGAME-25AUG11LADLAA-LAD,6,94,24,yes
1754972516727,1754972516,KXMLBGAME-25AUG11TBATH-ATH,6,94,200,no
1754972518226,1754972518,KXMLBGAME-25AUG11LADLAA-LAD,6,94,15,yes
1754972527228,1754972527,KXMLBGAME-25AUG11TBATH-ATH,7,93,298,yes
1754972527228,1754972527,KXMLBGAME-25AUG11TBATH-ATH,8,92,289,yes
1754972527228,1754972527,KXMLBGAME-25AUG11TBATH-ATH,8,92,37,yes
1754972528086,1754972527,KXMLBGAME-25AUG11TBATH-TB,94,6,459,yes
1754972528086,1754972527,KXMLBGAME-25AUG11TBATH-TB,95,5,300,yes
1754972528086,1754972527,KXMLBGAME-25AUG11TBATH-TB,95,5,189,yes
1754972528304,1754972528,KXMLBGAME-25AUG11LADLAA-LAD,5,95,56,yes
1754972536386,1754972536,KXMLBGAME-25AUG11LADLAA-LAD,4,96,70,yes
1754972541116,1754972541,KXMLBGAME-25AUG11TBATH-ATH,7,93,189,yes
1754972541117,1754972541,KXMLBGAME-25AUG11TBATH-ATH,8,92,300,yes
1754972541117,1754972541,KXMLBGAME-25AUG11TBATH-ATH,8,92,121,yes
1754972542845,1754972542,KXMLBGAME-25AUG11TBATH-TB,94,6,104,yes
1754972543735,1754972543,KXMLBGAME-25AUG11TBATH-TB,94,6,2,yes
1754972550966,1754972550,KXMLBGAME-25AUG11TBATH-ATH,8,92,5,yes
1754972564035,1754972564,KXMLBGAME-25AUG11LADLAA-LAD,4,96,234,yes
1754972570847,1754972570,KXMLBGAME-25AUG11TBATH-TB,94,6,15,yes
1754972570847,1754972570,KXMLBGAME-25AUG11TBATH-TB,95,5,57,yes
1754972575275,1754972575,KXMLBGAME-25AUG11TBATH-TB,95,5,20,yes
1754972587695,1754972587,KXMLBGAME-25AUG11LADLAA-LAD,6,94,50,yes
1754972587695,1754972587,KXMLBGAME-25AUG11LADLAA-LAD,7,93,32,yes
1754972589307,1754972589,KXMLBGAME-25AUG11TBATH-ATH,6,94,168,no
1754972598276,1754972598,KXMLBGAME-25AUG11LADLAA-LAD,5,95,37,yes
1754972603798,1754972603,KXMLBGAME-25AUG11TBATH-ATH,8,92,7,yes
1754972609597,1754972609,KXMLBGAME-25AUG11LADLAA-LAD,5,95,263,yes
1754972609597,1754972609,KXMLBGAME-25AUG11LADLAA-LAD,5,95,237,yes
1754972613935,1754972613,KXMLBGAME-25AUG11LADLAA-LAD,5,95,300,yes
1754972613935,1754972613,KXMLBGAME-25AUG11LADLAA-LAD,6,94,200,yes
1754972613935,1754972613,KXMLBGAME-25AUG11LADLAA-LAD,6,94,97,yes
1754972620786,1754972620,KXMLBGAME-25AUG11LADLAA-LAD,5,95,300,yes
1754972620786,1754972620,KXMLBGAME-25AUG11LADLAA-LAD,6,94,48,yes
1754972620786,1754972620,KXMLBGAME-25AUG11LADLAA-LAD,6,94,92,yes
1754972627777,1754972627,KXMLBGAME-25AUG11LADLAA-LAD,4,96,117,yes
1754972632306,1754972632,KXMLBGAME-25AUG11LADLAA-LAD,4,96,29,yes
1754972632856,1754972632,KXMLBGAME-25AUG11TBATH-TB,94,6,300,yes
1754972632856,1754972632,KXMLBGAME-25AUG11TBATH-TB,95,5,35,yes
1754972632856,1754972632,KXMLBGAME-25AUG11TBATH-TB,95,5,57,yes
1754972632856,1754972632,KXMLBGAME-25AUG11TBATH-TB,95,5,15,yes
1754972632856,1754972632,KXMLBGAME-25AUG11TBATH-TB,95,5,109,yes
1754972648497,1754972648,KXMLBGAME-25AUG11LADLAA-LAD,4,96,154,yes
1754972648497,1754972648,KXMLBGAME-25AUG11LADLAA-LAD,5,95,500,yes
1754972648497,1754972648,KXMLBGAME-25AUG11LADLAA-LAD,5,95,239,yes
1754972650085,1754972650,KXMLBGAME-25AUG11TBATH-ATH,7,93,12,yes
1754972652375,1754972652,KXMLBGAME-25AUG11TBATH-ATH,7,93,13,yes
1754972654045,1754972654,KXMLBGAME-25AUG11LADLAA-LAD,3,97,112,no
1754972654045,1754972654,KXMLBGAME-25AUG11LADLAA-LAD,3,97,50,no
1754972654045,1754972654,KXMLBGAME-25AUG11LADLAA-LAD,2,98,1,no
1754972662886,1754972662,KXMLBGAME-25AUG11LADLAA-LAD,5,95,300,yes
1754972662886,1754972662,KXMLBGAME-25AUG11LADLAA-LAD,6,94,600,yes
1754972662886,1754972662,KXMLBGAME-25AUG11LADLAA-LAD,6,94,64,yes
1754972662886,1754972662,KXMLBGAME-25AUG11LADLAA-LAD,7,93,250,yes
1754972662886,1754972662,KXMLBGAME-25AUG11LADLAA-LAD,8,92,1,yes
1754972662886,1754972662,KXMLBGAME-25AUG11LADLAA-LAD,8,92,267,yes
1754972664066,1754972664,KXMLBGAME-25AUG11TBATH-ATH,7,93,26,yes
1754972667735,1754972667,KXMLBGAME-25AUG11LADLAA-LAD,5,95,93,yes
1754972669786,1754972669,KXMLBGAME-25AUG11LADLAA-LAD,5,95,93,yes
1754972669876,1754972669,KXMLBGAME-25AUG11LADLAA-LAD,5,95,46,yes
1754972672751,1754972672,KXMLBGAME-25AUG11TBATH-TB,94,6,20,yes
1754972676305,1754972676,KXMLBGAME-25AUG11LADLAA-LAD,6,94,15,yes
1754972677996,1754972677,KXMLBGAME-25AUG11TBATH-TB,94,6,280,yes
1754972677996,1754972677,KXMLBGAME-25AUG11TBATH-TB,95,5,291,yes
1754972677996,1754972677,KXMLBGAME-25AUG11TBATH-TB,95,5,200,yes
1754972677996,1754972677,KXMLBGAME-25AUG11TBATH-TB,95,5,80,yes
1754972677996,1754972677,KXMLBGAME-25AUG11TBATH-TB,95,5,306,yes
1754972680746,1754972680,KXMLBGAME-25AUG11LADLAA-LAA,95,5,200,no
1754972681766,1754972681,KXMLBGAME-25AUG11LADLAA-LAD,6,94,46,yes
1754972690838,1754972690,KXMLBGAME-25AUG11TBATH-TB,94,6,300,yes
1754972690838,1754972690,KXMLBGAME-25AUG11TBATH-TB,95,5,122,yes
1754972700574,1754972700,KXMLBGAME-25AUG11TBATH-ATH,7,93,200,yes
1754972700575,1754972700,KXMLBGAME-25AUG11TBATH-ATH,7,93,349,yes
1754972700575,1754972700,KXMLBGAME-25AUG11TBATH-ATH,8,92,95,yes
1754972702956,1754972702,KXMLBGAME-25AUG11TBATH-ATH,9,91,52,yes
1754972703526,1754972703,KXMLBGAME-25AUG11TBATH-TB,93,7,2,no
1754972703526,1754972703,KXMLBGAME-25AUG11TBATH-TB,93,7,2,no
1754972703526,1754972703,KXMLBGAME-25AUG11TBATH-TB,93,7,500,no
1754972706255,1754972706,KXMLBGAME-25AUG11LADLAA-LAA,96,4,51,yes
1754972708946,1754972708,KXMLBGAME-25AUG11TBATH-ATH,6,94,9,no
1754972710047,1754972710,KXMLBGAME-25AUG11LADLAA-LAA,96,4,10,yes
1754972710995,1754972710,KXMLBGAME-25AUG11LADLAA-LAD,6,94,31,yes
1754972718066,1754972717,KXMLBGAME-25AUG11TBATH-ATH,7,93,10,no
1754972725956,1754972725,KXMLBGAME-25AUG11LADLAA-LAD,6,94,154,yes
1754972727806,1754972727,KXMLBGAME-25AUG11TBATH-TB,94,6,112,no
1754972727806,1754972727,KXMLBGAME-25AUG11TBATH-TB,93,7,405,no
1754972727895,1754972727,KXMLBGAME-25AUG11SDSF-SD,99,1,100,no
1754972731175,1754972731,KXMLBGAME-25AUG11LADLAA-LAD,5,95,1,no
1754972731175,1754972731,KXMLBGAME-25AUG11LADLAA-LAD,4,96,112,no
1754972731316,1754972731,KXMLBGAME-25AUG11LADLAA-LAA,96,4,68,yes
1754972731316,1754972731,KXMLBGAME-25AUG11LADLAA-LAA,96,4,77,yes
1754972737405,1754972737,KXMLBGAME-25AUG11LADLAA-LAA,96,4,123,yes
1754972740376,1754972740,KXMLBGAME-25AUG11TBATH-TB,96,4,948,yes
1754972740376,1754972740,KXMLBGAME-25AUG11TBATH-TB,96,4,90,yes
1754972741245,1754972741,KXMLBGAME-25AUG11LADLAA-LAD,5,95,18,yes
1754972744465,1754972744,KXMLBGAME-25AUG11LADLAA-LAA,97,3,10,yes
1754972747156,1754972747,KXMLBGAME-25AUG11TBATH-TB,96,4,54,yes
1754972750306,1754972750,KXMLBGAME-25AUG11TBATH-ATH,7,93,2,yes
1754972752286,1754972752,KXMLBGAME-25AUG11TBATH-TB,96,4,3,yes
1754972754106,1754972754,KXMLBGAME-25AUG11LADLAA-LAA,97,3,102,yes
1754972754106,1754972754,KXMLBGAME-25AUG11LADLAA-LAA,97,3,10,yes
1754972754106,1754972754,KXMLBGAME-25AUG11LADLAA-LAA,98,2,411,yes
1754972758176,1754972758,KXMLBGAME-25AUG11LADLAA-LAD,4,96,11,yes
1754972758176,1754972758,KXMLBGAME-25AUG11LADLAA-LAD,5,95,178,yes
1754972770577,1754972770,KXMLBGAME-25AUG11TBATH-ATH,7,93,268,yes
1754972773877,1754972773,KXMLBGAME-25AUG11LADLAA-LAD,3,97,6,no
1754972779186,1754972779,KXMLBGAME-25AUG11LADLAA-LAD,4,96,1,yes
1754972781455,1754972781,KXMLBGAME-25AUG11LADLAA-LAD,4,96,10,yes
1754972786996,1754972786,KXMLBGAME-25AUG11TBATH-ATH,7,93,112,yes
1754972786996,1754972786,KXMLBGAME-25AUG11TBATH-ATH,7,93,4,yes
1754972786996,1754972786,KXMLBGAME-25AUG11TBATH-ATH,7,93,98,yes
1754972787586,1754972787,KXMLBGAME-25AUG11TBATH-TB,95,5,5,yes
1754972789065,1754972789,KXMLBGAME-25AUG11LADLAA-LAA,98,2,61,yes
1754972791417,1754972791,KXMLBGAME-25AUG11LADLAA-LAD,3,97,94,no
1754972791417,1754972791,KXMLBGAME-25AUG11LADLAA-LAD,3,97,112,no
1754972796916,1754972796,KXMLBGAME-25AUG11LADLAA-LAA,98,2,6,yes
1754972805486,1754972805,KXMLBGAME-25AUG11TBATH-TB,95,5,304,yes
1754972809037,1754972808,KXMLBGAME-25AUG11TBATH-TB,95,5,2,yes
1754972814286,1754972814,KXMLBGAME-25AUG11LADLAA-LAD,2,98,100,yes
1754972814465,1754972814,KXMLBGAME-25AUG11TBATH-ATH,5,95,610,no
1754972821018,1754972820,KXMLBGAME-25AUG11LADLAA-LAA,98,2,112,no
1754972821018,1754972820,KXMLBGAME-25AUG11LADLAA-LAA,98,2,10,no
1754972825465,1754972825,KXMLBGAME-25AUG11LADLAA-LAD,2,98,467,yes
1754972830825,1754972830,KXMLBGAME-25AUG11LADLAA-LAD,2,98,227,yes
1754972832515,1754972832,KXMLBGAME-25AUG11TBATH-ATH,5,95,9,no
1754972835687,1754972835,KXMLBGAME-25AUG11TBATH-TB,95,5,29,yes
1754972837075,1754972837,KXMLBGAME-25AUG11TBATH-TB,95,5,6,yes
1754972837446,1754972837,KXMLBGAME-25AUG11TBATH-TB,95,5,8,yes
1754972847609,1754972847,KXMLBGAME-25AUG11TBATH-TB,95,5,31,yes
1754972854346,1754972854,KXMLBGAME-25AUG11TBATH-ATH,5,95,4,no
1754972856557,1754972856,KXMLBGAME-25AUG11TBATH-TB,95,5,34,yes
1754972858326,1754972858,KXMLBGAME-25AUG11LADLAA-LAD,15,85,6,yes
1754972862275,1754972862,KXMLBGAME-25AUG11TBATH-TB,95,5,8,yes
1754972868296,1754972868,KXMLBGAME-25AUG11LADLAA-LAA,98,2,102,no
1754972868296,1754972868,KXMLBGAME-25AUG11LADLAA-LAA,98,2,20,no
1754972868297,1754972868,KXMLBGAME-25AUG11LADLAA-LAA,97,3,38,no
1754972874606,1754972874,KXMLBGAME-25AUG11TBATH-TB,95,5,17,yes
1754972874876,1754972874,KXMLBGAME-25AUG11LADLAA-LAD,4,96,93,yes
1754972875697,1754972875,KXMLBGAME-25AUG11LADLAA-LAD,4,96,187,yes
1754972878684,1754972878,KXMLBGAME-25AUG11TBATH-ATH,6,94,390,yes
1754972881517,1754972881,KXMLBGAME-25AUG11LADLAA-LAA,99,1,192,yes
1754972886947,1754972886,KXMLBGAME-25AUG11LADLAA-LAD,1,99,467,yes
1754972890076,1754972890,KXMLBGAME-25AUG11TBATH-TB,95,5,22,yes
1754972890676,1754972890,KXMLBGAME-25AUG11TBATH-TB,95,5,5,yes
1754972894105,1754972894,KXMLBGAME-25AUG11TBATH-TB,95,5,31,yes
1754972904545,1754972904,KXMLBGAME-25AUG11TBATH-TB,95,5,10,yes
1754972911238,1754972911,KXMLBGAME-25AUG11TBATH-TB,95,5,112,yes
1754972911238,1754972911,KXMLBGAME-25AUG11TBATH-TB,95,5,300,yes
1754972911238,1754972911,KXMLBGAME-25AUG11TBATH-TB,95,5,123,yes
1754972911238,1754972911,KXMLBGAME-25AUG11TBATH-ATH,6,94,16,yes
1754972921446,1754972921,KXMLBGAME-25AUG11TBATH-ATH,7,93,20,yes
1754972922085,1754972922,KXMLBGAME-25AUG11TBATH-ATH,7,93,254,yes
1754972926626,1754972926,KXMLBGAME-25AUG11TBATH-ATH,7,93,1,yes
1754972926946,1754972926,KXMLBGAME-25AUG11TBATH-TB,95,5,30,yes
1754972928055,1754972928,KXMLBGAME-25AUG11TBATH-ATH,7,93,33,yes
1754972932285,1754972932,KXMLBGAME-25AUG11TBATH-ATH,7,93,134,yes
1754972933147,1754972933,KXMLBGAME-25AUG11TBATH-ATH,7,93,13,yes
1754972939506,1754972939,KXMLBGAME-25AUG11TBATH-TB,94,6,59,yes
1754972943256,1754972943,KXMLBGAME-25AUG11TBATH-ATH,8,92,4,yes
1754972958654,1754972958,KXMLBGAME-25AUG11TBATH-ATH,8,92,176,yes
1754972960125,1754972960,KXMLBGAME-25AUG11TBATH-TB,94,6,72,yes
1754972965016,1754972964,KXMLBGAME-25AUG11TBATH-TB,94,6,84,yes
1754972972255,1754972972,KXMLBGAME-25AUG11TBATH-ATH,8,92,23,yes
1754972974446,1754972974,KXMLBGAME-25AUG11TBATH-ATH,8,92,58,yes
1754972983277,1754972983,KXMLBGAME-25AUG11TBATH-ATH,7,93,1,no
1754972983277,1754972983,KXMLBGAME-25AUG11TBATH-ATH,6,94,100,no
1754972988934,1754972988,KXMLBGAME-25AUG11TBATH-TB,97,3,9,yes
1754972990556,1754972990,KXMLBGAME-25AUG11TBATH-ATH,7,93,13,yes
1754972991185,1754972991,KXMLBGAME-25AUG11TBATH-ATH,7,93,99,yes
1754972991185,1754972991,KXMLBGAME-25AUG11TBATH-ATH,7,93,300,yes
1754972991185,1754972991,KXMLBGAME-25AUG11TBATH-ATH,7,93,10,yes
1754972991185,1754972991,KXMLBGAME-25AUG11TBATH-ATH,8,92,523,yes
1754972994588,1754972994,KXMLBGAME-25AUG11TBATH-ATH,8,92,35,yes
1754972995485,1754972995,KXMLBGAME-25AUG11TBATH-ATH,8,92,11,yes
1754972997705,1754972997,KXMLBGAME-25AUG11TBATH-ATH,7,93,268,yes
1754972997946,1754972997,KXMLBGAME-25AUG11LADLAA-LAA,99,1,243,no
1754972998755,1754972998,KXMLBGAME-25AUG11TBATH-ATH,7,93,26,yes
1754973012897,1754973012,KXMLBGAME-25AUG11TBATH-ATH,6,94,1,no
1754973012897,1754973012,KXMLBGAME-25AUG11TBATH-ATH,5,95,27,no
1754973014456,1754973014,KXMLBGAME-25AUG11TBATH-ATH,6,94,64,yes
1754973014457,1754973014,KXMLBGAME-25AUG11TBATH-ATH,7,93,300,yes
1754973014457,1754973014,KXMLBGAME-25AUG11TBATH-ATH,8,92,52,yes
1754973019756,1754973019,KXMLBGAME-25AUG11TBATH-ATH,7,93,13,yes
1754973035615,1754973035,KXMLBGAME-25AUG11TBATH-TB,94,6,255,yes
1754973040297,1754973040,KXMLBGAME-25AUG11TBATH-TB,94,6,156,yes
1754973040297,1754973040,KXMLBGAME-25AUG11TBATH-TB,94,6,112,yes
1754973040297,1754973040,KXMLBGAME-25AUG11TBATH-TB,94,6,300,yes
1754973040297,1754973040,KXMLBGAME-25AUG11TBATH-TB,94,6,67,yes
1754973046046,1754973046,KXMLBGAME-25AUG11TBATH-ATH,8,92,2,yes
1754973046046,1754973046,KXMLBGAME-25AUG11TBATH-ATH,9,91,50,yes
1754973051197,1754973051,KXMLBGAME-25AUG11TBATH-ATH,8,92,2,yes
1754973051197,1754973051,KXMLBGAME-25AUG11TBATH-ATH,8,92,115,yes
1754973055097,1754973054,KXMLBGAME-25AUG11TBATH-ATH,8,92,35,yes
1754973055286,1754973055,KXMLBGAME-25AUG11TBATH-TB,94,6,85,yes
1754973058987,1754973058,KXMLBGAME-25AUG11TBATH-ATH,8,92,261,yes
1754973058987,1754973058,KXMLBGAME-25AUG11TBATH-ATH,8,92,300,yes
1754973058987,1754973058,KXMLBGAME-25AUG11TBATH-ATH,8,92,333,yes
1754973058987,1754973058,KXMLBGAME-25AUG11TBATH-ATH,9,91,73,yes
1754973058987,1754973058,KXMLBGAME-25AUG11TBATH-ATH,9,91,139,yes
1754973070078,1754973070,KXMLBGAME-25AUG11TBATH-TB,94,6,48,yes
1754973071516,1754973071,KXMLBGAME-25AUG11TBATH-ATH,8,92,125,yes
1754973078914,1754973078,KXMLBGAME-25AUG11TBATH-ATH,8,92,11,yes
1754973083515,1754973083,KXMLBGAME-25AUG11TBATH-TB,94,6,68,yes
1754973083788,1754973083,KXMLBGAME-25AUG11TBATH-ATH,8,92,197,yes
1754973087106,1754973087,KXMLBGAME-25AUG11TBATH-TB,93,7,3,no
1754973094546,1754973094,KXMLBGAME-25AUG11TBATH-ATH,8,92,76,yes
1754973094546,1754973094,KXMLBGAME-25AUG11TBATH-ATH,9,91,411,yes
1754973094546,1754973094,KXMLBGAME-25AUG11TBATH-ATH,9,91,43,yes
1754973094644,1754973094,KXMLBGAME-25AUG11TBATH-ATH,9,91,257,yes
1754973094644,1754973094,KXMLBGAME-25AUG11TBATH-ATH,9,91,4,yes
1754973096464,1754973096,KXMLBGAME-25AUG11TBATH-ATH,9,91,104,yes
1754973099025,1754973098,KXMLBGAME-25AUG11TBATH-ATH,8,92,58,yes
1754973119786,1754973119,KXMLBGAME-25AUG11TBATH-ATH,8,92,58,yes
1754973120316,1754973120,KXMLBGAME-25AUG11LADLAA-LAA,99,1,199,no
1754973127815,1754973127,KXMLBGAME-25AUG11TBATH-ATH,8,92,11,yes
1754973130376,1754973130,KXMLBGAME-25AUG11TBATH-TB,94,6,108,yes
1754973130376,1754973130,KXMLBGAME-25AUG11TBATH-TB,94,6,20,yes
1754973130376,1754973130,KXMLBGAME-25AUG11TBATH-TB,95,5,112,yes
1754973130376,1754973130,KXMLBGAME-25AUG11TBATH-TB,95,5,23,yes
1754973130765,1754973130,KXMLBGAME-25AUG11TBATH-ATH,8,92,93,yes
1754973134776,1754973134,KXMLBGAME-25AUG11TBATH-TB,95,5,17,yes
1754973146396,1754973146,KXMLBGAME-25AUG11TBATH-ATH,8,92,24,yes
1754973147947,1754973147,KXMLBGAME-25AUG11TBATH-TB,93,7,411,yes
1754973147947,1754973147,KXMLBGAME-25AUG11TBATH-TB,94,6,11,yes
1754973152667,1754973152,KXMLBGAME-25AUG11TBATH-ATH,8,92,11,yes
1754973155586,1754973155,KXMLBGAME-25AUG11TBATH-ATH,8,92,45,yes
1754973155586,1754973155,KXMLBGAME-25AUG11TBATH-ATH,9,91,64,yes
1754973156406,1754973156,KXMLBGAME-25AUG11TBATH-TB,93,7,63,yes
1754973159865,1754973159,KXMLBGAME-25AUG11TBATH-TB,93,7,1,yes
1754973159865,1754973159,KXMLBGAME-25AUG11TBATH-TB,94,6,239,yes
1754973163845,1754973163,KXMLBGAME-25AUG11TBATH-TB,95,5,104,yes
1754973170885,1754973170,KXMLBGAME-25AUG11TBATH-ATH,8,92,11,yes
1754973170935,1754973170,KXMLBGAME-25AUG11TBATH-ATH,6,94,78,no
1754973171296,1754973171,KXMLBGAME-25AUG11TBATH-ATH,8,92,289,yes
1754973171296,1754973171,KXMLBGAME-25AUG11TBATH-ATH,8,92,185,yes
1754973182086,1754973182,KXMLBGAME-25AUG11TBATH-TB,95,5,156,yes
1754973182086,1754973182,KXMLBGAME-25AUG11TBATH-TB,95,5,112,yes
1754973182086,1754973182,KXMLBGAME-25AUG11TBATH-TB,95,5,145,yes
1754973190425,1754973190,KXMLBGAME-25AUG11LADLAA-LAA,99,1,51,no
1754973196486,1754973196,KXMLBGAME-25AUG11TBATH-ATH,6,94,2,no
1754973199347,1754973199,KXMLBGAME-25AUG11TBATH-TB,96,4,185,yes
1754973199347,1754973199,KXMLBGAME-25AUG11TBATH-TB,97,3,300,yes
1754973199347,1754973199,KXMLBGAME-25AUG11TBATH-TB,97,3,158,yes
1754973201007,1754973200,KXMLBGAME-25AUG11TBATH-ATH,5,95,300,no
1754973201007,1754973200,KXMLBGAME-25AUG11TBATH-ATH,5,95,1,no
1754973215366,1754973215,KXMLBGAME-25AUG11TBATH-TB,94,6,160,no
1754973215366,1754973215,KXMLBGAME-25AUG11TBATH-TB,94,6,252,no
1754973215406,1754973215,KXMLBGAME-25AUG11TBATH-ATH,5,95,187,yes
1754973223086,1754973223,KXMLBGAME-25AUG11TBATH-ATH,5,95,56,yes
1754973241327,1754973241,KXMLBGAME-25AUG11TBATH-TB,96,4,300,yes
1754973241327,1754973241,KXMLBGAME-25AUG11TBATH-TB,97,3,11,yes
1754973252229,1754973252,KXMLBGAME-25AUG11TBATH-ATH,6,94,112,yes
1754973252229,1754973252,KXMLBGAME-25AUG11TBATH-ATH,6,94,400,yes
1754973252229,1754973252,KXMLBGAME-25AUG11TBATH-ATH,6,94,200,yes
1754973252229,1754973252,KXMLBGAME-25AUG11TBATH-ATH,6,94,411,yes
1754973252229,1754973252,KXMLBGAME-25AUG11TBATH-ATH,6,94,300,yes
1754973252229,1754973252,KXMLBGAME-25AUG11TBATH-ATH,6,94,122,yes
1754973252229,1754973252,KXMLBGAME-25AUG11TBATH-ATH,6,94,18,yes
1754973256938,1754973256,KXMLBGAME-25AUG11TBATH-TB,96,4,39,yes
1754973276275,1754973276,KXMLBGAME-25AUG11TBATH-TB,96,4,83,yes
1754973287275,1754973287,KXMLBGAME-25AUG11TBATH-TB,96,4,24,yes
1754973288186,1754973288,KXMLBGAME-25AUG11TBATH-TB,96,4,54,yes
1754973288186,1754973288,KXMLBGAME-25AUG11TBATH-TB,96,4,29,yes
1754973328226,1754973328,KXMLBGAME-25AUG11TBATH-ATH,3,97,31,yes
1754973333825,1754973333,KXMLBGAME-25AUG11TBATH-ATH,3,97,54,yes
1754973333825,1754973333,KXMLBGAME-25AUG11TBATH-ATH,3,97,22,yes
1754973342415,1754973342,KXMLBGAME-25AUG11TBATH-ATH,3,97,100,yes
1754973343646,1754973343,KXMLBGAME-25AUG11TBATH-TB,98,2,300,yes
1754973343646,1754973343,KXMLBGAME-25AUG11TBATH-TB,98,2,43,yes
1754973350526,1754973350,KXMLBGAME-25AUG11TBATH-TB,98,2,29,yes
1754973355896,1754973355,KXMLBGAME-25AUG11TBATH-TB,98,2,299,yes
1754973355896,1754973355,KXMLBGAME-25AUG11TBATH-TB,98,2,300,yes
1754973355896,1754973355,KXMLBGAME-25AUG11TBATH-TB,99,1,375,yes
1754973357876,1754973357,KXMLBGAME-25AUG11TBATH-TB,97,3,300,no
1754973358215,1754973358,KXMLBGAME-25AUG11TBATH-ATH,2,98,12,no
1754973358215,1754973358,KXMLBGAME-25AUG11TBATH-ATH,1,99,112,no
1754973358215,1754973358,KXMLBGAME-25AUG11TBATH-ATH,1,99,520,no
1754973370255,1754973370,KXMLBGAME-25AUG11TBATH-TB,98,2,112,yes
1754973374486,1754973374,KXMLBGAME-25AUG11TBATH-ATH,2,98,300,no
1754973374796,1754973374,KXMLBGAME-25AUG11TBATH-TB,97,3,399,no
1754973390486,1754973390,KXMLBGAME-25AUG11TBATH-ATH,3,97,190,yes
1754973390986,1754973390,KXMLBGAME-25AUG11TBATH-TB,98,2,300,yes
1754973390986,1754973390,KXMLBGAME-25AUG11TBATH-TB,98,2,51,yes
1754973391795,1754973391,KXMLBGAME-25AUG11TBATH-ATH,3,97,6,yes
1754973396564,1754973396,KXMLBGAME-25AUG11TBATH-TB,98,2,55,yes
1754973408996,1754973408,KXMLBGAME-25AUG11TBATH-ATH,3,97,31,yes
1754973418335,1754973418,KXMLBGAME-25AUG11TBATH-ATH,3,97,468,yes
1754973422596,1754973422,KXMLBGAME-25AUG11TBATH-TB,98,2,369,yes
1754973424656,1754973424,KXMLBGAME-25AUG11TBATH-TB,98,2,191,yes
1754973424657,1754973424,KXMLBGAME-25AUG11TBATH-TB,98,2,2,yes
1754973426404,1754973426,KXMLBGAME-25AUG11TBATH-TB,98,2,5,yes
1754973427996,1754973427,KXMLBGAME-25AUG11TBATH-ATH,3,97,583,yes
1754973433705,1754973433,KXMLBGAME-25AUG11TBATH-ATH,3,97,312,yes
1754973446439,1754973446,KXMLBGAME-25AUG11TBATH-ATH,3,97,31,yes
1754973450625,1754973450,KXMLBGAME-25AUG11TBATH-ATH,3,97,312,yes
1754973473456,1754973473,KXMLBGAME-25AUG11TBATH-ATH,2,98,67,no
1754973475705,1754973475,KXMLBGAME-25AUG11TBATH-TB,98,2,222,yes
1754973478946,1754973478,KXMLBGAME-25AUG11TBATH-TB,98,2,254,yes
1754973479556,1754973479,KXMLBGAME-25AUG11TBATH-TB,97,3,12,no
1754973482936,1754973482,KXMLBGAME-25AUG11TBATH-TB,98,2,183,yes
1754973482936,1754973482,KXMLBGAME-25AUG11TBATH-TB,98,2,1234,yes
1754973482936,1754973482,KXMLBGAME-25AUG11TBATH-TB,99,1,514,yes
1754973491264,1754973491,KXMLBGAME-25AUG11LADLAA-LAA,99,1,523,no
1754973492165,1754973492,KXMLBGAME-25AUG11TBATH-ATH,3,97,312,yes
1754973492165,1754973492,KXMLBGAME-25AUG11TBATH-ATH,3,97,86,yes
1754973492165,1754973492,KXMLBGAME-25AUG11TBATH-ATH,3,97,382,yes
1754973503076,1754973503,KXMLBGAME-25AUG11TBATH-ATH,3,97,31,yes
1754973506458,1754973506,KXMLBGAME-25AUG11TBATH-TB,98,2,350,yes
1754973506458,1754973506,KXMLBGAME-25AUG11TBATH-TB,99,1,32,yes
1754973506458,1754973506,KXMLBGAME-25AUG11TBATH-TB,99,1,41,yes
1754973506458,1754973506,KXMLBGAME-25AUG11TBATH-TB,99,1,232,yes
1754973506458,1754973506,KXMLBGAME-25AUG11TBATH-TB,99,1,18,yes
1754973506458,1754973506,KXMLBGAME-25AUG11TBATH-TB,99,1,470,yes
1754973506458,1754973506,KXMLBGAME-25AUG11TBATH-TB,99,1,353,yes
1754973518965,1754973518,KXMLBGAME-25AUG11TBATH-TB,99,1,2252,yes
1754973519647,1754973519,KXMLBGAME-25AUG11TBATH-ATH,3,97,31,yes
1754973527646,1754973527,KXMLBGAME-25AUG11TBATH-ATH,6,94,256,yes
1754973539576,1754973539,KXMLBGAME-25AUG11TBATH-ATH,2,98,33,no
1754973576047,1754973576,KXMLBGAME-25AUG11TBATH-ATH,2,98,46,yes
1754973577376,1754973577,KXMLBGAME-25AUG11TBATH-ATH,2,98,46,yes
1754973580396,1754973580,KXMLBGAME-25AUG11TBATH-ATH,2,98,116,yes
1754973596327,1754973596,KXMLBGAME-25AUG11TBATH-TB,99,1,212,yes
1754973597896,1754973597,KXMLBGAME-25AUG11TBATH-TB,99,1,110,yes
1754973622635,1754973622,KXMLBGAME-25AUG11TBATH-ATH,3,97,20,yes
1754973625406,1754973625,KXMLBGAME-25AUG11TBATH-ATH,3,97,11,yes
1754973673606,1754973673,KXMLBGAME-25AUG11TBATH-TB,99,1,1,yes
1754973674666,1754973674,KXMLBGAME-25AUG11TBATH-ATH,1,99,10,no
1754973696205,1754973696,KXMLBGAME-25AUG11TBATH-TB,98,2,10,yes
1754973697466,1754973697,KXMLBGAME-25AUG11TBATH-ATH,3,97,20,yes
1754973725735,1754973725,KXMLBGAME-25AUG11TBATH-ATH,3,97,62,yes
1754973744115,1754973744,KXMLBGAME-25AUG11TBATH-ATH,3,97,176,yes
1754973745045,1754973745,KXMLBGAME-25AUG11TBATH-ATH,2,98,12,no
1754973756767,1754973756,KXMLBGAME-25AUG11TBATH-TB,97,3,50,no
1754973756767,1754973756,KXMLBGAME-25AUG11TBATH-TB,96,4,44,no
1754973757706,1754973757,KXMLBGAME-25AUG11TBATH-ATH,3,97,50,yes
1754973764816,1754973764,KXMLBGAME-25AUG11TBATH-ATH,1,99,102,no
1754973776155,1754973776,KXMLBGAME-25AUG11TBATH-ATH,3,97,42,yes
1754973776155,1754973776,KXMLBGAME-25AUG11TBATH-ATH,3,97,270,yes
1754973782484,1754973782,KXMLBGAME-25AUG11TBATH-ATH,3,97,300,yes
1754973782484,1754973782,KXMLBGAME-25AUG11TBATH-ATH,4,96,945,yes
1754973788639,1754973788,KXMLBGAME-25AUG11TBATH-TB,99,1,2,yes
1754973789605,1754973789,KXMLBGAME-25AUG11TBATH-ATH,4,96,117,yes
1754973792026,1754973791,KXMLBGAME-25AUG11TBATH-ATH,4,96,172,yes
1754973792026,1754973791,KXMLBGAME-25AUG11TBATH-ATH,5,95,10,yes
1754973792026,1754973791,KXMLBGAME-25AUG11TBATH-ATH,5,95,10,yes
1754973792026,1754973791,KXMLBGAME-25AUG11TBATH-ATH,5,95,94,yes
1754973792026,1754973791,KXMLBGAME-25AUG11TBATH-ATH,5,95,685,yes
1754973802986,1754973802,KXMLBGAME-25AUG11TBATH-ATH,4,96,555,yes
1754973802986,1754973802,KXMLBGAME-25AUG11TBATH-ATH,5,95,493,yes
1754973810576,1754973810,KXMLBGAME-25AUG11TBATH-TB,99,1,383,yes
1754973819865,1754973819,KXMLBGAME-25AUG11TBATH-ATH,5,95,888,yes
1754973845589,1754973845,KXMLBGAME-25AUG11TBATH-TB,98,2,2345,yes
1754973845589,1754973845,KXMLBGAME-25AUG11TBATH-TB,99,1,747,yes
1754973864196,1754973864,KXMLBGAME-25AUG11TBATH-TB,97,3,51,no
1754973870435,1754973870,KXMLBGAME-25AUG11TBATH-TB,97,3,18,no
1754973874224,1754973874,KXMLBGAME-25AUG11TBATH-TB,97,3,231,no
1754973876765,1754973876,KXMLBGAME-25AUG11TBATH-TB,99,1,1598,yes
1754973892156,1754973892,KXMLBGAME-25AUG11TBATH-ATH,8,92,46,no
1754973899557,1754973899,KXMLBGAME-25AUG11TBATH-TB,93,7,107,yes
1754973900337,1754973900,KXMLBGAME-25AUG11TBATH-TB,93,7,143,yes
1754973900337,1754973900,KXMLBGAME-25AUG11TBATH-TB,93,7,58,yes
1754973906455,1754973906,KXMLBGAME-25AUG11TBATH-TB,93,7,692,yes
1754973906455,1754973906,KXMLBGAME-25AUG11TBATH-TB,93,7,100,yes
1754973906456,1754973906,KXMLBGAME-25AUG11TBATH-TB,94,6,400,yes
1754973906501,1754973906,KXMLBGAME-25AUG11TBATH-TB,95,5,112,yes
1754973906501,1754973906,KXMLBGAME-25AUG11TBATH-TB,95,5,184,yes
1754973913817,1754973913,KXMLBGAME-25AUG11TBATH-TB,96,4,51,yes
1754973919645,1754973919,KXMLBGAME-25AUG11TBATH-ATH,7,93,666,yes
1754973919645,1754973919,KXMLBGAME-25AUG11TBATH-ATH,8,92,584,yes
1754973919645,1754973919,KXMLBGAME-25AUG11TBATH-ATH,8,92,10,yes
1754973926546,1754973926,KXMLBGAME-25AUG11TBATH-TB,94,6,10,yes
1754973926546,1754973926,KXMLBGAME-25AUG11TBATH-TB,94,6,250,yes
1754973926546,1754973926,KXMLBGAME-25AUG11TBATH-TB,94,6,750,yes
1754973926546,1754973926,KXMLBGAME-25AUG11TBATH-TB,94,6,112,yes
1754973926546,1754973926,KXMLBGAME-25AUG11TBATH-TB,94,6,400,yes
1754973926546,1754973926,KXMLBGAME-25AUG11TBATH-TB,95,5,152,yes
1754973937616,1754973937,KXMLBGAME-25AUG11TBATH-TB,96,4,64,yes
1754973971377,1754973971,KXMLBGAME-25AUG11TBATH-ATH,5,95,100,yes
1754973971377,1754973971,KXMLBGAME-25AUG11TBATH-ATH,5,95,87,yes
1754973983556,1754973983,KXMLBGAME-25AUG11TBATH-ATH,4,96,112,yes
1754973983556,1754973983,KXMLBGAME-25AUG11TBATH-ATH,4,96,552,yes
1754973983556,1754973983,KXMLBGAME-25AUG11TBATH-ATH,5,95,277,yes
1754974003326,1754974003,KXMLBGAME-25AUG11TBATH-ATH,5,95,110,yes
1754974043887,1754974043,KXMLBGAME-25AUG11TBATH-ATH,2,98,555,no
1754974047405,1754974047,KXMLBGAME-25AUG11TBATH-ATH,1,99,31,no
1754974068485,1754974068,KXMLBGAME-25AUG11TBATH-ATH,2,98,46,yes
1754974075706,1754974075,KXMLBGAME-25AUG11TBATH-TB,99,1,10,yes
1754974076166,1754974076,KXMLBGAME-25AUG11TBATH-TB,98,2,1000,no
1754974076166,1754974076,KXMLBGAME-25AUG11TBATH-TB,98,2,112,no
1754974076166,1754974076,KXMLBGAME-25AUG11TBATH-TB,98,2,1085,no
1754974081375,1754974081,KXMLBGAME-25AUG11TBATH-TB,97,3,100,yes
1754974084506,1754974084,KXMLBGAME-25AUG11TBATH-TB,97,3,100,yes
1754974084506,1754974084,KXMLBGAME-25AUG11TBATH-TB,98,2,500,yes
1754974084506,1754974084,KXMLBGAME-25AUG11TBATH-TB,99,1,415,yes
1754974089356,1754974089,KXMLBGAME-25AUG11TBATH-TB,98,2,100,yes
1754974089356,1754974089,KXMLBGAME-25AUG11TBATH-TB,99,1,10,yes
1754974107105,1754974107,KXMLBGAME-25AUG11TBATH-TB,99,1,80,yes
1754974110747,1754974110,KXMLBGAME-25AUG11TBATH-TB,99,1,485,yes
1754974111566,1754974111,KXMLBGAME-25AUG11TBATH-ATH,1,99,857,no
1754974157815,1754974157,KXMLBGAME-25AUG11TBATH-ATH,1,99,30,no
1754974264185,1754974264,KXMLBGAME-25AUG11TBATH-TB,99,1,84,no
1754974380956,1754974380,KXMLBGAME-25AUG11TBATH-TB,99,1,110,no
1754974432066,1754974432,KXMLBGAME-25AUG11TBATH-TB,99,1,21,no
1754974530756,1754974530,KXMLBGAME-25AUG11TBATH-TB,99,1,270,no
