client_ts,server_ts,market_ticker,yes_price,no_price,count,taker_side
1753214151352,1753214151,KXMLBGAME-25JUL22LAANYM-NYM,61,39,2,yes
1753214152769,1753214152,KXMLBGAME-25JUL22SDMIA-SD,45,55,820,yes
1753214152769,1753214152,KXMLBGAME-25JUL22SDMIA-SD,45,55,1000,yes
1753214152769,1753214152,KXMLBGAME-25JUL22SDMIA-SD,45,55,379,yes
1753214152769,1753214152,KXMLBGAME-25JUL22SDMIA-SD,45,55,4397,yes
1753214160430,1753214160,KXMLBGAME-25JUL22KCCHC-KC,32,68,29,yes
1753214163610,1753214163,KXMLBGAME-25JUL22STLCOL-STL,60,40,162,yes
1753214173150,1753214173,KXMLBGAME-25JUL22BALCLE-CLE,60,40,63,yes
1753214175109,1753214175,KXMLBGAME-25JUL22SDMIA-SD,45,55,47,yes
1753214185582,1753214185,KXMLBGAME-25JUL22CWSTB-TB,67,33,145,yes
1753214198209,1753214198,KXMLBGAME-25JUL22SDMIA-MIA,55,45,68,yes
1753214201809,1753214201,KXMLBGAME-25JUL22HOUARI-HOU,53,47,12,yes
1753214209029,1753214208,KXMLBGAME-25JUL22MINLAD-LAD,68,32,100,yes
1753214229989,1753214229,KXMLBGAME-25JUL22DETPIT-DET,55,45,353,yes
1753214243009,1753214242,KXMLBGAME-25JUL22DETPIT-DET,54,46,35,no
1753214246313,1753214246,KXMLBGAME-25JUL22MILSEA-MIL,47,53,10,yes
1753214255549,1753214255,KXMLBGAME-25JUL22MINLAD-LAD,68,32,143,yes
1753214285408,1753214285,KXMLBGAME-25JUL22DETPIT-DET,55,45,37,yes
1753214289207,1753214289,KXMLBGAME-25JUL22SDMIA-MIA,55,45,640,yes
1753214299449,1753214299,KXMLBGAME-25JUL22MILSEA-MIL,47,53,20,yes
1753214314729,1753214314,KXMLBGAME-25JUL22BALCLE-BAL,41,59,117,yes
1753214349265,1753214349,KXMLBGAME-25JUL22SDMIA-MIA,55,45,279,yes
1753214349348,1753214349,KXMLBGAME-25JUL22CWSTB-CWS,34,66,50,yes
1753214351487,1753214351,KXMLBGAME-25JUL22BALCLE-CLE,60,40,1,yes
1753214418931,1753214418,KXMLBGAME-25JUL22LAANYM-NYM,61,39,31,yes
1753214419089,1753214419,KXMLBGAME-25JUL22HOUARI-HOU,53,47,40,yes
1753214443708,1753214443,KXMLBGAME-25JUL22SFATL-ATL,53,47,36,yes
1753214449528,1753214449,KXMLBGAME-25JUL22BOSPHI-PHI,66,34,100,yes
1753214459706,1753214459,KXMLBGAME-25JUL22MILSEA-MIL,47,53,77,yes
1753214493829,1753214493,KXMLBGAME-25JUL22SDMIA-SD,44,56,37,yes
1753214508749,1753214508,KXMLBGAME-25JUL22HOUARI-HOU,53,47,36,yes
1753214530087,1753214530,KXMLBGAME-25JUL22MILSEA-MIL,47,53,102,yes
1753214538606,1753214538,KXMLBGAME-25JUL22LAANYM-LAA,40,60,182,yes
1753214563068,1753214563,KXMLBGAME-25JUL22KCCHC-CHC,69,31,100,yes
1753214576609,1753214576,KXMLBGAME-25JUL22CINWSH-CIN,57,43,76,yes
1753214585088,1753214585,KXMLBGAME-25JUL22STLCOL-STL,60,40,81,yes
1753214591706,1753214591,KXMLBGAME-25JUL22CINWSH-CIN,57,43,81,yes
1753214596807,1753214596,KXMLBGAME-25JUL22SFATL-SF,48,52,73,yes
1753214621109,1753214621,KXMLBGAME-25JUL22NYYTOR-NYY,48,52,63,yes
1753214621109,1753214621,KXMLBGAME-25JUL22NYYTOR-NYY,48,52,129,yes
1753214625468,1753214625,KXMLBGAME-25JUL22HOUARI-HOU,53,47,100,yes
1753214637791,1753214637,KXMLBGAME-25JUL22STLCOL-STL,60,40,3,yes
1753214653107,1753214652,KXMLBGAME-25JUL22LAANYM-LAA,40,60,86,yes
1753214661028,1753214660,KXMLBGAME-25JUL22BALCLE-BAL,41,59,440,yes
1753214666908,1753214666,KXMLBGAME-25JUL22CINWSH-CIN,57,43,17,yes
1753214673626,1753214673,KXMLBGAME-25JUL22SDMIA-SD,45,55,53,yes
1753214682831,1753214682,KXMLBGAME-25JUL22SFATL-SF,48,52,4,yes
1753214687547,1753214687,KXMLBGAME-25JUL22HOUARI-HOU,53,47,91,yes
1753214709508,1753214709,KXMLBGAME-25JUL22CINWSH-WSH,44,56,2,yes
1753214729506,1753214729,KXMLBGAME-25JUL22BOSPHI-BOS,35,65,13,yes
1753214767007,1753214766,KXMLBGAME-25JUL22LAANYM-LAA,40,60,47,yes
1753214798043,1753214797,KXMLBGAME-25JUL22BALCLE-BAL,41,59,23,yes
1753214805109,1753214804,KXMLBGAME-25JUL22BALCLE-CLE,60,40,32,yes
1753214807448,1753214807,KXMLBGAME-25JUL22DETPIT-PIT,45,55,31,no
1753214825449,1753214825,KXMLBGAME-25JUL22SDMIA-SD,45,55,10,yes
1753214837787,1753214837,KXMLBGAME-25JUL22DETPIT-DET,55,45,26,yes
1753214845467,1753214845,KXMLBGAME-25JUL22MINLAD-LAD,68,32,4,yes
1753214885868,1753214885,KXMLBGAME-25JUL22SFATL-SF,48,52,60,yes
1753214905779,1753214905,KXMLBGAME-25JUL22SDMIA-MIA,55,45,5,yes
1753214958182,1753214958,KXMLBGAME-25JUL22DETPIT-DET,55,45,35,yes
1753214969187,1753214969,KXMLBGAME-25JUL22BOSPHI-BOS,35,65,54,yes
1753214973466,1753214973,KXMLBGAME-25JUL22CWSTB-CWS,32,68,5,no
1753215022647,1753215022,KXMLBGAME-25JUL22ATHTEX-TEX,68,32,17,yes
1753215047426,1753215047,KXMLBGAME-25JUL22DETPIT-DET,55,45,35,yes
1753215065104,1753215065,KXMLBGAME-25JUL22DETPIT-DET,55,45,19,yes
1753215096439,1753215096,KXMLBGAME-25JUL22SDMIA-MIA,55,45,19,yes
1753215139050,1753215139,KXMLBGAME-25JUL22SDMIA-SD,44,56,21,yes
1753215147946,1753215147,KXMLBGAME-25JUL22SDMIA-SD,44,56,1,yes
1753215153010,1753215152,KXMLBGAME-25JUL22BALCLE-BAL,40,60,440,no
1753215186705,1753215186,KXMLBGAME-25JUL22CINWSH-CIN,57,43,19,yes
1753215224529,1753215224,KXMLBGAME-25JUL22SDMIA-MIA,55,45,172,yes
1753215224746,1753215224,KXMLBGAME-25JUL22DETPIT-DET,55,45,765,yes
1753215224746,1753215224,KXMLBGAME-25JUL22DETPIT-DET,55,45,645,yes
1753215233145,1753215233,KXMLBGAME-25JUL22NYYTOR-TOR,53,47,94,yes
1753215233145,1753215233,KXMLBGAME-25JUL22NYYTOR-TOR,53,47,15,yes
1753215286711,1753215286,KXMLBGAME-25JUL22NYYTOR-NYY,48,52,40,yes
1753215312448,1753215312,KXMLBGAME-25JUL22DETPIT-DET,55,45,176,yes
1753215351328,1753215351,KXMLBGAME-25JUL22STLCOL-STL,60,40,50,yes
1753215390825,1753215390,KXMLBGAME-25JUL22SDMIA-MIA,56,44,3,yes
1753215402406,1753215402,KXMLBGAME-25JUL22BALCLE-CLE,60,40,3,yes
1753215412107,1753215412,KXMLBGAME-25JUL22DETPIT-DET,55,45,1,yes
1753215415164,1753215415,KXMLBGAME-25JUL22DETPIT-DET,55,45,3,yes
1753215432448,1753215432,KXMLBGAME-25JUL22STLCOL-STL,60,40,4,yes
1753215437227,1753215437,KXMLBGAME-25JUL22MINLAD-LAD,68,32,4,yes
1753215463606,1753215463,KXMLBGAME-25JUL22HOUARI-HOU,53,47,3,yes
1753215470765,1753215470,KXMLBGAME-25JUL22NYYTOR-TOR,53,47,182,yes
1753215482811,1753215482,KXMLBGAME-25JUL22MILSEA-MIL,47,53,10,yes
1753215500608,1753215500,KXMLBGAME-25JUL22ATHTEX-TEX,68,32,7,yes
1753215510327,1753215510,KXMLBGAME-25JUL22MILSEA-MIL,47,53,20,yes
1753215520070,1753215519,KXMLBGAME-25JUL22ATHTEX-TEX,68,32,7,yes
1753215537647,1753215537,KXMLBGAME-25JUL22MILSEA-MIL,47,53,82,yes
1753215619502,1753215619,KXMLBGAME-25JUL22DETPIT-DET,55,45,44,yes
1753215621695,1753215621,KXMLBGAME-25JUL22ATHTEX-TEX,68,32,14,yes
1753215637509,1753215637,KXMLBGAME-25JUL22CWSTB-CWS,34,66,14,yes
1753215644894,1753215644,KXMLBGAME-25JUL22BALCLE-CLE,60,40,40,yes
1753215647165,1753215647,KXMLBGAME-25JUL22BALCLE-CLE,60,40,81,yes
1753215669268,1753215669,KXMLBGAME-25JUL22NYYTOR-NYY,48,52,20,yes
1753215669687,1753215669,KXMLBGAME-25JUL22CWSTB-TB,67,33,55,yes
1753215677387,1753215677,KXMLBGAME-25JUL22LAANYM-LAA,40,60,155,yes
1753215697736,1753215697,KXMLBGAME-25JUL22SDMIA-SD,44,56,43,yes
1753215699069,1753215699,KXMLBGAME-25JUL22BALCLE-BAL,41,59,35,yes
1753215704085,1753215703,KXMLBGAME-25JUL22SDMIA-SD,44,56,10,yes
1753215706828,1753215706,KXMLBGAME-25JUL22NYYTOR-TOR,53,47,51,yes
1753215718728,1753215718,KXMLBGAME-25JUL22ATHTEX-ATH,34,66,14,yes
1753215758972,1753215758,KXMLBGAME-25JUL22BOSPHI-BOS,35,65,19,yes
1753215764387,1753215764,KXMLBGAME-25JUL22BALCLE-CLE,60,40,191,yes
1753215799106,1753215799,KXMLBGAME-25JUL22ATHTEX-TEX,68,32,79,yes
1753215809507,1753215809,KXMLBGAME-25JUL22MILSEA-MIL,47,53,20,yes
1753215811468,1753215811,KXMLBGAME-25JUL22MINLAD-LAD,68,32,129,yes
1753215811468,1753215811,KXMLBGAME-25JUL22MINLAD-LAD,68,32,98,yes
1753215847037,1753215846,KXMLBGAME-25JUL22BOSPHI-PHI,66,34,14,yes
1753215858706,1753215858,KXMLBGAME-25JUL22CWSTB-TB,67,33,14,yes
1753215869157,1753215869,KXMLBGAME-25JUL22ATHTEX-TEX,68,32,14,yes
1753215877962,1753215877,KXMLBGAME-25JUL22NYYTOR-NYY,48,52,21,yes
1753215880706,1753215880,KXMLBGAME-25JUL22MILSEA-SEA,54,46,17,yes
1753215889389,1753215889,KXMLBGAME-25JUL22CWSTB-TB,67,33,39,yes
1753215889389,1753215889,KXMLBGAME-25JUL22CWSTB-TB,67,33,121,yes
1753215897407,1753215897,KXMLBGAME-25JUL22MINLAD-LAD,68,32,28,yes
1753215904991,1753215904,KXMLBGAME-25JUL22CWSTB-CWS,34,66,61,yes
1753215935406,1753215935,KXMLBGAME-25JUL22KCCHC-CHC,69,31,156,yes
1753215948209,1753215948,KXMLBGAME-25JUL22DETPIT-DET,55,45,17,yes
1753215964747,1753215964,KXMLBGAME-25JUL22ATHTEX-TEX,68,32,158,yes
1753215987952,1753215987,KXMLBGAME-25JUL22STLCOL-STL,60,40,178,yes
1753216011646,1753216011,KXMLBGAME-25JUL22BALCLE-BAL,40,60,46,no
1753216016307,1753216016,KXMLBGAME-25JUL22MILSEA-MIL,47,53,30,yes
1753216033932,1753216033,KXMLBGAME-25JUL22SFATL-SF,48,52,30,yes
1753216034966,1753216034,KXMLBGAME-25JUL22SDMIA-MIA,56,44,19,yes
1753216039788,1753216039,KXMLBGAME-25JUL22STLCOL-STL,60,40,5,yes
1753216041927,1753216041,KXMLBGAME-25JUL22DETPIT-DET,55,45,44,yes
1753216061772,1753216061,KXMLBGAME-25JUL22NYYTOR-NYY,48,52,40,yes
1753216063148,1753216063,KXMLBGAME-25JUL22CWSTB-TB,67,33,6,yes
1753216075688,1753216075,KXMLBGAME-25JUL22BALCLE-CLE,60,40,24,yes
1753216095053,1753216094,KXMLBGAME-25JUL22LAANYM-LAA,40,60,47,yes
1753216096187,1753216096,KXMLBGAME-25JUL22ATHTEX-TEX,68,32,12,yes
1753216101298,1753216101,KXMLBGAME-25JUL22SDMIA-MIA,57,43,25,yes
1753216103969,1753216103,KXMLBGAME-25JUL22MILSEA-MIL,47,53,4,yes
1753216106917,1753216106,KXMLBGAME-25JUL22BALCLE-CLE,60,40,3,yes
1753216116559,1753216116,KXMLBGAME-25JUL22DETPIT-PIT,46,54,5,yes
1753216116908,1753216116,KXMLBGAME-25JUL22ATHTEX-ATH,34,66,56,yes
1753216121471,1753216121,KXMLBGAME-25JUL22DETPIT-DET,55,45,8,yes
1753216145972,1753216145,KXMLBGAME-25JUL22DETPIT-DET,55,45,9,yes
1753216151810,1753216151,KXMLBGAME-25JUL22ATHTEX-TEX,68,32,20,yes
1753216152704,1753216152,KXMLBGAME-25JUL22MILSEA-SEA,54,46,40,yes
1753216152808,1753216152,KXMLBGAME-25JUL22DETPIT-PIT,46,54,10,yes
1753216182810,1753216182,KXMLBGAME-25JUL22BOSPHI-BOS,35,65,819,yes
1753216197754,1753216197,KXMLBGAME-25JUL22NYYTOR-NYY,48,52,1005,yes
1753216199027,1753216198,KXMLBGAME-25JUL22DETPIT-DET,55,45,17,yes
1753216201667,1753216201,KXMLBGAME-25JUL22NYYTOR-TOR,53,47,3,yes
1753216202532,1753216202,KXMLBGAME-25JUL22BALCLE-CLE,60,40,8,yes
1753216210749,1753216210,KXMLBGAME-25JUL22LAANYM-LAA,40,60,1019,yes
1753216212273,1753216212,KXMLBGAME-25JUL22SDMIA-MIA,57,43,110,yes
1753216215007,1753216214,KXMLBGAME-25JUL22MILSEA-MIL,47,53,102,yes
1753216215287,1753216215,KXMLBGAME-25JUL22HOUARI-ARI,48,52,80,yes
1753216217209,1753216217,KXMLBGAME-25JUL22DETPIT-DET,55,45,6,yes
1753216254286,1753216254,KXMLBGAME-25JUL22DETPIT-DET,55,45,112,yes
1753216254286,1753216254,KXMLBGAME-25JUL22DETPIT-DET,55,45,20,yes
1753216260891,1753216260,KXMLBGAME-25JUL22SDMIA-SD,44,56,4,yes
1753216275831,1753216275,KXMLBGAME-25JUL22BOSPHI-BOS,35,65,683,yes
1753216277910,1753216277,KXMLBGAME-25JUL22LAANYM-NYM,61,39,8,yes
1753216287565,1753216287,KXMLBGAME-25JUL22BALCLE-BAL,41,59,140,yes
1753216309167,1753216309,KXMLBGAME-25JUL22SDMIA-MIA,57,43,5,yes
1753216311214,1753216311,KXMLBGAME-25JUL22CWSTB-CWS,34,66,70,yes
1753216343222,1753216343,KXMLBGAME-25JUL22MILSEA-MIL,47,53,20,yes
1753216345787,1753216345,KXMLBGAME-25JUL22CWSTB-CWS,34,66,140,yes
1753216361469,1753216361,KXMLBGAME-25JUL22KCCHC-CHC,69,31,70,yes
1753216379182,1753216378,KXMLBGAME-25JUL22BALCLE-CLE,60,40,40,yes
1753216396588,1753216396,KXMLBGAME-25JUL22LAANYM-NYM,61,39,198,yes
1753216396588,1753216396,KXMLBGAME-25JUL22LAANYM-NYM,61,39,280,yes
1753216426668,1753216426,KXMLBGAME-25JUL22MILSEA-MIL,47,53,10,yes
1753216442810,1753216442,KXMLBGAME-25JUL22ATHTEX-TEX,68,32,71,yes
1753216507668,1753216507,KXMLBGAME-25JUL22SDMIA-MIA,57,43,5,yes
1753216519310,1753216519,KXMLBGAME-25JUL22KCCHC-KC,32,68,2,yes
1753216531388,1753216531,KXMLBGAME-25JUL22SFATL-SF,48,52,40,yes
1753216537651,1753216537,KXMLBGAME-25JUL22DETPIT-DET,55,45,88,yes
1753216546189,1753216546,KXMLBGAME-25JUL22MILSEA-SEA,54,46,37,yes
1753216554328,1753216554,KXMLBGAME-25JUL22BALCLE-BAL,41,59,14,yes
1753216593539,1753216593,KXMLBGAME-25JUL22KCCHC-CHC,69,31,28,yes
1753216628758,1753216628,KXMLBGAME-25JUL22SFATL-SF,48,52,20,yes
1753216629208,1753216629,KXMLBGAME-25JUL22DETPIT-DET,55,45,35,yes
1753216632451,1753216632,KXMLBGAME-25JUL22NYYTOR-TOR,53,47,36,yes
1753216644944,1753216644,KXMLBGAME-25JUL22DETPIT-DET,55,45,835,yes
1753216644944,1753216644,KXMLBGAME-25JUL22DETPIT-DET,55,45,46,yes
1753216654058,1753216653,KXMLBGAME-25JUL22SFATL-SF,48,52,40,yes
1753216661629,1753216661,KXMLBGAME-25JUL22BOSPHI-BOS,35,65,27,yes
1753216675529,1753216675,KXMLBGAME-25JUL22CWSTB-TB,67,33,36,yes
1753216675961,1753216675,KXMLBGAME-25JUL22LAANYM-LAA,40,60,11,yes
1753216681187,1753216681,KXMLBGAME-25JUL22BOSPHI-BOS,35,65,68,yes
1753216682168,1753216682,KXMLBGAME-25JUL22NYYTOR-TOR,53,47,1100,yes
1753216685708,1753216685,KXMLBGAME-25JUL22SDMIA-SD,44,56,7,yes
1753216694546,1753216694,KXMLBGAME-25JUL22SDMIA-MIA,57,43,1,yes
1753216694969,1753216694,KXMLBGAME-25JUL22MINLAD-LAD,68,32,35,yes
1753216704132,1753216703,KXMLBGAME-25JUL22HOUARI-HOU,53,47,69,yes
1753216729388,1753216729,KXMLBGAME-25JUL22BALCLE-CLE,60,40,24,yes
1753216735057,1753216734,KXMLBGAME-25JUL22HOUARI-HOU,53,47,36,yes
1753216745706,1753216745,KXMLBGAME-25JUL22KCCHC-CHC,69,31,70,yes
1753216747768,1753216747,KXMLBGAME-25JUL22SFATL-ATL,53,47,6,yes
1753216765510,1753216765,KXMLBGAME-25JUL22STLCOL-STL,60,40,637,yes
1753216770087,1753216770,KXMLBGAME-25JUL22MINLAD-LAD,68,32,115,yes
1753216781752,1753216781,KXMLBGAME-25JUL22CINWSH-CIN,57,43,68,yes
1753216802949,1753216802,KXMLBGAME-25JUL22HOUARI-HOU,53,47,14,yes
1753216806839,1753216806,KXMLBGAME-25JUL22LAANYM-LAA,40,60,5,yes
1753216857629,1753216857,KXMLBGAME-25JUL22DETPIT-DET,55,45,35,yes
1753216861623,1753216861,KXMLBGAME-25JUL22BALCLE-BAL,41,59,2,yes
1753216871966,1753216871,KXMLBGAME-25JUL22SFATL-SF,48,52,198,yes
1753216872128,1753216872,KXMLBGAME-25JUL22SDMIA-SD,44,56,21,yes
1753216882745,1753216882,KXMLBGAME-25JUL22CWSTB-TB,67,33,7,yes
1753216891149,1753216891,KXMLBGAME-25JUL22MILSEA-MIL,47,53,2,yes
1753216894535,1753216894,KXMLBGAME-25JUL22DETPIT-DET,55,45,88,yes
1753216901030,1753216900,KXMLBGAME-25JUL22HOUARI-HOU,53,47,45,yes
1753216901827,1753216901,KXMLBGAME-25JUL22SDMIA-SD,44,56,4,yes
1753216919147,1753216919,KXMLBGAME-25JUL22CINWSH-CIN,57,43,17,yes
1753216922207,1753216922,KXMLBGAME-25JUL22NYYTOR-TOR,53,47,25,yes
1753216927561,1753216927,KXMLBGAME-25JUL22MILSEA-SEA,54,46,26,yes
1753216939312,1753216939,KXMLBGAME-25JUL22NYYTOR-NYY,48,52,10,yes
1753216958471,1753216958,KXMLBGAME-25JUL22SFATL-SF,48,52,16,yes
1753216958726,1753216958,KXMLBGAME-25JUL22ATHTEX-ATH,33,67,28,yes
1753216959150,1753216959,KXMLBGAME-25JUL22BALCLE-CLE,60,40,64,yes
1753216960329,1753216960,KXMLBGAME-25JUL22DETPIT-DET,55,45,377,yes
1753216960329,1753216960,KXMLBGAME-25JUL22DETPIT-DET,56,44,62,yes
1753216998635,1753216998,KXMLBGAME-25JUL22NYYTOR-NYY,48,52,107,yes
1753217014814,1753217014,KXMLBGAME-25JUL22BALCLE-CLE,60,40,8,yes
1753217049868,1753217049,KXMLBGAME-25JUL22ATHTEX-TEX,68,32,20,yes
1753217051167,1753217051,KXMLBGAME-25JUL22SFATL-SF,48,52,10,yes
1753217054269,1753217054,KXMLBGAME-25JUL22KCCHC-CHC,69,31,141,yes
1753217059052,1753217058,KXMLBGAME-25JUL22KCCHC-KC,32,68,5,yes
1753217067852,1753217067,KXMLBGAME-25JUL22SDMIA-MIA,57,43,42,yes
1753217087417,1753217087,KXMLBGAME-25JUL22BALCLE-CLE,60,40,35,yes
1753217097147,1753217097,KXMLBGAME-25JUL22CWSTB-TB,67,33,32,yes
1753217107869,1753217107,KXMLBGAME-25JUL22DETPIT-DET,56,44,38,yes
1753217127929,1753217127,KXMLBGAME-25JUL22KCCHC-CHC,69,31,32,yes
1753217128227,1753217128,KXMLBGAME-25JUL22MILSEA-MIL,47,53,20,yes
1753217166264,1753217166,KXMLBGAME-25JUL22NYYTOR-NYY,48,52,201,yes
1753217173148,1753217173,KXMLBGAME-25JUL22HOUARI-HOU,53,47,182,yes
1753217175753,1753217175,KXMLBGAME-25JUL22SFATL-SF,48,52,50,yes
1753217176267,1753217176,KXMLBGAME-25JUL22BOSPHI-BOS,35,65,8,yes
1753217179627,1753217179,KXMLBGAME-25JUL22SDMIA-MIA,55,45,1552,no
1753217179727,1753217179,KXMLBGAME-25JUL22SDMIA-SD,45,55,1052,yes
1753217186642,1753217186,KXMLBGAME-25JUL22ATHTEX-TEX,68,32,143,yes
1753217222175,1753217222,KXMLBGAME-25JUL22SDMIA-SD,45,55,2,yes
1753217222830,1753217222,KXMLBGAME-25JUL22CWSTB-TB,67,33,145,yes
1753217235283,1753217235,KXMLBGAME-25JUL22SDMIA-MIA,56,44,1000,yes
1753217237668,1753217237,KXMLBGAME-25JUL22NYYTOR-TOR,53,47,54,yes
1753217239128,1753217239,KXMLBGAME-25JUL22SFATL-SF,48,52,201,yes
1753217262624,1753217262,KXMLBGAME-25JUL22CWSTB-CWS,34,66,53,yes
1753217267868,1753217267,KXMLBGAME-25JUL22KCCHC-CHC,69,31,141,yes
1753217289726,1753217289,KXMLBGAME-25JUL22HOUARI-HOU,53,47,27,yes
1753217293368,1753217293,KXMLBGAME-25JUL22ATHTEX-TEX,68,32,100,yes
1753217295130,1753217295,KXMLBGAME-25JUL22BALCLE-CLE,60,40,40,yes
1753217300187,1753217300,KXMLBGAME-25JUL22KCCHC-KC,32,68,15,yes
1753217316383,1753217316,KXMLBGAME-25JUL22DETPIT-DET,56,44,19,yes
1753217322425,1753217322,KXMLBGAME-25JUL22BOSPHI-BOS,35,65,13,yes
1753217322937,1753217322,KXMLBGAME-25JUL22DETPIT-DET,56,44,433,yes
1753217330412,1753217330,KXMLBGAME-25JUL22SDMIA-MIA,56,44,29,yes
1753217330825,1753217330,KXMLBGAME-25JUL22LAANYM-LAA,40,60,71,yes
1753217340038,1753217339,KXMLBGAME-25JUL22SFATL-ATL,53,47,45,yes
1753217340609,1753217340,KXMLBGAME-25JUL22ATHTEX-ATH,33,67,15,yes
1753217351403,1753217351,KXMLBGAME-25JUL22BALCLE-BAL,41,59,23,yes
1753217365205,1753217365,KXMLBGAME-25JUL22SDMIA-MIA,56,44,17,yes
1753217370451,1753217370,KXMLBGAME-25JUL22DETPIT-DET,56,44,69,yes
1753217379030,1753217378,KXMLBGAME-25JUL22DETPIT-DET,56,44,8,yes
1753217392886,1753217392,KXMLBGAME-25JUL22HOUARI-HOU,53,47,125,yes
1753217400645,1753217400,KXMLBGAME-25JUL22SDMIA-SD,45,55,10,yes
1753217421426,1753217421,KXMLBGAME-25JUL22MILSEA-MIL,47,53,29,yes
1753217426567,1753217426,KXMLBGAME-25JUL22CINWSH-CIN,57,43,7,yes
1753217426567,1753217426,KXMLBGAME-25JUL22CINWSH-CIN,57,43,10,yes
1753217426567,1753217426,KXMLBGAME-25JUL22CINWSH-CIN,57,43,8,yes
1753217432684,1753217432,KXMLBGAME-25JUL22BALCLE-BAL,41,59,12,yes
1753217433311,1753217433,KXMLBGAME-25JUL22CINWSH-WSH,44,56,54,yes
1753217441312,1753217441,KXMLBGAME-25JUL22DETPIT-DET,56,44,17,yes
1753217474490,1753217474,KXMLBGAME-25JUL22MINLAD-LAD,68,32,143,yes
1753217507565,1753217507,KXMLBGAME-25JUL22SFATL-ATL,53,47,182,yes
1753217539507,1753217539,KXMLBGAME-25JUL22NYYTOR-NYY,48,52,100,yes
1753217542689,1753217542,KXMLBGAME-25JUL22BALCLE-CLE,60,40,32,yes
1753217544839,1753217544,KXMLBGAME-25JUL22NYYTOR-NYY,48,52,502,yes
1753217550574,1753217550,KXMLBGAME-25JUL22SFATL-SF,48,52,333,yes
1753217559891,1753217559,KXMLBGAME-25JUL22CINWSH-CIN,57,43,34,yes
1753217609659,1753217609,KXMLBGAME-25JUL22SFATL-ATL,53,47,54,yes
1753217634747,1753217634,KXMLBGAME-25JUL22HOUARI-HOU,53,47,27,yes
1753217641085,1753217641,KXMLBGAME-25JUL22MILSEA-MIL,47,53,20,yes
1753217653847,1753217653,KXMLBGAME-25JUL22CINWSH-CIN,57,43,129,yes
1753217660142,1753217660,KXMLBGAME-25JUL22DETPIT-DET,56,44,17,yes
1753217676424,1753217676,KXMLBGAME-25JUL22BALCLE-CLE,60,40,8,yes
1753217677647,1753217677,KXMLBGAME-25JUL22SFATL-ATL,53,47,18,yes
1753217691579,1753217691,KXMLBGAME-25JUL22MILSEA-MIL,47,53,10,yes
1753217711697,1753217711,KXMLBGAME-25JUL22HOUARI-HOU,53,47,10,yes
1753217730287,1753217730,KXMLBGAME-25JUL22STLCOL-STL,60,40,8,yes
1753217732006,1753217731,KXMLBGAME-25JUL22BALCLE-CLE,60,40,16,yes
1753217741346,1753217741,KXMLBGAME-25JUL22CWSTB-TB,67,33,1053,yes
1753217741346,1753217741,KXMLBGAME-25JUL22CWSTB-TB,67,33,405,yes
1753217749349,1753217749,KXMLBGAME-25JUL22ATHTEX-TEX,68,32,110,yes
1753217761416,1753217761,KXMLBGAME-25JUL22MINLAD-LAD,68,32,14,yes
1753217765844,1753217765,KXMLBGAME-25JUL22CWSTB-CWS,34,66,56,yes
1753217774933,1753217774,KXMLBGAME-25JUL22BALCLE-BAL,41,59,117,yes
1753217775545,1753217775,KXMLBGAME-25JUL22BALCLE-CLE,60,40,11,yes
1753217776685,1753217776,KXMLBGAME-25JUL22CWSTB-CWS,34,66,170,yes
1753217777628,1753217777,KXMLBGAME-25JUL22SFATL-ATL,52,48,10,no
1753217780492,1753217780,KXMLBGAME-25JUL22SDMIA-SD,45,55,540,yes
1753217790600,1753217790,KXMLBGAME-25JUL22DETPIT-DET,56,44,4,yes
1753217796966,1753217796,KXMLBGAME-25JUL22BOSPHI-BOS,35,65,112,yes
1753217799188,1753217799,KXMLBGAME-25JUL22MILSEA-MIL,47,53,82,yes
1753217809226,1753217809,KXMLBGAME-25JUL22BOSPHI-PHI,66,34,155,yes
1753217818369,1753217818,KXMLBGAME-25JUL22STLCOL-STL,60,40,65,yes
1753217837665,1753217837,KXMLBGAME-25JUL22KCCHC-KC,32,68,104,yes
1753217857486,1753217857,KXMLBGAME-25JUL22SDMIA-MIA,56,44,69,yes
1753217868527,1753217868,KXMLBGAME-25JUL22BALCLE-CLE,60,40,8,yes
1753217898120,1753217898,KXMLBGAME-25JUL22MINLAD-MIN,33,67,30,yes
1753217930936,1753217930,KXMLBGAME-25JUL22HOUARI-HOU,53,47,9,yes
1753217937545,1753217937,KXMLBGAME-25JUL22HOUARI-HOU,53,47,21,yes
1753217940207,1753217940,KXMLBGAME-25JUL22SFATL-SF,48,52,100,yes
1753217955843,1753217955,KXMLBGAME-25JUL22KCCHC-KC,32,68,74,yes
1753217981147,1753217981,KXMLBGAME-25JUL22SFATL-ATL,53,47,9,yes
1753217989667,1753217989,KXMLBGAME-25JUL22ATHTEX-TEX,68,32,71,yes
1753217990280,1753217990,KXMLBGAME-25JUL22BOSPHI-BOS,35,65,136,yes
1753217993346,1753217993,KXMLBGAME-25JUL22MILSEA-MIL,47,53,10,yes
1753217993665,1753217993,KXMLBGAME-25JUL22CWSTB-CWS,34,66,28,yes
1753217996936,1753217996,KXMLBGAME-25JUL22CWSTB-TB,67,33,4,yes
1753218013647,1753218013,KXMLBGAME-25JUL22DETPIT-DET,56,44,17,yes
1753218017133,1753218017,KXMLBGAME-25JUL22LAANYM-NYM,61,39,3,yes
1753218035541,1753218035,KXMLBGAME-25JUL22LAANYM-NYM,61,39,22,yes
1753218049946,1753218049,KXMLBGAME-25JUL22MILSEA-MIL,47,53,42,yes
1753218063190,1753218063,KXMLBGAME-25JUL22DETPIT-DET,56,44,282,yes
1753218063190,1753218063,KXMLBGAME-25JUL22DETPIT-DET,56,44,64,yes
1753218079976,1753218079,KXMLBGAME-25JUL22CWSTB-CWS,34,66,5,yes
1753218086639,1753218086,KXMLBGAME-25JUL22SDMIA-MIA,56,44,346,yes
1753218091225,1753218091,KXMLBGAME-25JUL22SFATL-SF,48,52,4,yes
1753218092783,1753218092,KXMLBGAME-25JUL22NYYTOR-NYY,49,51,69,yes
1753218092783,1753218092,KXMLBGAME-25JUL22NYYTOR-NYY,49,51,107,yes
1753218105757,1753218105,KXMLBGAME-25JUL22NYYTOR-TOR,53,47,18,yes
1753218155351,1753218155,KXMLBGAME-25JUL22STLCOL-STL,60,40,81,yes
1753218158013,1753218157,KXMLBGAME-25JUL22STLCOL-STL,60,40,126,yes
1753218158013,1753218157,KXMLBGAME-25JUL22STLCOL-STL,60,40,198,yes
1753218182282,1753218182,KXMLBGAME-25JUL22MINLAD-LAD,68,32,71,yes
1753218186378,1753218186,KXMLBGAME-25JUL22SFATL-ATL,53,47,18,yes
1753218197105,1753218197,KXMLBGAME-25JUL22SFATL-ATL,53,47,18,yes
1753218227748,1753218227,KXMLBGAME-25JUL22BALCLE-CLE,60,40,1,yes
1753218232766,1753218232,KXMLBGAME-25JUL22BALCLE-CLE,60,40,202,yes
1753218240138,1753218239,KXMLBGAME-25JUL22DETPIT-DET,56,44,24,yes
1753218244148,1753218244,KXMLBGAME-25JUL22SDMIA-MIA,56,44,1,yes
1753218259082,1753218258,KXMLBGAME-25JUL22DETPIT-DET,56,44,1,yes
1753218267678,1753218267,KXMLBGAME-25JUL22SDMIA-SD,45,55,4,yes
1753218276863,1753218276,KXMLBGAME-25JUL22CINWSH-CIN,57,43,1,yes
1753218278845,1753218278,KXMLBGAME-25JUL22STLCOL-STL,60,40,81,yes
1753218279966,1753218279,KXMLBGAME-25JUL22MILSEA-MIL,47,53,57,yes
1753218283966,1753218283,KXMLBGAME-25JUL22BALCLE-CLE,60,40,409,yes
1753218283966,1753218283,KXMLBGAME-25JUL22BALCLE-CLE,60,40,725,yes
1753218292380,1753218292,KXMLBGAME-25JUL22BOSPHI-PHI,66,34,1,yes
1753218298814,1753218298,KXMLBGAME-25JUL22SFATL-ATL,53,47,91,yes
1753218325222,1753218325,KXMLBGAME-25JUL22NYYTOR-TOR,53,47,1,yes
1753218332042,1753218331,KXMLBGAME-25JUL22HOUARI-ARI,48,52,50,yes
1753218360151,1753218360,KXMLBGAME-25JUL22NYYTOR-NYY,49,51,23,yes
1753218383089,1753218382,KXMLBGAME-25JUL22BALCLE-BAL,41,59,12,yes
1753218394463,1753218394,KXMLBGAME-25JUL22BALCLE-CLE,60,40,162,yes
1753218412203,1753218412,KXMLBGAME-25JUL22BALCLE-BAL,41,59,5,yes
1753218418145,1753218418,KXMLBGAME-25JUL22HOUARI-HOU,53,47,27,yes
1753218418382,1753218418,KXMLBGAME-25JUL22HOUARI-HOU,53,47,182,yes
1753218425907,1753218425,KXMLBGAME-25JUL22BOSPHI-BOS,35,65,13,yes
1753218430986,1753218430,KXMLBGAME-25JUL22DETPIT-DET,56,44,5,yes
1753218446680,1753218446,KXMLBGAME-25JUL22MILSEA-MIL,47,53,20,yes
1753218448205,1753218448,KXMLBGAME-25JUL22HOUARI-HOU,53,47,23,yes
1753218451465,1753218451,KXMLBGAME-25JUL22SFATL-ATL,53,47,9,yes
1753218451806,1753218451,KXMLBGAME-25JUL22DETPIT-PIT,46,54,209,yes
1753218459583,1753218459,KXMLBGAME-25JUL22MINLAD-LAD,68,32,14,yes
1753218463726,1753218463,KXMLBGAME-25JUL22NYYTOR-TOR,53,47,9,yes
1753218473844,1753218473,KXMLBGAME-25JUL22DETPIT-DET,56,44,8,yes
1753218504484,1753218504,KXMLBGAME-25JUL22HOUARI-HOU,52,48,182,no
1753218504823,1753218504,KXMLBGAME-25JUL22BALCLE-BAL,41,59,11,yes
1753218511244,1753218511,KXMLBGAME-25JUL22NYYTOR-TOR,53,47,18,yes
1753218513464,1753218513,KXMLBGAME-25JUL22SDMIA-MIA,56,44,97,yes
1753218513650,1753218513,KXMLBGAME-25JUL22SDMIA-MIA,56,44,1,yes
1753218521903,1753218521,KXMLBGAME-25JUL22SDMIA-SD,45,55,213,yes
1753218541810,1753218541,KXMLBGAME-25JUL22CINWSH-CIN,57,43,17,yes
1753218559403,1753218559,KXMLBGAME-25JUL22LAANYM-LAA,40,60,2101,yes
1753218560757,1753218560,KXMLBGAME-25JUL22CINWSH-WSH,44,56,218,yes
1753218561324,1753218561,KXMLBGAME-25JUL22CWSTB-CWS,34,66,14,yes
1753218570763,1753218570,KXMLBGAME-25JUL22KCCHC-CHC,69,31,21,yes
1753218592943,1753218592,KXMLBGAME-25JUL22DETPIT-DET,56,44,344,yes
1753218592943,1753218592,KXMLBGAME-25JUL22DETPIT-DET,56,44,10,yes
1753218592943,1753218592,KXMLBGAME-25JUL22DETPIT-DET,56,44,20,yes
1753218592943,1753218592,KXMLBGAME-25JUL22DETPIT-DET,56,44,559,yes
1753218618244,1753218618,KXMLBGAME-25JUL22BALCLE-CLE,60,40,31,yes
1753218629562,1753218629,KXMLBGAME-25JUL22BALCLE-CLE,60,40,8,yes
1753218639604,1753218639,KXMLBGAME-25JUL22NYYTOR-TOR,53,47,9,yes
1753218648615,1753218648,KXMLBGAME-25JUL22DETPIT-DET,56,44,173,yes
1753218654626,1753218654,KXMLBGAME-25JUL22SDMIA-MIA,56,44,36,yes
1753218673125,1753218673,KXMLBGAME-25JUL22KCCHC-CHC,69,31,50,yes
1753218674317,1753218674,KXMLBGAME-25JUL22DETPIT-DET,56,44,5,yes
1753218678704,1753218678,KXMLBGAME-25JUL22DETPIT-DET,56,44,8,yes
1753218683329,1753218683,KXMLBGAME-25JUL22LAANYM-NYM,61,39,105,yes
1753218693768,1753218693,KXMLBGAME-25JUL22LAANYM-NYM,61,39,7,yes
1753218697145,1753218697,KXMLBGAME-25JUL22LAANYM-NYM,61,39,4,yes
1753218705186,1753218705,KXMLBGAME-25JUL22MILSEA-SEA,54,46,53,yes
1753218705504,1753218705,KXMLBGAME-25JUL22HOUARI-HOU,53,47,9,yes
1753218710204,1753218710,KXMLBGAME-25JUL22SDMIA-SD,45,55,534,yes
1753218715755,1753218715,KXMLBGAME-25JUL22SFATL-ATL,53,47,9,yes
1753218716447,1753218716,KXMLBGAME-25JUL22KCCHC-CHC,69,31,7,yes
1753218721925,1753218721,KXMLBGAME-25JUL22MINLAD-MIN,33,67,28,yes
1753218725409,1753218725,KXMLBGAME-25JUL22SDMIA-MIA,56,44,10,yes
1753218729845,1753218729,KXMLBGAME-25JUL22ATHTEX-TEX,68,32,7,yes
1753218739866,1753218739,KXMLBGAME-25JUL22SFATL-ATL,53,47,456,yes
1753218744009,1753218743,KXMLBGAME-25JUL22STLCOL-STL,60,40,8,yes
1753218764066,1753218764,KXMLBGAME-25JUL22HOUARI-HOU,53,47,9,yes
1753218766704,1753218766,KXMLBGAME-25JUL22HOUARI-HOU,53,47,5,yes
1753218787675,1753218787,KXMLBGAME-25JUL22DETPIT-DET,55,45,1,yes
1753218799042,1753218798,KXMLBGAME-25JUL22BALCLE-CLE,60,40,1,yes
1753218808666,1753218808,KXMLBGAME-25JUL22BALCLE-CLE,60,40,11,yes
1753218811047,1753218811,KXMLBGAME-25JUL22SDMIA-MIA,56,44,1,yes
1753218811604,1753218811,KXMLBGAME-25JUL22HOUARI-HOU,53,47,18,yes
1753218836418,1753218836,KXMLBGAME-25JUL22BOSPHI-BOS,35,65,8,yes
1753218844329,1753218844,KXMLBGAME-25JUL22STLCOL-STL,60,40,48,yes
1753218847886,1753218847,KXMLBGAME-25JUL22BOSPHI-BOS,35,65,13,yes
1753218871638,1753218871,KXMLBGAME-25JUL22SDMIA-MIA,56,44,17,yes
1753218871645,1753218871,KXMLBGAME-25JUL22SDMIA-MIA,56,44,3,yes
1753218878709,1753218878,KXMLBGAME-25JUL22SFATL-SF,48,52,300,yes
1753218883865,1753218883,KXMLBGAME-25JUL22ATHTEX-TEX,68,32,17,yes
1753218883984,1753218883,KXMLBGAME-25JUL22DETPIT-PIT,45,55,557,no
1753218884043,1753218883,KXMLBGAME-25JUL22DETPIT-DET,55,45,49,yes
1753218885969,1753218885,KXMLBGAME-25JUL22STLCOL-STL,60,40,8,yes
1753218892344,1753218892,KXMLBGAME-25JUL22DETPIT-DET,56,44,173,yes
1753218901245,1753218901,KXMLBGAME-25JUL22MINLAD-LAD,68,32,33,yes
1753218922242,1753218922,KXMLBGAME-25JUL22NYYTOR-NYY,49,51,20,yes
1753218924015,1753218923,KXMLBGAME-25JUL22BOSPHI-PHI,66,34,10,yes
1753218934722,1753218934,KXMLBGAME-25JUL22ATHTEX-TEX,68,32,500,yes
1753218936771,1753218936,KXMLBGAME-25JUL22KCCHC-CHC,69,31,34,yes
1753218940244,1753218940,KXMLBGAME-25JUL22MILSEA-MIL,47,53,10,yes
1753218954486,1753218954,KXMLBGAME-25JUL22LAANYM-NYM,61,39,63,yes
1753218963599,1753218963,KXMLBGAME-25JUL22SDMIA-MIA,56,44,16,yes
1753218967645,1753218967,KXMLBGAME-25JUL22CWSTB-TB,67,33,32,yes
1753218968719,1753218968,KXMLBGAME-25JUL22SDMIA-SD,45,55,106,yes
1753218972683,1753218972,KXMLBGAME-25JUL22DETPIT-DET,56,44,221,yes
1753218980087,1753218979,KXMLBGAME-25JUL22SFATL-SF,48,52,429,yes
1753218983766,1753218983,KXMLBGAME-25JUL22SDMIA-SD,45,55,12,yes
1753218984464,1753218984,KXMLBGAME-25JUL22SDMIA-SD,45,55,21,yes
1753218989848,1753218989,KXMLBGAME-25JUL22KCCHC-KC,31,69,142,no
1753218995883,1753218995,KXMLBGAME-25JUL22BOSPHI-BOS,35,65,600,yes
1753218996309,1753218996,KXMLBGAME-25JUL22BALCLE-CLE,60,40,22,yes
1753218999702,1753218999,KXMLBGAME-25JUL22ATHTEX-ATH,33,67,1,yes
1753219001788,1753219001,KXMLBGAME-25JUL22ATHTEX-TEX,68,32,33,yes
1753219005304,1753219005,KXMLBGAME-25JUL22DETPIT-DET,56,44,69,yes
1753219010967,1753219010,KXMLBGAME-25JUL22DETPIT-DET,56,44,18,yes
1753219019305,1753219019,KXMLBGAME-25JUL22SDMIA-SD,45,55,121,yes
1753219019363,1753219019,KXMLBGAME-25JUL22MINLAD-MIN,33,67,14,yes
1753219025194,1753219025,KXMLBGAME-25JUL22SFATL-ATL,53,47,7,yes
1753219026678,1753219026,KXMLBGAME-25JUL22CINWSH-WSH,44,56,32,yes
1753219029586,1753219029,KXMLBGAME-25JUL22BALCLE-CLE,60,40,1,yes
1753219029807,1753219029,KXMLBGAME-25JUL22BALCLE-CLE,60,40,37,yes
1753219030672,1753219030,KXMLBGAME-25JUL22MILSEA-MIL,47,53,410,yes
1753219036724,1753219036,KXMLBGAME-25JUL22STLCOL-COL,40,60,166,no
1753219042106,1753219042,KXMLBGAME-25JUL22DETPIT-PIT,46,54,6,yes
1753219048894,1753219048,KXMLBGAME-25JUL22SDMIA-SD,45,55,2,yes
1753219052483,1753219052,KXMLBGAME-25JUL22SDMIA-SD,45,55,10,yes
1753219069799,1753219069,KXMLBGAME-25JUL22BALCLE-CLE,60,40,27,yes
1753219071530,1753219071,KXMLBGAME-25JUL22LAANYM-LAA,40,60,11,yes
1753219072804,1753219072,KXMLBGAME-25JUL22DETPIT-DET,56,44,8,yes
1753219073887,1753219073,KXMLBGAME-25JUL22DETPIT-PIT,46,54,1,yes
1753219078367,1753219078,KXMLBGAME-25JUL22CWSTB-CWS,34,66,8,yes
1753219096287,1753219096,KXMLBGAME-25JUL22NYYTOR-TOR,53,47,9,yes
1753219112444,1753219112,KXMLBGAME-25JUL22BALCLE-BAL,41,59,226,yes
1753219116705,1753219116,KXMLBGAME-25JUL22BALCLE-CLE,60,40,15,yes
1753219134507,1753219134,KXMLBGAME-25JUL22STLCOL-STL,60,40,27,yes
1753219155601,1753219155,KXMLBGAME-25JUL22BOSPHI-BOS,35,65,75,yes
1753219166558,1753219166,KXMLBGAME-25JUL22HOUARI-ARI,48,52,6,yes
1753219171966,1753219171,KXMLBGAME-25JUL22LAANYM-NYM,61,39,27,yes
1753219171987,1753219171,KXMLBGAME-25JUL22MILSEA-SEA,54,46,1,yes
1753219182840,1753219182,KXMLBGAME-25JUL22KCCHC-CHC,69,31,11,yes
1753219187346,1753219187,KXMLBGAME-25JUL22MILSEA-MIL,47,53,6,yes
1753219192133,1753219192,KXMLBGAME-25JUL22MILSEA-MIL,47,53,51,yes
1753219232775,1753219232,KXMLBGAME-25JUL22DETPIT-PIT,46,54,41,yes
1753219286674,1753219286,KXMLBGAME-25JUL22KCCHC-CHC,69,31,13,yes
1753219325027,1753219324,KXMLBGAME-25JUL22CWSTB-TB,67,33,21,yes
1753219330745,1753219330,KXMLBGAME-25JUL22BALCLE-CLE,60,40,162,yes
1753219338695,1753219338,KXMLBGAME-25JUL22SFATL-ATL,53,47,27,yes
1753219348832,1753219348,KXMLBGAME-25JUL22SDMIA-SD,45,55,213,yes
1753219377812,1753219377,KXMLBGAME-25JUL22CWSTB-TB,67,33,58,yes
1753219419284,1753219419,KXMLBGAME-25JUL22DETPIT-PIT,46,54,4,yes
1753219423073,1753219422,KXMLBGAME-25JUL22NYYTOR-NYY,49,51,9,yes
1753219423745,1753219423,KXMLBGAME-25JUL22SDMIA-SD,45,55,748,yes
1753219441086,1753219441,KXMLBGAME-25JUL22DETPIT-DET,56,44,71,yes
1753219475298,1753219475,KXMLBGAME-25JUL22SFATL-ATL,53,47,182,yes
1753219482260,1753219482,KXMLBGAME-25JUL22SDMIA-SD,45,55,20,yes
1753219482260,1753219482,KXMLBGAME-25JUL22SDMIA-SD,46,54,189,yes
1753219486666,1753219486,KXMLBGAME-25JUL22SDMIA-SD,46,54,58,yes
1753219492854,1753219492,KXMLBGAME-25JUL22BALCLE-CLE,60,40,798,yes
1753219492854,1753219492,KXMLBGAME-25JUL22BALCLE-CLE,60,40,601,yes
1753219492854,1753219492,KXMLBGAME-25JUL22BALCLE-CLE,60,40,25,yes
1753219492855,1753219492,KXMLBGAME-25JUL22BALCLE-CLE,60,40,4,yes
1753219492855,1753219492,KXMLBGAME-25JUL22BALCLE-CLE,60,40,1,yes
1753219492855,1753219492,KXMLBGAME-25JUL22BALCLE-CLE,60,40,1,yes
1753219492855,1753219492,KXMLBGAME-25JUL22BALCLE-CLE,60,40,140,yes
1753219492855,1753219492,KXMLBGAME-25JUL22BALCLE-CLE,60,40,23,yes
1753219492855,1753219492,KXMLBGAME-25JUL22BALCLE-CLE,60,40,46,yes
1753219492855,1753219492,KXMLBGAME-25JUL22BALCLE-CLE,60,40,7,yes
1753219492855,1753219492,KXMLBGAME-25JUL22BALCLE-CLE,60,40,11,yes
1753219492855,1753219492,KXMLBGAME-25JUL22BALCLE-CLE,60,40,70,yes
1753219492855,1753219492,KXMLBGAME-25JUL22BALCLE-CLE,60,40,9,yes
1753219492855,1753219492,KXMLBGAME-25JUL22BALCLE-CLE,60,40,1,yes
1753219492855,1753219492,KXMLBGAME-25JUL22BALCLE-CLE,60,40,9,yes
1753219492855,1753219492,KXMLBGAME-25JUL22BALCLE-CLE,60,40,7,yes
1753219492855,1753219492,KXMLBGAME-25JUL22BALCLE-CLE,60,40,47,yes
1753219492855,1753219492,KXMLBGAME-25JUL22BALCLE-CLE,60,40,11,yes
1753219492855,1753219492,KXMLBGAME-25JUL22BALCLE-CLE,60,40,11,yes
1753219492855,1753219492,KXMLBGAME-25JUL22BALCLE-CLE,60,40,4,yes
1753219492855,1753219492,KXMLBGAME-25JUL22BALCLE-CLE,60,40,23,yes
1753219492855,1753219492,KXMLBGAME-25JUL22BALCLE-CLE,60,40,10,yes
1753219492855,1753219492,KXMLBGAME-25JUL22BALCLE-CLE,60,40,11,yes
1753219492855,1753219492,KXMLBGAME-25JUL22BALCLE-CLE,60,40,7,yes
1753219492855,1753219492,KXMLBGAME-25JUL22BALCLE-CLE,60,40,1400,yes
1753219492855,1753219492,KXMLBGAME-25JUL22BALCLE-CLE,60,40,2,yes
1753219492855,1753219492,KXMLBGAME-25JUL22BALCLE-CLE,60,40,46,yes
1753219492855,1753219492,KXMLBGAME-25JUL22BALCLE-CLE,60,40,4,yes
1753219492855,1753219492,KXMLBGAME-25JUL22BALCLE-CLE,60,40,121,yes
1753219492855,1753219492,KXMLBGAME-25JUL22BALCLE-CLE,60,40,23,yes
1753219492855,1753219492,KXMLBGAME-25JUL22BALCLE-CLE,60,40,11,yes
1753219492855,1753219492,KXMLBGAME-25JUL22BALCLE-CLE,60,40,117,yes
1753219492855,1753219492,KXMLBGAME-25JUL22BALCLE-CLE,60,40,440,yes
1753219492855,1753219492,KXMLBGAME-25JUL22BALCLE-CLE,60,40,3140,yes
1753219492855,1753219492,KXMLBGAME-25JUL22BALCLE-CLE,60,40,4174,yes
1753219492855,1753219492,KXMLBGAME-25JUL22BALCLE-CLE,60,40,2,yes
1753219504145,1753219504,KXMLBGAME-25JUL22DETPIT-DET,56,44,43,yes
1753219514312,1753219514,KXMLBGAME-25JUL22LAANYM-NYM,61,39,159,yes
1753219541147,1753219541,KXMLBGAME-25JUL22CWSTB-TB,67,33,211,yes
1753219542047,1753219542,KXMLBGAME-25JUL22CWSTB-CWS,33,67,289,yes
1753219546907,1753219546,KXMLBGAME-25JUL22SDMIA-SD,46,54,228,yes
1753219552889,1753219552,KXMLBGAME-25JUL22DETPIT-DET,56,44,51,yes
1753219557687,1753219557,KXMLBGAME-25JUL22ATHTEX-TEX,68,32,14,yes
1753219575787,1753219575,KXMLBGAME-25JUL22BOSPHI-BOS,35,65,27,yes
1753219583186,1753219583,KXMLBGAME-25JUL22SFATL-ATL,53,47,182,yes
1753219588407,1753219588,KXMLBGAME-25JUL22CWSTB-CWS,33,67,14,yes
1753219598895,1753219598,KXMLBGAME-25JUL22BOSPHI-PHI,66,34,147,yes
1753219599244,1753219599,KXMLBGAME-25JUL22BOSPHI-BOS,35,65,5000,yes
1753219601248,1753219601,KXMLBGAME-25JUL22CWSTB-TB,67,33,339,yes
1753219617647,1753219617,KXMLBGAME-25JUL22BOSPHI-PHI,65,35,2338,no
1753219634126,1753219634,KXMLBGAME-25JUL22LAANYM-LAA,40,60,11,yes
1753219634545,1753219634,KXMLBGAME-25JUL22BOSPHI-PHI,66,34,14,yes
1753219655847,1753219655,KXMLBGAME-25JUL22DETPIT-DET,56,44,623,yes
1753219656137,1753219655,KXMLBGAME-25JUL22MINLAD-LAD,68,32,14,yes
1753219659305,1753219659,KXMLBGAME-25JUL22BOSPHI-BOS,35,65,2028,yes
1753219670167,1753219670,KXMLBGAME-25JUL22CWSTB-CWS,33,67,14,yes
1753219707235,1753219707,KXMLBGAME-25JUL22SFATL-SF,48,52,10,yes
1753219712458,1753219712,KXMLBGAME-25JUL22NYYTOR-NYY,49,51,5,yes
1753219714096,1753219713,KXMLBGAME-25JUL22LAANYM-LAA,39,61,11,no
1753219724986,1753219724,KXMLBGAME-25JUL22BALCLE-CLE,61,39,39,yes
1753219732488,1753219732,KXMLBGAME-25JUL22MINLAD-LAD,68,32,7,yes
1753219756246,1753219756,KXMLBGAME-25JUL22HOUARI-HOU,53,47,9,yes
1753219763351,1753219763,KXMLBGAME-25JUL22BOSPHI-PHI,65,35,15,yes
1753219763709,1753219763,KXMLBGAME-25JUL22STLCOL-COL,41,59,11,yes
1753219771627,1753219771,KXMLBGAME-25JUL22KCCHC-CHC,69,31,92,yes
1753219776048,1753219775,KXMLBGAME-25JUL22SDMIA-SD,46,54,400,yes
1753219777968,1753219777,KXMLBGAME-25JUL22BALCLE-CLE,61,39,6,yes
1753219817487,1753219817,KXMLBGAME-25JUL22BOSPHI-BOS,35,65,28,yes
1753219825967,1753219825,KXMLBGAME-25JUL22BOSPHI-BOS,35,65,3,yes
1753219848651,1753219848,KXMLBGAME-25JUL22DETPIT-PIT,46,54,4,yes
1753219860755,1753219860,KXMLBGAME-25JUL22STLCOL-STL,60,40,10,yes
1753219872920,1753219872,KXMLBGAME-25JUL22SDMIA-MIA,56,44,17,yes
1753219879986,1753219879,KXMLBGAME-25JUL22CWSTB-CWS,33,67,20,yes
1753219889509,1753219889,KXMLBGAME-25JUL22BOSPHI-PHI,65,35,3,yes
1753219902387,1753219902,KXMLBGAME-25JUL22BOSPHI-BOS,35,65,27,yes
1753219904288,1753219904,KXMLBGAME-25JUL22BOSPHI-PHI,65,35,60,yes
1753219905287,1753219905,KXMLBGAME-25JUL22CWSTB-CWS,33,67,15,yes
1753219919712,1753219919,KXMLBGAME-25JUL22SFATL-ATL,53,47,5,yes
1753219924246,1753219924,KXMLBGAME-25JUL22BOSPHI-PHI,65,35,75,yes
1753219929958,1753219929,KXMLBGAME-25JUL22CINWSH-CIN,57,43,25,yes
1753219935768,1753219935,KXMLBGAME-25JUL22BALCLE-BAL,40,60,239,yes
1753219938268,1753219938,KXMLBGAME-25JUL22MINLAD-LAD,68,32,5,yes
1753219950131,1753219950,KXMLBGAME-25JUL22CINWSH-WSH,44,56,21,yes
1753219961049,1753219960,KXMLBGAME-25JUL22DETPIT-DET,56,44,4,yes
1753219961049,1753219960,KXMLBGAME-25JUL22DETPIT-DET,56,44,1,yes
1753219961049,1753219960,KXMLBGAME-25JUL22DETPIT-DET,56,44,100,yes
1753219961049,1753219960,KXMLBGAME-25JUL22DETPIT-DET,56,44,5,yes
1753219961187,1753219961,KXMLBGAME-25JUL22NYYTOR-TOR,53,47,54,yes
1753219969706,1753219969,KXMLBGAME-25JUL22ATHTEX-TEX,68,32,57,yes
1753219972267,1753219972,KXMLBGAME-25JUL22CINWSH-WSH,44,56,32,yes
1753219983227,1753219983,KXMLBGAME-25JUL22LAANYM-NYM,61,39,28,yes
1753219986908,1753219986,KXMLBGAME-25JUL22MILSEA-MIL,47,53,30,yes
1753219992109,1753219991,KXMLBGAME-25JUL22BALCLE-CLE,61,39,31,yes
1753220010030,1753220009,KXMLBGAME-25JUL22BALCLE-CLE,61,39,10,yes
1753220011669,1753220011,KXMLBGAME-25JUL22SDMIA-MIA,56,44,98,yes
1753220014925,1753220014,KXMLBGAME-25JUL22KCCHC-CHC,69,31,402,yes
1753220015064,1753220014,KXMLBGAME-25JUL22KCCHC-KC,31,69,902,no
1753220030110,1753220030,KXMLBGAME-25JUL22SFATL-SF,48,52,387,yes
1753220039467,1753220039,KXMLBGAME-25JUL22BALCLE-CLE,61,39,81,yes
1753220045567,1753220045,KXMLBGAME-25JUL22MINLAD-LAD,68,32,28,yes
1753220050228,1753220050,KXMLBGAME-25JUL22MILSEA-MIL,47,53,74,yes
1753220050228,1753220050,KXMLBGAME-25JUL22MILSEA-MIL,47,53,28,yes
1753220054728,1753220054,KXMLBGAME-25JUL22MINLAD-LAD,68,32,17,yes
1753220057343,1753220057,KXMLBGAME-25JUL22HOUARI-HOU,53,47,18,yes
1753220067891,1753220067,KXMLBGAME-25JUL22STLCOL-STL,60,40,16,yes
1753220075128,1753220075,KXMLBGAME-25JUL22NYYTOR-TOR,53,47,28,yes
1753220076007,1753220075,KXMLBGAME-25JUL22KCCHC-CHC,69,31,35,yes
1753220081985,1753220081,KXMLBGAME-25JUL22KCCHC-CHC,69,31,15,yes
1753220088867,1753220088,KXMLBGAME-25JUL22NYYTOR-TOR,52,48,35,no
1753220091545,1753220091,KXMLBGAME-25JUL22ATHTEX-ATH,33,67,14,yes
1753220093007,1753220092,KXMLBGAME-25JUL22SDMIA-SD,46,54,1,yes
1753220112742,1753220112,KXMLBGAME-25JUL22SDMIA-SD,46,54,92,yes
1753220112742,1753220112,KXMLBGAME-25JUL22SDMIA-SD,46,54,12,yes
1753220121543,1753220121,KXMLBGAME-25JUL22SDMIA-MIA,56,44,12,yes
1753220127078,1753220126,KXMLBGAME-25JUL22NYYTOR-TOR,53,47,45,yes
1753220131891,1753220131,KXMLBGAME-25JUL22CINWSH-WSH,44,56,21,yes
1753220143486,1753220143,KXMLBGAME-25JUL22SFATL-ATL,53,47,27,yes
1753220145608,1753220145,KXMLBGAME-25JUL22SDMIA-SD,46,54,41,yes
1753220151406,1753220151,KXMLBGAME-25JUL22CWSTB-TB,68,32,129,yes
1753220156368,1753220156,KXMLBGAME-25JUL22BOSPHI-BOS,35,65,308,yes
1753220161049,1753220161,KXMLBGAME-25JUL22LAANYM-LAA,40,60,9,yes
1753220164649,1753220164,KXMLBGAME-25JUL22SDMIA-MIA,56,44,12,yes
1753220172544,1753220172,KXMLBGAME-25JUL22BOSPHI-BOS,35,65,15,yes
1753220179466,1753220179,KXMLBGAME-25JUL22KCCHC-CHC,69,31,70,yes
1753220181165,1753220181,KXMLBGAME-25JUL22DETPIT-DET,56,44,160,yes
1753220183501,1753220183,KXMLBGAME-25JUL22KCCHC-CHC,69,31,21,yes
1753220194330,1753220194,KXMLBGAME-25JUL22BALCLE-CLE,61,39,25,yes
1753220198728,1753220198,KXMLBGAME-25JUL22BALCLE-CLE,61,39,23,yes
1753220203165,1753220203,KXMLBGAME-25JUL22CWSTB-CWS,32,68,333,no
1753220203165,1753220203,KXMLBGAME-25JUL22CWSTB-CWS,32,68,803,no
1753220203264,1753220203,KXMLBGAME-25JUL22CWSTB-TB,68,32,386,yes
1753220203264,1753220203,KXMLBGAME-25JUL22CWSTB-TB,68,32,50,yes
1753220203264,1753220203,KXMLBGAME-25JUL22CWSTB-TB,68,32,5,yes
1753220203264,1753220203,KXMLBGAME-25JUL22CWSTB-TB,68,32,5,yes
1753220203265,1753220203,KXMLBGAME-25JUL22CWSTB-TB,68,32,52,yes
1753220203265,1753220203,KXMLBGAME-25JUL22CWSTB-TB,68,32,5,yes
1753220203265,1753220203,KXMLBGAME-25JUL22CWSTB-TB,68,32,133,yes
1753220206247,1753220206,KXMLBGAME-25JUL22BALCLE-BAL,40,60,12,yes
1753220206789,1753220206,KXMLBGAME-25JUL22MILSEA-SEA,54,46,44,yes
1753220209745,1753220209,KXMLBGAME-25JUL22CINWSH-CIN,57,43,150,yes
1753220222732,1753220222,KXMLBGAME-25JUL22NYYTOR-TOR,53,47,21,yes
1753220224105,1753220224,KXMLBGAME-25JUL22DETPIT-DET,56,44,1698,yes
1753220227022,1753220226,KXMLBGAME-25JUL22BOSPHI-BOS,35,65,136,yes
1753220251226,1753220251,KXMLBGAME-25JUL22DETPIT-DET,56,44,259,yes
1753220253748,1753220253,KXMLBGAME-25JUL22MINLAD-LAD,68,32,13,yes
1753220253749,1753220253,KXMLBGAME-25JUL22BALCLE-CLE,61,39,2,yes
1753220256922,1753220256,KXMLBGAME-25JUL22BALCLE-CLE,61,39,159,yes
1753220265729,1753220265,KXMLBGAME-25JUL22CINWSH-WSH,44,56,131,yes
1753220291733,1753220291,KXMLBGAME-25JUL22BALCLE-BAL,40,60,141,yes
1753220305969,1753220305,KXMLBGAME-25JUL22BOSPHI-BOS,35,65,273,yes
1753220318664,1753220318,KXMLBGAME-25JUL22SDMIA-MIA,56,44,17,yes
1753220327477,1753220327,KXMLBGAME-25JUL22NYYTOR-NYY,49,51,118,yes
1753220331368,1753220331,KXMLBGAME-25JUL22SFATL-ATL,53,47,9,yes
1753220354207,1753220354,KXMLBGAME-25JUL22LAANYM-NYM,61,39,1,yes
1753220360041,1753220359,KXMLBGAME-25JUL22LAANYM-NYM,60,40,27,no
1753220363112,1753220363,KXMLBGAME-25JUL22BOSPHI-BOS,35,65,2732,yes
1753220364066,1753220364,KXMLBGAME-25JUL22ATHTEX-TEX,68,32,15,yes
1753220365005,1753220364,KXMLBGAME-25JUL22MILSEA-SEA,54,46,17,yes
1753220369385,1753220369,KXMLBGAME-25JUL22BALCLE-CLE,61,39,12,yes
1753220369665,1753220369,KXMLBGAME-25JUL22CINWSH-CIN,56,44,25,no
1753220380948,1753220380,KXMLBGAME-25JUL22DETPIT-DET,56,44,84,yes
1753220381044,1753220381,KXMLBGAME-25JUL22ATHTEX-TEX,68,32,1,yes
1753220389166,1753220389,KXMLBGAME-25JUL22SDMIA-SD,46,54,16,yes
1753220389646,1753220389,KXMLBGAME-25JUL22NYYTOR-NYY,49,51,29,yes
1753220404410,1753220404,KXMLBGAME-25JUL22DETPIT-DET,56,44,13,yes
1753220409287,1753220409,KXMLBGAME-25JUL22KCCHC-KC,32,68,29,yes
1753220415947,1753220415,KXMLBGAME-25JUL22BOSPHI-BOS,35,65,6,yes
1753220416986,1753220416,KXMLBGAME-25JUL22CINWSH-CIN,57,43,13,yes
1753220420559,1753220420,KXMLBGAME-25JUL22SFATL-SF,48,52,30,yes
1753220426703,1753220426,KXMLBGAME-25JUL22BOSPHI-BOS,35,65,54,yes
1753220430287,1753220430,KXMLBGAME-25JUL22DETPIT-PIT,46,54,41,yes
1753220435203,1753220435,KXMLBGAME-25JUL22BOSPHI-PHI,65,35,15,yes
1753220451169,1753220451,KXMLBGAME-25JUL22CWSTB-CWS,32,68,14,yes
1753220464288,1753220464,KXMLBGAME-25JUL22ATHTEX-ATH,33,67,7,yes
1753220467626,1753220467,KXMLBGAME-25JUL22NYYTOR-TOR,53,47,10,yes
1753220468628,1753220468,KXMLBGAME-25JUL22SDMIA-SD,46,54,20,yes
1753220472680,1753220472,KXMLBGAME-25JUL22HOUARI-HOU,53,47,14,yes
1753220474626,1753220474,KXMLBGAME-25JUL22SFATL-SF,48,52,10,yes
1753220487017,1753220486,KXMLBGAME-25JUL22BALCLE-BAL,40,60,11,yes
1753220487727,1753220487,KXMLBGAME-25JUL22SDMIA-SD,46,54,31,yes
1753220488907,1753220488,KXMLBGAME-25JUL22MILSEA-MIL,47,53,16,yes
1753220490325,1753220490,KXMLBGAME-25JUL22LAANYM-LAA,40,60,14,yes
1753220502786,1753220502,KXMLBGAME-25JUL22BALCLE-BAL,40,60,479,yes
1753220507727,1753220507,KXMLBGAME-25JUL22SFATL-SF,48,52,12,yes
1753220509766,1753220509,KXMLBGAME-25JUL22ATHTEX-TEX,68,32,57,yes
1753220527147,1753220527,KXMLBGAME-25JUL22HOUARI-ARI,48,52,10,yes
1753220544366,1753220544,KXMLBGAME-25JUL22BOSPHI-BOS,35,65,27,yes
1753220545267,1753220545,KXMLBGAME-25JUL22KCCHC-CHC,69,31,21,yes
1753220548559,1753220548,KXMLBGAME-25JUL22LAANYM-LAA,40,60,11,yes
1753220555766,1753220555,KXMLBGAME-25JUL22MILSEA-SEA,54,46,10,yes
1753220557571,1753220557,KXMLBGAME-25JUL22BOSPHI-BOS,35,65,217,yes
1753220563430,1753220563,KXMLBGAME-25JUL22SDMIA-SD,46,54,20,yes
1753220565907,1753220565,KXMLBGAME-25JUL22ATHTEX-TEX,68,32,14,yes
1753220571065,1753220570,KXMLBGAME-25JUL22DETPIT-PIT,45,55,476,no
1753220586447,1753220586,KXMLBGAME-25JUL22STLCOL-STL,60,40,16,yes
1753220604265,1753220604,KXMLBGAME-25JUL22NYYTOR-NYY,49,51,19,yes
1753220606825,1753220606,KXMLBGAME-25JUL22MILSEA-MIL,47,53,143,yes
1753220606869,1753220606,KXMLBGAME-25JUL22BOSPHI-PHI,65,35,37,yes
1753220609127,1753220609,KXMLBGAME-25JUL22HOUARI-HOU,53,47,18,yes
1753220613029,1753220612,KXMLBGAME-25JUL22MILSEA-MIL,47,53,200,yes
1753220623809,1753220623,KXMLBGAME-25JUL22MINLAD-LAD,68,32,35,yes
1753220629127,1753220629,KXMLBGAME-25JUL22MILSEA-SEA,54,46,7,yes
1753220636886,1753220636,KXMLBGAME-25JUL22CINWSH-WSH,44,56,13,yes
1753220640310,1753220640,KXMLBGAME-25JUL22SFATL-SF,48,52,50,yes
1753220649447,1753220649,KXMLBGAME-25JUL22BOSPHI-BOS,35,65,7,yes
1753220656068,1753220656,KXMLBGAME-25JUL22MINLAD-MIN,33,67,23,yes
1753220660278,1753220660,KXMLBGAME-25JUL22SDMIA-SD,46,54,4,yes
1753220667030,1753220666,KXMLBGAME-25JUL22NYYTOR-TOR,53,47,6,yes
1753220670766,1753220670,KXMLBGAME-25JUL22SFATL-SF,48,52,30,yes
1753220673488,1753220673,KXMLBGAME-25JUL22LAANYM-NYM,61,39,157,yes
1753220687989,1753220687,KXMLBGAME-25JUL22NYYTOR-TOR,53,47,25,yes
1753220701744,1753220701,KXMLBGAME-25JUL22BOSPHI-BOS,35,65,95,yes
1753220715370,1753220715,KXMLBGAME-25JUL22DETPIT-DET,56,44,11,yes
1753220746415,1753220746,KXMLBGAME-25JUL22BOSPHI-BOS,35,65,10,yes
1753220748146,1753220748,KXMLBGAME-25JUL22SFATL-SF,48,52,20,yes
1753220753305,1753220753,KXMLBGAME-25JUL22SFATL-SF,48,52,381,yes
1753220757969,1753220757,KXMLBGAME-25JUL22NYYTOR-NYY,49,51,59,yes
1753220765427,1753220765,KXMLBGAME-25JUL22DETPIT-DET,56,44,173,yes
1753220771793,1753220771,KXMLBGAME-25JUL22DETPIT-DET,56,44,71,yes
1753220776913,1753220776,KXMLBGAME-25JUL22SDMIA-MIA,55,45,169,yes
1753220779787,1753220779,KXMLBGAME-25JUL22DETPIT-DET,56,44,123,yes
1753220810183,1753220810,KXMLBGAME-25JUL22NYYTOR-TOR,52,48,575,no
1753220810806,1753220810,KXMLBGAME-25JUL22HOUARI-HOU,53,47,221,yes
1753220813605,1753220813,KXMLBGAME-25JUL22CWSTB-CWS,32,68,10,yes
1753220815726,1753220815,KXMLBGAME-25JUL22SDMIA-MIA,55,45,53,yes
1753220832209,1753220832,KXMLBGAME-25JUL22MILSEA-SEA,54,46,3,yes
1753220845402,1753220845,KXMLBGAME-25JUL22BOSPHI-BOS,35,65,15,yes
1753220864466,1753220864,KXMLBGAME-25JUL22SDMIA-SD,46,54,31,yes
1753220875846,1753220875,KXMLBGAME-25JUL22BOSPHI-PHI,65,35,22,yes
1753220882590,1753220882,KXMLBGAME-25JUL22BALCLE-BAL,40,60,119,yes
1753220890446,1753220890,KXMLBGAME-25JUL22NYYTOR-TOR,53,47,14,yes
1753220897787,1753220897,KXMLBGAME-25JUL22HOUARI-ARI,48,52,10,yes
1753220900908,1753220900,KXMLBGAME-25JUL22DETPIT-DET,56,44,519,yes
1753220911467,1753220911,KXMLBGAME-25JUL22DETPIT-DET,56,44,2763,yes
1753220912969,1753220912,KXMLBGAME-25JUL22DETPIT-DET,56,44,173,yes
1753220930246,1753220930,KXMLBGAME-25JUL22DETPIT-DET,56,44,259,yes
1753220937467,1753220937,KXMLBGAME-25JUL22SDMIA-MIA,55,45,231,yes
1753220952427,1753220952,KXMLBGAME-25JUL22BALCLE-BAL,40,60,10,yes
1753220957855,1753220957,KXMLBGAME-25JUL22SFATL-SF,48,52,20,yes
1753220967481,1753220967,KXMLBGAME-25JUL22BALCLE-CLE,61,39,269,yes
1753220973625,1753220973,KXMLBGAME-25JUL22SDMIA-SD,46,54,10,yes
1753220973705,1753220973,KXMLBGAME-25JUL22SDMIA-MIA,55,45,2,yes
1753220976672,1753220976,KXMLBGAME-25JUL22NYYTOR-NYY,49,51,39,yes
1753220982636,1753220982,KXMLBGAME-25JUL22BALCLE-BAL,40,60,160,yes
1753220984266,1753220984,KXMLBGAME-25JUL22BOSPHI-BOS,35,65,28,yes
1753220994068,1753220994,KXMLBGAME-25JUL22DETPIT-DET,56,44,20,yes
1753221002297,1753221002,KXMLBGAME-25JUL22SDMIA-SD,46,54,41,yes
1753221004145,1753221004,KXMLBGAME-25JUL22ATHTEX-TEX,68,32,57,yes
1753221018405,1753221018,KXMLBGAME-25JUL22DETPIT-DET,56,44,173,yes
1753221028101,1753221027,KXMLBGAME-25JUL22DETPIT-DET,56,44,43,yes
1753221032206,1753221032,KXMLBGAME-25JUL22NYYTOR-TOR,53,47,9,yes
1753221033346,1753221033,KXMLBGAME-25JUL22BOSPHI-PHI,65,35,150,yes
1753221035263,1753221035,KXMLBGAME-25JUL22SFATL-ATL,53,47,7,yes
1753221036769,1753221036,KXMLBGAME-25JUL22NYYTOR-TOR,53,47,5,yes
1753221054366,1753221054,KXMLBGAME-25JUL22SFATL-SF,48,52,10,yes
1753221054665,1753221054,KXMLBGAME-25JUL22CWSTB-CWS,32,68,2,yes
1753221062303,1753221062,KXMLBGAME-25JUL22DETPIT-DET,56,44,46,yes
1753221063225,1753221063,KXMLBGAME-25JUL22BOSPHI-BOS,35,65,54,yes
1753221063425,1753221063,KXMLBGAME-25JUL22BOSPHI-BOS,35,65,23,yes
1753221063629,1753221063,KXMLBGAME-25JUL22SDMIA-SD,46,54,52,yes
1753221066903,1753221066,KXMLBGAME-25JUL22BOSPHI-PHI,65,35,1501,yes
1753221072505,1753221072,KXMLBGAME-25JUL22MILSEA-MIL,47,53,10,yes
1753221076946,1753221076,KXMLBGAME-25JUL22DETPIT-PIT,46,54,104,yes
1753221088328,1753221088,KXMLBGAME-25JUL22CWSTB-CWS,32,68,50,yes
1753221092026,1753221091,KXMLBGAME-25JUL22DETPIT-DET,56,44,47,yes
1753221092187,1753221092,KXMLBGAME-25JUL22SFATL-SF,48,52,30,yes
1753221094667,1753221094,KXMLBGAME-25JUL22SDMIA-SD,46,54,41,yes
1753221100685,1753221100,KXMLBGAME-25JUL22NYYTOR-TOR,52,48,390,no
1753221101619,1753221101,KXMLBGAME-25JUL22SFATL-SF,48,52,4,yes
1753221104799,1753221104,KXMLBGAME-25JUL22SFATL-SF,48,52,16,yes
1753221112266,1753221112,KXMLBGAME-25JUL22BALCLE-CLE,61,39,1595,yes
1753221114117,1753221113,KXMLBGAME-25JUL22NYYTOR-TOR,52,48,13,yes
1753221119165,1753221119,KXMLBGAME-25JUL22KCCHC-CHC,69,31,141,yes
1753221120066,1753221120,KXMLBGAME-25JUL22ATHTEX-ATH,33,67,10,yes
1753221130908,1753221130,KXMLBGAME-25JUL22CWSTB-CWS,32,68,477,yes
1753221132140,1753221132,KXMLBGAME-25JUL22KCCHC-CHC,69,31,3,yes
1753221135212,1753221135,KXMLBGAME-25JUL22SDMIA-MIA,55,45,8,yes
1753221136685,1753221136,KXMLBGAME-25JUL22BALCLE-BAL,40,60,23,yes
1753221138694,1753221138,KXMLBGAME-25JUL22KCCHC-KC,32,68,298,yes
1753221156185,1753221156,KXMLBGAME-25JUL22MILSEA-MIL,47,53,61,yes
1753221156665,1753221156,KXMLBGAME-25JUL22CINWSH-WSH,44,56,50,yes
1753221156885,1753221156,KXMLBGAME-25JUL22SDMIA-SD,46,54,1131,yes
1753221159327,1753221159,KXMLBGAME-25JUL22SDMIA-SD,46,54,20,yes
1753221160645,1753221160,KXMLBGAME-25JUL22ATHTEX-TEX,68,32,1438,yes
1753221167045,1753221167,KXMLBGAME-25JUL22KCCHC-KC,32,68,10,yes
1753221174124,1753221173,KXMLBGAME-25JUL22KCCHC-CHC,69,31,1128,yes
1753221177487,1753221177,KXMLBGAME-25JUL22LAANYM-LAA,40,60,16,yes
1753221189996,1753221189,KXMLBGAME-25JUL22NYYTOR-NYY,49,51,19,yes
1753221199546,1753221199,KXMLBGAME-25JUL22HOUARI-HOU,53,47,36,yes
1753221207747,1753221207,KXMLBGAME-25JUL22SDMIA-SD,46,54,54,yes
1753221207911,1753221207,KXMLBGAME-25JUL22MINLAD-MIN,33,67,10,yes
1753221207911,1753221207,KXMLBGAME-25JUL22SDMIA-SD,46,54,54,yes
1753221214408,1753221214,KXMLBGAME-25JUL22LAANYM-LAA,39,61,11,no
1753221214806,1753221214,KXMLBGAME-25JUL22MILSEA-SEA,54,46,21,yes
1753221226606,1753221226,KXMLBGAME-25JUL22MILSEA-SEA,54,46,8,yes
1753221231571,1753221231,KXMLBGAME-25JUL22NYYTOR-TOR,52,48,1860,yes
1753221233312,1753221233,KXMLBGAME-25JUL22SFATL-ATL,53,47,18,yes
1753221241903,1753221241,KXMLBGAME-25JUL22BOSPHI-BOS,36,64,17,yes
1753221244780,1753221244,KXMLBGAME-25JUL22SDMIA-SD,46,54,21,yes
1753221250003,1753221249,KXMLBGAME-25JUL22ATHTEX-TEX,68,32,14,yes
1753221254166,1753221254,KXMLBGAME-25JUL22BALCLE-CLE,61,39,47,yes
1753221256658,1753221256,KXMLBGAME-25JUL22BOSPHI-BOS,36,64,160,yes
1753221256658,1753221256,KXMLBGAME-25JUL22BOSPHI-BOS,37,63,2,yes
1753221259704,1753221259,KXMLBGAME-25JUL22BALCLE-CLE,61,39,79,yes
1753221262145,1753221262,KXMLBGAME-25JUL22SDMIA-SD,46,54,20,yes
1753221263213,1753221263,KXMLBGAME-25JUL22DETPIT-DET,56,44,54,yes
1753221265385,1753221265,KXMLBGAME-25JUL22NYYTOR-TOR,52,48,46,yes
1753221269658,1753221269,KXMLBGAME-25JUL22CINWSH-CIN,57,43,34,yes
1753221271185,1753221271,KXMLBGAME-25JUL22LAANYM-NYM,61,39,1,yes
1753221275925,1753221275,KXMLBGAME-25JUL22STLCOL-COL,41,59,23,yes
1753221281521,1753221281,KXMLBGAME-25JUL22NYYTOR-TOR,52,48,1860,yes
1753221285487,1753221285,KXMLBGAME-25JUL22KCCHC-CHC,69,31,12,yes
1753221286368,1753221286,KXMLBGAME-25JUL22HOUARI-HOU,53,47,182,yes
1753221287005,1753221286,KXMLBGAME-25JUL22KCCHC-KC,31,69,74,no
1753221291927,1753221291,KXMLBGAME-25JUL22CINWSH-CIN,57,43,18,yes
1753221298187,1753221298,KXMLBGAME-25JUL22NYYTOR-NYY,49,51,19,yes
1753221301819,1753221301,KXMLBGAME-25JUL22CWSTB-TB,68,32,71,yes
1753221303066,1753221303,KXMLBGAME-25JUL22CWSTB-CWS,32,68,745,yes
1753221304005,1753221303,KXMLBGAME-25JUL22NYYTOR-NYY,49,51,13,yes
1753221312366,1753221312,KXMLBGAME-25JUL22CINWSH-WSH,44,56,218,yes
1753221314209,1753221314,KXMLBGAME-25JUL22BOSPHI-PHI,65,35,75,yes
1753221315384,1753221315,KXMLBGAME-25JUL22BOSPHI-BOS,37,63,32,yes
1753221328264,1753221328,KXMLBGAME-25JUL22CWSTB-CWS,32,68,298,yes
1753221329225,1753221329,KXMLBGAME-25JUL22NYYTOR-TOR,52,48,1860,yes
1753221329465,1753221329,KXMLBGAME-25JUL22MINLAD-LAD,68,32,142,yes
1753221340066,1753221340,KXMLBGAME-25JUL22CINWSH-CIN,57,43,42,yes
1753221346425,1753221346,KXMLBGAME-25JUL22DETPIT-DET,56,44,17,yes
1753221347924,1753221347,KXMLBGAME-25JUL22LAANYM-LAA,40,60,599,yes
1753221351586,1753221351,KXMLBGAME-25JUL22HOUARI-HOU,53,47,3,yes
1753221354447,1753221354,KXMLBGAME-25JUL22CWSTB-CWS,32,68,9,yes
1753221358247,1753221358,KXMLBGAME-25JUL22NYYTOR-NYY,49,51,20,yes
1753221363566,1753221363,KXMLBGAME-25JUL22DETPIT-DET,56,44,3,yes
1753221369188,1753221369,KXMLBGAME-25JUL22CINWSH-CIN,57,43,12,yes
1753221369307,1753221369,KXMLBGAME-25JUL22CINWSH-CIN,57,43,12,yes
1753221375746,1753221375,KXMLBGAME-25JUL22NYYTOR-NYY,49,51,6,yes
1753221376766,1753221376,KXMLBGAME-25JUL22STLCOL-STL,60,40,40,yes
1753221383534,1753221383,KXMLBGAME-25JUL22SDMIA-MIA,55,45,15,yes
1753221395885,1753221395,KXMLBGAME-25JUL22KCCHC-KC,32,68,298,yes
1753221399816,1753221399,KXMLBGAME-25JUL22MINLAD-LAD,68,32,43,yes
1753221400267,1753221400,KXMLBGAME-25JUL22CINWSH-CIN,57,43,42,yes
1753221405346,1753221405,KXMLBGAME-25JUL22NYYTOR-TOR,52,48,1060,yes
1753221405346,1753221405,KXMLBGAME-25JUL22NYYTOR-TOR,53,47,578,yes
1753221405346,1753221405,KXMLBGAME-25JUL22NYYTOR-TOR,53,47,207,yes
1753221411286,1753221411,KXMLBGAME-25JUL22DETPIT-DET,56,44,338,yes
1753221411286,1753221411,KXMLBGAME-25JUL22DETPIT-DET,56,44,874,yes
1753221414050,1753221413,KXMLBGAME-25JUL22SFATL-SF,48,52,8,yes
1753221414785,1753221414,KXMLBGAME-25JUL22BOSPHI-BOS,37,63,64,yes
1753221421935,1753221421,KXMLBGAME-25JUL22BALCLE-CLE,61,39,25,yes
1753221424699,1753221424,KXMLBGAME-25JUL22LAANYM-LAA,40,60,479,yes
1753221427308,1753221427,KXMLBGAME-25JUL22SDMIA-MIA,55,45,44,yes
1753221439229,1753221439,KXMLBGAME-25JUL22BALCLE-CLE,61,39,39,yes
1753221448368,1753221448,KXMLBGAME-25JUL22BALCLE-BAL,40,60,7,yes
1753221454646,1753221454,KXMLBGAME-25JUL22BOSPHI-PHI,65,35,37,yes
1753221454989,1753221454,KXMLBGAME-25JUL22BOSPHI-BOS,37,63,194,yes
1753221460352,1753221460,KXMLBGAME-25JUL22SFATL-SF,48,52,402,yes
1753221463205,1753221463,KXMLBGAME-25JUL22SDMIA-MIA,55,45,35,yes
1753221476822,1753221476,KXMLBGAME-25JUL22SDMIA-SD,46,54,523,yes
1753221490765,1753221490,KXMLBGAME-25JUL22BALCLE-CLE,61,39,11,yes
1753221494128,1753221494,KXMLBGAME-25JUL22SDMIA-MIA,55,45,8,yes
1753221495815,1753221495,KXMLBGAME-25JUL22SDMIA-SD,46,54,31,yes
1753221502152,1753221502,KXMLBGAME-25JUL22DETPIT-DET,56,44,84,yes
1753221502767,1753221502,KXMLBGAME-25JUL22SDMIA-SD,46,54,42,yes
1753221503527,1753221503,KXMLBGAME-25JUL22BALCLE-CLE,61,39,15,yes
1753221507030,1753221506,KXMLBGAME-25JUL22DETPIT-DET,56,44,121,yes
1753221513666,1753221513,KXMLBGAME-25JUL22SFATL-SF,48,52,2010,yes
1753221518606,1753221518,KXMLBGAME-25JUL22STLCOL-STL,60,40,25,yes
1753221527487,1753221527,KXMLBGAME-25JUL22BALCLE-CLE,61,39,10,yes
1753221528186,1753221528,KXMLBGAME-25JUL22SDMIA-SD,46,54,9,yes
1753221528367,1753221528,KXMLBGAME-25JUL22LAANYM-LAA,40,60,2399,yes
1753221538429,1753221538,KXMLBGAME-25JUL22DETPIT-DET,56,44,5,yes
1753221538650,1753221538,KXMLBGAME-25JUL22NYYTOR-NYY,49,51,48,yes
1753221538968,1753221538,KXMLBGAME-25JUL22BALCLE-CLE,61,39,297,yes
1753221545124,1753221545,KXMLBGAME-25JUL22BOSPHI-PHI,65,35,30,yes
1753221548487,1753221548,KXMLBGAME-25JUL22SDMIA-SD,46,54,20,yes
1753221549768,1753221549,KXMLBGAME-25JUL22NYYTOR-NYY,49,51,20,yes
1753221557510,1753221557,KXMLBGAME-25JUL22DETPIT-DET,56,44,55,yes
1753221559330,1753221559,KXMLBGAME-25JUL22MILSEA-MIL,47,53,264,yes
1753221559330,1753221559,KXMLBGAME-25JUL22MILSEA-MIL,47,53,3,yes
1753221559330,1753221559,KXMLBGAME-25JUL22MILSEA-MIL,47,53,1784,yes
1753221559567,1753221559,KXMLBGAME-25JUL22BALCLE-BAL,40,60,89,yes
1753221559926,1753221559,KXMLBGAME-25JUL22SDMIA-SD,46,54,2,yes
1753221561989,1753221561,KXMLBGAME-25JUL22BOSPHI-PHI,65,35,64,yes
1753221568778,1753221568,KXMLBGAME-25JUL22BALCLE-BAL,40,60,23,yes
1753221572046,1753221572,KXMLBGAME-25JUL22CWSTB-CWS,32,68,2983,yes
1753221574468,1753221574,KXMLBGAME-25JUL22BOSPHI-PHI,65,35,1,yes
1753221585286,1753221585,KXMLBGAME-25JUL22SDMIA-SD,46,54,1026,yes
1753221593866,1753221593,KXMLBGAME-25JUL22BOSPHI-PHI,65,35,4,yes
1753221595767,1753221595,KXMLBGAME-25JUL22DETPIT-DET,56,44,5,yes
1753221598389,1753221598,KXMLBGAME-25JUL22DETPIT-DET,56,44,8,yes
1753221601929,1753221601,KXMLBGAME-25JUL22SDMIA-SD,46,54,83,yes
1753221603828,1753221603,KXMLBGAME-25JUL22BOSPHI-PHI,65,35,28,yes
1753221604066,1753221604,KXMLBGAME-25JUL22CWSTB-CWS,32,68,2,yes
1753221606148,1753221606,KXMLBGAME-25JUL22SDMIA-SD,46,54,2094,yes
1753221611684,1753221611,KXMLBGAME-25JUL22CINWSH-CIN,57,43,5,yes
1753221613147,1753221613,KXMLBGAME-25JUL22SDMIA-SD,46,54,36,yes
1753221614858,1753221614,KXMLBGAME-25JUL22SDMIA-SD,46,54,1,yes
1753221616270,1753221616,KXMLBGAME-25JUL22ATHTEX-ATH,33,67,43,yes
1753221617620,1753221617,KXMLBGAME-25JUL22BALCLE-BAL,40,60,830,yes
1753221617620,1753221617,KXMLBGAME-25JUL22BALCLE-BAL,40,60,664,yes
1753221617620,1753221617,KXMLBGAME-25JUL22BALCLE-BAL,40,60,1,yes
1753221617620,1753221617,KXMLBGAME-25JUL22BALCLE-BAL,40,60,904,yes
1753221618750,1753221618,KXMLBGAME-25JUL22STLCOL-STL,60,40,8,yes
1753221626055,1753221625,KXMLBGAME-25JUL22BALCLE-BAL,40,60,50,yes
1753221628147,1753221628,KXMLBGAME-25JUL22BOSPHI-BOS,37,63,7,yes
1753221628366,1753221628,KXMLBGAME-25JUL22HOUARI-HOU,53,47,3,yes
1753221628628,1753221628,KXMLBGAME-25JUL22HOUARI-ARI,48,52,2010,yes
1753221631987,1753221631,KXMLBGAME-25JUL22BOSPHI-BOS,37,63,46,yes
1753221641267,1753221641,KXMLBGAME-25JUL22BOSPHI-BOS,37,63,1,yes
1753221641483,1753221641,KXMLBGAME-25JUL22DETPIT-DET,56,44,192,yes
1753221642269,1753221642,KXMLBGAME-25JUL22CINWSH-WSH,44,56,431,yes
1753221642269,1753221642,KXMLBGAME-25JUL22CINWSH-WSH,44,56,1755,yes
1753221644070,1753221644,KXMLBGAME-25JUL22CWSTB-CWS,32,68,8,yes
1753221645374,1753221645,KXMLBGAME-25JUL22LAANYM-LAA,40,60,52,yes
1753221648139,1753221647,KXMLBGAME-25JUL22MINLAD-LAD,68,32,7,yes
1753221650596,1753221650,KXMLBGAME-25JUL22BALCLE-CLE,61,39,22,yes
1753221651620,1753221651,KXMLBGAME-25JUL22CWSTB-CWS,32,68,1,yes
1753221653716,1753221653,KXMLBGAME-25JUL22DETPIT-PIT,46,54,2094,yes
1753221661509,1753221661,KXMLBGAME-25JUL22CWSTB-TB,68,32,7,yes
1753221664949,1753221664,KXMLBGAME-25JUL22MINLAD-MIN,33,67,2894,yes
1753221666125,1753221666,KXMLBGAME-25JUL22CWSTB-CWS,32,68,5,yes
1753221666674,1753221666,KXMLBGAME-25JUL22BALCLE-BAL,40,60,1,yes
1753221667067,1753221667,KXMLBGAME-25JUL22NYYTOR-NYY,49,51,19,yes
1753221668328,1753221668,KXMLBGAME-25JUL22CINWSH-CIN,57,43,17,yes
1753221668530,1753221668,KXMLBGAME-25JUL22CINWSH-CIN,57,43,17,yes
1753221668867,1753221668,KXMLBGAME-25JUL22STLCOL-STL,60,40,4,yes
1753221670411,1753221670,KXMLBGAME-25JUL22CINWSH-CIN,57,43,59,yes
1753221677323,1753221677,KXMLBGAME-25JUL22ATHTEX-ATH,33,67,75,yes
1753221677323,1753221677,KXMLBGAME-25JUL22ATHTEX-ATH,34,66,992,yes
1753221677323,1753221677,KXMLBGAME-25JUL22ATHTEX-ATH,34,66,1500,yes
1753221677323,1753221677,KXMLBGAME-25JUL22ATHTEX-ATH,34,66,246,yes
1753221679207,1753221679,KXMLBGAME-25JUL22BALCLE-CLE,61,39,15,yes
1753221679406,1753221679,KXMLBGAME-25JUL22BALCLE-CLE,61,39,15,yes
1753221680287,1753221680,KXMLBGAME-25JUL22SFATL-SF,48,52,2,yes
1753221680605,1753221680,KXMLBGAME-25JUL22STLCOL-STL,60,40,8,yes
1753221681214,1753221681,KXMLBGAME-25JUL22NYYTOR-TOR,52,48,50,yes
1753221681546,1753221681,KXMLBGAME-25JUL22DETPIT-DET,56,44,60,yes
1753221687154,1753221687,KXMLBGAME-25JUL22DETPIT-DET,56,44,1096,yes
1753221687154,1753221687,KXMLBGAME-25JUL22DETPIT-DET,56,44,463,yes
1753221688075,1753221687,KXMLBGAME-25JUL22SDMIA-SD,46,54,104,yes
1753221688789,1753221688,KXMLBGAME-25JUL22NYYTOR-NYY,49,51,1970,yes
1753221690123,1753221690,KXMLBGAME-25JUL22BOSPHI-BOS,37,63,7,yes
1753221690887,1753221690,KXMLBGAME-25JUL22ATHTEX-TEX,68,32,50,yes
1753221695987,1753221695,KXMLBGAME-25JUL22NYYTOR-TOR,52,48,390,yes
1753221695988,1753221695,KXMLBGAME-25JUL22NYYTOR-TOR,52,48,222,yes
1753221695988,1753221695,KXMLBGAME-25JUL22NYYTOR-TOR,52,48,500,yes
1753221695988,1753221695,KXMLBGAME-25JUL22NYYTOR-TOR,53,47,734,yes
1753221700670,1753221700,KXMLBGAME-25JUL22SDMIA-SD,46,54,10,yes
1753221702448,1753221702,KXMLBGAME-25JUL22KCCHC-CHC,69,31,50,yes
1753221702929,1753221702,KXMLBGAME-25JUL22CWSTB-TB,68,32,565,yes
1753221705691,1753221705,KXMLBGAME-25JUL22SDMIA-MIA,55,45,43,yes
1753221705747,1753221705,KXMLBGAME-25JUL22SDMIA-SD,46,54,152,yes
1753221708306,1753221708,KXMLBGAME-25JUL22BOSPHI-BOS,37,63,2588,yes
1753221710585,1753221710,KXMLBGAME-25JUL22BOSPHI-BOS,36,64,12,no
1753221713446,1753221713,KXMLBGAME-25JUL22MINLAD-LAD,68,32,50,yes
1753221714290,1753221714,KXMLBGAME-25JUL22SDMIA-SD,46,54,43,yes
1753221719922,1753221719,KXMLBGAME-25JUL22STLCOL-COL,41,59,2342,yes
1753221724510,1753221724,KXMLBGAME-25JUL22SFATL-SF,48,52,50,yes
1753221734770,1753221734,KXMLBGAME-25JUL22NYYTOR-TOR,53,47,5,yes
1753221735166,1753221735,KXMLBGAME-25JUL22BOSPHI-PHI,65,35,50,yes
1753221736409,1753221736,KXMLBGAME-25JUL22CINWSH-CIN,57,43,204,yes
1753221742655,1753221742,KXMLBGAME-25JUL22SDMIA-SD,46,54,156,yes
1753221742907,1753221742,KXMLBGAME-25JUL22BALCLE-BAL,40,60,23,yes
1753221745449,1753221745,KXMLBGAME-25JUL22DETPIT-DET,56,44,10,yes
1753221745450,1753221745,KXMLBGAME-25JUL22DETPIT-DET,56,44,40,yes
1753221745668,1753221745,KXMLBGAME-25JUL22CINWSH-WSH,44,56,22,yes
1753221748287,1753221748,KXMLBGAME-25JUL22MILSEA-MIL,47,53,2051,yes
1753221749311,1753221749,KXMLBGAME-25JUL22DETPIT-DET,56,44,552,yes
1753221750767,1753221750,KXMLBGAME-25JUL22LAANYM-NYM,61,39,10,yes
1753221752087,1753221752,KXMLBGAME-25JUL22MILSEA-MIL,47,53,20,yes
1753221753727,1753221753,KXMLBGAME-25JUL22CINWSH-CIN,57,43,1,yes
1753221755910,1753221755,KXMLBGAME-25JUL22LAANYM-NYM,61,39,50,yes
1753221756331,1753221756,KXMLBGAME-25JUL22SDMIA-SD,46,54,102,yes
1753221763387,1753221763,KXMLBGAME-25JUL22SDMIA-SD,46,54,20,yes
1753221767738,1753221767,KXMLBGAME-25JUL22SDMIA-SD,46,54,50,yes
1753221773785,1753221773,KXMLBGAME-25JUL22LAANYM-LAA,40,60,1,yes
1753221776131,1753221776,KXMLBGAME-25JUL22KCCHC-KC,32,68,149,yes
1753221777168,1753221777,KXMLBGAME-25JUL22MILSEA-SEA,54,46,50,yes
1753221785356,1753221785,KXMLBGAME-25JUL22BALCLE-CLE,61,39,12,yes
1753221786482,1753221786,KXMLBGAME-25JUL22BALCLE-BAL,40,60,2,yes
1753221787868,1753221787,KXMLBGAME-25JUL22CINWSH-CIN,57,43,50,yes
1753221793187,1753221793,KXMLBGAME-25JUL22BALCLE-BAL,40,60,2,yes
1753221797706,1753221797,KXMLBGAME-25JUL22STLCOL-STL,60,40,50,yes
1753221797845,1753221797,KXMLBGAME-25JUL22DETPIT-DET,56,44,2,yes
1753221802144,1753221802,KXMLBGAME-25JUL22SFATL-SF,48,52,101,yes
1753221805017,1753221804,KXMLBGAME-25JUL22BOSPHI-PHI,65,35,8,yes
1753221814450,1753221814,KXMLBGAME-25JUL22DETPIT-DET,56,44,10,yes
1753221815486,1753221815,KXMLBGAME-25JUL22DETPIT-DET,56,44,275,yes
1753221820768,1753221820,KXMLBGAME-25JUL22SDMIA-MIA,55,45,8,yes
1753221822212,1753221822,KXMLBGAME-25JUL22HOUARI-ARI,48,52,10,yes
1753221824846,1753221824,KXMLBGAME-25JUL22BALCLE-CLE,61,39,47,yes
1753221826194,1753221826,KXMLBGAME-25JUL22SDMIA-SD,46,54,27,yes
1753221835766,1753221835,KXMLBGAME-25JUL22LAANYM-LAA,40,60,120,yes
1753221839987,1753221839,KXMLBGAME-25JUL22BALCLE-CLE,61,39,159,yes
1753221840846,1753221840,KXMLBGAME-25JUL22MILSEA-MIL,47,53,34,yes
1753221840846,1753221840,KXMLBGAME-25JUL22MILSEA-MIL,47,53,68,yes
1753221842551,1753221842,KXMLBGAME-25JUL22ATHTEX-TEX,68,32,71,yes
1753221845271,1753221845,KXMLBGAME-25JUL22KCCHC-CHC,69,31,1418,yes
1753221849049,1753221848,KXMLBGAME-25JUL22SDMIA-SD,46,54,4,yes
1753221853138,1753221853,KXMLBGAME-25JUL22SFATL-SF,48,52,1206,yes
1753221853658,1753221853,KXMLBGAME-25JUL22NYYTOR-TOR,52,48,210,yes
1753221853658,1753221853,KXMLBGAME-25JUL22NYYTOR-TOR,52,48,145,yes
1753221855847,1753221855,KXMLBGAME-25JUL22BALCLE-BAL,40,60,20,yes
1753221856028,1753221855,KXMLBGAME-25JUL22DETPIT-DET,56,44,510,yes
1753221860610,1753221860,KXMLBGAME-25JUL22DETPIT-DET,56,44,3,yes
1753221861368,1753221861,KXMLBGAME-25JUL22CINWSH-CIN,57,43,9,yes
1753221869028,1753221868,KXMLBGAME-25JUL22BOSPHI-BOS,37,63,80,yes
1753221877365,1753221877,KXMLBGAME-25JUL22CINWSH-WSH,44,56,4,yes
1753221882293,1753221882,KXMLBGAME-25JUL22BOSPHI-PHI,65,35,6,yes
1753221883530,1753221883,KXMLBGAME-25JUL22DETPIT-DET,56,44,8,yes
1753221886528,1753221886,KXMLBGAME-25JUL22MILSEA-MIL,47,53,18,yes
1753221889907,1753221889,KXMLBGAME-25JUL22NYYTOR-NYY,49,51,11,yes
1753221891925,1753221891,KXMLBGAME-25JUL22BOSPHI-BOS,37,63,5,yes
1753221892065,1753221892,KXMLBGAME-25JUL22DETPIT-PIT,46,54,52,yes
1753221897582,1753221897,KXMLBGAME-25JUL22NYYTOR-TOR,52,48,1,yes
1753221898866,1753221898,KXMLBGAME-25JUL22NYYTOR-TOR,52,48,9,yes
1753221903089,1753221903,KXMLBGAME-25JUL22CINWSH-CIN,57,43,8,yes
1753221904148,1753221904,KXMLBGAME-25JUL22CWSTB-CWS,32,68,5,yes
1753221912829,1753221912,KXMLBGAME-25JUL22SFATL-ATL,53,47,11,yes
1753221914893,1753221914,KXMLBGAME-25JUL22NYYTOR-TOR,52,48,3,yes
1753221916406,1753221916,KXMLBGAME-25JUL22BALCLE-BAL,40,60,7,yes
1753221919886,1753221919,KXMLBGAME-25JUL22CWSTB-TB,68,32,10,yes
1753221920167,1753221920,KXMLBGAME-25JUL22BOSPHI-PHI,65,35,7,yes
1753221924466,1753221924,KXMLBGAME-25JUL22STLCOL-STL,60,40,64,yes
1753221930752,1753221930,KXMLBGAME-25JUL22LAANYM-LAA,40,60,4,yes
1753221930968,1753221930,KXMLBGAME-25JUL22CINWSH-WSH,44,56,437,yes
1753221935968,1753221935,KXMLBGAME-25JUL22SFATL-ATL,53,47,310,yes
1753221935968,1753221935,KXMLBGAME-25JUL22SFATL-ATL,53,47,798,yes
1753221935968,1753221935,KXMLBGAME-25JUL22SFATL-ATL,53,47,1,yes
1753221935968,1753221935,KXMLBGAME-25JUL22SFATL-ATL,53,47,10,yes
1753221935968,1753221935,KXMLBGAME-25JUL22SFATL-ATL,53,47,201,yes
1753221935968,1753221935,KXMLBGAME-25JUL22SFATL-ATL,53,47,1053,yes
1753221940887,1753221940,KXMLBGAME-25JUL22BALCLE-CLE,61,39,31,yes
1753221943487,1753221943,KXMLBGAME-25JUL22HOUARI-HOU,53,47,73,yes
1753221946005,1753221945,KXMLBGAME-25JUL22SFATL-SF,48,52,4,yes
1753221949486,1753221949,KXMLBGAME-25JUL22LAANYM-LAA,40,60,12,yes
1753221954420,1753221954,KXMLBGAME-25JUL22BALCLE-BAL,40,60,719,yes
1753221961387,1753221961,KXMLBGAME-25JUL22SDMIA-SD,46,54,6,yes
1753221962305,1753221962,KXMLBGAME-25JUL22BALCLE-BAL,40,60,7,yes
1753221962306,1753221962,KXMLBGAME-25JUL22BOSPHI-BOS,37,63,20,yes
1753221964375,1753221964,KXMLBGAME-25JUL22CWSTB-CWS,32,68,477,yes
1753221964667,1753221964,KXMLBGAME-25JUL22CINWSH-CIN,57,43,2500,yes
1753221965668,1753221965,KXMLBGAME-25JUL22LAANYM-LAA,40,60,719,yes
1753221977269,1753221977,KXMLBGAME-25JUL22DETPIT-PIT,46,54,20,yes
1753221980014,1753221979,KXMLBGAME-25JUL22SDMIA-SD,46,54,10,yes
1753221982187,1753221982,KXMLBGAME-25JUL22KCCHC-KC,32,68,16,yes
1753221990906,1753221990,KXMLBGAME-25JUL22SDMIA-SD,46,54,20,yes
1753222003788,1753222003,KXMLBGAME-25JUL22LAANYM-LAA,40,60,119,yes
1753222006407,1753222006,KXMLBGAME-25JUL22NYYTOR-NYY,49,51,4,yes
1753222007464,1753222007,KXMLBGAME-25JUL22ATHTEX-ATH,34,66,5,yes
1753222009010,1753222008,KXMLBGAME-25JUL22MINLAD-LAD,67,33,328,no
1753222009010,1753222008,KXMLBGAME-25JUL22MINLAD-LAD,67,33,2500,no
1753222009127,1753222009,KXMLBGAME-25JUL22DETPIT-DET,56,44,140,yes
1753222009127,1753222009,KXMLBGAME-25JUL22DETPIT-DET,56,44,473,yes
1753222012670,1753222012,KXMLBGAME-25JUL22MINLAD-LAD,66,34,3000,no
1753222012670,1753222012,KXMLBGAME-25JUL22MINLAD-LAD,66,34,100,no
1753222016270,1753222016,KXMLBGAME-25JUL22MILSEA-MIL,47,53,2500,yes
1753222017447,1753222017,KXMLBGAME-25JUL22SDMIA-SD,46,54,14,yes
1753222021851,1753222021,KXMLBGAME-25JUL22KCCHC-KC,32,68,5,yes
1753222024309,1753222024,KXMLBGAME-25JUL22NYYTOR-NYY,49,51,41,yes
1753222025970,1753222025,KXMLBGAME-25JUL22MINLAD-MIN,33,67,1815,yes
1753222026068,1753222025,KXMLBGAME-25JUL22MINLAD-MIN,33,67,5000,yes
1753222039720,1753222039,KXMLBGAME-25JUL22ATHTEX-TEX,68,32,28,yes
1753222043509,1753222043,KXMLBGAME-25JUL22BALCLE-BAL,40,60,282,yes
1753222043509,1753222043,KXMLBGAME-25JUL22BALCLE-BAL,41,59,300,yes
1753222047647,1753222047,KXMLBGAME-25JUL22BALCLE-CLE,61,39,23,yes
1753222049550,1753222049,KXMLBGAME-25JUL22KCCHC-KC,32,68,412,yes
1753222049550,1753222049,KXMLBGAME-25JUL22KCCHC-KC,32,68,1112,yes
1753222050729,1753222050,KXMLBGAME-25JUL22HOUARI-HOU,53,47,146,yes
1753222052417,1753222052,KXMLBGAME-25JUL22SDMIA-SD,46,54,20,yes
1753222053545,1753222053,KXMLBGAME-25JUL22KCCHC-KC,31,69,2,no
1753222058887,1753222058,KXMLBGAME-25JUL22BOSPHI-BOS,37,63,129,yes
1753222059327,1753222059,KXMLBGAME-25JUL22BOSPHI-BOS,37,63,12,yes
1753222069349,1753222069,KXMLBGAME-25JUL22SDMIA-SD,46,54,628,yes
1753222075147,1753222075,KXMLBGAME-25JUL22CINWSH-WSH,44,56,32,yes
1753222077711,1753222077,KXMLBGAME-25JUL22BOSPHI-BOS,37,63,25,yes
1753222081431,1753222081,KXMLBGAME-25JUL22NYYTOR-NYY,49,51,262,yes
1753222091535,1753222091,KXMLBGAME-25JUL22SFATL-ATL,53,47,13,yes
1753222099932,1753222099,KXMLBGAME-25JUL22SDMIA-SD,46,54,418,yes
1753222106229,1753222106,KXMLBGAME-25JUL22BOSPHI-BOS,37,63,516,yes
1753222106229,1753222106,KXMLBGAME-25JUL22BOSPHI-BOS,37,63,338,yes
1753222114430,1753222114,KXMLBGAME-25JUL22BOSPHI-PHI,65,35,114,yes
1753222119268,1753222119,KXMLBGAME-25JUL22MILSEA-SEA,54,46,224,yes
1753222124348,1753222124,KXMLBGAME-25JUL22DETPIT-DET,56,44,433,yes
1753222125086,1753222125,KXMLBGAME-25JUL22LAANYM-NYM,61,39,320,yes
1753222126567,1753222126,KXMLBGAME-25JUL22SDMIA-SD,46,54,10,yes
1753222143427,1753222143,KXMLBGAME-25JUL22HOUARI-HOU,53,47,182,yes
1753222145966,1753222145,KXMLBGAME-25JUL22SFATL-SF,48,52,402,yes
1753222150227,1753222150,KXMLBGAME-25JUL22MILSEA-MIL,47,53,10,yes
1753222152988,1753222152,KXMLBGAME-25JUL22CWSTB-CWS,33,67,14,yes
1753222160787,1753222160,KXMLBGAME-25JUL22SDMIA-SD,46,54,83,yes
1753222164744,1753222164,KXMLBGAME-25JUL22MINLAD-LAD,66,34,272,yes
1753222165310,1753222165,KXMLBGAME-25JUL22BALCLE-CLE,61,39,79,yes
1753222182148,1753222182,KXMLBGAME-25JUL22SDMIA-SD,46,54,12,yes
1753222185528,1753222185,KXMLBGAME-25JUL22NYYTOR-NYY,49,51,344,yes
1753222186665,1753222186,KXMLBGAME-25JUL22CWSTB-TB,68,32,28,yes
1753222188610,1753222188,KXMLBGAME-25JUL22NYYTOR-NYY,49,51,1159,yes
1753222190727,1753222190,KXMLBGAME-25JUL22DETPIT-DET,56,44,594,yes
1753222190727,1753222190,KXMLBGAME-25JUL22DETPIT-DET,56,44,331,yes
1753222195788,1753222195,KXMLBGAME-25JUL22BALCLE-BAL,41,59,38,yes
1753222199828,1753222199,KXMLBGAME-25JUL22BOSPHI-BOS,37,63,25,yes
1753222211651,1753222211,KXMLBGAME-25JUL22SDMIA-MIA,55,45,17,yes
1753222227848,1753222227,KXMLBGAME-25JUL22BOSPHI-PHI,65,35,150,yes
1753222227988,1753222227,KXMLBGAME-25JUL22CINWSH-CIN,57,43,27,yes
1753222231968,1753222231,KXMLBGAME-25JUL22STLCOL-STL,61,39,17,yes
1753222253648,1753222253,KXMLBGAME-25JUL22SFATL-SF,48,52,235,yes
1753222253648,1753222253,KXMLBGAME-25JUL22SFATL-SF,48,52,291,yes
1753222256988,1753222256,KXMLBGAME-25JUL22CINWSH-WSH,44,56,54,yes
1753222259348,1753222259,KXMLBGAME-25JUL22NYYTOR-NYY,49,51,6,yes
1753222270908,1753222270,KXMLBGAME-25JUL22CINWSH-WSH,44,56,26,yes
1753222281073,1753222280,KXMLBGAME-25JUL22BALCLE-CLE,61,39,23,yes
1753222291149,1753222291,KXMLBGAME-25JUL22NYYTOR-NYY,49,51,932,yes
1753222295745,1753222295,KXMLBGAME-25JUL22BALCLE-BAL,41,59,59,yes
1753222302475,1753222302,KXMLBGAME-25JUL22BOSPHI-PHI,65,35,30,yes
1753222306831,1753222306,KXMLBGAME-25JUL22CINWSH-CIN,57,43,116,yes
1753222314935,1753222314,KXMLBGAME-25JUL22DETPIT-DET,56,44,13,yes
1753222320768,1753222320,KXMLBGAME-25JUL22BOSPHI-PHI,65,35,23,yes
1753222322244,1753222322,KXMLBGAME-25JUL22CWSTB-TB,68,32,14,yes
1753222326338,1753222326,KXMLBGAME-25JUL22BOSPHI-PHI,65,35,300,yes
1753222335309,1753222335,KXMLBGAME-25JUL22NYYTOR-TOR,52,48,410,yes
1753222335309,1753222335,KXMLBGAME-25JUL22NYYTOR-TOR,52,48,1450,yes
1753222335428,1753222335,KXMLBGAME-25JUL22DETPIT-DET,56,44,173,yes
1753222337066,1753222337,KXMLBGAME-25JUL22BALCLE-CLE,61,39,80,yes
1753222339908,1753222339,KXMLBGAME-25JUL22BALCLE-CLE,61,39,1,yes
1753222346828,1753222346,KXMLBGAME-25JUL22BALCLE-CLE,61,39,214,yes
1753222352089,1753222352,KXMLBGAME-25JUL22NYYTOR-TOR,52,48,1860,yes
1753222352249,1753222352,KXMLBGAME-25JUL22LAANYM-LAA,40,60,35,yes
1753222357931,1753222357,KXMLBGAME-25JUL22BALCLE-CLE,61,39,15,yes
1753222365143,1753222365,KXMLBGAME-25JUL22DETPIT-DET,56,44,43,yes
1753222369290,1753222369,KXMLBGAME-25JUL22KCCHC-KC,31,69,448,no
1753222369709,1753222369,KXMLBGAME-25JUL22NYYTOR-TOR,52,48,1860,yes
1753222376288,1753222376,KXMLBGAME-25JUL22SDMIA-SD,46,54,17,yes
1753222377233,1753222377,KXMLBGAME-25JUL22MILSEA-MIL,47,53,41,yes
1753222378450,1753222378,KXMLBGAME-25JUL22DETPIT-DET,56,44,43,yes
1753222383989,1753222383,KXMLBGAME-25JUL22NYYTOR-TOR,52,48,1860,yes
1753222387728,1753222387,KXMLBGAME-25JUL22BOSPHI-BOS,37,63,258,yes
1753222403491,1753222403,KXMLBGAME-25JUL22DETPIT-DET,56,44,68,yes
1753222415708,1753222415,KXMLBGAME-25JUL22NYYTOR-TOR,52,48,500,yes
1753222415708,1753222415,KXMLBGAME-25JUL22NYYTOR-TOR,52,48,16,yes
1753222415708,1753222415,KXMLBGAME-25JUL22NYYTOR-TOR,53,47,772,yes
1753222421778,1753222421,KXMLBGAME-25JUL22BOSPHI-PHI,65,35,3,yes
1753222427052,1753222427,KXMLBGAME-25JUL22MILSEA-MIL,47,53,41,yes
1753222433554,1753222433,KXMLBGAME-25JUL22NYYTOR-TOR,53,47,36,yes
1753222433768,1753222433,KXMLBGAME-25JUL22CWSTB-TB,68,32,4,yes
1753222447890,1753222447,KXMLBGAME-25JUL22BALCLE-CLE,61,39,4090,yes
1753222447890,1753222447,KXMLBGAME-25JUL22BALCLE-CLE,61,39,697,yes
1753222449222,1753222449,KXMLBGAME-25JUL22MILSEA-SEA,54,46,823,yes
1753222449222,1753222449,KXMLBGAME-25JUL22MILSEA-SEA,54,46,4,yes
1753222449222,1753222449,KXMLBGAME-25JUL22MILSEA-SEA,54,46,20,yes
1753222449222,1753222449,KXMLBGAME-25JUL22MILSEA-SEA,54,46,107,yes
1753222449222,1753222449,KXMLBGAME-25JUL22MILSEA-SEA,54,46,205,yes
1753222449222,1753222449,KXMLBGAME-25JUL22MILSEA-SEA,54,46,465,yes
1753222449222,1753222449,KXMLBGAME-25JUL22MILSEA-SEA,54,46,4,yes
1753222449222,1753222449,KXMLBGAME-25JUL22MILSEA-SEA,54,46,4,yes
1753222449222,1753222449,KXMLBGAME-25JUL22MILSEA-SEA,54,46,1956,yes
1753222451087,1753222451,KXMLBGAME-25JUL22LAANYM-NYM,61,39,3,yes
1753222451887,1753222451,KXMLBGAME-25JUL22KCCHC-CHC,69,31,35,yes
1753222452529,1753222452,KXMLBGAME-25JUL22DETPIT-DET,56,44,25,yes
1753222463607,1753222463,KXMLBGAME-25JUL22DETPIT-DET,56,44,2304,yes
1753222463607,1753222463,KXMLBGAME-25JUL22DETPIT-DET,56,44,473,yes
1753222463607,1753222463,KXMLBGAME-25JUL22DETPIT-DET,56,44,500,yes
1753222463607,1753222463,KXMLBGAME-25JUL22DETPIT-DET,56,44,1920,yes
1753222465028,1753222464,KXMLBGAME-25JUL22SFATL-SF,48,52,50,yes
1753222475676,1753222475,KXMLBGAME-25JUL22BALCLE-BAL,41,59,234,yes
1753222480473,1753222480,KXMLBGAME-25JUL22LAANYM-NYM,61,39,39,yes
1753222487314,1753222487,KXMLBGAME-25JUL22NYYTOR-TOR,53,47,27,yes
1753222488669,1753222488,KXMLBGAME-25JUL22KCCHC-CHC,69,31,17,yes
1753222496489,1753222496,KXMLBGAME-25JUL22SDMIA-SD,46,54,111,yes
1753222502548,1753222502,KXMLBGAME-25JUL22MINLAD-LAD,66,34,36,yes
1753222504331,1753222504,KXMLBGAME-25JUL22LAANYM-LAA,40,60,59,yes
1753222509528,1753222509,KXMLBGAME-25JUL22HOUARI-HOU,53,47,913,yes
1753222513389,1753222513,KXMLBGAME-25JUL22BALCLE-CLE,61,39,22,yes
1753222513389,1753222513,KXMLBGAME-25JUL22BALCLE-CLE,61,39,57,yes
1753222531747,1753222531,KXMLBGAME-25JUL22BALCLE-CLE,61,39,39,yes
1753222532371,1753222532,KXMLBGAME-25JUL22CINWSH-CIN,57,43,20,yes
1753222538822,1753222538,KXMLBGAME-25JUL22BALCLE-BAL,41,59,10,yes
1753222545247,1753222545,KXMLBGAME-25JUL22BALCLE-CLE,60,40,100,no
1753222545248,1753222545,KXMLBGAME-25JUL22BALCLE-CLE,60,40,2,no
1753222545248,1753222545,KXMLBGAME-25JUL22BALCLE-CLE,60,40,2700,no
1753222545248,1753222545,KXMLBGAME-25JUL22BALCLE-CLE,60,40,500,no
1753222546187,1753222546,KXMLBGAME-25JUL22MINLAD-MIN,33,67,145,yes
1753222552889,1753222552,KXMLBGAME-25JUL22BALCLE-CLE,60,40,81,yes
1753222557727,1753222557,KXMLBGAME-25JUL22DETPIT-DET,56,44,57,yes
1753222562785,1753222562,KXMLBGAME-25JUL22CINWSH-WSH,44,56,1,yes
1753222565209,1753222565,KXMLBGAME-25JUL22KCCHC-CHC,69,31,141,yes
1753222567411,1753222567,KXMLBGAME-25JUL22LAANYM-NYM,61,39,78,yes
1753222572410,1753222572,KXMLBGAME-25JUL22BOSPHI-PHI,65,35,22,yes
1753222579271,1753222579,KXMLBGAME-25JUL22DETPIT-DET,56,44,19,yes
1753222584902,1753222584,KXMLBGAME-25JUL22BOSPHI-BOS,37,63,51,yes
1753222604889,1753222604,KXMLBGAME-25JUL22BALCLE-BAL,40,60,275,no
1753222606469,1753222606,KXMLBGAME-25JUL22ATHTEX-TEX,68,32,17,yes
1753222606891,1753222606,KXMLBGAME-25JUL22SDMIA-SD,46,54,1,yes
1753222615150,1753222615,KXMLBGAME-25JUL22BALCLE-BAL,39,61,7,no
1753222615327,1753222615,KXMLBGAME-25JUL22DETPIT-PIT,46,54,20,yes
1753222620333,1753222620,KXMLBGAME-25JUL22BALCLE-CLE,61,39,31,yes
1753222635387,1753222635,KXMLBGAME-25JUL22MINLAD-LAD,66,34,443,yes
1753222643727,1753222643,KXMLBGAME-25JUL22DETPIT-PIT,46,54,242,yes
1753222644602,1753222644,KXMLBGAME-25JUL22MINLAD-LAD,66,34,16,yes
1753222654710,1753222654,KXMLBGAME-25JUL22NYYTOR-NYY,48,52,20,yes
1753222662170,1753222662,KXMLBGAME-25JUL22MILSEA-MIL,47,53,6,yes
1753222682409,1753222682,KXMLBGAME-25JUL22NYYTOR-NYY,48,52,59,yes
1753222682570,1753222682,KXMLBGAME-25JUL22NYYTOR-TOR,52,48,559,no
1753222685048,1753222684,KXMLBGAME-25JUL22NYYTOR-TOR,52,48,257,no
1753222695010,1753222694,KXMLBGAME-25JUL22BALCLE-BAL,40,60,299,yes
1753222697236,1753222697,KXMLBGAME-25JUL22BALCLE-CLE,60,40,198,yes
1753222701288,1753222701,KXMLBGAME-25JUL22NYYTOR-NYY,48,52,14,yes
1753222704200,1753222704,KXMLBGAME-25JUL22BOSPHI-PHI,65,35,15,yes
1753222715754,1753222715,KXMLBGAME-25JUL22SDMIA-SD,46,54,69,yes
1753222721608,1753222721,KXMLBGAME-25JUL22DETPIT-DET,56,44,1,yes
1753222724885,1753222724,KXMLBGAME-25JUL22SDMIA-SD,46,54,150,yes
1753222724929,1753222724,KXMLBGAME-25JUL22LAANYM-NYM,61,39,43,yes
1753222724929,1753222724,KXMLBGAME-25JUL22LAANYM-NYM,61,39,619,yes
1753222736949,1753222736,KXMLBGAME-25JUL22NYYTOR-NYY,48,52,20,yes
1753222737134,1753222737,KXMLBGAME-25JUL22MILSEA-MIL,47,53,10,yes
1753222768434,1753222768,KXMLBGAME-25JUL22SDMIA-SD,46,54,586,yes
1753222770188,1753222770,KXMLBGAME-25JUL22BALCLE-CLE,60,40,1,yes
1753222778970,1753222778,KXMLBGAME-25JUL22SFATL-SF,48,52,562,yes
1753222780988,1753222780,KXMLBGAME-25JUL22BOSPHI-PHI,65,35,9,yes
1753222781571,1753222781,KXMLBGAME-25JUL22DETPIT-DET,56,44,1,yes
1753222792367,1753222792,KXMLBGAME-25JUL22BALCLE-BAL,40,60,671,yes
1753222801887,1753222801,KXMLBGAME-25JUL22LAANYM-LAA,40,60,671,yes
1753222803128,1753222803,KXMLBGAME-25JUL22CINWSH-WSH,44,56,54,yes
1753222804929,1753222804,KXMLBGAME-25JUL22BOSPHI-BOS,37,63,38,yes
1753222809052,1753222808,KXMLBGAME-25JUL22BALCLE-CLE,60,40,40,yes
1753222809848,1753222809,KXMLBGAME-25JUL22DETPIT-DET,56,44,17,yes
1753222810049,1753222810,KXMLBGAME-25JUL22BALCLE-BAL,40,60,9,yes
1753222811548,1753222811,KXMLBGAME-25JUL22BOSPHI-BOS,37,63,724,yes
1753222811926,1753222811,KXMLBGAME-25JUL22BALCLE-CLE,60,40,81,yes
1753222814826,1753222814,KXMLBGAME-25JUL22BOSPHI-BOS,36,64,2,no
1753222821802,1753222821,KXMLBGAME-25JUL22DETPIT-PIT,45,55,20,no
1753222828610,1753222828,KXMLBGAME-25JUL22CWSTB-CWS,33,67,633,yes
1753222828610,1753222828,KXMLBGAME-25JUL22CWSTB-CWS,33,67,177,yes
1753222831148,1753222831,KXMLBGAME-25JUL22BOSPHI-BOS,37,63,12,yes
1753222831507,1753222831,KXMLBGAME-25JUL22SDMIA-MIA,55,45,105,yes
1753222834648,1753222834,KXMLBGAME-25JUL22BOSPHI-BOS,37,63,129,yes
1753222835788,1753222835,KXMLBGAME-25JUL22MILSEA-MIL,47,53,10,yes
1753222838268,1753222838,KXMLBGAME-25JUL22BALCLE-BAL,40,60,2,yes
1753222841231,1753222841,KXMLBGAME-25JUL22SDMIA-MIA,55,45,5,yes
1753222841688,1753222841,KXMLBGAME-25JUL22DETPIT-DET,56,44,691,yes
1753222841688,1753222841,KXMLBGAME-25JUL22DETPIT-DET,56,44,212,yes
1753222841688,1753222841,KXMLBGAME-25JUL22DETPIT-DET,56,44,237,yes
1753222842029,1753222841,KXMLBGAME-25JUL22CINWSH-WSH,44,56,612,yes
1753222843591,1753222843,KXMLBGAME-25JUL22BALCLE-CLE,60,40,43,yes
1753222846028,1753222845,KXMLBGAME-25JUL22SDMIA-SD,46,54,523,yes
1753222847447,1753222847,KXMLBGAME-25JUL22DETPIT-PIT,45,55,178,no
1753222849091,1753222849,KXMLBGAME-25JUL22BALCLE-CLE,59,41,40,no
1753222851069,1753222851,KXMLBGAME-25JUL22NYYTOR-NYY,49,51,18,yes
1753222851070,1753222851,KXMLBGAME-25JUL22NYYTOR-NYY,49,51,1,yes
1753222851070,1753222851,KXMLBGAME-25JUL22NYYTOR-NYY,49,51,3,yes
1753222851964,1753222851,KXMLBGAME-25JUL22DETPIT-PIT,46,54,586,yes
1753222853430,1753222853,KXMLBGAME-25JUL22CINWSH-WSH,44,56,39,yes
1753222858104,1753222857,KXMLBGAME-25JUL22NYYTOR-NYY,49,51,6,yes
1753222858104,1753222857,KXMLBGAME-25JUL22NYYTOR-NYY,49,51,18,yes
1753222858104,1753222857,KXMLBGAME-25JUL22NYYTOR-NYY,49,51,9,yes
1753222858104,1753222857,KXMLBGAME-25JUL22NYYTOR-NYY,49,51,9,yes
1753222858104,1753222857,KXMLBGAME-25JUL22NYYTOR-NYY,49,51,36,yes
1753222861008,1753222860,KXMLBGAME-25JUL22ATHTEX-ATH,34,66,787,yes
1753222866011,1753222865,KXMLBGAME-25JUL22ATHTEX-TEX,68,32,4,yes
1753222867108,1753222867,KXMLBGAME-25JUL22SDMIA-SD,46,54,20,yes
1753222878072,1753222878,KXMLBGAME-25JUL22BALCLE-CLE,60,40,261,yes
1753222878427,1753222878,KXMLBGAME-25JUL22STLCOL-COL,41,59,655,yes
1753222879469,1753222879,KXMLBGAME-25JUL22HOUARI-HOU,53,47,57,yes
1753222885108,1753222885,KXMLBGAME-25JUL22DETPIT-DET,56,44,201,yes
1753222885108,1753222885,KXMLBGAME-25JUL22DETPIT-DET,56,44,318,yes
1753222888953,1753222888,KXMLBGAME-25JUL22HOUARI-ARI,48,52,562,yes
1753222889588,1753222889,KXMLBGAME-25JUL22BALCLE-CLE,60,40,100,yes
1753222890671,1753222890,KXMLBGAME-25JUL22ATHTEX-TEX,68,32,43,yes
1753222894550,1753222894,KXMLBGAME-25JUL22MINLAD-LAD,66,34,14,yes
1753222899531,1753222899,KXMLBGAME-25JUL22BOSPHI-BOS,37,63,168,yes
1753222901321,1753222901,KXMLBGAME-25JUL22KCCHC-KC,31,69,861,yes
1753222905519,1753222905,KXMLBGAME-25JUL22ATHTEX-ATH,34,66,5,yes
1753222910452,1753222910,KXMLBGAME-25JUL22NYYTOR-NYY,49,51,18,yes
1753222910452,1753222910,KXMLBGAME-25JUL22NYYTOR-NYY,49,51,28,yes
1753222910452,1753222910,KXMLBGAME-25JUL22NYYTOR-NYY,49,51,45,yes
1753222910452,1753222910,KXMLBGAME-25JUL22NYYTOR-NYY,49,51,21,yes
1753222910452,1753222910,KXMLBGAME-25JUL22NYYTOR-NYY,49,51,10,yes
1753222910452,1753222910,KXMLBGAME-25JUL22NYYTOR-NYY,49,51,6,yes
1753222910452,1753222910,KXMLBGAME-25JUL22NYYTOR-NYY,49,51,25,yes
1753222910452,1753222910,KXMLBGAME-25JUL22NYYTOR-NYY,49,51,14,yes
1753222910452,1753222910,KXMLBGAME-25JUL22NYYTOR-NYY,49,51,2,yes
1753222912687,1753222912,KXMLBGAME-25JUL22MILSEA-MIL,47,53,59,yes
1753222912687,1753222912,KXMLBGAME-25JUL22MILSEA-MIL,47,53,224,yes
1753222912687,1753222912,KXMLBGAME-25JUL22MILSEA-MIL,47,53,291,yes
1753222913328,1753222913,KXMLBGAME-25JUL22BALCLE-CLE,60,40,243,yes
1753222915069,1753222915,KXMLBGAME-25JUL22KCCHC-KC,31,69,18,yes
1753222917090,1753222916,KXMLBGAME-25JUL22HOUARI-HOU,53,47,1,yes
1753222922006,1753222921,KXMLBGAME-25JUL22BALCLE-CLE,60,40,95,yes
1753222922927,1753222922,KXMLBGAME-25JUL22DETPIT-DET,56,44,100,yes
1753222928467,1753222928,KXMLBGAME-25JUL22LAANYM-NYM,61,39,146,yes
1753222929993,1753222929,KXMLBGAME-25JUL22BOSPHI-PHI,65,35,142,yes
1753222942692,1753222942,KXMLBGAME-25JUL22MINLAD-MIN,33,67,810,yes
1753222947811,1753222947,KXMLBGAME-25JUL22NYYTOR-NYY,49,51,7,yes
1753222947811,1753222947,KXMLBGAME-25JUL22NYYTOR-NYY,49,51,3,yes
1753222950209,1753222950,KXMLBGAME-25JUL22BALCLE-BAL,40,60,23,yes
1753222955031,1753222954,KXMLBGAME-25JUL22DETPIT-DET,56,44,72,yes
1753222964297,1753222964,KXMLBGAME-25JUL22SDMIA-SD,46,54,105,yes
1753222964298,1753222964,KXMLBGAME-25JUL22KCCHC-KC,31,69,307,yes
1753222966029,1753222965,KXMLBGAME-25JUL22HOUARI-ARI,48,52,12,yes
1753222972080,1753222972,KXMLBGAME-25JUL22LAANYM-LAA,40,60,11,yes
1753222974612,1753222974,KXMLBGAME-25JUL22CINWSH-CIN,57,43,51,yes
1753222975749,1753222975,KXMLBGAME-25JUL22DETPIT-DET,56,44,17,yes
1753222979212,1753222979,KXMLBGAME-25JUL22BALCLE-CLE,60,40,57,yes
1753222979869,1753222979,KXMLBGAME-25JUL22CINWSH-CIN,57,43,32,yes
1753222984508,1753222984,KXMLBGAME-25JUL22BOSPHI-BOS,37,63,168,yes
1753222988669,1753222988,KXMLBGAME-25JUL22DETPIT-DET,56,44,17,yes
1753222989631,1753222989,KXMLBGAME-25JUL22CWSTB-CWS,33,67,28,yes
1753222993144,1753222993,KXMLBGAME-25JUL22BALCLE-BAL,40,60,28,yes
1753222995192,1753222995,KXMLBGAME-25JUL22SDMIA-SD,46,54,2218,yes
1753222995192,1753222995,KXMLBGAME-25JUL22SDMIA-SD,46,54,1229,yes
1753222996009,1753222995,KXMLBGAME-25JUL22BALCLE-CLE,60,40,2,yes
1753222998949,1753222998,KXMLBGAME-25JUL22MILSEA-SEA,54,46,7,yes
1753222999089,1753222999,KXMLBGAME-25JUL22LAANYM-LAA,40,60,86,yes
1753223003089,1753223003,KXMLBGAME-25JUL22LAANYM-NYM,61,39,20,yes
1753223006029,1753223005,KXMLBGAME-25JUL22BALCLE-CLE,60,40,16,yes
1753223010583,1753223010,KXMLBGAME-25JUL22HOUARI-HOU,53,47,456,yes
1753223015888,1753223015,KXMLBGAME-25JUL22SDMIA-MIA,55,45,17,yes
1753223019390,1753223019,KXMLBGAME-25JUL22DETPIT-PIT,46,54,104,yes
1753223022011,1753223021,KXMLBGAME-25JUL22CINWSH-WSH,44,56,109,yes
1753223022253,1753223022,KXMLBGAME-25JUL22SDMIA-SD,46,54,369,yes
1753223025550,1753223025,KXMLBGAME-25JUL22CINWSH-CIN,57,43,17,yes
1753223026770,1753223026,KXMLBGAME-25JUL22BOSPHI-BOS,36,64,98,no
1753223026782,1753223026,KXMLBGAME-25JUL22BOSPHI-BOS,36,64,2309,no
1753223033070,1753223033,KXMLBGAME-25JUL22BALCLE-CLE,60,40,16,yes
1753223035057,1753223034,KXMLBGAME-25JUL22BOSPHI-PHI,65,35,15,yes
1753223047311,1753223047,KXMLBGAME-25JUL22BOSPHI-PHI,65,35,15,yes
1753223049188,1753223049,KXMLBGAME-25JUL22DETPIT-DET,56,44,186,yes
1753223049188,1753223049,KXMLBGAME-25JUL22DETPIT-DET,56,44,500,yes
1753223049188,1753223049,KXMLBGAME-25JUL22DETPIT-DET,56,44,548,yes
1753223049188,1753223049,KXMLBGAME-25JUL22DETPIT-DET,57,43,600,yes
1753223049188,1753223049,KXMLBGAME-25JUL22DETPIT-DET,57,43,275,yes
1753223049188,1753223049,KXMLBGAME-25JUL22DETPIT-DET,57,43,415,yes
1753223052388,1753223052,KXMLBGAME-25JUL22BOSPHI-PHI,65,35,30,yes
1753223052750,1753223052,KXMLBGAME-25JUL22MILSEA-MIL,47,53,41,yes
1753223053688,1753223053,KXMLBGAME-25JUL22NYYTOR-TOR,52,48,18,yes
1753223056109,1753223056,KXMLBGAME-25JUL22BALCLE-BAL,40,60,107,yes
1753223058771,1753223058,KXMLBGAME-25JUL22MILSEA-MIL,47,53,4,yes
1753223065369,1753223065,KXMLBGAME-25JUL22SDMIA-SD,46,54,12,yes
1753223069649,1753223069,KXMLBGAME-25JUL22BOSPHI-PHI,65,35,7,yes
1753223069849,1753223069,KXMLBGAME-25JUL22SDMIA-MIA,55,45,200,yes
1753223075732,1753223075,KXMLBGAME-25JUL22SDMIA-SD,46,54,1026,yes
1753223081209,1753223081,KXMLBGAME-25JUL22SDMIA-MIA,55,45,2,yes
1753223084991,1753223084,KXMLBGAME-25JUL22HOUARI-HOU,53,47,12,yes
1753223086913,1753223086,KXMLBGAME-25JUL22CWSTB-TB,68,32,14,yes
1753223086913,1753223086,KXMLBGAME-25JUL22NYYTOR-NYY,49,51,2,yes
1753223086913,1753223086,KXMLBGAME-25JUL22NYYTOR-NYY,49,51,43,yes
1753223086913,1753223086,KXMLBGAME-25JUL22NYYTOR-NYY,49,51,3,yes
1753223087671,1753223087,KXMLBGAME-25JUL22SDMIA-MIA,54,46,2787,no
1753223091232,1753223091,KXMLBGAME-25JUL22BALCLE-CLE,60,40,8,yes
1753223093108,1753223092,KXMLBGAME-25JUL22SDMIA-MIA,54,46,35,yes
1753223098329,1753223098,KXMLBGAME-25JUL22STLCOL-STL,61,39,4,yes
1753223099209,1753223099,KXMLBGAME-25JUL22KCCHC-KC,31,69,15,yes
1753223099950,1753223099,KXMLBGAME-25JUL22HOUARI-HOU,53,47,36,yes
1753223100670,1753223100,KXMLBGAME-25JUL22HOUARI-ARI,48,52,20,yes
1753223102808,1753223102,KXMLBGAME-25JUL22DETPIT-PIT,45,55,221,no
1753223109502,1753223109,KXMLBGAME-25JUL22DETPIT-DET,56,44,3,yes
1753223113229,1753223113,KXMLBGAME-25JUL22DETPIT-PIT,46,54,120,yes
1753223116530,1753223116,KXMLBGAME-25JUL22KCCHC-CHC,70,30,123,yes
1753223120290,1753223120,KXMLBGAME-25JUL22STLCOL-STL,61,39,33,yes
1753223120848,1753223120,KXMLBGAME-25JUL22BOSPHI-BOS,36,64,25,yes
1753223120848,1753223120,KXMLBGAME-25JUL22BOSPHI-BOS,36,64,152,yes
1753223120848,1753223120,KXMLBGAME-25JUL22BOSPHI-BOS,37,63,539,yes
1753223132889,1753223132,KXMLBGAME-25JUL22BALCLE-BAL,40,60,95,yes
1753223133169,1753223133,KXMLBGAME-25JUL22LAANYM-NYM,61,39,47,yes
1753223136990,1753223136,KXMLBGAME-25JUL22STLCOL-COL,41,59,55,yes
1753223139372,1753223139,KXMLBGAME-25JUL22BALCLE-CLE,60,40,16,yes
1753223140809,1753223140,KXMLBGAME-25JUL22CWSTB-TB,68,32,35,yes
1753223146408,1753223146,KXMLBGAME-25JUL22KCCHC-CHC,70,30,13,yes
1753223149090,1753223149,KXMLBGAME-25JUL22SDMIA-SD,46,54,41,yes
1753223151896,1753223151,KXMLBGAME-25JUL22BALCLE-CLE,60,40,32,yes
1753223152473,1753223152,KXMLBGAME-25JUL22CINWSH-WSH,44,56,109,yes
1753223155971,1753223155,KXMLBGAME-25JUL22DETPIT-DET,56,44,86,yes
1753223157210,1753223157,KXMLBGAME-25JUL22BOSPHI-PHI,65,35,30,yes
1753223157624,1753223157,KXMLBGAME-25JUL22HOUARI-HOU,53,47,12,yes
1753223164985,1753223164,KXMLBGAME-25JUL22BOSPHI-PHI,65,35,37,yes
1753223168573,1753223168,KXMLBGAME-25JUL22LAANYM-NYM,61,39,209,yes
1753223168573,1753223168,KXMLBGAME-25JUL22LAANYM-NYM,61,39,1386,yes
1753223171049,1753223171,KXMLBGAME-25JUL22ATHTEX-TEX,68,32,14,yes
1753223178111,1753223178,KXMLBGAME-25JUL22DETPIT-PIT,46,54,17,yes
1753223182099,1753223182,KXMLBGAME-25JUL22NYYTOR-NYY,49,51,39,yes
1753223183594,1753223183,KXMLBGAME-25JUL22DETPIT-DET,56,44,17,yes
1753223203431,1753223203,KXMLBGAME-25JUL22LAANYM-LAA,40,60,3,yes
1753223213337,1753223213,KXMLBGAME-25JUL22BALCLE-CLE,60,40,32,yes
1753223217651,1753223217,KXMLBGAME-25JUL22CINWSH-CIN,57,43,23,yes
1753223229229,1753223229,KXMLBGAME-25JUL22NYYTOR-NYY,49,51,7,yes
1753223229711,1753223229,KXMLBGAME-25JUL22NYYTOR-NYY,49,51,39,yes
1753223230548,1753223230,KXMLBGAME-25JUL22KCCHC-CHC,69,31,70,no
1753223231666,1753223231,KXMLBGAME-25JUL22NYYTOR-TOR,52,48,22,yes
1753223231666,1753223231,KXMLBGAME-25JUL22NYYTOR-TOR,52,48,24,yes
1753223231690,1753223231,KXMLBGAME-25JUL22CINWSH-WSH,44,56,43,yes
1753223233100,1753223232,KXMLBGAME-25JUL22ATHTEX-TEX,68,32,23,yes
1753223233669,1753223233,KXMLBGAME-25JUL22BALCLE-CLE,60,40,24,yes
1753223233710,1753223233,KXMLBGAME-25JUL22NYYTOR-TOR,52,48,9,yes
1753223234533,1753223234,KXMLBGAME-25JUL22SDMIA-MIA,54,46,500,yes
1753223234533,1753223234,KXMLBGAME-25JUL22SDMIA-MIA,55,45,134,yes
1753223234533,1753223234,KXMLBGAME-25JUL22SDMIA-MIA,55,45,817,yes
1753223234533,1753223234,KXMLBGAME-25JUL22SDMIA-MIA,55,45,17946,yes
1753223244472,1753223244,KXMLBGAME-25JUL22BALCLE-BAL,40,60,9,yes
1753223257983,1753223257,KXMLBGAME-25JUL22MINLAD-LAD,66,34,150,yes
1753223258250,1753223258,KXMLBGAME-25JUL22CINWSH-WSH,44,56,218,yes
1753223273910,1753223273,KXMLBGAME-25JUL22SDMIA-MIA,55,45,123,yes
1753223274790,1753223274,KXMLBGAME-25JUL22BALCLE-BAL,40,60,500,yes
1753223281610,1753223281,KXMLBGAME-25JUL22ATHTEX-ATH,34,66,14,yes
1753223294745,1753223294,KXMLBGAME-25JUL22BALCLE-CLE,60,40,10,yes
1753223299865,1753223299,KXMLBGAME-25JUL22BALCLE-BAL,40,60,556,yes
1753223301749,1753223301,KXMLBGAME-25JUL22NYYTOR-NYY,49,51,11,yes
1753223306924,1753223306,KXMLBGAME-25JUL22MINLAD-LAD,66,34,14,yes
1753223311190,1753223311,KXMLBGAME-25JUL22DETPIT-DET,56,44,43,yes
1753223311550,1753223311,KXMLBGAME-25JUL22BALCLE-CLE,60,40,20,yes
1753223312592,1753223312,KXMLBGAME-25JUL22BOSPHI-BOS,37,63,507,yes
1753223316130,1753223316,KXMLBGAME-25JUL22MINLAD-LAD,66,34,29,yes
1753223318371,1753223318,KXMLBGAME-25JUL22DETPIT-DET,56,44,8,yes
1753223318913,1753223318,KXMLBGAME-25JUL22KCCHC-KC,31,69,30,yes
1753223320010,1753223319,KXMLBGAME-25JUL22SDMIA-SD,47,53,38,yes
1753223326930,1753223326,KXMLBGAME-25JUL22HOUARI-HOU,53,47,9,yes
1753223327669,1753223327,KXMLBGAME-25JUL22CWSTB-CWS,33,67,10,yes
1753223328710,1753223328,KXMLBGAME-25JUL22DETPIT-PIT,45,55,960,no
1753223331308,1753223331,KXMLBGAME-25JUL22SFATL-SF,48,52,201,yes
1753223332329,1753223332,KXMLBGAME-25JUL22STLCOL-STL,61,39,15,yes
1753223334393,1753223334,KXMLBGAME-25JUL22DETPIT-DET,56,44,22,yes
1753223336691,1753223336,KXMLBGAME-25JUL22NYYTOR-TOR,52,48,93,yes
1753223342810,1753223342,KXMLBGAME-25JUL22DETPIT-DET,56,44,34,yes
1753223345992,1753223345,KXMLBGAME-25JUL22DETPIT-DET,56,44,173,yes
1753223348470,1753223348,KXMLBGAME-25JUL22BALCLE-CLE,60,40,162,yes
1753223356067,1753223356,KXMLBGAME-25JUL22MINLAD-MIN,33,67,14,yes
1753223357091,1753223357,KXMLBGAME-25JUL22SDMIA-SD,47,53,512,yes
1753223366890,1753223366,KXMLBGAME-25JUL22SDMIA-SD,47,53,41,yes
1753223369129,1753223369,KXMLBGAME-25JUL22SFATL-SF,48,52,80,yes
1753223369309,1753223369,KXMLBGAME-25JUL22BALCLE-CLE,60,40,48,yes
1753223370908,1753223370,KXMLBGAME-25JUL22NYYTOR-NYY,49,51,394,yes
1753223375511,1753223375,KXMLBGAME-25JUL22SFATL-ATL,53,47,8,yes
1753223375587,1753223375,KXMLBGAME-25JUL22BALCLE-CLE,60,40,32,yes
1753223376191,1753223376,KXMLBGAME-25JUL22CINWSH-CIN,57,43,41,yes
1753223376310,1753223376,KXMLBGAME-25JUL22DETPIT-DET,56,44,177,yes
1753223381991,1753223381,KXMLBGAME-25JUL22CWSTB-TB,68,32,143,yes
1753223384346,1753223384,KXMLBGAME-25JUL22MINLAD-LAD,66,34,26,yes
1753223384346,1753223384,KXMLBGAME-25JUL22MINLAD-LAD,66,34,10,yes
1753223390513,1753223390,KXMLBGAME-25JUL22BALCLE-CLE,60,40,6,yes
1753223395414,1753223395,KXMLBGAME-25JUL22BOSPHI-PHI,65,35,30,yes
1753223397138,1753223397,KXMLBGAME-25JUL22DETPIT-DET,56,44,253,yes
1753223397138,1753223397,KXMLBGAME-25JUL22DETPIT-DET,56,44,439,yes
1753223398691,1753223398,KXMLBGAME-25JUL22LAANYM-NYM,61,39,797,yes
1753223406269,1753223406,KXMLBGAME-25JUL22BALCLE-CLE,60,40,54,yes
1753223406852,1753223406,KXMLBGAME-25JUL22SDMIA-SD,47,53,9,yes
1753223407341,1753223407,KXMLBGAME-25JUL22LAANYM-LAA,40,60,36,yes
1753223407547,1753223407,KXMLBGAME-25JUL22BALCLE-CLE,60,40,145,yes
1753223408429,1753223408,KXMLBGAME-25JUL22CINWSH-CIN,57,43,34,yes
1753223410470,1753223410,KXMLBGAME-25JUL22DETPIT-PIT,45,55,106,yes
1753223411948,1753223411,KXMLBGAME-25JUL22CINWSH-CIN,57,43,34,yes
1753223412251,1753223412,KXMLBGAME-25JUL22MILSEA-MIL,47,53,30,yes
1753223415954,1753223415,KXMLBGAME-25JUL22BOSPHI-PHI,65,35,525,yes
1753223419550,1753223419,KXMLBGAME-25JUL22DETPIT-DET,56,44,51,yes
1753223427150,1753223427,KXMLBGAME-25JUL22LAANYM-LAA,40,60,35,yes
1753223430450,1753223430,KXMLBGAME-25JUL22NYYTOR-TOR,52,48,37,yes
1753223432050,1753223432,KXMLBGAME-25JUL22BALCLE-BAL,41,59,21,yes
1753223433889,1753223433,KXMLBGAME-25JUL22CINWSH-CIN,57,43,20,yes
1753223435011,1753223434,KXMLBGAME-25JUL22SDMIA-MIA,54,46,221,yes
1753223435109,1753223435,KXMLBGAME-25JUL22BALCLE-BAL,41,59,1,yes
1753223436090,1753223436,KXMLBGAME-25JUL22STLCOL-STL,61,39,43,yes
1753223440372,1753223440,KXMLBGAME-25JUL22DETPIT-DET,56,44,23,yes
1753223440372,1753223440,KXMLBGAME-25JUL22DETPIT-DET,56,44,474,yes
1753223440916,1753223440,KXMLBGAME-25JUL22DETPIT-DET,56,44,26,yes
1753223442009,1753223441,KXMLBGAME-25JUL22LAANYM-NYM,61,39,31,yes
1753223442230,1753223442,KXMLBGAME-25JUL22ATHTEX-TEX,68,32,143,yes
1753223443790,1753223443,KXMLBGAME-25JUL22ATHTEX-ATH,34,66,14,yes
1753223444030,1753223443,KXMLBGAME-25JUL22BALCLE-CLE,60,40,386,yes
1753223444716,1753223444,KXMLBGAME-25JUL22DETPIT-DET,57,43,3,yes
1753223445091,1753223445,KXMLBGAME-25JUL22HOUARI-HOU,53,47,182,yes
1753223445091,1753223445,KXMLBGAME-25JUL22HOUARI-HOU,53,47,71,yes
1753223453632,1753223453,KXMLBGAME-25JUL22LAANYM-NYM,61,39,31,yes
1753223457260,1753223457,KXMLBGAME-25JUL22BOSPHI-BOS,37,63,13,yes
1753223457752,1753223457,KXMLBGAME-25JUL22SDMIA-SD,47,53,38,yes
1753223459493,1753223459,KXMLBGAME-25JUL22CWSTB-TB,68,32,24,yes
1753223462013,1753223461,KXMLBGAME-25JUL22BALCLE-BAL,41,59,117,yes
1753223463049,1753223462,KXMLBGAME-25JUL22BALCLE-BAL,41,59,212,yes
1753223464250,1753223464,KXMLBGAME-25JUL22BALCLE-BAL,41,59,211,yes
1753223473509,1753223473,KXMLBGAME-25JUL22BALCLE-BAL,41,59,11,yes
1753223475949,1753223475,KXMLBGAME-25JUL22BOSPHI-BOS,37,63,5,yes
1753223476770,1753223476,KXMLBGAME-25JUL22BALCLE-BAL,41,59,1,yes
1753223477870,1753223477,KXMLBGAME-25JUL22NYYTOR-NYY,49,51,30,yes
1753223480930,1753223480,KXMLBGAME-25JUL22BALCLE-CLE,59,41,712,yes
1753223480930,1753223480,KXMLBGAME-25JUL22BALCLE-CLE,59,41,1000,yes
1753223480930,1753223480,KXMLBGAME-25JUL22BALCLE-CLE,59,41,1583,yes
1753223482651,1753223482,KXMLBGAME-25JUL22SFATL-SF,48,52,40,yes
1753223483982,1753223483,KXMLBGAME-25JUL22STLCOL-STL,61,39,19,yes
1753223485813,1753223485,KXMLBGAME-25JUL22BOSPHI-BOS,37,63,10,yes
1753223489691,1753223489,KXMLBGAME-25JUL22HOUARI-HOU,53,47,157,yes
1753223490670,1753223490,KXMLBGAME-25JUL22BALCLE-CLE,59,41,8,yes
1753223491949,1753223491,KXMLBGAME-25JUL22CINWSH-WSH,44,56,109,yes
1753223502974,1753223502,KXMLBGAME-25JUL22SDMIA-MIA,54,46,8,yes
1753223502974,1753223502,KXMLBGAME-25JUL22SDMIA-SD,47,53,61,yes
1753223503530,1753223503,KXMLBGAME-25JUL22BALCLE-CLE,59,41,29,yes
1753223504209,1753223504,KXMLBGAME-25JUL22CWSTB-CWS,33,67,7,yes
1753223505992,1753223505,KXMLBGAME-25JUL22SDMIA-SD,47,53,10,yes
1753223506011,1753223505,KXMLBGAME-25JUL22SFATL-SF,48,52,24,yes
1753223507131,1753223507,KXMLBGAME-25JUL22SDMIA-MIA,54,46,8,yes
1753223508631,1753223508,KXMLBGAME-25JUL22BALCLE-CLE,59,41,471,yes
1753223510772,1753223510,KXMLBGAME-25JUL22NYYTOR-NYY,49,51,19,yes
1753223511012,1753223510,KXMLBGAME-25JUL22SDMIA-SD,47,53,20,yes
1753223512928,1753223512,KXMLBGAME-25JUL22DETPIT-DET,57,43,25,yes
1753223513190,1753223513,KXMLBGAME-25JUL22NYYTOR-NYY,49,51,98,yes
1753223514395,1753223514,KXMLBGAME-25JUL22DETPIT-DET,57,43,8,yes
1753223517570,1753223517,KXMLBGAME-25JUL22NYYTOR-NYY,49,51,98,yes
1753223520292,1753223520,KXMLBGAME-25JUL22BOSPHI-PHI,65,35,45,yes
1753223526528,1753223526,KXMLBGAME-25JUL22DETPIT-PIT,45,55,10,yes
1753223530011,1753223529,KXMLBGAME-25JUL22ATHTEX-TEX,68,32,28,yes
1753223531909,1753223531,KXMLBGAME-25JUL22MINLAD-MIN,33,67,7,yes
1753223532410,1753223532,KXMLBGAME-25JUL22DETPIT-DET,57,43,17,yes
1753223532550,1753223532,KXMLBGAME-25JUL22CINWSH-CIN,57,43,8,yes
1753223533311,1753223533,KXMLBGAME-25JUL22HOUARI-HOU,53,47,36,yes
1753223536013,1753223535,KXMLBGAME-25JUL22MILSEA-MIL,47,53,61,yes
1753223536049,1753223536,KXMLBGAME-25JUL22BALCLE-CLE,60,40,4,yes
1753223536871,1753223536,KXMLBGAME-25JUL22BALCLE-BAL,41,59,11,yes
1753223541689,1753223541,KXMLBGAME-25JUL22NYYTOR-NYY,49,51,3,yes
1753223543850,1753223543,KXMLBGAME-25JUL22NYYTOR-NYY,49,51,571,yes
1753223544970,1753223544,KXMLBGAME-25JUL22DETPIT-PIT,45,55,20,yes
1753223546139,1753223546,KXMLBGAME-25JUL22BOSPHI-PHI,65,35,7,yes
1753223548593,1753223548,KXMLBGAME-25JUL22BALCLE-CLE,60,40,8,yes
1753223550338,1753223550,KXMLBGAME-25JUL22NYYTOR-NYY,49,51,30,yes
1753223550850,1753223550,KXMLBGAME-25JUL22SDMIA-SD,47,53,800,yes
1753223551032,1753223550,KXMLBGAME-25JUL22LAANYM-LAA,40,60,26,yes
1753223553491,1753223553,KXMLBGAME-25JUL22CINWSH-WSH,44,56,3,yes
1753223556148,1753223556,KXMLBGAME-25JUL22STLCOL-STL,61,39,31,yes
1753223563210,1753223563,KXMLBGAME-25JUL22DETPIT-DET,57,43,1,yes
1753223566537,1753223566,KXMLBGAME-25JUL22BALCLE-CLE,60,40,446,yes
1753223574549,1753223574,KXMLBGAME-25JUL22CWSTB-TB,68,32,7,yes
1753223577816,1753223577,KXMLBGAME-25JUL22DETPIT-DET,57,43,41,yes
1753223580546,1753223580,KXMLBGAME-25JUL22CINWSH-WSH,44,56,20,yes
1753223587895,1753223587,KXMLBGAME-25JUL22DETPIT-DET,57,43,340,yes
1753223589312,1753223589,KXMLBGAME-25JUL22NYYTOR-TOR,52,48,9,yes
1753223595292,1753223595,KXMLBGAME-25JUL22LAANYM-LAA,40,60,35,yes
1753223596289,1753223596,KXMLBGAME-25JUL22BALCLE-CLE,60,40,16,yes
1753223601349,1753223601,KXMLBGAME-25JUL22NYYTOR-TOR,52,48,217,yes
1753223606658,1753223606,KXMLBGAME-25JUL22SDMIA-SD,47,53,20,yes
1753223607150,1753223607,KXMLBGAME-25JUL22LAANYM-NYM,61,39,7,yes
1753223607779,1753223607,KXMLBGAME-25JUL22BALCLE-CLE,60,40,239,yes
1753223607829,1753223607,KXMLBGAME-25JUL22SDMIA-SD,47,53,20,yes
1753223608439,1753223608,KXMLBGAME-25JUL22BALCLE-CLE,60,40,19,yes
1753223614851,1753223614,KXMLBGAME-25JUL22LAANYM-NYM,61,39,31,yes
1753223615313,1753223615,KXMLBGAME-25JUL22DETPIT-DET,57,43,342,yes
1753223617001,1753223616,KXMLBGAME-25JUL22SDMIA-MIA,55,45,536,yes
1753223622418,1753223622,KXMLBGAME-25JUL22DETPIT-DET,57,43,2,yes
1753223623072,1753223623,KXMLBGAME-25JUL22MINLAD-LAD,66,34,14,yes
1753223628777,1753223628,KXMLBGAME-25JUL22SFATL-ATL,53,47,9,yes
1753223632668,1753223632,KXMLBGAME-25JUL22HOUARI-HOU,53,47,2,yes
1753223635149,1753223635,KXMLBGAME-25JUL22NYYTOR-TOR,52,48,18,yes
1753223635149,1753223635,KXMLBGAME-25JUL22SDMIA-SD,47,53,133,yes
1753223647926,1753223647,KXMLBGAME-25JUL22ATHTEX-ATH,34,66,140,yes
1753223652943,1753223652,KXMLBGAME-25JUL22NYYTOR-NYY,49,51,30,yes
1753223663270,1753223663,KXMLBGAME-25JUL22BOSPHI-BOS,37,63,129,yes
1753223663891,1753223663,KXMLBGAME-25JUL22SDMIA-SD,47,53,41,yes
1753223665332,1753223665,KXMLBGAME-25JUL22BOSPHI-PHI,65,35,976,yes
1753223674130,1753223673,KXMLBGAME-25JUL22DETPIT-DET,57,43,42,yes
1753223680080,1753223679,KXMLBGAME-25JUL22MINLAD-LAD,66,34,90,yes
1753223685210,1753223685,KXMLBGAME-25JUL22SDMIA-SD,47,53,50,yes
1753223688171,1753223688,KXMLBGAME-25JUL22CWSTB-TB,68,32,35,yes
1753223688550,1753223688,KXMLBGAME-25JUL22DETPIT-DET,57,43,3,yes
1753223693190,1753223693,KXMLBGAME-25JUL22BALCLE-CLE,60,40,3191,yes
1753223700710,1753223700,KXMLBGAME-25JUL22BOSPHI-BOS,37,63,258,yes
1753223703470,1753223703,KXMLBGAME-25JUL22NYYTOR-TOR,52,48,30,yes
1753223706850,1753223706,KXMLBGAME-25JUL22BOSPHI-PHI,65,35,3,yes
1753223711563,1753223711,KXMLBGAME-25JUL22BALCLE-CLE,60,40,8,yes
1753223714692,1753223714,KXMLBGAME-25JUL22BALCLE-BAL,41,59,2,yes
1753223716251,1753223716,KXMLBGAME-25JUL22NYYTOR-TOR,52,48,179,yes
1753223716251,1753223716,KXMLBGAME-25JUL22NYYTOR-TOR,53,47,737,yes
1753223720410,1753223720,KXMLBGAME-25JUL22DETPIT-DET,57,43,17,yes
1753223720849,1753223720,KXMLBGAME-25JUL22MILSEA-SEA,54,46,44,yes
1753223722979,1753223722,KXMLBGAME-25JUL22DETPIT-PIT,45,55,106,yes
1753223723970,1753223723,KXMLBGAME-25JUL22SDMIA-SD,47,53,10,yes
1753223732390,1753223732,KXMLBGAME-25JUL22BALCLE-CLE,60,40,3,yes
1753223733732,1753223733,KXMLBGAME-25JUL22DETPIT-DET,57,43,5,yes
1753223736789,1753223736,KXMLBGAME-25JUL22BOSPHI-BOS,37,63,129,yes
1753223740749,1753223740,KXMLBGAME-25JUL22MILSEA-MIL,47,53,41,yes
1753223741875,1753223741,KXMLBGAME-25JUL22DETPIT-DET,57,43,787,yes
1753223741875,1753223741,KXMLBGAME-25JUL22DETPIT-DET,57,43,2619,yes
1753223746051,1753223746,KXMLBGAME-25JUL22MINLAD-LAD,66,34,739,yes
1753223756731,1753223756,KXMLBGAME-25JUL22HOUARI-ARI,48,52,20,yes
1753223758349,1753223758,KXMLBGAME-25JUL22BOSPHI-PHI,65,35,20,yes
1753223759750,1753223759,KXMLBGAME-25JUL22LAANYM-LAA,40,60,2,yes
1753223761550,1753223761,KXMLBGAME-25JUL22DETPIT-DET,57,43,85,yes
1753223766150,1753223765,KXMLBGAME-25JUL22DETPIT-DET,56,44,74,no
1753223766150,1753223765,KXMLBGAME-25JUL22DETPIT-DET,56,44,834,no
1753223775613,1753223775,KXMLBGAME-25JUL22SDMIA-SD,47,53,10,yes
1753223779101,1753223778,KXMLBGAME-25JUL22BALCLE-BAL,41,59,46,yes
1753223779869,1753223779,KXMLBGAME-25JUL22MILSEA-MIL,47,53,96,yes
1753223783414,1753223783,KXMLBGAME-25JUL22LAANYM-LAA,40,60,24,yes
1753223787203,1753223787,KXMLBGAME-25JUL22BALCLE-CLE,60,40,48,yes
1753223787851,1753223787,KXMLBGAME-25JUL22SDMIA-SD,47,53,8,yes
1753223788212,1753223788,KXMLBGAME-25JUL22DETPIT-DET,57,43,85,yes
1753223788728,1753223788,KXMLBGAME-25JUL22SDMIA-SD,47,53,104,yes
1753223789446,1753223789,KXMLBGAME-25JUL22BALCLE-BAL,41,59,702,yes
1753223794851,1753223794,KXMLBGAME-25JUL22BALCLE-BAL,41,59,23,yes
1753223796313,1753223796,KXMLBGAME-25JUL22DETPIT-DET,57,43,510,yes
1753223797739,1753223797,KXMLBGAME-25JUL22HOUARI-HOU,53,47,10,yes
1753223798494,1753223798,KXMLBGAME-25JUL22SDMIA-SD,47,53,2,yes
1753223798730,1753223798,KXMLBGAME-25JUL22BALCLE-CLE,60,40,325,yes
1753223804251,1753223804,KXMLBGAME-25JUL22BOSPHI-PHI,65,35,300,yes
1753223810431,1753223810,KXMLBGAME-25JUL22SDMIA-MIA,54,46,5,yes
1753223810431,1753223810,KXMLBGAME-25JUL22SDMIA-MIA,55,45,2,yes
1753223811150,1753223811,KXMLBGAME-25JUL22SDMIA-MIA,55,45,17,yes
1753223817150,1753223817,KXMLBGAME-25JUL22DETPIT-PIT,45,55,182,yes
1753223817150,1753223817,KXMLBGAME-25JUL22DETPIT-PIT,45,55,1468,yes
1753223826069,1753223825,KXMLBGAME-25JUL22DETPIT-DET,56,44,1,no
1753223828951,1753223828,KXMLBGAME-25JUL22BALCLE-CLE,60,40,243,yes
1753223830616,1753223830,KXMLBGAME-25JUL22KCCHC-KC,31,69,92,yes
1753223831433,1753223831,KXMLBGAME-25JUL22CINWSH-WSH,44,56,2,yes
1753223833050,1753223833,KXMLBGAME-25JUL22SDMIA-SD,47,53,61,yes
1753223833988,1753223833,KXMLBGAME-25JUL22CWSTB-CWS,33,67,2500,yes
1753223837192,1753223837,KXMLBGAME-25JUL22SDMIA-SD,47,53,718,yes
1753223841424,1753223841,KXMLBGAME-25JUL22SFATL-SF,48,52,15,yes
1753223841424,1753223841,KXMLBGAME-25JUL22SFATL-SF,48,52,622,yes
1753223841425,1753223841,KXMLBGAME-25JUL22SFATL-SF,49,51,94,yes
1753223841425,1753223841,KXMLBGAME-25JUL22SFATL-SF,49,51,1025,yes
1753223841425,1753223841,KXMLBGAME-25JUL22SFATL-SF,49,51,1346,yes
1753223841542,1753223841,KXMLBGAME-25JUL22STLCOL-COL,41,59,20,yes
1753223844130,1753223844,KXMLBGAME-25JUL22BALCLE-BAL,41,59,46,yes
1753223844191,1753223844,KXMLBGAME-25JUL22DETPIT-PIT,45,55,839,yes
1753223844192,1753223844,KXMLBGAME-25JUL22DETPIT-PIT,45,55,1661,yes
1753223848803,1753223848,KXMLBGAME-25JUL22DETPIT-DET,56,44,54,no
1753223850049,1753223849,KXMLBGAME-25JUL22BALCLE-CLE,60,40,57,yes
1753223851602,1753223851,KXMLBGAME-25JUL22BOSPHI-BOS,37,63,77,yes
1753223851799,1753223851,KXMLBGAME-25JUL22DETPIT-DET,57,43,34,yes
1753223852511,1753223852,KXMLBGAME-25JUL22CWSTB-TB,68,32,28,yes
1753223857771,1753223857,KXMLBGAME-25JUL22DETPIT-PIT,45,55,55,yes
1753223875091,1753223875,KXMLBGAME-25JUL22MINLAD-LAD,66,34,22,yes
1753223877435,1753223877,KXMLBGAME-25JUL22CINWSH-CIN,57,43,977,yes
1753223877435,1753223877,KXMLBGAME-25JUL22CINWSH-CIN,57,43,361,yes
1753223883316,1753223883,KXMLBGAME-25JUL22MINLAD-MIN,33,67,1,yes
1753223886830,1753223886,KXMLBGAME-25JUL22SDMIA-SD,47,53,205,yes
1753223888180,1753223888,KXMLBGAME-25JUL22MILSEA-MIL,47,53,102,yes
1753223889111,1753223889,KXMLBGAME-25JUL22SDMIA-SD,47,53,4,yes
1753223899870,1753223899,KXMLBGAME-25JUL22BOSPHI-PHI,65,35,145,yes
1753223900573,1753223900,KXMLBGAME-25JUL22BALCLE-CLE,60,40,209,yes
1753223911175,1753223911,KXMLBGAME-25JUL22BOSPHI-BOS,37,63,132,yes
1753223911814,1753223911,KXMLBGAME-25JUL22HOUARI-HOU,53,47,15,yes
1753223912335,1753223912,KXMLBGAME-25JUL22SDMIA-SD,47,53,83,yes
1753223913091,1753223913,KXMLBGAME-25JUL22SDMIA-MIA,55,45,44,yes
1753223918773,1753223918,KXMLBGAME-25JUL22DETPIT-PIT,44,56,10,no
1753223918773,1753223918,KXMLBGAME-25JUL22DETPIT-PIT,44,56,232,no
1753223923071,1753223923,KXMLBGAME-25JUL22DETPIT-DET,57,43,1,yes
1753223924449,1753223924,KXMLBGAME-25JUL22ATHTEX-TEX,68,32,431,yes
1753223927313,1753223927,KXMLBGAME-25JUL22SDMIA-SD,47,53,615,yes
1753223932713,1753223932,KXMLBGAME-25JUL22LAANYM-LAA,40,60,2,yes
1753223935169,1753223935,KXMLBGAME-25JUL22BALCLE-BAL,41,59,2,yes
1753223939461,1753223939,KXMLBGAME-25JUL22ATHTEX-TEX,68,32,15,yes
1753223948984,1753223948,KXMLBGAME-25JUL22BOSPHI-PHI,65,35,30,yes
1753223951772,1753223951,KXMLBGAME-25JUL22DETPIT-DET,57,43,125,yes
1753223956250,1753223956,KXMLBGAME-25JUL22CWSTB-TB,68,32,43,yes
1753223958313,1753223958,KXMLBGAME-25JUL22HOUARI-HOU,53,47,23,yes
1753223959833,1753223959,KXMLBGAME-25JUL22LAANYM-NYM,61,39,31,yes
1753223960851,1753223960,KXMLBGAME-25JUL22KCCHC-CHC,70,30,20,yes
1753223965431,1753223965,KXMLBGAME-25JUL22SDMIA-MIA,54,46,33,yes
1753223965431,1753223965,KXMLBGAME-25JUL22SDMIA-MIA,54,46,83,yes
1753223966831,1753223966,KXMLBGAME-25JUL22NYYTOR-NYY,49,51,39,yes
1753223974311,1753223974,KXMLBGAME-25JUL22SDMIA-MIA,55,45,362,yes
1753223976291,1753223976,KXMLBGAME-25JUL22CWSTB-CWS,33,67,20,yes
1753223982634,1753223982,KXMLBGAME-25JUL22NYYTOR-TOR,52,48,372,yes
1753223993191,1753223993,KXMLBGAME-25JUL22SDMIA-SD,47,53,45,yes
1753223994970,1753223994,KXMLBGAME-25JUL22BALCLE-BAL,41,59,49,yes
1753224006029,1753224005,KXMLBGAME-25JUL22SDMIA-MIA,54,46,500,yes
1753224012410,1753224012,KXMLBGAME-25JUL22DETPIT-DET,57,43,127,yes
1753224013933,1753224013,KXMLBGAME-25JUL22SFATL-ATL,53,47,45,yes
1753224014490,1753224014,KXMLBGAME-25JUL22MILSEA-MIL,47,53,100,yes
1753224015691,1753224015,KXMLBGAME-25JUL22NYYTOR-TOR,52,48,20,yes
1753224021897,1753224021,KXMLBGAME-25JUL22BALCLE-BAL,41,59,11,yes
1753224022930,1753224022,KXMLBGAME-25JUL22NYYTOR-NYY,49,51,79,yes
1753224023451,1753224023,KXMLBGAME-25JUL22DETPIT-PIT,49,51,300,yes
1753224023451,1753224023,KXMLBGAME-25JUL22DETPIT-PIT,49,51,10,yes
1753224023470,1753224023,KXMLBGAME-25JUL22DETPIT-DET,56,44,115,no
1753224023470,1753224023,KXMLBGAME-25JUL22DETPIT-DET,55,45,185,no
1753224023471,1753224023,KXMLBGAME-25JUL22DETPIT-DET,55,45,10,no
1753224025770,1753224025,KXMLBGAME-25JUL22BALCLE-CLE,62,38,65,yes
1753224029250,1753224029,KXMLBGAME-25JUL22LAANYM-NYM,61,39,23,yes
1753224029470,1753224029,KXMLBGAME-25JUL22DETPIT-DET,55,45,13,no
1753224029772,1753224029,KXMLBGAME-25JUL22DETPIT-PIT,64,36,13,yes
1753224042189,1753224042,KXMLBGAME-25JUL22SDMIA-SD,47,53,32,yes
1753224045171,1753224045,KXMLBGAME-25JUL22DETPIT-DET,57,43,13,yes
1753224046391,1753224046,KXMLBGAME-25JUL22DETPIT-DET,57,43,3,yes
1753224049131,1753224049,KXMLBGAME-25JUL22NYYTOR-NYY,49,51,59,yes
1753224051871,1753224051,KXMLBGAME-25JUL22SDMIA-SD,47,53,51,yes
1753224051972,1753224051,KXMLBGAME-25JUL22BOSPHI-BOS,37,63,13,yes
1753224058834,1753224058,KXMLBGAME-25JUL22DETPIT-PIT,43,57,13,no
1753224061790,1753224061,KXMLBGAME-25JUL22SDMIA-SD,46,54,40,yes
1753224064902,1753224064,KXMLBGAME-25JUL22BOSPHI-BOS,37,63,53,yes
1753224066131,1753224066,KXMLBGAME-25JUL22SDMIA-SD,46,54,25,yes
1753224067509,1753224067,KXMLBGAME-25JUL22LAANYM-NYM,61,39,20,yes
1753224071031,1753224070,KXMLBGAME-25JUL22SDMIA-SD,46,54,53,yes
1753224074425,1753224074,KXMLBGAME-25JUL22DETPIT-DET,57,43,17,yes
1753224077309,1753224077,KXMLBGAME-25JUL22CINWSH-CIN,57,43,30,yes
1753224077309,1753224077,KXMLBGAME-25JUL22CINWSH-CIN,57,43,463,yes
1753224083902,1753224083,KXMLBGAME-25JUL22SDMIA-SD,46,54,10,yes
1753224084131,1753224084,KXMLBGAME-25JUL22BOSPHI-PHI,65,35,36,yes
1753224084670,1753224084,KXMLBGAME-25JUL22CWSTB-CWS,33,67,1,yes
1753224087433,1753224087,KXMLBGAME-25JUL22SDMIA-MIA,57,43,1,yes
1753224097056,1753224096,KXMLBGAME-25JUL22SFATL-SF,48,52,130,yes
1753224097875,1753224097,KXMLBGAME-25JUL22LAANYM-LAA,40,60,515,yes
1753224100147,1753224100,KXMLBGAME-25JUL22BALCLE-CLE,63,37,7,yes
1753224106269,1753224106,KXMLBGAME-25JUL22DETPIT-DET,57,43,1,yes
1753224110732,1753224110,KXMLBGAME-25JUL22SDMIA-SD,46,54,31,yes
1753224117052,1753224117,KXMLBGAME-25JUL22DETPIT-DET,57,43,255,yes
1753224119309,1753224119,KXMLBGAME-25JUL22SDMIA-MIA,59,41,161,yes
1753224120270,1753224120,KXMLBGAME-25JUL22ATHTEX-TEX,68,32,20,yes
1753224122010,1753224121,KXMLBGAME-25JUL22BALCLE-CLE,61,39,15,yes
1753224125229,1753224125,KXMLBGAME-25JUL22DETPIT-PIT,45,55,300,yes
1753224125229,1753224125,KXMLBGAME-25JUL22DETPIT-PIT,45,55,10,yes
1753224125230,1753224125,KXMLBGAME-25JUL22DETPIT-DET,55,45,300,no
1753224125250,1753224125,KXMLBGAME-25JUL22DETPIT-DET,54,46,10,no
1753224128288,1753224128,KXMLBGAME-25JUL22BALCLE-CLE,62,38,1,yes
1753224133190,1753224133,KXMLBGAME-25JUL22DETPIT-DET,54,46,13,no
1753224133409,1753224133,KXMLBGAME-25JUL22DETPIT-PIT,47,53,200,yes
1753224133409,1753224133,KXMLBGAME-25JUL22DETPIT-PIT,47,53,100,yes
1753224133490,1753224133,KXMLBGAME-25JUL22DETPIT-PIT,47,53,10,yes
1753224133490,1753224133,KXMLBGAME-25JUL22DETPIT-DET,54,46,300,no
1753224133511,1753224133,KXMLBGAME-25JUL22DETPIT-DET,54,46,10,no
1753224133748,1753224133,KXMLBGAME-25JUL22DETPIT-PIT,47,53,13,yes
1753224133948,1753224133,KXMLBGAME-25JUL22SDMIA-SD,45,55,640,no
1753224134210,1753224134,KXMLBGAME-25JUL22SDMIA-SD,44,56,20,no
1753224140829,1753224140,KXMLBGAME-25JUL22CINWSH-CIN,57,43,1,yes
1753224143668,1753224143,KXMLBGAME-25JUL22DETPIT-DET,55,45,2,yes
1753224150350,1753224150,KXMLBGAME-25JUL22SDMIA-SD,43,57,22,yes
1753224150932,1753224150,KXMLBGAME-25JUL22DETPIT-DET,55,45,13,yes
1753224151031,1753224150,KXMLBGAME-25JUL22SDMIA-SD,43,57,4,yes
1753224151170,1753224151,KXMLBGAME-25JUL22DETPIT-PIT,45,55,13,no
1753224151931,1753224151,KXMLBGAME-25JUL22BOSPHI-PHI,65,35,1,yes
1753224152309,1753224152,KXMLBGAME-25JUL22BOSPHI-BOS,37,63,10,yes
1753224155875,1753224155,KXMLBGAME-25JUL22DETPIT-PIT,46,54,300,yes
1753224155892,1753224155,KXMLBGAME-25JUL22DETPIT-PIT,46,54,10,yes
1753224155892,1753224155,KXMLBGAME-25JUL22DETPIT-DET,54,46,300,no
1753224155911,1753224155,KXMLBGAME-25JUL22DETPIT-DET,54,46,10,no
1753224156151,1753224156,KXMLBGAME-25JUL22DETPIT-PIT,46,54,104,yes
1753224160309,1753224160,KXMLBGAME-25JUL22SDMIA-MIA,59,41,39,yes
1753224160309,1753224160,KXMLBGAME-25JUL22SDMIA-MIA,59,41,11,yes
1753224166108,1753224166,KXMLBGAME-25JUL22DETPIT-DET,54,46,13,no
1753224166631,1753224166,KXMLBGAME-25JUL22DETPIT-PIT,46,54,13,yes
1753224170029,1753224169,KXMLBGAME-25JUL22CWSTB-CWS,33,67,173,yes
1753224172390,1753224172,KXMLBGAME-25JUL22MINLAD-MIN,33,67,7,yes
1753224174969,1753224174,KXMLBGAME-25JUL22SFATL-SF,49,51,7,yes
1753224181708,1753224181,KXMLBGAME-25JUL22MILSEA-MIL,47,53,4,yes
1753224190710,1753224190,KXMLBGAME-25JUL22STLCOL-COL,40,60,34,no
1753224190710,1753224190,KXMLBGAME-25JUL22STLCOL-COL,40,60,1,no
1753224190829,1753224190,KXMLBGAME-25JUL22DETPIT-PIT,46,54,17,yes
1753224193271,1753224193,KXMLBGAME-25JUL22SDMIA-SD,43,57,223,yes
1753224195651,1753224195,KXMLBGAME-25JUL22KCCHC-KC,31,69,20,yes
1753224196011,1753224195,KXMLBGAME-25JUL22DETPIT-DET,55,45,17,yes
1753224196490,1753224196,KXMLBGAME-25JUL22BOSPHI-PHI,64,36,10,no
1753224201849,1753224201,KXMLBGAME-25JUL22SDMIA-SD,42,58,3,yes
1753224206731,1753224206,KXMLBGAME-25JUL22MINLAD-LAD,66,34,147,yes
1753224213831,1753224213,KXMLBGAME-25JUL22STLCOL-STL,61,39,20,yes
1753224218911,1753224218,KXMLBGAME-25JUL22MILSEA-MIL,47,53,4,yes
1753224228392,1753224228,KXMLBGAME-25JUL22SDMIA-MIA,60,40,300,yes
1753224228392,1753224228,KXMLBGAME-25JUL22SDMIA-MIA,61,39,50,yes
1753224229569,1753224229,KXMLBGAME-25JUL22KCCHC-KC,31,69,61,yes
1753224229751,1753224229,KXMLBGAME-25JUL22CWSTB-CWS,33,67,144,yes
1753224230472,1753224230,KXMLBGAME-25JUL22HOUARI-HOU,53,47,20,yes
1753224233590,1753224233,KXMLBGAME-25JUL22BOSPHI-PHI,64,36,10,no
1753224233889,1753224233,KXMLBGAME-25JUL22DETPIT-DET,55,45,300,no
1753224240230,1753224240,KXMLBGAME-25JUL22MINLAD-LAD,66,34,591,yes
1753224240230,1753224240,KXMLBGAME-25JUL22MINLAD-MIN,33,67,10,yes
1753224243044,1753224242,KXMLBGAME-25JUL22SDMIA-MIA,60,40,10,yes
1753224253313,1753224253,KXMLBGAME-25JUL22MILSEA-MIL,47,53,20,yes
1753224253929,1753224253,KXMLBGAME-25JUL22BOSPHI-PHI,64,36,10,no
1753224255128,1753224255,KXMLBGAME-25JUL22MINLAD-LAD,66,34,333,yes
1753224259351,1753224259,KXMLBGAME-25JUL22CINWSH-WSH,44,56,4,yes
1753224261716,1753224261,KXMLBGAME-25JUL22DETPIT-DET,54,46,10,no
1753224266202,1753224266,KXMLBGAME-25JUL22BOSPHI-PHI,65,35,151,yes
1753224266553,1753224266,KXMLBGAME-25JUL22BOSPHI-BOS,37,63,12,yes
1753224266850,1753224266,KXMLBGAME-25JUL22SDMIA-SD,41,59,197,yes
1753224266850,1753224266,KXMLBGAME-25JUL22SDMIA-SD,41,59,50,yes
1753224266850,1753224266,KXMLBGAME-25JUL22SDMIA-SD,42,58,500,yes
1753224266850,1753224266,KXMLBGAME-25JUL22SDMIA-SD,43,57,77,yes
1753224266850,1753224266,KXMLBGAME-25JUL22SDMIA-SD,43,57,200,yes
1753224266850,1753224266,KXMLBGAME-25JUL22SDMIA-SD,43,57,117,yes
1753224271871,1753224271,KXMLBGAME-25JUL22NYYTOR-TOR,52,48,9,yes
1753224273589,1753224273,KXMLBGAME-25JUL22MINLAD-LAD,66,34,20,yes
1753224278409,1753224278,KXMLBGAME-25JUL22BOSPHI-PHI,65,35,15,yes
1753224290436,1753224290,KXMLBGAME-25JUL22BOSPHI-PHI,64,36,533,no
1753224294373,1753224294,KXMLBGAME-25JUL22SDMIA-SD,42,58,457,yes
1753224307810,1753224307,KXMLBGAME-25JUL22SDMIA-SD,42,58,1,yes
1753224310109,1753224309,KXMLBGAME-25JUL22CINWSH-CIN,57,43,9,yes
1753224314391,1753224314,KXMLBGAME-25JUL22DETPIT-DET,57,43,13,yes
1753224314711,1753224314,KXMLBGAME-25JUL22DETPIT-PIT,41,59,13,no
1753224316490,1753224316,KXMLBGAME-25JUL22DETPIT-PIT,45,55,106,yes
1753224317890,1753224317,KXMLBGAME-25JUL22DETPIT-DET,57,43,34,yes
1753224321492,1753224321,KXMLBGAME-25JUL22CINWSH-WSH,44,56,8,yes
1753224322850,1753224322,KXMLBGAME-25JUL22SDMIA-MIA,59,41,27,yes
1753224323803,1753224323,KXMLBGAME-25JUL22SDMIA-MIA,58,42,173,no
1753224325591,1753224325,KXMLBGAME-25JUL22CWSTB-TB,68,32,71,yes
1753224326710,1753224326,KXMLBGAME-25JUL22NYYTOR-TOR,52,48,1860,yes
1753224331630,1753224331,KXMLBGAME-25JUL22BOSPHI-BOS,37,63,50,yes
1753224335831,1753224335,KXMLBGAME-25JUL22SDMIA-SD,42,58,114,yes
1753224342709,1753224342,KXMLBGAME-25JUL22BALCLE-BAL,38,62,7,yes
1753224348089,1753224348,KXMLBGAME-25JUL22BOSPHI-PHI,64,36,19,yes
1753224348731,1753224348,KXMLBGAME-25JUL22MILSEA-MIL,47,53,4,yes
1753224349810,1753224349,KXMLBGAME-25JUL22KCCHC-CHC,70,30,117,yes
1753224349810,1753224349,KXMLBGAME-25JUL22KCCHC-CHC,70,30,22,yes
1753224350871,1753224350,KXMLBGAME-25JUL22BALCLE-CLE,65,35,52,yes
1753224350871,1753224350,KXMLBGAME-25JUL22BALCLE-CLE,65,35,10,yes
1753224350871,1753224350,KXMLBGAME-25JUL22BALCLE-CLE,65,35,187,yes
1753224353010,1753224352,KXMLBGAME-25JUL22DETPIT-DET,55,45,211,yes
1753224358210,1753224358,KXMLBGAME-25JUL22SDMIA-SD,43,57,268,yes
1753224358750,1753224358,KXMLBGAME-25JUL22MILSEA-SEA,54,46,14,yes
1753224369654,1753224369,KXMLBGAME-25JUL22DETPIT-DET,55,45,89,yes
1753224369654,1753224369,KXMLBGAME-25JUL22DETPIT-DET,55,45,121,yes
1753224369654,1753224369,KXMLBGAME-25JUL22DETPIT-DET,55,45,318,yes
1753224379070,1753224379,KXMLBGAME-25JUL22SDMIA-SD,43,57,33,yes
1753224379110,1753224379,KXMLBGAME-25JUL22NYYTOR-TOR,52,48,232,yes
1753224382211,1753224382,KXMLBGAME-25JUL22CINWSH-CIN,59,41,84,yes
1753224382691,1753224382,KXMLBGAME-25JUL22DETPIT-DET,54,46,49,no
1753224382691,1753224382,KXMLBGAME-25JUL22DETPIT-DET,54,46,25,no
1753224382691,1753224382,KXMLBGAME-25JUL22DETPIT-DET,52,48,25,no
1753224383950,1753224383,KXMLBGAME-25JUL22DETPIT-PIT,50,50,500,no
1753224386206,1753224386,KXMLBGAME-25JUL22DETPIT-DET,51,49,186,yes
1753224390151,1753224390,KXMLBGAME-25JUL22BALCLE-CLE,63,37,9,yes
1753224396250,1753224396,KXMLBGAME-25JUL22SDMIA-SD,43,57,447,yes
1753224404091,1753224403,KXMLBGAME-25JUL22CINWSH-CIN,56,44,1000,no
1753224414397,1753224414,KXMLBGAME-25JUL22BALCLE-BAL,39,61,4,yes
1753224416751,1753224416,KXMLBGAME-25JUL22SDMIA-MIA,56,44,5,yes
1753224420789,1753224420,KXMLBGAME-25JUL22SDMIA-SD,45,55,42,yes
1753224420914,1753224420,KXMLBGAME-25JUL22DETPIT-DET,51,49,314,yes
1753224420914,1753224420,KXMLBGAME-25JUL22DETPIT-DET,51,49,230,yes
1753224425810,1753224425,KXMLBGAME-25JUL22MINLAD-MIN,33,67,111,yes
1753224430131,1753224430,KXMLBGAME-25JUL22BOSPHI-BOS,37,63,60,yes
1753224434331,1753224434,KXMLBGAME-25JUL22CWSTB-CWS,33,67,75,yes
1753224435012,1753224434,KXMLBGAME-25JUL22LAANYM-LAA,40,60,1,yes
1753224439752,1753224439,KXMLBGAME-25JUL22DETPIT-DET,51,49,37,yes
1753224447090,1753224447,KXMLBGAME-25JUL22BOSPHI-BOS,37,63,12,yes
1753224449191,1753224449,KXMLBGAME-25JUL22SFATL-SF,49,51,1,yes
1753224462971,1753224462,KXMLBGAME-25JUL22NYYTOR-TOR,52,48,150,yes
1753224463212,1753224463,KXMLBGAME-25JUL22STLCOL-STL,61,39,2405,yes
1753224463212,1753224463,KXMLBGAME-25JUL22STLCOL-STL,61,39,95,yes
1753224465570,1753224465,KXMLBGAME-25JUL22SDMIA-SD,47,53,205,yes
1753224467469,1753224467,KXMLBGAME-25JUL22NYYTOR-TOR,52,48,37,yes
1753224476590,1753224476,KXMLBGAME-25JUL22SDMIA-MIA,55,45,176,yes
1753224478209,1753224478,KXMLBGAME-25JUL22BALCLE-BAL,39,61,36,yes
1753224480370,1753224480,KXMLBGAME-25JUL22CINWSH-CIN,55,45,25,no
1753224480370,1753224480,KXMLBGAME-25JUL22CINWSH-CIN,55,45,245,no
1753224483350,1753224483,KXMLBGAME-25JUL22BOSPHI-PHI,64,36,7,yes
1753224485629,1753224485,KXMLBGAME-25JUL22BALCLE-CLE,64,36,3,yes
1753224486411,1753224486,KXMLBGAME-25JUL22BALCLE-BAL,39,61,9,yes
1753224487749,1753224487,KXMLBGAME-25JUL22MINLAD-MIN,33,67,246,yes
1753224496431,1753224496,KXMLBGAME-25JUL22DETPIT-DET,51,49,235,yes
1753224497750,1753224497,KXMLBGAME-25JUL22BALCLE-BAL,39,61,12,yes
1753224497812,1753224497,KXMLBGAME-25JUL22BOSPHI-PHI,65,35,30,yes
1753224504495,1753224504,KXMLBGAME-25JUL22BOSPHI-BOS,36,64,26,no
1753224506370,1753224506,KXMLBGAME-25JUL22SFATL-ATL,53,47,36,yes
1753224508472,1753224508,KXMLBGAME-25JUL22SDMIA-SD,47,53,6,yes
1753224513992,1753224513,KXMLBGAME-25JUL22DETPIT-PIT,50,50,500,no
1753224515272,1753224515,KXMLBGAME-25JUL22SDMIA-SD,47,53,4,yes
1753224515751,1753224515,KXMLBGAME-25JUL22SFATL-ATL,53,47,31,yes
1753224526771,1753224526,KXMLBGAME-25JUL22LAANYM-LAA,40,60,9,yes
1753224529652,1753224529,KXMLBGAME-25JUL22BOSPHI-BOS,36,64,26,yes
1753224530710,1753224530,KXMLBGAME-25JUL22HOUARI-HOU,53,47,50,yes
1753224532370,1753224532,KXMLBGAME-25JUL22KCCHC-CHC,70,30,15,yes
1753224537914,1753224537,KXMLBGAME-25JUL22NYYTOR-NYY,49,51,11,yes
1753224539050,1753224538,KXMLBGAME-25JUL22DETPIT-DET,50,50,200,no
1753224539050,1753224538,KXMLBGAME-25JUL22DETPIT-DET,50,50,1,no
1753224541710,1753224541,KXMLBGAME-25JUL22DETPIT-DET,50,50,38,yes
1753224547516,1753224547,KXMLBGAME-25JUL22MILSEA-MIL,47,53,5,yes
1753224549893,1753224549,KXMLBGAME-25JUL22BOSPHI-BOS,35,65,27,yes
1753224551551,1753224551,KXMLBGAME-25JUL22BOSPHI-PHI,65,35,75,yes
1753224554073,1753224554,KXMLBGAME-25JUL22KCCHC-KC,31,69,1,yes
1753224554232,1753224554,KXMLBGAME-25JUL22SDMIA-SD,46,54,20,yes
1753224554330,1753224554,KXMLBGAME-25JUL22BALCLE-CLE,65,35,12,yes
1753224555750,1753224555,KXMLBGAME-25JUL22DETPIT-DET,47,53,47,yes
1753224559670,1753224559,KXMLBGAME-25JUL22BALCLE-CLE,65,35,47,yes
1753224565391,1753224565,KXMLBGAME-25JUL22BALCLE-CLE,65,35,75,yes
1753224566130,1753224566,KXMLBGAME-25JUL22DETPIT-DET,48,52,300,yes
1753224566130,1753224566,KXMLBGAME-25JUL22DETPIT-DET,49,51,1,yes
1753224568753,1753224568,KXMLBGAME-25JUL22SDMIA-SD,46,54,209,yes
1753224568871,1753224568,KXMLBGAME-25JUL22DETPIT-PIT,54,46,215,yes
1753224569669,1753224569,KXMLBGAME-25JUL22DETPIT-DET,48,52,40,yes
1753224574190,1753224574,KXMLBGAME-25JUL22CINWSH-WSH,49,51,76,yes
1753224574190,1753224574,KXMLBGAME-25JUL22CINWSH-WSH,50,50,22,yes
1753224576906,1753224576,KXMLBGAME-25JUL22DETPIT-DET,48,52,1,yes
1753224579590,1753224579,KXMLBGAME-25JUL22SDMIA-MIA,53,47,3055,yes
1753224580229,1753224580,KXMLBGAME-25JUL22DETPIT-PIT,54,46,170,yes
1753224580729,1753224580,KXMLBGAME-25JUL22DETPIT-PIT,54,46,21,yes
1753224581670,1753224581,KXMLBGAME-25JUL22SDMIA-MIA,56,44,1242,yes
1753224581690,1753224581,KXMLBGAME-25JUL22SDMIA-SD,45,55,20,no
1753224586730,1753224586,KXMLBGAME-25JUL22LAANYM-NYM,61,39,39,yes
1753224587032,1753224586,KXMLBGAME-25JUL22MINLAD-LAD,66,34,17,yes
1753224588682,1753224588,KXMLBGAME-25JUL22BALCLE-CLE,65,35,22,yes
1753224589130,1753224589,KXMLBGAME-25JUL22SDMIA-MIA,56,44,527,yes
1753224590011,1753224589,KXMLBGAME-25JUL22CINWSH-CIN,53,47,22,yes
1753224590011,1753224589,KXMLBGAME-25JUL22CINWSH-CIN,54,46,68,yes
1753224591549,1753224591,KXMLBGAME-25JUL22BOSPHI-PHI,65,35,225,yes
1753224598091,1753224598,KXMLBGAME-25JUL22SDMIA-MIA,64,36,1,yes
1753224598231,1753224598,KXMLBGAME-25JUL22DETPIT-DET,49,51,500,yes
1753224598231,1753224598,KXMLBGAME-25JUL22DETPIT-DET,49,51,300,yes
1753224598231,1753224598,KXMLBGAME-25JUL22DETPIT-DET,50,50,600,yes
1753224598231,1753224598,KXMLBGAME-25JUL22DETPIT-DET,50,50,547,yes
1753224598929,1753224598,KXMLBGAME-25JUL22DETPIT-PIT,51,49,500,no
1753224598929,1753224598,KXMLBGAME-25JUL22DETPIT-PIT,51,49,300,no
1753224602031,1753224601,KXMLBGAME-25JUL22MILSEA-MIL,47,53,102,yes
1753224603171,1753224603,KXMLBGAME-25JUL22SDMIA-SD,40,60,107,yes
1753224604250,1753224604,KXMLBGAME-25JUL22SDMIA-SD,37,63,25,no
1753224604251,1753224604,KXMLBGAME-25JUL22SDMIA-MIA,64,36,81,yes
1753224604430,1753224604,KXMLBGAME-25JUL22BOSPHI-PHI,65,35,349,yes
1753224604530,1753224604,KXMLBGAME-25JUL22BALCLE-CLE,65,35,220,yes
1753224607930,1753224607,KXMLBGAME-25JUL22CWSTB-CWS,33,67,14,yes
1753224619510,1753224619,KXMLBGAME-25JUL22SDMIA-MIA,65,35,52,yes
1753224619510,1753224619,KXMLBGAME-25JUL22SDMIA-MIA,65,35,10,yes
1753224619510,1753224619,KXMLBGAME-25JUL22SDMIA-MIA,66,34,205,yes
1753224624292,1753224624,KXMLBGAME-25JUL22BOSPHI-BOS,37,63,100,yes
1753224630351,1753224630,KXMLBGAME-25JUL22BALCLE-BAL,36,64,27,yes
1753224631410,1753224631,KXMLBGAME-25JUL22BOSPHI-PHI,65,35,30,yes
1753224634952,1753224634,KXMLBGAME-25JUL22SDMIA-MIA,65,35,15,yes
1753224636990,1753224636,KXMLBGAME-25JUL22SDMIA-MIA,65,35,3,yes
1753224643560,1753224643,KXMLBGAME-25JUL22BALCLE-CLE,65,35,441,yes
1753224644529,1753224644,KXMLBGAME-25JUL22SDMIA-SD,37,63,26,yes
1753224647771,1753224647,KXMLBGAME-25JUL22SDMIA-MIA,65,35,1,yes
1753224652353,1753224652,KXMLBGAME-25JUL22SDMIA-SD,36,64,379,yes
1753224656231,1753224656,KXMLBGAME-25JUL22SDMIA-MIA,65,35,1,yes
1753224656452,1753224656,KXMLBGAME-25JUL22SDMIA-MIA,65,35,7,yes
1753224658370,1753224658,KXMLBGAME-25JUL22MILSEA-MIL,47,53,58,yes
1753224662730,1753224662,KXMLBGAME-25JUL22LAANYM-NYM,61,39,15,yes
1753224664671,1753224664,KXMLBGAME-25JUL22SDMIA-MIA,65,35,4,yes
1753224667331,1753224667,KXMLBGAME-25JUL22SDMIA-SD,36,64,121,yes
1753224667331,1753224667,KXMLBGAME-25JUL22SDMIA-SD,37,63,141,yes
1753224667731,1753224667,KXMLBGAME-25JUL22DETPIT-DET,52,48,18,yes
1753224674312,1753224674,KXMLBGAME-25JUL22SDMIA-MIA,65,35,3,yes
1753224679869,1753224679,KXMLBGAME-25JUL22DETPIT-DET,52,48,9,yes
1753224686229,1753224686,KXMLBGAME-25JUL22SDMIA-MIA,65,35,1,yes
1753224694351,1753224694,KXMLBGAME-25JUL22SDMIA-MIA,65,35,1,yes
1753224695809,1753224695,KXMLBGAME-25JUL22BOSPHI-BOS,35,65,273,yes
1753224702852,1753224702,KXMLBGAME-25JUL22BOSPHI-PHI,65,35,375,yes
1753224703893,1753224703,KXMLBGAME-25JUL22SDMIA-SD,55,45,7,yes
1753224703893,1753224703,KXMLBGAME-25JUL22SDMIA-SD,65,35,52,yes
1753224703893,1753224703,KXMLBGAME-25JUL22SDMIA-SD,65,35,10,yes
1753224703893,1753224703,KXMLBGAME-25JUL22SDMIA-SD,65,35,7,yes
1753224706673,1753224706,KXMLBGAME-25JUL22SDMIA-MIA,68,32,1,yes
1753224722870,1753224722,KXMLBGAME-25JUL22SDMIA-MIA,73,27,100,yes
1753224722931,1753224722,KXMLBGAME-25JUL22SDMIA-SD,35,65,82,no
1753224722931,1753224722,KXMLBGAME-25JUL22SDMIA-MIA,73,27,82,no
1753224723071,1753224723,KXMLBGAME-25JUL22SDMIA-SD,34,66,1,no
1753224723112,1753224723,KXMLBGAME-25JUL22SDMIA-SD,35,65,1,yes
1753224724949,1753224724,KXMLBGAME-25JUL22DETPIT-DET,51,49,18,yes
1753224727471,1753224727,KXMLBGAME-25JUL22BALCLE-BAL,36,64,60,yes
1753224729231,1753224729,KXMLBGAME-25JUL22BALCLE-BAL,36,64,240,yes
1753224729231,1753224729,KXMLBGAME-25JUL22BALCLE-BAL,36,64,10,yes
1753224729231,1753224729,KXMLBGAME-25JUL22BALCLE-BAL,36,64,59,yes
1753224732249,1753224732,KXMLBGAME-25JUL22SDMIA-MIA,75,25,5,yes
1753224732352,1753224732,KXMLBGAME-25JUL22SDMIA-SD,26,74,365,yes
1753224732390,1753224732,KXMLBGAME-25JUL22BALCLE-BAL,37,63,20,yes
1753224732429,1753224732,KXMLBGAME-25JUL22SDMIA-SD,26,74,34,yes
1753224737163,1753224737,KXMLBGAME-25JUL22SDMIA-SD,26,74,201,yes
1753224737163,1753224737,KXMLBGAME-25JUL22SDMIA-SD,26,74,87,yes
1753224737163,1753224737,KXMLBGAME-25JUL22SDMIA-SD,26,74,77,yes
1753224737370,1753224737,KXMLBGAME-25JUL22CINWSH-WSH,46,54,62,yes
1753224738453,1753224738,KXMLBGAME-25JUL22DETPIT-DET,51,49,100,yes
1753224739108,1753224738,KXMLBGAME-25JUL22SDMIA-SD,26,74,182,yes
1753224739371,1753224739,KXMLBGAME-25JUL22SDMIA-SD,26,74,8,yes
1753224742990,1753224742,KXMLBGAME-25JUL22SDMIA-SD,26,74,36,yes
1753224743389,1753224743,KXMLBGAME-25JUL22BALCLE-CLE,62,38,11,no
1753224748018,1753224747,KXMLBGAME-25JUL22BOSPHI-BOS,34,66,28,yes
1753224749314,1753224749,KXMLBGAME-25JUL22SDMIA-SD,26,74,182,yes
1753224749849,1753224749,KXMLBGAME-25JUL22SDMIA-SD,26,74,15,yes
1753224749849,1753224749,KXMLBGAME-25JUL22SDMIA-SD,26,74,350,yes
1753224751092,1753224751,KXMLBGAME-25JUL22BALCLE-CLE,64,36,87,yes
1753224751092,1753224751,KXMLBGAME-25JUL22BALCLE-CLE,65,35,200,yes
1753224751092,1753224751,KXMLBGAME-25JUL22BALCLE-CLE,65,35,300,yes
1753224751092,1753224751,KXMLBGAME-25JUL22BALCLE-CLE,65,35,600,yes
1753224751092,1753224751,KXMLBGAME-25JUL22BALCLE-CLE,65,35,267,yes
1753224751751,1753224751,KXMLBGAME-25JUL22SDMIA-SD,26,74,50,yes
1753224752350,1753224752,KXMLBGAME-25JUL22BOSPHI-BOS,34,66,42,yes
1753224756393,1753224756,KXMLBGAME-25JUL22SDMIA-SD,26,74,2,yes
1753224760433,1753224760,KXMLBGAME-25JUL22DETPIT-DET,50,50,300,yes
1753224761150,1753224761,KXMLBGAME-25JUL22SDMIA-SD,26,74,73,yes
1753224761351,1753224761,KXMLBGAME-25JUL22BALCLE-BAL,37,63,300,yes
1753224761472,1753224761,KXMLBGAME-25JUL22BALCLE-CLE,63,37,300,no
1753224763611,1753224763,KXMLBGAME-25JUL22SDMIA-SD,25,75,8,no
1753224763929,1753224763,KXMLBGAME-25JUL22BALCLE-CLE,61,39,1,no
1753224764054,1753224763,KXMLBGAME-25JUL22BALCLE-BAL,37,63,300,yes
1753224764054,1753224763,KXMLBGAME-25JUL22BALCLE-BAL,38,62,87,yes
1753224764055,1753224763,KXMLBGAME-25JUL22BALCLE-BAL,38,62,600,yes
1753224764055,1753224763,KXMLBGAME-25JUL22BALCLE-BAL,39,61,200,yes
1753224764055,1753224763,KXMLBGAME-25JUL22BALCLE-BAL,39,61,300,yes
1753224764793,1753224764,KXMLBGAME-25JUL22SDMIA-SD,26,74,25,yes
1753224764794,1753224764,KXMLBGAME-25JUL22SDMIA-SD,26,74,11,yes
1753224765451,1753224765,KXMLBGAME-25JUL22SDMIA-SD,25,75,17,no
1753224765451,1753224765,KXMLBGAME-25JUL22SDMIA-SD,23,77,196,no
1753224765952,1753224765,KXMLBGAME-25JUL22SDMIA-SD,26,74,25,yes
1753224767271,1753224767,KXMLBGAME-25JUL22SDMIA-SD,26,74,264,yes
1753224767271,1753224767,KXMLBGAME-25JUL22SDMIA-SD,26,74,65,yes
1753224767271,1753224767,KXMLBGAME-25JUL22SDMIA-SD,27,73,391,yes
1753224768032,1753224767,KXMLBGAME-25JUL22BOSPHI-BOS,34,66,110,yes
1753224770189,1753224770,KXMLBGAME-25JUL22DETPIT-DET,51,49,9,yes
1753224770508,1753224770,KXMLBGAME-25JUL22SDMIA-SD,26,74,18,yes
1753224771011,1753224770,KXMLBGAME-25JUL22LAANYM-NYM,61,39,15,yes
1753224777430,1753224777,KXMLBGAME-25JUL22SDMIA-SD,26,74,1,yes
1753224788774,1753224788,KXMLBGAME-25JUL22BALCLE-CLE,62,38,10,yes
1753224792734,1753224792,KXMLBGAME-25JUL22SDMIA-SD,26,74,30,yes
1753224792734,1753224792,KXMLBGAME-25JUL22SDMIA-SD,26,74,24,yes
1753224793712,1753224793,KXMLBGAME-25JUL22LAANYM-NYM,61,39,60,yes
1753224794070,1753224794,KXMLBGAME-25JUL22BALCLE-BAL,35,65,7,no
1753224799349,1753224799,KXMLBGAME-25JUL22BALCLE-BAL,31,69,15,yes
1753224801114,1753224801,KXMLBGAME-25JUL22SDMIA-MIA,75,25,95,yes
1753224801114,1753224801,KXMLBGAME-25JUL22SDMIA-MIA,75,25,36,yes
1753224801391,1753224801,KXMLBGAME-25JUL22DETPIT-DET,41,59,229,yes
1753224801750,1753224801,KXMLBGAME-25JUL22MILSEA-SEA,54,46,53,yes
1753224804440,1753224804,KXMLBGAME-25JUL22DETPIT-DET,42,58,87,yes
1753224804440,1753224804,KXMLBGAME-25JUL22DETPIT-DET,43,57,93,yes
1753224808131,1753224808,KXMLBGAME-25JUL22SDMIA-SD,26,74,29,yes
1753224809469,1753224809,KXMLBGAME-25JUL22BALCLE-BAL,34,66,140,yes
1753224809651,1753224809,KXMLBGAME-25JUL22SDMIA-SD,26,74,25,yes
1753224809970,1753224809,KXMLBGAME-25JUL22SDMIA-MIA,75,25,157,yes
1753224810453,1753224810,KXMLBGAME-25JUL22BALCLE-BAL,33,67,1,yes
1753224811630,1753224811,KXMLBGAME-25JUL22DETPIT-PIT,61,39,600,yes
1753224811630,1753224811,KXMLBGAME-25JUL22DETPIT-PIT,61,39,400,yes
1753224812894,1753224812,KXMLBGAME-25JUL22SDMIA-SD,26,74,21,yes
1753224813992,1753224813,KXMLBGAME-25JUL22BALCLE-BAL,31,69,1,no
1753224816054,1753224815,KXMLBGAME-25JUL22BALCLE-BAL,30,70,1,no
1753224816252,1753224816,KXMLBGAME-25JUL22BALCLE-BAL,30,70,34,yes
1753224826352,1753224826,KXMLBGAME-25JUL22BOSPHI-BOS,34,66,22,yes
1753224829729,1753224829,KXMLBGAME-25JUL22DETPIT-DET,41,59,300,yes
1753224829729,1753224829,KXMLBGAME-25JUL22DETPIT-DET,41,59,168,yes
1753224837371,1753224837,KXMLBGAME-25JUL22ATHTEX-TEX,68,32,27,yes
1753224837830,1753224837,KXMLBGAME-25JUL22NYYTOR-NYY,49,51,49,yes
1753224837990,1753224837,KXMLBGAME-25JUL22BOSPHI-BOS,34,66,98,yes
1753224837990,1753224837,KXMLBGAME-25JUL22BOSPHI-BOS,35,65,178,yes
1753224839290,1753224839,KXMLBGAME-25JUL22SDMIA-SD,26,74,51,yes
1753224852831,1753224852,KXMLBGAME-25JUL22BALCLE-CLE,72,28,1,yes
1753224853371,1753224853,KXMLBGAME-25JUL22CWSTB-CWS,33,67,14,yes
1753224856011,1753224855,KXMLBGAME-25JUL22CINWSH-CIN,58,42,50,yes
1753224859941,1753224859,KXMLBGAME-25JUL22DETPIT-PIT,51,49,7,yes
1753224860423,1753224860,KXMLBGAME-25JUL22DETPIT-DET,52,48,186,yes
1753224860616,1753224860,KXMLBGAME-25JUL22CWSTB-CWS,33,67,73,yes
1753224860616,1753224860,KXMLBGAME-25JUL22CWSTB-CWS,33,67,262,yes
1753224860730,1753224860,KXMLBGAME-25JUL22CINWSH-WSH,44,56,50,yes
1753224860730,1753224860,KXMLBGAME-25JUL22CINWSH-WSH,45,55,126,yes
1753224860750,1753224860,KXMLBGAME-25JUL22BALCLE-CLE,73,27,2,yes
1753224860791,1753224860,KXMLBGAME-25JUL22HOUARI-HOU,53,47,87,yes
1753224860791,1753224860,KXMLBGAME-25JUL22HOUARI-HOU,53,47,113,yes
1753224862453,1753224862,KXMLBGAME-25JUL22DETPIT-DET,52,48,27,yes
1753224864736,1753224864,KXMLBGAME-25JUL22DETPIT-PIT,51,49,189,yes
1753224865891,1753224865,KXMLBGAME-25JUL22BOSPHI-BOS,34,66,70,yes
1753224867830,1753224867,KXMLBGAME-25JUL22DETPIT-DET,52,48,36,yes
1753224869852,1753224869,KXMLBGAME-25JUL22BALCLE-BAL,30,70,79,yes
1753224870189,1753224870,KXMLBGAME-25JUL22BALCLE-CLE,73,27,4,yes
1753224870753,1753224870,KXMLBGAME-25JUL22LAANYM-LAA,40,60,11,yes
1753224871391,1753224871,KXMLBGAME-25JUL22DETPIT-DET,52,48,46,yes
1753224872831,1753224872,KXMLBGAME-25JUL22BOSPHI-BOS,34,66,14,yes
1753224874131,1753224874,KXMLBGAME-25JUL22STLCOL-STL,61,39,35,yes
1753224874451,1753224874,KXMLBGAME-25JUL22STLCOL-STL,61,39,5,yes
1753224875771,1753224875,KXMLBGAME-25JUL22BALCLE-BAL,30,70,162,yes
1753224876091,1753224876,KXMLBGAME-25JUL22SDMIA-SD,28,72,340,yes
1753224878332,1753224878,KXMLBGAME-25JUL22BALCLE-CLE,73,27,5,yes
1753224881294,1753224881,KXMLBGAME-25JUL22DETPIT-DET,52,48,21,yes
1753224882333,1753224882,KXMLBGAME-25JUL22BALCLE-CLE,71,29,2,yes
1753224885431,1753224885,KXMLBGAME-25JUL22SFATL-SF,49,51,47,yes
1753224885431,1753224885,KXMLBGAME-25JUL22SFATL-SF,49,51,408,yes
1753224885432,1753224885,KXMLBGAME-25JUL22SFATL-SF,49,51,136,yes
1753224885711,1753224885,KXMLBGAME-25JUL22DETPIT-DET,52,48,9,yes
1753224889693,1753224889,KXMLBGAME-25JUL22BALCLE-CLE,71,29,5,yes
1753224890510,1753224890,KXMLBGAME-25JUL22SDMIA-SD,28,72,37,yes
1753224890510,1753224890,KXMLBGAME-25JUL22SDMIA-SD,28,72,302,yes
1753224895271,1753224895,KXMLBGAME-25JUL22BALCLE-BAL,29,71,100,no
1753224895416,1753224895,KXMLBGAME-25JUL22SDMIA-SD,28,72,61,yes
1753224895431,1753224895,KXMLBGAME-25JUL22SDMIA-MIA,73,27,67,yes
1753224895553,1753224895,KXMLBGAME-25JUL22BOSPHI-BOS,35,65,54,yes
1753224895992,1753224895,KXMLBGAME-25JUL22MILSEA-MIL,47,53,10,yes
1753224897051,1753224897,KXMLBGAME-25JUL22BOSPHI-BOS,35,65,136,yes
1753224897625,1753224897,KXMLBGAME-25JUL22BALCLE-BAL,32,68,45,yes
1753224900011,1753224899,KXMLBGAME-25JUL22SDMIA-SD,28,72,137,yes
1753224900011,1753224899,KXMLBGAME-25JUL22SDMIA-SD,29,71,196,yes
1753224903910,1753224903,KXMLBGAME-25JUL22SDMIA-MIA,73,27,447,yes
1753224905572,1753224905,KXMLBGAME-25JUL22DETPIT-DET,52,48,234,yes
1753224906292,1753224906,KXMLBGAME-25JUL22BALCLE-BAL,32,68,42,yes
1753224906292,1753224906,KXMLBGAME-25JUL22BALCLE-BAL,32,68,107,yes
1753224915236,1753224915,KXMLBGAME-25JUL22BOSPHI-PHI,66,34,73,yes
1753224918450,1753224918,KXMLBGAME-25JUL22SDMIA-SD,29,71,104,yes
1753224918450,1753224918,KXMLBGAME-25JUL22SDMIA-SD,29,71,459,yes
1753224930133,1753224930,KXMLBGAME-25JUL22SDMIA-MIA,73,27,535,yes
1753224930133,1753224930,KXMLBGAME-25JUL22SDMIA-MIA,73,27,2,yes
1753224931433,1753224931,KXMLBGAME-25JUL22BALCLE-BAL,32,68,24,yes
1753224932095,1753224932,KXMLBGAME-25JUL22SDMIA-MIA,73,27,125,yes
1753224932095,1753224932,KXMLBGAME-25JUL22SDMIA-MIA,74,26,9,yes
1753224934129,1753224934,KXMLBGAME-25JUL22BOSPHI-PHI,66,34,916,yes
1753224934671,1753224934,KXMLBGAME-25JUL22NYYTOR-NYY,49,51,43,yes
1753224941639,1753224941,KXMLBGAME-25JUL22BALCLE-CLE,71,29,69,yes
1753224941731,1753224941,KXMLBGAME-25JUL22BALCLE-BAL,32,68,86,yes
1753224945128,1753224944,KXMLBGAME-25JUL22DETPIT-DET,51,49,568,yes
1753224945511,1753224945,KXMLBGAME-25JUL22DETPIT-PIT,51,49,1,yes
1753224949532,1753224949,KXMLBGAME-25JUL22SDMIA-MIA,74,26,5,yes
1753224952417,1753224952,KXMLBGAME-25JUL22KCCHC-CHC,70,30,13,yes
1753224956592,1753224956,KXMLBGAME-25JUL22DETPIT-PIT,51,49,18,yes
1753224959210,1753224959,KXMLBGAME-25JUL22BALCLE-BAL,32,68,58,yes
1753224959733,1753224959,KXMLBGAME-25JUL22BOSPHI-PHI,69,31,105,yes
1753224959733,1753224959,KXMLBGAME-25JUL22BOSPHI-PHI,71,29,300,yes
1753224959733,1753224959,KXMLBGAME-25JUL22BOSPHI-PHI,71,29,200,yes
1753224959733,1753224959,KXMLBGAME-25JUL22BOSPHI-PHI,71,29,502,yes
1753224968090,1753224967,KXMLBGAME-25JUL22SDMIA-MIA,74,26,286,yes
1753224968090,1753224967,KXMLBGAME-25JUL22SDMIA-MIA,74,26,200,yes
1753224968090,1753224967,KXMLBGAME-25JUL22SDMIA-MIA,74,26,300,yes
1753224968090,1753224967,KXMLBGAME-25JUL22SDMIA-MIA,74,26,198,yes
1753224968969,1753224968,KXMLBGAME-25JUL22BOSPHI-BOS,30,70,600,yes
1753224968969,1753224968,KXMLBGAME-25JUL22BOSPHI-BOS,30,70,300,yes
1753224969491,1753224969,KXMLBGAME-25JUL22BOSPHI-BOS,30,70,34,no
1753224972072,1753224972,KXMLBGAME-25JUL22SDMIA-SD,28,72,17,yes
1753224972292,1753224972,KXMLBGAME-25JUL22BALCLE-CLE,71,29,13,yes
1753224972411,1753224972,KXMLBGAME-25JUL22MINLAD-MIN,32,68,10,no
1753224975450,1753224975,KXMLBGAME-25JUL22MINLAD-LAD,66,34,14,yes
1753224975552,1753224975,KXMLBGAME-25JUL22NYYTOR-NYY,49,51,27,yes
1753224979270,1753224979,KXMLBGAME-25JUL22MILSEA-MIL,47,53,41,yes
1753224979811,1753224979,KXMLBGAME-25JUL22BOSPHI-PHI,71,29,600,yes
1753224979811,1753224979,KXMLBGAME-25JUL22BOSPHI-PHI,71,29,500,yes
1753224979811,1753224979,KXMLBGAME-25JUL22BOSPHI-PHI,72,28,87,yes
1753224979811,1753224979,KXMLBGAME-25JUL22BOSPHI-PHI,72,28,200,yes
1753224979811,1753224979,KXMLBGAME-25JUL22BOSPHI-PHI,72,28,138,yes
1753224984191,1753224984,KXMLBGAME-25JUL22CINWSH-WSH,47,53,23,yes
1753224984434,1753224984,KXMLBGAME-25JUL22BALCLE-BAL,32,68,14,yes
1753224984511,1753224984,KXMLBGAME-25JUL22BALCLE-CLE,71,29,34,yes
1753224985374,1753224985,KXMLBGAME-25JUL22NYYTOR-NYY,49,51,35,yes
1753224988957,1753224988,KXMLBGAME-25JUL22BOSPHI-PHI,70,30,300,no
1753224989050,1753224988,KXMLBGAME-25JUL22BOSPHI-BOS,30,70,300,yes
1753224989629,1753224989,KXMLBGAME-25JUL22SDMIA-MIA,74,26,11,yes
1753224989669,1753224989,KXMLBGAME-25JUL22DETPIT-DET,56,44,17,yes
1753224991612,1753224991,KXMLBGAME-25JUL22BOSPHI-BOS,31,69,15,yes
1753224993012,1753224992,KXMLBGAME-25JUL22BALCLE-CLE,71,29,49,yes
1753224994479,1753224994,KXMLBGAME-25JUL22SDMIA-SD,28,72,67,yes
1753224999951,1753224999,KXMLBGAME-25JUL22SDMIA-SD,28,72,116,yes
1753224999951,1753224999,KXMLBGAME-25JUL22SDMIA-SD,28,72,300,yes
1753224999951,1753224999,KXMLBGAME-25JUL22SDMIA-SD,28,72,313,yes
1753225000691,1753225000,KXMLBGAME-25JUL22BALCLE-CLE,71,29,428,yes
1753225000691,1753225000,KXMLBGAME-25JUL22BALCLE-CLE,71,29,85,yes
1753225000691,1753225000,KXMLBGAME-25JUL22BALCLE-CLE,71,29,203,yes
1753225001930,1753225001,KXMLBGAME-25JUL22MILSEA-MIL,47,53,28,yes
1753225005194,1753225005,KXMLBGAME-25JUL22BOSPHI-PHI,69,31,21,yes
1753225005853,1753225005,KXMLBGAME-25JUL22SDMIA-MIA,74,26,1,yes
1753225008031,1753225007,KXMLBGAME-25JUL22LAANYM-NYM,61,39,1,yes
1753225014149,1753225014,KXMLBGAME-25JUL22BOSPHI-PHI,68,32,300,no
1753225014149,1753225014,KXMLBGAME-25JUL22BOSPHI-PHI,68,32,87,no
1753225014250,1753225014,KXMLBGAME-25JUL22BOSPHI-BOS,32,68,87,yes
1753225018170,1753225018,KXMLBGAME-25JUL22KCCHC-CHC,70,30,69,yes
1753225019689,1753225019,KXMLBGAME-25JUL22BALCLE-CLE,70,30,85,yes
1753225019689,1753225019,KXMLBGAME-25JUL22BALCLE-CLE,71,29,97,yes
1753225019689,1753225019,KXMLBGAME-25JUL22BALCLE-CLE,71,29,200,yes
1753225019689,1753225019,KXMLBGAME-25JUL22BALCLE-CLE,71,29,300,yes
1753225019689,1753225019,KXMLBGAME-25JUL22BALCLE-CLE,71,29,423,yes
1753225021511,1753225021,KXMLBGAME-25JUL22SDMIA-SD,28,72,20,yes
1753225024632,1753225024,KXMLBGAME-25JUL22BALCLE-BAL,31,69,9,no
1753225025731,1753225025,KXMLBGAME-25JUL22CINWSH-WSH,47,53,12,yes
1753225026350,1753225026,KXMLBGAME-25JUL22BOSPHI-BOS,34,66,22,yes
1753225030351,1753225030,KXMLBGAME-25JUL22DETPIT-DET,56,44,382,yes
1753225032733,1753225032,KXMLBGAME-25JUL22SDMIA-SD,29,71,28,yes
1753225032733,1753225032,KXMLBGAME-25JUL22SDMIA-SD,29,71,300,yes
1753225032733,1753225032,KXMLBGAME-25JUL22SDMIA-SD,30,70,200,yes
1753225032733,1753225032,KXMLBGAME-25JUL22SDMIA-SD,30,70,300,yes
1753225032733,1753225032,KXMLBGAME-25JUL22SDMIA-SD,30,70,600,yes
1753225032733,1753225032,KXMLBGAME-25JUL22SDMIA-SD,30,70,1787,yes
1753225034071,1753225034,KXMLBGAME-25JUL22SDMIA-MIA,72,28,27,yes
1753225035091,1753225035,KXMLBGAME-25JUL22SDMIA-MIA,72,28,13,yes
1753225035310,1753225035,KXMLBGAME-25JUL22SDMIA-MIA,72,28,160,yes
1753225035310,1753225035,KXMLBGAME-25JUL22SDMIA-MIA,72,28,112,yes
1753225035390,1753225035,KXMLBGAME-25JUL22BOSPHI-PHI,68,32,87,yes
1753225035390,1753225035,KXMLBGAME-25JUL22BOSPHI-PHI,68,32,272,yes
1753225036331,1753225036,KXMLBGAME-25JUL22SFATL-SF,48,52,2,yes
1753225037232,1753225037,KXMLBGAME-25JUL22NYYTOR-NYY,49,51,54,yes
1753225037232,1753225037,KXMLBGAME-25JUL22NYYTOR-NYY,49,51,442,yes
1753225039209,1753225039,KXMLBGAME-25JUL22BALCLE-BAL,32,68,11,yes
1753225039209,1753225039,KXMLBGAME-25JUL22BALCLE-BAL,32,68,3,yes
1753225042772,1753225042,KXMLBGAME-25JUL22SDMIA-SD,29,71,6,yes
1753225043332,1753225043,KXMLBGAME-25JUL22BALCLE-BAL,31,69,16,no
1753225044031,1753225043,KXMLBGAME-25JUL22DETPIT-DET,56,44,500,yes
1753225044031,1753225043,KXMLBGAME-25JUL22DETPIT-DET,57,43,63,yes
1753225044031,1753225043,KXMLBGAME-25JUL22DETPIT-DET,57,43,126,yes
1753225044953,1753225044,KXMLBGAME-25JUL22SDMIA-SD,29,71,15,yes
1753225044953,1753225044,KXMLBGAME-25JUL22SDMIA-SD,29,71,4,yes
1753225044953,1753225044,KXMLBGAME-25JUL22SDMIA-SD,30,70,299,yes
1753225048331,1753225048,KXMLBGAME-25JUL22SDMIA-MIA,72,28,4,yes
1753225050991,1753225050,KXMLBGAME-25JUL22SDMIA-SD,29,71,14,yes
1753225050991,1753225050,KXMLBGAME-25JUL22SDMIA-SD,30,70,18,yes
1753225055424,1753225055,KXMLBGAME-25JUL22SDMIA-MIA,72,28,10,yes
1753225058430,1753225058,KXMLBGAME-25JUL22BOSPHI-PHI,68,32,30,yes
1753225058911,1753225058,KXMLBGAME-25JUL22SDMIA-SD,29,71,11,yes
1753225058911,1753225058,KXMLBGAME-25JUL22SDMIA-SD,30,70,942,yes
1753225058971,1753225058,KXMLBGAME-25JUL22KCCHC-CHC,70,30,1,yes
1753225060751,1753225060,KXMLBGAME-25JUL22SDMIA-MIA,71,29,8,no
1753225060751,1753225060,KXMLBGAME-25JUL22SDMIA-MIA,70,30,300,no
1753225060751,1753225060,KXMLBGAME-25JUL22SDMIA-MIA,70,30,1000,no
1753225069711,1753225069,KXMLBGAME-25JUL22SDMIA-MIA,71,29,6,no
1753225071092,1753225071,KXMLBGAME-25JUL22SDMIA-SD,30,70,11,yes
1753225077309,1753225077,KXMLBGAME-25JUL22DETPIT-PIT,46,54,2,yes
1753225077419,1753225077,KXMLBGAME-25JUL22BALCLE-CLE,73,27,26,yes
1753225078011,1753225077,KXMLBGAME-25JUL22NYYTOR-TOR,52,48,1581,yes
1753225078011,1753225077,KXMLBGAME-25JUL22NYYTOR-TOR,52,48,423,yes
1753225078011,1753225077,KXMLBGAME-25JUL22NYYTOR-TOR,52,48,786,yes
1753225080732,1753225080,KXMLBGAME-25JUL22HOUARI-HOU,53,47,500,yes
1753225080732,1753225080,KXMLBGAME-25JUL22HOUARI-HOU,54,46,405,yes
1753225082114,1753225082,KXMLBGAME-25JUL22SDMIA-MIA,69,31,14,yes
1753225082811,1753225082,KXMLBGAME-25JUL22BALCLE-BAL,28,72,170,yes
1753225083476,1753225083,KXMLBGAME-25JUL22BALCLE-BAL,28,72,27,yes
1753225084015,1753225083,KXMLBGAME-25JUL22SDMIA-MIA,67,33,300,no
1753225084015,1753225083,KXMLBGAME-25JUL22SDMIA-MIA,66,34,1447,no
1753225084990,1753225084,KXMLBGAME-25JUL22SDMIA-MIA,69,31,12,yes
1753225088113,1753225088,KXMLBGAME-25JUL22SDMIA-SD,32,68,14,yes
1753225090633,1753225090,KXMLBGAME-25JUL22DETPIT-DET,57,43,174,yes
1753225090633,1753225090,KXMLBGAME-25JUL22DETPIT-DET,57,43,81,yes
1753225091631,1753225091,KXMLBGAME-25JUL22NYYTOR-TOR,52,48,19,yes
1753225092535,1753225092,KXMLBGAME-25JUL22NYYTOR-TOR,52,48,9,yes
1753225097053,1753225097,KXMLBGAME-25JUL22BALCLE-BAL,27,73,9,no
1753225097835,1753225097,KXMLBGAME-25JUL22SDMIA-SD,32,68,89,yes
1753225098232,1753225098,KXMLBGAME-25JUL22DETPIT-DET,57,43,25,yes
1753225102371,1753225102,KXMLBGAME-25JUL22BOSPHI-BOS,33,67,423,yes
1753225102371,1753225102,KXMLBGAME-25JUL22BOSPHI-BOS,33,67,378,yes
1753225102371,1753225102,KXMLBGAME-25JUL22BOSPHI-BOS,33,67,212,yes
1753225105071,1753225105,KXMLBGAME-25JUL22NYYTOR-NYY,49,51,98,yes
1753225107632,1753225107,KXMLBGAME-25JUL22DETPIT-DET,56,44,177,yes
1753225115870,1753225115,KXMLBGAME-25JUL22SFATL-ATL,53,47,9,yes
1753225117254,1753225117,KXMLBGAME-25JUL22CWSTB-CWS,33,67,11,yes
1753225117254,1753225117,KXMLBGAME-25JUL22CWSTB-CWS,33,67,54,yes
1753225117254,1753225117,KXMLBGAME-25JUL22CWSTB-CWS,33,67,963,yes
1753225117570,1753225117,KXMLBGAME-25JUL22CINWSH-CIN,57,43,17,yes
1753225119301,1753225119,KXMLBGAME-25JUL22SDMIA-SD,32,68,149,yes
1753225119530,1753225119,KXMLBGAME-25JUL22DETPIT-PIT,46,54,209,yes
1753225125711,1753225125,KXMLBGAME-25JUL22SDMIA-SD,32,68,5,yes
1753225126410,1753225126,KXMLBGAME-25JUL22BOSPHI-BOS,34,66,42,yes
1753225129972,1753225129,KXMLBGAME-25JUL22MILSEA-SEA,54,46,37,yes
1753225131913,1753225131,KXMLBGAME-25JUL22BOSPHI-BOS,34,66,140,yes
1753225133144,1753225132,KXMLBGAME-25JUL22CINWSH-CIN,57,43,70,yes
1753225133144,1753225132,KXMLBGAME-25JUL22CINWSH-CIN,57,43,23,yes
1753225133144,1753225132,KXMLBGAME-25JUL22CINWSH-CIN,57,43,12,yes
1753225133144,1753225132,KXMLBGAME-25JUL22CINWSH-CIN,57,43,13,yes
1753225133144,1753225132,KXMLBGAME-25JUL22CINWSH-CIN,58,42,4,yes
1753225135492,1753225135,KXMLBGAME-25JUL22SDMIA-MIA,70,30,13,yes
1753225137900,1753225137,KXMLBGAME-25JUL22CINWSH-CIN,57,43,1,yes
1753225143389,1753225143,KXMLBGAME-25JUL22BOSPHI-PHI,67,33,89,yes
1753225143529,1753225143,KXMLBGAME-25JUL22CINWSH-WSH,46,54,167,yes
1753225149973,1753225149,KXMLBGAME-25JUL22DETPIT-PIT,43,57,300,no
1753225149973,1753225149,KXMLBGAME-25JUL22DETPIT-PIT,43,57,47,no
1753225149973,1753225149,KXMLBGAME-25JUL22DETPIT-DET,57,43,47,yes
1753225152070,1753225152,KXMLBGAME-25JUL22CWSTB-CWS,33,67,14,yes
1753225152851,1753225152,KXMLBGAME-25JUL22BALCLE-CLE,73,27,13,yes
1753225154251,1753225154,KXMLBGAME-25JUL22SDMIA-SD,29,71,164,yes
1753225155593,1753225155,KXMLBGAME-25JUL22SDMIA-SD,29,71,1,yes
1753225162570,1753225162,KXMLBGAME-25JUL22CINWSH-WSH,45,55,21,yes
1753225163246,1753225163,KXMLBGAME-25JUL22DETPIT-PIT,39,61,1,yes
1753225163691,1753225163,KXMLBGAME-25JUL22DETPIT-PIT,39,61,1,yes
1753225163730,1753225163,KXMLBGAME-25JUL22DETPIT-PIT,39,61,1,yes
1753225167169,1753225167,KXMLBGAME-25JUL22DETPIT-DET,62,38,9,yes
1753225169268,1753225169,KXMLBGAME-25JUL22DETPIT-PIT,39,61,1,yes
1753225169268,1753225169,KXMLBGAME-25JUL22DETPIT-PIT,39,61,1,yes
1753225170351,1753225170,KXMLBGAME-25JUL22DETPIT-DET,62,38,78,yes
1753225173170,1753225173,KXMLBGAME-25JUL22SDMIA-SD,29,71,32,yes
1753225173312,1753225173,KXMLBGAME-25JUL22SDMIA-MIA,72,28,136,yes
1753225184369,1753225184,KXMLBGAME-25JUL22SDMIA-MIA,72,28,6,yes
1753225184369,1753225184,KXMLBGAME-25JUL22SDMIA-MIA,74,26,27,yes
1753225185234,1753225185,KXMLBGAME-25JUL22CINWSH-WSH,45,55,1,yes
1753225187672,1753225187,KXMLBGAME-25JUL22BALCLE-CLE,73,27,1,yes
1753225198111,1753225198,KXMLBGAME-25JUL22SDMIA-SD,26,74,1,no
1753225198292,1753225198,KXMLBGAME-25JUL22BOSPHI-PHI,72,28,9,yes
1753225201632,1753225201,KXMLBGAME-25JUL22DETPIT-DET,65,35,3,yes
1753225202056,1753225201,KXMLBGAME-25JUL22MILSEA-MIL,47,53,20,yes
1753225208573,1753225208,KXMLBGAME-25JUL22SDMIA-MIA,74,26,13,yes
1753225214811,1753225214,KXMLBGAME-25JUL22SDMIA-SD,27,73,100,yes
1753225216870,1753225216,KXMLBGAME-25JUL22DETPIT-DET,58,42,8,yes
1753225225709,1753225225,KXMLBGAME-25JUL22SDMIA-SD,27,73,70,yes
1753225227922,1753225227,KXMLBGAME-25JUL22BALCLE-CLE,73,27,13,yes
1753225228911,1753225228,KXMLBGAME-25JUL22BOSPHI-PHI,73,27,76,yes
1753225230710,1753225230,KXMLBGAME-25JUL22MINLAD-LAD,66,34,73,yes
1753225234290,1753225234,KXMLBGAME-25JUL22DETPIT-DET,57,43,39,yes
1753225235632,1753225235,KXMLBGAME-25JUL22DETPIT-DET,57,43,268,yes
1753225235632,1753225235,KXMLBGAME-25JUL22DETPIT-DET,58,42,292,yes
1753225235632,1753225235,KXMLBGAME-25JUL22DETPIT-DET,59,41,200,yes
1753225235632,1753225235,KXMLBGAME-25JUL22DETPIT-DET,59,41,300,yes
1753225235632,1753225235,KXMLBGAME-25JUL22DETPIT-DET,59,41,500,yes
1753225235632,1753225235,KXMLBGAME-25JUL22DETPIT-DET,60,40,600,yes
1753225235632,1753225235,KXMLBGAME-25JUL22DETPIT-DET,60,40,1931,yes
1753225237050,1753225237,KXMLBGAME-25JUL22BOSPHI-PHI,73,27,6,yes
1753225237131,1753225237,KXMLBGAME-25JUL22LAANYM-LAA,40,60,39,yes
1753225237731,1753225237,KXMLBGAME-25JUL22BOSPHI-PHI,73,27,18,yes
1753225237731,1753225237,KXMLBGAME-25JUL22BOSPHI-PHI,73,27,183,yes
1753225247410,1753225247,KXMLBGAME-25JUL22BOSPHI-BOS,28,72,3,yes
1753225250051,1753225249,KXMLBGAME-25JUL22SDMIA-SD,37,63,25,yes
1753225253755,1753225253,KXMLBGAME-25JUL22DETPIT-DET,59,41,300,yes
1753225253755,1753225253,KXMLBGAME-25JUL22DETPIT-DET,59,41,500,yes
1753225253755,1753225253,KXMLBGAME-25JUL22DETPIT-DET,60,40,200,yes
1753225253755,1753225253,KXMLBGAME-25JUL22DETPIT-DET,60,40,600,yes
1753225253755,1753225253,KXMLBGAME-25JUL22DETPIT-DET,60,40,500,yes
1753225253755,1753225253,KXMLBGAME-25JUL22DETPIT-DET,61,39,25,yes
1753225253755,1753225253,KXMLBGAME-25JUL22DETPIT-DET,61,39,300,yes
1753225253755,1753225253,KXMLBGAME-25JUL22DETPIT-DET,61,39,200,yes
1753225253755,1753225253,KXMLBGAME-25JUL22DETPIT-DET,61,39,750,yes
1753225253755,1753225253,KXMLBGAME-25JUL22DETPIT-DET,61,39,2000,yes
1753225253755,1753225253,KXMLBGAME-25JUL22DETPIT-DET,61,39,600,yes
1753225253755,1753225253,KXMLBGAME-25JUL22DETPIT-DET,62,38,300,yes
1753225253756,1753225253,KXMLBGAME-25JUL22DETPIT-DET,65,35,49,yes
1753225253756,1753225253,KXMLBGAME-25JUL22DETPIT-DET,65,35,10,yes
1753225253756,1753225253,KXMLBGAME-25JUL22DETPIT-DET,68,32,300,yes
1753225253756,1753225253,KXMLBGAME-25JUL22DETPIT-DET,69,31,1,yes
1753225253756,1753225253,KXMLBGAME-25JUL22DETPIT-DET,72,28,3000,yes
1753225253756,1753225253,KXMLBGAME-25JUL22DETPIT-DET,73,27,100,yes
1753225253756,1753225253,KXMLBGAME-25JUL22DETPIT-DET,75,25,100,yes
1753225253756,1753225253,KXMLBGAME-25JUL22DETPIT-DET,80,20,100,yes
1753225253756,1753225253,KXMLBGAME-25JUL22DETPIT-DET,82,18,1,yes
1753225253756,1753225253,KXMLBGAME-25JUL22DETPIT-DET,84,16,100,yes
1753225253756,1753225253,KXMLBGAME-25JUL22DETPIT-DET,85,15,244,yes
1753225253756,1753225253,KXMLBGAME-25JUL22DETPIT-DET,85,15,100,yes
1753225253756,1753225253,KXMLBGAME-25JUL22DETPIT-DET,86,14,33,yes
1753225253910,1753225253,KXMLBGAME-25JUL22NYYTOR-TOR,52,48,40,yes
1753225253992,1753225253,KXMLBGAME-25JUL22CINWSH-CIN,64,36,9,yes
1753225256612,1753225256,KXMLBGAME-25JUL22SDMIA-SD,29,71,1,yes
1753225257773,1753225257,KXMLBGAME-25JUL22BOSPHI-BOS,29,71,87,yes
1753225257773,1753225257,KXMLBGAME-25JUL22BOSPHI-BOS,30,70,74,yes
1753225258510,1753225258,KXMLBGAME-25JUL22NYYTOR-TOR,52,48,111,yes
1753225258691,1753225258,KXMLBGAME-25JUL22NYYTOR-TOR,52,48,558,yes
1753225260371,1753225260,KXMLBGAME-25JUL22DETPIT-DET,60,40,79,yes
1753225268676,1753225268,KXMLBGAME-25JUL22BALCLE-CLE,73,27,28,yes
1753225269052,1753225269,KXMLBGAME-25JUL22BALCLE-BAL,25,75,10,no
1753225269052,1753225269,KXMLBGAME-25JUL22BALCLE-BAL,25,75,18,no
1753225269111,1753225269,KXMLBGAME-25JUL22SDMIA-SD,26,74,1,no
1753225269249,1753225269,KXMLBGAME-25JUL22SDMIA-SD,29,71,6,yes
1753225278790,1753225278,KXMLBGAME-25JUL22BOSPHI-BOS,30,70,120,yes
1753225280091,1753225280,KXMLBGAME-25JUL22SDMIA-SD,29,71,36,yes
1753225282890,1753225282,KXMLBGAME-25JUL22SDMIA-SD,29,71,3,yes
1753225287633,1753225287,KXMLBGAME-25JUL22KCCHC-CHC,70,30,20,yes
1753225289231,1753225289,KXMLBGAME-25JUL22BOSPHI-PHI,71,29,6,yes
1753225290933,1753225290,KXMLBGAME-25JUL22BOSPHI-PHI,71,29,9,yes
1753225298773,1753225298,KXMLBGAME-25JUL22BOSPHI-BOS,30,70,180,yes
1753225298773,1753225298,KXMLBGAME-25JUL22BOSPHI-BOS,31,69,65,yes
1753225298773,1753225298,KXMLBGAME-25JUL22BOSPHI-BOS,32,68,200,yes
1753225298773,1753225298,KXMLBGAME-25JUL22BOSPHI-BOS,32,68,600,yes
1753225298773,1753225298,KXMLBGAME-25JUL22BOSPHI-BOS,32,68,300,yes
1753225298773,1753225298,KXMLBGAME-25JUL22BOSPHI-BOS,33,67,200,yes
1753225298773,1753225298,KXMLBGAME-25JUL22BOSPHI-BOS,33,67,300,yes
1753225298773,1753225298,KXMLBGAME-25JUL22BOSPHI-BOS,34,66,500,yes
1753225298773,1753225298,KXMLBGAME-25JUL22BOSPHI-BOS,34,66,2000,yes
1753225298773,1753225298,KXMLBGAME-25JUL22BOSPHI-BOS,35,65,600,yes
1753225298774,1753225298,KXMLBGAME-25JUL22BOSPHI-BOS,35,65,500,yes
1753225298774,1753225298,KXMLBGAME-25JUL22BOSPHI-BOS,36,64,750,yes
1753225298774,1753225298,KXMLBGAME-25JUL22BOSPHI-BOS,38,62,300,yes
1753225298774,1753225298,KXMLBGAME-25JUL22BOSPHI-BOS,41,59,39,yes
1753225298774,1753225298,KXMLBGAME-25JUL22BOSPHI-BOS,47,53,15,yes
1753225298774,1753225298,KXMLBGAME-25JUL22BOSPHI-BOS,60,40,25,yes
1753225298774,1753225298,KXMLBGAME-25JUL22BOSPHI-BOS,65,35,52,yes
1753225298774,1753225298,KXMLBGAME-25JUL22BOSPHI-BOS,65,35,10,yes
1753225298774,1753225298,KXMLBGAME-25JUL22BOSPHI-BOS,70,30,569,yes
1753225300511,1753225300,KXMLBGAME-25JUL22SDMIA-MIA,74,26,29,yes
1753225301284,1753225301,KXMLBGAME-25JUL22BOSPHI-BOS,31,69,1,yes
1753225303290,1753225303,KXMLBGAME-25JUL22SDMIA-SD,28,72,6,yes
1753225303290,1753225303,KXMLBGAME-25JUL22MILSEA-MIL,47,53,21,yes
1753225303330,1753225303,KXMLBGAME-25JUL22ATHTEX-ATH,34,66,19,yes
1753225307488,1753225307,KXMLBGAME-25JUL22BALCLE-CLE,73,27,6,yes
1753225308168,1753225308,KXMLBGAME-25JUL22DETPIT-DET,55,45,17,yes
1753225309909,1753225309,KXMLBGAME-25JUL22KCCHC-KC,31,69,30,yes
1753225310299,1753225310,KXMLBGAME-25JUL22DETPIT-PIT,45,55,33,no
1753225310750,1753225310,KXMLBGAME-25JUL22DETPIT-DET,55,45,100,yes
1753225312251,1753225312,KXMLBGAME-25JUL22DETPIT-PIT,46,54,20,yes
1753225317330,1753225317,KXMLBGAME-25JUL22DETPIT-PIT,46,54,1,yes
1753225317532,1753225317,KXMLBGAME-25JUL22SDMIA-MIA,74,26,87,yes
1753225317532,1753225317,KXMLBGAME-25JUL22SDMIA-MIA,75,25,108,yes
1753225318250,1753225318,KXMLBGAME-25JUL22SFATL-SF,48,52,25,yes
1753225319210,1753225319,KXMLBGAME-25JUL22BALCLE-CLE,73,27,2,yes
1753225323170,1753225323,KXMLBGAME-25JUL22BALCLE-CLE,74,26,1,yes
1753225323850,1753225323,KXMLBGAME-25JUL22DETPIT-PIT,45,55,21,yes
1753225324028,1753225323,KXMLBGAME-25JUL22DETPIT-PIT,45,55,66,yes
1753225324029,1753225323,KXMLBGAME-25JUL22DETPIT-PIT,45,55,21,yes
1753225324916,1753225324,KXMLBGAME-25JUL22HOUARI-ARI,47,53,182,no
1753225329269,1753225329,KXMLBGAME-25JUL22SFATL-SF,48,52,12,yes
1753225333431,1753225332,KXMLBGAME-25JUL22DETPIT-DET,55,45,864,yes
1753225333509,1753225333,KXMLBGAME-25JUL22NYYTOR-TOR,52,48,9,yes
1753225333611,1753225333,KXMLBGAME-25JUL22SFATL-ATL,53,47,91,yes
1753225334433,1753225334,KXMLBGAME-25JUL22BALCLE-BAL,26,74,3,yes
1753225334433,1753225334,KXMLBGAME-25JUL22BALCLE-BAL,26,74,11,yes
1753225335432,1753225335,KXMLBGAME-25JUL22SDMIA-SD,28,72,200,yes
1753225335432,1753225335,KXMLBGAME-25JUL22SDMIA-SD,28,72,600,yes
1753225335432,1753225335,KXMLBGAME-25JUL22SDMIA-SD,29,71,8,yes
1753225335432,1753225335,KXMLBGAME-25JUL22SDMIA-SD,29,71,200,yes
1753225335432,1753225335,KXMLBGAME-25JUL22SDMIA-SD,29,71,4,yes
1753225335808,1753225335,KXMLBGAME-25JUL22BOSPHI-PHI,71,29,13,yes
1753225340030,1753225339,KXMLBGAME-25JUL22DETPIT-DET,54,46,300,no
1753225340030,1753225339,KXMLBGAME-25JUL22DETPIT-DET,54,46,87,no
1753225340612,1753225339,KXMLBGAME-25JUL22CINWSH-WSH,46,54,104,yes
1753225341211,1753225340,KXMLBGAME-25JUL22DETPIT-PIT,46,54,279,yes
1753225341211,1753225340,KXMLBGAME-25JUL22DETPIT-PIT,46,54,87,yes
1753225341532,1753225341,KXMLBGAME-25JUL22SDMIA-SD,29,71,214,yes
1753225343212,1753225343,KXMLBGAME-25JUL22SDMIA-SD,28,72,187,yes
1753225344135,1753225344,KXMLBGAME-25JUL22BALCLE-BAL,26,74,20,yes
1753225344211,1753225344,KXMLBGAME-25JUL22SFATL-SF,48,52,40,yes
1753225348134,1753225348,KXMLBGAME-25JUL22DETPIT-PIT,47,53,51,yes
1753225348355,1753225348,KXMLBGAME-25JUL22SDMIA-SD,28,72,341,yes
1753225353950,1753225353,KXMLBGAME-25JUL22CWSTB-CWS,33,67,20,yes
1753225355351,1753225355,KXMLBGAME-25JUL22BALCLE-BAL,26,74,1,yes
1753225356451,1753225356,KXMLBGAME-25JUL22SDMIA-SD,28,72,53,yes
1753225358369,1753225358,KXMLBGAME-25JUL22SDMIA-MIA,73,27,34,yes
1753225359151,1753225359,KXMLBGAME-25JUL22CWSTB-CWS,33,67,20,yes
1753225360251,1753225360,KXMLBGAME-25JUL22BALCLE-CLE,75,25,18,yes
1753225363970,1753225363,KXMLBGAME-25JUL22BOSPHI-PHI,75,25,100,yes
1753225365330,1753225365,KXMLBGAME-25JUL22SDMIA-SD,29,71,3,yes
1753225366271,1753225366,KXMLBGAME-25JUL22DETPIT-PIT,47,53,300,yes
1753225369251,1753225369,KXMLBGAME-25JUL22DETPIT-PIT,48,52,300,yes
1753225369251,1753225369,KXMLBGAME-25JUL22DETPIT-PIT,49,51,900,yes
1753225369251,1753225369,KXMLBGAME-25JUL22DETPIT-PIT,49,51,549,yes
1753225369251,1753225369,KXMLBGAME-25JUL22DETPIT-PIT,49,51,2000,yes
1753225369251,1753225369,KXMLBGAME-25JUL22DETPIT-PIT,49,51,600,yes
1753225369371,1753225369,KXMLBGAME-25JUL22KCCHC-KC,31,69,6,yes
1753225372512,1753225372,KXMLBGAME-25JUL22SDMIA-SD,29,71,19,yes
1753225372512,1753225372,KXMLBGAME-25JUL22SDMIA-SD,29,71,6,yes
1753225372512,1753225372,KXMLBGAME-25JUL22SDMIA-SD,29,71,2,yes
1753225372512,1753225372,KXMLBGAME-25JUL22SDMIA-SD,29,71,504,yes
1753225375144,1753225375,KXMLBGAME-25JUL22KCCHC-KC,31,69,15,yes
1753225376070,1753225376,KXMLBGAME-25JUL22NYYTOR-NYY,49,51,39,yes
1753225376411,1753225376,KXMLBGAME-25JUL22BALCLE-BAL,25,75,50,no
1753225376411,1753225376,KXMLBGAME-25JUL22BALCLE-BAL,24,76,55,no
1753225376411,1753225376,KXMLBGAME-25JUL22BALCLE-BAL,24,76,119,no
1753225382370,1753225382,KXMLBGAME-25JUL22MINLAD-LAD,66,34,14,yes
1753225382571,1753225382,KXMLBGAME-25JUL22BOSPHI-PHI,79,21,16,yes
1753225387449,1753225387,KXMLBGAME-25JUL22BOSPHI-BOS,22,78,43,yes
1753225387551,1753225387,KXMLBGAME-25JUL22BALCLE-BAL,26,74,36,yes
1753225388510,1753225388,KXMLBGAME-25JUL22SDMIA-SD,29,71,16,yes
1753225390892,1753225390,KXMLBGAME-25JUL22CWSTB-CWS,33,67,112,yes
1753225393091,1753225393,KXMLBGAME-25JUL22BALCLE-BAL,26,74,36,yes
1753225396771,1753225396,KXMLBGAME-25JUL22SDMIA-MIA,72,28,5,yes
1753225400151,1753225400,KXMLBGAME-25JUL22KCCHC-KC,31,69,11,yes
1753225408731,1753225408,KXMLBGAME-25JUL22BALCLE-BAL,24,76,49,no
1753225409090,1753225408,KXMLBGAME-25JUL22SDMIA-SD,25,75,25,no
1753225410291,1753225410,KXMLBGAME-25JUL22DETPIT-PIT,51,49,2,yes
1753225412532,1753225412,KXMLBGAME-25JUL22SDMIA-MIA,79,21,72,yes
1753225420551,1753225420,KXMLBGAME-25JUL22BALCLE-BAL,26,74,51,yes
1753225420689,1753225420,KXMLBGAME-25JUL22CWSTB-TB,68,32,30,yes
1753225421071,1753225421,KXMLBGAME-25JUL22SDMIA-SD,24,76,2,yes
1753225422838,1753225422,KXMLBGAME-25JUL22SDMIA-SD,24,76,19,yes
1753225425171,1753225425,KXMLBGAME-25JUL22KCCHC-CHC,70,30,2,yes
1753225431914,1753225431,KXMLBGAME-25JUL22HOUARI-HOU,54,46,150,yes
1753225432269,1753225432,KXMLBGAME-25JUL22SDMIA-MIA,77,23,12,yes
1753225433601,1753225433,KXMLBGAME-25JUL22SDMIA-SD,24,76,10,yes
1753225435251,1753225435,KXMLBGAME-25JUL22SDMIA-SD,24,76,269,yes
1753225435251,1753225435,KXMLBGAME-25JUL22SDMIA-SD,25,75,200,yes
1753225435251,1753225435,KXMLBGAME-25JUL22SDMIA-SD,25,75,491,yes
1753225435851,1753225435,KXMLBGAME-25JUL22NYYTOR-NYY,49,51,98,yes
1753225437310,1753225437,KXMLBGAME-25JUL22SDMIA-MIA,76,24,10,no
1753225438469,1753225438,KXMLBGAME-25JUL22BALCLE-CLE,75,25,2,yes
1753225440934,1753225440,KXMLBGAME-25JUL22LAANYM-LAA,41,59,47,yes
1753225443150,1753225443,KXMLBGAME-25JUL22DETPIT-DET,51,49,186,yes
1753225453271,1753225453,KXMLBGAME-25JUL22SDMIA-SD,24,76,300,yes
1753225453974,1753225453,KXMLBGAME-25JUL22CINWSH-CIN,53,47,36,yes
1753225455230,1753225455,KXMLBGAME-25JUL22HOUARI-HOU,54,46,8,yes
1753225456354,1753225456,KXMLBGAME-25JUL22BALCLE-BAL,26,74,47,yes
1753225460451,1753225460,KXMLBGAME-25JUL22SDMIA-SD,24,76,3,yes
1753225464050,1753225464,KXMLBGAME-25JUL22DETPIT-PIT,51,49,5,yes
1753225464050,1753225464,KXMLBGAME-25JUL22DETPIT-PIT,51,49,4,yes
1753225465051,1753225465,KXMLBGAME-25JUL22SFATL-ATL,53,47,45,yes
1753225469214,1753225469,KXMLBGAME-25JUL22BOSPHI-PHI,79,21,498,yes
1753225471934,1753225471,KXMLBGAME-25JUL22SFATL-ATL,53,47,8,yes
1753225472830,1753225472,KXMLBGAME-25JUL22DETPIT-DET,51,49,50,yes
1753225473050,1753225472,KXMLBGAME-25JUL22BOSPHI-BOS,22,78,50,yes
1753225475151,1753225475,KXMLBGAME-25JUL22SDMIA-SD,24,76,79,yes
1753225478130,1753225478,KXMLBGAME-25JUL22CINWSH-CIN,53,47,1,yes
1753225480251,1753225480,KXMLBGAME-25JUL22SDMIA-MIA,77,23,12,yes
1753225486470,1753225486,KXMLBGAME-25JUL22SDMIA-SD,24,76,1,yes
1753225487151,1753225487,KXMLBGAME-25JUL22KCCHC-KC,31,69,6,yes
1753225491173,1753225491,KXMLBGAME-25JUL22SDMIA-SD,24,76,79,yes
1753225492778,1753225492,KXMLBGAME-25JUL22SDMIA-SD,23,77,1,no
1753225497131,1753225497,KXMLBGAME-25JUL22MINLAD-LAD,66,34,162,yes
1753225497913,1753225497,KXMLBGAME-25JUL22SFATL-SF,48,52,2,yes
1753225499291,1753225499,KXMLBGAME-25JUL22CINWSH-CIN,53,47,18,yes
1753225500871,1753225500,KXMLBGAME-25JUL22NYYTOR-NYY,49,51,709,yes
1753225501669,1753225501,KXMLBGAME-25JUL22SDMIA-SD,22,78,1,no
1753225502652,1753225502,KXMLBGAME-25JUL22LAANYM-LAA,41,59,2,yes
1753225506210,1753225506,KXMLBGAME-25JUL22CINWSH-CIN,53,47,9,yes
1753225508134,1753225508,KXMLBGAME-25JUL22SDMIA-SD,24,76,39,yes
1753225508651,1753225508,KXMLBGAME-25JUL22BOSPHI-PHI,79,21,2,yes
1753225508651,1753225508,KXMLBGAME-25JUL22SDMIA-SD,24,76,1,yes
1753225512329,1753225512,KXMLBGAME-25JUL22NYYTOR-TOR,52,48,3,yes
1753225512512,1753225512,KXMLBGAME-25JUL22SDMIA-MIA,77,23,63,yes
1753225512512,1753225512,KXMLBGAME-25JUL22SDMIA-MIA,77,23,39,yes
1753225513989,1753225513,KXMLBGAME-25JUL22BOSPHI-PHI,79,21,64,yes
1753225513989,1753225513,KXMLBGAME-25JUL22BOSPHI-PHI,80,20,100,yes
1753225515680,1753225515,KXMLBGAME-25JUL22NYYTOR-NYY,49,51,614,yes
1753225515680,1753225515,KXMLBGAME-25JUL22NYYTOR-NYY,49,51,87,yes
1753225515680,1753225515,KXMLBGAME-25JUL22NYYTOR-NYY,49,51,185,yes
1753225515890,1753225515,KXMLBGAME-25JUL22BOSPHI-BOS,20,80,23,yes
1753225515890,1753225515,KXMLBGAME-25JUL22SDMIA-SD,24,76,39,yes
1753225519911,1753225519,KXMLBGAME-25JUL22SDMIA-SD,24,76,62,yes
1753225519911,1753225519,KXMLBGAME-25JUL22SDMIA-SD,24,76,100,yes
1753225519911,1753225519,KXMLBGAME-25JUL22SDMIA-SD,25,75,31,yes
1753225525050,1753225525,KXMLBGAME-25JUL22BALCLE-BAL,28,72,6,yes
1753225527332,1753225527,KXMLBGAME-25JUL22STLCOL-STL,61,39,36,yes
1753225527696,1753225527,KXMLBGAME-25JUL22SFATL-ATL,53,47,652,yes
1753225527696,1753225527,KXMLBGAME-25JUL22SFATL-ATL,53,47,170,yes
1753225527968,1753225527,KXMLBGAME-25JUL22DETPIT-DET,60,40,162,yes
1753225528214,1753225528,KXMLBGAME-25JUL22BOSPHI-PHI,82,18,12,yes
1753225530791,1753225530,KXMLBGAME-25JUL22SFATL-ATL,53,47,1,yes
1753225531329,1753225531,KXMLBGAME-25JUL22SFATL-SF,48,52,241,yes
1753225534653,1753225534,KXMLBGAME-25JUL22BOSPHI-BOS,20,80,1666,yes
1753225534729,1753225534,KXMLBGAME-25JUL22BOSPHI-PHI,80,20,2087,no
1753225534790,1753225534,KXMLBGAME-25JUL22BOSPHI-PHI,80,20,2108,no
1753225534869,1753225534,KXMLBGAME-25JUL22BOSPHI-BOS,20,80,2087,yes
1753225534949,1753225534,KXMLBGAME-25JUL22BOSPHI-PHI,80,20,1666,no
1753225535031,1753225534,KXMLBGAME-25JUL22BOSPHI-BOS,20,80,2108,yes
1753225535071,1753225535,KXMLBGAME-25JUL22BOSPHI-PHI,79,21,300,no
1753225535331,1753225535,KXMLBGAME-25JUL22ATHTEX-TEX,68,32,14,yes
1753225535331,1753225535,KXMLBGAME-25JUL22ATHTEX-TEX,68,32,3,yes
1753225535331,1753225535,KXMLBGAME-25JUL22ATHTEX-TEX,68,32,409,yes
1753225535331,1753225535,KXMLBGAME-25JUL22ATHTEX-TEX,68,32,2000,yes
1753225535331,1753225535,KXMLBGAME-25JUL22ATHTEX-TEX,68,32,1,yes
1753225535331,1753225535,KXMLBGAME-25JUL22ATHTEX-TEX,68,32,1,yes
1753225535331,1753225535,KXMLBGAME-25JUL22ATHTEX-TEX,68,32,8,yes
1753225535331,1753225535,KXMLBGAME-25JUL22ATHTEX-TEX,68,32,1400,yes
1753225535331,1753225535,KXMLBGAME-25JUL22ATHTEX-TEX,68,32,2,yes
1753225535331,1753225535,KXMLBGAME-25JUL22ATHTEX-TEX,68,32,14,yes
1753225535331,1753225535,KXMLBGAME-25JUL22ATHTEX-TEX,68,32,56,yes
1753225535331,1753225535,KXMLBGAME-25JUL22ATHTEX-TEX,68,32,1845,yes
1753225539490,1753225539,KXMLBGAME-25JUL22BOSPHI-BOS,24,76,4042,yes
1753225539490,1753225539,KXMLBGAME-25JUL22BOSPHI-BOS,24,76,958,yes
1753225540890,1753225540,KXMLBGAME-25JUL22BOSPHI-BOS,22,78,12,yes
1753225541368,1753225541,KXMLBGAME-25JUL22BOSPHI-BOS,22,78,8,yes
1753225541831,1753225541,KXMLBGAME-25JUL22BOSPHI-BOS,22,78,1,yes
1753225542092,1753225542,KXMLBGAME-25JUL22CINWSH-CIN,53,47,36,yes
1753225542171,1753225542,KXMLBGAME-25JUL22SDMIA-SD,24,76,38,yes
1753225543190,1753225543,KXMLBGAME-25JUL22BOSPHI-PHI,76,24,1,yes
1753225546852,1753225546,KXMLBGAME-25JUL22NYYTOR-TOR,52,48,1,yes
1753225547233,1753225547,KXMLBGAME-25JUL22SDMIA-SD,24,76,19,yes
1753225551532,1753225551,KXMLBGAME-25JUL22BOSPHI-PHI,77,23,87,yes
1753225551532,1753225551,KXMLBGAME-25JUL22BOSPHI-PHI,77,23,40,yes
1753225551816,1753225551,KXMLBGAME-25JUL22BOSPHI-BOS,24,76,9,yes
1753225554291,1753225554,KXMLBGAME-25JUL22LAANYM-NYM,61,39,39,yes
1753225557975,1753225557,KXMLBGAME-25JUL22KCCHC-CHC,70,30,5000,yes
1753225557975,1753225557,KXMLBGAME-25JUL22KCCHC-CHC,70,30,596,yes
1753225559489,1753225559,KXMLBGAME-25JUL22KCCHC-KC,31,69,9,yes
1753225560212,1753225560,KXMLBGAME-25JUL22BOSPHI-BOS,24,76,43,yes
1753225563411,1753225563,KXMLBGAME-25JUL22KCCHC-CHC,70,30,39,yes
1753225564270,1753225564,KXMLBGAME-25JUL22BOSPHI-BOS,24,76,3078,yes
1753225564270,1753225564,KXMLBGAME-25JUL22BOSPHI-BOS,25,75,300,yes
1753225564652,1753225564,KXMLBGAME-25JUL22DETPIT-DET,45,55,1,yes
1753225565277,1753225565,KXMLBGAME-25JUL22SDMIA-MIA,77,23,94,yes
1753225565278,1753225565,KXMLBGAME-25JUL22LAANYM-LAA,41,59,120,yes
1753225565278,1753225565,KXMLBGAME-25JUL22LAANYM-LAA,41,59,380,yes
1753225565490,1753225565,KXMLBGAME-25JUL22DETPIT-DET,45,55,42,yes
1753225565932,1753225565,KXMLBGAME-25JUL22HOUARI-ARI,48,52,6,yes
1753225568231,1753225568,KXMLBGAME-25JUL22BOSPHI-BOS,26,74,21,yes
1753225569253,1753225569,KXMLBGAME-25JUL22BOSPHI-BOS,26,74,7,yes
1753225570053,1753225570,KXMLBGAME-25JUL22BALCLE-CLE,73,27,10,yes
1753225570510,1753225570,KXMLBGAME-25JUL22DETPIT-DET,45,55,21,yes
1753225570751,1753225570,KXMLBGAME-25JUL22DETPIT-PIT,55,45,1,no
1753225570812,1753225570,KXMLBGAME-25JUL22MINLAD-LAD,66,34,147,yes
1753225570870,1753225570,KXMLBGAME-25JUL22SDMIA-MIA,77,23,90,yes
1753225570870,1753225570,KXMLBGAME-25JUL22SDMIA-MIA,78,22,37,yes
1753225570950,1753225570,KXMLBGAME-25JUL22SDMIA-SD,22,78,86,no
1753225570950,1753225570,KXMLBGAME-25JUL22SDMIA-SD,22,78,1,no
1753225570950,1753225570,KXMLBGAME-25JUL22SDMIA-SD,22,78,15,no
1753225571171,1753225571,KXMLBGAME-25JUL22BOSPHI-PHI,76,24,12,yes
1753225572351,1753225572,KXMLBGAME-25JUL22DETPIT-PIT,57,43,28,yes
1753225573193,1753225573,KXMLBGAME-25JUL22BALCLE-CLE,72,28,1,yes
1753225574272,1753225574,KXMLBGAME-25JUL22CINWSH-WSH,49,51,1,yes
1753225574731,1753225574,KXMLBGAME-25JUL22BOSPHI-PHI,76,24,25,yes
1753225574811,1753225574,KXMLBGAME-25JUL22KCCHC-CHC,70,30,13,yes
1753225575070,1753225574,KXMLBGAME-25JUL22DETPIT-DET,45,55,13,yes
1753225575070,1753225574,KXMLBGAME-25JUL22DETPIT-DET,45,55,1,yes
1753225575070,1753225574,KXMLBGAME-25JUL22DETPIT-DET,45,55,31,yes
1753225575070,1753225574,KXMLBGAME-25JUL22DETPIT-DET,45,55,16,yes
1753225575070,1753225574,KXMLBGAME-25JUL22DETPIT-DET,46,54,149,yes
1753225575632,1753225575,KXMLBGAME-25JUL22SDMIA-MIA,78,22,5,yes
1753225576411,1753225576,KXMLBGAME-25JUL22DETPIT-DET,43,57,211,no
1753225576512,1753225576,KXMLBGAME-25JUL22SDMIA-MIA,78,22,45,yes
1753225576513,1753225576,KXMLBGAME-25JUL22SDMIA-MIA,78,22,37,yes
1753225576513,1753225576,KXMLBGAME-25JUL22SDMIA-MIA,78,22,44,yes
1753225577713,1753225577,KXMLBGAME-25JUL22SDMIA-MIA,78,22,109,yes
1753225578589,1753225578,KXMLBGAME-25JUL22SDMIA-MIA,78,22,29,yes
1753225580452,1753225580,KXMLBGAME-25JUL22DETPIT-DET,46,54,1473,yes
1753225580472,1753225580,KXMLBGAME-25JUL22BOSPHI-PHI,76,24,1,yes
1753225580810,1753225580,KXMLBGAME-25JUL22DETPIT-DET,46,54,20,yes
1753225581870,1753225581,KXMLBGAME-25JUL22BOSPHI-PHI,76,24,32,yes
1753225582751,1753225582,KXMLBGAME-25JUL22CWSTB-TB,68,32,50,yes
1753225582854,1753225582,KXMLBGAME-25JUL22DETPIT-DET,46,54,3,yes
1753225585431,1753225585,KXMLBGAME-25JUL22CWSTB-CWS,32,68,29,yes
1753225587230,1753225587,KXMLBGAME-25JUL22MILSEA-MIL,47,53,20,yes
1753225587731,1753225587,KXMLBGAME-25JUL22STLCOL-STL,61,39,9,yes
1753225589071,1753225589,KXMLBGAME-25JUL22SFATL-SF,48,52,2,yes
1753225589370,1753225589,KXMLBGAME-25JUL22DETPIT-PIT,56,44,204,yes
1753225590591,1753225590,KXMLBGAME-25JUL22CWSTB-CWS,32,68,149,yes
1753225591211,1753225591,KXMLBGAME-25JUL22CINWSH-CIN,54,46,300,yes
1753225591211,1753225591,KXMLBGAME-25JUL22CINWSH-CIN,54,46,60,yes
1753225591335,1753225591,KXMLBGAME-25JUL22SDMIA-MIA,76,24,87,no
1753225591652,1753225591,KXMLBGAME-25JUL22BOSPHI-PHI,84,16,1,yes
1753225592690,1753225592,KXMLBGAME-25JUL22CINWSH-CIN,54,46,1,yes
1753225595051,1753225594,KXMLBGAME-25JUL22NYYTOR-NYY,49,51,9,yes
1753225597189,1753225597,KXMLBGAME-25JUL22BOSPHI-BOS,38,62,7,yes
1753225599950,1753225599,KXMLBGAME-25JUL22MILSEA-SEA,54,46,35,yes
1753225600572,1753225600,KXMLBGAME-25JUL22SDMIA-MIA,76,24,1,yes
1753225602911,1753225602,KXMLBGAME-25JUL22CINWSH-WSH,48,52,87,yes
1753225602911,1753225602,KXMLBGAME-25JUL22CINWSH-WSH,48,52,13,yes
1753225604310,1753225604,KXMLBGAME-25JUL22MINLAD-LAD,66,34,15,yes
1753225604611,1753225604,KXMLBGAME-25JUL22SDMIA-MIA,76,24,2,yes
1753225605751,1753225605,KXMLBGAME-25JUL22ATHTEX-TEX,68,32,14,yes
1753225606272,1753225606,KXMLBGAME-25JUL22BALCLE-CLE,72,28,6,yes
1753225607710,1753225607,KXMLBGAME-25JUL22BALCLE-BAL,29,71,37,yes
1753225608133,1753225608,KXMLBGAME-25JUL22DETPIT-DET,49,51,128,yes
1753225610170,1753225610,KXMLBGAME-25JUL22HOUARI-HOU,54,46,205,yes
1753225610952,1753225610,KXMLBGAME-25JUL22DETPIT-DET,49,51,23,yes
1753225613209,1753225613,KXMLBGAME-25JUL22NYYTOR-TOR,52,48,2996,yes
1753225613209,1753225613,KXMLBGAME-25JUL22NYYTOR-TOR,52,48,433,yes
1753225614230,1753225614,KXMLBGAME-25JUL22NYYTOR-NYY,49,51,98,yes
1753225614991,1753225614,KXMLBGAME-25JUL22SDMIA-SD,26,74,300,yes
1753225614991,1753225614,KXMLBGAME-25JUL22SDMIA-SD,26,74,69,yes
1753225614991,1753225614,KXMLBGAME-25JUL22SDMIA-SD,26,74,200,yes
1753225614991,1753225614,KXMLBGAME-25JUL22SDMIA-SD,27,73,200,yes
1753225614991,1753225614,KXMLBGAME-25JUL22SDMIA-SD,27,73,132,yes
1753225615184,1753225615,KXMLBGAME-25JUL22DETPIT-DET,49,51,37,yes
1753225615890,1753225615,KXMLBGAME-25JUL22CWSTB-CWS,31,69,18,yes
1753225616692,1753225616,KXMLBGAME-25JUL22CINWSH-CIN,53,47,34,yes
1753225618510,1753225618,KXMLBGAME-25JUL22KCCHC-KC,31,69,308,yes
1753225621310,1753225621,KXMLBGAME-25JUL22DETPIT-DET,49,51,193,yes
1753225623640,1753225623,KXMLBGAME-25JUL22SDMIA-MIA,76,24,32,yes
1753225624691,1753225624,KXMLBGAME-25JUL22SFATL-SF,48,52,10,yes
1753225628292,1753225628,KXMLBGAME-25JUL22CINWSH-CIN,55,45,51,yes
1753225633289,1753225633,KXMLBGAME-25JUL22SDMIA-SD,26,74,18,yes
1753225633994,1753225633,KXMLBGAME-25JUL22DETPIT-PIT,54,46,39,yes
1753225634172,1753225634,KXMLBGAME-25JUL22CWSTB-TB,68,32,2145,yes
1753225635391,1753225635,KXMLBGAME-25JUL22CINWSH-CIN,53,47,1,no
1753225635450,1753225635,KXMLBGAME-25JUL22SDMIA-MIA,76,24,6,yes
1753225637750,1753225637,KXMLBGAME-25JUL22KCCHC-CHC,70,30,27,yes
1753225639752,1753225639,KXMLBGAME-25JUL22DETPIT-PIT,54,46,48,yes
1753225639752,1753225639,KXMLBGAME-25JUL22DETPIT-PIT,54,46,131,yes
1753225640791,1753225640,KXMLBGAME-25JUL22CWSTB-TB,69,31,1,yes
1753225643910,1753225643,KXMLBGAME-25JUL22BALCLE-CLE,73,27,44,yes
1753225645628,1753225645,KXMLBGAME-25JUL22NYYTOR-NYY,49,51,65,yes
1753225645628,1753225645,KXMLBGAME-25JUL22NYYTOR-NYY,50,50,902,yes
1753225647233,1753225647,KXMLBGAME-25JUL22CWSTB-TB,69,31,709,yes
1753225648531,1753225648,KXMLBGAME-25JUL22ATHTEX-ATH,34,66,2,yes
1753225649012,1753225648,KXMLBGAME-25JUL22SDMIA-SD,25,75,76,yes
1753225649510,1753225649,KXMLBGAME-25JUL22BALCLE-BAL,29,71,32,yes
1753225649850,1753225649,KXMLBGAME-25JUL22ATHTEX-ATH,34,66,28,yes
1753225650690,1753225650,KXMLBGAME-25JUL22DETPIT-DET,49,51,49,yes
1753225653370,1753225653,KXMLBGAME-25JUL22LAANYM-LAA,41,59,11,yes
1753225654672,1753225654,KXMLBGAME-25JUL22BOSPHI-PHI,77,23,7,yes
1753225654672,1753225654,KXMLBGAME-25JUL22BOSPHI-PHI,82,18,5,yes
1753225656510,1753225656,KXMLBGAME-25JUL22CWSTB-CWS,31,69,16,yes
1753225660529,1753225660,KXMLBGAME-25JUL22DETPIT-PIT,52,48,6,yes
1753225664132,1753225664,KXMLBGAME-25JUL22NYYTOR-TOR,52,48,1,yes
1753225665350,1753225665,KXMLBGAME-25JUL22DETPIT-DET,50,50,67,yes
1753225665350,1753225665,KXMLBGAME-25JUL22DETPIT-DET,50,50,106,yes
1753225666018,1753225665,KXMLBGAME-25JUL22BALCLE-CLE,73,27,61,yes
1753225666018,1753225665,KXMLBGAME-25JUL22BALCLE-CLE,74,26,45,yes
1753225666019,1753225665,KXMLBGAME-25JUL22DETPIT-DET,50,50,193,yes
1753225669430,1753225669,KXMLBGAME-25JUL22NYYTOR-NYY,48,52,87,no
1753225669531,1753225669,KXMLBGAME-25JUL22NYYTOR-TOR,52,48,86,yes
1753225669531,1753225669,KXMLBGAME-25JUL22NYYTOR-TOR,52,48,1,yes
1753225670031,1753225669,KXMLBGAME-25JUL22HOUARI-HOU,54,46,89,yes
1753225670268,1753225670,KXMLBGAME-25JUL22SFATL-SF,48,52,40,yes
1753225670369,1753225670,KXMLBGAME-25JUL22SDMIA-SD,24,76,47,yes
1753225670369,1753225670,KXMLBGAME-25JUL22SDMIA-SD,24,76,942,yes
1753225675430,1753225675,KXMLBGAME-25JUL22CINWSH-CIN,52,48,9,yes
1753225676287,1753225676,KXMLBGAME-25JUL22BOSPHI-PHI,82,18,1,yes
1753225677730,1753225677,KXMLBGAME-25JUL22SDMIA-MIA,77,23,756,yes
1753225678809,1753225678,KXMLBGAME-25JUL22DETPIT-PIT,52,48,279,yes
1753225679610,1753225679,KXMLBGAME-25JUL22BALCLE-CLE,72,28,46,yes
1753225679610,1753225679,KXMLBGAME-25JUL22BALCLE-CLE,73,27,500,yes
1753225679610,1753225679,KXMLBGAME-25JUL22BALCLE-CLE,73,27,600,yes
1753225679610,1753225679,KXMLBGAME-25JUL22BALCLE-CLE,73,27,300,yes
1753225679610,1753225679,KXMLBGAME-25JUL22BALCLE-CLE,74,26,40,yes
1753225679610,1753225679,KXMLBGAME-25JUL22BALCLE-CLE,74,26,200,yes
1753225679610,1753225679,KXMLBGAME-25JUL22BALCLE-CLE,74,26,4482,yes
1753225681249,1753225681,KXMLBGAME-25JUL22LAANYM-NYM,61,39,11,yes
1753225682526,1753225682,KXMLBGAME-25JUL22SDMIA-MIA,78,22,126,yes
1753225683231,1753225683,KXMLBGAME-25JUL22SDMIA-MIA,78,22,5,yes
1753225683972,1753225683,KXMLBGAME-25JUL22SDMIA-MIA,78,22,10,yes
1753225684032,1753225683,KXMLBGAME-25JUL22BALCLE-BAL,29,71,13,yes
1753225685273,1753225685,KXMLBGAME-25JUL22KCCHC-KC,31,69,30,yes
1753225685589,1753225685,KXMLBGAME-25JUL22DETPIT-DET,51,49,1,yes
1753225685589,1753225685,KXMLBGAME-25JUL22DETPIT-DET,51,49,93,yes
1753225687431,1753225687,KXMLBGAME-25JUL22SFATL-ATL,53,47,137,yes
1753225687549,1753225687,KXMLBGAME-25JUL22STLCOL-STL,61,39,27,yes
1753225687712,1753225687,KXMLBGAME-25JUL22SDMIA-MIA,78,22,159,yes
1753225687712,1753225687,KXMLBGAME-25JUL22SDMIA-MIA,78,22,132,yes
1753225687712,1753225687,KXMLBGAME-25JUL22SDMIA-MIA,79,21,121,yes
1753225690071,1753225690,KXMLBGAME-25JUL22BALCLE-CLE,72,28,35,yes
1753225690071,1753225690,KXMLBGAME-25JUL22BALCLE-CLE,73,27,300,yes
1753225693388,1753225693,KXMLBGAME-25JUL22DETPIT-DET,50,50,500,yes
1753225693388,1753225693,KXMLBGAME-25JUL22DETPIT-DET,51,49,107,yes
1753225693389,1753225693,KXMLBGAME-25JUL22DETPIT-DET,51,49,65,yes
1753225693771,1753225693,KXMLBGAME-25JUL22CWSTB-CWS,29,71,11,yes
1753225693831,1753225693,KXMLBGAME-25JUL22CWSTB-CWS,30,70,34,yes
1753225695148,1753225695,KXMLBGAME-25JUL22LAANYM-NYM,61,39,51,yes
1753225696969,1753225696,KXMLBGAME-25JUL22BOSPHI-BOS,38,62,59,yes
1753225696969,1753225696,KXMLBGAME-25JUL22BOSPHI-BOS,39,61,1,yes
1753225696969,1753225696,KXMLBGAME-25JUL22BOSPHI-BOS,56,44,1,yes
1753225696969,1753225696,KXMLBGAME-25JUL22BOSPHI-BOS,61,39,1,yes
1753225696969,1753225696,KXMLBGAME-25JUL22BOSPHI-BOS,69,31,6,yes
1753225697013,1753225696,KXMLBGAME-25JUL22MILSEA-MIL,47,53,11,yes
1753225697013,1753225696,KXMLBGAME-25JUL22MILSEA-MIL,47,53,4,yes
1753225697013,1753225696,KXMLBGAME-25JUL22MILSEA-MIL,47,53,15,yes
1753225697030,1753225696,KXMLBGAME-25JUL22KCCHC-KC,31,69,15,yes
1753225699252,1753225699,KXMLBGAME-25JUL22CWSTB-CWS,30,70,15,yes
1753225702891,1753225702,KXMLBGAME-25JUL22DETPIT-DET,51,49,3,yes
1753225702891,1753225702,KXMLBGAME-25JUL22BALCLE-CLE,74,26,6,yes
1753225703193,1753225703,KXMLBGAME-25JUL22BALCLE-BAL,28,72,163,yes
1753225703871,1753225703,KXMLBGAME-25JUL22NYYTOR-TOR,53,47,91,yes
1753225705850,1753225705,KXMLBGAME-25JUL22SDMIA-MIA,80,20,1,yes
1753225710090,1753225710,KXMLBGAME-25JUL22BOSPHI-PHI,82,18,6,yes
1753225712770,1753225712,KXMLBGAME-25JUL22DETPIT-DET,50,50,96,yes
1753225717790,1753225717,KXMLBGAME-25JUL22MILSEA-SEA,54,46,1,yes
1753225720189,1753225720,KXMLBGAME-25JUL22DETPIT-DET,50,50,18,yes
1753225720551,1753225720,KXMLBGAME-25JUL22SDMIA-MIA,80,20,6,yes
1753225721771,1753225721,KXMLBGAME-25JUL22BALCLE-CLE,74,26,1,yes
1753225726750,1753225726,KXMLBGAME-25JUL22SDMIA-SD,20,80,71,yes
1753225728711,1753225728,KXMLBGAME-25JUL22SDMIA-SD,20,80,1,yes
1753225730831,1753225730,KXMLBGAME-25JUL22SDMIA-MIA,80,20,12,yes
1753225731312,1753225731,KXMLBGAME-25JUL22DETPIT-DET,50,50,473,yes
1753225731590,1753225731,KXMLBGAME-25JUL22SDMIA-SD,19,81,20,no
1753225734149,1753225733,KXMLBGAME-25JUL22NYYTOR-TOR,51,49,50,no
1753225734351,1753225734,KXMLBGAME-25JUL22BOSPHI-BOS,66,34,100,yes
1753225734351,1753225734,KXMLBGAME-25JUL22BOSPHI-BOS,67,33,193,yes
1753225734952,1753225734,KXMLBGAME-25JUL22HOUARI-ARI,48,52,2,yes
1753225735331,1753225735,KXMLBGAME-25JUL22BALCLE-CLE,74,26,19,yes
1753225735331,1753225735,KXMLBGAME-25JUL22BALCLE-CLE,74,26,281,yes
1753225736633,1753225736,KXMLBGAME-25JUL22BALCLE-CLE,74,26,4,yes
1753225736633,1753225736,KXMLBGAME-25JUL22BALCLE-CLE,74,26,1,yes
1753225736633,1753225736,KXMLBGAME-25JUL22BALCLE-CLE,74,26,9,yes
1753225737032,1753225736,KXMLBGAME-25JUL22KCCHC-CHC,70,30,3,yes
1753225739488,1753225739,KXMLBGAME-25JUL22SDMIA-MIA,80,20,81,yes
1753225739488,1753225739,KXMLBGAME-25JUL22SDMIA-MIA,81,19,87,yes
1753225739488,1753225739,KXMLBGAME-25JUL22SDMIA-MIA,82,18,1,yes
1753225739488,1753225739,KXMLBGAME-25JUL22SDMIA-MIA,82,18,100,yes
1753225739488,1753225739,KXMLBGAME-25JUL22SDMIA-MIA,82,18,238,yes
1753225741830,1753225741,KXMLBGAME-25JUL22CWSTB-TB,72,28,1,yes
1753225744291,1753225744,KXMLBGAME-25JUL22SDMIA-SD,20,80,49,yes
1753225744291,1753225744,KXMLBGAME-25JUL22SDMIA-SD,21,79,174,yes
1753225745071,1753225745,KXMLBGAME-25JUL22BALCLE-BAL,28,72,187,yes
1753225745071,1753225745,KXMLBGAME-25JUL22BALCLE-BAL,28,72,92,yes
1753225745133,1753225745,KXMLBGAME-25JUL22BALCLE-CLE,73,27,165,no
1753225745771,1753225745,KXMLBGAME-25JUL22KCCHC-KC,31,69,153,yes
1753225746192,1753225746,KXMLBGAME-25JUL22LAANYM-NYM,61,39,1500,yes
1753225748190,1753225748,KXMLBGAME-25JUL22MINLAD-LAD,66,34,73,yes
1753225751452,1753225751,KXMLBGAME-25JUL22NYYTOR-TOR,50,50,81,yes
1753225751452,1753225751,KXMLBGAME-25JUL22NYYTOR-TOR,50,50,300,yes
1753225751452,1753225751,KXMLBGAME-25JUL22NYYTOR-TOR,51,49,194,yes
1753225756031,1753225755,KXMLBGAME-25JUL22SDMIA-SD,21,79,4,yes
1753225756850,1753225756,KXMLBGAME-25JUL22SDMIA-SD,21,79,22,yes
1753225760789,1753225760,KXMLBGAME-25JUL22BALCLE-BAL,30,70,300,yes
1753225760789,1753225760,KXMLBGAME-25JUL22BALCLE-BAL,31,69,4,yes
1753225766889,1753225766,KXMLBGAME-25JUL22BALCLE-BAL,30,70,63,yes
1753225768911,1753225768,KXMLBGAME-25JUL22NYYTOR-TOR,50,50,66,no
1753225768911,1753225768,KXMLBGAME-25JUL22NYYTOR-TOR,49,51,5,no
1753225768911,1753225768,KXMLBGAME-25JUL22NYYTOR-TOR,49,51,25,no
1753225769248,1753225769,KXMLBGAME-25JUL22SDMIA-SD,21,79,45,yes
1753225769756,1753225769,KXMLBGAME-25JUL22DETPIT-PIT,53,47,18,yes
1753225771652,1753225771,KXMLBGAME-25JUL22SFATL-ATL,53,47,530,yes
1753225775591,1753225775,KXMLBGAME-25JUL22DETPIT-PIT,53,47,2,yes
1753225778067,1753225777,KXMLBGAME-25JUL22BOSPHI-PHI,69,31,66,no
1753225778067,1753225777,KXMLBGAME-25JUL22BOSPHI-PHI,69,31,100,no
1753225778067,1753225777,KXMLBGAME-25JUL22BOSPHI-PHI,68,32,33,no
1753225780152,1753225780,KXMLBGAME-25JUL22NYYTOR-TOR,41,59,61,yes
1753225780152,1753225780,KXMLBGAME-25JUL22NYYTOR-TOR,41,59,173,yes
1753225783832,1753225783,KXMLBGAME-25JUL22BOSPHI-BOS,61,39,31,yes
1753225785310,1753225785,KXMLBGAME-25JUL22BOSPHI-BOS,59,41,15,yes
1753225786170,1753225786,KXMLBGAME-25JUL22BOSPHI-BOS,59,41,32,yes
1753225786611,1753225786,KXMLBGAME-25JUL22DETPIT-PIT,55,45,200,yes
1753225786932,1753225786,KXMLBGAME-25JUL22SDMIA-SD,21,79,55,yes
1753225786932,1753225786,KXMLBGAME-25JUL22SDMIA-SD,22,78,119,yes
1753225792032,1753225791,KXMLBGAME-25JUL22SDMIA-MIA,79,21,200,no
1753225792930,1753225792,KXMLBGAME-25JUL22BALCLE-BAL,30,70,12,yes
1753225793192,1753225793,KXMLBGAME-25JUL22CWSTB-CWS,29,71,16,yes
1753225793509,1753225793,KXMLBGAME-25JUL22DETPIT-DET,46,54,500,yes
1753225793509,1753225793,KXMLBGAME-25JUL22DETPIT-DET,47,53,55,yes
1753225793509,1753225793,KXMLBGAME-25JUL22DETPIT-DET,47,53,481,yes
1753225795870,1753225795,KXMLBGAME-25JUL22BOSPHI-BOS,52,48,16,yes
1753225797430,1753225797,KXMLBGAME-25JUL22NYYTOR-TOR,41,59,25,yes
1753225797511,1753225797,KXMLBGAME-25JUL22BOSPHI-BOS,21,79,66,no
1753225797511,1753225797,KXMLBGAME-25JUL22BOSPHI-BOS,21,79,100,no
1753225798153,1753225798,KXMLBGAME-25JUL22DETPIT-PIT,56,44,87,yes
1753225798153,1753225798,KXMLBGAME-25JUL22DETPIT-PIT,56,44,300,yes
1753225798153,1753225798,KXMLBGAME-25JUL22DETPIT-PIT,57,43,45,yes
1753225800870,1753225800,KXMLBGAME-25JUL22MINLAD-LAD,66,34,1,yes
1753225800931,1753225800,KXMLBGAME-25JUL22BOSPHI-BOS,21,79,67,no
1753225801789,1753225801,KXMLBGAME-25JUL22BOSPHI-BOS,20,80,100,no
1753225803391,1753225803,KXMLBGAME-25JUL22NYYTOR-NYY,60,40,340,yes
1753225803492,1753225803,KXMLBGAME-25JUL22CWSTB-TB,72,28,276,yes
1753225805230,1753225805,KXMLBGAME-25JUL22NYYTOR-NYY,60,40,3,yes
1753225806330,1753225806,KXMLBGAME-25JUL22BOSPHI-PHI,82,18,13,yes
1753225806350,1753225806,KXMLBGAME-25JUL22BALCLE-BAL,30,70,155,yes
1753225809230,1753225809,KXMLBGAME-25JUL22BOSPHI-PHI,84,16,99,yes
1753225810630,1753225810,KXMLBGAME-25JUL22NYYTOR-NYY,60,40,1,yes
1753225811272,1753225811,KXMLBGAME-25JUL22BOSPHI-PHI,84,16,51,no
1753225811272,1753225811,KXMLBGAME-25JUL22BOSPHI-PHI,82,18,49,no
1753225811311,1753225811,KXMLBGAME-25JUL22SDMIA-SD,22,78,41,yes
1753225811311,1753225811,KXMLBGAME-25JUL22SDMIA-SD,22,78,21,yes
1753225811311,1753225811,KXMLBGAME-25JUL22SDMIA-SD,22,78,67,yes
1753225811790,1753225811,KXMLBGAME-25JUL22BALCLE-CLE,71,29,27,yes
1753225811910,1753225811,KXMLBGAME-25JUL22BOSPHI-BOS,18,82,1,yes
1753225812292,1753225812,KXMLBGAME-25JUL22BOSPHI-BOS,18,82,299,yes
1753225812292,1753225812,KXMLBGAME-25JUL22BOSPHI-BOS,19,81,87,yes
1753225812292,1753225812,KXMLBGAME-25JUL22BOSPHI-BOS,22,78,110,yes
1753225814011,1753225813,KXMLBGAME-25JUL22BOSPHI-BOS,24,76,7,yes
1753225818310,1753225818,KXMLBGAME-25JUL22NYYTOR-TOR,40,60,14,yes
1753225820670,1753225820,KXMLBGAME-25JUL22DETPIT-PIT,56,44,86,yes
1753225822269,1753225822,KXMLBGAME-25JUL22CWSTB-CWS,30,70,16,yes
1753225824350,1753225824,KXMLBGAME-25JUL22SDMIA-MIA,79,21,12,yes
1753225825210,1753225825,KXMLBGAME-25JUL22NYYTOR-NYY,61,39,79,yes
1753225825371,1753225825,KXMLBGAME-25JUL22CWSTB-CWS,30,70,31,yes
1753225827751,1753225827,KXMLBGAME-25JUL22LAANYM-LAA,41,59,11,yes
1753225829088,1753225828,KXMLBGAME-25JUL22DETPIT-DET,45,55,45,yes
1753225831510,1753225831,KXMLBGAME-25JUL22ATHTEX-TEX,67,33,20,no
1753225831869,1753225831,KXMLBGAME-25JUL22DETPIT-PIT,55,45,17,yes
1753225833730,1753225833,KXMLBGAME-25JUL22SDMIA-SD,22,78,8,yes
1753225834230,1753225834,KXMLBGAME-25JUL22NYYTOR-NYY,60,40,16,yes
1753225834230,1753225834,KXMLBGAME-25JUL22NYYTOR-NYY,60,40,750,yes
1753225834230,1753225834,KXMLBGAME-25JUL22NYYTOR-NYY,60,40,500,yes
1753225834230,1753225834,KXMLBGAME-25JUL22NYYTOR-NYY,60,40,500,yes
1753225834230,1753225834,KXMLBGAME-25JUL22NYYTOR-NYY,60,40,300,yes
1753225834230,1753225834,KXMLBGAME-25JUL22NYYTOR-NYY,61,39,360,yes
1753225838091,1753225838,KXMLBGAME-25JUL22LAANYM-NYM,61,39,3,yes
1753225841373,1753225841,KXMLBGAME-25JUL22NYYTOR-NYY,60,40,243,yes
1753225844932,1753225844,KXMLBGAME-25JUL22BALCLE-BAL,30,70,6,yes
1753225849989,1753225849,KXMLBGAME-25JUL22NYYTOR-TOR,42,58,46,yes
1753225849990,1753225849,KXMLBGAME-25JUL22NYYTOR-TOR,42,58,68,yes
1753225850954,1753225850,KXMLBGAME-25JUL22LAANYM-LAA,41,59,234,yes
1753225854253,1753225854,KXMLBGAME-25JUL22NYYTOR-NYY,61,39,159,yes
1753225855529,1753225855,KXMLBGAME-25JUL22NYYTOR-NYY,61,39,12,yes
1753225857275,1753225857,KXMLBGAME-25JUL22CWSTB-CWS,30,70,6,yes
1753225857589,1753225857,KXMLBGAME-25JUL22CINWSH-WSH,47,53,10,yes
1753225858309,1753225858,KXMLBGAME-25JUL22NYYTOR-NYY,61,39,8,yes
1753225858309,1753225858,KXMLBGAME-25JUL22BALCLE-CLE,71,29,27,yes
1753225864010,1753225863,KXMLBGAME-25JUL22BOSPHI-BOS,24,76,43,yes
1753225865190,1753225865,KXMLBGAME-25JUL22LAANYM-NYM,61,39,1,yes
1753225867667,1753225867,KXMLBGAME-25JUL22BOSPHI-BOS,23,77,41,yes
1753225867688,1753225867,KXMLBGAME-25JUL22SFATL-SF,49,51,51,yes
1753225869573,1753225869,KXMLBGAME-25JUL22BOSPHI-BOS,23,77,8,yes
1753225873711,1753225873,KXMLBGAME-25JUL22CWSTB-TB,72,28,27,yes
1753225877290,1753225877,KXMLBGAME-25JUL22BOSPHI-PHI,81,19,8,no
1753225877410,1753225877,KXMLBGAME-25JUL22CINWSH-WSH,46,54,7,yes
1753225879411,1753225879,KXMLBGAME-25JUL22NYYTOR-NYY,59,41,16,yes
1753225885610,1753225885,KXMLBGAME-25JUL22DETPIT-DET,47,53,112,yes
1753225886132,1753225886,KXMLBGAME-25JUL22DETPIT-PIT,55,45,88,yes
1753225889350,1753225889,KXMLBGAME-25JUL22BOSPHI-PHI,85,15,24,yes
1753225892294,1753225892,KXMLBGAME-25JUL22KCCHC-CHC,70,30,1164,yes
1753225892294,1753225892,KXMLBGAME-25JUL22KCCHC-CHC,70,30,233,yes
1753225892294,1753225892,KXMLBGAME-25JUL22KCCHC-CHC,70,30,2461,yes
1753225892531,1753225892,KXMLBGAME-25JUL22NYYTOR-NYY,60,40,222,yes
1753225897070,1753225897,KXMLBGAME-25JUL22ATHTEX-TEX,67,33,21,yes
1753225897611,1753225897,KXMLBGAME-25JUL22BOSPHI-BOS,21,79,1,no
1753225897831,1753225897,KXMLBGAME-25JUL22LAANYM-LAA,41,59,100,yes
1753225903409,1753225903,KXMLBGAME-25JUL22BOSPHI-BOS,21,79,1,yes
1753225908252,1753225908,KXMLBGAME-25JUL22DETPIT-DET,43,57,300,no
1753225909011,1753225908,KXMLBGAME-25JUL22BOSPHI-BOS,21,79,135,yes
1753225909150,1753225909,KXMLBGAME-25JUL22BOSPHI-BOS,21,79,1,yes
1753225910070,1753225910,KXMLBGAME-25JUL22CWSTB-CWS,30,70,9,yes
1753225910591,1753225910,KXMLBGAME-25JUL22NYYTOR-NYY,61,39,15,yes
1753225912810,1753225912,KXMLBGAME-25JUL22NYYTOR-NYY,61,39,319,yes
1753225913890,1753225913,KXMLBGAME-25JUL22BOSPHI-PHI,81,19,60,yes
1753225914171,1753225914,KXMLBGAME-25JUL22MILSEA-MIL,47,53,5,yes
1753225914171,1753225914,KXMLBGAME-25JUL22MILSEA-MIL,47,53,15,yes
1753225914810,1753225914,KXMLBGAME-25JUL22HOUARI-HOU,54,46,179,yes
1753225915570,1753225915,KXMLBGAME-25JUL22BOSPHI-PHI,80,20,1,yes
1753225916711,1753225916,KXMLBGAME-25JUL22CWSTB-CWS,29,71,82,yes
1753225916790,1753225916,KXMLBGAME-25JUL22SFATL-SF,49,51,5,yes
1753225917168,1753225917,KXMLBGAME-25JUL22BOSPHI-BOS,21,79,9,yes
1753225917429,1753225917,KXMLBGAME-25JUL22BALCLE-CLE,72,28,16,yes
1753225920351,1753225920,KXMLBGAME-25JUL22NYYTOR-NYY,61,39,7,yes
1753225921528,1753225921,KXMLBGAME-25JUL22MILSEA-MIL,46,54,47,no
1753225921528,1753225921,KXMLBGAME-25JUL22MILSEA-MIL,46,54,50,no
1753225921528,1753225921,KXMLBGAME-25JUL22MILSEA-MIL,46,54,881,no
1753225921629,1753225921,KXMLBGAME-25JUL22MILSEA-SEA,54,46,478,yes
1753225921930,1753225921,KXMLBGAME-25JUL22CINWSH-WSH,46,54,308,no
1753225921931,1753225921,KXMLBGAME-25JUL22CINWSH-WSH,46,54,59,no
1753225923091,1753225923,KXMLBGAME-25JUL22NYYTOR-TOR,40,60,11,yes
1753225924490,1753225924,KXMLBGAME-25JUL22CWSTB-TB,71,29,300,no
1753225924590,1753225924,KXMLBGAME-25JUL22CWSTB-CWS,29,71,218,yes
1753225924689,1753225924,KXMLBGAME-25JUL22CINWSH-CIN,55,45,82,yes
1753225926710,1753225926,KXMLBGAME-25JUL22BALCLE-BAL,30,70,150,yes
1753225929871,1753225929,KXMLBGAME-25JUL22CWSTB-CWS,30,70,42,yes
1753225929871,1753225929,KXMLBGAME-25JUL22CWSTB-CWS,30,70,5,yes
1753225931949,1753225931,KXMLBGAME-25JUL22BOSPHI-PHI,80,20,6,yes
1753225934430,1753225934,KXMLBGAME-25JUL22BOSPHI-PHI,79,21,1,no
1753225935250,1753225935,KXMLBGAME-25JUL22STLCOL-COL,40,60,7,yes
1753225935250,1753225935,KXMLBGAME-25JUL22MILSEA-MIL,47,53,92,yes
1753225935250,1753225935,KXMLBGAME-25JUL22MILSEA-MIL,47,53,113,yes
1753225935551,1753225935,KXMLBGAME-25JUL22NYYTOR-TOR,40,60,32,yes
1753225935551,1753225935,KXMLBGAME-25JUL22NYYTOR-TOR,41,59,300,yes
1753225936990,1753225936,KXMLBGAME-25JUL22CINWSH-CIN,57,43,43,yes
1753225938431,1753225938,KXMLBGAME-25JUL22BOSPHI-BOS,21,79,135,yes
1753225938810,1753225938,KXMLBGAME-25JUL22SDMIA-SD,28,72,10,yes
1753225939291,1753225939,KXMLBGAME-25JUL22NYYTOR-NYY,57,43,14,yes
1753225940350,1753225940,KXMLBGAME-25JUL22CINWSH-WSH,45,55,108,yes
1753225942338,1753225942,KXMLBGAME-25JUL22BOSPHI-PHI,80,20,5,yes
1753225945351,1753225945,KXMLBGAME-25JUL22NYYTOR-TOR,46,54,12,yes
1753225948089,1753225948,KXMLBGAME-25JUL22KCCHC-CHC,70,30,8,yes
1753225949070,1753225948,KXMLBGAME-25JUL22DETPIT-DET,40,60,50,no
1753225949909,1753225949,KXMLBGAME-25JUL22SDMIA-MIA,74,26,6,yes
1753225950809,1753225950,KXMLBGAME-25JUL22SDMIA-SD,28,72,100,yes
1753225953191,1753225953,KXMLBGAME-25JUL22SDMIA-SD,28,72,6,yes
1753225953631,1753225953,KXMLBGAME-25JUL22BOSPHI-BOS,21,79,18,yes
1753225953631,1753225953,KXMLBGAME-25JUL22BOSPHI-BOS,21,79,1,yes
1753225953631,1753225953,KXMLBGAME-25JUL22BOSPHI-BOS,22,78,20,yes
1753225956331,1753225956,KXMLBGAME-25JUL22KCCHC-CHC,70,30,15,yes
1753225957851,1753225957,KXMLBGAME-25JUL22DETPIT-PIT,64,36,6,yes
1753225959095,1753225959,KXMLBGAME-25JUL22MINLAD-MIN,33,67,8,yes
1753225961936,1753225961,KXMLBGAME-25JUL22BOSPHI-BOS,21,79,50,yes
1753225965910,1753225965,KXMLBGAME-25JUL22BALCLE-BAL,31,69,61,yes
1753225965990,1753225965,KXMLBGAME-25JUL22CWSTB-CWS,30,70,15,yes
1753225966911,1753225966,KXMLBGAME-25JUL22NYYTOR-NYY,55,45,500,yes
1753225966911,1753225966,KXMLBGAME-25JUL22NYYTOR-NYY,56,44,87,yes
1753225966911,1753225966,KXMLBGAME-25JUL22NYYTOR-NYY,56,44,500,yes
1753225966911,1753225966,KXMLBGAME-25JUL22NYYTOR-NYY,56,44,600,yes
1753225966911,1753225966,KXMLBGAME-25JUL22NYYTOR-NYY,56,44,200,yes
1753225966912,1753225966,KXMLBGAME-25JUL22NYYTOR-NYY,56,44,300,yes
1753225966912,1753225966,KXMLBGAME-25JUL22NYYTOR-NYY,57,43,300,yes
1753225966912,1753225966,KXMLBGAME-25JUL22NYYTOR-NYY,57,43,623,yes
1753225969151,1753225969,KXMLBGAME-25JUL22CWSTB-CWS,30,70,300,yes
1753225970350,1753225970,KXMLBGAME-25JUL22DETPIT-DET,38,62,10,yes
1753225975029,1753225974,KXMLBGAME-25JUL22LAANYM-NYM,62,38,7,yes
1753225977790,1753225977,KXMLBGAME-25JUL22KCCHC-CHC,70,30,47,yes
1753225977791,1753225977,KXMLBGAME-25JUL22KCCHC-CHC,71,29,229,yes
1753225979870,1753225979,KXMLBGAME-25JUL22BOSPHI-BOS,18,82,43,no
1753225981651,1753225981,KXMLBGAME-25JUL22CINWSH-CIN,57,43,56,yes
1753225982410,1753225982,KXMLBGAME-25JUL22NYYTOR-TOR,45,55,40,yes
1753225982830,1753225982,KXMLBGAME-25JUL22BOSPHI-BOS,21,79,112,yes
1753225984969,1753225984,KXMLBGAME-25JUL22BOSPHI-BOS,21,79,72,yes
1753225985511,1753225985,KXMLBGAME-25JUL22BOSPHI-PHI,80,20,13,yes
1753225991351,1753225991,KXMLBGAME-25JUL22DETPIT-PIT,64,36,19,yes
1753225992391,1753225992,KXMLBGAME-25JUL22BALCLE-BAL,31,69,1344,yes
1753225992449,1753225992,KXMLBGAME-25JUL22BALCLE-BAL,31,69,3595,yes
1753225992449,1753225992,KXMLBGAME-25JUL22BALCLE-BAL,31,69,4170,yes
1753225992471,1753225992,KXMLBGAME-25JUL22DETPIT-DET,38,62,105,yes
1753225992635,1753225992,KXMLBGAME-25JUL22BALCLE-CLE,69,31,1344,no
1753225992751,1753225992,KXMLBGAME-25JUL22BALCLE-CLE,68,32,100,no
1753225993591,1753225993,KXMLBGAME-25JUL22BALCLE-BAL,32,68,100,yes
1753225994270,1753225994,KXMLBGAME-25JUL22BALCLE-BAL,33,67,87,yes
1753225995329,1753225995,KXMLBGAME-25JUL22SDMIA-SD,28,72,88,yes
1753225997511,1753225997,KXMLBGAME-25JUL22DETPIT-DET,38,62,12,yes
1753225997751,1753225997,KXMLBGAME-25JUL22DETPIT-PIT,64,36,7,yes
1753226003971,1753226003,KXMLBGAME-25JUL22BALCLE-BAL,35,65,60,yes
1753226004048,1753226003,KXMLBGAME-25JUL22DETPIT-PIT,62,38,300,no
1753226007611,1753226007,KXMLBGAME-25JUL22DETPIT-PIT,62,38,7,yes
1753226009191,1753226009,KXMLBGAME-25JUL22BOSPHI-PHI,80,20,1,yes
1753226009370,1753226009,KXMLBGAME-25JUL22BALCLE-CLE,67,33,2,yes
1753226011031,1753226010,KXMLBGAME-25JUL22BOSPHI-BOS,22,78,43,yes
1753226012670,1753226012,KXMLBGAME-25JUL22DETPIT-DET,40,60,59,yes
1753226013732,1753226013,KXMLBGAME-25JUL22DETPIT-PIT,62,38,157,yes
1753226014530,1753226014,KXMLBGAME-25JUL22NYYTOR-TOR,45,55,53,yes
1753226014631,1753226014,KXMLBGAME-25JUL22DETPIT-DET,40,60,160,yes
1753226015771,1753226015,KXMLBGAME-25JUL22BALCLE-BAL,35,65,8,yes
1753226016011,1753226015,KXMLBGAME-25JUL22LAANYM-LAA,39,61,5,no
1753226017090,1753226016,KXMLBGAME-25JUL22DETPIT-DET,40,60,32,yes
1753226017090,1753226016,KXMLBGAME-25JUL22DETPIT-DET,41,59,63,yes
1753226017090,1753226016,KXMLBGAME-25JUL22DETPIT-DET,41,59,491,yes
1753226017210,1753226017,KXMLBGAME-25JUL22DETPIT-PIT,62,38,7,yes
1753226020469,1753226020,KXMLBGAME-25JUL22NYYTOR-NYY,55,45,500,yes
1753226024252,1753226024,KXMLBGAME-25JUL22CWSTB-CWS,31,69,2760,yes
1753226025791,1753226025,KXMLBGAME-25JUL22NYYTOR-NYY,56,44,111,yes
1753226026590,1753226026,KXMLBGAME-25JUL22DETPIT-PIT,40,60,50,no
1753226026590,1753226026,KXMLBGAME-25JUL22DETPIT-PIT,18,82,1,no
1753226026590,1753226026,KXMLBGAME-25JUL22DETPIT-PIT,17,83,53,no
1753226027388,1753226027,KXMLBGAME-25JUL22BALCLE-CLE,67,33,41,yes
1753226027389,1753226027,KXMLBGAME-25JUL22BALCLE-CLE,67,33,104,yes
1753226027749,1753226027,KXMLBGAME-25JUL22BOSPHI-BOS,22,78,5,yes
1753226027749,1753226027,KXMLBGAME-25JUL22BOSPHI-BOS,22,78,10,yes
1753226028674,1753226028,KXMLBGAME-25JUL22NYYTOR-NYY,56,44,29,yes
1753226033557,1753226033,KXMLBGAME-25JUL22DETPIT-PIT,65,35,52,yes
1753226033557,1753226033,KXMLBGAME-25JUL22DETPIT-PIT,65,35,10,yes
1753226033557,1753226033,KXMLBGAME-25JUL22DETPIT-PIT,69,31,83,yes
1753226033691,1753226033,KXMLBGAME-25JUL22SDMIA-MIA,72,28,507,no
1753226034371,1753226034,KXMLBGAME-25JUL22SFATL-ATL,53,47,12,yes
1753226034491,1753226034,KXMLBGAME-25JUL22NYYTOR-TOR,45,55,53,yes
1753226034632,1753226034,KXMLBGAME-25JUL22CINWSH-CIN,57,43,5,yes
1753226035270,1753226035,KXMLBGAME-25JUL22LAANYM-LAA,39,61,5,yes
1753226036570,1753226036,KXMLBGAME-25JUL22DETPIT-PIT,69,31,2857,yes
1753226037936,1753226037,KXMLBGAME-25JUL22DETPIT-DET,31,69,13,no
1753226038210,1753226038,KXMLBGAME-25JUL22DETPIT-PIT,69,31,13,yes
1753226038310,1753226038,KXMLBGAME-25JUL22DETPIT-PIT,69,31,4041,yes
1753226038350,1753226038,KXMLBGAME-25JUL22DETPIT-PIT,69,31,399,yes
1753226038531,1753226038,KXMLBGAME-25JUL22DETPIT-PIT,70,30,17,yes
1753226038531,1753226038,KXMLBGAME-25JUL22DETPIT-PIT,73,27,100,yes
1753226038531,1753226038,KXMLBGAME-25JUL22DETPIT-PIT,75,25,100,yes
1753226038690,1753226038,KXMLBGAME-25JUL22DETPIT-DET,31,69,1000,no
1753226039033,1753226038,KXMLBGAME-25JUL22DETPIT-DET,31,69,3000,no
1753226039050,1753226039,KXMLBGAME-25JUL22DETPIT-DET,31,69,2000,no
1753226043350,1753226043,KXMLBGAME-25JUL22CWSTB-TB,70,30,13,yes
1753226044814,1753226044,KXMLBGAME-25JUL22DETPIT-DET,22,78,21,yes
1753226044871,1753226044,KXMLBGAME-25JUL22DETPIT-DET,22,78,27,yes
1753226044871,1753226044,KXMLBGAME-25JUL22DETPIT-DET,22,78,7,yes
1753226045050,1753226044,KXMLBGAME-25JUL22DETPIT-PIT,79,21,1,yes
1753226045050,1753226044,KXMLBGAME-25JUL22DETPIT-PIT,80,20,5,yes
1753226048513,1753226048,KXMLBGAME-25JUL22SDMIA-SD,29,71,6,yes
1753226050370,1753226050,KXMLBGAME-25JUL22DETPIT-PIT,80,20,1,yes
1753226051241,1753226051,KXMLBGAME-25JUL22BOSPHI-BOS,21,79,1,yes
1753226051241,1753226051,KXMLBGAME-25JUL22BOSPHI-BOS,22,78,1,yes
1753226051241,1753226051,KXMLBGAME-25JUL22BOSPHI-BOS,22,78,6,yes
1753226052111,1753226052,KXMLBGAME-25JUL22NYYTOR-NYY,56,44,87,yes
1753226052111,1753226052,KXMLBGAME-25JUL22NYYTOR-NYY,56,44,13,yes
1753226055452,1753226055,KXMLBGAME-25JUL22CINWSH-CIN,57,43,28,yes
1753226055590,1753226055,KXMLBGAME-25JUL22DETPIT-DET,22,78,13,yes
1753226055771,1753226055,KXMLBGAME-25JUL22BOSPHI-PHI,79,21,1,no
1753226055852,1753226055,KXMLBGAME-25JUL22DETPIT-PIT,78,22,13,no
1753226059111,1753226059,KXMLBGAME-25JUL22SDMIA-SD,22,78,25,no
1753226059111,1753226059,KXMLBGAME-25JUL22SDMIA-SD,18,82,127,no
1753226060729,1753226060,KXMLBGAME-25JUL22BOSPHI-PHI,79,21,4,yes
1753226060729,1753226060,KXMLBGAME-25JUL22BOSPHI-PHI,80,20,26,yes
1753226061172,1753226061,KXMLBGAME-25JUL22DETPIT-PIT,78,22,23,no
1753226061172,1753226061,KXMLBGAME-25JUL22DETPIT-PIT,78,22,156,no
1753226064415,1753226064,KXMLBGAME-25JUL22BOSPHI-BOS,21,79,64,yes
1753226064415,1753226064,KXMLBGAME-25JUL22BOSPHI-BOS,22,78,1,yes
1753226064415,1753226064,KXMLBGAME-25JUL22BOSPHI-BOS,22,78,200,yes
1753226064415,1753226064,KXMLBGAME-25JUL22BOSPHI-BOS,22,78,168,yes
1753226064415,1753226064,KXMLBGAME-25JUL22DETPIT-DET,19,81,87,no
1753226064415,1753226064,KXMLBGAME-25JUL22DETPIT-DET,19,81,90,no
1753226068391,1753226068,KXMLBGAME-25JUL22DETPIT-DET,21,79,1000,yes
1753226068391,1753226068,KXMLBGAME-25JUL22DETPIT-DET,22,78,480,yes
1753226068391,1753226068,KXMLBGAME-25JUL22DETPIT-DET,22,78,300,yes
1753226068391,1753226068,KXMLBGAME-25JUL22DETPIT-DET,22,78,48,yes
1753226068391,1753226068,KXMLBGAME-25JUL22DETPIT-DET,23,77,600,yes
1753226068391,1753226068,KXMLBGAME-25JUL22DETPIT-DET,23,77,49,yes
1753226070291,1753226070,KXMLBGAME-25JUL22BOSPHI-PHI,80,20,1,yes
1753226070291,1753226070,KXMLBGAME-25JUL22BOSPHI-PHI,81,19,1,yes
1753226070291,1753226070,KXMLBGAME-25JUL22BOSPHI-PHI,81,19,241,yes
1753226072631,1753226072,KXMLBGAME-25JUL22BOSPHI-PHI,81,19,2,yes
1753226076230,1753226076,KXMLBGAME-25JUL22DETPIT-PIT,80,20,12,yes
1753226077149,1753226077,KXMLBGAME-25JUL22BOSPHI-PHI,81,19,121,yes
1753226079571,1753226079,KXMLBGAME-25JUL22LAANYM-NYM,60,40,2473,no
1753226079571,1753226079,KXMLBGAME-25JUL22LAANYM-NYM,60,40,25,no
1753226079571,1753226079,KXMLBGAME-25JUL22LAANYM-NYM,60,40,300,no
1753226079649,1753226079,KXMLBGAME-25JUL22LAANYM-LAA,40,60,300,yes
1753226080073,1753226080,KXMLBGAME-25JUL22SFATL-ATL,53,47,1,yes
1753226080531,1753226080,KXMLBGAME-25JUL22BALCLE-BAL,31,69,31,no
1753226081150,1753226081,KXMLBGAME-25JUL22CWSTB-TB,70,30,10,yes
1753226086130,1753226086,KXMLBGAME-25JUL22SDMIA-MIA,67,33,145,yes
1753226089250,1753226089,KXMLBGAME-25JUL22DETPIT-PIT,80,20,82,yes
1753226089250,1753226089,KXMLBGAME-25JUL22DETPIT-PIT,80,20,226,yes
1753226090490,1753226090,KXMLBGAME-25JUL22DETPIT-DET,22,78,2,yes
1753226091589,1753226091,KXMLBGAME-25JUL22NYYTOR-NYY,56,44,300,yes
1753226091589,1753226091,KXMLBGAME-25JUL22NYYTOR-NYY,57,43,2700,yes
1753226092230,1753226092,KXMLBGAME-25JUL22NYYTOR-TOR,43,57,5000,no
1753226092230,1753226092,KXMLBGAME-25JUL22NYYTOR-TOR,42,58,1000,no
1753226093732,1753226093,KXMLBGAME-25JUL22NYYTOR-NYY,59,41,3539,yes
1753226096589,1753226096,KXMLBGAME-25JUL22SDMIA-SD,35,65,10,yes
1753226096929,1753226096,KXMLBGAME-25JUL22DETPIT-DET,18,82,1,no
1753226096929,1753226096,KXMLBGAME-25JUL22DETPIT-DET,17,83,25,no
1753226101772,1753226101,KXMLBGAME-25JUL22NYYTOR-NYY,65,35,52,yes
1753226101772,1753226101,KXMLBGAME-25JUL22NYYTOR-NYY,65,35,10,yes
1753226101772,1753226101,KXMLBGAME-25JUL22NYYTOR-NYY,65,35,7,yes
1753226103150,1753226103,KXMLBGAME-25JUL22DETPIT-DET,81,19,18,yes
1753226105730,1753226105,KXMLBGAME-25JUL22DETPIT-DET,22,78,173,no
1753226109249,1753226109,KXMLBGAME-25JUL22DETPIT-PIT,74,26,36,no
1753226109249,1753226109,KXMLBGAME-25JUL22DETPIT-PIT,73,27,300,no
1753226113869,1753226113,KXMLBGAME-25JUL22SDMIA-SD,33,67,1,no
1753226116252,1753226116,KXMLBGAME-25JUL22DETPIT-DET,27,73,5,no
1753226118408,1753226118,KXMLBGAME-25JUL22DETPIT-PIT,72,28,1,no
1753226120891,1753226120,KXMLBGAME-25JUL22NYYTOR-NYY,73,27,26,yes
1753226121109,1753226121,KXMLBGAME-25JUL22DETPIT-PIT,73,27,8,yes
1753226121329,1753226121,KXMLBGAME-25JUL22SDMIA-MIA,68,32,53,yes
1753226124169,1753226123,KXMLBGAME-25JUL22NYYTOR-NYY,73,27,74,yes
1753226124632,1753226124,KXMLBGAME-25JUL22CWSTB-CWS,33,67,72,yes
1753226126650,1753226126,KXMLBGAME-25JUL22BALCLE-BAL,28,72,3,yes
1753226128632,1753226128,KXMLBGAME-25JUL22NYYTOR-NYY,75,25,22,yes
1753226131051,1753226131,KXMLBGAME-25JUL22KCCHC-KC,30,70,31,yes
1753226131109,1753226131,KXMLBGAME-25JUL22KCCHC-KC,30,70,34,yes
1753226131230,1753226131,KXMLBGAME-25JUL22STLCOL-STL,61,39,1276,yes
1753226133308,1753226133,KXMLBGAME-25JUL22KCCHC-CHC,71,29,48,yes
1753226134470,1753226134,KXMLBGAME-25JUL22SDMIA-SD,33,67,48,yes
1753226134470,1753226134,KXMLBGAME-25JUL22SDMIA-SD,33,67,300,yes
1753226134470,1753226134,KXMLBGAME-25JUL22SDMIA-SD,34,66,100,yes
1753226134470,1753226134,KXMLBGAME-25JUL22SDMIA-SD,34,66,273,yes
1753226135432,1753226135,KXMLBGAME-25JUL22LAANYM-LAA,43,57,200,yes
1753226135531,1753226135,KXMLBGAME-25JUL22KCCHC-CHC,71,29,11,yes
1753226138172,1753226138,KXMLBGAME-25JUL22DETPIT-DET,29,71,68,yes
1753226138270,1753226138,KXMLBGAME-25JUL22KCCHC-KC,31,69,9,yes
1753226139012,1753226138,KXMLBGAME-25JUL22DETPIT-DET,29,71,32,yes
1753226139430,1753226139,KXMLBGAME-25JUL22NYYTOR-NYY,75,25,14,yes
1753226139450,1753226139,KXMLBGAME-25JUL22SDMIA-MIA,68,32,6,yes
1753226139631,1753226139,KXMLBGAME-25JUL22DETPIT-DET,29,71,16,yes
1753226141671,1753226141,KXMLBGAME-25JUL22DETPIT-DET,29,71,1,yes
1753226141871,1753226141,KXMLBGAME-25JUL22SDMIA-MIA,68,32,48,yes
1753226141871,1753226141,KXMLBGAME-25JUL22SDMIA-MIA,68,32,5,yes
1753226142031,1753226141,KXMLBGAME-25JUL22KCCHC-CHC,71,29,138,yes
1753226142352,1753226142,KXMLBGAME-25JUL22CINWSH-WSH,39,61,500,no
1753226142352,1753226142,KXMLBGAME-25JUL22CINWSH-WSH,39,61,5000,no
1753226142352,1753226142,KXMLBGAME-25JUL22CINWSH-WSH,39,61,1646,no
1753226142352,1753226142,KXMLBGAME-25JUL22CINWSH-WSH,39,61,61,no
1753226142352,1753226142,KXMLBGAME-25JUL22CINWSH-CIN,61,39,500,yes
1753226142352,1753226142,KXMLBGAME-25JUL22CINWSH-CIN,61,39,61,yes
1753226142352,1753226142,KXMLBGAME-25JUL22CINWSH-CIN,62,38,500,yes
1753226142352,1753226142,KXMLBGAME-25JUL22CINWSH-CIN,62,38,600,yes
1753226142352,1753226142,KXMLBGAME-25JUL22CINWSH-CIN,63,37,750,yes
1753226142352,1753226142,KXMLBGAME-25JUL22CINWSH-CIN,65,35,52,yes
1753226142352,1753226142,KXMLBGAME-25JUL22CINWSH-CIN,65,35,10,yes
1753226142612,1753226142,KXMLBGAME-25JUL22NYYTOR-NYY,73,27,69,no
1753226144670,1753226144,KXMLBGAME-25JUL22DETPIT-PIT,73,27,66,yes
1753226145870,1753226145,KXMLBGAME-25JUL22NYYTOR-TOR,27,73,300,yes
1753226145870,1753226145,KXMLBGAME-25JUL22NYYTOR-TOR,27,73,57,yes
1753226145930,1753226145,KXMLBGAME-25JUL22NYYTOR-TOR,28,72,34,yes
1753226147131,1753226147,KXMLBGAME-25JUL22NYYTOR-NYY,75,25,32,yes
1753226147372,1753226147,KXMLBGAME-25JUL22DETPIT-PIT,73,27,150,yes
1753226147752,1753226147,KXMLBGAME-25JUL22SDMIA-SD,33,67,1,yes
1753226148132,1753226148,KXMLBGAME-25JUL22NYYTOR-NYY,75,25,32,yes
1753226148132,1753226148,KXMLBGAME-25JUL22NYYTOR-NYY,76,24,87,yes
1753226148132,1753226148,KXMLBGAME-25JUL22NYYTOR-NYY,76,24,269,yes
1753226148649,1753226148,KXMLBGAME-25JUL22KCCHC-KC,31,69,6,yes
1753226150409,1753226150,KXMLBGAME-25JUL22KCCHC-CHC,71,29,12,yes
1753226151253,1753226151,KXMLBGAME-25JUL22DETPIT-DET,29,71,130,yes
1753226151408,1753226151,KXMLBGAME-25JUL22KCCHC-CHC,71,29,9,yes
1753226151590,1753226151,KXMLBGAME-25JUL22SFATL-ATL,54,46,87,yes
1753226151590,1753226151,KXMLBGAME-25JUL22SFATL-ATL,54,46,1033,yes
1753226152916,1753226152,KXMLBGAME-25JUL22NYYTOR-TOR,28,72,50,yes
1753226154798,1753226154,KXMLBGAME-25JUL22DETPIT-PIT,73,27,16,yes
1753226154950,1753226154,KXMLBGAME-25JUL22NYYTOR-TOR,28,72,8,yes
1753226155109,1753226155,KXMLBGAME-25JUL22SDMIA-MIA,68,32,5,yes
1753226155110,1753226155,KXMLBGAME-25JUL22SDMIA-MIA,69,31,24,yes
1753226155871,1753226155,KXMLBGAME-25JUL22DETPIT-DET,29,71,263,yes
1753226156330,1753226156,KXMLBGAME-25JUL22NYYTOR-NYY,75,25,65,yes
1753226156571,1753226156,KXMLBGAME-25JUL22KCCHC-CHC,71,29,9,yes
1753226157030,1753226156,KXMLBGAME-25JUL22NYYTOR-NYY,75,25,26,yes
1753226158230,1753226158,KXMLBGAME-25JUL22BOSPHI-BOS,20,80,23,yes
1753226159212,1753226159,KXMLBGAME-25JUL22NYYTOR-TOR,27,73,5000,no
1753226159407,1753226159,KXMLBGAME-25JUL22NYYTOR-TOR,27,73,643,no
1753226159950,1753226159,KXMLBGAME-25JUL22KCCHC-CHC,71,29,20,yes
1753226160228,1753226160,KXMLBGAME-25JUL22CWSTB-TB,69,31,354,yes
1753226160629,1753226160,KXMLBGAME-25JUL22DETPIT-PIT,71,29,189,no
1753226162811,1753226162,KXMLBGAME-25JUL22NYYTOR-NYY,76,24,19,yes
1753226163890,1753226163,KXMLBGAME-25JUL22NYYTOR-NYY,76,24,1,yes
1753226164452,1753226164,KXMLBGAME-25JUL22BALCLE-CLE,75,25,26,yes
1753226164791,1753226164,KXMLBGAME-25JUL22BOSPHI-PHI,81,19,6,yes
1753226165131,1753226165,KXMLBGAME-25JUL22KCCHC-CHC,71,29,13,yes
1753226165769,1753226165,KXMLBGAME-25JUL22MINLAD-MIN,33,67,131,yes
1753226166931,1753226166,KXMLBGAME-25JUL22BALCLE-BAL,28,72,102,yes
1753226167771,1753226167,KXMLBGAME-25JUL22DETPIT-DET,29,71,13,yes
1753226170111,1753226170,KXMLBGAME-25JUL22SFATL-SF,47,53,297,yes
1753226171630,1753226171,KXMLBGAME-25JUL22NYYTOR-NYY,76,24,1,yes
1753226174630,1753226174,KXMLBGAME-25JUL22CWSTB-CWS,34,66,5,yes
1753226175150,1753226175,KXMLBGAME-25JUL22KCCHC-CHC,71,29,33,yes
1753226176311,1753226176,KXMLBGAME-25JUL22DETPIT-PIT,73,27,12,yes
1753226178411,1753226178,KXMLBGAME-25JUL22LAANYM-NYM,64,36,38,yes
1753226181211,1753226181,KXMLBGAME-25JUL22MINLAD-MIN,33,67,167,yes
1753226181211,1753226181,KXMLBGAME-25JUL22KCCHC-CHC,71,29,13,yes
1753226183891,1753226183,KXMLBGAME-25JUL22STLCOL-COL,40,60,7,yes
1753226185671,1753226185,KXMLBGAME-25JUL22DETPIT-DET,29,71,3,yes
1753226188049,1753226187,KXMLBGAME-25JUL22SDMIA-MIA,69,31,70,yes
1753226188430,1753226188,KXMLBGAME-25JUL22SFATL-SF,47,53,6,yes
1753226188431,1753226188,KXMLBGAME-25JUL22KCCHC-CHC,71,29,138,yes
1753226188501,1753226188,KXMLBGAME-25JUL22KCCHC-CHC,71,29,140,yes
1753226189389,1753226189,KXMLBGAME-25JUL22SFATL-ATL,53,47,91,no
1753226190436,1753226190,KXMLBGAME-25JUL22SDMIA-SD,31,69,1,no
1753226190871,1753226190,KXMLBGAME-25JUL22DETPIT-DET,29,71,32,yes
1753226191290,1753226191,KXMLBGAME-25JUL22SDMIA-MIA,69,31,7,yes
1753226193053,1753226193,KXMLBGAME-25JUL22KCCHC-CHC,71,29,41,yes
1753226194351,1753226194,KXMLBGAME-25JUL22ATHTEX-TEX,67,33,364,yes
1753226194712,1753226194,KXMLBGAME-25JUL22DETPIT-PIT,74,26,66,yes
1753226195932,1753226195,KXMLBGAME-25JUL22BOSPHI-PHI,81,19,12,yes
1753226196410,1753226196,KXMLBGAME-25JUL22KCCHC-KC,31,69,6,yes
1753226198789,1753226198,KXMLBGAME-25JUL22NYYTOR-NYY,72,28,1,no
1753226199051,1753226199,KXMLBGAME-25JUL22SFATL-SF,46,54,20,no
1753226199312,1753226199,KXMLBGAME-25JUL22BOSPHI-BOS,19,81,2,no
1753226200529,1753226200,KXMLBGAME-25JUL22SDMIA-MIA,69,31,42,yes
1753226201091,1753226201,KXMLBGAME-25JUL22CINWSH-WSH,48,52,6,yes
1753226202771,1753226202,KXMLBGAME-25JUL22BALCLE-CLE,75,25,2,yes
1753226204131,1753226204,KXMLBGAME-25JUL22CWSTB-CWS,33,67,34,yes
1753226204371,1753226204,KXMLBGAME-25JUL22KCCHC-CHC,71,29,13,yes
1753226205289,1753226205,KXMLBGAME-25JUL22SDMIA-MIA,69,31,83,yes
1753226205290,1753226205,KXMLBGAME-25JUL22KCCHC-CHC,71,29,133,yes
1753226205290,1753226205,KXMLBGAME-25JUL22KCCHC-CHC,71,29,5,yes
1753226205791,1753226205,KXMLBGAME-25JUL22NYYTOR-NYY,74,26,87,yes
1753226205791,1753226205,KXMLBGAME-25JUL22NYYTOR-NYY,75,25,184,yes
1753226207030,1753226206,KXMLBGAME-25JUL22DETPIT-DET,28,72,58,no
1753226209390,1753226209,KXMLBGAME-25JUL22BOSPHI-BOS,19,81,249,yes
1753226209409,1753226209,KXMLBGAME-25JUL22KCCHC-CHC,71,29,345,yes
1753226210328,1753226210,KXMLBGAME-25JUL22KCCHC-KC,31,69,18,yes
1753226211290,1753226211,KXMLBGAME-25JUL22BOSPHI-PHI,82,18,24,yes
1753226211670,1753226211,KXMLBGAME-25JUL22NYYTOR-TOR,27,73,52,yes
1753226212850,1753226212,KXMLBGAME-25JUL22KCCHC-KC,31,69,30,yes
1753226212910,1753226212,KXMLBGAME-25JUL22SFATL-SF,48,52,87,yes
1753226212910,1753226212,KXMLBGAME-25JUL22SFATL-SF,49,51,13,yes
1753226212970,1753226212,KXMLBGAME-25JUL22DETPIT-PIT,74,26,18,yes
1753226213030,1753226212,KXMLBGAME-25JUL22DETPIT-DET,28,72,1,no
1753226213230,1753226213,KXMLBGAME-25JUL22SDMIA-MIA,70,30,51,yes
1753226213251,1753226213,KXMLBGAME-25JUL22KCCHC-KC,31,69,30,yes
1753226214242,1753226214,KXMLBGAME-25JUL22BOSPHI-BOS,19,81,51,yes
1753226214242,1753226214,KXMLBGAME-25JUL22BOSPHI-BOS,20,80,70,yes
1753226218571,1753226218,KXMLBGAME-25JUL22DETPIT-DET,28,72,173,no
1753226218873,1753226218,KXMLBGAME-25JUL22NYYTOR-NYY,74,26,500,yes
1753226218873,1753226218,KXMLBGAME-25JUL22NYYTOR-NYY,75,25,87,yes
1753226218873,1753226218,KXMLBGAME-25JUL22NYYTOR-NYY,75,25,205,yes
1753226218910,1753226218,KXMLBGAME-25JUL22SFATL-ATL,53,47,137,yes
1753226220391,1753226220,KXMLBGAME-25JUL22SDMIA-MIA,72,28,87,yes
1753226220391,1753226220,KXMLBGAME-25JUL22SDMIA-MIA,73,27,48,yes
1753226223710,1753226223,KXMLBGAME-25JUL22DETPIT-DET,30,70,635,yes
1753226223851,1753226223,KXMLBGAME-25JUL22SDMIA-MIA,73,27,26,yes
1753226224291,1753226224,KXMLBGAME-25JUL22NYYTOR-NYY,75,25,11,yes
1753226224772,1753226224,KXMLBGAME-25JUL22SDMIA-SD,29,71,48,yes
1753226224772,1753226224,KXMLBGAME-25JUL22SDMIA-SD,29,71,66,yes
1753226225589,1753226225,KXMLBGAME-25JUL22NYYTOR-NYY,75,25,65,yes
1753226226029,1753226225,KXMLBGAME-25JUL22MINLAD-MIN,33,67,1,yes
1753226226068,1753226226,KXMLBGAME-25JUL22BOSPHI-BOS,19,81,64,yes
1753226226872,1753226226,KXMLBGAME-25JUL22SDMIA-SD,30,70,190,yes
1753226227551,1753226227,KXMLBGAME-25JUL22NYYTOR-NYY,75,25,4112,yes
1753226231190,1753226231,KXMLBGAME-25JUL22DETPIT-DET,30,70,3,yes
1753226231432,1753226231,KXMLBGAME-25JUL22SFATL-SF,49,51,19,yes
1753226232472,1753226232,KXMLBGAME-25JUL22DETPIT-DET,30,70,31,yes
1753226232649,1753226232,KXMLBGAME-25JUL22BALCLE-BAL,28,72,34,yes
1753226233670,1753226233,KXMLBGAME-25JUL22DETPIT-DET,30,70,6,yes
1753226234091,1753226234,KXMLBGAME-25JUL22NYYTOR-NYY,72,28,87,no
1753226234091,1753226234,KXMLBGAME-25JUL22NYYTOR-NYY,72,28,300,no
1753226235072,1753226235,KXMLBGAME-25JUL22BOSPHI-PHI,82,18,12,yes
1753226236091,1753226236,KXMLBGAME-25JUL22NYYTOR-NYY,72,28,132,yes
1753226238190,1753226238,KXMLBGAME-25JUL22NYYTOR-NYY,72,28,61,yes
1753226238431,1753226238,KXMLBGAME-25JUL22MINLAD-MIN,33,67,5,yes
1753226239571,1753226239,KXMLBGAME-25JUL22BOSPHI-BOS,19,81,63,yes
1753226239949,1753226239,KXMLBGAME-25JUL22CWSTB-CWS,34,66,275,yes
1753226239949,1753226239,KXMLBGAME-25JUL22CWSTB-CWS,35,65,220,yes
1753226239949,1753226239,KXMLBGAME-25JUL22CWSTB-CWS,35,65,196,yes
1753226240672,1753226240,KXMLBGAME-25JUL22LAANYM-LAA,39,61,61,yes
1753226241190,1753226241,KXMLBGAME-25JUL22NYYTOR-NYY,72,28,410,yes
1753226242229,1753226242,KXMLBGAME-25JUL22BOSPHI-PHI,82,18,10,yes
1753226244771,1753226244,KXMLBGAME-25JUL22MINLAD-LAD,65,35,5,no
1753226244771,1753226244,KXMLBGAME-25JUL22MINLAD-LAD,65,35,2995,no
1753226245033,1753226244,KXMLBGAME-25JUL22SDMIA-SD,30,70,15,yes
1753226245271,1753226245,KXMLBGAME-25JUL22DETPIT-PIT,73,27,9,yes
1753226245451,1753226245,KXMLBGAME-25JUL22SFATL-ATL,53,47,45,yes
1753226247351,1753226247,KXMLBGAME-25JUL22NYYTOR-NYY,72,28,20,yes
1753226247930,1753226247,KXMLBGAME-25JUL22DETPIT-PIT,73,27,20,yes
1753226248751,1753226248,KXMLBGAME-25JUL22LAANYM-NYM,65,35,26,yes
1753226249471,1753226249,KXMLBGAME-25JUL22NYYTOR-NYY,72,28,1990,yes
1753226249471,1753226249,KXMLBGAME-25JUL22NYYTOR-NYY,72,28,87,yes
1753226249471,1753226249,KXMLBGAME-25JUL22NYYTOR-NYY,73,27,300,yes
1753226249471,1753226249,KXMLBGAME-25JUL22NYYTOR-NYY,74,26,500,yes
1753226249471,1753226249,KXMLBGAME-25JUL22NYYTOR-NYY,75,25,1016,yes
1753226253112,1753226253,KXMLBGAME-25JUL22MINLAD-MIN,33,67,5,yes
1753226255041,1753226254,KXMLBGAME-25JUL22BOSPHI-BOS,17,83,15,no
1753226255290,1753226255,KXMLBGAME-25JUL22CWSTB-CWS,34,66,8,yes
1753226255310,1753226255,KXMLBGAME-25JUL22SFATL-ATL,54,46,4,yes
1753226259313,1753226259,KXMLBGAME-25JUL22DETPIT-DET,30,70,15,yes
1753226259313,1753226259,KXMLBGAME-25JUL22SDMIA-MIA,72,28,62,yes
1753226260148,1753226259,KXMLBGAME-25JUL22DETPIT-DET,28,72,68,no
1753226260148,1753226259,KXMLBGAME-25JUL22DETPIT-DET,27,73,187,no
1753226261912,1753226261,KXMLBGAME-25JUL22BALCLE-BAL,27,73,3,yes
1753226264749,1753226264,KXMLBGAME-25JUL22DETPIT-DET,30,70,389,yes
1753226265611,1753226265,KXMLBGAME-25JUL22SFATL-ATL,54,46,26,yes
1753226266133,1753226266,KXMLBGAME-25JUL22NYYTOR-NYY,73,27,33,yes
1753226266631,1753226266,KXMLBGAME-25JUL22KCCHC-KC,31,69,89,yes
1753226267910,1753226267,KXMLBGAME-25JUL22STLCOL-STL,61,39,12,yes
1753226268088,1753226267,KXMLBGAME-25JUL22DETPIT-PIT,73,27,40,yes
1753226269688,1753226269,KXMLBGAME-25JUL22SDMIA-MIA,72,28,7,yes
1753226269911,1753226269,KXMLBGAME-25JUL22SDMIA-SD,30,70,31,yes
1753226273550,1753226273,KXMLBGAME-25JUL22NYYTOR-TOR,28,72,13,yes
1753226275315,1753226275,KXMLBGAME-25JUL22DETPIT-DET,30,70,75,yes
1753226275315,1753226275,KXMLBGAME-25JUL22SFATL-SF,48,52,6,yes
1753226276351,1753226276,KXMLBGAME-25JUL22LAANYM-NYM,65,35,26,yes
1753226276351,1753226276,KXMLBGAME-25JUL22LAANYM-NYM,65,35,10,yes
1753226276351,1753226276,KXMLBGAME-25JUL22LAANYM-NYM,65,35,15,yes
1753226276610,1753226276,KXMLBGAME-25JUL22HOUARI-HOU,54,46,15,yes
1753226278350,1753226278,KXMLBGAME-25JUL22KCCHC-CHC,71,29,55,yes
1753226278531,1753226278,KXMLBGAME-25JUL22NYYTOR-TOR,27,73,25,no
1753226281090,1753226281,KXMLBGAME-25JUL22SDMIA-SD,30,70,47,yes
1753226281292,1753226281,KXMLBGAME-25JUL22BOSPHI-BOS,18,82,131,yes
1753226283711,1753226283,KXMLBGAME-25JUL22SDMIA-SD,30,70,15,yes
1753226284310,1753226284,KXMLBGAME-25JUL22DETPIT-DET,30,70,87,no
1753226284310,1753226284,KXMLBGAME-25JUL22DETPIT-DET,30,70,172,no
1753226284391,1753226284,KXMLBGAME-25JUL22NYYTOR-NYY,73,27,49,yes
1753226285810,1753226285,KXMLBGAME-25JUL22DETPIT-PIT,70,30,6,yes
1753226286029,1753226285,KXMLBGAME-25JUL22MINLAD-LAD,65,35,2004,yes
1753226286169,1753226286,KXMLBGAME-25JUL22MINLAD-MIN,33,67,2995,yes
1753226286650,1753226286,KXMLBGAME-25JUL22KCCHC-CHC,70,30,20,yes
1753226287191,1753226287,KXMLBGAME-25JUL22CWSTB-CWS,34,66,112,yes
1753226287790,1753226287,KXMLBGAME-25JUL22ATHTEX-ATH,34,66,8,yes
1753226287950,1753226287,KXMLBGAME-25JUL22NYYTOR-TOR,28,72,50,yes
1753226288893,1753226288,KXMLBGAME-25JUL22DETPIT-PIT,70,30,48,yes
1753226290143,1753226290,KXMLBGAME-25JUL22MILSEA-SEA,54,46,35,yes
1753226290611,1753226290,KXMLBGAME-25JUL22DETPIT-DET,33,67,56,yes
1753226290611,1753226290,KXMLBGAME-25JUL22DETPIT-DET,33,67,26,yes
1753226291771,1753226291,KXMLBGAME-25JUL22ATHTEX-TEX,67,33,50,yes
1753226292591,1753226292,KXMLBGAME-25JUL22DETPIT-PIT,70,30,7,yes
1753226293511,1753226293,KXMLBGAME-25JUL22SFATL-ATL,54,46,20,yes
1753226293771,1753226293,KXMLBGAME-25JUL22CINWSH-WSH,50,50,7,yes
1753226294650,1753226294,KXMLBGAME-25JUL22NYYTOR-TOR,28,72,52,yes
1753226295370,1753226295,KXMLBGAME-25JUL22BALCLE-CLE,72,28,16,no
1753226297830,1753226297,KXMLBGAME-25JUL22CWSTB-TB,67,33,56,yes
1753226300651,1753226300,KXMLBGAME-25JUL22KCCHC-KC,31,69,86,yes
1753226301752,1753226301,KXMLBGAME-25JUL22SDMIA-MIA,72,28,8,yes
1753226301752,1753226301,KXMLBGAME-25JUL22SDMIA-MIA,72,28,31,yes
1753226301752,1753226301,KXMLBGAME-25JUL22SDMIA-MIA,72,28,47,yes
1753226301752,1753226301,KXMLBGAME-25JUL22SDMIA-MIA,72,28,15,yes
1753226302190,1753226302,KXMLBGAME-25JUL22MINLAD-MIN,33,67,2004,yes
1753226305171,1753226305,KXMLBGAME-25JUL22LAANYM-LAA,38,62,7,yes
1753226306490,1753226306,KXMLBGAME-25JUL22SFATL-ATL,54,46,7,yes
1753226307134,1753226307,KXMLBGAME-25JUL22SDMIA-SD,30,70,92,yes
1753226307134,1753226307,KXMLBGAME-25JUL22SDMIA-SD,30,70,100,yes
1753226307134,1753226307,KXMLBGAME-25JUL22SDMIA-SD,30,70,46,yes
1753226310710,1753226310,KXMLBGAME-25JUL22KCCHC-CHC,70,30,27,yes
1753226311012,1753226310,KXMLBGAME-25JUL22DETPIT-DET,33,67,474,yes
1753226311012,1753226310,KXMLBGAME-25JUL22DETPIT-DET,33,67,300,yes
1753226311012,1753226310,KXMLBGAME-25JUL22DETPIT-DET,33,67,22,yes
1753226311012,1753226310,KXMLBGAME-25JUL22DETPIT-DET,33,67,300,yes
1753226311012,1753226310,KXMLBGAME-25JUL22DETPIT-DET,33,67,104,yes
1753226312052,1753226312,KXMLBGAME-25JUL22SDMIA-MIA,72,28,92,yes
1753226312052,1753226312,KXMLBGAME-25JUL22SDMIA-MIA,73,27,43,yes
1753226315110,1753226315,KXMLBGAME-25JUL22NYYTOR-NYY,73,27,25,yes
1753226315614,1753226315,KXMLBGAME-25JUL22SFATL-ATL,54,46,55,yes
1753226320035,1753226319,KXMLBGAME-25JUL22MINLAD-LAD,66,34,36,yes
1753226320371,1753226320,KXMLBGAME-25JUL22BALCLE-CLE,74,26,132,yes
1753226320730,1753226320,KXMLBGAME-25JUL22DETPIT-DET,33,67,2,yes
1753226320950,1753226320,KXMLBGAME-25JUL22BOSPHI-PHI,83,17,155,yes
1753226321636,1753226321,KXMLBGAME-25JUL22BOSPHI-BOS,18,82,5,yes
1753226326332,1753226326,KXMLBGAME-25JUL22BALCLE-BAL,29,71,31,yes
1753226329050,1753226329,KXMLBGAME-25JUL22DETPIT-DET,33,67,42,yes
1753226329050,1753226329,KXMLBGAME-25JUL22DETPIT-DET,33,67,2,yes
1753226329050,1753226329,KXMLBGAME-25JUL22DETPIT-DET,33,67,13,yes
1753226330290,1753226330,KXMLBGAME-25JUL22MILSEA-MIL,46,54,3,yes
1753226330451,1753226330,KXMLBGAME-25JUL22SDMIA-SD,33,67,6,yes
1753226330770,1753226330,KXMLBGAME-25JUL22LAANYM-LAA,38,62,123,yes
1753226331750,1753226331,KXMLBGAME-25JUL22BALCLE-BAL,29,71,16,yes
1753226332701,1753226332,KXMLBGAME-25JUL22NYYTOR-TOR,28,72,17,yes
1753226335130,1753226335,KXMLBGAME-25JUL22KCCHC-CHC,70,30,13,yes
1753226335373,1753226335,KXMLBGAME-25JUL22CWSTB-TB,67,33,90,yes
1753226335471,1753226335,KXMLBGAME-25JUL22ATHTEX-TEX,67,33,319,yes
1753226335672,1753226335,KXMLBGAME-25JUL22SDMIA-SD,33,67,1,yes
1753226337910,1753226337,KXMLBGAME-25JUL22MINLAD-MIN,32,68,5,no
1753226339470,1753226339,KXMLBGAME-25JUL22SFATL-SF,46,54,1000,no
1753226340890,1753226340,KXMLBGAME-25JUL22SDMIA-SD,33,67,14,yes
1753226344770,1753226344,KXMLBGAME-25JUL22DETPIT-PIT,69,31,1,yes
1753226344820,1753226344,KXMLBGAME-25JUL22DETPIT-DET,32,68,1,no
1753226346409,1753226346,KXMLBGAME-25JUL22KCCHC-CHC,70,30,1,yes
1753226346849,1753226346,KXMLBGAME-25JUL22DETPIT-PIT,69,31,56,yes
1753226347450,1753226347,KXMLBGAME-25JUL22DETPIT-PIT,67,33,19,no
1753226350632,1753226350,KXMLBGAME-25JUL22NYYTOR-NYY,73,27,193,yes
1753226350632,1753226350,KXMLBGAME-25JUL22NYYTOR-NYY,73,27,60,yes
1753226350632,1753226350,KXMLBGAME-25JUL22NYYTOR-NYY,74,26,82,yes
1753226352632,1753226352,KXMLBGAME-25JUL22NYYTOR-NYY,73,27,45,yes
1753226352632,1753226352,KXMLBGAME-25JUL22NYYTOR-NYY,73,27,300,yes
1753226352632,1753226352,KXMLBGAME-25JUL22NYYTOR-NYY,74,26,74,yes
1753226353932,1753226353,KXMLBGAME-25JUL22BOSPHI-PHI,83,17,43,yes
1753226353932,1753226353,KXMLBGAME-25JUL22BOSPHI-PHI,83,17,33,yes
1753226353932,1753226353,KXMLBGAME-25JUL22BOSPHI-PHI,83,17,1,yes
1753226353932,1753226353,KXMLBGAME-25JUL22BOSPHI-PHI,84,16,41,yes
1753226354710,1753226354,KXMLBGAME-25JUL22SFATL-ATL,58,42,8,yes
1753226355789,1753226355,KXMLBGAME-25JUL22SFATL-ATL,58,42,11,yes
1753226357851,1753226357,KXMLBGAME-25JUL22SDMIA-SD,33,67,37,yes
1753226357890,1753226357,KXMLBGAME-25JUL22DETPIT-DET,33,67,46,yes
1753226358291,1753226358,KXMLBGAME-25JUL22ATHTEX-TEX,67,33,137,yes
1753226358429,1753226358,KXMLBGAME-25JUL22DETPIT-DET,33,67,14,yes
1753226358753,1753226358,KXMLBGAME-25JUL22LAANYM-LAA,38,62,118,yes
1753226363305,1753226363,KXMLBGAME-25JUL22DETPIT-PIT,67,33,51,no
1753226364591,1753226364,KXMLBGAME-25JUL22NYYTOR-NYY,72,28,20,no
1753226365931,1753226365,KXMLBGAME-25JUL22LAANYM-NYM,65,35,6,yes
1753226367910,1753226367,KXMLBGAME-25JUL22LAANYM-LAA,38,62,52,yes
1753226367910,1753226367,KXMLBGAME-25JUL22LAANYM-LAA,39,61,79,yes
1753226367910,1753226367,KXMLBGAME-25JUL22LAANYM-LAA,39,61,485,yes
1753226368192,1753226368,KXMLBGAME-25JUL22SDMIA-MIA,67,33,53,no
1753226368750,1753226368,KXMLBGAME-25JUL22CWSTB-CWS,34,66,155,yes
1753226368750,1753226368,KXMLBGAME-25JUL22CWSTB-CWS,34,66,8,yes
1753226368750,1753226368,KXMLBGAME-25JUL22CWSTB-CWS,34,66,2,yes
1753226368750,1753226368,KXMLBGAME-25JUL22CWSTB-CWS,34,66,110,yes
1753226368751,1753226368,KXMLBGAME-25JUL22CWSTB-CWS,34,66,873,yes
1753226368751,1753226368,KXMLBGAME-25JUL22CWSTB-TB,67,33,50,yes
1753226369151,1753226369,KXMLBGAME-25JUL22CINWSH-CIN,51,49,1000,yes
1753226369151,1753226369,KXMLBGAME-25JUL22CINWSH-CIN,51,49,600,yes
1753226369310,1753226369,KXMLBGAME-25JUL22LAANYM-LAA,38,62,1,yes
1753226369350,1753226369,KXMLBGAME-25JUL22LAANYM-LAA,38,62,1,yes
1753226369350,1753226369,KXMLBGAME-25JUL22LAANYM-LAA,38,62,1,yes
1753226369811,1753226369,KXMLBGAME-25JUL22SDMIA-MIA,67,33,29,no
1753226372770,1753226372,KXMLBGAME-25JUL22BOSPHI-BOS,18,82,26,yes
1753226373409,1753226373,KXMLBGAME-25JUL22DETPIT-DET,32,68,2,no
1753226373670,1753226373,KXMLBGAME-25JUL22NYYTOR-NYY,72,28,3539,no
1753226373913,1753226373,KXMLBGAME-25JUL22BOSPHI-BOS,18,82,138,yes
1753226373913,1753226373,KXMLBGAME-25JUL22BOSPHI-BOS,18,82,41,yes
1753226373913,1753226373,KXMLBGAME-25JUL22BOSPHI-BOS,19,81,328,yes
1753226373991,1753226373,KXMLBGAME-25JUL22NYYTOR-TOR,27,73,7,yes
1753226374010,1753226373,KXMLBGAME-25JUL22DETPIT-PIT,69,31,14,yes
1753226376169,1753226376,KXMLBGAME-25JUL22CWSTB-TB,68,32,31,yes
1753226376611,1753226376,KXMLBGAME-25JUL22DETPIT-DET,31,69,102,yes
1753226379051,1753226379,KXMLBGAME-25JUL22SDMIA-SD,33,67,144,yes
1753226379170,1753226379,KXMLBGAME-25JUL22SFATL-SF,44,56,2,yes
1753226380190,1753226380,KXMLBGAME-25JUL22SDMIA-MIA,70,30,27,yes
1753226380490,1753226380,KXMLBGAME-25JUL22NYYTOR-TOR,27,73,45,yes
1753226384273,1753226384,KXMLBGAME-25JUL22DETPIT-PIT,70,30,6,yes
1753226384373,1753226384,KXMLBGAME-25JUL22DETPIT-PIT,70,30,6,yes
1753226385310,1753226385,KXMLBGAME-25JUL22BOSPHI-BOS,18,82,26,yes
1753226389090,1753226389,KXMLBGAME-25JUL22SDMIA-SD,37,63,1,yes
1753226389611,1753226389,KXMLBGAME-25JUL22BOSPHI-BOS,18,82,26,yes
1753226390112,1753226390,KXMLBGAME-25JUL22NYYTOR-TOR,27,73,35,yes
1753226391172,1753226391,KXMLBGAME-25JUL22KCCHC-KC,31,69,15,yes
1753226392879,1753226392,KXMLBGAME-25JUL22DETPIT-PIT,70,30,68,yes
1753226392879,1753226392,KXMLBGAME-25JUL22DETPIT-PIT,70,30,7,yes
1753226392879,1753226392,KXMLBGAME-25JUL22DETPIT-PIT,70,30,64,yes
1753226394928,1753226394,KXMLBGAME-25JUL22SFATL-SF,44,56,21,yes
1753226395070,1753226395,KXMLBGAME-25JUL22DETPIT-PIT,70,30,62,yes
1753226396090,1753226395,KXMLBGAME-25JUL22BOSPHI-BOS,18,82,248,yes
1753226396090,1753226395,KXMLBGAME-25JUL22BOSPHI-BOS,19,81,262,yes
1753226399370,1753226399,KXMLBGAME-25JUL22SFATL-SF,44,56,10,yes
1753226400010,1753226399,KXMLBGAME-25JUL22NYYTOR-NYY,74,26,26,yes
1753226400730,1753226400,KXMLBGAME-25JUL22SDMIA-SD,37,63,24,yes
1753226402650,1753226402,KXMLBGAME-25JUL22SDMIA-MIA,64,36,7,yes
1753226402650,1753226402,KXMLBGAME-25JUL22NYYTOR-NYY,74,26,8,yes
1753226402650,1753226402,KXMLBGAME-25JUL22NYYTOR-NYY,74,26,204,yes
1753226403953,1753226403,KXMLBGAME-25JUL22DETPIT-PIT,70,30,34,yes
1753226404370,1753226404,KXMLBGAME-25JUL22KCCHC-CHC,70,30,8,yes
1753226404971,1753226404,KXMLBGAME-25JUL22DETPIT-PIT,70,30,34,yes
1753226405671,1753226405,KXMLBGAME-25JUL22NYYTOR-NYY,74,26,1,yes
1753226406210,1753226406,KXMLBGAME-25JUL22KCCHC-KC,31,69,92,yes
1753226407933,1753226407,KXMLBGAME-25JUL22KCCHC-CHC,70,30,19,yes
1753226409189,1753226409,KXMLBGAME-25JUL22CWSTB-CWS,33,67,75,no
1753226413772,1753226413,KXMLBGAME-25JUL22BALCLE-BAL,26,74,91,yes
1753226415091,1753226415,KXMLBGAME-25JUL22DETPIT-PIT,70,30,41,yes
1753226415251,1753226415,KXMLBGAME-25JUL22NYYTOR-TOR,28,72,300,yes
1753226415251,1753226415,KXMLBGAME-25JUL22NYYTOR-TOR,29,71,38,yes
1753226419209,1753226419,KXMLBGAME-25JUL22NYYTOR-TOR,26,74,25,no
1753226419209,1753226419,KXMLBGAME-25JUL22NYYTOR-TOR,26,74,9,no
1753226419331,1753226419,KXMLBGAME-25JUL22NYYTOR-NYY,74,26,34,yes
1753226419331,1753226419,KXMLBGAME-25JUL22NYYTOR-NYY,74,26,55,yes
1753226419689,1753226419,KXMLBGAME-25JUL22BOSPHI-BOS,18,82,300,yes
1753226419689,1753226419,KXMLBGAME-25JUL22BOSPHI-BOS,19,81,213,yes
1753226419990,1753226419,KXMLBGAME-25JUL22DETPIT-PIT,70,30,300,yes
1753226419990,1753226419,KXMLBGAME-25JUL22DETPIT-PIT,70,30,87,yes
1753226420032,1753226419,KXMLBGAME-25JUL22SFATL-SF,44,56,2,yes
1753226420032,1753226419,KXMLBGAME-25JUL22SDMIA-SD,40,60,2,yes
1753226420470,1753226420,KXMLBGAME-25JUL22SDMIA-MIA,63,37,23,yes
1753226421152,1753226421,KXMLBGAME-25JUL22DETPIT-DET,33,67,240,yes
1753226421153,1753226421,KXMLBGAME-25JUL22DETPIT-DET,33,67,44,yes
1753226422010,1753226421,KXMLBGAME-25JUL22BALCLE-BAL,26,74,3,yes
1753226423594,1753226423,KXMLBGAME-25JUL22KCCHC-KC,31,69,9,yes
1753226424130,1753226424,KXMLBGAME-25JUL22DETPIT-DET,30,70,100,no
1753226426131,1753226426,KXMLBGAME-25JUL22BALCLE-CLE,75,25,52,yes
1753226426131,1753226426,KXMLBGAME-25JUL22BALCLE-CLE,76,24,28,yes
1753226427089,1753226427,KXMLBGAME-25JUL22NYYTOR-NYY,73,27,4,no
1753226427610,1753226427,KXMLBGAME-25JUL22ATHTEX-TEX,67,33,64,yes
1753226428311,1753226428,KXMLBGAME-25JUL22MILSEA-MIL,46,54,104,yes
1753226430531,1753226430,KXMLBGAME-25JUL22SDMIA-SD,40,60,23,yes
1753226433290,1753226433,KXMLBGAME-25JUL22NYYTOR-TOR,26,74,87,yes
1753226433290,1753226433,KXMLBGAME-25JUL22NYYTOR-TOR,26,74,278,yes
1753226435331,1753226435,KXMLBGAME-25JUL22NYYTOR-NYY,75,25,32,yes
1753226438271,1753226438,KXMLBGAME-25JUL22SDMIA-SD,39,61,119,yes
1753226439032,1753226438,KXMLBGAME-25JUL22BOSPHI-PHI,83,17,1,yes
1753226439032,1753226438,KXMLBGAME-25JUL22BOSPHI-PHI,84,16,1,yes
1753226439032,1753226438,KXMLBGAME-25JUL22BOSPHI-BOS,17,83,85,no
1753226439032,1753226438,KXMLBGAME-25JUL22BOSPHI-BOS,17,83,1,no
1753226439032,1753226438,KXMLBGAME-25JUL22BOSPHI-BOS,16,84,1,no
1753226439352,1753226439,KXMLBGAME-25JUL22CINWSH-WSH,47,53,600,no
1753226440671,1753226440,KXMLBGAME-25JUL22KCCHC-KC,31,69,46,yes
1753226440750,1753226440,KXMLBGAME-25JUL22CWSTB-CWS,32,68,14,yes
1753226440889,1753226440,KXMLBGAME-25JUL22CWSTB-CWS,32,68,14,yes
1753226443368,1753226443,KXMLBGAME-25JUL22SFATL-ATL,58,42,334,yes
1753226449531,1753226449,KXMLBGAME-25JUL22STLCOL-STL,61,39,3,yes
1753226452822,1753226452,KXMLBGAME-25JUL22ATHTEX-TEX,67,33,25,yes
1753226452822,1753226452,KXMLBGAME-25JUL22ATHTEX-TEX,67,33,120,yes
1753226453529,1753226453,KXMLBGAME-25JUL22BOSPHI-PHI,83,17,1,yes
1753226454627,1753226454,KXMLBGAME-25JUL22SDMIA-SD,36,64,1352,no
1753226454910,1753226454,KXMLBGAME-25JUL22BOSPHI-PHI,84,16,1,yes
1753226454910,1753226454,KXMLBGAME-25JUL22BOSPHI-PHI,85,15,126,yes
1753226454950,1753226454,KXMLBGAME-25JUL22BOSPHI-PHI,86,14,1,no
1753226454950,1753226454,KXMLBGAME-25JUL22BOSPHI-PHI,86,14,1,no
1753226454950,1753226454,KXMLBGAME-25JUL22BOSPHI-BOS,17,83,1,no
1753226454970,1753226454,KXMLBGAME-25JUL22BOSPHI-PHI,86,14,1,no
1753226455029,1753226454,KXMLBGAME-25JUL22BOSPHI-PHI,90,10,1,yes
1753226456189,1753226456,KXMLBGAME-25JUL22DETPIT-PIT,72,28,136,yes
1753226456811,1753226456,KXMLBGAME-25JUL22BOSPHI-BOS,16,84,1,no
1753226456849,1753226456,KXMLBGAME-25JUL22BOSPHI-PHI,87,13,10,no
1753226456849,1753226456,KXMLBGAME-25JUL22BOSPHI-BOS,15,85,10,no
1753226457550,1753226457,KXMLBGAME-25JUL22DETPIT-DET,30,70,6,yes
1753226457751,1753226457,KXMLBGAME-25JUL22BOSPHI-BOS,14,86,100,no
1753226459489,1753226459,KXMLBGAME-25JUL22BOSPHI-BOS,13,87,72,yes
1753226460370,1753226460,KXMLBGAME-25JUL22CWSTB-TB,71,29,87,yes
1753226460370,1753226460,KXMLBGAME-25JUL22CWSTB-TB,71,29,63,yes
1753226461688,1753226461,KXMLBGAME-25JUL22SFATL-ATL,58,42,58,yes
1753226461689,1753226461,KXMLBGAME-25JUL22SDMIA-SD,38,62,37,yes
1753226461812,1753226461,KXMLBGAME-25JUL22NYYTOR-NYY,75,25,1,yes
1753226463291,1753226463,KXMLBGAME-25JUL22SDMIA-SD,38,62,13,yes
1753226463291,1753226463,KXMLBGAME-25JUL22SDMIA-SD,39,61,87,yes
1753226463291,1753226463,KXMLBGAME-25JUL22SDMIA-SD,39,61,35,yes
1753226463711,1753226463,KXMLBGAME-25JUL22SDMIA-MIA,61,39,39,no
1753226464532,1753226464,KXMLBGAME-25JUL22DETPIT-PIT,73,27,87,yes
1753226464532,1753226464,KXMLBGAME-25JUL22DETPIT-PIT,74,26,43,yes
1753226466053,1753226466,KXMLBGAME-25JUL22NYYTOR-TOR,26,74,35,yes
1753226466053,1753226466,KXMLBGAME-25JUL22NYYTOR-TOR,26,74,252,yes
1753226466053,1753226466,KXMLBGAME-25JUL22NYYTOR-TOR,28,72,200,yes
1753226466053,1753226466,KXMLBGAME-25JUL22NYYTOR-TOR,28,72,300,yes
1753226466053,1753226466,KXMLBGAME-25JUL22NYYTOR-TOR,28,72,87,yes
1753226466053,1753226466,KXMLBGAME-25JUL22NYYTOR-TOR,28,72,166,yes
1753226471069,1753226471,KXMLBGAME-25JUL22NYYTOR-TOR,28,72,108,yes
1753226471768,1753226471,KXMLBGAME-25JUL22SDMIA-SD,39,61,1,yes
1753226471868,1753226471,KXMLBGAME-25JUL22SDMIA-SD,39,61,1,yes
1753226472231,1753226472,KXMLBGAME-25JUL22MINLAD-MIN,33,67,400,yes
1753226472571,1753226472,KXMLBGAME-25JUL22MINLAD-MIN,33,67,400,yes
1753226475231,1753226475,KXMLBGAME-25JUL22CWSTB-CWS,32,68,30,yes
1753226475309,1753226475,KXMLBGAME-25JUL22SDMIA-SD,39,61,56,yes
1753226475391,1753226475,KXMLBGAME-25JUL22BOSPHI-BOS,13,87,181,yes
1753226475530,1753226475,KXMLBGAME-25JUL22BOSPHI-BOS,13,87,100,yes
1753226476151,1753226476,KXMLBGAME-25JUL22ATHTEX-TEX,67,33,58,yes
1753226477931,1753226477,KXMLBGAME-25JUL22SDMIA-SD,38,62,1,yes
1753226477931,1753226477,KXMLBGAME-25JUL22SDMIA-SD,38,62,1,yes
1753226479229,1753226479,KXMLBGAME-25JUL22CINWSH-WSH,47,53,600,no
1753226479290,1753226479,KXMLBGAME-25JUL22BOSPHI-PHI,89,11,10,yes
1753226481908,1753226481,KXMLBGAME-25JUL22NYYTOR-NYY,74,26,21,yes
1753226483190,1753226483,KXMLBGAME-25JUL22BOSPHI-PHI,89,11,22,yes
1753226485351,1753226485,KXMLBGAME-25JUL22SDMIA-SD,38,62,55,yes
1753226485351,1753226485,KXMLBGAME-25JUL22SDMIA-SD,38,62,275,yes
1753226487989,1753226487,KXMLBGAME-25JUL22DETPIT-DET,27,73,17,yes
1753226488571,1753226488,KXMLBGAME-25JUL22ATHTEX-TEX,67,33,199,yes
1753226490470,1753226490,KXMLBGAME-25JUL22CINWSH-CIN,54,46,215,yes
1753226491390,1753226491,KXMLBGAME-25JUL22NYYTOR-TOR,28,72,1,yes
1753226494130,1753226494,KXMLBGAME-25JUL22CINWSH-CIN,54,46,53,yes
1753226495809,1753226495,KXMLBGAME-25JUL22SDMIA-SD,38,62,4,yes
1753226496228,1753226496,KXMLBGAME-25JUL22SDMIA-SD,38,62,234,yes
1753226496611,1753226496,KXMLBGAME-25JUL22CINWSH-WSH,46,54,1000,no
1753226496611,1753226496,KXMLBGAME-25JUL22CINWSH-WSH,46,54,600,no
1753226496611,1753226496,KXMLBGAME-25JUL22CINWSH-WSH,45,55,500,no
1753226496611,1753226496,KXMLBGAME-25JUL22CINWSH-WSH,44,56,34,no
1753226496611,1753226496,KXMLBGAME-25JUL22CINWSH-WSH,44,56,366,no
1753226498193,1753226498,KXMLBGAME-25JUL22NYYTOR-TOR,28,72,1,yes
1753226499331,1753226499,KXMLBGAME-25JUL22BALCLE-BAL,26,74,277,yes
1753226501492,1753226501,KXMLBGAME-25JUL22DETPIT-PIT,74,26,13,yes
1753226506271,1753226506,KXMLBGAME-25JUL22NYYTOR-TOR,28,72,39,yes
1753226509592,1753226509,KXMLBGAME-25JUL22DETPIT-DET,28,72,35,yes
1753226509631,1753226509,KXMLBGAME-25JUL22BOSPHI-PHI,89,11,65,yes
1753226509631,1753226509,KXMLBGAME-25JUL22BOSPHI-PHI,89,11,46,yes
1753226509768,1753226509,KXMLBGAME-25JUL22SDMIA-SD,38,62,50,yes
1753226511051,1753226511,KXMLBGAME-25JUL22KCCHC-KC,31,69,151,yes
1753226513534,1753226513,KXMLBGAME-25JUL22SDMIA-MIA,63,37,202,yes
1753226513534,1753226513,KXMLBGAME-25JUL22SDMIA-MIA,63,37,119,yes
1753226514263,1753226514,KXMLBGAME-25JUL22SDMIA-SD,36,64,300,no
1753226514362,1753226514,KXMLBGAME-25JUL22SDMIA-MIA,64,36,300,yes
1753226517250,1753226517,KXMLBGAME-25JUL22BOSPHI-BOS,12,88,39,yes
1753226520849,1753226520,KXMLBGAME-25JUL22MINLAD-LAD,65,35,73,no
1753226521030,1753226520,KXMLBGAME-25JUL22SFATL-ATL,56,44,5000,yes
1753226521030,1753226520,KXMLBGAME-25JUL22SFATL-ATL,56,44,3928,yes
1753226521249,1753226521,KXMLBGAME-25JUL22SFATL-ATL,56,44,1072,yes
1753226521249,1753226521,KXMLBGAME-25JUL22SFATL-ATL,57,43,87,yes
1753226521309,1753226521,KXMLBGAME-25JUL22SFATL-SF,43,57,87,no
1753226523371,1753226523,KXMLBGAME-25JUL22DETPIT-PIT,73,27,26,yes
1753226524453,1753226524,KXMLBGAME-25JUL22SFATL-SF,41,59,300,no
1753226524453,1753226524,KXMLBGAME-25JUL22SFATL-SF,40,60,70,no
1753226524453,1753226524,KXMLBGAME-25JUL22SFATL-SF,39,61,2000,no
1753226524453,1753226524,KXMLBGAME-25JUL22SFATL-SF,39,61,600,no
1753226524632,1753226524,KXMLBGAME-25JUL22SFATL-ATL,60,40,300,yes
1753226524632,1753226524,KXMLBGAME-25JUL22SFATL-ATL,61,39,300,yes
1753226524632,1753226524,KXMLBGAME-25JUL22SFATL-ATL,61,39,200,yes
1753226524632,1753226524,KXMLBGAME-25JUL22SFATL-ATL,61,39,600,yes
1753226524632,1753226524,KXMLBGAME-25JUL22SFATL-ATL,61,39,500,yes
1753226524670,1753226524,KXMLBGAME-25JUL22DETPIT-PIT,73,27,125,yes
1753226524670,1753226524,KXMLBGAME-25JUL22DETPIT-PIT,73,27,9,yes
1753226524911,1753226524,KXMLBGAME-25JUL22KCCHC-CHC,70,30,5,yes
1753226525310,1753226525,KXMLBGAME-25JUL22DETPIT-DET,28,72,1,yes
1753226527371,1753226527,KXMLBGAME-25JUL22MINLAD-LAD,66,34,227,yes
1753226528449,1753226528,KXMLBGAME-25JUL22DETPIT-DET,27,73,3,no
1753226529370,1753226529,KXMLBGAME-25JUL22LAANYM-NYM,66,34,145,yes
1753226533211,1753226533,KXMLBGAME-25JUL22DETPIT-DET,28,72,51,yes
1753226533211,1753226533,KXMLBGAME-25JUL22DETPIT-DET,28,72,68,yes
1753226534989,1753226534,KXMLBGAME-25JUL22SFATL-SF,39,61,61,yes
1753226537071,1753226537,KXMLBGAME-25JUL22MINLAD-MIN,33,67,20,yes
1753226538010,1753226537,KXMLBGAME-25JUL22MINLAD-MIN,33,67,5,yes
1753226540910,1753226540,KXMLBGAME-25JUL22SDMIA-SD,37,63,100,yes
1753226540910,1753226540,KXMLBGAME-25JUL22SDMIA-SD,37,63,19,yes
1753226545210,1753226545,KXMLBGAME-25JUL22KCCHC-CHC,70,30,6,yes
1753226549849,1753226549,KXMLBGAME-25JUL22KCCHC-KC,31,69,3,yes
1753226549929,1753226549,KXMLBGAME-25JUL22BOSPHI-BOS,17,83,1,yes
1753226549929,1753226549,KXMLBGAME-25JUL22BOSPHI-BOS,21,79,1,yes
1753226554270,1753226554,KXMLBGAME-25JUL22BOSPHI-BOS,11,89,7,no
1753226554290,1753226554,KXMLBGAME-25JUL22SDMIA-SD,36,64,19,yes
1753226555351,1753226555,KXMLBGAME-25JUL22SDMIA-SD,36,64,22,yes
1753226555351,1753226555,KXMLBGAME-25JUL22SDMIA-SD,36,64,14,yes
1753226555351,1753226555,KXMLBGAME-25JUL22SDMIA-SD,37,63,300,yes
1753226555351,1753226555,KXMLBGAME-25JUL22SDMIA-SD,37,63,182,yes
1753226555370,1753226555,KXMLBGAME-25JUL22BALCLE-BAL,27,73,14,yes
1753226555709,1753226555,KXMLBGAME-25JUL22DETPIT-DET,27,73,158,yes
1753226557391,1753226557,KXMLBGAME-25JUL22MILSEA-MIL,46,54,20,yes
1753226558249,1753226558,KXMLBGAME-25JUL22SDMIA-SD,36,64,13,yes
1753226558611,1753226558,KXMLBGAME-25JUL22DETPIT-DET,27,73,35,yes
1753226558827,1753226558,KXMLBGAME-25JUL22NYYTOR-NYY,73,27,134,yes
1753226563270,1753226563,KXMLBGAME-25JUL22KCCHC-KC,31,69,184,yes
1753226563731,1753226563,KXMLBGAME-25JUL22NYYTOR-NYY,73,27,30,yes
1753226568171,1753226568,KXMLBGAME-25JUL22BOSPHI-PHI,89,11,300,yes
1753226568171,1753226568,KXMLBGAME-25JUL22BOSPHI-PHI,89,11,18,yes
1753226569688,1753226569,KXMLBGAME-25JUL22BOSPHI-BOS,11,89,64,no
1753226577190,1753226577,KXMLBGAME-25JUL22NYYTOR-TOR,29,71,5,yes
1753226577611,1753226577,KXMLBGAME-25JUL22SDMIA-SD,35,65,5,yes
1753226578330,1753226578,KXMLBGAME-25JUL22DETPIT-PIT,75,25,131,yes
1753226579529,1753226579,KXMLBGAME-25JUL22CINWSH-CIN,56,44,500,yes
1753226580990,1753226580,KXMLBGAME-25JUL22LAANYM-LAA,39,61,21,yes
1753226581209,1753226581,KXMLBGAME-25JUL22SDMIA-MIA,64,36,67,no
1753226581550,1753226581,KXMLBGAME-25JUL22BOSPHI-PHI,89,11,3,yes
1753226581973,1753226581,KXMLBGAME-25JUL22DETPIT-DET,27,73,14,yes
1753226583390,1753226583,KXMLBGAME-25JUL22BALCLE-CLE,74,26,39,yes
1753226584051,1753226584,KXMLBGAME-25JUL22DETPIT-DET,27,73,17,yes
1753226586509,1753226586,KXMLBGAME-25JUL22BOSPHI-PHI,89,11,42,yes
1753226589390,1753226589,KXMLBGAME-25JUL22CWSTB-TB,72,28,8,yes
1753226590690,1753226590,KXMLBGAME-25JUL22HOUARI-HOU,53,47,27,yes
1753226591031,1753226590,KXMLBGAME-25JUL22BALCLE-CLE,72,28,81,no
1753226591970,1753226591,KXMLBGAME-25JUL22LAANYM-LAA,40,60,129,yes
1753226592112,1753226592,KXMLBGAME-25JUL22NYYTOR-TOR,29,71,17,yes
1753226593813,1753226593,KXMLBGAME-25JUL22DETPIT-DET,27,73,35,yes
1753226593952,1753226593,KXMLBGAME-25JUL22CINWSH-CIN,55,45,500,yes
1753226594090,1753226594,KXMLBGAME-25JUL22NYYTOR-NYY,73,27,1,yes
1753226594230,1753226594,KXMLBGAME-25JUL22SDMIA-SD,34,66,11,yes
1753226596948,1753226596,KXMLBGAME-25JUL22SDMIA-SD,34,66,56,yes
1753226597069,1753226597,KXMLBGAME-25JUL22BOSPHI-BOS,13,87,5,yes
1753226597572,1753226597,KXMLBGAME-25JUL22BOSPHI-BOS,13,87,10,yes
1753226602470,1753226602,KXMLBGAME-25JUL22DETPIT-DET,27,73,42,yes
1753226603251,1753226603,KXMLBGAME-25JUL22NYYTOR-TOR,29,71,9,yes
1753226603930,1753226603,KXMLBGAME-25JUL22ATHTEX-TEX,67,33,1,yes
1753226606471,1753226606,KXMLBGAME-25JUL22KCCHC-KC,31,69,8,yes
1753226606611,1753226606,KXMLBGAME-25JUL22NYYTOR-NYY,73,27,72,yes
1753226606611,1753226606,KXMLBGAME-25JUL22NYYTOR-NYY,73,27,62,yes
1753226608969,1753226608,KXMLBGAME-25JUL22CWSTB-CWS,31,69,15,yes
1753226610231,1753226610,KXMLBGAME-25JUL22SFATL-SF,38,62,45,no
1753226610310,1753226610,KXMLBGAME-25JUL22SFATL-SF,38,62,200,no
1753226610429,1753226610,KXMLBGAME-25JUL22MINLAD-MIN,33,67,20,yes
1753226611010,1753226610,KXMLBGAME-25JUL22SFATL-SF,35,65,255,yes
1753226614393,1753226614,KXMLBGAME-25JUL22SFATL-ATL,63,37,34,yes
1753226614393,1753226614,KXMLBGAME-25JUL22SFATL-ATL,64,36,300,yes
1753226614393,1753226614,KXMLBGAME-25JUL22SFATL-ATL,65,35,52,yes
1753226614393,1753226614,KXMLBGAME-25JUL22SFATL-ATL,65,35,10,yes
1753226614770,1753226614,KXMLBGAME-25JUL22BOSPHI-BOS,14,86,20,yes
1753226614850,1753226614,KXMLBGAME-25JUL22BALCLE-CLE,71,29,32,no
1753226617531,1753226617,KXMLBGAME-25JUL22BOSPHI-BOS,13,87,14,yes
1753226617850,1753226617,KXMLBGAME-25JUL22NYYTOR-NYY,71,29,277,no
1753226619249,1753226619,KXMLBGAME-25JUL22NYYTOR-TOR,29,71,269,yes
1753226619489,1753226619,KXMLBGAME-25JUL22NYYTOR-TOR,29,71,300,yes
1753226619809,1753226619,KXMLBGAME-25JUL22CWSTB-TB,72,28,20,yes
1753226619850,1753226619,KXMLBGAME-25JUL22BALCLE-CLE,72,28,43,yes
1753226619850,1753226619,KXMLBGAME-25JUL22BALCLE-CLE,73,27,557,yes
1753226619891,1753226619,KXMLBGAME-25JUL22BALCLE-CLE,73,27,4,yes
1753226621850,1753226621,KXMLBGAME-25JUL22DETPIT-DET,27,73,1,yes
1753226621850,1753226621,KXMLBGAME-25JUL22DETPIT-DET,27,73,1,yes
1753226621870,1753226621,KXMLBGAME-25JUL22DETPIT-DET,27,73,1,yes
1753226621870,1753226621,KXMLBGAME-25JUL22DETPIT-DET,27,73,1,yes
1753226621971,1753226621,KXMLBGAME-25JUL22SDMIA-SD,34,66,1,yes
1753226621971,1753226621,KXMLBGAME-25JUL22DETPIT-DET,27,73,1,yes
1753226621971,1753226621,KXMLBGAME-25JUL22SFATL-ATL,66,34,8,yes
1753226624812,1753226624,KXMLBGAME-25JUL22NYYTOR-NYY,69,31,141,yes
1753226626491,1753226626,KXMLBGAME-25JUL22SFATL-SF,34,66,300,yes
1753226626491,1753226626,KXMLBGAME-25JUL22SFATL-SF,34,66,87,yes
1753226626491,1753226626,KXMLBGAME-25JUL22SFATL-SF,36,64,285,yes
1753226627250,1753226627,KXMLBGAME-25JUL22DETPIT-DET,27,73,52,yes
1753226630033,1753226629,KXMLBGAME-25JUL22DETPIT-PIT,74,26,24,yes
1753226630033,1753226629,KXMLBGAME-25JUL22DETPIT-PIT,75,25,107,yes
1753226630091,1753226630,KXMLBGAME-25JUL22BALCLE-BAL,30,70,6,yes
1753226631069,1753226631,KXMLBGAME-25JUL22KCCHC-CHC,70,30,20,yes
1753226631830,1753226631,KXMLBGAME-25JUL22CWSTB-TB,72,28,4,yes
1753226634804,1753226634,KXMLBGAME-25JUL22NYYTOR-NYY,69,31,28,yes
1753226636351,1753226636,KXMLBGAME-25JUL22NYYTOR-TOR,33,67,87,yes
1753226636351,1753226636,KXMLBGAME-25JUL22NYYTOR-TOR,33,67,57,yes
1753226637990,1753226637,KXMLBGAME-25JUL22NYYTOR-NYY,69,31,7,yes
1753226644068,1753226643,KXMLBGAME-25JUL22NYYTOR-TOR,33,67,10,yes
1753226644810,1753226644,KXMLBGAME-25JUL22DETPIT-DET,27,73,17,yes
1753226645633,1753226645,KXMLBGAME-25JUL22MILSEA-SEA,54,46,35,yes
1753226646730,1753226646,KXMLBGAME-25JUL22SFATL-SF,34,66,8,yes
1753226649110,1753226649,KXMLBGAME-25JUL22DETPIT-DET,27,73,28,yes
1753226650090,1753226650,KXMLBGAME-25JUL22DETPIT-PIT,73,27,242,no
1753226651570,1753226651,KXMLBGAME-25JUL22BOSPHI-PHI,88,12,70,yes
1753226652772,1753226652,KXMLBGAME-25JUL22NYYTOR-NYY,70,30,54,yes
1753226652772,1753226652,KXMLBGAME-25JUL22NYYTOR-NYY,70,30,225,yes
1753226658810,1753226658,KXMLBGAME-25JUL22CINWSH-CIN,55,45,17,yes
1753226659750,1753226659,KXMLBGAME-25JUL22DETPIT-DET,27,73,35,yes
1753226660450,1753226660,KXMLBGAME-25JUL22BALCLE-CLE,70,30,118,no
1753226660711,1753226660,KXMLBGAME-25JUL22DETPIT-PIT,75,25,4,yes
1753226661913,1753226661,KXMLBGAME-25JUL22CWSTB-CWS,31,69,9,yes
1753226663350,1753226663,KXMLBGAME-25JUL22NYYTOR-NYY,69,31,62,yes
1753226663350,1753226663,KXMLBGAME-25JUL22NYYTOR-NYY,70,30,157,yes
1753226663370,1753226663,KXMLBGAME-25JUL22BOSPHI-PHI,87,13,50,yes
1753226663370,1753226663,KXMLBGAME-25JUL22BOSPHI-PHI,88,12,6,yes
1753226664729,1753226664,KXMLBGAME-25JUL22MILSEA-SEA,54,46,34,yes
1753226666552,1753226666,KXMLBGAME-25JUL22CINWSH-WSH,45,55,213,no
1753226668529,1753226668,KXMLBGAME-25JUL22NYYTOR-NYY,69,31,14,yes
1753226669230,1753226669,KXMLBGAME-25JUL22SDMIA-MIA,67,33,29,yes
1753226670731,1753226670,KXMLBGAME-25JUL22CINWSH-WSH,46,54,87,yes
1753226670731,1753226670,KXMLBGAME-25JUL22CINWSH-WSH,47,53,17,yes
1753226673889,1753226673,KXMLBGAME-25JUL22CINWSH-CIN,54,46,17,no
1753226678681,1753226678,KXMLBGAME-25JUL22BALCLE-BAL,30,70,9,yes
1753226679350,1753226679,KXMLBGAME-25JUL22BOSPHI-PHI,88,12,56,yes
1753226681329,1753226681,KXMLBGAME-25JUL22SDMIA-SD,34,66,14,yes
1753226684392,1753226684,KXMLBGAME-25JUL22CINWSH-WSH,46,54,65,yes
1753226685369,1753226685,KXMLBGAME-25JUL22BALCLE-BAL,30,70,63,yes
1753226686551,1753226686,KXMLBGAME-25JUL22MINLAD-LAD,66,34,8,yes
1753226687171,1753226687,KXMLBGAME-25JUL22KCCHC-CHC,70,30,60,yes
1753226687481,1753226687,KXMLBGAME-25JUL22SFATL-SF,35,65,2,yes
1753226689652,1753226689,KXMLBGAME-25JUL22CINWSH-WSH,45,55,2287,no
1753226689652,1753226689,KXMLBGAME-25JUL22CINWSH-WSH,45,55,600,no
1753226691904,1753226691,KXMLBGAME-25JUL22NYYTOR-TOR,32,68,3,yes
1753226693892,1753226693,KXMLBGAME-25JUL22NYYTOR-NYY,71,29,43,yes
1753226693892,1753226693,KXMLBGAME-25JUL22NYYTOR-NYY,71,29,47,yes
1753226694250,1753226694,KXMLBGAME-25JUL22NYYTOR-NYY,71,29,69,yes
1753226694610,1753226694,KXMLBGAME-25JUL22KCCHC-KC,31,69,1,yes
1753226695608,1753226695,KXMLBGAME-25JUL22NYYTOR-TOR,32,68,14,yes
1753226699352,1753226699,KXMLBGAME-25JUL22NYYTOR-TOR,29,71,32,no
1753226699352,1753226699,KXMLBGAME-25JUL22NYYTOR-TOR,29,71,300,no
1753226699429,1753226699,KXMLBGAME-25JUL22NYYTOR-NYY,71,29,32,yes
1753226700749,1753226700,KXMLBGAME-25JUL22BOSPHI-PHI,88,12,99,yes
1753226702469,1753226702,KXMLBGAME-25JUL22CWSTB-CWS,30,70,12,yes
1753226704770,1753226704,KXMLBGAME-25JUL22LAANYM-NYM,61,39,87,yes
1753226704930,1753226704,KXMLBGAME-25JUL22NYYTOR-TOR,28,72,87,yes
1753226704930,1753226704,KXMLBGAME-25JUL22NYYTOR-TOR,29,71,208,yes
1753226704930,1753226704,KXMLBGAME-25JUL22SFATL-ATL,67,33,1,yes
1753226705991,1753226705,KXMLBGAME-25JUL22NYYTOR-TOR,28,72,71,yes
1753226710272,1753226710,KXMLBGAME-25JUL22NYYTOR-TOR,28,72,17,yes
1753226710469,1753226710,KXMLBGAME-25JUL22BALCLE-BAL,30,70,12,yes
1753226713649,1753226713,KXMLBGAME-25JUL22DETPIT-PIT,74,26,1327,yes
1753226714348,1753226714,KXMLBGAME-25JUL22CWSTB-CWS,29,71,220,no
1753226716831,1753226716,KXMLBGAME-25JUL22NYYTOR-TOR,28,72,1,yes
1753226716949,1753226716,KXMLBGAME-25JUL22CWSTB-CWS,27,73,110,no
1753226717833,1753226717,KXMLBGAME-25JUL22SDMIA-MIA,67,33,4,yes
1753226719382,1753226719,KXMLBGAME-25JUL22SFATL-ATL,67,33,249,no
1753226724968,1753226724,KXMLBGAME-25JUL22SFATL-ATL,67,33,51,yes
1753226725649,1753226725,KXMLBGAME-25JUL22BALCLE-BAL,30,70,16,yes
1753226727309,1753226727,KXMLBGAME-25JUL22SFATL-SF,34,66,14,yes
1753226729928,1753226729,KXMLBGAME-25JUL22SDMIA-SD,34,66,70,yes
1753226731391,1753226731,KXMLBGAME-25JUL22SDMIA-MIA,67,33,72,yes
1753226732069,1753226732,KXMLBGAME-25JUL22NYYTOR-NYY,75,25,26,yes
1753226734329,1753226734,KXMLBGAME-25JUL22LAANYM-NYM,61,39,158,no
1753226734450,1753226734,KXMLBGAME-25JUL22CWSTB-TB,72,28,5000,yes
1753226734829,1753226734,KXMLBGAME-25JUL22CWSTB-TB,72,28,5000,yes
1753226734949,1753226734,KXMLBGAME-25JUL22BALCLE-CLE,72,28,6,yes
1753226736331,1753226736,KXMLBGAME-25JUL22DETPIT-PIT,75,25,6,yes
1753226736538,1753226736,KXMLBGAME-25JUL22KCCHC-KC,31,69,15,yes
1753226739951,1753226739,KXMLBGAME-25JUL22DETPIT-DET,30,70,5,yes
1753226740811,1753226740,KXMLBGAME-25JUL22SFATL-ATL,66,34,100,no
1753226740811,1753226740,KXMLBGAME-25JUL22SFATL-ATL,66,34,300,no
1753226741831,1753226741,KXMLBGAME-25JUL22SFATL-SF,35,65,87,yes
1753226743930,1753226743,KXMLBGAME-25JUL22SFATL-SF,35,65,87,yes
1753226745467,1753226745,KXMLBGAME-25JUL22SFATL-ATL,63,37,154,yes
1753226746431,1753226746,KXMLBGAME-25JUL22SFATL-ATL,61,39,84,no
1753226746468,1753226746,KXMLBGAME-25JUL22SFATL-SF,38,62,84,yes
1753226746710,1753226746,KXMLBGAME-25JUL22SFATL-ATL,61,39,416,yes
1753226749650,1753226749,KXMLBGAME-25JUL22SFATL-ATL,62,38,600,yes
1753226749650,1753226749,KXMLBGAME-25JUL22SFATL-ATL,62,38,500,yes
1753226749650,1753226749,KXMLBGAME-25JUL22SFATL-ATL,62,38,87,yes
1753226749650,1753226749,KXMLBGAME-25JUL22SFATL-ATL,63,37,4613,yes
1753226749888,1753226749,KXMLBGAME-25JUL22NYYTOR-TOR,29,71,6,yes
1753226754230,1753226754,KXMLBGAME-25JUL22CINWSH-WSH,39,61,12,yes
1753226754689,1753226754,KXMLBGAME-25JUL22MINLAD-LAD,66,34,7,yes
1753226755149,1753226755,KXMLBGAME-25JUL22NYYTOR-NYY,71,29,107,no
1753226755571,1753226755,KXMLBGAME-25JUL22NYYTOR-TOR,27,73,1,no
1753226755868,1753226755,KXMLBGAME-25JUL22NYYTOR-TOR,28,72,26,yes
1753226755868,1753226755,KXMLBGAME-25JUL22NYYTOR-TOR,29,71,4,yes
1753226755991,1753226755,KXMLBGAME-25JUL22DETPIT-DET,26,74,25,no
1753226761209,1753226761,KXMLBGAME-25JUL22BOSPHI-BOS,24,76,7,yes
1753226762550,1753226762,KXMLBGAME-25JUL22BOSPHI-PHI,89,11,50,yes
1753226763589,1753226763,KXMLBGAME-25JUL22KCCHC-CHC,70,30,1,yes
1753226764407,1753226764,KXMLBGAME-25JUL22DETPIT-DET,22,78,76,no
1753226764852,1753226764,KXMLBGAME-25JUL22CINWSH-WSH,39,61,25,yes
1753226765990,1753226765,KXMLBGAME-25JUL22BOSPHI-PHI,91,9,1,yes
1753226766770,1753226766,KXMLBGAME-25JUL22BOSPHI-PHI,91,9,470,yes
1753226767392,1753226767,KXMLBGAME-25JUL22CINWSH-CIN,62,38,600,yes
1753226767392,1753226767,KXMLBGAME-25JUL22CINWSH-CIN,63,37,182,yes
1753226767550,1753226767,KXMLBGAME-25JUL22BOSPHI-PHI,91,9,29,yes
1753226771450,1753226771,KXMLBGAME-25JUL22NYYTOR-NYY,74,26,5,yes
1753226773568,1753226773,KXMLBGAME-25JUL22NYYTOR-NYY,74,26,19,yes
1753226773992,1753226773,KXMLBGAME-25JUL22CINWSH-CIN,62,38,278,yes
1753226774790,1753226774,KXMLBGAME-25JUL22BOSPHI-PHI,93,7,82,yes
1753226785708,1753226785,KXMLBGAME-25JUL22SFATL-SF,39,61,39,yes
1753226787691,1753226787,KXMLBGAME-25JUL22NYYTOR-NYY,69,31,1,no
1753226788729,1753226788,KXMLBGAME-25JUL22DETPIT-PIT,78,22,10,yes
1753226790890,1753226790,KXMLBGAME-25JUL22CWSTB-CWS,28,72,40,yes
1753226791191,1753226791,KXMLBGAME-25JUL22DETPIT-DET,25,75,3,yes
1753226792369,1753226792,KXMLBGAME-25JUL22NYYTOR-NYY,69,31,35,yes
1753226793891,1753226793,KXMLBGAME-25JUL22SFATL-ATL,60,40,81,yes
1753226794149,1753226794,KXMLBGAME-25JUL22NYYTOR-NYY,66,34,2,yes
1753226794769,1753226794,KXMLBGAME-25JUL22KCCHC-KC,31,69,2,yes
1753226795911,1753226795,KXMLBGAME-25JUL22NYYTOR-NYY,65,35,7,no
1753226797172,1753226797,KXMLBGAME-25JUL22BOSPHI-BOS,8,92,20,no
1753226797172,1753226797,KXMLBGAME-25JUL22BOSPHI-BOS,7,93,100,no
1753226797172,1753226797,KXMLBGAME-25JUL22BOSPHI-BOS,7,93,120,no
1753226799550,1753226799,KXMLBGAME-25JUL22KCCHC-CHC,70,30,50,yes
1753226801031,1753226800,KXMLBGAME-25JUL22BOSPHI-BOS,9,91,53,no
1753226801249,1753226801,KXMLBGAME-25JUL22BALCLE-CLE,73,27,134,yes
1753226801869,1753226801,KXMLBGAME-25JUL22NYYTOR-TOR,38,62,11,yes
1753226802449,1753226802,KXMLBGAME-25JUL22KCCHC-CHC,70,30,21,yes
1753226803650,1753226803,KXMLBGAME-25JUL22NYYTOR-NYY,65,35,36,yes
1753226803850,1753226803,KXMLBGAME-25JUL22BOSPHI-BOS,10,90,28,yes
1753226804969,1753226804,KXMLBGAME-25JUL22SDMIA-SD,31,69,3,yes
1753226806090,1753226806,KXMLBGAME-25JUL22BOSPHI-PHI,93,7,64,yes
1753226807511,1753226807,KXMLBGAME-25JUL22DETPIT-DET,25,75,74,yes
1753226807511,1753226807,KXMLBGAME-25JUL22DETPIT-DET,25,75,1,yes
1753226809730,1753226809,KXMLBGAME-25JUL22BOSPHI-PHI,90,10,61,no
1753226809730,1753226809,KXMLBGAME-25JUL22BOSPHI-PHI,90,10,300,no
1753226809730,1753226809,KXMLBGAME-25JUL22BOSPHI-PHI,90,10,378,no
1753226810550,1753226810,KXMLBGAME-25JUL22DETPIT-DET,25,75,9,yes
1753226810550,1753226810,KXMLBGAME-25JUL22DETPIT-DET,25,75,3,yes
1753226810550,1753226810,KXMLBGAME-25JUL22DETPIT-DET,25,75,64,yes
1753226812130,1753226812,KXMLBGAME-25JUL22BOSPHI-BOS,10,90,25,yes
1753226812130,1753226812,KXMLBGAME-25JUL22BOSPHI-BOS,10,90,22,yes
1753226814191,1753226814,KXMLBGAME-25JUL22SFATL-ATL,60,40,6,yes
1753226814191,1753226814,KXMLBGAME-25JUL22SFATL-ATL,60,40,81,yes
1753226817451,1753226817,KXMLBGAME-25JUL22BOSPHI-BOS,10,90,3,yes
1753226817572,1753226817,KXMLBGAME-25JUL22MINLAD-LAD,66,34,36,yes
1753226820348,1753226820,KXMLBGAME-25JUL22SDMIA-SD,31,69,153,yes
1753226820371,1753226820,KXMLBGAME-25JUL22BOSPHI-PHI,93,7,123,yes
1753226823070,1753226823,KXMLBGAME-25JUL22CWSTB-TB,72,28,6,yes
1753226824410,1753226824,KXMLBGAME-25JUL22CWSTB-TB,72,28,1972,yes
1753226824490,1753226824,KXMLBGAME-25JUL22CWSTB-TB,73,27,100,yes
1753226825630,1753226825,KXMLBGAME-25JUL22NYYTOR-NYY,65,35,75,yes
1753226828831,1753226828,KXMLBGAME-25JUL22SDMIA-SD,31,69,3,yes
1753226828831,1753226828,KXMLBGAME-25JUL22SFATL-SF,40,60,47,yes
1753226829172,1753226829,KXMLBGAME-25JUL22CINWSH-WSH,36,64,1581,no
1753226829172,1753226829,KXMLBGAME-25JUL22CINWSH-WSH,36,64,919,no
1753226830711,1753226830,KXMLBGAME-25JUL22NYYTOR-NYY,65,35,30,yes
1753226836229,1753226836,KXMLBGAME-25JUL22NYYTOR-TOR,35,65,11,no
1753226836914,1753226836,KXMLBGAME-25JUL22NYYTOR-NYY,65,35,28,yes
1753226839170,1753226839,KXMLBGAME-25JUL22NYYTOR-NYY,65,35,15,yes
1753226839590,1753226839,KXMLBGAME-25JUL22DETPIT-PIT,80,20,100,yes
1753226840809,1753226840,KXMLBGAME-25JUL22DETPIT-PIT,76,24,20,no
1753226840851,1753226840,KXMLBGAME-25JUL22NYYTOR-NYY,65,35,109,yes
1753226840852,1753226840,KXMLBGAME-25JUL22NYYTOR-NYY,66,34,32,yes
1753226840852,1753226840,KXMLBGAME-25JUL22NYYTOR-NYY,66,34,2,yes
1753226840852,1753226840,KXMLBGAME-25JUL22NYYTOR-NYY,66,34,200,yes
1753226840852,1753226840,KXMLBGAME-25JUL22NYYTOR-NYY,67,33,600,yes
1753226840852,1753226840,KXMLBGAME-25JUL22NYYTOR-NYY,67,33,300,yes
1753226840852,1753226840,KXMLBGAME-25JUL22NYYTOR-NYY,67,33,200,yes
1753226840989,1753226840,KXMLBGAME-25JUL22CINWSH-CIN,70,30,7,yes
1753226840989,1753226840,KXMLBGAME-25JUL22CINWSH-CIN,71,29,1,yes
1753226840989,1753226840,KXMLBGAME-25JUL22CINWSH-CIN,72,28,2,yes
1753226842769,1753226842,KXMLBGAME-25JUL22DETPIT-PIT,82,18,1,yes
1753226843129,1753226843,KXMLBGAME-25JUL22BOSPHI-PHI,90,10,3,no
1753226844428,1753226844,KXMLBGAME-25JUL22CWSTB-TB,74,26,150,no
1753226844428,1753226844,KXMLBGAME-25JUL22CWSTB-TB,74,26,300,no
1753226844428,1753226844,KXMLBGAME-25JUL22CWSTB-TB,74,26,49,no
1753226844509,1753226844,KXMLBGAME-25JUL22CWSTB-CWS,26,74,49,yes
1753226844509,1753226844,KXMLBGAME-25JUL22CWSTB-CWS,26,74,250,yes
1753226846069,1753226845,KXMLBGAME-25JUL22SFATL-SF,39,61,314,yes
1753226846069,1753226845,KXMLBGAME-25JUL22SFATL-SF,40,60,728,yes
1753226846089,1753226846,KXMLBGAME-25JUL22NYYTOR-NYY,65,35,24,yes
1753226846229,1753226846,KXMLBGAME-25JUL22SFATL-SF,40,60,495,yes
1753226846408,1753226846,KXMLBGAME-25JUL22SFATL-ATL,60,40,1042,no
1753226849829,1753226849,KXMLBGAME-25JUL22DETPIT-PIT,83,17,2,yes
1753226851432,1753226851,KXMLBGAME-25JUL22DETPIT-DET,19,81,20,yes
1753226852710,1753226852,KXMLBGAME-25JUL22KCCHC-KC,31,69,15,yes
1753226854268,1753226854,KXMLBGAME-25JUL22KCCHC-CHC,70,30,6,yes
1753226855352,1753226855,KXMLBGAME-25JUL22SFATL-ATL,57,43,14,yes
1753226856329,1753226856,KXMLBGAME-25JUL22BOSPHI-BOS,10,90,753,yes
1753226856851,1753226856,KXMLBGAME-25JUL22NYYTOR-TOR,36,64,127,yes
1753226857372,1753226857,KXMLBGAME-25JUL22BOSPHI-BOS,10,90,9,yes
1753226858469,1753226858,KXMLBGAME-25JUL22CWSTB-CWS,27,73,70,yes
1753226859250,1753226859,KXMLBGAME-25JUL22DETPIT-DET,17,83,31,no
1753226859349,1753226859,KXMLBGAME-25JUL22SDMIA-SD,35,65,8,yes
1753226861511,1753226861,KXMLBGAME-25JUL22BALCLE-BAL,28,72,51,yes
1753226862308,1753226862,KXMLBGAME-25JUL22SDMIA-SD,38,62,24,yes
1753226862308,1753226862,KXMLBGAME-25JUL22SDMIA-SD,38,62,39,yes
1753226862492,1753226862,KXMLBGAME-25JUL22ATHTEX-ATH,34,66,69,yes
1753226862970,1753226862,KXMLBGAME-25JUL22NYYTOR-NYY,66,34,26,yes
1753226862971,1753226862,KXMLBGAME-25JUL22NYYTOR-NYY,66,34,3,yes
1753226863506,1753226863,KXMLBGAME-25JUL22DETPIT-DET,20,80,33,yes
1753226863506,1753226863,KXMLBGAME-25JUL22BALCLE-BAL,28,72,34,yes
1753226863693,1753226863,KXMLBGAME-25JUL22DETPIT-PIT,83,17,32,yes
1753226864112,1753226864,KXMLBGAME-25JUL22NYYTOR-NYY,66,34,147,yes
1753226864472,1753226864,KXMLBGAME-25JUL22SDMIA-SD,38,62,2,yes
1753226865149,1753226865,KXMLBGAME-25JUL22NYYTOR-NYY,64,36,7,no
1753226867729,1753226867,KXMLBGAME-25JUL22DETPIT-DET,19,81,24,yes
1753226867773,1753226867,KXMLBGAME-25JUL22BOSPHI-PHI,92,8,10,yes
1753226869411,1753226869,KXMLBGAME-25JUL22CINWSH-CIN,68,32,28,yes
1753226869589,1753226869,KXMLBGAME-25JUL22DETPIT-DET,17,83,44,no
1753226869589,1753226869,KXMLBGAME-25JUL22DETPIT-DET,17,83,190,no
1753226871028,1753226870,KXMLBGAME-25JUL22SDMIA-SD,38,62,2,yes
1753226873091,1753226873,KXMLBGAME-25JUL22DETPIT-DET,19,81,19,yes
1753226873230,1753226873,KXMLBGAME-25JUL22SDMIA-SD,38,62,127,yes
1753226873431,1753226873,KXMLBGAME-25JUL22CWSTB-CWS,23,77,1,no
1753226873431,1753226873,KXMLBGAME-25JUL22CWSTB-TB,75,25,100,yes
1753226875550,1753226875,KXMLBGAME-25JUL22NYYTOR-NYY,66,34,7,yes
1753226876270,1753226876,KXMLBGAME-25JUL22BOSPHI-BOS,9,91,31,no
1753226879232,1753226879,KXMLBGAME-25JUL22NYYTOR-NYY,66,34,10,yes
1753226879448,1753226879,KXMLBGAME-25JUL22MILSEA-SEA,54,46,1227,yes
1753226880769,1753226880,KXMLBGAME-25JUL22DETPIT-PIT,84,16,5,yes
1753226882559,1753226882,KXMLBGAME-25JUL22SDMIA-SD,35,65,67,no
1753226883309,1753226883,KXMLBGAME-25JUL22BOSPHI-PHI,92,8,14,yes
1753226884729,1753226884,KXMLBGAME-25JUL22CINWSH-WSH,34,66,1,yes
1753226884729,1753226884,KXMLBGAME-25JUL22CINWSH-WSH,34,66,1,yes
1753226884870,1753226884,KXMLBGAME-25JUL22CINWSH-WSH,34,66,1,yes
1753226886110,1753226886,KXMLBGAME-25JUL22BOSPHI-BOS,10,90,100,yes
1753226887189,1753226887,KXMLBGAME-25JUL22CWSTB-CWS,22,78,2,no
1753226887189,1753226887,KXMLBGAME-25JUL22CWSTB-CWS,21,79,12,no
1753226890030,1753226889,KXMLBGAME-25JUL22HOUARI-HOU,53,47,261,yes
1753226890030,1753226889,KXMLBGAME-25JUL22HOUARI-HOU,53,47,1000,yes
1753226890030,1753226889,KXMLBGAME-25JUL22HOUARI-HOU,53,47,565,yes
1753226890889,1753226890,KXMLBGAME-25JUL22ATHTEX-TEX,67,33,21,yes
1753226891010,1753226890,KXMLBGAME-25JUL22KCCHC-KC,31,69,307,yes
1753226891633,1753226891,KXMLBGAME-25JUL22CINWSH-WSH,34,66,1,yes
1753226891633,1753226891,KXMLBGAME-25JUL22CINWSH-WSH,34,66,1,yes
1753226891813,1753226891,KXMLBGAME-25JUL22DETPIT-DET,19,81,498,yes
1753226891871,1753226891,KXMLBGAME-25JUL22SDMIA-SD,38,62,95,yes
1753226894190,1753226894,KXMLBGAME-25JUL22NYYTOR-TOR,35,65,245,yes
1753226895031,1753226894,KXMLBGAME-25JUL22DETPIT-PIT,83,17,2,yes
1753226899050,1753226898,KXMLBGAME-25JUL22CWSTB-TB,77,23,1,yes
1753226899050,1753226898,KXMLBGAME-25JUL22CWSTB-TB,77,23,1,yes
1753226899430,1753226899,KXMLBGAME-25JUL22NYYTOR-NYY,66,34,2,yes
1753226899430,1753226899,KXMLBGAME-25JUL22NYYTOR-NYY,66,34,6,yes
1753226899430,1753226899,KXMLBGAME-25JUL22NYYTOR-NYY,66,34,7,yes
1753226899430,1753226899,KXMLBGAME-25JUL22NYYTOR-NYY,66,34,300,yes
1753226899430,1753226899,KXMLBGAME-25JUL22NYYTOR-NYY,67,33,399,yes
1753226904089,1753226904,KXMLBGAME-25JUL22CWSTB-CWS,23,77,206,yes
1753226904709,1753226904,KXMLBGAME-25JUL22BALCLE-CLE,75,25,6,yes
1753226906812,1753226906,KXMLBGAME-25JUL22DETPIT-DET,19,81,2,yes
1753226906812,1753226906,KXMLBGAME-25JUL22DETPIT-DET,19,81,300,yes
1753226909286,1753226909,KXMLBGAME-25JUL22CWSTB-CWS,24,76,59,yes
1753226911271,1753226911,KXMLBGAME-25JUL22CWSTB-CWS,24,76,78,yes
1753226912830,1753226912,KXMLBGAME-25JUL22DETPIT-DET,19,81,188,no
1753226912830,1753226912,KXMLBGAME-25JUL22DETPIT-DET,17,83,47,no
1753226912989,1753226912,KXMLBGAME-25JUL22NYYTOR-TOR,35,65,1,yes
1753226916931,1753226916,KXMLBGAME-25JUL22SFATL-ATL,53,47,182,yes
1753226920038,1753226919,KXMLBGAME-25JUL22BOSPHI-BOS,10,90,94,yes
1753226920610,1753226920,KXMLBGAME-25JUL22DETPIT-DET,19,81,24,yes
1753226920812,1753226920,KXMLBGAME-25JUL22NYYTOR-NYY,66,34,11,yes
1753226920812,1753226920,KXMLBGAME-25JUL22NYYTOR-NYY,66,34,300,yes
1753226920812,1753226920,KXMLBGAME-25JUL22NYYTOR-NYY,67,33,121,yes
1753226920812,1753226920,KXMLBGAME-25JUL22CINWSH-CIN,68,32,35,yes
1753226922771,1753226922,KXMLBGAME-25JUL22DETPIT-DET,17,83,4953,no
1753226922771,1753226922,KXMLBGAME-25JUL22DETPIT-DET,17,83,1429,no
1753226926430,1753226926,KXMLBGAME-25JUL22DETPIT-DET,19,81,276,yes
1753226926430,1753226926,KXMLBGAME-25JUL22DETPIT-DET,19,81,471,yes
1753226926430,1753226926,KXMLBGAME-25JUL22SFATL-ATL,53,47,5,yes
1753226930493,1753226930,KXMLBGAME-25JUL22CWSTB-CWS,24,76,6,yes
1753226932092,1753226932,KXMLBGAME-25JUL22CINWSH-WSH,33,67,87,yes
1753226932092,1753226932,KXMLBGAME-25JUL22CINWSH-CIN,67,33,87,no
1753226934099,1753226934,KXMLBGAME-25JUL22KCCHC-KC,31,69,6,yes
1753226935032,1753226934,KXMLBGAME-25JUL22SDMIA-SD,37,63,12,yes
1753226935710,1753226935,KXMLBGAME-25JUL22BALCLE-BAL,28,72,1,yes
1753226936912,1753226936,KXMLBGAME-25JUL22DETPIT-DET,19,81,747,yes
1753226937771,1753226937,KXMLBGAME-25JUL22DETPIT-PIT,84,16,58,yes
1753226940090,1753226940,KXMLBGAME-25JUL22BOSPHI-PHI,92,8,18,yes
1753226940889,1753226940,KXMLBGAME-25JUL22SFATL-ATL,52,48,25,no
1753226940890,1753226940,KXMLBGAME-25JUL22SFATL-ATL,52,48,56,no
1753226942970,1753226942,KXMLBGAME-25JUL22CINWSH-WSH,34,66,28,yes
1753226945730,1753226945,KXMLBGAME-25JUL22DETPIT-PIT,84,16,37,yes
1753226945730,1753226945,KXMLBGAME-25JUL22DETPIT-PIT,84,16,80,yes
1753226946036,1753226945,KXMLBGAME-25JUL22DETPIT-PIT,84,16,7,yes
1753226946036,1753226945,KXMLBGAME-25JUL22DETPIT-PIT,84,16,193,yes
1753226946109,1753226946,KXMLBGAME-25JUL22KCCHC-CHC,69,31,50,no
1753226946151,1753226946,KXMLBGAME-25JUL22CWSTB-CWS,24,76,193,yes
1753226946313,1753226946,KXMLBGAME-25JUL22NYYTOR-NYY,66,34,7,yes
1753226950750,1753226950,KXMLBGAME-25JUL22NYYTOR-TOR,34,66,154,no
1753226950769,1753226950,KXMLBGAME-25JUL22NYYTOR-TOR,34,66,146,no
1753226951070,1753226951,KXMLBGAME-25JUL22LAANYM-NYM,62,38,31,yes
1753226953069,1753226953,KXMLBGAME-25JUL22BOSPHI-BOS,10,90,282,yes
1753226955009,1753226954,KXMLBGAME-25JUL22CWSTB-TB,77,23,300,no
1753226958589,1753226958,KXMLBGAME-25JUL22DETPIT-DET,16,84,79,no
1753226963929,1753226963,KXMLBGAME-25JUL22DETPIT-DET,19,81,4,yes
1753226964840,1753226964,KXMLBGAME-25JUL22SDMIA-SD,36,64,75,yes
1753226964841,1753226964,KXMLBGAME-25JUL22SDMIA-SD,37,63,35,yes
1753226964841,1753226964,KXMLBGAME-25JUL22SDMIA-SD,38,62,20,yes
1753226966251,1753226966,KXMLBGAME-25JUL22BOSPHI-PHI,92,8,50,yes
1753226967812,1753226967,KXMLBGAME-25JUL22DETPIT-DET,19,81,498,yes
1753226967871,1753226967,KXMLBGAME-25JUL22BOSPHI-PHI,92,8,140,yes
1753226969695,1753226969,KXMLBGAME-25JUL22NYYTOR-TOR,29,71,71,no
1753226972972,1753226972,KXMLBGAME-25JUL22BOSPHI-BOS,10,90,300,yes
1753226972972,1753226972,KXMLBGAME-25JUL22BOSPHI-BOS,10,90,38,yes
1753226976890,1753226976,KXMLBGAME-25JUL22STLCOL-STL,61,39,39,yes
1753226977353,1753226977,KXMLBGAME-25JUL22SDMIA-SD,37,63,2,yes
1753226979110,1753226979,KXMLBGAME-25JUL22BOSPHI-BOS,10,90,18,yes
1753226981729,1753226981,KXMLBGAME-25JUL22CWSTB-CWS,25,75,45,yes
1753226984250,1753226984,KXMLBGAME-25JUL22KCCHC-KC,31,69,85,yes
1753226984250,1753226984,KXMLBGAME-25JUL22KCCHC-KC,31,69,222,yes
1753226985053,1753226984,KXMLBGAME-25JUL22KCCHC-KC,31,69,3,yes
1753226986729,1753226986,KXMLBGAME-25JUL22DETPIT-DET,19,81,1,yes
1753226988654,1753226988,KXMLBGAME-25JUL22BOSPHI-PHI,92,8,1,yes
1753226989662,1753226989,KXMLBGAME-25JUL22DETPIT-DET,16,84,47,no
1753226990689,1753226990,KXMLBGAME-25JUL22BOSPHI-BOS,10,90,50,yes
1753226991171,1753226991,KXMLBGAME-25JUL22SFATL-ATL,53,47,1,yes
1753226994587,1753226994,KXMLBGAME-25JUL22NYYTOR-TOR,31,69,27,yes
1753226994587,1753226994,KXMLBGAME-25JUL22NYYTOR-TOR,32,68,60,yes
1753226994587,1753226994,KXMLBGAME-25JUL22BALCLE-BAL,29,71,300,yes
1753226994587,1753226994,KXMLBGAME-25JUL22BALCLE-BAL,30,70,100,yes
1753226994587,1753226994,KXMLBGAME-25JUL22BALCLE-BAL,30,70,87,yes
1753226994587,1753226994,KXMLBGAME-25JUL22BALCLE-BAL,30,70,22,yes
1753226995730,1753226995,KXMLBGAME-25JUL22DETPIT-DET,16,84,123,no
1753226997149,1753226997,KXMLBGAME-25JUL22BOSPHI-PHI,91,9,5,yes
1753226999309,1753226999,KXMLBGAME-25JUL22DETPIT-DET,19,81,249,yes
1753226999329,1753226999,KXMLBGAME-25JUL22BOSPHI-BOS,10,90,94,yes
1753227000532,1753227000,KXMLBGAME-25JUL22BOSPHI-BOS,10,90,300,yes
1753227000532,1753227000,KXMLBGAME-25JUL22BOSPHI-BOS,10,90,170,yes
1753227002069,1753227002,KXMLBGAME-25JUL22NYYTOR-NYY,71,29,1,yes
1753227002830,1753227002,KXMLBGAME-25JUL22CWSTB-CWS,25,75,74,yes
1753227003349,1753227003,KXMLBGAME-25JUL22SDMIA-SD,39,61,11,yes
1753227004328,1753227004,KXMLBGAME-25JUL22DETPIT-DET,19,81,244,yes
1753227004590,1753227004,KXMLBGAME-25JUL22NYYTOR-NYY,71,29,110,yes
1753227008589,1753227008,KXMLBGAME-25JUL22NYYTOR-TOR,31,69,23,yes
1753227010749,1753227010,KXMLBGAME-25JUL22STLCOL-STL,61,39,3,yes
1753227012089,1753227012,KXMLBGAME-25JUL22NYYTOR-NYY,69,31,70,yes
1753227012728,1753227012,KXMLBGAME-25JUL22BALCLE-BAL,19,81,2283,yes
1753227015630,1753227015,KXMLBGAME-25JUL22SFATL-ATL,53,47,122,yes
1753227016070,1753227016,KXMLBGAME-25JUL22BALCLE-CLE,80,20,100,yes
1753227016070,1753227016,KXMLBGAME-25JUL22BALCLE-CLE,80,20,10,yes
1753227016370,1753227016,KXMLBGAME-25JUL22DETPIT-DET,16,84,9,no
1753227016731,1753227016,KXMLBGAME-25JUL22NYYTOR-NYY,68,32,12,no
1753227018069,1753227018,KXMLBGAME-25JUL22KCCHC-CHC,70,30,34,yes
1753227020629,1753227020,KXMLBGAME-25JUL22NYYTOR-TOR,31,69,88,yes
1753227020629,1753227020,KXMLBGAME-25JUL22NYYTOR-TOR,32,68,63,yes
1753227021517,1753227021,KXMLBGAME-25JUL22MILSEA-MIL,46,54,42,yes
1753227023110,1753227022,KXMLBGAME-25JUL22DETPIT-PIT,84,16,1,yes
1753227023589,1753227023,KXMLBGAME-25JUL22MILSEA-MIL,46,54,4,yes
1753227023970,1753227023,KXMLBGAME-25JUL22DETPIT-PIT,84,16,58,yes
1753227024128,1753227024,KXMLBGAME-25JUL22BOSPHI-BOS,10,90,300,yes
1753227024128,1753227024,KXMLBGAME-25JUL22BOSPHI-BOS,10,90,173,yes
1753227024829,1753227024,KXMLBGAME-25JUL22NYYTOR-TOR,32,68,5,yes
1753227025270,1753227025,KXMLBGAME-25JUL22KCCHC-KC,31,69,538,yes
1753227026089,1753227026,KXMLBGAME-25JUL22STLCOL-COL,40,60,9,yes
1753227028011,1753227027,KXMLBGAME-25JUL22DETPIT-PIT,84,16,117,yes
1753227028793,1753227028,KXMLBGAME-25JUL22CWSTB-CWS,25,75,19,yes
1753227035689,1753227035,KXMLBGAME-25JUL22BALCLE-BAL,17,83,100,no
1753227035690,1753227035,KXMLBGAME-25JUL22BALCLE-BAL,17,83,177,no
1753227036249,1753227036,KXMLBGAME-25JUL22NYYTOR-NYY,69,31,430,yes
1753227039028,1753227038,KXMLBGAME-25JUL22SDMIA-SD,39,61,14,yes
1753227039028,1753227038,KXMLBGAME-25JUL22SDMIA-SD,39,61,9,yes
1753227039028,1753227038,KXMLBGAME-25JUL22SDMIA-SD,40,60,36,yes
1753227039697,1753227039,KXMLBGAME-25JUL22NYYTOR-TOR,32,68,50,yes
1753227042005,1753227041,KXMLBGAME-25JUL22SDMIA-SD,37,63,70,no
1753227043730,1753227043,KXMLBGAME-25JUL22BALCLE-BAL,19,81,74,yes
1753227044829,1753227044,KXMLBGAME-25JUL22BALCLE-BAL,19,81,24,yes
1753227045371,1753227045,KXMLBGAME-25JUL22KCCHC-KC,31,69,9,yes
1753227048271,1753227048,KXMLBGAME-25JUL22NYYTOR-NYY,70,30,16,yes
1753227049393,1753227049,KXMLBGAME-25JUL22BOSPHI-BOS,10,90,50,yes
1753227050491,1753227050,KXMLBGAME-25JUL22BOSPHI-PHI,91,9,20,yes
1753227050491,1753227050,KXMLBGAME-25JUL22BOSPHI-PHI,92,8,336,yes
1753227052309,1753227052,KXMLBGAME-25JUL22DETPIT-PIT,84,16,125,yes
1753227052309,1753227052,KXMLBGAME-25JUL22DETPIT-PIT,84,16,2818,yes
1753227056911,1753227056,KXMLBGAME-25JUL22SDMIA-MIA,62,38,77,yes
1753227056911,1753227056,KXMLBGAME-25JUL22SDMIA-MIA,62,38,19,yes
1753227056911,1753227056,KXMLBGAME-25JUL22SDMIA-MIA,63,37,60,yes
1753227057050,1753227057,KXMLBGAME-25JUL22BOSPHI-BOS,10,90,94,yes
1753227058352,1753227058,KXMLBGAME-25JUL22DETPIT-DET,18,82,77,yes
1753227058352,1753227058,KXMLBGAME-25JUL22DETPIT-DET,19,81,300,yes
1753227058352,1753227058,KXMLBGAME-25JUL22DETPIT-DET,20,80,600,yes
1753227058352,1753227058,KXMLBGAME-25JUL22DETPIT-DET,20,80,100,yes
1753227058352,1753227058,KXMLBGAME-25JUL22DETPIT-DET,20,80,365,yes
1753227059249,1753227059,KXMLBGAME-25JUL22CINWSH-WSH,35,65,40,yes
1753227061951,1753227061,KXMLBGAME-25JUL22BALCLE-BAL,19,81,9,yes
1753227062371,1753227062,KXMLBGAME-25JUL22LAANYM-LAA,39,61,240,yes
1753227064752,1753227064,KXMLBGAME-25JUL22CWSTB-CWS,25,75,19,yes
1753227068054,1753227068,KXMLBGAME-25JUL22BALCLE-CLE,83,17,178,yes
1753227068929,1753227068,KXMLBGAME-25JUL22SDMIA-SD,39,61,17,yes
1753227068929,1753227068,KXMLBGAME-25JUL22SDMIA-SD,40,60,223,yes
1753227069009,1753227068,KXMLBGAME-25JUL22LAANYM-LAA,39,61,4000,yes
1753227069790,1753227069,KXMLBGAME-25JUL22LAANYM-LAA,39,61,86,yes
1753227072404,1753227072,KXMLBGAME-25JUL22LAANYM-NYM,58,42,26,no
1753227078250,1753227078,KXMLBGAME-25JUL22DETPIT-DET,17,83,49,no
1753227078311,1753227078,KXMLBGAME-25JUL22SDMIA-SD,40,60,41,yes
1753227078311,1753227078,KXMLBGAME-25JUL22SDMIA-SD,40,60,200,yes
1753227078311,1753227078,KXMLBGAME-25JUL22SDMIA-SD,40,60,13,yes
1753227078311,1753227078,KXMLBGAME-25JUL22SDMIA-SD,41,59,200,yes
1753227078311,1753227078,KXMLBGAME-25JUL22SDMIA-SD,41,59,23,yes
1753227084071,1753227084,KXMLBGAME-25JUL22CINWSH-WSH,35,65,13,yes
1753227084248,1753227084,KXMLBGAME-25JUL22BALCLE-CLE,83,17,35,yes
1753227085664,1753227085,KXMLBGAME-25JUL22CWSTB-TB,77,23,100,yes
1753227085890,1753227085,KXMLBGAME-25JUL22BALCLE-BAL,17,83,238,no
1753227086241,1753227086,KXMLBGAME-25JUL22CINWSH-CIN,67,33,105,yes
1753227088470,1753227088,KXMLBGAME-25JUL22DETPIT-DET,20,80,56,yes
1753227089471,1753227089,KXMLBGAME-25JUL22LAANYM-LAA,55,45,5,yes
1753227089471,1753227089,KXMLBGAME-25JUL22LAANYM-LAA,58,42,3,yes
1753227096489,1753227096,KXMLBGAME-25JUL22BOSPHI-PHI,91,9,10,yes
1753227096509,1753227096,KXMLBGAME-25JUL22ATHTEX-ATH,34,66,14,yes
1753227104191,1753227104,KXMLBGAME-25JUL22LAANYM-NYM,52,48,26,yes
1753227105230,1753227105,KXMLBGAME-25JUL22SFATL-SF,49,51,19,yes
1753227105790,1753227105,KXMLBGAME-25JUL22KCCHC-KC,31,69,107,yes
1753227106851,1753227106,KXMLBGAME-25JUL22NYYTOR-NYY,69,31,5,yes
1753227108630,1753227108,KXMLBGAME-25JUL22CWSTB-CWS,24,76,300,yes
1753227108630,1753227108,KXMLBGAME-25JUL22CWSTB-CWS,25,75,281,yes
1753227108630,1753227108,KXMLBGAME-25JUL22CWSTB-CWS,25,75,27,yes
1753227108630,1753227108,KXMLBGAME-25JUL22CWSTB-CWS,26,74,200,yes
1753227108630,1753227108,KXMLBGAME-25JUL22CWSTB-CWS,26,74,600,yes
1753227108630,1753227108,KXMLBGAME-25JUL22CWSTB-CWS,26,74,2000,yes
1753227108630,1753227108,KXMLBGAME-25JUL22CWSTB-CWS,26,74,366,yes
1753227109214,1753227109,KXMLBGAME-25JUL22LAANYM-LAA,48,52,86,no
1753227109650,1753227109,KXMLBGAME-25JUL22SFATL-ATL,51,49,2000,no
1753227109650,1753227109,KXMLBGAME-25JUL22SFATL-ATL,51,49,5,no
1753227109810,1753227109,KXMLBGAME-25JUL22SFATL-SF,49,51,1949,yes
1753227110049,1753227109,KXMLBGAME-25JUL22LAANYM-LAA,47,53,4000,no
1753227115871,1753227115,KXMLBGAME-25JUL22SDMIA-MIA,62,38,1,yes
1753227116151,1753227116,KXMLBGAME-25JUL22SDMIA-SD,37,63,83,no
1753227117050,1753227117,KXMLBGAME-25JUL22DETPIT-DET,19,81,49,yes
1753227119329,1753227119,KXMLBGAME-25JUL22NYYTOR-NYY,69,31,4,yes
1753227119448,1753227119,KXMLBGAME-25JUL22BOSPHI-BOS,9,91,16,no
1753227122893,1753227122,KXMLBGAME-25JUL22DETPIT-DET,18,82,2,no
1753227124350,1753227124,KXMLBGAME-25JUL22CWSTB-CWS,24,76,21,yes
1753227126328,1753227126,KXMLBGAME-25JUL22BOSPHI-BOS,9,91,52,yes
1753227126650,1753227126,KXMLBGAME-25JUL22CWSTB-CWS,24,76,404,no
1753227128610,1753227128,KXMLBGAME-25JUL22SDMIA-MIA,62,38,7,yes
1753227133972,1753227133,KXMLBGAME-25JUL22KCCHC-CHC,70,30,16,yes
1753227135192,1753227135,KXMLBGAME-25JUL22NYYTOR-NYY,69,31,14,yes
1753227135668,1753227135,KXMLBGAME-25JUL22CWSTB-TB,78,22,1,yes
1753227136009,1753227135,KXMLBGAME-25JUL22DETPIT-DET,20,80,4,yes
1753227138970,1753227138,KXMLBGAME-25JUL22MINLAD-LAD,66,34,14,yes
1753227140372,1753227140,KXMLBGAME-25JUL22NYYTOR-NYY,68,32,1,no
1753227140429,1753227140,KXMLBGAME-25JUL22NYYTOR-TOR,32,68,1,yes
1753227140450,1753227140,KXMLBGAME-25JUL22NYYTOR-NYY,68,32,250,no
1753227143052,1753227142,KXMLBGAME-25JUL22CWSTB-TB,78,22,37,yes
1753227144491,1753227144,KXMLBGAME-25JUL22BALCLE-BAL,19,81,110,yes
1753227144708,1753227144,KXMLBGAME-25JUL22SFATL-SF,52,48,37,yes
1753227145630,1753227145,KXMLBGAME-25JUL22NYYTOR-TOR,33,67,2,yes
1753227147712,1753227147,KXMLBGAME-25JUL22KCCHC-KC,31,69,50,yes
1753227149926,1753227149,KXMLBGAME-25JUL22BOSPHI-BOS,9,91,10,yes
1753227150290,1753227150,KXMLBGAME-25JUL22BOSPHI-BOS,9,91,52,yes
1753227150991,1753227150,KXMLBGAME-25JUL22BALCLE-CLE,81,19,1,yes
1753227151871,1753227151,KXMLBGAME-25JUL22CWSTB-CWS,23,77,275,no
1753227151871,1753227151,KXMLBGAME-25JUL22SDMIA-MIA,62,38,7,yes
1753227154349,1753227154,KXMLBGAME-25JUL22DETPIT-PIT,82,18,300,yes
1753227154349,1753227154,KXMLBGAME-25JUL22DETPIT-PIT,83,17,59,yes
1753227154730,1753227154,KXMLBGAME-25JUL22DETPIT-PIT,80,20,20,no
1753227157133,1753227157,KXMLBGAME-25JUL22BOSPHI-BOS,9,91,50,yes
1753227158169,1753227158,KXMLBGAME-25JUL22LAANYM-NYM,52,48,1,yes
1753227161949,1753227161,KXMLBGAME-25JUL22NYYTOR-NYY,69,31,14,yes
1753227162030,1753227161,KXMLBGAME-25JUL22BALCLE-BAL,22,78,4,yes
1753227166430,1753227166,KXMLBGAME-25JUL22CWSTB-CWS,22,78,275,no
1753227166990,1753227166,KXMLBGAME-25JUL22CWSTB-CWS,22,78,510,yes
1753227167291,1753227167,KXMLBGAME-25JUL22CWSTB-CWS,22,78,510,yes
1753227169228,1753227169,KXMLBGAME-25JUL22BALCLE-CLE,81,19,6,yes
1753227170270,1753227170,KXMLBGAME-25JUL22DETPIT-DET,17,83,18,no
1753227171351,1753227171,KXMLBGAME-25JUL22CWSTB-CWS,22,78,22,yes
1753227173950,1753227173,KXMLBGAME-25JUL22CWSTB-CWS,22,78,4,yes
1753227174870,1753227174,KXMLBGAME-25JUL22CWSTB-CWS,22,78,904,yes
1753227174930,1753227174,KXMLBGAME-25JUL22LAANYM-LAA,51,49,18,yes
1753227175209,1753227175,KXMLBGAME-25JUL22CWSTB-TB,78,22,171,yes
1753227175973,1753227175,KXMLBGAME-25JUL22CINWSH-WSH,35,65,65,yes
1753227175973,1753227175,KXMLBGAME-25JUL22CINWSH-WSH,36,64,2435,yes
1753227178111,1753227177,KXMLBGAME-25JUL22DETPIT-DET,20,80,1160,yes
1753227179030,1753227178,KXMLBGAME-25JUL22CINWSH-CIN,65,35,7,no
1753227186390,1753227186,KXMLBGAME-25JUL22BOSPHI-BOS,9,91,20,yes
1753227186390,1753227186,KXMLBGAME-25JUL22BOSPHI-BOS,9,91,19,yes
1753227186429,1753227186,KXMLBGAME-25JUL22KCCHC-CHC,70,30,6,yes
1753227186669,1753227186,KXMLBGAME-25JUL22BALCLE-BAL,22,78,131,yes
1753227189489,1753227189,KXMLBGAME-25JUL22MILSEA-MIL,46,54,31,yes
1753227190350,1753227190,KXMLBGAME-25JUL22ATHTEX-TEX,67,33,1,yes
1753227190955,1753227190,KXMLBGAME-25JUL22SFATL-SF,65,35,52,yes
1753227190955,1753227190,KXMLBGAME-25JUL22SFATL-SF,65,35,10,yes
1753227190955,1753227190,KXMLBGAME-25JUL22SFATL-SF,73,27,78,yes
1753227192311,1753227192,KXMLBGAME-25JUL22NYYTOR-TOR,33,67,8,yes
1753227193254,1753227193,KXMLBGAME-25JUL22SDMIA-MIA,66,34,5,yes
1753227196070,1753227196,KXMLBGAME-25JUL22NYYTOR-NYY,69,31,32,yes
1753227199929,1753227199,KXMLBGAME-25JUL22BALCLE-BAL,22,78,3,yes
1753227200952,1753227200,KXMLBGAME-25JUL22KCCHC-KC,31,69,30,yes
1753227202472,1753227202,KXMLBGAME-25JUL22LAANYM-NYM,50,50,1,no
1753227205948,1753227205,KXMLBGAME-25JUL22DETPIT-PIT,80,20,2,no
1753227205989,1753227205,KXMLBGAME-25JUL22LAANYM-LAA,53,47,8,yes
1753227206209,1753227206,KXMLBGAME-25JUL22NYYTOR-NYY,68,32,500,yes
1753227206210,1753227206,KXMLBGAME-25JUL22NYYTOR-NYY,68,32,500,yes
1753227206210,1753227206,KXMLBGAME-25JUL22NYYTOR-NYY,68,32,438,yes
1753227206250,1753227206,KXMLBGAME-25JUL22BOSPHI-PHI,93,7,5,yes
1753227206250,1753227206,KXMLBGAME-25JUL22BOSPHI-PHI,93,7,5,yes
1753227209773,1753227209,KXMLBGAME-25JUL22NYYTOR-TOR,33,67,79,yes
1753227209773,1753227209,KXMLBGAME-25JUL22NYYTOR-TOR,33,67,8,yes
1753227209773,1753227209,KXMLBGAME-25JUL22NYYTOR-TOR,34,66,300,yes
1753227209773,1753227209,KXMLBGAME-25JUL22NYYTOR-TOR,35,65,36,yes
1753227210370,1753227210,KXMLBGAME-25JUL22NYYTOR-NYY,67,33,36,yes
1753227210370,1753227210,KXMLBGAME-25JUL22NYYTOR-NYY,68,32,162,yes
1753227210370,1753227210,KXMLBGAME-25JUL22NYYTOR-NYY,69,31,268,yes
1753227210370,1753227210,KXMLBGAME-25JUL22NYYTOR-NYY,69,31,200,yes
1753227210370,1753227210,KXMLBGAME-25JUL22NYYTOR-NYY,69,31,45,yes
1753227211953,1753227211,KXMLBGAME-25JUL22SFATL-SF,73,27,2,yes
1753227218172,1753227218,KXMLBGAME-25JUL22BOSPHI-BOS,8,92,58,yes
1753227219592,1753227219,KXMLBGAME-25JUL22BOSPHI-BOS,8,92,50,yes
1753227221871,1753227221,KXMLBGAME-25JUL22SFATL-ATL,24,76,58,no
1753227228852,1753227228,KXMLBGAME-25JUL22NYYTOR-NYY,68,32,21,yes
1753227230511,1753227230,KXMLBGAME-25JUL22DETPIT-DET,20,80,875,yes
1753227235889,1753227235,KXMLBGAME-25JUL22CINWSH-CIN,63,37,87,yes
1753227235889,1753227235,KXMLBGAME-25JUL22CINWSH-CIN,63,37,67,yes
1753227236806,1753227236,KXMLBGAME-25JUL22BOSPHI-PHI,92,8,147,no
1753227239750,1753227239,KXMLBGAME-25JUL22ATHTEX-ATH,34,66,14,yes
1753227244333,1753227244,KXMLBGAME-25JUL22SFATL-SF,73,27,1,yes
1753227244550,1753227244,KXMLBGAME-25JUL22DETPIT-PIT,82,18,24,yes
1753227254410,1753227254,KXMLBGAME-25JUL22SFATL-SF,73,27,19,yes
1753227254410,1753227254,KXMLBGAME-25JUL22SFATL-SF,73,27,2,yes
1753227254410,1753227254,KXMLBGAME-25JUL22SFATL-SF,75,25,100,yes
1753227254410,1753227254,KXMLBGAME-25JUL22SFATL-SF,78,22,10,yes
1753227254651,1753227254,KXMLBGAME-25JUL22LAANYM-LAA,54,46,38,yes
1753227257052,1753227257,KXMLBGAME-25JUL22SFATL-ATL,39,61,19,yes
1753227259192,1753227259,KXMLBGAME-25JUL22CINWSH-CIN,63,37,141,yes
1753227259610,1753227259,KXMLBGAME-25JUL22CWSTB-TB,80,20,100,yes
1753227260410,1753227260,KXMLBGAME-25JUL22CWSTB-CWS,49,51,1,yes
1753227260570,1753227260,KXMLBGAME-25JUL22ATHTEX-TEX,67,33,7,yes
1753227263650,1753227263,KXMLBGAME-25JUL22CWSTB-TB,83,17,5,no
1753227263651,1753227263,KXMLBGAME-25JUL22CWSTB-CWS,20,80,5,no
1753227263651,1753227263,KXMLBGAME-25JUL22CWSTB-CWS,20,80,5,no
1753227263651,1753227263,KXMLBGAME-25JUL22CWSTB-TB,83,17,5,no
1753227263669,1753227263,KXMLBGAME-25JUL22CWSTB-TB,83,17,50,no
1753227263669,1753227263,KXMLBGAME-25JUL22CWSTB-CWS,20,80,40,no
1753227267151,1753227267,KXMLBGAME-25JUL22KCCHC-CHC,70,30,27,yes
1753227271151,1753227271,KXMLBGAME-25JUL22BALCLE-BAL,22,78,84,yes
1753227271151,1753227271,KXMLBGAME-25JUL22BALCLE-BAL,22,78,84,yes
1753227272393,1753227272,KXMLBGAME-25JUL22MILSEA-MIL,46,54,20,yes
1753227273752,1753227273,KXMLBGAME-25JUL22SDMIA-SD,36,64,7,yes
1753227275950,1753227275,KXMLBGAME-25JUL22CWSTB-TB,83,17,29,yes
1753227275950,1753227275,KXMLBGAME-25JUL22CWSTB-TB,84,16,71,yes
1753227276090,1753227276,KXMLBGAME-25JUL22LAANYM-NYM,50,50,11,yes
1753227279968,1753227279,KXMLBGAME-25JUL22LAANYM-LAA,53,47,18,yes
1753227280970,1753227280,KXMLBGAME-25JUL22NYYTOR-TOR,34,66,14,yes
1753227284073,1753227284,KXMLBGAME-25JUL22BALCLE-CLE,81,19,2,yes
1753227284109,1753227284,KXMLBGAME-25JUL22SDMIA-SD,36,64,39,yes
1753227290069,1753227289,KXMLBGAME-25JUL22DETPIT-DET,19,81,300,yes
1753227290069,1753227289,KXMLBGAME-25JUL22DETPIT-DET,20,80,140,yes
1753227290770,1753227290,KXMLBGAME-25JUL22SFATL-SF,61,39,40,no
1753227293589,1753227293,KXMLBGAME-25JUL22LAANYM-NYM,50,50,84,yes
1753227293589,1753227293,KXMLBGAME-25JUL22LAANYM-NYM,51,49,107,yes
1753227296650,1753227296,KXMLBGAME-25JUL22SDMIA-SD,37,63,25,yes
1753227297090,1753227297,KXMLBGAME-25JUL22DETPIT-DET,18,82,20,no
1753227297090,1753227297,KXMLBGAME-25JUL22DETPIT-DET,14,86,15,no
1753227297291,1753227297,KXMLBGAME-25JUL22SDMIA-MIA,65,35,300,yes
1753227298271,1753227298,KXMLBGAME-25JUL22SFATL-ATL,39,61,1,yes
1753227298312,1753227298,KXMLBGAME-25JUL22SFATL-ATL,39,61,1,yes
1753227298390,1753227298,KXMLBGAME-25JUL22SFATL-ATL,39,61,1,yes
1753227299148,1753227299,KXMLBGAME-25JUL22SDMIA-SD,34,66,87,no
1753227299229,1753227299,KXMLBGAME-25JUL22SDMIA-MIA,66,34,87,yes
1753227300709,1753227300,KXMLBGAME-25JUL22SDMIA-SD,34,66,4,yes
1753227303430,1753227303,KXMLBGAME-25JUL22SDMIA-SD,35,65,5,yes
1753227304112,1753227303,KXMLBGAME-25JUL22SFATL-ATL,38,62,1,no
1753227304112,1753227303,KXMLBGAME-25JUL22SFATL-ATL,38,62,1,no
1753227305064,1753227304,KXMLBGAME-25JUL22DETPIT-PIT,82,18,300,no
1753227305835,1753227305,KXMLBGAME-25JUL22BALCLE-BAL,22,78,8,yes
1753227308132,1753227308,KXMLBGAME-25JUL22NYYTOR-NYY,67,33,142,yes
1753227309769,1753227309,KXMLBGAME-25JUL22KCCHC-CHC,70,30,290,yes
1753227309769,1753227309,KXMLBGAME-25JUL22KCCHC-CHC,70,30,395,yes
1753227311710,1753227311,KXMLBGAME-25JUL22CWSTB-CWS,17,83,100,no
1753227313331,1753227313,KXMLBGAME-25JUL22BOSPHI-PHI,93,7,1,no
1753227313331,1753227313,KXMLBGAME-25JUL22BOSPHI-PHI,92,8,16,no
1753227314108,1753227313,KXMLBGAME-25JUL22CWSTB-TB,84,16,14,yes
1753227314109,1753227313,KXMLBGAME-25JUL22SFATL-SF,65,35,7,yes
1753227315710,1753227315,KXMLBGAME-25JUL22ATHTEX-TEX,66,34,387,no
1753227318189,1753227318,KXMLBGAME-25JUL22DETPIT-DET,21,79,6,yes
1753227318570,1753227318,KXMLBGAME-25JUL22CWSTB-TB,84,16,15,yes
1753227318630,1753227318,KXMLBGAME-25JUL22NYYTOR-NYY,67,33,14,yes
1753227319431,1753227319,KXMLBGAME-25JUL22LAANYM-NYM,49,51,19,yes
1753227319830,1753227319,KXMLBGAME-25JUL22CWSTB-TB,86,14,100,yes
1753227320420,1753227320,KXMLBGAME-25JUL22CWSTB-CWS,14,86,50,no
1753227320432,1753227320,KXMLBGAME-25JUL22CINWSH-WSH,39,61,4,yes
1753227322229,1753227322,KXMLBGAME-25JUL22MILSEA-MIL,46,54,41,yes
1753227323209,1753227323,KXMLBGAME-25JUL22CWSTB-CWS,14,86,50,no
1753227323209,1753227323,KXMLBGAME-25JUL22CWSTB-CWS,12,88,370,no
1753227323209,1753227323,KXMLBGAME-25JUL22CWSTB-CWS,10,90,80,no
1753227323288,1753227323,KXMLBGAME-25JUL22CWSTB-TB,88,12,370,yes
1753227323288,1753227323,KXMLBGAME-25JUL22CWSTB-TB,90,10,130,yes
1753227324350,1753227324,KXMLBGAME-25JUL22CWSTB-CWS,10,90,708,no
1753227324350,1753227324,KXMLBGAME-25JUL22CWSTB-CWS,10,90,454,no
1753227324533,1753227324,KXMLBGAME-25JUL22CWSTB-TB,90,10,658,yes
1753227324533,1753227324,KXMLBGAME-25JUL22CWSTB-TB,90,10,454,yes
1753227324750,1753227324,KXMLBGAME-25JUL22CWSTB-CWS,9,91,487,no
1753227327191,1753227327,KXMLBGAME-25JUL22CWSTB-TB,91,9,487,yes
1753227327509,1753227327,KXMLBGAME-25JUL22SFATL-SF,62,38,25,no
1753227329729,1753227329,KXMLBGAME-25JUL22DETPIT-PIT,81,19,53,yes
1753227333751,1753227333,KXMLBGAME-25JUL22BOSPHI-PHI,94,6,1,yes
1753227339294,1753227339,KXMLBGAME-25JUL22SDMIA-SD,32,68,10,no
1753227339294,1753227339,KXMLBGAME-25JUL22SDMIA-SD,32,68,1,no
1753227345057,1753227344,KXMLBGAME-25JUL22CWSTB-CWS,8,92,27,yes
1753227349029,1753227348,KXMLBGAME-25JUL22CWSTB-CWS,8,92,117,yes
1753227349590,1753227349,KXMLBGAME-25JUL22CWSTB-CWS,8,92,58,yes
1753227350190,1753227350,KXMLBGAME-25JUL22DETPIT-DET,21,79,14,yes
1753227350691,1753227350,KXMLBGAME-25JUL22LAANYM-LAA,52,48,27,yes
1753227350831,1753227350,KXMLBGAME-25JUL22LAANYM-LAA,52,48,27,yes
1753227351470,1753227351,KXMLBGAME-25JUL22LAANYM-NYM,51,49,1,yes
1753227355391,1753227355,KXMLBGAME-25JUL22CWSTB-TB,92,8,115,yes
1753227356690,1753227356,KXMLBGAME-25JUL22LAANYM-NYM,51,49,47,yes
1753227357769,1753227357,KXMLBGAME-25JUL22BALCLE-CLE,81,19,162,no
1753227360048,1753227359,KXMLBGAME-25JUL22BOSPHI-PHI,93,7,1,no
1753227360048,1753227359,KXMLBGAME-25JUL22BOSPHI-PHI,93,7,149,no
1753227360933,1753227360,KXMLBGAME-25JUL22STLCOL-STL,61,39,354,yes
1753227366373,1753227366,KXMLBGAME-25JUL22DETPIT-DET,21,79,57,yes
1753227366373,1753227366,KXMLBGAME-25JUL22DETPIT-DET,21,79,5,yes
1753227366373,1753227366,KXMLBGAME-25JUL22DETPIT-DET,21,79,389,yes
1753227366411,1753227366,KXMLBGAME-25JUL22LAANYM-NYM,51,49,2,yes
1753227367972,1753227367,KXMLBGAME-25JUL22CWSTB-CWS,8,92,456,no
1753227368030,1753227367,KXMLBGAME-25JUL22CWSTB-TB,92,8,405,yes
1753227368610,1753227368,KXMLBGAME-25JUL22SFATL-SF,65,35,3,yes
1753227368610,1753227368,KXMLBGAME-25JUL22SFATL-SF,67,33,42,yes
1753227368830,1753227368,KXMLBGAME-25JUL22CWSTB-TB,92,8,486,yes
1753227368909,1753227368,KXMLBGAME-25JUL22CWSTB-CWS,8,92,453,no
1753227369368,1753227369,KXMLBGAME-25JUL22BALCLE-BAL,19,81,2500,no
1753227377189,1753227377,KXMLBGAME-25JUL22SFATL-ATL,34,66,58,no
1753227377951,1753227377,KXMLBGAME-25JUL22DETPIT-DET,19,81,2,no
1753227378128,1753227378,KXMLBGAME-25JUL22CWSTB-CWS,7,93,100,no
1753227378128,1753227378,KXMLBGAME-25JUL22CWSTB-CWS,7,93,189,no
1753227379288,1753227379,KXMLBGAME-25JUL22SFATL-SF,65,35,70,no
1753227379409,1753227379,KXMLBGAME-25JUL22SFATL-ATL,35,65,42,yes
1753227379490,1753227379,KXMLBGAME-25JUL22NYYTOR-NYY,66,34,10,yes
1753227380709,1753227380,KXMLBGAME-25JUL22SDMIA-SD,32,68,29,yes
1753227382708,1753227382,KXMLBGAME-25JUL22LAANYM-LAA,49,51,300,no
1753227382829,1753227382,KXMLBGAME-25JUL22LAANYM-NYM,51,49,63,yes
1753227384051,1753227383,KXMLBGAME-25JUL22CWSTB-CWS,7,93,1148,no
1753227386112,1753227386,KXMLBGAME-25JUL22LAANYM-NYM,53,47,47,yes
1753227386112,1753227386,KXMLBGAME-25JUL22LAANYM-NYM,54,46,43,yes
1753227386309,1753227386,KXMLBGAME-25JUL22NYYTOR-NYY,67,33,8,yes
1753227387029,1753227386,KXMLBGAME-25JUL22SDMIA-SD,30,70,41,no
1753227388271,1753227388,KXMLBGAME-25JUL22NYYTOR-NYY,67,33,7,yes
1753227388511,1753227388,KXMLBGAME-25JUL22KCCHC-KC,31,69,1,yes
1753227392190,1753227392,KXMLBGAME-25JUL22DETPIT-PIT,81,19,30,yes
1753227394168,1753227394,KXMLBGAME-25JUL22DETPIT-DET,20,80,118,yes
1753227394429,1753227394,KXMLBGAME-25JUL22SFATL-SF,64,36,52,no
1753227394528,1753227394,KXMLBGAME-25JUL22SFATL-ATL,36,64,52,yes
1753227395573,1753227395,KXMLBGAME-25JUL22BOSPHI-PHI,93,7,30,no
1753227396749,1753227396,KXMLBGAME-25JUL22LAANYM-LAA,48,52,87,yes
1753227396749,1753227396,KXMLBGAME-25JUL22LAANYM-LAA,48,52,48,yes
1753227396749,1753227396,KXMLBGAME-25JUL22LAANYM-LAA,49,51,163,yes
1753227399509,1753227399,KXMLBGAME-25JUL22LAANYM-LAA,48,52,49,yes
1753227402756,1753227402,KXMLBGAME-25JUL22LAANYM-LAA,48,52,38,yes
1753227402756,1753227402,KXMLBGAME-25JUL22LAANYM-LAA,48,52,42,yes
1753227406332,1753227406,KXMLBGAME-25JUL22SFATL-ATL,37,63,26,yes
1753227406332,1753227406,KXMLBGAME-25JUL22SFATL-ATL,37,63,232,yes
1753227406892,1753227406,KXMLBGAME-25JUL22DETPIT-PIT,81,19,24,yes
1753227407465,1753227407,KXMLBGAME-25JUL22CWSTB-TB,93,7,160,yes
1753227411591,1753227411,KXMLBGAME-25JUL22DETPIT-PIT,81,19,193,yes
1753227411591,1753227411,KXMLBGAME-25JUL22DETPIT-PIT,82,18,87,yes
1753227411591,1753227411,KXMLBGAME-25JUL22DETPIT-PIT,83,17,300,yes
1753227411591,1753227411,KXMLBGAME-25JUL22DETPIT-PIT,83,17,200,yes
1753227411591,1753227411,KXMLBGAME-25JUL22DETPIT-PIT,83,17,416,yes
1753227412449,1753227412,KXMLBGAME-25JUL22BALCLE-CLE,84,16,41,yes
1753227412809,1753227412,KXMLBGAME-25JUL22ATHTEX-TEX,67,33,1,yes
1753227414691,1753227414,KXMLBGAME-25JUL22NYYTOR-NYY,66,34,29,yes
1753227415990,1753227415,KXMLBGAME-25JUL22BALCLE-BAL,15,85,72,no
1753227415990,1753227415,KXMLBGAME-25JUL22BALCLE-BAL,15,85,45,no
1753227423211,1753227422,KXMLBGAME-25JUL22CINWSH-CIN,66,34,600,yes
1753227423211,1753227422,KXMLBGAME-25JUL22CINWSH-CIN,67,33,87,yes
1753227423211,1753227422,KXMLBGAME-25JUL22CINWSH-CIN,67,33,749,yes
1753227424329,1753227423,KXMLBGAME-25JUL22DETPIT-DET,19,81,300,yes
1753227424329,1753227423,KXMLBGAME-25JUL22DETPIT-DET,19,81,198,yes
1753227424329,1753227423,KXMLBGAME-25JUL22DETPIT-DET,20,80,1979,yes
1753227424535,1753227424,KXMLBGAME-25JUL22STLCOL-COL,40,60,11,yes
1753227426031,1753227425,KXMLBGAME-25JUL22DETPIT-PIT,81,19,195,yes
1753227431328,1753227430,KXMLBGAME-25JUL22CINWSH-CIN,64,36,71,no
1753227431328,1753227430,KXMLBGAME-25JUL22CINWSH-CIN,64,36,3929,no
1753227432411,1753227432,KXMLBGAME-25JUL22BOSPHI-PHI,94,6,90,yes
1753227433145,1753227432,KXMLBGAME-25JUL22CINWSH-WSH,36,64,75,yes
1753227433145,1753227432,KXMLBGAME-25JUL22CINWSH-WSH,37,63,1425,yes
1753227433730,1753227433,KXMLBGAME-25JUL22CINWSH-CIN,63,37,1500,no
1753227434711,1753227434,KXMLBGAME-25JUL22KCCHC-CHC,71,29,6,yes
1753227434732,1753227434,KXMLBGAME-25JUL22BOSPHI-PHI,94,6,211,yes
1753227439091,1753227439,KXMLBGAME-25JUL22DETPIT-PIT,81,19,194,yes
1753227442070,1753227442,KXMLBGAME-25JUL22DETPIT-PIT,82,18,24,yes
1753227442812,1753227442,KXMLBGAME-25JUL22KCCHC-CHC,71,29,14,yes
1753227444410,1753227444,KXMLBGAME-25JUL22DETPIT-PIT,82,18,12,yes
1753227445851,1753227445,KXMLBGAME-25JUL22DETPIT-PIT,82,18,15,yes
1753227448170,1753227448,KXMLBGAME-25JUL22DETPIT-DET,19,81,35,no
1753227448850,1753227448,KXMLBGAME-25JUL22CWSTB-CWS,19,81,5,yes
1753227449034,1753227448,KXMLBGAME-25JUL22NYYTOR-TOR,35,65,2,yes
1753227451869,1753227451,KXMLBGAME-25JUL22BALCLE-BAL,18,82,26,yes
1753227453070,1753227453,KXMLBGAME-25JUL22CWSTB-CWS,7,93,5,yes
1753227453690,1753227453,KXMLBGAME-25JUL22CWSTB-TB,94,6,100,yes
1753227457070,1753227457,KXMLBGAME-25JUL22NYYTOR-TOR,35,65,1,yes
1753227457190,1753227457,KXMLBGAME-25JUL22BALCLE-BAL,17,83,25,no
1753227458469,1753227458,KXMLBGAME-25JUL22CWSTB-TB,93,7,171,no
1753227458689,1753227458,KXMLBGAME-25JUL22LAANYM-NYM,54,46,25,yes
1753227459231,1753227459,KXMLBGAME-25JUL22BOSPHI-BOS,6,94,16,no
1753227459270,1753227459,KXMLBGAME-25JUL22CINWSH-WSH,46,54,5,no
1753227459271,1753227459,KXMLBGAME-25JUL22CINWSH-CIN,60,40,5,no
1753227459271,1753227459,KXMLBGAME-25JUL22CINWSH-WSH,46,54,5,no
1753227459271,1753227459,KXMLBGAME-25JUL22CINWSH-CIN,60,40,5,no
1753227459291,1753227459,KXMLBGAME-25JUL22CINWSH-CIN,60,40,10,no
1753227459291,1753227459,KXMLBGAME-25JUL22CINWSH-WSH,46,54,20,no
1753227459450,1753227459,KXMLBGAME-25JUL22CINWSH-WSH,46,54,16,no
1753227460551,1753227460,KXMLBGAME-25JUL22CWSTB-TB,94,6,211,yes
1753227460751,1753227460,KXMLBGAME-25JUL22CWSTB-TB,94,6,90,yes
1753227464428,1753227464,KXMLBGAME-25JUL22SFATL-ATL,35,65,1,no
1753227464509,1753227464,KXMLBGAME-25JUL22DETPIT-PIT,82,18,48,yes
1753227465988,1753227465,KXMLBGAME-25JUL22DETPIT-PIT,82,18,240,yes
1753227466489,1753227466,KXMLBGAME-25JUL22DETPIT-PIT,82,18,43,yes
1753227467870,1753227467,KXMLBGAME-25JUL22SDMIA-SD,30,70,2,no
1753227468931,1753227468,KXMLBGAME-25JUL22CINWSH-CIN,52,48,50,yes
1753227469970,1753227469,KXMLBGAME-25JUL22LAANYM-LAA,49,51,61,yes
1753227471089,1753227471,KXMLBGAME-25JUL22NYYTOR-TOR,35,65,2,yes
1753227474290,1753227474,KXMLBGAME-25JUL22LAANYM-LAA,49,51,62,yes
1753227475732,1753227475,KXMLBGAME-25JUL22BALCLE-BAL,15,85,54,no
1753227475732,1753227475,KXMLBGAME-25JUL22BALCLE-BAL,14,86,95,no
1753227475769,1753227475,KXMLBGAME-25JUL22CINWSH-WSH,49,51,9,yes
1753227479571,1753227479,KXMLBGAME-25JUL22DETPIT-PIT,81,19,1,yes
1753227480089,1753227480,KXMLBGAME-25JUL22CINWSH-CIN,52,48,37,yes
1753227480089,1753227480,KXMLBGAME-25JUL22CINWSH-CIN,52,48,50,yes
1753227480370,1753227480,KXMLBGAME-25JUL22KCCHC-CHC,71,29,552,yes
1753227480819,1753227480,KXMLBGAME-25JUL22DETPIT-PIT,81,19,86,yes
1753227480819,1753227480,KXMLBGAME-25JUL22DETPIT-PIT,81,19,35,yes
1753227480820,1753227480,KXMLBGAME-25JUL22BALCLE-CLE,84,16,15,yes
1753227480831,1753227480,KXMLBGAME-25JUL22STLCOL-STL,61,39,7,yes
1753227481189,1753227481,KXMLBGAME-25JUL22CWSTB-TB,94,6,99,yes
1753227481189,1753227481,KXMLBGAME-25JUL22CWSTB-TB,94,6,87,yes
1753227484490,1753227484,KXMLBGAME-25JUL22SFATL-SF,65,35,500,no
1753227484490,1753227484,KXMLBGAME-25JUL22SFATL-SF,64,36,125,no
1753227484490,1753227484,KXMLBGAME-25JUL22SFATL-SF,64,36,257,no
1753227485960,1753227485,KXMLBGAME-25JUL22SFATL-SF,67,33,25,yes
1753227485960,1753227485,KXMLBGAME-25JUL22SFATL-SF,67,33,193,yes
1753227486790,1753227486,KXMLBGAME-25JUL22SFATL-ATL,36,64,39,yes
1753227487710,1753227487,KXMLBGAME-25JUL22CWSTB-CWS,8,92,7,yes
1753227487749,1753227487,KXMLBGAME-25JUL22BOSPHI-BOS,7,93,3,yes
1753227488128,1753227488,KXMLBGAME-25JUL22SDMIA-SD,32,68,53,yes
1753227489109,1753227489,KXMLBGAME-25JUL22DETPIT-DET,22,78,200,yes
1753227489109,1753227489,KXMLBGAME-25JUL22DETPIT-DET,22,78,15,yes
1753227489511,1753227489,KXMLBGAME-25JUL22MINLAD-MIN,33,67,14,yes
1753227490373,1753227490,KXMLBGAME-25JUL22SDMIA-SD,30,70,1,no
1753227491169,1753227491,KXMLBGAME-25JUL22SFATL-ATL,35,65,1,no
1753227491169,1753227491,KXMLBGAME-25JUL22SFATL-ATL,33,67,181,no
1753227492072,1753227492,KXMLBGAME-25JUL22NYYTOR-NYY,66,34,147,yes
1753227493633,1753227493,KXMLBGAME-25JUL22DETPIT-DET,21,79,22,yes
1753227493874,1753227493,KXMLBGAME-25JUL22BOSPHI-PHI,93,7,25,no
1753227495189,1753227495,KXMLBGAME-25JUL22MILSEA-MIL,46,54,10,yes
1753227496391,1753227496,KXMLBGAME-25JUL22CWSTB-CWS,5,95,100,no
1753227496391,1753227496,KXMLBGAME-25JUL22CWSTB-CWS,5,95,10,no
1753227496391,1753227496,KXMLBGAME-25JUL22CWSTB-CWS,5,95,87,no
1753227496391,1753227496,KXMLBGAME-25JUL22CWSTB-CWS,4,96,23,no
1753227499510,1753227499,KXMLBGAME-25JUL22SFATL-SF,67,33,87,yes
1753227499510,1753227499,KXMLBGAME-25JUL22SFATL-SF,68,32,43,yes
1753227500679,1753227500,KXMLBGAME-25JUL22NYYTOR-NYY,65,35,2,no
1753227503452,1753227503,KXMLBGAME-25JUL22CINWSH-WSH,49,51,5,yes
1753227507505,1753227507,KXMLBGAME-25JUL22BOSPHI-BOS,7,93,9,yes
1753227507505,1753227507,KXMLBGAME-25JUL22BOSPHI-BOS,7,93,4,yes
1753227509168,1753227509,KXMLBGAME-25JUL22CWSTB-CWS,6,94,6,no
1753227509454,1753227509,KXMLBGAME-25JUL22NYYTOR-NYY,66,34,29,yes
1753227509454,1753227509,KXMLBGAME-25JUL22NYYTOR-NYY,66,34,7,yes
1753227510633,1753227510,KXMLBGAME-25JUL22DETPIT-DET,21,79,22,yes
1753227511990,1753227511,KXMLBGAME-25JUL22BALCLE-CLE,84,16,44,yes
1753227511990,1753227511,KXMLBGAME-25JUL22BALCLE-CLE,86,14,72,yes
1753227514571,1753227514,KXMLBGAME-25JUL22SFATL-SF,67,33,87,yes
1753227514571,1753227514,KXMLBGAME-25JUL22SFATL-SF,67,33,58,yes
1753227518069,1753227518,KXMLBGAME-25JUL22NYYTOR-TOR,35,65,1,yes
1753227518877,1753227518,KXMLBGAME-25JUL22NYYTOR-TOR,35,65,27,yes
1753227519669,1753227519,KXMLBGAME-25JUL22CINWSH-CIN,54,46,600,yes
1753227519669,1753227519,KXMLBGAME-25JUL22CINWSH-CIN,54,46,84,yes
1753227520010,1753227519,KXMLBGAME-25JUL22LAANYM-LAA,49,51,14,yes
1753227520010,1753227519,KXMLBGAME-25JUL22LAANYM-LAA,49,51,300,yes
1753227520010,1753227519,KXMLBGAME-25JUL22LAANYM-LAA,49,51,85,yes
1753227520010,1753227519,KXMLBGAME-25JUL22LAANYM-LAA,49,51,239,yes
1753227520769,1753227520,KXMLBGAME-25JUL22DETPIT-DET,21,79,43,yes
1753227520769,1753227520,KXMLBGAME-25JUL22DETPIT-DET,21,79,22,yes
1753227520769,1753227520,KXMLBGAME-25JUL22DETPIT-DET,21,79,22,yes
1753227520769,1753227520,KXMLBGAME-25JUL22DETPIT-DET,22,78,89,yes
1753227522109,1753227521,KXMLBGAME-25JUL22NYYTOR-NYY,66,34,22,yes
1753227522109,1753227521,KXMLBGAME-25JUL22NYYTOR-NYY,67,33,131,yes
1753227522787,1753227522,KXMLBGAME-25JUL22SFATL-ATL,35,65,1,no
1753227522787,1753227522,KXMLBGAME-25JUL22SFATL-ATL,33,67,3,no
1753227524287,1753227524,KXMLBGAME-25JUL22CWSTB-TB,94,6,105,yes
1753227524412,1753227524,KXMLBGAME-25JUL22LAANYM-LAA,49,51,48,yes
1753227526531,1753227526,KXMLBGAME-25JUL22DETPIT-PIT,80,20,100,no
1753227528789,1753227528,KXMLBGAME-25JUL22DETPIT-PIT,80,20,100,no
1753227528789,1753227528,KXMLBGAME-25JUL22DETPIT-PIT,80,20,40,no
1753227529371,1753227529,KXMLBGAME-25JUL22DETPIT-PIT,78,22,300,no
1753227529371,1753227529,KXMLBGAME-25JUL22DETPIT-PIT,78,22,77,no
1753227529469,1753227529,KXMLBGAME-25JUL22DETPIT-DET,22,78,77,yes
1753227530548,1753227530,KXMLBGAME-25JUL22SFATL-ATL,35,65,1,no
1753227530548,1753227530,KXMLBGAME-25JUL22SFATL-ATL,33,67,50,no
1753227530911,1753227530,KXMLBGAME-25JUL22SDMIA-MIA,68,32,1,no
1753227530911,1753227530,KXMLBGAME-25JUL22SDMIA-MIA,67,33,41,no
1753227530929,1753227530,KXMLBGAME-25JUL22DETPIT-DET,23,77,38,yes
1753227531950,1753227531,KXMLBGAME-25JUL22CWSTB-TB,92,8,1,no
1753227535250,1753227535,KXMLBGAME-25JUL22CINWSH-WSH,45,55,5,no
1753227541150,1753227541,KXMLBGAME-25JUL22SFATL-SF,70,30,7,yes
1753227541150,1753227541,KXMLBGAME-25JUL22SFATL-SF,70,30,87,yes
1753227541150,1753227541,KXMLBGAME-25JUL22SFATL-SF,71,29,45,yes
1753227542969,1753227542,KXMLBGAME-25JUL22LAANYM-NYM,53,47,348,yes
1753227542969,1753227542,KXMLBGAME-25JUL22LAANYM-NYM,54,46,232,yes
1753227542969,1753227542,KXMLBGAME-25JUL22LAANYM-NYM,54,46,87,yes
1753227542970,1753227542,KXMLBGAME-25JUL22LAANYM-NYM,54,46,236,yes
1753227542970,1753227542,KXMLBGAME-25JUL22NYYTOR-NYY,68,32,99,yes
1753227543089,1753227543,KXMLBGAME-25JUL22SFATL-ATL,69,31,82,yes
1753227543693,1753227543,KXMLBGAME-25JUL22BOSPHI-BOS,7,93,50,no
1753227545572,1753227545,KXMLBGAME-25JUL22CWSTB-TB,94,6,1,yes
1753227547550,1753227547,KXMLBGAME-25JUL22BOSPHI-BOS,7,93,20,no
1753227548331,1753227548,KXMLBGAME-25JUL22SFATL-SF,71,29,138,yes
1753227549373,1753227549,KXMLBGAME-25JUL22DETPIT-PIT,77,23,6,yes
1753227550073,1753227550,KXMLBGAME-25JUL22LAANYM-LAA,49,51,22,yes
1753227550471,1753227550,KXMLBGAME-25JUL22BOSPHI-BOS,7,93,20,no
1753227554205,1753227554,KXMLBGAME-25JUL22DETPIT-DET,24,76,1,no
1753227554229,1753227554,KXMLBGAME-25JUL22SFATL-SF,71,29,417,yes
1753227554229,1753227554,KXMLBGAME-25JUL22SFATL-SF,72,28,750,yes
1753227554369,1753227554,KXMLBGAME-25JUL22SFATL-ATL,30,70,34,no
1753227554369,1753227554,KXMLBGAME-25JUL22NYYTOR-TOR,33,67,12,yes
1753227554369,1753227554,KXMLBGAME-25JUL22NYYTOR-TOR,33,67,2,yes
1753227554732,1753227554,KXMLBGAME-25JUL22DETPIT-DET,24,76,172,yes
1753227555131,1753227555,KXMLBGAME-25JUL22NYYTOR-NYY,68,32,7,yes
1753227555569,1753227555,KXMLBGAME-25JUL22CWSTB-CWS,6,94,200,no
1753227556529,1753227556,KXMLBGAME-25JUL22CINWSH-CIN,55,45,70,yes
1753227557370,1753227557,KXMLBGAME-25JUL22CWSTB-CWS,6,94,269,no
1753227558208,1753227558,KXMLBGAME-25JUL22SFATL-ATL,27,73,82,no
1753227558551,1753227558,KXMLBGAME-25JUL22DETPIT-DET,24,76,232,yes
1753227558813,1753227558,KXMLBGAME-25JUL22DETPIT-DET,24,76,5,yes
1753227562649,1753227562,KXMLBGAME-25JUL22CWSTB-CWS,6,94,100,no
1753227563730,1753227563,KXMLBGAME-25JUL22BOSPHI-PHI,94,6,5,yes
1753227564012,1753227563,KXMLBGAME-25JUL22CWSTB-CWS,6,94,214,no
1753227565561,1753227565,KXMLBGAME-25JUL22CWSTB-CWS,6,94,50,no
1753227566308,1753227566,KXMLBGAME-25JUL22BALCLE-CLE,83,17,3,no
1753227571228,1753227571,KXMLBGAME-25JUL22CWSTB-CWS,6,94,275,no
1753227576929,1753227576,KXMLBGAME-25JUL22BALCLE-BAL,17,83,87,yes
1753227576929,1753227576,KXMLBGAME-25JUL22BALCLE-BAL,17,83,129,yes
1753227578187,1753227578,KXMLBGAME-25JUL22CINWSH-CIN,55,45,3229,yes
1753227579189,1753227579,KXMLBGAME-25JUL22SFATL-SF,74,26,85,no
1753227579289,1753227579,KXMLBGAME-25JUL22SFATL-ATL,26,74,43,yes
1753227579289,1753227579,KXMLBGAME-25JUL22SFATL-ATL,26,74,85,yes
1753227580170,1753227580,KXMLBGAME-25JUL22SDMIA-MIA,67,33,2,yes
1753227581950,1753227581,KXMLBGAME-25JUL22DETPIT-PIT,78,22,44,yes
1753227582028,1753227581,KXMLBGAME-25JUL22BALCLE-CLE,86,14,5,yes
1753227583132,1753227583,KXMLBGAME-25JUL22KCCHC-KC,31,69,30,yes
1753227584569,1753227584,KXMLBGAME-25JUL22CINWSH-WSH,44,56,600,no
1753227584850,1753227584,KXMLBGAME-25JUL22SDMIA-SD,35,65,13,yes
1753227586249,1753227586,KXMLBGAME-25JUL22SFATL-ATL,26,74,5,no
1753227586408,1753227586,KXMLBGAME-25JUL22CINWSH-CIN,57,43,300,yes
1753227586408,1753227586,KXMLBGAME-25JUL22CINWSH-CIN,57,43,1000,yes
1753227586408,1753227586,KXMLBGAME-25JUL22CINWSH-CIN,57,43,200,yes
1753227586993,1753227586,KXMLBGAME-25JUL22DETPIT-PIT,78,22,18,yes
1753227587669,1753227587,KXMLBGAME-25JUL22NYYTOR-NYY,68,32,16,yes
1753227587669,1753227587,KXMLBGAME-25JUL22NYYTOR-NYY,68,32,5,yes
1753227588812,1753227588,KXMLBGAME-25JUL22SFATL-ATL,27,73,300,yes
1753227588812,1753227588,KXMLBGAME-25JUL22SFATL-ATL,27,73,42,yes
1753227588812,1753227588,KXMLBGAME-25JUL22SFATL-ATL,27,73,600,yes
1753227588812,1753227588,KXMLBGAME-25JUL22SFATL-ATL,27,73,500,yes
1753227588812,1753227588,KXMLBGAME-25JUL22SFATL-ATL,28,72,200,yes
1753227588813,1753227588,KXMLBGAME-25JUL22SFATL-ATL,28,72,750,yes
1753227588813,1753227588,KXMLBGAME-25JUL22SFATL-ATL,28,72,500,yes
1753227588813,1753227588,KXMLBGAME-25JUL22SFATL-ATL,28,72,2000,yes
1753227588813,1753227588,KXMLBGAME-25JUL22SFATL-ATL,28,72,600,yes
1753227588813,1753227588,KXMLBGAME-25JUL22SFATL-ATL,29,71,300,yes
1753227588813,1753227588,KXMLBGAME-25JUL22SFATL-ATL,29,71,200,yes
1753227588813,1753227588,KXMLBGAME-25JUL22SFATL-ATL,30,70,1291,yes
1753227591371,1753227591,KXMLBGAME-25JUL22BALCLE-BAL,17,83,27,yes
1753227593437,1753227593,KXMLBGAME-25JUL22CWSTB-TB,94,6,5,yes
1753227594190,1753227594,KXMLBGAME-25JUL22DETPIT-PIT,78,22,2,yes
1753227594249,1753227594,KXMLBGAME-25JUL22ATHTEX-TEX,67,33,729,yes
1753227594955,1753227594,KXMLBGAME-25JUL22CWSTB-TB,94,6,443,yes
1753227594969,1753227594,KXMLBGAME-25JUL22CWSTB-CWS,6,94,455,no
1753227595930,1753227595,KXMLBGAME-25JUL22CWSTB-CWS,6,94,428,no
1753227596009,1753227595,KXMLBGAME-25JUL22CWSTB-TB,94,6,422,yes
1753227596630,1753227596,KXMLBGAME-25JUL22NYYTOR-NYY,69,31,46,yes
1753227596793,1753227596,KXMLBGAME-25JUL22CWSTB-CWS,6,94,430,no
1753227596870,1753227596,KXMLBGAME-25JUL22CWSTB-TB,94,6,432,yes
1753227597108,1753227597,KXMLBGAME-25JUL22SFATL-SF,74,26,132,yes
1753227597210,1753227597,KXMLBGAME-25JUL22LAANYM-LAA,48,52,78,yes
1753227597571,1753227597,KXMLBGAME-25JUL22CWSTB-TB,94,6,200,yes
1753227597571,1753227597,KXMLBGAME-25JUL22CWSTB-TB,94,6,90,yes
1753227599209,1753227599,KXMLBGAME-25JUL22DETPIT-DET,21,79,300,no
1753227599209,1753227599,KXMLBGAME-25JUL22DETPIT-DET,21,79,87,no
1753227599329,1753227599,KXMLBGAME-25JUL22DETPIT-PIT,79,21,87,yes
1753227599631,1753227599,KXMLBGAME-25JUL22ATHTEX-TEX,66,34,14,no
1753227601849,1753227601,KXMLBGAME-25JUL22SFATL-SF,74,26,9,yes
1753227603090,1753227603,KXMLBGAME-25JUL22HOUARI-HOU,53,47,9,yes
1753227605668,1753227605,KXMLBGAME-25JUL22LAANYM-LAA,47,53,21,yes
1753227606371,1753227606,KXMLBGAME-25JUL22HOUARI-HOU,53,47,9,yes
1753227606449,1753227606,KXMLBGAME-25JUL22BALCLE-BAL,17,83,5,yes
1753227606969,1753227606,KXMLBGAME-25JUL22SFATL-SF,74,26,6,yes
1753227607487,1753227607,KXMLBGAME-25JUL22DETPIT-PIT,82,18,12,yes
1753227608712,1753227608,KXMLBGAME-25JUL22CINWSH-CIN,56,44,300,yes
1753227608712,1753227608,KXMLBGAME-25JUL22CINWSH-CIN,56,44,10,yes
1753227609130,1753227609,KXMLBGAME-25JUL22CWSTB-CWS,8,92,37,yes
1753227609130,1753227609,KXMLBGAME-25JUL22CWSTB-CWS,8,92,22,yes
1753227609130,1753227609,KXMLBGAME-25JUL22CWSTB-CWS,8,92,300,yes
1753227609130,1753227609,KXMLBGAME-25JUL22CWSTB-CWS,8,92,230,yes
1753227609450,1753227609,KXMLBGAME-25JUL22SDMIA-MIA,66,34,36,yes
1753227611229,1753227611,KXMLBGAME-25JUL22SDMIA-SD,37,63,300,yes
1753227611275,1753227611,KXMLBGAME-25JUL22SDMIA-SD,37,63,200,yes
1753227611275,1753227611,KXMLBGAME-25JUL22SDMIA-SD,37,63,17,yes
1753227611810,1753227611,KXMLBGAME-25JUL22CINWSH-WSH,43,57,300,no
1753227611829,1753227611,KXMLBGAME-25JUL22CINWSH-WSH,43,57,10,no
1753227612571,1753227612,KXMLBGAME-25JUL22MILSEA-MIL,46,54,115,yes
1753227613469,1753227613,KXMLBGAME-25JUL22CINWSH-CIN,56,44,13,yes
1753227613751,1753227613,KXMLBGAME-25JUL22SFATL-SF,74,26,663,yes
1753227613771,1753227613,KXMLBGAME-25JUL22CINWSH-WSH,43,57,13,no
1753227617307,1753227617,KXMLBGAME-25JUL22BALCLE-CLE,86,14,16,yes
1753227623368,1753227623,KXMLBGAME-25JUL22SFATL-SF,79,21,1,yes
1753227623368,1753227623,KXMLBGAME-25JUL22SFATL-SF,80,20,100,yes
1753227623368,1753227623,KXMLBGAME-25JUL22SFATL-SF,82,18,1,yes
1753227623368,1753227623,KXMLBGAME-25JUL22SFATL-SF,84,16,100,yes
1753227623368,1753227623,KXMLBGAME-25JUL22SFATL-SF,86,14,37,yes
1753227623530,1753227623,KXMLBGAME-25JUL22DETPIT-DET,20,80,4,yes
1753227627031,1753227626,KXMLBGAME-25JUL22SFATL-SF,76,24,300,yes
1753227627031,1753227626,KXMLBGAME-25JUL22SFATL-ATL,23,77,87,no
1753227628150,1753227628,KXMLBGAME-25JUL22CWSTB-CWS,8,92,44,yes
1753227628150,1753227628,KXMLBGAME-25JUL22CWSTB-CWS,8,92,3,yes
1753227630250,1753227630,KXMLBGAME-25JUL22LAANYM-NYM,55,45,172,yes
1753227631990,1753227631,KXMLBGAME-25JUL22DETPIT-DET,18,82,1,no
1753227635149,1753227635,KXMLBGAME-25JUL22NYYTOR-NYY,68,32,70,yes
1753227635850,1753227635,KXMLBGAME-25JUL22NYYTOR-NYY,68,32,11,yes
1753227636639,1753227636,KXMLBGAME-25JUL22CWSTB-CWS,8,92,290,yes
1753227637469,1753227637,KXMLBGAME-25JUL22BALCLE-CLE,84,16,11,no
1753227640049,1753227640,KXMLBGAME-25JUL22CWSTB-TB,92,8,129,no
1753227645750,1753227645,KXMLBGAME-25JUL22DETPIT-PIT,81,19,6,yes
1753227646069,1753227646,KXMLBGAME-25JUL22STLCOL-COL,39,61,33,no
1753227647531,1753227647,KXMLBGAME-25JUL22NYYTOR-NYY,72,28,10,yes
1753227648830,1753227648,KXMLBGAME-25JUL22NYYTOR-TOR,33,67,300,yes
1753227649489,1753227649,KXMLBGAME-25JUL22NYYTOR-TOR,34,66,184,yes
1753227649809,1753227649,KXMLBGAME-25JUL22BOSPHI-PHI,94,6,84,yes
1753227653811,1753227653,KXMLBGAME-25JUL22CINWSH-CIN,56,44,277,yes
1753227653811,1753227653,KXMLBGAME-25JUL22CINWSH-CIN,57,43,23,yes
1753227653812,1753227653,KXMLBGAME-25JUL22CINWSH-CIN,57,43,10,yes
1753227653830,1753227653,KXMLBGAME-25JUL22CINWSH-WSH,43,57,300,no
1753227653830,1753227653,KXMLBGAME-25JUL22CINWSH-WSH,43,57,10,no
1753227654230,1753227654,KXMLBGAME-25JUL22BOSPHI-BOS,7,93,60,no
1753227658372,1753227658,KXMLBGAME-25JUL22SFATL-SF,77,23,1000,yes
1753227661190,1753227661,KXMLBGAME-25JUL22CINWSH-CIN,56,44,1,yes
1753227664470,1753227664,KXMLBGAME-25JUL22SFATL-SF,77,23,610,yes
1753227664789,1753227664,KXMLBGAME-25JUL22DETPIT-PIT,81,19,12,yes
1753227664869,1753227664,KXMLBGAME-25JUL22CINWSH-CIN,56,44,346,yes
1753227664909,1753227664,KXMLBGAME-25JUL22CINWSH-CIN,57,43,300,yes
1753227664930,1753227664,KXMLBGAME-25JUL22CINWSH-CIN,57,43,10,yes
1753227664931,1753227664,KXMLBGAME-25JUL22CINWSH-WSH,43,57,300,no
1753227664949,1753227664,KXMLBGAME-25JUL22CINWSH-WSH,43,57,10,no
1753227665448,1753227665,KXMLBGAME-25JUL22SFATL-SF,77,23,44,yes
1753227666410,1753227666,KXMLBGAME-25JUL22SFATL-SF,77,23,1230,yes
1753227667149,1753227667,KXMLBGAME-25JUL22BALCLE-CLE,85,15,1,yes
1753227667528,1753227667,KXMLBGAME-25JUL22SFATL-SF,77,23,310,yes
1753227668676,1753227668,KXMLBGAME-25JUL22DETPIT-DET,20,80,10,yes
1753227671389,1753227671,KXMLBGAME-25JUL22BALCLE-BAL,17,83,2,yes
1753227671827,1753227671,KXMLBGAME-25JUL22SDMIA-SD,37,63,54,yes
1753227671827,1753227671,KXMLBGAME-25JUL22SDMIA-SD,37,63,339,yes
1753227672334,1753227672,KXMLBGAME-25JUL22LAANYM-LAA,47,53,10,yes
1753227673812,1753227673,KXMLBGAME-25JUL22NYYTOR-NYY,66,34,10,yes
1753227673812,1753227673,KXMLBGAME-25JUL22NYYTOR-NYY,66,34,137,yes
1753227675544,1753227674,KXMLBGAME-25JUL22DETPIT-DET,20,80,286,yes
1753227675544,1753227674,KXMLBGAME-25JUL22DETPIT-DET,20,80,100,yes
1753227675544,1753227674,KXMLBGAME-25JUL22DETPIT-DET,21,79,75,yes
1753227677013,1753227676,KXMLBGAME-25JUL22CINWSH-WSH,44,56,50,yes
1753227677013,1753227676,KXMLBGAME-25JUL22CWSTB-CWS,7,93,13,yes
1753227681336,1753227681,KXMLBGAME-25JUL22HOUARI-HOU,53,47,3,yes
1753227682537,1753227682,KXMLBGAME-25JUL22SFATL-ATL,24,76,3,yes
1753227684410,1753227683,KXMLBGAME-25JUL22SDMIA-SD,37,63,258,yes
1753227684851,1753227684,KXMLBGAME-25JUL22DETPIT-PIT,81,19,16,yes
1753227684851,1753227684,KXMLBGAME-25JUL22DETPIT-PIT,81,19,8,yes
1753227685609,1753227685,KXMLBGAME-25JUL22NYYTOR-NYY,65,35,4,no
1753227686049,1753227685,KXMLBGAME-25JUL22NYYTOR-NYY,66,34,7,yes
1753227686049,1753227685,KXMLBGAME-25JUL22NYYTOR-NYY,66,34,140,yes
1753227686090,1753227686,KXMLBGAME-25JUL22DETPIT-DET,19,81,24,yes
1753227686719,1753227686,KXMLBGAME-25JUL22DETPIT-PIT,81,19,52,yes
1753227687110,1753227687,KXMLBGAME-25JUL22BALCLE-BAL,18,82,9,yes
1753227695770,1753227695,KXMLBGAME-25JUL22DETPIT-DET,19,81,24,yes
1753227699889,1753227699,KXMLBGAME-25JUL22NYYTOR-NYY,66,34,300,yes
1753227699889,1753227699,KXMLBGAME-25JUL22NYYTOR-NYY,66,34,6,yes
1753227700450,1753227700,KXMLBGAME-25JUL22SFATL-SF,77,23,1,yes
1753227703789,1753227703,KXMLBGAME-25JUL22NYYTOR-NYY,66,34,500,no
1753227705371,1753227705,KXMLBGAME-25JUL22SFATL-ATL,24,76,19,yes
1753227705450,1753227705,KXMLBGAME-25JUL22BOSPHI-BOS,8,92,11,yes
1753227706131,1753227706,KXMLBGAME-25JUL22NYYTOR-TOR,35,65,44,no
1753227707590,1753227707,KXMLBGAME-25JUL22MILSEA-MIL,46,54,10,yes
1753227709152,1753227709,KXMLBGAME-25JUL22DETPIT-PIT,83,17,36,yes
1753227709469,1753227709,KXMLBGAME-25JUL22LAANYM-LAA,50,50,118,no
1753227713709,1753227713,KXMLBGAME-25JUL22DETPIT-PIT,81,19,348,no
1753227714209,1753227714,KXMLBGAME-25JUL22BALCLE-CLE,84,16,39,no
1753227714770,1753227714,KXMLBGAME-25JUL22DETPIT-DET,20,80,300,yes
1753227714770,1753227714,KXMLBGAME-25JUL22DETPIT-DET,21,79,55,yes
1753227714951,1753227714,KXMLBGAME-25JUL22SFATL-ATL,24,76,32,yes
1753227714951,1753227714,KXMLBGAME-25JUL22SFATL-ATL,24,76,2,yes
1753227714951,1753227714,KXMLBGAME-25JUL22SFATL-ATL,24,76,14,yes
1753227714952,1753227714,KXMLBGAME-25JUL22SFATL-ATL,25,75,300,yes
1753227714952,1753227714,KXMLBGAME-25JUL22SFATL-ATL,26,74,600,yes
1753227714952,1753227714,KXMLBGAME-25JUL22SFATL-ATL,26,74,163,yes
1753227715651,1753227715,KXMLBGAME-25JUL22DETPIT-DET,22,78,55,yes
1753227715651,1753227715,KXMLBGAME-25JUL22DETPIT-DET,22,78,81,yes
1753227716708,1753227716,KXMLBGAME-25JUL22SDMIA-SD,37,63,5,yes
1753227717890,1753227717,KXMLBGAME-25JUL22DETPIT-PIT,78,22,500,no
1753227717890,1753227717,KXMLBGAME-25JUL22DETPIT-DET,22,78,300,yes
1753227719469,1753227719,KXMLBGAME-25JUL22DETPIT-PIT,77,23,300,no
1753227725728,1753227725,KXMLBGAME-25JUL22BOSPHI-BOS,8,92,44,yes
1753227725729,1753227725,KXMLBGAME-25JUL22BOSPHI-BOS,8,92,220,yes
1753227725729,1753227725,KXMLBGAME-25JUL22BOSPHI-BOS,8,92,11,yes
1753227725729,1753227725,KXMLBGAME-25JUL22BOSPHI-BOS,9,91,185,yes
1753227726447,1753227726,KXMLBGAME-25JUL22BALCLE-CLE,84,16,3,yes
1753227727030,1753227726,KXMLBGAME-25JUL22CINWSH-CIN,56,44,86,yes
1753227727309,1753227727,KXMLBGAME-25JUL22NYYTOR-NYY,67,33,36,yes
1753227728431,1753227728,KXMLBGAME-25JUL22MILSEA-MIL,46,54,10,yes
1753227729209,1753227729,KXMLBGAME-25JUL22CINWSH-WSH,44,56,850,yes
1753227730131,1753227730,KXMLBGAME-25JUL22CINWSH-CIN,55,45,43,yes
1753227730750,1753227730,KXMLBGAME-25JUL22SDMIA-MIA,65,35,300,yes
1753227733409,1753227733,KXMLBGAME-25JUL22KCCHC-CHC,71,29,27,yes
1753227733669,1753227733,KXMLBGAME-25JUL22MINLAD-MIN,33,67,456,yes
1753227736270,1753227736,KXMLBGAME-25JUL22LAANYM-LAA,52,48,37,yes
1753227737089,1753227736,KXMLBGAME-25JUL22NYYTOR-NYY,67,33,7,yes
1753227737371,1753227737,KXMLBGAME-25JUL22BOSPHI-PHI,94,6,40,yes
1753227737371,1753227737,KXMLBGAME-25JUL22BOSPHI-PHI,94,6,76,yes
1753227737491,1753227737,KXMLBGAME-25JUL22BALCLE-BAL,18,82,300,yes
1753227737491,1753227737,KXMLBGAME-25JUL22BALCLE-BAL,19,81,87,yes
1753227737491,1753227737,KXMLBGAME-25JUL22BALCLE-BAL,19,81,117,yes
1753227739149,1753227739,KXMLBGAME-25JUL22SFATL-ATL,22,78,11,no
1753227741309,1753227741,KXMLBGAME-25JUL22MILSEA-SEA,55,45,11,yes
1753227742438,1753227742,KXMLBGAME-25JUL22CINWSH-WSH,45,55,295,yes
1753227742438,1753227742,KXMLBGAME-25JUL22CINWSH-WSH,47,53,300,yes
1753227742438,1753227742,KXMLBGAME-25JUL22CINWSH-WSH,47,53,200,yes
1753227742438,1753227742,KXMLBGAME-25JUL22CINWSH-WSH,47,53,5000,yes
1753227742438,1753227742,KXMLBGAME-25JUL22CINWSH-WSH,47,53,371,yes
1753227743051,1753227742,KXMLBGAME-25JUL22NYYTOR-NYY,66,34,500,no
1753227744292,1753227744,KXMLBGAME-25JUL22DETPIT-PIT,75,25,87,yes
1753227744292,1753227744,KXMLBGAME-25JUL22DETPIT-PIT,75,25,196,yes
1753227744492,1753227744,KXMLBGAME-25JUL22DETPIT-DET,25,75,5,no
1753227746090,1753227746,KXMLBGAME-25JUL22SFATL-ATL,24,76,9,yes
1753227746604,1753227746,KXMLBGAME-25JUL22SFATL-SF,76,24,51,yes
1753227746928,1753227746,KXMLBGAME-25JUL22MINLAD-MIN,33,67,168,yes
1753227749430,1753227749,KXMLBGAME-25JUL22CINWSH-CIN,53,47,13,no
1753227749849,1753227749,KXMLBGAME-25JUL22CINWSH-WSH,47,53,13,yes
1753227749889,1753227749,KXMLBGAME-25JUL22LAANYM-LAA,53,47,16,yes
1753227752850,1753227752,KXMLBGAME-25JUL22LAANYM-LAA,53,47,16,yes
1753227755369,1753227755,KXMLBGAME-25JUL22SFATL-SF,76,24,25,yes
1753227757308,1753227757,KXMLBGAME-25JUL22SDMIA-SD,36,64,361,yes
1753227758770,1753227758,KXMLBGAME-25JUL22NYYTOR-TOR,36,64,10,yes
1753227759549,1753227759,KXMLBGAME-25JUL22NYYTOR-NYY,66,34,5000,no
1753227759549,1753227759,KXMLBGAME-25JUL22NYYTOR-NYY,66,34,1226,no
1753227759652,1753227759,KXMLBGAME-25JUL22NYYTOR-NYY,66,34,2962,no
1753227767248,1753227767,KXMLBGAME-25JUL22NYYTOR-TOR,36,64,52,yes
1753227770008,1753227769,KXMLBGAME-25JUL22SFATL-SF,77,23,108,yes
1753227772871,1753227772,KXMLBGAME-25JUL22SDMIA-SD,36,64,1563,yes
1753227777470,1753227777,KXMLBGAME-25JUL22KCCHC-KC,31,69,76,yes
1753227779708,1753227779,KXMLBGAME-25JUL22CINWSH-CIN,53,47,20,yes
1753227780150,1753227780,KXMLBGAME-25JUL22CWSTB-CWS,7,93,13,yes
1753227780424,1753227780,KXMLBGAME-25JUL22CINWSH-CIN,53,47,5,yes
1753227780429,1753227780,KXMLBGAME-25JUL22DETPIT-DET,26,74,36,yes
1753227780911,1753227780,KXMLBGAME-25JUL22DETPIT-DET,25,75,1,no
1753227785625,1753227785,KXMLBGAME-25JUL22NYYTOR-NYY,65,35,49,yes
1753227785632,1753227785,KXMLBGAME-25JUL22CINWSH-CIN,52,48,46,yes
1753227787833,1753227787,KXMLBGAME-25JUL22SDMIA-SD,35,65,21,yes
1753227788631,1753227788,KXMLBGAME-25JUL22SFATL-SF,78,22,89,yes
1753227789208,1753227788,KXMLBGAME-25JUL22SFATL-SF,79,21,127,yes
1753227789208,1753227788,KXMLBGAME-25JUL22SFATL-SF,79,21,496,yes
1753227793329,1753227793,KXMLBGAME-25JUL22BOSPHI-PHI,94,6,11,yes
1753227793329,1753227793,KXMLBGAME-25JUL22BOSPHI-PHI,94,6,94,yes
1753227795767,1753227795,KXMLBGAME-25JUL22BOSPHI-BOS,9,91,512,yes
1753227795809,1753227795,KXMLBGAME-25JUL22DETPIT-PIT,75,25,17,yes
1753227796428,1753227796,KXMLBGAME-25JUL22SDMIA-SD,35,65,16,yes
1753227796428,1753227796,KXMLBGAME-25JUL22SDMIA-SD,35,65,24,yes
1753227798629,1753227798,KXMLBGAME-25JUL22LAANYM-NYM,48,52,50,yes
1753227798771,1753227798,KXMLBGAME-25JUL22DETPIT-PIT,76,24,1471,yes
1753227798850,1753227798,KXMLBGAME-25JUL22DETPIT-DET,24,76,312,no
1753227798949,1753227798,KXMLBGAME-25JUL22DETPIT-DET,24,76,1471,no
1753227799818,1753227799,KXMLBGAME-25JUL22DETPIT-PIT,75,25,50,yes
1753227800350,1753227800,KXMLBGAME-25JUL22MILSEA-MIL,46,54,43,yes
1753227800350,1753227800,KXMLBGAME-25JUL22DETPIT-PIT,76,24,86,yes
1753227800368,1753227800,KXMLBGAME-25JUL22DETPIT-DET,24,76,86,no
1753227800451,1753227800,KXMLBGAME-25JUL22DETPIT-PIT,76,24,64,yes
1753227802228,1753227802,KXMLBGAME-25JUL22NYYTOR-NYY,63,37,87,no
1753227802390,1753227802,KXMLBGAME-25JUL22NYYTOR-TOR,37,63,87,yes
1753227802972,1753227802,KXMLBGAME-25JUL22DETPIT-PIT,77,23,8,yes
1753227803329,1753227803,KXMLBGAME-25JUL22HOUARI-HOU,53,47,10,yes
1753227804109,1753227804,KXMLBGAME-25JUL22NYYTOR-NYY,62,38,26,yes
1753227804109,1753227804,KXMLBGAME-25JUL22NYYTOR-NYY,63,37,32,yes
1753227804110,1753227804,KXMLBGAME-25JUL22NYYTOR-TOR,38,62,87,yes
1753227804668,1753227804,KXMLBGAME-25JUL22BOSPHI-BOS,9,91,52,yes
1753227807309,1753227807,KXMLBGAME-25JUL22CINWSH-WSH,50,50,193,yes
1753227809011,1753227808,KXMLBGAME-25JUL22SFATL-SF,78,22,116,yes
1753227809011,1753227808,KXMLBGAME-25JUL22SFATL-SF,79,21,10,yes
1753227813090,1753227813,KXMLBGAME-25JUL22SFATL-SF,79,21,290,yes
1753227813090,1753227813,KXMLBGAME-25JUL22SFATL-SF,79,21,200,yes
1753227813090,1753227813,KXMLBGAME-25JUL22SFATL-SF,80,20,87,yes
1753227813091,1753227813,KXMLBGAME-25JUL22SFATL-SF,80,20,200,yes
1753227813091,1753227813,KXMLBGAME-25JUL22SFATL-SF,80,20,165,yes
1753227814268,1753227814,KXMLBGAME-25JUL22LAANYM-LAA,52,48,300,no
1753227814548,1753227814,KXMLBGAME-25JUL22BOSPHI-BOS,9,91,207,yes
1753227815070,1753227815,KXMLBGAME-25JUL22DETPIT-DET,46,54,4,yes
1753227817770,1753227817,KXMLBGAME-25JUL22CWSTB-CWS,7,93,67,yes
1753227817770,1753227817,KXMLBGAME-25JUL22CWSTB-CWS,7,93,134,yes
1753227818010,1753227817,KXMLBGAME-25JUL22BALCLE-CLE,83,17,85,yes
1753227818010,1753227817,KXMLBGAME-25JUL22BALCLE-CLE,84,16,33,yes
1753227819950,1753227819,KXMLBGAME-25JUL22BALCLE-CLE,83,17,64,yes
1753227819950,1753227819,KXMLBGAME-25JUL22BALCLE-CLE,84,16,54,yes
1753227822410,1753227822,KXMLBGAME-25JUL22DETPIT-PIT,76,24,25,yes
1753227824030,1753227823,KXMLBGAME-25JUL22DETPIT-DET,25,75,5,yes
1753227824526,1753227824,KXMLBGAME-25JUL22KCCHC-CHC,70,30,3,yes
1753227824550,1753227824,KXMLBGAME-25JUL22NYYTOR-NYY,61,39,159,yes
1753227824771,1753227824,KXMLBGAME-25JUL22LAANYM-NYM,50,50,300,yes
1753227824771,1753227824,KXMLBGAME-25JUL22LAANYM-NYM,51,49,653,yes
1753227826429,1753227826,KXMLBGAME-25JUL22DETPIT-DET,25,75,82,yes
1753227826429,1753227826,KXMLBGAME-25JUL22DETPIT-DET,25,75,5,yes
1753227826429,1753227826,KXMLBGAME-25JUL22DETPIT-DET,26,74,281,yes
1753227833012,1753227832,KXMLBGAME-25JUL22LAANYM-LAA,52,48,2,yes
1753227833653,1753227833,KXMLBGAME-25JUL22CINWSH-CIN,53,47,27,yes
1753227840228,1753227840,KXMLBGAME-25JUL22BOSPHI-BOS,9,91,50,yes
1753227842290,1753227842,KXMLBGAME-25JUL22SFATL-SF,80,20,300,yes
1753227842290,1753227842,KXMLBGAME-25JUL22SFATL-SF,80,20,200,yes
1753227842290,1753227842,KXMLBGAME-25JUL22SFATL-SF,80,20,30,yes
1753227842487,1753227842,KXMLBGAME-25JUL22BALCLE-BAL,19,81,24,yes
1753227845550,1753227845,KXMLBGAME-25JUL22SFATL-ATL,22,78,600,yes
1753227845550,1753227845,KXMLBGAME-25JUL22SFATL-ATL,23,77,34,yes
1753227845550,1753227845,KXMLBGAME-25JUL22SFATL-ATL,23,77,22,yes
1753227845550,1753227845,KXMLBGAME-25JUL22SFATL-ATL,23,77,300,yes
1753227845550,1753227845,KXMLBGAME-25JUL22SFATL-ATL,24,76,200,yes
1753227845550,1753227845,KXMLBGAME-25JUL22SFATL-ATL,24,76,2851,yes
1753227845550,1753227845,KXMLBGAME-25JUL22KCCHC-CHC,70,30,34,yes
1753227848470,1753227848,KXMLBGAME-25JUL22SFATL-SF,79,21,110,yes
1753227850073,1753227850,KXMLBGAME-25JUL22LAANYM-NYM,50,50,21,yes
1753227851369,1753227851,KXMLBGAME-25JUL22SFATL-SF,78,22,50,yes
1753227852311,1753227852,KXMLBGAME-25JUL22SFATL-SF,78,22,114,yes
1753227853649,1753227853,KXMLBGAME-25JUL22SFATL-ATL,21,79,100,no
1753227853649,1753227853,KXMLBGAME-25JUL22SFATL-ATL,21,79,37,no
1753227855588,1753227855,KXMLBGAME-25JUL22SFATL-ATL,22,78,21,yes
1753227856330,1753227856,KXMLBGAME-25JUL22SFATL-SF,78,22,36,yes
1753227856330,1753227856,KXMLBGAME-25JUL22SFATL-SF,79,21,89,yes
1753227856830,1753227856,KXMLBGAME-25JUL22SFATL-ATL,22,78,21,yes
1753227859168,1753227859,KXMLBGAME-25JUL22NYYTOR-NYY,62,38,41,yes
1753227859168,1753227859,KXMLBGAME-25JUL22NYYTOR-NYY,62,38,116,yes
1753227861051,1753227861,KXMLBGAME-25JUL22DETPIT-PIT,75,25,100,yes
1753227861068,1753227861,KXMLBGAME-25JUL22DETPIT-PIT,75,25,35,yes
1753227861449,1753227861,KXMLBGAME-25JUL22BOSPHI-BOS,9,91,15,yes
1753227861511,1753227861,KXMLBGAME-25JUL22BOSPHI-PHI,93,7,96,no
1753227864201,1753227864,KXMLBGAME-25JUL22HOUARI-HOU,53,47,14,yes
1753227864471,1753227864,KXMLBGAME-25JUL22SDMIA-SD,35,65,8,yes
1753227867786,1753227867,KXMLBGAME-25JUL22CINWSH-WSH,50,50,109,no
1753227867989,1753227867,KXMLBGAME-25JUL22BOSPHI-PHI,93,7,1,yes
1753227874431,1753227874,KXMLBGAME-25JUL22NYYTOR-TOR,35,65,1563,no
1753227875616,1753227875,KXMLBGAME-25JUL22DETPIT-DET,27,73,17,yes
1753227877970,1753227877,KXMLBGAME-25JUL22NYYTOR-TOR,35,65,500,no
1753227878089,1753227877,KXMLBGAME-25JUL22NYYTOR-NYY,65,35,500,yes
1753227879831,1753227879,KXMLBGAME-25JUL22CINWSH-WSH,51,49,9,yes
1753227881230,1753227880,KXMLBGAME-25JUL22DETPIT-DET,14,86,85,no
1753227881230,1753227880,KXMLBGAME-25JUL22DETPIT-DET,14,86,275,no
1753227881230,1753227880,KXMLBGAME-25JUL22DETPIT-DET,12,88,1,no
1753227881230,1753227880,KXMLBGAME-25JUL22DETPIT-DET,12,88,275,no
1753227881230,1753227880,KXMLBGAME-25JUL22DETPIT-DET,7,93,100,no
1753227881230,1753227880,KXMLBGAME-25JUL22DETPIT-DET,7,93,789,no
1753227881230,1753227880,KXMLBGAME-25JUL22DETPIT-DET,5,95,100,no
1753227881230,1753227880,KXMLBGAME-25JUL22DETPIT-DET,5,95,10,no
1753227881230,1753227880,KXMLBGAME-25JUL22DETPIT-DET,5,95,312,no
1753227882133,1753227882,KXMLBGAME-25JUL22DETPIT-PIT,84,16,29,yes
1753227885911,1753227885,KXMLBGAME-25JUL22NYYTOR-NYY,66,34,42,yes
1753227890329,1753227890,KXMLBGAME-25JUL22CINWSH-WSH,52,48,5,yes
1753227890329,1753227890,KXMLBGAME-25JUL22LAANYM-NYM,47,53,51,yes
1753227891810,1753227891,KXMLBGAME-25JUL22STLCOL-STL,61,39,27,yes
1753227891810,1753227891,KXMLBGAME-25JUL22DETPIT-PIT,84,16,48,yes
1753227892908,1753227892,KXMLBGAME-25JUL22BOSPHI-BOS,10,90,11,yes
1753227893752,1753227893,KXMLBGAME-25JUL22DETPIT-DET,37,63,2,yes
1753227895090,1753227895,KXMLBGAME-25JUL22CWSTB-CWS,7,93,20,yes
1753227898729,1753227898,KXMLBGAME-25JUL22BOSPHI-BOS,10,90,47,yes
1753227899194,1753227899,KXMLBGAME-25JUL22BOSPHI-BOS,10,90,719,yes
1753227903110,1753227903,KXMLBGAME-25JUL22CWSTB-TB,93,7,10,no
1753227903149,1753227903,KXMLBGAME-25JUL22MINLAD-LAD,66,34,5,yes
1753227905689,1753227905,KXMLBGAME-25JUL22SFATL-ATL,21,79,9,yes
1753227910988,1753227910,KXMLBGAME-25JUL22ATHTEX-TEX,67,33,23,yes
1753227913070,1753227913,KXMLBGAME-25JUL22MILSEA-MIL,46,54,33,yes
1753227914269,1753227914,KXMLBGAME-25JUL22SDMIA-MIA,67,33,33,yes
1753227914269,1753227914,KXMLBGAME-25JUL22SDMIA-MIA,67,33,598,yes
1753227914708,1753227914,KXMLBGAME-25JUL22SFATL-SF,79,21,124,yes
1753227916868,1753227916,KXMLBGAME-25JUL22NYYTOR-NYY,66,34,15,yes
1753227917588,1753227917,KXMLBGAME-25JUL22NYYTOR-NYY,66,34,12,yes
1753227917588,1753227917,KXMLBGAME-25JUL22NYYTOR-NYY,66,34,15,yes
1753227917588,1753227917,KXMLBGAME-25JUL22NYYTOR-NYY,67,33,87,yes
1753227918412,1753227918,KXMLBGAME-25JUL22NYYTOR-TOR,36,64,42,yes
1753227918749,1753227918,KXMLBGAME-25JUL22MINLAD-LAD,66,34,31,yes
1753227921516,1753227921,KXMLBGAME-25JUL22SDMIA-MIA,68,32,87,yes
1753227921516,1753227921,KXMLBGAME-25JUL22SDMIA-MIA,68,32,56,yes
1753227928491,1753227928,KXMLBGAME-25JUL22CINWSH-CIN,48,52,154,yes
1753227930650,1753227930,KXMLBGAME-25JUL22SFATL-SF,81,19,42,no
1753227930651,1753227930,KXMLBGAME-25JUL22SFATL-ATL,19,81,42,yes
1753227932453,1753227932,KXMLBGAME-25JUL22BOSPHI-BOS,14,86,269,yes
1753227939429,1753227939,KXMLBGAME-25JUL22SFATL-SF,81,19,21,no
1753227939429,1753227939,KXMLBGAME-25JUL22SFATL-SF,80,20,80,no
1753227939552,1753227939,KXMLBGAME-25JUL22SFATL-ATL,19,81,5,yes
1753227942033,1753227941,KXMLBGAME-25JUL22ATHTEX-ATH,34,66,70,yes
1753227942092,1753227942,KXMLBGAME-25JUL22BOSPHI-PHI,87,13,115,yes
1753227944591,1753227944,KXMLBGAME-25JUL22CWSTB-CWS,6,94,55,yes
1753227944591,1753227944,KXMLBGAME-25JUL22CWSTB-CWS,6,94,23,yes
1753227944690,1753227944,KXMLBGAME-25JUL22KCCHC-KC,31,69,61,yes
1753227946891,1753227946,KXMLBGAME-25JUL22LAANYM-NYM,47,53,10,yes
1753227952109,1753227952,KXMLBGAME-25JUL22MINLAD-LAD,66,34,1,yes
1753227953189,1753227953,KXMLBGAME-25JUL22BOSPHI-PHI,87,13,56,yes
1753227959218,1753227959,KXMLBGAME-25JUL22SDMIA-SD,32,68,9,yes
1753227962932,1753227962,KXMLBGAME-25JUL22NYYTOR-NYY,65,35,37,yes
1753227964530,1753227964,KXMLBGAME-25JUL22CWSTB-CWS,6,94,140,yes
1753227971113,1753227970,KXMLBGAME-25JUL22SFATL-SF,81,19,275,no
1753227971113,1753227970,KXMLBGAME-25JUL22SFATL-SF,81,19,60,no
1753227971113,1753227970,KXMLBGAME-25JUL22SFATL-SF,80,20,15,no
1753227976090,1753227976,KXMLBGAME-25JUL22SFATL-SF,85,15,33,yes
1753227977932,1753227977,KXMLBGAME-25JUL22BALCLE-BAL,19,81,234,yes
1753227978270,1753227978,KXMLBGAME-25JUL22STLCOL-STL,61,39,5,yes
1753227982050,1753227982,KXMLBGAME-25JUL22MILSEA-MIL,46,54,41,yes
1753227984310,1753227984,KXMLBGAME-25JUL22NYYTOR-TOR,34,66,500,no
1753227984399,1753227984,KXMLBGAME-25JUL22NYYTOR-NYY,66,34,500,yes
1753227984399,1753227984,KXMLBGAME-25JUL22NYYTOR-NYY,66,34,500,yes
1753227984399,1753227984,KXMLBGAME-25JUL22NYYTOR-NYY,66,34,600,yes
1753227986867,1753227986,KXMLBGAME-25JUL22SFATL-SF,82,18,2167,yes
1753227987208,1753227987,KXMLBGAME-25JUL22SFATL-SF,82,18,120,yes
1753227987290,1753227987,KXMLBGAME-25JUL22NYYTOR-NYY,67,33,5,yes
1753227987451,1753227987,KXMLBGAME-25JUL22MINLAD-LAD,66,34,153,yes
1753227987451,1753227987,KXMLBGAME-25JUL22MINLAD-LAD,66,34,137,yes
1753227988287,1753227988,KXMLBGAME-25JUL22NYYTOR-TOR,35,65,5,yes
1753227989708,1753227989,KXMLBGAME-25JUL22SFATL-ATL,19,81,15,yes
1753227992511,1753227992,KXMLBGAME-25JUL22CWSTB-CWS,6,94,15,yes
1753227992529,1753227992,KXMLBGAME-25JUL22NYYTOR-NYY,67,33,21,yes
1753227994590,1753227994,KXMLBGAME-25JUL22KCCHC-KC,31,69,15,yes
1753227995410,1753227995,KXMLBGAME-25JUL22MINLAD-LAD,66,34,7,yes
1753227999187,1753227999,KXMLBGAME-25JUL22BOSPHI-BOS,13,87,300,no
1753227999289,1753227999,KXMLBGAME-25JUL22BOSPHI-PHI,87,13,300,yes
1753228006911,1753228006,KXMLBGAME-25JUL22KCCHC-CHC,70,30,17,yes
1753228007669,1753228007,KXMLBGAME-25JUL22DETPIT-PIT,83,17,24,no
1753228008864,1753228008,KXMLBGAME-25JUL22DETPIT-DET,15,85,87,yes
1753228008864,1753228008,KXMLBGAME-25JUL22DETPIT-DET,16,84,65,yes
1753228010429,1753228010,KXMLBGAME-25JUL22BOSPHI-PHI,89,11,17,yes
1753228010429,1753228010,KXMLBGAME-25JUL22BOSPHI-PHI,89,11,94,yes
1753228010691,1753228010,KXMLBGAME-25JUL22DETPIT-PIT,83,17,63,no
1753228010691,1753228010,KXMLBGAME-25JUL22DETPIT-PIT,83,17,500,no
1753228010691,1753228010,KXMLBGAME-25JUL22DETPIT-PIT,83,17,24,no
1753228012609,1753228012,KXMLBGAME-25JUL22LAANYM-NYM,47,53,41,yes
1753228015291,1753228015,KXMLBGAME-25JUL22BOSPHI-BOS,14,86,5,yes
1753228017042,1753228016,KXMLBGAME-25JUL22DETPIT-DET,16,84,5,yes
1753228018971,1753228018,KXMLBGAME-25JUL22SFATL-SF,81,19,121,yes
1753228020571,1753228020,KXMLBGAME-25JUL22NYYTOR-NYY,65,35,26,yes
1753228020969,1753228020,KXMLBGAME-25JUL22DETPIT-PIT,83,17,300,no
1753228022569,1753228022,KXMLBGAME-25JUL22BALCLE-BAL,25,75,19,yes
1753228024370,1753228024,KXMLBGAME-25JUL22DETPIT-PIT,83,17,10,yes
1753228025909,1753228025,KXMLBGAME-25JUL22STLCOL-STL,61,39,31,yes
1753228028312,1753228028,KXMLBGAME-25JUL22SDMIA-MIA,71,29,2,yes
1753228030271,1753228030,KXMLBGAME-25JUL22DETPIT-PIT,83,17,10,yes
1753228032111,1753228032,KXMLBGAME-25JUL22SFATL-SF,81,19,121,yes
1753228032251,1753228032,KXMLBGAME-25JUL22DETPIT-DET,17,83,74,yes
1753228032251,1753228032,KXMLBGAME-25JUL22DETPIT-DET,18,82,68,yes
1753228033748,1753228033,KXMLBGAME-25JUL22MINLAD-LAD,66,34,333,yes
1753228033930,1753228033,KXMLBGAME-25JUL22CWSTB-TB,94,6,13,yes
1753228035351,1753228035,KXMLBGAME-25JUL22DETPIT-DET,14,86,60,no
1753228036229,1753228036,KXMLBGAME-25JUL22DETPIT-PIT,83,17,10,yes
1753228036413,1753228036,KXMLBGAME-25JUL22SFATL-SF,81,19,73,yes
1753228038369,1753228038,KXMLBGAME-25JUL22DETPIT-DET,15,85,20,no
1753228038691,1753228038,KXMLBGAME-25JUL22KCCHC-CHC,70,30,55,yes
1753228038891,1753228038,KXMLBGAME-25JUL22DETPIT-PIT,83,17,178,yes
1753228039167,1753228039,KXMLBGAME-25JUL22CINWSH-CIN,49,51,600,no
1753228041369,1753228041,KXMLBGAME-25JUL22DETPIT-DET,15,85,20,no
1753228041870,1753228041,KXMLBGAME-25JUL22SFATL-SF,81,19,12,yes
1753228042209,1753228042,KXMLBGAME-25JUL22BALCLE-BAL,25,75,5,yes
1753228042488,1753228042,KXMLBGAME-25JUL22CINWSH-CIN,49,51,39,yes
1753228044210,1753228044,KXMLBGAME-25JUL22BOSPHI-BOS,13,87,7,no
1753228044570,1753228044,KXMLBGAME-25JUL22SFATL-SF,78,22,70,no
1753228044669,1753228044,KXMLBGAME-25JUL22SDMIA-SD,30,70,12,yes
1753228044989,1753228044,KXMLBGAME-25JUL22SFATL-ATL,19,81,100,no
1753228046753,1753228046,KXMLBGAME-25JUL22DETPIT-DET,17,83,27,yes
1753228047151,1753228047,KXMLBGAME-25JUL22HOUARI-HOU,53,47,91,yes
1753228048470,1753228048,KXMLBGAME-25JUL22CWSTB-TB,94,6,105,yes
1753228051151,1753228051,KXMLBGAME-25JUL22CWSTB-CWS,6,94,40,yes
1753228051151,1753228051,KXMLBGAME-25JUL22CWSTB-CWS,6,94,15,yes
1753228051151,1753228051,KXMLBGAME-25JUL22CWSTB-CWS,6,94,27,yes
1753228051745,1753228051,KXMLBGAME-25JUL22BALCLE-CLE,78,22,126,yes
1753228053330,1753228053,KXMLBGAME-25JUL22DETPIT-PIT,83,17,287,yes
1753228053410,1753228053,KXMLBGAME-25JUL22CWSTB-CWS,6,94,78,yes
1753228056410,1753228056,KXMLBGAME-25JUL22BALCLE-CLE,78,22,34,yes
1753228056611,1753228056,KXMLBGAME-25JUL22LAANYM-LAA,55,45,86,yes
1753228059930,1753228059,KXMLBGAME-25JUL22LAANYM-NYM,47,53,43,yes
1753228062950,1753228062,KXMLBGAME-25JUL22NYYTOR-TOR,35,65,36,no
1753228063249,1753228063,KXMLBGAME-25JUL22BOSPHI-BOS,13,87,5,no
1753228065892,1753228065,KXMLBGAME-25JUL22DETPIT-PIT,82,18,209,no
1753228066231,1753228066,KXMLBGAME-25JUL22CINWSH-CIN,49,51,98,yes
1753228067712,1753228067,KXMLBGAME-25JUL22BALCLE-CLE,79,21,3,yes
1753228068408,1753228068,KXMLBGAME-25JUL22DETPIT-PIT,82,18,420,yes
1753228069314,1753228069,KXMLBGAME-25JUL22DETPIT-PIT,82,18,426,yes
1753228069836,1753228069,KXMLBGAME-25JUL22BALCLE-BAL,22,78,12,yes
1753228070630,1753228070,KXMLBGAME-25JUL22DETPIT-PIT,82,18,416,yes
1753228071034,1753228070,KXMLBGAME-25JUL22DETPIT-PIT,82,18,474,yes
1753228071832,1753228071,KXMLBGAME-25JUL22DETPIT-PIT,82,18,407,yes
1753228072328,1753228072,KXMLBGAME-25JUL22DETPIT-PIT,82,18,4,yes
1753228072328,1753228072,KXMLBGAME-25JUL22DETPIT-PIT,82,18,6,yes
1753228072740,1753228072,KXMLBGAME-25JUL22DETPIT-PIT,82,18,255,yes
1753228078931,1753228078,KXMLBGAME-25JUL22MILSEA-MIL,46,54,205,yes
1753228079312,1753228079,KXMLBGAME-25JUL22SFATL-SF,81,19,2,yes
1753228079951,1753228079,KXMLBGAME-25JUL22BALCLE-BAL,21,79,90,yes
1753228080111,1753228080,KXMLBGAME-25JUL22DETPIT-PIT,84,16,691,yes
1753228081690,1753228081,KXMLBGAME-25JUL22DETPIT-DET,18,82,49,yes
1753228081690,1753228081,KXMLBGAME-25JUL22DETPIT-DET,19,81,202,yes
1753228082690,1753228082,KXMLBGAME-25JUL22DETPIT-DET,15,85,215,no
1753228084289,1753228084,KXMLBGAME-25JUL22BALCLE-CLE,80,20,24,yes
1753228088270,1753228088,KXMLBGAME-25JUL22MINLAD-MIN,33,67,28,yes
1753228088487,1753228088,KXMLBGAME-25JUL22BOSPHI-PHI,87,13,84,no
1753228088739,1753228088,KXMLBGAME-25JUL22SFATL-SF,81,19,3,yes
1753228091530,1753228091,KXMLBGAME-25JUL22DETPIT-DET,15,85,245,no
1753228091530,1753228091,KXMLBGAME-25JUL22DETPIT-DET,14,86,108,no
1753228092549,1753228092,KXMLBGAME-25JUL22NYYTOR-NYY,66,34,8,yes
1753228092569,1753228092,KXMLBGAME-25JUL22NYYTOR-NYY,64,36,11,no
1753228092873,1753228092,KXMLBGAME-25JUL22HOUARI-HOU,53,47,4,yes
1753228094390,1753228094,KXMLBGAME-25JUL22CINWSH-CIN,44,56,87,no
1753228094390,1753228094,KXMLBGAME-25JUL22CINWSH-CIN,44,56,600,no
1753228094467,1753228094,KXMLBGAME-25JUL22CINWSH-WSH,56,44,87,yes
1753228098471,1753228098,KXMLBGAME-25JUL22CINWSH-CIN,44,56,78,yes
1753228099489,1753228099,KXMLBGAME-25JUL22NYYTOR-TOR,37,63,4,yes
1753228104030,1753228103,KXMLBGAME-25JUL22DETPIT-PIT,86,14,102,yes
1753228105732,1753228105,KXMLBGAME-25JUL22HOUARI-ARI,48,52,40,yes
1753228107830,1753228107,KXMLBGAME-25JUL22SDMIA-MIA,71,29,6,yes
1753228108250,1753228108,KXMLBGAME-25JUL22BALCLE-BAL,25,75,1,yes
1753228109310,1753228109,KXMLBGAME-25JUL22DETPIT-DET,16,84,25,yes
1753228110510,1753228110,KXMLBGAME-25JUL22LAANYM-NYM,49,51,27,yes
1753228110590,1753228110,KXMLBGAME-25JUL22NYYTOR-TOR,36,64,20,yes
1753228111969,1753228111,KXMLBGAME-25JUL22SFATL-SF,78,22,42,no
1753228112051,1753228112,KXMLBGAME-25JUL22SFATL-ATL,21,79,15,yes
1753228112051,1753228112,KXMLBGAME-25JUL22SFATL-ATL,21,79,88,yes
1753228114229,1753228114,KXMLBGAME-25JUL22SFATL-ATL,21,79,45,yes
1753228116148,1753228116,KXMLBGAME-25JUL22SDMIA-SD,32,68,14,yes
1753228117169,1753228117,KXMLBGAME-25JUL22DETPIT-PIT,86,14,80,yes
1753228118571,1753228118,KXMLBGAME-25JUL22CINWSH-WSH,57,43,245,yes
1753228119949,1753228119,KXMLBGAME-25JUL22NYYTOR-NYY,66,34,11,yes
1753228121908,1753228121,KXMLBGAME-25JUL22ATHTEX-TEX,67,33,4,yes
1753228122811,1753228122,KXMLBGAME-25JUL22BALCLE-CLE,70,30,8,yes
1753228122849,1753228122,KXMLBGAME-25JUL22NYYTOR-NYY,66,34,29,yes
1753228124372,1753228124,KXMLBGAME-25JUL22DETPIT-PIT,85,15,112,yes
1753228130210,1753228130,KXMLBGAME-25JUL22BALCLE-BAL,29,71,5,no
1753228131971,1753228131,KXMLBGAME-25JUL22SFATL-SF,81,19,60,yes
1753228132148,1753228132,KXMLBGAME-25JUL22CINWSH-CIN,45,55,2,yes
1753228133039,1753228132,KXMLBGAME-25JUL22NYYTOR-TOR,39,61,500,no
1753228134810,1753228134,KXMLBGAME-25JUL22LAANYM-NYM,49,51,40,yes
1753228135538,1753228135,KXMLBGAME-25JUL22NYYTOR-NYY,61,39,78,yes
1753228136089,1753228136,KXMLBGAME-25JUL22NYYTOR-NYY,61,39,30,yes
1753228143253,1753228143,KXMLBGAME-25JUL22SFATL-SF,81,19,24,yes
1753228143952,1753228143,KXMLBGAME-25JUL22SFATL-ATL,19,81,33,no
1753228145111,1753228145,KXMLBGAME-25JUL22SDMIA-SD,31,69,61,yes
1753228146929,1753228146,KXMLBGAME-25JUL22NYYTOR-TOR,39,61,98,yes
1753228147509,1753228147,KXMLBGAME-25JUL22DETPIT-DET,15,85,25,no
1753228147509,1753228147,KXMLBGAME-25JUL22DETPIT-DET,15,85,49,no
1753228148689,1753228148,KXMLBGAME-25JUL22DETPIT-DET,17,83,25,yes
1753228149250,1753228149,KXMLBGAME-25JUL22CINWSH-WSH,56,44,2,yes
1753228149631,1753228149,KXMLBGAME-25JUL22NYYTOR-TOR,39,61,17,yes
1753228150509,1753228150,KXMLBGAME-25JUL22SDMIA-SD,29,71,10,no
1753228150509,1753228150,KXMLBGAME-25JUL22SDMIA-SD,29,71,87,no
1753228150509,1753228150,KXMLBGAME-25JUL22SDMIA-SD,29,71,443,no
1753228153570,1753228153,KXMLBGAME-25JUL22BALCLE-BAL,30,70,5,yes
1753228153710,1753228153,KXMLBGAME-25JUL22NYYTOR-TOR,39,61,22,yes
1753228153870,1753228153,KXMLBGAME-25JUL22LAANYM-NYM,52,48,46,yes
1753228155210,1753228155,KXMLBGAME-25JUL22NYYTOR-NYY,62,38,15,yes
1753228155372,1753228155,KXMLBGAME-25JUL22BOSPHI-PHI,93,7,15,yes
1753228155668,1753228155,KXMLBGAME-25JUL22NYYTOR-NYY,62,38,157,yes
1753228156171,1753228156,KXMLBGAME-25JUL22CINWSH-CIN,47,53,24,yes
1753228157069,1753228157,KXMLBGAME-25JUL22NYYTOR-TOR,39,61,12,yes
1753228157370,1753228157,KXMLBGAME-25JUL22NYYTOR-TOR,39,61,122,yes
1753228161431,1753228161,KXMLBGAME-25JUL22CINWSH-CIN,47,53,41,yes
1753228162332,1753228162,KXMLBGAME-25JUL22KCCHC-CHC,71,29,2,yes
1753228162932,1753228162,KXMLBGAME-25JUL22BALCLE-BAL,30,70,95,yes
1753228163010,1753228162,KXMLBGAME-25JUL22CINWSH-CIN,47,53,22,yes
1753228163230,1753228163,KXMLBGAME-25JUL22DETPIT-PIT,86,14,11,yes
1753228163413,1753228163,KXMLBGAME-25JUL22CINWSH-CIN,47,53,437,yes
1753228163413,1753228163,KXMLBGAME-25JUL22CINWSH-CIN,47,53,274,yes
1753228163413,1753228163,KXMLBGAME-25JUL22CINWSH-CIN,48,52,500,yes
1753228163413,1753228163,KXMLBGAME-25JUL22CINWSH-CIN,48,52,600,yes
1753228163413,1753228163,KXMLBGAME-25JUL22CINWSH-CIN,48,52,275,yes
1753228163413,1753228163,KXMLBGAME-25JUL22CINWSH-CIN,48,52,220,yes
1753228163413,1753228163,KXMLBGAME-25JUL22CINWSH-CIN,49,51,300,yes
1753228163413,1753228163,KXMLBGAME-25JUL22CINWSH-CIN,49,51,600,yes
1753228163413,1753228163,KXMLBGAME-25JUL22CINWSH-CIN,49,51,750,yes
1753228163413,1753228163,KXMLBGAME-25JUL22CINWSH-CIN,49,51,87,yes
1753228163413,1753228163,KXMLBGAME-25JUL22CINWSH-CIN,49,51,165,yes
1753228163413,1753228163,KXMLBGAME-25JUL22CINWSH-CIN,50,50,1000,yes
1753228163413,1753228163,KXMLBGAME-25JUL22CINWSH-CIN,50,50,250,yes
1753228163413,1753228163,KXMLBGAME-25JUL22CINWSH-CIN,50,50,300,yes
1753228163413,1753228163,KXMLBGAME-25JUL22CINWSH-CIN,56,44,2000,yes
1753228163413,1753228163,KXMLBGAME-25JUL22CINWSH-CIN,57,43,264,yes
1753228163413,1753228163,KXMLBGAME-25JUL22CINWSH-CIN,57,43,300,yes
1753228163413,1753228163,KXMLBGAME-25JUL22CINWSH-CIN,59,41,30,yes
1753228163413,1753228163,KXMLBGAME-25JUL22CINWSH-CIN,60,40,10,yes
1753228163413,1753228163,KXMLBGAME-25JUL22CINWSH-CIN,61,39,3000,yes
1753228163413,1753228163,KXMLBGAME-25JUL22CINWSH-CIN,62,38,412,yes
1753228163413,1753228163,KXMLBGAME-25JUL22CINWSH-CIN,67,33,541,yes
1753228169531,1753228168,KXMLBGAME-25JUL22DETPIT-PIT,85,15,30,no
1753228169531,1753228168,KXMLBGAME-25JUL22DETPIT-PIT,85,15,105,no
1753228170631,1753228170,KXMLBGAME-25JUL22BALCLE-CLE,70,30,50,no
1753228173422,1753228173,KXMLBGAME-25JUL22DETPIT-DET,15,85,62,yes
1753228174911,1753228174,KXMLBGAME-25JUL22SDMIA-MIA,71,29,8,yes
1753228176411,1753228176,KXMLBGAME-25JUL22CINWSH-CIN,48,52,5,yes
1753228176732,1753228176,KXMLBGAME-25JUL22SDMIA-SD,32,68,59,yes
1753228179490,1753228179,KXMLBGAME-25JUL22HOUARI-ARI,48,52,2,yes
1753228181230,1753228181,KXMLBGAME-25JUL22CINWSH-WSH,54,46,448,yes
1753228186511,1753228186,KXMLBGAME-25JUL22SDMIA-MIA,71,29,300,yes
1753228186511,1753228186,KXMLBGAME-25JUL22SDMIA-MIA,72,28,44,yes
1753228194195,1753228194,KXMLBGAME-25JUL22CWSTB-TB,94,6,69,yes
1753228198032,1753228197,KXMLBGAME-25JUL22SFATL-SF,79,21,20,no
1753228199870,1753228199,KXMLBGAME-25JUL22BALCLE-BAL,30,70,15,yes
1753228202751,1753228202,KXMLBGAME-25JUL22SDMIA-SD,29,71,500,no
1753228202751,1753228202,KXMLBGAME-25JUL22SDMIA-SD,28,72,31,no
1753228203089,1753228203,KXMLBGAME-25JUL22LAANYM-LAA,50,50,38,yes
1753228204970,1753228204,KXMLBGAME-25JUL22DETPIT-DET,15,85,4,yes
1753228207548,1753228207,KXMLBGAME-25JUL22NYYTOR-NYY,62,38,14,no
1753228209410,1753228209,KXMLBGAME-25JUL22BALCLE-CLE,70,30,30,no
1753228211190,1753228211,KXMLBGAME-25JUL22SFATL-SF,81,19,30,yes
1753228211910,1753228211,KXMLBGAME-25JUL22SDMIA-MIA,69,31,10,yes
1753228214488,1753228214,KXMLBGAME-25JUL22NYYTOR-NYY,63,37,25,yes
1753228214488,1753228214,KXMLBGAME-25JUL22NYYTOR-NYY,63,37,206,yes
1753228214551,1753228214,KXMLBGAME-25JUL22ATHTEX-TEX,67,33,35,yes
1753228215230,1753228215,KXMLBGAME-25JUL22NYYTOR-NYY,63,37,180,yes
1753228215668,1753228215,KXMLBGAME-25JUL22BALCLE-BAL,33,67,87,yes
1753228215668,1753228215,KXMLBGAME-25JUL22BALCLE-BAL,33,67,300,yes
1753228215668,1753228215,KXMLBGAME-25JUL22BALCLE-BAL,33,67,35,yes
1753228217610,1753228217,KXMLBGAME-25JUL22NYYTOR-NYY,63,37,61,yes
1753228218431,1753228218,KXMLBGAME-25JUL22CINWSH-WSH,50,50,87,no
1753228221931,1753228221,KXMLBGAME-25JUL22KCCHC-CHC,71,29,34,yes
1753228227791,1753228227,KXMLBGAME-25JUL22CINWSH-CIN,49,51,600,no
1753228227791,1753228227,KXMLBGAME-25JUL22CINWSH-CIN,48,52,1000,no
1753228227791,1753228227,KXMLBGAME-25JUL22CINWSH-CIN,48,52,87,no
1753228227791,1753228227,KXMLBGAME-25JUL22CINWSH-CIN,47,53,500,no
1753228227791,1753228227,KXMLBGAME-25JUL22CINWSH-CIN,46,54,1813,no
1753228228269,1753228228,KXMLBGAME-25JUL22MILSEA-MIL,46,54,41,yes
1753228231289,1753228231,KXMLBGAME-25JUL22LAANYM-LAA,50,50,8,yes
1753228231289,1753228231,KXMLBGAME-25JUL22LAANYM-LAA,50,50,11,yes
1753228231809,1753228231,KXMLBGAME-25JUL22CWSTB-CWS,5,95,1,no
1753228231809,1753228231,KXMLBGAME-25JUL22CWSTB-CWS,5,95,588,no
1753228233529,1753228233,KXMLBGAME-25JUL22CINWSH-CIN,40,60,406,yes
1753228233529,1753228233,KXMLBGAME-25JUL22CINWSH-WSH,60,40,464,no
1753228238690,1753228238,KXMLBGAME-25JUL22LAANYM-NYM,53,47,2,yes
1753228238909,1753228238,KXMLBGAME-25JUL22DETPIT-DET,15,85,87,no
1753228238909,1753228238,KXMLBGAME-25JUL22DETPIT-DET,14,86,300,no
1753228238909,1753228238,KXMLBGAME-25JUL22DETPIT-DET,13,87,494,no
1753228242214,1753228242,KXMLBGAME-25JUL22NYYTOR-NYY,71,29,1,yes
1753228242870,1753228242,KXMLBGAME-25JUL22CINWSH-WSH,65,35,52,yes
1753228242870,1753228242,KXMLBGAME-25JUL22CINWSH-WSH,65,35,10,yes
1753228242870,1753228242,KXMLBGAME-25JUL22CINWSH-WSH,65,35,238,yes
1753228245829,1753228245,KXMLBGAME-25JUL22NYYTOR-TOR,31,69,87,yes
1753228246011,1753228245,KXMLBGAME-25JUL22BALCLE-BAL,33,67,87,yes
1753228246011,1753228245,KXMLBGAME-25JUL22BALCLE-BAL,33,67,43,yes
1753228247089,1753228247,KXMLBGAME-25JUL22NYYTOR-TOR,31,69,13,no
1753228248529,1753228248,KXMLBGAME-25JUL22SDMIA-SD,33,67,300,yes
1753228248529,1753228248,KXMLBGAME-25JUL22SDMIA-SD,33,67,24,yes
1753228250087,1753228249,KXMLBGAME-25JUL22SFATL-SF,83,17,87,yes
1753228250088,1753228249,KXMLBGAME-25JUL22SFATL-SF,83,17,32,yes
1753228250968,1753228250,KXMLBGAME-25JUL22NYYTOR-TOR,29,71,17,no
1753228253529,1753228253,KXMLBGAME-25JUL22NYYTOR-TOR,29,71,5,no
1753228253941,1753228253,KXMLBGAME-25JUL22MINLAD-LAD,66,34,22,yes
1753228254130,1753228253,KXMLBGAME-25JUL22CINWSH-CIN,36,64,21,yes
1753228260931,1753228260,KXMLBGAME-25JUL22CINWSH-CIN,36,64,2,yes
1753228264211,1753228264,KXMLBGAME-25JUL22NYYTOR-TOR,30,70,158,yes
1753228265790,1753228265,KXMLBGAME-25JUL22DETPIT-DET,16,84,590,yes
1753228266230,1753228266,KXMLBGAME-25JUL22NYYTOR-NYY,71,29,26,yes
1753228266910,1753228266,KXMLBGAME-25JUL22HOUARI-HOU,53,47,9,yes
1753228271269,1753228271,KXMLBGAME-25JUL22CINWSH-CIN,35,65,85,no
1753228273931,1753228273,KXMLBGAME-25JUL22CINWSH-CIN,35,65,515,no
1753228274007,1753228273,KXMLBGAME-25JUL22CINWSH-WSH,65,35,152,yes
1753228275089,1753228275,KXMLBGAME-25JUL22DETPIT-DET,24,76,39,yes
1753228275128,1753228275,KXMLBGAME-25JUL22CINWSH-WSH,66,34,5,yes
1753228275608,1753228275,KXMLBGAME-25JUL22SDMIA-SD,33,67,28,yes
1753228277789,1753228277,KXMLBGAME-25JUL22STLCOL-STL,61,39,7,yes
1753228280812,1753228280,KXMLBGAME-25JUL22NYYTOR-TOR,30,70,142,yes
1753228280812,1753228280,KXMLBGAME-25JUL22NYYTOR-TOR,31,69,87,yes
1753228280812,1753228280,KXMLBGAME-25JUL22NYYTOR-TOR,32,68,80,yes
1753228281970,1753228281,KXMLBGAME-25JUL22DETPIT-PIT,87,13,1,yes
1753228288210,1753228288,KXMLBGAME-25JUL22MILSEA-MIL,46,54,31,yes
1753228289111,1753228289,KXMLBGAME-25JUL22BALCLE-CLE,70,30,44,yes
1753228289688,1753228289,KXMLBGAME-25JUL22DETPIT-DET,11,89,42,yes
1753228290850,1753228290,KXMLBGAME-25JUL22KCCHC-KC,31,69,30,yes
1753228290909,1753228290,KXMLBGAME-25JUL22CWSTB-CWS,6,94,15,yes
1753228292428,1753228292,KXMLBGAME-25JUL22BALCLE-BAL,33,67,300,yes
1753228292428,1753228292,KXMLBGAME-25JUL22BALCLE-BAL,33,67,87,yes
1753228292428,1753228292,KXMLBGAME-25JUL22BALCLE-BAL,34,66,200,yes
1753228292428,1753228292,KXMLBGAME-25JUL22BALCLE-BAL,34,66,300,yes
1753228292428,1753228292,KXMLBGAME-25JUL22BALCLE-BAL,35,65,304,yes
1753228292531,1753228292,KXMLBGAME-25JUL22BALCLE-CLE,65,35,7,no
1753228292531,1753228292,KXMLBGAME-25JUL22BALCLE-CLE,65,35,73,no
1753228292531,1753228292,KXMLBGAME-25JUL22BALCLE-CLE,64,36,1046,no
1753228293989,1753228293,KXMLBGAME-25JUL22BALCLE-BAL,34,66,200,yes
1753228293989,1753228293,KXMLBGAME-25JUL22BALCLE-BAL,34,66,55,yes
1753228293989,1753228293,KXMLBGAME-25JUL22BALCLE-BAL,35,65,296,yes
1753228293989,1753228293,KXMLBGAME-25JUL22BALCLE-BAL,35,65,200,yes
1753228293989,1753228293,KXMLBGAME-25JUL22BALCLE-BAL,35,65,300,yes
1753228293990,1753228293,KXMLBGAME-25JUL22BALCLE-BAL,36,64,300,yes
1753228294349,1753228294,KXMLBGAME-25JUL22BALCLE-BAL,40,60,41,yes
1753228294718,1753228294,KXMLBGAME-25JUL22BALCLE-BAL,40,60,70,no
1753228294989,1753228294,KXMLBGAME-25JUL22CINWSH-WSH,65,35,2,yes
1753228295831,1753228295,KXMLBGAME-25JUL22NYYTOR-NYY,70,30,142,no
1753228296149,1753228296,KXMLBGAME-25JUL22SFATL-ATL,19,81,52,yes
1753228296149,1753228296,KXMLBGAME-25JUL22SFATL-ATL,19,81,321,yes
1753228296468,1753228296,KXMLBGAME-25JUL22BALCLE-CLE,60,40,403,yes
1753228296548,1753228296,KXMLBGAME-25JUL22BALCLE-BAL,40,60,442,no
1753228297128,1753228297,KXMLBGAME-25JUL22BALCLE-BAL,40,60,404,no
1753228297209,1753228297,KXMLBGAME-25JUL22BALCLE-CLE,60,40,419,yes
1753228297570,1753228297,KXMLBGAME-25JUL22BALCLE-BAL,40,60,5,no
1753228298069,1753228297,KXMLBGAME-25JUL22BALCLE-BAL,40,60,492,no
1753228298150,1753228298,KXMLBGAME-25JUL22BALCLE-CLE,60,40,478,yes
1753228298250,1753228298,KXMLBGAME-25JUL22MINLAD-MIN,33,67,1,yes
1753228298269,1753228298,KXMLBGAME-25JUL22MINLAD-MIN,33,67,1,yes
1753228298310,1753228298,KXMLBGAME-25JUL22MINLAD-MIN,33,67,1,yes
1753228298310,1753228298,KXMLBGAME-25JUL22MINLAD-MIN,33,67,1,yes
1753228299054,1753228298,KXMLBGAME-25JUL22BALCLE-CLE,60,40,414,yes
1753228299054,1753228298,KXMLBGAME-25JUL22BALCLE-BAL,40,60,459,no
1753228299109,1753228298,KXMLBGAME-25JUL22BALCLE-CLE,60,40,162,yes
1753228299830,1753228299,KXMLBGAME-25JUL22BALCLE-BAL,40,60,422,no
1753228299989,1753228299,KXMLBGAME-25JUL22BALCLE-CLE,60,40,495,yes
1753228300430,1753228300,KXMLBGAME-25JUL22BALCLE-CLE,59,41,31,no
1753228300430,1753228300,KXMLBGAME-25JUL22BALCLE-CLE,58,42,300,no
1753228300508,1753228300,KXMLBGAME-25JUL22BALCLE-BAL,41,59,50,yes
1753228300508,1753228300,KXMLBGAME-25JUL22BALCLE-BAL,41,59,31,yes
1753228300531,1753228300,KXMLBGAME-25JUL22ATHTEX-TEX,67,33,7,yes
1753228300628,1753228300,KXMLBGAME-25JUL22BALCLE-BAL,41,59,15,yes
1753228300708,1753228300,KXMLBGAME-25JUL22BALCLE-BAL,40,60,407,no
1753228300708,1753228300,KXMLBGAME-25JUL22BALCLE-CLE,58,42,401,yes
1753228300750,1753228300,KXMLBGAME-25JUL22BALCLE-BAL,41,59,12,yes
1753228300831,1753228300,KXMLBGAME-25JUL22MILSEA-MIL,46,54,208,yes
1753228300848,1753228300,KXMLBGAME-25JUL22BALCLE-BAL,41,59,9,yes
1753228300971,1753228300,KXMLBGAME-25JUL22BALCLE-BAL,41,59,6,yes
1753228301092,1753228301,KXMLBGAME-25JUL22BALCLE-BAL,41,59,5,yes
1753228301191,1753228301,KXMLBGAME-25JUL22BALCLE-BAL,41,59,4,yes
1753228301309,1753228301,KXMLBGAME-25JUL22BALCLE-BAL,41,59,3,yes
1753228301430,1753228301,KXMLBGAME-25JUL22BALCLE-BAL,41,59,2,yes
1753228301632,1753228301,KXMLBGAME-25JUL22SFATL-ATL,18,82,1,no
1753228301632,1753228301,KXMLBGAME-25JUL22SFATL-ATL,17,83,100,no
1753228301633,1753228301,KXMLBGAME-25JUL22SFATL-ATL,17,83,5000,no
1753228301633,1753228301,KXMLBGAME-25JUL22SFATL-ATL,17,83,699,no
1753228301633,1753228301,KXMLBGAME-25JUL22BALCLE-BAL,41,59,1,yes
1753228301750,1753228301,KXMLBGAME-25JUL22CINWSH-CIN,36,64,13,yes
1753228301790,1753228301,KXMLBGAME-25JUL22BALCLE-BAL,41,59,1,yes
1753228301889,1753228301,KXMLBGAME-25JUL22BALCLE-BAL,41,59,1,yes
1753228302150,1753228302,KXMLBGAME-25JUL22BALCLE-BAL,41,59,1,yes
1753228302887,1753228302,KXMLBGAME-25JUL22CINWSH-CIN,35,65,34,no
1753228304929,1753228304,KXMLBGAME-25JUL22BALCLE-CLE,58,42,500,no
1753228304989,1753228304,KXMLBGAME-25JUL22MINLAD-MIN,33,67,1,yes
1753228306070,1753228305,KXMLBGAME-25JUL22DETPIT-PIT,89,11,86,no
1753228307811,1753228307,KXMLBGAME-25JUL22SFATL-ATL,19,81,134,yes
1753228307811,1753228307,KXMLBGAME-25JUL22SFATL-ATL,19,81,39,yes
1753228307811,1753228307,KXMLBGAME-25JUL22SFATL-ATL,19,81,300,yes
1753228307811,1753228307,KXMLBGAME-25JUL22SFATL-ATL,20,80,23,yes
1753228309589,1753228309,KXMLBGAME-25JUL22LAANYM-LAA,50,50,2,yes
1753228310332,1753228310,KXMLBGAME-25JUL22SFATL-ATL,19,81,30,yes
1753228310332,1753228310,KXMLBGAME-25JUL22SFATL-ATL,20,80,18,yes
1753228310513,1753228310,KXMLBGAME-25JUL22LAANYM-NYM,53,47,1,yes
1753228311312,1753228311,KXMLBGAME-25JUL22MILSEA-MIL,46,54,209,yes
1753228315749,1753228315,KXMLBGAME-25JUL22BALCLE-CLE,60,40,1,yes
1753228320629,1753228320,KXMLBGAME-25JUL22KCCHC-KC,31,69,9,yes
1753228321192,1753228321,KXMLBGAME-25JUL22SFATL-ATL,19,81,49,yes
1753228321591,1753228321,KXMLBGAME-25JUL22STLCOL-STL,61,39,15,yes
1753228322052,1753228321,KXMLBGAME-25JUL22LAANYM-NYM,53,47,9,yes
1753228324873,1753228324,KXMLBGAME-25JUL22SDMIA-SD,34,66,70,yes
1753228326589,1753228326,KXMLBGAME-25JUL22SFATL-SF,83,17,1,yes
1753228328662,1753228328,KXMLBGAME-25JUL22CWSTB-CWS,6,94,20,no
1753228329910,1753228329,KXMLBGAME-25JUL22SDMIA-MIA,67,33,17,yes
1753228332752,1753228332,KXMLBGAME-25JUL22BALCLE-BAL,42,58,5,yes
1753228333592,1753228333,KXMLBGAME-25JUL22CINWSH-WSH,65,35,464,yes
1753228333592,1753228333,KXMLBGAME-25JUL22CINWSH-WSH,65,35,87,yes
1753228333592,1753228333,KXMLBGAME-25JUL22CINWSH-WSH,67,33,4223,yes
1753228333669,1753228333,KXMLBGAME-25JUL22CINWSH-WSH,67,33,443,yes
1753228333669,1753228333,KXMLBGAME-25JUL22CINWSH-WSH,67,33,3923,yes
1753228333750,1753228333,KXMLBGAME-25JUL22CINWSH-CIN,36,64,406,no
1753228333750,1753228333,KXMLBGAME-25JUL22CINWSH-CIN,35,65,87,no
1753228333750,1753228333,KXMLBGAME-25JUL22CINWSH-CIN,33,67,4666,no
1753228333750,1753228333,KXMLBGAME-25JUL22CINWSH-CIN,34,66,66,no
1753228333750,1753228333,KXMLBGAME-25JUL22CINWSH-WSH,66,34,66,yes
1753228334150,1753228334,KXMLBGAME-25JUL22BALCLE-CLE,58,42,8,yes
1753228334410,1753228334,KXMLBGAME-25JUL22CWSTB-CWS,6,94,20,no
1753228337565,1753228337,KXMLBGAME-25JUL22DETPIT-DET,23,77,81,yes
1753228338754,1753228338,KXMLBGAME-25JUL22BALCLE-CLE,58,42,10,yes
1753228339721,1753228339,KXMLBGAME-25JUL22SFATL-ATL,19,81,5000,yes
1753228339721,1753228339,KXMLBGAME-25JUL22SFATL-ATL,19,81,1225,yes
1753228339750,1753228339,KXMLBGAME-25JUL22CINWSH-WSH,73,27,100,yes
1753228340108,1753228340,KXMLBGAME-25JUL22NYYTOR-TOR,30,70,34,yes
1753228341469,1753228341,KXMLBGAME-25JUL22DETPIT-DET,23,77,18,yes
1753228341469,1753228341,KXMLBGAME-25JUL22DETPIT-DET,24,76,55,yes
1753228341469,1753228341,KXMLBGAME-25JUL22DETPIT-DET,24,76,25,yes
1753228343348,1753228343,KXMLBGAME-25JUL22NYYTOR-NYY,72,28,14,yes
1753228344331,1753228344,KXMLBGAME-25JUL22CINWSH-CIN,22,78,1332,no
1753228344331,1753228344,KXMLBGAME-25JUL22CINWSH-CIN,22,78,600,no
1753228344331,1753228344,KXMLBGAME-25JUL22CINWSH-CIN,21,79,1,no
1753228344442,1753228344,KXMLBGAME-25JUL22CINWSH-WSH,75,25,100,yes
1753228344442,1753228344,KXMLBGAME-25JUL22CINWSH-WSH,79,21,1,yes
1753228344442,1753228344,KXMLBGAME-25JUL22CINWSH-WSH,79,21,1000,yes
1753228344508,1753228344,KXMLBGAME-25JUL22CINWSH-CIN,21,79,5,yes
1753228344589,1753228344,KXMLBGAME-25JUL22CINWSH-CIN,21,79,5,yes
1753228344669,1753228344,KXMLBGAME-25JUL22CINWSH-CIN,21,79,34,yes
1753228344748,1753228344,KXMLBGAME-25JUL22CINWSH-CIN,21,79,129,yes
1753228344808,1753228344,KXMLBGAME-25JUL22CINWSH-CIN,18,82,1,no
1753228344808,1753228344,KXMLBGAME-25JUL22CINWSH-CIN,18,82,4,no
1753228344808,1753228344,KXMLBGAME-25JUL22CINWSH-CIN,18,82,5,no
1753228345950,1753228345,KXMLBGAME-25JUL22DETPIT-PIT,93,7,274,yes
1753228350749,1753228350,KXMLBGAME-25JUL22NYYTOR-TOR,30,70,1,yes
1753228353251,1753228353,KXMLBGAME-25JUL22NYYTOR-NYY,70,30,158,no
1753228353749,1753228353,KXMLBGAME-25JUL22DETPIT-PIT,95,5,20,yes
1753228353869,1753228353,KXMLBGAME-25JUL22BALCLE-CLE,58,42,20,yes
1753228354309,1753228354,KXMLBGAME-25JUL22NYYTOR-TOR,30,70,250,yes
1753228354491,1753228354,KXMLBGAME-25JUL22BALCLE-CLE,58,42,20,yes
1753228355071,1753228355,KXMLBGAME-25JUL22CINWSH-WSH,75,25,5,no
1753228356713,1753228356,KXMLBGAME-25JUL22SDMIA-MIA,67,33,14,yes
1753228356729,1753228356,KXMLBGAME-25JUL22CINWSH-WSH,75,25,218,no
1753228360210,1753228360,KXMLBGAME-25JUL22SFATL-SF,83,17,40,yes
1753228360210,1753228360,KXMLBGAME-25JUL22SFATL-SF,84,16,500,yes
1753228360210,1753228360,KXMLBGAME-25JUL22SFATL-SF,84,16,300,yes
1753228360210,1753228360,KXMLBGAME-25JUL22SFATL-SF,84,16,200,yes
1753228360210,1753228360,KXMLBGAME-25JUL22SFATL-SF,85,15,252,yes
1753228361410,1753228361,KXMLBGAME-25JUL22SFATL-ATL,16,84,334,no
1753228362133,1753228362,KXMLBGAME-25JUL22NYYTOR-NYY,70,30,13,yes
1753228366507,1753228366,KXMLBGAME-25JUL22DETPIT-PIT,95,5,29,yes
1753228367011,1753228366,KXMLBGAME-25JUL22BALCLE-BAL,41,59,27,no
1753228371465,1753228371,KXMLBGAME-25JUL22CWSTB-CWS,5,95,280,no
1753228372088,1753228372,KXMLBGAME-25JUL22NYYTOR-TOR,30,70,30,yes
1753228379148,1753228379,KXMLBGAME-25JUL22CINWSH-WSH,76,24,66,no
1753228379349,1753228379,KXMLBGAME-25JUL22SDMIA-SD,33,67,12,no
1753228380488,1753228380,KXMLBGAME-25JUL22SFATL-SF,83,17,40,no
1753228383130,1753228383,KXMLBGAME-25JUL22DETPIT-DET,5,95,1,no
1753228383131,1753228383,KXMLBGAME-25JUL22DETPIT-DET,5,95,87,no
1753228383131,1753228383,KXMLBGAME-25JUL22DETPIT-DET,5,95,122,no
1753228383149,1753228383,KXMLBGAME-25JUL22CWSTB-CWS,6,94,15,yes
1753228387230,1753228387,KXMLBGAME-25JUL22BALCLE-BAL,40,60,47,yes
1753228388248,1753228388,KXMLBGAME-25JUL22BOSPHI-BOS,7,93,94,no
1753228388312,1753228388,KXMLBGAME-25JUL22BALCLE-BAL,39,61,5,no
1753228390792,1753228390,KXMLBGAME-25JUL22BALCLE-BAL,39,61,20,no
1753228391929,1753228391,KXMLBGAME-25JUL22CWSTB-CWS,6,94,40,yes
1753228391929,1753228391,KXMLBGAME-25JUL22CWSTB-CWS,7,93,9,yes
1753228391929,1753228391,KXMLBGAME-25JUL22CWSTB-CWS,7,93,26,yes
1753228391929,1753228391,KXMLBGAME-25JUL22BALCLE-CLE,60,40,40,yes
1753228392890,1753228392,KXMLBGAME-25JUL22LAANYM-NYM,50,50,31,no
1753228393329,1753228393,KXMLBGAME-25JUL22CINWSH-CIN,24,76,50,no
1753228394329,1753228394,KXMLBGAME-25JUL22NYYTOR-NYY,71,29,16,yes
1753228396027,1753228395,KXMLBGAME-25JUL22DETPIT-PIT,95,5,46,yes
1753228396027,1753228395,KXMLBGAME-25JUL22DETPIT-PIT,95,5,105,yes
1753228396570,1753228396,KXMLBGAME-25JUL22BALCLE-BAL,40,60,59,yes
1753228396890,1753228396,KXMLBGAME-25JUL22DETPIT-DET,5,95,61,no
1753228397674,1753228397,KXMLBGAME-25JUL22BALCLE-CLE,60,40,47,yes
1753228397674,1753228397,KXMLBGAME-25JUL22BALCLE-CLE,60,40,40,yes
1753228397674,1753228397,KXMLBGAME-25JUL22BALCLE-CLE,61,39,23,yes
1753228400294,1753228400,KXMLBGAME-25JUL22BALCLE-CLE,60,40,20,yes
1753228402209,1753228402,KXMLBGAME-25JUL22BALCLE-BAL,40,60,16,no
1753228404569,1753228404,KXMLBGAME-25JUL22BALCLE-BAL,41,59,26,yes
1753228405053,1753228405,KXMLBGAME-25JUL22BALCLE-BAL,41,59,574,yes
1753228405053,1753228405,KXMLBGAME-25JUL22BALCLE-BAL,41,59,128,yes
1753228405207,1753228405,KXMLBGAME-25JUL22CINWSH-CIN,25,75,19,yes
1753228406088,1753228406,KXMLBGAME-25JUL22DETPIT-DET,7,93,500,yes
1753228406089,1753228406,KXMLBGAME-25JUL22DETPIT-DET,8,92,500,yes
1753228406089,1753228406,KXMLBGAME-25JUL22DETPIT-DET,8,92,236,yes
1753228406809,1753228406,KXMLBGAME-25JUL22MILSEA-MIL,46,54,41,yes
1753228407448,1753228407,KXMLBGAME-25JUL22CWSTB-CWS,7,93,67,yes
1753228408730,1753228408,KXMLBGAME-25JUL22BALCLE-BAL,41,59,46,yes
1753228410349,1753228410,KXMLBGAME-25JUL22MINLAD-MIN,33,67,51,yes
1753228411571,1753228411,KXMLBGAME-25JUL22CINWSH-CIN,24,76,43,no
1753228411868,1753228411,KXMLBGAME-25JUL22LAANYM-LAA,49,51,29,yes
1753228413952,1753228413,KXMLBGAME-25JUL22CINWSH-CIN,24,76,3907,no
1753228413952,1753228413,KXMLBGAME-25JUL22CINWSH-CIN,22,78,600,no
1753228415809,1753228415,KXMLBGAME-25JUL22NYYTOR-TOR,31,69,13,yes
1753228418970,1753228418,KXMLBGAME-25JUL22CWSTB-CWS,7,93,67,yes
1753228419130,1753228419,KXMLBGAME-25JUL22DETPIT-DET,7,93,134,yes
1753228419408,1753228419,KXMLBGAME-25JUL22BOSPHI-BOS,10,90,28,yes
1753228420112,1753228420,KXMLBGAME-25JUL22DETPIT-DET,5,95,8,no
1753228420330,1753228420,KXMLBGAME-25JUL22BALCLE-CLE,57,43,22,yes
1753228421331,1753228421,KXMLBGAME-25JUL22LAANYM-NYM,53,47,87,yes
1753228421331,1753228421,KXMLBGAME-25JUL22LAANYM-NYM,53,47,59,yes
1753228421953,1753228421,KXMLBGAME-25JUL22DETPIT-DET,7,93,13,yes
1753228422231,1753228422,KXMLBGAME-25JUL22BALCLE-CLE,57,43,65,yes
1753228422231,1753228422,KXMLBGAME-25JUL22BALCLE-CLE,57,43,22,yes
1753228422231,1753228422,KXMLBGAME-25JUL22BALCLE-CLE,58,42,81,yes
1753228423790,1753228423,KXMLBGAME-25JUL22SDMIA-SD,34,66,79,no
1753228427069,1753228427,KXMLBGAME-25JUL22BALCLE-CLE,56,44,34,no
1753228430029,1753228429,KXMLBGAME-25JUL22CINWSH-WSH,75,25,11,no
1753228430691,1753228430,KXMLBGAME-25JUL22CINWSH-CIN,22,78,154,no
1753228434549,1753228434,KXMLBGAME-25JUL22LAANYM-NYM,53,47,63,yes
1753228435717,1753228435,KXMLBGAME-25JUL22CINWSH-WSH,76,24,25,yes
1753228437070,1753228437,KXMLBGAME-25JUL22NYYTOR-TOR,31,69,101,yes
1753228443741,1753228443,KXMLBGAME-25JUL22BALCLE-CLE,56,44,20,yes
1753228443950,1753228443,KXMLBGAME-25JUL22SDMIA-SD,35,65,540,yes
1753228444150,1753228444,KXMLBGAME-25JUL22CINWSH-WSH,76,24,100,yes
1753228444190,1753228444,KXMLBGAME-25JUL22HOUARI-HOU,52,48,9,no
1753228444588,1753228444,KXMLBGAME-25JUL22BALCLE-BAL,45,55,35,yes
1753228446548,1753228446,KXMLBGAME-25JUL22LAANYM-NYM,50,50,98,yes
1753228449112,1753228449,KXMLBGAME-25JUL22DETPIT-DET,7,93,134,yes
1753228449972,1753228449,KXMLBGAME-25JUL22CINWSH-CIN,22,78,70,no
1753228450209,1753228450,KXMLBGAME-25JUL22BALCLE-BAL,45,55,39,yes
1753228450489,1753228450,KXMLBGAME-25JUL22KCCHC-KC,31,69,3,yes
1753228452567,1753228452,KXMLBGAME-25JUL22BALCLE-CLE,56,44,43,yes
1753228453790,1753228453,KXMLBGAME-25JUL22LAANYM-LAA,52,48,46,yes
1753228454030,1753228453,KXMLBGAME-25JUL22CINWSH-WSH,76,24,4666,yes
1753228454128,1753228454,KXMLBGAME-25JUL22CINWSH-WSH,76,24,4666,yes
1753228458128,1753228458,KXMLBGAME-25JUL22NYYTOR-NYY,69,31,5,yes
1753228458809,1753228458,KXMLBGAME-25JUL22BALCLE-CLE,53,47,54,yes
1753228459131,1753228459,KXMLBGAME-25JUL22NYYTOR-TOR,32,68,14,yes
1753228463630,1753228463,KXMLBGAME-25JUL22LAANYM-LAA,52,48,7,yes
1753228464033,1753228463,KXMLBGAME-25JUL22BALCLE-BAL,44,56,76,no
1753228465829,1753228465,KXMLBGAME-25JUL22DETPIT-PIT,95,5,14,yes
1753228468611,1753228468,KXMLBGAME-25JUL22BALCLE-BAL,44,56,23,yes
1753228470532,1753228470,KXMLBGAME-25JUL22DETPIT-PIT,95,5,7,yes
1753228471709,1753228471,KXMLBGAME-25JUL22BALCLE-BAL,44,56,170,yes
1753228471709,1753228471,KXMLBGAME-25JUL22NYYTOR-NYY,70,30,6,yes
1753228471809,1753228471,KXMLBGAME-25JUL22BALCLE-BAL,44,56,43,yes
1753228471809,1753228471,KXMLBGAME-25JUL22BALCLE-CLE,59,41,1,yes
1753228474550,1753228474,KXMLBGAME-25JUL22BOSPHI-PHI,92,8,25,no
1753228477489,1753228477,KXMLBGAME-25JUL22CINWSH-WSH,76,24,219,yes
1753228479110,1753228479,KXMLBGAME-25JUL22KCCHC-CHC,71,29,17,yes
1753228480609,1753228480,KXMLBGAME-25JUL22DETPIT-PIT,95,5,104,yes
1753228482775,1753228482,KXMLBGAME-25JUL22BALCLE-BAL,44,56,218,yes
1753228483009,1753228482,KXMLBGAME-25JUL22CINWSH-CIN,26,74,10,yes
1753228483470,1753228483,KXMLBGAME-25JUL22BALCLE-CLE,59,41,8,yes
1753228483729,1753228483,KXMLBGAME-25JUL22CINWSH-WSH,75,25,13,yes
1753228484610,1753228484,KXMLBGAME-25JUL22BALCLE-BAL,44,56,4,yes
1753228487371,1753228487,KXMLBGAME-25JUL22DETPIT-DET,7,93,20,no
1753228487450,1753228487,KXMLBGAME-25JUL22DETPIT-DET,7,93,20,no
1753228487932,1753228487,KXMLBGAME-25JUL22DETPIT-DET,7,93,10,no
1753228489371,1753228489,KXMLBGAME-25JUL22CINWSH-WSH,74,26,20,no
1753228497419,1753228497,KXMLBGAME-25JUL22BALCLE-BAL,49,51,12,yes
1753228497419,1753228497,KXMLBGAME-25JUL22BALCLE-BAL,60,40,50,yes
1753228497419,1753228497,KXMLBGAME-25JUL22BALCLE-BAL,65,35,52,yes
1753228497419,1753228497,KXMLBGAME-25JUL22BALCLE-BAL,65,35,10,yes
1753228497419,1753228497,KXMLBGAME-25JUL22BALCLE-BAL,70,30,8,yes
1753228500952,1753228500,KXMLBGAME-25JUL22SDMIA-SD,35,65,2,yes
1753228502470,1753228502,KXMLBGAME-25JUL22SDMIA-MIA,66,34,52,yes
1753228502470,1753228502,KXMLBGAME-25JUL22SDMIA-MIA,66,34,169,yes
1753228504569,1753228504,KXMLBGAME-25JUL22CINWSH-WSH,75,25,378,yes
1753228507609,1753228507,KXMLBGAME-25JUL22DETPIT-DET,4,96,88,no
1753228507711,1753228507,KXMLBGAME-25JUL22CWSTB-CWS,7,93,500,yes
1753228507711,1753228507,KXMLBGAME-25JUL22CWSTB-CWS,7,93,55,yes
1753228507711,1753228507,KXMLBGAME-25JUL22CWSTB-CWS,8,92,101,yes
1753228508989,1753228508,KXMLBGAME-25JUL22NYYTOR-NYY,73,27,33,yes
1753228509891,1753228509,KXMLBGAME-25JUL22KCCHC-CHC,70,30,400,no
1753228514249,1753228514,KXMLBGAME-25JUL22CINWSH-WSH,75,25,655,yes
1753228519828,1753228519,KXMLBGAME-25JUL22SDMIA-MIA,65,35,131,no
1753228529649,1753228529,KXMLBGAME-25JUL22NYYTOR-TOR,29,71,164,yes
1753228530171,1753228530,KXMLBGAME-25JUL22BALCLE-BAL,28,72,2,no
1753228533751,1753228533,KXMLBGAME-25JUL22DETPIT-DET,5,95,87,no
1753228533751,1753228533,KXMLBGAME-25JUL22DETPIT-DET,4,96,112,no
1753228533751,1753228533,KXMLBGAME-25JUL22DETPIT-DET,4,96,500,no
1753228533753,1753228533,KXMLBGAME-25JUL22DETPIT-DET,4,96,200,no
1753228533753,1753228533,KXMLBGAME-25JUL22DETPIT-DET,3,97,55,no
1753228533753,1753228533,KXMLBGAME-25JUL22DETPIT-DET,3,97,500,no
1753228533753,1753228533,KXMLBGAME-25JUL22DETPIT-DET,2,98,300,no
1753228533753,1753228533,KXMLBGAME-25JUL22DETPIT-DET,2,98,33,no
1753228533753,1753228533,KXMLBGAME-25JUL22DETPIT-DET,2,98,55,no
1753228533753,1753228533,KXMLBGAME-25JUL22DETPIT-DET,1,99,375,no
1753228537961,1753228537,KXMLBGAME-25JUL22NYYTOR-TOR,29,71,9,yes
1753228538930,1753228538,KXMLBGAME-25JUL22BALCLE-BAL,29,71,300,no
1753228539029,1753228538,KXMLBGAME-25JUL22BALCLE-CLE,71,29,86,yes
1753228540119,1753228540,KXMLBGAME-25JUL22DETPIT-PIT,92,8,2,no
1753228540912,1753228540,KXMLBGAME-25JUL22SFATL-ATL,18,82,18,yes
1753228542490,1753228542,KXMLBGAME-25JUL22CINWSH-WSH,75,25,393,yes
1753228543028,1753228542,KXMLBGAME-25JUL22SDMIA-MIA,66,34,11,yes
1753228543349,1753228543,KXMLBGAME-25JUL22DETPIT-DET,7,93,165,yes
1753228543349,1753228543,KXMLBGAME-25JUL22DETPIT-DET,8,92,500,yes
1753228543350,1753228543,KXMLBGAME-25JUL22DETPIT-DET,8,92,200,yes
1753228543350,1753228543,KXMLBGAME-25JUL22DETPIT-DET,8,92,300,yes
1753228543350,1753228543,KXMLBGAME-25JUL22DETPIT-DET,8,92,29,yes
1753228543988,1753228543,KXMLBGAME-25JUL22CWSTB-TB,93,7,13,no
1753228544109,1753228544,KXMLBGAME-25JUL22BALCLE-BAL,28,72,52,no
1753228544109,1753228544,KXMLBGAME-25JUL22BALCLE-BAL,28,72,2,no
1753228544109,1753228544,KXMLBGAME-25JUL22BALCLE-BAL,28,72,245,no
1753228544252,1753228544,KXMLBGAME-25JUL22ATHTEX-TEX,67,33,7,yes
1753228545471,1753228545,KXMLBGAME-25JUL22DETPIT-DET,6,94,20,no
1753228546811,1753228546,KXMLBGAME-25JUL22BALCLE-BAL,29,71,5,yes
1753228547891,1753228547,KXMLBGAME-25JUL22BALCLE-CLE,72,28,40,yes
1753228547891,1753228547,KXMLBGAME-25JUL22BALCLE-CLE,72,28,96,yes
1753228548614,1753228548,KXMLBGAME-25JUL22BALCLE-BAL,29,71,821,yes
1753228550229,1753228550,KXMLBGAME-25JUL22DETPIT-DET,6,94,20,no
1753228550708,1753228550,KXMLBGAME-25JUL22BALCLE-BAL,29,71,32,yes
1753228552064,1753228551,KXMLBGAME-25JUL22BALCLE-BAL,29,71,49,yes
1753228555169,1753228555,KXMLBGAME-25JUL22SDMIA-SD,35,65,7,yes
1753228558798,1753228558,KXMLBGAME-25JUL22LAANYM-NYM,46,54,172,no
1753228560891,1753228560,KXMLBGAME-25JUL22SDMIA-SD,35,65,27,yes
1753228561028,1753228560,KXMLBGAME-25JUL22LAANYM-NYM,46,54,159,no
1753228564972,1753228564,KXMLBGAME-25JUL22BOSPHI-BOS,10,90,28,yes
1753228565212,1753228565,KXMLBGAME-25JUL22SDMIA-SD,34,66,11,no
1753228568235,1753228568,KXMLBGAME-25JUL22CINWSH-WSH,75,25,13,yes
1753228568830,1753228568,KXMLBGAME-25JUL22HOUARI-HOU,53,47,47,yes
1753228570152,1753228570,KXMLBGAME-25JUL22KCCHC-CHC,71,29,40,yes
1753228571209,1753228571,KXMLBGAME-25JUL22DETPIT-PIT,94,6,96,yes
1753228572009,1753228571,KXMLBGAME-25JUL22CWSTB-TB,92,8,3,yes
1753228575447,1753228574,KXMLBGAME-25JUL22SFATL-SF,84,16,110,no
1753228576030,1753228575,KXMLBGAME-25JUL22SDMIA-MIA,65,35,6,yes
1753228578109,1753228577,KXMLBGAME-25JUL22BALCLE-BAL,28,72,300,no
1753228578989,1753228578,KXMLBGAME-25JUL22SDMIA-SD,35,65,27,yes
1753228581928,1753228581,KXMLBGAME-25JUL22BOSPHI-BOS,10,90,2,yes
1753228582108,1753228581,KXMLBGAME-25JUL22BALCLE-CLE,72,28,110,no
1753228583807,1753228583,KXMLBGAME-25JUL22LAANYM-NYM,48,52,20,yes
1753228586404,1753228586,KXMLBGAME-25JUL22SDMIA-SD,46,54,20,yes
1753228588340,1753228588,KXMLBGAME-25JUL22BALCLE-BAL,28,72,333,yes
1753228590389,1753228590,KXMLBGAME-25JUL22SDMIA-SD,45,55,40,yes
1753228593534,1753228593,KXMLBGAME-25JUL22HOUARI-HOU,53,47,274,yes
1753228596690,1753228596,KXMLBGAME-25JUL22SFATL-SF,85,15,1,yes
1753228597910,1753228597,KXMLBGAME-25JUL22BALCLE-BAL,28,72,74,yes
1753228597948,1753228597,KXMLBGAME-25JUL22LAANYM-NYM,47,53,205,yes
1753228598348,1753228598,KXMLBGAME-25JUL22ATHTEX-ATH,34,66,500,yes
1753228598569,1753228598,KXMLBGAME-25JUL22SDMIA-SD,45,55,1,yes
1753228600649,1753228600,KXMLBGAME-25JUL22LAANYM-NYM,45,55,13,no
1753228600710,1753228600,KXMLBGAME-25JUL22KCCHC-KC,31,69,30,yes
1753228601830,1753228601,KXMLBGAME-25JUL22BOSPHI-BOS,10,90,9,yes
1753228604729,1753228604,KXMLBGAME-25JUL22SDMIA-SD,45,55,30,yes
1753228606229,1753228606,KXMLBGAME-25JUL22CINWSH-WSH,75,25,15,yes
1753228609110,1753228609,KXMLBGAME-25JUL22KCCHC-CHC,71,29,2,yes
1753228609547,1753228609,KXMLBGAME-25JUL22BALCLE-BAL,27,73,5,no
1753228610861,1753228610,KXMLBGAME-25JUL22DETPIT-PIT,94,6,9,yes
1753228611143,1753228611,KXMLBGAME-25JUL22KCCHC-KC,31,69,6,yes
1753228615669,1753228615,KXMLBGAME-25JUL22DETPIT-PIT,94,6,31,yes
1753228617990,1753228617,KXMLBGAME-25JUL22BOSPHI-BOS,11,89,1,yes
1753228619151,1753228619,KXMLBGAME-25JUL22SDMIA-MIA,55,45,82,no
1753228619250,1753228619,KXMLBGAME-25JUL22SDMIA-SD,45,55,11,yes
1753228622547,1753228622,KXMLBGAME-25JUL22BALCLE-CLE,79,21,39,yes
1753228622547,1753228622,KXMLBGAME-25JUL22BALCLE-CLE,80,20,69,yes
1753228624230,1753228624,KXMLBGAME-25JUL22STLCOL-STL,61,39,14,yes
1753228624230,1753228624,KXMLBGAME-25JUL22STLCOL-STL,61,39,6,yes
1753228626571,1753228626,KXMLBGAME-25JUL22SDMIA-SD,45,55,10,no
1753228626814,1753228626,KXMLBGAME-25JUL22BALCLE-BAL,28,72,300,no
1753228627188,1753228627,KXMLBGAME-25JUL22SFATL-SF,85,15,58,yes
1753228627569,1753228627,KXMLBGAME-25JUL22CWSTB-CWS,9,91,300,yes
1753228627570,1753228627,KXMLBGAME-25JUL22CWSTB-CWS,10,90,5,yes
1753228627570,1753228627,KXMLBGAME-25JUL22CWSTB-CWS,10,90,44,yes
1753228627570,1753228627,KXMLBGAME-25JUL22CWSTB-CWS,10,90,55,yes
1753228627570,1753228627,KXMLBGAME-25JUL22CWSTB-CWS,10,90,96,yes
1753228628569,1753228628,KXMLBGAME-25JUL22DETPIT-DET,7,93,13,yes
1753228631110,1753228631,KXMLBGAME-25JUL22SDMIA-SD,47,53,2,yes
1753228631732,1753228631,KXMLBGAME-25JUL22DETPIT-DET,7,93,42,yes
1753228631732,1753228631,KXMLBGAME-25JUL22DETPIT-DET,7,93,55,yes
1753228631732,1753228631,KXMLBGAME-25JUL22DETPIT-DET,7,93,165,yes
1753228631732,1753228631,KXMLBGAME-25JUL22DETPIT-DET,7,93,13,yes
1753228631732,1753228631,KXMLBGAME-25JUL22DETPIT-DET,8,92,200,yes
1753228631732,1753228631,KXMLBGAME-25JUL22DETPIT-DET,8,92,144,yes
1753228632129,1753228632,KXMLBGAME-25JUL22SDMIA-MIA,55,45,88,yes
1753228633108,1753228633,KXMLBGAME-25JUL22CWSTB-TB,90,10,7,no
1753228634469,1753228634,KXMLBGAME-25JUL22CWSTB-CWS,9,91,31,yes
1753228634769,1753228634,KXMLBGAME-25JUL22SDMIA-MIA,54,46,8,yes
1753228635449,1753228635,KXMLBGAME-25JUL22BOSPHI-BOS,9,91,132,no
1753228638531,1753228638,KXMLBGAME-25JUL22SDMIA-MIA,55,45,2611,yes
1753228638631,1753228638,KXMLBGAME-25JUL22SDMIA-SD,45,55,2611,no
1753228638708,1753228638,KXMLBGAME-25JUL22SDMIA-MIA,55,45,2598,yes
1753228638788,1753228638,KXMLBGAME-25JUL22SDMIA-SD,45,55,2598,no
1753228646290,1753228646,KXMLBGAME-25JUL22SDMIA-MIA,62,38,86,yes
1753228646510,1753228646,KXMLBGAME-25JUL22DETPIT-PIT,94,6,26,yes
1753228647537,1753228647,KXMLBGAME-25JUL22CINWSH-CIN,24,76,87,yes
1753228647537,1753228647,KXMLBGAME-25JUL22CINWSH-CIN,25,75,106,yes
1753228647609,1753228647,KXMLBGAME-25JUL22SDMIA-SD,37,63,300,no
1753228647610,1753228647,KXMLBGAME-25JUL22SDMIA-SD,37,63,64,no
1753228647688,1753228647,KXMLBGAME-25JUL22SDMIA-MIA,62,38,64,yes
1753228647688,1753228647,KXMLBGAME-25JUL22SDMIA-MIA,63,37,4269,yes
1753228648230,1753228648,KXMLBGAME-25JUL22CINWSH-WSH,76,24,32,yes
1753228651650,1753228651,KXMLBGAME-25JUL22MILSEA-MIL,46,54,6,yes
1753228653090,1753228653,KXMLBGAME-25JUL22ATHTEX-TEX,67,33,12,yes
1753228654448,1753228654,KXMLBGAME-25JUL22CINWSH-CIN,24,76,19,yes
1753228654609,1753228654,KXMLBGAME-25JUL22MILSEA-MIL,46,54,8,yes
1753228655530,1753228655,KXMLBGAME-25JUL22SDMIA-SD,38,62,150,yes
1753228655530,1753228655,KXMLBGAME-25JUL22SDMIA-SD,38,62,87,yes
1753228655530,1753228655,KXMLBGAME-25JUL22SDMIA-SD,39,61,9,yes
1753228656848,1753228656,KXMLBGAME-25JUL22NYYTOR-TOR,30,70,54,no
1753228656849,1753228656,KXMLBGAME-25JUL22NYYTOR-TOR,30,70,37,no
1753228659891,1753228659,KXMLBGAME-25JUL22SDMIA-MIA,63,37,304,yes
1753228659950,1753228659,KXMLBGAME-25JUL22SDMIA-SD,39,61,246,yes
1753228660131,1753228660,KXMLBGAME-25JUL22SDMIA-SD,39,61,61,yes
1753228660909,1753228660,KXMLBGAME-25JUL22SDMIA-SD,39,61,184,yes
1753228660991,1753228660,KXMLBGAME-25JUL22DETPIT-PIT,93,7,50,yes
1753228662252,1753228662,KXMLBGAME-25JUL22DETPIT-DET,7,93,13,yes
1753228664148,1753228664,KXMLBGAME-25JUL22BALCLE-CLE,76,24,500,no
1753228664269,1753228664,KXMLBGAME-25JUL22BALCLE-BAL,24,76,500,yes
1753228664809,1753228664,KXMLBGAME-25JUL22BOSPHI-PHI,90,10,11,yes
1753228664991,1753228664,KXMLBGAME-25JUL22CWSTB-TB,86,14,13,no
1753228665531,1753228665,KXMLBGAME-25JUL22SFATL-ATL,22,78,21,yes
1753228665550,1753228665,KXMLBGAME-25JUL22SDMIA-SD,39,61,87,yes
1753228665550,1753228665,KXMLBGAME-25JUL22SDMIA-SD,40,60,130,yes
1753228665550,1753228665,KXMLBGAME-25JUL22SDMIA-SD,40,60,21,yes
1753228668309,1753228668,KXMLBGAME-25JUL22BALCLE-BAL,24,76,23,no
1753228669250,1753228669,KXMLBGAME-25JUL22BALCLE-BAL,25,75,87,yes
1753228669250,1753228669,KXMLBGAME-25JUL22BALCLE-BAL,25,75,285,yes
1753228671928,1753228671,KXMLBGAME-25JUL22DETPIT-PIT,92,8,6,no
1753228672221,1753228672,KXMLBGAME-25JUL22NYYTOR-TOR,32,68,29,yes
1753228672590,1753228672,KXMLBGAME-25JUL22CINWSH-WSH,76,24,7,yes
1753228674809,1753228674,KXMLBGAME-25JUL22SFATL-ATL,14,86,100,no
1753228675532,1753228675,KXMLBGAME-25JUL22LAANYM-LAA,55,45,100,yes
1753228675810,1753228675,KXMLBGAME-25JUL22MILSEA-MIL,46,54,2,yes
1753228676334,1753228676,KXMLBGAME-25JUL22BOSPHI-BOS,11,89,42,yes
1753228682009,1753228681,KXMLBGAME-25JUL22BOSPHI-PHI,89,11,7,no
1753228684037,1753228683,KXMLBGAME-25JUL22DETPIT-DET,7,93,220,yes
1753228684037,1753228683,KXMLBGAME-25JUL22DETPIT-DET,7,93,500,yes
1753228684037,1753228683,KXMLBGAME-25JUL22DETPIT-DET,8,92,156,yes
1753228684037,1753228683,KXMLBGAME-25JUL22DETPIT-DET,8,92,220,yes
1753228684037,1753228683,KXMLBGAME-25JUL22DETPIT-DET,8,92,100,yes
1753228684037,1753228683,KXMLBGAME-25JUL22DETPIT-DET,8,92,500,yes
1753228684037,1753228683,KXMLBGAME-25JUL22DETPIT-DET,8,92,600,yes
1753228684037,1753228683,KXMLBGAME-25JUL22DETPIT-DET,9,91,62,yes
1753228684037,1753228683,KXMLBGAME-25JUL22DETPIT-DET,9,91,22,yes
1753228684037,1753228683,KXMLBGAME-25JUL22DETPIT-DET,9,91,120,yes
1753228686309,1753228686,KXMLBGAME-25JUL22DETPIT-PIT,94,6,1499,yes
1753228686310,1753228686,KXMLBGAME-25JUL22DETPIT-PIT,94,6,300,yes
1753228686310,1753228686,KXMLBGAME-25JUL22DETPIT-PIT,94,6,214,yes
1753228686310,1753228686,KXMLBGAME-25JUL22DETPIT-PIT,94,6,85,yes
1753228687415,1753228687,KXMLBGAME-25JUL22LAANYM-NYM,46,54,10,yes
1753228688929,1753228688,KXMLBGAME-25JUL22SDMIA-MIA,62,38,672,yes
1753228689051,1753228688,KXMLBGAME-25JUL22SDMIA-SD,37,63,300,no
1753228689168,1753228689,KXMLBGAME-25JUL22SDMIA-MIA,62,38,4333,yes
1753228689249,1753228689,KXMLBGAME-25JUL22SDMIA-MIA,62,38,649,yes
1753228689354,1753228689,KXMLBGAME-25JUL22CWSTB-CWS,18,82,55,yes
1753228689510,1753228689,KXMLBGAME-25JUL22CWSTB-CWS,18,82,90,no
1753228692790,1753228692,KXMLBGAME-25JUL22DETPIT-PIT,95,5,2,yes
1753228693721,1753228693,KXMLBGAME-25JUL22DETPIT-DET,7,93,13,yes
1753228694931,1753228694,KXMLBGAME-25JUL22SFATL-SF,89,11,3,yes
1753228696251,1753228696,KXMLBGAME-25JUL22MINLAD-MIN,33,67,1000,yes
1753228696909,1753228696,KXMLBGAME-25JUL22MINLAD-MIN,33,67,1000,yes
1753228697509,1753228697,KXMLBGAME-25JUL22MINLAD-MIN,33,67,1000,yes
1753228697510,1753228697,KXMLBGAME-25JUL22BALCLE-BAL,24,76,79,yes
1753228697931,1753228697,KXMLBGAME-25JUL22MINLAD-MIN,33,67,1000,yes
1753228698069,1753228698,KXMLBGAME-25JUL22SDMIA-MIA,63,37,414,yes
1753228698390,1753228698,KXMLBGAME-25JUL22MINLAD-MIN,33,67,1000,yes
1753228698631,1753228698,KXMLBGAME-25JUL22MINLAD-MIN,33,67,4651,yes
1753228698770,1753228698,KXMLBGAME-25JUL22MINLAD-MIN,33,67,1000,yes
1753228699249,1753228699,KXMLBGAME-25JUL22MINLAD-MIN,33,67,1000,yes
1753228699650,1753228699,KXMLBGAME-25JUL22MINLAD-MIN,33,67,1000,yes
1753228700011,1753228699,KXMLBGAME-25JUL22MINLAD-MIN,33,67,1000,yes
1753228700413,1753228700,KXMLBGAME-25JUL22MINLAD-MIN,33,67,1000,yes
1753228702588,1753228702,KXMLBGAME-25JUL22MINLAD-MIN,33,67,1000,yes
1753228703168,1753228703,KXMLBGAME-25JUL22LAANYM-NYM,46,54,77,yes
1753228703168,1753228703,KXMLBGAME-25JUL22LAANYM-NYM,46,54,8,yes
1753228703168,1753228703,KXMLBGAME-25JUL22LAANYM-NYM,47,53,19,yes
1753228709090,1753228708,KXMLBGAME-25JUL22MINLAD-LAD,65,35,1000,yes
1753228709090,1753228708,KXMLBGAME-25JUL22MINLAD-LAD,65,35,2500,yes
1753228709090,1753228708,KXMLBGAME-25JUL22MINLAD-LAD,65,35,1327,yes
1753228709091,1753228709,KXMLBGAME-25JUL22SDMIA-MIA,64,36,76,yes
1753228709091,1753228709,KXMLBGAME-25JUL22SDMIA-MIA,64,36,1,yes
1753228711031,1753228710,KXMLBGAME-25JUL22MINLAD-MIN,33,67,800,yes
1753228711589,1753228711,KXMLBGAME-25JUL22MINLAD-MIN,33,67,800,yes
1753228713530,1753228713,KXMLBGAME-25JUL22MINLAD-MIN,33,67,3,yes
1753228716649,1753228716,KXMLBGAME-25JUL22CWSTB-CWS,19,81,49,yes
1753228717711,1753228717,KXMLBGAME-25JUL22MINLAD-LAD,65,35,5,yes
1753228717913,1753228717,KXMLBGAME-25JUL22NYYTOR-TOR,32,68,8,yes
1753228719013,1753228718,KXMLBGAME-25JUL22BALCLE-CLE,76,24,300,no
1753228719048,1753228718,KXMLBGAME-25JUL22BALCLE-BAL,24,76,200,yes
1753228720528,1753228720,KXMLBGAME-25JUL22DETPIT-PIT,95,5,26,yes
1753228720909,1753228720,KXMLBGAME-25JUL22CWSTB-CWS,19,81,1,yes
1753228721291,1753228721,KXMLBGAME-25JUL22CWSTB-CWS,19,81,49,yes
1753228721291,1753228721,KXMLBGAME-25JUL22CWSTB-CWS,19,81,33,yes
1753228721291,1753228721,KXMLBGAME-25JUL22CWSTB-CWS,19,81,300,yes
1753228721291,1753228721,KXMLBGAME-25JUL22CWSTB-CWS,20,80,10,yes
1753228721291,1753228721,KXMLBGAME-25JUL22CWSTB-CWS,20,80,5,yes
1753228721291,1753228721,KXMLBGAME-25JUL22CWSTB-CWS,20,80,95,yes
1753228722429,1753228722,KXMLBGAME-25JUL22MINLAD-MIN,33,67,100,yes
1753228730175,1753228730,KXMLBGAME-25JUL22KCCHC-KC,31,69,224,yes
1753228731231,1753228731,KXMLBGAME-25JUL22NYYTOR-NYY,69,31,13,yes
1753228731330,1753228731,KXMLBGAME-25JUL22BALCLE-BAL,25,75,3,yes
1753228732019,1753228731,KXMLBGAME-25JUL22CINWSH-CIN,23,77,4,yes
1753228733509,1753228733,KXMLBGAME-25JUL22LAANYM-NYM,46,54,10,yes
1753228733999,1753228733,KXMLBGAME-25JUL22LAANYM-NYM,46,54,6,yes
1753228737728,1753228737,KXMLBGAME-25JUL22MILSEA-MIL,46,54,26,yes
1753228738050,1753228738,KXMLBGAME-25JUL22KCCHC-CHC,70,30,104,yes
1753228739069,1753228738,KXMLBGAME-25JUL22SFATL-SF,85,15,17,no
1753228739189,1753228739,KXMLBGAME-25JUL22SFATL-ATL,15,85,17,yes
1753228739189,1753228739,KXMLBGAME-25JUL22SFATL-ATL,15,85,300,yes
1753228740749,1753228740,KXMLBGAME-25JUL22SDMIA-SD,35,65,13,no
1753228741830,1753228741,KXMLBGAME-25JUL22DETPIT-DET,8,92,100,yes
1753228742049,1753228741,KXMLBGAME-25JUL22SFATL-SF,85,15,458,yes
1753228742129,1753228742,KXMLBGAME-25JUL22SFATL-ATL,15,85,483,no
1753228742871,1753228742,KXMLBGAME-25JUL22SFATL-SF,85,15,404,yes
1753228742928,1753228742,KXMLBGAME-25JUL22SFATL-ATL,15,85,445,no
1753228743751,1753228743,KXMLBGAME-25JUL22STLCOL-STL,61,39,62,yes
1753228744332,1753228744,KXMLBGAME-25JUL22DETPIT-DET,8,92,120,yes
1753228744332,1753228744,KXMLBGAME-25JUL22DETPIT-DET,8,92,45,yes
1753228746588,1753228746,KXMLBGAME-25JUL22CWSTB-CWS,17,83,7,no
1753228747591,1753228747,KXMLBGAME-25JUL22CWSTB-CWS,17,83,279,no
1753228747831,1753228747,KXMLBGAME-25JUL22DETPIT-DET,8,92,87,no
1753228753229,1753228753,KXMLBGAME-25JUL22DETPIT-DET,7,93,240,no
1753228754451,1753228754,KXMLBGAME-25JUL22DETPIT-DET,7,93,6,no
1753228754751,1753228754,KXMLBGAME-25JUL22SFATL-SF,86,14,87,yes
1753228754751,1753228754,KXMLBGAME-25JUL22SFATL-SF,86,14,500,yes
1753228754751,1753228754,KXMLBGAME-25JUL22SFATL-SF,86,14,5000,yes
1753228754751,1753228754,KXMLBGAME-25JUL22SFATL-SF,86,14,5000,yes
1753228754751,1753228754,KXMLBGAME-25JUL22SFATL-SF,86,14,200,yes
1753228754752,1753228754,KXMLBGAME-25JUL22SFATL-SF,87,13,200,yes
1753228754752,1753228754,KXMLBGAME-25JUL22SFATL-SF,87,13,520,yes
1753228755439,1753228755,KXMLBGAME-25JUL22CWSTB-CWS,19,81,300,yes
1753228755439,1753228755,KXMLBGAME-25JUL22CWSTB-CWS,20,80,174,yes
1753228758633,1753228758,KXMLBGAME-25JUL22MINLAD-LAD,65,35,500,yes
1753228758770,1753228758,KXMLBGAME-25JUL22MINLAD-MIN,33,67,2074,yes
1753228760110,1753228760,KXMLBGAME-25JUL22ATHTEX-TEX,67,33,145,yes
1753228760830,1753228760,KXMLBGAME-25JUL22SDMIA-SD,37,63,7,yes
1753228761612,1753228761,KXMLBGAME-25JUL22NYYTOR-NYY,70,30,41,yes
1753228761612,1753228761,KXMLBGAME-25JUL22NYYTOR-NYY,70,30,98,yes
1753228761849,1753228761,KXMLBGAME-25JUL22SDMIA-SD,35,65,36,no
1753228762688,1753228762,KXMLBGAME-25JUL22NYYTOR-NYY,70,30,279,yes
1753228765390,1753228765,KXMLBGAME-25JUL22MINLAD-MIN,33,67,5,yes
1753228769211,1753228769,KXMLBGAME-25JUL22CINWSH-WSH,80,20,100,yes
1753228769211,1753228769,KXMLBGAME-25JUL22CINWSH-WSH,80,20,2965,yes
1753228769211,1753228769,KXMLBGAME-25JUL22CINWSH-WSH,80,20,257,yes
1753228769468,1753228769,KXMLBGAME-25JUL22MINLAD-MIN,33,67,501,yes
1753228770788,1753228770,KXMLBGAME-25JUL22CINWSH-CIN,21,79,25,yes
1753228773230,1753228773,KXMLBGAME-25JUL22MINLAD-MIN,33,67,5,yes
1753228773671,1753228773,KXMLBGAME-25JUL22HOUARI-ARI,48,52,6,yes
1753228779529,1753228779,KXMLBGAME-25JUL22SFATL-SF,86,14,28,yes
1753228780491,1753228780,KXMLBGAME-25JUL22DETPIT-DET,7,93,2477,no
1753228782229,1753228782,KXMLBGAME-25JUL22CINWSH-CIN,20,80,25,yes
1753228782590,1753228782,KXMLBGAME-25JUL22BOSPHI-BOS,12,88,100,yes
1753228782590,1753228782,KXMLBGAME-25JUL22BOSPHI-BOS,12,88,96,yes
1753228783110,1753228783,KXMLBGAME-25JUL22ATHTEX-TEX,67,33,145,yes
1753228783169,1753228783,KXMLBGAME-25JUL22NYYTOR-TOR,29,71,46,no
1753228784338,1753228784,KXMLBGAME-25JUL22LAANYM-LAA,51,49,120,no
1753228790610,1753228790,KXMLBGAME-25JUL22SFATL-ATL,15,85,18,yes
1753228794529,1753228794,KXMLBGAME-25JUL22BALCLE-CLE,76,24,7,yes
1753228795912,1753228795,KXMLBGAME-25JUL22KCCHC-KC,31,69,153,yes
1753228796112,1753228795,KXMLBGAME-25JUL22BOSPHI-BOS,13,87,72,yes
1753228799833,1753228799,KXMLBGAME-25JUL22NYYTOR-NYY,68,32,11,no
1753228802478,1753228802,KXMLBGAME-25JUL22KCCHC-KC,31,69,307,yes
1753228804350,1753228804,KXMLBGAME-25JUL22DETPIT-DET,7,93,17,no
1753228808572,1753228808,KXMLBGAME-25JUL22DETPIT-DET,9,91,55,yes
1753228808572,1753228808,KXMLBGAME-25JUL22DETPIT-DET,10,90,44,yes
1753228810268,1753228810,KXMLBGAME-25JUL22SDMIA-MIA,52,48,33,no
1753228812350,1753228812,KXMLBGAME-25JUL22LAANYM-NYM,49,51,59,yes
1753228813670,1753228813,KXMLBGAME-25JUL22SFATL-SF,86,14,28,yes
1753228815090,1753228815,KXMLBGAME-25JUL22DETPIT-DET,9,91,110,yes
1753228817053,1753228817,KXMLBGAME-25JUL22DETPIT-DET,10,90,55,yes
1753228817053,1753228817,KXMLBGAME-25JUL22DETPIT-DET,10,90,55,yes
1753228820448,1753228820,KXMLBGAME-25JUL22CWSTB-TB,83,17,87,yes
1753228820448,1753228820,KXMLBGAME-25JUL22CWSTB-TB,84,16,1091,yes
1753228822027,1753228821,KXMLBGAME-25JUL22SDMIA-SD,48,52,28,yes
1753228822028,1753228821,KXMLBGAME-25JUL22NYYTOR-NYY,70,30,6,yes
1753228822829,1753228822,KXMLBGAME-25JUL22SDMIA-SD,48,52,402,yes
1753228828708,1753228828,KXMLBGAME-25JUL22SDMIA-MIA,54,46,32,yes
1753228829749,1753228829,KXMLBGAME-25JUL22CINWSH-CIN,20,80,23,yes
1753228829950,1753228829,KXMLBGAME-25JUL22CINWSH-CIN,20,80,39,yes
1753228829950,1753228829,KXMLBGAME-25JUL22CINWSH-CIN,20,80,25,yes
1753228829950,1753228829,KXMLBGAME-25JUL22CINWSH-CIN,20,80,703,yes
1753228833328,1753228833,KXMLBGAME-25JUL22BOSPHI-PHI,88,12,15,no
1753228836870,1753228836,KXMLBGAME-25JUL22CINWSH-CIN,19,81,204,no
1753228838029,1753228837,KXMLBGAME-25JUL22DETPIT-PIT,88,12,112,yes
1753228838171,1753228838,KXMLBGAME-25JUL22STLCOL-STL,61,39,159,yes
1753228839329,1753228839,KXMLBGAME-25JUL22CWSTB-CWS,19,81,99,yes
1753228839529,1753228839,KXMLBGAME-25JUL22DETPIT-PIT,88,12,11,yes
1753228839849,1753228839,KXMLBGAME-25JUL22NYYTOR-NYY,69,31,78,no
1753228840570,1753228840,KXMLBGAME-25JUL22STLCOL-STL,61,39,15,yes
1753228841690,1753228841,KXMLBGAME-25JUL22SDMIA-SD,47,53,20,yes
1753228842290,1753228842,KXMLBGAME-25JUL22BOSPHI-PHI,89,11,55,yes
1753228844329,1753228844,KXMLBGAME-25JUL22BOSPHI-BOS,11,89,200,no
1753228847829,1753228847,KXMLBGAME-25JUL22NYYTOR-NYY,70,30,34,yes
1753228848290,1753228848,KXMLBGAME-25JUL22DETPIT-PIT,84,16,100,no
1753228848571,1753228848,KXMLBGAME-25JUL22DETPIT-DET,22,78,8,yes
1753228849750,1753228849,KXMLBGAME-25JUL22CINWSH-CIN,19,81,124,yes
1753228850710,1753228850,KXMLBGAME-25JUL22CINWSH-CIN,19,81,122,yes
1753228850910,1753228850,KXMLBGAME-25JUL22DETPIT-DET,22,78,30,yes
1753228853091,1753228853,KXMLBGAME-25JUL22MINLAD-MIN,33,67,8,yes
1753228853449,1753228853,KXMLBGAME-25JUL22CINWSH-CIN,18,82,84,no
1753228853851,1753228853,KXMLBGAME-25JUL22SDMIA-SD,50,50,22,yes
1753228853851,1753228853,KXMLBGAME-25JUL22SDMIA-SD,50,50,20,yes
1753228853851,1753228853,KXMLBGAME-25JUL22SDMIA-SD,71,29,4,yes
1753228854491,1753228854,KXMLBGAME-25JUL22DETPIT-DET,22,78,20,yes
1753228854768,1753228854,KXMLBGAME-25JUL22CINWSH-CIN,18,82,18,no
1753228855931,1753228855,KXMLBGAME-25JUL22DETPIT-DET,22,78,27,yes
1753228855931,1753228855,KXMLBGAME-25JUL22DETPIT-DET,23,77,99,yes
1753228855931,1753228855,KXMLBGAME-25JUL22DETPIT-DET,29,71,99,yes
1753228857249,1753228857,KXMLBGAME-25JUL22DETPIT-DET,34,66,55,yes
1753228857511,1753228857,KXMLBGAME-25JUL22DETPIT-DET,34,66,44,yes
1753228857511,1753228857,KXMLBGAME-25JUL22DETPIT-DET,37,63,3,yes
1753228857511,1753228857,KXMLBGAME-25JUL22DETPIT-DET,38,62,8,yes
1753228857770,1753228857,KXMLBGAME-25JUL22DETPIT-DET,38,62,55,yes
1753228857789,1753228857,KXMLBGAME-25JUL22DETPIT-DET,38,62,36,yes
1753228857789,1753228857,KXMLBGAME-25JUL22DETPIT-DET,43,57,19,yes
1753228859450,1753228859,KXMLBGAME-25JUL22DETPIT-PIT,92,8,10,yes
1753228862755,1753228862,KXMLBGAME-25JUL22BOSPHI-PHI,89,11,42,no
1753228865591,1753228865,KXMLBGAME-25JUL22NYYTOR-NYY,68,32,87,no
1753228865591,1753228865,KXMLBGAME-25JUL22NYYTOR-NYY,68,32,300,no
1753228867430,1753228867,KXMLBGAME-25JUL22DETPIT-PIT,68,32,68,yes
1753228867430,1753228867,KXMLBGAME-25JUL22DETPIT-PIT,69,31,300,yes
1753228867575,1753228867,KXMLBGAME-25JUL22DETPIT-DET,32,68,51,no
1753228867577,1753228867,KXMLBGAME-25JUL22DETPIT-DET,31,69,300,no
1753228869189,1753228869,KXMLBGAME-25JUL22DETPIT-DET,29,71,158,no
1753228869269,1753228869,KXMLBGAME-25JUL22NYYTOR-TOR,32,68,63,yes
1753228870810,1753228870,KXMLBGAME-25JUL22SDMIA-MIA,64,36,100,yes
1753228872089,1753228872,KXMLBGAME-25JUL22MINLAD-LAD,66,34,7,yes
1753228873012,1753228872,KXMLBGAME-25JUL22BALCLE-BAL,24,76,87,yes
1753228873012,1753228872,KXMLBGAME-25JUL22BALCLE-BAL,25,75,24,yes
1753228873012,1753228872,KXMLBGAME-25JUL22BALCLE-BAL,25,75,6,yes
1753228874249,1753228874,KXMLBGAME-25JUL22SDMIA-MIA,65,35,294,yes
1753228875510,1753228875,KXMLBGAME-25JUL22CWSTB-CWS,20,80,118,yes
1753228878310,1753228878,KXMLBGAME-25JUL22STLCOL-COL,40,60,7,yes
1753228879168,1753228879,KXMLBGAME-25JUL22CWSTB-TB,79,21,300,no
1753228879168,1753228879,KXMLBGAME-25JUL22CWSTB-TB,78,22,46,no
1753228879267,1753228879,KXMLBGAME-25JUL22CWSTB-CWS,22,78,600,yes
1753228879267,1753228879,KXMLBGAME-25JUL22CWSTB-CWS,22,78,46,yes
1753228879267,1753228879,KXMLBGAME-25JUL22CWSTB-CWS,22,78,200,yes
1753228879268,1753228879,KXMLBGAME-25JUL22CWSTB-CWS,22,78,300,yes
1753228879268,1753228879,KXMLBGAME-25JUL22CWSTB-CWS,23,77,200,yes
1753228879268,1753228879,KXMLBGAME-25JUL22CWSTB-CWS,23,77,300,yes
1753228879268,1753228879,KXMLBGAME-25JUL22CWSTB-CWS,24,76,99,yes
1753228879348,1753228879,KXMLBGAME-25JUL22CWSTB-TB,76,24,5,yes
1753228879429,1753228879,KXMLBGAME-25JUL22CWSTB-TB,76,24,5,yes
1753228879433,1753228879,KXMLBGAME-25JUL22CWSTB-TB,74,26,5,no
1753228879449,1753228879,KXMLBGAME-25JUL22CWSTB-TB,74,26,5,no
1753228879631,1753228879,KXMLBGAME-25JUL22ATHTEX-ATH,34,66,28,yes
1753228881569,1753228881,KXMLBGAME-25JUL22CWSTB-CWS,24,76,20,no
1753228881650,1753228881,KXMLBGAME-25JUL22NYYTOR-NYY,66,34,7,yes
1753228882011,1753228881,KXMLBGAME-25JUL22CWSTB-TB,74,26,5,no
1753228882011,1753228881,KXMLBGAME-25JUL22CWSTB-TB,74,26,13,no
1753228882011,1753228881,KXMLBGAME-25JUL22CWSTB-TB,74,26,8,no
1753228882011,1753228881,KXMLBGAME-25JUL22CWSTB-CWS,25,75,99,yes
1753228883329,1753228883,KXMLBGAME-25JUL22ATHTEX-TEX,67,33,72,yes
1753228888231,1753228888,KXMLBGAME-25JUL22CWSTB-CWS,25,75,87,no
1753228888316,1753228888,KXMLBGAME-25JUL22KCCHC-KC,31,69,76,yes
1753228889211,1753228888,KXMLBGAME-25JUL22DETPIT-PIT,74,26,19,yes
1753228890022,1753228889,KXMLBGAME-25JUL22NYYTOR-NYY,66,34,4,yes
1753228890641,1753228889,KXMLBGAME-25JUL22SDMIA-SD,35,65,1366,yes
1753228894209,1753228893,KXMLBGAME-25JUL22CINWSH-WSH,82,18,1,yes
1753228894333,1753228894,KXMLBGAME-25JUL22SFATL-ATL,15,85,125,yes
1753228894333,1753228894,KXMLBGAME-25JUL22CWSTB-CWS,26,74,20,yes
1753228896109,1753228895,KXMLBGAME-25JUL22LAANYM-NYM,51,49,189,yes
1753228898348,1753228898,KXMLBGAME-25JUL22NYYTOR-TOR,36,64,26,yes
1753228898668,1753228898,KXMLBGAME-25JUL22SDMIA-SD,35,65,38,yes
1753228899068,1753228898,KXMLBGAME-25JUL22BALCLE-CLE,76,24,193,yes
1753228901589,1753228901,KXMLBGAME-25JUL22CWSTB-TB,75,25,87,yes
1753228901589,1753228901,KXMLBGAME-25JUL22CWSTB-TB,75,25,400,yes
1753228901589,1753228901,KXMLBGAME-25JUL22CWSTB-TB,75,25,13,yes
1753228901810,1753228901,KXMLBGAME-25JUL22LAANYM-NYM,51,49,8,yes
1753228903288,1753228903,KXMLBGAME-25JUL22DETPIT-DET,25,75,3,yes
1753228905147,1753228905,KXMLBGAME-25JUL22SDMIA-SD,35,65,2,yes
1753228905829,1753228905,KXMLBGAME-25JUL22BOSPHI-BOS,11,89,9,no
1753228906790,1753228906,KXMLBGAME-25JUL22ATHTEX-ATH,34,66,8,yes
1753228908891,1753228908,KXMLBGAME-25JUL22SDMIA-SD,35,65,40,yes
1753228909031,1753228908,KXMLBGAME-25JUL22DETPIT-PIT,78,22,568,yes
1753228911413,1753228911,KXMLBGAME-25JUL22SDMIA-MIA,67,33,72,yes
1753228911708,1753228911,KXMLBGAME-25JUL22DETPIT-DET,25,75,361,yes
1753228914411,1753228914,KXMLBGAME-25JUL22DETPIT-DET,25,75,136,yes
1753228914411,1753228914,KXMLBGAME-25JUL22DETPIT-DET,25,75,87,yes
1753228914411,1753228914,KXMLBGAME-25JUL22DETPIT-DET,25,75,100,yes
1753228914411,1753228914,KXMLBGAME-25JUL22DETPIT-DET,26,74,54,yes
1753228914411,1753228914,KXMLBGAME-25JUL22BOSPHI-BOS,12,88,39,yes
1753228915789,1753228915,KXMLBGAME-25JUL22DETPIT-PIT,77,23,100,yes
1753228917210,1753228917,KXMLBGAME-25JUL22CINWSH-CIN,17,83,100,no
1753228917210,1753228917,KXMLBGAME-25JUL22CINWSH-CIN,17,83,55,no
1753228917210,1753228917,KXMLBGAME-25JUL22CINWSH-CIN,17,83,600,no
1753228917210,1753228917,KXMLBGAME-25JUL22CINWSH-CIN,16,84,27,no
1753228921390,1753228921,KXMLBGAME-25JUL22SDMIA-MIA,67,33,14,yes
1753228922992,1753228922,KXMLBGAME-25JUL22DETPIT-DET,25,75,11,yes
1753228928369,1753228928,KXMLBGAME-25JUL22BOSPHI-BOS,12,88,90,yes
1753228928369,1753228928,KXMLBGAME-25JUL22BOSPHI-BOS,13,87,29,yes
1753228930031,1753228929,KXMLBGAME-25JUL22DETPIT-DET,24,76,10,no
1753228930729,1753228930,KXMLBGAME-25JUL22CWSTB-CWS,26,74,36,yes
1753228931851,1753228931,KXMLBGAME-25JUL22BOSPHI-BOS,13,87,277,yes
1753228932353,1753228932,KXMLBGAME-25JUL22MINLAD-LAD,66,34,2,yes
1753228932828,1753228932,KXMLBGAME-25JUL22CWSTB-CWS,26,74,264,yes
1753228932828,1753228932,KXMLBGAME-25JUL22CWSTB-CWS,26,74,90,yes
1753228933428,1753228933,KXMLBGAME-25JUL22CWSTB-CWS,26,74,47,yes
1753228934010,1753228933,KXMLBGAME-25JUL22CWSTB-TB,76,24,87,yes
1753228934010,1753228933,KXMLBGAME-25JUL22CWSTB-TB,77,23,169,yes
1753228935650,1753228935,KXMLBGAME-25JUL22SDMIA-MIA,67,33,4,yes
1753228943171,1753228943,KXMLBGAME-25JUL22BALCLE-BAL,21,79,422,no
1753228943367,1753228943,KXMLBGAME-25JUL22BALCLE-BAL,23,77,8,yes
1753228944649,1753228944,KXMLBGAME-25JUL22SDMIA-SD,36,64,200,yes
1753228944649,1753228944,KXMLBGAME-25JUL22SDMIA-SD,36,64,87,yes
1753228944649,1753228944,KXMLBGAME-25JUL22SDMIA-SD,36,64,234,yes
1753228945869,1753228945,KXMLBGAME-25JUL22BOSPHI-PHI,88,12,1,yes
1753228946689,1753228946,KXMLBGAME-25JUL22CWSTB-CWS,26,74,234,yes
1753228948572,1753228948,KXMLBGAME-25JUL22CWSTB-CWS,26,74,37,yes
1753228949808,1753228949,KXMLBGAME-25JUL22NYYTOR-TOR,34,66,9,no
1753228951609,1753228951,KXMLBGAME-25JUL22BALCLE-BAL,23,77,20,yes
1753228952486,1753228952,KXMLBGAME-25JUL22LAANYM-LAA,50,50,9,yes
1753228954527,1753228954,KXMLBGAME-25JUL22ATHTEX-TEX,67,33,46,yes
1753228955456,1753228955,KXMLBGAME-25JUL22HOUARI-HOU,53,47,182,yes
1753228956892,1753228956,KXMLBGAME-25JUL22CWSTB-CWS,35,65,70,yes
1753228956892,1753228956,KXMLBGAME-25JUL22CWSTB-CWS,39,61,99,yes
1753228956892,1753228956,KXMLBGAME-25JUL22CWSTB-CWS,40,60,2,yes
1753228956892,1753228956,KXMLBGAME-25JUL22CWSTB-CWS,48,52,34,yes
1753228958150,1753228958,KXMLBGAME-25JUL22LAANYM-LAA,48,52,61,no
1753228960989,1753228960,KXMLBGAME-25JUL22SFATL-SF,85,15,87,yes
1753228960989,1753228960,KXMLBGAME-25JUL22SFATL-SF,85,15,113,yes
1753228962051,1753228961,KXMLBGAME-25JUL22SDMIA-SD,36,64,29,yes
1753228963809,1753228963,KXMLBGAME-25JUL22MINLAD-LAD,66,34,4470,yes
1753228964131,1753228964,KXMLBGAME-25JUL22KCCHC-KC,31,69,15,yes
1753228966892,1753228966,KXMLBGAME-25JUL22BALCLE-BAL,22,78,5,yes
1753228967918,1753228967,KXMLBGAME-25JUL22LAANYM-NYM,52,48,5,yes
1753228968310,1753228968,KXMLBGAME-25JUL22DETPIT-DET,24,76,11,yes
1753228969189,1753228969,KXMLBGAME-25JUL22CWSTB-CWS,23,77,41,yes
1753228976689,1753228976,KXMLBGAME-25JUL22CWSTB-CWS,22,78,21,yes
1753228978171,1753228978,KXMLBGAME-25JUL22NYYTOR-NYY,66,34,50,yes
1753228982970,1753228982,KXMLBGAME-25JUL22DETPIT-DET,23,77,16,yes
1753228989211,1753228989,KXMLBGAME-25JUL22LAANYM-LAA,50,50,1,yes
1753228989371,1753228989,KXMLBGAME-25JUL22SDMIA-MIA,66,34,19,yes
1753228990749,1753228990,KXMLBGAME-25JUL22DETPIT-DET,23,77,4,yes
1753228990829,1753228990,KXMLBGAME-25JUL22DETPIT-DET,23,77,115,yes
1753228993591,1753228993,KXMLBGAME-25JUL22HOUARI-HOU,53,47,32,yes
1753228993730,1753228993,KXMLBGAME-25JUL22BALCLE-CLE,79,21,900,yes
1753228996133,1753228996,KXMLBGAME-25JUL22CINWSH-CIN,17,83,22,no
1753228997953,1753228997,KXMLBGAME-25JUL22LAANYM-LAA,50,50,20,yes
1753229001828,1753229001,KXMLBGAME-25JUL22MILSEA-MIL,46,54,4,yes
1753229001828,1753229001,KXMLBGAME-25JUL22MILSEA-MIL,46,54,98,yes
1753229006964,1753229006,KXMLBGAME-25JUL22CWSTB-CWS,21,79,20,yes
1753229006964,1753229006,KXMLBGAME-25JUL22DETPIT-DET,22,78,1,no
1753229007569,1753229007,KXMLBGAME-25JUL22BALCLE-CLE,77,23,20,no
1753229008512,1753229008,KXMLBGAME-25JUL22CWSTB-CWS,21,79,90,yes
1753229008789,1753229008,KXMLBGAME-25JUL22HOUARI-HOU,53,47,1,yes
1753229009211,1753229008,KXMLBGAME-25JUL22NYYTOR-TOR,33,67,55,no
1753229009211,1753229008,KXMLBGAME-25JUL22NYYTOR-TOR,33,67,300,no
1753229009211,1753229008,KXMLBGAME-25JUL22NYYTOR-TOR,33,67,6,no
1753229009568,1753229009,KXMLBGAME-25JUL22CWSTB-CWS,21,79,45,yes
1753229010470,1753229010,KXMLBGAME-25JUL22ATHTEX-TEX,67,33,978,yes
1753229010470,1753229010,KXMLBGAME-25JUL22ATHTEX-TEX,67,33,371,yes
1753229010570,1753229010,KXMLBGAME-25JUL22CWSTB-TB,80,20,50,yes
1753229018842,1753229018,KXMLBGAME-25JUL22BALCLE-BAL,23,77,20,yes
1753229018872,1753229018,KXMLBGAME-25JUL22SDMIA-SD,36,64,52,yes
1753229018872,1753229018,KXMLBGAME-25JUL22SDMIA-SD,36,64,21,yes
1753229018872,1753229018,KXMLBGAME-25JUL22SDMIA-SD,37,63,84,yes
1753229020017,1753229019,KXMLBGAME-25JUL22CINWSH-WSH,82,18,24,no
1753229020017,1753229019,KXMLBGAME-25JUL22CINWSH-WSH,82,18,38,no
1753229025528,1753229025,KXMLBGAME-25JUL22KCCHC-KC,31,69,27,yes
1753229027110,1753229027,KXMLBGAME-25JUL22DETPIT-DET,22,78,4,no
1753229027110,1753229027,KXMLBGAME-25JUL22DETPIT-DET,21,79,13,no
1753229029108,1753229028,KXMLBGAME-25JUL22CINWSH-CIN,17,83,5,yes
1753229029309,1753229029,KXMLBGAME-25JUL22BOSPHI-BOS,13,87,134,yes
1753229030830,1753229030,KXMLBGAME-25JUL22DETPIT-DET,23,77,20,yes
1753229034150,1753229034,KXMLBGAME-25JUL22CWSTB-TB,80,20,537,yes
1753229034150,1753229034,KXMLBGAME-25JUL22CWSTB-TB,80,20,21,yes
1753229036332,1753229036,KXMLBGAME-25JUL22KCCHC-CHC,70,30,251,yes
1753229038771,1753229038,KXMLBGAME-25JUL22NYYTOR-TOR,32,68,32,no
1753229039209,1753229039,KXMLBGAME-25JUL22BOSPHI-PHI,87,13,8,no
1753229044469,1753229044,KXMLBGAME-25JUL22MINLAD-MIN,33,67,100,yes
1753229044789,1753229044,KXMLBGAME-25JUL22LAANYM-LAA,50,50,5,yes
1753229045490,1753229045,KXMLBGAME-25JUL22STLCOL-STL,61,39,43,yes
1753229045890,1753229045,KXMLBGAME-25JUL22SFATL-SF,82,18,240,yes
1753229047530,1753229047,KXMLBGAME-25JUL22BALCLE-BAL,26,74,36,yes
1753229048928,1753229048,KXMLBGAME-25JUL22CWSTB-CWS,20,80,24,yes
1753229049407,1753229049,KXMLBGAME-25JUL22ATHTEX-TEX,67,33,20,yes
1753229055304,1753229055,KXMLBGAME-25JUL22SDMIA-SD,35,65,4,no
1753229055304,1753229055,KXMLBGAME-25JUL22SDMIA-SD,35,65,150,no
1753229055910,1753229055,KXMLBGAME-25JUL22SDMIA-MIA,66,34,200,yes
1753229056809,1753229056,KXMLBGAME-25JUL22BALCLE-BAL,26,74,25,yes
1753229058690,1753229058,KXMLBGAME-25JUL22DETPIT-DET,21,79,13,yes
1753229059169,1753229059,KXMLBGAME-25JUL22NYYTOR-TOR,32,68,200,no
1753229059430,1753229059,KXMLBGAME-25JUL22NYYTOR-NYY,68,32,250,yes
1753229067688,1753229067,KXMLBGAME-25JUL22SFATL-ATL,19,81,442,yes
1753229067688,1753229067,KXMLBGAME-25JUL22SFATL-ATL,20,80,5,yes
1753229071489,1753229071,KXMLBGAME-25JUL22DETPIT-PIT,80,20,16,yes
1753229073422,1753229073,KXMLBGAME-25JUL22DETPIT-PIT,80,20,1,yes
1753229075810,1753229075,KXMLBGAME-25JUL22KCCHC-KC,31,69,15,yes
1753229077170,1753229077,KXMLBGAME-25JUL22DETPIT-DET,20,80,158,yes
1753229077170,1753229077,KXMLBGAME-25JUL22DETPIT-DET,21,79,269,yes
1753229081772,1753229081,KXMLBGAME-25JUL22DETPIT-DET,21,79,4,yes
1753229088832,1753229088,KXMLBGAME-25JUL22BALCLE-BAL,27,73,35,yes
1753229089850,1753229089,KXMLBGAME-25JUL22SDMIA-MIA,68,32,250,yes
1753229089850,1753229089,KXMLBGAME-25JUL22SDMIA-SD,32,68,250,no
1753229090709,1753229090,KXMLBGAME-25JUL22BOSPHI-BOS,12,88,15,yes
1753229092981,1753229092,KXMLBGAME-25JUL22NYYTOR-NYY,70,30,15,yes
1753229094391,1753229094,KXMLBGAME-25JUL22KCCHC-CHC,70,30,1259,yes
1753229094509,1753229094,KXMLBGAME-25JUL22DETPIT-DET,21,79,9,yes
1753229095092,1753229095,KXMLBGAME-25JUL22BOSPHI-PHI,89,11,1,yes
1753229096548,1753229096,KXMLBGAME-25JUL22DETPIT-DET,21,79,45,yes
1753229097556,1753229097,KXMLBGAME-25JUL22DETPIT-DET,19,81,38,no
1753229100558,1753229100,KXMLBGAME-25JUL22CINWSH-WSH,83,17,374,no
1753229101009,1753229100,KXMLBGAME-25JUL22KCCHC-KC,31,69,307,yes
1753229103169,1753229103,KXMLBGAME-25JUL22DETPIT-DET,21,79,45,yes
1753229110872,1753229110,KXMLBGAME-25JUL22HOUARI-HOU,53,47,46,yes
1753229111811,1753229111,KXMLBGAME-25JUL22CWSTB-CWS,21,79,45,yes
1753229113008,1753229112,KXMLBGAME-25JUL22BALCLE-BAL,25,75,87,no
1753229113008,1753229112,KXMLBGAME-25JUL22BALCLE-BAL,24,76,300,no
1753229113008,1753229112,KXMLBGAME-25JUL22BALCLE-BAL,24,76,2613,no
1753229114232,1753229114,KXMLBGAME-25JUL22CWSTB-TB,81,19,1,yes
1753229120929,1753229120,KXMLBGAME-25JUL22NYYTOR-TOR,31,69,149,yes
1753229121809,1753229121,KXMLBGAME-25JUL22HOUARI-HOU,53,47,850,yes
1753229124510,1753229123,KXMLBGAME-25JUL22DETPIT-DET,21,79,115,yes
1753229124510,1753229123,KXMLBGAME-25JUL22DETPIT-DET,21,79,51,yes
1753229124536,1753229124,KXMLBGAME-25JUL22BOSPHI-PHI,89,11,71,yes
1753229126587,1753229126,KXMLBGAME-25JUL22SDMIA-MIA,74,26,54,yes
1753229127248,1753229127,KXMLBGAME-25JUL22DETPIT-DET,21,79,45,yes
1753229127328,1753229127,KXMLBGAME-25JUL22NYYTOR-NYY,70,30,250,no
1753229127572,1753229127,KXMLBGAME-25JUL22BALCLE-BAL,31,69,255,yes
1753229127590,1753229127,KXMLBGAME-25JUL22NYYTOR-TOR,30,70,87,yes
1753229130908,1753229130,KXMLBGAME-25JUL22CINWSH-CIN,14,86,100,no
1753229130908,1753229130,KXMLBGAME-25JUL22CINWSH-CIN,14,86,3900,no
1753229131649,1753229131,KXMLBGAME-25JUL22CINWSH-WSH,84,16,15,yes
1753229132429,1753229132,KXMLBGAME-25JUL22BALCLE-BAL,18,82,40,yes
1753229132970,1753229132,KXMLBGAME-25JUL22NYYTOR-TOR,31,69,61,yes
1753229132970,1753229132,KXMLBGAME-25JUL22BALCLE-CLE,82,18,30,no
1753229135170,1753229135,KXMLBGAME-25JUL22DETPIT-DET,21,79,22,yes
1753229135369,1753229135,KXMLBGAME-25JUL22SDMIA-SD,27,73,176,yes
1753229135589,1753229135,KXMLBGAME-25JUL22BALCLE-BAL,18,82,20,yes
1753229137932,1753229137,KXMLBGAME-25JUL22CINWSH-WSH,84,16,85,yes
1753229138552,1753229138,KXMLBGAME-25JUL22BALCLE-BAL,18,82,1000,yes
1753229139328,1753229139,KXMLBGAME-25JUL22BALCLE-CLE,82,18,162,no
1753229141188,1753229141,KXMLBGAME-25JUL22NYYTOR-NYY,70,30,250,yes
1753229141188,1753229141,KXMLBGAME-25JUL22NYYTOR-NYY,71,29,167,yes
1753229142368,1753229142,KXMLBGAME-25JUL22SFATL-ATL,20,80,8,yes
1753229142570,1753229142,KXMLBGAME-25JUL22SFATL-ATL,20,80,8,yes
1753229142948,1753229142,KXMLBGAME-25JUL22DETPIT-PIT,81,19,3,yes
1753229146749,1753229146,KXMLBGAME-25JUL22BALCLE-BAL,19,81,49,yes
1753229147168,1753229147,KXMLBGAME-25JUL22NYYTOR-NYY,70,30,250,no
1753229148512,1753229148,KXMLBGAME-25JUL22CINWSH-CIN,11,89,500,yes
1753229150030,1753229149,KXMLBGAME-25JUL22CINWSH-CIN,12,88,500,yes
1753229150031,1753229149,KXMLBGAME-25JUL22CINWSH-CIN,12,88,600,yes
1753229150031,1753229149,KXMLBGAME-25JUL22CINWSH-CIN,13,87,750,yes
1753229150031,1753229149,KXMLBGAME-25JUL22CINWSH-CIN,13,87,300,yes
1753229150031,1753229149,KXMLBGAME-25JUL22CINWSH-CIN,13,87,200,yes
1753229150031,1753229149,KXMLBGAME-25JUL22CINWSH-WSH,89,11,500,no
1753229150031,1753229149,KXMLBGAME-25JUL22CINWSH-WSH,87,13,8210,no
1753229150707,1753229150,KXMLBGAME-25JUL22LAANYM-NYM,52,48,1,yes
1753229152011,1753229151,KXMLBGAME-25JUL22CINWSH-CIN,12,88,498,no
1753229152987,1753229152,KXMLBGAME-25JUL22CINWSH-CIN,12,88,102,no
1753229152987,1753229152,KXMLBGAME-25JUL22CINWSH-CIN,12,88,364,no
1753229153948,1753229153,KXMLBGAME-25JUL22CINWSH-CIN,11,89,405,no
1753229154688,1753229154,KXMLBGAME-25JUL22CINWSH-CIN,11,89,490,no
1753229155549,1753229155,KXMLBGAME-25JUL22CINWSH-CIN,12,88,483,no
1753229156489,1753229156,KXMLBGAME-25JUL22CINWSH-CIN,11,89,432,no
1753229157108,1753229157,KXMLBGAME-25JUL22BOSPHI-PHI,90,10,225,no
1753229157349,1753229157,KXMLBGAME-25JUL22CINWSH-CIN,11,89,434,no
1753229158250,1753229158,KXMLBGAME-25JUL22CINWSH-CIN,11,89,418,no
1753229159109,1753229159,KXMLBGAME-25JUL22CINWSH-CIN,11,89,449,no
1753229159968,1753229159,KXMLBGAME-25JUL22CINWSH-CIN,11,89,404,no
1753229160869,1753229160,KXMLBGAME-25JUL22CINWSH-CIN,11,89,427,no
1753229161770,1753229161,KXMLBGAME-25JUL22CINWSH-CIN,11,89,41,no
1753229162090,1753229162,KXMLBGAME-25JUL22CINWSH-CIN,12,88,82,yes
1753229162090,1753229162,KXMLBGAME-25JUL22CINWSH-CIN,13,87,69,yes
1753229164608,1753229164,KXMLBGAME-25JUL22MILSEA-MIL,46,54,31,yes
1753229167246,1753229167,KXMLBGAME-25JUL22DETPIT-DET,21,79,225,yes
1753229168950,1753229168,KXMLBGAME-25JUL22KCCHC-CHC,69,31,3000,no
1753229170531,1753229170,KXMLBGAME-25JUL22CINWSH-CIN,13,87,61,yes
1753229171129,1753229171,KXMLBGAME-25JUL22MINLAD-MIN,33,67,14,yes
1753229171869,1753229171,KXMLBGAME-25JUL22CINWSH-CIN,13,87,46,yes
1753229172569,1753229172,KXMLBGAME-25JUL22CINWSH-WSH,89,11,400,yes
1753229172590,1753229172,KXMLBGAME-25JUL22LAANYM-LAA,50,50,300,yes
1753229173409,1753229173,KXMLBGAME-25JUL22CINWSH-WSH,89,11,424,yes
1753229173709,1753229173,KXMLBGAME-25JUL22CWSTB-TB,79,21,14,yes
1753229174351,1753229174,KXMLBGAME-25JUL22CINWSH-CIN,10,90,1,no
1753229174352,1753229174,KXMLBGAME-25JUL22CINWSH-WSH,89,11,176,yes
1753229174447,1753229174,KXMLBGAME-25JUL22CINWSH-WSH,90,10,285,yes
1753229174448,1753229174,KXMLBGAME-25JUL22CINWSH-WSH,90,10,300,yes
1753229178430,1753229178,KXMLBGAME-25JUL22BALCLE-CLE,81,19,15,no
1753229179628,1753229179,KXMLBGAME-25JUL22SFATL-ATL,21,79,90,yes
1753229180169,1753229180,KXMLBGAME-25JUL22BALCLE-BAL,19,81,149,yes
1753229182068,1753229181,KXMLBGAME-25JUL22DETPIT-DET,21,79,15,yes
1753229184490,1753229184,KXMLBGAME-25JUL22CINWSH-CIN,10,90,47,yes
1753229187872,1753229187,KXMLBGAME-25JUL22SDMIA-MIA,73,27,1,no
1753229189469,1753229189,KXMLBGAME-25JUL22KCCHC-KC,31,69,87,no
1753229189469,1753229189,KXMLBGAME-25JUL22KCCHC-KC,30,70,125,no
1753229189469,1753229189,KXMLBGAME-25JUL22KCCHC-KC,30,70,300,no
1753229191902,1753229191,KXMLBGAME-25JUL22SDMIA-SD,27,73,52,yes
1753229195276,1753229195,KXMLBGAME-25JUL22HOUARI-HOU,53,47,9,yes
1753229200271,1753229200,KXMLBGAME-25JUL22LAANYM-LAA,53,47,21,yes
1753229200271,1753229200,KXMLBGAME-25JUL22LAANYM-LAA,53,47,87,yes
1753229200271,1753229200,KXMLBGAME-25JUL22LAANYM-LAA,54,46,71,yes
1753229201410,1753229201,KXMLBGAME-25JUL22DETPIT-DET,19,81,124,yes
1753229203629,1753229203,KXMLBGAME-25JUL22DETPIT-PIT,81,19,26,no
1753229203688,1753229203,KXMLBGAME-25JUL22DETPIT-DET,19,81,14,yes
1753229204870,1753229204,KXMLBGAME-25JUL22BALCLE-BAL,19,81,249,yes
1753229209875,1753229209,KXMLBGAME-25JUL22SFATL-SF,80,20,14,yes
1753229211010,1753229210,KXMLBGAME-25JUL22BALCLE-BAL,19,81,24,yes
1753229213192,1753229213,KXMLBGAME-25JUL22BALCLE-BAL,19,81,24,yes
1753229215031,1753229214,KXMLBGAME-25JUL22SDMIA-SD,27,73,88,yes
1753229219610,1753229219,KXMLBGAME-25JUL22DETPIT-DET,16,84,45,no
1753229219791,1753229219,KXMLBGAME-25JUL22NYYTOR-TOR,29,71,5,yes
1753229220988,1753229220,KXMLBGAME-25JUL22LAANYM-LAA,53,47,63,yes
1753229222531,1753229222,KXMLBGAME-25JUL22DETPIT-PIT,84,16,49,yes
1753229222531,1753229222,KXMLBGAME-25JUL22DETPIT-PIT,84,16,9,yes
1753229227709,1753229227,KXMLBGAME-25JUL22SDMIA-MIA,73,27,196,no
1753229227930,1753229227,KXMLBGAME-25JUL22SDMIA-MIA,73,27,104,no
1753229230314,1753229230,KXMLBGAME-25JUL22BALCLE-BAL,19,81,14,yes
1753229231917,1753229231,KXMLBGAME-25JUL22HOUARI-HOU,53,47,5,yes
1753229235420,1753229234,KXMLBGAME-25JUL22DETPIT-PIT,84,16,4,yes
1753229241349,1753229241,KXMLBGAME-25JUL22SDMIA-MIA,72,28,27,yes
1753229247108,1753229246,KXMLBGAME-25JUL22BALCLE-BAL,19,81,73,yes
1753229247109,1753229246,KXMLBGAME-25JUL22BALCLE-BAL,19,81,26,yes
1753229253709,1753229253,KXMLBGAME-25JUL22NYYTOR-NYY,73,27,33,yes
1753229254511,1753229254,KXMLBGAME-25JUL22NYYTOR-TOR,29,71,6,yes
1753229255429,1753229255,KXMLBGAME-25JUL22SFATL-SF,80,20,11,yes
1753229255429,1753229255,KXMLBGAME-25JUL22SFATL-SF,82,18,19,yes
1753229256711,1753229256,KXMLBGAME-25JUL22LAANYM-LAA,53,47,5,yes
1753229257649,1753229257,KXMLBGAME-25JUL22LAANYM-NYM,50,50,1,yes
1753229258129,1753229258,KXMLBGAME-25JUL22DETPIT-DET,17,83,33,yes
1753229258129,1753229258,KXMLBGAME-25JUL22DETPIT-DET,18,82,100,yes
1753229260972,1753229260,KXMLBGAME-25JUL22CWSTB-CWS,18,82,26,yes
1753229266137,1753229266,KXMLBGAME-25JUL22DETPIT-DET,19,81,40,yes
1753229267350,1753229267,KXMLBGAME-25JUL22ATHTEX-TEX,68,32,17,yes
1753229270070,1753229269,KXMLBGAME-25JUL22DETPIT-DET,19,81,160,yes
1753229270070,1753229269,KXMLBGAME-25JUL22DETPIT-DET,19,81,87,yes
1753229270070,1753229269,KXMLBGAME-25JUL22DETPIT-DET,19,81,10,yes
1753229271909,1753229271,KXMLBGAME-25JUL22CINWSH-WSH,93,7,87,yes
1753229271949,1753229271,KXMLBGAME-25JUL22DETPIT-DET,16,84,25,no
1753229274592,1753229274,KXMLBGAME-25JUL22CINWSH-CIN,9,91,20,yes
1753229276995,1753229276,KXMLBGAME-25JUL22LAANYM-LAA,53,47,14,yes
1753229277910,1753229277,KXMLBGAME-25JUL22DETPIT-PIT,83,17,100,no
1753229277949,1753229277,KXMLBGAME-25JUL22CINWSH-WSH,92,8,87,yes
1753229278729,1753229278,KXMLBGAME-25JUL22SFATL-SF,76,24,38,yes
1753229280230,1753229280,KXMLBGAME-25JUL22LAANYM-LAA,53,47,19,yes
1753229281507,1753229281,KXMLBGAME-25JUL22SDMIA-MIA,72,28,60,yes
1753229281507,1753229281,KXMLBGAME-25JUL22SDMIA-MIA,72,28,72,yes
1753229285209,1753229285,KXMLBGAME-25JUL22NYYTOR-TOR,29,71,20,yes
1753229288652,1753229288,KXMLBGAME-25JUL22DETPIT-DET,20,80,118,yes
1753229289031,1753229288,KXMLBGAME-25JUL22CWSTB-CWS,17,83,300,no
1753229289127,1753229289,KXMLBGAME-25JUL22CWSTB-TB,83,17,300,yes
1753229290188,1753229290,KXMLBGAME-25JUL22CWSTB-CWS,18,82,100,yes
1753229294871,1753229294,KXMLBGAME-25JUL22BALCLE-BAL,19,81,3000,yes
1753229298590,1753229298,KXMLBGAME-25JUL22BALCLE-CLE,82,18,52,yes
1753229299047,1753229299,KXMLBGAME-25JUL22NYYTOR-NYY,73,27,467,yes
1753229299047,1753229299,KXMLBGAME-25JUL22NYYTOR-NYY,73,27,912,yes
1753229299729,1753229299,KXMLBGAME-25JUL22KCCHC-KC,28,72,3,yes
1753229301751,1753229301,KXMLBGAME-25JUL22SDMIA-MIA,73,27,13,yes
1753229302169,1753229302,KXMLBGAME-25JUL22SFATL-ATL,24,76,440,no
1753229303188,1753229303,KXMLBGAME-25JUL22KCCHC-KC,27,73,34,yes
1753229306291,1753229306,KXMLBGAME-25JUL22SFATL-SF,76,24,5,yes
1753229307509,1753229307,KXMLBGAME-25JUL22STLCOL-STL,61,39,31,yes
1753229308010,1753229307,KXMLBGAME-25JUL22BALCLE-CLE,82,18,6,yes
1753229312016,1753229311,KXMLBGAME-25JUL22BALCLE-BAL,19,81,380,yes
1753229312231,1753229312,KXMLBGAME-25JUL22SFATL-ATL,24,76,60,no
1753229312231,1753229312,KXMLBGAME-25JUL22SFATL-ATL,23,77,65,no
1753229312488,1753229312,KXMLBGAME-25JUL22MILSEA-SEA,55,45,87,yes
1753229314052,1753229314,KXMLBGAME-25JUL22CINWSH-WSH,90,10,74,no
1753229316331,1753229316,KXMLBGAME-25JUL22SDMIA-SD,27,73,31,no
1753229318271,1753229318,KXMLBGAME-25JUL22KCCHC-CHC,73,27,2,yes
1753229319091,1753229319,KXMLBGAME-25JUL22DETPIT-PIT,81,19,6,yes
1753229320953,1753229320,KXMLBGAME-25JUL22BALCLE-BAL,17,83,234,no
1753229323075,1753229322,KXMLBGAME-25JUL22DETPIT-DET,21,79,45,yes
1753229327190,1753229327,KXMLBGAME-25JUL22BALCLE-BAL,18,82,78,yes
1753229327508,1753229327,KXMLBGAME-25JUL22SDMIA-SD,29,71,164,yes
1753229328012,1753229327,KXMLBGAME-25JUL22KCCHC-CHC,73,27,98,yes
1753229328012,1753229327,KXMLBGAME-25JUL22KCCHC-CHC,74,26,82,yes
1753229328012,1753229327,KXMLBGAME-25JUL22KCCHC-CHC,75,25,100,yes
1753229328012,1753229327,KXMLBGAME-25JUL22KCCHC-CHC,75,25,300,yes
1753229328012,1753229327,KXMLBGAME-25JUL22KCCHC-CHC,75,25,733,yes
1753229330631,1753229330,KXMLBGAME-25JUL22SDMIA-SD,29,71,56,yes
1753229335952,1753229335,KXMLBGAME-25JUL22NYYTOR-NYY,73,27,10,yes
1753229336209,1753229336,KXMLBGAME-25JUL22DETPIT-PIT,81,19,60,yes
1753229336731,1753229336,KXMLBGAME-25JUL22KCCHC-KC,28,72,17,yes
1753229336751,1753229336,KXMLBGAME-25JUL22DETPIT-DET,22,78,2,yes
1753229342197,1753229342,KXMLBGAME-25JUL22SFATL-SF,76,24,15,yes
1753229343469,1753229343,KXMLBGAME-25JUL22DETPIT-DET,22,78,86,yes
1753229343690,1753229343,KXMLBGAME-25JUL22MILSEA-MIL,46,54,41,yes
1753229345017,1753229344,KXMLBGAME-25JUL22NYYTOR-NYY,73,27,201,yes
1753229348390,1753229348,KXMLBGAME-25JUL22BALCLE-BAL,18,82,105,yes
1753229353687,1753229352,KXMLBGAME-25JUL22DETPIT-DET,21,79,451,yes
1753229358310,1753229357,KXMLBGAME-25JUL22DETPIT-DET,21,79,90,yes
1753229361577,1753229360,KXMLBGAME-25JUL22DETPIT-DET,21,79,4,yes
1753229361577,1753229361,KXMLBGAME-25JUL22LAANYM-NYM,52,48,37,yes
1753229364211,1753229363,KXMLBGAME-25JUL22ATHTEX-ATH,34,66,29,yes
1753229364572,1753229364,KXMLBGAME-25JUL22BALCLE-CLE,82,18,87,yes
1753229366069,1753229366,KXMLBGAME-25JUL22CINWSH-CIN,8,92,87,no
1753229369891,1753229369,KXMLBGAME-25JUL22LAANYM-NYM,51,49,5,yes
1753229369908,1753229369,KXMLBGAME-25JUL22NYYTOR-NYY,72,28,500,yes
1753229369909,1753229369,KXMLBGAME-25JUL22NYYTOR-NYY,72,28,64,yes
1753229369909,1753229369,KXMLBGAME-25JUL22NYYTOR-NYY,73,27,500,yes
1753229369909,1753229369,KXMLBGAME-25JUL22NYYTOR-NYY,73,27,300,yes
1753229372230,1753229372,KXMLBGAME-25JUL22STLCOL-STL,61,39,31,yes
1753229377270,1753229377,KXMLBGAME-25JUL22NYYTOR-NYY,74,26,66,yes
1753229377307,1753229377,KXMLBGAME-25JUL22SDMIA-SD,31,69,3,yes
1753229377329,1753229377,KXMLBGAME-25JUL22NYYTOR-NYY,73,27,1544,no
1753229377629,1753229377,KXMLBGAME-25JUL22MINLAD-MIN,33,67,11,yes
1753229378409,1753229378,KXMLBGAME-25JUL22CINWSH-WSH,90,10,1309,no
1753229378409,1753229378,KXMLBGAME-25JUL22CINWSH-CIN,8,92,913,yes
1753229378409,1753229378,KXMLBGAME-25JUL22CINWSH-CIN,9,91,20,yes
1753229378518,1753229378,KXMLBGAME-25JUL22CINWSH-CIN,10,90,3169,yes
1753229379248,1753229379,KXMLBGAME-25JUL22NYYTOR-NYY,73,27,382,no
1753229384108,1753229384,KXMLBGAME-25JUL22BALCLE-CLE,87,13,1,yes
1753229384108,1753229384,KXMLBGAME-25JUL22BALCLE-CLE,89,11,1,yes
1753229384108,1753229384,KXMLBGAME-25JUL22BALCLE-CLE,91,9,8,yes
1753229384150,1753229384,KXMLBGAME-25JUL22BALCLE-CLE,82,18,13,no
1753229384229,1753229384,KXMLBGAME-25JUL22CWSTB-CWS,14,86,68,yes
1753229384229,1753229384,KXMLBGAME-25JUL22CWSTB-CWS,14,86,67,yes
1753229384711,1753229384,KXMLBGAME-25JUL22ATHTEX-ATH,42,58,10,no
1753229384711,1753229384,KXMLBGAME-25JUL22ATHTEX-TEX,62,38,10,no
1753229389488,1753229389,KXMLBGAME-25JUL22NYYTOR-TOR,29,71,3,yes
1753229392410,1753229392,KXMLBGAME-25JUL22MILSEA-MIL,46,54,523,yes
1753229394044,1753229393,KXMLBGAME-25JUL22SDMIA-SD,32,68,200,yes
1753229394044,1753229393,KXMLBGAME-25JUL22SDMIA-SD,32,68,98,yes
1753229400290,1753229400,KXMLBGAME-25JUL22CINWSH-CIN,12,88,7,yes
1753229402091,1753229402,KXMLBGAME-25JUL22SDMIA-SD,32,68,202,yes
1753229402091,1753229402,KXMLBGAME-25JUL22SDMIA-SD,32,68,96,yes
1753229404390,1753229404,KXMLBGAME-25JUL22ATHTEX-ATH,45,55,53,yes
1753229406109,1753229405,KXMLBGAME-25JUL22ATHTEX-ATH,45,55,247,yes
1753229406109,1753229405,KXMLBGAME-25JUL22ATHTEX-ATH,46,54,29,yes
1753229406109,1753229405,KXMLBGAME-25JUL22ATHTEX-ATH,47,53,87,yes
1753229406109,1753229405,KXMLBGAME-25JUL22ATHTEX-ATH,47,53,1660,yes
1753229406768,1753229406,KXMLBGAME-25JUL22ATHTEX-TEX,56,44,1,yes
1753229410247,1753229410,KXMLBGAME-25JUL22NYYTOR-TOR,29,71,16,yes
1753229411511,1753229411,KXMLBGAME-25JUL22BOSPHI-BOS,9,91,10,yes
1753229411689,1753229411,KXMLBGAME-25JUL22BALCLE-BAL,16,84,1,yes
1753229413349,1753229413,KXMLBGAME-25JUL22MINLAD-MIN,33,67,28,yes
1753229415651,1753229415,KXMLBGAME-25JUL22SDMIA-MIA,70,30,11,yes
1753229416650,1753229416,KXMLBGAME-25JUL22CINWSH-CIN,12,88,10,yes
1753229417428,1753229417,KXMLBGAME-25JUL22SDMIA-SD,32,68,25,yes
1753229418789,1753229418,KXMLBGAME-25JUL22NYYTOR-TOR,30,70,63,yes
1753229422209,1753229422,KXMLBGAME-25JUL22BALCLE-BAL,17,83,5,yes
1753229422749,1753229422,KXMLBGAME-25JUL22ATHTEX-ATH,46,54,10,yes
1753229423463,1753229423,KXMLBGAME-25JUL22MINLAD-LAD,66,34,147,yes
1753229426150,1753229426,KXMLBGAME-25JUL22ATHTEX-ATH,46,54,31,yes
1753229426509,1753229426,KXMLBGAME-25JUL22LAANYM-NYM,48,52,19,no
1753229427110,1753229427,KXMLBGAME-25JUL22LAANYM-LAA,52,48,79,yes
1753229427129,1753229427,KXMLBGAME-25JUL22LAANYM-NYM,48,52,79,no
1753229430630,1753229430,KXMLBGAME-25JUL22SFATL-ATL,23,77,30,no
1753229432728,1753229432,KXMLBGAME-25JUL22SDMIA-SD,32,68,14,yes
1753229434199,1753229434,KXMLBGAME-25JUL22LAANYM-NYM,45,55,90,no
1753229434750,1753229434,KXMLBGAME-25JUL22BALCLE-BAL,14,86,5,no
1753229434750,1753229434,KXMLBGAME-25JUL22BALCLE-BAL,13,87,1,no
1753229434750,1753229434,KXMLBGAME-25JUL22BALCLE-BAL,13,87,8,no
1753229435251,1753229435,KXMLBGAME-25JUL22SFATL-SF,78,22,12,yes
1753229435428,1753229435,KXMLBGAME-25JUL22SDMIA-MIA,70,30,300,yes
1753229435428,1753229435,KXMLBGAME-25JUL22SDMIA-MIA,70,30,274,yes
1753229435429,1753229435,KXMLBGAME-25JUL22SDMIA-MIA,70,30,87,yes
1753229435469,1753229435,KXMLBGAME-25JUL22BALCLE-BAL,13,87,46,no
1753229435809,1753229435,KXMLBGAME-25JUL22DETPIT-PIT,79,21,1,yes
1753229444868,1753229444,KXMLBGAME-25JUL22BOSPHI-PHI,92,8,54,yes
1753229445731,1753229445,KXMLBGAME-25JUL22NYYTOR-NYY,70,30,5,yes
1753229445936,1753229445,KXMLBGAME-25JUL22MINLAD-LAD,66,34,44,yes
1753229446508,1753229446,KXMLBGAME-25JUL22BOSPHI-BOS,10,90,348,yes
1753229450489,1753229450,KXMLBGAME-25JUL22CWSTB-CWS,14,86,6,yes
1753229452150,1753229452,KXMLBGAME-25JUL22DETPIT-DET,22,78,4,yes
1753229452669,1753229452,KXMLBGAME-25JUL22CINWSH-CIN,12,88,3,yes
1753229453310,1753229453,KXMLBGAME-25JUL22SFATL-ATL,22,78,15,no
1753229453912,1753229453,KXMLBGAME-25JUL22CWSTB-CWS,14,86,45,yes
1753229453912,1753229453,KXMLBGAME-25JUL22CWSTB-CWS,14,86,2,yes
1753229454431,1753229454,KXMLBGAME-25JUL22KCCHC-KC,25,75,38,yes
1753229454564,1753229454,KXMLBGAME-25JUL22CINWSH-CIN,12,88,4000,yes
1753229454649,1753229454,KXMLBGAME-25JUL22CINWSH-CIN,12,88,475,yes
1753229454649,1753229454,KXMLBGAME-25JUL22CINWSH-CIN,12,88,933,yes
1753229456175,1753229456,KXMLBGAME-25JUL22NYYTOR-NYY,70,30,7,yes
1753229457993,1753229457,KXMLBGAME-25JUL22MINLAD-LAD,66,34,23,yes
1753229458010,1753229457,KXMLBGAME-25JUL22LAANYM-LAA,58,42,79,yes
1753229458010,1753229457,KXMLBGAME-25JUL22LAANYM-LAA,58,42,21,yes
1753229458756,1753229458,KXMLBGAME-25JUL22ATHTEX-TEX,56,44,25,yes
1753229463590,1753229463,KXMLBGAME-25JUL22LAANYM-LAA,58,42,3,yes
1753229463869,1753229463,KXMLBGAME-25JUL22DETPIT-DET,23,77,20,yes
1753229466171,1753229466,KXMLBGAME-25JUL22DETPIT-DET,23,77,20,yes
1753229469513,1753229469,KXMLBGAME-25JUL22DETPIT-DET,23,77,231,yes
1753229483537,1753229483,KXMLBGAME-25JUL22NYYTOR-NYY,70,30,6,yes
1753229485828,1753229485,KXMLBGAME-25JUL22BOSPHI-PHI,93,7,87,yes
1753229485874,1753229485,KXMLBGAME-25JUL22BOSPHI-PHI,94,6,18,yes
1753229485933,1753229485,KXMLBGAME-25JUL22DETPIT-PIT,80,20,79,yes
1753229485933,1753229485,KXMLBGAME-25JUL22DETPIT-PIT,81,19,165,yes
1753229489349,1753229489,KXMLBGAME-25JUL22CWSTB-TB,87,13,56,yes
1753229490189,1753229490,KXMLBGAME-25JUL22DETPIT-DET,25,75,3,yes
1753229491131,1753229491,KXMLBGAME-25JUL22DETPIT-DET,25,75,19,yes
1753229492169,1753229492,KXMLBGAME-25JUL22BALCLE-CLE,95,5,5,yes
1753229495270,1753229495,KXMLBGAME-25JUL22NYYTOR-NYY,70,30,242,yes
1753229498989,1753229498,KXMLBGAME-25JUL22CINWSH-WSH,89,11,5,yes
1753229499029,1753229498,KXMLBGAME-25JUL22SDMIA-MIA,74,26,66,yes
1753229501990,1753229501,KXMLBGAME-25JUL22DETPIT-DET,22,78,25,no
1753229504325,1753229504,KXMLBGAME-25JUL22SFATL-ATL,20,80,31,yes
1753229504325,1753229504,KXMLBGAME-25JUL22SFATL-ATL,21,79,4,yes
1753229509250,1753229509,KXMLBGAME-25JUL22SDMIA-SD,29,71,5,yes
1753229512871,1753229512,KXMLBGAME-25JUL22ATHTEX-ATH,42,58,10,no
1753229513089,1753229513,KXMLBGAME-25JUL22NYYTOR-NYY,70,30,279,yes
1753229513393,1753229513,KXMLBGAME-25JUL22NYYTOR-TOR,31,69,5,yes
1753229515508,1753229515,KXMLBGAME-25JUL22NYYTOR-NYY,68,32,300,no
1753229515508,1753229515,KXMLBGAME-25JUL22NYYTOR-NYY,68,32,87,no
1753229518229,1753229518,KXMLBGAME-25JUL22NYYTOR-TOR,31,69,4,yes
1753229518328,1753229518,KXMLBGAME-25JUL22SDMIA-SD,29,71,9,yes
1753229518948,1753229518,KXMLBGAME-25JUL22BOSPHI-PHI,94,6,10,yes
1753229519628,1753229519,KXMLBGAME-25JUL22SDMIA-SD,26,74,307,no
1753229525112,1753229525,KXMLBGAME-25JUL22LAANYM-LAA,58,42,16,yes
1753229526250,1753229526,KXMLBGAME-25JUL22NYYTOR-TOR,32,68,1,yes
1753229530330,1753229530,KXMLBGAME-25JUL22CINWSH-WSH,89,11,1,yes
1753229535868,1753229535,KXMLBGAME-25JUL22CINWSH-WSH,87,13,87,no
1753229535868,1753229535,KXMLBGAME-25JUL22CINWSH-WSH,86,14,3301,no
1753229535949,1753229535,KXMLBGAME-25JUL22CINWSH-WSH,86,14,699,no
1753229535949,1753229535,KXMLBGAME-25JUL22CINWSH-WSH,86,14,2950,no
1753229536007,1753229535,KXMLBGAME-25JUL22CINWSH-CIN,13,87,87,yes
1753229536007,1753229535,KXMLBGAME-25JUL22CINWSH-CIN,14,86,3301,yes
1753229536430,1753229536,KXMLBGAME-25JUL22SDMIA-MIA,74,26,6,yes
1753229539129,1753229539,KXMLBGAME-25JUL22CINWSH-CIN,17,83,55,yes
1753229539709,1753229539,KXMLBGAME-25JUL22CINWSH-CIN,18,82,5,yes
1753229540391,1753229540,KXMLBGAME-25JUL22CINWSH-CIN,18,82,60,yes
1753229541591,1753229541,KXMLBGAME-25JUL22LAANYM-NYM,43,57,2,yes
1753229542574,1753229542,KXMLBGAME-25JUL22SFATL-SF,82,18,240,yes
1753229542870,1753229542,KXMLBGAME-25JUL22SDMIA-SD,26,74,12,no
1753229549995,1753229549,KXMLBGAME-25JUL22CWSTB-CWS,16,84,200,yes
1753229549995,1753229549,KXMLBGAME-25JUL22CWSTB-CWS,16,84,300,yes
1753229549995,1753229549,KXMLBGAME-25JUL22CWSTB-CWS,16,84,500,yes
1753229549995,1753229549,KXMLBGAME-25JUL22CWSTB-CWS,16,84,1892,yes
1753229550270,1753229550,KXMLBGAME-25JUL22CINWSH-WSH,85,15,100,yes
1753229561109,1753229561,KXMLBGAME-25JUL22LAANYM-NYM,43,57,46,yes
1753229563850,1753229563,KXMLBGAME-25JUL22CINWSH-WSH,84,16,600,no
1753229563850,1753229563,KXMLBGAME-25JUL22CINWSH-WSH,84,16,41,no
1753229563948,1753229563,KXMLBGAME-25JUL22CINWSH-CIN,16,84,41,yes
1753229563949,1753229563,KXMLBGAME-25JUL22DETPIT-PIT,77,23,153,yes
1753229563949,1753229563,KXMLBGAME-25JUL22DETPIT-PIT,78,22,53,yes
1753229563949,1753229563,KXMLBGAME-25JUL22DETPIT-PIT,78,22,300,yes
1753229564591,1753229564,KXMLBGAME-25JUL22BALCLE-BAL,17,83,5,yes
1753229567730,1753229567,KXMLBGAME-25JUL22LAANYM-LAA,57,43,39,no
1753229568949,1753229568,KXMLBGAME-25JUL22KCCHC-CHC,76,24,61,yes
1753229568949,1753229568,KXMLBGAME-25JUL22KCCHC-CHC,77,23,259,yes
1753229571701,1753229571,KXMLBGAME-25JUL22CWSTB-CWS,15,85,10,no
1753229573988,1753229573,KXMLBGAME-25JUL22KCCHC-CHC,76,24,25,yes
1753229575470,1753229575,KXMLBGAME-25JUL22LAANYM-LAA,57,43,170,yes
1753229577791,1753229577,KXMLBGAME-25JUL22DETPIT-DET,24,76,32,yes
1753229578569,1753229578,KXMLBGAME-25JUL22LAANYM-LAA,57,43,91,yes
1753229579350,1753229579,KXMLBGAME-25JUL22DETPIT-DET,22,78,25,no
1753229588601,1753229588,KXMLBGAME-25JUL22SDMIA-SD,26,74,10,no
1753229594469,1753229594,KXMLBGAME-25JUL22SDMIA-SD,26,74,41,no
1753229595233,1753229595,KXMLBGAME-25JUL22BOSPHI-PHI,91,9,73,no
1753229596474,1753229596,KXMLBGAME-25JUL22BALCLE-CLE,83,17,5,yes
1753229596800,1753229596,KXMLBGAME-25JUL22DETPIT-DET,22,78,50,no
1753229599050,1753229598,KXMLBGAME-25JUL22SFATL-ATL,19,81,500,no
1753229599050,1753229598,KXMLBGAME-25JUL22SFATL-ATL,19,81,300,no
1753229599128,1753229599,KXMLBGAME-25JUL22SFATL-SF,81,19,500,yes
1753229599128,1753229599,KXMLBGAME-25JUL22SFATL-SF,82,18,500,yes
1753229599128,1753229599,KXMLBGAME-25JUL22SFATL-SF,82,18,2000,yes
1753229599128,1753229599,KXMLBGAME-25JUL22SFATL-SF,82,18,600,yes
1753229599128,1753229599,KXMLBGAME-25JUL22SFATL-SF,82,18,600,yes
1753229603070,1753229603,KXMLBGAME-25JUL22LAANYM-NYM,46,54,500,yes
1753229603070,1753229603,KXMLBGAME-25JUL22LAANYM-NYM,46,54,547,yes
1753229603769,1753229603,KXMLBGAME-25JUL22NYYTOR-TOR,32,68,300,yes
1753229604538,1753229604,KXMLBGAME-25JUL22BALCLE-BAL,17,83,6,no
1753229606071,1753229606,KXMLBGAME-25JUL22MILSEA-MIL,46,54,6,yes
1753229606589,1753229606,KXMLBGAME-25JUL22HOUARI-HOU,53,47,27,yes
1753229610389,1753229610,KXMLBGAME-25JUL22SDMIA-SD,25,75,20,no
1753229612230,1753229612,KXMLBGAME-25JUL22SFATL-SF,84,16,5,yes
1753229613029,1753229612,KXMLBGAME-25JUL22SDMIA-SD,24,76,39,yes
1753229613430,1753229613,KXMLBGAME-25JUL22CINWSH-CIN,14,86,500,no
1753229613430,1753229613,KXMLBGAME-25JUL22CINWSH-CIN,14,86,1179,no
1753229613430,1753229613,KXMLBGAME-25JUL22CINWSH-CIN,14,86,87,no
1753229613430,1753229613,KXMLBGAME-25JUL22CINWSH-CIN,13,87,600,no
1753229613430,1753229613,KXMLBGAME-25JUL22CINWSH-CIN,13,87,500,no
1753229613470,1753229613,KXMLBGAME-25JUL22CINWSH-WSH,86,14,5,yes
1753229613470,1753229613,KXMLBGAME-25JUL22CINWSH-CIN,11,89,5,yes
1753229613470,1753229613,KXMLBGAME-25JUL22CINWSH-CIN,11,89,5,yes
1753229613470,1753229613,KXMLBGAME-25JUL22CINWSH-WSH,86,14,5,yes
1753229613609,1753229613,KXMLBGAME-25JUL22CINWSH-CIN,11,89,121,yes
1753229618448,1753229618,KXMLBGAME-25JUL22KCCHC-KC,24,76,10,no
1753229619392,1753229619,KXMLBGAME-25JUL22SDMIA-SD,17,83,100,no
1753229619510,1753229619,KXMLBGAME-25JUL22STLCOL-STL,61,39,17,yes
1753229619789,1753229619,KXMLBGAME-25JUL22CWSTB-CWS,17,83,10,yes
1753229621789,1753229621,KXMLBGAME-25JUL22KCCHC-CHC,76,24,21,yes
1753229621789,1753229621,KXMLBGAME-25JUL22KCCHC-CHC,76,24,16,yes
1753229621789,1753229621,KXMLBGAME-25JUL22KCCHC-CHC,77,23,221,yes
1753229623329,1753229623,KXMLBGAME-25JUL22CWSTB-CWS,17,83,10,yes
1753229623733,1753229623,KXMLBGAME-25JUL22BOSPHI-BOS,9,91,10,yes
1753229625670,1753229625,KXMLBGAME-25JUL22CINWSH-CIN,7,93,100,no
1753229626509,1753229626,KXMLBGAME-25JUL22NYYTOR-TOR,31,69,10,no
1753229626509,1753229626,KXMLBGAME-25JUL22NYYTOR-TOR,31,69,8,no
1753229626730,1753229626,KXMLBGAME-25JUL22SDMIA-SD,17,83,1,yes
1753229628008,1753229627,KXMLBGAME-25JUL22ATHTEX-ATH,42,58,228,yes
1753229629867,1753229629,KXMLBGAME-25JUL22DETPIT-PIT,78,22,47,yes
1753229631293,1753229631,KXMLBGAME-25JUL22SDMIA-SD,14,86,20,no
1753229635729,1753229635,KXMLBGAME-25JUL22BALCLE-CLE,82,18,54,no
1753229636671,1753229636,KXMLBGAME-25JUL22CINWSH-WSH,96,4,200,yes
1753229638870,1753229638,KXMLBGAME-25JUL22SDMIA-MIA,84,16,8,yes
1753229639486,1753229639,KXMLBGAME-25JUL22CINWSH-CIN,5,95,100,no
1753229639486,1753229639,KXMLBGAME-25JUL22CINWSH-CIN,5,95,10,no
1753229640370,1753229640,KXMLBGAME-25JUL22CWSTB-TB,85,15,5,yes
1753229640670,1753229640,KXMLBGAME-25JUL22SDMIA-MIA,84,16,92,yes
1753229640670,1753229640,KXMLBGAME-25JUL22SDMIA-MIA,84,16,50,yes
1753229642149,1753229642,KXMLBGAME-25JUL22NYYTOR-NYY,69,31,108,yes
1753229644490,1753229644,KXMLBGAME-25JUL22MINLAD-LAD,66,34,32,yes
1753229645590,1753229645,KXMLBGAME-25JUL22SDMIA-MIA,86,14,1005,yes
1753229645868,1753229645,KXMLBGAME-25JUL22SDMIA-MIA,86,14,230,yes
1753229646489,1753229646,KXMLBGAME-25JUL22SDMIA-SD,17,83,10,yes
1753229646810,1753229646,KXMLBGAME-25JUL22BALCLE-BAL,18,82,17,yes
1753229646889,1753229646,KXMLBGAME-25JUL22DETPIT-DET,24,76,79,yes
1753229653488,1753229653,KXMLBGAME-25JUL22DETPIT-DET,24,76,10,yes
1753229654190,1753229654,KXMLBGAME-25JUL22SDMIA-SD,14,86,80,no
1753229654190,1753229654,KXMLBGAME-25JUL22SDMIA-SD,14,86,27,no
1753229654190,1753229654,KXMLBGAME-25JUL22CINWSH-WSH,96,4,43,no
1753229654648,1753229654,KXMLBGAME-25JUL22DETPIT-PIT,78,22,6,yes
1753229655009,1753229654,KXMLBGAME-25JUL22DETPIT-DET,24,76,11,yes
1753229656468,1753229656,KXMLBGAME-25JUL22SDMIA-SD,14,86,4,no
1753229656549,1753229656,KXMLBGAME-25JUL22BALCLE-BAL,18,82,10,yes
1753229657552,1753229657,KXMLBGAME-25JUL22KCCHC-KC,25,75,1,yes
1753229660469,1753229660,KXMLBGAME-25JUL22ATHTEX-ATH,43,57,44,yes
1753229663470,1753229663,KXMLBGAME-25JUL22SDMIA-SD,17,83,55,yes
1753229665489,1753229665,KXMLBGAME-25JUL22NYYTOR-TOR,31,69,144,no
1753229667969,1753229667,KXMLBGAME-25JUL22CINWSH-WSH,96,4,176,no
1753229669088,1753229668,KXMLBGAME-25JUL22KCCHC-CHC,75,25,300,no
1753229670869,1753229670,KXMLBGAME-25JUL22CINWSH-CIN,4,96,34,no
1753229672632,1753229672,KXMLBGAME-25JUL22KCCHC-CHC,75,25,6,yes
1753229672632,1753229672,KXMLBGAME-25JUL22MILSEA-MIL,46,54,6,yes
1753229673349,1753229673,KXMLBGAME-25JUL22NYYTOR-NYY,69,31,97,yes
1753229675249,1753229675,KXMLBGAME-25JUL22BALCLE-BAL,19,81,150,yes
1753229676529,1753229676,KXMLBGAME-25JUL22BALCLE-BAL,18,82,10,no
1753229677109,1753229677,KXMLBGAME-25JUL22NYYTOR-NYY,69,31,70,yes
1753229678008,1753229677,KXMLBGAME-25JUL22SFATL-SF,85,15,11,yes
1753229679030,1753229678,KXMLBGAME-25JUL22SDMIA-SD,16,84,13,no
1753229680529,1753229680,KXMLBGAME-25JUL22DETPIT-PIT,79,21,72,yes
1753229683007,1753229682,KXMLBGAME-25JUL22LAANYM-NYM,41,59,15,yes
1753229683627,1753229683,KXMLBGAME-25JUL22SFATL-SF,85,15,99,yes
1753229684528,1753229684,KXMLBGAME-25JUL22ATHTEX-TEX,59,41,33,yes
1753229685209,1753229685,KXMLBGAME-25JUL22LAANYM-LAA,61,39,16,yes
1753229688019,1753229687,KXMLBGAME-25JUL22BALCLE-CLE,82,18,132,yes
1753229690269,1753229690,KXMLBGAME-25JUL22SDMIA-SD,16,84,3,yes
1753229690748,1753229690,KXMLBGAME-25JUL22BOSPHI-BOS,8,92,8,no
1753229691198,1753229691,KXMLBGAME-25JUL22DETPIT-DET,23,77,8,yes
1753229691588,1753229691,KXMLBGAME-25JUL22DETPIT-DET,17,83,8,no
1753229692589,1753229692,KXMLBGAME-25JUL22SDMIA-MIA,87,13,76,yes
1753229692589,1753229692,KXMLBGAME-25JUL22SDMIA-MIA,88,12,206,yes
1753229693029,1753229692,KXMLBGAME-25JUL22SDMIA-SD,15,85,10,no
1753229693869,1753229693,KXMLBGAME-25JUL22DETPIT-PIT,76,24,87,no
1753229694951,1753229694,KXMLBGAME-25JUL22CINWSH-CIN,5,95,50,yes
1753229694969,1753229694,KXMLBGAME-25JUL22KCCHC-CHC,74,26,2,yes
1753229695449,1753229695,KXMLBGAME-25JUL22CINWSH-WSH,96,4,600,no
1753229697472,1753229697,KXMLBGAME-25JUL22NYYTOR-NYY,70,30,15,yes
1753229700069,1753229700,KXMLBGAME-25JUL22DETPIT-DET,28,72,59,no
1753229700849,1753229700,KXMLBGAME-25JUL22BALCLE-BAL,19,81,244,yes
1753229701432,1753229701,KXMLBGAME-25JUL22NYYTOR-NYY,70,30,36,yes
1753229701870,1753229701,KXMLBGAME-25JUL22STLCOL-COL,40,60,60,yes
1753229701870,1753229701,KXMLBGAME-25JUL22STLCOL-COL,40,60,12,yes
1753229702815,1753229702,KXMLBGAME-25JUL22SDMIA-SD,15,85,171,yes
1753229702889,1753229702,KXMLBGAME-25JUL22BOSPHI-BOS,9,91,52,yes
1753229703654,1753229703,KXMLBGAME-25JUL22NYYTOR-TOR,31,69,27,yes
1753229705272,1753229705,KXMLBGAME-25JUL22MINLAD-LAD,66,34,29,yes
1753229706109,1753229706,KXMLBGAME-25JUL22CINWSH-WSH,96,4,150,no
1753229707209,1753229707,KXMLBGAME-25JUL22SDMIA-SD,14,86,6,no
1753229711130,1753229711,KXMLBGAME-25JUL22DETPIT-PIT,73,27,41,yes
1753229711249,1753229711,KXMLBGAME-25JUL22DETPIT-PIT,73,27,4,yes
1753229713791,1753229713,KXMLBGAME-25JUL22CINWSH-CIN,4,96,166,no
1753229713791,1753229713,KXMLBGAME-25JUL22CINWSH-CIN,4,96,601,no
1753229718108,1753229718,KXMLBGAME-25JUL22NYYTOR-TOR,27,73,2,no
1753229720049,1753229719,KXMLBGAME-25JUL22NYYTOR-NYY,73,27,29,yes
1753229720212,1753229720,KXMLBGAME-25JUL22SDMIA-SD,14,86,1,no
1753229720213,1753229720,KXMLBGAME-25JUL22SDMIA-SD,12,88,57,no
1753229720213,1753229720,KXMLBGAME-25JUL22SDMIA-SD,11,89,460,no
1753229720468,1753229720,KXMLBGAME-25JUL22CINWSH-WSH,96,4,450,no
1753229729031,1753229728,KXMLBGAME-25JUL22CINWSH-CIN,4,96,10,no
1753229730917,1753229730,KXMLBGAME-25JUL22SDMIA-SD,13,87,6,no
1753229733532,1753229733,KXMLBGAME-25JUL22CINWSH-CIN,5,95,3,yes
1753229734828,1753229734,KXMLBGAME-25JUL22DETPIT-PIT,79,21,124,yes
1753229735910,1753229735,KXMLBGAME-25JUL22NYYTOR-NYY,73,27,1,yes
1753229736918,1753229736,KXMLBGAME-25JUL22SDMIA-SD,13,87,42,no
1753229736918,1753229736,KXMLBGAME-25JUL22SDMIA-SD,12,88,102,no
1753229737632,1753229737,KXMLBGAME-25JUL22CWSTB-CWS,15,85,10,no
1753229738925,1753229738,KXMLBGAME-25JUL22CINWSH-WSH,97,3,45,yes
1753229738925,1753229738,KXMLBGAME-25JUL22CINWSH-WSH,97,3,55,yes
1753229739589,1753229739,KXMLBGAME-25JUL22SFATL-SF,83,17,74,no
1753229739788,1753229739,KXMLBGAME-25JUL22LAANYM-NYM,41,59,46,yes
1753229739970,1753229739,KXMLBGAME-25JUL22DETPIT-DET,24,76,59,yes
1753229742429,1753229742,KXMLBGAME-25JUL22LAANYM-NYM,41,59,62,yes
1753229749027,1753229748,KXMLBGAME-25JUL22BALCLE-CLE,81,19,300,yes
1753229749027,1753229748,KXMLBGAME-25JUL22BALCLE-CLE,82,18,184,yes
1753229749028,1753229748,KXMLBGAME-25JUL22SDMIA-SD,15,85,24,yes
1753229750948,1753229750,KXMLBGAME-25JUL22SDMIA-MIA,88,12,112,yes
1753229753735,1753229753,KXMLBGAME-25JUL22STLCOL-STL,61,39,32,yes
1753229755848,1753229755,KXMLBGAME-25JUL22NYYTOR-NYY,72,28,136,yes
1753229756308,1753229756,KXMLBGAME-25JUL22CINWSH-CIN,5,95,187,yes
1753229757352,1753229757,KXMLBGAME-25JUL22SDMIA-SD,15,85,75,yes
1753229757551,1753229757,KXMLBGAME-25JUL22CINWSH-WSH,96,4,600,no
1753229761153,1753229761,KXMLBGAME-25JUL22CINWSH-WSH,96,4,87,yes
1753229761153,1753229761,KXMLBGAME-25JUL22CINWSH-WSH,97,3,1662,yes
1753229762209,1753229762,KXMLBGAME-25JUL22BOSPHI-PHI,92,8,67,yes
1753229762209,1753229762,KXMLBGAME-25JUL22BOSPHI-PHI,93,7,40,yes
1753229762349,1753229762,KXMLBGAME-25JUL22CWSTB-TB,84,16,23,yes
1753229763327,1753229763,KXMLBGAME-25JUL22KCCHC-CHC,75,25,6,yes
1753229763651,1753229763,KXMLBGAME-25JUL22LAANYM-LAA,62,38,31,yes
1753229764149,1753229764,KXMLBGAME-25JUL22BALCLE-BAL,18,82,300,no
1753229764149,1753229764,KXMLBGAME-25JUL22BALCLE-BAL,17,83,81,no
1753229764249,1753229764,KXMLBGAME-25JUL22BALCLE-CLE,83,17,81,yes
1753229764249,1753229764,KXMLBGAME-25JUL22BALCLE-CLE,83,17,600,yes
1753229764249,1753229764,KXMLBGAME-25JUL22BALCLE-CLE,83,17,200,yes
1753229764249,1753229764,KXMLBGAME-25JUL22BALCLE-CLE,83,17,300,yes
1753229764249,1753229764,KXMLBGAME-25JUL22BALCLE-CLE,84,16,200,yes
1753229764249,1753229764,KXMLBGAME-25JUL22BALCLE-CLE,84,16,300,yes
1753229764889,1753229764,KXMLBGAME-25JUL22CINWSH-CIN,3,97,9,no
1753229765148,1753229765,KXMLBGAME-25JUL22DETPIT-DET,24,76,10,yes
1753229767188,1753229767,KXMLBGAME-25JUL22BALCLE-CLE,83,17,116,yes
1753229768288,1753229768,KXMLBGAME-25JUL22DETPIT-PIT,78,22,25,yes
1753229768927,1753229768,KXMLBGAME-25JUL22BALCLE-BAL,17,83,41,no
1753229769007,1753229768,KXMLBGAME-25JUL22BALCLE-CLE,82,18,300,yes
1753229769007,1753229768,KXMLBGAME-25JUL22BALCLE-CLE,83,17,41,yes
1753229771892,1753229771,KXMLBGAME-25JUL22ATHTEX-TEX,59,41,411,yes
1753229778758,1753229778,KXMLBGAME-25JUL22ATHTEX-ATH,43,57,300,yes
1753229779109,1753229779,KXMLBGAME-25JUL22CINWSH-CIN,4,96,46,yes
1753229779475,1753229779,KXMLBGAME-25JUL22CINWSH-WSH,96,4,200,yes
1753229785169,1753229785,KXMLBGAME-25JUL22BALCLE-CLE,85,15,20,yes
1753229785169,1753229785,KXMLBGAME-25JUL22BALCLE-CLE,86,14,3,yes
1753229785913,1753229785,KXMLBGAME-25JUL22DETPIT-DET,23,77,5,yes
1753229785913,1753229785,KXMLBGAME-25JUL22DETPIT-DET,24,76,193,yes
1753229786269,1753229786,KXMLBGAME-25JUL22DETPIT-PIT,78,22,7,yes
1753229787768,1753229787,KXMLBGAME-25JUL22BALCLE-CLE,84,16,41,no
1753229787969,1753229787,KXMLBGAME-25JUL22BALCLE-BAL,14,86,15,no
1753229787969,1753229787,KXMLBGAME-25JUL22BALCLE-BAL,13,87,31,no
1753229791870,1753229791,KXMLBGAME-25JUL22DETPIT-PIT,76,24,6,no
1753229794508,1753229794,KXMLBGAME-25JUL22ATHTEX-TEX,59,41,50,yes
1753229796568,1753229796,KXMLBGAME-25JUL22BOSPHI-BOS,11,89,24,yes
1753229798350,1753229798,KXMLBGAME-25JUL22SDMIA-SD,12,88,34,no
1753229808408,1753229808,KXMLBGAME-25JUL22CINWSH-WSH,96,4,159,yes
1753229809432,1753229809,KXMLBGAME-25JUL22BOSPHI-BOS,8,92,26,no
1753229809490,1753229809,KXMLBGAME-25JUL22BOSPHI-BOS,10,90,94,yes
1753229809949,1753229809,KXMLBGAME-25JUL22SFATL-ATL,19,81,16,yes
1753229810829,1753229810,KXMLBGAME-25JUL22CINWSH-CIN,4,96,500,yes
1753229811949,1753229811,KXMLBGAME-25JUL22BOSPHI-BOS,10,90,10,yes
1753229815969,1753229815,KXMLBGAME-25JUL22BOSPHI-PHI,90,10,8,no
1753229816757,1753229816,KXMLBGAME-25JUL22LAANYM-NYM,41,59,12,yes
1753229817434,1753229817,KXMLBGAME-25JUL22DETPIT-DET,20,80,87,yes
1753229817434,1753229817,KXMLBGAME-25JUL22DETPIT-DET,21,79,71,yes
1753229820270,1753229820,KXMLBGAME-25JUL22HOUARI-ARI,47,53,10,no
1753229822728,1753229822,KXMLBGAME-25JUL22DETPIT-DET,21,79,90,yes
1753229823210,1753229823,KXMLBGAME-25JUL22SDMIA-SD,15,85,87,yes
1753229823210,1753229823,KXMLBGAME-25JUL22SDMIA-SD,16,84,92,yes
1753229823630,1753229823,KXMLBGAME-25JUL22SDMIA-SD,13,87,1131,no
1753229823968,1753229823,KXMLBGAME-25JUL22SDMIA-SD,15,85,15,yes
1753229824448,1753229824,KXMLBGAME-25JUL22BALCLE-BAL,12,88,304,no
1753229825970,1753229825,KXMLBGAME-25JUL22STLCOL-STL,61,39,5,yes
1753229826970,1753229826,KXMLBGAME-25JUL22BALCLE-CLE,86,14,12,no
1753229831808,1753229831,KXMLBGAME-25JUL22SDMIA-SD,15,85,72,yes
1753229831808,1753229831,KXMLBGAME-25JUL22SDMIA-SD,15,85,15,yes
1753229831808,1753229831,KXMLBGAME-25JUL22SDMIA-SD,16,84,361,yes
1753229832711,1753229832,KXMLBGAME-25JUL22KCCHC-KC,27,73,31,yes
1753229833109,1753229833,KXMLBGAME-25JUL22NYYTOR-TOR,26,74,122,no
1753229834428,1753229834,KXMLBGAME-25JUL22STLCOL-STL,61,39,1,yes
1753229837024,1753229836,KXMLBGAME-25JUL22STLCOL-STL,61,39,26,yes
1753229837024,1753229836,KXMLBGAME-25JUL22NYYTOR-NYY,71,29,29,no
1753229837530,1753229836,KXMLBGAME-25JUL22DETPIT-DET,21,79,624,yes
1753229838810,1753229838,KXMLBGAME-25JUL22SDMIA-SD,15,85,10,yes
1753229841128,1753229841,KXMLBGAME-25JUL22SFATL-SF,84,16,165,yes
1753229843577,1753229842,KXMLBGAME-25JUL22BOSPHI-BOS,9,91,50,no
1753229843577,1753229842,KXMLBGAME-25JUL22BOSPHI-BOS,8,92,70,no
1753229843577,1753229842,KXMLBGAME-25JUL22BOSPHI-BOS,8,92,734,no
1753229846413,1753229845,KXMLBGAME-25JUL22CINWSH-CIN,3,97,78,no
1753229847111,1753229846,KXMLBGAME-25JUL22SFATL-SF,85,15,87,yes
1753229853748,1753229853,KXMLBGAME-25JUL22KCCHC-CHC,77,23,153,yes
1753229855152,1753229855,KXMLBGAME-25JUL22SFATL-SF,87,13,5,yes
1753229856589,1753229856,KXMLBGAME-25JUL22SFATL-ATL,14,86,300,yes
1753229856589,1753229856,KXMLBGAME-25JUL22SFATL-ATL,15,85,34,yes
1753229857749,1753229857,KXMLBGAME-25JUL22ATHTEX-ATH,41,59,23,yes
1753229859348,1753229859,KXMLBGAME-25JUL22LAANYM-LAA,61,39,12,yes
1753229861151,1753229861,KXMLBGAME-25JUL22BOSPHI-PHI,92,8,30,yes
1753229861151,1753229861,KXMLBGAME-25JUL22BOSPHI-PHI,92,8,24,yes
1753229861151,1753229861,KXMLBGAME-25JUL22BOSPHI-PHI,92,8,38,yes
1753229861151,1753229861,KXMLBGAME-25JUL22BOSPHI-PHI,93,7,300,yes
1753229861151,1753229861,KXMLBGAME-25JUL22BOSPHI-PHI,93,7,200,yes
1753229861151,1753229861,KXMLBGAME-25JUL22BOSPHI-PHI,93,7,478,yes
1753229861412,1753229861,KXMLBGAME-25JUL22SDMIA-SD,13,87,10,no
1753229862408,1753229862,KXMLBGAME-25JUL22DETPIT-DET,20,80,236,yes
1753229864328,1753229864,KXMLBGAME-25JUL22BALCLE-BAL,11,89,719,no
1753229864688,1753229864,KXMLBGAME-25JUL22DETPIT-PIT,82,18,1,yes
1753229864870,1753229864,KXMLBGAME-25JUL22KCCHC-CHC,75,25,60,no
1753229868870,1753229868,KXMLBGAME-25JUL22KCCHC-KC,25,75,38,yes
1753229873273,1753229873,KXMLBGAME-25JUL22SFATL-SF,87,13,20,yes
1753229873273,1753229873,KXMLBGAME-25JUL22SFATL-SF,88,12,36,yes
1753229877054,1753229877,KXMLBGAME-25JUL22LAANYM-LAA,64,36,213,yes
1753229879411,1753229879,KXMLBGAME-25JUL22SFATL-ATL,14,86,300,yes
1753229886909,1753229886,KXMLBGAME-25JUL22MILSEA-MIL,46,54,20,yes
1753229892969,1753229892,KXMLBGAME-25JUL22BALCLE-CLE,86,14,2692,no
1753229893051,1753229892,KXMLBGAME-25JUL22BALCLE-CLE,86,14,1641,no
1753229893051,1753229892,KXMLBGAME-25JUL22BALCLE-CLE,86,14,1102,no
1753229893129,1753229893,KXMLBGAME-25JUL22BALCLE-BAL,14,86,2692,yes
1753229893210,1753229893,KXMLBGAME-25JUL22BALCLE-BAL,14,86,1641,yes
1753229893890,1753229893,KXMLBGAME-25JUL22LAANYM-NYM,38,62,87,yes
1753229893890,1753229893,KXMLBGAME-25JUL22LAANYM-NYM,39,61,157,yes
1753229900865,1753229900,KXMLBGAME-25JUL22SFATL-ATL,14,86,466,no
1753229901689,1753229901,KXMLBGAME-25JUL22SFATL-ATL,14,86,234,no
1753229902089,1753229901,KXMLBGAME-25JUL22BOSPHI-PHI,92,8,28,yes
1753229902089,1753229901,KXMLBGAME-25JUL22BOSPHI-PHI,93,7,15,yes
1753229906148,1753229906,KXMLBGAME-25JUL22DETPIT-PIT,83,17,80,yes
1753229906148,1753229906,KXMLBGAME-25JUL22DETPIT-PIT,83,17,18,yes
1753229911770,1753229911,KXMLBGAME-25JUL22KCCHC-KC,29,71,65,yes
1753229913649,1753229913,KXMLBGAME-25JUL22KCCHC-KC,28,72,32,yes
1753229914730,1753229914,KXMLBGAME-25JUL22MINLAD-LAD,66,34,147,yes
1753229918569,1753229918,KXMLBGAME-25JUL22ATHTEX-ATH,39,61,2,yes
1753229921489,1753229921,KXMLBGAME-25JUL22DETPIT-PIT,83,17,40,yes
1753229921489,1753229921,KXMLBGAME-25JUL22DETPIT-PIT,83,17,79,yes
1753229922528,1753229922,KXMLBGAME-25JUL22ATHTEX-TEX,63,37,46,yes
1753229923188,1753229923,KXMLBGAME-25JUL22DETPIT-DET,20,80,94,yes
1753229926169,1753229926,KXMLBGAME-25JUL22NYYTOR-NYY,73,27,20,yes
1753229926750,1753229926,KXMLBGAME-25JUL22SDMIA-SD,15,85,50,yes
1753229928071,1753229928,KXMLBGAME-25JUL22KCCHC-KC,28,72,121,yes
1753229928071,1753229928,KXMLBGAME-25JUL22KCCHC-KC,29,71,205,yes
1753229929143,1753229928,KXMLBGAME-25JUL22ATHTEX-TEX,63,37,4,yes
1753229929609,1753229929,KXMLBGAME-25JUL22SDMIA-SD,15,85,50,yes
1753229929609,1753229929,KXMLBGAME-25JUL22SDMIA-SD,16,84,87,yes
1753229929609,1753229929,KXMLBGAME-25JUL22SDMIA-SD,16,84,300,yes
1753229929609,1753229929,KXMLBGAME-25JUL22SDMIA-SD,16,84,153,yes
1753229930869,1753229930,KXMLBGAME-25JUL22NYYTOR-NYY,74,26,50,yes
1753229930869,1753229930,KXMLBGAME-25JUL22NYYTOR-NYY,74,26,16,yes
1753229931223,1753229931,KXMLBGAME-25JUL22KCCHC-CHC,74,26,26,yes
1753229933308,1753229933,KXMLBGAME-25JUL22MINLAD-MIN,34,66,167,yes
1753229935328,1753229934,KXMLBGAME-25JUL22DETPIT-PIT,83,17,65,yes
1753229936134,1753229936,KXMLBGAME-25JUL22SDMIA-MIA,84,16,8,no
1753229936134,1753229936,KXMLBGAME-25JUL22SDMIA-MIA,84,16,78,no
1753229936443,1753229936,KXMLBGAME-25JUL22BALCLE-BAL,24,76,39,yes
1753229937209,1753229936,KXMLBGAME-25JUL22LAANYM-LAA,64,36,3,yes
1753229937889,1753229937,KXMLBGAME-25JUL22CINWSH-CIN,4,96,50,yes
1753229941433,1753229941,KXMLBGAME-25JUL22BALCLE-BAL,24,76,10,yes
1753229943725,1753229943,KXMLBGAME-25JUL22DETPIT-DET,19,81,18,yes
1753229943732,1753229943,KXMLBGAME-25JUL22BALCLE-BAL,24,76,39,yes
1753229945569,1753229945,KXMLBGAME-25JUL22LAANYM-NYM,38,62,27,yes
1753229946508,1753229946,KXMLBGAME-25JUL22MILSEA-MIL,46,54,20,yes
1753229949068,1753229948,KXMLBGAME-25JUL22BALCLE-BAL,23,77,4333,yes
1753229949168,1753229949,KXMLBGAME-25JUL22BALCLE-BAL,23,77,1451,yes
1753229949168,1753229949,KXMLBGAME-25JUL22BALCLE-BAL,23,77,2882,yes
1753229949848,1753229949,KXMLBGAME-25JUL22DETPIT-DET,18,82,10,no
1753229952509,1753229952,KXMLBGAME-25JUL22SDMIA-MIA,84,16,56,yes
1753229952529,1753229952,KXMLBGAME-25JUL22NYYTOR-TOR,26,74,109,yes
1753229956150,1753229956,KXMLBGAME-25JUL22DETPIT-DET,20,80,4,yes
1753229958789,1753229958,KXMLBGAME-25JUL22DETPIT-DET,20,80,10,yes
1753229964330,1753229964,KXMLBGAME-25JUL22SDMIA-SD,18,82,525,yes
1753229966029,1753229965,KXMLBGAME-25JUL22MINLAD-LAD,66,34,4,yes
1753229967149,1753229967,KXMLBGAME-25JUL22ATHTEX-ATH,39,61,300,yes
1753229967188,1753229967,KXMLBGAME-25JUL22ATHTEX-ATH,40,60,66,yes
1753229967308,1753229967,KXMLBGAME-25JUL22ATHTEX-TEX,61,39,300,no
1753229967308,1753229967,KXMLBGAME-25JUL22ATHTEX-TEX,60,40,49,no
1753229967810,1753229967,KXMLBGAME-25JUL22NYYTOR-NYY,74,26,1,no
1753229967850,1753229967,KXMLBGAME-25JUL22NYYTOR-TOR,26,74,1,yes
1753229967930,1753229967,KXMLBGAME-25JUL22NYYTOR-TOR,26,74,49,yes
1753229967930,1753229967,KXMLBGAME-25JUL22NYYTOR-TOR,26,74,87,yes
1753229971992,1753229971,KXMLBGAME-25JUL22SDMIA-SD,18,82,10,yes
1753229973952,1753229973,KXMLBGAME-25JUL22BALCLE-CLE,76,24,40,no
1753229974570,1753229974,KXMLBGAME-25JUL22CINWSH-WSH,96,4,1,yes
1753229978070,1753229978,KXMLBGAME-25JUL22CINWSH-CIN,5,95,10,yes
1753229979559,1753229979,KXMLBGAME-25JUL22KCCHC-CHC,70,30,100,yes
1753229981509,1753229981,KXMLBGAME-25JUL22CINWSH-WSH,95,5,213,no
1753229986409,1753229986,KXMLBGAME-25JUL22STLCOL-STL,61,39,14,yes
1753229989589,1753229989,KXMLBGAME-25JUL22SDMIA-SD,18,82,31,yes
1753229990032,1753229989,KXMLBGAME-25JUL22SFATL-SF,88,12,87,yes
1753229990032,1753229989,KXMLBGAME-25JUL22SFATL-SF,89,11,25,yes
1753229993750,1753229993,KXMLBGAME-25JUL22LAANYM-NYM,37,63,12,yes
1753229993750,1753229993,KXMLBGAME-25JUL22KCCHC-CHC,70,30,140,yes
1753229999649,1753229999,KXMLBGAME-25JUL22BOSPHI-PHI,91,9,218,yes
1753230003150,1753230003,KXMLBGAME-25JUL22MILSEA-MIL,45,55,123,no
1753230005150,1753230005,KXMLBGAME-25JUL22NYYTOR-NYY,75,25,131,yes
1753230005269,1753230005,KXMLBGAME-25JUL22MINLAD-MIN,35,65,10,yes
1753230005269,1753230005,KXMLBGAME-25JUL22MINLAD-MIN,35,65,17,yes
1753230005269,1753230005,KXMLBGAME-25JUL22LAANYM-NYM,35,65,300,no
1753230005269,1753230005,KXMLBGAME-25JUL22LAANYM-NYM,34,66,80,no
1753230005269,1753230005,KXMLBGAME-25JUL22LAANYM-NYM,34,66,3,no
1753230005269,1753230005,KXMLBGAME-25JUL22LAANYM-NYM,33,67,50,no
1753230006173,1753230006,KXMLBGAME-25JUL22LAANYM-LAA,65,35,52,yes
1753230006173,1753230006,KXMLBGAME-25JUL22LAANYM-LAA,65,35,10,yes
1753230007289,1753230007,KXMLBGAME-25JUL22BALCLE-CLE,76,24,106,no
1753230008030,1753230007,KXMLBGAME-25JUL22SDMIA-SD,18,82,2,yes
1753230009829,1753230009,KXMLBGAME-25JUL22LAANYM-LAA,68,32,20,no
1753230009970,1753230009,KXMLBGAME-25JUL22SDMIA-MIA,82,18,35,no
1753230013110,1753230013,KXMLBGAME-25JUL22LAANYM-NYM,32,68,149,yes
1753230014248,1753230014,KXMLBGAME-25JUL22NYYTOR-TOR,27,73,35,yes
1753230014429,1753230014,KXMLBGAME-25JUL22CINWSH-WSH,96,4,1,yes
1753230017709,1753230017,KXMLBGAME-25JUL22SDMIA-SD,18,82,131,yes
1753230020259,1753230020,KXMLBGAME-25JUL22DETPIT-DET,21,79,87,yes
1753230020259,1753230020,KXMLBGAME-25JUL22DETPIT-DET,21,79,3,yes
1753230022201,1753230022,KXMLBGAME-25JUL22LAANYM-LAA,73,27,100,yes
1753230022201,1753230022,KXMLBGAME-25JUL22LAANYM-LAA,75,25,100,yes
1753230026209,1753230026,KXMLBGAME-25JUL22LAANYM-NYM,22,78,87,yes
1753230026368,1753230026,KXMLBGAME-25JUL22LAANYM-NYM,23,77,34,yes
1753230027610,1753230027,KXMLBGAME-25JUL22LAANYM-NYM,22,78,8,yes
1753230028351,1753230028,KXMLBGAME-25JUL22NYYTOR-NYY,75,25,1,yes
1753230028870,1753230028,KXMLBGAME-25JUL22LAANYM-NYM,22,78,79,yes
1753230028870,1753230028,KXMLBGAME-25JUL22LAANYM-NYM,22,78,8,yes
1753230028870,1753230028,KXMLBGAME-25JUL22LAANYM-NYM,23,77,495,yes
1753230031068,1753230031,KXMLBGAME-25JUL22SDMIA-SD,18,82,1,yes
1753230034589,1753230034,KXMLBGAME-25JUL22HOUARI-HOU,53,47,81,yes
1753230034789,1753230034,KXMLBGAME-25JUL22MINLAD-MIN,34,66,4,no
1753230035911,1753230035,KXMLBGAME-25JUL22LAANYM-NYM,22,78,1,no
1753230036689,1753230036,KXMLBGAME-25JUL22LAANYM-LAA,77,23,20,no
1753230038517,1753230038,KXMLBGAME-25JUL22SDMIA-MIA,82,18,116,no
1753230038711,1753230038,KXMLBGAME-25JUL22BOSPHI-BOS,8,92,21,no
1753230038711,1753230038,KXMLBGAME-25JUL22BOSPHI-BOS,8,92,55,no
1753230038711,1753230038,KXMLBGAME-25JUL22BOSPHI-BOS,8,92,44,no
1753230039410,1753230039,KXMLBGAME-25JUL22BOSPHI-PHI,91,9,1,yes
1753230039570,1753230039,KXMLBGAME-25JUL22DETPIT-PIT,80,20,10,no
1753230040590,1753230040,KXMLBGAME-25JUL22ATHTEX-ATH,48,52,10,yes
1753230043932,1753230043,KXMLBGAME-25JUL22LAANYM-NYM,21,79,1,no
1753230043932,1753230043,KXMLBGAME-25JUL22LAANYM-NYM,21,79,24,no
1753230049653,1753230049,KXMLBGAME-25JUL22KCCHC-KC,32,68,14,yes
1753230055138,1753230054,KXMLBGAME-25JUL22ATHTEX-TEX,53,47,9,yes
1753230057791,1753230057,KXMLBGAME-25JUL22LAANYM-NYM,23,77,20,yes
1753230059009,1753230058,KXMLBGAME-25JUL22BALCLE-BAL,21,79,67,yes
1753230059708,1753230059,KXMLBGAME-25JUL22BALCLE-CLE,78,22,20,no
1753230059868,1753230059,KXMLBGAME-25JUL22SDMIA-SD,16,84,9,no
1753230061189,1753230061,KXMLBGAME-25JUL22CWSTB-TB,89,11,89,yes
1753230063113,1753230063,KXMLBGAME-25JUL22LAANYM-LAA,79,21,3,yes
1753230063531,1753230063,KXMLBGAME-25JUL22CINWSH-CIN,5,95,100,yes
1753230063651,1753230063,KXMLBGAME-25JUL22LAANYM-LAA,77,23,61,no
1753230063651,1753230063,KXMLBGAME-25JUL22LAANYM-LAA,77,23,1,no
1753230063934,1753230063,KXMLBGAME-25JUL22KCCHC-CHC,70,30,4,yes
1753230063973,1753230063,KXMLBGAME-25JUL22NYYTOR-TOR,25,75,93,no
1753230067169,1753230067,KXMLBGAME-25JUL22CINWSH-WSH,96,4,98,yes
1753230070189,1753230070,KXMLBGAME-25JUL22BALCLE-CLE,80,20,12,yes
1753230071630,1753230071,KXMLBGAME-25JUL22SDMIA-SD,16,84,10,no
1753230075630,1753230075,KXMLBGAME-25JUL22CINWSH-WSH,97,3,87,yes
1753230075630,1753230075,KXMLBGAME-25JUL22CINWSH-WSH,98,2,2,yes
1753230075869,1753230075,KXMLBGAME-25JUL22SFATL-ATL,14,86,45,no
1753230077389,1753230077,KXMLBGAME-25JUL22NYYTOR-NYY,75,25,81,yes
1753230078850,1753230078,KXMLBGAME-25JUL22CINWSH-CIN,4,96,1886,yes
1753230079088,1753230078,KXMLBGAME-25JUL22ATHTEX-TEX,53,47,2,no
1753230085869,1753230085,KXMLBGAME-25JUL22KCCHC-KC,33,67,250,yes
1753230086351,1753230086,KXMLBGAME-25JUL22DETPIT-PIT,78,22,10,yes
1753230089750,1753230089,KXMLBGAME-25JUL22SDMIA-MIA,82,18,125,no
1753230091248,1753230091,KXMLBGAME-25JUL22LAANYM-NYM,22,78,10,no
1753230091799,1753230091,KXMLBGAME-25JUL22KCCHC-CHC,68,32,70,no
1753230092415,1753230092,KXMLBGAME-25JUL22BALCLE-BAL,21,79,225,yes
1753230094908,1753230094,KXMLBGAME-25JUL22ATHTEX-TEX,52,48,46,yes
1753230104608,1753230104,KXMLBGAME-25JUL22LAANYM-NYM,25,75,19,yes
1753230106932,1753230106,KXMLBGAME-25JUL22ATHTEX-TEX,53,47,300,yes
1753230106932,1753230106,KXMLBGAME-25JUL22ATHTEX-TEX,53,47,87,yes
1753230106932,1753230106,KXMLBGAME-25JUL22ATHTEX-TEX,54,46,68,yes
1753230107252,1753230107,KXMLBGAME-25JUL22NYYTOR-NYY,75,25,32,yes
1753230109810,1753230109,KXMLBGAME-25JUL22BALCLE-BAL,21,79,20,yes
1753230111550,1753230111,KXMLBGAME-25JUL22SDMIA-SD,17,83,200,no
1753230111551,1753230111,KXMLBGAME-25JUL22SDMIA-SD,17,83,50,no
1753230111551,1753230111,KXMLBGAME-25JUL22SDMIA-MIA,83,17,250,yes
1753230114005,1753230113,KXMLBGAME-25JUL22NYYTOR-TOR,25,75,35,no
1753230116749,1753230116,KXMLBGAME-25JUL22BOSPHI-PHI,91,9,1582,yes
1753230118548,1753230118,KXMLBGAME-25JUL22SDMIA-SD,18,82,1,yes
1753230119689,1753230119,KXMLBGAME-25JUL22HOUARI-ARI,48,52,1320,yes
1753230119689,1753230119,KXMLBGAME-25JUL22HOUARI-ARI,48,52,690,yes
1753230120129,1753230120,KXMLBGAME-25JUL22BOSPHI-BOS,9,91,10,no
1753230124030,1753230123,KXMLBGAME-25JUL22DETPIT-DET,22,78,215,yes
1753230127510,1753230127,KXMLBGAME-25JUL22CINWSH-WSH,97,3,87,yes
1753230127510,1753230127,KXMLBGAME-25JUL22CINWSH-WSH,98,2,31,yes
1753230128448,1753230128,KXMLBGAME-25JUL22LAANYM-NYM,24,76,3010,yes
1753230128529,1753230128,KXMLBGAME-25JUL22LAANYM-NYM,24,76,1990,yes
1753230128529,1753230128,KXMLBGAME-25JUL22LAANYM-NYM,24,76,1212,yes
1753230128608,1753230128,KXMLBGAME-25JUL22LAANYM-LAA,76,24,3010,no
1753230128668,1753230128,KXMLBGAME-25JUL22LAANYM-LAA,76,24,1990,no
1753230131929,1753230131,KXMLBGAME-25JUL22DETPIT-DET,22,78,1,yes
1753230132730,1753230132,KXMLBGAME-25JUL22LAANYM-LAA,75,25,300,no
1753230132730,1753230132,KXMLBGAME-25JUL22LAANYM-LAA,74,26,41,no
1753230132730,1753230132,KXMLBGAME-25JUL22LAANYM-LAA,74,26,600,no
1753230132730,1753230132,KXMLBGAME-25JUL22LAANYM-LAA,74,26,2000,no
1753230132851,1753230132,KXMLBGAME-25JUL22LAANYM-NYM,26,74,41,yes
1753230132927,1753230132,KXMLBGAME-25JUL22LAANYM-LAA,71,29,5,yes
1753230132987,1753230132,KXMLBGAME-25JUL22LAANYM-LAA,71,29,5,yes
1753230133014,1753230132,KXMLBGAME-25JUL22LAANYM-LAA,69,31,5,no
1753230133029,1753230132,KXMLBGAME-25JUL22LAANYM-LAA,69,31,5,no
1753230137149,1753230137,KXMLBGAME-25JUL22LAANYM-LAA,72,28,87,yes
1753230137149,1753230137,KXMLBGAME-25JUL22LAANYM-LAA,73,27,48,yes
1753230137450,1753230137,KXMLBGAME-25JUL22CINWSH-WSH,98,2,2,yes
1753230138391,1753230138,KXMLBGAME-25JUL22CINWSH-CIN,3,97,1064,yes
1753230138391,1753230138,KXMLBGAME-25JUL22CINWSH-CIN,3,97,6776,yes
1753230138391,1753230138,KXMLBGAME-25JUL22CINWSH-CIN,4,96,1000,yes
1753230138391,1753230138,KXMLBGAME-25JUL22CINWSH-CIN,4,96,200,yes
1753230138391,1753230138,KXMLBGAME-25JUL22CINWSH-WSH,96,4,902,no
1753230141756,1753230141,KXMLBGAME-25JUL22MILSEA-SEA,55,45,881,yes
1753230143973,1753230143,KXMLBGAME-25JUL22CINWSH-WSH,95,5,4,no
1753230143973,1753230143,KXMLBGAME-25JUL22CINWSH-WSH,95,5,86,no
1753230143973,1753230143,KXMLBGAME-25JUL22CINWSH-WSH,95,5,1,no
1753230143973,1753230143,KXMLBGAME-25JUL22CINWSH-WSH,95,5,200,no
1753230143974,1753230143,KXMLBGAME-25JUL22CINWSH-WSH,95,5,2009,no
1753230144088,1753230143,KXMLBGAME-25JUL22CINWSH-CIN,5,95,86,yes
1753230144088,1753230143,KXMLBGAME-25JUL22CINWSH-CIN,5,95,1,yes
1753230144088,1753230143,KXMLBGAME-25JUL22CINWSH-CIN,5,95,200,yes
1753230145708,1753230145,KXMLBGAME-25JUL22CINWSH-WSH,96,4,332,yes
1753230146167,1753230146,KXMLBGAME-25JUL22NYYTOR-NYY,73,27,50,no
1753230147531,1753230147,KXMLBGAME-25JUL22ATHTEX-TEX,53,47,18,yes
1753230147531,1753230147,KXMLBGAME-25JUL22BALCLE-BAL,21,79,1,yes
1753230151249,1753230151,KXMLBGAME-25JUL22LAANYM-NYM,29,71,1642,yes
1753230152168,1753230152,KXMLBGAME-25JUL22MILSEA-MIL,46,54,1047,yes
1753230154451,1753230154,KXMLBGAME-25JUL22KCCHC-KC,31,69,61,yes
1753230159431,1753230159,KXMLBGAME-25JUL22ATHTEX-TEX,53,47,69,yes
1753230159431,1753230159,KXMLBGAME-25JUL22ATHTEX-TEX,53,47,18,yes
1753230160133,1753230160,KXMLBGAME-25JUL22CWSTB-CWS,11,89,10,no
1753230160149,1753230160,KXMLBGAME-25JUL22SDMIA-SD,13,87,9,no
1753230160671,1753230160,KXMLBGAME-25JUL22DETPIT-DET,22,78,36,yes
1753230160848,1753230160,KXMLBGAME-25JUL22ATHTEX-ATH,50,50,50,yes
1753230162289,1753230162,KXMLBGAME-25JUL22ATHTEX-ATH,50,50,10,yes
1753230171731,1753230171,KXMLBGAME-25JUL22MILSEA-MIL,46,54,40,yes
1753230172009,1753230171,KXMLBGAME-25JUL22DETPIT-PIT,81,19,300,yes
1753230172010,1753230171,KXMLBGAME-25JUL22DETPIT-PIT,80,20,63,yes
1753230172028,1753230171,KXMLBGAME-25JUL22DETPIT-DET,20,80,63,no
1753230172408,1753230172,KXMLBGAME-25JUL22DETPIT-DET,19,81,32,no
1753230172408,1753230172,KXMLBGAME-25JUL22DETPIT-PIT,81,19,32,yes
1753230173410,1753230173,KXMLBGAME-25JUL22NYYTOR-TOR,27,73,87,yes
1753230173410,1753230173,KXMLBGAME-25JUL22NYYTOR-TOR,27,73,300,yes
1753230173410,1753230173,KXMLBGAME-25JUL22NYYTOR-TOR,28,72,113,yes
1753230175143,1753230174,KXMLBGAME-25JUL22LAANYM-NYM,28,72,5000,yes
1753230176415,1753230175,KXMLBGAME-25JUL22LAANYM-NYM,28,72,1023,yes
1753230176415,1753230175,KXMLBGAME-25JUL22LAANYM-NYM,28,72,3550,yes
1753230176443,1753230176,KXMLBGAME-25JUL22KCCHC-CHC,71,29,68,yes
1753230179043,1753230178,KXMLBGAME-25JUL22DETPIT-PIT,83,17,87,no
1753230179043,1753230178,KXMLBGAME-25JUL22DETPIT-PIT,83,17,300,no
1753230179043,1753230178,KXMLBGAME-25JUL22DETPIT-PIT,82,18,100,no
1753230179431,1753230178,KXMLBGAME-25JUL22DETPIT-DET,17,83,87,yes
1753230179431,1753230178,KXMLBGAME-25JUL22DETPIT-DET,18,82,394,yes
1753230190050,1753230190,KXMLBGAME-25JUL22CINWSH-WSH,95,5,5,yes
1753230191900,1753230191,KXMLBGAME-25JUL22ATHTEX-ATH,47,53,10,no
1753230192689,1753230192,KXMLBGAME-25JUL22BALCLE-BAL,21,79,191,yes
1753230193070,1753230193,KXMLBGAME-25JUL22ATHTEX-TEX,53,47,91,yes
1753230194628,1753230194,KXMLBGAME-25JUL22BALCLE-BAL,21,79,125,yes
1753230195309,1753230195,KXMLBGAME-25JUL22LAANYM-LAA,72,28,16,yes
1753230202570,1753230202,KXMLBGAME-25JUL22CINWSH-CIN,5,95,87,no
1753230202570,1753230202,KXMLBGAME-25JUL22CINWSH-CIN,4,96,100,no
1753230202710,1753230202,KXMLBGAME-25JUL22NYYTOR-TOR,25,75,17,no
1753230203069,1753230203,KXMLBGAME-25JUL22STLCOL-STL,61,39,20,yes
1753230203191,1753230203,KXMLBGAME-25JUL22ATHTEX-TEX,53,47,191,yes
1753230203191,1753230203,KXMLBGAME-25JUL22ATHTEX-TEX,54,46,300,yes
1753230203191,1753230203,KXMLBGAME-25JUL22ATHTEX-TEX,54,46,50,yes
1753230205668,1753230205,KXMLBGAME-25JUL22BALCLE-BAL,21,79,67,yes
1753230208150,1753230208,KXMLBGAME-25JUL22ATHTEX-TEX,53,47,60,yes
1753230208868,1753230208,KXMLBGAME-25JUL22CWSTB-CWS,9,91,31,no
1753230209289,1753230209,KXMLBGAME-25JUL22BALCLE-CLE,80,20,10,yes
1753230209911,1753230209,KXMLBGAME-25JUL22SDMIA-SD,13,87,20,no
1753230213308,1753230213,KXMLBGAME-25JUL22KCCHC-CHC,72,28,27,yes
1753230217028,1753230216,KXMLBGAME-25JUL22BOSPHI-PHI,94,6,2,yes
1753230217168,1753230217,KXMLBGAME-25JUL22ATHTEX-TEX,54,46,17,yes
1753230224690,1753230224,KXMLBGAME-25JUL22NYYTOR-NYY,73,27,16,yes
1753230224968,1753230224,KXMLBGAME-25JUL22SFATL-SF,86,14,1,yes
1753230227850,1753230227,KXMLBGAME-25JUL22BALCLE-CLE,79,21,87,no
1753230228090,1753230228,KXMLBGAME-25JUL22STLCOL-STL,61,39,159,yes
1753230228490,1753230228,KXMLBGAME-25JUL22BALCLE-BAL,20,80,140,no
1753230239969,1753230239,KXMLBGAME-25JUL22KCCHC-KC,29,71,87,yes
1753230239969,1753230239,KXMLBGAME-25JUL22KCCHC-KC,30,70,233,yes
1753230240169,1753230240,KXMLBGAME-25JUL22BALCLE-BAL,21,79,67,yes
1753230241570,1753230241,KXMLBGAME-25JUL22ATHTEX-TEX,55,45,26,yes
1753230241690,1753230241,KXMLBGAME-25JUL22SDMIA-SD,11,89,40,no
1753230245672,1753230245,KXMLBGAME-25JUL22SDMIA-SD,11,89,21,no
1753230249290,1753230249,KXMLBGAME-25JUL22KCCHC-CHC,72,28,13,yes
1753230251509,1753230251,KXMLBGAME-25JUL22BALCLE-BAL,20,80,10,no
1753230251809,1753230251,KXMLBGAME-25JUL22CINWSH-CIN,5,95,20,no
1753230256009,1753230255,KXMLBGAME-25JUL22BOSPHI-BOS,5,95,27,no
1753230256191,1753230256,KXMLBGAME-25JUL22CINWSH-CIN,3,97,4,yes
1753230256191,1753230256,KXMLBGAME-25JUL22CINWSH-WSH,96,4,4,yes
1753230256210,1753230256,KXMLBGAME-25JUL22CINWSH-CIN,3,97,4,yes
1753230256229,1753230256,KXMLBGAME-25JUL22CINWSH-CIN,2,98,4,no
1753230257311,1753230257,KXMLBGAME-25JUL22NYYTOR-TOR,29,71,81,yes
1753230257311,1753230257,KXMLBGAME-25JUL22NYYTOR-TOR,30,70,55,yes
1753230257728,1753230257,KXMLBGAME-25JUL22BOSPHI-PHI,92,8,87,no
1753230257728,1753230257,KXMLBGAME-25JUL22BOSPHI-PHI,92,8,231,no
1753230258047,1753230257,KXMLBGAME-25JUL22BALCLE-BAL,22,78,168,yes
1753230261699,1753230261,KXMLBGAME-25JUL22SFATL-ATL,15,85,6,yes
1753230267096,1753230267,KXMLBGAME-25JUL22DETPIT-DET,17,83,5,yes
1753230272591,1753230272,KXMLBGAME-25JUL22CINWSH-WSH,97,3,96,no
1753230272609,1753230272,KXMLBGAME-25JUL22MINLAD-LAD,66,34,232,yes
1753230275871,1753230275,KXMLBGAME-25JUL22BOSPHI-BOS,7,93,7,yes
1753230278271,1753230278,KXMLBGAME-25JUL22SDMIA-MIA,90,10,50,yes
1753230285541,1753230285,KXMLBGAME-25JUL22BALCLE-CLE,78,22,315,yes
1753230286031,1753230285,KXMLBGAME-25JUL22MILSEA-SEA,55,45,176,yes
1753230289021,1753230288,KXMLBGAME-25JUL22NYYTOR-NYY,75,25,87,yes
1753230289021,1753230288,KXMLBGAME-25JUL22NYYTOR-NYY,75,25,111,yes
1753230289021,1753230288,KXMLBGAME-25JUL22NYYTOR-NYY,75,25,129,yes
1753230290557,1753230290,KXMLBGAME-25JUL22STLCOL-STL,61,39,55,yes
1753230291137,1753230290,KXMLBGAME-25JUL22KCCHC-KC,29,71,13,yes
1753230293111,1753230292,KXMLBGAME-25JUL22SFATL-SF,86,14,80,yes
1753230293730,1753230293,KXMLBGAME-25JUL22CWSTB-CWS,10,90,188,yes
1753230294029,1753230293,KXMLBGAME-25JUL22LAANYM-LAA,71,29,87,yes
1753230294056,1753230294,KXMLBGAME-25JUL22CINWSH-CIN,3,97,31,yes
1753230294058,1753230294,KXMLBGAME-25JUL22KCCHC-CHC,72,28,1,yes
1753230294208,1753230294,KXMLBGAME-25JUL22SFATL-ATL,15,85,4,yes
1753230294573,1753230294,KXMLBGAME-25JUL22CINWSH-CIN,2,98,10,no
1753230294928,1753230294,KXMLBGAME-25JUL22SFATL-SF,86,14,50,yes
1753230295109,1753230295,KXMLBGAME-25JUL22SFATL-SF,86,14,40,yes
1753230295769,1753230295,KXMLBGAME-25JUL22KCCHC-CHC,72,28,286,yes
1753230295769,1753230295,KXMLBGAME-25JUL22KCCHC-CHC,73,27,300,yes
1753230295769,1753230295,KXMLBGAME-25JUL22KCCHC-CHC,73,27,200,yes
1753230295769,1753230295,KXMLBGAME-25JUL22KCCHC-CHC,73,27,500,yes
1753230295769,1753230295,KXMLBGAME-25JUL22KCCHC-CHC,73,27,600,yes
1753230295769,1753230295,KXMLBGAME-25JUL22KCCHC-CHC,73,27,2000,yes
1753230295769,1753230295,KXMLBGAME-25JUL22KCCHC-CHC,73,27,123,yes
1753230297110,1753230297,KXMLBGAME-25JUL22LAANYM-NYM,32,68,44,yes
1753230298688,1753230298,KXMLBGAME-25JUL22ATHTEX-TEX,56,44,100,yes
1753230299689,1753230299,KXMLBGAME-25JUL22MILSEA-MIL,46,54,20,yes
1753230307138,1753230307,KXMLBGAME-25JUL22CINWSH-CIN,3,97,50,yes
1753230309468,1753230309,KXMLBGAME-25JUL22BOSPHI-PHI,95,5,16,yes
1753230309468,1753230309,KXMLBGAME-25JUL22BOSPHI-PHI,95,5,88,yes
1753230310369,1753230310,KXMLBGAME-25JUL22ATHTEX-ATH,46,54,10,yes
1753230311069,1753230311,KXMLBGAME-25JUL22CINWSH-WSH,98,2,265,yes
1753230311069,1753230311,KXMLBGAME-25JUL22CINWSH-WSH,98,2,195,yes
1753230311711,1753230311,KXMLBGAME-25JUL22DETPIT-PIT,84,16,63,yes
1753230311711,1753230311,KXMLBGAME-25JUL22DETPIT-PIT,84,16,54,yes
1753230313371,1753230313,KXMLBGAME-25JUL22DETPIT-PIT,84,16,2,yes
1753230317347,1753230317,KXMLBGAME-25JUL22SDMIA-SD,10,90,31,no
1753230319070,1753230318,KXMLBGAME-25JUL22KCCHC-CHC,72,28,300,yes
1753230322889,1753230322,KXMLBGAME-25JUL22SDMIA-SD,12,88,50,yes
1753230323803,1753230323,KXMLBGAME-25JUL22CINWSH-CIN,2,98,286,no
1753230323803,1753230323,KXMLBGAME-25JUL22CINWSH-CIN,2,98,200,no
1753230323907,1753230323,KXMLBGAME-25JUL22CINWSH-CIN,3,97,499,yes
1753230331349,1753230331,KXMLBGAME-25JUL22CINWSH-WSH,97,3,10,no
1753230332850,1753230332,KXMLBGAME-25JUL22BALCLE-CLE,79,21,27,yes
1753230333609,1753230333,KXMLBGAME-25JUL22BOSPHI-PHI,93,7,87,no
1753230333609,1753230333,KXMLBGAME-25JUL22BOSPHI-PHI,92,8,25,no
1753230335610,1753230335,KXMLBGAME-25JUL22SDMIA-MIA,90,10,108,yes
1753230335991,1753230335,KXMLBGAME-25JUL22NYYTOR-TOR,25,75,87,no
1753230335991,1753230335,KXMLBGAME-25JUL22NYYTOR-TOR,24,76,40,no
1753230339367,1753230339,KXMLBGAME-25JUL22LAANYM-LAA,73,27,1,yes
1753230339989,1753230339,KXMLBGAME-25JUL22SDMIA-MIA,90,10,278,yes
1753230344448,1753230344,KXMLBGAME-25JUL22LAANYM-LAA,69,31,86,no
1753230346049,1753230346,KXMLBGAME-25JUL22BOSPHI-BOS,7,93,10,yes
1753230346149,1753230346,KXMLBGAME-25JUL22CINWSH-CIN,2,98,87,no
1753230346149,1753230346,KXMLBGAME-25JUL22CINWSH-CIN,1,99,54,no
1753230347409,1753230347,KXMLBGAME-25JUL22DETPIT-DET,18,82,18,yes
1753230348129,1753230348,KXMLBGAME-25JUL22BALCLE-BAL,22,78,8,yes
1753230349492,1753230349,KXMLBGAME-25JUL22BALCLE-BAL,20,80,31,no
1753230349492,1753230349,KXMLBGAME-25JUL22BALCLE-BAL,20,80,124,no
1753230350827,1753230350,KXMLBGAME-25JUL22SDMIA-SD,10,90,1085,no
1753230352335,1753230352,KXMLBGAME-25JUL22ATHTEX-ATH,45,55,300,yes
1753230352335,1753230352,KXMLBGAME-25JUL22ATHTEX-ATH,45,55,127,yes
1753230355948,1753230355,KXMLBGAME-25JUL22NYYTOR-TOR,27,73,100,yes
1753230358068,1753230357,KXMLBGAME-25JUL22BALCLE-CLE,77,23,8,no
1753230364132,1753230364,KXMLBGAME-25JUL22MINLAD-LAD,66,34,147,yes
1753230367110,1753230366,KXMLBGAME-25JUL22DETPIT-PIT,86,14,26,yes
1753230368074,1753230367,KXMLBGAME-25JUL22SFATL-ATL,11,89,1,no
1753230368074,1753230367,KXMLBGAME-25JUL22SFATL-ATL,11,89,529,no
1753230372054,1753230371,KXMLBGAME-25JUL22LAANYM-LAA,72,28,87,yes
1753230372054,1753230371,KXMLBGAME-25JUL22LAANYM-LAA,73,27,490,yes
1753230373733,1753230373,KXMLBGAME-25JUL22BOSPHI-BOS,7,93,33,yes
1753230376169,1753230376,KXMLBGAME-25JUL22CINWSH-CIN,3,97,78,yes
1753230379289,1753230379,KXMLBGAME-25JUL22DETPIT-PIT,84,16,41,no
1753230380489,1753230380,KXMLBGAME-25JUL22BOSPHI-BOS,5,95,73,no
1753230380489,1753230380,KXMLBGAME-25JUL22BOSPHI-BOS,5,95,10,no
1753230380489,1753230380,KXMLBGAME-25JUL22BOSPHI-BOS,5,95,1,no
1753230380489,1753230380,KXMLBGAME-25JUL22BOSPHI-BOS,5,95,55,no
1753230380489,1753230380,KXMLBGAME-25JUL22BOSPHI-BOS,5,95,138,no
1753230385771,1753230385,KXMLBGAME-25JUL22HOUARI-HOU,53,47,50,yes
1753230386129,1753230386,KXMLBGAME-25JUL22LAANYM-NYM,28,72,1500,yes
1753230389449,1753230389,KXMLBGAME-25JUL22SDMIA-SD,10,90,51,no
1753230390268,1753230390,KXMLBGAME-25JUL22CINWSH-CIN,3,97,10,yes
1753230391528,1753230391,KXMLBGAME-25JUL22LAANYM-LAA,68,32,7,yes
1753230391890,1753230391,KXMLBGAME-25JUL22LAANYM-NYM,33,67,87,yes
1753230391890,1753230391,KXMLBGAME-25JUL22LAANYM-NYM,33,67,26,yes
1753230392231,1753230392,KXMLBGAME-25JUL22LAANYM-NYM,32,68,26,no
1753230400232,1753230400,KXMLBGAME-25JUL22DETPIT-PIT,84,16,41,no
1753230402250,1753230402,KXMLBGAME-25JUL22SDMIA-SD,12,88,300,yes
1753230402250,1753230402,KXMLBGAME-25JUL22SDMIA-SD,13,87,200,yes
1753230402250,1753230402,KXMLBGAME-25JUL22SDMIA-SD,13,87,255,yes
1753230408429,1753230408,KXMLBGAME-25JUL22ATHTEX-TEX,58,42,50,yes
1753230416920,1753230416,KXMLBGAME-25JUL22SDMIA-SD,10,90,37,no
1753230418449,1753230418,KXMLBGAME-25JUL22DETPIT-DET,15,85,4,yes
1753230418449,1753230418,KXMLBGAME-25JUL22DETPIT-DET,16,84,72,yes
1753230422141,1753230421,KXMLBGAME-25JUL22DETPIT-PIT,84,16,34,no
1753230423819,1753230423,KXMLBGAME-25JUL22ATHTEX-TEX,58,42,37,yes
1753230423988,1753230423,KXMLBGAME-25JUL22ATHTEX-TEX,58,42,113,yes
1753230423988,1753230423,KXMLBGAME-25JUL22ATHTEX-TEX,58,42,389,yes
1753230424150,1753230424,KXMLBGAME-25JUL22SDMIA-MIA,88,12,75,no
1753230431353,1753230431,KXMLBGAME-25JUL22DETPIT-PIT,86,14,4,yes
1753230432987,1753230432,KXMLBGAME-25JUL22BALCLE-CLE,82,18,571,yes
1753230433409,1753230433,KXMLBGAME-25JUL22NYYTOR-NYY,71,29,138,yes
1753230441488,1753230441,KXMLBGAME-25JUL22BOSPHI-PHI,95,5,10,yes
1753230442812,1753230442,KXMLBGAME-25JUL22SDMIA-MIA,90,10,33,yes
1753230442971,1753230442,KXMLBGAME-25JUL22HOUARI-HOU,53,47,3,yes
1753230445428,1753230445,KXMLBGAME-25JUL22MILSEA-MIL,46,54,201,yes
1753230447211,1753230447,KXMLBGAME-25JUL22CINWSH-WSH,98,2,20,yes
1753230447844,1753230447,KXMLBGAME-25JUL22STLCOL-STL,61,39,50,yes
1753230450868,1753230450,KXMLBGAME-25JUL22KCCHC-KC,27,73,300,yes
1753230450868,1753230450,KXMLBGAME-25JUL22KCCHC-KC,27,73,200,yes
1753230450868,1753230450,KXMLBGAME-25JUL22KCCHC-KC,28,72,4719,yes
1753230462933,1753230462,KXMLBGAME-25JUL22BOSPHI-BOS,6,94,250,yes
1753230463921,1753230463,KXMLBGAME-25JUL22SDMIA-SD,10,90,70,no
1753230465109,1753230464,KXMLBGAME-25JUL22LAANYM-NYM,34,66,50,yes
1753230465128,1753230465,KXMLBGAME-25JUL22ATHTEX-ATH,44,56,17,yes
1753230467300,1753230466,KXMLBGAME-25JUL22DETPIT-DET,16,84,500,yes
1753230467300,1753230466,KXMLBGAME-25JUL22DETPIT-DET,17,83,2224,yes
1753230470059,1753230469,KXMLBGAME-25JUL22NYYTOR-NYY,72,28,10,yes
1753230473668,1753230473,KXMLBGAME-25JUL22CWSTB-CWS,12,88,117,no
1753230474248,1753230474,KXMLBGAME-25JUL22BALCLE-BAL,7,93,75,no
1753230474671,1753230474,KXMLBGAME-25JUL22LAANYM-LAA,66,34,87,yes
1753230474671,1753230474,KXMLBGAME-25JUL22LAANYM-LAA,67,33,44,yes
1753230474671,1753230474,KXMLBGAME-25JUL22LAANYM-LAA,67,33,500,yes
1753230474671,1753230474,KXMLBGAME-25JUL22LAANYM-LAA,68,32,600,yes
1753230474671,1753230474,KXMLBGAME-25JUL22LAANYM-LAA,68,32,47,yes
1753230475029,1753230474,KXMLBGAME-25JUL22BALCLE-BAL,15,85,31,yes
1753230477428,1753230477,KXMLBGAME-25JUL22KCCHC-KC,30,70,1588,yes
1753230478629,1753230478,KXMLBGAME-25JUL22CINWSH-CIN,2,98,20,no
1753230482349,1753230482,KXMLBGAME-25JUL22SDMIA-SD,13,87,14,yes
1753230482450,1753230482,KXMLBGAME-25JUL22CWSTB-CWS,12,88,14,no
1753230483809,1753230483,KXMLBGAME-25JUL22HOUARI-HOU,53,47,577,yes
1753230484108,1753230484,KXMLBGAME-25JUL22LAANYM-NYM,34,66,28,yes
1753230484451,1753230484,KXMLBGAME-25JUL22DETPIT-DET,16,84,600,yes
1753230484451,1753230484,KXMLBGAME-25JUL22DETPIT-DET,17,83,87,yes
1753230484451,1753230484,KXMLBGAME-25JUL22DETPIT-DET,17,83,500,yes
1753230484451,1753230484,KXMLBGAME-25JUL22DETPIT-DET,17,83,750,yes
1753230484451,1753230484,KXMLBGAME-25JUL22DETPIT-DET,17,83,100,yes
1753230484451,1753230484,KXMLBGAME-25JUL22DETPIT-DET,25,75,300,yes
1753230484451,1753230484,KXMLBGAME-25JUL22DETPIT-DET,27,73,38,yes
1753230485116,1753230485,KXMLBGAME-25JUL22LAANYM-LAA,67,33,14,yes
1753230486190,1753230486,KXMLBGAME-25JUL22CINWSH-CIN,2,98,42,no
1753230486190,1753230486,KXMLBGAME-25JUL22CINWSH-CIN,2,98,1,no
1753230486868,1753230486,KXMLBGAME-25JUL22NYYTOR-NYY,79,21,1,yes
1753230486868,1753230486,KXMLBGAME-25JUL22NYYTOR-NYY,80,20,97,yes
1753230489148,1753230489,KXMLBGAME-25JUL22ATHTEX-TEX,55,45,87,no
1753230489228,1753230489,KXMLBGAME-25JUL22ATHTEX-ATH,44,56,87,yes
1753230491647,1753230491,KXMLBGAME-25JUL22SDMIA-SD,11,89,10,no
1753230493930,1753230493,KXMLBGAME-25JUL22NYYTOR-TOR,21,79,1,no
1753230494009,1753230493,KXMLBGAME-25JUL22ATHTEX-ATH,47,53,200,yes
1753230494009,1753230493,KXMLBGAME-25JUL22ATHTEX-ATH,47,53,146,yes
1753230494009,1753230493,KXMLBGAME-25JUL22ATHTEX-ATH,48,52,1671,yes
1753230494587,1753230494,KXMLBGAME-25JUL22NYYTOR-TOR,21,79,30,yes
1753230496050,1753230495,KXMLBGAME-25JUL22NYYTOR-NYY,80,20,3,yes
1753230496069,1753230496,KXMLBGAME-25JUL22DETPIT-DET,17,83,10,yes
1753230496168,1753230496,KXMLBGAME-25JUL22KCCHC-CHC,70,30,20,no
1753230497669,1753230497,KXMLBGAME-25JUL22BALCLE-BAL,11,89,31,yes
1753230501711,1753230501,KXMLBGAME-25JUL22BOSPHI-BOS,5,95,12,no
1753230502491,1753230502,KXMLBGAME-25JUL22NYYTOR-NYY,82,18,70,yes
1753230502491,1753230502,KXMLBGAME-25JUL22NYYTOR-NYY,82,18,8,yes
1753230505071,1753230505,KXMLBGAME-25JUL22CINWSH-WSH,98,2,7,yes
1753230509687,1753230509,KXMLBGAME-25JUL22SDMIA-MIA,88,12,200,yes
1753230509687,1753230509,KXMLBGAME-25JUL22SDMIA-MIA,89,11,38,yes
1753230516389,1753230516,KXMLBGAME-25JUL22MILSEA-MIL,46,54,1675,yes
1753230519070,1753230519,KXMLBGAME-25JUL22LAANYM-LAA,67,33,73,yes
1753230519070,1753230519,KXMLBGAME-25JUL22LAANYM-LAA,67,33,10,yes
1753230519070,1753230519,KXMLBGAME-25JUL22LAANYM-LAA,68,32,153,yes
1753230519070,1753230519,KXMLBGAME-25JUL22LAANYM-LAA,68,32,68,yes
1753230519871,1753230519,KXMLBGAME-25JUL22BOSPHI-PHI,94,6,10,no
1753230521669,1753230521,KXMLBGAME-25JUL22SDMIA-SD,11,89,822,no
1753230528071,1753230528,KXMLBGAME-25JUL22SDMIA-SD,13,87,72,yes
1753230528432,1753230528,KXMLBGAME-25JUL22SDMIA-SD,13,87,10,yes
1753230533032,1753230532,KXMLBGAME-25JUL22SDMIA-MIA,90,10,200,yes
1753230533032,1753230532,KXMLBGAME-25JUL22SDMIA-MIA,90,10,186,yes
1753230533190,1753230533,KXMLBGAME-25JUL22ATHTEX-TEX,54,46,17,yes
1753230534770,1753230534,KXMLBGAME-25JUL22BOSPHI-BOS,5,95,50,no
1753230534770,1753230534,KXMLBGAME-25JUL22BOSPHI-BOS,4,96,22,no
1753230534990,1753230534,KXMLBGAME-25JUL22KCCHC-CHC,73,27,82,yes
1753230534990,1753230534,KXMLBGAME-25JUL22KCCHC-CHC,73,27,41,yes
1753230535608,1753230535,KXMLBGAME-25JUL22BALCLE-BAL,10,90,300,no
1753230535608,1753230535,KXMLBGAME-25JUL22BALCLE-BAL,9,91,33,no
1753230537508,1753230537,KXMLBGAME-25JUL22DETPIT-DET,16,84,100,yes
1753230540335,1753230540,KXMLBGAME-25JUL22KCCHC-KC,29,71,65,yes
1753230541232,1753230541,KXMLBGAME-25JUL22BALCLE-BAL,11,89,171,yes
1753230545729,1753230545,KXMLBGAME-25JUL22LAANYM-NYM,32,68,10,no
1753230550009,1753230549,KXMLBGAME-25JUL22BALCLE-CLE,89,11,5,yes
1753230551772,1753230551,KXMLBGAME-25JUL22NYYTOR-TOR,21,79,67,yes
1753230552497,1753230552,KXMLBGAME-25JUL22DETPIT-DET,14,86,4,no
1753230554113,1753230554,KXMLBGAME-25JUL22LAANYM-NYM,31,69,15,yes
1753230554509,1753230554,KXMLBGAME-25JUL22KCCHC-KC,26,74,25,yes
1753230557369,1753230557,KXMLBGAME-25JUL22DETPIT-PIT,90,10,100,yes
1753230558349,1753230558,KXMLBGAME-25JUL22CINWSH-CIN,3,97,156,yes
1753230561903,1753230561,KXMLBGAME-25JUL22DETPIT-DET,9,91,85,yes
1753230565608,1753230565,KXMLBGAME-25JUL22BOSPHI-BOS,6,94,9,yes
1753230565608,1753230565,KXMLBGAME-25JUL22BOSPHI-BOS,6,94,6,yes
1753230566009,1753230565,KXMLBGAME-25JUL22MILSEA-SEA,56,44,17,yes
1753230568674,1753230568,KXMLBGAME-25JUL22STLCOL-COL,40,60,119,yes
1753230568989,1753230568,KXMLBGAME-25JUL22SDMIA-SD,13,87,204,yes
1753230568989,1753230568,KXMLBGAME-25JUL22SDMIA-SD,13,87,20,yes
1753230571010,1753230570,KXMLBGAME-25JUL22ATHTEX-ATH,50,50,3,yes
1753230571291,1753230571,KXMLBGAME-25JUL22SDMIA-MIA,90,10,114,yes
1753230571291,1753230571,KXMLBGAME-25JUL22SDMIA-MIA,90,10,87,yes
1753230571291,1753230571,KXMLBGAME-25JUL22SDMIA-MIA,90,10,185,yes
1753230572049,1753230572,KXMLBGAME-25JUL22NYYTOR-TOR,21,79,50,yes
1753230573019,1753230572,KXMLBGAME-25JUL22SFATL-SF,90,10,1,yes
1753230573019,1753230572,KXMLBGAME-25JUL22SFATL-SF,90,10,2,yes
1753230577347,1753230577,KXMLBGAME-25JUL22MILSEA-MIL,46,54,62,yes
1753230578330,1753230578,KXMLBGAME-25JUL22SDMIA-SD,13,87,72,yes
1753230581331,1753230581,KXMLBGAME-25JUL22ATHTEX-TEX,51,49,28,yes
1753230585566,1753230585,KXMLBGAME-25JUL22DETPIT-PIT,90,10,6,no
1753230585647,1753230585,KXMLBGAME-25JUL22MINLAD-MIN,35,65,44,yes
1753230587829,1753230587,KXMLBGAME-25JUL22ATHTEX-ATH,51,49,284,yes
1753230589873,1753230589,KXMLBGAME-25JUL22SDMIA-MIA,90,10,55,yes
1753230590230,1753230590,KXMLBGAME-25JUL22NYYTOR-TOR,18,82,53,no
1753230590230,1753230590,KXMLBGAME-25JUL22NYYTOR-TOR,18,82,150,no
1753230592030,1753230591,KXMLBGAME-25JUL22DETPIT-DET,10,90,1,yes
1753230592350,1753230592,KXMLBGAME-25JUL22NYYTOR-TOR,18,82,91,no
1753230593951,1753230593,KXMLBGAME-25JUL22BALCLE-CLE,90,10,48,yes
1753230596268,1753230596,KXMLBGAME-25JUL22KCCHC-KC,22,78,43,yes
1753230598332,1753230598,KXMLBGAME-25JUL22SDMIA-SD,10,90,149,no
1753230602059,1753230601,KXMLBGAME-25JUL22NYYTOR-TOR,21,79,40,yes
1753230610649,1753230610,KXMLBGAME-25JUL22NYYTOR-NYY,80,20,1,no
1753230614090,1753230613,KXMLBGAME-25JUL22KCCHC-KC,21,79,10,yes
1753230616132,1753230616,KXMLBGAME-25JUL22MINLAD-LAD,66,34,72,yes
1753230616369,1753230616,KXMLBGAME-25JUL22BOSPHI-PHI,95,5,100,yes
1753230616369,1753230616,KXMLBGAME-25JUL22BOSPHI-PHI,95,5,3046,yes
1753230617650,1753230617,KXMLBGAME-25JUL22SDMIA-MIA,90,10,20,yes
1753230618129,1753230618,KXMLBGAME-25JUL22CINWSH-CIN,3,97,56,yes
1753230618130,1753230618,KXMLBGAME-25JUL22CINWSH-CIN,4,96,4,yes
1753230620408,1753230620,KXMLBGAME-25JUL22DETPIT-DET,10,90,3,yes
1753230620408,1753230620,KXMLBGAME-25JUL22DETPIT-DET,10,90,300,yes
1753230620408,1753230620,KXMLBGAME-25JUL22DETPIT-DET,10,90,500,yes
1753230620408,1753230620,KXMLBGAME-25JUL22DETPIT-DET,11,89,68,yes
1753230620408,1753230620,KXMLBGAME-25JUL22DETPIT-DET,11,89,300,yes
1753230620408,1753230620,KXMLBGAME-25JUL22DETPIT-DET,11,89,600,yes
1753230620408,1753230620,KXMLBGAME-25JUL22DETPIT-DET,11,89,442,yes
1753230621709,1753230621,KXMLBGAME-25JUL22DETPIT-DET,8,92,10,no
1753230621709,1753230621,KXMLBGAME-25JUL22DETPIT-DET,8,92,87,no
1753230621709,1753230621,KXMLBGAME-25JUL22DETPIT-DET,7,93,300,no
1753230621709,1753230621,KXMLBGAME-25JUL22DETPIT-DET,6,94,216,no
1753230625810,1753230625,KXMLBGAME-25JUL22LAANYM-NYM,29,71,300,no
1753230625810,1753230625,KXMLBGAME-25JUL22LAANYM-NYM,29,71,62,no
1753230625910,1753230625,KXMLBGAME-25JUL22LAANYM-LAA,70,30,62,yes
1753230627311,1753230627,KXMLBGAME-25JUL22LAANYM-NYM,29,71,15,yes
1753230629629,1753230629,KXMLBGAME-25JUL22NYYTOR-TOR,18,82,114,no
1753230630228,1753230630,KXMLBGAME-25JUL22NYYTOR-NYY,82,18,30,yes
1753230633170,1753230633,KXMLBGAME-25JUL22DETPIT-PIT,91,9,10,yes
1753230637008,1753230636,KXMLBGAME-25JUL22NYYTOR-TOR,20,80,7,yes
1753230640415,1753230640,KXMLBGAME-25JUL22LAANYM-NYM,29,71,7,yes
1753230644629,1753230644,KXMLBGAME-25JUL22NYYTOR-NYY,81,19,12,yes
1753230645580,1753230644,KXMLBGAME-25JUL22DETPIT-PIT,92,8,190,yes
1753230645634,1753230645,KXMLBGAME-25JUL22DETPIT-DET,7,93,3,no
1753230645635,1753230645,KXMLBGAME-25JUL22DETPIT-DET,7,93,109,no
1753230646009,1753230645,KXMLBGAME-25JUL22NYYTOR-NYY,81,19,28,yes
1753230646508,1753230646,KXMLBGAME-25JUL22SDMIA-MIA,88,12,5,no
1753230647135,1753230646,KXMLBGAME-25JUL22BALCLE-CLE,90,10,47,yes
1753230648035,1753230647,KXMLBGAME-25JUL22DETPIT-PIT,95,5,14,yes
1753230648509,1753230647,KXMLBGAME-25JUL22DETPIT-DET,5,95,449,no
1753230649407,1753230648,KXMLBGAME-25JUL22DETPIT-DET,5,95,424,no
1753230650393,1753230649,KXMLBGAME-25JUL22DETPIT-DET,5,95,419,no
1753230650513,1753230650,KXMLBGAME-25JUL22KCCHC-CHC,78,22,80,no
1753230650513,1753230650,KXMLBGAME-25JUL22KCCHC-CHC,78,22,300,no
1753230650634,1753230650,KXMLBGAME-25JUL22KCCHC-KC,22,78,44,yes
1753230650634,1753230650,KXMLBGAME-25JUL22KCCHC-KC,22,78,36,yes
1753230650834,1753230650,KXMLBGAME-25JUL22DETPIT-DET,6,94,78,yes
1753230651581,1753230651,KXMLBGAME-25JUL22BALCLE-BAL,9,91,14,yes
1753230652210,1753230652,KXMLBGAME-25JUL22SDMIA-MIA,88,12,82,no
1753230652210,1753230652,KXMLBGAME-25JUL22SDMIA-MIA,88,12,75,no
1753230654431,1753230654,KXMLBGAME-25JUL22NYYTOR-NYY,81,19,1,yes
1753230654431,1753230654,KXMLBGAME-25JUL22NYYTOR-NYY,81,19,9,yes
1753230654431,1753230654,KXMLBGAME-25JUL22NYYTOR-NYY,81,19,2,yes
1753230655409,1753230655,KXMLBGAME-25JUL22DETPIT-DET,6,94,83,yes
1753230655709,1753230655,KXMLBGAME-25JUL22BOSPHI-BOS,5,95,10,yes
1753230656470,1753230656,KXMLBGAME-25JUL22LAANYM-NYM,27,73,31,no
1753230656470,1753230656,KXMLBGAME-25JUL22LAANYM-NYM,26,74,165,no
1753230657729,1753230657,KXMLBGAME-25JUL22DETPIT-DET,6,94,339,yes
1753230657729,1753230657,KXMLBGAME-25JUL22DETPIT-DET,7,93,300,yes
1753230657729,1753230657,KXMLBGAME-25JUL22DETPIT-DET,7,93,79,yes
1753230658492,1753230658,KXMLBGAME-25JUL22DETPIT-PIT,95,5,304,yes
1753230658492,1753230658,KXMLBGAME-25JUL22DETPIT-PIT,95,5,100,yes
1753230658648,1753230658,KXMLBGAME-25JUL22MILSEA-MIL,46,54,4,yes
1753230659192,1753230659,KXMLBGAME-25JUL22DETPIT-PIT,95,5,241,yes
1753230660151,1753230660,KXMLBGAME-25JUL22BALCLE-CLE,93,7,115,yes
1753230663087,1753230662,KXMLBGAME-25JUL22ATHTEX-ATH,49,51,870,yes
1753230666470,1753230666,KXMLBGAME-25JUL22ATHTEX-TEX,53,47,49,yes
1753230669010,1753230668,KXMLBGAME-25JUL22DETPIT-DET,4,96,22,no
1753230671913,1753230671,KXMLBGAME-25JUL22ATHTEX-TEX,53,47,40,yes
1753230674929,1753230674,KXMLBGAME-25JUL22ATHTEX-TEX,53,47,26,yes
1753230676489,1753230676,KXMLBGAME-25JUL22CINWSH-WSH,98,2,39,yes
1753230676489,1753230676,KXMLBGAME-25JUL22CINWSH-WSH,98,2,5,yes
1753230676489,1753230676,KXMLBGAME-25JUL22CINWSH-WSH,99,1,1000,yes
1753230676489,1753230676,KXMLBGAME-25JUL22CINWSH-WSH,99,1,161,yes
1753230677069,1753230677,KXMLBGAME-25JUL22BALCLE-CLE,90,10,87,no
1753230677069,1753230677,KXMLBGAME-25JUL22BALCLE-CLE,90,10,75,no
1753230680689,1753230680,KXMLBGAME-25JUL22STLCOL-COL,40,60,15,yes
1753230681108,1753230681,KXMLBGAME-25JUL22HOUARI-HOU,53,47,146,yes
1753230681509,1753230681,KXMLBGAME-25JUL22ATHTEX-TEX,53,47,91,yes
1753230690630,1753230690,KXMLBGAME-25JUL22HOUARI-HOU,53,47,13,yes
1753230691069,1753230691,KXMLBGAME-25JUL22BALCLE-CLE,93,7,12,yes
1753230691850,1753230691,KXMLBGAME-25JUL22DETPIT-DET,4,96,278,no
1753230691850,1753230691,KXMLBGAME-25JUL22DETPIT-DET,3,97,87,no
1753230691850,1753230691,KXMLBGAME-25JUL22DETPIT-DET,3,97,600,no
1753230691850,1753230691,KXMLBGAME-25JUL22DETPIT-DET,3,97,1630,no
1753230692590,1753230692,KXMLBGAME-25JUL22NYYTOR-NYY,81,19,6,yes
1753230693489,1753230693,KXMLBGAME-25JUL22BALCLE-BAL,9,91,27,yes
1753230694370,1753230694,KXMLBGAME-25JUL22LAANYM-LAA,66,34,6,no
1753230695528,1753230695,KXMLBGAME-25JUL22BALCLE-BAL,9,91,1119,yes
1753230696872,1753230696,KXMLBGAME-25JUL22SDMIA-SD,11,89,2,yes
1753230697570,1753230697,KXMLBGAME-25JUL22MILSEA-SEA,56,44,127,yes
1753230699030,1753230698,KXMLBGAME-25JUL22SFATL-SF,92,8,257,yes
1753230699090,1753230699,KXMLBGAME-25JUL22LAANYM-NYM,27,73,1,yes
1753230699769,1753230699,KXMLBGAME-25JUL22SDMIA-SD,11,89,1,yes
1753230700888,1753230700,KXMLBGAME-25JUL22SFATL-SF,92,8,706,yes
1753230703331,1753230703,KXMLBGAME-25JUL22SFATL-ATL,7,93,100,no
1753230705084,1753230705,KXMLBGAME-25JUL22NYYTOR-NYY,81,19,5,yes
1753230705609,1753230705,KXMLBGAME-25JUL22KCCHC-KC,24,76,3,yes
1753230706031,1753230705,KXMLBGAME-25JUL22LAANYM-NYM,33,67,74,yes
1753230707870,1753230707,KXMLBGAME-25JUL22ATHTEX-ATH,46,54,10,yes
1753230709449,1753230709,KXMLBGAME-25JUL22NYYTOR-NYY,81,19,8,yes
1753230709449,1753230709,KXMLBGAME-25JUL22NYYTOR-NYY,81,19,2,yes
1753230713369,1753230713,KXMLBGAME-25JUL22NYYTOR-TOR,20,80,1,yes
1753230715623,1753230715,KXMLBGAME-25JUL22SDMIA-MIA,91,9,273,yes
1753230716229,1753230716,KXMLBGAME-25JUL22BOSPHI-BOS,6,94,183,yes
1753230716229,1753230716,KXMLBGAME-25JUL22BOSPHI-BOS,7,93,513,yes
1753230718529,1753230718,KXMLBGAME-25JUL22LAANYM-LAA,67,33,500,no
1753230718529,1753230718,KXMLBGAME-25JUL22LAANYM-LAA,67,33,300,no
1753230718530,1753230718,KXMLBGAME-25JUL22LAANYM-LAA,66,34,132,no
1753230722009,1753230721,KXMLBGAME-25JUL22DETPIT-PIT,94,6,36,no
1753230723251,1753230723,KXMLBGAME-25JUL22LAANYM-LAA,69,31,25,yes
1753230723251,1753230723,KXMLBGAME-25JUL22LAANYM-LAA,70,30,157,yes
1753230725446,1753230725,KXMLBGAME-25JUL22ATHTEX-TEX,54,46,8,no
1753230728115,1753230728,KXMLBGAME-25JUL22MILSEA-MIL,46,54,41,yes
1753230728729,1753230728,KXMLBGAME-25JUL22BALCLE-BAL,10,90,2,yes
1753230729790,1753230729,KXMLBGAME-25JUL22NYYTOR-TOR,19,81,23,no
1753230729790,1753230729,KXMLBGAME-25JUL22NYYTOR-TOR,19,81,113,no
1753230730609,1753230730,KXMLBGAME-25JUL22MINLAD-LAD,66,34,13,yes
1753230732723,1753230732,KXMLBGAME-25JUL22DETPIT-DET,6,94,3,yes
1753230732723,1753230732,KXMLBGAME-25JUL22DETPIT-DET,6,94,12,yes
1753230734291,1753230734,KXMLBGAME-25JUL22DETPIT-PIT,96,4,1,yes
1753230735210,1753230735,KXMLBGAME-25JUL22DETPIT-DET,6,94,488,yes
1753230735210,1753230735,KXMLBGAME-25JUL22DETPIT-DET,7,93,252,yes
1753230735629,1753230735,KXMLBGAME-25JUL22NYYTOR-TOR,20,80,4,yes
1753230735710,1753230735,KXMLBGAME-25JUL22NYYTOR-NYY,81,19,30,yes
1753230736291,1753230736,KXMLBGAME-25JUL22MILSEA-SEA,56,44,1356,yes
1753230736291,1753230736,KXMLBGAME-25JUL22MILSEA-SEA,56,44,341,yes
1753230736669,1753230736,KXMLBGAME-25JUL22BALCLE-CLE,93,7,31,yes
1753230736669,1753230736,KXMLBGAME-25JUL22BALCLE-CLE,93,7,135,yes
1753230739448,1753230739,KXMLBGAME-25JUL22NYYTOR-TOR,20,80,16,yes
1753230739448,1753230739,KXMLBGAME-25JUL22NYYTOR-TOR,21,79,73,yes
1753230739529,1753230739,KXMLBGAME-25JUL22DETPIT-PIT,94,6,204,no
1753230740788,1753230740,KXMLBGAME-25JUL22LAANYM-NYM,31,69,61,yes
1753230740788,1753230740,KXMLBGAME-25JUL22LAANYM-NYM,31,69,185,yes
1753230740788,1753230740,KXMLBGAME-25JUL22LAANYM-NYM,32,68,59,yes
1753230743849,1753230743,KXMLBGAME-25JUL22DETPIT-DET,4,96,300,no
1753230743849,1753230743,KXMLBGAME-25JUL22DETPIT-DET,4,96,3,no
1753230743849,1753230743,KXMLBGAME-25JUL22DETPIT-DET,3,97,79,no
1753230743849,1753230743,KXMLBGAME-25JUL22DETPIT-DET,3,97,256,no
1753230747981,1753230747,KXMLBGAME-25JUL22ATHTEX-TEX,55,45,26,yes
1753230749930,1753230749,KXMLBGAME-25JUL22DETPIT-PIT,96,4,199,yes
1753230749930,1753230749,KXMLBGAME-25JUL22DETPIT-PIT,97,3,60,yes
1753230749930,1753230749,KXMLBGAME-25JUL22DETPIT-PIT,97,3,600,yes
1753230749930,1753230749,KXMLBGAME-25JUL22DETPIT-PIT,97,3,2000,yes
1753230749930,1753230749,KXMLBGAME-25JUL22DETPIT-PIT,98,2,300,yes
1753230749930,1753230749,KXMLBGAME-25JUL22DETPIT-PIT,98,2,500,yes
1753230749930,1753230749,KXMLBGAME-25JUL22DETPIT-PIT,98,2,600,yes
1753230749930,1753230749,KXMLBGAME-25JUL22DETPIT-PIT,99,1,856,yes
1753230750231,1753230750,KXMLBGAME-25JUL22KCCHC-KC,24,76,10,yes
1753230751130,1753230751,KXMLBGAME-25JUL22MILSEA-SEA,56,44,67,yes
1753230752828,1753230752,KXMLBGAME-25JUL22KCCHC-KC,23,77,87,no
1753230752828,1753230752,KXMLBGAME-25JUL22KCCHC-KC,23,77,108,no
1753230753431,1753230752,KXMLBGAME-25JUL22SDMIA-MIA,95,5,1,yes
1753230753431,1753230752,KXMLBGAME-25JUL22SDMIA-MIA,96,4,2,yes
1753230756530,1753230756,KXMLBGAME-25JUL22LAANYM-NYM,32,68,74,yes
1753230757809,1753230757,KXMLBGAME-25JUL22DETPIT-PIT,96,4,1558,yes
1753230763708,1753230763,KXMLBGAME-25JUL22BALCLE-BAL,9,91,86,no
1753230764650,1753230764,KXMLBGAME-25JUL22NYYTOR-NYY,81,19,2,yes
1753230767009,1753230766,KXMLBGAME-25JUL22STLCOL-STL,61,39,94,yes
1753230769210,1753230769,KXMLBGAME-25JUL22MILSEA-MIL,46,54,105,yes
1753230769249,1753230769,KXMLBGAME-25JUL22ATHTEX-ATH,47,53,51,yes
1753230770270,1753230770,KXMLBGAME-25JUL22SDMIA-MIA,90,10,87,yes
1753230770271,1753230770,KXMLBGAME-25JUL22SDMIA-MIA,90,10,229,yes
1753230770647,1753230770,KXMLBGAME-25JUL22LAANYM-LAA,70,30,19,yes
1753230771840,1753230771,KXMLBGAME-25JUL22DETPIT-DET,6,94,87,yes
1753230771840,1753230771,KXMLBGAME-25JUL22DETPIT-DET,6,94,4,yes
1753230771840,1753230771,KXMLBGAME-25JUL22DETPIT-DET,7,93,96,yes
1753230771840,1753230771,KXMLBGAME-25JUL22DETPIT-DET,7,93,300,yes
1753230771840,1753230771,KXMLBGAME-25JUL22DETPIT-DET,7,93,196,yes
1753230775289,1753230775,KXMLBGAME-25JUL22CWSTB-TB,87,13,5,yes
1753230778831,1753230778,KXMLBGAME-25JUL22BALCLE-BAL,9,91,32,no
1753230779250,1753230779,KXMLBGAME-25JUL22DETPIT-DET,6,94,10,yes
1753230779830,1753230779,KXMLBGAME-25JUL22CWSTB-CWS,16,84,2,yes
1753230782071,1753230782,KXMLBGAME-25JUL22NYYTOR-NYY,80,20,9,no
1753230785828,1753230785,KXMLBGAME-25JUL22ATHTEX-TEX,50,50,4,no
1753230785931,1753230785,KXMLBGAME-25JUL22SFATL-SF,95,5,28,yes
1753230788929,1753230788,KXMLBGAME-25JUL22DETPIT-DET,6,94,15,yes
1753230791070,1753230791,KXMLBGAME-25JUL22NYYTOR-TOR,22,78,150,yes
1753230792054,1753230791,KXMLBGAME-25JUL22NYYTOR-NYY,80,20,12,yes
1753230796347,1753230796,KXMLBGAME-25JUL22KCCHC-CHC,76,24,87,yes
1753230796347,1753230796,KXMLBGAME-25JUL22KCCHC-CHC,77,23,300,yes
1753230796347,1753230796,KXMLBGAME-25JUL22KCCHC-CHC,77,23,253,yes
1753230798471,1753230798,KXMLBGAME-25JUL22KCCHC-CHC,77,23,550,yes
1753230799109,1753230799,KXMLBGAME-25JUL22LAANYM-LAA,70,30,19,yes
1753230806050,1753230806,KXMLBGAME-25JUL22HOUARI-HOU,52,48,20,no
1753230806050,1753230806,KXMLBGAME-25JUL22HOUARI-HOU,52,48,38,no
1753230806269,1753230806,KXMLBGAME-25JUL22DETPIT-DET,4,96,87,no
1753230809318,1753230809,KXMLBGAME-25JUL22KCCHC-CHC,80,20,100,yes
1753230810550,1753230810,KXMLBGAME-25JUL22STLCOL-STL,61,39,13,yes
1753230811432,1753230811,KXMLBGAME-25JUL22DETPIT-DET,4,96,213,no
1753230811432,1753230811,KXMLBGAME-25JUL22DETPIT-DET,4,96,4,no
1753230811432,1753230811,KXMLBGAME-25JUL22DETPIT-DET,3,97,165,no
1753230818630,1753230818,KXMLBGAME-25JUL22BALCLE-BAL,12,88,87,yes
1753230818630,1753230818,KXMLBGAME-25JUL22BALCLE-BAL,13,87,101,yes
1753230818872,1753230818,KXMLBGAME-25JUL22SDMIA-SD,11,89,156,no
1753230820729,1753230820,KXMLBGAME-25JUL22STLCOL-STL,61,39,50,yes
1753230825091,1753230825,KXMLBGAME-25JUL22SDMIA-MIA,89,11,250,yes
1753230825091,1753230825,KXMLBGAME-25JUL22SDMIA-MIA,90,10,80,yes
1753230825091,1753230825,KXMLBGAME-25JUL22SDMIA-MIA,90,10,300,yes
1753230825091,1753230825,KXMLBGAME-25JUL22SDMIA-MIA,91,9,300,yes
1753230825091,1753230825,KXMLBGAME-25JUL22SDMIA-MIA,91,9,600,yes
1753230825091,1753230825,KXMLBGAME-25JUL22SDMIA-MIA,91,9,226,yes
1753230826450,1753230826,KXMLBGAME-25JUL22DETPIT-DET,7,93,13,yes
1753230828088,1753230828,KXMLBGAME-25JUL22LAANYM-LAA,69,31,3,yes
1753230829629,1753230829,KXMLBGAME-25JUL22NYYTOR-NYY,80,20,43,yes
1753230834450,1753230834,KXMLBGAME-25JUL22SDMIA-SD,12,88,205,yes
1753230834450,1753230834,KXMLBGAME-25JUL22SDMIA-SD,12,88,26,yes
1753230837889,1753230837,KXMLBGAME-25JUL22LAANYM-NYM,33,67,14,yes
1753230838606,1753230838,KXMLBGAME-25JUL22HOUARI-ARI,48,52,11,yes
1753230840709,1753230840,KXMLBGAME-25JUL22LAANYM-NYM,33,67,57,yes
1753230841132,1753230841,KXMLBGAME-25JUL22DETPIT-DET,6,94,46,yes
1753230841932,1753230841,KXMLBGAME-25JUL22NYYTOR-NYY,79,21,1666,no
1753230842327,1753230842,KXMLBGAME-25JUL22CWSTB-TB,84,16,15,no
1753230843430,1753230843,KXMLBGAME-25JUL22NYYTOR-NYY,79,21,250,no
1753230843430,1753230843,KXMLBGAME-25JUL22NYYTOR-TOR,24,76,250,no
1753230843531,1753230843,KXMLBGAME-25JUL22BOSPHI-BOS,5,95,6,no
1753230843830,1753230843,KXMLBGAME-25JUL22ATHTEX-TEX,51,49,49,yes
1753230845451,1753230845,KXMLBGAME-25JUL22HOUARI-HOU,53,47,126,yes
1753230848668,1753230848,KXMLBGAME-25JUL22MILSEA-MIL,46,54,52,yes
1753230851309,1753230851,KXMLBGAME-25JUL22LAANYM-NYM,33,67,14,yes
1753230855527,1753230854,KXMLBGAME-25JUL22BALCLE-BAL,13,87,36,yes
1753230856833,1753230856,KXMLBGAME-25JUL22SFATL-SF,95,5,308,yes
1753230858130,1753230858,KXMLBGAME-25JUL22NYYTOR-NYY,76,24,129,yes
1753230858881,1753230858,KXMLBGAME-25JUL22BALCLE-BAL,13,87,1812,yes
1753230858881,1753230858,KXMLBGAME-25JUL22BALCLE-BAL,10,90,31,no
1753230859310,1753230859,KXMLBGAME-25JUL22SFATL-ATL,5,95,18,no
1753230864715,1753230864,KXMLBGAME-25JUL22BALCLE-BAL,10,90,269,no
1753230864715,1753230864,KXMLBGAME-25JUL22BALCLE-BAL,10,90,67,no
1753230864715,1753230864,KXMLBGAME-25JUL22BALCLE-BAL,10,90,3664,no
1753230868288,1753230868,KXMLBGAME-25JUL22KCCHC-KC,18,82,4,no
1753230868288,1753230868,KXMLBGAME-25JUL22KCCHC-KC,17,83,100,no
1753230868288,1753230868,KXMLBGAME-25JUL22KCCHC-KC,17,83,87,no
1753230870912,1753230870,KXMLBGAME-25JUL22KCCHC-KC,16,84,69,no
1753230871010,1753230870,KXMLBGAME-25JUL22LAANYM-LAA,69,31,133,yes
1753230871010,1753230870,KXMLBGAME-25JUL22LAANYM-LAA,69,31,300,yes
1753230871010,1753230870,KXMLBGAME-25JUL22LAANYM-LAA,69,31,14,yes
1753230871010,1753230870,KXMLBGAME-25JUL22LAANYM-LAA,69,31,14,yes
1753230871010,1753230870,KXMLBGAME-25JUL22LAANYM-LAA,69,31,57,yes
1753230871089,1753230870,KXMLBGAME-25JUL22KCCHC-CHC,83,17,550,yes
1753230871089,1753230870,KXMLBGAME-25JUL22KCCHC-CHC,84,16,100,yes
1753230871089,1753230870,KXMLBGAME-25JUL22KCCHC-CHC,84,16,52,yes
1753230875611,1753230875,KXMLBGAME-25JUL22NYYTOR-NYY,77,23,18,yes
1753230875611,1753230875,KXMLBGAME-25JUL22NYYTOR-NYY,77,23,250,yes
1753230875611,1753230875,KXMLBGAME-25JUL22NYYTOR-NYY,77,23,300,yes
1753230875611,1753230875,KXMLBGAME-25JUL22NYYTOR-NYY,77,23,122,yes
1753230877547,1753230877,KXMLBGAME-25JUL22KCCHC-CHC,87,13,14,yes
1753230878008,1753230877,KXMLBGAME-25JUL22SDMIA-MIA,89,11,217,yes
1753230878951,1753230878,KXMLBGAME-25JUL22KCCHC-CHC,85,15,87,no
1753230878951,1753230878,KXMLBGAME-25JUL22KCCHC-CHC,85,15,300,no
1753230878951,1753230878,KXMLBGAME-25JUL22KCCHC-CHC,84,16,253,no
1753230884331,1753230884,KXMLBGAME-25JUL22CINWSH-CIN,3,97,31,yes
1753230884970,1753230884,KXMLBGAME-25JUL22SDMIA-MIA,89,11,2,yes
1753230885508,1753230885,KXMLBGAME-25JUL22ATHTEX-ATH,51,49,3,yes
1753230885728,1753230885,KXMLBGAME-25JUL22BALCLE-BAL,7,93,25,no
1753230885827,1753230885,KXMLBGAME-25JUL22BALCLE-CLE,93,7,5,yes
1753230887328,1753230887,KXMLBGAME-25JUL22BALCLE-BAL,7,93,5,yes
1753230888050,1753230888,KXMLBGAME-25JUL22MILSEA-MIL,46,54,3,yes
1753230890710,1753230890,KXMLBGAME-25JUL22CINWSH-WSH,97,3,1,no
1753230891130,1753230891,KXMLBGAME-25JUL22BALCLE-BAL,7,93,26,yes
1753230892428,1753230892,KXMLBGAME-25JUL22STLCOL-STL,61,39,4769,yes
1753230894815,1753230894,KXMLBGAME-25JUL22KCCHC-KC,15,85,300,yes
1753230894815,1753230894,KXMLBGAME-25JUL22KCCHC-KC,15,85,14,yes
1753230895312,1753230895,KXMLBGAME-25JUL22CINWSH-CIN,1,99,24,no
1753230895728,1753230895,KXMLBGAME-25JUL22LAANYM-NYM,43,57,87,yes
1753230895728,1753230895,KXMLBGAME-25JUL22LAANYM-NYM,44,56,300,yes
1753230895802,1753230895,KXMLBGAME-25JUL22LAANYM-NYM,45,55,87,no
1753230895802,1753230895,KXMLBGAME-25JUL22LAANYM-LAA,66,34,87,no
1753230895816,1753230895,KXMLBGAME-25JUL22LAANYM-LAA,65,35,400,no
1753230898609,1753230898,KXMLBGAME-25JUL22LAANYM-LAA,65,35,72,yes
1753230899088,1753230899,KXMLBGAME-25JUL22LAANYM-NYM,45,55,466,no
1753230899088,1753230899,KXMLBGAME-25JUL22LAANYM-LAA,57,43,87,no
1753230899088,1753230899,KXMLBGAME-25JUL22LAANYM-LAA,56,44,300,no
1753230900037,1753230899,KXMLBGAME-25JUL22LAANYM-NYM,45,55,13,no
1753230904970,1753230904,KXMLBGAME-25JUL22LAANYM-LAA,21,79,8,no
1753230906987,1753230906,KXMLBGAME-25JUL22KCCHC-KC,15,85,12,yes
1753230909589,1753230909,KXMLBGAME-25JUL22LAANYM-LAA,30,70,8,no
1753230910728,1753230910,KXMLBGAME-25JUL22DETPIT-DET,5,95,87,yes
1753230910728,1753230910,KXMLBGAME-25JUL22DETPIT-DET,6,94,4,yes
1753230910728,1753230910,KXMLBGAME-25JUL22DETPIT-DET,6,94,1,yes
1753230911130,1753230911,KXMLBGAME-25JUL22MILSEA-MIL,46,54,2,yes
1753230913489,1753230913,KXMLBGAME-25JUL22SDMIA-SD,12,88,23,yes
1753230917109,1753230917,KXMLBGAME-25JUL22NYYTOR-NYY,75,25,28,no
1753230917869,1753230917,KXMLBGAME-25JUL22NYYTOR-TOR,24,76,70,yes
1753230917869,1753230917,KXMLBGAME-25JUL22NYYTOR-TOR,26,74,87,yes
1753230920549,1753230920,KXMLBGAME-25JUL22STLCOL-STL,61,39,2,yes
1753230921008,1753230920,KXMLBGAME-25JUL22NYYTOR-TOR,32,68,2000,yes
1753230921008,1753230920,KXMLBGAME-25JUL22NYYTOR-TOR,32,68,300,yes
1753230921008,1753230920,KXMLBGAME-25JUL22NYYTOR-TOR,32,68,519,yes
1753230924769,1753230924,KXMLBGAME-25JUL22SFATL-SF,94,6,200,yes
1753230924769,1753230924,KXMLBGAME-25JUL22SFATL-SF,94,6,300,yes
1753230924769,1753230924,KXMLBGAME-25JUL22SFATL-SF,94,6,2678,yes
1753230926728,1753230926,KXMLBGAME-25JUL22SDMIA-MIA,87,13,300,no
1753230926728,1753230926,KXMLBGAME-25JUL22SDMIA-MIA,87,13,87,no
1753230926728,1753230926,KXMLBGAME-25JUL22SDMIA-MIA,86,14,597,no
1753230926807,1753230926,KXMLBGAME-25JUL22BALCLE-BAL,7,93,110,yes
1753230928649,1753230928,KXMLBGAME-25JUL22LAANYM-NYM,61,39,13,yes
1753230931229,1753230931,KXMLBGAME-25JUL22MINLAD-LAD,66,34,89,yes
1753230931367,1753230931,KXMLBGAME-25JUL22MINLAD-MIN,34,66,589,no
1753230931769,1753230931,KXMLBGAME-25JUL22KCCHC-CHC,87,13,23,yes
1753230931769,1753230931,KXMLBGAME-25JUL22KCCHC-CHC,87,13,28,yes
1753230933288,1753230933,KXMLBGAME-25JUL22NYYTOR-NYY,70,30,36,yes
1753230935069,1753230935,KXMLBGAME-25JUL22BOSPHI-BOS,6,94,84,no
1753230937969,1753230937,KXMLBGAME-25JUL22BALCLE-BAL,6,94,8,no
1753230940589,1753230940,KXMLBGAME-25JUL22LAANYM-LAA,39,61,72,no
1753230941530,1753230941,KXMLBGAME-25JUL22LAANYM-NYM,59,41,50,no
1753230945129,1753230945,KXMLBGAME-25JUL22BALCLE-CLE,95,5,5,yes
1753230946270,1753230946,KXMLBGAME-25JUL22NYYTOR-NYY,70,30,6,yes
1753230946270,1753230946,KXMLBGAME-25JUL22NYYTOR-NYY,70,30,28,yes
1753230950108,1753230949,KXMLBGAME-25JUL22KCCHC-CHC,87,13,272,yes
1753230950109,1753230949,KXMLBGAME-25JUL22KCCHC-CHC,87,13,128,yes
1753230952429,1753230952,KXMLBGAME-25JUL22NYYTOR-NYY,67,33,50,no
1753230953348,1753230953,KXMLBGAME-25JUL22LAANYM-NYM,61,39,43,yes
1753230957230,1753230957,KXMLBGAME-25JUL22NYYTOR-NYY,70,30,44,yes
1753230960034,1753230959,KXMLBGAME-25JUL22BALCLE-BAL,6,94,74,no
1753230960732,1753230960,KXMLBGAME-25JUL22NYYTOR-NYY,70,30,228,yes
1753230960732,1753230960,KXMLBGAME-25JUL22NYYTOR-NYY,70,30,27,yes
1753230960732,1753230960,KXMLBGAME-25JUL22NYYTOR-NYY,70,30,4,yes
1753230960732,1753230960,KXMLBGAME-25JUL22NYYTOR-NYY,71,29,600,yes
1753230960732,1753230960,KXMLBGAME-25JUL22NYYTOR-NYY,72,28,303,yes
1753230961629,1753230961,KXMLBGAME-25JUL22LAANYM-NYM,61,39,76,no
1753230963108,1753230962,KXMLBGAME-25JUL22NYYTOR-NYY,71,29,19,yes
1753230964530,1753230964,KXMLBGAME-25JUL22HOUARI-HOU,53,47,2,yes
1753230964531,1753230964,KXMLBGAME-25JUL22KCCHC-KC,65,35,52,yes
1753230964531,1753230964,KXMLBGAME-25JUL22KCCHC-KC,65,35,10,yes
1753230964531,1753230964,KXMLBGAME-25JUL22KCCHC-KC,65,35,55,yes
1753230966031,1753230965,KXMLBGAME-25JUL22LAANYM-NYM,60,40,300,no
1753230966031,1753230965,KXMLBGAME-25JUL22LAANYM-NYM,60,40,57,no
1753230966031,1753230965,KXMLBGAME-25JUL22LAANYM-NYM,58,42,500,no
1753230966031,1753230965,KXMLBGAME-25JUL22LAANYM-NYM,58,42,96,no
1753230966208,1753230966,KXMLBGAME-25JUL22NYYTOR-NYY,70,30,19,yes
1753230966208,1753230966,KXMLBGAME-25JUL22NYYTOR-NYY,71,29,120,yes
1753230966830,1753230966,KXMLBGAME-25JUL22BALCLE-BAL,6,94,16,no
1753230968210,1753230968,KXMLBGAME-25JUL22KCCHC-KC,15,85,87,no
1753230968211,1753230968,KXMLBGAME-25JUL22KCCHC-CHC,87,13,87,no
1753230969933,1753230969,KXMLBGAME-25JUL22HOUARI-ARI,47,53,20,no
1753230970292,1753230970,KXMLBGAME-25JUL22NYYTOR-NYY,70,30,14,yes
1753230970292,1753230970,KXMLBGAME-25JUL22NYYTOR-NYY,71,29,16,yes
1753230970888,1753230970,KXMLBGAME-25JUL22KCCHC-KC,15,85,13,no
1753230972388,1753230972,KXMLBGAME-25JUL22NYYTOR-NYY,71,29,55,yes
1753230972929,1753230972,KXMLBGAME-25JUL22KCCHC-KC,14,86,13,no
1753230974089,1753230974,KXMLBGAME-25JUL22SDMIA-SD,11,89,10,no
1753230976488,1753230976,KXMLBGAME-25JUL22LAANYM-LAA,40,60,14,no
1753230977828,1753230977,KXMLBGAME-25JUL22DETPIT-DET,3,97,4,no
1753230977828,1753230977,KXMLBGAME-25JUL22DETPIT-DET,3,97,13,no
1753230979148,1753230979,KXMLBGAME-25JUL22MILSEA-SEA,56,44,4,yes
1753230980352,1753230980,KXMLBGAME-25JUL22NYYTOR-TOR,29,71,25,no
1753230980768,1753230980,KXMLBGAME-25JUL22KCCHC-KC,15,85,147,yes
1753230982790,1753230982,KXMLBGAME-25JUL22BOSPHI-BOS,7,93,62,yes
1753230986509,1753230986,KXMLBGAME-25JUL22CINWSH-WSH,96,4,20,no
1753230986509,1753230986,KXMLBGAME-25JUL22CINWSH-WSH,96,4,199,no
1753230986848,1753230986,KXMLBGAME-25JUL22DETPIT-DET,5,95,10,yes
1753230990068,1753230990,KXMLBGAME-25JUL22CWSTB-TB,87,13,1,yes
1753230990569,1753230990,KXMLBGAME-25JUL22BALCLE-BAL,6,94,166,no
1753230991649,1753230991,KXMLBGAME-25JUL22DETPIT-DET,3,97,158,no
1753230991709,1753230991,KXMLBGAME-25JUL22KCCHC-KC,16,84,13,yes
1753230995850,1753230995,KXMLBGAME-25JUL22LAANYM-LAA,40,60,135,no
1753230998488,1753230998,KXMLBGAME-25JUL22SDMIA-SD,12,88,77,yes
1753231000349,1753231000,KXMLBGAME-25JUL22DETPIT-DET,3,97,100,no
1753231000349,1753231000,KXMLBGAME-25JUL22DETPIT-DET,2,98,300,no
1753231000349,1753231000,KXMLBGAME-25JUL22DETPIT-DET,2,98,224,no
1753231001936,1753231001,KXMLBGAME-25JUL22NYYTOR-NYY,71,29,11,yes
1753231001936,1753231001,KXMLBGAME-25JUL22NYYTOR-NYY,71,29,265,yes
1753231003488,1753231003,KXMLBGAME-25JUL22BOSPHI-PHI,95,5,1,yes
1753231004366,1753231004,KXMLBGAME-25JUL22ATHTEX-TEX,52,48,2,yes
1753231005728,1753231005,KXMLBGAME-25JUL22DETPIT-DET,2,98,44,no
1753231005952,1753231005,KXMLBGAME-25JUL22BALCLE-CLE,93,7,25,no
1753231006268,1753231006,KXMLBGAME-25JUL22NYYTOR-TOR,33,67,14,yes
1753231006330,1753231006,KXMLBGAME-25JUL22DETPIT-DET,2,98,47,no
1753231008650,1753231008,KXMLBGAME-25JUL22MILSEA-MIL,46,54,48,yes
1753231010788,1753231010,KXMLBGAME-25JUL22LAANYM-LAA,40,60,54,no
1753231012148,1753231012,KXMLBGAME-25JUL22SDMIA-MIA,89,11,16,yes
1753231013649,1753231013,KXMLBGAME-25JUL22BALCLE-BAL,6,94,110,no
1753231015109,1753231015,KXMLBGAME-25JUL22BALCLE-BAL,6,94,5,no
1753231015948,1753231015,KXMLBGAME-25JUL22BALCLE-BAL,6,94,3621,no
1753231016048,1753231015,KXMLBGAME-25JUL22SFATL-ATL,7,93,100,yes
1753231016610,1753231016,KXMLBGAME-25JUL22LAANYM-LAA,41,59,43,yes
1753231016610,1753231016,KXMLBGAME-25JUL22LAANYM-LAA,41,59,67,yes
1753231017849,1753231017,KXMLBGAME-25JUL22LAANYM-NYM,61,39,7,yes
1753231022311,1753231022,KXMLBGAME-25JUL22SDMIA-MIA,89,11,5,yes
1753231022890,1753231022,KXMLBGAME-25JUL22DETPIT-PIT,97,3,1,yes
1753231025349,1753231025,KXMLBGAME-25JUL22HOUARI-HOU,53,47,21,yes
1753231025970,1753231025,KXMLBGAME-25JUL22CINWSH-CIN,3,97,15,yes
1753231026769,1753231026,KXMLBGAME-25JUL22NYYTOR-NYY,69,31,5,yes
1753231027049,1753231026,KXMLBGAME-25JUL22ATHTEX-TEX,52,48,93,yes
1753231028469,1753231028,KXMLBGAME-25JUL22SDMIA-MIA,89,11,111,yes
1753231029518,1753231029,KXMLBGAME-25JUL22BALCLE-BAL,5,95,95,no
1753231029768,1753231029,KXMLBGAME-25JUL22KCCHC-KC,14,86,87,no
1753231029768,1753231029,KXMLBGAME-25JUL22KCCHC-KC,13,87,220,no
1753231032848,1753231032,KXMLBGAME-25JUL22MILSEA-MIL,46,54,6,yes
1753231035750,1753231035,KXMLBGAME-25JUL22CINWSH-CIN,1,99,28,no
1753231038832,1753231038,KXMLBGAME-25JUL22BALCLE-BAL,5,95,5,no
1753231038832,1753231038,KXMLBGAME-25JUL22BALCLE-BAL,5,95,10,no
1753231038832,1753231038,KXMLBGAME-25JUL22BALCLE-BAL,5,95,1,no
1753231038832,1753231038,KXMLBGAME-25JUL22BALCLE-BAL,4,96,200,no
1753231038832,1753231038,KXMLBGAME-25JUL22BALCLE-BAL,4,96,57,no
1753231038832,1753231038,KXMLBGAME-25JUL22BALCLE-BAL,4,96,429,no
1753231039390,1753231039,KXMLBGAME-25JUL22SFATL-ATL,9,91,1,yes
1753231039689,1753231039,KXMLBGAME-25JUL22STLCOL-COL,40,60,59,yes
1753231039738,1753231039,KXMLBGAME-25JUL22DETPIT-DET,3,97,219,no
1753231042428,1753231042,KXMLBGAME-25JUL22NYYTOR-NYY,69,31,1,yes
1753231043169,1753231043,KXMLBGAME-25JUL22LAANYM-LAA,41,59,356,yes
1753231045468,1753231045,KXMLBGAME-25JUL22KCCHC-KC,13,87,80,no
1753231045468,1753231045,KXMLBGAME-25JUL22KCCHC-KC,13,87,82,no
1753231045468,1753231045,KXMLBGAME-25JUL22KCCHC-KC,13,87,158,no
1753231045888,1753231045,KXMLBGAME-25JUL22LAANYM-LAA,40,60,200,no
1753231046408,1753231046,KXMLBGAME-25JUL22SDMIA-MIA,91,9,3,yes
1753231047051,1753231047,KXMLBGAME-25JUL22DETPIT-DET,4,96,35,yes
1753231047051,1753231047,KXMLBGAME-25JUL22DETPIT-DET,5,95,77,yes
1753231047051,1753231047,KXMLBGAME-25JUL22DETPIT-DET,6,94,220,yes
1753231048689,1753231048,KXMLBGAME-25JUL22SDMIA-MIA,91,9,78,yes
1753231048689,1753231048,KXMLBGAME-25JUL22SDMIA-MIA,91,9,114,yes
1753231051689,1753231051,KXMLBGAME-25JUL22MILSEA-MIL,46,54,10,yes
1753231052328,1753231052,KXMLBGAME-25JUL22LAANYM-LAA,38,62,269,yes
1753231056327,1753231056,KXMLBGAME-25JUL22NYYTOR-NYY,70,30,20,yes
1753231057430,1753231057,KXMLBGAME-25JUL22LAANYM-LAA,39,61,32,yes
1753231057430,1753231057,KXMLBGAME-25JUL22LAANYM-LAA,40,60,208,yes
1753231058029,1753231057,KXMLBGAME-25JUL22BALCLE-CLE,94,6,75,no
1753231059308,1753231059,KXMLBGAME-25JUL22SFATL-SF,91,9,130,no
1753231059708,1753231059,KXMLBGAME-25JUL22STLCOL-STL,61,39,135,yes
1753231061930,1753231061,KXMLBGAME-25JUL22SDMIA-SD,11,89,25,yes
1753231062029,1753231061,KXMLBGAME-25JUL22CWSTB-TB,88,12,2,yes
1753231062711,1753231062,KXMLBGAME-25JUL22BALCLE-CLE,94,6,69,no
1753231066408,1753231066,KXMLBGAME-25JUL22SDMIA-MIA,90,10,30,no
1753231068232,1753231068,KXMLBGAME-25JUL22BOSPHI-BOS,7,93,60,no
1753231074270,1753231074,KXMLBGAME-25JUL22LAANYM-LAA,30,70,26,no
1753231075150,1753231075,KXMLBGAME-25JUL22LAANYM-NYM,73,27,100,yes
1753231075248,1753231075,KXMLBGAME-25JUL22SFATL-SF,93,7,5,yes
1753231078808,1753231078,KXMLBGAME-25JUL22BOSPHI-PHI,93,7,3,yes
1753231080509,1753231080,KXMLBGAME-25JUL22DETPIT-DET,2,98,77,no
1753231081228,1753231081,KXMLBGAME-25JUL22STLCOL-STL,61,39,10,yes
1753231081608,1753231081,KXMLBGAME-25JUL22BALCLE-CLE,93,7,23,no
1753231081951,1753231081,KXMLBGAME-25JUL22STLCOL-STL,61,39,7,yes
1753231082568,1753231082,KXMLBGAME-25JUL22BALCLE-CLE,93,7,57,no
1753231083227,1753231083,KXMLBGAME-25JUL22KCCHC-KC,16,84,5,yes
1753231084387,1753231084,KXMLBGAME-25JUL22BOSPHI-BOS,7,93,2,no
1753231086131,1753231086,KXMLBGAME-25JUL22DETPIT-DET,5,95,2,yes
1753231086131,1753231086,KXMLBGAME-25JUL22DETPIT-DET,5,95,54,yes
1753231090451,1753231090,KXMLBGAME-25JUL22ATHTEX-TEX,53,47,300,no
1753231091750,1753231091,KXMLBGAME-25JUL22CINWSH-CIN,3,97,45,yes
1753231092149,1753231092,KXMLBGAME-25JUL22STLCOL-STL,61,39,63,yes
1753231093533,1753231093,KXMLBGAME-25JUL22NYYTOR-NYY,71,29,13,yes
1753231095509,1753231095,KXMLBGAME-25JUL22KCCHC-KC,12,88,62,no
1753231095509,1753231095,KXMLBGAME-25JUL22KCCHC-KC,12,88,246,no
1753231096911,1753231096,KXMLBGAME-25JUL22DETPIT-PIT,95,5,4,no
1753231096936,1753231096,KXMLBGAME-25JUL22DETPIT-PIT,95,5,151,no
1753231098148,1753231098,KXMLBGAME-25JUL22HOUARI-HOU,53,47,25,yes
1753231098330,1753231098,KXMLBGAME-25JUL22DETPIT-PIT,95,5,49,no
1753231098330,1753231098,KXMLBGAME-25JUL22DETPIT-PIT,95,5,17,no
1753231098613,1753231098,KXMLBGAME-25JUL22SFATL-SF,92,8,45,yes
1753231102696,1753231102,KXMLBGAME-25JUL22STLCOL-STL,61,39,37,yes
1753231104300,1753231104,KXMLBGAME-25JUL22CWSTB-CWS,10,90,3,no
1753231106112,1753231105,KXMLBGAME-25JUL22ATHTEX-TEX,53,47,179,yes
1753231106468,1753231106,KXMLBGAME-25JUL22BALCLE-CLE,95,5,26,yes
1753231107811,1753231107,KXMLBGAME-25JUL22BOSPHI-BOS,8,92,11,yes
1753231110678,1753231110,KXMLBGAME-25JUL22CWSTB-TB,89,11,1,yes
1753231116450,1753231116,KXMLBGAME-25JUL22BALCLE-BAL,5,95,141,no
1753231118374,1753231118,KXMLBGAME-25JUL22BALCLE-CLE,91,9,81,no
1753231118931,1753231118,KXMLBGAME-25JUL22STLCOL-COL,39,61,1486,no
1753231119030,1753231118,KXMLBGAME-25JUL22NYYTOR-NYY,71,29,73,yes
1753231120111,1753231120,KXMLBGAME-25JUL22NYYTOR-NYY,71,29,110,yes
1753231124708,1753231124,KXMLBGAME-25JUL22KCCHC-KC,15,85,25,yes
1753231124969,1753231124,KXMLBGAME-25JUL22SFATL-SF,92,8,108,yes
1753231124969,1753231124,KXMLBGAME-25JUL22ATHTEX-ATH,47,53,276,yes
1753231125231,1753231125,KXMLBGAME-25JUL22BOSPHI-BOS,8,92,10,yes
1753231125353,1753231125,KXMLBGAME-25JUL22NYYTOR-NYY,71,29,138,yes
1753231125709,1753231125,KXMLBGAME-25JUL22LAANYM-NYM,75,25,32,yes
1753231126829,1753231126,KXMLBGAME-25JUL22LAANYM-NYM,75,25,65,yes
1753231130651,1753231130,KXMLBGAME-25JUL22SDMIA-MIA,90,10,170,no
1753231132651,1753231132,KXMLBGAME-25JUL22LAANYM-LAA,26,74,24,yes
1753231132651,1753231132,KXMLBGAME-25JUL22LAANYM-LAA,27,73,118,yes
1753231133051,1753231133,KXMLBGAME-25JUL22DETPIT-DET,3,97,25,no
1753231136008,1753231135,KXMLBGAME-25JUL22ATHTEX-ATH,48,52,79,yes
1753231136008,1753231135,KXMLBGAME-25JUL22ATHTEX-ATH,48,52,21,yes
1753231136412,1753231136,KXMLBGAME-25JUL22KCCHC-KC,14,86,10,yes
1753231140669,1753231140,KXMLBGAME-25JUL22BOSPHI-PHI,93,7,192,yes
1753231142789,1753231142,KXMLBGAME-25JUL22BALCLE-BAL,7,93,39,no
1753231143731,1753231143,KXMLBGAME-25JUL22KCCHC-CHC,85,15,1,no
1753231144688,1753231144,KXMLBGAME-25JUL22BALCLE-CLE,91,9,35,no
1753231145689,1753231145,KXMLBGAME-25JUL22SDMIA-SD,11,89,22,yes
1753231147689,1753231147,KXMLBGAME-25JUL22NYYTOR-NYY,71,29,5,yes
1753231147689,1753231147,KXMLBGAME-25JUL22NYYTOR-NYY,71,29,8,yes
1753231147689,1753231147,KXMLBGAME-25JUL22NYYTOR-NYY,71,29,32,yes
1753231148130,1753231148,KXMLBGAME-25JUL22LAANYM-NYM,75,25,3,yes
1753231148130,1753231148,KXMLBGAME-25JUL22LAANYM-NYM,75,25,1,yes
1753231148130,1753231148,KXMLBGAME-25JUL22LAANYM-NYM,75,25,2,yes
1753231149056,1753231148,KXMLBGAME-25JUL22LAANYM-NYM,74,26,14,no
1753231149189,1753231149,KXMLBGAME-25JUL22BOSPHI-PHI,93,7,16,yes
1753231149369,1753231149,KXMLBGAME-25JUL22NYYTOR-NYY,71,29,54,yes
1753231152828,1753231152,KXMLBGAME-25JUL22NYYTOR-TOR,32,68,149,yes
1753231153593,1753231153,KXMLBGAME-25JUL22LAANYM-LAA,26,74,14,yes
1753231153593,1753231153,KXMLBGAME-25JUL22LAANYM-LAA,27,73,162,yes
1753231154651,1753231154,KXMLBGAME-25JUL22SFATL-SF,91,9,170,no
1753231154651,1753231154,KXMLBGAME-25JUL22SFATL-SF,91,9,87,no
1753231154651,1753231154,KXMLBGAME-25JUL22SFATL-SF,90,10,415,no
1753231155349,1753231155,KXMLBGAME-25JUL22NYYTOR-TOR,32,68,151,yes
1753231157989,1753231157,KXMLBGAME-25JUL22DETPIT-DET,3,97,300,no
1753231157989,1753231157,KXMLBGAME-25JUL22DETPIT-DET,2,98,46,no
1753231160709,1753231160,KXMLBGAME-25JUL22CWSTB-CWS,15,85,125,yes
1753231163708,1753231163,KXMLBGAME-25JUL22NYYTOR-TOR,34,66,84,yes
1753231166512,1753231166,KXMLBGAME-25JUL22SFATL-SF,92,8,16,yes
1753231166512,1753231166,KXMLBGAME-25JUL22BOSPHI-PHI,94,6,529,yes
1753231167130,1753231167,KXMLBGAME-25JUL22KCCHC-KC,14,86,6,yes
1753231167229,1753231167,KXMLBGAME-25JUL22KCCHC-KC,14,86,67,yes
1753231167629,1753231167,KXMLBGAME-25JUL22SDMIA-MIA,90,10,1,yes
1753231170530,1753231170,KXMLBGAME-25JUL22LAANYM-LAA,27,73,10,yes
1753231175213,1753231175,KXMLBGAME-25JUL22KCCHC-CHC,88,12,22,yes
1753231179391,1753231179,KXMLBGAME-25JUL22SDMIA-SD,11,89,3,yes
1753231179753,1753231179,KXMLBGAME-25JUL22DETPIT-DET,6,94,31,yes
1753231181588,1753231181,KXMLBGAME-25JUL22CINWSH-CIN,3,97,156,yes
1753231184889,1753231184,KXMLBGAME-25JUL22ATHTEX-ATH,47,53,300,yes
1753231184889,1753231184,KXMLBGAME-25JUL22ATHTEX-ATH,48,52,500,yes
1753231184889,1753231184,KXMLBGAME-25JUL22ATHTEX-ATH,48,52,291,yes
1753231187909,1753231187,KXMLBGAME-25JUL22ATHTEX-TEX,54,46,57,yes
1753231189150,1753231189,KXMLBGAME-25JUL22LAANYM-NYM,75,25,302,yes
1753231189150,1753231189,KXMLBGAME-25JUL22LAANYM-NYM,76,24,25,yes
1753231190550,1753231190,KXMLBGAME-25JUL22DETPIT-PIT,98,2,4,yes
1753231190550,1753231190,KXMLBGAME-25JUL22DETPIT-PIT,99,1,95,yes
1753231191853,1753231191,KXMLBGAME-25JUL22SDMIA-SD,11,89,24,yes
1753231191853,1753231191,KXMLBGAME-25JUL22SDMIA-SD,11,89,300,yes
1753231191853,1753231191,KXMLBGAME-25JUL22SDMIA-SD,11,89,10,yes
1753231191853,1753231191,KXMLBGAME-25JUL22SDMIA-SD,12,88,87,yes
1753231191853,1753231191,KXMLBGAME-25JUL22SDMIA-SD,13,87,300,yes
1753231191853,1753231191,KXMLBGAME-25JUL22SDMIA-SD,13,87,200,yes
1753231191853,1753231191,KXMLBGAME-25JUL22SDMIA-SD,13,87,79,yes
1753231198569,1753231198,KXMLBGAME-25JUL22NYYTOR-NYY,68,32,6,yes
1753231198569,1753231198,KXMLBGAME-25JUL22NYYTOR-NYY,69,31,1,yes
1753231198809,1753231198,KXMLBGAME-25JUL22SFATL-SF,93,7,220,yes
1753231198809,1753231198,KXMLBGAME-25JUL22SFATL-SF,93,7,55,yes
1753231199269,1753231199,KXMLBGAME-25JUL22CWSTB-TB,90,10,19,yes
1753231201630,1753231201,KXMLBGAME-25JUL22SFATL-SF,92,8,40,no
1753231201709,1753231201,KXMLBGAME-25JUL22LAANYM-LAA,27,73,10,yes
1753231201709,1753231201,KXMLBGAME-25JUL22LAANYM-LAA,27,73,600,yes
1753231201709,1753231201,KXMLBGAME-25JUL22LAANYM-LAA,27,73,11,yes
1753231201709,1753231201,KXMLBGAME-25JUL22LAANYM-LAA,28,72,2000,yes
1753231201709,1753231201,KXMLBGAME-25JUL22LAANYM-LAA,28,72,500,yes
1753231201710,1753231201,KXMLBGAME-25JUL22LAANYM-LAA,28,72,300,yes
1753231201710,1753231201,KXMLBGAME-25JUL22LAANYM-LAA,29,71,600,yes
1753231201710,1753231201,KXMLBGAME-25JUL22LAANYM-LAA,29,71,300,yes
1753231201710,1753231201,KXMLBGAME-25JUL22LAANYM-LAA,29,71,500,yes
1753231201710,1753231201,KXMLBGAME-25JUL22LAANYM-LAA,30,70,750,yes
1753231201710,1753231201,KXMLBGAME-25JUL22LAANYM-LAA,34,66,300,yes
1753231201710,1753231201,KXMLBGAME-25JUL22LAANYM-LAA,34,66,650,yes
1753231202488,1753231202,KXMLBGAME-25JUL22SDMIA-MIA,88,12,22,yes
1753231206888,1753231206,KXMLBGAME-25JUL22SDMIA-MIA,88,12,56,yes
1753231210489,1753231210,KXMLBGAME-25JUL22SFATL-SF,94,6,6,yes
1753231210672,1753231210,KXMLBGAME-25JUL22NYYTOR-NYY,69,31,299,yes
1753231210672,1753231210,KXMLBGAME-25JUL22NYYTOR-NYY,69,31,410,yes
1753231215128,1753231215,KXMLBGAME-25JUL22NYYTOR-TOR,34,66,216,yes
1753231215128,1753231215,KXMLBGAME-25JUL22NYYTOR-TOR,35,65,5,yes
1753231216948,1753231216,KXMLBGAME-25JUL22SDMIA-SD,15,85,12,yes
1753231218547,1753231218,KXMLBGAME-25JUL22HOUARI-HOU,53,47,36,yes
1753231218968,1753231218,KXMLBGAME-25JUL22SDMIA-SD,12,88,45,no
1753231219668,1753231219,KXMLBGAME-25JUL22KCCHC-CHC,88,12,100,yes
1753231220447,1753231220,KXMLBGAME-25JUL22BOSPHI-BOS,6,94,16,no
1753231221842,1753231221,KXMLBGAME-25JUL22SDMIA-SD,15,85,31,yes
1753231224667,1753231224,KXMLBGAME-25JUL22NYYTOR-NYY,47,53,6,no
1753231226290,1753231226,KXMLBGAME-25JUL22NYYTOR-TOR,17,83,100,no
1753231226827,1753231226,KXMLBGAME-25JUL22BOSPHI-BOS,6,94,15,yes
1753231233171,1753231233,KXMLBGAME-25JUL22BOSPHI-BOS,4,96,8,no
1753231233529,1753231233,KXMLBGAME-25JUL22NYYTOR-NYY,83,17,45,no
1753231235271,1753231235,KXMLBGAME-25JUL22MILSEA-MIL,46,54,20,yes
1753231237187,1753231237,KXMLBGAME-25JUL22MINLAD-MIN,35,65,2,yes
1753231237428,1753231237,KXMLBGAME-25JUL22BALCLE-CLE,93,7,107,yes
1753231239308,1753231239,KXMLBGAME-25JUL22BOSPHI-PHI,94,6,75,no
1753231239712,1753231239,KXMLBGAME-25JUL22STLCOL-STL,61,39,10,yes
1753231243630,1753231243,KXMLBGAME-25JUL22SDMIA-SD,14,86,133,yes
1753231244531,1753231244,KXMLBGAME-25JUL22BOSPHI-BOS,4,96,13,no
1753231250715,1753231250,KXMLBGAME-25JUL22STLCOL-STL,61,39,237,yes
1753231255532,1753231255,KXMLBGAME-25JUL22KCCHC-KC,14,86,5,no
1753231256408,1753231255,KXMLBGAME-25JUL22MINLAD-MIN,35,65,100,yes
1753231256514,1753231256,KXMLBGAME-25JUL22ATHTEX-ATH,46,54,4,yes
1753231256514,1753231256,KXMLBGAME-25JUL22LAANYM-NYM,72,28,87,yes
1753231256514,1753231256,KXMLBGAME-25JUL22LAANYM-NYM,73,27,22,yes
1753231256728,1753231256,KXMLBGAME-25JUL22NYYTOR-NYY,83,17,116,yes
1753231257090,1753231257,KXMLBGAME-25JUL22ATHTEX-ATH,46,54,4,yes
1753231257570,1753231257,KXMLBGAME-25JUL22MILSEA-MIL,46,54,31,yes
1753231257809,1753231257,KXMLBGAME-25JUL22SDMIA-MIA,87,13,300,yes
1753231257809,1753231257,KXMLBGAME-25JUL22SDMIA-MIA,87,13,165,yes
1753231258808,1753231258,KXMLBGAME-25JUL22DETPIT-PIT,97,3,1,yes
1753231260667,1753231260,KXMLBGAME-25JUL22KCCHC-CHC,86,14,443,no
1753231260667,1753231260,KXMLBGAME-25JUL22KCCHC-CHC,86,14,300,no
1753231260747,1753231260,KXMLBGAME-25JUL22KCCHC-KC,14,86,300,yes
1753231263749,1753231263,KXMLBGAME-25JUL22KCCHC-KC,14,86,15,no
1753231264748,1753231264,KXMLBGAME-25JUL22BALCLE-CLE,94,6,529,yes
1753231266187,1753231266,KXMLBGAME-25JUL22SDMIA-SD,13,87,300,yes
1753231268287,1753231268,KXMLBGAME-25JUL22STLCOL-STL,62,38,87,yes
1753231268287,1753231268,KXMLBGAME-25JUL22STLCOL-STL,62,38,1452,yes
1753231268390,1753231268,KXMLBGAME-25JUL22NYYTOR-TOR,16,84,300,no
1753231268390,1753231268,KXMLBGAME-25JUL22NYYTOR-TOR,15,85,275,no
1753231270569,1753231270,KXMLBGAME-25JUL22SDMIA-MIA,89,11,1,yes
1753231271448,1753231271,KXMLBGAME-25JUL22DETPIT-DET,4,96,23,yes
1753231272209,1753231272,KXMLBGAME-25JUL22NYYTOR-TOR,16,84,27,no
1753231272389,1753231272,KXMLBGAME-25JUL22KCCHC-KC,17,83,111,yes
1753231275852,1753231275,KXMLBGAME-25JUL22STLCOL-COL,38,62,3000,no
1753231275852,1753231275,KXMLBGAME-25JUL22STLCOL-COL,38,62,87,no
1753231275928,1753231275,KXMLBGAME-25JUL22STLCOL-STL,62,38,87,yes
1753231280130,1753231280,KXMLBGAME-25JUL22KCCHC-CHC,85,15,5,yes
1753231282230,1753231282,KXMLBGAME-25JUL22NYYTOR-NYY,84,16,1,yes
1753231283609,1753231283,KXMLBGAME-25JUL22NYYTOR-TOR,17,83,87,yes
1753231284149,1753231284,KXMLBGAME-25JUL22SDMIA-MIA,89,11,82,yes
1753231284150,1753231284,KXMLBGAME-25JUL22SDMIA-MIA,89,11,1,yes
1753231284809,1753231284,KXMLBGAME-25JUL22KCCHC-KC,15,85,104,no
1753231286129,1753231286,KXMLBGAME-25JUL22NYYTOR-NYY,84,16,1,yes
1753231288050,1753231288,KXMLBGAME-25JUL22DETPIT-DET,3,97,75,no
1753231289066,1753231288,KXMLBGAME-25JUL22NYYTOR-NYY,82,18,87,no
1753231289066,1753231288,KXMLBGAME-25JUL22NYYTOR-NYY,82,18,232,no
1753231292010,1753231291,KXMLBGAME-25JUL22KCCHC-CHC,83,17,55,no
1753231293168,1753231293,KXMLBGAME-25JUL22BALCLE-CLE,94,6,1,yes
1753231296369,1753231296,KXMLBGAME-25JUL22NYYTOR-TOR,18,82,87,yes
1753231296369,1753231296,KXMLBGAME-25JUL22NYYTOR-TOR,19,81,415,yes
1753231303127,1753231303,KXMLBGAME-25JUL22DETPIT-PIT,96,4,20,yes
1753231303268,1753231303,KXMLBGAME-25JUL22DETPIT-DET,3,97,26,no
1753231303570,1753231303,KXMLBGAME-25JUL22NYYTOR-TOR,37,63,25,yes
1753231303570,1753231303,KXMLBGAME-25JUL22NYYTOR-TOR,64,36,66,yes
1753231303570,1753231303,KXMLBGAME-25JUL22NYYTOR-TOR,65,35,52,yes
1753231303570,1753231303,KXMLBGAME-25JUL22NYYTOR-TOR,65,35,10,yes
1753231303570,1753231303,KXMLBGAME-25JUL22NYYTOR-TOR,67,33,3,yes
1753231303570,1753231303,KXMLBGAME-25JUL22NYYTOR-TOR,68,32,1,yes
1753231303570,1753231303,KXMLBGAME-25JUL22NYYTOR-TOR,69,31,1,yes
1753231303570,1753231303,KXMLBGAME-25JUL22NYYTOR-TOR,73,27,100,yes
1753231303570,1753231303,KXMLBGAME-25JUL22NYYTOR-TOR,75,25,100,yes
1753231303570,1753231303,KXMLBGAME-25JUL22NYYTOR-TOR,77,23,9,yes
1753231303570,1753231303,KXMLBGAME-25JUL22NYYTOR-TOR,77,23,173,yes
1753231303570,1753231303,KXMLBGAME-25JUL22NYYTOR-TOR,78,22,99,yes
1753231303570,1753231303,KXMLBGAME-25JUL22NYYTOR-TOR,79,21,99,yes
1753231303570,1753231303,KXMLBGAME-25JUL22NYYTOR-TOR,80,20,100,yes
1753231303570,1753231303,KXMLBGAME-25JUL22NYYTOR-TOR,80,20,99,yes
1753231303570,1753231303,KXMLBGAME-25JUL22NYYTOR-TOR,81,19,99,yes
1753231303570,1753231303,KXMLBGAME-25JUL22NYYTOR-TOR,82,18,1,yes
1753231303570,1753231303,KXMLBGAME-25JUL22NYYTOR-TOR,82,18,99,yes
1753231303570,1753231303,KXMLBGAME-25JUL22NYYTOR-TOR,83,17,99,yes
1753231303570,1753231303,KXMLBGAME-25JUL22NYYTOR-TOR,84,16,100,yes
1753231303570,1753231303,KXMLBGAME-25JUL22NYYTOR-TOR,84,16,99,yes
1753231303570,1753231303,KXMLBGAME-25JUL22NYYTOR-TOR,85,15,244,yes
1753231303570,1753231303,KXMLBGAME-25JUL22NYYTOR-TOR,85,15,99,yes
1753231303570,1753231303,KXMLBGAME-25JUL22NYYTOR-TOR,87,13,699,yes
1753231303570,1753231303,KXMLBGAME-25JUL22NYYTOR-TOR,88,12,501,yes
1753231308307,1753231308,KXMLBGAME-25JUL22SFATL-ATL,7,93,5,no
1753231311289,1753231311,KXMLBGAME-25JUL22SFATL-ATL,9,91,200,yes
1753231311289,1753231311,KXMLBGAME-25JUL22SFATL-ATL,9,91,300,yes
1753231314208,1753231314,KXMLBGAME-25JUL22SFATL-SF,93,7,1,yes
1753231314408,1753231314,KXMLBGAME-25JUL22BOSPHI-PHI,96,4,5,yes
1753231314889,1753231314,KXMLBGAME-25JUL22ATHTEX-ATH,45,55,66,no
1753231319172,1753231319,KXMLBGAME-25JUL22KCCHC-CHC,84,16,111,yes
1753231319172,1753231319,KXMLBGAME-25JUL22KCCHC-CHC,85,15,181,yes
1753231319269,1753231319,KXMLBGAME-25JUL22LAANYM-LAA,28,72,28,no
1753231319569,1753231319,KXMLBGAME-25JUL22ATHTEX-ATH,43,57,500,yes
1753231319569,1753231319,KXMLBGAME-25JUL22ATHTEX-ATH,43,57,170,yes
1753231319612,1753231319,KXMLBGAME-25JUL22NYYTOR-NYY,76,24,81,yes
1753231328308,1753231328,KXMLBGAME-25JUL22KCCHC-KC,17,83,87,yes
1753231328308,1753231328,KXMLBGAME-25JUL22KCCHC-KC,17,83,413,yes
1753231331069,1753231331,KXMLBGAME-25JUL22ATHTEX-ATH,42,58,57,yes
1753231331709,1753231331,KXMLBGAME-25JUL22DETPIT-PIT,95,5,4,no
1753231333968,1753231333,KXMLBGAME-25JUL22DETPIT-PIT,97,3,80,yes
1753231335309,1753231335,KXMLBGAME-25JUL22STLCOL-COL,38,62,3000,yes
1753231335370,1753231335,KXMLBGAME-25JUL22STLCOL-STL,61,39,87,no
1753231335630,1753231335,KXMLBGAME-25JUL22STLCOL-STL,60,40,5,no
1753231335630,1753231335,KXMLBGAME-25JUL22STLCOL-STL,60,40,87,no
1753231335630,1753231335,KXMLBGAME-25JUL22STLCOL-STL,59,41,5,no
1753231335630,1753231335,KXMLBGAME-25JUL22STLCOL-STL,59,41,4903,no
1753231335690,1753231335,KXMLBGAME-25JUL22LAANYM-LAA,29,71,32,yes
1753231336530,1753231336,KXMLBGAME-25JUL22BALCLE-BAL,8,92,20,yes
1753231336530,1753231336,KXMLBGAME-25JUL22BALCLE-BAL,8,92,87,yes
1753231336530,1753231336,KXMLBGAME-25JUL22BALCLE-BAL,8,92,1128,yes
1753231337109,1753231337,KXMLBGAME-25JUL22NYYTOR-TOR,27,73,47,yes
1753231338851,1753231338,KXMLBGAME-25JUL22CINWSH-CIN,1,99,894,no
1753231339067,1753231338,KXMLBGAME-25JUL22STLCOL-STL,59,41,87,no
1753231344334,1753231344,KXMLBGAME-25JUL22STLCOL-STL,59,41,82,yes
1753231345289,1753231345,KXMLBGAME-25JUL22NYYTOR-TOR,27,73,253,yes
1753231345289,1753231345,KXMLBGAME-25JUL22NYYTOR-TOR,27,73,87,yes
1753231345289,1753231345,KXMLBGAME-25JUL22NYYTOR-TOR,28,72,200,yes
1753231345289,1753231345,KXMLBGAME-25JUL22NYYTOR-TOR,28,72,252,yes
1753231345530,1753231345,KXMLBGAME-25JUL22SDMIA-MIA,89,11,62,yes
1753231345530,1753231345,KXMLBGAME-25JUL22SDMIA-MIA,89,11,49,yes
1753231347170,1753231347,KXMLBGAME-25JUL22NYYTOR-NYY,75,25,23,yes
1753231352309,1753231352,KXMLBGAME-25JUL22ATHTEX-TEX,57,43,300,no
1753231354603,1753231354,KXMLBGAME-25JUL22KCCHC-KC,17,83,27,yes
1753231354730,1753231354,KXMLBGAME-25JUL22DETPIT-DET,3,97,193,no
1753231357930,1753231357,KXMLBGAME-25JUL22CINWSH-CIN,1,99,4,yes
1753231361811,1753231361,KXMLBGAME-25JUL22BOSPHI-PHI,94,6,1,no
1753231362229,1753231362,KXMLBGAME-25JUL22HOUARI-ARI,48,52,186,yes
1753231363410,1753231363,KXMLBGAME-25JUL22DETPIT-DET,3,97,6,no
1753231363410,1753231363,KXMLBGAME-25JUL22DETPIT-DET,3,97,16,no
1753231364270,1753231364,KXMLBGAME-25JUL22BOSPHI-BOS,4,96,31,no
1753231365246,1753231365,KXMLBGAME-25JUL22SFATL-SF,93,7,481,yes
1753231366570,1753231366,KXMLBGAME-25JUL22SDMIA-SD,14,86,674,yes
1753231368189,1753231368,KXMLBGAME-25JUL22LAANYM-LAA,29,71,32,yes
1753231370768,1753231370,KXMLBGAME-25JUL22CINWSH-WSH,99,1,448,no
1753231373628,1753231373,KXMLBGAME-25JUL22MILSEA-SEA,56,44,84,yes
1753231375349,1753231375,KXMLBGAME-25JUL22NYYTOR-TOR,25,75,173,no
1753231375749,1753231375,KXMLBGAME-25JUL22STLCOL-COL,44,56,87,no
1753231375749,1753231375,KXMLBGAME-25JUL22STLCOL-COL,43,57,300,no
1753231375809,1753231375,KXMLBGAME-25JUL22NYYTOR-NYY,78,22,1,yes
1753231377290,1753231377,KXMLBGAME-25JUL22CWSTB-CWS,8,92,55,no
1753231383491,1753231383,KXMLBGAME-25JUL22ATHTEX-ATH,51,49,5,no
1753231385294,1753231385,KXMLBGAME-25JUL22DETPIT-DET,3,97,79,no
1753231386609,1753231386,KXMLBGAME-25JUL22DETPIT-PIT,97,3,14,yes
1753231390010,1753231389,KXMLBGAME-25JUL22NYYTOR-NYY,78,22,24,yes
1753231390542,1753231390,KXMLBGAME-25JUL22BALCLE-BAL,7,93,100,no
1753231392949,1753231392,KXMLBGAME-25JUL22BALCLE-CLE,94,6,34,no
1753231393989,1753231393,KXMLBGAME-25JUL22NYYTOR-NYY,78,22,10,yes
1753231394251,1753231394,KXMLBGAME-25JUL22CINWSH-CIN,1,99,894,yes
1753231400610,1753231400,KXMLBGAME-25JUL22LAANYM-NYM,72,28,13,yes
1753231401233,1753231401,KXMLBGAME-25JUL22NYYTOR-NYY,78,22,142,yes
1753231401233,1753231401,KXMLBGAME-25JUL22NYYTOR-NYY,79,21,255,yes
1753231401233,1753231401,KXMLBGAME-25JUL22NYYTOR-NYY,80,20,87,yes
1753231401233,1753231401,KXMLBGAME-25JUL22NYYTOR-NYY,80,20,66,yes
1753231406868,1753231406,KXMLBGAME-25JUL22BOSPHI-BOS,6,94,1939,yes
1753231407790,1753231407,KXMLBGAME-25JUL22LAANYM-LAA,29,71,82,yes
1753231409309,1753231409,KXMLBGAME-25JUL22BOSPHI-PHI,96,4,195,yes
1753231409309,1753231409,KXMLBGAME-25JUL22BOSPHI-PHI,96,4,600,yes
1753231409309,1753231409,KXMLBGAME-25JUL22BOSPHI-PHI,96,4,60,yes
1753231409309,1753231409,KXMLBGAME-25JUL22BOSPHI-PHI,96,4,300,yes
1753231409309,1753231409,KXMLBGAME-25JUL22BOSPHI-PHI,96,4,80,yes
1753231409309,1753231409,KXMLBGAME-25JUL22BOSPHI-PHI,97,3,366,yes
1753231409309,1753231409,KXMLBGAME-25JUL22BOSPHI-PHI,97,3,200,yes
1753231409309,1753231409,KXMLBGAME-25JUL22BOSPHI-PHI,97,3,268,yes
1753231410828,1753231410,KXMLBGAME-25JUL22SDMIA-MIA,90,10,2,yes
1753231410931,1753231410,KXMLBGAME-25JUL22HOUARI-HOU,53,47,35,yes
1753231412508,1753231412,KXMLBGAME-25JUL22MINLAD-MIN,35,65,1000,no
1753231412508,1753231412,KXMLBGAME-25JUL22MINLAD-MIN,35,65,1562,no
1753231416131,1753231416,KXMLBGAME-25JUL22SFATL-SF,90,10,252,yes
1753231421330,1753231421,KXMLBGAME-25JUL22BOSPHI-BOS,5,95,93,yes
1753231423449,1753231423,KXMLBGAME-25JUL22STLCOL-STL,59,41,87,yes
1753231423449,1753231423,KXMLBGAME-25JUL22STLCOL-STL,59,41,77,yes
1753231423928,1753231423,KXMLBGAME-25JUL22DETPIT-PIT,97,3,2,yes
1753231423989,1753231423,KXMLBGAME-25JUL22STLCOL-STL,59,41,164,yes
1753231424348,1753231424,KXMLBGAME-25JUL22NYYTOR-NYY,80,20,123,yes
1753231426169,1753231426,KXMLBGAME-25JUL22NYYTOR-NYY,80,20,2,yes
1753231426229,1753231426,KXMLBGAME-25JUL22ATHTEX-ATH,52,48,3,yes
1753231426489,1753231426,KXMLBGAME-25JUL22SFATL-SF,90,10,47,yes
1753231429870,1753231429,KXMLBGAME-25JUL22DETPIT-DET,3,97,921,no
1753231429870,1753231429,KXMLBGAME-25JUL22DETPIT-DET,3,97,2,no
1753231429870,1753231429,KXMLBGAME-25JUL22DETPIT-DET,3,97,300,no
1753231429870,1753231429,KXMLBGAME-25JUL22DETPIT-DET,2,98,76,no
1753231429870,1753231429,KXMLBGAME-25JUL22DETPIT-DET,2,98,600,no
1753231429870,1753231429,KXMLBGAME-25JUL22DETPIT-DET,2,98,1507,no
1753231429909,1753231429,KXMLBGAME-25JUL22STLCOL-COL,44,56,10,yes
1753231436909,1753231436,KXMLBGAME-25JUL22DETPIT-DET,2,98,14,no
1753231444100,1753231444,KXMLBGAME-25JUL22CWSTB-CWS,10,90,9,yes
1753231444729,1753231444,KXMLBGAME-25JUL22DETPIT-DET,3,97,62,yes
1753231450089,1753231450,KXMLBGAME-25JUL22LAANYM-NYM,73,27,87,yes
1753231450828,1753231450,KXMLBGAME-25JUL22LAANYM-LAA,26,74,300,no
1753231450828,1753231450,KXMLBGAME-25JUL22LAANYM-LAA,26,74,87,no
1753231450951,1753231450,KXMLBGAME-25JUL22LAANYM-NYM,74,26,87,yes
1753231454011,1753231453,KXMLBGAME-25JUL22BALCLE-CLE,96,4,5,yes
1753231454043,1753231453,KXMLBGAME-25JUL22LAANYM-LAA,25,75,38,yes
1753231455808,1753231455,KXMLBGAME-25JUL22STLCOL-COL,45,55,2,yes
1753231457207,1753231457,KXMLBGAME-25JUL22BOSPHI-BOS,4,96,126,no
1753231458847,1753231458,KXMLBGAME-25JUL22LAANYM-NYM,74,26,25,no
1753231463147,1753231462,KXMLBGAME-25JUL22KCCHC-CHC,87,13,87,yes
1753231463147,1753231462,KXMLBGAME-25JUL22KCCHC-CHC,87,13,254,yes
1753231464208,1753231464,KXMLBGAME-25JUL22BALCLE-CLE,96,4,195,yes
1753231464608,1753231464,KXMLBGAME-25JUL22DETPIT-PIT,98,2,54,yes
1753231465310,1753231465,KXMLBGAME-25JUL22LAANYM-LAA,25,75,87,yes
1753231465310,1753231465,KXMLBGAME-25JUL22LAANYM-LAA,25,75,300,yes
1753231465310,1753231465,KXMLBGAME-25JUL22LAANYM-LAA,26,74,600,yes
1753231465310,1753231465,KXMLBGAME-25JUL22LAANYM-LAA,26,74,2000,yes
1753231465310,1753231465,KXMLBGAME-25JUL22LAANYM-LAA,27,73,500,yes
1753231465310,1753231465,KXMLBGAME-25JUL22LAANYM-LAA,27,73,200,yes
1753231465310,1753231465,KXMLBGAME-25JUL22LAANYM-LAA,27,73,300,yes
1753231465310,1753231465,KXMLBGAME-25JUL22LAANYM-LAA,28,72,200,yes
1753231465310,1753231465,KXMLBGAME-25JUL22LAANYM-LAA,28,72,500,yes
1753231465310,1753231465,KXMLBGAME-25JUL22LAANYM-LAA,28,72,600,yes
1753231465310,1753231465,KXMLBGAME-25JUL22LAANYM-LAA,28,72,300,yes
1753231465310,1753231465,KXMLBGAME-25JUL22LAANYM-LAA,29,71,750,yes
1753231465310,1753231465,KXMLBGAME-25JUL22LAANYM-LAA,33,67,300,yes
1753231465310,1753231465,KXMLBGAME-25JUL22LAANYM-LAA,33,67,2139,yes
1753231472428,1753231472,KXMLBGAME-25JUL22MINLAD-MIN,35,65,2,no
1753231476589,1753231476,KXMLBGAME-25JUL22KCCHC-CHC,87,13,11,yes
1753231477849,1753231477,KXMLBGAME-25JUL22NYYTOR-TOR,21,79,30,no
1753231478529,1753231478,KXMLBGAME-25JUL22BALCLE-CLE,94,6,300,no
1753231478529,1753231478,KXMLBGAME-25JUL22BALCLE-CLE,93,7,600,no
1753231481469,1753231481,KXMLBGAME-25JUL22NYYTOR-NYY,80,20,15,yes
1753231484469,1753231484,KXMLBGAME-25JUL22KCCHC-KC,15,85,5,yes
1753231487649,1753231487,KXMLBGAME-25JUL22SFATL-SF,89,11,297,no
1753231487712,1753231487,KXMLBGAME-25JUL22KCCHC-KC,15,85,82,yes
1753231487712,1753231487,KXMLBGAME-25JUL22KCCHC-KC,15,85,5,yes
1753231487712,1753231487,KXMLBGAME-25JUL22KCCHC-KC,15,85,60,yes
1753231488309,1753231488,KXMLBGAME-25JUL22ATHTEX-ATH,51,49,83,yes
1753231493449,1753231493,KXMLBGAME-25JUL22HOUARI-HOU,53,47,182,yes
1753231495829,1753231495,KXMLBGAME-25JUL22STLCOL-STL,58,42,345,no
1753231496471,1753231496,KXMLBGAME-25JUL22ATHTEX-ATH,51,49,9,yes
1753231499529,1753231499,KXMLBGAME-25JUL22SDMIA-SD,10,90,51,no
1753231499529,1753231499,KXMLBGAME-25JUL22SDMIA-SD,7,93,28,no
1753231501029,1753231500,KXMLBGAME-25JUL22BOSPHI-BOS,4,96,23,yes
1753231501528,1753231501,KXMLBGAME-25JUL22NYYTOR-TOR,23,77,8,yes
1753231502228,1753231502,KXMLBGAME-25JUL22STLCOL-STL,55,45,25,no
1753231505868,1753231505,KXMLBGAME-25JUL22MINLAD-LAD,66,34,60,yes
1753231506667,1753231506,KXMLBGAME-25JUL22ATHTEX-TEX,52,48,5,yes
1753231508299,1753231508,KXMLBGAME-25JUL22CWSTB-CWS,11,89,39,yes
1753231513391,1753231513,KXMLBGAME-25JUL22BALCLE-BAL,4,96,821,no
1753231515811,1753231515,KXMLBGAME-25JUL22NYYTOR-NYY,78,22,271,yes
1753231518750,1753231518,KXMLBGAME-25JUL22ATHTEX-TEX,59,41,1,yes
