client_ts,server_ts,market_ticker,yes_price,no_price,count,taker_side
1753368091793,1753368091,KXMLBGAME-25JUL24SDSTL-SD,43,57,11,yes
1753368118828,1753368118,KXMLBGAME-25JUL24SDSTL-STL,58,42,50,yes
1753368134392,1753368134,KXMLBGAME-25JUL24SEALAA-SEA,44,56,10,yes
1753368182112,1753368182,KXMLBGAME-25JUL24TORDET-TOR,47,53,36,yes
1753368190735,1753368190,KXMLBGAME-25JUL24BALCLE-CLE,54,46,48,yes
1753368190735,1753368190,KXMLBGAME-25JUL24BALCLE-CLE,54,46,1,yes
1753368190735,1753368190,KXMLBGAME-25JUL24BALCLE-CLE,54,46,2,yes
1753368190735,1753368190,KXMLBGAME-25JUL24BALCLE-CLE,54,46,287,yes
1753368190735,1753368190,KXMLBGAME-25JUL24BALCLE-CLE,54,46,13,yes
1753368223690,1753368223,KXMLBGAME-25JUL24BALCLE-CLE,53,47,500,no
1753368267413,1753368267,KXMLBGAME-25JUL24BALCLE-BAL,47,53,6,yes
1753368323635,1753368323,KXMLBGAME-25JUL24BALCLE-BAL,47,53,246,yes
1753368397016,1753368396,KXMLBGAME-25JUL24BALCLE-CLE,54,46,16,yes
1753368498854,1753368498,KXMLBGAME-25JUL24BALCLE-CLE,54,46,12,yes
1753368498854,1753368498,KXMLBGAME-25JUL24BALCLE-CLE,54,46,41,yes
1753368498854,1753368498,KXMLBGAME-25JUL24BALCLE-CLE,54,46,6,yes
1753368498854,1753368498,KXMLBGAME-25JUL24BALCLE-CLE,54,46,50,yes
1753368550474,1753368550,KXMLBGAME-25JUL24BALCLE-BAL,47,53,82,yes
1753368584751,1753368584,KXMLBGAME-25JUL24BALCLE-BAL,47,53,75,yes
1753368586151,1753368586,KXMLBGAME-25JUL24BALCLE-CLE,53,47,43,yes
1753368645872,1753368645,KXMLBGAME-25JUL24BALCLE-BAL,47,53,195,yes
1753368723851,1753368723,KXMLBGAME-25JUL24ATHHOU-HOU,55,45,17,yes
1753368725032,1753368724,KXMLBGAME-25JUL24BALCLE-CLE,54,46,601,yes
1753368746953,1753368746,KXMLBGAME-25JUL24BALCLE-BAL,48,52,852,yes
1753368746953,1753368746,KXMLBGAME-25JUL24BALCLE-BAL,48,52,299,yes
1753368767894,1753368767,KXMLBGAME-25JUL24BALCLE-CLE,53,47,850,yes
1753368768969,1753368768,KXMLBGAME-25JUL24ATHHOU-HOU,55,45,56,yes
1753368851515,1753368851,KXMLBGAME-25JUL24BALCLE-CLE,54,46,44,yes
1753368927231,1753368927,KXMLBGAME-25JUL24TORDET-TOR,47,53,30,yes
1753368937513,1753368937,KXMLBGAME-25JUL24BALCLE-CLE,54,46,8,yes
1753369013512,1753369013,KXMLBGAME-25JUL24BALCLE-CLE,54,46,55,yes
1753369118662,1753369118,KXMLBGAME-25JUL24BALCLE-CLE,54,46,52,yes
1753369138190,1753369138,KXMLBGAME-25JUL24BALCLE-BAL,48,52,40,yes
1753369143453,1753369143,KXMLBGAME-25JUL24SEALAA-SEA,43,57,78,yes
1753369151993,1753369151,KXMLBGAME-25JUL24BALCLE-CLE,54,46,538,yes
1753369156592,1753369156,KXMLBGAME-25JUL24ATHHOU-ATH,47,53,41,yes
1753369156714,1753369156,KXMLBGAME-25JUL24SDSTL-SD,43,57,78,yes
1753369190152,1753369190,KXMLBGAME-25JUL24ATHHOU-HOU,55,45,17,yes
1753369193094,1753369193,KXMLBGAME-25JUL24TORDET-TOR,47,53,30,yes
1753369196072,1753369195,KXMLBGAME-25JUL24ATHHOU-HOU,55,45,17,yes
1753369217032,1753369216,KXMLBGAME-25JUL24ATHHOU-HOU,55,45,70,yes
1753369235471,1753369235,KXMLBGAME-25JUL24SEALAA-LAA,58,42,167,yes
1753369237653,1753369237,KXMLBGAME-25JUL24SEALAA-SEA,43,57,67,yes
1753369271772,1753369271,KXMLBGAME-25JUL24SEALAA-SEA,43,57,11,yes
1753369304054,1753369304,KXMLBGAME-25JUL24SDSTL-SD,43,57,11,yes
1753369349213,1753369349,KXMLBGAME-25JUL24BALCLE-CLE,54,46,8,yes
1753369350399,1753369350,KXMLBGAME-25JUL24BALCLE-CLE,54,46,25,yes
1753369356634,1753369356,KXMLBGAME-25JUL24BALCLE-CLE,54,46,181,yes
1753369358592,1753369358,KXMLBGAME-25JUL24ATHHOU-HOU,55,45,17,yes
1753369366114,1753369366,KXMLBGAME-25JUL24TORDET-DET,54,46,8,yes
1753369377812,1753369377,KXMLBGAME-25JUL24SEALAA-SEA,43,57,223,yes
1753369390272,1753369390,KXMLBGAME-25JUL24TORDET-TOR,47,53,205,yes
1753369442452,1753369442,KXMLBGAME-25JUL24BALCLE-BAL,48,52,80,yes
1753369469083,1753369469,KXMLBGAME-25JUL24ATHHOU-HOU,55,45,96,yes
1753369479813,1753369479,KXMLBGAME-25JUL24BALCLE-CLE,54,46,89,yes
1753369486013,1753369485,KXMLBGAME-25JUL24SEALAA-SEA,43,57,2,yes
1753369492372,1753369492,KXMLBGAME-25JUL24TORDET-TOR,47,53,878,yes
1753369507039,1753369506,KXMLBGAME-25JUL24SDSTL-SD,43,57,2,yes
1753369517265,1753369517,KXMLBGAME-25JUL24TORDET-TOR,47,53,6,yes
1753369532702,1753369532,KXMLBGAME-25JUL24TORDET-TOR,47,53,2,yes
1753369539092,1753369539,KXMLBGAME-25JUL24BALCLE-BAL,48,52,40,yes
1753369546591,1753369546,KXMLBGAME-25JUL24ATHHOU-ATH,46,54,19,no
1753369546592,1753369546,KXMLBGAME-25JUL24ATHHOU-ATH,46,54,25,no
1753369546592,1753369546,KXMLBGAME-25JUL24ATHHOU-ATH,46,54,296,no
1753369556992,1753369556,KXMLBGAME-25JUL24TORDET-TOR,47,53,199,yes
1753369557573,1753369557,KXMLBGAME-25JUL24BALCLE-BAL,48,52,6,yes
1753369561813,1753369561,KXMLBGAME-25JUL24BALCLE-CLE,54,46,1,yes
1753369572053,1753369572,KXMLBGAME-25JUL24TORDET-TOR,47,53,15,yes
1753369578113,1753369578,KXMLBGAME-25JUL24TORDET-TOR,47,53,108,yes
1753369583545,1753369583,KXMLBGAME-25JUL24SDSTL-SD,43,57,6,yes
1753369590094,1753369590,KXMLBGAME-25JUL24BALCLE-CLE,54,46,44,yes
1753369598433,1753369598,KXMLBGAME-25JUL24ATHHOU-ATH,47,53,6,yes
1753369614735,1753369614,KXMLBGAME-25JUL24ATHHOU-HOU,55,45,35,yes
1753369618533,1753369618,KXMLBGAME-25JUL24SEALAA-SEA,43,57,6,yes
1753369627158,1753369627,KXMLBGAME-25JUL24BALCLE-CLE,54,46,452,yes
1753369649576,1753369649,KXMLBGAME-25JUL24TORDET-TOR,47,53,7,yes
1753369680033,1753369679,KXMLBGAME-25JUL24ATHHOU-HOU,55,45,71,yes
1753369738373,1753369738,KXMLBGAME-25JUL24BALCLE-CLE,54,46,3,yes
1753369738373,1753369738,KXMLBGAME-25JUL24BALCLE-CLE,54,46,20,yes
1753369738373,1753369738,KXMLBGAME-25JUL24BALCLE-CLE,54,46,100,yes
1753369738373,1753369738,KXMLBGAME-25JUL24BALCLE-CLE,54,46,4,yes
1753369738373,1753369738,KXMLBGAME-25JUL24BALCLE-CLE,54,46,42,yes
1753369738373,1753369738,KXMLBGAME-25JUL24BALCLE-CLE,54,46,102,yes
1753369738373,1753369738,KXMLBGAME-25JUL24BALCLE-CLE,54,46,101,yes
1753369763587,1753369763,KXMLBGAME-25JUL24BALCLE-BAL,48,52,10,yes
1753369777234,1753369777,KXMLBGAME-25JUL24BALCLE-BAL,48,52,20,yes
1753369787134,1753369787,KXMLBGAME-25JUL24ATHHOU-ATH,46,54,500,no
1753369802393,1753369802,KXMLBGAME-25JUL24BALCLE-CLE,54,46,44,yes
1753369835295,1753369835,KXMLBGAME-25JUL24SEALAA-SEA,43,57,11,yes
1753369887894,1753369887,KXMLBGAME-25JUL24BALCLE-BAL,48,52,50,yes
1753369887995,1753369887,KXMLBGAME-25JUL24BALCLE-BAL,48,52,20,yes
1753369898913,1753369898,KXMLBGAME-25JUL24SDSTL-SD,43,57,11,yes
1753369909555,1753369909,KXMLBGAME-25JUL24ATHHOU-ATH,47,53,43,yes
1753369909555,1753369909,KXMLBGAME-25JUL24ATHHOU-ATH,47,53,8,yes
1753369913708,1753369913,KXMLBGAME-25JUL24BALCLE-BAL,48,52,40,yes
1753369923316,1753369923,KXMLBGAME-25JUL24ATHHOU-ATH,47,53,12,yes
1753369926945,1753369926,KXMLBGAME-25JUL24SEALAA-SEA,43,57,21,yes
1753369931435,1753369931,KXMLBGAME-25JUL24SEALAA-SEA,43,57,11,yes
1753369931535,1753369931,KXMLBGAME-25JUL24TORDET-TOR,47,53,22,yes
1753369934018,1753369933,KXMLBGAME-25JUL24SEALAA-SEA,43,57,30,yes
1753369934393,1753369934,KXMLBGAME-25JUL24BALCLE-BAL,48,52,12,yes
1753369936595,1753369936,KXMLBGAME-25JUL24ATHHOU-ATH,47,53,41,yes
1753369938353,1753369938,KXMLBGAME-25JUL24BALCLE-BAL,48,52,40,yes
1753369944571,1753369944,KXMLBGAME-25JUL24BALCLE-CLE,53,47,91,yes
1753369961177,1753369961,KXMLBGAME-25JUL24ATHHOU-ATH,47,53,41,yes
1753369962654,1753369962,KXMLBGAME-25JUL24TORDET-TOR,47,53,20,yes
1753369969494,1753369969,KXMLBGAME-25JUL24TORDET-DET,54,46,448,yes
1753369976335,1753369976,KXMLBGAME-25JUL24SEALAA-LAA,58,42,16,yes
1753369982215,1753369982,KXMLBGAME-25JUL24BALCLE-BAL,48,52,32,yes
1753369993833,1753369993,KXMLBGAME-25JUL24BALCLE-CLE,54,46,89,yes
1753369999006,1753369998,KXMLBGAME-25JUL24ATHHOU-ATH,47,53,10,yes
1753370003254,1753370003,KXMLBGAME-25JUL24ATHHOU-ATH,47,53,32,yes
1753370006539,1753370006,KXMLBGAME-25JUL24ATHHOU-ATH,47,53,205,yes
1753370020038,1753370019,KXMLBGAME-25JUL24BALCLE-BAL,48,52,10,yes
1753370023993,1753370023,KXMLBGAME-25JUL24ATHHOU-ATH,47,53,80,yes
1753370039394,1753370039,KXMLBGAME-25JUL24ATHHOU-ATH,47,53,26,yes
1753370041814,1753370041,KXMLBGAME-25JUL24BALCLE-BAL,48,52,1407,yes
1753370043233,1753370043,KXMLBGAME-25JUL24BALCLE-BAL,48,52,4,yes
1753370051793,1753370051,KXMLBGAME-25JUL24BALCLE-BAL,48,52,10,yes
1753370058993,1753370058,KXMLBGAME-25JUL24ATHHOU-ATH,47,53,4,yes
1753370100915,1753370100,KXMLBGAME-25JUL24BALCLE-BAL,48,52,3,yes
1753370100915,1753370100,KXMLBGAME-25JUL24BALCLE-BAL,48,52,65,yes
1753370100915,1753370100,KXMLBGAME-25JUL24BALCLE-BAL,48,52,180,yes
1753370100915,1753370100,KXMLBGAME-25JUL24BALCLE-BAL,48,52,46,yes
1753370100915,1753370100,KXMLBGAME-25JUL24BALCLE-BAL,48,52,35,yes
1753370100915,1753370100,KXMLBGAME-25JUL24BALCLE-BAL,48,52,162,yes
1753370100915,1753370100,KXMLBGAME-25JUL24BALCLE-BAL,48,52,1,yes
1753370129633,1753370129,KXMLBGAME-25JUL24ATHHOU-ATH,47,53,502,yes
1753370190095,1753370190,KXMLBGAME-25JUL24SDSTL-STL,59,41,82,yes
1753370208452,1753370208,KXMLBGAME-25JUL24BALCLE-CLE,53,47,171,yes
1753370208452,1753370208,KXMLBGAME-25JUL24BALCLE-CLE,53,47,87,yes
1753370208452,1753370208,KXMLBGAME-25JUL24BALCLE-CLE,54,46,670,yes
1753370263073,1753370263,KXMLBGAME-25JUL24BALCLE-BAL,48,52,40,yes
1753370279872,1753370279,KXMLBGAME-25JUL24BALCLE-BAL,48,52,14,yes
1753370279872,1753370279,KXMLBGAME-25JUL24BALCLE-BAL,48,52,26,yes
1753370281594,1753370281,KXMLBGAME-25JUL24BALCLE-BAL,48,52,22,yes
1753370281594,1753370281,KXMLBGAME-25JUL24BALCLE-BAL,48,52,1,yes
1753370281594,1753370281,KXMLBGAME-25JUL24BALCLE-BAL,48,52,2,yes
1753370281594,1753370281,KXMLBGAME-25JUL24BALCLE-BAL,48,52,25,yes
1753370292258,1753370292,KXMLBGAME-25JUL24ATHHOU-ATH,47,53,82,yes
1753370294774,1753370294,KXMLBGAME-25JUL24ATHHOU-HOU,55,45,1,yes
1753370302234,1753370302,KXMLBGAME-25JUL24BALCLE-BAL,48,52,80,yes
1753370313112,1753370313,KXMLBGAME-25JUL24ATHHOU-ATH,47,53,41,yes
1753370318747,1753370318,KXMLBGAME-25JUL24ATHHOU-HOU,54,46,10,no
1753370327114,1753370326,KXMLBGAME-25JUL24BALCLE-BAL,48,52,4,yes
1753370331973,1753370331,KXMLBGAME-25JUL24ATHHOU-HOU,54,46,10,no
1753370365134,1753370365,KXMLBGAME-25JUL24ATHHOU-HOU,55,45,176,yes
1753370386855,1753370386,KXMLBGAME-25JUL24SEALAA-SEA,43,57,15,yes
1753370387235,1753370387,KXMLBGAME-25JUL24BALCLE-CLE,53,47,89,yes
1753370393414,1753370393,KXMLBGAME-25JUL24BALCLE-BAL,48,52,30,yes
1753370395035,1753370394,KXMLBGAME-25JUL24BALCLE-CLE,53,47,18,yes
1753370402415,1753370402,KXMLBGAME-25JUL24BALCLE-BAL,48,52,107,yes
1753370424788,1753370424,KXMLBGAME-25JUL24BALCLE-CLE,53,47,14,yes
1753370435034,1753370434,KXMLBGAME-25JUL24BALCLE-CLE,53,47,18,yes
1753370450772,1753370450,KXMLBGAME-25JUL24BALCLE-BAL,48,52,41,yes
1753370450772,1753370450,KXMLBGAME-25JUL24BALCLE-BAL,48,52,13,yes
1753370450772,1753370450,KXMLBGAME-25JUL24BALCLE-BAL,48,52,958,yes
1753370450934,1753370450,KXMLBGAME-25JUL24BALCLE-CLE,52,48,426,no
1753370450934,1753370450,KXMLBGAME-25JUL24BALCLE-CLE,52,48,425,no
1753370450934,1753370450,KXMLBGAME-25JUL24BALCLE-CLE,52,48,1,no
1753370450934,1753370450,KXMLBGAME-25JUL24BALCLE-CLE,52,48,10,no
1753370450934,1753370450,KXMLBGAME-25JUL24BALCLE-CLE,52,48,28,no
1753370450934,1753370450,KXMLBGAME-25JUL24BALCLE-CLE,52,48,71,no
1753370450934,1753370450,KXMLBGAME-25JUL24BALCLE-CLE,52,48,51,no
1753370457392,1753370457,KXMLBGAME-25JUL24SDSTL-SD,43,57,111,yes
1753370458294,1753370458,KXMLBGAME-25JUL24BALCLE-CLE,53,47,1,yes
1753370462812,1753370462,KXMLBGAME-25JUL24SEALAA-LAA,58,42,1,yes
1753370464515,1753370464,KXMLBGAME-25JUL24TORDET-TOR,47,53,20,yes
1753370471817,1753370471,KXMLBGAME-25JUL24ATHHOU-ATH,47,53,30,yes
1753370504295,1753370504,KXMLBGAME-25JUL24ATHHOU-HOU,55,45,17,yes
1753370511624,1753370511,KXMLBGAME-25JUL24BALCLE-BAL,48,52,20,yes
1753370517617,1753370517,KXMLBGAME-25JUL24BALCLE-CLE,53,47,102,yes
1753370521034,1753370520,KXMLBGAME-25JUL24BALCLE-BAL,48,52,1980,yes
1753370521034,1753370520,KXMLBGAME-25JUL24BALCLE-BAL,48,52,2000,yes
1753370521034,1753370520,KXMLBGAME-25JUL24BALCLE-BAL,48,52,40,yes
1753370527040,1753370526,KXMLBGAME-25JUL24ATHHOU-ATH,47,53,20,yes
1753370532337,1753370532,KXMLBGAME-25JUL24ATHHOU-ATH,47,53,5,yes
1753370535935,1753370535,KXMLBGAME-25JUL24ATHHOU-ATH,47,53,490,yes
1753370535936,1753370535,KXMLBGAME-25JUL24ATHHOU-ATH,47,53,88,yes
1753370535936,1753370535,KXMLBGAME-25JUL24ATHHOU-ATH,47,53,22,yes
1753370535936,1753370535,KXMLBGAME-25JUL24ATHHOU-ATH,47,53,14,yes
1753370535936,1753370535,KXMLBGAME-25JUL24ATHHOU-ATH,47,53,17,yes
1753370535936,1753370535,KXMLBGAME-25JUL24ATHHOU-ATH,47,53,17,yes
1753370535936,1753370535,KXMLBGAME-25JUL24ATHHOU-ATH,47,53,176,yes
1753370535936,1753370535,KXMLBGAME-25JUL24ATHHOU-ATH,47,53,52,yes
1753370535936,1753370535,KXMLBGAME-25JUL24ATHHOU-ATH,47,53,881,yes
1753370535936,1753370535,KXMLBGAME-25JUL24ATHHOU-ATH,47,53,1000,yes
1753370535936,1753370535,KXMLBGAME-25JUL24ATHHOU-ATH,47,53,1345,yes
1753370536115,1753370535,KXMLBGAME-25JUL24BALCLE-CLE,53,47,221,yes
1753370538914,1753370538,KXMLBGAME-25JUL24BALCLE-BAL,48,52,2,yes
1753370541745,1753370541,KXMLBGAME-25JUL24BALCLE-CLE,53,47,14,yes
1753370542620,1753370542,KXMLBGAME-25JUL24BALCLE-BAL,48,52,5,yes
1753370547834,1753370547,KXMLBGAME-25JUL24BALCLE-BAL,48,52,40,yes
1753370555033,1753370554,KXMLBGAME-25JUL24SDSTL-STL,59,41,51,yes
1753370559873,1753370559,KXMLBGAME-25JUL24ATHHOU-HOU,55,45,19,yes
1753370569333,1753370569,KXMLBGAME-25JUL24TORDET-DET,54,46,1,yes
1753370588594,1753370588,KXMLBGAME-25JUL24SEALAA-LAA,58,42,50,yes
1753370604116,1753370603,KXMLBGAME-25JUL24BALCLE-CLE,52,48,55,yes
1753370615512,1753370615,KXMLBGAME-25JUL24TORDET-DET,54,46,7,yes
1753370623794,1753370623,KXMLBGAME-25JUL24TORDET-DET,54,46,32,yes
1753370644234,1753370644,KXMLBGAME-25JUL24BALCLE-BAL,48,52,130,yes
1753370656677,1753370656,KXMLBGAME-25JUL24BALCLE-BAL,48,52,203,yes
1753370659992,1753370659,KXMLBGAME-25JUL24SDSTL-SD,43,57,10,yes
1753370661114,1753370661,KXMLBGAME-25JUL24TORDET-TOR,47,53,141,yes
1753370663014,1753370662,KXMLBGAME-25JUL24BALCLE-BAL,48,52,60,yes
1753370665276,1753370665,KXMLBGAME-25JUL24BALCLE-CLE,52,48,11,yes
1753370669376,1753370669,KXMLBGAME-25JUL24BALCLE-CLE,52,48,74,yes
1753370680145,1753370679,KXMLBGAME-25JUL24ATHHOU-ATH,47,53,207,yes
1753370681135,1753370680,KXMLBGAME-25JUL24SDSTL-SD,43,57,111,yes
1753370693814,1753370693,KXMLBGAME-25JUL24ATHHOU-HOU,55,45,15,yes
1753370697476,1753370697,KXMLBGAME-25JUL24SDSTL-SD,43,57,11,yes
1753370699234,1753370699,KXMLBGAME-25JUL24SDSTL-STL,59,41,13,yes
1753370711935,1753370711,KXMLBGAME-25JUL24BALCLE-BAL,48,52,40,yes
1753370715852,1753370715,KXMLBGAME-25JUL24TORDET-TOR,47,53,10,yes
1753370719954,1753370719,KXMLBGAME-25JUL24BALCLE-CLE,52,48,105,yes
1753370721314,1753370721,KXMLBGAME-25JUL24ATHHOU-HOU,55,45,52,yes
1753370724992,1753370724,KXMLBGAME-25JUL24ATHHOU-HOU,55,45,7,yes
1753370726255,1753370726,KXMLBGAME-25JUL24BALCLE-BAL,48,52,22,yes
1753370727454,1753370727,KXMLBGAME-25JUL24ATHHOU-ATH,47,53,41,yes
1753370732478,1753370732,KXMLBGAME-25JUL24ATHHOU-HOU,55,45,17,yes
1753370735055,1753370734,KXMLBGAME-25JUL24BALCLE-BAL,48,52,100,yes
1753370748015,1753370747,KXMLBGAME-25JUL24SEALAA-LAA,58,42,1696,yes
1753370748015,1753370747,KXMLBGAME-25JUL24SEALAA-LAA,58,42,816,yes
1753370751894,1753370751,KXMLBGAME-25JUL24ATHHOU-ATH,47,53,100,yes
1753370759322,1753370759,KXMLBGAME-25JUL24ATHHOU-HOU,55,45,99,yes
1753370761712,1753370761,KXMLBGAME-25JUL24ATHHOU-ATH,47,53,30,yes
1753370778582,1753370778,KXMLBGAME-25JUL24BALCLE-BAL,48,52,30,yes
1753370786275,1753370786,KXMLBGAME-25JUL24ATHHOU-ATH,47,53,61,yes
1753370800834,1753370800,KXMLBGAME-25JUL24SDSTL-STL,59,41,57,yes
1753370803694,1753370803,KXMLBGAME-25JUL24ATHHOU-ATH,47,53,57,yes
1753370807152,1753370807,KXMLBGAME-25JUL24BALCLE-CLE,52,48,93,yes
1753370808193,1753370808,KXMLBGAME-25JUL24BALCLE-CLE,52,48,27,yes
1753370814374,1753370814,KXMLBGAME-25JUL24BALCLE-CLE,52,48,10,yes
1753370836219,1753370836,KXMLBGAME-25JUL24TORDET-DET,54,46,17,yes
1753370853555,1753370853,KXMLBGAME-25JUL24BALCLE-CLE,52,48,7,yes
1753370884353,1753370884,KXMLBGAME-25JUL24TORDET-TOR,47,53,371,yes
1753370890975,1753370890,KXMLBGAME-25JUL24TORDET-DET,54,46,35,yes
1753370905940,1753370905,KXMLBGAME-25JUL24ATHHOU-HOU,55,45,31,yes
1753370925994,1753370925,KXMLBGAME-25JUL24SEALAA-SEA,43,57,23,yes
1753370927370,1753370927,KXMLBGAME-25JUL24BALCLE-CLE,52,48,25,yes
1753370940793,1753370940,KXMLBGAME-25JUL24BALCLE-CLE,52,48,18,yes
1753370988314,1753370988,KXMLBGAME-25JUL24BALCLE-BAL,48,52,98,yes
1753370988314,1753370988,KXMLBGAME-25JUL24BALCLE-BAL,48,52,103,yes
1753370993920,1753370993,KXMLBGAME-25JUL24SEALAA-SEA,43,57,223,yes
1753371007556,1753371007,KXMLBGAME-25JUL24SEALAA-SEA,43,57,10,yes
1753371010095,1753371010,KXMLBGAME-25JUL24TORDET-TOR,47,53,4,yes
1753371014411,1753371014,KXMLBGAME-25JUL24ATHHOU-ATH,47,53,88,yes
1753371014411,1753371014,KXMLBGAME-25JUL24ATHHOU-ATH,47,53,12,yes
1753371014411,1753371014,KXMLBGAME-25JUL24ATHHOU-ATH,47,53,2,yes
1753371022434,1753371022,KXMLBGAME-25JUL24ATHHOU-ATH,47,53,1,yes
1753371022695,1753371022,KXMLBGAME-25JUL24BALCLE-CLE,52,48,196,yes
1753371030055,1753371030,KXMLBGAME-25JUL24SDSTL-STL,59,41,54,yes
1753371044215,1753371044,KXMLBGAME-25JUL24ATHHOU-ATH,47,53,205,yes
1753371054634,1753371054,KXMLBGAME-25JUL24ATHHOU-HOU,54,46,219,no
1753371088701,1753371088,KXMLBGAME-25JUL24BALCLE-CLE,52,48,186,yes
1753371089994,1753371089,KXMLBGAME-25JUL24BALCLE-CLE,52,48,65,yes
1753371106374,1753371106,KXMLBGAME-25JUL24SDSTL-SD,43,57,38,yes
1753371113112,1753371112,KXMLBGAME-25JUL24TORDET-DET,54,46,794,yes
1753371114634,1753371113,KXMLBGAME-25JUL24TORDET-TOR,46,54,19,no
1753371114634,1753371113,KXMLBGAME-25JUL24TORDET-TOR,46,54,50,no
1753371114634,1753371113,KXMLBGAME-25JUL24TORDET-TOR,46,54,1,no
1753371118962,1753371118,KXMLBGAME-25JUL24BALCLE-BAL,48,52,12,yes
1753371131995,1753371131,KXMLBGAME-25JUL24ATHHOU-HOU,55,45,65,yes
1753371145521,1753371145,KXMLBGAME-25JUL24BALCLE-CLE,52,48,55,yes
1753371155894,1753371155,KXMLBGAME-25JUL24BALCLE-CLE,52,48,27,yes
1753371158432,1753371158,KXMLBGAME-25JUL24ATHHOU-ATH,47,53,12,yes
1753371172172,1753371172,KXMLBGAME-25JUL24TORDET-DET,54,46,204,yes
1753371187418,1753371187,KXMLBGAME-25JUL24BALCLE-CLE,52,48,754,yes
1753371202274,1753371202,KXMLBGAME-25JUL24SDSTL-SD,43,57,65,yes
1753371212091,1753371211,KXMLBGAME-25JUL24TORDET-TOR,46,54,62,yes
1753371212116,1753371212,KXMLBGAME-25JUL24SEALAA-LAA,58,42,65,yes
1753371216794,1753371216,KXMLBGAME-25JUL24SDSTL-SD,43,57,55,yes
1753371223214,1753371223,KXMLBGAME-25JUL24BALCLE-CLE,52,48,2,yes
1753371226874,1753371226,KXMLBGAME-25JUL24BALCLE-BAL,48,52,40,yes
1753371228474,1753371228,KXMLBGAME-25JUL24TORDET-TOR,46,54,65,yes
1753371228714,1753371228,KXMLBGAME-25JUL24BALCLE-CLE,52,48,50,yes
1753371250134,1753371249,KXMLBGAME-25JUL24ATHHOU-HOU,55,45,21,yes
1753371265214,1753371265,KXMLBGAME-25JUL24BALCLE-CLE,52,48,10,yes
1753371272793,1753371272,KXMLBGAME-25JUL24ATHHOU-ATH,47,53,41,yes
1753371277593,1753371277,KXMLBGAME-25JUL24BALCLE-BAL,48,52,45,yes
1753371277593,1753371277,KXMLBGAME-25JUL24BALCLE-BAL,48,52,55,yes
1753371277675,1753371277,KXMLBGAME-25JUL24SEALAA-LAA,58,42,21,yes
1753371306638,1753371306,KXMLBGAME-25JUL24ATHHOU-ATH,47,53,102,yes
1753371316574,1753371316,KXMLBGAME-25JUL24TORDET-DET,54,46,14,yes
1753371320293,1753371320,KXMLBGAME-25JUL24BALCLE-BAL,48,52,203,yes
1753371339573,1753371339,KXMLBGAME-25JUL24ATHHOU-ATH,47,53,207,yes
1753371356936,1753371356,KXMLBGAME-25JUL24BALCLE-CLE,52,48,39,yes
1753371371135,1753371371,KXMLBGAME-25JUL24BALCLE-CLE,52,48,18,yes
1753371375634,1753371375,KXMLBGAME-25JUL24ATHHOU-HOU,55,45,177,yes
1753371394749,1753371394,KXMLBGAME-25JUL24SDSTL-SD,43,57,1,yes
1753371407355,1753371407,KXMLBGAME-25JUL24BALCLE-BAL,49,51,19,yes
1753371412994,1753371412,KXMLBGAME-25JUL24BALCLE-BAL,48,52,15,no
1753371412994,1753371412,KXMLBGAME-25JUL24BALCLE-BAL,48,52,15,no
1753371448233,1753371448,KXMLBGAME-25JUL24BALCLE-BAL,48,52,243,yes
1753371453474,1753371453,KXMLBGAME-25JUL24ATHHOU-ATH,47,53,41,yes
1753371469234,1753371469,KXMLBGAME-25JUL24BALCLE-BAL,49,51,39,yes
1753371485533,1753371485,KXMLBGAME-25JUL24ATHHOU-HOU,55,45,1,yes
1753371555274,1753371555,KXMLBGAME-25JUL24SEALAA-SEA,43,57,1,yes
1753371582672,1753371582,KXMLBGAME-25JUL24SDSTL-SD,43,57,111,yes
1753371630874,1753371630,KXMLBGAME-25JUL24TORDET-DET,54,46,8,yes
1753371645414,1753371645,KXMLBGAME-25JUL24BALCLE-CLE,53,47,7,yes
1753371659194,1753371659,KXMLBGAME-25JUL24ATHHOU-HOU,55,45,8,yes
1753371705415,1753371705,KXMLBGAME-25JUL24BALCLE-BAL,49,51,788,yes
1753371707414,1753371707,KXMLBGAME-25JUL24BALCLE-CLE,53,47,42,yes
1753371709215,1753371709,KXMLBGAME-25JUL24BALCLE-BAL,48,52,13,no
1753371712816,1753371712,KXMLBGAME-25JUL24ATHHOU-HOU,55,45,1092,yes
1753371712816,1753371712,KXMLBGAME-25JUL24ATHHOU-HOU,55,45,8,yes
1753371712816,1753371712,KXMLBGAME-25JUL24ATHHOU-HOU,55,45,12,yes
1753371712816,1753371712,KXMLBGAME-25JUL24ATHHOU-HOU,55,45,41,yes
1753371712816,1753371712,KXMLBGAME-25JUL24ATHHOU-HOU,55,45,41,yes
1753371712816,1753371712,KXMLBGAME-25JUL24ATHHOU-HOU,55,45,10,yes
1753371712816,1753371712,KXMLBGAME-25JUL24ATHHOU-HOU,55,45,32,yes
1753371712816,1753371712,KXMLBGAME-25JUL24ATHHOU-HOU,55,45,205,yes
1753371712816,1753371712,KXMLBGAME-25JUL24ATHHOU-HOU,55,45,80,yes
1753371712816,1753371712,KXMLBGAME-25JUL24ATHHOU-HOU,55,45,26,yes
1753371712816,1753371712,KXMLBGAME-25JUL24ATHHOU-HOU,55,45,4,yes
1753371712816,1753371712,KXMLBGAME-25JUL24ATHHOU-HOU,55,45,211,yes
1753371748454,1753371748,KXMLBGAME-25JUL24ATHHOU-ATH,47,53,820,yes
1753371756632,1753371756,KXMLBGAME-25JUL24ATHHOU-ATH,47,53,572,yes
1753371756632,1753371756,KXMLBGAME-25JUL24ATHHOU-ATH,47,53,13,yes
1753371802816,1753371802,KXMLBGAME-25JUL24BALCLE-BAL,49,51,313,yes
1753371802816,1753371802,KXMLBGAME-25JUL24BALCLE-BAL,49,51,248,yes
1753371872053,1753371872,KXMLBGAME-25JUL24BALCLE-CLE,52,48,2,yes
1753371872053,1753371872,KXMLBGAME-25JUL24BALCLE-CLE,53,47,7,yes
1753371881951,1753371881,KXMLBGAME-25JUL24BALCLE-BAL,48,52,80,no
1753371886865,1753371886,KXMLBGAME-25JUL24BALCLE-BAL,49,51,98,yes
1753371889655,1753371889,KXMLBGAME-25JUL24TORDET-TOR,47,53,41,yes
1753371897957,1753371897,KXMLBGAME-25JUL24SEALAA-LAA,58,42,8,yes
1753371900896,1753371900,KXMLBGAME-25JUL24BALCLE-CLE,53,47,36,yes
1753371908418,1753371908,KXMLBGAME-25JUL24BALCLE-CLE,53,47,73,yes
1753371916418,1753371916,KXMLBGAME-25JUL24ATHHOU-ATH,47,53,82,yes
1753371922654,1753371922,KXMLBGAME-25JUL24BALCLE-CLE,53,47,274,yes
1753371931894,1753371931,KXMLBGAME-25JUL24BALCLE-BAL,49,51,78,yes
1753371944014,1753371943,KXMLBGAME-25JUL24SDSTL-STL,59,41,24,yes
1753371961894,1753371961,KXMLBGAME-25JUL24BALCLE-BAL,48,52,18,no
1753371963117,1753371963,KXMLBGAME-25JUL24BALCLE-BAL,49,51,48,yes
1753371985074,1753371985,KXMLBGAME-25JUL24SEALAA-SEA,43,57,111,yes
1753371995413,1753371995,KXMLBGAME-25JUL24SEALAA-LAA,58,42,33,yes
1753372000292,1753372000,KXMLBGAME-25JUL24ATHHOU-ATH,46,54,17,no
1753372000656,1753372000,KXMLBGAME-25JUL24TORDET-TOR,47,53,102,yes
1753372012818,1753372012,KXMLBGAME-25JUL24ATHHOU-HOU,55,45,35,yes
1753372024901,1753372024,KXMLBGAME-25JUL24SDSTL-SD,43,57,44,yes
1753372025829,1753372025,KXMLBGAME-25JUL24BALCLE-CLE,53,47,182,yes
1753372060895,1753372060,KXMLBGAME-25JUL24BALCLE-CLE,53,47,20,yes
1753372108513,1753372108,KXMLBGAME-25JUL24BALCLE-CLE,53,47,89,yes
1753372124814,1753372124,KXMLBGAME-25JUL24SEALAA-SEA,43,57,13,yes
1753372125072,1753372125,KXMLBGAME-25JUL24SEALAA-LAA,58,42,8,yes
1753372169798,1753372169,KXMLBGAME-25JUL24BALCLE-CLE,53,47,9,yes
1753372169798,1753372169,KXMLBGAME-25JUL24BALCLE-CLE,53,47,70,yes
1753372172556,1753372172,KXMLBGAME-25JUL24ATHHOU-HOU,55,45,17,yes
1753372178437,1753372178,KXMLBGAME-25JUL24BALCLE-CLE,53,47,37,yes
1753372178437,1753372178,KXMLBGAME-25JUL24BALCLE-CLE,53,47,54,yes
1753372184975,1753372184,KXMLBGAME-25JUL24BALCLE-CLE,53,47,36,yes
1753372217334,1753372217,KXMLBGAME-25JUL24ATHHOU-HOU,55,45,19,yes
1753372223074,1753372223,KXMLBGAME-25JUL24SDSTL-STL,59,41,16,yes
1753372226878,1753372226,KXMLBGAME-25JUL24ATHHOU-ATH,47,53,268,yes
1753372226878,1753372226,KXMLBGAME-25JUL24ATHHOU-ATH,47,53,80,yes
1753372226878,1753372226,KXMLBGAME-25JUL24ATHHOU-ATH,47,53,26,yes
1753372226878,1753372226,KXMLBGAME-25JUL24ATHHOU-ATH,47,53,4,yes
1753372226878,1753372226,KXMLBGAME-25JUL24ATHHOU-ATH,47,53,211,yes
1753372226878,1753372226,KXMLBGAME-25JUL24ATHHOU-ATH,47,53,498,yes
1753372226878,1753372226,KXMLBGAME-25JUL24ATHHOU-ATH,47,53,1,yes
1753372226878,1753372226,KXMLBGAME-25JUL24ATHHOU-ATH,47,53,35,yes
1753372226878,1753372226,KXMLBGAME-25JUL24ATHHOU-ATH,47,53,977,yes
1753372229094,1753372229,KXMLBGAME-25JUL24TORDET-TOR,47,53,26,yes
1753372248075,1753372248,KXMLBGAME-25JUL24BALCLE-BAL,49,51,1874,yes
1753372248075,1753372248,KXMLBGAME-25JUL24BALCLE-BAL,49,51,126,yes
1753372252474,1753372252,KXMLBGAME-25JUL24BALCLE-BAL,48,52,7,no
1753372257872,1753372257,KXMLBGAME-25JUL24ATHHOU-HOU,54,46,200,no
1753372258334,1753372258,KXMLBGAME-25JUL24ATHHOU-HOU,54,46,1,yes
1753372266317,1753372266,KXMLBGAME-25JUL24BALCLE-CLE,53,47,182,yes
1753372280535,1753372280,KXMLBGAME-25JUL24BALCLE-BAL,49,51,29,yes
1753372307933,1753372307,KXMLBGAME-25JUL24ATHHOU-ATH,47,53,100,yes
1753372319155,1753372319,KXMLBGAME-25JUL24BALCLE-BAL,49,51,49,yes
1753372365835,1753372365,KXMLBGAME-25JUL24ATHHOU-ATH,47,53,51,yes
1753372412251,1753372412,KXMLBGAME-25JUL24SDSTL-SD,43,57,26,yes
1753372415284,1753372414,KXMLBGAME-25JUL24BALCLE-CLE,53,47,913,yes
1753372445833,1753372445,KXMLBGAME-25JUL24SEALAA-SEA,43,57,30,yes
1753372446093,1753372446,KXMLBGAME-25JUL24TORDET-DET,54,46,830,yes
1753372450513,1753372450,KXMLBGAME-25JUL24ATHHOU-HOU,54,46,17,yes
1753372502616,1753372502,KXMLBGAME-25JUL24BALCLE-BAL,49,51,7,yes
1753372512212,1753372512,KXMLBGAME-25JUL24TORDET-DET,54,46,58,yes
1753372512212,1753372512,KXMLBGAME-25JUL24TORDET-DET,54,46,242,yes
1753372519414,1753372519,KXMLBGAME-25JUL24BALCLE-BAL,49,51,133,yes
1753372563833,1753372563,KXMLBGAME-25JUL24BALCLE-BAL,49,51,49,yes
1753372579813,1753372579,KXMLBGAME-25JUL24SDSTL-SD,43,57,8,yes
1753372592421,1753372592,KXMLBGAME-25JUL24BALCLE-CLE,53,47,364,yes
1753372635816,1753372635,KXMLBGAME-25JUL24BALCLE-CLE,53,47,18,yes
1753372690436,1753372690,KXMLBGAME-25JUL24BALCLE-CLE,53,47,6,yes
1753372722046,1753372721,KXMLBGAME-25JUL24TORDET-TOR,47,53,2,yes
1753372736435,1753372736,KXMLBGAME-25JUL24BALCLE-BAL,49,51,2,yes
1753372745497,1753372745,KXMLBGAME-25JUL24TORDET-TOR,47,53,10,yes
1753372775773,1753372775,KXMLBGAME-25JUL24ATHHOU-HOU,54,46,1,yes
1753372784515,1753372784,KXMLBGAME-25JUL24BALCLE-CLE,53,47,5,yes
1753372790354,1753372790,KXMLBGAME-25JUL24TORDET-TOR,47,53,10,yes
1753372803334,1753372803,KXMLBGAME-25JUL24TORDET-TOR,47,53,326,yes
1753372805138,1753372804,KXMLBGAME-25JUL24BALCLE-CLE,53,47,5,yes
1753372845175,1753372844,KXMLBGAME-25JUL24SEALAA-SEA,43,57,1,yes
1753372846334,1753372846,KXMLBGAME-25JUL24SDSTL-SD,43,57,1,yes
1753372924616,1753372924,KXMLBGAME-25JUL24BALCLE-CLE,53,47,9,yes
1753372931237,1753372931,KXMLBGAME-25JUL24ATHHOU-HOU,54,46,25,yes
1753372954599,1753372954,KXMLBGAME-25JUL24ATHHOU-HOU,54,46,10,yes
1753372986576,1753372986,KXMLBGAME-25JUL24BALCLE-BAL,48,52,366,no
1753372986576,1753372986,KXMLBGAME-25JUL24BALCLE-BAL,48,52,10,no
1753373015537,1753373015,KXMLBGAME-25JUL24BALCLE-BAL,48,52,39,yes
1753373015635,1753373015,KXMLBGAME-25JUL24BALCLE-BAL,48,52,17,yes
1753373016413,1753373016,KXMLBGAME-25JUL24SEALAA-SEA,43,57,22,yes
1753373057117,1753373057,KXMLBGAME-25JUL24ATHHOU-ATH,47,53,41,yes
1753373060494,1753373060,KXMLBGAME-25JUL24ATHHOU-HOU,54,46,17,yes
1753373082212,1753373082,KXMLBGAME-25JUL24BALCLE-BAL,48,52,100,yes
1753373087534,1753373087,KXMLBGAME-25JUL24BALCLE-CLE,53,47,268,yes
1753373094035,1753373093,KXMLBGAME-25JUL24BALCLE-BAL,48,52,79,yes
1753373100213,1753373099,KXMLBGAME-25JUL24BALCLE-CLE,53,47,139,yes
1753373101473,1753373101,KXMLBGAME-25JUL24BALCLE-BAL,47,53,139,no
1753373102973,1753373102,KXMLBGAME-25JUL24BALCLE-BAL,47,53,230,no
1753373102973,1753373102,KXMLBGAME-25JUL24BALCLE-BAL,47,53,2,no
1753373104974,1753373104,KXMLBGAME-25JUL24BALCLE-BAL,48,52,4,yes
1753373110153,1753373110,KXMLBGAME-25JUL24BALCLE-BAL,48,52,19,yes
1753373161013,1753373160,KXMLBGAME-25JUL24TORDET-TOR,47,53,20,yes
1753373201915,1753373201,KXMLBGAME-25JUL24SDSTL-STL,59,41,16,yes
1753373215155,1753373215,KXMLBGAME-25JUL24BALCLE-CLE,53,47,1,yes
1753373215155,1753373215,KXMLBGAME-25JUL24BALCLE-CLE,53,47,72,yes
1753373225315,1753373225,KXMLBGAME-25JUL24SEALAA-SEA,43,57,22,yes
1753373236934,1753373236,KXMLBGAME-25JUL24BALCLE-CLE,53,47,19,yes
1753373260515,1753373260,KXMLBGAME-25JUL24BALCLE-BAL,48,52,10,yes
1753373297656,1753373297,KXMLBGAME-25JUL24BALCLE-BAL,48,52,20,yes
1753373307894,1753373307,KXMLBGAME-25JUL24ATHHOU-ATH,47,53,10,yes
1753373310374,1753373310,KXMLBGAME-25JUL24ATHHOU-ATH,47,53,20,yes
1753373315130,1753373314,KXMLBGAME-25JUL24BALCLE-CLE,52,48,201,no
1753373325716,1753373325,KXMLBGAME-25JUL24BALCLE-CLE,53,47,1826,yes
1753373335015,1753373334,KXMLBGAME-25JUL24BALCLE-BAL,48,52,100,yes
1753373346453,1753373346,KXMLBGAME-25JUL24BALCLE-CLE,53,47,83,yes
1753373346453,1753373346,KXMLBGAME-25JUL24BALCLE-CLE,53,47,145,yes
1753373365517,1753373365,KXMLBGAME-25JUL24BALCLE-CLE,53,47,36,yes
1753373373874,1753373373,KXMLBGAME-25JUL24ATHHOU-HOU,54,46,53,yes
1753373444835,1753373444,KXMLBGAME-25JUL24SEALAA-SEA,43,57,10,yes
1753373491054,1753373491,KXMLBGAME-25JUL24ATHHOU-HOU,54,46,44,yes
1753373496035,1753373495,KXMLBGAME-25JUL24SEALAA-LAA,58,42,16,yes
1753373553850,1753373553,KXMLBGAME-25JUL24BALCLE-BAL,48,52,20,yes
1753373574419,1753373574,KXMLBGAME-25JUL24SDSTL-SD,43,57,44,yes
1753373613234,1753373613,KXMLBGAME-25JUL24BALCLE-BAL,48,52,10,yes
1753373628900,1753373628,KXMLBGAME-25JUL24BALCLE-CLE,53,47,575,yes
1753373637633,1753373637,KXMLBGAME-25JUL24ATHHOU-ATH,47,53,10,yes
1753373645694,1753373645,KXMLBGAME-25JUL24TORDET-TOR,47,53,656,yes
1753373653393,1753373653,KXMLBGAME-25JUL24ATHHOU-HOU,54,46,33,yes
1753373668855,1753373668,KXMLBGAME-25JUL24BALCLE-CLE,53,47,45,yes
1753373703535,1753373703,KXMLBGAME-25JUL24SEALAA-SEA,43,57,22,yes
1753373707635,1753373707,KXMLBGAME-25JUL24BALCLE-CLE,53,47,10,yes
1753373710614,1753373710,KXMLBGAME-25JUL24BALCLE-CLE,53,47,45,yes
1753373713619,1753373713,KXMLBGAME-25JUL24TORDET-TOR,47,53,12,yes
1753373724455,1753373724,KXMLBGAME-25JUL24BALCLE-CLE,53,47,3,yes
1753373731474,1753373731,KXMLBGAME-25JUL24TORDET-TOR,47,53,153,yes
1753373763721,1753373763,KXMLBGAME-25JUL24ATHHOU-ATH,47,53,2,yes
1753373771447,1753373771,KXMLBGAME-25JUL24TORDET-TOR,47,53,61,yes
1753373773116,1753373772,KXMLBGAME-25JUL24BALCLE-BAL,48,52,100,yes
1753373786994,1753373786,KXMLBGAME-25JUL24BALCLE-BAL,48,52,180,yes
1753373802192,1753373802,KXMLBGAME-25JUL24SDSTL-SD,43,57,55,yes
1753373809275,1753373809,KXMLBGAME-25JUL24SEALAA-LAA,58,42,80,yes
1753373809455,1753373809,KXMLBGAME-25JUL24BALCLE-CLE,53,47,182,yes
1753373809836,1753373809,KXMLBGAME-25JUL24ATHHOU-HOU,54,46,44,yes
1753373821254,1753373821,KXMLBGAME-25JUL24ATHHOU-ATH,47,53,184,yes
1753373839635,1753373839,KXMLBGAME-25JUL24ATHHOU-ATH,47,53,1,yes
1753373859813,1753373859,KXMLBGAME-25JUL24SEALAA-SEA,43,57,2,yes
1753373865954,1753373865,KXMLBGAME-25JUL24SEALAA-LAA,58,42,41,yes
1753373873215,1753373873,KXMLBGAME-25JUL24ATHHOU-ATH,47,53,100,yes
1753373874764,1753373874,KXMLBGAME-25JUL24SEALAA-SEA,43,57,1,yes
1753373883614,1753373883,KXMLBGAME-25JUL24BALCLE-CLE,53,47,144,yes
1753373900615,1753373900,KXMLBGAME-25JUL24BALCLE-BAL,48,52,20,yes
1753373978235,1753373978,KXMLBGAME-25JUL24BALCLE-CLE,53,47,18,yes
1753374033997,1753374033,KXMLBGAME-25JUL24BALCLE-BAL,48,52,44,yes
1753374047856,1753374047,KXMLBGAME-25JUL24ATHHOU-HOU,54,46,9,yes
1753374051154,1753374051,KXMLBGAME-25JUL24BALCLE-CLE,53,47,56,yes
1753374054494,1753374054,KXMLBGAME-25JUL24BALCLE-BAL,48,52,101,yes
1753374117195,1753374117,KXMLBGAME-25JUL24SEALAA-LAA,58,42,167,yes
1753374132613,1753374132,KXMLBGAME-25JUL24BALCLE-CLE,53,47,5,yes
1753374151235,1753374151,KXMLBGAME-25JUL24BALCLE-BAL,48,52,16,yes
1753374152535,1753374152,KXMLBGAME-25JUL24BALCLE-CLE,53,47,5,yes
1753374171735,1753374171,KXMLBGAME-25JUL24BALCLE-CLE,53,47,5,yes
1753374172494,1753374172,KXMLBGAME-25JUL24ATHHOU-ATH,47,53,17,yes
1753374191195,1753374191,KXMLBGAME-25JUL24BALCLE-CLE,53,47,5,yes
1753374203097,1753374203,KXMLBGAME-25JUL24BALCLE-CLE,53,47,10,yes
1753374210157,1753374210,KXMLBGAME-25JUL24BALCLE-CLE,53,47,5,yes
1753374217313,1753374217,KXMLBGAME-25JUL24BALCLE-BAL,48,52,100,yes
1753374229377,1753374229,KXMLBGAME-25JUL24BALCLE-CLE,53,47,5,yes
1753374239076,1753374239,KXMLBGAME-25JUL24ATHHOU-HOU,54,46,179,yes
1753374242833,1753374242,KXMLBGAME-25JUL24BALCLE-CLE,53,47,7,yes
1753374249114,1753374249,KXMLBGAME-25JUL24BALCLE-CLE,53,47,5,yes
1753374266856,1753374266,KXMLBGAME-25JUL24ATHHOU-ATH,47,53,102,yes
1753374268778,1753374268,KXMLBGAME-25JUL24BALCLE-CLE,53,47,5,yes
1753374281632,1753374281,KXMLBGAME-25JUL24BALCLE-BAL,48,52,341,yes
1753374288434,1753374288,KXMLBGAME-25JUL24BALCLE-CLE,53,47,5,yes
1753374291829,1753374291,KXMLBGAME-25JUL24ATHHOU-HOU,54,46,44,yes
1753374308075,1753374308,KXMLBGAME-25JUL24BALCLE-CLE,53,47,5,yes
1753374327375,1753374327,KXMLBGAME-25JUL24BALCLE-CLE,53,47,5,yes
1753374327934,1753374327,KXMLBGAME-25JUL24BALCLE-BAL,48,52,4,yes
1753374347108,1753374347,KXMLBGAME-25JUL24BALCLE-CLE,53,47,5,yes
1753374366434,1753374366,KXMLBGAME-25JUL24BALCLE-CLE,53,47,5,yes
1753374371534,1753374371,KXMLBGAME-25JUL24BALCLE-CLE,53,47,45,yes
1753374392414,1753374392,KXMLBGAME-25JUL24SEALAA-SEA,43,57,54,yes
1753374407956,1753374407,KXMLBGAME-25JUL24BALCLE-CLE,53,47,457,yes
1753374415435,1753374415,KXMLBGAME-25JUL24BALCLE-CLE,53,47,27,yes
1753374417593,1753374417,KXMLBGAME-25JUL24BALCLE-CLE,53,47,5,yes
1753374439795,1753374439,KXMLBGAME-25JUL24BALCLE-CLE,53,47,5,yes
1753374440834,1753374440,KXMLBGAME-25JUL24BALCLE-CLE,53,47,42,yes
1753374444933,1753374444,KXMLBGAME-25JUL24BALCLE-BAL,48,52,100,yes
1753374449130,1753374448,KXMLBGAME-25JUL24BALCLE-CLE,53,47,182,yes
1753374462055,1753374462,KXMLBGAME-25JUL24BALCLE-CLE,53,47,5,yes
1753374482154,1753374482,KXMLBGAME-25JUL24SEALAA-LAA,58,42,167,yes
1753374483797,1753374483,KXMLBGAME-25JUL24BALCLE-CLE,53,47,5,yes
1753374497367,1753374497,KXMLBGAME-25JUL24BALCLE-BAL,48,52,15,yes
1753374500023,1753374499,KXMLBGAME-25JUL24ATHHOU-HOU,54,46,179,yes
1753374505234,1753374505,KXMLBGAME-25JUL24BALCLE-CLE,53,47,5,yes
1753374517135,1753374517,KXMLBGAME-25JUL24BALCLE-BAL,48,52,5,yes
1753374522218,1753374522,KXMLBGAME-25JUL24SDSTL-STL,59,41,329,yes
1753374527395,1753374527,KXMLBGAME-25JUL24BALCLE-CLE,53,47,5,yes
1753374539350,1753374539,KXMLBGAME-25JUL24TORDET-DET,54,46,179,yes
1753374549995,1753374549,KXMLBGAME-25JUL24BALCLE-CLE,53,47,5,yes
1753374555121,1753374555,KXMLBGAME-25JUL24SDSTL-SD,43,57,17,yes
1753374559214,1753374559,KXMLBGAME-25JUL24BALCLE-CLE,53,47,501,yes
1753374571914,1753374571,KXMLBGAME-25JUL24BALCLE-CLE,53,47,5,yes
1753374583234,1753374583,KXMLBGAME-25JUL24BALCLE-CLE,53,47,22,yes
1753374591138,1753374591,KXMLBGAME-25JUL24BALCLE-CLE,53,47,182,yes
1753374594733,1753374594,KXMLBGAME-25JUL24BALCLE-CLE,53,47,5,yes
1753374597717,1753374597,KXMLBGAME-25JUL24BALCLE-BAL,48,52,60,yes
1753374597717,1753374597,KXMLBGAME-25JUL24BALCLE-BAL,48,52,141,yes
1753374599317,1753374599,KXMLBGAME-25JUL24BALCLE-BAL,48,52,39,yes
1753374609694,1753374609,KXMLBGAME-25JUL24BALCLE-CLE,53,47,81,yes
1753374616799,1753374616,KXMLBGAME-25JUL24BALCLE-CLE,53,47,5,yes
1753374620254,1753374620,KXMLBGAME-25JUL24BALCLE-BAL,48,52,40,yes
1753374623835,1753374623,KXMLBGAME-25JUL24SDSTL-STL,59,41,16,yes
1753374623913,1753374623,KXMLBGAME-25JUL24BALCLE-CLE,53,47,3,yes
1753374684652,1753374684,KXMLBGAME-25JUL24BALCLE-BAL,48,52,196,yes
1753374705775,1753374705,KXMLBGAME-25JUL24BALCLE-BAL,48,52,40,yes
1753374749433,1753374749,KXMLBGAME-25JUL24SDSTL-STL,59,41,82,yes
1753374766057,1753374766,KXMLBGAME-25JUL24SEALAA-LAA,58,42,83,yes
1753374771522,1753374771,KXMLBGAME-25JUL24BALCLE-CLE,53,47,54,yes
1753374797817,1753374797,KXMLBGAME-25JUL24BALCLE-CLE,53,47,13,yes
1753374797817,1753374797,KXMLBGAME-25JUL24BALCLE-CLE,53,47,41,yes
1753374811214,1753374811,KXMLBGAME-25JUL24BALCLE-CLE,53,47,10,yes
1753374814456,1753374814,KXMLBGAME-25JUL24TORDET-DET,53,47,140,no
1753374814456,1753374814,KXMLBGAME-25JUL24TORDET-DET,53,47,308,no
1753374816634,1753374816,KXMLBGAME-25JUL24BALCLE-CLE,53,47,36,yes
1753374841381,1753374841,KXMLBGAME-25JUL24BALCLE-CLE,53,47,91,yes
1753374896496,1753374896,KXMLBGAME-25JUL24TORDET-TOR,47,53,41,yes
1753374896797,1753374896,KXMLBGAME-25JUL24BALCLE-BAL,48,52,685,yes
1753374910854,1753374910,KXMLBGAME-25JUL24BALCLE-BAL,48,52,40,yes
1753374930776,1753374930,KXMLBGAME-25JUL24SDSTL-SD,43,57,44,yes
1753374954337,1753374953,KXMLBGAME-25JUL24ATHHOU-HOU,54,46,71,yes
1753374954935,1753374954,KXMLBGAME-25JUL24TORDET-TOR,47,53,30,yes
1753374963935,1753374963,KXMLBGAME-25JUL24SEALAA-SEA,43,57,26,yes
1753374977057,1753374977,KXMLBGAME-25JUL24SEALAA-LAA,58,42,83,yes
1753374983716,1753374983,KXMLBGAME-25JUL24SEALAA-SEA,43,57,8,yes
1753374988577,1753374988,KXMLBGAME-25JUL24TORDET-DET,54,46,3,yes
1753374997076,1753374997,KXMLBGAME-25JUL24SDSTL-SD,43,57,32,yes
1753375000855,1753375000,KXMLBGAME-25JUL24BALCLE-CLE,53,47,45,yes
1753375025540,1753375025,KXMLBGAME-25JUL24BALCLE-CLE,53,47,100,yes
1753375038392,1753375038,KXMLBGAME-25JUL24BALCLE-BAL,48,52,29,yes
1753375041295,1753375041,KXMLBGAME-25JUL24BALCLE-CLE,53,47,67,yes
1753375060078,1753375060,KXMLBGAME-25JUL24BALCLE-CLE,53,47,132,yes
1753375063374,1753375063,KXMLBGAME-25JUL24BALCLE-CLE,53,47,202,yes
1753375063974,1753375063,KXMLBGAME-25JUL24SDSTL-SD,43,57,45,yes
1753375079696,1753375079,KXMLBGAME-25JUL24BALCLE-CLE,51,49,6,no
1753375081018,1753375080,KXMLBGAME-25JUL24ATHHOU-HOU,54,46,17,yes
1753375086954,1753375086,KXMLBGAME-25JUL24BALCLE-BAL,48,52,203,yes
1753375113936,1753375113,KXMLBGAME-25JUL24BALCLE-CLE,53,47,36,yes
1753375127716,1753375127,KXMLBGAME-25JUL24BALCLE-CLE,53,47,91,yes
1753375129055,1753375129,KXMLBGAME-25JUL24BALCLE-CLE,53,47,12,yes
1753375130910,1753375130,KXMLBGAME-25JUL24SDSTL-SD,43,57,52,yes
1753375130910,1753375130,KXMLBGAME-25JUL24SDSTL-SD,43,57,59,yes
1753375142235,1753375142,KXMLBGAME-25JUL24BALCLE-CLE,53,47,448,yes
1753375149618,1753375149,KXMLBGAME-25JUL24ATHHOU-HOU,54,46,89,yes
1753375161535,1753375161,KXMLBGAME-25JUL24ATHHOU-ATH,47,53,8,yes
1753375161835,1753375161,KXMLBGAME-25JUL24SEALAA-SEA,43,57,111,yes
1753375170074,1753375170,KXMLBGAME-25JUL24BALCLE-CLE,53,47,182,yes
1753375170615,1753375170,KXMLBGAME-25JUL24BALCLE-CLE,53,47,107,yes
1753375174474,1753375174,KXMLBGAME-25JUL24SDSTL-SD,43,57,17,yes
1753375189333,1753375188,KXMLBGAME-25JUL24BALCLE-BAL,48,52,135,yes
1753375189333,1753375188,KXMLBGAME-25JUL24BALCLE-BAL,48,52,24,yes
1753375189333,1753375188,KXMLBGAME-25JUL24BALCLE-BAL,48,52,243,yes
1753375195016,1753375194,KXMLBGAME-25JUL24BALCLE-CLE,53,47,11,yes
1753375200317,1753375200,KXMLBGAME-25JUL24BALCLE-CLE,53,47,75,yes
1753375205934,1753375205,KXMLBGAME-25JUL24TORDET-TOR,47,53,16,yes
1753375224395,1753375224,KXMLBGAME-25JUL24SEALAA-SEA,43,57,45,yes
1753375256519,1753375256,KXMLBGAME-25JUL24BALCLE-CLE,53,47,25,yes
1753375286495,1753375286,KXMLBGAME-25JUL24BALCLE-CLE,53,47,91,yes
1753375288694,1753375288,KXMLBGAME-25JUL24BALCLE-BAL,48,52,100,yes
1753375301038,1753375300,KXMLBGAME-25JUL24ATHHOU-ATH,47,53,40,yes
1753375303874,1753375303,KXMLBGAME-25JUL24BALCLE-CLE,53,47,20,yes
1753375306555,1753375306,KXMLBGAME-25JUL24BALCLE-CLE,53,47,63,yes
1753375349156,1753375349,KXMLBGAME-25JUL24BALCLE-BAL,48,52,128,yes
1753375373877,1753375373,KXMLBGAME-25JUL24TORDET-TOR,47,53,50,yes
1753375383155,1753375383,KXMLBGAME-25JUL24TORDET-TOR,47,53,51,yes
1753375387557,1753375387,KXMLBGAME-25JUL24BALCLE-CLE,53,47,182,yes
1753375405817,1753375405,KXMLBGAME-25JUL24SEALAA-SEA,43,57,40,yes
1753375407094,1753375406,KXMLBGAME-25JUL24BALCLE-CLE,52,48,9,yes
1753375426041,1753375425,KXMLBGAME-25JUL24SDSTL-SD,43,57,75,yes
1753375441035,1753375440,KXMLBGAME-25JUL24ATHHOU-HOU,54,46,44,yes
1753375441098,1753375441,KXMLBGAME-25JUL24BALCLE-CLE,52,48,27,yes
1753375454274,1753375454,KXMLBGAME-25JUL24SEALAA-SEA,43,57,10,yes
1753375464597,1753375464,KXMLBGAME-25JUL24ATHHOU-ATH,47,53,102,yes
1753375466875,1753375466,KXMLBGAME-25JUL24BALCLE-CLE,52,48,13,yes
1753375485735,1753375485,KXMLBGAME-25JUL24SEALAA-SEA,43,57,55,yes
1753375486434,1753375486,KXMLBGAME-25JUL24BALCLE-CLE,52,48,37,yes
1753375490448,1753375490,KXMLBGAME-25JUL24SDSTL-STL,59,41,3,yes
1753375512355,1753375512,KXMLBGAME-25JUL24BALCLE-CLE,53,47,20,yes
1753375512355,1753375512,KXMLBGAME-25JUL24BALCLE-CLE,53,47,107,yes
1753375512355,1753375512,KXMLBGAME-25JUL24BALCLE-CLE,53,47,329,yes
1753375538679,1753375538,KXMLBGAME-25JUL24BALCLE-BAL,48,52,975,yes
1753375538679,1753375538,KXMLBGAME-25JUL24BALCLE-BAL,49,51,29,yes
1753375563975,1753375563,KXMLBGAME-25JUL24TORDET-TOR,47,53,40,yes
1753375585256,1753375585,KXMLBGAME-25JUL24SEALAA-LAA,58,42,15,yes
1753375595633,1753375595,KXMLBGAME-25JUL24BALCLE-BAL,49,51,99,yes
1753375606941,1753375606,KXMLBGAME-25JUL24SEALAA-SEA,43,57,11,yes
1753375652441,1753375652,KXMLBGAME-25JUL24ATHHOU-HOU,54,46,35,yes
1753375656739,1753375656,KXMLBGAME-25JUL24ATHHOU-HOU,54,46,35,yes
1753375657917,1753375657,KXMLBGAME-25JUL24BALCLE-BAL,49,51,295,yes
1753375658758,1753375658,KXMLBGAME-25JUL24BALCLE-CLE,53,47,162,yes
1753375668011,1753375667,KXMLBGAME-25JUL24BALCLE-CLE,53,47,9,yes
1753375674675,1753375674,KXMLBGAME-25JUL24SDSTL-SD,43,57,60,yes
1753375682949,1753375682,KXMLBGAME-25JUL24BALCLE-BAL,49,51,98,yes
1753375684536,1753375684,KXMLBGAME-25JUL24ATHHOU-HOU,54,46,30,yes
1753375686239,1753375686,KXMLBGAME-25JUL24BALCLE-BAL,49,51,9,yes
1753375696212,1753375696,KXMLBGAME-25JUL24SEALAA-SEA,43,57,11,yes
1753375700857,1753375700,KXMLBGAME-25JUL24BALCLE-CLE,53,47,9,yes
1753375704977,1753375704,KXMLBGAME-25JUL24BALCLE-BAL,49,51,1,yes
1753375718035,1753375717,KXMLBGAME-25JUL24SDSTL-STL,59,41,33,yes
1753375781661,1753375781,KXMLBGAME-25JUL24BALCLE-BAL,49,51,23,yes
1753375785160,1753375785,KXMLBGAME-25JUL24BALCLE-BAL,49,51,19,yes
1753375791711,1753375791,KXMLBGAME-25JUL24ATHHOU-HOU,54,46,107,yes
1753375828133,1753375828,KXMLBGAME-25JUL24BALCLE-CLE,53,47,250,yes
1753375854638,1753375854,KXMLBGAME-25JUL24ATHHOU-ATH,47,53,10,yes
1753375865678,1753375865,KXMLBGAME-25JUL24BALCLE-CLE,53,47,1,yes
1753375869674,1753375869,KXMLBGAME-25JUL24SDSTL-STL,59,41,3,yes
1753375875354,1753375875,KXMLBGAME-25JUL24BALCLE-CLE,53,47,28,yes
1753375875783,1753375875,KXMLBGAME-25JUL24BALCLE-CLE,53,47,440,yes
1753375885678,1753375885,KXMLBGAME-25JUL24BALCLE-BAL,49,51,800,yes
1753375892634,1753375892,KXMLBGAME-25JUL24BALCLE-CLE,53,47,64,yes
1753375900318,1753375900,KXMLBGAME-25JUL24BALCLE-CLE,53,47,365,yes
1753375900955,1753375900,KXMLBGAME-25JUL24TORDET-TOR,47,53,800,yes
1753375904075,1753375904,KXMLBGAME-25JUL24BALCLE-CLE,53,47,29,yes
1753375913156,1753375913,KXMLBGAME-25JUL24BALCLE-BAL,49,51,19,yes
1753375930626,1753375930,KXMLBGAME-25JUL24BALCLE-CLE,53,47,182,yes
1753375951939,1753375951,KXMLBGAME-25JUL24BALCLE-BAL,49,51,21,yes
1753375988334,1753375988,KXMLBGAME-25JUL24BALCLE-BAL,49,51,44,yes
1753375998970,1753375998,KXMLBGAME-25JUL24TORDET-TOR,47,53,8,yes
1753376016934,1753376016,KXMLBGAME-25JUL24BALCLE-BAL,49,51,276,yes
1753376029315,1753376029,KXMLBGAME-25JUL24TORDET-TOR,47,53,90,yes
1753376058847,1753376058,KXMLBGAME-25JUL24BALCLE-CLE,53,47,179,yes
1753376066795,1753376066,KXMLBGAME-25JUL24ATHHOU-ATH,47,53,225,yes
1753376066795,1753376066,KXMLBGAME-25JUL24ATHHOU-ATH,47,53,62,yes
1753376068154,1753376068,KXMLBGAME-25JUL24BALCLE-CLE,53,47,9,yes
1753376069419,1753376069,KXMLBGAME-25JUL24SDSTL-SD,43,57,4,yes
1753376086136,1753376086,KXMLBGAME-25JUL24ATHHOU-HOU,54,46,5,yes
1753376092967,1753376092,KXMLBGAME-25JUL24ATHHOU-HOU,54,46,44,yes
1753376110215,1753376110,KXMLBGAME-25JUL24BALCLE-CLE,53,47,376,yes
1753376113414,1753376113,KXMLBGAME-25JUL24SEALAA-SEA,43,57,11,yes
1753376117634,1753376117,KXMLBGAME-25JUL24BALCLE-BAL,49,51,19,yes
1753376127375,1753376127,KXMLBGAME-25JUL24SEALAA-SEA,43,57,4,yes
1753376136594,1753376136,KXMLBGAME-25JUL24ATHHOU-HOU,54,46,17,yes
1753376139476,1753376139,KXMLBGAME-25JUL24TORDET-DET,54,46,5,yes
1753376141274,1753376141,KXMLBGAME-25JUL24BALCLE-CLE,53,47,44,yes
1753376155594,1753376155,KXMLBGAME-25JUL24BALCLE-CLE,53,47,5,yes
1753376164295,1753376164,KXMLBGAME-25JUL24BALCLE-CLE,53,47,5,yes
1753376226294,1753376226,KXMLBGAME-25JUL24ATHHOU-HOU,54,46,179,yes
1753376243115,1753376243,KXMLBGAME-25JUL24BALCLE-CLE,53,47,7,yes
1753376248674,1753376248,KXMLBGAME-25JUL24BALCLE-CLE,53,47,456,yes
1753376262156,1753376262,KXMLBGAME-25JUL24BALCLE-CLE,53,47,3,yes
1753376267416,1753376267,KXMLBGAME-25JUL24TORDET-TOR,47,53,410,yes
1753376267520,1753376267,KXMLBGAME-25JUL24TORDET-TOR,47,53,410,yes
1753376268013,1753376267,KXMLBGAME-25JUL24SDSTL-SD,42,58,1,no
1753376268014,1753376267,KXMLBGAME-25JUL24SDSTL-SD,41,59,9,no
1753376268256,1753376268,KXMLBGAME-25JUL24BALCLE-CLE,53,47,9,yes
1753376279277,1753376279,KXMLBGAME-25JUL24SDSTL-STL,59,41,10,yes
1753376300637,1753376300,KXMLBGAME-25JUL24BALCLE-CLE,53,47,14,yes
1753376337693,1753376337,KXMLBGAME-25JUL24ATHHOU-HOU,54,46,1,yes
1753376365898,1753376365,KXMLBGAME-25JUL24BALCLE-BAL,49,51,35,yes
1753376370737,1753376370,KXMLBGAME-25JUL24SEALAA-SEA,43,57,45,yes
1753376376175,1753376376,KXMLBGAME-25JUL24TORDET-DET,54,46,550,yes
1753376392235,1753376392,KXMLBGAME-25JUL24TORDET-TOR,47,53,2,yes
1753376395056,1753376394,KXMLBGAME-25JUL24BALCLE-BAL,48,52,300,yes
1753376395775,1753376395,KXMLBGAME-25JUL24BALCLE-CLE,53,47,28,yes
1753376414438,1753376414,KXMLBGAME-25JUL24BALCLE-CLE,52,48,125,no
1753376431436,1753376431,KXMLBGAME-25JUL24SDSTL-STL,59,41,3,yes
1753376437859,1753376437,KXMLBGAME-25JUL24BALCLE-CLE,53,47,5,yes
1753376444415,1753376444,KXMLBGAME-25JUL24SDSTL-SD,42,58,1,yes
1753376444594,1753376444,KXMLBGAME-25JUL24SEALAA-SEA,43,57,44,yes
1753376451434,1753376451,KXMLBGAME-25JUL24TORDET-TOR,47,53,4,yes
1753376470317,1753376469,KXMLBGAME-25JUL24BALCLE-BAL,48,52,1312,yes
1753376470317,1753376469,KXMLBGAME-25JUL24BALCLE-BAL,48,52,1202,yes
1753376470317,1753376469,KXMLBGAME-25JUL24BALCLE-BAL,48,52,500,yes
1753376470317,1753376469,KXMLBGAME-25JUL24BALCLE-BAL,49,51,286,yes
1753376470317,1753376469,KXMLBGAME-25JUL24BALCLE-BAL,49,51,200,yes
1753376470317,1753376469,KXMLBGAME-25JUL24BALCLE-BAL,49,51,350,yes
1753376470317,1753376469,KXMLBGAME-25JUL24BALCLE-BAL,49,51,2120,yes
1753376488075,1753376488,KXMLBGAME-25JUL24BALCLE-CLE,53,47,456,yes
1753376489638,1753376489,KXMLBGAME-25JUL24BALCLE-CLE,53,47,56,yes
1753376495674,1753376495,KXMLBGAME-25JUL24SEALAA-SEA,43,57,222,yes
1753376550717,1753376550,KXMLBGAME-25JUL24SEALAA-LAA,58,42,31,yes
1753376567214,1753376567,KXMLBGAME-25JUL24BALCLE-CLE,53,47,549,yes
1753376577254,1753376577,KXMLBGAME-25JUL24BALCLE-BAL,48,52,492,yes
1753376584854,1753376584,KXMLBGAME-25JUL24TORDET-TOR,47,53,7,yes
1753376622918,1753376622,KXMLBGAME-25JUL24BALCLE-CLE,53,47,50,yes
1753376623095,1753376623,KXMLBGAME-25JUL24BALCLE-CLE,53,47,400,yes
1753376635642,1753376635,KXMLBGAME-25JUL24BALCLE-CLE,53,47,51,yes
1753376636140,1753376635,KXMLBGAME-25JUL24BALCLE-BAL,48,52,1485,yes
1753376652117,1753376652,KXMLBGAME-25JUL24BALCLE-CLE,53,47,1,yes
1753376655238,1753376655,KXMLBGAME-25JUL24BALCLE-BAL,48,52,23,yes
1753376655238,1753376655,KXMLBGAME-25JUL24BALCLE-BAL,48,52,450,yes
1753376655238,1753376655,KXMLBGAME-25JUL24BALCLE-BAL,49,51,28,yes
1753376700237,1753376700,KXMLBGAME-25JUL24BALCLE-CLE,53,47,432,yes
1753376700237,1753376700,KXMLBGAME-25JUL24BALCLE-CLE,53,47,66,yes
1753376706734,1753376706,KXMLBGAME-25JUL24BALCLE-CLE,53,47,5,yes
1753376720421,1753376720,KXMLBGAME-25JUL24BALCLE-BAL,49,51,78,yes
1753376729491,1753376729,KXMLBGAME-25JUL24BALCLE-CLE,53,47,548,yes
1753376742494,1753376742,KXMLBGAME-25JUL24BALCLE-BAL,49,51,118,yes
1753376750095,1753376750,KXMLBGAME-25JUL24ATHHOU-HOU,54,46,71,yes
1753376752736,1753376752,KXMLBGAME-25JUL24BALCLE-CLE,53,47,456,yes
1753376762994,1753376762,KXMLBGAME-25JUL24BALCLE-BAL,49,51,242,yes
1753376763395,1753376763,KXMLBGAME-25JUL24BALCLE-CLE,53,47,15,yes
1753376764834,1753376764,KXMLBGAME-25JUL24BALCLE-BAL,49,51,60,yes
1753376776716,1753376776,KXMLBGAME-25JUL24ATHHOU-HOU,54,46,44,yes
1753376779214,1753376779,KXMLBGAME-25JUL24BALCLE-BAL,49,51,28,yes
1753376781834,1753376781,KXMLBGAME-25JUL24BALCLE-CLE,53,47,29,yes
1753376785438,1753376785,KXMLBGAME-25JUL24BALCLE-CLE,53,47,91,yes
1753376789216,1753376789,KXMLBGAME-25JUL24TORDET-TOR,47,53,5,yes
1753376793684,1753376793,KXMLBGAME-25JUL24BALCLE-BAL,49,51,197,yes
1753376794877,1753376794,KXMLBGAME-25JUL24BALCLE-CLE,53,47,45,yes
1753376813152,1753376813,KXMLBGAME-25JUL24BALCLE-CLE,53,47,89,yes
1753376816936,1753376816,KXMLBGAME-25JUL24ATHHOU-HOU,54,46,19,yes
1753376830115,1753376830,KXMLBGAME-25JUL24TORDET-TOR,47,53,4,yes
1753376831414,1753376831,KXMLBGAME-25JUL24TORDET-TOR,47,53,245,yes
1753376841996,1753376841,KXMLBGAME-25JUL24BALCLE-CLE,53,47,274,yes
1753376842380,1753376842,KXMLBGAME-25JUL24BALCLE-BAL,49,51,193,yes
1753376845196,1753376845,KXMLBGAME-25JUL24SEALAA-SEA,43,57,24,yes
1753376864114,1753376863,KXMLBGAME-25JUL24BALCLE-CLE,53,47,479,yes
1753376878456,1753376878,KXMLBGAME-25JUL24BALCLE-BAL,49,51,290,yes
1753376880158,1753376880,KXMLBGAME-25JUL24BALCLE-BAL,49,51,98,yes
1753376904704,1753376904,KXMLBGAME-25JUL24BALCLE-BAL,49,51,11,yes
1753376911155,1753376911,KXMLBGAME-25JUL24BALCLE-CLE,53,47,548,yes
1753376919037,1753376918,KXMLBGAME-25JUL24BALCLE-CLE,51,49,44,no
1753376919037,1753376918,KXMLBGAME-25JUL24BALCLE-CLE,51,49,100,no
1753376919037,1753376918,KXMLBGAME-25JUL24BALCLE-CLE,51,49,53,no
1753376929334,1753376929,KXMLBGAME-25JUL24TORDET-DET,54,46,19,yes
1753376940318,1753376940,KXMLBGAME-25JUL24BALCLE-CLE,53,47,179,yes
1753376948334,1753376948,KXMLBGAME-25JUL24BALCLE-BAL,49,51,40,yes
1753376950335,1753376950,KXMLBGAME-25JUL24TORDET-TOR,47,53,30,yes
1753376958495,1753376958,KXMLBGAME-25JUL24BALCLE-CLE,53,47,176,yes
1753376958495,1753376958,KXMLBGAME-25JUL24BALCLE-CLE,53,47,6,yes
1753376961495,1753376961,KXMLBGAME-25JUL24BALCLE-CLE,53,47,22,yes
1753376964577,1753376964,KXMLBGAME-25JUL24BALCLE-BAL,49,51,1077,yes
1753376980795,1753376980,KXMLBGAME-25JUL24BALCLE-CLE,53,47,9,yes
1753376985355,1753376985,KXMLBGAME-25JUL24BALCLE-CLE,53,47,4,yes
1753376985359,1753376985,KXMLBGAME-25JUL24BALCLE-CLE,53,47,1,yes
1753377011435,1753377011,KXMLBGAME-25JUL24BALCLE-BAL,48,52,78,yes
1753377011435,1753377011,KXMLBGAME-25JUL24BALCLE-BAL,49,51,309,yes
1753377023919,1753377023,KXMLBGAME-25JUL24BALCLE-CLE,53,47,91,yes
1753377040016,1753377039,KXMLBGAME-25JUL24BALCLE-CLE,53,47,18,yes
1753377041234,1753377041,KXMLBGAME-25JUL24BALCLE-BAL,48,52,59,yes
1753377041234,1753377041,KXMLBGAME-25JUL24BALCLE-BAL,48,52,39,yes
1753377041556,1753377041,KXMLBGAME-25JUL24ATHHOU-HOU,54,46,18,yes
1753377047605,1753377047,KXMLBGAME-25JUL24BALCLE-CLE,53,47,44,no
1753377047605,1753377047,KXMLBGAME-25JUL24BALCLE-CLE,52,48,37,no
1753377077435,1753377077,KXMLBGAME-25JUL24BALCLE-BAL,48,52,20,yes
1753377080776,1753377080,KXMLBGAME-25JUL24BALCLE-BAL,48,52,2,yes
1753377082014,1753377081,KXMLBGAME-25JUL24BALCLE-CLE,54,46,22,yes
1753377094339,1753377094,KXMLBGAME-25JUL24BALCLE-BAL,48,52,1,yes
1753377095037,1753377094,KXMLBGAME-25JUL24BALCLE-CLE,53,47,182,yes
1753377101097,1753377100,KXMLBGAME-25JUL24BALCLE-CLE,53,47,73,yes
1753377111349,1753377111,KXMLBGAME-25JUL24BALCLE-BAL,49,51,41,yes
1753377112294,1753377112,KXMLBGAME-25JUL24BALCLE-CLE,52,48,87,yes
1753377112294,1753377112,KXMLBGAME-25JUL24BALCLE-CLE,53,47,1017,yes
1753377123295,1753377123,KXMLBGAME-25JUL24BALCLE-BAL,49,51,118,yes
1753377153718,1753377153,KXMLBGAME-25JUL24BALCLE-BAL,47,53,87,no
1753377159436,1753377159,KXMLBGAME-25JUL24BALCLE-BAL,47,53,13,no
1753377162914,1753377162,KXMLBGAME-25JUL24TORDET-DET,54,46,8,yes
1753377202794,1753377202,KXMLBGAME-25JUL24ATHHOU-HOU,54,46,91,yes
1753377209096,1753377209,KXMLBGAME-25JUL24BALCLE-CLE,54,46,53,yes
1753377212394,1753377212,KXMLBGAME-25JUL24BALCLE-CLE,54,46,17,yes
1753377219376,1753377219,KXMLBGAME-25JUL24BALCLE-CLE,54,46,17,yes
1753377219376,1753377219,KXMLBGAME-25JUL24BALCLE-CLE,54,46,53,yes
1753377219376,1753377219,KXMLBGAME-25JUL24BALCLE-CLE,54,46,17,yes
1753377219376,1753377219,KXMLBGAME-25JUL24BALCLE-CLE,55,45,133,yes
1753377236887,1753377236,KXMLBGAME-25JUL24BALCLE-BAL,46,54,36,yes
1753377237314,1753377237,KXMLBGAME-25JUL24BALCLE-CLE,56,44,1,yes
1753377246475,1753377246,KXMLBGAME-25JUL24BALCLE-CLE,56,44,20,yes
1753377254839,1753377254,KXMLBGAME-25JUL24BALCLE-CLE,56,44,20,yes
1753377274037,1753377273,KXMLBGAME-25JUL24BALCLE-CLE,56,44,8,yes
1753377275713,1753377275,KXMLBGAME-25JUL24BALCLE-CLE,56,44,17,yes
1753377287171,1753377287,KXMLBGAME-25JUL24BALCLE-CLE,57,43,10,yes
1753377301737,1753377301,KXMLBGAME-25JUL24BALCLE-BAL,45,55,94,yes
1753377304414,1753377304,KXMLBGAME-25JUL24BALCLE-BAL,45,55,22,yes
1753377327913,1753377327,KXMLBGAME-25JUL24TORDET-TOR,47,53,20,yes
1753377347318,1753377347,KXMLBGAME-25JUL24SDSTL-SD,42,58,18,yes
1753377355335,1753377355,KXMLBGAME-25JUL24BALCLE-BAL,45,55,21,yes
1753377361555,1753377361,KXMLBGAME-25JUL24ATHHOU-HOU,54,46,21,yes
1753377366636,1753377366,KXMLBGAME-25JUL24TORDET-TOR,47,53,20,yes
1753377376119,1753377376,KXMLBGAME-25JUL24SEALAA-SEA,43,57,13,yes
1753377376874,1753377376,KXMLBGAME-25JUL24TORDET-DET,54,46,22,yes
1753377377914,1753377377,KXMLBGAME-25JUL24BALCLE-CLE,57,43,3,yes
1753377377925,1753377377,KXMLBGAME-25JUL24SDSTL-SD,42,58,22,yes
1753377394719,1753377394,KXMLBGAME-25JUL24ATHHOU-ATH,47,53,20,yes
1753377396413,1753377396,KXMLBGAME-25JUL24BALCLE-CLE,56,44,4,no
1753377396413,1753377396,KXMLBGAME-25JUL24BALCLE-CLE,46,54,19,no
1753377396738,1753377396,KXMLBGAME-25JUL24SDSTL-STL,59,41,8,yes
1753377398114,1753377398,KXMLBGAME-25JUL24BALCLE-CLE,46,54,198,yes
1753377409177,1753377409,KXMLBGAME-25JUL24SEALAA-SEA,43,57,22,yes
1753377409635,1753377409,KXMLBGAME-25JUL24BALCLE-CLE,39,61,53,yes
1753377420355,1753377420,KXMLBGAME-25JUL24BALCLE-CLE,37,63,58,yes
1753377427235,1753377427,KXMLBGAME-25JUL24BALCLE-BAL,63,37,41,no
1753377429554,1753377429,KXMLBGAME-25JUL24BALCLE-BAL,64,36,56,yes
1753377429554,1753377429,KXMLBGAME-25JUL24BALCLE-BAL,65,35,10,yes
1753377429554,1753377429,KXMLBGAME-25JUL24BALCLE-BAL,65,35,87,yes
1753377429554,1753377429,KXMLBGAME-25JUL24BALCLE-BAL,66,34,71,yes
1753377432415,1753377432,KXMLBGAME-25JUL24ATHHOU-HOU,54,46,7,yes
1753377433434,1753377433,KXMLBGAME-25JUL24ATHHOU-HOU,54,46,14,yes
1753377440735,1753377440,KXMLBGAME-25JUL24BALCLE-CLE,38,62,12,yes
1753377442975,1753377442,KXMLBGAME-25JUL24BALCLE-CLE,37,63,221,no
1753377442975,1753377442,KXMLBGAME-25JUL24BALCLE-CLE,35,65,87,no
1753377442975,1753377442,KXMLBGAME-25JUL24BALCLE-CLE,34,66,171,no
1753377446056,1753377446,KXMLBGAME-25JUL24BALCLE-BAL,65,35,73,yes
1753377446056,1753377446,KXMLBGAME-25JUL24BALCLE-BAL,66,34,2,yes
1753377446833,1753377446,KXMLBGAME-25JUL24BALCLE-CLE,37,63,1,yes
1753377447257,1753377447,KXMLBGAME-25JUL24TORDET-TOR,47,53,6,yes
1753377449416,1753377449,KXMLBGAME-25JUL24BALCLE-BAL,66,34,13,yes
1753377451475,1753377451,KXMLBGAME-25JUL24BALCLE-CLE,37,63,131,yes
1753377454617,1753377454,KXMLBGAME-25JUL24BALCLE-BAL,73,27,14,yes
1753377460413,1753377459,KXMLBGAME-25JUL24BALCLE-CLE,21,79,1,no
1753377460414,1753377459,KXMLBGAME-25JUL24BALCLE-CLE,19,81,54,no
1753377460414,1753377459,KXMLBGAME-25JUL24BALCLE-CLE,18,82,1,no
1753377460414,1753377459,KXMLBGAME-25JUL24BALCLE-CLE,18,82,126,no
1753377462417,1753377462,KXMLBGAME-25JUL24SEALAA-SEA,43,57,11,yes
1753377466438,1753377466,KXMLBGAME-25JUL24BALCLE-CLE,36,64,18,yes
1753377467840,1753377467,KXMLBGAME-25JUL24SEALAA-SEA,43,57,33,yes
1753377472096,1753377472,KXMLBGAME-25JUL24BALCLE-CLE,36,64,21,yes
1753377473455,1753377473,KXMLBGAME-25JUL24BALCLE-CLE,36,64,48,yes
1753377473455,1753377473,KXMLBGAME-25JUL24BALCLE-CLE,36,64,18,yes
1753377473455,1753377473,KXMLBGAME-25JUL24BALCLE-CLE,36,64,21,yes
1753377473455,1753377473,KXMLBGAME-25JUL24BALCLE-CLE,37,63,189,yes
1753377475537,1753377475,KXMLBGAME-25JUL24BALCLE-BAL,66,34,7,yes
1753377481000,1753377480,KXMLBGAME-25JUL24BALCLE-CLE,34,66,198,no
1753377483115,1753377483,KXMLBGAME-25JUL24BALCLE-CLE,37,63,50,yes
1753377488775,1753377488,KXMLBGAME-25JUL24BALCLE-CLE,36,64,100,no
1753377489635,1753377489,KXMLBGAME-25JUL24ATHHOU-HOU,54,46,17,yes
1753377490566,1753377490,KXMLBGAME-25JUL24BALCLE-CLE,30,70,317,yes
1753377493935,1753377493,KXMLBGAME-25JUL24BALCLE-CLE,30,70,25,yes
1753377504005,1753377503,KXMLBGAME-25JUL24BALCLE-CLE,28,72,27,yes
1753377507936,1753377507,KXMLBGAME-25JUL24SDSTL-SD,42,58,228,yes
1753377511556,1753377511,KXMLBGAME-25JUL24BALCLE-CLE,27,73,30,yes
1753377512136,1753377512,KXMLBGAME-25JUL24BALCLE-CLE,25,75,11,no
1753377517215,1753377517,KXMLBGAME-25JUL24BALCLE-CLE,26,74,36,no
1753377530014,1753377529,KXMLBGAME-25JUL24BALCLE-BAL,73,27,86,yes
1753377530014,1753377529,KXMLBGAME-25JUL24BALCLE-BAL,75,25,47,yes
1753377530374,1753377530,KXMLBGAME-25JUL24TORDET-TOR,47,53,51,yes
1753377532537,1753377532,KXMLBGAME-25JUL24BALCLE-BAL,72,28,3,no
1753377535816,1753377535,KXMLBGAME-25JUL24BALCLE-BAL,75,25,15,yes
1753377538015,1753377537,KXMLBGAME-25JUL24BALCLE-BAL,75,25,38,yes
1753377538015,1753377537,KXMLBGAME-25JUL24BALCLE-BAL,75,25,27,yes
1753377539717,1753377539,KXMLBGAME-25JUL24BALCLE-CLE,28,72,87,yes
1753377539717,1753377539,KXMLBGAME-25JUL24BALCLE-CLE,28,72,300,yes
1753377539717,1753377539,KXMLBGAME-25JUL24BALCLE-CLE,28,72,55,yes
1753377540317,1753377540,KXMLBGAME-25JUL24BALCLE-BAL,75,25,51,yes
1753377546635,1753377546,KXMLBGAME-25JUL24BALCLE-BAL,75,25,131,yes
1753377551149,1753377550,KXMLBGAME-25JUL24BALCLE-BAL,72,28,44,no
1753377551735,1753377551,KXMLBGAME-25JUL24BALCLE-CLE,26,74,9,no
1753377553877,1753377553,KXMLBGAME-25JUL24BALCLE-CLE,28,72,68,yes
1753377554516,1753377554,KXMLBGAME-25JUL24BALCLE-CLE,28,72,3,yes
1753377554775,1753377554,KXMLBGAME-25JUL24SEALAA-LAA,58,42,41,yes
1753377555734,1753377555,KXMLBGAME-25JUL24BALCLE-CLE,28,72,3,yes
1753377555855,1753377555,KXMLBGAME-25JUL24BALCLE-CLE,26,74,22,no
1753377566439,1753377566,KXMLBGAME-25JUL24BALCLE-BAL,76,24,87,yes
1753377566439,1753377566,KXMLBGAME-25JUL24BALCLE-BAL,77,23,169,yes
1753377575055,1753377575,KXMLBGAME-25JUL24SDSTL-SD,42,58,57,yes
1753377579935,1753377579,KXMLBGAME-25JUL24BALCLE-BAL,75,25,131,yes
1753377585216,1753377585,KXMLBGAME-25JUL24ATHHOU-HOU,54,46,107,yes
1753377588576,1753377588,KXMLBGAME-25JUL24BALCLE-BAL,75,25,300,yes
1753377588576,1753377588,KXMLBGAME-25JUL24BALCLE-BAL,75,25,84,yes
1753377588576,1753377588,KXMLBGAME-25JUL24BALCLE-BAL,76,24,89,yes
1753377590236,1753377590,KXMLBGAME-25JUL24BALCLE-BAL,75,25,52,yes
1753377596855,1753377596,KXMLBGAME-25JUL24BALCLE-BAL,75,25,128,yes
1753377598874,1753377598,KXMLBGAME-25JUL24BALCLE-BAL,75,25,105,yes
1753377604607,1753377604,KXMLBGAME-25JUL24BALCLE-BAL,75,25,15,yes
1753377604607,1753377604,KXMLBGAME-25JUL24BALCLE-BAL,76,24,211,yes
1753377607334,1753377607,KXMLBGAME-25JUL24BALCLE-CLE,27,73,176,yes
1753377615075,1753377615,KXMLBGAME-25JUL24BALCLE-CLE,27,73,35,yes
1753377618036,1753377617,KXMLBGAME-25JUL24BALCLE-CLE,27,73,3,yes
1753377631416,1753377631,KXMLBGAME-25JUL24BALCLE-BAL,75,25,65,yes
1753377634816,1753377634,KXMLBGAME-25JUL24BALCLE-CLE,26,74,33,no
1753377634816,1753377634,KXMLBGAME-25JUL24BALCLE-CLE,26,74,18,no
1753377634816,1753377634,KXMLBGAME-25JUL24BALCLE-CLE,25,75,128,no
1753377637116,1753377637,KXMLBGAME-25JUL24BALCLE-BAL,74,26,7,yes
1753377656354,1753377656,KXMLBGAME-25JUL24BALCLE-CLE,24,76,182,no
1753377659799,1753377659,KXMLBGAME-25JUL24BALCLE-BAL,74,26,66,yes
1753377663589,1753377663,KXMLBGAME-25JUL24BALCLE-BAL,74,26,29,yes
1753377667471,1753377667,KXMLBGAME-25JUL24BALCLE-BAL,73,27,123,yes
1753377667471,1753377667,KXMLBGAME-25JUL24BALCLE-BAL,74,26,34,yes
1753377667471,1753377667,KXMLBGAME-25JUL24BALCLE-BAL,74,26,1835,yes
1753377674574,1753377674,KXMLBGAME-25JUL24TORDET-TOR,46,54,100,no
1753377677415,1753377677,KXMLBGAME-25JUL24BALCLE-BAL,73,27,13,yes
1753377682536,1753377682,KXMLBGAME-25JUL24BALCLE-BAL,73,27,67,yes
1753377688496,1753377688,KXMLBGAME-25JUL24BALCLE-BAL,74,26,39,yes
1753377691925,1753377691,KXMLBGAME-25JUL24BALCLE-CLE,28,72,6,yes
1753377692578,1753377692,KXMLBGAME-25JUL24BALCLE-CLE,28,72,17,yes
1753377699129,1753377698,KXMLBGAME-25JUL24BALCLE-BAL,74,26,2123,yes
1753377706138,1753377705,KXMLBGAME-25JUL24SDSTL-SD,42,58,11,yes
1753377712275,1753377712,KXMLBGAME-25JUL24BALCLE-CLE,28,72,102,yes
1753377716156,1753377716,KXMLBGAME-25JUL24BALCLE-CLE,27,73,54,no
1753377718698,1753377718,KXMLBGAME-25JUL24BALCLE-CLE,28,72,1,yes
1753377731134,1753377731,KXMLBGAME-25JUL24TORDET-TOR,47,53,10,yes
1753377732676,1753377732,KXMLBGAME-25JUL24BALCLE-BAL,72,28,136,yes
1753377739816,1753377739,KXMLBGAME-25JUL24BALCLE-CLE,28,72,18,yes
1753377747615,1753377747,KXMLBGAME-25JUL24BALCLE-BAL,72,28,6,yes
1753377747956,1753377747,KXMLBGAME-25JUL24SEALAA-SEA,43,57,670,yes
1753377757295,1753377757,KXMLBGAME-25JUL24BALCLE-CLE,27,73,17,no
1753377757635,1753377757,KXMLBGAME-25JUL24BALCLE-CLE,28,72,25,yes
1753377765737,1753377765,KXMLBGAME-25JUL24BALCLE-CLE,30,70,31,yes
1753377777713,1753377777,KXMLBGAME-25JUL24BALCLE-BAL,73,27,1,yes
1753377787116,1753377786,KXMLBGAME-25JUL24BALCLE-CLE,28,72,400,no
1753377787116,1753377786,KXMLBGAME-25JUL24BALCLE-CLE,28,72,300,no
1753377787116,1753377786,KXMLBGAME-25JUL24BALCLE-CLE,26,74,47,no
1753377787116,1753377786,KXMLBGAME-25JUL24BALCLE-CLE,26,74,857,no
1753377794195,1753377794,KXMLBGAME-25JUL24BALCLE-BAL,73,27,299,yes
1753377794195,1753377794,KXMLBGAME-25JUL24BALCLE-BAL,74,26,22,yes
1753377794203,1753377794,KXMLBGAME-25JUL24BALCLE-BAL,74,26,21,yes
1753377794203,1753377794,KXMLBGAME-25JUL24BALCLE-BAL,74,26,59,yes
1753377806936,1753377806,KXMLBGAME-25JUL24ATHHOU-HOU,54,46,1243,yes
1753377806936,1753377806,KXMLBGAME-25JUL24ATHHOU-HOU,54,46,551,yes
1753377817255,1753377817,KXMLBGAME-25JUL24BALCLE-CLE,28,72,41,yes
1753377822875,1753377822,KXMLBGAME-25JUL24BALCLE-BAL,73,27,100,yes
1753377824035,1753377823,KXMLBGAME-25JUL24SDSTL-STL,59,41,6,yes
1753377827449,1753377827,KXMLBGAME-25JUL24SDSTL-STL,59,41,123,yes
1753377827449,1753377827,KXMLBGAME-25JUL24SDSTL-STL,59,41,41,yes
1753377833294,1753377833,KXMLBGAME-25JUL24BALCLE-BAL,75,25,200,yes
1753377833294,1753377833,KXMLBGAME-25JUL24BALCLE-BAL,75,25,300,yes
1753377833294,1753377833,KXMLBGAME-25JUL24BALCLE-BAL,76,24,149,yes
1753377841336,1753377841,KXMLBGAME-25JUL24BALCLE-BAL,76,24,151,yes
1753377841336,1753377841,KXMLBGAME-25JUL24BALCLE-BAL,76,24,500,yes
1753377841336,1753377841,KXMLBGAME-25JUL24BALCLE-BAL,76,24,200,yes
1753377841336,1753377841,KXMLBGAME-25JUL24BALCLE-BAL,76,24,300,yes
1753377841336,1753377841,KXMLBGAME-25JUL24BALCLE-BAL,77,23,33,yes
1753377841336,1753377841,KXMLBGAME-25JUL24BALCLE-BAL,77,23,600,yes
1753377841336,1753377841,KXMLBGAME-25JUL24BALCLE-BAL,77,23,275,yes
1753377856596,1753377856,KXMLBGAME-25JUL24BALCLE-CLE,27,73,87,yes
1753377856596,1753377856,KXMLBGAME-25JUL24BALCLE-CLE,27,73,268,yes
1753377864608,1753377864,KXMLBGAME-25JUL24BALCLE-BAL,75,25,13,yes
1753377877075,1753377877,KXMLBGAME-25JUL24BALCLE-CLE,27,73,352,yes
1753377897717,1753377897,KXMLBGAME-25JUL24BALCLE-CLE,28,72,10,yes
1753377905638,1753377905,KXMLBGAME-25JUL24BALCLE-BAL,72,28,98,no
1753377913414,1753377913,KXMLBGAME-25JUL24BALCLE-CLE,28,72,30,yes
1753377928057,1753377927,KXMLBGAME-25JUL24BALCLE-BAL,75,25,131,yes
1753377941456,1753377941,KXMLBGAME-25JUL24BALCLE-CLE,28,72,696,yes
1753377948494,1753377948,KXMLBGAME-25JUL24BALCLE-BAL,72,28,134,yes
1753377955374,1753377955,KXMLBGAME-25JUL24BALCLE-BAL,72,28,13,yes
1753377959984,1753377959,KXMLBGAME-25JUL24BALCLE-CLE,29,71,8,yes
1753377959984,1753377959,KXMLBGAME-25JUL24BALCLE-CLE,30,70,24,yes
1753377963938,1753377963,KXMLBGAME-25JUL24BALCLE-CLE,29,71,32,yes
1753377964133,1753377964,KXMLBGAME-25JUL24TORDET-TOR,47,53,82,yes
1753377986938,1753377986,KXMLBGAME-25JUL24BALCLE-CLE,35,65,268,yes
1753377987236,1753377987,KXMLBGAME-25JUL24BALCLE-BAL,67,33,109,yes
1753377997896,1753377997,KXMLBGAME-25JUL24BALCLE-BAL,67,33,19,yes
1753377999617,1753377999,KXMLBGAME-25JUL24BALCLE-CLE,35,65,68,yes
1753378009095,1753378009,KXMLBGAME-25JUL24BALCLE-BAL,67,33,7,yes
1753378009635,1753378009,KXMLBGAME-25JUL24BALCLE-CLE,33,67,250,no
1753378009876,1753378009,KXMLBGAME-25JUL24BALCLE-CLE,35,65,235,yes
1753378023945,1753378023,KXMLBGAME-25JUL24BALCLE-CLE,37,63,7,yes
1753378024056,1753378024,KXMLBGAME-25JUL24BALCLE-CLE,37,63,25,yes
1753378024935,1753378024,KXMLBGAME-25JUL24BALCLE-BAL,66,34,295,yes
1753378025393,1753378025,KXMLBGAME-25JUL24BALCLE-CLE,37,63,5,yes
1753378034117,1753378034,KXMLBGAME-25JUL24BALCLE-CLE,37,63,31,yes
1753378034555,1753378034,KXMLBGAME-25JUL24BALCLE-BAL,63,37,196,no
1753378034947,1753378034,KXMLBGAME-25JUL24BALCLE-CLE,37,63,232,yes
1753378034948,1753378034,KXMLBGAME-25JUL24BALCLE-CLE,37,63,26,yes
1753378035157,1753378035,KXMLBGAME-25JUL24BALCLE-CLE,37,63,61,yes
1753378035157,1753378035,KXMLBGAME-25JUL24BALCLE-CLE,37,63,26,yes
1753378035157,1753378035,KXMLBGAME-25JUL24BALCLE-CLE,37,63,300,yes
1753378035157,1753378035,KXMLBGAME-25JUL24BALCLE-CLE,38,62,600,yes
1753378035157,1753378035,KXMLBGAME-25JUL24BALCLE-CLE,38,62,257,yes
1753378041494,1753378041,KXMLBGAME-25JUL24BALCLE-CLE,37,63,12,yes
1753378046556,1753378046,KXMLBGAME-25JUL24BALCLE-BAL,65,35,3,yes
1753378046575,1753378046,KXMLBGAME-25JUL24SDSTL-SD,42,58,57,yes
1753378047494,1753378047,KXMLBGAME-25JUL24BALCLE-CLE,34,66,300,yes
1753378048553,1753378048,KXMLBGAME-25JUL24BALCLE-BAL,65,35,15,yes
1753378048758,1753378048,KXMLBGAME-25JUL24BALCLE-BAL,65,35,22,yes
1753378052915,1753378052,KXMLBGAME-25JUL24BALCLE-CLE,34,66,281,yes
1753378054421,1753378054,KXMLBGAME-25JUL24BALCLE-BAL,64,36,83,no
1753378054421,1753378054,KXMLBGAME-25JUL24BALCLE-BAL,64,36,141,no
1753378055734,1753378055,KXMLBGAME-25JUL24BALCLE-BAL,64,36,5,no
1753378063135,1753378063,KXMLBGAME-25JUL24BALCLE-BAL,68,32,10,yes
1753378064216,1753378063,KXMLBGAME-25JUL24BALCLE-BAL,65,35,5,no
1753378071034,1753378070,KXMLBGAME-25JUL24BALCLE-BAL,68,32,77,yes
1753378071035,1753378070,KXMLBGAME-25JUL24BALCLE-BAL,68,32,10,yes
1753378071035,1753378070,KXMLBGAME-25JUL24BALCLE-BAL,69,31,27,yes
1753378071695,1753378071,KXMLBGAME-25JUL24BALCLE-CLE,34,66,3,yes
1753378076237,1753378076,KXMLBGAME-25JUL24SEALAA-SEA,43,57,55,yes
1753378076301,1753378076,KXMLBGAME-25JUL24BALCLE-CLE,34,66,100,yes
1753378077653,1753378077,KXMLBGAME-25JUL24BALCLE-CLE,32,68,87,no
1753378077653,1753378077,KXMLBGAME-25JUL24BALCLE-CLE,31,69,300,no
1753378077754,1753378077,KXMLBGAME-25JUL24BALCLE-BAL,68,32,87,yes
1753378077754,1753378077,KXMLBGAME-25JUL24BALCLE-BAL,69,31,273,yes
1753378077754,1753378077,KXMLBGAME-25JUL24BALCLE-BAL,69,31,200,yes
1753378077754,1753378077,KXMLBGAME-25JUL24BALCLE-BAL,69,31,300,yes
1753378087275,1753378087,KXMLBGAME-25JUL24BALCLE-CLE,29,71,87,yes
1753378087275,1753378087,KXMLBGAME-25JUL24BALCLE-CLE,29,71,9,yes
1753378088115,1753378088,KXMLBGAME-25JUL24ATHHOU-HOU,54,46,89,yes
1753378091316,1753378091,KXMLBGAME-25JUL24BALCLE-CLE,29,71,16,yes
1753378108010,1753378107,KXMLBGAME-25JUL24ATHHOU-HOU,54,46,17,yes
1753378109184,1753378109,KXMLBGAME-25JUL24BALCLE-CLE,28,72,3,yes
1753378131136,1753378131,KXMLBGAME-25JUL24SEALAA-SEA,43,57,44,yes
1753378133936,1753378133,KXMLBGAME-25JUL24ATHHOU-ATH,47,53,4,yes
1753378138436,1753378138,KXMLBGAME-25JUL24BALCLE-CLE,28,72,170,yes
1753378141241,1753378141,KXMLBGAME-25JUL24BALCLE-CLE,28,72,17,yes
1753378147139,1753378147,KXMLBGAME-25JUL24BALCLE-BAL,75,25,1,yes
1753378148752,1753378148,KXMLBGAME-25JUL24BALCLE-BAL,74,26,390,yes
1753378151496,1753378151,KXMLBGAME-25JUL24TORDET-DET,54,46,12,yes
1753378153234,1753378153,KXMLBGAME-25JUL24BALCLE-BAL,74,26,66,yes
1753378163936,1753378163,KXMLBGAME-25JUL24BALCLE-CLE,25,75,66,no
1753378163936,1753378163,KXMLBGAME-25JUL24BALCLE-CLE,25,75,300,no
1753378167797,1753378167,KXMLBGAME-25JUL24BALCLE-CLE,24,76,100,no
1753378167797,1753378167,KXMLBGAME-25JUL24BALCLE-CLE,24,76,300,no
1753378167797,1753378167,KXMLBGAME-25JUL24BALCLE-CLE,24,76,50,no
1753378169536,1753378169,KXMLBGAME-25JUL24SDSTL-SD,42,58,16,yes
1753378178715,1753378178,KXMLBGAME-25JUL24BALCLE-CLE,22,78,3,no
1753378182763,1753378182,KXMLBGAME-25JUL24ATHHOU-ATH,47,53,24,yes
1753378183515,1753378183,KXMLBGAME-25JUL24BALCLE-BAL,78,22,4,yes
1753378185664,1753378185,KXMLBGAME-25JUL24BALCLE-BAL,78,22,496,yes
1753378185664,1753378185,KXMLBGAME-25JUL24BALCLE-BAL,78,22,300,yes
1753378185664,1753378185,KXMLBGAME-25JUL24BALCLE-BAL,79,21,37,yes
1753378185664,1753378185,KXMLBGAME-25JUL24BALCLE-BAL,79,21,500,yes
1753378185664,1753378185,KXMLBGAME-25JUL24BALCLE-BAL,79,21,600,yes
1753378185664,1753378185,KXMLBGAME-25JUL24BALCLE-BAL,79,21,200,yes
1753378185664,1753378185,KXMLBGAME-25JUL24BALCLE-BAL,80,20,100,yes
1753378185664,1753378185,KXMLBGAME-25JUL24BALCLE-BAL,80,20,143,yes
1753378194196,1753378194,KXMLBGAME-25JUL24BALCLE-CLE,23,77,211,yes
1753378194196,1753378194,KXMLBGAME-25JUL24BALCLE-CLE,23,77,155,yes
1753378197517,1753378197,KXMLBGAME-25JUL24BALCLE-CLE,23,77,82,yes
1753378205236,1753378205,KXMLBGAME-25JUL24BALCLE-CLE,23,77,100,yes
1753378210730,1753378210,KXMLBGAME-25JUL24BALCLE-BAL,79,21,27,yes
1753378214050,1753378213,KXMLBGAME-25JUL24BALCLE-CLE,23,77,231,yes
1753378214050,1753378213,KXMLBGAME-25JUL24BALCLE-CLE,24,76,87,yes
1753378214050,1753378213,KXMLBGAME-25JUL24BALCLE-CLE,24,76,87,yes
1753378226056,1753378226,KXMLBGAME-25JUL24BALCLE-BAL,78,22,50,no
1753378229557,1753378229,KXMLBGAME-25JUL24SDSTL-SD,42,58,11,yes
1753378238678,1753378238,KXMLBGAME-25JUL24TORDET-DET,54,46,327,yes
1753378241598,1753378241,KXMLBGAME-25JUL24TORDET-TOR,47,53,10,yes
1753378242597,1753378242,KXMLBGAME-25JUL24BALCLE-BAL,77,23,19,yes
1753378255774,1753378255,KXMLBGAME-25JUL24BALCLE-CLE,24,76,5,yes
1753378272516,1753378272,KXMLBGAME-25JUL24TORDET-TOR,47,53,6,yes
1753378280014,1753378279,KXMLBGAME-25JUL24BALCLE-CLE,24,76,79,yes
1753378295978,1753378295,KXMLBGAME-25JUL24BALCLE-BAL,77,23,18,yes
1753378295978,1753378295,KXMLBGAME-25JUL24BALCLE-BAL,78,22,209,yes
1753378300157,1753378300,KXMLBGAME-25JUL24SEALAA-SEA,43,57,11,yes
1753378305235,1753378305,KXMLBGAME-25JUL24BALCLE-BAL,78,22,107,yes
1753378323334,1753378323,KXMLBGAME-25JUL24BALCLE-BAL,78,22,25,yes
1753378327336,1753378327,KXMLBGAME-25JUL24BALCLE-BAL,78,22,1,yes
1753378327862,1753378327,KXMLBGAME-25JUL24BALCLE-BAL,78,22,167,yes
1753378327862,1753378327,KXMLBGAME-25JUL24BALCLE-BAL,78,22,1722,yes
1753378328735,1753378328,KXMLBGAME-25JUL24TORDET-TOR,47,53,10,yes
1753378339018,1753378338,KXMLBGAME-25JUL24BALCLE-CLE,24,76,300,yes
1753378339018,1753378338,KXMLBGAME-25JUL24BALCLE-CLE,25,75,84,yes
1753378342857,1753378342,KXMLBGAME-25JUL24BALCLE-CLE,24,76,27,yes
1753378345134,1753378344,KXMLBGAME-25JUL24BALCLE-CLE,24,76,102,yes
1753378347597,1753378347,KXMLBGAME-25JUL24BALCLE-CLE,24,76,193,yes
1753378351657,1753378351,KXMLBGAME-25JUL24BALCLE-CLE,24,76,197,yes
1753378366220,1753378366,KXMLBGAME-25JUL24SDSTL-SD,42,58,45,yes
1753378369915,1753378369,KXMLBGAME-25JUL24BALCLE-CLE,26,74,19,yes
1753378375874,1753378375,KXMLBGAME-25JUL24SEALAA-LAA,58,42,6,yes
1753378380978,1753378380,KXMLBGAME-25JUL24BALCLE-BAL,76,24,19,yes
1753378380978,1753378380,KXMLBGAME-25JUL24BALCLE-BAL,77,23,5,yes
1753378380978,1753378380,KXMLBGAME-25JUL24BALCLE-BAL,77,23,65,yes
1753378387053,1753378386,KXMLBGAME-25JUL24BALCLE-CLE,25,75,15,yes
1753378389339,1753378389,KXMLBGAME-25JUL24BALCLE-CLE,25,75,19,yes
1753378398216,1753378398,KXMLBGAME-25JUL24SDSTL-SD,42,58,9,yes
1753378407457,1753378407,KXMLBGAME-25JUL24BALCLE-CLE,24,76,300,no
1753378407457,1753378407,KXMLBGAME-25JUL24BALCLE-CLE,23,77,17,no
1753378412036,1753378411,KXMLBGAME-25JUL24BALCLE-BAL,75,25,19,no
1753378431136,1753378431,KXMLBGAME-25JUL24BALCLE-CLE,26,74,181,yes
1753378431136,1753378431,KXMLBGAME-25JUL24BALCLE-CLE,26,74,1,yes
1753378437233,1753378436,KXMLBGAME-25JUL24BALCLE-CLE,26,74,7,yes
1753378437935,1753378437,KXMLBGAME-25JUL24BALCLE-CLE,26,74,292,yes
1753378437935,1753378437,KXMLBGAME-25JUL24BALCLE-CLE,26,74,5,yes
1753378437935,1753378437,KXMLBGAME-25JUL24BALCLE-CLE,26,74,83,yes
1753378437935,1753378437,KXMLBGAME-25JUL24BALCLE-CLE,26,74,4,yes
1753378437935,1753378437,KXMLBGAME-25JUL24BALCLE-CLE,26,74,4004,yes
1753378451354,1753378451,KXMLBGAME-25JUL24BALCLE-BAL,75,25,347,yes
1753378457236,1753378457,KXMLBGAME-25JUL24BALCLE-CLE,26,74,5,yes
1753378457236,1753378457,KXMLBGAME-25JUL24BALCLE-CLE,27,73,5,yes
1753378457236,1753378457,KXMLBGAME-25JUL24BALCLE-CLE,27,73,7,yes
1753378460369,1753378460,KXMLBGAME-25JUL24BALCLE-BAL,75,25,25,yes
1753378469694,1753378469,KXMLBGAME-25JUL24SEALAA-SEA,43,57,22,yes
1753378475874,1753378475,KXMLBGAME-25JUL24BALCLE-BAL,74,26,1,no
1753378479422,1753378479,KXMLBGAME-25JUL24BALCLE-CLE,28,72,17,yes
1753378491439,1753378491,KXMLBGAME-25JUL24BALCLE-CLE,28,72,3,yes
1753378492299,1753378492,KXMLBGAME-25JUL24BALCLE-CLE,28,72,51,yes
1753378496897,1753378496,KXMLBGAME-25JUL24ATHHOU-HOU,54,46,11,yes
1753378511815,1753378511,KXMLBGAME-25JUL24BALCLE-CLE,28,72,20,yes
1753378515040,1753378514,KXMLBGAME-25JUL24SEALAA-SEA,43,57,22,yes
1753378521795,1753378521,KXMLBGAME-25JUL24BALCLE-CLE,27,73,95,yes
1753378533975,1753378533,KXMLBGAME-25JUL24BALCLE-CLE,27,73,18,yes
1753378550535,1753378550,KXMLBGAME-25JUL24BALCLE-CLE,27,73,187,yes
1753378550535,1753378550,KXMLBGAME-25JUL24BALCLE-CLE,28,72,200,yes
1753378550536,1753378550,KXMLBGAME-25JUL24BALCLE-CLE,28,72,1000,yes
1753378550536,1753378550,KXMLBGAME-25JUL24BALCLE-CLE,28,72,1120,yes
1753378565375,1753378565,KXMLBGAME-25JUL24BALCLE-CLE,25,75,13,no
1753378577106,1753378576,KXMLBGAME-25JUL24BALCLE-CLE,27,73,17,yes
1753378579462,1753378579,KXMLBGAME-25JUL24BALCLE-BAL,74,26,2,yes
1753378587940,1753378587,KXMLBGAME-25JUL24BALCLE-BAL,74,26,118,yes
1753378605235,1753378605,KXMLBGAME-25JUL24TORDET-TOR,47,53,83,yes
1753378618666,1753378618,KXMLBGAME-25JUL24BALCLE-BAL,74,26,61,yes
1753378618666,1753378618,KXMLBGAME-25JUL24BALCLE-BAL,74,26,18,yes
1753378624019,1753378623,KXMLBGAME-25JUL24BALCLE-BAL,73,27,300,no
1753378624019,1753378623,KXMLBGAME-25JUL24BALCLE-BAL,72,28,10,no
1753378624019,1753378623,KXMLBGAME-25JUL24BALCLE-BAL,72,28,1000,no
1753378624019,1753378623,KXMLBGAME-25JUL24BALCLE-BAL,72,28,97,no
1753378639145,1753378639,KXMLBGAME-25JUL24BALCLE-CLE,25,75,73,no
1753378645877,1753378645,KXMLBGAME-25JUL24SDSTL-STL,59,41,1,yes
1753378652137,1753378652,KXMLBGAME-25JUL24BALCLE-BAL,74,26,282,yes
1753378652137,1753378652,KXMLBGAME-25JUL24BALCLE-BAL,74,26,200,yes
1753378652137,1753378652,KXMLBGAME-25JUL24BALCLE-BAL,75,25,81,yes
1753378652137,1753378652,KXMLBGAME-25JUL24BALCLE-BAL,75,25,1000,yes
1753378652137,1753378652,KXMLBGAME-25JUL24BALCLE-BAL,75,25,5000,yes
1753378652137,1753378652,KXMLBGAME-25JUL24BALCLE-BAL,75,25,300,yes
1753378652137,1753378652,KXMLBGAME-25JUL24BALCLE-BAL,75,25,200,yes
1753378652137,1753378652,KXMLBGAME-25JUL24BALCLE-BAL,75,25,500,yes
1753378652137,1753378652,KXMLBGAME-25JUL24BALCLE-BAL,76,24,200,yes
1753378652137,1753378652,KXMLBGAME-25JUL24BALCLE-BAL,76,24,1000,yes
1753378652137,1753378652,KXMLBGAME-25JUL24BALCLE-BAL,76,24,300,yes
1753378652137,1753378652,KXMLBGAME-25JUL24BALCLE-BAL,76,24,3977,yes
1753378654877,1753378654,KXMLBGAME-25JUL24BALCLE-BAL,75,25,19,yes
1753378665637,1753378665,KXMLBGAME-25JUL24BALCLE-BAL,75,25,500,yes
1753378665638,1753378665,KXMLBGAME-25JUL24BALCLE-BAL,76,24,233,yes
1753378690975,1753378690,KXMLBGAME-25JUL24BALCLE-CLE,25,75,20,yes
1753378697415,1753378697,KXMLBGAME-25JUL24BALCLE-BAL,77,23,5,yes
1753378697415,1753378697,KXMLBGAME-25JUL24BALCLE-BAL,77,23,378,yes
1753378700355,1753378700,KXMLBGAME-25JUL24BALCLE-BAL,77,23,3,yes
1753378707676,1753378707,KXMLBGAME-25JUL24BALCLE-CLE,24,76,19,yes
1753378717435,1753378717,KXMLBGAME-25JUL24BALCLE-BAL,77,23,19,yes
1753378734636,1753378734,KXMLBGAME-25JUL24BALCLE-CLE,24,76,10,yes
1753378737317,1753378737,KXMLBGAME-25JUL24BALCLE-BAL,77,23,1,yes
1753378743441,1753378743,KXMLBGAME-25JUL24BALCLE-BAL,77,23,4,yes
1753378743441,1753378743,KXMLBGAME-25JUL24BALCLE-BAL,77,23,500,yes
1753378743441,1753378743,KXMLBGAME-25JUL24BALCLE-BAL,77,23,1,yes
1753378743441,1753378743,KXMLBGAME-25JUL24BALCLE-BAL,78,22,5,yes
1753378743441,1753378743,KXMLBGAME-25JUL24BALCLE-BAL,78,22,60,yes
1753378743441,1753378743,KXMLBGAME-25JUL24BALCLE-BAL,78,22,300,yes
1753378743441,1753378743,KXMLBGAME-25JUL24BALCLE-BAL,78,22,10,yes
1753378743441,1753378743,KXMLBGAME-25JUL24BALCLE-BAL,78,22,383,yes
1753378762318,1753378762,KXMLBGAME-25JUL24BALCLE-CLE,24,76,20,yes
1753378774435,1753378774,KXMLBGAME-25JUL24BALCLE-CLE,24,76,7,yes
1753378787617,1753378787,KXMLBGAME-25JUL24BALCLE-CLE,23,77,183,no
1753378787617,1753378787,KXMLBGAME-25JUL24BALCLE-CLE,23,77,5,no
1753378787715,1753378787,KXMLBGAME-25JUL24BALCLE-BAL,77,23,5,yes
1753378789716,1753378789,KXMLBGAME-25JUL24BALCLE-CLE,23,77,103,yes
1753378790736,1753378790,KXMLBGAME-25JUL24SDSTL-SD,42,58,4,yes
1753378795022,1753378794,KXMLBGAME-25JUL24BALCLE-BAL,78,22,5,yes
1753378795022,1753378794,KXMLBGAME-25JUL24BALCLE-BAL,79,21,500,yes
1753378795022,1753378794,KXMLBGAME-25JUL24BALCLE-BAL,80,20,48,yes
1753378797166,1753378797,KXMLBGAME-25JUL24BALCLE-CLE,23,77,21,yes
1753378799110,1753378799,KXMLBGAME-25JUL24BALCLE-CLE,23,77,4,yes
1753378800875,1753378800,KXMLBGAME-25JUL24BALCLE-CLE,23,77,15,yes
1753378814196,1753378814,KXMLBGAME-25JUL24TORDET-TOR,47,53,30,yes
1753378823633,1753378823,KXMLBGAME-25JUL24BALCLE-CLE,22,78,5,no
1753378826616,1753378826,KXMLBGAME-25JUL24BALCLE-BAL,80,20,7,yes
1753378834036,1753378833,KXMLBGAME-25JUL24BALCLE-CLE,22,78,21,yes
1753378838174,1753378838,KXMLBGAME-25JUL24BALCLE-CLE,22,78,60,yes
1753378844482,1753378844,KXMLBGAME-25JUL24TORDET-TOR,47,53,205,yes
1753378885235,1753378885,KXMLBGAME-25JUL24BALCLE-BAL,80,20,8,yes
1753378888433,1753378888,KXMLBGAME-25JUL24BALCLE-CLE,22,78,21,yes
1753378905318,1753378905,KXMLBGAME-25JUL24SDSTL-SD,42,58,228,yes
1753378919837,1753378919,KXMLBGAME-25JUL24BALCLE-BAL,80,20,12,yes
1753378923318,1753378923,KXMLBGAME-25JUL24BALCLE-BAL,80,20,5,yes
1753378924536,1753378924,KXMLBGAME-25JUL24SEALAA-SEA,43,57,22,yes
1753378930168,1753378930,KXMLBGAME-25JUL24BALCLE-CLE,21,79,300,no
1753378930168,1753378930,KXMLBGAME-25JUL24BALCLE-CLE,20,80,100,no
1753378930168,1753378930,KXMLBGAME-25JUL24BALCLE-CLE,20,80,20,no
1753378930168,1753378930,KXMLBGAME-25JUL24BALCLE-CLE,19,81,37,no
1753378936397,1753378936,KXMLBGAME-25JUL24BALCLE-CLE,21,79,451,yes
1753378945295,1753378945,KXMLBGAME-25JUL24BALCLE-CLE,21,79,4,yes
1753378945336,1753378945,KXMLBGAME-25JUL24BALCLE-CLE,20,80,81,no
1753378949036,1753378948,KXMLBGAME-25JUL24BALCLE-BAL,80,20,123,yes
1753378956676,1753378956,KXMLBGAME-25JUL24BALCLE-BAL,79,21,24,yes
1753378963915,1753378963,KXMLBGAME-25JUL24BALCLE-CLE,21,79,14,yes
1753378965296,1753378965,KXMLBGAME-25JUL24BALCLE-CLE,21,79,47,yes
1753378970656,1753378970,KXMLBGAME-25JUL24SDSTL-SD,42,58,228,yes
1753378971096,1753378971,KXMLBGAME-25JUL24BALCLE-BAL,79,21,88,yes
1753378979914,1753378979,KXMLBGAME-25JUL24BALCLE-CLE,21,79,24,yes
1753378979914,1753378979,KXMLBGAME-25JUL24BALCLE-CLE,21,79,88,yes
1753378982436,1753378982,KXMLBGAME-25JUL24BALCLE-CLE,21,79,323,yes
1753378982436,1753378982,KXMLBGAME-25JUL24BALCLE-CLE,22,78,87,yes
1753378982436,1753378982,KXMLBGAME-25JUL24BALCLE-CLE,23,77,33,yes
1753378983021,1753378982,KXMLBGAME-25JUL24BALCLE-BAL,79,21,6,yes
1753378991555,1753378991,KXMLBGAME-25JUL24BALCLE-CLE,23,77,25,yes
1753378994216,1753378994,KXMLBGAME-25JUL24TORDET-TOR,47,53,20,yes
1753378995617,1753378995,KXMLBGAME-25JUL24BALCLE-CLE,23,77,412,yes
1753379002656,1753379002,KXMLBGAME-25JUL24TORDET-TOR,46,54,2900,no
1753379042054,1753379041,KXMLBGAME-25JUL24BALCLE-CLE,24,76,20,yes
1753379045299,1753379045,KXMLBGAME-25JUL24BALCLE-CLE,24,76,87,yes
1753379056336,1753379055,KXMLBGAME-25JUL24BALCLE-CLE,25,75,5,yes
1753379056336,1753379055,KXMLBGAME-25JUL24BALCLE-CLE,25,75,70,yes
1753379091318,1753379091,KXMLBGAME-25JUL24BALCLE-BAL,76,24,25,yes
1753379101976,1753379101,KXMLBGAME-25JUL24BALCLE-BAL,75,25,5,no
1753379101976,1753379101,KXMLBGAME-25JUL24BALCLE-BAL,75,25,192,no
1753379102779,1753379102,KXMLBGAME-25JUL24ATHHOU-ATH,47,53,102,yes
1753379104935,1753379104,KXMLBGAME-25JUL24BALCLE-BAL,76,24,33,yes
1753379105995,1753379105,KXMLBGAME-25JUL24BALCLE-CLE,24,76,220,no
1753379108060,1753379107,KXMLBGAME-25JUL24BALCLE-CLE,24,76,190,yes
1753379122854,1753379122,KXMLBGAME-25JUL24BALCLE-CLE,24,76,13,no
1753379133023,1753379132,KXMLBGAME-25JUL24BALCLE-CLE,25,75,5,yes
1753379133023,1753379132,KXMLBGAME-25JUL24BALCLE-CLE,25,75,97,yes
1753379160857,1753379160,KXMLBGAME-25JUL24ATHHOU-HOU,54,46,179,yes
1753379170915,1753379170,KXMLBGAME-25JUL24BALCLE-BAL,77,23,1,yes
1753379171456,1753379171,KXMLBGAME-25JUL24BALCLE-CLE,25,75,7,yes
1753379180638,1753379180,KXMLBGAME-25JUL24BALCLE-BAL,77,23,4,yes
1753379180638,1753379180,KXMLBGAME-25JUL24BALCLE-BAL,77,23,20,yes
1753379181116,1753379181,KXMLBGAME-25JUL24BALCLE-CLE,25,75,26,yes
1753379183856,1753379183,KXMLBGAME-25JUL24TORDET-DET,54,46,649,yes
1753379194755,1753379194,KXMLBGAME-25JUL24BALCLE-BAL,77,23,20,yes
1753379213636,1753379212,KXMLBGAME-25JUL24BALCLE-CLE,25,75,174,yes
1753379213636,1753379212,KXMLBGAME-25JUL24BALCLE-CLE,25,75,966,yes
1753379216146,1753379215,KXMLBGAME-25JUL24BALCLE-CLE,25,75,25,yes
1753379218216,1753379217,KXMLBGAME-25JUL24BALCLE-BAL,77,23,27,yes
1753379218217,1753379217,KXMLBGAME-25JUL24BALCLE-BAL,77,23,300,yes
1753379218217,1753379217,KXMLBGAME-25JUL24BALCLE-BAL,77,23,1,yes
1753379218217,1753379217,KXMLBGAME-25JUL24BALCLE-BAL,77,23,26,yes
1753379218217,1753379217,KXMLBGAME-25JUL24BALCLE-BAL,77,23,4,yes
1753379218217,1753379217,KXMLBGAME-25JUL24BALCLE-BAL,77,23,174,yes
1753379218217,1753379217,KXMLBGAME-25JUL24BALCLE-BAL,78,22,5,yes
1753379218217,1753379217,KXMLBGAME-25JUL24BALCLE-BAL,78,22,200,yes
1753379218217,1753379217,KXMLBGAME-25JUL24BALCLE-BAL,78,22,300,yes
1753379218217,1753379217,KXMLBGAME-25JUL24BALCLE-BAL,78,22,229,yes
1753379232116,1753379232,KXMLBGAME-25JUL24BALCLE-CLE,24,76,25,yes
1753379238928,1753379238,KXMLBGAME-25JUL24ATHHOU-HOU,54,46,17,yes
1753379241118,1753379241,KXMLBGAME-25JUL24BALCLE-BAL,77,23,5,yes
1753379241118,1753379241,KXMLBGAME-25JUL24BALCLE-BAL,77,23,195,yes
1753379243377,1753379243,KXMLBGAME-25JUL24BALCLE-BAL,76,24,15,no
1753379244077,1753379243,KXMLBGAME-25JUL24TORDET-DET,54,46,273,yes
1753379274973,1753379274,KXMLBGAME-25JUL24BALCLE-CLE,25,75,5,yes
1753379274973,1753379274,KXMLBGAME-25JUL24BALCLE-CLE,25,75,20,yes
1753379276556,1753379276,KXMLBGAME-25JUL24BALCLE-CLE,25,75,19,yes
1753379280457,1753379280,KXMLBGAME-25JUL24BALCLE-CLE,25,75,11,yes
1753379292236,1753379292,KXMLBGAME-25JUL24BALCLE-CLE,25,75,19,yes
1753379323998,1753379323,KXMLBGAME-25JUL24BALCLE-BAL,76,24,38,no
1753379326107,1753379326,KXMLBGAME-25JUL24ATHHOU-HOU,54,46,17,yes
1753379343056,1753379343,KXMLBGAME-25JUL24BALCLE-BAL,77,23,1,yes
1753379343978,1753379343,KXMLBGAME-25JUL24BALCLE-CLE,25,75,19,yes
1753379344255,1753379344,KXMLBGAME-25JUL24BALCLE-CLE,25,75,100,yes
1753379392317,1753379392,KXMLBGAME-25JUL24BALCLE-BAL,77,23,4,yes
1753379392317,1753379392,KXMLBGAME-25JUL24BALCLE-BAL,77,23,77,yes
1753379411060,1753379411,KXMLBGAME-25JUL24BALCLE-CLE,25,75,3,yes
1753379413075,1753379413,KXMLBGAME-25JUL24ATHHOU-HOU,54,46,25,yes
1753379444379,1753379444,KXMLBGAME-25JUL24BALCLE-CLE,24,76,39,yes
1753379454239,1753379454,KXMLBGAME-25JUL24BALCLE-BAL,76,24,510,no
1753379454239,1753379454,KXMLBGAME-25JUL24BALCLE-BAL,75,25,5,no
1753379454239,1753379454,KXMLBGAME-25JUL24BALCLE-BAL,75,25,300,no
1753379454239,1753379454,KXMLBGAME-25JUL24BALCLE-BAL,74,26,5,no
1753379454239,1753379454,KXMLBGAME-25JUL24BALCLE-BAL,74,26,600,no
1753379454239,1753379454,KXMLBGAME-25JUL24BALCLE-BAL,74,26,87,no
1753379454239,1753379454,KXMLBGAME-25JUL24BALCLE-BAL,73,27,275,no
1753379454619,1753379454,KXMLBGAME-25JUL24BALCLE-CLE,25,75,5,yes
1753379456339,1753379456,KXMLBGAME-25JUL24BALCLE-BAL,69,31,7,yes
1753379458213,1753379458,KXMLBGAME-25JUL24BALCLE-BAL,69,31,5,yes
1753379458517,1753379458,KXMLBGAME-25JUL24BALCLE-CLE,25,75,5,yes
1753379458517,1753379458,KXMLBGAME-25JUL24BALCLE-CLE,26,74,5,yes
1753379458517,1753379458,KXMLBGAME-25JUL24BALCLE-CLE,27,73,45,yes
1753379459434,1753379459,KXMLBGAME-25JUL24BALCLE-BAL,69,31,35,yes
1753379463836,1753379463,KXMLBGAME-25JUL24BALCLE-CLE,27,73,55,yes
1753379466595,1753379466,KXMLBGAME-25JUL24BALCLE-BAL,69,31,53,yes
1753379466595,1753379466,KXMLBGAME-25JUL24BALCLE-BAL,69,31,12,yes
1753379466735,1753379466,KXMLBGAME-25JUL24BALCLE-BAL,69,31,5,yes
1753379466875,1753379466,KXMLBGAME-25JUL24BALCLE-CLE,26,74,5,yes
1753379469228,1753379469,KXMLBGAME-25JUL24BALCLE-CLE,27,73,5,yes
1753379469414,1753379469,KXMLBGAME-25JUL24BALCLE-CLE,30,70,175,yes
1753379475376,1753379475,KXMLBGAME-25JUL24BALCLE-BAL,68,32,28,yes
1753379486176,1753379486,KXMLBGAME-25JUL24BALCLE-CLE,31,69,9,yes
1753379492601,1753379492,KXMLBGAME-25JUL24BALCLE-CLE,31,69,15,yes
1753379496814,1753379496,KXMLBGAME-25JUL24BALCLE-CLE,30,70,67,no
1753379496814,1753379496,KXMLBGAME-25JUL24BALCLE-CLE,30,70,288,no
1753379501337,1753379501,KXMLBGAME-25JUL24BALCLE-BAL,66,34,473,no
1753379501497,1753379501,KXMLBGAME-25JUL24BALCLE-CLE,31,69,76,yes
1753379506535,1753379506,KXMLBGAME-25JUL24BALCLE-CLE,32,68,25,yes
1753379508435,1753379508,KXMLBGAME-25JUL24BALCLE-CLE,33,67,8,yes
1753379508534,1753379508,KXMLBGAME-25JUL24BALCLE-BAL,67,33,67,yes
1753379508534,1753379508,KXMLBGAME-25JUL24BALCLE-BAL,68,32,300,yes
1753379512277,1753379512,KXMLBGAME-25JUL24BALCLE-BAL,69,31,14,yes
1753379518072,1753379517,KXMLBGAME-25JUL24BALCLE-CLE,33,67,57,yes
1753379523294,1753379523,KXMLBGAME-25JUL24BALCLE-CLE,33,67,28,yes
1753379527837,1753379527,KXMLBGAME-25JUL24BALCLE-CLE,33,67,9,yes
1753379530096,1753379530,KXMLBGAME-25JUL24TORDET-TOR,45,55,10,no
1753379536536,1753379536,KXMLBGAME-25JUL24SEALAA-SEA,43,57,25,yes
1753379539147,1753379538,KXMLBGAME-25JUL24BALCLE-CLE,32,68,25,yes
1753379539147,1753379538,KXMLBGAME-25JUL24BALCLE-CLE,34,66,25,yes
1753379553215,1753379553,KXMLBGAME-25JUL24BALCLE-CLE,35,65,7,yes
1753379553215,1753379553,KXMLBGAME-25JUL24BALCLE-CLE,36,64,6,yes
1753379558855,1753379558,KXMLBGAME-25JUL24BALCLE-CLE,36,64,10,yes
1753379559336,1753379559,KXMLBGAME-25JUL24BALCLE-BAL,65,35,67,yes
1753379559336,1753379559,KXMLBGAME-25JUL24BALCLE-BAL,65,35,500,yes
1753379559336,1753379559,KXMLBGAME-25JUL24BALCLE-BAL,65,35,300,yes
1753379572514,1753379572,KXMLBGAME-25JUL24BALCLE-BAL,65,35,548,no
1753379583654,1753379583,KXMLBGAME-25JUL24BALCLE-BAL,62,38,305,no
1753379586696,1753379586,KXMLBGAME-25JUL24BALCLE-CLE,37,63,50,yes
1753379586696,1753379586,KXMLBGAME-25JUL24BALCLE-CLE,37,63,1,yes
1753379601636,1753379601,KXMLBGAME-25JUL24BALCLE-CLE,37,63,8,yes
1753379601636,1753379601,KXMLBGAME-25JUL24BALCLE-CLE,37,63,17,yes
1753379603879,1753379603,KXMLBGAME-25JUL24BALCLE-CLE,37,63,101,yes
1753379603879,1753379603,KXMLBGAME-25JUL24BALCLE-CLE,37,63,363,yes
1753379606078,1753379606,KXMLBGAME-25JUL24SDSTL-SD,42,58,228,yes
1753379608317,1753379608,KXMLBGAME-25JUL24BALCLE-BAL,64,36,38,yes
1753379616740,1753379616,KXMLBGAME-25JUL24TORDET-TOR,46,54,6,yes
1753379650016,1753379649,KXMLBGAME-25JUL24BALCLE-BAL,64,36,16,yes
1753379656257,1753379656,KXMLBGAME-25JUL24BALCLE-BAL,64,36,13,yes
1753379656257,1753379656,KXMLBGAME-25JUL24BALCLE-BAL,64,36,60,yes
1753379656637,1753379656,KXMLBGAME-25JUL24BALCLE-CLE,37,63,7,yes
1753379658274,1753379658,KXMLBGAME-25JUL24BALCLE-CLE,37,63,194,yes
1753379680959,1753379680,KXMLBGAME-25JUL24BALCLE-BAL,65,35,40,yes
1753379685090,1753379684,KXMLBGAME-25JUL24SEALAA-LAA,58,42,58,yes
1753379685174,1753379685,KXMLBGAME-25JUL24BALCLE-BAL,65,35,100,yes
1753379685793,1753379685,KXMLBGAME-25JUL24BALCLE-CLE,37,63,2,yes
1753379691916,1753379691,KXMLBGAME-25JUL24BALCLE-CLE,37,63,45,yes
1753379700216,1753379700,KXMLBGAME-25JUL24BALCLE-BAL,65,35,22,yes
1753379705598,1753379705,KXMLBGAME-25JUL24BALCLE-BAL,65,35,9,yes
1753379706455,1753379706,KXMLBGAME-25JUL24BALCLE-CLE,37,63,500,yes
1753379706455,1753379706,KXMLBGAME-25JUL24BALCLE-CLE,37,63,496,yes
1753379708614,1753379708,KXMLBGAME-25JUL24BALCLE-BAL,64,36,50,yes
1753379713915,1753379713,KXMLBGAME-25JUL24SEALAA-LAA,58,42,5,yes
1753379723115,1753379722,KXMLBGAME-25JUL24BALCLE-BAL,65,35,27,yes
1753379728115,1753379728,KXMLBGAME-25JUL24BALCLE-BAL,62,38,87,no
1753379736735,1753379736,KXMLBGAME-25JUL24BALCLE-CLE,38,62,100,yes
1753379747411,1753379747,KXMLBGAME-25JUL24BALCLE-BAL,57,43,251,yes
1753379760397,1753379760,KXMLBGAME-25JUL24BALCLE-CLE,45,55,6,yes
1753379762196,1753379762,KXMLBGAME-25JUL24BALCLE-BAL,57,43,66,yes
1753379773357,1753379773,KXMLBGAME-25JUL24BALCLE-BAL,57,43,87,yes
1753379779399,1753379779,KXMLBGAME-25JUL24BALCLE-CLE,44,56,5,yes
1753379782814,1753379782,KXMLBGAME-25JUL24BALCLE-CLE,44,56,65,yes
1753379783290,1753379783,KXMLBGAME-25JUL24BALCLE-CLE,44,56,10,yes
1753379788535,1753379788,KXMLBGAME-25JUL24BALCLE-CLE,44,56,34,yes
1753379804614,1753379804,KXMLBGAME-25JUL24BALCLE-BAL,55,45,17,yes
1753379808717,1753379808,KXMLBGAME-25JUL24BALCLE-BAL,55,45,283,yes
1753379808717,1753379808,KXMLBGAME-25JUL24BALCLE-BAL,56,44,67,yes
1753379808717,1753379808,KXMLBGAME-25JUL24BALCLE-BAL,57,43,512,yes
1753379816117,1753379816,KXMLBGAME-25JUL24BALCLE-CLE,44,56,67,no
1753379816117,1753379816,KXMLBGAME-25JUL24BALCLE-CLE,44,56,8,no
1753379816775,1753379816,KXMLBGAME-25JUL24BALCLE-CLE,45,55,25,yes
1753379816775,1753379816,KXMLBGAME-25JUL24BALCLE-CLE,45,55,66,yes
1753379816775,1753379816,KXMLBGAME-25JUL24BALCLE-CLE,46,54,15,yes
1753379826298,1753379826,KXMLBGAME-25JUL24BALCLE-CLE,47,53,61,yes
1753379828155,1753379828,KXMLBGAME-25JUL24BALCLE-CLE,47,53,26,yes
1753379828155,1753379828,KXMLBGAME-25JUL24BALCLE-CLE,47,53,76,yes
1753379833775,1753379833,KXMLBGAME-25JUL24BALCLE-BAL,54,46,26,yes
1753379840979,1753379840,KXMLBGAME-25JUL24SEALAA-SEA,43,57,223,yes
1753379842357,1753379842,KXMLBGAME-25JUL24BALCLE-BAL,54,46,35,yes
1753379847795,1753379847,KXMLBGAME-25JUL24BALCLE-CLE,49,51,80,yes
1753379847795,1753379847,KXMLBGAME-25JUL24BALCLE-CLE,49,51,87,yes
1753379847795,1753379847,KXMLBGAME-25JUL24BALCLE-CLE,49,51,30,yes
1753379850233,1753379850,KXMLBGAME-25JUL24BALCLE-CLE,49,51,9,yes
1753379850315,1753379850,KXMLBGAME-25JUL24BALCLE-CLE,49,51,9,yes
1753379866174,1753379866,KXMLBGAME-25JUL24BALCLE-CLE,50,50,6,yes
1753379866833,1753379866,KXMLBGAME-25JUL24BALCLE-BAL,53,47,300,yes
1753379866834,1753379866,KXMLBGAME-25JUL24BALCLE-BAL,53,47,200,yes
1753379866834,1753379866,KXMLBGAME-25JUL24BALCLE-BAL,54,46,500,yes
1753379872237,1753379872,KXMLBGAME-25JUL24BALCLE-CLE,50,50,200,yes
1753379872237,1753379872,KXMLBGAME-25JUL24BALCLE-CLE,50,50,290,yes
1753379875934,1753379875,KXMLBGAME-25JUL24BALCLE-CLE,50,50,10,yes
1753379875934,1753379875,KXMLBGAME-25JUL24BALCLE-CLE,51,49,9,yes
1753379878012,1753379877,KXMLBGAME-25JUL24BALCLE-CLE,51,49,9,yes
1753379889036,1753379888,KXMLBGAME-25JUL24BALCLE-CLE,49,51,23,no
1753379890715,1753379890,KXMLBGAME-25JUL24BALCLE-BAL,50,50,98,no
1753379891601,1753379891,KXMLBGAME-25JUL24BALCLE-CLE,51,49,9,yes
1753379894737,1753379894,KXMLBGAME-25JUL24BALCLE-BAL,51,49,14,yes
1753379896237,1753379896,KXMLBGAME-25JUL24BALCLE-CLE,51,49,60,yes
1753379896237,1753379896,KXMLBGAME-25JUL24BALCLE-CLE,51,49,140,yes
1753379897036,1753379896,KXMLBGAME-25JUL24BALCLE-BAL,51,49,18,yes
1753379900745,1753379900,KXMLBGAME-25JUL24BALCLE-BAL,51,49,34,yes
1753379901735,1753379901,KXMLBGAME-25JUL24BALCLE-CLE,49,51,50,no
1753379908795,1753379908,KXMLBGAME-25JUL24BALCLE-CLE,51,49,170,yes
1753379910037,1753379909,KXMLBGAME-25JUL24BALCLE-CLE,51,49,184,yes
1753379911037,1753379910,KXMLBGAME-25JUL24BALCLE-CLE,51,49,18,yes
1753379911557,1753379911,KXMLBGAME-25JUL24BALCLE-BAL,51,49,47,yes
1753379912975,1753379912,KXMLBGAME-25JUL24BALCLE-CLE,51,49,88,yes
1753379912975,1753379912,KXMLBGAME-25JUL24BALCLE-CLE,51,49,300,yes
1753379912975,1753379912,KXMLBGAME-25JUL24BALCLE-CLE,52,48,84,yes
1753379921819,1753379921,KXMLBGAME-25JUL24BALCLE-CLE,51,49,94,yes
1753379922453,1753379922,KXMLBGAME-25JUL24BALCLE-BAL,51,49,186,yes
1753379933307,1753379933,KXMLBGAME-25JUL24BALCLE-CLE,51,49,94,yes
1753379938734,1753379938,KXMLBGAME-25JUL24BALCLE-BAL,51,49,300,yes
1753379938734,1753379938,KXMLBGAME-25JUL24BALCLE-BAL,51,49,84,yes
1753379938734,1753379938,KXMLBGAME-25JUL24BALCLE-BAL,51,49,94,yes
1753379938734,1753379938,KXMLBGAME-25JUL24BALCLE-BAL,51,49,300,yes
1753379938734,1753379938,KXMLBGAME-25JUL24BALCLE-BAL,51,49,94,yes
1753379938734,1753379938,KXMLBGAME-25JUL24BALCLE-BAL,52,48,67,yes
1753379938734,1753379938,KXMLBGAME-25JUL24BALCLE-BAL,52,48,300,yes
1753379938734,1753379938,KXMLBGAME-25JUL24BALCLE-BAL,52,48,200,yes
1753379938734,1753379938,KXMLBGAME-25JUL24BALCLE-BAL,52,48,437,yes
1753379949995,1753379949,KXMLBGAME-25JUL24BALCLE-CLE,49,51,50,no
1753379951630,1753379951,KXMLBGAME-25JUL24BALCLE-CLE,50,50,21,yes
1753379960376,1753379960,KXMLBGAME-25JUL24BALCLE-CLE,50,50,109,yes
1753379961161,1753379961,KXMLBGAME-25JUL24BALCLE-CLE,50,50,19,yes
1753379961315,1753379961,KXMLBGAME-25JUL24BALCLE-CLE,50,50,19,yes
1753379964535,1753379964,KXMLBGAME-25JUL24BALCLE-CLE,49,51,94,yes
1753379974675,1753379974,KXMLBGAME-25JUL24BALCLE-CLE,49,51,752,yes
1753379977356,1753379977,KXMLBGAME-25JUL24BALCLE-CLE,49,51,5,yes
1753379978494,1753379978,KXMLBGAME-25JUL24ATHHOU-HOU,54,46,75,yes
1753379986934,1753379986,KXMLBGAME-25JUL24BALCLE-CLE,49,51,19,yes
1753379991165,1753379991,KXMLBGAME-25JUL24BALCLE-CLE,49,51,7,yes
1753379992375,1753379992,KXMLBGAME-25JUL24BALCLE-CLE,49,51,6,yes
1753379992375,1753379992,KXMLBGAME-25JUL24BALCLE-CLE,49,51,33,yes
1753379993434,1753379993,KXMLBGAME-25JUL24BALCLE-CLE,49,51,49,yes
1753380006437,1753380006,KXMLBGAME-25JUL24BALCLE-CLE,48,52,50,yes
1753380006437,1753380006,KXMLBGAME-25JUL24BALCLE-BAL,55,45,11,yes
1753380009113,1753380008,KXMLBGAME-25JUL24BALCLE-BAL,55,45,100,yes
1753380010513,1753380010,KXMLBGAME-25JUL24BALCLE-CLE,48,52,4,yes
1753380011615,1753380011,KXMLBGAME-25JUL24BALCLE-BAL,55,45,89,yes
1753380011615,1753380011,KXMLBGAME-25JUL24BALCLE-BAL,55,45,263,yes
1753380014318,1753380014,KXMLBGAME-25JUL24BALCLE-CLE,48,52,246,yes
1753380014318,1753380014,KXMLBGAME-25JUL24BALCLE-CLE,48,52,218,yes
1753380014318,1753380014,KXMLBGAME-25JUL24BALCLE-CLE,48,52,11,yes
1753380014318,1753380014,KXMLBGAME-25JUL24BALCLE-CLE,48,52,10,yes
1753380019735,1753380019,KXMLBGAME-25JUL24BALCLE-BAL,54,46,8,yes
1753380024336,1753380024,KXMLBGAME-25JUL24BALCLE-CLE,48,52,100,yes
1753380026395,1753380026,KXMLBGAME-25JUL24BALCLE-CLE,45,55,50,no
1753380027915,1753380027,KXMLBGAME-25JUL24BALCLE-CLE,48,52,10,yes
1753380034376,1753380034,KXMLBGAME-25JUL24BALCLE-CLE,48,52,190,yes
1753380034376,1753380034,KXMLBGAME-25JUL24BALCLE-CLE,48,52,11,yes
1753380036436,1753380036,KXMLBGAME-25JUL24BALCLE-BAL,55,45,37,yes
1753380036443,1753380036,KXMLBGAME-25JUL24BALCLE-BAL,55,45,49,yes
1753380037637,1753380037,KXMLBGAME-25JUL24BALCLE-CLE,48,52,168,yes
1753380037637,1753380037,KXMLBGAME-25JUL24BALCLE-CLE,48,52,263,yes
1753380037637,1753380037,KXMLBGAME-25JUL24BALCLE-CLE,48,52,20,yes
1753380037637,1753380037,KXMLBGAME-25JUL24BALCLE-CLE,48,52,300,yes
1753380037637,1753380037,KXMLBGAME-25JUL24BALCLE-CLE,48,52,37,yes
1753380037637,1753380037,KXMLBGAME-25JUL24BALCLE-CLE,49,51,4212,yes
1753380040254,1753380040,KXMLBGAME-25JUL24BALCLE-CLE,45,55,2729,no
1753380040275,1753380040,KXMLBGAME-25JUL24BALCLE-CLE,45,55,300,no
1753380040276,1753380040,KXMLBGAME-25JUL24BALCLE-CLE,45,55,10,no
1753380040792,1753380040,KXMLBGAME-25JUL24BALCLE-BAL,54,46,1863,yes
1753380040894,1753380040,KXMLBGAME-25JUL24BALCLE-BAL,54,46,3137,yes
1753380046475,1753380046,KXMLBGAME-25JUL24BALCLE-CLE,49,51,9,yes
1753380047897,1753380047,KXMLBGAME-25JUL24ATHHOU-HOU,54,46,44,yes
1753380048475,1753380048,KXMLBGAME-25JUL24BALCLE-BAL,51,49,60,no
1753380048475,1753380048,KXMLBGAME-25JUL24BALCLE-BAL,50,50,214,no
1753380049155,1753380049,KXMLBGAME-25JUL24BALCLE-CLE,49,51,31,yes
1753380049155,1753380049,KXMLBGAME-25JUL24BALCLE-CLE,50,50,59,yes
1753380056741,1753380056,KXMLBGAME-25JUL24BALCLE-CLE,48,52,2010,yes
1753380065716,1753380065,KXMLBGAME-25JUL24BALCLE-CLE,51,49,50,yes
1753380082608,1753380081,KXMLBGAME-25JUL24BALCLE-CLE,49,51,9,yes
1753380090034,1753380089,KXMLBGAME-25JUL24BALCLE-BAL,51,49,16,no
1753380090716,1753380090,KXMLBGAME-25JUL24BALCLE-CLE,48,52,300,no
1753380090716,1753380090,KXMLBGAME-25JUL24BALCLE-CLE,47,53,67,no
1753380090716,1753380090,KXMLBGAME-25JUL24BALCLE-CLE,46,54,1859,no
1753380090716,1753380090,KXMLBGAME-25JUL24BALCLE-CLE,46,54,600,no
1753380090716,1753380090,KXMLBGAME-25JUL24BALCLE-CLE,46,54,2000,no
1753380090716,1753380090,KXMLBGAME-25JUL24BALCLE-CLE,46,54,174,no
1753380095053,1753380094,KXMLBGAME-25JUL24BALCLE-BAL,54,46,5000,yes
1753380097335,1753380097,KXMLBGAME-25JUL24BALCLE-CLE,45,55,699,yes
1753380098294,1753380098,KXMLBGAME-25JUL24BALCLE-BAL,59,41,123,yes
1753380098636,1753380098,KXMLBGAME-25JUL24SEALAA-SEA,43,57,22,yes
1753380101315,1753380101,KXMLBGAME-25JUL24BALCLE-BAL,57,43,42,yes
1753380103715,1753380103,KXMLBGAME-25JUL24BALCLE-BAL,58,42,2,yes
1753380104719,1753380104,KXMLBGAME-25JUL24BALCLE-CLE,44,56,87,yes
1753380104719,1753380104,KXMLBGAME-25JUL24BALCLE-CLE,45,55,439,yes
1753380117296,1753380117,KXMLBGAME-25JUL24BALCLE-BAL,57,43,3322,yes
1753380117296,1753380117,KXMLBGAME-25JUL24BALCLE-BAL,57,43,1678,yes
1753380117297,1753380117,KXMLBGAME-25JUL24BALCLE-CLE,42,58,75,no
1753380120493,1753380120,KXMLBGAME-25JUL24BALCLE-CLE,45,55,21,yes
1753380127593,1753380127,KXMLBGAME-25JUL24BALCLE-CLE,43,57,20,yes
1753380130696,1753380130,KXMLBGAME-25JUL24BALCLE-CLE,43,57,280,yes
1753380130696,1753380130,KXMLBGAME-25JUL24BALCLE-CLE,44,56,382,yes
1753380144619,1753380144,KXMLBGAME-25JUL24BALCLE-BAL,57,43,12,yes
1753380160740,1753380160,KXMLBGAME-25JUL24BALCLE-CLE,42,58,103,no
1753380163318,1753380163,KXMLBGAME-25JUL24BALCLE-CLE,45,55,20,yes
1753380168117,1753380168,KXMLBGAME-25JUL24BALCLE-CLE,42,58,181,no
1753380176816,1753380176,KXMLBGAME-25JUL24BALCLE-BAL,57,43,3,yes
1753380181814,1753380181,KXMLBGAME-25JUL24BALCLE-CLE,42,58,15,no
1753380185153,1753380185,KXMLBGAME-25JUL24BALCLE-CLE,42,58,3,no
1753380190255,1753380190,KXMLBGAME-25JUL24BALCLE-BAL,57,43,34,yes
1753380209235,1753380209,KXMLBGAME-25JUL24BALCLE-CLE,44,56,4,yes
1753380217376,1753380217,KXMLBGAME-25JUL24BALCLE-BAL,57,43,42,yes
1753380217575,1753380217,KXMLBGAME-25JUL24BALCLE-CLE,44,56,296,yes
1753380224357,1753380224,KXMLBGAME-25JUL24BALCLE-BAL,56,44,7,no
1753380224841,1753380224,KXMLBGAME-25JUL24BALCLE-BAL,56,44,80,no
1753380224841,1753380224,KXMLBGAME-25JUL24BALCLE-BAL,56,44,4,no
1753380224841,1753380224,KXMLBGAME-25JUL24BALCLE-BAL,56,44,300,no
1753380231656,1753380231,KXMLBGAME-25JUL24BALCLE-BAL,55,45,27,no
1753380238415,1753380238,KXMLBGAME-25JUL24BALCLE-CLE,46,54,3,yes
1753380239136,1753380239,KXMLBGAME-25JUL24BALCLE-BAL,55,45,176,yes
1753380239694,1753380239,KXMLBGAME-25JUL24BALCLE-BAL,55,45,10,yes
1753380242678,1753380242,KXMLBGAME-25JUL24BALCLE-CLE,46,54,297,yes
1753380242678,1753380242,KXMLBGAME-25JUL24BALCLE-CLE,46,54,87,yes
1753380245056,1753380244,KXMLBGAME-25JUL24BALCLE-CLE,46,54,3,no
1753380245217,1753380245,KXMLBGAME-25JUL24BALCLE-CLE,44,56,184,no
1753380254536,1753380254,KXMLBGAME-25JUL24BALCLE-BAL,55,45,70,yes
1753380258838,1753380258,KXMLBGAME-25JUL24SEALAA-SEA,43,57,57,yes
1753380262115,1753380261,KXMLBGAME-25JUL24BALCLE-CLE,44,56,52,no
1753380266836,1753380266,KXMLBGAME-25JUL24BALCLE-BAL,54,46,17,yes
1753380267560,1753380267,KXMLBGAME-25JUL24BALCLE-CLE,47,53,61,yes
1753380271376,1753380271,KXMLBGAME-25JUL24BALCLE-BAL,53,47,4,no
1753380271995,1753380271,KXMLBGAME-25JUL24BALCLE-CLE,47,53,40,yes
1753380271995,1753380271,KXMLBGAME-25JUL24BALCLE-CLE,48,52,164,yes
1753380278117,1753380278,KXMLBGAME-25JUL24BALCLE-BAL,54,46,3,yes
1753380280396,1753380280,KXMLBGAME-25JUL24BALCLE-CLE,47,53,20,yes
1753380291255,1753380291,KXMLBGAME-25JUL24BALCLE-BAL,54,46,5,yes
1753380300795,1753380300,KXMLBGAME-25JUL24BALCLE-CLE,47,53,51,yes
1753380306762,1753380306,KXMLBGAME-25JUL24BALCLE-BAL,54,46,23,yes
1753380311554,1753380311,KXMLBGAME-25JUL24BALCLE-CLE,45,55,1140,no
1753380316715,1753380316,KXMLBGAME-25JUL24BALCLE-CLE,47,53,30,yes
1753380318754,1753380318,KXMLBGAME-25JUL24BALCLE-CLE,47,53,10,yes
1753380334217,1753380334,KXMLBGAME-25JUL24BALCLE-BAL,53,47,5,yes
1753380346137,1753380345,KXMLBGAME-25JUL24BALCLE-BAL,53,47,14,yes
1753380347236,1753380347,KXMLBGAME-25JUL24BALCLE-BAL,53,47,5,yes
1753380354414,1753380354,KXMLBGAME-25JUL24BALCLE-BAL,53,47,5,yes
1753380355095,1753380354,KXMLBGAME-25JUL24BALCLE-CLE,48,52,87,yes
1753380355095,1753380354,KXMLBGAME-25JUL24BALCLE-CLE,48,52,111,yes
1753380360403,1753380360,KXMLBGAME-25JUL24ATHHOU-HOU,54,46,17,yes
1753380360620,1753380360,KXMLBGAME-25JUL24BALCLE-BAL,53,47,5,yes
1753380361196,1753380361,KXMLBGAME-25JUL24BALCLE-CLE,48,52,20,yes
1753380366519,1753380366,KXMLBGAME-25JUL24ATHHOU-ATH,46,54,109,no
1753380366519,1753380366,KXMLBGAME-25JUL24ATHHOU-ATH,46,54,25,no
1753380377574,1753380377,KXMLBGAME-25JUL24SDSTL-SD,43,57,22,yes
1753380381796,1753380381,KXMLBGAME-25JUL24BALCLE-BAL,52,48,9,yes
1753380383577,1753380383,KXMLBGAME-25JUL24BALCLE-CLE,50,50,1,yes
1753380386493,1753380386,KXMLBGAME-25JUL24ATHHOU-HOU,54,46,1509,yes
1753380386493,1753380386,KXMLBGAME-25JUL24ATHHOU-HOU,54,46,976,yes
1753380396897,1753380396,KXMLBGAME-25JUL24BALCLE-BAL,51,49,34,no
1753380401014,1753380400,KXMLBGAME-25JUL24BALCLE-CLE,49,51,200,yes
1753380405955,1753380405,KXMLBGAME-25JUL24BALCLE-CLE,49,51,29,yes
1753380410934,1753380410,KXMLBGAME-25JUL24BALCLE-CLE,49,51,19,yes
1753380411157,1753380411,KXMLBGAME-25JUL24BALCLE-BAL,51,49,466,no
1753380411157,1753380411,KXMLBGAME-25JUL24BALCLE-BAL,51,49,120,no
1753380414254,1753380414,KXMLBGAME-25JUL24BALCLE-CLE,49,51,252,yes
1753380414254,1753380414,KXMLBGAME-25JUL24BALCLE-CLE,49,51,142,yes
1753380415575,1753380415,KXMLBGAME-25JUL24BALCLE-CLE,49,51,39,yes
1753380416936,1753380416,KXMLBGAME-25JUL24BALCLE-BAL,52,48,5,yes
1753380422274,1753380422,KXMLBGAME-25JUL24BALCLE-BAL,52,48,150,yes
1753380422274,1753380422,KXMLBGAME-25JUL24BALCLE-BAL,52,48,240,yes
1753380424155,1753380424,KXMLBGAME-25JUL24BALCLE-BAL,52,48,18,yes
1753380436440,1753380436,KXMLBGAME-25JUL24BALCLE-CLE,49,51,419,yes
1753380436440,1753380436,KXMLBGAME-25JUL24BALCLE-CLE,49,51,300,yes
1753380436440,1753380436,KXMLBGAME-25JUL24BALCLE-CLE,50,50,299,yes
1753380436440,1753380436,KXMLBGAME-25JUL24BALCLE-CLE,50,50,499,yes
1753380463134,1753380463,KXMLBGAME-25JUL24BALCLE-CLE,49,51,8,yes
1753380463617,1753380463,KXMLBGAME-25JUL24BALCLE-BAL,52,48,7,yes
1753380469835,1753380469,KXMLBGAME-25JUL24BALCLE-CLE,49,51,5,yes
1753380471616,1753380471,KXMLBGAME-25JUL24ATHHOU-ATH,45,55,3,no
1753380474478,1753380474,KXMLBGAME-25JUL24BALCLE-BAL,52,48,186,yes
1753380489235,1753380489,KXMLBGAME-25JUL24BALCLE-CLE,48,52,5,no
1753380489235,1753380489,KXMLBGAME-25JUL24BALCLE-CLE,47,53,41,no
1753380495456,1753380495,KXMLBGAME-25JUL24BALCLE-BAL,52,48,10,yes
1753380511727,1753380511,KXMLBGAME-25JUL24ATHHOU-ATH,45,55,10,yes
1753380518035,1753380517,KXMLBGAME-25JUL24TORDET-DET,54,46,30,yes
1753380519039,1753380518,KXMLBGAME-25JUL24BALCLE-BAL,52,48,7,yes
1753380529134,1753380528,KXMLBGAME-25JUL24TORDET-TOR,46,54,31,yes
1753380547155,1753380547,KXMLBGAME-25JUL24SEALAA-LAA,58,42,167,yes
1753380551776,1753380551,KXMLBGAME-25JUL24ATHHOU-HOU,55,45,1400,yes
1753380551776,1753380551,KXMLBGAME-25JUL24ATHHOU-HOU,56,44,150,yes
1753380551776,1753380551,KXMLBGAME-25JUL24ATHHOU-HOU,56,44,3000,yes
1753380551776,1753380551,KXMLBGAME-25JUL24ATHHOU-HOU,56,44,1024,yes
1753380551776,1753380551,KXMLBGAME-25JUL24ATHHOU-HOU,56,44,1050,yes
1753380551776,1753380551,KXMLBGAME-25JUL24ATHHOU-HOU,56,44,10,yes
1753380551776,1753380551,KXMLBGAME-25JUL24ATHHOU-HOU,57,43,2017,yes
1753380558336,1753380558,KXMLBGAME-25JUL24BALCLE-CLE,48,52,2,yes
1753380562214,1753380562,KXMLBGAME-25JUL24BALCLE-BAL,53,47,36,yes
1753380564794,1753380564,KXMLBGAME-25JUL24BALCLE-CLE,48,52,300,yes
1753380564794,1753380564,KXMLBGAME-25JUL24BALCLE-CLE,48,52,102,yes
1753380575118,1753380575,KXMLBGAME-25JUL24SEALAA-SEA,43,57,44,yes
1753380579574,1753380579,KXMLBGAME-25JUL24BALCLE-BAL,53,47,18,yes
1753380581795,1753380581,KXMLBGAME-25JUL24ATHHOU-HOU,56,44,51,yes
1753380589835,1753380589,KXMLBGAME-25JUL24BALCLE-CLE,48,52,1,yes
1753380605454,1753380605,KXMLBGAME-25JUL24BALCLE-BAL,53,47,5,yes
1753380606798,1753380606,KXMLBGAME-25JUL24ATHHOU-HOU,56,44,34,yes
1753380623000,1753380622,KXMLBGAME-25JUL24BALCLE-CLE,49,51,39,yes
1753380626315,1753380626,KXMLBGAME-25JUL24TORDET-TOR,46,54,209,yes
1753380630233,1753380629,KXMLBGAME-25JUL24ATHHOU-HOU,56,44,1117,yes
1753380637575,1753380637,KXMLBGAME-25JUL24BALCLE-CLE,49,51,261,yes
1753380637576,1753380637,KXMLBGAME-25JUL24BALCLE-CLE,49,51,5,yes
1753380637576,1753380637,KXMLBGAME-25JUL24BALCLE-CLE,49,51,128,yes
1753380641178,1753380641,KXMLBGAME-25JUL24SEALAA-LAA,58,42,8,yes
1753380641234,1753380641,KXMLBGAME-25JUL24BALCLE-BAL,53,47,241,yes
1753380641234,1753380641,KXMLBGAME-25JUL24BALCLE-BAL,53,47,759,yes
1753380646931,1753380646,KXMLBGAME-25JUL24BALCLE-BAL,53,47,36,yes
1753380653136,1753380653,KXMLBGAME-25JUL24BALCLE-BAL,53,47,182,yes
1753380655375,1753380655,KXMLBGAME-25JUL24BALCLE-BAL,53,47,9,yes
1753380656617,1753380656,KXMLBGAME-25JUL24BALCLE-BAL,53,47,647,yes
1753380656617,1753380656,KXMLBGAME-25JUL24BALCLE-BAL,53,47,5,yes
1753380656617,1753380656,KXMLBGAME-25JUL24BALCLE-BAL,53,47,39,yes
1753380656617,1753380656,KXMLBGAME-25JUL24BALCLE-BAL,53,47,261,yes
1753380656817,1753380656,KXMLBGAME-25JUL24BALCLE-CLE,48,52,150,no
1753380656973,1753380656,KXMLBGAME-25JUL24BALCLE-CLE,47,53,5,no
1753380661775,1753380661,KXMLBGAME-25JUL24BALCLE-CLE,47,53,127,yes
1753380666035,1753380665,KXMLBGAME-25JUL24BALCLE-BAL,54,46,5,yes
1753380675615,1753380675,KXMLBGAME-25JUL24ATHHOU-ATH,44,56,440,yes
1753380686597,1753380686,KXMLBGAME-25JUL24BALCLE-BAL,57,43,21,yes
1753380692098,1753380692,KXMLBGAME-25JUL24BALCLE-CLE,45,55,5,yes
1753380692098,1753380692,KXMLBGAME-25JUL24BALCLE-CLE,45,55,21,yes
1753380692098,1753380692,KXMLBGAME-25JUL24BALCLE-CLE,45,55,29,yes
1753380692656,1753380692,KXMLBGAME-25JUL24TORDET-TOR,46,54,20,yes
1753380694337,1753380694,KXMLBGAME-25JUL24BALCLE-CLE,45,55,6,yes
1753380698875,1753380698,KXMLBGAME-25JUL24BALCLE-CLE,45,55,2,yes
1753380710078,1753380710,KXMLBGAME-25JUL24SEALAA-SEA,43,57,4,yes
1753380722054,1753380721,KXMLBGAME-25JUL24BALCLE-BAL,57,43,30,yes
1753380730833,1753380730,KXMLBGAME-25JUL24BALCLE-CLE,45,55,50,yes
1753380730833,1753380730,KXMLBGAME-25JUL24BALCLE-CLE,45,55,5,yes
1753380730833,1753380730,KXMLBGAME-25JUL24BALCLE-CLE,46,54,5,yes
1753380730833,1753380730,KXMLBGAME-25JUL24BALCLE-CLE,46,54,988,yes
1753380742835,1753380742,KXMLBGAME-25JUL24BALCLE-CLE,44,56,1,yes
1753380744139,1753380744,KXMLBGAME-25JUL24BALCLE-CLE,44,56,4,yes
1753380744139,1753380744,KXMLBGAME-25JUL24BALCLE-CLE,45,55,2,yes
1753380749714,1753380749,KXMLBGAME-25JUL24SEALAA-SEA,43,57,11,yes
1753380756199,1753380756,KXMLBGAME-25JUL24BALCLE-CLE,44,56,5,yes
1753380756199,1753380756,KXMLBGAME-25JUL24BALCLE-CLE,45,55,3,yes
1753380756199,1753380756,KXMLBGAME-25JUL24BALCLE-CLE,45,55,300,yes
1753380756199,1753380756,KXMLBGAME-25JUL24BALCLE-CLE,45,55,1831,yes
1753380756737,1753380756,KXMLBGAME-25JUL24BALCLE-CLE,45,55,2,yes
1753380756737,1753380756,KXMLBGAME-25JUL24BALCLE-CLE,45,55,30,yes
1753380760075,1753380760,KXMLBGAME-25JUL24SDSTL-STL,59,41,8,yes
1753380761497,1753380761,KXMLBGAME-25JUL24BALCLE-CLE,45,55,42,yes
1753380771478,1753380771,KXMLBGAME-25JUL24ATHHOU-HOU,57,43,8,yes
1753380771593,1753380771,KXMLBGAME-25JUL24BALCLE-CLE,44,56,10,yes
1753380772134,1753380772,KXMLBGAME-25JUL24BALCLE-BAL,58,42,5,yes
1753380772134,1753380772,KXMLBGAME-25JUL24BALCLE-BAL,58,42,497,yes
1753380786358,1753380786,KXMLBGAME-25JUL24BALCLE-CLE,44,56,5,yes
1753380786358,1753380786,KXMLBGAME-25JUL24BALCLE-CLE,45,55,5,yes
1753380786358,1753380786,KXMLBGAME-25JUL24BALCLE-CLE,45,55,86,yes
1753380790136,1753380790,KXMLBGAME-25JUL24BALCLE-BAL,57,43,2,no
1753380792733,1753380792,KXMLBGAME-25JUL24BALCLE-BAL,58,42,133,yes
1753380811255,1753380811,KXMLBGAME-25JUL24SDSTL-SD,43,57,44,yes
1753380846854,1753380846,KXMLBGAME-25JUL24BALCLE-CLE,44,56,43,yes
1753380847093,1753380846,KXMLBGAME-25JUL24BALCLE-BAL,58,42,5,yes
1753380864743,1753380864,KXMLBGAME-25JUL24SDSTL-STL,59,41,26,yes
1753380885395,1753380885,KXMLBGAME-25JUL24BALCLE-CLE,43,57,25,no
1753380886757,1753380886,KXMLBGAME-25JUL24BALCLE-CLE,42,58,5,no
1753380891294,1753380891,KXMLBGAME-25JUL24BALCLE-BAL,58,42,5,yes
1753380891694,1753380891,KXMLBGAME-25JUL24ATHHOU-HOU,57,43,25,yes
1753380896474,1753380896,KXMLBGAME-25JUL24BALCLE-CLE,42,58,34,yes
1753380900238,1753380900,KXMLBGAME-25JUL24BALCLE-CLE,42,58,13,yes
1753380905774,1753380905,KXMLBGAME-25JUL24TORDET-DET,54,46,180,yes
1753380927694,1753380927,KXMLBGAME-25JUL24TORDET-DET,54,46,8,yes
1753380930975,1753380930,KXMLBGAME-25JUL24BALCLE-BAL,60,40,5,yes
1753380930975,1753380930,KXMLBGAME-25JUL24BALCLE-BAL,60,40,46,yes
1753380931956,1753380931,KXMLBGAME-25JUL24BALCLE-BAL,60,40,32,yes
1753380943414,1753380943,KXMLBGAME-25JUL24BALCLE-BAL,60,40,32,yes
1753380949537,1753380949,KXMLBGAME-25JUL24BALCLE-CLE,40,60,5,no
1753380949537,1753380949,KXMLBGAME-25JUL24BALCLE-CLE,40,60,5,no
1753380949537,1753380949,KXMLBGAME-25JUL24BALCLE-CLE,40,60,92,no
1753380961458,1753380961,KXMLBGAME-25JUL24TORDET-DET,54,46,21,yes
1753380993438,1753380993,KXMLBGAME-25JUL24ATHHOU-HOU,57,43,171,yes
1753381003033,1753381002,KXMLBGAME-25JUL24BALCLE-CLE,42,58,2,yes
1753381005393,1753381005,KXMLBGAME-25JUL24BALCLE-CLE,42,58,12,yes
1753381013874,1753381013,KXMLBGAME-25JUL24SEALAA-LAA,58,42,25,yes
1753381017073,1753381016,KXMLBGAME-25JUL24BALCLE-BAL,59,41,80,no
1753381017073,1753381016,KXMLBGAME-25JUL24BALCLE-BAL,59,41,1400,no
1753381017074,1753381016,KXMLBGAME-25JUL24BALCLE-BAL,59,41,100,no
1753381017915,1753381017,KXMLBGAME-25JUL24BALCLE-BAL,59,41,46,yes
1753381024015,1753381023,KXMLBGAME-25JUL24BALCLE-CLE,43,57,167,yes
1753381025014,1753381024,KXMLBGAME-25JUL24SEALAA-LAA,58,42,1,yes
1753381030837,1753381030,KXMLBGAME-25JUL24BALCLE-BAL,58,42,65,yes
1753381031955,1753381031,KXMLBGAME-25JUL24BALCLE-BAL,57,43,4,no
1753381031955,1753381031,KXMLBGAME-25JUL24BALCLE-BAL,57,43,87,no
1753381031955,1753381031,KXMLBGAME-25JUL24BALCLE-BAL,57,43,300,no
1753381032033,1753381031,KXMLBGAME-25JUL24BALCLE-CLE,43,57,87,yes
1753381053036,1753381052,KXMLBGAME-25JUL24BALCLE-CLE,45,55,64,yes
1753381054136,1753381053,KXMLBGAME-25JUL24BALCLE-CLE,45,55,236,yes
1753381054136,1753381053,KXMLBGAME-25JUL24BALCLE-CLE,46,54,83,yes
1753381058997,1753381058,KXMLBGAME-25JUL24BALCLE-CLE,45,55,11,yes
1753381071314,1753381071,KXMLBGAME-25JUL24BALCLE-BAL,57,43,102,yes
1753381071314,1753381071,KXMLBGAME-25JUL24BALCLE-BAL,57,43,14,yes
1753381071314,1753381071,KXMLBGAME-25JUL24BALCLE-BAL,57,43,83,yes
1753381071314,1753381071,KXMLBGAME-25JUL24BALCLE-BAL,57,43,4058,yes
1753381077395,1753381077,KXMLBGAME-25JUL24BALCLE-CLE,43,57,95,no
1753381097774,1753381097,KXMLBGAME-25JUL24BALCLE-CLE,46,54,20,yes
1753381101256,1753381101,KXMLBGAME-25JUL24SEALAA-SEA,43,57,167,yes
1753381102294,1753381102,KXMLBGAME-25JUL24BALCLE-BAL,56,44,1,no
1753381108655,1753381108,KXMLBGAME-25JUL24BALCLE-CLE,47,53,200,yes
1753381108656,1753381108,KXMLBGAME-25JUL24BALCLE-CLE,47,53,300,yes
1753381108656,1753381108,KXMLBGAME-25JUL24BALCLE-CLE,47,53,118,yes
1753381114935,1753381114,KXMLBGAME-25JUL24SEALAA-SEA,43,57,224,yes
1753381118854,1753381118,KXMLBGAME-25JUL24TORDET-DET,54,46,9,yes
1753381121674,1753381121,KXMLBGAME-25JUL24BALCLE-BAL,55,45,96,yes
1753381158837,1753381158,KXMLBGAME-25JUL24BALCLE-BAL,54,46,200,yes
1753381158837,1753381158,KXMLBGAME-25JUL24BALCLE-BAL,54,46,158,yes
1753381162216,1753381162,KXMLBGAME-25JUL24SDSTL-STL,59,41,1,yes
1753381165534,1753381165,KXMLBGAME-25JUL24BALCLE-BAL,54,46,46,yes
1753381165534,1753381165,KXMLBGAME-25JUL24BALCLE-BAL,55,45,141,yes
1753381171895,1753381171,KXMLBGAME-25JUL24ATHHOU-ATH,44,56,55,yes
1753381172855,1753381172,KXMLBGAME-25JUL24ATHHOU-ATH,44,56,437,yes
1753381174975,1753381174,KXMLBGAME-25JUL24BALCLE-BAL,55,45,88,yes
1753381186994,1753381186,KXMLBGAME-25JUL24SDSTL-STL,59,41,165,yes
1753381204603,1753381204,KXMLBGAME-25JUL24BALCLE-BAL,55,45,50,yes
1753381206056,1753381206,KXMLBGAME-25JUL24BALCLE-BAL,55,45,5,yes
1753381207154,1753381207,KXMLBGAME-25JUL24ATHHOU-HOU,57,43,8,yes
1753381207255,1753381207,KXMLBGAME-25JUL24BALCLE-CLE,48,52,100,yes
1753381208255,1753381208,KXMLBGAME-25JUL24ATHHOU-ATH,44,56,2,yes
1753381210935,1753381210,KXMLBGAME-25JUL24SEALAA-SEA,43,57,39,yes
1753381216616,1753381216,KXMLBGAME-25JUL24BALCLE-CLE,47,53,8,yes
1753381230415,1753381230,KXMLBGAME-25JUL24BALCLE-BAL,56,44,300,yes
1753381230415,1753381230,KXMLBGAME-25JUL24BALCLE-BAL,57,43,204,yes
1753381234059,1753381234,KXMLBGAME-25JUL24BALCLE-BAL,54,46,32,no
1753381242288,1753381242,KXMLBGAME-25JUL24BALCLE-BAL,56,44,23,yes
1753381255313,1753381255,KXMLBGAME-25JUL24BALCLE-CLE,47,53,6,yes
1753381264234,1753381264,KXMLBGAME-25JUL24BALCLE-CLE,47,53,102,yes
1753381264357,1753381264,KXMLBGAME-25JUL24BALCLE-BAL,55,45,63,yes
1753381269697,1753381269,KXMLBGAME-25JUL24BALCLE-BAL,55,45,26,yes
1753381286224,1753381286,KXMLBGAME-25JUL24BALCLE-CLE,47,53,102,yes
1753381288414,1753381288,KXMLBGAME-25JUL24BALCLE-BAL,55,45,17,yes
1753381293716,1753381293,KXMLBGAME-25JUL24SDSTL-STL,59,41,1,yes
1753381297114,1753381296,KXMLBGAME-25JUL24BALCLE-CLE,47,53,20,yes
1753381302617,1753381302,KXMLBGAME-25JUL24BALCLE-BAL,55,45,7,yes
1753381304236,1753381304,KXMLBGAME-25JUL24BALCLE-BAL,55,45,9,yes
1753381307593,1753381307,KXMLBGAME-25JUL24BALCLE-CLE,47,53,30,yes
1753381316154,1753381316,KXMLBGAME-25JUL24BALCLE-BAL,53,47,2000,no
1753381319936,1753381319,KXMLBGAME-25JUL24BALCLE-BAL,62,38,2,yes
1753381319936,1753381319,KXMLBGAME-25JUL24BALCLE-BAL,63,37,152,yes
1753381320035,1753381319,KXMLBGAME-25JUL24BALCLE-CLE,44,56,2,no
1753381332496,1753381332,KXMLBGAME-25JUL24BALCLE-BAL,54,46,500,yes
1753381332496,1753381332,KXMLBGAME-25JUL24BALCLE-BAL,54,46,397,yes
1753381336784,1753381336,KXMLBGAME-25JUL24BALCLE-CLE,49,51,25,yes
1753381337817,1753381337,KXMLBGAME-25JUL24BALCLE-BAL,53,47,191,yes
1753381346955,1753381346,KXMLBGAME-25JUL24BALCLE-CLE,49,51,39,yes
1753381349139,1753381349,KXMLBGAME-25JUL24BALCLE-CLE,49,51,158,yes
1753381350817,1753381350,KXMLBGAME-25JUL24BALCLE-CLE,49,51,1,yes
1753381357637,1753381357,KXMLBGAME-25JUL24BALCLE-CLE,49,51,9,yes
1753381359817,1753381359,KXMLBGAME-25JUL24BALCLE-BAL,53,47,109,yes
1753381359817,1753381359,KXMLBGAME-25JUL24BALCLE-BAL,54,46,72,yes
1753381366098,1753381366,KXMLBGAME-25JUL24BALCLE-BAL,53,47,50,yes
1753381375873,1753381375,KXMLBGAME-25JUL24BALCLE-CLE,48,52,25,yes
1753381381394,1753381381,KXMLBGAME-25JUL24BALCLE-CLE,48,52,46,yes
1753381384693,1753381384,KXMLBGAME-25JUL24BALCLE-CLE,48,52,40,yes
1753381392374,1753381392,KXMLBGAME-25JUL24SEALAA-LAA,58,42,8,yes
1753381392935,1753381392,KXMLBGAME-25JUL24SDSTL-SD,42,58,68,yes
1753381404295,1753381404,KXMLBGAME-25JUL24SDSTL-SD,42,58,68,yes
1753381423034,1753381422,KXMLBGAME-25JUL24BALCLE-CLE,48,52,10,yes
1753381426576,1753381426,KXMLBGAME-25JUL24BALCLE-BAL,53,47,5,yes
1753381431135,1753381431,KXMLBGAME-25JUL24SDSTL-STL,59,41,16,yes
1753381433174,1753381433,KXMLBGAME-25JUL24SDSTL-SD,42,58,2,yes
1753381455756,1753381455,KXMLBGAME-25JUL24TORDET-DET,54,46,3,yes
1753381458360,1753381458,KXMLBGAME-25JUL24BALCLE-CLE,49,51,9,yes
1753381460398,1753381460,KXMLBGAME-25JUL24BALCLE-CLE,49,51,59,yes
1753381460398,1753381460,KXMLBGAME-25JUL24BALCLE-CLE,49,51,88,yes
1753381461617,1753381461,KXMLBGAME-25JUL24BALCLE-CLE,49,51,9,yes
1753381471934,1753381471,KXMLBGAME-25JUL24BALCLE-BAL,53,47,198,yes
1753381498759,1753381498,KXMLBGAME-25JUL24BALCLE-BAL,54,46,67,yes
1753381498759,1753381498,KXMLBGAME-25JUL24BALCLE-BAL,54,46,97,yes
1753381498759,1753381498,KXMLBGAME-25JUL24BALCLE-BAL,54,46,300,yes
1753381518177,1753381518,KXMLBGAME-25JUL24BALCLE-CLE,48,52,100,yes
1753381522557,1753381522,KXMLBGAME-25JUL24BALCLE-CLE,55,45,87,no
1753381522557,1753381522,KXMLBGAME-25JUL24BALCLE-BAL,49,51,87,no
1753381526255,1753381526,KXMLBGAME-25JUL24BALCLE-BAL,48,52,100,no
1753381526275,1753381526,KXMLBGAME-25JUL24BALCLE-BAL,48,52,276,no
1753381534814,1753381534,KXMLBGAME-25JUL24BALCLE-CLE,56,44,53,no
1753381540235,1753381540,KXMLBGAME-25JUL24TORDET-TOR,46,54,209,yes
1753381543094,1753381543,KXMLBGAME-25JUL24BALCLE-CLE,61,39,14,no
1753381546736,1753381546,KXMLBGAME-25JUL24BALCLE-CLE,61,39,87,no
1753381553874,1753381553,KXMLBGAME-25JUL24BALCLE-BAL,38,62,500,yes
1753381554677,1753381554,KXMLBGAME-25JUL24BALCLE-BAL,38,62,3,yes
1753381557376,1753381557,KXMLBGAME-25JUL24BALCLE-BAL,38,62,597,yes
1753381557575,1753381557,KXMLBGAME-25JUL24SEALAA-LAA,58,42,47,yes
1753381557575,1753381557,KXMLBGAME-25JUL24SEALAA-LAA,58,42,120,yes
1753381560615,1753381560,KXMLBGAME-25JUL24BALCLE-BAL,38,62,300,yes
1753381560615,1753381560,KXMLBGAME-25JUL24BALCLE-BAL,38,62,139,yes
1753381569722,1753381569,KXMLBGAME-25JUL24BALCLE-BAL,34,66,87,no
1753381569722,1753381569,KXMLBGAME-25JUL24BALCLE-BAL,33,67,36,no
1753381575834,1753381575,KXMLBGAME-25JUL24BALCLE-CLE,64,36,15,yes
1753381577636,1753381577,KXMLBGAME-25JUL24BALCLE-BAL,37,63,2,yes
1753381578619,1753381578,KXMLBGAME-25JUL24BALCLE-BAL,37,63,298,yes
1753381578619,1753381578,KXMLBGAME-25JUL24BALCLE-BAL,37,63,202,yes
1753381594154,1753381594,KXMLBGAME-25JUL24BALCLE-BAL,38,62,87,no
1753381594154,1753381594,KXMLBGAME-25JUL24BALCLE-BAL,38,62,47,no
1753381603859,1753381603,KXMLBGAME-25JUL24BALCLE-CLE,60,40,200,no
1753381604891,1753381604,KXMLBGAME-25JUL24BALCLE-CLE,61,39,276,yes
1753381604891,1753381604,KXMLBGAME-25JUL24BALCLE-CLE,62,38,87,yes
1753381604891,1753381604,KXMLBGAME-25JUL24BALCLE-CLE,62,38,600,yes
1753381604891,1753381604,KXMLBGAME-25JUL24BALCLE-CLE,62,38,500,yes
1753381604891,1753381604,KXMLBGAME-25JUL24BALCLE-CLE,63,37,110,yes
1753381607936,1753381607,KXMLBGAME-25JUL24SEALAA-LAA,57,43,167,no
1753381609975,1753381609,KXMLBGAME-25JUL24BALCLE-CLE,59,41,3,no
1753381610815,1753381610,KXMLBGAME-25JUL24BALCLE-BAL,41,59,67,yes
1753381610815,1753381610,KXMLBGAME-25JUL24BALCLE-BAL,41,59,167,yes
1753381620514,1753381620,KXMLBGAME-25JUL24BALCLE-CLE,63,37,3,yes
1753381621814,1753381621,KXMLBGAME-25JUL24SEALAA-SEA,43,57,223,yes
1753381630598,1753381630,KXMLBGAME-25JUL24BALCLE-CLE,61,39,31,yes
1753381633357,1753381633,KXMLBGAME-25JUL24BALCLE-BAL,41,59,433,yes
1753381633357,1753381633,KXMLBGAME-25JUL24BALCLE-BAL,41,59,300,yes
1753381633357,1753381633,KXMLBGAME-25JUL24BALCLE-BAL,42,58,300,yes
1753381633357,1753381633,KXMLBGAME-25JUL24BALCLE-BAL,42,58,200,yes
1753381633357,1753381633,KXMLBGAME-25JUL24BALCLE-BAL,42,58,2000,yes
1753381641597,1753381641,KXMLBGAME-25JUL24BALCLE-BAL,42,58,64,yes
1753381651438,1753381651,KXMLBGAME-25JUL24BALCLE-CLE,60,40,2,no
1753381652012,1753381651,KXMLBGAME-25JUL24BALCLE-CLE,61,39,91,yes
1753381654135,1753381653,KXMLBGAME-25JUL24BALCLE-CLE,61,39,209,yes
1753381654135,1753381653,KXMLBGAME-25JUL24BALCLE-CLE,61,39,108,yes
1753381654216,1753381654,KXMLBGAME-25JUL24BALCLE-BAL,41,59,100,no
1753381655114,1753381654,KXMLBGAME-25JUL24BALCLE-BAL,38,62,73,no
1753381657415,1753381657,KXMLBGAME-25JUL24BALCLE-BAL,41,59,2,yes
1753381662434,1753381662,KXMLBGAME-25JUL24BALCLE-BAL,41,59,92,yes
1753381663879,1753381663,KXMLBGAME-25JUL24BALCLE-CLE,61,39,92,yes
1753381663879,1753381663,KXMLBGAME-25JUL24BALCLE-CLE,62,38,66,yes
1753381674597,1753381674,KXMLBGAME-25JUL24SEALAA-SEA,43,57,22,yes
1753381674597,1753381674,KXMLBGAME-25JUL24SEALAA-SEA,43,57,33,yes
1753381685175,1753381685,KXMLBGAME-25JUL24BALCLE-BAL,41,59,100,yes
1753381685796,1753381685,KXMLBGAME-25JUL24TORDET-TOR,46,54,52,yes
1753381710216,1753381710,KXMLBGAME-25JUL24BALCLE-BAL,38,62,27,no
1753381724354,1753381724,KXMLBGAME-25JUL24BALCLE-BAL,39,61,240,yes
1753381727754,1753381727,KXMLBGAME-25JUL24BALCLE-BAL,37,63,300,yes
1753381727754,1753381727,KXMLBGAME-25JUL24BALCLE-BAL,38,62,56,yes
1753381730614,1753381730,KXMLBGAME-25JUL24BALCLE-BAL,35,65,87,no
1753381730614,1753381730,KXMLBGAME-25JUL24BALCLE-BAL,34,66,140,no
1753381732814,1753381732,KXMLBGAME-25JUL24BALCLE-CLE,64,36,41,yes
1753381740234,1753381740,KXMLBGAME-25JUL24BALCLE-CLE,65,35,10,yes
1753381740234,1753381740,KXMLBGAME-25JUL24BALCLE-CLE,65,35,102,yes
1753381741439,1753381741,KXMLBGAME-25JUL24BALCLE-CLE,65,35,48,yes
1753381741439,1753381741,KXMLBGAME-25JUL24BALCLE-CLE,65,35,25,yes
1753381744637,1753381744,KXMLBGAME-25JUL24BALCLE-BAL,38,62,11,yes
1753381744637,1753381744,KXMLBGAME-25JUL24BALCLE-BAL,38,62,1,yes
1753381747615,1753381747,KXMLBGAME-25JUL24BALCLE-CLE,65,35,112,no
1753381751541,1753381751,KXMLBGAME-25JUL24BALCLE-CLE,64,36,300,yes
1753381756597,1753381756,KXMLBGAME-25JUL24BALCLE-BAL,38,62,252,yes
1753381758595,1753381758,KXMLBGAME-25JUL24BALCLE-CLE,64,36,76,yes
1753381758895,1753381758,KXMLBGAME-25JUL24BALCLE-CLE,64,36,121,yes
1753381761097,1753381761,KXMLBGAME-25JUL24BALCLE-CLE,64,36,103,yes
1753381761097,1753381761,KXMLBGAME-25JUL24BALCLE-CLE,64,36,500,yes
1753381766075,1753381766,KXMLBGAME-25JUL24BALCLE-CLE,64,36,5,no
1753381767056,1753381766,KXMLBGAME-25JUL24BALCLE-BAL,36,64,42,no
1753381767097,1753381767,KXMLBGAME-25JUL24BALCLE-CLE,65,35,750,yes
1753381767097,1753381767,KXMLBGAME-25JUL24BALCLE-CLE,65,35,500,yes
1753381785819,1753381785,KXMLBGAME-25JUL24SDSTL-STL,59,41,16,yes
1753381786158,1753381786,KXMLBGAME-25JUL24BALCLE-BAL,36,64,20,no
1753381787074,1753381787,KXMLBGAME-25JUL24BALCLE-BAL,36,64,6,yes
1753381791516,1753381791,KXMLBGAME-25JUL24BALCLE-CLE,65,35,1250,no
1753381792216,1753381792,KXMLBGAME-25JUL24BALCLE-CLE,64,36,192,no
1753381792313,1753381792,KXMLBGAME-25JUL24BALCLE-BAL,36,64,432,yes
1753381802837,1753381802,KXMLBGAME-25JUL24BALCLE-CLE,64,36,152,yes
1753381806198,1753381806,KXMLBGAME-25JUL24BALCLE-BAL,39,61,24,yes
1753381806495,1753381806,KXMLBGAME-25JUL24BALCLE-CLE,64,36,448,yes
1753381806495,1753381806,KXMLBGAME-25JUL24BALCLE-CLE,64,36,500,yes
1753381812678,1753381812,KXMLBGAME-25JUL24BALCLE-CLE,65,35,7,yes
1753381816015,1753381815,KXMLBGAME-25JUL24BALCLE-CLE,65,35,493,yes
1753381816016,1753381815,KXMLBGAME-25JUL24BALCLE-CLE,65,35,750,yes
1753381820715,1753381820,KXMLBGAME-25JUL24BALCLE-CLE,65,35,100,no
1753381825757,1753381825,KXMLBGAME-25JUL24BALCLE-CLE,65,35,207,no
1753381826992,1753381826,KXMLBGAME-25JUL24BALCLE-CLE,64,36,152,no
1753381827696,1753381827,KXMLBGAME-25JUL24BALCLE-CLE,63,37,16,yes
1753381828895,1753381828,KXMLBGAME-25JUL24BALCLE-CLE,63,37,14,yes
1753381836713,1753381836,KXMLBGAME-25JUL24BALCLE-CLE,62,38,600,yes
1753381836713,1753381836,KXMLBGAME-25JUL24BALCLE-CLE,62,38,400,yes
1753381843035,1753381842,KXMLBGAME-25JUL24BALCLE-BAL,40,60,16,yes
1753381857453,1753381857,KXMLBGAME-25JUL24BALCLE-BAL,39,61,136,yes
1753381859854,1753381859,KXMLBGAME-25JUL24BALCLE-CLE,64,36,7,yes
1753381862035,1753381861,KXMLBGAME-25JUL24BALCLE-CLE,64,36,65,yes
1753381865356,1753381865,KXMLBGAME-25JUL24BALCLE-CLE,64,36,38,yes
1753381866673,1753381866,KXMLBGAME-25JUL24SDSTL-SD,42,58,228,yes
1753381873495,1753381873,KXMLBGAME-25JUL24BALCLE-CLE,64,36,76,yes
1753381874395,1753381874,KXMLBGAME-25JUL24BALCLE-CLE,64,36,114,yes
1753381874395,1753381874,KXMLBGAME-25JUL24BALCLE-CLE,64,36,200,yes
1753381874395,1753381874,KXMLBGAME-25JUL24BALCLE-CLE,64,36,500,yes
1753381877242,1753381877,KXMLBGAME-25JUL24BALCLE-BAL,39,61,10,yes
1753381880076,1753381880,KXMLBGAME-25JUL24BALCLE-BAL,38,62,100,no
1753381880076,1753381880,KXMLBGAME-25JUL24BALCLE-BAL,36,64,500,no
1753381880076,1753381880,KXMLBGAME-25JUL24BALCLE-BAL,35,65,1563,no
1753381880076,1753381880,KXMLBGAME-25JUL24BALCLE-BAL,35,65,300,no
1753381880076,1753381880,KXMLBGAME-25JUL24BALCLE-BAL,35,65,472,no
1753381894813,1753381894,KXMLBGAME-25JUL24BALCLE-BAL,38,62,10,yes
1753381934633,1753381934,KXMLBGAME-25JUL24BALCLE-CLE,59,41,82,yes
1753381962794,1753381962,KXMLBGAME-25JUL24BALCLE-CLE,55,45,125,no
1753381971296,1753381971,KXMLBGAME-25JUL24BALCLE-BAL,44,56,21,yes
1753381977855,1753381977,KXMLBGAME-25JUL24BALCLE-BAL,44,56,17,yes
1753381977892,1753381977,KXMLBGAME-25JUL24BALCLE-BAL,44,56,37,yes
1753381995654,1753381995,KXMLBGAME-25JUL24ATHHOU-ATH,44,56,133,yes
1753382000755,1753382000,KXMLBGAME-25JUL24BALCLE-CLE,58,42,41,yes
1753382009698,1753382009,KXMLBGAME-25JUL24SDSTL-SD,42,58,140,yes
1753382020078,1753382020,KXMLBGAME-25JUL24BALCLE-BAL,44,56,225,yes
1753382020078,1753382020,KXMLBGAME-25JUL24BALCLE-BAL,44,56,190,yes
1753382020078,1753382020,KXMLBGAME-25JUL24BALCLE-BAL,44,56,22,yes
1753382027154,1753382027,KXMLBGAME-25JUL24BALCLE-CLE,58,42,66,yes
1753382030876,1753382030,KXMLBGAME-25JUL24BALCLE-BAL,44,56,70,yes
1753382033655,1753382033,KXMLBGAME-25JUL24BALCLE-BAL,44,56,65,yes
1753382040736,1753382040,KXMLBGAME-25JUL24BALCLE-BAL,44,56,15,yes
1753382044115,1753382043,KXMLBGAME-25JUL24BALCLE-CLE,58,42,134,yes
1753382044115,1753382043,KXMLBGAME-25JUL24BALCLE-CLE,58,42,226,yes
1753382049928,1753382049,KXMLBGAME-25JUL24BALCLE-CLE,58,42,40,yes
1753382052954,1753382052,KXMLBGAME-25JUL24BALCLE-BAL,44,56,10,yes
1753382055135,1753382055,KXMLBGAME-25JUL24ATHHOU-ATH,44,56,65,yes
1753382068294,1753382068,KXMLBGAME-25JUL24BALCLE-CLE,57,43,300,yes
1753382068294,1753382068,KXMLBGAME-25JUL24BALCLE-CLE,58,42,396,yes
1753382071756,1753382071,KXMLBGAME-25JUL24BALCLE-CLE,57,43,291,yes
1753382078435,1753382078,KXMLBGAME-25JUL24BALCLE-BAL,42,58,200,yes
1753382078435,1753382078,KXMLBGAME-25JUL24BALCLE-BAL,42,58,13,yes
1753382080996,1753382080,KXMLBGAME-25JUL24BALCLE-BAL,42,58,5,no
1753382085016,1753382084,KXMLBGAME-25JUL24BALCLE-BAL,42,58,2,yes
1753382085098,1753382085,KXMLBGAME-25JUL24ATHHOU-HOU,57,43,10,yes
1753382090274,1753382090,KXMLBGAME-25JUL24BALCLE-BAL,41,59,50,no
1753382093956,1753382093,KXMLBGAME-25JUL24BALCLE-BAL,41,59,35,yes
1753382096295,1753382096,KXMLBGAME-25JUL24BALCLE-CLE,62,38,15,yes
1753382098537,1753382098,KXMLBGAME-25JUL24BALCLE-BAL,41,59,145,yes
1753382099935,1753382099,KXMLBGAME-25JUL24BALCLE-BAL,38,62,177,no
1753382125454,1753382125,KXMLBGAME-25JUL24BALCLE-CLE,63,37,185,yes
1753382127285,1753382127,KXMLBGAME-25JUL24BALCLE-BAL,39,61,120,yes
1753382127285,1753382127,KXMLBGAME-25JUL24BALCLE-BAL,39,61,133,yes
1753382132121,1753382131,KXMLBGAME-25JUL24BALCLE-CLE,63,37,154,yes
1753382137934,1753382137,KXMLBGAME-25JUL24BALCLE-CLE,61,39,25,no
1753382161456,1753382161,KXMLBGAME-25JUL24BALCLE-BAL,36,64,187,no
1753382173855,1753382173,KXMLBGAME-25JUL24BALCLE-BAL,39,61,12,yes
1753382175535,1753382175,KXMLBGAME-25JUL24BALCLE-BAL,36,64,21,no
1753382181595,1753382181,KXMLBGAME-25JUL24BALCLE-CLE,62,38,71,no
1753382182014,1753382181,KXMLBGAME-25JUL24ATHHOU-HOU,57,43,25,yes
1753382188314,1753382188,KXMLBGAME-25JUL24BALCLE-BAL,38,62,32,yes
1753382194195,1753382194,KXMLBGAME-25JUL24BALCLE-CLE,64,36,60,yes
1753382208035,1753382207,KXMLBGAME-25JUL24BALCLE-CLE,64,36,30,yes
1753382217373,1753382217,KXMLBGAME-25JUL24BALCLE-CLE,62,38,55,no
1753382233337,1753382233,KXMLBGAME-25JUL24BALCLE-CLE,64,36,210,yes
1753382233337,1753382233,KXMLBGAME-25JUL24BALCLE-CLE,65,35,10,yes
1753382233337,1753382233,KXMLBGAME-25JUL24BALCLE-CLE,65,35,305,yes
1753382242214,1753382242,KXMLBGAME-25JUL24BALCLE-BAL,38,62,5,yes
1753382243835,1753382243,KXMLBGAME-25JUL24BALCLE-CLE,64,36,152,yes
1753382245555,1753382245,KXMLBGAME-25JUL24BALCLE-CLE,62,38,20,no
1753382246734,1753382246,KXMLBGAME-25JUL24BALCLE-BAL,38,62,126,yes
1753382279412,1753382279,KXMLBGAME-25JUL24BALCLE-BAL,38,62,1753,yes
1753382279493,1753382279,KXMLBGAME-25JUL24BALCLE-BAL,38,62,15,yes
1753382296255,1753382296,KXMLBGAME-25JUL24SEALAA-SEA,43,57,22,yes
1753382310137,1753382310,KXMLBGAME-25JUL24TORDET-TOR,46,54,21,yes
1753382334814,1753382334,KXMLBGAME-25JUL24BALCLE-BAL,42,58,588,yes
1753382344094,1753382344,KXMLBGAME-25JUL24BALCLE-CLE,61,39,287,yes
1753382346116,1753382346,KXMLBGAME-25JUL24BALCLE-CLE,61,39,3,yes
1753382355181,1753382355,KXMLBGAME-25JUL24BALCLE-BAL,42,58,22,yes
1753382365334,1753382365,KXMLBGAME-25JUL24BALCLE-BAL,42,58,4,yes
1753382385336,1753382385,KXMLBGAME-25JUL24BALCLE-CLE,61,39,7,yes
1753382393273,1753382393,KXMLBGAME-25JUL24BALCLE-CLE,61,39,15,yes
1753382393273,1753382393,KXMLBGAME-25JUL24BALCLE-CLE,61,39,500,yes
1753382393273,1753382393,KXMLBGAME-25JUL24BALCLE-CLE,61,39,300,yes
1753382393274,1753382393,KXMLBGAME-25JUL24BALCLE-CLE,62,38,1122,yes
1753382409515,1753382409,KXMLBGAME-25JUL24SDSTL-STL,59,41,8,yes
1753382413835,1753382413,KXMLBGAME-25JUL24BALCLE-BAL,42,58,228,yes
1753382419383,1753382418,KXMLBGAME-25JUL24BALCLE-BAL,42,58,22,yes
1753382429513,1753382429,KXMLBGAME-25JUL24BALCLE-CLE,61,39,159,yes
1753382436577,1753382436,KXMLBGAME-25JUL24BALCLE-CLE,61,39,215,yes
1753382446020,1753382445,KXMLBGAME-25JUL24BALCLE-CLE,61,39,24,yes
1753382448278,1753382448,KXMLBGAME-25JUL24ATHHOU-HOU,57,43,425,yes
1753382448914,1753382448,KXMLBGAME-25JUL24TORDET-TOR,46,54,10,yes
1753382457115,1753382457,KXMLBGAME-25JUL24BALCLE-CLE,61,39,15,yes
1753382466114,1753382466,KXMLBGAME-25JUL24BALCLE-CLE,60,40,500,yes
1753382466114,1753382466,KXMLBGAME-25JUL24BALCLE-CLE,61,39,146,yes
1753382476934,1753382476,KXMLBGAME-25JUL24BALCLE-BAL,39,61,100,no
1753382481454,1753382481,KXMLBGAME-25JUL24SDSTL-SD,42,58,18,yes
1753382481912,1753382481,KXMLBGAME-25JUL24BALCLE-BAL,38,62,607,yes
1753382483355,1753382483,KXMLBGAME-25JUL24BALCLE-CLE,65,35,150,yes
1753382494833,1753382494,KXMLBGAME-25JUL24BALCLE-BAL,37,63,7,yes
1753382495234,1753382495,KXMLBGAME-25JUL24BALCLE-CLE,65,35,1,yes
1753382514516,1753382514,KXMLBGAME-25JUL24BALCLE-BAL,37,63,139,yes
1753382523953,1753382523,KXMLBGAME-25JUL24BALCLE-BAL,38,62,5,yes
1753382523954,1753382523,KXMLBGAME-25JUL24BALCLE-BAL,39,61,241,yes
1753382536833,1753382536,KXMLBGAME-25JUL24BALCLE-BAL,39,61,24,yes
1753382538673,1753382538,KXMLBGAME-25JUL24BALCLE-CLE,61,39,485,no
1753382542514,1753382542,KXMLBGAME-25JUL24BALCLE-CLE,63,37,23,yes
1753382557915,1753382557,KXMLBGAME-25JUL24BALCLE-CLE,62,38,15,yes
1753382563316,1753382563,KXMLBGAME-25JUL24BALCLE-CLE,62,38,231,yes
1753382565235,1753382565,KXMLBGAME-25JUL24BALCLE-CLE,62,38,108,yes
1753382571658,1753382571,KXMLBGAME-25JUL24BALCLE-CLE,59,41,10,no
1753382577611,1753382577,KXMLBGAME-25JUL24BALCLE-BAL,47,53,165,yes
1753382579594,1753382579,KXMLBGAME-25JUL24TORDET-TOR,46,54,15,yes
1753382606495,1753382606,KXMLBGAME-25JUL24BALCLE-BAL,47,53,51,yes
1753382616109,1753382616,KXMLBGAME-25JUL24BALCLE-BAL,47,53,41,yes
1753382618995,1753382618,KXMLBGAME-25JUL24BALCLE-CLE,56,44,10,yes
1753382641857,1753382641,KXMLBGAME-25JUL24BALCLE-BAL,47,53,10,yes
1753382642014,1753382641,KXMLBGAME-25JUL24BALCLE-CLE,56,44,25,yes
1753382646656,1753382646,KXMLBGAME-25JUL24BALCLE-BAL,47,53,116,yes
1753382658237,1753382658,KXMLBGAME-25JUL24SEALAA-LAA,58,42,8,yes
1753382659393,1753382659,KXMLBGAME-25JUL24BALCLE-BAL,47,53,20,yes
1753382664437,1753382664,KXMLBGAME-25JUL24BALCLE-CLE,53,47,13,no
1753382672754,1753382672,KXMLBGAME-25JUL24SDSTL-STL,59,41,8,yes
1753382678735,1753382678,KXMLBGAME-25JUL24BALCLE-CLE,56,44,2960,yes
1753382693634,1753382693,KXMLBGAME-25JUL24BALCLE-BAL,46,54,10,yes
1753382696073,1753382695,KXMLBGAME-25JUL24BALCLE-BAL,46,54,290,yes
1753382696073,1753382695,KXMLBGAME-25JUL24BALCLE-BAL,46,54,533,yes
1753382697693,1753382697,KXMLBGAME-25JUL24BALCLE-CLE,57,43,17,yes
1753382698835,1753382698,KXMLBGAME-25JUL24BALCLE-CLE,56,44,51,yes
1753382699055,1753382699,KXMLBGAME-25JUL24TORDET-TOR,46,54,10,yes
1753382709255,1753382709,KXMLBGAME-25JUL24BALCLE-BAL,46,54,18,yes
1753382709255,1753382709,KXMLBGAME-25JUL24BALCLE-BAL,47,53,187,yes
1753382709774,1753382709,KXMLBGAME-25JUL24BALCLE-CLE,55,45,35,yes
1753382712833,1753382712,KXMLBGAME-25JUL24BALCLE-BAL,46,54,378,yes
1753382718995,1753382718,KXMLBGAME-25JUL24BALCLE-CLE,56,44,86,yes
1753382728352,1753382728,KXMLBGAME-25JUL24BALCLE-CLE,56,44,4,yes
1753382733433,1753382733,KXMLBGAME-25JUL24BALCLE-CLE,56,44,210,yes
1753382733434,1753382733,KXMLBGAME-25JUL24BALCLE-CLE,56,44,829,yes
1753382735673,1753382735,KXMLBGAME-25JUL24BALCLE-CLE,56,44,3,yes
1753382745796,1753382745,KXMLBGAME-25JUL24BALCLE-CLE,53,47,60,no
1753382752115,1753382751,KXMLBGAME-25JUL24BALCLE-CLE,57,43,10,yes
1753382756676,1753382756,KXMLBGAME-25JUL24BALCLE-BAL,42,58,22,yes
1753382771613,1753382771,KXMLBGAME-25JUL24BALCLE-CLE,60,40,21,yes
1753382772836,1753382772,KXMLBGAME-25JUL24BALCLE-CLE,60,40,479,yes
1753382772836,1753382772,KXMLBGAME-25JUL24BALCLE-CLE,61,39,1124,yes
1753382783354,1753382783,KXMLBGAME-25JUL24BALCLE-CLE,60,40,16,yes
1753382792373,1753382792,KXMLBGAME-25JUL24BALCLE-CLE,58,42,19,no
1753382798155,1753382798,KXMLBGAME-25JUL24SEALAA-SEA,43,57,78,yes
1753382803958,1753382803,KXMLBGAME-25JUL24ATHHOU-HOU,57,43,425,yes
1753382810842,1753382810,KXMLBGAME-25JUL24BALCLE-BAL,41,59,23,yes
1753382816113,1753382815,KXMLBGAME-25JUL24BALCLE-CLE,59,41,2000,no
1753382823795,1753382823,KXMLBGAME-25JUL24BALCLE-CLE,58,42,440,no
1753382823796,1753382823,KXMLBGAME-25JUL24BALCLE-CLE,58,42,300,no
1753382825415,1753382825,KXMLBGAME-25JUL24BALCLE-BAL,47,53,600,yes
1753382827156,1753382827,KXMLBGAME-25JUL24BALCLE-BAL,48,52,500,yes
1753382828294,1753382828,KXMLBGAME-25JUL24BALCLE-BAL,47,53,191,no
1753382832373,1753382832,KXMLBGAME-25JUL24BALCLE-CLE,55,45,83,yes
1753382835773,1753382835,KXMLBGAME-25JUL24BALCLE-CLE,51,49,11,yes
1753382839357,1753382839,KXMLBGAME-25JUL24BALCLE-CLE,51,49,189,yes
1753382842214,1753382842,KXMLBGAME-25JUL24BALCLE-BAL,50,50,1,yes
1753382846754,1753382846,KXMLBGAME-25JUL24BALCLE-BAL,50,50,19,yes
1753382862815,1753382862,KXMLBGAME-25JUL24BALCLE-BAL,49,51,19,yes
1753382863909,1753382863,KXMLBGAME-25JUL24BALCLE-BAL,49,51,9,yes
1753382873641,1753382873,KXMLBGAME-25JUL24BALCLE-CLE,53,47,32,yes
1753382878233,1753382878,KXMLBGAME-25JUL24BALCLE-CLE,53,47,2,yes
1753382880425,1753382880,KXMLBGAME-25JUL24BALCLE-BAL,49,51,10,yes
1753382884515,1753382884,KXMLBGAME-25JUL24BALCLE-CLE,52,48,6,no
1753382900137,1753382900,KXMLBGAME-25JUL24BALCLE-CLE,53,47,266,yes
1753382900137,1753382900,KXMLBGAME-25JUL24BALCLE-CLE,53,47,600,yes
1753382906494,1753382906,KXMLBGAME-25JUL24BALCLE-BAL,48,52,682,yes
1753382911735,1753382911,KXMLBGAME-25JUL24BALCLE-BAL,50,50,200,yes
1753382911735,1753382911,KXMLBGAME-25JUL24BALCLE-BAL,50,50,257,yes
1753382923714,1753382923,KXMLBGAME-25JUL24BALCLE-BAL,49,51,200,yes
1753382923714,1753382923,KXMLBGAME-25JUL24BALCLE-BAL,50,50,43,yes
1753382923714,1753382923,KXMLBGAME-25JUL24BALCLE-BAL,50,50,5,yes
1753382923714,1753382923,KXMLBGAME-25JUL24BALCLE-BAL,50,50,200,yes
1753382923714,1753382923,KXMLBGAME-25JUL24BALCLE-BAL,51,49,110,yes
1753382957374,1753382957,KXMLBGAME-25JUL24SEALAA-SEA,43,57,11,yes
1753382959374,1753382959,KXMLBGAME-25JUL24BALCLE-BAL,49,51,78,yes
1753382959797,1753382959,KXMLBGAME-25JUL24BALCLE-BAL,49,51,49,yes
1753382966154,1753382966,KXMLBGAME-25JUL24BALCLE-BAL,49,51,19,yes
1753382968815,1753382968,KXMLBGAME-25JUL24SDSTL-SD,42,58,2,yes
1753382971534,1753382971,KXMLBGAME-25JUL24BALCLE-BAL,49,51,54,yes
1753382971534,1753382971,KXMLBGAME-25JUL24BALCLE-BAL,50,50,151,yes
1753382973142,1753382973,KXMLBGAME-25JUL24BALCLE-CLE,53,47,44,no
1753382973142,1753382973,KXMLBGAME-25JUL24BALCLE-CLE,52,48,1442,no
1753382983475,1753382983,KXMLBGAME-25JUL24SDSTL-SD,42,58,2,yes
1753382986015,1753382985,KXMLBGAME-25JUL24ATHHOU-ATH,44,56,2,yes
1753382987696,1753382987,KXMLBGAME-25JUL24BALCLE-BAL,52,48,9,yes
1753382988218,1753382988,KXMLBGAME-25JUL24BALCLE-CLE,55,45,10,yes
1753382988218,1753382988,KXMLBGAME-25JUL24BALCLE-CLE,55,45,10,yes
1753382988218,1753382988,KXMLBGAME-25JUL24BALCLE-CLE,57,43,10,yes
1753382988218,1753382988,KXMLBGAME-25JUL24BALCLE-CLE,60,40,9,yes
1753382988218,1753382988,KXMLBGAME-25JUL24BALCLE-CLE,67,33,1,yes
1753382988218,1753382988,KXMLBGAME-25JUL24BALCLE-CLE,70,30,10,yes
1753382988218,1753382988,KXMLBGAME-25JUL24BALCLE-CLE,73,27,93,yes
1753382996614,1753382996,KXMLBGAME-25JUL24SEALAA-SEA,43,57,8,yes
1753382999134,1753382999,KXMLBGAME-25JUL24ATHHOU-ATH,44,56,2,yes
1753383007194,1753383007,KXMLBGAME-25JUL24SEALAA-LAA,58,42,1,yes
1753383012155,1753383012,KXMLBGAME-25JUL24BALCLE-CLE,58,42,300,yes
1753383012155,1753383012,KXMLBGAME-25JUL24BALCLE-CLE,59,41,31,yes
1753383012654,1753383012,KXMLBGAME-25JUL24SEALAA-SEA,43,57,2,yes
1753383018033,1753383017,KXMLBGAME-25JUL24BALCLE-BAL,45,55,320,yes
1753383018033,1753383017,KXMLBGAME-25JUL24TORDET-DET,54,46,8,yes
1753383019994,1753383019,KXMLBGAME-25JUL24BALCLE-BAL,45,55,81,yes
1753383023355,1753383023,KXMLBGAME-25JUL24BALCLE-BAL,44,56,213,yes
1753383032834,1753383032,KXMLBGAME-25JUL24TORDET-TOR,45,55,16,no
1753383039315,1753383039,KXMLBGAME-25JUL24BALCLE-BAL,45,55,32,yes
1753383048218,1753383048,KXMLBGAME-25JUL24BALCLE-BAL,44,56,300,yes
1753383048218,1753383048,KXMLBGAME-25JUL24BALCLE-BAL,45,55,300,yes
1753383048218,1753383048,KXMLBGAME-25JUL24BALCLE-BAL,45,55,400,yes
1753383052235,1753383052,KXMLBGAME-25JUL24BALCLE-CLE,58,42,552,yes
1753383052434,1753383052,KXMLBGAME-25JUL24TORDET-DET,54,46,17,yes
1753383054014,1753383053,KXMLBGAME-25JUL24BALCLE-BAL,44,56,10,yes
1753383055337,1753383055,KXMLBGAME-25JUL24BALCLE-BAL,44,56,290,yes
1753383055337,1753383055,KXMLBGAME-25JUL24BALCLE-BAL,45,55,200,yes
1753383055337,1753383055,KXMLBGAME-25JUL24BALCLE-BAL,45,55,300,yes
1753383055337,1753383055,KXMLBGAME-25JUL24BALCLE-BAL,46,54,280,yes
1753383057713,1753383057,KXMLBGAME-25JUL24BALCLE-CLE,58,42,111,yes
1753383067274,1753383067,KXMLBGAME-25JUL24BALCLE-CLE,57,43,112,no
1753383072395,1753383072,KXMLBGAME-25JUL24BALCLE-BAL,43,57,100,yes
1753383075435,1753383075,KXMLBGAME-25JUL24SDSTL-STL,59,41,17,yes
1753383088783,1753383088,KXMLBGAME-25JUL24BALCLE-BAL,43,57,44,yes
1753383094116,1753383094,KXMLBGAME-25JUL24BALCLE-CLE,58,42,16,yes
1753383096874,1753383096,KXMLBGAME-25JUL24BALCLE-BAL,43,57,89,yes
1753383110354,1753383110,KXMLBGAME-25JUL24BALCLE-BAL,43,57,55,yes
1753383111156,1753383111,KXMLBGAME-25JUL24TORDET-TOR,46,54,10,yes
1753383113395,1753383113,KXMLBGAME-25JUL24BALCLE-CLE,57,43,42,yes
1753383130535,1753383130,KXMLBGAME-25JUL24BALCLE-CLE,57,43,16,yes
1753383141561,1753383141,KXMLBGAME-25JUL24BALCLE-BAL,46,54,140,yes
1753383148774,1753383148,KXMLBGAME-25JUL24BALCLE-CLE,57,43,170,yes
1753383149435,1753383149,KXMLBGAME-25JUL24BALCLE-BAL,46,54,8,yes
1753383160994,1753383160,KXMLBGAME-25JUL24BALCLE-CLE,57,43,6,yes
1753383168318,1753383168,KXMLBGAME-25JUL24ATHHOU-HOU,57,43,18,yes
1753383173674,1753383173,KXMLBGAME-25JUL24BALCLE-BAL,46,54,100,yes
1753383185052,1753383184,KXMLBGAME-25JUL24BALCLE-CLE,58,42,3,yes
1753383191227,1753383191,KXMLBGAME-25JUL24BALCLE-BAL,45,55,21,yes
1753383199995,1753383199,KXMLBGAME-25JUL24BALCLE-BAL,50,50,5,yes
1753383199995,1753383199,KXMLBGAME-25JUL24BALCLE-BAL,52,48,1,yes
1753383199995,1753383199,KXMLBGAME-25JUL24BALCLE-BAL,52,48,10,yes
1753383200055,1753383200,KXMLBGAME-25JUL24BALCLE-CLE,56,44,5,no
1753383200055,1753383200,KXMLBGAME-25JUL24BALCLE-BAL,55,45,5,no
1753383200082,1753383200,KXMLBGAME-25JUL24BALCLE-CLE,54,46,10,no
1753383200096,1753383200,KXMLBGAME-25JUL24BALCLE-CLE,53,47,300,no
1753383200096,1753383200,KXMLBGAME-25JUL24BALCLE-CLE,52,48,100,no
1753383200096,1753383200,KXMLBGAME-25JUL24BALCLE-CLE,52,48,10,no
1753383200115,1753383200,KXMLBGAME-25JUL24BALCLE-BAL,55,45,425,no
1753383200116,1753383200,KXMLBGAME-25JUL24BALCLE-BAL,55,45,425,no
1753383200116,1753383200,KXMLBGAME-25JUL24BALCLE-BAL,55,45,425,no
1753383202573,1753383202,KXMLBGAME-25JUL24BALCLE-BAL,55,45,464,no
1753383203413,1753383203,KXMLBGAME-25JUL24BALCLE-BAL,55,45,488,no
1753383203794,1753383203,KXMLBGAME-25JUL24BALCLE-BAL,59,41,4,yes
1753383204274,1753383204,KXMLBGAME-25JUL24BALCLE-BAL,59,41,490,no
1753383212675,1753383212,KXMLBGAME-25JUL24BALCLE-BAL,59,41,35,no
1753383215177,1753383215,KXMLBGAME-25JUL24TORDET-DET,54,46,1,yes
1753383219054,1753383218,KXMLBGAME-25JUL24ATHHOU-HOU,57,43,11,yes
1753383225073,1753383224,KXMLBGAME-25JUL24BALCLE-CLE,34,66,123,yes
1753383227133,1753383227,KXMLBGAME-25JUL24SEALAA-LAA,58,42,1,yes
1753383228335,1753383228,KXMLBGAME-25JUL24BALCLE-CLE,32,68,33,no
1753383229414,1753383228,KXMLBGAME-25JUL24BALCLE-CLE,34,66,14,yes
1753383233733,1753383233,KXMLBGAME-25JUL24BALCLE-CLE,33,67,300,no
1753383233733,1753383233,KXMLBGAME-25JUL24BALCLE-CLE,32,68,156,no
1753383234815,1753383234,KXMLBGAME-25JUL24BALCLE-BAL,68,32,143,yes
1753383236035,1753383235,KXMLBGAME-25JUL24BALCLE-CLE,34,66,28,yes
1753383238736,1753383238,KXMLBGAME-25JUL24ATHHOU-HOU,57,43,1,yes
1753383243317,1753383243,KXMLBGAME-25JUL24BALCLE-CLE,34,66,59,yes
1753383243317,1753383243,KXMLBGAME-25JUL24BALCLE-CLE,34,66,222,yes
1753383245296,1753383245,KXMLBGAME-25JUL24BALCLE-BAL,68,32,300,yes
1753383245296,1753383245,KXMLBGAME-25JUL24BALCLE-BAL,69,31,600,yes
1753383245296,1753383245,KXMLBGAME-25JUL24BALCLE-BAL,69,31,200,yes
1753383245296,1753383245,KXMLBGAME-25JUL24BALCLE-BAL,69,31,500,yes
1753383245296,1753383245,KXMLBGAME-25JUL24BALCLE-BAL,69,31,2000,yes
1753383245296,1753383245,KXMLBGAME-25JUL24BALCLE-BAL,70,30,200,yes
1753383245296,1753383245,KXMLBGAME-25JUL24BALCLE-BAL,70,30,5,yes
1753383245296,1753383245,KXMLBGAME-25JUL24BALCLE-BAL,70,30,300,yes
1753383245296,1753383245,KXMLBGAME-25JUL24BALCLE-BAL,70,30,565,yes
1753383246733,1753383246,KXMLBGAME-25JUL24BALCLE-BAL,64,36,7,no
1753383248254,1753383248,KXMLBGAME-25JUL24BALCLE-CLE,32,68,123,no
1753383248819,1753383248,KXMLBGAME-25JUL24BALCLE-BAL,68,32,500,yes
1753383248819,1753383248,KXMLBGAME-25JUL24BALCLE-BAL,68,32,216,yes
1753383249776,1753383249,KXMLBGAME-25JUL24BALCLE-CLE,32,68,38,no
1753383250894,1753383250,KXMLBGAME-25JUL24BALCLE-BAL,69,31,500,yes
1753383250894,1753383250,KXMLBGAME-25JUL24BALCLE-BAL,69,31,600,yes
1753383250894,1753383250,KXMLBGAME-25JUL24BALCLE-BAL,69,31,600,yes
1753383250894,1753383250,KXMLBGAME-25JUL24BALCLE-BAL,69,31,1235,yes
1753383258213,1753383258,KXMLBGAME-25JUL24BALCLE-BAL,69,31,141,yes
1753383259554,1753383259,KXMLBGAME-25JUL24BALCLE-BAL,69,31,100,yes
1753383259944,1753383259,KXMLBGAME-25JUL24BALCLE-BAL,69,31,70,yes
1753383259974,1753383259,KXMLBGAME-25JUL24BALCLE-CLE,32,68,339,no
1753383259974,1753383259,KXMLBGAME-25JUL24BALCLE-CLE,32,68,357,no
1753383262275,1753383262,KXMLBGAME-25JUL24BALCLE-BAL,69,31,530,yes
1753383262275,1753383262,KXMLBGAME-25JUL24BALCLE-BAL,69,31,166,yes
1753383262953,1753383262,KXMLBGAME-25JUL24BALCLE-BAL,69,31,7,yes
1753383264455,1753383264,KXMLBGAME-25JUL24BALCLE-BAL,69,31,14,yes
1753383264617,1753383264,KXMLBGAME-25JUL24BALCLE-BAL,69,31,35,yes
1753383265214,1753383265,KXMLBGAME-25JUL24BALCLE-BAL,69,31,534,yes
1753383266054,1753383266,KXMLBGAME-25JUL24BALCLE-CLE,29,71,300,no
1753383266054,1753383266,KXMLBGAME-25JUL24BALCLE-CLE,28,72,1446,no
1753383266054,1753383266,KXMLBGAME-25JUL24BALCLE-CLE,20,80,10,no
1753383266054,1753383266,KXMLBGAME-25JUL24BALCLE-CLE,19,81,10,no
1753383266054,1753383266,KXMLBGAME-25JUL24BALCLE-CLE,18,82,3000,no
1753383266694,1753383266,KXMLBGAME-25JUL24BALCLE-BAL,68,32,2,yes
1753383268493,1753383268,KXMLBGAME-25JUL24BALCLE-BAL,68,32,28,yes
1753383269413,1753383269,KXMLBGAME-25JUL24BALCLE-CLE,18,82,26,no
1753383269536,1753383269,KXMLBGAME-25JUL24BALCLE-CLE,18,82,39,no
1753383274795,1753383274,KXMLBGAME-25JUL24SEALAA-SEA,43,57,11,yes
1753383274914,1753383274,KXMLBGAME-25JUL24BALCLE-CLE,34,66,281,yes
1753383276176,1753383276,KXMLBGAME-25JUL24BALCLE-BAL,68,32,50,yes
1753383276195,1753383276,KXMLBGAME-25JUL24BALCLE-BAL,68,32,2,yes
1753383281393,1753383281,KXMLBGAME-25JUL24BALCLE-CLE,28,72,185,no
1753383282094,1753383282,KXMLBGAME-25JUL24BALCLE-BAL,68,32,40,yes
1753383283553,1753383283,KXMLBGAME-25JUL24BALCLE-CLE,33,67,2,yes
1753383283818,1753383283,KXMLBGAME-25JUL24BALCLE-BAL,68,32,35,yes
1753383284974,1753383284,KXMLBGAME-25JUL24BALCLE-BAL,68,32,72,yes
1753383284974,1753383284,KXMLBGAME-25JUL24BALCLE-BAL,68,32,1941,yes
1753383285915,1753383285,KXMLBGAME-25JUL24BALCLE-CLE,33,67,43,yes
1753383291254,1753383291,KXMLBGAME-25JUL24BALCLE-BAL,68,32,14,yes
1753383298792,1753383298,KXMLBGAME-25JUL24BALCLE-BAL,67,33,2,no
1753383299794,1753383299,KXMLBGAME-25JUL24BALCLE-BAL,68,32,186,yes
1753383301155,1753383301,KXMLBGAME-25JUL24BALCLE-BAL,68,32,107,yes
1753383301155,1753383301,KXMLBGAME-25JUL24BALCLE-BAL,68,32,8,yes
1753383303075,1753383303,KXMLBGAME-25JUL24BALCLE-BAL,69,31,152,yes
1753383307793,1753383307,KXMLBGAME-25JUL24BALCLE-BAL,69,31,7,yes
1753383316094,1753383315,KXMLBGAME-25JUL24BALCLE-BAL,69,31,293,yes
1753383316094,1753383315,KXMLBGAME-25JUL24BALCLE-BAL,70,30,750,yes
1753383316094,1753383315,KXMLBGAME-25JUL24BALCLE-BAL,70,30,600,yes
1753383316094,1753383315,KXMLBGAME-25JUL24BALCLE-BAL,71,29,200,yes
1753383316094,1753383315,KXMLBGAME-25JUL24BALCLE-BAL,71,29,300,yes
1753383316094,1753383315,KXMLBGAME-25JUL24BALCLE-BAL,71,29,5,yes
1753383316094,1753383315,KXMLBGAME-25JUL24BALCLE-BAL,72,28,200,yes
1753383316094,1753383315,KXMLBGAME-25JUL24BALCLE-BAL,72,28,300,yes
1753383316094,1753383315,KXMLBGAME-25JUL24BALCLE-BAL,79,21,10,yes
1753383316094,1753383315,KXMLBGAME-25JUL24BALCLE-BAL,83,17,1,yes
1753383316094,1753383315,KXMLBGAME-25JUL24BALCLE-BAL,83,17,3000,yes
1753383316094,1753383315,KXMLBGAME-25JUL24BALCLE-BAL,84,16,100,yes
1753383316094,1753383315,KXMLBGAME-25JUL24BALCLE-BAL,84,16,1,yes
1753383316094,1753383315,KXMLBGAME-25JUL24BALCLE-BAL,85,15,17,yes
1753383316094,1753383315,KXMLBGAME-25JUL24BALCLE-BAL,87,13,20,yes
1753383316094,1753383315,KXMLBGAME-25JUL24BALCLE-BAL,90,10,8,yes
1753383316094,1753383315,KXMLBGAME-25JUL24BALCLE-BAL,91,9,444,yes
1753383316094,1753383315,KXMLBGAME-25JUL24BALCLE-BAL,92,8,38,yes
1753383321076,1753383321,KXMLBGAME-25JUL24TORDET-DET,54,46,89,yes
1753383321335,1753383321,KXMLBGAME-25JUL24BALCLE-CLE,32,68,14,yes
1753383323555,1753383323,KXMLBGAME-25JUL24BALCLE-BAL,72,28,29,yes
1753383329834,1753383329,KXMLBGAME-25JUL24BALCLE-CLE,28,72,152,no
1753383332914,1753383332,KXMLBGAME-25JUL24BALCLE-CLE,32,68,60,yes
1753383332914,1753383332,KXMLBGAME-25JUL24BALCLE-CLE,32,68,11,yes
1753383333934,1753383333,KXMLBGAME-25JUL24BALCLE-BAL,68,32,1,yes
1753383334535,1753383334,KXMLBGAME-25JUL24BALCLE-BAL,68,32,21,yes
1753383339413,1753383339,KXMLBGAME-25JUL24BALCLE-BAL,68,32,136,yes
1753383341434,1753383341,KXMLBGAME-25JUL24BALCLE-CLE,31,69,464,no
1753383342933,1753383342,KXMLBGAME-25JUL24BALCLE-BAL,68,32,143,yes
1753383359289,1753383359,KXMLBGAME-25JUL24SDSTL-STL,59,41,18,yes
1753383359654,1753383359,KXMLBGAME-25JUL24BALCLE-CLE,31,69,36,no
1753383359654,1753383359,KXMLBGAME-25JUL24BALCLE-CLE,28,72,5,no
1753383359654,1753383359,KXMLBGAME-25JUL24BALCLE-CLE,28,72,300,no
1753383359654,1753383359,KXMLBGAME-25JUL24BALCLE-CLE,27,73,10,no
1753383359654,1753383359,KXMLBGAME-25JUL24BALCLE-CLE,27,73,1422,no
1753383359654,1753383359,KXMLBGAME-25JUL24BALCLE-CLE,19,81,10,no
1753383359654,1753383359,KXMLBGAME-25JUL24BALCLE-CLE,18,82,154,no
1753383363656,1753383363,KXMLBGAME-25JUL24BALCLE-BAL,68,32,35,yes
1753383372773,1753383372,KXMLBGAME-25JUL24BALCLE-BAL,68,32,164,yes
1753383372773,1753383372,KXMLBGAME-25JUL24BALCLE-BAL,68,32,10,yes
1753383372773,1753383372,KXMLBGAME-25JUL24BALCLE-BAL,69,31,500,yes
1753383372773,1753383372,KXMLBGAME-25JUL24BALCLE-BAL,71,29,17,yes
1753383376972,1753383376,KXMLBGAME-25JUL24BALCLE-BAL,68,32,300,no
1753383377074,1753383376,KXMLBGAME-25JUL24BALCLE-CLE,32,68,2009,yes
1753383377074,1753383376,KXMLBGAME-25JUL24BALCLE-CLE,32,68,15,yes
1753383377074,1753383376,KXMLBGAME-25JUL24BALCLE-CLE,32,68,389,yes
1753383389533,1753383389,KXMLBGAME-25JUL24BALCLE-BAL,69,31,2127,yes
1753383398034,1753383397,KXMLBGAME-25JUL24BALCLE-CLE,33,67,28,yes
1753383402474,1753383402,KXMLBGAME-25JUL24BALCLE-BAL,68,32,143,yes
1753383404814,1753383404,KXMLBGAME-25JUL24SEALAA-LAA,58,42,15,yes
1753383411154,1753383411,KXMLBGAME-25JUL24BALCLE-CLE,34,66,11,yes
1753383411653,1753383411,KXMLBGAME-25JUL24BALCLE-BAL,67,33,98,no
1753383411653,1753383411,KXMLBGAME-25JUL24BALCLE-BAL,66,34,142,no
1753383413953,1753383413,KXMLBGAME-25JUL24BALCLE-CLE,34,66,385,yes
1753383420229,1753383420,KXMLBGAME-25JUL24BALCLE-BAL,68,32,11,yes
1753383420229,1753383420,KXMLBGAME-25JUL24BALCLE-BAL,68,32,239,yes
1753383425812,1753383425,KXMLBGAME-25JUL24BALCLE-CLE,32,68,500,no
1753383425812,1753383425,KXMLBGAME-25JUL24BALCLE-CLE,31,69,3666,no
1753383425812,1753383425,KXMLBGAME-25JUL24BALCLE-CLE,31,69,222,no
1753383431612,1753383431,KXMLBGAME-25JUL24BALCLE-BAL,68,32,25,yes
1753383433253,1753383433,KXMLBGAME-25JUL24BALCLE-CLE,34,66,14,yes
1753383434135,1753383433,KXMLBGAME-25JUL24BALCLE-BAL,68,32,63,yes
1753383439876,1753383439,KXMLBGAME-25JUL24BALCLE-CLE,34,66,28,yes
1753383440155,1753383440,KXMLBGAME-25JUL24BALCLE-BAL,69,31,212,yes
1753383442694,1753383442,KXMLBGAME-25JUL24SEALAA-SEA,43,57,11,yes
1753383443792,1753383443,KXMLBGAME-25JUL24BALCLE-CLE,33,67,56,yes
1753383454092,1753383453,KXMLBGAME-25JUL24BALCLE-CLE,33,67,132,yes
1753383454815,1753383454,KXMLBGAME-25JUL24BALCLE-BAL,70,30,1818,yes
1753383462315,1753383462,KXMLBGAME-25JUL24BALCLE-BAL,62,38,300,no
1753383462315,1753383462,KXMLBGAME-25JUL24BALCLE-BAL,62,38,200,no
1753383462392,1753383462,KXMLBGAME-25JUL24BALCLE-CLE,38,62,500,no
1753383462392,1753383462,KXMLBGAME-25JUL24BALCLE-CLE,38,62,500,no
1753383462514,1753383462,KXMLBGAME-25JUL24BALCLE-BAL,63,37,600,yes
1753383462514,1753383462,KXMLBGAME-25JUL24BALCLE-BAL,63,37,500,yes
1753383462514,1753383462,KXMLBGAME-25JUL24BALCLE-BAL,63,37,500,yes
1753383463453,1753383463,KXMLBGAME-25JUL24BALCLE-BAL,62,38,500,no
1753383463534,1753383463,KXMLBGAME-25JUL24BALCLE-CLE,38,62,500,yes
1753383470372,1753383470,KXMLBGAME-25JUL24BALCLE-BAL,62,38,500,no
1753383470454,1753383470,KXMLBGAME-25JUL24BALCLE-CLE,38,62,500,yes
1753383474976,1753383474,KXMLBGAME-25JUL24BALCLE-CLE,38,62,60,yes
1753383476014,1753383475,KXMLBGAME-25JUL24BALCLE-BAL,63,37,54,yes
1753383479614,1753383479,KXMLBGAME-25JUL24BALCLE-BAL,62,38,79,no
1753383484933,1753383484,KXMLBGAME-25JUL24BALCLE-BAL,62,38,20,no
1753383490735,1753383490,KXMLBGAME-25JUL24BALCLE-CLE,37,63,3,no
1753383498173,1753383498,KXMLBGAME-25JUL24BALCLE-BAL,62,38,32,no
1753383516456,1753383516,KXMLBGAME-25JUL24BALCLE-BAL,63,37,446,yes
1753383516456,1753383516,KXMLBGAME-25JUL24BALCLE-BAL,63,37,600,yes
1753383516457,1753383516,KXMLBGAME-25JUL24BALCLE-BAL,63,37,500,yes
1753383516457,1753383516,KXMLBGAME-25JUL24BALCLE-BAL,64,36,1,yes
1753383517634,1753383517,KXMLBGAME-25JUL24BALCLE-CLE,38,62,240,yes
1753383517634,1753383517,KXMLBGAME-25JUL24BALCLE-CLE,38,62,760,yes
1753383518073,1753383518,KXMLBGAME-25JUL24BALCLE-CLE,38,62,75,yes
1753383518854,1753383518,KXMLBGAME-25JUL24BALCLE-CLE,38,62,15,yes
1753383520972,1753383520,KXMLBGAME-25JUL24BALCLE-CLE,37,63,497,no
1753383520972,1753383520,KXMLBGAME-25JUL24BALCLE-CLE,35,65,1019,no
1753383521154,1753383521,KXMLBGAME-25JUL24BALCLE-CLE,38,62,30,yes
1753383523272,1753383523,KXMLBGAME-25JUL24BALCLE-CLE,37,63,115,yes
1753383526758,1753383526,KXMLBGAME-25JUL24BALCLE-CLE,37,63,185,yes
1753383526758,1753383526,KXMLBGAME-25JUL24BALCLE-CLE,37,63,73,yes
1753383531514,1753383531,KXMLBGAME-25JUL24BALCLE-BAL,64,36,152,yes
1753383540535,1753383540,KXMLBGAME-25JUL24BALCLE-CLE,37,63,144,yes
1753383555134,1753383555,KXMLBGAME-25JUL24ATHHOU-ATH,44,56,21,yes
1753383556455,1753383556,KXMLBGAME-25JUL24BALCLE-BAL,64,36,18,yes
1753383559393,1753383559,KXMLBGAME-25JUL24BALCLE-BAL,64,36,30,yes
1753383560075,1753383560,KXMLBGAME-25JUL24SEALAA-SEA,43,57,22,yes
1753383566714,1753383566,KXMLBGAME-25JUL24BALCLE-CLE,37,63,2,yes
1753383573456,1753383573,KXMLBGAME-25JUL24BALCLE-CLE,37,63,1,yes
1753383575393,1753383575,KXMLBGAME-25JUL24BALCLE-CLE,37,63,2,yes
1753383575597,1753383575,KXMLBGAME-25JUL24BALCLE-BAL,64,36,15,yes
1753383589196,1753383589,KXMLBGAME-25JUL24BALCLE-CLE,37,63,54,yes
1753383592791,1753383592,KXMLBGAME-25JUL24BALCLE-BAL,64,36,500,yes
1753383592792,1753383592,KXMLBGAME-25JUL24BALCLE-BAL,64,36,33,yes
1753383606814,1753383606,KXMLBGAME-25JUL24BALCLE-BAL,65,35,150,yes
1753383610515,1753383610,KXMLBGAME-25JUL24BALCLE-BAL,65,35,37,yes
1753383620474,1753383620,KXMLBGAME-25JUL24BALCLE-CLE,35,65,13,yes
1753383620893,1753383620,KXMLBGAME-25JUL24BALCLE-BAL,66,34,300,no
1753383621494,1753383621,KXMLBGAME-25JUL24SDSTL-SD,42,58,70,yes
1753383621753,1753383621,KXMLBGAME-25JUL24BALCLE-BAL,66,34,200,yes
1753383621753,1753383621,KXMLBGAME-25JUL24BALCLE-BAL,66,34,95,yes
1753383629894,1753383629,KXMLBGAME-25JUL24BALCLE-BAL,66,34,50,yes
1753383639095,1753383639,KXMLBGAME-25JUL24BALCLE-BAL,66,34,28,yes
1753383640334,1753383640,KXMLBGAME-25JUL24BALCLE-BAL,66,34,423,yes
1753383640638,1753383640,KXMLBGAME-25JUL24BALCLE-BAL,66,34,49,yes
1753383640638,1753383640,KXMLBGAME-25JUL24BALCLE-BAL,66,34,500,yes
1753383640638,1753383640,KXMLBGAME-25JUL24BALCLE-BAL,66,34,170,yes
1753383643613,1753383643,KXMLBGAME-25JUL24BALCLE-BAL,65,35,21,no
1753383646313,1753383646,KXMLBGAME-25JUL24BALCLE-BAL,66,34,14,yes
1753383651015,1753383650,KXMLBGAME-25JUL24BALCLE-CLE,35,65,4,yes
1753383653438,1753383653,KXMLBGAME-25JUL24BALCLE-BAL,66,34,230,yes
1753383665913,1753383665,KXMLBGAME-25JUL24BALCLE-CLE,33,67,42,yes
1753383669333,1753383669,KXMLBGAME-25JUL24BALCLE-CLE,33,67,14,yes
1753383671754,1753383671,KXMLBGAME-25JUL24BALCLE-CLE,33,67,144,yes
1753383682974,1753383682,KXMLBGAME-25JUL24TORDET-TOR,46,54,4,yes
1753383683773,1753383683,KXMLBGAME-25JUL24BALCLE-BAL,69,31,28,yes
1753383689895,1753383689,KXMLBGAME-25JUL24ATHHOU-ATH,44,56,54,yes
1753383698854,1753383698,KXMLBGAME-25JUL24BALCLE-BAL,70,30,111,yes
1753383699916,1753383699,KXMLBGAME-25JUL24BALCLE-BAL,69,31,55,no
1753383701933,1753383701,KXMLBGAME-25JUL24BALCLE-BAL,70,30,13,yes
1753383707646,1753383707,KXMLBGAME-25JUL24ATHHOU-ATH,44,56,11,yes
1753383712853,1753383712,KXMLBGAME-25JUL24BALCLE-CLE,31,69,10,yes
1753383719494,1753383719,KXMLBGAME-25JUL24BALCLE-BAL,70,30,13,yes
1753383720635,1753383720,KXMLBGAME-25JUL24BALCLE-BAL,70,30,221,yes
1753383721073,1753383721,KXMLBGAME-25JUL24SEALAA-LAA,58,42,30,yes
1753383722272,1753383722,KXMLBGAME-25JUL24BALCLE-CLE,30,70,5,no
1753383728670,1753383728,KXMLBGAME-25JUL24TORDET-TOR,46,54,203,yes
1753383731497,1753383731,KXMLBGAME-25JUL24BALCLE-BAL,72,28,1,yes
1753383731792,1753383731,KXMLBGAME-25JUL24BALCLE-CLE,29,71,10,yes
1753383741038,1753383740,KXMLBGAME-25JUL24TORDET-TOR,46,54,7,yes
1753383746717,1753383746,KXMLBGAME-25JUL24BALCLE-BAL,71,29,1,no
1753383747532,1753383746,KXMLBGAME-25JUL24BALCLE-CLE,29,71,10,yes
1753383751525,1753383751,KXMLBGAME-25JUL24BALCLE-BAL,72,28,259,yes
1753383751525,1753383751,KXMLBGAME-25JUL24BALCLE-BAL,74,26,96,yes
1753383757838,1753383757,KXMLBGAME-25JUL24BALCLE-CLE,29,71,37,yes
1753383763774,1753383763,KXMLBGAME-25JUL24ATHHOU-HOU,57,43,17,yes
1753383765793,1753383765,KXMLBGAME-25JUL24BALCLE-BAL,71,29,270,yes
1753383771373,1753383771,KXMLBGAME-25JUL24BALCLE-CLE,29,71,16,yes
1753383773134,1753383773,KXMLBGAME-25JUL24BALCLE-CLE,29,71,6,yes
1753383775635,1753383775,KXMLBGAME-25JUL24BALCLE-CLE,28,72,281,no
1753383775635,1753383775,KXMLBGAME-25JUL24BALCLE-CLE,28,72,15,no
1753383775635,1753383775,KXMLBGAME-25JUL24BALCLE-CLE,28,72,160,no
1753383775635,1753383775,KXMLBGAME-25JUL24BALCLE-CLE,27,73,145,no
1753383783333,1753383783,KXMLBGAME-25JUL24BALCLE-CLE,27,73,32,no
1753383784253,1753383784,KXMLBGAME-25JUL24BALCLE-CLE,30,70,17,yes
1753383788076,1753383788,KXMLBGAME-25JUL24SDSTL-STL,59,41,16,yes
1753383793333,1753383793,KXMLBGAME-25JUL24BALCLE-CLE,30,70,63,yes
1753383796592,1753383796,KXMLBGAME-25JUL24BALCLE-CLE,28,72,2,no
1753383796613,1753383796,KXMLBGAME-25JUL24BALCLE-CLE,30,70,83,yes
1753383804652,1753383804,KXMLBGAME-25JUL24BALCLE-BAL,71,29,139,yes
1753383809594,1753383809,KXMLBGAME-25JUL24BALCLE-BAL,71,29,12,yes
1753383810632,1753383810,KXMLBGAME-25JUL24ATHHOU-HOU,57,43,170,yes
1753383816435,1753383816,KXMLBGAME-25JUL24BALCLE-CLE,28,72,16,yes
1753383818812,1753383818,KXMLBGAME-25JUL24BALCLE-BAL,73,27,20,yes
1753383819572,1753383819,KXMLBGAME-25JUL24BALCLE-BAL,73,27,2,yes
1753383831913,1753383831,KXMLBGAME-25JUL24BALCLE-CLE,29,71,59,yes
1753383832015,1753383831,KXMLBGAME-25JUL24ATHHOU-ATH,43,57,102,no
1753383835017,1753383834,KXMLBGAME-25JUL24SEALAA-LAA,58,42,16,yes
1753383836436,1753383836,KXMLBGAME-25JUL24BALCLE-BAL,70,30,1,no
1753383836714,1753383836,KXMLBGAME-25JUL24BALCLE-BAL,71,29,34,yes
1753383837115,1753383836,KXMLBGAME-25JUL24BALCLE-BAL,71,29,266,yes
1753383837115,1753383836,KXMLBGAME-25JUL24BALCLE-BAL,71,29,600,yes
1753383837115,1753383836,KXMLBGAME-25JUL24BALCLE-BAL,72,28,300,yes
1753383837435,1753383837,KXMLBGAME-25JUL24BALCLE-BAL,72,28,434,no
1753383842634,1753383842,KXMLBGAME-25JUL24BALCLE-CLE,30,70,31,yes
1753383846136,1753383845,KXMLBGAME-25JUL24SEALAA-SEA,43,57,223,yes
1753383853174,1753383853,KXMLBGAME-25JUL24BALCLE-BAL,69,31,150,no
1753383853174,1753383853,KXMLBGAME-25JUL24BALCLE-BAL,69,31,150,no
1753383853174,1753383853,KXMLBGAME-25JUL24BALCLE-BAL,69,31,157,no
1753383854993,1753383854,KXMLBGAME-25JUL24SDSTL-SD,42,58,72,yes
1753383863933,1753383863,KXMLBGAME-25JUL24BALCLE-BAL,71,29,9,yes
1753383880393,1753383880,KXMLBGAME-25JUL24BALCLE-BAL,70,30,101,no
1753383887655,1753383887,KXMLBGAME-25JUL24ATHHOU-HOU,57,43,34,yes
1753383891752,1753383891,KXMLBGAME-25JUL24BALCLE-BAL,71,29,118,yes
1753383892954,1753383892,KXMLBGAME-25JUL24BALCLE-CLE,30,70,16,yes
1753383893334,1753383893,KXMLBGAME-25JUL24BALCLE-CLE,30,70,95,yes
1753383898374,1753383898,KXMLBGAME-25JUL24BALCLE-BAL,71,29,138,yes
1753383910134,1753383910,KXMLBGAME-25JUL24BALCLE-CLE,30,70,158,yes
1753383910135,1753383910,KXMLBGAME-25JUL24BALCLE-CLE,31,69,182,yes
1753383911494,1753383911,KXMLBGAME-25JUL24BALCLE-BAL,71,29,345,yes
1753383956975,1753383956,KXMLBGAME-25JUL24BALCLE-CLE,31,69,9,yes
1753383975155,1753383975,KXMLBGAME-25JUL24BALCLE-CLE,31,69,109,yes
1753383975155,1753383975,KXMLBGAME-25JUL24BALCLE-CLE,32,68,200,yes
1753383975155,1753383975,KXMLBGAME-25JUL24BALCLE-CLE,32,68,1,yes
1753383988394,1753383988,KXMLBGAME-25JUL24BALCLE-BAL,70,30,50,yes
1753383988394,1753383988,KXMLBGAME-25JUL24BALCLE-BAL,70,30,89,yes
1753383989672,1753383989,KXMLBGAME-25JUL24BALCLE-CLE,31,69,153,yes
1753383995455,1753383995,KXMLBGAME-25JUL24BALCLE-BAL,70,30,111,yes
1753383995455,1753383995,KXMLBGAME-25JUL24BALCLE-BAL,71,29,300,yes
1753383995455,1753383995,KXMLBGAME-25JUL24BALCLE-BAL,71,29,200,yes
1753383995455,1753383995,KXMLBGAME-25JUL24BALCLE-BAL,72,28,300,yes
1753383995455,1753383995,KXMLBGAME-25JUL24BALCLE-BAL,72,28,300,yes
1753383995455,1753383995,KXMLBGAME-25JUL24BALCLE-BAL,72,28,200,yes
1753383995455,1753383995,KXMLBGAME-25JUL24BALCLE-BAL,72,28,5,yes
1753383995813,1753383995,KXMLBGAME-25JUL24BALCLE-BAL,72,28,1,no
1753383998114,1753383998,KXMLBGAME-25JUL24BALCLE-CLE,28,72,400,no
1753383998135,1753383998,KXMLBGAME-25JUL24BALCLE-CLE,28,72,599,no
1753384001892,1753384001,KXMLBGAME-25JUL24BALCLE-BAL,73,27,600,yes
1753384004972,1753384004,KXMLBGAME-25JUL24BALCLE-CLE,27,73,898,yes
1753384005494,1753384005,KXMLBGAME-25JUL24BALCLE-BAL,74,26,5,yes
1753384008316,1753384008,KXMLBGAME-25JUL24BALCLE-BAL,74,26,159,yes
1753384012393,1753384012,KXMLBGAME-25JUL24BALCLE-BAL,73,27,14,no
1753384016596,1753384016,KXMLBGAME-25JUL24BALCLE-BAL,74,26,1,yes
1753384021975,1753384021,KXMLBGAME-25JUL24BALCLE-CLE,28,72,17,yes
1753384022134,1753384022,KXMLBGAME-25JUL24BALCLE-CLE,28,72,17,yes
1753384026834,1753384026,KXMLBGAME-25JUL24BALCLE-BAL,74,26,13,yes
1753384027852,1753384027,KXMLBGAME-25JUL24TORDET-DET,54,46,162,yes
1753384028313,1753384028,KXMLBGAME-25JUL24BALCLE-BAL,74,26,350,yes
1753384039023,1753384038,KXMLBGAME-25JUL24BALCLE-BAL,74,26,15,yes
1753384043217,1753384043,KXMLBGAME-25JUL24BALCLE-BAL,73,27,750,yes
1753384043217,1753384043,KXMLBGAME-25JUL24BALCLE-BAL,74,26,34,yes
1753384043217,1753384043,KXMLBGAME-25JUL24BALCLE-BAL,75,25,52,yes
1753384059072,1753384059,KXMLBGAME-25JUL24BALCLE-BAL,73,27,26,yes
1753384074614,1753384074,KXMLBGAME-25JUL24BALCLE-BAL,75,25,39,yes
1753384078293,1753384078,KXMLBGAME-25JUL24BALCLE-CLE,26,74,61,no
1753384081093,1753384081,KXMLBGAME-25JUL24BALCLE-CLE,26,74,6,no
1753384081476,1753384081,KXMLBGAME-25JUL24BALCLE-CLE,26,74,9,no
1753384095875,1753384095,KXMLBGAME-25JUL24BALCLE-BAL,75,25,98,yes
1753384099691,1753384099,KXMLBGAME-25JUL24BALCLE-CLE,26,74,10,no
1753384102014,1753384101,KXMLBGAME-25JUL24BALCLE-CLE,27,73,10,yes
1753384103014,1753384102,KXMLBGAME-25JUL24TORDET-DET,54,46,12,yes
1753384103917,1753384103,KXMLBGAME-25JUL24BALCLE-CLE,27,73,176,yes
1753384104133,1753384104,KXMLBGAME-25JUL24BALCLE-BAL,73,27,300,no
1753384104133,1753384104,KXMLBGAME-25JUL24BALCLE-BAL,73,27,4,no
1753384108454,1753384108,KXMLBGAME-25JUL24BALCLE-BAL,73,27,40,yes
1753384109535,1753384109,KXMLBGAME-25JUL24BALCLE-CLE,28,72,17,yes
1753384110215,1753384110,KXMLBGAME-25JUL24SDSTL-SD,42,58,9,yes
1753384111594,1753384111,KXMLBGAME-25JUL24ATHHOU-HOU,57,43,584,yes
1753384115675,1753384115,KXMLBGAME-25JUL24BALCLE-BAL,73,27,30,yes
1753384118254,1753384118,KXMLBGAME-25JUL24BALCLE-BAL,73,27,100,yes
1753384118631,1753384118,KXMLBGAME-25JUL24BALCLE-BAL,72,28,1004,no
1753384121473,1753384121,KXMLBGAME-25JUL24BALCLE-BAL,73,27,40,yes
1753384126395,1753384126,KXMLBGAME-25JUL24BALCLE-CLE,27,73,7,yes
1753384136974,1753384136,KXMLBGAME-25JUL24BALCLE-BAL,73,27,903,yes
1753384136974,1753384136,KXMLBGAME-25JUL24BALCLE-BAL,74,26,279,yes
1753384136974,1753384136,KXMLBGAME-25JUL24BALCLE-BAL,75,25,38,yes
1753384145942,1753384145,KXMLBGAME-25JUL24BALCLE-CLE,27,73,293,yes
1753384145942,1753384145,KXMLBGAME-25JUL24BALCLE-CLE,27,73,57,yes
1753384147412,1753384146,KXMLBGAME-25JUL24BALCLE-CLE,26,74,14,no
1753384147412,1753384146,KXMLBGAME-25JUL24BALCLE-CLE,25,75,16,no
1753384154012,1753384153,KXMLBGAME-25JUL24BALCLE-BAL,72,28,1818,no
1753384155033,1753384154,KXMLBGAME-25JUL24BALCLE-CLE,26,74,10,yes
1753384157875,1753384157,KXMLBGAME-25JUL24BALCLE-BAL,73,27,251,no
1753384180974,1753384180,KXMLBGAME-25JUL24SEALAA-SEA,43,57,55,yes
1753384186735,1753384186,KXMLBGAME-25JUL24BALCLE-CLE,27,73,222,yes
1753384192075,1753384191,KXMLBGAME-25JUL24BALCLE-BAL,72,28,1,no
1753384204833,1753384204,KXMLBGAME-25JUL24BALCLE-CLE,29,71,32,yes
1753384205013,1753384204,KXMLBGAME-25JUL24BALCLE-BAL,72,28,89,yes
1753384205472,1753384205,KXMLBGAME-25JUL24BALCLE-BAL,72,28,40,yes
1753384206315,1753384206,KXMLBGAME-25JUL24BALCLE-CLE,29,71,3,yes
1753384206792,1753384206,KXMLBGAME-25JUL24BALCLE-BAL,72,28,136,yes
1753384206992,1753384206,KXMLBGAME-25JUL24BALCLE-BAL,72,28,68,yes
1753384212174,1753384212,KXMLBGAME-25JUL24BALCLE-CLE,29,71,35,yes
1753384220212,1753384220,KXMLBGAME-25JUL24BALCLE-CLE,28,72,42,no
1753384221454,1753384221,KXMLBGAME-25JUL24BALCLE-BAL,71,29,68,yes
1753384245832,1753384245,KXMLBGAME-25JUL24BALCLE-BAL,71,29,50,yes
1753384245832,1753384245,KXMLBGAME-25JUL24BALCLE-BAL,72,28,59,yes
1753384260235,1753384260,KXMLBGAME-25JUL24BALCLE-BAL,70,30,1,yes
1753384261295,1753384261,KXMLBGAME-25JUL24BALCLE-BAL,70,30,314,yes
1753384271534,1753384271,KXMLBGAME-25JUL24BALCLE-BAL,70,30,10,yes
1753384272238,1753384272,KXMLBGAME-25JUL24BALCLE-BAL,69,31,205,no
1753384272314,1753384272,KXMLBGAME-25JUL24BALCLE-CLE,25,75,91,no
1753384301592,1753384301,KXMLBGAME-25JUL24BALCLE-CLE,28,72,108,no
1753384314494,1753384314,KXMLBGAME-25JUL24BALCLE-CLE,30,70,222,yes
1753384314494,1753384314,KXMLBGAME-25JUL24BALCLE-CLE,31,69,700,yes
1753384314494,1753384314,KXMLBGAME-25JUL24BALCLE-CLE,31,69,8,yes
1753384316292,1753384316,KXMLBGAME-25JUL24BALCLE-BAL,70,30,94,no
1753384324514,1753384324,KXMLBGAME-25JUL24BALCLE-CLE,31,69,300,yes
1753384324514,1753384324,KXMLBGAME-25JUL24BALCLE-CLE,32,68,1,yes
1753384324793,1753384324,KXMLBGAME-25JUL24TORDET-TOR,46,54,4,yes
1753384325294,1753384325,KXMLBGAME-25JUL24TORDET-TOR,46,54,331,yes
1753384346033,1753384345,KXMLBGAME-25JUL24BALCLE-BAL,71,29,600,yes
1753384346033,1753384345,KXMLBGAME-25JUL24BALCLE-BAL,72,28,300,yes
1753384346033,1753384345,KXMLBGAME-25JUL24BALCLE-BAL,72,28,57,yes
1753384349632,1753384349,KXMLBGAME-25JUL24BALCLE-BAL,72,28,40,yes
1753384351514,1753384351,KXMLBGAME-25JUL24BALCLE-BAL,72,28,27,yes
1753384352243,1753384352,KXMLBGAME-25JUL24SDSTL-SD,42,58,4,yes
1753384355134,1753384355,KXMLBGAME-25JUL24BALCLE-CLE,30,70,13,yes
1753384360895,1753384360,KXMLBGAME-25JUL24BALCLE-BAL,71,29,600,yes
1753384360895,1753384360,KXMLBGAME-25JUL24BALCLE-BAL,72,28,470,yes
1753384365195,1753384365,KXMLBGAME-25JUL24BALCLE-CLE,30,70,47,yes
1753384366414,1753384366,KXMLBGAME-25JUL24BALCLE-BAL,71,29,138,yes
1753384368674,1753384368,KXMLBGAME-25JUL24BALCLE-CLE,30,70,47,yes
1753384370794,1753384370,KXMLBGAME-25JUL24ATHHOU-HOU,57,43,4,yes
1753384377196,1753384377,KXMLBGAME-25JUL24BALCLE-CLE,30,70,22,yes
1753384382253,1753384382,KXMLBGAME-25JUL24BALCLE-CLE,30,70,15,yes
1753384385075,1753384384,KXMLBGAME-25JUL24BALCLE-CLE,30,70,156,yes
1753384385075,1753384384,KXMLBGAME-25JUL24BALCLE-CLE,30,70,300,yes
1753384385075,1753384384,KXMLBGAME-25JUL24BALCLE-CLE,31,69,215,yes
1753384391894,1753384391,KXMLBGAME-25JUL24BALCLE-CLE,28,72,158,no
1753384395852,1753384395,KXMLBGAME-25JUL24BALCLE-CLE,30,70,300,yes
1753384395852,1753384395,KXMLBGAME-25JUL24BALCLE-CLE,31,69,2785,yes
1753384395852,1753384395,KXMLBGAME-25JUL24BALCLE-CLE,31,69,300,yes
1753384395852,1753384395,KXMLBGAME-25JUL24BALCLE-CLE,31,69,200,yes
1753384395852,1753384395,KXMLBGAME-25JUL24BALCLE-CLE,31,69,215,yes
1753384395852,1753384395,KXMLBGAME-25JUL24BALCLE-CLE,32,68,173,yes
1753384398315,1753384398,KXMLBGAME-25JUL24BALCLE-BAL,71,29,138,yes
1753384401975,1753384401,KXMLBGAME-25JUL24BALCLE-CLE,29,71,10,no
1753384413373,1753384413,KXMLBGAME-25JUL24BALCLE-BAL,71,29,27,yes
1753384416774,1753384416,KXMLBGAME-25JUL24BALCLE-CLE,31,69,20,yes
1753384425517,1753384425,KXMLBGAME-25JUL24BALCLE-CLE,31,69,1,yes
1753384428155,1753384428,KXMLBGAME-25JUL24BALCLE-CLE,31,69,279,yes
1753384428155,1753384428,KXMLBGAME-25JUL24BALCLE-CLE,31,69,600,yes
1753384428155,1753384428,KXMLBGAME-25JUL24BALCLE-CLE,32,68,127,yes
1753384428155,1753384428,KXMLBGAME-25JUL24BALCLE-CLE,32,68,200,yes
1753384428155,1753384428,KXMLBGAME-25JUL24BALCLE-CLE,32,68,5,yes
1753384428155,1753384428,KXMLBGAME-25JUL24BALCLE-CLE,33,67,298,yes
1753384436494,1753384436,KXMLBGAME-25JUL24BALCLE-BAL,71,29,308,yes
1753384436494,1753384436,KXMLBGAME-25JUL24BALCLE-BAL,71,29,106,yes
1753384440533,1753384440,KXMLBGAME-25JUL24BALCLE-CLE,29,71,1,yes
1753384446534,1753384446,KXMLBGAME-25JUL24SEALAA-SEA,43,57,10,yes
1753384446913,1753384446,KXMLBGAME-25JUL24ATHHOU-HOU,57,43,34,yes
1753384448535,1753384448,KXMLBGAME-25JUL24BALCLE-CLE,29,71,63,yes
1753384449934,1753384449,KXMLBGAME-25JUL24BALCLE-BAL,74,26,1,yes
1753384449934,1753384449,KXMLBGAME-25JUL24BALCLE-BAL,74,26,25,yes
1753384453948,1753384453,KXMLBGAME-25JUL24BALCLE-BAL,74,26,13,yes
1753384455315,1753384455,KXMLBGAME-25JUL24BALCLE-BAL,74,26,13,yes
1753384462954,1753384462,KXMLBGAME-25JUL24BALCLE-CLE,28,72,85,yes
1753384467295,1753384467,KXMLBGAME-25JUL24TORDET-DET,54,46,17,yes
1753384476733,1753384476,KXMLBGAME-25JUL24BALCLE-CLE,28,72,34,yes
1753384495413,1753384495,KXMLBGAME-25JUL24BALCLE-CLE,22,78,170,no
1753384496093,1753384496,KXMLBGAME-25JUL24BALCLE-BAL,71,29,32,no
1753384505314,1753384505,KXMLBGAME-25JUL24BALCLE-CLE,22,78,31,no
1753384511517,1753384511,KXMLBGAME-25JUL24SDSTL-STL,59,41,16,yes
1753384520276,1753384520,KXMLBGAME-25JUL24BALCLE-CLE,26,74,35,yes
1753384522412,1753384522,KXMLBGAME-25JUL24ATHHOU-HOU,57,43,17,yes
1753384524235,1753384524,KXMLBGAME-25JUL24BALCLE-BAL,74,26,268,yes
1753384524235,1753384524,KXMLBGAME-25JUL24BALCLE-BAL,74,26,274,yes
1753384531435,1753384531,KXMLBGAME-25JUL24BALCLE-CLE,26,74,265,yes
1753384531435,1753384531,KXMLBGAME-25JUL24BALCLE-CLE,27,73,97,yes
1753384535715,1753384535,KXMLBGAME-25JUL24BALCLE-CLE,25,75,1,no
1753384536414,1753384536,KXMLBGAME-25JUL24SEALAA-SEA,43,57,11,yes
1753384536774,1753384536,KXMLBGAME-25JUL24SEALAA-SEA,43,57,111,yes
1753384555214,1753384555,KXMLBGAME-25JUL24BALCLE-BAL,74,26,95,yes
1753384584555,1753384584,KXMLBGAME-25JUL24BALCLE-CLE,27,73,35,yes
1753384590235,1753384590,KXMLBGAME-25JUL24BALCLE-BAL,75,25,3,yes
1753384594586,1753384594,KXMLBGAME-25JUL24BALCLE-BAL,74,26,10,yes
1753384601933,1753384601,KXMLBGAME-25JUL24ATHHOU-ATH,44,56,76,yes
1753384603113,1753384603,KXMLBGAME-25JUL24BALCLE-BAL,74,26,1,yes
1753384605255,1753384605,KXMLBGAME-25JUL24BALCLE-CLE,26,74,15,no
1753384605255,1753384605,KXMLBGAME-25JUL24BALCLE-CLE,24,76,14,no
1753384609213,1753384609,KXMLBGAME-25JUL24ATHHOU-HOU,57,43,34,yes
1753384609876,1753384609,KXMLBGAME-25JUL24BALCLE-CLE,28,72,78,yes
1753384619413,1753384619,KXMLBGAME-25JUL24BALCLE-CLE,28,72,10,yes
1753384620212,1753384620,KXMLBGAME-25JUL24BALCLE-BAL,74,26,1,yes
1753384623995,1753384623,KXMLBGAME-25JUL24BALCLE-BAL,73,27,10,no
1753384623995,1753384623,KXMLBGAME-25JUL24BALCLE-BAL,72,28,1,no
1753384626694,1753384626,KXMLBGAME-25JUL24ATHHOU-HOU,57,43,34,yes
1753384627332,1753384627,KXMLBGAME-25JUL24ATHHOU-HOU,57,43,17,yes
1753384629411,1753384629,KXMLBGAME-25JUL24BALCLE-CLE,29,71,14,yes
1753384629754,1753384629,KXMLBGAME-25JUL24BALCLE-BAL,71,29,4,yes
1753384636054,1753384636,KXMLBGAME-25JUL24BALCLE-BAL,70,30,6,no
1753384641233,1753384641,KXMLBGAME-25JUL24TORDET-TOR,46,54,20,yes
1753384641372,1753384641,KXMLBGAME-25JUL24BALCLE-BAL,70,30,15,yes
1753384641712,1753384641,KXMLBGAME-25JUL24BALCLE-CLE,26,74,485,no
1753384651015,1753384650,KXMLBGAME-25JUL24BALCLE-CLE,31,69,9,yes
1753384652833,1753384652,KXMLBGAME-25JUL24BALCLE-CLE,31,69,58,yes
1753384655435,1753384655,KXMLBGAME-25JUL24BALCLE-CLE,31,69,233,yes
1753384655435,1753384655,KXMLBGAME-25JUL24BALCLE-CLE,31,69,10,yes
1753384655435,1753384655,KXMLBGAME-25JUL24BALCLE-CLE,31,69,64,yes
1753384655811,1753384655,KXMLBGAME-25JUL24BALCLE-CLE,31,69,307,yes
1753384657035,1753384656,KXMLBGAME-25JUL24ATHHOU-HOU,57,43,25,yes
1753384658933,1753384658,KXMLBGAME-25JUL24SEALAA-LAA,58,42,16,yes
1753384667273,1753384667,KXMLBGAME-25JUL24BALCLE-CLE,31,69,30,yes
1753384668713,1753384668,KXMLBGAME-25JUL24BALCLE-CLE,25,75,58,no
1753384677376,1753384677,KXMLBGAME-25JUL24BALCLE-BAL,71,29,21,yes
1753384677376,1753384677,KXMLBGAME-25JUL24BALCLE-BAL,72,28,600,yes
1753384677376,1753384677,KXMLBGAME-25JUL24BALCLE-BAL,73,27,5,yes
1753384677376,1753384677,KXMLBGAME-25JUL24BALCLE-BAL,73,27,54,yes
1753384691530,1753384691,KXMLBGAME-25JUL24BALCLE-CLE,29,71,6,yes
1753384696013,1753384695,KXMLBGAME-25JUL24BALCLE-BAL,73,27,134,yes
1753384698174,1753384698,KXMLBGAME-25JUL24BALCLE-CLE,29,71,32,yes
1753384698856,1753384698,KXMLBGAME-25JUL24BALCLE-BAL,73,27,106,yes
1753384706914,1753384706,KXMLBGAME-25JUL24BALCLE-BAL,73,27,6,yes
1753384726133,1753384726,KXMLBGAME-25JUL24BALCLE-BAL,73,27,13,yes
1753384726753,1753384726,KXMLBGAME-25JUL24BALCLE-CLE,28,72,10,yes
1753384729874,1753384729,KXMLBGAME-25JUL24BALCLE-BAL,73,27,26,yes
1753384731092,1753384731,KXMLBGAME-25JUL24BALCLE-BAL,73,27,1,yes
1753384734770,1753384734,KXMLBGAME-25JUL24BALCLE-CLE,28,72,290,yes
1753384734770,1753384734,KXMLBGAME-25JUL24BALCLE-CLE,29,71,382,yes
1753384750113,1753384749,KXMLBGAME-25JUL24BALCLE-CLE,27,73,29,yes
1753384762295,1753384762,KXMLBGAME-25JUL24BALCLE-BAL,73,27,10,yes
1753384765813,1753384765,KXMLBGAME-25JUL24BALCLE-BAL,73,27,67,yes
1753384772714,1753384772,KXMLBGAME-25JUL24BALCLE-CLE,27,73,3,yes
1753384776153,1753384776,KXMLBGAME-25JUL24BALCLE-CLE,27,73,14,yes
1753384776174,1753384776,KXMLBGAME-25JUL24BALCLE-BAL,73,27,100,no
1753384776174,1753384776,KXMLBGAME-25JUL24BALCLE-BAL,73,27,300,no
1753384780634,1753384780,KXMLBGAME-25JUL24BALCLE-CLE,27,73,15,no
1753384781592,1753384781,KXMLBGAME-25JUL24BALCLE-CLE,27,73,7,yes
1753384789212,1753384789,KXMLBGAME-25JUL24BALCLE-BAL,70,30,300,no
1753384789336,1753384789,KXMLBGAME-25JUL24BALCLE-CLE,29,71,218,yes
1753384789336,1753384789,KXMLBGAME-25JUL24BALCLE-CLE,29,71,294,yes
1753384789336,1753384789,KXMLBGAME-25JUL24BALCLE-CLE,30,70,200,yes
1753384810753,1753384810,KXMLBGAME-25JUL24BALCLE-BAL,70,30,143,no
1753384823973,1753384823,KXMLBGAME-25JUL24BALCLE-BAL,72,28,7,no
1753384828472,1753384828,KXMLBGAME-25JUL24BALCLE-BAL,74,26,1,yes
1753384828472,1753384828,KXMLBGAME-25JUL24BALCLE-BAL,74,26,1,yes
1753384828472,1753384828,KXMLBGAME-25JUL24BALCLE-BAL,74,26,45,yes
1753384836958,1753384836,KXMLBGAME-25JUL24BALCLE-CLE,23,77,41,yes
1753384843052,1753384843,KXMLBGAME-25JUL24BALCLE-BAL,77,23,7,no
1753384844654,1753384844,KXMLBGAME-25JUL24BALCLE-CLE,23,77,1,yes
1753384847293,1753384847,KXMLBGAME-25JUL24TORDET-TOR,46,54,52,yes
1753384849863,1753384849,KXMLBGAME-25JUL24BALCLE-CLE,23,77,1,yes
1753384855133,1753384854,KXMLBGAME-25JUL24BALCLE-CLE,23,77,1,yes
1753384858432,1753384858,KXMLBGAME-25JUL24BALCLE-BAL,77,23,293,no
1753384858432,1753384858,KXMLBGAME-25JUL24BALCLE-BAL,77,23,569,no
1753384868811,1753384868,KXMLBGAME-25JUL24BALCLE-CLE,22,78,10,no
1753384868811,1753384868,KXMLBGAME-25JUL24BALCLE-CLE,22,78,491,no
1753384879734,1753384879,KXMLBGAME-25JUL24BALCLE-CLE,25,75,7,yes
1753384885012,1753384884,KXMLBGAME-25JUL24BALCLE-CLE,23,77,374,no
1753384889885,1753384889,KXMLBGAME-25JUL24BALCLE-BAL,76,24,200,no
1753384891334,1753384891,KXMLBGAME-25JUL24BALCLE-CLE,25,75,1,yes
1753384892513,1753384892,KXMLBGAME-25JUL24SEALAA-LAA,58,42,82,yes
1753384893574,1753384893,KXMLBGAME-25JUL24BALCLE-BAL,76,24,72,no
1753384893574,1753384893,KXMLBGAME-25JUL24BALCLE-BAL,76,24,4,no
1753384901554,1753384901,KXMLBGAME-25JUL24BALCLE-BAL,75,25,13,yes
1753384920455,1753384920,KXMLBGAME-25JUL24BALCLE-CLE,26,74,475,yes
1753384924078,1753384923,KXMLBGAME-25JUL24BALCLE-BAL,77,23,5,yes
1753384935153,1753384935,KXMLBGAME-25JUL24BALCLE-CLE,30,70,3,yes
1753384941972,1753384941,KXMLBGAME-25JUL24BALCLE-CLE,28,72,15,yes
1753384942214,1753384942,KXMLBGAME-25JUL24BALCLE-BAL,74,26,600,yes
1753384942214,1753384942,KXMLBGAME-25JUL24BALCLE-BAL,75,25,47,yes
1753384942793,1753384942,KXMLBGAME-25JUL24BALCLE-BAL,75,25,76,yes
1753384957493,1753384957,KXMLBGAME-25JUL24BALCLE-BAL,75,25,104,yes
1753384973940,1753384973,KXMLBGAME-25JUL24BALCLE-CLE,27,73,17,yes
1753384975412,1753384974,KXMLBGAME-25JUL24BALCLE-CLE,26,74,96,no
1753384983893,1753384983,KXMLBGAME-25JUL24BALCLE-BAL,73,27,501,no
1753384995873,1753384995,KXMLBGAME-25JUL24BALCLE-BAL,76,24,32,yes
1753385003712,1753385003,KXMLBGAME-25JUL24BALCLE-BAL,76,24,129,yes
1753385010591,1753385010,KXMLBGAME-25JUL24BALCLE-CLE,26,74,300,yes
1753385010591,1753385010,KXMLBGAME-25JUL24BALCLE-CLE,26,74,316,yes
1753385025173,1753385025,KXMLBGAME-25JUL24SEALAA-LAA,58,42,43,yes
1753385035791,1753385035,KXMLBGAME-25JUL24BALCLE-BAL,76,24,129,yes
1753385043895,1753385043,KXMLBGAME-25JUL24BALCLE-CLE,26,74,300,yes
1753385051493,1753385051,KXMLBGAME-25JUL24BALCLE-BAL,76,24,5,yes
1753385055054,1753385054,KXMLBGAME-25JUL24BALCLE-CLE,25,75,37,no
1753385074734,1753385074,KXMLBGAME-25JUL24BALCLE-BAL,74,26,1,no
1753385081233,1753385081,KXMLBGAME-25JUL24BALCLE-BAL,74,26,66,yes
1753385095632,1753385095,KXMLBGAME-25JUL24BALCLE-CLE,28,72,300,yes
1753385095632,1753385095,KXMLBGAME-25JUL24BALCLE-CLE,29,71,66,yes
1753385096752,1753385096,KXMLBGAME-25JUL24BALCLE-BAL,74,26,2000,yes
1753385098132,1753385098,KXMLBGAME-25JUL24BALCLE-CLE,26,74,2666,no
1753385098132,1753385098,KXMLBGAME-25JUL24BALCLE-CLE,26,74,2666,no
1753385098293,1753385098,KXMLBGAME-25JUL24BALCLE-BAL,75,25,300,yes
1753385098293,1753385098,KXMLBGAME-25JUL24BALCLE-BAL,76,24,74,yes
1753385098693,1753385098,KXMLBGAME-25JUL24BALCLE-CLE,20,80,44,no
1753385098693,1753385098,KXMLBGAME-25JUL24BALCLE-CLE,19,81,600,no
1753385098693,1753385098,KXMLBGAME-25JUL24BALCLE-CLE,19,81,2000,no
1753385098793,1753385098,KXMLBGAME-25JUL24BALCLE-BAL,76,24,100,yes
1753385098793,1753385098,KXMLBGAME-25JUL24BALCLE-BAL,77,23,1,yes
1753385098793,1753385098,KXMLBGAME-25JUL24BALCLE-BAL,77,23,69,yes
1753385103594,1753385103,KXMLBGAME-25JUL24BALCLE-BAL,78,22,4,yes
1753385117697,1753385117,KXMLBGAME-25JUL24BALCLE-CLE,23,77,107,yes
1753385119113,1753385119,KXMLBGAME-25JUL24BALCLE-CLE,22,78,22,yes
1753385128393,1753385128,KXMLBGAME-25JUL24BALCLE-CLE,22,78,200,yes
1753385128511,1753385128,KXMLBGAME-25JUL24BALCLE-BAL,80,20,2000,yes
1753385133693,1753385133,KXMLBGAME-25JUL24BALCLE-CLE,21,79,21,yes
1753385134431,1753385134,KXMLBGAME-25JUL24BALCLE-BAL,83,17,44,yes
1753385146094,1753385146,KXMLBGAME-25JUL24BALCLE-CLE,18,82,42,no
1753385146374,1753385146,KXMLBGAME-25JUL24BALCLE-BAL,83,17,92,yes
1753385149037,1753385148,KXMLBGAME-25JUL24BALCLE-CLE,18,82,158,no
1753385149037,1753385148,KXMLBGAME-25JUL24BALCLE-CLE,17,83,100,no
1753385149037,1753385148,KXMLBGAME-25JUL24BALCLE-CLE,17,83,82,no
1753385150392,1753385150,KXMLBGAME-25JUL24BALCLE-CLE,17,83,200,no
1753385156254,1753385156,KXMLBGAME-25JUL24BALCLE-CLE,20,80,2,yes
1753385168812,1753385168,KXMLBGAME-25JUL24BALCLE-BAL,83,17,9,yes
1753385177613,1753385177,KXMLBGAME-25JUL24SDSTL-STL,59,41,32,yes
1753385193371,1753385193,KXMLBGAME-25JUL24BALCLE-BAL,81,19,1,yes
1753385194275,1753385194,KXMLBGAME-25JUL24BALCLE-CLE,20,80,4,yes
1753385201734,1753385201,KXMLBGAME-25JUL24TORDET-TOR,46,54,4,yes
1753385203414,1753385203,KXMLBGAME-25JUL24BALCLE-BAL,79,21,4,no
1753385203414,1753385203,KXMLBGAME-25JUL24BALCLE-BAL,79,21,25,no
1753385203414,1753385203,KXMLBGAME-25JUL24BALCLE-BAL,79,21,452,no
1753385203414,1753385203,KXMLBGAME-25JUL24BALCLE-CLE,20,80,36,yes
1753385203414,1753385203,KXMLBGAME-25JUL24BALCLE-CLE,25,75,80,yes
1753385203574,1753385203,KXMLBGAME-25JUL24BALCLE-BAL,79,21,2000,no
1753385204032,1753385203,KXMLBGAME-25JUL24BALCLE-BAL,79,21,548,no
1753385208014,1753385207,KXMLBGAME-25JUL24TORDET-TOR,46,54,50,yes
1753385218712,1753385218,KXMLBGAME-25JUL24BALCLE-CLE,23,77,82,no
1753385231773,1753385231,KXMLBGAME-25JUL24BALCLE-CLE,24,76,86,no
1753385234786,1753385234,KXMLBGAME-25JUL24BALCLE-CLE,26,74,35,yes
1753385238353,1753385238,KXMLBGAME-25JUL24BALCLE-BAL,76,24,600,yes
1753385238353,1753385238,KXMLBGAME-25JUL24BALCLE-BAL,76,24,47,yes
1753385252073,1753385252,KXMLBGAME-25JUL24BALCLE-CLE,26,74,19,yes
1753385252073,1753385252,KXMLBGAME-25JUL24BALCLE-CLE,27,73,34,yes
1753385256516,1753385256,KXMLBGAME-25JUL24BALCLE-CLE,27,73,113,yes
1753385258736,1753385258,KXMLBGAME-25JUL24BALCLE-BAL,74,26,2,no
1753385258736,1753385258,KXMLBGAME-25JUL24BALCLE-BAL,74,26,5,no
1753385258736,1753385258,KXMLBGAME-25JUL24BALCLE-BAL,73,27,2,no
1753385275452,1753385275,KXMLBGAME-25JUL24BALCLE-BAL,76,24,1,yes
1753385275833,1753385275,KXMLBGAME-25JUL24BALCLE-BAL,76,24,5,yes
1753385279115,1753385279,KXMLBGAME-25JUL24BALCLE-CLE,27,73,95,yes
1753385284595,1753385284,KXMLBGAME-25JUL24BALCLE-CLE,27,73,10,yes
1753385296153,1753385296,KXMLBGAME-25JUL24TORDET-DET,54,46,10,yes
1753385297132,1753385297,KXMLBGAME-25JUL24ATHHOU-HOU,56,44,91,no
1753385297293,1753385297,KXMLBGAME-25JUL24BALCLE-BAL,76,24,37,yes
1753385318934,1753385318,KXMLBGAME-25JUL24BALCLE-BAL,77,23,115,yes
1753385319354,1753385319,KXMLBGAME-25JUL24BALCLE-CLE,22,78,81,no
1753385332376,1753385332,KXMLBGAME-25JUL24BALCLE-BAL,78,22,2,yes
1753385353671,1753385353,KXMLBGAME-25JUL24BALCLE-BAL,77,23,600,yes
1753385353672,1753385353,KXMLBGAME-25JUL24BALCLE-BAL,77,23,300,yes
1753385357532,1753385356,KXMLBGAME-25JUL24BALCLE-CLE,23,77,1067,yes
1753385358112,1753385357,KXMLBGAME-25JUL24BALCLE-BAL,77,23,542,no
1753385363334,1753385363,KXMLBGAME-25JUL24BALCLE-BAL,79,21,2,yes
1753385363334,1753385363,KXMLBGAME-25JUL24BALCLE-BAL,79,21,4,yes
1753385365932,1753385365,KXMLBGAME-25JUL24BALCLE-CLE,24,76,300,yes
1753385365932,1753385365,KXMLBGAME-25JUL24BALCLE-CLE,25,75,91,yes
1753385368836,1753385368,KXMLBGAME-25JUL24BALCLE-CLE,24,76,76,yes
1753385373854,1753385373,KXMLBGAME-25JUL24BALCLE-CLE,24,76,218,yes
1753385403791,1753385403,KXMLBGAME-25JUL24BALCLE-CLE,24,76,500,yes
1753385405271,1753385405,KXMLBGAME-25JUL24BALCLE-CLE,24,76,51,no
1753385406440,1753385406,KXMLBGAME-25JUL24BALCLE-CLE,24,76,182,no
1753385425794,1753385425,KXMLBGAME-25JUL24TORDET-TOR,46,54,2,yes
1753385433473,1753385433,KXMLBGAME-25JUL24BALCLE-CLE,26,74,3,yes
1753385433473,1753385433,KXMLBGAME-25JUL24BALCLE-CLE,27,73,7,yes
1753385434913,1753385434,KXMLBGAME-25JUL24BALCLE-BAL,74,26,1,no
1753385434913,1753385434,KXMLBGAME-25JUL24BALCLE-BAL,74,26,10,no
1753385434913,1753385434,KXMLBGAME-25JUL24BALCLE-BAL,73,27,14,no
1753385434913,1753385434,KXMLBGAME-25JUL24BALCLE-BAL,73,27,1126,no
1753385435152,1753385435,KXMLBGAME-25JUL24BALCLE-BAL,75,25,11,yes
1753385435513,1753385435,KXMLBGAME-25JUL24BALCLE-BAL,75,25,157,yes
1753385438411,1753385438,KXMLBGAME-25JUL24BALCLE-CLE,24,76,89,no
1753385441976,1753385441,KXMLBGAME-25JUL24BALCLE-CLE,27,73,35,yes
1753385443893,1753385443,KXMLBGAME-25JUL24BALCLE-BAL,75,25,432,yes
1753385443893,1753385443,KXMLBGAME-25JUL24BALCLE-BAL,75,25,68,yes
1753385447053,1753385446,KXMLBGAME-25JUL24BALCLE-CLE,24,76,1844,no
1753385447053,1753385446,KXMLBGAME-25JUL24BALCLE-CLE,24,76,2666,no
1753385447053,1753385446,KXMLBGAME-25JUL24BALCLE-CLE,24,76,300,no
1753385447053,1753385446,KXMLBGAME-25JUL24BALCLE-CLE,24,76,3,no
1753385447053,1753385446,KXMLBGAME-25JUL24BALCLE-CLE,24,76,99,no
1753385447292,1753385447,KXMLBGAME-25JUL24BALCLE-BAL,79,21,2000,yes
1753385447292,1753385447,KXMLBGAME-25JUL24BALCLE-BAL,79,21,600,yes
1753385447292,1753385447,KXMLBGAME-25JUL24BALCLE-BAL,80,20,4,yes
1753385447292,1753385447,KXMLBGAME-25JUL24BALCLE-BAL,80,20,396,yes
1753385448114,1753385448,KXMLBGAME-25JUL24SDSTL-SD,42,58,3,yes
1753385448911,1753385448,KXMLBGAME-25JUL24BALCLE-CLE,21,79,5,no
1753385448933,1753385448,KXMLBGAME-25JUL24BALCLE-BAL,80,20,604,yes
1753385448933,1753385448,KXMLBGAME-25JUL24BALCLE-CLE,22,78,17,yes
1753385450312,1753385450,KXMLBGAME-25JUL24BALCLE-CLE,22,78,474,yes
1753385451134,1753385451,KXMLBGAME-25JUL24BALCLE-CLE,22,78,498,yes
1753385455033,1753385454,KXMLBGAME-25JUL24BALCLE-CLE,14,86,100,no
1753385458730,1753385458,KXMLBGAME-25JUL24BALCLE-BAL,89,11,600,yes
1753385458730,1753385458,KXMLBGAME-25JUL24BALCLE-BAL,90,10,10,yes
1753385458730,1753385458,KXMLBGAME-25JUL24BALCLE-BAL,90,10,334,yes
1753385469695,1753385469,KXMLBGAME-25JUL24BALCLE-CLE,16,84,12,yes
1753385476755,1753385476,KXMLBGAME-25JUL24BALCLE-CLE,8,92,47,no
1753385478797,1753385478,KXMLBGAME-25JUL24BALCLE-CLE,16,84,17,yes
1753385479995,1753385479,KXMLBGAME-25JUL24BALCLE-BAL,83,17,230,no
1753385480174,1753385480,KXMLBGAME-25JUL24BALCLE-BAL,87,13,113,yes
1753385482173,1753385482,KXMLBGAME-25JUL24BALCLE-BAL,87,13,1,yes
1753385484995,1753385484,KXMLBGAME-25JUL24BALCLE-CLE,15,85,12,yes
1753385492452,1753385492,KXMLBGAME-25JUL24BALCLE-BAL,87,13,2,yes
1753385494192,1753385494,KXMLBGAME-25JUL24BALCLE-CLE,15,85,31,yes
1753385494462,1753385494,KXMLBGAME-25JUL24BALCLE-CLE,11,89,32,no
1753385495854,1753385495,KXMLBGAME-25JUL24BALCLE-CLE,15,85,106,yes
1753385497392,1753385497,KXMLBGAME-25JUL24BALCLE-BAL,87,13,45,yes
1753385506675,1753385506,KXMLBGAME-25JUL24BALCLE-CLE,15,85,18,yes
1753385507231,1753385507,KXMLBGAME-25JUL24BALCLE-CLE,12,88,7,no
1753385509334,1753385509,KXMLBGAME-25JUL24BALCLE-CLE,15,85,2,yes
1753385509934,1753385509,KXMLBGAME-25JUL24BALCLE-CLE,15,85,165,yes
1753385509934,1753385509,KXMLBGAME-25JUL24BALCLE-CLE,15,85,149,yes
1753385518317,1753385518,KXMLBGAME-25JUL24BALCLE-CLE,12,88,1517,no
1753385520334,1753385520,KXMLBGAME-25JUL24BALCLE-CLE,15,85,8,yes
1753385523093,1753385523,KXMLBGAME-25JUL24BALCLE-BAL,82,18,13,no
1753385525912,1753385525,KXMLBGAME-25JUL24BALCLE-CLE,15,85,6,yes
1753385526814,1753385526,KXMLBGAME-25JUL24ATHHOU-HOU,57,43,115,yes
1753385526814,1753385526,KXMLBGAME-25JUL24ATHHOU-HOU,57,43,140,yes
1753385529154,1753385529,KXMLBGAME-25JUL24BALCLE-CLE,15,85,6,yes
1753385532554,1753385532,KXMLBGAME-25JUL24BALCLE-BAL,84,16,1,yes
1753385532554,1753385532,KXMLBGAME-25JUL24BALCLE-BAL,86,14,62,yes
1753385543394,1753385543,KXMLBGAME-25JUL24BALCLE-BAL,86,14,1,yes
1753385546093,1753385546,KXMLBGAME-25JUL24BALCLE-CLE,12,88,300,no
1753385546093,1753385546,KXMLBGAME-25JUL24BALCLE-CLE,12,88,700,no
1753385549532,1753385549,KXMLBGAME-25JUL24BALCLE-BAL,82,18,300,no
1753385552311,1753385552,KXMLBGAME-25JUL24BALCLE-CLE,15,85,4,yes
1753385557232,1753385557,KXMLBGAME-25JUL24BALCLE-CLE,12,88,70,no
1753385557232,1753385557,KXMLBGAME-25JUL24BALCLE-CLE,12,88,12,no
1753385557232,1753385557,KXMLBGAME-25JUL24BALCLE-CLE,12,88,1476,no
1753385557232,1753385557,KXMLBGAME-25JUL24BALCLE-CLE,12,88,242,no
1753385578114,1753385578,KXMLBGAME-25JUL24BALCLE-BAL,82,18,16,no
1753385578529,1753385578,KXMLBGAME-25JUL24BALCLE-CLE,14,86,67,yes
1753385579513,1753385579,KXMLBGAME-25JUL24TORDET-TOR,46,54,79,yes
1753385581796,1753385581,KXMLBGAME-25JUL24BALCLE-BAL,83,17,300,no
1753385581796,1753385581,KXMLBGAME-25JUL24BALCLE-BAL,83,17,20,no
1753385586274,1753385586,KXMLBGAME-25JUL24BALCLE-CLE,12,88,29,no
1753385602851,1753385602,KXMLBGAME-25JUL24BALCLE-BAL,86,14,499,yes
1753385602851,1753385602,KXMLBGAME-25JUL24BALCLE-BAL,86,14,23,yes
1753385602851,1753385602,KXMLBGAME-25JUL24BALCLE-BAL,87,13,210,yes
1753385603271,1753385603,KXMLBGAME-25JUL24BALCLE-BAL,87,13,14,yes
1753385603712,1753385603,KXMLBGAME-25JUL24BALCLE-CLE,15,85,6,yes
1753385617494,1753385617,KXMLBGAME-25JUL24BALCLE-CLE,12,88,1217,no
1753385617494,1753385617,KXMLBGAME-25JUL24BALCLE-CLE,12,88,283,no
1753385619094,1753385619,KXMLBGAME-25JUL24BALCLE-BAL,87,13,45,yes
1753385621413,1753385621,KXMLBGAME-25JUL24SEALAA-SEA,43,57,93,yes
1753385625402,1753385625,KXMLBGAME-25JUL24BALCLE-BAL,87,13,28,yes
1753385630773,1753385630,KXMLBGAME-25JUL24BALCLE-CLE,13,87,77,no
1753385630773,1753385630,KXMLBGAME-25JUL24BALCLE-CLE,12,88,1217,no
1753385630774,1753385630,KXMLBGAME-25JUL24BALCLE-CLE,12,88,206,no
1753385635412,1753385635,KXMLBGAME-25JUL24BALCLE-BAL,87,13,600,yes
1753385635412,1753385635,KXMLBGAME-25JUL24BALCLE-BAL,88,12,200,yes
1753385635412,1753385635,KXMLBGAME-25JUL24BALCLE-BAL,88,12,1603,yes
1753385641453,1753385641,KXMLBGAME-25JUL24BALCLE-CLE,15,85,4,yes
1753385641453,1753385641,KXMLBGAME-25JUL24BALCLE-CLE,15,85,58,yes
1753385641673,1753385641,KXMLBGAME-25JUL24BALCLE-BAL,85,15,597,no
1753385642714,1753385642,KXMLBGAME-25JUL24BALCLE-CLE,12,88,18,no
1753385642714,1753385642,KXMLBGAME-25JUL24BALCLE-CLE,12,88,1217,no
1753385642911,1753385642,KXMLBGAME-25JUL24BALCLE-CLE,12,88,1162,yes
1753385643512,1753385642,KXMLBGAME-25JUL24BALCLE-BAL,85,15,104,no
1753385643947,1753385643,KXMLBGAME-25JUL24BALCLE-CLE,12,88,187,yes
1753385644434,1753385644,KXMLBGAME-25JUL24BALCLE-CLE,12,88,16,yes
1753385651432,1753385651,KXMLBGAME-25JUL24TORDET-TOR,46,54,43,yes
1753385652384,1753385651,KXMLBGAME-25JUL24BALCLE-CLE,15,85,300,yes
1753385652384,1753385651,KXMLBGAME-25JUL24BALCLE-CLE,15,85,228,yes
1753385652384,1753385651,KXMLBGAME-25JUL24BALCLE-CLE,15,85,94,yes
1753385656111,1753385655,KXMLBGAME-25JUL24BALCLE-BAL,85,15,52,no
1753385657032,1753385656,KXMLBGAME-25JUL24BALCLE-CLE,13,87,19,no
1753385657032,1753385656,KXMLBGAME-25JUL24BALCLE-CLE,12,88,1581,no
1753385659032,1753385658,KXMLBGAME-25JUL24BALCLE-CLE,15,85,8,yes
1753385659973,1753385659,KXMLBGAME-25JUL24BALCLE-BAL,85,15,131,no
1753385667874,1753385667,KXMLBGAME-25JUL24BALCLE-CLE,15,85,629,yes
1753385672792,1753385672,KXMLBGAME-25JUL24BALCLE-CLE,15,85,12,yes
1753385674711,1753385674,KXMLBGAME-25JUL24BALCLE-CLE,15,85,100,yes
1753385678699,1753385678,KXMLBGAME-25JUL24BALCLE-BAL,86,14,5,yes
1753385679360,1753385679,KXMLBGAME-25JUL24BALCLE-BAL,86,14,45,yes
1753385679360,1753385679,KXMLBGAME-25JUL24BALCLE-BAL,88,12,180,yes
1753385682491,1753385682,KXMLBGAME-25JUL24BALCLE-CLE,15,85,62,yes
1753385689446,1753385689,KXMLBGAME-25JUL24SDSTL-STL,59,41,122,yes
1753385701052,1753385701,KXMLBGAME-25JUL24BALCLE-CLE,17,83,10,yes
1753385704834,1753385704,KXMLBGAME-25JUL24ATHHOU-ATH,44,56,2186,yes
1753385707435,1753385707,KXMLBGAME-25JUL24BALCLE-CLE,17,83,277,yes
1753385716273,1753385716,KXMLBGAME-25JUL24BALCLE-CLE,17,83,11,yes
1753385726694,1753385726,KXMLBGAME-25JUL24BALCLE-CLE,17,83,277,yes
1753385730955,1753385730,KXMLBGAME-25JUL24BALCLE-CLE,17,83,300,yes
1753385730955,1753385730,KXMLBGAME-25JUL24BALCLE-CLE,18,82,198,yes
1753385745634,1753385745,KXMLBGAME-25JUL24BALCLE-CLE,18,82,300,yes
1753385745634,1753385745,KXMLBGAME-25JUL24BALCLE-CLE,18,82,115,yes
1753385747732,1753385747,KXMLBGAME-25JUL24BALCLE-CLE,18,82,85,yes
1753385747732,1753385747,KXMLBGAME-25JUL24BALCLE-CLE,18,82,300,yes
1753385747732,1753385747,KXMLBGAME-25JUL24BALCLE-CLE,18,82,140,yes
1753385748411,1753385748,KXMLBGAME-25JUL24BALCLE-CLE,18,82,105,yes
1753385749413,1753385749,KXMLBGAME-25JUL24BALCLE-BAL,85,15,75,yes
1753385751724,1753385751,KXMLBGAME-25JUL24BALCLE-BAL,85,15,100,yes
1753385754932,1753385754,KXMLBGAME-25JUL24SEALAA-LAA,58,42,25,yes
1753385755413,1753385755,KXMLBGAME-25JUL24BALCLE-BAL,85,15,23,yes
1753385755413,1753385755,KXMLBGAME-25JUL24BALCLE-BAL,85,15,115,yes
1753385755414,1753385755,KXMLBGAME-25JUL24BALCLE-BAL,85,15,94,yes
1753385755433,1753385755,KXMLBGAME-25JUL24BALCLE-CLE,18,82,300,yes
1753385755433,1753385755,KXMLBGAME-25JUL24BALCLE-CLE,19,81,300,yes
1753385755433,1753385755,KXMLBGAME-25JUL24BALCLE-CLE,20,80,344,yes
1753385761113,1753385761,KXMLBGAME-25JUL24BALCLE-BAL,84,16,10,yes
1753385765353,1753385765,KXMLBGAME-25JUL24BALCLE-CLE,18,82,262,yes
1753385770454,1753385770,KXMLBGAME-25JUL24BALCLE-BAL,84,16,16,yes
1753385782372,1753385782,KXMLBGAME-25JUL24BALCLE-BAL,83,17,8,yes
1753385785971,1753385785,KXMLBGAME-25JUL24BALCLE-CLE,18,82,26,yes
1753385786112,1753385786,KXMLBGAME-25JUL24BALCLE-BAL,81,19,10,no
1753385786112,1753385786,KXMLBGAME-25JUL24BALCLE-BAL,81,19,14,no
1753385787391,1753385787,KXMLBGAME-25JUL24BALCLE-CLE,18,82,5,yes
1753385814938,1753385814,KXMLBGAME-25JUL24BALCLE-BAL,83,17,51,yes
1753385814939,1753385814,KXMLBGAME-25JUL24BALCLE-BAL,83,17,19,yes
1753385815715,1753385815,KXMLBGAME-25JUL24BALCLE-CLE,18,82,105,yes
1753385829126,1753385828,KXMLBGAME-25JUL24BALCLE-CLE,19,81,34,yes
1753385829912,1753385829,KXMLBGAME-25JUL24BALCLE-BAL,83,17,420,yes
1753385830471,1753385830,KXMLBGAME-25JUL24BALCLE-BAL,83,17,200,yes
1753385833291,1753385833,KXMLBGAME-25JUL24BALCLE-CLE,12,88,8,no
1753385853271,1753385853,KXMLBGAME-25JUL24BALCLE-BAL,83,17,1,yes
1753385857113,1753385857,KXMLBGAME-25JUL24BALCLE-BAL,83,17,111,yes
1753385857113,1753385857,KXMLBGAME-25JUL24BALCLE-BAL,83,17,8,yes
1753385857793,1753385857,KXMLBGAME-25JUL24BALCLE-CLE,18,82,26,yes
1753385860712,1753385860,KXMLBGAME-25JUL24BALCLE-CLE,18,82,5,yes
1753385862919,1753385862,KXMLBGAME-25JUL24BALCLE-BAL,83,17,17,yes
1753385866037,1753385865,KXMLBGAME-25JUL24BALCLE-BAL,83,17,9,yes
1753385866037,1753385865,KXMLBGAME-25JUL24BALCLE-BAL,85,15,20,yes
1753385866037,1753385865,KXMLBGAME-25JUL24BALCLE-BAL,85,15,64,yes
1753385869618,1753385869,KXMLBGAME-25JUL24BALCLE-CLE,17,83,111,yes
1753385874212,1753385874,KXMLBGAME-25JUL24BALCLE-CLE,17,83,189,yes
1753385874212,1753385874,KXMLBGAME-25JUL24BALCLE-CLE,18,82,64,yes
1753385874212,1753385874,KXMLBGAME-25JUL24BALCLE-CLE,19,81,166,yes
1753385874212,1753385874,KXMLBGAME-25JUL24BALCLE-CLE,19,81,102,yes
1753385874513,1753385874,KXMLBGAME-25JUL24BALCLE-BAL,85,15,1,yes
1753385877577,1753385877,KXMLBGAME-25JUL24BALCLE-CLE,18,82,49,yes
1753385893492,1753385893,KXMLBGAME-25JUL24BALCLE-BAL,81,19,4,no
1753385899832,1753385899,KXMLBGAME-25JUL24BALCLE-BAL,81,19,54,no
1753385907471,1753385907,KXMLBGAME-25JUL24BALCLE-CLE,13,87,35,no
1753385911473,1753385911,KXMLBGAME-25JUL24BALCLE-CLE,18,82,52,yes
1753385912333,1753385912,KXMLBGAME-25JUL24BALCLE-BAL,83,17,165,yes
1753385912333,1753385912,KXMLBGAME-25JUL24BALCLE-BAL,83,17,102,yes
1753385912333,1753385912,KXMLBGAME-25JUL24BALCLE-BAL,85,15,5,yes
1753385912333,1753385912,KXMLBGAME-25JUL24BALCLE-BAL,86,14,172,yes
1753385920594,1753385920,KXMLBGAME-25JUL24BALCLE-BAL,86,14,172,yes
1753385934012,1753385933,KXMLBGAME-25JUL24BALCLE-BAL,87,13,113,yes
1753385945713,1753385945,KXMLBGAME-25JUL24BALCLE-BAL,86,14,10,yes
1753385946213,1753385946,KXMLBGAME-25JUL24BALCLE-BAL,86,14,57,yes
1753385961733,1753385961,KXMLBGAME-25JUL24BALCLE-CLE,14,86,36,no
1753385964532,1753385964,KXMLBGAME-25JUL24BALCLE-BAL,85,15,570,yes
1753385969826,1753385969,KXMLBGAME-25JUL24BALCLE-CLE,18,82,103,yes
1753385975715,1753385975,KXMLBGAME-25JUL24BALCLE-CLE,15,85,45,no
1753385975715,1753385975,KXMLBGAME-25JUL24BALCLE-CLE,14,86,273,no
1753385981951,1753385981,KXMLBGAME-25JUL24TORDET-DET,54,46,844,yes
1753385981951,1753385981,KXMLBGAME-25JUL24TORDET-DET,54,46,316,yes
1753385981951,1753385981,KXMLBGAME-25JUL24TORDET-DET,55,45,622,yes
1753385983713,1753385983,KXMLBGAME-25JUL24BALCLE-CLE,17,83,55,yes
1753385985005,1753385984,KXMLBGAME-25JUL24BALCLE-CLE,17,83,55,yes
1753385990432,1753385990,KXMLBGAME-25JUL24BALCLE-BAL,84,16,235,yes
1753385994412,1753385994,KXMLBGAME-25JUL24BALCLE-BAL,79,21,500,no
1753385994412,1753385994,KXMLBGAME-25JUL24BALCLE-BAL,79,21,58,no
1753385997970,1753385997,KXMLBGAME-25JUL24BALCLE-CLE,17,83,1,yes
1753386001413,1753386001,KXMLBGAME-25JUL24BALCLE-CLE,17,83,61,yes
1753386001413,1753386001,KXMLBGAME-25JUL24BALCLE-CLE,17,83,50,yes
1753386013253,1753386013,KXMLBGAME-25JUL24BALCLE-CLE,17,83,27,yes
1753386013916,1753386013,KXMLBGAME-25JUL24BALCLE-BAL,81,19,39,no
1753386015174,1753386015,KXMLBGAME-25JUL24BALCLE-BAL,84,16,9,yes
1753386015353,1753386015,KXMLBGAME-25JUL24BALCLE-CLE,17,83,5,yes
1753386018472,1753386018,KXMLBGAME-25JUL24BALCLE-BAL,81,19,19,no
1753386022658,1753386022,KXMLBGAME-25JUL24BALCLE-CLE,17,83,100,yes
1753386022658,1753386022,KXMLBGAME-25JUL24BALCLE-CLE,17,83,10,yes
1753386022658,1753386022,KXMLBGAME-25JUL24BALCLE-CLE,17,83,158,yes
1753386030792,1753386030,KXMLBGAME-25JUL24BALCLE-BAL,84,16,5,yes
1753386038114,1753386038,KXMLBGAME-25JUL24BALCLE-CLE,17,83,55,yes
1753386043713,1753386043,KXMLBGAME-25JUL24SEALAA-LAA,58,42,50,yes
1753386051812,1753386051,KXMLBGAME-25JUL24ATHHOU-HOU,57,43,42,yes
1753386051812,1753386051,KXMLBGAME-25JUL24ATHHOU-HOU,57,43,298,yes
1753386057415,1753386057,KXMLBGAME-25JUL24BALCLE-CLE,17,83,61,yes
1753386065713,1753386065,KXMLBGAME-25JUL24BALCLE-CLE,17,83,1,yes
1753386067134,1753386067,KXMLBGAME-25JUL24BALCLE-BAL,84,16,184,yes
1753386068517,1753386068,KXMLBGAME-25JUL24BALCLE-BAL,84,16,1,no
1753386068734,1753386068,KXMLBGAME-25JUL24BALCLE-CLE,17,83,4,yes
1753386068734,1753386068,KXMLBGAME-25JUL24BALCLE-CLE,18,82,4,yes
1753386068873,1753386068,KXMLBGAME-25JUL24ATHHOU-HOU,57,43,102,yes
1753386070892,1753386070,KXMLBGAME-25JUL24BALCLE-CLE,16,84,35,no
1753386083813,1753386083,KXMLBGAME-25JUL24TORDET-TOR,46,54,1,yes
1753386085513,1753386085,KXMLBGAME-25JUL24BALCLE-CLE,18,82,105,yes
1753386088156,1753386088,KXMLBGAME-25JUL24BALCLE-BAL,85,15,7,yes
1753386091855,1753386091,KXMLBGAME-25JUL24BALCLE-BAL,84,16,15,no
1753386094133,1753386094,KXMLBGAME-25JUL24ATHHOU-HOU,57,43,100,yes
1753386094133,1753386094,KXMLBGAME-25JUL24ATHHOU-HOU,57,43,66,yes
1753386101272,1753386101,KXMLBGAME-25JUL24BALCLE-BAL,85,15,1,yes
1753386108393,1753386108,KXMLBGAME-25JUL24SDSTL-SD,42,58,11,yes
1753386113033,1753386112,KXMLBGAME-25JUL24TORDET-TOR,46,54,20,yes
1753386114393,1753386114,KXMLBGAME-25JUL24BALCLE-BAL,85,15,58,yes
1753386130903,1753386130,KXMLBGAME-25JUL24BALCLE-BAL,85,15,213,yes
1753386130903,1753386130,KXMLBGAME-25JUL24BALCLE-BAL,86,14,19,yes
1753386133012,1753386132,KXMLBGAME-25JUL24BALCLE-BAL,84,16,300,no
1753386136093,1753386136,KXMLBGAME-25JUL24BALCLE-BAL,84,16,35,yes
1753386137313,1753386137,KXMLBGAME-25JUL24BALCLE-BAL,84,16,465,yes
1753386137313,1753386137,KXMLBGAME-25JUL24BALCLE-BAL,85,15,110,yes
1753386138072,1753386137,KXMLBGAME-25JUL24BALCLE-BAL,82,18,24,no
1753386149452,1753386149,KXMLBGAME-25JUL24BALCLE-CLE,17,83,27,yes
1753386164232,1753386163,KXMLBGAME-25JUL24BALCLE-CLE,16,84,25,no
1753386166133,1753386165,KXMLBGAME-25JUL24BALCLE-BAL,85,15,300,yes
1753386175814,1753386175,KXMLBGAME-25JUL24BALCLE-BAL,82,18,12,no
1753386179034,1753386178,KXMLBGAME-25JUL24BALCLE-CLE,15,85,6,yes
1753386187332,1753386187,KXMLBGAME-25JUL24BALCLE-CLE,16,84,5,yes
1753386192734,1753386192,KXMLBGAME-25JUL24BALCLE-BAL,86,14,23,yes
1753386195073,1753386195,KXMLBGAME-25JUL24BALCLE-BAL,85,15,34,yes
1753386196391,1753386196,KXMLBGAME-25JUL24BALCLE-BAL,85,15,15,yes
1753386207251,1753386207,KXMLBGAME-25JUL24BALCLE-CLE,16,84,14,yes
1753386207251,1753386207,KXMLBGAME-25JUL24BALCLE-CLE,16,84,23,yes
1753386207251,1753386207,KXMLBGAME-25JUL24BALCLE-CLE,19,81,13,yes
1753386208953,1753386208,KXMLBGAME-25JUL24BALCLE-BAL,85,15,160,yes
1753386209794,1753386209,KXMLBGAME-25JUL24BALCLE-BAL,85,15,13,yes
1753386212293,1753386212,KXMLBGAME-25JUL24BALCLE-BAL,85,15,12,no
1753386215313,1753386215,KXMLBGAME-25JUL24BALCLE-BAL,86,14,1,yes
1753386216953,1753386216,KXMLBGAME-25JUL24BALCLE-CLE,18,82,2,yes
1753386220133,1753386220,KXMLBGAME-25JUL24BALCLE-CLE,18,82,3,yes
1753386220133,1753386220,KXMLBGAME-25JUL24BALCLE-CLE,19,81,22,yes
1753386221013,1753386220,KXMLBGAME-25JUL24BALCLE-BAL,86,14,115,yes
1753386221972,1753386221,KXMLBGAME-25JUL24BALCLE-BAL,86,14,75,yes
1753386223512,1753386223,KXMLBGAME-25JUL24SDSTL-SD,42,58,4,yes
1753386225494,1753386225,KXMLBGAME-25JUL24BALCLE-BAL,85,15,22,yes
1753386225494,1753386225,KXMLBGAME-25JUL24BALCLE-BAL,86,14,109,yes
1753386225494,1753386225,KXMLBGAME-25JUL24BALCLE-BAL,87,13,300,yes
1753386225494,1753386225,KXMLBGAME-25JUL24BALCLE-BAL,87,13,200,yes
1753386225494,1753386225,KXMLBGAME-25JUL24BALCLE-BAL,87,13,600,yes
1753386225494,1753386225,KXMLBGAME-25JUL24BALCLE-BAL,87,13,5,yes
1753386225552,1753386225,KXMLBGAME-25JUL24BALCLE-BAL,87,13,200,no
1753386225913,1753386225,KXMLBGAME-25JUL24BALCLE-BAL,87,13,64,no
1753386225914,1753386225,KXMLBGAME-25JUL24BALCLE-BAL,80,20,50,no
1753386225914,1753386225,KXMLBGAME-25JUL24BALCLE-BAL,80,20,288,no
1753386228654,1753386228,KXMLBGAME-25JUL24BALCLE-BAL,89,11,10,yes
1753386228654,1753386228,KXMLBGAME-25JUL24BALCLE-BAL,89,11,300,yes
1753386228654,1753386228,KXMLBGAME-25JUL24BALCLE-BAL,89,11,600,yes
1753386228654,1753386228,KXMLBGAME-25JUL24BALCLE-BAL,89,11,300,yes
1753386228654,1753386228,KXMLBGAME-25JUL24BALCLE-BAL,89,11,200,yes
1753386228654,1753386228,KXMLBGAME-25JUL24BALCLE-BAL,90,10,300,yes
1753386228654,1753386228,KXMLBGAME-25JUL24BALCLE-BAL,90,10,200,yes
1753386228654,1753386228,KXMLBGAME-25JUL24BALCLE-BAL,90,10,5,yes
1753386228654,1753386228,KXMLBGAME-25JUL24BALCLE-BAL,91,9,10,yes
1753386228872,1753386228,KXMLBGAME-25JUL24BALCLE-BAL,91,9,75,no
1753386236274,1753386236,KXMLBGAME-25JUL24BALCLE-BAL,92,8,10,yes
1753386237294,1753386237,KXMLBGAME-25JUL24BALCLE-CLE,12,88,7,yes
1753386241354,1753386241,KXMLBGAME-25JUL24BALCLE-CLE,12,88,784,yes
1753386243229,1753386243,KXMLBGAME-25JUL24BALCLE-BAL,88,12,1,no
1753386243229,1753386243,KXMLBGAME-25JUL24ATHHOU-ATH,44,56,21,yes
1753386250895,1753386250,KXMLBGAME-25JUL24BALCLE-BAL,92,8,521,yes
1753386255233,1753386255,KXMLBGAME-25JUL24BALCLE-CLE,8,92,325,no
1753386256373,1753386256,KXMLBGAME-25JUL24BALCLE-BAL,88,12,270,no
1753386256852,1753386256,KXMLBGAME-25JUL24BALCLE-CLE,11,89,109,yes
1753386256852,1753386256,KXMLBGAME-25JUL24BALCLE-CLE,11,89,746,yes
1753386259774,1753386259,KXMLBGAME-25JUL24BALCLE-CLE,11,89,54,yes
1753386259774,1753386259,KXMLBGAME-25JUL24BALCLE-CLE,12,88,28,yes
1753386262974,1753386262,KXMLBGAME-25JUL24BALCLE-BAL,90,10,28,yes
1753386262974,1753386262,KXMLBGAME-25JUL24BALCLE-BAL,91,9,463,yes
1753386269312,1753386269,KXMLBGAME-25JUL24TORDET-DET,54,46,3,yes
1753386270114,1753386269,KXMLBGAME-25JUL24BALCLE-BAL,91,9,1037,yes
1753386270114,1753386269,KXMLBGAME-25JUL24BALCLE-BAL,91,9,79,yes
1753386270114,1753386269,KXMLBGAME-25JUL24BALCLE-BAL,91,9,300,yes
1753386270114,1753386269,KXMLBGAME-25JUL24BALCLE-BAL,91,9,200,yes
1753386274913,1753386274,KXMLBGAME-25JUL24BALCLE-BAL,92,8,1,yes
1753386283630,1753386283,KXMLBGAME-25JUL24BALCLE-BAL,90,10,300,yes
1753386287074,1753386286,KXMLBGAME-25JUL24BALCLE-CLE,9,91,104,yes
1753386288173,1753386288,KXMLBGAME-25JUL24BALCLE-CLE,9,91,125,yes
1753386288553,1753386288,KXMLBGAME-25JUL24BALCLE-BAL,91,9,40,no
1753386288990,1753386288,KXMLBGAME-25JUL24BALCLE-CLE,9,91,1044,yes
1753386291392,1753386291,KXMLBGAME-25JUL24BALCLE-BAL,91,9,10,no
1753386292295,1753386292,KXMLBGAME-25JUL24BALCLE-CLE,8,92,9,no
1753386292295,1753386292,KXMLBGAME-25JUL24BALCLE-CLE,7,93,322,no
1753386293952,1753386293,KXMLBGAME-25JUL24BALCLE-BAL,92,8,108,yes
1753386296313,1753386296,KXMLBGAME-25JUL24BALCLE-BAL,92,8,63,yes
1753386296552,1753386296,KXMLBGAME-25JUL24BALCLE-BAL,91,9,213,no
1753386299252,1753386299,KXMLBGAME-25JUL24BALCLE-BAL,91,9,40,no
1753386299289,1753386299,KXMLBGAME-25JUL24BALCLE-BAL,92,8,1,yes
1753386300915,1753386300,KXMLBGAME-25JUL24BALCLE-CLE,8,92,20,yes
1753386301233,1753386301,KXMLBGAME-25JUL24BALCLE-CLE,8,92,59,yes
1753386301233,1753386301,KXMLBGAME-25JUL24BALCLE-CLE,9,91,488,yes
1753386301233,1753386301,KXMLBGAME-25JUL24BALCLE-CLE,9,91,200,yes
1753386304595,1753386304,KXMLBGAME-25JUL24BALCLE-BAL,92,8,96,yes
1753386304595,1753386304,KXMLBGAME-25JUL24BALCLE-BAL,94,6,62,yes
1753386305492,1753386305,KXMLBGAME-25JUL24BALCLE-BAL,91,9,14,no
1753386307212,1753386307,KXMLBGAME-25JUL24BALCLE-BAL,94,6,1,yes
1753386307452,1753386307,KXMLBGAME-25JUL24BALCLE-BAL,94,6,105,yes
1753386308813,1753386308,KXMLBGAME-25JUL24BALCLE-BAL,94,6,94,yes
1753386308813,1753386308,KXMLBGAME-25JUL24BALCLE-BAL,94,6,18,yes
1753386315513,1753386315,KXMLBGAME-25JUL24BALCLE-BAL,93,7,42,yes
1753386316154,1753386316,KXMLBGAME-25JUL24TORDET-TOR,46,54,52,yes
1753386317201,1753386317,KXMLBGAME-25JUL24BALCLE-CLE,9,91,400,no
1753386321153,1753386321,KXMLBGAME-25JUL24BALCLE-BAL,93,7,214,yes
1753386323712,1753386323,KXMLBGAME-25JUL24BALCLE-CLE,10,90,4,yes
1753386332594,1753386332,KXMLBGAME-25JUL24BALCLE-BAL,93,7,44,yes
1753386332594,1753386332,KXMLBGAME-25JUL24BALCLE-BAL,93,7,200,yes
1753386332652,1753386332,KXMLBGAME-25JUL24BALCLE-CLE,9,91,256,no
1753386332652,1753386332,KXMLBGAME-25JUL24BALCLE-BAL,93,7,256,no
1753386332672,1753386332,KXMLBGAME-25JUL24BALCLE-CLE,9,91,1111,no
1753386332672,1753386332,KXMLBGAME-25JUL24BALCLE-CLE,9,91,76,no
1753386333372,1753386333,KXMLBGAME-25JUL24BALCLE-BAL,93,7,107,yes
1753386335572,1753386335,KXMLBGAME-25JUL24TORDET-TOR,46,54,155,yes
1753386338851,1753386338,KXMLBGAME-25JUL24BALCLE-BAL,94,6,250,yes
1753386339493,1753386339,KXMLBGAME-25JUL24BALCLE-CLE,9,91,52,yes
1753386339810,1753386339,KXMLBGAME-25JUL24BALCLE-CLE,6,94,114,no
1753386340591,1753386340,KXMLBGAME-25JUL24BALCLE-CLE,6,94,1573,no
1753386350173,1753386350,KXMLBGAME-25JUL24BALCLE-BAL,95,5,1,yes
1753386350834,1753386350,KXMLBGAME-25JUL24BALCLE-BAL,95,5,11,yes
1753386350834,1753386350,KXMLBGAME-25JUL24BALCLE-BAL,95,5,93,yes
1753386352898,1753386352,KXMLBGAME-25JUL24BALCLE-BAL,95,5,107,yes
1753386352898,1753386352,KXMLBGAME-25JUL24BALCLE-BAL,95,5,266,yes
1753386353093,1753386352,KXMLBGAME-25JUL24BALCLE-CLE,5,95,2000,no
1753386353093,1753386352,KXMLBGAME-25JUL24BALCLE-CLE,5,95,300,no
1753386353093,1753386352,KXMLBGAME-25JUL24BALCLE-CLE,5,95,400,no
1753386357134,1753386357,KXMLBGAME-25JUL24BALCLE-BAL,94,6,500,no
1753386357134,1753386357,KXMLBGAME-25JUL24BALCLE-BAL,93,7,500,no
1753386357134,1753386357,KXMLBGAME-25JUL24BALCLE-BAL,93,7,500,no
1753386357134,1753386357,KXMLBGAME-25JUL24BALCLE-BAL,92,8,876,no
1753386364131,1753386363,KXMLBGAME-25JUL24BALCLE-BAL,95,5,100,no
1753386365312,1753386365,KXMLBGAME-25JUL24BALCLE-BAL,97,3,11,yes
1753386366144,1753386365,KXMLBGAME-25JUL24BALCLE-BAL,94,6,145,no
1753386366515,1753386366,KXMLBGAME-25JUL24BALCLE-CLE,5,95,93,yes
1753386367831,1753386367,KXMLBGAME-25JUL24BALCLE-CLE,2,98,300,no
1753386367831,1753386367,KXMLBGAME-25JUL24BALCLE-CLE,2,98,11,no
1753386367831,1753386367,KXMLBGAME-25JUL24BALCLE-CLE,2,98,214,no
1753386368815,1753386368,KXMLBGAME-25JUL24ATHHOU-ATH,44,56,41,yes
1753386368815,1753386368,KXMLBGAME-25JUL24BALCLE-BAL,94,6,5,no
1753386368815,1753386368,KXMLBGAME-25JUL24BALCLE-BAL,94,6,26,no
1753386369011,1753386368,KXMLBGAME-25JUL24BALCLE-CLE,5,95,1,yes
1753386369035,1753386368,KXMLBGAME-25JUL24BALCLE-BAL,97,3,4,yes
1753386373032,1753386372,KXMLBGAME-25JUL24BALCLE-BAL,96,4,1,yes
1753386377027,1753386376,KXMLBGAME-25JUL24BALCLE-BAL,96,4,9,yes
1753386377332,1753386377,KXMLBGAME-25JUL24BALCLE-CLE,3,97,37,no
1753386377332,1753386377,KXMLBGAME-25JUL24BALCLE-CLE,2,98,73,no
1753386378772,1753386378,KXMLBGAME-25JUL24BALCLE-CLE,5,95,5,yes
1753386378772,1753386378,KXMLBGAME-25JUL24BALCLE-CLE,5,95,4,yes
1753386388474,1753386388,KXMLBGAME-25JUL24BALCLE-CLE,5,95,18,yes
1753386388972,1753386388,KXMLBGAME-25JUL24ATHHOU-HOU,57,43,27,yes
1753386388972,1753386388,KXMLBGAME-25JUL24ATHHOU-HOU,57,43,18,yes
1753386389614,1753386389,KXMLBGAME-25JUL24BALCLE-CLE,3,97,83,no
1753386389614,1753386389,KXMLBGAME-25JUL24BALCLE-CLE,3,97,5,no
1753386389614,1753386389,KXMLBGAME-25JUL24BALCLE-CLE,2,98,80,no
1753386394687,1753386394,KXMLBGAME-25JUL24BALCLE-CLE,3,97,5,no
1753386402917,1753386402,KXMLBGAME-25JUL24BALCLE-BAL,94,6,5,no
1753386402917,1753386402,KXMLBGAME-25JUL24BALCLE-BAL,93,7,18,no
1753386404372,1753386404,KXMLBGAME-25JUL24BALCLE-CLE,5,95,5,yes
1753386406273,1753386406,KXMLBGAME-25JUL24BALCLE-BAL,96,4,866,yes
1753386406274,1753386406,KXMLBGAME-25JUL24BALCLE-BAL,96,4,100,yes
1753386406274,1753386406,KXMLBGAME-25JUL24BALCLE-BAL,97,3,7,yes
1753386406274,1753386406,KXMLBGAME-25JUL24BALCLE-BAL,97,3,10,yes
1753386406274,1753386406,KXMLBGAME-25JUL24BALCLE-BAL,98,2,300,yes
1753386406274,1753386406,KXMLBGAME-25JUL24BALCLE-BAL,98,2,91,yes
1753386406274,1753386406,KXMLBGAME-25JUL24BALCLE-BAL,98,2,800,yes
1753386406274,1753386406,KXMLBGAME-25JUL24BALCLE-BAL,98,2,300,yes
1753386406274,1753386406,KXMLBGAME-25JUL24BALCLE-BAL,99,1,1000,yes
1753386406274,1753386406,KXMLBGAME-25JUL24BALCLE-BAL,99,1,100,yes
1753386406274,1753386406,KXMLBGAME-25JUL24BALCLE-BAL,99,1,716,yes
1753386406274,1753386406,KXMLBGAME-25JUL24BALCLE-BAL,99,1,500,yes
1753386406334,1753386406,KXMLBGAME-25JUL24BALCLE-BAL,99,1,60,no
1753386406334,1753386406,KXMLBGAME-25JUL24BALCLE-CLE,2,98,60,no
1753386406334,1753386406,KXMLBGAME-25JUL24BALCLE-CLE,1,99,1000,no
1753386406334,1753386406,KXMLBGAME-25JUL24BALCLE-CLE,1,99,100,no
1753386406334,1753386406,KXMLBGAME-25JUL24BALCLE-CLE,1,99,10,no
1753386407252,1753386407,KXMLBGAME-25JUL24BALCLE-BAL,99,1,392,no
1753386407321,1753386407,KXMLBGAME-25JUL24BALCLE-BAL,99,1,392,no
1753386407321,1753386407,KXMLBGAME-25JUL24BALCLE-BAL,99,1,392,no
1753386407375,1753386407,KXMLBGAME-25JUL24BALCLE-BAL,99,1,392,no
1753386407408,1753386407,KXMLBGAME-25JUL24BALCLE-BAL,99,1,392,no
1753386409554,1753386409,KXMLBGAME-25JUL24BALCLE-BAL,99,1,61,no
1753386411807,1753386411,KXMLBGAME-25JUL24BALCLE-CLE,1,99,187,yes
1753386412232,1753386412,KXMLBGAME-25JUL24BALCLE-CLE,1,99,10,yes
1753386413113,1753386413,KXMLBGAME-25JUL24BALCLE-CLE,1,99,467,yes
1753386413394,1753386413,KXMLBGAME-25JUL24BALCLE-BAL,99,1,49,no
1753386413961,1753386413,KXMLBGAME-25JUL24BALCLE-BAL,99,1,1025,no
1753386415372,1753386415,KXMLBGAME-25JUL24BALCLE-BAL,99,1,836,no
1753386418332,1753386418,KXMLBGAME-25JUL24BALCLE-CLE,1,99,10,yes
1753386418772,1753386418,KXMLBGAME-25JUL24BALCLE-BAL,99,1,35,no
1753386422949,1753386422,KXMLBGAME-25JUL24BALCLE-BAL,99,1,126,no
1753386423833,1753386423,KXMLBGAME-25JUL24BALCLE-CLE,1,99,50,yes
1753386424332,1753386424,KXMLBGAME-25JUL24BALCLE-BAL,99,1,922,no
1753386424552,1753386424,KXMLBGAME-25JUL24BALCLE-CLE,1,99,10,yes
1753386425813,1753386425,KXMLBGAME-25JUL24BALCLE-BAL,99,1,86,no
1753386426652,1753386426,KXMLBGAME-25JUL24BALCLE-CLE,1,99,93,yes
1753386426932,1753386426,KXMLBGAME-25JUL24BALCLE-BAL,99,1,136,no
1753386429371,1753386429,KXMLBGAME-25JUL24BALCLE-CLE,1,99,1402,yes
1753386430291,1753386430,KXMLBGAME-25JUL24BALCLE-CLE,1,99,10,yes
1753386431232,1753386431,KXMLBGAME-25JUL24BALCLE-BAL,99,1,214,no
1753386434735,1753386434,KXMLBGAME-25JUL24BALCLE-BAL,99,1,67,no
1753386435533,1753386435,KXMLBGAME-25JUL24BALCLE-BAL,99,1,423,no
1753386436191,1753386436,KXMLBGAME-25JUL24BALCLE-BAL,99,1,1210,no
1753386436191,1753386436,KXMLBGAME-25JUL24BALCLE-BAL,99,1,53,no
1753386436212,1753386436,KXMLBGAME-25JUL24BALCLE-CLE,1,99,10,yes
1753386437273,1753386437,KXMLBGAME-25JUL24TORDET-DET,54,46,14,yes
1753386437273,1753386437,KXMLBGAME-25JUL24TORDET-DET,55,45,47,yes
1753386438275,1753386438,KXMLBGAME-25JUL24TORDET-TOR,46,54,57,yes
1753386438275,1753386438,KXMLBGAME-25JUL24TORDET-TOR,46,54,5,yes
1753386442430,1753386442,KXMLBGAME-25JUL24BALCLE-BAL,99,1,10,no
1753386442791,1753386442,KXMLBGAME-25JUL24BALCLE-BAL,99,1,12,no
1753386444291,1753386444,KXMLBGAME-25JUL24BALCLE-BAL,99,1,135,no
1753386447052,1753386446,KXMLBGAME-25JUL24BALCLE-BAL,99,1,745,no
1753386447154,1753386447,KXMLBGAME-25JUL24BALCLE-BAL,99,1,11,no
1753386448314,1753386448,KXMLBGAME-25JUL24BALCLE-BAL,99,1,10,no
1753386451513,1753386451,KXMLBGAME-25JUL24SEALAA-SEA,43,57,111,yes
1753386454012,1753386453,KXMLBGAME-25JUL24BALCLE-BAL,99,1,10,no
1753386457171,1753386457,KXMLBGAME-25JUL24BALCLE-BAL,99,1,35,no
1753386457231,1753386457,KXMLBGAME-25JUL24BALCLE-BAL,99,1,978,no
1753386459893,1753386459,KXMLBGAME-25JUL24BALCLE-BAL,99,1,10,no
1753386465972,1753386465,KXMLBGAME-25JUL24BALCLE-BAL,99,1,10,no
1753386467532,1753386467,KXMLBGAME-25JUL24BALCLE-BAL,99,1,649,no
1753386469932,1753386469,KXMLBGAME-25JUL24TORDET-TOR,46,54,10,yes
1753386470951,1753386470,KXMLBGAME-25JUL24BALCLE-BAL,99,1,51,no
1753386482032,1753386481,KXMLBGAME-25JUL24BALCLE-BAL,99,1,154,no
1753386485932,1753386485,KXMLBGAME-25JUL24BALCLE-BAL,99,1,116,no
1753386504733,1753386504,KXMLBGAME-25JUL24SDSTL-SD,42,58,114,yes
1753386512752,1753386512,KXMLBGAME-25JUL24BALCLE-BAL,99,1,18,no
1753386513294,1753386513,KXMLBGAME-25JUL24TORDET-DET,54,46,90,yes
1753386513294,1753386513,KXMLBGAME-25JUL24TORDET-DET,55,45,17,yes
1753386513712,1753386513,KXMLBGAME-25JUL24SEALAA-SEA,43,57,22,yes
1753386514511,1753386514,KXMLBGAME-25JUL24SDSTL-SD,42,58,228,yes
1753386515312,1753386515,KXMLBGAME-25JUL24SDSTL-SD,42,58,231,yes
1753386517134,1753386517,KXMLBGAME-25JUL24BALCLE-BAL,99,1,414,no
1753386521092,1753386520,KXMLBGAME-25JUL24BALCLE-BAL,99,1,34,no
1753386524712,1753386524,KXMLBGAME-25JUL24ATHHOU-HOU,57,43,5,yes
1753386543750,1753386543,KXMLBGAME-25JUL24TORDET-DET,55,45,35,yes
1753386548473,1753386548,KXMLBGAME-25JUL24SDSTL-SD,42,58,9,yes
1753386554195,1753386554,KXMLBGAME-25JUL24TORDET-TOR,46,54,20,yes
1753386554952,1753386554,KXMLBGAME-25JUL24TORDET-DET,55,45,8,yes
1753386573092,1753386573,KXMLBGAME-25JUL24SEALAA-SEA,43,57,22,yes
1753386573989,1753386573,KXMLBGAME-25JUL24TORDET-TOR,46,54,2,yes
1753386575673,1753386575,KXMLBGAME-25JUL24TORDET-TOR,46,54,839,yes
1753386579416,1753386578,KXMLBGAME-25JUL24BALCLE-BAL,99,1,607,no
1753386581614,1753386581,KXMLBGAME-25JUL24TORDET-DET,55,45,176,yes
1753386591033,1753386590,KXMLBGAME-25JUL24BALCLE-BAL,99,1,5747,no
1753386598570,1753386598,KXMLBGAME-25JUL24BALCLE-BAL,99,1,142,no
1753386617434,1753386617,KXMLBGAME-25JUL24SEALAA-SEA,43,57,111,yes
1753386628571,1753386628,KXMLBGAME-25JUL24TORDET-DET,55,45,17,yes
1753386639632,1753386639,KXMLBGAME-25JUL24TORDET-TOR,46,54,63,yes
1753386649371,1753386649,KXMLBGAME-25JUL24ATHHOU-ATH,44,56,21,yes
1753386654432,1753386654,KXMLBGAME-25JUL24ATHHOU-HOU,57,43,1703,yes
1753386659832,1753386659,KXMLBGAME-25JUL24ATHHOU-HOU,57,43,25,yes
1753386672092,1753386671,KXMLBGAME-25JUL24BALCLE-BAL,99,1,23,no
1753386674430,1753386674,KXMLBGAME-25JUL24ATHHOU-HOU,57,43,34,yes
1753386679014,1753386678,KXMLBGAME-25JUL24SDSTL-STL,59,41,16,yes
1753386685012,1753386684,KXMLBGAME-25JUL24BALCLE-BAL,99,1,823,no
1753386687632,1753386687,KXMLBGAME-25JUL24TORDET-DET,54,46,35,yes
1753386688033,1753386687,KXMLBGAME-25JUL24TORDET-TOR,46,54,21,yes
1753386693974,1753386693,KXMLBGAME-25JUL24SDSTL-SD,42,58,774,yes
1753386698871,1753386698,KXMLBGAME-25JUL24SDSTL-SD,42,58,22,yes
1753386700951,1753386700,KXMLBGAME-25JUL24BALCLE-BAL,99,1,68,no
1753386715150,1753386715,KXMLBGAME-25JUL24BALCLE-BAL,99,1,7,no
1753386717090,1753386716,KXMLBGAME-25JUL24BALCLE-BAL,99,1,99,no
1753386746497,1753386746,KXMLBGAME-25JUL24ATHHOU-HOU,57,43,102,yes
1753386746793,1753386746,KXMLBGAME-25JUL24SEALAA-SEA,43,57,67,yes
1753386754636,1753386754,KXMLBGAME-25JUL24TORDET-TOR,46,54,300,yes
1753386756876,1753386756,KXMLBGAME-25JUL24SEALAA-SEA,43,57,22,yes
1753386758412,1753386758,KXMLBGAME-25JUL24SDSTL-STL,59,41,99,yes
1753386762211,1753386762,KXMLBGAME-25JUL24TORDET-TOR,46,54,52,yes
1753386772254,1753386772,KXMLBGAME-25JUL24SDSTL-STL,59,41,8,yes
1753386774771,1753386774,KXMLBGAME-25JUL24ATHHOU-HOU,57,43,51,yes
1753386803411,1753386803,KXMLBGAME-25JUL24BALCLE-BAL,99,1,35,no
1753386803654,1753386803,KXMLBGAME-25JUL24SEALAA-LAA,58,42,16,yes
1753386810861,1753386810,KXMLBGAME-25JUL24BALCLE-BAL,99,1,133,no
1753386813149,1753386813,KXMLBGAME-25JUL24TORDET-TOR,46,54,10,yes
1753386826274,1753386826,KXMLBGAME-25JUL24SDSTL-STL,59,41,8,yes
1753386832636,1753386832,KXMLBGAME-25JUL24TORDET-TOR,46,54,242,yes
1753386836653,1753386836,KXMLBGAME-25JUL24ATHHOU-HOU,57,43,8,yes
1753386838596,1753386838,KXMLBGAME-25JUL24TORDET-TOR,46,54,20,yes
1753386843433,1753386843,KXMLBGAME-25JUL24SEALAA-SEA,43,57,22,yes
1753386849241,1753386849,KXMLBGAME-25JUL24SEALAA-LAA,58,42,8,yes
1753386850932,1753386850,KXMLBGAME-25JUL24BALCLE-BAL,99,1,100,no
1753386853612,1753386852,KXMLBGAME-25JUL24BALCLE-BAL,99,1,11,no
1753386861325,1753386861,KXMLBGAME-25JUL24SDSTL-SD,42,58,199,yes
1753386861325,1753386861,KXMLBGAME-25JUL24SDSTL-SD,42,58,501,yes
1753386861412,1753386861,KXMLBGAME-25JUL24SEALAA-LAA,58,42,50,yes
1753386882753,1753386882,KXMLBGAME-25JUL24TORDET-TOR,46,54,314,yes
1753386896858,1753386896,KXMLBGAME-25JUL24TORDET-DET,54,46,6,yes
1753386898894,1753386898,KXMLBGAME-25JUL24TORDET-TOR,46,54,20,yes
1753386901952,1753386901,KXMLBGAME-25JUL24ATHHOU-HOU,57,43,42,yes
1753386911034,1753386910,KXMLBGAME-25JUL24ATHHOU-HOU,57,43,17,yes
1753386912423,1753386912,KXMLBGAME-25JUL24ATHHOU-ATH,44,56,21,yes
1753386916109,1753386915,KXMLBGAME-25JUL24TORDET-TOR,46,54,10,yes
1753386923275,1753386923,KXMLBGAME-25JUL24SDSTL-SD,42,58,4,yes
1753386927292,1753386927,KXMLBGAME-25JUL24ATHHOU-ATH,44,56,43,yes
1753386930114,1753386930,KXMLBGAME-25JUL24ATHHOU-ATH,44,56,142,yes
1753386938119,1753386937,KXMLBGAME-25JUL24ATHHOU-HOU,57,43,170,yes
1753386943245,1753386943,KXMLBGAME-25JUL24TORDET-DET,54,46,44,yes
1753386944551,1753386944,KXMLBGAME-25JUL24TORDET-DET,54,46,44,yes
1753386947375,1753386947,KXMLBGAME-25JUL24ATHHOU-ATH,44,56,32,yes
1753386947931,1753386947,KXMLBGAME-25JUL24TORDET-TOR,46,54,72,yes
1753386964831,1753386964,KXMLBGAME-25JUL24TORDET-TOR,47,53,141,yes
1753386964831,1753386964,KXMLBGAME-25JUL24TORDET-TOR,47,53,1000,yes
1753386964832,1753386964,KXMLBGAME-25JUL24TORDET-TOR,47,53,10,yes
1753386964832,1753386964,KXMLBGAME-25JUL24TORDET-TOR,47,53,900,yes
1753386994934,1753386994,KXMLBGAME-25JUL24SDSTL-SD,42,58,57,yes
1753387021275,1753387021,KXMLBGAME-25JUL24ATHHOU-HOU,57,43,85,yes
1753387023220,1753387023,KXMLBGAME-25JUL24ATHHOU-HOU,57,43,50,yes
1753387039315,1753387039,KXMLBGAME-25JUL24SDSTL-STL,59,41,329,yes
1753387044008,1753387043,KXMLBGAME-25JUL24ATHHOU-HOU,57,43,153,yes
1753387059361,1753387059,KXMLBGAME-25JUL24SEALAA-SEA,43,57,447,yes
1753387064433,1753387064,KXMLBGAME-25JUL24TORDET-TOR,47,53,102,yes
1753387071539,1753387071,KXMLBGAME-25JUL24ATHHOU-HOU,57,43,170,yes
1753387074829,1753387074,KXMLBGAME-25JUL24SEALAA-SEA,43,57,67,yes
1753387086112,1753387085,KXMLBGAME-25JUL24SEALAA-LAA,58,42,167,yes
1753387101352,1753387101,KXMLBGAME-25JUL24SEALAA-SEA,43,57,67,yes
1753387114793,1753387114,KXMLBGAME-25JUL24TORDET-DET,55,45,176,yes
1753387124794,1753387124,KXMLBGAME-25JUL24SEALAA-LAA,58,42,13,yes
1753387161554,1753387161,KXMLBGAME-25JUL24ATHHOU-HOU,57,43,8,yes
1753387180500,1753387180,KXMLBGAME-25JUL24SEALAA-SEA,43,57,122,yes
1753387182692,1753387182,KXMLBGAME-25JUL24SDSTL-STL,59,41,8,yes
1753387190512,1753387190,KXMLBGAME-25JUL24SEALAA-LAA,57,43,41,no
1753387207912,1753387207,KXMLBGAME-25JUL24TORDET-DET,55,45,88,yes
1753387251615,1753387251,KXMLBGAME-25JUL24TORDET-TOR,47,53,16,yes
1753387251615,1753387251,KXMLBGAME-25JUL24TORDET-TOR,47,53,622,yes
1753387251615,1753387251,KXMLBGAME-25JUL24TORDET-TOR,47,53,47,yes
1753387251615,1753387251,KXMLBGAME-25JUL24TORDET-TOR,47,53,17,yes
1753387251615,1753387251,KXMLBGAME-25JUL24TORDET-TOR,47,53,35,yes
1753387251615,1753387251,KXMLBGAME-25JUL24TORDET-TOR,47,53,8,yes
1753387251615,1753387251,KXMLBGAME-25JUL24TORDET-TOR,47,53,176,yes
1753387251615,1753387251,KXMLBGAME-25JUL24TORDET-TOR,47,53,17,yes
1753387251615,1753387251,KXMLBGAME-25JUL24TORDET-TOR,47,53,30,yes
1753387251615,1753387251,KXMLBGAME-25JUL24TORDET-TOR,47,53,1083,yes
1753387291407,1753387291,KXMLBGAME-25JUL24TORDET-DET,54,46,12,yes
1753387291592,1753387291,KXMLBGAME-25JUL24SEALAA-LAA,58,42,1,yes
1753387294474,1753387294,KXMLBGAME-25JUL24TORDET-TOR,47,53,123,yes
1753387318151,1753387318,KXMLBGAME-25JUL24ATHHOU-HOU,57,43,42,yes
1753387324311,1753387324,KXMLBGAME-25JUL24ATHHOU-HOU,56,44,44,no
1753387338000,1753387337,KXMLBGAME-25JUL24SEALAA-SEA,42,58,2,no
1753387345065,1753387344,KXMLBGAME-25JUL24ATHHOU-HOU,57,43,42,yes
1753387356432,1753387356,KXMLBGAME-25JUL24TORDET-DET,54,46,26,yes
1753387361275,1753387361,KXMLBGAME-25JUL24ATHHOU-HOU,57,43,51,yes
1753387364871,1753387364,KXMLBGAME-25JUL24ATHHOU-HOU,57,43,111,yes
1753387364871,1753387364,KXMLBGAME-25JUL24ATHHOU-HOU,57,43,59,yes
1753387379276,1753387379,KXMLBGAME-25JUL24TORDET-TOR,47,53,3,yes
1753387396472,1753387396,KXMLBGAME-25JUL24TORDET-DET,54,46,9,yes
1753387398715,1753387398,KXMLBGAME-25JUL24ATHHOU-HOU,57,43,52,yes
1753387432694,1753387432,KXMLBGAME-25JUL24TORDET-TOR,47,53,50,yes
1753387432695,1753387432,KXMLBGAME-25JUL24TORDET-TOR,47,53,50,yes
1753387450334,1753387450,KXMLBGAME-25JUL24TORDET-TOR,47,53,410,yes
1753387460214,1753387460,KXMLBGAME-25JUL24SDSTL-SD,42,58,324,yes
1753387461033,1753387460,KXMLBGAME-25JUL24ATHHOU-HOU,58,42,6,yes
1753387467434,1753387467,KXMLBGAME-25JUL24ATHHOU-HOU,58,42,16,yes
1753387475826,1753387475,KXMLBGAME-25JUL24TORDET-TOR,47,53,540,yes
1753387475826,1753387475,KXMLBGAME-25JUL24TORDET-TOR,47,53,55,yes
1753387492390,1753387492,KXMLBGAME-25JUL24TORDET-TOR,47,53,360,yes
1753387505774,1753387505,KXMLBGAME-25JUL24SEALAA-SEA,43,57,68,yes
1753387509418,1753387509,KXMLBGAME-25JUL24SEALAA-SEA,43,57,22,yes
1753387514672,1753387514,KXMLBGAME-25JUL24SDSTL-SD,42,58,1,yes
1753387534273,1753387534,KXMLBGAME-25JUL24ATHHOU-ATH,44,56,21,yes
1753387597859,1753387597,KXMLBGAME-25JUL24TORDET-TOR,47,53,20,yes
1753387622217,1753387622,KXMLBGAME-25JUL24SDSTL-SD,42,58,269,yes
1753387637215,1753387637,KXMLBGAME-25JUL24SEALAA-SEA,43,57,11,yes
1753387638492,1753387638,KXMLBGAME-25JUL24ATHHOU-HOU,57,43,24,yes
1753387673358,1753387673,KXMLBGAME-25JUL24TORDET-DET,54,46,34,yes
1753387711531,1753387711,KXMLBGAME-25JUL24TORDET-DET,54,46,31,yes
1753387742654,1753387742,KXMLBGAME-25JUL24TORDET-DET,54,46,2,yes
1753387771814,1753387771,KXMLBGAME-25JUL24SDSTL-STL,59,41,329,yes
1753387780835,1753387780,KXMLBGAME-25JUL24SEALAA-SEA,43,57,12,yes
1753387782893,1753387782,KXMLBGAME-25JUL24SDSTL-STL,59,41,109,yes
1753387784352,1753387784,KXMLBGAME-25JUL24ATHHOU-HOU,57,43,17,yes
1753387785214,1753387785,KXMLBGAME-25JUL24TORDET-DET,54,46,88,yes
1753387792117,1753387792,KXMLBGAME-25JUL24ATHHOU-ATH,44,56,113,yes
1753387838513,1753387838,KXMLBGAME-25JUL24SDSTL-SD,42,58,34,yes
1753387851631,1753387851,KXMLBGAME-25JUL24TORDET-DET,54,46,132,yes
1753387857993,1753387857,KXMLBGAME-25JUL24SDSTL-SD,42,58,114,yes
1753387929466,1753387929,KXMLBGAME-25JUL24ATHHOU-HOU,57,43,51,yes
1753387950493,1753387950,KXMLBGAME-25JUL24SEALAA-SEA,43,57,38,yes
1753387975892,1753387975,KXMLBGAME-25JUL24TORDET-TOR,46,54,209,yes
1753387981752,1753387981,KXMLBGAME-25JUL24ATHHOU-HOU,57,43,51,no
1753387993033,1753387992,KXMLBGAME-25JUL24TORDET-TOR,45,55,89,no
1753387993033,1753387992,KXMLBGAME-25JUL24TORDET-TOR,45,55,87,no
1753387995113,1753387995,KXMLBGAME-25JUL24TORDET-DET,55,45,5,yes
1753388023233,1753388022,KXMLBGAME-25JUL24SEALAA-LAA,58,42,33,yes
1753388025471,1753388025,KXMLBGAME-25JUL24ATHHOU-HOU,58,42,16,yes
1753388026673,1753388026,KXMLBGAME-25JUL24ATHHOU-HOU,57,43,5,no
1753388033403,1753388033,KXMLBGAME-25JUL24SDSTL-SD,41,59,165,no
1753388042333,1753388042,KXMLBGAME-25JUL24SEALAA-SEA,43,57,68,yes
1753388042333,1753388042,KXMLBGAME-25JUL24SEALAA-SEA,43,57,16,yes
1753388042333,1753388042,KXMLBGAME-25JUL24SEALAA-SEA,43,57,1,yes
1753388042333,1753388042,KXMLBGAME-25JUL24SEALAA-SEA,43,57,50,yes
1753388042333,1753388042,KXMLBGAME-25JUL24SEALAA-SEA,43,57,88,yes
1753388045282,1753388045,KXMLBGAME-25JUL24ATHHOU-HOU,57,43,223,no
1753388058172,1753388058,KXMLBGAME-25JUL24TORDET-TOR,46,54,20,yes
1753388061047,1753388060,KXMLBGAME-25JUL24SEALAA-SEA,43,57,10,yes
1753388079756,1753388079,KXMLBGAME-25JUL24SEALAA-SEA,43,57,22,yes
1753388086471,1753388086,KXMLBGAME-25JUL24SEALAA-SEA,42,58,100,no
1753388086793,1753388086,KXMLBGAME-25JUL24ATHHOU-ATH,43,57,150,no
1753388119093,1753388119,KXMLBGAME-25JUL24SDSTL-SD,42,58,250,yes
1753388186014,1753388185,KXMLBGAME-25JUL24TORDET-TOR,46,54,8,yes
1753388190133,1753388190,KXMLBGAME-25JUL24TORDET-DET,55,45,109,yes
1753388215877,1753388215,KXMLBGAME-25JUL24SEALAA-LAA,58,42,38,yes
1753388217010,1753388216,KXMLBGAME-25JUL24ATHHOU-HOU,58,42,16,yes
1753388292850,1753388292,KXMLBGAME-25JUL24TORDET-TOR,46,54,20,yes
1753388361188,1753388361,KXMLBGAME-25JUL24TORDET-TOR,46,54,20,yes
1753388389712,1753388389,KXMLBGAME-25JUL24ATHHOU-ATH,43,57,22,yes
1753388392855,1753388392,KXMLBGAME-25JUL24SDSTL-SD,42,58,22,yes
1753388416412,1753388416,KXMLBGAME-25JUL24TORDET-DET,55,45,72,yes
1753388431431,1753388431,KXMLBGAME-25JUL24SDSTL-SD,42,58,11,yes
1753388466615,1753388466,KXMLBGAME-25JUL24SDSTL-SD,42,58,16,yes
1753388470694,1753388470,KXMLBGAME-25JUL24TORDET-TOR,46,54,10,yes
1753388475262,1753388475,KXMLBGAME-25JUL24ATHHOU-ATH,43,57,22,yes
1753388488369,1753388488,KXMLBGAME-25JUL24SDSTL-SD,42,58,112,yes
1753388501374,1753388501,KXMLBGAME-25JUL24ATHHOU-ATH,42,58,43,no
1753388517835,1753388517,KXMLBGAME-25JUL24SEALAA-SEA,42,58,22,yes
1753388524414,1753388524,KXMLBGAME-25JUL24SDSTL-SD,42,58,16,yes
1753388544382,1753388544,KXMLBGAME-25JUL24ATHHOU-ATH,43,57,22,yes
1753388560152,1753388560,KXMLBGAME-25JUL24TORDET-TOR,46,54,6,yes
1753388603373,1753388603,KXMLBGAME-25JUL24TORDET-DET,55,45,128,yes
1753388660054,1753388659,KXMLBGAME-25JUL24ATHHOU-HOU,58,42,418,yes
1753388689316,1753388689,KXMLBGAME-25JUL24TORDET-TOR,46,54,44,yes
1753388697814,1753388697,KXMLBGAME-25JUL24TORDET-TOR,46,54,1,yes
1753388776312,1753388776,KXMLBGAME-25JUL24TORDET-TOR,46,54,209,yes
1753388787374,1753388787,KXMLBGAME-25JUL24SDSTL-SD,42,58,228,yes
1753388812365,1753388812,KXMLBGAME-25JUL24SEALAA-SEA,42,58,10,yes
1753388829073,1753388829,KXMLBGAME-25JUL24ATHHOU-HOU,58,42,41,yes
1753388869452,1753388869,KXMLBGAME-25JUL24TORDET-DET,55,45,35,yes
1753388870733,1753388870,KXMLBGAME-25JUL24TORDET-DET,55,45,1037,yes
1753388884872,1753388884,KXMLBGAME-25JUL24SDSTL-SD,42,58,457,yes
1753388896516,1753388896,KXMLBGAME-25JUL24TORDET-TOR,46,54,4,yes
1753388900426,1753388900,KXMLBGAME-25JUL24TORDET-TOR,46,54,16,yes
1753388926054,1753388926,KXMLBGAME-25JUL24TORDET-TOR,46,54,87,yes
1753388938151,1753388938,KXMLBGAME-25JUL24ATHHOU-HOU,58,42,25,yes
1753388938151,1753388938,KXMLBGAME-25JUL24ATHHOU-HOU,58,42,142,yes
1753388956372,1753388956,KXMLBGAME-25JUL24SDSTL-SD,42,58,114,yes
1753389074953,1753389074,KXMLBGAME-25JUL24TORDET-DET,55,45,109,yes
1753389076149,1753389076,KXMLBGAME-25JUL24TORDET-TOR,46,54,104,yes
1753389100413,1753389100,KXMLBGAME-25JUL24TORDET-TOR,46,54,41,yes
1753389114113,1753389114,KXMLBGAME-25JUL24TORDET-DET,55,45,31,yes
1753389118832,1753389118,KXMLBGAME-25JUL24TORDET-DET,55,45,61,yes
1753389119011,1753389118,KXMLBGAME-25JUL24SDSTL-SD,42,58,45,yes
1753389121813,1753389121,KXMLBGAME-25JUL24TORDET-DET,55,45,418,yes
1753389121813,1753389121,KXMLBGAME-25JUL24TORDET-DET,55,45,3000,yes
1753389121813,1753389121,KXMLBGAME-25JUL24TORDET-DET,55,45,2912,yes
1753389121813,1753389121,KXMLBGAME-25JUL24TORDET-DET,55,45,2000,yes
1753389121813,1753389121,KXMLBGAME-25JUL24TORDET-DET,55,45,3501,yes
1753389135075,1753389135,KXMLBGAME-25JUL24ATHHOU-HOU,58,42,33,yes
1753389137454,1753389137,KXMLBGAME-25JUL24SEALAA-LAA,58,42,879,yes
1753389137454,1753389137,KXMLBGAME-25JUL24SEALAA-LAA,58,42,800,yes
1753389146232,1753389146,KXMLBGAME-25JUL24SEALAA-LAA,59,41,1,yes
1753389148815,1753389148,KXMLBGAME-25JUL24SEALAA-SEA,42,58,38,yes
1753389148815,1753389148,KXMLBGAME-25JUL24SEALAA-SEA,42,58,7,yes
1753389153335,1753389153,KXMLBGAME-25JUL24TORDET-DET,56,44,86,yes
1753389155254,1753389155,KXMLBGAME-25JUL24TORDET-TOR,46,54,39,yes
1753389157251,1753389157,KXMLBGAME-25JUL24SDSTL-STL,59,41,8,yes
1753389162174,1753389162,KXMLBGAME-25JUL24TORDET-TOR,46,54,107,yes
1753389173514,1753389173,KXMLBGAME-25JUL24TORDET-DET,56,44,29,yes
1753389189616,1753389189,KXMLBGAME-25JUL24ATHHOU-ATH,43,57,29,yes
1753389197774,1753389197,KXMLBGAME-25JUL24TORDET-TOR,46,54,20,yes
1753389214333,1753389214,KXMLBGAME-25JUL24ATHHOU-ATH,43,57,1,yes
1753389233633,1753389233,KXMLBGAME-25JUL24TORDET-DET,55,45,1003,no
1753389266753,1753389266,KXMLBGAME-25JUL24SEALAA-LAA,59,41,8,yes
1753389276453,1753389276,KXMLBGAME-25JUL24ATHHOU-HOU,58,42,1674,yes
1753389282077,1753389281,KXMLBGAME-25JUL24TORDET-TOR,46,54,10,yes
1753389288794,1753389288,KXMLBGAME-25JUL24ATHHOU-HOU,58,42,4,yes
1753389296737,1753389296,KXMLBGAME-25JUL24SEALAA-LAA,59,41,37,yes
1753389319315,1753389319,KXMLBGAME-25JUL24ATHHOU-HOU,58,42,16,yes
1753389323495,1753389323,KXMLBGAME-25JUL24TORDET-DET,56,44,822,yes
1753389341157,1753389341,KXMLBGAME-25JUL24ATHHOU-HOU,58,42,33,yes
1753389352209,1753389352,KXMLBGAME-25JUL24SDSTL-STL,59,41,164,yes
1753389353954,1753389353,KXMLBGAME-25JUL24TORDET-DET,55,45,1,no
1753389360309,1753389360,KXMLBGAME-25JUL24TORDET-DET,56,44,25,yes
1753389406034,1753389405,KXMLBGAME-25JUL24ATHHOU-ATH,42,58,128,yes
1753389424333,1753389424,KXMLBGAME-25JUL24TORDET-TOR,46,54,11,yes
1753389472576,1753389472,KXMLBGAME-25JUL24ATHHOU-ATH,42,58,16,yes
1753389526537,1753389526,KXMLBGAME-25JUL24SDSTL-STL,59,41,16,yes
1753389531816,1753389531,KXMLBGAME-25JUL24TORDET-DET,56,44,1,yes
1753389611187,1753389611,KXMLBGAME-25JUL24TORDET-DET,56,44,25,yes
1753389628532,1753389628,KXMLBGAME-25JUL24TORDET-TOR,46,54,31,yes
1753389638212,1753389638,KXMLBGAME-25JUL24TORDET-TOR,46,54,209,yes
1753389654558,1753389654,KXMLBGAME-25JUL24TORDET-DET,55,45,500,no
1753389677958,1753389677,KXMLBGAME-25JUL24SEALAA-LAA,59,41,108,yes
1753389677958,1753389677,KXMLBGAME-25JUL24SEALAA-LAA,59,41,22,yes
1753389677958,1753389677,KXMLBGAME-25JUL24SEALAA-LAA,59,41,25,yes
1753389677958,1753389677,KXMLBGAME-25JUL24SEALAA-LAA,59,41,92,yes
1753389685472,1753389685,KXMLBGAME-25JUL24TORDET-DET,56,44,12,yes
1753389685472,1753389685,KXMLBGAME-25JUL24TORDET-DET,56,44,135,yes
1753389689675,1753389689,KXMLBGAME-25JUL24ATHHOU-HOU,58,42,251,yes
1753389758996,1753389758,KXMLBGAME-25JUL24ATHHOU-HOU,58,42,180,yes
1753389758996,1753389758,KXMLBGAME-25JUL24ATHHOU-HOU,58,42,842,yes
1753389758996,1753389758,KXMLBGAME-25JUL24ATHHOU-HOU,58,42,2000,yes
1753389758996,1753389758,KXMLBGAME-25JUL24ATHHOU-HOU,59,41,1254,yes
1753389780256,1753389780,KXMLBGAME-25JUL24TORDET-DET,56,44,3,yes
1753389783226,1753389783,KXMLBGAME-25JUL24SDSTL-SD,42,58,343,yes
1753389842213,1753389842,KXMLBGAME-25JUL24SDSTL-SD,42,58,57,yes
1753389843438,1753389843,KXMLBGAME-25JUL24SEALAA-SEA,42,58,57,yes
1753389864472,1753389864,KXMLBGAME-25JUL24TORDET-TOR,46,54,47,yes
1753389868219,1753389868,KXMLBGAME-25JUL24SDSTL-SD,42,58,57,yes
1753389875634,1753389875,KXMLBGAME-25JUL24TORDET-DET,56,44,10,yes
1753389884398,1753389884,KXMLBGAME-25JUL24ATHHOU-HOU,59,41,32,yes
1753389905872,1753389905,KXMLBGAME-25JUL24SDSTL-STL,59,41,32,yes
1753389946772,1753389946,KXMLBGAME-25JUL24SDSTL-SD,42,58,572,yes
1753389979635,1753389979,KXMLBGAME-25JUL24TORDET-TOR,46,54,21,yes
1753389988334,1753389988,KXMLBGAME-25JUL24TORDET-DET,56,44,17,yes
1753390148372,1753390148,KXMLBGAME-25JUL24TORDET-TOR,46,54,125,yes
1753390175074,1753390175,KXMLBGAME-25JUL24TORDET-TOR,46,54,6,yes
1753390224977,1753390224,KXMLBGAME-25JUL24SEALAA-SEA,42,58,22,yes
1753390238876,1753390238,KXMLBGAME-25JUL24TORDET-DET,56,44,17,yes
1753390242616,1753390242,KXMLBGAME-25JUL24TORDET-DET,56,44,433,yes
1753390242951,1753390242,KXMLBGAME-25JUL24TORDET-TOR,46,54,52,yes
1753390252916,1753390252,KXMLBGAME-25JUL24TORDET-TOR,46,54,61,yes
1753390274749,1753390274,KXMLBGAME-25JUL24TORDET-TOR,46,54,102,yes
1753390292157,1753390292,KXMLBGAME-25JUL24TORDET-DET,56,44,112,yes
1753390338252,1753390338,KXMLBGAME-25JUL24SDSTL-SD,42,58,68,yes
1753390353795,1753390353,KXMLBGAME-25JUL24SEALAA-LAA,59,41,16,yes
1753390357730,1753390357,KXMLBGAME-25JUL24ATHHOU-HOU,59,41,10,yes
1753390364835,1753390364,KXMLBGAME-25JUL24ATHHOU-HOU,59,41,16,yes
1753390372914,1753390372,KXMLBGAME-25JUL24ATHHOU-ATH,43,57,59,yes
1753390387390,1753390387,KXMLBGAME-25JUL24TORDET-TOR,46,54,41,yes
1753390414614,1753390414,KXMLBGAME-25JUL24SDSTL-SD,42,58,40,yes
1753390434495,1753390434,KXMLBGAME-25JUL24ATHHOU-ATH,43,57,501,yes
1753390434495,1753390434,KXMLBGAME-25JUL24ATHHOU-ATH,43,57,2496,yes
1753390439132,1753390439,KXMLBGAME-25JUL24TORDET-DET,56,44,1673,yes
1753390444053,1753390444,KXMLBGAME-25JUL24TORDET-TOR,46,54,6,yes
1753390478132,1753390478,KXMLBGAME-25JUL24ATHHOU-HOU,57,43,170,yes
1753390491941,1753390491,KXMLBGAME-25JUL24SDSTL-SD,42,58,11,yes
1753390494672,1753390494,KXMLBGAME-25JUL24ATHHOU-ATH,43,57,220,yes
1753390516108,1753390515,KXMLBGAME-25JUL24SDSTL-SD,42,58,18,yes
1753390557632,1753390557,KXMLBGAME-25JUL24TORDET-DET,55,45,550,no
1753390566688,1753390566,KXMLBGAME-25JUL24ATHHOU-HOU,57,43,3,yes
1753390585016,1753390584,KXMLBGAME-25JUL24SDSTL-STL,59,41,49,yes
1753390593735,1753390593,KXMLBGAME-25JUL24SDSTL-SD,42,58,4,yes
1753390599654,1753390599,KXMLBGAME-25JUL24ATHHOU-HOU,57,43,25,yes
1753390606009,1753390605,KXMLBGAME-25JUL24TORDET-TOR,46,54,25,yes
1753390639553,1753390639,KXMLBGAME-25JUL24TORDET-DET,56,44,69,yes
1753390645333,1753390645,KXMLBGAME-25JUL24ATHHOU-HOU,58,42,9,yes
1753390655582,1753390655,KXMLBGAME-25JUL24TORDET-TOR,46,54,5,yes
1753390668479,1753390668,KXMLBGAME-25JUL24SDSTL-SD,42,58,11,yes
1753390679334,1753390679,KXMLBGAME-25JUL24SDSTL-STL,59,41,83,yes
1753390683074,1753390683,KXMLBGAME-25JUL24TORDET-TOR,46,54,209,yes
1753390686811,1753390686,KXMLBGAME-25JUL24TORDET-DET,56,44,17,yes
1753390688924,1753390688,KXMLBGAME-25JUL24TORDET-DET,56,44,8,yes
1753390704115,1753390704,KXMLBGAME-25JUL24TORDET-DET,56,44,106,yes
1753390706778,1753390706,KXMLBGAME-25JUL24SEALAA-SEA,42,58,12,yes
1753390716775,1753390716,KXMLBGAME-25JUL24TORDET-TOR,46,54,34,yes
1753390733734,1753390733,KXMLBGAME-25JUL24TORDET-TOR,46,54,5,yes
1753390746293,1753390746,KXMLBGAME-25JUL24TORDET-TOR,46,54,41,yes
1753390768973,1753390768,KXMLBGAME-25JUL24TORDET-DET,56,44,1,yes
1753390779256,1753390779,KXMLBGAME-25JUL24ATHHOU-ATH,43,57,111,yes
1753390804892,1753390804,KXMLBGAME-25JUL24SEALAA-SEA,42,58,73,yes
1753390834394,1753390834,KXMLBGAME-25JUL24TORDET-DET,56,44,17,yes
1753390841127,1753390841,KXMLBGAME-25JUL24SEALAA-LAA,59,41,1,yes
1753390874052,1753390874,KXMLBGAME-25JUL24ATHHOU-HOU,58,42,1,yes
1753390887673,1753390887,KXMLBGAME-25JUL24SDSTL-SD,42,58,23,yes
1753390888914,1753390888,KXMLBGAME-25JUL24SDSTL-SD,42,58,114,yes
1753390894353,1753390894,KXMLBGAME-25JUL24ATHHOU-HOU,58,42,167,yes
1753390925495,1753390925,KXMLBGAME-25JUL24SDSTL-STL,59,41,1,yes
1753390944962,1753390944,KXMLBGAME-25JUL24SEALAA-LAA,59,41,32,yes
1753390964930,1753390964,KXMLBGAME-25JUL24TORDET-TOR,46,54,104,yes
1753390990314,1753390990,KXMLBGAME-25JUL24TORDET-DET,56,44,86,yes
1753390997493,1753390997,KXMLBGAME-25JUL24TORDET-TOR,46,54,252,yes
1753391002095,1753391002,KXMLBGAME-25JUL24ATHHOU-HOU,58,42,83,yes
1753391014237,1753391014,KXMLBGAME-25JUL24TORDET-DET,56,44,2296,yes
1753391014237,1753391014,KXMLBGAME-25JUL24TORDET-DET,56,44,2189,yes
1753391015390,1753391015,KXMLBGAME-25JUL24SEALAA-LAA,59,41,82,yes
1753391018773,1753391018,KXMLBGAME-25JUL24ATHHOU-HOU,58,42,21,yes
1753391019215,1753391019,KXMLBGAME-25JUL24SDSTL-SD,42,58,103,yes
1753391021071,1753391020,KXMLBGAME-25JUL24TORDET-DET,55,45,32,no
1753391058151,1753391058,KXMLBGAME-25JUL24ATHHOU-ATH,43,57,11,yes
1753391089573,1753391089,KXMLBGAME-25JUL24SDSTL-SD,42,58,68,yes
1753391115254,1753391115,KXMLBGAME-25JUL24TORDET-DET,56,44,17,yes
1753391123491,1753391123,KXMLBGAME-25JUL24SEALAA-SEA,42,58,11,yes
1753391128054,1753391127,KXMLBGAME-25JUL24TORDET-TOR,46,54,20,yes
1753391219533,1753391219,KXMLBGAME-25JUL24TORDET-DET,56,44,8,yes
1753391224654,1753391224,KXMLBGAME-25JUL24ATHHOU-HOU,58,42,41,yes
1753391260050,1753391259,KXMLBGAME-25JUL24SDSTL-SD,42,58,48,yes
1753391330055,1753391329,KXMLBGAME-25JUL24TORDET-TOR,46,54,563,yes
1753391330055,1753391329,KXMLBGAME-25JUL24TORDET-TOR,46,54,484,yes
1753391356691,1753391356,KXMLBGAME-25JUL24SEALAA-SEA,42,58,11,yes
1753391371714,1753391371,KXMLBGAME-25JUL24ATHHOU-ATH,43,57,8,yes
1753391464874,1753391464,KXMLBGAME-25JUL24ATHHOU-HOU,58,42,4,yes
1753391511238,1753391511,KXMLBGAME-25JUL24TORDET-DET,56,44,5,yes
1753391535633,1753391535,KXMLBGAME-25JUL24SDSTL-SD,42,58,68,yes
1753391536753,1753391536,KXMLBGAME-25JUL24TORDET-TOR,46,54,38,yes
1753391558972,1753391558,KXMLBGAME-25JUL24TORDET-DET,56,44,3,yes
1753391562950,1753391562,KXMLBGAME-25JUL24ATHHOU-HOU,58,42,988,yes
1753391562950,1753391562,KXMLBGAME-25JUL24ATHHOU-HOU,58,42,184,yes
1753391585273,1753391585,KXMLBGAME-25JUL24ATHHOU-ATH,43,57,40,yes
1753391587452,1753391587,KXMLBGAME-25JUL24TORDET-TOR,46,54,209,yes
1753391610315,1753391610,KXMLBGAME-25JUL24TORDET-DET,56,44,34,yes
1753391629654,1753391629,KXMLBGAME-25JUL24SDSTL-STL,59,41,8,yes
1753391636873,1753391636,KXMLBGAME-25JUL24SEALAA-SEA,42,58,22,yes
1753391638815,1753391638,KXMLBGAME-25JUL24TORDET-TOR,46,54,8,yes
1753391654675,1753391654,KXMLBGAME-25JUL24ATHHOU-HOU,58,42,33,yes
1753391697854,1753391697,KXMLBGAME-25JUL24ATHHOU-HOU,58,42,1205,yes
1753391731953,1753391731,KXMLBGAME-25JUL24TORDET-DET,56,44,767,yes
1753391731953,1753391731,KXMLBGAME-25JUL24TORDET-DET,56,44,8615,yes
1753391747816,1753391747,KXMLBGAME-25JUL24SEALAA-SEA,41,59,1,no
1753391757771,1753391757,KXMLBGAME-25JUL24ATHHOU-HOU,58,42,293,yes
1753391773076,1753391773,KXMLBGAME-25JUL24TORDET-TOR,46,54,128,yes
1753391788334,1753391788,KXMLBGAME-25JUL24ATHHOU-ATH,42,58,91,yes
1753391809994,1753391809,KXMLBGAME-25JUL24TORDET-TOR,46,54,58,yes
1753391820846,1753391820,KXMLBGAME-25JUL24SEALAA-LAA,59,41,22,yes
1753391820846,1753391820,KXMLBGAME-25JUL24SEALAA-LAA,59,41,34,yes
1753391860322,1753391860,KXMLBGAME-25JUL24TORDET-TOR,46,54,2,yes
1753391875477,1753391875,KXMLBGAME-25JUL24SEALAA-LAA,59,41,1,yes
1753391878131,1753391878,KXMLBGAME-25JUL24ATHHOU-HOU,58,42,1311,yes
1753391884835,1753391884,KXMLBGAME-25JUL24TORDET-TOR,46,54,628,yes
1753391905065,1753391904,KXMLBGAME-25JUL24TORDET-DET,56,44,173,yes
1753391933242,1753391933,KXMLBGAME-25JUL24TORDET-TOR,46,54,523,yes
1753391935371,1753391935,KXMLBGAME-25JUL24SEALAA-SEA,42,58,203,yes
1753391943061,1753391942,KXMLBGAME-25JUL24TORDET-TOR,46,54,106,yes
1753391970276,1753391970,KXMLBGAME-25JUL24SEALAA-LAA,59,41,22,yes
1753391970276,1753391970,KXMLBGAME-25JUL24SEALAA-LAA,59,41,44,yes
1753391970276,1753391970,KXMLBGAME-25JUL24SEALAA-LAA,59,41,4,yes
1753391970276,1753391970,KXMLBGAME-25JUL24SEALAA-LAA,59,41,11,yes
1753391970276,1753391970,KXMLBGAME-25JUL24SEALAA-LAA,59,41,83,yes
1753391975035,1753391974,KXMLBGAME-25JUL24ATHHOU-HOU,59,41,13,yes
1753392069091,1753392069,KXMLBGAME-25JUL24SDSTL-STL,59,41,24,yes
1753392075260,1753392075,KXMLBGAME-25JUL24SEALAA-SEA,42,58,501,yes
1753392097192,1753392097,KXMLBGAME-25JUL24TORDET-TOR,46,54,23,yes
1753392139515,1753392139,KXMLBGAME-25JUL24TORDET-DET,55,45,109,no
1753392162635,1753392162,KXMLBGAME-25JUL24TORDET-TOR,46,54,14,yes
1753392200292,1753392200,KXMLBGAME-25JUL24SDSTL-STL,59,41,96,yes
1753392202573,1753392202,KXMLBGAME-25JUL24TORDET-TOR,46,54,102,yes
1753392231452,1753392231,KXMLBGAME-25JUL24ATHHOU-HOU,59,41,2987,yes
1753392231452,1753392231,KXMLBGAME-25JUL24ATHHOU-HOU,59,41,500,yes
1753392231452,1753392231,KXMLBGAME-25JUL24ATHHOU-HOU,59,41,1267,yes
1753392231452,1753392231,KXMLBGAME-25JUL24ATHHOU-HOU,59,41,188,yes
1753392234754,1753392234,KXMLBGAME-25JUL24ATHHOU-HOU,59,41,40,yes
1753392236355,1753392236,KXMLBGAME-25JUL24TORDET-TOR,46,54,10,yes
1753392244653,1753392244,KXMLBGAME-25JUL24SDSTL-STL,59,41,360,yes
1753392244653,1753392244,KXMLBGAME-25JUL24SDSTL-STL,59,41,2000,yes
1753392244653,1753392244,KXMLBGAME-25JUL24SDSTL-STL,59,41,2582,yes
1753392253233,1753392253,KXMLBGAME-25JUL24TORDET-TOR,46,54,150,yes
1753392256411,1753392256,KXMLBGAME-25JUL24TORDET-TOR,46,54,6,yes
1753392262515,1753392262,KXMLBGAME-25JUL24SEALAA-SEA,42,58,1576,yes
1753392262515,1753392262,KXMLBGAME-25JUL24SEALAA-SEA,42,58,1,yes
1753392262515,1753392262,KXMLBGAME-25JUL24SEALAA-SEA,42,58,2000,yes
1753392262515,1753392262,KXMLBGAME-25JUL24SEALAA-SEA,42,58,8,yes
1753392262515,1753392262,KXMLBGAME-25JUL24SEALAA-SEA,42,58,37,yes
1753392262515,1753392262,KXMLBGAME-25JUL24SEALAA-SEA,42,58,108,yes
1753392262515,1753392262,KXMLBGAME-25JUL24SEALAA-SEA,42,58,22,yes
1753392262515,1753392262,KXMLBGAME-25JUL24SEALAA-SEA,42,58,25,yes
1753392262515,1753392262,KXMLBGAME-25JUL24SEALAA-SEA,42,58,92,yes
1753392262515,1753392262,KXMLBGAME-25JUL24SEALAA-SEA,42,58,16,yes
1753392262515,1753392262,KXMLBGAME-25JUL24SEALAA-SEA,42,58,1,yes
1753392262515,1753392262,KXMLBGAME-25JUL24SEALAA-SEA,42,58,32,yes
1753392262515,1753392262,KXMLBGAME-25JUL24SEALAA-SEA,42,58,82,yes
1753392262515,1753392262,KXMLBGAME-25JUL24SEALAA-SEA,42,58,1,yes
1753392262515,1753392262,KXMLBGAME-25JUL24SEALAA-SEA,42,58,22,yes
1753392262515,1753392262,KXMLBGAME-25JUL24SEALAA-SEA,42,58,34,yes
1753392262515,1753392262,KXMLBGAME-25JUL24SEALAA-SEA,42,58,1,yes
1753392262515,1753392262,KXMLBGAME-25JUL24SEALAA-SEA,42,58,522,yes
1753392269193,1753392269,KXMLBGAME-25JUL24TORDET-TOR,46,54,136,yes
1753392286597,1753392286,KXMLBGAME-25JUL24TORDET-TOR,46,54,20,yes
1753392309073,1753392309,KXMLBGAME-25JUL24TORDET-DET,56,44,34,yes
1753392322112,1753392322,KXMLBGAME-25JUL24TORDET-TOR,46,54,1047,yes
1753392378731,1753392378,KXMLBGAME-25JUL24TORDET-TOR,46,54,94,yes
1753392386172,1753392386,KXMLBGAME-25JUL24TORDET-TOR,46,54,157,yes
1753392387295,1753392387,KXMLBGAME-25JUL24TORDET-TOR,46,54,24,yes
1753392407752,1753392407,KXMLBGAME-25JUL24TORDET-DET,56,44,69,yes
1753392412761,1753392412,KXMLBGAME-25JUL24ATHHOU-HOU,59,41,13,yes
1753392416292,1753392416,KXMLBGAME-25JUL24SEALAA-SEA,42,58,231,yes
1753392419429,1753392419,KXMLBGAME-25JUL24ATHHOU-ATH,42,58,2,yes
1753392429776,1753392429,KXMLBGAME-25JUL24SEALAA-SEA,43,57,31,yes
1753392438494,1753392438,KXMLBGAME-25JUL24TORDET-DET,56,44,5,yes
1753392445234,1753392445,KXMLBGAME-25JUL24SEALAA-SEA,43,57,13,yes
1753392445234,1753392445,KXMLBGAME-25JUL24SEALAA-SEA,43,57,101,yes
1753392471858,1753392471,KXMLBGAME-25JUL24SDSTL-SD,42,58,22,yes
1753392475491,1753392475,KXMLBGAME-25JUL24TORDET-TOR,45,55,11,no
1753392475491,1753392475,KXMLBGAME-25JUL24TORDET-TOR,45,55,15,no
1753392475491,1753392475,KXMLBGAME-25JUL24TORDET-TOR,45,55,30,no
1753392475491,1753392475,KXMLBGAME-25JUL24TORDET-TOR,45,55,50,no
1753392487094,1753392487,KXMLBGAME-25JUL24SDSTL-SD,42,58,116,yes
1753392495512,1753392495,KXMLBGAME-25JUL24TORDET-TOR,45,55,1,yes
1753392518492,1753392518,KXMLBGAME-25JUL24ATHHOU-HOU,59,41,107,yes
1753392543273,1753392543,KXMLBGAME-25JUL24ATHHOU-HOU,59,41,8,yes
1753392557807,1753392557,KXMLBGAME-25JUL24SEALAA-SEA,43,57,11,yes
1753392598426,1753392598,KXMLBGAME-25JUL24ATHHOU-HOU,59,41,3,yes
1753392604272,1753392604,KXMLBGAME-25JUL24TORDET-TOR,45,55,2,yes
1753392610812,1753392610,KXMLBGAME-25JUL24ATHHOU-ATH,42,58,22,yes
1753392611013,1753392610,KXMLBGAME-25JUL24TORDET-TOR,45,55,21,yes
1753392616016,1753392615,KXMLBGAME-25JUL24SDSTL-STL,59,41,82,yes
1753392620028,1753392619,KXMLBGAME-25JUL24TORDET-TOR,45,55,41,yes
1753392626374,1753392626,KXMLBGAME-25JUL24SDSTL-SD,42,58,6,yes
1753392634694,1753392634,KXMLBGAME-25JUL24TORDET-TOR,45,55,55,yes
1753392644492,1753392644,KXMLBGAME-25JUL24SDSTL-STL,59,41,10,yes
1753392652934,1753392652,KXMLBGAME-25JUL24TORDET-TOR,45,55,22,yes
1753392684852,1753392684,KXMLBGAME-25JUL24SEALAA-LAA,58,42,8,yes
1753392700306,1753392700,KXMLBGAME-25JUL24SDSTL-SD,42,58,68,yes
1753392722272,1753392722,KXMLBGAME-25JUL24SDSTL-SD,42,58,73,yes
1753392723153,1753392722,KXMLBGAME-25JUL24SEALAA-LAA,58,42,16,yes
1753392741991,1753392741,KXMLBGAME-25JUL24TORDET-TOR,45,55,21,yes
1753392761714,1753392761,KXMLBGAME-25JUL24ATHHOU-HOU,59,41,131,yes
1753392763393,1753392763,KXMLBGAME-25JUL24TORDET-DET,56,44,17,yes
1753392790775,1753392790,KXMLBGAME-25JUL24TORDET-TOR,45,55,10,yes
1753392804450,1753392804,KXMLBGAME-25JUL24SEALAA-SEA,43,57,44,yes
1753392887093,1753392887,KXMLBGAME-25JUL24SDSTL-SD,42,58,11,yes
1753392906856,1753392906,KXMLBGAME-25JUL24TORDET-DET,56,44,107,yes
1753392944616,1753392944,KXMLBGAME-25JUL24TORDET-DET,56,44,13,yes
1753392979619,1753392979,KXMLBGAME-25JUL24ATHHOU-HOU,59,41,32,yes
1753392987674,1753392987,KXMLBGAME-25JUL24ATHHOU-HOU,59,41,8,yes
1753392988914,1753392988,KXMLBGAME-25JUL24TORDET-DET,56,44,17,yes
1753392997432,1753392997,KXMLBGAME-25JUL24TORDET-DET,56,44,8,yes
1753393002414,1753393002,KXMLBGAME-25JUL24SEALAA-SEA,43,57,63,yes
1753393002414,1753393002,KXMLBGAME-25JUL24SEALAA-SEA,43,57,37,yes
1753393011409,1753393011,KXMLBGAME-25JUL24SEALAA-SEA,43,57,5,yes
1753393033573,1753393033,KXMLBGAME-25JUL24ATHHOU-HOU,59,41,56,yes
1753393050173,1753393050,KXMLBGAME-25JUL24TORDET-DET,56,44,17,yes
1753393129614,1753393129,KXMLBGAME-25JUL24TORDET-DET,56,44,229,yes
1753393156576,1753393156,KXMLBGAME-25JUL24TORDET-TOR,45,55,21,yes
1753393258233,1753393258,KXMLBGAME-25JUL24SDSTL-SD,42,58,11,yes
1753393323453,1753393323,KXMLBGAME-25JUL24TORDET-DET,56,44,8,yes
1753393323453,1753393323,KXMLBGAME-25JUL24TORDET-TOR,45,55,4,yes
1753393331454,1753393331,KXMLBGAME-25JUL24TORDET-TOR,45,55,1069,yes
1753393350997,1753393350,KXMLBGAME-25JUL24TORDET-DET,56,44,8,yes
1753393369298,1753393369,KXMLBGAME-25JUL24TORDET-TOR,45,55,427,yes
1753393370351,1753393370,KXMLBGAME-25JUL24TORDET-TOR,45,55,106,yes
1753393410172,1753393410,KXMLBGAME-25JUL24SEALAA-LAA,58,42,3,yes
1753393410172,1753393410,KXMLBGAME-25JUL24TORDET-TOR,45,55,21,yes
1753393431713,1753393431,KXMLBGAME-25JUL24TORDET-TOR,45,55,623,yes
1753393437186,1753393437,KXMLBGAME-25JUL24SDSTL-SD,42,58,107,yes
1753393455475,1753393455,KXMLBGAME-25JUL24TORDET-DET,56,44,17,yes
1753393481114,1753393481,KXMLBGAME-25JUL24TORDET-TOR,45,55,81,yes
1753393519192,1753393519,KXMLBGAME-25JUL24TORDET-TOR,45,55,11,yes
1753393561154,1753393561,KXMLBGAME-25JUL24SDSTL-SD,41,59,244,no
1753393561154,1753393561,KXMLBGAME-25JUL24SDSTL-SD,41,59,80,no
1753393564753,1753393564,KXMLBGAME-25JUL24TORDET-DET,56,44,237,yes
1753393590074,1753393589,KXMLBGAME-25JUL24TORDET-TOR,44,56,25,no
1753393590074,1753393589,KXMLBGAME-25JUL24TORDET-TOR,44,56,227,no
1753393593350,1753393593,KXMLBGAME-25JUL24SDSTL-STL,59,41,16,yes
1753393607553,1753393607,KXMLBGAME-25JUL24ATHHOU-HOU,59,41,1,yes
1753393630233,1753393630,KXMLBGAME-25JUL24SEALAA-SEA,43,57,109,yes
1753393640214,1753393640,KXMLBGAME-25JUL24TORDET-TOR,45,55,32,yes
1753393678854,1753393678,KXMLBGAME-25JUL24TORDET-DET,56,44,12,yes
1753393687957,1753393687,KXMLBGAME-25JUL24SDSTL-SD,42,58,114,yes
1753393724536,1753393724,KXMLBGAME-25JUL24TORDET-TOR,45,55,2,yes
1753393743352,1753393743,KXMLBGAME-25JUL24TORDET-TOR,45,55,21,yes
1753393785875,1753393785,KXMLBGAME-25JUL24TORDET-DET,56,44,1,yes
1753393789715,1753393789,KXMLBGAME-25JUL24TORDET-TOR,45,55,11,yes
1753393807958,1753393807,KXMLBGAME-25JUL24TORDET-TOR,45,55,42,yes
1753393808293,1753393808,KXMLBGAME-25JUL24TORDET-TOR,45,55,160,yes
1753393818816,1753393818,KXMLBGAME-25JUL24SEALAA-SEA,43,57,17,yes
1753393836246,1753393836,KXMLBGAME-25JUL24TORDET-TOR,45,55,32,yes
1753393845854,1753393845,KXMLBGAME-25JUL24TORDET-TOR,45,55,1,yes
1753393872535,1753393872,KXMLBGAME-25JUL24SDSTL-STL,59,41,125,yes
1753393876976,1753393876,KXMLBGAME-25JUL24ATHHOU-ATH,42,58,22,yes
1753393901987,1753393901,KXMLBGAME-25JUL24TORDET-TOR,45,55,4,yes
1753393976695,1753393976,KXMLBGAME-25JUL24TORDET-TOR,45,55,1298,yes
1753394050674,1753394050,KXMLBGAME-25JUL24ATHHOU-ATH,42,58,45,yes
1753394052005,1753394051,KXMLBGAME-25JUL24SEALAA-SEA,43,57,206,yes
1753394053028,1753394052,KXMLBGAME-25JUL24SDSTL-STL,59,41,41,yes
1753394058876,1753394058,KXMLBGAME-25JUL24ATHHOU-ATH,42,58,22,yes
1753394061553,1753394061,KXMLBGAME-25JUL24TORDET-TOR,45,55,6,yes
1753394087123,1753394087,KXMLBGAME-25JUL24ATHHOU-HOU,59,41,16,yes
1753394100316,1753394100,KXMLBGAME-25JUL24SDSTL-STL,59,41,172,yes
1753394164373,1753394164,KXMLBGAME-25JUL24TORDET-TOR,45,55,21,yes
1753394168653,1753394168,KXMLBGAME-25JUL24ATHHOU-HOU,59,41,3,yes
1753394169457,1753394169,KXMLBGAME-25JUL24ATHHOU-ATH,42,58,46,yes
1753394171595,1753394171,KXMLBGAME-25JUL24ATHHOU-ATH,42,58,11,yes
1753394186764,1753394186,KXMLBGAME-25JUL24TORDET-TOR,45,55,42,yes
1753394195916,1753394195,KXMLBGAME-25JUL24SEALAA-SEA,43,57,33,yes
1753394202175,1753394202,KXMLBGAME-25JUL24ATHHOU-HOU,59,41,164,yes
1753394217176,1753394217,KXMLBGAME-25JUL24TORDET-TOR,45,55,199,yes
1753394217886,1753394217,KXMLBGAME-25JUL24ATHHOU-HOU,59,41,32,yes
1753394230637,1753394230,KXMLBGAME-25JUL24SDSTL-STL,59,41,32,yes
1753394243473,1753394243,KXMLBGAME-25JUL24SDSTL-STL,59,41,220,yes
1753394251493,1753394251,KXMLBGAME-25JUL24SEALAA-LAA,58,42,33,yes
1753394264237,1753394264,KXMLBGAME-25JUL24TORDET-DET,56,44,83,yes
1753394266104,1753394266,KXMLBGAME-25JUL24TORDET-TOR,45,55,4109,yes
1753394266104,1753394266,KXMLBGAME-25JUL24TORDET-TOR,45,55,170,yes
1753394289983,1753394289,KXMLBGAME-25JUL24TORDET-TOR,45,55,220,yes
1753394304615,1753394304,KXMLBGAME-25JUL24TORDET-DET,56,44,325,yes
1753394304616,1753394304,KXMLBGAME-25JUL24TORDET-DET,56,44,792,yes
1753394306557,1753394306,KXMLBGAME-25JUL24TORDET-DET,56,44,50,yes
1753394306557,1753394306,KXMLBGAME-25JUL24TORDET-DET,56,44,18,yes
1753394316807,1753394316,KXMLBGAME-25JUL24SDSTL-SD,42,58,11,yes
1753394340467,1753394340,KXMLBGAME-25JUL24ATHHOU-HOU,59,41,29,yes
1753394347433,1753394347,KXMLBGAME-25JUL24TORDET-DET,56,44,5449,yes
1753394348036,1753394347,KXMLBGAME-25JUL24ATHHOU-HOU,59,41,1,yes
1753394363200,1753394363,KXMLBGAME-25JUL24SEALAA-SEA,43,57,29,yes
1753394405082,1753394404,KXMLBGAME-25JUL24TORDET-DET,56,44,2,yes
1753394421533,1753394421,KXMLBGAME-25JUL24SEALAA-SEA,43,57,2,yes
1753394438654,1753394438,KXMLBGAME-25JUL24TORDET-TOR,45,55,106,yes
1753394455599,1753394455,KXMLBGAME-25JUL24SEALAA-SEA,43,57,93,yes
1753394462653,1753394462,KXMLBGAME-25JUL24TORDET-TOR,45,55,21,yes
1753394467974,1753394467,KXMLBGAME-25JUL24SDSTL-SD,42,58,57,yes
1753394471653,1753394471,KXMLBGAME-25JUL24ATHHOU-ATH,42,58,66,yes
1753394473385,1753394473,KXMLBGAME-25JUL24TORDET-TOR,45,55,96,yes
1753394485467,1753394485,KXMLBGAME-25JUL24TORDET-TOR,45,55,53,yes
1753394503512,1753394503,KXMLBGAME-25JUL24ATHHOU-HOU,59,41,123,yes
1753394518276,1753394518,KXMLBGAME-25JUL24SEALAA-LAA,58,42,167,yes
1753394543494,1753394543,KXMLBGAME-25JUL24ATHHOU-HOU,59,41,25,yes
1753394546658,1753394546,KXMLBGAME-25JUL24SEALAA-SEA,43,57,223,yes
1753394574254,1753394574,KXMLBGAME-25JUL24TORDET-TOR,44,56,6,no
1753394590656,1753394590,KXMLBGAME-25JUL24TORDET-TOR,45,55,21,yes
1753394590656,1753394590,KXMLBGAME-25JUL24TORDET-TOR,45,55,25,yes
1753394590656,1753394590,KXMLBGAME-25JUL24TORDET-TOR,45,55,60,yes
1753394594034,1753394593,KXMLBGAME-25JUL24TORDET-DET,56,44,142,yes
1753394618975,1753394618,KXMLBGAME-25JUL24ATHHOU-HOU,59,41,49,yes
1753394619132,1753394619,KXMLBGAME-25JUL24SDSTL-STL,59,41,82,yes
1753394622692,1753394622,KXMLBGAME-25JUL24TORDET-TOR,45,55,117,yes
1753394638350,1753394638,KXMLBGAME-25JUL24ATHHOU-HOU,59,41,82,yes
1753394643533,1753394643,KXMLBGAME-25JUL24SDSTL-SD,42,58,57,yes
1753394654534,1753394654,KXMLBGAME-25JUL24SEALAA-LAA,58,42,85,yes
1753394692900,1753394692,KXMLBGAME-25JUL24TORDET-DET,56,44,13,yes
1753394720370,1753394720,KXMLBGAME-25JUL24ATHHOU-HOU,59,41,155,yes
1753394731324,1753394731,KXMLBGAME-25JUL24ATHHOU-HOU,59,41,65,yes
1753394733413,1753394733,KXMLBGAME-25JUL24TORDET-TOR,46,54,516,yes
1753394746754,1753394746,KXMLBGAME-25JUL24SEALAA-LAA,58,42,83,yes
1753394761129,1753394761,KXMLBGAME-25JUL24TORDET-TOR,46,54,24,yes
1753394761793,1753394761,KXMLBGAME-25JUL24TORDET-DET,56,44,86,yes
1753394761812,1753394761,KXMLBGAME-25JUL24TORDET-DET,56,44,86,yes
1753394775363,1753394775,KXMLBGAME-25JUL24SDSTL-STL,59,41,82,yes
1753394779573,1753394779,KXMLBGAME-25JUL24SDSTL-SD,42,58,34,yes
1753394807806,1753394807,KXMLBGAME-25JUL24SEALAA-SEA,43,57,78,yes
1753394813143,1753394813,KXMLBGAME-25JUL24TORDET-DET,56,44,3,yes
1753394856976,1753394856,KXMLBGAME-25JUL24SDSTL-SD,42,58,22,yes
1753394868434,1753394868,KXMLBGAME-25JUL24TORDET-TOR,45,55,10,yes
1753394871313,1753394871,KXMLBGAME-25JUL24SDSTL-SD,42,58,11,yes
1753394872615,1753394872,KXMLBGAME-25JUL24TORDET-DET,56,44,4,yes
1753394898973,1753394898,KXMLBGAME-25JUL24TORDET-TOR,45,55,10,yes
1753394946517,1753394946,KXMLBGAME-25JUL24TORDET-TOR,45,55,105,yes
1753394947877,1753394947,KXMLBGAME-25JUL24TORDET-DET,56,44,43,yes
1753394950838,1753394950,KXMLBGAME-25JUL24SEALAA-SEA,43,57,335,yes
1753394966816,1753394966,KXMLBGAME-25JUL24TORDET-DET,56,44,4154,yes
1753394966816,1753394966,KXMLBGAME-25JUL24TORDET-DET,56,44,523,yes
1753394966816,1753394966,KXMLBGAME-25JUL24TORDET-DET,56,44,106,yes
1753394966816,1753394966,KXMLBGAME-25JUL24TORDET-DET,56,44,2000,yes
1753394966816,1753394966,KXMLBGAME-25JUL24TORDET-DET,56,44,23,yes
1753394966816,1753394966,KXMLBGAME-25JUL24TORDET-DET,56,44,100,yes
1753394966816,1753394966,KXMLBGAME-25JUL24TORDET-DET,56,44,14,yes
1753394966816,1753394966,KXMLBGAME-25JUL24TORDET-DET,56,44,102,yes
1753394966816,1753394966,KXMLBGAME-25JUL24TORDET-DET,56,44,10,yes
1753394966816,1753394966,KXMLBGAME-25JUL24TORDET-DET,56,44,128,yes
1753394966816,1753394966,KXMLBGAME-25JUL24TORDET-DET,56,44,1345,yes
1753394966816,1753394966,KXMLBGAME-25JUL24TORDET-DET,56,44,3000,yes
1753394966816,1753394966,KXMLBGAME-25JUL24TORDET-DET,56,44,201,yes
1753394966816,1753394966,KXMLBGAME-25JUL24TORDET-DET,56,44,500,yes
1753394966816,1753394966,KXMLBGAME-25JUL24TORDET-DET,56,44,547,yes
1753394967876,1753394967,KXMLBGAME-25JUL24ATHHOU-HOU,59,41,200,yes
1753394979735,1753394979,KXMLBGAME-25JUL24SDSTL-SD,42,58,22,yes
1753394999313,1753394999,KXMLBGAME-25JUL24TORDET-TOR,45,55,427,yes
1753395026961,1753395026,KXMLBGAME-25JUL24TORDET-TOR,45,55,250,yes
1753395039336,1753395039,KXMLBGAME-25JUL24SDSTL-SD,42,58,33,yes
1753395060236,1753395060,KXMLBGAME-25JUL24SEALAA-SEA,43,57,167,yes
1753395113515,1753395113,KXMLBGAME-25JUL24SEALAA-SEA,43,57,45,yes
1753395119327,1753395119,KXMLBGAME-25JUL24TORDET-TOR,45,55,427,yes
1753395131054,1753395130,KXMLBGAME-25JUL24SDSTL-SD,42,58,22,yes
1753395141138,1753395140,KXMLBGAME-25JUL24TORDET-TOR,45,55,3000,yes
1753395141138,1753395140,KXMLBGAME-25JUL24TORDET-TOR,45,55,219,yes
1753395141138,1753395140,KXMLBGAME-25JUL24TORDET-TOR,45,55,973,yes
1753395148633,1753395148,KXMLBGAME-25JUL24TORDET-DET,56,44,27,yes
1753395148633,1753395148,KXMLBGAME-25JUL24TORDET-DET,56,44,7,yes
1753395173836,1753395173,KXMLBGAME-25JUL24SDSTL-SD,42,58,9,yes
1753395234015,1753395233,KXMLBGAME-25JUL24SDSTL-SD,42,58,34,yes
1753395238419,1753395238,KXMLBGAME-25JUL24SEALAA-SEA,43,57,11,yes
1753395280403,1753395280,KXMLBGAME-25JUL24TORDET-DET,56,44,1385,yes
1753395306553,1753395306,KXMLBGAME-25JUL24SEALAA-LAA,57,43,25,no
1753395306553,1753395306,KXMLBGAME-25JUL24SEALAA-LAA,57,43,50,no
1753395306553,1753395306,KXMLBGAME-25JUL24SEALAA-LAA,57,43,2807,no
1753395320532,1753395320,KXMLBGAME-25JUL24TORDET-TOR,45,55,36,yes
1753395320532,1753395320,KXMLBGAME-25JUL24TORDET-TOR,45,55,169,yes
1753395324615,1753395324,KXMLBGAME-25JUL24ATHHOU-ATH,42,58,2,yes
1753395335904,1753395335,KXMLBGAME-25JUL24SEALAA-SEA,43,57,610,yes
1753395335904,1753395335,KXMLBGAME-25JUL24SEALAA-SEA,43,57,390,yes
1753395339255,1753395339,KXMLBGAME-25JUL24SDSTL-STL,59,41,24,yes
1753395343794,1753395343,KXMLBGAME-25JUL24TORDET-TOR,45,55,96,yes
1753395367675,1753395367,KXMLBGAME-25JUL24TORDET-TOR,45,55,235,yes
1753395367675,1753395367,KXMLBGAME-25JUL24TORDET-TOR,45,55,1885,yes
1753395372535,1753395372,KXMLBGAME-25JUL24ATHHOU-HOU,59,41,82,yes
1753395379816,1753395379,KXMLBGAME-25JUL24SEALAA-SEA,43,57,11,yes
1753395401532,1753395401,KXMLBGAME-25JUL24TORDET-TOR,45,55,427,yes
1753395411613,1753395411,KXMLBGAME-25JUL24SDSTL-SD,42,58,22,yes
1753395413320,1753395413,KXMLBGAME-25JUL24TORDET-TOR,45,55,350,yes
1753395413320,1753395413,KXMLBGAME-25JUL24TORDET-TOR,45,55,69,yes
1753395413320,1753395413,KXMLBGAME-25JUL24TORDET-TOR,46,54,200,yes
1753395413320,1753395413,KXMLBGAME-25JUL24TORDET-TOR,46,54,275,yes
1753395413320,1753395413,KXMLBGAME-25JUL24TORDET-TOR,46,54,162,yes
1753395418974,1753395418,KXMLBGAME-25JUL24TORDET-DET,56,44,8,yes
1753395420953,1753395420,KXMLBGAME-25JUL24SDSTL-STL,59,41,13,yes
1753395426952,1753395426,KXMLBGAME-25JUL24SEALAA-LAA,57,43,3,no
1753395451219,1753395451,KXMLBGAME-25JUL24TORDET-DET,56,44,34,yes
1753395462253,1753395462,KXMLBGAME-25JUL24ATHHOU-HOU,59,41,9,yes
1753395471278,1753395471,KXMLBGAME-25JUL24SEALAA-SEA,43,57,22,yes
1753395487294,1753395487,KXMLBGAME-25JUL24SEALAA-LAA,57,43,167,no
1753395487392,1753395487,KXMLBGAME-25JUL24SEALAA-SEA,43,57,167,yes
1753395492633,1753395492,KXMLBGAME-25JUL24TORDET-TOR,45,55,500,yes
1753395492633,1753395492,KXMLBGAME-25JUL24TORDET-TOR,45,55,300,yes
1753395585967,1753395585,KXMLBGAME-25JUL24TORDET-DET,56,44,3,yes
1753395602947,1753395602,KXMLBGAME-25JUL24TORDET-TOR,45,55,10,yes
1753395607752,1753395607,KXMLBGAME-25JUL24SEALAA-LAA,57,43,116,no
1753395620679,1753395620,KXMLBGAME-25JUL24SEALAA-LAA,58,42,3,yes
1753395631595,1753395631,KXMLBGAME-25JUL24TORDET-TOR,45,55,5,yes
1753395645756,1753395645,KXMLBGAME-25JUL24TORDET-DET,56,44,175,yes
1753395659585,1753395659,KXMLBGAME-25JUL24SDSTL-STL,59,41,16,yes
1753395662156,1753395662,KXMLBGAME-25JUL24TORDET-TOR,45,55,685,yes
1753395662156,1753395662,KXMLBGAME-25JUL24TORDET-TOR,45,55,2000,yes
1753395662156,1753395662,KXMLBGAME-25JUL24TORDET-TOR,45,55,1003,yes
1753395673674,1753395673,KXMLBGAME-25JUL24TORDET-TOR,45,55,55,yes
1753395692593,1753395692,KXMLBGAME-25JUL24TORDET-DET,56,44,173,yes
1753395702334,1753395702,KXMLBGAME-25JUL24TORDET-DET,56,44,2607,yes
1753395702334,1753395702,KXMLBGAME-25JUL24TORDET-DET,56,44,200,yes
1753395702334,1753395702,KXMLBGAME-25JUL24TORDET-DET,56,44,2390,yes
1753395710013,1753395709,KXMLBGAME-25JUL24ATHHOU-HOU,58,42,16,no
1753395712227,1753395712,KXMLBGAME-25JUL24SEALAA-SEA,43,57,670,yes
1753395726515,1753395726,KXMLBGAME-25JUL24SEALAA-SEA,44,56,32,yes
1753395736086,1753395735,KXMLBGAME-25JUL24TORDET-DET,56,44,23,yes
1753395764596,1753395764,KXMLBGAME-25JUL24TORDET-TOR,45,55,21,yes
1753395774434,1753395774,KXMLBGAME-25JUL24SDSTL-SD,42,58,6,yes
1753395813015,1753395812,KXMLBGAME-25JUL24ATHHOU-ATH,42,58,57,yes
1753395827428,1753395827,KXMLBGAME-25JUL24TORDET-TOR,45,55,10,yes
1753395827474,1753395827,KXMLBGAME-25JUL24TORDET-TOR,45,55,10,yes
1753395849441,1753395849,KXMLBGAME-25JUL24TORDET-DET,56,44,95,yes
1753395881777,1753395881,KXMLBGAME-25JUL24TORDET-DET,56,44,290,yes
1753395894373,1753395894,KXMLBGAME-25JUL24TORDET-TOR,45,55,2,yes
1753395907403,1753395907,KXMLBGAME-25JUL24SEALAA-LAA,57,43,83,yes
1753395940171,1753395940,KXMLBGAME-25JUL24SDSTL-STL,60,40,81,yes
1753395948655,1753395948,KXMLBGAME-25JUL24ATHHOU-ATH,42,58,11,yes
1753395962904,1753395962,KXMLBGAME-25JUL24TORDET-DET,56,44,154,yes
1753395964337,1753395964,KXMLBGAME-25JUL24TORDET-TOR,45,55,35,yes
1753395964337,1753395964,KXMLBGAME-25JUL24TORDET-TOR,45,55,570,yes
1753395967740,1753395967,KXMLBGAME-25JUL24TORDET-DET,56,44,25,yes
1753395968372,1753395968,KXMLBGAME-25JUL24SEALAA-LAA,57,43,44,yes
1753395984100,1753395984,KXMLBGAME-25JUL24TORDET-TOR,45,55,21,yes
1753395993613,1753395993,KXMLBGAME-25JUL24TORDET-DET,56,44,13,yes
1753396009413,1753396009,KXMLBGAME-25JUL24TORDET-TOR,45,55,64,yes
1753396020146,1753396020,KXMLBGAME-25JUL24ATHHOU-HOU,59,41,1,yes
1753396025877,1753396025,KXMLBGAME-25JUL24TORDET-TOR,45,55,59,yes
1753396028452,1753396028,KXMLBGAME-25JUL24SEALAA-LAA,57,43,288,yes
1753396037247,1753396037,KXMLBGAME-25JUL24SDSTL-SD,42,58,12,yes
1753396042454,1753396042,KXMLBGAME-25JUL24TORDET-DET,56,44,3,yes
1753396064957,1753396064,KXMLBGAME-25JUL24SDSTL-SD,42,58,11,yes
1753396085212,1753396084,KXMLBGAME-25JUL24TORDET-DET,56,44,873,yes
1753396085452,1753396085,KXMLBGAME-25JUL24TORDET-TOR,44,56,5,no
1753396085453,1753396085,KXMLBGAME-25JUL24TORDET-TOR,44,56,150,no
1753396091094,1753396091,KXMLBGAME-25JUL24SDSTL-STL,60,40,40,yes
1753396119133,1753396119,KXMLBGAME-25JUL24TORDET-TOR,44,56,35,yes
1753396145312,1753396145,KXMLBGAME-25JUL24TORDET-DET,56,44,93,yes
1753396166784,1753396166,KXMLBGAME-25JUL24TORDET-TOR,44,56,51,yes
1753396166784,1753396166,KXMLBGAME-25JUL24TORDET-TOR,45,55,35,yes
1753396181427,1753396181,KXMLBGAME-25JUL24TORDET-TOR,45,55,53,yes
1753396208811,1753396208,KXMLBGAME-25JUL24SEALAA-LAA,57,43,137,yes
1753396213215,1753396213,KXMLBGAME-25JUL24TORDET-TOR,45,55,10,yes
1753396214274,1753396214,KXMLBGAME-25JUL24TORDET-DET,57,43,747,yes
1753396226887,1753396226,KXMLBGAME-25JUL24TORDET-DET,57,43,340,yes
1753396239386,1753396239,KXMLBGAME-25JUL24TORDET-DET,57,43,8,yes
1753396253216,1753396253,KXMLBGAME-25JUL24ATHHOU-HOU,59,41,1605,yes
1753396253216,1753396253,KXMLBGAME-25JUL24ATHHOU-HOU,59,41,2000,yes
1753396253216,1753396253,KXMLBGAME-25JUL24ATHHOU-HOU,59,41,1250,yes
1753396253216,1753396253,KXMLBGAME-25JUL24ATHHOU-HOU,59,41,1735,yes
1753396268952,1753396268,KXMLBGAME-25JUL24SEALAA-LAA,57,43,288,yes
1753396270115,1753396270,KXMLBGAME-25JUL24ATHHOU-HOU,59,41,3,yes
1753396293272,1753396293,KXMLBGAME-25JUL24TORDET-DET,57,43,34,yes
1753396302791,1753396302,KXMLBGAME-25JUL24TORDET-DET,57,43,207,yes
1753396310759,1753396310,KXMLBGAME-25JUL24SDSTL-SD,42,58,11,yes
1753396319616,1753396319,KXMLBGAME-25JUL24TORDET-DET,57,43,19,yes
1753396341992,1753396341,KXMLBGAME-25JUL24TORDET-DET,57,43,43,yes
1753396343220,1753396343,KXMLBGAME-25JUL24TORDET-TOR,45,55,331,yes
1753396370114,1753396370,KXMLBGAME-25JUL24TORDET-TOR,45,55,209,yes
1753396379177,1753396379,KXMLBGAME-25JUL24TORDET-DET,57,43,425,yes
1753396382976,1753396382,KXMLBGAME-25JUL24TORDET-TOR,45,55,10,yes
1753396423976,1753396423,KXMLBGAME-25JUL24ATHHOU-ATH,42,58,54,yes
1753396430879,1753396430,KXMLBGAME-25JUL24TORDET-DET,57,43,17,yes
1753396432817,1753396432,KXMLBGAME-25JUL24TORDET-DET,56,44,656,no
1753396437334,1753396437,KXMLBGAME-25JUL24SEALAA-SEA,43,57,67,yes
1753396438135,1753396438,KXMLBGAME-25JUL24TORDET-DET,57,43,756,yes
1753396449292,1753396449,KXMLBGAME-25JUL24SEALAA-LAA,57,43,187,yes
1753396452071,1753396451,KXMLBGAME-25JUL24TORDET-TOR,45,55,106,yes
1753396452372,1753396452,KXMLBGAME-25JUL24TORDET-TOR,45,55,9,yes
1753396458093,1753396458,KXMLBGAME-25JUL24ATHHOU-HOU,59,41,40,yes
1753396459613,1753396459,KXMLBGAME-25JUL24TORDET-TOR,45,55,42,yes
1753396474455,1753396474,KXMLBGAME-25JUL24TORDET-TOR,44,56,437,yes
1753396493917,1753396493,KXMLBGAME-25JUL24ATHHOU-HOU,59,41,29,yes
1753396502337,1753396502,KXMLBGAME-25JUL24TORDET-TOR,44,56,25,yes
1753396505433,1753396505,KXMLBGAME-25JUL24TORDET-TOR,44,56,14,yes
1753396509452,1753396509,KXMLBGAME-25JUL24SEALAA-LAA,57,43,288,yes
1753396517674,1753396517,KXMLBGAME-25JUL24TORDET-DET,57,43,67,yes
1753396528213,1753396528,KXMLBGAME-25JUL24TORDET-TOR,44,56,218,yes
1753396535756,1753396535,KXMLBGAME-25JUL24TORDET-DET,57,43,172,yes
1753396539275,1753396539,KXMLBGAME-25JUL24TORDET-TOR,44,56,50,yes
1753396572558,1753396572,KXMLBGAME-25JUL24ATHHOU-ATH,42,58,11,yes
1753396589903,1753396589,KXMLBGAME-25JUL24TORDET-DET,57,43,17,yes
1753396592674,1753396592,KXMLBGAME-25JUL24TORDET-DET,57,43,170,yes
1753396593435,1753396593,KXMLBGAME-25JUL24TORDET-TOR,44,56,6,yes
1753396593601,1753396593,KXMLBGAME-25JUL24TORDET-TOR,44,56,43,yes
1753396594634,1753396594,KXMLBGAME-25JUL24TORDET-TOR,44,56,131,yes
1753396600348,1753396600,KXMLBGAME-25JUL24TORDET-TOR,44,56,28,yes
1753396609362,1753396609,KXMLBGAME-25JUL24TORDET-TOR,44,56,10,yes
1753396610716,1753396610,KXMLBGAME-25JUL24TORDET-TOR,44,56,32,yes
1753396615193,1753396615,KXMLBGAME-25JUL24TORDET-DET,57,43,29,yes
1753396617315,1753396617,KXMLBGAME-25JUL24SEALAA-SEA,43,57,134,yes
1753396626768,1753396626,KXMLBGAME-25JUL24TORDET-DET,57,43,3,yes
1753396629318,1753396629,KXMLBGAME-25JUL24TORDET-TOR,44,56,10,yes
1753396631170,1753396631,KXMLBGAME-25JUL24SDSTL-SD,42,58,112,yes
1753396634893,1753396634,KXMLBGAME-25JUL24TORDET-DET,57,43,170,yes
1753396635881,1753396635,KXMLBGAME-25JUL24SEALAA-SEA,43,57,11,yes
1753396636577,1753396636,KXMLBGAME-25JUL24TORDET-TOR,44,56,21,yes
1753396644597,1753396644,KXMLBGAME-25JUL24ATHHOU-ATH,42,58,22,yes
1753396646433,1753396646,KXMLBGAME-25JUL24TORDET-DET,57,43,4,yes
1753396647557,1753396647,KXMLBGAME-25JUL24TORDET-TOR,44,56,975,yes
1753396647557,1753396647,KXMLBGAME-25JUL24TORDET-TOR,44,56,500,yes
1753396647557,1753396647,KXMLBGAME-25JUL24TORDET-TOR,45,55,3799,yes
1753396651015,1753396650,KXMLBGAME-25JUL24TORDET-TOR,45,55,10,yes
1753396654994,1753396654,KXMLBGAME-25JUL24SEALAA-SEA,43,57,11,yes
1753396661655,1753396661,KXMLBGAME-25JUL24SDSTL-SD,42,58,4,yes
1753396664452,1753396664,KXMLBGAME-25JUL24TORDET-TOR,45,55,26,yes
1753396665475,1753396665,KXMLBGAME-25JUL24TORDET-TOR,45,55,10,yes
1753396668496,1753396668,KXMLBGAME-25JUL24TORDET-TOR,45,55,53,yes
1753396669636,1753396669,KXMLBGAME-25JUL24ATHHOU-HOU,59,41,9,yes
1753396680429,1753396680,KXMLBGAME-25JUL24TORDET-TOR,45,55,16,yes
1753396682975,1753396682,KXMLBGAME-25JUL24ATHHOU-HOU,59,41,44,yes
1753396684974,1753396684,KXMLBGAME-25JUL24SDSTL-SD,42,58,13,yes
1753396687597,1753396687,KXMLBGAME-25JUL24TORDET-TOR,45,55,1387,yes
1753396687598,1753396687,KXMLBGAME-25JUL24TORDET-TOR,45,55,966,yes
1753396690695,1753396690,KXMLBGAME-25JUL24TORDET-DET,57,43,1,yes
1753396691515,1753396691,KXMLBGAME-25JUL24TORDET-DET,57,43,68,yes
1753396692096,1753396692,KXMLBGAME-25JUL24TORDET-DET,57,43,17,yes
1753396696354,1753396696,KXMLBGAME-25JUL24TORDET-TOR,45,55,10,yes
1753396697819,1753396697,KXMLBGAME-25JUL24TORDET-DET,57,43,17,yes
1753396698716,1753396698,KXMLBGAME-25JUL24SEALAA-SEA,43,57,4,yes
1753396700235,1753396700,KXMLBGAME-25JUL24TORDET-TOR,45,55,53,yes
1753396703055,1753396702,KXMLBGAME-25JUL24TORDET-TOR,45,55,287,yes
1753396713094,1753396713,KXMLBGAME-25JUL24SDSTL-STL,60,40,3,yes
1753396715053,1753396715,KXMLBGAME-25JUL24SEALAA-SEA,43,57,22,yes
1753396722371,1753396722,KXMLBGAME-25JUL24ATHHOU-ATH,42,58,114,yes
1753396728493,1753396728,KXMLBGAME-25JUL24TORDET-TOR,45,55,42,yes
1753396737360,1753396737,KXMLBGAME-25JUL24ATHHOU-HOU,59,41,41,yes
1753396738016,1753396737,KXMLBGAME-25JUL24TORDET-TOR,45,55,2,yes
1753396739408,1753396739,KXMLBGAME-25JUL24TORDET-DET,57,43,20,yes
1753396740126,1753396739,KXMLBGAME-25JUL24TORDET-DET,57,43,85,yes
1753396741558,1753396741,KXMLBGAME-25JUL24TORDET-DET,57,43,27,yes
1753396745058,1753396745,KXMLBGAME-25JUL24ATHHOU-HOU,59,41,8,yes
1753396746090,1753396746,KXMLBGAME-25JUL24TORDET-DET,57,43,50,yes
1753396748652,1753396748,KXMLBGAME-25JUL24TORDET-DET,56,44,5,no
1753396752573,1753396752,KXMLBGAME-25JUL24TORDET-TOR,45,55,42,yes
1753396761323,1753396761,KXMLBGAME-25JUL24SEALAA-LAA,57,43,8,yes
1753396761542,1753396761,KXMLBGAME-25JUL24TORDET-TOR,45,55,74,yes
1753396764494,1753396764,KXMLBGAME-25JUL24TORDET-TOR,45,55,53,yes
1753396770213,1753396770,KXMLBGAME-25JUL24TORDET-DET,56,44,26,yes
1753396774517,1753396774,KXMLBGAME-25JUL24TORDET-TOR,45,55,41,yes
1753396775863,1753396775,KXMLBGAME-25JUL24TORDET-DET,56,44,173,yes
1753396775863,1753396775,KXMLBGAME-25JUL24ATHHOU-HOU,59,41,8,yes
1753396783994,1753396783,KXMLBGAME-25JUL24ATHHOU-HOU,59,41,29,yes
1753396784433,1753396784,KXMLBGAME-25JUL24TORDET-TOR,45,55,156,yes
1753396801258,1753396801,KXMLBGAME-25JUL24TORDET-DET,56,44,33,yes
1753396806787,1753396806,KXMLBGAME-25JUL24TORDET-DET,56,44,3,yes
1753396807313,1753396807,KXMLBGAME-25JUL24TORDET-DET,56,44,10,yes
1753396812826,1753396812,KXMLBGAME-25JUL24TORDET-TOR,45,55,25,yes
1753396818195,1753396818,KXMLBGAME-25JUL24TORDET-TOR,45,55,42,yes
1753396820594,1753396820,KXMLBGAME-25JUL24SEALAA-SEA,43,57,8,yes
1753396832575,1753396832,KXMLBGAME-25JUL24TORDET-DET,57,43,5,yes
1753396832575,1753396832,KXMLBGAME-25JUL24TORDET-DET,57,43,14,yes
1753396837935,1753396837,KXMLBGAME-25JUL24TORDET-TOR,44,56,328,yes
1753396842173,1753396842,KXMLBGAME-25JUL24ATHHOU-HOU,59,41,81,yes
1753396853555,1753396853,KXMLBGAME-25JUL24SDSTL-STL,60,40,8,yes
1753396858935,1753396858,KXMLBGAME-25JUL24ATHHOU-ATH,42,58,91,yes
1753396864074,1753396863,KXMLBGAME-25JUL24TORDET-DET,58,42,83,yes
1753396871794,1753396871,KXMLBGAME-25JUL24TORDET-DET,58,42,17,yes
1753396871794,1753396871,KXMLBGAME-25JUL24TORDET-DET,58,42,5,yes
1753396871794,1753396871,KXMLBGAME-25JUL24TORDET-DET,58,42,145,yes
1753396871873,1753396871,KXMLBGAME-25JUL24TORDET-DET,58,42,1,yes
1753396873654,1753396873,KXMLBGAME-25JUL24TORDET-TOR,44,56,3,yes
1753396874797,1753396874,KXMLBGAME-25JUL24TORDET-TOR,44,56,43,yes
1753396878614,1753396878,KXMLBGAME-25JUL24ATHHOU-HOU,59,41,150,yes
1753396879233,1753396879,KXMLBGAME-25JUL24TORDET-TOR,44,56,19,yes
1753396880926,1753396880,KXMLBGAME-25JUL24TORDET-TOR,44,56,12,yes
1753396888655,1753396888,KXMLBGAME-25JUL24TORDET-TOR,44,56,2,yes
1753396888855,1753396888,KXMLBGAME-25JUL24TORDET-TOR,44,56,87,yes
1753396896573,1753396896,KXMLBGAME-25JUL24ATHHOU-HOU,59,41,213,yes
1753396896573,1753396896,KXMLBGAME-25JUL24ATHHOU-HOU,59,41,198,yes
1753396898234,1753396898,KXMLBGAME-25JUL24TORDET-TOR,44,56,109,yes
1753396898574,1753396898,KXMLBGAME-25JUL24SDSTL-SD,42,58,45,yes
1753396906576,1753396906,KXMLBGAME-25JUL24TORDET-DET,58,42,83,yes
1753396908435,1753396908,KXMLBGAME-25JUL24TORDET-TOR,44,56,43,yes
1753396928633,1753396928,KXMLBGAME-25JUL24TORDET-DET,58,42,5,yes
1753396928633,1753396928,KXMLBGAME-25JUL24TORDET-DET,59,41,5,yes
1753396928633,1753396928,KXMLBGAME-25JUL24TORDET-DET,59,41,110,yes
1753396934035,1753396933,KXMLBGAME-25JUL24TORDET-TOR,44,56,1093,yes
1753396935835,1753396935,KXMLBGAME-25JUL24TORDET-DET,59,41,4,yes
1753396942837,1753396942,KXMLBGAME-25JUL24TORDET-DET,59,41,1,yes
1753396942837,1753396942,KXMLBGAME-25JUL24TORDET-DET,59,41,4,yes
1753396942837,1753396942,KXMLBGAME-25JUL24TORDET-DET,60,40,5,yes
1753396942837,1753396942,KXMLBGAME-25JUL24TORDET-DET,60,40,22,yes
1753396948555,1753396948,KXMLBGAME-25JUL24TORDET-TOR,44,56,5,yes
1753396948555,1753396948,KXMLBGAME-25JUL24TORDET-TOR,44,56,16,yes
1753396952299,1753396952,KXMLBGAME-25JUL24SDSTL-STL,60,40,45,yes
1753396954294,1753396954,KXMLBGAME-25JUL24ATHHOU-HOU,59,41,50,yes
1753396956593,1753396956,KXMLBGAME-25JUL24TORDET-TOR,43,57,100,no
1753396963513,1753396963,KXMLBGAME-25JUL24TORDET-TOR,42,58,5,yes
1753396963513,1753396963,KXMLBGAME-25JUL24TORDET-TOR,43,57,51,yes
1753396965693,1753396965,KXMLBGAME-25JUL24TORDET-TOR,42,58,2,yes
1753396966354,1753396966,KXMLBGAME-25JUL24TORDET-TOR,42,58,100,yes
1753396980254,1753396980,KXMLBGAME-25JUL24ATHHOU-ATH,42,58,11,yes
1753396980294,1753396980,KXMLBGAME-25JUL24TORDET-TOR,42,58,5,yes
1753396980294,1753396980,KXMLBGAME-25JUL24TORDET-TOR,42,58,4,yes
1753396980761,1753396980,KXMLBGAME-25JUL24SDSTL-SD,42,58,48,yes
1753396982354,1753396982,KXMLBGAME-25JUL24TORDET-TOR,42,58,45,yes
1753396988514,1753396988,KXMLBGAME-25JUL24TORDET-DET,61,39,2,yes
1753396988514,1753396988,KXMLBGAME-25JUL24TORDET-DET,61,39,300,yes
1753396988514,1753396988,KXMLBGAME-25JUL24TORDET-DET,61,39,200,yes
1753396988514,1753396988,KXMLBGAME-25JUL24TORDET-DET,61,39,5,yes
1753396988514,1753396988,KXMLBGAME-25JUL24TORDET-DET,61,39,274,yes
1753396993534,1753396993,KXMLBGAME-25JUL24ATHHOU-ATH,42,58,2,yes
1753396996229,1753396996,KXMLBGAME-25JUL24TORDET-DET,59,41,32,yes
1753396996714,1753396996,KXMLBGAME-25JUL24SEALAA-LAA,58,42,25,yes
1753397005075,1753397005,KXMLBGAME-25JUL24TORDET-TOR,41,59,23,yes
1753397007473,1753397007,KXMLBGAME-25JUL24TORDET-DET,60,40,314,yes
1753397015872,1753397015,KXMLBGAME-25JUL24TORDET-TOR,41,59,5,yes
1753397023656,1753397023,KXMLBGAME-25JUL24TORDET-TOR,42,58,9,yes
1753397024416,1753397024,KXMLBGAME-25JUL24SEALAA-SEA,43,57,22,yes
1753397024914,1753397024,KXMLBGAME-25JUL24SEALAA-SEA,43,57,357,yes
1753397033298,1753397033,KXMLBGAME-25JUL24TORDET-TOR,41,59,9,yes
1753397038114,1753397038,KXMLBGAME-25JUL24TORDET-TOR,41,59,11,yes
1753397045996,1753397045,KXMLBGAME-25JUL24TORDET-DET,59,41,5,no
1753397046073,1753397045,KXMLBGAME-25JUL24TORDET-TOR,41,59,280,yes
1753397046073,1753397045,KXMLBGAME-25JUL24TORDET-TOR,41,59,200,yes
1753397046073,1753397045,KXMLBGAME-25JUL24TORDET-TOR,41,59,291,yes
1753397046073,1753397045,KXMLBGAME-25JUL24TORDET-TOR,41,59,5,yes
1753397053638,1753397053,KXMLBGAME-25JUL24TORDET-TOR,41,59,300,yes
1753397053638,1753397053,KXMLBGAME-25JUL24TORDET-TOR,42,58,5,yes
1753397053638,1753397053,KXMLBGAME-25JUL24TORDET-TOR,42,58,500,yes
1753397053638,1753397053,KXMLBGAME-25JUL24TORDET-TOR,42,58,338,yes
1753397056031,1753397055,KXMLBGAME-25JUL24ATHHOU-HOU,59,41,123,yes
1753397061015,1753397060,KXMLBGAME-25JUL24TORDET-DET,61,39,5,yes
1753397061015,1753397060,KXMLBGAME-25JUL24TORDET-DET,62,38,5,yes
1753397061015,1753397060,KXMLBGAME-25JUL24TORDET-DET,62,38,1,yes
1753397069445,1753397069,KXMLBGAME-25JUL24TORDET-TOR,41,59,5,yes
1753397069445,1753397069,KXMLBGAME-25JUL24TORDET-TOR,42,58,6,yes
1753397070317,1753397070,KXMLBGAME-25JUL24SDSTL-STL,60,40,382,yes
1753397074774,1753397074,KXMLBGAME-25JUL24TORDET-DET,61,39,5,yes
1753397074774,1753397074,KXMLBGAME-25JUL24TORDET-DET,62,38,74,yes
1753397076557,1753397076,KXMLBGAME-25JUL24TORDET-DET,62,38,39,yes
1753397083162,1753397083,KXMLBGAME-25JUL24SEALAA-LAA,58,42,5,yes
1753397084976,1753397084,KXMLBGAME-25JUL24TORDET-DET,59,41,300,no
1753397084976,1753397084,KXMLBGAME-25JUL24TORDET-DET,59,41,5,no
1753397085036,1753397084,KXMLBGAME-25JUL24TORDET-TOR,41,59,5,yes
1753397089018,1753397088,KXMLBGAME-25JUL24TORDET-TOR,41,59,11,yes
1753397091257,1753397091,KXMLBGAME-25JUL24TORDET-TOR,41,59,289,yes
1753397091257,1753397091,KXMLBGAME-25JUL24TORDET-TOR,41,59,5,yes
1753397091257,1753397091,KXMLBGAME-25JUL24TORDET-TOR,42,58,5,yes
1753397091257,1753397091,KXMLBGAME-25JUL24TORDET-TOR,42,58,300,yes
1753397091257,1753397091,KXMLBGAME-25JUL24TORDET-TOR,42,58,94,yes
1753397092281,1753397092,KXMLBGAME-25JUL24TORDET-DET,60,40,3,yes
1753397110073,1753397110,KXMLBGAME-25JUL24TORDET-TOR,41,59,300,yes
1753397110073,1753397110,KXMLBGAME-25JUL24TORDET-TOR,42,58,106,yes
1753397110073,1753397110,KXMLBGAME-25JUL24TORDET-TOR,42,58,58,yes
1753397111515,1753397111,KXMLBGAME-25JUL24TORDET-DET,60,40,14,yes
1753397114576,1753397114,KXMLBGAME-25JUL24TORDET-TOR,41,59,117,yes
1753397115657,1753397115,KXMLBGAME-25JUL24TORDET-TOR,41,59,2,yes
1753397118674,1753397118,KXMLBGAME-25JUL24SEALAA-LAA,58,42,50,yes
1753397119634,1753397119,KXMLBGAME-25JUL24TORDET-TOR,41,59,23,yes
1753397121260,1753397121,KXMLBGAME-25JUL24SDSTL-SD,42,58,57,yes
1753397121972,1753397121,KXMLBGAME-25JUL24TORDET-DET,60,40,6,yes
1753397130854,1753397130,KXMLBGAME-25JUL24TORDET-DET,60,40,8,yes
1753397132677,1753397132,KXMLBGAME-25JUL24TORDET-DET,60,40,1,yes
1753397134534,1753397134,KXMLBGAME-25JUL24ATHHOU-HOU,59,41,41,yes
1753397135903,1753397135,KXMLBGAME-25JUL24TORDET-TOR,41,59,57,yes
1753397139414,1753397139,KXMLBGAME-25JUL24ATHHOU-HOU,59,41,41,yes
1753397159678,1753397159,KXMLBGAME-25JUL24TORDET-TOR,41,59,101,yes
1753397159678,1753397159,KXMLBGAME-25JUL24TORDET-TOR,42,58,56,yes
1753397159992,1753397159,KXMLBGAME-25JUL24SEALAA-SEA,43,57,53,yes
1753397164063,1753397163,KXMLBGAME-25JUL24TORDET-DET,60,40,268,yes
1753397164063,1753397163,KXMLBGAME-25JUL24TORDET-DET,60,40,17,yes
1753397169389,1753397169,KXMLBGAME-25JUL24ATHHOU-HOU,59,41,106,yes
1753397172213,1753397172,KXMLBGAME-25JUL24SDSTL-STL,60,40,79,yes
1753397177817,1753397177,KXMLBGAME-25JUL24TORDET-TOR,41,59,19,yes
1753397181318,1753397181,KXMLBGAME-25JUL24TORDET-DET,60,40,77,yes
1753397181318,1753397181,KXMLBGAME-25JUL24TORDET-DET,60,40,4,yes
1753397191714,1753397191,KXMLBGAME-25JUL24TORDET-DET,60,40,8,yes
1753397192474,1753397192,KXMLBGAME-25JUL24TORDET-DET,60,40,14,yes
1753397193275,1753397193,KXMLBGAME-25JUL24TORDET-TOR,41,59,70,yes
1753397201117,1753397201,KXMLBGAME-25JUL24TORDET-TOR,42,58,5,yes
1753397206155,1753397206,KXMLBGAME-25JUL24TORDET-DET,57,43,800,no
1753397206155,1753397206,KXMLBGAME-25JUL24TORDET-DET,57,43,5,no
1753397206155,1753397206,KXMLBGAME-25JUL24TORDET-DET,57,43,300,no
1753397206274,1753397206,KXMLBGAME-25JUL24TORDET-TOR,43,57,5,yes
1753397239114,1753397239,KXMLBGAME-25JUL24TORDET-TOR,44,56,1,yes
1753397257351,1753397257,KXMLBGAME-25JUL24TORDET-TOR,40,60,5,no
1753397257351,1753397257,KXMLBGAME-25JUL24TORDET-TOR,40,60,5,no
1753397258913,1753397258,KXMLBGAME-25JUL24TORDET-TOR,39,61,5,no
1753397260173,1753397260,KXMLBGAME-25JUL24SDSTL-STL,60,40,39,yes
1753397263675,1753397263,KXMLBGAME-25JUL24SDSTL-STL,60,40,216,yes
1753397270655,1753397270,KXMLBGAME-25JUL24TORDET-DET,61,39,5,yes
1753397271717,1753397271,KXMLBGAME-25JUL24TORDET-TOR,42,58,5,yes
1753397271717,1753397271,KXMLBGAME-25JUL24TORDET-TOR,43,57,5,yes
1753397271717,1753397271,KXMLBGAME-25JUL24TORDET-TOR,44,56,1,yes
1753397271773,1753397271,KXMLBGAME-25JUL24TORDET-DET,62,38,5,yes
1753397271773,1753397271,KXMLBGAME-25JUL24TORDET-DET,64,36,56,yes
1753397274194,1753397274,KXMLBGAME-25JUL24TORDET-TOR,39,61,5,no
1753397274194,1753397274,KXMLBGAME-25JUL24TORDET-TOR,38,62,5,no
1753397274194,1753397274,KXMLBGAME-25JUL24TORDET-DET,65,35,10,yes
1753397274393,1753397274,KXMLBGAME-25JUL24TORDET-DET,66,34,5,yes
1753397275015,1753397274,KXMLBGAME-25JUL24TORDET-DET,67,33,5,yes
1753397282152,1753397282,KXMLBGAME-25JUL24TORDET-TOR,33,67,300,yes
1753397282152,1753397282,KXMLBGAME-25JUL24TORDET-TOR,34,66,270,yes
1753397286944,1753397286,KXMLBGAME-25JUL24TORDET-TOR,33,67,5,yes
1753397286944,1753397286,KXMLBGAME-25JUL24TORDET-TOR,33,67,21,yes
1753397287094,1753397287,KXMLBGAME-25JUL24TORDET-DET,68,32,4,yes
1753397290595,1753397290,KXMLBGAME-25JUL24TORDET-DET,68,32,4,yes
1753397291055,1753397290,KXMLBGAME-25JUL24TORDET-DET,68,32,80,yes
1753397291055,1753397290,KXMLBGAME-25JUL24TORDET-DET,68,32,121,yes
1753397291055,1753397290,KXMLBGAME-25JUL24TORDET-DET,69,31,5,yes
1753397291055,1753397290,KXMLBGAME-25JUL24TORDET-DET,69,31,5,yes
1753397291055,1753397290,KXMLBGAME-25JUL24TORDET-DET,69,31,300,yes
1753397291055,1753397290,KXMLBGAME-25JUL24TORDET-DET,69,31,200,yes
1753397291055,1753397290,KXMLBGAME-25JUL24TORDET-DET,70,30,140,yes
1753397295716,1753397295,KXMLBGAME-25JUL24TORDET-TOR,32,68,44,yes
1753397306912,1753397306,KXMLBGAME-25JUL24TORDET-TOR,32,68,5,yes
1753397311408,1753397311,KXMLBGAME-25JUL24TORDET-TOR,32,68,251,yes
1753397311408,1753397311,KXMLBGAME-25JUL24TORDET-TOR,32,68,5,yes
1753397311408,1753397311,KXMLBGAME-25JUL24TORDET-TOR,33,67,41,yes
1753397313413,1753397313,KXMLBGAME-25JUL24TORDET-TOR,33,67,259,yes
1753397313414,1753397313,KXMLBGAME-25JUL24TORDET-TOR,33,67,30,yes
1753397320496,1753397320,KXMLBGAME-25JUL24TORDET-TOR,32,68,17,yes
1753397320817,1753397320,KXMLBGAME-25JUL24SEALAA-LAA,58,42,8,yes
1753397326874,1753397326,KXMLBGAME-25JUL24TORDET-DET,70,30,1,yes
1753397343513,1753397343,KXMLBGAME-25JUL24TORDET-TOR,32,68,15,yes
1753397345052,1753397345,KXMLBGAME-25JUL24TORDET-TOR,32,68,123,yes
1753397346776,1753397346,KXMLBGAME-25JUL24TORDET-TOR,32,68,10,yes
1753397347234,1753397347,KXMLBGAME-25JUL24TORDET-TOR,32,68,14,yes
1753397347817,1753397347,KXMLBGAME-25JUL24SDSTL-STL,60,40,200,yes
1753397349493,1753397349,KXMLBGAME-25JUL24ATHHOU-HOU,59,41,247,yes
1753397349595,1753397349,KXMLBGAME-25JUL24TORDET-TOR,32,68,121,yes
1753397349595,1753397349,KXMLBGAME-25JUL24TORDET-TOR,33,67,5,yes
1753397349595,1753397349,KXMLBGAME-25JUL24TORDET-TOR,33,67,167,yes
1753397350854,1753397350,KXMLBGAME-25JUL24TORDET-DET,69,31,500,yes
1753397350854,1753397350,KXMLBGAME-25JUL24TORDET-DET,69,31,209,yes
1753397352755,1753397352,KXMLBGAME-25JUL24TORDET-TOR,31,69,41,no
1753397353917,1753397353,KXMLBGAME-25JUL24ATHHOU-HOU,59,41,8,yes
1753397358053,1753397357,KXMLBGAME-25JUL24TORDET-TOR,32,68,2,yes
1753397358053,1753397357,KXMLBGAME-25JUL24TORDET-TOR,33,67,298,yes
1753397359053,1753397359,KXMLBGAME-25JUL24TORDET-TOR,32,68,5,yes
1753397359053,1753397359,KXMLBGAME-25JUL24TORDET-TOR,33,67,3,yes
1753397360574,1753397360,KXMLBGAME-25JUL24TORDET-TOR,33,67,2,yes
1753397360574,1753397360,KXMLBGAME-25JUL24TORDET-TOR,34,66,12,yes
1753397367124,1753397367,KXMLBGAME-25JUL24TORDET-DET,68,32,5,yes
1753397367124,1753397367,KXMLBGAME-25JUL24TORDET-DET,69,31,116,yes
1753397367574,1753397367,KXMLBGAME-25JUL24TORDET-DET,69,31,7,yes
1753397369996,1753397369,KXMLBGAME-25JUL24TORDET-TOR,33,67,289,yes
1753397372142,1753397371,KXMLBGAME-25JUL24TORDET-TOR,33,67,5,yes
1753397373533,1753397373,KXMLBGAME-25JUL24TORDET-DET,69,31,354,yes
1753397381016,1753397380,KXMLBGAME-25JUL24TORDET-TOR,32,68,300,yes
1753397381352,1753397381,KXMLBGAME-25JUL24TORDET-DET,68,32,16,yes
1753397382037,1753397381,KXMLBGAME-25JUL24TORDET-DET,69,31,5,yes
1753397382037,1753397381,KXMLBGAME-25JUL24TORDET-DET,70,30,5,yes
1753397382037,1753397381,KXMLBGAME-25JUL24TORDET-DET,70,30,269,yes
1753397384295,1753397384,KXMLBGAME-25JUL24TORDET-DET,70,30,31,yes
1753397384295,1753397384,KXMLBGAME-25JUL24TORDET-DET,70,30,200,yes
1753397384295,1753397384,KXMLBGAME-25JUL24TORDET-DET,70,30,315,yes
1753397398049,1753397397,KXMLBGAME-25JUL24TORDET-TOR,32,68,15,yes
1753397398793,1753397398,KXMLBGAME-25JUL24TORDET-TOR,32,68,2,yes
1753397398995,1753397398,KXMLBGAME-25JUL24TORDET-DET,68,32,5,no
1753397398995,1753397398,KXMLBGAME-25JUL24TORDET-DET,67,33,5,no
1753397398995,1753397398,KXMLBGAME-25JUL24TORDET-DET,67,33,166,no
1753397400135,1753397400,KXMLBGAME-25JUL24TORDET-TOR,32,68,252,yes
1753397400135,1753397400,KXMLBGAME-25JUL24TORDET-TOR,32,68,300,yes
1753397400135,1753397400,KXMLBGAME-25JUL24TORDET-TOR,32,68,31,yes
1753397400135,1753397400,KXMLBGAME-25JUL24TORDET-TOR,32,68,200,yes
1753397400135,1753397400,KXMLBGAME-25JUL24TORDET-TOR,32,68,5,yes
1753397413151,1753397413,KXMLBGAME-25JUL24TORDET-DET,68,32,71,yes
1753397417405,1753397417,KXMLBGAME-25JUL24TORDET-DET,68,32,2,yes
1753397417898,1753397417,KXMLBGAME-25JUL24SDSTL-SD,42,58,9,yes
1753397419656,1753397419,KXMLBGAME-25JUL24TORDET-TOR,33,67,14,yes
1753397426432,1753397426,KXMLBGAME-25JUL24TORDET-DET,68,32,2783,yes
1753397429433,1753397429,KXMLBGAME-25JUL24TORDET-TOR,34,66,8,yes
1753397454779,1753397454,KXMLBGAME-25JUL24SDSTL-SD,42,58,114,yes
1753397455055,1753397455,KXMLBGAME-25JUL24TORDET-TOR,35,65,300,yes
1753397455055,1753397455,KXMLBGAME-25JUL24TORDET-TOR,35,65,5,yes
1753397455055,1753397455,KXMLBGAME-25JUL24TORDET-TOR,36,64,9,yes
1753397469194,1753397469,KXMLBGAME-25JUL24TORDET-DET,67,33,5,yes
1753397469194,1753397469,KXMLBGAME-25JUL24TORDET-DET,68,32,81,yes
1753397470254,1753397470,KXMLBGAME-25JUL24SDSTL-SD,42,58,80,yes
1753397471254,1753397471,KXMLBGAME-25JUL24TORDET-DET,68,32,15,yes
1753397478935,1753397478,KXMLBGAME-25JUL24TORDET-TOR,35,65,27,yes
1753397482878,1753397482,KXMLBGAME-25JUL24SEALAA-SEA,43,57,670,yes
1753397486024,1753397485,KXMLBGAME-25JUL24TORDET-TOR,35,65,273,yes
1753397486024,1753397485,KXMLBGAME-25JUL24TORDET-TOR,35,65,5,yes
1753397486024,1753397485,KXMLBGAME-25JUL24TORDET-TOR,35,65,164,yes
1753397489078,1753397489,KXMLBGAME-25JUL24SDSTL-SD,42,58,96,yes
1753397490854,1753397490,KXMLBGAME-25JUL24TORDET-DET,65,35,5,no
1753397490854,1753397490,KXMLBGAME-25JUL24TORDET-DET,65,35,500,no
1753397490854,1753397490,KXMLBGAME-25JUL24TORDET-DET,64,36,7,no
1753397490854,1753397490,KXMLBGAME-25JUL24TORDET-DET,64,36,5,no
1753397490975,1753397490,KXMLBGAME-25JUL24TORDET-TOR,35,65,136,yes
1753397490975,1753397490,KXMLBGAME-25JUL24TORDET-TOR,35,65,200,yes
1753397490975,1753397490,KXMLBGAME-25JUL24TORDET-TOR,35,65,500,yes
1753397490975,1753397490,KXMLBGAME-25JUL24TORDET-TOR,35,65,5,yes
1753397490975,1753397490,KXMLBGAME-25JUL24TORDET-TOR,35,65,300,yes
1753397490975,1753397490,KXMLBGAME-25JUL24TORDET-TOR,36,64,5,yes
1753397490975,1753397490,KXMLBGAME-25JUL24TORDET-TOR,36,64,300,yes
1753397490976,1753397490,KXMLBGAME-25JUL24TORDET-TOR,36,64,200,yes
1753397490976,1753397490,KXMLBGAME-25JUL24TORDET-TOR,36,64,600,yes
1753397490976,1753397490,KXMLBGAME-25JUL24TORDET-TOR,36,64,500,yes
1753397503034,1753397502,KXMLBGAME-25JUL24TORDET-TOR,36,64,39,yes
1753397503754,1753397503,KXMLBGAME-25JUL24TORDET-DET,65,35,5,yes
1753397503754,1753397503,KXMLBGAME-25JUL24TORDET-DET,66,34,143,yes
1753397504056,1753397504,KXMLBGAME-25JUL24TORDET-TOR,35,65,4,no
1753397505876,1753397505,KXMLBGAME-25JUL24TORDET-DET,65,35,300,no
1753397505876,1753397505,KXMLBGAME-25JUL24TORDET-DET,65,35,25,no
1753397508013,1753397507,KXMLBGAME-25JUL24TORDET-DET,65,35,1501,yes
1753397508174,1753397508,KXMLBGAME-25JUL24TORDET-TOR,36,64,5,yes
1753397509134,1753397509,KXMLBGAME-25JUL24TORDET-TOR,35,65,5,no
1753397509134,1753397509,KXMLBGAME-25JUL24TORDET-DET,65,35,5,yes
1753397509199,1753397509,KXMLBGAME-25JUL24TORDET-TOR,35,65,170,yes
1753397511533,1753397511,KXMLBGAME-25JUL24TORDET-TOR,35,65,54,yes
1753397515134,1753397515,KXMLBGAME-25JUL24TORDET-TOR,36,64,495,yes
1753397515476,1753397515,KXMLBGAME-25JUL24TORDET-DET,64,36,500,no
1753397515953,1753397515,KXMLBGAME-25JUL24TORDET-DET,63,37,600,no
1753397515953,1753397515,KXMLBGAME-25JUL24TORDET-DET,63,37,2000,no
1753397515953,1753397515,KXMLBGAME-25JUL24TORDET-DET,63,37,5,no
1753397516076,1753397515,KXMLBGAME-25JUL24TORDET-TOR,37,63,600,yes
1753397516076,1753397515,KXMLBGAME-25JUL24TORDET-TOR,37,63,600,yes
1753397516076,1753397515,KXMLBGAME-25JUL24TORDET-TOR,37,63,500,yes
1753397516076,1753397515,KXMLBGAME-25JUL24TORDET-TOR,37,63,200,yes
1753397516076,1753397515,KXMLBGAME-25JUL24TORDET-TOR,37,63,5,yes
1753397516733,1753397516,KXMLBGAME-25JUL24TORDET-DET,64,36,147,yes
1753397519756,1753397519,KXMLBGAME-25JUL24TORDET-TOR,38,62,5,yes
1753397519855,1753397519,KXMLBGAME-25JUL24TORDET-TOR,38,62,50,no
1753397523893,1753397523,KXMLBGAME-25JUL24TORDET-TOR,36,64,5,no
1753397523994,1753397523,KXMLBGAME-25JUL24TORDET-DET,64,36,5,yes
1753397527381,1753397527,KXMLBGAME-25JUL24TORDET-DET,65,35,15,yes
1753397527414,1753397527,KXMLBGAME-25JUL24TORDET-DET,65,35,150,yes
1753397529356,1753397529,KXMLBGAME-25JUL24SDSTL-STL,59,41,114,no
1753397537928,1753397537,KXMLBGAME-25JUL24TORDET-TOR,36,64,13,yes
1753397539464,1753397539,KXMLBGAME-25JUL24TORDET-TOR,36,64,146,yes
1753397540234,1753397540,KXMLBGAME-25JUL24TORDET-DET,65,35,7,yes
1753397547394,1753397547,KXMLBGAME-25JUL24TORDET-TOR,36,64,5,no
1753397547394,1753397547,KXMLBGAME-25JUL24TORDET-DET,64,36,5,yes
1753397550697,1753397550,KXMLBGAME-25JUL24TORDET-DET,65,35,1,yes
1753397564245,1753397564,KXMLBGAME-25JUL24SDSTL-SD,42,58,114,yes
1753397571312,1753397571,KXMLBGAME-25JUL24SEALAA-SEA,43,57,44,yes
1753397579473,1753397579,KXMLBGAME-25JUL24TORDET-DET,65,35,7,yes
1753397580596,1753397580,KXMLBGAME-25JUL24TORDET-TOR,36,64,132,yes
1753397580634,1753397580,KXMLBGAME-25JUL24TORDET-TOR,36,64,168,yes
1753397585334,1753397585,KXMLBGAME-25JUL24TORDET-TOR,37,63,258,yes
1753397588207,1753397588,KXMLBGAME-25JUL24TORDET-DET,64,36,5,yes
1753397592558,1753397592,KXMLBGAME-25JUL24TORDET-TOR,36,64,5,no
1753397596092,1753397595,KXMLBGAME-25JUL24TORDET-TOR,36,64,100,yes
1753397603696,1753397603,KXMLBGAME-25JUL24TORDET-TOR,36,64,100,yes
1753397603874,1753397603,KXMLBGAME-25JUL24TORDET-DET,64,36,75,yes
1753397605156,1753397605,KXMLBGAME-25JUL24TORDET-TOR,37,63,242,yes
1753397605156,1753397605,KXMLBGAME-25JUL24TORDET-TOR,37,63,5,yes
1753397605156,1753397605,KXMLBGAME-25JUL24TORDET-TOR,38,62,5,yes
1753397605156,1753397605,KXMLBGAME-25JUL24TORDET-TOR,38,62,258,yes
1753397608514,1753397608,KXMLBGAME-25JUL24TORDET-TOR,37,63,37,yes
1753397611409,1753397611,KXMLBGAME-25JUL24TORDET-TOR,37,63,5,yes
1753397611834,1753397611,KXMLBGAME-25JUL24TORDET-TOR,37,63,100,yes
1753397615435,1753397615,KXMLBGAME-25JUL24TORDET-TOR,37,63,158,yes
1753397615435,1753397615,KXMLBGAME-25JUL24TORDET-TOR,38,62,342,yes
1753397615435,1753397615,KXMLBGAME-25JUL24TORDET-TOR,38,62,8,yes
1753397624458,1753397624,KXMLBGAME-25JUL24TORDET-DET,64,36,7,yes
1753397633594,1753397633,KXMLBGAME-25JUL24TORDET-TOR,37,63,12,yes
1753397639695,1753397639,KXMLBGAME-25JUL24TORDET-TOR,37,63,12,yes
1753397642254,1753397642,KXMLBGAME-25JUL24TORDET-TOR,37,63,225,yes
1753397642674,1753397642,KXMLBGAME-25JUL24ATHHOU-HOU,59,41,59,yes
1753397644235,1753397644,KXMLBGAME-25JUL24TORDET-DET,64,36,195,yes
1753397644235,1753397644,KXMLBGAME-25JUL24TORDET-DET,64,36,33,yes
1753397654153,1753397654,KXMLBGAME-25JUL24TORDET-DET,64,36,9,yes
1753397656795,1753397656,KXMLBGAME-25JUL24TORDET-TOR,37,63,25,yes
1753397660974,1753397660,KXMLBGAME-25JUL24TORDET-TOR,36,64,5,no
1753397668333,1753397668,KXMLBGAME-25JUL24TORDET-TOR,36,64,15,yes
1753397672073,1753397671,KXMLBGAME-25JUL24TORDET-DET,64,36,15,yes
1753397685934,1753397685,KXMLBGAME-25JUL24TORDET-DET,64,36,4,yes
1753397686053,1753397685,KXMLBGAME-25JUL24SDSTL-SD,42,58,22,yes
1753397686797,1753397686,KXMLBGAME-25JUL24TORDET-TOR,36,64,280,yes
1753397686797,1753397686,KXMLBGAME-25JUL24TORDET-TOR,36,64,730,yes
1753397692041,1753397691,KXMLBGAME-25JUL24TORDET-TOR,36,64,77,yes
1753397692112,1753397692,KXMLBGAME-25JUL24SDSTL-SD,42,58,11,yes
1753397697393,1753397697,KXMLBGAME-25JUL24TORDET-TOR,36,64,100,yes
1753397700882,1753397700,KXMLBGAME-25JUL24TORDET-TOR,36,64,66,yes
1753397703735,1753397703,KXMLBGAME-25JUL24TORDET-TOR,36,64,265,yes
1753397704273,1753397704,KXMLBGAME-25JUL24ATHHOU-HOU,59,41,164,yes
1753397708634,1753397708,KXMLBGAME-25JUL24ATHHOU-HOU,59,41,8,yes
1753397715094,1753397715,KXMLBGAME-25JUL24ATHHOU-HOU,59,41,24,yes
1753397715974,1753397715,KXMLBGAME-25JUL24TORDET-TOR,35,65,5,no
1753397717606,1753397717,KXMLBGAME-25JUL24TORDET-TOR,35,65,5,yes
1753397732517,1753397732,KXMLBGAME-25JUL24ATHHOU-HOU,59,41,29,yes
1753397733896,1753397733,KXMLBGAME-25JUL24TORDET-TOR,37,63,2,yes
1753397735857,1753397735,KXMLBGAME-25JUL24TORDET-DET,65,35,2,yes
1753397735857,1753397735,KXMLBGAME-25JUL24TORDET-DET,65,35,5,yes
1753397735857,1753397735,KXMLBGAME-25JUL24TORDET-DET,66,34,5,yes
1753397735857,1753397735,KXMLBGAME-25JUL24TORDET-DET,67,33,61,yes
1753397736013,1753397735,KXMLBGAME-25JUL24TORDET-TOR,35,65,10,no
1753397736013,1753397735,KXMLBGAME-25JUL24TORDET-TOR,35,65,5,no
1753397736013,1753397735,KXMLBGAME-25JUL24TORDET-TOR,34,66,5,no
1753397736276,1753397736,KXMLBGAME-25JUL24TORDET-DET,67,33,72,yes
1753397739095,1753397739,KXMLBGAME-25JUL24TORDET-TOR,33,67,14,yes
1753397741614,1753397741,KXMLBGAME-25JUL24TORDET-DET,67,33,410,yes
1753397741614,1753397741,KXMLBGAME-25JUL24TORDET-DET,68,32,171,yes
1753397742199,1753397742,KXMLBGAME-25JUL24TORDET-TOR,34,66,140,yes
1753397747654,1753397747,KXMLBGAME-25JUL24SDSTL-SD,42,58,11,yes
1753397747776,1753397747,KXMLBGAME-25JUL24TORDET-DET,68,32,5,yes
1753397747776,1753397747,KXMLBGAME-25JUL24TORDET-DET,69,31,136,yes
1753397754357,1753397754,KXMLBGAME-25JUL24TORDET-TOR,33,67,5,yes
1753397754357,1753397754,KXMLBGAME-25JUL24TORDET-TOR,34,66,160,yes
1753397754357,1753397754,KXMLBGAME-25JUL24TORDET-TOR,34,66,5,yes
1753397754357,1753397754,KXMLBGAME-25JUL24TORDET-TOR,34,66,111,yes
1753397758095,1753397758,KXMLBGAME-25JUL24TORDET-DET,69,31,4,yes
1753397760557,1753397760,KXMLBGAME-25JUL24TORDET-TOR,34,66,60,yes
1753397760557,1753397760,KXMLBGAME-25JUL24TORDET-TOR,34,66,10,yes
1753397769456,1753397769,KXMLBGAME-25JUL24SDSTL-STL,60,40,12,yes
1753397773143,1753397773,KXMLBGAME-25JUL24TORDET-TOR,34,66,10,yes
1753397774255,1753397774,KXMLBGAME-25JUL24SEALAA-LAA,58,42,167,yes
1753397777656,1753397777,KXMLBGAME-25JUL24ATHHOU-ATH,42,58,57,yes
1753397779874,1753397779,KXMLBGAME-25JUL24TORDET-DET,67,33,5,yes
1753397779874,1753397779,KXMLBGAME-25JUL24TORDET-DET,68,32,2,yes
1753397779874,1753397779,KXMLBGAME-25JUL24TORDET-DET,68,32,136,yes
1753397780315,1753397780,KXMLBGAME-25JUL24TORDET-TOR,34,66,5,no
1753397785655,1753397785,KXMLBGAME-25JUL24TORDET-TOR,34,66,28,yes
1753397793014,1753397792,KXMLBGAME-25JUL24TORDET-TOR,32,68,5,no
1753397793014,1753397792,KXMLBGAME-25JUL24TORDET-TOR,31,69,100,no
1753397793014,1753397792,KXMLBGAME-25JUL24TORDET-TOR,31,69,300,no
1753397793014,1753397792,KXMLBGAME-25JUL24TORDET-TOR,31,69,5,no
1753397793014,1753397792,KXMLBGAME-25JUL24TORDET-TOR,31,69,228,no
1753397797917,1753397797,KXMLBGAME-25JUL24ATHHOU-HOU,59,41,164,yes
1753397806336,1753397806,KXMLBGAME-25JUL24TORDET-TOR,33,67,210,yes
1753397806494,1753397806,KXMLBGAME-25JUL24TORDET-TOR,33,67,10,yes
1753397813375,1753397813,KXMLBGAME-25JUL24TORDET-DET,68,32,10,yes
1753397813481,1753397813,KXMLBGAME-25JUL24TORDET-TOR,32,68,15,yes
1753397813674,1753397813,KXMLBGAME-25JUL24TORDET-TOR,32,68,59,yes
1753397820215,1753397820,KXMLBGAME-25JUL24TORDET-TOR,32,68,5,yes
1753397821060,1753397820,KXMLBGAME-25JUL24ATHHOU-HOU,59,41,57,yes
1753397825034,1753397824,KXMLBGAME-25JUL24TORDET-TOR,31,69,100,no
1753397825034,1753397824,KXMLBGAME-25JUL24TORDET-TOR,30,70,110,no
1753397826755,1753397826,KXMLBGAME-25JUL24SDSTL-SD,42,58,55,yes
1753397830555,1753397830,KXMLBGAME-25JUL24TORDET-TOR,32,68,15,yes
1753397835709,1753397835,KXMLBGAME-25JUL24TORDET-DET,71,29,5,yes
1753397835709,1753397835,KXMLBGAME-25JUL24TORDET-DET,71,29,300,yes
1753397835709,1753397835,KXMLBGAME-25JUL24TORDET-DET,71,29,95,yes
1753397836874,1753397836,KXMLBGAME-25JUL24SDSTL-SD,42,58,80,yes
1753397849328,1753397849,KXMLBGAME-25JUL24TORDET-TOR,32,68,37,yes
1753397849328,1753397849,KXMLBGAME-25JUL24TORDET-TOR,32,68,95,yes
1753397849328,1753397849,KXMLBGAME-25JUL24TORDET-TOR,32,68,5,yes
1753397849328,1753397849,KXMLBGAME-25JUL24TORDET-TOR,33,67,5,yes
1753397849328,1753397849,KXMLBGAME-25JUL24TORDET-TOR,33,67,145,yes
1753397852302,1753397852,KXMLBGAME-25JUL24TORDET-TOR,32,68,300,yes
1753397852302,1753397852,KXMLBGAME-25JUL24TORDET-TOR,33,67,27,yes
1753397854475,1753397854,KXMLBGAME-25JUL24TORDET-DET,69,31,27,yes
1753397854475,1753397854,KXMLBGAME-25JUL24TORDET-DET,69,31,5,yes
1753397854475,1753397854,KXMLBGAME-25JUL24TORDET-DET,70,30,60,yes
1753397868093,1753397868,KXMLBGAME-25JUL24TORDET-TOR,32,68,2,yes
1753397872255,1753397872,KXMLBGAME-25JUL24SEALAA-LAA,58,42,83,yes
1753397874413,1753397874,KXMLBGAME-25JUL24TORDET-TOR,32,68,60,yes
1753397875713,1753397875,KXMLBGAME-25JUL24TORDET-DET,71,29,34,yes
1753397887012,1753397886,KXMLBGAME-25JUL24TORDET-TOR,32,68,14,yes
1753397887574,1753397887,KXMLBGAME-25JUL24TORDET-DET,70,30,2,yes
1753397889367,1753397889,KXMLBGAME-25JUL24TORDET-TOR,32,68,5,yes
1753397889734,1753397889,KXMLBGAME-25JUL24TORDET-TOR,32,68,2,yes
1753397891108,1753397891,KXMLBGAME-25JUL24ATHHOU-ATH,42,58,27,yes
1753397892371,1753397892,KXMLBGAME-25JUL24TORDET-DET,70,30,13,yes
1753397896409,1753397896,KXMLBGAME-25JUL24SDSTL-STL,60,40,102,yes
1753397898774,1753397898,KXMLBGAME-25JUL24TORDET-TOR,32,68,7,yes
1753397906895,1753397906,KXMLBGAME-25JUL24TORDET-DET,69,31,70,yes
1753397908414,1753397908,KXMLBGAME-25JUL24TORDET-DET,69,31,347,yes
1753397910968,1753397910,KXMLBGAME-25JUL24TORDET-TOR,32,68,5,yes
1753397910968,1753397910,KXMLBGAME-25JUL24TORDET-TOR,32,68,27,yes
1753397911353,1753397911,KXMLBGAME-25JUL24TORDET-TOR,32,68,2,yes
1753397920893,1753397920,KXMLBGAME-25JUL24TORDET-TOR,31,69,5,no
1753397934520,1753397934,KXMLBGAME-25JUL24TORDET-TOR,31,69,5,yes
1753397934520,1753397934,KXMLBGAME-25JUL24TORDET-TOR,31,69,151,yes
1753397934956,1753397934,KXMLBGAME-25JUL24TORDET-TOR,31,69,30,yes
1753397938935,1753397938,KXMLBGAME-25JUL24TORDET-TOR,31,69,30,yes
1753397947224,1753397947,KXMLBGAME-25JUL24TORDET-DET,70,30,5,yes
1753397947224,1753397947,KXMLBGAME-25JUL24TORDET-DET,71,29,25,yes
1753397953957,1753397953,KXMLBGAME-25JUL24TORDET-TOR,32,68,14,yes
1753397977494,1753397977,KXMLBGAME-25JUL24TORDET-TOR,32,68,29,yes
1753397978216,1753397978,KXMLBGAME-25JUL24TORDET-DET,70,30,14,yes
1753397978216,1753397978,KXMLBGAME-25JUL24TORDET-DET,70,30,125,yes
1753397998212,1753397998,KXMLBGAME-25JUL24TORDET-TOR,32,68,149,yes
1753398013171,1753398013,KXMLBGAME-25JUL24TORDET-DET,70,30,4,yes
1753398015620,1753398015,KXMLBGAME-25JUL24TORDET-TOR,32,68,5,yes
1753398015620,1753398015,KXMLBGAME-25JUL24TORDET-TOR,32,68,2,yes
1753398021464,1753398021,KXMLBGAME-25JUL24ATHHOU-HOU,59,41,192,yes
1753398023595,1753398023,KXMLBGAME-25JUL24TORDET-TOR,32,68,30,yes
1753398042453,1753398042,KXMLBGAME-25JUL24SDSTL-SD,42,58,22,yes
1753398045174,1753398045,KXMLBGAME-25JUL24ATHHOU-HOU,59,41,82,yes
1753398049358,1753398049,KXMLBGAME-25JUL24TORDET-TOR,32,68,14,yes
1753398053154,1753398053,KXMLBGAME-25JUL24TORDET-DET,69,31,7,yes
1753398053897,1753398053,KXMLBGAME-25JUL24TORDET-TOR,32,68,1,yes
1753398060882,1753398060,KXMLBGAME-25JUL24TORDET-TOR,32,68,5,yes
1753398061054,1753398060,KXMLBGAME-25JUL24TORDET-DET,69,31,171,yes
1753398062220,1753398062,KXMLBGAME-25JUL24TORDET-TOR,31,69,9,yes
1753398070692,1753398070,KXMLBGAME-25JUL24TORDET-TOR,31,69,307,yes
1753398076774,1753398076,KXMLBGAME-25JUL24TORDET-TOR,31,69,5,yes
1753398076774,1753398076,KXMLBGAME-25JUL24TORDET-TOR,32,68,5,yes
1753398076774,1753398076,KXMLBGAME-25JUL24TORDET-TOR,32,68,5,yes
1753398078753,1753398078,KXMLBGAME-25JUL24TORDET-TOR,31,69,5,yes
1753398078753,1753398078,KXMLBGAME-25JUL24TORDET-TOR,32,68,124,yes
1753398078753,1753398078,KXMLBGAME-25JUL24TORDET-TOR,32,68,5,yes
1753398078753,1753398078,KXMLBGAME-25JUL24TORDET-TOR,39,61,10,yes
1753398088712,1753398088,KXMLBGAME-25JUL24TORDET-DET,69,31,21,yes
1753398088973,1753398088,KXMLBGAME-25JUL24TORDET-DET,69,31,279,yes
1753398088973,1753398088,KXMLBGAME-25JUL24TORDET-DET,70,30,25,yes
1753398088973,1753398088,KXMLBGAME-25JUL24TORDET-DET,70,30,49,yes
1753398107654,1753398107,KXMLBGAME-25JUL24TORDET-DET,69,31,70,yes
1753398109156,1753398109,KXMLBGAME-25JUL24SDSTL-STL,60,40,16,yes
1753398112454,1753398112,KXMLBGAME-25JUL24TORDET-TOR,33,67,5,yes
1753398112454,1753398112,KXMLBGAME-25JUL24TORDET-TOR,33,67,49,yes
1753398112454,1753398112,KXMLBGAME-25JUL24TORDET-TOR,34,66,88,yes
1753398118498,1753398118,KXMLBGAME-25JUL24TORDET-TOR,34,66,1,yes
1753398136306,1753398136,KXMLBGAME-25JUL24SEALAA-LAA,58,42,125,yes
1753398137948,1753398137,KXMLBGAME-25JUL24TORDET-TOR,34,66,12,yes
1753398142088,1753398141,KXMLBGAME-25JUL24TORDET-TOR,34,66,281,yes
1753398144448,1753398144,KXMLBGAME-25JUL24TORDET-TOR,34,66,13,yes
1753398158318,1753398158,KXMLBGAME-25JUL24SEALAA-LAA,58,42,8,yes
1753398164994,1753398164,KXMLBGAME-25JUL24TORDET-DET,67,33,10,yes
1753398167947,1753398167,KXMLBGAME-25JUL24TORDET-DET,68,32,2,yes
1753398169915,1753398169,KXMLBGAME-25JUL24TORDET-TOR,32,68,3,no
1753398178515,1753398178,KXMLBGAME-25JUL24TORDET-TOR,34,66,5,yes
1753398178515,1753398178,KXMLBGAME-25JUL24TORDET-TOR,35,65,5,yes
1753398178515,1753398178,KXMLBGAME-25JUL24TORDET-TOR,36,64,123,yes
1753398180902,1753398180,KXMLBGAME-25JUL24TORDET-DET,67,33,14,yes
1753398183574,1753398183,KXMLBGAME-25JUL24ATHHOU-ATH,42,58,407,yes
1753398184294,1753398184,KXMLBGAME-25JUL24TORDET-TOR,36,64,1,yes
1753398194154,1753398194,KXMLBGAME-25JUL24TORDET-TOR,36,64,300,yes
1753398195196,1753398195,KXMLBGAME-25JUL24TORDET-TOR,36,64,5,yes
1753398195197,1753398195,KXMLBGAME-25JUL24TORDET-TOR,36,64,127,yes
1753398197895,1753398197,KXMLBGAME-25JUL24TORDET-TOR,36,64,26,yes
1753398200314,1753398200,KXMLBGAME-25JUL24TORDET-TOR,35,65,66,yes
1753398209336,1753398209,KXMLBGAME-25JUL24TORDET-DET,66,34,150,yes
1753398216056,1753398215,KXMLBGAME-25JUL24TORDET-TOR,34,66,5,no
1753398216056,1753398215,KXMLBGAME-25JUL24TORDET-TOR,33,67,5,no
1753398216056,1753398215,KXMLBGAME-25JUL24TORDET-TOR,32,68,5,no
1753398216157,1753398216,KXMLBGAME-25JUL24TORDET-DET,66,34,5,yes
1753398216157,1753398216,KXMLBGAME-25JUL24TORDET-DET,67,33,5,yes
1753398216157,1753398216,KXMLBGAME-25JUL24TORDET-DET,68,32,5,yes
1753398228935,1753398228,KXMLBGAME-25JUL24TORDET-TOR,32,68,5,yes
1753398228935,1753398228,KXMLBGAME-25JUL24TORDET-TOR,33,67,71,yes
1753398228935,1753398228,KXMLBGAME-25JUL24TORDET-TOR,33,67,213,yes
1753398240775,1753398240,KXMLBGAME-25JUL24TORDET-TOR,33,67,5,yes
1753398253035,1753398252,KXMLBGAME-25JUL24TORDET-TOR,33,67,300,yes
1753398253035,1753398252,KXMLBGAME-25JUL24TORDET-TOR,33,67,53,yes
1753398253035,1753398252,KXMLBGAME-25JUL24TORDET-TOR,34,66,200,yes
1753398253035,1753398252,KXMLBGAME-25JUL24TORDET-TOR,34,66,300,yes
1753398253035,1753398252,KXMLBGAME-25JUL24TORDET-TOR,35,65,545,yes
1753398254113,1753398254,KXMLBGAME-25JUL24ATHHOU-ATH,42,58,112,yes
1753398254253,1753398254,KXMLBGAME-25JUL24TORDET-TOR,33,67,14,yes
1753398262192,1753398262,KXMLBGAME-25JUL24SEALAA-SEA,43,57,22,yes
1753398263915,1753398263,KXMLBGAME-25JUL24TORDET-TOR,33,67,7,yes
1753398264175,1753398264,KXMLBGAME-25JUL24TORDET-TOR,33,67,1,yes
1753398264996,1753398264,KXMLBGAME-25JUL24ATHHOU-HOU,59,41,4,yes
1753398269412,1753398269,KXMLBGAME-25JUL24TORDET-TOR,33,67,1,yes
1753398271892,1753398271,KXMLBGAME-25JUL24TORDET-TOR,33,67,17,yes
1753398271892,1753398271,KXMLBGAME-25JUL24TORDET-TOR,33,67,10,yes
1753398271892,1753398271,KXMLBGAME-25JUL24TORDET-TOR,33,67,1,yes
1753398273636,1753398273,KXMLBGAME-25JUL24TORDET-DET,68,32,35,yes
1753398275415,1753398275,KXMLBGAME-25JUL24TORDET-TOR,33,67,1,yes
1753398275713,1753398275,KXMLBGAME-25JUL24ATHHOU-HOU,59,41,263,yes
1753398277595,1753398277,KXMLBGAME-25JUL24TORDET-DET,68,32,15,yes
1753398280637,1753398280,KXMLBGAME-25JUL24TORDET-TOR,33,67,1,yes
1753398280896,1753398280,KXMLBGAME-25JUL24TORDET-TOR,32,68,5,no
1753398280994,1753398280,KXMLBGAME-25JUL24TORDET-DET,68,32,77,yes
1753398280994,1753398280,KXMLBGAME-25JUL24TORDET-DET,68,32,300,yes
1753398280994,1753398280,KXMLBGAME-25JUL24TORDET-DET,68,32,200,yes
1753398284736,1753398284,KXMLBGAME-25JUL24SDSTL-SD,42,58,146,yes
1753398287399,1753398287,KXMLBGAME-25JUL24ATHHOU-HOU,59,41,24,yes
1753398287575,1753398287,KXMLBGAME-25JUL24TORDET-DET,70,30,13,yes
1753398324175,1753398324,KXMLBGAME-25JUL24TORDET-TOR,32,68,15,yes
1753398329276,1753398329,KXMLBGAME-25JUL24TORDET-TOR,32,68,5,yes
1753398350515,1753398350,KXMLBGAME-25JUL24TORDET-TOR,34,66,14,yes
1753398351436,1753398351,KXMLBGAME-25JUL24TORDET-DET,67,33,21,yes
1753398353274,1753398353,KXMLBGAME-25JUL24TORDET-DET,66,34,295,yes
1753398354677,1753398354,KXMLBGAME-25JUL24TORDET-DET,66,34,5,yes
1753398354677,1753398354,KXMLBGAME-25JUL24TORDET-DET,66,34,8,yes
1753398359434,1753398359,KXMLBGAME-25JUL24TORDET-TOR,36,64,5,yes
1753398359434,1753398359,KXMLBGAME-25JUL24TORDET-TOR,37,63,5,yes
1753398371060,1753398370,KXMLBGAME-25JUL24TORDET-TOR,36,64,5,yes
1753398371060,1753398370,KXMLBGAME-25JUL24TORDET-TOR,37,63,20,yes
1753398378573,1753398378,KXMLBGAME-25JUL24TORDET-TOR,36,64,5,yes
1753398378573,1753398378,KXMLBGAME-25JUL24TORDET-TOR,37,63,59,yes
1753398379317,1753398379,KXMLBGAME-25JUL24TORDET-DET,66,34,22,yes
1753398407796,1753398407,KXMLBGAME-25JUL24ATHHOU-HOU,59,41,82,yes
1753398407995,1753398407,KXMLBGAME-25JUL24ATHHOU-ATH,42,58,4,yes
1753398408974,1753398408,KXMLBGAME-25JUL24TORDET-DET,65,35,5,yes
1753398408974,1753398408,KXMLBGAME-25JUL24TORDET-DET,66,34,9,yes
1753398412676,1753398412,KXMLBGAME-25JUL24TORDET-DET,65,35,5,yes
1753398412676,1753398412,KXMLBGAME-25JUL24TORDET-DET,66,34,48,yes
1753398412676,1753398412,KXMLBGAME-25JUL24TORDET-DET,66,34,8,yes
1753398412676,1753398412,KXMLBGAME-25JUL24TORDET-DET,66,34,50,yes
1753398420616,1753398420,KXMLBGAME-25JUL24TORDET-TOR,36,64,5,yes
1753398420616,1753398420,KXMLBGAME-25JUL24TORDET-TOR,36,64,48,yes
1753398439474,1753398439,KXMLBGAME-25JUL24TORDET-DET,65,35,3,yes
1753398453793,1753398453,KXMLBGAME-25JUL24TORDET-TOR,36,64,204,yes
1753398462576,1753398462,KXMLBGAME-25JUL24TORDET-TOR,36,64,5,yes
1753398462576,1753398462,KXMLBGAME-25JUL24TORDET-TOR,37,63,46,yes
1753398467214,1753398467,KXMLBGAME-25JUL24TORDET-TOR,37,63,25,yes
1753398468194,1753398468,KXMLBGAME-25JUL24TORDET-TOR,37,63,20,yes
1753398470314,1753398470,KXMLBGAME-25JUL24TORDET-DET,65,35,2,yes
1753398470314,1753398470,KXMLBGAME-25JUL24TORDET-DET,65,35,3,yes
1753398470314,1753398470,KXMLBGAME-25JUL24TORDET-DET,66,34,9,yes
1753398480933,1753398480,KXMLBGAME-25JUL24TORDET-DET,65,35,5,yes
1753398486554,1753398486,KXMLBGAME-25JUL24TORDET-TOR,35,65,68,yes
1753398490294,1753398490,KXMLBGAME-25JUL24ATHHOU-HOU,59,41,741,yes
1753398520155,1753398520,KXMLBGAME-25JUL24SDSTL-SD,42,58,9,yes
1753398522895,1753398522,KXMLBGAME-25JUL24TORDET-DET,66,34,22,yes
1753398522895,1753398522,KXMLBGAME-25JUL24TORDET-DET,66,34,9,yes
1753398522895,1753398522,KXMLBGAME-25JUL24TORDET-DET,66,34,56,yes
1753398522895,1753398522,KXMLBGAME-25JUL24TORDET-DET,66,34,5,yes
1753398522895,1753398522,KXMLBGAME-25JUL24TORDET-DET,67,33,252,yes
1753398522895,1753398522,KXMLBGAME-25JUL24TORDET-DET,67,33,300,yes
1753398522895,1753398522,KXMLBGAME-25JUL24TORDET-DET,68,32,200,yes
1753398522895,1753398522,KXMLBGAME-25JUL24TORDET-DET,68,32,300,yes
1753398522895,1753398522,KXMLBGAME-25JUL24TORDET-DET,68,32,304,yes
1753398528176,1753398528,KXMLBGAME-25JUL24ATHHOU-HOU,59,41,14,yes
1753398540656,1753398540,KXMLBGAME-25JUL24TORDET-TOR,34,66,16,yes
1753398546959,1753398546,KXMLBGAME-25JUL24TORDET-TOR,34,66,14,yes
1753398555515,1753398555,KXMLBGAME-25JUL24TORDET-DET,67,33,9,yes
1753398570994,1753398570,KXMLBGAME-25JUL24TORDET-DET,67,33,5,yes
1753398577434,1753398577,KXMLBGAME-25JUL24ATHHOU-HOU,59,41,1174,yes
1753398581655,1753398581,KXMLBGAME-25JUL24SDSTL-SD,42,58,38,yes
1753398605972,1753398605,KXMLBGAME-25JUL24TORDET-TOR,32,68,87,no
1753398605972,1753398605,KXMLBGAME-25JUL24TORDET-TOR,32,68,300,no
1753398606073,1753398605,KXMLBGAME-25JUL24TORDET-DET,68,32,87,yes
1753398606073,1753398605,KXMLBGAME-25JUL24TORDET-DET,68,32,300,yes
1753398606073,1753398605,KXMLBGAME-25JUL24TORDET-DET,68,32,5,yes
1753398612671,1753398612,KXMLBGAME-25JUL24TORDET-TOR,32,68,11,yes
1753398622254,1753398622,KXMLBGAME-25JUL24TORDET-DET,70,30,419,yes
1753398633298,1753398633,KXMLBGAME-25JUL24TORDET-TOR,31,69,61,yes
1753398643975,1753398643,KXMLBGAME-25JUL24TORDET-DET,70,30,139,yes
1753398671057,1753398670,KXMLBGAME-25JUL24TORDET-DET,67,33,2,yes
1753398680754,1753398680,KXMLBGAME-25JUL24TORDET-TOR,32,68,270,yes
1753398680754,1753398680,KXMLBGAME-25JUL24TORDET-TOR,32,68,28,yes
1753398682935,1753398682,KXMLBGAME-25JUL24TORDET-DET,69,31,28,yes
1753398704373,1753398704,KXMLBGAME-25JUL24TORDET-TOR,31,69,5,yes
1753398704373,1753398704,KXMLBGAME-25JUL24TORDET-TOR,33,67,17,yes
1753398708476,1753398708,KXMLBGAME-25JUL24TORDET-TOR,31,69,61,yes
1753398720958,1753398720,KXMLBGAME-25JUL24TORDET-TOR,30,70,6,yes
1753398723196,1753398723,KXMLBGAME-25JUL24TORDET-TOR,30,70,18,yes
1753398725392,1753398725,KXMLBGAME-25JUL24TORDET-DET,71,29,363,yes
1753398736255,1753398736,KXMLBGAME-25JUL24ATHHOU-ATH,42,58,271,yes
1753398751069,1753398750,KXMLBGAME-25JUL24TORDET-TOR,30,70,31,yes
1753398755984,1753398755,KXMLBGAME-25JUL24ATHHOU-HOU,58,42,35,yes
1753398758973,1753398758,KXMLBGAME-25JUL24TORDET-TOR,30,70,34,yes
1753398764593,1753398764,KXMLBGAME-25JUL24TORDET-TOR,31,69,30,yes
1753398780458,1753398780,KXMLBGAME-25JUL24TORDET-DET,71,29,27,yes
1753398787011,1753398786,KXMLBGAME-25JUL24TORDET-DET,69,31,30,no
1753398794637,1753398794,KXMLBGAME-25JUL24TORDET-DET,69,31,35,no
1753398794893,1753398794,KXMLBGAME-25JUL24TORDET-TOR,31,69,3,yes
1753398796452,1753398796,KXMLBGAME-25JUL24ATHHOU-ATH,42,58,213,yes
1753398800426,1753398800,KXMLBGAME-25JUL24TORDET-TOR,31,69,56,yes
1753398809329,1753398809,KXMLBGAME-25JUL24TORDET-TOR,31,69,61,yes
1753398810233,1753398810,KXMLBGAME-25JUL24TORDET-DET,71,29,1,yes
1753398833494,1753398833,KXMLBGAME-25JUL24TORDET-TOR,31,69,30,yes
1753398842013,1753398841,KXMLBGAME-25JUL24TORDET-DET,71,29,345,yes
1753398843632,1753398843,KXMLBGAME-25JUL24TORDET-TOR,31,69,30,yes
1753398848495,1753398848,KXMLBGAME-25JUL24SDSTL-SD,42,58,1144,yes
1753398855511,1753398855,KXMLBGAME-25JUL24TORDET-DET,70,30,69,yes
1753398855919,1753398855,KXMLBGAME-25JUL24TORDET-TOR,32,68,149,yes
1753398859432,1753398859,KXMLBGAME-25JUL24ATHHOU-ATH,42,58,228,yes
1753398860854,1753398860,KXMLBGAME-25JUL24TORDET-TOR,32,68,197,yes
1753398860854,1753398860,KXMLBGAME-25JUL24TORDET-TOR,33,67,87,yes
1753398860854,1753398860,KXMLBGAME-25JUL24TORDET-TOR,33,67,10,yes
1753398860854,1753398860,KXMLBGAME-25JUL24TORDET-TOR,33,67,1,yes
1753398867187,1753398867,KXMLBGAME-25JUL24TORDET-TOR,32,68,10,yes
1753398867187,1753398867,KXMLBGAME-25JUL24TORDET-TOR,33,67,135,yes
1753398870836,1753398870,KXMLBGAME-25JUL24TORDET-DET,70,30,69,yes
1753398878914,1753398878,KXMLBGAME-25JUL24TORDET-TOR,32,68,8,yes
1753398885474,1753398885,KXMLBGAME-25JUL24SEALAA-LAA,57,43,8,no
1753398897454,1753398897,KXMLBGAME-25JUL24TORDET-DET,68,32,10,yes
1753398897454,1753398897,KXMLBGAME-25JUL24TORDET-DET,69,31,4,yes
1753398903078,1753398903,KXMLBGAME-25JUL24ATHHOU-HOU,58,42,98,yes
1753398906916,1753398906,KXMLBGAME-25JUL24TORDET-TOR,33,67,5,yes
1753398909733,1753398909,KXMLBGAME-25JUL24TORDET-TOR,32,68,5,yes
1753398909733,1753398909,KXMLBGAME-25JUL24TORDET-TOR,33,67,5,yes
1753398909733,1753398909,KXMLBGAME-25JUL24TORDET-TOR,33,67,48,yes
1753398920127,1753398919,KXMLBGAME-25JUL24TORDET-TOR,32,68,10,yes
1753398930513,1753398930,KXMLBGAME-25JUL24TORDET-TOR,32,68,10,yes
1753398942651,1753398942,KXMLBGAME-25JUL24TORDET-TOR,34,66,10,yes
1753398968573,1753398968,KXMLBGAME-25JUL24TORDET-TOR,35,65,200,yes
1753398968573,1753398968,KXMLBGAME-25JUL24TORDET-TOR,35,65,73,yes
1753398990095,1753398990,KXMLBGAME-25JUL24TORDET-DET,66,34,5,yes
1753399004756,1753399004,KXMLBGAME-25JUL24ATHHOU-ATH,42,58,2,yes
1753399014434,1753399014,KXMLBGAME-25JUL24TORDET-DET,66,34,10,yes
1753399018353,1753399018,KXMLBGAME-25JUL24SEALAA-LAA,58,42,2,yes
1753399020573,1753399020,KXMLBGAME-25JUL24SDSTL-SD,42,58,11,yes
1753399021574,1753399021,KXMLBGAME-25JUL24TORDET-TOR,36,64,167,yes
1753399025197,1753399025,KXMLBGAME-25JUL24SDSTL-SD,42,58,286,yes
1753399026936,1753399026,KXMLBGAME-25JUL24SEALAA-LAA,58,42,83,yes
1753399028553,1753399028,KXMLBGAME-25JUL24TORDET-TOR,36,64,5,yes
1753399032772,1753399032,KXMLBGAME-25JUL24TORDET-DET,66,34,29,yes
1753399039472,1753399039,KXMLBGAME-25JUL24TORDET-TOR,36,64,15,yes
1753399048952,1753399048,KXMLBGAME-25JUL24ATHHOU-HOU,58,42,5,yes
1753399049177,1753399049,KXMLBGAME-25JUL24TORDET-TOR,36,64,66,yes
1753399049938,1753399049,KXMLBGAME-25JUL24ATHHOU-HOU,58,42,8,yes
1753399061708,1753399061,KXMLBGAME-25JUL24TORDET-TOR,36,64,134,yes
1753399061708,1753399061,KXMLBGAME-25JUL24TORDET-TOR,36,64,25,yes
1753399070714,1753399070,KXMLBGAME-25JUL24TORDET-DET,66,34,22,yes
1753399074450,1753399074,KXMLBGAME-25JUL24TORDET-DET,66,34,4,yes
1753399075894,1753399075,KXMLBGAME-25JUL24TORDET-TOR,35,65,150,no
1753399086431,1753399086,KXMLBGAME-25JUL24TORDET-TOR,35,65,80,yes
1753399106911,1753399106,KXMLBGAME-25JUL24SDSTL-SD,42,58,22,yes
1753399107515,1753399107,KXMLBGAME-25JUL24TORDET-DET,66,34,6,yes
1753399107753,1753399107,KXMLBGAME-25JUL24SDSTL-SD,42,58,34,yes
1753399141835,1753399141,KXMLBGAME-25JUL24TORDET-TOR,35,65,13,yes
1753399144175,1753399144,KXMLBGAME-25JUL24TORDET-TOR,35,65,68,yes
1753399144354,1753399144,KXMLBGAME-25JUL24SEALAA-SEA,43,57,111,yes
1753399151008,1753399150,KXMLBGAME-25JUL24TORDET-DET,67,33,10,yes
1753399151008,1753399150,KXMLBGAME-25JUL24TORDET-DET,68,32,66,yes
1753399154919,1753399154,KXMLBGAME-25JUL24TORDET-DET,67,33,10,yes
1753399154919,1753399154,KXMLBGAME-25JUL24TORDET-DET,67,33,39,yes
1753399155395,1753399155,KXMLBGAME-25JUL24TORDET-DET,67,33,10,yes
1753399166373,1753399166,KXMLBGAME-25JUL24ATHHOU-HOU,58,42,167,yes
1753399167840,1753399167,KXMLBGAME-25JUL24TORDET-TOR,33,67,300,yes
1753399167840,1753399167,KXMLBGAME-25JUL24TORDET-TOR,34,66,500,yes
1753399167840,1753399167,KXMLBGAME-25JUL24TORDET-TOR,34,66,77,yes
1753399172195,1753399172,KXMLBGAME-25JUL24ATHHOU-HOU,58,42,120,yes
1753399195254,1753399195,KXMLBGAME-25JUL24ATHHOU-HOU,58,42,67,yes
1753399195254,1753399195,KXMLBGAME-25JUL24ATHHOU-HOU,58,42,16,yes
1753399200536,1753399200,KXMLBGAME-25JUL24SDSTL-STL,59,41,15,yes
1753399211969,1753399211,KXMLBGAME-25JUL24TORDET-TOR,33,67,5,yes
1753399211969,1753399211,KXMLBGAME-25JUL24TORDET-TOR,33,67,9,yes
1753399213101,1753399212,KXMLBGAME-25JUL24TORDET-TOR,33,67,100,yes
1753399216585,1753399216,KXMLBGAME-25JUL24TORDET-TOR,33,67,5,yes
1753399222994,1753399222,KXMLBGAME-25JUL24TORDET-TOR,33,67,54,yes
1753399225956,1753399225,KXMLBGAME-25JUL24TORDET-DET,67,33,29,no
1753399227776,1753399227,KXMLBGAME-25JUL24TORDET-DET,68,32,172,yes
1753399239534,1753399239,KXMLBGAME-25JUL24TORDET-TOR,36,64,10,yes
1753399252138,1753399252,KXMLBGAME-25JUL24TORDET-DET,66,34,98,yes
1753399252138,1753399252,KXMLBGAME-25JUL24TORDET-DET,66,34,228,yes
1753399252138,1753399252,KXMLBGAME-25JUL24TORDET-DET,67,33,47,yes
1753399252138,1753399252,KXMLBGAME-25JUL24TORDET-DET,67,33,300,yes
1753399252138,1753399252,KXMLBGAME-25JUL24TORDET-DET,67,33,300,yes
1753399252138,1753399252,KXMLBGAME-25JUL24TORDET-DET,67,33,200,yes
1753399252138,1753399252,KXMLBGAME-25JUL24TORDET-DET,68,32,500,yes
1753399252138,1753399252,KXMLBGAME-25JUL24TORDET-DET,68,32,300,yes
1753399252138,1753399252,KXMLBGAME-25JUL24TORDET-DET,68,32,200,yes
1753399252138,1753399252,KXMLBGAME-25JUL24TORDET-DET,69,31,254,yes
1753399273274,1753399273,KXMLBGAME-25JUL24TORDET-DET,66,34,29,yes
1753399277553,1753399277,KXMLBGAME-25JUL24ATHHOU-HOU,58,42,271,no
1753399278776,1753399278,KXMLBGAME-25JUL24TORDET-TOR,34,66,28,no
1753399278776,1753399278,KXMLBGAME-25JUL24TORDET-TOR,34,66,300,no
1753399285034,1753399284,KXMLBGAME-25JUL24TORDET-TOR,33,67,5,yes
1753399285034,1753399284,KXMLBGAME-25JUL24TORDET-TOR,33,67,23,yes
1753399286071,1753399285,KXMLBGAME-25JUL24TORDET-DET,69,31,5,yes
1753399289383,1753399289,KXMLBGAME-25JUL24TORDET-TOR,31,69,153,yes
1753399298233,1753399298,KXMLBGAME-25JUL24TORDET-DET,70,30,5,yes
1753399298233,1753399298,KXMLBGAME-25JUL24TORDET-DET,71,29,50,yes
1753399301113,1753399300,KXMLBGAME-25JUL24TORDET-TOR,31,69,7,yes
1753399306415,1753399306,KXMLBGAME-25JUL24ATHHOU-HOU,59,41,164,yes
1753399306533,1753399306,KXMLBGAME-25JUL24TORDET-TOR,31,69,61,yes
1753399313352,1753399313,KXMLBGAME-25JUL24TORDET-TOR,30,70,32,yes
1753399320315,1753399320,KXMLBGAME-25JUL24TORDET-TOR,30,70,6,yes
1753399320973,1753399320,KXMLBGAME-25JUL24TORDET-TOR,30,70,362,yes
1753399320973,1753399320,KXMLBGAME-25JUL24TORDET-TOR,30,70,249,yes
1753399321854,1753399321,KXMLBGAME-25JUL24SEALAA-LAA,58,42,36,yes
1753399329320,1753399329,KXMLBGAME-25JUL24TORDET-TOR,31,69,123,yes
1753399332155,1753399332,KXMLBGAME-25JUL24TORDET-TOR,31,69,153,yes
1753399351342,1753399351,KXMLBGAME-25JUL24SDSTL-SD,42,58,57,yes
1753399359431,1753399359,KXMLBGAME-25JUL24TORDET-TOR,30,70,107,no
1753399361480,1753399361,KXMLBGAME-25JUL24TORDET-DET,70,30,41,yes
1753399366973,1753399366,KXMLBGAME-25JUL24ATHHOU-ATH,42,58,1,yes
1753399371056,1753399370,KXMLBGAME-25JUL24TORDET-DET,69,31,5,yes
1753399373714,1753399373,KXMLBGAME-25JUL24TORDET-TOR,32,68,14,yes
1753399375892,1753399375,KXMLBGAME-25JUL24TORDET-DET,72,28,300,yes
1753399379933,1753399379,KXMLBGAME-25JUL24TORDET-TOR,28,72,30,yes
1753399386035,1753399385,KXMLBGAME-25JUL24TORDET-TOR,28,72,100,yes
1753399386673,1753399386,KXMLBGAME-25JUL24TORDET-DET,73,27,4,yes
1753399398175,1753399398,KXMLBGAME-25JUL24SDSTL-SD,42,58,45,yes
1753399406752,1753399406,KXMLBGAME-25JUL24TORDET-TOR,29,71,32,yes
1753399414975,1753399414,KXMLBGAME-25JUL24SEALAA-LAA,58,42,8,yes
1753399417572,1753399417,KXMLBGAME-25JUL24TORDET-TOR,29,71,33,yes
1753399422113,1753399422,KXMLBGAME-25JUL24TORDET-TOR,29,71,22,yes
1753399422113,1753399422,KXMLBGAME-25JUL24TORDET-TOR,29,71,28,yes
1753399439114,1753399439,KXMLBGAME-25JUL24TORDET-DET,72,28,70,no
1753399458636,1753399458,KXMLBGAME-25JUL24TORDET-TOR,28,72,17,yes
1753399465715,1753399465,KXMLBGAME-25JUL24SDSTL-SD,42,58,45,yes
1753399466454,1753399466,KXMLBGAME-25JUL24TORDET-TOR,28,72,70,yes
1753399466454,1753399466,KXMLBGAME-25JUL24TORDET-TOR,28,72,17,yes
1753399466454,1753399466,KXMLBGAME-25JUL24TORDET-TOR,29,71,24,yes
1753399468181,1753399468,KXMLBGAME-25JUL24TORDET-DET,73,27,47,yes
1753399468296,1753399468,KXMLBGAME-25JUL24SEALAA-LAA,58,42,93,yes
1753399471734,1753399471,KXMLBGAME-25JUL24TORDET-TOR,29,71,248,yes
1753399471734,1753399471,KXMLBGAME-25JUL24TORDET-TOR,29,71,80,yes
1753399471918,1753399471,KXMLBGAME-25JUL24TORDET-TOR,27,73,5,no
1753399471918,1753399471,KXMLBGAME-25JUL24TORDET-TOR,26,74,285,no
1753399478914,1753399478,KXMLBGAME-25JUL24ATHHOU-HOU,59,41,3,yes
1753399482917,1753399482,KXMLBGAME-25JUL24TORDET-TOR,29,71,220,yes
1753399482917,1753399482,KXMLBGAME-25JUL24TORDET-TOR,29,71,5,yes
1753399482917,1753399482,KXMLBGAME-25JUL24TORDET-TOR,29,71,103,yes
1753399497263,1753399497,KXMLBGAME-25JUL24TORDET-DET,73,27,2,yes
1753399506034,1753399505,KXMLBGAME-25JUL24TORDET-DET,73,27,8,yes
1753399508493,1753399508,KXMLBGAME-25JUL24SEALAA-LAA,58,42,167,yes
1753399510411,1753399510,KXMLBGAME-25JUL24TORDET-TOR,29,71,5,yes
1753399541756,1753399541,KXMLBGAME-25JUL24SEALAA-LAA,58,42,23,yes
1753399541903,1753399541,KXMLBGAME-25JUL24TORDET-TOR,30,70,5,yes
1753399541903,1753399541,KXMLBGAME-25JUL24TORDET-TOR,30,70,74,yes
1753399550174,1753399550,KXMLBGAME-25JUL24TORDET-TOR,30,70,13,yes
1753399550174,1753399550,KXMLBGAME-25JUL24TORDET-TOR,30,70,145,yes
1753399551512,1753399551,KXMLBGAME-25JUL24TORDET-TOR,30,70,155,yes
1753399551512,1753399551,KXMLBGAME-25JUL24TORDET-TOR,30,70,5,yes
1753399551512,1753399551,KXMLBGAME-25JUL24TORDET-TOR,30,70,157,yes
1753399552818,1753399552,KXMLBGAME-25JUL24TORDET-TOR,30,70,50,yes
1753399568037,1753399567,KXMLBGAME-25JUL24SDSTL-SD,42,58,228,yes
1753399570394,1753399570,KXMLBGAME-25JUL24TORDET-DET,72,28,14,yes
1753399570394,1753399570,KXMLBGAME-25JUL24TORDET-DET,72,28,114,yes
1753399583134,1753399583,KXMLBGAME-25JUL24ATHHOU-HOU,59,41,164,yes
1753399584911,1753399584,KXMLBGAME-25JUL24TORDET-TOR,31,69,5,yes
1753399584911,1753399584,KXMLBGAME-25JUL24TORDET-TOR,31,69,4,yes
1753399585917,1753399585,KXMLBGAME-25JUL24TORDET-TOR,29,71,218,no
1753399591513,1753399591,KXMLBGAME-25JUL24SDSTL-SD,42,58,128,yes
1753399591513,1753399591,KXMLBGAME-25JUL24SDSTL-SD,42,58,43,yes
1753399598952,1753399598,KXMLBGAME-25JUL24TORDET-DET,70,30,5,yes
1753399600253,1753399600,KXMLBGAME-25JUL24TORDET-TOR,31,69,17,yes
1753399605733,1753399605,KXMLBGAME-25JUL24ATHHOU-ATH,42,58,57,yes
1753399630374,1753399630,KXMLBGAME-25JUL24TORDET-TOR,31,69,45,yes
1753399630374,1753399630,KXMLBGAME-25JUL24TORDET-TOR,31,69,108,yes
1753399650913,1753399650,KXMLBGAME-25JUL24TORDET-TOR,29,71,5,no
1753399650992,1753399650,KXMLBGAME-25JUL24TORDET-DET,71,29,5,yes
1753399685075,1753399685,KXMLBGAME-25JUL24TORDET-TOR,28,72,170,yes
1753399693856,1753399693,KXMLBGAME-25JUL24TORDET-TOR,28,72,30,yes
1753399693856,1753399693,KXMLBGAME-25JUL24TORDET-TOR,29,71,1613,yes
1753399705760,1753399705,KXMLBGAME-25JUL24TORDET-TOR,29,71,82,yes
1753399707316,1753399707,KXMLBGAME-25JUL24TORDET-DET,73,27,1,yes
1753399718243,1753399718,KXMLBGAME-25JUL24TORDET-TOR,29,71,5,yes
1753399718243,1753399718,KXMLBGAME-25JUL24TORDET-TOR,29,71,5,yes
1753399718243,1753399718,KXMLBGAME-25JUL24TORDET-TOR,29,71,12,yes
1753399723357,1753399723,KXMLBGAME-25JUL24TORDET-TOR,28,72,5,no
1753399723357,1753399723,KXMLBGAME-25JUL24TORDET-TOR,27,73,18,no
1753399733613,1753399733,KXMLBGAME-25JUL24TORDET-TOR,30,70,47,yes
1753399740465,1753399740,KXMLBGAME-25JUL24SEALAA-SEA,43,57,55,yes
1753399767572,1753399767,KXMLBGAME-25JUL24TORDET-DET,72,28,27,yes
1753399794633,1753399794,KXMLBGAME-25JUL24SDSTL-SD,42,58,137,yes
1753399809677,1753399809,KXMLBGAME-25JUL24TORDET-DET,72,28,5,yes
1753399809677,1753399809,KXMLBGAME-25JUL24TORDET-DET,72,28,5,yes
1753399809677,1753399809,KXMLBGAME-25JUL24TORDET-DET,72,28,126,yes
1753399810136,1753399810,KXMLBGAME-25JUL24SDSTL-SD,42,58,11,yes
1753399820053,1753399819,KXMLBGAME-25JUL24TORDET-DET,70,30,4,no
1753399826074,1753399826,KXMLBGAME-25JUL24TORDET-TOR,30,70,87,no
1753399826074,1753399826,KXMLBGAME-25JUL24TORDET-TOR,30,70,110,no
1753399828889,1753399828,KXMLBGAME-25JUL24SDSTL-SD,42,58,232,yes
1753399829813,1753399829,KXMLBGAME-25JUL24SEALAA-LAA,58,42,16,yes
1753399835384,1753399835,KXMLBGAME-25JUL24SEALAA-LAA,58,42,16,yes
1753399843371,1753399843,KXMLBGAME-25JUL24SDSTL-STL,59,41,13,yes
1753399846434,1753399846,KXMLBGAME-25JUL24SDSTL-SD,42,58,6,yes
1753399848095,1753399847,KXMLBGAME-25JUL24TORDET-TOR,32,68,80,yes
1753399848992,1753399848,KXMLBGAME-25JUL24ATHHOU-HOU,59,41,16,yes
1753399854743,1753399854,KXMLBGAME-25JUL24ATHHOU-HOU,59,41,16,yes
1753399858817,1753399858,KXMLBGAME-25JUL24TORDET-DET,70,30,5,yes
1753399858817,1753399858,KXMLBGAME-25JUL24TORDET-DET,70,30,8,yes
1753399859193,1753399859,KXMLBGAME-25JUL24TORDET-DET,70,30,5,yes
1753399864615,1753399864,KXMLBGAME-25JUL24ATHHOU-HOU,59,41,49,yes
1753399870753,1753399870,KXMLBGAME-25JUL24SDSTL-STL,59,41,16,yes
1753399883993,1753399883,KXMLBGAME-25JUL24TORDET-DET,70,30,13,yes
1753399885735,1753399885,KXMLBGAME-25JUL24SDSTL-SD,42,58,337,yes
1753399894834,1753399894,KXMLBGAME-25JUL24SDSTL-STL,59,41,32,yes
1753399900733,1753399900,KXMLBGAME-25JUL24SEALAA-SEA,43,57,250,yes
1753399909153,1753399909,KXMLBGAME-25JUL24TORDET-TOR,32,68,68,yes
1753399909153,1753399909,KXMLBGAME-25JUL24TORDET-TOR,32,68,5,yes
1753399909153,1753399909,KXMLBGAME-25JUL24TORDET-TOR,33,67,5,yes
1753399909153,1753399909,KXMLBGAME-25JUL24TORDET-TOR,33,67,200,yes
1753399909153,1753399909,KXMLBGAME-25JUL24TORDET-TOR,33,67,158,yes
1753399929057,1753399929,KXMLBGAME-25JUL24TORDET-DET,69,31,141,yes
1753399962314,1753399962,KXMLBGAME-25JUL24TORDET-DET,69,31,28,yes
1753399969833,1753399969,KXMLBGAME-25JUL24TORDET-TOR,33,67,5,yes
1753399975179,1753399975,KXMLBGAME-25JUL24SDSTL-SD,42,58,45,yes
1753399977931,1753399977,KXMLBGAME-25JUL24TORDET-TOR,33,67,2,yes
1753399982948,1753399982,KXMLBGAME-25JUL24TORDET-TOR,33,67,57,yes
1753400012453,1753400012,KXMLBGAME-25JUL24TORDET-TOR,32,68,5,yes
1753400023295,1753400023,KXMLBGAME-25JUL24TORDET-DET,69,31,5,yes
1753400023295,1753400023,KXMLBGAME-25JUL24TORDET-DET,69,31,95,yes
1753400043160,1753400043,KXMLBGAME-25JUL24SEALAA-LAA,58,42,8,yes
1753400047358,1753400047,KXMLBGAME-25JUL24SDSTL-SD,42,58,228,yes
1753400050095,1753400050,KXMLBGAME-25JUL24TORDET-TOR,33,67,5,yes
1753400050095,1753400050,KXMLBGAME-25JUL24TORDET-TOR,33,67,15,yes
1753400050654,1753400050,KXMLBGAME-25JUL24SDSTL-SD,42,58,22,yes
1753400057394,1753400057,KXMLBGAME-25JUL24TORDET-TOR,33,67,28,yes
1753400059597,1753400059,KXMLBGAME-25JUL24SDSTL-STL,59,41,17,yes
1753400060974,1753400060,KXMLBGAME-25JUL24TORDET-TOR,33,67,14,yes
1753400081654,1753400081,KXMLBGAME-25JUL24TORDET-TOR,33,67,57,yes
1753400088314,1753400088,KXMLBGAME-25JUL24SDSTL-SD,42,58,23,yes
1753400109408,1753400109,KXMLBGAME-25JUL24TORDET-DET,69,31,87,yes
1753400109408,1753400109,KXMLBGAME-25JUL24TORDET-DET,69,31,198,yes
1753400109408,1753400109,KXMLBGAME-25JUL24TORDET-DET,69,31,200,yes
1753400109408,1753400109,KXMLBGAME-25JUL24TORDET-DET,69,31,5,yes
1753400109408,1753400109,KXMLBGAME-25JUL24TORDET-DET,69,31,112,yes
1753400129041,1753400128,KXMLBGAME-25JUL24SDSTL-STL,59,41,494,yes
1753400134594,1753400134,KXMLBGAME-25JUL24SDSTL-STL,59,41,329,yes
1753400136313,1753400136,KXMLBGAME-25JUL24SEALAA-SEA,43,57,89,yes
1753400139923,1753400139,KXMLBGAME-25JUL24TORDET-TOR,33,67,186,yes
1753400139923,1753400139,KXMLBGAME-25JUL24TORDET-TOR,33,67,5,yes
1753400139923,1753400139,KXMLBGAME-25JUL24TORDET-TOR,33,67,379,yes
1753400139923,1753400139,KXMLBGAME-25JUL24TORDET-TOR,33,67,107,yes
1753400164514,1753400164,KXMLBGAME-25JUL24TORDET-DET,69,31,2,yes
1753400164938,1753400164,KXMLBGAME-25JUL24ATHHOU-HOU,58,42,11,no
1753400165615,1753400165,KXMLBGAME-25JUL24TORDET-TOR,33,67,5,yes
1753400165871,1753400165,KXMLBGAME-25JUL24TORDET-DET,68,32,500,no
1753400169433,1753400169,KXMLBGAME-25JUL24TORDET-TOR,33,67,5,yes
1753400172620,1753400172,KXMLBGAME-25JUL24ATHHOU-HOU,59,41,25,yes
1753400175198,1753400175,KXMLBGAME-25JUL24TORDET-TOR,34,66,2,yes
1753400175198,1753400175,KXMLBGAME-25JUL24TORDET-TOR,35,65,5,yes
1753400175198,1753400175,KXMLBGAME-25JUL24TORDET-TOR,36,64,293,yes
1753400178513,1753400178,KXMLBGAME-25JUL24SEALAA-LAA,58,42,251,yes
1753400178815,1753400178,KXMLBGAME-25JUL24TORDET-DET,67,33,50,no
1753400184674,1753400184,KXMLBGAME-25JUL24TORDET-DET,65,35,10,no
1753400184674,1753400184,KXMLBGAME-25JUL24TORDET-TOR,35,65,2,yes
1753400192316,1753400192,KXMLBGAME-25JUL24TORDET-TOR,37,63,5,yes
1753400192316,1753400192,KXMLBGAME-25JUL24TORDET-TOR,38,62,200,yes
1753400192316,1753400192,KXMLBGAME-25JUL24TORDET-TOR,38,62,49,yes
1753400195433,1753400195,KXMLBGAME-25JUL24SDSTL-STL,59,41,8,yes
1753400199356,1753400199,KXMLBGAME-25JUL24TORDET-DET,64,36,5,yes
1753400199372,1753400199,KXMLBGAME-25JUL24TORDET-TOR,36,64,5,no
1753400200697,1753400200,KXMLBGAME-25JUL24TORDET-DET,65,35,5,yes
1753400200697,1753400200,KXMLBGAME-25JUL24TORDET-DET,66,34,397,yes
1753400200697,1753400200,KXMLBGAME-25JUL24TORDET-DET,66,34,190,yes
1753400209995,1753400209,KXMLBGAME-25JUL24TORDET-TOR,36,64,11,yes
1753400212774,1753400212,KXMLBGAME-25JUL24TORDET-TOR,36,64,212,yes
1753400217735,1753400217,KXMLBGAME-25JUL24TORDET-TOR,35,65,90,yes
1753400217792,1753400217,KXMLBGAME-25JUL24TORDET-DET,64,36,5,no
1753400217792,1753400217,KXMLBGAME-25JUL24TORDET-DET,64,36,5,no
1753400221038,1753400220,KXMLBGAME-25JUL24TORDET-DET,64,36,5,no
1753400221038,1753400220,KXMLBGAME-25JUL24TORDET-DET,64,36,73,no
1753400221153,1753400221,KXMLBGAME-25JUL24TORDET-TOR,35,65,300,yes
1753400221153,1753400221,KXMLBGAME-25JUL24TORDET-TOR,36,64,5,yes
1753400221532,1753400221,KXMLBGAME-25JUL24TORDET-TOR,36,64,50,no
1753400227995,1753400227,KXMLBGAME-25JUL24TORDET-TOR,37,63,5,yes
1753400233114,1753400233,KXMLBGAME-25JUL24TORDET-TOR,38,62,3,yes
1753400233773,1753400233,KXMLBGAME-25JUL24SDSTL-STL,59,41,49,yes
1753400233898,1753400233,KXMLBGAME-25JUL24TORDET-DET,64,36,87,yes
1753400233898,1753400233,KXMLBGAME-25JUL24TORDET-DET,64,36,300,yes
1753400233898,1753400233,KXMLBGAME-25JUL24TORDET-DET,64,36,5,yes
1753400233898,1753400233,KXMLBGAME-25JUL24TORDET-DET,64,36,34,yes
1753400248371,1753400248,KXMLBGAME-25JUL24ATHHOU-HOU,59,41,41,yes
1753400253975,1753400253,KXMLBGAME-25JUL24ATHHOU-ATH,42,58,34,yes
1753400258336,1753400258,KXMLBGAME-25JUL24TORDET-TOR,37,63,87,yes
1753400258336,1753400258,KXMLBGAME-25JUL24TORDET-TOR,38,62,34,yes
1753400258336,1753400258,KXMLBGAME-25JUL24TORDET-TOR,38,62,5,yes
1753400260272,1753400260,KXMLBGAME-25JUL24SEALAA-SEA,43,57,223,yes
1753400261479,1753400261,KXMLBGAME-25JUL24SDSTL-SD,42,58,916,yes
1753400261479,1753400261,KXMLBGAME-25JUL24SDSTL-SD,42,58,228,yes
1753400261513,1753400261,KXMLBGAME-25JUL24TORDET-TOR,36,64,5,no
1753400261513,1753400261,KXMLBGAME-25JUL24TORDET-TOR,36,64,25,no
1753400262698,1753400262,KXMLBGAME-25JUL24SDSTL-STL,59,41,41,yes
1753400269814,1753400269,KXMLBGAME-25JUL24ATHHOU-HOU,59,41,49,yes
1753400284933,1753400284,KXMLBGAME-25JUL24TORDET-TOR,37,63,2,yes
1753400290571,1753400290,KXMLBGAME-25JUL24TORDET-TOR,37,63,258,yes
1753400295953,1753400295,KXMLBGAME-25JUL24TORDET-TOR,36,64,62,no
1753400295953,1753400295,KXMLBGAME-25JUL24TORDET-TOR,36,64,25,no
1753400295953,1753400295,KXMLBGAME-25JUL24TORDET-TOR,35,65,5,no
1753400296032,1753400295,KXMLBGAME-25JUL24TORDET-DET,64,36,2,yes
1753400296032,1753400295,KXMLBGAME-25JUL24TORDET-DET,65,35,5,yes
1753400299636,1753400299,KXMLBGAME-25JUL24SDSTL-SD,42,58,224,yes
1753400300175,1753400300,KXMLBGAME-25JUL24TORDET-TOR,34,66,5,no
1753400300193,1753400300,KXMLBGAME-25JUL24TORDET-DET,66,34,5,yes
1753400304794,1753400304,KXMLBGAME-25JUL24TORDET-TOR,34,66,14,yes
1753400318095,1753400317,KXMLBGAME-25JUL24TORDET-TOR,34,66,25,yes
1753400325479,1753400325,KXMLBGAME-25JUL24SEALAA-LAA,58,42,83,yes
1753400328077,1753400328,KXMLBGAME-25JUL24TORDET-TOR,34,66,256,yes
1753400328077,1753400328,KXMLBGAME-25JUL24TORDET-TOR,34,66,137,yes
1753400331135,1753400331,KXMLBGAME-25JUL24TORDET-DET,67,33,70,yes
1753400331135,1753400331,KXMLBGAME-25JUL24TORDET-DET,68,32,74,yes
1753400332877,1753400332,KXMLBGAME-25JUL24TORDET-DET,67,33,52,yes
1753400332877,1753400332,KXMLBGAME-25JUL24TORDET-DET,68,32,20,yes
1753400340852,1753400340,KXMLBGAME-25JUL24SEALAA-SEA,43,57,150,yes
1753400344512,1753400344,KXMLBGAME-25JUL24SEALAA-LAA,58,42,167,yes
1753400345613,1753400345,KXMLBGAME-25JUL24TORDET-DET,67,33,21,yes
1753400347834,1753400347,KXMLBGAME-25JUL24TORDET-TOR,35,65,27,yes
1753400379807,1753400379,KXMLBGAME-25JUL24TORDET-TOR,34,66,50,yes
1753400394178,1753400394,KXMLBGAME-25JUL24SDSTL-STL,59,41,8,yes
1753400403303,1753400403,KXMLBGAME-25JUL24TORDET-DET,68,32,34,yes
1753400403303,1753400403,KXMLBGAME-25JUL24TORDET-DET,68,32,43,yes
1753400403303,1753400403,KXMLBGAME-25JUL24TORDET-DET,69,31,136,yes
1753400404535,1753400404,KXMLBGAME-25JUL24SDSTL-SD,42,58,22,yes
1753400405037,1753400404,KXMLBGAME-25JUL24TORDET-TOR,33,67,15,yes
1753400413441,1753400413,KXMLBGAME-25JUL24TORDET-DET,69,31,15,yes
1753400415452,1753400415,KXMLBGAME-25JUL24SEALAA-SEA,43,57,22,yes
1753400418049,1753400417,KXMLBGAME-25JUL24ATHHOU-HOU,59,41,16,yes
1753400418272,1753400418,KXMLBGAME-25JUL24TORDET-DET,69,31,7,yes
1753400420911,1753400420,KXMLBGAME-25JUL24SEALAA-SEA,43,57,11,yes
1753400424398,1753400424,KXMLBGAME-25JUL24TORDET-DET,69,31,42,yes
1753400437301,1753400437,KXMLBGAME-25JUL24SDSTL-SD,42,58,18,yes
1753400437395,1753400437,KXMLBGAME-25JUL24TORDET-DET,69,31,179,yes
1753400437395,1753400437,KXMLBGAME-25JUL24TORDET-DET,69,31,25,yes
1753400437395,1753400437,KXMLBGAME-25JUL24TORDET-DET,70,30,1,yes
1753400439733,1753400439,KXMLBGAME-25JUL24TORDET-TOR,33,67,8,yes
1753400441014,1753400440,KXMLBGAME-25JUL24TORDET-TOR,32,68,19,no
1753400441014,1753400440,KXMLBGAME-25JUL24TORDET-TOR,31,69,300,no
1753400442215,1753400442,KXMLBGAME-25JUL24TORDET-DET,70,30,14,yes
1753400442215,1753400442,KXMLBGAME-25JUL24TORDET-DET,71,29,444,yes
1753400456434,1753400456,KXMLBGAME-25JUL24SEALAA-SEA,43,57,22,yes
1753400464433,1753400464,KXMLBGAME-25JUL24TORDET-DET,72,28,97,yes
1753400479314,1753400479,KXMLBGAME-25JUL24TORDET-TOR,31,69,15,yes
1753400480104,1753400479,KXMLBGAME-25JUL24TORDET-TOR,31,69,15,yes
1753400504319,1753400504,KXMLBGAME-25JUL24SDSTL-SD,42,58,461,yes
1753400504319,1753400504,KXMLBGAME-25JUL24SDSTL-SD,42,58,39,yes
1753400504455,1753400504,KXMLBGAME-25JUL24TORDET-TOR,31,69,68,yes
1753400504455,1753400504,KXMLBGAME-25JUL24TORDET-TOR,31,69,605,yes
1753400506515,1753400506,KXMLBGAME-25JUL24TORDET-TOR,31,69,77,yes
1753400520034,1753400519,KXMLBGAME-25JUL24SDSTL-SD,42,58,48,yes
1753400520035,1753400519,KXMLBGAME-25JUL24SDSTL-SD,42,58,1324,yes
1753400527577,1753400527,KXMLBGAME-25JUL24TORDET-TOR,30,70,50,no
1753400527577,1753400527,KXMLBGAME-25JUL24TORDET-TOR,29,71,11,no
1753400535519,1753400535,KXMLBGAME-25JUL24TORDET-DET,71,29,6,yes
1753400536693,1753400536,KXMLBGAME-25JUL24SDSTL-SD,42,58,337,yes
1753400549390,1753400549,KXMLBGAME-25JUL24TORDET-DET,72,28,23,yes
1753400550532,1753400550,KXMLBGAME-25JUL24SDSTL-STL,59,41,1565,yes
1753400550532,1753400550,KXMLBGAME-25JUL24SDSTL-STL,59,41,1730,yes
1753400554675,1753400554,KXMLBGAME-25JUL24SDSTL-SD,42,58,9,yes
1753400559617,1753400559,KXMLBGAME-25JUL24SDSTL-STL,59,41,82,yes
1753400564482,1753400564,KXMLBGAME-25JUL24TORDET-DET,72,28,34,yes
1753400571094,1753400570,KXMLBGAME-25JUL24TORDET-DET,72,28,243,yes
1753400578172,1753400578,KXMLBGAME-25JUL24SDSTL-STL,59,41,1,yes
1753400586535,1753400586,KXMLBGAME-25JUL24TORDET-TOR,28,72,1700,yes
1753400596077,1753400596,KXMLBGAME-25JUL24TORDET-DET,73,27,38,yes
1753400596077,1753400596,KXMLBGAME-25JUL24TORDET-DET,73,27,1,yes
1753400596077,1753400596,KXMLBGAME-25JUL24TORDET-DET,74,26,94,yes
1753400604514,1753400604,KXMLBGAME-25JUL24TORDET-TOR,28,72,89,yes
1753400611657,1753400611,KXMLBGAME-25JUL24TORDET-DET,74,26,6,yes
1753400620174,1753400619,KXMLBGAME-25JUL24TORDET-TOR,28,72,17,yes
1753400623260,1753400623,KXMLBGAME-25JUL24SDSTL-STL,57,43,2,no
1753400624898,1753400624,KXMLBGAME-25JUL24SDSTL-SD,43,57,25,yes
1753400632169,1753400632,KXMLBGAME-25JUL24TORDET-DET,74,26,39,yes
1753400638614,1753400638,KXMLBGAME-25JUL24TORDET-DET,74,26,66,yes
1753400638694,1753400638,KXMLBGAME-25JUL24SEALAA-LAA,58,42,8,yes
1753400643023,1753400642,KXMLBGAME-25JUL24SDSTL-STL,59,41,87,yes
1753400643023,1753400642,KXMLBGAME-25JUL24SDSTL-STL,59,41,736,yes
1753400649036,1753400648,KXMLBGAME-25JUL24ATHHOU-HOU,59,41,8,yes
1753400660657,1753400660,KXMLBGAME-25JUL24SDSTL-SD,42,58,11,yes
1753400669955,1753400669,KXMLBGAME-25JUL24TORDET-TOR,28,72,340,yes
1753400698172,1753400698,KXMLBGAME-25JUL24TORDET-TOR,28,72,20,yes
1753400711519,1753400711,KXMLBGAME-25JUL24TORDET-TOR,29,71,13,yes
1753400713893,1753400713,KXMLBGAME-25JUL24TORDET-TOR,27,73,300,yes
1753400717613,1753400717,KXMLBGAME-25JUL24SEALAA-LAA,58,42,3,yes
1753400720695,1753400720,KXMLBGAME-25JUL24TORDET-TOR,29,71,6,yes
1753400722112,1753400722,KXMLBGAME-25JUL24TORDET-DET,73,27,16,yes
1753400723796,1753400723,KXMLBGAME-25JUL24TORDET-TOR,29,71,81,yes
1753400723796,1753400723,KXMLBGAME-25JUL24TORDET-TOR,29,71,6,yes
1753400723796,1753400723,KXMLBGAME-25JUL24TORDET-TOR,30,70,27,yes
1753400738753,1753400738,KXMLBGAME-25JUL24TORDET-TOR,27,73,199,no
1753400745911,1753400745,KXMLBGAME-25JUL24TORDET-TOR,28,72,10,yes
1753400747204,1753400747,KXMLBGAME-25JUL24ATHHOU-HOU,59,41,291,yes
1753400750434,1753400750,KXMLBGAME-25JUL24SDSTL-SD,43,57,223,yes
1753400750776,1753400750,KXMLBGAME-25JUL24SDSTL-SD,43,57,6,yes
1753400754741,1753400754,KXMLBGAME-25JUL24TORDET-DET,69,31,747,no
1753400756795,1753400756,KXMLBGAME-25JUL24TORDET-TOR,31,69,46,yes
1753400763856,1753400763,KXMLBGAME-25JUL24TORDET-TOR,32,68,44,yes
1753400764357,1753400764,KXMLBGAME-25JUL24ATHHOU-ATH,42,58,46,yes
1753400783752,1753400783,KXMLBGAME-25JUL24ATHHOU-ATH,42,58,7,yes
1753400791655,1753400791,KXMLBGAME-25JUL24SDSTL-SD,43,57,3000,yes
1753400796072,1753400795,KXMLBGAME-25JUL24SDSTL-STL,56,44,3000,no
1753400799693,1753400799,KXMLBGAME-25JUL24ATHHOU-HOU,59,41,8,yes
1753400811695,1753400811,KXMLBGAME-25JUL24SDSTL-SD,46,54,20,yes
1753400821035,1753400820,KXMLBGAME-25JUL24TORDET-TOR,33,67,14,yes
1753400838935,1753400838,KXMLBGAME-25JUL24SEALAA-SEA,43,57,2000,yes
1753400838935,1753400838,KXMLBGAME-25JUL24SEALAA-SEA,44,56,55,yes
1753400838935,1753400838,KXMLBGAME-25JUL24SEALAA-SEA,44,56,188,yes
1753400846516,1753400846,KXMLBGAME-25JUL24TORDET-DET,68,32,500,yes
1753400846516,1753400846,KXMLBGAME-25JUL24TORDET-DET,69,31,81,yes
1753400849464,1753400849,KXMLBGAME-25JUL24ATHHOU-HOU,59,41,3,yes
1753400853151,1753400853,KXMLBGAME-25JUL24SDSTL-SD,45,55,161,yes
1753400866636,1753400866,KXMLBGAME-25JUL24ATHHOU-HOU,59,41,16,yes
1753400871213,1753400871,KXMLBGAME-25JUL24TORDET-DET,69,31,39,yes
1753400878654,1753400878,KXMLBGAME-25JUL24TORDET-DET,69,31,7,yes
1753400886214,1753400886,KXMLBGAME-25JUL24SDSTL-STL,55,45,30,no
1753400887357,1753400887,KXMLBGAME-25JUL24SDSTL-SD,53,47,22,yes
1753400887357,1753400887,KXMLBGAME-25JUL24SDSTL-SD,54,46,84,yes
1753400887357,1753400887,KXMLBGAME-25JUL24SDSTL-SD,55,45,690,yes
1753400887473,1753400887,KXMLBGAME-25JUL24SDSTL-STL,46,54,63,no
1753400887473,1753400887,KXMLBGAME-25JUL24SDSTL-STL,45,55,690,no
1753400887572,1753400887,KXMLBGAME-25JUL24SDSTL-STL,41,59,22,no
1753400901892,1753400901,KXMLBGAME-25JUL24TORDET-DET,69,31,14,yes
1753400904856,1753400904,KXMLBGAME-25JUL24SDSTL-STL,42,58,45,yes
1753400913935,1753400913,KXMLBGAME-25JUL24TORDET-TOR,33,67,14,yes
1753400926205,1753400926,KXMLBGAME-25JUL24TORDET-DET,69,31,356,yes
1753400932305,1753400932,KXMLBGAME-25JUL24SEALAA-SEA,44,56,21,yes
1753400933432,1753400933,KXMLBGAME-25JUL24TORDET-DET,69,31,1,yes
1753400935133,1753400935,KXMLBGAME-25JUL24TORDET-DET,69,31,14,yes
1753400936074,1753400935,KXMLBGAME-25JUL24SDSTL-SD,60,40,14,yes
1753400937221,1753400937,KXMLBGAME-25JUL24ATHHOU-HOU,59,41,164,yes
1753400951594,1753400951,KXMLBGAME-25JUL24SDSTL-STL,41,59,37,yes
1753400951697,1753400951,KXMLBGAME-25JUL24TORDET-DET,70,30,13,yes
1753400955016,1753400954,KXMLBGAME-25JUL24SDSTL-STL,41,59,1,yes
1753400965975,1753400965,KXMLBGAME-25JUL24SDSTL-SD,59,41,3000,no
1753400966132,1753400966,KXMLBGAME-25JUL24TORDET-TOR,29,71,300,no
1753400966976,1753400966,KXMLBGAME-25JUL24SDSTL-SD,59,41,22,yes
1753400968775,1753400968,KXMLBGAME-25JUL24TORDET-DET,71,29,500,no
1753400971013,1753400970,KXMLBGAME-25JUL24TORDET-TOR,29,71,1,yes
1753400977259,1753400977,KXMLBGAME-25JUL24TORDET-DET,72,28,23,yes
1753400979155,1753400979,KXMLBGAME-25JUL24SDSTL-SD,59,41,30,yes
1753400979155,1753400979,KXMLBGAME-25JUL24SDSTL-SD,59,41,134,yes
1753400988533,1753400988,KXMLBGAME-25JUL24SDSTL-STL,42,58,87,yes
1753400988655,1753400988,KXMLBGAME-25JUL24SDSTL-STL,43,57,3000,yes
1753400988655,1753400988,KXMLBGAME-25JUL24SDSTL-STL,43,57,87,yes
1753400989113,1753400989,KXMLBGAME-25JUL24SDSTL-STL,43,57,77,yes
1753400991172,1753400991,KXMLBGAME-25JUL24SDSTL-STL,44,56,58,yes
1753400991253,1753400991,KXMLBGAME-25JUL24SDSTL-SD,56,44,8,yes
1753400997154,1753400997,KXMLBGAME-25JUL24SDSTL-STL,47,53,2,yes
1753401002173,1753401002,KXMLBGAME-25JUL24ATHHOU-HOU,59,41,26,yes
1753401007160,1753401006,KXMLBGAME-25JUL24TORDET-TOR,29,71,16,yes
1753401010933,1753401010,KXMLBGAME-25JUL24TORDET-DET,72,28,408,yes
1753401012384,1753401012,KXMLBGAME-25JUL24TORDET-DET,72,28,136,yes
1753401023534,1753401023,KXMLBGAME-25JUL24SDSTL-SD,56,44,17,yes
1753401024613,1753401024,KXMLBGAME-25JUL24TORDET-TOR,29,71,16,yes
1753401037732,1753401037,KXMLBGAME-25JUL24TORDET-TOR,29,71,87,yes
1753401037732,1753401037,KXMLBGAME-25JUL24TORDET-TOR,29,71,300,yes
1753401037732,1753401037,KXMLBGAME-25JUL24TORDET-TOR,29,71,113,yes
1753401039314,1753401039,KXMLBGAME-25JUL24SDSTL-SD,57,43,8,yes
1753401039936,1753401039,KXMLBGAME-25JUL24SDSTL-SD,57,43,8,yes
1753401043206,1753401042,KXMLBGAME-25JUL24TORDET-DET,74,26,268,yes
1753401043206,1753401042,KXMLBGAME-25JUL24TORDET-DET,74,26,130,yes
1753401064198,1753401064,KXMLBGAME-25JUL24SDSTL-SD,63,37,1323,yes
1753401066431,1753401066,KXMLBGAME-25JUL24TORDET-DET,74,26,133,yes
1753401071365,1753401071,KXMLBGAME-25JUL24TORDET-TOR,28,72,100,no
1753401071365,1753401071,KXMLBGAME-25JUL24TORDET-TOR,27,73,4,no
1753401071365,1753401071,KXMLBGAME-25JUL24TORDET-TOR,27,73,10,no
1753401073433,1753401073,KXMLBGAME-25JUL24TORDET-DET,72,28,27,yes
1753401073575,1753401073,KXMLBGAME-25JUL24SDSTL-SD,63,37,3,yes
1753401076213,1753401075,KXMLBGAME-25JUL24TORDET-DET,72,28,573,yes
1753401078172,1753401078,KXMLBGAME-25JUL24SDSTL-STL,38,62,12,yes
1753401079671,1753401079,KXMLBGAME-25JUL24TORDET-TOR,28,72,170,yes
1753401080986,1753401080,KXMLBGAME-25JUL24TORDET-TOR,28,72,17,yes
1753401083512,1753401083,KXMLBGAME-25JUL24SDSTL-STL,36,64,3,no
1753401083532,1753401083,KXMLBGAME-25JUL24SDSTL-STL,36,64,1323,no
1753401092533,1753401092,KXMLBGAME-25JUL24SDSTL-SD,64,36,3,yes
1753401108128,1753401108,KXMLBGAME-25JUL24SDSTL-SD,64,36,53,yes
1753401108128,1753401108,KXMLBGAME-25JUL24SDSTL-SD,64,36,1471,yes
1753401115715,1753401115,KXMLBGAME-25JUL24TORDET-DET,69,31,14,yes
1753401116037,1753401115,KXMLBGAME-25JUL24TORDET-DET,69,31,21,yes
1753401117534,1753401117,KXMLBGAME-25JUL24TORDET-DET,69,31,42,yes
1753401119534,1753401119,KXMLBGAME-25JUL24SEALAA-SEA,44,56,10,yes
1753401125120,1753401124,KXMLBGAME-25JUL24SDSTL-SD,64,36,22,yes
1753401133552,1753401133,KXMLBGAME-25JUL24SDSTL-SD,64,36,54,yes
1753401135396,1753401135,KXMLBGAME-25JUL24SDSTL-STL,38,62,5,yes
1753401141738,1753401141,KXMLBGAME-25JUL24SDSTL-STL,38,62,31,yes
1753401141738,1753401141,KXMLBGAME-25JUL24SDSTL-STL,38,62,32,yes
1753401147450,1753401147,KXMLBGAME-25JUL24SDSTL-STL,38,62,5,yes
1753401148534,1753401148,KXMLBGAME-25JUL24SDSTL-SD,64,36,381,yes
1753401150853,1753401150,KXMLBGAME-25JUL24TORDET-DET,69,31,600,yes
1753401155232,1753401155,KXMLBGAME-25JUL24SDSTL-SD,64,36,76,yes
1753401160956,1753401160,KXMLBGAME-25JUL24SDSTL-SD,64,36,762,yes
1753401161255,1753401161,KXMLBGAME-25JUL24TORDET-DET,69,31,14,yes
1753401161372,1753401161,KXMLBGAME-25JUL24TORDET-TOR,32,68,14,yes
1753401161372,1753401161,KXMLBGAME-25JUL24SDSTL-STL,38,62,9,yes
1753401161453,1753401161,KXMLBGAME-25JUL24SDSTL-SD,64,36,22,yes
1753401166220,1753401166,KXMLBGAME-25JUL24TORDET-DET,69,31,70,yes
1753401168107,1753401167,KXMLBGAME-25JUL24SDSTL-SD,64,36,152,yes
1753401171694,1753401171,KXMLBGAME-25JUL24ATHHOU-HOU,59,41,226,yes
1753401174855,1753401174,KXMLBGAME-25JUL24SDSTL-SD,64,36,77,yes
1753401175754,1753401175,KXMLBGAME-25JUL24TORDET-TOR,33,67,87,yes
1753401175754,1753401175,KXMLBGAME-25JUL24TORDET-TOR,33,67,300,yes
1753401178275,1753401178,KXMLBGAME-25JUL24TORDET-TOR,36,64,499,no
1753401178553,1753401178,KXMLBGAME-25JUL24TORDET-TOR,37,63,12,yes
1753401179093,1753401179,KXMLBGAME-25JUL24TORDET-TOR,36,64,423,no
1753401179374,1753401179,KXMLBGAME-25JUL24TORDET-TOR,36,64,40,no
1753401181295,1753401181,KXMLBGAME-25JUL24TORDET-DET,67,33,300,no
1753401181295,1753401181,KXMLBGAME-25JUL24TORDET-DET,67,33,87,no
1753401181295,1753401181,KXMLBGAME-25JUL24TORDET-DET,63,37,50,no
1753401181295,1753401181,KXMLBGAME-25JUL24TORDET-TOR,33,67,87,yes
1753401182173,1753401182,KXMLBGAME-25JUL24SDSTL-SD,63,37,77,yes
1753401183793,1753401183,KXMLBGAME-25JUL24TORDET-TOR,36,64,44,yes
1753401183914,1753401183,KXMLBGAME-25JUL24TORDET-TOR,36,64,33,yes
1753401187181,1753401187,KXMLBGAME-25JUL24TORDET-TOR,39,61,150,yes
1753401188415,1753401188,KXMLBGAME-25JUL24TORDET-TOR,40,60,2,yes
1753401188855,1753401188,KXMLBGAME-25JUL24TORDET-DET,59,41,5,no
1753401188856,1753401188,KXMLBGAME-25JUL24TORDET-DET,56,44,5,no
1753401188856,1753401188,KXMLBGAME-25JUL24TORDET-DET,55,45,1842,no
1753401190695,1753401190,KXMLBGAME-25JUL24TORDET-TOR,43,57,1,yes
1753401190695,1753401190,KXMLBGAME-25JUL24TORDET-TOR,44,56,5,yes
1753401190755,1753401190,KXMLBGAME-25JUL24TORDET-DET,72,28,18,yes
1753401190895,1753401190,KXMLBGAME-25JUL24TORDET-DET,55,45,4333,no
1753401190916,1753401190,KXMLBGAME-25JUL24TORDET-TOR,42,58,18,no
1753401191957,1753401191,KXMLBGAME-25JUL24TORDET-TOR,45,55,15,yes
1753401191957,1753401191,KXMLBGAME-25JUL24TORDET-TOR,48,52,15,yes
1753401191994,1753401191,KXMLBGAME-25JUL24TORDET-DET,55,45,500,no
1753401192053,1753401192,KXMLBGAME-25JUL24TORDET-DET,55,45,500,no
1753401192053,1753401192,KXMLBGAME-25JUL24TORDET-TOR,49,51,500,no
1753401192254,1753401192,KXMLBGAME-25JUL24TORDET-DET,55,45,16,no
1753401192413,1753401192,KXMLBGAME-25JUL24TORDET-TOR,49,51,16,no
1753401192594,1753401192,KXMLBGAME-25JUL24TORDET-DET,55,45,16,no
1753401192734,1753401192,KXMLBGAME-25JUL24TORDET-TOR,49,51,16,no
1753401192772,1753401192,KXMLBGAME-25JUL24TORDET-DET,55,45,2500,no
1753401192835,1753401192,KXMLBGAME-25JUL24TORDET-DET,55,45,800,no
1753401192893,1753401192,KXMLBGAME-25JUL24TORDET-TOR,49,51,268,no
1753401192893,1753401192,KXMLBGAME-25JUL24TORDET-TOR,49,51,600,no
1753401192893,1753401192,KXMLBGAME-25JUL24TORDET-TOR,49,51,824,no
1753401192893,1753401192,KXMLBGAME-25JUL24TORDET-DET,55,45,1692,no
1753401192933,1753401192,KXMLBGAME-25JUL24TORDET-TOR,48,52,470,no
1753401192933,1753401192,KXMLBGAME-25JUL24TORDET-TOR,48,52,500,no
1753401192933,1753401192,KXMLBGAME-25JUL24TORDET-TOR,45,55,1530,no
1753401193995,1753401193,KXMLBGAME-25JUL24TORDET-DET,55,45,800,no
1753401194796,1753401194,KXMLBGAME-25JUL24TORDET-DET,55,45,426,no
1753401195012,1753401194,KXMLBGAME-25JUL24TORDET-DET,55,45,399,no
1753401195012,1753401194,KXMLBGAME-25JUL24TORDET-DET,55,45,5,no
1753401195134,1753401195,KXMLBGAME-25JUL24TORDET-DET,54,46,5,no
1753401195134,1753401195,KXMLBGAME-25JUL24TORDET-DET,53,47,20,no
1753401195134,1753401195,KXMLBGAME-25JUL24TORDET-DET,53,47,50,no
1753401197140,1753401196,KXMLBGAME-25JUL24SDSTL-SD,63,37,30,yes
1753401199934,1753401199,KXMLBGAME-25JUL24TORDET-DET,53,47,5,yes
1753401203634,1753401203,KXMLBGAME-25JUL24TORDET-TOR,50,50,14,yes
1753401211694,1753401211,KXMLBGAME-25JUL24ATHHOU-ATH,42,58,59,yes
1753401212735,1753401212,KXMLBGAME-25JUL24ATHHOU-HOU,59,41,32,yes
1753401216853,1753401216,KXMLBGAME-25JUL24TORDET-TOR,53,47,9,yes
1753401219153,1753401219,KXMLBGAME-25JUL24TORDET-TOR,52,48,743,yes
1753401219153,1753401219,KXMLBGAME-25JUL24TORDET-TOR,53,47,291,yes
1753401219153,1753401219,KXMLBGAME-25JUL24TORDET-TOR,54,46,5,yes
1753401219153,1753401219,KXMLBGAME-25JUL24TORDET-TOR,54,46,343,yes
1753401220275,1753401220,KXMLBGAME-25JUL24TORDET-DET,49,51,10,yes
1753401223714,1753401223,KXMLBGAME-25JUL24TORDET-DET,49,51,77,yes
1753401223714,1753401223,KXMLBGAME-25JUL24TORDET-DET,49,51,10,yes
1753401223714,1753401223,KXMLBGAME-25JUL24TORDET-DET,50,50,117,yes
1753401227672,1753401227,KXMLBGAME-25JUL24SDSTL-SD,61,39,156,yes
1753401231003,1753401230,KXMLBGAME-25JUL24SEALAA-SEA,44,56,1,yes
1753401231003,1753401230,KXMLBGAME-25JUL24SEALAA-SEA,44,56,20,yes
1753401231174,1753401231,KXMLBGAME-25JUL24TORDET-DET,47,53,107,no
1753401232053,1753401231,KXMLBGAME-25JUL24SEALAA-SEA,44,56,20,yes
1753401232194,1753401232,KXMLBGAME-25JUL24TORDET-TOR,53,47,45,yes
1753401232473,1753401232,KXMLBGAME-25JUL24SDSTL-SD,61,39,3191,yes
1753401236198,1753401236,KXMLBGAME-25JUL24TORDET-TOR,53,47,5,yes
1753401236198,1753401236,KXMLBGAME-25JUL24TORDET-TOR,53,47,145,yes
1753401236593,1753401236,KXMLBGAME-25JUL24TORDET-TOR,53,47,9,yes
1753401243074,1753401243,KXMLBGAME-25JUL24TORDET-DET,49,51,40,yes
1753401243214,1753401243,KXMLBGAME-25JUL24SDSTL-SD,61,39,87,yes
1753401244696,1753401244,KXMLBGAME-25JUL24SDSTL-STL,41,59,11,yes
1753401245914,1753401245,KXMLBGAME-25JUL24TORDET-TOR,51,49,300,no
1753401245914,1753401245,KXMLBGAME-25JUL24TORDET-TOR,50,50,87,no
1753401246013,1753401245,KXMLBGAME-25JUL24TORDET-DET,50,50,87,yes
1753401249953,1753401249,KXMLBGAME-25JUL24TORDET-DET,51,49,65,yes
1753401251454,1753401251,KXMLBGAME-25JUL24TORDET-TOR,49,51,55,no
1753401251454,1753401251,KXMLBGAME-25JUL24TORDET-TOR,49,51,41,no
1753401252414,1753401252,KXMLBGAME-25JUL24SDSTL-SD,62,38,78,yes
1753401253694,1753401253,KXMLBGAME-25JUL24TORDET-DET,51,49,3,yes
1753401258953,1753401258,KXMLBGAME-25JUL24TORDET-TOR,50,50,48,yes
1753401258973,1753401258,KXMLBGAME-25JUL24SDSTL-SD,62,38,3,yes
1753401261576,1753401261,KXMLBGAME-25JUL24SDSTL-SD,62,38,154,yes
1753401265952,1753401265,KXMLBGAME-25JUL24TORDET-TOR,49,51,259,no
1753401266476,1753401266,KXMLBGAME-25JUL24SDSTL-SD,62,38,37,yes
1753401269414,1753401269,KXMLBGAME-25JUL24SDSTL-STL,41,59,208,yes
1753401269514,1753401269,KXMLBGAME-25JUL24TORDET-TOR,49,51,29,yes
1753401270793,1753401270,KXMLBGAME-25JUL24TORDET-TOR,49,51,10,yes
1753401270894,1753401270,KXMLBGAME-25JUL24TORDET-TOR,49,51,51,yes
1753401271482,1753401271,KXMLBGAME-25JUL24SDSTL-STL,41,59,2,yes
1753401285852,1753401285,KXMLBGAME-25JUL24TORDET-TOR,49,51,25,yes
1753401291536,1753401291,KXMLBGAME-25JUL24SDSTL-SD,62,38,28,yes
1753401291536,1753401291,KXMLBGAME-25JUL24SDSTL-SD,62,38,126,yes
1753401292893,1753401292,KXMLBGAME-25JUL24TORDET-DET,52,48,300,yes
1753401292893,1753401292,KXMLBGAME-25JUL24TORDET-DET,52,48,72,yes
1753401300994,1753401300,KXMLBGAME-25JUL24SDSTL-SD,61,39,356,no
1753401312007,1753401311,KXMLBGAME-25JUL24TORDET-TOR,49,51,106,yes
1753401313441,1753401313,KXMLBGAME-25JUL24TORDET-TOR,49,51,68,yes
1753401315388,1753401315,KXMLBGAME-25JUL24TORDET-TOR,48,52,300,no
1753401315388,1753401315,KXMLBGAME-25JUL24TORDET-TOR,48,52,500,no
1753401315388,1753401315,KXMLBGAME-25JUL24TORDET-TOR,47,53,42,no
1753401315388,1753401315,KXMLBGAME-25JUL24TORDET-TOR,47,53,111,no
1753401315954,1753401315,KXMLBGAME-25JUL24ATHHOU-ATH,42,58,111,yes
1753401318696,1753401318,KXMLBGAME-25JUL24TORDET-TOR,48,52,84,no
1753401322274,1753401322,KXMLBGAME-25JUL24TORDET-DET,52,48,3,yes
1753401324494,1753401324,KXMLBGAME-25JUL24TORDET-DET,52,48,597,yes
1753401324494,1753401324,KXMLBGAME-25JUL24TORDET-DET,52,48,500,yes
1753401324494,1753401324,KXMLBGAME-25JUL24TORDET-DET,52,48,3,yes
1753401328084,1753401327,KXMLBGAME-25JUL24SDSTL-SD,60,40,635,yes
1753401328454,1753401328,KXMLBGAME-25JUL24TORDET-DET,52,48,297,yes
1753401328454,1753401328,KXMLBGAME-25JUL24TORDET-DET,53,47,5,yes
1753401328454,1753401328,KXMLBGAME-25JUL24TORDET-DET,53,47,31,yes
1753401328454,1753401328,KXMLBGAME-25JUL24TORDET-DET,53,47,585,yes
1753401336496,1753401336,KXMLBGAME-25JUL24ATHHOU-HOU,59,41,13,yes
1753401342237,1753401342,KXMLBGAME-25JUL24TORDET-TOR,45,55,53,yes
1753401345032,1753401344,KXMLBGAME-25JUL24SDSTL-SD,60,40,1215,yes
1753401350674,1753401350,KXMLBGAME-25JUL24TORDET-TOR,45,55,10,yes
1753401352149,1753401351,KXMLBGAME-25JUL24SDSTL-STL,41,59,1,yes
1753401353275,1753401353,KXMLBGAME-25JUL24TORDET-DET,55,45,5,no
1753401363674,1753401363,KXMLBGAME-25JUL24SDSTL-STL,41,59,67,yes
1753401364492,1753401364,KXMLBGAME-25JUL24TORDET-DET,55,45,133,no
1753401374315,1753401374,KXMLBGAME-25JUL24TORDET-TOR,45,55,21,yes
1753401375736,1753401375,KXMLBGAME-25JUL24SDSTL-SD,60,40,80,no
1753401376516,1753401376,KXMLBGAME-25JUL24SDSTL-SD,59,41,300,no
1753401376516,1753401376,KXMLBGAME-25JUL24SDSTL-SD,58,42,36,no
1753401376516,1753401376,KXMLBGAME-25JUL24SDSTL-SD,58,42,21,no
1753401376853,1753401376,KXMLBGAME-25JUL24SDSTL-STL,41,59,232,yes
1753401376853,1753401376,KXMLBGAME-25JUL24SDSTL-STL,42,58,36,yes
1753401376853,1753401376,KXMLBGAME-25JUL24SDSTL-STL,42,58,7,yes
1753401377635,1753401377,KXMLBGAME-25JUL24SDSTL-SD,58,42,79,yes
1753401378533,1753401378,KXMLBGAME-25JUL24TORDET-DET,56,44,86,yes
1753401381016,1753401380,KXMLBGAME-25JUL24SDSTL-STL,44,56,78,yes
1753401381877,1753401381,KXMLBGAME-25JUL24TORDET-TOR,45,55,50,yes
1753401382693,1753401382,KXMLBGAME-25JUL24SDSTL-SD,55,45,87,yes
1753401382693,1753401382,KXMLBGAME-25JUL24SDSTL-SD,56,44,163,yes
1753401391062,1753401390,KXMLBGAME-25JUL24TORDET-DET,54,46,112,no
1753401398455,1753401398,KXMLBGAME-25JUL24SDSTL-STL,46,54,15,yes
1753401401301,1753401401,KXMLBGAME-25JUL24TORDET-TOR,46,54,41,yes
1753401401854,1753401401,KXMLBGAME-25JUL24TORDET-TOR,46,54,649,yes
1753401403411,1753401403,KXMLBGAME-25JUL24TORDET-TOR,46,54,104,yes
1753401403774,1753401403,KXMLBGAME-25JUL24SDSTL-STL,46,54,1,yes
1753401404885,1753401404,KXMLBGAME-25JUL24SDSTL-SD,55,45,47,yes
1753401407093,1753401406,KXMLBGAME-25JUL24SDSTL-SD,56,44,173,yes
1753401407533,1753401407,KXMLBGAME-25JUL24TORDET-DET,55,45,17,yes
1753401411714,1753401411,KXMLBGAME-25JUL24SDSTL-STL,46,54,41,yes
1753401412744,1753401412,KXMLBGAME-25JUL24SDSTL-SD,55,45,34,yes
1753401413554,1753401413,KXMLBGAME-25JUL24SDSTL-SD,55,45,19,yes
1753401415657,1753401415,KXMLBGAME-25JUL24SDSTL-STL,46,54,209,yes
1753401418452,1753401418,KXMLBGAME-25JUL24TORDET-TOR,46,54,83,yes
1753401430155,1753401430,KXMLBGAME-25JUL24TORDET-DET,55,45,88,yes
1753401432673,1753401432,KXMLBGAME-25JUL24TORDET-DET,55,45,27,yes
1753401433582,1753401433,KXMLBGAME-25JUL24TORDET-DET,55,45,80,yes
1753401435072,1753401434,KXMLBGAME-25JUL24TORDET-TOR,48,52,19,yes
1753401439394,1753401439,KXMLBGAME-25JUL24TORDET-TOR,52,48,100,yes
1753401439394,1753401439,KXMLBGAME-25JUL24TORDET-TOR,55,45,10,yes
1753401439494,1753401439,KXMLBGAME-25JUL24TORDET-TOR,56,44,10,yes
1753401439494,1753401439,KXMLBGAME-25JUL24TORDET-TOR,56,44,5,yes
1753401439494,1753401439,KXMLBGAME-25JUL24TORDET-TOR,57,43,100,yes
1753401439494,1753401439,KXMLBGAME-25JUL24TORDET-TOR,58,42,5,yes
1753401439494,1753401439,KXMLBGAME-25JUL24TORDET-TOR,60,40,10,yes
1753401440332,1753401440,KXMLBGAME-25JUL24TORDET-TOR,58,42,60,no
1753401440753,1753401440,KXMLBGAME-25JUL24SDSTL-SD,55,45,87,yes
1753401440753,1753401440,KXMLBGAME-25JUL24SDSTL-SD,56,44,35,yes
1753401442657,1753401442,KXMLBGAME-25JUL24TORDET-DET,17,83,50,no
1753401442672,1753401442,KXMLBGAME-25JUL24TORDET-TOR,64,36,56,yes
1753401442672,1753401442,KXMLBGAME-25JUL24TORDET-TOR,65,35,10,yes
1753401442672,1753401442,KXMLBGAME-25JUL24TORDET-TOR,65,35,100,yes
1753401442672,1753401442,KXMLBGAME-25JUL24TORDET-TOR,65,35,55,yes
1753401443674,1753401443,KXMLBGAME-25JUL24SDSTL-SD,55,45,44,yes
1753401445395,1753401445,KXMLBGAME-25JUL24TORDET-TOR,71,29,5,yes
1753401445395,1753401445,KXMLBGAME-25JUL24TORDET-TOR,71,29,100,yes
1753401446212,1753401446,KXMLBGAME-25JUL24TORDET-TOR,73,27,100,yes
1753401446213,1753401446,KXMLBGAME-25JUL24TORDET-TOR,75,25,100,yes
1753401446213,1753401446,KXMLBGAME-25JUL24TORDET-TOR,75,25,10,yes
1753401448497,1753401448,KXMLBGAME-25JUL24TORDET-DET,17,83,50,no
1753401450233,1753401450,KXMLBGAME-25JUL24TORDET-TOR,80,20,100,yes
1753401450233,1753401450,KXMLBGAME-25JUL24TORDET-TOR,80,20,10,yes
1753401450233,1753401450,KXMLBGAME-25JUL24TORDET-TOR,80,20,20,yes
1753401454835,1753401454,KXMLBGAME-25JUL24TORDET-TOR,79,21,23,no
1753401454835,1753401454,KXMLBGAME-25JUL24TORDET-TOR,78,22,34,no
1753401456453,1753401456,KXMLBGAME-25JUL24TORDET-DET,21,79,18,yes
1753401456453,1753401456,KXMLBGAME-25JUL24TORDET-DET,22,78,198,yes
1753401457976,1753401457,KXMLBGAME-25JUL24TORDET-DET,21,79,5,yes
1753401463872,1753401463,KXMLBGAME-25JUL24ATHHOU-ATH,42,58,15,yes
1753401466074,1753401466,KXMLBGAME-25JUL24TORDET-TOR,82,18,1,no
1753401468432,1753401468,KXMLBGAME-25JUL24TORDET-TOR,84,16,5,yes
1753401469014,1753401468,KXMLBGAME-25JUL24SDSTL-SD,57,43,34,yes
1753401471274,1753401471,KXMLBGAME-25JUL24TORDET-DET,15,85,29,no
1753401472333,1753401472,KXMLBGAME-25JUL24TORDET-DET,15,85,47,no
1753401473289,1753401473,KXMLBGAME-25JUL24TORDET-DET,17,83,134,yes
1753401476275,1753401476,KXMLBGAME-25JUL24TORDET-DET,17,83,166,yes
1753401476275,1753401476,KXMLBGAME-25JUL24TORDET-DET,18,82,12,yes
1753401476275,1753401476,KXMLBGAME-25JUL24TORDET-DET,18,82,356,yes
1753401482316,1753401482,KXMLBGAME-25JUL24TORDET-DET,17,83,100,yes
1753401482794,1753401482,KXMLBGAME-25JUL24TORDET-TOR,83,17,382,yes
1753401483355,1753401483,KXMLBGAME-25JUL24SDSTL-SD,59,41,300,no
1753401483355,1753401483,KXMLBGAME-25JUL24SDSTL-SD,58,42,87,no
1753401483355,1753401483,KXMLBGAME-25JUL24SDSTL-SD,57,43,70,no
1753401483814,1753401483,KXMLBGAME-25JUL24SDSTL-SD,61,39,39,yes
1753401484452,1753401484,KXMLBGAME-25JUL24TORDET-DET,17,83,83,yes
1753401485367,1753401485,KXMLBGAME-25JUL24TORDET-DET,15,85,11,no
1753401485367,1753401485,KXMLBGAME-25JUL24TORDET-DET,15,85,10,no
1753401485676,1753401485,KXMLBGAME-25JUL24TORDET-DET,15,85,11,no
1753401486555,1753401486,KXMLBGAME-25JUL24TORDET-DET,15,85,165,no
1753401486591,1753401486,KXMLBGAME-25JUL24TORDET-TOR,84,16,95,yes
1753401486591,1753401486,KXMLBGAME-25JUL24TORDET-TOR,84,16,233,yes
1753401486591,1753401486,KXMLBGAME-25JUL24TORDET-TOR,84,16,230,yes
1753401486591,1753401486,KXMLBGAME-25JUL24TORDET-TOR,84,16,80,yes
1753401487095,1753401487,KXMLBGAME-25JUL24TORDET-TOR,83,17,19,no
1753401490556,1753401490,KXMLBGAME-25JUL24TORDET-TOR,84,16,117,yes
1753401491132,1753401490,KXMLBGAME-25JUL24TORDET-DET,15,85,851,no
1753401492596,1753401492,KXMLBGAME-25JUL24TORDET-DET,17,83,111,yes
1753401493071,1753401492,KXMLBGAME-25JUL24TORDET-TOR,84,16,1152,yes
1753401493071,1753401492,KXMLBGAME-25JUL24TORDET-TOR,85,15,87,yes
1753401493071,1753401492,KXMLBGAME-25JUL24TORDET-TOR,85,15,194,yes
1753401494295,1753401494,KXMLBGAME-25JUL24TORDET-DET,15,85,6,no
1753401494615,1753401494,KXMLBGAME-25JUL24SDSTL-SD,61,39,161,yes
1753401494615,1753401494,KXMLBGAME-25JUL24SDSTL-SD,61,39,300,yes
1753401494615,1753401494,KXMLBGAME-25JUL24SDSTL-SD,61,39,386,yes
1753401494994,1753401494,KXMLBGAME-25JUL24TORDET-DET,15,85,14,no
1753401497976,1753401497,KXMLBGAME-25JUL24TORDET-TOR,85,15,53,yes
1753401498036,1753401497,KXMLBGAME-25JUL24TORDET-TOR,84,16,2,no
1753401500220,1753401499,KXMLBGAME-25JUL24TORDET-DET,15,85,20,no
1753401502873,1753401502,KXMLBGAME-25JUL24TORDET-DET,16,84,88,yes
1753401505135,1753401505,KXMLBGAME-25JUL24TORDET-TOR,84,16,5,no
1753401505896,1753401505,KXMLBGAME-25JUL24TORDET-TOR,85,15,2,yes
1753401505972,1753401505,KXMLBGAME-25JUL24SDSTL-SD,60,40,757,yes
1753401508656,1753401508,KXMLBGAME-25JUL24TORDET-DET,16,84,29,yes
1753401511484,1753401511,KXMLBGAME-25JUL24SDSTL-STL,40,60,17,no
1753401512035,1753401511,KXMLBGAME-25JUL24TORDET-TOR,85,15,4,yes
1753401512112,1753401511,KXMLBGAME-25JUL24TORDET-DET,15,85,170,no
1753401512318,1753401512,KXMLBGAME-25JUL24TORDET-TOR,84,16,293,no
1753401512318,1753401512,KXMLBGAME-25JUL24TORDET-TOR,83,17,52,no
1753401512318,1753401512,KXMLBGAME-25JUL24TORDET-TOR,82,18,48,no
1753401514595,1753401514,KXMLBGAME-25JUL24SDSTL-SD,60,40,802,yes
1753401517835,1753401517,KXMLBGAME-25JUL24TORDET-TOR,85,15,11,yes
1753401518352,1753401518,KXMLBGAME-25JUL24TORDET-DET,15,85,3,no
1753401518715,1753401518,KXMLBGAME-25JUL24SEALAA-SEA,44,56,80,yes
1753401518715,1753401518,KXMLBGAME-25JUL24SEALAA-SEA,44,56,83,yes
1753401518715,1753401518,KXMLBGAME-25JUL24SEALAA-SEA,44,56,430,yes
1753401518814,1753401518,KXMLBGAME-25JUL24TORDET-TOR,83,17,3,no
1753401523954,1753401523,KXMLBGAME-25JUL24TORDET-TOR,83,17,13,no
1753401524314,1753401524,KXMLBGAME-25JUL24TORDET-TOR,85,15,34,yes
1753401528380,1753401528,KXMLBGAME-25JUL24ATHHOU-ATH,42,58,11,yes
1753401530571,1753401530,KXMLBGAME-25JUL24SDSTL-SD,61,39,16,yes
1753401537432,1753401537,KXMLBGAME-25JUL24TORDET-TOR,87,13,12,yes
1753401537433,1753401537,KXMLBGAME-25JUL24TORDET-TOR,88,12,100,yes
1753401537433,1753401537,KXMLBGAME-25JUL24TORDET-TOR,90,10,55,yes
1753401537433,1753401537,KXMLBGAME-25JUL24TORDET-TOR,90,10,25,yes
1753401537433,1753401537,KXMLBGAME-25JUL24TORDET-TOR,90,10,382,yes
1753401537433,1753401537,KXMLBGAME-25JUL24TORDET-TOR,92,8,594,yes
1753401537513,1753401537,KXMLBGAME-25JUL24TORDET-DET,20,80,12,no
1753401537874,1753401537,KXMLBGAME-25JUL24TORDET-DET,25,75,1,yes
1753401540138,1753401540,KXMLBGAME-25JUL24TORDET-TOR,23,77,5,no
1753401540573,1753401540,KXMLBGAME-25JUL24TORDET-DET,20,80,3,no
1753401540573,1753401540,KXMLBGAME-25JUL24TORDET-DET,14,86,18,no
1753401541055,1753401541,KXMLBGAME-25JUL24ATHHOU-ATH,42,58,2,yes
1753401544476,1753401544,KXMLBGAME-25JUL24SDSTL-SD,61,39,3191,yes
1753401550858,1753401550,KXMLBGAME-25JUL24TORDET-TOR,83,17,23,no
1753401552033,1753401551,KXMLBGAME-25JUL24ATHHOU-HOU,59,41,49,yes
1753401552554,1753401552,KXMLBGAME-25JUL24TORDET-DET,14,86,12,no
1753401552892,1753401552,KXMLBGAME-25JUL24TORDET-TOR,88,12,10,yes
1753401552892,1753401552,KXMLBGAME-25JUL24TORDET-TOR,88,12,90,yes
1753401553012,1753401552,KXMLBGAME-25JUL24TORDET-TOR,88,12,120,no
1753401553012,1753401552,KXMLBGAME-25JUL24TORDET-DET,14,86,70,no
1753401553012,1753401552,KXMLBGAME-25JUL24TORDET-DET,14,86,50,no
1753401553912,1753401553,KXMLBGAME-25JUL24TORDET-TOR,89,11,90,yes
1753401558915,1753401558,KXMLBGAME-25JUL24TORDET-TOR,89,11,221,no
1753401560556,1753401560,KXMLBGAME-25JUL24TORDET-DET,11,89,85,yes
1753401562070,1753401561,KXMLBGAME-25JUL24TORDET-DET,9,91,1117,no
1753401563793,1753401563,KXMLBGAME-25JUL24TORDET-DET,10,90,22,yes
1753401564893,1753401564,KXMLBGAME-25JUL24TORDET-TOR,90,10,100,no
1753401565076,1753401565,KXMLBGAME-25JUL24SDSTL-SD,64,36,1,yes
1753401565813,1753401565,KXMLBGAME-25JUL24SDSTL-STL,38,62,87,yes
1753401565813,1753401565,KXMLBGAME-25JUL24SDSTL-STL,38,62,166,yes
1753401568111,1753401567,KXMLBGAME-25JUL24TORDET-DET,10,90,100,yes
1753401569253,1753401569,KXMLBGAME-25JUL24SDSTL-SD,64,36,499,yes
1753401569253,1753401569,KXMLBGAME-25JUL24SDSTL-SD,65,35,10,yes
1753401569253,1753401569,KXMLBGAME-25JUL24SDSTL-SD,65,35,200,yes
1753401569253,1753401569,KXMLBGAME-25JUL24SDSTL-SD,65,35,300,yes
1753401569253,1753401569,KXMLBGAME-25JUL24SDSTL-SD,65,35,76,yes
1753401569253,1753401569,KXMLBGAME-25JUL24SDSTL-SD,65,35,600,yes
1753401569254,1753401569,KXMLBGAME-25JUL24SDSTL-SD,65,35,500,yes
1753401569254,1753401569,KXMLBGAME-25JUL24SDSTL-SD,65,35,5000,yes
1753401569254,1753401569,KXMLBGAME-25JUL24SDSTL-SD,65,35,300,yes
1753401569254,1753401569,KXMLBGAME-25JUL24SDSTL-SD,65,35,11,yes
1753401569314,1753401569,KXMLBGAME-25JUL24TORDET-DET,10,90,12,yes
1753401570612,1753401570,KXMLBGAME-25JUL24TORDET-DET,8,92,87,no
1753401570612,1753401570,KXMLBGAME-25JUL24TORDET-DET,8,92,269,no
1753401573552,1753401573,KXMLBGAME-25JUL24TORDET-TOR,90,10,400,no
1753401573552,1753401573,KXMLBGAME-25JUL24TORDET-TOR,90,10,300,no
1753401573553,1753401573,KXMLBGAME-25JUL24TORDET-TOR,89,11,600,no
1753401573553,1753401573,KXMLBGAME-25JUL24TORDET-TOR,89,11,2000,no
1753401573553,1753401573,KXMLBGAME-25JUL24TORDET-TOR,89,11,55,no
1753401573553,1753401573,KXMLBGAME-25JUL24TORDET-TOR,88,12,1013,no
1753401576432,1753401576,KXMLBGAME-25JUL24TORDET-DET,10,90,94,yes
1753401578252,1753401578,KXMLBGAME-25JUL24TORDET-DET,10,90,85,yes
1753401578432,1753401578,KXMLBGAME-25JUL24TORDET-TOR,91,9,109,yes
1753401579295,1753401579,KXMLBGAME-25JUL24TORDET-DET,10,90,363,yes
1753401579295,1753401579,KXMLBGAME-25JUL24TORDET-DET,10,90,107,yes
1753401579392,1753401579,KXMLBGAME-25JUL24TORDET-DET,10,90,193,yes
1753401579392,1753401579,KXMLBGAME-25JUL24TORDET-DET,10,90,452,yes
1753401579392,1753401579,KXMLBGAME-25JUL24TORDET-DET,10,90,453,yes
1753401579814,1753401579,KXMLBGAME-25JUL24TORDET-DET,10,90,70,no
1753401580175,1753401580,KXMLBGAME-25JUL24TORDET-TOR,91,9,109,yes
1753401580315,1753401580,KXMLBGAME-25JUL24TORDET-DET,10,90,473,no
1753401581734,1753401581,KXMLBGAME-25JUL24SDSTL-SD,64,36,76,yes
1753401581734,1753401581,KXMLBGAME-25JUL24SDSTL-SD,65,35,123,yes
1753401582592,1753401582,KXMLBGAME-25JUL24TORDET-DET,11,89,160,yes
1753401584655,1753401584,KXMLBGAME-25JUL24TORDET-DET,10,90,359,no
1753401584914,1753401584,KXMLBGAME-25JUL24TORDET-TOR,89,11,170,no
1753401586233,1753401586,KXMLBGAME-25JUL24TORDET-TOR,89,11,20,no
1753401589274,1753401589,KXMLBGAME-25JUL24TORDET-TOR,91,9,3,yes
1753401589274,1753401589,KXMLBGAME-25JUL24TORDET-TOR,92,8,87,yes
1753401589274,1753401589,KXMLBGAME-25JUL24TORDET-TOR,92,8,3767,yes
1753401591113,1753401590,KXMLBGAME-25JUL24TORDET-TOR,92,8,16,yes
1753401591337,1753401591,KXMLBGAME-25JUL24TORDET-TOR,90,10,100,no
1753401592554,1753401592,KXMLBGAME-25JUL24TORDET-TOR,92,8,30,yes
1753401596154,1753401596,KXMLBGAME-25JUL24TORDET-DET,10,90,94,yes
1753401597091,1753401596,KXMLBGAME-25JUL24TORDET-TOR,92,8,82,yes
1753401598114,1753401597,KXMLBGAME-25JUL24TORDET-TOR,92,8,438,yes
1753401598114,1753401597,KXMLBGAME-25JUL24TORDET-TOR,92,8,87,yes
1753401598114,1753401597,KXMLBGAME-25JUL24TORDET-TOR,92,8,91,yes
1753401598353,1753401598,KXMLBGAME-25JUL24TORDET-TOR,90,10,31,no
1753401598973,1753401598,KXMLBGAME-25JUL24SDSTL-STL,36,64,26,yes
1753401599959,1753401599,KXMLBGAME-25JUL24SDSTL-STL,36,64,26,yes
1753401600715,1753401600,KXMLBGAME-25JUL24TORDET-DET,9,91,13,no
1753401603235,1753401602,KXMLBGAME-25JUL24TORDET-TOR,90,10,169,no
1753401603235,1753401602,KXMLBGAME-25JUL24TORDET-TOR,89,11,63,no
1753401603235,1753401602,KXMLBGAME-25JUL24TORDET-TOR,89,11,22,no
1753401603235,1753401602,KXMLBGAME-25JUL24TORDET-TOR,89,11,117,no
1753401605734,1753401605,KXMLBGAME-25JUL24SDSTL-SD,64,36,80,no
1753401608214,1753401608,KXMLBGAME-25JUL24TORDET-DET,9,91,69,no
1753401609837,1753401609,KXMLBGAME-25JUL24TORDET-DET,9,91,18,no
1753401609837,1753401609,KXMLBGAME-25JUL24TORDET-DET,9,91,5,no
1753401609837,1753401609,KXMLBGAME-25JUL24TORDET-DET,8,92,18,no
1753401610575,1753401610,KXMLBGAME-25JUL24TORDET-DET,10,90,9,yes
1753401612713,1753401612,KXMLBGAME-25JUL24TORDET-DET,8,92,27,no
1753401618313,1753401618,KXMLBGAME-25JUL24TORDET-TOR,93,7,10,yes
1753401618778,1753401618,KXMLBGAME-25JUL24SEALAA-SEA,44,56,65,yes
1753401621167,1753401620,KXMLBGAME-25JUL24TORDET-TOR,93,7,19,yes
1753401621175,1753401621,KXMLBGAME-25JUL24SDSTL-STL,36,64,132,yes
1753401625836,1753401625,KXMLBGAME-25JUL24TORDET-DET,7,93,12,no
1753401626172,1753401626,KXMLBGAME-25JUL24TORDET-TOR,93,7,43,yes
1753401628426,1753401628,KXMLBGAME-25JUL24SEALAA-LAA,57,43,334,yes
1753401628512,1753401628,KXMLBGAME-25JUL24TORDET-TOR,93,7,107,yes
1753401631412,1753401631,KXMLBGAME-25JUL24TORDET-DET,9,91,47,yes
1753401633593,1753401633,KXMLBGAME-25JUL24ATHHOU-ATH,42,58,115,yes
1753401634295,1753401634,KXMLBGAME-25JUL24SDSTL-SD,65,35,15,yes
1753401634672,1753401634,KXMLBGAME-25JUL24TORDET-TOR,93,7,79,yes
1753401635141,1753401634,KXMLBGAME-25JUL24TORDET-TOR,93,7,160,yes
1753401635480,1753401635,KXMLBGAME-25JUL24SDSTL-SD,65,35,30,yes
1753401637130,1753401636,KXMLBGAME-25JUL24TORDET-TOR,93,7,1070,yes
1753401643734,1753401643,KXMLBGAME-25JUL24TORDET-TOR,90,10,30,no
1753401643734,1753401643,KXMLBGAME-25JUL24TORDET-TOR,90,10,49,no
1753401644414,1753401644,KXMLBGAME-25JUL24TORDET-DET,10,90,63,yes
1753401644414,1753401644,KXMLBGAME-25JUL24TORDET-DET,10,90,172,yes
1753401646297,1753401646,KXMLBGAME-25JUL24SDSTL-SD,65,35,150,yes
1753401652080,1753401651,KXMLBGAME-25JUL24TORDET-TOR,90,10,1047,no
1753401657235,1753401657,KXMLBGAME-25JUL24TORDET-DET,8,92,5,no
1753401657235,1753401657,KXMLBGAME-25JUL24TORDET-DET,7,93,88,no
1753401657235,1753401657,KXMLBGAME-25JUL24TORDET-DET,7,93,2690,no
1753401657399,1753401657,KXMLBGAME-25JUL24TORDET-DET,7,93,86,no
1753401662076,1753401661,KXMLBGAME-25JUL24TORDET-TOR,90,10,41,no
1753401665186,1753401665,KXMLBGAME-25JUL24TORDET-TOR,93,7,7,yes
1753401666153,1753401666,KXMLBGAME-25JUL24SDSTL-SD,65,35,22,yes
1753401670613,1753401670,KXMLBGAME-25JUL24TORDET-DET,9,91,300,yes
1753401670613,1753401670,KXMLBGAME-25JUL24TORDET-DET,10,90,670,yes
1753401679493,1753401679,KXMLBGAME-25JUL24TORDET-TOR,93,7,53,yes
1753401682498,1753401682,KXMLBGAME-25JUL24TORDET-DET,7,93,242,no
1753401683614,1753401683,KXMLBGAME-25JUL24TORDET-TOR,93,7,500,yes
1753401683614,1753401683,KXMLBGAME-25JUL24TORDET-TOR,93,7,378,yes
1753401688574,1753401688,KXMLBGAME-25JUL24SDSTL-SD,72,28,300,yes
1753401688574,1753401688,KXMLBGAME-25JUL24SDSTL-SD,73,27,100,yes
1753401688574,1753401688,KXMLBGAME-25JUL24SDSTL-SD,75,25,100,yes
1753401688574,1753401688,KXMLBGAME-25JUL24SDSTL-SD,75,25,34,yes
1753401688793,1753401688,KXMLBGAME-25JUL24ATHHOU-HOU,59,41,82,yes
1753401690317,1753401690,KXMLBGAME-25JUL24TORDET-TOR,91,9,2,no
1753401690694,1753401690,KXMLBGAME-25JUL24SDSTL-SD,79,21,1,yes
1753401690694,1753401690,KXMLBGAME-25JUL24SDSTL-SD,79,21,61,yes
1753401692635,1753401692,KXMLBGAME-25JUL24SDSTL-SD,79,21,34,yes
1753401693035,1753401692,KXMLBGAME-25JUL24TORDET-TOR,91,9,82,no
1753401693275,1753401693,KXMLBGAME-25JUL24TORDET-DET,7,93,14,no
1753401695053,1753401694,KXMLBGAME-25JUL24SDSTL-STL,39,61,30,yes
1753401696434,1753401696,KXMLBGAME-25JUL24TORDET-DET,11,89,94,yes
1753401697895,1753401697,KXMLBGAME-25JUL24TORDET-DET,7,93,17,no
1753401698674,1753401698,KXMLBGAME-25JUL24TORDET-TOR,91,9,216,no
1753401698674,1753401698,KXMLBGAME-25JUL24TORDET-TOR,90,10,71,no
1753401699294,1753401699,KXMLBGAME-25JUL24TORDET-TOR,93,7,222,yes
1753401699294,1753401699,KXMLBGAME-25JUL24TORDET-TOR,94,6,500,yes
1753401699294,1753401699,KXMLBGAME-25JUL24TORDET-TOR,94,6,339,yes
1753401701074,1753401701,KXMLBGAME-25JUL24TORDET-DET,7,93,15,no
1753401702574,1753401702,KXMLBGAME-25JUL24TORDET-DET,7,93,144,no
1753401703034,1753401702,KXMLBGAME-25JUL24SEALAA-SEA,44,56,262,yes
1753401704435,1753401704,KXMLBGAME-25JUL24TORDET-TOR,91,9,300,no
1753401704436,1753401704,KXMLBGAME-25JUL24TORDET-TOR,90,10,1098,no
1753401707479,1753401707,KXMLBGAME-25JUL24TORDET-DET,11,89,32,yes
1753401713035,1753401712,KXMLBGAME-25JUL24SDSTL-SD,52,48,57,yes
1753401713035,1753401712,KXMLBGAME-25JUL24SDSTL-SD,54,46,212,yes
1753401714853,1753401714,KXMLBGAME-25JUL24ATHHOU-HOU,59,41,40,yes
1753401719767,1753401719,KXMLBGAME-25JUL24TORDET-DET,9,91,6,yes
1753401720374,1753401720,KXMLBGAME-25JUL24TORDET-TOR,93,7,1,yes
1753401721194,1753401720,KXMLBGAME-25JUL24SEALAA-LAA,56,44,8,no
1753401721473,1753401721,KXMLBGAME-25JUL24ATHHOU-HOU,59,41,26,yes
1753401723353,1753401723,KXMLBGAME-25JUL24SDSTL-SD,57,43,42,yes
1753401723353,1753401723,KXMLBGAME-25JUL24SDSTL-SD,58,42,209,yes
1753401724723,1753401724,KXMLBGAME-25JUL24TORDET-TOR,93,7,199,yes
1753401724723,1753401724,KXMLBGAME-25JUL24TORDET-TOR,94,6,14,yes
1753401725810,1753401725,KXMLBGAME-25JUL24TORDET-DET,9,91,104,yes
1753401726213,1753401726,KXMLBGAME-25JUL24SDSTL-SD,57,43,25,yes
1753401726652,1753401726,KXMLBGAME-25JUL24TORDET-DET,9,91,52,yes
1753401727476,1753401727,KXMLBGAME-25JUL24SDSTL-SD,57,43,7,yes
1753401727476,1753401727,KXMLBGAME-25JUL24SDSTL-SD,57,43,19,yes
1753401727476,1753401727,KXMLBGAME-25JUL24SDSTL-SD,58,42,16,yes
1753401728037,1753401727,KXMLBGAME-25JUL24TORDET-DET,7,93,8,no
1753401729716,1753401729,KXMLBGAME-25JUL24TORDET-TOR,91,9,262,no
1753401730755,1753401730,KXMLBGAME-25JUL24TORDET-DET,7,93,23,no
1753401733915,1753401733,KXMLBGAME-25JUL24TORDET-TOR,94,6,15,yes
1753401737138,1753401737,KXMLBGAME-25JUL24TORDET-TOR,91,9,106,no
1753401743258,1753401743,KXMLBGAME-25JUL24TORDET-TOR,91,9,113,no
1753401743355,1753401743,KXMLBGAME-25JUL24SEALAA-SEA,44,56,45,yes
1753401750675,1753401750,KXMLBGAME-25JUL24TORDET-TOR,94,6,158,yes
1753401751479,1753401751,KXMLBGAME-25JUL24SDSTL-SD,68,32,34,yes
1753401752253,1753401752,KXMLBGAME-25JUL24SEALAA-SEA,44,56,41,yes
1753401753534,1753401753,KXMLBGAME-25JUL24SDSTL-SD,51,49,50,no
1753401753534,1753401753,KXMLBGAME-25JUL24SDSTL-STL,58,42,50,no
1753401754074,1753401754,KXMLBGAME-25JUL24TORDET-TOR,94,6,1,yes
1753401755353,1753401755,KXMLBGAME-25JUL24TORDET-DET,7,93,8,no
1753401756333,1753401756,KXMLBGAME-25JUL24SDSTL-SD,58,42,1408,yes
1753401761034,1753401760,KXMLBGAME-25JUL24SDSTL-SD,55,45,44,yes
1753401762215,1753401762,KXMLBGAME-25JUL24ATHHOU-HOU,59,41,16,yes
1753401765597,1753401765,KXMLBGAME-25JUL24TORDET-TOR,93,7,164,yes
1753401765777,1753401765,KXMLBGAME-25JUL24SDSTL-SD,55,45,9,yes
1753401766034,1753401765,KXMLBGAME-25JUL24TORDET-TOR,91,9,300,no
1753401768736,1753401768,KXMLBGAME-25JUL24SDSTL-SD,55,45,102,yes
1753401772713,1753401772,KXMLBGAME-25JUL24TORDET-DET,7,93,139,no
1753401774019,1753401773,KXMLBGAME-25JUL24TORDET-TOR,91,9,309,yes
1753401774555,1753401774,KXMLBGAME-25JUL24SDSTL-STL,46,54,219,yes
1753401776557,1753401776,KXMLBGAME-25JUL24TORDET-TOR,90,10,185,no
1753401777154,1753401777,KXMLBGAME-25JUL24SEALAA-SEA,44,56,63,yes
1753401778732,1753401778,KXMLBGAME-25JUL24TORDET-DET,9,91,261,yes
1753401779353,1753401779,KXMLBGAME-25JUL24TORDET-DET,7,93,14,no
1753401785258,1753401785,KXMLBGAME-25JUL24SDSTL-STL,46,54,81,yes
1753401785258,1753401785,KXMLBGAME-25JUL24SDSTL-STL,46,54,21,yes
1753401787655,1753401787,KXMLBGAME-25JUL24SDSTL-SD,56,44,8,yes
1753401788478,1753401788,KXMLBGAME-25JUL24SEALAA-SEA,44,56,656,yes
1753401790073,1753401790,KXMLBGAME-25JUL24TORDET-TOR,90,10,677,no
1753401790915,1753401790,KXMLBGAME-25JUL24TORDET-DET,10,90,47,yes
1753401801169,1753401801,KXMLBGAME-25JUL24TORDET-DET,10,90,2,yes
1753401802575,1753401802,KXMLBGAME-25JUL24ATHHOU-ATH,42,58,281,yes
1753401803253,1753401803,KXMLBGAME-25JUL24SEALAA-SEA,44,56,87,yes
1753401803253,1753401803,KXMLBGAME-25JUL24SEALAA-SEA,44,56,11,yes
1753401803940,1753401803,KXMLBGAME-25JUL24TORDET-DET,9,91,100,no
1753401803955,1753401803,KXMLBGAME-25JUL24TORDET-DET,7,93,97,no
1753401803955,1753401803,KXMLBGAME-25JUL24TORDET-DET,7,93,70,no
1753401805067,1753401804,KXMLBGAME-25JUL24TORDET-TOR,90,10,123,no
1753401813573,1753401813,KXMLBGAME-25JUL24TORDET-TOR,91,9,10,no
1753401813573,1753401813,KXMLBGAME-25JUL24TORDET-TOR,90,10,10,no
1753401814034,1753401813,KXMLBGAME-25JUL24ATHHOU-HOU,59,41,411,yes
1753401815015,1753401814,KXMLBGAME-25JUL24TORDET-TOR,90,10,91,no
1753401815975,1753401815,KXMLBGAME-25JUL24SDSTL-SD,57,43,181,yes
1753401816946,1753401816,KXMLBGAME-25JUL24TORDET-TOR,90,10,155,no
1753401820833,1753401820,KXMLBGAME-25JUL24SDSTL-SD,56,44,300,yes
1753401820833,1753401820,KXMLBGAME-25JUL24SDSTL-SD,57,43,419,yes
1753401820833,1753401820,KXMLBGAME-25JUL24SDSTL-SD,57,43,130,yes
1753401822833,1753401822,KXMLBGAME-25JUL24TORDET-TOR,92,8,37,yes
1753401826453,1753401826,KXMLBGAME-25JUL24TORDET-DET,7,93,29,no
1753401826953,1753401826,KXMLBGAME-25JUL24SDSTL-STL,45,55,53,yes
1753401830536,1753401830,KXMLBGAME-25JUL24TORDET-DET,10,90,94,yes
1753401835094,1753401835,KXMLBGAME-25JUL24TORDET-DET,10,90,47,yes
1753401835306,1753401835,KXMLBGAME-25JUL24SDSTL-STL,45,55,1,yes
1753401839835,1753401839,KXMLBGAME-25JUL24TORDET-TOR,92,8,2,yes
1753401842516,1753401842,KXMLBGAME-25JUL24SDSTL-STL,45,55,2,yes
1753401846722,1753401846,KXMLBGAME-25JUL24TORDET-TOR,92,8,52,yes
1753401846722,1753401846,KXMLBGAME-25JUL24TORDET-TOR,92,8,439,yes
1753401847892,1753401847,KXMLBGAME-25JUL24SDSTL-STL,45,55,10,yes
1753401849036,1753401848,KXMLBGAME-25JUL24TORDET-TOR,92,8,50,yes
1753401851074,1753401851,KXMLBGAME-25JUL24TORDET-DET,10,90,95,yes
1753401853792,1753401853,KXMLBGAME-25JUL24SDSTL-STL,45,55,4,yes
1753401854074,1753401854,KXMLBGAME-25JUL24SDSTL-SD,57,43,100,yes
1753401856475,1753401856,KXMLBGAME-25JUL24TORDET-DET,10,90,64,yes
1753401856475,1753401856,KXMLBGAME-25JUL24TORDET-DET,10,90,50,yes
1753401856475,1753401856,KXMLBGAME-25JUL24TORDET-DET,11,89,324,yes
1753401856875,1753401856,KXMLBGAME-25JUL24SDSTL-SD,57,43,42,yes
1753401858634,1753401858,KXMLBGAME-25JUL24TORDET-TOR,92,8,91,yes
1753401859955,1753401859,KXMLBGAME-25JUL24SDSTL-STL,45,55,146,yes
1753401859955,1753401859,KXMLBGAME-25JUL24SDSTL-STL,45,55,600,yes
1753401859955,1753401859,KXMLBGAME-25JUL24SDSTL-STL,46,54,66,yes
1753401859955,1753401859,KXMLBGAME-25JUL24SDSTL-STL,46,54,21,yes
1753401859955,1753401859,KXMLBGAME-25JUL24SDSTL-STL,46,54,300,yes
1753401859955,1753401859,KXMLBGAME-25JUL24SDSTL-STL,46,54,200,yes
1753401859955,1753401859,KXMLBGAME-25JUL24SDSTL-STL,47,53,200,yes
1753401859955,1753401859,KXMLBGAME-25JUL24SDSTL-STL,47,53,300,yes
1753401859955,1753401859,KXMLBGAME-25JUL24SDSTL-STL,48,52,256,yes
1753401860294,1753401860,KXMLBGAME-25JUL24SDSTL-SD,56,44,5,yes
1753401860837,1753401860,KXMLBGAME-25JUL24TORDET-TOR,92,8,20,yes
1753401860837,1753401860,KXMLBGAME-25JUL24TORDET-TOR,92,8,106,yes
1753401861034,1753401860,KXMLBGAME-25JUL24TORDET-DET,8,92,500,no
1753401861034,1753401860,KXMLBGAME-25JUL24TORDET-DET,7,93,92,no
1753401861074,1753401861,KXMLBGAME-25JUL24TORDET-TOR,92,8,162,yes
1753401862513,1753401862,KXMLBGAME-25JUL24SDSTL-SD,55,45,88,yes
1753401864374,1753401864,KXMLBGAME-25JUL24SDSTL-SD,55,45,38,yes
1753401865737,1753401865,KXMLBGAME-25JUL24TORDET-DET,10,90,47,yes
1753401866814,1753401866,KXMLBGAME-25JUL24ATHHOU-HOU,59,41,194,yes
1753401867479,1753401867,KXMLBGAME-25JUL24TORDET-DET,8,92,55,no
1753401869175,1753401869,KXMLBGAME-25JUL24TORDET-DET,11,89,42,yes
1753401870896,1753401870,KXMLBGAME-25JUL24SDSTL-SD,55,45,174,yes
1753401870896,1753401870,KXMLBGAME-25JUL24SDSTL-SD,55,45,400,yes
1753401870896,1753401870,KXMLBGAME-25JUL24SDSTL-SD,55,45,600,yes
1753401871234,1753401871,KXMLBGAME-25JUL24SEALAA-SEA,44,56,232,yes
1753401871234,1753401871,KXMLBGAME-25JUL24SEALAA-SEA,44,56,21,yes
1753401871234,1753401871,KXMLBGAME-25JUL24SEALAA-SEA,44,56,10,yes
1753401871234,1753401871,KXMLBGAME-25JUL24SEALAA-SEA,44,56,1,yes
1753401871234,1753401871,KXMLBGAME-25JUL24SEALAA-SEA,44,56,31,yes
1753401874374,1753401874,KXMLBGAME-25JUL24TORDET-DET,7,93,6,no
1753401875533,1753401875,KXMLBGAME-25JUL24TORDET-DET,10,90,300,yes
1753401875533,1753401875,KXMLBGAME-25JUL24TORDET-DET,11,89,37,yes
1753401875533,1753401875,KXMLBGAME-25JUL24TORDET-DET,11,89,14,yes
1753401875533,1753401875,KXMLBGAME-25JUL24TORDET-DET,12,88,95,yes
1753401876874,1753401876,KXMLBGAME-25JUL24TORDET-TOR,92,8,232,yes
1753401876874,1753401876,KXMLBGAME-25JUL24TORDET-TOR,92,8,87,yes
1753401876874,1753401876,KXMLBGAME-25JUL24TORDET-TOR,93,7,300,yes
1753401876874,1753401876,KXMLBGAME-25JUL24TORDET-TOR,93,7,750,yes
1753401876874,1753401876,KXMLBGAME-25JUL24TORDET-TOR,93,7,500,yes
1753401876874,1753401876,KXMLBGAME-25JUL24TORDET-TOR,94,6,30,yes
1753401876874,1753401876,KXMLBGAME-25JUL24TORDET-TOR,94,6,241,yes
1753401882915,1753401882,KXMLBGAME-25JUL24SDSTL-STL,45,55,213,yes
1753401888108,1753401888,KXMLBGAME-25JUL24TORDET-TOR,90,10,33,no
1753401888237,1753401888,KXMLBGAME-25JUL24TORDET-TOR,93,7,25,yes
1753401892313,1753401892,KXMLBGAME-25JUL24SDSTL-SD,56,44,5,yes
1753401895453,1753401895,KXMLBGAME-25JUL24TORDET-TOR,93,7,7,yes
1753401898817,1753401898,KXMLBGAME-25JUL24TORDET-TOR,93,7,3,yes
1753401898893,1753401898,KXMLBGAME-25JUL24TORDET-DET,7,93,27,no
1753401899094,1753401899,KXMLBGAME-25JUL24TORDET-DET,9,91,47,yes
1753401901520,1753401901,KXMLBGAME-25JUL24TORDET-TOR,91,9,5,no
1753401901520,1753401901,KXMLBGAME-25JUL24TORDET-TOR,90,10,29,no
1753401903735,1753401903,KXMLBGAME-25JUL24TORDET-TOR,93,7,11,yes
1753401903773,1753401903,KXMLBGAME-25JUL24TORDET-TOR,93,7,16,yes
1753401909305,1753401909,KXMLBGAME-25JUL24TORDET-DET,7,93,60,no
1753401909305,1753401909,KXMLBGAME-25JUL24TORDET-DET,7,93,300,no
1753401909305,1753401909,KXMLBGAME-25JUL24TORDET-DET,7,93,27,no
1753401909305,1753401909,KXMLBGAME-25JUL24TORDET-DET,6,94,322,no
1753401909305,1753401909,KXMLBGAME-25JUL24TORDET-TOR,93,7,25,yes
1753401909305,1753401909,KXMLBGAME-25JUL24TORDET-TOR,93,7,25,yes
1753401909305,1753401909,KXMLBGAME-25JUL24TORDET-TOR,93,7,7,yes
1753401909305,1753401909,KXMLBGAME-25JUL24TORDET-TOR,93,7,3,yes
1753401909305,1753401909,KXMLBGAME-25JUL24TORDET-TOR,93,7,11,yes
1753401909778,1753401909,KXMLBGAME-25JUL24SDSTL-SD,56,44,34,yes
1753401912839,1753401912,KXMLBGAME-25JUL24TORDET-DET,10,90,300,yes
1753401912839,1753401912,KXMLBGAME-25JUL24TORDET-DET,10,90,640,yes
1753401935634,1753401935,KXMLBGAME-25JUL24SEALAA-SEA,44,56,32,yes
1753401936135,1753401936,KXMLBGAME-25JUL24ATHHOU-HOU,59,41,24,yes
1753401936913,1753401936,KXMLBGAME-25JUL24SDSTL-SD,54,46,17,yes
1753401938396,1753401938,KXMLBGAME-25JUL24SDSTL-SD,54,46,44,yes
1753401940254,1753401940,KXMLBGAME-25JUL24ATHHOU-HOU,59,41,82,yes
1753401941260,1753401941,KXMLBGAME-25JUL24SDSTL-SD,54,46,58,yes
1753401942713,1753401942,KXMLBGAME-25JUL24TORDET-TOR,90,10,57,no
1753401945493,1753401945,KXMLBGAME-25JUL24SDSTL-SD,54,46,25,yes
1753401953445,1753401953,KXMLBGAME-25JUL24TORDET-DET,7,93,300,no
1753401953445,1753401953,KXMLBGAME-25JUL24TORDET-DET,6,94,281,no
1753401953445,1753401953,KXMLBGAME-25JUL24TORDET-DET,10,90,188,yes
1753401958790,1753401958,KXMLBGAME-25JUL24SDSTL-SD,54,46,300,yes
1753401958790,1753401958,KXMLBGAME-25JUL24SDSTL-SD,54,46,500,yes
1753401958790,1753401958,KXMLBGAME-25JUL24SDSTL-SD,55,45,402,yes
1753401963173,1753401963,KXMLBGAME-25JUL24SDSTL-SD,54,46,8,yes
1753401964515,1753401964,KXMLBGAME-25JUL24TORDET-TOR,90,10,150,no
1753401965426,1753401965,KXMLBGAME-25JUL24TORDET-TOR,92,8,123,yes
1753401970652,1753401970,KXMLBGAME-25JUL24TORDET-DET,10,90,94,yes
1753401973155,1753401973,KXMLBGAME-25JUL24SDSTL-SD,53,47,9,yes
1753401976475,1753401976,KXMLBGAME-25JUL24TORDET-TOR,91,9,595,no
1753401978452,1753401978,KXMLBGAME-25JUL24TORDET-TOR,92,8,86,yes
1753401978776,1753401978,KXMLBGAME-25JUL24SDSTL-STL,48,52,33,yes
1753401980992,1753401980,KXMLBGAME-25JUL24SDSTL-SD,53,47,100,yes
1753401982214,1753401982,KXMLBGAME-25JUL24SDSTL-STL,48,52,104,yes
1753401983244,1753401983,KXMLBGAME-25JUL24SDSTL-SD,53,47,191,yes
1753401983244,1753401983,KXMLBGAME-25JUL24SDSTL-SD,53,47,54,yes
1753401994015,1753401993,KXMLBGAME-25JUL24TORDET-TOR,93,7,36,yes
1753401994015,1753401993,KXMLBGAME-25JUL24TORDET-TOR,93,7,163,yes
1753401996155,1753401996,KXMLBGAME-25JUL24ATHHOU-HOU,59,41,5,yes
1753402007498,1753402007,KXMLBGAME-25JUL24TORDET-DET,9,91,104,yes
1753402008757,1753402008,KXMLBGAME-25JUL24ATHHOU-HOU,59,41,202,yes
1753402008757,1753402008,KXMLBGAME-25JUL24ATHHOU-HOU,59,41,2500,yes
1753402008757,1753402008,KXMLBGAME-25JUL24ATHHOU-HOU,59,41,429,yes
1753402009114,1753402009,KXMLBGAME-25JUL24SDSTL-SD,59,41,46,yes
1753402009114,1753402009,KXMLBGAME-25JUL24SDSTL-SD,60,40,105,yes
1753402011596,1753402011,KXMLBGAME-25JUL24TORDET-TOR,93,7,53,yes
1753402012631,1753402012,KXMLBGAME-25JUL24TORDET-DET,7,93,14,no
1753402018533,1753402018,KXMLBGAME-25JUL24SEALAA-SEA,44,56,215,yes
1753402021655,1753402021,KXMLBGAME-25JUL24SDSTL-SD,52,48,300,yes
1753402021655,1753402021,KXMLBGAME-25JUL24SDSTL-SD,53,47,70,yes
1753402025132,1753402024,KXMLBGAME-25JUL24SDSTL-STL,49,51,87,yes
1753402025132,1753402024,KXMLBGAME-25JUL24SDSTL-STL,49,51,50,yes
1753402032960,1753402032,KXMLBGAME-25JUL24TORDET-TOR,91,9,5,no
1753402032960,1753402032,KXMLBGAME-25JUL24TORDET-TOR,91,9,245,no
1753402036616,1753402036,KXMLBGAME-25JUL24TORDET-TOR,91,9,87,no
1753402037133,1753402036,KXMLBGAME-25JUL24TORDET-TOR,91,9,121,no
1753402039033,1753402038,KXMLBGAME-25JUL24ATHHOU-HOU,59,41,41,yes
1753402045733,1753402045,KXMLBGAME-25JUL24TORDET-DET,9,91,15,yes
1753402047816,1753402047,KXMLBGAME-25JUL24SDSTL-SD,52,48,300,yes
1753402047816,1753402047,KXMLBGAME-25JUL24SDSTL-SD,53,47,242,yes
1753402054856,1753402054,KXMLBGAME-25JUL24SDSTL-SD,52,48,27,yes
1753402059736,1753402059,KXMLBGAME-25JUL24SDSTL-STL,49,51,147,yes
1753402062088,1753402061,KXMLBGAME-25JUL24SDSTL-SD,51,49,38,no
1753402065314,1753402065,KXMLBGAME-25JUL24SDSTL-SD,52,48,163,yes
1753402066334,1753402066,KXMLBGAME-25JUL24SDSTL-STL,49,51,10,yes
1753402067295,1753402067,KXMLBGAME-25JUL24SDSTL-SD,52,48,5,yes
1753402069465,1753402069,KXMLBGAME-25JUL24SDSTL-SD,52,48,5,yes
1753402073254,1753402073,KXMLBGAME-25JUL24TORDET-DET,7,93,26,no
1753402074791,1753402074,KXMLBGAME-25JUL24ATHHOU-ATH,42,58,915,yes
1753402077959,1753402077,KXMLBGAME-25JUL24SDSTL-STL,49,51,10,yes
1753402077960,1753402077,KXMLBGAME-25JUL24SDSTL-SD,52,48,186,yes
1753402078432,1753402078,KXMLBGAME-25JUL24SDSTL-SD,52,48,1,yes
1753402080723,1753402080,KXMLBGAME-25JUL24TORDET-TOR,93,7,37,yes
1753402080723,1753402080,KXMLBGAME-25JUL24ATHHOU-ATH,42,58,24,yes
1753402080723,1753402080,KXMLBGAME-25JUL24ATHHOU-ATH,42,58,26,yes
1753402081713,1753402081,KXMLBGAME-25JUL24TORDET-DET,7,93,17,no
1753402082982,1753402082,KXMLBGAME-25JUL24SDSTL-SD,52,48,4,yes
1753402085440,1753402085,KXMLBGAME-25JUL24TORDET-DET,9,91,52,yes
1753402093325,1753402093,KXMLBGAME-25JUL24TORDET-TOR,92,8,100,yes
1753402093325,1753402093,KXMLBGAME-25JUL24TORDET-TOR,93,7,115,yes
1753402094296,1753402094,KXMLBGAME-25JUL24SDSTL-STL,49,51,147,yes
1753402095597,1753402095,KXMLBGAME-25JUL24SDSTL-SD,52,48,46,yes
1753402096536,1753402096,KXMLBGAME-25JUL24TORDET-DET,10,90,23,yes
1753402105374,1753402105,KXMLBGAME-25JUL24ATHHOU-ATH,42,58,2,yes
1753402110131,1753402110,KXMLBGAME-25JUL24TORDET-DET,11,89,2567,yes
1753402112128,1753402112,KXMLBGAME-25JUL24TORDET-DET,11,89,42,yes
1753402112613,1753402112,KXMLBGAME-25JUL24SDSTL-STL,49,51,11,yes
1753402113254,1753402113,KXMLBGAME-25JUL24SDSTL-SD,52,48,1,yes
1753402116554,1753402116,KXMLBGAME-25JUL24ATHHOU-HOU,59,41,21,yes
1753402118257,1753402118,KXMLBGAME-25JUL24ATHHOU-HOU,59,41,400,yes
1753402118414,1753402118,KXMLBGAME-25JUL24ATHHOU-HOU,59,41,125,yes
1753402118414,1753402118,KXMLBGAME-25JUL24ATHHOU-HOU,59,41,33,yes
1753402119154,1753402119,KXMLBGAME-25JUL24ATHHOU-ATH,41,59,2,no
1753402119154,1753402119,KXMLBGAME-25JUL24ATHHOU-ATH,41,59,1016,no
1753402119154,1753402119,KXMLBGAME-25JUL24ATHHOU-ATH,41,59,79,no
1753402119154,1753402119,KXMLBGAME-25JUL24ATHHOU-ATH,41,59,454,no
1753402123124,1753402122,KXMLBGAME-25JUL24TORDET-DET,8,92,6,yes
1753402124553,1753402124,KXMLBGAME-25JUL24TORDET-TOR,92,8,6,no
1753402124693,1753402124,KXMLBGAME-25JUL24TORDET-DET,8,92,230,yes
1753402129370,1753402129,KXMLBGAME-25JUL24TORDET-DET,8,92,11,yes
1753402129634,1753402129,KXMLBGAME-25JUL24TORDET-DET,8,92,6,yes
1753402130574,1753402130,KXMLBGAME-25JUL24TORDET-TOR,92,8,6,no
1753402135234,1753402135,KXMLBGAME-25JUL24ATHHOU-HOU,59,41,34,yes
1753402135234,1753402135,KXMLBGAME-25JUL24ATHHOU-HOU,59,41,72,yes
1753402135234,1753402135,KXMLBGAME-25JUL24ATHHOU-HOU,59,41,5000,yes
1753402135234,1753402135,KXMLBGAME-25JUL24ATHHOU-HOU,59,41,954,yes
1753402135234,1753402135,KXMLBGAME-25JUL24ATHHOU-HOU,59,41,25,yes
1753402135234,1753402135,KXMLBGAME-25JUL24ATHHOU-HOU,60,40,1308,yes
1753402139917,1753402139,KXMLBGAME-25JUL24SDSTL-STL,49,51,12,yes
1753402141472,1753402141,KXMLBGAME-25JUL24SDSTL-SD,52,48,37,yes
1753402143297,1753402143,KXMLBGAME-25JUL24TORDET-TOR,93,7,275,yes
1753402145236,1753402145,KXMLBGAME-25JUL24SEALAA-SEA,44,56,10,yes
1753402145955,1753402145,KXMLBGAME-25JUL24SDSTL-SD,52,48,216,yes
1753402145955,1753402145,KXMLBGAME-25JUL24SDSTL-SD,53,47,40,yes
1753402147941,1753402147,KXMLBGAME-25JUL24SDSTL-SD,53,47,172,yes
1753402148735,1753402148,KXMLBGAME-25JUL24TORDET-DET,8,92,70,yes
1753402148736,1753402148,KXMLBGAME-25JUL24TORDET-DET,8,92,11,yes
1753402148736,1753402148,KXMLBGAME-25JUL24TORDET-DET,8,92,39,yes
1753402151611,1753402151,KXMLBGAME-25JUL24TORDET-TOR,92,8,10,no
1753402162155,1753402162,KXMLBGAME-25JUL24SEALAA-SEA,44,56,6,yes
1753402164598,1753402164,KXMLBGAME-25JUL24SDSTL-SD,52,48,186,yes
1753402171053,1753402170,KXMLBGAME-25JUL24SDSTL-STL,48,52,300,no
1753402171053,1753402170,KXMLBGAME-25JUL24SDSTL-STL,48,52,66,no
1753402171155,1753402171,KXMLBGAME-25JUL24SDSTL-SD,52,48,66,yes
1753402174035,1753402173,KXMLBGAME-25JUL24TORDET-DET,8,92,200,yes
1753402175835,1753402175,KXMLBGAME-25JUL24TORDET-DET,8,92,293,yes
1753402179848,1753402179,KXMLBGAME-25JUL24TORDET-TOR,92,8,129,no
1753402181473,1753402181,KXMLBGAME-25JUL24TORDET-DET,8,92,117,yes
1753402182814,1753402182,KXMLBGAME-25JUL24TORDET-TOR,92,8,317,no
1753402184156,1753402184,KXMLBGAME-25JUL24ATHHOU-HOU,59,41,148,yes
1753402184156,1753402184,KXMLBGAME-25JUL24ATHHOU-HOU,60,40,97,yes
1753402188593,1753402188,KXMLBGAME-25JUL24SDSTL-SD,52,48,91,yes
1753402189074,1753402189,KXMLBGAME-25JUL24TORDET-TOR,93,7,2,yes
1753402191834,1753402191,KXMLBGAME-25JUL24TORDET-DET,5,95,100,no
1753402191834,1753402191,KXMLBGAME-25JUL24TORDET-DET,5,95,10,no
1753402191834,1753402191,KXMLBGAME-25JUL24TORDET-DET,5,95,235,no
1753402192335,1753402192,KXMLBGAME-25JUL24TORDET-TOR,92,8,21,no
1753402196744,1753402196,KXMLBGAME-25JUL24SDSTL-SD,53,47,182,yes
1753402199997,1753402199,KXMLBGAME-25JUL24ATHHOU-HOU,60,40,810,yes
1753402205592,1753402205,KXMLBGAME-25JUL24SDSTL-SD,52,48,245,no
1753402205696,1753402205,KXMLBGAME-25JUL24TORDET-TOR,93,7,42,yes
1753402206953,1753402206,KXMLBGAME-25JUL24ATHHOU-ATH,42,58,196,yes
1753402219473,1753402219,KXMLBGAME-25JUL24SDSTL-STL,48,52,20,yes
1753402221475,1753402221,KXMLBGAME-25JUL24ATHHOU-HOU,59,41,44,yes
1753402221476,1753402221,KXMLBGAME-25JUL24ATHHOU-HOU,60,40,37,yes
1753402226315,1753402226,KXMLBGAME-25JUL24TORDET-DET,5,95,22,no
1753402227146,1753402227,KXMLBGAME-25JUL24TORDET-TOR,93,7,4,yes
1753402228095,1753402228,KXMLBGAME-25JUL24ATHHOU-HOU,59,41,33,yes
1753402228095,1753402228,KXMLBGAME-25JUL24ATHHOU-HOU,60,40,372,yes
1753402229274,1753402229,KXMLBGAME-25JUL24ATHHOU-ATH,42,58,45,yes
1753402231495,1753402231,KXMLBGAME-25JUL24TORDET-DET,7,93,134,yes
1753402232318,1753402232,KXMLBGAME-25JUL24TORDET-DET,4,96,5,no
1753402236074,1753402235,KXMLBGAME-25JUL24SDSTL-STL,47,53,33,no
1753402236074,1753402235,KXMLBGAME-25JUL24SDSTL-STL,47,53,300,no
1753402240036,1753402239,KXMLBGAME-25JUL24ATHHOU-HOU,60,40,25,yes
1753402240036,1753402239,KXMLBGAME-25JUL24ATHHOU-HOU,61,39,15,yes
1753402241058,1753402241,KXMLBGAME-25JUL24ATHHOU-ATH,41,59,19,no
1753402244576,1753402244,KXMLBGAME-25JUL24SDSTL-SD,55,45,35,yes
1753402248879,1753402248,KXMLBGAME-25JUL24TORDET-TOR,93,7,91,yes
1753402252094,1753402252,KXMLBGAME-25JUL24TORDET-DET,7,93,166,yes
1753402252094,1753402252,KXMLBGAME-25JUL24TORDET-DET,8,92,69,yes
1753402252094,1753402252,KXMLBGAME-25JUL24TORDET-DET,8,92,6,yes
1753402252094,1753402252,KXMLBGAME-25JUL24TORDET-DET,8,92,131,yes
1753402257473,1753402257,KXMLBGAME-25JUL24TORDET-DET,7,93,100,yes
1753402258135,1753402258,KXMLBGAME-25JUL24TORDET-DET,5,95,87,no
1753402258135,1753402258,KXMLBGAME-25JUL24TORDET-DET,4,96,47,no
1753402258454,1753402258,KXMLBGAME-25JUL24TORDET-TOR,93,7,35,yes
1753402258972,1753402258,KXMLBGAME-25JUL24SDSTL-SD,55,45,17,yes
1753402259134,1753402259,KXMLBGAME-25JUL24ATHHOU-ATH,41,59,500,yes
1753402259214,1753402259,KXMLBGAME-25JUL24ATHHOU-HOU,59,41,500,no
1753402260335,1753402260,KXMLBGAME-25JUL24TORDET-DET,4,96,20,no
1753402260754,1753402260,KXMLBGAME-25JUL24SDSTL-SD,55,45,7,yes
1753402262656,1753402262,KXMLBGAME-25JUL24TORDET-TOR,92,8,50,no
1753402262656,1753402262,KXMLBGAME-25JUL24TORDET-TOR,92,8,6,no
1753402262656,1753402262,KXMLBGAME-25JUL24TORDET-TOR,92,8,600,no
1753402262656,1753402262,KXMLBGAME-25JUL24TORDET-TOR,92,8,37,no
1753402263434,1753402263,KXMLBGAME-25JUL24ATHHOU-HOU,59,41,118,yes
1753402269454,1753402269,KXMLBGAME-25JUL24TORDET-DET,7,93,134,yes
1753402271176,1753402271,KXMLBGAME-25JUL24TORDET-TOR,93,7,1818,yes
1753402271176,1753402271,KXMLBGAME-25JUL24TORDET-TOR,93,7,337,yes
1753402271854,1753402271,KXMLBGAME-25JUL24TORDET-TOR,93,7,11,no
1753402272874,1753402272,KXMLBGAME-25JUL24ATHHOU-HOU,60,40,14,yes
1753402272874,1753402272,KXMLBGAME-25JUL24ATHHOU-HOU,60,40,34,yes
1753402273794,1753402273,KXMLBGAME-25JUL24SDSTL-STL,47,53,87,yes
1753402276816,1753402276,KXMLBGAME-25JUL24ATHHOU-HOU,60,40,208,yes
1753402279555,1753402279,KXMLBGAME-25JUL24SDSTL-SD,52,48,46,yes
1753402279555,1753402279,KXMLBGAME-25JUL24SDSTL-SD,52,48,26,yes
1753402285558,1753402285,KXMLBGAME-25JUL24TORDET-TOR,94,6,75,yes
1753402285558,1753402285,KXMLBGAME-25JUL24TORDET-TOR,95,5,30,yes
1753402286392,1753402286,KXMLBGAME-25JUL24SDSTL-SD,52,48,274,yes
1753402286392,1753402286,KXMLBGAME-25JUL24SDSTL-SD,53,47,500,yes
1753402286392,1753402286,KXMLBGAME-25JUL24SDSTL-SD,53,47,35,yes
1753402286392,1753402286,KXMLBGAME-25JUL24SDSTL-SD,54,46,3125,yes
1753402287434,1753402287,KXMLBGAME-25JUL24TORDET-TOR,94,6,23,no
1753402294874,1753402294,KXMLBGAME-25JUL24TORDET-DET,6,94,46,yes
1753402296254,1753402296,KXMLBGAME-25JUL24ATHHOU-HOU,57,43,5000,no
1753402297074,1753402297,KXMLBGAME-25JUL24ATHHOU-HOU,62,38,11,yes
1753402297074,1753402297,KXMLBGAME-25JUL24ATHHOU-HOU,63,37,67,yes
1753402298255,1753402298,KXMLBGAME-25JUL24ATHHOU-HOU,57,43,500,no
1753402298373,1753402298,KXMLBGAME-25JUL24ATHHOU-HOU,57,43,300,no
1753402300854,1753402300,KXMLBGAME-25JUL24TORDET-TOR,95,5,176,yes
1753402300854,1753402300,KXMLBGAME-25JUL24TORDET-TOR,95,5,20,yes
1753402300854,1753402300,KXMLBGAME-25JUL24TORDET-TOR,95,5,23,yes
1753402302175,1753402302,KXMLBGAME-25JUL24ATHHOU-HOU,57,43,8,yes
1753402302175,1753402302,KXMLBGAME-25JUL24ATHHOU-HOU,58,42,8,yes
1753402303041,1753402302,KXMLBGAME-25JUL24ATHHOU-HOU,57,43,6,yes
1753402303041,1753402302,KXMLBGAME-25JUL24ATHHOU-HOU,58,42,63,yes
1753402303214,1753402303,KXMLBGAME-25JUL24TORDET-TOR,95,5,132,no
1753402306011,1753402305,KXMLBGAME-25JUL24SDSTL-STL,49,51,197,yes
1753402306194,1753402306,KXMLBGAME-25JUL24TORDET-TOR,96,4,12,yes
1753402309095,1753402309,KXMLBGAME-25JUL24ATHHOU-ATH,46,54,5,yes
1753402309095,1753402309,KXMLBGAME-25JUL24ATHHOU-ATH,46,54,15,yes
1753402309095,1753402309,KXMLBGAME-25JUL24ATHHOU-ATH,47,53,82,yes
1753402313795,1753402313,KXMLBGAME-25JUL24TORDET-DET,4,96,62,no
1753402317474,1753402317,KXMLBGAME-25JUL24TORDET-TOR,95,5,31,no
1753402317474,1753402317,KXMLBGAME-25JUL24TORDET-TOR,94,6,277,no
1753402317474,1753402317,KXMLBGAME-25JUL24TORDET-TOR,93,7,64,no
1753402317474,1753402317,KXMLBGAME-25JUL24TORDET-TOR,93,7,2000,no
1753402317474,1753402317,KXMLBGAME-25JUL24TORDET-TOR,93,7,600,no
1753402317474,1753402317,KXMLBGAME-25JUL24TORDET-TOR,92,8,92,no
1753402333045,1753402332,KXMLBGAME-25JUL24TORDET-DET,4,96,42,no
1753402334195,1753402334,KXMLBGAME-25JUL24TORDET-TOR,96,4,51,yes
1753402336033,1753402335,KXMLBGAME-25JUL24SDSTL-STL,46,54,26,no
1753402336352,1753402336,KXMLBGAME-25JUL24TORDET-TOR,93,7,9,no
1753402337335,1753402337,KXMLBGAME-25JUL24SDSTL-SD,57,43,20,yes
1753402337336,1753402337,KXMLBGAME-25JUL24SDSTL-SD,58,42,30,yes
1753402337773,1753402337,KXMLBGAME-25JUL24SDSTL-SD,57,43,15,yes
1753402337773,1753402337,KXMLBGAME-25JUL24SDSTL-SD,58,42,660,yes
1753402337773,1753402337,KXMLBGAME-25JUL24SDSTL-SD,58,42,55,yes
1753402337773,1753402337,KXMLBGAME-25JUL24SDSTL-SD,58,42,107,yes
1753402341399,1753402341,KXMLBGAME-25JUL24ATHHOU-HOU,56,44,150,no
1753402342714,1753402342,KXMLBGAME-25JUL24TORDET-DET,7,93,46,yes
1753402342714,1753402342,KXMLBGAME-25JUL24TORDET-DET,7,93,88,yes
1753402345231,1753402345,KXMLBGAME-25JUL24SDSTL-SD,56,44,173,yes
1753402346971,1753402346,KXMLBGAME-25JUL24ATHHOU-ATH,45,55,1050,yes
1753402347333,1753402347,KXMLBGAME-25JUL24SEALAA-SEA,44,56,59,yes
1753402347333,1753402347,KXMLBGAME-25JUL24SEALAA-SEA,44,56,5,yes
1753402348532,1753402348,KXMLBGAME-25JUL24TORDET-DET,4,96,24,no
1753402348532,1753402348,KXMLBGAME-25JUL24TORDET-DET,4,96,2676,no
1753402350495,1753402350,KXMLBGAME-25JUL24TORDET-DET,4,96,61,no
1753402352995,1753402352,KXMLBGAME-25JUL24SDSTL-STL,47,53,15,yes
1753402353773,1753402353,KXMLBGAME-25JUL24ATHHOU-ATH,45,55,2000,yes
1753402364892,1753402364,KXMLBGAME-25JUL24ATHHOU-HOU,63,37,38,yes
1753402365913,1753402365,KXMLBGAME-25JUL24SDSTL-SD,56,44,4,yes
1753402367234,1753402367,KXMLBGAME-25JUL24TORDET-TOR,96,4,137,yes
1753402367234,1753402367,KXMLBGAME-25JUL24TORDET-TOR,96,4,87,yes
1753402367234,1753402367,KXMLBGAME-25JUL24TORDET-TOR,96,4,300,yes
1753402367234,1753402367,KXMLBGAME-25JUL24TORDET-TOR,97,3,296,yes
1753402368495,1753402368,KXMLBGAME-25JUL24TORDET-TOR,93,7,17,no
1753402372162,1753402372,KXMLBGAME-25JUL24SEALAA-SEA,44,56,42,yes
1753402377282,1753402377,KXMLBGAME-25JUL24TORDET-TOR,93,7,51,no
1753402386612,1753402386,KXMLBGAME-25JUL24SDSTL-SD,54,46,72,no
1753402387576,1753402387,KXMLBGAME-25JUL24SDSTL-STL,46,54,10,yes
1753402390475,1753402390,KXMLBGAME-25JUL24SDSTL-STL,46,54,12,yes
1753402390754,1753402390,KXMLBGAME-25JUL24SDSTL-SD,56,44,17,yes
1753402390952,1753402390,KXMLBGAME-25JUL24SDSTL-STL,45,55,300,no
1753402391616,1753402391,KXMLBGAME-25JUL24TORDET-DET,6,94,46,yes
1753402397776,1753402397,KXMLBGAME-25JUL24SDSTL-STL,45,55,21,yes
1753402404316,1753402404,KXMLBGAME-25JUL24TORDET-TOR,96,4,87,yes
1753402404316,1753402404,KXMLBGAME-25JUL24TORDET-TOR,96,4,183,yes
1753402407537,1753402407,KXMLBGAME-25JUL24SEALAA-SEA,44,56,6,yes
1753402409198,1753402409,KXMLBGAME-25JUL24SDSTL-SD,56,44,173,yes
1753402412413,1753402412,KXMLBGAME-25JUL24ATHHOU-ATH,40,60,4,no
1753402416018,1753402415,KXMLBGAME-25JUL24TORDET-TOR,96,4,2,yes
1753402416395,1753402416,KXMLBGAME-25JUL24SDSTL-SD,56,44,173,yes
1753402422235,1753402422,KXMLBGAME-25JUL24ATHHOU-HOU,60,40,41,yes
1753402423673,1753402423,KXMLBGAME-25JUL24ATHHOU-HOU,60,40,3,yes
1753402423673,1753402423,KXMLBGAME-25JUL24ATHHOU-HOU,60,40,45,yes
1753402424636,1753402424,KXMLBGAME-25JUL24TORDET-DET,4,96,8,no
1753402425476,1753402425,KXMLBGAME-25JUL24SDSTL-STL,45,55,25,yes
1753402430431,1753402430,KXMLBGAME-25JUL24SDSTL-SD,56,44,17,yes
1753402435138,1753402435,KXMLBGAME-25JUL24TORDET-DET,6,94,15,yes
1753402435138,1753402435,KXMLBGAME-25JUL24TORDET-DET,7,93,212,yes
1753402435138,1753402435,KXMLBGAME-25JUL24TORDET-DET,7,93,43,yes
1753402437653,1753402437,KXMLBGAME-25JUL24TORDET-TOR,93,7,56,no
1753402437653,1753402437,KXMLBGAME-25JUL24TORDET-TOR,93,7,985,no
1753402450033,1753402449,KXMLBGAME-25JUL24SDSTL-SD,55,45,500,yes
1753402450033,1753402449,KXMLBGAME-25JUL24SDSTL-SD,55,45,300,yes
1753402450034,1753402449,KXMLBGAME-25JUL24SDSTL-SD,56,44,600,yes
1753402450034,1753402449,KXMLBGAME-25JUL24SDSTL-SD,56,44,346,yes
1753402462335,1753402462,KXMLBGAME-25JUL24SDSTL-SD,54,46,35,yes
1753402465455,1753402465,KXMLBGAME-25JUL24TORDET-TOR,96,4,27,yes
1753402474032,1753402473,KXMLBGAME-25JUL24TORDET-DET,5,95,93,yes
1753402474113,1753402474,KXMLBGAME-25JUL24SDSTL-SD,54,46,265,yes
1753402474113,1753402474,KXMLBGAME-25JUL24SDSTL-SD,55,45,261,yes
1753402474491,1753402474,KXMLBGAME-25JUL24TORDET-TOR,95,5,309,no
1753402476855,1753402476,KXMLBGAME-25JUL24TORDET-TOR,95,5,15,no
1753402477337,1753402477,KXMLBGAME-25JUL24SDSTL-STL,47,53,87,yes
1753402477337,1753402477,KXMLBGAME-25JUL24SDSTL-STL,47,53,5000,yes
1753402479355,1753402479,KXMLBGAME-25JUL24SDSTL-STL,47,53,87,yes
1753402481474,1753402481,KXMLBGAME-25JUL24ATHHOU-HOU,61,39,7,yes
1753402498394,1753402498,KXMLBGAME-25JUL24TORDET-TOR,95,5,5,no
1753402498394,1753402498,KXMLBGAME-25JUL24TORDET-TOR,95,5,101,no
1753402502497,1753402502,KXMLBGAME-25JUL24SDSTL-STL,50,50,189,yes
1753402503635,1753402503,KXMLBGAME-25JUL24ATHHOU-ATH,39,61,24,yes
1753402504915,1753402504,KXMLBGAME-25JUL24TORDET-DET,5,95,300,yes
1753402504915,1753402504,KXMLBGAME-25JUL24TORDET-DET,6,94,53,yes
1753402504915,1753402504,KXMLBGAME-25JUL24TORDET-DET,6,94,478,yes
1753402507535,1753402507,KXMLBGAME-25JUL24ATHHOU-HOU,62,38,3,yes
1753402507535,1753402507,KXMLBGAME-25JUL24ATHHOU-HOU,63,37,74,yes
1753402513065,1753402512,KXMLBGAME-25JUL24SDSTL-STL,50,50,19,yes
1753402513354,1753402513,KXMLBGAME-25JUL24SEALAA-SEA,44,56,10,yes
1753402520438,1753402520,KXMLBGAME-25JUL24TORDET-TOR,94,6,40,no
1753402520438,1753402520,KXMLBGAME-25JUL24TORDET-TOR,94,6,2,no
1753402525914,1753402525,KXMLBGAME-25JUL24TORDET-TOR,97,3,115,yes
1753402531475,1753402531,KXMLBGAME-25JUL24ATHHOU-HOU,61,39,500,no
1753402531515,1753402531,KXMLBGAME-25JUL24SDSTL-STL,53,47,30,yes
1753402531515,1753402531,KXMLBGAME-25JUL24SDSTL-SD,41,59,12,no
1753402531684,1753402531,KXMLBGAME-25JUL24SDSTL-STL,64,36,56,yes
1753402531684,1753402531,KXMLBGAME-25JUL24SDSTL-SD,40,60,15,no
1753402531684,1753402531,KXMLBGAME-25JUL24SDSTL-SD,40,60,4,no
1753402531696,1753402531,KXMLBGAME-25JUL24SDSTL-SD,40,60,1,no
1753402531696,1753402531,KXMLBGAME-25JUL24SDSTL-SD,40,60,10,no
1753402531696,1753402531,KXMLBGAME-25JUL24SDSTL-SD,40,60,275,no
1753402532721,1753402532,KXMLBGAME-25JUL24SDSTL-SD,40,60,147,no
1753402532721,1753402532,KXMLBGAME-25JUL24SDSTL-SD,40,60,128,no
1753402532913,1753402532,KXMLBGAME-25JUL24TORDET-DET,6,94,15,yes
1753402536533,1753402536,KXMLBGAME-25JUL24SDSTL-SD,35,65,100,no
1753402536755,1753402536,KXMLBGAME-25JUL24SDSTL-STL,65,35,10,yes
1753402537392,1753402537,KXMLBGAME-25JUL24TORDET-TOR,94,6,14,no
1753402537392,1753402537,KXMLBGAME-25JUL24ATHHOU-HOU,62,38,3,yes
1753402537392,1753402537,KXMLBGAME-25JUL24ATHHOU-HOU,62,38,75,yes
1753402539095,1753402539,KXMLBGAME-25JUL24TORDET-TOR,97,3,110,yes
1753402545936,1753402545,KXMLBGAME-25JUL24SDSTL-SD,32,68,2,no
1753402545936,1753402545,KXMLBGAME-25JUL24SDSTL-SD,32,68,89,no
1753402548156,1753402548,KXMLBGAME-25JUL24SDSTL-STL,70,30,10,yes
1753402548156,1753402548,KXMLBGAME-25JUL24SDSTL-STL,73,27,100,yes
1753402550096,1753402550,KXMLBGAME-25JUL24SDSTL-STL,74,26,6,yes
1753402550096,1753402550,KXMLBGAME-25JUL24SDSTL-STL,75,25,100,yes
1753402550194,1753402550,KXMLBGAME-25JUL24SDSTL-SD,32,68,6,no
1753402550414,1753402550,KXMLBGAME-25JUL24SDSTL-SD,32,68,5,no
1753402550414,1753402550,KXMLBGAME-25JUL24SDSTL-STL,72,28,5,no
1753402553255,1753402553,KXMLBGAME-25JUL24SDSTL-SD,21,79,186,no
1753402553593,1753402553,KXMLBGAME-25JUL24SDSTL-SD,21,79,5,no
1753402553973,1753402553,KXMLBGAME-25JUL24ATHHOU-ATH,40,60,1,yes
1753402556373,1753402556,KXMLBGAME-25JUL24SDSTL-SD,21,79,22,no
1753402560057,1753402560,KXMLBGAME-25JUL24ATHHOU-HOU,61,39,39,yes
1753402563153,1753402563,KXMLBGAME-25JUL24TORDET-TOR,97,3,15,yes
1753402563694,1753402563,KXMLBGAME-25JUL24TORDET-TOR,97,3,72,yes
1753402563694,1753402563,KXMLBGAME-25JUL24TORDET-TOR,97,3,15,yes
1753402563694,1753402563,KXMLBGAME-25JUL24TORDET-TOR,98,2,15,yes
1753402563814,1753402563,KXMLBGAME-25JUL24ATHHOU-HOU,61,39,359,yes
1753402564916,1753402564,KXMLBGAME-25JUL24SDSTL-STL,79,21,52,yes
1753402568657,1753402568,KXMLBGAME-25JUL24TORDET-DET,3,97,83,no
1753402568904,1753402568,KXMLBGAME-25JUL24SDSTL-SD,22,78,21,yes
1753402570745,1753402570,KXMLBGAME-25JUL24ATHHOU-ATH,40,60,20,yes
1753402575831,1753402575,KXMLBGAME-25JUL24TORDET-DET,3,97,21,no
1753402577066,1753402576,KXMLBGAME-25JUL24TORDET-DET,5,95,300,yes
1753402577066,1753402576,KXMLBGAME-25JUL24TORDET-DET,5,95,8,yes
1753402577066,1753402576,KXMLBGAME-25JUL24TORDET-DET,6,94,1306,yes
1753402578917,1753402578,KXMLBGAME-25JUL24ATHHOU-HOU,60,40,56,yes
1753402583533,1753402583,KXMLBGAME-25JUL24ATHHOU-ATH,40,60,4,yes
1753402584494,1753402584,KXMLBGAME-25JUL24SDSTL-SD,23,77,4,yes
1753402585075,1753402585,KXMLBGAME-25JUL24TORDET-TOR,97,3,1,yes
1753402585236,1753402585,KXMLBGAME-25JUL24SDSTL-SD,23,77,53,yes
1753402585236,1753402585,KXMLBGAME-25JUL24SDSTL-SD,23,77,300,yes
1753402585236,1753402585,KXMLBGAME-25JUL24SDSTL-SD,23,77,3,yes
1753402585236,1753402585,KXMLBGAME-25JUL24SDSTL-SD,24,76,54,yes
1753402585734,1753402585,KXMLBGAME-25JUL24SDSTL-STL,78,22,18,yes
1753402586075,1753402586,KXMLBGAME-25JUL24ATHHOU-ATH,40,60,4,yes
1753402587760,1753402587,KXMLBGAME-25JUL24SDSTL-SD,22,78,300,yes
1753402587760,1753402587,KXMLBGAME-25JUL24SDSTL-SD,23,77,112,yes
1753402591115,1753402591,KXMLBGAME-25JUL24SDSTL-STL,78,22,107,yes
1753402591793,1753402591,KXMLBGAME-25JUL24SDSTL-SD,22,78,297,yes
1753402592393,1753402592,KXMLBGAME-25JUL24TORDET-DET,4,96,16,yes
1753402592393,1753402592,KXMLBGAME-25JUL24TORDET-DET,6,94,4,yes
1753402594453,1753402594,KXMLBGAME-25JUL24SDSTL-SD,23,77,388,yes
1753402594453,1753402594,KXMLBGAME-25JUL24SDSTL-SD,23,77,24,yes
1753402594733,1753402594,KXMLBGAME-25JUL24SDSTL-SD,23,77,825,yes
1753402599074,1753402599,KXMLBGAME-25JUL24SDSTL-SD,23,77,100,yes
1753402602296,1753402602,KXMLBGAME-25JUL24TORDET-TOR,94,6,64,no
1753402602296,1753402602,KXMLBGAME-25JUL24ATHHOU-HOU,63,37,77,yes
1753402609194,1753402609,KXMLBGAME-25JUL24ATHHOU-ATH,38,62,25,yes
1753402609194,1753402609,KXMLBGAME-25JUL24SDSTL-STL,78,22,3,yes
1753402609194,1753402609,KXMLBGAME-25JUL24SDSTL-STL,78,22,15,yes
1753402610915,1753402610,KXMLBGAME-25JUL24SDSTL-SD,23,77,20,yes
1753402613195,1753402612,KXMLBGAME-25JUL24SDSTL-STL,79,21,2,yes
1753402614497,1753402614,KXMLBGAME-25JUL24TORDET-DET,3,97,72,no
1753402617693,1753402617,KXMLBGAME-25JUL24SDSTL-STL,79,21,26,yes
1753402618234,1753402618,KXMLBGAME-25JUL24SEALAA-SEA,44,56,2,yes
1753402619767,1753402619,KXMLBGAME-25JUL24ATHHOU-ATH,38,62,123,yes
1753402621573,1753402621,KXMLBGAME-25JUL24ATHHOU-ATH,38,62,17,yes
1753402622273,1753402622,KXMLBGAME-25JUL24TORDET-TOR,97,3,86,yes
1753402622275,1753402622,KXMLBGAME-25JUL24TORDET-TOR,97,3,300,yes
1753402622275,1753402622,KXMLBGAME-25JUL24TORDET-TOR,97,3,1,yes
1753402622275,1753402622,KXMLBGAME-25JUL24TORDET-TOR,97,3,127,yes
1753402625612,1753402625,KXMLBGAME-25JUL24ATHHOU-ATH,38,62,25,yes
1753402628514,1753402628,KXMLBGAME-25JUL24SDSTL-SD,23,77,129,yes
1753402637073,1753402636,KXMLBGAME-25JUL24SDSTL-SD,21,79,122,no
1753402641614,1753402641,KXMLBGAME-25JUL24TORDET-DET,5,95,18,yes
1753402641974,1753402641,KXMLBGAME-25JUL24SEALAA-SEA,44,56,21,yes
1753402642093,1753402641,KXMLBGAME-25JUL24SDSTL-SD,21,79,33,no
1753402643958,1753402643,KXMLBGAME-25JUL24SDSTL-SD,22,78,21,yes
1753402645412,1753402645,KXMLBGAME-25JUL24TORDET-DET,4,96,93,yes
1753402647697,1753402647,KXMLBGAME-25JUL24SDSTL-SD,22,78,150,yes
1753402652077,1753402652,KXMLBGAME-25JUL24SDSTL-SD,22,78,329,yes
1753402652077,1753402652,KXMLBGAME-25JUL24SDSTL-SD,22,78,42,yes
1753402652077,1753402652,KXMLBGAME-25JUL24SDSTL-SD,22,78,300,yes
1753402652077,1753402652,KXMLBGAME-25JUL24SDSTL-SD,23,77,137,yes
1753402657041,1753402656,KXMLBGAME-25JUL24SDSTL-SD,22,78,31,yes
1753402657041,1753402656,KXMLBGAME-25JUL24SDSTL-SD,22,78,300,yes
1753402657041,1753402656,KXMLBGAME-25JUL24SDSTL-SD,23,77,95,yes
1753402660735,1753402660,KXMLBGAME-25JUL24TORDET-DET,3,97,755,no
1753402660735,1753402660,KXMLBGAME-25JUL24TORDET-DET,2,98,300,no
1753402660735,1753402660,KXMLBGAME-25JUL24TORDET-DET,2,98,142,no
1753402660893,1753402660,KXMLBGAME-25JUL24SEALAA-SEA,44,56,26,yes
1753402661076,1753402661,KXMLBGAME-25JUL24ATHHOU-HOU,63,37,23,yes
1753402661651,1753402661,KXMLBGAME-25JUL24SDSTL-SD,22,78,21,yes
1753402668306,1753402668,KXMLBGAME-25JUL24SDSTL-SD,22,78,107,yes
1753402670133,1753402670,KXMLBGAME-25JUL24ATHHOU-HOU,63,37,232,yes
1753402670295,1753402670,KXMLBGAME-25JUL24TORDET-DET,2,98,34,no
1753402670631,1753402670,KXMLBGAME-25JUL24ATHHOU-ATH,38,62,58,yes
1753402673896,1753402673,KXMLBGAME-25JUL24SDSTL-SD,22,78,107,yes
1753402675598,1753402675,KXMLBGAME-25JUL24TORDET-DET,4,96,77,yes
1753402675598,1753402675,KXMLBGAME-25JUL24TORDET-DET,5,95,32,yes
1753402678252,1753402678,KXMLBGAME-25JUL24ATHHOU-ATH,38,62,7,yes
1753402680108,1753402680,KXMLBGAME-25JUL24TORDET-DET,2,98,124,no
1753402680108,1753402680,KXMLBGAME-25JUL24TORDET-DET,2,98,175,no
1753402680753,1753402680,KXMLBGAME-25JUL24TORDET-DET,5,95,54,yes
1753402680753,1753402680,KXMLBGAME-25JUL24TORDET-DET,5,95,39,yes
1753402681435,1753402681,KXMLBGAME-25JUL24TORDET-TOR,98,2,285,yes
1753402681435,1753402681,KXMLBGAME-25JUL24TORDET-TOR,98,2,5,yes
1753402681435,1753402681,KXMLBGAME-25JUL24TORDET-TOR,98,2,117,yes
1753402682555,1753402682,KXMLBGAME-25JUL24ATHHOU-HOU,63,37,18,yes
1753402684957,1753402684,KXMLBGAME-25JUL24TORDET-TOR,98,2,1,yes
1753402686314,1753402686,KXMLBGAME-25JUL24TORDET-DET,2,98,136,no
1753402689495,1753402689,KXMLBGAME-25JUL24TORDET-TOR,96,4,53,no
1753402691455,1753402691,KXMLBGAME-25JUL24SDSTL-SD,22,78,10,yes
1753402699794,1753402699,KXMLBGAME-25JUL24TORDET-TOR,98,2,7,yes
1753402700353,1753402700,KXMLBGAME-25JUL24SDSTL-SD,22,78,17,yes
1753402702337,1753402702,KXMLBGAME-25JUL24SDSTL-STL,78,22,327,yes
1753402703434,1753402703,KXMLBGAME-25JUL24ATHHOU-ATH,37,63,25,yes
1753402705374,1753402705,KXMLBGAME-25JUL24TORDET-DET,4,96,117,yes
1753402709963,1753402709,KXMLBGAME-25JUL24TORDET-TOR,98,2,17,yes
1753402711289,1753402711,KXMLBGAME-25JUL24SDSTL-SD,22,78,21,yes
1753402717273,1753402717,KXMLBGAME-25JUL24ATHHOU-HOU,63,37,600,yes
1753402717273,1753402717,KXMLBGAME-25JUL24ATHHOU-HOU,64,36,56,yes
1753402717273,1753402717,KXMLBGAME-25JUL24ATHHOU-HOU,64,36,2,yes
1753402717273,1753402717,KXMLBGAME-25JUL24ATHHOU-HOU,64,36,875,yes
1753402720017,1753402719,KXMLBGAME-25JUL24TORDET-TOR,97,3,30,no
1753402720734,1753402720,KXMLBGAME-25JUL24SEALAA-SEA,44,56,10,yes
1753402723938,1753402723,KXMLBGAME-25JUL24SDSTL-SD,22,78,50,yes
1753402724674,1753402724,KXMLBGAME-25JUL24ATHHOU-HOU,63,37,77,yes
1753402725536,1753402725,KXMLBGAME-25JUL24SDSTL-SD,22,78,21,yes
1753402725755,1753402725,KXMLBGAME-25JUL24ATHHOU-ATH,36,64,4,no
1753402726174,1753402726,KXMLBGAME-25JUL24SEALAA-SEA,44,56,6,yes
1753402730815,1753402730,KXMLBGAME-25JUL24SEALAA-SEA,44,56,218,yes
1753402734134,1753402734,KXMLBGAME-25JUL24ATHHOU-HOU,65,35,10,yes
1753402734134,1753402734,KXMLBGAME-25JUL24ATHHOU-HOU,66,34,1,yes
1753402734134,1753402734,KXMLBGAME-25JUL24ATHHOU-HOU,67,33,300,yes
1753402734134,1753402734,KXMLBGAME-25JUL24ATHHOU-HOU,67,33,200,yes
1753402734134,1753402734,KXMLBGAME-25JUL24ATHHOU-HOU,67,33,211,yes
1753402735654,1753402735,KXMLBGAME-25JUL24SDSTL-SD,23,77,8,yes
1753402735820,1753402735,KXMLBGAME-25JUL24TORDET-DET,3,97,11,no
1753402737573,1753402737,KXMLBGAME-25JUL24SDSTL-SD,21,79,4845,no
1753402737573,1753402737,KXMLBGAME-25JUL24SDSTL-SD,21,79,122,no
1753402737573,1753402737,KXMLBGAME-25JUL24SDSTL-SD,21,79,33,no
1753402740414,1753402740,KXMLBGAME-25JUL24ATHHOU-HOU,64,36,25,yes
1753402741419,1753402741,KXMLBGAME-25JUL24ATHHOU-ATH,37,63,10,yes
1753402745214,1753402745,KXMLBGAME-25JUL24TORDET-DET,3,97,39,no
1753402745696,1753402745,KXMLBGAME-25JUL24SEALAA-SEA,44,56,26,yes
1753402745874,1753402745,KXMLBGAME-25JUL24SEALAA-SEA,44,56,54,yes
1753402747155,1753402747,KXMLBGAME-25JUL24TORDET-TOR,97,3,202,no
1753402747156,1753402747,KXMLBGAME-25JUL24TORDET-TOR,97,3,300,no
1753402747156,1753402747,KXMLBGAME-25JUL24TORDET-TOR,96,4,31,no
1753402747156,1753402747,KXMLBGAME-25JUL24TORDET-TOR,96,4,58,no
1753402747156,1753402747,KXMLBGAME-25JUL24TORDET-TOR,96,4,300,no
1753402747156,1753402747,KXMLBGAME-25JUL24TORDET-TOR,95,5,209,no
1753402750022,1753402749,KXMLBGAME-25JUL24TORDET-DET,3,97,16,yes
1753402750022,1753402749,KXMLBGAME-25JUL24TORDET-DET,4,96,11,yes
1753402755093,1753402755,KXMLBGAME-25JUL24SDSTL-SD,20,80,37,yes
1753402757081,1753402756,KXMLBGAME-25JUL24TORDET-TOR,96,4,43,no
1753402757081,1753402756,KXMLBGAME-25JUL24TORDET-TOR,96,4,14,no
1753402759495,1753402759,KXMLBGAME-25JUL24SDSTL-SD,20,80,300,no
1753402759495,1753402759,KXMLBGAME-25JUL24SDSTL-SD,19,81,87,no
1753402759614,1753402759,KXMLBGAME-25JUL24SDSTL-SD,19,81,1279,yes
1753402759873,1753402759,KXMLBGAME-25JUL24SDSTL-SD,19,81,793,yes
1753402761394,1753402761,KXMLBGAME-25JUL24SDSTL-SD,22,78,215,yes
1753402761554,1753402761,KXMLBGAME-25JUL24SEALAA-SEA,44,56,54,yes
1753402763334,1753402763,KXMLBGAME-25JUL24TORDET-DET,2,98,83,no
1753402765483,1753402765,KXMLBGAME-25JUL24TORDET-TOR,97,3,300,no
1753402765483,1753402765,KXMLBGAME-25JUL24TORDET-TOR,96,4,1,no
1753402772856,1753402772,KXMLBGAME-25JUL24SDSTL-SD,22,78,40,yes
1753402772856,1753402772,KXMLBGAME-25JUL24SDSTL-SD,23,77,600,yes
1753402772856,1753402772,KXMLBGAME-25JUL24SDSTL-SD,23,77,208,yes
1753402775211,1753402775,KXMLBGAME-25JUL24SDSTL-SD,22,78,30,yes
1753402775211,1753402775,KXMLBGAME-25JUL24SDSTL-SD,22,78,300,yes
1753402775211,1753402775,KXMLBGAME-25JUL24SDSTL-SD,24,76,170,yes
1753402775273,1753402775,KXMLBGAME-25JUL24ATHHOU-HOU,64,36,1,yes
1753402775273,1753402775,KXMLBGAME-25JUL24ATHHOU-HOU,64,36,14,yes
1753402778915,1753402778,KXMLBGAME-25JUL24TORDET-DET,4,96,23,yes
1753402780434,1753402780,KXMLBGAME-25JUL24SEALAA-LAA,57,43,11,yes
1753402780761,1753402780,KXMLBGAME-25JUL24ATHHOU-HOU,63,37,386,yes
1753402780806,1753402780,KXMLBGAME-25JUL24SEALAA-LAA,57,43,6,yes
1753402782615,1753402782,KXMLBGAME-25JUL24SDSTL-STL,74,26,2,no
1753402785014,1753402784,KXMLBGAME-25JUL24SDSTL-STL,78,22,170,yes
1753402785435,1753402785,KXMLBGAME-25JUL24SDSTL-SD,25,75,22,yes
1753402785435,1753402785,KXMLBGAME-25JUL24SDSTL-SD,26,74,161,yes
1753402788676,1753402788,KXMLBGAME-25JUL24TORDET-TOR,99,1,24,yes
1753402791094,1753402791,KXMLBGAME-25JUL24SDSTL-STL,80,20,100,yes
1753402791094,1753402791,KXMLBGAME-25JUL24SDSTL-STL,80,20,33,yes
1753402794496,1753402794,KXMLBGAME-25JUL24TORDET-TOR,96,4,16,no
1753402795116,1753402795,KXMLBGAME-25JUL24SEALAA-SEA,44,56,43,yes
1753402796074,1753402796,KXMLBGAME-25JUL24SDSTL-SD,20,80,118,yes
1753402799480,1753402799,KXMLBGAME-25JUL24SDSTL-SD,20,80,236,yes
1753402802857,1753402802,KXMLBGAME-25JUL24SDSTL-STL,80,20,26,no
1753402803894,1753402803,KXMLBGAME-25JUL24ATHHOU-ATH,37,63,145,yes
1753402808115,1753402807,KXMLBGAME-25JUL24SDSTL-STL,82,18,301,yes
1753402808234,1753402808,KXMLBGAME-25JUL24TORDET-DET,2,98,6,no
1753402810955,1753402810,KXMLBGAME-25JUL24SDSTL-SD,20,80,146,yes
1753402810955,1753402810,KXMLBGAME-25JUL24SDSTL-SD,20,80,81,yes
1753402813897,1753402813,KXMLBGAME-25JUL24ATHHOU-ATH,35,65,1,no
1753402815433,1753402815,KXMLBGAME-25JUL24SDSTL-SD,20,80,23,yes
1753402822995,1753402822,KXMLBGAME-25JUL24TORDET-TOR,98,2,300,yes
1753402822995,1753402822,KXMLBGAME-25JUL24TORDET-TOR,99,1,976,yes
1753402822995,1753402822,KXMLBGAME-25JUL24TORDET-TOR,99,1,51,yes
1753402824495,1753402824,KXMLBGAME-25JUL24SDSTL-SD,20,80,196,yes
1753402824495,1753402824,KXMLBGAME-25JUL24SDSTL-SD,21,79,715,yes
1753402824855,1753402824,KXMLBGAME-25JUL24SDSTL-SD,20,80,9,yes
1753402826233,1753402826,KXMLBGAME-25JUL24SDSTL-SD,20,80,8,yes
1753402826233,1753402826,KXMLBGAME-25JUL24SDSTL-SD,20,80,6,yes
1753402826233,1753402826,KXMLBGAME-25JUL24SDSTL-SD,21,79,600,yes
1753402826233,1753402826,KXMLBGAME-25JUL24SDSTL-SD,21,79,514,yes
1753402826594,1753402826,KXMLBGAME-25JUL24TORDET-TOR,96,4,33,no
1753402826594,1753402826,KXMLBGAME-25JUL24TORDET-TOR,95,5,67,no
1753402828173,1753402828,KXMLBGAME-25JUL24ATHHOU-ATH,33,67,1,no
1753402833516,1753402833,KXMLBGAME-25JUL24ATHHOU-ATH,33,67,5,yes
1753402833943,1753402833,KXMLBGAME-25JUL24TORDET-TOR,96,4,24,no
1753402833943,1753402833,KXMLBGAME-25JUL24TORDET-TOR,95,5,29,no
1753402834176,1753402834,KXMLBGAME-25JUL24SDSTL-STL,82,18,1,yes
1753402835218,1753402835,KXMLBGAME-25JUL24ATHHOU-HOU,68,32,600,yes
1753402835218,1753402835,KXMLBGAME-25JUL24ATHHOU-HOU,68,32,500,yes
1753402835218,1753402835,KXMLBGAME-25JUL24ATHHOU-HOU,69,31,1,yes
1753402835218,1753402835,KXMLBGAME-25JUL24ATHHOU-HOU,69,31,300,yes
1753402835218,1753402835,KXMLBGAME-25JUL24ATHHOU-HOU,69,31,200,yes
1753402835218,1753402835,KXMLBGAME-25JUL24ATHHOU-HOU,69,31,750,yes
1753402835218,1753402835,KXMLBGAME-25JUL24ATHHOU-HOU,69,31,500,yes
1753402835218,1753402835,KXMLBGAME-25JUL24ATHHOU-HOU,70,30,8,yes
1753402839656,1753402839,KXMLBGAME-25JUL24SDSTL-SD,18,82,39,no
1753402843092,1753402842,KXMLBGAME-25JUL24SDSTL-SD,18,82,57,no
1753402849775,1753402849,KXMLBGAME-25JUL24ATHHOU-ATH,33,67,14,yes
1753402851254,1753402851,KXMLBGAME-25JUL24SDSTL-SD,20,80,11,yes
1753402851254,1753402851,KXMLBGAME-25JUL24SDSTL-SD,21,79,16,yes
1753402853446,1753402853,KXMLBGAME-25JUL24ATHHOU-HOU,67,33,500,yes
1753402853446,1753402853,KXMLBGAME-25JUL24ATHHOU-HOU,68,32,60,yes
1753402853554,1753402853,KXMLBGAME-25JUL24SDSTL-SD,20,80,8,yes
1753402853554,1753402853,KXMLBGAME-25JUL24SDSTL-SD,21,79,60,yes
1753402855455,1753402855,KXMLBGAME-25JUL24SDSTL-SD,20,80,6,yes
1753402855455,1753402855,KXMLBGAME-25JUL24SDSTL-SD,21,79,3,yes
1753402855635,1753402855,KXMLBGAME-25JUL24TORDET-DET,3,97,31,yes
1753402861534,1753402861,KXMLBGAME-25JUL24TORDET-DET,3,97,156,yes
1753402861735,1753402861,KXMLBGAME-25JUL24ATHHOU-ATH,32,68,300,yes
1753402861895,1753402861,KXMLBGAME-25JUL24ATHHOU-ATH,32,68,300,yes
1753402867155,1753402867,KXMLBGAME-25JUL24ATHHOU-HOU,67,33,14,yes
1753402867354,1753402867,KXMLBGAME-25JUL24SDSTL-SD,21,79,50,yes
1753402867753,1753402867,KXMLBGAME-25JUL24SDSTL-STL,82,18,5000,yes
1753402867753,1753402867,KXMLBGAME-25JUL24SDSTL-STL,82,18,300,yes
1753402867753,1753402867,KXMLBGAME-25JUL24SDSTL-STL,82,18,300,yes
1753402867753,1753402867,KXMLBGAME-25JUL24SDSTL-STL,82,18,200,yes
1753402867753,1753402867,KXMLBGAME-25JUL24SDSTL-STL,83,17,87,yes
1753402867753,1753402867,KXMLBGAME-25JUL24SDSTL-STL,83,17,600,yes
1753402867753,1753402867,KXMLBGAME-25JUL24SDSTL-STL,83,17,300,yes
1753402867753,1753402867,KXMLBGAME-25JUL24SDSTL-STL,83,17,200,yes
1753402867753,1753402867,KXMLBGAME-25JUL24SDSTL-STL,84,16,100,yes
1753402867815,1753402867,KXMLBGAME-25JUL24SDSTL-STL,84,16,200,no
1753402867835,1753402867,KXMLBGAME-25JUL24SDSTL-STL,84,16,200,no
1753402868554,1753402868,KXMLBGAME-25JUL24SEALAA-SEA,44,56,32,yes
1753402868636,1753402868,KXMLBGAME-25JUL24SDSTL-SD,20,80,26,yes
1753402868636,1753402868,KXMLBGAME-25JUL24SDSTL-SD,20,80,104,yes
1753402869256,1753402869,KXMLBGAME-25JUL24SDSTL-STL,84,16,3333,no
1753402870854,1753402870,KXMLBGAME-25JUL24SDSTL-STL,84,16,617,no
1753402874461,1753402874,KXMLBGAME-25JUL24ATHHOU-ATH,33,67,2,yes
1753402875461,1753402875,KXMLBGAME-25JUL24TORDET-DET,1,99,556,no
1753402877417,1753402877,KXMLBGAME-25JUL24SDSTL-SD,20,80,118,yes
1753402879896,1753402879,KXMLBGAME-25JUL24ATHHOU-ATH,33,67,1814,yes
1753402879896,1753402879,KXMLBGAME-25JUL24ATHHOU-ATH,33,67,300,yes
1753402879896,1753402879,KXMLBGAME-25JUL24ATHHOU-ATH,33,67,608,yes
1753402879896,1753402879,KXMLBGAME-25JUL24ATHHOU-ATH,33,67,399,yes
1753402880108,1753402880,KXMLBGAME-25JUL24TORDET-DET,2,98,46,yes
1753402883656,1753402883,KXMLBGAME-25JUL24SDSTL-SD,20,80,785,yes
1753402888317,1753402888,KXMLBGAME-25JUL24SDSTL-SD,20,80,16,yes
1753402888317,1753402888,KXMLBGAME-25JUL24SDSTL-SD,20,80,31,yes
1753402890375,1753402890,KXMLBGAME-25JUL24ATHHOU-HOU,67,33,16,yes
1753402891817,1753402891,KXMLBGAME-25JUL24SDSTL-SD,20,80,21,yes
1753402892775,1753402892,KXMLBGAME-25JUL24TORDET-TOR,99,1,6,yes
1753402897976,1753402897,KXMLBGAME-25JUL24SDSTL-SD,20,80,151,yes
1753402901795,1753402901,KXMLBGAME-25JUL24ATHHOU-ATH,35,65,87,yes
1753402901795,1753402901,KXMLBGAME-25JUL24ATHHOU-ATH,35,65,300,yes
1753402904297,1753402904,KXMLBGAME-25JUL24TORDET-DET,1,99,363,no
1753402905873,1753402905,KXMLBGAME-25JUL24SDSTL-SD,17,83,100,no
1753402905973,1753402905,KXMLBGAME-25JUL24ATHHOU-ATH,35,65,300,yes
1753402911655,1753402911,KXMLBGAME-25JUL24SDSTL-SD,15,85,77,no
1753402914073,1753402914,KXMLBGAME-25JUL24SDSTL-SD,15,85,23,no
1753402914075,1753402914,KXMLBGAME-25JUL24SDSTL-SD,14,86,14,no
1753402915334,1753402915,KXMLBGAME-25JUL24TORDET-TOR,99,1,123,yes
1753402915334,1753402915,KXMLBGAME-25JUL24TORDET-TOR,99,1,207,yes
1753402915334,1753402915,KXMLBGAME-25JUL24TORDET-TOR,99,1,5000,yes
1753402915334,1753402915,KXMLBGAME-25JUL24TORDET-TOR,99,1,31,yes
1753402919334,1753402919,KXMLBGAME-25JUL24TORDET-TOR,99,1,62,no
1753402923513,1753402923,KXMLBGAME-25JUL24SDSTL-SD,14,86,86,no
1753402923513,1753402923,KXMLBGAME-25JUL24SDSTL-SD,14,86,100,no
1753402924157,1753402924,KXMLBGAME-25JUL24ATHHOU-HOU,64,36,22,yes
1753402924157,1753402924,KXMLBGAME-25JUL24ATHHOU-HOU,64,36,8,yes
1753402926031,1753402925,KXMLBGAME-25JUL24SDSTL-SD,9,91,99,no
1753402926031,1753402925,KXMLBGAME-25JUL24SDSTL-SD,8,92,99,no
1753402926065,1753402925,KXMLBGAME-25JUL24SDSTL-STL,91,9,100,yes
1753402926065,1753402925,KXMLBGAME-25JUL24SDSTL-STL,92,8,99,yes
1753402926154,1753402926,KXMLBGAME-25JUL24TORDET-TOR,99,1,25,no
1753402926154,1753402926,KXMLBGAME-25JUL24TORDET-TOR,99,1,75,no
1753402926195,1753402926,KXMLBGAME-25JUL24SDSTL-SD,7,93,100,no
1753402926195,1753402926,KXMLBGAME-25JUL24SDSTL-SD,7,93,99,no
1753402928593,1753402928,KXMLBGAME-25JUL24TORDET-DET,2,98,954,yes
1753402928593,1753402928,KXMLBGAME-25JUL24TORDET-DET,2,98,215,yes
1753402929657,1753402929,KXMLBGAME-25JUL24TORDET-DET,2,98,36,yes
1753402929818,1753402929,KXMLBGAME-25JUL24SDSTL-SD,7,93,26,yes
1753402932537,1753402932,KXMLBGAME-25JUL24SDSTL-STL,93,7,12,yes
1753402933234,1753402933,KXMLBGAME-25JUL24SDSTL-SD,6,94,99,no
1753402933234,1753402933,KXMLBGAME-25JUL24SDSTL-SD,5,95,74,no
1753402937455,1753402937,KXMLBGAME-25JUL24TORDET-DET,1,99,81,no
1753402937455,1753402937,KXMLBGAME-25JUL24TORDET-DET,1,99,100,no
1753402937455,1753402937,KXMLBGAME-25JUL24TORDET-DET,1,99,87,no
1753402949815,1753402949,KXMLBGAME-25JUL24TORDET-DET,2,98,233,yes
1753402950597,1753402950,KXMLBGAME-25JUL24SDSTL-SD,5,95,26,no
1753402950597,1753402950,KXMLBGAME-25JUL24SDSTL-SD,5,95,10,no
1753402950597,1753402950,KXMLBGAME-25JUL24SDSTL-SD,5,95,360,no
1753402950933,1753402950,KXMLBGAME-25JUL24SDSTL-SD,6,94,78,yes
1753402951914,1753402951,KXMLBGAME-25JUL24SDSTL-STL,94,6,102,no
1753402952594,1753402952,KXMLBGAME-25JUL24SDSTL-SD,6,94,100,yes
1753402953575,1753402953,KXMLBGAME-25JUL24SDSTL-SD,5,95,32,no
1753402953992,1753402953,KXMLBGAME-25JUL24SDSTL-SD,5,95,757,no
1753402955512,1753402955,KXMLBGAME-25JUL24TORDET-TOR,99,1,43,no
1753402956072,1753402955,KXMLBGAME-25JUL24SDSTL-SD,5,95,14,no
1753402956335,1753402956,KXMLBGAME-25JUL24SDSTL-STL,95,5,111,yes
1753402958173,1753402958,KXMLBGAME-25JUL24SDSTL-SD,6,94,450,yes
1753402958173,1753402958,KXMLBGAME-25JUL24SDSTL-SD,6,94,342,yes
1753402958593,1753402958,KXMLBGAME-25JUL24TORDET-TOR,99,1,225,no
1753402959214,1753402959,KXMLBGAME-25JUL24SDSTL-SD,6,94,68,yes
1753402959214,1753402959,KXMLBGAME-25JUL24SDSTL-SD,6,94,91,yes
1753402959357,1753402959,KXMLBGAME-25JUL24SDSTL-SD,6,94,387,yes
1753402959357,1753402959,KXMLBGAME-25JUL24SDSTL-SD,6,94,465,yes
1753402959357,1753402959,KXMLBGAME-25JUL24SDSTL-SD,6,94,483,yes
1753402959357,1753402959,KXMLBGAME-25JUL24SDSTL-SD,6,94,228,yes
1753402965875,1753402965,KXMLBGAME-25JUL24ATHHOU-ATH,39,61,87,yes
1753402965875,1753402965,KXMLBGAME-25JUL24ATHHOU-ATH,39,61,213,yes
1753402966113,1753402966,KXMLBGAME-25JUL24SDSTL-STL,94,6,25,no
1753402966253,1753402966,KXMLBGAME-25JUL24SDSTL-SD,6,94,100,yes
1753402969935,1753402969,KXMLBGAME-25JUL24TORDET-TOR,99,1,126,no
1753402972291,1753402972,KXMLBGAME-25JUL24SDSTL-STL,94,6,172,no
1753402973916,1753402973,KXMLBGAME-25JUL24SDSTL-SD,6,94,480,yes
1753402973916,1753402973,KXMLBGAME-25JUL24SDSTL-SD,6,94,443,yes
1753402973916,1753402973,KXMLBGAME-25JUL24SDSTL-SD,6,94,466,yes
1753402973916,1753402973,KXMLBGAME-25JUL24SDSTL-SD,6,94,174,yes
1753402973955,1753402973,KXMLBGAME-25JUL24SDSTL-SD,6,94,46,yes
1753402976116,1753402975,KXMLBGAME-25JUL24SEALAA-SEA,44,56,55,yes
1753402977043,1753402976,KXMLBGAME-25JUL24SDSTL-SD,6,94,125,yes
1753402978412,1753402978,KXMLBGAME-25JUL24SDSTL-STL,95,5,87,yes
1753402978412,1753402978,KXMLBGAME-25JUL24SDSTL-STL,95,5,180,yes
1753402979910,1753402979,KXMLBGAME-25JUL24ATHHOU-HOU,64,36,29,yes
1753402980832,1753402980,KXMLBGAME-25JUL24TORDET-DET,2,98,153,yes
1753402980832,1753402980,KXMLBGAME-25JUL24TORDET-DET,2,98,244,yes
1753402980832,1753402980,KXMLBGAME-25JUL24TORDET-DET,2,98,725,yes
1753402980893,1753402980,KXMLBGAME-25JUL24TORDET-TOR,99,1,89,no
1753402981017,1753402980,KXMLBGAME-25JUL24ATHHOU-ATH,39,61,49,yes
1753402984019,1753402983,KXMLBGAME-25JUL24ATHHOU-HOU,63,37,49,yes
1753402984019,1753402983,KXMLBGAME-25JUL24ATHHOU-HOU,64,36,97,yes
1753402989456,1753402989,KXMLBGAME-25JUL24SDSTL-SD,6,94,100,yes
1753402990993,1753402990,KXMLBGAME-25JUL24SDSTL-SD,5,95,112,no
1753402992692,1753402992,KXMLBGAME-25JUL24SEALAA-LAA,57,43,274,yes
1753402996215,1753402996,KXMLBGAME-25JUL24SEALAA-SEA,44,56,49,yes
1753402996893,1753402996,KXMLBGAME-25JUL24SDSTL-SD,6,94,155,yes
1753402996893,1753402996,KXMLBGAME-25JUL24SDSTL-SD,6,94,413,yes
1753402996893,1753402996,KXMLBGAME-25JUL24SDSTL-SD,6,94,445,yes
1753402996893,1753402996,KXMLBGAME-25JUL24SDSTL-SD,6,94,403,yes
1753402996893,1753402996,KXMLBGAME-25JUL24SDSTL-SD,6,94,208,yes
1753402998412,1753402998,KXMLBGAME-25JUL24TORDET-TOR,99,1,26,no
1753403001197,1753403001,KXMLBGAME-25JUL24SDSTL-STL,94,6,296,no
1753403001484,1753403001,KXMLBGAME-25JUL24ATHHOU-ATH,39,61,100,yes
1753403002335,1753403002,KXMLBGAME-25JUL24SEALAA-SEA,44,56,613,yes
1753403008954,1753403008,KXMLBGAME-25JUL24SDSTL-SD,7,93,274,yes
1753403008954,1753403008,KXMLBGAME-25JUL24SDSTL-SD,7,93,42,yes
1753403008954,1753403008,KXMLBGAME-25JUL24SDSTL-SD,7,93,105,yes
1753403009472,1753403009,KXMLBGAME-25JUL24SDSTL-SD,5,95,45,no
1753403009882,1753403009,KXMLBGAME-25JUL24ATHHOU-HOU,64,36,76,yes
1753403011514,1753403011,KXMLBGAME-25JUL24SDSTL-SD,7,93,4,yes
1753403013434,1753403013,KXMLBGAME-25JUL24TORDET-DET,1,99,93,yes
1753403014695,1753403014,KXMLBGAME-25JUL24SDSTL-STL,93,7,96,no
1753403020837,1753403020,KXMLBGAME-25JUL24TORDET-DET,1,99,2129,yes
1753403020837,1753403020,KXMLBGAME-25JUL24TORDET-DET,2,98,104,yes
1753403022500,1753403022,KXMLBGAME-25JUL24SDSTL-STL,93,7,53,no
1753403023675,1753403023,KXMLBGAME-25JUL24SDSTL-SD,4,96,200,no
1753403023675,1753403023,KXMLBGAME-25JUL24SDSTL-SD,4,96,300,no
1753403023675,1753403023,KXMLBGAME-25JUL24SDSTL-SD,4,96,87,no
1753403023675,1753403023,KXMLBGAME-25JUL24SDSTL-SD,3,97,262,no
1753403029515,1753403029,KXMLBGAME-25JUL24SDSTL-SD,5,95,300,no
1753403029515,1753403029,KXMLBGAME-25JUL24SDSTL-SD,4,96,87,no
1753403029515,1753403029,KXMLBGAME-25JUL24SDSTL-SD,4,96,44,no
1753403029555,1753403029,KXMLBGAME-25JUL24SEALAA-SEA,44,56,153,yes
1753403029633,1753403029,KXMLBGAME-25JUL24TORDET-DET,2,98,14,yes
1753403030174,1753403030,KXMLBGAME-25JUL24SDSTL-SD,7,93,53,yes
1753403030174,1753403030,KXMLBGAME-25JUL24SDSTL-SD,7,93,81,yes
1753403031633,1753403031,KXMLBGAME-25JUL24ATHHOU-ATH,43,57,87,yes
1753403031633,1753403031,KXMLBGAME-25JUL24ATHHOU-ATH,44,56,93,yes
1753403031714,1753403031,KXMLBGAME-25JUL24ATHHOU-HOU,61,39,93,no
1753403037693,1753403037,KXMLBGAME-25JUL24SDSTL-STL,96,4,200,yes
1753403037693,1753403037,KXMLBGAME-25JUL24SDSTL-STL,96,4,7,yes
1753403037853,1753403037,KXMLBGAME-25JUL24SDSTL-SD,7,93,187,yes
1753403040472,1753403040,KXMLBGAME-25JUL24ATHHOU-ATH,37,63,517,yes
1753403040669,1753403040,KXMLBGAME-25JUL24SEALAA-SEA,44,56,6,yes
1753403041155,1753403041,KXMLBGAME-25JUL24TORDET-TOR,99,1,61,no
1753403049075,1753403049,KXMLBGAME-25JUL24SDSTL-SD,7,93,13,yes
1753403049451,1753403049,KXMLBGAME-25JUL24TORDET-TOR,99,1,168,no
1753403060192,1753403059,KXMLBGAME-25JUL24ATHHOU-ATH,37,63,100,yes
1753403063036,1753403062,KXMLBGAME-25JUL24ATHHOU-ATH,37,63,647,yes
1753403065977,1753403065,KXMLBGAME-25JUL24ATHHOU-HOU,63,37,300,no
1753403065977,1753403065,KXMLBGAME-25JUL24ATHHOU-HOU,63,37,1607,no
1753403066072,1753403065,KXMLBGAME-25JUL24ATHHOU-ATH,37,63,300,yes
1753403066514,1753403066,KXMLBGAME-25JUL24SDSTL-SD,7,93,100,yes
1753403068180,1753403068,KXMLBGAME-25JUL24TORDET-TOR,99,1,17,no
1753403069255,1753403069,KXMLBGAME-25JUL24SEALAA-SEA,44,56,5,yes
1753403070776,1753403070,KXMLBGAME-25JUL24SDSTL-SD,7,93,100,yes
1753403071494,1753403071,KXMLBGAME-25JUL24SDSTL-SD,4,96,172,no
1753403075074,1753403075,KXMLBGAME-25JUL24ATHHOU-HOU,63,37,60,yes
1753403075074,1753403075,KXMLBGAME-25JUL24ATHHOU-HOU,63,37,107,yes
1753403083735,1753403083,KXMLBGAME-25JUL24SDSTL-SD,6,94,13,yes
1753403092476,1753403092,KXMLBGAME-25JUL24ATHHOU-ATH,40,60,200,yes
1753403096014,1753403095,KXMLBGAME-25JUL24SDSTL-STL,93,7,26,no
1753403097020,1753403096,KXMLBGAME-25JUL24SDSTL-SD,6,94,159,yes
1753403097020,1753403096,KXMLBGAME-25JUL24SDSTL-SD,7,93,300,yes
1753403097020,1753403096,KXMLBGAME-25JUL24SDSTL-SD,7,93,200,yes
1753403097020,1753403096,KXMLBGAME-25JUL24SDSTL-SD,7,93,300,yes
1753403097020,1753403096,KXMLBGAME-25JUL24SDSTL-SD,8,92,200,yes
1753403097020,1753403096,KXMLBGAME-25JUL24SDSTL-SD,8,92,154,yes
1753403098920,1753403098,KXMLBGAME-25JUL24SEALAA-SEA,44,56,181,yes
1753403106093,1753403106,KXMLBGAME-25JUL24SDSTL-STL,93,7,137,no
1753403106395,1753403106,KXMLBGAME-25JUL24ATHHOU-HOU,62,38,5,yes
1753403109177,1753403109,KXMLBGAME-25JUL24SDSTL-STL,95,5,10,yes
1753403114174,1753403114,KXMLBGAME-25JUL24SDSTL-SD,7,93,17,yes
1753403114514,1753403114,KXMLBGAME-25JUL24SEALAA-SEA,44,56,21,yes
1753403116737,1753403116,KXMLBGAME-25JUL24SEALAA-SEA,44,56,250,yes
1753403117536,1753403117,KXMLBGAME-25JUL24SEALAA-SEA,44,56,54,yes
1753403123736,1753403123,KXMLBGAME-25JUL24SEALAA-SEA,44,56,10,yes
1753403125535,1753403125,KXMLBGAME-25JUL24SEALAA-SEA,44,56,64,yes
1753403125535,1753403125,KXMLBGAME-25JUL24SEALAA-SEA,44,56,5,yes
1753403125535,1753403125,KXMLBGAME-25JUL24SEALAA-SEA,44,56,149,yes
1753403126618,1753403126,KXMLBGAME-25JUL24SDSTL-SD,7,93,273,yes
1753403133413,1753403133,KXMLBGAME-25JUL24ATHHOU-HOU,57,43,13,yes
1753403133874,1753403133,KXMLBGAME-25JUL24ATHHOU-ATH,45,55,42,yes
1753403134368,1753403134,KXMLBGAME-25JUL24TORDET-TOR,99,1,367,no
1753403136936,1753403136,KXMLBGAME-25JUL24TORDET-DET,1,99,478,yes
1753403141055,1753403141,KXMLBGAME-25JUL24SDSTL-SD,7,93,67,yes
1753403144576,1753403144,KXMLBGAME-25JUL24SEALAA-SEA,44,56,54,yes
1753403146795,1753403146,KXMLBGAME-25JUL24TORDET-TOR,99,1,421,no
1753403146795,1753403146,KXMLBGAME-25JUL24TORDET-TOR,99,1,79,no
1753403149713,1753403149,KXMLBGAME-25JUL24ATHHOU-ATH,45,55,5,yes
1753403153275,1753403153,KXMLBGAME-25JUL24ATHHOU-HOU,57,43,3,yes
1753403155425,1753403155,KXMLBGAME-25JUL24TORDET-DET,1,99,46,yes
1753403157166,1753403157,KXMLBGAME-25JUL24TORDET-TOR,99,1,21,no
1753403158573,1753403158,KXMLBGAME-25JUL24SEALAA-SEA,44,56,10,yes
1753403158857,1753403158,KXMLBGAME-25JUL24ATHHOU-HOU,57,43,10,yes
1753403160617,1753403160,KXMLBGAME-25JUL24SDSTL-SD,5,95,9,no
1753403161462,1753403161,KXMLBGAME-25JUL24SEALAA-SEA,44,56,109,yes
1753403161462,1753403161,KXMLBGAME-25JUL24TORDET-DET,1,99,93,yes
1753403161557,1753403161,KXMLBGAME-25JUL24TORDET-TOR,99,1,10,no
1753403166356,1753403166,KXMLBGAME-25JUL24SEALAA-LAA,57,43,845,yes
1753403169133,1753403169,KXMLBGAME-25JUL24ATHHOU-ATH,45,55,10,yes
1753403173140,1753403173,KXMLBGAME-25JUL24ATHHOU-ATH,45,55,443,yes
1753403173141,1753403173,KXMLBGAME-25JUL24ATHHOU-ATH,45,55,91,yes
1753403179195,1753403179,KXMLBGAME-25JUL24ATHHOU-HOU,57,43,18,yes
1753403179195,1753403179,KXMLBGAME-25JUL24ATHHOU-HOU,57,43,10,yes
1753403179195,1753403179,KXMLBGAME-25JUL24ATHHOU-HOU,57,43,2,yes
1753403179195,1753403179,KXMLBGAME-25JUL24ATHHOU-HOU,57,43,4,yes
1753403183992,1753403183,KXMLBGAME-25JUL24SDSTL-STL,94,6,149,yes
1753403185117,1753403185,KXMLBGAME-25JUL24SDSTL-STL,93,7,208,no
1753403190557,1753403190,KXMLBGAME-25JUL24SDSTL-SD,7,93,120,yes
1753403193734,1753403193,KXMLBGAME-25JUL24SEALAA-LAA,57,43,1881,yes
1753403193734,1753403193,KXMLBGAME-25JUL24SEALAA-LAA,57,43,3000,yes
1753403193734,1753403193,KXMLBGAME-25JUL24SEALAA-LAA,58,42,1121,yes
1753403193734,1753403193,KXMLBGAME-25JUL24SEALAA-LAA,58,42,2797,yes
1753403193735,1753403193,KXMLBGAME-25JUL24SEALAA-LAA,58,42,87,yes
1753403193735,1753403193,KXMLBGAME-25JUL24SEALAA-LAA,58,42,11,yes
1753403203614,1753403203,KXMLBGAME-25JUL24SDSTL-SD,7,93,180,yes
1753403203614,1753403203,KXMLBGAME-25JUL24SDSTL-SD,8,92,135,yes
1753403208981,1753403208,KXMLBGAME-25JUL24ATHHOU-HOU,57,43,3,yes
1753403208982,1753403208,KXMLBGAME-25JUL24ATHHOU-HOU,57,43,26,yes
1753403208982,1753403208,KXMLBGAME-25JUL24ATHHOU-HOU,57,43,100,yes
1753403208982,1753403208,KXMLBGAME-25JUL24ATHHOU-HOU,57,43,145,yes
1753403212934,1753403212,KXMLBGAME-25JUL24TORDET-TOR,99,1,61,no
1753403224092,1753403224,KXMLBGAME-25JUL24SDSTL-SD,7,93,100,yes
1753403228454,1753403228,KXMLBGAME-25JUL24ATHHOU-ATH,42,58,10,no
1753403232558,1753403232,KXMLBGAME-25JUL24SDSTL-STL,94,6,10,yes
1753403234957,1753403234,KXMLBGAME-25JUL24ATHHOU-ATH,45,55,104,yes
1753403234957,1753403234,KXMLBGAME-25JUL24SDSTL-SD,8,92,11,yes
1753403234957,1753403234,KXMLBGAME-25JUL24SDSTL-SD,8,92,63,yes
1753403234957,1753403234,KXMLBGAME-25JUL24SDSTL-SD,8,92,200,yes
1753403234957,1753403234,KXMLBGAME-25JUL24SDSTL-SD,8,92,254,yes
1753403237664,1753403237,KXMLBGAME-25JUL24SDSTL-STL,92,8,18,no
1753403238354,1753403238,KXMLBGAME-25JUL24ATHHOU-HOU,57,43,155,yes
1753403238354,1753403238,KXMLBGAME-25JUL24ATHHOU-HOU,58,42,300,yes
1753403238355,1753403238,KXMLBGAME-25JUL24ATHHOU-HOU,58,42,19,yes
1753403238355,1753403238,KXMLBGAME-25JUL24ATHHOU-HOU,59,41,300,yes
1753403238355,1753403238,KXMLBGAME-25JUL24ATHHOU-HOU,59,41,200,yes
1753403238355,1753403238,KXMLBGAME-25JUL24ATHHOU-HOU,60,40,267,yes
1753403239115,1753403239,KXMLBGAME-25JUL24TORDET-TOR,99,1,158,no
1753403240957,1753403240,KXMLBGAME-25JUL24ATHHOU-ATH,43,57,8,yes
1753403242212,1753403242,KXMLBGAME-25JUL24SEALAA-SEA,43,57,55,yes
1753403244695,1753403244,KXMLBGAME-25JUL24TORDET-TOR,99,1,79,no
1753403252575,1753403252,KXMLBGAME-25JUL24SEALAA-SEA,43,57,22,yes
1753403258273,1753403258,KXMLBGAME-25JUL24SDSTL-SD,42,58,11,yes
1753403261410,1753403261,KXMLBGAME-25JUL24ATHHOU-HOU,58,42,14,yes
1753403261410,1753403261,KXMLBGAME-25JUL24ATHHOU-HOU,59,41,300,yes
1753403261410,1753403261,KXMLBGAME-25JUL24ATHHOU-HOU,60,40,88,yes
1753403264758,1753403264,KXMLBGAME-25JUL24SDSTL-SD,6,94,41,no
1753403264758,1753403264,KXMLBGAME-25JUL24SDSTL-SD,4,96,494,no
1753403265916,1753403265,KXMLBGAME-25JUL24ATHHOU-ATH,42,58,2,no
1753403266016,1753403265,KXMLBGAME-25JUL24SDSTL-STL,91,9,30,no
1753403268414,1753403268,KXMLBGAME-25JUL24TORDET-TOR,99,1,15,no
1753403274595,1753403274,KXMLBGAME-25JUL24ATHHOU-ATH,41,59,11,no
1753403274758,1753403274,KXMLBGAME-25JUL24SDSTL-SD,10,90,300,yes
1753403274758,1753403274,KXMLBGAME-25JUL24SDSTL-SD,11,89,2000,yes
1753403274758,1753403274,KXMLBGAME-25JUL24SDSTL-SD,11,89,243,yes
1753403275415,1753403275,KXMLBGAME-25JUL24ATHHOU-ATH,41,59,15,yes
1753403279434,1753403279,KXMLBGAME-25JUL24SDSTL-SD,8,92,30,no
1753403282035,1753403281,KXMLBGAME-25JUL24SDSTL-SD,10,90,300,yes
1753403282035,1753403281,KXMLBGAME-25JUL24SDSTL-SD,11,89,257,yes
1753403282035,1753403281,KXMLBGAME-25JUL24SDSTL-SD,11,89,325,yes
1753403286294,1753403286,KXMLBGAME-25JUL24SDSTL-SD,9,91,261,yes
1753403287624,1753403287,KXMLBGAME-25JUL24ATHHOU-HOU,59,41,8,yes
1753403287624,1753403287,KXMLBGAME-25JUL24ATHHOU-HOU,60,40,24,yes
1753403289394,1753403289,KXMLBGAME-25JUL24SDSTL-SD,9,91,20,yes
1753403289833,1753403289,KXMLBGAME-25JUL24TORDET-TOR,99,1,14,no
1753403293252,1753403293,KXMLBGAME-25JUL24ATHHOU-ATH,42,58,11,yes
1753403293878,1753403293,KXMLBGAME-25JUL24SDSTL-SD,9,91,213,yes
1753403293878,1753403293,KXMLBGAME-25JUL24SDSTL-SD,10,90,39,yes
1753403298233,1753403298,KXMLBGAME-25JUL24SDSTL-SD,10,90,103,yes
1753403298893,1753403298,KXMLBGAME-25JUL24ATHHOU-ATH,42,58,473,yes
1753403301995,1753403301,KXMLBGAME-25JUL24TORDET-TOR,99,1,508,no
1753403304214,1753403304,KXMLBGAME-25JUL24TORDET-DET,1,99,187,yes
1753403306015,1753403305,KXMLBGAME-25JUL24ATHHOU-ATH,41,59,6,no
1753403306114,1753403305,KXMLBGAME-25JUL24ATHHOU-HOU,59,41,6,yes
1753403322694,1753403322,KXMLBGAME-25JUL24TORDET-DET,1,99,935,yes
1753403323082,1753403322,KXMLBGAME-25JUL24TORDET-TOR,99,1,91,no
1753403325641,1753403325,KXMLBGAME-25JUL24ATHHOU-HOU,61,39,3,yes
1753403325641,1753403325,KXMLBGAME-25JUL24ATHHOU-HOU,61,39,20,yes
1753403327036,1753403326,KXMLBGAME-25JUL24SDSTL-SD,11,89,119,yes
1753403332552,1753403332,KXMLBGAME-25JUL24ATHHOU-ATH,40,60,5,no
1753403333254,1753403333,KXMLBGAME-25JUL24ATHHOU-HOU,61,39,300,yes
1753403333254,1753403333,KXMLBGAME-25JUL24ATHHOU-HOU,62,38,200,yes
1753403333254,1753403333,KXMLBGAME-25JUL24ATHHOU-HOU,62,38,300,yes
1753403333254,1753403333,KXMLBGAME-25JUL24ATHHOU-HOU,63,37,200,yes
1753403333254,1753403333,KXMLBGAME-25JUL24ATHHOU-HOU,63,37,300,yes
1753403333254,1753403333,KXMLBGAME-25JUL24ATHHOU-HOU,63,37,233,yes
1753403339097,1753403339,KXMLBGAME-25JUL24SDSTL-SD,11,89,102,yes
1753403347215,1753403347,KXMLBGAME-25JUL24SDSTL-STL,90,10,193,yes
1753403349368,1753403349,KXMLBGAME-25JUL24TORDET-TOR,99,1,964,no
1753403349368,1753403349,KXMLBGAME-25JUL24TORDET-TOR,99,1,83,no
1753403355004,1753403354,KXMLBGAME-25JUL24SDSTL-STL,89,11,300,no
1753403355004,1753403354,KXMLBGAME-25JUL24SDSTL-STL,89,11,105,no
1753403356303,1753403356,KXMLBGAME-25JUL24ATHHOU-ATH,41,59,11,yes
1753403360227,1753403360,KXMLBGAME-25JUL24SEALAA-SEA,43,57,11,yes
1753403361615,1753403361,KXMLBGAME-25JUL24TORDET-TOR,99,1,21,no
1753403364753,1753403364,KXMLBGAME-25JUL24ATHHOU-HOU,61,39,89,yes
1753403364834,1753403364,KXMLBGAME-25JUL24SDSTL-SD,11,89,34,yes
1753403378858,1753403378,KXMLBGAME-25JUL24ATHHOU-HOU,61,39,127,yes
1753403380434,1753403380,KXMLBGAME-25JUL24SDSTL-SD,11,89,300,yes
1753403380434,1753403380,KXMLBGAME-25JUL24SDSTL-SD,11,89,153,yes
1753403381055,1753403381,KXMLBGAME-25JUL24ATHHOU-ATH,40,60,7,yes
1753403381375,1753403381,KXMLBGAME-25JUL24SEALAA-SEA,43,57,11,yes
1753403387007,1753403386,KXMLBGAME-25JUL24SDSTL-SD,11,89,8,yes
1753403389796,1753403389,KXMLBGAME-25JUL24SDSTL-STL,89,11,494,no
1753403392167,1753403392,KXMLBGAME-25JUL24SDSTL-SD,11,89,100,yes
1753403400163,1753403400,KXMLBGAME-25JUL24SDSTL-SD,11,89,84,yes
1753403402928,1753403402,KXMLBGAME-25JUL24TORDET-TOR,99,1,673,no
1753403405593,1753403405,KXMLBGAME-25JUL24SEALAA-SEA,43,57,704,yes
1753403408093,1753403408,KXMLBGAME-25JUL24TORDET-TOR,99,1,427,no
1753403409735,1753403409,KXMLBGAME-25JUL24SDSTL-SD,11,89,108,yes
1753403409735,1753403409,KXMLBGAME-25JUL24SDSTL-SD,12,88,43,yes
1753403409735,1753403409,KXMLBGAME-25JUL24SDSTL-SD,12,88,300,yes
1753403409735,1753403409,KXMLBGAME-25JUL24SDSTL-SD,12,88,200,yes
1753403409735,1753403409,KXMLBGAME-25JUL24SDSTL-SD,12,88,7,yes
1753403409735,1753403409,KXMLBGAME-25JUL24SDSTL-SD,12,88,600,yes
1753403416536,1753403416,KXMLBGAME-25JUL24SDSTL-SD,16,84,300,yes
1753403416536,1753403416,KXMLBGAME-25JUL24SDSTL-SD,17,83,189,yes
1753403424057,1753403424,KXMLBGAME-25JUL24SDSTL-SD,14,86,33,yes
1753403424154,1753403424,KXMLBGAME-25JUL24ATHHOU-HOU,60,40,300,yes
1753403424154,1753403424,KXMLBGAME-25JUL24ATHHOU-HOU,61,39,103,yes
1753403427299,1753403427,KXMLBGAME-25JUL24SDSTL-SD,14,86,111,yes
1753403428010,1753403427,KXMLBGAME-25JUL24SDSTL-STL,88,12,90,yes
1753403435434,1753403435,KXMLBGAME-25JUL24SDSTL-SD,14,86,53,yes
1753403443254,1753403443,KXMLBGAME-25JUL24SDSTL-SD,15,85,6,yes
1753403445934,1753403445,KXMLBGAME-25JUL24SDSTL-SD,15,85,8,yes
1753403447475,1753403447,KXMLBGAME-25JUL24SDSTL-SD,12,88,4,no
1753403458794,1753403458,KXMLBGAME-25JUL24SDSTL-STL,86,14,12,no
1753403469735,1753403469,KXMLBGAME-25JUL24ATHHOU-ATH,41,59,236,yes
1753403473956,1753403473,KXMLBGAME-25JUL24SEALAA-LAA,58,42,83,yes
1753403474295,1753403474,KXMLBGAME-25JUL24SDSTL-SD,14,86,14,yes
1753403475474,1753403475,KXMLBGAME-25JUL24TORDET-TOR,99,1,14,no
1753403477016,1753403476,KXMLBGAME-25JUL24ATHHOU-ATH,41,59,349,yes
1753403477016,1753403476,KXMLBGAME-25JUL24ATHHOU-ATH,41,59,775,yes
1753403483415,1753403483,KXMLBGAME-25JUL24SDSTL-SD,14,86,35,yes
1753403483435,1753403483,KXMLBGAME-25JUL24ATHHOU-HOU,59,41,2,yes
1753403483435,1753403483,KXMLBGAME-25JUL24ATHHOU-HOU,60,40,292,yes
1753403486299,1753403486,KXMLBGAME-25JUL24TORDET-TOR,99,1,44,no
1753403492500,1753403492,KXMLBGAME-25JUL24SDSTL-SD,14,86,251,yes
1753403492500,1753403492,KXMLBGAME-25JUL24SDSTL-SD,15,85,2749,yes
1753403501153,1753403501,KXMLBGAME-25JUL24ATHHOU-ATH,41,59,114,yes
1753403501153,1753403501,KXMLBGAME-25JUL24ATHHOU-ATH,42,58,200,yes
1753403501153,1753403501,KXMLBGAME-25JUL24ATHHOU-ATH,42,58,300,yes
1753403501153,1753403501,KXMLBGAME-25JUL24ATHHOU-ATH,43,57,300,yes
1753403501153,1753403501,KXMLBGAME-25JUL24ATHHOU-ATH,43,57,200,yes
1753403502854,1753403502,KXMLBGAME-25JUL24ATHHOU-HOU,59,41,57,yes
1753403502894,1753403502,KXMLBGAME-25JUL24SDSTL-SD,5,95,9,no
1753403508197,1753403508,KXMLBGAME-25JUL24ATHHOU-HOU,59,41,87,yes
1753403514750,1753403514,KXMLBGAME-25JUL24ATHHOU-ATH,44,56,87,yes
1753403514750,1753403514,KXMLBGAME-25JUL24ATHHOU-ATH,44,56,300,yes
1753403514750,1753403514,KXMLBGAME-25JUL24ATHHOU-ATH,45,55,500,yes
1753403514750,1753403514,KXMLBGAME-25JUL24ATHHOU-ATH,45,55,200,yes
1753403514750,1753403514,KXMLBGAME-25JUL24ATHHOU-ATH,45,55,300,yes
1753403514750,1753403514,KXMLBGAME-25JUL24ATHHOU-ATH,46,54,500,yes
1753403514750,1753403514,KXMLBGAME-25JUL24ATHHOU-ATH,46,54,600,yes
1753403514750,1753403514,KXMLBGAME-25JUL24ATHHOU-ATH,46,54,600,yes
1753403514750,1753403514,KXMLBGAME-25JUL24ATHHOU-ATH,46,54,1158,yes
1753403515918,1753403515,KXMLBGAME-25JUL24ATHHOU-HOU,59,41,2,yes
1753403515918,1753403515,KXMLBGAME-25JUL24ATHHOU-HOU,59,41,53,yes
1753403516237,1753403516,KXMLBGAME-25JUL24ATHHOU-HOU,58,42,20,yes
1753403516393,1753403516,KXMLBGAME-25JUL24TORDET-TOR,99,1,491,no
1753403518414,1753403518,KXMLBGAME-25JUL24ATHHOU-ATH,44,56,299,yes
1753403524652,1753403524,KXMLBGAME-25JUL24ATHHOU-ATH,43,57,2,yes
1753403529313,1753403529,KXMLBGAME-25JUL24ATHHOU-ATH,43,57,4,yes
1753403530896,1753403530,KXMLBGAME-25JUL24ATHHOU-HOU,58,42,41,yes
1753403530917,1753403530,KXMLBGAME-25JUL24SDSTL-SD,24,76,300,yes
1753403530917,1753403530,KXMLBGAME-25JUL24SDSTL-SD,24,76,95,yes
1753403538292,1753403538,KXMLBGAME-25JUL24TORDET-DET,1,99,93,yes
1753403540798,1753403540,KXMLBGAME-25JUL24TORDET-TOR,99,1,1,no
1753403541432,1753403541,KXMLBGAME-25JUL24ATHHOU-ATH,43,57,45,yes
1753403543275,1753403543,KXMLBGAME-25JUL24ATHHOU-HOU,58,42,33,yes
1753403544754,1753403544,KXMLBGAME-25JUL24SDSTL-SD,24,76,47,yes
1753403545514,1753403545,KXMLBGAME-25JUL24SDSTL-SD,23,77,391,yes
1753403548956,1753403548,KXMLBGAME-25JUL24SDSTL-SD,23,77,41,yes
1753403551754,1753403551,KXMLBGAME-25JUL24ATHHOU-HOU,58,42,77,yes
1753403556034,1753403555,KXMLBGAME-25JUL24SDSTL-SD,23,77,4,yes
1753403556895,1753403556,KXMLBGAME-25JUL24SDSTL-SD,23,77,5,yes
1753403557054,1753403557,KXMLBGAME-25JUL24SDSTL-SD,23,77,28,yes
1753403558374,1753403558,KXMLBGAME-25JUL24SDSTL-SD,22,78,50,yes
1753403558374,1753403558,KXMLBGAME-25JUL24SDSTL-SD,23,77,31,yes
1753403558374,1753403558,KXMLBGAME-25JUL24SDSTL-SD,23,77,118,yes
1753403558694,1753403558,KXMLBGAME-25JUL24SDSTL-SD,23,77,8,yes
1753403559057,1753403559,KXMLBGAME-25JUL24SDSTL-SD,23,77,94,yes
1753403560538,1753403560,KXMLBGAME-25JUL24SDSTL-SD,23,77,398,yes
1753403561176,1753403561,KXMLBGAME-25JUL24SDSTL-SD,23,77,107,yes
1753403565797,1753403565,KXMLBGAME-25JUL24SDSTL-SD,23,77,2062,yes
1753403568305,1753403568,KXMLBGAME-25JUL24SDSTL-SD,23,77,825,yes
1753403568694,1753403568,KXMLBGAME-25JUL24SDSTL-SD,22,78,87,no
1753403576755,1753403576,KXMLBGAME-25JUL24SDSTL-SD,21,79,1577,no
1753403586154,1753403586,KXMLBGAME-25JUL24ATHHOU-HOU,54,46,5,no
1753403590035,1753403589,KXMLBGAME-25JUL24TORDET-TOR,99,1,246,no
1753403590035,1753403589,KXMLBGAME-25JUL24TORDET-TOR,99,1,277,no
1753403591434,1753403591,KXMLBGAME-25JUL24SDSTL-SD,22,78,13,yes
1753403593293,1753403593,KXMLBGAME-25JUL24SDSTL-SD,23,77,532,yes
1753403593654,1753403593,KXMLBGAME-25JUL24ATHHOU-ATH,48,52,3,yes
1753403598574,1753403598,KXMLBGAME-25JUL24SDSTL-SD,22,78,57,yes
1753403599415,1753403599,KXMLBGAME-25JUL24SDSTL-SD,22,78,57,yes
1753403602637,1753403602,KXMLBGAME-25JUL24SDSTL-SD,22,78,173,yes
1753403614453,1753403614,KXMLBGAME-25JUL24SDSTL-SD,22,78,67,yes
1753403617354,1753403617,KXMLBGAME-25JUL24ATHHOU-HOU,52,48,164,no
1753403619014,1753403618,KXMLBGAME-25JUL24SDSTL-SD,22,78,4,yes
1753403620598,1753403620,KXMLBGAME-25JUL24ATHHOU-HOU,53,47,16,yes
1753403621917,1753403621,KXMLBGAME-25JUL24TORDET-TOR,99,1,59,no
1753403626055,1753403626,KXMLBGAME-25JUL24SDSTL-SD,22,78,64,yes
1753403628814,1753403628,KXMLBGAME-25JUL24SDSTL-SD,22,78,38,yes
1753403632379,1753403632,KXMLBGAME-25JUL24SDSTL-SD,22,78,10,yes
1753403638234,1753403638,KXMLBGAME-25JUL24SDSTL-SD,20,80,1144,no
1753403640298,1753403640,KXMLBGAME-25JUL24SDSTL-SD,22,78,117,yes
1753403640298,1753403640,KXMLBGAME-25JUL24SDSTL-SD,23,77,94,yes
1753403642015,1753403641,KXMLBGAME-25JUL24SEALAA-SEA,43,57,559,yes
1753403646314,1753403646,KXMLBGAME-25JUL24SDSTL-SD,21,79,112,yes
1753403647454,1753403647,KXMLBGAME-25JUL24SDSTL-SD,21,79,45,yes
1753403652069,1753403651,KXMLBGAME-25JUL24SDSTL-SD,21,79,343,yes
1753403652069,1753403651,KXMLBGAME-25JUL24SDSTL-SD,22,78,300,yes
1753403652069,1753403651,KXMLBGAME-25JUL24SDSTL-SD,22,78,18,yes
1753403655039,1753403654,KXMLBGAME-25JUL24ATHHOU-HOU,53,47,18,yes
1753403656217,1753403656,KXMLBGAME-25JUL24ATHHOU-ATH,51,49,4,yes
1753403658613,1753403658,KXMLBGAME-25JUL24ATHHOU-ATH,51,49,200,yes
1753403660634,1753403660,KXMLBGAME-25JUL24SDSTL-STL,79,21,900,yes
1753403660634,1753403660,KXMLBGAME-25JUL24SDSTL-STL,79,21,438,yes
1753403661795,1753403661,KXMLBGAME-25JUL24ATHHOU-HOU,52,48,58,no
1753403664556,1753403664,KXMLBGAME-25JUL24SDSTL-SD,21,79,22,yes
1753403669517,1753403669,KXMLBGAME-25JUL24SDSTL-SD,21,79,338,yes
1753403675037,1753403674,KXMLBGAME-25JUL24SDSTL-SD,21,79,85,yes
1753403678717,1753403678,KXMLBGAME-25JUL24ATHHOU-HOU,56,44,24,yes
1753403678717,1753403678,KXMLBGAME-25JUL24ATHHOU-HOU,57,43,1,yes
1753403684833,1753403684,KXMLBGAME-25JUL24SDSTL-SD,19,81,9,no
1753403686054,1753403685,KXMLBGAME-25JUL24ATHHOU-ATH,51,49,80,yes
1753403688114,1753403687,KXMLBGAME-25JUL24ATHHOU-ATH,52,48,9,yes
1753403690174,1753403690,KXMLBGAME-25JUL24SDSTL-SD,21,79,300,yes
1753403690174,1753403690,KXMLBGAME-25JUL24SDSTL-SD,22,78,30,yes
1753403695976,1753403695,KXMLBGAME-25JUL24SDSTL-SD,21,79,100,yes
1753403697012,1753403696,KXMLBGAME-25JUL24SDSTL-STL,80,20,8,yes
1753403697944,1753403697,KXMLBGAME-25JUL24TORDET-TOR,99,1,14,no
1753403699013,1753403698,KXMLBGAME-25JUL24ATHHOU-HOU,51,49,473,yes
1753403700160,1753403700,KXMLBGAME-25JUL24SDSTL-SD,21,79,400,yes
1753403700160,1753403700,KXMLBGAME-25JUL24SDSTL-SD,21,79,51,yes
1753403701180,1753403701,KXMLBGAME-25JUL24TORDET-DET,1,99,74,yes
1753403703167,1753403703,KXMLBGAME-25JUL24SDSTL-SD,19,81,50,no
1753403709615,1753403709,KXMLBGAME-25JUL24ATHHOU-HOU,51,49,18,yes
1753403709615,1753403709,KXMLBGAME-25JUL24ATHHOU-HOU,51,49,2,yes
1753403709615,1753403709,KXMLBGAME-25JUL24ATHHOU-HOU,51,49,74,yes
1753403711634,1753403711,KXMLBGAME-25JUL24ATHHOU-ATH,52,48,6,yes
1753403713597,1753403713,KXMLBGAME-25JUL24SDSTL-SD,19,81,13,no
1753403714034,1753403713,KXMLBGAME-25JUL24SDSTL-SD,21,79,45,yes
1753403715149,1753403715,KXMLBGAME-25JUL24ATHHOU-HOU,51,49,568,yes
1753403721574,1753403721,KXMLBGAME-25JUL24ATHHOU-ATH,50,50,15,no
1753403723552,1753403723,KXMLBGAME-25JUL24ATHHOU-ATH,52,48,279,yes
1753403726854,1753403726,KXMLBGAME-25JUL24SDSTL-SD,21,79,81,yes
1753403730774,1753403730,KXMLBGAME-25JUL24SDSTL-SD,21,79,67,yes
1753403732195,1753403732,KXMLBGAME-25JUL24SDSTL-SD,21,79,63,yes
1753403735994,1753403735,KXMLBGAME-25JUL24ATHHOU-ATH,49,51,4,no
1753403736115,1753403735,KXMLBGAME-25JUL24ATHHOU-HOU,52,48,376,yes
1753403736115,1753403735,KXMLBGAME-25JUL24ATHHOU-HOU,52,48,582,yes
1753403737638,1753403737,KXMLBGAME-25JUL24ATHHOU-ATH,51,49,1,yes
1753403747334,1753403747,KXMLBGAME-25JUL24SDSTL-SD,22,78,258,yes
1753403749455,1753403749,KXMLBGAME-25JUL24SDSTL-STL,78,22,1,no
1753403755696,1753403755,KXMLBGAME-25JUL24SDSTL-STL,80,20,2,yes
1753403757793,1753403757,KXMLBGAME-25JUL24ATHHOU-ATH,50,50,193,yes
1753403758993,1753403758,KXMLBGAME-25JUL24ATHHOU-HOU,52,48,15,no
1753403765426,1753403765,KXMLBGAME-25JUL24ATHHOU-HOU,51,49,6,yes
1753403783244,1753403783,KXMLBGAME-25JUL24ATHHOU-ATH,50,50,84,yes
1753403787034,1753403786,KXMLBGAME-25JUL24SDSTL-STL,76,24,5,no
1753403787696,1753403787,KXMLBGAME-25JUL24ATHHOU-HOU,53,47,12,yes
1753403789216,1753403789,KXMLBGAME-25JUL24SEALAA-SEA,43,57,45,yes
1753403794634,1753403794,KXMLBGAME-25JUL24SDSTL-SD,21,79,94,yes
1753403797292,1753403797,KXMLBGAME-25JUL24TORDET-TOR,99,1,4,no
1753403801597,1753403801,KXMLBGAME-25JUL24SDSTL-SD,22,78,15,yes
1753403804441,1753403804,KXMLBGAME-25JUL24SDSTL-SD,22,78,21,yes
1753403812774,1753403812,KXMLBGAME-25JUL24SDSTL-SD,22,78,500,yes
1753403812774,1753403812,KXMLBGAME-25JUL24SDSTL-SD,22,78,200,yes
1753403812774,1753403812,KXMLBGAME-25JUL24SDSTL-SD,23,77,136,yes
1753403822080,1753403822,KXMLBGAME-25JUL24ATHHOU-ATH,50,50,17,yes
1753403827832,1753403827,KXMLBGAME-25JUL24SDSTL-SD,23,77,8,yes
1753403830895,1753403830,KXMLBGAME-25JUL24ATHHOU-HOU,51,49,193,yes
1753403830895,1753403830,KXMLBGAME-25JUL24ATHHOU-HOU,51,49,300,yes
1753403833014,1753403832,KXMLBGAME-25JUL24TORDET-TOR,99,1,87,no
1753403839740,1753403839,KXMLBGAME-25JUL24ATHHOU-HOU,53,47,3,yes
1753403839741,1753403839,KXMLBGAME-25JUL24ATHHOU-HOU,53,47,9,yes
1753403839741,1753403839,KXMLBGAME-25JUL24ATHHOU-HOU,53,47,300,yes
1753403839741,1753403839,KXMLBGAME-25JUL24ATHHOU-HOU,54,46,600,yes
1753403839741,1753403839,KXMLBGAME-25JUL24ATHHOU-HOU,54,46,500,yes
1753403839741,1753403839,KXMLBGAME-25JUL24ATHHOU-HOU,54,46,351,yes
1753403846461,1753403846,KXMLBGAME-25JUL24ATHHOU-HOU,52,48,27,yes
1753403848357,1753403848,KXMLBGAME-25JUL24ATHHOU-HOU,52,48,273,yes
1753403848357,1753403848,KXMLBGAME-25JUL24ATHHOU-HOU,53,47,9,yes
1753403848357,1753403848,KXMLBGAME-25JUL24ATHHOU-HOU,53,47,500,yes
1753403848357,1753403848,KXMLBGAME-25JUL24ATHHOU-HOU,54,46,249,yes
1753403848357,1753403848,KXMLBGAME-25JUL24ATHHOU-HOU,54,46,781,yes
1753403849538,1753403849,KXMLBGAME-25JUL24SDSTL-SD,20,80,350,yes
1753403853184,1753403853,KXMLBGAME-25JUL24SEALAA-SEA,43,57,195,yes
1753403853184,1753403853,KXMLBGAME-25JUL24SEALAA-SEA,43,57,252,yes
1753403855738,1753403855,KXMLBGAME-25JUL24ATHHOU-ATH,49,51,98,yes
1753403858575,1753403858,KXMLBGAME-25JUL24SEALAA-SEA,43,57,22,yes
1753403866034,1753403865,KXMLBGAME-25JUL24ATHHOU-ATH,48,52,300,no
1753403871295,1753403871,KXMLBGAME-25JUL24SDSTL-SD,20,80,23,yes
1753403872556,1753403872,KXMLBGAME-25JUL24SDSTL-SD,20,80,127,yes
1753403872556,1753403872,KXMLBGAME-25JUL24SDSTL-SD,20,80,10,yes
1753403880320,1753403880,KXMLBGAME-25JUL24TORDET-TOR,99,1,225,no
1753403881446,1753403881,KXMLBGAME-25JUL24SDSTL-SD,20,80,14,yes
1753403882417,1753403882,KXMLBGAME-25JUL24SDSTL-SD,20,80,47,yes
1753403897835,1753403897,KXMLBGAME-25JUL24ATHHOU-HOU,51,49,37,yes
1753403901107,1753403900,KXMLBGAME-25JUL24SDSTL-SD,20,80,229,yes
1753403901107,1753403900,KXMLBGAME-25JUL24SDSTL-SD,20,80,20,yes
1753403901107,1753403900,KXMLBGAME-25JUL24SDSTL-SD,20,80,80,yes
1753403901107,1753403900,KXMLBGAME-25JUL24SDSTL-SD,21,79,124,yes
1753403902014,1753403901,KXMLBGAME-25JUL24ATHHOU-HOU,51,49,252,yes
1753403903149,1753403903,KXMLBGAME-25JUL24ATHHOU-HOU,52,48,500,yes
1753403903149,1753403903,KXMLBGAME-25JUL24ATHHOU-HOU,53,47,7,yes
1753403903149,1753403903,KXMLBGAME-25JUL24ATHHOU-HOU,53,47,415,yes
1753403903413,1753403903,KXMLBGAME-25JUL24SDSTL-SD,20,80,300,yes
1753403903413,1753403903,KXMLBGAME-25JUL24SDSTL-SD,21,79,196,yes
1753403913614,1753403913,KXMLBGAME-25JUL24SDSTL-SD,20,80,300,yes
1753403913614,1753403913,KXMLBGAME-25JUL24SDSTL-SD,21,79,165,yes
1753403914155,1753403914,KXMLBGAME-25JUL24SDSTL-SD,21,79,115,yes
1753403914155,1753403914,KXMLBGAME-25JUL24SDSTL-SD,21,79,85,yes
1753403917276,1753403917,KXMLBGAME-25JUL24ATHHOU-HOU,52,48,3,yes
1753403917856,1753403917,KXMLBGAME-25JUL24ATHHOU-HOU,52,48,94,yes
1753403924250,1753403924,KXMLBGAME-25JUL24SDSTL-SD,20,80,9,yes
1753403924634,1753403924,KXMLBGAME-25JUL24SEALAA-SEA,43,57,5,yes
1753403925018,1753403924,KXMLBGAME-25JUL24TORDET-TOR,99,1,39,no
1753403929914,1753403929,KXMLBGAME-25JUL24ATHHOU-ATH,50,50,4,yes
1753403931616,1753403931,KXMLBGAME-25JUL24SDSTL-SD,20,80,23,yes
1753403934797,1753403934,KXMLBGAME-25JUL24SEALAA-SEA,42,58,101,no
1753403934797,1753403934,KXMLBGAME-25JUL24SEALAA-SEA,42,58,492,no
1753403934835,1753403934,KXMLBGAME-25JUL24ATHHOU-HOU,52,48,9,yes
1753403935173,1753403935,KXMLBGAME-25JUL24ATHHOU-HOU,52,48,117,yes
1753403936333,1753403936,KXMLBGAME-25JUL24SDSTL-SD,20,80,92,yes
1753403936333,1753403936,KXMLBGAME-25JUL24SEALAA-LAA,58,42,412,yes
1753403940223,1753403940,KXMLBGAME-25JUL24TORDET-TOR,99,1,326,no
1753403943636,1753403943,KXMLBGAME-25JUL24SDSTL-SD,20,80,23,yes
1753403946033,1753403945,KXMLBGAME-25JUL24TORDET-TOR,99,1,28,no
1753403948314,1753403948,KXMLBGAME-25JUL24SDSTL-SD,20,80,23,yes
1753403949577,1753403949,KXMLBGAME-25JUL24ATHHOU-HOU,52,48,174,yes
1753403949577,1753403949,KXMLBGAME-25JUL24ATHHOU-HOU,53,47,5,yes
1753403949577,1753403949,KXMLBGAME-25JUL24ATHHOU-HOU,53,47,600,yes
1753403949577,1753403949,KXMLBGAME-25JUL24ATHHOU-HOU,53,47,397,yes
1753403949577,1753403949,KXMLBGAME-25JUL24ATHHOU-HOU,53,47,84,yes
1753403950195,1753403950,KXMLBGAME-25JUL24SDSTL-SD,20,80,9,yes
1753403950837,1753403950,KXMLBGAME-25JUL24ATHHOU-ATH,50,50,65,yes
1753403953214,1753403953,KXMLBGAME-25JUL24TORDET-TOR,99,1,427,no
1753403961012,1753403960,KXMLBGAME-25JUL24ATHHOU-HOU,52,48,90,yes
1753403969558,1753403969,KXMLBGAME-25JUL24ATHHOU-HOU,51,49,300,yes
1753403969558,1753403969,KXMLBGAME-25JUL24ATHHOU-HOU,52,48,600,yes
1753403969558,1753403969,KXMLBGAME-25JUL24ATHHOU-HOU,53,47,1,yes
1753403969558,1753403969,KXMLBGAME-25JUL24ATHHOU-HOU,53,47,200,yes
1753403969558,1753403969,KXMLBGAME-25JUL24ATHHOU-HOU,53,47,300,yes
1753403969558,1753403969,KXMLBGAME-25JUL24ATHHOU-HOU,53,47,4,yes
1753403969558,1753403969,KXMLBGAME-25JUL24ATHHOU-HOU,53,47,16,yes
1753403969558,1753403969,KXMLBGAME-25JUL24ATHHOU-HOU,53,47,427,yes
1753403970216,1753403970,KXMLBGAME-25JUL24SEALAA-SEA,43,57,11,yes
1753403972557,1753403972,KXMLBGAME-25JUL24SDSTL-SD,20,80,47,yes
1753403976068,1753403975,KXMLBGAME-25JUL24ATHHOU-ATH,47,53,2,no
1753403976068,1753403975,KXMLBGAME-25JUL24ATHHOU-ATH,47,53,16,no
1753403976133,1753403975,KXMLBGAME-25JUL24ATHHOU-HOU,53,47,16,yes
1753403976133,1753403975,KXMLBGAME-25JUL24ATHHOU-HOU,53,47,300,yes
1753403979257,1753403979,KXMLBGAME-25JUL24SDSTL-SD,20,80,14,yes
1753403985793,1753403985,KXMLBGAME-25JUL24SDSTL-SD,20,80,9,yes
1753403987235,1753403987,KXMLBGAME-25JUL24ATHHOU-HOU,53,47,8,yes
1753403987235,1753403987,KXMLBGAME-25JUL24ATHHOU-HOU,53,47,28,yes
1753403993617,1753403993,KXMLBGAME-25JUL24SDSTL-SD,20,80,24,yes
1753404004078,1753404004,KXMLBGAME-25JUL24ATHHOU-HOU,51,49,227,yes
1753404007237,1753404007,KXMLBGAME-25JUL24ATHHOU-HOU,51,49,373,yes
1753404007237,1753404007,KXMLBGAME-25JUL24ATHHOU-HOU,51,49,6,yes
1753404007237,1753404007,KXMLBGAME-25JUL24ATHHOU-HOU,51,49,600,yes
1753404007237,1753404007,KXMLBGAME-25JUL24ATHHOU-HOU,51,49,300,yes
1753404012474,1753404012,KXMLBGAME-25JUL24TORDET-TOR,99,1,52,no
1753404020435,1753404020,KXMLBGAME-25JUL24ATHHOU-ATH,50,50,200,yes
1753404020435,1753404020,KXMLBGAME-25JUL24ATHHOU-ATH,50,50,260,yes
1753404025394,1753404025,KXMLBGAME-25JUL24ATHHOU-HOU,51,49,403,no
1753404026112,1753404026,KXMLBGAME-25JUL24ATHHOU-HOU,51,49,318,no
1753404038358,1753404038,KXMLBGAME-25JUL24SDSTL-SD,20,80,236,yes
1753404039495,1753404039,KXMLBGAME-25JUL24ATHHOU-HOU,53,47,4,yes
1753404039495,1753404039,KXMLBGAME-25JUL24ATHHOU-HOU,54,46,32,yes
1753404040074,1753404040,KXMLBGAME-25JUL24SEALAA-LAA,58,42,278,yes
1753404045435,1753404045,KXMLBGAME-25JUL24TORDET-TOR,99,1,38,no
1753404045455,1753404045,KXMLBGAME-25JUL24ATHHOU-HOU,50,50,100,no
1753404045455,1753404045,KXMLBGAME-25JUL24ATHHOU-HOU,50,50,100,no
1753404046335,1753404046,KXMLBGAME-25JUL24SDSTL-SD,20,80,94,yes
1753404048914,1753404048,KXMLBGAME-25JUL24ATHHOU-ATH,51,49,1,yes
1753404049245,1753404049,KXMLBGAME-25JUL24SDSTL-STL,82,18,10,yes
1753404050174,1753404050,KXMLBGAME-25JUL24ATHHOU-HOU,49,51,3,yes
1753404050174,1753404050,KXMLBGAME-25JUL24ATHHOU-HOU,50,50,1,yes
1753404051313,1753404051,KXMLBGAME-25JUL24SDSTL-SD,20,80,378,yes
1753404051435,1753404051,KXMLBGAME-25JUL24SDSTL-SD,20,80,23,yes
1753404052149,1753404051,KXMLBGAME-25JUL24SDSTL-SD,20,80,118,yes
1753404057657,1753404057,KXMLBGAME-25JUL24TORDET-TOR,99,1,159,no
1753404059828,1753404059,KXMLBGAME-25JUL24ATHHOU-HOU,49,51,3,yes
1753404059828,1753404059,KXMLBGAME-25JUL24ATHHOU-HOU,50,50,7,yes
1753404074780,1753404074,KXMLBGAME-25JUL24ATHHOU-HOU,49,51,2,yes
1753404074780,1753404074,KXMLBGAME-25JUL24ATHHOU-HOU,50,50,392,yes
1753404074780,1753404074,KXMLBGAME-25JUL24ATHHOU-HOU,50,50,300,yes
1753404074780,1753404074,KXMLBGAME-25JUL24ATHHOU-HOU,50,50,78,yes
1753404074780,1753404074,KXMLBGAME-25JUL24ATHHOU-ATH,51,49,3,yes
1753404074780,1753404074,KXMLBGAME-25JUL24ATHHOU-ATH,51,49,2,yes
1753404074780,1753404074,KXMLBGAME-25JUL24ATHHOU-ATH,52,48,65,yes
1753404075757,1753404075,KXMLBGAME-25JUL24TORDET-TOR,99,1,164,no
1753404083170,1753404083,KXMLBGAME-25JUL24SDSTL-SD,20,80,4,yes
1753404084201,1753404084,KXMLBGAME-25JUL24TORDET-TOR,99,1,28,no
1753404092075,1753404092,KXMLBGAME-25JUL24SDSTL-STL,82,18,6,yes
1753404096338,1753404096,KXMLBGAME-25JUL24SDSTL-SD,20,80,94,yes
1753404097233,1753404097,KXMLBGAME-25JUL24SDSTL-SD,20,80,6,yes
1753404100379,1753404100,KXMLBGAME-25JUL24SEALAA-SEA,43,57,223,yes
1753404107253,1753404107,KXMLBGAME-25JUL24ATHHOU-ATH,53,47,7,yes
1753404107253,1753404107,KXMLBGAME-25JUL24ATHHOU-ATH,55,45,200,yes
1753404107253,1753404107,KXMLBGAME-25JUL24ATHHOU-ATH,55,45,56,yes
1753404111131,1753404110,KXMLBGAME-25JUL24ATHHOU-HOU,45,55,100,no
1753404111131,1753404110,KXMLBGAME-25JUL24ATHHOU-HOU,45,55,87,no
1753404111131,1753404110,KXMLBGAME-25JUL24ATHHOU-HOU,45,55,76,no
1753404114497,1753404114,KXMLBGAME-25JUL24SDSTL-SD,20,80,473,yes
1753404118454,1753404118,KXMLBGAME-25JUL24SDSTL-STL,80,20,500,no
1753404118454,1753404118,KXMLBGAME-25JUL24SDSTL-STL,79,21,2795,no
1753404121476,1753404121,KXMLBGAME-25JUL24SDSTL-SD,20,80,27,yes
1753404121476,1753404121,KXMLBGAME-25JUL24SDSTL-SD,21,79,5,yes
1753404124114,1753404124,KXMLBGAME-25JUL24TORDET-TOR,99,1,220,no
1753404124675,1753404124,KXMLBGAME-25JUL24ATHHOU-HOU,45,55,87,no
1753404124675,1753404124,KXMLBGAME-25JUL24ATHHOU-HOU,44,56,500,no
1753404124675,1753404124,KXMLBGAME-25JUL24ATHHOU-HOU,43,57,13,no
1753404125096,1753404125,KXMLBGAME-25JUL24ATHHOU-HOU,46,54,300,yes
1753404125096,1753404125,KXMLBGAME-25JUL24ATHHOU-HOU,47,53,13,yes
1753404128975,1753404128,KXMLBGAME-25JUL24ATHHOU-ATH,56,44,86,yes
1753404131304,1753404131,KXMLBGAME-25JUL24SDSTL-SD,21,79,442,yes
1753404133475,1753404133,KXMLBGAME-25JUL24SDSTL-SD,20,80,300,no
1753404135196,1753404135,KXMLBGAME-25JUL24ATHHOU-ATH,56,44,114,yes
1753404135196,1753404135,KXMLBGAME-25JUL24ATHHOU-ATH,56,44,300,yes
1753404135196,1753404135,KXMLBGAME-25JUL24ATHHOU-ATH,56,44,500,yes
1753404135196,1753404135,KXMLBGAME-25JUL24ATHHOU-ATH,56,44,87,yes
1753404135196,1753404135,KXMLBGAME-25JUL24ATHHOU-ATH,56,44,211,yes
1753404137623,1753404137,KXMLBGAME-25JUL24SDSTL-SD,22,78,60,yes
1753404137624,1753404137,KXMLBGAME-25JUL24SDSTL-SD,22,78,803,yes
1753404140097,1753404140,KXMLBGAME-25JUL24SDSTL-SD,21,79,400,yes
1753404141851,1753404141,KXMLBGAME-25JUL24SDSTL-SD,20,80,77,no
1753404155875,1753404155,KXMLBGAME-25JUL24ATHHOU-HOU,47,53,187,yes
1753404155875,1753404155,KXMLBGAME-25JUL24ATHHOU-HOU,47,53,56,yes
1753404155875,1753404155,KXMLBGAME-25JUL24ATHHOU-HOU,47,53,86,yes
1753404155875,1753404155,KXMLBGAME-25JUL24ATHHOU-HOU,47,53,67,yes
1753404155875,1753404155,KXMLBGAME-25JUL24ATHHOU-HOU,47,53,114,yes
1753404155875,1753404155,KXMLBGAME-25JUL24ATHHOU-HOU,47,53,300,yes
1753404156713,1753404156,KXMLBGAME-25JUL24SDSTL-SD,21,79,90,yes
1753404157275,1753404157,KXMLBGAME-25JUL24SDSTL-SD,21,79,45,yes
1753404157354,1753404157,KXMLBGAME-25JUL24SDSTL-SD,21,79,338,yes
1753404160958,1753404160,KXMLBGAME-25JUL24ATHHOU-ATH,54,46,35,yes
1753404163154,1753404163,KXMLBGAME-25JUL24TORDET-DET,1,99,93,yes
1753404165037,1753404164,KXMLBGAME-25JUL24SDSTL-SD,21,79,27,yes
1753404165037,1753404164,KXMLBGAME-25JUL24SDSTL-SD,22,78,12,yes
1753404166482,1753404166,KXMLBGAME-25JUL24ATHHOU-ATH,54,46,265,yes
1753404166482,1753404166,KXMLBGAME-25JUL24ATHHOU-ATH,54,46,282,yes
1753404168374,1753404168,KXMLBGAME-25JUL24SDSTL-SD,22,78,172,yes
1753404169754,1753404169,KXMLBGAME-25JUL24SDSTL-SD,22,78,87,yes
1753404170895,1753404170,KXMLBGAME-25JUL24ATHHOU-HOU,48,52,15,yes
1753404171453,1753404171,KXMLBGAME-25JUL24SDSTL-SD,20,80,37,no
1753404171594,1753404171,KXMLBGAME-25JUL24ATHHOU-HOU,48,52,10,yes
1753404174135,1753404174,KXMLBGAME-25JUL24SDSTL-SD,22,78,4,yes
1753404174475,1753404174,KXMLBGAME-25JUL24ATHHOU-HOU,48,52,25,yes
1753404174475,1753404174,KXMLBGAME-25JUL24ATHHOU-HOU,48,52,11,yes
1753404174475,1753404174,KXMLBGAME-25JUL24ATHHOU-HOU,48,52,8,yes
1753404180047,1753404179,KXMLBGAME-25JUL24SDSTL-SD,22,78,4,yes
1753404183017,1753404182,KXMLBGAME-25JUL24ATHHOU-HOU,49,51,33,yes
1753404183017,1753404182,KXMLBGAME-25JUL24ATHHOU-HOU,49,51,16,yes
1753404191339,1753404191,KXMLBGAME-25JUL24ATHHOU-HOU,49,51,100,yes
1753404195196,1753404195,KXMLBGAME-25JUL24ATHHOU-ATH,55,45,88,yes
1753404196554,1753404196,KXMLBGAME-25JUL24SDSTL-SD,22,78,31,yes
1753404198139,1753404198,KXMLBGAME-25JUL24TORDET-TOR,99,1,20,no
1753404198533,1753404198,KXMLBGAME-25JUL24SDSTL-SD,22,78,10,yes
1753404201141,1753404201,KXMLBGAME-25JUL24ATHHOU-HOU,49,51,197,yes
1753404207286,1753404207,KXMLBGAME-25JUL24ATHHOU-HOU,49,51,14,yes
1753404210050,1753404209,KXMLBGAME-25JUL24SEALAA-SEA,43,57,303,yes
1753404218375,1753404218,KXMLBGAME-25JUL24SDSTL-SD,22,78,4,yes
1753404219075,1753404219,KXMLBGAME-25JUL24ATHHOU-HOU,49,51,39,yes
1753404226173,1753404226,KXMLBGAME-25JUL24SDSTL-SD,22,78,4,yes
1753404228573,1753404228,KXMLBGAME-25JUL24ATHHOU-HOU,49,51,9,yes
1753404228858,1753404228,KXMLBGAME-25JUL24SDSTL-SD,22,78,10,yes
1753404228916,1753404228,KXMLBGAME-25JUL24ATHHOU-ATH,55,45,26,yes
1753404230453,1753404230,KXMLBGAME-25JUL24SDSTL-SD,22,78,85,yes
1753404230797,1753404230,KXMLBGAME-25JUL24ATHHOU-HOU,49,51,20,yes
1753404231856,1753404231,KXMLBGAME-25JUL24SDSTL-SD,22,78,401,yes
1753404231856,1753404231,KXMLBGAME-25JUL24SDSTL-SD,23,77,713,yes
1753404233556,1753404233,KXMLBGAME-25JUL24ATHHOU-HOU,49,51,49,yes
1753404233756,1753404233,KXMLBGAME-25JUL24ATHHOU-ATH,55,45,25,yes
1753404235138,1753404235,KXMLBGAME-25JUL24ATHHOU-HOU,49,51,15,yes
1753404239073,1753404238,KXMLBGAME-25JUL24SDSTL-SD,23,77,206,yes
1753404241015,1753404240,KXMLBGAME-25JUL24SDSTL-SD,23,77,10,yes
1753404242395,1753404242,KXMLBGAME-25JUL24SDSTL-SD,23,77,35,yes
1753404242396,1753404242,KXMLBGAME-25JUL24SDSTL-SD,23,77,171,yes
1753404243330,1753404243,KXMLBGAME-25JUL24SEALAA-SEA,43,57,292,yes
1753404243330,1753404243,KXMLBGAME-25JUL24SEALAA-SEA,44,56,42,yes
1753404244914,1753404244,KXMLBGAME-25JUL24ATHHOU-HOU,48,52,29,no
1753404244914,1753404244,KXMLBGAME-25JUL24ATHHOU-HOU,48,52,198,no
1753404246454,1753404246,KXMLBGAME-25JUL24ATHHOU-ATH,55,45,161,yes
1753404246454,1753404246,KXMLBGAME-25JUL24ATHHOU-ATH,56,44,49,yes
1753404250495,1753404250,KXMLBGAME-25JUL24SDSTL-SD,22,78,129,yes
1753404254135,1753404254,KXMLBGAME-25JUL24SDSTL-SD,22,78,215,yes
1753404255757,1753404255,KXMLBGAME-25JUL24SDSTL-SD,22,78,21,yes
1753404258955,1753404258,KXMLBGAME-25JUL24ATHHOU-HOU,49,51,38,yes
1753404259016,1753404258,KXMLBGAME-25JUL24SDSTL-SD,22,78,5,yes
1753404266474,1753404266,KXMLBGAME-25JUL24ATHHOU-ATH,56,44,17,yes
1753404266734,1753404266,KXMLBGAME-25JUL24ATHHOU-HOU,49,51,29,yes
1753404270755,1753404270,KXMLBGAME-25JUL24ATHHOU-ATH,56,44,14,yes
1753404272875,1753404272,KXMLBGAME-25JUL24SDSTL-STL,79,21,25,yes
1753404277560,1753404277,KXMLBGAME-25JUL24SEALAA-SEA,44,56,2,yes
1753404277561,1753404277,KXMLBGAME-25JUL24SEALAA-SEA,44,56,298,yes
1753404278115,1753404277,KXMLBGAME-25JUL24SEALAA-LAA,57,43,980,yes
1753404278115,1753404277,KXMLBGAME-25JUL24SEALAA-LAA,58,42,4216,yes
1753404278115,1753404277,KXMLBGAME-25JUL24SEALAA-LAA,58,42,2558,yes
1753404278115,1753404277,KXMLBGAME-25JUL24SEALAA-LAA,58,42,87,yes
1753404278115,1753404277,KXMLBGAME-25JUL24SEALAA-LAA,58,42,3000,yes
1753404278115,1753404277,KXMLBGAME-25JUL24SEALAA-LAA,58,42,2000,yes
1753404278115,1753404277,KXMLBGAME-25JUL24SEALAA-LAA,58,42,3006,yes
1753404278115,1753404277,KXMLBGAME-25JUL24SEALAA-LAA,58,42,3,yes
1753404278116,1753404277,KXMLBGAME-25JUL24SEALAA-LAA,58,42,6006,yes
1753404282296,1753404282,KXMLBGAME-25JUL24ATHHOU-HOU,49,51,31,yes
1753404282937,1753404282,KXMLBGAME-25JUL24SDSTL-SD,23,77,20,yes
1753404284559,1753404284,KXMLBGAME-25JUL24ATHHOU-HOU,49,51,25,yes
1753404285256,1753404285,KXMLBGAME-25JUL24SDSTL-SD,23,77,109,yes
1753404285256,1753404285,KXMLBGAME-25JUL24SDSTL-SD,23,77,7,yes
1753404285256,1753404285,KXMLBGAME-25JUL24SDSTL-SD,23,77,26,yes
1753404285256,1753404285,KXMLBGAME-25JUL24SDSTL-SD,23,77,108,yes
1753404285276,1753404285,KXMLBGAME-25JUL24SDSTL-SD,23,77,392,yes
1753404285276,1753404285,KXMLBGAME-25JUL24SDSTL-SD,23,77,9,yes
1753404288434,1753404288,KXMLBGAME-25JUL24SDSTL-SD,23,77,412,yes
1753404293135,1753404293,KXMLBGAME-25JUL24SDSTL-STL,79,21,3,yes
1753404293520,1753404293,KXMLBGAME-25JUL24SDSTL-STL,79,21,3,yes
1753404294375,1753404294,KXMLBGAME-25JUL24SDSTL-SD,23,77,4,yes
1753404294977,1753404294,KXMLBGAME-25JUL24ATHHOU-HOU,49,51,24,yes
1753404294977,1753404294,KXMLBGAME-25JUL24ATHHOU-HOU,49,51,67,yes
1753404299791,1753404299,KXMLBGAME-25JUL24SDSTL-STL,79,21,297,yes
1753404299791,1753404299,KXMLBGAME-25JUL24SDSTL-STL,79,21,104,yes
1753404299791,1753404299,KXMLBGAME-25JUL24SDSTL-STL,80,20,37,yes
1753404300156,1753404300,KXMLBGAME-25JUL24SDSTL-SD,23,77,41,yes
1753404305154,1753404305,KXMLBGAME-25JUL24SDSTL-STL,80,20,295,yes
1753404307214,1753404307,KXMLBGAME-25JUL24SDSTL-SD,23,77,34,yes
1753404307214,1753404307,KXMLBGAME-25JUL24SDSTL-SD,23,77,172,yes
1753404307294,1753404307,KXMLBGAME-25JUL24ATHHOU-HOU,48,52,10,yes
1753404308034,1753404307,KXMLBGAME-25JUL24SDSTL-SD,23,77,412,yes
1753404310980,1753404310,KXMLBGAME-25JUL24SDSTL-SD,23,77,16,yes
1753404310980,1753404310,KXMLBGAME-25JUL24SDSTL-SD,23,77,186,yes
1753404311294,1753404311,KXMLBGAME-25JUL24ATHHOU-HOU,48,52,290,yes
1753404311294,1753404311,KXMLBGAME-25JUL24ATHHOU-HOU,48,52,31,yes
1753404315558,1753404315,KXMLBGAME-25JUL24SDSTL-SD,23,77,314,yes
1753404315558,1753404315,KXMLBGAME-25JUL24SDSTL-SD,23,77,300,yes
1753404315558,1753404315,KXMLBGAME-25JUL24SDSTL-SD,23,77,211,yes
1753404315559,1753404315,KXMLBGAME-25JUL24ATHHOU-ATH,52,48,7,no
1753404319515,1753404319,KXMLBGAME-25JUL24ATHHOU-ATH,49,51,8,no
1753404322815,1753404322,KXMLBGAME-25JUL24SEALAA-SEA,44,56,328,yes
1753404327438,1753404327,KXMLBGAME-25JUL24SDSTL-SD,23,77,202,yes
1753404327514,1753404327,KXMLBGAME-25JUL24SDSTL-SD,23,77,82,yes
1753404340075,1753404340,KXMLBGAME-25JUL24SEALAA-LAA,58,42,83,yes
1753404342045,1753404341,KXMLBGAME-25JUL24SDSTL-SD,23,77,4,yes
1753404343977,1753404343,KXMLBGAME-25JUL24SDSTL-SD,23,77,8,yes
1753404349015,1753404348,KXMLBGAME-25JUL24ATHHOU-HOU,50,50,21,yes
1753404352939,1753404352,KXMLBGAME-25JUL24SDSTL-SD,22,78,6,no
1753404363344,1753404363,KXMLBGAME-25JUL24ATHHOU-ATH,52,48,300,yes
1753404363344,1753404363,KXMLBGAME-25JUL24ATHHOU-ATH,52,48,200,yes
1753404363344,1753404363,KXMLBGAME-25JUL24ATHHOU-ATH,53,47,87,yes
1753404363344,1753404363,KXMLBGAME-25JUL24ATHHOU-ATH,53,47,200,yes
1753404363344,1753404363,KXMLBGAME-25JUL24ATHHOU-ATH,53,47,300,yes
1753404363344,1753404363,KXMLBGAME-25JUL24ATHHOU-ATH,54,46,7,yes
1753404363344,1753404363,KXMLBGAME-25JUL24ATHHOU-ATH,54,46,506,yes
1753404368556,1753404368,KXMLBGAME-25JUL24ATHHOU-HOU,52,48,37,yes
1753404368556,1753404368,KXMLBGAME-25JUL24ATHHOU-HOU,55,45,34,yes
1753404370914,1753404370,KXMLBGAME-25JUL24SDSTL-SD,23,77,165,yes
1753404377815,1753404377,KXMLBGAME-25JUL24ATHHOU-HOU,48,52,750,yes
1753404377815,1753404377,KXMLBGAME-25JUL24ATHHOU-HOU,48,52,286,yes
1753404377815,1753404377,KXMLBGAME-25JUL24ATHHOU-HOU,48,52,28,yes
1753404377815,1753404377,KXMLBGAME-25JUL24ATHHOU-HOU,48,52,286,yes
1753404379195,1753404379,KXMLBGAME-25JUL24SDSTL-SD,23,77,61,yes
1753404380957,1753404380,KXMLBGAME-25JUL24ATHHOU-HOU,48,52,6,yes
1753404384935,1753404384,KXMLBGAME-25JUL24SDSTL-SD,23,77,20,yes
1753404391094,1753404390,KXMLBGAME-25JUL24ATHHOU-HOU,48,52,12,yes
1753404401337,1753404401,KXMLBGAME-25JUL24SDSTL-SD,23,77,480,yes
1753404401337,1753404401,KXMLBGAME-25JUL24SDSTL-SD,23,77,300,yes
1753404401337,1753404401,KXMLBGAME-25JUL24SDSTL-SD,24,76,2000,yes
1753404401337,1753404401,KXMLBGAME-25JUL24SDSTL-SD,24,76,600,yes
1753404401337,1753404401,KXMLBGAME-25JUL24SDSTL-SD,24,76,200,yes
1753404401337,1753404401,KXMLBGAME-25JUL24SDSTL-SD,24,76,300,yes
1753404401337,1753404401,KXMLBGAME-25JUL24SDSTL-SD,24,76,600,yes
1753404401337,1753404401,KXMLBGAME-25JUL24SDSTL-SD,24,76,500,yes
1753404401337,1753404401,KXMLBGAME-25JUL24SDSTL-SD,25,75,200,yes
1753404401337,1753404401,KXMLBGAME-25JUL24SDSTL-SD,25,75,300,yes
1753404401337,1753404401,KXMLBGAME-25JUL24SDSTL-SD,25,75,447,yes
1753404403715,1753404403,KXMLBGAME-25JUL24ATHHOU-HOU,48,52,2,yes
1753404406355,1753404406,KXMLBGAME-25JUL24SDSTL-STL,78,22,47,yes
1753404406555,1753404406,KXMLBGAME-25JUL24SDSTL-STL,78,22,400,yes
1753404406555,1753404406,KXMLBGAME-25JUL24SDSTL-STL,78,22,231,yes
1753404412578,1753404412,KXMLBGAME-25JUL24SDSTL-SD,23,77,300,yes
1753404412578,1753404412,KXMLBGAME-25JUL24SDSTL-SD,24,76,108,yes
1753404418616,1753404418,KXMLBGAME-25JUL24ATHHOU-HOU,50,50,16,yes
1753404418616,1753404418,KXMLBGAME-25JUL24ATHHOU-HOU,51,49,3,yes
1753404423453,1753404423,KXMLBGAME-25JUL24SDSTL-SD,23,77,4,yes
1753404425086,1753404424,KXMLBGAME-25JUL24TORDET-TOR,99,1,20,no
1753404425336,1753404425,KXMLBGAME-25JUL24SDSTL-STL,78,22,50,yes
1753404425693,1753404425,KXMLBGAME-25JUL24ATHHOU-HOU,47,53,75,no
1753404425756,1753404425,KXMLBGAME-25JUL24ATHHOU-HOU,46,54,77,no
1753404425756,1753404425,KXMLBGAME-25JUL24ATHHOU-HOU,46,54,37,no
1753404425756,1753404425,KXMLBGAME-25JUL24ATHHOU-HOU,46,54,63,no
1753404425756,1753404425,KXMLBGAME-25JUL24ATHHOU-HOU,46,54,237,no
1753404431017,1753404430,KXMLBGAME-25JUL24ATHHOU-ATH,59,41,24,yes
1753404431017,1753404430,KXMLBGAME-25JUL24ATHHOU-ATH,59,41,1,yes
1753404440453,1753404440,KXMLBGAME-25JUL24SDSTL-SD,23,77,53,yes
1753404441062,1753404440,KXMLBGAME-25JUL24SDSTL-SD,23,77,4,yes
1753404444957,1753404444,KXMLBGAME-25JUL24SDSTL-STL,78,22,2,yes
1753404445977,1753404445,KXMLBGAME-25JUL24TORDET-TOR,99,1,1298,no
1753404447927,1753404447,KXMLBGAME-25JUL24TORDET-TOR,99,1,140,no
1753404453475,1753404453,KXMLBGAME-25JUL24ATHHOU-HOU,41,59,12,yes
1753404453475,1753404453,KXMLBGAME-25JUL24ATHHOU-HOU,42,58,11,yes
1753404457143,1753404456,KXMLBGAME-25JUL24SEALAA-SEA,43,57,283,yes
1753404457143,1753404456,KXMLBGAME-25JUL24SEALAA-SEA,43,57,41,yes
1753404457155,1753404457,KXMLBGAME-25JUL24SDSTL-SD,23,77,103,yes
1753404458066,1753404457,KXMLBGAME-25JUL24ATHHOU-ATH,60,40,75,yes
1753404458066,1753404457,KXMLBGAME-25JUL24ATHHOU-ATH,62,38,200,yes
1753404458066,1753404457,KXMLBGAME-25JUL24ATHHOU-ATH,62,38,300,yes
1753404458066,1753404457,KXMLBGAME-25JUL24ATHHOU-ATH,62,38,500,yes
1753404458066,1753404457,KXMLBGAME-25JUL24ATHHOU-ATH,62,38,300,yes
1753404458066,1753404457,KXMLBGAME-25JUL24ATHHOU-ATH,63,37,87,yes
1753404458066,1753404457,KXMLBGAME-25JUL24ATHHOU-ATH,63,37,109,yes
1753404472394,1753404472,KXMLBGAME-25JUL24ATHHOU-HOU,40,60,24,yes
1753404476776,1753404476,KXMLBGAME-25JUL24SDSTL-SD,23,77,10,yes
1753404477773,1753404477,KXMLBGAME-25JUL24ATHHOU-ATH,62,38,23,yes
1753404483152,1753404483,KXMLBGAME-25JUL24SDSTL-SD,23,77,49,yes
1753404484595,1753404484,KXMLBGAME-25JUL24SDSTL-SD,22,78,19,no
1753404484595,1753404484,KXMLBGAME-25JUL24SDSTL-SD,22,78,91,no
1753404492435,1753404492,KXMLBGAME-25JUL24SDSTL-STL,78,22,12,yes
1753404494294,1753404494,KXMLBGAME-25JUL24SDSTL-STL,78,22,71,yes
1753404494456,1753404494,KXMLBGAME-25JUL24SDSTL-SD,23,77,500,yes
1753404494456,1753404494,KXMLBGAME-25JUL24SDSTL-SD,23,77,275,yes
1753404494456,1753404494,KXMLBGAME-25JUL24SDSTL-SD,24,76,192,yes
1753404494456,1753404494,KXMLBGAME-25JUL24SDSTL-SD,24,76,200,yes
1753404494456,1753404494,KXMLBGAME-25JUL24SDSTL-SD,24,76,300,yes
1753404494456,1753404494,KXMLBGAME-25JUL24SDSTL-SD,24,76,500,yes
1753404494456,1753404494,KXMLBGAME-25JUL24SDSTL-SD,25,75,303,yes
1753404494456,1753404494,KXMLBGAME-25JUL24SDSTL-SD,25,75,25,yes
1753404494456,1753404494,KXMLBGAME-25JUL24SDSTL-SD,25,75,200,yes
1753404494456,1753404494,KXMLBGAME-25JUL24SDSTL-SD,25,75,300,yes
1753404494456,1753404494,KXMLBGAME-25JUL24SDSTL-SD,25,75,600,yes
1753404494456,1753404494,KXMLBGAME-25JUL24SDSTL-SD,25,75,12,yes
1753404494456,1753404494,KXMLBGAME-25JUL24SDSTL-SD,25,75,100,yes
1753404494456,1753404494,KXMLBGAME-25JUL24SDSTL-SD,25,75,2000,yes
1753404494456,1753404494,KXMLBGAME-25JUL24SDSTL-SD,31,69,521,yes
1753404499493,1753404499,KXMLBGAME-25JUL24SEALAA-LAA,57,43,69,yes
1753404501381,1753404501,KXMLBGAME-25JUL24ATHHOU-HOU,47,53,102,yes
1753404504494,1753404504,KXMLBGAME-25JUL24ATHHOU-ATH,54,46,155,yes
1753404505875,1753404505,KXMLBGAME-25JUL24SEALAA-SEA,43,57,6,yes
1753404507475,1753404507,KXMLBGAME-25JUL24ATHHOU-ATH,54,46,7,yes
1753404512850,1753404512,KXMLBGAME-25JUL24ATHHOU-ATH,54,46,90,yes
1753404514756,1753404514,KXMLBGAME-25JUL24SDSTL-SD,23,77,206,yes
1753404516315,1753404516,KXMLBGAME-25JUL24SEALAA-LAA,56,44,167,no
1753404525778,1753404525,KXMLBGAME-25JUL24SDSTL-SD,22,78,3,no
1753404526375,1753404526,KXMLBGAME-25JUL24SDSTL-SD,23,77,14,yes
1753404526774,1753404526,KXMLBGAME-25JUL24ATHHOU-ATH,52,48,7,no
1753404527413,1753404527,KXMLBGAME-25JUL24SDSTL-STL,77,23,25,yes
1753404531755,1753404531,KXMLBGAME-25JUL24SEALAA-SEA,43,57,18,yes
1753404531755,1753404531,KXMLBGAME-25JUL24SEALAA-SEA,44,56,152,yes
1753404533635,1753404533,KXMLBGAME-25JUL24SDSTL-SD,22,78,8,no
1753404540495,1753404540,KXMLBGAME-25JUL24SDSTL-SD,23,77,500,yes
1753404540495,1753404540,KXMLBGAME-25JUL24SDSTL-SD,23,77,600,yes
1753404540495,1753404540,KXMLBGAME-25JUL24SDSTL-SD,24,76,300,yes
1753404540495,1753404540,KXMLBGAME-25JUL24SDSTL-SD,24,76,2601,yes
1753404542474,1753404542,KXMLBGAME-25JUL24SDSTL-SD,22,78,45,no
1753404544491,1753404544,KXMLBGAME-25JUL24ATHHOU-HOU,53,47,207,yes
1753404544491,1753404544,KXMLBGAME-25JUL24ATHHOU-HOU,53,47,300,yes
1753404544491,1753404544,KXMLBGAME-25JUL24ATHHOU-HOU,54,46,499,yes
1753404549498,1753404549,KXMLBGAME-25JUL24ATHHOU-ATH,49,51,271,yes
1753404550835,1753404550,KXMLBGAME-25JUL24ATHHOU-HOU,54,46,1,yes
1753404550835,1753404550,KXMLBGAME-25JUL24ATHHOU-HOU,55,45,25,yes
1753404550935,1753404550,KXMLBGAME-25JUL24TORDET-TOR,99,1,43,no
1753404551953,1753404551,KXMLBGAME-25JUL24SDSTL-SD,24,76,3,yes
1753404553454,1753404553,KXMLBGAME-25JUL24ATHHOU-ATH,49,51,18,yes
1753404554834,1753404554,KXMLBGAME-25JUL24SEALAA-SEA,44,56,21,yes
1753404557137,1753404557,KXMLBGAME-25JUL24TORDET-TOR,99,1,877,no
1753404557765,1753404557,KXMLBGAME-25JUL24ATHHOU-HOU,54,46,17,yes
1753404560466,1753404560,KXMLBGAME-25JUL24ATHHOU-ATH,47,53,25,yes
1753404563394,1753404563,KXMLBGAME-25JUL24SDSTL-STL,78,22,6,yes
1753404567935,1753404567,KXMLBGAME-25JUL24SDSTL-STL,78,22,25,yes
1753404568215,1753404568,KXMLBGAME-25JUL24ATHHOU-HOU,53,47,2,no
1753404569557,1753404569,KXMLBGAME-25JUL24ATHHOU-ATH,47,53,275,yes
1753404571422,1753404571,KXMLBGAME-25JUL24SDSTL-SD,23,77,61,yes
1753404571713,1753404571,KXMLBGAME-25JUL24ATHHOU-HOU,54,46,15,yes
1753404572696,1753404572,KXMLBGAME-25JUL24SDSTL-STL,78,22,300,yes
1753404572696,1753404572,KXMLBGAME-25JUL24SDSTL-STL,78,22,87,yes
1753404572776,1753404572,KXMLBGAME-25JUL24ATHHOU-ATH,47,53,300,yes
1753404572776,1753404572,KXMLBGAME-25JUL24ATHHOU-ATH,48,52,87,yes
1753404572776,1753404572,KXMLBGAME-25JUL24ATHHOU-ATH,48,52,57,yes
1753404572776,1753404572,KXMLBGAME-25JUL24SDSTL-STL,78,22,87,yes
1753404574513,1753404574,KXMLBGAME-25JUL24SDSTL-SD,22,78,103,no
1753404582693,1753404582,KXMLBGAME-25JUL24ATHHOU-HOU,52,48,20,yes
1753404582693,1753404582,KXMLBGAME-25JUL24ATHHOU-HOU,53,47,300,yes
1753404582693,1753404582,KXMLBGAME-25JUL24ATHHOU-HOU,54,46,150,yes
1753404583211,1753404583,KXMLBGAME-25JUL24ATHHOU-ATH,47,53,1536,no
1753404584478,1753404584,KXMLBGAME-25JUL24SDSTL-SD,21,79,13,yes
1753404587436,1753404587,KXMLBGAME-25JUL24ATHHOU-HOU,53,47,18,yes
1753404588314,1753404588,KXMLBGAME-25JUL24SDSTL-SD,21,79,300,yes
1753404589175,1753404589,KXMLBGAME-25JUL24SDSTL-SD,21,79,19,yes
1753404593454,1753404593,KXMLBGAME-25JUL24ATHHOU-HOU,53,47,100,yes
1753404594477,1753404594,KXMLBGAME-25JUL24SDSTL-SD,21,79,22,yes
1753404595615,1753404595,KXMLBGAME-25JUL24ATHHOU-ATH,49,51,87,yes
1753404595615,1753404595,KXMLBGAME-25JUL24ATHHOU-ATH,50,50,300,yes
1753404595615,1753404595,KXMLBGAME-25JUL24ATHHOU-ATH,51,49,95,yes
1753404599731,1753404599,KXMLBGAME-25JUL24SDSTL-STL,80,20,1,yes
1753404605419,1753404605,KXMLBGAME-25JUL24SEALAA-SEA,44,56,200,yes
1753404619575,1753404619,KXMLBGAME-25JUL24SDSTL-SD,22,78,21,yes
1753404624514,1753404624,KXMLBGAME-25JUL24SEALAA-LAA,57,43,170,yes
1753404628675,1753404628,KXMLBGAME-25JUL24SDSTL-SD,21,79,225,yes
1753404635212,1753404635,KXMLBGAME-25JUL24SEALAA-SEA,44,56,21,yes
1753404643294,1753404643,KXMLBGAME-25JUL24SDSTL-SD,21,79,45,yes
1753404643817,1753404643,KXMLBGAME-25JUL24SDSTL-SD,20,80,110,no
1753404652958,1753404652,KXMLBGAME-25JUL24SEALAA-SEA,42,58,49,no
1753404653957,1753404653,KXMLBGAME-25JUL24SDSTL-STL,80,20,123,yes
1753404673004,1753404672,KXMLBGAME-25JUL24SEALAA-LAA,57,43,34,yes
1753404674944,1753404674,KXMLBGAME-25JUL24SDSTL-SD,25,75,10,yes
1753404674944,1753404674,KXMLBGAME-25JUL24SDSTL-SD,25,75,325,yes
1753404677167,1753404677,KXMLBGAME-25JUL24SDSTL-SD,25,75,15,yes
1753404681256,1753404681,KXMLBGAME-25JUL24ATHHOU-ATH,50,50,396,yes
1753404686255,1753404686,KXMLBGAME-25JUL24SDSTL-STL,76,24,102,yes
1753404686376,1753404686,KXMLBGAME-25JUL24TORDET-TOR,99,1,160,no
1753404686615,1753404686,KXMLBGAME-25JUL24TORDET-TOR,99,1,205,no
1753404688376,1753404688,KXMLBGAME-25JUL24SDSTL-SD,25,75,38,yes
1753404689739,1753404689,KXMLBGAME-25JUL24ATHHOU-ATH,49,51,39,yes
1753404693156,1753404693,KXMLBGAME-25JUL24SDSTL-SD,25,75,25,yes
1753404693156,1753404693,KXMLBGAME-25JUL24SDSTL-SD,26,74,12,yes
1753404706355,1753404706,KXMLBGAME-25JUL24SDSTL-SD,25,75,5,yes
1753404708332,1753404708,KXMLBGAME-25JUL24ATHHOU-HOU,51,49,189,yes
1753404710754,1753404710,KXMLBGAME-25JUL24ATHHOU-HOU,51,49,47,yes
1753404718099,1753404717,KXMLBGAME-25JUL24SEALAA-SEA,43,57,22,yes
1753404724204,1753404724,KXMLBGAME-25JUL24SDSTL-SD,24,76,3,yes
1753404731755,1753404731,KXMLBGAME-25JUL24SDSTL-STL,76,24,119,yes
1753404731755,1753404731,KXMLBGAME-25JUL24SDSTL-STL,76,24,833,yes
1753404732767,1753404732,KXMLBGAME-25JUL24SDSTL-SD,26,74,3,yes
1753404733113,1753404733,KXMLBGAME-25JUL24SDSTL-SD,26,74,73,yes
1753404735072,1753404734,KXMLBGAME-25JUL24SEALAA-SEA,43,57,17,yes
1753404742216,1753404742,KXMLBGAME-25JUL24SDSTL-SD,24,76,150,yes
1753404750237,1753404750,KXMLBGAME-25JUL24ATHHOU-HOU,51,49,95,yes
1753404750237,1753404750,KXMLBGAME-25JUL24ATHHOU-HOU,52,48,300,yes
1753404750237,1753404750,KXMLBGAME-25JUL24ATHHOU-HOU,52,48,68,yes
1753404750237,1753404750,KXMLBGAME-25JUL24ATHHOU-HOU,53,47,84,yes
1753404760015,1753404759,KXMLBGAME-25JUL24SDSTL-STL,75,25,25,no
1753404761037,1753404760,KXMLBGAME-25JUL24SDSTL-STL,71,29,300,no
1753404761037,1753404760,KXMLBGAME-25JUL24SDSTL-STL,71,29,600,no
1753404761134,1753404760,KXMLBGAME-25JUL24SDSTL-SD,29,71,2000,yes
1753404766454,1753404766,KXMLBGAME-25JUL24ATHHOU-HOU,51,49,20,yes
1753404766754,1753404766,KXMLBGAME-25JUL24ATHHOU-ATH,52,48,63,yes
1753404774277,1753404774,KXMLBGAME-25JUL24ATHHOU-ATH,52,48,9,yes
1753404781139,1753404780,KXMLBGAME-25JUL24ATHHOU-HOU,50,50,289,yes
1753404781855,1753404781,KXMLBGAME-25JUL24SEALAA-SEA,44,56,22,yes
1753404782058,1753404782,KXMLBGAME-25JUL24SDSTL-STL,80,20,36,yes
1753404782717,1753404782,KXMLBGAME-25JUL24TORDET-TOR,99,1,616,no
1753404786135,1753404786,KXMLBGAME-25JUL24ATHHOU-HOU,51,49,51,yes
1753404786135,1753404786,KXMLBGAME-25JUL24ATHHOU-HOU,51,49,138,yes
1753404787597,1753404787,KXMLBGAME-25JUL24SDSTL-STL,80,20,1,yes
1753404793615,1753404793,KXMLBGAME-25JUL24TORDET-TOR,99,1,30,no
1753404796976,1753404796,KXMLBGAME-25JUL24SDSTL-SD,36,64,71,yes
1753404796976,1753404796,KXMLBGAME-25JUL24SDSTL-SD,36,64,9,yes
1753404796976,1753404796,KXMLBGAME-25JUL24SDSTL-SD,37,63,690,yes
1753404796976,1753404796,KXMLBGAME-25JUL24SDSTL-SD,44,56,20,yes
1753404796976,1753404796,KXMLBGAME-25JUL24SDSTL-SD,48,52,300,yes
1753404796976,1753404796,KXMLBGAME-25JUL24SDSTL-SD,55,45,20,yes
1753404796976,1753404796,KXMLBGAME-25JUL24SDSTL-SD,59,41,55,yes
1753404801060,1753404800,KXMLBGAME-25JUL24ATHHOU-HOU,49,51,100,no
1753404803555,1753404803,KXMLBGAME-25JUL24SDSTL-SD,30,70,3,yes
1753404804657,1753404804,KXMLBGAME-25JUL24SDSTL-SD,30,70,181,yes
1753404805914,1753404805,KXMLBGAME-25JUL24SDSTL-STL,72,28,27,yes
1753404807393,1753404807,KXMLBGAME-25JUL24ATHHOU-ATH,53,47,7,yes
1753404816036,1753404815,KXMLBGAME-25JUL24ATHHOU-HOU,47,53,19,yes
1753404818254,1753404818,KXMLBGAME-25JUL24SEALAA-LAA,57,43,25,yes
1753404820214,1753404820,KXMLBGAME-25JUL24SDSTL-SD,27,73,10,no
1753404821218,1753404821,KXMLBGAME-25JUL24ATHHOU-HOU,48,52,150,yes
1753404821274,1753404821,KXMLBGAME-25JUL24SDSTL-SD,30,70,3,yes
1753404821373,1753404821,KXMLBGAME-25JUL24ATHHOU-HOU,46,54,500,no
1753404821374,1753404821,KXMLBGAME-25JUL24ATHHOU-HOU,45,55,87,no
1753404821374,1753404821,KXMLBGAME-25JUL24ATHHOU-HOU,45,55,300,no
1753404821375,1753404821,KXMLBGAME-25JUL24ATHHOU-HOU,43,57,354,no
1753404826715,1753404826,KXMLBGAME-25JUL24SDSTL-SD,30,70,238,yes
1753404827876,1753404827,KXMLBGAME-25JUL24ATHHOU-ATH,54,46,107,yes
1753404830374,1753404830,KXMLBGAME-25JUL24SDSTL-SD,30,70,123,yes
1753404832681,1753404832,KXMLBGAME-25JUL24SDSTL-SD,30,70,127,yes
1753404839405,1753404839,KXMLBGAME-25JUL24ATHHOU-HOU,48,52,201,yes
1753404839716,1753404839,KXMLBGAME-25JUL24SDSTL-SD,31,69,3,yes
1753404846553,1753404846,KXMLBGAME-25JUL24ATHHOU-ATH,53,47,84,yes
1753404846554,1753404846,KXMLBGAME-25JUL24ATHHOU-ATH,54,46,455,yes
1753404847153,1753404847,KXMLBGAME-25JUL24ATHHOU-HOU,48,52,4,yes
1753404849092,1753404848,KXMLBGAME-25JUL24ATHHOU-ATH,54,46,17,yes
1753404851513,1753404851,KXMLBGAME-25JUL24ATHHOU-ATH,52,48,42,no
1753404858452,1753404858,KXMLBGAME-25JUL24SDSTL-SD,25,75,57,yes
1753404867555,1753404867,KXMLBGAME-25JUL24SEALAA-SEA,43,57,5,yes
1753404875157,1753404875,KXMLBGAME-25JUL24ATHHOU-HOU,48,52,10,yes
1753404875198,1753404875,KXMLBGAME-25JUL24SDSTL-SD,25,75,338,yes
1753404879444,1753404879,KXMLBGAME-25JUL24SDSTL-STL,77,23,39,yes
1753404879444,1753404879,KXMLBGAME-25JUL24ATHHOU-HOU,48,52,49,yes
1753404879444,1753404879,KXMLBGAME-25JUL24ATHHOU-HOU,48,52,3,yes
1753404879444,1753404879,KXMLBGAME-25JUL24ATHHOU-HOU,48,52,200,yes
1753404879444,1753404879,KXMLBGAME-25JUL24ATHHOU-HOU,48,52,49,yes
1753404880874,1753404880,KXMLBGAME-25JUL24SDSTL-SD,25,75,105,yes
1753404880874,1753404880,KXMLBGAME-25JUL24SDSTL-SD,25,75,1,yes
1753404881287,1753404881,KXMLBGAME-25JUL24ATHHOU-HOU,48,52,201,yes
1753404886497,1753404886,KXMLBGAME-25JUL24SDSTL-SD,25,75,3,yes
1753404887095,1753404887,KXMLBGAME-25JUL24ATHHOU-HOU,48,52,10,yes
1753404887454,1753404887,KXMLBGAME-25JUL24ATHHOU-HOU,48,52,40,yes
1753404887454,1753404887,KXMLBGAME-25JUL24ATHHOU-HOU,48,52,10,yes
1753404890755,1753404890,KXMLBGAME-25JUL24SDSTL-SD,24,76,10,yes
1753404890794,1753404890,KXMLBGAME-25JUL24SDSTL-SD,24,76,1,yes
1753404890935,1753404890,KXMLBGAME-25JUL24SDSTL-STL,76,24,33,no
1753404895775,1753404895,KXMLBGAME-25JUL24ATHHOU-HOU,48,52,9,yes
1753404896956,1753404896,KXMLBGAME-25JUL24ATHHOU-HOU,48,52,2,yes
1753404900821,1753404900,KXMLBGAME-25JUL24SDSTL-SD,24,76,79,yes
1753404900980,1753404900,KXMLBGAME-25JUL24ATHHOU-ATH,53,47,10,yes
1753404905720,1753404905,KXMLBGAME-25JUL24SDSTL-SD,24,76,201,yes
1753404906314,1753404906,KXMLBGAME-25JUL24SDSTL-STL,77,23,50,yes
1753404912616,1753404912,KXMLBGAME-25JUL24SEALAA-SEA,44,56,5,yes
1753404919482,1753404919,KXMLBGAME-25JUL24SDSTL-SD,24,76,3,yes
1753404921223,1753404921,KXMLBGAME-25JUL24ATHHOU-ATH,53,47,36,yes
1753404922675,1753404922,KXMLBGAME-25JUL24SEALAA-SEA,44,56,10,yes
1753404924194,1753404924,KXMLBGAME-25JUL24SDSTL-SD,24,76,39,yes
1753404933915,1753404933,KXMLBGAME-25JUL24SDSTL-STL,76,24,87,yes
1753404934596,1753404934,KXMLBGAME-25JUL24TORDET-TOR,99,1,29,no
1753404937336,1753404937,KXMLBGAME-25JUL24SDSTL-STL,77,23,300,yes
1753404937336,1753404937,KXMLBGAME-25JUL24SDSTL-STL,77,23,70,yes
1753404937414,1753404937,KXMLBGAME-25JUL24SDSTL-STL,78,22,2516,yes
1753404937414,1753404937,KXMLBGAME-25JUL24SDSTL-SD,23,77,70,no
1753404937494,1753404937,KXMLBGAME-25JUL24SDSTL-SD,25,75,38,yes
1753404937574,1753404937,KXMLBGAME-25JUL24SDSTL-SD,22,78,2516,no
1753404937575,1753404937,KXMLBGAME-25JUL24SDSTL-STL,77,23,35,yes
1753404937635,1753404937,KXMLBGAME-25JUL24SDSTL-SD,23,77,35,no
1753404943433,1753404943,KXMLBGAME-25JUL24SDSTL-SD,20,80,3,yes
1753404946517,1753404946,KXMLBGAME-25JUL24SDSTL-SD,19,81,24,yes
1753404952819,1753404952,KXMLBGAME-25JUL24TORDET-TOR,99,1,25,no
1753404955357,1753404955,KXMLBGAME-25JUL24SDSTL-SD,19,81,63,yes
1753404955357,1753404955,KXMLBGAME-25JUL24SDSTL-SD,19,81,24,yes
1753404955357,1753404955,KXMLBGAME-25JUL24SDSTL-SD,20,80,497,yes
1753404955357,1753404955,KXMLBGAME-25JUL24SDSTL-SD,20,80,367,yes
1753404957395,1753404957,KXMLBGAME-25JUL24SDSTL-SD,20,80,233,yes
1753404957395,1753404957,KXMLBGAME-25JUL24SDSTL-SD,20,80,150,yes
1753404958235,1753404958,KXMLBGAME-25JUL24ATHHOU-ATH,55,45,34,yes
1753404962136,1753404962,KXMLBGAME-25JUL24SDSTL-SD,20,80,23,yes
1753404963412,1753404963,KXMLBGAME-25JUL24ATHHOU-HOU,47,53,20,yes
1753404963555,1753404963,KXMLBGAME-25JUL24SDSTL-SD,20,80,18,yes
1753404964196,1753404964,KXMLBGAME-25JUL24SDSTL-SD,20,80,309,yes
1753404964196,1753404964,KXMLBGAME-25JUL24SDSTL-SD,20,80,164,yes
1753404965460,1753404965,KXMLBGAME-25JUL24SDSTL-SD,20,80,23,yes
1753404965717,1753404965,KXMLBGAME-25JUL24SDSTL-SD,20,80,43,yes
1753404966277,1753404966,KXMLBGAME-25JUL24SDSTL-SD,20,80,71,yes
1753404967014,1753404966,KXMLBGAME-25JUL24SDSTL-SD,20,80,4,yes
1753404974115,1753404974,KXMLBGAME-25JUL24ATHHOU-ATH,55,45,44,yes
1753404983996,1753404983,KXMLBGAME-25JUL24SDSTL-STL,81,19,6,yes
1753404984916,1753404984,KXMLBGAME-25JUL24ATHHOU-HOU,47,53,26,yes
1753404984916,1753404984,KXMLBGAME-25JUL24ATHHOU-HOU,47,53,15,yes
1753404986954,1753404986,KXMLBGAME-25JUL24TORDET-TOR,99,1,1,no
1753404996918,1753404996,KXMLBGAME-25JUL24ATHHOU-HOU,47,53,10,yes
1753404998924,1753404998,KXMLBGAME-25JUL24SDSTL-STL,81,19,609,yes
1753404999655,1753404999,KXMLBGAME-25JUL24ATHHOU-HOU,47,53,21,yes
1753404999655,1753404999,KXMLBGAME-25JUL24ATHHOU-HOU,47,53,30,yes
1753404999915,1753404999,KXMLBGAME-25JUL24ATHHOU-HOU,47,53,5,yes
1753405021269,1753405021,KXMLBGAME-25JUL24ATHHOU-ATH,56,44,30,yes
1753405028079,1753405028,KXMLBGAME-25JUL24SDSTL-SD,20,80,12,yes
1753405028079,1753405028,KXMLBGAME-25JUL24SDSTL-SD,20,80,11,yes
1753405029359,1753405029,KXMLBGAME-25JUL24SDSTL-SD,20,80,23,yes
1753405034777,1753405034,KXMLBGAME-25JUL24SDSTL-STL,81,19,5,yes
1753405038797,1753405038,KXMLBGAME-25JUL24ATHHOU-HOU,46,54,6,yes
1753405045025,1753405044,KXMLBGAME-25JUL24SEALAA-SEA,43,57,12,yes
1753405048734,1753405048,KXMLBGAME-25JUL24ATHHOU-ATH,55,45,20,yes
1753405051998,1753405051,KXMLBGAME-25JUL24ATHHOU-HOU,47,53,12,yes
1753405057015,1753405056,KXMLBGAME-25JUL24ATHHOU-ATH,55,45,67,yes
1753405057015,1753405056,KXMLBGAME-25JUL24ATHHOU-ATH,55,45,111,yes
1753405057015,1753405056,KXMLBGAME-25JUL24ATHHOU-ATH,55,45,174,yes
1753405057177,1753405057,KXMLBGAME-25JUL24ATHHOU-ATH,55,45,5,yes
1753405059738,1753405059,KXMLBGAME-25JUL24ATHHOU-HOU,47,53,21,yes
1753405059970,1753405059,KXMLBGAME-25JUL24ATHHOU-ATH,55,45,5,yes
1753405060140,1753405060,KXMLBGAME-25JUL24ATHHOU-HOU,47,53,30,yes
1753405066018,1753405065,KXMLBGAME-25JUL24ATHHOU-ATH,55,45,5,yes
1753405073695,1753405073,KXMLBGAME-25JUL24SDSTL-SD,20,80,2,yes
1753405078954,1753405078,KXMLBGAME-25JUL24ATHHOU-HOU,47,53,18,yes
1753405079979,1753405079,KXMLBGAME-25JUL24ATHHOU-ATH,55,45,35,yes
1753405082375,1753405082,KXMLBGAME-25JUL24SDSTL-SD,17,83,72,no
1753405084774,1753405084,KXMLBGAME-25JUL24SDSTL-SD,20,80,298,yes
1753405084774,1753405084,KXMLBGAME-25JUL24SDSTL-SD,20,80,119,yes
1753405084855,1753405084,KXMLBGAME-25JUL24ATHHOU-HOU,47,53,10,yes
1753405091925,1753405091,KXMLBGAME-25JUL24SDSTL-SD,20,80,473,yes
1753405091925,1753405091,KXMLBGAME-25JUL24SEALAA-SEA,44,56,5,yes
1753405100914,1753405100,KXMLBGAME-25JUL24SDSTL-SD,20,80,46,yes
1753405103935,1753405103,KXMLBGAME-25JUL24TORDET-TOR,99,1,623,no
1753405104375,1753405104,KXMLBGAME-25JUL24ATHHOU-HOU,48,52,45,yes
1753405104375,1753405104,KXMLBGAME-25JUL24ATHHOU-HOU,48,52,1665,yes
1753405104793,1753405104,KXMLBGAME-25JUL24ATHHOU-ATH,55,45,108,yes
1753405120086,1753405119,KXMLBGAME-25JUL24ATHHOU-HOU,48,52,201,yes
1753405120393,1753405120,KXMLBGAME-25JUL24ATHHOU-ATH,53,47,139,yes
1753405120393,1753405120,KXMLBGAME-25JUL24ATHHOU-ATH,55,45,951,yes
1753405128636,1753405128,KXMLBGAME-25JUL24ATHHOU-ATH,54,46,40,yes
1753405128636,1753405128,KXMLBGAME-25JUL24ATHHOU-ATH,55,45,11,yes
1753405132254,1753405132,KXMLBGAME-25JUL24ATHHOU-ATH,55,45,1,yes
1753405133534,1753405133,KXMLBGAME-25JUL24SDSTL-STL,81,19,48,yes
1753405137391,1753405137,KXMLBGAME-25JUL24SDSTL-STL,81,19,609,yes
1753405145657,1753405145,KXMLBGAME-25JUL24ATHHOU-HOU,50,50,1,yes
1753405149717,1753405149,KXMLBGAME-25JUL24ATHHOU-ATH,53,47,87,yes
1753405149717,1753405149,KXMLBGAME-25JUL24ATHHOU-ATH,54,46,500,yes
1753405149717,1753405149,KXMLBGAME-25JUL24ATHHOU-ATH,54,46,200,yes
1753405149717,1753405149,KXMLBGAME-25JUL24ATHHOU-ATH,54,46,300,yes
1753405149717,1753405149,KXMLBGAME-25JUL24ATHHOU-ATH,54,46,300,yes
1753405149717,1753405149,KXMLBGAME-25JUL24ATHHOU-ATH,55,45,5,yes
1753405149717,1753405149,KXMLBGAME-25JUL24ATHHOU-ATH,55,45,43,yes
1753405149875,1753405149,KXMLBGAME-25JUL24ATHHOU-HOU,49,51,246,yes
1753405158299,1753405158,KXMLBGAME-25JUL24SDSTL-SD,19,81,44,yes
1753405160976,1753405160,KXMLBGAME-25JUL24SDSTL-STL,81,19,3755,yes
1753405166338,1753405166,KXMLBGAME-25JUL24ATHHOU-HOU,49,51,9,yes
1753405192688,1753405192,KXMLBGAME-25JUL24SDSTL-SD,19,81,19,yes
1753405194034,1753405193,KXMLBGAME-25JUL24SEALAA-SEA,43,57,11,yes
1753405194115,1753405193,KXMLBGAME-25JUL24ATHHOU-HOU,47,53,89,no
1753405209059,1753405209,KXMLBGAME-25JUL24ATHHOU-HOU,48,52,178,yes
1753405213167,1753405213,KXMLBGAME-25JUL24ATHHOU-ATH,54,46,80,yes
1753405225348,1753405225,KXMLBGAME-25JUL24SDSTL-SD,19,81,9,yes
1753405236077,1753405236,KXMLBGAME-25JUL24SDSTL-SD,18,82,100,no
1753405238375,1753405238,KXMLBGAME-25JUL24ATHHOU-HOU,49,51,291,yes
1753405238375,1753405238,KXMLBGAME-25JUL24ATHHOU-HOU,49,51,103,yes
1753405241455,1753405241,KXMLBGAME-25JUL24SDSTL-SD,17,83,27,yes
1753405245634,1753405245,KXMLBGAME-25JUL24SDSTL-SD,17,83,555,yes
1753405249476,1753405249,KXMLBGAME-25JUL24ATHHOU-HOU,47,53,5,no
1753405249476,1753405249,KXMLBGAME-25JUL24ATHHOU-HOU,47,53,5,no
1753405251295,1753405251,KXMLBGAME-25JUL24ATHHOU-ATH,55,45,2,yes
1753405251295,1753405251,KXMLBGAME-25JUL24ATHHOU-ATH,56,44,15,yes
1753405251535,1753405251,KXMLBGAME-25JUL24ATHHOU-HOU,47,53,2,yes
1753405264014,1753405263,KXMLBGAME-25JUL24SDSTL-SD,15,85,114,no
1753405278516,1753405278,KXMLBGAME-25JUL24ATHHOU-ATH,56,44,200,yes
1753405278516,1753405278,KXMLBGAME-25JUL24ATHHOU-ATH,56,44,162,yes
1753405289355,1753405289,KXMLBGAME-25JUL24SEALAA-SEA,44,56,13,yes
1753405291577,1753405291,KXMLBGAME-25JUL24SEALAA-SEA,44,56,122,yes
1753405291595,1753405291,KXMLBGAME-25JUL24ATHHOU-HOU,47,53,10,yes
1753405292815,1753405292,KXMLBGAME-25JUL24ATHHOU-HOU,47,53,8,yes
1753405293937,1753405293,KXMLBGAME-25JUL24SDSTL-SD,15,85,25,yes
1753405304377,1753405304,KXMLBGAME-25JUL24SDSTL-SD,15,85,1,yes
1753405305776,1753405305,KXMLBGAME-25JUL24SDSTL-STL,85,15,30,yes
1753405305776,1753405305,KXMLBGAME-25JUL24SDSTL-STL,86,14,315,yes
1753405308298,1753405308,KXMLBGAME-25JUL24SDSTL-SD,16,84,5,yes
1753405308517,1753405308,KXMLBGAME-25JUL24SDSTL-SD,16,84,17,yes
1753405311455,1753405311,KXMLBGAME-25JUL24ATHHOU-HOU,47,53,20,yes
1753405312519,1753405312,KXMLBGAME-25JUL24SDSTL-SD,16,84,5,yes
1753405312733,1753405312,KXMLBGAME-25JUL24SEALAA-SEA,43,57,111,yes
1753405319394,1753405319,KXMLBGAME-25JUL24SDSTL-SD,16,84,295,yes
1753405322133,1753405321,KXMLBGAME-25JUL24SEALAA-SEA,43,57,11,yes
1753405322133,1753405321,KXMLBGAME-25JUL24SEALAA-SEA,44,56,11,yes
1753405322654,1753405322,KXMLBGAME-25JUL24ATHHOU-HOU,47,53,102,yes
1753405323433,1753405323,KXMLBGAME-25JUL24SDSTL-SD,16,84,140,yes
1753405323476,1753405323,KXMLBGAME-25JUL24ATHHOU-ATH,56,44,300,yes
1753405323476,1753405323,KXMLBGAME-25JUL24ATHHOU-ATH,57,43,87,yes
1753405323534,1753405323,KXMLBGAME-25JUL24ATHHOU-HOU,47,53,198,yes
1753405323534,1753405323,KXMLBGAME-25JUL24ATHHOU-HOU,47,53,7,yes
1753405324116,1753405324,KXMLBGAME-25JUL24ATHHOU-HOU,47,53,59,yes
1753405324116,1753405324,KXMLBGAME-25JUL24ATHHOU-HOU,47,53,222,yes
1753405324116,1753405324,KXMLBGAME-25JUL24ATHHOU-HOU,47,53,359,yes
1753405324116,1753405324,KXMLBGAME-25JUL24ATHHOU-HOU,47,53,21,yes
1753405324116,1753405324,KXMLBGAME-25JUL24ATHHOU-HOU,47,53,6,yes
1753405324117,1753405324,KXMLBGAME-25JUL24ATHHOU-HOU,51,49,68,yes
1753405324295,1753405324,KXMLBGAME-25JUL24ATHHOU-HOU,46,54,200,no
1753405324295,1753405324,KXMLBGAME-25JUL24ATHHOU-HOU,45,55,100,no
1753405324435,1753405324,KXMLBGAME-25JUL24ATHHOU-HOU,47,53,16,yes
1753405327534,1753405327,KXMLBGAME-25JUL24ATHHOU-HOU,43,57,33,yes
1753405330216,1753405330,KXMLBGAME-25JUL24ATHHOU-HOU,43,57,52,yes
1753405330216,1753405330,KXMLBGAME-25JUL24ATHHOU-HOU,44,56,167,yes
1753405331318,1753405331,KXMLBGAME-25JUL24SDSTL-SD,17,83,87,yes
1753405331318,1753405331,KXMLBGAME-25JUL24SDSTL-SD,17,83,13,yes
1753405331514,1753405331,KXMLBGAME-25JUL24SDSTL-SD,17,83,287,yes
1753405331515,1753405331,KXMLBGAME-25JUL24SDSTL-SD,17,83,63,yes
1753405336151,1753405336,KXMLBGAME-25JUL24ATHHOU-HOU,43,57,11,yes
1753405340597,1753405340,KXMLBGAME-25JUL24SEALAA-LAA,57,43,17,yes
1753405344195,1753405344,KXMLBGAME-25JUL24SDSTL-SD,12,88,7,yes
1753405354258,1753405354,KXMLBGAME-25JUL24ATHHOU-HOU,44,56,11,yes
1753405356119,1753405356,KXMLBGAME-25JUL24SDSTL-SD,12,88,78,yes
1753405356595,1753405356,KXMLBGAME-25JUL24SDSTL-SD,12,88,31,yes
1753405362857,1753405362,KXMLBGAME-25JUL24SDSTL-SD,12,88,184,yes
1753405362857,1753405362,KXMLBGAME-25JUL24SDSTL-SD,13,87,47,yes
1753405370113,1753405370,KXMLBGAME-25JUL24SEALAA-SEA,44,56,2187,yes
1753405371611,1753405371,KXMLBGAME-25JUL24TORDET-TOR,99,1,209,no
1753405373374,1753405373,KXMLBGAME-25JUL24SDSTL-SD,12,88,35,yes
1753405373977,1753405373,KXMLBGAME-25JUL24ATHHOU-HOU,43,57,55,yes
1753405374134,1753405374,KXMLBGAME-25JUL24ATHHOU-HOU,43,57,55,yes
1753405375268,1753405375,KXMLBGAME-25JUL24ATHHOU-ATH,59,41,200,yes
1753405375693,1753405375,KXMLBGAME-25JUL24ATHHOU-HOU,43,57,223,yes
1753405376993,1753405376,KXMLBGAME-25JUL24SDSTL-SD,12,88,39,yes
1753405377039,1753405376,KXMLBGAME-25JUL24SDSTL-SD,12,88,78,yes
1753405379317,1753405379,KXMLBGAME-25JUL24ATHHOU-ATH,58,42,15,yes
1753405380572,1753405380,KXMLBGAME-25JUL24ATHHOU-HOU,43,57,44,yes
1753405382019,1753405381,KXMLBGAME-25JUL24SDSTL-SD,10,90,87,no
1753405382019,1753405381,KXMLBGAME-25JUL24SDSTL-SD,9,91,251,no
1753405383050,1753405382,KXMLBGAME-25JUL24ATHHOU-HOU,43,57,22,yes
1753405386954,1753405386,KXMLBGAME-25JUL24SDSTL-SD,12,88,148,yes
1753405386955,1753405386,KXMLBGAME-25JUL24SDSTL-SD,13,87,44,yes
1753405390336,1753405390,KXMLBGAME-25JUL24SDSTL-STL,89,11,13,yes
1753405393296,1753405393,KXMLBGAME-25JUL24ATHHOU-ATH,64,36,56,yes
1753405393296,1753405393,KXMLBGAME-25JUL24ATHHOU-ATH,65,35,10,yes
1753405393296,1753405393,KXMLBGAME-25JUL24ATHHOU-ATH,70,30,15,yes
1753405393296,1753405393,KXMLBGAME-25JUL24ATHHOU-ATH,73,27,100,yes
1753405393296,1753405393,KXMLBGAME-25JUL24ATHHOU-ATH,75,25,93,yes
1753405393433,1753405393,KXMLBGAME-25JUL24SDSTL-SD,12,88,117,yes
1753405393534,1753405393,KXMLBGAME-25JUL24SDSTL-SD,10,90,5,no
1753405395356,1753405395,KXMLBGAME-25JUL24SEALAA-SEA,44,56,214,yes
1753405395795,1753405395,KXMLBGAME-25JUL24SDSTL-SD,12,88,156,yes
1753405396136,1753405395,KXMLBGAME-25JUL24ATHHOU-HOU,37,63,100,no
1753405398916,1753405398,KXMLBGAME-25JUL24SDSTL-SD,13,87,7,yes
1753405399238,1753405399,KXMLBGAME-25JUL24SDSTL-SD,10,90,7,no
1753405400465,1753405400,KXMLBGAME-25JUL24SDSTL-SD,13,87,362,yes
1753405403495,1753405403,KXMLBGAME-25JUL24SDSTL-STL,89,11,111,yes
1753405403615,1753405403,KXMLBGAME-25JUL24SDSTL-SD,13,87,36,yes
1753405404915,1753405404,KXMLBGAME-25JUL24SEALAA-SEA,44,56,196,yes
1753405407193,1753405407,KXMLBGAME-25JUL24ATHHOU-HOU,38,62,118,yes
1753405409292,1753405409,KXMLBGAME-25JUL24SDSTL-SD,12,88,156,yes
1753405409395,1753405409,KXMLBGAME-25JUL24ATHHOU-ATH,66,34,7,yes
1753405410115,1753405410,KXMLBGAME-25JUL24ATHHOU-HOU,38,62,382,yes
1753405410115,1753405410,KXMLBGAME-25JUL24ATHHOU-HOU,38,62,200,yes
1753405410115,1753405410,KXMLBGAME-25JUL24ATHHOU-HOU,38,62,300,yes
1753405410115,1753405410,KXMLBGAME-25JUL24ATHHOU-HOU,39,61,145,yes
1753405411058,1753405410,KXMLBGAME-25JUL24SDSTL-SD,10,90,75,no
1753405411058,1753405410,KXMLBGAME-25JUL24SDSTL-SD,10,90,5,no
1753405411058,1753405410,KXMLBGAME-25JUL24SDSTL-SD,10,90,7,no
1753405411058,1753405410,KXMLBGAME-25JUL24SDSTL-SD,9,91,182,no
1753405417037,1753405416,KXMLBGAME-25JUL24ATHHOU-HOU,36,64,13,yes
1753405418935,1753405418,KXMLBGAME-25JUL24SDSTL-SD,12,88,144,yes
1753405418935,1753405418,KXMLBGAME-25JUL24SDSTL-SD,13,87,48,yes
1753405420335,1753405420,KXMLBGAME-25JUL24SDSTL-SD,9,91,127,no
1753405429214,1753405429,KXMLBGAME-25JUL24ATHHOU-HOU,36,64,132,yes
1753405431696,1753405431,KXMLBGAME-25JUL24SDSTL-STL,89,11,61,yes
1753405433124,1753405433,KXMLBGAME-25JUL24ATHHOU-ATH,65,35,4,yes
1753405436834,1753405436,KXMLBGAME-25JUL24ATHHOU-HOU,35,65,411,no
1753405438054,1753405437,KXMLBGAME-25JUL24ATHHOU-HOU,35,65,77,no
1753405438955,1753405438,KXMLBGAME-25JUL24SDSTL-SD,12,88,23,yes
1753405438994,1753405438,KXMLBGAME-25JUL24SDSTL-SD,12,88,78,yes
1753405440658,1753405440,KXMLBGAME-25JUL24SEALAA-SEA,44,56,54,yes
1753405444878,1753405444,KXMLBGAME-25JUL24ATHHOU-HOU,37,63,129,yes
1753405447376,1753405447,KXMLBGAME-25JUL24ATHHOU-ATH,65,35,30,yes
1753405447997,1753405447,KXMLBGAME-25JUL24TORDET-TOR,99,1,839,no
1753405451297,1753405451,KXMLBGAME-25JUL24ATHHOU-HOU,35,65,12,no
1753405451297,1753405451,KXMLBGAME-25JUL24ATHHOU-HOU,34,66,36,no
1753405452478,1753405452,KXMLBGAME-25JUL24ATHHOU-HOU,34,66,17,no
1753405455242,1753405455,KXMLBGAME-25JUL24ATHHOU-HOU,34,66,153,no
1753405455273,1753405455,KXMLBGAME-25JUL24ATHHOU-HOU,38,62,86,yes
1753405460263,1753405460,KXMLBGAME-25JUL24ATHHOU-ATH,75,25,7,yes
1753405460263,1753405460,KXMLBGAME-25JUL24ATHHOU-ATH,75,25,76,yes
1753405460263,1753405460,KXMLBGAME-25JUL24ATHHOU-ATH,79,21,1,yes
1753405460263,1753405460,KXMLBGAME-25JUL24ATHHOU-ATH,80,20,78,yes
1753405462095,1753405462,KXMLBGAME-25JUL24ATHHOU-ATH,67,33,4,yes
1753405462095,1753405462,KXMLBGAME-25JUL24ATHHOU-ATH,80,20,3,yes
1753405464151,1753405464,KXMLBGAME-25JUL24ATHHOU-HOU,53,47,18,yes
1753405464154,1753405464,KXMLBGAME-25JUL24ATHHOU-ATH,65,35,10,no
1753405464154,1753405464,KXMLBGAME-25JUL24ATHHOU-ATH,63,37,8,no
1753405467497,1753405467,KXMLBGAME-25JUL24ATHHOU-ATH,80,20,19,yes
1753405467659,1753405467,KXMLBGAME-25JUL24SEALAA-SEA,44,56,1,yes
1753405469237,1753405469,KXMLBGAME-25JUL24SDSTL-SD,12,88,39,yes
1753405469515,1753405469,KXMLBGAME-25JUL24ATHHOU-ATH,84,16,10,yes
1753405471438,1753405471,KXMLBGAME-25JUL24ATHHOU-ATH,84,16,58,yes
1753405472615,1753405472,KXMLBGAME-25JUL24SDSTL-SD,12,88,1,yes
1753405478935,1753405478,KXMLBGAME-25JUL24ATHHOU-HOU,32,68,59,no
1753405479710,1753405479,KXMLBGAME-25JUL24ATHHOU-HOU,35,65,39,yes
1753405481335,1753405481,KXMLBGAME-25JUL24SDSTL-SD,10,90,72,no
1753405482432,1753405482,KXMLBGAME-25JUL24ATHHOU-HOU,35,65,54,yes
1753405489694,1753405489,KXMLBGAME-25JUL24ATHHOU-HOU,35,65,2,yes
1753405490214,1753405490,KXMLBGAME-25JUL24ATHHOU-HOU,35,65,21,yes
1753405490235,1753405490,KXMLBGAME-25JUL24SEALAA-SEA,44,56,74,yes
1753405491315,1753405491,KXMLBGAME-25JUL24SEALAA-LAA,57,43,3,yes
1753405492774,1753405492,KXMLBGAME-25JUL24ATHHOU-ATH,65,35,200,no
1753405493335,1753405493,KXMLBGAME-25JUL24ATHHOU-ATH,68,32,30,yes
1753405494076,1753405494,KXMLBGAME-25JUL24SDSTL-SD,12,88,15,yes
1753405494737,1753405494,KXMLBGAME-25JUL24ATHHOU-HOU,35,65,5,yes
1753405495335,1753405495,KXMLBGAME-25JUL24ATHHOU-HOU,35,65,1,yes
1753405496634,1753405496,KXMLBGAME-25JUL24SDSTL-SD,12,88,144,yes
1753405496634,1753405496,KXMLBGAME-25JUL24SDSTL-SD,12,88,87,yes
1753405496634,1753405496,KXMLBGAME-25JUL24SDSTL-SD,13,87,71,yes
1753405496695,1753405496,KXMLBGAME-25JUL24ATHHOU-ATH,67,33,166,yes
1753405496695,1753405496,KXMLBGAME-25JUL24ATHHOU-ATH,67,33,121,yes
1753405497393,1753405497,KXMLBGAME-25JUL24ATHHOU-ATH,67,33,464,yes
1753405497394,1753405497,KXMLBGAME-25JUL24ATHHOU-ATH,68,32,470,yes
1753405497394,1753405497,KXMLBGAME-25JUL24ATHHOU-ATH,68,32,1130,yes
1753405498114,1753405498,KXMLBGAME-25JUL24SEALAA-SEA,44,56,87,yes
1753405503473,1753405503,KXMLBGAME-25JUL24ATHHOU-ATH,68,32,143,yes
1753405503951,1753405503,KXMLBGAME-25JUL24ATHHOU-HOU,35,65,5,yes
1753405508695,1753405508,KXMLBGAME-25JUL24ATHHOU-HOU,32,68,10,no
1753405510656,1753405510,KXMLBGAME-25JUL24ATHHOU-HOU,34,66,81,yes
1753405512280,1753405512,KXMLBGAME-25JUL24ATHHOU-HOU,32,68,36,no
1753405513412,1753405513,KXMLBGAME-25JUL24ATHHOU-ATH,68,32,71,yes
1753405515045,1753405514,KXMLBGAME-25JUL24SEALAA-SEA,44,56,393,yes
1753405515456,1753405515,KXMLBGAME-25JUL24ATHHOU-HOU,35,65,136,yes
1753405516274,1753405516,KXMLBGAME-25JUL24SDSTL-SD,13,87,529,yes
1753405516274,1753405516,KXMLBGAME-25JUL24SDSTL-SD,13,87,196,yes
1753405517916,1753405517,KXMLBGAME-25JUL24ATHHOU-ATH,68,32,1700,yes
1753405520370,1753405520,KXMLBGAME-25JUL24ATHHOU-ATH,68,32,7,yes
1753405520833,1753405520,KXMLBGAME-25JUL24SDSTL-STL,87,13,4,no
1753405520833,1753405520,KXMLBGAME-25JUL24SDSTL-STL,87,13,1,no
1753405520833,1753405520,KXMLBGAME-25JUL24SDSTL-STL,86,14,11,no
1753405522393,1753405522,KXMLBGAME-25JUL24ATHHOU-ATH,84,16,32,yes
1753405522393,1753405522,KXMLBGAME-25JUL24ATHHOU-ATH,88,12,15,yes
1753405522393,1753405522,KXMLBGAME-25JUL24ATHHOU-ATH,90,10,10,yes
1753405529474,1753405529,KXMLBGAME-25JUL24SEALAA-SEA,44,56,109,yes
1753405532915,1753405532,KXMLBGAME-25JUL24SDSTL-SD,11,89,25,yes
1753405537134,1753405537,KXMLBGAME-25JUL24SEALAA-LAA,57,43,170,yes
1753405543956,1753405543,KXMLBGAME-25JUL24ATHHOU-ATH,63,37,20,no
1753405547214,1753405547,KXMLBGAME-25JUL24SDSTL-SD,12,88,300,yes
1753405547214,1753405547,KXMLBGAME-25JUL24SDSTL-SD,12,88,69,yes
1753405547214,1753405547,KXMLBGAME-25JUL24SDSTL-SD,13,87,378,yes
1753405549734,1753405549,KXMLBGAME-25JUL24SEALAA-SEA,44,56,10,yes
1753405549855,1753405549,KXMLBGAME-25JUL24ATHHOU-HOU,26,74,34,no
1753405553616,1753405553,KXMLBGAME-25JUL24ATHHOU-ATH,74,26,500,yes
1753405557746,1753405557,KXMLBGAME-25JUL24ATHHOU-HOU,29,71,9,yes
1753405557977,1753405557,KXMLBGAME-25JUL24ATHHOU-ATH,75,25,52,yes
1753405558675,1753405558,KXMLBGAME-25JUL24ATHHOU-ATH,75,25,45,yes
1753405560818,1753405560,KXMLBGAME-25JUL24SDSTL-SD,10,90,300,no
1753405560818,1753405560,KXMLBGAME-25JUL24SDSTL-SD,10,90,87,no
1753405560818,1753405560,KXMLBGAME-25JUL24SDSTL-SD,9,91,139,no
1753405565356,1753405565,KXMLBGAME-25JUL24ATHHOU-ATH,75,25,6,yes
1753405566076,1753405566,KXMLBGAME-25JUL24ATHHOU-ATH,75,25,150,yes
1753405566116,1753405566,KXMLBGAME-25JUL24SEALAA-SEA,44,56,32,yes
1753405568191,1753405568,KXMLBGAME-25JUL24SDSTL-SD,13,87,108,yes
1753405572185,1753405572,KXMLBGAME-25JUL24SDSTL-SD,13,87,36,yes
1753405577576,1753405577,KXMLBGAME-25JUL24ATHHOU-ATH,72,28,107,no
1753405578181,1753405578,KXMLBGAME-25JUL24ATHHOU-ATH,74,26,66,yes
1753405578395,1753405578,KXMLBGAME-25JUL24ATHHOU-ATH,74,26,21,yes
1753405578395,1753405578,KXMLBGAME-25JUL24ATHHOU-ATH,74,26,29,yes
1753405579455,1753405579,KXMLBGAME-25JUL24TORDET-TOR,99,1,130,no
1753405580274,1753405580,KXMLBGAME-25JUL24ATHHOU-HOU,28,72,23,yes
1753405582154,1753405582,KXMLBGAME-25JUL24SDSTL-SD,13,87,264,yes
1753405582154,1753405582,KXMLBGAME-25JUL24SDSTL-SD,14,86,265,yes
1753405584656,1753405584,KXMLBGAME-25JUL24ATHHOU-HOU,29,71,16,yes
1753405585555,1753405585,KXMLBGAME-25JUL24SDSTL-STL,86,14,624,no
1753405585634,1753405585,KXMLBGAME-25JUL24ATHHOU-ATH,74,26,63,yes
1753405593415,1753405593,KXMLBGAME-25JUL24SEALAA-LAA,57,43,8,yes
1753405593516,1753405593,KXMLBGAME-25JUL24ATHHOU-ATH,74,26,39,yes
1753405594555,1753405594,KXMLBGAME-25JUL24SDSTL-SD,13,87,14,yes
1753405594815,1753405594,KXMLBGAME-25JUL24ATHHOU-HOU,29,71,14,yes
1753405594815,1753405594,KXMLBGAME-25JUL24ATHHOU-HOU,29,71,7,yes
1753405594816,1753405594,KXMLBGAME-25JUL24ATHHOU-HOU,29,71,16,yes
1753405594816,1753405594,KXMLBGAME-25JUL24ATHHOU-HOU,29,71,6,yes
1753405594816,1753405594,KXMLBGAME-25JUL24ATHHOU-HOU,29,71,12,yes
1753405594816,1753405594,KXMLBGAME-25JUL24ATHHOU-HOU,29,71,191,yes
1753405595877,1753405595,KXMLBGAME-25JUL24ATHHOU-HOU,28,72,100,no
1753405595877,1753405595,KXMLBGAME-25JUL24ATHHOU-HOU,26,74,466,no
1753405595877,1753405595,KXMLBGAME-25JUL24ATHHOU-HOU,26,74,87,no
1753405595974,1753405595,KXMLBGAME-25JUL24ATHHOU-ATH,74,26,1956,yes
1753405595974,1753405595,KXMLBGAME-25JUL24ATHHOU-ATH,74,26,23,yes
1753405595974,1753405595,KXMLBGAME-25JUL24ATHHOU-ATH,74,26,87,yes
1753405595974,1753405595,KXMLBGAME-25JUL24ATHHOU-ATH,74,26,191,yes
1753405596118,1753405596,KXMLBGAME-25JUL24SDSTL-SD,13,87,7,yes
1753405598575,1753405598,KXMLBGAME-25JUL24ATHHOU-ATH,73,27,800,no
1753405600141,1753405600,KXMLBGAME-25JUL24SEALAA-SEA,44,56,34,yes
1753405603936,1753405603,KXMLBGAME-25JUL24SDSTL-SD,13,87,150,yes
1753405605516,1753405605,KXMLBGAME-25JUL24ATHHOU-HOU,27,73,35,yes
1753405607407,1753405607,KXMLBGAME-25JUL24ATHHOU-ATH,75,25,131,yes
1753405608918,1753405608,KXMLBGAME-25JUL24ATHHOU-ATH,74,26,51,no
1753405610234,1753405610,KXMLBGAME-25JUL24SEALAA-SEA,44,56,20,yes
1753405611295,1753405611,KXMLBGAME-25JUL24ATHHOU-ATH,75,25,116,yes
1753405611295,1753405611,KXMLBGAME-25JUL24ATHHOU-ATH,75,25,539,yes
1753405611514,1753405611,KXMLBGAME-25JUL24ATHHOU-HOU,26,74,146,yes
1753405612754,1753405612,KXMLBGAME-25JUL24SEALAA-LAA,57,43,851,yes
1753405612755,1753405612,KXMLBGAME-25JUL24SDSTL-SD,13,87,29,yes
1753405617518,1753405617,KXMLBGAME-25JUL24ATHHOU-ATH,75,25,56,yes
1753405617794,1753405617,KXMLBGAME-25JUL24SEALAA-SEA,42,58,704,no
1753405620108,1753405620,KXMLBGAME-25JUL24SDSTL-SD,12,88,300,yes
1753405620108,1753405620,KXMLBGAME-25JUL24SDSTL-SD,15,85,73,yes
1753405620108,1753405620,KXMLBGAME-25JUL24SDSTL-SD,16,84,100,yes
1753405620108,1753405620,KXMLBGAME-25JUL24SDSTL-SD,16,84,99,yes
1753405623531,1753405623,KXMLBGAME-25JUL24ATHHOU-ATH,75,25,5,yes
1753405623531,1753405623,KXMLBGAME-25JUL24ATHHOU-ATH,75,25,80,yes
1753405627074,1753405626,KXMLBGAME-25JUL24ATHHOU-HOU,26,74,18,yes
1753405627233,1753405627,KXMLBGAME-25JUL24ATHHOU-HOU,26,74,44,yes
1753405628975,1753405628,KXMLBGAME-25JUL24ATHHOU-ATH,76,24,130,yes
1753405629682,1753405629,KXMLBGAME-25JUL24SDSTL-SD,13,87,7,yes
1753405633108,1753405632,KXMLBGAME-25JUL24ATHHOU-HOU,26,74,1038,yes
1753405633574,1753405633,KXMLBGAME-25JUL24SDSTL-SD,13,87,184,yes
1753405640998,1753405640,KXMLBGAME-25JUL24ATHHOU-ATH,76,24,65,yes
1753405645395,1753405645,KXMLBGAME-25JUL24ATHHOU-HOU,25,75,8,no
1753405647936,1753405647,KXMLBGAME-25JUL24SEALAA-LAA,57,43,85,yes
1753405650676,1753405650,KXMLBGAME-25JUL24ATHHOU-HOU,26,74,152,yes
1753405657034,1753405656,KXMLBGAME-25JUL24ATHHOU-HOU,26,74,10,yes
1753405658473,1753405658,KXMLBGAME-25JUL24ATHHOU-ATH,76,24,5,yes
1753405660249,1753405660,KXMLBGAME-25JUL24ATHHOU-HOU,25,75,26,no
1753405667233,1753405666,KXMLBGAME-25JUL24ATHHOU-HOU,26,74,18,yes
1753405667233,1753405667,KXMLBGAME-25JUL24SDSTL-STL,86,14,436,yes
1753405667233,1753405667,KXMLBGAME-25JUL24SDSTL-STL,87,13,7,yes
1753405667559,1753405667,KXMLBGAME-25JUL24SDSTL-SD,15,85,6,yes
1753405668178,1753405668,KXMLBGAME-25JUL24SEALAA-SEA,44,56,4,yes
1753405668320,1753405668,KXMLBGAME-25JUL24SDSTL-SD,14,86,43,no
1753405668456,1753405668,KXMLBGAME-25JUL24ATHHOU-ATH,76,24,70,yes
1753405668456,1753405668,KXMLBGAME-25JUL24ATHHOU-ATH,76,24,263,yes
1753405669465,1753405669,KXMLBGAME-25JUL24ATHHOU-HOU,26,74,91,yes
1753405669552,1753405669,KXMLBGAME-25JUL24ATHHOU-HOU,26,74,73,yes
1753405671400,1753405671,KXMLBGAME-25JUL24SDSTL-SD,14,86,57,no
1753405677232,1753405677,KXMLBGAME-25JUL24ATHHOU-HOU,27,73,665,yes
1753405679572,1753405679,KXMLBGAME-25JUL24ATHHOU-HOU,27,73,5,yes
1753405680833,1753405680,KXMLBGAME-25JUL24ATHHOU-HOU,26,74,100,no
1753405681214,1753405681,KXMLBGAME-25JUL24TORDET-TOR,99,1,2,no
1753405681593,1753405681,KXMLBGAME-25JUL24ATHHOU-HOU,26,74,35,yes
1753405687675,1753405687,KXMLBGAME-25JUL24SEALAA-LAA,57,43,277,yes
1753405688054,1753405688,KXMLBGAME-25JUL24SEALAA-SEA,44,56,21,yes
1753405688095,1753405688,KXMLBGAME-25JUL24TORDET-TOR,99,1,21,no
1753405690136,1753405690,KXMLBGAME-25JUL24SEALAA-SEA,42,58,20,no
1753405692977,1753405692,KXMLBGAME-25JUL24ATHHOU-ATH,76,24,19,yes
1753405693215,1753405693,KXMLBGAME-25JUL24SEALAA-SEA,44,56,503,yes
1753405693919,1753405693,KXMLBGAME-25JUL24ATHHOU-HOU,27,73,87,yes
1753405693919,1753405693,KXMLBGAME-25JUL24ATHHOU-HOU,27,73,200,yes
1753405693919,1753405693,KXMLBGAME-25JUL24ATHHOU-HOU,27,73,199,yes
1753405697094,1753405697,KXMLBGAME-25JUL24ATHHOU-ATH,76,24,129,yes
1753405698895,1753405698,KXMLBGAME-25JUL24ATHHOU-ATH,76,24,71,yes
1753405698895,1753405698,KXMLBGAME-25JUL24ATHHOU-ATH,76,24,135,yes
1753405698974,1753405698,KXMLBGAME-25JUL24ATHHOU-HOU,26,74,4,yes
1753405700289,1753405700,KXMLBGAME-25JUL24SDSTL-SD,15,85,62,yes
1753405703361,1753405703,KXMLBGAME-25JUL24ATHHOU-ATH,76,24,64,yes
1753405703361,1753405703,KXMLBGAME-25JUL24ATHHOU-ATH,77,23,77,yes
1753405703998,1753405703,KXMLBGAME-25JUL24ATHHOU-HOU,26,74,35,yes
1753405706841,1753405706,KXMLBGAME-25JUL24ATHHOU-HOU,26,74,42,yes
1753405706841,1753405706,KXMLBGAME-25JUL24ATHHOU-HOU,27,73,12,yes
1753405708173,1753405708,KXMLBGAME-25JUL24SEALAA-SEA,44,56,147,yes
1753405708414,1753405708,KXMLBGAME-25JUL24SDSTL-SD,15,85,31,yes
1753405708516,1753405708,KXMLBGAME-25JUL24TORDET-TOR,99,1,2,no
1753405709096,1753405709,KXMLBGAME-25JUL24SDSTL-STL,87,13,85,yes
1753405710718,1753405710,KXMLBGAME-25JUL24ATHHOU-HOU,25,75,52,no
1753405711449,1753405711,KXMLBGAME-25JUL24ATHHOU-ATH,75,25,5,no
1753405711449,1753405711,KXMLBGAME-25JUL24ATHHOU-ATH,74,26,10,no
1753405711449,1753405711,KXMLBGAME-25JUL24ATHHOU-ATH,74,26,87,no
1753405711818,1753405711,KXMLBGAME-25JUL24ATHHOU-ATH,74,26,7,no
1753405713395,1753405713,KXMLBGAME-25JUL24SEALAA-SEA,44,56,83,yes
1753405714454,1753405714,KXMLBGAME-25JUL24ATHHOU-ATH,77,23,63,yes
1753405715475,1753405715,KXMLBGAME-25JUL24TORDET-TOR,99,1,10,no
1753405716179,1753405716,KXMLBGAME-25JUL24SDSTL-SD,15,85,25,yes
1753405719437,1753405719,KXMLBGAME-25JUL24ATHHOU-HOU,26,74,4,yes
1753405722561,1753405722,KXMLBGAME-25JUL24SEALAA-SEA,44,56,18,yes
1753405722561,1753405722,KXMLBGAME-25JUL24SEALAA-SEA,44,56,1000,yes
1753405722561,1753405722,KXMLBGAME-25JUL24SEALAA-SEA,44,56,485,yes
1753405722594,1753405722,KXMLBGAME-25JUL24ATHHOU-ATH,75,25,7,yes
1753405723557,1753405723,KXMLBGAME-25JUL24SDSTL-STL,87,13,2,yes
1753405723557,1753405723,KXMLBGAME-25JUL24SDSTL-STL,87,13,2,yes
1753405726358,1753405726,KXMLBGAME-25JUL24SEALAA-SEA,44,56,24,yes
1753405728035,1753405727,KXMLBGAME-25JUL24ATHHOU-HOU,25,75,14,no
1753405728035,1753405727,KXMLBGAME-25JUL24ATHHOU-HOU,24,76,162,no
1753405728514,1753405728,KXMLBGAME-25JUL24SEALAA-SEA,43,57,2,no
1753405733333,1753405733,KXMLBGAME-25JUL24SEALAA-SEA,44,56,6,yes
1753405733837,1753405733,KXMLBGAME-25JUL24ATHHOU-HOU,24,76,32,no
1753405735411,1753405735,KXMLBGAME-25JUL24ATHHOU-ATH,76,24,90,yes
1753405737767,1753405737,KXMLBGAME-25JUL24TORDET-TOR,99,1,109,no
1753405740778,1753405740,KXMLBGAME-25JUL24ATHHOU-HOU,26,74,7,yes
1753405741213,1753405741,KXMLBGAME-25JUL24SEALAA-SEA,44,56,109,yes
1753405743278,1753405743,KXMLBGAME-25JUL24ATHHOU-ATH,75,25,28,yes
1753405743278,1753405743,KXMLBGAME-25JUL24ATHHOU-ATH,76,24,5,yes
1753405743278,1753405743,KXMLBGAME-25JUL24ATHHOU-ATH,77,23,30,yes
1753405745031,1753405744,KXMLBGAME-25JUL24ATHHOU-HOU,23,77,34,no
1753405748657,1753405748,KXMLBGAME-25JUL24ATHHOU-ATH,77,23,25,yes
1753405748657,1753405748,KXMLBGAME-25JUL24ATHHOU-ATH,77,23,22,yes
1753405748657,1753405748,KXMLBGAME-25JUL24ATHHOU-ATH,78,22,200,yes
1753405748657,1753405748,KXMLBGAME-25JUL24ATHHOU-ATH,78,22,163,yes
1753405752258,1753405752,KXMLBGAME-25JUL24SDSTL-SD,15,85,31,yes
1753405753755,1753405753,KXMLBGAME-25JUL24ATHHOU-HOU,25,75,19,yes
1753405754598,1753405754,KXMLBGAME-25JUL24ATHHOU-ATH,77,23,153,yes
1753405755155,1753405755,KXMLBGAME-25JUL24SDSTL-STL,87,13,42,yes
1753405755373,1753405755,KXMLBGAME-25JUL24TORDET-DET,1,99,1,yes
1753405755593,1753405755,KXMLBGAME-25JUL24SDSTL-STL,87,13,17,yes
1753405759316,1753405759,KXMLBGAME-25JUL24TORDET-DET,1,99,656,yes
1753405760192,1753405760,KXMLBGAME-25JUL24ATHHOU-HOU,25,75,19,yes
1753405760657,1753405760,KXMLBGAME-25JUL24SDSTL-STL,88,12,7,yes
1753405761617,1753405761,KXMLBGAME-25JUL24ATHHOU-HOU,23,77,117,no
1753405762579,1753405762,KXMLBGAME-25JUL24SEALAA-LAA,57,43,51,yes
1753405762618,1753405762,KXMLBGAME-25JUL24TORDET-TOR,99,1,115,no
1753405764519,1753405764,KXMLBGAME-25JUL24ATHHOU-HOU,25,75,155,yes
1753405764519,1753405764,KXMLBGAME-25JUL24ATHHOU-HOU,25,75,163,yes
1753405764519,1753405764,KXMLBGAME-25JUL24ATHHOU-HOU,26,74,193,yes
1753405764519,1753405764,KXMLBGAME-25JUL24ATHHOU-HOU,26,74,300,yes
1753405764519,1753405764,KXMLBGAME-25JUL24ATHHOU-HOU,26,74,87,yes
1753405764519,1753405764,KXMLBGAME-25JUL24ATHHOU-HOU,27,73,200,yes
1753405764519,1753405764,KXMLBGAME-25JUL24ATHHOU-HOU,27,73,3,yes
1753405770575,1753405770,KXMLBGAME-25JUL24SDSTL-STL,88,12,100,yes
1753405772337,1753405772,KXMLBGAME-25JUL24SDSTL-SD,15,85,151,yes
1753405772337,1753405772,KXMLBGAME-25JUL24SDSTL-SD,15,85,37,yes
1753405777616,1753405777,KXMLBGAME-25JUL24ATHHOU-HOU,25,75,6,no
1753405778095,1753405777,KXMLBGAME-25JUL24ATHHOU-HOU,27,73,297,yes
1753405778095,1753405777,KXMLBGAME-25JUL24ATHHOU-HOU,27,73,200,yes
1753405778095,1753405777,KXMLBGAME-25JUL24ATHHOU-HOU,27,73,87,yes
1753405778095,1753405777,KXMLBGAME-25JUL24ATHHOU-HOU,27,73,296,yes
1753405778237,1753405778,KXMLBGAME-25JUL24SDSTL-SD,15,85,563,yes
1753405778237,1753405778,KXMLBGAME-25JUL24SDSTL-SD,15,85,72,yes
1753405778237,1753405778,KXMLBGAME-25JUL24SDSTL-SD,15,85,164,yes
1753405782735,1753405782,KXMLBGAME-25JUL24SDSTL-SD,16,84,53,yes
1753405784736,1753405784,KXMLBGAME-25JUL24SDSTL-SD,13,87,68,no
1753405790440,1753405790,KXMLBGAME-25JUL24SDSTL-SD,15,85,2,yes
1753405790953,1753405790,KXMLBGAME-25JUL24ATHHOU-ATH,70,30,4,yes
1753405799013,1753405798,KXMLBGAME-25JUL24ATHHOU-HOU,32,68,59,yes
1753405799089,1753405799,KXMLBGAME-25JUL24SDSTL-STL,88,12,5,yes
1753405802117,1753405802,KXMLBGAME-25JUL24ATHHOU-ATH,70,30,4,yes
1753405805351,1753405805,KXMLBGAME-25JUL24ATHHOU-ATH,70,30,41,yes
1753405808357,1753405808,KXMLBGAME-25JUL24ATHHOU-ATH,70,30,32,yes
1753405809447,1753405809,KXMLBGAME-25JUL24ATHHOU-HOU,31,69,307,yes
1753405810515,1753405810,KXMLBGAME-25JUL24ATHHOU-ATH,70,30,34,yes
1753405811290,1753405811,KXMLBGAME-25JUL24SEALAA-SEA,44,56,218,yes
1753405811476,1753405811,KXMLBGAME-25JUL24ATHHOU-HOU,30,70,24,no
1753405816356,1753405816,KXMLBGAME-25JUL24ATHHOU-HOU,31,69,193,yes
1753405816356,1753405816,KXMLBGAME-25JUL24ATHHOU-HOU,32,68,500,yes
1753405816356,1753405816,KXMLBGAME-25JUL24ATHHOU-HOU,33,67,87,yes
1753405816356,1753405816,KXMLBGAME-25JUL24ATHHOU-HOU,33,67,300,yes
1753405816356,1753405816,KXMLBGAME-25JUL24ATHHOU-HOU,33,67,200,yes
1753405816356,1753405816,KXMLBGAME-25JUL24ATHHOU-HOU,33,67,193,yes
1753405816402,1753405816,KXMLBGAME-25JUL24ATHHOU-ATH,70,30,19,yes
1753405821935,1753405821,KXMLBGAME-25JUL24ATHHOU-HOU,33,67,2,yes
1753405823454,1753405823,KXMLBGAME-25JUL24ATHHOU-HOU,30,70,276,no
1753405823454,1753405823,KXMLBGAME-25JUL24ATHHOU-HOU,30,70,87,no
1753405828123,1753405828,KXMLBGAME-25JUL24ATHHOU-ATH,70,30,190,yes
1753405830117,1753405830,KXMLBGAME-25JUL24SEALAA-SEA,44,56,21,yes
1753405830117,1753405830,KXMLBGAME-25JUL24ATHHOU-ATH,77,23,10,yes
1753405830117,1753405830,KXMLBGAME-25JUL24ATHHOU-ATH,77,23,690,yes
1753405830234,1753405830,KXMLBGAME-25JUL24ATHHOU-HOU,23,77,79,no
1753405831013,1753405830,KXMLBGAME-25JUL24ATHHOU-HOU,23,77,60,no
1753405831013,1753405830,KXMLBGAME-25JUL24ATHHOU-HOU,22,78,690,no
1753405831094,1753405830,KXMLBGAME-25JUL24ATHHOU-ATH,78,22,1156,yes
1753405831094,1753405830,KXMLBGAME-25JUL24ATHHOU-ATH,78,22,793,yes
1753405831094,1753405830,KXMLBGAME-25JUL24ATHHOU-ATH,78,22,60,yes
1753405833333,1753405833,KXMLBGAME-25JUL24ATHHOU-HOU,22,78,87,yes
1753405833333,1753405833,KXMLBGAME-25JUL24ATHHOU-HOU,23,77,19,yes
1753405835998,1753405835,KXMLBGAME-25JUL24SDSTL-SD,15,85,6,yes
1753405840862,1753405840,KXMLBGAME-25JUL24SDSTL-STL,85,15,1,no
1753405840956,1753405840,KXMLBGAME-25JUL24SDSTL-SD,15,85,4,yes
1753405844099,1753405844,KXMLBGAME-25JUL24ATHHOU-HOU,23,77,87,yes
1753405844099,1753405844,KXMLBGAME-25JUL24ATHHOU-HOU,24,76,312,yes
1753405848978,1753405848,KXMLBGAME-25JUL24SDSTL-SD,18,82,87,yes
1753405848978,1753405848,KXMLBGAME-25JUL24SDSTL-SD,18,82,44,yes
1753405850757,1753405850,KXMLBGAME-25JUL24SEALAA-SEA,44,56,24,yes
1753405850954,1753405850,KXMLBGAME-25JUL24SDSTL-STL,85,15,29,yes
1753405855855,1753405855,KXMLBGAME-25JUL24ATHHOU-HOU,23,77,8,yes
1753405859537,1753405859,KXMLBGAME-25JUL24SDSTL-STL,85,15,53,yes
1753405859537,1753405859,KXMLBGAME-25JUL24SDSTL-STL,85,15,58,yes
1753405859694,1753405859,KXMLBGAME-25JUL24SEALAA-SEA,44,56,66,yes
1753405859795,1753405859,KXMLBGAME-25JUL24SEALAA-SEA,44,56,43,yes
1753405862256,1753405862,KXMLBGAME-25JUL24ATHHOU-HOU,29,71,32,yes
1753405863207,1753405863,KXMLBGAME-25JUL24ATHHOU-HOU,29,71,55,yes
1753405863207,1753405863,KXMLBGAME-25JUL24ATHHOU-HOU,29,71,32,yes
1753405863208,1753405863,KXMLBGAME-25JUL24ATHHOU-HOU,30,70,74,yes
1753405863416,1753405863,KXMLBGAME-25JUL24SEALAA-SEA,44,56,218,yes
1753405866074,1753405866,KXMLBGAME-25JUL24SEALAA-SEA,44,56,21,yes
1753405870834,1753405870,KXMLBGAME-25JUL24ATHHOU-HOU,22,78,100,no
1753405871755,1753405871,KXMLBGAME-25JUL24ATHHOU-ATH,78,22,4,no
1753405877358,1753405877,KXMLBGAME-25JUL24ATHHOU-ATH,79,21,62,yes
1753405877795,1753405877,KXMLBGAME-25JUL24ATHHOU-HOU,22,78,409,yes
1753405877795,1753405877,KXMLBGAME-25JUL24SEALAA-SEA,44,56,35,yes
1753405879682,1753405879,KXMLBGAME-25JUL24TORDET-TOR,99,1,21,no
1753405881332,1753405881,KXMLBGAME-25JUL24ATHHOU-HOU,22,78,425,yes
1753405883875,1753405883,KXMLBGAME-25JUL24SDSTL-STL,88,12,2,yes
1753405885019,1753405884,KXMLBGAME-25JUL24ATHHOU-HOU,23,77,20,yes
1753405885318,1753405885,KXMLBGAME-25JUL24ATHHOU-HOU,23,77,80,yes
1753405886075,1753405886,KXMLBGAME-25JUL24SDSTL-STL,79,21,21,no
1753405887274,1753405887,KXMLBGAME-25JUL24ATHHOU-ATH,80,20,28,yes
1753405887674,1753405887,KXMLBGAME-25JUL24SDSTL-STL,79,21,30,no
1753405888674,1753405888,KXMLBGAME-25JUL24SDSTL-SD,25,75,7,yes
1753405890315,1753405890,KXMLBGAME-25JUL24SDSTL-STL,87,13,2,yes
1753405893816,1753405893,KXMLBGAME-25JUL24TORDET-TOR,99,1,79,no
1753405896075,1753405896,KXMLBGAME-25JUL24ATHHOU-HOU,21,79,56,no
1753405897454,1753405897,KXMLBGAME-25JUL24SEALAA-SEA,44,56,46,yes
1753405898777,1753405898,KXMLBGAME-25JUL24SDSTL-SD,28,72,37,yes
1753405898777,1753405898,KXMLBGAME-25JUL24SDSTL-SD,28,72,21,yes
1753405898777,1753405898,KXMLBGAME-25JUL24SDSTL-SD,29,71,87,yes
1753405898777,1753405898,KXMLBGAME-25JUL24SDSTL-SD,29,71,20,yes
1753405899955,1753405899,KXMLBGAME-25JUL24SDSTL-STL,73,27,13,yes
1753405901515,1753405901,KXMLBGAME-25JUL24SDSTL-STL,74,26,1,yes
1753405902794,1753405902,KXMLBGAME-25JUL24SDSTL-SD,29,71,164,yes
1753405903037,1753405902,KXMLBGAME-25JUL24SDSTL-SD,29,71,32,yes
1753405906754,1753405906,KXMLBGAME-25JUL24ATHHOU-ATH,80,20,246,yes
1753405907275,1753405907,KXMLBGAME-25JUL24SDSTL-STL,74,26,31,yes
1753405910995,1753405910,KXMLBGAME-25JUL24SDSTL-SD,26,74,300,no
1753405910995,1753405910,KXMLBGAME-25JUL24SDSTL-SD,26,74,50,no
1753405916313,1753405916,KXMLBGAME-25JUL24SDSTL-SD,26,74,50,no
1753405923834,1753405923,KXMLBGAME-25JUL24SDSTL-SD,27,73,10,yes
1753405925113,1753405925,KXMLBGAME-25JUL24SDSTL-STL,73,27,66,yes
1753405925435,1753405925,KXMLBGAME-25JUL24SDSTL-SD,27,73,70,yes
1753405925682,1753405925,KXMLBGAME-25JUL24SDSTL-SD,27,73,20,yes
1753405927856,1753405927,KXMLBGAME-25JUL24SEALAA-LAA,57,43,1240,yes
1753405927856,1753405927,KXMLBGAME-25JUL24SEALAA-LAA,58,42,287,yes
1753405929776,1753405929,KXMLBGAME-25JUL24ATHHOU-HOU,21,79,87,yes
1753405932834,1753405932,KXMLBGAME-25JUL24SDSTL-SD,30,70,87,yes
1753405932834,1753405932,KXMLBGAME-25JUL24SDSTL-SD,30,70,300,yes
1753405932834,1753405932,KXMLBGAME-25JUL24SDSTL-SD,30,70,559,yes
1753405933134,1753405933,KXMLBGAME-25JUL24SDSTL-SD,30,70,15,yes
1753405935353,1753405935,KXMLBGAME-25JUL24ATHHOU-HOU,22,78,12,yes
1753405936834,1753405936,KXMLBGAME-25JUL24SEALAA-SEA,44,56,16,yes
1753405939037,1753405938,KXMLBGAME-25JUL24SDSTL-SD,27,73,34,no
1753405939335,1753405939,KXMLBGAME-25JUL24ATHHOU-ATH,81,19,300,yes
1753405944916,1753405944,KXMLBGAME-25JUL24SDSTL-STL,73,27,33,yes
1753405945017,1753405944,KXMLBGAME-25JUL24SDSTL-SD,30,70,63,yes
1753405948516,1753405948,KXMLBGAME-25JUL24SDSTL-SD,27,73,38,no
1753405952155,1753405952,KXMLBGAME-25JUL24SDSTL-SD,28,72,170,yes
1753405953885,1753405953,KXMLBGAME-25JUL24ATHHOU-HOU,22,78,100,yes
1753405954455,1753405954,KXMLBGAME-25JUL24SDSTL-STL,71,29,300,no
1753405954455,1753405954,KXMLBGAME-25JUL24SDSTL-STL,70,30,87,no
1753405954455,1753405954,KXMLBGAME-25JUL24SDSTL-STL,70,30,13,no
1753405956876,1753405956,KXMLBGAME-25JUL24SDSTL-STL,74,26,37,yes
1753405964714,1753405964,KXMLBGAME-25JUL24SDSTL-SD,28,72,1,yes
1753405965476,1753405965,KXMLBGAME-25JUL24ATHHOU-ATH,81,19,150,yes
1753405966256,1753405966,KXMLBGAME-25JUL24ATHHOU-HOU,22,78,188,yes
1753405966256,1753405966,KXMLBGAME-25JUL24ATHHOU-HOU,22,78,23,yes
1753405975228,1753405975,KXMLBGAME-25JUL24ATHHOU-HOU,22,78,8,yes
1753405983735,1753405983,KXMLBGAME-25JUL24SEALAA-SEA,44,56,218,yes
1753405984935,1753405984,KXMLBGAME-25JUL24ATHHOU-ATH,81,19,17,yes
1753405992755,1753405992,KXMLBGAME-25JUL24ATHHOU-HOU,21,79,8,no
1753405993516,1753405993,KXMLBGAME-25JUL24ATHHOU-HOU,21,79,5,no
1753405993516,1753405993,KXMLBGAME-25JUL24ATHHOU-HOU,21,79,42,no
1753405994517,1753405994,KXMLBGAME-25JUL24SDSTL-SD,28,72,300,yes
1753405994517,1753405994,KXMLBGAME-25JUL24SDSTL-SD,29,71,38,yes
1753405995215,1753405995,KXMLBGAME-25JUL24ATHHOU-HOU,22,78,8,yes
1753405997475,1753405997,KXMLBGAME-25JUL24SEALAA-SEA,44,56,935,yes
1753405997476,1753405997,KXMLBGAME-25JUL24SEALAA-SEA,44,56,87,yes
1753405997476,1753405997,KXMLBGAME-25JUL24SEALAA-SEA,44,56,50,yes
1753405998756,1753405998,KXMLBGAME-25JUL24SDSTL-SD,28,72,6,yes
1753406000694,1753406000,KXMLBGAME-25JUL24ATHHOU-ATH,81,19,5,yes
1753406003198,1753406003,KXMLBGAME-25JUL24SEALAA-SEA,43,57,4,no
1753406005354,1753406005,KXMLBGAME-25JUL24ATHHOU-HOU,22,78,21,yes
1753406009135,1753406009,KXMLBGAME-25JUL24SDSTL-STL,74,26,10,yes
1753406017433,1753406017,KXMLBGAME-25JUL24SDSTL-SD,27,73,25,yes
1753406018592,1753406018,KXMLBGAME-25JUL24SDSTL-STL,74,26,77,yes
1753406018592,1753406018,KXMLBGAME-25JUL24SDSTL-STL,74,26,10,yes
1753406018592,1753406018,KXMLBGAME-25JUL24SDSTL-STL,75,25,300,yes
1753406018593,1753406018,KXMLBGAME-25JUL24SDSTL-STL,76,24,110,yes
1753406021014,1753406020,KXMLBGAME-25JUL24SDSTL-SD,27,73,35,yes
1753406021475,1753406021,KXMLBGAME-25JUL24SDSTL-SD,27,73,704,yes
1753406027115,1753406027,KXMLBGAME-25JUL24ATHHOU-HOU,21,79,5,no
1753406027455,1753406027,KXMLBGAME-25JUL24SDSTL-SD,26,74,176,yes
1753406028380,1753406028,KXMLBGAME-25JUL24SDSTL-SD,26,74,124,yes
1753406028380,1753406028,KXMLBGAME-25JUL24SDSTL-SD,27,73,585,yes
1753406029836,1753406029,KXMLBGAME-25JUL24SDSTL-SD,27,73,176,yes
1753406031115,1753406031,KXMLBGAME-25JUL24ATHHOU-HOU,22,78,19,yes
1753406031115,1753406031,KXMLBGAME-25JUL24ATHHOU-HOU,22,78,2,yes
1753406032016,1753406031,KXMLBGAME-25JUL24TORDET-TOR,99,1,145,no
1753406034056,1753406033,KXMLBGAME-25JUL24SDSTL-SD,26,74,300,yes
1753406034056,1753406033,KXMLBGAME-25JUL24SDSTL-SD,27,73,415,yes
1753406034438,1753406034,KXMLBGAME-25JUL24ATHHOU-ATH,81,19,6,yes
1753406040795,1753406040,KXMLBGAME-25JUL24ATHHOU-HOU,21,79,53,no
1753406041534,1753406041,KXMLBGAME-25JUL24SDSTL-SD,26,74,25,yes
1753406043532,1753406043,KXMLBGAME-25JUL24ATHHOU-ATH,81,19,59,yes
1753406043532,1753406043,KXMLBGAME-25JUL24ATHHOU-ATH,81,19,300,yes
1753406043533,1753406043,KXMLBGAME-25JUL24ATHHOU-ATH,81,19,17,yes
1753406043533,1753406043,KXMLBGAME-25JUL24ATHHOU-ATH,81,19,5,yes
1753406043533,1753406043,KXMLBGAME-25JUL24ATHHOU-ATH,81,19,6,yes
1753406043533,1753406043,KXMLBGAME-25JUL24ATHHOU-ATH,82,18,2062,yes
1753406046055,1753406046,KXMLBGAME-25JUL24ATHHOU-ATH,82,18,18,yes
1753406046756,1753406046,KXMLBGAME-25JUL24SDSTL-SD,26,74,36,yes
1753406046974,1753406046,KXMLBGAME-25JUL24SEALAA-SEA,44,56,437,yes
1753406047053,1753406047,KXMLBGAME-25JUL24ATHHOU-HOU,21,79,59,yes
1753406047513,1753406047,KXMLBGAME-25JUL24SDSTL-STL,76,24,65,yes
1753406047513,1753406047,KXMLBGAME-25JUL24SDSTL-STL,77,23,58,yes
1753406049637,1753406049,KXMLBGAME-25JUL24SEALAA-LAA,56,44,825,no
1753406049637,1753406049,KXMLBGAME-25JUL24SEALAA-LAA,56,44,444,no
1753406052435,1753406052,KXMLBGAME-25JUL24SDSTL-SD,26,74,182,yes
1753406053595,1753406053,KXMLBGAME-25JUL24SDSTL-STL,76,24,49,yes
1753406053774,1753406053,KXMLBGAME-25JUL24SDSTL-STL,76,24,36,yes
1753406053774,1753406053,KXMLBGAME-25JUL24SDSTL-STL,77,23,206,yes
1753406054156,1753406054,KXMLBGAME-25JUL24ATHHOU-HOU,21,79,225,yes
1753406059134,1753406059,KXMLBGAME-25JUL24SDSTL-SD,22,78,215,yes
1753406060296,1753406060,KXMLBGAME-25JUL24SDSTL-SD,20,80,231,no
1753406060537,1753406060,KXMLBGAME-25JUL24ATHHOU-HOU,20,80,17,no
1753406067907,1753406067,KXMLBGAME-25JUL24SDSTL-SD,22,78,87,yes
1753406067907,1753406067,KXMLBGAME-25JUL24SDSTL-SD,22,78,128,yes
1753406067907,1753406067,KXMLBGAME-25JUL24SDSTL-STL,80,20,24,yes
1753406069013,1753406068,KXMLBGAME-25JUL24ATHHOU-HOU,21,79,45,yes
1753406072412,1753406072,KXMLBGAME-25JUL24SDSTL-SD,21,79,68,yes
1753406072412,1753406072,KXMLBGAME-25JUL24SDSTL-SD,22,78,2949,yes
1753406072628,1753406072,KXMLBGAME-25JUL24ATHHOU-HOU,21,79,4516,yes
1753406072836,1753406072,KXMLBGAME-25JUL24SDSTL-SD,22,78,344,yes
1753406079055,1753406079,KXMLBGAME-25JUL24ATHHOU-ATH,81,19,24,yes
1753406084905,1753406084,KXMLBGAME-25JUL24ATHHOU-ATH,81,19,1,yes
1753406086619,1753406086,KXMLBGAME-25JUL24SEALAA-SEA,44,56,87,yes
1753406087235,1753406087,KXMLBGAME-25JUL24SDSTL-STL,80,20,12,yes
1753406092153,1753406092,KXMLBGAME-25JUL24SDSTL-SD,22,78,1,yes
1753406095715,1753406095,KXMLBGAME-25JUL24ATHHOU-ATH,80,20,5,no
1753406096992,1753406096,KXMLBGAME-25JUL24SDSTL-SD,22,78,431,yes
1753406100815,1753406100,KXMLBGAME-25JUL24ATHHOU-HOU,21,79,10,no
1753406101391,1753406101,KXMLBGAME-25JUL24SDSTL-SD,21,79,1,yes
1753406101391,1753406101,KXMLBGAME-25JUL24SDSTL-SD,22,78,106,yes
1753406103075,1753406103,KXMLBGAME-25JUL24ATHHOU-ATH,80,20,12,yes
1753406105775,1753406105,KXMLBGAME-25JUL24SDSTL-STL,81,19,18,yes
1753406115420,1753406115,KXMLBGAME-25JUL24ATHHOU-ATH,80,20,24,yes
1753406117237,1753406117,KXMLBGAME-25JUL24ATHHOU-HOU,22,78,43,yes
1753406118972,1753406118,KXMLBGAME-25JUL24ATHHOU-ATH,80,20,25,yes
1753406121414,1753406121,KXMLBGAME-25JUL24ATHHOU-ATH,80,20,9,yes
1753406121414,1753406121,KXMLBGAME-25JUL24ATHHOU-ATH,81,19,37,yes
1753406130713,1753406130,KXMLBGAME-25JUL24ATHHOU-HOU,22,78,30,yes
1753406130713,1753406130,KXMLBGAME-25JUL24ATHHOU-HOU,22,78,32,yes
1753406130713,1753406130,KXMLBGAME-25JUL24ATHHOU-HOU,22,78,200,yes
1753406130713,1753406130,KXMLBGAME-25JUL24ATHHOU-HOU,22,78,61,yes
1753406133146,1753406133,KXMLBGAME-25JUL24SEALAA-SEA,44,56,802,yes
1753406139384,1753406139,KXMLBGAME-25JUL24SEALAA-SEA,43,57,6,no
1753406139454,1753406139,KXMLBGAME-25JUL24ATHHOU-ATH,79,21,80,no
1753406146007,1753406145,KXMLBGAME-25JUL24SDSTL-STL,70,30,45,yes
1753406147054,1753406147,KXMLBGAME-25JUL24SDSTL-STL,70,30,33,yes
1753406147256,1753406147,KXMLBGAME-25JUL24SDSTL-STL,70,30,25,yes
1753406148516,1753406148,KXMLBGAME-25JUL24SDSTL-SD,30,70,19,no
1753406148517,1753406148,KXMLBGAME-25JUL24SDSTL-SD,30,70,81,no
1753406150054,1753406149,KXMLBGAME-25JUL24SDSTL-STL,70,30,14,yes
1753406150054,1753406149,KXMLBGAME-25JUL24SDSTL-STL,70,30,83,yes
1753406150095,1753406150,KXMLBGAME-25JUL24ATHHOU-HOU,22,78,5,yes
1753406150675,1753406150,KXMLBGAME-25JUL24ATHHOU-ATH,80,20,200,yes
1753406150675,1753406150,KXMLBGAME-25JUL24ATHHOU-ATH,80,20,61,yes
1753406150776,1753406150,KXMLBGAME-25JUL24ATHHOU-HOU,21,79,90,no
1753406150776,1753406150,KXMLBGAME-25JUL24ATHHOU-HOU,20,80,63,no
1753406150776,1753406150,KXMLBGAME-25JUL24ATHHOU-HOU,20,80,10,no
1753406151198,1753406151,KXMLBGAME-25JUL24SDSTL-SD,30,70,219,no
1753406151198,1753406151,KXMLBGAME-25JUL24SDSTL-SD,30,70,11,no
1753406151198,1753406151,KXMLBGAME-25JUL24SDSTL-SD,29,71,120,no
1753406153456,1753406153,KXMLBGAME-25JUL24SDSTL-STL,70,30,8,yes
1753406154517,1753406154,KXMLBGAME-25JUL24ATHHOU-HOU,21,79,300,yes
1753406154517,1753406154,KXMLBGAME-25JUL24ATHHOU-HOU,21,79,151,yes
1753406154818,1753406154,KXMLBGAME-25JUL24SDSTL-SD,30,70,6,no
1753406154818,1753406154,KXMLBGAME-25JUL24SDSTL-SD,30,70,176,no
1753406156336,1753406156,KXMLBGAME-25JUL24ATHHOU-ATH,80,20,63,no
1753406157776,1753406157,KXMLBGAME-25JUL24TORDET-TOR,99,1,21,no
1753406158774,1753406158,KXMLBGAME-25JUL24SDSTL-STL,71,29,276,yes
1753406159780,1753406159,KXMLBGAME-25JUL24SDSTL-STL,70,30,17,no
1753406161296,1753406161,KXMLBGAME-25JUL24SEALAA-SEA,43,57,80,no
1753406161975,1753406161,KXMLBGAME-25JUL24ATHHOU-HOU,20,80,49,yes
1753406163256,1753406163,KXMLBGAME-25JUL24SDSTL-STL,70,30,67,yes
1753406166825,1753406166,KXMLBGAME-25JUL24SDSTL-SD,32,68,59,yes
1753406167696,1753406167,KXMLBGAME-25JUL24SDSTL-SD,32,68,29,yes
1753406169595,1753406169,KXMLBGAME-25JUL24SDSTL-SD,32,68,596,yes
1753406170455,1753406170,KXMLBGAME-25JUL24ATHHOU-ATH,81,19,85,no
1753406170575,1753406170,KXMLBGAME-25JUL24SEALAA-LAA,58,42,83,yes
1753406171009,1753406170,KXMLBGAME-25JUL24SDSTL-STL,70,30,4,yes
1753406171009,1753406170,KXMLBGAME-25JUL24SDSTL-STL,70,30,32,yes
1753406171435,1753406171,KXMLBGAME-25JUL24SEALAA-LAA,56,44,17,no
1753406178135,1753406178,KXMLBGAME-25JUL24SDSTL-SD,31,69,30,yes
1753406182195,1753406182,KXMLBGAME-25JUL24ATHHOU-ATH,81,19,7,no
1753406186436,1753406186,KXMLBGAME-25JUL24SEALAA-LAA,58,42,125,yes
1753406186535,1753406186,KXMLBGAME-25JUL24SEALAA-LAA,58,42,75,yes
1753406187074,1753406187,KXMLBGAME-25JUL24ATHHOU-ATH,82,18,120,yes
1753406187516,1753406187,KXMLBGAME-25JUL24ATHHOU-ATH,81,19,208,no
1753406188197,1753406188,KXMLBGAME-25JUL24SDSTL-SD,31,69,83,yes
1753406189515,1753406189,KXMLBGAME-25JUL24SDSTL-SD,31,69,30,yes
1753406190070,1753406189,KXMLBGAME-25JUL24SDSTL-SD,31,69,3,yes
1753406192616,1753406192,KXMLBGAME-25JUL24ATHHOU-HOU,17,83,100,no
1753406192616,1753406192,KXMLBGAME-25JUL24ATHHOU-HOU,16,84,300,no
1753406192616,1753406192,KXMLBGAME-25JUL24ATHHOU-HOU,16,84,300,no
1753406192616,1753406192,KXMLBGAME-25JUL24ATHHOU-ATH,84,16,10,yes
1753406194455,1753406194,KXMLBGAME-25JUL24ATHHOU-HOU,19,81,49,yes
1753406195235,1753406195,KXMLBGAME-25JUL24ATHHOU-HOU,14,86,100,no
1753406196257,1753406196,KXMLBGAME-25JUL24TORDET-TOR,99,1,20,no
1753406196916,1753406196,KXMLBGAME-25JUL24SDSTL-SD,31,69,4,yes
1753406196916,1753406196,KXMLBGAME-25JUL24SDSTL-SD,32,68,11,yes
1753406197474,1753406197,KXMLBGAME-25JUL24ATHHOU-HOU,14,86,60,yes
1753406197633,1753406197,KXMLBGAME-25JUL24SDSTL-SD,32,68,59,yes
1753406200134,1753406200,KXMLBGAME-25JUL24SDSTL-SD,32,68,1491,yes
1753406200375,1753406200,KXMLBGAME-25JUL24SDSTL-SD,30,70,3,no
1753406200375,1753406200,KXMLBGAME-25JUL24SDSTL-SD,30,70,3,no
1753406206034,1753406205,KXMLBGAME-25JUL24ATHHOU-ATH,87,13,143,no
1753406210238,1753406210,KXMLBGAME-25JUL24SDSTL-STL,70,30,3,yes
1753406210238,1753406210,KXMLBGAME-25JUL24SDSTL-STL,71,29,549,yes
1753406210955,1753406210,KXMLBGAME-25JUL24SDSTL-SD,33,67,5,yes
1753406211338,1753406211,KXMLBGAME-25JUL24ATHHOU-HOU,13,87,36,yes
1753406212696,1753406212,KXMLBGAME-25JUL24SDSTL-SD,33,67,295,yes
1753406212696,1753406212,KXMLBGAME-25JUL24SDSTL-SD,33,67,200,yes
1753406212696,1753406212,KXMLBGAME-25JUL24SDSTL-SD,33,67,300,yes
1753406212696,1753406212,KXMLBGAME-25JUL24SDSTL-SD,33,67,90,yes
1753406214358,1753406214,KXMLBGAME-25JUL24ATHHOU-HOU,11,89,2859,no
1753406215315,1753406215,KXMLBGAME-25JUL24TORDET-TOR,99,1,20,no
1753406215956,1753406215,KXMLBGAME-25JUL24SEALAA-SEA,44,56,21,yes
1753406221254,1753406221,KXMLBGAME-25JUL24SDSTL-SD,32,68,131,yes
1753406224014,1753406223,KXMLBGAME-25JUL24ATHHOU-HOU,11,89,82,no
1753406224396,1753406224,KXMLBGAME-25JUL24ATHHOU-HOU,14,86,56,yes
1753406224396,1753406224,KXMLBGAME-25JUL24ATHHOU-HOU,14,86,300,yes
1753406224396,1753406224,KXMLBGAME-25JUL24ATHHOU-HOU,14,86,317,yes
1753406225434,1753406225,KXMLBGAME-25JUL24SDSTL-SD,32,68,69,yes
1753406225435,1753406225,KXMLBGAME-25JUL24SDSTL-SD,32,68,20,yes
1753406226494,1753406226,KXMLBGAME-25JUL24ATHHOU-HOU,14,86,33,yes
1753406226936,1753406226,KXMLBGAME-25JUL24ATHHOU-HOU,14,86,336,yes
1753406227254,1753406227,KXMLBGAME-25JUL24SEALAA-LAA,58,42,8,yes
1753406228359,1753406228,KXMLBGAME-25JUL24SDSTL-SD,32,68,280,yes
1753406228359,1753406228,KXMLBGAME-25JUL24SDSTL-SD,32,68,87,yes
1753406228359,1753406228,KXMLBGAME-25JUL24SDSTL-SD,32,68,300,yes
1753406228359,1753406228,KXMLBGAME-25JUL24SDSTL-SD,32,68,212,yes
1753406229393,1753406229,KXMLBGAME-25JUL24ATHHOU-HOU,14,86,13,yes
1753406230714,1753406230,KXMLBGAME-25JUL24SEALAA-SEA,44,56,4,yes
1753406231739,1753406231,KXMLBGAME-25JUL24SDSTL-SD,32,68,21,yes
1753406233713,1753406233,KXMLBGAME-25JUL24ATHHOU-HOU,14,86,673,yes
1753406237839,1753406237,KXMLBGAME-25JUL24SDSTL-SD,32,68,14,yes
1753406238516,1753406238,KXMLBGAME-25JUL24SDSTL-STL,71,29,2,yes
1753406238516,1753406238,KXMLBGAME-25JUL24SDSTL-STL,71,29,66,yes
1753406240145,1753406239,KXMLBGAME-25JUL24ATHHOU-HOU,14,86,33,yes
1753406241757,1753406241,KXMLBGAME-25JUL24ATHHOU-ATH,88,12,22,yes
1753406242196,1753406242,KXMLBGAME-25JUL24SDSTL-STL,71,29,1,yes
1753406244242,1753406244,KXMLBGAME-25JUL24ATHHOU-ATH,88,12,58,yes
1753406244242,1753406244,KXMLBGAME-25JUL24ATHHOU-ATH,88,12,142,yes
1753406248575,1753406248,KXMLBGAME-25JUL24SDSTL-SD,32,68,11,yes
1753406248956,1753406248,KXMLBGAME-25JUL24SDSTL-SD,32,68,59,yes
1753406249336,1753406249,KXMLBGAME-25JUL24SDSTL-SD,29,71,2,no
1753406249336,1753406249,KXMLBGAME-25JUL24SDSTL-SD,29,71,285,no
1753406251917,1753406251,KXMLBGAME-25JUL24SDSTL-STL,71,29,133,yes
1753406251917,1753406251,KXMLBGAME-25JUL24SDSTL-STL,71,29,5,yes
1753406252717,1753406252,KXMLBGAME-25JUL24SDSTL-SD,32,68,1,yes
1753406253149,1753406252,KXMLBGAME-25JUL24ATHHOU-HOU,11,89,300,no
1753406253149,1753406252,KXMLBGAME-25JUL24ATHHOU-HOU,11,89,87,no
1753406253149,1753406252,KXMLBGAME-25JUL24ATHHOU-HOU,11,89,992,no
1753406253149,1753406252,KXMLBGAME-25JUL24ATHHOU-ATH,88,12,1,yes
1753406254575,1753406254,KXMLBGAME-25JUL24SDSTL-STL,70,30,20,no
1753406255089,1753406255,KXMLBGAME-25JUL24SDSTL-STL,70,30,18,yes
1753406255717,1753406255,KXMLBGAME-25JUL24ATHHOU-HOU,14,86,20,yes
1753406256120,1753406256,KXMLBGAME-25JUL24SDSTL-SD,29,71,21,no
1753406256120,1753406256,KXMLBGAME-25JUL24SDSTL-SD,29,71,2,no
1753406256120,1753406256,KXMLBGAME-25JUL24SDSTL-SD,29,71,8,no
1753406257197,1753406257,KXMLBGAME-25JUL24ATHHOU-HOU,11,89,146,no
1753406258307,1753406258,KXMLBGAME-25JUL24SDSTL-STL,70,30,43,yes
1753406259577,1753406259,KXMLBGAME-25JUL24ATHHOU-HOU,14,86,33,yes
1753406260393,1753406260,KXMLBGAME-25JUL24ATHHOU-HOU,11,89,40,no
1753406260413,1753406260,KXMLBGAME-25JUL24SDSTL-SD,32,68,14,yes
1753406261956,1753406261,KXMLBGAME-25JUL24SDSTL-SD,32,68,74,yes
1753406262136,1753406262,KXMLBGAME-25JUL24SDSTL-SD,32,68,3,yes
1753406262440,1753406262,KXMLBGAME-25JUL24ATHHOU-ATH,88,12,70,yes
1753406263534,1753406263,KXMLBGAME-25JUL24SDSTL-SD,32,68,38,yes
1753406263534,1753406263,KXMLBGAME-25JUL24SDSTL-SD,32,68,262,yes
1753406264495,1753406264,KXMLBGAME-25JUL24ATHHOU-ATH,88,12,3,yes
1753406266394,1753406266,KXMLBGAME-25JUL24ATHHOU-HOU,14,86,13,yes
1753406267720,1753406267,KXMLBGAME-25JUL24ATHHOU-HOU,11,89,18,no
1753406267721,1753406267,KXMLBGAME-25JUL24SEALAA-SEA,44,56,1091,yes
1753406267721,1753406267,KXMLBGAME-25JUL24SEALAA-SEA,44,56,2,yes
1753406268475,1753406268,KXMLBGAME-25JUL24SEALAA-SEA,44,56,4,yes
1753406268755,1753406268,KXMLBGAME-25JUL24ATHHOU-HOU,11,89,38,no
1753406268956,1753406268,KXMLBGAME-25JUL24SDSTL-SD,32,68,38,yes
1753406268956,1753406268,KXMLBGAME-25JUL24SDSTL-SD,32,68,87,yes
1753406268956,1753406268,KXMLBGAME-25JUL24SDSTL-SD,32,68,175,yes
1753406275268,1753406275,KXMLBGAME-25JUL24SDSTL-SD,33,67,44,yes
1753406275414,1753406275,KXMLBGAME-25JUL24SDSTL-SD,30,70,300,no
1753406275414,1753406275,KXMLBGAME-25JUL24SDSTL-SD,29,71,17,no
1753406275414,1753406275,KXMLBGAME-25JUL24SDSTL-SD,29,71,22,no
1753406275838,1753406275,KXMLBGAME-25JUL24SEALAA-SEA,44,56,218,yes
1753406277934,1753406277,KXMLBGAME-25JUL24SEALAA-SEA,44,56,98,yes
1753406281994,1753406281,KXMLBGAME-25JUL24SDSTL-SD,29,71,10,no
1753406282919,1753406282,KXMLBGAME-25JUL24SDSTL-SD,29,71,32,yes
1753406283534,1753406283,KXMLBGAME-25JUL24SEALAA-LAA,58,42,16,yes
1753406287935,1753406287,KXMLBGAME-25JUL24SDSTL-SD,29,71,258,yes
1753406287935,1753406287,KXMLBGAME-25JUL24SDSTL-SD,30,70,68,yes
1753406290917,1753406290,KXMLBGAME-25JUL24SDSTL-SD,30,70,25,yes
1753406293455,1753406293,KXMLBGAME-25JUL24SDSTL-SD,30,70,15,yes
1753406295977,1753406295,KXMLBGAME-25JUL24ATHHOU-HOU,14,86,6,yes
1753406297634,1753406297,KXMLBGAME-25JUL24SDSTL-SD,30,70,317,yes
1753406297707,1753406297,KXMLBGAME-25JUL24ATHHOU-ATH,86,14,300,no
1753406298195,1753406298,KXMLBGAME-25JUL24SDSTL-SD,30,70,15,yes
1753406305695,1753406305,KXMLBGAME-25JUL24SDSTL-SD,30,70,78,yes
1753406307015,1753406306,KXMLBGAME-25JUL24ATHHOU-HOU,14,86,5,yes
1753406307142,1753406307,KXMLBGAME-25JUL24SEALAA-LAA,58,42,8,yes
1753406307932,1753406307,KXMLBGAME-25JUL24SDSTL-SD,30,70,31,yes
1753406310115,1753406310,KXMLBGAME-25JUL24SEALAA-SEA,44,56,388,yes
1753406311575,1753406311,KXMLBGAME-25JUL24SDSTL-STL,72,28,134,yes
1753406312578,1753406312,KXMLBGAME-25JUL24SDSTL-SD,27,73,300,no
1753406312578,1753406312,KXMLBGAME-25JUL24SDSTL-SD,27,73,29,no
1753406312578,1753406312,KXMLBGAME-25JUL24SDSTL-SD,27,73,871,no
1753406312579,1753406312,KXMLBGAME-25JUL24ATHHOU-ATH,87,13,1,no
1753406316023,1753406315,KXMLBGAME-25JUL24SDSTL-SD,30,70,6,yes
1753406319914,1753406319,KXMLBGAME-25JUL24SEALAA-SEA,43,57,183,no
1753406319914,1753406319,KXMLBGAME-25JUL24SEALAA-SEA,43,57,2,no
1753406319914,1753406319,KXMLBGAME-25JUL24SEALAA-SEA,43,57,4,no
1753406319914,1753406319,KXMLBGAME-25JUL24SEALAA-SEA,43,57,6,no
1753406319914,1753406319,KXMLBGAME-25JUL24SEALAA-SEA,43,57,80,no
1753406320478,1753406320,KXMLBGAME-25JUL24SEALAA-SEA,42,58,2,no
1753406320582,1753406320,KXMLBGAME-25JUL24SEALAA-SEA,42,58,4,no
1753406321247,1753406321,KXMLBGAME-25JUL24SDSTL-STL,72,28,136,yes
1753406323695,1753406323,KXMLBGAME-25JUL24ATHHOU-ATH,89,11,87,yes
1753406323695,1753406323,KXMLBGAME-25JUL24ATHHOU-ATH,90,10,20,yes
1753406323695,1753406323,KXMLBGAME-25JUL24ATHHOU-ATH,90,10,4,yes
1753406324016,1753406323,KXMLBGAME-25JUL24SEALAA-SEA,43,57,44,yes
1753406325710,1753406325,KXMLBGAME-25JUL24SDSTL-SD,30,70,31,yes
1753406326075,1753406326,KXMLBGAME-25JUL24SDSTL-STL,72,28,13,yes
1753406326858,1753406326,KXMLBGAME-25JUL24ATHHOU-HOU,12,88,2,no
1753406329175,1753406329,KXMLBGAME-25JUL24SDSTL-STL,72,28,40,yes
1753406331999,1753406331,KXMLBGAME-25JUL24SDSTL-SD,29,71,16,yes
1753406332757,1753406332,KXMLBGAME-25JUL24ATHHOU-HOU,12,88,98,no
1753406332757,1753406332,KXMLBGAME-25JUL24ATHHOU-HOU,11,89,69,no
1753406333258,1753406333,KXMLBGAME-25JUL24ATHHOU-ATH,89,11,27,yes
1753406334660,1753406334,KXMLBGAME-25JUL24TORDET-TOR,99,1,19,no
1753406337015,1753406336,KXMLBGAME-25JUL24ATHHOU-HOU,13,87,36,yes
1753406340835,1753406340,KXMLBGAME-25JUL24SEALAA-SEA,43,57,9,yes
1753406341603,1753406341,KXMLBGAME-25JUL24ATHHOU-ATH,88,12,113,yes
1753406344286,1753406344,KXMLBGAME-25JUL24SDSTL-SD,29,71,4,yes
1753406345822,1753406345,KXMLBGAME-25JUL24SDSTL-SD,29,71,62,yes
1753406346356,1753406346,KXMLBGAME-25JUL24SDSTL-SD,27,73,7,no
1753406347214,1753406346,KXMLBGAME-25JUL24SEALAA-SEA,43,57,11,yes
1753406348485,1753406348,KXMLBGAME-25JUL24SDSTL-SD,29,71,131,yes
1753406350156,1753406350,KXMLBGAME-25JUL24ATHHOU-HOU,11,89,166,no
1753406350576,1753406350,KXMLBGAME-25JUL24SDSTL-SD,29,71,658,yes
1753406350576,1753406350,KXMLBGAME-25JUL24SDSTL-SD,30,70,132,yes
1753406350576,1753406350,KXMLBGAME-25JUL24SDSTL-SD,30,70,300,yes
1753406350576,1753406350,KXMLBGAME-25JUL24SDSTL-SD,30,70,87,yes
1753406350576,1753406350,KXMLBGAME-25JUL24SDSTL-SD,31,69,200,yes
1753406350577,1753406350,KXMLBGAME-25JUL24SDSTL-SD,31,69,300,yes
1753406350577,1753406350,KXMLBGAME-25JUL24SDSTL-SD,32,68,300,yes
1753406350577,1753406350,KXMLBGAME-25JUL24SDSTL-SD,32,68,600,yes
1753406350577,1753406350,KXMLBGAME-25JUL24SDSTL-SD,38,62,434,yes
1753406351375,1753406351,KXMLBGAME-25JUL24ATHHOU-HOU,13,87,4,yes
1753406354289,1753406354,KXMLBGAME-25JUL24SDSTL-STL,72,28,136,yes
1753406354376,1753406354,KXMLBGAME-25JUL24ATHHOU-HOU,11,89,21,no
1753406356984,1753406356,KXMLBGAME-25JUL24SDSTL-SD,30,70,91,yes
1753406363383,1753406363,KXMLBGAME-25JUL24ATHHOU-ATH,87,13,100,no
1753406364151,1753406364,KXMLBGAME-25JUL24ATHHOU-ATH,88,12,11,yes
1753406365716,1753406365,KXMLBGAME-25JUL24SDSTL-SD,30,70,9,yes
1753406366338,1753406366,KXMLBGAME-25JUL24ATHHOU-HOU,11,89,194,no
1753406369988,1753406369,KXMLBGAME-25JUL24SDSTL-SD,29,71,3,yes
1753406373913,1753406373,KXMLBGAME-25JUL24SEALAA-LAA,58,42,15,yes
1753406374536,1753406374,KXMLBGAME-25JUL24ATHHOU-HOU,14,86,300,yes
1753406374536,1753406374,KXMLBGAME-25JUL24ATHHOU-HOU,14,86,87,yes
1753406374536,1753406374,KXMLBGAME-25JUL24ATHHOU-HOU,14,86,1634,yes
1753406375928,1753406375,KXMLBGAME-25JUL24ATHHOU-HOU,14,86,673,yes
1753406377277,1753406377,KXMLBGAME-25JUL24SDSTL-SD,29,71,4,yes
1753406377277,1753406377,KXMLBGAME-25JUL24SDSTL-SD,30,70,5,yes
1753406380115,1753406380,KXMLBGAME-25JUL24SDSTL-SD,30,70,63,yes
1753406380396,1753406380,KXMLBGAME-25JUL24ATHHOU-ATH,88,12,16,yes
1753406380875,1753406380,KXMLBGAME-25JUL24SDSTL-STL,70,30,5,no
1753406382636,1753406382,KXMLBGAME-25JUL24SDSTL-STL,72,28,147,yes
1753406382636,1753406382,KXMLBGAME-25JUL24SDSTL-STL,72,28,6,yes
1753406382636,1753406382,KXMLBGAME-25JUL24SDSTL-STL,72,28,732,yes
1753406383215,1753406383,KXMLBGAME-25JUL24SDSTL-STL,72,28,163,yes
1753406383215,1753406383,KXMLBGAME-25JUL24SDSTL-STL,72,28,14,yes
1753406384336,1753406384,KXMLBGAME-25JUL24ATHHOU-ATH,87,13,3,no
1753406384336,1753406384,KXMLBGAME-25JUL24ATHHOU-ATH,86,14,56,no
1753406385041,1753406384,KXMLBGAME-25JUL24SEALAA-SEA,44,56,23,yes
1753406385434,1753406385,KXMLBGAME-25JUL24SDSTL-SD,30,70,67,yes
1753406387416,1753406387,KXMLBGAME-25JUL24ATHHOU-HOU,11,89,73,no
1753406388282,1753406388,KXMLBGAME-25JUL24SEALAA-SEA,44,56,89,yes
1753406388282,1753406388,KXMLBGAME-25JUL24SEALAA-SEA,44,56,69,yes
1753406388282,1753406388,KXMLBGAME-25JUL24SEALAA-SEA,44,56,60,yes
1753406388514,1753406388,KXMLBGAME-25JUL24SDSTL-SD,30,70,6,yes
1753406388796,1753406388,KXMLBGAME-25JUL24SDSTL-STL,72,28,17,yes
1753406388796,1753406388,KXMLBGAME-25JUL24SDSTL-STL,72,28,10,yes
1753406390174,1753406390,KXMLBGAME-25JUL24ATHHOU-HOU,11,89,33,no
1753406390174,1753406390,KXMLBGAME-25JUL24ATHHOU-HOU,11,89,213,no
1753406390656,1753406390,KXMLBGAME-25JUL24ATHHOU-HOU,14,86,80,yes
1753406390656,1753406390,KXMLBGAME-25JUL24ATHHOU-HOU,14,86,54,yes
1753406390775,1753406390,KXMLBGAME-25JUL24SDSTL-SD,30,70,59,yes
1753406390775,1753406390,KXMLBGAME-25JUL24SDSTL-SD,30,70,4,yes
1753406391800,1753406391,KXMLBGAME-25JUL24SDSTL-SD,27,73,300,no
1753406391800,1753406391,KXMLBGAME-25JUL24SDSTL-SD,27,73,41,no
1753406391800,1753406391,KXMLBGAME-25JUL24SDSTL-SD,27,73,22,no
1753406391800,1753406391,KXMLBGAME-25JUL24SDSTL-SD,27,73,37,no
1753406392877,1753406392,KXMLBGAME-25JUL24SDSTL-SD,30,70,20,yes
1753406393355,1753406393,KXMLBGAME-25JUL24SDSTL-SD,30,70,63,yes
1753406395533,1753406395,KXMLBGAME-25JUL24SDSTL-SD,30,70,63,yes
1753406395894,1753406395,KXMLBGAME-25JUL24ATHHOU-HOU,14,86,134,yes
1753406397055,1753406396,KXMLBGAME-25JUL24SDSTL-STL,72,28,102,yes
1753406397636,1753406397,KXMLBGAME-25JUL24SDSTL-SD,30,70,317,yes
1753406398554,1753406398,KXMLBGAME-25JUL24SEALAA-LAA,58,42,84,yes
1753406399377,1753406399,KXMLBGAME-25JUL24ATHHOU-HOU,11,89,82,no
1753406400403,1753406400,KXMLBGAME-25JUL24SDSTL-SD,30,70,127,yes
1753406401420,1753406401,KXMLBGAME-25JUL24SDSTL-SD,30,70,10,yes
1753406405617,1753406405,KXMLBGAME-25JUL24ATHHOU-ATH,88,12,11,yes
1753406413595,1753406413,KXMLBGAME-25JUL24ATHHOU-ATH,88,12,101,yes
1753406414035,1753406413,KXMLBGAME-25JUL24SDSTL-SD,30,70,9,yes
1753406415756,1753406415,KXMLBGAME-25JUL24SDSTL-STL,72,28,68,yes
1753406416515,1753406416,KXMLBGAME-25JUL24ATHHOU-ATH,88,12,1,yes
1753406418475,1753406418,KXMLBGAME-25JUL24SDSTL-STL,72,28,1,yes
1753406418652,1753406418,KXMLBGAME-25JUL24SDSTL-SD,30,70,16,yes
1753406418652,1753406418,KXMLBGAME-25JUL24SDSTL-SD,30,70,87,yes
1753406418652,1753406418,KXMLBGAME-25JUL24SDSTL-SD,30,70,1,yes
1753406420244,1753406420,KXMLBGAME-25JUL24SDSTL-SD,30,70,299,yes
1753406420244,1753406420,KXMLBGAME-25JUL24SDSTL-SD,31,69,200,yes
1753406420244,1753406420,KXMLBGAME-25JUL24SDSTL-SD,31,69,300,yes
1753406420244,1753406420,KXMLBGAME-25JUL24SDSTL-SD,31,69,1519,yes
1753406420414,1753406420,KXMLBGAME-25JUL24SEALAA-SEA,44,56,55,yes
1753406422293,1753406422,KXMLBGAME-25JUL24TORDET-TOR,99,1,4,no
1753406422293,1753406422,KXMLBGAME-25JUL24TORDET-TOR,99,1,23,no
1753406425315,1753406425,KXMLBGAME-25JUL24SEALAA-SEA,44,56,55,yes
1753406430295,1753406430,KXMLBGAME-25JUL24SDSTL-STL,71,29,138,yes
1753406431123,1753406430,KXMLBGAME-25JUL24TORDET-TOR,99,1,21,no
1753406434558,1753406434,KXMLBGAME-25JUL24SDSTL-SD,30,70,158,yes
1753406435200,1753406435,KXMLBGAME-25JUL24SDSTL-STL,70,30,27,no
1753406435455,1753406435,KXMLBGAME-25JUL24SDSTL-SD,30,70,25,yes
1753406440495,1753406440,KXMLBGAME-25JUL24SDSTL-SD,31,69,10,yes
1753406444126,1753406444,KXMLBGAME-25JUL24SDSTL-STL,71,29,213,yes
1753406444126,1753406444,KXMLBGAME-25JUL24SDSTL-STL,71,29,900,yes
1753406444897,1753406444,KXMLBGAME-25JUL24SEALAA-SEA,44,56,21,yes
1753406446174,1753406446,KXMLBGAME-25JUL24SDSTL-SD,30,70,61,yes
1753406448237,1753406448,KXMLBGAME-25JUL24ATHHOU-ATH,90,10,3,yes
1753406448237,1753406448,KXMLBGAME-25JUL24ATHHOU-ATH,92,8,20,yes
1753406448237,1753406448,KXMLBGAME-25JUL24ATHHOU-ATH,93,7,6,yes
1753406449432,1753406449,KXMLBGAME-25JUL24SDSTL-SD,30,70,15,yes
1753406450972,1753406450,KXMLBGAME-25JUL24SDSTL-SD,30,70,31,yes
1753406451254,1753406451,KXMLBGAME-25JUL24SDSTL-SD,30,70,142,yes
1753406454835,1753406454,KXMLBGAME-25JUL24SDSTL-SD,31,69,541,yes
1753406455653,1753406455,KXMLBGAME-25JUL24SEALAA-SEA,44,56,100,yes
1753406455874,1753406455,KXMLBGAME-25JUL24SDSTL-SD,31,69,2154,yes
1753406460276,1753406460,KXMLBGAME-25JUL24SDSTL-SD,31,69,3,yes
1753406463594,1753406463,KXMLBGAME-25JUL24SEALAA-LAA,58,42,2,yes
1753406466578,1753406466,KXMLBGAME-25JUL24ATHHOU-HOU,13,87,87,no
1753406467057,1753406466,KXMLBGAME-25JUL24ATHHOU-HOU,15,85,251,yes
1753406467076,1753406467,KXMLBGAME-25JUL24ATHHOU-HOU,12,88,100,no
1753406467076,1753406467,KXMLBGAME-25JUL24ATHHOU-HOU,12,88,299,no
1753406467415,1753406467,KXMLBGAME-25JUL24SDSTL-SD,30,70,31,yes
1753406469707,1753406469,KXMLBGAME-25JUL24SDSTL-SD,30,70,238,yes
1753406472508,1753406472,KXMLBGAME-25JUL24SDSTL-SD,29,71,63,yes
1753406474094,1753406474,KXMLBGAME-25JUL24SEALAA-SEA,44,56,870,yes
1753406475871,1753406475,KXMLBGAME-25JUL24SDSTL-SD,29,71,9,yes
1753406479257,1753406479,KXMLBGAME-25JUL24ATHHOU-ATH,87,13,13,yes
1753406482173,1753406482,KXMLBGAME-25JUL24ATHHOU-ATH,87,13,5,yes
1753406483346,1753406483,KXMLBGAME-25JUL24ATHHOU-ATH,87,13,201,yes
1753406483346,1753406483,KXMLBGAME-25JUL24ATHHOU-ATH,88,12,600,yes
1753406483346,1753406483,KXMLBGAME-25JUL24ATHHOU-ATH,88,12,500,yes
1753406483346,1753406483,KXMLBGAME-25JUL24ATHHOU-ATH,88,12,87,yes
1753406483346,1753406483,KXMLBGAME-25JUL24ATHHOU-ATH,89,11,78,yes
1753406488221,1753406488,KXMLBGAME-25JUL24ATHHOU-ATH,88,12,12,yes
1753406490153,1753406490,KXMLBGAME-25JUL24SDSTL-STL,72,28,68,yes
1753406491455,1753406491,KXMLBGAME-25JUL24SDSTL-SD,30,70,23,yes
1753406503536,1753406503,KXMLBGAME-25JUL24ATHHOU-ATH,87,13,500,yes
1753406503536,1753406503,KXMLBGAME-25JUL24ATHHOU-ATH,88,12,59,yes
1753406503536,1753406503,KXMLBGAME-25JUL24ATHHOU-ATH,88,12,300,yes
1753406503536,1753406503,KXMLBGAME-25JUL24ATHHOU-ATH,88,12,200,yes
1753406503536,1753406503,KXMLBGAME-25JUL24ATHHOU-ATH,88,12,300,yes
1753406503536,1753406503,KXMLBGAME-25JUL24ATHHOU-ATH,88,12,9,yes
1753406503536,1753406503,KXMLBGAME-25JUL24ATHHOU-ATH,88,12,600,yes
1753406503536,1753406503,KXMLBGAME-25JUL24ATHHOU-ATH,88,12,394,yes
1753406510574,1753406510,KXMLBGAME-25JUL24SDSTL-SD,30,70,15,yes
1753406512428,1753406512,KXMLBGAME-25JUL24ATHHOU-ATH,88,12,5,yes
1753406514476,1753406514,KXMLBGAME-25JUL24ATHHOU-HOU,14,86,200,yes
1753406514477,1753406514,KXMLBGAME-25JUL24ATHHOU-HOU,14,86,300,yes
1753406514477,1753406514,KXMLBGAME-25JUL24ATHHOU-HOU,15,85,87,yes
1753406514477,1753406514,KXMLBGAME-25JUL24ATHHOU-HOU,15,85,75,yes
1753406518675,1753406518,KXMLBGAME-25JUL24ATHHOU-ATH,86,14,3,no
1753406518675,1753406518,KXMLBGAME-25JUL24ATHHOU-ATH,86,14,10,no
1753406518675,1753406518,KXMLBGAME-25JUL24ATHHOU-ATH,86,14,117,no
1753406521854,1753406521,KXMLBGAME-25JUL24SEALAA-SEA,44,56,973,yes
1753406521940,1753406521,KXMLBGAME-25JUL24ATHHOU-HOU,12,88,300,no
1753406521940,1753406521,KXMLBGAME-25JUL24ATHHOU-HOU,12,88,73,no
1753406521940,1753406521,KXMLBGAME-25JUL24ATHHOU-HOU,12,88,153,no
1753406526964,1753406526,KXMLBGAME-25JUL24SDSTL-STL,73,27,196,yes
1753406527597,1753406527,KXMLBGAME-25JUL24SDSTL-STL,73,27,19,yes
1753406535753,1753406535,KXMLBGAME-25JUL24SEALAA-SEA,44,56,18,yes
1753406539996,1753406539,KXMLBGAME-25JUL24SDSTL-SD,28,72,333,yes
1753406540674,1753406540,KXMLBGAME-25JUL24ATHHOU-HOU,14,86,239,yes
1753406540674,1753406540,KXMLBGAME-25JUL24ATHHOU-HOU,15,85,103,yes
1753406546036,1753406545,KXMLBGAME-25JUL24SDSTL-SD,28,72,68,yes
1753406547475,1753406547,KXMLBGAME-25JUL24SEALAA-SEA,44,56,98,yes
1753406547915,1753406547,KXMLBGAME-25JUL24SEALAA-LAA,58,42,94,yes
1753406548615,1753406548,KXMLBGAME-25JUL24SDSTL-SD,28,72,34,yes
1753406550298,1753406550,KXMLBGAME-25JUL24SDSTL-SD,28,72,17,yes
1753406553614,1753406553,KXMLBGAME-25JUL24ATHHOU-HOU,15,85,25,yes
1753406553977,1753406553,KXMLBGAME-25JUL24ATHHOU-HOU,12,88,38,no
1753406567655,1753406567,KXMLBGAME-25JUL24ATHHOU-ATH,88,12,200,yes
1753406567655,1753406567,KXMLBGAME-25JUL24ATHHOU-ATH,88,12,47,yes
1753406571495,1753406571,KXMLBGAME-25JUL24SDSTL-STL,74,26,51,yes
1753406571495,1753406571,KXMLBGAME-25JUL24SDSTL-STL,74,26,149,yes
1753406573774,1753406573,KXMLBGAME-25JUL24ATHHOU-HOU,12,88,88,no
1753406577474,1753406577,KXMLBGAME-25JUL24SDSTL-SD,28,72,300,yes
1753406577474,1753406577,KXMLBGAME-25JUL24SDSTL-SD,29,71,200,yes
1753406577474,1753406577,KXMLBGAME-25JUL24SDSTL-SD,29,71,300,yes
1753406577474,1753406577,KXMLBGAME-25JUL24SDSTL-SD,29,71,31,yes
1753406581754,1753406581,KXMLBGAME-25JUL24SDSTL-SD,28,72,34,yes
1753406583037,1753406582,KXMLBGAME-25JUL24SDSTL-SD,28,72,170,yes
1753406583195,1753406583,KXMLBGAME-25JUL24ATHHOU-HOU,12,88,13,no
1753406585116,1753406585,KXMLBGAME-25JUL24SDSTL-STL,74,26,66,yes
1753406587496,1753406587,KXMLBGAME-25JUL24SDSTL-SD,28,72,300,yes
1753406587496,1753406587,KXMLBGAME-25JUL24SDSTL-SD,29,71,38,yes
1753406588855,1753406588,KXMLBGAME-25JUL24SDSTL-SD,29,71,18,yes
1753406588855,1753406588,KXMLBGAME-25JUL24SDSTL-SD,29,71,25,yes
1753406588855,1753406588,KXMLBGAME-25JUL24SDSTL-SD,29,71,6,yes
1753406589777,1753406589,KXMLBGAME-25JUL24SEALAA-SEA,44,56,10,yes
1753406592198,1753406592,KXMLBGAME-25JUL24SEALAA-LAA,58,42,2203,yes
1753406592198,1753406592,KXMLBGAME-25JUL24SEALAA-LAA,58,42,83,yes
1753406592198,1753406592,KXMLBGAME-25JUL24SEALAA-LAA,58,42,1063,yes
1753406595394,1753406595,KXMLBGAME-25JUL24SEALAA-SEA,44,56,8,yes
1753406600289,1753406600,KXMLBGAME-25JUL24SDSTL-SD,29,71,16,yes
1753406603820,1753406603,KXMLBGAME-25JUL24ATHHOU-ATH,87,13,2,yes
1753406603976,1753406603,KXMLBGAME-25JUL24ATHHOU-HOU,13,87,246,no
1753406606437,1753406606,KXMLBGAME-25JUL24SDSTL-SD,26,74,150,no
1753406615341,1753406615,KXMLBGAME-25JUL24ATHHOU-ATH,87,13,11,yes
1753406615395,1753406615,KXMLBGAME-25JUL24SDSTL-STL,73,27,1,yes
1753406615737,1753406615,KXMLBGAME-25JUL24ATHHOU-ATH,86,14,133,no
1753406615737,1753406615,KXMLBGAME-25JUL24ATHHOU-ATH,86,14,5,no
1753406617415,1753406617,KXMLBGAME-25JUL24SDSTL-STL,73,27,16,yes
1753406618415,1753406618,KXMLBGAME-25JUL24SDSTL-SD,29,71,37,yes
1753406619697,1753406619,KXMLBGAME-25JUL24ATHHOU-ATH,86,14,6,yes
1753406619697,1753406619,KXMLBGAME-25JUL24ATHHOU-ATH,87,13,70,yes
1753406620617,1753406620,KXMLBGAME-25JUL24SEALAA-LAA,58,42,41,yes
1753406623015,1753406622,KXMLBGAME-25JUL24SEALAA-SEA,42,58,22,no
1753406624418,1753406624,KXMLBGAME-25JUL24SDSTL-SD,29,71,65,yes
1753406627793,1753406627,KXMLBGAME-25JUL24ATHHOU-ATH,87,13,50,yes
1753406630454,1753406630,KXMLBGAME-25JUL24SDSTL-SD,26,74,100,no
1753406630454,1753406630,KXMLBGAME-25JUL24SDSTL-SD,26,74,87,no
1753406630694,1753406630,KXMLBGAME-25JUL24SDSTL-STL,74,26,77,yes
1753406631816,1753406631,KXMLBGAME-25JUL24ATHHOU-HOU,14,86,1,yes
1753406632015,1753406631,KXMLBGAME-25JUL24SDSTL-SD,28,72,10,yes
1753406632404,1753406632,KXMLBGAME-25JUL24SDSTL-STL,75,25,300,yes
1753406634517,1753406634,KXMLBGAME-25JUL24SEALAA-SEA,44,56,2,yes
1753406637050,1753406636,KXMLBGAME-25JUL24SDSTL-SD,23,77,87,yes
1753406637050,1753406636,KXMLBGAME-25JUL24SDSTL-SD,23,77,119,yes
1753406637516,1753406637,KXMLBGAME-25JUL24ATHHOU-ATH,84,16,200,no
1753406639216,1753406639,KXMLBGAME-25JUL24SDSTL-SD,24,76,35,yes
1753406640121,1753406639,KXMLBGAME-25JUL24SDSTL-SD,24,76,2,yes
1753406641955,1753406641,KXMLBGAME-25JUL24ATHHOU-HOU,13,87,17,no
1753406644654,1753406644,KXMLBGAME-25JUL24SDSTL-SD,24,76,87,yes
1753406644654,1753406644,KXMLBGAME-25JUL24SDSTL-SD,24,76,300,yes
1753406644654,1753406644,KXMLBGAME-25JUL24SDSTL-SD,25,75,600,yes
1753406644654,1753406644,KXMLBGAME-25JUL24SDSTL-SD,25,75,31,yes
1753406648923,1753406648,KXMLBGAME-25JUL24SDSTL-STL,78,22,142,yes
1753406653690,1753406653,KXMLBGAME-25JUL24ATHHOU-HOU,14,86,67,yes
1753406653820,1753406653,KXMLBGAME-25JUL24SDSTL-STL,78,22,252,yes
1753406658377,1753406658,KXMLBGAME-25JUL24SEALAA-LAA,58,42,83,yes
1753406660628,1753406660,KXMLBGAME-25JUL24SDSTL-STL,78,22,126,yes
1753406664295,1753406664,KXMLBGAME-25JUL24ATHHOU-HOU,14,86,67,yes
1753406664696,1753406664,KXMLBGAME-25JUL24ATHHOU-HOU,14,86,6,yes
1753406669717,1753406669,KXMLBGAME-25JUL24SDSTL-SD,24,76,73,yes
1753406669717,1753406669,KXMLBGAME-25JUL24SDSTL-SD,24,76,300,yes
1753406671896,1753406671,KXMLBGAME-25JUL24ATHHOU-HOU,14,86,59,yes
1753406671896,1753406671,KXMLBGAME-25JUL24ATHHOU-HOU,14,86,42,yes
1753406672656,1753406672,KXMLBGAME-25JUL24SDSTL-STL,78,22,40,yes
1753406672656,1753406672,KXMLBGAME-25JUL24SDSTL-STL,78,22,497,yes
1753406672675,1753406672,KXMLBGAME-25JUL24SEALAA-SEA,44,56,21,yes
1753406673792,1753406673,KXMLBGAME-25JUL24SDSTL-SD,24,76,8,yes
1753406674016,1753406673,KXMLBGAME-25JUL24SDSTL-SD,24,76,158,yes
1753406684973,1753406684,KXMLBGAME-25JUL24SDSTL-SD,24,76,39,yes
1753406685237,1753406685,KXMLBGAME-25JUL24SDSTL-STL,78,22,10,yes
1753406685695,1753406685,KXMLBGAME-25JUL24ATHHOU-HOU,14,86,1,yes
1753406690096,1753406689,KXMLBGAME-25JUL24SDSTL-SD,25,75,57,yes
1753406701384,1753406701,KXMLBGAME-25JUL24ATHHOU-ATH,87,13,20,yes
1753406701796,1753406701,KXMLBGAME-25JUL24SDSTL-SD,24,76,39,yes
1753406702255,1753406702,KXMLBGAME-25JUL24SDSTL-SD,24,76,1,yes
1753406709816,1753406709,KXMLBGAME-25JUL24SDSTL-SD,21,79,158,no
1753406710439,1753406710,KXMLBGAME-25JUL24SDSTL-SD,24,76,71,yes
1753406715079,1753406714,KXMLBGAME-25JUL24ATHHOU-HOU,13,87,51,no
1753406715079,1753406715,KXMLBGAME-25JUL24SDSTL-SD,24,76,19,yes
1753406716104,1753406715,KXMLBGAME-25JUL24SDSTL-SD,21,79,4,no
1753406720979,1753406720,KXMLBGAME-25JUL24SDSTL-STL,79,21,300,yes
1753406720979,1753406720,KXMLBGAME-25JUL24SDSTL-STL,79,21,82,yes
1753406724776,1753406724,KXMLBGAME-25JUL24SDSTL-SD,24,76,1,yes
1753406727879,1753406727,KXMLBGAME-25JUL24SEALAA-SEA,44,56,10,yes
1753406728814,1753406728,KXMLBGAME-25JUL24SDSTL-SD,22,78,103,yes
1753406731545,1753406731,KXMLBGAME-25JUL24SDSTL-STL,78,22,300,no
1753406731546,1753406731,KXMLBGAME-25JUL24SDSTL-STL,77,23,75,no
1753406731546,1753406731,KXMLBGAME-25JUL24SDSTL-STL,77,23,600,no
1753406731546,1753406731,KXMLBGAME-25JUL24SDSTL-STL,77,23,275,no
1753406732075,1753406731,KXMLBGAME-25JUL24SDSTL-STL,79,21,6,yes
1753406734256,1753406734,KXMLBGAME-25JUL24SDSTL-STL,79,21,200,yes
1753406740899,1753406740,KXMLBGAME-25JUL24SDSTL-STL,79,21,30,yes
1753406743234,1753406743,KXMLBGAME-25JUL24SDSTL-SD,21,79,178,no
1753406744365,1753406744,KXMLBGAME-25JUL24ATHHOU-ATH,87,13,11,yes
1753406745082,1753406744,KXMLBGAME-25JUL24ATHHOU-ATH,87,13,293,yes
1753406745163,1753406745,KXMLBGAME-25JUL24ATHHOU-HOU,14,86,4,yes
1753406745163,1753406745,KXMLBGAME-25JUL24ATHHOU-HOU,14,86,29,yes
1753406749034,1753406748,KXMLBGAME-25JUL24SDSTL-SD,21,79,362,no
1753406749276,1753406749,KXMLBGAME-25JUL24SDSTL-SD,21,79,1055,no
1753406749514,1753406749,KXMLBGAME-25JUL24SDSTL-STL,79,21,1055,yes
1753406749614,1753406749,KXMLBGAME-25JUL24SDSTL-STL,80,20,87,yes
1753406759418,1753406759,KXMLBGAME-25JUL24SDSTL-SD,21,79,22,yes
1753406760756,1753406760,KXMLBGAME-25JUL24SDSTL-STL,81,19,1,yes
1753406760756,1753406760,KXMLBGAME-25JUL24SDSTL-STL,82,18,300,yes
1753406760756,1753406760,KXMLBGAME-25JUL24SDSTL-STL,82,18,87,yes
1753406760756,1753406760,KXMLBGAME-25JUL24SDSTL-STL,83,17,210,yes
1753406764897,1753406764,KXMLBGAME-25JUL24SDSTL-SD,21,79,56,yes
1753406764897,1753406764,KXMLBGAME-25JUL24SDSTL-SD,21,79,102,yes
1753406765474,1753406765,KXMLBGAME-25JUL24SDSTL-SD,21,79,198,yes
1753406765474,1753406765,KXMLBGAME-25JUL24SDSTL-SD,21,79,17,yes
1753406765474,1753406765,KXMLBGAME-25JUL24SDSTL-SD,21,79,14,yes
1753406765474,1753406765,KXMLBGAME-25JUL24SDSTL-SD,21,79,9,yes
1753406765474,1753406765,KXMLBGAME-25JUL24SDSTL-SD,21,79,175,yes
1753406765515,1753406765,KXMLBGAME-25JUL24ATHHOU-HOU,14,86,33,yes
1753406773017,1753406772,KXMLBGAME-25JUL24SDSTL-STL,82,18,100,yes
1753406773438,1753406773,KXMLBGAME-25JUL24SDSTL-SD,21,79,26,yes
1753406773438,1753406773,KXMLBGAME-25JUL24SDSTL-SD,21,79,49,yes
1753406773438,1753406773,KXMLBGAME-25JUL24SDSTL-SD,21,79,15,yes
1753406777578,1753406777,KXMLBGAME-25JUL24SEALAA-SEA,44,56,58,yes
1753406777609,1753406777,KXMLBGAME-25JUL24SDSTL-SD,21,79,9,yes
1753406777609,1753406777,KXMLBGAME-25JUL24SDSTL-SD,21,79,48,yes
1753406777609,1753406777,KXMLBGAME-25JUL24SDSTL-SD,21,79,300,yes
1753406777609,1753406777,KXMLBGAME-25JUL24SDSTL-SD,22,78,600,yes
1753406777609,1753406777,KXMLBGAME-25JUL24SDSTL-SD,23,77,200,yes
1753406777609,1753406777,KXMLBGAME-25JUL24SDSTL-SD,23,77,136,yes
1753406778476,1753406778,KXMLBGAME-25JUL24SEALAA-SEA,44,56,111,yes
1753406782816,1753406782,KXMLBGAME-25JUL24SDSTL-STL,81,19,96,yes
1753406785113,1753406785,KXMLBGAME-25JUL24ATHHOU-HOU,11,89,23,no
1753406787093,1753406787,KXMLBGAME-25JUL24ATHHOU-HOU,11,89,17,no
1753406787376,1753406787,KXMLBGAME-25JUL24ATHHOU-ATH,88,12,3,yes
1753406787376,1753406787,KXMLBGAME-25JUL24ATHHOU-ATH,89,11,196,yes
1753406787697,1753406787,KXMLBGAME-25JUL24SDSTL-SD,22,78,25,yes
1753406787918,1753406787,KXMLBGAME-25JUL24SDSTL-SD,22,78,21,yes
1753406795055,1753406795,KXMLBGAME-25JUL24SDSTL-STL,80,20,6,yes
1753406795491,1753406795,KXMLBGAME-25JUL24SDSTL-SD,22,78,21,yes
1753406798498,1753406798,KXMLBGAME-25JUL24SDSTL-SD,22,78,7,yes
1753406798819,1753406798,KXMLBGAME-25JUL24SDSTL-SD,22,78,43,yes
1753406802134,1753406802,KXMLBGAME-25JUL24SEALAA-LAA,57,43,186,yes
1753406802535,1753406802,KXMLBGAME-25JUL24SDSTL-SD,22,78,21,yes
1753406804475,1753406804,KXMLBGAME-25JUL24SDSTL-SD,20,80,87,no
1753406813486,1753406813,KXMLBGAME-25JUL24SDSTL-SD,46,54,20,yes
1753406813555,1753406813,KXMLBGAME-25JUL24SDSTL-STL,69,31,11,no
1753406813555,1753406813,KXMLBGAME-25JUL24SDSTL-STL,58,42,9,no
1753406815199,1753406815,KXMLBGAME-25JUL24ATHHOU-ATH,89,11,10,yes
1753406815324,1753406815,KXMLBGAME-25JUL24ATHHOU-ATH,89,11,3,yes
1753406827413,1753406827,KXMLBGAME-25JUL24SDSTL-SD,25,75,57,yes
1753406827413,1753406827,KXMLBGAME-25JUL24SEALAA-SEA,44,56,218,yes
1753406828517,1753406828,KXMLBGAME-25JUL24ATHHOU-HOU,14,86,87,yes
1753406828517,1753406828,KXMLBGAME-25JUL24ATHHOU-HOU,14,86,200,yes
1753406828517,1753406828,KXMLBGAME-25JUL24ATHHOU-HOU,14,86,300,yes
1753406828517,1753406828,KXMLBGAME-25JUL24ATHHOU-HOU,14,86,221,yes
1753406829594,1753406829,KXMLBGAME-25JUL24SDSTL-STL,77,23,6,yes
1753406833175,1753406833,KXMLBGAME-25JUL24ATHHOU-HOU,14,86,300,yes
1753406833176,1753406833,KXMLBGAME-25JUL24ATHHOU-HOU,14,86,36,yes
1753406833514,1753406833,KXMLBGAME-25JUL24SDSTL-STL,75,25,314,no
1753406839115,1753406839,KXMLBGAME-25JUL24ATHHOU-ATH,88,12,112,yes
1753406839554,1753406839,KXMLBGAME-25JUL24SDSTL-STL,75,25,8,no
1753406841757,1753406841,KXMLBGAME-25JUL24SDSTL-SD,25,75,38,yes
1753406847160,1753406847,KXMLBGAME-25JUL24ATHHOU-HOU,14,86,33,yes
1753406850157,1753406850,KXMLBGAME-25JUL24SDSTL-STL,77,23,81,yes
1753406850157,1753406850,KXMLBGAME-25JUL24SDSTL-STL,77,23,174,yes
1753406852618,1753406852,KXMLBGAME-25JUL24ATHHOU-ATH,88,12,7,yes
1753406855034,1753406854,KXMLBGAME-25JUL24SEALAA-SEA,44,56,300,yes
1753406856905,1753406856,KXMLBGAME-25JUL24SDSTL-SD,25,75,112,yes
1753406856905,1753406856,KXMLBGAME-25JUL24SDSTL-STL,77,23,126,yes
1753406856905,1753406856,KXMLBGAME-25JUL24SDSTL-STL,77,23,1,yes
1753406857536,1753406857,KXMLBGAME-25JUL24SDSTL-SD,23,77,71,no
1753406857736,1753406857,KXMLBGAME-25JUL24SEALAA-SEA,44,56,133,yes
1753406862776,1753406862,KXMLBGAME-25JUL24ATHHOU-ATH,88,12,81,yes
1753406862776,1753406862,KXMLBGAME-25JUL24ATHHOU-ATH,88,12,300,yes
1753406862776,1753406862,KXMLBGAME-25JUL24ATHHOU-ATH,88,12,36,yes
1753406862776,1753406862,KXMLBGAME-25JUL24ATHHOU-ATH,88,12,300,yes
1753406862776,1753406862,KXMLBGAME-25JUL24ATHHOU-ATH,88,12,33,yes
1753406865403,1753406865,KXMLBGAME-25JUL24SDSTL-SD,25,75,950,yes
1753406867116,1753406867,KXMLBGAME-25JUL24ATHHOU-ATH,90,10,9,yes
1753406868995,1753406868,KXMLBGAME-25JUL24SDSTL-STL,77,23,2,yes
1753406869756,1753406869,KXMLBGAME-25JUL24ATHHOU-HOU,13,87,3,yes
1753406874997,1753406874,KXMLBGAME-25JUL24SEALAA-SEA,44,56,4,yes
1753406875577,1753406875,KXMLBGAME-25JUL24ATHHOU-HOU,12,88,50,no
1753406878495,1753406878,KXMLBGAME-25JUL24SDSTL-STL,77,23,25,yes
1753406882215,1753406882,KXMLBGAME-25JUL24ATHHOU-ATH,88,12,27,no
1753406884538,1753406884,KXMLBGAME-25JUL24SEALAA-LAA,57,43,51,yes
1753406885539,1753406885,KXMLBGAME-25JUL24SEALAA-SEA,44,56,20,yes
1753406885914,1753406885,KXMLBGAME-25JUL24ATHHOU-HOU,12,88,77,yes
1753406893195,1753406893,KXMLBGAME-25JUL24SEALAA-LAA,57,43,400,yes
1753406894657,1753406894,KXMLBGAME-25JUL24ATHHOU-ATH,90,10,11,yes
1753406895473,1753406895,KXMLBGAME-25JUL24SDSTL-SD,25,75,11,yes
1753406896141,1753406896,KXMLBGAME-25JUL24SDSTL-STL,78,22,2,yes
1753406896355,1753406896,KXMLBGAME-25JUL24SEALAA-SEA,44,56,14,yes
1753406897317,1753406897,KXMLBGAME-25JUL24SDSTL-STL,78,22,69,yes
1753406897317,1753406897,KXMLBGAME-25JUL24SDSTL-STL,78,22,57,yes
1753406897433,1753406897,KXMLBGAME-25JUL24ATHHOU-HOU,12,88,9,yes
1753406899755,1753406899,KXMLBGAME-25JUL24SEALAA-SEA,44,56,110,yes
1753406908198,1753406908,KXMLBGAME-25JUL24SDSTL-SD,25,75,19,yes
1753406913656,1753406913,KXMLBGAME-25JUL24ATHHOU-ATH,90,10,11,yes
1753406914115,1753406914,KXMLBGAME-25JUL24SDSTL-STL,78,22,243,yes
1753406914115,1753406914,KXMLBGAME-25JUL24SDSTL-STL,79,21,383,yes
1753406914675,1753406914,KXMLBGAME-25JUL24ATHHOU-ATH,88,12,273,no
1753406914675,1753406914,KXMLBGAME-25JUL24ATHHOU-ATH,88,12,26,no
1753406920597,1753406920,KXMLBGAME-25JUL24SEALAA-LAA,57,43,176,yes
1753406920597,1753406920,KXMLBGAME-25JUL24SEALAA-LAA,58,42,2171,yes
1753406928215,1753406928,KXMLBGAME-25JUL24SEALAA-SEA,44,56,10,yes
1753406932937,1753406932,KXMLBGAME-25JUL24ATHHOU-ATH,90,10,39,no
1753406934413,1753406934,KXMLBGAME-25JUL24SDSTL-SD,24,76,7,yes
1753406935756,1753406935,KXMLBGAME-25JUL24SEALAA-SEA,44,56,6,yes
1753406937735,1753406937,KXMLBGAME-25JUL24SDSTL-SD,24,76,23,yes
1753406939952,1753406939,KXMLBGAME-25JUL24SDSTL-STL,79,21,124,yes
1753406947878,1753406947,KXMLBGAME-25JUL24SEALAA-SEA,44,56,162,yes
1753406948814,1753406948,KXMLBGAME-25JUL24SDSTL-SD,22,78,53,no
1753406948814,1753406948,KXMLBGAME-25JUL24SDSTL-SD,21,79,1344,no
1753406952341,1753406952,KXMLBGAME-25JUL24ATHHOU-ATH,91,9,109,yes
1753406960774,1753406960,KXMLBGAME-25JUL24ATHHOU-HOU,11,89,11,yes
1753406960774,1753406960,KXMLBGAME-25JUL24ATHHOU-HOU,11,89,7,yes
1753406960814,1753406960,KXMLBGAME-25JUL24ATHHOU-ATH,91,9,40,yes
1753406960814,1753406960,KXMLBGAME-25JUL24ATHHOU-ATH,91,9,163,yes
1753406961762,1753406961,KXMLBGAME-25JUL24SEALAA-LAA,58,42,519,yes
1753406961897,1753406961,KXMLBGAME-25JUL24ATHHOU-ATH,91,9,109,yes
1753406963635,1753406963,KXMLBGAME-25JUL24ATHHOU-ATH,89,11,295,no
1753406966478,1753406966,KXMLBGAME-25JUL24SEALAA-SEA,44,56,1093,yes
1753406967314,1753406967,KXMLBGAME-25JUL24ATHHOU-HOU,11,89,85,yes
1753406971497,1753406971,KXMLBGAME-25JUL24SDSTL-STL,77,23,44,yes
1753406973027,1753406972,KXMLBGAME-25JUL24ATHHOU-HOU,11,89,17,yes
1753406974516,1753406974,KXMLBGAME-25JUL24SDSTL-STL,78,22,40,yes
1753406974516,1753406974,KXMLBGAME-25JUL24SDSTL-STL,78,22,300,yes
1753406977935,1753406977,KXMLBGAME-25JUL24SDSTL-SD,20,80,10,yes
1753406978155,1753406978,KXMLBGAME-25JUL24ATHHOU-HOU,11,89,85,yes
1753406980155,1753406980,KXMLBGAME-25JUL24ATHHOU-HOU,11,89,17,yes
1753406980560,1753406980,KXMLBGAME-25JUL24SDSTL-SD,20,80,86,yes
1753406981734,1753406981,KXMLBGAME-25JUL24ATHHOU-ATH,91,9,79,yes
1753406982814,1753406982,KXMLBGAME-25JUL24SEALAA-SEA,44,56,214,yes
1753406983494,1753406983,KXMLBGAME-25JUL24ATHHOU-HOU,11,89,42,yes
1753406984016,1753406983,KXMLBGAME-25JUL24SDSTL-STL,79,21,1,yes
1753406984177,1753406984,KXMLBGAME-25JUL24SEALAA-SEA,44,56,258,yes
1753406984693,1753406984,KXMLBGAME-25JUL24SDSTL-SD,22,78,30,yes
1753406988394,1753406988,KXMLBGAME-25JUL24SDSTL-STL,79,21,124,yes
1753406988609,1753406988,KXMLBGAME-25JUL24SDSTL-SD,22,78,43,yes
1753406989974,1753406989,KXMLBGAME-25JUL24SDSTL-SD,22,78,4,yes
1753406990454,1753406990,KXMLBGAME-25JUL24ATHHOU-HOU,11,89,347,yes
1753406990454,1753406990,KXMLBGAME-25JUL24ATHHOU-HOU,11,89,380,yes
1753406991049,1753406990,KXMLBGAME-25JUL24SEALAA-SEA,44,56,88,yes
1753406993076,1753406993,KXMLBGAME-25JUL24SDSTL-SD,22,78,10,yes
1753406993076,1753406993,KXMLBGAME-25JUL24SDSTL-SD,22,78,11,yes
1753406999084,1753406999,KXMLBGAME-25JUL24SEALAA-LAA,58,42,502,yes
1753407000820,1753407000,KXMLBGAME-25JUL24ATHHOU-HOU,11,89,120,yes
1753407000820,1753407000,KXMLBGAME-25JUL24ATHHOU-HOU,11,89,85,yes
1753407001142,1753407001,KXMLBGAME-25JUL24ATHHOU-HOU,11,89,85,yes
1753407001906,1753407001,KXMLBGAME-25JUL24SDSTL-SD,20,80,137,no
1753407002037,1753407001,KXMLBGAME-25JUL24ATHHOU-HOU,10,90,3,no
1753407003814,1753407003,KXMLBGAME-25JUL24SDSTL-SD,22,78,19,yes
1753407003814,1753407003,KXMLBGAME-25JUL24SDSTL-SD,22,78,24,yes
1753407004463,1753407004,KXMLBGAME-25JUL24ATHHOU-ATH,91,9,195,yes
1753407005487,1753407005,KXMLBGAME-25JUL24SDSTL-SD,22,78,19,yes
1753407005487,1753407005,KXMLBGAME-25JUL24SDSTL-SD,22,78,1,yes
1753407007180,1753407007,KXMLBGAME-25JUL24SDSTL-SD,22,78,3,yes
1753407007180,1753407007,KXMLBGAME-25JUL24SDSTL-SD,22,78,21,yes
1753407007180,1753407007,KXMLBGAME-25JUL24SDSTL-SD,22,78,19,yes
1753407011496,1753407011,KXMLBGAME-25JUL24SDSTL-SD,23,77,8,yes
1753407014536,1753407014,KXMLBGAME-25JUL24SDSTL-STL,79,21,56,yes
1753407014536,1753407014,KXMLBGAME-25JUL24SDSTL-STL,79,21,136,yes
1753407014536,1753407014,KXMLBGAME-25JUL24SDSTL-STL,79,21,300,yes
1753407016617,1753407016,KXMLBGAME-25JUL24ATHHOU-ATH,91,9,10,yes
1753407022296,1753407022,KXMLBGAME-25JUL24SDSTL-SD,22,78,60,yes
1753407023408,1753407023,KXMLBGAME-25JUL24SEALAA-SEA,44,56,20,yes
1753407023735,1753407023,KXMLBGAME-25JUL24SEALAA-SEA,44,56,21,yes
1753407027575,1753407027,KXMLBGAME-25JUL24SDSTL-SD,22,78,27,yes
1753407027575,1753407027,KXMLBGAME-25JUL24SDSTL-SD,22,78,16,yes
1753407027841,1753407027,KXMLBGAME-25JUL24SDSTL-STL,81,19,15,yes
1753407029347,1753407029,KXMLBGAME-25JUL24ATHHOU-ATH,91,9,982,yes
1753407030395,1753407030,KXMLBGAME-25JUL24SEALAA-SEA,44,56,11,yes
1753407030395,1753407030,KXMLBGAME-25JUL24SEALAA-SEA,44,56,31,yes
1753407033158,1753407033,KXMLBGAME-25JUL24ATHHOU-HOU,11,89,130,yes
1753407033158,1753407033,KXMLBGAME-25JUL24ATHHOU-HOU,11,89,212,yes
1753407036654,1753407036,KXMLBGAME-25JUL24SEALAA-SEA,42,58,262,no
1753407038596,1753407038,KXMLBGAME-25JUL24SDSTL-SD,22,78,86,yes
1753407039676,1753407039,KXMLBGAME-25JUL24SDSTL-STL,81,19,12,yes
1753407042535,1753407042,KXMLBGAME-25JUL24ATHHOU-ATH,89,11,28,no
1753407043616,1753407043,KXMLBGAME-25JUL24SDSTL-SD,21,79,89,no
1753407044635,1753407044,KXMLBGAME-25JUL24ATHHOU-HOU,10,90,94,no
1753407048756,1753407048,KXMLBGAME-25JUL24ATHHOU-ATH,91,9,1310,yes
1753407049414,1753407049,KXMLBGAME-25JUL24ATHHOU-HOU,11,89,85,yes
1753407049714,1753407049,KXMLBGAME-25JUL24SDSTL-SD,24,76,19,yes
1753407053053,1753407052,KXMLBGAME-25JUL24SDSTL-SD,21,79,78,no
1753407055597,1753407055,KXMLBGAME-25JUL24SDSTL-SD,24,76,118,yes
1753407057574,1753407057,KXMLBGAME-25JUL24ATHHOU-ATH,91,9,362,yes
1753407057979,1753407057,KXMLBGAME-25JUL24SDSTL-STL,79,21,50,yes
1753407060169,1753407060,KXMLBGAME-25JUL24SDSTL-SD,24,76,63,yes
1753407060169,1753407060,KXMLBGAME-25JUL24SDSTL-SD,24,76,51,yes
1753407064141,1753407064,KXMLBGAME-25JUL24ATHHOU-HOU,11,89,5,yes
1753407064141,1753407064,KXMLBGAME-25JUL24ATHHOU-HOU,12,88,87,yes
1753407064141,1753407064,KXMLBGAME-25JUL24ATHHOU-HOU,12,88,300,yes
1753407066928,1753407066,KXMLBGAME-25JUL24ATHHOU-ATH,88,12,27,no
1753407067513,1753407067,KXMLBGAME-25JUL24SDSTL-STL,79,21,24,yes
1753407070095,1753407070,KXMLBGAME-25JUL24SDSTL-STL,79,21,25,yes
1753407070376,1753407070,KXMLBGAME-25JUL24SDSTL-STL,79,21,124,yes
1753407072633,1753407072,KXMLBGAME-25JUL24ATHHOU-ATH,91,9,87,yes
1753407073895,1753407073,KXMLBGAME-25JUL24SEALAA-SEA,44,56,74,yes
1753407074034,1753407073,KXMLBGAME-25JUL24SDSTL-SD,21,79,33,no
1753407074034,1753407073,KXMLBGAME-25JUL24SDSTL-SD,20,80,9,no
1753407076476,1753407076,KXMLBGAME-25JUL24SDSTL-SD,24,76,220,yes
1753407076694,1753407076,KXMLBGAME-25JUL24SDSTL-SD,24,76,29,yes
1753407076694,1753407076,KXMLBGAME-25JUL24SDSTL-SD,24,76,366,yes
1753407076715,1753407076,KXMLBGAME-25JUL24SDSTL-STL,79,21,19,yes
1753407076715,1753407076,KXMLBGAME-25JUL24SDSTL-STL,79,21,118,yes
1753407076715,1753407076,KXMLBGAME-25JUL24SDSTL-STL,79,21,63,yes
1753407076715,1753407076,KXMLBGAME-25JUL24SDSTL-STL,79,21,49,yes
1753407083211,1753407083,KXMLBGAME-25JUL24SEALAA-SEA,44,56,10,yes
1753407089493,1753407089,KXMLBGAME-25JUL24SEALAA-SEA,44,56,125,yes
1753407091401,1753407091,KXMLBGAME-25JUL24ATHHOU-HOU,12,88,54,yes
1753407094557,1753407094,KXMLBGAME-25JUL24ATHHOU-HOU,12,88,31,yes
1753407098341,1753407098,KXMLBGAME-25JUL24SDSTL-STL,79,21,2,yes
1753407098341,1753407098,KXMLBGAME-25JUL24SDSTL-STL,79,21,249,yes
1753407098341,1753407098,KXMLBGAME-25JUL24SDSTL-STL,80,20,41,yes
1753407098341,1753407098,KXMLBGAME-25JUL24SDSTL-STL,81,19,200,yes
1753407098341,1753407098,KXMLBGAME-25JUL24SDSTL-STL,81,19,123,yes
1753407101496,1753407101,KXMLBGAME-25JUL24SDSTL-SD,21,79,200,yes
1753407101496,1753407101,KXMLBGAME-25JUL24SDSTL-SD,21,79,123,yes
1753407101496,1753407101,KXMLBGAME-25JUL24SDSTL-SD,22,78,300,yes
1753407101496,1753407101,KXMLBGAME-25JUL24SDSTL-SD,23,77,200,yes
1753407101496,1753407101,KXMLBGAME-25JUL24SDSTL-SD,23,77,28,yes
1753407103134,1753407103,KXMLBGAME-25JUL24SDSTL-STL,80,20,34,yes
1753407103217,1753407103,KXMLBGAME-25JUL24SDSTL-SD,20,80,123,no
1753407107414,1753407107,KXMLBGAME-25JUL24ATHHOU-ATH,91,9,109,yes
1753407109432,1753407109,KXMLBGAME-25JUL24SDSTL-SD,21,79,283,no
1753407110960,1753407110,KXMLBGAME-25JUL24SDSTL-SD,24,76,7,yes
1753407112854,1753407112,KXMLBGAME-25JUL24SDSTL-STL,79,21,32,yes
1753407113494,1753407113,KXMLBGAME-25JUL24SDSTL-SD,24,76,10,yes
1753407116838,1753407116,KXMLBGAME-25JUL24SEALAA-LAA,57,43,87,yes
1753407116838,1753407116,KXMLBGAME-25JUL24SEALAA-LAA,58,42,90,yes
1753407118095,1753407118,KXMLBGAME-25JUL24ATHHOU-ATH,90,10,1,yes
1753407124675,1753407124,KXMLBGAME-25JUL24SEALAA-SEA,44,56,10,yes
1753407125735,1753407125,KXMLBGAME-25JUL24SEALAA-SEA,44,56,218,yes
1753407126013,1753407125,KXMLBGAME-25JUL24SDSTL-STL,78,22,18,yes
1753407126832,1753407126,KXMLBGAME-25JUL24ATHHOU-HOU,11,89,17,yes
1753407128368,1753407128,KXMLBGAME-25JUL24SDSTL-SD,21,79,40,no
1753407129802,1753407129,KXMLBGAME-25JUL24SDSTL-STL,76,24,3361,no
1753407129834,1753407129,KXMLBGAME-25JUL24SDSTL-STL,76,24,1305,no
1753407129834,1753407129,KXMLBGAME-25JUL24SDSTL-STL,76,24,300,no
1753407129834,1753407129,KXMLBGAME-25JUL24SDSTL-STL,75,25,70,no
1753407129834,1753407129,KXMLBGAME-25JUL24SDSTL-SD,23,77,100,yes
1753407129859,1753407129,KXMLBGAME-25JUL24SDSTL-SD,24,76,300,yes
1753407129859,1753407129,KXMLBGAME-25JUL24SDSTL-SD,25,75,70,yes
1753407129859,1753407129,KXMLBGAME-25JUL24SDSTL-SD,25,75,600,yes
1753407129859,1753407129,KXMLBGAME-25JUL24SDSTL-SD,25,75,200,yes
1753407129861,1753407129,KXMLBGAME-25JUL24SDSTL-SD,25,75,300,yes
1753407129897,1753407129,KXMLBGAME-25JUL24SDSTL-STL,73,27,116,no
1753407129897,1753407129,KXMLBGAME-25JUL24SDSTL-STL,75,25,28,no
1753407130395,1753407130,KXMLBGAME-25JUL24SEALAA-LAA,57,43,85,yes
1753407131675,1753407131,KXMLBGAME-25JUL24SDSTL-STL,74,26,28,no
1753407131675,1753407131,KXMLBGAME-25JUL24SDSTL-STL,73,27,1884,no
1753407131936,1753407131,KXMLBGAME-25JUL24SDSTL-STL,73,27,2754,yes
1753407133661,1753407133,KXMLBGAME-25JUL24SDSTL-SD,26,74,71,no
1753407134095,1753407134,KXMLBGAME-25JUL24SEALAA-SEA,44,56,21,yes
1753407134258,1753407134,KXMLBGAME-25JUL24SEALAA-SEA,44,56,43,yes
1753407134474,1753407134,KXMLBGAME-25JUL24ATHHOU-ATH,93,7,321,yes
1753407134835,1753407134,KXMLBGAME-25JUL24ATHHOU-HOU,10,90,3,no
1753407140535,1753407140,KXMLBGAME-25JUL24SDSTL-STL,74,26,10,yes
1753407142414,1753407142,KXMLBGAME-25JUL24ATHHOU-ATH,93,7,70,yes
1753407144854,1753407144,KXMLBGAME-25JUL24SEALAA-SEA,44,56,38,yes
1753407147521,1753407147,KXMLBGAME-25JUL24SDSTL-STL,74,26,25,yes
1753407148455,1753407148,KXMLBGAME-25JUL24SEALAA-SEA,44,56,65,yes
1753407148775,1753407148,KXMLBGAME-25JUL24SDSTL-SD,33,67,30,yes
1753407148775,1753407148,KXMLBGAME-25JUL24SDSTL-SD,38,62,48,yes
1753407153096,1753407153,KXMLBGAME-25JUL24SEALAA-SEA,44,56,218,yes
1753407156735,1753407156,KXMLBGAME-25JUL24SDSTL-STL,75,25,194,yes
1753407156957,1753407156,KXMLBGAME-25JUL24SDSTL-SD,28,72,22,yes
1753407156957,1753407156,KXMLBGAME-25JUL24SDSTL-SD,29,71,142,yes
1753407158394,1753407158,KXMLBGAME-25JUL24SDSTL-SD,28,72,10,yes
1753407159975,1753407159,KXMLBGAME-25JUL24SEALAA-SEA,44,56,23,yes
1753407161341,1753407161,KXMLBGAME-25JUL24ATHHOU-HOU,9,91,50,no
1753407161848,1753407161,KXMLBGAME-25JUL24ATHHOU-HOU,8,92,500,no
1753407163821,1753407163,KXMLBGAME-25JUL24SDSTL-STL,75,25,106,yes
1753407163821,1753407163,KXMLBGAME-25JUL24SDSTL-STL,76,24,600,yes
1753407163821,1753407163,KXMLBGAME-25JUL24SDSTL-STL,76,24,500,yes
1753407163821,1753407163,KXMLBGAME-25JUL24SDSTL-STL,76,24,89,yes
1753407166335,1753407166,KXMLBGAME-25JUL24SDSTL-SD,27,73,14,yes
1753407166338,1753407166,KXMLBGAME-25JUL24SDSTL-SD,28,72,300,yes
1753407166338,1753407166,KXMLBGAME-25JUL24SDSTL-SD,29,71,25,yes
1753407166517,1753407166,KXMLBGAME-25JUL24ATHHOU-ATH,92,8,66,no
1753407167703,1753407167,KXMLBGAME-25JUL24SEALAA-SEA,44,56,656,yes
1753407169915,1753407169,KXMLBGAME-25JUL24SDSTL-SD,25,75,43,no
1753407171165,1753407171,KXMLBGAME-25JUL24ATHHOU-HOU,7,93,100,no
1753407171165,1753407171,KXMLBGAME-25JUL24ATHHOU-HOU,7,93,63,no
1753407176118,1753407176,KXMLBGAME-25JUL24ATHHOU-HOU,7,93,437,no
1753407177096,1753407177,KXMLBGAME-25JUL24ATHHOU-ATH,93,7,30,yes
1753407181155,1753407181,KXMLBGAME-25JUL24ATHHOU-ATH,93,7,20,yes
1753407183279,1753407183,KXMLBGAME-25JUL24ATHHOU-HOU,5,95,40,no
1753407184773,1753407184,KXMLBGAME-25JUL24ATHHOU-ATH,93,7,20,yes
1753407185439,1753407185,KXMLBGAME-25JUL24SDSTL-SD,27,73,11,yes
1753407185439,1753407185,KXMLBGAME-25JUL24SDSTL-SD,28,72,300,yes
1753407185439,1753407185,KXMLBGAME-25JUL24SDSTL-SD,29,71,7,yes
1753407186678,1753407186,KXMLBGAME-25JUL24SDSTL-SD,27,73,8,yes
1753407186678,1753407186,KXMLBGAME-25JUL24SDSTL-SD,27,73,25,yes
1753407186678,1753407186,KXMLBGAME-25JUL24SDSTL-SD,28,72,1,yes
1753407189217,1753407189,KXMLBGAME-25JUL24SDSTL-STL,74,26,125,yes
1753407189414,1753407189,KXMLBGAME-25JUL24SDSTL-STL,74,26,1,yes
1753407193153,1753407193,KXMLBGAME-25JUL24SDSTL-SD,27,73,6,yes
1753407193154,1753407193,KXMLBGAME-25JUL24SDSTL-SD,28,72,504,yes
1753407193894,1753407193,KXMLBGAME-25JUL24ATHHOU-HOU,6,94,3377,no
1753407194700,1753407194,KXMLBGAME-25JUL24SDSTL-SD,27,73,4,yes
1753407194700,1753407194,KXMLBGAME-25JUL24SDSTL-SD,28,72,897,yes
1753407196878,1753407196,KXMLBGAME-25JUL24SDSTL-SD,27,73,3,yes
1753407196878,1753407196,KXMLBGAME-25JUL24SDSTL-SD,28,72,139,yes
1753407196878,1753407196,KXMLBGAME-25JUL24SDSTL-SD,28,72,198,yes
1753407199818,1753407199,KXMLBGAME-25JUL24SDSTL-STL,74,26,33,yes
1753407200295,1753407200,KXMLBGAME-25JUL24ATHHOU-ATH,92,8,90,no
1753407200597,1753407200,KXMLBGAME-25JUL24SDSTL-SD,27,73,3,yes
1753407200598,1753407200,KXMLBGAME-25JUL24SDSTL-SD,28,72,1697,yes
1753407204295,1753407204,KXMLBGAME-25JUL24ATHHOU-HOU,8,92,23,yes
1753407204495,1753407204,KXMLBGAME-25JUL24ATHHOU-HOU,5,95,29,no
1753407208093,1753407208,KXMLBGAME-25JUL24ATHHOU-HOU,8,92,20,yes
1753407208696,1753407208,KXMLBGAME-25JUL24ATHHOU-ATH,95,5,12,yes
1753407208696,1753407208,KXMLBGAME-25JUL24ATHHOU-ATH,95,5,87,yes
1753407208696,1753407208,KXMLBGAME-25JUL24ATHHOU-ATH,95,5,294,yes
1753407209363,1753407209,KXMLBGAME-25JUL24SDSTL-STL,74,26,54,yes
1753407215598,1753407215,KXMLBGAME-25JUL24SEALAA-SEA,44,56,86,yes
1753407217356,1753407217,KXMLBGAME-25JUL24SDSTL-STL,74,26,2,yes
1753407217654,1753407217,KXMLBGAME-25JUL24SEALAA-SEA,44,56,87,yes
1753407219813,1753407219,KXMLBGAME-25JUL24ATHHOU-ATH,91,9,5,no
1753407219813,1753407219,KXMLBGAME-25JUL24ATHHOU-ATH,91,9,500,no
1753407219813,1753407219,KXMLBGAME-25JUL24ATHHOU-ATH,90,10,410,no
1753407227254,1753407227,KXMLBGAME-25JUL24SDSTL-SD,27,73,35,yes
1753407227416,1753407227,KXMLBGAME-25JUL24ATHHOU-HOU,8,92,117,yes
1753407227838,1753407227,KXMLBGAME-25JUL24SEALAA-SEA,43,57,23,no
1753407229513,1753407229,KXMLBGAME-25JUL24SDSTL-STL,74,26,6,yes
1753407229556,1753407229,KXMLBGAME-25JUL24ATHHOU-HOU,5,95,23,no
1753407229674,1753407229,KXMLBGAME-25JUL24SEALAA-SEA,44,56,72,yes
1753407233431,1753407233,KXMLBGAME-25JUL24SEALAA-SEA,44,56,207,yes
1753407234076,1753407234,KXMLBGAME-25JUL24SEALAA-LAA,57,43,112,yes
1753407235378,1753407235,KXMLBGAME-25JUL24ATHHOU-ATH,95,5,3986,yes
1753407235877,1753407235,KXMLBGAME-25JUL24ATHHOU-ATH,95,5,104,yes
1753407236897,1753407236,KXMLBGAME-25JUL24SDSTL-SD,27,73,7,yes
1753407237105,1753407237,KXMLBGAME-25JUL24SDSTL-STL,74,26,79,yes
1753407237105,1753407237,KXMLBGAME-25JUL24SDSTL-STL,74,26,53,yes
1753407238796,1753407238,KXMLBGAME-25JUL24SDSTL-SD,27,73,100,yes
1753407241111,1753407240,KXMLBGAME-25JUL24ATHHOU-ATH,96,4,200,yes
1753407241111,1753407240,KXMLBGAME-25JUL24ATHHOU-ATH,96,4,87,yes
1753407241111,1753407240,KXMLBGAME-25JUL24ATHHOU-ATH,96,4,600,yes
1753407241112,1753407240,KXMLBGAME-25JUL24ATHHOU-ATH,96,4,151,yes
1753407242056,1753407242,KXMLBGAME-25JUL24SDSTL-SD,27,73,35,yes
1753407243262,1753407243,KXMLBGAME-25JUL24ATHHOU-HOU,7,93,33,yes
1753407244081,1753407244,KXMLBGAME-25JUL24ATHHOU-HOU,5,95,8,no
1753407244081,1753407244,KXMLBGAME-25JUL24ATHHOU-HOU,5,95,10,no
1753407244081,1753407244,KXMLBGAME-25JUL24ATHHOU-HOU,5,95,58,no
1753407249801,1753407249,KXMLBGAME-25JUL24ATHHOU-ATH,95,5,300,yes
1753407249801,1753407249,KXMLBGAME-25JUL24ATHHOU-ATH,96,4,170,yes
1753407250217,1753407250,KXMLBGAME-25JUL24SDSTL-SD,27,73,3,yes
1753407252375,1753407252,KXMLBGAME-25JUL24ATHHOU-HOU,4,96,200,no
1753407252375,1753407252,KXMLBGAME-25JUL24ATHHOU-HOU,4,96,55,no
1753407253677,1753407253,KXMLBGAME-25JUL24SDSTL-SD,27,73,299,yes
1753407256878,1753407256,KXMLBGAME-25JUL24SDSTL-SD,27,73,57,yes
1753407263034,1753407262,KXMLBGAME-25JUL24SEALAA-LAA,57,43,1402,yes
1753407264115,1753407264,KXMLBGAME-25JUL24SDSTL-SD,27,73,9,yes
1753407264618,1753407264,KXMLBGAME-25JUL24SDSTL-SD,27,73,17,yes
1753407270400,1753407270,KXMLBGAME-25JUL24SDSTL-STL,74,26,5,yes
1753407273265,1753407273,KXMLBGAME-25JUL24SEALAA-SEA,44,56,21,yes
1753407277615,1753407277,KXMLBGAME-25JUL24SDSTL-SD,27,73,140,yes
1753407278315,1753407278,KXMLBGAME-25JUL24ATHHOU-HOU,7,93,2,yes
1753407290980,1753407290,KXMLBGAME-25JUL24SDSTL-STL,74,26,29,yes
1753407290980,1753407290,KXMLBGAME-25JUL24SDSTL-STL,74,26,24,yes
1753407291656,1753407291,KXMLBGAME-25JUL24SDSTL-SD,27,73,88,yes
1753407293336,1753407293,KXMLBGAME-25JUL24SEALAA-LAA,57,43,5,yes
1753407293515,1753407293,KXMLBGAME-25JUL24ATHHOU-HOU,7,93,85,yes
1753407293515,1753407293,KXMLBGAME-25JUL24ATHHOU-HOU,7,93,2,yes
1753407293515,1753407293,KXMLBGAME-25JUL24ATHHOU-HOU,8,92,383,yes
1753407293515,1753407293,KXMLBGAME-25JUL24ATHHOU-HOU,8,92,10,yes
1753407293515,1753407293,KXMLBGAME-25JUL24ATHHOU-HOU,8,92,200,yes
1753407293515,1753407293,KXMLBGAME-25JUL24ATHHOU-HOU,8,92,328,yes
1753407294917,1753407294,KXMLBGAME-25JUL24ATHHOU-ATH,95,5,151,yes
1753407296754,1753407296,KXMLBGAME-25JUL24ATHHOU-HOU,5,95,2,no
1753407297216,1753407297,KXMLBGAME-25JUL24SDSTL-SD,27,73,34,yes
1753407301055,1753407300,KXMLBGAME-25JUL24SDSTL-SD,27,73,510,yes
1753407301055,1753407300,KXMLBGAME-25JUL24SDSTL-SD,27,73,1164,yes
1753407301896,1753407301,KXMLBGAME-25JUL24SEALAA-SEA,44,56,11,yes
1753407306056,1753407306,KXMLBGAME-25JUL24SDSTL-SD,29,71,16,yes
1753407307495,1753407307,KXMLBGAME-25JUL24SEALAA-SEA,44,56,19,yes
1753407308390,1753407308,KXMLBGAME-25JUL24ATHHOU-HOU,6,94,9,no
1753407308899,1753407308,KXMLBGAME-25JUL24SEALAA-SEA,44,56,4,yes
1753407309310,1753407309,KXMLBGAME-25JUL24SEALAA-SEA,44,56,76,yes
1753407310074,1753407310,KXMLBGAME-25JUL24ATHHOU-ATH,94,6,4,no
1753407314338,1753407314,KXMLBGAME-25JUL24ATHHOU-HOU,9,91,20,yes
1753407317616,1753407317,KXMLBGAME-25JUL24ATHHOU-ATH,94,6,105,yes
1753407318095,1753407317,KXMLBGAME-25JUL24SDSTL-SD,29,71,16,yes
1753407318175,1753407318,KXMLBGAME-25JUL24ATHHOU-HOU,9,91,67,yes
1753407318175,1753407318,KXMLBGAME-25JUL24ATHHOU-HOU,9,91,20,yes
1753407318175,1753407318,KXMLBGAME-25JUL24ATHHOU-HOU,10,90,15,yes
1753407320335,1753407320,KXMLBGAME-25JUL24SDSTL-SD,29,71,65,yes
1753407320335,1753407320,KXMLBGAME-25JUL24SDSTL-SD,30,70,254,yes
1753407324636,1753407324,KXMLBGAME-25JUL24SDSTL-STL,72,28,40,yes
1753407329818,1753407329,KXMLBGAME-25JUL24SDSTL-STL,72,28,47,yes
1753407329818,1753407329,KXMLBGAME-25JUL24SDSTL-STL,72,28,40,yes
1753407335498,1753407335,KXMLBGAME-25JUL24SEALAA-LAA,57,43,8,yes
1753407336458,1753407336,KXMLBGAME-25JUL24ATHHOU-HOU,8,92,58,yes
1753407340514,1753407340,KXMLBGAME-25JUL24SEALAA-SEA,44,56,43,yes
1753407340815,1753407340,KXMLBGAME-25JUL24SDSTL-SD,27,73,22,no
1753407340895,1753407340,KXMLBGAME-25JUL24SDSTL-SD,29,71,50,yes
1753407341465,1753407341,KXMLBGAME-25JUL24SDSTL-SD,29,71,6,yes
1753407342837,1753407342,KXMLBGAME-25JUL24ATHHOU-HOU,8,92,234,yes
1753407348658,1753407348,KXMLBGAME-25JUL24ATHHOU-HOU,9,91,10,yes
1753407351295,1753407351,KXMLBGAME-25JUL24SEALAA-SEA,44,56,109,yes
1753407352338,1753407352,KXMLBGAME-25JUL24SDSTL-STL,72,28,32,no
1753407353445,1753407353,KXMLBGAME-25JUL24ATHHOU-HOU,6,94,41,no
1753407354770,1753407354,KXMLBGAME-25JUL24ATHHOU-HOU,6,94,26,no
1753407356135,1753407355,KXMLBGAME-25JUL24SDSTL-STL,72,28,81,no
1753407360335,1753407360,KXMLBGAME-25JUL24ATHHOU-HOU,8,92,300,yes
1753407360335,1753407360,KXMLBGAME-25JUL24ATHHOU-HOU,9,91,25,yes
1753407364035,1753407363,KXMLBGAME-25JUL24SDSTL-STL,71,29,34,yes
1753407364734,1753407364,KXMLBGAME-25JUL24SEALAA-LAA,57,43,51,yes
1753407366177,1753407366,KXMLBGAME-25JUL24SEALAA-SEA,44,56,1093,yes
1753407366195,1753407366,KXMLBGAME-25JUL24ATHHOU-HOU,8,92,300,yes
1753407366195,1753407366,KXMLBGAME-25JUL24ATHHOU-HOU,9,91,35,yes
1753407366195,1753407366,KXMLBGAME-25JUL24ATHHOU-HOU,9,91,600,yes
1753407366195,1753407366,KXMLBGAME-25JUL24ATHHOU-HOU,9,91,142,yes
1753407369013,1753407368,KXMLBGAME-25JUL24ATHHOU-ATH,92,8,4,no
1753407371262,1753407371,KXMLBGAME-25JUL24ATHHOU-HOU,8,92,29,yes
1753407374744,1753407374,KXMLBGAME-25JUL24ATHHOU-HOU,6,94,69,no
1753407375251,1753407375,KXMLBGAME-25JUL24SDSTL-SD,31,69,30,yes
1753407380173,1753407380,KXMLBGAME-25JUL24SDSTL-STL,69,31,25,no
1753407380995,1753407380,KXMLBGAME-25JUL24SDSTL-SD,30,70,100,no
1753407381415,1753407381,KXMLBGAME-25JUL24SEALAA-LAA,57,43,51,yes
1753407381915,1753407381,KXMLBGAME-25JUL24SEALAA-LAA,57,43,231,yes
1753407384395,1753407384,KXMLBGAME-25JUL24ATHHOU-ATH,93,7,91,yes
1753407384395,1753407384,KXMLBGAME-25JUL24ATHHOU-ATH,94,6,87,yes
1753407384395,1753407384,KXMLBGAME-25JUL24ATHHOU-ATH,94,6,500,yes
1753407384395,1753407384,KXMLBGAME-25JUL24ATHHOU-ATH,95,5,600,yes
1753407384395,1753407384,KXMLBGAME-25JUL24ATHHOU-ATH,95,5,2,yes
1753407384395,1753407384,KXMLBGAME-25JUL24ATHHOU-ATH,95,5,200,yes
1753407384395,1753407384,KXMLBGAME-25JUL24ATHHOU-ATH,95,5,300,yes
1753407384395,1753407384,KXMLBGAME-25JUL24ATHHOU-ATH,95,5,300,yes
1753407384395,1753407384,KXMLBGAME-25JUL24ATHHOU-ATH,95,5,94,yes
1753407388615,1753407388,KXMLBGAME-25JUL24ATHHOU-HOU,6,94,386,no
1753407391434,1753407391,KXMLBGAME-25JUL24SDSTL-SD,29,71,5,yes
1753407392214,1753407392,KXMLBGAME-25JUL24SDSTL-SD,29,71,33,yes
1753407395316,1753407395,KXMLBGAME-25JUL24SDSTL-SD,29,71,152,yes
1753407400878,1753407400,KXMLBGAME-25JUL24SDSTL-SD,31,69,69,yes
1753407401578,1753407401,KXMLBGAME-25JUL24SDSTL-SD,27,73,15,yes
1753407402035,1753407401,KXMLBGAME-25JUL24SDSTL-STL,76,24,61,yes
1753407402793,1753407402,KXMLBGAME-25JUL24SEALAA-SEA,44,56,10,yes
1753407403213,1753407403,KXMLBGAME-25JUL24ATHHOU-ATH,95,5,262,yes
1753407404951,1753407404,KXMLBGAME-25JUL24SDSTL-SD,26,74,1,yes
1753407405115,1753407405,KXMLBGAME-25JUL24ATHHOU-HOU,7,93,6,yes
1753407405678,1753407405,KXMLBGAME-25JUL24ATHHOU-HOU,7,93,132,yes
1753407407709,1753407407,KXMLBGAME-25JUL24SDSTL-SD,26,74,10,yes
1753407409093,1753407409,KXMLBGAME-25JUL24SEALAA-LAA,57,43,34,yes
1753407409458,1753407409,KXMLBGAME-25JUL24SEALAA-SEA,44,56,61,yes
1753407410837,1753407410,KXMLBGAME-25JUL24SDSTL-SD,26,74,18,yes
1753407413656,1753407413,KXMLBGAME-25JUL24ATHHOU-ATH,95,5,52,yes
1753407416578,1753407416,KXMLBGAME-25JUL24ATHHOU-ATH,92,8,1,no
1753407416578,1753407416,KXMLBGAME-25JUL24ATHHOU-ATH,92,8,179,no
1753407419763,1753407419,KXMLBGAME-25JUL24SEALAA-SEA,44,56,10,yes
1753407422077,1753407422,KXMLBGAME-25JUL24SDSTL-SD,48,52,6,yes
1753407422157,1753407422,KXMLBGAME-25JUL24SDSTL-STL,73,27,5,no
1753407422157,1753407422,KXMLBGAME-25JUL24SDSTL-STL,58,42,1,no
1753407423180,1753407423,KXMLBGAME-25JUL24SDSTL-STL,78,22,30,yes
1753407423180,1753407423,KXMLBGAME-25JUL24SDSTL-STL,83,17,1,yes
1753407426256,1753407426,KXMLBGAME-25JUL24ATHHOU-ATH,92,8,21,no
1753407428375,1753407428,KXMLBGAME-25JUL24SEALAA-SEA,44,56,30,yes
1753407431875,1753407431,KXMLBGAME-25JUL24ATHHOU-ATH,95,5,15,yes
1753407433173,1753407433,KXMLBGAME-25JUL24SEALAA-SEA,44,56,1000,yes
1753407442997,1753407442,KXMLBGAME-25JUL24SEALAA-SEA,44,56,131,yes
1753407451034,1753407450,KXMLBGAME-25JUL24SDSTL-STL,68,32,600,no
1753407451034,1753407450,KXMLBGAME-25JUL24SDSTL-STL,68,32,2000,no
1753407451034,1753407450,KXMLBGAME-25JUL24SDSTL-STL,68,32,300,no
1753407453696,1753407453,KXMLBGAME-25JUL24SDSTL-STL,68,32,300,yes
1753407453696,1753407453,KXMLBGAME-25JUL24SDSTL-STL,68,32,87,yes
1753407453696,1753407453,KXMLBGAME-25JUL24SDSTL-STL,69,31,313,yes
1753407455494,1753407455,KXMLBGAME-25JUL24SEALAA-SEA,44,56,6,yes
1753407455837,1753407455,KXMLBGAME-25JUL24SDSTL-SD,32,68,33,no
1753407456654,1753407456,KXMLBGAME-25JUL24SDSTL-SD,33,67,61,no
1753407457556,1753407457,KXMLBGAME-25JUL24SDSTL-SD,35,65,100,yes
1753407458456,1753407458,KXMLBGAME-25JUL24SDSTL-STL,68,32,1,yes
1753407459335,1753407459,KXMLBGAME-25JUL24SEALAA-SEA,44,56,542,yes
1753407461455,1753407461,KXMLBGAME-25JUL24SDSTL-SD,35,65,50,yes
1753407462974,1753407462,KXMLBGAME-25JUL24SEALAA-SEA,44,56,458,no
1753407463034,1753407462,KXMLBGAME-25JUL24ATHHOU-ATH,95,5,4,yes
1753407464235,1753407464,KXMLBGAME-25JUL24SDSTL-SD,35,65,150,yes
1753407464235,1753407464,KXMLBGAME-25JUL24SDSTL-SD,35,65,177,yes
1753407466356,1753407466,KXMLBGAME-25JUL24SDSTL-STL,67,33,5,yes
1753407466356,1753407466,KXMLBGAME-25JUL24SEALAA-LAA,57,43,1,yes
1753407468175,1753407468,KXMLBGAME-25JUL24ATHHOU-ATH,93,7,7,no
1753407468195,1753407468,KXMLBGAME-25JUL24SDSTL-STL,68,32,143,yes
1753407469974,1753407469,KXMLBGAME-25JUL24SDSTL-STL,67,33,50,no
1753407470375,1753407470,KXMLBGAME-25JUL24SEALAA-SEA,44,56,23,yes
1753407470497,1753407470,KXMLBGAME-25JUL24ATHHOU-ATH,93,7,1310,no
1753407476714,1753407476,KXMLBGAME-25JUL24ATHHOU-ATH,93,7,111,no
1753407478554,1753407478,KXMLBGAME-25JUL24SDSTL-SD,35,65,50,no
1753407479555,1753407479,KXMLBGAME-25JUL24SDSTL-STL,65,35,42,yes
1753407479555,1753407479,KXMLBGAME-25JUL24SDSTL-STL,66,34,30,yes
1753407479555,1753407479,KXMLBGAME-25JUL24SDSTL-STL,66,34,140,yes
1753407479555,1753407479,KXMLBGAME-25JUL24SDSTL-STL,66,34,690,yes
1753407479715,1753407479,KXMLBGAME-25JUL24ATHHOU-HOU,6,94,15,yes
1753407486155,1753407486,KXMLBGAME-25JUL24SDSTL-SD,41,59,300,yes
1753407486155,1753407486,KXMLBGAME-25JUL24SDSTL-SD,42,58,50,yes
1753407486155,1753407486,KXMLBGAME-25JUL24SDSTL-SD,43,57,600,yes
1753407486155,1753407486,KXMLBGAME-25JUL24SDSTL-SD,44,56,178,yes
1753407487514,1753407487,KXMLBGAME-25JUL24SDSTL-SD,45,55,275,yes
1753407487514,1753407487,KXMLBGAME-25JUL24SDSTL-SD,48,52,241,yes
1753407487674,1753407487,KXMLBGAME-25JUL24SEALAA-SEA,44,56,8,yes
1753407491617,1753407491,KXMLBGAME-25JUL24SEALAA-SEA,44,56,220,yes
1753407491617,1753407491,KXMLBGAME-25JUL24SEALAA-SEA,45,55,172,yes
1753407491617,1753407491,KXMLBGAME-25JUL24SEALAA-SEA,45,55,1037,yes
1753407492294,1753407492,KXMLBGAME-25JUL24SDSTL-SD,40,60,11,yes
1753407495154,1753407495,KXMLBGAME-25JUL24SEALAA-SEA,45,55,10,yes
1753407495636,1753407495,KXMLBGAME-25JUL24SEALAA-SEA,45,55,28,yes
1753407496134,1753407496,KXMLBGAME-25JUL24SDSTL-SD,38,62,300,yes
1753407496134,1753407496,KXMLBGAME-25JUL24SDSTL-SD,38,62,204,yes
1753407496356,1753407496,KXMLBGAME-25JUL24ATHHOU-ATH,95,5,58,yes
1753407496594,1753407496,KXMLBGAME-25JUL24SDSTL-STL,63,37,177,no
1753407497706,1753407497,KXMLBGAME-25JUL24SEALAA-LAA,57,43,1,yes
1753407506035,1753407505,KXMLBGAME-25JUL24SDSTL-SD,37,63,64,yes
1753407508335,1753407508,KXMLBGAME-25JUL24SEALAA-LAA,57,43,85,yes
1753407508897,1753407508,KXMLBGAME-25JUL24SDSTL-SD,36,64,25,yes
1753407509195,1753407509,KXMLBGAME-25JUL24ATHHOU-ATH,95,5,80,yes
1753407509195,1753407509,KXMLBGAME-25JUL24ATHHOU-ATH,95,5,30,yes
1753407510932,1753407510,KXMLBGAME-25JUL24SDSTL-STL,66,34,217,yes
1753407513235,1753407513,KXMLBGAME-25JUL24SDSTL-SD,33,67,21,no
1753407513356,1753407513,KXMLBGAME-25JUL24SDSTL-SD,36,64,275,yes
1753407513356,1753407513,KXMLBGAME-25JUL24SDSTL-SD,36,64,87,yes
1753407513356,1753407513,KXMLBGAME-25JUL24SDSTL-SD,37,63,35,yes
1753407514194,1753407514,KXMLBGAME-25JUL24ATHHOU-HOU,6,94,8,yes
1753407516695,1753407516,KXMLBGAME-25JUL24SEALAA-LAA,57,43,34,yes
1753407517835,1753407517,KXMLBGAME-25JUL24ATHHOU-HOU,6,94,23,yes
1753407519774,1753407519,KXMLBGAME-25JUL24ATHHOU-HOU,6,94,78,yes
1753407520015,1753407519,KXMLBGAME-25JUL24SDSTL-SD,35,65,87,yes
1753407520015,1753407519,KXMLBGAME-25JUL24SDSTL-SD,36,64,21,yes
1753407524014,1753407523,KXMLBGAME-25JUL24SDSTL-SD,35,65,2,yes
1753407524777,1753407524,KXMLBGAME-25JUL24SDSTL-STL,66,34,22,yes
1753407530087,1753407530,KXMLBGAME-25JUL24SDSTL-STL,65,35,44,no
1753407530175,1753407530,KXMLBGAME-25JUL24SDSTL-SD,33,67,21,no
1753407540221,1753407540,KXMLBGAME-25JUL24SEALAA-SEA,44,56,218,yes
1753407543758,1753407543,KXMLBGAME-25JUL24SDSTL-SD,35,65,40,yes
1753407543854,1753407543,KXMLBGAME-25JUL24SDSTL-SD,35,65,4,yes
1753407545344,1753407545,KXMLBGAME-25JUL24SDSTL-STL,66,34,2,yes
1753407545676,1753407545,KXMLBGAME-25JUL24ATHHOU-HOU,5,95,100,no
1753407545676,1753407545,KXMLBGAME-25JUL24ATHHOU-HOU,5,95,300,no
1753407545676,1753407545,KXMLBGAME-25JUL24ATHHOU-HOU,5,95,500,no
1753407545676,1753407545,KXMLBGAME-25JUL24ATHHOU-HOU,4,96,633,no
1753407551717,1753407551,KXMLBGAME-25JUL24ATHHOU-HOU,7,93,62,yes
1753407551717,1753407551,KXMLBGAME-25JUL24ATHHOU-HOU,7,93,173,yes
1753407551717,1753407551,KXMLBGAME-25JUL24ATHHOU-HOU,8,92,300,yes
1753407551717,1753407551,KXMLBGAME-25JUL24ATHHOU-HOU,8,92,81,yes
1753407553556,1753407553,KXMLBGAME-25JUL24SDSTL-SD,35,65,41,yes
1753407553556,1753407553,KXMLBGAME-25JUL24SDSTL-SD,35,65,2,yes
1753407553556,1753407553,KXMLBGAME-25JUL24SDSTL-SD,35,65,7,yes
1753407556337,1753407556,KXMLBGAME-25JUL24SDSTL-SD,35,65,8,yes
1753407559654,1753407559,KXMLBGAME-25JUL24SDSTL-SD,35,65,133,yes
1753407562174,1753407561,KXMLBGAME-25JUL24SDSTL-SD,35,65,273,yes
1753407568976,1753407568,KXMLBGAME-25JUL24SEALAA-LAA,58,42,5,yes
1753407570836,1753407570,KXMLBGAME-25JUL24SEALAA-LAA,58,42,11,yes
1753407572173,1753407572,KXMLBGAME-25JUL24SDSTL-SD,35,65,88,yes
1753407574093,1753407573,KXMLBGAME-25JUL24SDSTL-SD,34,66,77,yes
1753407574093,1753407573,KXMLBGAME-25JUL24SDSTL-SD,35,65,61,yes
1753407575394,1753407575,KXMLBGAME-25JUL24ATHHOU-ATH,95,5,300,yes
1753407575394,1753407575,KXMLBGAME-25JUL24ATHHOU-ATH,95,5,290,yes
1753407576064,1753407575,KXMLBGAME-25JUL24SEALAA-SEA,44,56,32,yes
1753407578395,1753407578,KXMLBGAME-25JUL24ATHHOU-ATH,95,5,210,yes
1753407578395,1753407578,KXMLBGAME-25JUL24ATHHOU-ATH,95,5,81,yes
1753407578395,1753407578,KXMLBGAME-25JUL24ATHHOU-ATH,95,5,149,yes
1753407578530,1753407578,KXMLBGAME-25JUL24ATHHOU-HOU,5,95,5,no
1753407580675,1753407580,KXMLBGAME-25JUL24SEALAA-SEA,44,56,7,yes
1753407581074,1753407580,KXMLBGAME-25JUL24SEALAA-SEA,43,57,2050,no
1753407581074,1753407580,KXMLBGAME-25JUL24SEALAA-SEA,43,57,87,no
1753407581474,1753407581,KXMLBGAME-25JUL24ATHHOU-ATH,95,5,151,yes
1753407581474,1753407581,KXMLBGAME-25JUL24ATHHOU-ATH,95,5,189,yes
1753407581815,1753407581,KXMLBGAME-25JUL24ATHHOU-ATH,93,7,2449,no
1753407584454,1753407584,KXMLBGAME-25JUL24ATHHOU-ATH,95,5,111,yes
1753407584454,1753407584,KXMLBGAME-25JUL24ATHHOU-ATH,95,5,39,yes
1753407590037,1753407589,KXMLBGAME-25JUL24SEALAA-SEA,42,58,343,yes
1753407594296,1753407594,KXMLBGAME-25JUL24ATHHOU-HOU,7,93,26,yes
1753407594477,1753407594,KXMLBGAME-25JUL24SDSTL-STL,69,31,40,yes
1753407601835,1753407601,KXMLBGAME-25JUL24ATHHOU-ATH,95,5,2,yes
1753407605834,1753407605,KXMLBGAME-25JUL24ATHHOU-HOU,7,93,61,yes
1753407605834,1753407605,KXMLBGAME-25JUL24ATHHOU-HOU,7,93,26,yes
1753407605834,1753407605,KXMLBGAME-25JUL24ATHHOU-HOU,8,92,17,yes
1753407607374,1753407607,KXMLBGAME-25JUL24SDSTL-STL,68,32,4,yes
1753407614575,1753407614,KXMLBGAME-25JUL24ATHHOU-HOU,6,94,78,yes
1753407623775,1753407623,KXMLBGAME-25JUL24SDSTL-SD,32,68,83,yes
1753407626793,1753407626,KXMLBGAME-25JUL24ATHHOU-HOU,6,94,15,yes
1753407628534,1753407628,KXMLBGAME-25JUL24SDSTL-STL,69,31,300,yes
1753407628534,1753407628,KXMLBGAME-25JUL24SDSTL-STL,69,31,87,yes
1753407630995,1753407630,KXMLBGAME-25JUL24SDSTL-SD,31,69,76,yes
1753407631188,1753407631,KXMLBGAME-25JUL24SDSTL-SD,30,70,30,yes
1753407634536,1753407634,KXMLBGAME-25JUL24ATHHOU-HOU,6,94,285,yes
1753407634536,1753407634,KXMLBGAME-25JUL24ATHHOU-HOU,7,93,66,yes
1753407634536,1753407634,KXMLBGAME-25JUL24ATHHOU-HOU,7,93,24,yes
1753407646595,1753407646,KXMLBGAME-25JUL24ATHHOU-HOU,6,94,32,yes
1753407648361,1753407648,KXMLBGAME-25JUL24SDSTL-SD,30,70,10,yes
1753407648734,1753407648,KXMLBGAME-25JUL24SDSTL-STL,70,30,36,no
1753407649854,1753407649,KXMLBGAME-25JUL24SEALAA-LAA,60,40,30,yes
1753407649854,1753407649,KXMLBGAME-25JUL24SEALAA-LAA,60,40,70,yes
1753407649994,1753407649,KXMLBGAME-25JUL24ATHHOU-ATH,95,5,1534,no
1753407651335,1753407651,KXMLBGAME-25JUL24ATHHOU-ATH,96,4,2,yes
1753407651335,1753407651,KXMLBGAME-25JUL24ATHHOU-ATH,96,4,1,yes
1753407652757,1753407652,KXMLBGAME-25JUL24ATHHOU-ATH,96,4,37,yes
1753407661615,1753407661,KXMLBGAME-25JUL24SDSTL-STL,71,29,34,yes
1753407662499,1753407662,KXMLBGAME-25JUL24SDSTL-SD,30,70,10,yes
1753407662956,1753407662,KXMLBGAME-25JUL24ATHHOU-HOU,6,94,32,yes
1753407664899,1753407664,KXMLBGAME-25JUL24SEALAA-SEA,41,59,23,yes
1753407667098,1753407666,KXMLBGAME-25JUL24SDSTL-STL,71,29,6,yes
1753407668225,1753407668,KXMLBGAME-25JUL24SDSTL-SD,30,70,29,yes
1753407668225,1753407668,KXMLBGAME-25JUL24SDSTL-SD,30,70,2,yes
1753407671399,1753407671,KXMLBGAME-25JUL24ATHHOU-ATH,96,4,12,yes
1753407675558,1753407675,KXMLBGAME-25JUL24SEALAA-SEA,42,58,87,yes
1753407675558,1753407675,KXMLBGAME-25JUL24SEALAA-SEA,42,58,27,yes
1753407676733,1753407676,KXMLBGAME-25JUL24ATHHOU-ATH,95,5,86,no
1753407680200,1753407680,KXMLBGAME-25JUL24SDSTL-SD,31,69,50,yes
1753407680200,1753407680,KXMLBGAME-25JUL24SDSTL-SD,31,69,96,yes
1753407680200,1753407680,KXMLBGAME-25JUL24SDSTL-SD,32,68,156,yes
1753407681554,1753407681,KXMLBGAME-25JUL24SEALAA-SEA,42,58,800,yes
1753407681836,1753407681,KXMLBGAME-25JUL24SEALAA-LAA,60,40,2355,yes
1753407681935,1753407681,KXMLBGAME-25JUL24SDSTL-STL,70,30,100,yes
1753407685034,1753407684,KXMLBGAME-25JUL24ATHHOU-HOU,3,97,12,no
1753407691212,1753407690,KXMLBGAME-25JUL24SEALAA-LAA,58,42,308,no
1753407691213,1753407690,KXMLBGAME-25JUL24SEALAA-LAA,58,42,3000,no
1753407692435,1753407692,KXMLBGAME-25JUL24SDSTL-STL,69,31,116,yes
1753407694085,1753407694,KXMLBGAME-25JUL24SEALAA-LAA,58,42,32,yes
1753407697773,1753407697,KXMLBGAME-25JUL24SEALAA-SEA,45,55,213,yes
1753407698354,1753407698,KXMLBGAME-25JUL24SEALAA-SEA,45,55,4,yes
1753407700776,1753407700,KXMLBGAME-25JUL24SEALAA-SEA,44,56,419,yes
1753407702755,1753407702,KXMLBGAME-25JUL24SEALAA-LAA,58,42,28,yes
1753407704544,1753407704,KXMLBGAME-25JUL24SDSTL-SD,33,67,38,yes
1753407704544,1753407704,KXMLBGAME-25JUL24SDSTL-SD,33,67,34,yes
1753407704775,1753407704,KXMLBGAME-25JUL24ATHHOU-ATH,96,4,300,no
1753407705475,1753407705,KXMLBGAME-25JUL24SEALAA-SEA,44,56,19,yes
1753407709095,1753407709,KXMLBGAME-25JUL24SEALAA-LAA,58,42,985,yes
1753407711316,1753407711,KXMLBGAME-25JUL24SEALAA-LAA,58,42,30,yes
1753407712514,1753407712,KXMLBGAME-25JUL24SDSTL-STL,69,31,35,yes
1753407713735,1753407713,KXMLBGAME-25JUL24SDSTL-SD,32,68,28,yes
1753407713735,1753407713,KXMLBGAME-25JUL24SDSTL-SD,33,67,2,yes
1753407715124,1753407715,KXMLBGAME-25JUL24ATHHOU-HOU,5,95,75,yes
1753407715124,1753407715,KXMLBGAME-25JUL24SEALAA-LAA,58,42,10,yes
1753407718934,1753407718,KXMLBGAME-25JUL24SEALAA-LAA,58,42,47,yes
1753407718934,1753407718,KXMLBGAME-25JUL24SEALAA-LAA,58,42,25,yes
1753407718934,1753407718,KXMLBGAME-25JUL24SEALAA-LAA,58,42,7,yes
1753407718934,1753407718,KXMLBGAME-25JUL24SEALAA-LAA,58,42,1672,yes
1753407721194,1753407721,KXMLBGAME-25JUL24SDSTL-SD,32,68,21,yes
1753407721654,1753407721,KXMLBGAME-25JUL24SEALAA-SEA,44,56,18,yes
1753407722076,1753407722,KXMLBGAME-25JUL24ATHHOU-ATH,96,4,3,yes
1753407723475,1753407723,KXMLBGAME-25JUL24SDSTL-SD,33,67,3,yes
1753407723476,1753407723,KXMLBGAME-25JUL24SDSTL-STL,67,33,16,no
1753407725234,1753407725,KXMLBGAME-25JUL24SEALAA-SEA,44,56,239,yes
1753407729768,1753407729,KXMLBGAME-25JUL24SEALAA-SEA,43,57,223,yes
1753407731879,1753407731,KXMLBGAME-25JUL24SEALAA-SEA,43,57,44,yes
1753407735195,1753407735,KXMLBGAME-25JUL24ATHHOU-ATH,96,4,1,yes
1753407739839,1753407739,KXMLBGAME-25JUL24SDSTL-STL,67,33,300,yes
1753407739839,1753407739,KXMLBGAME-25JUL24SDSTL-STL,68,32,56,yes
1753407739936,1753407739,KXMLBGAME-25JUL24SEALAA-SEA,43,57,22,yes
1753407744104,1753407743,KXMLBGAME-25JUL24SDSTL-SD,35,65,200,yes
1753407744104,1753407743,KXMLBGAME-25JUL24SDSTL-SD,35,65,63,yes
1753407746053,1753407746,KXMLBGAME-25JUL24ATHHOU-HOU,4,96,90,no
1753407746217,1753407746,KXMLBGAME-25JUL24SDSTL-STL,67,33,1,yes
1753407746276,1753407746,KXMLBGAME-25JUL24ATHHOU-HOU,5,95,22,yes
1753407746276,1753407746,KXMLBGAME-25JUL24ATHHOU-HOU,5,95,83,yes
1753407746276,1753407746,KXMLBGAME-25JUL24ATHHOU-HOU,5,95,700,yes
1753407746276,1753407746,KXMLBGAME-25JUL24ATHHOU-HOU,6,94,62,yes
1753407746276,1753407746,KXMLBGAME-25JUL24ATHHOU-HOU,6,94,500,yes
1753407746276,1753407746,KXMLBGAME-25JUL24ATHHOU-HOU,7,93,500,yes
1753407746276,1753407746,KXMLBGAME-25JUL24ATHHOU-HOU,7,93,600,yes
1753407746276,1753407746,KXMLBGAME-25JUL24ATHHOU-HOU,8,92,459,yes
1753407750433,1753407750,KXMLBGAME-25JUL24SEALAA-SEA,43,57,2711,yes
1753407751213,1753407751,KXMLBGAME-25JUL24SEALAA-LAA,57,43,1,no
1753407751653,1753407751,KXMLBGAME-25JUL24ATHHOU-ATH,96,4,10,yes
1753407752096,1753407752,KXMLBGAME-25JUL24SEALAA-SEA,44,56,105,yes
1753407752096,1753407752,KXMLBGAME-25JUL24SEALAA-SEA,45,55,87,yes
1753407752096,1753407752,KXMLBGAME-25JUL24SEALAA-SEA,46,54,300,yes
1753407752096,1753407752,KXMLBGAME-25JUL24SEALAA-SEA,47,53,209,yes
1753407752808,1753407752,KXMLBGAME-25JUL24SEALAA-LAA,58,42,1,yes
1753407756034,1753407755,KXMLBGAME-25JUL24ATHHOU-HOU,7,93,47,yes
1753407756034,1753407755,KXMLBGAME-25JUL24ATHHOU-HOU,8,92,193,yes
1753407756056,1753407756,KXMLBGAME-25JUL24SEALAA-LAA,57,43,8,yes
1753407758575,1753407758,KXMLBGAME-25JUL24SEALAA-SEA,45,55,106,yes
1753407759833,1753407759,KXMLBGAME-25JUL24SEALAA-LAA,57,43,73,yes
1753407759833,1753407759,KXMLBGAME-25JUL24SEALAA-LAA,57,43,6,yes
1753407759833,1753407759,KXMLBGAME-25JUL24SEALAA-LAA,58,42,41,yes
1753407764379,1753407764,KXMLBGAME-25JUL24SEALAA-SEA,44,56,32,yes
1753407766479,1753407766,KXMLBGAME-25JUL24SEALAA-LAA,56,44,59,yes
1753407766479,1753407766,KXMLBGAME-25JUL24SEALAA-LAA,57,43,10,yes
1753407767138,1753407767,KXMLBGAME-25JUL24SDSTL-SD,34,66,50,no
1753407771156,1753407771,KXMLBGAME-25JUL24SDSTL-STL,66,34,300,yes
1753407773834,1753407773,KXMLBGAME-25JUL24ATHHOU-ATH,96,4,336,yes
1753407773834,1753407773,KXMLBGAME-25JUL24ATHHOU-ATH,96,4,87,yes
1753407773834,1753407773,KXMLBGAME-25JUL24ATHHOU-ATH,98,2,94,yes
1753407775337,1753407775,KXMLBGAME-25JUL24SEALAA-SEA,44,56,59,yes
1753407778836,1753407778,KXMLBGAME-25JUL24SDSTL-SD,35,65,2,yes
1753407778836,1753407778,KXMLBGAME-25JUL24SDSTL-SD,35,65,12,yes
1753407778836,1753407778,KXMLBGAME-25JUL24SDSTL-SD,35,65,259,yes
1753407784346,1753407784,KXMLBGAME-25JUL24SDSTL-SD,35,65,273,yes
1753407784794,1753407784,KXMLBGAME-25JUL24SDSTL-SD,35,65,16,yes
1753407785700,1753407785,KXMLBGAME-25JUL24SDSTL-STL,66,34,300,yes
1753407785700,1753407785,KXMLBGAME-25JUL24SDSTL-STL,67,33,300,yes
1753407785700,1753407785,KXMLBGAME-25JUL24SDSTL-STL,67,33,99,yes
1753407787035,1753407786,KXMLBGAME-25JUL24SEALAA-SEA,44,56,59,yes
1753407787554,1753407787,KXMLBGAME-25JUL24SDSTL-SD,34,66,50,no
1753407788074,1753407788,KXMLBGAME-25JUL24ATHHOU-HOU,4,96,10,no
1753407788074,1753407788,KXMLBGAME-25JUL24ATHHOU-HOU,3,97,68,no
1753407788534,1753407788,KXMLBGAME-25JUL24SDSTL-SD,35,65,40,yes
1753407795735,1753407795,KXMLBGAME-25JUL24SDSTL-SD,35,65,137,yes
1753407797141,1753407797,KXMLBGAME-25JUL24ATHHOU-ATH,97,3,20,yes
1753407801960,1753407801,KXMLBGAME-25JUL24SDSTL-SD,34,66,18,no
1753407802354,1753407802,KXMLBGAME-25JUL24SDSTL-STL,66,34,14,yes
1753407804997,1753407804,KXMLBGAME-25JUL24SDSTL-STL,66,34,7,yes
1753407810475,1753407810,KXMLBGAME-25JUL24SDSTL-STL,66,34,75,yes
1753407814277,1753407814,KXMLBGAME-25JUL24ATHHOU-ATH,96,4,34,no
1753407815636,1753407815,KXMLBGAME-25JUL24SEALAA-SEA,46,54,10,yes
1753407820291,1753407820,KXMLBGAME-25JUL24SDSTL-SD,35,65,9,yes
1753407820291,1753407820,KXMLBGAME-25JUL24SDSTL-SD,36,64,2991,yes
1753407822558,1753407822,KXMLBGAME-25JUL24ATHHOU-ATH,97,3,67,yes
1753407822558,1753407822,KXMLBGAME-25JUL24ATHHOU-ATH,97,3,20,yes
1753407822558,1753407822,KXMLBGAME-25JUL24ATHHOU-ATH,98,2,15,yes
1753407824015,1753407823,KXMLBGAME-25JUL24SDSTL-STL,65,35,2,no
1753407824015,1753407823,KXMLBGAME-25JUL24SDSTL-SD,36,64,7,yes
1753407825475,1753407825,KXMLBGAME-25JUL24SEALAA-SEA,46,54,43,yes
1753407826037,1753407825,KXMLBGAME-25JUL24SDSTL-STL,60,40,2000,no
1753407826037,1753407825,KXMLBGAME-25JUL24SDSTL-STL,60,40,600,no
1753407826037,1753407825,KXMLBGAME-25JUL24SDSTL-STL,60,40,300,no
1753407826214,1753407825,KXMLBGAME-25JUL24SDSTL-SD,38,62,5,yes
1753407826214,1753407825,KXMLBGAME-25JUL24SDSTL-SD,40,60,100,yes
1753407828040,1753407827,KXMLBGAME-25JUL24SDSTL-SD,42,58,50,yes
1753407828040,1753407827,KXMLBGAME-25JUL24SDSTL-SD,43,57,7,yes
1753407828841,1753407828,KXMLBGAME-25JUL24SEALAA-SEA,46,54,3,yes
1753407828974,1753407828,KXMLBGAME-25JUL24SEALAA-SEA,46,54,10,yes
1753407831451,1753407831,KXMLBGAME-25JUL24SDSTL-SD,41,59,4,yes
1753407831451,1753407831,KXMLBGAME-25JUL24SDSTL-SD,42,58,9,yes
1753407832954,1753407832,KXMLBGAME-25JUL24SEALAA-SEA,46,54,234,yes
1753407832955,1753407832,KXMLBGAME-25JUL24SEALAA-SEA,46,54,48,yes
1753407835240,1753407835,KXMLBGAME-25JUL24SEALAA-LAA,56,44,17,yes
1753407836914,1753407836,KXMLBGAME-25JUL24SEALAA-LAA,56,44,34,yes
1753407838294,1753407838,KXMLBGAME-25JUL24SDSTL-STL,61,39,300,yes
1753407838294,1753407838,KXMLBGAME-25JUL24SDSTL-STL,62,38,87,yes
1753407838294,1753407838,KXMLBGAME-25JUL24SDSTL-STL,62,38,2,yes
1753407839439,1753407839,KXMLBGAME-25JUL24SDSTL-SD,41,59,3,yes
1753407839439,1753407839,KXMLBGAME-25JUL24SDSTL-SD,41,59,22,yes
1753407839439,1753407839,KXMLBGAME-25JUL24SDSTL-SD,42,58,23,yes
1753407841141,1753407841,KXMLBGAME-25JUL24ATHHOU-HOU,4,96,300,no
1753407841141,1753407841,KXMLBGAME-25JUL24ATHHOU-HOU,3,97,50,no
1753407841141,1753407841,KXMLBGAME-25JUL24ATHHOU-HOU,2,98,300,no
1753407841141,1753407841,KXMLBGAME-25JUL24ATHHOU-HOU,2,98,74,no
1753407841141,1753407841,KXMLBGAME-25JUL24ATHHOU-HOU,1,99,1000,no
1753407841235,1753407841,KXMLBGAME-25JUL24ATHHOU-HOU,5,95,18,yes
1753407844657,1753407844,KXMLBGAME-25JUL24SDSTL-STL,61,39,32,yes
1753407851075,1753407851,KXMLBGAME-25JUL24SEALAA-LAA,56,44,86,yes
1753407851114,1753407851,KXMLBGAME-25JUL24SDSTL-STL,61,39,31,yes
1753407851374,1753407851,KXMLBGAME-25JUL24SEALAA-SEA,46,54,39,yes
1753407851374,1753407851,KXMLBGAME-25JUL24SEALAA-SEA,46,54,379,yes
1753407851736,1753407851,KXMLBGAME-25JUL24SDSTL-SD,39,61,112,no
1753407862555,1753407862,KXMLBGAME-25JUL24ATHHOU-ATH,96,4,9,no
1753407867087,1753407866,KXMLBGAME-25JUL24ATHHOU-ATH,97,3,2,yes
1753407867657,1753407867,KXMLBGAME-25JUL24SDSTL-SD,41,59,18,yes
1753407867657,1753407867,KXMLBGAME-25JUL24SDSTL-SD,41,59,1500,yes
1753407867657,1753407867,KXMLBGAME-25JUL24SDSTL-SD,42,58,268,yes
1753407867657,1753407867,KXMLBGAME-25JUL24SDSTL-SD,42,58,200,yes
1753407867657,1753407867,KXMLBGAME-25JUL24SDSTL-SD,42,58,300,yes
1753407867657,1753407867,KXMLBGAME-25JUL24SDSTL-SD,43,57,146,yes
1753407870538,1753407870,KXMLBGAME-25JUL24SDSTL-SD,41,59,14,yes
1753407870538,1753407870,KXMLBGAME-25JUL24SDSTL-SD,42,58,9,yes
1753407872035,1753407871,KXMLBGAME-25JUL24SDSTL-STL,60,40,22,yes
1753407872215,1753407872,KXMLBGAME-25JUL24ATHHOU-HOU,5,95,87,yes
1753407872215,1753407872,KXMLBGAME-25JUL24ATHHOU-HOU,6,94,1,yes
1753407873077,1753407873,KXMLBGAME-25JUL24SEALAA-SEA,45,55,300,yes
1753407875935,1753407875,KXMLBGAME-25JUL24SEALAA-LAA,54,46,300,no
1753407879295,1753407879,KXMLBGAME-25JUL24SDSTL-SD,41,59,10,yes
1753407879295,1753407879,KXMLBGAME-25JUL24SDSTL-SD,42,58,67,yes
1753407881423,1753407881,KXMLBGAME-25JUL24SDSTL-STL,60,40,2,yes
1753407889119,1753407889,KXMLBGAME-25JUL24SDSTL-STL,59,41,1,no
1753407901794,1753407901,KXMLBGAME-25JUL24SDSTL-SD,41,59,8,yes
1753407901794,1753407901,KXMLBGAME-25JUL24SDSTL-SD,42,58,3,yes
1753407909876,1753407909,KXMLBGAME-25JUL24ATHHOU-HOU,6,94,299,yes
1753407909876,1753407909,KXMLBGAME-25JUL24ATHHOU-HOU,6,94,87,yes
1753407912535,1753407912,KXMLBGAME-25JUL24SEALAA-SEA,49,51,87,yes
1753407912535,1753407912,KXMLBGAME-25JUL24SEALAA-SEA,49,51,157,yes
1753407914656,1753407914,KXMLBGAME-25JUL24SDSTL-SD,41,59,6,yes
1753407914656,1753407914,KXMLBGAME-25JUL24SDSTL-SD,42,58,5,yes
1753407916813,1753407916,KXMLBGAME-25JUL24ATHHOU-ATH,97,3,5,yes
1753407921716,1753407921,KXMLBGAME-25JUL24SDSTL-SD,41,59,4,yes
1753407921716,1753407921,KXMLBGAME-25JUL24SDSTL-SD,42,58,2,yes
1753407921933,1753407921,KXMLBGAME-25JUL24SEALAA-SEA,48,52,804,yes
1753407922715,1753407922,KXMLBGAME-25JUL24SEALAA-SEA,48,52,25,yes
1753407925148,1753407925,KXMLBGAME-25JUL24SDSTL-SD,41,59,3,yes
1753407925148,1753407925,KXMLBGAME-25JUL24SDSTL-SD,42,58,290,yes
1753407925148,1753407925,KXMLBGAME-25JUL24SDSTL-SD,42,58,851,yes
1753407925396,1753407925,KXMLBGAME-25JUL24SEALAA-SEA,48,52,30,yes
1753407926785,1753407926,KXMLBGAME-25JUL24SDSTL-SD,41,59,3,yes
1753407926785,1753407926,KXMLBGAME-25JUL24SDSTL-SD,42,58,108,yes
1753407930615,1753407930,KXMLBGAME-25JUL24SDSTL-SD,41,59,2,yes
1753407930615,1753407930,KXMLBGAME-25JUL24SDSTL-SD,42,58,2,yes
1753407932316,1753407932,KXMLBGAME-25JUL24ATHHOU-HOU,4,96,34,no
1753407934514,1753407934,KXMLBGAME-25JUL24SDSTL-STL,59,41,217,no
1753407935497,1753407935,KXMLBGAME-25JUL24ATHHOU-HOU,4,96,12,no
1753407936434,1753407936,KXMLBGAME-25JUL24SDSTL-STL,60,40,81,yes
1753407937534,1753407937,KXMLBGAME-25JUL24ATHHOU-HOU,4,96,54,no
1753407937534,1753407937,KXMLBGAME-25JUL24ATHHOU-HOU,3,97,3666,no
1753407937534,1753407937,KXMLBGAME-25JUL24ATHHOU-HOU,3,97,300,no
1753407937534,1753407937,KXMLBGAME-25JUL24ATHHOU-HOU,3,97,87,no
1753407937534,1753407937,KXMLBGAME-25JUL24ATHHOU-HOU,2,98,409,no
1753407938678,1753407938,KXMLBGAME-25JUL24SEALAA-SEA,48,52,36,yes
1753407940057,1753407940,KXMLBGAME-25JUL24SEALAA-LAA,54,46,186,yes
1753407940875,1753407940,KXMLBGAME-25JUL24SEALAA-SEA,47,53,500,no
1753407940875,1753407940,KXMLBGAME-25JUL24SEALAA-SEA,47,53,200,no
1753407940875,1753407940,KXMLBGAME-25JUL24ATHHOU-ATH,96,4,107,no
1753407940875,1753407940,KXMLBGAME-25JUL24ATHHOU-ATH,96,4,4,no
1753407940875,1753407940,KXMLBGAME-25JUL24ATHHOU-ATH,95,5,44,no
1753407940893,1753407940,KXMLBGAME-25JUL24SDSTL-STL,60,40,2,yes
1753407943534,1753407943,KXMLBGAME-25JUL24SEALAA-SEA,46,54,50,yes
1753407944911,1753407944,KXMLBGAME-25JUL24SDSTL-SD,41,59,1,yes
1753407944911,1753407944,KXMLBGAME-25JUL24SDSTL-SD,42,58,44,yes
1753407945235,1753407945,KXMLBGAME-25JUL24SEALAA-LAA,54,46,59,yes
1753407952716,1753407952,KXMLBGAME-25JUL24SEALAA-SEA,46,54,450,yes
1753407952716,1753407952,KXMLBGAME-25JUL24SEALAA-SEA,46,54,300,yes
1753407957404,1753407957,KXMLBGAME-25JUL24SDSTL-SD,41,59,1,yes
1753407957404,1753407957,KXMLBGAME-25JUL24SDSTL-SD,42,58,280,yes
1753407961141,1753407961,KXMLBGAME-25JUL24SDSTL-STL,60,40,33,yes
1753407961141,1753407961,KXMLBGAME-25JUL24SDSTL-STL,60,40,129,yes
1753407961898,1753407961,KXMLBGAME-25JUL24SDSTL-STL,60,40,100,yes
1753407963134,1753407963,KXMLBGAME-25JUL24ATHHOU-ATH,95,5,44,no
1753407963138,1753407963,KXMLBGAME-25JUL24SEALAA-SEA,47,53,10,yes
1753407963574,1753407963,KXMLBGAME-25JUL24SDSTL-SD,41,59,1,yes
1753407963574,1753407963,KXMLBGAME-25JUL24SDSTL-SD,42,58,1,yes
1753407963695,1753407963,KXMLBGAME-25JUL24SDSTL-SD,41,59,1,yes
1753407963695,1753407963,KXMLBGAME-25JUL24SDSTL-SD,42,58,4,yes
1753407965157,1753407965,KXMLBGAME-25JUL24SEALAA-SEA,47,53,100,yes
1753407965205,1753407965,KXMLBGAME-25JUL24SEALAA-LAA,54,46,1,yes
1753407965476,1753407965,KXMLBGAME-25JUL24SDSTL-SD,42,58,68,yes
1753407965717,1753407965,KXMLBGAME-25JUL24ATHHOU-HOU,5,95,93,yes
1753407966927,1753407966,KXMLBGAME-25JUL24SDSTL-SD,42,58,45,yes
1753407969134,1753407969,KXMLBGAME-25JUL24SEALAA-SEA,46,54,83,yes
1753407970575,1753407970,KXMLBGAME-25JUL24SEALAA-SEA,46,54,33,yes
1753407972457,1753407972,KXMLBGAME-25JUL24SDSTL-SD,40,60,300,no
1753407972457,1753407972,KXMLBGAME-25JUL24SDSTL-SD,40,60,600,no
1753407972457,1753407972,KXMLBGAME-25JUL24SDSTL-SD,40,60,2000,no
1753407972457,1753407972,KXMLBGAME-25JUL24SDSTL-SD,39,61,1034,no
1753407975017,1753407974,KXMLBGAME-25JUL24SDSTL-SD,42,58,12,yes
1753407977315,1753407977,KXMLBGAME-25JUL24ATHHOU-ATH,97,3,300,yes
1753407977315,1753407977,KXMLBGAME-25JUL24ATHHOU-ATH,97,3,93,yes
1753407977315,1753407977,KXMLBGAME-25JUL24ATHHOU-ATH,98,2,120,yes
1753407979152,1753407979,KXMLBGAME-25JUL24SEALAA-SEA,47,53,51,yes
1753407979456,1753407979,KXMLBGAME-25JUL24SDSTL-SD,42,58,6,yes
1753407984215,1753407984,KXMLBGAME-25JUL24SDSTL-SD,42,58,38,yes
1753407987100,1753407986,KXMLBGAME-25JUL24SDSTL-STL,60,40,50,yes
1753407987473,1753407987,KXMLBGAME-25JUL24ATHHOU-ATH,97,3,1,yes
1753407989763,1753407989,KXMLBGAME-25JUL24SDSTL-SD,42,58,41,yes
1753407989763,1753407989,KXMLBGAME-25JUL24SDSTL-SD,43,57,6,yes
1753407989977,1753407989,KXMLBGAME-25JUL24ATHHOU-HOU,5,95,18,yes
1753407992657,1753407992,KXMLBGAME-25JUL24SEALAA-LAA,54,46,170,no
1753407992875,1753407992,KXMLBGAME-25JUL24SDSTL-STL,60,40,167,yes
1753407992875,1753407992,KXMLBGAME-25JUL24SDSTL-STL,60,40,274,yes
1753407992875,1753407992,KXMLBGAME-25JUL24SDSTL-STL,60,40,600,yes
1753407992875,1753407992,KXMLBGAME-25JUL24SDSTL-STL,60,40,300,yes
1753407992875,1753407992,KXMLBGAME-25JUL24SDSTL-STL,60,40,1224,yes
1753407994574,1753407994,KXMLBGAME-25JUL24SDSTL-SD,43,57,26,yes
1753407995314,1753407995,KXMLBGAME-25JUL24SEALAA-LAA,55,45,66,yes
1753407995314,1753407995,KXMLBGAME-25JUL24SEALAA-LAA,55,45,21,yes
1753407995314,1753407995,KXMLBGAME-25JUL24SEALAA-LAA,55,45,89,yes
1753407995456,1753407995,KXMLBGAME-25JUL24SDSTL-STL,60,40,300,yes
1753408001853,1753408001,KXMLBGAME-25JUL24ATHHOU-HOU,7,93,26,yes
1753408003536,1753408003,KXMLBGAME-25JUL24SEALAA-LAA,54,46,53,yes
1753408003874,1753408003,KXMLBGAME-25JUL24SEALAA-LAA,53,47,30,no
1753408003874,1753408003,KXMLBGAME-25JUL24SEALAA-LAA,53,47,14,no
1753408003874,1753408003,KXMLBGAME-25JUL24SEALAA-LAA,53,47,176,no
1753408005514,1753408005,KXMLBGAME-25JUL24SEALAA-SEA,48,52,300,yes
1753408005514,1753408005,KXMLBGAME-25JUL24SEALAA-SEA,49,51,87,yes
1753408006035,1753408005,KXMLBGAME-25JUL24SEALAA-LAA,51,49,204,no
1753408006035,1753408005,KXMLBGAME-25JUL24SEALAA-LAA,51,49,85,no
1753408006035,1753408005,KXMLBGAME-25JUL24SEALAA-LAA,51,49,1,no
1753408006127,1753408005,KXMLBGAME-25JUL24SEALAA-SEA,50,50,86,yes
1753408006998,1753408006,KXMLBGAME-25JUL24SEALAA-SEA,51,49,600,yes
1753408006998,1753408006,KXMLBGAME-25JUL24SEALAA-SEA,52,48,298,yes
1753408009034,1753408008,KXMLBGAME-25JUL24SDSTL-SD,42,58,2,yes
1753408009056,1753408008,KXMLBGAME-25JUL24SEALAA-SEA,49,51,87,no
1753408012218,1753408012,KXMLBGAME-25JUL24ATHHOU-ATH,97,3,200,yes
1753408013320,1753408013,KXMLBGAME-25JUL24SEALAA-SEA,50,50,285,yes
1753408014454,1753408014,KXMLBGAME-25JUL24ATHHOU-ATH,97,3,300,yes
1753408014454,1753408014,KXMLBGAME-25JUL24ATHHOU-ATH,97,3,600,yes
1753408014454,1753408014,KXMLBGAME-25JUL24ATHHOU-ATH,97,3,18,yes
1753408014454,1753408014,KXMLBGAME-25JUL24ATHHOU-ATH,98,2,71,yes
1753408014454,1753408014,KXMLBGAME-25JUL24ATHHOU-ATH,98,2,9,yes
1753408014454,1753408014,KXMLBGAME-25JUL24ATHHOU-ATH,98,2,4,yes
1753408014454,1753408014,KXMLBGAME-25JUL24ATHHOU-ATH,98,2,500,yes
1753408014454,1753408014,KXMLBGAME-25JUL24ATHHOU-ATH,98,2,739,yes
1753408016315,1753408016,KXMLBGAME-25JUL24SDSTL-STL,61,39,33,yes
1753408017415,1753408017,KXMLBGAME-25JUL24SEALAA-LAA,52,48,87,yes
1753408017415,1753408017,KXMLBGAME-25JUL24SEALAA-LAA,52,48,15,yes
1753408019535,1753408019,KXMLBGAME-25JUL24SEALAA-SEA,50,50,30,yes
1753408025757,1753408025,KXMLBGAME-25JUL24SEALAA-SEA,50,50,189,yes
1753408025833,1753408025,KXMLBGAME-25JUL24SEALAA-LAA,51,49,500,no
1753408025995,1753408025,KXMLBGAME-25JUL24SEALAA-SEA,50,50,50,yes
1753408026159,1753408026,KXMLBGAME-25JUL24SEALAA-SEA,50,50,40,yes
1753408026476,1753408026,KXMLBGAME-25JUL24SEALAA-SEA,50,50,6,yes
1753408026476,1753408026,KXMLBGAME-25JUL24SEALAA-SEA,50,50,7,yes
1753408026834,1753408026,KXMLBGAME-25JUL24SDSTL-STL,61,39,567,yes
1753408026834,1753408026,KXMLBGAME-25JUL24SDSTL-STL,61,39,2000,yes
1753408026834,1753408026,KXMLBGAME-25JUL24SDSTL-STL,61,39,82,yes
1753408027015,1753408026,KXMLBGAME-25JUL24SDSTL-STL,61,39,218,yes
1753408030854,1753408030,KXMLBGAME-25JUL24SEALAA-LAA,51,49,47,yes
1753408032354,1753408032,KXMLBGAME-25JUL24ATHHOU-ATH,96,4,4,yes
1753408032460,1753408032,KXMLBGAME-25JUL24SEALAA-LAA,49,51,208,no
1753408034456,1753408034,KXMLBGAME-25JUL24SDSTL-SD,39,61,24,yes
1753408036457,1753408036,KXMLBGAME-25JUL24SDSTL-STL,62,38,23,yes
1753408040304,1753408040,KXMLBGAME-25JUL24SEALAA-SEA,51,49,3,yes
1753408041885,1753408041,KXMLBGAME-25JUL24SEALAA-SEA,51,49,11,yes
1753408042477,1753408042,KXMLBGAME-25JUL24SDSTL-SD,39,61,6,yes
1753408042477,1753408042,KXMLBGAME-25JUL24SDSTL-SD,41,59,123,yes
1753408045216,1753408045,KXMLBGAME-25JUL24SEALAA-SEA,51,49,352,yes
1753408047957,1753408047,KXMLBGAME-25JUL24SEALAA-SEA,51,49,37,yes
1753408048818,1753408048,KXMLBGAME-25JUL24ATHHOU-ATH,97,3,16,yes
1753408051676,1753408051,KXMLBGAME-25JUL24ATHHOU-HOU,3,97,41,no
1753408052798,1753408052,KXMLBGAME-25JUL24ATHHOU-ATH,97,3,61,yes
1753408052798,1753408052,KXMLBGAME-25JUL24ATHHOU-ATH,97,3,41,yes
1753408053954,1753408053,KXMLBGAME-25JUL24SEALAA-LAA,49,51,34,no
1753408055194,1753408055,KXMLBGAME-25JUL24SDSTL-SD,41,59,230,yes
1753408056477,1753408056,KXMLBGAME-25JUL24SEALAA-SEA,51,49,94,yes
1753408056675,1753408056,KXMLBGAME-25JUL24SDSTL-STL,62,38,157,yes
1753408057516,1753408057,KXMLBGAME-25JUL24SDSTL-SD,39,61,273,no
1753408063335,1753408063,KXMLBGAME-25JUL24SEALAA-SEA,49,51,87,no
1753408063416,1753408063,KXMLBGAME-25JUL24SEALAA-LAA,49,51,66,yes
1753408063416,1753408063,KXMLBGAME-25JUL24SEALAA-LAA,51,49,300,yes
1753408063494,1753408063,KXMLBGAME-25JUL24SEALAA-LAA,50,50,49,yes
1753408063494,1753408063,KXMLBGAME-25JUL24SEALAA-LAA,51,49,49,yes
1753408063494,1753408063,KXMLBGAME-25JUL24SEALAA-LAA,52,48,300,yes
1753408063935,1753408063,KXMLBGAME-25JUL24SEALAA-LAA,54,46,25,yes
1753408064315,1753408064,KXMLBGAME-25JUL24SEALAA-LAA,54,46,18,yes
1753408064415,1753408064,KXMLBGAME-25JUL24SEALAA-SEA,47,53,33,yes
1753408065131,1753408065,KXMLBGAME-25JUL24SEALAA-SEA,46,54,14,no
1753408070495,1753408070,KXMLBGAME-25JUL24SDSTL-SD,39,61,600,no
1753408070495,1753408070,KXMLBGAME-25JUL24SDSTL-SD,39,61,194,no
1753408070656,1753408070,KXMLBGAME-25JUL24SDSTL-STL,62,38,781,yes
1753408070779,1753408070,KXMLBGAME-25JUL24SDSTL-STL,62,38,123,yes
1753408070779,1753408070,KXMLBGAME-25JUL24SDSTL-STL,62,38,2877,yes
1753408070779,1753408070,KXMLBGAME-25JUL24SDSTL-STL,62,38,300,yes
1753408070780,1753408070,KXMLBGAME-25JUL24SDSTL-SD,37,63,87,no
1753408070780,1753408070,KXMLBGAME-25JUL24SDSTL-STL,63,37,87,yes
1753408070795,1753408070,KXMLBGAME-25JUL24ATHHOU-ATH,96,4,300,yes
1753408070795,1753408070,KXMLBGAME-25JUL24ATHHOU-ATH,97,3,108,yes
1753408071133,1753408071,KXMLBGAME-25JUL24SDSTL-SD,33,67,87,no
1753408073114,1753408072,KXMLBGAME-25JUL24ATHHOU-HOU,6,94,7,yes
1753408076156,1753408076,KXMLBGAME-25JUL24SEALAA-SEA,45,55,96,yes
1753408076437,1753408076,KXMLBGAME-25JUL24ATHHOU-HOU,6,94,46,yes
1753408077597,1753408077,KXMLBGAME-25JUL24SEALAA-SEA,45,55,204,yes
1753408077597,1753408077,KXMLBGAME-25JUL24SEALAA-SEA,46,54,87,yes
1753408077597,1753408077,KXMLBGAME-25JUL24SEALAA-SEA,46,54,600,yes
1753408077597,1753408077,KXMLBGAME-25JUL24SEALAA-SEA,47,53,137,yes
1753408079637,1753408079,KXMLBGAME-25JUL24SDSTL-SD,34,66,33,yes
1753408080997,1753408080,KXMLBGAME-25JUL24SEALAA-SEA,44,56,418,yes
1753408081117,1753408081,KXMLBGAME-25JUL24SDSTL-STL,69,31,1,yes
1753408082845,1753408082,KXMLBGAME-25JUL24SEALAA-SEA,44,56,6,yes
1753408086637,1753408086,KXMLBGAME-25JUL24SDSTL-STL,67,33,4,yes
1753408087754,1753408087,KXMLBGAME-25JUL24SEALAA-SEA,44,56,10,yes
1753408088254,1753408088,KXMLBGAME-25JUL24SDSTL-SD,34,66,8,yes
1753408089252,1753408089,KXMLBGAME-25JUL24ATHHOU-HOU,6,94,234,yes
1753408091956,1753408091,KXMLBGAME-25JUL24SEALAA-SEA,44,56,54,yes
1753408095158,1753408094,KXMLBGAME-25JUL24SEALAA-SEA,44,56,2,yes
1753408096057,1753408095,KXMLBGAME-25JUL24SEALAA-LAA,57,43,366,yes
1753408096495,1753408096,KXMLBGAME-25JUL24SDSTL-STL,67,33,8,yes
1753408099013,1753408098,KXMLBGAME-25JUL24ATHHOU-ATH,95,5,639,no
1753408100458,1753408100,KXMLBGAME-25JUL24SEALAA-SEA,43,57,4,yes
1753408104959,1753408104,KXMLBGAME-25JUL24SDSTL-STL,67,33,288,yes
1753408104959,1753408104,KXMLBGAME-25JUL24SDSTL-STL,67,33,87,yes
1753408104959,1753408104,KXMLBGAME-25JUL24SDSTL-STL,67,33,300,yes
1753408111876,1753408111,KXMLBGAME-25JUL24SDSTL-SD,33,67,50,no
1753408113834,1753408113,KXMLBGAME-25JUL24ATHHOU-HOU,5,95,87,yes
1753408113834,1753408113,KXMLBGAME-25JUL24ATHHOU-HOU,6,94,86,yes
1753408117014,1753408116,KXMLBGAME-25JUL24SDSTL-STL,68,32,5,yes
1753408119454,1753408119,KXMLBGAME-25JUL24ATHHOU-HOU,4,96,4,no
1753408123013,1753408122,KXMLBGAME-25JUL24SDSTL-SD,35,65,55,yes
1753408123013,1753408122,KXMLBGAME-25JUL24SDSTL-SD,35,65,13,yes
1753408127914,1753408127,KXMLBGAME-25JUL24ATHHOU-HOU,6,94,7,yes
1753408131615,1753408131,KXMLBGAME-25JUL24ATHHOU-ATH,96,4,5,yes
1753408133634,1753408133,KXMLBGAME-25JUL24SEALAA-LAA,59,41,247,yes
1753408134756,1753408134,KXMLBGAME-25JUL24SEALAA-SEA,42,58,3,yes
1753408134756,1753408134,KXMLBGAME-25JUL24SEALAA-SEA,42,58,19,yes
1753408136334,1753408136,KXMLBGAME-25JUL24SDSTL-SD,35,65,1366,yes
1753408136438,1753408136,KXMLBGAME-25JUL24SDSTL-STL,67,33,300,yes
1753408136438,1753408136,KXMLBGAME-25JUL24SDSTL-STL,67,33,2000,yes
1753408136438,1753408136,KXMLBGAME-25JUL24SDSTL-STL,67,33,600,yes
1753408137614,1753408137,KXMLBGAME-25JUL24SEALAA-SEA,42,58,57,yes
1753408139291,1753408139,KXMLBGAME-25JUL24SDSTL-SD,35,65,32,yes
1753408140173,1753408140,KXMLBGAME-25JUL24SEALAA-SEA,42,58,228,yes
1753408140810,1753408140,KXMLBGAME-25JUL24ATHHOU-ATH,95,5,32,no
1753408140864,1753408140,KXMLBGAME-25JUL24SDSTL-SD,32,68,38,no
1753408141215,1753408141,KXMLBGAME-25JUL24ATHHOU-ATH,95,5,362,no
1753408147460,1753408147,KXMLBGAME-25JUL24ATHHOU-ATH,95,5,30,no
1753408149893,1753408149,KXMLBGAME-25JUL24SEALAA-SEA,42,58,45,yes
1753408151054,1753408151,KXMLBGAME-25JUL24ATHHOU-ATH,96,4,207,yes
1753408159215,1753408159,KXMLBGAME-25JUL24SDSTL-SD,32,68,162,no
1753408159314,1753408159,KXMLBGAME-25JUL24SEALAA-SEA,42,58,48,yes
1753408160736,1753408160,KXMLBGAME-25JUL24SDSTL-STL,71,29,2,yes
1753408160755,1753408160,KXMLBGAME-25JUL24SDSTL-SD,29,71,11,no
1753408160755,1753408160,KXMLBGAME-25JUL24SDSTL-SD,29,71,87,no
1753408160880,1753408160,KXMLBGAME-25JUL24SDSTL-SD,29,71,87,no
1753408160880,1753408160,KXMLBGAME-25JUL24SDSTL-SD,28,72,135,no
1753408161055,1753408160,KXMLBGAME-25JUL24SDSTL-SD,28,72,87,no
1753408166357,1753408166,KXMLBGAME-25JUL24SDSTL-STL,76,24,1,yes
1753408168335,1753408168,KXMLBGAME-25JUL24SEALAA-LAA,59,41,32,yes
1753408172376,1753408172,KXMLBGAME-25JUL24SDSTL-STL,76,24,9,yes
1753408172376,1753408172,KXMLBGAME-25JUL24SDSTL-STL,76,24,120,yes
1753408172735,1753408172,KXMLBGAME-25JUL24SDSTL-SD,26,74,73,yes
1753408173273,1753408173,KXMLBGAME-25JUL24ATHHOU-ATH,96,4,8,yes
1753408178376,1753408178,KXMLBGAME-25JUL24SEALAA-SEA,42,58,478,yes
1753408179196,1753408179,KXMLBGAME-25JUL24SDSTL-SD,24,76,59,yes
1753408179196,1753408179,KXMLBGAME-25JUL24SDSTL-SD,25,75,38,yes
1753408179716,1753408179,KXMLBGAME-25JUL24SEALAA-SEA,42,58,500,yes
1753408181676,1753408181,KXMLBGAME-25JUL24ATHHOU-HOU,6,94,125,yes
1753408184298,1753408184,KXMLBGAME-25JUL24SDSTL-STL,75,25,3,no
1753408185998,1753408185,KXMLBGAME-25JUL24SDSTL-STL,76,24,180,yes
1753408185998,1753408185,KXMLBGAME-25JUL24SDSTL-STL,76,24,162,yes
1753408190660,1753408190,KXMLBGAME-25JUL24SEALAA-LAA,59,41,1,yes
1753408192775,1753408192,KXMLBGAME-25JUL24ATHHOU-ATH,96,4,23,yes
1753408195178,1753408195,KXMLBGAME-25JUL24SDSTL-STL,78,22,12,yes
1753408197496,1753408197,KXMLBGAME-25JUL24SDSTL-SD,24,76,43,yes
1753408197496,1753408197,KXMLBGAME-25JUL24SDSTL-SD,25,75,15,yes
1753408198435,1753408198,KXMLBGAME-25JUL24ATHHOU-ATH,96,4,269,yes
1753408199096,1753408199,KXMLBGAME-25JUL24SDSTL-STL,77,23,69,yes
1753408200795,1753408200,KXMLBGAME-25JUL24ATHHOU-ATH,96,4,23,no
1753408203358,1753408203,KXMLBGAME-25JUL24SDSTL-STL,77,23,40,yes
1753408206031,1753408205,KXMLBGAME-25JUL24SEALAA-SEA,40,60,5,no
1753408206031,1753408205,KXMLBGAME-25JUL24SEALAA-SEA,40,60,10,no
1753408206859,1753408206,KXMLBGAME-25JUL24SDSTL-SD,25,75,33,yes
1753408206859,1753408206,KXMLBGAME-25JUL24SDSTL-SD,26,74,8,yes
1753408208286,1753408208,KXMLBGAME-25JUL24SDSTL-SD,25,75,24,yes
1753408208286,1753408208,KXMLBGAME-25JUL24SDSTL-SD,26,74,336,yes
1753408209160,1753408209,KXMLBGAME-25JUL24SDSTL-SD,25,75,18,yes
1753408209160,1753408209,KXMLBGAME-25JUL24SDSTL-SD,26,74,30,yes
1753408211455,1753408211,KXMLBGAME-25JUL24SEALAA-SEA,41,59,23,yes
1753408214396,1753408214,KXMLBGAME-25JUL24SDSTL-STL,77,23,19,yes
1753408217400,1753408217,KXMLBGAME-25JUL24SDSTL-SD,25,75,10,yes
1753408221184,1753408221,KXMLBGAME-25JUL24SDSTL-STL,77,23,172,yes
1753408222134,1753408222,KXMLBGAME-25JUL24SDSTL-SD,25,75,1,yes
1753408222134,1753408222,KXMLBGAME-25JUL24SDSTL-SD,25,75,10,yes
1753408222134,1753408222,KXMLBGAME-25JUL24SDSTL-SD,26,74,169,yes
1753408222375,1753408222,KXMLBGAME-25JUL24SEALAA-LAA,61,39,34,no
1753408223177,1753408223,KXMLBGAME-25JUL24SEALAA-SEA,39,61,13,yes
1753408227128,1753408226,KXMLBGAME-25JUL24SDSTL-SD,25,75,9,yes
1753408227128,1753408226,KXMLBGAME-25JUL24SDSTL-SD,26,74,9,yes
1753408228276,1753408228,KXMLBGAME-25JUL24SDSTL-STL,77,23,178,no
1753408228496,1753408228,KXMLBGAME-25JUL24SDSTL-STL,77,23,108,no
1753408233596,1753408233,KXMLBGAME-25JUL24ATHHOU-HOU,5,95,4,yes
1753408235422,1753408235,KXMLBGAME-25JUL24ATHHOU-HOU,5,95,56,yes
1753408238199,1753408238,KXMLBGAME-25JUL24SEALAA-SEA,39,61,287,yes
1753408240235,1753408240,KXMLBGAME-25JUL24SDSTL-STL,76,24,1,yes
1753408243214,1753408243,KXMLBGAME-25JUL24ATHHOU-HOU,6,94,10,yes
1753408244559,1753408244,KXMLBGAME-25JUL24SDSTL-SD,25,75,68,yes
1753408244938,1753408244,KXMLBGAME-25JUL24SEALAA-LAA,61,39,10,no
1753408244938,1753408244,KXMLBGAME-25JUL24SEALAA-LAA,60,40,49,no
1753408245952,1753408245,KXMLBGAME-25JUL24ATHHOU-ATH,96,4,1,no
1753408248115,1753408248,KXMLBGAME-25JUL24ATHHOU-ATH,95,5,500,no
1753408248496,1753408248,KXMLBGAME-25JUL24SEALAA-SEA,40,60,87,yes
1753408248496,1753408248,KXMLBGAME-25JUL24SEALAA-SEA,40,60,600,yes
1753408248496,1753408248,KXMLBGAME-25JUL24SEALAA-SEA,40,60,300,yes
1753408248496,1753408248,KXMLBGAME-25JUL24SEALAA-SEA,40,60,452,yes
1753408249755,1753408249,KXMLBGAME-25JUL24SEALAA-LAA,62,38,30,yes
1753408249755,1753408249,KXMLBGAME-25JUL24SEALAA-LAA,63,37,1,yes
1753408254156,1753408254,KXMLBGAME-25JUL24SEALAA-SEA,40,60,10,yes
1753408254195,1753408254,KXMLBGAME-25JUL24SDSTL-SD,25,75,23,yes
1753408255493,1753408255,KXMLBGAME-25JUL24SDSTL-SD,25,75,41,yes
1753408256538,1753408256,KXMLBGAME-25JUL24SDSTL-STL,76,24,64,yes
1753408257494,1753408257,KXMLBGAME-25JUL24ATHHOU-ATH,96,4,30,yes
1753408260515,1753408260,KXMLBGAME-25JUL24SDSTL-STL,75,25,6,no
1753408263275,1753408263,KXMLBGAME-25JUL24ATHHOU-ATH,96,4,1,yes
1753408272082,1753408271,KXMLBGAME-25JUL24ATHHOU-ATH,96,4,10,yes
1753408272296,1753408272,KXMLBGAME-25JUL24SDSTL-STL,74,26,214,no
1753408274055,1753408274,KXMLBGAME-25JUL24SDSTL-SD,25,75,68,yes
1753408274055,1753408274,KXMLBGAME-25JUL24SDSTL-SD,26,74,5,yes
1753408274055,1753408274,KXMLBGAME-25JUL24SDSTL-SD,27,73,20,yes
1753408276519,1753408276,KXMLBGAME-25JUL24SEALAA-SEA,40,60,590,yes
1753408276519,1753408276,KXMLBGAME-25JUL24SEALAA-SEA,40,60,172,yes
1753408276655,1753408276,KXMLBGAME-25JUL24ATHHOU-ATH,95,5,250,no
1753408279455,1753408279,KXMLBGAME-25JUL24ATHHOU-ATH,95,5,120,no
1753408281214,1753408281,KXMLBGAME-25JUL24ATHHOU-ATH,96,4,108,yes
1753408282917,1753408282,KXMLBGAME-25JUL24SDSTL-SD,26,74,4,yes
1753408282917,1753408282,KXMLBGAME-25JUL24SDSTL-SD,26,74,1,yes
1753408282917,1753408282,KXMLBGAME-25JUL24SDSTL-SD,27,73,23,yes
1753408285293,1753408285,KXMLBGAME-25JUL24SEALAA-SEA,40,60,5,yes
1753408286931,1753408286,KXMLBGAME-25JUL24ATHHOU-ATH,95,5,60,no
1753408287514,1753408287,KXMLBGAME-25JUL24SDSTL-STL,76,24,200,yes
1753408288272,1753408288,KXMLBGAME-25JUL24ATHHOU-ATH,95,5,534,no
1753408290097,1753408290,KXMLBGAME-25JUL24SEALAA-SEA,40,60,123,yes
1753408290097,1753408290,KXMLBGAME-25JUL24SEALAA-SEA,40,60,1628,yes
1753408292050,1753408291,KXMLBGAME-25JUL24SDSTL-STL,76,24,300,yes
1753408292050,1753408291,KXMLBGAME-25JUL24SDSTL-STL,77,23,13,yes
1753408294013,1753408293,KXMLBGAME-25JUL24ATHHOU-ATH,95,5,500,no
1753408295155,1753408295,KXMLBGAME-25JUL24ATHHOU-ATH,95,5,60,no
1753408295735,1753408295,KXMLBGAME-25JUL24SDSTL-STL,76,24,51,yes
1753408297054,1753408296,KXMLBGAME-25JUL24SDSTL-SD,26,74,3,yes
1753408297055,1753408296,KXMLBGAME-25JUL24SDSTL-SD,26,74,15,yes
1753408297276,1753408297,KXMLBGAME-25JUL24ATHHOU-ATH,96,4,2596,yes
1753408300449,1753408300,KXMLBGAME-25JUL24ATHHOU-ATH,96,4,259,yes
1753408301192,1753408301,KXMLBGAME-25JUL24SDSTL-SD,26,74,39,yes
1753408302075,1753408302,KXMLBGAME-25JUL24ATHHOU-ATH,95,5,50,no
1753408305476,1753408305,KXMLBGAME-25JUL24ATHHOU-ATH,95,5,20,no
1753408308332,1753408308,KXMLBGAME-25JUL24ATHHOU-ATH,96,4,77,yes
1753408308814,1753408308,KXMLBGAME-25JUL24ATHHOU-ATH,95,5,35,no
1753408308814,1753408308,KXMLBGAME-25JUL24ATHHOU-HOU,6,94,35,no
1753408309335,1753408309,KXMLBGAME-25JUL24ATHHOU-ATH,94,6,61,yes
1753408309335,1753408309,KXMLBGAME-25JUL24ATHHOU-ATH,95,5,53,yes
1753408320635,1753408320,KXMLBGAME-25JUL24ATHHOU-ATH,94,6,45,yes
1753408320635,1753408320,KXMLBGAME-25JUL24ATHHOU-ATH,94,6,81,yes
1753408322156,1753408322,KXMLBGAME-25JUL24SEALAA-SEA,40,60,239,yes
1753408323191,1753408323,KXMLBGAME-25JUL24ATHHOU-HOU,7,93,67,yes
1753408324994,1753408324,KXMLBGAME-25JUL24ATHHOU-HOU,7,93,7,yes
1753408327276,1753408327,KXMLBGAME-25JUL24ATHHOU-HOU,8,92,23,yes
1753408327575,1753408327,KXMLBGAME-25JUL24ATHHOU-HOU,8,92,23,yes
1753408332733,1753408332,KXMLBGAME-25JUL24ATHHOU-HOU,8,92,93,yes
1753408337595,1753408337,KXMLBGAME-25JUL24SEALAA-SEA,41,59,30,yes
1753408340998,1753408340,KXMLBGAME-25JUL24SEALAA-SEA,41,59,23,yes
1753408344157,1753408344,KXMLBGAME-25JUL24SEALAA-SEA,41,59,11,yes
1753408344194,1753408344,KXMLBGAME-25JUL24SEALAA-SEA,41,59,53,yes
1753408344194,1753408344,KXMLBGAME-25JUL24SEALAA-SEA,41,59,5,yes
1753408349608,1753408349,KXMLBGAME-25JUL24SEALAA-SEA,41,59,23,yes
1753408349608,1753408349,KXMLBGAME-25JUL24SEALAA-SEA,41,59,11,yes
1753408349608,1753408349,KXMLBGAME-25JUL24SEALAA-SEA,41,59,16,yes
1753408350476,1753408350,KXMLBGAME-25JUL24SDSTL-SD,28,72,3,yes
1753408350476,1753408350,KXMLBGAME-25JUL24ATHHOU-HOU,1,99,3,no
1753408351473,1753408351,KXMLBGAME-25JUL24ATHHOU-ATH,93,7,100,no
1753408353576,1753408353,KXMLBGAME-25JUL24ATHHOU-ATH,93,7,100,no
1753408354974,1753408354,KXMLBGAME-25JUL24ATHHOU-HOU,9,91,100,yes
1753408355033,1753408354,KXMLBGAME-25JUL24ATHHOU-HOU,10,90,100,yes
1753408355793,1753408355,KXMLBGAME-25JUL24ATHHOU-ATH,92,8,375,no
1753408356376,1753408356,KXMLBGAME-25JUL24SDSTL-SD,27,73,50,no
1753408359475,1753408359,KXMLBGAME-25JUL24SDSTL-SD,27,73,20,no
1753408360754,1753408360,KXMLBGAME-25JUL24SDSTL-SD,28,72,17,yes
1753408361553,1753408361,KXMLBGAME-25JUL24SDSTL-SD,28,72,3400,yes
1753408362255,1753408362,KXMLBGAME-25JUL24SDSTL-SD,28,72,2,yes
1753408362557,1753408362,KXMLBGAME-25JUL24SEALAA-SEA,41,59,32,yes
1753408362557,1753408362,KXMLBGAME-25JUL24SEALAA-SEA,41,59,17,yes
1753408364345,1753408364,KXMLBGAME-25JUL24SEALAA-SEA,41,59,44,yes
1753408366096,1753408366,KXMLBGAME-25JUL24SDSTL-SD,29,71,2,yes
1753408366415,1753408366,KXMLBGAME-25JUL24SDSTL-SD,29,71,35,yes
1753408369465,1753408369,KXMLBGAME-25JUL24SDSTL-SD,28,72,10,no
1753408369625,1753408369,KXMLBGAME-25JUL24SDSTL-STL,73,27,1,no
1753408369755,1753408369,KXMLBGAME-25JUL24SDSTL-STL,73,27,299,yes
1753408372273,1753408372,KXMLBGAME-25JUL24SDSTL-STL,73,27,300,yes
1753408373000,1753408372,KXMLBGAME-25JUL24ATHHOU-ATH,89,11,750,yes
1753408373000,1753408372,KXMLBGAME-25JUL24ATHHOU-ATH,89,11,500,yes
1753408373000,1753408372,KXMLBGAME-25JUL24ATHHOU-ATH,89,11,500,yes
1753408373000,1753408372,KXMLBGAME-25JUL24ATHHOU-ATH,89,11,500,yes
1753408373000,1753408372,KXMLBGAME-25JUL24ATHHOU-ATH,90,10,200,yes
1753408373000,1753408372,KXMLBGAME-25JUL24ATHHOU-ATH,90,10,86,yes
1753408373515,1753408373,KXMLBGAME-25JUL24SDSTL-SD,27,73,30,no
1753408374134,1753408373,KXMLBGAME-25JUL24SDSTL-SD,28,72,1,yes
1753408374134,1753408373,KXMLBGAME-25JUL24SDSTL-SD,28,72,9,yes
1753408374637,1753408374,KXMLBGAME-25JUL24SEALAA-SEA,41,59,23,yes
1753408374737,1753408374,KXMLBGAME-25JUL24SDSTL-STL,73,27,300,yes
1753408375555,1753408375,KXMLBGAME-25JUL24ATHHOU-ATH,88,12,40,no
1753408376121,1753408376,KXMLBGAME-25JUL24SEALAA-SEA,41,59,25,yes
1753408377333,1753408377,KXMLBGAME-25JUL24SDSTL-SD,25,75,83,no
1753408377694,1753408377,KXMLBGAME-25JUL24SDSTL-SD,25,75,20,no
1753408378314,1753408378,KXMLBGAME-25JUL24SDSTL-SD,28,72,17,yes
1753408380114,1753408379,KXMLBGAME-25JUL24SDSTL-SD,28,72,34,yes
1753408381441,1753408381,KXMLBGAME-25JUL24ATHHOU-ATH,88,12,40,no
1753408381585,1753408381,KXMLBGAME-25JUL24ATHHOU-ATH,88,12,7,no
1753408381585,1753408381,KXMLBGAME-25JUL24ATHHOU-ATH,88,12,13,no
1753408382198,1753408382,KXMLBGAME-25JUL24SDSTL-STL,72,28,650,no
1753408382334,1753408382,KXMLBGAME-25JUL24ATHHOU-ATH,88,12,10,no
1753408383153,1753408383,KXMLBGAME-25JUL24SDSTL-STL,73,27,300,yes
1753408387354,1753408387,KXMLBGAME-25JUL24ATHHOU-HOU,12,88,10,yes
1753408388316,1753408388,KXMLBGAME-25JUL24SDSTL-SD,28,72,17,yes
1753408389395,1753408389,KXMLBGAME-25JUL24SEALAA-SEA,42,58,11,yes
1753408390439,1753408390,KXMLBGAME-25JUL24ATHHOU-ATH,88,12,17,no
1753408390439,1753408390,KXMLBGAME-25JUL24ATHHOU-ATH,88,12,23,no
1753408390634,1753408390,KXMLBGAME-25JUL24ATHHOU-ATH,89,11,156,yes
1753408395474,1753408395,KXMLBGAME-25JUL24ATHHOU-ATH,87,13,30,no
1753408400633,1753408400,KXMLBGAME-25JUL24SDSTL-SD,28,72,102,yes
1753408408873,1753408408,KXMLBGAME-25JUL24SDSTL-SD,28,72,8,yes
1753408410813,1753408410,KXMLBGAME-25JUL24SDSTL-SD,28,72,200,yes
1753408418276,1753408418,KXMLBGAME-25JUL24SEALAA-SEA,43,57,22,yes
1753408420215,1753408420,KXMLBGAME-25JUL24SEALAA-SEA,43,57,11,yes
1753408420434,1753408420,KXMLBGAME-25JUL24SEALAA-SEA,43,57,21,yes
1753408420434,1753408420,KXMLBGAME-25JUL24SEALAA-SEA,43,57,17,yes
1753408420434,1753408420,KXMLBGAME-25JUL24SEALAA-SEA,43,57,8,yes
1753408420434,1753408420,KXMLBGAME-25JUL24SEALAA-SEA,44,56,283,yes
1753408421615,1753408421,KXMLBGAME-25JUL24ATHHOU-ATH,89,11,50,yes
1753408422037,1753408421,KXMLBGAME-25JUL24SDSTL-SD,28,72,34,yes
1753408426237,1753408426,KXMLBGAME-25JUL24SEALAA-SEA,43,57,20,yes
1753408426976,1753408426,KXMLBGAME-25JUL24SDSTL-STL,75,25,5,yes
1753408426976,1753408426,KXMLBGAME-25JUL24SDSTL-STL,75,25,33,yes
1753408426976,1753408426,KXMLBGAME-25JUL24SDSTL-SD,25,75,5,no
1753408426976,1753408426,KXMLBGAME-25JUL24SDSTL-SD,24,76,5,no
1753408426994,1753408426,KXMLBGAME-25JUL24SDSTL-SD,22,78,200,no
1753408426994,1753408426,KXMLBGAME-25JUL24SDSTL-SD,22,78,50,no
1753408430578,1753408430,KXMLBGAME-25JUL24ATHHOU-HOU,11,89,88,no
1753408433635,1753408433,KXMLBGAME-25JUL24SDSTL-SD,32,68,14,yes
1753408435816,1753408435,KXMLBGAME-25JUL24SDSTL-STL,81,19,5,yes
1753408442858,1753408442,KXMLBGAME-25JUL24ATHHOU-ATH,88,12,11,yes
1753408443039,1753408442,KXMLBGAME-25JUL24ATHHOU-ATH,88,12,13,yes
1753408443375,1753408443,KXMLBGAME-25JUL24SDSTL-SD,20,80,88,no
1753408444976,1753408444,KXMLBGAME-25JUL24SDSTL-SD,20,80,69,no
1753408446994,1753408446,KXMLBGAME-25JUL24SDSTL-STL,83,17,29,yes
1753408448115,1753408448,KXMLBGAME-25JUL24SDSTL-SD,20,80,11,no
1753408449654,1753408449,KXMLBGAME-25JUL24SDSTL-SD,18,82,100,no
1753408450997,1753408450,KXMLBGAME-25JUL24SDSTL-SD,18,82,100,no
1753408450997,1753408450,KXMLBGAME-25JUL24SDSTL-SD,18,82,1,no
1753408450997,1753408450,KXMLBGAME-25JUL24SDSTL-SD,18,82,4,no
1753408450997,1753408450,KXMLBGAME-25JUL24SDSTL-SD,18,82,1,no
1753408450997,1753408450,KXMLBGAME-25JUL24SDSTL-SD,18,82,1,no
1753408451461,1753408451,KXMLBGAME-25JUL24SEALAA-LAA,58,42,300,yes
1753408451461,1753408451,KXMLBGAME-25JUL24SEALAA-LAA,58,42,600,yes
1753408451461,1753408451,KXMLBGAME-25JUL24SEALAA-LAA,58,42,87,yes
1753408451461,1753408451,KXMLBGAME-25JUL24SEALAA-LAA,58,42,17,yes
1753408451704,1753408451,KXMLBGAME-25JUL24ATHHOU-ATH,88,12,112,yes
1753408453295,1753408453,KXMLBGAME-25JUL24SEALAA-SEA,44,56,17,yes
1753408453295,1753408453,KXMLBGAME-25JUL24SEALAA-SEA,45,55,26,yes
1753408454867,1753408454,KXMLBGAME-25JUL24ATHHOU-HOU,12,88,90,yes
1753408454957,1753408454,KXMLBGAME-25JUL24ATHHOU-ATH,88,12,28,yes
1753408458755,1753408458,KXMLBGAME-25JUL24SEALAA-LAA,58,42,300,yes
1753408458755,1753408458,KXMLBGAME-25JUL24SEALAA-LAA,58,42,87,yes
1753408460414,1753408460,KXMLBGAME-25JUL24SDSTL-SD,16,84,1,yes
1753408460414,1753408460,KXMLBGAME-25JUL24SDSTL-SD,17,83,54,yes
1753408461676,1753408461,KXMLBGAME-25JUL24SDSTL-SD,16,84,1,yes
1753408461676,1753408461,KXMLBGAME-25JUL24SDSTL-SD,17,83,204,yes
1753408462897,1753408462,KXMLBGAME-25JUL24ATHHOU-HOU,15,85,5,yes
1753408462897,1753408462,KXMLBGAME-25JUL24ATHHOU-HOU,15,85,152,yes
1753408463002,1753408462,KXMLBGAME-25JUL24SEALAA-SEA,40,60,300,no
1753408465535,1753408465,KXMLBGAME-25JUL24ATHHOU-HOU,15,85,1887,yes
1753408467215,1753408467,KXMLBGAME-25JUL24SDSTL-SD,16,84,1,yes
1753408467215,1753408467,KXMLBGAME-25JUL24SDSTL-SD,17,83,277,yes
1753408471435,1753408471,KXMLBGAME-25JUL24SDSTL-SD,15,85,300,no
1753408473116,1753408473,KXMLBGAME-25JUL24SDSTL-STL,84,16,5,yes
1753408475347,1753408475,KXMLBGAME-25JUL24SDSTL-SD,17,83,50,no
1753408475347,1753408475,KXMLBGAME-25JUL24SDSTL-SD,15,85,50,no
1753408476166,1753408476,KXMLBGAME-25JUL24ATHHOU-HOU,15,85,157,yes
1753408476835,1753408476,KXMLBGAME-25JUL24SDSTL-STL,84,16,245,yes
1753408476835,1753408476,KXMLBGAME-25JUL24SDSTL-STL,84,16,85,yes
1753408478500,1753408478,KXMLBGAME-25JUL24SDSTL-SD,15,85,143,no
1753408478898,1753408478,KXMLBGAME-25JUL24SDSTL-SD,18,82,26,yes
1753408485894,1753408485,KXMLBGAME-25JUL24SEALAA-LAA,61,39,26,yes
1753408485894,1753408485,KXMLBGAME-25JUL24SEALAA-LAA,61,39,1,yes
1753408486279,1753408486,KXMLBGAME-25JUL24SDSTL-STL,86,14,5,yes
1753408486279,1753408486,KXMLBGAME-25JUL24SDSTL-STL,86,14,1,yes
1753408486279,1753408486,KXMLBGAME-25JUL24SDSTL-STL,86,14,5,yes
1753408486279,1753408486,KXMLBGAME-25JUL24SDSTL-STL,86,14,1,yes
1753408486279,1753408486,KXMLBGAME-25JUL24SDSTL-STL,95,5,1,yes
1753408489153,1753408489,KXMLBGAME-25JUL24SEALAA-SEA,40,60,239,yes
1753408489195,1753408489,KXMLBGAME-25JUL24ATHHOU-HOU,13,87,200,yes
1753408489195,1753408489,KXMLBGAME-25JUL24ATHHOU-HOU,13,87,29,yes
1753408489195,1753408489,KXMLBGAME-25JUL24ATHHOU-HOU,14,86,300,yes
1753408489195,1753408489,KXMLBGAME-25JUL24ATHHOU-HOU,15,85,87,yes
1753408489195,1753408489,KXMLBGAME-25JUL24ATHHOU-HOU,15,85,600,yes
1753408489195,1753408489,KXMLBGAME-25JUL24ATHHOU-HOU,15,85,300,yes
1753408489195,1753408489,KXMLBGAME-25JUL24ATHHOU-HOU,15,85,200,yes
1753408489195,1753408489,KXMLBGAME-25JUL24ATHHOU-HOU,16,84,200,yes
1753408489195,1753408489,KXMLBGAME-25JUL24ATHHOU-HOU,16,84,300,yes
1753408489195,1753408489,KXMLBGAME-25JUL24ATHHOU-HOU,16,84,300,yes
1753408489635,1753408489,KXMLBGAME-25JUL24ATHHOU-HOU,12,88,87,no
1753408489635,1753408489,KXMLBGAME-25JUL24ATHHOU-HOU,12,88,2,no
1753408490475,1753408490,KXMLBGAME-25JUL24SDSTL-SD,18,82,1,yes
1753408490475,1753408490,KXMLBGAME-25JUL24SDSTL-SD,19,81,148,yes
1753408495095,1753408495,KXMLBGAME-25JUL24ATHHOU-HOU,15,85,81,yes
1753408495095,1753408495,KXMLBGAME-25JUL24ATHHOU-HOU,15,85,6,yes
1753408495095,1753408495,KXMLBGAME-25JUL24ATHHOU-HOU,15,85,300,yes
1753408495095,1753408495,KXMLBGAME-25JUL24ATHHOU-HOU,16,84,200,yes
1753408495095,1753408495,KXMLBGAME-25JUL24ATHHOU-HOU,16,84,30,yes
1753408495736,1753408495,KXMLBGAME-25JUL24ATHHOU-ATH,87,13,160,yes
1753408496845,1753408496,KXMLBGAME-25JUL24ATHHOU-HOU,15,85,81,yes
1753408496845,1753408496,KXMLBGAME-25JUL24ATHHOU-HOU,16,84,270,yes
1753408496845,1753408496,KXMLBGAME-25JUL24ATHHOU-HOU,16,84,244,yes
1753408497556,1753408497,KXMLBGAME-25JUL24SEALAA-SEA,40,60,300,no
1753408499417,1753408499,KXMLBGAME-25JUL24SEALAA-SEA,40,60,11,yes
1753408500797,1753408500,KXMLBGAME-25JUL24SDSTL-STL,84,16,34,yes
1753408501214,1753408501,KXMLBGAME-25JUL24SEALAA-SEA,40,60,23,yes
1753408501876,1753408501,KXMLBGAME-25JUL24SEALAA-LAA,61,39,500,no
1753408501876,1753408501,KXMLBGAME-25JUL24SEALAA-LAA,60,40,78,no
1753408501876,1753408501,KXMLBGAME-25JUL24SEALAA-LAA,59,41,426,no
1753408504875,1753408504,KXMLBGAME-25JUL24SDSTL-SD,18,82,26,yes
1753408504916,1753408504,KXMLBGAME-25JUL24SEALAA-SEA,40,60,466,yes
1753408505220,1753408505,KXMLBGAME-25JUL24ATHHOU-HOU,15,85,300,yes
1753408505220,1753408505,KXMLBGAME-25JUL24ATHHOU-HOU,16,84,61,yes
1753408505220,1753408505,KXMLBGAME-25JUL24ATHHOU-HOU,17,83,100,yes
1753408505220,1753408505,KXMLBGAME-25JUL24ATHHOU-HOU,19,81,5,yes
1753408505220,1753408505,KXMLBGAME-25JUL24ATHHOU-HOU,20,80,100,yes
1753408505220,1753408505,KXMLBGAME-25JUL24ATHHOU-HOU,21,79,8,yes
1753408506435,1753408506,KXMLBGAME-25JUL24SEALAA-SEA,40,60,1,yes
1753408509260,1753408509,KXMLBGAME-25JUL24ATHHOU-ATH,86,14,10,no
1753408513015,1753408512,KXMLBGAME-25JUL24SDSTL-SD,18,82,31,yes
1753408513215,1753408513,KXMLBGAME-25JUL24ATHHOU-ATH,85,15,8,yes
1753408513879,1753408513,KXMLBGAME-25JUL24SDSTL-STL,84,16,114,yes
1753408513879,1753408513,KXMLBGAME-25JUL24SDSTL-STL,84,16,154,yes
1753408514771,1753408514,KXMLBGAME-25JUL24ATHHOU-ATH,85,15,79,yes
1753408514771,1753408514,KXMLBGAME-25JUL24ATHHOU-ATH,85,15,8,yes
1753408514771,1753408514,KXMLBGAME-25JUL24ATHHOU-ATH,86,14,143,yes
1753408518356,1753408518,KXMLBGAME-25JUL24SDSTL-STL,84,16,146,yes
1753408518356,1753408518,KXMLBGAME-25JUL24SDSTL-STL,84,16,26,yes
1753408518356,1753408518,KXMLBGAME-25JUL24SDSTL-STL,84,16,31,yes
1753408523096,1753408523,KXMLBGAME-25JUL24SDSTL-STL,85,15,291,yes
1753408525555,1753408525,KXMLBGAME-25JUL24SDSTL-SD,18,82,143,yes
1753408525555,1753408525,KXMLBGAME-25JUL24SDSTL-SD,19,81,200,yes
1753408525555,1753408525,KXMLBGAME-25JUL24SDSTL-SD,19,81,300,yes
1753408525555,1753408525,KXMLBGAME-25JUL24SDSTL-SD,19,81,300,yes
1753408525555,1753408525,KXMLBGAME-25JUL24SDSTL-SD,19,81,4,yes
1753408525555,1753408525,KXMLBGAME-25JUL24SDSTL-SD,20,80,300,yes
1753408525555,1753408525,KXMLBGAME-25JUL24SDSTL-SD,20,80,600,yes
1753408525555,1753408525,KXMLBGAME-25JUL24SDSTL-SD,23,77,499,yes
1753408526156,1753408526,KXMLBGAME-25JUL24ATHHOU-ATH,86,14,5,yes
1753408527576,1753408527,KXMLBGAME-25JUL24ATHHOU-ATH,86,14,10,yes
1753408528168,1753408528,KXMLBGAME-25JUL24SEALAA-LAA,61,39,9,yes
1753408528474,1753408528,KXMLBGAME-25JUL24SDSTL-SD,16,84,69,no
1753408531955,1753408531,KXMLBGAME-25JUL24SDSTL-SD,16,84,231,no
1753408538316,1753408538,KXMLBGAME-25JUL24ATHHOU-ATH,98,2,4,yes
1753408538316,1753408538,KXMLBGAME-25JUL24ATHHOU-ATH,98,2,6,yes
1753408541902,1753408541,KXMLBGAME-25JUL24SDSTL-STL,85,15,195,yes
1753408542874,1753408542,KXMLBGAME-25JUL24ATHHOU-ATH,91,9,234,yes
1753408544794,1753408544,KXMLBGAME-25JUL24SEALAA-SEA,41,59,23,yes
1753408551175,1753408551,KXMLBGAME-25JUL24SEALAA-LAA,60,40,300,yes
1753408551175,1753408551,KXMLBGAME-25JUL24SEALAA-LAA,61,39,166,yes
1753408551655,1753408551,KXMLBGAME-25JUL24SEALAA-SEA,40,60,248,yes
1753408554337,1753408554,KXMLBGAME-25JUL24SDSTL-SD,17,83,100,no
1753408557472,1753408557,KXMLBGAME-25JUL24SDSTL-SD,17,83,50,no
1753408560416,1753408560,KXMLBGAME-25JUL24SDSTL-SD,17,83,20,no
1753408562155,1753408562,KXMLBGAME-25JUL24ATHHOU-HOU,12,88,122,yes
1753408562675,1753408562,KXMLBGAME-25JUL24SDSTL-SD,19,81,2,yes
1753408563475,1753408563,KXMLBGAME-25JUL24SDSTL-SD,17,83,20,no
1753408564734,1753408564,KXMLBGAME-25JUL24SDSTL-SD,17,83,10,no
1753408564734,1753408564,KXMLBGAME-25JUL24SDSTL-SD,16,84,63,no
1753408565155,1753408565,KXMLBGAME-25JUL24SEALAA-SEA,40,60,47,yes
1753408566635,1753408566,KXMLBGAME-25JUL24SDSTL-SD,19,81,49,yes
1753408568393,1753408568,KXMLBGAME-25JUL24ATHHOU-HOU,12,88,541,yes
1753408568434,1753408568,KXMLBGAME-25JUL24ATHHOU-ATH,90,10,300,no
1753408569497,1753408569,KXMLBGAME-25JUL24SDSTL-SD,19,81,98,yes
1753408569697,1753408569,KXMLBGAME-25JUL24SDSTL-STL,85,15,2,yes
1753408570559,1753408570,KXMLBGAME-25JUL24ATHHOU-ATH,90,10,5,yes
1753408571975,1753408571,KXMLBGAME-25JUL24SEALAA-SEA,41,59,42,yes
1753408572036,1753408571,KXMLBGAME-25JUL24SDSTL-STL,84,16,40,no
1753408572036,1753408571,KXMLBGAME-25JUL24SDSTL-STL,84,16,4,no
1753408572694,1753408572,KXMLBGAME-25JUL24SEALAA-LAA,60,40,300,yes
1753408572694,1753408572,KXMLBGAME-25JUL24SEALAA-LAA,61,39,450,yes
1753408574195,1753408574,KXMLBGAME-25JUL24SEALAA-LAA,61,39,600,yes
1753408574195,1753408574,KXMLBGAME-25JUL24SEALAA-LAA,61,39,197,yes
1753408575426,1753408575,KXMLBGAME-25JUL24SDSTL-SD,17,83,80,no
1753408578457,1753408578,KXMLBGAME-25JUL24SDSTL-SD,17,83,40,no
1753408581434,1753408581,KXMLBGAME-25JUL24SEALAA-SEA,39,61,100,no
1753408581434,1753408581,KXMLBGAME-25JUL24SDSTL-SD,17,83,20,no
1753408582338,1753408582,KXMLBGAME-25JUL24SEALAA-SEA,39,61,113,no
1753408582338,1753408582,KXMLBGAME-25JUL24SEALAA-SEA,39,61,1,no
1753408583374,1753408583,KXMLBGAME-25JUL24SEALAA-LAA,63,37,10,yes
1753408583374,1753408583,KXMLBGAME-25JUL24SEALAA-LAA,64,36,56,yes
1753408583754,1753408583,KXMLBGAME-25JUL24SEALAA-LAA,65,35,10,yes
1753408583978,1753408583,KXMLBGAME-25JUL24SEALAA-SEA,30,70,27,no
1753408588434,1753408588,KXMLBGAME-25JUL24SDSTL-SD,19,81,51,yes
1753408588434,1753408588,KXMLBGAME-25JUL24SDSTL-SD,19,81,198,yes
1753408588532,1753408588,KXMLBGAME-25JUL24SDSTL-SD,19,81,22,yes
1753408588556,1753408588,KXMLBGAME-25JUL24SDSTL-STL,83,17,59,yes
1753408593594,1753408593,KXMLBGAME-25JUL24SEALAA-SEA,33,67,48,yes
1753408595360,1753408595,KXMLBGAME-25JUL24SEALAA-SEA,33,67,4,yes
1753408596716,1753408596,KXMLBGAME-25JUL24ATHHOU-ATH,90,10,89,yes
1753408596817,1753408596,KXMLBGAME-25JUL24SDSTL-SD,17,83,160,no
1753408596817,1753408596,KXMLBGAME-25JUL24SDSTL-SD,16,84,5,no
1753408596817,1753408596,KXMLBGAME-25JUL24SDSTL-SD,16,84,30,no
1753408596817,1753408596,KXMLBGAME-25JUL24SDSTL-SD,16,84,132,no
1753408597579,1753408597,KXMLBGAME-25JUL24SEALAA-LAA,67,33,500,no
1753408597579,1753408597,KXMLBGAME-25JUL24SEALAA-LAA,67,33,297,no
1753408600936,1753408600,KXMLBGAME-25JUL24SEALAA-SEA,33,67,130,yes
1753408601894,1753408601,KXMLBGAME-25JUL24SDSTL-SD,19,81,9,yes
1753408602816,1753408602,KXMLBGAME-25JUL24SDSTL-STL,81,19,40,no
1753408604990,1753408604,KXMLBGAME-25JUL24ATHHOU-ATH,89,11,4,no
1753408604990,1753408604,KXMLBGAME-25JUL24ATHHOU-ATH,89,11,35,no
1753408605496,1753408605,KXMLBGAME-25JUL24SEALAA-LAA,68,32,25,no
1753408605496,1753408605,KXMLBGAME-25JUL24SEALAA-LAA,67,33,725,no
1753408605908,1753408605,KXMLBGAME-25JUL24ATHHOU-HOU,11,89,300,yes
1753408605908,1753408605,KXMLBGAME-25JUL24ATHHOU-HOU,12,88,62,yes
1753408606195,1753408606,KXMLBGAME-25JUL24SDSTL-STL,81,19,124,no
1753408609617,1753408609,KXMLBGAME-25JUL24ATHHOU-ATH,90,10,811,yes
1753408609617,1753408609,KXMLBGAME-25JUL24ATHHOU-ATH,90,10,87,yes
1753408609618,1753408609,KXMLBGAME-25JUL24ATHHOU-ATH,90,10,140,yes
1753408613317,1753408613,KXMLBGAME-25JUL24SEALAA-LAA,70,30,25,yes
1753408613317,1753408613,KXMLBGAME-25JUL24SEALAA-SEA,31,69,500,yes
1753408613317,1753408613,KXMLBGAME-25JUL24SEALAA-SEA,32,68,111,yes
1753408615193,1753408615,KXMLBGAME-25JUL24SEALAA-SEA,32,68,2,yes
1753408616335,1753408616,KXMLBGAME-25JUL24ATHHOU-ATH,90,10,40,yes
1753408616796,1753408616,KXMLBGAME-25JUL24SDSTL-SD,19,81,249,yes
1753408619937,1753408619,KXMLBGAME-25JUL24SEALAA-LAA,69,31,53,no
1753408621253,1753408621,KXMLBGAME-25JUL24ATHHOU-ATH,91,9,4,yes
1753408621254,1753408621,KXMLBGAME-25JUL24ATHHOU-ATH,91,9,28,yes
1753408621254,1753408621,KXMLBGAME-25JUL24ATHHOU-ATH,93,7,22,yes
1753408623214,1753408623,KXMLBGAME-25JUL24SDSTL-SD,19,81,24,yes
1753408624400,1753408624,KXMLBGAME-25JUL24ATHHOU-HOU,10,90,94,yes
1753408624933,1753408624,KXMLBGAME-25JUL24ATHHOU-HOU,9,91,94,yes
1753408625835,1753408625,KXMLBGAME-25JUL24SDSTL-STL,83,17,7,yes
1753408626338,1753408626,KXMLBGAME-25JUL24ATHHOU-HOU,7,93,18,no
1753408633146,1753408633,KXMLBGAME-25JUL24SEALAA-LAA,70,30,275,yes
1753408633146,1753408633,KXMLBGAME-25JUL24SEALAA-LAA,70,30,87,yes
1753408633146,1753408633,KXMLBGAME-25JUL24SEALAA-LAA,70,30,45,yes
1753408635177,1753408635,KXMLBGAME-25JUL24ATHHOU-HOU,9,91,206,yes
1753408635177,1753408635,KXMLBGAME-25JUL24ATHHOU-HOU,10,90,49,yes
1753408637140,1753408637,KXMLBGAME-25JUL24SEALAA-SEA,32,68,29,yes
1753408638015,1753408637,KXMLBGAME-25JUL24SDSTL-SD,19,81,80,yes
1753408639554,1753408639,KXMLBGAME-25JUL24SEALAA-SEA,30,70,200,no
1753408639554,1753408639,KXMLBGAME-25JUL24SEALAA-SEA,29,71,39,no
1753408642098,1753408641,KXMLBGAME-25JUL24SDSTL-SD,19,81,24,yes
1753408642576,1753408642,KXMLBGAME-25JUL24ATHHOU-HOU,10,90,28,yes
1753408642774,1753408642,KXMLBGAME-25JUL24ATHHOU-HOU,10,90,28,yes
1753408644016,1753408643,KXMLBGAME-25JUL24ATHHOU-ATH,92,8,5,no
1753408644016,1753408643,KXMLBGAME-25JUL24ATHHOU-ATH,91,9,3,no
1753408644016,1753408643,KXMLBGAME-25JUL24ATHHOU-ATH,91,9,5,no
1753408644016,1753408643,KXMLBGAME-25JUL24ATHHOU-ATH,90,10,595,no
1753408644576,1753408644,KXMLBGAME-25JUL24ATHHOU-HOU,10,90,52,yes
1753408646994,1753408646,KXMLBGAME-25JUL24ATHHOU-HOU,9,91,52,yes
1753408648095,1753408647,KXMLBGAME-25JUL24SDSTL-SD,19,81,24,yes
1753408648134,1753408648,KXMLBGAME-25JUL24SDSTL-STL,83,17,7,yes
1753408651776,1753408651,KXMLBGAME-25JUL24SEALAA-SEA,25,75,11,no
1753408653278,1753408653,KXMLBGAME-25JUL24SDSTL-STL,83,17,159,yes
1753408654233,1753408654,KXMLBGAME-25JUL24ATHHOU-HOU,7,93,3,no
1753408659827,1753408659,KXMLBGAME-25JUL24SEALAA-SEA,29,71,3,no
1753408661916,1753408661,KXMLBGAME-25JUL24SEALAA-SEA,32,68,300,yes
1753408661916,1753408661,KXMLBGAME-25JUL24SEALAA-SEA,32,68,500,yes
1753408661916,1753408661,KXMLBGAME-25JUL24SEALAA-SEA,32,68,200,yes
1753408661916,1753408661,KXMLBGAME-25JUL24SEALAA-SEA,33,67,84,yes
1753408661916,1753408661,KXMLBGAME-25JUL24SEALAA-SEA,33,67,103,yes
1753408663935,1753408663,KXMLBGAME-25JUL24SDSTL-SD,17,83,25,no
1753408664637,1753408664,KXMLBGAME-25JUL24ATHHOU-HOU,9,91,52,yes
1753408667608,1753408667,KXMLBGAME-25JUL24SDSTL-STL,83,17,119,yes
1753408669036,1753408668,KXMLBGAME-25JUL24SEALAA-LAA,69,31,141,yes
1753408669474,1753408669,KXMLBGAME-25JUL24ATHHOU-HOU,9,91,196,yes
1753408669474,1753408669,KXMLBGAME-25JUL24ATHHOU-HOU,10,90,11,yes
1753408671596,1753408671,KXMLBGAME-25JUL24SEALAA-SEA,33,67,28,yes
1753408673492,1753408673,KXMLBGAME-25JUL24SEALAA-SEA,33,67,12,yes
1753408676257,1753408676,KXMLBGAME-25JUL24SDSTL-STL,83,17,1,yes
1753408677838,1753408677,KXMLBGAME-25JUL24SEALAA-LAA,68,32,97,yes
1753408687009,1753408686,KXMLBGAME-25JUL24SEALAA-LAA,69,31,21,yes
1753408688657,1753408688,KXMLBGAME-25JUL24SDSTL-SD,19,81,48,yes
1753408688756,1753408688,KXMLBGAME-25JUL24ATHHOU-ATH,93,7,50,yes
1753408692475,1753408692,KXMLBGAME-25JUL24SEALAA-SEA,32,68,42,yes
1753408694277,1753408694,KXMLBGAME-25JUL24SDSTL-STL,81,19,39,no
1753408694479,1753408694,KXMLBGAME-25JUL24SEALAA-SEA,32,68,161,yes
1753408695234,1753408695,KXMLBGAME-25JUL24SEALAA-SEA,32,68,44,yes
1753408698173,1753408698,KXMLBGAME-25JUL24SDSTL-SD,19,81,24,yes
1753408699533,1753408699,KXMLBGAME-25JUL24SDSTL-STL,83,17,4,yes
1753408700764,1753408700,KXMLBGAME-25JUL24SDSTL-SD,19,81,24,yes
1753408701475,1753408701,KXMLBGAME-25JUL24SEALAA-SEA,32,68,10,yes
1753408702713,1753408702,KXMLBGAME-25JUL24SEALAA-SEA,32,68,243,yes
1753408702713,1753408702,KXMLBGAME-25JUL24SEALAA-SEA,32,68,55,yes
1753408703255,1753408703,KXMLBGAME-25JUL24SEALAA-LAA,69,31,10,yes
1753408703999,1753408703,KXMLBGAME-25JUL24ATHHOU-ATH,92,8,2,yes
1753408705475,1753408705,KXMLBGAME-25JUL24ATHHOU-ATH,92,8,40,yes
1753408706774,1753408706,KXMLBGAME-25JUL24SEALAA-LAA,69,31,7,yes
1753408707016,1753408706,KXMLBGAME-25JUL24SDSTL-SD,19,81,4,yes
1753408710093,1753408710,KXMLBGAME-25JUL24ATHHOU-ATH,91,9,300,no
1753408710093,1753408710,KXMLBGAME-25JUL24ATHHOU-ATH,91,9,1,no
1753408710093,1753408710,KXMLBGAME-25JUL24ATHHOU-ATH,90,10,5,no
1753408710093,1753408710,KXMLBGAME-25JUL24ATHHOU-ATH,90,10,1758,no
1753408711695,1753408711,KXMLBGAME-25JUL24SDSTL-STL,83,17,59,yes
1753408717218,1753408716,KXMLBGAME-25JUL24SEALAA-LAA,68,32,3,no
1753408717218,1753408717,KXMLBGAME-25JUL24ATHHOU-ATH,91,9,40,no
1753408717218,1753408717,KXMLBGAME-25JUL24SDSTL-SD,17,83,152,no
1753408720714,1753408720,KXMLBGAME-25JUL24SEALAA-LAA,70,30,300,yes
1753408720714,1753408720,KXMLBGAME-25JUL24SEALAA-LAA,71,29,600,yes
1753408720714,1753408720,KXMLBGAME-25JUL24SEALAA-LAA,71,29,100,yes
1753408727798,1753408727,KXMLBGAME-25JUL24SEALAA-LAA,69,31,4,no
1753408728414,1753408728,KXMLBGAME-25JUL24SDSTL-SD,20,80,111,yes
1753408728476,1753408728,KXMLBGAME-25JUL24SEALAA-SEA,33,67,34,yes
1753408728897,1753408728,KXMLBGAME-25JUL24ATHHOU-HOU,7,93,5,yes
1753408728897,1753408728,KXMLBGAME-25JUL24ATHHOU-HOU,9,91,100,yes
1753408728975,1753408728,KXMLBGAME-25JUL24SDSTL-SD,17,83,64,no
1753408729434,1753408729,KXMLBGAME-25JUL24SEALAA-SEA,33,67,8,yes
1753408730234,1753408730,KXMLBGAME-25JUL24SDSTL-STL,83,17,41,yes
1753408731295,1753408731,KXMLBGAME-25JUL24ATHHOU-HOU,9,91,83,yes
1753408735376,1753408735,KXMLBGAME-25JUL24SDSTL-STL,80,20,13,no
1753408736716,1753408736,KXMLBGAME-25JUL24SEALAA-SEA,30,70,114,yes
1753408736982,1753408736,KXMLBGAME-25JUL24ATHHOU-HOU,10,90,28,yes
1753408740816,1753408740,KXMLBGAME-25JUL24ATHHOU-HOU,8,92,5,yes
1753408740816,1753408740,KXMLBGAME-25JUL24ATHHOU-HOU,9,91,14,yes
1753408746811,1753408746,KXMLBGAME-25JUL24SEALAA-SEA,30,70,159,yes
1753408747735,1753408747,KXMLBGAME-25JUL24SDSTL-SD,17,83,20,no
1753408752414,1753408752,KXMLBGAME-25JUL24SEALAA-LAA,71,29,50,no
1753408753516,1753408753,KXMLBGAME-25JUL24SDSTL-SD,17,83,20,no
1753408755108,1753408754,KXMLBGAME-25JUL24SEALAA-LAA,71,29,27,yes
1753408757019,1753408756,KXMLBGAME-25JUL24SDSTL-STL,83,17,119,yes
1753408757754,1753408757,KXMLBGAME-25JUL24SEALAA-SEA,30,70,9,yes
1753408758155,1753408758,KXMLBGAME-25JUL24SDSTL-STL,83,17,119,yes
1753408759199,1753408759,KXMLBGAME-25JUL24SDSTL-SD,19,81,19,yes
1753408759334,1753408759,KXMLBGAME-25JUL24SDSTL-SD,19,81,19,yes
1753408762415,1753408762,KXMLBGAME-25JUL24ATHHOU-ATH,92,8,54,yes
1753408763595,1753408763,KXMLBGAME-25JUL24SDSTL-SD,17,83,80,no
1753408765695,1753408765,KXMLBGAME-25JUL24SEALAA-LAA,71,29,16,yes
1753408765835,1753408765,KXMLBGAME-25JUL24SDSTL-STL,84,16,300,yes
1753408765835,1753408765,KXMLBGAME-25JUL24SDSTL-STL,84,16,3,yes
1753408765835,1753408765,KXMLBGAME-25JUL24SDSTL-STL,84,16,715,yes
1753408766033,1753408765,KXMLBGAME-25JUL24SDSTL-SD,17,83,80,no
1753408766954,1753408766,KXMLBGAME-25JUL24ATHHOU-ATH,92,8,2,yes
1753408767196,1753408767,KXMLBGAME-25JUL24SEALAA-SEA,30,70,79,yes
1753408768036,1753408767,KXMLBGAME-25JUL24SEALAA-SEA,30,70,35,yes
1753408771273,1753408771,KXMLBGAME-25JUL24SDSTL-STL,86,14,6,yes
1753408778753,1753408778,KXMLBGAME-25JUL24SEALAA-SEA,30,70,25,yes
1753408779415,1753408779,KXMLBGAME-25JUL24ATHHOU-HOU,7,93,41,no
1753408779472,1753408779,KXMLBGAME-25JUL24SDSTL-SD,16,84,29,yes
1753408780896,1753408780,KXMLBGAME-25JUL24SEALAA-LAA,70,30,45,no
1753408780896,1753408780,KXMLBGAME-25JUL24SEALAA-LAA,70,30,300,no
1753408780896,1753408780,KXMLBGAME-25JUL24SEALAA-LAA,70,30,500,no
1753408782572,1753408782,KXMLBGAME-25JUL24SDSTL-STL,86,14,11,yes
1753408783514,1753408783,KXMLBGAME-25JUL24ATHHOU-HOU,8,92,3,yes
1753408783514,1753408783,KXMLBGAME-25JUL24ATHHOU-HOU,10,90,10,yes
1753408783514,1753408783,KXMLBGAME-25JUL24ATHHOU-HOU,10,90,81,yes
1753408784675,1753408784,KXMLBGAME-25JUL24SEALAA-SEA,27,73,285,no
1753408789333,1753408789,KXMLBGAME-25JUL24SDSTL-SD,15,85,16,no
1753408793317,1753408793,KXMLBGAME-25JUL24ATHHOU-ATH,92,8,2,yes
1753408793318,1753408793,KXMLBGAME-25JUL24ATHHOU-ATH,92,8,8,yes
1753408793738,1753408793,KXMLBGAME-25JUL24SEALAA-LAA,70,30,62,yes
1753408793738,1753408793,KXMLBGAME-25JUL24SEALAA-LAA,71,29,309,yes
1753408793738,1753408793,KXMLBGAME-25JUL24SEALAA-LAA,72,28,140,yes
1753408793738,1753408793,KXMLBGAME-25JUL24SEALAA-LAA,73,27,100,yes
1753408793738,1753408793,KXMLBGAME-25JUL24SEALAA-LAA,73,27,200,yes
1753408793738,1753408793,KXMLBGAME-25JUL24SEALAA-LAA,73,27,87,yes
1753408793738,1753408793,KXMLBGAME-25JUL24SEALAA-LAA,74,26,200,yes
1753408793738,1753408793,KXMLBGAME-25JUL24SEALAA-LAA,74,26,252,yes
1753408794059,1753408793,KXMLBGAME-25JUL24SEALAA-SEA,30,70,33,yes
1753408794059,1753408793,KXMLBGAME-25JUL24SEALAA-SEA,30,70,500,yes
1753408794059,1753408793,KXMLBGAME-25JUL24SEALAA-SEA,30,70,600,yes
1753408794059,1753408793,KXMLBGAME-25JUL24SEALAA-SEA,30,70,300,yes
1753408794059,1753408793,KXMLBGAME-25JUL24SEALAA-SEA,30,70,22,yes
1753408794059,1753408793,KXMLBGAME-25JUL24SEALAA-SEA,31,69,500,yes
1753408794059,1753408793,KXMLBGAME-25JUL24SEALAA-SEA,31,69,750,yes
1753408794059,1753408793,KXMLBGAME-25JUL24SEALAA-SEA,31,69,417,yes
1753408796167,1753408796,KXMLBGAME-25JUL24SDSTL-SD,16,84,59,yes
1753408796413,1753408796,KXMLBGAME-25JUL24ATHHOU-HOU,10,90,94,yes
1753408801333,1753408801,KXMLBGAME-25JUL24ATHHOU-HOU,10,90,47,yes
1753408803457,1753408803,KXMLBGAME-25JUL24SEALAA-SEA,29,71,82,yes
1753408803714,1753408803,KXMLBGAME-25JUL24ATHHOU-HOU,8,92,110,no
1753408804695,1753408804,KXMLBGAME-25JUL24SDSTL-SD,15,85,20,no
1753408806677,1753408806,KXMLBGAME-25JUL24SDSTL-SD,15,85,100,no
1753408807535,1753408807,KXMLBGAME-25JUL24SDSTL-SD,15,85,21,no
1753408807936,1753408807,KXMLBGAME-25JUL24ATHHOU-ATH,92,8,108,yes
1753408816518,1753408816,KXMLBGAME-25JUL24SEALAA-LAA,73,27,67,yes
1753408816856,1753408816,KXMLBGAME-25JUL24SEALAA-SEA,29,71,82,yes
1753408817696,1753408817,KXMLBGAME-25JUL24SEALAA-SEA,27,73,87,no
1753408817696,1753408817,KXMLBGAME-25JUL24SEALAA-SEA,27,73,131,no
1753408819174,1753408819,KXMLBGAME-25JUL24ATHHOU-HOU,10,90,47,yes
1753408820675,1753408820,KXMLBGAME-25JUL24SEALAA-SEA,29,71,16,yes
1753408821477,1753408821,KXMLBGAME-25JUL24SDSTL-STL,86,14,57,yes
1753408824415,1753408824,KXMLBGAME-25JUL24SDSTL-STL,86,14,143,yes
1753408824415,1753408824,KXMLBGAME-25JUL24SDSTL-STL,86,14,300,yes
1753408824415,1753408824,KXMLBGAME-25JUL24SDSTL-STL,87,13,131,yes
1753408825855,1753408825,KXMLBGAME-25JUL24ATHHOU-ATH,92,8,40,yes
1753408825855,1753408825,KXMLBGAME-25JUL24ATHHOU-ATH,92,8,160,yes
1753408827115,1753408826,KXMLBGAME-25JUL24ATHHOU-ATH,92,8,140,yes
1753408827115,1753408826,KXMLBGAME-25JUL24ATHHOU-ATH,93,7,8,yes
1753408827115,1753408826,KXMLBGAME-25JUL24ATHHOU-ATH,93,7,1,yes
1753408827115,1753408826,KXMLBGAME-25JUL24ATHHOU-ATH,93,7,1829,yes
1753408829076,1753408829,KXMLBGAME-25JUL24SDSTL-STL,87,13,6,yes
1753408831814,1753408831,KXMLBGAME-25JUL24SDSTL-SD,15,85,43,no
1753408832076,1753408832,KXMLBGAME-25JUL24SDSTL-STL,87,13,10,yes
1753408836255,1753408836,KXMLBGAME-25JUL24SEALAA-LAA,65,35,32,yes
1753408839134,1753408839,KXMLBGAME-25JUL24ATHHOU-ATH,92,8,43,yes
1753408842057,1753408842,KXMLBGAME-25JUL24SEALAA-LAA,65,35,300,yes
1753408842057,1753408842,KXMLBGAME-25JUL24SEALAA-LAA,66,34,439,yes
1753408846855,1753408846,KXMLBGAME-25JUL24SEALAA-SEA,36,64,287,yes
1753408846855,1753408846,KXMLBGAME-25JUL24SEALAA-SEA,37,63,41,yes
1753408849455,1753408849,KXMLBGAME-25JUL24SDSTL-SD,16,84,3,yes
1753408850276,1753408850,KXMLBGAME-25JUL24ATHHOU-ATH,92,8,10,yes
1753408850854,1753408850,KXMLBGAME-25JUL24ATHHOU-ATH,92,8,290,yes
1753408852017,1753408851,KXMLBGAME-25JUL24ATHHOU-HOU,9,91,15,yes
1753408853017,1753408852,KXMLBGAME-25JUL24ATHHOU-ATH,92,8,10,no
1753408853017,1753408852,KXMLBGAME-25JUL24ATHHOU-ATH,91,9,1202,no
1753408854413,1753408854,KXMLBGAME-25JUL24ATHHOU-HOU,9,91,156,yes
1753408855136,1753408855,KXMLBGAME-25JUL24SEALAA-SEA,37,63,13,yes
1753408855877,1753408855,KXMLBGAME-25JUL24ATHHOU-ATH,92,8,218,yes
1753408856534,1753408856,KXMLBGAME-25JUL24SDSTL-SD,15,85,800,no
1753408856534,1753408856,KXMLBGAME-25JUL24SDSTL-SD,15,85,10,no
1753408856534,1753408856,KXMLBGAME-25JUL24SDSTL-SD,13,87,3666,no
1753408856534,1753408856,KXMLBGAME-25JUL24SDSTL-SD,13,87,123,no
1753408856535,1753408856,KXMLBGAME-25JUL24SEALAA-LAA,65,35,75,yes
1753408860115,1753408860,KXMLBGAME-25JUL24SEALAA-SEA,37,63,100,yes
1753408866716,1753408866,KXMLBGAME-25JUL24ATHHOU-HOU,9,91,87,yes
1753408866716,1753408866,KXMLBGAME-25JUL24ATHHOU-HOU,10,90,15,yes
1753408867039,1753408866,KXMLBGAME-25JUL24SDSTL-STL,86,14,5,yes
1753408869235,1753408869,KXMLBGAME-25JUL24SDSTL-STL,86,14,65,yes
1753408871494,1753408871,KXMLBGAME-25JUL24SEALAA-LAA,64,36,25,yes
1753408878093,1753408878,KXMLBGAME-25JUL24SDSTL-STL,86,14,80,yes
1753408881468,1753408881,KXMLBGAME-25JUL24SEALAA-LAA,64,36,275,yes
1753408881468,1753408881,KXMLBGAME-25JUL24SEALAA-LAA,65,35,119,yes
1753408882375,1753408882,KXMLBGAME-25JUL24SDSTL-STL,86,14,86,yes
1753408883414,1753408883,KXMLBGAME-25JUL24SEALAA-SEA,37,63,258,yes
1753408887303,1753408887,KXMLBGAME-25JUL24SEALAA-SEA,37,63,5,yes
1753408889137,1753408889,KXMLBGAME-25JUL24SEALAA-LAA,65,35,21,yes
1753408890914,1753408890,KXMLBGAME-25JUL24SEALAA-LAA,64,36,5,no
1753408892016,1753408891,KXMLBGAME-25JUL24SDSTL-SD,15,85,125,yes
1753408894816,1753408894,KXMLBGAME-25JUL24ATHHOU-ATH,92,8,1,yes
1753408894853,1753408894,KXMLBGAME-25JUL24SEALAA-SEA,37,63,1,yes
1753408896476,1753408896,KXMLBGAME-25JUL24SEALAA-SEA,37,63,82,yes
1753408896476,1753408896,KXMLBGAME-25JUL24SEALAA-SEA,37,63,119,yes
1753408896476,1753408896,KXMLBGAME-25JUL24SEALAA-SEA,38,62,308,yes
1753408899557,1753408899,KXMLBGAME-25JUL24ATHHOU-HOU,10,90,77,yes
1753408899557,1753408899,KXMLBGAME-25JUL24ATHHOU-HOU,10,90,17,yes
1753408901016,1753408900,KXMLBGAME-25JUL24SEALAA-LAA,64,36,7,yes
1753408901847,1753408901,KXMLBGAME-25JUL24SEALAA-SEA,37,63,51,yes
1753408902220,1753408902,KXMLBGAME-25JUL24SEALAA-LAA,63,37,25,no
1753408908936,1753408908,KXMLBGAME-25JUL24SEALAA-LAA,64,36,51,yes
1753408911134,1753408911,KXMLBGAME-25JUL24SEALAA-SEA,36,64,15,no
1753408912393,1753408912,KXMLBGAME-25JUL24SEALAA-SEA,37,63,5,yes
1753408913110,1753408913,KXMLBGAME-25JUL24SEALAA-LAA,63,37,36,no
1753408913777,1753408913,KXMLBGAME-25JUL24SEALAA-SEA,37,63,5,yes
1753408914055,1753408914,KXMLBGAME-25JUL24SEALAA-SEA,37,63,439,yes
1753408914055,1753408914,KXMLBGAME-25JUL24SEALAA-SEA,38,62,202,yes
1753408915673,1753408915,KXMLBGAME-25JUL24ATHHOU-HOU,10,90,47,yes
1753408916899,1753408916,KXMLBGAME-25JUL24SEALAA-SEA,38,62,5,yes
1753408917974,1753408917,KXMLBGAME-25JUL24SEALAA-LAA,64,36,152,yes
1753408919483,1753408919,KXMLBGAME-25JUL24SEALAA-SEA,38,62,83,yes
1753408922415,1753408922,KXMLBGAME-25JUL24ATHHOU-ATH,92,8,14,yes
1753408923016,1753408922,KXMLBGAME-25JUL24SDSTL-SD,13,87,58,yes
1753408925910,1753408925,KXMLBGAME-25JUL24ATHHOU-ATH,92,8,2,yes
1753408927139,1753408927,KXMLBGAME-25JUL24SDSTL-STL,87,13,149,no
1753408930617,1753408930,KXMLBGAME-25JUL24SDSTL-SD,13,87,216,yes
1753408930617,1753408930,KXMLBGAME-25JUL24SDSTL-SD,13,87,300,yes
1753408930617,1753408930,KXMLBGAME-25JUL24SDSTL-SD,14,86,194,yes
1753408931619,1753408931,KXMLBGAME-25JUL24SEALAA-SEA,38,62,2,yes
1753408931619,1753408931,KXMLBGAME-25JUL24SEALAA-SEA,38,62,63,yes
1753408931619,1753408931,KXMLBGAME-25JUL24SEALAA-SEA,38,62,61,yes
1753408940117,1753408940,KXMLBGAME-25JUL24SEALAA-SEA,38,62,73,yes
1753408941254,1753408941,KXMLBGAME-25JUL24SEALAA-SEA,38,62,5,yes
1753408944176,1753408944,KXMLBGAME-25JUL24SDSTL-SD,13,87,3,yes
1753408945161,1753408945,KXMLBGAME-25JUL24SEALAA-SEA,38,62,12,yes
1753408947737,1753408947,KXMLBGAME-25JUL24ATHHOU-HOU,9,91,52,yes
1753408948613,1753408948,KXMLBGAME-25JUL24SDSTL-SD,10,90,48,no
1753408950454,1753408950,KXMLBGAME-25JUL24ATHHOU-ATH,93,7,2,yes
1753408951835,1753408951,KXMLBGAME-25JUL24ATHHOU-HOU,9,91,43,yes
1753408952938,1753408952,KXMLBGAME-25JUL24ATHHOU-HOU,9,91,10,yes
1753408957793,1753408957,KXMLBGAME-25JUL24SDSTL-SD,13,87,145,yes
1753408958375,1753408958,KXMLBGAME-25JUL24SEALAA-SEA,38,62,247,yes
1753408959537,1753408959,KXMLBGAME-25JUL24SEALAA-LAA,64,36,100,yes
1753408962095,1753408962,KXMLBGAME-25JUL24ATHHOU-ATH,93,7,8,yes
1753408964095,1753408964,KXMLBGAME-25JUL24ATHHOU-ATH,93,7,1,yes
1753408964854,1753408964,KXMLBGAME-25JUL24SDSTL-SD,12,88,196,yes
1753408965336,1753408965,KXMLBGAME-25JUL24SDSTL-STL,90,10,28,yes
1753408969973,1753408969,KXMLBGAME-25JUL24SDSTL-SD,12,88,79,yes
1753408969974,1753408969,KXMLBGAME-25JUL24SDSTL-SD,12,88,117,yes
1753408970536,1753408970,KXMLBGAME-25JUL24SEALAA-SEA,37,63,5,no
1753408979187,1753408979,KXMLBGAME-25JUL24SEALAA-LAA,64,36,61,yes
1753408979187,1753408979,KXMLBGAME-25JUL24SEALAA-LAA,64,36,7,yes
1753408980693,1753408980,KXMLBGAME-25JUL24SDSTL-STL,91,9,29,yes
1753408982893,1753408982,KXMLBGAME-25JUL24ATHHOU-HOU,9,91,104,yes
1753408983575,1753408983,KXMLBGAME-25JUL24SEALAA-SEA,37,63,119,yes
1753408987093,1753408986,KXMLBGAME-25JUL24SDSTL-STL,90,10,1,yes
1753408987513,1753408987,KXMLBGAME-25JUL24SEALAA-SEA,37,63,5,yes
1753408987615,1753408987,KXMLBGAME-25JUL24SEALAA-SEA,37,63,25,yes
1753408991634,1753408991,KXMLBGAME-25JUL24SEALAA-SEA,37,63,5,yes
1753408995895,1753408995,KXMLBGAME-25JUL24ATHHOU-ATH,93,7,248,no
1753408995974,1753408995,KXMLBGAME-25JUL24SEALAA-SEA,36,64,87,no
1753408999337,1753408999,KXMLBGAME-25JUL24ATHHOU-HOU,7,93,5,no
1753409002193,1753409001,KXMLBGAME-25JUL24SEALAA-SEA,36,64,39,yes
1753409002193,1753409002,KXMLBGAME-25JUL24SEALAA-LAA,66,34,29,yes
1753409002254,1753409002,KXMLBGAME-25JUL24SDSTL-STL,90,10,4,yes
1753409002333,1753409002,KXMLBGAME-25JUL24SEALAA-SEA,36,64,69,yes
1753409006993,1753409006,KXMLBGAME-25JUL24ATHHOU-HOU,10,90,467,yes
1753409007075,1753409007,KXMLBGAME-25JUL24ATHHOU-ATH,92,8,5,yes
1753409009031,1753409008,KXMLBGAME-25JUL24ATHHOU-ATH,91,9,6,no
1753409009031,1753409008,KXMLBGAME-25JUL24ATHHOU-ATH,90,10,5,no
1753409013338,1753409013,KXMLBGAME-25JUL24SEALAA-LAA,66,34,25,yes
1753409018392,1753409018,KXMLBGAME-25JUL24ATHHOU-ATH,92,8,4,yes
1753409018634,1753409018,KXMLBGAME-25JUL24SDSTL-SD,12,88,156,yes
1753409020656,1753409020,KXMLBGAME-25JUL24SDSTL-SD,10,90,14,no
1753409021714,1753409021,KXMLBGAME-25JUL24SEALAA-SEA,36,64,26,yes
1753409023293,1753409023,KXMLBGAME-25JUL24SEALAA-SEA,36,64,30,yes
1753409023393,1753409023,KXMLBGAME-25JUL24ATHHOU-ATH,93,7,127,yes
1753409024039,1753409023,KXMLBGAME-25JUL24ATHHOU-HOU,10,90,235,yes
1753409025245,1753409025,KXMLBGAME-25JUL24SEALAA-SEA,36,64,26,yes
1753409026315,1753409026,KXMLBGAME-25JUL24SDSTL-SD,12,88,4,yes
1753409027515,1753409027,KXMLBGAME-25JUL24ATHHOU-ATH,93,7,1270,yes
1753409028495,1753409028,KXMLBGAME-25JUL24SEALAA-LAA,66,34,27,yes
1753409030868,1753409030,KXMLBGAME-25JUL24SEALAA-LAA,66,34,2,yes
1753409030868,1753409030,KXMLBGAME-25JUL24SEALAA-LAA,67,33,87,yes
1753409030868,1753409030,KXMLBGAME-25JUL24SEALAA-LAA,67,33,56,yes
1753409031055,1753409030,KXMLBGAME-25JUL24SDSTL-STL,90,10,241,yes
1753409038783,1753409038,KXMLBGAME-25JUL24ATHHOU-ATH,93,7,347,yes
1753409039984,1753409039,KXMLBGAME-25JUL24ATHHOU-ATH,93,7,21,yes
1753409040336,1753409040,KXMLBGAME-25JUL24ATHHOU-ATH,93,7,16,yes
1753409041133,1753409040,KXMLBGAME-25JUL24ATHHOU-HOU,7,93,341,no
1753409041935,1753409041,KXMLBGAME-25JUL24SDSTL-SD,12,88,39,yes
1753409042214,1753409041,KXMLBGAME-25JUL24ATHHOU-ATH,93,7,2,yes
1753409042853,1753409042,KXMLBGAME-25JUL24SDSTL-STL,89,11,107,no
1753409043236,1753409043,KXMLBGAME-25JUL24SEALAA-SEA,35,65,5,no
1753409043675,1753409043,KXMLBGAME-25JUL24SEALAA-SEA,34,66,5,yes
1753409044914,1753409044,KXMLBGAME-25JUL24SDSTL-SD,11,89,200,no
1753409044914,1753409044,KXMLBGAME-25JUL24SDSTL-SD,10,90,608,no
1753409045407,1753409045,KXMLBGAME-25JUL24ATHHOU-ATH,93,7,35,yes
1753409048195,1753409048,KXMLBGAME-25JUL24SDSTL-SD,12,88,10,yes
1753409048319,1753409048,KXMLBGAME-25JUL24SDSTL-STL,89,11,99,no
1753409051777,1753409051,KXMLBGAME-25JUL24ATHHOU-HOU,8,92,5,yes
1753409051777,1753409051,KXMLBGAME-25JUL24ATHHOU-HOU,9,91,5,yes
1753409053314,1753409053,KXMLBGAME-25JUL24SDSTL-SD,12,88,91,yes
1753409053314,1753409053,KXMLBGAME-25JUL24SDSTL-SD,12,88,275,yes
1753409053314,1753409053,KXMLBGAME-25JUL24SDSTL-SD,13,87,8,yes
1753409053314,1753409053,KXMLBGAME-25JUL24SDSTL-SD,13,87,364,yes
1753409053815,1753409053,KXMLBGAME-25JUL24ATHHOU-ATH,92,8,1,no
1753409053815,1753409053,KXMLBGAME-25JUL24ATHHOU-ATH,90,10,3,no
1753409053815,1753409053,KXMLBGAME-25JUL24ATHHOU-ATH,90,10,26,no
1753409054036,1753409053,KXMLBGAME-25JUL24ATHHOU-HOU,10,90,65,yes
1753409054036,1753409053,KXMLBGAME-25JUL24ATHHOU-HOU,10,90,29,yes
1753409054935,1753409054,KXMLBGAME-25JUL24ATHHOU-HOU,10,90,18,yes
1753409060136,1753409060,KXMLBGAME-25JUL24SEALAA-LAA,67,33,83,yes
1753409060136,1753409060,KXMLBGAME-25JUL24SEALAA-LAA,68,32,44,yes
1753409063335,1753409063,KXMLBGAME-25JUL24SEALAA-SEA,34,66,148,yes
1753409063335,1753409063,KXMLBGAME-25JUL24SEALAA-SEA,34,66,2,yes
1753409064377,1753409064,KXMLBGAME-25JUL24SDSTL-STL,89,11,44,no
1753409064873,1753409064,KXMLBGAME-25JUL24SDSTL-SD,12,88,31,yes
1753409067018,1753409066,KXMLBGAME-25JUL24ATHHOU-HOU,10,90,30,yes
1753409070586,1753409070,KXMLBGAME-25JUL24SDSTL-SD,12,88,1,yes
1753409074697,1753409074,KXMLBGAME-25JUL24SDSTL-SD,12,88,15,yes
1753409077575,1753409077,KXMLBGAME-25JUL24SEALAA-LAA,68,32,25,yes
1753409078859,1753409078,KXMLBGAME-25JUL24SEALAA-LAA,68,32,28,yes
1753409079395,1753409079,KXMLBGAME-25JUL24ATHHOU-ATH,91,9,2,no
1753409079395,1753409079,KXMLBGAME-25JUL24ATHHOU-ATH,91,9,100,no
1753409081457,1753409081,KXMLBGAME-25JUL24ATHHOU-HOU,9,91,17,no
1753409081896,1753409081,KXMLBGAME-25JUL24ATHHOU-HOU,10,90,47,yes
1753409082637,1753409082,KXMLBGAME-25JUL24ATHHOU-ATH,91,9,41,yes
1753409084836,1753409084,KXMLBGAME-25JUL24SEALAA-SEA,33,67,42,yes
1753409084836,1753409084,KXMLBGAME-25JUL24SEALAA-SEA,33,67,87,yes
1753409084836,1753409084,KXMLBGAME-25JUL24SEALAA-SEA,34,66,96,yes
1753409087186,1753409086,KXMLBGAME-25JUL24SDSTL-STL,90,10,87,yes
1753409087186,1753409086,KXMLBGAME-25JUL24SDSTL-STL,90,10,1013,yes
1753409091082,1753409091,KXMLBGAME-25JUL24SEALAA-LAA,68,32,56,yes
1753409092106,1753409091,KXMLBGAME-25JUL24SEALAA-SEA,34,66,14,yes
1753409092133,1753409092,KXMLBGAME-25JUL24SEALAA-SEA,34,66,14,yes
1753409092433,1753409092,KXMLBGAME-25JUL24SEALAA-SEA,34,66,50,yes
1753409098475,1753409098,KXMLBGAME-25JUL24ATHHOU-HOU,10,90,4,yes
1753409099985,1753409099,KXMLBGAME-25JUL24SEALAA-SEA,34,66,84,yes
1753409101055,1753409101,KXMLBGAME-25JUL24SDSTL-STL,91,9,78,yes
1753409101734,1753409101,KXMLBGAME-25JUL24ATHHOU-HOU,9,91,118,no
1753409102455,1753409102,KXMLBGAME-25JUL24ATHHOU-ATH,91,9,55,yes
1753409108156,1753409108,KXMLBGAME-25JUL24ATHHOU-ATH,91,9,40,yes
1753409109213,1753409109,KXMLBGAME-25JUL24SEALAA-SEA,34,66,140,yes
1753409115095,1753409115,KXMLBGAME-25JUL24SEALAA-LAA,68,32,58,yes
1753409118516,1753409118,KXMLBGAME-25JUL24SDSTL-STL,90,10,27,yes
1753409119535,1753409119,KXMLBGAME-25JUL24ATHHOU-ATH,91,9,77,yes
1753409119535,1753409119,KXMLBGAME-25JUL24ATHHOU-ATH,91,9,300,yes
1753409119535,1753409119,KXMLBGAME-25JUL24ATHHOU-ATH,91,9,600,yes
1753409119535,1753409119,KXMLBGAME-25JUL24ATHHOU-ATH,91,9,115,yes
1753409122576,1753409122,KXMLBGAME-25JUL24ATHHOU-ATH,91,9,185,yes
1753409122576,1753409122,KXMLBGAME-25JUL24ATHHOU-ATH,91,9,82,yes
1753409132394,1753409132,KXMLBGAME-25JUL24ATHHOU-ATH,92,8,87,yes
1753409132394,1753409132,KXMLBGAME-25JUL24ATHHOU-ATH,92,8,237,yes
1753409132718,1753409132,KXMLBGAME-25JUL24SEALAA-SEA,34,66,59,yes
1753409139577,1753409139,KXMLBGAME-25JUL24SEALAA-SEA,33,67,28,yes
1753409147494,1753409147,KXMLBGAME-25JUL24SEALAA-SEA,33,67,5,yes
1753409150715,1753409150,KXMLBGAME-25JUL24ATHHOU-HOU,9,91,29,yes
1753409153474,1753409153,KXMLBGAME-25JUL24ATHHOU-HOU,9,91,2,yes
1753409154378,1753409154,KXMLBGAME-25JUL24SEALAA-SEA,33,67,69,yes
1753409155453,1753409155,KXMLBGAME-25JUL24ATHHOU-HOU,9,91,1044,yes
1753409160100,1753409159,KXMLBGAME-25JUL24SEALAA-SEA,33,67,292,yes
1753409161533,1753409161,KXMLBGAME-25JUL24SDSTL-SD,11,89,7,no
1753409161533,1753409161,KXMLBGAME-25JUL24SDSTL-SD,11,89,100,no
1753409161533,1753409161,KXMLBGAME-25JUL24SDSTL-SD,10,90,5,no
1753409165160,1753409165,KXMLBGAME-25JUL24ATHHOU-HOU,8,92,250,no
1753409165160,1753409165,KXMLBGAME-25JUL24ATHHOU-HOU,7,93,87,no
1753409165160,1753409165,KXMLBGAME-25JUL24ATHHOU-HOU,7,93,300,no
1753409165160,1753409165,KXMLBGAME-25JUL24ATHHOU-HOU,6,94,79,no
1753409166635,1753409166,KXMLBGAME-25JUL24SEALAA-SEA,33,67,26,yes
1753409169454,1753409169,KXMLBGAME-25JUL24ATHHOU-ATH,93,7,2,yes
1753409169957,1753409169,KXMLBGAME-25JUL24SEALAA-SEA,31,69,22,no
1753409173814,1753409173,KXMLBGAME-25JUL24SEALAA-SEA,33,67,52,yes
1753409175256,1753409174,KXMLBGAME-25JUL24SEALAA-SEA,33,67,95,yes
1753409176020,1753409175,KXMLBGAME-25JUL24SDSTL-SD,12,88,91,yes
1753409176255,1753409176,KXMLBGAME-25JUL24SDSTL-SD,10,90,152,no
1753409178976,1753409178,KXMLBGAME-25JUL24SEALAA-LAA,69,31,9,yes
1753409182433,1753409182,KXMLBGAME-25JUL24SDSTL-STL,90,10,5,yes
1753409182515,1753409182,KXMLBGAME-25JUL24SDSTL-SD,12,88,14,yes
1753409184713,1753409184,KXMLBGAME-25JUL24ATHHOU-HOU,9,91,10,yes
1753409185916,1753409185,KXMLBGAME-25JUL24ATHHOU-ATH,93,7,4,yes
1753409185916,1753409185,KXMLBGAME-25JUL24ATHHOU-ATH,93,7,2,yes
1753409185916,1753409185,KXMLBGAME-25JUL24ATHHOU-ATH,93,7,100,yes
1753409185916,1753409185,KXMLBGAME-25JUL24ATHHOU-ATH,93,7,185,yes
1753409190980,1753409190,KXMLBGAME-25JUL24ATHHOU-HOU,7,93,300,no
1753409194555,1753409194,KXMLBGAME-25JUL24SDSTL-SD,12,88,14,yes
1753409194555,1753409194,KXMLBGAME-25JUL24SDSTL-SD,12,88,41,yes
1753409194555,1753409194,KXMLBGAME-25JUL24SDSTL-SD,13,87,20,yes
1753409194733,1753409194,KXMLBGAME-25JUL24SEALAA-SEA,33,67,101,yes
1753409197934,1753409197,KXMLBGAME-25JUL24ATHHOU-HOU,7,93,6,yes
1753409209834,1753409209,KXMLBGAME-25JUL24SDSTL-STL,90,10,4,yes
1753409226763,1753409226,KXMLBGAME-25JUL24SEALAA-SEA,33,67,27,yes
1753409227236,1753409227,KXMLBGAME-25JUL24ATHHOU-HOU,7,93,5,yes
1753409227236,1753409227,KXMLBGAME-25JUL24ATHHOU-HOU,8,92,30,yes
1753409229395,1753409229,KXMLBGAME-25JUL24SEALAA-SEA,31,69,6,no
1753409232833,1753409232,KXMLBGAME-25JUL24SEALAA-SEA,33,67,43,yes
1753409235815,1753409235,KXMLBGAME-25JUL24SDSTL-SD,12,88,55,yes
1753409235815,1753409235,KXMLBGAME-25JUL24SDSTL-SD,13,87,47,yes
1753409235815,1753409235,KXMLBGAME-25JUL24SDSTL-SD,13,87,10,yes
1753409238700,1753409238,KXMLBGAME-25JUL24SDSTL-STL,90,10,5,yes
1753409239614,1753409239,KXMLBGAME-25JUL24ATHHOU-HOU,5,95,2,no
1753409241155,1753409241,KXMLBGAME-25JUL24SDSTL-SD,12,88,25,yes
1753409243045,1753409242,KXMLBGAME-25JUL24ATHHOU-HOU,7,93,6,yes
1753409243045,1753409242,KXMLBGAME-25JUL24ATHHOU-HOU,7,93,34,yes
1753409243238,1753409243,KXMLBGAME-25JUL24SEALAA-LAA,69,31,55,yes
1753409243968,1753409243,KXMLBGAME-25JUL24ATHHOU-ATH,93,7,4,no
1753409243968,1753409243,KXMLBGAME-25JUL24ATHHOU-ATH,93,7,2532,no
1753409245473,1753409245,KXMLBGAME-25JUL24ATHHOU-HOU,7,93,26,yes
1753409247116,1753409247,KXMLBGAME-25JUL24SDSTL-SD,12,88,10,yes
1753409249295,1753409249,KXMLBGAME-25JUL24SDSTL-STL,89,11,100,no
1753409256051,1753409255,KXMLBGAME-25JUL24ATHHOU-HOU,8,92,57,yes
1753409256051,1753409255,KXMLBGAME-25JUL24ATHHOU-HOU,8,92,30,yes
1753409256051,1753409255,KXMLBGAME-25JUL24ATHHOU-HOU,8,92,30,yes
1753409256196,1753409256,KXMLBGAME-25JUL24SDSTL-SD,12,88,75,yes
1753409256196,1753409256,KXMLBGAME-25JUL24SDSTL-SD,12,88,25,yes
1753409256196,1753409256,KXMLBGAME-25JUL24SDSTL-SD,12,88,10,yes
1753409256196,1753409256,KXMLBGAME-25JUL24SDSTL-SD,13,87,43,yes
1753409259676,1753409259,KXMLBGAME-25JUL24SEALAA-LAA,69,31,141,yes
1753409262156,1753409262,KXMLBGAME-25JUL24SDSTL-STL,90,10,1,yes
1753409263415,1753409263,KXMLBGAME-25JUL24ATHHOU-ATH,94,6,30,yes
1753409263415,1753409263,KXMLBGAME-25JUL24ATHHOU-ATH,95,5,70,yes
1753409263775,1753409263,KXMLBGAME-25JUL24SDSTL-SD,13,87,14,yes
1753409267707,1753409267,KXMLBGAME-25JUL24SEALAA-LAA,69,31,30,yes
1753409268235,1753409268,KXMLBGAME-25JUL24SDSTL-SD,13,87,286,yes
1753409268235,1753409268,KXMLBGAME-25JUL24SDSTL-SD,13,87,76,yes
1753409268972,1753409268,KXMLBGAME-25JUL24SDSTL-SD,13,87,36,yes
1753409269834,1753409269,KXMLBGAME-25JUL24SEALAA-LAA,69,31,270,yes
1753409269834,1753409269,KXMLBGAME-25JUL24SEALAA-LAA,70,30,25,yes
1753409269834,1753409269,KXMLBGAME-25JUL24SEALAA-LAA,70,30,58,yes
1753409273394,1753409273,KXMLBGAME-25JUL24SDSTL-STL,89,11,150,no
1753409273394,1753409273,KXMLBGAME-25JUL24SDSTL-STL,87,13,116,no
1753409274636,1753409274,KXMLBGAME-25JUL24ATHHOU-ATH,95,5,230,yes
1753409274636,1753409274,KXMLBGAME-25JUL24ATHHOU-ATH,95,5,2305,yes
1753409280831,1753409280,KXMLBGAME-25JUL24ATHHOU-HOU,6,94,35,no
1753409282879,1753409282,KXMLBGAME-25JUL24ATHHOU-HOU,7,93,50,yes
1753409283057,1753409283,KXMLBGAME-25JUL24ATHHOU-ATH,93,7,1,no
1753409287077,1753409286,KXMLBGAME-25JUL24ATHHOU-HOU,7,93,3,yes
1753409288115,1753409287,KXMLBGAME-25JUL24SDSTL-SD,10,90,93,no
1753409290336,1753409290,KXMLBGAME-25JUL24SDSTL-SD,13,87,36,yes
1753409296690,1753409296,KXMLBGAME-25JUL24SEALAA-SEA,33,67,2,yes
1753409298678,1753409298,KXMLBGAME-25JUL24SEALAA-SEA,33,67,93,yes
1753409298678,1753409298,KXMLBGAME-25JUL24SEALAA-SEA,33,67,51,yes
1753409300912,1753409300,KXMLBGAME-25JUL24ATHHOU-ATH,93,7,499,no
1753409300912,1753409300,KXMLBGAME-25JUL24ATHHOU-ATH,93,7,300,no
1753409300912,1753409300,KXMLBGAME-25JUL24ATHHOU-ATH,92,8,200,no
1753409300912,1753409300,KXMLBGAME-25JUL24ATHHOU-ATH,92,8,72,no
1753409300913,1753409300,KXMLBGAME-25JUL24ATHHOU-ATH,92,8,600,no
1753409301013,1753409300,KXMLBGAME-25JUL24ATHHOU-HOU,8,92,72,yes
1753409307954,1753409307,KXMLBGAME-25JUL24SDSTL-SD,10,90,2,no
1753409308479,1753409308,KXMLBGAME-25JUL24SDSTL-SD,13,87,181,yes
1753409312370,1753409312,KXMLBGAME-25JUL24SDSTL-SD,10,90,2,no
1753409315442,1753409315,KXMLBGAME-25JUL24SDSTL-SD,11,89,20,no
1753409315442,1753409315,KXMLBGAME-25JUL24SEALAA-SEA,40,60,11,yes
1753409320118,1753409320,KXMLBGAME-25JUL24ATHHOU-HOU,9,91,87,no
1753409320118,1753409320,KXMLBGAME-25JUL24ATHHOU-HOU,9,91,13,no
1753409321619,1753409321,KXMLBGAME-25JUL24SEALAA-SEA,36,64,12,yes
1753409321914,1753409321,KXMLBGAME-25JUL24SEALAA-LAA,65,35,31,no
1753409330387,1753409330,KXMLBGAME-25JUL24SEALAA-SEA,34,66,19,yes
1753409331815,1753409331,KXMLBGAME-25JUL24SEALAA-LAA,67,33,145,yes
1753409332635,1753409332,KXMLBGAME-25JUL24ATHHOU-ATH,89,11,300,yes
1753409333314,1753409333,KXMLBGAME-25JUL24SEALAA-LAA,67,33,87,yes
1753409334617,1753409334,KXMLBGAME-25JUL24SDSTL-STL,89,11,9,yes
1753409335200,1753409335,KXMLBGAME-25JUL24ATHHOU-ATH,89,11,300,yes
1753409336198,1753409336,KXMLBGAME-25JUL24SDSTL-SD,14,86,40,yes
1753409337151,1753409336,KXMLBGAME-25JUL24ATHHOU-HOU,12,88,100,yes
1753409337151,1753409336,KXMLBGAME-25JUL24ATHHOU-HOU,13,87,16,yes
1753409337618,1753409337,KXMLBGAME-25JUL24ATHHOU-ATH,89,11,300,yes
1753409340037,1753409339,KXMLBGAME-25JUL24ATHHOU-ATH,89,11,300,yes
1753409343415,1753409343,KXMLBGAME-25JUL24ATHHOU-ATH,89,11,300,yes
1753409343635,1753409343,KXMLBGAME-25JUL24SDSTL-STL,89,11,22,yes
1753409345872,1753409345,KXMLBGAME-25JUL24ATHHOU-ATH,89,11,300,yes
1753409348594,1753409348,KXMLBGAME-25JUL24ATHHOU-HOU,13,87,41,yes
1753409348594,1753409348,KXMLBGAME-25JUL24ATHHOU-HOU,13,87,12,yes
1753409348594,1753409348,KXMLBGAME-25JUL24ATHHOU-HOU,13,87,200,yes
1753409348594,1753409348,KXMLBGAME-25JUL24ATHHOU-HOU,14,86,88,yes
1753409349376,1753409349,KXMLBGAME-25JUL24SDSTL-STL,86,14,1,no
1753409350314,1753409350,KXMLBGAME-25JUL24SEALAA-LAA,68,32,28,yes
1753409350613,1753409350,KXMLBGAME-25JUL24SEALAA-LAA,68,32,71,yes
1753409354176,1753409354,KXMLBGAME-25JUL24ATHHOU-HOU,13,87,7,yes
1753409355308,1753409355,KXMLBGAME-25JUL24ATHHOU-ATH,90,10,87,yes
1753409355308,1753409355,KXMLBGAME-25JUL24ATHHOU-ATH,90,10,188,yes
1753409359435,1753409359,KXMLBGAME-25JUL24SEALAA-SEA,34,66,50,yes
1753409361473,1753409361,KXMLBGAME-25JUL24SEALAA-SEA,34,66,281,yes
1753409361733,1753409361,KXMLBGAME-25JUL24ATHHOU-ATH,90,10,1,yes
1753409362696,1753409362,KXMLBGAME-25JUL24SDSTL-STL,88,12,22,yes
1753409364174,1753409364,KXMLBGAME-25JUL24ATHHOU-ATH,90,10,4,yes
1753409364796,1753409364,KXMLBGAME-25JUL24SDSTL-STL,88,12,10,yes
1753409364855,1753409364,KXMLBGAME-25JUL24SEALAA-LAA,68,32,1,yes
1753409368475,1753409368,KXMLBGAME-25JUL24SEALAA-LAA,68,32,35,yes
1753409374255,1753409374,KXMLBGAME-25JUL24SEALAA-SEA,35,65,72,yes
1753409374255,1753409374,KXMLBGAME-25JUL24SEALAA-SEA,35,65,600,yes
1753409374255,1753409374,KXMLBGAME-25JUL24SEALAA-SEA,36,64,117,yes
1753409380434,1753409380,KXMLBGAME-25JUL24SEALAA-SEA,36,64,132,yes
1753409390154,1753409390,KXMLBGAME-25JUL24SEALAA-SEA,36,64,66,yes
1753409391321,1753409391,KXMLBGAME-25JUL24SDSTL-SD,14,86,13,yes
1753409392140,1753409392,KXMLBGAME-25JUL24SDSTL-SD,14,86,20,yes
1753409393355,1753409393,KXMLBGAME-25JUL24SEALAA-SEA,34,66,199,yes
1753409394335,1753409394,KXMLBGAME-25JUL24SEALAA-SEA,34,66,28,yes
1753409396948,1753409396,KXMLBGAME-25JUL24SDSTL-SD,14,86,33,yes
1753409397465,1753409397,KXMLBGAME-25JUL24SDSTL-SD,14,86,3,yes
1753409398094,1753409397,KXMLBGAME-25JUL24ATHHOU-HOU,7,93,13,yes
1753409398953,1753409398,KXMLBGAME-25JUL24ATHHOU-ATH,93,7,275,no
1753409401220,1753409401,KXMLBGAME-25JUL24SDSTL-STL,87,13,82,no
1753409401635,1753409401,KXMLBGAME-25JUL24ATHHOU-ATH,94,6,4,yes
1753409403535,1753409403,KXMLBGAME-25JUL24SEALAA-LAA,67,33,343,yes
1753409405443,1753409405,KXMLBGAME-25JUL24ATHHOU-HOU,7,93,15,yes
1753409407112,1753409406,KXMLBGAME-25JUL24SEALAA-SEA,36,64,7,yes
1753409416000,1753409415,KXMLBGAME-25JUL24SEALAA-SEA,35,65,103,yes
1753409422257,1753409422,KXMLBGAME-25JUL24SDSTL-SD,14,86,30,yes
1753409423693,1753409423,KXMLBGAME-25JUL24SEALAA-SEA,36,64,26,yes
1753409429015,1753409428,KXMLBGAME-25JUL24SEALAA-LAA,66,34,80,yes
1753409432179,1753409432,KXMLBGAME-25JUL24SEALAA-LAA,66,34,29,yes
1753409434119,1753409434,KXMLBGAME-25JUL24SDSTL-STL,87,13,53,no
1753409442695,1753409442,KXMLBGAME-25JUL24SEALAA-SEA,36,64,53,yes
1753409442736,1753409442,KXMLBGAME-25JUL24SEALAA-LAA,66,34,73,yes
1753409447904,1753409447,KXMLBGAME-25JUL24SEALAA-SEA,36,64,13,yes
1753409448815,1753409448,KXMLBGAME-25JUL24SDSTL-STL,88,12,11,yes
1753409454316,1753409454,KXMLBGAME-25JUL24SEALAA-SEA,36,64,3,yes
1753409455515,1753409455,KXMLBGAME-25JUL24SEALAA-SEA,36,64,30,yes
1753409456858,1753409456,KXMLBGAME-25JUL24ATHHOU-HOU,6,94,12,yes
1753409465573,1753409465,KXMLBGAME-25JUL24SEALAA-SEA,37,63,12,yes
1753409467835,1753409467,KXMLBGAME-25JUL24SDSTL-STL,88,12,78,yes
1753409467835,1753409467,KXMLBGAME-25JUL24SDSTL-STL,88,12,23,yes
1753409472075,1753409472,KXMLBGAME-25JUL24SDSTL-SD,13,87,72,yes
1753409473495,1753409473,KXMLBGAME-25JUL24ATHHOU-ATH,96,4,1,yes
1753409475876,1753409475,KXMLBGAME-25JUL24SDSTL-STL,88,12,54,yes
1753409479488,1753409479,KXMLBGAME-25JUL24SDSTL-SD,12,88,110,no
1753409484452,1753409484,KXMLBGAME-25JUL24SEALAA-SEA,38,62,10,yes
1753409487271,1753409487,KXMLBGAME-25JUL24SEALAA-SEA,38,62,25,yes
1753409489728,1753409489,KXMLBGAME-25JUL24SDSTL-SD,13,87,203,yes
1753409489728,1753409489,KXMLBGAME-25JUL24SDSTL-SD,13,87,55,yes
1753409489729,1753409489,KXMLBGAME-25JUL24SDSTL-SD,14,86,201,yes
1753409489729,1753409489,KXMLBGAME-25JUL24SDSTL-SD,14,86,200,yes
1753409489729,1753409489,KXMLBGAME-25JUL24SDSTL-SD,14,86,32,yes
1753409489729,1753409489,KXMLBGAME-25JUL24SDSTL-STL,87,13,18,no
1753409493795,1753409493,KXMLBGAME-25JUL24ATHHOU-HOU,9,91,303,no
1753409493796,1753409493,KXMLBGAME-25JUL24ATHHOU-ATH,94,6,296,no
1753409493796,1753409493,KXMLBGAME-25JUL24ATHHOU-ATH,94,6,7,no
1753409494234,1753409494,KXMLBGAME-25JUL24SEALAA-SEA,38,62,13,yes
1753409498056,1753409498,KXMLBGAME-25JUL24SDSTL-STL,87,13,17,no
1753409498355,1753409498,KXMLBGAME-25JUL24SDSTL-SD,13,87,20,no
1753409499014,1753409498,KXMLBGAME-25JUL24ATHHOU-HOU,9,91,341,no
1753409503039,1753409502,KXMLBGAME-25JUL24SDSTL-STL,88,12,3,yes
1753409505736,1753409505,KXMLBGAME-25JUL24SDSTL-SD,14,86,10,yes
1753409508173,1753409508,KXMLBGAME-25JUL24SEALAA-SEA,38,62,12,yes
1753409511236,1753409511,KXMLBGAME-25JUL24ATHHOU-ATH,92,8,600,yes
1753409511236,1753409511,KXMLBGAME-25JUL24ATHHOU-ATH,92,8,500,yes
1753409511236,1753409511,KXMLBGAME-25JUL24ATHHOU-ATH,93,7,1403,yes
1753409511337,1753409511,KXMLBGAME-25JUL24SEALAA-SEA,38,62,865,yes
1753409513433,1753409513,KXMLBGAME-25JUL24SDSTL-SD,14,86,336,yes
1753409515431,1753409515,KXMLBGAME-25JUL24ATHHOU-ATH,91,9,250,no
1753409516352,1753409516,KXMLBGAME-25JUL24ATHHOU-ATH,92,8,5,yes
1753409518393,1753409518,KXMLBGAME-25JUL24ATHHOU-ATH,91,9,120,no
1753409521536,1753409521,KXMLBGAME-25JUL24ATHHOU-ATH,91,9,60,no
1753409524442,1753409524,KXMLBGAME-25JUL24ATHHOU-ATH,91,9,30,no
1753409527472,1753409527,KXMLBGAME-25JUL24ATHHOU-ATH,91,9,30,no
1753409530213,1753409530,KXMLBGAME-25JUL24SDSTL-SD,14,86,35,yes
1753409530214,1753409530,KXMLBGAME-25JUL24SDSTL-SD,14,86,6,yes
1753409530616,1753409530,KXMLBGAME-25JUL24SEALAA-LAA,64,36,30,yes
1753409532226,1753409532,KXMLBGAME-25JUL24ATHHOU-ATH,92,8,10,yes
1753409538758,1753409538,KXMLBGAME-25JUL24SDSTL-SD,15,85,200,yes
1753409538758,1753409538,KXMLBGAME-25JUL24SDSTL-SD,16,84,113,yes
1753409539736,1753409539,KXMLBGAME-25JUL24ATHHOU-HOU,9,91,87,no
1753409539736,1753409539,KXMLBGAME-25JUL24ATHHOU-HOU,8,92,106,no
1753409554454,1753409554,KXMLBGAME-25JUL24SEALAA-SEA,38,62,100,yes
1753409554455,1753409554,KXMLBGAME-25JUL24SEALAA-SEA,37,63,250,no
1753409555576,1753409555,KXMLBGAME-25JUL24SDSTL-SD,13,87,23,no
1753409558175,1753409558,KXMLBGAME-25JUL24SEALAA-LAA,63,37,1,yes
1753409559913,1753409559,KXMLBGAME-25JUL24ATHHOU-HOU,9,91,50,yes
1753409559913,1753409559,KXMLBGAME-25JUL24ATHHOU-HOU,10,90,49,yes
1753409577076,1753409576,KXMLBGAME-25JUL24ATHHOU-HOU,10,90,423,yes
1753409582354,1753409582,KXMLBGAME-25JUL24SDSTL-STL,88,12,2,yes
1753409589898,1753409589,KXMLBGAME-25JUL24ATHHOU-ATH,92,8,5,yes
1753409592776,1753409592,KXMLBGAME-25JUL24SDSTL-STL,87,13,32,no
1753409594195,1753409594,KXMLBGAME-25JUL24ATHHOU-HOU,10,90,47,yes
1753409596774,1753409596,KXMLBGAME-25JUL24ATHHOU-HOU,10,90,18,yes
1753409600176,1753409600,KXMLBGAME-25JUL24ATHHOU-ATH,92,8,108,yes
1753409602255,1753409602,KXMLBGAME-25JUL24SDSTL-SD,14,86,10,yes
1753409604110,1753409603,KXMLBGAME-25JUL24ATHHOU-ATH,92,8,79,yes
1753409604110,1753409603,KXMLBGAME-25JUL24ATHHOU-ATH,92,8,11,yes
1753409604997,1753409604,KXMLBGAME-25JUL24SEALAA-LAA,64,36,87,yes
1753409604997,1753409604,KXMLBGAME-25JUL24SEALAA-LAA,64,36,65,yes
1753409606295,1753409606,KXMLBGAME-25JUL24SDSTL-SD,14,86,6,yes
1753409617687,1753409617,KXMLBGAME-25JUL24SEALAA-SEA,37,63,12,yes
1753409620896,1753409620,KXMLBGAME-25JUL24SEALAA-LAA,64,36,3,yes
1753409620896,1753409620,KXMLBGAME-25JUL24SEALAA-LAA,65,35,19,yes
1753409621356,1753409621,KXMLBGAME-25JUL24SDSTL-SD,14,86,19,yes
1753409621356,1753409621,KXMLBGAME-25JUL24SDSTL-SD,14,86,149,yes
1753409624488,1753409624,KXMLBGAME-25JUL24ATHHOU-ATH,92,8,138,yes
1753409628496,1753409628,KXMLBGAME-25JUL24SDSTL-SD,13,87,7,no
1753409628836,1753409628,KXMLBGAME-25JUL24ATHHOU-HOU,10,90,47,yes
1753409628917,1753409628,KXMLBGAME-25JUL24SDSTL-SD,12,88,38,no
1753409633895,1753409633,KXMLBGAME-25JUL24SEALAA-LAA,65,35,289,yes
1753409635056,1753409635,KXMLBGAME-25JUL24SDSTL-STL,88,12,16,yes
1753409639234,1753409639,KXMLBGAME-25JUL24SEALAA-LAA,67,33,87,yes
1753409639234,1753409639,KXMLBGAME-25JUL24SEALAA-LAA,67,33,270,yes
1753409640135,1753409640,KXMLBGAME-25JUL24ATHHOU-ATH,91,9,100,no
1753409653257,1753409653,KXMLBGAME-25JUL24ATHHOU-HOU,9,91,6,no
1753409665774,1753409665,KXMLBGAME-25JUL24SEALAA-LAA,67,33,300,yes
1753409665774,1753409665,KXMLBGAME-25JUL24SEALAA-LAA,68,32,1381,yes
1753409688060,1753409688,KXMLBGAME-25JUL24SDSTL-STL,90,10,11,yes
1753409689535,1753409689,KXMLBGAME-25JUL24ATHHOU-HOU,8,92,234,yes
1753409693456,1753409693,KXMLBGAME-25JUL24ATHHOU-HOU,7,93,87,no
1753409693457,1753409693,KXMLBGAME-25JUL24ATHHOU-ATH,93,7,87,yes
1753409695452,1753409695,KXMLBGAME-25JUL24SEALAA-LAA,67,33,30,yes
1753409696113,1753409695,KXMLBGAME-25JUL24ATHHOU-HOU,6,94,47,no
1753409696113,1753409695,KXMLBGAME-25JUL24ATHHOU-HOU,5,95,6,no
1753409696214,1753409696,KXMLBGAME-25JUL24ATHHOU-ATH,95,5,3,yes
1753409696214,1753409696,KXMLBGAME-25JUL24ATHHOU-ATH,95,5,40,yes
1753409696214,1753409696,KXMLBGAME-25JUL24ATHHOU-ATH,96,4,20,yes
1753409696214,1753409696,KXMLBGAME-25JUL24ATHHOU-ATH,96,4,4,yes
1753409696436,1753409696,KXMLBGAME-25JUL24ATHHOU-ATH,96,4,70,no
1753409701083,1753409700,KXMLBGAME-25JUL24ATHHOU-ATH,96,4,87,no
1753409701083,1753409700,KXMLBGAME-25JUL24ATHHOU-ATH,95,5,500,no
1753409701083,1753409700,KXMLBGAME-25JUL24ATHHOU-ATH,94,6,13,no
1753409704876,1753409704,KXMLBGAME-25JUL24ATHHOU-ATH,95,5,6,no
1753409712415,1753409712,KXMLBGAME-25JUL24ATHHOU-ATH,95,5,44,no
1753409713156,1753409713,KXMLBGAME-25JUL24ATHHOU-ATH,97,3,10,yes
1753409713156,1753409713,KXMLBGAME-25JUL24ATHHOU-ATH,97,3,60,yes
1753409713434,1753409713,KXMLBGAME-25JUL24ATHHOU-ATH,95,5,2,no
1753409713658,1753409713,KXMLBGAME-25JUL24SEALAA-SEA,35,65,87,yes
1753409713658,1753409713,KXMLBGAME-25JUL24SEALAA-SEA,35,65,413,yes
1753409715215,1753409715,KXMLBGAME-25JUL24SDSTL-STL,90,10,12,yes
1753409715215,1753409715,KXMLBGAME-25JUL24SDSTL-SD,10,90,225,yes
1753409715716,1753409715,KXMLBGAME-25JUL24SEALAA-SEA,35,65,1639,yes
1753409715816,1753409715,KXMLBGAME-25JUL24SEALAA-LAA,68,32,21,yes
1753409715956,1753409715,KXMLBGAME-25JUL24SDSTL-STL,90,10,935,yes
1753409720834,1753409720,KXMLBGAME-25JUL24ATHHOU-HOU,2,98,10,yes
1753409720834,1753409720,KXMLBGAME-25JUL24ATHHOU-HOU,3,97,146,yes
1753409723777,1753409723,KXMLBGAME-25JUL24SEALAA-SEA,35,65,87,no
1753409723777,1753409723,KXMLBGAME-25JUL24SEALAA-SEA,34,66,113,no
1753409724935,1753409724,KXMLBGAME-25JUL24SEALAA-LAA,66,34,34,yes
1753409726034,1753409725,KXMLBGAME-25JUL24SEALAA-LAA,64,36,300,no
1753409729449,1753409729,KXMLBGAME-25JUL24SDSTL-SD,10,90,10,yes
1753409731895,1753409731,KXMLBGAME-25JUL24SEALAA-SEA,37,63,13,yes
1753409735616,1753409735,KXMLBGAME-25JUL24SDSTL-STL,91,9,54,yes
1753409738957,1753409738,KXMLBGAME-25JUL24SDSTL-STL,91,9,74,yes
1753409741175,1753409741,KXMLBGAME-25JUL24SDSTL-SD,7,93,30,no
1753409741175,1753409741,KXMLBGAME-25JUL24SDSTL-SD,7,93,208,no
1753409742478,1753409742,KXMLBGAME-25JUL24SEALAA-SEA,36,64,38,no
1753409743077,1753409742,KXMLBGAME-25JUL24SDSTL-SD,7,93,204,no
1753409747595,1753409747,KXMLBGAME-25JUL24SDSTL-STL,91,9,130,yes
1753409748815,1753409748,KXMLBGAME-25JUL24SEALAA-LAA,64,36,609,yes
1753409753206,1753409753,KXMLBGAME-25JUL24SEALAA-SEA,37,63,8,yes
1753409754001,1753409753,KXMLBGAME-25JUL24SDSTL-SD,9,91,20,yes
1753409754591,1753409754,KXMLBGAME-25JUL24SEALAA-LAA,65,35,37,yes
1753409763817,1753409763,KXMLBGAME-25JUL24SEALAA-SEA,36,64,500,yes
1753409763817,1753409763,KXMLBGAME-25JUL24SEALAA-SEA,37,63,13,yes
1753409763817,1753409763,KXMLBGAME-25JUL24SEALAA-SEA,37,63,300,yes
1753409763817,1753409763,KXMLBGAME-25JUL24SEALAA-SEA,37,63,500,yes
1753409763817,1753409763,KXMLBGAME-25JUL24SEALAA-SEA,38,62,600,yes
1753409763817,1753409763,KXMLBGAME-25JUL24SEALAA-SEA,38,62,87,yes
1753409763817,1753409763,KXMLBGAME-25JUL24SEALAA-SEA,38,62,290,yes
1753409763817,1753409763,KXMLBGAME-25JUL24SEALAA-SEA,38,62,300,yes
1753409763817,1753409763,KXMLBGAME-25JUL24SEALAA-SEA,39,61,200,yes
1753409763817,1753409763,KXMLBGAME-25JUL24SEALAA-SEA,39,61,300,yes
1753409763817,1753409763,KXMLBGAME-25JUL24SEALAA-SEA,39,61,600,yes
1753409763817,1753409763,KXMLBGAME-25JUL24SEALAA-SEA,39,61,2000,yes
1753409763817,1753409763,KXMLBGAME-25JUL24SEALAA-SEA,39,61,448,yes
1753409764526,1753409764,KXMLBGAME-25JUL24SDSTL-SD,21,79,1,yes
1753409765676,1753409765,KXMLBGAME-25JUL24SDSTL-STL,93,7,2,yes
1753409768337,1753409768,KXMLBGAME-25JUL24SDSTL-SD,7,93,34,no
1753409768574,1753409768,KXMLBGAME-25JUL24SEALAA-SEA,38,62,41,yes
1753409771460,1753409771,KXMLBGAME-25JUL24SDSTL-STL,91,9,11,no
1753409772197,1753409772,KXMLBGAME-25JUL24ATHHOU-HOU,2,98,94,no
1753409772673,1753409772,KXMLBGAME-25JUL24SDSTL-SD,9,91,104,yes
1753409772814,1753409772,KXMLBGAME-25JUL24SDSTL-SD,9,91,20,yes
1753409772939,1753409772,KXMLBGAME-25JUL24SEALAA-SEA,38,62,63,yes
1753409776453,1753409776,KXMLBGAME-25JUL24ATHHOU-ATH,97,3,205,yes
1753409776517,1753409776,KXMLBGAME-25JUL24SEALAA-SEA,38,62,32,yes
1753409777782,1753409777,KXMLBGAME-25JUL24ATHHOU-ATH,97,3,2,yes
1753409777796,1753409777,KXMLBGAME-25JUL24SEALAA-SEA,37,63,184,yes
1753409778075,1753409778,KXMLBGAME-25JUL24SDSTL-STL,93,7,123,yes
1753409781366,1753409781,KXMLBGAME-25JUL24SDSTL-STL,93,7,275,yes
1753409783414,1753409783,KXMLBGAME-25JUL24SDSTL-SD,8,92,117,yes
1753409784558,1753409784,KXMLBGAME-25JUL24SDSTL-STL,93,7,61,no
1753409788097,1753409788,KXMLBGAME-25JUL24SDSTL-SD,8,92,29,yes
1753409790677,1753409790,KXMLBGAME-25JUL24SEALAA-SEA,37,63,25,yes
1753409791933,1753409791,KXMLBGAME-25JUL24SEALAA-LAA,64,36,3,yes
1753409792835,1753409792,KXMLBGAME-25JUL24SEALAA-SEA,37,63,181,yes
1753409794074,1753409794,KXMLBGAME-25JUL24SDSTL-SD,6,94,84,no
1753409794192,1753409794,KXMLBGAME-25JUL24SDSTL-SD,6,94,716,no
1753409794192,1753409794,KXMLBGAME-25JUL24SDSTL-SD,5,95,100,no
1753409794192,1753409794,KXMLBGAME-25JUL24SDSTL-SD,5,95,683,no
1753409796753,1753409796,KXMLBGAME-25JUL24SDSTL-STL,95,5,104,yes
1753409799825,1753409799,KXMLBGAME-25JUL24SDSTL-SD,5,95,59,no
1753409804304,1753409804,KXMLBGAME-25JUL24ATHHOU-ATH,97,3,393,yes
1753409804304,1753409804,KXMLBGAME-25JUL24ATHHOU-ATH,97,3,48,yes
1753409806195,1753409806,KXMLBGAME-25JUL24SDSTL-SD,5,95,1524,no
1753409806195,1753409806,KXMLBGAME-25JUL24SDSTL-SD,7,93,6,yes
1753409807273,1753409807,KXMLBGAME-25JUL24SDSTL-STL,94,6,55,yes
1753409807273,1753409807,KXMLBGAME-25JUL24SDSTL-STL,94,6,50,yes
1753409807579,1753409807,KXMLBGAME-25JUL24SDSTL-SD,7,93,12,yes
1753409807579,1753409807,KXMLBGAME-25JUL24SDSTL-SD,7,93,5,yes
1753409807579,1753409807,KXMLBGAME-25JUL24SDSTL-SD,8,92,154,yes
1753409807579,1753409807,KXMLBGAME-25JUL24SDSTL-SD,8,92,136,yes
1753409808852,1753409808,KXMLBGAME-25JUL24SEALAA-SEA,37,63,119,yes
1753409808852,1753409808,KXMLBGAME-25JUL24SEALAA-SEA,38,62,87,yes
1753409808852,1753409808,KXMLBGAME-25JUL24SEALAA-SEA,38,62,245,yes
1753409809153,1753409809,KXMLBGAME-25JUL24SDSTL-SD,5,95,3,no
1753409809433,1753409809,KXMLBGAME-25JUL24SDSTL-SD,5,95,504,no
1753409809596,1753409809,KXMLBGAME-25JUL24SDSTL-STL,94,6,5,yes
1753409810315,1753409810,KXMLBGAME-25JUL24ATHHOU-ATH,97,3,1,yes
1753409810356,1753409810,KXMLBGAME-25JUL24SDSTL-STL,94,6,1,yes
1753409810558,1753409810,KXMLBGAME-25JUL24ATHHOU-ATH,97,3,65,yes
1753409810558,1753409810,KXMLBGAME-25JUL24ATHHOU-ATH,97,3,192,yes
1753409815364,1753409815,KXMLBGAME-25JUL24ATHHOU-HOU,4,96,200,yes
1753409815364,1753409815,KXMLBGAME-25JUL24ATHHOU-HOU,5,95,8,yes
1753409819679,1753409819,KXMLBGAME-25JUL24SEALAA-SEA,37,63,300,yes
1753409819679,1753409819,KXMLBGAME-25JUL24SEALAA-SEA,38,62,212,yes
1753409825335,1753409825,KXMLBGAME-25JUL24SDSTL-SD,5,95,38,no
1753409832976,1753409832,KXMLBGAME-25JUL24SEALAA-SEA,38,62,6,yes
1753409832976,1753409832,KXMLBGAME-25JUL24SEALAA-SEA,38,62,400,yes
1753409833033,1753409832,KXMLBGAME-25JUL24SEALAA-SEA,38,62,200,yes
1753409833938,1753409833,KXMLBGAME-25JUL24SDSTL-SD,10,90,14,yes
1753409833938,1753409833,KXMLBGAME-25JUL24SDSTL-SD,16,84,21,yes
1753409835615,1753409835,KXMLBGAME-25JUL24SDSTL-SD,3,97,63,no
1753409835674,1753409835,KXMLBGAME-25JUL24SDSTL-STL,96,4,1,yes
1753409835921,1753409835,KXMLBGAME-25JUL24SDSTL-SD,3,97,10,no
1753409836856,1753409836,KXMLBGAME-25JUL24SDSTL-SD,3,97,527,no
1753409836856,1753409836,KXMLBGAME-25JUL24SDSTL-SD,3,97,298,no
1753409838954,1753409838,KXMLBGAME-25JUL24ATHHOU-ATH,97,3,3,yes
1753409839475,1753409839,KXMLBGAME-25JUL24SEALAA-SEA,38,62,32,yes
1753409840758,1753409840,KXMLBGAME-25JUL24SDSTL-SD,8,92,23,yes
1753409845836,1753409845,KXMLBGAME-25JUL24SDSTL-SD,7,93,13,yes
1753409845836,1753409845,KXMLBGAME-25JUL24SDSTL-SD,8,92,49,yes
1753409848177,1753409848,KXMLBGAME-25JUL24SDSTL-SD,5,95,12,no
1753409848678,1753409848,KXMLBGAME-25JUL24SDSTL-STL,93,7,379,no
1753409849154,1753409849,KXMLBGAME-25JUL24SDSTL-SD,7,93,9,yes
1753409849154,1753409849,KXMLBGAME-25JUL24SDSTL-SD,8,92,50,yes
1753409849872,1753409849,KXMLBGAME-25JUL24SDSTL-SD,5,95,288,no
1753409849872,1753409849,KXMLBGAME-25JUL24SDSTL-SD,5,95,50,no
1753409850896,1753409850,KXMLBGAME-25JUL24SEALAA-LAA,64,36,152,yes
1753409851239,1753409851,KXMLBGAME-25JUL24SDSTL-SD,7,93,7,yes
1753409851239,1753409851,KXMLBGAME-25JUL24SDSTL-SD,8,92,178,yes
1753409851239,1753409851,KXMLBGAME-25JUL24SDSTL-SD,8,92,226,yes
1753409851356,1753409851,KXMLBGAME-25JUL24SDSTL-STL,94,6,11,yes
1753409857347,1753409857,KXMLBGAME-25JUL24SDSTL-SD,7,93,5,yes
1753409857347,1753409857,KXMLBGAME-25JUL24SDSTL-SD,8,92,112,yes
1753409859757,1753409859,KXMLBGAME-25JUL24SDSTL-SD,7,93,4,yes
1753409859837,1753409859,KXMLBGAME-25JUL24SEALAA-SEA,38,62,447,yes
1753409862632,1753409862,KXMLBGAME-25JUL24SEALAA-SEA,38,62,7,yes
1753409864303,1753409864,KXMLBGAME-25JUL24SEALAA-SEA,38,62,50,yes
1753409864501,1753409864,KXMLBGAME-25JUL24SEALAA-LAA,64,36,445,yes
1753409864501,1753409864,KXMLBGAME-25JUL24SEALAA-LAA,64,36,164,yes
1753409865478,1753409865,KXMLBGAME-25JUL24ATHHOU-ATH,97,3,100,yes
1753409869983,1753409869,KXMLBGAME-25JUL24SDSTL-SD,7,93,3,yes
1753409869983,1753409869,KXMLBGAME-25JUL24SDSTL-SD,8,92,188,yes
1753409869983,1753409869,KXMLBGAME-25JUL24SDSTL-SD,9,91,35,yes
1753409879536,1753409879,KXMLBGAME-25JUL24SDSTL-SD,7,93,2,yes
1753409879536,1753409879,KXMLBGAME-25JUL24SDSTL-SD,8,92,300,yes
1753409879536,1753409879,KXMLBGAME-25JUL24SDSTL-SD,8,92,97,yes
1753409881536,1753409881,KXMLBGAME-25JUL24SDSTL-STL,94,6,1,yes
1753409881758,1753409881,KXMLBGAME-25JUL24SDSTL-STL,94,6,42,yes
1753409883431,1753409883,KXMLBGAME-25JUL24SDSTL-SD,5,95,815,no
1753409884814,1753409884,KXMLBGAME-25JUL24SEALAA-SEA,36,64,100,no
1753409885575,1753409885,KXMLBGAME-25JUL24SDSTL-SD,7,93,2,yes
1753409885575,1753409885,KXMLBGAME-25JUL24SDSTL-SD,8,92,53,yes
1753409885575,1753409885,KXMLBGAME-25JUL24SDSTL-SD,8,92,19,yes
1753409886016,1753409885,KXMLBGAME-25JUL24SEALAA-LAA,65,35,41,yes
1753409886016,1753409885,KXMLBGAME-25JUL24SEALAA-LAA,65,35,36,yes
1753409890953,1753409890,KXMLBGAME-25JUL24ATHHOU-ATH,97,3,1,yes
1753409894035,1753409893,KXMLBGAME-25JUL24ATHHOU-ATH,97,3,4,yes
1753409895235,1753409895,KXMLBGAME-25JUL24SEALAA-LAA,67,33,25,yes
1753409897258,1753409897,KXMLBGAME-25JUL24ATHHOU-ATH,97,3,21,no
1753409900134,1753409900,KXMLBGAME-25JUL24SEALAA-SEA,35,65,134,yes
1753409900155,1753409900,KXMLBGAME-25JUL24SEALAA-LAA,68,32,300,yes
1753409900155,1753409900,KXMLBGAME-25JUL24SEALAA-LAA,68,32,130,yes
1753409903065,1753409903,KXMLBGAME-25JUL24SEALAA-LAA,64,36,81,no
1753409903065,1753409903,KXMLBGAME-25JUL24SEALAA-LAA,64,36,221,no
1753409904354,1753409904,KXMLBGAME-25JUL24ATHHOU-ATH,97,3,75,no
1753409904354,1753409904,KXMLBGAME-25JUL24ATHHOU-ATH,96,4,33,no
1753409906114,1753409906,KXMLBGAME-25JUL24SDSTL-STL,94,6,317,yes
1753409906594,1753409906,KXMLBGAME-25JUL24SEALAA-SEA,35,65,21,yes
1753409907831,1753409907,KXMLBGAME-25JUL24SEALAA-SEA,35,65,272,yes
1753409912698,1753409912,KXMLBGAME-25JUL24SDSTL-STL,94,6,4,yes
1753409914655,1753409914,KXMLBGAME-25JUL24SEALAA-SEA,35,65,14,yes
1753409917818,1753409917,KXMLBGAME-25JUL24SEALAA-LAA,69,31,1,yes
1753409919258,1753409919,KXMLBGAME-25JUL24SDSTL-SD,7,93,1,yes
1753409919258,1753409919,KXMLBGAME-25JUL24SDSTL-SD,8,92,22,yes
1753409921418,1753409921,KXMLBGAME-25JUL24SEALAA-SEA,32,68,50,no
1753409926393,1753409926,KXMLBGAME-25JUL24SDSTL-SD,6,94,40,no
1753409926495,1753409926,KXMLBGAME-25JUL24SEALAA-SEA,34,66,130,yes
1753409926496,1753409926,KXMLBGAME-25JUL24SEALAA-SEA,34,66,300,yes
1753409926496,1753409926,KXMLBGAME-25JUL24SEALAA-SEA,36,64,60,yes
1753409926496,1753409926,KXMLBGAME-25JUL24SEALAA-SEA,36,64,200,yes
1753409926496,1753409926,KXMLBGAME-25JUL24SEALAA-SEA,36,64,200,yes
1753409926496,1753409926,KXMLBGAME-25JUL24ATHHOU-ATH,96,4,67,no
1753409926496,1753409926,KXMLBGAME-25JUL24ATHHOU-ATH,96,4,87,no
1753409926496,1753409926,KXMLBGAME-25JUL24ATHHOU-ATH,96,4,8,no
1753409926496,1753409926,KXMLBGAME-25JUL24ATHHOU-ATH,95,5,500,no
1753409926496,1753409926,KXMLBGAME-25JUL24ATHHOU-ATH,94,6,462,no
1753409929455,1753409929,KXMLBGAME-25JUL24SDSTL-SD,6,94,20,no
1753409933535,1753409933,KXMLBGAME-25JUL24SDSTL-STL,94,6,231,yes
1753409933536,1753409933,KXMLBGAME-25JUL24SDSTL-STL,94,6,54,yes
1753409938453,1753409938,KXMLBGAME-25JUL24SDSTL-SD,6,94,240,no
1753409938453,1753409938,KXMLBGAME-25JUL24SDSTL-SD,5,95,202,no
1753409938735,1753409938,KXMLBGAME-25JUL24ATHHOU-ATH,97,3,8,yes
1753409938735,1753409938,KXMLBGAME-25JUL24ATHHOU-ATH,98,2,369,yes
1753409938735,1753409938,KXMLBGAME-25JUL24ATHHOU-ATH,98,2,16,yes
1753409938735,1753409938,KXMLBGAME-25JUL24ATHHOU-ATH,99,1,115,yes
1753409943354,1753409943,KXMLBGAME-25JUL24SDSTL-SD,7,93,1,yes
1753409943355,1753409943,KXMLBGAME-25JUL24SDSTL-SD,8,92,116,yes
1753409944017,1753409943,KXMLBGAME-25JUL24SEALAA-SEA,36,64,1,yes
1753409944017,1753409943,KXMLBGAME-25JUL24SEALAA-SEA,36,64,6,yes
1753409945276,1753409945,KXMLBGAME-25JUL24SEALAA-SEA,36,64,39,yes
1753409945276,1753409945,KXMLBGAME-25JUL24SEALAA-SEA,36,64,5,yes
1753409945276,1753409945,KXMLBGAME-25JUL24SEALAA-SEA,37,63,21,yes
1753409946847,1753409946,KXMLBGAME-25JUL24SEALAA-SEA,35,65,10,yes
1753409949376,1753409949,KXMLBGAME-25JUL24ATHHOU-ATH,99,1,13,yes
1753409949693,1753409949,KXMLBGAME-25JUL24SEALAA-LAA,66,34,7,yes
1753409954421,1753409954,KXMLBGAME-25JUL24ATHHOU-ATH,99,1,1,yes
1753409956756,1753409956,KXMLBGAME-25JUL24SEALAA-SEA,34,66,66,yes
1753409960476,1753409960,KXMLBGAME-25JUL24ATHHOU-ATH,97,3,57,no
1753409964458,1753409964,KXMLBGAME-25JUL24SDSTL-STL,94,6,65,yes
1753409968537,1753409968,KXMLBGAME-25JUL24SEALAA-SEA,34,66,534,yes
1753409968537,1753409968,KXMLBGAME-25JUL24SEALAA-SEA,35,65,4990,yes
1753409968537,1753409968,KXMLBGAME-25JUL24SEALAA-SEA,35,65,750,yes
1753409968537,1753409968,KXMLBGAME-25JUL24SEALAA-SEA,35,65,10,yes
1753409968537,1753409968,KXMLBGAME-25JUL24SEALAA-SEA,36,64,300,yes
1753409968537,1753409968,KXMLBGAME-25JUL24SEALAA-SEA,36,64,300,yes
1753409968537,1753409968,KXMLBGAME-25JUL24SEALAA-SEA,36,64,200,yes
1753409968537,1753409968,KXMLBGAME-25JUL24SEALAA-SEA,37,63,33,yes
1753409968537,1753409968,KXMLBGAME-25JUL24SEALAA-SEA,37,63,200,yes
1753409968537,1753409968,KXMLBGAME-25JUL24SEALAA-SEA,37,63,300,yes
1753409968537,1753409968,KXMLBGAME-25JUL24SEALAA-SEA,37,63,515,yes
1753409969493,1753409969,KXMLBGAME-25JUL24ATHHOU-ATH,99,1,2,yes
1753409972875,1753409972,KXMLBGAME-25JUL24ATHHOU-ATH,99,1,252,yes
1753409973367,1753409973,KXMLBGAME-25JUL24ATHHOU-HOU,3,97,4,yes
1753409973367,1753409973,KXMLBGAME-25JUL24ATHHOU-HOU,3,97,300,yes
1753409973367,1753409973,KXMLBGAME-25JUL24ATHHOU-HOU,15,85,1,yes
1753409978890,1753409978,KXMLBGAME-25JUL24ATHHOU-HOU,15,85,138,yes
1753409979334,1753409979,KXMLBGAME-25JUL24SDSTL-SD,7,93,1,yes
1753409979334,1753409979,KXMLBGAME-25JUL24SDSTL-SD,8,92,10,yes
1753409980159,1753409980,KXMLBGAME-25JUL24ATHHOU-ATH,99,1,1,yes
1753409982482,1753409982,KXMLBGAME-25JUL24SDSTL-SD,7,93,1,yes
1753409982482,1753409982,KXMLBGAME-25JUL24SDSTL-SD,8,92,116,yes
1753409986209,1753409986,KXMLBGAME-25JUL24SDSTL-SD,8,92,11,yes
1753409986435,1753409986,KXMLBGAME-25JUL24ATHHOU-ATH,99,1,44,yes
1753409988537,1753409988,KXMLBGAME-25JUL24SDSTL-STL,94,6,207,yes
1753409990416,1753409990,KXMLBGAME-25JUL24SEALAA-SEA,35,65,25,yes
1753409990417,1753409990,KXMLBGAME-25JUL24SEALAA-SEA,35,65,300,yes
1753409990417,1753409990,KXMLBGAME-25JUL24SEALAA-SEA,36,64,103,yes
1753409993058,1753409993,KXMLBGAME-25JUL24SDSTL-SD,8,92,1,yes
1753409993438,1753409993,KXMLBGAME-25JUL24SDSTL-STL,95,5,36,yes
1753410002316,1753410002,KXMLBGAME-25JUL24SEALAA-SEA,34,66,59,yes
1753410004292,1753410004,KXMLBGAME-25JUL24SEALAA-LAA,67,33,30,yes
1753410007185,1753410007,KXMLBGAME-25JUL24ATHHOU-ATH,99,1,5,yes
1753410012793,1753410012,KXMLBGAME-25JUL24SEALAA-SEA,32,68,25,no
1753410012954,1753410012,KXMLBGAME-25JUL24SEALAA-LAA,67,33,51,yes
1753410013498,1753410013,KXMLBGAME-25JUL24SDSTL-STL,94,6,19,yes
1753410013775,1753410013,KXMLBGAME-25JUL24SEALAA-SEA,34,66,84,yes
1753410014999,1753410014,KXMLBGAME-25JUL24SDSTL-STL,94,6,281,yes
1753410015967,1753410015,KXMLBGAME-25JUL24SDSTL-STL,95,5,10,yes
1753410021395,1753410021,KXMLBGAME-25JUL24SEALAA-SEA,34,66,140,yes
1753410024137,1753410024,KXMLBGAME-25JUL24ATHHOU-HOU,3,97,68,yes
1753410024137,1753410024,KXMLBGAME-25JUL24ATHHOU-HOU,4,96,66,yes
1753410025236,1753410025,KXMLBGAME-25JUL24SEALAA-LAA,67,33,145,yes
1753410029989,1753410029,KXMLBGAME-25JUL24SDSTL-SD,6,94,300,no
1753410031258,1753410031,KXMLBGAME-25JUL24SDSTL-SD,8,92,2,yes
1753410033374,1753410033,KXMLBGAME-25JUL24SEALAA-SEA,34,66,56,yes
1753410034076,1753410034,KXMLBGAME-25JUL24ATHHOU-ATH,96,4,10,no
1753410034076,1753410034,KXMLBGAME-25JUL24ATHHOU-ATH,96,4,70,no
1753410042376,1753410042,KXMLBGAME-25JUL24SDSTL-SD,8,92,58,yes
1753410044018,1753410043,KXMLBGAME-25JUL24SDSTL-SD,8,92,117,yes
1753410045355,1753410045,KXMLBGAME-25JUL24SEALAA-SEA,34,66,182,yes
1753410047036,1753410046,KXMLBGAME-25JUL24SDSTL-SD,8,92,58,yes
1753410048715,1753410048,KXMLBGAME-25JUL24SDSTL-SD,8,92,58,yes
1753410051397,1753410051,KXMLBGAME-25JUL24SDSTL-SD,7,93,117,yes
1753410052011,1753410051,KXMLBGAME-25JUL24SEALAA-SEA,34,66,232,yes
1753410059384,1753410059,KXMLBGAME-25JUL24ATHHOU-HOU,2,98,4,no
1753410060538,1753410060,KXMLBGAME-25JUL24SEALAA-SEA,34,66,28,yes
1753410061406,1753410061,KXMLBGAME-25JUL24SDSTL-SD,7,93,78,yes
1753410061406,1753410061,KXMLBGAME-25JUL24SDSTL-SD,13,87,30,yes
1753410063455,1753410063,KXMLBGAME-25JUL24SDSTL-STL,95,5,3,yes
1753410064700,1753410064,KXMLBGAME-25JUL24ATHHOU-ATH,98,2,16,yes
1753410065495,1753410065,KXMLBGAME-25JUL24SEALAA-SEA,32,68,1639,no
